:020000040800F2
:10000000000001208D420108053000080930000879
:100010001D3000081F3000082130000800000000DB
:100020000000000000000000000000002330000875
:1000300025300008000000002730000829300008A3
:10004000DD420108DD420108DD420108DD42010810
:10005000DD420108DD420108453000084F3000084C
:10006000DD420108DD42010859300008DD42010887
:10007000DD420108DD420108DD420108DD420108E0
:10008000DD420108DD420108DD42010800000000F8
:1000900000000000000000000000000063300008C5
:1000A000DD4201081D260108EDEF0008DD420108D0
:1000B000DD420108DD420108DD420108DD420108A0
:1000C000DD420108DD420108DD420108DD42010890
:1000D000DD420108DD420108DD42010800000000A8
:1000E000DD420108DD420108DD4201080000000098
:1000F000000000000000000000000000DD420108D8
:1001000000000000DD420108DD420108DD42010877
:1001100000000000000000000000000000000000DF
:1001200031300008DD420108DD420108DD420108EE
:10013000DD42010800000000000000000000000097
:100140000000000000000000000000007530000802
:10015000DD420108DD420108DD420108DD420108FF
:10016000DD420108DD42010800000000000000003F
:10017000000000000000000000000000000000007F
:1001800000000000DD420108000000000000000047
:04019000DD42010843
:1001C0000348044B834202D0034B03B118477047E6
:1001D0008801002088010020000000000548064B2F
:1001E0001B1AD90F01EBA301491002D0034B03B135
:1001F0001847704788010020880100200000000097
:1002000010B5064C237843B9FFF7DAFF044B13B15E
:100210000448AFF300800123237010BD8801002043
:1002200000000000E042010808B5044B1BB104497E
:100230000448AFF30080BDE80840CFE700000000AD
:100240008C010020E04201080CB410B59CB01EAB3C
:10025000029106916FF0004104910791084953F80B
:10026000042B0591002402A901931B9400F08EF940
:10027000029B1C701CB0BDE8104002B0704700BF6C
:100280000802FFFF0EB430B59CB06FF000411FAB09
:10029000049107910A4953F8042B02900024069018
:1002A000084D0868019302A905951B9400F06EF9AA
:1002B000029B1C701CB0BDE8304003B0704700BF0B
:1002C000000000200802FFFF830710B5044610D18C
:1002D0000268A2F1013323EA020313F0803F08D140
:1002E00050F8042FA2F1013323EA020313F0803FF8
:1002F000F6D003781BB110F8013F002BFBD100F0C2
:1003000003F8204610BD00BF80EA0102844612F0C7
:10031000030F4FD111F0030F32D14DF8044D11F0FE
:10032000040F51F8043B0BD0A3F101329A4312F0B1
:10033000803F04BF4CF8043B51F8043B16D100BF8A
:1003400051F8044BA3F101329A4312F0803FA4F11B
:1003500001320BD14CF8043BA24312F0803F04BFA2
:1003600051F8043B4CF8044BEAD023460CF8013B0F
:1003700013F0FF0F4FEA3323F8D15DF8044B7047B9
:1003800011F0010F06D011F8012B0CF8012B002AF7
:1003900008BF704711F0020FBFD031F8022B12F0E6
:1003A000FF0F16BF2CF8022B8CF8002012F47F4FA1
:1003B000B3D1704711F8012B0CF8012B002AF9D1A9
:1003C000704700BF2DE9F0478F681D46AF420B68AC
:1003D0000C46164636D8B1F90CC01CF4906F0ED1FD
:1003E0003D46184631462A4600F0F0FBA368DF1B65
:1003F0002368A7602B4400202360BDE8F0874A698A
:10040000096902EB42025F1A02EBD2726B1C5210B6
:100410003B44934292BF914699461A461CF4806F22
:10042000804611D0114600F0F3FA824600B32169EC
:100430003A4600F09DFCA38923F4906343F08003C7
:10044000A38105E02F46CCE700F03CFD824658B181
:100450000AEB0703A9EB0707A760C4F810A0C4F8CC
:10046000149023602F46BCE72169404600F050FB02
:10047000A3890C2243F04003C8F800204FF0FF305E
:10048000A381BAE72DE9F04F9368176883B09246CD
:10049000002B74D04FF0000B8B680A6881460C4625
:1004A0005D4645E0B4F90C3013F4906F2CD0D4E9DC
:1004B0000401161A01EB410202EBD272711C5210B8
:1004C0002944914292BF904688460A465B0539D539
:1004D0001146484600F09CFA019000283DD0324673
:1004E000216900F045FCA289019B22F4906242F050
:1004F0008002A2819819A8EB0606A660C4F81480B1
:1005000023612060A8462E463246594600F05EFB25
:10051000DAF80810A3682268A3EB08033244491BE9
:10052000A3602260CAF8081049B3D7E900B50837BC
:1005300098461046002DF8D09D421E46B2D2A846DD
:100540002E46E1E70146484600F0BCFC0346002881
:10055000D0D12169484600F0DBFAA3890C2243F090
:100560004003C9F800204FF0FF30A3810022002390
:10057000CAF80820CAF8043003B0BDE8F08F0020A4
:100580000023CAF8043003B0BDE8F08F2DE9F04F26
:100590001C468B891D069DB088468146934603D52F
:1005A0000B69002B00F0F1800023099343F2200334
:1005B000ADF829309BF800307D4D03940126002BC7
:1005C00073D0DA4603E01AF8013F002B75D0252BD3
:1005D000F9D1BAEB0B0473D19AF80020002A64D049
:1005E00000234FF0FF32CDE905230AF1010A0493FD
:1005F00007938DF853301A9305E0049A06FA03F333
:100600001A430492A2465446052214F8011B2846B8
:1006100000F05EFBA346431B0028EED1049BD806E6
:1006200044BF20228DF8532019079AF8001044BFC8
:100630002B228DF853202A2950D1039A11680432B5
:10064000002903927CDB07919AF801102E295BD0D8
:10065000584C0322204600F03BFB38B1049B001BA2
:100660004022824013430BF1010B04931BF8011B42
:1006700051488DF82810062200F02AFB002865D08A
:100680004E4B002B55D003AA00924D4B424604A975
:100690004846AFF3008007467A1C06D0099B3B44CE
:1006A00009939BF80030002B8BD1B8F80C305B0617
:1006B0007AD409981DB0BDE8F08FBAEB0B04F4D0E2
:1006C00023465A4641464846FFF77CFE0130ECD0AF
:1006D000099B9AF80020234409937FE7A1F1300297
:1006E000092A88BFD346B1D8079B00E0013421789E
:1006F00003EB830302EB4303A1F13002092AF5D98E
:100700002E290793A346A3D19BF801102A2927D1AC
:10071000039B9BF802101A6805920433002A0BF120
:1007200002000393B8BF4FF0FF338346B8BF059371
:100730008EE7039B073323F0070308330393ADE7EA
:10074000494243F00203079104937DE703AA009214
:100750001B4B424604A9484600F078FC07469BE73D
:10076000A1F130020023092A05930BF1010B3FF69A
:100770006FAF1BF8011F03EB830302EB4303A1F1EF
:100780003002092AF5D9059362E7402100F040F9CB
:10079000C8F80000C8F8100018B14023C8F8143099
:1007A00002E70C23C9F800304FF0FF3082E700BFAA
:1007B000A44B0108AC4B0108B04B0108000000003D
:1007C000C503000870B50F4B0F4DAB42A3EB0506F8
:1007D00007D0B610002455F8043B01349847A642D0
:1007E000F9D813F07DFD094D094B5E1BAB424FEA72
:1007F000A60606D0002455F8043B01349847A642CB
:10080000F9D870BDA4750108A4750108A475010884
:10081000A8750108000000000000000000000000B2
:1008200000000000000000000000000000000000C8
:1008300000000000000000000000000000000000B8
:1008400030B490F800F020F007016FF0000C10F0C9
:10085000070491F820F040F048804FF000046FF05A
:100860000700D1E9002391F840F000F1080082FA76
:100870004CF2A4FA8CF283FA4CF3A2FA8CF34BBB41
:10088000D1E9022382FA4CF200F10800A4FA8CF2BA
:1008900083FA4CF3A2FA8CF3E3B9D1E9042382FA88
:1008A0004CF200F10800A4FA8CF283FA4CF3A2FA9D
:1008B0008CF37BB9D1E9062301F1200182FA4CF2D5
:1008C00000F10800A4FA8CF283FA4CF3A2FA8CF33C
:1008D000002BC6D0002A04BF04301A4612BAB2FA5E
:1008E00082F200EBD20030BC7047D1E9002304F063
:1008F0000305C4F100004FEAC50514F0040F91F898
:1009000040F00CFA05F562EA05021CBF63EA050334
:1009100062464FF00004AAE7830730B547D0541E63
:10092000002A3ED0CAB2034601E0013C39D303F8A5
:10093000012B9D07F9D1032C2CD9CDB205EB052550
:100940000F2C05EB054535D9A4F1100222F00F0C50
:1009500003F1100EE6444FEA121C1A46C2E9005594
:10096000C2E9025510327245F8D10CF1010214F0BF
:100970000C0F03EB021204F00F0C13D0ACF10403C4
:1009800023F003030433134442F8045B9342FBD186
:100990000CF003042CB1C9B21C4403F8011BA342A0
:1009A000FBD130BD64461346002CF4D1F9E7034671
:1009B0001446C0E71A46A446E0E700BF014B18689A
:1009C000704700BF0000002070B5104E3368054628
:1009D0000C46B3B12146284601F07AF8431C0CD0EE
:1009E000C41C24F00304A04205D0211A284601F0BB
:1009F0006FF8013001D0204670BD4FF0FF34204623
:100A000070BD194601F064F83060E3E7A4010020EE
:100A10002DE9F843CD1C25F0030508350C2D38BF12
:100A20000C25002D064618DBA94216D8DFF8DC801D
:100A300000F04EFCD8F80420A2B1144603E063682D
:100A400022467BB11C4623685B1BF8D40B2B1FD8B6
:100A50009442636854D053600CE00C233360002050
:100A6000BDE8F88329463046FFF7AEFF431C044635
:100A700019D00560304600F02DFC04F10B00231D59
:100A800020F00700C21A1CBF1B1AA350BDE8F88350
:100A900061199442256014BF5160C8F80410635175
:100AA00063684B60E6E7D8F804701FB33C467F6884
:100AB000002FFBD123683946304604EB030901F0CF
:100AC00007F8814516D12368ED1A29463046FFF70D
:100AD0007BFF01300ED02368D8F804202B4423601C
:100AE000536883B1A34203D01A465B689C42FBD192
:100AF0000023B0E70C233360304600F0EBFBAEE799
:100B0000C8F80430B6E7C8F80470B3E7A4010020C1
:100B1000002950D038B551F8043C0C1F002BB8BF49
:100B2000E418054600F0D4FB274A13682BB1A34212
:100B30000CD92168601883422CD063602846146069
:100B4000BDE8384000F0C6BBA3420FD81A465B6828
:100B5000002BF9D111685018844217D02CD3636050
:100B600054602846BDE8384000F0B4BB1168501806
:100B7000A04214D020D8216860188342EFD11868B1
:100B80005B680844C4E900035460EAE723680B4447
:100B90001360E6E718685B6808442060CDE72068CA
:100BA0000144501883421160DBD1D3E900040144B1
:100BB000C2E90014D5E770470C232B602846BDE836
:100BC000384000F087BB00BFA801002088420ED942
:100BD0008B1883420BD900EB020C002A6ED06246C0
:100BE00013F801CD02F801CD9942F9D170470F2ACF
:100BF0000FD8034602F1FF3C002A5FD00CF1010C34
:100C0000013B8C4411F8012B03F8012F6145F9D108
:100C1000704740EA01039B0751D1A2F1100370B560
:100C200001F1200C23F00F0501F1100E00F110046A
:100C3000AC441B095EF8105C44F8105C5EF80C5C78
:100C400044F80C5C5EF8085C44F8085C5EF8045CF0
:100C500044F8045C0EF1100EE64504F11004E9D1ED
:100C6000013312F00C0F01EB031102F00F0400EB43
:100C7000031328D0043C24F003064FEA940C1E44CE
:100C80001C1F8E465EF8045B44F8045FB442F9D141
:100C90000CF1010402F0030203EB840301EB840175
:100CA00002F1FF3C4AB10CF1010C013B8C4411F8FC
:100CB000012B03F8012F6145F9D170BD704702F196
:100CC000FF3C03469AE72246EAE700BF0000000027
:100CD00001F0FF01102A2BDB10F0070F08D010F8ED
:100CE000013B013A8B422DD010F0070F42B3F6D1F1
:100CF000F0B441EA012141EA014122F007047FF00A
:100D000000070023F0E80256083C85EA010586EA60
:100D1000010685FA47F5A3FA87F586FA47F6A5FA9C
:100D200087F68EB9EED1F0BC01F0FF0102F00702A8
:100D300032B110F8013B013A83EA010313B1F8D153
:100D40000020704701387047002D06BF3546033834
:100D5000073815F0010F07D1013015F4807F02BF6D
:100D6000013015F4C03F0130F0BC0138704700BFBE
:100D7000844641EA000313F003036DD1403A41D3A6
:100D800051F8043B40F8043B51F8043B40F8043B65
:100D900051F8043B40F8043B51F8043B40F8043B55
:100DA00051F8043B40F8043B51F8043B40F8043B45
:100DB00051F8043B40F8043B51F8043B40F8043B35
:100DC00051F8043B40F8043B51F8043B40F8043B25
:100DD00051F8043B40F8043B51F8043B40F8043B15
:100DE00051F8043B40F8043B51F8043B40F8043B05
:100DF00051F8043B40F8043B51F8043B40F8043BF5
:100E0000403ABDD2303211D351F8043B40F8043B94
:100E100051F8043B40F8043B51F8043B40F8043BD4
:100E200051F8043B40F8043B103AEDD20C3205D3A4
:100E300051F8043B40F8043B043AF9D2043208D09C
:100E4000D2071CBF11F8013B00F8013B01D30B880E
:100E500003806046704700BF082A13D38B078DD0EC
:100E600010F003038AD0C3F10403D21ADB071CBFBE
:100E700011F8013B00F8013B80D331F8023B20F828
:100E8000023B7BE7043AD9D3013A11F8013B00F861
:100E9000013BF9D20B7803704B7843708B788370E9
:100EA00060467047024B01461868FFF7B1BD00BFAE
:100EB00000000020024B01461868FFF729BE00BF62
:100EC000000000202DE9F041144641B30AB3064664
:100ED0000D4600F00FFE8442074602D8B4EB500FD7
:100EE00013D821463046FFF793FD804650B1BC42EF
:100EF0002246294628BF3A46FFF73AFF29463046A0
:100F0000FFF706FE4046BDE8F081A8464046BDE832
:100F1000F081A046FFF7FCFD4046BDE8F081BDE84A
:100F2000F0411146FFF774BD2DE9F84F92461F4678
:100F30000A698B68DDF828909A42B8BF1A46CAF849
:100F4000002091F843300C46064613B10132CAF82E
:100F50000020226891065FD5DAF800300233CAF823
:100F60000030226812F0060F11461DD1E168994247
:100F7000D8BF114618DD4FF0000804F1190B05E049
:100F8000E568DAF80030ED1A45450CDD01235A46D4
:100F900039463046C847013008F10108F0D14FF01A
:100FA000FF30BDE8F88F216894F84330003B18BF4C
:100FB00001238A060AD5E1185A1C302081F8430023
:100FC000224494F8451082F84310023304F143029E
:100FD00039463046C8470130E1D02368DAF800507E
:100FE000216903F00603042BD4E902201BD08A42B6
:100FF00020DD4FF00008521A90441A34002501E019
:10100000454517DA0123224639463046C8470130A4
:1010100005F10105F4D1C2E712F0060F0DD0003B37
:1010200018BF0123D2E7401B8A4220EAE078E2DCC5
:101030000028E2DC0020BDE8F88FE168DAF8003033
:101040009942D8BF114696DCAEE700BF2DE9F047C4
:10105000174684B00A7E0C9D0C460646984601F160
:10106000430C002A35D0A2F15803D9B2202969D8FF
:10107000202B67D8DFE813F0E60066006600660004
:101080006600660066006600660066006600AC00EA
:10109000700066006600660066007000660066000C
:1010A0006600660021008300C60066006600B60088
:1010B0006600830066006600EC002B6822686169A8
:1010C000181D286010061B6802D4520600F1E0804B
:1010D00019600023E1462361CDF800803B4603AA56
:1010E00021463046FFF720FF013020D023694A46D1
:1010F00039463046C047013019D02368E068DDF832
:101100000C909B0718D5484516DD002504F1190AF7
:1011100004E0E068A0EB0903AB420DDD0123524679
:1011200039463046C047013005F10105F1D14FF095
:10113000FF3004B0BDE8F0874845B8BF484604B06A
:10114000BDE8F08784F84220012004F14209002321
:10115000206184F84330BFE72A682368111D180610
:10116000296002D4590600F19580106801460028D4
:101170006268C0F2938054484FF00A0E15E0206870
:101180002B6810F0800F53F8041B02D1400648BFB3
:1011900089B26F2A4C482B6014BF4FF00A0E4FF0F3
:1011A000080E0023626884F84330002AA26051DBF5
:1011B000236823F00403236000294BD1002A7BD14C
:1011C000E146BEF1080F56D0ACEB0903236183E77B
:1011D0002B681A6804332B6004F1420984F842201A
:1011E0000120B4E72B686268191D2960D3F80090CC
:1011F00000214846FFF76CFD002863D0A0EB0900F2
:101200006060A4E7236843F02003236078222F481E
:1012100084F845202A6813F0800F52F8041B03D18C
:1012200013F0400F18BF89B22A60DA0744BF43F0B9
:101230002003236019B9236823F0200323604FF0B3
:10124000100EAEE7582384F845301F482368E1E7C5
:101250002368DBE77546E146B1FBF5F305FB131A9E
:101260000A46AA4210F80A1009F8011D1946F3D2DD
:10127000BEF1080FA8D12368DD07A5D562682369F0
:101280009A42A1DC302309F8013C09F1FF399BE7C0
:1012900019801EE7B2F90010084668E72D20002AE1
:1012A000A26084F8430002DB23F0040323600A25D4
:1012B00005484942AE46CEE7037884F8423004F14F
:1012C00042097EE7606842E7B84B0108CC4B010851
:1012D000704700BF704700BF000000000000000022
:1012E00002780B78012A28BF9A4240F0D8806DE935
:1012F000044540EA0104CDE902676FF0000C4FEAB3
:1013000044721AB380EA010414F0070F6BD100F0A5
:10131000070420F0070004F0030521F007014FEA5D
:10132000C505F0E8042314F0040FF1E804670CFA93
:1013300005F462EA040266EA04060BD063EA0403D9
:10134000624667EA0407664604E000BFF0E804234B
:10135000F1E8046782FA4CF582EA0604A4FA8CF4F8
:101360006CBB83FA4CF583EA0705A5FA8CF595B9B1
:1013700050E9022351E9026782FA4CF582EA060439
:10138000A4FA8CF483FA4CF583EA0705A5FA8CF5E8
:101390002543DBD09CB92DBAB5FA85F424F00704B7
:1013A00027FA04F1DDE9026723FA04F303F0FF00F2
:1013B00001F0FF01FDE80445A0EB0100704724BAED
:1013C000B4FA84F424F0070426FA04F1DDE9026794
:1013D00022FA04F202F0FF0001F0FF01FDE80445EB
:1013E000A0EB0100704714F0030F3CD110F0030490
:1013F00028D150F8082B51F8083B82FA4CF582EAC4
:101400000305A5FA8CF55DB950F8042C51F8043C9D
:1014100082FA4CF582EA0305A5FA8CF5002DE8D096
:101420002DBAB5FA85F424F0070423FA04F122FA60
:1014300004F202F0FF0001F0FF01FDE80445A0EB1B
:10144000010070474FEAC40420F0030050F8082B55
:1014500021F0030151F8083B0CFA04F462EA04029B
:1014600063EA0403C9E710F003041DD0A1EB0401F3
:1014700020F00300E40750F8042B06D012D28B783A
:101480005FFAA2F4E41A06D12BB1CB785FFAB2F47A
:10149000E41A00D133B920465DF8104B7047A2EB37
:1014A0000300704701F1040150F8042BCC0721F030
:1014B000030151F8043B48D824D222F07F4482FA39
:1014C0004CF594EA1325A5FA8CF50AD165B951F8C3
:1014D000043B84EA0204B4EB036F0ED150F8042BF2
:1014E000EBE74FEA132355E035F07F454DD10878FF
:1014F000FDE80445C0F1000070474FEA126203F0B6
:10150000FF0347E002EA1C4482FA4CF594EA1345D3
:10151000A5FA8CF50AD165B951F8043B84EA0204B6
:10152000B4EB034F0CD150F8042BEBE74FEA134315
:1015300030E015EA1C4528D10B884FEA124229E019
:101540004FEA124203EA1C4324E002F0FF0482FA4D
:101550004CF594EA1365A5FA8CF50AD165B951F8F2
:10156000043B84EA0204B4EB032F09D150F8042BA6
:10157000EBE74FEA13630DE015F0FF0F05D10B68A1
:101580004FEA122223F07F4304E04FF00000FDE811
:101590000445704712BA1BBA82FA4CF482EA03047B
:1015A000A4FA8CF5B5FA85F402FA04F203FA04F30E
:1015B0004FEA1260FDE80445A0EB1360704700BFDE
:1015C00008B410B5002A9DB0044636DB4FF4027310
:1015D000ADF814304FF000031B930291069120AB3D
:1015E00017D0013A4FF6FF7104920792ADF816102A
:1015F0001F9A019302A9FEF7C9FF421C01DA8B234F
:101600002360029B00221A701DB0BDE8104001B09B
:1016100070474FF6FF7104920792ADF816101F9AAB
:10162000019302A9FEF7B2FF431C01DA8B2323606A
:101630001DB0BDE8104001B070478B2303604FF030
:10164000FF30F5E70CB410B5214B00291C689CB0A5
:1016500038DB4FF000034FF402721B93ADF81420F7
:10166000029006901FAB18D001394FF6FF7204911B
:101670000791ADF8162002A91E9A01932046FEF7A5
:1016800085FF421C01DA8B232360029B00221A7023
:101690001CB0BDE8104002B070474FF6FF720491D5
:1016A0000791ADF8162002A91E9A01932046FEF775
:1016B0006DFF431C01DA8B2323601CB0BDE8104092
:1016C00002B070478B2323604FF0FF30F5E700BF77
:1016D000000000200EB400B582B003AB816853F85F
:1016E000042B019300F060F802B05DF804EB03B046
:1016F000704700BF0FB400B5074983B004AB08685A
:1017000053F8042B8168019300F04EF803B05DF8A4
:1017100004EB04B0704700BF000000209368013B59
:10172000002B936011DA10B49469A34209DB0A29F3
:1017300007D01368581C1060197008465DF8044BF8
:1017400070475DF8044B00F073B91368581C1060C3
:1017500019700846704700BF9BB1F8B513440646A0
:101760000F46541E5D1E01E0AC4208D014F8011F64
:101770003A463046FFF7D2FF431CF5D1F8BD0020B2
:10178000F8BD0020704700BF936810B514461BB920
:1017900018460023636010BD00F0B4F90023A36075
:1017A0000023636010BD00BF2DE9F04FA1B08B4650
:1017B00091461C46049018B1036A002B00F01C816E
:1017C000BBF80C30180740F19580DBF81030002B87
:1017D00000F090800023CA460D9343F22003ADF839
:1017E00039309AF80030864E07940127002B79D0C3
:1017F000D14604E019F8013F002B00F08580252B2D
:10180000F8D1B9EB0A0840F0828099F80030002B3B
:1018100068D000234FF0FF32CDE9092309F1010917
:1018200008930B938DF863301E9305E0089A07FA2E
:1018300003F31A430892A1464C46052214F8011BF3
:101840003046FFF745FAA246831B0028EED1089BDD
:10185000D90644BF20228DF8632099F800101A079A
:1018600044BF2B228DF863202A2966D1079A11687C
:10187000043200290792C0F29A800B9199F8011066
:101880002E2970D05F4C03222046FFF721FA38B191
:10189000089B001B4022824013430AF1010A08936F
:1018A0001AF8011B58488DF838100622FFF710FA75
:1018B000002800F08280554B002B69D007AA0092C7
:1018C000534B04985A4608A9AFF300800390039B3A
:1018D000013307D00D9B039A13440D939AF80030FF
:1018E000002B85D1BBF80C305B060AD40D9821B0D3
:1018F000BDE8F08F0498594600F08CFC00283FF4B6
:1019000069AF4FF0FF30F2E7B9EB0A08EAD00AF10D
:10191000FF35CDF81490A946049D01E0A0453ED9BD
:101920004C465A4619F8011F2846FFF7F7FE0234C5
:101930000130A4EB0A04F1D1D4E7A1F13002092A65
:1019400088BFCA469CD80B9B00E00134217803EB8A
:10195000830302EB4303A1F13002092AF5D92E29B2
:101960000B93A2468ED19AF801102A292FD1079BFA
:101970009AF802101A6809920433002A0AF1020048
:101980000793B8BF4FF0FF338246B8BF099379E79A
:10199000079B073323F00703083307939AE70D9952
:1019A000DDF81490414499F800300D912FE7494239
:1019B00043F002030B91089360E707AA0092144BCF
:1019C00004985A4608A9FFF741FB03907FE7A1F16D
:1019D00030020023092A09930AF1010A3FF652AFA7
:1019E0001AF8011F03EB830302EB4303A1F130025A
:1019F000092AF5D9099345E700F0EEFAE0E600BFC1
:101A0000A44B0108AC4B0108B04B010800000000DA
:101A10005917000810B4054C8446134620685DF839
:101A2000044B0A466146FFF7BFBE00BF000000201E
:101A3000F8B50D461446064610B1036A002B37D0A0
:101A4000A389A269A2601A0719D52369BBB12268CC
:101A50006169D31AEDB299422F4620DD0133A168A6
:101A60000139A160511C2160157062699A420DD044
:101A7000A389DB0701D50A2D08D03846F8BD2146D9
:101A8000304600F0C7FB38B92369E0E7214630460D
:101A900000F05CFB0028F0D04FF0FF37EDE7214667
:101AA000304600F053FB0028F6D122680123D6E728
:101AB00000F092FAC4E700BF10B4044C03460A4693
:101AC00020685DF8044B1946FFF7B2BF0000002004
:101AD00038B5074D0022044608462A6001F0F6FB9F
:101AE000431C00D038BD2B68002BFBD0236038BDD1
:101AF000E802002051F8043C181F002BBCBF0B5813
:101B0000C01870479368002B00F0F8802DE9F04F63
:101B1000B1F90CC01CF0080F83B0904681460C460A
:101B200031D00B697BB31CF00207D8F8006038D0C5
:101B30000027D4F828B0216ADFF8C4A23D465545F5
:101B40002B463A4628BF53464846C5B1D8470028D9
:101B500040F3CA80D8F808301B1A07442D1AC8F879
:101B60000830002B00F0B68055452B46D4F828B03D
:101B7000216A28BF53463A464846002DE6D1D6E9A9
:101B800000750836DBE72146484600F043FB002895
:101B900040F0AF80B4F90CC0D8F800601CF0020728
:101BA000C6D11CF0010A63D12368A16857461846C4
:101BB0008B46002F58D01CF4007F00F0B580B9424E
:101BC0000A4600F2E1801CF4906F2FD0216962690F
:101BD0005D1A02EB420202EBD2726B1C52103B44C4
:101BE000934292BF93469B461A461CF4806F00F0C6
:101BF000EA8011464846FEF70BFF002800F0F98006
:101C00002A4621690090FFF7B3F8A289009B22F4CD
:101C1000906242F08002A2815819ABEB0505C4F82E
:101C200014B02361A5602060BB463A46514600923D
:101C3000FEF7CCFFA1682368009AA1EB0B011A44C0
:101C40003D46A16022600027D8F808305B1BAA44FB
:101C5000C8F80830002B3DD02368A168B4F90CC047
:101C600018468B46002FA6D1D6E900A708369EE776
:101C70003846BB463D460097002D41D0002846D04F
:101C8000009A2068A168D4E90473AA4228BF2A46B2
:101C9000B84204D901EB030A524500F38580934210
:101CA00075DC216AA76A5A464846B847B0F1000A6F
:101CB0001ADD009BB3EB0A0300930FD00120D8F884
:101CC0000830A3EB0A03D344A5EB0A05C8F8083093
:101CD000002BD1D1002003B0BDE8F08F214648464B
:101CE00000F034FA0028EAD0B4F90C3043F0400395
:101CF000A3814FF0FF3003B0BDE8F08F00207047A4
:101D0000756833460836002DFAD0D3F800B02A465D
:101D10000A215846FEF7DCFF002867D00130A0EB0F
:101D20000B0300931A46ACE722699A4214D3626906
:101D3000BA4211D86FF00043BB4228BF3B46A56AA8
:101D400093FBF2F3216A02FB03F348465246A8478D
:101D5000051EC9DD7F1B77E7B94228BF39460D460E
:101D600018460A465146FEF731FFA1682368491B11
:101D70002B44A16023600029ECD12146484600F0A5
:101D8000E5F90028E6D0AFE7BB463A464EE75946AC
:101D90000192FEF71BFF019AA3689B1AA3602368B8
:101DA00013442360924684E759465246FEF70EFFDD
:101DB0002368534423602146484600F0C7F90028B1
:101DC0003FF477AF90E74846FFF77CF803460028DA
:101DD0007FF422AF21694846FEF79AFEB4F90C3031
:101DE0000C22C9F8002023F080037FE76A1C0092D0
:101DF00047E70C22B4F90C30C9F8002076E700BFA1
:101E000000FCFF7F00207047024A0349034800F0AE
:101E1000DFB900BF500000204D2100080400002061
:101E20000C4B4168994210B5044601D000F08EF980
:101E3000A168094B994202D0204600F087F9E16879
:101E4000064B994204D02046BDE8104000F07EB910
:101E500010BD00BFAC010020140200207C02002055
:101E6000002070472DE9F8432A4C2B49DFF8BC903D
:101E7000DFF8BC80294FC4F838110025042308225C
:101E8000294604F15C00264EE360C4E90055C4E92C
:101E90000455A5606566A561FEF73EFD214B6367AD
:101EA0000822294604F1C400C4E90849C4E90A87A4
:101EB000C4E91A55C4E91E552567C4F8CC50C4F8C6
:101EC00080502663FEF728FD174BC4F8DC30294606
:101ED00004F16803082204F59670C4F88830C4E958
:101EE0002398C4E92576C4E93455C4E93855C4F8C3
:101EF000D850C4F83451C4F8E850FEF70DFD04F191
:101F0000D003C4E93D98C4E93F76C4F8F030BDE899
:101F1000F88300BFAC010020091E000879240008E6
:101F20009D2400080900010012000200112400088D
:101F300039240008F8B5254BD3F838310646002B74
:101F40003CD0234FD7E90134013B04D51DE05A1C96
:101F500004F1680419D0B4F90C50013B002DF6D1FE
:101F60001C4BE360C4E90155C4E90455656625606E
:101F7000A5610822294604F15C00FEF7CDFCC4E906
:101F80000D55C4E912552046F8BD3D680DB12F46E8
:101F9000D8E74FF4D6713046FEF73AFD044680B1DB
:101FA0000423C0E900530C302946A0604FF4D072DE
:101FB0002546FEF7B1FC3C602F46C3E7FFF752FF12
:101FC000BFE70C2338603360DDE700BFAC010020C1
:101FD000500000200100FFFF036A03B17047044B6B
:101FE000044AD3F838310262002BF7D13AE700BF38
:101FF000AC010020211E0008704700BF704700BFE1
:10200000024A0349002000F0E3B800BF500000205E
:10201000051E0008024A0349002000F0D9B800BF9D
:1020200050000020611E0008B1F90C302DE9F0418C
:102030001E070C4680463DD44A68002A56DDE56AF4
:10204000002D34D00022D8F80060C8F8002013F426
:102050008052216A57D101234046A847451C0246B9
:1020600066D0B4F90C30E56A216A580705D5636873
:10207000D21A636B0BB1236CD21A00234046A847D7
:10208000431C42D00023636023692360A389DF04DB
:1020900000D56065616BC8F8006041B104F144038C
:1020A000994202D04046FEF733FD002363630020CF
:1020B000BDE8F0810E69002EF9D09B070D6808BFBE
:1020C0004B690E6018BF0023AD1B8B600BE02B46E5
:1020D0003246216AA76A4046B847B0F1000CA5EB2A
:1020E0000C05664406DD002DF1DCE0E70A6C002AF1
:1020F000A5DCDCE7B4F90C3043F04003A3814FF0DA
:10210000FF30BDE8F081626DAFE7D8F80010B4F998
:102110000C301D29F0D80C4ACA40D507ECD52269ED
:10212000226000226260DA04B4D50029B1D0B1E7A0
:10213000D8F80030002B94D01D2B01D0162BD9D10C
:10214000C8F80060B3E700BF010040200B69B3B1DD
:1021500010B5044682B008B1036A5BB1B1F90C3026
:1021600013B9002002B010BD204602B0BDE81040F7
:10217000FFF75ABF0191FFF72FFF0199EEE700200B
:10218000704700BFB8B138B50D4A036915680446F9
:102190002BB10DB12B6A53B1B4F90C300BB900203F
:1021A00038BD21462846BDE83840FFF73DBF2846E8
:1021B000FFF712FFF0E7034A0349044800F008B8AC
:1021C00000000020500000204D21000804000020E5
:1021D0002DE9F8430746884616464FF00009D6E930
:1021E0000154013D10D4A389012B08D9B4F90E3054
:1021F00001332146384602D0C04749EA0009013D73
:102200006B1C04F16804EED13668002EE7D1484615
:10221000BDE8F88338B52F4B1B6805460C4613B153
:102220001A6A002A4BD0B4F90C3018071CD5226961
:1022300022B313F0010107D0616900204942A06078
:10224000A1613AB1002038BD980758BF6169A1600B
:10225000002AF7D1190658BF1046F4D543F04003C1
:10226000A3814FF0FF3038BDD9062CD55A0712D4C0
:10227000226943F00803A381002ADAD103F4207114
:10228000B1F5007FD5D02146284600F025F8B4F9F5
:102290000C302269CDE7616B51B104F144029142E7
:1022A00004D02846FEF734FCB4F90C3000226263F7
:1022B00022690021C4E9002123F02403D9E718464C
:1022C000FFF78AFEAFE7092243F040032A60A381AB
:1022D000C7E700BF0000002070B5B1F90C300C4614
:1022E000990796B007D504F147030122C4E90432E7
:1022F000236016B070BDB4F90E100029054629DB25
:102300006A4600F0F7F8002822DB4FF48061284687
:10231000019EFEF77DFB88B3A389206043F0800314
:1023200006F47046A381B6F5005F4FF48063C4E9FC
:102330000403DED1B4F90E10284600F057F8002847
:10234000D7D0A38923F0030343F00103A381D0E78F
:10235000B4F90C3013F0800F14BF40264FF48066A0
:1023600031462846FEF754FB40B1A389206043F074
:102370008003C4E90406A38116B070BDB4F90C3023
:102380009A05B6D423F0030304F1470243F0020395
:102390000121C4E90421A3812260AAE770B50C469B
:1023A000B1F90E10002996B015461E460FDB6A469D
:1023B00000F0A0F800280ADB019B03F47043A3F5AA
:1023C0000053B3FA83F34FF480625B0908E0A289FB
:1023D00012F0800F4FF0000314BF40224FF48062D0
:1023E000002033602A6016B070BD00BF38B5074DBD
:1023F0000022044608462A6000F064FF431C00D017
:1024000038BD2B68002BFBD0236038BDE8020020CC
:1024100010B50C46B1F90E1000F056F8002803DB99
:10242000636D0344636510BDA38923F48053A381C6
:1024300010BD00BF002070472DE9F0410C46B1F9F6
:102440000C101F46CB05054616460BD421F48051CF
:10245000A1813B46B4F90E1032462846BDE8F04152
:1024600000F074B8B4F90E100223002200F058F8FE
:10247000B4F90C10EAE700BF10B50C46B1F90E1024
:1024800000F04EF8B4F90C30421C0EBF23F4805318
:1024900043F480536065A38110BD00BFB1F90E10F5
:1024A00000F000B838B5074D0022044608462A60FF
:1024B00000F000FF431C00D038BD2B68002BFBD080
:1024C000236038BDE802002038B50C46084D84462C
:1024D000114620461A4600232B60644600F0DAFEBF
:1024E000431C00D038BD2B68002BFBD0236038BDC7
:1024F000E802002070B50C46084D03460026204631
:1025000011461C462E6000F0D8FE431C00D070BD62
:102510002B68002BFBD0236070BD00BFE8020020B9
:1025200038B50C46084D8446114620461A4600230D
:102530002B60644600F0C8FE431C00D038BD2B68F9
:10254000002BFBD0236038BDE802002038B50C46D4
:10255000084D8446114620461A4600232B606446E7
:1025600000F088FE431C00D038BD2B68002BFBD048
:10257000236038BDE802002081F0004102E000BF86
:1025800083F0004330B54FEA41044FEA430594EA33
:10259000050F08BF90EA020F1FBF54EA000C55EA6E
:1025A000020C7FEA645C7FEA655C00F0E2804FEA3F
:1025B0005454D4EB5555B8BF6D420CDD2C4480EA21
:1025C000020281EA030382EA000083EA010180EA51
:1025D000020281EA0303362D88BF30BD11F0004F9F
:1025E0004FEA01314FF4801C4CEA113102D04042D5
:1025F00061EB410113F0004F4FEA03334CEA133310
:1026000002D0524263EB430394EA050F00F0A78027
:10261000A4F10104D5F1200E0DDB02FA0EFC22FA22
:1026200005F2801841F1000103FA0EF2801843FA16
:1026300005F359410EE0A5F120050EF1200E012A07
:1026400003FA0EFC28BF4CF0020C43FA05F3C01845
:1026500051EBE37101F0004507D54FF0000EDCF1BE
:10266000000C7EEB00006EEB0101B1F5801F1BD367
:10267000B1F5001F0CD349085FEA30004FEA3C0C6B
:1026800004F101044FEA445212F5800F80F09A8061
:10269000BCF1004F08BF5FEA500C50F1000041EB65
:1026A000045141EA050130BD5FEA4C0C404141EB69
:1026B0000101013C28BFB1F5801FE9D291F0000F64
:1026C00004BF01460020B1FA81F308BF2033A3F113
:1026D0000B03B3F120020CDA0C3208DD02F1140C0A
:1026E000C2F10C0201FA0CF021FA02F10CE002F145
:1026F0001402D8BFC2F1200C01FA02F120FA0CFC3E
:10270000DCBF41EA0C019040E41AA2BF01EB045186
:10271000294330BD6FEA04041F3C1CDA0C340EDC84
:1027200004F11404C4F1200220FA04F001FA02F3C7
:1027300040EA030021FA04F345EA030130BDC4F185
:102740000C04C4F1200220FA02F001FA04F340EA7A
:102750000300294630BD21FA04F0294630BD94F02B
:10276000000F83F4801306BF81F480110134013D12
:102770004EE77FEA645C18BF7FEA655C29D094EA83
:10278000050F08BF90EA020F05D054EA000C04BF01
:102790001946104630BD91EA030F1EBF00210020EC
:1027A00030BD5FEA545C05D14000494128BF41F08B
:1027B000004130BD14F580043CBF01F5801130BDEF
:1027C00001F0004545F0FE4141F470014FF000007A
:1027D00030BD7FEA645C1ABF194610467FEA655C2B
:1027E0001CBF0B46024650EA013406BF52EA0335CD
:1027F00091EA030F41F4002130BD00BF90F0000FBB
:1028000004BF0021704730B54FF4806404F13204F6
:102810004FF000054FF0000150E700BF90F0000FAF
:1028200004BF0021704730B54FF4806404F13204D6
:1028300010F0004548BF40424FF000013EE700BFA6
:1028400042004FEAE2014FEA31014FEA02701FBF36
:1028500012F07F4393F07F4F81F06051704732F068
:102860007F4208BF704793F07F4F04BF41F40021BF
:10287000704730B54FF4607401F0004521F000411D
:102880001CE700BF50EA010208BF704730B54FF0A7
:1028900000050AE050EA010208BF704730B511F0A8
:1028A000004502D5404261EB41014FF4806404F1E0
:1028B00032045FEA915C3FF4D8AE4FF003025FEA66
:1028C000DC0C18BF03325FEADC0C18BF033202EBEA
:1028D000DC02C2F1200300FA03FC20FA02F001FA44
:1028E00003FE40EA0E0021FA02F11444BDE600BFE7
:1028F00070B54FF0FF0C4CF4E06C1CEA11541DBF96
:102900001CEA135594EA0C0F95EA0C0F00F0DEF860
:102910002C4481EA030621EA4C5123EA4C5350EA45
:10292000013518BF52EA033541F4801143F4801396
:1029300038D0A0FB02CE4FF00005E1FB02E506F027
:102940000042E0FB03E54FF00006E1FB03569CF07C
:10295000000F18BF4EF0010EA4F1FF04B6F5007F82
:1029600064F5407404D25FEA4E0E6D4146EB0606F4
:1029700042EAC62141EA55514FEAC52040EA5E507D
:102980004FEACE2EB4F1FD0C88BFBCF5E06F1ED827
:10299000BEF1004F08BF5FEA500E50F1000041EB5E
:1029A000045170BD06F0004646EA010140EA02000B
:1029B00081EA0301B4EB5C04C2BFD4EB0C0541EA2D
:1029C000045170BD41F480114FF0000E013C00F342
:1029D000AB8014F1360FDEBF002001F0004170BD66
:1029E000C4F10004203C35DA0C341BDC04F114047F
:1029F000C4F1200500FA05F320FA04F001FA05F20B
:102A000040EA020001F0004221F0004110EBD370D7
:102A100021FA04F642EB06015EEA430E08BF20EA03
:102A2000D37070BDC4F10C04C4F1200500FA04F3A6
:102A300020FA05F001FA04F240EA020001F0004138
:102A400010EBD37041F100015EEA430E08BF20EAAB
:102A5000D37070BDC4F1200500FA05F24EEA020EF3
:102A600020FA04F301FA05F243EA020321FA04F022
:102A700001F0004121FA04F220EA020000EBD370D9
:102A80005EEA430E08BF20EAD37070BD94F0000FD9
:102A90000FD101F00046400041EB010111F4801F0D
:102AA00008BF013CF7D041EA060195F0000F18BFBE
:102AB000704703F00046520043EB030313F4801FFA
:102AC00008BF013DF7D043EA0603704794EA0C0FB4
:102AD0000CEA135518BF95EA0C0F0CD050EA4106CA
:102AE00018BF52EA4306D1D181EA030101F0004147
:102AF0004FF0000070BD50EA410606BF104619466F
:102B000052EA430619D094EA0C0F02D150EA01367A
:102B100013D195EA0C0F05D152EA03361CBF1046BB
:102B200019460AD181EA030101F0004141F0FE415A
:102B300041F470014FF0000070BD41F0FE4141F4DE
:102B4000780170BD70B54FF0FF0C4CF4E06C1CEADE
:102B500011541DBF1CEA135594EA0C0F95EA0C0F93
:102B600000F0A7F8A4EB050481EA030E52EA03354E
:102B70004FEA013100F088804FEA03334FF080556F
:102B800045EA131343EA12634FEA022245EA11159C
:102B900045EA10654FEA00260EF000419D4208BF4D
:102BA000964244F1FD0404F5407402D25B084FEAFA
:102BB0003202B61A65EB03055B084FEA32024FF4A6
:102BC00080104FF4002CB6EB020E75EB030E22BF03
:102BD000B61A754640EA0C005B084FEA3202B6EBC3
:102BE000020E75EB030E22BFB61A754640EA5C0072
:102BF0005B084FEA3202B6EB020E75EB030E22BF02
:102C0000B61A754640EA9C005B084FEA3202B6EB02
:102C1000020E75EB030E22BFB61A754640EADC00C1
:102C200055EA060E18D04FEA051545EA16754FEA23
:102C300006164FEAC30343EA52734FEAC2025FEA41
:102C40001C1CC0D111F4801F0BD141EA00014FF0D0
:102C500000004FF0004CB6E711F4801F04BF0143A1
:102C60000020B4F1FD0C88BFBCF5E06F3FF6AFAEBD
:102C7000B5EB030C04BFB6EB020C5FEA500C50F14D
:102C8000000041EB045170BD0EF0004E4EEA1131D0
:102C900014EB5C04C2BFD4EB0C0541EA045170BDD7
:102CA00041F480114FF0000E013C90E645EA060E1B
:102CB0008DE60CEA135594EA0C0F08BF95EA0C0F49
:102CC0003FF43BAF94EA0C0F0AD150EA01347FF491
:102CD00034AF95EA0C0F7FF425AF104619462CE768
:102CE00095EA0C0F06D152EA03353FF4FDAE1046CB
:102CF000194622E750EA410618BF52EA43067FF41C
:102D0000C5AE50EA41047FF40DAF52EA43057FF4AB
:102D1000EBAE12E753B94AB9002908BF00281CBF1F
:102D20004FF0FF314FF0FF3000F06AB9ADF1080C01
:102D30006DE904CE00F006F8DDF804E0DDE90223D9
:102D400004B070472DE9F047089D0E4604460F4633
:102D5000002B4AD194468C45B2FA82F260D942B136
:102D6000C2F12003974020FA03F30CFA02FC1F4340
:102D700094404FEA1C4E1FFA8CF6B7FBFEF1230C71
:102D80000EFB117743EA074301FB06F098420AD98C
:102D90001CEB030301F1FF3780F01581984240F2EC
:102DA0001281023963441B1AA4B2B3FBFEF00EFB7E
:102DB000103344EA034400FB06F6A6420AD91CEB92
:102DC000040400F1FF3380F00081A64240F2FD8050
:102DD0006444023840EA0140A41B00211DB1D440E4
:102DE0000023C5E90043BDE8F0878B4205D90DB14A
:102DF000C5E9000100210846F5E7B3FA83F100298F
:102E000046D1B34202D3824200F2F580841A66EBC7
:102E1000030201201746002DE5D0C5E90047E2E78F
:102E2000002A40F09380A1EB0C034FEA1C471FFAE5
:102E30008CFE0121B3FBF7F607FB1630230C43EAA7
:102E400000430EFB06F0984208D91CEB030306F181
:102E5000FF3802D2984200F2D08046461B1AA4B234
:102E6000B3FBF7F007FB103344EA03440EFB00FE0C
:102E7000A64508D91CEB040400F1FF3302D2A64595
:102E800000F2B6801846A4EB0E0440EA0640A5E71F
:102E9000C1F120078B4022FA07FC4CEA030C06FA2A
:102EA00001FE20FA07F426FA07F344EA0E0400FABA
:102EB00001F84FEA1C404FEA1449B3FBF0FE1FFA39
:102EC0008CF600FB1E3349EA03430EFB06F99945D5
:102ED00002FA01F20BD91CEB03030EF1FF3A80F06A
:102EE0008580994540F28280AEF1020E6344A3EBE7
:102EF0000909A4B2B9FBF0F300FB139944EA0944B1
:102F000003FB06F6A64208D91CEB040403F1FF30CC
:102F100068D2A64266D9023B644443EA0E40A41B31
:102F2000A0FB02E6B4427346B14652D34FD05DB126
:102F3000B8EB030264EB090404FA07F722FA01F381
:102F40001F43CC40C5E9007400214CE7C2F12001C9
:102F500020FA01F30CFA02FC26FA01F19640334301
:102F60004FEA1C471FFA8CFEB1FBF7F007FB101667
:102F7000190C41EA064100FB0EF68E4204FA02F4F7
:102F800008D91CEB010100F1FF382DD28E422BD95C
:102F900002386144891B9BB2B1FBF7F607FB16119F
:102FA00043EA014306FB0EF1994208D91CEB0303E7
:102FB00006F1FF3814D2994212D9023E63445B1ADB
:102FC00046EA004136E73946EDE6184602E7F045A5
:102FD000ADD2BEEB020366EB0C060138B146A6E7A4
:102FE0004646ECE7034698E74046D3E7D6467EE7F9
:102FF0006444023847E708460DE7023E63442DE784
:10300000704700BFFEE7000008B502490248FEF71E
:1030100071FBFEE72AED00E0F8420108FEE7FEE75B
:10302000FEE770477047704708B502F00BFF08BD18
:1030300008B5034802F060FD0BF0E2FD08BD00BFDB
:10304000642F002008B5012002F0FEFB08BD08B582
:10305000022002F0F9FB08BD08B5102002F0F4FBD5
:1030600008BD08B5202002F0EFFB802002F0ECFB49
:1030700008BD000008B5024801F076F808BD00BFA1
:103080006427002082B0002100910B4B5A6C42F45F
:1030900080425A645A6C02F480420092009A019174
:1030A0001A6C42F080521A641B6C03F08053019337
:1030B000019B02B0704700BF0038024070B588B075
:1030C000002303930493059306930793026803F187
:1030D000804303F590339A4201D008B070BD044696
:1030E0000025009503F58C335A6C42F480725A64C3
:1030F0005A6C02F480720092009A01951A6B42F0A9
:1031000001021A631A6B02F001020192019A029500
:103110001A6B42F002021A631B6B03F00203029364
:10312000029BB22303930326049603A9134802F0DB
:103130001FFA012303930496059503A9104802F092
:1031400017FA1048104B036045608560C5604FF466
:10315000806303614FF4805343614FF48043836184
:10316000C5610562456202F0F9FB18B9054BA3631E
:103170009C63B2E707F0CEFFF8E700BF0000024013
:1031800000040240642F00201064024002680B4BD0
:103190009A4200D0704710B50446094A536C23F494
:1031A00080735364B221074802F0C6FA0121064831
:1031B00002F0C2FAA06B02F037FC10BD0020014003
:1031C00000380240000002400004024000B589B00F
:1031D000002303930493059306930793026803F176
:1031E000804303F588339A4202D009B05DF804FBAE
:1031F0000021019103F594335A6C42F010025A6495
:103200005A6C02F010020192019A02911A6B42F07C
:1032100002021A631B6B03F002030293029B40231A
:103220000393122304930123059303230693072397
:10323000079303A9014802F09BF9D6E70004024076
:10324000034AD2F8883043F47003C2F888307047DC
:1032500000ED00E000B583B001904FF6FF7301224E
:1032600001A9034803F041FA019803B05DF804FB9B
:10327000202F002070B50C461646002504E014F8F7
:10328000010BFFF7E7FF0135B542F8DB304670BDB3
:103290000020704770B50C461646002506E0FFF783
:1032A000F7FF214601F8010B01350C46B542F6DB6C
:1032B000304670BD4FF0FF3070474FF400534B6005
:1032C00000207047012070470020704708B5034672
:1032D0000C4A126852B10B4A106803440A490B4A5F
:1032E000521A934206D8074A136008BD054A084996
:1032F0001160F0E7FDF762FB0C2303604FF0FF3035
:10330000F3E700BFEC0200200008000000000120ED
:103310005899002008B50349034806F0C1F8034B4B
:10332000187008BD84230020F84B01088823002072
:10333000002070470020704708B50146034807F099
:1033400063FA08B1002008BD0120FCE78C230020AF
:1033500010B590B0044600930B4601460D4807F0A7
:103360008BFA08B910B010BD03AA2146094807F02E
:103370005EFA9DF81930282B07D03A2B07D0042B82
:1033800001D00120EEE70320ECE70320EAE7032069
:10339000E8E700BF8C23002030B58FB00C461546FF
:1033A000032924D8DFE801F002050E1808460FB003
:1033B00030BD01AA0146124807F039FAC8B9029B8C
:1033C0002B60F4E701AA01460D4807F030FA90B9E6
:1033D000BDF80C302B60EAE701AA0146084807F067
:1033E00026FA50B9BDF80C305B0A2B60DFE70420E9
:1033F000DDE72046DBE70120D9E70120D7E700BF62
:103400008C23002010B590B0044600930B46014673
:10341000104807F07CFA08B910B010BD03AA214685
:103420000C4807F004FA9DF81930272B0ED005D967
:10343000282B0DD03A2B07D00120EDE7042B01D02B
:103440000120E9E70320E7E70320E5E70220E3E7BF
:103450000320E1E78C23002008B5042912D00529B8
:103460000AD002290DD1094B02221A7007F05EFF23
:10347000074807F09DFF04E0044B03221A7007F091
:1034800077FF08BD014B01221A70FAE7892300205B
:103490000C43010808B501220B490C4806F0E7F976
:1034A00048B90B49094806F001FA38B9074806F04F
:1034B00042FA30B908BD07F02DFEF2E707F02AFE08
:1034C000F4E707F027FEF5E7593400088C230020C5
:1034D0006800002008B5024806F037FA08BD00BFB2
:1034E0008C23002030B589B0002303930493059307
:1034F000069307930368B3F1A04F01D009B030BD24
:1035000000250195164C236B43F001032363236BC5
:1035100003F001030193019B4FF4C0530393022373
:103520000493032306930A23079303A90D4802F08B
:103530001FF8636B43F0800363630295636C43F48D
:1035400080436364636C03F480430293029B2A46C6
:103550002946432002F004FC432002F011FCCDE791
:10356000003802400000024008B5D0F8000306F021
:103570002AFB08BD08B5D0F8000306F035FB08BDEE
:1035800008B5D0F8000306F039FB08BD704708B550
:10359000D0F8000306F020FB08BD08B5D0F8000302
:1035A00006F01EFB08BD000090F8CC33012B01D0C3
:1035B0000020704710B504460F48C0F80043C4F817
:1035C000D0034FF0A0430360082383600123C3604E
:1035D0000023036102228261C36100F05CF940B9FB
:1035E000054800F0A2FE0146204606F0E9FA002058
:1035F00010BD07F08FFDF3E76427002008B5D0F871
:10360000D00300F097FE012804D0022804D020B196
:10361000012002E0012000E0022008BD08B5D0F83A
:10362000D00300F07DFE08BD08B5D0F8D00300F04F
:1036300071FE08BD08B5C82002F016FC002008BDC8
:10364000D0F8D0332C2000FB013090F83B0030B193
:103650002C2000FB013181F85420002070472C20E1
:1036600000FB013181F85520F7E7D0F8D0332C2248
:1036700002FB013292F83B202AB12C2202FB0131DD
:1036800091F8540070472C2202FB013191F855004B
:10369000704708B502F0E8FB08BD022805D8DFE84E
:1036A00000F005040200012070470220704708B5B1
:1036B000D0F8D00300F002FEFFF7EFFF08BD08B519
:1036C000D0F8D00300F00FFEFFF7E7FF08BD08B504
:1036D000D0F8D00300F019FEFFF7DFFF08BD10B5EA
:1036E00084B0D0F8D003BDF8204002949DF81C406F
:1036F00001949DF81840009400F074F8FFF7CDFF96
:1037000004B010BD08B5D0F8D00300F0B2F8FFF750
:10371000C4FF08BD10B584B0D0F8D0039DF8244094
:103720000394BDF820400294079C01949DF8184032
:10373000009400F002F9FFF7B0FF04B010BD0000E4
:10374000F8B50668346A04F00F07C4F34343C4F3C2
:103750000A14022B00D0F8BD0546002CFBD02C2308
:1037600003FB0703596C0029F5D02C2303FB070347
:103770001A6D2244DB6C9A4206D92C2303FB070501
:10378000042385F86030E6E72246304600F095FED7
:103790002C2303FB07535A6C22445A641A6D2244AB
:1037A0001A6506EB4716D6F81025B3F84030A34249
:1037B000D1D10B4B1340002BCDD0D6F8003523F0E0
:1037C000804343F00043C6F800352C2303FB075326
:1037D00093F8542082F0010283F85420BBE700BF25
:1037E0000000F81FF0B585B004469DF828509DF8FC
:1037F0002C60BDF8307090F8F802012837D0012015
:1038000084F8F8022C2000FB01404FF0000C80F8F7
:103810003DC080F83830A0F8407080F8391080F84A
:103820003F6002F07F0C80F83AC012F0800F16D192
:103830002C2000FB01404FF0000C80F83BC02C20F6
:1038400000FB014080F83C500297019600952068EB
:1038500000F077FF002384F8F83205B0F0BD2C208B
:1038600000FB01404FF0010C80F83BC0E7E702206D
:10387000F3E790F8F832012B0BD010B50446012382
:1038800080F8F832006800F0EFFF002084F8F802BA
:1038900010BD0220704700284DD070B58AB0044694
:1038A000056890F8F932002B40D0032384F8F932F0
:1038B000EB6B13F4807F01D100232361206800F0BB
:1038C000B0FDA4465CF8106BEE46BCE80F00AEE815
:1038D0000F00BCE80F00AEE80F009CE803008EE884
:1038E0000300251D95E80E00304600F04FFD012134
:1038F000206800F00DFEA4465CF8106BEE46BCE8B4
:103900000F00AEE80F00BCE80F00AEE80F009CE827
:1039100003008EE8030095E80E00304600F02AFE12
:10392000012384F8F93200200AB070BD80F8F83223
:10393000FFF7D8FDB9E70120704770B59DF810502A
:10394000BDF818604FF02C0C0CFB010C8CF83B20E0
:103950008CF83F307DB964464FF0030C84F842C0C8
:103960009DF81CC084F83DC0032B00F28180DFE885
:1039700003F00A7929512C2404FB01044FF0020CB6
:1039800084F842C0F0E7012D72D1002A70D12EB91F
:103990002C2303FB0103012283F855202C2303FB76
:1039A000010393F8553033B92C2303FB01030022A4
:1039B00083F842205CE02C2303FB0103022283F8FE
:1039C000422055E092B92C2303FB010393F85530B4
:1039D0002BB92C2303FB010383F8422048E02C235E
:1039E00003FB0103022283F8422041E02C2303FB66
:1039F000010393F8543033B92C2303FB0103002255
:103A000083F8422034E02C2303FB0103022283F8D5
:103A100042202DE092B92C2303FB010393F855308B
:103A20002BB92C2303FB010383F8422020E02C2335
:103A300003FB0103022283F8422019E02C2303FB3D
:103A4000010393F8543033B92C2303FB0103002204
:103A500083F842200CE02C2303FB0103022283F8AD
:103A6000422005E02C2303FB0103002283F84220BF
:103A70002C2301FB03F3C218059C5464D664002474
:103A800082F86040146582F8391082F8614003F1D1
:103A90003801027C0144006800F06AFF70BD30B557
:103AA00083B004460568D5F840340193D5F8403416
:103AB0000093009B23F02E030093019B13F0020F51
:103AC00007D0019B13F0010F25D1009B43F00203A7
:103AD0000093019B13F0080F10D0009B43F00803E4
:103AE0000093019B13F0040F2DD0A369022B15D076
:103AF000E368012B22D02046FFF749FD019B13F01C
:103B0000200F03D0009B43F020030093009BC5F8D7
:103B1000403403B030BDFFF72DFDD6E7019B03F421
:103B2000C023B3F5802F04D00121206800F098FD58
:103B3000E1E70221206800F093FDDCE74EF6602209
:103B4000C5F80424D7E72046FFF727FDD6E7F8B5E8
:103B500005460E46076807EB411707F5A064A36802
:103B600013F0040F2AD00423A360E36843F0020398
:103B7000E360A36813F4007F7DD1A36813F0010F05
:103B800000F0D2802B6943B12C2303FB06539A6CBF
:103B90002169C1F31201521A1A652C2303FB065343
:103BA000012283F861200021D965A26093F83F309B
:103BB000032B76D8DFE803F06B936B82A36813F4D2
:103BC000807F06D1A36813F0200F13D02023A360B9
:103BD000CFE74FF48073A3602C2303FB010307227C
:103BE00083F86120E36843F00203E360006800F0BB
:103BF0003BFEBEE7A36813F0080F17D1A36813F4C8
:103C0000806F25D1A36813F0800FB2D0E36843F032
:103C10000203E3602C2303FB0103062283F86120E7
:103C2000006800F021FE8023A360A2E7E36843F070
:103C30000203E3602C2303FB0103052283F86120C8
:103C40001023A3600823A360006800F00DFE90E736
:103C5000E36843F00203E3602C2303FB0103082223
:103C600083F861201023A3604FF48063A360006891
:103C700000F0FAFD7DE7E36843F00203E3603146BC
:103C8000286800F0F1FD4FF40073A360F8BDE3680D
:103C900043F00203E3603146286800F0E5FD10239D
:103CA000A3602B69012B2AD02C2303FB065393F826
:103CB000542082F0010283F85420E7E7D7F800355A
:103CC00043F00053C7F800352C2303FB06530122B1
:103CD00083F8602031462846FFF758FCE1E72C23A3
:103CE00003FB0653012283F8602093F854105140DF
:103CF00083F8541031462846FFF748FCD1E72C23BF
:103D000003FB06539A6CB3F84030B2FBF3F313F0A5
:103D1000010FBBD02C2303FB065393F8542082F0F1
:103D2000010283F85420B1E7A36813F0020F61D0B9
:103D3000E36823F00203E3602C2303FB065393F8AC
:103D40006130013B072B0BD8DFE803F0040A3B0A84
:103D5000161D4A1D2C2303FB0653012283F8602005
:103D60000223A3602C2303FB065393F86020314603
:103D70002846FFF70BFC89E72C2303FB065305229B
:103D800083F86020ECE72C2202FB0652D36D01334E
:103D9000D365022B06D913460022DA65042283F884
:103DA0006020DDE72C2303FB0653022283F860200A
:103DB000D7F8003523F0804343F00043C7F80035BF
:103DC000CEE72C2303FB0653022283F86020D7F8AA
:103DD000003523F0804343F00043C7F80035BFE7C8
:103DE0002C2303FB0653DA6D0132DA65042283F8D3
:103DF0006020B5E7A36813F0100F3FF447AF2C2302
:103E000003FB065393F83F30032B0CD00BB1022B6E
:103E100006D12C2303FB06530022DA652B6983B1FC
:103E20001023A36032E72C2303FB06530022DA653C
:103E3000E36843F00203E3603146286800F014FDB4
:103E4000EEE72C2303FB0653032283F86120E3688B
:103E500043F00203E3603146286800F005FDDFE728
:103E600070B5036803EB411303F5A064A26812F078
:103E7000040F06D00423A360E36843F00203E36069
:103E800070BD05460E46A26812F0200F18D0202300
:103E9000A3602C2303FB010393F83D30012BEFD1EA
:103EA0002C2303FB0103002283F83D20022283F828
:103EB0006020E3681343E360006800F0D5FCDFE7AF
:103EC000A26812F4007F24D1A26812F0010F2BD057
:103ED0002C2303FB01030022DA65A36813F0400FD3
:103EE00007D02C2303FB0103012283F83D2040234C
:103EF000A360E36843F00203E3603146286800F002
:103F0000B3FC0122A2602C2303FB065383F861203B
:103F1000B6E7E36843F00203E360006800F0A4FC46
:103F20004FF40073A360ABE7A26812F0400F29D1F1
:103F3000A26812F0080F3AD1A26812F0100F46D012
:103F40002C2303FB01030022DA65032283F861209E
:103F500093F83D305BB92C2303FB010393F83C300D
:103F60002BB92C2303FB0103012283F83D20E368D6
:103F700043F00203E3603146286800F075FC10232B
:103F8000A3607DE72C2303FB0103042283F8612057
:103F9000012283F83D200022DA65E36843F0020342
:103FA000E360006800F060FC4023A36068E708233A
:103FB000A360E36843F00203E360006800F054FC90
:103FC0002C2303FB0653052283F8612058E7A268DF
:103FD00012F0800F29D0036983B12C2202FB010269
:103FE000D36D0133D365022B16D82C2303FB0103B9
:103FF000022283F860208023A36041E72C2303FB87
:104000000103062283F86120E36843F00203E360C2
:10401000006800F029FCEEE713460022DA6504226E
:1040200083F86020FFF7B2FAE5E7A26812F4806F28
:1040300016D1A26812F0020F3FF422AFE26822F01C
:104040000202E2602C2202FB010292F86120013A96
:10405000072A52D8DFE802F017514B5D646B516BB1
:10406000E36843F00203E360006800F0FDFB102307
:10407000A3604FF48063A3602C2303FB0653082244
:1040800083F86120FCE62C2303FB0603012283F85E
:10409000602093F83F30023BDBB293422DD8016998
:1040A00041B92C2303FB060393F8552082F001024B
:1040B00083F85520012920D12C2303FB0653DB6C08
:1040C000DBB12C2202FB0652B2F840201344013B24
:1040D000B3FBF2F313F0010F0FD02C2303FB0653B5
:1040E00093F8552082F0010283F8552005E02C2337
:1040F00003FB0603022283F860200223A3602C2323
:1041000003FB065393F8602031462846FFF73EFA3A
:10411000B6E62C2303FB0603022283F86020ECE7BB
:104120002C2303FB0603052283F86020E5E72C21FE
:1041300001FB0601CA6D0132CA65022A05D90022B7
:10414000CA65042281F86020D7E72C2202FB060210
:10415000022182F86010D3F8002522F0804242F05C
:104160000042C3F80025C8E7F8B5044605682846AC
:1041700000F0CAF9012800D0F8BD206800F0C0F9AD
:104180000028F9D0206800F0BBF910F4001F03D01C
:1041900023684FF400125A61206800F0B1F910F45E
:1041A000801F03D023684FF480125A61206800F00A
:1041B000A7F910F0806F03D023684FF080625A6136
:1041C000206800F09DF910F0020F02D0236802224F
:1041D0005A61206800F094F910F0005F08D023685D
:1041E0004FF000525A61D5F8403413F0010F1DD042
:1041F000206800F085F910F0807F26D1206800F05B
:104200007FF910F0080F24D1206800F079F910F040
:10421000100F25D1206800F073F910F0007FABD0AB
:10422000206800F01CFB074600262CE010212846E1
:1042300000F0FEF8284600F013F90121206800F094
:104240000FFA2046FFF79CF9D2E72046FFF727FC3C
:10425000D4E72046FFF788F9236808225A61D3E79C
:104260002268936923F0100393612046FFF768FAF0
:104270002268936943F010039361CBE7F1B22046C3
:10428000FFF7EEFD0136A368B34212D906F00F0323
:1042900027FA03F313F0010FF4D005EB4613D3F81C
:1042A000003513F4004FE9D0F1B22046FFF74FFC80
:1042B000E8E723684FF000725A615DE790F8F83242
:1042C000012B0ED010B50446012180F8F8120068C9
:1042D00000F004FA206800F09EF8002084F8F8024C
:1042E00010BD0220704790F8F832012B0BD010B5AA
:1042F0000446012380F8F832006800F0EDFB00204E
:1043000084F8F80210BD0220704708B5006800F07C
:10431000C6F908BD2C2303FB010090F8600070472C
:104320002C2303FB0100006D704708B5006800F006
:1043300003FA08BD08B5006800F0F3F908BD0000F5
:1043400082B000230193019B013301930E4A9342F3
:1043500014D80369002BF6DA00230193036943F0B4
:1043600001030361019B01330193074A934208D87B
:10437000036913F0010FF5D1002000E0032002B023
:1043800070470320FBE700BF400D030084B010B569
:10439000044603A880E80E00089B012B1FD1A36BE5
:1043A00023F48033A363E36823F4840323F04003FE
:1043B000E360E36823F44013E3600F9B012B09D013
:1043C0002046FFF7BDFF069B012B1BD0BDE8104028
:1043D00004B07047E36843F48013E360F0E7E368F8
:1043E00043F04003E3602046FFF7AAFF0C9B23B98C
:1043F000A36B43F48033A363E5E7A36B23F480331B
:10440000A363E0E7A36843F00603A360A36843F057
:104410002003A360DAE7836843F001038360002090
:104420007047836823F00103836000207047000019
:1044300082B000230193890141F020010161019BB9
:1044400001330193054A934205D8036913F0200F05
:10445000F5D1002000E0032002B07047400D0300BA
:1044600082B00023019310230361019B0133019368
:10447000054A934205D8036913F0100FF5D10020C7
:1044800000E0032002B07047400D030010B59DF816
:10449000084084B903334FEA930E4FF0000C08E054
:1044A00000EB023303F5805351F8044B1C600CF110
:1044B000010CF445F4D3002010BD10B58446084625
:1044C0004FEA920E02F00302002305E00CF5805142
:1044D000096840F8041B01337345F7D37AB10CF532
:1044E000805CDCF800400021CBB2DB0024FA03F34F
:1044F00000F8013B0131013A92B2002AF4D110BD1B
:104500004269806910407047406900F001007047BF
:1045100038B50546C36823F0C043C360012913D0F2
:1045200019BBC36843F08043C3600024012001F03D
:104530009BFC01342846FFF7E7FF08B1312CF5D981
:10454000322C14D0002038BDC36843F00053C36040
:104550000024012001F088FC01342846FFF7D4FF35
:104560000128EDD0312CF4D9EAE70120EBE7012056
:10457000E9E7000084B010B5044603A880E80E0007
:104580000023C4F8003EA36B43F40013A363A36BA2
:1045900023F40023A363A36B23F48023A363E36BBF
:1045A00013F4807F10D0059B012B06D0D4F8003483
:1045B00023F00403C4F800340CE0D4F8003443F0D2
:1045C0000403C4F8003405E0D4F8003423F00403F5
:1045D000C4F8003410212046FFF72AFF2046FFF7D9
:1045E0003FFF002209E004EB42134FF0FF31C3F814
:1045F00008150021C3F80C150132049B9342F2D830
:104600000023A3614FF0FF336361E36B13F4807FFA
:1046100017D04FF40073636203F18073A3620D4BF4
:10462000C4F80031069B1BB9A36943F01003A361D2
:10463000A269094B1343A3610020BDE8104004B0F8
:1046400070478023636203F5C003A362034BC4F881
:104650000031E7E70003E000080020A3E00040008D
:1046600000F5806CD0F8003423F00303C0F8003468
:10467000D0F8003401F003021343C0F800340129DC
:1046800003D0022906D0002070474BF68033CCF8C7
:104690000430F8E741F27073CCF80430F3E730B53A
:1046A00083B0044600250195D0F840340193019B66
:1046B00023F02E030193019B43F48073C0F8403430
:1046C000642001F0D1FB019B23F48073C4F84034D3
:1046D0000A2001F0C9FB284603B030BD82B0002398
:1046E0000193D0F840340193019B23F02E030193F2
:1046F000019B13F4805F01D101290CD0019B13F4BD
:10470000805F05D021B9019B23F48053C0F8403469
:10471000002002B07047019B43F48053C0F840343E
:10472000ECE782B000230193D0F840340193019864
:10473000C0F3414002B0704700F58060806880B2ED
:1047400070472DE9F84391461C469DF8245000EB34
:10475000411606F5A0634FF0FF329A60032D69D829
:10476000DFE805F0025A021840F29D42DA6019F0C3
:10477000800F09D1C26B12F4807F5DD0DA6842F0FD
:104780006002DA6000270CE0DA6842F48072DA60D6
:10479000002706E040F29D62DA6019F0800F35D103
:1047A0000027D0F8183401F00F0101228A4013438A
:1047B000C0F81834836943F00073836119F0800FE7
:1047C0003CD14FF00008FFF7ACFF9DF82030022BE2
:1047D00037D00022A30503F0FE534FEAC92909F49C
:1047E000F04943EA0903A90401F440210B43BDF851
:1047F0002810C1F30A010B4343EA08031343C6F828
:104800000035032D24D03846BDE8F883DA6842F439
:104810008072DA600027C4E740F22522DA6019F0DE
:10482000800F01D10027BCE7DA6842F4C072DA6079
:104830000027B6E70127B4E70027B2E74FF40048A6
:10484000C1E7022802D04FF40032C3E70022C1E7DB
:10485000D6F8003543F00053C6F80035D3E700F52D
:104860008060406980B2704730B400EB411101F5BF
:10487000A062D1F80035C3F38143D1F800458568C3
:1048800015F0200F02D0E40F002C55D033B3022BCB
:1048900024D0D1F8003543F08043C1F80035D0F87A
:1048A000103413F47F034AD1D1F8000520F0004002
:1048B000C1F80005D1F8000540F00040C1F800053E
:1048C000D1F8000520F40040C1F800050133B3F52C
:1048D0007A7F31D811680029F8DB2DE0D1F8003556
:1048E00043F08043C1F80035836813F0200F23D1D3
:1048F000C36A13F47F0319D1D1F8000520F00040FA
:10490000C1F80005D1F8000540F00040C1F80005ED
:10491000D1F8000520F40040C1F800050133B3F5DB
:104920007A7F09D811680029F8DB05E0D1F8003555
:1049300043F00043C1F80035002030BC7047D1F887
:10494000003543F00043C1F80035F5E700EB4110B6
:10495000064AC0F81025D0F8003523F0804343F014
:104960000043C0F800350020704700BF00000880F9
:1049700030B585B04B78C46B14F4807F07D00C79C8
:104980002CB9012A16D012B94C79012C1FD04C69D0
:104990000CB30D8904EB050C0CF1FF3CBCFBF5FCE2
:1049A0001FFA8CFCBCF5807F17D92D020D614FF4E6
:1049B000807C12E0CC790CB1022CE4D100EB4314E2
:1049C000D4F80C5525F07005C4F80C55DBE7497890
:1049D000FFF7BCFF6FE04FF0010CCD78002D51D0F8
:1049E0000C8904FB0CF40C610C69C4F31204394DFE
:1049F00005EACC4C44EA0C0491F80AC04FEA4C7C1E
:104A00000CF0C04C00EB431344EA0C04C3F810450F
:104A100012B1CC68C3F8144500F58065AC6814F099
:104A2000010F0CBF4FF0010C4FF0000CD3F8004504
:104A300024F00054C3F80045D3F8004544EA4C7410
:104A4000C3F80045D3F800450394039C24F0804448
:104A50000394CC78C4B1039C44F400440394039CB5
:104A600044F000440394039CC3F800451ABBCB7880
:104A70000BBB4B69FBB1CA79032A15D8DFE802F0FA
:104A8000091E091E0C61AFE7039C24F40044039443
:104A9000E5E70333C26A92B2C3F38F039A4203D2AB
:104AA000836943F020038361002300938B8A4A7853
:104AB000C968FFF7EBFC002005B030BD03332A695D
:104AC00092B2C3F38F039A42EED2836943F08063BC
:104AD0008361E9E70000F81F10B50446FFF7A1FC69
:104AE00010212046FFF7A4FC2046FFF7B9FC002266
:104AF0000AE004EB4211D1F8003523F0802343F0A3
:104B00008043C1F8003501320F2AF2D90020034654
:104B100000E001300F2813D804EB401C0CF5A06115
:104B2000DCF8002522F4004242F04042CCF8002597
:104B30000133B3F57A7FECD80A68002AF8DBE8E79E
:104B40004FF0FF33C4F8143463612046FFF763FC71
:104B5000002010BD002800F0E08170B582B004464E
:104B6000036813F0010F3BD09F4B9B6803F00C03CD
:104B7000042B2CD09C4B9B6803F00C03082B21D0FA
:104B80006368B3F5803F4FD0B3F5A02F52D0964B5A
:104B90001A6822F480321A601A6822F480221A609D
:104BA0006368002B50D001F059F905468E4B1B6805
:104BB00013F4003F14D101F051F9401B6428F5D9DA
:104BC0000320B1E1884B5B6813F4800FD8D0864B8B
:104BD0001B6813F4003F03D06368002B00F09F8133
:104BE000236813F0020F54D07F4B9B6813F00C0F17
:104BF0003ED07D4B9B6803F00C03082B33D0E36859
:104C0000002B68D0794B01221A6001F027F9054684
:104C1000754B1B6813F0020F54D101F01FF9401BB4
:104C20000228F5D903207FE16F4A136843F48033EB
:104C30001360B5E76C4B1A6842F480221A601A6858
:104C400042F480321A60ABE701F008F90546664B82
:104C50001B6813F4003FC3D001F000F9401B642827
:104C6000F5D9032060E1604B5B6813F4800FC6D177
:104C70005D4B1B6813F0020F03D0E368012B40F07B
:104C80005081594A136823F0F803216943EAC103AC
:104C90001360236813F0080F42D063696BB3534B62
:104CA0000122C3F8802E01F0D9F805464E4B5B6F08
:104CB00013F0020F34D101F0D1F8401B0228F5D9CE
:104CC000032031E1484A136823F0F803216943EADD
:104CD000C1031360DDE7454B00221A6001F0BEF806
:104CE0000546414B1B6813F0020FD2D001F0B6F815
:104CF000401B0228F5D9032016E13C4B0022C3F8E3
:104D0000802E01F0ABF80546374B5B6F13F0020FB6
:104D100006D001F0A3F8401B0228F5D9032003E1D7
:104D2000236813F0040F77D02F4B1B6C13F0805FB8
:104D300033D1002301932C4B1A6C42F080521A6439
:104D40001B6C03F080530193019B0125284B1B68CA
:104D500013F4807F23D0A368012B34D0052B38D0E7
:104D6000214B1A6F22F001021A671A6F22F0040217
:104D70001A67A368002B3DD001F070F806461A4B65
:104D80001B6F13F0020F46D101F068F8801B41F24F
:104D900088339842F3D90320C6E00025D6E7144AA9
:104DA000136843F48073136001F058F80646104B03
:104DB0001B6813F4807FCED101F050F8801B0228CD
:104DC000F5D90320B0E0084A136F43F001031367DD
:104DD000CFE7054B1A6F42F004021A671A6F42F0D0
:104DE00001021A67C5E700BF0038024000004742D1
:104DF0000070004001F032F80646524B1B6F13F072
:104E0000020F08D001F02AF8801B41F28833984243
:104E1000F3D9032088E0EDB9A369002B00F083806B
:104E2000484A926802F00C02082A51D0022B17D08F
:104E3000454B00221A6601F011F80446414B1B68ED
:104E400013F0007F42D001F009F8001B0228F5D9C9
:104E5000032069E03B4A136C23F080531364DBE7C3
:104E6000394B00221A6600F0F9FF0546354B1B68E6
:104E700013F0007F06D000F0F1FF401B0228F5D9A7
:104E8000032051E0E369226A1343626A43EA821312
:104E9000A26A5208013A43EA0243E26A43EA026321
:104EA000284A5360284B01221A6600F0D7FF0446B7
:104EB000244B1B6813F0007F06D100F0CFFF001BCE
:104EC0000228F5D903202FE000202DE000202BE060
:104ED000012B2BD01B4B5B6803F48001E2699142EC
:104EE00026D103F03F02216A8A4223D1616A47F644
:104EF000C0721A40B2EB811F1ED103F44031A26A86
:104F00005208013AB1EB024F18D103F07063E26A24
:104F1000B3EB026F14D1002006E00120704701209E
:104F200002E0012000E0002002B070BD0120FBE79C
:104F30000120F9E70120F7E70120F5E70120F3E779
:104F40000120F1E7003802400000474208B5264B37
:104F50009B6803F00C03042B41D0082B41D1224B5A
:104F60005A6802F03F025B6813F4800F12D01E4BA8
:104F70005968C1F388111D480023A1FB0001FDF70A
:104F8000C9FE194B5B68C3F3014301335B00B0FBFF
:104F9000F3F008BD144B5868C0F388104FEA401C6A
:104FA000BCEB000C6EEB0E0E4FEA8E1343EA9C63D3
:104FB0004FEA8C11B1EB0C0163EB0E03DB0043EA0B
:104FC0005173C90011EB000C43F100039902002357
:104FD0004FEA8C2041EA9C51FDF79CFED1E7034843
:104FE000D7E70348D5E700BF0038024040787D018D
:104FF0000024F400002800F09B8070B50D460446A4
:105000004F4B1B6803F007038B4208D2CBB24C4ACC
:105010001370136803F007038B4240F08B80236802
:1050200013F0020F17D013F0040F04D0454A936811
:1050300043F4E0539360236813F0080F04D0414A0F
:10504000936843F4604393603E4A936823F0F0030F
:10505000A1680B439360236813F0010F32D063689B
:10506000012B21D09A1E012A25D9364A126812F046
:10507000020F61D033498A6822F0030213438B6028
:1050800000F0ECFE06462F4B9B6803F00C036268B1
:10509000B3EB820F16D000F0E1FE801B41F28833A3
:1050A0009842F0D9032042E0264A126812F4003FE9
:1050B000E0D101203BE0234A126812F0007FD9D1F1
:1050C000012034E01E4B1B6803F00703AB4207D9F5
:1050D000EAB21B4B1A701B6803F00703AB422DD1D9
:1050E000236813F0040F06D0164A936823F4E053A4
:1050F000E1680B439360236813F0080F07D0114A4F
:10510000936823F46043216943EAC1039360FFF786
:105110001DFF0C4B9B68C3F303130B4AD35CD840B1
:105120000A4B18600A4B186800F04CFE002070BD56
:10513000012070470120FAE70120F8E70120F6E797
:10514000003C024000380240E84B01085C000020AF
:1051500064000020014B1868704700BF5C0000200D
:1051600008B5FFF7F7FF044B9B68C3F38223034A9C
:10517000D35CD84008BD00BF00380240E04B0108B6
:1051800008B5FFF7E7FF044B9B68C3F34233034ABC
:10519000D35CD84008BD00BF00380240E04B010896
:1051A00010B40A490C6924F440740C610C6944F48D
:1051B00040740C610C6944F001040C610260BFF39F
:1051C0006F8F43605DF8044B704700BF003C0240A6
:1051D000074B1A6922F440721A611A6942F400728C
:1051E0001A611A6942F001021A610160704700BF3A
:1051F000003C0240074B1A6922F440721A611A6996
:1052000042F480721A611A6942F001021A61018047
:10521000704700BF003C0240064B1A6922F44072FE
:105220001A611A691A611A6942F001021A61017061
:10523000704700BF003C0240274BDB6813F0100FA3
:1052400007D0264AD36943F01003D361224B1022C2
:10525000DA60214BDB6813F0200F07D01F4AD369B7
:1052600043F00803D3611C4B2022DA601A4BDB6841
:1052700013F0400F07D0194AD36943F00403D361F8
:10528000154B4022DA60144BDB6813F0800F07D017
:10529000124AD36943F00203D3610F4B8022DA60D4
:1052A0000D4BDB6813F4807F08D00C4AD36943F0C0
:1052B0000103D361084B4FF48072DA60064BDB6860
:1052C00013F0020F07D0054AD36943F02003D361DE
:1052D000014B0222DA607047003C0240682A00203D
:1052E000094B1B69002B01DB00207047064B074A66
:1052F0005A6002F188325A601B69002B01DB0020E2
:1053000070470120704700BF003C02402301674501
:10531000034A136943F0004313610020704700BF44
:10532000003C0240014BD869704700BF682A00204A
:1053300038B50446144B0022DA6100F08FFD0546B3
:10534000124BDB6813F4803F0AD0B4F1FF3FF7D073
:1053500024B100F083FD401BA042F1D903200DE0F1
:105360000A4BDB6813F0010F02D0084B0122DA6010
:10537000064BDB6813F4F97F01D1002038BDFFF73D
:105380005BFF0120FAE700BF682A0020003C0240D2
:10539000F8B516461B4A127E012A30D004460D4647
:1053A0001F46184B01221A764CF25030FFF7C0FF0F
:1053B00090B9ACB1012C18D0022C1BD032463B4620
:1053C0002846FFF7EDFE4CF25030FFF7B1FF0E4AD2
:1053D000136923F0010313610A4B00221A76F8BD0A
:1053E000F1B22846FFF718FFEDE7B1B22846FFF704
:1053F00001FFE8E731462846FFF7EAFEE3E702202F
:10540000EDE700BF682A0020003C0240074B1A6904
:1054100022F440721A611A6942F004021A611A6990
:1054200042EA002242F480321A617047003C024096
:10543000012905D0022906D039B14FF4407104E0AA
:105440004FF4807101E04FF400710B4B1A6922F4A4
:1054500040721A611A690A431A611A6922F0F80245
:105460001A611A6942EAC00040F0020018611A6924
:1054700042F480321A617047003C0240164B1B68B0
:1054800013F4007F10D0144B1A6822F400721A60D3
:105490001A6842F400621A601A6822F400621A6004
:1054A0001A6842F400721A600B4B1B6813F4806F89
:1054B00010D0094B1A6822F480621A601A6842F40C
:1054C00080521A601A6822F480521A601A6842F4F4
:1054D00080621A60704700BF003C0240F8B5224B62
:1054E0001B7E012B3ED004460E461F4B01221A762E
:1054F0004CF25030FFF71CFF074670BB4FF0FF33F4
:1055000033602368012B16D0A568E368A2681344B2
:10551000AB4220D9217C2846FFF78AFF4CF250305D
:10552000FFF706FF114A136923F0FA0313610746D8
:1055300080B90135E9E76168207CFFF767FF4CF22D
:105540005030FFF7F5FE0746084A136923F00403BD
:10555000136100E03560FFF791FF034B00221A76DC
:105560003846F8BD0227FBE7682A0020003C0240CD
:1055700000230F2B00F2D78070B582B065E08568FC
:105580004FEA430E032404FA0EF425EA0405CC681E
:1055900004FA0EF42C438460446824EA02044A6846
:1055A000C2F300129A40224342605CE0DC080834F7
:1055B00050F8242003F00705AD004FF00F0E0EFA4F
:1055C00005FE22EA0E0E0A69AA4042EA0E0240F8DF
:1055D00024205CE0042200E0002202FA0EF22A43BA
:1055E0000234514D45F82420504A14686FEA0C02E9
:1055F00024EA0C054E6816F4803F01D04CEA0405FD
:105600004A4C2560646802EA04054E6816F4003FBF
:1056100001D04CEA0405454C6560A46802EA040523
:105620004E6816F4801F01D04CEA04053F4CA5607B
:10563000E46822404D6815F4001F01D04CEA0402D2
:105640003A4CE26001330F2B6BD801229A400C6870
:1056500004EA020C32EA0404F4D14C6804F00304B6
:10566000013C012C8BD94A6802F00302032A09D0BD
:10567000C4685D000322AA4024EA02048A68AA40A2
:105680002243C2604A6802F00302022A8ED00468F4
:105690004FEA430E032202FA0EF224EA02044A6899
:1056A00002F0030202FA0EF2224302604A6812F488
:1056B000403FC7D0002201921D4A546C44F48044FC
:1056C0005464526C02F480420192019A9C08A51C19
:1056D000154A52F8255003F0030E4FEA8E0E0F22A2
:1056E00002FA0EF225EA0205124A90423FF474AF24
:1056F00002F5806290420ED002F5806290420CD09A
:1057000002F5806290420AD002F5806290423FF436
:1057100061AF072261E701225FE702225DE7032212
:105720005BE702B070BD704700380140003C0140AB
:10573000003802400000024000230F2B7CD8F0B557
:105740002DE0042500E0002505FA0CF5A54257D010
:1057500004685D004FF0030C0CFA05FC24EA0C040D
:1057600004604FEAD30E0EF1080E50F82E4003F0FD
:105770000706B6000F25B54024EA050440F82E4080
:10578000C46824EA0C04C460446824EA020242604B
:10579000826822EA0C02826001330F2B4BD801226F
:1057A0009A4002EA010632EA0104F5D14FEA930E6B
:1057B0000EF10205214C54F8254003F0030C4FEA8A
:1057C0008C0C0F2505FA0CF73C401D4DA842BAD0B1
:1057D00005F58065A8420DD005F58065A8420BD07F
:1057E00005F58065A84209D005F58065A842A8D0D6
:1057F0000725A9E70125A7E70225A5E70325A3E7D4
:10580000104C256825EA06052560656825EA060529
:105810006560A56825EA0605A560E56825EA060530
:10582000E560064E0EF1020456F8245025EA0705FD
:1058300046F824508CE7F0BD704700BF00380140A7
:1058400000000240003C014008B5054B5B69034283
:1058500000D108BD024B58610CF046FEF9E700BFCD
:10586000003C014030B405682C6824F480242C608E
:10587000046863608368402B05D0036899600368FF
:10588000DA6030BC704703689A600368D960F8E753
:1058900010B40368D9B210390A4AA2FB01421209B6
:1058A000094CA25CC2655F2907D96FF30903043371
:1058B0008365806D5DF8044B70476FF30903836562
:1058C000F7E700BFABAAAAAA0C4C0108836A826959
:1058D00092B9012B0AD0022B02D00BB100207047E5
:1058E000C36A13F0807F28D100207047C36AB3F1E8
:1058F000C07F24D000207047B2F5005F09D0022B92
:1059000025D9032B25D1C36A13F0807F23D1002032
:105910007047032B03D8DFE803F01404140A0020B7
:105920007047C36A13F0807F0DD100207047C36AAF
:10593000B3F1C07F09D000207047012070470120DB
:1059400070470120704701207047012070470120F7
:1059500070470020704701207047000070B5044672
:1059600000F07CFA002C5BD00546022384F8353029
:10597000002384F834302268136823F00103136095
:1059800023681A6812F0010F0AD000F067FA431B6F
:10599000052BF5D920236365032084F8350070BDFD
:1059A0001A68204911406268A0680243E068024317
:1059B0002069024360690243A0690243E06902432F
:1059C000206A02430A43616A04291ED01A602668CD
:1059D000756925F00705636A1D43042B07D1A36A87
:1059E0001D43E36A1BB12046FFF770FF90B9756154
:1059F0002046FFF74DFFE26D3F2393408360002078
:105A00006065012384F83530C9E7E16A206B014302
:105A10000A43DBE740236365012084F83500BEE7D5
:105A20000120BCE73F8010F000282DD038B5054696
:105A300090F83500C0B2022825D02A68136823F0F8
:105A4000010313602B6800241C602B685C602B68CA
:105A50009C602B68DC602B681C612B6821225A61DA
:105A60002846FFF715FFEC632C646C64AC64EC64AF
:105A70002C65EA6D3F23934083606C6585F8354063
:105A800085F83440204638BD0120704738B50446BB
:105A9000856D90F8340001282BD0012084F8340063
:105AA00094F83500C0B2012804D0002384F83430C3
:105AB000022038BD022084F83500002060652046B1
:105AC000FFF7D0FEE26D3F239340AB60226813687E
:105AD00043F016031360236C23B12268136843F06C
:105AE000080313602268136843F001031360002069
:105AF000DFE70220DDE70000F0B583B004460023B5
:105B00000193724B1D68724BA3FB0535AD0A876D7F
:105B10003E68C26D08239340334210D003681A6870
:105B200012F0040F0BD01A6822F004021A60C26D42
:105B300008239340BB60436D43F001034365E26D6E
:105B400001239340334209D02268526912F0800F3A
:105B500004D0BB60636D43F002036365E26D042310
:105B60009340334209D02268126812F0020F04D029
:105B7000BB60636D43F004036365E26D10239340E3
:105B8000334224D02268126812F0080F1FD0BB6085
:105B900023681A6812F4802F0DD01B6813F4002FAD
:105BA00004D1236C9BB12046984710E0A36C73B1DD
:105BB000204698470BE01A6812F4807F03D11A68D8
:105BC00022F008021A60236C0BB120469847E26D60
:105BD00020239340334255D02268126812F0100FF0
:105BE00050D0BB6094F83530DBB2052B0ED0236863
:105BF0001A6812F4802F33D01B6813F4002F2AD1B7
:105C0000636C002B3ED0204698473BE02268136827
:105C100023F0160313602268536923F08003536155
:105C2000236CA3B12268136823F008031360E26DAC
:105C30003F239340BB60012384F83530002384F870
:105C40003430236D002B3FD0204698473CE0A36CB6
:105C5000002BE7D1EBE7E36BA3B12046984711E0B7
:105C60001A6812F4807F09D11A6822F010021A60B3
:105C7000012384F83530002384F83430E36B0BB112
:105C800020469847636DFBB1636D13F0010F17D089
:105C9000052384F835302268136823F0010313606C
:105CA000019B01330193AB4204D823681B6813F0B6
:105CB000010FF5D1012384F83530002384F8343006
:105CC000E36C0BB12046984703B0F0BD5C000020A8
:105CD000B5814E1B002808DB0901C9B200F1604004
:105CE00000F5614080F80013704700F00F000901D3
:105CF000C9B2014B1954704714ED00E000B500F033
:105D00000700C0F1070CBCF1040F28BF4FF0040CD2
:105D1000031D062B0FD9C31E4FF0FF3E0EFA0CF0E9
:105D200021EA000199400EFA03FE22EA0E0241EA3E
:105D300002005DF804FB0023EEE70000074AD36889
:105D400023F4E0631B041B0C000200F4E060034337
:105D500043F0BF6343F40033D360704700ED00E0CD
:105D600010B50446054BD868C0F30220FFF7C6FF04
:105D700001462046FFF7AEFF10BD00BF00ED00E07A
:105D8000002807DB00F01F02400901239340024A6C
:105D900042F82030704700BF00E100E00138B0F168
:105DA000807F0BD24FF0E0235861054AF02182F842
:105DB00023100020986107221A6170470120704764
:105DC00000ED00E010B504460E4B1A784FF47A73DC
:105DD000B3FBF2F30C4A1068B0FBF3F0FFF7DEFF01
:105DE00068B90F2C01D901200AE0002221464FF0AA
:105DF000FF30FFF7B5FF054B1C60002000E00120DD
:105E000010BD00BF600000205C0000206400002086
:105E100008B50B4B1A6842F400721A601A6842F413
:105E200080621A601A6842F480721A600320FFF7D9
:105E300085FF0F20FFF7C6FFFDF724F9002008BDFE
:105E4000003C0240034A1168034B1B780B4413606B
:105E5000704700BF882A002060000020014B1868AE
:105E6000704700BF882A002038B50446FFF7F6FFC8
:105E70000546B4F1FF3F02D0044B1B781C44FFF7EA
:105E8000EDFF401BA042FAD338BD00BF60000020E8
:105E90004A4B5A6822F440325A605A6841680A43B1
:105EA0005A600268536823F4807353600268536831
:105EB000016943EA012353600268536823F0407389
:105EC00053600268536881680B43536002689368AB
:105ED00023F40063936002689368C1680B43936086
:105EE000826A374B9A4257D00268936823F07063F6
:105EF000936002689368816A0B43936002689368B9
:105F000023F04053936002689368C16A0B43936027
:105F10000268936823F00203936002689368017E2D
:105F200043EA4103936090F82030002B3FD0026891
:105F3000536843F4006353600268536823F460437A
:105F4000536001684B68426A013A43EA42334B604E
:105F50000268D36A23F47003D3620168CB6AC26912
:105F6000013A43EA0253CB620268936823F4007358
:105F700093600268936890F8301043EA412393607D
:105F80000268936823F480639360026893684169B0
:105F900043EA8123936070470268936823F070633B
:105FA00093600268936823F040539360B0E70268FF
:105FB000536823F400635360CAE700BF0023014025
:105FC0000100000F38B310B50446036C43B1236CD5
:105FD00013F0100F0BD00120002384F83C3010BDCB
:105FE000FDF76CF80023636484F83C30EFE7236C22
:105FF00023F4885323F0020343F002032364204672
:10600000FFF746FF00206064236C23F0030343F096
:1060100001032364E0E701207047C8B110B50446CE
:10602000036C43F0020303640268936823F00103E6
:10603000936003689B6813F0010F03D0002084F87D
:106040003C0010BDFDF7A2F8002363642364F5E76C
:106050000120704782B00023019390F83C30012B5F
:106060006ED0012380F83C3003689A6812F0010F6B
:1060700013D19A6842F001029A60344B1B68344A8B
:10608000A2FB03239B0C03EB4303019302E0019B60
:10609000013B0193019B002BF9D10268936813F037
:1060A000010F42D0036C23F4E06323F0010343F4B7
:1060B00080730364536813F4806F05D0036C23F47A
:1060C000405343F480530364036C13F4805F19D08E
:1060D000436C23F006034364002380F83C306FF0E8
:1060E000220313601B4B5B6813F01F0F0DD1036875
:1060F0009A6812F0405F25D19A6842F080429A6017
:1061000000201BE000234364E6E70368124A934241
:1061100001D0002012E09A6812F0405F14D19A6812
:1061200042F080429A60002008E0036C43F01003C4
:106130000364436C43F001034364002002B07047E2
:106140000220FBE70020F9E70020F7E75C000020D1
:1061500083DE1B43002301400020014010B582B0C4
:1061600013460022019290F83C20012A00F094800E
:106170000446012280F83C200268906810F0010F6C
:1061800013D1906840F001009060464A1068464A7A
:10619000A2FB0020800C00EB4000019002E001987F
:1061A0000138019001980028F9D12268906810F414
:1061B000807F03D0906820F480709060226890689F
:1061C00010F0010F5DD0206C20F4E06020F00100A1
:1061D00040F480702064526812F4806F05D0226C05
:1061E00022F4405242F480522264226C12F4805F06
:1061F00034D0626C22F006026264002284F83C20F3
:10620000A26B2A48D063A26B29481064A26B29486C
:10621000D06422686FF0220010602068426842F06B
:10622000806242602068826842F4807282602068E6
:106230000A4600F14C01A06BFFF728FC1E4B5B687F
:1062400013F01F0F0DD123689A6812F0405F25D11B
:106250009A6842F080429A6000201BE0002262644B
:10626000CBE72368154A934201D0002012E09A68D8
:1062700012F0405F14D19A6842F080429A60002088
:1062800008E0236C43F010032364636C43F00103C4
:106290006364002002B010BD0220FBE70020F9E794
:1062A0000020F7E75C00002083DE1B43E762000864
:1062B000C5620008D16200080023014000200140AF
:1062C0007047704708B5806BFFF7FBFF08BD70474C
:1062D00008B5806B40230364436C43F004034364BC
:1062E000FFF7F5FF08BD08B50346806B026C12F09E
:1062F000500F25D1036C43F40073036403689A685C
:1063000012F0405F19D1027EBAB9DA6A12F4700F46
:1063100003D09A6812F4806F0FD15A6822F02002DD
:106320005A60036C23F480730364036C13F4805F7E
:1063300003D1036C43F001030364FFF7C1FF08BD01
:10634000026C12F0100F04D1826BD26C1846904789
:10635000F5E7FFF7BCFFF2E730B482B0002201920C
:1063600090F83C20012A00F0B6800346012280F814
:106370003C200A68092A40D90468E06892B202EB1E
:1063800042021E3A4FF0070C0CFA02F220EA020217
:10639000E2601C68E0680A8802EB42021E3A8D68DF
:1063A00005FA02F20243E2604A68062A3CD81C68F9
:1063B000606B02EB8202053A4FF01F0C0CFA02F2FE
:1063C00020EA020262631C68606B4A6802EB820288
:1063D000053AB1F800C00CFA02F202436263186891
:1063E0003E4A904250D018683C4A904255D0002016
:1063F00083F83C0002B030BC70470468206992B258
:1064000002EB42024FF0070C0CFA02F220EA020201
:1064100022611C6820690A8802EB42028D6805FA35
:1064200002F202432261BFE70C2A16D81D68286BCE
:1064300002EB8202233A1F2404FA02F220EA02024B
:106440002A631D68286B4A6802EB8202233A0C8893
:1064500004FA02F202432A63C1E71D68E86A02EB0C
:106460008202413A1F2404FA02F220EA0202EA629E
:106470001D68E86A4A6802EB8202413A0C8804FA15
:1064800002F20243EA62AAE70A68122AABD1144870
:10649000426842F480024260A5E70A68103A012A85
:1064A000A5D80F48426842F4000242600A68102AE8
:1064B0009DD10C4A12680C49A1FB0212920C02EB0E
:1064C00082025200019202E0019A013A0192019A7D
:1064D000002AF9D18BE702208CE700BF00200140A1
:1064E000002301405C00002083DE1B4310B50446FE
:1064F0000268136923F44053C1680B431361836836
:1065000002691A4343691A43C3691A430168CB6895
:1065100023F4164323F00C031343CB600268536942
:1065200023F4407381690B4353610368314A9342FA
:1065300006D002F58062934202D0FEF711FE01E020
:10654000FEF71EFEE369B3F5004F29D000210318C2
:1065500049411B1841F10001C90041EA5371DB00B8
:10656000181863684FEA83024FEA937341F1000100
:10657000FCF7D0FB204AA2FB00314909642303FB4E
:1065800011031B013233A2FB03235B0903F0F0026A
:1065900002EB011203F00F03216813448B6010BD5E
:1065A0000023021843EB0301121841F10001C90056
:1065B00041EA5271D200101841F10001626892184C
:1065C0005B41FCF7A7FB0C4AA2FB0031490964239D
:1065D00003FB1103DB003233A2FB03235B095A00E8
:1065E00002F4F87202EB011203F00703216813446E
:1065F0008B60D4E7001001401F85EB512DE9F84373
:1066000005460F4616469946DDF820802B681C6823
:1066100037EA04040CBF01240024B4422DD1B8F1A0
:10662000FF3FF3D0B8F1000F05D0FFF717FCA0EB48
:1066300009004045EAD92A6802F10C0353E8003FFB
:1066400023F4D0730C3242E800310029F3D12A68D8
:1066500002F1140353E8003F23F00103143242E82F
:1066600000310029F3D1202385F83D3085F83E30F4
:10667000002385F83C30032000E00020BDE8F883CB
:10668000002830D010B5044690F83D3033B32423B1
:1066900084F83D302268D36823F40053D360204649
:1066A000FFF724FF2268136923F4904313612268E3
:1066B000536923F0220353612268536943F00803AE
:1066C00053612268D36843F40053D36000202064F0
:1066D000202384F83D3084F83E3010BD80F83C30F3
:1066E000FCF774FDD3E7012070472DE9F04182B03B
:1066F0001E4690F83D30DBB2202B54D104460D46A7
:106700009046002953D0002A53D090F83C30012BFA
:1067100051D0012380F83C3000230364212380F80A
:106720003D30FFF79BFB0746A4F82480A4F82680A1
:10673000A368B3F5805F05D04FF00008002384F80C
:106740003C3012E0236913B14FF00008F6E7A84689
:106750000025F3E738F8023B2268C3F308035360CF
:10676000E28C92B2013A92B2E284E38C9BB273B1B2
:1067700000963B46002280212046FFF73FFFE0B90C
:10678000002DE7D015F8012B23685A60E8E7009642
:106790003B46002240212046FFF730FF78B92023F6
:1067A00084F83D3000E0022002B0BDE8F081012015
:1067B000FAE70120F8E70220F6E70320F4E70320D8
:1067C000F2E7000008B5044B03EB80025268526800
:1067D0000344187A904708BD142F002008B5084BD1
:1067E0001B5C53B9064B01221A5403EB800252681A
:1067F00012680344187A904708BD0020FCE700BFE8
:10680000142F002038B5044C04EB80056D68AD688A
:106810000444207AA84738BD142F002038B5044C12
:1068200004EB80056D68ED680444207AA84738BD04
:10683000142F002010B5044B03EB80046468246916
:106840000344187AA04710BD142F00204278007826
:1068500040EA02207047C378827842EA03224378F4
:1068600043EA0223007840EA03207047C379827923
:1068700042EA0322437943EA0223027942EA0322ED
:10688000C3F30743C17841EA02211B0243EA1163C3
:10689000827842EA01221B0243EA1263417841EA0C
:1068A00002211B02007840EA012043EA116170478F
:1068B0000170090A417070470170C1F307234370EA
:1068C000C1F307438370090EC17070470270C2F3B1
:1068D00007214170C2F307418170120EC27003712B
:1068E000C3F307224271C3F3074282711B0EC371C7
:1068F0007047944632B10A78013102700130BCF120
:10690000010CF8D1704701700130013AFBD170479A
:1069100084469CF800000CF1010C0B780131C01A80
:10692000013A01D00028F4D07047034600E001335B
:10693000187808B18842FAD17047000030B40025B9
:106940002B4601E001250133012B15D81A01174C04
:10695000A258002AF6D00468A242F4D1134A02EBEE
:106960000312546882689442EDD1104A02EB03127C
:106970009468026B9442E6D1022B0AD0A1B90B4A6B
:1069800002EB03139B89B3F5807F0BD0002030BC52
:1069900070472DB9022901D01220F8E70020F6E750
:1069A0000020F4E71020F2E71020F0E7EC2E0020A2
:1069B000002000E00130012804D80301034AD35825
:1069C000002BF7D1023818BF01207047EC2E0020B1
:1069D00070B4002300E00133012B13D81A01234CBB
:1069E000A45802689442F6D1204A02EB031254687C
:1069F00082689442EFD11D4A02EB03129468026B45
:106A00009442E8D1022B08D0F9B1184A02EB0312E4
:106A100092894ABB4FF480721DE00023012B05D8F8
:106A20001A01124CA2580AB10133F7E7022B19D010
:106A30000E4D1C0105EB031206682E51846854604C
:106A4000006B906000209081DEE7084A02EB0312A1
:106A50009289013292B2054901EB03118A81581CD7
:106A600070BC70470020FBE70020F9E7EC2E002007
:106A70000138012815D80D4B03EB00139B89B3F5A2
:106A8000807F03D043B1013B9BB200E00023074A63
:106A900002EB0012938133B903010020034AD05066
:106AA0007047022070470020704700BFEC2E002086
:106AB000002303E05DF8044B70470133012B11D82C
:106AC0001A0109498A588242F7D110B41A010024E8
:106AD0008C500133012BEDD81A0103498A588242A8
:106AE000F7D1F3E7704700BFEC2E00200239036AAC
:106AF000023B8B4204D94389406B01FB0300704782
:106B0000002070472DE9F04116461F46D0F800805E
:106B1000046D04340025B8F80C202B463046394665
:106B2000FCF7F8F8B8F80A202B46FCF7F3F8024611
:106B300001E0121A0834206818B18242F9D2606864
:106B40001044BDE8F08170B506460D4601F11A000B
:106B5000FFF77CFE3378032B00D070BD044605F1AF
:106B60001400FFF773FE44EA0040F6E770B50646EE
:106B70000C46154691B204F11A00FFF799FE3378DE
:106B8000032B00D070BD290C04F11400FFF790FE18
:106B9000F8E700002DE9F04180460E4601F11A00A9
:106BA000FFF754FE50BB357825F04005013D05EB5D
:106BB000450305EB83050127002404E04FF6FF732E
:106BC000984220D101340C2C0DD8124B185D304462
:106BD000FFF73CFE002FF1D0FE2D12D828F815004B
:106BE00007460135EEE7337813F0400F0DD0FE2D48
:106BF0000DD8002328F81530012000E00020BDE862
:106C0000F0810020FBE70020F9E70120F7E70020F2
:106C1000F5E700BF144C01082DE9F84380460F4604
:106C200091464B730F23CB7200240C73214607F15E
:106C30001A00FFF73DFE09F1FF3606EB460306EBAF
:106C40008306254602E001340C2C11D84FF6FF7361
:106C50009D4202D038F8165001360C4B185D29467B
:106C60003844FFF725FE002DEDD14FF6FF75EAE71A
:106C70004FF6FF739D4202D038F816300BB949F039
:106C8000400987F80090BDE8F88300BF144C010864
:106C900070B582B0054616461C460B22FFF729FE4A
:106CA000052C11D807231FE001310F290CD803F060
:106CB000010C0CEB44045B0814F4803FF4D084F422
:106CC000883484F02104EFE73388002BEAD00236C1
:106CD0000021EAE75A1E08336B4403F8081C210917
:106CE0000F2C0AD913460C4604F00F0202F13001B2
:106CF0003929EFD902F13701ECE77E2102F10803CF
:106D00006B4403F8081C002300E00133934209D2CE
:106D1000E95C2029F9D105E02020591CE854072915
:106D200009D80B46072AF7D802F10801694411F87F
:106D3000080C0132F1E702B070BD01464FF00B0CB8
:106D40000020C30143EA50030A78013152FA83F369
:106D5000D8B2BCF1010CF4D1704700B58646417839
:106D6000013149010020034601E0013301338B4228
:106D70000AD2022BF9D0C20342EA50021EF803C025
:106D80001CFA82F290B2F1E75DF804FB014600685C
:106D900038B1024613781F2B06D93A2B04D00132A2
:106DA000F8E74FF0FF3070473A2B01D000207047D2
:106DB00010B4034613F8010B3038092808D89A425A
:106DC00002D04FF0FF3005E038B901320A6001E02F
:106DD0004FF0FF305DF8044B70474FF0FF30F9E79C
:106DE00038B50D46044698B103689BB11A78A2B134
:106DF0008188DA88914203D0092000242C6038BDB4
:106E00005878FFF7DFFC10F0010009D12468F5E79E
:106E10000920F3E71C460920F0E709200024EDE7EC
:106E200009200024EAE72DE9F041C57815B9284684
:106E3000BDE8F0810446876B00F13C0801233A4627
:106E400041464078FFF7EAFC0546A0B90023E3700D
:106E5000E36AFB1A626A9342E9D2A67808E0636AA1
:106E60001F4401233A4641466078FFF7D7FC013EB4
:106E7000012EF4D8DBE70125D9E770B5836B8B428F
:106E800002D10026304670BD04460D46FFF7CBFF09
:106E900006460028F6D101232A4604F13C01607819
:106EA000FFF7B0FC10B101264FF0FF35A563E9E70D
:106EB00038B504460023C3704FF0FF338363FFF7F8
:106EC000DCFF60BB054604F23A20FFF7BFFC4AF640
:106ED0005523984225D194F83C30E92B0ED0E36B32
:106EE00003F0FF13114A934208D00B22104904F11A
:106EF0003C00FFF70DFDB8B1022513E004F172006C
:106F0000FFF7A9FC20F07F400A4B98420AD004F119
:106F10008E00FFF7A0FC084B9842E6D102E0042562
:106F200000E00325284638BD0125FBE7EB00900073
:106F30001043010846415400464154332DE9F04FB7
:106F400087B00D46164600230B60FFF71FFF071E94
:106F5000C0F20F82C24B53F82740002C00F00E8283
:106F60002C6006F0FE06237873B16078FFF72AFCE8
:106F700010F0010508D1002E00F0FC8110F0040F84
:106F800000F0F8810A25F5E100232370F8B2607063
:106F9000FFF724FC10F0010F40F0F2811EB110F059
:106FA000040F40F0EF8104F10C0202216078FFF73A
:106FB00041FC0546002840F0E781A289A2F5007354
:106FC0009BB2B3F5606F00F2E181531E1A4201D00B
:106FD0000125CFE100212046FFF76AFF022800F0DB
:106FE0008C800026042800F0D381012800F2D28191
:106FF00000F0188104F14700FFF728FCB4F80C807A
:10700000404540F0DD8104F15200FFF71FFC0746C8
:1070100020B904F16000FFF71EFC0746676294F890
:107020004C20A270531EDBB2012B00F2CB8107FB78
:1070300002F3009394F84990A4F80A90B9F1000F74
:1070400000F0C28109F1FF3319EA030F40F0BE815D
:1070500004F14D00FFF7FAFB824620814FEA581BEE
:10706000B0FBFBF30BFB13039BB2002B40F0B08192
:1070700004F14F00FFF7EAFB019020B904F15C0036
:10708000FFF7E9FB019004F14A00FFF7DFFB01463F
:10709000002800F09F81009BC318BAFBFBFB5B44F8
:1070A000019A9A42C0F09881D21AB2FBF9F04A458F
:1070B000C0F094814FF6F572904200F2D58040F610
:1070C000F572904240F20F814FF0020BCEE00020AB
:1070D00006AB03EB860343F8100C0136032E0ED8E3
:1070E00004F13C00330103F5DF7318440379002BEE
:1070F000EDD00830FFF7AFFBEAE70026EEE7002708
:107100000AE031462046FFF7D3FE01287FF66AAF3A
:107110000137032F3FF666AF06AB03EB870353F847
:10712000106C002EEDD10320F2E701333F2B04D881
:10713000E21892F83C20002AF7D03F2B40F22C8135
:1071400004F1A400FFF782FBB0F5807F40F02681B8
:1071500094F8A82001239340A289934240F0208113
:1071600004F18400FFF782FB871941F100084FF01A
:10717000FF33BB424FF0000373EB0803C0F01281F2
:1071800004F19000FFF767FB606294F8AA9084F81E
:107190000290B9F1010F40F0078194F8A930012263
:1071A00002FA03F30093BDF800306381002B00F076
:1071B000FD8004F19800FFF74EFB8246294B984270
:1071C00000F2F680831C2362A66204F19400FFF7AC
:1071D00042FB00EB060BC4F834B004F18C00FFF75F
:1071E0003AFB3044E0620022BDF800300AFB03F3B2
:1071F0001BEB030B52415F4578EB0202C0F0DA80D3
:1072000004F19C00FFF727FB014620632046FFF7AF
:107210006DFC01462046FFF730FE002840F0CC8090
:10722000002602E00B2381E72036A789B7420DD95B
:10723000A31993F83C30812BF6D104F13C0306F1FD
:1072400014001844FFF707FB0228EDD1B74200F005
:10725000B5804FF0FF33E361A3614FF0040B32E0E0
:10726000102F0020FDFFFF7F4FF0030B00F10209FC
:10727000C4F82090A6628A19E26233446363BBF1CA
:10728000030F33D0BAF1000F00F0AE80009B1A4418
:107290002263BBF1020F3AD009EB490309F001095F
:1072A00009EB530908EB0903013BB3FBF8F3BB42BD
:1072B00000F29C804FF0FF33E361A36180232371D0
:1072C000BBF1030F26D084F800B0494A138801337C
:1072D0009BB21380E380474B2361474B6361204699
:1072E000FFF7E6FB46E04FF0010BBFE704F1660055
:1072F000FFF7ACFA002873D1BAF1000F72D104F194
:107300006800FFF7A8FA20634FEA8909CAE74FEA45
:107310004909C7E704F16C00FFF798FA0128D2D1B8
:10732000711C2046FFF7A9FD0028CCD10023237152
:1073300004F23A20FFF78AFA4AF655239842C2D15E
:1073400004F13C00FFF787FA2C4B9842BBD104F5BF
:107350000870FFF780FA2A4B9842B4D104F50970FF
:10736000FFF779FAE06104F50A70FFF774FAA0619B
:10737000A9E70B25284607B0BDE8F08F0C25F9E7F3
:107380000325F7E70A25F5E70125F3E70125F1E7EE
:107390000125EFE70D25EDE70D25EBE70D25E9E7E5
:1073A0000D25E7E70D25E5E70D25E3E70D25E1E7E9
:1073B0000D25DFE70D25DDE74D46DBE70D25D9E798
:1073C0000D25D7E70D25D5E70D25D3E70D25D1E709
:1073D0000D25CFE70D25CDE70D25CBE70D25C9E719
:1073E0000D25C7E70D25C5E70D25C3E70D25C1E729
:1073F0000C2F00208C2A00208C2C0020525261413E
:10740000727241612DE9F047054691468F1E036A6D
:10741000023BBB4200D80027B8463C460026696BB9
:107420004FEAD40AAB89BAFBF3F319442846FFF7B5
:1074300024FD844658BBA889BAFBF0FE00FB1EAEB3
:1074400004F0070201239340DBB209E0A0460026C6
:10745000A7421FD023B90EF1010E7045DFD90123D9
:1074600005EB0E0292F83C1019405B00DBB20134D0
:107470002A6A023AA24202D88646634600240029BC
:10748000E4D101364E45E3D108F1020003E04FF0AC
:10749000FF3000E00020BDE8F0872DE9F843054605
:1074A000174698468B1E416BDE088089B6FBF0F2CA
:1074B000114400FB126603F0070301249C40E4B270
:1074C00001F101092846FFF7D8FC024610B101225C
:1074D0001EE00124AB1993F83C10214214BF012394
:1074E0000023434513D0AB19614083F83C100123BE
:1074F000EB70013F0CD09C4014F0FF04EAD11E4415
:10750000AB890124B342E4D849460026D8E70222D9
:107510001046BDE8F8832DE9F047012940F2A0802C
:1075200004460D461646036A8B4240F29D8003785E
:10753000022B7CD040D8012B3CD101EB5108C16A11
:107540008389B8FBF3F31944FFF797FC074600283B
:1075500040F0878004F13C0A08F10109A389B8FBD7
:10756000F3F203FB128815F0010556D01AF8083023
:1075700003F00F0343EA0613DBB20AF808300123D5
:10758000E370E16AA389B9FBF3F319442046FFF7DE
:1075900074FC0746002864D1A389B9FBF3F203FB0E
:1075A0001299002D3BD0C6F307130AF809300123C6
:1075B000E37056E0022754E0033BDBB2012B55D8C1
:1075C000C16A83899B08B5FBF3F31944FFF755FCA7
:1075D0000746002845D12378042B0FD026F07046AB
:1075E00004F13C00AB00A289B3FBF2F102FB1133C2
:1075F0001844FFF730F900F07040064304F13C00F6
:10760000AD00A389B5FBF3F203FB125531462844C4
:10761000FFF752F90123E37023E0F3B2ADE71AF864
:107620000930C6F3032623F00F033343BDE7C16AD5
:1076300083895B08B5FBF3F31944FFF71EFC07468B
:1076400078B904F13C006D00A389B5FBF3F203FBAC
:107650001255B1B22844FFF72BF90123E37000E083
:1076600002273846BDE8F0870227FAE70227F8E745
:1076700070B504460D46164607E03246FFF74BFF4D
:10768000034658B9E369013BE361E36933B120681C
:10769000EA1A511C012BF0D90232EFE7184670BDEF
:1076A000C379032B02D000231846704770B50646F5
:1076B000816884694CB14D1C2A463068FFF72BFF66
:1076C000034620B9013C2946F4E70023F37118462C
:1076D00070BD2DE9F0410668012940F2B4800546ED
:1076E0000C46336A8B4240F2B1803378013B032B66
:1076F00000F2AE80DFE803F002354C6501EB510586
:10770000F16AB389B5FBF3F319443046FFF7B5FBD3
:1077100010B14FF0FF3097E06F1CB389B5FBF3F267
:1077200003FB1255354495F83C50F16AB7FBF3F36F
:1077300019443046FFF7A1FB002840F08B80B38945
:10774000B7FBF3F203FB1277374497F83C3045EA76
:10775000032514F0010F01D0280975E0C5F30B00D3
:1077600072E0F16AB3895B08B4FBF3F31944304665
:10777000FFF783FB002870D106F13C006400B38959
:10778000B4FBF3F203FB12442044FFF75FF85BE025
:10779000F16AB3899B08B4FBF3F319443046FFF751
:1077A0006CFB00285CD106F13C00A400B389B4FB5B
:1077B000F3F203FB12442044FFF74DF820F0704031
:1077C00042E00069696950EA01034CD0AF68E71BE9
:1077D0000138B6F80C8042464FF0000341F1FF310A
:1077E000FBF798FA7389B0FBF3F0EB79022B08D022
:1077F000032B0BD0022B3BD0EB6963B16FF0004041
:1078000022E08742F4D830D0601C1DE0AA69BA4259
:10781000F0D9601C18E0F16A4FEA9803B4FBF3F367
:1078200019443046FFF729FB20BB06F13C00A400B9
:10783000B389B4FBF3F203FB12442044FFF70BF8C7
:1078400020F0004000E00120BDE8F0810120FBE7CE
:107850000120F9E74FF0FF30F6E74FF0FF30F3E794
:107860004FF0FF30F0E70120EEE76FF00040EBE76C
:107870000120E9E74FF0FF30E6E72DE9F041074648
:107880000E46D0F8008098F80030042B30D04FF42A
:107890000013B3424DD916F01F0F4DD13E63BC68A3
:1078A0004CBB98F80030022B03D9D8F830400023A5
:1078B000FB7104BBB8F80830B3EB561F3ED9D8F8BB
:1078C0003030BB637C63BB6B002B3FD0B8F80C201F
:1078D000B6FBF2F21344BB6308F13C03B8F80C208A
:1078E000B6FBF2F102FB11610B44FB63002021E0C7
:1078F0004FF08053CDE7B8F80A50B8F80C3003FBCE
:1079000005F5AE420FD321463846FFF7E2FE0446A6
:10791000B0F1FF3F14D0012814D9D8F820308342A9
:1079200012D9761BEDE721464046FFF7DFF8B86332
:10793000C8E70220BDE8F0810220FBE70220F9E75A
:107940000120F7E70220F5E70220F3E70220F1E744
:107950002DE9F8430746D0F80080894641B9D8F8A8
:107960001860B6B1D8F82030B34213D8012611E020
:10797000FFF7AFFE0546012840F29E80B0F1FF3FC1
:1079800000F0A480D8F82030834200F29F804E4659
:1079900000E0012698F80030042B01D0344652E074
:1079A000012231464046FFF72DFD0546431E13F1E7
:1079B000030F00F28B8001231A4601464046FFF771
:1079C0006CFD0346022879D0012879D0B9F1000F67
:1079D00018D10222FA71FA79022A64D009F101025F
:1079E000AA421BD0FB690BB90123FB612A46494619
:1079F0003846FFF73DFE0346002856D10122FA61C2
:107A00002C4634E0FA79022AE5D1721CAA42E2D06F
:107A1000BA68B21ABA610322FA71DCE7FA690AB1EC
:107A2000013200E00222FA612C4620E0214638466D
:107A3000FFF74FFE054678B1012847D0B0F1FF3F70
:107A400044D0B44241D00134D8F82030A342EDD81C
:107A5000012E38D90224E9E74FF0FF322146404693
:107A6000FFF759FD034600BBB9F1000F14D1E3B98C
:107A7000C8F81840D8F81C20D8F82030023B9A42A9
:107A800002D8013AC8F81C2098F8043043F00103EA
:107A900088F80430254619E0224649464046FFF75B
:107AA0003AFD0346E3E72C46E1E7012B01D001252F
:107AB0000CE04FF0FF3509E0012507E0012505E066
:107AC0004FF0FF3502E0002500E000252846BDE824
:107AD000F8832DE9F843056801296BD907460C4660
:107AE00091462B6A8B4267D972B12B78042B02D155
:107AF000C379022B08D04FF0FF3249462846FFF7E2
:107B00000AFD0346002858D1A04611E00022314664
:107B10002846FFF700FD0346C8B14EE0731CA342A0
:107B200003D02B78042B1ED0A0462B6AA34226D963
:107B3000264621463846FFF7CCFD0446F8B1012819
:107B40003ED0B0F1FF3F3DD02B78042BDED1EA6967
:107B50002B6A023B9A42E1D20132EA612B7943F06F
:107B600001032B71DAE7A6EB08020023013241463C
:107B70002846FFF792FC0346F8B9A046D5E72B78D4
:107B8000042B01D0002318E0B9F1000F02D100232B
:107B9000FB7112E0FB79032B01D000230DE0BB68E1
:107BA0004B4511D8BA6913444B450FD30223FB71DF
:107BB000002302E0022300E002231846BDE8F88318
:107BC0000223FAE70123F8E70023F6E70023F4E7AE
:107BD0002DE9F8430668046B836B002B00F081806D
:107BE00005460F4620343278042A1ED04FF4001286
:107BF000A24278D9B189B4FBF1F201FB12423AB941
:107C00000133AB63696BB9B93389B3EB541F0FD937
:107C10002C6306F13C03B289B4FBF2F102FB114480
:107C20002344EB630020BDE8F8834FF08052DFE788
:107C30000023AB630420F6E7B289B4FBF2F2738948
:107C4000013B12EA0308E3D12846FFF742FD8146D3
:107C500001284AD9B0F1FF3F49D0336A834238D86E
:107C6000AFB1696B2846FFF773FE8146002840D00C
:107C7000012840D0B0F1FF3F3FD0EB7943F004033F
:107C8000EB713046FFF7CFF828B10120CBE7002396
:107C9000AB630420C7E7B289002106F13C00FEF780
:107CA00032FE49463046FEF721FFB06373894345F3
:107CB0000BD90123F3703046FFF7B5F8F8B908F196
:107CC0000108B36B0133B363F0E7B36BA3EB0803B5
:107CD000B363C5F8349049463046FEF707FFA86302
:107CE00096E704209FE704209DE702209BE7012000
:107CF00099E7072097E7022095E7012093E7012005
:107D000091E700002DE9F041044600684769A16B46
:107D1000FFF7B3F8054620B9E16B0B78852B03D04C
:107D200002252846BDE8F08120223846FEF7E1FD15
:107D30007E7801367601A6F16003B3F5007F51D855
:107D400000212046FFF744FF05460028E9D1A16B3A
:107D50002068FFF792F805460028E2D1E16B0B7826
:107D6000C02B01D00225DCE72022B818FEF7C1FDA8
:107D700097F823302C331E4AA2FB0323DB08B6EB13
:107D8000431F31D34FF0400803E008F12008464577
:107D90001AD900212046FFF71BFF05460028C0D155
:107DA000A16B2068FFF769F805460028B9D1E16B9F
:107DB0000B78C12B1AD1B8F5187FE6D2202207EB39
:107DC0000800FEF796FDE0E7B8F5187FA9D8384619
:107DD000FEF7C3FF0446B81CFEF738FD8442A0D06E
:107DE00002259EE702259CE702259AE7022598E7EF
:107DF0008988888810B504460B6803600B6A836025
:107E000091F82430C3714B6A23F0FF030361002310
:107E10004361896AC164FFF730FD00B110BD20469F
:107E2000FFF770FFFAE72DE9F84304468846066835
:107E30004FF0FF094F46042508E0852B28D000218C
:107E40002046FFF7C5FE054600285BD1A16B00293F
:107E500058D03046FFF711F80546002852D1E16BA3
:107E60000B78002B4DD03278042AE6D0CA7A02F083
:107E70003F02A271E52B3ED02E2B3ED022F02000F7
:107E8000082814BF0020012040450ED0FF27D6E768
:107E9000236BE3642046FFF735FF054698BB736903
:107EA0001B7903F03F03A3712CE00F2A19D113F0C3
:107EB000400F06D091F80D9003F0BF03226BE264EF
:107EC0001F46BB4201D0FF27B9E74B7B4B4501D092
:107ED000FF27B4E73069FEF75DFE80B1013FFFB2D6
:107EE000ADE727B90846FEF728FF48450AD04FF00E
:107EF000FF33E36406E0FF27A1E7FF279FE7FF27A3
:107F00009DE704250DB10023A3632846BDE8F8834F
:107F1000F8B504460F4606680021FFF7AEFC03469D
:107F200010BB00250FE0E26B92F90020002A01DA75
:107F3000002502E00135BD4216D001212046FFF7A1
:107F400047FE034680B9A16B3046FEF796FF034615
:107F500050B93278042AE6D0E26B1278E52AE9D0EB
:107F6000002AE7D00025E8E7042B01D01846F8BD29
:107F70000723FBE7F8B5044603685E693046FEF761
:107F8000ECFE0146B01CFEF793FC77780137E16CFC
:107F90002046FFF772FC054605E02036002120460A
:107FA000FFF716FE05467DB9A16B2068FEF765FF59
:107FB000054648B920223146E06BFEF79AFC23685B
:107FC0000122DA70013FE8D1022D28BF0225E8B274
:107FD000F8BD70B504460568066BC16CB1F1FF3F92
:107FE00003D10023ABB1184670BDFFF746FC034632
:107FF000F8E7E16B0A7802F07F020A700122EA706A
:10800000226BB24212D200212046FFF7E1FD034667
:1080100060B9A16B2846FEF730FF034630B92A78D5
:10802000042AE6D0E26BE5211170E7E7042BDAD1F0
:108030000223D8E770B50446FEF7F5FE054648B9B9
:108040002378032B08D0002211466078FEF7F2FB5C
:1080500000B10125284670BD2379012BF3D104F12D
:108060003C06A28900213046FEF74DFC4AF6552118
:1080700004F23A20FEF71CFC0E493046FEF71CFCC9
:108080000D4904F50870FEF717FCE16904F5097065
:10809000FEF712FCA16904F50A70FEF70DFCA26A56
:1080A0000132A263012331466078FEF7B7FB00235B
:1080B0002371C8E752526141727241612DE9F04F5C
:1080C00083B007468A46D1F8009003681D690024F2
:1080D000234612E0013619F806302F2BFAD05C2B1C
:1080E000F8D04E44CAF800601F2823D84FF0040887
:1080F00024E025F81480013433465E1C19F803008F
:108100001F28EED92F28E6D05C28E4D0FE2C00F200
:10811000DF80012101F0CAF98046002800F0DA80F2
:108120007F28E6D801466D48FEF7FFFB0028E0D027
:10813000062085E04FF0000800E0013C44B104F166
:108140000043013B35F81330202BF6D02E2BF4D012
:10815000002325F81430002C00F0BE800B222021D3
:1081600007F14000FEF7CFFB002300E0013335F8B4
:108170001320202AFAD02E2AF8D01BB148F0030889
:1081800000E0013C6CB104F10042013A35F81220E4
:108190002E2AF6D14FF0080B4FF0000ACDF804A0BC
:1081A0000AE0A2464FF0080B0022019204E04C4581
:1081B0000BD048F003084B4603F1010935F8136072
:1081C000FEB1202EF5D02E2EF1D0DA4510D24C453E
:1081D0000ED07F2E44D8002E4FD148F003085F26E2
:1081E00007EB0A0383F840604B460AF1010AE3E714
:1081F000BBF10B0F27D04C4501D048F003084C458C
:1082000024D297F84030E52B53D0BBF1080F54D05F
:10821000019B03F00C020C2A03D003F00303032B91
:1082200001D148F0020818F0020F06D1019B03F0BB
:108230000303012B46D0042A47D087F84B80002047
:1082400003B0BDE8F08F48F00308DAE7019B9B001C
:10825000DBB2019323464FF00B0B4FF0080AABE75C
:108260000021304601F022F9064618B1A0F180063F
:108270001B4B9E5D48F00208ADE731461948FEF7FA
:1082800054FB0028A9D1A6F141039BB2192B04D8B5
:10829000019B43F002030193A2E7A6F161039BB2A5
:1082A000192B9DD8019B43F001030193203EB6B2E8
:1082B00096E7052387F84030A7E7019B9B00DBB2D8
:1082C0000193A5E748F01008B5E748F00808B4E7BF
:1082D0000620B5E70620B3E70620B1E71C430108F6
:1082E000244C0108284301082DE9F041074688463F
:1082F0000026402435460EE03819FEF7A7FA002183
:1083000001F0D4F880B1FE2D36D808EB0502907646
:1083100002340136013597F82330B34205D914F001
:108320001F0FE9D10234E7E7002525B908EB050363
:108330003F229A76013545440023AB7688F80D300C
:108340003B7988F80C3013F0100F17D107F1380083
:10835000FEF78CFAC8F80000C8F8041007F10C000A
:10836000FEF774FAA8F80A0007F10E00FEF76EFA9D
:10837000A8F80800BDE8F0810025D6E700200146F6
:10838000E8E72DE9F041D0F8008000238B76836B7D
:10839000002B75D006460C4698F80030042B16D0FA
:1083A000C36CB3F1FF3F1BD000231D46D8F810204B
:1083B0005F1C32F8130080B1002101F077F858B14A
:1083C000FE2D11D8621990763B460135EEE7D8F8BC
:1083D0001400FFF789FF53E0002525440023AB7606
:1083E000A57E0022134612E00025F6E7E52317E0FC
:1083F00015B9A0182E278776A0182E2747730132AB
:1084000010E010201CE0A018837601320B460A2BE6
:108410001BD8F06B591CC35C202BF7D0052BE5D083
:108420000929E5D0A0184373002DEED1A3F1410036
:10843000C0B21928E7D8F06B077B0829E1D80820DB
:108440000742E0D02033DBB2DDE735B9A3180021C5
:108450009976F36B1B7B03B90A46224400255573BA
:10846000F36BDB7A2373F06B1C30FEF7F4F92060BA
:108470006560F06B1630FEF7EEF96081000C20812C
:10848000BDE8F08138B50446002511E001F02CF874
:10849000EB0343EA5503C2B212FA83F39AB2C3F371
:1084A0004E0343EAC233C0F30F2010FA83F39DB2A8
:1084B00034F8020B0028E9D1284638BD2DE9F843ED
:1084C0000746884640220021FEF71DFA85233B70AF
:1084D000C02387F8203001250026A946402417E054
:1084E00029463819FEF7E4F9023414F01F0F08D0BA
:1084F000002DF5D038F81650002DF1D00136F6B227
:10850000EEE709F101095FFA89F938F8163033B15D
:10851000631CC1223A550022FA540234E8E787F876
:10852000236087F801904046FFF7ACFF014607F152
:108530002400FEF7BDF9BDE8F88300002DE9F047FF
:1085400081460F4601F11A00FEF780F9C8BB3E785C
:1085500006F03F06013E06EB460306EB83064FF0AE
:108560000108002506E000202CE04FF6FF7398423A
:108570002AD101350C2D18D8174B585D3844FEF719
:1085800065F90446B8F1000FEFD0FE2EEBD800F0ED
:10859000ABFF804606F1010A39F8160000F0A4FF8F
:1085A0008045E0D1A0465646E3E73B7813F0400F04
:1085B0000CD0B8F1000F0BD039F8163053B90120A8
:1085C00000E00020BDE8F0870020FBE70120F9E78C
:1085D0000120F7E70020F5E7144C01082DE9F84FDA
:1085E000044607680021FFF748F90646002840F0D6
:1085F000AB803B78042B06D04FF0FF33E3644FF0A1
:10860000FF09C84646E03869FFF73CFF834620E093
:1086100078694044FEF71AF900F066FF81463B692D
:1086200033F81A0000F060FF81450CD1013DEDB236
:1086300008F102080AF1010A2DB118F01F0FE7D165
:1086400008F10208E4E725B93B6933F81A30002B3A
:108650007AD000212046FFF7E6FB0646002873D1BA
:108660007D6905F12400FEF7F1F85845F1D195F840
:1086700023504FF0000A4FF04008DDE74FF0FF3382
:10868000E3644FF0FF0800212046FFF7A1FA0646F9
:10869000002859D1A16B3846FEF7EFFB06460028AB
:1086A00052D1E56B2B78002B4DD0EA7A02F03F01D6
:1086B000A171E52BE2D012F0080F15D00F29DDD102
:1086C00094F84B2012F0400FDDD113F0400F06D08C
:1086D00095F80D9003F0BF03226BE2649846434582
:1086E0001ED04FF0FF08CEE70F29E9D0B8F1000FF8
:1086F00004D12846FEF721FB484525D094F84B309D
:1087000013F0010F06D10B2204F140012846FEF7B9
:10871000FFF8C8B14FF0FF33E3644FF0FF08B2E752
:108720006B7B4B4502D04FF0FF08ACE72946386918
:10873000FFF704FF20B108F1FF385FFA88F8A2E7DD
:108740004FF0FF089FE704263046BDE8F88F30B5AC
:1087500083B004460191056801E001330193019B58
:108760001A782F2AF9D05C2AF7D00022A260E261A1
:108770001B781F2B2CD8802384F84B3011462046C1
:10878000FFF77BF80346184603B030BD0428FAD142
:1087900012F0040FF7D10523F5E7A36823622369DC
:1087A00023F0FF03E27913436362E36CA362686919
:1087B0003430FEF750F8A0606B6993F8213003F075
:1087C0000203E37168693830FEF750F8C4E9040128
:1087D00001A92046FFF772FC03460028D3D12046AA
:1087E000FFF7FCFE94F84B2003460028CED112F090
:1087F000040FC8D1A37913F0100F10D02B78042BDD
:10880000CBD005F13C01236BAA89B3FBF2F002FB4C
:10881000103319442846FEF796F9A060D8E70523DF
:10882000B1E700002DE9F04399B0056890F84B30AE
:1088300013F0A00F40F0E8800646002400E0013469
:108840002B6933F81430002BF9D12B78042B22D06C
:1088500006F140070C22394615A8FEF74AF89DF8A4
:108860005F3013F0010F77D0402386F84B304FF084
:108870000108B8F1630F65D843462A6915A938463F
:10888000FEF706FA3046FFF7A9FE8146002859D1C7
:1088900008F10108EDE70E34604BA3FB0434E40853
:1088A000A11C3046FFF734FB8146002840F0AE8023
:1088B000336B0134A3EB4413F364B3681BB1F37956
:1088C00013F0040F04D129696869FFF7F7FD9DE0F3
:1088D000336971696A89A88900FB02F29B1841F12A
:1088E0000001336171613046FEF7DAFE08B181465E
:1088F0008CE04FF0FF32716B3046FEF7B9FE08B1E5
:10890000814683E031466846FFF774FA08B1814634
:108910007CE06869D6E904233830FDF7D7FF686941
:10892000D6E904232830FDF7D1FFF3796A6943F0D3
:10893000010382F821306846FFF71CFB0028C2D0F3
:10894000814663E0B8F1640F64D0B9F1040F5DD1E2
:108950009DF85F3086F84B309DF85F3013F0020FC2
:108960002BD00C342E4BA3FB0434A4080134214635
:108970003046FFF7CDFA8146002847D1013C1ED191
:10898000B9F1000F42D1B16B2846FEF776FA814665
:1089900000283BD120220021F06BFDF7B4FF0B2211
:1089A0003946F06BFDF7A5FF96F84B30F26B03F0FC
:1089B000180313730123EB7028E00124D7E7316B10
:1089C000A1EB44113046FEF758FF8146F0B9384616
:1089D000FEF7B3F98046B16B2846FEF74EFA8146A2
:1089E0000028CDD14346E2B2F16B2869FEF714F9B5
:1089F0000123EB7000213046FFF7EAF8814600289A
:108A0000BED1013CE7D1BBE74FF00609484619B09B
:108A1000BDE8F0834FF00709F8E700BF8988888830
:108A20004FECC44E70B584B001900091164603918E
:108A300003A8FEF7ABF9041E1CDB104B53F82450BF
:108A400025B12846FEF734F800232B70019B0BB1AB
:108A500000221A70019B094A42F8243063B1012EAA
:108A600002D0002004B070BD002201A96846FEF7C4
:108A700065FAF7E70B20F5E70020F3E7102F002059
:108A80002DE9F04F99B00191002800F0B28116460F
:108A9000054602F03F073A4603A901A8FEF74EFA41
:108AA000044628B100232B60204619B0BDE8F08FA2
:108AB000039B0493019904A8FFF749FE044660B99B
:108AC0009DF95B30002B5BDB16F03E0F14BF0121DC
:108AD000002104A8FDF732FF044616F01C0F00F039
:108AE000BB80002C58D0042C4CD047F00807002C39
:108AF000D8D117F0080F00F0C180FAF719FC06462C
:108B0000DDF80C8098F80030042B4FD00146139804
:108B10000E30FDF7D1FE314613981630FDF7CCFE2E
:108B2000139B2022DA72039EDDF84C8041463046CA
:108B3000FEF709F88146002241463046FEF716F856
:108B4000002113981C30FDF7B7FE039B0122DA7059
:108B5000B9F1000F00F09280039B9E6B0022494602
:108B600004A8FEF7B6FF044600289BD131460398BF
:108B7000FEF783F9044609F1FF33039A93617DE020
:108B80000624AAE7FDF714FF08B91224ADE704A8EC
:108B9000FFF748FE0446A8E79DF8163013F0110FC2
:108BA0006BD116F0040FA2D008247BE7C5F8008033
:108BB000D8F814003430FDF74EFEA860D8F8140041
:108BC0003830FDF753FEC5E90401D8F8143093F8A6
:108BD000213003F00203EB71EC61D8F81400314648
:108BE0000830FDF769FE039B5A69147558693146D0
:108BF0000C30FDF761FE039B5A6954755A692021B8
:108C00001171586921463430FDF756FE039B5869AF
:108C1000002200233830FDF759FE039B58690022DB
:108C200000232830FDF752FE039B5B69012283F885
:108C3000212004A8FFF79EF9044600287FF432AFF4
:108C4000A968D9B100222846FEF743FF0446AB6865
:108C5000013B039A936111E0002C7FF423AF9DF850
:108C6000163013F0100F40F0BE8016F0020F05D042
:108C700013F0010F02D0072414E70724002C7FF41F
:108C800011AF17F0080F01D047F04007039B9B6B13
:108C9000AB64139BEB64012F94BF0021012104A856
:108CA000FDF796FEE862002800F09F80039E33786F
:108CB000042B38D0DDF84C8041463046FDF743FFA9
:108CC000A86008F11C00FDF7C6FD286100236B6158
:108CD000002129652E60039BDB88AB8085F830700E
:108CE00085F83110696400220023C5E90E2305F1DF
:108CF00054094FF480524846FDF705FE17F0200F47
:108D00006DD02E69D5F8148056EA080367D0AE639B
:108D1000C5F83C80039BB3F80AB09B8903FB0BFBAF
:108D2000AF68394620E0069B2B62089B23F0FF03C7
:108D30009DF8172013436B62179BAB627069343048
:108D4000FDF789FDA86070693830FDF78FFDC5E932
:108D50000401736993F8213003F00203EB71B7E764
:108D60000224F61B68F100088CB95F46B3454FF04A
:108D7000000373EB08030AD22846FEF7AAFC01465B
:108D80000128EDD9B0F1FF3FEBD10124E9E70F460F
:108D90002964002C7FF486AEDDF80CA0BAF80CB084
:108DA0005A46002330464146F9F7B4FF134316D024
:108DB00039465046FDF79AFE074608B9022471E687
:108DC0005A46002330464146F9F7A4FF3A186A6430
:108DD000012349469AF80100FDF714FD38B9002C2B
:108DE0003FF462AE5EE604245CE602245AE6012407
:108DF00058E6092458E62DE9F04F85B004468B4625
:108E000015461E460023336003A9FDF7E9FF074618
:108E100000284DD194F83170002F49D194F83030AA
:108E200013F0020F00F00D81039B1B78042B00F060
:108E3000FA80A36BEB42C0F0F980DD430197B246A4
:108E4000B9E0236D002B37D032463B462046FDF774
:108E500059FE002800F0ED80012832D0B0F1FF3F2C
:108E600033D02064A36803B9A06094F93030002B9C
:108E70002FDB039F216C3846FDF738FE064600289D
:108E80003BD04644BB89B5FBF3F9AB4251D808EB64
:108E900009037A89934201D9A2EB08094B4632466D
:108EA00059467878FDF7BAFC58B3012784F8317039
:108EB000384605B0BDE8F08F216C2046FEF748FD2E
:108EC000C7E7022784F83170F2E7012784F8317090
:108ED000EEE70123626C04F1540103984078FDF73A
:108EE0009DFC30B994F8303003F07F0384F83030C3
:108EF000BFE7012784F83170DAE7022784F8317080
:108F0000D6E7636C9B1B4B4504D3039B9E8909FBEF
:108F100006F636E0039A928902FB03B104F154008D
:108F2000FDF7E7FC94F8303003F07F0384F830302D
:108F3000EBE7636CB34206D0A06BE36B2169626917
:108F40008842934162D36664039B9A89A06BE16B6C
:108F5000B0FBF2F602FB1606961BB54200D22E4677
:108F600004F154070023F9F7D5FE1046324659465E
:108F70003844FDF7BEFC94F8303063F07F0384F88A
:108F80003030B344A26BE36BB21843F10003A26329
:108F9000E363D4F810C06769104619466245BB41C7
:108FA00001D26046394620616161DAF8003033440D
:108FB000CAF80030AD1B002D3BD0A66BE76BDDF887
:108FC0000C80B8F80C904A46002330463946F9F731
:108FD000A1FE1343B8D14A46002330463946F9F77B
:108FE00099FEB8F80A8008F1FF3818EA00087FF403
:108FF0003CAF56EA07037FF424AFA06800287FF453
:109000002BAF00212046FEF7A3FC22E701233246C6
:1090100004F154017878FDF7F5FB002893D001277F
:1090200084F8317044E70197B246C4E70197B2462D
:10903000C1E7019F94F8303043F0400384F83030AA
:1090400036E7072734E770B596B0044615A9FDF753
:10905000C7FE98B994F8303013F0400F0ED013F0DB
:10906000800F0DD1FAF764F9054615980378042BA3
:1090700017D0A16CFDF701FF002861D016B070BDBC
:109080000123626C04F1540115984078FDF7C6FB8A
:1090900000287BD194F8303003F07F0384F830301F
:1090A000E0E72046FEF7FCFA0028E7D14FF0FF3258
:1090B000216C2046FEF7DCFA0028DFD12146684605
:1090C000FEF798FE0028D9D1159B59690A7942F01C
:1090D00020020A71E279596942F0010281F82120E7
:1090E0005869A1683430FDF7E7FB159B5869D4E94E
:1090F00004233830FDF7EAFB159B5869D4E90423B3
:109100002830FDF7E3FB159B586929460C30FDF725
:10911000D3FB159B5A690021517558691030FDF732
:10912000CBFB6846FEF726FF0028A7D11598FEF76F
:1091300081FF94F8303023F0400384F830309DE70D
:10914000E66CF37A43F02003F372A268314620689C
:10915000FDF70CFD216906F11C00FDF7ADFB29466A
:1091600006F11600FDF7A8FB002106F11200FDF73D
:109170009FFB159B0122DA701598FEF75BFF94F8B0
:10918000303023F0400384F8303077E7012075E772
:1091900010B582B00446FFF756FF08B102B010BD0B
:1091A00001A92046FDF71CFE0028F7D1E06AFDF773
:1091B0005FFC0028F2D12060F0E730B585B0019166
:1091C000002860D00446002203A901A8FDF7B6FEDE
:1091D000054620B100232360284605B030BD039B1F
:1091E000236001992046FFF7B2FA0546002843D1D3
:1091F00094F94B30002B0CDBA37913F0100F3AD00D
:10920000039D2B78042B12D0E16B2846FDF79BFCC5
:10921000A060039BDB88A38000212046FEF72DFB86
:10922000054648BBA368F3B90023E36224E0A368C2
:109230002362236923F0FF03E27913436362E36C43
:10924000A36268693430FDF706FBA06068693830B6
:10925000FDF70CFBC4E904016B6993F8213003F0BE
:109260000203E371D5E700212046FDF7B1FBE06280
:1092700010B9122502E00525042D02D0002DABD037
:10928000A8E70525A6E70925A6E710B582B004469C
:1092900001A9FDF7A5FD20B9E36A23B908B90023A8
:1092A000236002B010BD1846FDF7E2FBF6E770B58B
:1092B00082B004460D4601A9FDF792FD0646C0B9ED
:1092C00095B100212046FEF7AEFD042800D098B9E4
:1092D00029462046FFF755F800212046FEF778FC86
:1092E000042806D0064604E000212046FEF7C5FA11
:1092F0000646304602B070BD0646FAE730B597B074
:1093000001900C46002202A901A8FDF717FE0546B0
:1093100010B1284617B030BD019902A8FFF717FA1F
:1093200005460028F5D19DF95330002B06DB002CB3
:10933000EFD0214602A8FFF724F8EAE70625E8E780
:109340002DE9F041B8B0019002220FA901A8FDF764
:10935000F5FD0F9B2493044618B1204638B0BDE8B4
:10936000F081019924A8FFF7F2F904460028F4D10E
:10937000022124A8FDF7E2FA04460028EDD19DF968
:10938000DB30002B5DDB9DF8966016F0010F5AD1A3
:109390000F9D02952B78042B1CD033992846FDF79E
:1093A000D2FB074616F0100F34D0109512972B7889
:1093B000042B25D0002110A8FEF75FFA04460028F0
:1093C000CBD1002110A8FEF72EFD044608B30428D7
:1093D00020D121E0D5F8148008F13400FDF73BFAE4
:1093E0000746049008F13800FDF740FACDE9060180
:1093F0006B6993F8213003F002038DF80F30D1E749
:10940000DDE90623CDE914239DF80F308DF84730B0
:10941000D0E70724002CA0D124A8FEF7DAFD0446EB
:1094200000289AD137B9002C97D10F98FEF702FE89
:10943000044692E70022394602A8FEF74AFB04469A
:10944000F1E7062489E7072487E70000134B5B7ADE
:1094500013BB10B5044603F0FF00104B93F809C08E
:109460005FFA8CFC4FF0000E03F80CE093F809C093
:1094700003EB8C0CCCF804405C7A1C4422725A7AC0
:10948000541CE4B25C7230320A703A234B702F23C2
:109490008B7081F803E010BD01207047142F00206D
:1094A00008B50022FFF7D2FF08BD00007F2817D9BA
:1094B00031B1FF2813D880380A4B33F810007047B9
:1094C00000237F2B07D8074A32F81320824202D0AC
:1094D00001339BB2F5E703F18000C0B27047002072
:1094E000704700BF544F0108B0F5805F07D2234B8F
:1094F0001A88002A41D090423FD310B506E0204B95
:10950000F6E773461A88DAB1904219D303F1040ED4
:109510005B88190ADBB203EB020C604504DB00290F
:10952000EFD10EEB4303EDE7082909D8DFE801F09E
:1095300005090F1215181B1E2100841A3EF814008D
:1095400010BD831A03F00103C01A80B2F8E7103887
:1095500080B2F5E7203880B2F2E7303880B2EFE72A
:109560001A3880B2ECE7083080B2E9E7503880B2B0
:10957000E6E7A0F5E35080B2E2E77047604D0108EE
:10958000A44C01088446002306E003F1E0020CEB42
:1095900082020021516001330E2BF6D9002305E031
:1095A0000CEB0302002182F81C110133B3F5007F9C
:1095B000F6D300208CF800008CF8010001238CF811
:1095C0000230CCF8C4038CF8183040228CF8062006
:1095D0008CF819008CF81C038CF81D338CF81F03D1
:1095E0008CF81E03704708B50378DBB20B2B00D054
:1095F00008BDD0F87C33002BFAD09B699847F7E779
:1096000070B584B004464578072D00F22C81DFE860
:1096100015F00800480069009A00BF00E500FE0050
:109620001701082100F0FDFC18B1032821D0012505
:1096300009E194F82D33A37101256570029300268A
:10964000019694F81D33009394F81C3380222179FD
:10965000204600F0E5FDA3790293019694F81D33AE
:10966000009394F81C3332466179204600F0D8FD0F
:10967000E9E094F81E330133DBB284F81E33032B88
:1096800003D90D2323700125DDE06179204600F028
:10969000EFFD2179204600F0EBFD0023237001252A
:1096A000D1E0122100F0BDFC10B902236370CAE0C2
:1096B000032840F0C88094F81E330133DBB284F8ED
:1096C0001E33032B02D90D232370BCE061792046A1
:1096D00000F0CEFD2179204600F0CAFD0023637022
:1096E0002370B0E0012100F0E6FC18B1032824D07B
:1096F0000125A8E00220F9F7CCFF012584F81C53CE
:1097000003236370A37902930026019694F81D3316
:1097100000932B4680222179204600F081FDA37919
:109720000293019694F81D33009394F81C3332464B
:109730006179204600F074FD85E00D23237000233D
:10974000637001257FE0092100F084FC18B904232F
:109750006370012577E0032801D0012573E094F8B8
:109760001E330133DBB284F81E33032B03D90D23E0
:109770002370012567E06179204600F079FD2179A9
:10978000204600F075FD00236370237001255AE028
:10979000B0F83A1300F05EFC18B905236370012598
:1097A00051E0032801D001254DE094F81E33013328
:1097B000DBB284F81E33032B03D90D23237001255C
:1097C00041E06179204600F053FD2179204600F008
:1097D0004FFD002363702370012534E090F83413AB
:1097E00019B90623437001252DE0FF2300F58E7281
:1097F00000F049FC18B906236370012523E0032813
:1098000001D001251FE00623637001251BE090F8BD
:10981000351319B907234370012514E0FF2300F520
:109820008E7200F030FC18B90723637001250AE03E
:10983000032801D0012506E007236370012502E01B
:1098400090F8365315B9284604B070BDFF2300F5D3
:109850008E72294600F017FC05460028F3D0032835
:1098600003D00125EFE70125EDE70025EBE7D8B1AF
:1098700070B50E46044680F8CC230025C0F87C5312
:10988000C0F88053FFF77EFE84F8235384F82053FA
:1098900084F8215384F822530EB1C4F8D4632046CF
:1098A000F9F782FE002070BD022070470A4651B1D0
:1098B000D0F880334BB9591CC0F88013DE3340F820
:1098C000232000207047022070470220704790F844
:1098D0003C338B4203D980F82413002070470220C8
:1098E000704710B5044600200BE04FF01A0C0CFB3B
:1098F0000E4E9EF849C39C451CD0FF2B1AD0013058
:10990000C0B2012815D886464FF01A0C0CFB004C4B
:109910009CF847C38C4501D0FF29F0D14FF01A0CB9
:109920000CFB0E4C9CF848C39445DED0FF2AE6D1D0
:10993000DBE7FF2010BD10B50446F9F7B8FE0121A2
:109940002046F9F777FE002010BD30B587B00446F9
:1099500002238DF8173090F82133DBB2012B11D0A0
:109960002378DBB20B2B7BD8DFE813F00F0021004C
:10997000450005017A007D00E30092009C00A600EE
:10998000B700FC0003230370EAE794F82033002BB0
:1099900066D001232370C820F9F77BFE2046F9F733
:1099A00096FE002384F81C33C4F8C83358E094F8BA
:1099B0002333012B0FD0D4F8C833B3F57A7F13D9F2
:1099C00094F81F330133DBB284F81F33032B08D91B
:1099D0000D23237044E0002384F81F3302232370F7
:1099E0003EE0002323703BE00A33C4F8C8330A206A
:1099F000F9F74FFE34E0D4F8D43313B104212046F4
:109A000098476420F9F745FE2046F9F7F7FD84F8FA
:109A10001D03052323700021204600F016FC607111
:109A20008021204600F011FC01462071A3790293A9
:109A30000025019594F81D33009394F81C3380227F
:109A4000204600F0EDFBA3790293019594F81D33B5
:109A5000009394F81C332A466179204600F0E0FB1D
:109A6000002007B030BD2046FFF7CAFD8DF8170073
:109A70009DF81730002BF3D184F8243394F8373352
:109A8000012B02D007232370EAE708232370E7E7BE
:109A9000D4F8D433002BE3D0012120469847082383
:109AA0002370DDE794F83D13204600F015FB0028F5
:109AB000D6D109232370D3E794F83F3313F0200F56
:109AC00002D10A232370CBE70121204600F015FBC9
:109AD0000028C5D10A232370C2E7D4F88033002BB5
:109AE000BED00023C4F87C3373B1D4F87C33EBB11F
:109AF0009B6820469847B0B906232370D4F8D43326
:109B0000032120469847ABE703F1DE0254F82220F8
:109B1000107994F84713884202D00133DBB2E3E7AF
:109B2000C4F87C23E1E70D23237099E70D2323700C
:109B300096E7D4F87C3393B11B69204698478DF89B
:109B400017009DF8173013B90B23237088E79DF891
:109B50001730DBB2022B83D10D23237080E70D2356
:109B600023707DE7D4F87C33002B3FF479AF5B6939
:109B70002046984774E7002384F821332046FFF7F6
:109B800001FDD4F87C332BB1DB68204698470023D5
:109B9000C4F87C33D4F8D43313B105212046984758
:109BA00094F82233DBB2012B03D02046F9F77FFD76
:109BB00056E7002384F822332046FFF7BCFE4FE728
:109BC000C0F8C413704708B5D0F8C4230132C0F8F8
:109BD000C423FFF708FD08BD012380F82333704735
:109BE000002380F8233370470346012280F82023A6
:109BF000002083F8210383F82203704738B5044618
:109C0000012380F82133002580F8205380F8235366
:109C1000F9F755FD2179204600F02AFB61792046AD
:109C200000F026FB284638BD0B7803704B78437054
:109C30008B7891F803C043EA0C2343800B790371BE
:109C40004B7943718B798371CB79C371082A16D90B
:109C50000B7A4A7A43EA022303818B7ACA7A43EA6F
:109C6000022343810B7B4A7B43EA022383818B7B64
:109C70008373CB7BC3730B7C03744B7C437470473F
:109C80000B7803704B7843708B788370CB78C370FC
:109C90000B7903714B7943718B798371CB79C371E4
:109CA0000B7A037270470B7803704B7843708B7894
:109CB0008370CB78C3700B794A7943EA022383809F
:109CC0008B79837170474378032B00D070470378FA
:109CD000023B9A4228BF1A4692B2002307E000EBEB
:109CE000030C9CF802C001F801CB02339BB29342F3
:109CF000F5D300230B70E9E730B583B00446057E49
:109D00006B1E0A2B00F2DC80DFE803F00610354101
:109D100054617C889BA8BF00427900F1100100F0DB
:109D20000FFA02232376284603B030BD4179F9F7B4
:109D30007BFC0546012805D0042818D0022816D03F
:109D40000125F0E7237CE28A42B113F0800F02D1B3
:109D500005232376E7E703232376E4E713F0800F58
:109D600002D107232376DEE709232376DBE70B23E3
:109D700023760125D7E7D0F8C433C38103798289DC
:109D8000816800F004FA042323760125CBE70179EA
:109D9000F9F74AFC012806D0052800F09380042832
:109DA00004D00125BFE709232376F8E70B232376A8
:109DB0000125B8E70125009543798289816800F083
:109DC000D0F9D4F8C433E38106232376ABE7417995
:109DD000F9F72AFC0546431E042B75D8DFE803F08B
:109DE000030A740E0600072323769CE70C232376D0
:109DF000032598E705232376012594E70B23237693
:109E0000022590E703790022114600F0C0F9D4F84A
:109E1000C433E38108232376012584E70179F9F728
:109E200003FC012805D0042807D005284ED00125C1
:109E300079E70D232376002575E70B23237601258B
:109E400071E70125009543790022114600F089F958
:109E5000D4F8C433E3810A23237664E74179F9F720
:109E6000E3FB012805D0022807D0042809D00125EA
:109E700059E70D232376002555E70923237601258D
:109E800051E70B23237601254DE7437E0133DBB2F7
:109E90004376022B03D801250576857043E7D0F879
:109EA000D43306219847002565766179204600F075
:109EB000DFF92179204600F0DBF92570022532E731
:109EC000012530E703252EE701252CE703252AE7A6
:109ED0000B88027813440B800378184470472DE9EF
:109EE000F04182B00C460B7803704B7843708B784E
:109EF000C97843EA0123438023790371637943716D
:109F0000A3798371E379C371237A0372092A44D94F
:109F100005460923ADF806300026012E3DD86A8893
:109F2000BDF806309A4238D90DF106012046FFF7F8
:109F3000CFFF04464378042BEFD1B0461A2006FB2E
:109F400000F00830284421460230FFF799FE002730
:109F50001A2303FB08539B7BBB421BD96A88BDF8BD
:109F600006309A4216D90DF106012046FFF7B0FFE0
:109F700004464378052BEBD101371A2000FB08F08B
:109F800000EBC7000830284421460430FFF78BFE61
:109F9000FFB2DDE70136F6B2BFE702B0BDE8F081FF
:109FA00010B504468078012803D0022808D001208B
:109FB00005E0A160A281012323760223A37010BDD6
:109FC0002046FFF799FE30B1032804D00228F6D1CD
:109FD0000123A370F3E70123A37000232376EEE7A8
:109FE00008B58E4694461946BDF808208378012BA3
:109FF00002D0FFF7D5FF08BD6EF07F0E80F810E0AD
:10A0000006234374A0F812C00CF47F4CBCF5407FCB
:10A0100003D000238382C282EBE740F209438382AC
:10A02000F9E7F0B583B004460D4600F58E76009151
:10A0300033464FF480720021FFF7D2FF074610B17C
:10A04000384603B0F0BD2A46314604F22630FFF709
:10A05000EBFDF5E7F0B583B004460D4600F11C06B4
:10A06000009133464FF400720021FFF7B9FF074615
:10A0700010B1384603B0F0BD2A46314604F54E70A3
:10A08000FFF72DFFF5E7F0B583B016461D4600F546
:10A090008E740093234641F440720021FFF7A0FF25
:10A0A000074610B1384603B0F0BD2A463146204677
:10A0B000FFF709FEF6E708B58378012B04D00022EC
:10A0C0001146FFF76DFF08BD00230374052242749B
:10A0D00041828382C382F2E708B58378012B04D0E2
:10A0E00000221146FFF75CFF08BD0023037409221C
:10A0F000427441828382C382F2E708B58378012BE0
:10A1000004D000221146FFF74BFF08BD0023037463
:10A110000322427441828382C382F2E708B58378C6
:10A12000012B04D000221146FFF73AFF08BD02239D
:10A13000037401234374002343828182C382F1E7C5
:10A1400010B584B00B4611460024039408220292F5
:10A150000193009423462246F9F7DCFA204604B026
:10A1600010BD30B585B00C4619469DF8203090F8EA
:10A170001D5305B100230393029201940123009320
:10A1800000231A46F9F7C6FA002005B030BD30B5F5
:10A1900085B00D46194600240394029201950122D0
:10A1A00000922346F9F7B6FA204605B030BD30B527
:10A1B00085B00C4619469DF8203090F81D5305B126
:10A1C00000230393029201940123009302230022AF
:10A1D000F9F7A0FA002005B030BD30B585B00D46C6
:10A1E0001946002403940292019501220092022351
:10A1F000F9F790FA204605B030BD00230A2B0CD8A1
:10A2000003F1E00200EB8202526812F4004F02D028
:10A210000133DBB2F2E7184670474FF6FF70704724
:10A2200010B584B0BDF8204002949DF81C40019404
:10A230009DF818400094F9F752FA002004B010BDC0
:10A2400008B5F9F75FFA002008BD38B504460D4699
:10A25000FFF7D3FF4FF6FF73984207D000F00F03CC
:10A2600045F40045E03304EB83046560C0B238BDBB
:10A270000A2906D8E03100EB81004368C3F30E03DE
:10A280004360002070470020704770B5D0F87C33E1
:10A29000DE69337B23B1012B40F04581002070BD86
:10A2A0000446B6F8F8103378994280F031813423AF
:10A2B00003FB0163012283F8912093F89030082B6F
:10A2C00000F23381DFE813F00900310144009E0001
:10A2D0001500D300310131011F01342303FB016359
:10A2E000042283F89020D0F8C433C6F8FC30012053
:10A2F000D5E7342201FB02F2983232440732C9B268
:10A3000000F04BFD034638B9B6F8F820342101FBC4
:10A310000262022182F89010022B03D0042B0BD092
:10A320000120BCE7B6F8F830342202FB03630522B3
:10A3300083F890200120B2E7B6F8F830342202FB0F
:10A340000363012083F89000022283F89120A6E79E
:10A35000C9B200F0B4FC0246C0B9B6F8F8303421F6
:10A3600001FB036191F89210B1B1342101FB03614B
:10A37000012081F8C100342101FB0363032183F82C
:10A380009010002183F8911083F89210022A0AD0CD
:10A39000042A2BD0012082E7342101FB0361002035
:10A3A00081F8C100E7E7B6F8F830342202FB036217
:10A3B00092F89220022A12D0342202FB0362012179
:10A3C00082F8C110342202FB0363052283F8902037
:10A3D000012083F89100022283F892205FE7342263
:10A3E00002FB0362002182F8C110EBE7B6F8F830F7
:10A3F000342202FB0363012083F89000022283F8D9
:10A4000091204CE7342201FB02F2903232440432B4
:10A41000C9B200F07BFC70B9B6F8F830342202FB08
:10A420000362012082F89000002182F89110034419
:10A43000A6F8F83033E7022803D004280BD0012017
:10A440002DE7B6F8F830342202FB0363052283F8C7
:10A450009020012023E7B6F8F830342202FB036392
:10A46000012083F89000022283F8912017E734221C
:10A4700001FB02F2983232440432C9B200F0F3FC1C
:10A48000024698B9B6F8F830342101FB036191F81F
:10A490009C10062910D002290ED0342101FB036143
:10A4A000012081F890000344A6F8F830022A14D065
:10A4B000042A1CD00120F2E6D4F8C413D6F8FC001C
:10A4C000091A42F20F708142E7D8342202FB03637B
:10A4D000022283F890200120E1E6B6F8F830342219
:10A4E00002FB0363082283F890200120D7E6B6F828
:10A4F000F830342202FB0363012083F8900002222B
:10A5000083F89120CBE60131A6F8F8100120C6E6C9
:10A510000023A6F8F83001253573D0F8D433022192
:10A5200098472846BBE60120B9E60120B7E610B5FA
:10A53000D0F87C33DC69A37B022B04D0032B25D01D
:10A540000BB1012010BD214600F06EFA032802D0A5
:10A550000028F7D101E0002020702178022913D8CB
:10A560000131C9B2217000238B42EBD2342202FBAD
:10A5700003424FF0020C82F892C04FF0000C82F8B8
:10A58000C1C00133DBB2EFE70221EBE70021FFF7A7
:10A59000C5FD18B9E37BA3730120D3E70120D1E700
:10A5A00038B50446D0F87C33DD69697969B9297911
:10A5B000A1B9D4F87C33D86928B1F6F77BFCD4F87C
:10A5C0007C330022DA61002038BDFFF739FE69795B
:10A5D0002046FFF74DFE00236B71E8E72046FFF7AA
:10A5E0002FFE29792046FFF743FE00232B71E0E779
:10A5F000F0B585B00446D0F87C13502306220979C3
:10A60000FFF76FF901287CD8054601462046FFF781
:10A610005EF90746002878D1D4F87C634FF4807047
:10A62000F6F740FCF061D4F87C33DE69002E6ED082
:10A630004FF4807200213046F6F76EF91A2303FBBF
:10A64000054393F84E2393F94E33002B49DBB27147
:10A650001A2303FB0543B3F8503333811A2303FB5A
:10A66000054393F8562393F95633002B41DBB2711F
:10A670001A2303FB0545B5F858333381B1792046D9
:10A68000FFF7E3FD7071F1792046FFF7DEFD3071D1
:10A69000204600F0D7F9B279717933890293022507
:10A6A000019594F81D33009394F81C332046FFF76E
:10A6B000B7FDF279317973890293019594F81D33CE
:10A6C000009394F81C332046FFF7AAFD002231794D
:10A6D0002046F8F7B5FF002271792046F8F7B0FF61
:10A6E00010E0F2711A2303FB0543B3F85033738172
:10A6F000B4E7F2711A2303FB0543B3F858337381AF
:10A70000BCE70227384605B0F0BD0227FAE702276A
:10A71000F8E730B583B00C46D0F87C33DD693423DC
:10A7200003FB015393F89030062B06D0072B27D05C
:10A73000052B48D0012003B030BD00220092134603
:10A7400000F01DFC30B9342303FB0453012283F8CD
:10A750009020F0E7022803D0042809D00120EAE77E
:10A76000342303FB0453052283F890200120E2E701
:10A77000342303FB0453082283F890200220DAE7F5
:10A7800000220092134600F0B4FB30B9342303FBDF
:10A790000453012283F89020CDE7022803D0042837
:10A7A00009D00120C7E7342303FB0453052283F8B3
:10A7B00090200120BFE7342303FB0453082283F8D1
:10A7C00090200220B7E7342201FB02F298322A449B
:10A7D000043200F048FB0346A0B9342202FB0452C5
:10A7E000012182F89010022082F89100022BA2D061
:10A7F000042BA0D1342303FB0455082385F89030A3
:10A80000022098E70120F1E7D0F87C33DA69037879
:10A81000DBB20B2B01D000207047342303FB012255
:10A8200092F891300BB10020704701207047D0F8AA
:10A830007C33DB690078C0B20B2801D0022070475E
:10A8400010B5342000FB01F190310B4403F13004CA
:10A85000D3F800E0D3F804C09868D968C2F800E0E3
:10A86000C2F804C09060D16010331032A342EFD11F
:10A870001B681360002010BD2DE9F04182B00D4629
:10A88000089ED0F87C13CF6990F82013C9B3044612
:10A890000178C9B20B2936D1342101FB057191F839
:10A8A0009010012901D002202EE0062038733421B7
:10A8B00001FB057181F89000A7F8FA50009629462F
:10A8C000204600F05CFBD4F8C48329462046FFF7FD
:10A8D00020FF012811D1D4F8C423A2EB080242F2D0
:10A8E000107306FB03F39A4203D894F82033002B2D
:10A8F000EBD101233B73022006E001233B730020D0
:10A9000002E0022000E0022002B0BDE8F0812DE963
:10A91000F04182B00D46089ED0F87C13CF6990F8C4
:10A920002013C9B304460178C9B20B2936D13421AA
:10A9300001FB057191F89010012901D002202EE051
:10A9400007203873342101FB057181F89000A7F8C6
:10A95000FA5000962946204600F0CBFAD4F8C4837A
:10A9600029462046FFF7D5FE012811D1D4F8C4238B
:10A97000A2EB080242F2107306FB03F39A4203D8DB
:10A9800094F82033002BEBD101233B73022006E027
:10A9900001233B73002002E0022000E0022002B00D
:10A9A000BDE8F08110B5D0F87C33DC692179F8F787
:10A9B00035FE0D2801D0022010BDA26F0A4B9A422D
:10A9C00001D00220F8E7E26FA36D9A4201D0012086
:10A9D000F2E794F884000028EED00128ECD0022899
:10A9E000EAD00120E8E700BF5553425308B5D0F83C
:10A9F0007C33DB691AB1012A05D0022002E0D97943
:10AA0000FFF78CFB08BD9979FFF788FBFAE708B5DB
:10AA100021220274FF224274002141828182C1827C
:10AA20000A46FFF7BDFA08BD08B5A1220274FE224E
:10AA300042740022428282820122C282FFF7B0FA6F
:10AA400008BD0000D0F87C33DB69054A5A65054A29
:10AA50009A65012283F8502083F852200020704725
:10AA6000555342435040302070B582B00546D0F86F
:10AA70007C33DE6996F85040631E0A2B00F21D817C
:10AA8000DFE813F00B001B0042004D00770083004D
:10AA9000B600C100DD00EF00110186F8611002234D
:10AAA00086F850307379012200921F2206F154017A
:10AAB000FFF77DFB204602B070BD7179F8F7B4FD59
:10AAC0000446012805D0022815D0052817D00124F6
:10AAD000F0E7F36D5BB196F96030002B03DB0523E3
:10AAE00086F85030E6E7032386F85030E2E7072384
:10AAF00086F85030DEE7012486F85040DAE70A2372
:10AB000086F850300124D5E733797289D6F88C1055
:10AB1000FFF763FB042386F850300124CAE731793C
:10AB2000F8F782FD0446012803D005281CD0012433
:10AB3000C0E7F36D728993420CD9D6F88C1011449A
:10AB4000C6F88C109B1AF365F36D33B9072386F8AA
:10AB50005030AFE70023F365F6E73379D6F88C1071
:10AB60002846FFF73AFBA5E7092386F85030012471
:10AB7000A0E773793289D6F88C1001240094FFF78E
:10AB800016FB062386F8503094E77179F8F74CFDF0
:10AB90000446012805D0022820D0052823D001240E
:10ABA00088E7F36D328993420CD9D6F88C101144A2
:10ABB000C6F88C109B1AF365F36D33B9072386F83A
:10ABC000503077E70023F365F6E77379D6F88C10F9
:10ABD000012000902846FFF7EAFA6BE7052386F884
:10ABE0005030012466E70A2386F85030012461E7DB
:10ABF00033790D2206F17801FFF7EFFA082386F882
:10AC00005030012456E73179F8F70EFD012803D0C2
:10AC100005280FD001244DE7012386F8503086F82F
:10AC200052302846FFF7BEFE044600283FF442AFEC
:10AC300002243FE7092386F8503001243AE7002236
:10AC4000FFF7D4FE20B9072386F85030012431E7FE
:10AC5000042801D001242DE70B2386F8503001246D
:10AC600028E70122FFF7C2FE18B1042816D00124FC
:10AC700020E771792846F8F7F8FCC0F10102D2B25A
:10AC800071792846F8F7DCFC002231792846F8F77C
:10AC9000D7FC092386F8503001240BE70B2386F8F4
:10ACA0005030012406E7FFF7B2FE044600287FF487
:10ACB00001AF012386F85030FCE60124FAE608B51E
:10ACC0000246D0F87C33DB6993F85200012803D0A8
:10ACD000022817D0022014E00022DA6583F86020F1
:10ACE0000A2183F86210C3F86320C3F86720C3F811
:10ACF0006B20C3F86F20012283F85020022283F8D2
:10AD0000522008BD1046FFF7AFFEFAE738B50346FC
:10AD1000D0F87C03C46994F85200012804D0154689
:10AD2000022820D001201DE00823E365802384F859
:10AD300060300A2384F862300023C4F86330C4F81A
:10AD40006730C4F86B30C4F86F30252384F8633063
:10AD5000012384F85030022384F8523004F11003A8
:10AD6000C4F88C3038BD1846FFF77EFE0028F9D1B4
:10AD7000D4F88C20D378917843EA0123517843EAC0
:10AD80000143127843EA02632B60D4F88C20D37914
:10AD9000927943EA0223AB80E4E770B5D0F87C33C4
:10ADA000DC6994F85250012D04D01646022D24D0AF
:10ADB000022520E02422E265802384F860300A2303
:10ADC00084F862300023C4F86330C4F86730A4F814
:10ADD0006B30122384F86330490184F8641084F8DE
:10ADE0006720012384F85030022384F8523004F1A4
:10ADF0001003C4F88C30284670BDFFF735FE0546B9
:10AE00000028F8D1222200213046F5F785FDD4F83C
:10AE10008C301B7803F01F037370D4F88C301B78D0
:10AE20005B093370D4F88C3093F90130002B17DBB9
:10AE3000D4F88C309A68DB68C6F80320C6F807306F
:10AE4000D4F88C30186959699A69DB69F06031610E
:10AE50007261B361D4F88C301B6AC6F81D30CAE742
:10AE60000123B370E4E738B50346D0F87C03C46926
:10AE700094F85200012804D01546022825D002205B
:10AE800022E00E22E265802384F860300A2384F8F1
:10AE900062300023C4F86330C4F86730C4F86B3004
:10AEA000C4F86F30032384F86330490184F86410D8
:10AEB00084F86720012384F85030022384F852304C
:10AEC00004F11003C4F88C3038BD1846FFF7CCFDF0
:10AED0000028F9D1D4F88C309B7803F00F032B7045
:10AEE000D4F88C301B7B6B70D4F88C305B7BAB70F0
:10AEF000EAE738B58446D0F87C03C46994F8520078
:10AF0000012803D0022836D0022033E0B4F898108C
:10AF1000049D05FB01F1E165002184F860104FF00C
:10AF20000A0C84F862C0C4F86310C4F86710C4F84F
:10AF30006B10C4F86F102A2184F86310C2F3076104
:10AF400084F86510C2F3074184F86610C2F3072144
:10AF500084F8671084F86820C5F3072284F86A2013
:10AF600084F86B50012284F85020022284F8522089
:10AF7000C4F88C3038BD6046FFF776FDFAE738B587
:10AF80008446D0F87C03C46994F85200012803D0A9
:10AF9000022836D0022033E0B4F89810049D05FB57
:10AFA00001F1E165802184F860100A2184F86210C3
:10AFB0000021C4F86310C4F86710C4F86B10C4F81B
:10AFC0006F10282184F86310C2F3076184F86510BC
:10AFD000C2F3074184F86610C2F3072184F86710B2
:10AFE00084F86820C5F3072284F86A2084F86B503F
:10AFF000012284F85020022284F85220C4F88C30B8
:10B0000038BD6046FFF730FDFAE7000000B583B0B9
:10B0100000210191094B1A6B42F480021A631B6BE9
:10B0200003F480030193019B0A463820FAF798FE47
:10B030003820FAF7A5FE03B05DF804FB00380240A3
:10B0400030B58BB0002405940694079408940994B5
:10B0500001942D4B1A6B42F004021A631A6B02F032
:10B0600004020192019A02941A6B42F080021A6360
:10B070001A6B02F080020292029A03941A6B42F059
:10B0800001021A631A6B02F001020392039A0494FC
:10B090001A6B42F002021A631B6B03F00203049363
:10B0A000049BB22305934FF44415069505A9174850
:10B0B000FAF75EFA012305930695079405A914484B
:10B0C000FAF756FA224621460620FAF749FE0620EC
:10B0D000FAF756FE224621460720FAF741FE0720DE
:10B0E000FAF74EFE224621460A20FAF739FE0A20D8
:10B0F000FAF746FE224621461720FAF731FE1720BE
:10B10000FAF73EFE0BB030BD0038024000000240AE
:10B110000004024072B6FEE708B50A480A4B036015
:10B120004FF46143436000238360C36003610822DE
:10B1300042618361C361FBF7A3FA00B908BDFFF761
:10B14000E9FF00BF202F00200010014000B595B09E
:10B150003022002108A8F5F7DFFB002303930493B6
:10B160000593069307930193214A116C41F0805196
:10B170001164126C02F080520192019A02931D4AEE
:10B18000136823F4404343F400431360136803F44B
:10B1900040430293029B012308934FF480330993A9
:10B1A00002230E934FF480030F93192310934FF44F
:10B1B000A8731193042312930723139308A8F9F794
:10B1C000C9FC80B90F230393022104910023059346
:10B1D0004FF480520692079303A8F9F70BFF20B9AA
:10B1E00015B05DF804FBFFF795FFFFF793FF00BF75
:10B1F000003802400070004030B585B00025009551
:10B200000195029503952D4C2046FAF706FF2C4B2D
:10B2100023604FF480336360A560012323612576AA
:10B2200084F82050E562274AA262E5600522E261C7
:10B2300084F8305063612046FAF7C4FE002830D10C
:10B2400007230093012301930323029369461B48BC
:10B25000FBF782F838BB0123009302230193694670
:10B260001648FBF779F800BB0423009303230193EE
:10B2700069461248FBF770F8C8B905230093042308
:10B28000019369460D48FBF767F890B908230093CE
:10B290000523019369460948FBF75EF858B905B0E4
:10B2A00030BDFFF737FFFFF735FFFFF733FFFFF73D
:10B2B00031FFFFF72FFFFFF72DFF00BFC42F002046
:10B2C000002001400100000F08B5FAF7A1FDFFF7CB
:10B2D0003DFFF8F71FF8FFF799FEFFF78DFFFFF727
:10B2E0001BFF0648FAF7B6FEF8F7F4F8044C2046C0
:10B2F00003F08EFB204603F01BFCF5E7C42F002073
:10B30000A8310020014B1878704700BF0C30002096
:10B3100010B50446F5F794FA4FF0FF3382B2214698
:10B320000148FBF7E2F910BD202F002008B50122EB
:10B3300009490A48FDF776FB094B187018B109480E
:10B34000FFF7E6FF08BD0848FFF7E2FF08F04AFFF5
:10B35000064B01221A70F5E78423002048130020D1
:10B360001430002034430108544301080C300020FD
:10B3700008B5012209490020FDF754FB084B18705D
:10B3800040B90848FFF7C4FF08F056FF064B0022FB
:10B390001A7008BD0548FFF7BBFFFAE784230020B9
:10B3A00014300020744301080C3000209843010839
:10B3B00070B594B005461420F5F774FD044629468F
:10B3C000F4F7A2FF21466846FDF7F7FE2D4B1870F3
:10B3D00000284FD10EE01E20F5F764FD05462A4BEC
:10B3E00022462A49F4F74EFF2846FFF791FF2846E8
:10B3F000F5F760FD26496846FDF759FF214B1870A7
:10B40000002834D1224B9B7E8BB3214B1B7B13F046
:10B41000100FE0D01C491F48F5F762FF0028E9D063
:10B4200019491D48F5F75CFF0028E3D01E20F5F709
:10B4300039FD0546144E32461849F4F723FF2846D5
:10B44000FFF766FF2846F5F735FD2046F5F7F8F9D2
:10B450000546324612492018F4F714FF2046FFF73C
:10B46000A7FF084B187010B900236355C2E7684660
:10B47000FDF70BFF2046F5F71DFD024B187814B0C1
:10B4800070BD00BF1430002032300020F0430108AE
:10B4900018300020B8430108C4430108E043010804
:10B4A000EC43010870B504463449FDF727FF344BDF
:10B4B000187080B30B2221463248FDF7E1FA0546A9
:10B4C0002F4B1870002837D16420F5F7EBFC0546A8
:10B4D00022462D49F4F7D6FE2846FFF719FF2846E5
:10B4E000F5F7E8FC2748FDF753FE0546244B187096
:10B4F000A0B36420F5F7D6FC064623462A46234926
:10B50000F4F7C0FE3046FFF703FF3046F5F7D2FCF4
:10B510001B4B187870BD6420F5F7C4FC0546224625
:10B520001B49F4F7AFFE2846FFF7F2FE2846F5F771
:10B53000C1FC134B1878EDE76420F5F7B3FC064621
:10B5400023462A461349F4F79DFE3046FFF7E0FEF6
:10B550003046F5F7AFFC0A4B1878DBE76420F5F7C7
:10B56000A1FC054622460C49F4F78CFE2846FFF75D
:10B57000CFFE2846F5F79EFCCAE700BF1830002032
:10B5800014300020F00200203446010874460108FF
:10B59000D44501080C460108B445010870B50446BD
:10B5A0000D464B49FDF7AAFE4A4B187000284ED1B4
:10B5B000322221464848FDF763FA0646454B18708B
:10B5C000002855D16420F5F76DFC06462246434914
:10B5D000F4F758FE3046FFF79BFE3046F5F76AFC5D
:10B5E0002846F5F72DF902463D4B29463A48FDF726
:10B5F00002FC0546374B187000284BD06420F5F745
:10B6000051FC064623462A463649F4F73BFE3046AF
:10B61000FFF77EFE3046F5F74DFC2F48FDF7B8FDED
:10B6200005462C4B1870002843D06420F5F73AFCEF
:10B63000064623462A462C49F4F724FE3046FFF7F7
:10B6400067FE3046F5F736FC224B187870BD642053
:10B65000F5F728FC054622462449F4F713FE284650
:10B66000FFF756FE2846F5F725FC1A4B1878EDE74C
:10B670006420F5F717FC0546234632461C49F4F7CB
:10B6800001FE2846FFF744FE2846F5F713FC114B50
:10B690001878DBE76420F5F705FC054622461549D6
:10B6A000F4F7F0FD2846FFF733FE2846F5F702FCD5
:10B6B000B3E76420F5F7F6FB054622460E49F4F79A
:10B6C000E1FD2846FFF724FE2846F5F7F3FBBBE72C
:10B6D0001830002014300020F002002098460108A5
:10B6E00010300020C84601088C45010800440108BC
:10B6F00020440108F0460108B445010870B504462D
:10B700001F49FDF7FBFD1F4B1870B8B92046FDF728
:10B7100017FE05461B4B187008BB6420F5F7C2FBEB
:10B72000054622461849F4F7ADFD2846FFF7F0FD1F
:10B730002846F5F7BFFB134B187870BD6420F5F76A
:10B74000B1FB054622461149F4F79CFD2846FFF758
:10B75000DFFD2846F5F7AEFB0A4B1878EDE76420CD
:10B76000F5F7A0FB064623462A460949F4F78AFD69
:10B770003046FFF7CDFD3046F5F79CFBDBE700BF19
:10B7800018300020143000200C4701080044010844
:10B790003447010808B50A460138C1B2014805F02E
:10B7A00006FE08BD0834002008B50146014805F032
:10B7B000CBFD08BD08340020704708B501210846BC
:10B7C000FFF7E8FF08BD08B500210120FFF7E2FF01
:10B7D00008BD000008B50A280AD8DFE800F0060A0C
:10B7E0000E12161A1E22262A2A001448FFF7DCFF22
:10B7F00008BD1348FFF7D8FFFAE71248FFF7D4FF58
:10B80000F6E71148FFF7D0FFF2E71048FFF7CCFF4B
:10B81000EEE70F48FFF7C8FFEAE70E48FFF7C4FF5F
:10B82000E6E70D48FFF7C0FFE2E70C48FFF7BCFF73
:10B83000DEE70B48FFF7B8FFDAE700BF544701081F
:10B84000AC47010858470108BC470108C447010834
:10B850005C47010860470108644701086847010820
:10B860006C47010810B584B0044601210520FFF79C
:10B8700091FF2246044901A8F4F704FD01A8FFF74F
:10B8800093FF04B010BD00BF7047010810B584B02D
:10B89000044601210420FFF77DFF2046F6F7BEFF96
:10B8A0000022084BF7F74EF902460B46064901A85D
:10B8B000F4F7E8FC2C238DF8053001A8FFF774FF9E
:10B8C00004B010BD00408F407847010810B584B027
:10B8D000044601210720FFF75DFF2246044901A825
:10B8E000F4F7D0FC01A8FFF75FFF04B010BD00BF64
:10B8F0008047010800B585B0FCEEC07A17EE903A9B
:10B900009AB207EE902AF8EEE77A30EE670ADFED9A
:10B91000097A20EE270AFCEEC07A17EE903A064923
:10B920006846F4F7AFFC6846FFF73EFF05B05DF8E8
:10B9300004FB00BF0050C34788470108F0B585B03D
:10B94000274A82FB0143CC17C4EB63146FF06306F4
:10B9500006FB0411234B83FB01754FEAE17ECEEB1E
:10B96000A50E6FF0090505FB0E111F4F87FB00C7E1
:10B970004FEAE07CCCEBA71C1C4F07FB0C0082FBC2
:10B980000072C717C7EB621206FB020083FB00635D
:10B99000C617C6EBA30305FB030030348DF8004047
:10B9A0000EF1300E8DF801E02C248DF8024030317C
:10B9B0008DF803100CF1300C8DF804C030328DF886
:10B9C000052030338DF8063030308DF80700002325
:10B9D0008DF808306846FFF7E7FE05B0F0BD00BF00
:10B9E0001F85EB5167666666D34D621018FCFFFF3A
:10B9F00000B585B0DFED3B7AB4EEE70AF1EE10FA60
:10BA000007DCB5EEC00AF1EE10FA04D5B1EE400A3B
:10BA100001E09FED340A9FED347AC0EE077AFDEE27
:10BA2000E77A17EE90CA642303FB0CF307EE903A13
:10BA3000F8EEE77A70EE677AF2EE046A87EEA67A9D
:10BA4000BDEEC77A17EE102A02EB82035B0007EE09
:10BA5000103AB8EEC77A77EEC77AFDEEE77ABDEE18
:10BA6000C07AB8EEC77A30EE470A9FED207A20EE12
:10BA7000070ABDEEC07A17EE103A1D4981FB03019B
:10BA8000D817C0EB61106FF0630101FB0033194957
:10BA900081FB031ED917C1EBAE016FF0090E0EFB3F
:10BAA00001330CF1300C8DF800C030328DF80120DC
:10BAB00017EE902A30328DF802202C228DF80320C8
:10BAC00030308DF8040030318DF8051030338DF8AA
:10BAD000063000238DF807306846FFF765FE05B095
:10BAE0005DF804FB00C079440000C84200007A44BD
:10BAF0001F85EB516766666610B5C4B2012120460A
:10BB0000FFF748FE01212046FFF744FE10BD00006C
:10BB1000032907D006290BD001290FD10A4B33F98D
:10BB200030007047084B03EBC003B3F902007047C5
:10BB3000054B03EBC003B3F904007047024B03EB62
:10BB4000C003B3F90600704754500108032839D0E8
:10BB5000062839D0012839D11E4B1B68012B15D07E
:10BB60000020022B14D0032B14D0042B15D0052B4E
:10BB700016D0062B17D0072B18D0082B19D0092B5D
:10BB80001AD00A2B1BD00C2B22D070476E20E8E76E
:10BB9000FA20E8E74FF4AF70E7E74FF4CD70E6E73F
:10BBA00040F22620E5E74FF4CD70E4E740F2C620EE
:10BBB000E3E740F22A30E2E740F2B630E1E74FF443
:10BBC000AF70E0E764207047012070476A2070473B
:10BBD000FA20DAE750310020032821D0062810D0BF
:10BBE00001281FD1144A1388013B9BB21380134ACA
:10BBF0001268934219DD013A0F4B1A804FF4AF706F
:10BC000070470D4A138801339BB213800B4A1268A8
:10BC100093420DDB084B00221A804FF4AF7070473F
:10BC20006A2070474FF4AF7070474FF4AF707047A1
:10BC30004FF4AF70704700BF3A31002088000020F9
:10BC400003281DD006280ED001281CD1124A1388C3
:10BC5000013B9BB213800A2B18D9134609221A8084
:10BC60004FF4E17070470C4A138801339BB2138084
:10BC7000092B0ED9134600221A804FF4E170704749
:10BC80004FF4CD7070474FF4E17070474FF4E1709E
:10BC900070474FF4E17070473A31002003281DD0FF
:10BCA00006280ED001281CD1124A1388013B9BB2F2
:10BCB00013800A2B18D9134609221A804FF4EB700F
:10BCC00070470C4A138801339BB21380092B0ED99D
:10BCD000134600221A804FF4EB7070474FF4CD707A
:10BCE00070474FF4EB7070474FF4EB7070474FF4B0
:10BCF000EB7070473A31002003281CD006280DD085
:10BD000001281BD1124A1388013B9BB213808B423E
:10BD100017DD0139118040F2EE2070470C4A13887C
:10BD200001339BB213808B420EDB134600221A8034
:10BD300040F2EE20704740F2C620704740F2EE20FD
:10BD4000704740F2EE20704740F2EE20704700BF8F
:10BD50003A31002003281DD006280ED001281CD11E
:10BD6000124A1388013B9BB213808B4218DD0139C4
:10BD70000F4B198040F2EE2070470C4A13880133B4
:10BD80009BB213808B420EDB094B00221A8040F2DB
:10BD9000EE20704740F2C620704740F2EF20704717
:10BDA00040F2EF20704740F2EF207047383100201A
:10BDB0003A3100200A2900D0022103281CD006288D
:10BDC0000DD001281BD1124A1388013B9BB213806E
:10BDD0008B4217DD0139118040F2023070470C4A66
:10BDE000138801339BB213808B420EDB1346002273
:10BDF0001A8040F20230704740F2C620704740F28D
:10BE00000230704740F20230704740F20230704713
:10BE10003831002003282BD006281BD001282AD136
:10BE2000194A1388013B9BB213808B4226DD0A29F5
:10BE300008D0154B00221A80144B01221A8040F2C0
:10BE400053307047013989B21180104B198040F28C
:10BE5000533070470C4A138801339BB213808B42D6
:10BE60000FDB00231380094A138040F253307047E0
:10BE700040F22A30704740F25230704740F2523060
:10BE8000704740F2523070473A310020383100207C
:10BE9000032830D0062817D001282FD11F4A138835
:10BEA000013B9BB213800A2907D0012B2CD91C4BD4
:10BEB00000221A8040F2523070478B4221DD013956
:10BEC000118040F252307047144A138801339BB2FC
:10BED00013800A2907D0012B1CD9114B00221A808C
:10BEE00040F2523070478B4211DB134600221A8019
:10BEF00040F25230704740F22A30704740F25330DF
:10BF0000704740F25330704740F25330704740F270
:10BF10005330704740F25330704700BF3831002033
:10BF20003A3100200A2911D0012203281CD006280A
:10BF30000ED001281BD112480388013B9BB203801D
:10BF40008B4217DD028040F2663070474A1EECE7F4
:10BF50000B490B8801339BB20B8093420DDD00220D
:10BF60000A8040F26630704740F22A30704740F253
:10BF70006630704740F26630704740F26630704776
:10BF8000383100200B4B00221A60032809D0062804
:10BF90000BD0012801D101221A60064BB3F9000031
:10BFA0007047044B02221A60F7E7024B03221A6023
:10BFB000F3E700BF4C99002000230B4A13600B4AA3
:10BFC00013600B4B01221A600A4B10221A600A4BB5
:10BFD00040221A60094B80221A60094B20221A6005
:10BFE000084B00221A6070477C310020803100200D
:10BFF00094310020903100208C31002088310020C5
:10C000008431002050990020024B1A68024B1A60BC
:10C01000704700BF803100207431002008B50B4804
:10C0200005F0F6FE00230A4A13600A4A13600A4A22
:10C0300013600A4A13600A4A13600A4A13600A4AE4
:10C0400013600A4B01221A6008BD00BF343400207F
:10C05000803100207C3100207831002074310020B4
:10C0600064310020703100206C31002088000020F5
:10C0700010B5694B1B68013B082B0AD8DFE803F0B9
:10C080001D090909090967990500644B1B68012B03
:10C0900000D010BD624B1A78624B1B681A42F8D070
:10C0A0005E4B00221A606048604B1B68C362604BA5
:10C0B0001B68836506F024F9EBE7594B1B78594A56
:10C0C000126813420DD0554B01221A60564B574A45
:10C0D0001268DA62564A12689A65524B00221A6058
:10C0E000D7E7544A126813420DD04C4B02221A6013
:10C0F0004D4B4E4A12681A634D4A1268DA654D4B31
:10C1000000221A60C5E74C4A126813420DD0434B17
:10C1100003221A60444B454A12685A63444A126823
:10C120001A66454B00221A60B3E7444A126813426C
:10C13000AFD03A4B04221A603B4B3C4A12689A63D8
:10C140003B4A12685A663D4B00221A60A1E73C4BFD
:10C15000B3F9002040F2BF239A429AD1304B1A78AB
:10C16000304B1B681A4294D0364803882E4A03F19C
:10C17000200102EB81012D4C24684C6003F12A015F
:10C1800002EB81022A490968916001339BB2038066
:10C190002D4A126893427FF47CAF2C4B0121196029
:10C1A000022A03D0204806F0DDF872E7264B19601A
:10C1B000F8E7234BB3F90010244B1B6840F22332FD
:10C1C000914208BF002B7FF464AF154B1A78154BD2
:10C1D0001B681A423FF45DAF1A480388124A03F104
:10C1E000200102EB8101114C24684C6003F12A010B
:10C1F00002EB81020E490968916001339BB2038012
:10C20000114A126893427FF444AF104B01221A6026
:10C21000054806F0A7F83CE750310020A031002087
:10C220004831002090310020343400207C3100203F
:10C23000803100208C3100208831002084310020A2
:10C2400040310020383100205C3100206C3100206A
:10C2500038B59A4BB3F9003040F2F712934200F030
:10C260001781B3F5FC7F32DAB3F5977F00F0BD801C
:10C270001DDC642B66D0CA2B40F01781904B1B68E5
:10C28000022B00F099808E4B1B680C2B40F00D8127
:10C29000FFF7BAFE8B488C4B1B68C3628B4B1B6845
:10C2A0008365864B6A221A8006F0D2F8FDE0B3F56A
:10C2B000C97F40F0FA80002840F0F780844B1B686B
:10C2C000012B00F0BF80824B01221A60EDE040F2AA
:10C2D0002232934200F0168140F22332934200F062
:10C2E0003B8140F2BE22934240F0DF80002840F0C4
:10C2F000DC8078480388734A03F10A0102EB81016C
:10C30000714C24684C6003F1140102EB81026F4907
:10C310000968916001339BB203806F4A12689342AF
:10C3200040F0C380012A00F0C18000236B4A1380D3
:10C33000684A1380614B40F2BF221A80684B012289
:10C340001A60B2E05E4B1B68092B23D0FFF734FE66
:10C35000644B00221A6006F0F3FF594B1B68032B55
:10C3600025D0564C6523238000235A4A13805B4A0C
:10C370001380574A13605A4A13605B4A13600123C3
:10C3800008225A495A4802F063FCB4F9000000F050
:10C39000FFFF8AE0FFF710FE06F0D2FF514B0122AB
:10C3A0001A606520454B188000F0F2FF7DE0464B97
:10C3B0004FF42F721A60D4E7FFF726FE4148424B34
:10C3C0001B68C362414B1B6883654A4BD3ED006A0F
:10C3D0009FED497AC6EE877A484BC3ED007A374B1A
:10C3E0006A221A8005F08CFF4DE700285DD139489C
:10C3F0000388344A03F10A0102EB8101324C2468BC
:10C400004C6003F1140102EB81023049096891602C
:10C4100001339BB203802A4A1268062A0CD0384A9C
:10C420001268934241D1FFF7EFFD244B6A221A8034
:10C43000244805F097FF38E0002223490A60234989
:10C440000A60ECE7234C23881E4A03F10A0102EB41
:10C4500081011D4805684D6003F1140102EB810262
:10C460001A490D68956001339BB223800022026057
:10C470000A600A2B03D0164B00221A6015E0FFF762
:10C48000C3FD0E4B6A221A800E4805F06BFFF2E7DF
:10C490000C4B0D4A1268DA620C4A12689A65FFF773
:10C4A000B3FD064B4FF4FC721A8038BD0A4B0222D2
:10C4B0001A600A4B00221A803CE700BF403100207E
:10C4C00050310020343400207C31002080310020A5
:10C4D000983100203A3100205C31002038310020B2
:10C4E00070310020A03100206C3100200004024097
:10C4F000D43100205099002000007A444C310020B3
:10C50000880000200028D0D127480388274A03F15B
:10C510000A0102EB8101264C24684C6003F11401EE
:10C5200002EB810223490968916001339BB20380C9
:10C53000214A12689342B8DB012A09D000231F4A1E
:10C540001380194A13801E4B40F223321A80ACE745
:10C55000194B02221A60F1E70028A6D1124803887D
:10C56000124A03F1360102EB8101114C24684C6040
:10C5700003F1400102EB81020E4909689160013329
:10C580009BB203800C4A126893428ED1012A03D1D8
:10C59000094B02221A6088E70A4B01221A600348FD
:10C5A00005F0E0FE81E700BF3A310020343400207E
:10C5B0007C310020803100205C31002038310020A7
:10C5C00040310020703100200D4B1A6842F2107388
:10C5D0009A420DD00A4A136805331360094BD3ED14
:10C5E000007A9FED097A77EE877AC3ED007A70477B
:10C5F000034B00221A60054A136801331360E9E710
:10C600007C310020509900200000484280310020F9
:10C6100070B504460020F22C00F3FB808442C0F287
:10C62000B381F22C00F2B081DFE814F09E01B60174
:10C63000C001CC01D801E401F001FC0108021402A0
:10C6400020022C0252027B02C802EC02AE0110034F
:10C650001D032403AE012B034703AE01AE01AE015F
:10C66000AE01AE01AE01AE01AE016F03AE01AE018F
:10C67000AE01AE01AE01AE01AE01AE01AE01790375
:10C68000AE01AE01AE01AE01AE01AE01AE01AE0132
:10C69000AE0180039E03AE01AE01AE01AE01AE015C
:10C6A000AE01AE01AE01C203AE01AE01AE01AE01FC
:10C6B000AE01AE01AE01AE01AE01AE01CC03D903B5
:10C6C000E003AE01AE01E703AE01AE01AE01AE0183
:10C6D000EE03FB030204AE01AE012004AE01AE0185
:10C6E000AE01AE012704AE01AE01AE01AE01AE0156
:10C6F000AE0151048504AE01AE01AE01AE01AE0142
:10C70000AE01AE01AE01AE01AE01AE01AE01AE01B1
:10C71000AE01AE01AE01AE01AE01AE01AE01AE01A1
:10C72000AE01AE01AE01AE01AE01AE01AE01AE0191
:10C73000AE01AE01AE01AE01AE01AE01AE01AE0181
:10C74000AE01AE01AE01AE01AE01AE01AE01AE0171
:10C75000AE01AE01AE01AE01AE01AE01AE01AE0161
:10C76000AE01AE01AE01AE01AE01AE01AE01AE0151
:10C77000AE01AE01AE01AE01AE01AE01AE01AE0141
:10C78000AE01AE01AE01AE01AE01AE01AE01AE0131
:10C79000AE01AE01AE01AE01AE01AE01AE01AE0121
:10C7A000AE01AE01AE01AE01AE01AE01AE01AE0111
:10C7B000AE01AE01AE01AE01AE01AE01AE01AE0101
:10C7C000AE01AE01AE01AE01AE01AE01AE01AE01F1
:10C7D000AE01AE01AE01AE01AE01AE01AE01AE01E1
:10C7E000AE01AE01AE01AE01AE01AE01AE01AE01D1
:10C7F000AE01AE01AE01AE01AE01AE01AE01AE01C1
:10C80000AE01AE01AE01AE01AE01AE019F04B004B7
:10C81000C10440F2FE339C4200F3B68040F2DE33A6
:10C820009C4227DBA4F2DE33202B00F2AD80DFE850
:10C8300013F0E803AB00AB00AB00AB00AB00AB0008
:10C84000AB00AB00AB00500450055C059304E20460
:10C85000BB04AB00AB00AB00AB00AB00AB00F20322
:10C86000AB00AB00AB00AB00AB00AB00AB00AB0070
:10C87000FE032804B4F5617F00F0A38340F2863301
:10C880009C4240F08180B44B0B221A600125B34BCF
:10C890001D60B34B10221A60B24B40221A60B24B9B
:10C8A00080221A60B14B20221A6007F0D3FB0021CE
:10C8B0002846FEF76FFFAE48FEF776FF0021AD4831
:10C8C00005F006FB002800F08883AB48FEF76CFFFC
:10C8D00000210620FEF75EFFA848FEF765FF012154
:10C8E000A44805F0F5FA002800F07B83A248FEF783
:10C8F0005BFF00210920FEF74DFFA148FEF754FF22
:10C9000002219C4805F0E4FA002800F06E839A4862
:10C91000FEF74AFF00210C20FEF73CFF9948FEF786
:10C9200043FF0321934805F0D3FA002800F0618308
:10C930009148FEF739FF00210F20FEF72BFF9248A8
:10C94000FEF732FF04218B4805F0C2FA002800F000
:10C9500054838E48FEF728FF8D4B19783920FFF756
:10C96000D7F88C4B18800FE006F024FD8A4B052287
:10C970001A60874B19780020FFF7CAF8854B18809A
:10C980000A21864802F0DAFA824BB3F90030A3425A
:10C9900000F0D384012070BD06F038FD7C4B19787F
:10C9A0000120FFF7B5F87B4B1880EDE706F044FD5A
:10C9B000FFF734FB764B19780220FFF7A9F8754B87
:10C9C0001880E1E706F046FDFFF728FB704B197869
:10C9D0000320FFF79DF86F4B1880D5E706F050FD58
:10C9E000FFF71CFB6A4B19780420FFF791F8694B9D
:10C9F0001880C9E706F05AFDFFF710FB644B197861
:10CA00000520FFF785F8634B1880BDE706F064FD4D
:10CA1000FFF704FB5E4B19780620FFF779F85D4BB2
:10CA20001880B1E706F06EFDFFF7F8FA584B197859
:10CA30000720FFF76DF8574B1880A5E706F078FD43
:10CA4000FFF7ECFA524B19780820FFF761F8514BC9
:10CA5000188099E706F082FDFFF7E0FA4C4B197851
:10CA60000920FFF755F84B4B18808DE706F0A0FD25
:10CA7000FFF7D4FA464B19780A20FFF749F8454BDF
:10CA8000188081E706F0BEFD454B00221A60404B3E
:10CA900019780B20FFF73CF83E4D2880FFF7BEFACF
:10CAA000B5F90030642B0FD00C2B7FF46DAF01264D
:10CAB0003B4B1E603B4D284604F088FC3246052166
:10CAC000284604F090FC5FE7354A00211160EBE74F
:10CAD0002F4D284E00222978304605F02BFA06F01B
:10CAE000B1FD0021304605F021FAFEF7BBFE2978A2
:10CAF0000C20FFF70DF8274B1880274B1B68022BE3
:10CB000009D0244BB3F900300C2B3FF43DAF25483E
:10CB100004F052FC38E70D28F3D11E4B64221A8032
:10CB2000EFE7204804F05CFC00283DD0184D114E82
:10CB300001222978304605F0FDF906F09FFD01211C
:10CB4000304605F0F3F9FEF78DFE29780D20FEF74B
:10CB5000DFFF104B188017E7503100209431002080
:10CB6000903100208C310020883100208431002059
:10CB7000944701083434002098470108AC47010865
:10CB800058470108BC470108C4470108A0470108ED
:10CB90003C3100204031002068310020F03100207D
:10CBA0006431002008340020A54D284604F00EFC16
:10CBB00001220521284604F016FCB7E7A04804F03E
:10CBC0000FFCA8B19F4DA04E02222978304605F0F7
:10CBD000B1F906F06FFD0221304605F0A7F9FEF726
:10CBE00041FE29780E20FEF793FF984B1880CBE684
:10CBF000934D284604F0EAFB01220521284604F063
:10CC0000F2FBDFE78E4804F0EBFBA8B18D4D8E4EB2
:10CC100003222978304605F08DF906F067FD0321DF
:10CC2000304605F083F9FEF71DFE29780F20FEF748
:10CC30006FFF864B1880A7E6814D284604F0C6FB9F
:10CC400001220521284604F0CEFBDFE7804B0122BC
:10CC50001A6006F067FD7B4B19782620FEF758FF17
:10CC60007A4B188090E67B4B02221A60774B0B229E
:10CC70001A8089E6774B05221A60744B0B221A80C2
:10CC800082E606F06BFD724B02221A60724B0022A4
:10CC90001A606C4B19781020FEF73AFF6B4B188026
:10CCA000642806D016287FF46FAE6B4B01221A6001
:10CCB0006AE6694B00221A60F4E7614804F090FBD1
:10CCC000C8B1604D604E04222978304605F032F933
:10CCD00006F064FD0421304605F028F9FEF7C2FD98
:10CCE00029781120FEF714FF584B18805B4B186809
:10CCF000FEF702FF48E6524D284604F067FB01228A
:10CD00000521284604F06FFBDBE7514B03221A6034
:10CD1000534B0A221A604D4B64221A8034E64C4B66
:10CD200004221A60494B64221A802DE60123484AE6
:10CD30001360484A022111604A4A136006F062FCFF
:10CD4000404B19781220FEF7E3FE404B1880642810
:10CD500006D034287FF418AE3F4B01221A6013E648
:10CD60003D4B00221A60F4E7354804F039FBA8B1C6
:10CD7000344D354E04222978304605F0DBF806F0B4
:10CD800029FD0421304605F0D1F8FEF76BFD297826
:10CD90001320FEF7BDFE2D4B1880F5E5284D2846E3
:10CDA00004F014FB01220521284604F01CFBDFE7F8
:10CDB000274B06221A602A4B0A221A60234B642250
:10CDC0001A80E1E5224B07221A6006F01FFD1D4B79
:10CDD00019783E20FEF79CFE1C4B1880D4E5224BB0
:10CDE00001221A60194B4D221A80CDE51E4B0A22F2
:10CDF0001A60164B4D221A80C6E5154B07221A60A1
:10CE0000124B64221A80BFE5114B08221A6006F00B
:10CE1000FDFC0C4B19783F20FEF77AFE0B4B188077
:10CE2000B2E5114B01221A60084B57221A80ABE57C
:10CE30000D4B0A221A60054B57221A80A4E500BF49
:10CE4000083400203C3100203434002040310020E0
:10CE50005031002068310020643100208C00002017
:10CE600088000020603100205C310020AB4B08229C
:10CE70001A60AB4B64221A8086E5A84B09221A601F
:10CE8000A84804F0ADFAC0B1A74DA84E04222978F5
:10CE9000304605F04FF806F0D5FC0421304605F089
:10CEA00045F8FEF7DFFC29782520FEF731FE9C4B84
:10CEB00018809F4B01221A6066E59A4D284604F0BF
:10CEC00085FA01220521284604F08DFADCE7934B10
:10CED0000A221A60934804F083FAF0B1924E934DFF
:10CEE0003178284605F0EEF806F0C8FC284605F033
:10CEF0006BF9904D2860FEF7E9FC31783720FEF79A
:10CF000007FE874B18802B68002B10DD0A2B7FF75C
:10CF10003BAD834B63221A8036E5824D284604F0F0
:10CF200055FA01220721284604F05DFAD6E77C4A2B
:10CF300063211180EAE77B4804F052FA88B906F0D1
:10CF4000B9FCFFF761F800237B4A13607B4A13604A
:10CF5000734A642111807A4A13607A4B01221A6065
:10CF600012E5704804F028FAE9E7774801F0EAFF93
:10CF700000283FF409AD06F0E7FE4FF4FA6172486D
:10CF800001F0DCFF664BF1221A80FDE46E4801F0EF
:10CF9000D9FF00283FF4F8AC06F010FF4FF4FA6117
:10CFA000694801F0CBFF5E4BF2221A80ECE4664840
:10CFB00001F0C8FF00283FF4E7AC594B00221A806B
:10CFC000E2E407F031F8FFF729F8574B19783820D9
:10CFD000FEF79EFD524B1880D6E45C48FEF7E4FB5A
:10CFE00076E45A48FEF7E0FB83E45848FEF7DCFBA2
:10CFF00090E45648FEF7D8FB9DE45548FEF7D4FB75
:10D00000AAE407F03BF8484B19783A20FEF780FD78
:10D01000434B1880B8E407F045F8FEF7FFFF424B9A
:10D0200019783A20FEF774FD3D4B1880ACE43D487A
:10D0300004F0D6F9D8B1394B0C221A603C4B0122CE
:10D040001A60394D394E04222978304604F072FFB7
:10D0500007F03EF80421304604F068FFFEF702FCBA
:10D0600029783B20FEF754FD2D4B18808CE42D4D84
:10D07000284604F0ABF901220521284604F0B3F953
:10D08000D9E7284804F0ACF9C8B1274E274D05224E
:10D090003178284604F04EFF0521284604F046FF6B
:10D0A000C5F8200207F074F8D5F82002FEF7EEFB71
:10D0B00031783C20FEF72CFD194B188064E4194DA3
:10D0C000284604F083F901220421284604F08BF954
:10D0D000DBE706F04DFC144B1B78032B0BD0062B23
:10D0E00016D0012B7FF450AC0D4B6A221A80154BE1
:10D0F00001221A6048E4FEF705F920B9084B40F216
:10D10000EB321A8040E4064B4FF47B721A803BE40A
:10D11000104B1A88024B1A8036E400BF50310020B1
:10D1200040310020083400203C31002034340020FD
:10D1300064310020880000207C31002080310020F4
:10D14000983100209C310020F03100209C470108DC
:10D15000A44701083E310020FEF7D4F890B1784B87
:10D1600040F2ED321A80774B06221A70754B1B780D
:10D17000012B7FF409AC724B6A221A80724B012298
:10D180001A6001E4714B1A68013A02EB0212704D09
:10D19000704B1A440021284604F0A1F86E4A012180
:10D1A000284604F09CF8E1E7684E3268013A02EB49
:10D1B0000212674D694B1A440021284604F08FF88B
:10D1C0003368013B664A1A440121284604F087F877
:10D1D0005C4B1B78062B08D0012B7FF4D5AB584B4A
:10D1E0004FF47A721A80FFF7CFBB554B4FF47B7226
:10D1F0001A80FFF7C9BB5B4B1A68531E0B2B16D85E
:10D20000DFE803F00638424715474C4C38421551C9
:10D21000554B1B681BB3554B19680522003918BFC5
:10D220000121534804F060FA4F4B00221A60002895
:10D2300043D0464B1A68013A02EB02124D4B1A4496
:10D240000121434804F04BF84FF47A714A4801F049
:10D2500075FE3B4B40F2E9321A80FFF795BB434B1A
:10D260001A68003A18BF0122444B1978404804F06C
:10D27000C7F8D9E73D4B196812B2003918BF012130
:10D280003B4804F031FAD2E711B2394804F068FBA8
:10D29000CDE711B2364804F0E3FBC8E711B23448D9
:10D2A00004F0C0FCC3E7314B196812B2003918BF53
:10D2B00001212F4804F018FAB9E7244B1A68013A03
:10D2C00002EB02122E4B1A440121214804F007F808
:10D2D000BAE7294801F036FE00283FF455AB184B59
:10D2E00040F2EA321A80FFF74FBB184E3268013A1B
:10D2F00002EB0212164D234B1A440021284603F07C
:10D30000EEFF3268013A02EB02121F4B1A44012170
:10D31000284603F0E4FF0B4B1B78062B07D0012BAC
:10D320007FF432AB064B64221A80FFF72DBB174BFC
:10D330001A88034B1A80FFF727BB0020FFF72BBB8F
:10D34000403100203C3100209C3100204C990020CD
:10D350000834002094530108C853010860530108A1
:10D36000DC5301085031002060310020643100207E
:10D370003034002090520108F03100206831002044
:10D380005C520108F8520108C45201083E310020E5
:10D3900010B50446B0F5FD7F45DAB0F5FA7F12DC32
:10D3A0006A281CDC6428C0F28882A0F16403062B82
:10D3B00000F28382DFE813F09400A500EF0024015F
:10D3C00045018601AC01A0F2F513042B00F2758231
:10D3D000DFE813F05902650281029102B302B0F551
:10D3E000977F00F01882B0F5C97F00F03082CA281C
:10D3F00040F0638206F07EFA00210D20FEF7CAF9A4
:10D40000A048FEF7D1F9A04B1B78062B40F05582BF
:10D4100000239E4A13609E4A13609E4B64221A802A
:10D42000FEF7F2FD49E240F22333984200F0E18238
:10D43000B0F5497F32DA40F2BF23984200F09E8275
:10D4400040F22233984204D040F2BE23984240F08A
:10D45000348206F053FD00210A20FEF79BF98E4826
:10D46000FEF7A2F98D4B1888FEF7B4F900211020C1
:10D47000FEF790F98A4B1888FEF7ACF9824B1B78BF
:10D48000062B40F01A820023804A1360804A136002
:10D49000804B64221A80FEF7B7FD0EE240F286331D
:10D4A000984200F0E88240F28733984240F00582CB
:10D4B00006F03EFA744B1878FEF748FB754B18805F
:10D4C000012800F0FC82962800F0FF82714BB3F92E
:10D4D0000030642B40F0F1816C4B00221A60ECE1CB
:10D4E00006F0E8F9684B1B78062B40F0E681002334
:10D4F000684A1380654A1360654A1360FEF75CF959
:10D50000DBE1FEF759F9674B1B68013B0B2B00F27F
:10D51000D481DFE813F00C00100014001900D201D0
:10D520001E00230028002D003700D2013C00594B7B
:10D5300066221A80C1E1574BCA221A80BDE1554BC1
:10D540004FF497721A80B8E1524B4FF4C9721A80A7
:10D55000B3E1504B4FF497721A80AEE14D4B40F25D
:10D56000BE221A80A9E14B4B40F222321A80A4E17C
:10D57000484B40F286321A80FEF71FF94A48FEF700
:10D5800013F99AE1434B4FF497721A8095E1414B9E
:10D59000CA221A8091E106F0ADF900210C20FEF7B5
:10D5A000F9F84248FEF700F9374B1B78062B0CD0F0
:10D5B0003F4B1B68012B40F080813E4B1B68022BC8
:10D5C0000ED0344B67221A8077E100232F4A136074
:10D5D0002F4A13602F4B64221A80FEF715FDE7E7F0
:10D5E0002B4B1B6843B1344804F032FF294B6A22AD
:10D5F0001A80FEF709FD60E12F4804F0E7FDF5E72A
:10D6000006F078F900210C20FEF7C4F82B48FEF74D
:10D61000CBF81D4B1B78062B08D0254B1B68022B23
:10D6200040F04B811B4B68221A8046E10023174AC9
:10D630001360174A1360174B64221A80FEF7E4FC4C
:10D64000EBE706F057F900210C20FEF7A3F81C4881
:10D65000FEF7AAF80C4B1B78062B08D0144B1B685E
:10D66000032B40F02A810B4B69221A8025E100230D
:10D67000064A1360064A1360064B64221A80FEF7BE
:10D68000C3FCEBE7C84701083C3100209C31002077
:10D690006031002040310020D84701083A31002095
:10D6A00038310020503100202C530108A8470108D0
:10D6B000A03100206831002034340020B047010838
:10D6C000B847010806F016F900210C20FEF762F8B1
:10D6D0009E48FEF769F89E4B1B78062B0DD09D4B9C
:10D6E0001B68042B40F0E9809B4804F06FFD9B4BC6
:10D6F0006A221A80FEF788FCDFE00023984A136054
:10D70000984A1360954B64221A80FEF77DFCE6E789
:10D7100006F00EF98E4B1878FEF718FA8F4B18802A
:10D72000012834D08D4BB3F900306E2B39D08B4BA0
:10D73000B3F90030FA2B3AD0884BB3F90030B3F587
:10D74000AF7F3AD0854BB3F90030B3F5CD7F3DD0F4
:10D75000824BB3F9002040F2C6239A423FD07F4B60
:10D76000B3F9002040F22A339A4243D07B4BB3F9FD
:10D77000002040F2B6339A4247D0784BB3F90030DC
:10D78000642B40F09A80764B00221A6095E0744B2F
:10D7900000221A60744B1880704B4FF47A721A8012
:10D7A000C0E76F4B02221A60FEF706F8BFE76C4B2A
:10D7B00002221A60FEF700F8BEE7694B02221A60E7
:10D7C0006A4B00221A80FDF7F7FFBBE7644B022289
:10D7D0001A60664B00221A80FDF7EEFFB8E7604B37
:10D7E00002221A600023614A1380614A1380FDF708
:10D7F000E3FFB4E75A4B02221A6000235B4A13800E
:10D800005B4A1380FDF7D8FFB0E7554B02221A6040
:10D81000FDF7D2FFB1E706F06DF800210C20FDF70F
:10D82000B9FF5448FDF7C0FF504B1888FDF7D2FFF1
:10D83000474B1B78062B40D10023494A1360494AC5
:10D840001360464B64221A80FEF7DEFB35E006F0DB
:10D8500051F800210C20FDF79DFF4648FDF7A4FF7D
:10D86000424B1888FDF7B6FF394B1B78062B24D1A5
:10D8700000233B4A13603B4A1360384B64221A80F2
:10D88000FEF7C2FB19E0324B1B78062B15D10023A3
:10D89000334A1360334A1360304A13800DE02C4B37
:10D8A0001B78062B11D02D4B40F2F7121A80FDF792
:10D8B00083FF05F045FDFEF77FFB284BB3F90030F1
:10D8C000A34200F00881012010BD0023244A136008
:10D8D000224A1380E7E706F00DF81D4B1B78062B54
:10D8E000EBD100231E4A13601E4A13601B4A1380AB
:10D8F000FEF78AFBE1E706F01BF8154B19782920A3
:10D90000FEF706F9154B1880012810D040F22623A7
:10D910009842D2D1184B1B681BB9104B40F22522FC
:10D920001A800F4B02221A60FDF746FFC5E700235D
:10D930000B4A13600B4A1360E8E70023084A1360A0
:10D94000084A1360054B64221A80B6E7C0470108F5
:10D950003C310020A0310020343400204031002030
:10D960009C310020603100203E3100203A310020FF
:10D9700038310020D04701086431002006F0BEFA9B
:10D9800000210A20FDF706FF544B1B68072B26D009
:10D990005348FDF709FF534B1888FDF71BFF002183
:10D9A0001020FDF7F7FE504B1888FDF713FF4F4B83
:10D9B0001A684F4B1B68012A08BF012B13D04D4B2F
:10D9C0001B78062B7FF479AF00234B4A13604B4A38
:10D9D00013604B4B64221A80FEF716FB6DE7494833
:10D9E000FDF7E2FED7E7FEF70FFB454B6A221A80F0
:10D9F000E5E706F083FA00210A20FDF7CBFE374B5E
:10DA00001B68072B26D03648FDF7CEFE354B18880D
:10DA1000FDF7E0FE00211020FDF7BCFE324B188818
:10DA2000FDF7D8FE314B1A68314B1B68012A08BF3D
:10DA3000012B13D02F4B1B78062B7FF43EAF002316
:10DA40002D4A13602D4A13602D4B64221A80FEF775
:10DA5000DBFA32E72B48FDF7A7FED7E7FEF7D4FA4B
:10DA6000274B6A221A80284B1B68022BE2D1264BD7
:10DA700001221A60DEE705F03DFF00210C20FDF7D2
:10DA800089FE2248FDF790FE1A4B1B78062B0BD01F
:10DA90001F4B1B68002B7FF410AFFEF7B5FA184B35
:10DAA00040F287321A8008E70023134A1360134AB2
:10DAB0001360134B64221A80FEF7A6FAE8E70023EE
:10DAC0000D4A13600D4A1360FDE40B4B02221A60ED
:10DAD000FDF772FEFAE40020F6E600BF50310020A8
:10DAE000DC4701083A310020383100207031002035
:10DAF0006C3100203C3100209C310020603100203E
:10DB000040310020D84701085C310020A8470108B7
:10DB1000A031002010B50446FDF755FE1C48FDF766
:10DB200043FE1C4BB3F90030B3F5E17F0DD1092C56
:10DB300007D0601C00B2FDF74DFE1748FDF734FE1C
:10DB400013E01648FDF730FE0FE01548FDF72CFEF8
:10DB5000092C19D0601C00B2FDF73CFE0E48FDF701
:10DB600023FE00210620FDF715FE0E48FDF71CFEE2
:10DB700062340D4B03EB840393ED010AFDF7BAFE0B
:10DB80000A48FDF711FE10BD0448FDF70DFEE8E759
:10DB9000E047010840310020E8470108E447010858
:10DBA000EC470108F047010834340020F44701082D
:10DBB00010B50446FDF707FE0F48FDF7F5FD092CEB
:10DBC00015D0601C00B2FDF705FE0C48FDF7ECFD1A
:10DBD0000B48FDF7E9FD56340A4B03EB840393ED44
:10DBE000020AFDF705FF0848FDF7DEFD10BD0748F6
:10DBF000FDF7DAFDECE700BF7C470108E8470108C4
:10DC0000F047010834340020F8470108E4470108D0
:10DC100038B50446FC2800F399806E28C0F24E8582
:10DC2000A0F16E038E2B00F24985DFE813F0B501F9
:10DC3000F2014705470547054705470547054705DD
:10DC40004705470547054705470547054705470574
:10DC50004705470547054705470547054705470564
:10DC60004705470547054705470547054705470554
:10DC7000470547054705470547054705270243026E
:10DC80005F027B029702B302EC02250347054705BA
:10DC90004705470547054705470547054705470524
:10DCA000470547056F038F03AF03CF03EF030F044F
:10DCB0002F044F0447054705470547054705470516
:10DCC00047054705470547054705470547054705F4
:10DCD00047054705470547054705470547054705E4
:10DCE00047054705470547054705470547054705D4
:10DCF00047054705470547054705470547054705C4
:10DD000047054705470547054705470547054705B3
:10DD100047054705470547054705470547054705A3
:10DD20004705470547054705470547054705470593
:10DD30004705470547054705470547054705470583
:10DD40004705470547056F04B304FA0440F2EE2384
:10DD5000984200F05A856BDC40F22923984247DC58
:10DD6000B0F5097F0BDDA4F22523042B00F2A68475
:10DD7000DFE813F0AC04C704E90404051F05B0F59F
:10DD8000E17F00F08E8420DCB0F5AF7F00F06C8482
:10DD9000B0F5CD7F40F0928406F06CF8AA4B19786C
:10DDA0002A20FDF7B5FEA94B18806A2800F06F8481
:10DDB000B0F5E17F00F07084B0F5EB7F40F07E8439
:10DDC000A34B00221A8000F079BCB0F5EB7F40F045
:10DDD000758406F073F89E4BB3F90000FFF7E8FE78
:10DDE000994B1878FDF75AFF984B188000F066BCE5
:10DDF00040F2C623984240F0618406F0B3F8924B9B
:10DE000019783120FDF784FE904B18806A2800F0C5
:10DE1000F28440F2EE23984200F0F28440F20233A2
:10DE2000984240F04B848B4B00221A8000F046BC95
:10DE300040F25333984200F07185B0F5557F2FDBE7
:10DE400040F2B733984200F0B385B0F56E7F80F2B0
:10DE5000828040F26633984200F0878540F2B63304
:10DE6000984240F02B8405F0E5FF00210320FDF7E8
:10DE700091FC794B93ED630AFDF73CFD7748FDF784
:10DE800093FC714B19783220FDF742FE6F4B1880DE
:10DE90006A2840F01384724B01221A6000F00EBC15
:10DEA00040F22A33984200F0FA842CDC40F2EF234F
:10DEB000984200F0CD8440F20233984240F0FE8355
:10DEC00006F09CF800210320FDF764FC614D2A88D0
:10DED0007832614B03EB820393ED010AFDF70AFDF3
:10DEE0006048FDF761FC00210F20FDF753FC2888F6
:10DEF000FDF770FC5C4B1968534B1878FDF75AFF1F
:10DF0000524B1880DAE340F25233984240F0D68305
:10DF100006F048F800210320FDF73CFC4C4D2A8810
:10DF200062324D4B03EB820393ED010AFDF7E2FCF5
:10DF30004C48FDF739FC00210F20FDF72BFC288809
:10DF4000FDF748FC484B19683F4B1878FDF762FF16
:10DF50003E4B1880B2E340F2E543984240F0AE8376
:10DF600006F032F900210420FDF714FC3A4B93ED42
:10DF7000840AFDF73DFD3D48FDF716FC324B19784C
:10DF80003D20FDF7C5FD314B18806A2840F096838F
:10DF9000334B01221A6091E3354B1B6863B9354B53
:10DFA0001B68012B03D0294B6F221A8086E3274B75
:10DFB00040F225221A8081E32E4B1B68012B04D1ED
:10DFC000224B40F226221A8078E31F4B1978152045
:10DFD000FDF79EFD1D4B18806A280AD096280CD0AC
:10DFE000AA2803D1244B1B68022B0ED005F0E0FCBD
:10DFF00064E31B4B01221A60F0E71F4B1B68022BE6
:10E00000EED1124B95221A8058E3104BA9221A80A8
:10E0100054E305F0EDFC0C4B19783420FDF778FD46
:10E020000A4B18806A280BD0962840F04783124B81
:10E030001B68022B40F04283044B95221A803DE37B
:10E04000074B01221A60EFE73C31002040310020ED
:10E050003A3100203831002034340020FC470108D8
:10E060009C310020344801085C3100203848010808
:10E0700064310020603100206831002005F0D8FCB8
:10E0800000210320FDF786FB984B996DD86AFDF7B8
:10E0900055FC9748FDF788FB964B19782720FDF72C
:10E0A00037FD954B18806A2840F00883934B012276
:10E0B0001A6003E305F0D0FC00210620FDF76AFB9F
:10E0C0008A4B996DD86AFDF739FC8948FDF76CFBDE
:10E0D000884B19781620FDF71BFD874B18806A289E
:10E0E00040F0EC82854B01221A60E7E205F0DEFC8D
:10E0F00000210620FDF74EFB7C4BD96D186BFDF718
:10E100001DFC7B48FDF750FB7A4B19781720FDF773
:10E11000FFFC794B18806A2840F0D082774B0122AF
:10E120001A60CBE205F0F2FC00210620FDF732FB7D
:10E130006E4B196E586BFDF701FC6D48FDF734FB13
:10E140006C4B19781820FDF7E3FC6B4B18806A289C
:10E1500040F0B482694B01221A60AFE205F0FAFC8C
:10E1600000210620FDF716FB604B596E986BFDF7FA
:10E17000E5FB5F48FDF718FB5E4B19781920FDF7AA
:10E18000C7FC5D4B18806A2840F098825B4B0122E7
:10E190001A6093E205F002FD00210620FDF7FAFA6D
:10E1A000524A136BD26A934226D203F51C531033A2
:10E1B00053490B604D4BDB6D013B52490B60504B9B
:10E1C0001868801A494BD8639A6D4E490968891AB4
:10E1D0009966FDF7B3FB4648FDF7E6FA454B19781B
:10E1E0001A20FDF795FC444B18806A2840F066829F
:10E1F000424B01221A6061E241490B603B4BD96DF1
:10E20000404B1960DBE705F0EDFC00210620FDF72F
:10E21000C1FA364A536B126B934226D203F51C5354
:10E22000103337490B60314B1B6E013B35490B6096
:10E23000334B1868801A2D4B1864DA6D3149096820
:10E24000891AD966FDF77AFB2948FDF7ADFA294B03
:10E2500019781B20FDF75CFC274B18806A2840F0DA
:10E260002D82264B01221A6028E225490B601F4BA4
:10E27000196E244B1960DBE705F0D8FC002106205D
:10E28000FDF788FA194A936B526B934226D203F535
:10E290001C5310331A490B60144B5B6E013B194938
:10E2A0000B60174B1868801A104B58641A6E15498A
:10E2B0000968891A1967FDF741FB1348FDF774FADD
:10E2C0000C4B19781C20FDF723FC0B4B18806A2897
:10E2D00040F0F481094B01221A60EFE108490B601C
:10E2E000024B596E074B1960DBE700BF3434002046
:10E2F000FC4701083C310020403100209C310020C7
:10E3000058310020543100200448010805F0B2FCC7
:10E3100000210720FDF73EFAB34B93ED4D0AFDF7C0
:10E3200067FB00210E20FDF735FAB048FDF73CFAF7
:10E33000AF4B19782820FDF7EBFBAE4B18806A280D
:10E3400040F0BC81AC4B01221A60B7E105F0A6FC9D
:10E3500000210720FDF71EFAA34B93ED4D0AFDF7B0
:10E3600047FB00210E20FDF715FAA048FDF71CFA27
:10E370009F4B19781D20FDF7CBFB9E4B18806A2818
:10E3800040F09C819C4B01221A6097E105F094FCBF
:10E3900000210720FDF7FEF9934B93ED4E0AFDF7A0
:10E3A00027FB00210E20FDF7F5F99048FDF7FCF959
:10E3B0008F4B19781E20FDF7ABFB8E4B18806A2817
:10E3C00040F07C818C4B01221A6077E105F080FCE3
:10E3D00000210720FDF7DEF9834B93ED4F0AFDF78F
:10E3E00007FB00210E20FDF7D5F98048FDF7DCF989
:10E3F0007F4B19781F20FDF78BFB7E4B18806A2816
:10E4000040F05C817C4B01221A6057E105F06CFC06
:10E4100000210720FDF7BEF9734B93ED500AFDF77D
:10E42000E7FA00210E20FDF7B5F97048FDF7BCF9B9
:10E430006F4B19782020FDF76BFB6E4B18806A2814
:10E4400040F03C816C4B01221A6037E105F058FC2A
:10E4500000210720FDF79EF9634B93ED510AFDF76C
:10E46000C7FA00210E20FDF795F96048FDF79CF9E9
:10E470005F4B19782120FDF74BFB5E4B18806A2813
:10E4800040F01C815C4B01221A6017E105F044FC4E
:10E4900000210720FDF77EF9534B93ED520AFDF75B
:10E4A000A7FA00210E20FDF775F95048FDF77CF919
:10E4B0004F4B19782220FDF72BFB4E4B18806A2812
:10E4C00040F0FC804C4B01221A60F7E005F030FC74
:10E4D00000210720FDF75EF9434B93ED530AFDF74A
:10E4E00087FA00210E20FDF755F94048FDF75CF949
:10E4F0003F4B19782320FDF70BFB3E4B18806A2811
:10E5000040F0DC803C4B01221A60D7E03B4B1B689B
:10E510001BB93B4B1B68022B24D005F08BFC002160
:10E520000320FDF737F9304B996DD86AFDF706FAED
:10E530003448FDF739F92E4B19782F20FDF7E8FA0A
:10E540002C4B18802E4B1B680C2B0FD0022B16D097
:10E55000284BB3F900306A2B40F0B080264B0122E3
:10E560001A60ABE0234BFC221A80A7E040F2E542A0
:10E570009042EBD11F4A40F2E5411180E6E71D4B86
:10E58000B3F9002040F2E5439A42E1D1194BFB2256
:10E590001A80DDE705F05CFC00210420FDF7FAF8A5
:10E5A000114B93ED4D0AFDF723FA1748FDF7FCF8E0
:10E5B0000F4B19783020FDF7ABFA0E4B1880104B3B
:10E5C0001B680C2B0AD0022B20D00A4BB3F9003069
:10E5D0006A2B73D1084B01221A606FE0FA28F2D13E
:10E5E000044AFA211180EEE734340020084801087B
:10E5F0003C310020403100209C310020643100205B
:10E60000503100200C48010814480108B04BB3F900
:10E61000002040F2E5439A42D7D1AD4BFA221A804E
:10E62000D3E705F005FA00210320FDF7B3F8A94B65
:10E63000996DD86AFDF782F9A748FDF7B5F8A74BA1
:10E640001B68022B08D0A24BB3F900306A2B35D1DE
:10E65000A34B01221A6031E0A24B19783520FDF757
:10E6600057FA9B4B1880EEE705F000FC9E4BB3F980
:10E670000000FFF74FFA9B4B1878FDF7ADFA944B6B
:10E6800018806A281AD1964B01221A6016E0944B22
:10E6900001221A60FFF78CBB934B00221A80FFF710
:10E6A0008BBB05F007FC904BB3F90000FFF732FA83
:10E6B0008C4B1878FDF7C4FA854B1880844BB3F95E
:10E6C0000030A34200F09081012038BD05F0B0F980
:10E6D00000210320FDF75EF87E4B996DD86AFDF7A7
:10E6E0002DF97D48FDF760F87E4B19783620FDF74F
:10E6F0000FFA774B18806A28E0D1794B01221A6013
:10E70000DCE77A4B1B681BB9714B40F225221A805B
:10E7100005F090FB00210320FDF73CF86D4B996D4F
:10E72000D86AFDF70BF97248FDF73EF86D4B197882
:10E730002B20FDF7EDF9664B18806A28BED1684B97
:10E7400001221A60BAE705F083FB00210420FDF7DF
:10E7500021F8604B93ED4D0AFDF74AF96548FDF746
:10E7600023F8604B19782C20FDF7D2F9584B18800C
:10E770006A28A3D15A4B01221A609FE705F0A2FB39
:10E7800000210420FDF706F8524B93ED870AFDF7B0
:10E790002FF95948FDF708F8524B19782D20FDF74D
:10E7A000B7F94B4B18806A2888D14D4B01221A606B
:10E7B00084E705F095FB00210420FCF7EBFF454BB7
:10E7C00093ED870AD3ED637A20EE270A83ED4E0A94
:10E7D000FDF70EF94948FCF7E7FF424B19782E2068
:10E7E000FDF796F93A4B18806A287FF467AF3C4BE7
:10E7F00001221A6062E73A4B01221A60FFF709BB57
:10E80000394B00221A80FFF709BB05F0CBFB002132
:10E810000320FCF7BFFF344D2A8862322D4B03EBF7
:10E82000820393ED010AFDF765F83548FCF7BCFF5C
:10E8300000210F20FCF7AEFF2888FCF7CBFF314BFF
:10E840001968284B1878FDF757FA214B188035E7DF
:10E8500005F0BEFB00210320FCF79CFF2A4D2A880F
:10E860001C4B02F1360003EB8000403203EB8203C5
:10E8700099684068FDF762F82148FCF795FF002190
:10E880000F20FCF787FF2888FCF7A4FF1D4B1968B1
:10E89000144B1878FDF75EFA0D4B18800EE705F063
:10E8A00061FB104B19784020FDF732F9084B1880B6
:10E8B0006A282BD040F2523398422BD040F2663374
:10E8C00098427FF4FBAE104B00221A80F6E600BFA0
:10E8D0004031002034340020F4470108503100203A
:10E8E0009C3100203C3100203A310020643100206E
:10E8F0000C4801081C480108244801082C4801085C
:10E90000344801085C31002038310020374B0122A7
:10E910001A60CFE7364B00221A80CFE705F058FB8C
:10E9200000210320FCF736FF324D2A88324B02F1DA
:10E93000360003EB8000403203EB820399684068A5
:10E94000FCF7FCFF2D48FCF72FFF00210F20FCF700
:10E9500021FF2888FCF73EFF294B1968294B1878BE
:10E96000FDF796FA284B1880A8E605F047FB002132
:10E970000320FCF70FFF1F4D2A8878321E4B03EB54
:10E98000820393ED010AFCF7B5FF1C48FCF70CFF6E
:10E9900000210F20FCF7FEFE2888FCF71BFF184B18
:10E9A0001968184B1878FDF7BDFA174B188085E6E3
:10E9B00005F04EFA00210420FCF7ECFE0E4B93ED1F
:10E9C0004D0AFDF715F81148FCF7EEFE0D4B1978CE
:10E9D0003320FDF79DF80C4B18806A287FF46EAE4B
:10E9E000024B01221A6069E600206EE69C3100208D
:10E9F0003A310020383100203434002034480108F6
:10EA00005C3100203C3100204031002014480108D6
:10EA100010B504460E4800F0E9F90E4804F0F2FB88
:10EA20000D4800F0F7FA0D4802F07AFC0C4800F0AF
:10EA3000AFFF012323700B4800F032FA0A4C204646
:10EA400000F09AFE0021204600F0E2FE10BD00BF5B
:10EA5000D4310020409900209C320020083400204E
:10EA6000E4330020EC310020F032002008B50248E9
:10EA700000F0C0FB08BD00BF9C32002010B504466A
:10EA800004221149114800F0EAF8B8B9104A136895
:10EA900001331360227882F001020A2B12D98AB165
:10EAA000002308220849094800F0D2F80422064948
:10EAB000064800F0D4F80028F8D003E00023044A08
:10EAC0001360237010BD00BF00000240D43100204D
:10EAD000A431002008B5054800F02EFB044800F0E2
:10EAE00061FF044802F0E4FB08BD00BF9C32002037
:10EAF000E43300200834002008B5084803F052FF32
:10EB0000074803F04FFF074803F04CFF064803F0A7
:10EB100049FF064803F046FF08BD00BF7885002086
:10EB2000B0710020E85D0020204A00205836002007
:10EB300008B50446F4F7CEFC104804F0A5FB80B9F4
:10EB40000E4804F0A6FB80B90C4804F0A7FB80B97E
:10EB50000A4804F0A8FB0028ECD02046FFF7CCFFC1
:10EB6000E8E72046FFF782FFEAE72046FFF786FF47
:10EB7000EAE72046FFF7AEFFEAE700BF4099002032
:10EB800008B5052202490348F7F7E8FA08BD00BFB7
:10EB9000C0310020C42F002008B5084B83ED000AC7
:10EBA000074B1B7803B108BD064B0122092106481B
:10EBB00000F009FA024B01221A70F4E790000020DD
:10EBC000A931002081EB0008F031002008B50921AF
:10EBD000034800F0EFF9034B00221A7008BD00BF94
:10EBE000F0310020A9310020044B03EB8003D3ED6A
:10EBF000007AFCEEE77A17EE900A7047AC310020FD
:10EC000000231BE00F4A02EB8302D2ED007A0E4A8A
:10EC1000D2ED006AF8EE677A67EEA67AB7EE007A70
:10EC200037EE667A094A02EB8302D2ED006A27EEDC
:10EC3000267A77EE877AC2ED007A0133042BE1D988
:10EC4000704700BFC031002090000020AC31002090
:10EC5000012B02D012048A6170478A6170470B69E8
:10EC6000134201D00120704700207047B1F5807F2A
:10EC700043D020D8202918D8022940D302391E2990
:10EC800011D8DFE801F03E103210101034101010CF
:10EC9000101010103610101010101010101010104E
:10ECA0001010101038000020704740292BD0802908
:10ECB0002BD107207047B1F5805F28D00AD8B1F575
:10ECC000806F26D0B1F5006F25D0B1F5007F24D13B
:10ECD00009207047B1F5804F21D0B1F5004F20D009
:10ECE000B1F5005F1FD10D2070470220704703204F
:10ECF00070470420704705207047082070470020A7
:10ED000070470120704706207047002070470C2094
:10ED100070470A2070470B207047002070470E2074
:10ED200070470F2070470020704738B50C461D46CD
:10ED30001146FFF79BFFE168430003229A4021EA56
:10ED40000201E160E1689D400D43E560216821EA30
:10ED50000201216021689DF810509D4029432160E7
:10ED600061680125854021EA0501616061689DF8BF
:10ED7000145005FA00F001436160A16821EA020223
:10ED8000A260A2689DF8181001FA03F31343A36070
:10ED900038BD0000F0B585B0064600250295012477
:10EDA00001940094234608220E49FFF7BEFF0E4F40
:10EDB0000295019500952346042239463046FFF717
:10EDC000B4FF029501950094234608223946304647
:10EDD000FFF7ABFF2346082239463046FFF738FFDE
:10EDE00005B0F0BD000402400000024000B585B04F
:10EDF00000220192114B196B41F001011963196B4B
:10EE000001F00101019101990292196B41F0020197
:10EE10001963196B01F002010291029903921A6BB6
:10EE200042F004021A631B6B03F004030393039B79
:10EE3000FFF7B0FF05B05DF804FB00BF00380240EB
:10EE4000F0B583B00D4617461E46F6F749FA13484B
:10EE5000002303600123436003228260C360022316
:10EE6000036101A9F6F73AFB68B90024A64210DD58
:10EE700057F82420002329460220F6F789FA28B9FA
:10EE800004350134F2E7F6F74DFA05E0F6F74AFAF1
:10EE900002E0F6F73DFA002003B0F0BDD8310020C3
:10EEA00008B50223024A0349FFF7CAFF08BD00BFA5
:10EEB0004048010800C000087047000000230FE030
:10EEC00003EB430200EB820200211173D181118216
:10EED00003EB430200EB82020F4951610133DBB2C5
:10EEE0000B2BEDD90D4A536C43F4802353640C4B28
:10EEF000012018600021596004229A6244F2D21263
:10EF0000DA62DA680243DA605861064B4FF08062D9
:10EF10001A6083F81A137047B9EE000800380240EF
:10EF20000048014000E100E082B0036801930368FB
:10EF3000019A9B1A8B42FAD302B070474160036872
:10EF4000836070470268836841680B449A4201D924
:10EF50000120704700207047F8B50646002407E0FE
:10EF600004EB440506EB850500232B730134E4B262
:10EF70000B2C1BD804EB440306EB83031B7B002BF9
:10EF8000F4D004EB440206EB8202D389013B9BB22E
:10EF9000D381002BEAD11746536998477B7B002B1E
:10EFA000DED03A8AFA8101233B73DFE7336801330D
:10EFB0003360F8BD0B2905D801EB410100EB81005E
:10EFC0000023037370470B290FD872B101EB410C7A
:10EFD00000EB8C0CACF80E20ACF8102001228CF861
:10EFE0000D20CCF814308CF80C20704708B5074B76
:10EFF0001B6913F0010F00D108BD0548FFF7ACFFF6
:10F00000024A136923F001031361F5E70048014048
:10F01000F0310020F0B585B01F4F204D0024029440
:10F020000194012600962346802239462846FFF7A0
:10F030007CFE02940194009623464FF48072394678
:10F040002846FFF772FE0294019400943346022290
:10F0500039462846FFF769FE02940194009423463E
:10F0600032460F492846FFF760FE0294019400944F
:10F0700033464FF4806239462846FFF756FE029425
:10F080000194009433464FF4007239462846FFF746
:10F090004CFE05B0F0BD00BF00040240D43100209A
:10F0A00000000240024B18780D221A70704700BF12
:10F0B0009400002008B519B101290BD000231CE0F1
:10F0C0000023802201F1804101F501310D48FFF755
:10F0D000BFFDF3E700234FF480720B490948FFF7A7
:10F0E000B7FDEBE700BF00BF00BF00BF00BF00BF20
:10F0F00000BF00BF00BF01339BB2B3F57A7FF1D3ED
:10F1000008BD00BFD43100200004024038B5084DCE
:10F11000084C0123802229462046FFF799FD012350
:10F120004FF4807229462046FFF792FD38BD00BF9C
:10F1300000040240D43100202C4B5B78032B1CD000
:10F140002A4BDB79032B1FD0284B5B79032B22D072
:10F15000264BDB78032B25D0244B1B78032B28D0A0
:10F16000224B9B79032B2BD0204B1B79032B2ED0CA
:10F170001E4B9B78032B31D070471C4B04225A70D6
:10F180001B4B01221A70DBE7184B0422DA71184B73
:10F1900009221A70D8E7154B04225A71144B062223
:10F1A0001A70D5E7114B0422DA70114B03221A7042
:10F1B000D2E70E4B04221A700D4B0C221A70CFE7C7
:10F1C0000A4B04229A710A4B08221A70CCE7074BAB
:10F1D00004221A71064B05221A70C9E7034B042258
:10F1E0009A70034B02221A70C6E700BF94320020C7
:10F1F0009400002010B504463A4A13780133DBB27C
:10F200001370012B02D9134600221A70354B19785E
:10F210002046FFF74FFF344B00221A704CE00222C9
:10F2200032493348FFF71BFD324B1880314B1B88A6
:10F23000002B34D12C4B19782A4B1A782E4B03EB28
:10F2400041039B5C012B24D9022B31D12A4800EBCE
:10F25000410101338B542046FFF76EFF28E0012265
:10F2600026492348FFF7FBFC224B1880DEE74FF4CA
:10F2700080621E491E48FFF7F2FC1E4B1880D5E73E
:10F280004FF4007219491A48FFF7E9FC194B18802E
:10F29000CCE7194800EB410101338B5408E0124BD5
:10F2A0001978104B1A78144B03EB41030021995441
:10F2B0000D4A1378013313700B4B1B78032B0DD8B9
:10F2C000032BB3D801A252F823F000BF1FF20008AD
:10F2D0005FF200086FF2000881F200082046FFF795
:10F2E00015FF10BD903200208C3200200004024037
:10F2F000D43100208E3200209432002000000240E1
:10F3000030B585B0054600240EE0094901EBC40282
:10F310000023029301930095928851F83410054818
:10F32000FFF703FD0134E4B2032CEED905B030BD84
:10F33000F0530108D431002008B513460A460146AF
:10F340000148FFF785FC08BDD431002008B54FF413
:10F35000004202490248FFF782FC08BD0004024057
:10F36000D431002000EB800000BF00BF00BF00BF11
:10F3700000BF00BF00BF00BF00BF00BF00BF00BF95
:10F3800000BF00BF0138EFD17047000038B5054617
:10F3900000240EE045FA04F30F4901EBC40203F028
:10F3A0000103928851F834100C48FFF751FC0134E6
:10F3B000E4B2032CEED90A4C01224FF480712046AE
:10F3C000FFF7BAFF0A20FFF7CDFF00224FF480714C
:10F3D0002046FFF7B1FF38BDF0530108D4310020BB
:10F3E0000000024000EB0113094A1344094A13606C
:10F3F000022905D0032905D0012907D1C02302E045
:10F40000942300E0D4231844C0B270478023FAE765
:10F41000A8320020A4320020002309E003EB4302BD
:10F4200091000A4A0A44FF211172002151720133EE
:10F43000132BF3D90023064A137004E0054A002178
:10F4400042F823100133072BF8D9704798000020A9
:10F45000EC320020CC32002010B5184C00224FF4C2
:10F4600080612046FFF768FF01224FF400712046BB
:10F47000FFF762FF0020FFF743FF0A20FFF772FF4C
:10F4800001224FF480710D48FFF756FF0A20FFF765
:10F4900069FFFFF75BFF01280BD000224FF480715A
:10F4A0000648FFF749FF064A136801331360642BCF
:10F4B000E6DD034B00221A6010BD00BF00000240D1
:10F4C000A032002038B504460D460120FFF718FF92
:10F4D00000224FF400711248FFF72EFF012D15D0C6
:10F4E00001224FF480610E48FFF726FF0D4A137882
:10F4F000013313702009FFF749FF0A20FFF732FF9D
:10F500002046FFF743FFFFF7A7FF38BD00224FF467
:10F5100080610348FFF710FF024B1C70EAE700BF51
:10F5200000000240C832002008B5202211460848D9
:10F53000F1F7F2F9FFF770FF01210846FFF7C2FF6C
:10F540004FF4FA60FFF70EFFFFF786FF08BD00BF1C
:10F55000A8320020F0B585B00120FFF7D1FE324E71
:10F56000324F0024029401940125009523464FF464
:10F57000806231463846FFF7D8FB0294019400952B
:10F5800023464FF4007231463846FFF7CEFB029413
:10F590000194009523464FF4807231463846FFF7B8
:10F5A000C4FB02940195009523464022314638461B
:10F5B000FFF7BBFB224640213046FFF7BDFE4CF271
:10F5C0005030FFF7CFFE22464FF480613046FFF700
:10F5D000B3FE22464FF400713046FFF7ADFE3220F5
:10F5E000FFF7C0FE22464FF480713046FFF7A4FEBD
:10F5F0003220FFF7B7FE29462820FFF763FF294690
:10F600002820FFF75FFF29462820FFF75BFF2946E8
:10F610000D20FFF757FF29460620FFF753FFFFF79E
:10F6200083FF05B0F0BD00BF00000240D4310020D0
:10F6300070B50C460C4B1E780830C000012100F05C
:10F64000F800FFF73FFF002506E0002114F8010B4A
:10F65000FFF738FF0135ADB2072DF6D9012130464D
:10F66000FFF730FF70BD00BFC8320020F8B5354A43
:10F670001368591C11601870A0F12D03DBB2012B27
:10F680001ED920281CD00024132C19D804EB4403C5
:10F690002D4A12F82330834201D00134F4E704EB01
:10F6A0004402294B03EB82031B7AFF2B09D0264B24
:10F6B00004EB440203EB8202107A134601225A72D1
:10F6C000F8BD224B1878082801D100250FE01E4D07
:10F6D00005EB820528726968FFF7AAFF1B4A1378B9
:10F6E0001B4941F8235001331370E0E70135132D16
:10F6F000DDD805EB4502144B03EB8203187AFF2893
:10F70000F4D0114B03EB82035B7A002BEED10E4F4A
:10F7100004EB440607EB86067168FFF789FF05EBEB
:10F72000450307EB83031B7A337205EB450507EBB3
:10F730008507FF233B72054B1A78054B43F822607F
:10F74000B5E700BFA432002098000020EC32002072
:10F75000CC32002010B51446FFF744FE0121FFF71C
:10F76000B1FE05E00134FFF781FF0021FFF7AAFE9B
:10F7700020780028F6D110BD08B5F4220149F1F730
:10F78000F7FA08BD00C0000801EB410300EBC3031A
:10F79000D3ED007AC3ED047A93ED017A37EE677A00
:10F7A000D3ED037AD3ED026A77EEE67AC7EE276AE5
:10F7B000C3ED056A7047000010B50146D0F8F0406F
:10F7C000F022044803F074FD844201D0002010BDF3
:10F7D0000120FCE74899002010B50446F0220146BC
:10F7E000024803F065FDC4F8F00010BD4899002000
:10F7F00010B50446FFF7F0FFF22322460249034802
:10F80000FFF71EFB10BD00BF00C00008EC31002058
:10F810002DE9F04104460D46FFF7CEFF10B1002D53
:10F8200000F08380424BA361424BE361424D65622D
:10F830004FF08143236201212046FFF7A5FFDFF847
:10F840004C81C4F800803D4F67603D4EE660A56086
:10F8500000212046FFF798FF00232363394A6263A3
:10F86000394AE263A36302212046FFF78DFF374B3D
:10F87000A364374BE364374B6365374B2365032140
:10F880002046FFF781FFC4F860806766E666A566DC
:10F8900004212046FFF778FF304BA367304BE36726
:10F8A000304BC4F88430304BC4F8803005212046FA
:10F8B000FFF76AFFC4F89080C4F89470C4F89C60A5
:10F8C000C4F8985006212046FFF75EFFC4F8A880D0
:10F8D000C4F8AC70C4F8B460C4F8B0500721204636
:10F8E000FFF752FF214BC4F8C030214BC4F8C4309D
:10F8F000204BC4F8CC30204BC4F8C8300821204637
:10F90000FFF742FF1D4BC4F8D8301D4BC4F8DC3064
:10F910001C4BC4F8E4301C4BC4F8E03009212046ED
:10F92000FFF732FF2046FFF763FFBDE8F08100BF1D
:10F930002779923EC061023F00004C42D43E6D3FA9
:10F940009A1970432392883FCDCC1C416FC1633D0F
:10F950005C253C3F000035439A9939417742743E1B
:10F96000A1DF463F00002041000020C159CCF83EF5
:10F97000F2BA483F0000E040CDCCCC3EF1B4E83DC7
:10F9800039C8B63E00009040CDCCCC3F176B313E1D
:10F9900010B50446024800F0D7F80023237010BDCC
:10F9A000EC33002070B504460378062B0BD8DFE853
:10F9B00003F0040B15252F6A620003F0C7FC002337
:10F9C00063800123237070BD43885A1C4280042B3E
:10F9D000F9D90223037004F051FBF4E74D48FFF717
:10F9E00061FB4D4B1870FCF7CDFA0028EBD003F00B
:10F9F000C1FC0323237000236380E4E743885A1C7F
:10FA00004280042BDFD904230370F3F743FDDAE7C8
:10FA10004048FFF747FB404D2870404B1A68013AB9
:10FA200002EB02123E4E3F4B1A440021304601F0D9
:10FA300056FC3D4A0121304601F051FC2B78012B48
:10FA400011D0062BBFD1052323703848F6F7E5FA0D
:10FA5000FBF7F6FA304B03221A70354BB3F900006E
:10FA6000FCF7D6FDAFE706232370FBF7C5FB314853
:10FA700000F06AF8A7E72F4800F054FC2528A2D12F
:10FA8000042323709FE72348FFF70CFB224B1870D9
:10FA900008280FD0284B1B6833B3012B2AD0022B28
:10FAA0002ED0234BB3F90030002B2FD01A4B0D2250
:10FAB0001A7088E70023204A1360204A1360204A06
:10FAC0001360204A13601A4A1380FCF79DFA04233E
:10FAD0002370FFF77BF8124801F082FC0028D9D090
:10FAE0000F4801F069FCD5E7114BB3F90000FCF7B2
:10FAF0008FFDD6E70E4BB3F90000FDF749FCD0E7C8
:10FB00000B4BB3F90000FEF783F8CAE7FCF77CFA69
:10FB1000CCE700BF9C3200203C3100204C990020F3
:10FB200008340020B0540108E4540108C42F002018
:10FB300040310020EC3300209C3100205031002067
:10FB4000603100204431002010B504460123438277
:10FB500004210B4802F074FD05210A4802F070FDF3
:10FB60000621094802F06CFD0721084802F068FDF3
:10FB70000821074802F064FD0023A37610BD00BFF2
:10FB800078850020B0710020E85D0020204A002028
:10FB90005836002008B5084B1A68013A02EB0212E9
:10FBA00001EB410101EB01110A44044B1A4401210C
:10FBB000034801F094FB08BD4C990020E45D010866
:10FBC0000834002008B541B9674B1B68042B0CD8DA
:10FBD000DFE803F00731577DA3000020624B186077
:10FBE00007E0624802F05AFE20B95F4B1868013006
:10FBF000186008BD4FF4FA715D48FFF79FF95B4844
:10FC000002F096FF58B15B4B1A68013A02EB021200
:10FC1000594B1A440121594801F061FBE5E7554B66
:10FC20001A68013A02EB0212554B1A44012153485B
:10FC300001F055FBD9E7534802F030FE0028D4D03C
:10FC40004FF4FA714A48FFF779F94E4802F070FF15
:10FC500058B1484B1A68013A02EB02124A4B1A4457
:10FC60000121464801F03BFBBFE7424B1A68013ACD
:10FC700002EB0212454B1A440121404801F02FFBD0
:10FC8000B3E7434802F00AFE0028AED04FF4FA7101
:10FC90003748FFF753F93E4802F04AFF58B1354B59
:10FCA0001A68013A02EB02123A4B1A440121334816
:10FCB00001F015FB99E72F4B1A68013A02EB02128B
:10FCC000354B1A4401212D4801F009FB8DE73348DB
:10FCD00002F0E4FD002888D04FF4FA712448FFF7C1
:10FCE0002DF92E4802F024FF58B1224B1A68013A30
:10FCF00002EB02122A4B1A440121204801F0EFFACC
:10FD000073E71C4B1A68013A02EB0212254B1A44A6
:10FD100001211A4801F0E3FA67E7234802F0BEFD2B
:10FD200000283FF462AF4FF4FA711148FFF706F96B
:10FD30001D4802F0FDFE58B10E4B1A68013A02EB65
:10FD400002121A4B1A4401210C4801F0C8FA4CE780
:10FD5000084B1A68013A02EB0212154B1A440121B2
:10FD6000064801F0BCFA40E7E8330020788500201F
:10FD7000F03100204C990020B861010808340020BF
:10FD8000B4600108B071002084610108806001083E
:10FD9000E85D0020506101084C600108204A002005
:10FDA0001C6101081860010858360020E86001084D
:10FDB000E45F010810B50446012A09D00A46074944
:10FDC000F0F760FA22460121054801F088FA10BDDB
:10FDD0000A460449F0F756FAF4E700BF6048010804
:10FDE000083400204C48010870B504460E464FF018
:10FDF0000005254802F052FD60F30005234802F09B
:10FE00004DFD60F34105224802F048FD60F3820594
:10FE1000204802F043FD60F3C3051F4802F03EFD99
:10FE200060F30415012E02D0062E17D070BD0120FC
:10FE300004E00423637608E00028F7D094F9193031
:10FE4000013B5BB26376002BF3DBEAB294F9191045
:10FE500001238B401A42EFD00020EDE701200BE098
:10FE600000236376EAB294F9191001238B401A42F9
:10FE700000D000200028D9D094F9193001335BB2AA
:10FE80006376042BEEDDEBE778850020B07100206F
:10FE9000E85D0020204A00205836002010B50446B6
:10FEA00090F91930042B0DD8DFE803F003131D2758
:10FEB00031001C4B186820601B79237121461A48B9
:10FEC00002F06EFF002121742246184801F007FA63
:10FED00010BD174B186820601B7923712146154807
:10FEE00002F05EFFEEE7144B186820601B79237167
:10FEF0002146124802F054FFE4E7114B18682060D5
:10FF00001B79237121460F4802F04AFFDAE70E4BB6
:10FF1000186820601B79237121460C4802F040FFCD
:10FF2000D0E700BF7448010878850020083400201D
:10FF30007C480108B071002084480108E85D002079
:10FF40008C480108204A00209448010858360020B7
:10FF50004FF0000C63462A2B08D8114830F83300C4
:10FF6000814202D00133DBB2F5E79C46032A08D078
:10FF7000062A0BD0012A0ED1094B03EBCC0358887B
:10FF80007047074B03EBCC0398887047044B03EB97
:10FF9000CC03D8887047024B33F83C00704700BF51
:10FFA000F05501082DE9F04184B015461E469DF834
:10FFB00028700B9C4FF0203323606360A360E360E4
:10FFC00023744F23E3714B23237200294BDB4C4AEC
:10FFD00082FB0132CB17C3EBA2031AB203EB8303FC
:10FFE000A1EB43010FFA81F8464902A8F0F74AF95C
:10FFF000424645496846F0F745F9032E47D09DF83B
:020000040801F1
:10000000083063709DF80930A3702E23E3709DF8CB
:10001000003023716771002D48DB394A82FB0532BD
:10002000EB17C3EBA2031AB203EB8303A5EB430563
:100030002DB2344902A8F0F725F92A46324968461C
:10004000F0F720F9032E4BD09DF80930E3729DF8AC
:100050000A3023732E2363739DF80030A373E77374
:1000600004B0BDE8F081264880FB0130CB17A3EB3C
:10007000A00212B2C3EBA00303EB8303A1EB430383
:100080009BB25B420FFA83F82D232370ACE79DF8F7
:10009000083063709DF80930A3709DF80A30E37052
:1000A0002E2323719DF800306371B4E7144B83FB5A
:1000B0000521EA17A2EBA10212B2694283FB0103F8
:1000C000CD17C5EBA30505EB8505A1EB45052DB2C5
:1000D000032E02D02D23A372ABE72D236372A8E772
:1000E0009DF80830A3729DF80930E3729DF80A303C
:1000F00023732E2363739DF80030A373E773AFE778
:10010000676666669C480108A448010870B52DED35
:10011000028B82B004461546092922D8DFE811F087
:1001200027000A003F0057006F0087009F00B700BC
:10013000CF00E7007A4E304602F0D2FEB0EE408AA1
:100140002946304603F050F80246BDEEC88A0194B5
:10015000B0230093032318EE101A09B22046FFF7CC
:1001600021FF0023237402B0BDEC028B70BD6C4EE6
:10017000304602F0B5FEB0EE408A2946304603F024
:1001800033F80246BDEEC88A01946B230093032323
:1001900018EE101A09B22046FFF704FFE1E7604E9F
:1001A000304602F09DFEB0EE408A2946304603F00C
:1001B0001BF80246BDEEC88A01944E230093022329
:1001C00018EE101A09B22046FFF7ECFEC9E7544EAC
:1001D000304602F085FEB0EE408A2946304603F0F4
:1001E00003F80246BDEEC88A01946D2300930323F1
:1001F00018EE101A09B22046FFF7D4FEB1E7484EB8
:10020000304602F06DFEB0EE408A2946304602F0DC
:10021000EBFF0246BDEEC88A01944C2300930323F2
:1002200018EE101A09B22046FFF7BCFE99E73C4EC3
:10023000304602F055FEB0EE408A2946304602F0C4
:10024000D3FF0246BDEEC88A0194562300930223D1
:1002500018EE101A09B22046FFF7A4FE81E7304ECF
:10026000304602F03DFEB0EE408A2946304602F0AC
:10027000BBFF0246BDEEC88A01946D2300930323A1
:1002800018EE101A09B22046FFF78CFE69E7244EDB
:10029000304602F025FEB0EE408A2946304602F094
:1002A000A3FF0246BDEEC88A01946D23009302238A
:1002B00018EE101A09B22046FFF774FE51E7184EE7
:1002C000304602F00DFEB0EE408A2946304602F07C
:1002D0008BFF0246BDEEC88A019447230093022398
:1002E00018EE101A09B22046FFF75CFE39E70C4EF3
:1002F000304602F0F5FDB0EE408A2946304602F065
:1003000073FF0246BDEEC88A01944C23009302237A
:1003100018EE101A09B22046FFF744FE21E700BF8D
:10032000788500202DE9F8430446B148FEF7BAFE6F
:10033000054608282FD0638A2A2B4CD8DFE813F013
:1003400053002E004E007200AB00E4000A012901A8
:100350007C01B501DB01FA0133026C029202B102A9
:10036000000339035F037E03B703F003160451044F
:10037000B804CF04110547052C055D056505840506
:100380008F054B00BC05DA05EB054B00320667060E
:100390008D06E20642071B236382CCE7954F3A683D
:1003A000013A02EB0212944E944B1A44002130465B
:1003B00000F095FF3A68013A02EB0212904B1A44A2
:1003C0000121304600F08BFF2A46B4F91210204676
:1003D000FFF7BEFD6082608ABDE8F8830123A37643
:1003E00000236382F7E7834B1A68013A02EB02129B
:1003F000844B1A440021804800F071FF824E294648
:10040000304602F019FA304602F035FA014620462D
:10041000FFF7C0FB2A46B4F912102046FFF798FDFB
:100420006082D8E7A37E6BB14FF47A71764802F010
:1004300033F906252A46B4F912102046FFF788FD45
:100440006082C8E76C4800F0CBFFD0B1694B1A68F6
:10045000013A02EB02126D4B1A440021664800F08B
:100460003EFF694E01222946304602F017F901216C
:10047000304602F00BF9014601222046FFF79AFCB4
:10048000D8E75D4E304600F0A1FF0122062130463C
:1004900000F0A9FFDAE7A37E6BB142F20F715A4870
:1004A00002F0F8F806252A46B4F912102046FFF7A4
:1004B0004FFD60828FE7504800F092FFD0B14D4B66
:1004C0001A68013A02EB0212514B1A4400214A48C1
:1004D00000F005FF4C4E00222946304602F0DEF8BF
:1004E0000021304602F0D2F8014600222046FFF7F4
:1004F00061FCD8E7404E304600F068FF012206213B
:10050000304600F070FFDAE73B4800F069FFE8B9D9
:10051000384F3A68013A02EB0212374E3D4B1A440B
:100520000021304600F0DBFE3A68013A02EB02128D
:10053000394B1A440121304600F0D1FE2A46B4F965
:1005400012102046FFF704FD608244E72A4800F0BD
:1005500033FFDDE7274B1A68013A02EB02122F4BFB
:100560001A440021244800F0BAFE2D4E2946304698
:1005700002F062F9304602F07EF901462046FFF7AC
:1005800009FB2A46B4F912102046FFF7E1FC60820D
:1005900021E7A37E6BB14FF47A71214802F07CF819
:1005A00006252A46B4F912102046FFF7D1FC6082D6
:1005B00011E7114800F014FFA0B30E4B1A68013A7E
:1005C00002EB0212114B1A4400210B4800F087FE87
:1005D000134E01222946304602F060F801213046D0
:1005E00002F054F8014601222046FFF7E3FBD8E76A
:1005F0009C3200204C9900200834002060650108DE
:100600002C650108F864010878850020C46401089D
:10061000906401085C640108805501088862010843
:10062000B0710020BB4E304600F0D0FE0122062102
:10063000304600F0D8FEC0E7A37E6BB142F20F71E6
:10064000B54802F027F806252A46B4F912102046CC
:10065000FFF77EFC6082BEE6AE4800F0C1FED0B17E
:10066000AE4B1A68013A02EB0212AD4B1A4400215C
:10067000A84800F034FEA84E00222946304602F079
:100680000DF80021304602F001F801460022204614
:10069000FFF790FBD8E79F4E304600F097FE01220F
:1006A0000621304600F09FFEDAE79A4800F098FEF7
:1006B000E8B99A4F3A68013A02EB0212954E994B0B
:1006C0001A440021304600F00AFE3A68013A02EB73
:1006D0000212954B1A440121304600F000FE2A46D2
:1006E000B4F912102046FFF733FC608273E68948A4
:1006F00000F062FEDDE7894B1A68013A02EB021254
:100700008A4B1A440021834800F0E9FD884E2946AF
:10071000304602F091F8304602F0ADF8014620462E
:10072000FFF738FA2A46B4F912102046FFF710FCFA
:10073000608250E6A37E6BB14FF47A717C4801F081
:10074000ABFF06252A46B4F912102046FFF700FC3D
:10075000608240E66F4800F043FED0B16F4B1A68EC
:10076000013A02EB0212734B1A440021694800F06F
:10077000B6FD6F4E01222946304601F08FFF012160
:10078000304601F083FF014601222046FFF712FBAD
:10079000D8E7604E304600F019FE012206213046AF
:1007A00000F021FEDAE7A37E6BB142F20F716048E0
:1007B00001F070FF06252A46B4F912102046FFF713
:1007C000C7FB608207E6534800F00AFED0B1534BE6
:1007D0001A68013A02EB0212514B1A4400214D48AB
:1007E00000F07DFD524E00222946304601F056FFB2
:1007F0000021304601F04AFF014600222046FFF763
:10080000D9FAD8E7434E304600F0E0FD0122062138
:10081000304600F0E8FDDAE73E4800F0E1FDE8B9D7
:100820003E4F3A68013A02EB02123A4E3D4B1A44EF
:100830000021304600F053FD3A68013A02EB021203
:10084000394B1A440121304600F049FD2A46B4F9DB
:1008500012102046FFF77CFB6082BCE52D4800F0BB
:10086000ABFDDDE72D4B1A68013A02EB0212324B69
:100870001A440021274800F032FD304E2946304608
:1008800001F0DAFF304601F0F6FF01462046FFF79F
:1008900081F92A46B4F912102046FFF759FB60820D
:1008A00099E5A37E6BB14FF47A71244801F0F4FE10
:1008B00006252A46B4F912102046FFF749FB60824C
:1008C00089E5144800F08CFDD0B1144B1A68013A48
:1008D00002EB0212174B1A4400210E4800F0FFFCF5
:1008E000164E01222946304601F0D8FE012130463D
:1008F00001F0CCFE014601222046FFF75BFAD8E763
:10090000044E304600F062FD01220621304600F020
:100910006AFDDAE708340020B07100204C9900200D
:10092000906401085C640108805501085462010864
:10093000E85D0020C464010820620108204A00200C
:10094000A37E6BB142F20F71A94801F0A3FE062508
:100950002A46B4F912102046FFF7FAFA60823AE507
:10096000A44800F03DFDD0B1A34B1A68013A02EB58
:100970000212A24B1A4400219E4800F0B0FC9C4E8B
:1009800000222946304601F089FE0021304601F060
:100990007DFE014600222046FFF70CFAD8E7954E6F
:1009A000304600F013FD01220621304600F01BFD09
:1009B000DAE7904800F014FDE8B98F4F3A68013A41
:1009C00002EB02128B4E8E4B1A440021304600F08F
:1009D00086FC3A68013A02EB02128A4B1A44012162
:1009E000304600F07CFC2A46B4F912102046FFF78E
:1009F000AFFA6082EFE47F4800F0DEFCDDE77E4B7B
:100A00001A68013A02EB02127F4B1A44002179481E
:100A100000F065FC7D4E2946304601F00DFF304662
:100A200001F029FF01462046FFF7B4F82A46B4F941
:100A300012102046FFF78CFA6082CCE4A37E6BB1E3
:100A40004FF47A71714801F027FE06252A46B4F961
:100A500012102046FFF77CFA6082BCE4654800F083
:100A6000BFFCD0B1644B1A68013A02EB0212684B2A
:100A70001A4400215F4800F032FC644E01222946EE
:100A8000304601F00BFE0121304601F0FFFD01462A
:100A900001222046FFF78EF9D8E7564E304600F087
:100AA00095FC01220621304600F09DFCDAE7A37E8A
:100AB0006BB142F20F71554801F0ECFD06252A4654
:100AC000B4F912102046FFF743FA608283E44948E4
:100AD00000F086FCD0B1484B1A68013A02EB0212D2
:100AE000464B1A440021434800F0F9FB474E0022D0
:100AF0002946304601F0D2FD0021304601F0C6FD06
:100B0000014600222046FFF755F9D8E7394E304616
:100B100000F05CFC01220621304600F064FCDAE7BC
:100B2000344800F05DFCE8B9334F3A68013A02EB13
:100B30000212304E324B1A440021304600F0CFFBF7
:100B40003A68013A02EB02122E4B1A440121304658
:100B500000F0C5FB2A46B4F912102046FFF7F8F959
:100B6000608238E4234800F027FCDDE7214800F0EC
:100B700037FC90BB204B1A68013A02EB02121D4E63
:100B8000244B1A440021304600F0A9FB224A0121DF
:100B9000304600F0A4FB2A46B4F912102046FFF7B5
:100BA000D7F960829FED1D0AFDF7F6FF638A172BC8
:100BB0007FF411AC1A4801F02DFF1A4801F02AFF0A
:100BC000194801F027FF0A4801F024FF0F4801F0FF
:100BD00021FF0123E382FFF7FEBB064800F0ECFB98
:100BE000C8E7A37E13BB19236382FFF7F4BB00BFE2
:100BF000204A0020083400204C990020906401080D
:100C00005C64010880550108EC6101085836002039
:100C1000C464010804550108DC5501086F12833AC9
:100C200078850020B0710020E85D00202046FFF7A5
:100C300035F9C64B1A68013A02EB0212C44B1A444A
:100C40000121C44800F04BFB29462046FFF7CCF8B1
:100C5000032D23D0C04801F01BFE00287FF4BBAB5E
:100C6000BE4801F015FE00287FF4B5ABBC4801F08A
:100C70000FFE00287FF4AFABBA4801F009FE002850
:100C80007FF4A9ABB84801F003FE00287FF4A3ABC2
:100C90001C236382FDF79AFFFFF79DBBFDF796FFCC
:100CA0002A46B4F912102046FFF752F96082D1E7C4
:100CB0002046FFF7F3F8A54B1A68013A02EB02123F
:100CC000AA4B1A440121A34800F009FB2A46B4F9B3
:100CD00012102046FFF73CF96082FFF77CBB2046EC
:100CE000FFF7DCF8994B1A68013A02EB0212A04BAD
:100CF0001A440121974800F0F2FA29462046FFF7EE
:100D000073F8032D23D0944801F0C2FD00287FF42E
:100D100062AB924801F0BCFD00287FF45CAB9048C8
:100D200001F0B6FD00287FF456AB8E4801F0B0FD0F
:100D300000287FF450AB8C4801F0AAFD00287FF416
:100D40004AAB1C236382FDF741FFFFF744BBFDF76D
:100D50003DFF2A46B4F912102046FFF7F9F86082E9
:100D6000D1E72046FFF79AF8784B1A68013A02EB70
:100D70000212804B1A440121764800F0B0FA29464D
:100D80002046FFF731F82A46B4F912102046FFF743
:100D9000DFF86082FFF71FBB2046FFF77FF86B4B41
:100DA0001A68013A02EB0212734B1A440121694896
:100DB00000F095FA29462046FFF716F82A46B4F9BE
:100DC00012102046FFF7C4F86082FFF704BB6248A8
:100DD00001F06AFD614801F067FD614801F064FDC2
:100DE000604801F061FD604801F05EFD594800F087
:100DF000E3FA25236382FFF7EEBA9FED600AFDF761
:100E0000CBFE17236382FFF7E6BA504F3A68013AE8
:100E100002EB02124F4E5A4B1A440021304600F0AA
:100E20005EFA3A68013A02EB0212564B1A4401216B
:100E3000304600F054FA2A46B4F912102046FFF763
:100E400087F86082FFF7C7BAFAF75CFA18B920236F
:100E50006382FFF7C0BA22236382FFF7BCBAFAF7B6
:100E600051FA40B10622B4F912102046FFF770F88B
:100E70006082FFF7B0BA354F3A68013A02EB0212CE
:100E8000344E414B1A440021304600F028FA3B68AA
:100E9000013B3E4A1A440121304600F020FA062D5B
:100EA00008D02A46B4F912102046FFF751F86082A4
:100EB000FFF791BA0025F4E7244B1A68013A02EBD8
:100EC0000212244D324B1A440021284600F007FA42
:100ED000304A0121284600F002FA01212046FEF79F
:100EE00071FE232363824FF4FA712B48FEF726F834
:100EF000FFF771BA2848FEF725F800283FF46BAADF
:100F000000212046FEF75EFE05287FF664AA242312
:100F10006382FFF760BA0D4B1A68013A02EB0212C6
:100F20000C4E1E4B1A440021304600F0D8F91C4AE2
:100F30000121304600F0D3F92A46B4F912102046B8
:100F4000FFF706F86082FFF746BA00BF4C99002011
:100F50008C6301080834002078850020B0710020DF
:100F6000E85D0020204A0020583600202463010854
:100F700058630108F0620108BC6201086F12833AED
:100F8000286401088055010838550108C855010832
:100F9000F46301086C550108F0310020C0630108BA
:100FA000B4550108B54800F01BFA18BBB44B1A68D9
:100FB000013A02EB0212B34B1A440021AF4800F091
:100FC0008EF9B14E2946304601F036FC304601F02C
:100FD00052FC01462046FEF7DDFD052D0ED0022D08
:100FE0000CD02A46B4F912102046FEF7B1FF6082F9
:100FF000FFF7F1B9A14800F0DFF9D7E70322B4F910
:1010000012102046FEF7A4FF6082FFF7E4B99C4F60
:101010003A68013A02EB0212984E9C4B1A440021A6
:10102000304600F05CF93A68013A02EB0212984B44
:101030001A440121304600F052F92A46B4F9121040
:101040002046FEF785FF608226287FF4C4A901218F
:101050009048FEF7DDFBFFF7BEB9884800F0C0F905
:1010600000284BD1884E304601F005FC844F3B6888
:10107000013B03EB031300EB400000EB00100344C3
:10108000DFF8F881844A1A440021404600F027F92D
:101090003A68013A02EB0212804B1A4401214046A1
:1010A00000F01DF92A46B4F912102046FEF750FF51
:1010B0006082304601F0DFFBC1B2304601F0DFFB59
:1010C00042F20F71304601F0E5FA304601F008FFB8
:1010D000BCEEC00A10EE103A9BB203EB8302520042
:1010E00092B20021304602F086F89FED6D0AFDF7BE
:1010F00053FD304601F08EFCFFF76DB95F4800F0FC
:101100005BF9AFE7604801F0B6FB06465B4800F0CC
:1011100067F900284BD05C4F384601F0ACFB584BC8
:101120001B68013B03EB031300EB400000EB0010D6
:101130000344DFF848815B4A1A440021404600F02E
:10114000CEF800222946384601F0E2FE0022314660
:101150002046FEF7DBFF22460121404600F0BFF8A3
:10116000384601F0C5FEDFF82C814FEA460906EB50
:10117000460308EBC30383ED000A0021384602F062
:1011800033F807EE900AF8EEE77AF2EE046A87EE9B
:10119000A67AB14408EBC90888ED027A2A46B4F968
:1011A00012102046FEF7D4FE6082FFF714B9334FC9
:1011B000384600F00BF901223B4B995D384600F0B0
:1011C00012F9A8E7304F384601F055FB2C4B1B684D
:1011D000013B03EB031300EB400000EB0010034462
:1011E000DFF89880314A1A440021404600F077F831
:1011F00001222946384601F08BFE384601F03BFBC0
:101200000646012201462046FEF780FF22460121C4
:10121000404600F064F8384601F06AFEDFF874805A
:101220004FEA460906EB460308EBC30383ED010AC8
:101230000121384601F0D8FF07EE900AF8EEE77A70
:10124000F2EE046A87EEA67AB14408EBC90888ED8D
:10125000037A2A46B4F912102046FEF779FE60821E
:1012600026287FF4B8A80B4DF1B22846FEF78CFA79
:101270002846FEF7BDFAFFF7AEB800BF08340020DD
:101280004C990020F8640108788500207C570108FB
:1012900048570108F0320020E45B0108B05701080C
:1012A0006F12833AE4590108F8540108E457010821
:1012B00010B50446024600210846FEF74BFA04F139
:1012C000110201210020FEF745FA94F8253003B9F8
:1012D00010BD012194F82400FEF7F4F8F8E710B4EB
:1012E00001EB011C00EB0C044FF0203340F80C30F4
:1012F0006360A360E360237400230F2B08DCD45CDD
:1013000034B101EB011C84440CF803400133F4E7D1
:1013100001EB01110844002303745DF8044B70478E
:1013200010B50446FEF716F9054A00212046FFF7DE
:10133000D6FF044A01212046FFF7D1FF10BD00BFB0
:10134000A8480108BC48010838B505460C460846BF
:10135000EFF776FA95F823C05CFA80F0C0B2102857
:1013600012D9102010E0214695F8223095F823205C
:1013700011F8014B03EB03132B449C54013285F805
:1013800023200CF1010C0C466045ECDC95F8223072
:1013900003EB03132B4400221A7495F8253003B98C
:1013A00038BD012195F82400FEF78CF8F8E780F8A5
:1013B000231080F82220704710B5044601210D202B
:1013C000FEF780F8002384F8253010BD10B50446E0
:1013D00001210D20FEF776F8012384F8253010BD99
:1013E00090F82500704710B5044608461146FDF7F1
:1013F000F9FF84F824000121FEF764F810BD000015
:1014000070B5BCB00D461646C82200216846EFF7FD
:1014100083FAAB4B9B8A13B90133A94A9382A84B39
:101420009A8AA84937A8EEF72DFF022D64D0A44C64
:10143000D4F88C01F1F704FA02460B46A24932A80F
:10144000EEF720FF32A96846EEF73EFFD4F8900190
:10145000F1F7F6F902460B469C4932A8EEF712FF67
:1014600032A96846EEF730FFD4F89401F1F7E8F9B5
:1014700002460B46964932A8EEF704FF32A96846A9
:10148000EEF722FFD4F89801F1F7DAF902460B469D
:10149000904932A8EEF7F6FE32A96846EEF714FF3F
:1014A000D4F89C01F1F7CCF902460B468A4932A8E0
:1014B000EEF7E8FE32A96846EEF706FFD4F8A00181
:1014C000F1F7BEF902460B46844932A8EEF7DAFE80
:1014D00032A96846EEF7F8FED4F8A401F1F7B0F9A6
:1014E00002460B467E4932A8EEF7CCFE32A968468A
:1014F000EEF7EAFE002411E0714BD3F88C01F1F70E
:101500009FF902460B46704932A8EEF7BBFE32A99E
:101510006846EEF7D9FEEDE70134A4B26846EFF76E
:101520008FF984420DD204F1F0036B4413F8F03CC0
:101530002E2BF1D12C2204F1F0036B4403F8F02C94
:10154000EAE737A8FAF7DAF837A8F9F7ABFF694600
:1015500037A8FAF723F8044610B100203CB070BD5C
:10156000574B9A8A5F4937A8EEF78CFE37A8FAF7EF
:10157000C5F846B9002C40F0A080514A938A013347
:1015800093820120EAE7C82200216846EFF7C4F9F8
:10159000022D64D04A4CD4F83401F1F751F90246D7
:1015A0000B46494932A8EEF76DFE32A96846EEF7C0
:1015B0008BFED4F83801F1F743F902460B46434954
:1015C00032A8EEF75FFE32A96846EEF77DFED4F84A
:1015D0003C01F1F735F902460B463D4932A8EEF7DA
:1015E00051FE32A96846EEF76FFED4F84001F1F7DC
:1015F00027F902460B46374932A8EEF743FE32A9D7
:101600006846EEF761FED4F84401F1F719F9024695
:101610000B46314932A8EEF735FE32A96846EEF79F
:1016200053FED4F84801F1F70BF902460B462B495B
:1016300032A8EEF727FE32A96846EEF745FED4F849
:101640004C01F1F7FDF802460B46254932A8EEF7AA
:1016500019FE32A96846EEF737FE002411E0184B58
:10166000D3F83401F1F7ECF802460B46164932A8DC
:10167000EEF708FE32A96846EEF726FEEDE70134E4
:10168000A4B26846EFF7DCF884420DD204F1F0030F
:101690006B4413F8F03C2E2BF1D12C2204F1F00313
:1016A0006B4403F8F02CEAE737A8F9F7FBFE69462C
:1016B00037A8F9F773FF04465CE700204EE700BF48
:1016C00034340020D0480108E0480108E848010807
:1016D000F0480108F84801080049010808490108D4
:1016E00010490108184901082DE9F041C6B00E461D
:1016F0001446C822002105A8EFF70EF9651EE21D69
:101700008D4B03EB42039B8833B905F108018A4AEC
:1017100002EB410201339380002E45D1022C03D00D
:10172000052C0CD0304601E105F10802824B03EB99
:1017300042039A88814941A8EEF7A4FD09E005F12A
:1017400008027D4B03EB42039A887D4941A8EEF7DE
:1017500099FD794BD3F88C01F1F772F802460B46EC
:10176000784937A8EEF78EFD37A905A8EEF7ACFD4E
:10177000002401E00134A4B205A8EFF761F8844227
:1017800007D205AB1B5D2E2BF4D105AB2C221A55CD
:10179000F0E741A8F9F7B2FF41A8F9F783FE05A9E0
:1017A00041A8F9F7FBFEB8E0A31E0A2B11D8DFE829
:1017B00003F0061010231010102E1010390005F140
:1017C00008025D4B03EB42039A885F4941A8EEF79C
:1017D00059FD41A8F9F792FFC822002105A8EFF7AB
:1017E0009BF8023C0A2C40D8DFE804F0273F3F4139
:1017F0003F3F3F273F3F610005F108024E4B03EB9F
:1018000042039A88514941A8EEF73CFDE1E705F112
:101810000802494B03EB42039A884D4941A8EEF771
:1018200031FDD6E705F10802434B03EB42039A88EA
:10183000484941A8EEF726FDCBE73F4BD3F83441AA
:10184000D3F88C01F0F7FCFF06460F462046F0F770
:10185000F7FFCDE9000132463B463F4937A8EEF796
:1018600011FD37A905A8EEF72FFD002441E0324B0A
:10187000D3F83441D3F81C82D3F88C01F0F7E0FFA1
:1018800006460F464046F0F7DBFFCDE90201204651
:10189000F0F7D6FFCDE9000132463B462F4937A885
:1018A000EEF7F0FC37A905A8EEF70EFDDDE7224BB9
:1018B000D3F83441D3F81082D3F88C01F0F7C0FF8D
:1018C00006460F464046F0F7BBFFCDE90201204631
:1018D000F0F7B6FFCDE9000132463B461F4937A875
:1018E000EEF7D0FC37A905A8EEF7EEFCBDE7013412
:1018F000A4B205A8EEF7A4FF844207D205AB1B5D96
:101900002E2BF4D105AB2C221A55F0E741A8F9F79C
:10191000C9FD05A941A8F9F741FE50B90835064BA4
:1019200003EB45039A8801329A80012046B0BDE856
:10193000F0810020FAE700BF343400202849010874
:1019400038490108E4480108484901085C49010890
:1019500070490108844901089C490108A44901080B
:1019600030B5BFB00C46C822002102A8EEF7D4FF64
:10197000651EE21D364B03EB42039B8833B905F12C
:101980000801334A02EB410201339380032C04D057
:101990000A2C0DD000203FB030BD05F108022C4BC1
:1019A00003EB42039A882B4939A8EEF76BFC09E058
:1019B00005F10802264B03EB42039A88264939A811
:1019C000EEF760FC002214E002F16201204B03EB11
:1019D0008103541C5868F0F733FFCDE9000122461B
:1019E0001E4934A8EEF74EFC34A902A8EEF76CFCB1
:1019F000A2B2092AE8D9002401E00134A4B202A865
:101A0000EEF71EFF84420DD204F1F8036B4413F885
:101A1000F03C2E2BF1D12C2204F1F8036B4403F897
:101A2000F02CEAE739A8F9F769FE39A8F9F73AFD89
:101A300002A939A8F9F7B2FD40B90835044B03EB08
:101A400045039A8801329A800120A4E70020A2E78A
:101A500034340020B0490108C0490108D0490108C8
:101A600070B5BEB00D46C822002102A8EEF754FFA3
:101A70006E1EEA1D654B03EB42039B8833B906F1EA
:101A80000801624A02EB410201339380042D04D025
:101A9000062D0DD000203EB070BD06F108025B4B54
:101AA00003EB42039A885A4939A8EEF7EBFB09E0A9
:101AB00006F10802554B03EB42039A88554939A8B1
:101AC000EEF7E0FB002214E002F162014F4B03EB62
:101AD0008103541C5868F0F7B3FECDE9000122469B
:101AE0004D4934A8EEF7CEFB34A902A8EEF7ECFB83
:101AF000A2B2092AE8D9002401E00134A4B202A864
:101B0000EEF79EFE84420DD204F1F8036B4413F805
:101B1000F03C2E2BF1D12C2204F1F8036B4403F896
:101B2000F02CEAE739A8F9F7E9FD39A8F9F7BAFC8A
:101B300002A939A8F9F732FD08B10020ABE7C822A5
:101B4000002102A8EEF7E8FE042D03D0062D0CD0EC
:101B50000020A0E706F108022C4B03EB42039A8811
:101B60002E4939A8EEF78EFB09E006F10802274B53
:101B700003EB42039A882A4939A8EEF783FB002237
:101B800014E002F15601214B03EB8103541C9868C9
:101B9000F0F756FECDE9000122461F4934A8EEF7C2
:101BA00071FB34A902A8EEF78FFBA2B2092AE8D98B
:101BB000002401E00134A4B202A8EEF741FE844201
:101BC0000DD204F1F8036B4413F8F03C2E2BF1D145
:101BD0002C2204F1F8036B4403F8F02CEAE739A84F
:101BE000F9F78CFD39A8F9F75DFC02A939A8F9F7D6
:101BF000D5FC40B90836054B03EB46039A88013201
:101C00009A80012047E7002045E700BF34340020D8
:101C1000D8490108E8490108D0490108F8490108F4
:101C2000084A0108F0B5D9B00D464FF4967200216C
:101C300003A8EEF771FE6E1EEA1D6F4B03EB420325
:101C40009B8833B906F108016B4A02EB410201336C
:101C50009380072D04D0082D0DD0002059B0F0BD81
:101C600006F10802644B03EB42039A88634953A8C8
:101C7000EEF708FB09E006F108025F4B03EB4203B5
:101C80009A885F4953A8EEF7FDFA002214E002F1AA
:101C90006201594B03EB8103541C5868F0F7D0FDE7
:101CA000CDE90001224657494EA8EEF7EBFA4EA9BE
:101CB00003A8EEF709FBA2B2092AE8D9082D1BD028
:101CC00000241DE004F16C024B4B03EB820304F192
:101CD0000B079868F0F7B4FDCDE900013A46494991
:101CE0004EA8EEF7CFFA4EA903A8EEF7EDFA0134AD
:101CF000A4B20A2CE6D9E3E70024FAE70134A4B23F
:101D000003A8EEF79DFD844207D203AB1B5D2E2B8B
:101D1000F4D103AB2C221A55F0E753A8F9F7EEFCE7
:101D200053A8F9F7BFFB03A953A8F9F737FC08B18B
:101D3000002093E74FF49672002103A8EEF7ECFD24
:101D4000072D03D0082D0CD0002087E706F10802EC
:101D5000294B03EB42039A882B4953A8EEF792FADA
:101D600009E006F10802244B03EB42039A88274955
:101D700053A8EEF787FA002214E002F178011E4B17
:101D800003EB8103541C5868F0F75AFDCDE90001BC
:101D900022461C494EA8EEF775FA4EA903A8EEF7A5
:101DA00093FAA2B2092AE8D9002401E00134A4B2CE
:101DB00003A8EEF745FD844207D203AB1B5D2E2B33
:101DC000F4D103AB2C221A55F0E753A8F9F796FC8F
:101DD00053A8F9F767FB03A953A8F9F7DFFB40B94C
:101DE0000836054B03EB46039A8801329A8001209E
:101DF00034E7002032E700BF34340020184A0108DD
:101E00002C4A0108D0490108404A0108544A0108F7
:101E100010B5044601230373022343732748FFF7D9
:101E2000CBFA00231DE0264A03F1620002EB80009A
:101E30000021416003F14C0002EB8000416003F19E
:101E4000560002EB8000816003F16C0C02EB8C0CFD
:101E5000CCF8081003F1780002EB800251600133E6
:101E6000DBB20A2BDFD90023052B05D8002224F88A
:101E700013200133DBB2F7E7002304E0E21801216D
:101E800091730B44DBB2042BF8D90E4A536C43F424
:101E9000003353640C4B01221A60002058609A6290
:101EA00040F63301D962D9681143D9605A61074BB2
:101EB0004FF000721A6083F8190310BD0834002037
:101EC00034340020003802400044014000E100E0CA
:101ED00008B5042922D8DFE801F003090F151B001B
:101EE00080220F490F48FCF7BAFE08BD02220C49B8
:101EF0000C48FCF7B4FEF8E7102209490948FCF742
:101F0000AEFEF2E7202206490648FCF7A8FEECE701
:101F1000012205490348FCF7A2FEE6E70020E4E7BA
:101F200000000240D43100200004024030F81100CB
:101F30007047000030B583B00446154630F81230C3
:101F40005C4AA2FB03029009ADF806004FF47A72D6
:101F500002FB10331BB2ADF80430574A82FB030278
:101F6000D817C0EB6210642202FB10331BB2ADF82D
:101F70000230524A82FB032CDA17C2EBAC0202EBAE
:101F8000820CA3EB4C03ADF80030ADF80400ADF8C3
:101F9000022002390A291CD8DFE801F0481B1B0681
:101FA0001B1B1B691B1B7A0094F90D30013B5BB2B4
:101FB0006373002B2EDB94F90D10032901D1052D3D
:101FC0002BD0C9B2C1F107010122C9B23C48FFF7C9
:101FD0000AFABDF80630C3EB431203EB8203DB00C1
:101FE0009BB2BDF8042002EB820202EB8202920057
:101FF00092B213449BB2BDF8022002EB820252005F
:1020000092B213449BB2BDF80020134424F815305B
:1020100003B030BD03236373CDE7C9B2C1F106013C
:102020000122C9B22648FFF7DEF9D2E794F90D3054
:1020300001335BB26373032B01DD0023637394F9F7
:102040000D10032901D1052D08D0C9B2C1F1070136
:102050000122C9B21A48FFF7C6F9BAE7C9B2C1F1FD
:1020600006010122C9B21648FFF7BDF9B1E794F99C
:102070000D2002AB03EB420131F9083C013B1BB2DE
:1020800021F8083C002BA4DA092321F8083CA0E73A
:1020900094F90D2002AB03EB420131F9083C013306
:1020A0001BB221F8083C092B93DD002321F8083CE2
:1020B0008FE700BFD34D62101F85EB5167666666E0
:1020C0000834002010B582B00446027B3C4BA3FBD1
:1020D0000203DB0803EB8300A2EB4002D2B2ADF8AF
:1020E0000420ADF8063094F90D30012B01DD0023FA
:1020F000637302390A2916D8DFE801F0281515069E
:102100001515153A15154B0094F90D30013B5BB2CE
:102110006373002B17DB617BC1F107010122C9B298
:102120002848FFF760F9BDF90620BDF9043002EB3D
:10213000820203EB4203DBB223730A2B3AD90A2350
:10214000237302B010BD01236373E4E794F90D30EB
:1021500001335BB26373012B01DD00236373617B89
:10216000C1F107010122C9B21648FFF73CF9DAE7CD
:1021700094F90D2002AB03EB420131F9043C013B21
:102180001BB221F8043C002BCDDA092321F8043CD2
:10219000C9E794F90D2002AB03EB420131F9043C8D
:1021A00001331BB221F8043C092BBCDD002321F8CC
:1021B000043CB8E7002BC4D101232373C1E700BF5F
:1021C000CDCCCCCC08340020007B704738B52DED49
:1021D000048B002436E0474D04F1140305EB830320
:1021E000D3ED027AF8EE677ADFED436A67EEA67AFE
:1021F00004F10A0305EB830393ED017AB8EE477A05
:1022000087EE266A77EE867ADFED3C8A87EEA88A2B
:1022100004F1620305EB830383ED018A214628461E
:10222000FFF784FE07EE900AF8EE677A87EEA87A49
:10223000C7EE087A04F14C0305EB8305C5ED017A7E
:102240000134E4B2032CC6D92A4C94ED648AD4ED4F
:10225000638A78EE688AC4ED678A01212046FFF719
:1022600065FE054600212046FFF760FE2D1A07EEA9
:10227000905AF8EEE77A9FED219A87EE897AC7EEB9
:10228000287AC4ED517AD4ED658A38EEC88A84ED97
:10229000688A02212046FFF749FE054601212046B3
:1022A000FFF744FE2D1A07EE905AF8EEE77A87EE14
:1022B000897AC7EE087AC4ED527A94ED668A38EED0
:1022C000688A84ED698A03212046FFF72FFE0546C0
:1022D00002212046FFF72AFE2D1A07EE905AF8EE4B
:1022E000E77A87EE897AC7EE087AC4ED537ABDECB7
:1022F000048B38BD343400200000C84200007A440A
:1023000010B52DED028B144CD4ED167AF8EE677AE9
:10231000DFED126A67EEA67A94ED0B7AB8EE477A93
:1023200087EE266A77EE867ADFED0D8A87EEA88A39
:1023300084ED638A04212046FFF7F8FD07EE900A3A
:10234000F8EE677A87EEA87AC7EE087AC4ED4D7A80
:10235000BDEC028B10BD00BF343400200000C84229
:1023600000007A4400236AE0364A03F1140102EBCC
:102370008101D1ED027AF8EE677A9FED337A67EE4C
:10238000877A03F10A0102EB8101D1ED016AF8EECF
:10239000666A86EE876A77EE867ADFED2C6A87EECC
:1023A000A66A03F1620102EB810181ED016AF7EE99
:1023B000005AC5EE867A03F1560102EB8101C1EDA8
:1023C000027A03F12A0102EB8101D1ED027AF8EEE3
:1023D000677A67EE877A03F1200102EB810191EDC4
:1023E000016AB8EE466AC6EE075A77EEA57A87EE1E
:1023F000A66A03F1780102EB810181ED016A03F124
:10240000400102EB8101D1ED027AF8EE677A67EEC6
:10241000877A03F1360102EB810191ED016AB8EE92
:10242000466AC6EE075A77EEA57A87EEA67A03F1DA
:102430006C0102EB810282ED027A0133DBB20A2BDE
:1024400092D97047343400200000C84200007A441A
:1024500010B52DED028B214CD4ED167AF8EE677A8B
:10246000DFED1F6A67EEA67A94ED0B7AB8EE477A35
:1024700087EE266A77EE867A9FED1A8AC7EE888AFB
:10248000C4ED638A04212046FFF750FD07EE900A51
:10249000F8EE677A87EE887AC7EE287AC4ED4D7A2F
:1024A00087EEA87A84ED877A37EE077A84ED877A0B
:1024B00094ED887AB8EEC77A27EE877A67EE877A46
:1024C000B6EE007A67EE877AC4ED847A87EE887A72
:1024D00084ED847ABDEC028B10BD00BF3434002043
:1024E0000000C84200007A4408B5202817D803B27B
:1024F000002B3DD001381F283AD8DFE800F0662ACB
:10250000393939393939393939393939393E393936
:1025100039393939393939393939393939528028DC
:1025200026D1344B1A68344B1A7080223349344810
:10253000FCF795FB30B10120F9F78AFE314B0122FF
:102540009A7315E00020F9F783FE2E4B00229A7350
:102550000EE02D4B1A68284B1A7002222749284892
:10256000FCF77DFB28B1274B0122DA73F9F780FDD8
:1025700008BD244B0022DA73F8E7244B1A681E4B7F
:102580001A7010221D491E48FCF769FB28B11D4B2B
:1025900001221A74F9F76CFDEAE71A4B00221A744B
:1025A000F8E71B4B1A68144B1A7020221349144881
:1025B000FCF755FB28B1134B01225A74F9F758FD6B
:1025C000D6E7104B00225A74F8E7124B1A680A4BF0
:1025D0001A70012210490A48FCF741FB28B1094B47
:1025E00001229A74F9F744FDC2E7064B00229A745F
:1025F000F8E700BF9431002048310020000002407D
:10260000D431002034340020903100208C3100205F
:1026100088310020843100200004024008B5074BB7
:102620001B6913F0010F00D108BDF9F7CDFF034A74
:10263000136923F001031361F6E700BF0044014072
:1026400000B500F5805C8CF89A1300238CF89E335B
:10265000642141810A22028181804280C380022359
:10266000437490F9003003EB43020CF56A7C064B8F
:1026700003EBC20EBEE80F00ACE80F009EE80300BB
:102680008CE803005DF804FBF032002000EB410011
:1026900040887047418070478180704730B583B073
:1026A0000446154600EB42035B885F4AA2FB030227
:1026B0009009ADF806004FF47A7202FB10331BB29A
:1026C000ADF80430594A82FB0302D817C0EB621000
:1026D000642202FB10331BB2ADF80230544A82FB75
:1026E000032CDA17C2EBAC0202EB820CA3EB4C0317
:1026F000ADF80030ADF80400ADF8022002390A2927
:1027000016D8DFE801F046151506151515581515EC
:10271000690094F91130013B5BB26374002B35DB27
:10272000617CC1F108010122C9B24248FEF75BFE9B
:10273000BDF80630C3EB431203EB8203DB009BB210
:10274000BDF8042002EB820202EB8202920092B2F8
:1027500013449BB2BDF8022002EB8202520092B2F7
:1027600013449BB2BDF8002013449BB204EB450216
:102770005380012D41D0002D53D12A1D34F8122051
:1027800093424ED904EB450462804AE0032363740C
:10279000C6E794F9113001335BB26374032B01DD9A
:1027A00000236374617CC1F108010122C9B2214890
:1027B000FEF719FEBCE794F9112002AB03EB4201CE
:1027C00031F9083C013B1BB221F8083C002BAFDA81
:1027D000092321F8083CABE794F9112002AB03EB85
:1027E000420131F9083C01331BB221F8083C092BA6
:1027F0009EDD002321F8083C9AE72A1D34F81220B8
:10280000934202D204EB45035A8004EB45056B88E2
:1028100040F6C41202FB03F3034A82FB03239B111D
:10282000238103B030BD00BFD34D62101F85EB5133
:10283000676666660834002000F58053012283F83D
:102840009E23092902D00C290BD0704790F9003043
:10285000013B5BB20370002B00DB70470923037060
:10286000704790F9003001335BB20370092BF4DD3F
:1028700000230370F1E790F9000080B27047017007
:1028800000F58053012283F89E231423437470477C
:10289000C3880BB1012070470020704700F58050BD
:1028A00090F89E037047000008B500F580500023A3
:1028B00080F89E3390F89A130148FCF77BFB08BD23
:1028C000F0310020F0B583B000F58053B3F89C33AD
:1028D000C789BB4201D303B0F0BD04460A46581C69
:1028E00080B204F58055A5F89C038EB2083304EB42
:1028F00043035E8095F89A13431E073004EB4000B3
:1029000001970093438804390748EEF7F3FEA5F8D2
:10291000A063B5F89C2340F6C3139A42DBD9002389
:10292000A5F89C33D7E700BF684A010808B5002026
:10293000FCF75AF901460248FFF7C4FF08BD00BF83
:102940007885002008B50120FCF74EF901460248C1
:10295000FFF7B8FF08BD00BFB071002008B5022026
:10296000FCF742F901460248FFF7ACFF08BD00BF83
:10297000E85D002008B50320FCF736F9014602485F
:10298000FFF7A0FF08BD00BF204A002008B50420C3
:10299000FCF72AF901460248FFF794FF08BD00BF83
:1029A0005836002008B5037C012B02D0022B1DD025
:1029B00008BD43880BB90374FAE75A1CC28002228F
:1029C0000274828807EE902AF8EEE77ADFED0F6A4C
:1029D00086EEA77A07EE903AF8EEE77A67EE277A66
:1029E000FCEEE77A17EE903AC381E1E7C388013B3A
:1029F0009BB2C380002BDBD10323037400F580500E
:102A000090F89A130248FCF7D5FAD1E700007A440F
:102A1000F031002038B500F5805393F89E3363B34E
:102A2000044690F9003000F5805503EB430205F5AC
:102A30006A7E1E4B03EBC20CBCE80F00AEE80F0031
:102A40009CE803008EE803000123237495F89A1391
:102A50000B1F042B09D8DFE803F00311171D230017
:102A6000134BA2881348FCF7AEFA04F580530022FA
:102A7000A3F89C232046FFF795FF38BD0E4BA28894
:102A80000C48FCF7A0FAF0E70C4BA2880948FCF7C9
:102A90009AFAEAE70A4BA2880648FCF794FAE4E7B8
:102AA000084BA2880348FCF78EFADEE7F0320020DC
:102AB0002D290108F0310020452901085D29010870
:102AC000752901088D29010807EE901AF8EE677A3A
:102AD0009FED097A67EE877A00F5805090EDEE7AE7
:102AE00077EEC77A90EDEF7A87EE870AD0EDEC7A31
:102AF00030EE270A704700BF6740533A07EE901A3E
:102B0000F8EE677A9FED097A67EE877A00F58050D4
:102B100090EDEE7A77EEC77A90EDEF7A87EE870A3E
:102B2000D0EDEC7A30EE270A704700BF6740533A89
:102B30002DE9F043ADF5A05D83B005464FF00008E8
:102B400000F58053B3F8C03323B900F58052013348
:102B5000A2F8C03341F28832002102A8EDF7DCFE72
:102B600005F5805494F89A23B4F8C033043A8249A6
:102B70000DF59F501430EDF785FB0DF59F50143087
:102B8000F8F7BCFD94F89E732FB938460DF5A05D9B
:102B900003B0BDE8F0830DF59F501430F8F782FCC8
:102BA0000024264622E0EFF74BFECDE90001224645
:102BB00072490DF59C501030EDF764FB0DF59C50FB
:102BC0001030EDF73DFE1FFA80F9304441F28733B3
:102BD000984200F3A380B1441FFA89F60DF59C5189
:102BE000103102A8EDF770FB0134A4B205F5805353
:102BF000B3F89C33A34240F2A78004F1080305EB2D
:102C0000430359882846FFF779FF10EE100A95F91B
:102C10000030092BD2D801A252F823F0A72B0108CB
:102C2000452C01085D2C0108752C01088D2C01082C
:102C3000A52C0108BD2C0108D52C0108ED2C01089C
:102C4000052D0108EFF7FCFDCDE9000122464C49B6
:102C50000DF59C501030EDF715FBAFE7EFF7F0FDE9
:102C6000CDE90001224647490DF59C501030EDF7A3
:102C700009FBA3E7EFF7E4FDCDE900012246424955
:102C80000DF59C501030EDF7FDFA97E7EFF7D8FD02
:102C9000CDE9000122463D490DF59C501030EDF77D
:102CA000F1FA8BE7EFF7CCFDCDE900012246384978
:102CB0000DF59C501030EDF7E5FA7FE7EFF7C0FD1A
:102CC000CDE90001224633490DF59C501030EDF757
:102CD000D9FA73E7EFF7B4FDCDE9000122462D499B
:102CE0000DF59C501030EDF7CDFA67E7EFF7A8FD32
:102CF000CDE90001224628490DF59C501030EDF732
:102D0000C1FA5BE7EFF79CFDCDE9000122462349BC
:102D10000DF59C501030EDF7B5FA4FE702A90DF50F
:102D20009F501430F8F73AFC804608BB41F28832D5
:102D3000002102A8EDF7F0FD0DF59C51103102A81D
:102D4000EDF7C2FA4E464FE756B9B8F1000F11D170
:102D500005F58055B5F8C0330133A5F8C03314E745
:102D600002A90DF59F501430F8F718FC8046ECE7E7
:102D700000270AE7002708E7A44A0108B84A010823
:102D8000C84A0108D44A0108E04A0108F04A01088B
:102D9000004B01080C4B0108184B0108244B01089B
:102DA00070B582B005460C4600F58053B3F8A063B9
:102DB0003146FFF7A3FE10EE100A95F90030092BFB
:102DC00010D8DFE803F00511222D38434E59646F07
:102DD0000334EFF735FDCDE90001384A0C212046D8
:102DE000EEF730FC02B070BD31462846FFF76CFEAE
:102DF00010EE100A0334EFF723FDCDE90001304A4D
:102E00000C212046EEF71EFCECE70334EFF718FD2B
:102E1000CDE900012B4A0C212046EEF713FCE1E737
:102E20000334EFF70DFDCDE90001274A0C212046C0
:102E3000EEF708FCD6E70334EFF702FDCDE9000119
:102E4000224A0C212046EEF7FDFBCBE70334EFF7D7
:102E5000F7FCCDE900011E4A0C212046EEF7F2FBFB
:102E6000C0E70334EFF7ECFCCDE90001194A0C216F
:102E70002046EEF7E7FBB5E70334EFF7E1FCCDE9D9
:102E80000001144A0C212046EEF7DCFBAAE70334CC
:102E9000EFF7D6FCCDE900010F4A0C212046EEF7F2
:102EA000D1FB9FE70334EFF7CBFCCDE900010B4AE0
:102EB0000C212046EEF7C6FB94E700BF344B010817
:102EC000404B0108484B0108504B01085C4B01087E
:102ED000644B01086C4B0108744B01087C4B0108E2
:102EE00008B500F58053B3F8A013FFF707FE08BD3F
:102EF00000F58050B0F8A03300EE103AB8EE400A6A
:102F0000DFED027A20EE270A704700BF6740533A90
:102F10002DE9F84304460E46154602F51D6300EB05
:102F20004303B3F9027090F90030DBB2092B18D8D3
:102F30004FF4697222FA03F313F0010F14D04FF02B
:102F4000020894F91130C146434510DCB11E0A292C
:102F50002BD8DFE801F04B2A2A182A2A2A692A2AC4
:102F60007E004FF00308ECE74FF00308E9E708F1B3
:102F7000FF33D9B26374C1F10D010122C9B299487E
:102F8000FEF731FAE2E794F91130013B5BB263746A
:102F9000002B1FDB94F91110F9B9C9B2C1F10E0170
:102FA0000122C9B28F48FEF71EFA05F51D6304EB36
:102FB00043035F8094F90030092B68D8DFE813F0F1
:102FC00074005E00870099006700AC00C000D60066
:102FD000EA00FF0084F81180DCE7C9B2C1F10D01FD
:102FE0000122C9B27F48FEF7FEF9DEE794F91130FD
:102FF00001335BB26374994501DA0023637494F979
:10300000111041B9C9B2C1F10E010122C9B275480E
:10301000FEF7E9F9C9E7C9B2C1F10D010122C9B250
:103020007048FEF7E0F9C0E794F91130032BBCD8E3
:10303000DFE803F00205080B013F3FB2B5E70A3FA6
:103040003FB2B2E7643F3FB2AFE7A7F57A773FB24E
:10305000ABE794F91130032BA7D8DFE803F00205A2
:10306000080B01373FB2A0E70A373FB29DE764374C
:103070003FB29AE707F57A773FB296E740F2DC5322
:103080009F4206DD05F51D6504EB45056B80BDE837
:10309000F88317F5FA7FFADA05F51D6504EB4505A7
:1030A0004FF60C636B80F2E740F6C4139F4205DDD8
:1030B00005F51D6504EB45056B80E8E7002FE6DAB2
:1030C00005F51D6504EB450500236B80DFE7642FE4
:1030D00006DD05F51D6504EB450564236B80D6E729
:1030E000002FD4DA05F51D6504EB450500236B8040
:1030F000CDE740F6C4139F4205DD05F51D6504EBE1
:1031000045056B80C3E7002FC1DA05F51D6504EBAB
:10311000450500236B80BAE7C82F06DD05F51D6560
:1031200004EB4505C8236B80B1E717F1C80FAEDA91
:1031300005F51D6504EB45054FF638736B80A6E772
:10314000B7F5FA6F07DD05F51D6504EB45054FF48E
:10315000FA636B809BE717F5FA6F98DA05F51D6542
:1031600004EB45054FF630036B8090E7C82F06DD72
:1031700005F51D6504EB4505C8236B8087E717F14E
:10318000C80F84DA05F51D6504EB45054FF6387365
:103190006B807CE7642F06DD05F51D6504EB4505B6
:1031A00064236B8073E717F1640FBFF670AF05F50A
:1031B0001D6504EB45054FF69C736B8067E73C2F5C
:1031C00006DD05F51D6504EB45053C236B805EE7D8
:1031D000022F3FF75CAF05F51D6504EB45020323A5
:1031E000538054E70834002001F51D6100EB4100D5
:1031F000B0F90200704701F51D6100EB410042800B
:103200007047000010B50023437183710371037090
:1032100043708370C370054C2046FBF74FFE044B90
:10322000052201212046FBF7CEFE10BDF031002023
:10323000793201080123037003790133DBB2037192
:10324000012B03D901234370002303714379013318
:10325000DBB24371132B03D9012383700023437125
:1032600083790133DBB28371C72B03D90123C37088
:10327000002383717047000008B50248FFF7DAFFAA
:1032800008BD00BF409900200346007800221A7054
:1032900070470346407800225A7070470346807892
:1032A00000229A7070470346C0780022DA70704797
:1032B0004FF0FF3009E011F8013B4340DBB2064A12
:1032C00052F8233083EA1020624602F1FF3C002AC4
:1032D000F1D1C043704700BF9465010800B585B0C7
:1032E00000210320F8F756FA114BD3ED006A9FED49
:1032F000117AC6EE877ABCEEE77A17EE103A9AB2E8
:1033000007EE102AB8EEC77A77EEC77A9FED0A7AF1
:1033100067EE877AFCEEE77A17EE903A074968463F
:10332000ECF7B0FF6846F8F73FFA05B05DF804FB2C
:1033300050990020002474490050C3478847010871
:10334000014B00221A6070475099002010B5064CBE
:10335000064A00212046FDF7C2FF054A012120460A
:10336000FDF7BDFF10BD00BF0834002088750108BF
:103370007475010838B50B4D2A68013A02EB021248
:10338000094C0A4B1A4400212046FDF7A8FF2A6881
:10339000013A02EB0212064B1A4401212046FDF7C6
:1033A0009EFF38BD4C990020083400201875010894
:1033B000E474010838B50B4D2A68013A02EB021299
:1033C000094C0A4B1A4400212046FDF788FF2A6861
:1033D000013A02EB0212064B1A4401212046FDF786
:1033E0007EFF38BD4C99002008340020B0740108DD
:1033F0007C74010808B5034A01210348FDF76FFFFB
:1034000008BD00BF407401080834002008B5074B10
:103410001A68013A02EB0212054B1A4400210548D2
:10342000FDF75DFFFFF7E6FF08BD00BF4C990020E8
:10343000487301080834002008B5044A00210448F4
:10344000FDF74DFFFFF7D6FF08BD00BF347301083D
:103450000834002008B5074B1A68013A02EB021243
:10346000054B1A4400210548FDF739FFFFF7C2FF5D
:1034700008BD00BF4C9900200073010808340020EB
:1034800008B5074B1A68013A02EB0212054B1A44C1
:1034900000210548FDF723FFFFF7ACFF08BD00BF83
:1034A0004C990020CC7201080834002008B5074B65
:1034B0001A68013A02EB0212054B1A440021054832
:1034C000FDF70DFFFFF796FF08BD00BF4C990020E8
:1034D000987201080834002008B5074B1A68013AB1
:1034E00002EB0212054B1A4400210548FDF7F7FED6
:1034F000FFF780FF08BD00BF4C99002064720108EF
:103500000834002008B5074B1A68013A02EB021292
:10351000054B1A4400210548FDF7E1FEFFF76AFF5D
:1035200008BD00BF4C99002030720108083400200B
:1035300008B5074B1A68013A02EB0212054B1A4410
:1035400000210548FDF7CBFEFFF754FF08BD00BF83
:103550004C990020FC7101080834002008B5104B7C
:103560001B68012B04D0022B0AD0032B10D008BDFE
:10357000F8F729F90B48F8F717F9FFF73BFFF6E7DB
:10358000F8F721F90848F8F70FF9FFF733FFEEE7EE
:10359000F8F719F90548F8F707F9FFF72BFFE6E701
:1035A0004C990020E8710108206B0108506A01085D
:1035B00008B5104B1B68012B04D0022B0AD0032B3B
:1035C00010D008BDF8F7FFF80B48F8F7EDF8FFF753
:1035D00011FFF6E7F8F7F7F80848F8F7E5F8FFF70E
:1035E00009FFEEE7F8F7EFF80548F8F7DDF8FFF721
:1035F00001FFE6E74C990020D47101080C6B01082B
:103600003C6A010838B50B4D2A68013A02EB0212F8
:10361000094C0A4B1A4400212046FDF760FE2A6837
:10362000013A02EB0212064B1A4401212046FDF733
:1036300056FE38BD4C99002008340020A0710108C6
:103640006C71010810B5094B1A68013A02EB0212BD
:10365000074C084B1A4400212046FDF740FE064A5D
:1036600001212046FDF73BFE10BD00BF4C99002014
:1036700008340020387101082C74010810B5094B7A
:103680001A68013A02EB0212074C084B1A44002157
:103690002046FDF724FE064A01212046FDF71FFEC5
:1036A00010BD00BF4C99002008340020F4700108C0
:1036B0002C74010810B5094B1A68013A02EB02128A
:1036C000074C084B1A4400212046FDF708FE064A25
:1036D00001212046FDF703FE10BD00BF4C990020DC
:1036E00008340020C07001082C74010810B5094B83
:1036F0001A68013A02EB0212074C084B1A440021E7
:103700002046FDF7ECFD064A01212046FDF7E7FDC6
:1037100010BD00BF4C990020083400208C700108B7
:103720002C74010810B5094B1A68013A02EB021219
:10373000074C084B1A4400212046FDF7D0FD064AED
:1037400001212046FDF7CBFD10BD00BF4C990020A4
:1037500008340020587001084470010838B50B4D3A
:103760002A68013A02EB0212094C0A4B1A44002162
:103770002046FDF7B4FD2A68013A02EB0212064B1F
:103780001A4401212046FDF7AAFD38BD4C990020BE
:1037900008340020107001086C71010810B5094B45
:1037A0001A68013A02EB0212074C084B1A44002136
:1037B0002046FDF794FD064A01212046FDF78FFDC6
:1037C00010BD00BF4C99002008340020DC6F0108B8
:1037D0002C74010810B5094B1A68013A02EB021269
:1037E000074C084B1A4400212046FDF778FD064A95
:1037F00001212046FDF773FD10BD00BF4C9900204C
:1038000008340020A86F01082C74010810B5094B7A
:103810001A68013A02EB0212074C084B1A440021C5
:103820002046FDF75CFD064A01212046FDF757FDC5
:1038300010BD00BF4C99002008340020746F0108AF
:10384000606F010810B5094B1A68013A02EB0212C9
:10385000074C084B1A4400212046FDF740FD064A5C
:1038600001212046FDF73BFD10BD00BF4C99002013
:10387000083400202C6F01082C74010810B5094B86
:103880001A68013A02EB0212074C084B1A44002155
:103890002046FDF724FD064A01212046FDF71FFDC5
:1038A00010BD00BF4C99002008340020F86E0108BC
:1038B0005474010838B50B4D2A68013A02EB021224
:1038C000094C0A4B1A4400212046FDF708FD2A68DE
:1038D000013A02EB0212064B1A4401212046FDF781
:1038E000FEFC38BD4C99002008340020C46E01084D
:1038F000906E010810B50A4C0A4A00212046FDF7D7
:10390000EEFCFFF7EBFC084B1A68013A02EB0212DF
:10391000064B1A4401212046FDF7E1FC10BD00BF13
:10392000083400208C6E01084C990020906E01082C
:1039300038B50B4D2A68013A02EB0212094C0A4BCA
:103940001A4400212046FDF7CAFC2A68013A02EB1E
:103950000212064B1A4401212046FDF7C0FC38BD77
:103960004C99002008340020586E0108246E01088C
:1039700038B50B4D2A68013A02EB0212094C0A4B8A
:103980001A4400212046FDF7AAFC2A68013A02EBFE
:103990000212064B1A4401212046FDF7A0FC38BD57
:1039A0004C99002008340020586E0108F06D010881
:1039B00038B50B4D2A68013A02EB0212094C0A4B4A
:1039C0001A4400212046FDF78AFC2A68013A02EBDE
:1039D0000212064B1A4401212046FDF780FC38BD37
:1039E0004C99002008340020BC6D0108886D010846
:1039F00038B50B4D2A68013A02EB0212094C0A4B0A
:103A00001A4400212046FDF76AFC2A68013A02EBBD
:103A10000212064B1A4401212046FDF760FC38BD16
:103A20004C99002008340020BC6D0108546D010839
:103A300010B5064C064A00212046FDF750FC054A09
:103A400001212046FDF74BFC10BD00BF08340020CB
:103A50008C6E01086874010808B5104B1B68012BB7
:103A600004D0022B0AD0032B10D008BDF7F7ABFE11
:103A70000B48F7F799FEFFF7BDFCF6E7F7F7A3FE53
:103A80000848F7F791FEFFF7B5FCEEE7F7F79BFE66
:103A90000548F7F789FEFFF7ADFCE6E74C990020F3
:103AA0004C6D0108F86A0108286A010808B5134B33
:103AB0001B68012B09D0022B0FD0032B15D0F7F771
:103AC00082FE0F48F7F770FE08BDF7F77CFE0C4842
:103AD000F7F76AFEFFF78EFCF1E7F7F774FE094887
:103AE000F7F762FEFFF786FCE9E7F7F76CFE06489A
:103AF000F7F75AFEFFF77EFCE1E700BF4C99002084
:103B0000446D0108F06A0108206A010808B50D4BF0
:103B10001B68012B04D0022B08D0032B0CD008BD4E
:103B2000F7F751FE0848F7F73FFEF8E7F7F74BFEC7
:103B30000648F7F739FEF2E7F7F745FE0448F7F7CE
:103B400033FEECE74C9900203C6D0108E86A01085F
:103B5000186A010808B50D4B1B68012B04D0022B15
:103B600008D0032B0CD008BDF7F72DFE0848F7F757
:103B70001BFEF8E7F7F727FE0648F7F715FEF2E712
:103B8000F7F721FE0448F7F70FFEECE74C99002009
:103B9000346D0108E06A0108106A010808B50D4B90
:103BA0001B68012B04D0022B08D0032B0CD008BDBE
:103BB000F7F709FE0848F7F7F7FDF8E7F7F703FE10
:103BC0000648F7F7F1FDF2E7F7F7FDFD0448F7F7D0
:103BD000EBFDECE74C9900202C6D0108D86A010838
:103BE000086A010808B50D4B1B68012B04D0022B95
:103BF00008D0032B0CD008BDF7F7E5FD0848F7F710
:103C0000D3FDF8E7F7F7DFFD0648F7F7CDFDF2E75C
:103C1000F7F7D9FD0448F7F7C7FDECE74C9900200A
:103C2000246D0108D06A0108006A010808B50D4B2F
:103C30001B68012B04D0022B08D0032B0CD008BD2D
:103C4000F7F7C1FD0848F7F7AFFDF8E7F7F7BBFD59
:103C50000648F7F7A9FDF2E7F7F7B5FD0448F7F7CF
:103C6000A3FDECE74C9900201C6D0108C86A01080F
:103C7000F869010810B5064C064A00212046FDF7F8
:103C80002EFB054A01212046FDF729FB10BD00BF90
:103C900008340020146D01084074010808B5044A76
:103CA00000210448FDF71BFBFFF7A4FB08BD00BF84
:103CB000146D01080834002008B5034A00210348A8
:103CC000FDF70DFB08BD00BF0C6D01080834002096
:103CD00008B5034A00210348FDF701FB08BD00BFFA
:103CE000046D01080834002008B5034A0021034888
:103CF000FDF7F5FA08BD00BFFC6C01080834002090
:103D000008B5034A00210348FDF7E9FA08BD00BFE2
:103D1000F46C01080834002008B5034A0021034868
:103D2000FDF7DDFA08BD00BFEC6C01080834002087
:103D300008B5034A00210348FDF7D1FA08BD00BFCA
:103D4000E46C01080834002008B5154B1B68012BF2
:103D500004D0022B0DD0032B16D008BDF7F733FD8E
:103D60001048F7F721FDF7F728FD0F48F7F71CFD7E
:103D7000F3E7F7F728FD0D48F7F716FDF7F71DFDF8
:103D80000B48F7F711FDE8E7F7F71DFD0948F7F7CE
:103D90000BFDF7F712FD0848F7F706FDDDE700BF5A
:103DA0004C990020D06C0108BC6C0108B46A010871
:103DB000A06A0108E4690108D069010808B5164B3A
:103DC0001B68012B04D0022B0DD0032B16D008BD8D
:103DD000F7F7F9FC1148F7F7E7FCF7F7EEFC1048A6
:103DE000F7F7E2FCF3E7F7F7EEFC0E48F7F7DCFC39
:103DF000F7F7E3FC0C48F7F7D7FCE8E7F7F7E3FC45
:103E0000F7F7E1FC0948F7F7CFFCF7F7D6FC0848CD
:103E1000F7F7CAFCDBE700BF4C990020A86C01084B
:103E2000946C01088C6A0108786A0108BC69010871
:103E3000A869010808B5044A00210448FDF74FFAB3
:103E4000FFF7D8FA08BD00BF906C010808340020C5
:103E500008B5044A00210448FDF741FAFFF7CAFA01
:103E600008BD00BF8C6C01080834002008B5FFF7BE
:103E7000C1FA08BD38B50B4D2A68013A02EB0212AF
:103E8000094C0A4B1A4400212046FDF728FA2A68FB
:103E9000013A02EB0212064B1A4401212046FDF7BB
:103EA0001EFA38BD4C99002008340020BC6D010872
:103EB000586C010808B5FFF79DFA08BD08B5FFF773
:103EC00099FA08BD08B5044A00210448FDF707FA2D
:103ED000FFF790FA08BD00BF546C010808340020B9
:103EE00008B5044A00210448FDF7F9F9FFF782FA02
:103EF00008BD00BF506C01080834002010B5134CF9
:103F0000134A00212046FDF7EAF900210320F7F7C4
:103F100041FCFFF7E3F900210720F7F73BFC0D48D0
:103F2000F7F742FC00210C20F7F734FC0A48F7F7BA
:103F30003BFC0A4B1A68013A02EB0212084B1A4486
:103F400001212046FDF7CBF910BD00BF0834002049
:103F50008C6E0108884B01088C4B01084C9900209D
:103F6000906E010838B50B4D2A68013A02EB021237
:103F7000094C0A4B1A4400212046FDF7B0F92A6883
:103F8000013A02EB0212064B1A4401212046FDF7CA
:103F9000A6F938BD4C99002008340020BC6D0108FA
:103FA0001C6C010808B5074A00210748FDF797F97E
:103FB00000210C20F7F7EEFB0448F7F7F5FBFFF7BD
:103FC00019FA08BD8C6E010808340020944B0108D2
:103FD00008B5074A00210748FDF781F900210C20A8
:103FE000F7F7D8FB0448F7F7DFFBFFF703FA08BD44
:103FF0008C6E010808340020984B010808B5074A68
:1040000000210748FDF76BF900210C20F7F7C2FBF0
:104010000448F7F7C9FBFFF7EDF908BD8C6E0108FE
:10402000083400209C4B010808B5074B1A68013A78
:1040300002EB0212054B1A4400210548FDF74FF927
:10404000FFF7D8F908BD00BF4C990020E86B0108C4
:104050000834002008B5064B1A68013A02EB021238
:10406000044B1A4401210448FDF739F908BD00BF8B
:104070004C990020B46B01080834002010B5064CA0
:10408000064A00212046FDF72AF9054A012120466B
:10409000FDF725F910BD00BF083400206075010848
:1040A0004C75010808B5074B1A68013A02EB021279
:1040B000054B1A4400210548FDF711F9FFF79AF95D
:1040C00008BD00BF4C990020806B01080834002017
:1040D00008B5244B1B68012B04D0022B17D0032BEF
:1040E0002AD008BDF7F76FFB1F48F7F75DFBF7F71E
:1040F00064FB1E48F7F758FB1D48F7F755FB0121F5
:104100000920F7F747FB1B48F7F74EFBE9E7F7F7FE
:104110005AFB1948F7F748FBF7F74FFB1748F7F733
:1041200043FB1348F7F740FB01210920F7F732FB67
:104130001348F7F739FBD4E7F7F745FB1148F7F7D2
:1041400033FBF7F73AFB1048F7F72EFB0848F7F771
:104150002BFB01210920F7F71DFB0C48F7F724FB87
:10416000BFE700BF4C9900206C6B01083471010857
:10417000A04B010828710108646A0108096B010855
:10418000006B010894690108396A0108306A010866
:1041900010B5094B1A68013A02EB0212074C084BA2
:1041A0001A4400212046FDF79AF8064A01212046CC
:1041B000FDF795F810BD00BF4C9900200834002091
:1041C000386B01081874010808B5044A0021044836
:1041D000FDF785F8FFF70EF908BD00BF346B010845
:1041E0000834002038B50F4D2A68013A02EB02125C
:1041F0000D4C0E4B1A4400212046FDF770F82A683A
:10420000013A02EB02120A4B1A4401212046FDF743
:1042100066F82046FDF74CF84FF47A710548FAF736
:1042200083FE38BD4C99002008340020E473010857
:10423000B0730108F031002038B50F4D2A68013AFB
:1042400002EB02120D4C0E4B1A4400212046FDF7E2
:1042500046F82A68013A02EB02120A4B1A4401217D
:104260002046FDF73CF82046FDF722F84FF47A711E
:104270000548FAF759FE38BD4C9900200834002053
:10428000E47301087C730108F0310020DFF834D0BA
:104290000D480E490E4A002302E0D458C45004339E
:1042A000C4188C42F9D30B4A0B4C002301E0136075
:1042B0000432A242FBD3EEF7C3FFECF783FAF7F721
:1042C00003F8704700000120000000208801002052
:1042D000AC7501088801002054990020FEE7000019
:1042E000F8B500BFF8BC08BC9E467047F8B500BFE3
:0842F000F8BC08BC9E467047B3
:1042F8000A206661756C742068616E646C65722052
:10430800202578002F000000EB7690455846415450
:1043180020202000222A3A3C3E3F7C7F00000000FB
:104328002B2C3B3D5B5D00004D5343004552524FE3
:104338005221212120696E206D6F756E74696E6738
:1043480020555342202E2E2E0A0A00005553422093
:104358006D6F756E746564207375636365737366DA
:10436800756C6C792E2E2E0A0000000055534220E1
:10437800554E4D4F554E54454420737563636573D0
:104388007366756C6C792E2E2E0A0A0A00000000DE
:104398004552524F5221212120696E20554E4D4FD2
:1043A800554E54494E4720555342200A0A0A0000E8
:1043B80053595354454D7E310000000053797374AE
:1043C800656D20566F6C756D6520496E666F726DF0
:1043D8006174696F6E0000004469723A2025730D9C
:1043E8000A0000002F25730046696C653A20257382
:1043F8002F25730A000000004552524F52212121F7
:10440800202A25732A20646F6573206E6F742065D7
:1044180078697374730A0A004552524F5221212158
:10442800204E6F2E20256420696E206F70656E699E
:104438006E672066696C65202A25732A0A0A0000BF
:104448004F70656E696E672066696C652D2D3E201C
:10445800202A25732A2020546F205752495445207A
:104468006461746120696E2069740A004552524F74
:1044780052212121204E6F2E202564207768696CF7
:10448800652077726974696E6720746F2074686537
:104498002046494C45202A25732A0A0A00000000B4
:1044A8004552524F52212121204E6F2E2025642043
:1044B800696E20636C6F73696E672066696C65202E
:1044C8002A25732A20616674657220777269746977
:1044D8006E672069740A0A0046696C65202A25738C
:1044E8002A206973205752495454454E20616E64FE
:1044F80020434C4F5345442073756363657373665B
:10450800756C6C790A0A0000455252524F522121AB
:1045180021202A25732A20646F6573206E6F74200A
:104528006578697374730A0A000000004F70656E3D
:10453800696E672066696C652D2D3E20202A2573DB
:104548002A2020546F205245414420646174612020
:1045580066726F6D2069740A000000004552524F60
:1045680052212121204E6F2E20256420696E207251
:10457800656164696E672066696C65202A25732AFF
:104588000A0A00004552524F52212121204E6F2E17
:1045980020256420696E20636C6F73696E672066DE
:1045A800696C65202A25732A0A0A000046696C6529
:1045B800202A25732A20434C4F53454420737563A2
:1045C8006365737366756C6C790A0A004552524FBD
:1045D80052212121202A25732A20616C7265616489
:1045E8007920657869737473212121210A207573F4
:1045F80065205570646174655F46696C65200A0AB8
:10460800000000004552524F52212121204E6F2EAA
:1046180020256420696E206372656174696E672065
:1046280066696C65202A25732A0A0A002A25732AD6
:104638002063726561746564207375636365737361
:1046480066756C6C790A204E6F77207573652057F4
:10465800726974655F46696C6520746F207772694A
:10466800746520646174610A000000004552524F6D
:1046780052204E6F2E20256420696E20636C6F7364
:10468800696E672066696C65202A25732A0A0A0004
:104698004F70656E696E672066696C652D2D3E20CA
:1046A800202A25732A2020546F2055504441544510
:1046B800206461746120696E2069740A000000003A
:1046C8004552524F52212121204E6F2E2025642021
:1046D800696E2077726974696E672066696C6520F7
:1046E8002A25732A0A0A00002A25732A20555044CD
:1046F80041544544207375636365737366756C6CC8
:10470800790A00002A25732A20686173206265658A
:104718006E2072656D6F766564207375636365736B
:104728007366756C6C790A0A000000004552524F96
:1047380052204E6F2E20256420696E2072656D6FA1
:1047480076696E67202A25732A0A0A00300000005D
:10475800320000003500000036000000370000007D
:1047680038000000390000002530346C7500000066
:1047780025302E33660000002530326C75000000AD
:10478800253032752C2530356C750000533A3000D1
:104798006F200000782000006F0000007800000003
:1047A80053303E533100000053303E533200000076
:1047B80053303E533300000053303E533400000062
:1047C8007061737300000000496E743A00000000C5
:1047D8003E0000003C000000740000003130000082
:1047E80020000000302C00003D0000002073000075
:1047F80020487A0020732020000000002073200049
:104808006D2F73002073202020000000206D2F736F
:1048180000000000206D2F7320200000206D2F73F2
:1048280032000000206D2F7320000000730000008C
:1048380020204A20200000007465737465203132FE
:1048480000000000202020202025303475206D73C2
:1048580020204F4B0000000020202020202530344D
:104868007520732020204F4B0000000053303D205E
:104878000000000053313D200000000053323D206D
:104888000000000053333D200000000053343D2059
:10489800000000002530336400000000253164006A
:1048A8004D554C544943524F4E4F4D4554524F204D
:1048B8000000000020202056455253C34F20312EBF
:1048C800302020200000000046312D745F2530354F
:1048D800752E435356000000302C313B25660A00E4
:1048E800302C323B25660A00302C333B25660A0003
:1048F800302C343B25660A00312C323B25660A00F1
:10490800322C333B25660A00332C343B25660A00DB
:1049180046312D566D5F253035752E4353560000B0
:1049280046322D745F253035752E435356000000EE
:1049380046352D745F253035752E435356000000DB
:1049480046322D742D566D5F253035752E435356DE
:104958000000000046352D742D565F615F25303507
:10496800752E43535600000046392D742D566D5F41
:10497800253035752E435356000000004631322D40
:10498800742D566D5F45635F253035752E4353563C
:104998000000000025663B25660A000025663B25C9
:1049A800663B25660A00000046332D745F253035C6
:1049B800752E4353560000004631302D745F253064
:1049C80035752E435356000025643B25660A0000C2
:1049D80046342D745F253035752E4353560000003C
:1049E80046362D745F253035752E4353560000002A
:1049F80046342D665F253035752E4353560000002A
:104A080046362D665F253035752E43535600000017
:104A180046372D742D53305F253035752E43535648
:104A28000000000046382D742D53305F2530357551
:104A38002E4353560000000046372D742D53315F26
:104A4800253035752E4353560000000046382D7426
:104A58005F53315F253035752E43535600000000F3
:104A680056616C6F7220416425752020206C656941
:104A7800747572613D257520202053616C766F3DF9
:104A88002025752020696E64657820257520206EA4
:104A9800756D4D61782025750A0000004461646FCA
:104AA80073414425755F253035752E4353560000F4
:104AB80025753B252E32663B6B50610A00000000CD
:104AC80025753B252E32663BB0630A0025753B25CC
:104AD8002E32663B4E0A000025753B252E32663B7A
:104AE8006D6D48324F0A000025753B252E32663B16
:104AF8004C75780A0000000025753B252E32663B70
:104B0800560A000025753B252E32663B6D410A008A
:104B180025753B252E32663B470A000025753B2547
:104B28002E32663B4C2F6D696E0A000025322E32FC
:104B3800666B50610000000025322E3166B06300BC
:104B4800252E32664E000000252E32666D6D4832E5
:104B58004F202000252E32664C757800252E3266AF
:104B680056000000252E32666D410000252E326663
:104B780047000000252E32664C2F6D696E0000003C
:104B8800205330002053313E0000000053303E00D7
:104B980053303C0053313E0020202000232D302B81
:104BA80020000000686C4C006566674546470000B9
:104BB800303132333435363738394142434445464B
:104BC800000000003031323334353637383961620D
:104BD8006364656600000000000000000102030431
:104BE8000000000000000000010203040607080995
:104BF80035330008393300085133000805340008FC
:104C08009933000800061016000610160103050760
:104C1800090E10121416181C1E00000043554541B9
:104C28004141414345454549494941414592924F92
:104C38004F4F5555594F554F9C4F9E9F41494F5582
:104C4800A5A5A6A7A8A9AAABACADAEAFB0B1B2B3A3
:104C5800B4414141B8B9BABBBCBDBEBFC0C1C2C3F3
:104C6800C4C54141C8C9CACBCCCDCECFD1D14545A9
:104C78004549494949D9DADBDCDD49DF4FE14F4F86
:104C88004F4FE6E8E85555555959EEEFF0F1F2F374
:104C9800F4F5F6F7F8F9FAFBFCFDFEFF7D1D0100BF
:104CA800632C001E9601A01E5A01001F0806101F43
:104CB8000606201F0806301F0806401F0606511F5B
:104CC8000700591F521F5B1F541F5D1F561F5F1F90
:104CD800601F0806701F0E00BA1FBB1FC81FC91F20
:104CE800CA1FCB1FDA1FDB1FF81FF91FEA1FEB1FB4
:104CF800FA1FFB1F801F0806901F0806A01F080642
:104D0800B01F0400B81FB91FB21FBC1FCC1F010081
:104D1800C31FD01F0206E01F0206E51F0100EC1F9B
:104D2800F21F0100FC1F4E210100322170211002E8
:104D3800842101008321D0241A05302C2F04602CF3
:104D48000201672C0601752C0201802C6401002DDC
:104D5800260841FF1A03000061001A03E000170348
:104D6800F8000703FF00010078010001300132015B
:104D78000601390110014A012E017901060180015D
:104D88004D00430281018201820184018401860170
:104D98008701870189018A018B018B018D018E01B1
:104DA8008F0190019101910193019401F6019601FF
:104DB8009701980198013D029B019C019D012002E9
:104DC8009F01A001A001A201A201A401A401A601C2
:104DD800A701A701A901AA01AB01AC01AC01AE0171
:104DE800AF01AF01B101B201B301B301B501B50122
:104DF800B701B801B801BA01BB01BC01BC01BE01D1
:104E0800F701C001C101C201C301C401C501C40148
:104E1800C701C801C701CA01CB01CA01CD011001F0
:104E2800DD0101008E01DE011201F3010300F10131
:104E3800F401F401F8012801220212013A020900E2
:104E4800652C3B023B023D02662C3F0240024102B8
:104E5800410246020A0153024000810186015502BF
:104E680089018A0158028F015A0290015C025D0291
:104E78005E025F02930161026202940164026502AC
:104E880066026702970196016A02622C6C026D0243
:104E98006E029C01700271029D01730274029F01EF
:104EA80076027702780279027A027B027C02642C0D
:104EB8007E027F02A60181028202A9018402850284
:104EC80086028702AE014402B101B20145028D0299
:104ED8008E028F0290029102B7017B030300FD034B
:104EE800FE03FF03AC0304008603880389038A03D7
:104EF800B1031103C2030200A303A303C4030803FD
:104F0800CC0303008C038E038F03D8031801F2032C
:104F18000A00F903F303F403F503F603F703F703B1
:104F2800F903FA03FA03300420035004100760045D
:104F380022018A043601C1040E01CF040100C00415
:104F4800D00444016105260400000000C700FC00ED
:104F5800E900E200E400E000E500E700EA00EB0019
:104F6800E800EF00EE00EC00C400C500C900E60050
:104F7800C600F400F600F200FB00F900FF00D600BE
:104F8800DC00F800A300D800D7009201E100ED0092
:104F9800F300FA00F100D100AA00BA00BF00AE0089
:104FA800AC00BD00BC00A100AB00BB009125922560
:104FB800932502252425C100C200C000A90063254D
:104FC800512557255D25A200A50010251425342557
:104FD8002C251C2500253C25E300C3005A25542513
:104FE80069256625602550256C25A400F000D000B1
:104FF800CA00CB00C8003101CD00CE00CF00182573
:105008000C2588258425A600CC008025D300DF0048
:10501800D400D200F500D500B500FE00DE00DA00AD
:10502800DB00D900FD00DD00AF00B400AD00B10029
:105038001720BE00B600A700F700B800B000A8000F
:10504800B700B900B300B200A025A000010000001D
:10505800F0000000F4031100020001000100150037
:105068000300020002001F000400030003002900DF
:1050780005000400040033000600050005003D009B
:105088000700060006004800080007000700520055
:105098000900080008005C000A0009000900630014
:1050A80084030A0064000B000C000B000B000C00CA
:1050B8000D000C000C000D000E000D000D000E0080
:1050C8000F000E000E000F0064000F0064001500B2
:1050D8001600150015001600640016006400330061
:1050E800340033003300340064003400640064008A
:1050F800000064009600AA006A006E009C006E0022
:105108009700960096006E009800970097006E0032
:105118009900980098006E009A00990099006E0016
:105128009B009A009A006E009C009B009B006E00FA
:1051380096009C00B0006E00AB00AA00AA006E00AA
:10514800AC00AB00AB006E00AD00AC00AC006E0074
:10515800AE00AD00AD006E00AF00AE00AE006E0058
:10516800B000AF00AF006E00AA00B00064005B00A2
:105178005C005B0009005C0064005C001200110028
:105188001300110095006E0095009500A9006E00AF
:10519800A900A9002602F9010100F801C201D601FF
:1051A8006A009A0129026A002702260226026A007A
:1051B8002802270227026A002902280228026A0018
:1051C80026022902E5046A00FB00FA00FA006A00D8
:1051D800E504FB00EE0202036A00C602B7036A0098
:1051E800B703B603B6036A00B603B70396006F00A9
:1051F8006A006F00FC006A00FC00FC0025026A00DF
:105208002502250263006300640063000A00860328
:10521800F403840386038603000086038403FD03E6
:105228000100F403F403FD03FE03FD03FD03FE0385
:105238006400FE03FB006A00FA00E5044900480028
:105248004A004800530052005400520052036603BB
:105258006A002A034572726F206461646F732020AC
:1052680020202020004572726F72206461746120D2
:105278002020202020004572726F722020202020DC
:10528800202020202020000053616C766F75206458
:1052980061646F7320202020005361766564206468
:1052A80061746120202020202000477561726461AC
:1052B800646F202020202020202000007265706567
:1052C80074697220202020202020463F00726570DB
:1052D8006561742020202020202020463F00726530
:1052E800706574697220202020202020463F00002D
:1052F8004558502E2046494E414C495A41444F206A
:10530800004558502E2046494E49534845442020D0
:1053180020004558502E2046494E414C495A414498
:105328004F20000020202020202020202063616EB4
:1053380063656C610020202020202020202020632D
:10534800616E63656C0020202020202020202063CF
:10535800616E63656C610000202020202053616C21
:1053680076617220202020200020202020207361D8
:10537800766520202020202020002020202067750E
:10538800616461722020202020200000496E73652E
:105398007269722070656E647269766500204E6F5E
:1053A80020466C61736820447269766520005369F1
:1053B8006E20556E6964616420666C6173680000D4
:1053C8003C202020202020202020202020202020B9
:1053D800000000003C202020202020202020202029
:1053E80020206F6B00000000000402400010000045
:1053F80000040240002000000004024000400000B9
:1054080000040240008000000609090600000000B0
:1054180000040E1F0E0E0E00000E0E0E1F0E0400CE
:105428000204000E111F11110204001F101E101F8C
:105438000D12000E1111110E0D12000E111F111177
:105448000F101010110E040C0204111111130D008D
:10545800020400040C04040E0804000E010F110FCE
:105468000204000E010F110F0204000E111F100E8E
:10547800040A000E111F100E00040A000E11110E6E
:10548800000204000E11110E0D12000E1111110E62
:10549800040A000E010F110F0D12000E010F110F5B
:1054A80000000E10110E040C416E616C6F67202015
:1054B800206469676974616C00416E616C6F672074
:1054C80020206469676974616C00416E616CF367E0
:1054D8002020206469676974616C00003C202020EA
:1054E80020202020202020202020203E0000000016
:1054F8000E0E00000000000000000000494E494365
:105508004945204558504552494D2E200053544195
:105518005254204558504552494D454E5400494E25
:105528004943494152204558504552494D2E0000A3
:10553800496E73657269722070656E64726976650A
:1055480000204E6F20466C6173682044726976654E
:10555800200053696E20556E6964616420666C6131
:1055680073680000202020202020202020202020D8
:1055780020202020000000006E616F2020202020C5
:10558800202020202073696D006E6F2020202020AD
:10559800202020202020796573006E6F2020202095
:1055A8002020202020202020736900003C2020207B
:1055B80020202020202020202020203E0000000045
:1055C8003C202020202020202020202020202020B7
:1055D80000000000202020202020206F6B202020A9
:1055E800202020200000000001000000260002000A
:1055F8000000000000000300030003000300040093
:10560800040004000400050005001600050006005B
:10561800060006000600070007000700070008004C
:1056280008000800080009000900160009000A001F
:105638000A000A000A000B000B000B000B000C000C
:105648000C000C000C000D000D0016000D000E00E3
:105658000E000E000E000F000F000F000F001000CC
:1056680010001000100011001100160011001200A7
:10567800120012001200130013001300130014008C
:1056880014001400140016001E0024001E001F0041
:1056980020001E0020001E0021001E002100220004
:1056A8002400160024002500160016001700160016
:1056B800170017001800170018001A001D001B001B
:1056C8001A001A001D001A00190019001B00190001
:1056D8001C001C001E001C002600010027002800DA
:1056E8002800260028002900290028002A0029006F
:1056F8002A00290026002A0027000100270026008A
:105708000000000000000000000000000000000091
:105718000000000000000000000000000000000081
:105728000000000000000000000000000000000071
:105738000000000000000000000000000000000061
:105748003C202020202020202020202020204F4BDB
:10575800003C202020202020202020202020204F16
:105768004B003C202020202020202020202020200A
:105778004F4B000043616C69622E2050616472E3F4
:105788006F202020005374616E646172642063612D
:105798006C69622E200043616C69622E2045737427
:1057A800E16E646172200000496E73697261205372
:1057B8003020202020204F4B004171756920202087
:1057C800496E64696361646F720041717569202074
:1057D80020496E64696361646F7200004D61696F8E
:1057E80072205072657373E36F2020200047726542
:1057F800617465722070726573737572650050729A
:10580800657369F36E206DE17320616C7461004DFE
:1058180061696F722054656D7065726174752000DE
:10582800477265617465722054656D706572617444
:105838000054656D702E206DE17320616C746120D9
:1058480020004D61696F7220466F72E76120313028
:105858004E20004772656174657220466F726365F9
:105868002020200054656D702E206DE17320616C3E
:1058780074612020004D61696F72205072657373E6
:10588800E36F204469004772656174657220507245
:105898006573732044690050726573732032353024
:1058A8002020616C746120004D61696F72204C7515
:1058B8006D696E6F736964610047726561746572C2
:1058C800204272696768742020004272696C6C6FAC
:1058D800206D617320616C746120004D61696F7285
:1058E8002054656E73E36F2032305600477265614D
:1058F80074657220566F6C74203230560054656E91
:105908007369F36E2032305620616C7461004D610A
:10591800696F722049203230306D412020200047C5
:105928007265617465722049203230306D41200003
:1059380049203230306D41206DE17320616C746113
:10594800004D61696F7220492032306D412020205E
:1059580020004772656174657220492032306D41BC
:10596800202000492032306D41206DE17320616CA8
:10597800746120004D61696F722043616D706F2002
:105988004D6167200047726561746572204D6167DB
:105998006E657469630043616D706F204D616720A7
:1059A800616C746F2020004D61696F7220466C75C0
:1059B800786F20202020200047726561746572206E
:1059C800466C6F772020202000466C756A6F206D2A
:1059D800E17320616C746F20200000004D656E6FCC
:1059E80072205072657373E36F202020004C6F772C
:1059F800657220707265737375726520200050722D
:105A0800657369F36E206DE1732062616A61004D10
:105A1800656E6F722054656D7065726174752000D3
:105A28004C6F7765722054656D706572617475206E
:105A38000054656D702E206DE1732062616A6120EB
:105A480020004D656E6F7220466F72E7612031301D
:105A58004E20004C6F77657220466F726365202078
:105A680020202000467565727A61206DE1732062FE
:105A7800616A6120004D656E6F72205072657373A4
:105A8800E36F204469004C6F77657220507265732C
:105A98007375726520440050726573732032353017
:105AA800202062616A6120004D656E6F72204C751E
:105AB8006D696E6F73696461004C6F77657220421F
:105AC80072696768746E657373004272696C6C6F93
:105AD800206D61732062616A6F20004D656E6F7280
:105AE8002054656E73E36F20323056004C6F776533
:105AF8007220566F6C742032305620200054656E28
:105B08007369F36E203230562062616A61004D6518
:105B18006E6F722049203230306D41202020004CB9
:105B28006F7765722049203230306D412020200087
:105B380049203230306D41206DE1732062616A6125
:105B4800004D656E6F7220492032306D4120202053
:105B580020004C6F77657220492032306D4120203B
:105B6800202000492032306D41206DE173206261B0
:105B78006A6120004D656E6F722043616D706F2001
:105B88004D616720004C6F776572204D6167204634
:105B980069656C64200043616D706F204D616720FA
:105BA80062616A6F2020004D656E6F7220466C75C9
:105BB800786F2020202020004C6F77657220466C7B
:105BC8006F7720202020202000466C756A6F206D9A
:105BD800E1732062616A6F2020000000416A7573DA
:105BE8007461205072657373616F20200041646A8C
:105BF8007573742070726573737572652000416ADD
:105C080075737461205072657373696F6E200041FB
:105C18006A757374612054656D70313530202000C9
:105C280041646A757374202054656D703135302075
:105C380000416A757374612054656D703135302088
:105C48002000416A7573746120466F72E7612031E4
:105C5800304E0041646A7573742020466F72636524
:105C680020202000416A7573746120467565727A38
:105C78006161202000416A75737461205072654427
:105C880069663235300041646A202050726573734A
:105C980075726520446900416A7573746120507299
:105CA8006544696620202000416A7573204C756D33
:105CB800696E6F73696461640041646A202042728E
:105CC800696768746E6573732000416A75737461DF
:105CD800204272696C6C6F20202000416A75732025
:105CE80054656E73E36F20323056200041646A2099
:105CF80020566F6C742032305620202000416A757F
:105D0800732054656E7369F36E2032305600416A11
:105D1800757374612049203230306D412020004174
:105D2800646A7573742049203230306D4120200038
:105D3800416A757374612049203230306D412020EA
:105D480000416A7573746120492032306D4120200A
:105D5800200041646A75737420492032306D4120F7
:105D6800202000416A7573746120492032306D41EA
:105D780020202000416A75732043616D706F204DAB
:105D8800616720200041646A757374204D61672043
:105D98004669656C6400416A757374612043616D7E
:105DA800706F204D616700416A7573746120466C9D
:105DB80075786F202020200041646A757374202054
:105DC800466C6F772020202000416A75737461202B
:105DD800466C756A6F2020202000000050726573A1
:105DE80073E36F20202020F0FF204F4B0050657395
:105DF8007375726520202020F0FF204F4B005072F1
:105E0800657369F36E20202020F0FF204F4B00546B
:105E1800656D7020313530202020F0FF204F4B0079
:105E280054656D7020313530202020F0FF204F4B15
:105E38000054656D7020313530202020F0FF204F50
:105E48004B00466F72E7612031304E2020F0FF2072
:105E58004F4B00466F7263652031304E2020F0FFB3
:105E6800204F4B00467565727A612031304E20F024
:105E7800FF204F4B00507265446966323530202050
:105E8800F0FF204F4B004469665072653235302070
:105E980020F0FF204F4B0050726544696632353060
:105EA8002020F0FF204F4B004C756D696E6F7369B1
:105EB800646120F0FF204F4B0042726967687420CC
:105EC80020202020F0FF204F4B004272696C6C6F3D
:105ED8002020202020F0FF204F4B0054656E73E3F4
:105EE8006F2032305620F0FF204F4B00566F6C74F5
:105EF80032305620202020F0FF204F4B0054656E92
:105F08007332305620202020F0FF204F4B00436F83
:105F180072723230306D412020F0FF204F4B004329
:105F28007572723230306D412020F0FF204F4B00E7
:105F3800436F72723230306D412020F0FF204F4B9A
:105F480000436F727232306D41202020F0FF204FE5
:105F58004B004375727232306D41202020F0FF20D3
:105F68004F4B00436F727232306D41202020F0FF9A
:105F7800204F4B004D61676EE97469636F2020F014
:105F8800FF204F4B004D61676E65746963202020C8
:105F9800F0FF204F4B004D61676EE97469636F2015
:105FA80020F0FF204F4B00466C75786F2020202092
:105FB8002020F0FF204F4B00466C6F7720202020D8
:105FC800202020F0FF204F4B00466C756A6F202080
:105FD80020202020F0FF204F4B0000004572726FF8
:105FE800206461646F73205334202020004572724E
:105FF8006F72206461746120533420202000457240
:10600800726F72205334202020202020202000008E
:106018004572726F206461646F73205333202020AF
:10602800004572726F7220646174612053332020BE
:1060380020004572726F72205333202020202020C8
:10604800202000004572726F206461646F732053D2
:1060580032202020004572726F72206461746120C2
:106068005332202020004572726F72205332202054
:1060780020202020202000004572726F2064616477
:106088006F73205331202020004572726F72206494
:10609800617461205331202020004572726F722094
:1060A8005331202020202020202000004572726FCC
:1060B800206461646F732053302020200045727281
:1060C8006F72206461746120533020202000457273
:1060D800726F7220533020202020202020200000C2
:1060E80053616C766F75206461646F73205334203C
:1060F8000053617665642064617461205334202004
:106108002000477561726461646F20533420202039
:106118002020000053616C766F75206461646F7392
:1061280020533320005361766564206461746120D4
:10613800533320202000477561726461646F2053D7
:10614800332020202020000053616C766F75206476
:1061580061646F7320533220005361766564206454
:106168006174612053322020200047756172646198
:10617800646F2053322020202020000053616C7669
:106188006F75206461646F7320533120005361760A
:1061980065642064617461205331202020004775B4
:1061A80061726461646F2053312020202020000038
:1061B80053616C766F75206461646F73205330206F
:1061C8000053617665642064617461205330202037
:1061D8002000477561726461646F2053302020206D
:1061E8002020000053656C6563696F6E6520533429
:1061F800202020200053656C6563742053342020D0
:1062080020202020200053656C656363696F6E65EC
:10621800205334202020000053656C6563696F6E3D
:1062280065205333202020200053656C656374205B
:106238005333202020202020200053656C656363A1
:10624800696F6E65205333202020000053656C650C
:1062580063696F6E65205332202020200053656CDF
:1062680065637420533220202020202020005365AD
:106278006C656363696F6E652053322020200000CF
:1062880053656C6563696F6E65205331202020204B
:106298000053656C65637420533120202020202032
:1062A800200053656C656363696F6E652053312008
:1062B800202000003C202020436F6E636C75ED6445
:1062C8006F20203E003C202020436F6E636C756475
:1062D800656420203E003C202020436F6E636C756F
:1062E80069646F20203E00003C20202020566F6CFF
:1062F800746172202020203E003C2020202052651E
:106308007475726E202020203E003C2020202056EC
:106318006F6C766572202020203E00005665722042
:10632800566F6C74617220506172617200536565BA
:106338002052657475726E202053746F7000566514
:106348007220566F6C7665722053746F700000006F
:106358003C20202043616E63656C61722020203EE2
:10636800003C2020202043616E63656C20202020A3
:106378003E003C20202043616E63656C6120202034
:10638800203E00003C20202020506175736172205F
:106398002020203E003C202020205061757365207D
:1063A800202020203E003C20202020506175736171
:1063B80020202020203E00007265706574697220DC
:1063C80020202020736169720072657065617420F5
:1063D80020202020207175697400726570657469C9
:1063E800722020202073616C6972000053616C7602
:1063F800616E646F204461646F732020005361767E
:10640800696E672044617461202020202000477550
:10641800617264616E646F204461746F7320000060
:1064280053616C766172204461646F733F20202051
:10643800005361766520446174613F20202020204C
:10644800200047756172646172204461746F733F04
:10645800202000005072F378696D6F2053656E73C9
:106468006F723F20004E6578742053656E736F72AB
:106478003F20202020005072F378696D6F2053650B
:106488006E736F723F20000054656D706F206465F5
:1064980020456E7361696F20004578706572696583
:1064A8006E63652054696D6520005469656D706F71
:1064B80020646520507275656261000054656D70D6
:1064C8006F20416D6F7374726167656D0053616D04
:1064D800706C652054696D65202020202000546967
:1064E800656D706F204D7565737472656F2000005F
:1064F80053656C6563696F6E6520533020202020DA
:106508000053656C656374205330202020202020C0
:10651800200053656C656363696F6E652053302096
:106528002020000041717569202043616C202020E3
:10653800496E64690041717569202043616C2020AF
:1065480020496E64690041717569202043616C209F
:106558002020496E646900004D6F646F20646520D7
:106568004F70657261E7E36F004F7065726174691F
:106578006F6E206D6F64652020006D6F646F2064FE
:1065880065206F7065726163696F0000000000002C
:10659800963007772C610EEEBA51099919C46D0728
:1065A8008FF46A7035A563E9A395649E3288DB0E83
:1065B800A4B8DC791EE9D5E088D9D2972B4CB60966
:1065C800BD7CB17E072DB8E7911DBF906410B71D43
:1065D800F220B06A4871B9F3DE41BE847DD4DA1A7C
:1065E800EBE4DD6D51B5D4F4C785D38356986C13AD
:1065F800C0A86B647AF962FDECC9658A4F5C011426
:10660800D96C0663633D0FFAF50D088DC8206E3B03
:106618005E10694CE44160D5727167A2D1E4033C15
:1066280047D4044BFD850DD26BB50AA5FAA8B5353C
:106638006C98B242D6C9BBDB40F9BCACE36CD8322B
:10664800755CDF45CF0DD6DC593DD1ABAC30D926D2
:106658003A00DE518051D7C81661D0BFB5F4B421D5
:1066680023C4B3569995BACF0FA5BDB89EB80228D2
:106678000888055FB2D90CC624E90BB1877C6F2F57
:10668800114C6858AB1D61C13D2D66B69041DC7652
:106698000671DB01BC20D2982A10D5EF8985B1712B
:1066A8001FB5B606A5E4BF9F33D4B8E8A2C90778DA
:1066B80034F9000F8EA8099618980EE1BB0D6A7F71
:1066C8002D3D6D08976C6491015C63E6F4516B6B2A
:1066D80062616C1CD83065854E0062F2ED95066CDF
:1066E8007BA5011BC1F4088257C40FF5C6D9B06554
:1066F80050E9B712EAB8BE8B7C88B9FCDF1DDD62B1
:10670800492DDA15F37CD38C654CD4FB5861B24D16
:10671800CE51B53A7400BCA3E230BBD441A5DF4AE0
:10672800D795D83D6DC4D1A4FBF4D6D36AE96943A3
:10673800FCD96E34468867ADD0B860DA732D04444E
:10674800E51D03335F4C0AAAC97C0DDD3C71055079
:10675800AA41022710100BBE86200CC925B5685720
:10676800B3856F2009D466B99FE461CE0EF9DE5E69
:1067780098C9D9292298D0B0B4A8D7C7173DB3591A
:10678800810DB42E3B5CBDB7AD6CBAC02083B8EDAB
:10679800B6B3BF9A0CE2B6039AD2B1743947D5EAB8
:1067A800AF77D29D1526DB048316DC73120B63E3E7
:1067B800843B64943E6A6D0DA85A6A7A0BCF0EE446
:1067C8009DFF099327AE000AB19E077D44930FF001
:1067D800D2A3088768F2011EFEC206695D5762F7F8
:1067E800CB67658071366C19E7066B6E761BD4FE35
:1067F800E02BD3895A7ADA10CC4ADD676FDFB9F912
:10680800F9EFBE8E43BEB717D58EB060E8A3D6D6D3
:106818007E93D1A1C4C2D83852F2DF4FF167BBD101
:106828006757BCA6DD06B53F4B36B248DA2B0DD804
:106838004C1B0AAFF64A0336607A0441C3EF60DFA7
:1068480055DF67A8EF8E6E3179BE69468CB361CB90
:106858001A8366BCA0D26F2536E2685295770CCCB5
:1068680003470BBBB91602222F260555BE3BBAC5F6
:10687800280BBDB2925AB42B046AB35CA7FFD7C2E7
:1068880031CFD0B58B9ED92C1DAEDE5BB0C2649BD8
:1068980026F263EC9CA36A750A936D02A906099C0B
:1068A8003F360EEB8567077213570005824ABF957E
:1068B800147AB8E2AE2BB17B381BB60C9B8ED29201
:1068C8000DBED5E5B7EFDC7C21DFDB0BD4D2D38658
:1068D80042E2D4F1F8B3DD686E83DA1FCD16BE81CB
:1068E8005B26B9F6E177B06F7747B718E65A08889C
:1068F800706A0FFFCA3B06665C0B0111FF9E658F2D
:1069080069AE62F8D3FF6B6145CF6C1678E20AA0D6
:10691800EED20DD75483044EC2B30339612667A75C
:10692800F71660D04D476949DB776E3E4A6AD1AEAB
:10693800DC5AD6D9660BDF40F03BD83753AEBCA93A
:10694800C59EBBDE7FCFB247E9FFB5301CF2BDBDA7
:106958008AC2BACA3093B353A6A3B4240536D0BAB0
:106968009306D7CD2957DE54BF67D9232E7A66B34D
:10697800B84A61C4021B685D942B6F2A37BE0BB4FA
:10698800A18E0CC31BDF055A8DEF022D204C4152FE
:10699800474F2044454C204F424A2E20000000001B
:1069A80064652066756E63696F6E65732E2020209E
:1069B800000000006578697374656E2031322074B8
:1069C80069706F7300000000792070726573696FD9
:1069D8006E65206F6B2E2E20000000004573636FDC
:1069E8006A6120202066756E63696F6E0000000082
:1069F80074332C343A00000074322C333A0000000F
:106A080074312C323A00000074302C343A00000003
:106A180074302C333A00000074302C323A000000F5
:106A280074302C313A0000006D6D202020206F6BEF
:106A3800003C000046313020207420206D616E75C6
:106A4800616C202000000000463920565320327324
:106A5800656E7341636F757300000000204F424AF2
:106A680045435420204C454E475448200000000020
:106A7800646966666572656E742074797065732ED4
:106A8800000000007468657265206172652031320B
:106A98002020202000000000616E64207072657361
:106AA80073206F6B2E2E20200000000043686F6F4C
:106AB80073652066756E6374696F6E200000000050
:106AC80074332C343A00000074322C333A0000003E
:106AD80074312C323A00000074302C343A00000033
:106AE80074302C333A00000074302C323A00000025
:106AF80074302C313A0000006D6D202020206F6B1F
:106B0800003C000046313020207420206D616E75F5
:106B1800616C202000000000463920535620324185
:106B2800636F757353656E730000000045633D0025
:106B3800204D4153534120444F204F424A2E20209C
:106B48000020204F424A45435420204D41535320B2
:106B58002000204D415341202044454C204F424ABB
:106B68002E200000434F4D5052494D2E20444F20B7
:106B78004F424A2E00000000463132202045632053
:106B88005472616E736C2E200046313220204563AA
:106B9800205472616E736C2E2000463132202045DD
:106BA80063205472616E736C2E2000002020202018
:106BB80020202020202020207361697200202020BE
:106BC800202020202020202020717569740020209A
:106BD80020202020202020202073616C6972000072
:106BE8004631312074657374652073656E736F72F6
:106BF800004631312073656E736F7220746573744B
:106C080020004631312020707275656261207365FD
:106C18006E730000743A53302020743A53312020A8
:106C28007361697200743A53302020743A533120EA
:106C3800207175697400743A53302020743A5331C6
:106C48002073616C6972000056663D0061203D004A
:106C5800207420202066726571202020736169727B
:106C680000207420202066726571202020717569CB
:106C78007400207420202066726571202073616C76
:106C880069720000566D3D00743D00002020646567
:106C98002066756E636F65732E202020000000004B
:106CA8006578697374656D203132207469706F730B
:106CB8000000000065207072657373696F6E65204F
:106CC8006F6B2E2E000000006573636F6C68612087
:106CD800612066756E63616F00000000566D332C8D
:106CE800343A0000566D322C333A0000566D312C80
:106CF800323A0000566D302C343A0000566D302C74
:106D0800333A0000566D302C323A0000566D302C64
:106D1800313A000074332C343A00000074322C33BA
:106D28003A00000074312C323A00000074302C34E0
:106D38003A00000074302C333A00000074302C32D2
:106D48003A00000074302C313A00000020742020F2
:106D580020202020202020207361697200207420C8
:106D680020202020202020202071756974002074A4
:106D780020202020202020202073616C69720000D0
:106D880020742020202076656C2020207361697291
:106D98000020742020202076656C202020717569E1
:106DA800740020742020202076656C202073616C8C
:106DB800697200002020524553554C5441444F28D5
:106DC8005329202000202020524553554C54285345
:106DD80029202020200020524553554C5441444F2F
:106DE80028532920202000003C2020202053616CBB
:106DF800766172202020463F003C202020207361CD
:106E080076652020202020463F003C202020677502
:106E18006164617220202020463F00007665722060
:106E280020726570657469722020203E0073656564
:106E38002020726570656174202020203E007665F0
:106E4800722020726570657469722020203E0000EF
:106E58004558502E2046494E414C495A41444F20EE
:106E6800004558502E2046494E4953484544202055
:106E780020004558502E2046494E414C495A41441D
:106E88004F200000743D00002020202020202020DA
:106E98002063616E63656C61002020202020202023
:106EA80020202063616E63656C0020202020202054
:106EB80020202063616E63656C610000494E494380
:106EC8004945204558504552494D2E2000535441BC
:106ED8005254204558504552494D454E5400494E4C
:106EE8004943494152204558504552494D2E0000CA
:106EF800496E74657276616C6F733A203161313016
:106F080000496E74657276616C733A2031746F3122
:106F18003000496E74657276616C6F733A20316126
:106F2800313000006420656E747265206D69632ECF
:106F3800202020200064206265747765656E206DCE
:106F48006963202020006420656E747265206D6975
:106F58006320202020200000203120202020202015
:106F68002020202020313020000000004E756D2E9A
:106F780020496E74657276616C6F7320004E756D72
:106F8800622E20496E74657276616C7320004E75AE
:106F98006D2E20496E74657276616C6F73200000E7
:106FA8006420656E7472652053302065205331006B
:106FB8000064206265747765656E434F494C2D53B4
:106FC80030006420656E74726520626F62207920DB
:106FD800533000004C41524755524120444F204FF6
:106FE800424A2E20004F424A4543542057494454B0
:106FF800482020202000414E434855524120444516
:107008004C204F424A2E0000494E534552495220C7
:107018004C4152475552413F00494E534552542026
:107028005749445448203F202000494E5345525464
:10703800415220414E434855524100002032202001
:1070480020202020202020202020352000000000A3
:107058004E6F2E2064652073656E736F7265733F83
:10706800004E6F2E2053454E534F5253203F202041
:1070780020004E6F2E2064652073656E736F7265F5
:10708800733F00006420656E74726520533020657C
:1070980020533420006420206265747765656E2073
:1070A80053302D533400642020656E74726520536C
:1070B80030207920533400006420656E7472652096
:1070C8005330206520533320006420206265747794
:1070D80065656E2053302D533300642020656E742F
:1070E8007265205330207920533300006420656E88
:1070F80074726520533020652053322000642020AC
:107108006265747765656E2053302D5332006420B4
:1071180020656E7472652053302079205332000048
:107128006D6D202020206F6B000000003C000000E7
:107138006420656E747265205330206520533120B9
:10714800006420206265747765656E2053302D5386
:107158003100642020656E747265205330207920D8
:1071680053310000206E616F202020202020202035
:1071780073696D2000206E6F2020202020202020A1
:10718800207965732000206E6F2020202020202089
:107198002020207369200000494E5345524952204F
:1071A800444953542E3F202000494E534552542001
:1071B80044495354414E43453F00494E5345525468
:1071C800415220444953542E203F0000463130207C
:1071D800207420206D616E75616C20200000000015
:1071E8004639205620536F6D203273656E734163A4
:1071F8000000000046382043686F712D456C7320ED
:107208003273656E00463820456C732D636F6C6C65
:107218006973696F6E0046382043686F712D456C3D
:1072280073203273656E000046372043686F712DF6
:10723800496E6C203273656E00463720496E652DA5
:10724800636F6C6C6973696F6E0046372043686FB3
:10725800712D496E65203273656E00004636204DEB
:1072680043697263756C61723173656E00463620CE
:10727800432E4D6F74696F6E203173656E0046360C
:10728800204D43697263756C61723173656E0000DD
:1072980046352020426F62206520312073656E7369
:1072A800004635202020436F696C20312073656EBD
:1072B800730046352020426F6220792031207365A3
:1072C8006E73000046342050656E642F4D4853207D
:1072D8003173656E0046342050656E642F53484DF7
:1072E800203173656E0046342050656E642F4D481A
:1072F80053203173656E00004633202031307061B1
:107308007373203173656E730046332020313070FB
:10731800617373203173656E7300463320203130FA
:107328007061736F203173656E73000046322020E0
:10733800566D2020312073656E736F720000000057
:10734800463120203220612020352073656E73205D
:107358000046312020203220746F20352073656E5E
:1073680073004631202020203220612035207365AB
:107378006E73000020202052656D6F76696461206D
:10738800202020000020202052656D6F76656465FE
:107398006420202020002020202052656D6F746F0B
:1073A8002020202020000000202020496E736572D4
:1073B800696461202020200000202020496E736528
:1073C8007274656420202020200020202020496E2F
:1073D8007365727461646F202000000020202050C3
:1073E800656E2044726976652020202000202020C8
:1073F800466C6173682044726976652020002020FD
:10740800202050656E4472697665202020000000B7
:107418003C20202020202020204B672020206F6B3C
:10742800000000003C202020202020206D6D20201E
:1074380020206F6B000000003C2020202020206FBF
:107448006B2020202020203E000000003C2020202F
:10745800202020202020202020206F6B000000000A
:10746800202020202020206F6B202020202020207A
:107478000000000066756E63616F20202020206187
:107488006A7564610046756E6374696F6E202020AA
:107498002068656C700046756E63696F6E202020E9
:1074A80020617975646100004553434F4C48412081
:1074B800412046554E43414F002053454C454354C7
:1074C8002046554E4354494F4E004553434F4A4179
:1074D80020202046554E43494F4E0000204D554C24
:1074E800544946554E43494F4E414C2000202020D8
:1074F8002054494D45522020202020202000204D96
:10750800554C544946554E4354494F4E414C000042
:107518002A2A2043524F4E4F4D4554524F202A2A73
:10752800004D554C544946554E4354494F4E414CD5
:1075380020002A2A2043524F4E4F4D4554524F2087
:107548002A2A0000506F72742020456E6720202080
:107558004573702000000000204944494F4D412FD9
:107568004C414E47554147450000000020455132E7
:10757800323845202076792E313320200000000053
:10758800202A2A2A20434944455045202A2A2A20CD
:0475980000000000EF
:08759C00A492FE7F0100000033
:0475A40029020008B0
:0475A80001020008D4
:1075AC000400002000000000AC01002014020020A8
:1075BC007C02002000000000000000000000000021
:1075CC0000000000000000000000000000000000AF
:1075DC00000000000000000000000000000000009F
:1075EC00000000000000000000000000000000008F
:1075FC000000000003000000AC0100200024F40097
:10760C0001000000100000003043010808000000D9
:10761C00F1A50008A1A500082FA500088BA2000861
:10762C0087A2000800000000010000000800000014
:10763C000AD7A33DFF000000E3000000A05401089E
:10764C00FF000000F500000090540108FF0000004E
:10765C00E7000000A8540108FF000000E100000052
:10766C0068540108FF000000E000000060540108AD
:10767C00FF000000E900000070540108FF0000004A
:10768C00ED00000058540108FF000000F30000005A
:10769C0088540108FF000000E20000009854010823
:1076AC00FF000000EA00000078540108FF00000011
:1076BC00F400000080540108FF000000FA000000F4
:1076CC0050540108FF000000C300000040540108A2
:1076DC00FF000000D500000038540108FF00000036
:1076EC00C700000048540108FF000000C100000062
:1076FC0028540108FF000000C900000030540108A4
:10770C00FF000000F000000020540108FF00000002
:10771C00FF00000018540108FF000000B00000003A
:08772C0010540108FF000000E9
:040000050801428D1F
:00000001FF
