ARM GAS  /tmp/ccsyczyn.s 			page 1


   1              		.cpu cortex-m4
   2              		.arch armv7e-m
   3              		.fpu fpv4-sp-d16
   4              		.eabi_attribute 27, 1
   5              		.eabi_attribute 28, 1
   6              		.eabi_attribute 20, 1
   7              		.eabi_attribute 21, 1
   8              		.eabi_attribute 23, 3
   9              		.eabi_attribute 24, 1
  10              		.eabi_attribute 25, 1
  11              		.eabi_attribute 26, 1
  12              		.eabi_attribute 30, 1
  13              		.eabi_attribute 34, 1
  14              		.eabi_attribute 18, 4
  15              		.file	"stm32f4xx_hal_hcd.c"
  16              		.text
  17              	.Ltext0:
  18              		.cfi_sections	.debug_frame
  19              		.file 1 "Drivers/STM32F4xx_HAL_Driver/Src/stm32f4xx_hal_hcd.c"
  20              		.section	.text.HCD_RXQLVL_IRQHandler,"ax",%progbits
  21              		.align	1
  22              		.syntax unified
  23              		.thumb
  24              		.thumb_func
  26              	HCD_RXQLVL_IRQHandler:
  27              	.LVL0:
  28              	.LFB242:
   1:Drivers/STM32F4xx_HAL_Driver/Src/stm32f4xx_hal_hcd.c **** /**
   2:Drivers/STM32F4xx_HAL_Driver/Src/stm32f4xx_hal_hcd.c ****   ******************************************************************************
   3:Drivers/STM32F4xx_HAL_Driver/Src/stm32f4xx_hal_hcd.c ****   * @file    stm32f4xx_hal_hcd.c
   4:Drivers/STM32F4xx_HAL_Driver/Src/stm32f4xx_hal_hcd.c ****   * @author  MCD Application Team
   5:Drivers/STM32F4xx_HAL_Driver/Src/stm32f4xx_hal_hcd.c ****   * @brief   HCD HAL module driver.
   6:Drivers/STM32F4xx_HAL_Driver/Src/stm32f4xx_hal_hcd.c ****   *          This file provides firmware functions to manage the following
   7:Drivers/STM32F4xx_HAL_Driver/Src/stm32f4xx_hal_hcd.c ****   *          functionalities of the USB Peripheral Controller:
   8:Drivers/STM32F4xx_HAL_Driver/Src/stm32f4xx_hal_hcd.c ****   *           + Initialization and de-initialization functions
   9:Drivers/STM32F4xx_HAL_Driver/Src/stm32f4xx_hal_hcd.c ****   *           + IO operation functions
  10:Drivers/STM32F4xx_HAL_Driver/Src/stm32f4xx_hal_hcd.c ****   *           + Peripheral Control functions
  11:Drivers/STM32F4xx_HAL_Driver/Src/stm32f4xx_hal_hcd.c ****   *           + Peripheral State functions
  12:Drivers/STM32F4xx_HAL_Driver/Src/stm32f4xx_hal_hcd.c ****   *
  13:Drivers/STM32F4xx_HAL_Driver/Src/stm32f4xx_hal_hcd.c ****   @verbatim
  14:Drivers/STM32F4xx_HAL_Driver/Src/stm32f4xx_hal_hcd.c ****   ==============================================================================
  15:Drivers/STM32F4xx_HAL_Driver/Src/stm32f4xx_hal_hcd.c ****                     ##### How to use this driver #####
  16:Drivers/STM32F4xx_HAL_Driver/Src/stm32f4xx_hal_hcd.c ****   ==============================================================================
  17:Drivers/STM32F4xx_HAL_Driver/Src/stm32f4xx_hal_hcd.c ****   [..]
  18:Drivers/STM32F4xx_HAL_Driver/Src/stm32f4xx_hal_hcd.c ****     (#)Declare a HCD_HandleTypeDef handle structure, for example:
  19:Drivers/STM32F4xx_HAL_Driver/Src/stm32f4xx_hal_hcd.c ****        HCD_HandleTypeDef  hhcd;
  20:Drivers/STM32F4xx_HAL_Driver/Src/stm32f4xx_hal_hcd.c **** 
  21:Drivers/STM32F4xx_HAL_Driver/Src/stm32f4xx_hal_hcd.c ****     (#)Fill parameters of Init structure in HCD handle
  22:Drivers/STM32F4xx_HAL_Driver/Src/stm32f4xx_hal_hcd.c **** 
  23:Drivers/STM32F4xx_HAL_Driver/Src/stm32f4xx_hal_hcd.c ****     (#)Call HAL_HCD_Init() API to initialize the HCD peripheral (Core, Host core, ...)
  24:Drivers/STM32F4xx_HAL_Driver/Src/stm32f4xx_hal_hcd.c **** 
  25:Drivers/STM32F4xx_HAL_Driver/Src/stm32f4xx_hal_hcd.c ****     (#)Initialize the HCD low level resources through the HAL_HCD_MspInit() API:
  26:Drivers/STM32F4xx_HAL_Driver/Src/stm32f4xx_hal_hcd.c ****         (##) Enable the HCD/USB Low Level interface clock using the following macros
  27:Drivers/STM32F4xx_HAL_Driver/Src/stm32f4xx_hal_hcd.c ****              (+++) __HAL_RCC_USB_OTG_FS_CLK_ENABLE();
  28:Drivers/STM32F4xx_HAL_Driver/Src/stm32f4xx_hal_hcd.c ****              (+++) __HAL_RCC_USB_OTG_HS_CLK_ENABLE(); (For High Speed Mode)
  29:Drivers/STM32F4xx_HAL_Driver/Src/stm32f4xx_hal_hcd.c ****              (+++) __HAL_RCC_USB_OTG_HS_ULPI_CLK_ENABLE(); (For High Speed Mode)
  30:Drivers/STM32F4xx_HAL_Driver/Src/stm32f4xx_hal_hcd.c **** 
ARM GAS  /tmp/ccsyczyn.s 			page 2


  31:Drivers/STM32F4xx_HAL_Driver/Src/stm32f4xx_hal_hcd.c ****         (##) Initialize the related GPIO clocks
  32:Drivers/STM32F4xx_HAL_Driver/Src/stm32f4xx_hal_hcd.c ****         (##) Configure HCD pin-out
  33:Drivers/STM32F4xx_HAL_Driver/Src/stm32f4xx_hal_hcd.c ****         (##) Configure HCD NVIC interrupt
  34:Drivers/STM32F4xx_HAL_Driver/Src/stm32f4xx_hal_hcd.c **** 
  35:Drivers/STM32F4xx_HAL_Driver/Src/stm32f4xx_hal_hcd.c ****     (#)Associate the Upper USB Host stack to the HAL HCD Driver:
  36:Drivers/STM32F4xx_HAL_Driver/Src/stm32f4xx_hal_hcd.c ****         (##) hhcd.pData = phost;
  37:Drivers/STM32F4xx_HAL_Driver/Src/stm32f4xx_hal_hcd.c **** 
  38:Drivers/STM32F4xx_HAL_Driver/Src/stm32f4xx_hal_hcd.c ****     (#)Enable HCD transmission and reception:
  39:Drivers/STM32F4xx_HAL_Driver/Src/stm32f4xx_hal_hcd.c ****         (##) HAL_HCD_Start();
  40:Drivers/STM32F4xx_HAL_Driver/Src/stm32f4xx_hal_hcd.c **** 
  41:Drivers/STM32F4xx_HAL_Driver/Src/stm32f4xx_hal_hcd.c ****   @endverbatim
  42:Drivers/STM32F4xx_HAL_Driver/Src/stm32f4xx_hal_hcd.c ****   ******************************************************************************
  43:Drivers/STM32F4xx_HAL_Driver/Src/stm32f4xx_hal_hcd.c ****   * @attention
  44:Drivers/STM32F4xx_HAL_Driver/Src/stm32f4xx_hal_hcd.c ****   *
  45:Drivers/STM32F4xx_HAL_Driver/Src/stm32f4xx_hal_hcd.c ****   * <h2><center>&copy; Copyright (c) 2016 STMicroelectronics.
  46:Drivers/STM32F4xx_HAL_Driver/Src/stm32f4xx_hal_hcd.c ****   * All rights reserved.</center></h2>
  47:Drivers/STM32F4xx_HAL_Driver/Src/stm32f4xx_hal_hcd.c ****   *
  48:Drivers/STM32F4xx_HAL_Driver/Src/stm32f4xx_hal_hcd.c ****   * This software component is licensed by ST under BSD 3-Clause license,
  49:Drivers/STM32F4xx_HAL_Driver/Src/stm32f4xx_hal_hcd.c ****   * the "License"; You may not use this file except in compliance with the
  50:Drivers/STM32F4xx_HAL_Driver/Src/stm32f4xx_hal_hcd.c ****   * License. You may obtain a copy of the License at:
  51:Drivers/STM32F4xx_HAL_Driver/Src/stm32f4xx_hal_hcd.c ****   *                        opensource.org/licenses/BSD-3-Clause
  52:Drivers/STM32F4xx_HAL_Driver/Src/stm32f4xx_hal_hcd.c ****   *
  53:Drivers/STM32F4xx_HAL_Driver/Src/stm32f4xx_hal_hcd.c ****   ******************************************************************************
  54:Drivers/STM32F4xx_HAL_Driver/Src/stm32f4xx_hal_hcd.c ****   */
  55:Drivers/STM32F4xx_HAL_Driver/Src/stm32f4xx_hal_hcd.c **** 
  56:Drivers/STM32F4xx_HAL_Driver/Src/stm32f4xx_hal_hcd.c **** /* Includes ------------------------------------------------------------------*/
  57:Drivers/STM32F4xx_HAL_Driver/Src/stm32f4xx_hal_hcd.c **** #include "stm32f4xx_hal.h"
  58:Drivers/STM32F4xx_HAL_Driver/Src/stm32f4xx_hal_hcd.c **** 
  59:Drivers/STM32F4xx_HAL_Driver/Src/stm32f4xx_hal_hcd.c **** /** @addtogroup STM32F4xx_HAL_Driver
  60:Drivers/STM32F4xx_HAL_Driver/Src/stm32f4xx_hal_hcd.c ****   * @{
  61:Drivers/STM32F4xx_HAL_Driver/Src/stm32f4xx_hal_hcd.c ****   */
  62:Drivers/STM32F4xx_HAL_Driver/Src/stm32f4xx_hal_hcd.c **** 
  63:Drivers/STM32F4xx_HAL_Driver/Src/stm32f4xx_hal_hcd.c **** #ifdef HAL_HCD_MODULE_ENABLED
  64:Drivers/STM32F4xx_HAL_Driver/Src/stm32f4xx_hal_hcd.c **** #if defined (USB_OTG_FS) || defined (USB_OTG_HS)
  65:Drivers/STM32F4xx_HAL_Driver/Src/stm32f4xx_hal_hcd.c **** 
  66:Drivers/STM32F4xx_HAL_Driver/Src/stm32f4xx_hal_hcd.c **** /** @defgroup HCD HCD
  67:Drivers/STM32F4xx_HAL_Driver/Src/stm32f4xx_hal_hcd.c ****   * @brief HCD HAL module driver
  68:Drivers/STM32F4xx_HAL_Driver/Src/stm32f4xx_hal_hcd.c ****   * @{
  69:Drivers/STM32F4xx_HAL_Driver/Src/stm32f4xx_hal_hcd.c ****   */
  70:Drivers/STM32F4xx_HAL_Driver/Src/stm32f4xx_hal_hcd.c **** 
  71:Drivers/STM32F4xx_HAL_Driver/Src/stm32f4xx_hal_hcd.c **** /* Private typedef -----------------------------------------------------------*/
  72:Drivers/STM32F4xx_HAL_Driver/Src/stm32f4xx_hal_hcd.c **** /* Private define ------------------------------------------------------------*/
  73:Drivers/STM32F4xx_HAL_Driver/Src/stm32f4xx_hal_hcd.c **** /* Private macro -------------------------------------------------------------*/
  74:Drivers/STM32F4xx_HAL_Driver/Src/stm32f4xx_hal_hcd.c **** /* Private variables ---------------------------------------------------------*/
  75:Drivers/STM32F4xx_HAL_Driver/Src/stm32f4xx_hal_hcd.c **** /* Private function prototypes -----------------------------------------------*/
  76:Drivers/STM32F4xx_HAL_Driver/Src/stm32f4xx_hal_hcd.c **** /** @defgroup HCD_Private_Functions HCD Private Functions
  77:Drivers/STM32F4xx_HAL_Driver/Src/stm32f4xx_hal_hcd.c ****   * @{
  78:Drivers/STM32F4xx_HAL_Driver/Src/stm32f4xx_hal_hcd.c ****   */
  79:Drivers/STM32F4xx_HAL_Driver/Src/stm32f4xx_hal_hcd.c **** static void HCD_HC_IN_IRQHandler(HCD_HandleTypeDef *hhcd, uint8_t chnum);
  80:Drivers/STM32F4xx_HAL_Driver/Src/stm32f4xx_hal_hcd.c **** static void HCD_HC_OUT_IRQHandler(HCD_HandleTypeDef *hhcd, uint8_t chnum);
  81:Drivers/STM32F4xx_HAL_Driver/Src/stm32f4xx_hal_hcd.c **** static void HCD_RXQLVL_IRQHandler(HCD_HandleTypeDef *hhcd);
  82:Drivers/STM32F4xx_HAL_Driver/Src/stm32f4xx_hal_hcd.c **** static void HCD_Port_IRQHandler(HCD_HandleTypeDef *hhcd);
  83:Drivers/STM32F4xx_HAL_Driver/Src/stm32f4xx_hal_hcd.c **** /**
  84:Drivers/STM32F4xx_HAL_Driver/Src/stm32f4xx_hal_hcd.c ****   * @}
  85:Drivers/STM32F4xx_HAL_Driver/Src/stm32f4xx_hal_hcd.c ****   */
  86:Drivers/STM32F4xx_HAL_Driver/Src/stm32f4xx_hal_hcd.c **** 
  87:Drivers/STM32F4xx_HAL_Driver/Src/stm32f4xx_hal_hcd.c **** /* Exported functions --------------------------------------------------------*/
ARM GAS  /tmp/ccsyczyn.s 			page 3


  88:Drivers/STM32F4xx_HAL_Driver/Src/stm32f4xx_hal_hcd.c **** /** @defgroup HCD_Exported_Functions HCD Exported Functions
  89:Drivers/STM32F4xx_HAL_Driver/Src/stm32f4xx_hal_hcd.c ****   * @{
  90:Drivers/STM32F4xx_HAL_Driver/Src/stm32f4xx_hal_hcd.c ****   */
  91:Drivers/STM32F4xx_HAL_Driver/Src/stm32f4xx_hal_hcd.c **** 
  92:Drivers/STM32F4xx_HAL_Driver/Src/stm32f4xx_hal_hcd.c **** /** @defgroup HCD_Exported_Functions_Group1 Initialization and de-initialization functions
  93:Drivers/STM32F4xx_HAL_Driver/Src/stm32f4xx_hal_hcd.c ****   *  @brief    Initialization and Configuration functions
  94:Drivers/STM32F4xx_HAL_Driver/Src/stm32f4xx_hal_hcd.c ****   *
  95:Drivers/STM32F4xx_HAL_Driver/Src/stm32f4xx_hal_hcd.c **** @verbatim
  96:Drivers/STM32F4xx_HAL_Driver/Src/stm32f4xx_hal_hcd.c ****  ===============================================================================
  97:Drivers/STM32F4xx_HAL_Driver/Src/stm32f4xx_hal_hcd.c ****           ##### Initialization and de-initialization functions #####
  98:Drivers/STM32F4xx_HAL_Driver/Src/stm32f4xx_hal_hcd.c ****  ===============================================================================
  99:Drivers/STM32F4xx_HAL_Driver/Src/stm32f4xx_hal_hcd.c ****     [..]  This section provides functions allowing to:
 100:Drivers/STM32F4xx_HAL_Driver/Src/stm32f4xx_hal_hcd.c **** 
 101:Drivers/STM32F4xx_HAL_Driver/Src/stm32f4xx_hal_hcd.c **** @endverbatim
 102:Drivers/STM32F4xx_HAL_Driver/Src/stm32f4xx_hal_hcd.c ****   * @{
 103:Drivers/STM32F4xx_HAL_Driver/Src/stm32f4xx_hal_hcd.c ****   */
 104:Drivers/STM32F4xx_HAL_Driver/Src/stm32f4xx_hal_hcd.c **** 
 105:Drivers/STM32F4xx_HAL_Driver/Src/stm32f4xx_hal_hcd.c **** /**
 106:Drivers/STM32F4xx_HAL_Driver/Src/stm32f4xx_hal_hcd.c ****   * @brief  Initialize the host driver.
 107:Drivers/STM32F4xx_HAL_Driver/Src/stm32f4xx_hal_hcd.c ****   * @param  hhcd HCD handle
 108:Drivers/STM32F4xx_HAL_Driver/Src/stm32f4xx_hal_hcd.c ****   * @retval HAL status
 109:Drivers/STM32F4xx_HAL_Driver/Src/stm32f4xx_hal_hcd.c ****   */
 110:Drivers/STM32F4xx_HAL_Driver/Src/stm32f4xx_hal_hcd.c **** HAL_StatusTypeDef HAL_HCD_Init(HCD_HandleTypeDef *hhcd)
 111:Drivers/STM32F4xx_HAL_Driver/Src/stm32f4xx_hal_hcd.c **** {
 112:Drivers/STM32F4xx_HAL_Driver/Src/stm32f4xx_hal_hcd.c ****   USB_OTG_GlobalTypeDef *USBx;
 113:Drivers/STM32F4xx_HAL_Driver/Src/stm32f4xx_hal_hcd.c **** 
 114:Drivers/STM32F4xx_HAL_Driver/Src/stm32f4xx_hal_hcd.c ****   /* Check the HCD handle allocation */
 115:Drivers/STM32F4xx_HAL_Driver/Src/stm32f4xx_hal_hcd.c ****   if (hhcd == NULL)
 116:Drivers/STM32F4xx_HAL_Driver/Src/stm32f4xx_hal_hcd.c ****   {
 117:Drivers/STM32F4xx_HAL_Driver/Src/stm32f4xx_hal_hcd.c ****     return HAL_ERROR;
 118:Drivers/STM32F4xx_HAL_Driver/Src/stm32f4xx_hal_hcd.c ****   }
 119:Drivers/STM32F4xx_HAL_Driver/Src/stm32f4xx_hal_hcd.c **** 
 120:Drivers/STM32F4xx_HAL_Driver/Src/stm32f4xx_hal_hcd.c ****   /* Check the parameters */
 121:Drivers/STM32F4xx_HAL_Driver/Src/stm32f4xx_hal_hcd.c ****   assert_param(IS_HCD_ALL_INSTANCE(hhcd->Instance));
 122:Drivers/STM32F4xx_HAL_Driver/Src/stm32f4xx_hal_hcd.c **** 
 123:Drivers/STM32F4xx_HAL_Driver/Src/stm32f4xx_hal_hcd.c ****   USBx = hhcd->Instance;
 124:Drivers/STM32F4xx_HAL_Driver/Src/stm32f4xx_hal_hcd.c **** 
 125:Drivers/STM32F4xx_HAL_Driver/Src/stm32f4xx_hal_hcd.c ****   if (hhcd->State == HAL_HCD_STATE_RESET)
 126:Drivers/STM32F4xx_HAL_Driver/Src/stm32f4xx_hal_hcd.c ****   {
 127:Drivers/STM32F4xx_HAL_Driver/Src/stm32f4xx_hal_hcd.c ****     /* Allocate lock resource and initialize it */
 128:Drivers/STM32F4xx_HAL_Driver/Src/stm32f4xx_hal_hcd.c ****     hhcd->Lock = HAL_UNLOCKED;
 129:Drivers/STM32F4xx_HAL_Driver/Src/stm32f4xx_hal_hcd.c **** 
 130:Drivers/STM32F4xx_HAL_Driver/Src/stm32f4xx_hal_hcd.c **** #if (USE_HAL_HCD_REGISTER_CALLBACKS == 1U)
 131:Drivers/STM32F4xx_HAL_Driver/Src/stm32f4xx_hal_hcd.c ****     hhcd->SOFCallback = HAL_HCD_SOF_Callback;
 132:Drivers/STM32F4xx_HAL_Driver/Src/stm32f4xx_hal_hcd.c ****     hhcd->ConnectCallback = HAL_HCD_Connect_Callback;
 133:Drivers/STM32F4xx_HAL_Driver/Src/stm32f4xx_hal_hcd.c ****     hhcd->DisconnectCallback = HAL_HCD_Disconnect_Callback;
 134:Drivers/STM32F4xx_HAL_Driver/Src/stm32f4xx_hal_hcd.c ****     hhcd->PortEnabledCallback = HAL_HCD_PortEnabled_Callback;
 135:Drivers/STM32F4xx_HAL_Driver/Src/stm32f4xx_hal_hcd.c ****     hhcd->PortDisabledCallback = HAL_HCD_PortDisabled_Callback;
 136:Drivers/STM32F4xx_HAL_Driver/Src/stm32f4xx_hal_hcd.c ****     hhcd->HC_NotifyURBChangeCallback = HAL_HCD_HC_NotifyURBChange_Callback;
 137:Drivers/STM32F4xx_HAL_Driver/Src/stm32f4xx_hal_hcd.c **** 
 138:Drivers/STM32F4xx_HAL_Driver/Src/stm32f4xx_hal_hcd.c ****     if (hhcd->MspInitCallback == NULL)
 139:Drivers/STM32F4xx_HAL_Driver/Src/stm32f4xx_hal_hcd.c ****     {
 140:Drivers/STM32F4xx_HAL_Driver/Src/stm32f4xx_hal_hcd.c ****       hhcd->MspInitCallback = HAL_HCD_MspInit;
 141:Drivers/STM32F4xx_HAL_Driver/Src/stm32f4xx_hal_hcd.c ****     }
 142:Drivers/STM32F4xx_HAL_Driver/Src/stm32f4xx_hal_hcd.c **** 
 143:Drivers/STM32F4xx_HAL_Driver/Src/stm32f4xx_hal_hcd.c ****     /* Init the low level hardware */
 144:Drivers/STM32F4xx_HAL_Driver/Src/stm32f4xx_hal_hcd.c ****     hhcd->MspInitCallback(hhcd);
ARM GAS  /tmp/ccsyczyn.s 			page 4


 145:Drivers/STM32F4xx_HAL_Driver/Src/stm32f4xx_hal_hcd.c **** #else
 146:Drivers/STM32F4xx_HAL_Driver/Src/stm32f4xx_hal_hcd.c ****     /* Init the low level hardware : GPIO, CLOCK, NVIC... */
 147:Drivers/STM32F4xx_HAL_Driver/Src/stm32f4xx_hal_hcd.c ****     HAL_HCD_MspInit(hhcd);
 148:Drivers/STM32F4xx_HAL_Driver/Src/stm32f4xx_hal_hcd.c **** #endif /* (USE_HAL_HCD_REGISTER_CALLBACKS) */
 149:Drivers/STM32F4xx_HAL_Driver/Src/stm32f4xx_hal_hcd.c ****   }
 150:Drivers/STM32F4xx_HAL_Driver/Src/stm32f4xx_hal_hcd.c **** 
 151:Drivers/STM32F4xx_HAL_Driver/Src/stm32f4xx_hal_hcd.c ****   hhcd->State = HAL_HCD_STATE_BUSY;
 152:Drivers/STM32F4xx_HAL_Driver/Src/stm32f4xx_hal_hcd.c **** 
 153:Drivers/STM32F4xx_HAL_Driver/Src/stm32f4xx_hal_hcd.c ****   /* Disable DMA mode for FS instance */
 154:Drivers/STM32F4xx_HAL_Driver/Src/stm32f4xx_hal_hcd.c ****   if ((USBx->CID & (0x1U << 8)) == 0U)
 155:Drivers/STM32F4xx_HAL_Driver/Src/stm32f4xx_hal_hcd.c ****   {
 156:Drivers/STM32F4xx_HAL_Driver/Src/stm32f4xx_hal_hcd.c ****     hhcd->Init.dma_enable = 0U;
 157:Drivers/STM32F4xx_HAL_Driver/Src/stm32f4xx_hal_hcd.c ****   }
 158:Drivers/STM32F4xx_HAL_Driver/Src/stm32f4xx_hal_hcd.c **** 
 159:Drivers/STM32F4xx_HAL_Driver/Src/stm32f4xx_hal_hcd.c ****   /* Disable the Interrupts */
 160:Drivers/STM32F4xx_HAL_Driver/Src/stm32f4xx_hal_hcd.c ****   __HAL_HCD_DISABLE(hhcd);
 161:Drivers/STM32F4xx_HAL_Driver/Src/stm32f4xx_hal_hcd.c **** 
 162:Drivers/STM32F4xx_HAL_Driver/Src/stm32f4xx_hal_hcd.c ****   /* Init the Core (common init.) */
 163:Drivers/STM32F4xx_HAL_Driver/Src/stm32f4xx_hal_hcd.c ****   (void)USB_CoreInit(hhcd->Instance, hhcd->Init);
 164:Drivers/STM32F4xx_HAL_Driver/Src/stm32f4xx_hal_hcd.c **** 
 165:Drivers/STM32F4xx_HAL_Driver/Src/stm32f4xx_hal_hcd.c ****   /* Force Host Mode*/
 166:Drivers/STM32F4xx_HAL_Driver/Src/stm32f4xx_hal_hcd.c ****   (void)USB_SetCurrentMode(hhcd->Instance, USB_HOST_MODE);
 167:Drivers/STM32F4xx_HAL_Driver/Src/stm32f4xx_hal_hcd.c **** 
 168:Drivers/STM32F4xx_HAL_Driver/Src/stm32f4xx_hal_hcd.c ****   /* Init Host */
 169:Drivers/STM32F4xx_HAL_Driver/Src/stm32f4xx_hal_hcd.c ****   (void)USB_HostInit(hhcd->Instance, hhcd->Init);
 170:Drivers/STM32F4xx_HAL_Driver/Src/stm32f4xx_hal_hcd.c **** 
 171:Drivers/STM32F4xx_HAL_Driver/Src/stm32f4xx_hal_hcd.c ****   hhcd->State = HAL_HCD_STATE_READY;
 172:Drivers/STM32F4xx_HAL_Driver/Src/stm32f4xx_hal_hcd.c **** 
 173:Drivers/STM32F4xx_HAL_Driver/Src/stm32f4xx_hal_hcd.c ****   return HAL_OK;
 174:Drivers/STM32F4xx_HAL_Driver/Src/stm32f4xx_hal_hcd.c **** }
 175:Drivers/STM32F4xx_HAL_Driver/Src/stm32f4xx_hal_hcd.c **** 
 176:Drivers/STM32F4xx_HAL_Driver/Src/stm32f4xx_hal_hcd.c **** /**
 177:Drivers/STM32F4xx_HAL_Driver/Src/stm32f4xx_hal_hcd.c ****   * @brief  Initialize a host channel.
 178:Drivers/STM32F4xx_HAL_Driver/Src/stm32f4xx_hal_hcd.c ****   * @param  hhcd HCD handle
 179:Drivers/STM32F4xx_HAL_Driver/Src/stm32f4xx_hal_hcd.c ****   * @param  ch_num Channel number.
 180:Drivers/STM32F4xx_HAL_Driver/Src/stm32f4xx_hal_hcd.c ****   *         This parameter can be a value from 1 to 15
 181:Drivers/STM32F4xx_HAL_Driver/Src/stm32f4xx_hal_hcd.c ****   * @param  epnum Endpoint number.
 182:Drivers/STM32F4xx_HAL_Driver/Src/stm32f4xx_hal_hcd.c ****   *          This parameter can be a value from 1 to 15
 183:Drivers/STM32F4xx_HAL_Driver/Src/stm32f4xx_hal_hcd.c ****   * @param  dev_address Current device address
 184:Drivers/STM32F4xx_HAL_Driver/Src/stm32f4xx_hal_hcd.c ****   *          This parameter can be a value from 0 to 255
 185:Drivers/STM32F4xx_HAL_Driver/Src/stm32f4xx_hal_hcd.c ****   * @param  speed Current device speed.
 186:Drivers/STM32F4xx_HAL_Driver/Src/stm32f4xx_hal_hcd.c ****   *          This parameter can be one of these values:
 187:Drivers/STM32F4xx_HAL_Driver/Src/stm32f4xx_hal_hcd.c ****   *            HCD_DEVICE_SPEED_HIGH: High speed mode,
 188:Drivers/STM32F4xx_HAL_Driver/Src/stm32f4xx_hal_hcd.c ****   *            HCD_DEVICE_SPEED_FULL: Full speed mode,
 189:Drivers/STM32F4xx_HAL_Driver/Src/stm32f4xx_hal_hcd.c ****   *            HCD_DEVICE_SPEED_LOW: Low speed mode
 190:Drivers/STM32F4xx_HAL_Driver/Src/stm32f4xx_hal_hcd.c ****   * @param  ep_type Endpoint Type.
 191:Drivers/STM32F4xx_HAL_Driver/Src/stm32f4xx_hal_hcd.c ****   *          This parameter can be one of these values:
 192:Drivers/STM32F4xx_HAL_Driver/Src/stm32f4xx_hal_hcd.c ****   *            EP_TYPE_CTRL: Control type,
 193:Drivers/STM32F4xx_HAL_Driver/Src/stm32f4xx_hal_hcd.c ****   *            EP_TYPE_ISOC: Isochronous type,
 194:Drivers/STM32F4xx_HAL_Driver/Src/stm32f4xx_hal_hcd.c ****   *            EP_TYPE_BULK: Bulk type,
 195:Drivers/STM32F4xx_HAL_Driver/Src/stm32f4xx_hal_hcd.c ****   *            EP_TYPE_INTR: Interrupt type
 196:Drivers/STM32F4xx_HAL_Driver/Src/stm32f4xx_hal_hcd.c ****   * @param  mps Max Packet Size.
 197:Drivers/STM32F4xx_HAL_Driver/Src/stm32f4xx_hal_hcd.c ****   *          This parameter can be a value from 0 to32K
 198:Drivers/STM32F4xx_HAL_Driver/Src/stm32f4xx_hal_hcd.c ****   * @retval HAL status
 199:Drivers/STM32F4xx_HAL_Driver/Src/stm32f4xx_hal_hcd.c ****   */
 200:Drivers/STM32F4xx_HAL_Driver/Src/stm32f4xx_hal_hcd.c **** HAL_StatusTypeDef HAL_HCD_HC_Init(HCD_HandleTypeDef *hhcd,
 201:Drivers/STM32F4xx_HAL_Driver/Src/stm32f4xx_hal_hcd.c ****                                   uint8_t ch_num,
ARM GAS  /tmp/ccsyczyn.s 			page 5


 202:Drivers/STM32F4xx_HAL_Driver/Src/stm32f4xx_hal_hcd.c ****                                   uint8_t epnum,
 203:Drivers/STM32F4xx_HAL_Driver/Src/stm32f4xx_hal_hcd.c ****                                   uint8_t dev_address,
 204:Drivers/STM32F4xx_HAL_Driver/Src/stm32f4xx_hal_hcd.c ****                                   uint8_t speed,
 205:Drivers/STM32F4xx_HAL_Driver/Src/stm32f4xx_hal_hcd.c ****                                   uint8_t ep_type,
 206:Drivers/STM32F4xx_HAL_Driver/Src/stm32f4xx_hal_hcd.c ****                                   uint16_t mps)
 207:Drivers/STM32F4xx_HAL_Driver/Src/stm32f4xx_hal_hcd.c **** {
 208:Drivers/STM32F4xx_HAL_Driver/Src/stm32f4xx_hal_hcd.c ****   HAL_StatusTypeDef status;
 209:Drivers/STM32F4xx_HAL_Driver/Src/stm32f4xx_hal_hcd.c **** 
 210:Drivers/STM32F4xx_HAL_Driver/Src/stm32f4xx_hal_hcd.c ****   __HAL_LOCK(hhcd);
 211:Drivers/STM32F4xx_HAL_Driver/Src/stm32f4xx_hal_hcd.c ****   hhcd->hc[ch_num].do_ping = 0U;
 212:Drivers/STM32F4xx_HAL_Driver/Src/stm32f4xx_hal_hcd.c ****   hhcd->hc[ch_num].dev_addr = dev_address;
 213:Drivers/STM32F4xx_HAL_Driver/Src/stm32f4xx_hal_hcd.c ****   hhcd->hc[ch_num].max_packet = mps;
 214:Drivers/STM32F4xx_HAL_Driver/Src/stm32f4xx_hal_hcd.c ****   hhcd->hc[ch_num].ch_num = ch_num;
 215:Drivers/STM32F4xx_HAL_Driver/Src/stm32f4xx_hal_hcd.c ****   hhcd->hc[ch_num].ep_type = ep_type;
 216:Drivers/STM32F4xx_HAL_Driver/Src/stm32f4xx_hal_hcd.c ****   hhcd->hc[ch_num].ep_num = epnum & 0x7FU;
 217:Drivers/STM32F4xx_HAL_Driver/Src/stm32f4xx_hal_hcd.c **** 
 218:Drivers/STM32F4xx_HAL_Driver/Src/stm32f4xx_hal_hcd.c ****   if ((epnum & 0x80U) == 0x80U)
 219:Drivers/STM32F4xx_HAL_Driver/Src/stm32f4xx_hal_hcd.c ****   {
 220:Drivers/STM32F4xx_HAL_Driver/Src/stm32f4xx_hal_hcd.c ****     hhcd->hc[ch_num].ep_is_in = 1U;
 221:Drivers/STM32F4xx_HAL_Driver/Src/stm32f4xx_hal_hcd.c ****   }
 222:Drivers/STM32F4xx_HAL_Driver/Src/stm32f4xx_hal_hcd.c ****   else
 223:Drivers/STM32F4xx_HAL_Driver/Src/stm32f4xx_hal_hcd.c ****   {
 224:Drivers/STM32F4xx_HAL_Driver/Src/stm32f4xx_hal_hcd.c ****     hhcd->hc[ch_num].ep_is_in = 0U;
 225:Drivers/STM32F4xx_HAL_Driver/Src/stm32f4xx_hal_hcd.c ****   }
 226:Drivers/STM32F4xx_HAL_Driver/Src/stm32f4xx_hal_hcd.c **** 
 227:Drivers/STM32F4xx_HAL_Driver/Src/stm32f4xx_hal_hcd.c ****   hhcd->hc[ch_num].speed = speed;
 228:Drivers/STM32F4xx_HAL_Driver/Src/stm32f4xx_hal_hcd.c **** 
 229:Drivers/STM32F4xx_HAL_Driver/Src/stm32f4xx_hal_hcd.c ****   status =  USB_HC_Init(hhcd->Instance,
 230:Drivers/STM32F4xx_HAL_Driver/Src/stm32f4xx_hal_hcd.c ****                         ch_num,
 231:Drivers/STM32F4xx_HAL_Driver/Src/stm32f4xx_hal_hcd.c ****                         epnum,
 232:Drivers/STM32F4xx_HAL_Driver/Src/stm32f4xx_hal_hcd.c ****                         dev_address,
 233:Drivers/STM32F4xx_HAL_Driver/Src/stm32f4xx_hal_hcd.c ****                         speed,
 234:Drivers/STM32F4xx_HAL_Driver/Src/stm32f4xx_hal_hcd.c ****                         ep_type,
 235:Drivers/STM32F4xx_HAL_Driver/Src/stm32f4xx_hal_hcd.c ****                         mps);
 236:Drivers/STM32F4xx_HAL_Driver/Src/stm32f4xx_hal_hcd.c ****   __HAL_UNLOCK(hhcd);
 237:Drivers/STM32F4xx_HAL_Driver/Src/stm32f4xx_hal_hcd.c **** 
 238:Drivers/STM32F4xx_HAL_Driver/Src/stm32f4xx_hal_hcd.c ****   return status;
 239:Drivers/STM32F4xx_HAL_Driver/Src/stm32f4xx_hal_hcd.c **** }
 240:Drivers/STM32F4xx_HAL_Driver/Src/stm32f4xx_hal_hcd.c **** 
 241:Drivers/STM32F4xx_HAL_Driver/Src/stm32f4xx_hal_hcd.c **** /**
 242:Drivers/STM32F4xx_HAL_Driver/Src/stm32f4xx_hal_hcd.c ****   * @brief  Halt a host channel.
 243:Drivers/STM32F4xx_HAL_Driver/Src/stm32f4xx_hal_hcd.c ****   * @param  hhcd HCD handle
 244:Drivers/STM32F4xx_HAL_Driver/Src/stm32f4xx_hal_hcd.c ****   * @param  ch_num Channel number.
 245:Drivers/STM32F4xx_HAL_Driver/Src/stm32f4xx_hal_hcd.c ****   *         This parameter can be a value from 1 to 15
 246:Drivers/STM32F4xx_HAL_Driver/Src/stm32f4xx_hal_hcd.c ****   * @retval HAL status
 247:Drivers/STM32F4xx_HAL_Driver/Src/stm32f4xx_hal_hcd.c ****   */
 248:Drivers/STM32F4xx_HAL_Driver/Src/stm32f4xx_hal_hcd.c **** HAL_StatusTypeDef HAL_HCD_HC_Halt(HCD_HandleTypeDef *hhcd, uint8_t ch_num)
 249:Drivers/STM32F4xx_HAL_Driver/Src/stm32f4xx_hal_hcd.c **** {
 250:Drivers/STM32F4xx_HAL_Driver/Src/stm32f4xx_hal_hcd.c ****   HAL_StatusTypeDef status = HAL_OK;
 251:Drivers/STM32F4xx_HAL_Driver/Src/stm32f4xx_hal_hcd.c **** 
 252:Drivers/STM32F4xx_HAL_Driver/Src/stm32f4xx_hal_hcd.c ****   __HAL_LOCK(hhcd);
 253:Drivers/STM32F4xx_HAL_Driver/Src/stm32f4xx_hal_hcd.c ****   (void)USB_HC_Halt(hhcd->Instance, (uint8_t)ch_num);
 254:Drivers/STM32F4xx_HAL_Driver/Src/stm32f4xx_hal_hcd.c ****   __HAL_UNLOCK(hhcd);
 255:Drivers/STM32F4xx_HAL_Driver/Src/stm32f4xx_hal_hcd.c **** 
 256:Drivers/STM32F4xx_HAL_Driver/Src/stm32f4xx_hal_hcd.c ****   return status;
 257:Drivers/STM32F4xx_HAL_Driver/Src/stm32f4xx_hal_hcd.c **** }
 258:Drivers/STM32F4xx_HAL_Driver/Src/stm32f4xx_hal_hcd.c **** 
ARM GAS  /tmp/ccsyczyn.s 			page 6


 259:Drivers/STM32F4xx_HAL_Driver/Src/stm32f4xx_hal_hcd.c **** /**
 260:Drivers/STM32F4xx_HAL_Driver/Src/stm32f4xx_hal_hcd.c ****   * @brief  DeInitialize the host driver.
 261:Drivers/STM32F4xx_HAL_Driver/Src/stm32f4xx_hal_hcd.c ****   * @param  hhcd HCD handle
 262:Drivers/STM32F4xx_HAL_Driver/Src/stm32f4xx_hal_hcd.c ****   * @retval HAL status
 263:Drivers/STM32F4xx_HAL_Driver/Src/stm32f4xx_hal_hcd.c ****   */
 264:Drivers/STM32F4xx_HAL_Driver/Src/stm32f4xx_hal_hcd.c **** HAL_StatusTypeDef HAL_HCD_DeInit(HCD_HandleTypeDef *hhcd)
 265:Drivers/STM32F4xx_HAL_Driver/Src/stm32f4xx_hal_hcd.c **** {
 266:Drivers/STM32F4xx_HAL_Driver/Src/stm32f4xx_hal_hcd.c ****   /* Check the HCD handle allocation */
 267:Drivers/STM32F4xx_HAL_Driver/Src/stm32f4xx_hal_hcd.c ****   if (hhcd == NULL)
 268:Drivers/STM32F4xx_HAL_Driver/Src/stm32f4xx_hal_hcd.c ****   {
 269:Drivers/STM32F4xx_HAL_Driver/Src/stm32f4xx_hal_hcd.c ****     return HAL_ERROR;
 270:Drivers/STM32F4xx_HAL_Driver/Src/stm32f4xx_hal_hcd.c ****   }
 271:Drivers/STM32F4xx_HAL_Driver/Src/stm32f4xx_hal_hcd.c **** 
 272:Drivers/STM32F4xx_HAL_Driver/Src/stm32f4xx_hal_hcd.c ****   hhcd->State = HAL_HCD_STATE_BUSY;
 273:Drivers/STM32F4xx_HAL_Driver/Src/stm32f4xx_hal_hcd.c **** 
 274:Drivers/STM32F4xx_HAL_Driver/Src/stm32f4xx_hal_hcd.c **** #if (USE_HAL_HCD_REGISTER_CALLBACKS == 1U)
 275:Drivers/STM32F4xx_HAL_Driver/Src/stm32f4xx_hal_hcd.c ****   if (hhcd->MspDeInitCallback == NULL)
 276:Drivers/STM32F4xx_HAL_Driver/Src/stm32f4xx_hal_hcd.c ****   {
 277:Drivers/STM32F4xx_HAL_Driver/Src/stm32f4xx_hal_hcd.c ****     hhcd->MspDeInitCallback = HAL_HCD_MspDeInit; /* Legacy weak MspDeInit  */
 278:Drivers/STM32F4xx_HAL_Driver/Src/stm32f4xx_hal_hcd.c ****   }
 279:Drivers/STM32F4xx_HAL_Driver/Src/stm32f4xx_hal_hcd.c **** 
 280:Drivers/STM32F4xx_HAL_Driver/Src/stm32f4xx_hal_hcd.c ****   /* DeInit the low level hardware */
 281:Drivers/STM32F4xx_HAL_Driver/Src/stm32f4xx_hal_hcd.c ****   hhcd->MspDeInitCallback(hhcd);
 282:Drivers/STM32F4xx_HAL_Driver/Src/stm32f4xx_hal_hcd.c **** #else
 283:Drivers/STM32F4xx_HAL_Driver/Src/stm32f4xx_hal_hcd.c ****   /* DeInit the low level hardware: CLOCK, NVIC.*/
 284:Drivers/STM32F4xx_HAL_Driver/Src/stm32f4xx_hal_hcd.c ****   HAL_HCD_MspDeInit(hhcd);
 285:Drivers/STM32F4xx_HAL_Driver/Src/stm32f4xx_hal_hcd.c **** #endif /* USE_HAL_HCD_REGISTER_CALLBACKS */
 286:Drivers/STM32F4xx_HAL_Driver/Src/stm32f4xx_hal_hcd.c **** 
 287:Drivers/STM32F4xx_HAL_Driver/Src/stm32f4xx_hal_hcd.c ****   __HAL_HCD_DISABLE(hhcd);
 288:Drivers/STM32F4xx_HAL_Driver/Src/stm32f4xx_hal_hcd.c **** 
 289:Drivers/STM32F4xx_HAL_Driver/Src/stm32f4xx_hal_hcd.c ****   hhcd->State = HAL_HCD_STATE_RESET;
 290:Drivers/STM32F4xx_HAL_Driver/Src/stm32f4xx_hal_hcd.c **** 
 291:Drivers/STM32F4xx_HAL_Driver/Src/stm32f4xx_hal_hcd.c ****   return HAL_OK;
 292:Drivers/STM32F4xx_HAL_Driver/Src/stm32f4xx_hal_hcd.c **** }
 293:Drivers/STM32F4xx_HAL_Driver/Src/stm32f4xx_hal_hcd.c **** 
 294:Drivers/STM32F4xx_HAL_Driver/Src/stm32f4xx_hal_hcd.c **** /**
 295:Drivers/STM32F4xx_HAL_Driver/Src/stm32f4xx_hal_hcd.c ****   * @brief  Initialize the HCD MSP.
 296:Drivers/STM32F4xx_HAL_Driver/Src/stm32f4xx_hal_hcd.c ****   * @param  hhcd HCD handle
 297:Drivers/STM32F4xx_HAL_Driver/Src/stm32f4xx_hal_hcd.c ****   * @retval None
 298:Drivers/STM32F4xx_HAL_Driver/Src/stm32f4xx_hal_hcd.c ****   */
 299:Drivers/STM32F4xx_HAL_Driver/Src/stm32f4xx_hal_hcd.c **** __weak void  HAL_HCD_MspInit(HCD_HandleTypeDef *hhcd)
 300:Drivers/STM32F4xx_HAL_Driver/Src/stm32f4xx_hal_hcd.c **** {
 301:Drivers/STM32F4xx_HAL_Driver/Src/stm32f4xx_hal_hcd.c ****   /* Prevent unused argument(s) compilation warning */
 302:Drivers/STM32F4xx_HAL_Driver/Src/stm32f4xx_hal_hcd.c ****   UNUSED(hhcd);
 303:Drivers/STM32F4xx_HAL_Driver/Src/stm32f4xx_hal_hcd.c **** 
 304:Drivers/STM32F4xx_HAL_Driver/Src/stm32f4xx_hal_hcd.c ****   /* NOTE : This function should not be modified, when the callback is needed,
 305:Drivers/STM32F4xx_HAL_Driver/Src/stm32f4xx_hal_hcd.c ****             the HAL_HCD_MspInit could be implemented in the user file
 306:Drivers/STM32F4xx_HAL_Driver/Src/stm32f4xx_hal_hcd.c ****    */
 307:Drivers/STM32F4xx_HAL_Driver/Src/stm32f4xx_hal_hcd.c **** }
 308:Drivers/STM32F4xx_HAL_Driver/Src/stm32f4xx_hal_hcd.c **** 
 309:Drivers/STM32F4xx_HAL_Driver/Src/stm32f4xx_hal_hcd.c **** /**
 310:Drivers/STM32F4xx_HAL_Driver/Src/stm32f4xx_hal_hcd.c ****   * @brief  DeInitialize the HCD MSP.
 311:Drivers/STM32F4xx_HAL_Driver/Src/stm32f4xx_hal_hcd.c ****   * @param  hhcd HCD handle
 312:Drivers/STM32F4xx_HAL_Driver/Src/stm32f4xx_hal_hcd.c ****   * @retval None
 313:Drivers/STM32F4xx_HAL_Driver/Src/stm32f4xx_hal_hcd.c ****   */
 314:Drivers/STM32F4xx_HAL_Driver/Src/stm32f4xx_hal_hcd.c **** __weak void  HAL_HCD_MspDeInit(HCD_HandleTypeDef *hhcd)
 315:Drivers/STM32F4xx_HAL_Driver/Src/stm32f4xx_hal_hcd.c **** {
ARM GAS  /tmp/ccsyczyn.s 			page 7


 316:Drivers/STM32F4xx_HAL_Driver/Src/stm32f4xx_hal_hcd.c ****   /* Prevent unused argument(s) compilation warning */
 317:Drivers/STM32F4xx_HAL_Driver/Src/stm32f4xx_hal_hcd.c ****   UNUSED(hhcd);
 318:Drivers/STM32F4xx_HAL_Driver/Src/stm32f4xx_hal_hcd.c **** 
 319:Drivers/STM32F4xx_HAL_Driver/Src/stm32f4xx_hal_hcd.c ****   /* NOTE : This function should not be modified, when the callback is needed,
 320:Drivers/STM32F4xx_HAL_Driver/Src/stm32f4xx_hal_hcd.c ****             the HAL_HCD_MspDeInit could be implemented in the user file
 321:Drivers/STM32F4xx_HAL_Driver/Src/stm32f4xx_hal_hcd.c ****    */
 322:Drivers/STM32F4xx_HAL_Driver/Src/stm32f4xx_hal_hcd.c **** }
 323:Drivers/STM32F4xx_HAL_Driver/Src/stm32f4xx_hal_hcd.c **** 
 324:Drivers/STM32F4xx_HAL_Driver/Src/stm32f4xx_hal_hcd.c **** /**
 325:Drivers/STM32F4xx_HAL_Driver/Src/stm32f4xx_hal_hcd.c ****   * @}
 326:Drivers/STM32F4xx_HAL_Driver/Src/stm32f4xx_hal_hcd.c ****   */
 327:Drivers/STM32F4xx_HAL_Driver/Src/stm32f4xx_hal_hcd.c **** 
 328:Drivers/STM32F4xx_HAL_Driver/Src/stm32f4xx_hal_hcd.c **** /** @defgroup HCD_Exported_Functions_Group2 Input and Output operation functions
 329:Drivers/STM32F4xx_HAL_Driver/Src/stm32f4xx_hal_hcd.c ****   *  @brief   HCD IO operation functions
 330:Drivers/STM32F4xx_HAL_Driver/Src/stm32f4xx_hal_hcd.c ****   *
 331:Drivers/STM32F4xx_HAL_Driver/Src/stm32f4xx_hal_hcd.c **** @verbatim
 332:Drivers/STM32F4xx_HAL_Driver/Src/stm32f4xx_hal_hcd.c ****  ===============================================================================
 333:Drivers/STM32F4xx_HAL_Driver/Src/stm32f4xx_hal_hcd.c ****                       ##### IO operation functions #####
 334:Drivers/STM32F4xx_HAL_Driver/Src/stm32f4xx_hal_hcd.c ****  ===============================================================================
 335:Drivers/STM32F4xx_HAL_Driver/Src/stm32f4xx_hal_hcd.c ****  [..] This subsection provides a set of functions allowing to manage the USB Host Data
 336:Drivers/STM32F4xx_HAL_Driver/Src/stm32f4xx_hal_hcd.c ****     Transfer
 337:Drivers/STM32F4xx_HAL_Driver/Src/stm32f4xx_hal_hcd.c **** 
 338:Drivers/STM32F4xx_HAL_Driver/Src/stm32f4xx_hal_hcd.c **** @endverbatim
 339:Drivers/STM32F4xx_HAL_Driver/Src/stm32f4xx_hal_hcd.c ****   * @{
 340:Drivers/STM32F4xx_HAL_Driver/Src/stm32f4xx_hal_hcd.c ****   */
 341:Drivers/STM32F4xx_HAL_Driver/Src/stm32f4xx_hal_hcd.c **** 
 342:Drivers/STM32F4xx_HAL_Driver/Src/stm32f4xx_hal_hcd.c **** /**
 343:Drivers/STM32F4xx_HAL_Driver/Src/stm32f4xx_hal_hcd.c ****   * @brief  Submit a new URB for processing.
 344:Drivers/STM32F4xx_HAL_Driver/Src/stm32f4xx_hal_hcd.c ****   * @param  hhcd HCD handle
 345:Drivers/STM32F4xx_HAL_Driver/Src/stm32f4xx_hal_hcd.c ****   * @param  ch_num Channel number.
 346:Drivers/STM32F4xx_HAL_Driver/Src/stm32f4xx_hal_hcd.c ****   *         This parameter can be a value from 1 to 15
 347:Drivers/STM32F4xx_HAL_Driver/Src/stm32f4xx_hal_hcd.c ****   * @param  direction Channel number.
 348:Drivers/STM32F4xx_HAL_Driver/Src/stm32f4xx_hal_hcd.c ****   *          This parameter can be one of these values:
 349:Drivers/STM32F4xx_HAL_Driver/Src/stm32f4xx_hal_hcd.c ****   *           0 : Output / 1 : Input
 350:Drivers/STM32F4xx_HAL_Driver/Src/stm32f4xx_hal_hcd.c ****   * @param  ep_type Endpoint Type.
 351:Drivers/STM32F4xx_HAL_Driver/Src/stm32f4xx_hal_hcd.c ****   *          This parameter can be one of these values:
 352:Drivers/STM32F4xx_HAL_Driver/Src/stm32f4xx_hal_hcd.c ****   *            EP_TYPE_CTRL: Control type/
 353:Drivers/STM32F4xx_HAL_Driver/Src/stm32f4xx_hal_hcd.c ****   *            EP_TYPE_ISOC: Isochronous type/
 354:Drivers/STM32F4xx_HAL_Driver/Src/stm32f4xx_hal_hcd.c ****   *            EP_TYPE_BULK: Bulk type/
 355:Drivers/STM32F4xx_HAL_Driver/Src/stm32f4xx_hal_hcd.c ****   *            EP_TYPE_INTR: Interrupt type/
 356:Drivers/STM32F4xx_HAL_Driver/Src/stm32f4xx_hal_hcd.c ****   * @param  token Endpoint Type.
 357:Drivers/STM32F4xx_HAL_Driver/Src/stm32f4xx_hal_hcd.c ****   *          This parameter can be one of these values:
 358:Drivers/STM32F4xx_HAL_Driver/Src/stm32f4xx_hal_hcd.c ****   *            0: HC_PID_SETUP / 1: HC_PID_DATA1
 359:Drivers/STM32F4xx_HAL_Driver/Src/stm32f4xx_hal_hcd.c ****   * @param  pbuff pointer to URB data
 360:Drivers/STM32F4xx_HAL_Driver/Src/stm32f4xx_hal_hcd.c ****   * @param  length Length of URB data
 361:Drivers/STM32F4xx_HAL_Driver/Src/stm32f4xx_hal_hcd.c ****   * @param  do_ping activate do ping protocol (for high speed only).
 362:Drivers/STM32F4xx_HAL_Driver/Src/stm32f4xx_hal_hcd.c ****   *          This parameter can be one of these values:
 363:Drivers/STM32F4xx_HAL_Driver/Src/stm32f4xx_hal_hcd.c ****   *           0 : do ping inactive / 1 : do ping active
 364:Drivers/STM32F4xx_HAL_Driver/Src/stm32f4xx_hal_hcd.c ****   * @retval HAL status
 365:Drivers/STM32F4xx_HAL_Driver/Src/stm32f4xx_hal_hcd.c ****   */
 366:Drivers/STM32F4xx_HAL_Driver/Src/stm32f4xx_hal_hcd.c **** HAL_StatusTypeDef HAL_HCD_HC_SubmitRequest(HCD_HandleTypeDef *hhcd,
 367:Drivers/STM32F4xx_HAL_Driver/Src/stm32f4xx_hal_hcd.c ****                                            uint8_t ch_num,
 368:Drivers/STM32F4xx_HAL_Driver/Src/stm32f4xx_hal_hcd.c ****                                            uint8_t direction,
 369:Drivers/STM32F4xx_HAL_Driver/Src/stm32f4xx_hal_hcd.c ****                                            uint8_t ep_type,
 370:Drivers/STM32F4xx_HAL_Driver/Src/stm32f4xx_hal_hcd.c ****                                            uint8_t token,
 371:Drivers/STM32F4xx_HAL_Driver/Src/stm32f4xx_hal_hcd.c ****                                            uint8_t *pbuff,
 372:Drivers/STM32F4xx_HAL_Driver/Src/stm32f4xx_hal_hcd.c ****                                            uint16_t length,
ARM GAS  /tmp/ccsyczyn.s 			page 8


 373:Drivers/STM32F4xx_HAL_Driver/Src/stm32f4xx_hal_hcd.c ****                                            uint8_t do_ping)
 374:Drivers/STM32F4xx_HAL_Driver/Src/stm32f4xx_hal_hcd.c **** {
 375:Drivers/STM32F4xx_HAL_Driver/Src/stm32f4xx_hal_hcd.c ****   hhcd->hc[ch_num].ep_is_in = direction;
 376:Drivers/STM32F4xx_HAL_Driver/Src/stm32f4xx_hal_hcd.c ****   hhcd->hc[ch_num].ep_type  = ep_type;
 377:Drivers/STM32F4xx_HAL_Driver/Src/stm32f4xx_hal_hcd.c **** 
 378:Drivers/STM32F4xx_HAL_Driver/Src/stm32f4xx_hal_hcd.c ****   if (token == 0U)
 379:Drivers/STM32F4xx_HAL_Driver/Src/stm32f4xx_hal_hcd.c ****   {
 380:Drivers/STM32F4xx_HAL_Driver/Src/stm32f4xx_hal_hcd.c ****     hhcd->hc[ch_num].data_pid = HC_PID_SETUP;
 381:Drivers/STM32F4xx_HAL_Driver/Src/stm32f4xx_hal_hcd.c ****     hhcd->hc[ch_num].do_ping = do_ping;
 382:Drivers/STM32F4xx_HAL_Driver/Src/stm32f4xx_hal_hcd.c ****   }
 383:Drivers/STM32F4xx_HAL_Driver/Src/stm32f4xx_hal_hcd.c ****   else
 384:Drivers/STM32F4xx_HAL_Driver/Src/stm32f4xx_hal_hcd.c ****   {
 385:Drivers/STM32F4xx_HAL_Driver/Src/stm32f4xx_hal_hcd.c ****     hhcd->hc[ch_num].data_pid = HC_PID_DATA1;
 386:Drivers/STM32F4xx_HAL_Driver/Src/stm32f4xx_hal_hcd.c ****   }
 387:Drivers/STM32F4xx_HAL_Driver/Src/stm32f4xx_hal_hcd.c **** 
 388:Drivers/STM32F4xx_HAL_Driver/Src/stm32f4xx_hal_hcd.c ****   /* Manage Data Toggle */
 389:Drivers/STM32F4xx_HAL_Driver/Src/stm32f4xx_hal_hcd.c ****   switch (ep_type)
 390:Drivers/STM32F4xx_HAL_Driver/Src/stm32f4xx_hal_hcd.c ****   {
 391:Drivers/STM32F4xx_HAL_Driver/Src/stm32f4xx_hal_hcd.c ****     case EP_TYPE_CTRL:
 392:Drivers/STM32F4xx_HAL_Driver/Src/stm32f4xx_hal_hcd.c ****       if ((token == 1U) && (direction == 0U)) /*send data */
 393:Drivers/STM32F4xx_HAL_Driver/Src/stm32f4xx_hal_hcd.c ****       {
 394:Drivers/STM32F4xx_HAL_Driver/Src/stm32f4xx_hal_hcd.c ****         if (length == 0U)
 395:Drivers/STM32F4xx_HAL_Driver/Src/stm32f4xx_hal_hcd.c ****         {
 396:Drivers/STM32F4xx_HAL_Driver/Src/stm32f4xx_hal_hcd.c ****           /* For Status OUT stage, Length==0, Status Out PID = 1 */
 397:Drivers/STM32F4xx_HAL_Driver/Src/stm32f4xx_hal_hcd.c ****           hhcd->hc[ch_num].toggle_out = 1U;
 398:Drivers/STM32F4xx_HAL_Driver/Src/stm32f4xx_hal_hcd.c ****         }
 399:Drivers/STM32F4xx_HAL_Driver/Src/stm32f4xx_hal_hcd.c **** 
 400:Drivers/STM32F4xx_HAL_Driver/Src/stm32f4xx_hal_hcd.c ****         /* Set the Data Toggle bit as per the Flag */
 401:Drivers/STM32F4xx_HAL_Driver/Src/stm32f4xx_hal_hcd.c ****         if (hhcd->hc[ch_num].toggle_out == 0U)
 402:Drivers/STM32F4xx_HAL_Driver/Src/stm32f4xx_hal_hcd.c ****         {
 403:Drivers/STM32F4xx_HAL_Driver/Src/stm32f4xx_hal_hcd.c ****           /* Put the PID 0 */
 404:Drivers/STM32F4xx_HAL_Driver/Src/stm32f4xx_hal_hcd.c ****           hhcd->hc[ch_num].data_pid = HC_PID_DATA0;
 405:Drivers/STM32F4xx_HAL_Driver/Src/stm32f4xx_hal_hcd.c ****         }
 406:Drivers/STM32F4xx_HAL_Driver/Src/stm32f4xx_hal_hcd.c ****         else
 407:Drivers/STM32F4xx_HAL_Driver/Src/stm32f4xx_hal_hcd.c ****         {
 408:Drivers/STM32F4xx_HAL_Driver/Src/stm32f4xx_hal_hcd.c ****           /* Put the PID 1 */
 409:Drivers/STM32F4xx_HAL_Driver/Src/stm32f4xx_hal_hcd.c ****           hhcd->hc[ch_num].data_pid = HC_PID_DATA1;
 410:Drivers/STM32F4xx_HAL_Driver/Src/stm32f4xx_hal_hcd.c ****         }
 411:Drivers/STM32F4xx_HAL_Driver/Src/stm32f4xx_hal_hcd.c ****       }
 412:Drivers/STM32F4xx_HAL_Driver/Src/stm32f4xx_hal_hcd.c ****       break;
 413:Drivers/STM32F4xx_HAL_Driver/Src/stm32f4xx_hal_hcd.c **** 
 414:Drivers/STM32F4xx_HAL_Driver/Src/stm32f4xx_hal_hcd.c ****     case EP_TYPE_BULK:
 415:Drivers/STM32F4xx_HAL_Driver/Src/stm32f4xx_hal_hcd.c ****       if (direction == 0U)
 416:Drivers/STM32F4xx_HAL_Driver/Src/stm32f4xx_hal_hcd.c ****       {
 417:Drivers/STM32F4xx_HAL_Driver/Src/stm32f4xx_hal_hcd.c ****         /* Set the Data Toggle bit as per the Flag */
 418:Drivers/STM32F4xx_HAL_Driver/Src/stm32f4xx_hal_hcd.c ****         if (hhcd->hc[ch_num].toggle_out == 0U)
 419:Drivers/STM32F4xx_HAL_Driver/Src/stm32f4xx_hal_hcd.c ****         {
 420:Drivers/STM32F4xx_HAL_Driver/Src/stm32f4xx_hal_hcd.c ****           /* Put the PID 0 */
 421:Drivers/STM32F4xx_HAL_Driver/Src/stm32f4xx_hal_hcd.c ****           hhcd->hc[ch_num].data_pid = HC_PID_DATA0;
 422:Drivers/STM32F4xx_HAL_Driver/Src/stm32f4xx_hal_hcd.c ****         }
 423:Drivers/STM32F4xx_HAL_Driver/Src/stm32f4xx_hal_hcd.c ****         else
 424:Drivers/STM32F4xx_HAL_Driver/Src/stm32f4xx_hal_hcd.c ****         {
 425:Drivers/STM32F4xx_HAL_Driver/Src/stm32f4xx_hal_hcd.c ****           /* Put the PID 1 */
 426:Drivers/STM32F4xx_HAL_Driver/Src/stm32f4xx_hal_hcd.c ****           hhcd->hc[ch_num].data_pid = HC_PID_DATA1;
 427:Drivers/STM32F4xx_HAL_Driver/Src/stm32f4xx_hal_hcd.c ****         }
 428:Drivers/STM32F4xx_HAL_Driver/Src/stm32f4xx_hal_hcd.c ****       }
 429:Drivers/STM32F4xx_HAL_Driver/Src/stm32f4xx_hal_hcd.c ****       else
ARM GAS  /tmp/ccsyczyn.s 			page 9


 430:Drivers/STM32F4xx_HAL_Driver/Src/stm32f4xx_hal_hcd.c ****       {
 431:Drivers/STM32F4xx_HAL_Driver/Src/stm32f4xx_hal_hcd.c ****         if (hhcd->hc[ch_num].toggle_in == 0U)
 432:Drivers/STM32F4xx_HAL_Driver/Src/stm32f4xx_hal_hcd.c ****         {
 433:Drivers/STM32F4xx_HAL_Driver/Src/stm32f4xx_hal_hcd.c ****           hhcd->hc[ch_num].data_pid = HC_PID_DATA0;
 434:Drivers/STM32F4xx_HAL_Driver/Src/stm32f4xx_hal_hcd.c ****         }
 435:Drivers/STM32F4xx_HAL_Driver/Src/stm32f4xx_hal_hcd.c ****         else
 436:Drivers/STM32F4xx_HAL_Driver/Src/stm32f4xx_hal_hcd.c ****         {
 437:Drivers/STM32F4xx_HAL_Driver/Src/stm32f4xx_hal_hcd.c ****           hhcd->hc[ch_num].data_pid = HC_PID_DATA1;
 438:Drivers/STM32F4xx_HAL_Driver/Src/stm32f4xx_hal_hcd.c ****         }
 439:Drivers/STM32F4xx_HAL_Driver/Src/stm32f4xx_hal_hcd.c ****       }
 440:Drivers/STM32F4xx_HAL_Driver/Src/stm32f4xx_hal_hcd.c **** 
 441:Drivers/STM32F4xx_HAL_Driver/Src/stm32f4xx_hal_hcd.c ****       break;
 442:Drivers/STM32F4xx_HAL_Driver/Src/stm32f4xx_hal_hcd.c ****     case EP_TYPE_INTR:
 443:Drivers/STM32F4xx_HAL_Driver/Src/stm32f4xx_hal_hcd.c ****       if (direction == 0U)
 444:Drivers/STM32F4xx_HAL_Driver/Src/stm32f4xx_hal_hcd.c ****       {
 445:Drivers/STM32F4xx_HAL_Driver/Src/stm32f4xx_hal_hcd.c ****         /* Set the Data Toggle bit as per the Flag */
 446:Drivers/STM32F4xx_HAL_Driver/Src/stm32f4xx_hal_hcd.c ****         if (hhcd->hc[ch_num].toggle_out == 0U)
 447:Drivers/STM32F4xx_HAL_Driver/Src/stm32f4xx_hal_hcd.c ****         {
 448:Drivers/STM32F4xx_HAL_Driver/Src/stm32f4xx_hal_hcd.c ****           /* Put the PID 0 */
 449:Drivers/STM32F4xx_HAL_Driver/Src/stm32f4xx_hal_hcd.c ****           hhcd->hc[ch_num].data_pid = HC_PID_DATA0;
 450:Drivers/STM32F4xx_HAL_Driver/Src/stm32f4xx_hal_hcd.c ****         }
 451:Drivers/STM32F4xx_HAL_Driver/Src/stm32f4xx_hal_hcd.c ****         else
 452:Drivers/STM32F4xx_HAL_Driver/Src/stm32f4xx_hal_hcd.c ****         {
 453:Drivers/STM32F4xx_HAL_Driver/Src/stm32f4xx_hal_hcd.c ****           /* Put the PID 1 */
 454:Drivers/STM32F4xx_HAL_Driver/Src/stm32f4xx_hal_hcd.c ****           hhcd->hc[ch_num].data_pid = HC_PID_DATA1;
 455:Drivers/STM32F4xx_HAL_Driver/Src/stm32f4xx_hal_hcd.c ****         }
 456:Drivers/STM32F4xx_HAL_Driver/Src/stm32f4xx_hal_hcd.c ****       }
 457:Drivers/STM32F4xx_HAL_Driver/Src/stm32f4xx_hal_hcd.c ****       else
 458:Drivers/STM32F4xx_HAL_Driver/Src/stm32f4xx_hal_hcd.c ****       {
 459:Drivers/STM32F4xx_HAL_Driver/Src/stm32f4xx_hal_hcd.c ****         if (hhcd->hc[ch_num].toggle_in == 0U)
 460:Drivers/STM32F4xx_HAL_Driver/Src/stm32f4xx_hal_hcd.c ****         {
 461:Drivers/STM32F4xx_HAL_Driver/Src/stm32f4xx_hal_hcd.c ****           hhcd->hc[ch_num].data_pid = HC_PID_DATA0;
 462:Drivers/STM32F4xx_HAL_Driver/Src/stm32f4xx_hal_hcd.c ****         }
 463:Drivers/STM32F4xx_HAL_Driver/Src/stm32f4xx_hal_hcd.c ****         else
 464:Drivers/STM32F4xx_HAL_Driver/Src/stm32f4xx_hal_hcd.c ****         {
 465:Drivers/STM32F4xx_HAL_Driver/Src/stm32f4xx_hal_hcd.c ****           hhcd->hc[ch_num].data_pid = HC_PID_DATA1;
 466:Drivers/STM32F4xx_HAL_Driver/Src/stm32f4xx_hal_hcd.c ****         }
 467:Drivers/STM32F4xx_HAL_Driver/Src/stm32f4xx_hal_hcd.c ****       }
 468:Drivers/STM32F4xx_HAL_Driver/Src/stm32f4xx_hal_hcd.c ****       break;
 469:Drivers/STM32F4xx_HAL_Driver/Src/stm32f4xx_hal_hcd.c **** 
 470:Drivers/STM32F4xx_HAL_Driver/Src/stm32f4xx_hal_hcd.c ****     case EP_TYPE_ISOC:
 471:Drivers/STM32F4xx_HAL_Driver/Src/stm32f4xx_hal_hcd.c ****       hhcd->hc[ch_num].data_pid = HC_PID_DATA0;
 472:Drivers/STM32F4xx_HAL_Driver/Src/stm32f4xx_hal_hcd.c ****       break;
 473:Drivers/STM32F4xx_HAL_Driver/Src/stm32f4xx_hal_hcd.c **** 
 474:Drivers/STM32F4xx_HAL_Driver/Src/stm32f4xx_hal_hcd.c ****     default:
 475:Drivers/STM32F4xx_HAL_Driver/Src/stm32f4xx_hal_hcd.c ****       break;
 476:Drivers/STM32F4xx_HAL_Driver/Src/stm32f4xx_hal_hcd.c ****   }
 477:Drivers/STM32F4xx_HAL_Driver/Src/stm32f4xx_hal_hcd.c **** 
 478:Drivers/STM32F4xx_HAL_Driver/Src/stm32f4xx_hal_hcd.c ****   hhcd->hc[ch_num].xfer_buff = pbuff;
 479:Drivers/STM32F4xx_HAL_Driver/Src/stm32f4xx_hal_hcd.c ****   hhcd->hc[ch_num].xfer_len  = length;
 480:Drivers/STM32F4xx_HAL_Driver/Src/stm32f4xx_hal_hcd.c ****   hhcd->hc[ch_num].urb_state = URB_IDLE;
 481:Drivers/STM32F4xx_HAL_Driver/Src/stm32f4xx_hal_hcd.c ****   hhcd->hc[ch_num].xfer_count = 0U;
 482:Drivers/STM32F4xx_HAL_Driver/Src/stm32f4xx_hal_hcd.c ****   hhcd->hc[ch_num].ch_num = ch_num;
 483:Drivers/STM32F4xx_HAL_Driver/Src/stm32f4xx_hal_hcd.c ****   hhcd->hc[ch_num].state = HC_IDLE;
 484:Drivers/STM32F4xx_HAL_Driver/Src/stm32f4xx_hal_hcd.c **** 
 485:Drivers/STM32F4xx_HAL_Driver/Src/stm32f4xx_hal_hcd.c ****   return USB_HC_StartXfer(hhcd->Instance, &hhcd->hc[ch_num], (uint8_t)hhcd->Init.dma_enable);
 486:Drivers/STM32F4xx_HAL_Driver/Src/stm32f4xx_hal_hcd.c **** }
ARM GAS  /tmp/ccsyczyn.s 			page 10


 487:Drivers/STM32F4xx_HAL_Driver/Src/stm32f4xx_hal_hcd.c **** 
 488:Drivers/STM32F4xx_HAL_Driver/Src/stm32f4xx_hal_hcd.c **** /**
 489:Drivers/STM32F4xx_HAL_Driver/Src/stm32f4xx_hal_hcd.c ****   * @brief  Handle HCD interrupt request.
 490:Drivers/STM32F4xx_HAL_Driver/Src/stm32f4xx_hal_hcd.c ****   * @param  hhcd HCD handle
 491:Drivers/STM32F4xx_HAL_Driver/Src/stm32f4xx_hal_hcd.c ****   * @retval None
 492:Drivers/STM32F4xx_HAL_Driver/Src/stm32f4xx_hal_hcd.c ****   */
 493:Drivers/STM32F4xx_HAL_Driver/Src/stm32f4xx_hal_hcd.c **** void HAL_HCD_IRQHandler(HCD_HandleTypeDef *hhcd)
 494:Drivers/STM32F4xx_HAL_Driver/Src/stm32f4xx_hal_hcd.c **** {
 495:Drivers/STM32F4xx_HAL_Driver/Src/stm32f4xx_hal_hcd.c ****   USB_OTG_GlobalTypeDef *USBx = hhcd->Instance;
 496:Drivers/STM32F4xx_HAL_Driver/Src/stm32f4xx_hal_hcd.c ****   uint32_t USBx_BASE = (uint32_t)USBx;
 497:Drivers/STM32F4xx_HAL_Driver/Src/stm32f4xx_hal_hcd.c ****   uint32_t i;
 498:Drivers/STM32F4xx_HAL_Driver/Src/stm32f4xx_hal_hcd.c ****   uint32_t interrupt;
 499:Drivers/STM32F4xx_HAL_Driver/Src/stm32f4xx_hal_hcd.c **** 
 500:Drivers/STM32F4xx_HAL_Driver/Src/stm32f4xx_hal_hcd.c ****   /* Ensure that we are in device mode */
 501:Drivers/STM32F4xx_HAL_Driver/Src/stm32f4xx_hal_hcd.c ****   if (USB_GetMode(hhcd->Instance) == USB_OTG_MODE_HOST)
 502:Drivers/STM32F4xx_HAL_Driver/Src/stm32f4xx_hal_hcd.c ****   {
 503:Drivers/STM32F4xx_HAL_Driver/Src/stm32f4xx_hal_hcd.c ****     /* Avoid spurious interrupt */
 504:Drivers/STM32F4xx_HAL_Driver/Src/stm32f4xx_hal_hcd.c ****     if (__HAL_HCD_IS_INVALID_INTERRUPT(hhcd))
 505:Drivers/STM32F4xx_HAL_Driver/Src/stm32f4xx_hal_hcd.c ****     {
 506:Drivers/STM32F4xx_HAL_Driver/Src/stm32f4xx_hal_hcd.c ****       return;
 507:Drivers/STM32F4xx_HAL_Driver/Src/stm32f4xx_hal_hcd.c ****     }
 508:Drivers/STM32F4xx_HAL_Driver/Src/stm32f4xx_hal_hcd.c **** 
 509:Drivers/STM32F4xx_HAL_Driver/Src/stm32f4xx_hal_hcd.c ****     if (__HAL_HCD_GET_FLAG(hhcd, USB_OTG_GINTSTS_PXFR_INCOMPISOOUT))
 510:Drivers/STM32F4xx_HAL_Driver/Src/stm32f4xx_hal_hcd.c ****     {
 511:Drivers/STM32F4xx_HAL_Driver/Src/stm32f4xx_hal_hcd.c ****       /* Incorrect mode, acknowledge the interrupt */
 512:Drivers/STM32F4xx_HAL_Driver/Src/stm32f4xx_hal_hcd.c ****       __HAL_HCD_CLEAR_FLAG(hhcd, USB_OTG_GINTSTS_PXFR_INCOMPISOOUT);
 513:Drivers/STM32F4xx_HAL_Driver/Src/stm32f4xx_hal_hcd.c ****     }
 514:Drivers/STM32F4xx_HAL_Driver/Src/stm32f4xx_hal_hcd.c **** 
 515:Drivers/STM32F4xx_HAL_Driver/Src/stm32f4xx_hal_hcd.c ****     if (__HAL_HCD_GET_FLAG(hhcd, USB_OTG_GINTSTS_IISOIXFR))
 516:Drivers/STM32F4xx_HAL_Driver/Src/stm32f4xx_hal_hcd.c ****     {
 517:Drivers/STM32F4xx_HAL_Driver/Src/stm32f4xx_hal_hcd.c ****       /* Incorrect mode, acknowledge the interrupt */
 518:Drivers/STM32F4xx_HAL_Driver/Src/stm32f4xx_hal_hcd.c ****       __HAL_HCD_CLEAR_FLAG(hhcd, USB_OTG_GINTSTS_IISOIXFR);
 519:Drivers/STM32F4xx_HAL_Driver/Src/stm32f4xx_hal_hcd.c ****     }
 520:Drivers/STM32F4xx_HAL_Driver/Src/stm32f4xx_hal_hcd.c **** 
 521:Drivers/STM32F4xx_HAL_Driver/Src/stm32f4xx_hal_hcd.c ****     if (__HAL_HCD_GET_FLAG(hhcd, USB_OTG_GINTSTS_PTXFE))
 522:Drivers/STM32F4xx_HAL_Driver/Src/stm32f4xx_hal_hcd.c ****     {
 523:Drivers/STM32F4xx_HAL_Driver/Src/stm32f4xx_hal_hcd.c ****       /* Incorrect mode, acknowledge the interrupt */
 524:Drivers/STM32F4xx_HAL_Driver/Src/stm32f4xx_hal_hcd.c ****       __HAL_HCD_CLEAR_FLAG(hhcd, USB_OTG_GINTSTS_PTXFE);
 525:Drivers/STM32F4xx_HAL_Driver/Src/stm32f4xx_hal_hcd.c ****     }
 526:Drivers/STM32F4xx_HAL_Driver/Src/stm32f4xx_hal_hcd.c **** 
 527:Drivers/STM32F4xx_HAL_Driver/Src/stm32f4xx_hal_hcd.c ****     if (__HAL_HCD_GET_FLAG(hhcd, USB_OTG_GINTSTS_MMIS))
 528:Drivers/STM32F4xx_HAL_Driver/Src/stm32f4xx_hal_hcd.c ****     {
 529:Drivers/STM32F4xx_HAL_Driver/Src/stm32f4xx_hal_hcd.c ****       /* Incorrect mode, acknowledge the interrupt */
 530:Drivers/STM32F4xx_HAL_Driver/Src/stm32f4xx_hal_hcd.c ****       __HAL_HCD_CLEAR_FLAG(hhcd, USB_OTG_GINTSTS_MMIS);
 531:Drivers/STM32F4xx_HAL_Driver/Src/stm32f4xx_hal_hcd.c ****     }
 532:Drivers/STM32F4xx_HAL_Driver/Src/stm32f4xx_hal_hcd.c **** 
 533:Drivers/STM32F4xx_HAL_Driver/Src/stm32f4xx_hal_hcd.c ****     /* Handle Host Disconnect Interrupts */
 534:Drivers/STM32F4xx_HAL_Driver/Src/stm32f4xx_hal_hcd.c ****     if (__HAL_HCD_GET_FLAG(hhcd, USB_OTG_GINTSTS_DISCINT))
 535:Drivers/STM32F4xx_HAL_Driver/Src/stm32f4xx_hal_hcd.c ****     {
 536:Drivers/STM32F4xx_HAL_Driver/Src/stm32f4xx_hal_hcd.c ****       __HAL_HCD_CLEAR_FLAG(hhcd, USB_OTG_GINTSTS_DISCINT);
 537:Drivers/STM32F4xx_HAL_Driver/Src/stm32f4xx_hal_hcd.c **** 
 538:Drivers/STM32F4xx_HAL_Driver/Src/stm32f4xx_hal_hcd.c ****       if ((USBx_HPRT0 & USB_OTG_HPRT_PCSTS) == 0U)
 539:Drivers/STM32F4xx_HAL_Driver/Src/stm32f4xx_hal_hcd.c ****       {
 540:Drivers/STM32F4xx_HAL_Driver/Src/stm32f4xx_hal_hcd.c ****         /* Flush USB Fifo */
 541:Drivers/STM32F4xx_HAL_Driver/Src/stm32f4xx_hal_hcd.c ****         (void)USB_FlushTxFifo(USBx, 0x10U);
 542:Drivers/STM32F4xx_HAL_Driver/Src/stm32f4xx_hal_hcd.c ****         (void)USB_FlushRxFifo(USBx);
 543:Drivers/STM32F4xx_HAL_Driver/Src/stm32f4xx_hal_hcd.c **** 
ARM GAS  /tmp/ccsyczyn.s 			page 11


 544:Drivers/STM32F4xx_HAL_Driver/Src/stm32f4xx_hal_hcd.c ****         /* Restore FS Clock */
 545:Drivers/STM32F4xx_HAL_Driver/Src/stm32f4xx_hal_hcd.c ****         (void)USB_InitFSLSPClkSel(hhcd->Instance, HCFG_48_MHZ);
 546:Drivers/STM32F4xx_HAL_Driver/Src/stm32f4xx_hal_hcd.c **** 
 547:Drivers/STM32F4xx_HAL_Driver/Src/stm32f4xx_hal_hcd.c ****         /* Handle Host Port Disconnect Interrupt */
 548:Drivers/STM32F4xx_HAL_Driver/Src/stm32f4xx_hal_hcd.c **** #if (USE_HAL_HCD_REGISTER_CALLBACKS == 1U)
 549:Drivers/STM32F4xx_HAL_Driver/Src/stm32f4xx_hal_hcd.c ****         hhcd->DisconnectCallback(hhcd);
 550:Drivers/STM32F4xx_HAL_Driver/Src/stm32f4xx_hal_hcd.c **** #else
 551:Drivers/STM32F4xx_HAL_Driver/Src/stm32f4xx_hal_hcd.c ****         HAL_HCD_Disconnect_Callback(hhcd);
 552:Drivers/STM32F4xx_HAL_Driver/Src/stm32f4xx_hal_hcd.c **** #endif /* USE_HAL_HCD_REGISTER_CALLBACKS */
 553:Drivers/STM32F4xx_HAL_Driver/Src/stm32f4xx_hal_hcd.c ****       }
 554:Drivers/STM32F4xx_HAL_Driver/Src/stm32f4xx_hal_hcd.c ****     }
 555:Drivers/STM32F4xx_HAL_Driver/Src/stm32f4xx_hal_hcd.c **** 
 556:Drivers/STM32F4xx_HAL_Driver/Src/stm32f4xx_hal_hcd.c ****     /* Handle Host Port Interrupts */
 557:Drivers/STM32F4xx_HAL_Driver/Src/stm32f4xx_hal_hcd.c ****     if (__HAL_HCD_GET_FLAG(hhcd, USB_OTG_GINTSTS_HPRTINT))
 558:Drivers/STM32F4xx_HAL_Driver/Src/stm32f4xx_hal_hcd.c ****     {
 559:Drivers/STM32F4xx_HAL_Driver/Src/stm32f4xx_hal_hcd.c ****       HCD_Port_IRQHandler(hhcd);
 560:Drivers/STM32F4xx_HAL_Driver/Src/stm32f4xx_hal_hcd.c ****     }
 561:Drivers/STM32F4xx_HAL_Driver/Src/stm32f4xx_hal_hcd.c **** 
 562:Drivers/STM32F4xx_HAL_Driver/Src/stm32f4xx_hal_hcd.c ****     /* Handle Host SOF Interrupt */
 563:Drivers/STM32F4xx_HAL_Driver/Src/stm32f4xx_hal_hcd.c ****     if (__HAL_HCD_GET_FLAG(hhcd, USB_OTG_GINTSTS_SOF))
 564:Drivers/STM32F4xx_HAL_Driver/Src/stm32f4xx_hal_hcd.c ****     {
 565:Drivers/STM32F4xx_HAL_Driver/Src/stm32f4xx_hal_hcd.c **** #if (USE_HAL_HCD_REGISTER_CALLBACKS == 1U)
 566:Drivers/STM32F4xx_HAL_Driver/Src/stm32f4xx_hal_hcd.c ****       hhcd->SOFCallback(hhcd);
 567:Drivers/STM32F4xx_HAL_Driver/Src/stm32f4xx_hal_hcd.c **** #else
 568:Drivers/STM32F4xx_HAL_Driver/Src/stm32f4xx_hal_hcd.c ****       HAL_HCD_SOF_Callback(hhcd);
 569:Drivers/STM32F4xx_HAL_Driver/Src/stm32f4xx_hal_hcd.c **** #endif /* USE_HAL_HCD_REGISTER_CALLBACKS */
 570:Drivers/STM32F4xx_HAL_Driver/Src/stm32f4xx_hal_hcd.c **** 
 571:Drivers/STM32F4xx_HAL_Driver/Src/stm32f4xx_hal_hcd.c ****       __HAL_HCD_CLEAR_FLAG(hhcd, USB_OTG_GINTSTS_SOF);
 572:Drivers/STM32F4xx_HAL_Driver/Src/stm32f4xx_hal_hcd.c ****     }
 573:Drivers/STM32F4xx_HAL_Driver/Src/stm32f4xx_hal_hcd.c **** 
 574:Drivers/STM32F4xx_HAL_Driver/Src/stm32f4xx_hal_hcd.c ****     /* Handle Rx Queue Level Interrupts */
 575:Drivers/STM32F4xx_HAL_Driver/Src/stm32f4xx_hal_hcd.c ****     if ((__HAL_HCD_GET_FLAG(hhcd, USB_OTG_GINTSTS_RXFLVL)) != 0U)
 576:Drivers/STM32F4xx_HAL_Driver/Src/stm32f4xx_hal_hcd.c ****     {
 577:Drivers/STM32F4xx_HAL_Driver/Src/stm32f4xx_hal_hcd.c ****       USB_MASK_INTERRUPT(hhcd->Instance, USB_OTG_GINTSTS_RXFLVL);
 578:Drivers/STM32F4xx_HAL_Driver/Src/stm32f4xx_hal_hcd.c **** 
 579:Drivers/STM32F4xx_HAL_Driver/Src/stm32f4xx_hal_hcd.c ****       HCD_RXQLVL_IRQHandler(hhcd);
 580:Drivers/STM32F4xx_HAL_Driver/Src/stm32f4xx_hal_hcd.c **** 
 581:Drivers/STM32F4xx_HAL_Driver/Src/stm32f4xx_hal_hcd.c ****       USB_UNMASK_INTERRUPT(hhcd->Instance, USB_OTG_GINTSTS_RXFLVL);
 582:Drivers/STM32F4xx_HAL_Driver/Src/stm32f4xx_hal_hcd.c ****     }
 583:Drivers/STM32F4xx_HAL_Driver/Src/stm32f4xx_hal_hcd.c **** 
 584:Drivers/STM32F4xx_HAL_Driver/Src/stm32f4xx_hal_hcd.c ****     /* Handle Host channel Interrupt */
 585:Drivers/STM32F4xx_HAL_Driver/Src/stm32f4xx_hal_hcd.c ****     if (__HAL_HCD_GET_FLAG(hhcd, USB_OTG_GINTSTS_HCINT))
 586:Drivers/STM32F4xx_HAL_Driver/Src/stm32f4xx_hal_hcd.c ****     {
 587:Drivers/STM32F4xx_HAL_Driver/Src/stm32f4xx_hal_hcd.c ****       interrupt = USB_HC_ReadInterrupt(hhcd->Instance);
 588:Drivers/STM32F4xx_HAL_Driver/Src/stm32f4xx_hal_hcd.c ****       for (i = 0U; i < hhcd->Init.Host_channels; i++)
 589:Drivers/STM32F4xx_HAL_Driver/Src/stm32f4xx_hal_hcd.c ****       {
 590:Drivers/STM32F4xx_HAL_Driver/Src/stm32f4xx_hal_hcd.c ****         if ((interrupt & (1UL << (i & 0xFU))) != 0U)
 591:Drivers/STM32F4xx_HAL_Driver/Src/stm32f4xx_hal_hcd.c ****         {
 592:Drivers/STM32F4xx_HAL_Driver/Src/stm32f4xx_hal_hcd.c ****           if ((USBx_HC(i)->HCCHAR & USB_OTG_HCCHAR_EPDIR) == USB_OTG_HCCHAR_EPDIR)
 593:Drivers/STM32F4xx_HAL_Driver/Src/stm32f4xx_hal_hcd.c ****           {
 594:Drivers/STM32F4xx_HAL_Driver/Src/stm32f4xx_hal_hcd.c ****             HCD_HC_IN_IRQHandler(hhcd, (uint8_t)i);
 595:Drivers/STM32F4xx_HAL_Driver/Src/stm32f4xx_hal_hcd.c ****           }
 596:Drivers/STM32F4xx_HAL_Driver/Src/stm32f4xx_hal_hcd.c ****           else
 597:Drivers/STM32F4xx_HAL_Driver/Src/stm32f4xx_hal_hcd.c ****           {
 598:Drivers/STM32F4xx_HAL_Driver/Src/stm32f4xx_hal_hcd.c ****             HCD_HC_OUT_IRQHandler(hhcd, (uint8_t)i);
 599:Drivers/STM32F4xx_HAL_Driver/Src/stm32f4xx_hal_hcd.c ****           }
 600:Drivers/STM32F4xx_HAL_Driver/Src/stm32f4xx_hal_hcd.c ****         }
ARM GAS  /tmp/ccsyczyn.s 			page 12


 601:Drivers/STM32F4xx_HAL_Driver/Src/stm32f4xx_hal_hcd.c ****       }
 602:Drivers/STM32F4xx_HAL_Driver/Src/stm32f4xx_hal_hcd.c ****       __HAL_HCD_CLEAR_FLAG(hhcd, USB_OTG_GINTSTS_HCINT);
 603:Drivers/STM32F4xx_HAL_Driver/Src/stm32f4xx_hal_hcd.c ****     }
 604:Drivers/STM32F4xx_HAL_Driver/Src/stm32f4xx_hal_hcd.c ****   }
 605:Drivers/STM32F4xx_HAL_Driver/Src/stm32f4xx_hal_hcd.c **** }
 606:Drivers/STM32F4xx_HAL_Driver/Src/stm32f4xx_hal_hcd.c **** 
 607:Drivers/STM32F4xx_HAL_Driver/Src/stm32f4xx_hal_hcd.c **** 
 608:Drivers/STM32F4xx_HAL_Driver/Src/stm32f4xx_hal_hcd.c **** /**
 609:Drivers/STM32F4xx_HAL_Driver/Src/stm32f4xx_hal_hcd.c ****   * @brief  Handles HCD Wakeup interrupt request.
 610:Drivers/STM32F4xx_HAL_Driver/Src/stm32f4xx_hal_hcd.c ****   * @param  hhcd HCD handle
 611:Drivers/STM32F4xx_HAL_Driver/Src/stm32f4xx_hal_hcd.c ****   * @retval HAL status
 612:Drivers/STM32F4xx_HAL_Driver/Src/stm32f4xx_hal_hcd.c ****   */
 613:Drivers/STM32F4xx_HAL_Driver/Src/stm32f4xx_hal_hcd.c **** void HAL_HCD_WKUP_IRQHandler(HCD_HandleTypeDef *hhcd)
 614:Drivers/STM32F4xx_HAL_Driver/Src/stm32f4xx_hal_hcd.c **** {
 615:Drivers/STM32F4xx_HAL_Driver/Src/stm32f4xx_hal_hcd.c ****   UNUSED(hhcd);
 616:Drivers/STM32F4xx_HAL_Driver/Src/stm32f4xx_hal_hcd.c **** }
 617:Drivers/STM32F4xx_HAL_Driver/Src/stm32f4xx_hal_hcd.c **** 
 618:Drivers/STM32F4xx_HAL_Driver/Src/stm32f4xx_hal_hcd.c **** 
 619:Drivers/STM32F4xx_HAL_Driver/Src/stm32f4xx_hal_hcd.c **** /**
 620:Drivers/STM32F4xx_HAL_Driver/Src/stm32f4xx_hal_hcd.c ****   * @brief  SOF callback.
 621:Drivers/STM32F4xx_HAL_Driver/Src/stm32f4xx_hal_hcd.c ****   * @param  hhcd HCD handle
 622:Drivers/STM32F4xx_HAL_Driver/Src/stm32f4xx_hal_hcd.c ****   * @retval None
 623:Drivers/STM32F4xx_HAL_Driver/Src/stm32f4xx_hal_hcd.c ****   */
 624:Drivers/STM32F4xx_HAL_Driver/Src/stm32f4xx_hal_hcd.c **** __weak void HAL_HCD_SOF_Callback(HCD_HandleTypeDef *hhcd)
 625:Drivers/STM32F4xx_HAL_Driver/Src/stm32f4xx_hal_hcd.c **** {
 626:Drivers/STM32F4xx_HAL_Driver/Src/stm32f4xx_hal_hcd.c ****   /* Prevent unused argument(s) compilation warning */
 627:Drivers/STM32F4xx_HAL_Driver/Src/stm32f4xx_hal_hcd.c ****   UNUSED(hhcd);
 628:Drivers/STM32F4xx_HAL_Driver/Src/stm32f4xx_hal_hcd.c **** 
 629:Drivers/STM32F4xx_HAL_Driver/Src/stm32f4xx_hal_hcd.c ****   /* NOTE : This function should not be modified, when the callback is needed,
 630:Drivers/STM32F4xx_HAL_Driver/Src/stm32f4xx_hal_hcd.c ****             the HAL_HCD_SOF_Callback could be implemented in the user file
 631:Drivers/STM32F4xx_HAL_Driver/Src/stm32f4xx_hal_hcd.c ****    */
 632:Drivers/STM32F4xx_HAL_Driver/Src/stm32f4xx_hal_hcd.c **** }
 633:Drivers/STM32F4xx_HAL_Driver/Src/stm32f4xx_hal_hcd.c **** 
 634:Drivers/STM32F4xx_HAL_Driver/Src/stm32f4xx_hal_hcd.c **** /**
 635:Drivers/STM32F4xx_HAL_Driver/Src/stm32f4xx_hal_hcd.c ****   * @brief Connection Event callback.
 636:Drivers/STM32F4xx_HAL_Driver/Src/stm32f4xx_hal_hcd.c ****   * @param  hhcd HCD handle
 637:Drivers/STM32F4xx_HAL_Driver/Src/stm32f4xx_hal_hcd.c ****   * @retval None
 638:Drivers/STM32F4xx_HAL_Driver/Src/stm32f4xx_hal_hcd.c ****   */
 639:Drivers/STM32F4xx_HAL_Driver/Src/stm32f4xx_hal_hcd.c **** __weak void HAL_HCD_Connect_Callback(HCD_HandleTypeDef *hhcd)
 640:Drivers/STM32F4xx_HAL_Driver/Src/stm32f4xx_hal_hcd.c **** {
 641:Drivers/STM32F4xx_HAL_Driver/Src/stm32f4xx_hal_hcd.c ****   /* Prevent unused argument(s) compilation warning */
 642:Drivers/STM32F4xx_HAL_Driver/Src/stm32f4xx_hal_hcd.c ****   UNUSED(hhcd);
 643:Drivers/STM32F4xx_HAL_Driver/Src/stm32f4xx_hal_hcd.c **** 
 644:Drivers/STM32F4xx_HAL_Driver/Src/stm32f4xx_hal_hcd.c ****   /* NOTE : This function should not be modified, when the callback is needed,
 645:Drivers/STM32F4xx_HAL_Driver/Src/stm32f4xx_hal_hcd.c ****             the HAL_HCD_Connect_Callback could be implemented in the user file
 646:Drivers/STM32F4xx_HAL_Driver/Src/stm32f4xx_hal_hcd.c ****    */
 647:Drivers/STM32F4xx_HAL_Driver/Src/stm32f4xx_hal_hcd.c **** }
 648:Drivers/STM32F4xx_HAL_Driver/Src/stm32f4xx_hal_hcd.c **** 
 649:Drivers/STM32F4xx_HAL_Driver/Src/stm32f4xx_hal_hcd.c **** /**
 650:Drivers/STM32F4xx_HAL_Driver/Src/stm32f4xx_hal_hcd.c ****   * @brief  Disconnection Event callback.
 651:Drivers/STM32F4xx_HAL_Driver/Src/stm32f4xx_hal_hcd.c ****   * @param  hhcd HCD handle
 652:Drivers/STM32F4xx_HAL_Driver/Src/stm32f4xx_hal_hcd.c ****   * @retval None
 653:Drivers/STM32F4xx_HAL_Driver/Src/stm32f4xx_hal_hcd.c ****   */
 654:Drivers/STM32F4xx_HAL_Driver/Src/stm32f4xx_hal_hcd.c **** __weak void HAL_HCD_Disconnect_Callback(HCD_HandleTypeDef *hhcd)
 655:Drivers/STM32F4xx_HAL_Driver/Src/stm32f4xx_hal_hcd.c **** {
 656:Drivers/STM32F4xx_HAL_Driver/Src/stm32f4xx_hal_hcd.c ****   /* Prevent unused argument(s) compilation warning */
 657:Drivers/STM32F4xx_HAL_Driver/Src/stm32f4xx_hal_hcd.c ****   UNUSED(hhcd);
ARM GAS  /tmp/ccsyczyn.s 			page 13


 658:Drivers/STM32F4xx_HAL_Driver/Src/stm32f4xx_hal_hcd.c **** 
 659:Drivers/STM32F4xx_HAL_Driver/Src/stm32f4xx_hal_hcd.c ****   /* NOTE : This function should not be modified, when the callback is needed,
 660:Drivers/STM32F4xx_HAL_Driver/Src/stm32f4xx_hal_hcd.c ****             the HAL_HCD_Disconnect_Callback could be implemented in the user file
 661:Drivers/STM32F4xx_HAL_Driver/Src/stm32f4xx_hal_hcd.c ****    */
 662:Drivers/STM32F4xx_HAL_Driver/Src/stm32f4xx_hal_hcd.c **** }
 663:Drivers/STM32F4xx_HAL_Driver/Src/stm32f4xx_hal_hcd.c **** 
 664:Drivers/STM32F4xx_HAL_Driver/Src/stm32f4xx_hal_hcd.c **** /**
 665:Drivers/STM32F4xx_HAL_Driver/Src/stm32f4xx_hal_hcd.c ****   * @brief  Port Enabled  Event callback.
 666:Drivers/STM32F4xx_HAL_Driver/Src/stm32f4xx_hal_hcd.c ****   * @param  hhcd HCD handle
 667:Drivers/STM32F4xx_HAL_Driver/Src/stm32f4xx_hal_hcd.c ****   * @retval None
 668:Drivers/STM32F4xx_HAL_Driver/Src/stm32f4xx_hal_hcd.c ****   */
 669:Drivers/STM32F4xx_HAL_Driver/Src/stm32f4xx_hal_hcd.c **** __weak void HAL_HCD_PortEnabled_Callback(HCD_HandleTypeDef *hhcd)
 670:Drivers/STM32F4xx_HAL_Driver/Src/stm32f4xx_hal_hcd.c **** {
 671:Drivers/STM32F4xx_HAL_Driver/Src/stm32f4xx_hal_hcd.c ****   /* Prevent unused argument(s) compilation warning */
 672:Drivers/STM32F4xx_HAL_Driver/Src/stm32f4xx_hal_hcd.c ****   UNUSED(hhcd);
 673:Drivers/STM32F4xx_HAL_Driver/Src/stm32f4xx_hal_hcd.c **** 
 674:Drivers/STM32F4xx_HAL_Driver/Src/stm32f4xx_hal_hcd.c ****   /* NOTE : This function should not be modified, when the callback is needed,
 675:Drivers/STM32F4xx_HAL_Driver/Src/stm32f4xx_hal_hcd.c ****             the HAL_HCD_Disconnect_Callback could be implemented in the user file
 676:Drivers/STM32F4xx_HAL_Driver/Src/stm32f4xx_hal_hcd.c ****    */
 677:Drivers/STM32F4xx_HAL_Driver/Src/stm32f4xx_hal_hcd.c **** }
 678:Drivers/STM32F4xx_HAL_Driver/Src/stm32f4xx_hal_hcd.c **** 
 679:Drivers/STM32F4xx_HAL_Driver/Src/stm32f4xx_hal_hcd.c **** /**
 680:Drivers/STM32F4xx_HAL_Driver/Src/stm32f4xx_hal_hcd.c ****   * @brief  Port Disabled  Event callback.
 681:Drivers/STM32F4xx_HAL_Driver/Src/stm32f4xx_hal_hcd.c ****   * @param  hhcd HCD handle
 682:Drivers/STM32F4xx_HAL_Driver/Src/stm32f4xx_hal_hcd.c ****   * @retval None
 683:Drivers/STM32F4xx_HAL_Driver/Src/stm32f4xx_hal_hcd.c ****   */
 684:Drivers/STM32F4xx_HAL_Driver/Src/stm32f4xx_hal_hcd.c **** __weak void HAL_HCD_PortDisabled_Callback(HCD_HandleTypeDef *hhcd)
 685:Drivers/STM32F4xx_HAL_Driver/Src/stm32f4xx_hal_hcd.c **** {
 686:Drivers/STM32F4xx_HAL_Driver/Src/stm32f4xx_hal_hcd.c ****   /* Prevent unused argument(s) compilation warning */
 687:Drivers/STM32F4xx_HAL_Driver/Src/stm32f4xx_hal_hcd.c ****   UNUSED(hhcd);
 688:Drivers/STM32F4xx_HAL_Driver/Src/stm32f4xx_hal_hcd.c **** 
 689:Drivers/STM32F4xx_HAL_Driver/Src/stm32f4xx_hal_hcd.c ****   /* NOTE : This function should not be modified, when the callback is needed,
 690:Drivers/STM32F4xx_HAL_Driver/Src/stm32f4xx_hal_hcd.c ****             the HAL_HCD_Disconnect_Callback could be implemented in the user file
 691:Drivers/STM32F4xx_HAL_Driver/Src/stm32f4xx_hal_hcd.c ****    */
 692:Drivers/STM32F4xx_HAL_Driver/Src/stm32f4xx_hal_hcd.c **** }
 693:Drivers/STM32F4xx_HAL_Driver/Src/stm32f4xx_hal_hcd.c **** 
 694:Drivers/STM32F4xx_HAL_Driver/Src/stm32f4xx_hal_hcd.c **** /**
 695:Drivers/STM32F4xx_HAL_Driver/Src/stm32f4xx_hal_hcd.c ****   * @brief  Notify URB state change callback.
 696:Drivers/STM32F4xx_HAL_Driver/Src/stm32f4xx_hal_hcd.c ****   * @param  hhcd HCD handle
 697:Drivers/STM32F4xx_HAL_Driver/Src/stm32f4xx_hal_hcd.c ****   * @param  chnum Channel number.
 698:Drivers/STM32F4xx_HAL_Driver/Src/stm32f4xx_hal_hcd.c ****   *         This parameter can be a value from 1 to 15
 699:Drivers/STM32F4xx_HAL_Driver/Src/stm32f4xx_hal_hcd.c ****   * @param  urb_state:
 700:Drivers/STM32F4xx_HAL_Driver/Src/stm32f4xx_hal_hcd.c ****   *          This parameter can be one of these values:
 701:Drivers/STM32F4xx_HAL_Driver/Src/stm32f4xx_hal_hcd.c ****   *            URB_IDLE/
 702:Drivers/STM32F4xx_HAL_Driver/Src/stm32f4xx_hal_hcd.c ****   *            URB_DONE/
 703:Drivers/STM32F4xx_HAL_Driver/Src/stm32f4xx_hal_hcd.c ****   *            URB_NOTREADY/
 704:Drivers/STM32F4xx_HAL_Driver/Src/stm32f4xx_hal_hcd.c ****   *            URB_NYET/
 705:Drivers/STM32F4xx_HAL_Driver/Src/stm32f4xx_hal_hcd.c ****   *            URB_ERROR/
 706:Drivers/STM32F4xx_HAL_Driver/Src/stm32f4xx_hal_hcd.c ****   *            URB_STALL/
 707:Drivers/STM32F4xx_HAL_Driver/Src/stm32f4xx_hal_hcd.c ****   * @retval None
 708:Drivers/STM32F4xx_HAL_Driver/Src/stm32f4xx_hal_hcd.c ****   */
 709:Drivers/STM32F4xx_HAL_Driver/Src/stm32f4xx_hal_hcd.c **** __weak void HAL_HCD_HC_NotifyURBChange_Callback(HCD_HandleTypeDef *hhcd, uint8_t chnum, HCD_URBStat
 710:Drivers/STM32F4xx_HAL_Driver/Src/stm32f4xx_hal_hcd.c **** {
 711:Drivers/STM32F4xx_HAL_Driver/Src/stm32f4xx_hal_hcd.c ****   /* Prevent unused argument(s) compilation warning */
 712:Drivers/STM32F4xx_HAL_Driver/Src/stm32f4xx_hal_hcd.c ****   UNUSED(hhcd);
 713:Drivers/STM32F4xx_HAL_Driver/Src/stm32f4xx_hal_hcd.c ****   UNUSED(chnum);
 714:Drivers/STM32F4xx_HAL_Driver/Src/stm32f4xx_hal_hcd.c ****   UNUSED(urb_state);
ARM GAS  /tmp/ccsyczyn.s 			page 14


 715:Drivers/STM32F4xx_HAL_Driver/Src/stm32f4xx_hal_hcd.c **** 
 716:Drivers/STM32F4xx_HAL_Driver/Src/stm32f4xx_hal_hcd.c ****   /* NOTE : This function should not be modified, when the callback is needed,
 717:Drivers/STM32F4xx_HAL_Driver/Src/stm32f4xx_hal_hcd.c ****             the HAL_HCD_HC_NotifyURBChange_Callback could be implemented in the user file
 718:Drivers/STM32F4xx_HAL_Driver/Src/stm32f4xx_hal_hcd.c ****    */
 719:Drivers/STM32F4xx_HAL_Driver/Src/stm32f4xx_hal_hcd.c **** }
 720:Drivers/STM32F4xx_HAL_Driver/Src/stm32f4xx_hal_hcd.c **** 
 721:Drivers/STM32F4xx_HAL_Driver/Src/stm32f4xx_hal_hcd.c **** #if (USE_HAL_HCD_REGISTER_CALLBACKS == 1U)
 722:Drivers/STM32F4xx_HAL_Driver/Src/stm32f4xx_hal_hcd.c **** /**
 723:Drivers/STM32F4xx_HAL_Driver/Src/stm32f4xx_hal_hcd.c ****   * @brief  Register a User USB HCD Callback
 724:Drivers/STM32F4xx_HAL_Driver/Src/stm32f4xx_hal_hcd.c ****   *         To be used instead of the weak predefined callback
 725:Drivers/STM32F4xx_HAL_Driver/Src/stm32f4xx_hal_hcd.c ****   * @param  hhcd USB HCD handle
 726:Drivers/STM32F4xx_HAL_Driver/Src/stm32f4xx_hal_hcd.c ****   * @param  CallbackID ID of the callback to be registered
 727:Drivers/STM32F4xx_HAL_Driver/Src/stm32f4xx_hal_hcd.c ****   *         This parameter can be one of the following values:
 728:Drivers/STM32F4xx_HAL_Driver/Src/stm32f4xx_hal_hcd.c ****   *          @arg @ref HAL_HCD_SOF_CB_ID USB HCD SOF callback ID
 729:Drivers/STM32F4xx_HAL_Driver/Src/stm32f4xx_hal_hcd.c ****   *          @arg @ref HAL_HCD_CONNECT_CB_ID USB HCD Connect callback ID
 730:Drivers/STM32F4xx_HAL_Driver/Src/stm32f4xx_hal_hcd.c ****   *          @arg @ref HAL_HCD_DISCONNECT_CB_ID OTG HCD Disconnect callback ID
 731:Drivers/STM32F4xx_HAL_Driver/Src/stm32f4xx_hal_hcd.c ****   *          @arg @ref HAL_HCD_PORT_ENABLED_CB_ID USB HCD Port Enable callback ID
 732:Drivers/STM32F4xx_HAL_Driver/Src/stm32f4xx_hal_hcd.c ****   *          @arg @ref HAL_HCD_PORT_DISABLED_CB_ID USB HCD Port Disable callback ID
 733:Drivers/STM32F4xx_HAL_Driver/Src/stm32f4xx_hal_hcd.c ****   *          @arg @ref HAL_HCD_MSPINIT_CB_ID MspDeInit callback ID
 734:Drivers/STM32F4xx_HAL_Driver/Src/stm32f4xx_hal_hcd.c ****   *          @arg @ref HAL_HCD_MSPDEINIT_CB_ID MspDeInit callback ID
 735:Drivers/STM32F4xx_HAL_Driver/Src/stm32f4xx_hal_hcd.c ****   * @param  pCallback pointer to the Callback function
 736:Drivers/STM32F4xx_HAL_Driver/Src/stm32f4xx_hal_hcd.c ****   * @retval HAL status
 737:Drivers/STM32F4xx_HAL_Driver/Src/stm32f4xx_hal_hcd.c ****   */
 738:Drivers/STM32F4xx_HAL_Driver/Src/stm32f4xx_hal_hcd.c **** HAL_StatusTypeDef HAL_HCD_RegisterCallback(HCD_HandleTypeDef *hhcd,
 739:Drivers/STM32F4xx_HAL_Driver/Src/stm32f4xx_hal_hcd.c ****                                            HAL_HCD_CallbackIDTypeDef CallbackID,
 740:Drivers/STM32F4xx_HAL_Driver/Src/stm32f4xx_hal_hcd.c ****                                            pHCD_CallbackTypeDef pCallback)
 741:Drivers/STM32F4xx_HAL_Driver/Src/stm32f4xx_hal_hcd.c **** {
 742:Drivers/STM32F4xx_HAL_Driver/Src/stm32f4xx_hal_hcd.c ****   HAL_StatusTypeDef status = HAL_OK;
 743:Drivers/STM32F4xx_HAL_Driver/Src/stm32f4xx_hal_hcd.c **** 
 744:Drivers/STM32F4xx_HAL_Driver/Src/stm32f4xx_hal_hcd.c ****   if (pCallback == NULL)
 745:Drivers/STM32F4xx_HAL_Driver/Src/stm32f4xx_hal_hcd.c ****   {
 746:Drivers/STM32F4xx_HAL_Driver/Src/stm32f4xx_hal_hcd.c ****     /* Update the error code */
 747:Drivers/STM32F4xx_HAL_Driver/Src/stm32f4xx_hal_hcd.c ****     hhcd->ErrorCode |= HAL_HCD_ERROR_INVALID_CALLBACK;
 748:Drivers/STM32F4xx_HAL_Driver/Src/stm32f4xx_hal_hcd.c ****     return HAL_ERROR;
 749:Drivers/STM32F4xx_HAL_Driver/Src/stm32f4xx_hal_hcd.c ****   }
 750:Drivers/STM32F4xx_HAL_Driver/Src/stm32f4xx_hal_hcd.c ****   /* Process locked */
 751:Drivers/STM32F4xx_HAL_Driver/Src/stm32f4xx_hal_hcd.c ****   __HAL_LOCK(hhcd);
 752:Drivers/STM32F4xx_HAL_Driver/Src/stm32f4xx_hal_hcd.c **** 
 753:Drivers/STM32F4xx_HAL_Driver/Src/stm32f4xx_hal_hcd.c ****   if (hhcd->State == HAL_HCD_STATE_READY)
 754:Drivers/STM32F4xx_HAL_Driver/Src/stm32f4xx_hal_hcd.c ****   {
 755:Drivers/STM32F4xx_HAL_Driver/Src/stm32f4xx_hal_hcd.c ****     switch (CallbackID)
 756:Drivers/STM32F4xx_HAL_Driver/Src/stm32f4xx_hal_hcd.c ****     {
 757:Drivers/STM32F4xx_HAL_Driver/Src/stm32f4xx_hal_hcd.c ****       case HAL_HCD_SOF_CB_ID :
 758:Drivers/STM32F4xx_HAL_Driver/Src/stm32f4xx_hal_hcd.c ****         hhcd->SOFCallback = pCallback;
 759:Drivers/STM32F4xx_HAL_Driver/Src/stm32f4xx_hal_hcd.c ****         break;
 760:Drivers/STM32F4xx_HAL_Driver/Src/stm32f4xx_hal_hcd.c **** 
 761:Drivers/STM32F4xx_HAL_Driver/Src/stm32f4xx_hal_hcd.c ****       case HAL_HCD_CONNECT_CB_ID :
 762:Drivers/STM32F4xx_HAL_Driver/Src/stm32f4xx_hal_hcd.c ****         hhcd->ConnectCallback = pCallback;
 763:Drivers/STM32F4xx_HAL_Driver/Src/stm32f4xx_hal_hcd.c ****         break;
 764:Drivers/STM32F4xx_HAL_Driver/Src/stm32f4xx_hal_hcd.c **** 
 765:Drivers/STM32F4xx_HAL_Driver/Src/stm32f4xx_hal_hcd.c ****       case HAL_HCD_DISCONNECT_CB_ID :
 766:Drivers/STM32F4xx_HAL_Driver/Src/stm32f4xx_hal_hcd.c ****         hhcd->DisconnectCallback = pCallback;
 767:Drivers/STM32F4xx_HAL_Driver/Src/stm32f4xx_hal_hcd.c ****         break;
 768:Drivers/STM32F4xx_HAL_Driver/Src/stm32f4xx_hal_hcd.c **** 
 769:Drivers/STM32F4xx_HAL_Driver/Src/stm32f4xx_hal_hcd.c ****       case HAL_HCD_PORT_ENABLED_CB_ID :
 770:Drivers/STM32F4xx_HAL_Driver/Src/stm32f4xx_hal_hcd.c ****         hhcd->PortEnabledCallback = pCallback;
 771:Drivers/STM32F4xx_HAL_Driver/Src/stm32f4xx_hal_hcd.c ****         break;
ARM GAS  /tmp/ccsyczyn.s 			page 15


 772:Drivers/STM32F4xx_HAL_Driver/Src/stm32f4xx_hal_hcd.c **** 
 773:Drivers/STM32F4xx_HAL_Driver/Src/stm32f4xx_hal_hcd.c ****       case HAL_HCD_PORT_DISABLED_CB_ID :
 774:Drivers/STM32F4xx_HAL_Driver/Src/stm32f4xx_hal_hcd.c ****         hhcd->PortDisabledCallback = pCallback;
 775:Drivers/STM32F4xx_HAL_Driver/Src/stm32f4xx_hal_hcd.c ****         break;
 776:Drivers/STM32F4xx_HAL_Driver/Src/stm32f4xx_hal_hcd.c **** 
 777:Drivers/STM32F4xx_HAL_Driver/Src/stm32f4xx_hal_hcd.c ****       case HAL_HCD_MSPINIT_CB_ID :
 778:Drivers/STM32F4xx_HAL_Driver/Src/stm32f4xx_hal_hcd.c ****         hhcd->MspInitCallback = pCallback;
 779:Drivers/STM32F4xx_HAL_Driver/Src/stm32f4xx_hal_hcd.c ****         break;
 780:Drivers/STM32F4xx_HAL_Driver/Src/stm32f4xx_hal_hcd.c **** 
 781:Drivers/STM32F4xx_HAL_Driver/Src/stm32f4xx_hal_hcd.c ****       case HAL_HCD_MSPDEINIT_CB_ID :
 782:Drivers/STM32F4xx_HAL_Driver/Src/stm32f4xx_hal_hcd.c ****         hhcd->MspDeInitCallback = pCallback;
 783:Drivers/STM32F4xx_HAL_Driver/Src/stm32f4xx_hal_hcd.c ****         break;
 784:Drivers/STM32F4xx_HAL_Driver/Src/stm32f4xx_hal_hcd.c **** 
 785:Drivers/STM32F4xx_HAL_Driver/Src/stm32f4xx_hal_hcd.c ****       default :
 786:Drivers/STM32F4xx_HAL_Driver/Src/stm32f4xx_hal_hcd.c ****         /* Update the error code */
 787:Drivers/STM32F4xx_HAL_Driver/Src/stm32f4xx_hal_hcd.c ****         hhcd->ErrorCode |= HAL_HCD_ERROR_INVALID_CALLBACK;
 788:Drivers/STM32F4xx_HAL_Driver/Src/stm32f4xx_hal_hcd.c ****         /* Return error status */
 789:Drivers/STM32F4xx_HAL_Driver/Src/stm32f4xx_hal_hcd.c ****         status =  HAL_ERROR;
 790:Drivers/STM32F4xx_HAL_Driver/Src/stm32f4xx_hal_hcd.c ****         break;
 791:Drivers/STM32F4xx_HAL_Driver/Src/stm32f4xx_hal_hcd.c ****     }
 792:Drivers/STM32F4xx_HAL_Driver/Src/stm32f4xx_hal_hcd.c ****   }
 793:Drivers/STM32F4xx_HAL_Driver/Src/stm32f4xx_hal_hcd.c ****   else if (hhcd->State == HAL_HCD_STATE_RESET)
 794:Drivers/STM32F4xx_HAL_Driver/Src/stm32f4xx_hal_hcd.c ****   {
 795:Drivers/STM32F4xx_HAL_Driver/Src/stm32f4xx_hal_hcd.c ****     switch (CallbackID)
 796:Drivers/STM32F4xx_HAL_Driver/Src/stm32f4xx_hal_hcd.c ****     {
 797:Drivers/STM32F4xx_HAL_Driver/Src/stm32f4xx_hal_hcd.c ****       case HAL_HCD_MSPINIT_CB_ID :
 798:Drivers/STM32F4xx_HAL_Driver/Src/stm32f4xx_hal_hcd.c ****         hhcd->MspInitCallback = pCallback;
 799:Drivers/STM32F4xx_HAL_Driver/Src/stm32f4xx_hal_hcd.c ****         break;
 800:Drivers/STM32F4xx_HAL_Driver/Src/stm32f4xx_hal_hcd.c **** 
 801:Drivers/STM32F4xx_HAL_Driver/Src/stm32f4xx_hal_hcd.c ****       case HAL_HCD_MSPDEINIT_CB_ID :
 802:Drivers/STM32F4xx_HAL_Driver/Src/stm32f4xx_hal_hcd.c ****         hhcd->MspDeInitCallback = pCallback;
 803:Drivers/STM32F4xx_HAL_Driver/Src/stm32f4xx_hal_hcd.c ****         break;
 804:Drivers/STM32F4xx_HAL_Driver/Src/stm32f4xx_hal_hcd.c **** 
 805:Drivers/STM32F4xx_HAL_Driver/Src/stm32f4xx_hal_hcd.c ****       default :
 806:Drivers/STM32F4xx_HAL_Driver/Src/stm32f4xx_hal_hcd.c ****         /* Update the error code */
 807:Drivers/STM32F4xx_HAL_Driver/Src/stm32f4xx_hal_hcd.c ****         hhcd->ErrorCode |= HAL_HCD_ERROR_INVALID_CALLBACK;
 808:Drivers/STM32F4xx_HAL_Driver/Src/stm32f4xx_hal_hcd.c ****         /* Return error status */
 809:Drivers/STM32F4xx_HAL_Driver/Src/stm32f4xx_hal_hcd.c ****         status =  HAL_ERROR;
 810:Drivers/STM32F4xx_HAL_Driver/Src/stm32f4xx_hal_hcd.c ****         break;
 811:Drivers/STM32F4xx_HAL_Driver/Src/stm32f4xx_hal_hcd.c ****     }
 812:Drivers/STM32F4xx_HAL_Driver/Src/stm32f4xx_hal_hcd.c ****   }
 813:Drivers/STM32F4xx_HAL_Driver/Src/stm32f4xx_hal_hcd.c ****   else
 814:Drivers/STM32F4xx_HAL_Driver/Src/stm32f4xx_hal_hcd.c ****   {
 815:Drivers/STM32F4xx_HAL_Driver/Src/stm32f4xx_hal_hcd.c ****     /* Update the error code */
 816:Drivers/STM32F4xx_HAL_Driver/Src/stm32f4xx_hal_hcd.c ****     hhcd->ErrorCode |= HAL_HCD_ERROR_INVALID_CALLBACK;
 817:Drivers/STM32F4xx_HAL_Driver/Src/stm32f4xx_hal_hcd.c ****     /* Return error status */
 818:Drivers/STM32F4xx_HAL_Driver/Src/stm32f4xx_hal_hcd.c ****     status =  HAL_ERROR;
 819:Drivers/STM32F4xx_HAL_Driver/Src/stm32f4xx_hal_hcd.c ****   }
 820:Drivers/STM32F4xx_HAL_Driver/Src/stm32f4xx_hal_hcd.c **** 
 821:Drivers/STM32F4xx_HAL_Driver/Src/stm32f4xx_hal_hcd.c ****   /* Release Lock */
 822:Drivers/STM32F4xx_HAL_Driver/Src/stm32f4xx_hal_hcd.c ****   __HAL_UNLOCK(hhcd);
 823:Drivers/STM32F4xx_HAL_Driver/Src/stm32f4xx_hal_hcd.c ****   return status;
 824:Drivers/STM32F4xx_HAL_Driver/Src/stm32f4xx_hal_hcd.c **** }
 825:Drivers/STM32F4xx_HAL_Driver/Src/stm32f4xx_hal_hcd.c **** 
 826:Drivers/STM32F4xx_HAL_Driver/Src/stm32f4xx_hal_hcd.c **** /**
 827:Drivers/STM32F4xx_HAL_Driver/Src/stm32f4xx_hal_hcd.c ****   * @brief  Unregister an USB HCD Callback
 828:Drivers/STM32F4xx_HAL_Driver/Src/stm32f4xx_hal_hcd.c ****   *         USB HCD callback is redirected to the weak predefined callback
ARM GAS  /tmp/ccsyczyn.s 			page 16


 829:Drivers/STM32F4xx_HAL_Driver/Src/stm32f4xx_hal_hcd.c ****   * @param  hhcd USB HCD handle
 830:Drivers/STM32F4xx_HAL_Driver/Src/stm32f4xx_hal_hcd.c ****   * @param  CallbackID ID of the callback to be unregistered
 831:Drivers/STM32F4xx_HAL_Driver/Src/stm32f4xx_hal_hcd.c ****   *         This parameter can be one of the following values:
 832:Drivers/STM32F4xx_HAL_Driver/Src/stm32f4xx_hal_hcd.c ****   *          @arg @ref HAL_HCD_SOF_CB_ID USB HCD SOF callback ID
 833:Drivers/STM32F4xx_HAL_Driver/Src/stm32f4xx_hal_hcd.c ****   *          @arg @ref HAL_HCD_CONNECT_CB_ID USB HCD Connect callback ID
 834:Drivers/STM32F4xx_HAL_Driver/Src/stm32f4xx_hal_hcd.c ****   *          @arg @ref HAL_HCD_DISCONNECT_CB_ID OTG HCD Disconnect callback ID
 835:Drivers/STM32F4xx_HAL_Driver/Src/stm32f4xx_hal_hcd.c ****   *          @arg @ref HAL_HCD_PORT_ENABLED_CB_ID USB HCD Port Enabled callback ID
 836:Drivers/STM32F4xx_HAL_Driver/Src/stm32f4xx_hal_hcd.c ****   *          @arg @ref HAL_HCD_PORT_DISABLED_CB_ID USB HCD Port Disabled callback ID
 837:Drivers/STM32F4xx_HAL_Driver/Src/stm32f4xx_hal_hcd.c ****   *          @arg @ref HAL_HCD_MSPINIT_CB_ID MspDeInit callback ID
 838:Drivers/STM32F4xx_HAL_Driver/Src/stm32f4xx_hal_hcd.c ****   *          @arg @ref HAL_HCD_MSPDEINIT_CB_ID MspDeInit callback ID
 839:Drivers/STM32F4xx_HAL_Driver/Src/stm32f4xx_hal_hcd.c ****   * @retval HAL status
 840:Drivers/STM32F4xx_HAL_Driver/Src/stm32f4xx_hal_hcd.c ****   */
 841:Drivers/STM32F4xx_HAL_Driver/Src/stm32f4xx_hal_hcd.c **** HAL_StatusTypeDef HAL_HCD_UnRegisterCallback(HCD_HandleTypeDef *hhcd, HAL_HCD_CallbackIDTypeDef Cal
 842:Drivers/STM32F4xx_HAL_Driver/Src/stm32f4xx_hal_hcd.c **** {
 843:Drivers/STM32F4xx_HAL_Driver/Src/stm32f4xx_hal_hcd.c ****   HAL_StatusTypeDef status = HAL_OK;
 844:Drivers/STM32F4xx_HAL_Driver/Src/stm32f4xx_hal_hcd.c **** 
 845:Drivers/STM32F4xx_HAL_Driver/Src/stm32f4xx_hal_hcd.c ****   /* Process locked */
 846:Drivers/STM32F4xx_HAL_Driver/Src/stm32f4xx_hal_hcd.c ****   __HAL_LOCK(hhcd);
 847:Drivers/STM32F4xx_HAL_Driver/Src/stm32f4xx_hal_hcd.c **** 
 848:Drivers/STM32F4xx_HAL_Driver/Src/stm32f4xx_hal_hcd.c ****   /* Setup Legacy weak Callbacks  */
 849:Drivers/STM32F4xx_HAL_Driver/Src/stm32f4xx_hal_hcd.c ****   if (hhcd->State == HAL_HCD_STATE_READY)
 850:Drivers/STM32F4xx_HAL_Driver/Src/stm32f4xx_hal_hcd.c ****   {
 851:Drivers/STM32F4xx_HAL_Driver/Src/stm32f4xx_hal_hcd.c ****     switch (CallbackID)
 852:Drivers/STM32F4xx_HAL_Driver/Src/stm32f4xx_hal_hcd.c ****     {
 853:Drivers/STM32F4xx_HAL_Driver/Src/stm32f4xx_hal_hcd.c ****       case HAL_HCD_SOF_CB_ID :
 854:Drivers/STM32F4xx_HAL_Driver/Src/stm32f4xx_hal_hcd.c ****         hhcd->SOFCallback = HAL_HCD_SOF_Callback;
 855:Drivers/STM32F4xx_HAL_Driver/Src/stm32f4xx_hal_hcd.c ****         break;
 856:Drivers/STM32F4xx_HAL_Driver/Src/stm32f4xx_hal_hcd.c **** 
 857:Drivers/STM32F4xx_HAL_Driver/Src/stm32f4xx_hal_hcd.c ****       case HAL_HCD_CONNECT_CB_ID :
 858:Drivers/STM32F4xx_HAL_Driver/Src/stm32f4xx_hal_hcd.c ****         hhcd->ConnectCallback = HAL_HCD_Connect_Callback;
 859:Drivers/STM32F4xx_HAL_Driver/Src/stm32f4xx_hal_hcd.c ****         break;
 860:Drivers/STM32F4xx_HAL_Driver/Src/stm32f4xx_hal_hcd.c **** 
 861:Drivers/STM32F4xx_HAL_Driver/Src/stm32f4xx_hal_hcd.c ****       case HAL_HCD_DISCONNECT_CB_ID :
 862:Drivers/STM32F4xx_HAL_Driver/Src/stm32f4xx_hal_hcd.c ****         hhcd->DisconnectCallback = HAL_HCD_Disconnect_Callback;
 863:Drivers/STM32F4xx_HAL_Driver/Src/stm32f4xx_hal_hcd.c ****         break;
 864:Drivers/STM32F4xx_HAL_Driver/Src/stm32f4xx_hal_hcd.c **** 
 865:Drivers/STM32F4xx_HAL_Driver/Src/stm32f4xx_hal_hcd.c ****       case HAL_HCD_PORT_ENABLED_CB_ID :
 866:Drivers/STM32F4xx_HAL_Driver/Src/stm32f4xx_hal_hcd.c ****         hhcd->PortEnabledCallback = HAL_HCD_PortEnabled_Callback;
 867:Drivers/STM32F4xx_HAL_Driver/Src/stm32f4xx_hal_hcd.c ****         break;
 868:Drivers/STM32F4xx_HAL_Driver/Src/stm32f4xx_hal_hcd.c **** 
 869:Drivers/STM32F4xx_HAL_Driver/Src/stm32f4xx_hal_hcd.c ****       case HAL_HCD_PORT_DISABLED_CB_ID :
 870:Drivers/STM32F4xx_HAL_Driver/Src/stm32f4xx_hal_hcd.c ****         hhcd->PortDisabledCallback = HAL_HCD_PortDisabled_Callback;
 871:Drivers/STM32F4xx_HAL_Driver/Src/stm32f4xx_hal_hcd.c ****         break;
 872:Drivers/STM32F4xx_HAL_Driver/Src/stm32f4xx_hal_hcd.c **** 
 873:Drivers/STM32F4xx_HAL_Driver/Src/stm32f4xx_hal_hcd.c ****       case HAL_HCD_MSPINIT_CB_ID :
 874:Drivers/STM32F4xx_HAL_Driver/Src/stm32f4xx_hal_hcd.c ****         hhcd->MspInitCallback = HAL_HCD_MspInit;
 875:Drivers/STM32F4xx_HAL_Driver/Src/stm32f4xx_hal_hcd.c ****         break;
 876:Drivers/STM32F4xx_HAL_Driver/Src/stm32f4xx_hal_hcd.c **** 
 877:Drivers/STM32F4xx_HAL_Driver/Src/stm32f4xx_hal_hcd.c ****       case HAL_HCD_MSPDEINIT_CB_ID :
 878:Drivers/STM32F4xx_HAL_Driver/Src/stm32f4xx_hal_hcd.c ****         hhcd->MspDeInitCallback = HAL_HCD_MspDeInit;
 879:Drivers/STM32F4xx_HAL_Driver/Src/stm32f4xx_hal_hcd.c ****         break;
 880:Drivers/STM32F4xx_HAL_Driver/Src/stm32f4xx_hal_hcd.c **** 
 881:Drivers/STM32F4xx_HAL_Driver/Src/stm32f4xx_hal_hcd.c ****       default :
 882:Drivers/STM32F4xx_HAL_Driver/Src/stm32f4xx_hal_hcd.c ****         /* Update the error code */
 883:Drivers/STM32F4xx_HAL_Driver/Src/stm32f4xx_hal_hcd.c ****         hhcd->ErrorCode |= HAL_HCD_ERROR_INVALID_CALLBACK;
 884:Drivers/STM32F4xx_HAL_Driver/Src/stm32f4xx_hal_hcd.c **** 
 885:Drivers/STM32F4xx_HAL_Driver/Src/stm32f4xx_hal_hcd.c ****         /* Return error status */
ARM GAS  /tmp/ccsyczyn.s 			page 17


 886:Drivers/STM32F4xx_HAL_Driver/Src/stm32f4xx_hal_hcd.c ****         status =  HAL_ERROR;
 887:Drivers/STM32F4xx_HAL_Driver/Src/stm32f4xx_hal_hcd.c ****         break;
 888:Drivers/STM32F4xx_HAL_Driver/Src/stm32f4xx_hal_hcd.c ****     }
 889:Drivers/STM32F4xx_HAL_Driver/Src/stm32f4xx_hal_hcd.c ****   }
 890:Drivers/STM32F4xx_HAL_Driver/Src/stm32f4xx_hal_hcd.c ****   else if (hhcd->State == HAL_HCD_STATE_RESET)
 891:Drivers/STM32F4xx_HAL_Driver/Src/stm32f4xx_hal_hcd.c ****   {
 892:Drivers/STM32F4xx_HAL_Driver/Src/stm32f4xx_hal_hcd.c ****     switch (CallbackID)
 893:Drivers/STM32F4xx_HAL_Driver/Src/stm32f4xx_hal_hcd.c ****     {
 894:Drivers/STM32F4xx_HAL_Driver/Src/stm32f4xx_hal_hcd.c ****       case HAL_HCD_MSPINIT_CB_ID :
 895:Drivers/STM32F4xx_HAL_Driver/Src/stm32f4xx_hal_hcd.c ****         hhcd->MspInitCallback = HAL_HCD_MspInit;
 896:Drivers/STM32F4xx_HAL_Driver/Src/stm32f4xx_hal_hcd.c ****         break;
 897:Drivers/STM32F4xx_HAL_Driver/Src/stm32f4xx_hal_hcd.c **** 
 898:Drivers/STM32F4xx_HAL_Driver/Src/stm32f4xx_hal_hcd.c ****       case HAL_HCD_MSPDEINIT_CB_ID :
 899:Drivers/STM32F4xx_HAL_Driver/Src/stm32f4xx_hal_hcd.c ****         hhcd->MspDeInitCallback = HAL_HCD_MspDeInit;
 900:Drivers/STM32F4xx_HAL_Driver/Src/stm32f4xx_hal_hcd.c ****         break;
 901:Drivers/STM32F4xx_HAL_Driver/Src/stm32f4xx_hal_hcd.c **** 
 902:Drivers/STM32F4xx_HAL_Driver/Src/stm32f4xx_hal_hcd.c ****       default :
 903:Drivers/STM32F4xx_HAL_Driver/Src/stm32f4xx_hal_hcd.c ****         /* Update the error code */
 904:Drivers/STM32F4xx_HAL_Driver/Src/stm32f4xx_hal_hcd.c ****         hhcd->ErrorCode |= HAL_HCD_ERROR_INVALID_CALLBACK;
 905:Drivers/STM32F4xx_HAL_Driver/Src/stm32f4xx_hal_hcd.c **** 
 906:Drivers/STM32F4xx_HAL_Driver/Src/stm32f4xx_hal_hcd.c ****         /* Return error status */
 907:Drivers/STM32F4xx_HAL_Driver/Src/stm32f4xx_hal_hcd.c ****         status =  HAL_ERROR;
 908:Drivers/STM32F4xx_HAL_Driver/Src/stm32f4xx_hal_hcd.c ****         break;
 909:Drivers/STM32F4xx_HAL_Driver/Src/stm32f4xx_hal_hcd.c ****     }
 910:Drivers/STM32F4xx_HAL_Driver/Src/stm32f4xx_hal_hcd.c ****   }
 911:Drivers/STM32F4xx_HAL_Driver/Src/stm32f4xx_hal_hcd.c ****   else
 912:Drivers/STM32F4xx_HAL_Driver/Src/stm32f4xx_hal_hcd.c ****   {
 913:Drivers/STM32F4xx_HAL_Driver/Src/stm32f4xx_hal_hcd.c ****     /* Update the error code */
 914:Drivers/STM32F4xx_HAL_Driver/Src/stm32f4xx_hal_hcd.c ****     hhcd->ErrorCode |= HAL_HCD_ERROR_INVALID_CALLBACK;
 915:Drivers/STM32F4xx_HAL_Driver/Src/stm32f4xx_hal_hcd.c **** 
 916:Drivers/STM32F4xx_HAL_Driver/Src/stm32f4xx_hal_hcd.c ****     /* Return error status */
 917:Drivers/STM32F4xx_HAL_Driver/Src/stm32f4xx_hal_hcd.c ****     status =  HAL_ERROR;
 918:Drivers/STM32F4xx_HAL_Driver/Src/stm32f4xx_hal_hcd.c ****   }
 919:Drivers/STM32F4xx_HAL_Driver/Src/stm32f4xx_hal_hcd.c **** 
 920:Drivers/STM32F4xx_HAL_Driver/Src/stm32f4xx_hal_hcd.c ****   /* Release Lock */
 921:Drivers/STM32F4xx_HAL_Driver/Src/stm32f4xx_hal_hcd.c ****   __HAL_UNLOCK(hhcd);
 922:Drivers/STM32F4xx_HAL_Driver/Src/stm32f4xx_hal_hcd.c ****   return status;
 923:Drivers/STM32F4xx_HAL_Driver/Src/stm32f4xx_hal_hcd.c **** }
 924:Drivers/STM32F4xx_HAL_Driver/Src/stm32f4xx_hal_hcd.c **** 
 925:Drivers/STM32F4xx_HAL_Driver/Src/stm32f4xx_hal_hcd.c **** /**
 926:Drivers/STM32F4xx_HAL_Driver/Src/stm32f4xx_hal_hcd.c ****   * @brief  Register USB HCD Host Channel Notify URB Change Callback
 927:Drivers/STM32F4xx_HAL_Driver/Src/stm32f4xx_hal_hcd.c ****   *         To be used instead of the weak HAL_HCD_HC_NotifyURBChange_Callback() predefined callbac
 928:Drivers/STM32F4xx_HAL_Driver/Src/stm32f4xx_hal_hcd.c ****   * @param  hhcd HCD handle
 929:Drivers/STM32F4xx_HAL_Driver/Src/stm32f4xx_hal_hcd.c ****   * @param  pCallback pointer to the USB HCD Host Channel Notify URB Change Callback function
 930:Drivers/STM32F4xx_HAL_Driver/Src/stm32f4xx_hal_hcd.c ****   * @retval HAL status
 931:Drivers/STM32F4xx_HAL_Driver/Src/stm32f4xx_hal_hcd.c ****   */
 932:Drivers/STM32F4xx_HAL_Driver/Src/stm32f4xx_hal_hcd.c **** HAL_StatusTypeDef HAL_HCD_RegisterHC_NotifyURBChangeCallback(HCD_HandleTypeDef *hhcd,
 933:Drivers/STM32F4xx_HAL_Driver/Src/stm32f4xx_hal_hcd.c ****                                                              pHCD_HC_NotifyURBChangeCallbackTypeDef
 934:Drivers/STM32F4xx_HAL_Driver/Src/stm32f4xx_hal_hcd.c **** {
 935:Drivers/STM32F4xx_HAL_Driver/Src/stm32f4xx_hal_hcd.c ****   HAL_StatusTypeDef status = HAL_OK;
 936:Drivers/STM32F4xx_HAL_Driver/Src/stm32f4xx_hal_hcd.c **** 
 937:Drivers/STM32F4xx_HAL_Driver/Src/stm32f4xx_hal_hcd.c ****   if (pCallback == NULL)
 938:Drivers/STM32F4xx_HAL_Driver/Src/stm32f4xx_hal_hcd.c ****   {
 939:Drivers/STM32F4xx_HAL_Driver/Src/stm32f4xx_hal_hcd.c ****     /* Update the error code */
 940:Drivers/STM32F4xx_HAL_Driver/Src/stm32f4xx_hal_hcd.c ****     hhcd->ErrorCode |= HAL_HCD_ERROR_INVALID_CALLBACK;
 941:Drivers/STM32F4xx_HAL_Driver/Src/stm32f4xx_hal_hcd.c **** 
 942:Drivers/STM32F4xx_HAL_Driver/Src/stm32f4xx_hal_hcd.c ****     return HAL_ERROR;
ARM GAS  /tmp/ccsyczyn.s 			page 18


 943:Drivers/STM32F4xx_HAL_Driver/Src/stm32f4xx_hal_hcd.c ****   }
 944:Drivers/STM32F4xx_HAL_Driver/Src/stm32f4xx_hal_hcd.c **** 
 945:Drivers/STM32F4xx_HAL_Driver/Src/stm32f4xx_hal_hcd.c ****   /* Process locked */
 946:Drivers/STM32F4xx_HAL_Driver/Src/stm32f4xx_hal_hcd.c ****   __HAL_LOCK(hhcd);
 947:Drivers/STM32F4xx_HAL_Driver/Src/stm32f4xx_hal_hcd.c **** 
 948:Drivers/STM32F4xx_HAL_Driver/Src/stm32f4xx_hal_hcd.c ****   if (hhcd->State == HAL_HCD_STATE_READY)
 949:Drivers/STM32F4xx_HAL_Driver/Src/stm32f4xx_hal_hcd.c ****   {
 950:Drivers/STM32F4xx_HAL_Driver/Src/stm32f4xx_hal_hcd.c ****     hhcd->HC_NotifyURBChangeCallback = pCallback;
 951:Drivers/STM32F4xx_HAL_Driver/Src/stm32f4xx_hal_hcd.c ****   }
 952:Drivers/STM32F4xx_HAL_Driver/Src/stm32f4xx_hal_hcd.c ****   else
 953:Drivers/STM32F4xx_HAL_Driver/Src/stm32f4xx_hal_hcd.c ****   {
 954:Drivers/STM32F4xx_HAL_Driver/Src/stm32f4xx_hal_hcd.c ****     /* Update the error code */
 955:Drivers/STM32F4xx_HAL_Driver/Src/stm32f4xx_hal_hcd.c ****     hhcd->ErrorCode |= HAL_HCD_ERROR_INVALID_CALLBACK;
 956:Drivers/STM32F4xx_HAL_Driver/Src/stm32f4xx_hal_hcd.c **** 
 957:Drivers/STM32F4xx_HAL_Driver/Src/stm32f4xx_hal_hcd.c ****     /* Return error status */
 958:Drivers/STM32F4xx_HAL_Driver/Src/stm32f4xx_hal_hcd.c ****     status =  HAL_ERROR;
 959:Drivers/STM32F4xx_HAL_Driver/Src/stm32f4xx_hal_hcd.c ****   }
 960:Drivers/STM32F4xx_HAL_Driver/Src/stm32f4xx_hal_hcd.c **** 
 961:Drivers/STM32F4xx_HAL_Driver/Src/stm32f4xx_hal_hcd.c ****   /* Release Lock */
 962:Drivers/STM32F4xx_HAL_Driver/Src/stm32f4xx_hal_hcd.c ****   __HAL_UNLOCK(hhcd);
 963:Drivers/STM32F4xx_HAL_Driver/Src/stm32f4xx_hal_hcd.c **** 
 964:Drivers/STM32F4xx_HAL_Driver/Src/stm32f4xx_hal_hcd.c ****   return status;
 965:Drivers/STM32F4xx_HAL_Driver/Src/stm32f4xx_hal_hcd.c **** }
 966:Drivers/STM32F4xx_HAL_Driver/Src/stm32f4xx_hal_hcd.c **** 
 967:Drivers/STM32F4xx_HAL_Driver/Src/stm32f4xx_hal_hcd.c **** /**
 968:Drivers/STM32F4xx_HAL_Driver/Src/stm32f4xx_hal_hcd.c ****   * @brief  Unregister the USB HCD Host Channel Notify URB Change Callback
 969:Drivers/STM32F4xx_HAL_Driver/Src/stm32f4xx_hal_hcd.c ****   *         USB HCD Host Channel Notify URB Change Callback is redirected
 970:Drivers/STM32F4xx_HAL_Driver/Src/stm32f4xx_hal_hcd.c ****   *         to the weak HAL_HCD_HC_NotifyURBChange_Callback() predefined callback
 971:Drivers/STM32F4xx_HAL_Driver/Src/stm32f4xx_hal_hcd.c ****   * @param  hhcd HCD handle
 972:Drivers/STM32F4xx_HAL_Driver/Src/stm32f4xx_hal_hcd.c ****   * @retval HAL status
 973:Drivers/STM32F4xx_HAL_Driver/Src/stm32f4xx_hal_hcd.c ****   */
 974:Drivers/STM32F4xx_HAL_Driver/Src/stm32f4xx_hal_hcd.c **** HAL_StatusTypeDef HAL_HCD_UnRegisterHC_NotifyURBChangeCallback(HCD_HandleTypeDef *hhcd)
 975:Drivers/STM32F4xx_HAL_Driver/Src/stm32f4xx_hal_hcd.c **** {
 976:Drivers/STM32F4xx_HAL_Driver/Src/stm32f4xx_hal_hcd.c ****   HAL_StatusTypeDef status = HAL_OK;
 977:Drivers/STM32F4xx_HAL_Driver/Src/stm32f4xx_hal_hcd.c **** 
 978:Drivers/STM32F4xx_HAL_Driver/Src/stm32f4xx_hal_hcd.c ****   /* Process locked */
 979:Drivers/STM32F4xx_HAL_Driver/Src/stm32f4xx_hal_hcd.c ****   __HAL_LOCK(hhcd);
 980:Drivers/STM32F4xx_HAL_Driver/Src/stm32f4xx_hal_hcd.c **** 
 981:Drivers/STM32F4xx_HAL_Driver/Src/stm32f4xx_hal_hcd.c ****   if (hhcd->State == HAL_HCD_STATE_READY)
 982:Drivers/STM32F4xx_HAL_Driver/Src/stm32f4xx_hal_hcd.c ****   {
 983:Drivers/STM32F4xx_HAL_Driver/Src/stm32f4xx_hal_hcd.c ****     hhcd->HC_NotifyURBChangeCallback = HAL_HCD_HC_NotifyURBChange_Callback; /* Legacy weak DataOutS
 984:Drivers/STM32F4xx_HAL_Driver/Src/stm32f4xx_hal_hcd.c ****   }
 985:Drivers/STM32F4xx_HAL_Driver/Src/stm32f4xx_hal_hcd.c ****   else
 986:Drivers/STM32F4xx_HAL_Driver/Src/stm32f4xx_hal_hcd.c ****   {
 987:Drivers/STM32F4xx_HAL_Driver/Src/stm32f4xx_hal_hcd.c ****     /* Update the error code */
 988:Drivers/STM32F4xx_HAL_Driver/Src/stm32f4xx_hal_hcd.c ****     hhcd->ErrorCode |= HAL_HCD_ERROR_INVALID_CALLBACK;
 989:Drivers/STM32F4xx_HAL_Driver/Src/stm32f4xx_hal_hcd.c **** 
 990:Drivers/STM32F4xx_HAL_Driver/Src/stm32f4xx_hal_hcd.c ****     /* Return error status */
 991:Drivers/STM32F4xx_HAL_Driver/Src/stm32f4xx_hal_hcd.c ****     status =  HAL_ERROR;
 992:Drivers/STM32F4xx_HAL_Driver/Src/stm32f4xx_hal_hcd.c ****   }
 993:Drivers/STM32F4xx_HAL_Driver/Src/stm32f4xx_hal_hcd.c **** 
 994:Drivers/STM32F4xx_HAL_Driver/Src/stm32f4xx_hal_hcd.c ****   /* Release Lock */
 995:Drivers/STM32F4xx_HAL_Driver/Src/stm32f4xx_hal_hcd.c ****   __HAL_UNLOCK(hhcd);
 996:Drivers/STM32F4xx_HAL_Driver/Src/stm32f4xx_hal_hcd.c **** 
 997:Drivers/STM32F4xx_HAL_Driver/Src/stm32f4xx_hal_hcd.c ****   return status;
 998:Drivers/STM32F4xx_HAL_Driver/Src/stm32f4xx_hal_hcd.c **** }
 999:Drivers/STM32F4xx_HAL_Driver/Src/stm32f4xx_hal_hcd.c **** #endif /* USE_HAL_HCD_REGISTER_CALLBACKS */
ARM GAS  /tmp/ccsyczyn.s 			page 19


1000:Drivers/STM32F4xx_HAL_Driver/Src/stm32f4xx_hal_hcd.c **** 
1001:Drivers/STM32F4xx_HAL_Driver/Src/stm32f4xx_hal_hcd.c **** /**
1002:Drivers/STM32F4xx_HAL_Driver/Src/stm32f4xx_hal_hcd.c ****   * @}
1003:Drivers/STM32F4xx_HAL_Driver/Src/stm32f4xx_hal_hcd.c ****   */
1004:Drivers/STM32F4xx_HAL_Driver/Src/stm32f4xx_hal_hcd.c **** 
1005:Drivers/STM32F4xx_HAL_Driver/Src/stm32f4xx_hal_hcd.c **** /** @defgroup HCD_Exported_Functions_Group3 Peripheral Control functions
1006:Drivers/STM32F4xx_HAL_Driver/Src/stm32f4xx_hal_hcd.c ****   *  @brief   Management functions
1007:Drivers/STM32F4xx_HAL_Driver/Src/stm32f4xx_hal_hcd.c ****   *
1008:Drivers/STM32F4xx_HAL_Driver/Src/stm32f4xx_hal_hcd.c **** @verbatim
1009:Drivers/STM32F4xx_HAL_Driver/Src/stm32f4xx_hal_hcd.c ****  ===============================================================================
1010:Drivers/STM32F4xx_HAL_Driver/Src/stm32f4xx_hal_hcd.c ****                       ##### Peripheral Control functions #####
1011:Drivers/STM32F4xx_HAL_Driver/Src/stm32f4xx_hal_hcd.c ****  ===============================================================================
1012:Drivers/STM32F4xx_HAL_Driver/Src/stm32f4xx_hal_hcd.c ****     [..]
1013:Drivers/STM32F4xx_HAL_Driver/Src/stm32f4xx_hal_hcd.c ****     This subsection provides a set of functions allowing to control the HCD data
1014:Drivers/STM32F4xx_HAL_Driver/Src/stm32f4xx_hal_hcd.c ****     transfers.
1015:Drivers/STM32F4xx_HAL_Driver/Src/stm32f4xx_hal_hcd.c **** 
1016:Drivers/STM32F4xx_HAL_Driver/Src/stm32f4xx_hal_hcd.c **** @endverbatim
1017:Drivers/STM32F4xx_HAL_Driver/Src/stm32f4xx_hal_hcd.c ****   * @{
1018:Drivers/STM32F4xx_HAL_Driver/Src/stm32f4xx_hal_hcd.c ****   */
1019:Drivers/STM32F4xx_HAL_Driver/Src/stm32f4xx_hal_hcd.c **** 
1020:Drivers/STM32F4xx_HAL_Driver/Src/stm32f4xx_hal_hcd.c **** /**
1021:Drivers/STM32F4xx_HAL_Driver/Src/stm32f4xx_hal_hcd.c ****   * @brief  Start the host driver.
1022:Drivers/STM32F4xx_HAL_Driver/Src/stm32f4xx_hal_hcd.c ****   * @param  hhcd HCD handle
1023:Drivers/STM32F4xx_HAL_Driver/Src/stm32f4xx_hal_hcd.c ****   * @retval HAL status
1024:Drivers/STM32F4xx_HAL_Driver/Src/stm32f4xx_hal_hcd.c ****   */
1025:Drivers/STM32F4xx_HAL_Driver/Src/stm32f4xx_hal_hcd.c **** HAL_StatusTypeDef HAL_HCD_Start(HCD_HandleTypeDef *hhcd)
1026:Drivers/STM32F4xx_HAL_Driver/Src/stm32f4xx_hal_hcd.c **** {
1027:Drivers/STM32F4xx_HAL_Driver/Src/stm32f4xx_hal_hcd.c ****   __HAL_LOCK(hhcd);
1028:Drivers/STM32F4xx_HAL_Driver/Src/stm32f4xx_hal_hcd.c ****   /* Enable port power */
1029:Drivers/STM32F4xx_HAL_Driver/Src/stm32f4xx_hal_hcd.c ****   (void)USB_DriveVbus(hhcd->Instance, 1U);
1030:Drivers/STM32F4xx_HAL_Driver/Src/stm32f4xx_hal_hcd.c **** 
1031:Drivers/STM32F4xx_HAL_Driver/Src/stm32f4xx_hal_hcd.c ****   /* Enable global interrupt */
1032:Drivers/STM32F4xx_HAL_Driver/Src/stm32f4xx_hal_hcd.c ****   __HAL_HCD_ENABLE(hhcd);
1033:Drivers/STM32F4xx_HAL_Driver/Src/stm32f4xx_hal_hcd.c ****   __HAL_UNLOCK(hhcd);
1034:Drivers/STM32F4xx_HAL_Driver/Src/stm32f4xx_hal_hcd.c **** 
1035:Drivers/STM32F4xx_HAL_Driver/Src/stm32f4xx_hal_hcd.c ****   return HAL_OK;
1036:Drivers/STM32F4xx_HAL_Driver/Src/stm32f4xx_hal_hcd.c **** }
1037:Drivers/STM32F4xx_HAL_Driver/Src/stm32f4xx_hal_hcd.c **** 
1038:Drivers/STM32F4xx_HAL_Driver/Src/stm32f4xx_hal_hcd.c **** /**
1039:Drivers/STM32F4xx_HAL_Driver/Src/stm32f4xx_hal_hcd.c ****   * @brief  Stop the host driver.
1040:Drivers/STM32F4xx_HAL_Driver/Src/stm32f4xx_hal_hcd.c ****   * @param  hhcd HCD handle
1041:Drivers/STM32F4xx_HAL_Driver/Src/stm32f4xx_hal_hcd.c ****   * @retval HAL status
1042:Drivers/STM32F4xx_HAL_Driver/Src/stm32f4xx_hal_hcd.c ****   */
1043:Drivers/STM32F4xx_HAL_Driver/Src/stm32f4xx_hal_hcd.c **** 
1044:Drivers/STM32F4xx_HAL_Driver/Src/stm32f4xx_hal_hcd.c **** HAL_StatusTypeDef HAL_HCD_Stop(HCD_HandleTypeDef *hhcd)
1045:Drivers/STM32F4xx_HAL_Driver/Src/stm32f4xx_hal_hcd.c **** {
1046:Drivers/STM32F4xx_HAL_Driver/Src/stm32f4xx_hal_hcd.c ****   __HAL_LOCK(hhcd);
1047:Drivers/STM32F4xx_HAL_Driver/Src/stm32f4xx_hal_hcd.c ****   (void)USB_StopHost(hhcd->Instance);
1048:Drivers/STM32F4xx_HAL_Driver/Src/stm32f4xx_hal_hcd.c ****   __HAL_UNLOCK(hhcd);
1049:Drivers/STM32F4xx_HAL_Driver/Src/stm32f4xx_hal_hcd.c **** 
1050:Drivers/STM32F4xx_HAL_Driver/Src/stm32f4xx_hal_hcd.c ****   return HAL_OK;
1051:Drivers/STM32F4xx_HAL_Driver/Src/stm32f4xx_hal_hcd.c **** }
1052:Drivers/STM32F4xx_HAL_Driver/Src/stm32f4xx_hal_hcd.c **** 
1053:Drivers/STM32F4xx_HAL_Driver/Src/stm32f4xx_hal_hcd.c **** /**
1054:Drivers/STM32F4xx_HAL_Driver/Src/stm32f4xx_hal_hcd.c ****   * @brief  Reset the host port.
1055:Drivers/STM32F4xx_HAL_Driver/Src/stm32f4xx_hal_hcd.c ****   * @param  hhcd HCD handle
1056:Drivers/STM32F4xx_HAL_Driver/Src/stm32f4xx_hal_hcd.c ****   * @retval HAL status
ARM GAS  /tmp/ccsyczyn.s 			page 20


1057:Drivers/STM32F4xx_HAL_Driver/Src/stm32f4xx_hal_hcd.c ****   */
1058:Drivers/STM32F4xx_HAL_Driver/Src/stm32f4xx_hal_hcd.c **** HAL_StatusTypeDef HAL_HCD_ResetPort(HCD_HandleTypeDef *hhcd)
1059:Drivers/STM32F4xx_HAL_Driver/Src/stm32f4xx_hal_hcd.c **** {
1060:Drivers/STM32F4xx_HAL_Driver/Src/stm32f4xx_hal_hcd.c ****   return (USB_ResetPort(hhcd->Instance));
1061:Drivers/STM32F4xx_HAL_Driver/Src/stm32f4xx_hal_hcd.c **** }
1062:Drivers/STM32F4xx_HAL_Driver/Src/stm32f4xx_hal_hcd.c **** 
1063:Drivers/STM32F4xx_HAL_Driver/Src/stm32f4xx_hal_hcd.c **** /**
1064:Drivers/STM32F4xx_HAL_Driver/Src/stm32f4xx_hal_hcd.c ****   * @}
1065:Drivers/STM32F4xx_HAL_Driver/Src/stm32f4xx_hal_hcd.c ****   */
1066:Drivers/STM32F4xx_HAL_Driver/Src/stm32f4xx_hal_hcd.c **** 
1067:Drivers/STM32F4xx_HAL_Driver/Src/stm32f4xx_hal_hcd.c **** /** @defgroup HCD_Exported_Functions_Group4 Peripheral State functions
1068:Drivers/STM32F4xx_HAL_Driver/Src/stm32f4xx_hal_hcd.c ****   *  @brief   Peripheral State functions
1069:Drivers/STM32F4xx_HAL_Driver/Src/stm32f4xx_hal_hcd.c ****   *
1070:Drivers/STM32F4xx_HAL_Driver/Src/stm32f4xx_hal_hcd.c **** @verbatim
1071:Drivers/STM32F4xx_HAL_Driver/Src/stm32f4xx_hal_hcd.c ****  ===============================================================================
1072:Drivers/STM32F4xx_HAL_Driver/Src/stm32f4xx_hal_hcd.c ****                       ##### Peripheral State functions #####
1073:Drivers/STM32F4xx_HAL_Driver/Src/stm32f4xx_hal_hcd.c ****  ===============================================================================
1074:Drivers/STM32F4xx_HAL_Driver/Src/stm32f4xx_hal_hcd.c ****     [..]
1075:Drivers/STM32F4xx_HAL_Driver/Src/stm32f4xx_hal_hcd.c ****     This subsection permits to get in run-time the status of the peripheral
1076:Drivers/STM32F4xx_HAL_Driver/Src/stm32f4xx_hal_hcd.c ****     and the data flow.
1077:Drivers/STM32F4xx_HAL_Driver/Src/stm32f4xx_hal_hcd.c **** 
1078:Drivers/STM32F4xx_HAL_Driver/Src/stm32f4xx_hal_hcd.c **** @endverbatim
1079:Drivers/STM32F4xx_HAL_Driver/Src/stm32f4xx_hal_hcd.c ****   * @{
1080:Drivers/STM32F4xx_HAL_Driver/Src/stm32f4xx_hal_hcd.c ****   */
1081:Drivers/STM32F4xx_HAL_Driver/Src/stm32f4xx_hal_hcd.c **** 
1082:Drivers/STM32F4xx_HAL_Driver/Src/stm32f4xx_hal_hcd.c **** /**
1083:Drivers/STM32F4xx_HAL_Driver/Src/stm32f4xx_hal_hcd.c ****   * @brief  Return the HCD handle state.
1084:Drivers/STM32F4xx_HAL_Driver/Src/stm32f4xx_hal_hcd.c ****   * @param  hhcd HCD handle
1085:Drivers/STM32F4xx_HAL_Driver/Src/stm32f4xx_hal_hcd.c ****   * @retval HAL state
1086:Drivers/STM32F4xx_HAL_Driver/Src/stm32f4xx_hal_hcd.c ****   */
1087:Drivers/STM32F4xx_HAL_Driver/Src/stm32f4xx_hal_hcd.c **** HCD_StateTypeDef HAL_HCD_GetState(HCD_HandleTypeDef *hhcd)
1088:Drivers/STM32F4xx_HAL_Driver/Src/stm32f4xx_hal_hcd.c **** {
1089:Drivers/STM32F4xx_HAL_Driver/Src/stm32f4xx_hal_hcd.c ****   return hhcd->State;
1090:Drivers/STM32F4xx_HAL_Driver/Src/stm32f4xx_hal_hcd.c **** }
1091:Drivers/STM32F4xx_HAL_Driver/Src/stm32f4xx_hal_hcd.c **** 
1092:Drivers/STM32F4xx_HAL_Driver/Src/stm32f4xx_hal_hcd.c **** /**
1093:Drivers/STM32F4xx_HAL_Driver/Src/stm32f4xx_hal_hcd.c ****   * @brief  Return  URB state for a channel.
1094:Drivers/STM32F4xx_HAL_Driver/Src/stm32f4xx_hal_hcd.c ****   * @param  hhcd HCD handle
1095:Drivers/STM32F4xx_HAL_Driver/Src/stm32f4xx_hal_hcd.c ****   * @param  chnum Channel number.
1096:Drivers/STM32F4xx_HAL_Driver/Src/stm32f4xx_hal_hcd.c ****   *         This parameter can be a value from 1 to 15
1097:Drivers/STM32F4xx_HAL_Driver/Src/stm32f4xx_hal_hcd.c ****   * @retval URB state.
1098:Drivers/STM32F4xx_HAL_Driver/Src/stm32f4xx_hal_hcd.c ****   *          This parameter can be one of these values:
1099:Drivers/STM32F4xx_HAL_Driver/Src/stm32f4xx_hal_hcd.c ****   *            URB_IDLE/
1100:Drivers/STM32F4xx_HAL_Driver/Src/stm32f4xx_hal_hcd.c ****   *            URB_DONE/
1101:Drivers/STM32F4xx_HAL_Driver/Src/stm32f4xx_hal_hcd.c ****   *            URB_NOTREADY/
1102:Drivers/STM32F4xx_HAL_Driver/Src/stm32f4xx_hal_hcd.c ****   *            URB_NYET/
1103:Drivers/STM32F4xx_HAL_Driver/Src/stm32f4xx_hal_hcd.c ****   *            URB_ERROR/
1104:Drivers/STM32F4xx_HAL_Driver/Src/stm32f4xx_hal_hcd.c ****   *            URB_STALL
1105:Drivers/STM32F4xx_HAL_Driver/Src/stm32f4xx_hal_hcd.c ****   */
1106:Drivers/STM32F4xx_HAL_Driver/Src/stm32f4xx_hal_hcd.c **** HCD_URBStateTypeDef HAL_HCD_HC_GetURBState(HCD_HandleTypeDef *hhcd, uint8_t chnum)
1107:Drivers/STM32F4xx_HAL_Driver/Src/stm32f4xx_hal_hcd.c **** {
1108:Drivers/STM32F4xx_HAL_Driver/Src/stm32f4xx_hal_hcd.c ****   return hhcd->hc[chnum].urb_state;
1109:Drivers/STM32F4xx_HAL_Driver/Src/stm32f4xx_hal_hcd.c **** }
1110:Drivers/STM32F4xx_HAL_Driver/Src/stm32f4xx_hal_hcd.c **** 
1111:Drivers/STM32F4xx_HAL_Driver/Src/stm32f4xx_hal_hcd.c **** 
1112:Drivers/STM32F4xx_HAL_Driver/Src/stm32f4xx_hal_hcd.c **** /**
1113:Drivers/STM32F4xx_HAL_Driver/Src/stm32f4xx_hal_hcd.c ****   * @brief  Return the last host transfer size.
ARM GAS  /tmp/ccsyczyn.s 			page 21


1114:Drivers/STM32F4xx_HAL_Driver/Src/stm32f4xx_hal_hcd.c ****   * @param  hhcd HCD handle
1115:Drivers/STM32F4xx_HAL_Driver/Src/stm32f4xx_hal_hcd.c ****   * @param  chnum Channel number.
1116:Drivers/STM32F4xx_HAL_Driver/Src/stm32f4xx_hal_hcd.c ****   *         This parameter can be a value from 1 to 15
1117:Drivers/STM32F4xx_HAL_Driver/Src/stm32f4xx_hal_hcd.c ****   * @retval last transfer size in byte
1118:Drivers/STM32F4xx_HAL_Driver/Src/stm32f4xx_hal_hcd.c ****   */
1119:Drivers/STM32F4xx_HAL_Driver/Src/stm32f4xx_hal_hcd.c **** uint32_t HAL_HCD_HC_GetXferCount(HCD_HandleTypeDef *hhcd, uint8_t chnum)
1120:Drivers/STM32F4xx_HAL_Driver/Src/stm32f4xx_hal_hcd.c **** {
1121:Drivers/STM32F4xx_HAL_Driver/Src/stm32f4xx_hal_hcd.c ****   return hhcd->hc[chnum].xfer_count;
1122:Drivers/STM32F4xx_HAL_Driver/Src/stm32f4xx_hal_hcd.c **** }
1123:Drivers/STM32F4xx_HAL_Driver/Src/stm32f4xx_hal_hcd.c **** 
1124:Drivers/STM32F4xx_HAL_Driver/Src/stm32f4xx_hal_hcd.c **** /**
1125:Drivers/STM32F4xx_HAL_Driver/Src/stm32f4xx_hal_hcd.c ****   * @brief  Return the Host Channel state.
1126:Drivers/STM32F4xx_HAL_Driver/Src/stm32f4xx_hal_hcd.c ****   * @param  hhcd HCD handle
1127:Drivers/STM32F4xx_HAL_Driver/Src/stm32f4xx_hal_hcd.c ****   * @param  chnum Channel number.
1128:Drivers/STM32F4xx_HAL_Driver/Src/stm32f4xx_hal_hcd.c ****   *         This parameter can be a value from 1 to 15
1129:Drivers/STM32F4xx_HAL_Driver/Src/stm32f4xx_hal_hcd.c ****   * @retval Host channel state
1130:Drivers/STM32F4xx_HAL_Driver/Src/stm32f4xx_hal_hcd.c ****   *          This parameter can be one of these values:
1131:Drivers/STM32F4xx_HAL_Driver/Src/stm32f4xx_hal_hcd.c ****   *            HC_IDLE/
1132:Drivers/STM32F4xx_HAL_Driver/Src/stm32f4xx_hal_hcd.c ****   *            HC_XFRC/
1133:Drivers/STM32F4xx_HAL_Driver/Src/stm32f4xx_hal_hcd.c ****   *            HC_HALTED/
1134:Drivers/STM32F4xx_HAL_Driver/Src/stm32f4xx_hal_hcd.c ****   *            HC_NYET/
1135:Drivers/STM32F4xx_HAL_Driver/Src/stm32f4xx_hal_hcd.c ****   *            HC_NAK/
1136:Drivers/STM32F4xx_HAL_Driver/Src/stm32f4xx_hal_hcd.c ****   *            HC_STALL/
1137:Drivers/STM32F4xx_HAL_Driver/Src/stm32f4xx_hal_hcd.c ****   *            HC_XACTERR/
1138:Drivers/STM32F4xx_HAL_Driver/Src/stm32f4xx_hal_hcd.c ****   *            HC_BBLERR/
1139:Drivers/STM32F4xx_HAL_Driver/Src/stm32f4xx_hal_hcd.c ****   *            HC_DATATGLERR
1140:Drivers/STM32F4xx_HAL_Driver/Src/stm32f4xx_hal_hcd.c ****   */
1141:Drivers/STM32F4xx_HAL_Driver/Src/stm32f4xx_hal_hcd.c **** HCD_HCStateTypeDef  HAL_HCD_HC_GetState(HCD_HandleTypeDef *hhcd, uint8_t chnum)
1142:Drivers/STM32F4xx_HAL_Driver/Src/stm32f4xx_hal_hcd.c **** {
1143:Drivers/STM32F4xx_HAL_Driver/Src/stm32f4xx_hal_hcd.c ****   return hhcd->hc[chnum].state;
1144:Drivers/STM32F4xx_HAL_Driver/Src/stm32f4xx_hal_hcd.c **** }
1145:Drivers/STM32F4xx_HAL_Driver/Src/stm32f4xx_hal_hcd.c **** 
1146:Drivers/STM32F4xx_HAL_Driver/Src/stm32f4xx_hal_hcd.c **** /**
1147:Drivers/STM32F4xx_HAL_Driver/Src/stm32f4xx_hal_hcd.c ****   * @brief  Return the current Host frame number.
1148:Drivers/STM32F4xx_HAL_Driver/Src/stm32f4xx_hal_hcd.c ****   * @param  hhcd HCD handle
1149:Drivers/STM32F4xx_HAL_Driver/Src/stm32f4xx_hal_hcd.c ****   * @retval Current Host frame number
1150:Drivers/STM32F4xx_HAL_Driver/Src/stm32f4xx_hal_hcd.c ****   */
1151:Drivers/STM32F4xx_HAL_Driver/Src/stm32f4xx_hal_hcd.c **** uint32_t HAL_HCD_GetCurrentFrame(HCD_HandleTypeDef *hhcd)
1152:Drivers/STM32F4xx_HAL_Driver/Src/stm32f4xx_hal_hcd.c **** {
1153:Drivers/STM32F4xx_HAL_Driver/Src/stm32f4xx_hal_hcd.c ****   return (USB_GetCurrentFrame(hhcd->Instance));
1154:Drivers/STM32F4xx_HAL_Driver/Src/stm32f4xx_hal_hcd.c **** }
1155:Drivers/STM32F4xx_HAL_Driver/Src/stm32f4xx_hal_hcd.c **** 
1156:Drivers/STM32F4xx_HAL_Driver/Src/stm32f4xx_hal_hcd.c **** /**
1157:Drivers/STM32F4xx_HAL_Driver/Src/stm32f4xx_hal_hcd.c ****   * @brief  Return the Host enumeration speed.
1158:Drivers/STM32F4xx_HAL_Driver/Src/stm32f4xx_hal_hcd.c ****   * @param  hhcd HCD handle
1159:Drivers/STM32F4xx_HAL_Driver/Src/stm32f4xx_hal_hcd.c ****   * @retval Enumeration speed
1160:Drivers/STM32F4xx_HAL_Driver/Src/stm32f4xx_hal_hcd.c ****   */
1161:Drivers/STM32F4xx_HAL_Driver/Src/stm32f4xx_hal_hcd.c **** uint32_t HAL_HCD_GetCurrentSpeed(HCD_HandleTypeDef *hhcd)
1162:Drivers/STM32F4xx_HAL_Driver/Src/stm32f4xx_hal_hcd.c **** {
1163:Drivers/STM32F4xx_HAL_Driver/Src/stm32f4xx_hal_hcd.c ****   return (USB_GetHostSpeed(hhcd->Instance));
1164:Drivers/STM32F4xx_HAL_Driver/Src/stm32f4xx_hal_hcd.c **** }
1165:Drivers/STM32F4xx_HAL_Driver/Src/stm32f4xx_hal_hcd.c **** 
1166:Drivers/STM32F4xx_HAL_Driver/Src/stm32f4xx_hal_hcd.c **** /**
1167:Drivers/STM32F4xx_HAL_Driver/Src/stm32f4xx_hal_hcd.c ****   * @}
1168:Drivers/STM32F4xx_HAL_Driver/Src/stm32f4xx_hal_hcd.c ****   */
1169:Drivers/STM32F4xx_HAL_Driver/Src/stm32f4xx_hal_hcd.c **** 
1170:Drivers/STM32F4xx_HAL_Driver/Src/stm32f4xx_hal_hcd.c **** /**
ARM GAS  /tmp/ccsyczyn.s 			page 22


1171:Drivers/STM32F4xx_HAL_Driver/Src/stm32f4xx_hal_hcd.c ****   * @}
1172:Drivers/STM32F4xx_HAL_Driver/Src/stm32f4xx_hal_hcd.c ****   */
1173:Drivers/STM32F4xx_HAL_Driver/Src/stm32f4xx_hal_hcd.c **** 
1174:Drivers/STM32F4xx_HAL_Driver/Src/stm32f4xx_hal_hcd.c **** /** @addtogroup HCD_Private_Functions
1175:Drivers/STM32F4xx_HAL_Driver/Src/stm32f4xx_hal_hcd.c ****   * @{
1176:Drivers/STM32F4xx_HAL_Driver/Src/stm32f4xx_hal_hcd.c ****   */
1177:Drivers/STM32F4xx_HAL_Driver/Src/stm32f4xx_hal_hcd.c **** /**
1178:Drivers/STM32F4xx_HAL_Driver/Src/stm32f4xx_hal_hcd.c ****   * @brief  Handle Host Channel IN interrupt requests.
1179:Drivers/STM32F4xx_HAL_Driver/Src/stm32f4xx_hal_hcd.c ****   * @param  hhcd HCD handle
1180:Drivers/STM32F4xx_HAL_Driver/Src/stm32f4xx_hal_hcd.c ****   * @param  chnum Channel number.
1181:Drivers/STM32F4xx_HAL_Driver/Src/stm32f4xx_hal_hcd.c ****   *         This parameter can be a value from 1 to 15
1182:Drivers/STM32F4xx_HAL_Driver/Src/stm32f4xx_hal_hcd.c ****   * @retval none
1183:Drivers/STM32F4xx_HAL_Driver/Src/stm32f4xx_hal_hcd.c ****   */
1184:Drivers/STM32F4xx_HAL_Driver/Src/stm32f4xx_hal_hcd.c **** static void HCD_HC_IN_IRQHandler(HCD_HandleTypeDef *hhcd, uint8_t chnum)
1185:Drivers/STM32F4xx_HAL_Driver/Src/stm32f4xx_hal_hcd.c **** {
1186:Drivers/STM32F4xx_HAL_Driver/Src/stm32f4xx_hal_hcd.c ****   USB_OTG_GlobalTypeDef *USBx = hhcd->Instance;
1187:Drivers/STM32F4xx_HAL_Driver/Src/stm32f4xx_hal_hcd.c ****   uint32_t USBx_BASE = (uint32_t)USBx;
1188:Drivers/STM32F4xx_HAL_Driver/Src/stm32f4xx_hal_hcd.c ****   uint32_t ch_num = (uint32_t)chnum;
1189:Drivers/STM32F4xx_HAL_Driver/Src/stm32f4xx_hal_hcd.c **** 
1190:Drivers/STM32F4xx_HAL_Driver/Src/stm32f4xx_hal_hcd.c ****   uint32_t tmpreg;
1191:Drivers/STM32F4xx_HAL_Driver/Src/stm32f4xx_hal_hcd.c **** 
1192:Drivers/STM32F4xx_HAL_Driver/Src/stm32f4xx_hal_hcd.c ****   if ((USBx_HC(ch_num)->HCINT & USB_OTG_HCINT_AHBERR) == USB_OTG_HCINT_AHBERR)
1193:Drivers/STM32F4xx_HAL_Driver/Src/stm32f4xx_hal_hcd.c ****   {
1194:Drivers/STM32F4xx_HAL_Driver/Src/stm32f4xx_hal_hcd.c ****     __HAL_HCD_CLEAR_HC_INT(ch_num, USB_OTG_HCINT_AHBERR);
1195:Drivers/STM32F4xx_HAL_Driver/Src/stm32f4xx_hal_hcd.c ****     __HAL_HCD_UNMASK_HALT_HC_INT(ch_num);
1196:Drivers/STM32F4xx_HAL_Driver/Src/stm32f4xx_hal_hcd.c ****   }
1197:Drivers/STM32F4xx_HAL_Driver/Src/stm32f4xx_hal_hcd.c ****   else if ((USBx_HC(ch_num)->HCINT & USB_OTG_HCINT_BBERR) == USB_OTG_HCINT_BBERR)
1198:Drivers/STM32F4xx_HAL_Driver/Src/stm32f4xx_hal_hcd.c ****   {
1199:Drivers/STM32F4xx_HAL_Driver/Src/stm32f4xx_hal_hcd.c ****     __HAL_HCD_CLEAR_HC_INT(ch_num, USB_OTG_HCINT_BBERR);
1200:Drivers/STM32F4xx_HAL_Driver/Src/stm32f4xx_hal_hcd.c ****     hhcd->hc[ch_num].state = HC_BBLERR;
1201:Drivers/STM32F4xx_HAL_Driver/Src/stm32f4xx_hal_hcd.c ****     __HAL_HCD_UNMASK_HALT_HC_INT(ch_num);
1202:Drivers/STM32F4xx_HAL_Driver/Src/stm32f4xx_hal_hcd.c ****     (void)USB_HC_Halt(hhcd->Instance, (uint8_t)ch_num);
1203:Drivers/STM32F4xx_HAL_Driver/Src/stm32f4xx_hal_hcd.c ****   }
1204:Drivers/STM32F4xx_HAL_Driver/Src/stm32f4xx_hal_hcd.c ****   else if ((USBx_HC(ch_num)->HCINT & USB_OTG_HCINT_ACK) == USB_OTG_HCINT_ACK)
1205:Drivers/STM32F4xx_HAL_Driver/Src/stm32f4xx_hal_hcd.c ****   {
1206:Drivers/STM32F4xx_HAL_Driver/Src/stm32f4xx_hal_hcd.c ****     __HAL_HCD_CLEAR_HC_INT(ch_num, USB_OTG_HCINT_ACK);
1207:Drivers/STM32F4xx_HAL_Driver/Src/stm32f4xx_hal_hcd.c ****   }
1208:Drivers/STM32F4xx_HAL_Driver/Src/stm32f4xx_hal_hcd.c ****   else if ((USBx_HC(ch_num)->HCINT & USB_OTG_HCINT_STALL) == USB_OTG_HCINT_STALL)
1209:Drivers/STM32F4xx_HAL_Driver/Src/stm32f4xx_hal_hcd.c ****   {
1210:Drivers/STM32F4xx_HAL_Driver/Src/stm32f4xx_hal_hcd.c ****     __HAL_HCD_UNMASK_HALT_HC_INT(ch_num);
1211:Drivers/STM32F4xx_HAL_Driver/Src/stm32f4xx_hal_hcd.c ****     hhcd->hc[ch_num].state = HC_STALL;
1212:Drivers/STM32F4xx_HAL_Driver/Src/stm32f4xx_hal_hcd.c ****     __HAL_HCD_CLEAR_HC_INT(ch_num, USB_OTG_HCINT_NAK);
1213:Drivers/STM32F4xx_HAL_Driver/Src/stm32f4xx_hal_hcd.c ****     __HAL_HCD_CLEAR_HC_INT(ch_num, USB_OTG_HCINT_STALL);
1214:Drivers/STM32F4xx_HAL_Driver/Src/stm32f4xx_hal_hcd.c ****     (void)USB_HC_Halt(hhcd->Instance, (uint8_t)ch_num);
1215:Drivers/STM32F4xx_HAL_Driver/Src/stm32f4xx_hal_hcd.c ****   }
1216:Drivers/STM32F4xx_HAL_Driver/Src/stm32f4xx_hal_hcd.c ****   else if ((USBx_HC(ch_num)->HCINT & USB_OTG_HCINT_DTERR) == USB_OTG_HCINT_DTERR)
1217:Drivers/STM32F4xx_HAL_Driver/Src/stm32f4xx_hal_hcd.c ****   {
1218:Drivers/STM32F4xx_HAL_Driver/Src/stm32f4xx_hal_hcd.c ****     __HAL_HCD_UNMASK_HALT_HC_INT(ch_num);
1219:Drivers/STM32F4xx_HAL_Driver/Src/stm32f4xx_hal_hcd.c ****     hhcd->hc[ch_num].state = HC_DATATGLERR;
1220:Drivers/STM32F4xx_HAL_Driver/Src/stm32f4xx_hal_hcd.c ****     __HAL_HCD_CLEAR_HC_INT(ch_num, USB_OTG_HCINT_NAK);
1221:Drivers/STM32F4xx_HAL_Driver/Src/stm32f4xx_hal_hcd.c ****     __HAL_HCD_CLEAR_HC_INT(ch_num, USB_OTG_HCINT_DTERR);
1222:Drivers/STM32F4xx_HAL_Driver/Src/stm32f4xx_hal_hcd.c ****     (void)USB_HC_Halt(hhcd->Instance, (uint8_t)ch_num);
1223:Drivers/STM32F4xx_HAL_Driver/Src/stm32f4xx_hal_hcd.c ****   }
1224:Drivers/STM32F4xx_HAL_Driver/Src/stm32f4xx_hal_hcd.c ****   else if ((USBx_HC(ch_num)->HCINT & USB_OTG_HCINT_TXERR) == USB_OTG_HCINT_TXERR)
1225:Drivers/STM32F4xx_HAL_Driver/Src/stm32f4xx_hal_hcd.c ****   {
1226:Drivers/STM32F4xx_HAL_Driver/Src/stm32f4xx_hal_hcd.c ****     __HAL_HCD_UNMASK_HALT_HC_INT(ch_num);
1227:Drivers/STM32F4xx_HAL_Driver/Src/stm32f4xx_hal_hcd.c ****     hhcd->hc[ch_num].state = HC_XACTERR;
ARM GAS  /tmp/ccsyczyn.s 			page 23


1228:Drivers/STM32F4xx_HAL_Driver/Src/stm32f4xx_hal_hcd.c ****     (void)USB_HC_Halt(hhcd->Instance, (uint8_t)ch_num);
1229:Drivers/STM32F4xx_HAL_Driver/Src/stm32f4xx_hal_hcd.c ****     __HAL_HCD_CLEAR_HC_INT(ch_num, USB_OTG_HCINT_TXERR);
1230:Drivers/STM32F4xx_HAL_Driver/Src/stm32f4xx_hal_hcd.c ****   }
1231:Drivers/STM32F4xx_HAL_Driver/Src/stm32f4xx_hal_hcd.c ****   else
1232:Drivers/STM32F4xx_HAL_Driver/Src/stm32f4xx_hal_hcd.c ****   {
1233:Drivers/STM32F4xx_HAL_Driver/Src/stm32f4xx_hal_hcd.c ****     /* ... */
1234:Drivers/STM32F4xx_HAL_Driver/Src/stm32f4xx_hal_hcd.c ****   }
1235:Drivers/STM32F4xx_HAL_Driver/Src/stm32f4xx_hal_hcd.c **** 
1236:Drivers/STM32F4xx_HAL_Driver/Src/stm32f4xx_hal_hcd.c ****   if ((USBx_HC(ch_num)->HCINT & USB_OTG_HCINT_FRMOR) == USB_OTG_HCINT_FRMOR)
1237:Drivers/STM32F4xx_HAL_Driver/Src/stm32f4xx_hal_hcd.c ****   {
1238:Drivers/STM32F4xx_HAL_Driver/Src/stm32f4xx_hal_hcd.c ****     __HAL_HCD_UNMASK_HALT_HC_INT(ch_num);
1239:Drivers/STM32F4xx_HAL_Driver/Src/stm32f4xx_hal_hcd.c ****     (void)USB_HC_Halt(hhcd->Instance, (uint8_t)ch_num);
1240:Drivers/STM32F4xx_HAL_Driver/Src/stm32f4xx_hal_hcd.c ****     __HAL_HCD_CLEAR_HC_INT(ch_num, USB_OTG_HCINT_FRMOR);
1241:Drivers/STM32F4xx_HAL_Driver/Src/stm32f4xx_hal_hcd.c ****   }
1242:Drivers/STM32F4xx_HAL_Driver/Src/stm32f4xx_hal_hcd.c ****   else if ((USBx_HC(ch_num)->HCINT & USB_OTG_HCINT_XFRC) == USB_OTG_HCINT_XFRC)
1243:Drivers/STM32F4xx_HAL_Driver/Src/stm32f4xx_hal_hcd.c ****   {
1244:Drivers/STM32F4xx_HAL_Driver/Src/stm32f4xx_hal_hcd.c ****     if (hhcd->Init.dma_enable != 0U)
1245:Drivers/STM32F4xx_HAL_Driver/Src/stm32f4xx_hal_hcd.c ****     {
1246:Drivers/STM32F4xx_HAL_Driver/Src/stm32f4xx_hal_hcd.c ****       hhcd->hc[ch_num].xfer_count = hhcd->hc[ch_num].XferSize - \
1247:Drivers/STM32F4xx_HAL_Driver/Src/stm32f4xx_hal_hcd.c ****                                     (USBx_HC(ch_num)->HCTSIZ & USB_OTG_HCTSIZ_XFRSIZ);
1248:Drivers/STM32F4xx_HAL_Driver/Src/stm32f4xx_hal_hcd.c ****     }
1249:Drivers/STM32F4xx_HAL_Driver/Src/stm32f4xx_hal_hcd.c **** 
1250:Drivers/STM32F4xx_HAL_Driver/Src/stm32f4xx_hal_hcd.c ****     hhcd->hc[ch_num].state = HC_XFRC;
1251:Drivers/STM32F4xx_HAL_Driver/Src/stm32f4xx_hal_hcd.c ****     hhcd->hc[ch_num].ErrCnt = 0U;
1252:Drivers/STM32F4xx_HAL_Driver/Src/stm32f4xx_hal_hcd.c ****     __HAL_HCD_CLEAR_HC_INT(ch_num, USB_OTG_HCINT_XFRC);
1253:Drivers/STM32F4xx_HAL_Driver/Src/stm32f4xx_hal_hcd.c **** 
1254:Drivers/STM32F4xx_HAL_Driver/Src/stm32f4xx_hal_hcd.c ****     if ((hhcd->hc[ch_num].ep_type == EP_TYPE_CTRL) ||
1255:Drivers/STM32F4xx_HAL_Driver/Src/stm32f4xx_hal_hcd.c ****         (hhcd->hc[ch_num].ep_type == EP_TYPE_BULK))
1256:Drivers/STM32F4xx_HAL_Driver/Src/stm32f4xx_hal_hcd.c ****     {
1257:Drivers/STM32F4xx_HAL_Driver/Src/stm32f4xx_hal_hcd.c ****       __HAL_HCD_UNMASK_HALT_HC_INT(ch_num);
1258:Drivers/STM32F4xx_HAL_Driver/Src/stm32f4xx_hal_hcd.c ****       (void)USB_HC_Halt(hhcd->Instance, (uint8_t)ch_num);
1259:Drivers/STM32F4xx_HAL_Driver/Src/stm32f4xx_hal_hcd.c ****       __HAL_HCD_CLEAR_HC_INT(ch_num, USB_OTG_HCINT_NAK);
1260:Drivers/STM32F4xx_HAL_Driver/Src/stm32f4xx_hal_hcd.c ****     }
1261:Drivers/STM32F4xx_HAL_Driver/Src/stm32f4xx_hal_hcd.c ****     else if (hhcd->hc[ch_num].ep_type == EP_TYPE_INTR)
1262:Drivers/STM32F4xx_HAL_Driver/Src/stm32f4xx_hal_hcd.c ****     {
1263:Drivers/STM32F4xx_HAL_Driver/Src/stm32f4xx_hal_hcd.c ****       USBx_HC(ch_num)->HCCHAR |= USB_OTG_HCCHAR_ODDFRM;
1264:Drivers/STM32F4xx_HAL_Driver/Src/stm32f4xx_hal_hcd.c ****       hhcd->hc[ch_num].urb_state = URB_DONE;
1265:Drivers/STM32F4xx_HAL_Driver/Src/stm32f4xx_hal_hcd.c **** 
1266:Drivers/STM32F4xx_HAL_Driver/Src/stm32f4xx_hal_hcd.c **** #if (USE_HAL_HCD_REGISTER_CALLBACKS == 1U)
1267:Drivers/STM32F4xx_HAL_Driver/Src/stm32f4xx_hal_hcd.c ****       hhcd->HC_NotifyURBChangeCallback(hhcd, (uint8_t)ch_num, hhcd->hc[ch_num].urb_state);
1268:Drivers/STM32F4xx_HAL_Driver/Src/stm32f4xx_hal_hcd.c **** #else
1269:Drivers/STM32F4xx_HAL_Driver/Src/stm32f4xx_hal_hcd.c ****       HAL_HCD_HC_NotifyURBChange_Callback(hhcd, (uint8_t)ch_num, hhcd->hc[ch_num].urb_state);
1270:Drivers/STM32F4xx_HAL_Driver/Src/stm32f4xx_hal_hcd.c **** #endif /* USE_HAL_HCD_REGISTER_CALLBACKS */
1271:Drivers/STM32F4xx_HAL_Driver/Src/stm32f4xx_hal_hcd.c ****     }
1272:Drivers/STM32F4xx_HAL_Driver/Src/stm32f4xx_hal_hcd.c ****     else if (hhcd->hc[ch_num].ep_type == EP_TYPE_ISOC)
1273:Drivers/STM32F4xx_HAL_Driver/Src/stm32f4xx_hal_hcd.c ****     {
1274:Drivers/STM32F4xx_HAL_Driver/Src/stm32f4xx_hal_hcd.c ****       hhcd->hc[ch_num].urb_state = URB_DONE;
1275:Drivers/STM32F4xx_HAL_Driver/Src/stm32f4xx_hal_hcd.c ****       hhcd->hc[ch_num].toggle_in ^= 1U;
1276:Drivers/STM32F4xx_HAL_Driver/Src/stm32f4xx_hal_hcd.c **** 
1277:Drivers/STM32F4xx_HAL_Driver/Src/stm32f4xx_hal_hcd.c **** #if (USE_HAL_HCD_REGISTER_CALLBACKS == 1U)
1278:Drivers/STM32F4xx_HAL_Driver/Src/stm32f4xx_hal_hcd.c ****       hhcd->HC_NotifyURBChangeCallback(hhcd, (uint8_t)ch_num, hhcd->hc[ch_num].urb_state);
1279:Drivers/STM32F4xx_HAL_Driver/Src/stm32f4xx_hal_hcd.c **** #else
1280:Drivers/STM32F4xx_HAL_Driver/Src/stm32f4xx_hal_hcd.c ****       HAL_HCD_HC_NotifyURBChange_Callback(hhcd, (uint8_t)ch_num, hhcd->hc[ch_num].urb_state);
1281:Drivers/STM32F4xx_HAL_Driver/Src/stm32f4xx_hal_hcd.c **** #endif /* USE_HAL_HCD_REGISTER_CALLBACKS */
1282:Drivers/STM32F4xx_HAL_Driver/Src/stm32f4xx_hal_hcd.c ****     }
1283:Drivers/STM32F4xx_HAL_Driver/Src/stm32f4xx_hal_hcd.c ****     else
1284:Drivers/STM32F4xx_HAL_Driver/Src/stm32f4xx_hal_hcd.c ****     {
ARM GAS  /tmp/ccsyczyn.s 			page 24


1285:Drivers/STM32F4xx_HAL_Driver/Src/stm32f4xx_hal_hcd.c ****       /* ... */
1286:Drivers/STM32F4xx_HAL_Driver/Src/stm32f4xx_hal_hcd.c ****     }
1287:Drivers/STM32F4xx_HAL_Driver/Src/stm32f4xx_hal_hcd.c **** 
1288:Drivers/STM32F4xx_HAL_Driver/Src/stm32f4xx_hal_hcd.c ****     if (hhcd->Init.dma_enable == 1U)
1289:Drivers/STM32F4xx_HAL_Driver/Src/stm32f4xx_hal_hcd.c ****     {
1290:Drivers/STM32F4xx_HAL_Driver/Src/stm32f4xx_hal_hcd.c ****       if (((hhcd->hc[ch_num].XferSize / hhcd->hc[ch_num].max_packet) & 1U) != 0U)
1291:Drivers/STM32F4xx_HAL_Driver/Src/stm32f4xx_hal_hcd.c ****       {
1292:Drivers/STM32F4xx_HAL_Driver/Src/stm32f4xx_hal_hcd.c ****         hhcd->hc[ch_num].toggle_in ^= 1U;
1293:Drivers/STM32F4xx_HAL_Driver/Src/stm32f4xx_hal_hcd.c ****       }
1294:Drivers/STM32F4xx_HAL_Driver/Src/stm32f4xx_hal_hcd.c ****     }
1295:Drivers/STM32F4xx_HAL_Driver/Src/stm32f4xx_hal_hcd.c ****     else
1296:Drivers/STM32F4xx_HAL_Driver/Src/stm32f4xx_hal_hcd.c ****     {
1297:Drivers/STM32F4xx_HAL_Driver/Src/stm32f4xx_hal_hcd.c ****       hhcd->hc[ch_num].toggle_in ^= 1U;
1298:Drivers/STM32F4xx_HAL_Driver/Src/stm32f4xx_hal_hcd.c ****     }
1299:Drivers/STM32F4xx_HAL_Driver/Src/stm32f4xx_hal_hcd.c ****   }
1300:Drivers/STM32F4xx_HAL_Driver/Src/stm32f4xx_hal_hcd.c ****   else if ((USBx_HC(ch_num)->HCINT & USB_OTG_HCINT_CHH) == USB_OTG_HCINT_CHH)
1301:Drivers/STM32F4xx_HAL_Driver/Src/stm32f4xx_hal_hcd.c ****   {
1302:Drivers/STM32F4xx_HAL_Driver/Src/stm32f4xx_hal_hcd.c ****     __HAL_HCD_MASK_HALT_HC_INT(ch_num);
1303:Drivers/STM32F4xx_HAL_Driver/Src/stm32f4xx_hal_hcd.c **** 
1304:Drivers/STM32F4xx_HAL_Driver/Src/stm32f4xx_hal_hcd.c ****     if (hhcd->hc[ch_num].state == HC_XFRC)
1305:Drivers/STM32F4xx_HAL_Driver/Src/stm32f4xx_hal_hcd.c ****     {
1306:Drivers/STM32F4xx_HAL_Driver/Src/stm32f4xx_hal_hcd.c ****       hhcd->hc[ch_num].urb_state = URB_DONE;
1307:Drivers/STM32F4xx_HAL_Driver/Src/stm32f4xx_hal_hcd.c ****     }
1308:Drivers/STM32F4xx_HAL_Driver/Src/stm32f4xx_hal_hcd.c ****     else if (hhcd->hc[ch_num].state == HC_STALL)
1309:Drivers/STM32F4xx_HAL_Driver/Src/stm32f4xx_hal_hcd.c ****     {
1310:Drivers/STM32F4xx_HAL_Driver/Src/stm32f4xx_hal_hcd.c ****       hhcd->hc[ch_num].urb_state = URB_STALL;
1311:Drivers/STM32F4xx_HAL_Driver/Src/stm32f4xx_hal_hcd.c ****     }
1312:Drivers/STM32F4xx_HAL_Driver/Src/stm32f4xx_hal_hcd.c ****     else if ((hhcd->hc[ch_num].state == HC_XACTERR) ||
1313:Drivers/STM32F4xx_HAL_Driver/Src/stm32f4xx_hal_hcd.c ****              (hhcd->hc[ch_num].state == HC_DATATGLERR))
1314:Drivers/STM32F4xx_HAL_Driver/Src/stm32f4xx_hal_hcd.c ****     {
1315:Drivers/STM32F4xx_HAL_Driver/Src/stm32f4xx_hal_hcd.c ****       hhcd->hc[ch_num].ErrCnt++;
1316:Drivers/STM32F4xx_HAL_Driver/Src/stm32f4xx_hal_hcd.c ****       if (hhcd->hc[ch_num].ErrCnt > 2U)
1317:Drivers/STM32F4xx_HAL_Driver/Src/stm32f4xx_hal_hcd.c ****       {
1318:Drivers/STM32F4xx_HAL_Driver/Src/stm32f4xx_hal_hcd.c ****         hhcd->hc[ch_num].ErrCnt = 0U;
1319:Drivers/STM32F4xx_HAL_Driver/Src/stm32f4xx_hal_hcd.c ****         hhcd->hc[ch_num].urb_state = URB_ERROR;
1320:Drivers/STM32F4xx_HAL_Driver/Src/stm32f4xx_hal_hcd.c ****       }
1321:Drivers/STM32F4xx_HAL_Driver/Src/stm32f4xx_hal_hcd.c ****       else
1322:Drivers/STM32F4xx_HAL_Driver/Src/stm32f4xx_hal_hcd.c ****       {
1323:Drivers/STM32F4xx_HAL_Driver/Src/stm32f4xx_hal_hcd.c ****         hhcd->hc[ch_num].urb_state = URB_NOTREADY;
1324:Drivers/STM32F4xx_HAL_Driver/Src/stm32f4xx_hal_hcd.c **** 
1325:Drivers/STM32F4xx_HAL_Driver/Src/stm32f4xx_hal_hcd.c ****         /* re-activate the channel */
1326:Drivers/STM32F4xx_HAL_Driver/Src/stm32f4xx_hal_hcd.c ****         tmpreg = USBx_HC(ch_num)->HCCHAR;
1327:Drivers/STM32F4xx_HAL_Driver/Src/stm32f4xx_hal_hcd.c ****         tmpreg &= ~USB_OTG_HCCHAR_CHDIS;
1328:Drivers/STM32F4xx_HAL_Driver/Src/stm32f4xx_hal_hcd.c ****         tmpreg |= USB_OTG_HCCHAR_CHENA;
1329:Drivers/STM32F4xx_HAL_Driver/Src/stm32f4xx_hal_hcd.c ****         USBx_HC(ch_num)->HCCHAR = tmpreg;
1330:Drivers/STM32F4xx_HAL_Driver/Src/stm32f4xx_hal_hcd.c ****       }
1331:Drivers/STM32F4xx_HAL_Driver/Src/stm32f4xx_hal_hcd.c ****     }
1332:Drivers/STM32F4xx_HAL_Driver/Src/stm32f4xx_hal_hcd.c ****     else if (hhcd->hc[ch_num].state == HC_NAK)
1333:Drivers/STM32F4xx_HAL_Driver/Src/stm32f4xx_hal_hcd.c ****     {
1334:Drivers/STM32F4xx_HAL_Driver/Src/stm32f4xx_hal_hcd.c ****       hhcd->hc[ch_num].urb_state  = URB_NOTREADY;
1335:Drivers/STM32F4xx_HAL_Driver/Src/stm32f4xx_hal_hcd.c **** 
1336:Drivers/STM32F4xx_HAL_Driver/Src/stm32f4xx_hal_hcd.c ****       /* re-activate the channel */
1337:Drivers/STM32F4xx_HAL_Driver/Src/stm32f4xx_hal_hcd.c ****       tmpreg = USBx_HC(ch_num)->HCCHAR;
1338:Drivers/STM32F4xx_HAL_Driver/Src/stm32f4xx_hal_hcd.c ****       tmpreg &= ~USB_OTG_HCCHAR_CHDIS;
1339:Drivers/STM32F4xx_HAL_Driver/Src/stm32f4xx_hal_hcd.c ****       tmpreg |= USB_OTG_HCCHAR_CHENA;
1340:Drivers/STM32F4xx_HAL_Driver/Src/stm32f4xx_hal_hcd.c ****       USBx_HC(ch_num)->HCCHAR = tmpreg;
1341:Drivers/STM32F4xx_HAL_Driver/Src/stm32f4xx_hal_hcd.c ****     }
ARM GAS  /tmp/ccsyczyn.s 			page 25


1342:Drivers/STM32F4xx_HAL_Driver/Src/stm32f4xx_hal_hcd.c ****     else if (hhcd->hc[ch_num].state == HC_BBLERR)
1343:Drivers/STM32F4xx_HAL_Driver/Src/stm32f4xx_hal_hcd.c ****     {
1344:Drivers/STM32F4xx_HAL_Driver/Src/stm32f4xx_hal_hcd.c ****       hhcd->hc[ch_num].ErrCnt++;
1345:Drivers/STM32F4xx_HAL_Driver/Src/stm32f4xx_hal_hcd.c ****       hhcd->hc[ch_num].urb_state = URB_ERROR;
1346:Drivers/STM32F4xx_HAL_Driver/Src/stm32f4xx_hal_hcd.c ****     }
1347:Drivers/STM32F4xx_HAL_Driver/Src/stm32f4xx_hal_hcd.c ****     else
1348:Drivers/STM32F4xx_HAL_Driver/Src/stm32f4xx_hal_hcd.c ****     {
1349:Drivers/STM32F4xx_HAL_Driver/Src/stm32f4xx_hal_hcd.c ****       /* ... */
1350:Drivers/STM32F4xx_HAL_Driver/Src/stm32f4xx_hal_hcd.c ****     }
1351:Drivers/STM32F4xx_HAL_Driver/Src/stm32f4xx_hal_hcd.c ****     __HAL_HCD_CLEAR_HC_INT(ch_num, USB_OTG_HCINT_CHH);
1352:Drivers/STM32F4xx_HAL_Driver/Src/stm32f4xx_hal_hcd.c ****     HAL_HCD_HC_NotifyURBChange_Callback(hhcd, (uint8_t)ch_num, hhcd->hc[ch_num].urb_state);
1353:Drivers/STM32F4xx_HAL_Driver/Src/stm32f4xx_hal_hcd.c ****   }
1354:Drivers/STM32F4xx_HAL_Driver/Src/stm32f4xx_hal_hcd.c ****   else if ((USBx_HC(ch_num)->HCINT & USB_OTG_HCINT_NAK) == USB_OTG_HCINT_NAK)
1355:Drivers/STM32F4xx_HAL_Driver/Src/stm32f4xx_hal_hcd.c ****   {
1356:Drivers/STM32F4xx_HAL_Driver/Src/stm32f4xx_hal_hcd.c ****     if (hhcd->hc[ch_num].ep_type == EP_TYPE_INTR)
1357:Drivers/STM32F4xx_HAL_Driver/Src/stm32f4xx_hal_hcd.c ****     {
1358:Drivers/STM32F4xx_HAL_Driver/Src/stm32f4xx_hal_hcd.c ****       hhcd->hc[ch_num].ErrCnt = 0U;
1359:Drivers/STM32F4xx_HAL_Driver/Src/stm32f4xx_hal_hcd.c ****       __HAL_HCD_UNMASK_HALT_HC_INT(ch_num);
1360:Drivers/STM32F4xx_HAL_Driver/Src/stm32f4xx_hal_hcd.c ****       (void)USB_HC_Halt(hhcd->Instance, (uint8_t)ch_num);
1361:Drivers/STM32F4xx_HAL_Driver/Src/stm32f4xx_hal_hcd.c ****     }
1362:Drivers/STM32F4xx_HAL_Driver/Src/stm32f4xx_hal_hcd.c ****     else if ((hhcd->hc[ch_num].ep_type == EP_TYPE_CTRL) ||
1363:Drivers/STM32F4xx_HAL_Driver/Src/stm32f4xx_hal_hcd.c ****              (hhcd->hc[ch_num].ep_type == EP_TYPE_BULK))
1364:Drivers/STM32F4xx_HAL_Driver/Src/stm32f4xx_hal_hcd.c ****     {
1365:Drivers/STM32F4xx_HAL_Driver/Src/stm32f4xx_hal_hcd.c ****       hhcd->hc[ch_num].ErrCnt = 0U;
1366:Drivers/STM32F4xx_HAL_Driver/Src/stm32f4xx_hal_hcd.c **** 
1367:Drivers/STM32F4xx_HAL_Driver/Src/stm32f4xx_hal_hcd.c ****       if (hhcd->Init.dma_enable == 0U)
1368:Drivers/STM32F4xx_HAL_Driver/Src/stm32f4xx_hal_hcd.c ****       {
1369:Drivers/STM32F4xx_HAL_Driver/Src/stm32f4xx_hal_hcd.c ****         hhcd->hc[ch_num].state = HC_NAK;
1370:Drivers/STM32F4xx_HAL_Driver/Src/stm32f4xx_hal_hcd.c ****         __HAL_HCD_UNMASK_HALT_HC_INT(ch_num);
1371:Drivers/STM32F4xx_HAL_Driver/Src/stm32f4xx_hal_hcd.c ****         (void)USB_HC_Halt(hhcd->Instance, (uint8_t)ch_num);
1372:Drivers/STM32F4xx_HAL_Driver/Src/stm32f4xx_hal_hcd.c ****       }
1373:Drivers/STM32F4xx_HAL_Driver/Src/stm32f4xx_hal_hcd.c ****     }
1374:Drivers/STM32F4xx_HAL_Driver/Src/stm32f4xx_hal_hcd.c ****     else
1375:Drivers/STM32F4xx_HAL_Driver/Src/stm32f4xx_hal_hcd.c ****     {
1376:Drivers/STM32F4xx_HAL_Driver/Src/stm32f4xx_hal_hcd.c ****       /* ... */
1377:Drivers/STM32F4xx_HAL_Driver/Src/stm32f4xx_hal_hcd.c ****     }
1378:Drivers/STM32F4xx_HAL_Driver/Src/stm32f4xx_hal_hcd.c ****     __HAL_HCD_CLEAR_HC_INT(ch_num, USB_OTG_HCINT_NAK);
1379:Drivers/STM32F4xx_HAL_Driver/Src/stm32f4xx_hal_hcd.c ****   }
1380:Drivers/STM32F4xx_HAL_Driver/Src/stm32f4xx_hal_hcd.c ****   else
1381:Drivers/STM32F4xx_HAL_Driver/Src/stm32f4xx_hal_hcd.c ****   {
1382:Drivers/STM32F4xx_HAL_Driver/Src/stm32f4xx_hal_hcd.c ****     /* ... */
1383:Drivers/STM32F4xx_HAL_Driver/Src/stm32f4xx_hal_hcd.c ****   }
1384:Drivers/STM32F4xx_HAL_Driver/Src/stm32f4xx_hal_hcd.c **** }
1385:Drivers/STM32F4xx_HAL_Driver/Src/stm32f4xx_hal_hcd.c **** 
1386:Drivers/STM32F4xx_HAL_Driver/Src/stm32f4xx_hal_hcd.c **** /**
1387:Drivers/STM32F4xx_HAL_Driver/Src/stm32f4xx_hal_hcd.c ****   * @brief  Handle Host Channel OUT interrupt requests.
1388:Drivers/STM32F4xx_HAL_Driver/Src/stm32f4xx_hal_hcd.c ****   * @param  hhcd HCD handle
1389:Drivers/STM32F4xx_HAL_Driver/Src/stm32f4xx_hal_hcd.c ****   * @param  chnum Channel number.
1390:Drivers/STM32F4xx_HAL_Driver/Src/stm32f4xx_hal_hcd.c ****   *         This parameter can be a value from 1 to 15
1391:Drivers/STM32F4xx_HAL_Driver/Src/stm32f4xx_hal_hcd.c ****   * @retval none
1392:Drivers/STM32F4xx_HAL_Driver/Src/stm32f4xx_hal_hcd.c ****   */
1393:Drivers/STM32F4xx_HAL_Driver/Src/stm32f4xx_hal_hcd.c **** static void HCD_HC_OUT_IRQHandler(HCD_HandleTypeDef *hhcd, uint8_t chnum)
1394:Drivers/STM32F4xx_HAL_Driver/Src/stm32f4xx_hal_hcd.c **** {
1395:Drivers/STM32F4xx_HAL_Driver/Src/stm32f4xx_hal_hcd.c ****   USB_OTG_GlobalTypeDef *USBx = hhcd->Instance;
1396:Drivers/STM32F4xx_HAL_Driver/Src/stm32f4xx_hal_hcd.c ****   uint32_t USBx_BASE = (uint32_t)USBx;
1397:Drivers/STM32F4xx_HAL_Driver/Src/stm32f4xx_hal_hcd.c ****   uint32_t ch_num = (uint32_t)chnum;
1398:Drivers/STM32F4xx_HAL_Driver/Src/stm32f4xx_hal_hcd.c ****   uint32_t tmpreg;
ARM GAS  /tmp/ccsyczyn.s 			page 26


1399:Drivers/STM32F4xx_HAL_Driver/Src/stm32f4xx_hal_hcd.c ****   uint32_t num_packets;
1400:Drivers/STM32F4xx_HAL_Driver/Src/stm32f4xx_hal_hcd.c **** 
1401:Drivers/STM32F4xx_HAL_Driver/Src/stm32f4xx_hal_hcd.c ****   if ((USBx_HC(ch_num)->HCINT & USB_OTG_HCINT_AHBERR) == USB_OTG_HCINT_AHBERR)
1402:Drivers/STM32F4xx_HAL_Driver/Src/stm32f4xx_hal_hcd.c ****   {
1403:Drivers/STM32F4xx_HAL_Driver/Src/stm32f4xx_hal_hcd.c ****     __HAL_HCD_CLEAR_HC_INT(ch_num, USB_OTG_HCINT_AHBERR);
1404:Drivers/STM32F4xx_HAL_Driver/Src/stm32f4xx_hal_hcd.c ****     __HAL_HCD_UNMASK_HALT_HC_INT(ch_num);
1405:Drivers/STM32F4xx_HAL_Driver/Src/stm32f4xx_hal_hcd.c ****   }
1406:Drivers/STM32F4xx_HAL_Driver/Src/stm32f4xx_hal_hcd.c ****   else if ((USBx_HC(ch_num)->HCINT & USB_OTG_HCINT_ACK) == USB_OTG_HCINT_ACK)
1407:Drivers/STM32F4xx_HAL_Driver/Src/stm32f4xx_hal_hcd.c ****   {
1408:Drivers/STM32F4xx_HAL_Driver/Src/stm32f4xx_hal_hcd.c ****     __HAL_HCD_CLEAR_HC_INT(ch_num, USB_OTG_HCINT_ACK);
1409:Drivers/STM32F4xx_HAL_Driver/Src/stm32f4xx_hal_hcd.c **** 
1410:Drivers/STM32F4xx_HAL_Driver/Src/stm32f4xx_hal_hcd.c ****     if (hhcd->hc[ch_num].do_ping == 1U)
1411:Drivers/STM32F4xx_HAL_Driver/Src/stm32f4xx_hal_hcd.c ****     {
1412:Drivers/STM32F4xx_HAL_Driver/Src/stm32f4xx_hal_hcd.c ****       hhcd->hc[ch_num].do_ping = 0U;
1413:Drivers/STM32F4xx_HAL_Driver/Src/stm32f4xx_hal_hcd.c ****       hhcd->hc[ch_num].urb_state  = URB_NOTREADY;
1414:Drivers/STM32F4xx_HAL_Driver/Src/stm32f4xx_hal_hcd.c ****       __HAL_HCD_UNMASK_HALT_HC_INT(ch_num);
1415:Drivers/STM32F4xx_HAL_Driver/Src/stm32f4xx_hal_hcd.c ****       (void)USB_HC_Halt(hhcd->Instance, (uint8_t)ch_num);
1416:Drivers/STM32F4xx_HAL_Driver/Src/stm32f4xx_hal_hcd.c ****     }
1417:Drivers/STM32F4xx_HAL_Driver/Src/stm32f4xx_hal_hcd.c ****   }
1418:Drivers/STM32F4xx_HAL_Driver/Src/stm32f4xx_hal_hcd.c ****   else if ((USBx_HC(ch_num)->HCINT & USB_OTG_HCINT_FRMOR) == USB_OTG_HCINT_FRMOR)
1419:Drivers/STM32F4xx_HAL_Driver/Src/stm32f4xx_hal_hcd.c ****   {
1420:Drivers/STM32F4xx_HAL_Driver/Src/stm32f4xx_hal_hcd.c ****     __HAL_HCD_UNMASK_HALT_HC_INT(ch_num);
1421:Drivers/STM32F4xx_HAL_Driver/Src/stm32f4xx_hal_hcd.c ****     (void)USB_HC_Halt(hhcd->Instance, (uint8_t)ch_num);
1422:Drivers/STM32F4xx_HAL_Driver/Src/stm32f4xx_hal_hcd.c ****     __HAL_HCD_CLEAR_HC_INT(ch_num, USB_OTG_HCINT_FRMOR);
1423:Drivers/STM32F4xx_HAL_Driver/Src/stm32f4xx_hal_hcd.c ****   }
1424:Drivers/STM32F4xx_HAL_Driver/Src/stm32f4xx_hal_hcd.c ****   else if ((USBx_HC(ch_num)->HCINT & USB_OTG_HCINT_XFRC) == USB_OTG_HCINT_XFRC)
1425:Drivers/STM32F4xx_HAL_Driver/Src/stm32f4xx_hal_hcd.c ****   {
1426:Drivers/STM32F4xx_HAL_Driver/Src/stm32f4xx_hal_hcd.c ****     hhcd->hc[ch_num].ErrCnt = 0U;
1427:Drivers/STM32F4xx_HAL_Driver/Src/stm32f4xx_hal_hcd.c **** 
1428:Drivers/STM32F4xx_HAL_Driver/Src/stm32f4xx_hal_hcd.c ****     /* transaction completed with NYET state, update do ping state */
1429:Drivers/STM32F4xx_HAL_Driver/Src/stm32f4xx_hal_hcd.c ****     if ((USBx_HC(ch_num)->HCINT & USB_OTG_HCINT_NYET) == USB_OTG_HCINT_NYET)
1430:Drivers/STM32F4xx_HAL_Driver/Src/stm32f4xx_hal_hcd.c ****     {
1431:Drivers/STM32F4xx_HAL_Driver/Src/stm32f4xx_hal_hcd.c ****       hhcd->hc[ch_num].do_ping = 1U;
1432:Drivers/STM32F4xx_HAL_Driver/Src/stm32f4xx_hal_hcd.c ****       __HAL_HCD_CLEAR_HC_INT(ch_num, USB_OTG_HCINT_NYET);
1433:Drivers/STM32F4xx_HAL_Driver/Src/stm32f4xx_hal_hcd.c ****     }
1434:Drivers/STM32F4xx_HAL_Driver/Src/stm32f4xx_hal_hcd.c ****     __HAL_HCD_UNMASK_HALT_HC_INT(ch_num);
1435:Drivers/STM32F4xx_HAL_Driver/Src/stm32f4xx_hal_hcd.c ****     (void)USB_HC_Halt(hhcd->Instance, (uint8_t)ch_num);
1436:Drivers/STM32F4xx_HAL_Driver/Src/stm32f4xx_hal_hcd.c ****     __HAL_HCD_CLEAR_HC_INT(ch_num, USB_OTG_HCINT_XFRC);
1437:Drivers/STM32F4xx_HAL_Driver/Src/stm32f4xx_hal_hcd.c ****     hhcd->hc[ch_num].state = HC_XFRC;
1438:Drivers/STM32F4xx_HAL_Driver/Src/stm32f4xx_hal_hcd.c ****   }
1439:Drivers/STM32F4xx_HAL_Driver/Src/stm32f4xx_hal_hcd.c ****   else if ((USBx_HC(ch_num)->HCINT & USB_OTG_HCINT_NYET) == USB_OTG_HCINT_NYET)
1440:Drivers/STM32F4xx_HAL_Driver/Src/stm32f4xx_hal_hcd.c ****   {
1441:Drivers/STM32F4xx_HAL_Driver/Src/stm32f4xx_hal_hcd.c ****     hhcd->hc[ch_num].state = HC_NYET;
1442:Drivers/STM32F4xx_HAL_Driver/Src/stm32f4xx_hal_hcd.c ****     hhcd->hc[ch_num].do_ping = 1U;
1443:Drivers/STM32F4xx_HAL_Driver/Src/stm32f4xx_hal_hcd.c ****     hhcd->hc[ch_num].ErrCnt = 0U;
1444:Drivers/STM32F4xx_HAL_Driver/Src/stm32f4xx_hal_hcd.c ****     __HAL_HCD_UNMASK_HALT_HC_INT(ch_num);
1445:Drivers/STM32F4xx_HAL_Driver/Src/stm32f4xx_hal_hcd.c ****     (void)USB_HC_Halt(hhcd->Instance, (uint8_t)ch_num);
1446:Drivers/STM32F4xx_HAL_Driver/Src/stm32f4xx_hal_hcd.c ****     __HAL_HCD_CLEAR_HC_INT(ch_num, USB_OTG_HCINT_NYET);
1447:Drivers/STM32F4xx_HAL_Driver/Src/stm32f4xx_hal_hcd.c ****   }
1448:Drivers/STM32F4xx_HAL_Driver/Src/stm32f4xx_hal_hcd.c ****   else if ((USBx_HC(ch_num)->HCINT & USB_OTG_HCINT_STALL) == USB_OTG_HCINT_STALL)
1449:Drivers/STM32F4xx_HAL_Driver/Src/stm32f4xx_hal_hcd.c ****   {
1450:Drivers/STM32F4xx_HAL_Driver/Src/stm32f4xx_hal_hcd.c ****     __HAL_HCD_CLEAR_HC_INT(ch_num, USB_OTG_HCINT_STALL);
1451:Drivers/STM32F4xx_HAL_Driver/Src/stm32f4xx_hal_hcd.c ****     __HAL_HCD_UNMASK_HALT_HC_INT(ch_num);
1452:Drivers/STM32F4xx_HAL_Driver/Src/stm32f4xx_hal_hcd.c ****     (void)USB_HC_Halt(hhcd->Instance, (uint8_t)ch_num);
1453:Drivers/STM32F4xx_HAL_Driver/Src/stm32f4xx_hal_hcd.c ****     hhcd->hc[ch_num].state = HC_STALL;
1454:Drivers/STM32F4xx_HAL_Driver/Src/stm32f4xx_hal_hcd.c ****   }
1455:Drivers/STM32F4xx_HAL_Driver/Src/stm32f4xx_hal_hcd.c ****   else if ((USBx_HC(ch_num)->HCINT & USB_OTG_HCINT_NAK) == USB_OTG_HCINT_NAK)
ARM GAS  /tmp/ccsyczyn.s 			page 27


1456:Drivers/STM32F4xx_HAL_Driver/Src/stm32f4xx_hal_hcd.c ****   {
1457:Drivers/STM32F4xx_HAL_Driver/Src/stm32f4xx_hal_hcd.c ****     hhcd->hc[ch_num].ErrCnt = 0U;
1458:Drivers/STM32F4xx_HAL_Driver/Src/stm32f4xx_hal_hcd.c ****     hhcd->hc[ch_num].state = HC_NAK;
1459:Drivers/STM32F4xx_HAL_Driver/Src/stm32f4xx_hal_hcd.c **** 
1460:Drivers/STM32F4xx_HAL_Driver/Src/stm32f4xx_hal_hcd.c ****     if (hhcd->hc[ch_num].do_ping == 0U)
1461:Drivers/STM32F4xx_HAL_Driver/Src/stm32f4xx_hal_hcd.c ****     {
1462:Drivers/STM32F4xx_HAL_Driver/Src/stm32f4xx_hal_hcd.c ****       if (hhcd->hc[ch_num].speed == HCD_DEVICE_SPEED_HIGH)
1463:Drivers/STM32F4xx_HAL_Driver/Src/stm32f4xx_hal_hcd.c ****       {
1464:Drivers/STM32F4xx_HAL_Driver/Src/stm32f4xx_hal_hcd.c ****         hhcd->hc[ch_num].do_ping = 1U;
1465:Drivers/STM32F4xx_HAL_Driver/Src/stm32f4xx_hal_hcd.c ****       }
1466:Drivers/STM32F4xx_HAL_Driver/Src/stm32f4xx_hal_hcd.c ****     }
1467:Drivers/STM32F4xx_HAL_Driver/Src/stm32f4xx_hal_hcd.c **** 
1468:Drivers/STM32F4xx_HAL_Driver/Src/stm32f4xx_hal_hcd.c ****     __HAL_HCD_UNMASK_HALT_HC_INT(ch_num);
1469:Drivers/STM32F4xx_HAL_Driver/Src/stm32f4xx_hal_hcd.c ****     (void)USB_HC_Halt(hhcd->Instance, (uint8_t)ch_num);
1470:Drivers/STM32F4xx_HAL_Driver/Src/stm32f4xx_hal_hcd.c ****     __HAL_HCD_CLEAR_HC_INT(ch_num, USB_OTG_HCINT_NAK);
1471:Drivers/STM32F4xx_HAL_Driver/Src/stm32f4xx_hal_hcd.c ****   }
1472:Drivers/STM32F4xx_HAL_Driver/Src/stm32f4xx_hal_hcd.c ****   else if ((USBx_HC(ch_num)->HCINT & USB_OTG_HCINT_TXERR) == USB_OTG_HCINT_TXERR)
1473:Drivers/STM32F4xx_HAL_Driver/Src/stm32f4xx_hal_hcd.c ****   {
1474:Drivers/STM32F4xx_HAL_Driver/Src/stm32f4xx_hal_hcd.c ****     if (hhcd->Init.dma_enable == 0U)
1475:Drivers/STM32F4xx_HAL_Driver/Src/stm32f4xx_hal_hcd.c ****     {
1476:Drivers/STM32F4xx_HAL_Driver/Src/stm32f4xx_hal_hcd.c ****       hhcd->hc[ch_num].state = HC_XACTERR;
1477:Drivers/STM32F4xx_HAL_Driver/Src/stm32f4xx_hal_hcd.c ****       __HAL_HCD_UNMASK_HALT_HC_INT(ch_num);
1478:Drivers/STM32F4xx_HAL_Driver/Src/stm32f4xx_hal_hcd.c ****       (void)USB_HC_Halt(hhcd->Instance, (uint8_t)ch_num);
1479:Drivers/STM32F4xx_HAL_Driver/Src/stm32f4xx_hal_hcd.c ****     }
1480:Drivers/STM32F4xx_HAL_Driver/Src/stm32f4xx_hal_hcd.c ****     else
1481:Drivers/STM32F4xx_HAL_Driver/Src/stm32f4xx_hal_hcd.c ****     {
1482:Drivers/STM32F4xx_HAL_Driver/Src/stm32f4xx_hal_hcd.c ****       hhcd->hc[ch_num].ErrCnt++;
1483:Drivers/STM32F4xx_HAL_Driver/Src/stm32f4xx_hal_hcd.c ****       if (hhcd->hc[ch_num].ErrCnt > 2U)
1484:Drivers/STM32F4xx_HAL_Driver/Src/stm32f4xx_hal_hcd.c ****       {
1485:Drivers/STM32F4xx_HAL_Driver/Src/stm32f4xx_hal_hcd.c ****         hhcd->hc[ch_num].ErrCnt = 0U;
1486:Drivers/STM32F4xx_HAL_Driver/Src/stm32f4xx_hal_hcd.c ****         hhcd->hc[ch_num].urb_state = URB_ERROR;
1487:Drivers/STM32F4xx_HAL_Driver/Src/stm32f4xx_hal_hcd.c ****         HAL_HCD_HC_NotifyURBChange_Callback(hhcd, (uint8_t)ch_num,
1488:Drivers/STM32F4xx_HAL_Driver/Src/stm32f4xx_hal_hcd.c ****                                             hhcd->hc[ch_num].urb_state);
1489:Drivers/STM32F4xx_HAL_Driver/Src/stm32f4xx_hal_hcd.c ****       }
1490:Drivers/STM32F4xx_HAL_Driver/Src/stm32f4xx_hal_hcd.c ****       else
1491:Drivers/STM32F4xx_HAL_Driver/Src/stm32f4xx_hal_hcd.c ****       {
1492:Drivers/STM32F4xx_HAL_Driver/Src/stm32f4xx_hal_hcd.c ****         hhcd->hc[ch_num].urb_state = URB_NOTREADY;
1493:Drivers/STM32F4xx_HAL_Driver/Src/stm32f4xx_hal_hcd.c ****       }
1494:Drivers/STM32F4xx_HAL_Driver/Src/stm32f4xx_hal_hcd.c ****     }
1495:Drivers/STM32F4xx_HAL_Driver/Src/stm32f4xx_hal_hcd.c ****     __HAL_HCD_CLEAR_HC_INT(ch_num, USB_OTG_HCINT_TXERR);
1496:Drivers/STM32F4xx_HAL_Driver/Src/stm32f4xx_hal_hcd.c ****   }
1497:Drivers/STM32F4xx_HAL_Driver/Src/stm32f4xx_hal_hcd.c ****   else if ((USBx_HC(ch_num)->HCINT & USB_OTG_HCINT_DTERR) == USB_OTG_HCINT_DTERR)
1498:Drivers/STM32F4xx_HAL_Driver/Src/stm32f4xx_hal_hcd.c ****   {
1499:Drivers/STM32F4xx_HAL_Driver/Src/stm32f4xx_hal_hcd.c ****     __HAL_HCD_UNMASK_HALT_HC_INT(ch_num);
1500:Drivers/STM32F4xx_HAL_Driver/Src/stm32f4xx_hal_hcd.c ****     (void)USB_HC_Halt(hhcd->Instance, (uint8_t)ch_num);
1501:Drivers/STM32F4xx_HAL_Driver/Src/stm32f4xx_hal_hcd.c ****     __HAL_HCD_CLEAR_HC_INT(ch_num, USB_OTG_HCINT_NAK);
1502:Drivers/STM32F4xx_HAL_Driver/Src/stm32f4xx_hal_hcd.c ****     __HAL_HCD_CLEAR_HC_INT(ch_num, USB_OTG_HCINT_DTERR);
1503:Drivers/STM32F4xx_HAL_Driver/Src/stm32f4xx_hal_hcd.c ****     hhcd->hc[ch_num].state = HC_DATATGLERR;
1504:Drivers/STM32F4xx_HAL_Driver/Src/stm32f4xx_hal_hcd.c ****   }
1505:Drivers/STM32F4xx_HAL_Driver/Src/stm32f4xx_hal_hcd.c ****   else if ((USBx_HC(ch_num)->HCINT & USB_OTG_HCINT_CHH) == USB_OTG_HCINT_CHH)
1506:Drivers/STM32F4xx_HAL_Driver/Src/stm32f4xx_hal_hcd.c ****   {
1507:Drivers/STM32F4xx_HAL_Driver/Src/stm32f4xx_hal_hcd.c ****     __HAL_HCD_MASK_HALT_HC_INT(ch_num);
1508:Drivers/STM32F4xx_HAL_Driver/Src/stm32f4xx_hal_hcd.c **** 
1509:Drivers/STM32F4xx_HAL_Driver/Src/stm32f4xx_hal_hcd.c ****     if (hhcd->hc[ch_num].state == HC_XFRC)
1510:Drivers/STM32F4xx_HAL_Driver/Src/stm32f4xx_hal_hcd.c ****     {
1511:Drivers/STM32F4xx_HAL_Driver/Src/stm32f4xx_hal_hcd.c ****       hhcd->hc[ch_num].urb_state  = URB_DONE;
1512:Drivers/STM32F4xx_HAL_Driver/Src/stm32f4xx_hal_hcd.c ****       if ((hhcd->hc[ch_num].ep_type == EP_TYPE_BULK) ||
ARM GAS  /tmp/ccsyczyn.s 			page 28


1513:Drivers/STM32F4xx_HAL_Driver/Src/stm32f4xx_hal_hcd.c ****           (hhcd->hc[ch_num].ep_type == EP_TYPE_INTR))
1514:Drivers/STM32F4xx_HAL_Driver/Src/stm32f4xx_hal_hcd.c ****       {
1515:Drivers/STM32F4xx_HAL_Driver/Src/stm32f4xx_hal_hcd.c ****         if (hhcd->Init.dma_enable == 0U)
1516:Drivers/STM32F4xx_HAL_Driver/Src/stm32f4xx_hal_hcd.c ****         {
1517:Drivers/STM32F4xx_HAL_Driver/Src/stm32f4xx_hal_hcd.c ****           hhcd->hc[ch_num].toggle_out ^= 1U;
1518:Drivers/STM32F4xx_HAL_Driver/Src/stm32f4xx_hal_hcd.c ****         }
1519:Drivers/STM32F4xx_HAL_Driver/Src/stm32f4xx_hal_hcd.c **** 
1520:Drivers/STM32F4xx_HAL_Driver/Src/stm32f4xx_hal_hcd.c ****         if ((hhcd->Init.dma_enable == 1U) && (hhcd->hc[ch_num].xfer_len > 0U))
1521:Drivers/STM32F4xx_HAL_Driver/Src/stm32f4xx_hal_hcd.c ****         {
1522:Drivers/STM32F4xx_HAL_Driver/Src/stm32f4xx_hal_hcd.c ****           num_packets = (hhcd->hc[ch_num].xfer_len + hhcd->hc[ch_num].max_packet - 1U) / hhcd->hc[c
1523:Drivers/STM32F4xx_HAL_Driver/Src/stm32f4xx_hal_hcd.c **** 
1524:Drivers/STM32F4xx_HAL_Driver/Src/stm32f4xx_hal_hcd.c ****           if ((num_packets & 1U) != 0U)
1525:Drivers/STM32F4xx_HAL_Driver/Src/stm32f4xx_hal_hcd.c ****           {
1526:Drivers/STM32F4xx_HAL_Driver/Src/stm32f4xx_hal_hcd.c ****             hhcd->hc[ch_num].toggle_out ^= 1U;
1527:Drivers/STM32F4xx_HAL_Driver/Src/stm32f4xx_hal_hcd.c ****           }
1528:Drivers/STM32F4xx_HAL_Driver/Src/stm32f4xx_hal_hcd.c ****         }
1529:Drivers/STM32F4xx_HAL_Driver/Src/stm32f4xx_hal_hcd.c ****       }
1530:Drivers/STM32F4xx_HAL_Driver/Src/stm32f4xx_hal_hcd.c ****     }
1531:Drivers/STM32F4xx_HAL_Driver/Src/stm32f4xx_hal_hcd.c ****     else if (hhcd->hc[ch_num].state == HC_NAK)
1532:Drivers/STM32F4xx_HAL_Driver/Src/stm32f4xx_hal_hcd.c ****     {
1533:Drivers/STM32F4xx_HAL_Driver/Src/stm32f4xx_hal_hcd.c ****       hhcd->hc[ch_num].urb_state = URB_NOTREADY;
1534:Drivers/STM32F4xx_HAL_Driver/Src/stm32f4xx_hal_hcd.c ****     }
1535:Drivers/STM32F4xx_HAL_Driver/Src/stm32f4xx_hal_hcd.c ****     else if (hhcd->hc[ch_num].state == HC_NYET)
1536:Drivers/STM32F4xx_HAL_Driver/Src/stm32f4xx_hal_hcd.c ****     {
1537:Drivers/STM32F4xx_HAL_Driver/Src/stm32f4xx_hal_hcd.c ****       hhcd->hc[ch_num].urb_state  = URB_NOTREADY;
1538:Drivers/STM32F4xx_HAL_Driver/Src/stm32f4xx_hal_hcd.c ****     }
1539:Drivers/STM32F4xx_HAL_Driver/Src/stm32f4xx_hal_hcd.c ****     else if (hhcd->hc[ch_num].state == HC_STALL)
1540:Drivers/STM32F4xx_HAL_Driver/Src/stm32f4xx_hal_hcd.c ****     {
1541:Drivers/STM32F4xx_HAL_Driver/Src/stm32f4xx_hal_hcd.c ****       hhcd->hc[ch_num].urb_state  = URB_STALL;
1542:Drivers/STM32F4xx_HAL_Driver/Src/stm32f4xx_hal_hcd.c ****     }
1543:Drivers/STM32F4xx_HAL_Driver/Src/stm32f4xx_hal_hcd.c ****     else if ((hhcd->hc[ch_num].state == HC_XACTERR) ||
1544:Drivers/STM32F4xx_HAL_Driver/Src/stm32f4xx_hal_hcd.c ****              (hhcd->hc[ch_num].state == HC_DATATGLERR))
1545:Drivers/STM32F4xx_HAL_Driver/Src/stm32f4xx_hal_hcd.c ****     {
1546:Drivers/STM32F4xx_HAL_Driver/Src/stm32f4xx_hal_hcd.c ****       hhcd->hc[ch_num].ErrCnt++;
1547:Drivers/STM32F4xx_HAL_Driver/Src/stm32f4xx_hal_hcd.c ****       if (hhcd->hc[ch_num].ErrCnt > 2U)
1548:Drivers/STM32F4xx_HAL_Driver/Src/stm32f4xx_hal_hcd.c ****       {
1549:Drivers/STM32F4xx_HAL_Driver/Src/stm32f4xx_hal_hcd.c ****         hhcd->hc[ch_num].ErrCnt = 0U;
1550:Drivers/STM32F4xx_HAL_Driver/Src/stm32f4xx_hal_hcd.c ****         hhcd->hc[ch_num].urb_state = URB_ERROR;
1551:Drivers/STM32F4xx_HAL_Driver/Src/stm32f4xx_hal_hcd.c ****       }
1552:Drivers/STM32F4xx_HAL_Driver/Src/stm32f4xx_hal_hcd.c ****       else
1553:Drivers/STM32F4xx_HAL_Driver/Src/stm32f4xx_hal_hcd.c ****       {
1554:Drivers/STM32F4xx_HAL_Driver/Src/stm32f4xx_hal_hcd.c ****         hhcd->hc[ch_num].urb_state = URB_NOTREADY;
1555:Drivers/STM32F4xx_HAL_Driver/Src/stm32f4xx_hal_hcd.c **** 
1556:Drivers/STM32F4xx_HAL_Driver/Src/stm32f4xx_hal_hcd.c ****         /* re-activate the channel  */
1557:Drivers/STM32F4xx_HAL_Driver/Src/stm32f4xx_hal_hcd.c ****         tmpreg = USBx_HC(ch_num)->HCCHAR;
1558:Drivers/STM32F4xx_HAL_Driver/Src/stm32f4xx_hal_hcd.c ****         tmpreg &= ~USB_OTG_HCCHAR_CHDIS;
1559:Drivers/STM32F4xx_HAL_Driver/Src/stm32f4xx_hal_hcd.c ****         tmpreg |= USB_OTG_HCCHAR_CHENA;
1560:Drivers/STM32F4xx_HAL_Driver/Src/stm32f4xx_hal_hcd.c ****         USBx_HC(ch_num)->HCCHAR = tmpreg;
1561:Drivers/STM32F4xx_HAL_Driver/Src/stm32f4xx_hal_hcd.c ****       }
1562:Drivers/STM32F4xx_HAL_Driver/Src/stm32f4xx_hal_hcd.c ****     }
1563:Drivers/STM32F4xx_HAL_Driver/Src/stm32f4xx_hal_hcd.c ****     else
1564:Drivers/STM32F4xx_HAL_Driver/Src/stm32f4xx_hal_hcd.c ****     {
1565:Drivers/STM32F4xx_HAL_Driver/Src/stm32f4xx_hal_hcd.c ****       /* ... */
1566:Drivers/STM32F4xx_HAL_Driver/Src/stm32f4xx_hal_hcd.c ****     }
1567:Drivers/STM32F4xx_HAL_Driver/Src/stm32f4xx_hal_hcd.c **** 
1568:Drivers/STM32F4xx_HAL_Driver/Src/stm32f4xx_hal_hcd.c ****     __HAL_HCD_CLEAR_HC_INT(ch_num, USB_OTG_HCINT_CHH);
1569:Drivers/STM32F4xx_HAL_Driver/Src/stm32f4xx_hal_hcd.c ****     HAL_HCD_HC_NotifyURBChange_Callback(hhcd, (uint8_t)ch_num, hhcd->hc[ch_num].urb_state);
ARM GAS  /tmp/ccsyczyn.s 			page 29


1570:Drivers/STM32F4xx_HAL_Driver/Src/stm32f4xx_hal_hcd.c ****   }
1571:Drivers/STM32F4xx_HAL_Driver/Src/stm32f4xx_hal_hcd.c ****   else
1572:Drivers/STM32F4xx_HAL_Driver/Src/stm32f4xx_hal_hcd.c ****   {
1573:Drivers/STM32F4xx_HAL_Driver/Src/stm32f4xx_hal_hcd.c ****     /* ... */
1574:Drivers/STM32F4xx_HAL_Driver/Src/stm32f4xx_hal_hcd.c ****   }
1575:Drivers/STM32F4xx_HAL_Driver/Src/stm32f4xx_hal_hcd.c **** }
1576:Drivers/STM32F4xx_HAL_Driver/Src/stm32f4xx_hal_hcd.c **** 
1577:Drivers/STM32F4xx_HAL_Driver/Src/stm32f4xx_hal_hcd.c **** /**
1578:Drivers/STM32F4xx_HAL_Driver/Src/stm32f4xx_hal_hcd.c ****   * @brief  Handle Rx Queue Level interrupt requests.
1579:Drivers/STM32F4xx_HAL_Driver/Src/stm32f4xx_hal_hcd.c ****   * @param  hhcd HCD handle
1580:Drivers/STM32F4xx_HAL_Driver/Src/stm32f4xx_hal_hcd.c ****   * @retval none
1581:Drivers/STM32F4xx_HAL_Driver/Src/stm32f4xx_hal_hcd.c ****   */
1582:Drivers/STM32F4xx_HAL_Driver/Src/stm32f4xx_hal_hcd.c **** static void HCD_RXQLVL_IRQHandler(HCD_HandleTypeDef *hhcd)
1583:Drivers/STM32F4xx_HAL_Driver/Src/stm32f4xx_hal_hcd.c **** {
  29              		.loc 1 1583 1 view -0
  30              		.cfi_startproc
  31              		@ args = 0, pretend = 0, frame = 0
  32              		@ frame_needed = 0, uses_anonymous_args = 0
  33              		.loc 1 1583 1 is_stmt 0 view .LVU1
  34 0000 F8B5     		push	{r3, r4, r5, r6, r7, lr}
  35              		.cfi_def_cfa_offset 24
  36              		.cfi_offset 3, -24
  37              		.cfi_offset 4, -20
  38              		.cfi_offset 5, -16
  39              		.cfi_offset 6, -12
  40              		.cfi_offset 7, -8
  41              		.cfi_offset 14, -4
1584:Drivers/STM32F4xx_HAL_Driver/Src/stm32f4xx_hal_hcd.c ****   USB_OTG_GlobalTypeDef *USBx = hhcd->Instance;
  42              		.loc 1 1584 3 is_stmt 1 view .LVU2
  43              		.loc 1 1584 26 is_stmt 0 view .LVU3
  44 0002 0668     		ldr	r6, [r0]
  45              	.LVL1:
1585:Drivers/STM32F4xx_HAL_Driver/Src/stm32f4xx_hal_hcd.c ****   uint32_t USBx_BASE = (uint32_t)USBx;
  46              		.loc 1 1585 3 is_stmt 1 view .LVU4
1586:Drivers/STM32F4xx_HAL_Driver/Src/stm32f4xx_hal_hcd.c ****   uint32_t pktsts;
  47              		.loc 1 1586 3 view .LVU5
1587:Drivers/STM32F4xx_HAL_Driver/Src/stm32f4xx_hal_hcd.c ****   uint32_t pktcnt;
  48              		.loc 1 1587 3 view .LVU6
1588:Drivers/STM32F4xx_HAL_Driver/Src/stm32f4xx_hal_hcd.c ****   uint32_t GrxstspReg;
  49              		.loc 1 1588 3 view .LVU7
1589:Drivers/STM32F4xx_HAL_Driver/Src/stm32f4xx_hal_hcd.c ****   uint32_t xferSizePktCnt;
  50              		.loc 1 1589 3 view .LVU8
1590:Drivers/STM32F4xx_HAL_Driver/Src/stm32f4xx_hal_hcd.c ****   uint32_t tmpreg;
  51              		.loc 1 1590 3 view .LVU9
1591:Drivers/STM32F4xx_HAL_Driver/Src/stm32f4xx_hal_hcd.c ****   uint32_t ch_num;
  52              		.loc 1 1591 3 view .LVU10
1592:Drivers/STM32F4xx_HAL_Driver/Src/stm32f4xx_hal_hcd.c **** 
1593:Drivers/STM32F4xx_HAL_Driver/Src/stm32f4xx_hal_hcd.c ****   GrxstspReg = hhcd->Instance->GRXSTSP;
  53              		.loc 1 1593 3 view .LVU11
  54              		.loc 1 1593 14 is_stmt 0 view .LVU12
  55 0004 346A     		ldr	r4, [r6, #32]
  56              	.LVL2:
1594:Drivers/STM32F4xx_HAL_Driver/Src/stm32f4xx_hal_hcd.c ****   ch_num = GrxstspReg & USB_OTG_GRXSTSP_EPNUM;
  57              		.loc 1 1594 3 is_stmt 1 view .LVU13
  58              		.loc 1 1594 10 is_stmt 0 view .LVU14
  59 0006 04F00F07 		and	r7, r4, #15
  60              	.LVL3:
ARM GAS  /tmp/ccsyczyn.s 			page 30


1595:Drivers/STM32F4xx_HAL_Driver/Src/stm32f4xx_hal_hcd.c ****   pktsts = (GrxstspReg & USB_OTG_GRXSTSP_PKTSTS) >> 17;
  61              		.loc 1 1595 3 is_stmt 1 view .LVU15
  62              		.loc 1 1595 10 is_stmt 0 view .LVU16
  63 000a C4F34343 		ubfx	r3, r4, #17, #4
  64              	.LVL4:
1596:Drivers/STM32F4xx_HAL_Driver/Src/stm32f4xx_hal_hcd.c ****   pktcnt = (GrxstspReg & USB_OTG_GRXSTSP_BCNT) >> 4;
  65              		.loc 1 1596 3 is_stmt 1 view .LVU17
  66              		.loc 1 1596 10 is_stmt 0 view .LVU18
  67 000e C4F30A14 		ubfx	r4, r4, #4, #11
  68              	.LVL5:
1597:Drivers/STM32F4xx_HAL_Driver/Src/stm32f4xx_hal_hcd.c **** 
1598:Drivers/STM32F4xx_HAL_Driver/Src/stm32f4xx_hal_hcd.c ****   switch (pktsts)
  69              		.loc 1 1598 3 is_stmt 1 view .LVU19
  70 0012 022B     		cmp	r3, #2
  71 0014 00D0     		beq	.L5
  72              	.LVL6:
  73              	.L1:
1599:Drivers/STM32F4xx_HAL_Driver/Src/stm32f4xx_hal_hcd.c ****   {
1600:Drivers/STM32F4xx_HAL_Driver/Src/stm32f4xx_hal_hcd.c ****     case GRXSTS_PKTSTS_IN:
1601:Drivers/STM32F4xx_HAL_Driver/Src/stm32f4xx_hal_hcd.c ****       /* Read the data into the host buffer. */
1602:Drivers/STM32F4xx_HAL_Driver/Src/stm32f4xx_hal_hcd.c ****       if ((pktcnt > 0U) && (hhcd->hc[ch_num].xfer_buff != (void *)0))
1603:Drivers/STM32F4xx_HAL_Driver/Src/stm32f4xx_hal_hcd.c ****       {
1604:Drivers/STM32F4xx_HAL_Driver/Src/stm32f4xx_hal_hcd.c ****         if ((hhcd->hc[ch_num].xfer_count + pktcnt) <= hhcd->hc[ch_num].xfer_len)
1605:Drivers/STM32F4xx_HAL_Driver/Src/stm32f4xx_hal_hcd.c ****         {
1606:Drivers/STM32F4xx_HAL_Driver/Src/stm32f4xx_hal_hcd.c ****           (void)USB_ReadPacket(hhcd->Instance,
1607:Drivers/STM32F4xx_HAL_Driver/Src/stm32f4xx_hal_hcd.c ****                                hhcd->hc[ch_num].xfer_buff, (uint16_t)pktcnt);
1608:Drivers/STM32F4xx_HAL_Driver/Src/stm32f4xx_hal_hcd.c **** 
1609:Drivers/STM32F4xx_HAL_Driver/Src/stm32f4xx_hal_hcd.c ****           /* manage multiple Xfer */
1610:Drivers/STM32F4xx_HAL_Driver/Src/stm32f4xx_hal_hcd.c ****           hhcd->hc[ch_num].xfer_buff += pktcnt;
1611:Drivers/STM32F4xx_HAL_Driver/Src/stm32f4xx_hal_hcd.c ****           hhcd->hc[ch_num].xfer_count += pktcnt;
1612:Drivers/STM32F4xx_HAL_Driver/Src/stm32f4xx_hal_hcd.c **** 
1613:Drivers/STM32F4xx_HAL_Driver/Src/stm32f4xx_hal_hcd.c ****           /* get transfer size packet count */
1614:Drivers/STM32F4xx_HAL_Driver/Src/stm32f4xx_hal_hcd.c ****           xferSizePktCnt = (USBx_HC(ch_num)->HCTSIZ & USB_OTG_HCTSIZ_PKTCNT) >> 19;
1615:Drivers/STM32F4xx_HAL_Driver/Src/stm32f4xx_hal_hcd.c **** 
1616:Drivers/STM32F4xx_HAL_Driver/Src/stm32f4xx_hal_hcd.c ****           if ((hhcd->hc[ch_num].max_packet == pktcnt) && (xferSizePktCnt > 0U))
1617:Drivers/STM32F4xx_HAL_Driver/Src/stm32f4xx_hal_hcd.c ****           {
1618:Drivers/STM32F4xx_HAL_Driver/Src/stm32f4xx_hal_hcd.c ****             /* re-activate the channel when more packets are expected */
1619:Drivers/STM32F4xx_HAL_Driver/Src/stm32f4xx_hal_hcd.c ****             tmpreg = USBx_HC(ch_num)->HCCHAR;
1620:Drivers/STM32F4xx_HAL_Driver/Src/stm32f4xx_hal_hcd.c ****             tmpreg &= ~USB_OTG_HCCHAR_CHDIS;
1621:Drivers/STM32F4xx_HAL_Driver/Src/stm32f4xx_hal_hcd.c ****             tmpreg |= USB_OTG_HCCHAR_CHENA;
1622:Drivers/STM32F4xx_HAL_Driver/Src/stm32f4xx_hal_hcd.c ****             USBx_HC(ch_num)->HCCHAR = tmpreg;
1623:Drivers/STM32F4xx_HAL_Driver/Src/stm32f4xx_hal_hcd.c ****             hhcd->hc[ch_num].toggle_in ^= 1U;
1624:Drivers/STM32F4xx_HAL_Driver/Src/stm32f4xx_hal_hcd.c ****           }
1625:Drivers/STM32F4xx_HAL_Driver/Src/stm32f4xx_hal_hcd.c ****         }
1626:Drivers/STM32F4xx_HAL_Driver/Src/stm32f4xx_hal_hcd.c ****         else
1627:Drivers/STM32F4xx_HAL_Driver/Src/stm32f4xx_hal_hcd.c ****         {
1628:Drivers/STM32F4xx_HAL_Driver/Src/stm32f4xx_hal_hcd.c ****           hhcd->hc[ch_num].urb_state = URB_ERROR;
1629:Drivers/STM32F4xx_HAL_Driver/Src/stm32f4xx_hal_hcd.c ****         }
1630:Drivers/STM32F4xx_HAL_Driver/Src/stm32f4xx_hal_hcd.c ****       }
1631:Drivers/STM32F4xx_HAL_Driver/Src/stm32f4xx_hal_hcd.c ****       break;
1632:Drivers/STM32F4xx_HAL_Driver/Src/stm32f4xx_hal_hcd.c **** 
1633:Drivers/STM32F4xx_HAL_Driver/Src/stm32f4xx_hal_hcd.c ****     case GRXSTS_PKTSTS_DATA_TOGGLE_ERR:
1634:Drivers/STM32F4xx_HAL_Driver/Src/stm32f4xx_hal_hcd.c ****       break;
1635:Drivers/STM32F4xx_HAL_Driver/Src/stm32f4xx_hal_hcd.c **** 
1636:Drivers/STM32F4xx_HAL_Driver/Src/stm32f4xx_hal_hcd.c ****     case GRXSTS_PKTSTS_IN_XFER_COMP:
1637:Drivers/STM32F4xx_HAL_Driver/Src/stm32f4xx_hal_hcd.c ****     case GRXSTS_PKTSTS_CH_HALTED:
1638:Drivers/STM32F4xx_HAL_Driver/Src/stm32f4xx_hal_hcd.c ****     default:
ARM GAS  /tmp/ccsyczyn.s 			page 31


1639:Drivers/STM32F4xx_HAL_Driver/Src/stm32f4xx_hal_hcd.c ****       break;
1640:Drivers/STM32F4xx_HAL_Driver/Src/stm32f4xx_hal_hcd.c ****   }
1641:Drivers/STM32F4xx_HAL_Driver/Src/stm32f4xx_hal_hcd.c **** }
  74              		.loc 1 1641 1 is_stmt 0 view .LVU20
  75 0016 F8BD     		pop	{r3, r4, r5, r6, r7, pc}
  76              	.LVL7:
  77              	.L5:
  78              		.loc 1 1641 1 view .LVU21
  79 0018 0546     		mov	r5, r0
1602:Drivers/STM32F4xx_HAL_Driver/Src/stm32f4xx_hal_hcd.c ****       {
  80              		.loc 1 1602 7 is_stmt 1 view .LVU22
1602:Drivers/STM32F4xx_HAL_Driver/Src/stm32f4xx_hal_hcd.c ****       {
  81              		.loc 1 1602 10 is_stmt 0 view .LVU23
  82 001a 002C     		cmp	r4, #0
  83 001c FBD0     		beq	.L1
1602:Drivers/STM32F4xx_HAL_Driver/Src/stm32f4xx_hal_hcd.c ****       {
  84              		.loc 1 1602 45 discriminator 1 view .LVU24
  85 001e 2C23     		movs	r3, #44
  86              	.LVL8:
1602:Drivers/STM32F4xx_HAL_Driver/Src/stm32f4xx_hal_hcd.c ****       {
  87              		.loc 1 1602 45 discriminator 1 view .LVU25
  88 0020 03FB0703 		mla	r3, r3, r7, r0
  89 0024 596C     		ldr	r1, [r3, #68]
1602:Drivers/STM32F4xx_HAL_Driver/Src/stm32f4xx_hal_hcd.c ****       {
  90              		.loc 1 1602 25 discriminator 1 view .LVU26
  91 0026 0029     		cmp	r1, #0
  92 0028 F5D0     		beq	.L1
1604:Drivers/STM32F4xx_HAL_Driver/Src/stm32f4xx_hal_hcd.c ****         {
  93              		.loc 1 1604 9 is_stmt 1 view .LVU27
1604:Drivers/STM32F4xx_HAL_Driver/Src/stm32f4xx_hal_hcd.c ****         {
  94              		.loc 1 1604 30 is_stmt 0 view .LVU28
  95 002a 2C23     		movs	r3, #44
  96 002c 03FB0703 		mla	r3, r3, r7, r0
  97 0030 1A6D     		ldr	r2, [r3, #80]
1604:Drivers/STM32F4xx_HAL_Driver/Src/stm32f4xx_hal_hcd.c ****         {
  98              		.loc 1 1604 42 view .LVU29
  99 0032 2244     		add	r2, r2, r4
1604:Drivers/STM32F4xx_HAL_Driver/Src/stm32f4xx_hal_hcd.c ****         {
 100              		.loc 1 1604 71 view .LVU30
 101 0034 DB6C     		ldr	r3, [r3, #76]
1604:Drivers/STM32F4xx_HAL_Driver/Src/stm32f4xx_hal_hcd.c ****         {
 102              		.loc 1 1604 12 view .LVU31
 103 0036 9A42     		cmp	r2, r3
 104 0038 06D9     		bls	.L6
1628:Drivers/STM32F4xx_HAL_Driver/Src/stm32f4xx_hal_hcd.c ****         }
 105              		.loc 1 1628 11 is_stmt 1 view .LVU32
1628:Drivers/STM32F4xx_HAL_Driver/Src/stm32f4xx_hal_hcd.c ****         }
 106              		.loc 1 1628 38 is_stmt 0 view .LVU33
 107 003a 2C23     		movs	r3, #44
 108 003c 03FB0705 		mla	r5, r3, r7, r0
 109 0040 0423     		movs	r3, #4
 110 0042 85F86030 		strb	r3, [r5, #96]
 111              		.loc 1 1641 1 view .LVU34
 112 0046 E6E7     		b	.L1
 113              	.L6:
1606:Drivers/STM32F4xx_HAL_Driver/Src/stm32f4xx_hal_hcd.c ****                                hhcd->hc[ch_num].xfer_buff, (uint16_t)pktcnt);
 114              		.loc 1 1606 11 is_stmt 1 view .LVU35
ARM GAS  /tmp/ccsyczyn.s 			page 32


1606:Drivers/STM32F4xx_HAL_Driver/Src/stm32f4xx_hal_hcd.c ****                                hhcd->hc[ch_num].xfer_buff, (uint16_t)pktcnt);
 115              		.loc 1 1606 17 is_stmt 0 view .LVU36
 116 0048 2246     		mov	r2, r4
 117 004a 3046     		mov	r0, r6
 118              	.LVL9:
1606:Drivers/STM32F4xx_HAL_Driver/Src/stm32f4xx_hal_hcd.c ****                                hhcd->hc[ch_num].xfer_buff, (uint16_t)pktcnt);
 119              		.loc 1 1606 17 view .LVU37
 120 004c FFF7FEFF 		bl	USB_ReadPacket
 121              	.LVL10:
1610:Drivers/STM32F4xx_HAL_Driver/Src/stm32f4xx_hal_hcd.c ****           hhcd->hc[ch_num].xfer_count += pktcnt;
 122              		.loc 1 1610 11 is_stmt 1 view .LVU38
1610:Drivers/STM32F4xx_HAL_Driver/Src/stm32f4xx_hal_hcd.c ****           hhcd->hc[ch_num].xfer_count += pktcnt;
 123              		.loc 1 1610 27 is_stmt 0 view .LVU39
 124 0050 2C23     		movs	r3, #44
 125 0052 03FB0753 		mla	r3, r3, r7, r5
 126 0056 5A6C     		ldr	r2, [r3, #68]
1610:Drivers/STM32F4xx_HAL_Driver/Src/stm32f4xx_hal_hcd.c ****           hhcd->hc[ch_num].xfer_count += pktcnt;
 127              		.loc 1 1610 38 view .LVU40
 128 0058 2244     		add	r2, r2, r4
 129 005a 5A64     		str	r2, [r3, #68]
1611:Drivers/STM32F4xx_HAL_Driver/Src/stm32f4xx_hal_hcd.c **** 
 130              		.loc 1 1611 11 is_stmt 1 view .LVU41
1611:Drivers/STM32F4xx_HAL_Driver/Src/stm32f4xx_hal_hcd.c **** 
 131              		.loc 1 1611 27 is_stmt 0 view .LVU42
 132 005c 1A6D     		ldr	r2, [r3, #80]
1611:Drivers/STM32F4xx_HAL_Driver/Src/stm32f4xx_hal_hcd.c **** 
 133              		.loc 1 1611 39 view .LVU43
 134 005e 2244     		add	r2, r2, r4
 135 0060 1A65     		str	r2, [r3, #80]
1614:Drivers/STM32F4xx_HAL_Driver/Src/stm32f4xx_hal_hcd.c **** 
 136              		.loc 1 1614 11 is_stmt 1 view .LVU44
1614:Drivers/STM32F4xx_HAL_Driver/Src/stm32f4xx_hal_hcd.c **** 
 137              		.loc 1 1614 29 is_stmt 0 view .LVU45
 138 0062 06EB4716 		add	r6, r6, r7, lsl #5
 139              	.LVL11:
1614:Drivers/STM32F4xx_HAL_Driver/Src/stm32f4xx_hal_hcd.c **** 
 140              		.loc 1 1614 44 view .LVU46
 141 0066 D6F81025 		ldr	r2, [r6, #1296]
 142              	.LVL12:
1616:Drivers/STM32F4xx_HAL_Driver/Src/stm32f4xx_hal_hcd.c ****           {
 143              		.loc 1 1616 11 is_stmt 1 view .LVU47
1616:Drivers/STM32F4xx_HAL_Driver/Src/stm32f4xx_hal_hcd.c ****           {
 144              		.loc 1 1616 32 is_stmt 0 view .LVU48
 145 006a B3F84030 		ldrh	r3, [r3, #64]
1616:Drivers/STM32F4xx_HAL_Driver/Src/stm32f4xx_hal_hcd.c ****           {
 146              		.loc 1 1616 14 view .LVU49
 147 006e A342     		cmp	r3, r4
 148 0070 D1D1     		bne	.L1
1616:Drivers/STM32F4xx_HAL_Driver/Src/stm32f4xx_hal_hcd.c ****           {
 149              		.loc 1 1616 55 discriminator 1 view .LVU50
 150 0072 0B4B     		ldr	r3, .L7
 151 0074 1340     		ands	r3, r3, r2
 152 0076 002B     		cmp	r3, #0
 153 0078 CDD0     		beq	.L1
1619:Drivers/STM32F4xx_HAL_Driver/Src/stm32f4xx_hal_hcd.c ****             tmpreg &= ~USB_OTG_HCCHAR_CHDIS;
 154              		.loc 1 1619 13 is_stmt 1 view .LVU51
1619:Drivers/STM32F4xx_HAL_Driver/Src/stm32f4xx_hal_hcd.c ****             tmpreg &= ~USB_OTG_HCCHAR_CHDIS;
ARM GAS  /tmp/ccsyczyn.s 			page 33


 155              		.loc 1 1619 20 is_stmt 0 view .LVU52
 156 007a D6F80035 		ldr	r3, [r6, #1280]
 157              	.LVL13:
1620:Drivers/STM32F4xx_HAL_Driver/Src/stm32f4xx_hal_hcd.c ****             tmpreg |= USB_OTG_HCCHAR_CHENA;
 158              		.loc 1 1620 13 is_stmt 1 view .LVU53
1620:Drivers/STM32F4xx_HAL_Driver/Src/stm32f4xx_hal_hcd.c ****             tmpreg |= USB_OTG_HCCHAR_CHENA;
 159              		.loc 1 1620 20 is_stmt 0 view .LVU54
 160 007e 23F08043 		bic	r3, r3, #1073741824
 161              	.LVL14:
1621:Drivers/STM32F4xx_HAL_Driver/Src/stm32f4xx_hal_hcd.c ****             USBx_HC(ch_num)->HCCHAR = tmpreg;
 162              		.loc 1 1621 13 is_stmt 1 view .LVU55
1621:Drivers/STM32F4xx_HAL_Driver/Src/stm32f4xx_hal_hcd.c ****             USBx_HC(ch_num)->HCCHAR = tmpreg;
 163              		.loc 1 1621 20 is_stmt 0 view .LVU56
 164 0082 43F00043 		orr	r3, r3, #-2147483648
 165              	.LVL15:
1622:Drivers/STM32F4xx_HAL_Driver/Src/stm32f4xx_hal_hcd.c ****             hhcd->hc[ch_num].toggle_in ^= 1U;
 166              		.loc 1 1622 13 is_stmt 1 view .LVU57
1622:Drivers/STM32F4xx_HAL_Driver/Src/stm32f4xx_hal_hcd.c ****             hhcd->hc[ch_num].toggle_in ^= 1U;
 167              		.loc 1 1622 37 is_stmt 0 view .LVU58
 168 0086 C6F80035 		str	r3, [r6, #1280]
1623:Drivers/STM32F4xx_HAL_Driver/Src/stm32f4xx_hal_hcd.c ****           }
 169              		.loc 1 1623 13 is_stmt 1 view .LVU59
1623:Drivers/STM32F4xx_HAL_Driver/Src/stm32f4xx_hal_hcd.c ****           }
 170              		.loc 1 1623 29 is_stmt 0 view .LVU60
 171 008a 2C23     		movs	r3, #44
 172              	.LVL16:
1623:Drivers/STM32F4xx_HAL_Driver/Src/stm32f4xx_hal_hcd.c ****           }
 173              		.loc 1 1623 29 view .LVU61
 174 008c 03FB0753 		mla	r3, r3, r7, r5
 175 0090 93F85420 		ldrb	r2, [r3, #84]	@ zero_extendqisi2
 176              	.LVL17:
1623:Drivers/STM32F4xx_HAL_Driver/Src/stm32f4xx_hal_hcd.c ****           }
 177              		.loc 1 1623 40 view .LVU62
 178 0094 82F00102 		eor	r2, r2, #1
 179 0098 83F85420 		strb	r2, [r3, #84]
 180              	.LVL18:
1623:Drivers/STM32F4xx_HAL_Driver/Src/stm32f4xx_hal_hcd.c ****           }
 181              		.loc 1 1623 40 view .LVU63
 182 009c BBE7     		b	.L1
 183              	.L8:
 184 009e 00BF     		.align	2
 185              	.L7:
 186 00a0 0000F81F 		.word	536346624
 187              		.cfi_endproc
 188              	.LFE242:
 190              		.section	.text.HAL_HCD_HC_Init,"ax",%progbits
 191              		.align	1
 192              		.global	HAL_HCD_HC_Init
 193              		.syntax unified
 194              		.thumb
 195              		.thumb_func
 197              	HAL_HCD_HC_Init:
 198              	.LVL19:
 199              	.LFB217:
 207:Drivers/STM32F4xx_HAL_Driver/Src/stm32f4xx_hal_hcd.c ****   HAL_StatusTypeDef status;
 200              		.loc 1 207 1 is_stmt 1 view -0
 201              		.cfi_startproc
ARM GAS  /tmp/ccsyczyn.s 			page 34


 202              		@ args = 12, pretend = 0, frame = 0
 203              		@ frame_needed = 0, uses_anonymous_args = 0
 207:Drivers/STM32F4xx_HAL_Driver/Src/stm32f4xx_hal_hcd.c ****   HAL_StatusTypeDef status;
 204              		.loc 1 207 1 is_stmt 0 view .LVU65
 205 0000 F0B5     		push	{r4, r5, r6, r7, lr}
 206              		.cfi_def_cfa_offset 20
 207              		.cfi_offset 4, -20
 208              		.cfi_offset 5, -16
 209              		.cfi_offset 6, -12
 210              		.cfi_offset 7, -8
 211              		.cfi_offset 14, -4
 212 0002 85B0     		sub	sp, sp, #20
 213              		.cfi_def_cfa_offset 40
 214 0004 0446     		mov	r4, r0
 215 0006 9DF82850 		ldrb	r5, [sp, #40]	@ zero_extendqisi2
 216 000a 9DF82C60 		ldrb	r6, [sp, #44]	@ zero_extendqisi2
 217 000e BDF83070 		ldrh	r7, [sp, #48]
 208:Drivers/STM32F4xx_HAL_Driver/Src/stm32f4xx_hal_hcd.c **** 
 218              		.loc 1 208 3 is_stmt 1 view .LVU66
 210:Drivers/STM32F4xx_HAL_Driver/Src/stm32f4xx_hal_hcd.c ****   hhcd->hc[ch_num].do_ping = 0U;
 219              		.loc 1 210 3 view .LVU67
 210:Drivers/STM32F4xx_HAL_Driver/Src/stm32f4xx_hal_hcd.c ****   hhcd->hc[ch_num].do_ping = 0U;
 220              		.loc 1 210 3 view .LVU68
 221 0012 90F8F802 		ldrb	r0, [r0, #760]	@ zero_extendqisi2
 222              	.LVL20:
 210:Drivers/STM32F4xx_HAL_Driver/Src/stm32f4xx_hal_hcd.c ****   hhcd->hc[ch_num].do_ping = 0U;
 223              		.loc 1 210 3 is_stmt 0 view .LVU69
 224 0016 0128     		cmp	r0, #1
 225 0018 37D0     		beq	.L13
 210:Drivers/STM32F4xx_HAL_Driver/Src/stm32f4xx_hal_hcd.c ****   hhcd->hc[ch_num].do_ping = 0U;
 226              		.loc 1 210 3 is_stmt 1 discriminator 2 view .LVU70
 227 001a 0120     		movs	r0, #1
 228 001c 84F8F802 		strb	r0, [r4, #760]
 210:Drivers/STM32F4xx_HAL_Driver/Src/stm32f4xx_hal_hcd.c ****   hhcd->hc[ch_num].do_ping = 0U;
 229              		.loc 1 210 3 discriminator 2 view .LVU71
 211:Drivers/STM32F4xx_HAL_Driver/Src/stm32f4xx_hal_hcd.c ****   hhcd->hc[ch_num].dev_addr = dev_address;
 230              		.loc 1 211 3 view .LVU72
 211:Drivers/STM32F4xx_HAL_Driver/Src/stm32f4xx_hal_hcd.c ****   hhcd->hc[ch_num].dev_addr = dev_address;
 231              		.loc 1 211 28 is_stmt 0 view .LVU73
 232 0020 2C20     		movs	r0, #44
 233 0022 00FB0140 		mla	r0, r0, r1, r4
 234 0026 4FF0000C 		mov	ip, #0
 235 002a 80F83DC0 		strb	ip, [r0, #61]
 212:Drivers/STM32F4xx_HAL_Driver/Src/stm32f4xx_hal_hcd.c ****   hhcd->hc[ch_num].max_packet = mps;
 236              		.loc 1 212 3 is_stmt 1 view .LVU74
 212:Drivers/STM32F4xx_HAL_Driver/Src/stm32f4xx_hal_hcd.c ****   hhcd->hc[ch_num].max_packet = mps;
 237              		.loc 1 212 29 is_stmt 0 view .LVU75
 238 002e 80F83830 		strb	r3, [r0, #56]
 213:Drivers/STM32F4xx_HAL_Driver/Src/stm32f4xx_hal_hcd.c ****   hhcd->hc[ch_num].ch_num = ch_num;
 239              		.loc 1 213 3 is_stmt 1 view .LVU76
 213:Drivers/STM32F4xx_HAL_Driver/Src/stm32f4xx_hal_hcd.c ****   hhcd->hc[ch_num].ch_num = ch_num;
 240              		.loc 1 213 31 is_stmt 0 view .LVU77
 241 0032 A0F84070 		strh	r7, [r0, #64]	@ movhi
 214:Drivers/STM32F4xx_HAL_Driver/Src/stm32f4xx_hal_hcd.c ****   hhcd->hc[ch_num].ep_type = ep_type;
 242              		.loc 1 214 3 is_stmt 1 view .LVU78
 214:Drivers/STM32F4xx_HAL_Driver/Src/stm32f4xx_hal_hcd.c ****   hhcd->hc[ch_num].ep_type = ep_type;
 243              		.loc 1 214 27 is_stmt 0 view .LVU79
ARM GAS  /tmp/ccsyczyn.s 			page 35


 244 0036 80F83910 		strb	r1, [r0, #57]
 215:Drivers/STM32F4xx_HAL_Driver/Src/stm32f4xx_hal_hcd.c ****   hhcd->hc[ch_num].ep_num = epnum & 0x7FU;
 245              		.loc 1 215 3 is_stmt 1 view .LVU80
 215:Drivers/STM32F4xx_HAL_Driver/Src/stm32f4xx_hal_hcd.c ****   hhcd->hc[ch_num].ep_num = epnum & 0x7FU;
 246              		.loc 1 215 28 is_stmt 0 view .LVU81
 247 003a 80F83F60 		strb	r6, [r0, #63]
 216:Drivers/STM32F4xx_HAL_Driver/Src/stm32f4xx_hal_hcd.c **** 
 248              		.loc 1 216 3 is_stmt 1 view .LVU82
 216:Drivers/STM32F4xx_HAL_Driver/Src/stm32f4xx_hal_hcd.c **** 
 249              		.loc 1 216 35 is_stmt 0 view .LVU83
 250 003e 02F07F0C 		and	ip, r2, #127
 216:Drivers/STM32F4xx_HAL_Driver/Src/stm32f4xx_hal_hcd.c **** 
 251              		.loc 1 216 27 view .LVU84
 252 0042 80F83AC0 		strb	ip, [r0, #58]
 218:Drivers/STM32F4xx_HAL_Driver/Src/stm32f4xx_hal_hcd.c ****   {
 253              		.loc 1 218 3 is_stmt 1 view .LVU85
 218:Drivers/STM32F4xx_HAL_Driver/Src/stm32f4xx_hal_hcd.c ****   {
 254              		.loc 1 218 6 is_stmt 0 view .LVU86
 255 0046 12F0800F 		tst	r2, #128
 256 004a 16D1     		bne	.L15
 224:Drivers/STM32F4xx_HAL_Driver/Src/stm32f4xx_hal_hcd.c ****   }
 257              		.loc 1 224 5 is_stmt 1 view .LVU87
 224:Drivers/STM32F4xx_HAL_Driver/Src/stm32f4xx_hal_hcd.c ****   }
 258              		.loc 1 224 31 is_stmt 0 view .LVU88
 259 004c 2C20     		movs	r0, #44
 260 004e 00FB0140 		mla	r0, r0, r1, r4
 261 0052 4FF0000C 		mov	ip, #0
 262 0056 80F83BC0 		strb	ip, [r0, #59]
 263              	.L12:
 227:Drivers/STM32F4xx_HAL_Driver/Src/stm32f4xx_hal_hcd.c **** 
 264              		.loc 1 227 3 is_stmt 1 view .LVU89
 227:Drivers/STM32F4xx_HAL_Driver/Src/stm32f4xx_hal_hcd.c **** 
 265              		.loc 1 227 26 is_stmt 0 view .LVU90
 266 005a 2C20     		movs	r0, #44
 267 005c 00FB0140 		mla	r0, r0, r1, r4
 268 0060 80F83C50 		strb	r5, [r0, #60]
 229:Drivers/STM32F4xx_HAL_Driver/Src/stm32f4xx_hal_hcd.c ****                         ch_num,
 269              		.loc 1 229 3 is_stmt 1 view .LVU91
 229:Drivers/STM32F4xx_HAL_Driver/Src/stm32f4xx_hal_hcd.c ****                         ch_num,
 270              		.loc 1 229 13 is_stmt 0 view .LVU92
 271 0064 0297     		str	r7, [sp, #8]
 272 0066 0196     		str	r6, [sp, #4]
 273 0068 0095     		str	r5, [sp]
 274 006a 2068     		ldr	r0, [r4]
 275 006c FFF7FEFF 		bl	USB_HC_Init
 276              	.LVL21:
 236:Drivers/STM32F4xx_HAL_Driver/Src/stm32f4xx_hal_hcd.c **** 
 277              		.loc 1 236 3 is_stmt 1 view .LVU93
 236:Drivers/STM32F4xx_HAL_Driver/Src/stm32f4xx_hal_hcd.c **** 
 278              		.loc 1 236 3 view .LVU94
 279 0070 0023     		movs	r3, #0
 280 0072 84F8F832 		strb	r3, [r4, #760]
 236:Drivers/STM32F4xx_HAL_Driver/Src/stm32f4xx_hal_hcd.c **** 
 281              		.loc 1 236 3 view .LVU95
 238:Drivers/STM32F4xx_HAL_Driver/Src/stm32f4xx_hal_hcd.c **** }
 282              		.loc 1 238 3 view .LVU96
 283              	.LVL22:
ARM GAS  /tmp/ccsyczyn.s 			page 36


 284              	.L10:
 239:Drivers/STM32F4xx_HAL_Driver/Src/stm32f4xx_hal_hcd.c **** 
 285              		.loc 1 239 1 is_stmt 0 view .LVU97
 286 0076 05B0     		add	sp, sp, #20
 287              		.cfi_remember_state
 288              		.cfi_def_cfa_offset 20
 289              		@ sp needed
 290 0078 F0BD     		pop	{r4, r5, r6, r7, pc}
 291              	.LVL23:
 292              	.L15:
 293              		.cfi_restore_state
 220:Drivers/STM32F4xx_HAL_Driver/Src/stm32f4xx_hal_hcd.c ****   }
 294              		.loc 1 220 5 is_stmt 1 view .LVU98
 220:Drivers/STM32F4xx_HAL_Driver/Src/stm32f4xx_hal_hcd.c ****   }
 295              		.loc 1 220 31 is_stmt 0 view .LVU99
 296 007a 2C20     		movs	r0, #44
 297 007c 00FB0140 		mla	r0, r0, r1, r4
 298 0080 4FF0010C 		mov	ip, #1
 299 0084 80F83BC0 		strb	ip, [r0, #59]
 300 0088 E7E7     		b	.L12
 301              	.L13:
 210:Drivers/STM32F4xx_HAL_Driver/Src/stm32f4xx_hal_hcd.c ****   hhcd->hc[ch_num].do_ping = 0U;
 302              		.loc 1 210 3 discriminator 1 view .LVU100
 303 008a 0220     		movs	r0, #2
 304 008c F3E7     		b	.L10
 305              		.cfi_endproc
 306              	.LFE217:
 308              		.section	.text.HAL_HCD_HC_Halt,"ax",%progbits
 309              		.align	1
 310              		.global	HAL_HCD_HC_Halt
 311              		.syntax unified
 312              		.thumb
 313              		.thumb_func
 315              	HAL_HCD_HC_Halt:
 316              	.LVL24:
 317              	.LFB218:
 249:Drivers/STM32F4xx_HAL_Driver/Src/stm32f4xx_hal_hcd.c ****   HAL_StatusTypeDef status = HAL_OK;
 318              		.loc 1 249 1 is_stmt 1 view -0
 319              		.cfi_startproc
 320              		@ args = 0, pretend = 0, frame = 0
 321              		@ frame_needed = 0, uses_anonymous_args = 0
 250:Drivers/STM32F4xx_HAL_Driver/Src/stm32f4xx_hal_hcd.c **** 
 322              		.loc 1 250 3 view .LVU102
 252:Drivers/STM32F4xx_HAL_Driver/Src/stm32f4xx_hal_hcd.c ****   (void)USB_HC_Halt(hhcd->Instance, (uint8_t)ch_num);
 323              		.loc 1 252 3 view .LVU103
 252:Drivers/STM32F4xx_HAL_Driver/Src/stm32f4xx_hal_hcd.c ****   (void)USB_HC_Halt(hhcd->Instance, (uint8_t)ch_num);
 324              		.loc 1 252 3 view .LVU104
 325 0000 90F8F832 		ldrb	r3, [r0, #760]	@ zero_extendqisi2
 326 0004 012B     		cmp	r3, #1
 327 0006 0BD0     		beq	.L18
 249:Drivers/STM32F4xx_HAL_Driver/Src/stm32f4xx_hal_hcd.c ****   HAL_StatusTypeDef status = HAL_OK;
 328              		.loc 1 249 1 is_stmt 0 view .LVU105
 329 0008 10B5     		push	{r4, lr}
 330              		.cfi_def_cfa_offset 8
 331              		.cfi_offset 4, -8
 332              		.cfi_offset 14, -4
 333 000a 0446     		mov	r4, r0
ARM GAS  /tmp/ccsyczyn.s 			page 37


 252:Drivers/STM32F4xx_HAL_Driver/Src/stm32f4xx_hal_hcd.c ****   (void)USB_HC_Halt(hhcd->Instance, (uint8_t)ch_num);
 334              		.loc 1 252 3 is_stmt 1 discriminator 2 view .LVU106
 335 000c 0123     		movs	r3, #1
 336 000e 80F8F832 		strb	r3, [r0, #760]
 252:Drivers/STM32F4xx_HAL_Driver/Src/stm32f4xx_hal_hcd.c ****   (void)USB_HC_Halt(hhcd->Instance, (uint8_t)ch_num);
 337              		.loc 1 252 3 discriminator 2 view .LVU107
 253:Drivers/STM32F4xx_HAL_Driver/Src/stm32f4xx_hal_hcd.c ****   __HAL_UNLOCK(hhcd);
 338              		.loc 1 253 3 view .LVU108
 253:Drivers/STM32F4xx_HAL_Driver/Src/stm32f4xx_hal_hcd.c ****   __HAL_UNLOCK(hhcd);
 339              		.loc 1 253 9 is_stmt 0 view .LVU109
 340 0012 0068     		ldr	r0, [r0]
 341              	.LVL25:
 253:Drivers/STM32F4xx_HAL_Driver/Src/stm32f4xx_hal_hcd.c ****   __HAL_UNLOCK(hhcd);
 342              		.loc 1 253 9 view .LVU110
 343 0014 FFF7FEFF 		bl	USB_HC_Halt
 344              	.LVL26:
 254:Drivers/STM32F4xx_HAL_Driver/Src/stm32f4xx_hal_hcd.c **** 
 345              		.loc 1 254 3 is_stmt 1 view .LVU111
 254:Drivers/STM32F4xx_HAL_Driver/Src/stm32f4xx_hal_hcd.c **** 
 346              		.loc 1 254 3 view .LVU112
 347 0018 0020     		movs	r0, #0
 348 001a 84F8F802 		strb	r0, [r4, #760]
 254:Drivers/STM32F4xx_HAL_Driver/Src/stm32f4xx_hal_hcd.c **** 
 349              		.loc 1 254 3 view .LVU113
 256:Drivers/STM32F4xx_HAL_Driver/Src/stm32f4xx_hal_hcd.c **** }
 350              		.loc 1 256 3 view .LVU114
 257:Drivers/STM32F4xx_HAL_Driver/Src/stm32f4xx_hal_hcd.c **** 
 351              		.loc 1 257 1 is_stmt 0 view .LVU115
 352 001e 10BD     		pop	{r4, pc}
 353              	.LVL27:
 354              	.L18:
 355              		.cfi_def_cfa_offset 0
 356              		.cfi_restore 4
 357              		.cfi_restore 14
 252:Drivers/STM32F4xx_HAL_Driver/Src/stm32f4xx_hal_hcd.c ****   (void)USB_HC_Halt(hhcd->Instance, (uint8_t)ch_num);
 358              		.loc 1 252 3 discriminator 1 view .LVU116
 359 0020 0220     		movs	r0, #2
 360              	.LVL28:
 257:Drivers/STM32F4xx_HAL_Driver/Src/stm32f4xx_hal_hcd.c **** 
 361              		.loc 1 257 1 view .LVU117
 362 0022 7047     		bx	lr
 363              		.cfi_endproc
 364              	.LFE218:
 366              		.section	.text.HAL_HCD_MspInit,"ax",%progbits
 367              		.align	1
 368              		.weak	HAL_HCD_MspInit
 369              		.syntax unified
 370              		.thumb
 371              		.thumb_func
 373              	HAL_HCD_MspInit:
 374              	.LVL29:
 375              	.LFB220:
 300:Drivers/STM32F4xx_HAL_Driver/Src/stm32f4xx_hal_hcd.c ****   /* Prevent unused argument(s) compilation warning */
 376              		.loc 1 300 1 is_stmt 1 view -0
 377              		.cfi_startproc
 378              		@ args = 0, pretend = 0, frame = 0
 379              		@ frame_needed = 0, uses_anonymous_args = 0
ARM GAS  /tmp/ccsyczyn.s 			page 38


 380              		@ link register save eliminated.
 302:Drivers/STM32F4xx_HAL_Driver/Src/stm32f4xx_hal_hcd.c **** 
 381              		.loc 1 302 3 view .LVU119
 307:Drivers/STM32F4xx_HAL_Driver/Src/stm32f4xx_hal_hcd.c **** 
 382              		.loc 1 307 1 is_stmt 0 view .LVU120
 383 0000 7047     		bx	lr
 384              		.cfi_endproc
 385              	.LFE220:
 387              		.section	.text.HAL_HCD_Init,"ax",%progbits
 388              		.align	1
 389              		.global	HAL_HCD_Init
 390              		.syntax unified
 391              		.thumb
 392              		.thumb_func
 394              	HAL_HCD_Init:
 395              	.LVL30:
 396              	.LFB216:
 111:Drivers/STM32F4xx_HAL_Driver/Src/stm32f4xx_hal_hcd.c ****   USB_OTG_GlobalTypeDef *USBx;
 397              		.loc 1 111 1 is_stmt 1 view -0
 398              		.cfi_startproc
 399              		@ args = 0, pretend = 0, frame = 0
 400              		@ frame_needed = 0, uses_anonymous_args = 0
 112:Drivers/STM32F4xx_HAL_Driver/Src/stm32f4xx_hal_hcd.c **** 
 401              		.loc 1 112 3 view .LVU122
 115:Drivers/STM32F4xx_HAL_Driver/Src/stm32f4xx_hal_hcd.c ****   {
 402              		.loc 1 115 3 view .LVU123
 115:Drivers/STM32F4xx_HAL_Driver/Src/stm32f4xx_hal_hcd.c ****   {
 403              		.loc 1 115 6 is_stmt 0 view .LVU124
 404 0000 0028     		cmp	r0, #0
 405 0002 4DD0     		beq	.L28
 111:Drivers/STM32F4xx_HAL_Driver/Src/stm32f4xx_hal_hcd.c ****   USB_OTG_GlobalTypeDef *USBx;
 406              		.loc 1 111 1 view .LVU125
 407 0004 70B5     		push	{r4, r5, r6, lr}
 408              		.cfi_def_cfa_offset 16
 409              		.cfi_offset 4, -16
 410              		.cfi_offset 5, -12
 411              		.cfi_offset 6, -8
 412              		.cfi_offset 14, -4
 413 0006 8AB0     		sub	sp, sp, #40
 414              		.cfi_def_cfa_offset 56
 415 0008 0446     		mov	r4, r0
 121:Drivers/STM32F4xx_HAL_Driver/Src/stm32f4xx_hal_hcd.c **** 
 416              		.loc 1 121 3 is_stmt 1 view .LVU126
 123:Drivers/STM32F4xx_HAL_Driver/Src/stm32f4xx_hal_hcd.c **** 
 417              		.loc 1 123 3 view .LVU127
 123:Drivers/STM32F4xx_HAL_Driver/Src/stm32f4xx_hal_hcd.c **** 
 418              		.loc 1 123 8 is_stmt 0 view .LVU128
 419 000a 0568     		ldr	r5, [r0]
 420              	.LVL31:
 125:Drivers/STM32F4xx_HAL_Driver/Src/stm32f4xx_hal_hcd.c ****   {
 421              		.loc 1 125 3 is_stmt 1 view .LVU129
 125:Drivers/STM32F4xx_HAL_Driver/Src/stm32f4xx_hal_hcd.c ****   {
 422              		.loc 1 125 11 is_stmt 0 view .LVU130
 423 000c 90F8F932 		ldrb	r3, [r0, #761]	@ zero_extendqisi2
 125:Drivers/STM32F4xx_HAL_Driver/Src/stm32f4xx_hal_hcd.c ****   {
 424              		.loc 1 125 6 view .LVU131
 425 0010 002B     		cmp	r3, #0
ARM GAS  /tmp/ccsyczyn.s 			page 39


 426 0012 40D0     		beq	.L33
 427              	.LVL32:
 428              	.L26:
 151:Drivers/STM32F4xx_HAL_Driver/Src/stm32f4xx_hal_hcd.c **** 
 429              		.loc 1 151 3 is_stmt 1 view .LVU132
 151:Drivers/STM32F4xx_HAL_Driver/Src/stm32f4xx_hal_hcd.c **** 
 430              		.loc 1 151 15 is_stmt 0 view .LVU133
 431 0014 0323     		movs	r3, #3
 432 0016 84F8F932 		strb	r3, [r4, #761]
 154:Drivers/STM32F4xx_HAL_Driver/Src/stm32f4xx_hal_hcd.c ****   {
 433              		.loc 1 154 3 is_stmt 1 view .LVU134
 154:Drivers/STM32F4xx_HAL_Driver/Src/stm32f4xx_hal_hcd.c ****   {
 434              		.loc 1 154 12 is_stmt 0 view .LVU135
 435 001a EB6B     		ldr	r3, [r5, #60]
 154:Drivers/STM32F4xx_HAL_Driver/Src/stm32f4xx_hal_hcd.c ****   {
 436              		.loc 1 154 6 view .LVU136
 437 001c 13F4807F 		tst	r3, #256
 438 0020 01D1     		bne	.L27
 156:Drivers/STM32F4xx_HAL_Driver/Src/stm32f4xx_hal_hcd.c ****   }
 439              		.loc 1 156 5 is_stmt 1 view .LVU137
 156:Drivers/STM32F4xx_HAL_Driver/Src/stm32f4xx_hal_hcd.c ****   }
 440              		.loc 1 156 27 is_stmt 0 view .LVU138
 441 0022 0023     		movs	r3, #0
 442 0024 2361     		str	r3, [r4, #16]
 443              	.L27:
 160:Drivers/STM32F4xx_HAL_Driver/Src/stm32f4xx_hal_hcd.c **** 
 444              		.loc 1 160 3 is_stmt 1 view .LVU139
 445 0026 2068     		ldr	r0, [r4]
 446 0028 FFF7FEFF 		bl	USB_DisableGlobalInt
 447              	.LVL33:
 163:Drivers/STM32F4xx_HAL_Driver/Src/stm32f4xx_hal_hcd.c **** 
 448              		.loc 1 163 3 view .LVU140
 163:Drivers/STM32F4xx_HAL_Driver/Src/stm32f4xx_hal_hcd.c **** 
 449              		.loc 1 163 26 is_stmt 0 view .LVU141
 450 002c A446     		mov	ip, r4
 451 002e 5CF8106B 		ldr	r6, [ip], #16
 163:Drivers/STM32F4xx_HAL_Driver/Src/stm32f4xx_hal_hcd.c **** 
 452              		.loc 1 163 9 view .LVU142
 453 0032 EE46     		mov	lr, sp
 454 0034 BCE80F00 		ldmia	ip!, {r0, r1, r2, r3}
 455 0038 AEE80F00 		stmia	lr!, {r0, r1, r2, r3}
 456 003c BCE80F00 		ldmia	ip!, {r0, r1, r2, r3}
 457 0040 AEE80F00 		stmia	lr!, {r0, r1, r2, r3}
 458 0044 9CE80300 		ldm	ip, {r0, r1}
 459 0048 8EE80300 		stm	lr, {r0, r1}
 460 004c 251D     		adds	r5, r4, #4
 461              	.LVL34:
 163:Drivers/STM32F4xx_HAL_Driver/Src/stm32f4xx_hal_hcd.c **** 
 462              		.loc 1 163 9 view .LVU143
 463 004e 95E80E00 		ldm	r5, {r1, r2, r3}
 464 0052 3046     		mov	r0, r6
 465 0054 FFF7FEFF 		bl	USB_CoreInit
 466              	.LVL35:
 166:Drivers/STM32F4xx_HAL_Driver/Src/stm32f4xx_hal_hcd.c **** 
 467              		.loc 1 166 3 is_stmt 1 view .LVU144
 166:Drivers/STM32F4xx_HAL_Driver/Src/stm32f4xx_hal_hcd.c **** 
 468              		.loc 1 166 9 is_stmt 0 view .LVU145
ARM GAS  /tmp/ccsyczyn.s 			page 40


 469 0058 0121     		movs	r1, #1
 470 005a 2068     		ldr	r0, [r4]
 471 005c FFF7FEFF 		bl	USB_SetCurrentMode
 472              	.LVL36:
 169:Drivers/STM32F4xx_HAL_Driver/Src/stm32f4xx_hal_hcd.c **** 
 473              		.loc 1 169 3 is_stmt 1 view .LVU146
 169:Drivers/STM32F4xx_HAL_Driver/Src/stm32f4xx_hal_hcd.c **** 
 474              		.loc 1 169 26 is_stmt 0 view .LVU147
 475 0060 A446     		mov	ip, r4
 476 0062 5CF8106B 		ldr	r6, [ip], #16
 169:Drivers/STM32F4xx_HAL_Driver/Src/stm32f4xx_hal_hcd.c **** 
 477              		.loc 1 169 9 view .LVU148
 478 0066 EE46     		mov	lr, sp
 479 0068 BCE80F00 		ldmia	ip!, {r0, r1, r2, r3}
 480 006c AEE80F00 		stmia	lr!, {r0, r1, r2, r3}
 481 0070 BCE80F00 		ldmia	ip!, {r0, r1, r2, r3}
 482 0074 AEE80F00 		stmia	lr!, {r0, r1, r2, r3}
 483 0078 9CE80300 		ldm	ip, {r0, r1}
 484 007c 8EE80300 		stm	lr, {r0, r1}
 485 0080 95E80E00 		ldm	r5, {r1, r2, r3}
 486 0084 3046     		mov	r0, r6
 487 0086 FFF7FEFF 		bl	USB_HostInit
 488              	.LVL37:
 171:Drivers/STM32F4xx_HAL_Driver/Src/stm32f4xx_hal_hcd.c **** 
 489              		.loc 1 171 3 is_stmt 1 view .LVU149
 171:Drivers/STM32F4xx_HAL_Driver/Src/stm32f4xx_hal_hcd.c **** 
 490              		.loc 1 171 15 is_stmt 0 view .LVU150
 491 008a 0123     		movs	r3, #1
 492 008c 84F8F932 		strb	r3, [r4, #761]
 173:Drivers/STM32F4xx_HAL_Driver/Src/stm32f4xx_hal_hcd.c **** }
 493              		.loc 1 173 3 is_stmt 1 view .LVU151
 173:Drivers/STM32F4xx_HAL_Driver/Src/stm32f4xx_hal_hcd.c **** }
 494              		.loc 1 173 10 is_stmt 0 view .LVU152
 495 0090 0020     		movs	r0, #0
 174:Drivers/STM32F4xx_HAL_Driver/Src/stm32f4xx_hal_hcd.c **** 
 496              		.loc 1 174 1 view .LVU153
 497 0092 0AB0     		add	sp, sp, #40
 498              		.cfi_remember_state
 499              		.cfi_def_cfa_offset 16
 500              		@ sp needed
 501 0094 70BD     		pop	{r4, r5, r6, pc}
 502              	.LVL38:
 503              	.L33:
 504              		.cfi_restore_state
 128:Drivers/STM32F4xx_HAL_Driver/Src/stm32f4xx_hal_hcd.c **** 
 505              		.loc 1 128 5 is_stmt 1 view .LVU154
 128:Drivers/STM32F4xx_HAL_Driver/Src/stm32f4xx_hal_hcd.c **** 
 506              		.loc 1 128 16 is_stmt 0 view .LVU155
 507 0096 80F8F832 		strb	r3, [r0, #760]
 147:Drivers/STM32F4xx_HAL_Driver/Src/stm32f4xx_hal_hcd.c **** #endif /* (USE_HAL_HCD_REGISTER_CALLBACKS) */
 508              		.loc 1 147 5 is_stmt 1 view .LVU156
 509 009a FFF7FEFF 		bl	HAL_HCD_MspInit
 510              	.LVL39:
 147:Drivers/STM32F4xx_HAL_Driver/Src/stm32f4xx_hal_hcd.c **** #endif /* (USE_HAL_HCD_REGISTER_CALLBACKS) */
 511              		.loc 1 147 5 is_stmt 0 view .LVU157
 512 009e B9E7     		b	.L26
 513              	.LVL40:
ARM GAS  /tmp/ccsyczyn.s 			page 41


 514              	.L28:
 515              		.cfi_def_cfa_offset 0
 516              		.cfi_restore 4
 517              		.cfi_restore 5
 518              		.cfi_restore 6
 519              		.cfi_restore 14
 117:Drivers/STM32F4xx_HAL_Driver/Src/stm32f4xx_hal_hcd.c ****   }
 520              		.loc 1 117 12 view .LVU158
 521 00a0 0120     		movs	r0, #1
 522              	.LVL41:
 174:Drivers/STM32F4xx_HAL_Driver/Src/stm32f4xx_hal_hcd.c **** 
 523              		.loc 1 174 1 view .LVU159
 524 00a2 7047     		bx	lr
 525              		.cfi_endproc
 526              	.LFE216:
 528              		.section	.text.HAL_HCD_MspDeInit,"ax",%progbits
 529              		.align	1
 530              		.weak	HAL_HCD_MspDeInit
 531              		.syntax unified
 532              		.thumb
 533              		.thumb_func
 535              	HAL_HCD_MspDeInit:
 536              	.LVL42:
 537              	.LFB221:
 315:Drivers/STM32F4xx_HAL_Driver/Src/stm32f4xx_hal_hcd.c ****   /* Prevent unused argument(s) compilation warning */
 538              		.loc 1 315 1 is_stmt 1 view -0
 539              		.cfi_startproc
 540              		@ args = 0, pretend = 0, frame = 0
 541              		@ frame_needed = 0, uses_anonymous_args = 0
 542              		@ link register save eliminated.
 317:Drivers/STM32F4xx_HAL_Driver/Src/stm32f4xx_hal_hcd.c **** 
 543              		.loc 1 317 3 view .LVU161
 322:Drivers/STM32F4xx_HAL_Driver/Src/stm32f4xx_hal_hcd.c **** 
 544              		.loc 1 322 1 is_stmt 0 view .LVU162
 545 0000 7047     		bx	lr
 546              		.cfi_endproc
 547              	.LFE221:
 549              		.section	.text.HAL_HCD_DeInit,"ax",%progbits
 550              		.align	1
 551              		.global	HAL_HCD_DeInit
 552              		.syntax unified
 553              		.thumb
 554              		.thumb_func
 556              	HAL_HCD_DeInit:
 557              	.LVL43:
 558              	.LFB219:
 265:Drivers/STM32F4xx_HAL_Driver/Src/stm32f4xx_hal_hcd.c ****   /* Check the HCD handle allocation */
 559              		.loc 1 265 1 is_stmt 1 view -0
 560              		.cfi_startproc
 561              		@ args = 0, pretend = 0, frame = 0
 562              		@ frame_needed = 0, uses_anonymous_args = 0
 267:Drivers/STM32F4xx_HAL_Driver/Src/stm32f4xx_hal_hcd.c ****   {
 563              		.loc 1 267 3 view .LVU164
 267:Drivers/STM32F4xx_HAL_Driver/Src/stm32f4xx_hal_hcd.c ****   {
 564              		.loc 1 267 6 is_stmt 0 view .LVU165
 565 0000 68B1     		cbz	r0, .L37
 265:Drivers/STM32F4xx_HAL_Driver/Src/stm32f4xx_hal_hcd.c ****   /* Check the HCD handle allocation */
ARM GAS  /tmp/ccsyczyn.s 			page 42


 566              		.loc 1 265 1 view .LVU166
 567 0002 10B5     		push	{r4, lr}
 568              		.cfi_def_cfa_offset 8
 569              		.cfi_offset 4, -8
 570              		.cfi_offset 14, -4
 571 0004 0446     		mov	r4, r0
 272:Drivers/STM32F4xx_HAL_Driver/Src/stm32f4xx_hal_hcd.c **** 
 572              		.loc 1 272 3 is_stmt 1 view .LVU167
 272:Drivers/STM32F4xx_HAL_Driver/Src/stm32f4xx_hal_hcd.c **** 
 573              		.loc 1 272 15 is_stmt 0 view .LVU168
 574 0006 0323     		movs	r3, #3
 575 0008 80F8F932 		strb	r3, [r0, #761]
 284:Drivers/STM32F4xx_HAL_Driver/Src/stm32f4xx_hal_hcd.c **** #endif /* USE_HAL_HCD_REGISTER_CALLBACKS */
 576              		.loc 1 284 3 is_stmt 1 view .LVU169
 577 000c FFF7FEFF 		bl	HAL_HCD_MspDeInit
 578              	.LVL44:
 287:Drivers/STM32F4xx_HAL_Driver/Src/stm32f4xx_hal_hcd.c **** 
 579              		.loc 1 287 3 view .LVU170
 580 0010 2068     		ldr	r0, [r4]
 581 0012 FFF7FEFF 		bl	USB_DisableGlobalInt
 582              	.LVL45:
 289:Drivers/STM32F4xx_HAL_Driver/Src/stm32f4xx_hal_hcd.c **** 
 583              		.loc 1 289 3 view .LVU171
 289:Drivers/STM32F4xx_HAL_Driver/Src/stm32f4xx_hal_hcd.c **** 
 584              		.loc 1 289 15 is_stmt 0 view .LVU172
 585 0016 0020     		movs	r0, #0
 586 0018 84F8F902 		strb	r0, [r4, #761]
 291:Drivers/STM32F4xx_HAL_Driver/Src/stm32f4xx_hal_hcd.c **** }
 587              		.loc 1 291 3 is_stmt 1 view .LVU173
 292:Drivers/STM32F4xx_HAL_Driver/Src/stm32f4xx_hal_hcd.c **** 
 588              		.loc 1 292 1 is_stmt 0 view .LVU174
 589 001c 10BD     		pop	{r4, pc}
 590              	.LVL46:
 591              	.L37:
 592              		.cfi_def_cfa_offset 0
 593              		.cfi_restore 4
 594              		.cfi_restore 14
 269:Drivers/STM32F4xx_HAL_Driver/Src/stm32f4xx_hal_hcd.c ****   }
 595              		.loc 1 269 12 view .LVU175
 596 001e 0120     		movs	r0, #1
 597              	.LVL47:
 292:Drivers/STM32F4xx_HAL_Driver/Src/stm32f4xx_hal_hcd.c **** 
 598              		.loc 1 292 1 view .LVU176
 599 0020 7047     		bx	lr
 600              		.cfi_endproc
 601              	.LFE219:
 603              		.section	.text.HAL_HCD_HC_SubmitRequest,"ax",%progbits
 604              		.align	1
 605              		.global	HAL_HCD_HC_SubmitRequest
 606              		.syntax unified
 607              		.thumb
 608              		.thumb_func
 610              	HAL_HCD_HC_SubmitRequest:
 611              	.LVL48:
 612              	.LFB222:
 374:Drivers/STM32F4xx_HAL_Driver/Src/stm32f4xx_hal_hcd.c ****   hhcd->hc[ch_num].ep_is_in = direction;
 613              		.loc 1 374 1 is_stmt 1 view -0
ARM GAS  /tmp/ccsyczyn.s 			page 43


 614              		.cfi_startproc
 615              		@ args = 16, pretend = 0, frame = 0
 616              		@ frame_needed = 0, uses_anonymous_args = 0
 374:Drivers/STM32F4xx_HAL_Driver/Src/stm32f4xx_hal_hcd.c ****   hhcd->hc[ch_num].ep_is_in = direction;
 617              		.loc 1 374 1 is_stmt 0 view .LVU178
 618 0000 70B5     		push	{r4, r5, r6, lr}
 619              		.cfi_def_cfa_offset 16
 620              		.cfi_offset 4, -16
 621              		.cfi_offset 5, -12
 622              		.cfi_offset 6, -8
 623              		.cfi_offset 14, -4
 624 0002 9DF81050 		ldrb	r5, [sp, #16]	@ zero_extendqisi2
 625 0006 BDF81860 		ldrh	r6, [sp, #24]
 375:Drivers/STM32F4xx_HAL_Driver/Src/stm32f4xx_hal_hcd.c ****   hhcd->hc[ch_num].ep_type  = ep_type;
 626              		.loc 1 375 3 is_stmt 1 view .LVU179
 375:Drivers/STM32F4xx_HAL_Driver/Src/stm32f4xx_hal_hcd.c ****   hhcd->hc[ch_num].ep_type  = ep_type;
 627              		.loc 1 375 29 is_stmt 0 view .LVU180
 628 000a 4FF02C0C 		mov	ip, #44
 629 000e 0CFB010C 		mla	ip, ip, r1, r0
 630 0012 8CF83B20 		strb	r2, [ip, #59]
 376:Drivers/STM32F4xx_HAL_Driver/Src/stm32f4xx_hal_hcd.c **** 
 631              		.loc 1 376 3 is_stmt 1 view .LVU181
 376:Drivers/STM32F4xx_HAL_Driver/Src/stm32f4xx_hal_hcd.c **** 
 632              		.loc 1 376 29 is_stmt 0 view .LVU182
 633 0016 8CF83F30 		strb	r3, [ip, #63]
 378:Drivers/STM32F4xx_HAL_Driver/Src/stm32f4xx_hal_hcd.c ****   {
 634              		.loc 1 378 3 is_stmt 1 view .LVU183
 378:Drivers/STM32F4xx_HAL_Driver/Src/stm32f4xx_hal_hcd.c ****   {
 635              		.loc 1 378 6 is_stmt 0 view .LVU184
 636 001a 7DB9     		cbnz	r5, .L43
 380:Drivers/STM32F4xx_HAL_Driver/Src/stm32f4xx_hal_hcd.c ****     hhcd->hc[ch_num].do_ping = do_ping;
 637              		.loc 1 380 5 is_stmt 1 view .LVU185
 380:Drivers/STM32F4xx_HAL_Driver/Src/stm32f4xx_hal_hcd.c ****     hhcd->hc[ch_num].do_ping = do_ping;
 638              		.loc 1 380 31 is_stmt 0 view .LVU186
 639 001c 6446     		mov	r4, ip
 640 001e 4FF0030C 		mov	ip, #3
 641 0022 84F842C0 		strb	ip, [r4, #66]
 381:Drivers/STM32F4xx_HAL_Driver/Src/stm32f4xx_hal_hcd.c ****   }
 642              		.loc 1 381 5 is_stmt 1 view .LVU187
 381:Drivers/STM32F4xx_HAL_Driver/Src/stm32f4xx_hal_hcd.c ****   }
 643              		.loc 1 381 30 is_stmt 0 view .LVU188
 644 0026 9DF81CC0 		ldrb	ip, [sp, #28]	@ zero_extendqisi2
 645 002a 84F83DC0 		strb	ip, [r4, #61]
 646              	.L44:
 389:Drivers/STM32F4xx_HAL_Driver/Src/stm32f4xx_hal_hcd.c ****   {
 647              		.loc 1 389 3 is_stmt 1 view .LVU189
 648 002e 032B     		cmp	r3, #3
 649 0030 00F28180 		bhi	.L45
 650 0034 DFE803F0 		tbb	[pc, r3]
 651              	.L47:
 652 0038 0A       		.byte	(.L50-.L47)/2
 653 0039 79       		.byte	(.L49-.L47)/2
 654 003a 29       		.byte	(.L48-.L47)/2
 655 003b 51       		.byte	(.L46-.L47)/2
 656              		.p2align 1
 657              	.L43:
 385:Drivers/STM32F4xx_HAL_Driver/Src/stm32f4xx_hal_hcd.c ****   }
ARM GAS  /tmp/ccsyczyn.s 			page 44


 658              		.loc 1 385 5 view .LVU190
 385:Drivers/STM32F4xx_HAL_Driver/Src/stm32f4xx_hal_hcd.c ****   }
 659              		.loc 1 385 31 is_stmt 0 view .LVU191
 660 003c 2C24     		movs	r4, #44
 661 003e 04FB0104 		mla	r4, r4, r1, r0
 662 0042 4FF0020C 		mov	ip, #2
 663 0046 84F842C0 		strb	ip, [r4, #66]
 664 004a F0E7     		b	.L44
 665              	.L50:
 392:Drivers/STM32F4xx_HAL_Driver/Src/stm32f4xx_hal_hcd.c ****       {
 666              		.loc 1 392 7 is_stmt 1 view .LVU192
 392:Drivers/STM32F4xx_HAL_Driver/Src/stm32f4xx_hal_hcd.c ****       {
 667              		.loc 1 392 10 is_stmt 0 view .LVU193
 668 004c 012D     		cmp	r5, #1
 669 004e 72D1     		bne	.L45
 392:Drivers/STM32F4xx_HAL_Driver/Src/stm32f4xx_hal_hcd.c ****       {
 670              		.loc 1 392 25 discriminator 1 view .LVU194
 671 0050 002A     		cmp	r2, #0
 672 0052 70D1     		bne	.L45
 394:Drivers/STM32F4xx_HAL_Driver/Src/stm32f4xx_hal_hcd.c ****         {
 673              		.loc 1 394 9 is_stmt 1 view .LVU195
 394:Drivers/STM32F4xx_HAL_Driver/Src/stm32f4xx_hal_hcd.c ****         {
 674              		.loc 1 394 12 is_stmt 0 view .LVU196
 675 0054 2EB9     		cbnz	r6, .L51
 397:Drivers/STM32F4xx_HAL_Driver/Src/stm32f4xx_hal_hcd.c ****         }
 676              		.loc 1 397 11 is_stmt 1 view .LVU197
 397:Drivers/STM32F4xx_HAL_Driver/Src/stm32f4xx_hal_hcd.c ****         }
 677              		.loc 1 397 39 is_stmt 0 view .LVU198
 678 0056 2C23     		movs	r3, #44
 679              	.LVL49:
 397:Drivers/STM32F4xx_HAL_Driver/Src/stm32f4xx_hal_hcd.c ****         }
 680              		.loc 1 397 39 view .LVU199
 681 0058 03FB0103 		mla	r3, r3, r1, r0
 682 005c 0122     		movs	r2, #1
 683              	.LVL50:
 397:Drivers/STM32F4xx_HAL_Driver/Src/stm32f4xx_hal_hcd.c ****         }
 684              		.loc 1 397 39 view .LVU200
 685 005e 83F85520 		strb	r2, [r3, #85]
 686              	.L51:
 401:Drivers/STM32F4xx_HAL_Driver/Src/stm32f4xx_hal_hcd.c ****         {
 687              		.loc 1 401 9 is_stmt 1 view .LVU201
 401:Drivers/STM32F4xx_HAL_Driver/Src/stm32f4xx_hal_hcd.c ****         {
 688              		.loc 1 401 29 is_stmt 0 view .LVU202
 689 0062 2C23     		movs	r3, #44
 690 0064 03FB0103 		mla	r3, r3, r1, r0
 691 0068 93F85530 		ldrb	r3, [r3, #85]	@ zero_extendqisi2
 401:Drivers/STM32F4xx_HAL_Driver/Src/stm32f4xx_hal_hcd.c ****         {
 692              		.loc 1 401 12 view .LVU203
 693 006c 33B9     		cbnz	r3, .L52
 404:Drivers/STM32F4xx_HAL_Driver/Src/stm32f4xx_hal_hcd.c ****         }
 694              		.loc 1 404 11 is_stmt 1 view .LVU204
 404:Drivers/STM32F4xx_HAL_Driver/Src/stm32f4xx_hal_hcd.c ****         }
 695              		.loc 1 404 37 is_stmt 0 view .LVU205
 696 006e 2C23     		movs	r3, #44
 697 0070 03FB0103 		mla	r3, r3, r1, r0
 698 0074 0022     		movs	r2, #0
 699 0076 83F84220 		strb	r2, [r3, #66]
ARM GAS  /tmp/ccsyczyn.s 			page 45


 700 007a 5CE0     		b	.L45
 701              	.L52:
 409:Drivers/STM32F4xx_HAL_Driver/Src/stm32f4xx_hal_hcd.c ****         }
 702              		.loc 1 409 11 is_stmt 1 view .LVU206
 409:Drivers/STM32F4xx_HAL_Driver/Src/stm32f4xx_hal_hcd.c ****         }
 703              		.loc 1 409 37 is_stmt 0 view .LVU207
 704 007c 2C23     		movs	r3, #44
 705 007e 03FB0103 		mla	r3, r3, r1, r0
 706 0082 0222     		movs	r2, #2
 707 0084 83F84220 		strb	r2, [r3, #66]
 708 0088 55E0     		b	.L45
 709              	.LVL51:
 710              	.L48:
 415:Drivers/STM32F4xx_HAL_Driver/Src/stm32f4xx_hal_hcd.c ****       {
 711              		.loc 1 415 7 is_stmt 1 view .LVU208
 415:Drivers/STM32F4xx_HAL_Driver/Src/stm32f4xx_hal_hcd.c ****       {
 712              		.loc 1 415 10 is_stmt 0 view .LVU209
 713 008a 92B9     		cbnz	r2, .L53
 418:Drivers/STM32F4xx_HAL_Driver/Src/stm32f4xx_hal_hcd.c ****         {
 714              		.loc 1 418 9 is_stmt 1 view .LVU210
 418:Drivers/STM32F4xx_HAL_Driver/Src/stm32f4xx_hal_hcd.c ****         {
 715              		.loc 1 418 29 is_stmt 0 view .LVU211
 716 008c 2C23     		movs	r3, #44
 717              	.LVL52:
 418:Drivers/STM32F4xx_HAL_Driver/Src/stm32f4xx_hal_hcd.c ****         {
 718              		.loc 1 418 29 view .LVU212
 719 008e 03FB0103 		mla	r3, r3, r1, r0
 720 0092 93F85530 		ldrb	r3, [r3, #85]	@ zero_extendqisi2
 418:Drivers/STM32F4xx_HAL_Driver/Src/stm32f4xx_hal_hcd.c ****         {
 721              		.loc 1 418 12 view .LVU213
 722 0096 2BB9     		cbnz	r3, .L54
 421:Drivers/STM32F4xx_HAL_Driver/Src/stm32f4xx_hal_hcd.c ****         }
 723              		.loc 1 421 11 is_stmt 1 view .LVU214
 421:Drivers/STM32F4xx_HAL_Driver/Src/stm32f4xx_hal_hcd.c ****         }
 724              		.loc 1 421 37 is_stmt 0 view .LVU215
 725 0098 2C23     		movs	r3, #44
 726 009a 03FB0103 		mla	r3, r3, r1, r0
 727 009e 83F84220 		strb	r2, [r3, #66]
 728 00a2 48E0     		b	.L45
 729              	.L54:
 426:Drivers/STM32F4xx_HAL_Driver/Src/stm32f4xx_hal_hcd.c ****         }
 730              		.loc 1 426 11 is_stmt 1 view .LVU216
 426:Drivers/STM32F4xx_HAL_Driver/Src/stm32f4xx_hal_hcd.c ****         }
 731              		.loc 1 426 37 is_stmt 0 view .LVU217
 732 00a4 2C23     		movs	r3, #44
 733 00a6 03FB0103 		mla	r3, r3, r1, r0
 734 00aa 0222     		movs	r2, #2
 735              	.LVL53:
 426:Drivers/STM32F4xx_HAL_Driver/Src/stm32f4xx_hal_hcd.c ****         }
 736              		.loc 1 426 37 view .LVU218
 737 00ac 83F84220 		strb	r2, [r3, #66]
 738 00b0 41E0     		b	.L45
 739              	.LVL54:
 740              	.L53:
 431:Drivers/STM32F4xx_HAL_Driver/Src/stm32f4xx_hal_hcd.c ****         {
 741              		.loc 1 431 9 is_stmt 1 view .LVU219
 431:Drivers/STM32F4xx_HAL_Driver/Src/stm32f4xx_hal_hcd.c ****         {
ARM GAS  /tmp/ccsyczyn.s 			page 46


 742              		.loc 1 431 29 is_stmt 0 view .LVU220
 743 00b2 2C23     		movs	r3, #44
 744              	.LVL55:
 431:Drivers/STM32F4xx_HAL_Driver/Src/stm32f4xx_hal_hcd.c ****         {
 745              		.loc 1 431 29 view .LVU221
 746 00b4 03FB0103 		mla	r3, r3, r1, r0
 747 00b8 93F85430 		ldrb	r3, [r3, #84]	@ zero_extendqisi2
 431:Drivers/STM32F4xx_HAL_Driver/Src/stm32f4xx_hal_hcd.c ****         {
 748              		.loc 1 431 12 view .LVU222
 749 00bc 33B9     		cbnz	r3, .L55
 433:Drivers/STM32F4xx_HAL_Driver/Src/stm32f4xx_hal_hcd.c ****         }
 750              		.loc 1 433 11 is_stmt 1 view .LVU223
 433:Drivers/STM32F4xx_HAL_Driver/Src/stm32f4xx_hal_hcd.c ****         }
 751              		.loc 1 433 37 is_stmt 0 view .LVU224
 752 00be 2C23     		movs	r3, #44
 753 00c0 03FB0103 		mla	r3, r3, r1, r0
 754 00c4 0022     		movs	r2, #0
 755              	.LVL56:
 433:Drivers/STM32F4xx_HAL_Driver/Src/stm32f4xx_hal_hcd.c ****         }
 756              		.loc 1 433 37 view .LVU225
 757 00c6 83F84220 		strb	r2, [r3, #66]
 758 00ca 34E0     		b	.L45
 759              	.LVL57:
 760              	.L55:
 437:Drivers/STM32F4xx_HAL_Driver/Src/stm32f4xx_hal_hcd.c ****         }
 761              		.loc 1 437 11 is_stmt 1 view .LVU226
 437:Drivers/STM32F4xx_HAL_Driver/Src/stm32f4xx_hal_hcd.c ****         }
 762              		.loc 1 437 37 is_stmt 0 view .LVU227
 763 00cc 2C23     		movs	r3, #44
 764 00ce 03FB0103 		mla	r3, r3, r1, r0
 765 00d2 0222     		movs	r2, #2
 766              	.LVL58:
 437:Drivers/STM32F4xx_HAL_Driver/Src/stm32f4xx_hal_hcd.c ****         }
 767              		.loc 1 437 37 view .LVU228
 768 00d4 83F84220 		strb	r2, [r3, #66]
 769 00d8 2DE0     		b	.L45
 770              	.LVL59:
 771              	.L46:
 443:Drivers/STM32F4xx_HAL_Driver/Src/stm32f4xx_hal_hcd.c ****       {
 772              		.loc 1 443 7 is_stmt 1 view .LVU229
 443:Drivers/STM32F4xx_HAL_Driver/Src/stm32f4xx_hal_hcd.c ****       {
 773              		.loc 1 443 10 is_stmt 0 view .LVU230
 774 00da 92B9     		cbnz	r2, .L56
 446:Drivers/STM32F4xx_HAL_Driver/Src/stm32f4xx_hal_hcd.c ****         {
 775              		.loc 1 446 9 is_stmt 1 view .LVU231
 446:Drivers/STM32F4xx_HAL_Driver/Src/stm32f4xx_hal_hcd.c ****         {
 776              		.loc 1 446 29 is_stmt 0 view .LVU232
 777 00dc 2C23     		movs	r3, #44
 778              	.LVL60:
 446:Drivers/STM32F4xx_HAL_Driver/Src/stm32f4xx_hal_hcd.c ****         {
 779              		.loc 1 446 29 view .LVU233
 780 00de 03FB0103 		mla	r3, r3, r1, r0
 781 00e2 93F85530 		ldrb	r3, [r3, #85]	@ zero_extendqisi2
 446:Drivers/STM32F4xx_HAL_Driver/Src/stm32f4xx_hal_hcd.c ****         {
 782              		.loc 1 446 12 view .LVU234
 783 00e6 2BB9     		cbnz	r3, .L57
 449:Drivers/STM32F4xx_HAL_Driver/Src/stm32f4xx_hal_hcd.c ****         }
ARM GAS  /tmp/ccsyczyn.s 			page 47


 784              		.loc 1 449 11 is_stmt 1 view .LVU235
 449:Drivers/STM32F4xx_HAL_Driver/Src/stm32f4xx_hal_hcd.c ****         }
 785              		.loc 1 449 37 is_stmt 0 view .LVU236
 786 00e8 2C23     		movs	r3, #44
 787 00ea 03FB0103 		mla	r3, r3, r1, r0
 788 00ee 83F84220 		strb	r2, [r3, #66]
 789 00f2 20E0     		b	.L45
 790              	.L57:
 454:Drivers/STM32F4xx_HAL_Driver/Src/stm32f4xx_hal_hcd.c ****         }
 791              		.loc 1 454 11 is_stmt 1 view .LVU237
 454:Drivers/STM32F4xx_HAL_Driver/Src/stm32f4xx_hal_hcd.c ****         }
 792              		.loc 1 454 37 is_stmt 0 view .LVU238
 793 00f4 2C23     		movs	r3, #44
 794 00f6 03FB0103 		mla	r3, r3, r1, r0
 795 00fa 0222     		movs	r2, #2
 796              	.LVL61:
 454:Drivers/STM32F4xx_HAL_Driver/Src/stm32f4xx_hal_hcd.c ****         }
 797              		.loc 1 454 37 view .LVU239
 798 00fc 83F84220 		strb	r2, [r3, #66]
 799 0100 19E0     		b	.L45
 800              	.LVL62:
 801              	.L56:
 459:Drivers/STM32F4xx_HAL_Driver/Src/stm32f4xx_hal_hcd.c ****         {
 802              		.loc 1 459 9 is_stmt 1 view .LVU240
 459:Drivers/STM32F4xx_HAL_Driver/Src/stm32f4xx_hal_hcd.c ****         {
 803              		.loc 1 459 29 is_stmt 0 view .LVU241
 804 0102 2C23     		movs	r3, #44
 805              	.LVL63:
 459:Drivers/STM32F4xx_HAL_Driver/Src/stm32f4xx_hal_hcd.c ****         {
 806              		.loc 1 459 29 view .LVU242
 807 0104 03FB0103 		mla	r3, r3, r1, r0
 808 0108 93F85430 		ldrb	r3, [r3, #84]	@ zero_extendqisi2
 459:Drivers/STM32F4xx_HAL_Driver/Src/stm32f4xx_hal_hcd.c ****         {
 809              		.loc 1 459 12 view .LVU243
 810 010c 33B9     		cbnz	r3, .L58
 461:Drivers/STM32F4xx_HAL_Driver/Src/stm32f4xx_hal_hcd.c ****         }
 811              		.loc 1 461 11 is_stmt 1 view .LVU244
 461:Drivers/STM32F4xx_HAL_Driver/Src/stm32f4xx_hal_hcd.c ****         }
 812              		.loc 1 461 37 is_stmt 0 view .LVU245
 813 010e 2C23     		movs	r3, #44
 814 0110 03FB0103 		mla	r3, r3, r1, r0
 815 0114 0022     		movs	r2, #0
 816              	.LVL64:
 461:Drivers/STM32F4xx_HAL_Driver/Src/stm32f4xx_hal_hcd.c ****         }
 817              		.loc 1 461 37 view .LVU246
 818 0116 83F84220 		strb	r2, [r3, #66]
 819 011a 0CE0     		b	.L45
 820              	.LVL65:
 821              	.L58:
 465:Drivers/STM32F4xx_HAL_Driver/Src/stm32f4xx_hal_hcd.c ****         }
 822              		.loc 1 465 11 is_stmt 1 view .LVU247
 465:Drivers/STM32F4xx_HAL_Driver/Src/stm32f4xx_hal_hcd.c ****         }
 823              		.loc 1 465 37 is_stmt 0 view .LVU248
 824 011c 2C23     		movs	r3, #44
 825 011e 03FB0103 		mla	r3, r3, r1, r0
 826 0122 0222     		movs	r2, #2
 827              	.LVL66:
ARM GAS  /tmp/ccsyczyn.s 			page 48


 465:Drivers/STM32F4xx_HAL_Driver/Src/stm32f4xx_hal_hcd.c ****         }
 828              		.loc 1 465 37 view .LVU249
 829 0124 83F84220 		strb	r2, [r3, #66]
 830 0128 05E0     		b	.L45
 831              	.LVL67:
 832              	.L49:
 471:Drivers/STM32F4xx_HAL_Driver/Src/stm32f4xx_hal_hcd.c ****       break;
 833              		.loc 1 471 7 is_stmt 1 view .LVU250
 471:Drivers/STM32F4xx_HAL_Driver/Src/stm32f4xx_hal_hcd.c ****       break;
 834              		.loc 1 471 33 is_stmt 0 view .LVU251
 835 012a 2C23     		movs	r3, #44
 836              	.LVL68:
 471:Drivers/STM32F4xx_HAL_Driver/Src/stm32f4xx_hal_hcd.c ****       break;
 837              		.loc 1 471 33 view .LVU252
 838 012c 03FB0103 		mla	r3, r3, r1, r0
 839 0130 0022     		movs	r2, #0
 840              	.LVL69:
 471:Drivers/STM32F4xx_HAL_Driver/Src/stm32f4xx_hal_hcd.c ****       break;
 841              		.loc 1 471 33 view .LVU253
 842 0132 83F84220 		strb	r2, [r3, #66]
 472:Drivers/STM32F4xx_HAL_Driver/Src/stm32f4xx_hal_hcd.c **** 
 843              		.loc 1 472 7 is_stmt 1 view .LVU254
 844              	.L45:
 478:Drivers/STM32F4xx_HAL_Driver/Src/stm32f4xx_hal_hcd.c ****   hhcd->hc[ch_num].xfer_len  = length;
 845              		.loc 1 478 3 view .LVU255
 478:Drivers/STM32F4xx_HAL_Driver/Src/stm32f4xx_hal_hcd.c ****   hhcd->hc[ch_num].xfer_len  = length;
 846              		.loc 1 478 30 is_stmt 0 view .LVU256
 847 0136 2C23     		movs	r3, #44
 848 0138 01FB03F3 		mul	r3, r1, r3
 849 013c C218     		adds	r2, r0, r3
 850 013e 059C     		ldr	r4, [sp, #20]
 851 0140 5464     		str	r4, [r2, #68]
 479:Drivers/STM32F4xx_HAL_Driver/Src/stm32f4xx_hal_hcd.c ****   hhcd->hc[ch_num].urb_state = URB_IDLE;
 852              		.loc 1 479 3 is_stmt 1 view .LVU257
 479:Drivers/STM32F4xx_HAL_Driver/Src/stm32f4xx_hal_hcd.c ****   hhcd->hc[ch_num].urb_state = URB_IDLE;
 853              		.loc 1 479 30 is_stmt 0 view .LVU258
 854 0142 D664     		str	r6, [r2, #76]
 480:Drivers/STM32F4xx_HAL_Driver/Src/stm32f4xx_hal_hcd.c ****   hhcd->hc[ch_num].xfer_count = 0U;
 855              		.loc 1 480 3 is_stmt 1 view .LVU259
 480:Drivers/STM32F4xx_HAL_Driver/Src/stm32f4xx_hal_hcd.c ****   hhcd->hc[ch_num].xfer_count = 0U;
 856              		.loc 1 480 30 is_stmt 0 view .LVU260
 857 0144 0024     		movs	r4, #0
 858 0146 82F86040 		strb	r4, [r2, #96]
 481:Drivers/STM32F4xx_HAL_Driver/Src/stm32f4xx_hal_hcd.c ****   hhcd->hc[ch_num].ch_num = ch_num;
 859              		.loc 1 481 3 is_stmt 1 view .LVU261
 481:Drivers/STM32F4xx_HAL_Driver/Src/stm32f4xx_hal_hcd.c ****   hhcd->hc[ch_num].ch_num = ch_num;
 860              		.loc 1 481 31 is_stmt 0 view .LVU262
 861 014a 1465     		str	r4, [r2, #80]
 482:Drivers/STM32F4xx_HAL_Driver/Src/stm32f4xx_hal_hcd.c ****   hhcd->hc[ch_num].state = HC_IDLE;
 862              		.loc 1 482 3 is_stmt 1 view .LVU263
 482:Drivers/STM32F4xx_HAL_Driver/Src/stm32f4xx_hal_hcd.c ****   hhcd->hc[ch_num].state = HC_IDLE;
 863              		.loc 1 482 27 is_stmt 0 view .LVU264
 864 014c 82F83910 		strb	r1, [r2, #57]
 483:Drivers/STM32F4xx_HAL_Driver/Src/stm32f4xx_hal_hcd.c **** 
 865              		.loc 1 483 3 is_stmt 1 view .LVU265
 483:Drivers/STM32F4xx_HAL_Driver/Src/stm32f4xx_hal_hcd.c **** 
 866              		.loc 1 483 26 is_stmt 0 view .LVU266
ARM GAS  /tmp/ccsyczyn.s 			page 49


 867 0150 82F86140 		strb	r4, [r2, #97]
 485:Drivers/STM32F4xx_HAL_Driver/Src/stm32f4xx_hal_hcd.c **** }
 868              		.loc 1 485 3 is_stmt 1 view .LVU267
 485:Drivers/STM32F4xx_HAL_Driver/Src/stm32f4xx_hal_hcd.c **** }
 869              		.loc 1 485 43 is_stmt 0 view .LVU268
 870 0154 03F13801 		add	r1, r3, #56
 871              	.LVL70:
 485:Drivers/STM32F4xx_HAL_Driver/Src/stm32f4xx_hal_hcd.c **** }
 872              		.loc 1 485 10 view .LVU269
 873 0158 027C     		ldrb	r2, [r0, #16]	@ zero_extendqisi2
 874              	.LVL71:
 485:Drivers/STM32F4xx_HAL_Driver/Src/stm32f4xx_hal_hcd.c **** }
 875              		.loc 1 485 10 view .LVU270
 876 015a 0144     		add	r1, r1, r0
 877 015c 0068     		ldr	r0, [r0]
 878              	.LVL72:
 485:Drivers/STM32F4xx_HAL_Driver/Src/stm32f4xx_hal_hcd.c **** }
 879              		.loc 1 485 10 view .LVU271
 880 015e FFF7FEFF 		bl	USB_HC_StartXfer
 881              	.LVL73:
 486:Drivers/STM32F4xx_HAL_Driver/Src/stm32f4xx_hal_hcd.c **** 
 882              		.loc 1 486 1 view .LVU272
 883 0162 70BD     		pop	{r4, r5, r6, pc}
 486:Drivers/STM32F4xx_HAL_Driver/Src/stm32f4xx_hal_hcd.c **** 
 884              		.loc 1 486 1 view .LVU273
 885              		.cfi_endproc
 886              	.LFE222:
 888              		.section	.text.HAL_HCD_WKUP_IRQHandler,"ax",%progbits
 889              		.align	1
 890              		.global	HAL_HCD_WKUP_IRQHandler
 891              		.syntax unified
 892              		.thumb
 893              		.thumb_func
 895              	HAL_HCD_WKUP_IRQHandler:
 896              	.LVL74:
 897              	.LFB224:
 614:Drivers/STM32F4xx_HAL_Driver/Src/stm32f4xx_hal_hcd.c ****   UNUSED(hhcd);
 898              		.loc 1 614 1 is_stmt 1 view -0
 899              		.cfi_startproc
 900              		@ args = 0, pretend = 0, frame = 0
 901              		@ frame_needed = 0, uses_anonymous_args = 0
 902              		@ link register save eliminated.
 615:Drivers/STM32F4xx_HAL_Driver/Src/stm32f4xx_hal_hcd.c **** }
 903              		.loc 1 615 3 view .LVU275
 616:Drivers/STM32F4xx_HAL_Driver/Src/stm32f4xx_hal_hcd.c **** 
 904              		.loc 1 616 1 is_stmt 0 view .LVU276
 905 0000 7047     		bx	lr
 906              		.cfi_endproc
 907              	.LFE224:
 909              		.section	.text.HAL_HCD_SOF_Callback,"ax",%progbits
 910              		.align	1
 911              		.weak	HAL_HCD_SOF_Callback
 912              		.syntax unified
 913              		.thumb
 914              		.thumb_func
 916              	HAL_HCD_SOF_Callback:
 917              	.LVL75:
ARM GAS  /tmp/ccsyczyn.s 			page 50


 918              	.LFB225:
 625:Drivers/STM32F4xx_HAL_Driver/Src/stm32f4xx_hal_hcd.c ****   /* Prevent unused argument(s) compilation warning */
 919              		.loc 1 625 1 is_stmt 1 view -0
 920              		.cfi_startproc
 921              		@ args = 0, pretend = 0, frame = 0
 922              		@ frame_needed = 0, uses_anonymous_args = 0
 923              		@ link register save eliminated.
 627:Drivers/STM32F4xx_HAL_Driver/Src/stm32f4xx_hal_hcd.c **** 
 924              		.loc 1 627 3 view .LVU278
 632:Drivers/STM32F4xx_HAL_Driver/Src/stm32f4xx_hal_hcd.c **** 
 925              		.loc 1 632 1 is_stmt 0 view .LVU279
 926 0000 7047     		bx	lr
 927              		.cfi_endproc
 928              	.LFE225:
 930              		.section	.text.HAL_HCD_Connect_Callback,"ax",%progbits
 931              		.align	1
 932              		.weak	HAL_HCD_Connect_Callback
 933              		.syntax unified
 934              		.thumb
 935              		.thumb_func
 937              	HAL_HCD_Connect_Callback:
 938              	.LVL76:
 939              	.LFB226:
 640:Drivers/STM32F4xx_HAL_Driver/Src/stm32f4xx_hal_hcd.c ****   /* Prevent unused argument(s) compilation warning */
 940              		.loc 1 640 1 is_stmt 1 view -0
 941              		.cfi_startproc
 942              		@ args = 0, pretend = 0, frame = 0
 943              		@ frame_needed = 0, uses_anonymous_args = 0
 944              		@ link register save eliminated.
 642:Drivers/STM32F4xx_HAL_Driver/Src/stm32f4xx_hal_hcd.c **** 
 945              		.loc 1 642 3 view .LVU281
 647:Drivers/STM32F4xx_HAL_Driver/Src/stm32f4xx_hal_hcd.c **** 
 946              		.loc 1 647 1 is_stmt 0 view .LVU282
 947 0000 7047     		bx	lr
 948              		.cfi_endproc
 949              	.LFE226:
 951              		.section	.text.HAL_HCD_Disconnect_Callback,"ax",%progbits
 952              		.align	1
 953              		.weak	HAL_HCD_Disconnect_Callback
 954              		.syntax unified
 955              		.thumb
 956              		.thumb_func
 958              	HAL_HCD_Disconnect_Callback:
 959              	.LVL77:
 960              	.LFB227:
 655:Drivers/STM32F4xx_HAL_Driver/Src/stm32f4xx_hal_hcd.c ****   /* Prevent unused argument(s) compilation warning */
 961              		.loc 1 655 1 is_stmt 1 view -0
 962              		.cfi_startproc
 963              		@ args = 0, pretend = 0, frame = 0
 964              		@ frame_needed = 0, uses_anonymous_args = 0
 965              		@ link register save eliminated.
 657:Drivers/STM32F4xx_HAL_Driver/Src/stm32f4xx_hal_hcd.c **** 
 966              		.loc 1 657 3 view .LVU284
 662:Drivers/STM32F4xx_HAL_Driver/Src/stm32f4xx_hal_hcd.c **** 
 967              		.loc 1 662 1 is_stmt 0 view .LVU285
 968 0000 7047     		bx	lr
 969              		.cfi_endproc
ARM GAS  /tmp/ccsyczyn.s 			page 51


 970              	.LFE227:
 972              		.section	.text.HAL_HCD_PortEnabled_Callback,"ax",%progbits
 973              		.align	1
 974              		.weak	HAL_HCD_PortEnabled_Callback
 975              		.syntax unified
 976              		.thumb
 977              		.thumb_func
 979              	HAL_HCD_PortEnabled_Callback:
 980              	.LVL78:
 981              	.LFB228:
 670:Drivers/STM32F4xx_HAL_Driver/Src/stm32f4xx_hal_hcd.c ****   /* Prevent unused argument(s) compilation warning */
 982              		.loc 1 670 1 is_stmt 1 view -0
 983              		.cfi_startproc
 984              		@ args = 0, pretend = 0, frame = 0
 985              		@ frame_needed = 0, uses_anonymous_args = 0
 986              		@ link register save eliminated.
 672:Drivers/STM32F4xx_HAL_Driver/Src/stm32f4xx_hal_hcd.c **** 
 987              		.loc 1 672 3 view .LVU287
 677:Drivers/STM32F4xx_HAL_Driver/Src/stm32f4xx_hal_hcd.c **** 
 988              		.loc 1 677 1 is_stmt 0 view .LVU288
 989 0000 7047     		bx	lr
 990              		.cfi_endproc
 991              	.LFE228:
 993              		.section	.text.HAL_HCD_PortDisabled_Callback,"ax",%progbits
 994              		.align	1
 995              		.weak	HAL_HCD_PortDisabled_Callback
 996              		.syntax unified
 997              		.thumb
 998              		.thumb_func
 1000              	HAL_HCD_PortDisabled_Callback:
 1001              	.LVL79:
 1002              	.LFB229:
 685:Drivers/STM32F4xx_HAL_Driver/Src/stm32f4xx_hal_hcd.c ****   /* Prevent unused argument(s) compilation warning */
 1003              		.loc 1 685 1 is_stmt 1 view -0
 1004              		.cfi_startproc
 1005              		@ args = 0, pretend = 0, frame = 0
 1006              		@ frame_needed = 0, uses_anonymous_args = 0
 1007              		@ link register save eliminated.
 687:Drivers/STM32F4xx_HAL_Driver/Src/stm32f4xx_hal_hcd.c **** 
 1008              		.loc 1 687 3 view .LVU290
 692:Drivers/STM32F4xx_HAL_Driver/Src/stm32f4xx_hal_hcd.c **** 
 1009              		.loc 1 692 1 is_stmt 0 view .LVU291
 1010 0000 7047     		bx	lr
 1011              		.cfi_endproc
 1012              	.LFE229:
 1014              		.section	.text.HCD_Port_IRQHandler,"ax",%progbits
 1015              		.align	1
 1016              		.syntax unified
 1017              		.thumb
 1018              		.thumb_func
 1020              	HCD_Port_IRQHandler:
 1021              	.LVL80:
 1022              	.LFB243:
1642:Drivers/STM32F4xx_HAL_Driver/Src/stm32f4xx_hal_hcd.c **** 
1643:Drivers/STM32F4xx_HAL_Driver/Src/stm32f4xx_hal_hcd.c **** /**
1644:Drivers/STM32F4xx_HAL_Driver/Src/stm32f4xx_hal_hcd.c ****   * @brief  Handle Host Port interrupt requests.
1645:Drivers/STM32F4xx_HAL_Driver/Src/stm32f4xx_hal_hcd.c ****   * @param  hhcd HCD handle
ARM GAS  /tmp/ccsyczyn.s 			page 52


1646:Drivers/STM32F4xx_HAL_Driver/Src/stm32f4xx_hal_hcd.c ****   * @retval None
1647:Drivers/STM32F4xx_HAL_Driver/Src/stm32f4xx_hal_hcd.c ****   */
1648:Drivers/STM32F4xx_HAL_Driver/Src/stm32f4xx_hal_hcd.c **** static void HCD_Port_IRQHandler(HCD_HandleTypeDef *hhcd)
1649:Drivers/STM32F4xx_HAL_Driver/Src/stm32f4xx_hal_hcd.c **** {
 1023              		.loc 1 1649 1 is_stmt 1 view -0
 1024              		.cfi_startproc
 1025              		@ args = 0, pretend = 0, frame = 8
 1026              		@ frame_needed = 0, uses_anonymous_args = 0
 1027              		.loc 1 1649 1 is_stmt 0 view .LVU293
 1028 0000 30B5     		push	{r4, r5, lr}
 1029              		.cfi_def_cfa_offset 12
 1030              		.cfi_offset 4, -12
 1031              		.cfi_offset 5, -8
 1032              		.cfi_offset 14, -4
 1033 0002 83B0     		sub	sp, sp, #12
 1034              		.cfi_def_cfa_offset 24
 1035 0004 0446     		mov	r4, r0
1650:Drivers/STM32F4xx_HAL_Driver/Src/stm32f4xx_hal_hcd.c ****   USB_OTG_GlobalTypeDef *USBx = hhcd->Instance;
 1036              		.loc 1 1650 3 is_stmt 1 view .LVU294
 1037              		.loc 1 1650 26 is_stmt 0 view .LVU295
 1038 0006 0568     		ldr	r5, [r0]
 1039              	.LVL81:
1651:Drivers/STM32F4xx_HAL_Driver/Src/stm32f4xx_hal_hcd.c ****   uint32_t USBx_BASE = (uint32_t)USBx;
 1040              		.loc 1 1651 3 is_stmt 1 view .LVU296
1652:Drivers/STM32F4xx_HAL_Driver/Src/stm32f4xx_hal_hcd.c ****   __IO uint32_t hprt0;
 1041              		.loc 1 1652 3 view .LVU297
1653:Drivers/STM32F4xx_HAL_Driver/Src/stm32f4xx_hal_hcd.c ****   __IO uint32_t hprt0_dup;
 1042              		.loc 1 1653 3 view .LVU298
1654:Drivers/STM32F4xx_HAL_Driver/Src/stm32f4xx_hal_hcd.c **** 
1655:Drivers/STM32F4xx_HAL_Driver/Src/stm32f4xx_hal_hcd.c ****   /* Handle Host Port Interrupts */
1656:Drivers/STM32F4xx_HAL_Driver/Src/stm32f4xx_hal_hcd.c ****   hprt0 = USBx_HPRT0;
 1043              		.loc 1 1656 3 view .LVU299
 1044              		.loc 1 1656 11 is_stmt 0 view .LVU300
 1045 0008 D5F84034 		ldr	r3, [r5, #1088]
 1046              		.loc 1 1656 9 view .LVU301
 1047 000c 0193     		str	r3, [sp, #4]
1657:Drivers/STM32F4xx_HAL_Driver/Src/stm32f4xx_hal_hcd.c ****   hprt0_dup = USBx_HPRT0;
 1048              		.loc 1 1657 3 is_stmt 1 view .LVU302
 1049              		.loc 1 1657 15 is_stmt 0 view .LVU303
 1050 000e D5F84034 		ldr	r3, [r5, #1088]
 1051              		.loc 1 1657 13 view .LVU304
 1052 0012 0093     		str	r3, [sp]
1658:Drivers/STM32F4xx_HAL_Driver/Src/stm32f4xx_hal_hcd.c **** 
1659:Drivers/STM32F4xx_HAL_Driver/Src/stm32f4xx_hal_hcd.c ****   hprt0_dup &= ~(USB_OTG_HPRT_PENA | USB_OTG_HPRT_PCDET | \
 1053              		.loc 1 1659 3 is_stmt 1 view .LVU305
 1054              		.loc 1 1659 13 is_stmt 0 view .LVU306
 1055 0014 009B     		ldr	r3, [sp]
 1056 0016 23F02E03 		bic	r3, r3, #46
 1057 001a 0093     		str	r3, [sp]
1660:Drivers/STM32F4xx_HAL_Driver/Src/stm32f4xx_hal_hcd.c ****                  USB_OTG_HPRT_PENCHNG | USB_OTG_HPRT_POCCHNG);
1661:Drivers/STM32F4xx_HAL_Driver/Src/stm32f4xx_hal_hcd.c **** 
1662:Drivers/STM32F4xx_HAL_Driver/Src/stm32f4xx_hal_hcd.c ****   /* Check whether Port Connect detected */
1663:Drivers/STM32F4xx_HAL_Driver/Src/stm32f4xx_hal_hcd.c ****   if ((hprt0 & USB_OTG_HPRT_PCDET) == USB_OTG_HPRT_PCDET)
 1058              		.loc 1 1663 3 is_stmt 1 view .LVU307
 1059              		.loc 1 1663 14 is_stmt 0 view .LVU308
 1060 001c 019B     		ldr	r3, [sp, #4]
 1061              		.loc 1 1663 6 view .LVU309
ARM GAS  /tmp/ccsyczyn.s 			page 53


 1062 001e 13F0020F 		tst	r3, #2
 1063 0022 07D0     		beq	.L68
1664:Drivers/STM32F4xx_HAL_Driver/Src/stm32f4xx_hal_hcd.c ****   {
1665:Drivers/STM32F4xx_HAL_Driver/Src/stm32f4xx_hal_hcd.c ****     if ((hprt0 & USB_OTG_HPRT_PCSTS) == USB_OTG_HPRT_PCSTS)
 1064              		.loc 1 1665 5 is_stmt 1 view .LVU310
 1065              		.loc 1 1665 16 is_stmt 0 view .LVU311
 1066 0024 019B     		ldr	r3, [sp, #4]
 1067              		.loc 1 1665 8 view .LVU312
 1068 0026 13F0010F 		tst	r3, #1
 1069 002a 25D1     		bne	.L77
 1070              	.LVL82:
 1071              	.L69:
1666:Drivers/STM32F4xx_HAL_Driver/Src/stm32f4xx_hal_hcd.c ****     {
1667:Drivers/STM32F4xx_HAL_Driver/Src/stm32f4xx_hal_hcd.c **** #if (USE_HAL_HCD_REGISTER_CALLBACKS == 1U)
1668:Drivers/STM32F4xx_HAL_Driver/Src/stm32f4xx_hal_hcd.c ****       hhcd->ConnectCallback(hhcd);
1669:Drivers/STM32F4xx_HAL_Driver/Src/stm32f4xx_hal_hcd.c **** #else
1670:Drivers/STM32F4xx_HAL_Driver/Src/stm32f4xx_hal_hcd.c ****       HAL_HCD_Connect_Callback(hhcd);
1671:Drivers/STM32F4xx_HAL_Driver/Src/stm32f4xx_hal_hcd.c **** #endif /* USE_HAL_HCD_REGISTER_CALLBACKS */
1672:Drivers/STM32F4xx_HAL_Driver/Src/stm32f4xx_hal_hcd.c ****     }
1673:Drivers/STM32F4xx_HAL_Driver/Src/stm32f4xx_hal_hcd.c ****     hprt0_dup |= USB_OTG_HPRT_PCDET;
 1072              		.loc 1 1673 5 is_stmt 1 view .LVU313
 1073              		.loc 1 1673 15 is_stmt 0 view .LVU314
 1074 002c 009B     		ldr	r3, [sp]
 1075 002e 43F00203 		orr	r3, r3, #2
 1076 0032 0093     		str	r3, [sp]
 1077              	.L68:
1674:Drivers/STM32F4xx_HAL_Driver/Src/stm32f4xx_hal_hcd.c ****   }
1675:Drivers/STM32F4xx_HAL_Driver/Src/stm32f4xx_hal_hcd.c **** 
1676:Drivers/STM32F4xx_HAL_Driver/Src/stm32f4xx_hal_hcd.c ****   /* Check whether Port Enable Changed */
1677:Drivers/STM32F4xx_HAL_Driver/Src/stm32f4xx_hal_hcd.c ****   if ((hprt0 & USB_OTG_HPRT_PENCHNG) == USB_OTG_HPRT_PENCHNG)
 1078              		.loc 1 1677 3 is_stmt 1 view .LVU315
 1079              		.loc 1 1677 14 is_stmt 0 view .LVU316
 1080 0034 019B     		ldr	r3, [sp, #4]
 1081              		.loc 1 1677 6 view .LVU317
 1082 0036 13F0080F 		tst	r3, #8
 1083 003a 10D0     		beq	.L70
1678:Drivers/STM32F4xx_HAL_Driver/Src/stm32f4xx_hal_hcd.c ****   {
1679:Drivers/STM32F4xx_HAL_Driver/Src/stm32f4xx_hal_hcd.c ****     hprt0_dup |= USB_OTG_HPRT_PENCHNG;
 1084              		.loc 1 1679 5 is_stmt 1 view .LVU318
 1085              		.loc 1 1679 15 is_stmt 0 view .LVU319
 1086 003c 009B     		ldr	r3, [sp]
 1087 003e 43F00803 		orr	r3, r3, #8
 1088 0042 0093     		str	r3, [sp]
1680:Drivers/STM32F4xx_HAL_Driver/Src/stm32f4xx_hal_hcd.c **** 
1681:Drivers/STM32F4xx_HAL_Driver/Src/stm32f4xx_hal_hcd.c ****     if ((hprt0 & USB_OTG_HPRT_PENA) == USB_OTG_HPRT_PENA)
 1089              		.loc 1 1681 5 is_stmt 1 view .LVU320
 1090              		.loc 1 1681 16 is_stmt 0 view .LVU321
 1091 0044 019B     		ldr	r3, [sp, #4]
 1092              		.loc 1 1681 8 view .LVU322
 1093 0046 13F0040F 		tst	r3, #4
 1094 004a 2DD0     		beq	.L71
1682:Drivers/STM32F4xx_HAL_Driver/Src/stm32f4xx_hal_hcd.c ****     {
1683:Drivers/STM32F4xx_HAL_Driver/Src/stm32f4xx_hal_hcd.c ****       if (hhcd->Init.phy_itface  == USB_OTG_EMBEDDED_PHY)
 1095              		.loc 1 1683 7 is_stmt 1 view .LVU323
 1096              		.loc 1 1683 21 is_stmt 0 view .LVU324
 1097 004c A369     		ldr	r3, [r4, #24]
 1098              		.loc 1 1683 10 view .LVU325
ARM GAS  /tmp/ccsyczyn.s 			page 54


 1099 004e 022B     		cmp	r3, #2
 1100 0050 15D0     		beq	.L78
1684:Drivers/STM32F4xx_HAL_Driver/Src/stm32f4xx_hal_hcd.c ****       {
1685:Drivers/STM32F4xx_HAL_Driver/Src/stm32f4xx_hal_hcd.c ****         if ((hprt0 & USB_OTG_HPRT_PSPD) == (HPRT0_PRTSPD_LOW_SPEED << 17))
1686:Drivers/STM32F4xx_HAL_Driver/Src/stm32f4xx_hal_hcd.c ****         {
1687:Drivers/STM32F4xx_HAL_Driver/Src/stm32f4xx_hal_hcd.c ****           (void)USB_InitFSLSPClkSel(hhcd->Instance, HCFG_6_MHZ);
1688:Drivers/STM32F4xx_HAL_Driver/Src/stm32f4xx_hal_hcd.c ****         }
1689:Drivers/STM32F4xx_HAL_Driver/Src/stm32f4xx_hal_hcd.c ****         else
1690:Drivers/STM32F4xx_HAL_Driver/Src/stm32f4xx_hal_hcd.c ****         {
1691:Drivers/STM32F4xx_HAL_Driver/Src/stm32f4xx_hal_hcd.c ****           (void)USB_InitFSLSPClkSel(hhcd->Instance, HCFG_48_MHZ);
1692:Drivers/STM32F4xx_HAL_Driver/Src/stm32f4xx_hal_hcd.c ****         }
1693:Drivers/STM32F4xx_HAL_Driver/Src/stm32f4xx_hal_hcd.c ****       }
1694:Drivers/STM32F4xx_HAL_Driver/Src/stm32f4xx_hal_hcd.c ****       else
1695:Drivers/STM32F4xx_HAL_Driver/Src/stm32f4xx_hal_hcd.c ****       {
1696:Drivers/STM32F4xx_HAL_Driver/Src/stm32f4xx_hal_hcd.c ****         if (hhcd->Init.speed == HCD_SPEED_FULL)
 1101              		.loc 1 1696 9 is_stmt 1 view .LVU326
 1102              		.loc 1 1696 23 is_stmt 0 view .LVU327
 1103 0052 E368     		ldr	r3, [r4, #12]
 1104              		.loc 1 1696 12 view .LVU328
 1105 0054 012B     		cmp	r3, #1
 1106 0056 22D0     		beq	.L79
 1107              	.L74:
1697:Drivers/STM32F4xx_HAL_Driver/Src/stm32f4xx_hal_hcd.c ****         {
1698:Drivers/STM32F4xx_HAL_Driver/Src/stm32f4xx_hal_hcd.c ****           USBx_HOST->HFIR = 60000U;
1699:Drivers/STM32F4xx_HAL_Driver/Src/stm32f4xx_hal_hcd.c ****         }
1700:Drivers/STM32F4xx_HAL_Driver/Src/stm32f4xx_hal_hcd.c ****       }
1701:Drivers/STM32F4xx_HAL_Driver/Src/stm32f4xx_hal_hcd.c **** #if (USE_HAL_HCD_REGISTER_CALLBACKS == 1U)
1702:Drivers/STM32F4xx_HAL_Driver/Src/stm32f4xx_hal_hcd.c ****       hhcd->PortEnabledCallback(hhcd);
1703:Drivers/STM32F4xx_HAL_Driver/Src/stm32f4xx_hal_hcd.c **** #else
1704:Drivers/STM32F4xx_HAL_Driver/Src/stm32f4xx_hal_hcd.c ****       HAL_HCD_PortEnabled_Callback(hhcd);
 1108              		.loc 1 1704 7 is_stmt 1 view .LVU329
 1109 0058 2046     		mov	r0, r4
 1110 005a FFF7FEFF 		bl	HAL_HCD_PortEnabled_Callback
 1111              	.LVL83:
 1112              	.L70:
1705:Drivers/STM32F4xx_HAL_Driver/Src/stm32f4xx_hal_hcd.c **** #endif /* USE_HAL_HCD_REGISTER_CALLBACKS */
1706:Drivers/STM32F4xx_HAL_Driver/Src/stm32f4xx_hal_hcd.c **** 
1707:Drivers/STM32F4xx_HAL_Driver/Src/stm32f4xx_hal_hcd.c ****     }
1708:Drivers/STM32F4xx_HAL_Driver/Src/stm32f4xx_hal_hcd.c ****     else
1709:Drivers/STM32F4xx_HAL_Driver/Src/stm32f4xx_hal_hcd.c ****     {
1710:Drivers/STM32F4xx_HAL_Driver/Src/stm32f4xx_hal_hcd.c **** #if (USE_HAL_HCD_REGISTER_CALLBACKS == 1U)
1711:Drivers/STM32F4xx_HAL_Driver/Src/stm32f4xx_hal_hcd.c ****       hhcd->PortDisabledCallback(hhcd);
1712:Drivers/STM32F4xx_HAL_Driver/Src/stm32f4xx_hal_hcd.c **** #else
1713:Drivers/STM32F4xx_HAL_Driver/Src/stm32f4xx_hal_hcd.c ****       HAL_HCD_PortDisabled_Callback(hhcd);
1714:Drivers/STM32F4xx_HAL_Driver/Src/stm32f4xx_hal_hcd.c **** #endif /* USE_HAL_HCD_REGISTER_CALLBACKS */
1715:Drivers/STM32F4xx_HAL_Driver/Src/stm32f4xx_hal_hcd.c ****     }
1716:Drivers/STM32F4xx_HAL_Driver/Src/stm32f4xx_hal_hcd.c ****   }
1717:Drivers/STM32F4xx_HAL_Driver/Src/stm32f4xx_hal_hcd.c **** 
1718:Drivers/STM32F4xx_HAL_Driver/Src/stm32f4xx_hal_hcd.c ****   /* Check for an overcurrent */
1719:Drivers/STM32F4xx_HAL_Driver/Src/stm32f4xx_hal_hcd.c ****   if ((hprt0 & USB_OTG_HPRT_POCCHNG) == USB_OTG_HPRT_POCCHNG)
 1113              		.loc 1 1719 3 view .LVU330
 1114              		.loc 1 1719 14 is_stmt 0 view .LVU331
 1115 005e 019B     		ldr	r3, [sp, #4]
 1116              		.loc 1 1719 6 view .LVU332
 1117 0060 13F0200F 		tst	r3, #32
 1118 0064 03D0     		beq	.L75
1720:Drivers/STM32F4xx_HAL_Driver/Src/stm32f4xx_hal_hcd.c ****   {
ARM GAS  /tmp/ccsyczyn.s 			page 55


1721:Drivers/STM32F4xx_HAL_Driver/Src/stm32f4xx_hal_hcd.c ****     hprt0_dup |= USB_OTG_HPRT_POCCHNG;
 1119              		.loc 1 1721 5 is_stmt 1 view .LVU333
 1120              		.loc 1 1721 15 is_stmt 0 view .LVU334
 1121 0066 009B     		ldr	r3, [sp]
 1122 0068 43F02003 		orr	r3, r3, #32
 1123 006c 0093     		str	r3, [sp]
 1124              	.L75:
1722:Drivers/STM32F4xx_HAL_Driver/Src/stm32f4xx_hal_hcd.c ****   }
1723:Drivers/STM32F4xx_HAL_Driver/Src/stm32f4xx_hal_hcd.c **** 
1724:Drivers/STM32F4xx_HAL_Driver/Src/stm32f4xx_hal_hcd.c ****   /* Clear Port Interrupts */
1725:Drivers/STM32F4xx_HAL_Driver/Src/stm32f4xx_hal_hcd.c ****   USBx_HPRT0 = hprt0_dup;
 1125              		.loc 1 1725 3 is_stmt 1 view .LVU335
 1126              		.loc 1 1725 14 is_stmt 0 view .LVU336
 1127 006e 009B     		ldr	r3, [sp]
 1128 0070 C5F84034 		str	r3, [r5, #1088]
1726:Drivers/STM32F4xx_HAL_Driver/Src/stm32f4xx_hal_hcd.c **** }
 1129              		.loc 1 1726 1 view .LVU337
 1130 0074 03B0     		add	sp, sp, #12
 1131              		.cfi_remember_state
 1132              		.cfi_def_cfa_offset 12
 1133              		@ sp needed
 1134 0076 30BD     		pop	{r4, r5, pc}
 1135              	.LVL84:
 1136              	.L77:
 1137              		.cfi_restore_state
1670:Drivers/STM32F4xx_HAL_Driver/Src/stm32f4xx_hal_hcd.c **** #endif /* USE_HAL_HCD_REGISTER_CALLBACKS */
 1138              		.loc 1 1670 7 is_stmt 1 view .LVU338
 1139 0078 FFF7FEFF 		bl	HAL_HCD_Connect_Callback
 1140              	.LVL85:
1670:Drivers/STM32F4xx_HAL_Driver/Src/stm32f4xx_hal_hcd.c **** #endif /* USE_HAL_HCD_REGISTER_CALLBACKS */
 1141              		.loc 1 1670 7 is_stmt 0 view .LVU339
 1142 007c D6E7     		b	.L69
 1143              	.L78:
1685:Drivers/STM32F4xx_HAL_Driver/Src/stm32f4xx_hal_hcd.c ****         {
 1144              		.loc 1 1685 9 is_stmt 1 view .LVU340
1685:Drivers/STM32F4xx_HAL_Driver/Src/stm32f4xx_hal_hcd.c ****         {
 1145              		.loc 1 1685 20 is_stmt 0 view .LVU341
 1146 007e 019B     		ldr	r3, [sp, #4]
 1147 0080 03F4C023 		and	r3, r3, #393216
1685:Drivers/STM32F4xx_HAL_Driver/Src/stm32f4xx_hal_hcd.c ****         {
 1148              		.loc 1 1685 12 view .LVU342
 1149 0084 B3F5802F 		cmp	r3, #262144
 1150 0088 04D0     		beq	.L80
1691:Drivers/STM32F4xx_HAL_Driver/Src/stm32f4xx_hal_hcd.c ****         }
 1151              		.loc 1 1691 11 is_stmt 1 view .LVU343
1691:Drivers/STM32F4xx_HAL_Driver/Src/stm32f4xx_hal_hcd.c ****         }
 1152              		.loc 1 1691 17 is_stmt 0 view .LVU344
 1153 008a 0121     		movs	r1, #1
 1154 008c 2068     		ldr	r0, [r4]
 1155 008e FFF7FEFF 		bl	USB_InitFSLSPClkSel
 1156              	.LVL86:
 1157 0092 E1E7     		b	.L74
 1158              	.L80:
1687:Drivers/STM32F4xx_HAL_Driver/Src/stm32f4xx_hal_hcd.c ****         }
 1159              		.loc 1 1687 11 is_stmt 1 view .LVU345
1687:Drivers/STM32F4xx_HAL_Driver/Src/stm32f4xx_hal_hcd.c ****         }
 1160              		.loc 1 1687 17 is_stmt 0 view .LVU346
ARM GAS  /tmp/ccsyczyn.s 			page 56


 1161 0094 0221     		movs	r1, #2
 1162 0096 2068     		ldr	r0, [r4]
 1163 0098 FFF7FEFF 		bl	USB_InitFSLSPClkSel
 1164              	.LVL87:
 1165 009c DCE7     		b	.L74
 1166              	.L79:
1698:Drivers/STM32F4xx_HAL_Driver/Src/stm32f4xx_hal_hcd.c ****         }
 1167              		.loc 1 1698 11 is_stmt 1 view .LVU347
1698:Drivers/STM32F4xx_HAL_Driver/Src/stm32f4xx_hal_hcd.c ****         }
 1168              		.loc 1 1698 27 is_stmt 0 view .LVU348
 1169 009e 4EF66022 		movw	r2, #60000
 1170 00a2 C5F80424 		str	r2, [r5, #1028]
 1171 00a6 D7E7     		b	.L74
 1172              	.L71:
1713:Drivers/STM32F4xx_HAL_Driver/Src/stm32f4xx_hal_hcd.c **** #endif /* USE_HAL_HCD_REGISTER_CALLBACKS */
 1173              		.loc 1 1713 7 is_stmt 1 view .LVU349
 1174 00a8 2046     		mov	r0, r4
 1175 00aa FFF7FEFF 		bl	HAL_HCD_PortDisabled_Callback
 1176              	.LVL88:
 1177 00ae D6E7     		b	.L70
 1178              		.cfi_endproc
 1179              	.LFE243:
 1181              		.section	.text.HAL_HCD_HC_NotifyURBChange_Callback,"ax",%progbits
 1182              		.align	1
 1183              		.weak	HAL_HCD_HC_NotifyURBChange_Callback
 1184              		.syntax unified
 1185              		.thumb
 1186              		.thumb_func
 1188              	HAL_HCD_HC_NotifyURBChange_Callback:
 1189              	.LVL89:
 1190              	.LFB230:
 710:Drivers/STM32F4xx_HAL_Driver/Src/stm32f4xx_hal_hcd.c ****   /* Prevent unused argument(s) compilation warning */
 1191              		.loc 1 710 1 view -0
 1192              		.cfi_startproc
 1193              		@ args = 0, pretend = 0, frame = 0
 1194              		@ frame_needed = 0, uses_anonymous_args = 0
 1195              		@ link register save eliminated.
 712:Drivers/STM32F4xx_HAL_Driver/Src/stm32f4xx_hal_hcd.c ****   UNUSED(chnum);
 1196              		.loc 1 712 3 view .LVU351
 713:Drivers/STM32F4xx_HAL_Driver/Src/stm32f4xx_hal_hcd.c ****   UNUSED(urb_state);
 1197              		.loc 1 713 3 view .LVU352
 714:Drivers/STM32F4xx_HAL_Driver/Src/stm32f4xx_hal_hcd.c **** 
 1198              		.loc 1 714 3 view .LVU353
 719:Drivers/STM32F4xx_HAL_Driver/Src/stm32f4xx_hal_hcd.c **** 
 1199              		.loc 1 719 1 is_stmt 0 view .LVU354
 1200 0000 7047     		bx	lr
 1201              		.cfi_endproc
 1202              	.LFE230:
 1204              		.section	.text.HCD_HC_IN_IRQHandler,"ax",%progbits
 1205              		.align	1
 1206              		.syntax unified
 1207              		.thumb
 1208              		.thumb_func
 1210              	HCD_HC_IN_IRQHandler:
 1211              	.LVL90:
 1212              	.LFB240:
1185:Drivers/STM32F4xx_HAL_Driver/Src/stm32f4xx_hal_hcd.c ****   USB_OTG_GlobalTypeDef *USBx = hhcd->Instance;
ARM GAS  /tmp/ccsyczyn.s 			page 57


 1213              		.loc 1 1185 1 is_stmt 1 view -0
 1214              		.cfi_startproc
 1215              		@ args = 0, pretend = 0, frame = 0
 1216              		@ frame_needed = 0, uses_anonymous_args = 0
1185:Drivers/STM32F4xx_HAL_Driver/Src/stm32f4xx_hal_hcd.c ****   USB_OTG_GlobalTypeDef *USBx = hhcd->Instance;
 1217              		.loc 1 1185 1 is_stmt 0 view .LVU356
 1218 0000 F8B5     		push	{r3, r4, r5, r6, r7, lr}
 1219              		.cfi_def_cfa_offset 24
 1220              		.cfi_offset 3, -24
 1221              		.cfi_offset 4, -20
 1222              		.cfi_offset 5, -16
 1223              		.cfi_offset 6, -12
 1224              		.cfi_offset 7, -8
 1225              		.cfi_offset 14, -4
 1226 0002 0546     		mov	r5, r0
 1227 0004 0E46     		mov	r6, r1
1186:Drivers/STM32F4xx_HAL_Driver/Src/stm32f4xx_hal_hcd.c ****   uint32_t USBx_BASE = (uint32_t)USBx;
 1228              		.loc 1 1186 3 is_stmt 1 view .LVU357
1186:Drivers/STM32F4xx_HAL_Driver/Src/stm32f4xx_hal_hcd.c ****   uint32_t USBx_BASE = (uint32_t)USBx;
 1229              		.loc 1 1186 26 is_stmt 0 view .LVU358
 1230 0006 0768     		ldr	r7, [r0]
 1231              	.LVL91:
1187:Drivers/STM32F4xx_HAL_Driver/Src/stm32f4xx_hal_hcd.c ****   uint32_t ch_num = (uint32_t)chnum;
 1232              		.loc 1 1187 3 is_stmt 1 view .LVU359
1188:Drivers/STM32F4xx_HAL_Driver/Src/stm32f4xx_hal_hcd.c **** 
 1233              		.loc 1 1188 3 view .LVU360
1190:Drivers/STM32F4xx_HAL_Driver/Src/stm32f4xx_hal_hcd.c **** 
 1234              		.loc 1 1190 3 view .LVU361
1192:Drivers/STM32F4xx_HAL_Driver/Src/stm32f4xx_hal_hcd.c ****   {
 1235              		.loc 1 1192 3 view .LVU362
1192:Drivers/STM32F4xx_HAL_Driver/Src/stm32f4xx_hal_hcd.c ****   {
 1236              		.loc 1 1192 8 is_stmt 0 view .LVU363
 1237 0008 07EB4117 		add	r7, r7, r1, lsl #5
 1238              	.LVL92:
1192:Drivers/STM32F4xx_HAL_Driver/Src/stm32f4xx_hal_hcd.c ****   {
 1239              		.loc 1 1192 8 view .LVU364
 1240 000c 07F5A064 		add	r4, r7, #1280
1192:Drivers/STM32F4xx_HAL_Driver/Src/stm32f4xx_hal_hcd.c ****   {
 1241              		.loc 1 1192 23 view .LVU365
 1242 0010 A368     		ldr	r3, [r4, #8]
1192:Drivers/STM32F4xx_HAL_Driver/Src/stm32f4xx_hal_hcd.c ****   {
 1243              		.loc 1 1192 6 view .LVU366
 1244 0012 13F0040F 		tst	r3, #4
 1245 0016 2AD0     		beq	.L83
1194:Drivers/STM32F4xx_HAL_Driver/Src/stm32f4xx_hal_hcd.c ****     __HAL_HCD_UNMASK_HALT_HC_INT(ch_num);
 1246              		.loc 1 1194 5 is_stmt 1 view .LVU367
 1247 0018 0423     		movs	r3, #4
 1248 001a A360     		str	r3, [r4, #8]
 1249              	.LVL93:
1195:Drivers/STM32F4xx_HAL_Driver/Src/stm32f4xx_hal_hcd.c ****   }
 1250              		.loc 1 1195 5 view .LVU368
 1251 001c E368     		ldr	r3, [r4, #12]
 1252 001e 43F00203 		orr	r3, r3, #2
 1253 0022 E360     		str	r3, [r4, #12]
 1254              	.LVL94:
 1255              	.L84:
1234:Drivers/STM32F4xx_HAL_Driver/Src/stm32f4xx_hal_hcd.c **** 
ARM GAS  /tmp/ccsyczyn.s 			page 58


 1256              		.loc 1 1234 3 view .LVU369
1236:Drivers/STM32F4xx_HAL_Driver/Src/stm32f4xx_hal_hcd.c ****   {
 1257              		.loc 1 1236 3 view .LVU370
1236:Drivers/STM32F4xx_HAL_Driver/Src/stm32f4xx_hal_hcd.c ****   {
 1258              		.loc 1 1236 23 is_stmt 0 view .LVU371
 1259 0024 A368     		ldr	r3, [r4, #8]
1236:Drivers/STM32F4xx_HAL_Driver/Src/stm32f4xx_hal_hcd.c ****   {
 1260              		.loc 1 1236 6 view .LVU372
 1261 0026 13F4007F 		tst	r3, #512
 1262 002a 7DD1     		bne	.L114
1242:Drivers/STM32F4xx_HAL_Driver/Src/stm32f4xx_hal_hcd.c ****   {
 1263              		.loc 1 1242 8 is_stmt 1 view .LVU373
1242:Drivers/STM32F4xx_HAL_Driver/Src/stm32f4xx_hal_hcd.c ****   {
 1264              		.loc 1 1242 28 is_stmt 0 view .LVU374
 1265 002c A368     		ldr	r3, [r4, #8]
1242:Drivers/STM32F4xx_HAL_Driver/Src/stm32f4xx_hal_hcd.c ****   {
 1266              		.loc 1 1242 11 view .LVU375
 1267 002e 13F0010F 		tst	r3, #1
 1268 0032 00F0D280 		beq	.L91
1244:Drivers/STM32F4xx_HAL_Driver/Src/stm32f4xx_hal_hcd.c ****     {
 1269              		.loc 1 1244 5 is_stmt 1 view .LVU376
1244:Drivers/STM32F4xx_HAL_Driver/Src/stm32f4xx_hal_hcd.c ****     {
 1270              		.loc 1 1244 19 is_stmt 0 view .LVU377
 1271 0036 2B69     		ldr	r3, [r5, #16]
1244:Drivers/STM32F4xx_HAL_Driver/Src/stm32f4xx_hal_hcd.c ****     {
 1272              		.loc 1 1244 8 view .LVU378
 1273 0038 43B1     		cbz	r3, .L92
1246:Drivers/STM32F4xx_HAL_Driver/Src/stm32f4xx_hal_hcd.c ****                                     (USBx_HC(ch_num)->HCTSIZ & USB_OTG_HCTSIZ_XFRSIZ);
 1274              		.loc 1 1246 7 is_stmt 1 view .LVU379
1246:Drivers/STM32F4xx_HAL_Driver/Src/stm32f4xx_hal_hcd.c ****                                     (USBx_HC(ch_num)->HCTSIZ & USB_OTG_HCTSIZ_XFRSIZ);
 1275              		.loc 1 1246 53 is_stmt 0 view .LVU380
 1276 003a 2C23     		movs	r3, #44
 1277 003c 03FB0653 		mla	r3, r3, r6, r5
 1278 0040 9A6C     		ldr	r2, [r3, #72]
1247:Drivers/STM32F4xx_HAL_Driver/Src/stm32f4xx_hal_hcd.c ****     }
 1279              		.loc 1 1247 53 view .LVU381
 1280 0042 2169     		ldr	r1, [r4, #16]
1247:Drivers/STM32F4xx_HAL_Driver/Src/stm32f4xx_hal_hcd.c ****     }
 1281              		.loc 1 1247 62 view .LVU382
 1282 0044 C1F31201 		ubfx	r1, r1, #0, #19
1246:Drivers/STM32F4xx_HAL_Driver/Src/stm32f4xx_hal_hcd.c ****                                     (USBx_HC(ch_num)->HCTSIZ & USB_OTG_HCTSIZ_XFRSIZ);
 1283              		.loc 1 1246 63 view .LVU383
 1284 0048 521A     		subs	r2, r2, r1
1246:Drivers/STM32F4xx_HAL_Driver/Src/stm32f4xx_hal_hcd.c ****                                     (USBx_HC(ch_num)->HCTSIZ & USB_OTG_HCTSIZ_XFRSIZ);
 1285              		.loc 1 1246 35 view .LVU384
 1286 004a 1A65     		str	r2, [r3, #80]
 1287              	.L92:
1250:Drivers/STM32F4xx_HAL_Driver/Src/stm32f4xx_hal_hcd.c ****     hhcd->hc[ch_num].ErrCnt = 0U;
 1288              		.loc 1 1250 5 is_stmt 1 view .LVU385
1250:Drivers/STM32F4xx_HAL_Driver/Src/stm32f4xx_hal_hcd.c ****     hhcd->hc[ch_num].ErrCnt = 0U;
 1289              		.loc 1 1250 28 is_stmt 0 view .LVU386
 1290 004c 2C23     		movs	r3, #44
 1291 004e 03FB0653 		mla	r3, r3, r6, r5
 1292 0052 0122     		movs	r2, #1
 1293 0054 83F86120 		strb	r2, [r3, #97]
1251:Drivers/STM32F4xx_HAL_Driver/Src/stm32f4xx_hal_hcd.c ****     __HAL_HCD_CLEAR_HC_INT(ch_num, USB_OTG_HCINT_XFRC);
 1294              		.loc 1 1251 5 is_stmt 1 view .LVU387
ARM GAS  /tmp/ccsyczyn.s 			page 59


1251:Drivers/STM32F4xx_HAL_Driver/Src/stm32f4xx_hal_hcd.c ****     __HAL_HCD_CLEAR_HC_INT(ch_num, USB_OTG_HCINT_XFRC);
 1295              		.loc 1 1251 29 is_stmt 0 view .LVU388
 1296 0058 0021     		movs	r1, #0
 1297 005a D965     		str	r1, [r3, #92]
1252:Drivers/STM32F4xx_HAL_Driver/Src/stm32f4xx_hal_hcd.c **** 
 1298              		.loc 1 1252 5 is_stmt 1 view .LVU389
 1299 005c A260     		str	r2, [r4, #8]
1254:Drivers/STM32F4xx_HAL_Driver/Src/stm32f4xx_hal_hcd.c ****         (hhcd->hc[ch_num].ep_type == EP_TYPE_BULK))
 1300              		.loc 1 1254 5 view .LVU390
1254:Drivers/STM32F4xx_HAL_Driver/Src/stm32f4xx_hal_hcd.c ****         (hhcd->hc[ch_num].ep_type == EP_TYPE_BULK))
 1301              		.loc 1 1254 26 is_stmt 0 view .LVU391
 1302 005e 93F83F30 		ldrb	r3, [r3, #63]	@ zero_extendqisi2
 1303 0062 032B     		cmp	r3, #3
 1304 0064 76D8     		bhi	.L93
 1305 0066 DFE803F0 		tbb	[pc, r3]
 1306              	.L95:
 1307 006a 6B       		.byte	(.L96-.L95)/2
 1308 006b 93       		.byte	(.L97-.L95)/2
 1309 006c 6B       		.byte	(.L96-.L95)/2
 1310 006d 82       		.byte	(.L94-.L95)/2
 1311              	.LVL95:
 1312              		.p2align 1
 1313              	.L83:
1197:Drivers/STM32F4xx_HAL_Driver/Src/stm32f4xx_hal_hcd.c ****   {
 1314              		.loc 1 1197 8 is_stmt 1 view .LVU392
1197:Drivers/STM32F4xx_HAL_Driver/Src/stm32f4xx_hal_hcd.c ****   {
 1315              		.loc 1 1197 28 is_stmt 0 view .LVU393
 1316 006e A368     		ldr	r3, [r4, #8]
1197:Drivers/STM32F4xx_HAL_Driver/Src/stm32f4xx_hal_hcd.c ****   {
 1317              		.loc 1 1197 11 view .LVU394
 1318 0070 13F4807F 		tst	r3, #256
 1319 0074 06D1     		bne	.L115
1204:Drivers/STM32F4xx_HAL_Driver/Src/stm32f4xx_hal_hcd.c ****   {
 1320              		.loc 1 1204 8 is_stmt 1 view .LVU395
1204:Drivers/STM32F4xx_HAL_Driver/Src/stm32f4xx_hal_hcd.c ****   {
 1321              		.loc 1 1204 28 is_stmt 0 view .LVU396
 1322 0076 A368     		ldr	r3, [r4, #8]
1204:Drivers/STM32F4xx_HAL_Driver/Src/stm32f4xx_hal_hcd.c ****   {
 1323              		.loc 1 1204 11 view .LVU397
 1324 0078 13F0200F 		tst	r3, #32
 1325 007c 13D0     		beq	.L86
1206:Drivers/STM32F4xx_HAL_Driver/Src/stm32f4xx_hal_hcd.c ****   }
 1326              		.loc 1 1206 5 is_stmt 1 view .LVU398
 1327 007e 2023     		movs	r3, #32
 1328 0080 A360     		str	r3, [r4, #8]
 1329              	.LVL96:
1206:Drivers/STM32F4xx_HAL_Driver/Src/stm32f4xx_hal_hcd.c ****   }
 1330              		.loc 1 1206 5 is_stmt 0 view .LVU399
 1331 0082 CFE7     		b	.L84
 1332              	.LVL97:
 1333              	.L115:
1199:Drivers/STM32F4xx_HAL_Driver/Src/stm32f4xx_hal_hcd.c ****     hhcd->hc[ch_num].state = HC_BBLERR;
 1334              		.loc 1 1199 5 is_stmt 1 view .LVU400
 1335 0084 4FF48073 		mov	r3, #256
 1336 0088 A360     		str	r3, [r4, #8]
 1337              	.LVL98:
1200:Drivers/STM32F4xx_HAL_Driver/Src/stm32f4xx_hal_hcd.c ****     __HAL_HCD_UNMASK_HALT_HC_INT(ch_num);
ARM GAS  /tmp/ccsyczyn.s 			page 60


 1338              		.loc 1 1200 5 view .LVU401
1200:Drivers/STM32F4xx_HAL_Driver/Src/stm32f4xx_hal_hcd.c ****     __HAL_HCD_UNMASK_HALT_HC_INT(ch_num);
 1339              		.loc 1 1200 28 is_stmt 0 view .LVU402
 1340 008a 2C23     		movs	r3, #44
 1341 008c 03FB0103 		mla	r3, r3, r1, r0
 1342 0090 0722     		movs	r2, #7
 1343 0092 83F86120 		strb	r2, [r3, #97]
1201:Drivers/STM32F4xx_HAL_Driver/Src/stm32f4xx_hal_hcd.c ****     (void)USB_HC_Halt(hhcd->Instance, (uint8_t)ch_num);
 1344              		.loc 1 1201 5 is_stmt 1 view .LVU403
 1345 0096 E368     		ldr	r3, [r4, #12]
 1346 0098 43F00203 		orr	r3, r3, #2
 1347 009c E360     		str	r3, [r4, #12]
1202:Drivers/STM32F4xx_HAL_Driver/Src/stm32f4xx_hal_hcd.c ****   }
 1348              		.loc 1 1202 5 view .LVU404
1202:Drivers/STM32F4xx_HAL_Driver/Src/stm32f4xx_hal_hcd.c ****   }
 1349              		.loc 1 1202 11 is_stmt 0 view .LVU405
 1350 009e 0068     		ldr	r0, [r0]
 1351              	.LVL99:
1202:Drivers/STM32F4xx_HAL_Driver/Src/stm32f4xx_hal_hcd.c ****   }
 1352              		.loc 1 1202 11 view .LVU406
 1353 00a0 FFF7FEFF 		bl	USB_HC_Halt
 1354              	.LVL100:
1202:Drivers/STM32F4xx_HAL_Driver/Src/stm32f4xx_hal_hcd.c ****   }
 1355              		.loc 1 1202 11 view .LVU407
 1356 00a4 BEE7     		b	.L84
 1357              	.LVL101:
 1358              	.L86:
1208:Drivers/STM32F4xx_HAL_Driver/Src/stm32f4xx_hal_hcd.c ****   {
 1359              		.loc 1 1208 8 is_stmt 1 view .LVU408
1208:Drivers/STM32F4xx_HAL_Driver/Src/stm32f4xx_hal_hcd.c ****   {
 1360              		.loc 1 1208 28 is_stmt 0 view .LVU409
 1361 00a6 A368     		ldr	r3, [r4, #8]
1208:Drivers/STM32F4xx_HAL_Driver/Src/stm32f4xx_hal_hcd.c ****   {
 1362              		.loc 1 1208 11 view .LVU410
 1363 00a8 13F0080F 		tst	r3, #8
 1364 00ac 17D1     		bne	.L116
1216:Drivers/STM32F4xx_HAL_Driver/Src/stm32f4xx_hal_hcd.c ****   {
 1365              		.loc 1 1216 8 is_stmt 1 view .LVU411
1216:Drivers/STM32F4xx_HAL_Driver/Src/stm32f4xx_hal_hcd.c ****   {
 1366              		.loc 1 1216 28 is_stmt 0 view .LVU412
 1367 00ae A368     		ldr	r3, [r4, #8]
1216:Drivers/STM32F4xx_HAL_Driver/Src/stm32f4xx_hal_hcd.c ****   {
 1368              		.loc 1 1216 11 view .LVU413
 1369 00b0 13F4806F 		tst	r3, #1024
 1370 00b4 25D1     		bne	.L117
1224:Drivers/STM32F4xx_HAL_Driver/Src/stm32f4xx_hal_hcd.c ****   {
 1371              		.loc 1 1224 8 is_stmt 1 view .LVU414
1224:Drivers/STM32F4xx_HAL_Driver/Src/stm32f4xx_hal_hcd.c ****   {
 1372              		.loc 1 1224 28 is_stmt 0 view .LVU415
 1373 00b6 A368     		ldr	r3, [r4, #8]
1224:Drivers/STM32F4xx_HAL_Driver/Src/stm32f4xx_hal_hcd.c ****   {
 1374              		.loc 1 1224 11 view .LVU416
 1375 00b8 13F0800F 		tst	r3, #128
 1376 00bc B2D0     		beq	.L84
1226:Drivers/STM32F4xx_HAL_Driver/Src/stm32f4xx_hal_hcd.c ****     hhcd->hc[ch_num].state = HC_XACTERR;
 1377              		.loc 1 1226 5 is_stmt 1 view .LVU417
 1378 00be E368     		ldr	r3, [r4, #12]
ARM GAS  /tmp/ccsyczyn.s 			page 61


 1379 00c0 43F00203 		orr	r3, r3, #2
 1380 00c4 E360     		str	r3, [r4, #12]
 1381              	.LVL102:
1227:Drivers/STM32F4xx_HAL_Driver/Src/stm32f4xx_hal_hcd.c ****     (void)USB_HC_Halt(hhcd->Instance, (uint8_t)ch_num);
 1382              		.loc 1 1227 5 view .LVU418
1227:Drivers/STM32F4xx_HAL_Driver/Src/stm32f4xx_hal_hcd.c ****     (void)USB_HC_Halt(hhcd->Instance, (uint8_t)ch_num);
 1383              		.loc 1 1227 28 is_stmt 0 view .LVU419
 1384 00c6 2C23     		movs	r3, #44
 1385 00c8 03FB0103 		mla	r3, r3, r1, r0
 1386 00cc 0622     		movs	r2, #6
 1387 00ce 83F86120 		strb	r2, [r3, #97]
1228:Drivers/STM32F4xx_HAL_Driver/Src/stm32f4xx_hal_hcd.c ****     __HAL_HCD_CLEAR_HC_INT(ch_num, USB_OTG_HCINT_TXERR);
 1388              		.loc 1 1228 5 is_stmt 1 view .LVU420
1228:Drivers/STM32F4xx_HAL_Driver/Src/stm32f4xx_hal_hcd.c ****     __HAL_HCD_CLEAR_HC_INT(ch_num, USB_OTG_HCINT_TXERR);
 1389              		.loc 1 1228 11 is_stmt 0 view .LVU421
 1390 00d2 0068     		ldr	r0, [r0]
 1391              	.LVL103:
1228:Drivers/STM32F4xx_HAL_Driver/Src/stm32f4xx_hal_hcd.c ****     __HAL_HCD_CLEAR_HC_INT(ch_num, USB_OTG_HCINT_TXERR);
 1392              		.loc 1 1228 11 view .LVU422
 1393 00d4 FFF7FEFF 		bl	USB_HC_Halt
 1394              	.LVL104:
1229:Drivers/STM32F4xx_HAL_Driver/Src/stm32f4xx_hal_hcd.c ****   }
 1395              		.loc 1 1229 5 is_stmt 1 view .LVU423
 1396 00d8 8023     		movs	r3, #128
 1397 00da A360     		str	r3, [r4, #8]
 1398 00dc A2E7     		b	.L84
 1399              	.LVL105:
 1400              	.L116:
1210:Drivers/STM32F4xx_HAL_Driver/Src/stm32f4xx_hal_hcd.c ****     hhcd->hc[ch_num].state = HC_STALL;
 1401              		.loc 1 1210 5 view .LVU424
 1402 00de E368     		ldr	r3, [r4, #12]
 1403 00e0 43F00203 		orr	r3, r3, #2
 1404 00e4 E360     		str	r3, [r4, #12]
 1405              	.LVL106:
1211:Drivers/STM32F4xx_HAL_Driver/Src/stm32f4xx_hal_hcd.c ****     __HAL_HCD_CLEAR_HC_INT(ch_num, USB_OTG_HCINT_NAK);
 1406              		.loc 1 1211 5 view .LVU425
1211:Drivers/STM32F4xx_HAL_Driver/Src/stm32f4xx_hal_hcd.c ****     __HAL_HCD_CLEAR_HC_INT(ch_num, USB_OTG_HCINT_NAK);
 1407              		.loc 1 1211 28 is_stmt 0 view .LVU426
 1408 00e6 2C23     		movs	r3, #44
 1409 00e8 03FB0103 		mla	r3, r3, r1, r0
 1410 00ec 0522     		movs	r2, #5
 1411 00ee 83F86120 		strb	r2, [r3, #97]
1212:Drivers/STM32F4xx_HAL_Driver/Src/stm32f4xx_hal_hcd.c ****     __HAL_HCD_CLEAR_HC_INT(ch_num, USB_OTG_HCINT_STALL);
 1412              		.loc 1 1212 5 is_stmt 1 view .LVU427
 1413 00f2 1023     		movs	r3, #16
 1414 00f4 A360     		str	r3, [r4, #8]
1213:Drivers/STM32F4xx_HAL_Driver/Src/stm32f4xx_hal_hcd.c ****     (void)USB_HC_Halt(hhcd->Instance, (uint8_t)ch_num);
 1415              		.loc 1 1213 5 view .LVU428
 1416 00f6 0823     		movs	r3, #8
 1417 00f8 A360     		str	r3, [r4, #8]
1214:Drivers/STM32F4xx_HAL_Driver/Src/stm32f4xx_hal_hcd.c ****   }
 1418              		.loc 1 1214 5 view .LVU429
1214:Drivers/STM32F4xx_HAL_Driver/Src/stm32f4xx_hal_hcd.c ****   }
 1419              		.loc 1 1214 11 is_stmt 0 view .LVU430
 1420 00fa 0068     		ldr	r0, [r0]
 1421              	.LVL107:
1214:Drivers/STM32F4xx_HAL_Driver/Src/stm32f4xx_hal_hcd.c ****   }
ARM GAS  /tmp/ccsyczyn.s 			page 62


 1422              		.loc 1 1214 11 view .LVU431
 1423 00fc FFF7FEFF 		bl	USB_HC_Halt
 1424              	.LVL108:
1214:Drivers/STM32F4xx_HAL_Driver/Src/stm32f4xx_hal_hcd.c ****   }
 1425              		.loc 1 1214 11 view .LVU432
 1426 0100 90E7     		b	.L84
 1427              	.LVL109:
 1428              	.L117:
1218:Drivers/STM32F4xx_HAL_Driver/Src/stm32f4xx_hal_hcd.c ****     hhcd->hc[ch_num].state = HC_DATATGLERR;
 1429              		.loc 1 1218 5 is_stmt 1 view .LVU433
 1430 0102 E368     		ldr	r3, [r4, #12]
 1431 0104 43F00203 		orr	r3, r3, #2
 1432 0108 E360     		str	r3, [r4, #12]
 1433              	.LVL110:
1219:Drivers/STM32F4xx_HAL_Driver/Src/stm32f4xx_hal_hcd.c ****     __HAL_HCD_CLEAR_HC_INT(ch_num, USB_OTG_HCINT_NAK);
 1434              		.loc 1 1219 5 view .LVU434
1219:Drivers/STM32F4xx_HAL_Driver/Src/stm32f4xx_hal_hcd.c ****     __HAL_HCD_CLEAR_HC_INT(ch_num, USB_OTG_HCINT_NAK);
 1435              		.loc 1 1219 28 is_stmt 0 view .LVU435
 1436 010a 2C23     		movs	r3, #44
 1437 010c 03FB0103 		mla	r3, r3, r1, r0
 1438 0110 0822     		movs	r2, #8
 1439 0112 83F86120 		strb	r2, [r3, #97]
1220:Drivers/STM32F4xx_HAL_Driver/Src/stm32f4xx_hal_hcd.c ****     __HAL_HCD_CLEAR_HC_INT(ch_num, USB_OTG_HCINT_DTERR);
 1440              		.loc 1 1220 5 is_stmt 1 view .LVU436
 1441 0116 1023     		movs	r3, #16
 1442 0118 A360     		str	r3, [r4, #8]
1221:Drivers/STM32F4xx_HAL_Driver/Src/stm32f4xx_hal_hcd.c ****     (void)USB_HC_Halt(hhcd->Instance, (uint8_t)ch_num);
 1443              		.loc 1 1221 5 view .LVU437
 1444 011a 4FF48063 		mov	r3, #1024
 1445 011e A360     		str	r3, [r4, #8]
1222:Drivers/STM32F4xx_HAL_Driver/Src/stm32f4xx_hal_hcd.c ****   }
 1446              		.loc 1 1222 5 view .LVU438
1222:Drivers/STM32F4xx_HAL_Driver/Src/stm32f4xx_hal_hcd.c ****   }
 1447              		.loc 1 1222 11 is_stmt 0 view .LVU439
 1448 0120 0068     		ldr	r0, [r0]
 1449              	.LVL111:
1222:Drivers/STM32F4xx_HAL_Driver/Src/stm32f4xx_hal_hcd.c ****   }
 1450              		.loc 1 1222 11 view .LVU440
 1451 0122 FFF7FEFF 		bl	USB_HC_Halt
 1452              	.LVL112:
1222:Drivers/STM32F4xx_HAL_Driver/Src/stm32f4xx_hal_hcd.c ****   }
 1453              		.loc 1 1222 11 view .LVU441
 1454 0126 7DE7     		b	.L84
 1455              	.L114:
1238:Drivers/STM32F4xx_HAL_Driver/Src/stm32f4xx_hal_hcd.c ****     (void)USB_HC_Halt(hhcd->Instance, (uint8_t)ch_num);
 1456              		.loc 1 1238 5 is_stmt 1 view .LVU442
 1457 0128 E368     		ldr	r3, [r4, #12]
 1458 012a 43F00203 		orr	r3, r3, #2
 1459 012e E360     		str	r3, [r4, #12]
1239:Drivers/STM32F4xx_HAL_Driver/Src/stm32f4xx_hal_hcd.c ****     __HAL_HCD_CLEAR_HC_INT(ch_num, USB_OTG_HCINT_FRMOR);
 1460              		.loc 1 1239 5 view .LVU443
1239:Drivers/STM32F4xx_HAL_Driver/Src/stm32f4xx_hal_hcd.c ****     __HAL_HCD_CLEAR_HC_INT(ch_num, USB_OTG_HCINT_FRMOR);
 1461              		.loc 1 1239 11 is_stmt 0 view .LVU444
 1462 0130 3146     		mov	r1, r6
 1463 0132 2868     		ldr	r0, [r5]
 1464 0134 FFF7FEFF 		bl	USB_HC_Halt
 1465              	.LVL113:
ARM GAS  /tmp/ccsyczyn.s 			page 63


1240:Drivers/STM32F4xx_HAL_Driver/Src/stm32f4xx_hal_hcd.c ****   }
 1466              		.loc 1 1240 5 is_stmt 1 view .LVU445
 1467 0138 4FF40073 		mov	r3, #512
 1468 013c A360     		str	r3, [r4, #8]
 1469              	.L82:
1384:Drivers/STM32F4xx_HAL_Driver/Src/stm32f4xx_hal_hcd.c **** 
 1470              		.loc 1 1384 1 is_stmt 0 view .LVU446
 1471 013e F8BD     		pop	{r3, r4, r5, r6, r7, pc}
 1472              	.LVL114:
 1473              	.L96:
1257:Drivers/STM32F4xx_HAL_Driver/Src/stm32f4xx_hal_hcd.c ****       (void)USB_HC_Halt(hhcd->Instance, (uint8_t)ch_num);
 1474              		.loc 1 1257 7 is_stmt 1 view .LVU447
 1475 0140 E368     		ldr	r3, [r4, #12]
 1476 0142 43F00203 		orr	r3, r3, #2
 1477 0146 E360     		str	r3, [r4, #12]
1258:Drivers/STM32F4xx_HAL_Driver/Src/stm32f4xx_hal_hcd.c ****       __HAL_HCD_CLEAR_HC_INT(ch_num, USB_OTG_HCINT_NAK);
 1478              		.loc 1 1258 7 view .LVU448
1258:Drivers/STM32F4xx_HAL_Driver/Src/stm32f4xx_hal_hcd.c ****       __HAL_HCD_CLEAR_HC_INT(ch_num, USB_OTG_HCINT_NAK);
 1479              		.loc 1 1258 13 is_stmt 0 view .LVU449
 1480 0148 3146     		mov	r1, r6
 1481 014a 2868     		ldr	r0, [r5]
 1482 014c FFF7FEFF 		bl	USB_HC_Halt
 1483              	.LVL115:
1259:Drivers/STM32F4xx_HAL_Driver/Src/stm32f4xx_hal_hcd.c ****     }
 1484              		.loc 1 1259 7 is_stmt 1 view .LVU450
 1485 0150 1023     		movs	r3, #16
 1486 0152 A360     		str	r3, [r4, #8]
 1487              	.L93:
1286:Drivers/STM32F4xx_HAL_Driver/Src/stm32f4xx_hal_hcd.c **** 
 1488              		.loc 1 1286 5 view .LVU451
1288:Drivers/STM32F4xx_HAL_Driver/Src/stm32f4xx_hal_hcd.c ****     {
 1489              		.loc 1 1288 5 view .LVU452
1288:Drivers/STM32F4xx_HAL_Driver/Src/stm32f4xx_hal_hcd.c ****     {
 1490              		.loc 1 1288 19 is_stmt 0 view .LVU453
 1491 0154 2B69     		ldr	r3, [r5, #16]
1288:Drivers/STM32F4xx_HAL_Driver/Src/stm32f4xx_hal_hcd.c ****     {
 1492              		.loc 1 1288 8 view .LVU454
 1493 0156 012B     		cmp	r3, #1
 1494 0158 2AD0     		beq	.L118
1297:Drivers/STM32F4xx_HAL_Driver/Src/stm32f4xx_hal_hcd.c ****     }
 1495              		.loc 1 1297 7 is_stmt 1 view .LVU455
1297:Drivers/STM32F4xx_HAL_Driver/Src/stm32f4xx_hal_hcd.c ****     }
 1496              		.loc 1 1297 23 is_stmt 0 view .LVU456
 1497 015a 2C23     		movs	r3, #44
 1498 015c 03FB0653 		mla	r3, r3, r6, r5
 1499 0160 93F85420 		ldrb	r2, [r3, #84]	@ zero_extendqisi2
1297:Drivers/STM32F4xx_HAL_Driver/Src/stm32f4xx_hal_hcd.c ****     }
 1500              		.loc 1 1297 34 view .LVU457
 1501 0164 82F00102 		eor	r2, r2, #1
 1502 0168 83F85420 		strb	r2, [r3, #84]
 1503 016c E7E7     		b	.L82
 1504              	.L94:
1263:Drivers/STM32F4xx_HAL_Driver/Src/stm32f4xx_hal_hcd.c ****       hhcd->hc[ch_num].urb_state = URB_DONE;
 1505              		.loc 1 1263 7 is_stmt 1 view .LVU458
1263:Drivers/STM32F4xx_HAL_Driver/Src/stm32f4xx_hal_hcd.c ****       hhcd->hc[ch_num].urb_state = URB_DONE;
 1506              		.loc 1 1263 22 is_stmt 0 view .LVU459
 1507 016e D7F80035 		ldr	r3, [r7, #1280]
ARM GAS  /tmp/ccsyczyn.s 			page 64


1263:Drivers/STM32F4xx_HAL_Driver/Src/stm32f4xx_hal_hcd.c ****       hhcd->hc[ch_num].urb_state = URB_DONE;
 1508              		.loc 1 1263 31 view .LVU460
 1509 0172 43F00053 		orr	r3, r3, #536870912
 1510 0176 C7F80035 		str	r3, [r7, #1280]
1264:Drivers/STM32F4xx_HAL_Driver/Src/stm32f4xx_hal_hcd.c **** 
 1511              		.loc 1 1264 7 is_stmt 1 view .LVU461
1264:Drivers/STM32F4xx_HAL_Driver/Src/stm32f4xx_hal_hcd.c **** 
 1512              		.loc 1 1264 34 is_stmt 0 view .LVU462
 1513 017a 2C23     		movs	r3, #44
 1514 017c 03FB0653 		mla	r3, r3, r6, r5
 1515 0180 0122     		movs	r2, #1
 1516 0182 83F86020 		strb	r2, [r3, #96]
1269:Drivers/STM32F4xx_HAL_Driver/Src/stm32f4xx_hal_hcd.c **** #endif /* USE_HAL_HCD_REGISTER_CALLBACKS */
 1517              		.loc 1 1269 7 is_stmt 1 view .LVU463
 1518 0186 3146     		mov	r1, r6
 1519 0188 2846     		mov	r0, r5
 1520 018a FFF7FEFF 		bl	HAL_HCD_HC_NotifyURBChange_Callback
 1521              	.LVL116:
 1522 018e E1E7     		b	.L93
 1523              	.L97:
1274:Drivers/STM32F4xx_HAL_Driver/Src/stm32f4xx_hal_hcd.c ****       hhcd->hc[ch_num].toggle_in ^= 1U;
 1524              		.loc 1 1274 7 view .LVU464
1274:Drivers/STM32F4xx_HAL_Driver/Src/stm32f4xx_hal_hcd.c ****       hhcd->hc[ch_num].toggle_in ^= 1U;
 1525              		.loc 1 1274 34 is_stmt 0 view .LVU465
 1526 0190 2C23     		movs	r3, #44
 1527 0192 03FB0653 		mla	r3, r3, r6, r5
 1528 0196 0122     		movs	r2, #1
 1529 0198 83F86020 		strb	r2, [r3, #96]
1275:Drivers/STM32F4xx_HAL_Driver/Src/stm32f4xx_hal_hcd.c **** 
 1530              		.loc 1 1275 7 is_stmt 1 view .LVU466
1275:Drivers/STM32F4xx_HAL_Driver/Src/stm32f4xx_hal_hcd.c **** 
 1531              		.loc 1 1275 23 is_stmt 0 view .LVU467
 1532 019c 93F85410 		ldrb	r1, [r3, #84]	@ zero_extendqisi2
1275:Drivers/STM32F4xx_HAL_Driver/Src/stm32f4xx_hal_hcd.c **** 
 1533              		.loc 1 1275 34 view .LVU468
 1534 01a0 5140     		eors	r1, r1, r2
 1535 01a2 83F85410 		strb	r1, [r3, #84]
1280:Drivers/STM32F4xx_HAL_Driver/Src/stm32f4xx_hal_hcd.c **** #endif /* USE_HAL_HCD_REGISTER_CALLBACKS */
 1536              		.loc 1 1280 7 is_stmt 1 view .LVU469
 1537 01a6 3146     		mov	r1, r6
 1538 01a8 2846     		mov	r0, r5
 1539 01aa FFF7FEFF 		bl	HAL_HCD_HC_NotifyURBChange_Callback
 1540              	.LVL117:
 1541 01ae D1E7     		b	.L93
 1542              	.L118:
1290:Drivers/STM32F4xx_HAL_Driver/Src/stm32f4xx_hal_hcd.c ****       {
 1543              		.loc 1 1290 7 view .LVU470
1290:Drivers/STM32F4xx_HAL_Driver/Src/stm32f4xx_hal_hcd.c ****       {
 1544              		.loc 1 1290 29 is_stmt 0 view .LVU471
 1545 01b0 2C23     		movs	r3, #44
 1546 01b2 03FB0653 		mla	r3, r3, r6, r5
 1547 01b6 9A6C     		ldr	r2, [r3, #72]
1290:Drivers/STM32F4xx_HAL_Driver/Src/stm32f4xx_hal_hcd.c ****       {
 1548              		.loc 1 1290 57 view .LVU472
 1549 01b8 B3F84030 		ldrh	r3, [r3, #64]
1290:Drivers/STM32F4xx_HAL_Driver/Src/stm32f4xx_hal_hcd.c ****       {
 1550              		.loc 1 1290 39 view .LVU473
ARM GAS  /tmp/ccsyczyn.s 			page 65


 1551 01bc B2FBF3F3 		udiv	r3, r2, r3
1290:Drivers/STM32F4xx_HAL_Driver/Src/stm32f4xx_hal_hcd.c ****       {
 1552              		.loc 1 1290 10 view .LVU474
 1553 01c0 13F0010F 		tst	r3, #1
 1554 01c4 BBD0     		beq	.L82
1292:Drivers/STM32F4xx_HAL_Driver/Src/stm32f4xx_hal_hcd.c ****       }
 1555              		.loc 1 1292 9 is_stmt 1 view .LVU475
1292:Drivers/STM32F4xx_HAL_Driver/Src/stm32f4xx_hal_hcd.c ****       }
 1556              		.loc 1 1292 25 is_stmt 0 view .LVU476
 1557 01c6 2C23     		movs	r3, #44
 1558 01c8 03FB0653 		mla	r3, r3, r6, r5
 1559 01cc 93F85420 		ldrb	r2, [r3, #84]	@ zero_extendqisi2
1292:Drivers/STM32F4xx_HAL_Driver/Src/stm32f4xx_hal_hcd.c ****       }
 1560              		.loc 1 1292 36 view .LVU477
 1561 01d0 82F00102 		eor	r2, r2, #1
 1562 01d4 83F85420 		strb	r2, [r3, #84]
 1563 01d8 B1E7     		b	.L82
 1564              	.L91:
1300:Drivers/STM32F4xx_HAL_Driver/Src/stm32f4xx_hal_hcd.c ****   {
 1565              		.loc 1 1300 8 is_stmt 1 view .LVU478
1300:Drivers/STM32F4xx_HAL_Driver/Src/stm32f4xx_hal_hcd.c ****   {
 1566              		.loc 1 1300 28 is_stmt 0 view .LVU479
 1567 01da A368     		ldr	r3, [r4, #8]
1300:Drivers/STM32F4xx_HAL_Driver/Src/stm32f4xx_hal_hcd.c ****   {
 1568              		.loc 1 1300 11 view .LVU480
 1569 01dc 13F0020F 		tst	r3, #2
 1570 01e0 61D0     		beq	.L99
1302:Drivers/STM32F4xx_HAL_Driver/Src/stm32f4xx_hal_hcd.c **** 
 1571              		.loc 1 1302 5 is_stmt 1 view .LVU481
 1572 01e2 E368     		ldr	r3, [r4, #12]
 1573 01e4 23F00203 		bic	r3, r3, #2
 1574 01e8 E360     		str	r3, [r4, #12]
1304:Drivers/STM32F4xx_HAL_Driver/Src/stm32f4xx_hal_hcd.c ****     {
 1575              		.loc 1 1304 5 view .LVU482
1304:Drivers/STM32F4xx_HAL_Driver/Src/stm32f4xx_hal_hcd.c ****     {
 1576              		.loc 1 1304 25 is_stmt 0 view .LVU483
 1577 01ea 2C23     		movs	r3, #44
 1578 01ec 03FB0653 		mla	r3, r3, r6, r5
 1579 01f0 93F86130 		ldrb	r3, [r3, #97]	@ zero_extendqisi2
 1580 01f4 013B     		subs	r3, r3, #1
 1581 01f6 072B     		cmp	r3, #7
 1582 01f8 0BD8     		bhi	.L100
 1583 01fa DFE803F0 		tbb	[pc, r3]
 1584              	.L102:
 1585 01fe 04       		.byte	(.L106-.L102)/2
 1586 01ff 0A       		.byte	(.L100-.L102)/2
 1587 0200 3B       		.byte	(.L105-.L102)/2
 1588 0201 0A       		.byte	(.L100-.L102)/2
 1589 0202 16       		.byte	(.L104-.L102)/2
 1590 0203 1D       		.byte	(.L101-.L102)/2
 1591 0204 4A       		.byte	(.L103-.L102)/2
 1592 0205 1D       		.byte	(.L101-.L102)/2
 1593              		.p2align 1
 1594              	.L106:
1306:Drivers/STM32F4xx_HAL_Driver/Src/stm32f4xx_hal_hcd.c ****     }
 1595              		.loc 1 1306 7 is_stmt 1 view .LVU484
1306:Drivers/STM32F4xx_HAL_Driver/Src/stm32f4xx_hal_hcd.c ****     }
ARM GAS  /tmp/ccsyczyn.s 			page 66


 1596              		.loc 1 1306 34 is_stmt 0 view .LVU485
 1597 0206 2C23     		movs	r3, #44
 1598 0208 03FB0653 		mla	r3, r3, r6, r5
 1599 020c 0122     		movs	r2, #1
 1600 020e 83F86020 		strb	r2, [r3, #96]
 1601              	.L100:
1350:Drivers/STM32F4xx_HAL_Driver/Src/stm32f4xx_hal_hcd.c ****     __HAL_HCD_CLEAR_HC_INT(ch_num, USB_OTG_HCINT_CHH);
 1602              		.loc 1 1350 5 is_stmt 1 view .LVU486
1351:Drivers/STM32F4xx_HAL_Driver/Src/stm32f4xx_hal_hcd.c ****     HAL_HCD_HC_NotifyURBChange_Callback(hhcd, (uint8_t)ch_num, hhcd->hc[ch_num].urb_state);
 1603              		.loc 1 1351 5 view .LVU487
 1604 0212 0223     		movs	r3, #2
 1605 0214 A360     		str	r3, [r4, #8]
1352:Drivers/STM32F4xx_HAL_Driver/Src/stm32f4xx_hal_hcd.c ****   }
 1606              		.loc 1 1352 5 view .LVU488
 1607 0216 2C23     		movs	r3, #44
 1608 0218 03FB0653 		mla	r3, r3, r6, r5
 1609 021c 93F86020 		ldrb	r2, [r3, #96]	@ zero_extendqisi2
 1610 0220 3146     		mov	r1, r6
 1611 0222 2846     		mov	r0, r5
 1612 0224 FFF7FEFF 		bl	HAL_HCD_HC_NotifyURBChange_Callback
 1613              	.LVL118:
 1614 0228 89E7     		b	.L82
 1615              	.L104:
1310:Drivers/STM32F4xx_HAL_Driver/Src/stm32f4xx_hal_hcd.c ****     }
 1616              		.loc 1 1310 7 view .LVU489
1310:Drivers/STM32F4xx_HAL_Driver/Src/stm32f4xx_hal_hcd.c ****     }
 1617              		.loc 1 1310 34 is_stmt 0 view .LVU490
 1618 022a 2C23     		movs	r3, #44
 1619 022c 03FB0653 		mla	r3, r3, r6, r5
 1620 0230 0522     		movs	r2, #5
 1621 0232 83F86020 		strb	r2, [r3, #96]
 1622 0236 ECE7     		b	.L100
 1623              	.L101:
1315:Drivers/STM32F4xx_HAL_Driver/Src/stm32f4xx_hal_hcd.c ****       if (hhcd->hc[ch_num].ErrCnt > 2U)
 1624              		.loc 1 1315 7 is_stmt 1 view .LVU491
1315:Drivers/STM32F4xx_HAL_Driver/Src/stm32f4xx_hal_hcd.c ****       if (hhcd->hc[ch_num].ErrCnt > 2U)
 1625              		.loc 1 1315 23 is_stmt 0 view .LVU492
 1626 0238 2C22     		movs	r2, #44
 1627 023a 02FB0652 		mla	r2, r2, r6, r5
 1628 023e D36D     		ldr	r3, [r2, #92]
1315:Drivers/STM32F4xx_HAL_Driver/Src/stm32f4xx_hal_hcd.c ****       if (hhcd->hc[ch_num].ErrCnt > 2U)
 1629              		.loc 1 1315 30 view .LVU493
 1630 0240 0133     		adds	r3, r3, #1
 1631 0242 D365     		str	r3, [r2, #92]
1316:Drivers/STM32F4xx_HAL_Driver/Src/stm32f4xx_hal_hcd.c ****       {
 1632              		.loc 1 1316 7 is_stmt 1 view .LVU494
1316:Drivers/STM32F4xx_HAL_Driver/Src/stm32f4xx_hal_hcd.c ****       {
 1633              		.loc 1 1316 10 is_stmt 0 view .LVU495
 1634 0244 022B     		cmp	r3, #2
 1635 0246 06D9     		bls	.L107
1318:Drivers/STM32F4xx_HAL_Driver/Src/stm32f4xx_hal_hcd.c ****         hhcd->hc[ch_num].urb_state = URB_ERROR;
 1636              		.loc 1 1318 9 is_stmt 1 view .LVU496
1318:Drivers/STM32F4xx_HAL_Driver/Src/stm32f4xx_hal_hcd.c ****         hhcd->hc[ch_num].urb_state = URB_ERROR;
 1637              		.loc 1 1318 33 is_stmt 0 view .LVU497
 1638 0248 1346     		mov	r3, r2
 1639 024a 0022     		movs	r2, #0
 1640 024c DA65     		str	r2, [r3, #92]
ARM GAS  /tmp/ccsyczyn.s 			page 67


1319:Drivers/STM32F4xx_HAL_Driver/Src/stm32f4xx_hal_hcd.c ****       }
 1641              		.loc 1 1319 9 is_stmt 1 view .LVU498
1319:Drivers/STM32F4xx_HAL_Driver/Src/stm32f4xx_hal_hcd.c ****       }
 1642              		.loc 1 1319 36 is_stmt 0 view .LVU499
 1643 024e 0422     		movs	r2, #4
 1644 0250 83F86020 		strb	r2, [r3, #96]
 1645 0254 DDE7     		b	.L100
 1646              	.L107:
1323:Drivers/STM32F4xx_HAL_Driver/Src/stm32f4xx_hal_hcd.c **** 
 1647              		.loc 1 1323 9 is_stmt 1 view .LVU500
1323:Drivers/STM32F4xx_HAL_Driver/Src/stm32f4xx_hal_hcd.c **** 
 1648              		.loc 1 1323 36 is_stmt 0 view .LVU501
 1649 0256 2C23     		movs	r3, #44
 1650 0258 03FB0653 		mla	r3, r3, r6, r5
 1651 025c 0222     		movs	r2, #2
 1652 025e 83F86020 		strb	r2, [r3, #96]
1326:Drivers/STM32F4xx_HAL_Driver/Src/stm32f4xx_hal_hcd.c ****         tmpreg &= ~USB_OTG_HCCHAR_CHDIS;
 1653              		.loc 1 1326 9 is_stmt 1 view .LVU502
1326:Drivers/STM32F4xx_HAL_Driver/Src/stm32f4xx_hal_hcd.c ****         tmpreg &= ~USB_OTG_HCCHAR_CHDIS;
 1654              		.loc 1 1326 16 is_stmt 0 view .LVU503
 1655 0262 D7F80035 		ldr	r3, [r7, #1280]
 1656              	.LVL119:
1327:Drivers/STM32F4xx_HAL_Driver/Src/stm32f4xx_hal_hcd.c ****         tmpreg |= USB_OTG_HCCHAR_CHENA;
 1657              		.loc 1 1327 9 is_stmt 1 view .LVU504
1327:Drivers/STM32F4xx_HAL_Driver/Src/stm32f4xx_hal_hcd.c ****         tmpreg |= USB_OTG_HCCHAR_CHENA;
 1658              		.loc 1 1327 16 is_stmt 0 view .LVU505
 1659 0266 23F08043 		bic	r3, r3, #1073741824
 1660              	.LVL120:
1328:Drivers/STM32F4xx_HAL_Driver/Src/stm32f4xx_hal_hcd.c ****         USBx_HC(ch_num)->HCCHAR = tmpreg;
 1661              		.loc 1 1328 9 is_stmt 1 view .LVU506
1328:Drivers/STM32F4xx_HAL_Driver/Src/stm32f4xx_hal_hcd.c ****         USBx_HC(ch_num)->HCCHAR = tmpreg;
 1662              		.loc 1 1328 16 is_stmt 0 view .LVU507
 1663 026a 43F00043 		orr	r3, r3, #-2147483648
 1664              	.LVL121:
1329:Drivers/STM32F4xx_HAL_Driver/Src/stm32f4xx_hal_hcd.c ****       }
 1665              		.loc 1 1329 9 is_stmt 1 view .LVU508
1329:Drivers/STM32F4xx_HAL_Driver/Src/stm32f4xx_hal_hcd.c ****       }
 1666              		.loc 1 1329 33 is_stmt 0 view .LVU509
 1667 026e C7F80035 		str	r3, [r7, #1280]
 1668 0272 CEE7     		b	.L100
 1669              	.LVL122:
 1670              	.L105:
1334:Drivers/STM32F4xx_HAL_Driver/Src/stm32f4xx_hal_hcd.c **** 
 1671              		.loc 1 1334 7 is_stmt 1 view .LVU510
1334:Drivers/STM32F4xx_HAL_Driver/Src/stm32f4xx_hal_hcd.c **** 
 1672              		.loc 1 1334 35 is_stmt 0 view .LVU511
 1673 0274 2C23     		movs	r3, #44
 1674 0276 03FB0653 		mla	r3, r3, r6, r5
 1675 027a 0222     		movs	r2, #2
 1676 027c 83F86020 		strb	r2, [r3, #96]
1337:Drivers/STM32F4xx_HAL_Driver/Src/stm32f4xx_hal_hcd.c ****       tmpreg &= ~USB_OTG_HCCHAR_CHDIS;
 1677              		.loc 1 1337 7 is_stmt 1 view .LVU512
1337:Drivers/STM32F4xx_HAL_Driver/Src/stm32f4xx_hal_hcd.c ****       tmpreg &= ~USB_OTG_HCCHAR_CHDIS;
 1678              		.loc 1 1337 14 is_stmt 0 view .LVU513
 1679 0280 D7F80035 		ldr	r3, [r7, #1280]
 1680              	.LVL123:
1338:Drivers/STM32F4xx_HAL_Driver/Src/stm32f4xx_hal_hcd.c ****       tmpreg |= USB_OTG_HCCHAR_CHENA;
ARM GAS  /tmp/ccsyczyn.s 			page 68


 1681              		.loc 1 1338 7 is_stmt 1 view .LVU514
1338:Drivers/STM32F4xx_HAL_Driver/Src/stm32f4xx_hal_hcd.c ****       tmpreg |= USB_OTG_HCCHAR_CHENA;
 1682              		.loc 1 1338 14 is_stmt 0 view .LVU515
 1683 0284 23F08043 		bic	r3, r3, #1073741824
 1684              	.LVL124:
1339:Drivers/STM32F4xx_HAL_Driver/Src/stm32f4xx_hal_hcd.c ****       USBx_HC(ch_num)->HCCHAR = tmpreg;
 1685              		.loc 1 1339 7 is_stmt 1 view .LVU516
1339:Drivers/STM32F4xx_HAL_Driver/Src/stm32f4xx_hal_hcd.c ****       USBx_HC(ch_num)->HCCHAR = tmpreg;
 1686              		.loc 1 1339 14 is_stmt 0 view .LVU517
 1687 0288 43F00043 		orr	r3, r3, #-2147483648
 1688              	.LVL125:
1340:Drivers/STM32F4xx_HAL_Driver/Src/stm32f4xx_hal_hcd.c ****     }
 1689              		.loc 1 1340 7 is_stmt 1 view .LVU518
1340:Drivers/STM32F4xx_HAL_Driver/Src/stm32f4xx_hal_hcd.c ****     }
 1690              		.loc 1 1340 31 is_stmt 0 view .LVU519
 1691 028c C7F80035 		str	r3, [r7, #1280]
 1692 0290 BFE7     		b	.L100
 1693              	.LVL126:
 1694              	.L103:
1344:Drivers/STM32F4xx_HAL_Driver/Src/stm32f4xx_hal_hcd.c ****       hhcd->hc[ch_num].urb_state = URB_ERROR;
 1695              		.loc 1 1344 7 is_stmt 1 view .LVU520
1344:Drivers/STM32F4xx_HAL_Driver/Src/stm32f4xx_hal_hcd.c ****       hhcd->hc[ch_num].urb_state = URB_ERROR;
 1696              		.loc 1 1344 23 is_stmt 0 view .LVU521
 1697 0292 2C23     		movs	r3, #44
 1698 0294 03FB0653 		mla	r3, r3, r6, r5
 1699 0298 DA6D     		ldr	r2, [r3, #92]
1344:Drivers/STM32F4xx_HAL_Driver/Src/stm32f4xx_hal_hcd.c ****       hhcd->hc[ch_num].urb_state = URB_ERROR;
 1700              		.loc 1 1344 30 view .LVU522
 1701 029a 0132     		adds	r2, r2, #1
 1702 029c DA65     		str	r2, [r3, #92]
1345:Drivers/STM32F4xx_HAL_Driver/Src/stm32f4xx_hal_hcd.c ****     }
 1703              		.loc 1 1345 7 is_stmt 1 view .LVU523
1345:Drivers/STM32F4xx_HAL_Driver/Src/stm32f4xx_hal_hcd.c ****     }
 1704              		.loc 1 1345 34 is_stmt 0 view .LVU524
 1705 029e 0422     		movs	r2, #4
 1706 02a0 83F86020 		strb	r2, [r3, #96]
 1707 02a4 B5E7     		b	.L100
 1708              	.L99:
1354:Drivers/STM32F4xx_HAL_Driver/Src/stm32f4xx_hal_hcd.c ****   {
 1709              		.loc 1 1354 8 is_stmt 1 view .LVU525
1354:Drivers/STM32F4xx_HAL_Driver/Src/stm32f4xx_hal_hcd.c ****   {
 1710              		.loc 1 1354 28 is_stmt 0 view .LVU526
 1711 02a6 A368     		ldr	r3, [r4, #8]
1354:Drivers/STM32F4xx_HAL_Driver/Src/stm32f4xx_hal_hcd.c ****   {
 1712              		.loc 1 1354 11 view .LVU527
 1713 02a8 13F0100F 		tst	r3, #16
 1714 02ac 3FF447AF 		beq	.L82
1356:Drivers/STM32F4xx_HAL_Driver/Src/stm32f4xx_hal_hcd.c ****     {
 1715              		.loc 1 1356 5 is_stmt 1 view .LVU528
1356:Drivers/STM32F4xx_HAL_Driver/Src/stm32f4xx_hal_hcd.c ****     {
 1716              		.loc 1 1356 25 is_stmt 0 view .LVU529
 1717 02b0 2C23     		movs	r3, #44
 1718 02b2 03FB0653 		mla	r3, r3, r6, r5
 1719 02b6 93F83F30 		ldrb	r3, [r3, #63]	@ zero_extendqisi2
1356:Drivers/STM32F4xx_HAL_Driver/Src/stm32f4xx_hal_hcd.c ****     {
 1720              		.loc 1 1356 8 view .LVU530
 1721 02ba 032B     		cmp	r3, #3
ARM GAS  /tmp/ccsyczyn.s 			page 69


 1722 02bc 0CD0     		beq	.L119
1362:Drivers/STM32F4xx_HAL_Driver/Src/stm32f4xx_hal_hcd.c ****              (hhcd->hc[ch_num].ep_type == EP_TYPE_BULK))
 1723              		.loc 1 1362 10 is_stmt 1 view .LVU531
1362:Drivers/STM32F4xx_HAL_Driver/Src/stm32f4xx_hal_hcd.c ****              (hhcd->hc[ch_num].ep_type == EP_TYPE_BULK))
 1724              		.loc 1 1362 13 is_stmt 0 view .LVU532
 1725 02be 0BB1     		cbz	r3, .L110
1362:Drivers/STM32F4xx_HAL_Driver/Src/stm32f4xx_hal_hcd.c ****              (hhcd->hc[ch_num].ep_type == EP_TYPE_BULK))
 1726              		.loc 1 1362 57 discriminator 1 view .LVU533
 1727 02c0 022B     		cmp	r3, #2
 1728 02c2 06D1     		bne	.L109
 1729              	.L110:
1365:Drivers/STM32F4xx_HAL_Driver/Src/stm32f4xx_hal_hcd.c **** 
 1730              		.loc 1 1365 7 is_stmt 1 view .LVU534
1365:Drivers/STM32F4xx_HAL_Driver/Src/stm32f4xx_hal_hcd.c **** 
 1731              		.loc 1 1365 31 is_stmt 0 view .LVU535
 1732 02c4 2C23     		movs	r3, #44
 1733 02c6 03FB0653 		mla	r3, r3, r6, r5
 1734 02ca 0022     		movs	r2, #0
 1735 02cc DA65     		str	r2, [r3, #92]
1367:Drivers/STM32F4xx_HAL_Driver/Src/stm32f4xx_hal_hcd.c ****       {
 1736              		.loc 1 1367 7 is_stmt 1 view .LVU536
1367:Drivers/STM32F4xx_HAL_Driver/Src/stm32f4xx_hal_hcd.c ****       {
 1737              		.loc 1 1367 21 is_stmt 0 view .LVU537
 1738 02ce 2B69     		ldr	r3, [r5, #16]
1367:Drivers/STM32F4xx_HAL_Driver/Src/stm32f4xx_hal_hcd.c ****       {
 1739              		.loc 1 1367 10 view .LVU538
 1740 02d0 83B1     		cbz	r3, .L120
 1741              	.L109:
1378:Drivers/STM32F4xx_HAL_Driver/Src/stm32f4xx_hal_hcd.c ****   }
 1742              		.loc 1 1378 5 is_stmt 1 view .LVU539
 1743 02d2 1023     		movs	r3, #16
 1744 02d4 A360     		str	r3, [r4, #8]
1383:Drivers/STM32F4xx_HAL_Driver/Src/stm32f4xx_hal_hcd.c **** }
 1745              		.loc 1 1383 3 view .LVU540
1384:Drivers/STM32F4xx_HAL_Driver/Src/stm32f4xx_hal_hcd.c **** 
 1746              		.loc 1 1384 1 is_stmt 0 view .LVU541
 1747 02d6 32E7     		b	.L82
 1748              	.L119:
1358:Drivers/STM32F4xx_HAL_Driver/Src/stm32f4xx_hal_hcd.c ****       __HAL_HCD_UNMASK_HALT_HC_INT(ch_num);
 1749              		.loc 1 1358 7 is_stmt 1 view .LVU542
1358:Drivers/STM32F4xx_HAL_Driver/Src/stm32f4xx_hal_hcd.c ****       __HAL_HCD_UNMASK_HALT_HC_INT(ch_num);
 1750              		.loc 1 1358 31 is_stmt 0 view .LVU543
 1751 02d8 2C23     		movs	r3, #44
 1752 02da 03FB0653 		mla	r3, r3, r6, r5
 1753 02de 0022     		movs	r2, #0
 1754 02e0 DA65     		str	r2, [r3, #92]
1359:Drivers/STM32F4xx_HAL_Driver/Src/stm32f4xx_hal_hcd.c ****       (void)USB_HC_Halt(hhcd->Instance, (uint8_t)ch_num);
 1755              		.loc 1 1359 7 is_stmt 1 view .LVU544
 1756 02e2 E368     		ldr	r3, [r4, #12]
 1757 02e4 43F00203 		orr	r3, r3, #2
 1758 02e8 E360     		str	r3, [r4, #12]
1360:Drivers/STM32F4xx_HAL_Driver/Src/stm32f4xx_hal_hcd.c ****     }
 1759              		.loc 1 1360 7 view .LVU545
1360:Drivers/STM32F4xx_HAL_Driver/Src/stm32f4xx_hal_hcd.c ****     }
 1760              		.loc 1 1360 13 is_stmt 0 view .LVU546
 1761 02ea 3146     		mov	r1, r6
 1762 02ec 2868     		ldr	r0, [r5]
ARM GAS  /tmp/ccsyczyn.s 			page 70


 1763 02ee FFF7FEFF 		bl	USB_HC_Halt
 1764              	.LVL127:
 1765 02f2 EEE7     		b	.L109
 1766              	.L120:
1369:Drivers/STM32F4xx_HAL_Driver/Src/stm32f4xx_hal_hcd.c ****         __HAL_HCD_UNMASK_HALT_HC_INT(ch_num);
 1767              		.loc 1 1369 9 is_stmt 1 view .LVU547
1369:Drivers/STM32F4xx_HAL_Driver/Src/stm32f4xx_hal_hcd.c ****         __HAL_HCD_UNMASK_HALT_HC_INT(ch_num);
 1768              		.loc 1 1369 32 is_stmt 0 view .LVU548
 1769 02f4 2C23     		movs	r3, #44
 1770 02f6 03FB0653 		mla	r3, r3, r6, r5
 1771 02fa 0322     		movs	r2, #3
 1772 02fc 83F86120 		strb	r2, [r3, #97]
1370:Drivers/STM32F4xx_HAL_Driver/Src/stm32f4xx_hal_hcd.c ****         (void)USB_HC_Halt(hhcd->Instance, (uint8_t)ch_num);
 1773              		.loc 1 1370 9 is_stmt 1 view .LVU549
 1774 0300 E368     		ldr	r3, [r4, #12]
 1775 0302 43F00203 		orr	r3, r3, #2
 1776 0306 E360     		str	r3, [r4, #12]
1371:Drivers/STM32F4xx_HAL_Driver/Src/stm32f4xx_hal_hcd.c ****       }
 1777              		.loc 1 1371 9 view .LVU550
1371:Drivers/STM32F4xx_HAL_Driver/Src/stm32f4xx_hal_hcd.c ****       }
 1778              		.loc 1 1371 15 is_stmt 0 view .LVU551
 1779 0308 3146     		mov	r1, r6
 1780 030a 2868     		ldr	r0, [r5]
 1781 030c FFF7FEFF 		bl	USB_HC_Halt
 1782              	.LVL128:
 1783 0310 DFE7     		b	.L109
 1784              		.cfi_endproc
 1785              	.LFE240:
 1787              		.section	.text.HCD_HC_OUT_IRQHandler,"ax",%progbits
 1788              		.align	1
 1789              		.syntax unified
 1790              		.thumb
 1791              		.thumb_func
 1793              	HCD_HC_OUT_IRQHandler:
 1794              	.LVL129:
 1795              	.LFB241:
1394:Drivers/STM32F4xx_HAL_Driver/Src/stm32f4xx_hal_hcd.c ****   USB_OTG_GlobalTypeDef *USBx = hhcd->Instance;
 1796              		.loc 1 1394 1 is_stmt 1 view -0
 1797              		.cfi_startproc
 1798              		@ args = 0, pretend = 0, frame = 0
 1799              		@ frame_needed = 0, uses_anonymous_args = 0
1394:Drivers/STM32F4xx_HAL_Driver/Src/stm32f4xx_hal_hcd.c ****   USB_OTG_GlobalTypeDef *USBx = hhcd->Instance;
 1800              		.loc 1 1394 1 is_stmt 0 view .LVU553
 1801 0000 70B5     		push	{r4, r5, r6, lr}
 1802              		.cfi_def_cfa_offset 16
 1803              		.cfi_offset 4, -16
 1804              		.cfi_offset 5, -12
 1805              		.cfi_offset 6, -8
 1806              		.cfi_offset 14, -4
1395:Drivers/STM32F4xx_HAL_Driver/Src/stm32f4xx_hal_hcd.c ****   uint32_t USBx_BASE = (uint32_t)USBx;
 1807              		.loc 1 1395 3 is_stmt 1 view .LVU554
1395:Drivers/STM32F4xx_HAL_Driver/Src/stm32f4xx_hal_hcd.c ****   uint32_t USBx_BASE = (uint32_t)USBx;
 1808              		.loc 1 1395 26 is_stmt 0 view .LVU555
 1809 0002 0368     		ldr	r3, [r0]
 1810              	.LVL130:
1396:Drivers/STM32F4xx_HAL_Driver/Src/stm32f4xx_hal_hcd.c ****   uint32_t ch_num = (uint32_t)chnum;
 1811              		.loc 1 1396 3 is_stmt 1 view .LVU556
ARM GAS  /tmp/ccsyczyn.s 			page 71


1397:Drivers/STM32F4xx_HAL_Driver/Src/stm32f4xx_hal_hcd.c ****   uint32_t tmpreg;
 1812              		.loc 1 1397 3 view .LVU557
1398:Drivers/STM32F4xx_HAL_Driver/Src/stm32f4xx_hal_hcd.c ****   uint32_t num_packets;
 1813              		.loc 1 1398 3 view .LVU558
1399:Drivers/STM32F4xx_HAL_Driver/Src/stm32f4xx_hal_hcd.c **** 
 1814              		.loc 1 1399 3 view .LVU559
1401:Drivers/STM32F4xx_HAL_Driver/Src/stm32f4xx_hal_hcd.c ****   {
 1815              		.loc 1 1401 3 view .LVU560
1401:Drivers/STM32F4xx_HAL_Driver/Src/stm32f4xx_hal_hcd.c ****   {
 1816              		.loc 1 1401 8 is_stmt 0 view .LVU561
 1817 0004 03EB4113 		add	r3, r3, r1, lsl #5
 1818              	.LVL131:
1401:Drivers/STM32F4xx_HAL_Driver/Src/stm32f4xx_hal_hcd.c ****   {
 1819              		.loc 1 1401 8 view .LVU562
 1820 0008 03F5A064 		add	r4, r3, #1280
1401:Drivers/STM32F4xx_HAL_Driver/Src/stm32f4xx_hal_hcd.c ****   {
 1821              		.loc 1 1401 23 view .LVU563
 1822 000c A268     		ldr	r2, [r4, #8]
1401:Drivers/STM32F4xx_HAL_Driver/Src/stm32f4xx_hal_hcd.c ****   {
 1823              		.loc 1 1401 6 view .LVU564
 1824 000e 12F0040F 		tst	r2, #4
 1825 0012 06D0     		beq	.L122
1403:Drivers/STM32F4xx_HAL_Driver/Src/stm32f4xx_hal_hcd.c ****     __HAL_HCD_UNMASK_HALT_HC_INT(ch_num);
 1826              		.loc 1 1403 5 is_stmt 1 view .LVU565
 1827 0014 0423     		movs	r3, #4
 1828 0016 A360     		str	r3, [r4, #8]
 1829              	.LVL132:
1404:Drivers/STM32F4xx_HAL_Driver/Src/stm32f4xx_hal_hcd.c ****   }
 1830              		.loc 1 1404 5 view .LVU566
 1831 0018 E368     		ldr	r3, [r4, #12]
 1832 001a 43F00203 		orr	r3, r3, #2
 1833 001e E360     		str	r3, [r4, #12]
 1834              	.LVL133:
 1835              	.L121:
1575:Drivers/STM32F4xx_HAL_Driver/Src/stm32f4xx_hal_hcd.c **** 
 1836              		.loc 1 1575 1 is_stmt 0 view .LVU567
 1837 0020 70BD     		pop	{r4, r5, r6, pc}
 1838              	.LVL134:
 1839              	.L122:
1575:Drivers/STM32F4xx_HAL_Driver/Src/stm32f4xx_hal_hcd.c **** 
 1840              		.loc 1 1575 1 view .LVU568
 1841 0022 0546     		mov	r5, r0
 1842 0024 0E46     		mov	r6, r1
1406:Drivers/STM32F4xx_HAL_Driver/Src/stm32f4xx_hal_hcd.c ****   {
 1843              		.loc 1 1406 8 is_stmt 1 view .LVU569
1406:Drivers/STM32F4xx_HAL_Driver/Src/stm32f4xx_hal_hcd.c ****   {
 1844              		.loc 1 1406 28 is_stmt 0 view .LVU570
 1845 0026 A268     		ldr	r2, [r4, #8]
1406:Drivers/STM32F4xx_HAL_Driver/Src/stm32f4xx_hal_hcd.c ****   {
 1846              		.loc 1 1406 11 view .LVU571
 1847 0028 12F0200F 		tst	r2, #32
 1848 002c 18D0     		beq	.L124
1408:Drivers/STM32F4xx_HAL_Driver/Src/stm32f4xx_hal_hcd.c **** 
 1849              		.loc 1 1408 5 is_stmt 1 view .LVU572
 1850 002e 2023     		movs	r3, #32
 1851 0030 A360     		str	r3, [r4, #8]
 1852              	.LVL135:
ARM GAS  /tmp/ccsyczyn.s 			page 72


1410:Drivers/STM32F4xx_HAL_Driver/Src/stm32f4xx_hal_hcd.c ****     {
 1853              		.loc 1 1410 5 view .LVU573
1410:Drivers/STM32F4xx_HAL_Driver/Src/stm32f4xx_hal_hcd.c ****     {
 1854              		.loc 1 1410 25 is_stmt 0 view .LVU574
 1855 0032 2C23     		movs	r3, #44
 1856 0034 03FB0103 		mla	r3, r3, r1, r0
 1857 0038 93F83D30 		ldrb	r3, [r3, #61]	@ zero_extendqisi2
1410:Drivers/STM32F4xx_HAL_Driver/Src/stm32f4xx_hal_hcd.c ****     {
 1858              		.loc 1 1410 8 view .LVU575
 1859 003c 012B     		cmp	r3, #1
 1860 003e EFD1     		bne	.L121
1412:Drivers/STM32F4xx_HAL_Driver/Src/stm32f4xx_hal_hcd.c ****       hhcd->hc[ch_num].urb_state  = URB_NOTREADY;
 1861              		.loc 1 1412 7 is_stmt 1 view .LVU576
1412:Drivers/STM32F4xx_HAL_Driver/Src/stm32f4xx_hal_hcd.c ****       hhcd->hc[ch_num].urb_state  = URB_NOTREADY;
 1862              		.loc 1 1412 32 is_stmt 0 view .LVU577
 1863 0040 2C23     		movs	r3, #44
 1864 0042 03FB0103 		mla	r3, r3, r1, r0
 1865 0046 0022     		movs	r2, #0
 1866 0048 83F83D20 		strb	r2, [r3, #61]
1413:Drivers/STM32F4xx_HAL_Driver/Src/stm32f4xx_hal_hcd.c ****       __HAL_HCD_UNMASK_HALT_HC_INT(ch_num);
 1867              		.loc 1 1413 7 is_stmt 1 view .LVU578
1413:Drivers/STM32F4xx_HAL_Driver/Src/stm32f4xx_hal_hcd.c ****       __HAL_HCD_UNMASK_HALT_HC_INT(ch_num);
 1868              		.loc 1 1413 35 is_stmt 0 view .LVU579
 1869 004c 0222     		movs	r2, #2
 1870 004e 83F86020 		strb	r2, [r3, #96]
1414:Drivers/STM32F4xx_HAL_Driver/Src/stm32f4xx_hal_hcd.c ****       (void)USB_HC_Halt(hhcd->Instance, (uint8_t)ch_num);
 1871              		.loc 1 1414 7 is_stmt 1 view .LVU580
 1872 0052 E368     		ldr	r3, [r4, #12]
 1873 0054 1343     		orrs	r3, r3, r2
 1874 0056 E360     		str	r3, [r4, #12]
1415:Drivers/STM32F4xx_HAL_Driver/Src/stm32f4xx_hal_hcd.c ****     }
 1875              		.loc 1 1415 7 view .LVU581
1415:Drivers/STM32F4xx_HAL_Driver/Src/stm32f4xx_hal_hcd.c ****     }
 1876              		.loc 1 1415 13 is_stmt 0 view .LVU582
 1877 0058 0068     		ldr	r0, [r0]
 1878              	.LVL136:
1415:Drivers/STM32F4xx_HAL_Driver/Src/stm32f4xx_hal_hcd.c ****     }
 1879              		.loc 1 1415 13 view .LVU583
 1880 005a FFF7FEFF 		bl	USB_HC_Halt
 1881              	.LVL137:
1415:Drivers/STM32F4xx_HAL_Driver/Src/stm32f4xx_hal_hcd.c ****     }
 1882              		.loc 1 1415 13 view .LVU584
 1883 005e DFE7     		b	.L121
 1884              	.LVL138:
 1885              	.L124:
1418:Drivers/STM32F4xx_HAL_Driver/Src/stm32f4xx_hal_hcd.c ****   {
 1886              		.loc 1 1418 8 is_stmt 1 view .LVU585
1418:Drivers/STM32F4xx_HAL_Driver/Src/stm32f4xx_hal_hcd.c ****   {
 1887              		.loc 1 1418 28 is_stmt 0 view .LVU586
 1888 0060 A268     		ldr	r2, [r4, #8]
1418:Drivers/STM32F4xx_HAL_Driver/Src/stm32f4xx_hal_hcd.c ****   {
 1889              		.loc 1 1418 11 view .LVU587
 1890 0062 12F4007F 		tst	r2, #512
 1891 0066 24D1     		bne	.L148
1424:Drivers/STM32F4xx_HAL_Driver/Src/stm32f4xx_hal_hcd.c ****   {
 1892              		.loc 1 1424 8 is_stmt 1 view .LVU588
1424:Drivers/STM32F4xx_HAL_Driver/Src/stm32f4xx_hal_hcd.c ****   {
ARM GAS  /tmp/ccsyczyn.s 			page 73


 1893              		.loc 1 1424 28 is_stmt 0 view .LVU589
 1894 0068 A268     		ldr	r2, [r4, #8]
1424:Drivers/STM32F4xx_HAL_Driver/Src/stm32f4xx_hal_hcd.c ****   {
 1895              		.loc 1 1424 11 view .LVU590
 1896 006a 12F0010F 		tst	r2, #1
 1897 006e 2BD0     		beq	.L126
1426:Drivers/STM32F4xx_HAL_Driver/Src/stm32f4xx_hal_hcd.c **** 
 1898              		.loc 1 1426 5 is_stmt 1 view .LVU591
1426:Drivers/STM32F4xx_HAL_Driver/Src/stm32f4xx_hal_hcd.c **** 
 1899              		.loc 1 1426 29 is_stmt 0 view .LVU592
 1900 0070 2C23     		movs	r3, #44
 1901 0072 03FB0103 		mla	r3, r3, r1, r0
 1902 0076 0022     		movs	r2, #0
 1903 0078 DA65     		str	r2, [r3, #92]
 1904              	.LVL139:
1429:Drivers/STM32F4xx_HAL_Driver/Src/stm32f4xx_hal_hcd.c ****     {
 1905              		.loc 1 1429 5 is_stmt 1 view .LVU593
1429:Drivers/STM32F4xx_HAL_Driver/Src/stm32f4xx_hal_hcd.c ****     {
 1906              		.loc 1 1429 25 is_stmt 0 view .LVU594
 1907 007a A368     		ldr	r3, [r4, #8]
1429:Drivers/STM32F4xx_HAL_Driver/Src/stm32f4xx_hal_hcd.c ****     {
 1908              		.loc 1 1429 8 view .LVU595
 1909 007c 13F0400F 		tst	r3, #64
 1910 0080 07D0     		beq	.L127
1431:Drivers/STM32F4xx_HAL_Driver/Src/stm32f4xx_hal_hcd.c ****       __HAL_HCD_CLEAR_HC_INT(ch_num, USB_OTG_HCINT_NYET);
 1911              		.loc 1 1431 7 is_stmt 1 view .LVU596
1431:Drivers/STM32F4xx_HAL_Driver/Src/stm32f4xx_hal_hcd.c ****       __HAL_HCD_CLEAR_HC_INT(ch_num, USB_OTG_HCINT_NYET);
 1912              		.loc 1 1431 32 is_stmt 0 view .LVU597
 1913 0082 2C23     		movs	r3, #44
 1914 0084 03FB0103 		mla	r3, r3, r1, r0
 1915 0088 0122     		movs	r2, #1
 1916 008a 83F83D20 		strb	r2, [r3, #61]
1432:Drivers/STM32F4xx_HAL_Driver/Src/stm32f4xx_hal_hcd.c ****     }
 1917              		.loc 1 1432 7 is_stmt 1 view .LVU598
 1918 008e 4023     		movs	r3, #64
 1919 0090 A360     		str	r3, [r4, #8]
 1920              	.L127:
1434:Drivers/STM32F4xx_HAL_Driver/Src/stm32f4xx_hal_hcd.c ****     (void)USB_HC_Halt(hhcd->Instance, (uint8_t)ch_num);
 1921              		.loc 1 1434 5 view .LVU599
 1922 0092 E368     		ldr	r3, [r4, #12]
 1923 0094 43F00203 		orr	r3, r3, #2
 1924 0098 E360     		str	r3, [r4, #12]
1435:Drivers/STM32F4xx_HAL_Driver/Src/stm32f4xx_hal_hcd.c ****     __HAL_HCD_CLEAR_HC_INT(ch_num, USB_OTG_HCINT_XFRC);
 1925              		.loc 1 1435 5 view .LVU600
1435:Drivers/STM32F4xx_HAL_Driver/Src/stm32f4xx_hal_hcd.c ****     __HAL_HCD_CLEAR_HC_INT(ch_num, USB_OTG_HCINT_XFRC);
 1926              		.loc 1 1435 11 is_stmt 0 view .LVU601
 1927 009a 3146     		mov	r1, r6
 1928              	.LVL140:
1435:Drivers/STM32F4xx_HAL_Driver/Src/stm32f4xx_hal_hcd.c ****     __HAL_HCD_CLEAR_HC_INT(ch_num, USB_OTG_HCINT_XFRC);
 1929              		.loc 1 1435 11 view .LVU602
 1930 009c 2868     		ldr	r0, [r5]
 1931              	.LVL141:
1435:Drivers/STM32F4xx_HAL_Driver/Src/stm32f4xx_hal_hcd.c ****     __HAL_HCD_CLEAR_HC_INT(ch_num, USB_OTG_HCINT_XFRC);
 1932              		.loc 1 1435 11 view .LVU603
 1933 009e FFF7FEFF 		bl	USB_HC_Halt
 1934              	.LVL142:
1436:Drivers/STM32F4xx_HAL_Driver/Src/stm32f4xx_hal_hcd.c ****     hhcd->hc[ch_num].state = HC_XFRC;
ARM GAS  /tmp/ccsyczyn.s 			page 74


 1935              		.loc 1 1436 5 is_stmt 1 view .LVU604
 1936 00a2 0122     		movs	r2, #1
 1937 00a4 A260     		str	r2, [r4, #8]
1437:Drivers/STM32F4xx_HAL_Driver/Src/stm32f4xx_hal_hcd.c ****   }
 1938              		.loc 1 1437 5 view .LVU605
1437:Drivers/STM32F4xx_HAL_Driver/Src/stm32f4xx_hal_hcd.c ****   }
 1939              		.loc 1 1437 28 is_stmt 0 view .LVU606
 1940 00a6 2C23     		movs	r3, #44
 1941 00a8 03FB0653 		mla	r3, r3, r6, r5
 1942 00ac 83F86120 		strb	r2, [r3, #97]
 1943 00b0 B6E7     		b	.L121
 1944              	.LVL143:
 1945              	.L148:
1420:Drivers/STM32F4xx_HAL_Driver/Src/stm32f4xx_hal_hcd.c ****     (void)USB_HC_Halt(hhcd->Instance, (uint8_t)ch_num);
 1946              		.loc 1 1420 5 is_stmt 1 view .LVU607
 1947 00b2 E368     		ldr	r3, [r4, #12]
 1948 00b4 43F00203 		orr	r3, r3, #2
 1949 00b8 E360     		str	r3, [r4, #12]
 1950              	.LVL144:
1421:Drivers/STM32F4xx_HAL_Driver/Src/stm32f4xx_hal_hcd.c ****     __HAL_HCD_CLEAR_HC_INT(ch_num, USB_OTG_HCINT_FRMOR);
 1951              		.loc 1 1421 5 view .LVU608
1421:Drivers/STM32F4xx_HAL_Driver/Src/stm32f4xx_hal_hcd.c ****     __HAL_HCD_CLEAR_HC_INT(ch_num, USB_OTG_HCINT_FRMOR);
 1952              		.loc 1 1421 11 is_stmt 0 view .LVU609
 1953 00ba 0068     		ldr	r0, [r0]
 1954              	.LVL145:
1421:Drivers/STM32F4xx_HAL_Driver/Src/stm32f4xx_hal_hcd.c ****     __HAL_HCD_CLEAR_HC_INT(ch_num, USB_OTG_HCINT_FRMOR);
 1955              		.loc 1 1421 11 view .LVU610
 1956 00bc FFF7FEFF 		bl	USB_HC_Halt
 1957              	.LVL146:
1422:Drivers/STM32F4xx_HAL_Driver/Src/stm32f4xx_hal_hcd.c ****   }
 1958              		.loc 1 1422 5 is_stmt 1 view .LVU611
 1959 00c0 4FF40073 		mov	r3, #512
 1960 00c4 A360     		str	r3, [r4, #8]
 1961 00c6 ABE7     		b	.L121
 1962              	.LVL147:
 1963              	.L126:
1439:Drivers/STM32F4xx_HAL_Driver/Src/stm32f4xx_hal_hcd.c ****   {
 1964              		.loc 1 1439 8 view .LVU612
1439:Drivers/STM32F4xx_HAL_Driver/Src/stm32f4xx_hal_hcd.c ****   {
 1965              		.loc 1 1439 28 is_stmt 0 view .LVU613
 1966 00c8 A268     		ldr	r2, [r4, #8]
1439:Drivers/STM32F4xx_HAL_Driver/Src/stm32f4xx_hal_hcd.c ****   {
 1967              		.loc 1 1439 11 view .LVU614
 1968 00ca 12F0400F 		tst	r2, #64
 1969 00ce 29D1     		bne	.L149
1448:Drivers/STM32F4xx_HAL_Driver/Src/stm32f4xx_hal_hcd.c ****   {
 1970              		.loc 1 1448 8 is_stmt 1 view .LVU615
1448:Drivers/STM32F4xx_HAL_Driver/Src/stm32f4xx_hal_hcd.c ****   {
 1971              		.loc 1 1448 28 is_stmt 0 view .LVU616
 1972 00d0 A268     		ldr	r2, [r4, #8]
1448:Drivers/STM32F4xx_HAL_Driver/Src/stm32f4xx_hal_hcd.c ****   {
 1973              		.loc 1 1448 11 view .LVU617
 1974 00d2 12F0080F 		tst	r2, #8
 1975 00d6 3AD1     		bne	.L150
1455:Drivers/STM32F4xx_HAL_Driver/Src/stm32f4xx_hal_hcd.c ****   {
 1976              		.loc 1 1455 8 is_stmt 1 view .LVU618
1455:Drivers/STM32F4xx_HAL_Driver/Src/stm32f4xx_hal_hcd.c ****   {
ARM GAS  /tmp/ccsyczyn.s 			page 75


 1977              		.loc 1 1455 28 is_stmt 0 view .LVU619
 1978 00d8 A268     		ldr	r2, [r4, #8]
1455:Drivers/STM32F4xx_HAL_Driver/Src/stm32f4xx_hal_hcd.c ****   {
 1979              		.loc 1 1455 11 view .LVU620
 1980 00da 12F0100F 		tst	r2, #16
 1981 00de 46D0     		beq	.L130
1457:Drivers/STM32F4xx_HAL_Driver/Src/stm32f4xx_hal_hcd.c ****     hhcd->hc[ch_num].state = HC_NAK;
 1982              		.loc 1 1457 5 is_stmt 1 view .LVU621
1457:Drivers/STM32F4xx_HAL_Driver/Src/stm32f4xx_hal_hcd.c ****     hhcd->hc[ch_num].state = HC_NAK;
 1983              		.loc 1 1457 29 is_stmt 0 view .LVU622
 1984 00e0 2C23     		movs	r3, #44
 1985 00e2 03FB0103 		mla	r3, r3, r1, r0
 1986 00e6 0022     		movs	r2, #0
 1987 00e8 DA65     		str	r2, [r3, #92]
 1988              	.LVL148:
1458:Drivers/STM32F4xx_HAL_Driver/Src/stm32f4xx_hal_hcd.c **** 
 1989              		.loc 1 1458 5 is_stmt 1 view .LVU623
1458:Drivers/STM32F4xx_HAL_Driver/Src/stm32f4xx_hal_hcd.c **** 
 1990              		.loc 1 1458 28 is_stmt 0 view .LVU624
 1991 00ea 0322     		movs	r2, #3
 1992 00ec 83F86120 		strb	r2, [r3, #97]
1460:Drivers/STM32F4xx_HAL_Driver/Src/stm32f4xx_hal_hcd.c ****     {
 1993              		.loc 1 1460 5 is_stmt 1 view .LVU625
1460:Drivers/STM32F4xx_HAL_Driver/Src/stm32f4xx_hal_hcd.c ****     {
 1994              		.loc 1 1460 25 is_stmt 0 view .LVU626
 1995 00f0 93F83D30 		ldrb	r3, [r3, #61]	@ zero_extendqisi2
1460:Drivers/STM32F4xx_HAL_Driver/Src/stm32f4xx_hal_hcd.c ****     {
 1996              		.loc 1 1460 8 view .LVU627
 1997 00f4 5BB9     		cbnz	r3, .L131
1462:Drivers/STM32F4xx_HAL_Driver/Src/stm32f4xx_hal_hcd.c ****       {
 1998              		.loc 1 1462 7 is_stmt 1 view .LVU628
1462:Drivers/STM32F4xx_HAL_Driver/Src/stm32f4xx_hal_hcd.c ****       {
 1999              		.loc 1 1462 27 is_stmt 0 view .LVU629
 2000 00f6 2C23     		movs	r3, #44
 2001 00f8 03FB0103 		mla	r3, r3, r1, r0
 2002 00fc 93F83C30 		ldrb	r3, [r3, #60]	@ zero_extendqisi2
1462:Drivers/STM32F4xx_HAL_Driver/Src/stm32f4xx_hal_hcd.c ****       {
 2003              		.loc 1 1462 10 view .LVU630
 2004 0100 2BB9     		cbnz	r3, .L131
1464:Drivers/STM32F4xx_HAL_Driver/Src/stm32f4xx_hal_hcd.c ****       }
 2005              		.loc 1 1464 9 is_stmt 1 view .LVU631
1464:Drivers/STM32F4xx_HAL_Driver/Src/stm32f4xx_hal_hcd.c ****       }
 2006              		.loc 1 1464 34 is_stmt 0 view .LVU632
 2007 0102 2C23     		movs	r3, #44
 2008 0104 03FB0103 		mla	r3, r3, r1, r0
 2009 0108 0122     		movs	r2, #1
 2010 010a 83F83D20 		strb	r2, [r3, #61]
 2011              	.L131:
1468:Drivers/STM32F4xx_HAL_Driver/Src/stm32f4xx_hal_hcd.c ****     (void)USB_HC_Halt(hhcd->Instance, (uint8_t)ch_num);
 2012              		.loc 1 1468 5 is_stmt 1 view .LVU633
 2013 010e E368     		ldr	r3, [r4, #12]
 2014 0110 43F00203 		orr	r3, r3, #2
 2015 0114 E360     		str	r3, [r4, #12]
1469:Drivers/STM32F4xx_HAL_Driver/Src/stm32f4xx_hal_hcd.c ****     __HAL_HCD_CLEAR_HC_INT(ch_num, USB_OTG_HCINT_NAK);
 2016              		.loc 1 1469 5 view .LVU634
1469:Drivers/STM32F4xx_HAL_Driver/Src/stm32f4xx_hal_hcd.c ****     __HAL_HCD_CLEAR_HC_INT(ch_num, USB_OTG_HCINT_NAK);
 2017              		.loc 1 1469 11 is_stmt 0 view .LVU635
ARM GAS  /tmp/ccsyczyn.s 			page 76


 2018 0116 3146     		mov	r1, r6
 2019              	.LVL149:
1469:Drivers/STM32F4xx_HAL_Driver/Src/stm32f4xx_hal_hcd.c ****     __HAL_HCD_CLEAR_HC_INT(ch_num, USB_OTG_HCINT_NAK);
 2020              		.loc 1 1469 11 view .LVU636
 2021 0118 2868     		ldr	r0, [r5]
 2022              	.LVL150:
1469:Drivers/STM32F4xx_HAL_Driver/Src/stm32f4xx_hal_hcd.c ****     __HAL_HCD_CLEAR_HC_INT(ch_num, USB_OTG_HCINT_NAK);
 2023              		.loc 1 1469 11 view .LVU637
 2024 011a FFF7FEFF 		bl	USB_HC_Halt
 2025              	.LVL151:
1470:Drivers/STM32F4xx_HAL_Driver/Src/stm32f4xx_hal_hcd.c ****   }
 2026              		.loc 1 1470 5 is_stmt 1 view .LVU638
 2027 011e 1023     		movs	r3, #16
 2028 0120 A360     		str	r3, [r4, #8]
 2029 0122 7DE7     		b	.L121
 2030              	.LVL152:
 2031              	.L149:
1441:Drivers/STM32F4xx_HAL_Driver/Src/stm32f4xx_hal_hcd.c ****     hhcd->hc[ch_num].do_ping = 1U;
 2032              		.loc 1 1441 5 view .LVU639
1441:Drivers/STM32F4xx_HAL_Driver/Src/stm32f4xx_hal_hcd.c ****     hhcd->hc[ch_num].do_ping = 1U;
 2033              		.loc 1 1441 28 is_stmt 0 view .LVU640
 2034 0124 2C23     		movs	r3, #44
 2035 0126 03FB0103 		mla	r3, r3, r1, r0
 2036 012a 0422     		movs	r2, #4
 2037 012c 83F86120 		strb	r2, [r3, #97]
 2038              	.LVL153:
1442:Drivers/STM32F4xx_HAL_Driver/Src/stm32f4xx_hal_hcd.c ****     hhcd->hc[ch_num].ErrCnt = 0U;
 2039              		.loc 1 1442 5 is_stmt 1 view .LVU641
1442:Drivers/STM32F4xx_HAL_Driver/Src/stm32f4xx_hal_hcd.c ****     hhcd->hc[ch_num].ErrCnt = 0U;
 2040              		.loc 1 1442 30 is_stmt 0 view .LVU642
 2041 0130 0122     		movs	r2, #1
 2042 0132 83F83D20 		strb	r2, [r3, #61]
1443:Drivers/STM32F4xx_HAL_Driver/Src/stm32f4xx_hal_hcd.c ****     __HAL_HCD_UNMASK_HALT_HC_INT(ch_num);
 2043              		.loc 1 1443 5 is_stmt 1 view .LVU643
1443:Drivers/STM32F4xx_HAL_Driver/Src/stm32f4xx_hal_hcd.c ****     __HAL_HCD_UNMASK_HALT_HC_INT(ch_num);
 2044              		.loc 1 1443 29 is_stmt 0 view .LVU644
 2045 0136 0022     		movs	r2, #0
 2046 0138 DA65     		str	r2, [r3, #92]
1444:Drivers/STM32F4xx_HAL_Driver/Src/stm32f4xx_hal_hcd.c ****     (void)USB_HC_Halt(hhcd->Instance, (uint8_t)ch_num);
 2047              		.loc 1 1444 5 is_stmt 1 view .LVU645
 2048 013a E368     		ldr	r3, [r4, #12]
 2049 013c 43F00203 		orr	r3, r3, #2
 2050 0140 E360     		str	r3, [r4, #12]
1445:Drivers/STM32F4xx_HAL_Driver/Src/stm32f4xx_hal_hcd.c ****     __HAL_HCD_CLEAR_HC_INT(ch_num, USB_OTG_HCINT_NYET);
 2051              		.loc 1 1445 5 view .LVU646
1445:Drivers/STM32F4xx_HAL_Driver/Src/stm32f4xx_hal_hcd.c ****     __HAL_HCD_CLEAR_HC_INT(ch_num, USB_OTG_HCINT_NYET);
 2052              		.loc 1 1445 11 is_stmt 0 view .LVU647
 2053 0142 0068     		ldr	r0, [r0]
 2054              	.LVL154:
1445:Drivers/STM32F4xx_HAL_Driver/Src/stm32f4xx_hal_hcd.c ****     __HAL_HCD_CLEAR_HC_INT(ch_num, USB_OTG_HCINT_NYET);
 2055              		.loc 1 1445 11 view .LVU648
 2056 0144 FFF7FEFF 		bl	USB_HC_Halt
 2057              	.LVL155:
1446:Drivers/STM32F4xx_HAL_Driver/Src/stm32f4xx_hal_hcd.c ****   }
 2058              		.loc 1 1446 5 is_stmt 1 view .LVU649
 2059 0148 4023     		movs	r3, #64
 2060 014a A360     		str	r3, [r4, #8]
ARM GAS  /tmp/ccsyczyn.s 			page 77


 2061 014c 68E7     		b	.L121
 2062              	.LVL156:
 2063              	.L150:
1450:Drivers/STM32F4xx_HAL_Driver/Src/stm32f4xx_hal_hcd.c ****     __HAL_HCD_UNMASK_HALT_HC_INT(ch_num);
 2064              		.loc 1 1450 5 view .LVU650
 2065 014e 0823     		movs	r3, #8
 2066 0150 A360     		str	r3, [r4, #8]
 2067              	.LVL157:
1451:Drivers/STM32F4xx_HAL_Driver/Src/stm32f4xx_hal_hcd.c ****     (void)USB_HC_Halt(hhcd->Instance, (uint8_t)ch_num);
 2068              		.loc 1 1451 5 view .LVU651
 2069 0152 E368     		ldr	r3, [r4, #12]
 2070 0154 43F00203 		orr	r3, r3, #2
 2071 0158 E360     		str	r3, [r4, #12]
1452:Drivers/STM32F4xx_HAL_Driver/Src/stm32f4xx_hal_hcd.c ****     hhcd->hc[ch_num].state = HC_STALL;
 2072              		.loc 1 1452 5 view .LVU652
1452:Drivers/STM32F4xx_HAL_Driver/Src/stm32f4xx_hal_hcd.c ****     hhcd->hc[ch_num].state = HC_STALL;
 2073              		.loc 1 1452 11 is_stmt 0 view .LVU653
 2074 015a 0068     		ldr	r0, [r0]
 2075              	.LVL158:
1452:Drivers/STM32F4xx_HAL_Driver/Src/stm32f4xx_hal_hcd.c ****     hhcd->hc[ch_num].state = HC_STALL;
 2076              		.loc 1 1452 11 view .LVU654
 2077 015c FFF7FEFF 		bl	USB_HC_Halt
 2078              	.LVL159:
1453:Drivers/STM32F4xx_HAL_Driver/Src/stm32f4xx_hal_hcd.c ****   }
 2079              		.loc 1 1453 5 is_stmt 1 view .LVU655
1453:Drivers/STM32F4xx_HAL_Driver/Src/stm32f4xx_hal_hcd.c ****   }
 2080              		.loc 1 1453 28 is_stmt 0 view .LVU656
 2081 0160 2C23     		movs	r3, #44
 2082 0162 03FB0653 		mla	r3, r3, r6, r5
 2083 0166 0522     		movs	r2, #5
 2084 0168 83F86120 		strb	r2, [r3, #97]
 2085 016c 58E7     		b	.L121
 2086              	.LVL160:
 2087              	.L130:
1472:Drivers/STM32F4xx_HAL_Driver/Src/stm32f4xx_hal_hcd.c ****   {
 2088              		.loc 1 1472 8 is_stmt 1 view .LVU657
1472:Drivers/STM32F4xx_HAL_Driver/Src/stm32f4xx_hal_hcd.c ****   {
 2089              		.loc 1 1472 28 is_stmt 0 view .LVU658
 2090 016e A268     		ldr	r2, [r4, #8]
1472:Drivers/STM32F4xx_HAL_Driver/Src/stm32f4xx_hal_hcd.c ****   {
 2091              		.loc 1 1472 11 view .LVU659
 2092 0170 12F0800F 		tst	r2, #128
 2093 0174 29D0     		beq	.L132
1474:Drivers/STM32F4xx_HAL_Driver/Src/stm32f4xx_hal_hcd.c ****     {
 2094              		.loc 1 1474 5 is_stmt 1 view .LVU660
1474:Drivers/STM32F4xx_HAL_Driver/Src/stm32f4xx_hal_hcd.c ****     {
 2095              		.loc 1 1474 19 is_stmt 0 view .LVU661
 2096 0176 0369     		ldr	r3, [r0, #16]
1474:Drivers/STM32F4xx_HAL_Driver/Src/stm32f4xx_hal_hcd.c ****     {
 2097              		.loc 1 1474 8 view .LVU662
 2098 0178 83B1     		cbz	r3, .L151
1482:Drivers/STM32F4xx_HAL_Driver/Src/stm32f4xx_hal_hcd.c ****       if (hhcd->hc[ch_num].ErrCnt > 2U)
 2099              		.loc 1 1482 7 is_stmt 1 view .LVU663
1482:Drivers/STM32F4xx_HAL_Driver/Src/stm32f4xx_hal_hcd.c ****       if (hhcd->hc[ch_num].ErrCnt > 2U)
 2100              		.loc 1 1482 23 is_stmt 0 view .LVU664
 2101 017a 2C22     		movs	r2, #44
 2102 017c 02FB0102 		mla	r2, r2, r1, r0
ARM GAS  /tmp/ccsyczyn.s 			page 78


 2103 0180 D36D     		ldr	r3, [r2, #92]
1482:Drivers/STM32F4xx_HAL_Driver/Src/stm32f4xx_hal_hcd.c ****       if (hhcd->hc[ch_num].ErrCnt > 2U)
 2104              		.loc 1 1482 30 view .LVU665
 2105 0182 0133     		adds	r3, r3, #1
 2106 0184 D365     		str	r3, [r2, #92]
 2107              	.LVL161:
1483:Drivers/STM32F4xx_HAL_Driver/Src/stm32f4xx_hal_hcd.c ****       {
 2108              		.loc 1 1483 7 is_stmt 1 view .LVU666
1483:Drivers/STM32F4xx_HAL_Driver/Src/stm32f4xx_hal_hcd.c ****       {
 2109              		.loc 1 1483 10 is_stmt 0 view .LVU667
 2110 0186 022B     		cmp	r3, #2
 2111 0188 16D8     		bhi	.L152
1492:Drivers/STM32F4xx_HAL_Driver/Src/stm32f4xx_hal_hcd.c ****       }
 2112              		.loc 1 1492 9 is_stmt 1 view .LVU668
1492:Drivers/STM32F4xx_HAL_Driver/Src/stm32f4xx_hal_hcd.c ****       }
 2113              		.loc 1 1492 36 is_stmt 0 view .LVU669
 2114 018a 2C23     		movs	r3, #44
 2115 018c 03FB0103 		mla	r3, r3, r1, r0
 2116 0190 0222     		movs	r2, #2
 2117 0192 83F86020 		strb	r2, [r3, #96]
 2118              	.LVL162:
 2119              	.L134:
1495:Drivers/STM32F4xx_HAL_Driver/Src/stm32f4xx_hal_hcd.c ****   }
 2120              		.loc 1 1495 5 is_stmt 1 view .LVU670
 2121 0196 8023     		movs	r3, #128
 2122 0198 A360     		str	r3, [r4, #8]
 2123 019a 41E7     		b	.L121
 2124              	.LVL163:
 2125              	.L151:
1476:Drivers/STM32F4xx_HAL_Driver/Src/stm32f4xx_hal_hcd.c ****       __HAL_HCD_UNMASK_HALT_HC_INT(ch_num);
 2126              		.loc 1 1476 7 view .LVU671
1476:Drivers/STM32F4xx_HAL_Driver/Src/stm32f4xx_hal_hcd.c ****       __HAL_HCD_UNMASK_HALT_HC_INT(ch_num);
 2127              		.loc 1 1476 30 is_stmt 0 view .LVU672
 2128 019c 2C23     		movs	r3, #44
 2129 019e 03FB0103 		mla	r3, r3, r1, r0
 2130 01a2 0622     		movs	r2, #6
 2131 01a4 83F86120 		strb	r2, [r3, #97]
 2132              	.LVL164:
1477:Drivers/STM32F4xx_HAL_Driver/Src/stm32f4xx_hal_hcd.c ****       (void)USB_HC_Halt(hhcd->Instance, (uint8_t)ch_num);
 2133              		.loc 1 1477 7 is_stmt 1 view .LVU673
 2134 01a8 E368     		ldr	r3, [r4, #12]
 2135 01aa 43F00203 		orr	r3, r3, #2
 2136 01ae E360     		str	r3, [r4, #12]
1478:Drivers/STM32F4xx_HAL_Driver/Src/stm32f4xx_hal_hcd.c ****     }
 2137              		.loc 1 1478 7 view .LVU674
1478:Drivers/STM32F4xx_HAL_Driver/Src/stm32f4xx_hal_hcd.c ****     }
 2138              		.loc 1 1478 13 is_stmt 0 view .LVU675
 2139 01b0 0068     		ldr	r0, [r0]
 2140              	.LVL165:
1478:Drivers/STM32F4xx_HAL_Driver/Src/stm32f4xx_hal_hcd.c ****     }
 2141              		.loc 1 1478 13 view .LVU676
 2142 01b2 FFF7FEFF 		bl	USB_HC_Halt
 2143              	.LVL166:
1478:Drivers/STM32F4xx_HAL_Driver/Src/stm32f4xx_hal_hcd.c ****     }
 2144              		.loc 1 1478 13 view .LVU677
 2145 01b6 EEE7     		b	.L134
 2146              	.LVL167:
ARM GAS  /tmp/ccsyczyn.s 			page 79


 2147              	.L152:
1485:Drivers/STM32F4xx_HAL_Driver/Src/stm32f4xx_hal_hcd.c ****         hhcd->hc[ch_num].urb_state = URB_ERROR;
 2148              		.loc 1 1485 9 is_stmt 1 view .LVU678
1485:Drivers/STM32F4xx_HAL_Driver/Src/stm32f4xx_hal_hcd.c ****         hhcd->hc[ch_num].urb_state = URB_ERROR;
 2149              		.loc 1 1485 33 is_stmt 0 view .LVU679
 2150 01b8 1346     		mov	r3, r2
 2151 01ba 0022     		movs	r2, #0
 2152 01bc DA65     		str	r2, [r3, #92]
1486:Drivers/STM32F4xx_HAL_Driver/Src/stm32f4xx_hal_hcd.c ****         HAL_HCD_HC_NotifyURBChange_Callback(hhcd, (uint8_t)ch_num,
 2153              		.loc 1 1486 9 is_stmt 1 view .LVU680
1486:Drivers/STM32F4xx_HAL_Driver/Src/stm32f4xx_hal_hcd.c ****         HAL_HCD_HC_NotifyURBChange_Callback(hhcd, (uint8_t)ch_num,
 2154              		.loc 1 1486 36 is_stmt 0 view .LVU681
 2155 01be 0422     		movs	r2, #4
 2156 01c0 83F86020 		strb	r2, [r3, #96]
1487:Drivers/STM32F4xx_HAL_Driver/Src/stm32f4xx_hal_hcd.c ****                                             hhcd->hc[ch_num].urb_state);
 2157              		.loc 1 1487 9 is_stmt 1 view .LVU682
 2158 01c4 FFF7FEFF 		bl	HAL_HCD_HC_NotifyURBChange_Callback
 2159              	.LVL168:
1487:Drivers/STM32F4xx_HAL_Driver/Src/stm32f4xx_hal_hcd.c ****                                             hhcd->hc[ch_num].urb_state);
 2160              		.loc 1 1487 9 is_stmt 0 view .LVU683
 2161 01c8 E5E7     		b	.L134
 2162              	.LVL169:
 2163              	.L132:
1497:Drivers/STM32F4xx_HAL_Driver/Src/stm32f4xx_hal_hcd.c ****   {
 2164              		.loc 1 1497 8 is_stmt 1 view .LVU684
1497:Drivers/STM32F4xx_HAL_Driver/Src/stm32f4xx_hal_hcd.c ****   {
 2165              		.loc 1 1497 28 is_stmt 0 view .LVU685
 2166 01ca A268     		ldr	r2, [r4, #8]
1497:Drivers/STM32F4xx_HAL_Driver/Src/stm32f4xx_hal_hcd.c ****   {
 2167              		.loc 1 1497 11 view .LVU686
 2168 01cc 12F4806F 		tst	r2, #1024
 2169 01d0 16D1     		bne	.L153
1505:Drivers/STM32F4xx_HAL_Driver/Src/stm32f4xx_hal_hcd.c ****   {
 2170              		.loc 1 1505 8 is_stmt 1 view .LVU687
1505:Drivers/STM32F4xx_HAL_Driver/Src/stm32f4xx_hal_hcd.c ****   {
 2171              		.loc 1 1505 28 is_stmt 0 view .LVU688
 2172 01d2 A268     		ldr	r2, [r4, #8]
1505:Drivers/STM32F4xx_HAL_Driver/Src/stm32f4xx_hal_hcd.c ****   {
 2173              		.loc 1 1505 11 view .LVU689
 2174 01d4 12F0020F 		tst	r2, #2
 2175 01d8 3FF422AF 		beq	.L121
1507:Drivers/STM32F4xx_HAL_Driver/Src/stm32f4xx_hal_hcd.c **** 
 2176              		.loc 1 1507 5 is_stmt 1 view .LVU690
 2177 01dc E268     		ldr	r2, [r4, #12]
 2178 01de 22F00202 		bic	r2, r2, #2
 2179 01e2 E260     		str	r2, [r4, #12]
 2180              	.LVL170:
1509:Drivers/STM32F4xx_HAL_Driver/Src/stm32f4xx_hal_hcd.c ****     {
 2181              		.loc 1 1509 5 view .LVU691
1509:Drivers/STM32F4xx_HAL_Driver/Src/stm32f4xx_hal_hcd.c ****     {
 2182              		.loc 1 1509 25 is_stmt 0 view .LVU692
 2183 01e4 2C22     		movs	r2, #44
 2184 01e6 02FB0102 		mla	r2, r2, r1, r0
 2185 01ea 92F86120 		ldrb	r2, [r2, #97]	@ zero_extendqisi2
 2186 01ee 013A     		subs	r2, r2, #1
 2187 01f0 072A     		cmp	r2, #7
 2188 01f2 52D8     		bhi	.L137
ARM GAS  /tmp/ccsyczyn.s 			page 80


 2189 01f4 DFE802F0 		tbb	[pc, r2]
 2190              	.LVL171:
 2191              	.L139:
 2192 01f8 17       		.byte	(.L143-.L139)/2
 2193 01f9 51       		.byte	(.L137-.L139)/2
 2194 01fa 4B       		.byte	(.L142-.L139)/2
 2195 01fb 5D       		.byte	(.L141-.L139)/2
 2196 01fc 64       		.byte	(.L140-.L139)/2
 2197 01fd 6B       		.byte	(.L138-.L139)/2
 2198 01fe 51       		.byte	(.L137-.L139)/2
 2199 01ff 6B       		.byte	(.L138-.L139)/2
 2200              		.p2align 1
 2201              	.L153:
1499:Drivers/STM32F4xx_HAL_Driver/Src/stm32f4xx_hal_hcd.c ****     (void)USB_HC_Halt(hhcd->Instance, (uint8_t)ch_num);
 2202              		.loc 1 1499 5 is_stmt 1 view .LVU693
 2203 0200 E368     		ldr	r3, [r4, #12]
 2204 0202 43F00203 		orr	r3, r3, #2
 2205 0206 E360     		str	r3, [r4, #12]
 2206              	.LVL172:
1500:Drivers/STM32F4xx_HAL_Driver/Src/stm32f4xx_hal_hcd.c ****     __HAL_HCD_CLEAR_HC_INT(ch_num, USB_OTG_HCINT_NAK);
 2207              		.loc 1 1500 5 view .LVU694
1500:Drivers/STM32F4xx_HAL_Driver/Src/stm32f4xx_hal_hcd.c ****     __HAL_HCD_CLEAR_HC_INT(ch_num, USB_OTG_HCINT_NAK);
 2208              		.loc 1 1500 11 is_stmt 0 view .LVU695
 2209 0208 0068     		ldr	r0, [r0]
 2210              	.LVL173:
1500:Drivers/STM32F4xx_HAL_Driver/Src/stm32f4xx_hal_hcd.c ****     __HAL_HCD_CLEAR_HC_INT(ch_num, USB_OTG_HCINT_NAK);
 2211              		.loc 1 1500 11 view .LVU696
 2212 020a FFF7FEFF 		bl	USB_HC_Halt
 2213              	.LVL174:
1501:Drivers/STM32F4xx_HAL_Driver/Src/stm32f4xx_hal_hcd.c ****     __HAL_HCD_CLEAR_HC_INT(ch_num, USB_OTG_HCINT_DTERR);
 2214              		.loc 1 1501 5 is_stmt 1 view .LVU697
 2215 020e 1023     		movs	r3, #16
 2216 0210 A360     		str	r3, [r4, #8]
1502:Drivers/STM32F4xx_HAL_Driver/Src/stm32f4xx_hal_hcd.c ****     hhcd->hc[ch_num].state = HC_DATATGLERR;
 2217              		.loc 1 1502 5 view .LVU698
 2218 0212 4FF48063 		mov	r3, #1024
 2219 0216 A360     		str	r3, [r4, #8]
1503:Drivers/STM32F4xx_HAL_Driver/Src/stm32f4xx_hal_hcd.c ****   }
 2220              		.loc 1 1503 5 view .LVU699
1503:Drivers/STM32F4xx_HAL_Driver/Src/stm32f4xx_hal_hcd.c ****   }
 2221              		.loc 1 1503 28 is_stmt 0 view .LVU700
 2222 0218 2C23     		movs	r3, #44
 2223 021a 03FB0653 		mla	r3, r3, r6, r5
 2224 021e 0822     		movs	r2, #8
 2225 0220 83F86120 		strb	r2, [r3, #97]
 2226 0224 FCE6     		b	.L121
 2227              	.LVL175:
 2228              	.L143:
1511:Drivers/STM32F4xx_HAL_Driver/Src/stm32f4xx_hal_hcd.c ****       if ((hhcd->hc[ch_num].ep_type == EP_TYPE_BULK) ||
 2229              		.loc 1 1511 7 is_stmt 1 view .LVU701
1511:Drivers/STM32F4xx_HAL_Driver/Src/stm32f4xx_hal_hcd.c ****       if ((hhcd->hc[ch_num].ep_type == EP_TYPE_BULK) ||
 2230              		.loc 1 1511 35 is_stmt 0 view .LVU702
 2231 0226 2C23     		movs	r3, #44
 2232 0228 03FB0603 		mla	r3, r3, r6, r0
 2233 022c 0122     		movs	r2, #1
 2234 022e 83F86020 		strb	r2, [r3, #96]
1512:Drivers/STM32F4xx_HAL_Driver/Src/stm32f4xx_hal_hcd.c ****           (hhcd->hc[ch_num].ep_type == EP_TYPE_INTR))
ARM GAS  /tmp/ccsyczyn.s 			page 81


 2235              		.loc 1 1512 7 is_stmt 1 view .LVU703
1512:Drivers/STM32F4xx_HAL_Driver/Src/stm32f4xx_hal_hcd.c ****           (hhcd->hc[ch_num].ep_type == EP_TYPE_INTR))
 2236              		.loc 1 1512 28 is_stmt 0 view .LVU704
 2237 0232 93F83F30 		ldrb	r3, [r3, #63]	@ zero_extendqisi2
1512:Drivers/STM32F4xx_HAL_Driver/Src/stm32f4xx_hal_hcd.c ****           (hhcd->hc[ch_num].ep_type == EP_TYPE_INTR))
 2238              		.loc 1 1512 54 view .LVU705
 2239 0236 023B     		subs	r3, r3, #2
 2240 0238 DBB2     		uxtb	r3, r3
1512:Drivers/STM32F4xx_HAL_Driver/Src/stm32f4xx_hal_hcd.c ****           (hhcd->hc[ch_num].ep_type == EP_TYPE_INTR))
 2241              		.loc 1 1512 10 view .LVU706
 2242 023a 9342     		cmp	r3, r2
 2243 023c 2DD8     		bhi	.L137
1515:Drivers/STM32F4xx_HAL_Driver/Src/stm32f4xx_hal_hcd.c ****         {
 2244              		.loc 1 1515 9 is_stmt 1 view .LVU707
1515:Drivers/STM32F4xx_HAL_Driver/Src/stm32f4xx_hal_hcd.c ****         {
 2245              		.loc 1 1515 23 is_stmt 0 view .LVU708
 2246 023e 0169     		ldr	r1, [r0, #16]
1515:Drivers/STM32F4xx_HAL_Driver/Src/stm32f4xx_hal_hcd.c ****         {
 2247              		.loc 1 1515 12 view .LVU709
 2248 0240 41B9     		cbnz	r1, .L144
1517:Drivers/STM32F4xx_HAL_Driver/Src/stm32f4xx_hal_hcd.c ****         }
 2249              		.loc 1 1517 11 is_stmt 1 view .LVU710
1517:Drivers/STM32F4xx_HAL_Driver/Src/stm32f4xx_hal_hcd.c ****         }
 2250              		.loc 1 1517 27 is_stmt 0 view .LVU711
 2251 0242 2C23     		movs	r3, #44
 2252 0244 03FB0603 		mla	r3, r3, r6, r0
 2253 0248 93F85520 		ldrb	r2, [r3, #85]	@ zero_extendqisi2
1517:Drivers/STM32F4xx_HAL_Driver/Src/stm32f4xx_hal_hcd.c ****         }
 2254              		.loc 1 1517 39 view .LVU712
 2255 024c 82F00102 		eor	r2, r2, #1
 2256 0250 83F85520 		strb	r2, [r3, #85]
 2257              	.L144:
1520:Drivers/STM32F4xx_HAL_Driver/Src/stm32f4xx_hal_hcd.c ****         {
 2258              		.loc 1 1520 9 is_stmt 1 view .LVU713
1520:Drivers/STM32F4xx_HAL_Driver/Src/stm32f4xx_hal_hcd.c ****         {
 2259              		.loc 1 1520 12 is_stmt 0 view .LVU714
 2260 0254 0129     		cmp	r1, #1
 2261 0256 20D1     		bne	.L137
1520:Drivers/STM32F4xx_HAL_Driver/Src/stm32f4xx_hal_hcd.c ****         {
 2262              		.loc 1 1520 63 discriminator 1 view .LVU715
 2263 0258 2C23     		movs	r3, #44
 2264 025a 03FB0653 		mla	r3, r3, r6, r5
 2265 025e DB6C     		ldr	r3, [r3, #76]
1520:Drivers/STM32F4xx_HAL_Driver/Src/stm32f4xx_hal_hcd.c ****         {
 2266              		.loc 1 1520 43 discriminator 1 view .LVU716
 2267 0260 DBB1     		cbz	r3, .L137
1522:Drivers/STM32F4xx_HAL_Driver/Src/stm32f4xx_hal_hcd.c **** 
 2268              		.loc 1 1522 11 is_stmt 1 view .LVU717
1522:Drivers/STM32F4xx_HAL_Driver/Src/stm32f4xx_hal_hcd.c **** 
 2269              		.loc 1 1522 70 is_stmt 0 view .LVU718
 2270 0262 2C22     		movs	r2, #44
 2271 0264 02FB0652 		mla	r2, r2, r6, r5
 2272 0268 B2F84020 		ldrh	r2, [r2, #64]
1522:Drivers/STM32F4xx_HAL_Driver/Src/stm32f4xx_hal_hcd.c **** 
 2273              		.loc 1 1522 52 view .LVU719
 2274 026c 1344     		add	r3, r3, r2
1522:Drivers/STM32F4xx_HAL_Driver/Src/stm32f4xx_hal_hcd.c **** 
ARM GAS  /tmp/ccsyczyn.s 			page 82


 2275              		.loc 1 1522 82 view .LVU720
 2276 026e 013B     		subs	r3, r3, #1
1522:Drivers/STM32F4xx_HAL_Driver/Src/stm32f4xx_hal_hcd.c **** 
 2277              		.loc 1 1522 23 view .LVU721
 2278 0270 B3FBF2F3 		udiv	r3, r3, r2
 2279              	.LVL176:
1524:Drivers/STM32F4xx_HAL_Driver/Src/stm32f4xx_hal_hcd.c ****           {
 2280              		.loc 1 1524 11 is_stmt 1 view .LVU722
1524:Drivers/STM32F4xx_HAL_Driver/Src/stm32f4xx_hal_hcd.c ****           {
 2281              		.loc 1 1524 14 is_stmt 0 view .LVU723
 2282 0274 13F0010F 		tst	r3, #1
 2283 0278 0FD0     		beq	.L137
1526:Drivers/STM32F4xx_HAL_Driver/Src/stm32f4xx_hal_hcd.c ****           }
 2284              		.loc 1 1526 13 is_stmt 1 view .LVU724
1526:Drivers/STM32F4xx_HAL_Driver/Src/stm32f4xx_hal_hcd.c ****           }
 2285              		.loc 1 1526 29 is_stmt 0 view .LVU725
 2286 027a 2C23     		movs	r3, #44
 2287              	.LVL177:
1526:Drivers/STM32F4xx_HAL_Driver/Src/stm32f4xx_hal_hcd.c ****           }
 2288              		.loc 1 1526 29 view .LVU726
 2289 027c 03FB0653 		mla	r3, r3, r6, r5
 2290              	.LVL178:
1526:Drivers/STM32F4xx_HAL_Driver/Src/stm32f4xx_hal_hcd.c ****           }
 2291              		.loc 1 1526 29 view .LVU727
 2292 0280 93F85520 		ldrb	r2, [r3, #85]	@ zero_extendqisi2
 2293              	.LVL179:
1526:Drivers/STM32F4xx_HAL_Driver/Src/stm32f4xx_hal_hcd.c ****           }
 2294              		.loc 1 1526 41 view .LVU728
 2295 0284 82F00102 		eor	r2, r2, #1
 2296 0288 83F85520 		strb	r2, [r3, #85]
 2297 028c 05E0     		b	.L137
 2298              	.LVL180:
 2299              	.L142:
1533:Drivers/STM32F4xx_HAL_Driver/Src/stm32f4xx_hal_hcd.c ****     }
 2300              		.loc 1 1533 7 is_stmt 1 view .LVU729
1533:Drivers/STM32F4xx_HAL_Driver/Src/stm32f4xx_hal_hcd.c ****     }
 2301              		.loc 1 1533 34 is_stmt 0 view .LVU730
 2302 028e 2C23     		movs	r3, #44
 2303 0290 03FB0603 		mla	r3, r3, r6, r0
 2304 0294 0222     		movs	r2, #2
 2305 0296 83F86020 		strb	r2, [r3, #96]
 2306              	.L137:
1568:Drivers/STM32F4xx_HAL_Driver/Src/stm32f4xx_hal_hcd.c ****     HAL_HCD_HC_NotifyURBChange_Callback(hhcd, (uint8_t)ch_num, hhcd->hc[ch_num].urb_state);
 2307              		.loc 1 1568 5 is_stmt 1 view .LVU731
 2308 029a 0223     		movs	r3, #2
 2309 029c A360     		str	r3, [r4, #8]
1569:Drivers/STM32F4xx_HAL_Driver/Src/stm32f4xx_hal_hcd.c ****   }
 2310              		.loc 1 1569 5 view .LVU732
 2311 029e 2C23     		movs	r3, #44
 2312 02a0 03FB0653 		mla	r3, r3, r6, r5
 2313 02a4 93F86020 		ldrb	r2, [r3, #96]	@ zero_extendqisi2
 2314 02a8 3146     		mov	r1, r6
 2315 02aa 2846     		mov	r0, r5
 2316              	.LVL181:
1569:Drivers/STM32F4xx_HAL_Driver/Src/stm32f4xx_hal_hcd.c ****   }
 2317              		.loc 1 1569 5 is_stmt 0 view .LVU733
 2318 02ac FFF7FEFF 		bl	HAL_HCD_HC_NotifyURBChange_Callback
ARM GAS  /tmp/ccsyczyn.s 			page 83


 2319              	.LVL182:
1574:Drivers/STM32F4xx_HAL_Driver/Src/stm32f4xx_hal_hcd.c **** }
 2320              		.loc 1 1574 3 is_stmt 1 view .LVU734
1575:Drivers/STM32F4xx_HAL_Driver/Src/stm32f4xx_hal_hcd.c **** 
 2321              		.loc 1 1575 1 is_stmt 0 view .LVU735
 2322 02b0 B6E6     		b	.L121
 2323              	.LVL183:
 2324              	.L141:
1537:Drivers/STM32F4xx_HAL_Driver/Src/stm32f4xx_hal_hcd.c ****     }
 2325              		.loc 1 1537 7 is_stmt 1 view .LVU736
1537:Drivers/STM32F4xx_HAL_Driver/Src/stm32f4xx_hal_hcd.c ****     }
 2326              		.loc 1 1537 35 is_stmt 0 view .LVU737
 2327 02b2 2C23     		movs	r3, #44
 2328 02b4 03FB0603 		mla	r3, r3, r6, r0
 2329 02b8 0222     		movs	r2, #2
 2330 02ba 83F86020 		strb	r2, [r3, #96]
 2331 02be ECE7     		b	.L137
 2332              	.L140:
1541:Drivers/STM32F4xx_HAL_Driver/Src/stm32f4xx_hal_hcd.c ****     }
 2333              		.loc 1 1541 7 is_stmt 1 view .LVU738
1541:Drivers/STM32F4xx_HAL_Driver/Src/stm32f4xx_hal_hcd.c ****     }
 2334              		.loc 1 1541 35 is_stmt 0 view .LVU739
 2335 02c0 2C23     		movs	r3, #44
 2336 02c2 03FB0603 		mla	r3, r3, r6, r0
 2337 02c6 0522     		movs	r2, #5
 2338 02c8 83F86020 		strb	r2, [r3, #96]
 2339 02cc E5E7     		b	.L137
 2340              	.L138:
1546:Drivers/STM32F4xx_HAL_Driver/Src/stm32f4xx_hal_hcd.c ****       if (hhcd->hc[ch_num].ErrCnt > 2U)
 2341              		.loc 1 1546 7 is_stmt 1 view .LVU740
1546:Drivers/STM32F4xx_HAL_Driver/Src/stm32f4xx_hal_hcd.c ****       if (hhcd->hc[ch_num].ErrCnt > 2U)
 2342              		.loc 1 1546 23 is_stmt 0 view .LVU741
 2343 02ce 2C21     		movs	r1, #44
 2344 02d0 01FB0601 		mla	r1, r1, r6, r0
 2345 02d4 CA6D     		ldr	r2, [r1, #92]
1546:Drivers/STM32F4xx_HAL_Driver/Src/stm32f4xx_hal_hcd.c ****       if (hhcd->hc[ch_num].ErrCnt > 2U)
 2346              		.loc 1 1546 30 view .LVU742
 2347 02d6 0132     		adds	r2, r2, #1
 2348 02d8 CA65     		str	r2, [r1, #92]
1547:Drivers/STM32F4xx_HAL_Driver/Src/stm32f4xx_hal_hcd.c ****       {
 2349              		.loc 1 1547 7 is_stmt 1 view .LVU743
1547:Drivers/STM32F4xx_HAL_Driver/Src/stm32f4xx_hal_hcd.c ****       {
 2350              		.loc 1 1547 10 is_stmt 0 view .LVU744
 2351 02da 022A     		cmp	r2, #2
 2352 02dc 05D9     		bls	.L145
1549:Drivers/STM32F4xx_HAL_Driver/Src/stm32f4xx_hal_hcd.c ****         hhcd->hc[ch_num].urb_state = URB_ERROR;
 2353              		.loc 1 1549 9 is_stmt 1 view .LVU745
1549:Drivers/STM32F4xx_HAL_Driver/Src/stm32f4xx_hal_hcd.c ****         hhcd->hc[ch_num].urb_state = URB_ERROR;
 2354              		.loc 1 1549 33 is_stmt 0 view .LVU746
 2355 02de 0022     		movs	r2, #0
 2356 02e0 CA65     		str	r2, [r1, #92]
1550:Drivers/STM32F4xx_HAL_Driver/Src/stm32f4xx_hal_hcd.c ****       }
 2357              		.loc 1 1550 9 is_stmt 1 view .LVU747
1550:Drivers/STM32F4xx_HAL_Driver/Src/stm32f4xx_hal_hcd.c ****       }
 2358              		.loc 1 1550 36 is_stmt 0 view .LVU748
 2359 02e2 0422     		movs	r2, #4
 2360 02e4 81F86020 		strb	r2, [r1, #96]
ARM GAS  /tmp/ccsyczyn.s 			page 84


 2361 02e8 D7E7     		b	.L137
 2362              	.L145:
1554:Drivers/STM32F4xx_HAL_Driver/Src/stm32f4xx_hal_hcd.c **** 
 2363              		.loc 1 1554 9 is_stmt 1 view .LVU749
1554:Drivers/STM32F4xx_HAL_Driver/Src/stm32f4xx_hal_hcd.c **** 
 2364              		.loc 1 1554 36 is_stmt 0 view .LVU750
 2365 02ea 2C22     		movs	r2, #44
 2366 02ec 02FB0602 		mla	r2, r2, r6, r0
 2367 02f0 0221     		movs	r1, #2
 2368 02f2 82F86010 		strb	r1, [r2, #96]
1557:Drivers/STM32F4xx_HAL_Driver/Src/stm32f4xx_hal_hcd.c ****         tmpreg &= ~USB_OTG_HCCHAR_CHDIS;
 2369              		.loc 1 1557 9 is_stmt 1 view .LVU751
1557:Drivers/STM32F4xx_HAL_Driver/Src/stm32f4xx_hal_hcd.c ****         tmpreg &= ~USB_OTG_HCCHAR_CHDIS;
 2370              		.loc 1 1557 16 is_stmt 0 view .LVU752
 2371 02f6 D3F80025 		ldr	r2, [r3, #1280]
 2372              	.LVL184:
1558:Drivers/STM32F4xx_HAL_Driver/Src/stm32f4xx_hal_hcd.c ****         tmpreg |= USB_OTG_HCCHAR_CHENA;
 2373              		.loc 1 1558 9 is_stmt 1 view .LVU753
1558:Drivers/STM32F4xx_HAL_Driver/Src/stm32f4xx_hal_hcd.c ****         tmpreg |= USB_OTG_HCCHAR_CHENA;
 2374              		.loc 1 1558 16 is_stmt 0 view .LVU754
 2375 02fa 22F08042 		bic	r2, r2, #1073741824
 2376              	.LVL185:
1559:Drivers/STM32F4xx_HAL_Driver/Src/stm32f4xx_hal_hcd.c ****         USBx_HC(ch_num)->HCCHAR = tmpreg;
 2377              		.loc 1 1559 9 is_stmt 1 view .LVU755
1559:Drivers/STM32F4xx_HAL_Driver/Src/stm32f4xx_hal_hcd.c ****         USBx_HC(ch_num)->HCCHAR = tmpreg;
 2378              		.loc 1 1559 16 is_stmt 0 view .LVU756
 2379 02fe 42F00042 		orr	r2, r2, #-2147483648
 2380              	.LVL186:
1560:Drivers/STM32F4xx_HAL_Driver/Src/stm32f4xx_hal_hcd.c ****       }
 2381              		.loc 1 1560 9 is_stmt 1 view .LVU757
1560:Drivers/STM32F4xx_HAL_Driver/Src/stm32f4xx_hal_hcd.c ****       }
 2382              		.loc 1 1560 33 is_stmt 0 view .LVU758
 2383 0302 C3F80025 		str	r2, [r3, #1280]
 2384 0306 C8E7     		b	.L137
 2385              		.cfi_endproc
 2386              	.LFE241:
 2388              		.section	.text.HAL_HCD_IRQHandler,"ax",%progbits
 2389              		.align	1
 2390              		.global	HAL_HCD_IRQHandler
 2391              		.syntax unified
 2392              		.thumb
 2393              		.thumb_func
 2395              	HAL_HCD_IRQHandler:
 2396              	.LVL187:
 2397              	.LFB223:
 494:Drivers/STM32F4xx_HAL_Driver/Src/stm32f4xx_hal_hcd.c ****   USB_OTG_GlobalTypeDef *USBx = hhcd->Instance;
 2398              		.loc 1 494 1 is_stmt 1 view -0
 2399              		.cfi_startproc
 2400              		@ args = 0, pretend = 0, frame = 0
 2401              		@ frame_needed = 0, uses_anonymous_args = 0
 494:Drivers/STM32F4xx_HAL_Driver/Src/stm32f4xx_hal_hcd.c ****   USB_OTG_GlobalTypeDef *USBx = hhcd->Instance;
 2402              		.loc 1 494 1 is_stmt 0 view .LVU760
 2403 0000 F8B5     		push	{r3, r4, r5, r6, r7, lr}
 2404              		.cfi_def_cfa_offset 24
 2405              		.cfi_offset 3, -24
 2406              		.cfi_offset 4, -20
 2407              		.cfi_offset 5, -16
ARM GAS  /tmp/ccsyczyn.s 			page 85


 2408              		.cfi_offset 6, -12
 2409              		.cfi_offset 7, -8
 2410              		.cfi_offset 14, -4
 2411 0002 0446     		mov	r4, r0
 495:Drivers/STM32F4xx_HAL_Driver/Src/stm32f4xx_hal_hcd.c ****   uint32_t USBx_BASE = (uint32_t)USBx;
 2412              		.loc 1 495 3 is_stmt 1 view .LVU761
 495:Drivers/STM32F4xx_HAL_Driver/Src/stm32f4xx_hal_hcd.c ****   uint32_t USBx_BASE = (uint32_t)USBx;
 2413              		.loc 1 495 26 is_stmt 0 view .LVU762
 2414 0004 0568     		ldr	r5, [r0]
 2415              	.LVL188:
 496:Drivers/STM32F4xx_HAL_Driver/Src/stm32f4xx_hal_hcd.c ****   uint32_t i;
 2416              		.loc 1 496 3 is_stmt 1 view .LVU763
 497:Drivers/STM32F4xx_HAL_Driver/Src/stm32f4xx_hal_hcd.c ****   uint32_t interrupt;
 2417              		.loc 1 497 3 view .LVU764
 498:Drivers/STM32F4xx_HAL_Driver/Src/stm32f4xx_hal_hcd.c **** 
 2418              		.loc 1 498 3 view .LVU765
 501:Drivers/STM32F4xx_HAL_Driver/Src/stm32f4xx_hal_hcd.c ****   {
 2419              		.loc 1 501 3 view .LVU766
 501:Drivers/STM32F4xx_HAL_Driver/Src/stm32f4xx_hal_hcd.c ****   {
 2420              		.loc 1 501 7 is_stmt 0 view .LVU767
 2421 0006 2846     		mov	r0, r5
 2422              	.LVL189:
 501:Drivers/STM32F4xx_HAL_Driver/Src/stm32f4xx_hal_hcd.c ****   {
 2423              		.loc 1 501 7 view .LVU768
 2424 0008 FFF7FEFF 		bl	USB_GetMode
 2425              	.LVL190:
 501:Drivers/STM32F4xx_HAL_Driver/Src/stm32f4xx_hal_hcd.c ****   {
 2426              		.loc 1 501 6 discriminator 1 view .LVU769
 2427 000c 0128     		cmp	r0, #1
 2428 000e 00D0     		beq	.L169
 2429              	.L154:
 605:Drivers/STM32F4xx_HAL_Driver/Src/stm32f4xx_hal_hcd.c **** 
 2430              		.loc 1 605 1 view .LVU770
 2431 0010 F8BD     		pop	{r3, r4, r5, r6, r7, pc}
 2432              	.LVL191:
 2433              	.L169:
 504:Drivers/STM32F4xx_HAL_Driver/Src/stm32f4xx_hal_hcd.c ****     {
 2434              		.loc 1 504 5 is_stmt 1 view .LVU771
 504:Drivers/STM32F4xx_HAL_Driver/Src/stm32f4xx_hal_hcd.c ****     {
 2435              		.loc 1 504 9 is_stmt 0 view .LVU772
 2436 0012 2068     		ldr	r0, [r4]
 2437 0014 FFF7FEFF 		bl	USB_ReadInterrupts
 2438              	.LVL192:
 504:Drivers/STM32F4xx_HAL_Driver/Src/stm32f4xx_hal_hcd.c ****     {
 2439              		.loc 1 504 8 discriminator 1 view .LVU773
 2440 0018 0028     		cmp	r0, #0
 2441 001a F9D0     		beq	.L154
 509:Drivers/STM32F4xx_HAL_Driver/Src/stm32f4xx_hal_hcd.c ****     {
 2442              		.loc 1 509 5 is_stmt 1 view .LVU774
 509:Drivers/STM32F4xx_HAL_Driver/Src/stm32f4xx_hal_hcd.c ****     {
 2443              		.loc 1 509 9 is_stmt 0 view .LVU775
 2444 001c 2068     		ldr	r0, [r4]
 2445 001e FFF7FEFF 		bl	USB_ReadInterrupts
 2446              	.LVL193:
 509:Drivers/STM32F4xx_HAL_Driver/Src/stm32f4xx_hal_hcd.c ****     {
 2447              		.loc 1 509 8 discriminator 1 view .LVU776
 2448 0022 10F4001F 		tst	r0, #2097152
ARM GAS  /tmp/ccsyczyn.s 			page 86


 2449 0026 03D0     		beq	.L156
 512:Drivers/STM32F4xx_HAL_Driver/Src/stm32f4xx_hal_hcd.c ****     }
 2450              		.loc 1 512 7 is_stmt 1 view .LVU777
 2451 0028 2368     		ldr	r3, [r4]
 2452 002a 4FF40012 		mov	r2, #2097152
 2453 002e 5A61     		str	r2, [r3, #20]
 2454              	.L156:
 515:Drivers/STM32F4xx_HAL_Driver/Src/stm32f4xx_hal_hcd.c ****     {
 2455              		.loc 1 515 5 view .LVU778
 515:Drivers/STM32F4xx_HAL_Driver/Src/stm32f4xx_hal_hcd.c ****     {
 2456              		.loc 1 515 9 is_stmt 0 view .LVU779
 2457 0030 2068     		ldr	r0, [r4]
 2458 0032 FFF7FEFF 		bl	USB_ReadInterrupts
 2459              	.LVL194:
 515:Drivers/STM32F4xx_HAL_Driver/Src/stm32f4xx_hal_hcd.c ****     {
 2460              		.loc 1 515 8 discriminator 1 view .LVU780
 2461 0036 10F4801F 		tst	r0, #1048576
 2462 003a 03D0     		beq	.L157
 518:Drivers/STM32F4xx_HAL_Driver/Src/stm32f4xx_hal_hcd.c ****     }
 2463              		.loc 1 518 7 is_stmt 1 view .LVU781
 2464 003c 2368     		ldr	r3, [r4]
 2465 003e 4FF48012 		mov	r2, #1048576
 2466 0042 5A61     		str	r2, [r3, #20]
 2467              	.L157:
 521:Drivers/STM32F4xx_HAL_Driver/Src/stm32f4xx_hal_hcd.c ****     {
 2468              		.loc 1 521 5 view .LVU782
 521:Drivers/STM32F4xx_HAL_Driver/Src/stm32f4xx_hal_hcd.c ****     {
 2469              		.loc 1 521 9 is_stmt 0 view .LVU783
 2470 0044 2068     		ldr	r0, [r4]
 2471 0046 FFF7FEFF 		bl	USB_ReadInterrupts
 2472              	.LVL195:
 521:Drivers/STM32F4xx_HAL_Driver/Src/stm32f4xx_hal_hcd.c ****     {
 2473              		.loc 1 521 8 discriminator 1 view .LVU784
 2474 004a 10F0806F 		tst	r0, #67108864
 2475 004e 03D0     		beq	.L158
 524:Drivers/STM32F4xx_HAL_Driver/Src/stm32f4xx_hal_hcd.c ****     }
 2476              		.loc 1 524 7 is_stmt 1 view .LVU785
 2477 0050 2368     		ldr	r3, [r4]
 2478 0052 4FF08062 		mov	r2, #67108864
 2479 0056 5A61     		str	r2, [r3, #20]
 2480              	.L158:
 527:Drivers/STM32F4xx_HAL_Driver/Src/stm32f4xx_hal_hcd.c ****     {
 2481              		.loc 1 527 5 view .LVU786
 527:Drivers/STM32F4xx_HAL_Driver/Src/stm32f4xx_hal_hcd.c ****     {
 2482              		.loc 1 527 9 is_stmt 0 view .LVU787
 2483 0058 2068     		ldr	r0, [r4]
 2484 005a FFF7FEFF 		bl	USB_ReadInterrupts
 2485              	.LVL196:
 527:Drivers/STM32F4xx_HAL_Driver/Src/stm32f4xx_hal_hcd.c ****     {
 2486              		.loc 1 527 8 discriminator 1 view .LVU788
 2487 005e 10F0020F 		tst	r0, #2
 2488 0062 02D0     		beq	.L159
 530:Drivers/STM32F4xx_HAL_Driver/Src/stm32f4xx_hal_hcd.c ****     }
 2489              		.loc 1 530 7 is_stmt 1 view .LVU789
 2490 0064 2368     		ldr	r3, [r4]
 2491 0066 0222     		movs	r2, #2
 2492 0068 5A61     		str	r2, [r3, #20]
ARM GAS  /tmp/ccsyczyn.s 			page 87


 2493              	.L159:
 534:Drivers/STM32F4xx_HAL_Driver/Src/stm32f4xx_hal_hcd.c ****     {
 2494              		.loc 1 534 5 view .LVU790
 534:Drivers/STM32F4xx_HAL_Driver/Src/stm32f4xx_hal_hcd.c ****     {
 2495              		.loc 1 534 9 is_stmt 0 view .LVU791
 2496 006a 2068     		ldr	r0, [r4]
 2497 006c FFF7FEFF 		bl	USB_ReadInterrupts
 2498              	.LVL197:
 534:Drivers/STM32F4xx_HAL_Driver/Src/stm32f4xx_hal_hcd.c ****     {
 2499              		.loc 1 534 8 discriminator 1 view .LVU792
 2500 0070 10F0005F 		tst	r0, #536870912
 2501 0074 08D0     		beq	.L160
 536:Drivers/STM32F4xx_HAL_Driver/Src/stm32f4xx_hal_hcd.c **** 
 2502              		.loc 1 536 7 is_stmt 1 view .LVU793
 2503 0076 2368     		ldr	r3, [r4]
 2504 0078 4FF00052 		mov	r2, #536870912
 2505 007c 5A61     		str	r2, [r3, #20]
 538:Drivers/STM32F4xx_HAL_Driver/Src/stm32f4xx_hal_hcd.c ****       {
 2506              		.loc 1 538 7 view .LVU794
 538:Drivers/STM32F4xx_HAL_Driver/Src/stm32f4xx_hal_hcd.c ****       {
 2507              		.loc 1 538 12 is_stmt 0 view .LVU795
 2508 007e D5F84034 		ldr	r3, [r5, #1088]
 538:Drivers/STM32F4xx_HAL_Driver/Src/stm32f4xx_hal_hcd.c ****       {
 2509              		.loc 1 538 10 view .LVU796
 2510 0082 13F0010F 		tst	r3, #1
 2511 0086 1DD0     		beq	.L170
 2512              	.L160:
 557:Drivers/STM32F4xx_HAL_Driver/Src/stm32f4xx_hal_hcd.c ****     {
 2513              		.loc 1 557 5 is_stmt 1 view .LVU797
 557:Drivers/STM32F4xx_HAL_Driver/Src/stm32f4xx_hal_hcd.c ****     {
 2514              		.loc 1 557 9 is_stmt 0 view .LVU798
 2515 0088 2068     		ldr	r0, [r4]
 2516 008a FFF7FEFF 		bl	USB_ReadInterrupts
 2517              	.LVL198:
 557:Drivers/STM32F4xx_HAL_Driver/Src/stm32f4xx_hal_hcd.c ****     {
 2518              		.loc 1 557 8 discriminator 1 view .LVU799
 2519 008e 10F0807F 		tst	r0, #16777216
 2520 0092 26D1     		bne	.L171
 2521              	.L161:
 563:Drivers/STM32F4xx_HAL_Driver/Src/stm32f4xx_hal_hcd.c ****     {
 2522              		.loc 1 563 5 is_stmt 1 view .LVU800
 563:Drivers/STM32F4xx_HAL_Driver/Src/stm32f4xx_hal_hcd.c ****     {
 2523              		.loc 1 563 9 is_stmt 0 view .LVU801
 2524 0094 2068     		ldr	r0, [r4]
 2525 0096 FFF7FEFF 		bl	USB_ReadInterrupts
 2526              	.LVL199:
 563:Drivers/STM32F4xx_HAL_Driver/Src/stm32f4xx_hal_hcd.c ****     {
 2527              		.loc 1 563 8 discriminator 1 view .LVU802
 2528 009a 10F0080F 		tst	r0, #8
 2529 009e 24D1     		bne	.L172
 2530              	.L162:
 575:Drivers/STM32F4xx_HAL_Driver/Src/stm32f4xx_hal_hcd.c ****     {
 2531              		.loc 1 575 5 is_stmt 1 view .LVU803
 575:Drivers/STM32F4xx_HAL_Driver/Src/stm32f4xx_hal_hcd.c ****     {
 2532              		.loc 1 575 10 is_stmt 0 view .LVU804
 2533 00a0 2068     		ldr	r0, [r4]
 2534 00a2 FFF7FEFF 		bl	USB_ReadInterrupts
ARM GAS  /tmp/ccsyczyn.s 			page 88


 2535              	.LVL200:
 575:Drivers/STM32F4xx_HAL_Driver/Src/stm32f4xx_hal_hcd.c ****     {
 2536              		.loc 1 575 60 discriminator 1 view .LVU805
 2537 00a6 10F0100F 		tst	r0, #16
 2538 00aa 25D1     		bne	.L173
 2539              	.L163:
 585:Drivers/STM32F4xx_HAL_Driver/Src/stm32f4xx_hal_hcd.c ****     {
 2540              		.loc 1 585 5 is_stmt 1 view .LVU806
 585:Drivers/STM32F4xx_HAL_Driver/Src/stm32f4xx_hal_hcd.c ****     {
 2541              		.loc 1 585 9 is_stmt 0 view .LVU807
 2542 00ac 2068     		ldr	r0, [r4]
 2543 00ae FFF7FEFF 		bl	USB_ReadInterrupts
 2544              	.LVL201:
 585:Drivers/STM32F4xx_HAL_Driver/Src/stm32f4xx_hal_hcd.c ****     {
 2545              		.loc 1 585 8 discriminator 1 view .LVU808
 2546 00b2 10F0007F 		tst	r0, #33554432
 2547 00b6 ABD0     		beq	.L154
 587:Drivers/STM32F4xx_HAL_Driver/Src/stm32f4xx_hal_hcd.c ****       for (i = 0U; i < hhcd->Init.Host_channels; i++)
 2548              		.loc 1 587 7 is_stmt 1 view .LVU809
 587:Drivers/STM32F4xx_HAL_Driver/Src/stm32f4xx_hal_hcd.c ****       for (i = 0U; i < hhcd->Init.Host_channels; i++)
 2549              		.loc 1 587 19 is_stmt 0 view .LVU810
 2550 00b8 2068     		ldr	r0, [r4]
 2551 00ba FFF7FEFF 		bl	USB_HC_ReadInterrupt
 2552              	.LVL202:
 2553 00be 0746     		mov	r7, r0
 2554              	.LVL203:
 588:Drivers/STM32F4xx_HAL_Driver/Src/stm32f4xx_hal_hcd.c ****       {
 2555              		.loc 1 588 7 is_stmt 1 view .LVU811
 588:Drivers/STM32F4xx_HAL_Driver/Src/stm32f4xx_hal_hcd.c ****       {
 2556              		.loc 1 588 14 is_stmt 0 view .LVU812
 2557 00c0 0026     		movs	r6, #0
 588:Drivers/STM32F4xx_HAL_Driver/Src/stm32f4xx_hal_hcd.c ****       {
 2558              		.loc 1 588 7 view .LVU813
 2559 00c2 2CE0     		b	.L164
 2560              	.LVL204:
 2561              	.L170:
 541:Drivers/STM32F4xx_HAL_Driver/Src/stm32f4xx_hal_hcd.c ****         (void)USB_FlushRxFifo(USBx);
 2562              		.loc 1 541 9 is_stmt 1 view .LVU814
 541:Drivers/STM32F4xx_HAL_Driver/Src/stm32f4xx_hal_hcd.c ****         (void)USB_FlushRxFifo(USBx);
 2563              		.loc 1 541 15 is_stmt 0 view .LVU815
 2564 00c4 1021     		movs	r1, #16
 2565 00c6 2846     		mov	r0, r5
 2566 00c8 FFF7FEFF 		bl	USB_FlushTxFifo
 2567              	.LVL205:
 542:Drivers/STM32F4xx_HAL_Driver/Src/stm32f4xx_hal_hcd.c **** 
 2568              		.loc 1 542 9 is_stmt 1 view .LVU816
 542:Drivers/STM32F4xx_HAL_Driver/Src/stm32f4xx_hal_hcd.c **** 
 2569              		.loc 1 542 15 is_stmt 0 view .LVU817
 2570 00cc 2846     		mov	r0, r5
 2571 00ce FFF7FEFF 		bl	USB_FlushRxFifo
 2572              	.LVL206:
 545:Drivers/STM32F4xx_HAL_Driver/Src/stm32f4xx_hal_hcd.c **** 
 2573              		.loc 1 545 9 is_stmt 1 view .LVU818
 545:Drivers/STM32F4xx_HAL_Driver/Src/stm32f4xx_hal_hcd.c **** 
 2574              		.loc 1 545 15 is_stmt 0 view .LVU819
 2575 00d2 0121     		movs	r1, #1
 2576 00d4 2068     		ldr	r0, [r4]
ARM GAS  /tmp/ccsyczyn.s 			page 89


 2577 00d6 FFF7FEFF 		bl	USB_InitFSLSPClkSel
 2578              	.LVL207:
 551:Drivers/STM32F4xx_HAL_Driver/Src/stm32f4xx_hal_hcd.c **** #endif /* USE_HAL_HCD_REGISTER_CALLBACKS */
 2579              		.loc 1 551 9 is_stmt 1 view .LVU820
 2580 00da 2046     		mov	r0, r4
 2581 00dc FFF7FEFF 		bl	HAL_HCD_Disconnect_Callback
 2582              	.LVL208:
 2583 00e0 D2E7     		b	.L160
 2584              	.L171:
 559:Drivers/STM32F4xx_HAL_Driver/Src/stm32f4xx_hal_hcd.c ****     }
 2585              		.loc 1 559 7 view .LVU821
 2586 00e2 2046     		mov	r0, r4
 2587 00e4 FFF7FEFF 		bl	HCD_Port_IRQHandler
 2588              	.LVL209:
 2589 00e8 D4E7     		b	.L161
 2590              	.L172:
 568:Drivers/STM32F4xx_HAL_Driver/Src/stm32f4xx_hal_hcd.c **** #endif /* USE_HAL_HCD_REGISTER_CALLBACKS */
 2591              		.loc 1 568 7 view .LVU822
 2592 00ea 2046     		mov	r0, r4
 2593 00ec FFF7FEFF 		bl	HAL_HCD_SOF_Callback
 2594              	.LVL210:
 571:Drivers/STM32F4xx_HAL_Driver/Src/stm32f4xx_hal_hcd.c ****     }
 2595              		.loc 1 571 7 view .LVU823
 2596 00f0 2368     		ldr	r3, [r4]
 2597 00f2 0822     		movs	r2, #8
 2598 00f4 5A61     		str	r2, [r3, #20]
 2599 00f6 D3E7     		b	.L162
 2600              	.L173:
 577:Drivers/STM32F4xx_HAL_Driver/Src/stm32f4xx_hal_hcd.c **** 
 2601              		.loc 1 577 7 view .LVU824
 2602 00f8 2268     		ldr	r2, [r4]
 2603 00fa 9369     		ldr	r3, [r2, #24]
 2604 00fc 23F01003 		bic	r3, r3, #16
 2605 0100 9361     		str	r3, [r2, #24]
 579:Drivers/STM32F4xx_HAL_Driver/Src/stm32f4xx_hal_hcd.c **** 
 2606              		.loc 1 579 7 view .LVU825
 2607 0102 2046     		mov	r0, r4
 2608 0104 FFF7FEFF 		bl	HCD_RXQLVL_IRQHandler
 2609              	.LVL211:
 581:Drivers/STM32F4xx_HAL_Driver/Src/stm32f4xx_hal_hcd.c ****     }
 2610              		.loc 1 581 7 view .LVU826
 2611 0108 2268     		ldr	r2, [r4]
 2612 010a 9369     		ldr	r3, [r2, #24]
 2613 010c 43F01003 		orr	r3, r3, #16
 2614 0110 9361     		str	r3, [r2, #24]
 2615 0112 CBE7     		b	.L163
 2616              	.LVL212:
 2617              	.L166:
 598:Drivers/STM32F4xx_HAL_Driver/Src/stm32f4xx_hal_hcd.c ****           }
 2618              		.loc 1 598 13 view .LVU827
 2619 0114 F1B2     		uxtb	r1, r6
 2620 0116 2046     		mov	r0, r4
 2621 0118 FFF7FEFF 		bl	HCD_HC_OUT_IRQHandler
 2622              	.LVL213:
 2623              	.L165:
 588:Drivers/STM32F4xx_HAL_Driver/Src/stm32f4xx_hal_hcd.c ****       {
 2624              		.loc 1 588 51 discriminator 2 view .LVU828
ARM GAS  /tmp/ccsyczyn.s 			page 90


 2625 011c 0136     		adds	r6, r6, #1
 2626              	.LVL214:
 2627              	.L164:
 588:Drivers/STM32F4xx_HAL_Driver/Src/stm32f4xx_hal_hcd.c ****       {
 2628              		.loc 1 588 22 discriminator 1 view .LVU829
 588:Drivers/STM32F4xx_HAL_Driver/Src/stm32f4xx_hal_hcd.c ****       {
 2629              		.loc 1 588 34 is_stmt 0 discriminator 1 view .LVU830
 2630 011e A368     		ldr	r3, [r4, #8]
 588:Drivers/STM32F4xx_HAL_Driver/Src/stm32f4xx_hal_hcd.c ****       {
 2631              		.loc 1 588 22 discriminator 1 view .LVU831
 2632 0120 B342     		cmp	r3, r6
 2633 0122 12D9     		bls	.L174
 590:Drivers/STM32F4xx_HAL_Driver/Src/stm32f4xx_hal_hcd.c ****         {
 2634              		.loc 1 590 9 is_stmt 1 view .LVU832
 590:Drivers/STM32F4xx_HAL_Driver/Src/stm32f4xx_hal_hcd.c ****         {
 2635              		.loc 1 590 37 is_stmt 0 view .LVU833
 2636 0124 06F00F03 		and	r3, r6, #15
 590:Drivers/STM32F4xx_HAL_Driver/Src/stm32f4xx_hal_hcd.c ****         {
 2637              		.loc 1 590 47 view .LVU834
 2638 0128 27FA03F3 		lsr	r3, r7, r3
 590:Drivers/STM32F4xx_HAL_Driver/Src/stm32f4xx_hal_hcd.c ****         {
 2639              		.loc 1 590 12 view .LVU835
 2640 012c 13F0010F 		tst	r3, #1
 2641 0130 F4D0     		beq	.L165
 592:Drivers/STM32F4xx_HAL_Driver/Src/stm32f4xx_hal_hcd.c ****           {
 2642              		.loc 1 592 11 is_stmt 1 view .LVU836
 592:Drivers/STM32F4xx_HAL_Driver/Src/stm32f4xx_hal_hcd.c ****           {
 2643              		.loc 1 592 16 is_stmt 0 view .LVU837
 2644 0132 05EB4613 		add	r3, r5, r6, lsl #5
 592:Drivers/STM32F4xx_HAL_Driver/Src/stm32f4xx_hal_hcd.c ****           {
 2645              		.loc 1 592 26 view .LVU838
 2646 0136 D3F80035 		ldr	r3, [r3, #1280]
 592:Drivers/STM32F4xx_HAL_Driver/Src/stm32f4xx_hal_hcd.c ****           {
 2647              		.loc 1 592 14 view .LVU839
 2648 013a 13F4004F 		tst	r3, #32768
 2649 013e E9D0     		beq	.L166
 594:Drivers/STM32F4xx_HAL_Driver/Src/stm32f4xx_hal_hcd.c ****           }
 2650              		.loc 1 594 13 is_stmt 1 view .LVU840
 2651 0140 F1B2     		uxtb	r1, r6
 2652 0142 2046     		mov	r0, r4
 2653 0144 FFF7FEFF 		bl	HCD_HC_IN_IRQHandler
 2654              	.LVL215:
 2655 0148 E8E7     		b	.L165
 2656              	.L174:
 602:Drivers/STM32F4xx_HAL_Driver/Src/stm32f4xx_hal_hcd.c ****     }
 2657              		.loc 1 602 7 view .LVU841
 2658 014a 2368     		ldr	r3, [r4]
 2659 014c 4FF00072 		mov	r2, #33554432
 2660 0150 5A61     		str	r2, [r3, #20]
 2661 0152 5DE7     		b	.L154
 2662              		.cfi_endproc
 2663              	.LFE223:
 2665              		.section	.text.HAL_HCD_Start,"ax",%progbits
 2666              		.align	1
 2667              		.global	HAL_HCD_Start
 2668              		.syntax unified
 2669              		.thumb
ARM GAS  /tmp/ccsyczyn.s 			page 91


 2670              		.thumb_func
 2672              	HAL_HCD_Start:
 2673              	.LVL216:
 2674              	.LFB231:
1026:Drivers/STM32F4xx_HAL_Driver/Src/stm32f4xx_hal_hcd.c ****   __HAL_LOCK(hhcd);
 2675              		.loc 1 1026 1 view -0
 2676              		.cfi_startproc
 2677              		@ args = 0, pretend = 0, frame = 0
 2678              		@ frame_needed = 0, uses_anonymous_args = 0
1027:Drivers/STM32F4xx_HAL_Driver/Src/stm32f4xx_hal_hcd.c ****   /* Enable port power */
 2679              		.loc 1 1027 3 view .LVU843
1027:Drivers/STM32F4xx_HAL_Driver/Src/stm32f4xx_hal_hcd.c ****   /* Enable port power */
 2680              		.loc 1 1027 3 view .LVU844
 2681 0000 90F8F832 		ldrb	r3, [r0, #760]	@ zero_extendqisi2
 2682 0004 012B     		cmp	r3, #1
 2683 0006 0ED0     		beq	.L177
1026:Drivers/STM32F4xx_HAL_Driver/Src/stm32f4xx_hal_hcd.c ****   __HAL_LOCK(hhcd);
 2684              		.loc 1 1026 1 is_stmt 0 view .LVU845
 2685 0008 10B5     		push	{r4, lr}
 2686              		.cfi_def_cfa_offset 8
 2687              		.cfi_offset 4, -8
 2688              		.cfi_offset 14, -4
 2689 000a 0446     		mov	r4, r0
1027:Drivers/STM32F4xx_HAL_Driver/Src/stm32f4xx_hal_hcd.c ****   /* Enable port power */
 2690              		.loc 1 1027 3 is_stmt 1 discriminator 2 view .LVU846
 2691 000c 0121     		movs	r1, #1
 2692 000e 80F8F812 		strb	r1, [r0, #760]
1027:Drivers/STM32F4xx_HAL_Driver/Src/stm32f4xx_hal_hcd.c ****   /* Enable port power */
 2693              		.loc 1 1027 3 discriminator 2 view .LVU847
1029:Drivers/STM32F4xx_HAL_Driver/Src/stm32f4xx_hal_hcd.c **** 
 2694              		.loc 1 1029 3 view .LVU848
1029:Drivers/STM32F4xx_HAL_Driver/Src/stm32f4xx_hal_hcd.c **** 
 2695              		.loc 1 1029 9 is_stmt 0 view .LVU849
 2696 0012 0068     		ldr	r0, [r0]
 2697              	.LVL217:
1029:Drivers/STM32F4xx_HAL_Driver/Src/stm32f4xx_hal_hcd.c **** 
 2698              		.loc 1 1029 9 view .LVU850
 2699 0014 FFF7FEFF 		bl	USB_DriveVbus
 2700              	.LVL218:
1032:Drivers/STM32F4xx_HAL_Driver/Src/stm32f4xx_hal_hcd.c ****   __HAL_UNLOCK(hhcd);
 2701              		.loc 1 1032 3 is_stmt 1 view .LVU851
 2702 0018 2068     		ldr	r0, [r4]
 2703 001a FFF7FEFF 		bl	USB_EnableGlobalInt
 2704              	.LVL219:
1033:Drivers/STM32F4xx_HAL_Driver/Src/stm32f4xx_hal_hcd.c **** 
 2705              		.loc 1 1033 3 view .LVU852
1033:Drivers/STM32F4xx_HAL_Driver/Src/stm32f4xx_hal_hcd.c **** 
 2706              		.loc 1 1033 3 view .LVU853
 2707 001e 0020     		movs	r0, #0
 2708 0020 84F8F802 		strb	r0, [r4, #760]
1033:Drivers/STM32F4xx_HAL_Driver/Src/stm32f4xx_hal_hcd.c **** 
 2709              		.loc 1 1033 3 view .LVU854
1035:Drivers/STM32F4xx_HAL_Driver/Src/stm32f4xx_hal_hcd.c **** }
 2710              		.loc 1 1035 3 view .LVU855
1036:Drivers/STM32F4xx_HAL_Driver/Src/stm32f4xx_hal_hcd.c **** 
 2711              		.loc 1 1036 1 is_stmt 0 view .LVU856
 2712 0024 10BD     		pop	{r4, pc}
ARM GAS  /tmp/ccsyczyn.s 			page 92


 2713              	.LVL220:
 2714              	.L177:
 2715              		.cfi_def_cfa_offset 0
 2716              		.cfi_restore 4
 2717              		.cfi_restore 14
1027:Drivers/STM32F4xx_HAL_Driver/Src/stm32f4xx_hal_hcd.c ****   /* Enable port power */
 2718              		.loc 1 1027 3 discriminator 1 view .LVU857
 2719 0026 0220     		movs	r0, #2
 2720              	.LVL221:
1036:Drivers/STM32F4xx_HAL_Driver/Src/stm32f4xx_hal_hcd.c **** 
 2721              		.loc 1 1036 1 view .LVU858
 2722 0028 7047     		bx	lr
 2723              		.cfi_endproc
 2724              	.LFE231:
 2726              		.section	.text.HAL_HCD_Stop,"ax",%progbits
 2727              		.align	1
 2728              		.global	HAL_HCD_Stop
 2729              		.syntax unified
 2730              		.thumb
 2731              		.thumb_func
 2733              	HAL_HCD_Stop:
 2734              	.LVL222:
 2735              	.LFB232:
1045:Drivers/STM32F4xx_HAL_Driver/Src/stm32f4xx_hal_hcd.c ****   __HAL_LOCK(hhcd);
 2736              		.loc 1 1045 1 is_stmt 1 view -0
 2737              		.cfi_startproc
 2738              		@ args = 0, pretend = 0, frame = 0
 2739              		@ frame_needed = 0, uses_anonymous_args = 0
1046:Drivers/STM32F4xx_HAL_Driver/Src/stm32f4xx_hal_hcd.c ****   (void)USB_StopHost(hhcd->Instance);
 2740              		.loc 1 1046 3 view .LVU860
1046:Drivers/STM32F4xx_HAL_Driver/Src/stm32f4xx_hal_hcd.c ****   (void)USB_StopHost(hhcd->Instance);
 2741              		.loc 1 1046 3 view .LVU861
 2742 0000 90F8F832 		ldrb	r3, [r0, #760]	@ zero_extendqisi2
 2743 0004 012B     		cmp	r3, #1
 2744 0006 0BD0     		beq	.L184
1045:Drivers/STM32F4xx_HAL_Driver/Src/stm32f4xx_hal_hcd.c ****   __HAL_LOCK(hhcd);
 2745              		.loc 1 1045 1 is_stmt 0 view .LVU862
 2746 0008 10B5     		push	{r4, lr}
 2747              		.cfi_def_cfa_offset 8
 2748              		.cfi_offset 4, -8
 2749              		.cfi_offset 14, -4
 2750 000a 0446     		mov	r4, r0
1046:Drivers/STM32F4xx_HAL_Driver/Src/stm32f4xx_hal_hcd.c ****   (void)USB_StopHost(hhcd->Instance);
 2751              		.loc 1 1046 3 is_stmt 1 discriminator 2 view .LVU863
 2752 000c 0123     		movs	r3, #1
 2753 000e 80F8F832 		strb	r3, [r0, #760]
1046:Drivers/STM32F4xx_HAL_Driver/Src/stm32f4xx_hal_hcd.c ****   (void)USB_StopHost(hhcd->Instance);
 2754              		.loc 1 1046 3 discriminator 2 view .LVU864
1047:Drivers/STM32F4xx_HAL_Driver/Src/stm32f4xx_hal_hcd.c ****   __HAL_UNLOCK(hhcd);
 2755              		.loc 1 1047 3 view .LVU865
1047:Drivers/STM32F4xx_HAL_Driver/Src/stm32f4xx_hal_hcd.c ****   __HAL_UNLOCK(hhcd);
 2756              		.loc 1 1047 9 is_stmt 0 view .LVU866
 2757 0012 0068     		ldr	r0, [r0]
 2758              	.LVL223:
1047:Drivers/STM32F4xx_HAL_Driver/Src/stm32f4xx_hal_hcd.c ****   __HAL_UNLOCK(hhcd);
 2759              		.loc 1 1047 9 view .LVU867
 2760 0014 FFF7FEFF 		bl	USB_StopHost
ARM GAS  /tmp/ccsyczyn.s 			page 93


 2761              	.LVL224:
1048:Drivers/STM32F4xx_HAL_Driver/Src/stm32f4xx_hal_hcd.c **** 
 2762              		.loc 1 1048 3 is_stmt 1 view .LVU868
1048:Drivers/STM32F4xx_HAL_Driver/Src/stm32f4xx_hal_hcd.c **** 
 2763              		.loc 1 1048 3 view .LVU869
 2764 0018 0020     		movs	r0, #0
 2765 001a 84F8F802 		strb	r0, [r4, #760]
1048:Drivers/STM32F4xx_HAL_Driver/Src/stm32f4xx_hal_hcd.c **** 
 2766              		.loc 1 1048 3 view .LVU870
1050:Drivers/STM32F4xx_HAL_Driver/Src/stm32f4xx_hal_hcd.c **** }
 2767              		.loc 1 1050 3 view .LVU871
1051:Drivers/STM32F4xx_HAL_Driver/Src/stm32f4xx_hal_hcd.c **** 
 2768              		.loc 1 1051 1 is_stmt 0 view .LVU872
 2769 001e 10BD     		pop	{r4, pc}
 2770              	.LVL225:
 2771              	.L184:
 2772              		.cfi_def_cfa_offset 0
 2773              		.cfi_restore 4
 2774              		.cfi_restore 14
1046:Drivers/STM32F4xx_HAL_Driver/Src/stm32f4xx_hal_hcd.c ****   (void)USB_StopHost(hhcd->Instance);
 2775              		.loc 1 1046 3 discriminator 1 view .LVU873
 2776 0020 0220     		movs	r0, #2
 2777              	.LVL226:
1051:Drivers/STM32F4xx_HAL_Driver/Src/stm32f4xx_hal_hcd.c **** 
 2778              		.loc 1 1051 1 view .LVU874
 2779 0022 7047     		bx	lr
 2780              		.cfi_endproc
 2781              	.LFE232:
 2783              		.section	.text.HAL_HCD_ResetPort,"ax",%progbits
 2784              		.align	1
 2785              		.global	HAL_HCD_ResetPort
 2786              		.syntax unified
 2787              		.thumb
 2788              		.thumb_func
 2790              	HAL_HCD_ResetPort:
 2791              	.LVL227:
 2792              	.LFB233:
1059:Drivers/STM32F4xx_HAL_Driver/Src/stm32f4xx_hal_hcd.c ****   return (USB_ResetPort(hhcd->Instance));
 2793              		.loc 1 1059 1 is_stmt 1 view -0
 2794              		.cfi_startproc
 2795              		@ args = 0, pretend = 0, frame = 0
 2796              		@ frame_needed = 0, uses_anonymous_args = 0
1059:Drivers/STM32F4xx_HAL_Driver/Src/stm32f4xx_hal_hcd.c ****   return (USB_ResetPort(hhcd->Instance));
 2797              		.loc 1 1059 1 is_stmt 0 view .LVU876
 2798 0000 08B5     		push	{r3, lr}
 2799              		.cfi_def_cfa_offset 8
 2800              		.cfi_offset 3, -8
 2801              		.cfi_offset 14, -4
1060:Drivers/STM32F4xx_HAL_Driver/Src/stm32f4xx_hal_hcd.c **** }
 2802              		.loc 1 1060 3 is_stmt 1 view .LVU877
1060:Drivers/STM32F4xx_HAL_Driver/Src/stm32f4xx_hal_hcd.c **** }
 2803              		.loc 1 1060 11 is_stmt 0 view .LVU878
 2804 0002 0068     		ldr	r0, [r0]
 2805              	.LVL228:
1060:Drivers/STM32F4xx_HAL_Driver/Src/stm32f4xx_hal_hcd.c **** }
 2806              		.loc 1 1060 11 view .LVU879
 2807 0004 FFF7FEFF 		bl	USB_ResetPort
ARM GAS  /tmp/ccsyczyn.s 			page 94


 2808              	.LVL229:
1061:Drivers/STM32F4xx_HAL_Driver/Src/stm32f4xx_hal_hcd.c **** 
 2809              		.loc 1 1061 1 view .LVU880
 2810 0008 08BD     		pop	{r3, pc}
 2811              		.cfi_endproc
 2812              	.LFE233:
 2814              		.section	.text.HAL_HCD_GetState,"ax",%progbits
 2815              		.align	1
 2816              		.global	HAL_HCD_GetState
 2817              		.syntax unified
 2818              		.thumb
 2819              		.thumb_func
 2821              	HAL_HCD_GetState:
 2822              	.LVL230:
 2823              	.LFB234:
1088:Drivers/STM32F4xx_HAL_Driver/Src/stm32f4xx_hal_hcd.c ****   return hhcd->State;
 2824              		.loc 1 1088 1 is_stmt 1 view -0
 2825              		.cfi_startproc
 2826              		@ args = 0, pretend = 0, frame = 0
 2827              		@ frame_needed = 0, uses_anonymous_args = 0
 2828              		@ link register save eliminated.
1089:Drivers/STM32F4xx_HAL_Driver/Src/stm32f4xx_hal_hcd.c **** }
 2829              		.loc 1 1089 3 view .LVU882
1089:Drivers/STM32F4xx_HAL_Driver/Src/stm32f4xx_hal_hcd.c **** }
 2830              		.loc 1 1089 14 is_stmt 0 view .LVU883
 2831 0000 90F8F902 		ldrb	r0, [r0, #761]	@ zero_extendqisi2
 2832              	.LVL231:
1090:Drivers/STM32F4xx_HAL_Driver/Src/stm32f4xx_hal_hcd.c **** 
 2833              		.loc 1 1090 1 view .LVU884
 2834 0004 7047     		bx	lr
 2835              		.cfi_endproc
 2836              	.LFE234:
 2838              		.section	.text.HAL_HCD_HC_GetURBState,"ax",%progbits
 2839              		.align	1
 2840              		.global	HAL_HCD_HC_GetURBState
 2841              		.syntax unified
 2842              		.thumb
 2843              		.thumb_func
 2845              	HAL_HCD_HC_GetURBState:
 2846              	.LVL232:
 2847              	.LFB235:
1107:Drivers/STM32F4xx_HAL_Driver/Src/stm32f4xx_hal_hcd.c ****   return hhcd->hc[chnum].urb_state;
 2848              		.loc 1 1107 1 is_stmt 1 view -0
 2849              		.cfi_startproc
 2850              		@ args = 0, pretend = 0, frame = 0
 2851              		@ frame_needed = 0, uses_anonymous_args = 0
 2852              		@ link register save eliminated.
1108:Drivers/STM32F4xx_HAL_Driver/Src/stm32f4xx_hal_hcd.c **** }
 2853              		.loc 1 1108 3 view .LVU886
1108:Drivers/STM32F4xx_HAL_Driver/Src/stm32f4xx_hal_hcd.c **** }
 2854              		.loc 1 1108 25 is_stmt 0 view .LVU887
 2855 0000 2C23     		movs	r3, #44
 2856 0002 03FB0100 		mla	r0, r3, r1, r0
 2857              	.LVL233:
1109:Drivers/STM32F4xx_HAL_Driver/Src/stm32f4xx_hal_hcd.c **** 
 2858              		.loc 1 1109 1 view .LVU888
 2859 0006 90F86000 		ldrb	r0, [r0, #96]	@ zero_extendqisi2
ARM GAS  /tmp/ccsyczyn.s 			page 95


 2860 000a 7047     		bx	lr
 2861              		.cfi_endproc
 2862              	.LFE235:
 2864              		.section	.text.HAL_HCD_HC_GetXferCount,"ax",%progbits
 2865              		.align	1
 2866              		.global	HAL_HCD_HC_GetXferCount
 2867              		.syntax unified
 2868              		.thumb
 2869              		.thumb_func
 2871              	HAL_HCD_HC_GetXferCount:
 2872              	.LVL234:
 2873              	.LFB236:
1120:Drivers/STM32F4xx_HAL_Driver/Src/stm32f4xx_hal_hcd.c ****   return hhcd->hc[chnum].xfer_count;
 2874              		.loc 1 1120 1 is_stmt 1 view -0
 2875              		.cfi_startproc
 2876              		@ args = 0, pretend = 0, frame = 0
 2877              		@ frame_needed = 0, uses_anonymous_args = 0
 2878              		@ link register save eliminated.
1121:Drivers/STM32F4xx_HAL_Driver/Src/stm32f4xx_hal_hcd.c **** }
 2879              		.loc 1 1121 3 view .LVU890
1121:Drivers/STM32F4xx_HAL_Driver/Src/stm32f4xx_hal_hcd.c **** }
 2880              		.loc 1 1121 25 is_stmt 0 view .LVU891
 2881 0000 2C23     		movs	r3, #44
 2882 0002 03FB0100 		mla	r0, r3, r1, r0
 2883              	.LVL235:
1122:Drivers/STM32F4xx_HAL_Driver/Src/stm32f4xx_hal_hcd.c **** 
 2884              		.loc 1 1122 1 view .LVU892
 2885 0006 006D     		ldr	r0, [r0, #80]
 2886 0008 7047     		bx	lr
 2887              		.cfi_endproc
 2888              	.LFE236:
 2890              		.section	.text.HAL_HCD_HC_GetState,"ax",%progbits
 2891              		.align	1
 2892              		.global	HAL_HCD_HC_GetState
 2893              		.syntax unified
 2894              		.thumb
 2895              		.thumb_func
 2897              	HAL_HCD_HC_GetState:
 2898              	.LVL236:
 2899              	.LFB237:
1142:Drivers/STM32F4xx_HAL_Driver/Src/stm32f4xx_hal_hcd.c ****   return hhcd->hc[chnum].state;
 2900              		.loc 1 1142 1 is_stmt 1 view -0
 2901              		.cfi_startproc
 2902              		@ args = 0, pretend = 0, frame = 0
 2903              		@ frame_needed = 0, uses_anonymous_args = 0
 2904              		@ link register save eliminated.
1143:Drivers/STM32F4xx_HAL_Driver/Src/stm32f4xx_hal_hcd.c **** }
 2905              		.loc 1 1143 3 view .LVU894
1143:Drivers/STM32F4xx_HAL_Driver/Src/stm32f4xx_hal_hcd.c **** }
 2906              		.loc 1 1143 25 is_stmt 0 view .LVU895
 2907 0000 2C23     		movs	r3, #44
 2908 0002 03FB0100 		mla	r0, r3, r1, r0
 2909              	.LVL237:
1144:Drivers/STM32F4xx_HAL_Driver/Src/stm32f4xx_hal_hcd.c **** 
 2910              		.loc 1 1144 1 view .LVU896
 2911 0006 90F86100 		ldrb	r0, [r0, #97]	@ zero_extendqisi2
 2912 000a 7047     		bx	lr
ARM GAS  /tmp/ccsyczyn.s 			page 96


 2913              		.cfi_endproc
 2914              	.LFE237:
 2916              		.section	.text.HAL_HCD_GetCurrentFrame,"ax",%progbits
 2917              		.align	1
 2918              		.global	HAL_HCD_GetCurrentFrame
 2919              		.syntax unified
 2920              		.thumb
 2921              		.thumb_func
 2923              	HAL_HCD_GetCurrentFrame:
 2924              	.LVL238:
 2925              	.LFB238:
1152:Drivers/STM32F4xx_HAL_Driver/Src/stm32f4xx_hal_hcd.c ****   return (USB_GetCurrentFrame(hhcd->Instance));
 2926              		.loc 1 1152 1 is_stmt 1 view -0
 2927              		.cfi_startproc
 2928              		@ args = 0, pretend = 0, frame = 0
 2929              		@ frame_needed = 0, uses_anonymous_args = 0
1152:Drivers/STM32F4xx_HAL_Driver/Src/stm32f4xx_hal_hcd.c ****   return (USB_GetCurrentFrame(hhcd->Instance));
 2930              		.loc 1 1152 1 is_stmt 0 view .LVU898
 2931 0000 08B5     		push	{r3, lr}
 2932              		.cfi_def_cfa_offset 8
 2933              		.cfi_offset 3, -8
 2934              		.cfi_offset 14, -4
1153:Drivers/STM32F4xx_HAL_Driver/Src/stm32f4xx_hal_hcd.c **** }
 2935              		.loc 1 1153 3 is_stmt 1 view .LVU899
1153:Drivers/STM32F4xx_HAL_Driver/Src/stm32f4xx_hal_hcd.c **** }
 2936              		.loc 1 1153 11 is_stmt 0 view .LVU900
 2937 0002 0068     		ldr	r0, [r0]
 2938              	.LVL239:
1153:Drivers/STM32F4xx_HAL_Driver/Src/stm32f4xx_hal_hcd.c **** }
 2939              		.loc 1 1153 11 view .LVU901
 2940 0004 FFF7FEFF 		bl	USB_GetCurrentFrame
 2941              	.LVL240:
1154:Drivers/STM32F4xx_HAL_Driver/Src/stm32f4xx_hal_hcd.c **** 
 2942              		.loc 1 1154 1 view .LVU902
 2943 0008 08BD     		pop	{r3, pc}
 2944              		.cfi_endproc
 2945              	.LFE238:
 2947              		.section	.text.HAL_HCD_GetCurrentSpeed,"ax",%progbits
 2948              		.align	1
 2949              		.global	HAL_HCD_GetCurrentSpeed
 2950              		.syntax unified
 2951              		.thumb
 2952              		.thumb_func
 2954              	HAL_HCD_GetCurrentSpeed:
 2955              	.LVL241:
 2956              	.LFB239:
1162:Drivers/STM32F4xx_HAL_Driver/Src/stm32f4xx_hal_hcd.c ****   return (USB_GetHostSpeed(hhcd->Instance));
 2957              		.loc 1 1162 1 is_stmt 1 view -0
 2958              		.cfi_startproc
 2959              		@ args = 0, pretend = 0, frame = 0
 2960              		@ frame_needed = 0, uses_anonymous_args = 0
1162:Drivers/STM32F4xx_HAL_Driver/Src/stm32f4xx_hal_hcd.c ****   return (USB_GetHostSpeed(hhcd->Instance));
 2961              		.loc 1 1162 1 is_stmt 0 view .LVU904
 2962 0000 08B5     		push	{r3, lr}
 2963              		.cfi_def_cfa_offset 8
 2964              		.cfi_offset 3, -8
 2965              		.cfi_offset 14, -4
ARM GAS  /tmp/ccsyczyn.s 			page 97


1163:Drivers/STM32F4xx_HAL_Driver/Src/stm32f4xx_hal_hcd.c **** }
 2966              		.loc 1 1163 3 is_stmt 1 view .LVU905
1163:Drivers/STM32F4xx_HAL_Driver/Src/stm32f4xx_hal_hcd.c **** }
 2967              		.loc 1 1163 11 is_stmt 0 view .LVU906
 2968 0002 0068     		ldr	r0, [r0]
 2969              	.LVL242:
1163:Drivers/STM32F4xx_HAL_Driver/Src/stm32f4xx_hal_hcd.c **** }
 2970              		.loc 1 1163 11 view .LVU907
 2971 0004 FFF7FEFF 		bl	USB_GetHostSpeed
 2972              	.LVL243:
1164:Drivers/STM32F4xx_HAL_Driver/Src/stm32f4xx_hal_hcd.c **** 
 2973              		.loc 1 1164 1 view .LVU908
 2974 0008 08BD     		pop	{r3, pc}
 2975              		.cfi_endproc
 2976              	.LFE239:
 2978              		.text
 2979              	.Letext0:
 2980              		.file 2 "/usr/lib/gcc/arm-none-eabi/13.2.1/include/stdint.h"
 2981              		.file 3 "Drivers/CMSIS/Device/ST/STM32F4xx/Include/stm32f401xc.h"
 2982              		.file 4 "Drivers/STM32F4xx_HAL_Driver/Inc/stm32f4xx_hal_def.h"
 2983              		.file 5 "Drivers/STM32F4xx_HAL_Driver/Inc/stm32f4xx_ll_usb.h"
 2984              		.file 6 "Drivers/STM32F4xx_HAL_Driver/Inc/stm32f4xx_hal_hcd.h"
ARM GAS  /tmp/ccsyczyn.s 			page 98


DEFINED SYMBOLS
                            *ABS*:00000000 stm32f4xx_hal_hcd.c
     /tmp/ccsyczyn.s:21     .text.HCD_RXQLVL_IRQHandler:00000000 $t
     /tmp/ccsyczyn.s:26     .text.HCD_RXQLVL_IRQHandler:00000000 HCD_RXQLVL_IRQHandler
     /tmp/ccsyczyn.s:186    .text.HCD_RXQLVL_IRQHandler:000000a0 $d
     /tmp/ccsyczyn.s:191    .text.HAL_HCD_HC_Init:00000000 $t
     /tmp/ccsyczyn.s:197    .text.HAL_HCD_HC_Init:00000000 HAL_HCD_HC_Init
     /tmp/ccsyczyn.s:309    .text.HAL_HCD_HC_Halt:00000000 $t
     /tmp/ccsyczyn.s:315    .text.HAL_HCD_HC_Halt:00000000 HAL_HCD_HC_Halt
     /tmp/ccsyczyn.s:367    .text.HAL_HCD_MspInit:00000000 $t
     /tmp/ccsyczyn.s:373    .text.HAL_HCD_MspInit:00000000 HAL_HCD_MspInit
     /tmp/ccsyczyn.s:388    .text.HAL_HCD_Init:00000000 $t
     /tmp/ccsyczyn.s:394    .text.HAL_HCD_Init:00000000 HAL_HCD_Init
     /tmp/ccsyczyn.s:529    .text.HAL_HCD_MspDeInit:00000000 $t
     /tmp/ccsyczyn.s:535    .text.HAL_HCD_MspDeInit:00000000 HAL_HCD_MspDeInit
     /tmp/ccsyczyn.s:550    .text.HAL_HCD_DeInit:00000000 $t
     /tmp/ccsyczyn.s:556    .text.HAL_HCD_DeInit:00000000 HAL_HCD_DeInit
     /tmp/ccsyczyn.s:604    .text.HAL_HCD_HC_SubmitRequest:00000000 $t
     /tmp/ccsyczyn.s:610    .text.HAL_HCD_HC_SubmitRequest:00000000 HAL_HCD_HC_SubmitRequest
     /tmp/ccsyczyn.s:652    .text.HAL_HCD_HC_SubmitRequest:00000038 $d
     /tmp/ccsyczyn.s:656    .text.HAL_HCD_HC_SubmitRequest:0000003c $t
     /tmp/ccsyczyn.s:889    .text.HAL_HCD_WKUP_IRQHandler:00000000 $t
     /tmp/ccsyczyn.s:895    .text.HAL_HCD_WKUP_IRQHandler:00000000 HAL_HCD_WKUP_IRQHandler
     /tmp/ccsyczyn.s:910    .text.HAL_HCD_SOF_Callback:00000000 $t
     /tmp/ccsyczyn.s:916    .text.HAL_HCD_SOF_Callback:00000000 HAL_HCD_SOF_Callback
     /tmp/ccsyczyn.s:931    .text.HAL_HCD_Connect_Callback:00000000 $t
     /tmp/ccsyczyn.s:937    .text.HAL_HCD_Connect_Callback:00000000 HAL_HCD_Connect_Callback
     /tmp/ccsyczyn.s:952    .text.HAL_HCD_Disconnect_Callback:00000000 $t
     /tmp/ccsyczyn.s:958    .text.HAL_HCD_Disconnect_Callback:00000000 HAL_HCD_Disconnect_Callback
     /tmp/ccsyczyn.s:973    .text.HAL_HCD_PortEnabled_Callback:00000000 $t
     /tmp/ccsyczyn.s:979    .text.HAL_HCD_PortEnabled_Callback:00000000 HAL_HCD_PortEnabled_Callback
     /tmp/ccsyczyn.s:994    .text.HAL_HCD_PortDisabled_Callback:00000000 $t
     /tmp/ccsyczyn.s:1000   .text.HAL_HCD_PortDisabled_Callback:00000000 HAL_HCD_PortDisabled_Callback
     /tmp/ccsyczyn.s:1015   .text.HCD_Port_IRQHandler:00000000 $t
     /tmp/ccsyczyn.s:1020   .text.HCD_Port_IRQHandler:00000000 HCD_Port_IRQHandler
     /tmp/ccsyczyn.s:1182   .text.HAL_HCD_HC_NotifyURBChange_Callback:00000000 $t
     /tmp/ccsyczyn.s:1188   .text.HAL_HCD_HC_NotifyURBChange_Callback:00000000 HAL_HCD_HC_NotifyURBChange_Callback
     /tmp/ccsyczyn.s:1205   .text.HCD_HC_IN_IRQHandler:00000000 $t
     /tmp/ccsyczyn.s:1210   .text.HCD_HC_IN_IRQHandler:00000000 HCD_HC_IN_IRQHandler
     /tmp/ccsyczyn.s:1307   .text.HCD_HC_IN_IRQHandler:0000006a $d
     /tmp/ccsyczyn.s:1312   .text.HCD_HC_IN_IRQHandler:0000006e $t
     /tmp/ccsyczyn.s:1585   .text.HCD_HC_IN_IRQHandler:000001fe $d
     /tmp/ccsyczyn.s:1593   .text.HCD_HC_IN_IRQHandler:00000206 $t
     /tmp/ccsyczyn.s:1788   .text.HCD_HC_OUT_IRQHandler:00000000 $t
     /tmp/ccsyczyn.s:1793   .text.HCD_HC_OUT_IRQHandler:00000000 HCD_HC_OUT_IRQHandler
     /tmp/ccsyczyn.s:2192   .text.HCD_HC_OUT_IRQHandler:000001f8 $d
     /tmp/ccsyczyn.s:2200   .text.HCD_HC_OUT_IRQHandler:00000200 $t
     /tmp/ccsyczyn.s:2389   .text.HAL_HCD_IRQHandler:00000000 $t
     /tmp/ccsyczyn.s:2395   .text.HAL_HCD_IRQHandler:00000000 HAL_HCD_IRQHandler
     /tmp/ccsyczyn.s:2666   .text.HAL_HCD_Start:00000000 $t
     /tmp/ccsyczyn.s:2672   .text.HAL_HCD_Start:00000000 HAL_HCD_Start
     /tmp/ccsyczyn.s:2727   .text.HAL_HCD_Stop:00000000 $t
     /tmp/ccsyczyn.s:2733   .text.HAL_HCD_Stop:00000000 HAL_HCD_Stop
     /tmp/ccsyczyn.s:2784   .text.HAL_HCD_ResetPort:00000000 $t
     /tmp/ccsyczyn.s:2790   .text.HAL_HCD_ResetPort:00000000 HAL_HCD_ResetPort
     /tmp/ccsyczyn.s:2815   .text.HAL_HCD_GetState:00000000 $t
     /tmp/ccsyczyn.s:2821   .text.HAL_HCD_GetState:00000000 HAL_HCD_GetState
ARM GAS  /tmp/ccsyczyn.s 			page 99


     /tmp/ccsyczyn.s:2839   .text.HAL_HCD_HC_GetURBState:00000000 $t
     /tmp/ccsyczyn.s:2845   .text.HAL_HCD_HC_GetURBState:00000000 HAL_HCD_HC_GetURBState
     /tmp/ccsyczyn.s:2865   .text.HAL_HCD_HC_GetXferCount:00000000 $t
     /tmp/ccsyczyn.s:2871   .text.HAL_HCD_HC_GetXferCount:00000000 HAL_HCD_HC_GetXferCount
     /tmp/ccsyczyn.s:2891   .text.HAL_HCD_HC_GetState:00000000 $t
     /tmp/ccsyczyn.s:2897   .text.HAL_HCD_HC_GetState:00000000 HAL_HCD_HC_GetState
     /tmp/ccsyczyn.s:2917   .text.HAL_HCD_GetCurrentFrame:00000000 $t
     /tmp/ccsyczyn.s:2923   .text.HAL_HCD_GetCurrentFrame:00000000 HAL_HCD_GetCurrentFrame
     /tmp/ccsyczyn.s:2948   .text.HAL_HCD_GetCurrentSpeed:00000000 $t
     /tmp/ccsyczyn.s:2954   .text.HAL_HCD_GetCurrentSpeed:00000000 HAL_HCD_GetCurrentSpeed
                           .group:00000000 wm4.0.a2c88c0e0e60094af2c84dce921779d2
                           .group:00000000 wm4.stm32f4xx_hal_conf.h.25.758a9f5dc6450f8647b5af7fe8eb27ed
                           .group:00000000 wm4.stm32f4xx.h.39.163e65267b4f964a08764289722b975f
                           .group:00000000 wm4.stm32f401xc.h.35.52d05665f5a2df9c1992e17eee7d2af5
                           .group:00000000 wm4.stdint.h.29.6d480f4ba0f60596e88234283d42444f
                           .group:00000000 wm4.cmsis_version.h.32.4d5822004c01a829a975260e854b5f8e
                           .group:00000000 wm4.core_cm4.h.66.e4ff136c4a17abc46741866f64f8e729
                           .group:00000000 wm4.cmsis_gcc.h.26.6774fe91202d65f4d5ffcff60e00da34
                           .group:00000000 wm4.core_cm4.h.174.059a5e001a9e729091d1407208e93224
                           .group:00000000 wm4.mpu_armv7.h.32.27b4593cb2f8d3152ca5d97a9d72b321
                           .group:00000000 wm4.stm32f401xc.h.636.9a664cc173dbe5d5f2dac1e758e3577d
                           .group:00000000 wm4.stm32f4xx.h.196.0b21137cf6c6923d8fd1f4d94a3bfdd4
                           .group:00000000 wm4.stm32_hal_legacy.h.23.e2601123cf1b2a3b6d11d949644ddf87
                           .group:00000000 wm4.stddef.h.39.0dc9006b34572d4d9cae4c8b422c4971
                           .group:00000000 wm4.stm32f4xx_hal_def.h.58.f614308b482cecea9bcc0016240ac0fc
                           .group:00000000 wm4.stm32f4xx_hal_rcc_ex.h.22.3f3b596cc307dc701c7c99b0fc6c9b58
                           .group:00000000 wm4.stm32f4xx_hal_rcc.h.108.b82c8c670b41d96b2920e2f63661be15
                           .group:00000000 wm4.stm32f4xx_hal_gpio.h.22.e47df9f0f5be4ddc2ed2d14042c5e680
                           .group:00000000 wm4.stm32f4xx_hal_gpio_ex.h.22.5014ee010492a350679453c3b4a59718
                           .group:00000000 wm4.stm32f4xx_hal_gpio.h.255.5b948d47ad1357d6d2213e5e5ca4755c
                           .group:00000000 wm4.stm32f4xx_hal_exti.h.22.1f47767199c5bf749c04088e5c61c9c8
                           .group:00000000 wm4.stm32f4xx_hal_dma.h.22.fffce20ac9119c50557659c75e75ab1c
                           .group:00000000 wm4.stm32f4xx_hal_dma.h.721.a1e57ffbc615f926e6509c5acc65e492
                           .group:00000000 wm4.stm32f4xx_hal_cortex.h.22.e6aa3b847b5388be63c32d1f9e696ef7
                           .group:00000000 wm4.stm32f4xx_ll_adc.h.22.a8e07f8509bbb4868e2c24461c7eee47
                           .group:00000000 wm4.stm32f4xx_hal_adc.h.160.ef18931a059b62efbac7762c6a09e47f
                           .group:00000000 wm4.stm32f4xx_hal_adc_ex.h.22.25ddc09ef7109b33adae2990f50c4304
                           .group:00000000 wm4.stm32f4xx_hal_adc.h.640.733b38c420d3407eb5f8ddd98816c661
                           .group:00000000 wm4.stm32f4xx_hal_flash.h.22.31b301be2655c3eb8583e51c8231544a
                           .group:00000000 wm4.stm32f4xx_hal_flash_ex.h.22.00cb5cb208d28a1f20f3b257a6f51bad
                           .group:00000000 wm4.stm32f4xx_hal_flash.h.363.51efdf0f6c88f683efb89d7cc95cc1be
                           .group:00000000 wm4.stm32f4xx_hal_pwr.h.22.2c27d93ae187efe3a73816f03a329970
                           .group:00000000 wm4.stm32f4xx_hal_pwr_ex.h.22.04eb3957e13ca6e5ed8952d2d168bdc0
                           .group:00000000 wm4.stm32f4xx_hal_pwr.h.337.60b43975c84527a23cb6994b23165a5e
                           .group:00000000 wm4.stm32f4xx_hal_uart.h.22.591b491756a19342b0bf79eea5b33e1b
                           .group:00000000 wm4.stm32f4xx_ll_usb.h.22.3497d8ac31b2bdafc7c2a34d860c4769
                           .group:00000000 wm4.stm32f4xx_hal_hcd.h.111.a51c3bd0d61d2d8cadb372f7c7d9eccb
                           .group:00000000 wm4.stm32f4xx_hal.h.72.a5a58188aa461a0614f1e58e159c7840

UNDEFINED SYMBOLS
USB_ReadPacket
USB_HC_Init
USB_HC_Halt
USB_DisableGlobalInt
USB_CoreInit
USB_SetCurrentMode
USB_HostInit
ARM GAS  /tmp/ccsyczyn.s 			page 100


USB_HC_StartXfer
USB_InitFSLSPClkSel
USB_GetMode
USB_ReadInterrupts
USB_HC_ReadInterrupt
USB_FlushTxFifo
USB_FlushRxFifo
USB_DriveVbus
USB_EnableGlobalInt
USB_StopHost
USB_ResetPort
USB_GetCurrentFrame
USB_GetHostSpeed
