ARM GAS  /tmp/ccsCpbFO.s 			page 1


   1              		.cpu cortex-m4
   2              		.arch armv7e-m
   3              		.fpu fpv4-sp-d16
   4              		.eabi_attribute 27, 1
   5              		.eabi_attribute 28, 1
   6              		.eabi_attribute 20, 1
   7              		.eabi_attribute 21, 1
   8              		.eabi_attribute 23, 3
   9              		.eabi_attribute 24, 1
  10              		.eabi_attribute 25, 1
  11              		.eabi_attribute 26, 1
  12              		.eabi_attribute 30, 1
  13              		.eabi_attribute 34, 1
  14              		.eabi_attribute 18, 4
  15              		.file	"stm32f4xx_hal_dma_ex.c"
  16              		.text
  17              	.Ltext0:
  18              		.cfi_sections	.debug_frame
  19              		.file 1 "Drivers/STM32F4xx_HAL_Driver/Src/stm32f4xx_hal_dma_ex.c"
  20              		.section	.text.DMA_MultiBufferSetConfig,"ax",%progbits
  21              		.align	1
  22              		.syntax unified
  23              		.thumb
  24              		.thumb_func
  26              	DMA_MultiBufferSetConfig:
  27              	.LVL0:
  28              	.LFB219:
   1:Drivers/STM32F4xx_HAL_Driver/Src/stm32f4xx_hal_dma_ex.c **** /**
   2:Drivers/STM32F4xx_HAL_Driver/Src/stm32f4xx_hal_dma_ex.c ****   ******************************************************************************
   3:Drivers/STM32F4xx_HAL_Driver/Src/stm32f4xx_hal_dma_ex.c ****   * @file    stm32f4xx_hal_dma_ex.c
   4:Drivers/STM32F4xx_HAL_Driver/Src/stm32f4xx_hal_dma_ex.c ****   * @author  MCD Application Team
   5:Drivers/STM32F4xx_HAL_Driver/Src/stm32f4xx_hal_dma_ex.c ****   * @brief   DMA Extension HAL module driver
   6:Drivers/STM32F4xx_HAL_Driver/Src/stm32f4xx_hal_dma_ex.c ****   *         This file provides firmware functions to manage the following 
   7:Drivers/STM32F4xx_HAL_Driver/Src/stm32f4xx_hal_dma_ex.c ****   *         functionalities of the DMA Extension peripheral:
   8:Drivers/STM32F4xx_HAL_Driver/Src/stm32f4xx_hal_dma_ex.c ****   *           + Extended features functions
   9:Drivers/STM32F4xx_HAL_Driver/Src/stm32f4xx_hal_dma_ex.c ****   *
  10:Drivers/STM32F4xx_HAL_Driver/Src/stm32f4xx_hal_dma_ex.c ****   @verbatim
  11:Drivers/STM32F4xx_HAL_Driver/Src/stm32f4xx_hal_dma_ex.c ****   ==============================================================================
  12:Drivers/STM32F4xx_HAL_Driver/Src/stm32f4xx_hal_dma_ex.c ****                         ##### How to use this driver #####
  13:Drivers/STM32F4xx_HAL_Driver/Src/stm32f4xx_hal_dma_ex.c ****   ==============================================================================
  14:Drivers/STM32F4xx_HAL_Driver/Src/stm32f4xx_hal_dma_ex.c ****   [..]
  15:Drivers/STM32F4xx_HAL_Driver/Src/stm32f4xx_hal_dma_ex.c ****   The DMA Extension HAL driver can be used as follows:
  16:Drivers/STM32F4xx_HAL_Driver/Src/stm32f4xx_hal_dma_ex.c ****    (#) Start a multi buffer transfer using the HAL_DMA_MultiBufferStart() function
  17:Drivers/STM32F4xx_HAL_Driver/Src/stm32f4xx_hal_dma_ex.c ****        for polling mode or HAL_DMA_MultiBufferStart_IT() for interrupt mode.
  18:Drivers/STM32F4xx_HAL_Driver/Src/stm32f4xx_hal_dma_ex.c ****                    
  19:Drivers/STM32F4xx_HAL_Driver/Src/stm32f4xx_hal_dma_ex.c ****      -@-  In Memory-to-Memory transfer mode, Multi (Double) Buffer mode is not allowed.
  20:Drivers/STM32F4xx_HAL_Driver/Src/stm32f4xx_hal_dma_ex.c ****      -@-  When Multi (Double) Buffer mode is enabled the, transfer is circular by default.
  21:Drivers/STM32F4xx_HAL_Driver/Src/stm32f4xx_hal_dma_ex.c ****      -@-  In Multi (Double) buffer mode, it is possible to update the base address for 
  22:Drivers/STM32F4xx_HAL_Driver/Src/stm32f4xx_hal_dma_ex.c ****           the AHB memory port on the fly (DMA_SxM0AR or DMA_SxM1AR) when the stream is enabled. 
  23:Drivers/STM32F4xx_HAL_Driver/Src/stm32f4xx_hal_dma_ex.c ****   
  24:Drivers/STM32F4xx_HAL_Driver/Src/stm32f4xx_hal_dma_ex.c ****   @endverbatim
  25:Drivers/STM32F4xx_HAL_Driver/Src/stm32f4xx_hal_dma_ex.c ****   ******************************************************************************
  26:Drivers/STM32F4xx_HAL_Driver/Src/stm32f4xx_hal_dma_ex.c ****   * @attention
  27:Drivers/STM32F4xx_HAL_Driver/Src/stm32f4xx_hal_dma_ex.c ****   *
  28:Drivers/STM32F4xx_HAL_Driver/Src/stm32f4xx_hal_dma_ex.c ****   * <h2><center>&copy; Copyright (c) 2017 STMicroelectronics.
  29:Drivers/STM32F4xx_HAL_Driver/Src/stm32f4xx_hal_dma_ex.c ****   * All rights reserved.</center></h2>
  30:Drivers/STM32F4xx_HAL_Driver/Src/stm32f4xx_hal_dma_ex.c ****   *
ARM GAS  /tmp/ccsCpbFO.s 			page 2


  31:Drivers/STM32F4xx_HAL_Driver/Src/stm32f4xx_hal_dma_ex.c ****   * This software component is licensed by ST under BSD 3-Clause license,
  32:Drivers/STM32F4xx_HAL_Driver/Src/stm32f4xx_hal_dma_ex.c ****   * the "License"; You may not use this file except in compliance with the
  33:Drivers/STM32F4xx_HAL_Driver/Src/stm32f4xx_hal_dma_ex.c ****   * License. You may obtain a copy of the License at:
  34:Drivers/STM32F4xx_HAL_Driver/Src/stm32f4xx_hal_dma_ex.c ****   *                        opensource.org/licenses/BSD-3-Clause
  35:Drivers/STM32F4xx_HAL_Driver/Src/stm32f4xx_hal_dma_ex.c ****   *
  36:Drivers/STM32F4xx_HAL_Driver/Src/stm32f4xx_hal_dma_ex.c ****   ******************************************************************************
  37:Drivers/STM32F4xx_HAL_Driver/Src/stm32f4xx_hal_dma_ex.c ****   */
  38:Drivers/STM32F4xx_HAL_Driver/Src/stm32f4xx_hal_dma_ex.c **** 
  39:Drivers/STM32F4xx_HAL_Driver/Src/stm32f4xx_hal_dma_ex.c **** /* Includes ------------------------------------------------------------------*/
  40:Drivers/STM32F4xx_HAL_Driver/Src/stm32f4xx_hal_dma_ex.c **** #include "stm32f4xx_hal.h"
  41:Drivers/STM32F4xx_HAL_Driver/Src/stm32f4xx_hal_dma_ex.c **** 
  42:Drivers/STM32F4xx_HAL_Driver/Src/stm32f4xx_hal_dma_ex.c **** /** @addtogroup STM32F4xx_HAL_Driver
  43:Drivers/STM32F4xx_HAL_Driver/Src/stm32f4xx_hal_dma_ex.c ****   * @{
  44:Drivers/STM32F4xx_HAL_Driver/Src/stm32f4xx_hal_dma_ex.c ****   */
  45:Drivers/STM32F4xx_HAL_Driver/Src/stm32f4xx_hal_dma_ex.c **** 
  46:Drivers/STM32F4xx_HAL_Driver/Src/stm32f4xx_hal_dma_ex.c **** /** @defgroup DMAEx DMAEx
  47:Drivers/STM32F4xx_HAL_Driver/Src/stm32f4xx_hal_dma_ex.c ****   * @brief DMA Extended HAL module driver
  48:Drivers/STM32F4xx_HAL_Driver/Src/stm32f4xx_hal_dma_ex.c ****   * @{
  49:Drivers/STM32F4xx_HAL_Driver/Src/stm32f4xx_hal_dma_ex.c ****   */
  50:Drivers/STM32F4xx_HAL_Driver/Src/stm32f4xx_hal_dma_ex.c **** 
  51:Drivers/STM32F4xx_HAL_Driver/Src/stm32f4xx_hal_dma_ex.c **** #ifdef HAL_DMA_MODULE_ENABLED
  52:Drivers/STM32F4xx_HAL_Driver/Src/stm32f4xx_hal_dma_ex.c **** 
  53:Drivers/STM32F4xx_HAL_Driver/Src/stm32f4xx_hal_dma_ex.c **** /* Private types -------------------------------------------------------------*/
  54:Drivers/STM32F4xx_HAL_Driver/Src/stm32f4xx_hal_dma_ex.c **** /* Private variables ---------------------------------------------------------*/
  55:Drivers/STM32F4xx_HAL_Driver/Src/stm32f4xx_hal_dma_ex.c **** /* Private Constants ---------------------------------------------------------*/
  56:Drivers/STM32F4xx_HAL_Driver/Src/stm32f4xx_hal_dma_ex.c **** /* Private macros ------------------------------------------------------------*/
  57:Drivers/STM32F4xx_HAL_Driver/Src/stm32f4xx_hal_dma_ex.c **** /* Private functions ---------------------------------------------------------*/
  58:Drivers/STM32F4xx_HAL_Driver/Src/stm32f4xx_hal_dma_ex.c **** /** @addtogroup DMAEx_Private_Functions
  59:Drivers/STM32F4xx_HAL_Driver/Src/stm32f4xx_hal_dma_ex.c ****   * @{
  60:Drivers/STM32F4xx_HAL_Driver/Src/stm32f4xx_hal_dma_ex.c ****   */
  61:Drivers/STM32F4xx_HAL_Driver/Src/stm32f4xx_hal_dma_ex.c **** static void DMA_MultiBufferSetConfig(DMA_HandleTypeDef *hdma, uint32_t SrcAddress, uint32_t DstAddr
  62:Drivers/STM32F4xx_HAL_Driver/Src/stm32f4xx_hal_dma_ex.c **** /**
  63:Drivers/STM32F4xx_HAL_Driver/Src/stm32f4xx_hal_dma_ex.c ****   * @}
  64:Drivers/STM32F4xx_HAL_Driver/Src/stm32f4xx_hal_dma_ex.c ****   */
  65:Drivers/STM32F4xx_HAL_Driver/Src/stm32f4xx_hal_dma_ex.c **** 
  66:Drivers/STM32F4xx_HAL_Driver/Src/stm32f4xx_hal_dma_ex.c **** /* Exported functions ---------------------------------------------------------*/
  67:Drivers/STM32F4xx_HAL_Driver/Src/stm32f4xx_hal_dma_ex.c **** 
  68:Drivers/STM32F4xx_HAL_Driver/Src/stm32f4xx_hal_dma_ex.c **** /** @addtogroup DMAEx_Exported_Functions
  69:Drivers/STM32F4xx_HAL_Driver/Src/stm32f4xx_hal_dma_ex.c ****   * @{
  70:Drivers/STM32F4xx_HAL_Driver/Src/stm32f4xx_hal_dma_ex.c ****   */
  71:Drivers/STM32F4xx_HAL_Driver/Src/stm32f4xx_hal_dma_ex.c **** 
  72:Drivers/STM32F4xx_HAL_Driver/Src/stm32f4xx_hal_dma_ex.c **** 
  73:Drivers/STM32F4xx_HAL_Driver/Src/stm32f4xx_hal_dma_ex.c **** /** @addtogroup DMAEx_Exported_Functions_Group1
  74:Drivers/STM32F4xx_HAL_Driver/Src/stm32f4xx_hal_dma_ex.c ****   *
  75:Drivers/STM32F4xx_HAL_Driver/Src/stm32f4xx_hal_dma_ex.c **** @verbatim   
  76:Drivers/STM32F4xx_HAL_Driver/Src/stm32f4xx_hal_dma_ex.c ****  ===============================================================================
  77:Drivers/STM32F4xx_HAL_Driver/Src/stm32f4xx_hal_dma_ex.c ****                 #####  Extended features functions  #####
  78:Drivers/STM32F4xx_HAL_Driver/Src/stm32f4xx_hal_dma_ex.c ****  ===============================================================================  
  79:Drivers/STM32F4xx_HAL_Driver/Src/stm32f4xx_hal_dma_ex.c ****     [..]  This section provides functions allowing to:
  80:Drivers/STM32F4xx_HAL_Driver/Src/stm32f4xx_hal_dma_ex.c ****       (+) Configure the source, destination address and data length and 
  81:Drivers/STM32F4xx_HAL_Driver/Src/stm32f4xx_hal_dma_ex.c ****           Start MultiBuffer DMA transfer
  82:Drivers/STM32F4xx_HAL_Driver/Src/stm32f4xx_hal_dma_ex.c ****       (+) Configure the source, destination address and data length and 
  83:Drivers/STM32F4xx_HAL_Driver/Src/stm32f4xx_hal_dma_ex.c ****           Start MultiBuffer DMA transfer with interrupt
  84:Drivers/STM32F4xx_HAL_Driver/Src/stm32f4xx_hal_dma_ex.c ****       (+) Change on the fly the memory0 or memory1 address.
  85:Drivers/STM32F4xx_HAL_Driver/Src/stm32f4xx_hal_dma_ex.c ****       
  86:Drivers/STM32F4xx_HAL_Driver/Src/stm32f4xx_hal_dma_ex.c **** @endverbatim
  87:Drivers/STM32F4xx_HAL_Driver/Src/stm32f4xx_hal_dma_ex.c ****   * @{
ARM GAS  /tmp/ccsCpbFO.s 			page 3


  88:Drivers/STM32F4xx_HAL_Driver/Src/stm32f4xx_hal_dma_ex.c ****   */
  89:Drivers/STM32F4xx_HAL_Driver/Src/stm32f4xx_hal_dma_ex.c **** 
  90:Drivers/STM32F4xx_HAL_Driver/Src/stm32f4xx_hal_dma_ex.c **** 
  91:Drivers/STM32F4xx_HAL_Driver/Src/stm32f4xx_hal_dma_ex.c **** /**
  92:Drivers/STM32F4xx_HAL_Driver/Src/stm32f4xx_hal_dma_ex.c ****   * @brief  Starts the multi_buffer DMA Transfer.
  93:Drivers/STM32F4xx_HAL_Driver/Src/stm32f4xx_hal_dma_ex.c ****   * @param  hdma       pointer to a DMA_HandleTypeDef structure that contains
  94:Drivers/STM32F4xx_HAL_Driver/Src/stm32f4xx_hal_dma_ex.c ****   *                     the configuration information for the specified DMA Stream.  
  95:Drivers/STM32F4xx_HAL_Driver/Src/stm32f4xx_hal_dma_ex.c ****   * @param  SrcAddress The source memory Buffer address
  96:Drivers/STM32F4xx_HAL_Driver/Src/stm32f4xx_hal_dma_ex.c ****   * @param  DstAddress The destination memory Buffer address
  97:Drivers/STM32F4xx_HAL_Driver/Src/stm32f4xx_hal_dma_ex.c ****   * @param  SecondMemAddress The second memory Buffer address in case of multi buffer Transfer  
  98:Drivers/STM32F4xx_HAL_Driver/Src/stm32f4xx_hal_dma_ex.c ****   * @param  DataLength The length of data to be transferred from source to destination
  99:Drivers/STM32F4xx_HAL_Driver/Src/stm32f4xx_hal_dma_ex.c ****   * @retval HAL status
 100:Drivers/STM32F4xx_HAL_Driver/Src/stm32f4xx_hal_dma_ex.c ****   */
 101:Drivers/STM32F4xx_HAL_Driver/Src/stm32f4xx_hal_dma_ex.c **** HAL_StatusTypeDef HAL_DMAEx_MultiBufferStart(DMA_HandleTypeDef *hdma, uint32_t SrcAddress, uint32_t
 102:Drivers/STM32F4xx_HAL_Driver/Src/stm32f4xx_hal_dma_ex.c **** {
 103:Drivers/STM32F4xx_HAL_Driver/Src/stm32f4xx_hal_dma_ex.c ****   HAL_StatusTypeDef status = HAL_OK;
 104:Drivers/STM32F4xx_HAL_Driver/Src/stm32f4xx_hal_dma_ex.c ****   
 105:Drivers/STM32F4xx_HAL_Driver/Src/stm32f4xx_hal_dma_ex.c ****   /* Check the parameters */
 106:Drivers/STM32F4xx_HAL_Driver/Src/stm32f4xx_hal_dma_ex.c ****   assert_param(IS_DMA_BUFFER_SIZE(DataLength));
 107:Drivers/STM32F4xx_HAL_Driver/Src/stm32f4xx_hal_dma_ex.c ****   
 108:Drivers/STM32F4xx_HAL_Driver/Src/stm32f4xx_hal_dma_ex.c ****   /* Memory-to-memory transfer not supported in double buffering mode */
 109:Drivers/STM32F4xx_HAL_Driver/Src/stm32f4xx_hal_dma_ex.c ****   if (hdma->Init.Direction == DMA_MEMORY_TO_MEMORY)
 110:Drivers/STM32F4xx_HAL_Driver/Src/stm32f4xx_hal_dma_ex.c ****   {
 111:Drivers/STM32F4xx_HAL_Driver/Src/stm32f4xx_hal_dma_ex.c ****     hdma->ErrorCode = HAL_DMA_ERROR_NOT_SUPPORTED;
 112:Drivers/STM32F4xx_HAL_Driver/Src/stm32f4xx_hal_dma_ex.c ****     status = HAL_ERROR;
 113:Drivers/STM32F4xx_HAL_Driver/Src/stm32f4xx_hal_dma_ex.c ****   }
 114:Drivers/STM32F4xx_HAL_Driver/Src/stm32f4xx_hal_dma_ex.c ****   else
 115:Drivers/STM32F4xx_HAL_Driver/Src/stm32f4xx_hal_dma_ex.c ****   {
 116:Drivers/STM32F4xx_HAL_Driver/Src/stm32f4xx_hal_dma_ex.c ****     /* Process Locked */
 117:Drivers/STM32F4xx_HAL_Driver/Src/stm32f4xx_hal_dma_ex.c ****     __HAL_LOCK(hdma);
 118:Drivers/STM32F4xx_HAL_Driver/Src/stm32f4xx_hal_dma_ex.c ****     
 119:Drivers/STM32F4xx_HAL_Driver/Src/stm32f4xx_hal_dma_ex.c ****     if(HAL_DMA_STATE_READY == hdma->State)
 120:Drivers/STM32F4xx_HAL_Driver/Src/stm32f4xx_hal_dma_ex.c ****     {
 121:Drivers/STM32F4xx_HAL_Driver/Src/stm32f4xx_hal_dma_ex.c ****       /* Change DMA peripheral state */
 122:Drivers/STM32F4xx_HAL_Driver/Src/stm32f4xx_hal_dma_ex.c ****       hdma->State = HAL_DMA_STATE_BUSY; 
 123:Drivers/STM32F4xx_HAL_Driver/Src/stm32f4xx_hal_dma_ex.c ****       
 124:Drivers/STM32F4xx_HAL_Driver/Src/stm32f4xx_hal_dma_ex.c ****       /* Enable the double buffer mode */
 125:Drivers/STM32F4xx_HAL_Driver/Src/stm32f4xx_hal_dma_ex.c ****       hdma->Instance->CR |= (uint32_t)DMA_SxCR_DBM;
 126:Drivers/STM32F4xx_HAL_Driver/Src/stm32f4xx_hal_dma_ex.c ****       
 127:Drivers/STM32F4xx_HAL_Driver/Src/stm32f4xx_hal_dma_ex.c ****       /* Configure DMA Stream destination address */
 128:Drivers/STM32F4xx_HAL_Driver/Src/stm32f4xx_hal_dma_ex.c ****       hdma->Instance->M1AR = SecondMemAddress;
 129:Drivers/STM32F4xx_HAL_Driver/Src/stm32f4xx_hal_dma_ex.c ****       
 130:Drivers/STM32F4xx_HAL_Driver/Src/stm32f4xx_hal_dma_ex.c ****       /* Configure the source, destination address and the data length */
 131:Drivers/STM32F4xx_HAL_Driver/Src/stm32f4xx_hal_dma_ex.c ****       DMA_MultiBufferSetConfig(hdma, SrcAddress, DstAddress, DataLength);
 132:Drivers/STM32F4xx_HAL_Driver/Src/stm32f4xx_hal_dma_ex.c ****       
 133:Drivers/STM32F4xx_HAL_Driver/Src/stm32f4xx_hal_dma_ex.c ****       /* Enable the peripheral */
 134:Drivers/STM32F4xx_HAL_Driver/Src/stm32f4xx_hal_dma_ex.c ****       __HAL_DMA_ENABLE(hdma);
 135:Drivers/STM32F4xx_HAL_Driver/Src/stm32f4xx_hal_dma_ex.c ****     }
 136:Drivers/STM32F4xx_HAL_Driver/Src/stm32f4xx_hal_dma_ex.c ****     else
 137:Drivers/STM32F4xx_HAL_Driver/Src/stm32f4xx_hal_dma_ex.c ****     {
 138:Drivers/STM32F4xx_HAL_Driver/Src/stm32f4xx_hal_dma_ex.c ****       /* Return error status */
 139:Drivers/STM32F4xx_HAL_Driver/Src/stm32f4xx_hal_dma_ex.c ****       status = HAL_BUSY;
 140:Drivers/STM32F4xx_HAL_Driver/Src/stm32f4xx_hal_dma_ex.c ****     }
 141:Drivers/STM32F4xx_HAL_Driver/Src/stm32f4xx_hal_dma_ex.c ****   }
 142:Drivers/STM32F4xx_HAL_Driver/Src/stm32f4xx_hal_dma_ex.c ****   return status;
 143:Drivers/STM32F4xx_HAL_Driver/Src/stm32f4xx_hal_dma_ex.c **** }
 144:Drivers/STM32F4xx_HAL_Driver/Src/stm32f4xx_hal_dma_ex.c **** 
ARM GAS  /tmp/ccsCpbFO.s 			page 4


 145:Drivers/STM32F4xx_HAL_Driver/Src/stm32f4xx_hal_dma_ex.c **** /**
 146:Drivers/STM32F4xx_HAL_Driver/Src/stm32f4xx_hal_dma_ex.c ****   * @brief  Starts the multi_buffer DMA Transfer with interrupt enabled.
 147:Drivers/STM32F4xx_HAL_Driver/Src/stm32f4xx_hal_dma_ex.c ****   * @param  hdma       pointer to a DMA_HandleTypeDef structure that contains
 148:Drivers/STM32F4xx_HAL_Driver/Src/stm32f4xx_hal_dma_ex.c ****   *                     the configuration information for the specified DMA Stream.  
 149:Drivers/STM32F4xx_HAL_Driver/Src/stm32f4xx_hal_dma_ex.c ****   * @param  SrcAddress The source memory Buffer address
 150:Drivers/STM32F4xx_HAL_Driver/Src/stm32f4xx_hal_dma_ex.c ****   * @param  DstAddress The destination memory Buffer address
 151:Drivers/STM32F4xx_HAL_Driver/Src/stm32f4xx_hal_dma_ex.c ****   * @param  SecondMemAddress The second memory Buffer address in case of multi buffer Transfer  
 152:Drivers/STM32F4xx_HAL_Driver/Src/stm32f4xx_hal_dma_ex.c ****   * @param  DataLength The length of data to be transferred from source to destination
 153:Drivers/STM32F4xx_HAL_Driver/Src/stm32f4xx_hal_dma_ex.c ****   * @retval HAL status
 154:Drivers/STM32F4xx_HAL_Driver/Src/stm32f4xx_hal_dma_ex.c ****   */
 155:Drivers/STM32F4xx_HAL_Driver/Src/stm32f4xx_hal_dma_ex.c **** HAL_StatusTypeDef HAL_DMAEx_MultiBufferStart_IT(DMA_HandleTypeDef *hdma, uint32_t SrcAddress, uint3
 156:Drivers/STM32F4xx_HAL_Driver/Src/stm32f4xx_hal_dma_ex.c **** {
 157:Drivers/STM32F4xx_HAL_Driver/Src/stm32f4xx_hal_dma_ex.c ****   HAL_StatusTypeDef status = HAL_OK;
 158:Drivers/STM32F4xx_HAL_Driver/Src/stm32f4xx_hal_dma_ex.c ****   
 159:Drivers/STM32F4xx_HAL_Driver/Src/stm32f4xx_hal_dma_ex.c ****   /* Check the parameters */
 160:Drivers/STM32F4xx_HAL_Driver/Src/stm32f4xx_hal_dma_ex.c ****   assert_param(IS_DMA_BUFFER_SIZE(DataLength));
 161:Drivers/STM32F4xx_HAL_Driver/Src/stm32f4xx_hal_dma_ex.c ****   
 162:Drivers/STM32F4xx_HAL_Driver/Src/stm32f4xx_hal_dma_ex.c ****   /* Memory-to-memory transfer not supported in double buffering mode */
 163:Drivers/STM32F4xx_HAL_Driver/Src/stm32f4xx_hal_dma_ex.c ****   if (hdma->Init.Direction == DMA_MEMORY_TO_MEMORY)
 164:Drivers/STM32F4xx_HAL_Driver/Src/stm32f4xx_hal_dma_ex.c ****   {
 165:Drivers/STM32F4xx_HAL_Driver/Src/stm32f4xx_hal_dma_ex.c ****     hdma->ErrorCode = HAL_DMA_ERROR_NOT_SUPPORTED;
 166:Drivers/STM32F4xx_HAL_Driver/Src/stm32f4xx_hal_dma_ex.c ****     return HAL_ERROR;
 167:Drivers/STM32F4xx_HAL_Driver/Src/stm32f4xx_hal_dma_ex.c ****   }
 168:Drivers/STM32F4xx_HAL_Driver/Src/stm32f4xx_hal_dma_ex.c ****   
 169:Drivers/STM32F4xx_HAL_Driver/Src/stm32f4xx_hal_dma_ex.c ****   /* Check callback functions */
 170:Drivers/STM32F4xx_HAL_Driver/Src/stm32f4xx_hal_dma_ex.c ****   if ((NULL == hdma->XferCpltCallback) || (NULL == hdma->XferM1CpltCallback) || (NULL == hdma->Xfer
 171:Drivers/STM32F4xx_HAL_Driver/Src/stm32f4xx_hal_dma_ex.c ****   {
 172:Drivers/STM32F4xx_HAL_Driver/Src/stm32f4xx_hal_dma_ex.c ****     hdma->ErrorCode = HAL_DMA_ERROR_PARAM;
 173:Drivers/STM32F4xx_HAL_Driver/Src/stm32f4xx_hal_dma_ex.c ****     return HAL_ERROR;
 174:Drivers/STM32F4xx_HAL_Driver/Src/stm32f4xx_hal_dma_ex.c ****   }
 175:Drivers/STM32F4xx_HAL_Driver/Src/stm32f4xx_hal_dma_ex.c ****   
 176:Drivers/STM32F4xx_HAL_Driver/Src/stm32f4xx_hal_dma_ex.c ****   /* Process locked */
 177:Drivers/STM32F4xx_HAL_Driver/Src/stm32f4xx_hal_dma_ex.c ****   __HAL_LOCK(hdma);
 178:Drivers/STM32F4xx_HAL_Driver/Src/stm32f4xx_hal_dma_ex.c ****   
 179:Drivers/STM32F4xx_HAL_Driver/Src/stm32f4xx_hal_dma_ex.c ****   if(HAL_DMA_STATE_READY == hdma->State)
 180:Drivers/STM32F4xx_HAL_Driver/Src/stm32f4xx_hal_dma_ex.c ****   {
 181:Drivers/STM32F4xx_HAL_Driver/Src/stm32f4xx_hal_dma_ex.c ****     /* Change DMA peripheral state */
 182:Drivers/STM32F4xx_HAL_Driver/Src/stm32f4xx_hal_dma_ex.c ****     hdma->State = HAL_DMA_STATE_BUSY;
 183:Drivers/STM32F4xx_HAL_Driver/Src/stm32f4xx_hal_dma_ex.c ****     
 184:Drivers/STM32F4xx_HAL_Driver/Src/stm32f4xx_hal_dma_ex.c ****     /* Initialize the error code */
 185:Drivers/STM32F4xx_HAL_Driver/Src/stm32f4xx_hal_dma_ex.c ****     hdma->ErrorCode = HAL_DMA_ERROR_NONE;
 186:Drivers/STM32F4xx_HAL_Driver/Src/stm32f4xx_hal_dma_ex.c ****     
 187:Drivers/STM32F4xx_HAL_Driver/Src/stm32f4xx_hal_dma_ex.c ****     /* Enable the Double buffer mode */
 188:Drivers/STM32F4xx_HAL_Driver/Src/stm32f4xx_hal_dma_ex.c ****     hdma->Instance->CR |= (uint32_t)DMA_SxCR_DBM;
 189:Drivers/STM32F4xx_HAL_Driver/Src/stm32f4xx_hal_dma_ex.c ****     
 190:Drivers/STM32F4xx_HAL_Driver/Src/stm32f4xx_hal_dma_ex.c ****     /* Configure DMA Stream destination address */
 191:Drivers/STM32F4xx_HAL_Driver/Src/stm32f4xx_hal_dma_ex.c ****     hdma->Instance->M1AR = SecondMemAddress;
 192:Drivers/STM32F4xx_HAL_Driver/Src/stm32f4xx_hal_dma_ex.c ****     
 193:Drivers/STM32F4xx_HAL_Driver/Src/stm32f4xx_hal_dma_ex.c ****     /* Configure the source, destination address and the data length */
 194:Drivers/STM32F4xx_HAL_Driver/Src/stm32f4xx_hal_dma_ex.c ****     DMA_MultiBufferSetConfig(hdma, SrcAddress, DstAddress, DataLength); 
 195:Drivers/STM32F4xx_HAL_Driver/Src/stm32f4xx_hal_dma_ex.c ****     
 196:Drivers/STM32F4xx_HAL_Driver/Src/stm32f4xx_hal_dma_ex.c ****     /* Clear all flags */
 197:Drivers/STM32F4xx_HAL_Driver/Src/stm32f4xx_hal_dma_ex.c ****     __HAL_DMA_CLEAR_FLAG (hdma, __HAL_DMA_GET_TC_FLAG_INDEX(hdma));
 198:Drivers/STM32F4xx_HAL_Driver/Src/stm32f4xx_hal_dma_ex.c ****     __HAL_DMA_CLEAR_FLAG (hdma, __HAL_DMA_GET_HT_FLAG_INDEX(hdma));
 199:Drivers/STM32F4xx_HAL_Driver/Src/stm32f4xx_hal_dma_ex.c ****     __HAL_DMA_CLEAR_FLAG (hdma, __HAL_DMA_GET_TE_FLAG_INDEX(hdma));
 200:Drivers/STM32F4xx_HAL_Driver/Src/stm32f4xx_hal_dma_ex.c ****     __HAL_DMA_CLEAR_FLAG (hdma, __HAL_DMA_GET_DME_FLAG_INDEX(hdma));
 201:Drivers/STM32F4xx_HAL_Driver/Src/stm32f4xx_hal_dma_ex.c ****     __HAL_DMA_CLEAR_FLAG (hdma, __HAL_DMA_GET_FE_FLAG_INDEX(hdma));
ARM GAS  /tmp/ccsCpbFO.s 			page 5


 202:Drivers/STM32F4xx_HAL_Driver/Src/stm32f4xx_hal_dma_ex.c **** 
 203:Drivers/STM32F4xx_HAL_Driver/Src/stm32f4xx_hal_dma_ex.c ****     /* Enable Common interrupts*/
 204:Drivers/STM32F4xx_HAL_Driver/Src/stm32f4xx_hal_dma_ex.c ****     hdma->Instance->CR  |= DMA_IT_TC | DMA_IT_TE | DMA_IT_DME;
 205:Drivers/STM32F4xx_HAL_Driver/Src/stm32f4xx_hal_dma_ex.c ****     hdma->Instance->FCR |= DMA_IT_FE;
 206:Drivers/STM32F4xx_HAL_Driver/Src/stm32f4xx_hal_dma_ex.c ****     
 207:Drivers/STM32F4xx_HAL_Driver/Src/stm32f4xx_hal_dma_ex.c ****     if((hdma->XferHalfCpltCallback != NULL) || (hdma->XferM1HalfCpltCallback != NULL))
 208:Drivers/STM32F4xx_HAL_Driver/Src/stm32f4xx_hal_dma_ex.c ****     {
 209:Drivers/STM32F4xx_HAL_Driver/Src/stm32f4xx_hal_dma_ex.c ****       hdma->Instance->CR  |= DMA_IT_HT;
 210:Drivers/STM32F4xx_HAL_Driver/Src/stm32f4xx_hal_dma_ex.c ****     }
 211:Drivers/STM32F4xx_HAL_Driver/Src/stm32f4xx_hal_dma_ex.c ****     
 212:Drivers/STM32F4xx_HAL_Driver/Src/stm32f4xx_hal_dma_ex.c ****     /* Enable the peripheral */
 213:Drivers/STM32F4xx_HAL_Driver/Src/stm32f4xx_hal_dma_ex.c ****     __HAL_DMA_ENABLE(hdma); 
 214:Drivers/STM32F4xx_HAL_Driver/Src/stm32f4xx_hal_dma_ex.c ****   }
 215:Drivers/STM32F4xx_HAL_Driver/Src/stm32f4xx_hal_dma_ex.c ****   else
 216:Drivers/STM32F4xx_HAL_Driver/Src/stm32f4xx_hal_dma_ex.c ****   {     
 217:Drivers/STM32F4xx_HAL_Driver/Src/stm32f4xx_hal_dma_ex.c ****     /* Process unlocked */
 218:Drivers/STM32F4xx_HAL_Driver/Src/stm32f4xx_hal_dma_ex.c ****     __HAL_UNLOCK(hdma);	  
 219:Drivers/STM32F4xx_HAL_Driver/Src/stm32f4xx_hal_dma_ex.c ****     
 220:Drivers/STM32F4xx_HAL_Driver/Src/stm32f4xx_hal_dma_ex.c ****     /* Return error status */
 221:Drivers/STM32F4xx_HAL_Driver/Src/stm32f4xx_hal_dma_ex.c ****     status = HAL_BUSY;
 222:Drivers/STM32F4xx_HAL_Driver/Src/stm32f4xx_hal_dma_ex.c ****   }  
 223:Drivers/STM32F4xx_HAL_Driver/Src/stm32f4xx_hal_dma_ex.c ****   return status; 
 224:Drivers/STM32F4xx_HAL_Driver/Src/stm32f4xx_hal_dma_ex.c **** }
 225:Drivers/STM32F4xx_HAL_Driver/Src/stm32f4xx_hal_dma_ex.c **** 
 226:Drivers/STM32F4xx_HAL_Driver/Src/stm32f4xx_hal_dma_ex.c **** /**
 227:Drivers/STM32F4xx_HAL_Driver/Src/stm32f4xx_hal_dma_ex.c ****   * @brief  Change the memory0 or memory1 address on the fly.
 228:Drivers/STM32F4xx_HAL_Driver/Src/stm32f4xx_hal_dma_ex.c ****   * @param  hdma       pointer to a DMA_HandleTypeDef structure that contains
 229:Drivers/STM32F4xx_HAL_Driver/Src/stm32f4xx_hal_dma_ex.c ****   *                     the configuration information for the specified DMA Stream.  
 230:Drivers/STM32F4xx_HAL_Driver/Src/stm32f4xx_hal_dma_ex.c ****   * @param  Address    The new address
 231:Drivers/STM32F4xx_HAL_Driver/Src/stm32f4xx_hal_dma_ex.c ****   * @param  memory     the memory to be changed, This parameter can be one of 
 232:Drivers/STM32F4xx_HAL_Driver/Src/stm32f4xx_hal_dma_ex.c ****   *                     the following values:
 233:Drivers/STM32F4xx_HAL_Driver/Src/stm32f4xx_hal_dma_ex.c ****   *                      MEMORY0 /
 234:Drivers/STM32F4xx_HAL_Driver/Src/stm32f4xx_hal_dma_ex.c ****   *                      MEMORY1
 235:Drivers/STM32F4xx_HAL_Driver/Src/stm32f4xx_hal_dma_ex.c ****   * @note   The MEMORY0 address can be changed only when the current transfer use
 236:Drivers/STM32F4xx_HAL_Driver/Src/stm32f4xx_hal_dma_ex.c ****   *         MEMORY1 and the MEMORY1 address can be changed only when the current 
 237:Drivers/STM32F4xx_HAL_Driver/Src/stm32f4xx_hal_dma_ex.c ****   *         transfer use MEMORY0.
 238:Drivers/STM32F4xx_HAL_Driver/Src/stm32f4xx_hal_dma_ex.c ****   * @retval HAL status
 239:Drivers/STM32F4xx_HAL_Driver/Src/stm32f4xx_hal_dma_ex.c ****   */
 240:Drivers/STM32F4xx_HAL_Driver/Src/stm32f4xx_hal_dma_ex.c **** HAL_StatusTypeDef HAL_DMAEx_ChangeMemory(DMA_HandleTypeDef *hdma, uint32_t Address, HAL_DMA_MemoryT
 241:Drivers/STM32F4xx_HAL_Driver/Src/stm32f4xx_hal_dma_ex.c **** {
 242:Drivers/STM32F4xx_HAL_Driver/Src/stm32f4xx_hal_dma_ex.c ****   if(memory == MEMORY0)
 243:Drivers/STM32F4xx_HAL_Driver/Src/stm32f4xx_hal_dma_ex.c ****   {
 244:Drivers/STM32F4xx_HAL_Driver/Src/stm32f4xx_hal_dma_ex.c ****     /* change the memory0 address */
 245:Drivers/STM32F4xx_HAL_Driver/Src/stm32f4xx_hal_dma_ex.c ****     hdma->Instance->M0AR = Address;
 246:Drivers/STM32F4xx_HAL_Driver/Src/stm32f4xx_hal_dma_ex.c ****   }
 247:Drivers/STM32F4xx_HAL_Driver/Src/stm32f4xx_hal_dma_ex.c ****   else
 248:Drivers/STM32F4xx_HAL_Driver/Src/stm32f4xx_hal_dma_ex.c ****   {
 249:Drivers/STM32F4xx_HAL_Driver/Src/stm32f4xx_hal_dma_ex.c ****     /* change the memory1 address */
 250:Drivers/STM32F4xx_HAL_Driver/Src/stm32f4xx_hal_dma_ex.c ****     hdma->Instance->M1AR = Address;
 251:Drivers/STM32F4xx_HAL_Driver/Src/stm32f4xx_hal_dma_ex.c ****   }
 252:Drivers/STM32F4xx_HAL_Driver/Src/stm32f4xx_hal_dma_ex.c **** 
 253:Drivers/STM32F4xx_HAL_Driver/Src/stm32f4xx_hal_dma_ex.c ****   return HAL_OK;
 254:Drivers/STM32F4xx_HAL_Driver/Src/stm32f4xx_hal_dma_ex.c **** }
 255:Drivers/STM32F4xx_HAL_Driver/Src/stm32f4xx_hal_dma_ex.c **** 
 256:Drivers/STM32F4xx_HAL_Driver/Src/stm32f4xx_hal_dma_ex.c **** /**
 257:Drivers/STM32F4xx_HAL_Driver/Src/stm32f4xx_hal_dma_ex.c ****   * @}
 258:Drivers/STM32F4xx_HAL_Driver/Src/stm32f4xx_hal_dma_ex.c ****   */
ARM GAS  /tmp/ccsCpbFO.s 			page 6


 259:Drivers/STM32F4xx_HAL_Driver/Src/stm32f4xx_hal_dma_ex.c **** 
 260:Drivers/STM32F4xx_HAL_Driver/Src/stm32f4xx_hal_dma_ex.c **** /**
 261:Drivers/STM32F4xx_HAL_Driver/Src/stm32f4xx_hal_dma_ex.c ****   * @}
 262:Drivers/STM32F4xx_HAL_Driver/Src/stm32f4xx_hal_dma_ex.c ****   */
 263:Drivers/STM32F4xx_HAL_Driver/Src/stm32f4xx_hal_dma_ex.c **** 
 264:Drivers/STM32F4xx_HAL_Driver/Src/stm32f4xx_hal_dma_ex.c **** /** @addtogroup DMAEx_Private_Functions
 265:Drivers/STM32F4xx_HAL_Driver/Src/stm32f4xx_hal_dma_ex.c ****   * @{
 266:Drivers/STM32F4xx_HAL_Driver/Src/stm32f4xx_hal_dma_ex.c ****   */
 267:Drivers/STM32F4xx_HAL_Driver/Src/stm32f4xx_hal_dma_ex.c **** 
 268:Drivers/STM32F4xx_HAL_Driver/Src/stm32f4xx_hal_dma_ex.c **** /**
 269:Drivers/STM32F4xx_HAL_Driver/Src/stm32f4xx_hal_dma_ex.c ****   * @brief  Set the DMA Transfer parameter.
 270:Drivers/STM32F4xx_HAL_Driver/Src/stm32f4xx_hal_dma_ex.c ****   * @param  hdma       pointer to a DMA_HandleTypeDef structure that contains
 271:Drivers/STM32F4xx_HAL_Driver/Src/stm32f4xx_hal_dma_ex.c ****   *                     the configuration information for the specified DMA Stream.  
 272:Drivers/STM32F4xx_HAL_Driver/Src/stm32f4xx_hal_dma_ex.c ****   * @param  SrcAddress The source memory Buffer address
 273:Drivers/STM32F4xx_HAL_Driver/Src/stm32f4xx_hal_dma_ex.c ****   * @param  DstAddress The destination memory Buffer address
 274:Drivers/STM32F4xx_HAL_Driver/Src/stm32f4xx_hal_dma_ex.c ****   * @param  DataLength The length of data to be transferred from source to destination
 275:Drivers/STM32F4xx_HAL_Driver/Src/stm32f4xx_hal_dma_ex.c ****   * @retval HAL status
 276:Drivers/STM32F4xx_HAL_Driver/Src/stm32f4xx_hal_dma_ex.c ****   */
 277:Drivers/STM32F4xx_HAL_Driver/Src/stm32f4xx_hal_dma_ex.c **** static void DMA_MultiBufferSetConfig(DMA_HandleTypeDef *hdma, uint32_t SrcAddress, uint32_t DstAddr
 278:Drivers/STM32F4xx_HAL_Driver/Src/stm32f4xx_hal_dma_ex.c **** {  
  29              		.loc 1 278 1 view -0
  30              		.cfi_startproc
  31              		@ args = 0, pretend = 0, frame = 0
  32              		@ frame_needed = 0, uses_anonymous_args = 0
  33              		@ link register save eliminated.
  34              		.loc 1 278 1 is_stmt 0 view .LVU1
  35 0000 10B4     		push	{r4}
  36              		.cfi_def_cfa_offset 4
  37              		.cfi_offset 4, -4
 279:Drivers/STM32F4xx_HAL_Driver/Src/stm32f4xx_hal_dma_ex.c ****   /* Configure DMA Stream data length */
 280:Drivers/STM32F4xx_HAL_Driver/Src/stm32f4xx_hal_dma_ex.c ****   hdma->Instance->NDTR = DataLength;
  38              		.loc 1 280 3 is_stmt 1 view .LVU2
  39              		.loc 1 280 24 is_stmt 0 view .LVU3
  40 0002 0468     		ldr	r4, [r0]
  41 0004 6360     		str	r3, [r4, #4]
 281:Drivers/STM32F4xx_HAL_Driver/Src/stm32f4xx_hal_dma_ex.c ****   
 282:Drivers/STM32F4xx_HAL_Driver/Src/stm32f4xx_hal_dma_ex.c ****   /* Peripheral to Memory */
 283:Drivers/STM32F4xx_HAL_Driver/Src/stm32f4xx_hal_dma_ex.c ****   if((hdma->Init.Direction) == DMA_MEMORY_TO_PERIPH)
  42              		.loc 1 283 3 is_stmt 1 view .LVU4
  43              		.loc 1 283 17 is_stmt 0 view .LVU5
  44 0006 8368     		ldr	r3, [r0, #8]
  45              	.LVL1:
  46              		.loc 1 283 5 view .LVU6
  47 0008 402B     		cmp	r3, #64
  48 000a 06D0     		beq	.L5
 284:Drivers/STM32F4xx_HAL_Driver/Src/stm32f4xx_hal_dma_ex.c ****   {   
 285:Drivers/STM32F4xx_HAL_Driver/Src/stm32f4xx_hal_dma_ex.c ****     /* Configure DMA Stream destination address */
 286:Drivers/STM32F4xx_HAL_Driver/Src/stm32f4xx_hal_dma_ex.c ****     hdma->Instance->PAR = DstAddress;
 287:Drivers/STM32F4xx_HAL_Driver/Src/stm32f4xx_hal_dma_ex.c ****     
 288:Drivers/STM32F4xx_HAL_Driver/Src/stm32f4xx_hal_dma_ex.c ****     /* Configure DMA Stream source address */
 289:Drivers/STM32F4xx_HAL_Driver/Src/stm32f4xx_hal_dma_ex.c ****     hdma->Instance->M0AR = SrcAddress;
 290:Drivers/STM32F4xx_HAL_Driver/Src/stm32f4xx_hal_dma_ex.c ****   }
 291:Drivers/STM32F4xx_HAL_Driver/Src/stm32f4xx_hal_dma_ex.c ****   /* Memory to Peripheral */
 292:Drivers/STM32F4xx_HAL_Driver/Src/stm32f4xx_hal_dma_ex.c ****   else
 293:Drivers/STM32F4xx_HAL_Driver/Src/stm32f4xx_hal_dma_ex.c ****   {
 294:Drivers/STM32F4xx_HAL_Driver/Src/stm32f4xx_hal_dma_ex.c ****     /* Configure DMA Stream source address */
 295:Drivers/STM32F4xx_HAL_Driver/Src/stm32f4xx_hal_dma_ex.c ****     hdma->Instance->PAR = SrcAddress;
ARM GAS  /tmp/ccsCpbFO.s 			page 7


  49              		.loc 1 295 5 is_stmt 1 view .LVU7
  50              		.loc 1 295 9 is_stmt 0 view .LVU8
  51 000c 0368     		ldr	r3, [r0]
  52              		.loc 1 295 25 view .LVU9
  53 000e 9960     		str	r1, [r3, #8]
  54              	.LVL2:
 296:Drivers/STM32F4xx_HAL_Driver/Src/stm32f4xx_hal_dma_ex.c ****     
 297:Drivers/STM32F4xx_HAL_Driver/Src/stm32f4xx_hal_dma_ex.c ****     /* Configure DMA Stream destination address */
 298:Drivers/STM32F4xx_HAL_Driver/Src/stm32f4xx_hal_dma_ex.c ****     hdma->Instance->M0AR = DstAddress;
  55              		.loc 1 298 5 is_stmt 1 view .LVU10
  56              		.loc 1 298 9 is_stmt 0 view .LVU11
  57 0010 0368     		ldr	r3, [r0]
  58              		.loc 1 298 26 view .LVU12
  59 0012 DA60     		str	r2, [r3, #12]
  60              	.L1:
 299:Drivers/STM32F4xx_HAL_Driver/Src/stm32f4xx_hal_dma_ex.c ****   }
 300:Drivers/STM32F4xx_HAL_Driver/Src/stm32f4xx_hal_dma_ex.c **** }
  61              		.loc 1 300 1 view .LVU13
  62 0014 5DF8044B 		ldr	r4, [sp], #4
  63              		.cfi_remember_state
  64              		.cfi_restore 4
  65              		.cfi_def_cfa_offset 0
  66 0018 7047     		bx	lr
  67              	.LVL3:
  68              	.L5:
  69              		.cfi_restore_state
 286:Drivers/STM32F4xx_HAL_Driver/Src/stm32f4xx_hal_dma_ex.c ****     
  70              		.loc 1 286 5 is_stmt 1 view .LVU14
 286:Drivers/STM32F4xx_HAL_Driver/Src/stm32f4xx_hal_dma_ex.c ****     
  71              		.loc 1 286 9 is_stmt 0 view .LVU15
  72 001a 0368     		ldr	r3, [r0]
 286:Drivers/STM32F4xx_HAL_Driver/Src/stm32f4xx_hal_dma_ex.c ****     
  73              		.loc 1 286 25 view .LVU16
  74 001c 9A60     		str	r2, [r3, #8]
  75              	.LVL4:
 289:Drivers/STM32F4xx_HAL_Driver/Src/stm32f4xx_hal_dma_ex.c ****   }
  76              		.loc 1 289 5 is_stmt 1 view .LVU17
 289:Drivers/STM32F4xx_HAL_Driver/Src/stm32f4xx_hal_dma_ex.c ****   }
  77              		.loc 1 289 9 is_stmt 0 view .LVU18
  78 001e 0368     		ldr	r3, [r0]
 289:Drivers/STM32F4xx_HAL_Driver/Src/stm32f4xx_hal_dma_ex.c ****   }
  79              		.loc 1 289 26 view .LVU19
  80 0020 D960     		str	r1, [r3, #12]
  81 0022 F7E7     		b	.L1
  82              		.cfi_endproc
  83              	.LFE219:
  85              		.section	.text.HAL_DMAEx_MultiBufferStart,"ax",%progbits
  86              		.align	1
  87              		.global	HAL_DMAEx_MultiBufferStart
  88              		.syntax unified
  89              		.thumb
  90              		.thumb_func
  92              	HAL_DMAEx_MultiBufferStart:
  93              	.LVL5:
  94              	.LFB216:
 102:Drivers/STM32F4xx_HAL_Driver/Src/stm32f4xx_hal_dma_ex.c ****   HAL_StatusTypeDef status = HAL_OK;
  95              		.loc 1 102 1 is_stmt 1 view -0
ARM GAS  /tmp/ccsCpbFO.s 			page 8


  96              		.cfi_startproc
  97              		@ args = 4, pretend = 0, frame = 0
  98              		@ frame_needed = 0, uses_anonymous_args = 0
 102:Drivers/STM32F4xx_HAL_Driver/Src/stm32f4xx_hal_dma_ex.c ****   HAL_StatusTypeDef status = HAL_OK;
  99              		.loc 1 102 1 is_stmt 0 view .LVU21
 100 0000 38B5     		push	{r3, r4, r5, lr}
 101              		.cfi_def_cfa_offset 16
 102              		.cfi_offset 3, -16
 103              		.cfi_offset 4, -12
 104              		.cfi_offset 5, -8
 105              		.cfi_offset 14, -4
 106 0002 0446     		mov	r4, r0
 103:Drivers/STM32F4xx_HAL_Driver/Src/stm32f4xx_hal_dma_ex.c ****   
 107              		.loc 1 103 3 is_stmt 1 view .LVU22
 108              	.LVL6:
 106:Drivers/STM32F4xx_HAL_Driver/Src/stm32f4xx_hal_dma_ex.c ****   
 109              		.loc 1 106 3 view .LVU23
 109:Drivers/STM32F4xx_HAL_Driver/Src/stm32f4xx_hal_dma_ex.c ****   {
 110              		.loc 1 109 3 view .LVU24
 109:Drivers/STM32F4xx_HAL_Driver/Src/stm32f4xx_hal_dma_ex.c ****   {
 111              		.loc 1 109 17 is_stmt 0 view .LVU25
 112 0004 8068     		ldr	r0, [r0, #8]
 113              	.LVL7:
 109:Drivers/STM32F4xx_HAL_Driver/Src/stm32f4xx_hal_dma_ex.c ****   {
 114              		.loc 1 109 6 view .LVU26
 115 0006 8028     		cmp	r0, #128
 116 0008 0DD0     		beq	.L12
 117:Drivers/STM32F4xx_HAL_Driver/Src/stm32f4xx_hal_dma_ex.c ****     
 117              		.loc 1 117 5 is_stmt 1 view .LVU27
 117:Drivers/STM32F4xx_HAL_Driver/Src/stm32f4xx_hal_dma_ex.c ****     
 118              		.loc 1 117 5 view .LVU28
 119 000a 94F83400 		ldrb	r0, [r4, #52]	@ zero_extendqisi2
 120 000e 0128     		cmp	r0, #1
 121 0010 23D0     		beq	.L9
 117:Drivers/STM32F4xx_HAL_Driver/Src/stm32f4xx_hal_dma_ex.c ****     
 122              		.loc 1 117 5 discriminator 2 view .LVU29
 123 0012 0120     		movs	r0, #1
 124 0014 84F83400 		strb	r0, [r4, #52]
 117:Drivers/STM32F4xx_HAL_Driver/Src/stm32f4xx_hal_dma_ex.c ****     
 125              		.loc 1 117 5 discriminator 2 view .LVU30
 119:Drivers/STM32F4xx_HAL_Driver/Src/stm32f4xx_hal_dma_ex.c ****     {
 126              		.loc 1 119 5 view .LVU31
 119:Drivers/STM32F4xx_HAL_Driver/Src/stm32f4xx_hal_dma_ex.c ****     {
 127              		.loc 1 119 35 is_stmt 0 view .LVU32
 128 0018 94F83500 		ldrb	r0, [r4, #53]	@ zero_extendqisi2
 129 001c C0B2     		uxtb	r0, r0
 119:Drivers/STM32F4xx_HAL_Driver/Src/stm32f4xx_hal_dma_ex.c ****     {
 130              		.loc 1 119 7 view .LVU33
 131 001e 0128     		cmp	r0, #1
 132 0020 06D0     		beq	.L13
 139:Drivers/STM32F4xx_HAL_Driver/Src/stm32f4xx_hal_dma_ex.c ****     }
 133              		.loc 1 139 14 view .LVU34
 134 0022 0220     		movs	r0, #2
 135              	.LVL8:
 136              	.L8:
 143:Drivers/STM32F4xx_HAL_Driver/Src/stm32f4xx_hal_dma_ex.c **** 
 137              		.loc 1 143 1 view .LVU35
ARM GAS  /tmp/ccsCpbFO.s 			page 9


 138 0024 38BD     		pop	{r3, r4, r5, pc}
 139              	.LVL9:
 140              	.L12:
 111:Drivers/STM32F4xx_HAL_Driver/Src/stm32f4xx_hal_dma_ex.c ****     status = HAL_ERROR;
 141              		.loc 1 111 5 is_stmt 1 view .LVU36
 111:Drivers/STM32F4xx_HAL_Driver/Src/stm32f4xx_hal_dma_ex.c ****     status = HAL_ERROR;
 142              		.loc 1 111 21 is_stmt 0 view .LVU37
 143 0026 4FF48073 		mov	r3, #256
 144              	.LVL10:
 111:Drivers/STM32F4xx_HAL_Driver/Src/stm32f4xx_hal_dma_ex.c ****     status = HAL_ERROR;
 145              		.loc 1 111 21 view .LVU38
 146 002a 6365     		str	r3, [r4, #84]
 112:Drivers/STM32F4xx_HAL_Driver/Src/stm32f4xx_hal_dma_ex.c ****   }
 147              		.loc 1 112 5 is_stmt 1 view .LVU39
 148              	.LVL11:
 112:Drivers/STM32F4xx_HAL_Driver/Src/stm32f4xx_hal_dma_ex.c ****   }
 149              		.loc 1 112 12 is_stmt 0 view .LVU40
 150 002c 0120     		movs	r0, #1
 151 002e F9E7     		b	.L8
 152              	.LVL12:
 153              	.L13:
 122:Drivers/STM32F4xx_HAL_Driver/Src/stm32f4xx_hal_dma_ex.c ****       
 154              		.loc 1 122 7 is_stmt 1 view .LVU41
 122:Drivers/STM32F4xx_HAL_Driver/Src/stm32f4xx_hal_dma_ex.c ****       
 155              		.loc 1 122 19 is_stmt 0 view .LVU42
 156 0030 0220     		movs	r0, #2
 157 0032 84F83500 		strb	r0, [r4, #53]
 125:Drivers/STM32F4xx_HAL_Driver/Src/stm32f4xx_hal_dma_ex.c ****       
 158              		.loc 1 125 7 is_stmt 1 view .LVU43
 125:Drivers/STM32F4xx_HAL_Driver/Src/stm32f4xx_hal_dma_ex.c ****       
 159              		.loc 1 125 11 is_stmt 0 view .LVU44
 160 0036 2568     		ldr	r5, [r4]
 125:Drivers/STM32F4xx_HAL_Driver/Src/stm32f4xx_hal_dma_ex.c ****       
 161              		.loc 1 125 21 view .LVU45
 162 0038 2868     		ldr	r0, [r5]
 125:Drivers/STM32F4xx_HAL_Driver/Src/stm32f4xx_hal_dma_ex.c ****       
 163              		.loc 1 125 26 view .LVU46
 164 003a 40F48020 		orr	r0, r0, #262144
 165 003e 2860     		str	r0, [r5]
 128:Drivers/STM32F4xx_HAL_Driver/Src/stm32f4xx_hal_dma_ex.c ****       
 166              		.loc 1 128 7 is_stmt 1 view .LVU47
 128:Drivers/STM32F4xx_HAL_Driver/Src/stm32f4xx_hal_dma_ex.c ****       
 167              		.loc 1 128 11 is_stmt 0 view .LVU48
 168 0040 2068     		ldr	r0, [r4]
 128:Drivers/STM32F4xx_HAL_Driver/Src/stm32f4xx_hal_dma_ex.c ****       
 169              		.loc 1 128 28 view .LVU49
 170 0042 0361     		str	r3, [r0, #16]
 131:Drivers/STM32F4xx_HAL_Driver/Src/stm32f4xx_hal_dma_ex.c ****       
 171              		.loc 1 131 7 is_stmt 1 view .LVU50
 172 0044 049B     		ldr	r3, [sp, #16]
 173              	.LVL13:
 131:Drivers/STM32F4xx_HAL_Driver/Src/stm32f4xx_hal_dma_ex.c ****       
 174              		.loc 1 131 7 is_stmt 0 view .LVU51
 175 0046 2046     		mov	r0, r4
 176              	.LVL14:
 131:Drivers/STM32F4xx_HAL_Driver/Src/stm32f4xx_hal_dma_ex.c ****       
 177              		.loc 1 131 7 view .LVU52
ARM GAS  /tmp/ccsCpbFO.s 			page 10


 178 0048 FFF7FEFF 		bl	DMA_MultiBufferSetConfig
 179              	.LVL15:
 134:Drivers/STM32F4xx_HAL_Driver/Src/stm32f4xx_hal_dma_ex.c ****     }
 180              		.loc 1 134 7 is_stmt 1 view .LVU53
 181 004c 2268     		ldr	r2, [r4]
 182 004e 1368     		ldr	r3, [r2]
 183 0050 43F00103 		orr	r3, r3, #1
 184 0054 1360     		str	r3, [r2]
 103:Drivers/STM32F4xx_HAL_Driver/Src/stm32f4xx_hal_dma_ex.c ****   
 185              		.loc 1 103 21 is_stmt 0 view .LVU54
 186 0056 0020     		movs	r0, #0
 187 0058 E4E7     		b	.L8
 188              	.LVL16:
 189              	.L9:
 117:Drivers/STM32F4xx_HAL_Driver/Src/stm32f4xx_hal_dma_ex.c ****     
 190              		.loc 1 117 5 discriminator 1 view .LVU55
 191 005a 0220     		movs	r0, #2
 192 005c E2E7     		b	.L8
 193              		.cfi_endproc
 194              	.LFE216:
 196              		.section	.text.HAL_DMAEx_MultiBufferStart_IT,"ax",%progbits
 197              		.align	1
 198              		.global	HAL_DMAEx_MultiBufferStart_IT
 199              		.syntax unified
 200              		.thumb
 201              		.thumb_func
 203              	HAL_DMAEx_MultiBufferStart_IT:
 204              	.LVL17:
 205              	.LFB217:
 156:Drivers/STM32F4xx_HAL_Driver/Src/stm32f4xx_hal_dma_ex.c ****   HAL_StatusTypeDef status = HAL_OK;
 206              		.loc 1 156 1 is_stmt 1 view -0
 207              		.cfi_startproc
 208              		@ args = 4, pretend = 0, frame = 0
 209              		@ frame_needed = 0, uses_anonymous_args = 0
 156:Drivers/STM32F4xx_HAL_Driver/Src/stm32f4xx_hal_dma_ex.c ****   HAL_StatusTypeDef status = HAL_OK;
 210              		.loc 1 156 1 is_stmt 0 view .LVU57
 211 0000 38B5     		push	{r3, r4, r5, lr}
 212              		.cfi_def_cfa_offset 16
 213              		.cfi_offset 3, -16
 214              		.cfi_offset 4, -12
 215              		.cfi_offset 5, -8
 216              		.cfi_offset 14, -4
 217 0002 0446     		mov	r4, r0
 157:Drivers/STM32F4xx_HAL_Driver/Src/stm32f4xx_hal_dma_ex.c ****   
 218              		.loc 1 157 3 is_stmt 1 view .LVU58
 219              	.LVL18:
 160:Drivers/STM32F4xx_HAL_Driver/Src/stm32f4xx_hal_dma_ex.c ****   
 220              		.loc 1 160 3 view .LVU59
 163:Drivers/STM32F4xx_HAL_Driver/Src/stm32f4xx_hal_dma_ex.c ****   {
 221              		.loc 1 163 3 view .LVU60
 163:Drivers/STM32F4xx_HAL_Driver/Src/stm32f4xx_hal_dma_ex.c ****   {
 222              		.loc 1 163 17 is_stmt 0 view .LVU61
 223 0004 8068     		ldr	r0, [r0, #8]
 224              	.LVL19:
 163:Drivers/STM32F4xx_HAL_Driver/Src/stm32f4xx_hal_dma_ex.c ****   {
 225              		.loc 1 163 6 view .LVU62
 226 0006 8028     		cmp	r0, #128
ARM GAS  /tmp/ccsCpbFO.s 			page 11


 227 0008 17D0     		beq	.L304
 170:Drivers/STM32F4xx_HAL_Driver/Src/stm32f4xx_hal_dma_ex.c ****   {
 228              		.loc 1 170 3 is_stmt 1 view .LVU63
 170:Drivers/STM32F4xx_HAL_Driver/Src/stm32f4xx_hal_dma_ex.c ****   {
 229              		.loc 1 170 20 is_stmt 0 view .LVU64
 230 000a E06B     		ldr	r0, [r4, #60]
 170:Drivers/STM32F4xx_HAL_Driver/Src/stm32f4xx_hal_dma_ex.c ****   {
 231              		.loc 1 170 6 view .LVU65
 232 000c D0B1     		cbz	r0, .L17
 170:Drivers/STM32F4xx_HAL_Driver/Src/stm32f4xx_hal_dma_ex.c ****   {
 233              		.loc 1 170 56 discriminator 1 view .LVU66
 234 000e 606C     		ldr	r0, [r4, #68]
 170:Drivers/STM32F4xx_HAL_Driver/Src/stm32f4xx_hal_dma_ex.c ****   {
 235              		.loc 1 170 40 discriminator 1 view .LVU67
 236 0010 C0B1     		cbz	r0, .L17
 170:Drivers/STM32F4xx_HAL_Driver/Src/stm32f4xx_hal_dma_ex.c ****   {
 237              		.loc 1 170 94 discriminator 2 view .LVU68
 238 0012 E06C     		ldr	r0, [r4, #76]
 170:Drivers/STM32F4xx_HAL_Driver/Src/stm32f4xx_hal_dma_ex.c ****   {
 239              		.loc 1 170 78 discriminator 2 view .LVU69
 240 0014 B0B1     		cbz	r0, .L17
 177:Drivers/STM32F4xx_HAL_Driver/Src/stm32f4xx_hal_dma_ex.c ****   
 241              		.loc 1 177 3 is_stmt 1 view .LVU70
 177:Drivers/STM32F4xx_HAL_Driver/Src/stm32f4xx_hal_dma_ex.c ****   
 242              		.loc 1 177 3 view .LVU71
 243 0016 94F83400 		ldrb	r0, [r4, #52]	@ zero_extendqisi2
 244 001a 0128     		cmp	r0, #1
 245 001c 00F06987 		beq	.L62
 177:Drivers/STM32F4xx_HAL_Driver/Src/stm32f4xx_hal_dma_ex.c ****   
 246              		.loc 1 177 3 discriminator 2 view .LVU72
 247 0020 0120     		movs	r0, #1
 248 0022 84F83400 		strb	r0, [r4, #52]
 177:Drivers/STM32F4xx_HAL_Driver/Src/stm32f4xx_hal_dma_ex.c ****   
 249              		.loc 1 177 3 discriminator 2 view .LVU73
 179:Drivers/STM32F4xx_HAL_Driver/Src/stm32f4xx_hal_dma_ex.c ****   {
 250              		.loc 1 179 3 view .LVU74
 179:Drivers/STM32F4xx_HAL_Driver/Src/stm32f4xx_hal_dma_ex.c ****   {
 251              		.loc 1 179 33 is_stmt 0 view .LVU75
 252 0026 94F83500 		ldrb	r0, [r4, #53]	@ zero_extendqisi2
 253 002a C0B2     		uxtb	r0, r0
 179:Drivers/STM32F4xx_HAL_Driver/Src/stm32f4xx_hal_dma_ex.c ****   {
 254              		.loc 1 179 5 view .LVU76
 255 002c 0128     		cmp	r0, #1
 256 002e 0DD0     		beq	.L305
 218:Drivers/STM32F4xx_HAL_Driver/Src/stm32f4xx_hal_dma_ex.c ****     
 257              		.loc 1 218 5 is_stmt 1 view .LVU77
 218:Drivers/STM32F4xx_HAL_Driver/Src/stm32f4xx_hal_dma_ex.c ****     
 258              		.loc 1 218 5 view .LVU78
 259 0030 0023     		movs	r3, #0
 260              	.LVL20:
 218:Drivers/STM32F4xx_HAL_Driver/Src/stm32f4xx_hal_dma_ex.c ****     
 261              		.loc 1 218 5 is_stmt 0 view .LVU79
 262 0032 84F83430 		strb	r3, [r4, #52]
 218:Drivers/STM32F4xx_HAL_Driver/Src/stm32f4xx_hal_dma_ex.c ****     
 263              		.loc 1 218 5 is_stmt 1 view .LVU80
 221:Drivers/STM32F4xx_HAL_Driver/Src/stm32f4xx_hal_dma_ex.c ****   }  
 264              		.loc 1 221 5 view .LVU81
ARM GAS  /tmp/ccsCpbFO.s 			page 12


 265              	.LVL21:
 221:Drivers/STM32F4xx_HAL_Driver/Src/stm32f4xx_hal_dma_ex.c ****   }  
 266              		.loc 1 221 12 is_stmt 0 view .LVU82
 267 0036 0220     		movs	r0, #2
 268 0038 07E0     		b	.L16
 269              	.LVL22:
 270              	.L304:
 165:Drivers/STM32F4xx_HAL_Driver/Src/stm32f4xx_hal_dma_ex.c ****     return HAL_ERROR;
 271              		.loc 1 165 5 is_stmt 1 view .LVU83
 165:Drivers/STM32F4xx_HAL_Driver/Src/stm32f4xx_hal_dma_ex.c ****     return HAL_ERROR;
 272              		.loc 1 165 21 is_stmt 0 view .LVU84
 273 003a 4FF48073 		mov	r3, #256
 274              	.LVL23:
 165:Drivers/STM32F4xx_HAL_Driver/Src/stm32f4xx_hal_dma_ex.c ****     return HAL_ERROR;
 275              		.loc 1 165 21 view .LVU85
 276 003e 6365     		str	r3, [r4, #84]
 166:Drivers/STM32F4xx_HAL_Driver/Src/stm32f4xx_hal_dma_ex.c ****   }
 277              		.loc 1 166 5 is_stmt 1 view .LVU86
 166:Drivers/STM32F4xx_HAL_Driver/Src/stm32f4xx_hal_dma_ex.c ****   }
 278              		.loc 1 166 12 is_stmt 0 view .LVU87
 279 0040 0120     		movs	r0, #1
 280 0042 02E0     		b	.L16
 281              	.LVL24:
 282              	.L17:
 172:Drivers/STM32F4xx_HAL_Driver/Src/stm32f4xx_hal_dma_ex.c ****     return HAL_ERROR;
 283              		.loc 1 172 5 is_stmt 1 view .LVU88
 172:Drivers/STM32F4xx_HAL_Driver/Src/stm32f4xx_hal_dma_ex.c ****     return HAL_ERROR;
 284              		.loc 1 172 21 is_stmt 0 view .LVU89
 285 0044 4023     		movs	r3, #64
 286              	.LVL25:
 172:Drivers/STM32F4xx_HAL_Driver/Src/stm32f4xx_hal_dma_ex.c ****     return HAL_ERROR;
 287              		.loc 1 172 21 view .LVU90
 288 0046 6365     		str	r3, [r4, #84]
 173:Drivers/STM32F4xx_HAL_Driver/Src/stm32f4xx_hal_dma_ex.c ****   }
 289              		.loc 1 173 5 is_stmt 1 view .LVU91
 173:Drivers/STM32F4xx_HAL_Driver/Src/stm32f4xx_hal_dma_ex.c ****   }
 290              		.loc 1 173 12 is_stmt 0 view .LVU92
 291 0048 0120     		movs	r0, #1
 292              	.LVL26:
 293              	.L16:
 224:Drivers/STM32F4xx_HAL_Driver/Src/stm32f4xx_hal_dma_ex.c **** 
 294              		.loc 1 224 1 view .LVU93
 295 004a 38BD     		pop	{r3, r4, r5, pc}
 296              	.LVL27:
 297              	.L305:
 182:Drivers/STM32F4xx_HAL_Driver/Src/stm32f4xx_hal_dma_ex.c ****     
 298              		.loc 1 182 5 is_stmt 1 view .LVU94
 182:Drivers/STM32F4xx_HAL_Driver/Src/stm32f4xx_hal_dma_ex.c ****     
 299              		.loc 1 182 17 is_stmt 0 view .LVU95
 300 004c 0220     		movs	r0, #2
 301 004e 84F83500 		strb	r0, [r4, #53]
 185:Drivers/STM32F4xx_HAL_Driver/Src/stm32f4xx_hal_dma_ex.c ****     
 302              		.loc 1 185 5 is_stmt 1 view .LVU96
 185:Drivers/STM32F4xx_HAL_Driver/Src/stm32f4xx_hal_dma_ex.c ****     
 303              		.loc 1 185 21 is_stmt 0 view .LVU97
 304 0052 0020     		movs	r0, #0
 305 0054 6065     		str	r0, [r4, #84]
ARM GAS  /tmp/ccsCpbFO.s 			page 13


 188:Drivers/STM32F4xx_HAL_Driver/Src/stm32f4xx_hal_dma_ex.c ****     
 306              		.loc 1 188 5 is_stmt 1 view .LVU98
 188:Drivers/STM32F4xx_HAL_Driver/Src/stm32f4xx_hal_dma_ex.c ****     
 307              		.loc 1 188 9 is_stmt 0 view .LVU99
 308 0056 2568     		ldr	r5, [r4]
 188:Drivers/STM32F4xx_HAL_Driver/Src/stm32f4xx_hal_dma_ex.c ****     
 309              		.loc 1 188 19 view .LVU100
 310 0058 2868     		ldr	r0, [r5]
 188:Drivers/STM32F4xx_HAL_Driver/Src/stm32f4xx_hal_dma_ex.c ****     
 311              		.loc 1 188 24 view .LVU101
 312 005a 40F48020 		orr	r0, r0, #262144
 313 005e 2860     		str	r0, [r5]
 191:Drivers/STM32F4xx_HAL_Driver/Src/stm32f4xx_hal_dma_ex.c ****     
 314              		.loc 1 191 5 is_stmt 1 view .LVU102
 191:Drivers/STM32F4xx_HAL_Driver/Src/stm32f4xx_hal_dma_ex.c ****     
 315              		.loc 1 191 9 is_stmt 0 view .LVU103
 316 0060 2068     		ldr	r0, [r4]
 191:Drivers/STM32F4xx_HAL_Driver/Src/stm32f4xx_hal_dma_ex.c ****     
 317              		.loc 1 191 26 view .LVU104
 318 0062 0361     		str	r3, [r0, #16]
 194:Drivers/STM32F4xx_HAL_Driver/Src/stm32f4xx_hal_dma_ex.c ****     
 319              		.loc 1 194 5 is_stmt 1 view .LVU105
 320 0064 049B     		ldr	r3, [sp, #16]
 321              	.LVL28:
 194:Drivers/STM32F4xx_HAL_Driver/Src/stm32f4xx_hal_dma_ex.c ****     
 322              		.loc 1 194 5 is_stmt 0 view .LVU106
 323 0066 2046     		mov	r0, r4
 324              	.LVL29:
 194:Drivers/STM32F4xx_HAL_Driver/Src/stm32f4xx_hal_dma_ex.c ****     
 325              		.loc 1 194 5 view .LVU107
 326 0068 FFF7FEFF 		bl	DMA_MultiBufferSetConfig
 327              	.LVL30:
 197:Drivers/STM32F4xx_HAL_Driver/Src/stm32f4xx_hal_dma_ex.c ****     __HAL_DMA_CLEAR_FLAG (hdma, __HAL_DMA_GET_HT_FLAG_INDEX(hdma));
 328              		.loc 1 197 5 is_stmt 1 view .LVU108
 329 006c 2368     		ldr	r3, [r4]
 330 006e A54A     		ldr	r2, .L327
 331 0070 9342     		cmp	r3, r2
 332 0072 40F29880 		bls	.L20
 197:Drivers/STM32F4xx_HAL_Driver/Src/stm32f4xx_hal_dma_ex.c ****     __HAL_DMA_CLEAR_FLAG (hdma, __HAL_DMA_GET_HT_FLAG_INDEX(hdma));
 333              		.loc 1 197 5 is_stmt 0 discriminator 1 view .LVU109
 334 0076 A2F58962 		sub	r2, r2, #1096
 335 007a 9342     		cmp	r3, r2
 336 007c 31D0     		beq	.L63
 197:Drivers/STM32F4xx_HAL_Driver/Src/stm32f4xx_hal_dma_ex.c ****     __HAL_DMA_CLEAR_FLAG (hdma, __HAL_DMA_GET_HT_FLAG_INDEX(hdma));
 337              		.loc 1 197 5 discriminator 3 view .LVU110
 338 007e 02F58062 		add	r2, r2, #1024
 339 0082 9342     		cmp	r3, r2
 340 0084 74D0     		beq	.L64
 197:Drivers/STM32F4xx_HAL_Driver/Src/stm32f4xx_hal_dma_ex.c ****     __HAL_DMA_CLEAR_FLAG (hdma, __HAL_DMA_GET_HT_FLAG_INDEX(hdma));
 341              		.loc 1 197 5 discriminator 5 view .LVU111
 342 0086 A2F56872 		sub	r2, r2, #928
 343 008a 9342     		cmp	r3, r2
 344 008c 72D0     		beq	.L65
 197:Drivers/STM32F4xx_HAL_Driver/Src/stm32f4xx_hal_dma_ex.c ****     __HAL_DMA_CLEAR_FLAG (hdma, __HAL_DMA_GET_HT_FLAG_INDEX(hdma));
 345              		.loc 1 197 5 discriminator 7 view .LVU112
 346 008e 02F58062 		add	r2, r2, #1024
 347 0092 9342     		cmp	r3, r2
ARM GAS  /tmp/ccsCpbFO.s 			page 14


 348 0094 70D0     		beq	.L66
 197:Drivers/STM32F4xx_HAL_Driver/Src/stm32f4xx_hal_dma_ex.c ****     __HAL_DMA_CLEAR_FLAG (hdma, __HAL_DMA_GET_HT_FLAG_INDEX(hdma));
 349              		.loc 1 197 5 discriminator 9 view .LVU113
 350 0096 A2F58962 		sub	r2, r2, #1096
 351 009a 9342     		cmp	r3, r2
 352 009c 6ED0     		beq	.L67
 197:Drivers/STM32F4xx_HAL_Driver/Src/stm32f4xx_hal_dma_ex.c ****     __HAL_DMA_CLEAR_FLAG (hdma, __HAL_DMA_GET_HT_FLAG_INDEX(hdma));
 353              		.loc 1 197 5 discriminator 11 view .LVU114
 354 009e 02F58062 		add	r2, r2, #1024
 355 00a2 9342     		cmp	r3, r2
 356 00a4 6DD0     		beq	.L68
 197:Drivers/STM32F4xx_HAL_Driver/Src/stm32f4xx_hal_dma_ex.c ****     __HAL_DMA_CLEAR_FLAG (hdma, __HAL_DMA_GET_HT_FLAG_INDEX(hdma));
 357              		.loc 1 197 5 discriminator 13 view .LVU115
 358 00a6 A2F56872 		sub	r2, r2, #928
 359 00aa 9342     		cmp	r3, r2
 360 00ac 6CD0     		beq	.L69
 197:Drivers/STM32F4xx_HAL_Driver/Src/stm32f4xx_hal_dma_ex.c ****     __HAL_DMA_CLEAR_FLAG (hdma, __HAL_DMA_GET_HT_FLAG_INDEX(hdma));
 361              		.loc 1 197 5 discriminator 15 view .LVU116
 362 00ae 02F58062 		add	r2, r2, #1024
 363 00b2 9342     		cmp	r3, r2
 364 00b4 6BD0     		beq	.L70
 197:Drivers/STM32F4xx_HAL_Driver/Src/stm32f4xx_hal_dma_ex.c ****     __HAL_DMA_CLEAR_FLAG (hdma, __HAL_DMA_GET_HT_FLAG_INDEX(hdma));
 365              		.loc 1 197 5 discriminator 17 view .LVU117
 366 00b6 A2F58962 		sub	r2, r2, #1096
 367 00ba 9342     		cmp	r3, r2
 368 00bc 6AD0     		beq	.L71
 197:Drivers/STM32F4xx_HAL_Driver/Src/stm32f4xx_hal_dma_ex.c ****     __HAL_DMA_CLEAR_FLAG (hdma, __HAL_DMA_GET_HT_FLAG_INDEX(hdma));
 369              		.loc 1 197 5 discriminator 19 view .LVU118
 370 00be 02F58062 		add	r2, r2, #1024
 371 00c2 9342     		cmp	r3, r2
 372 00c4 69D0     		beq	.L72
 197:Drivers/STM32F4xx_HAL_Driver/Src/stm32f4xx_hal_dma_ex.c ****     __HAL_DMA_CLEAR_FLAG (hdma, __HAL_DMA_GET_HT_FLAG_INDEX(hdma));
 373              		.loc 1 197 5 discriminator 21 view .LVU119
 374 00c6 A2F56872 		sub	r2, r2, #928
 375 00ca 9342     		cmp	r3, r2
 376 00cc 68D0     		beq	.L73
 197:Drivers/STM32F4xx_HAL_Driver/Src/stm32f4xx_hal_dma_ex.c ****     __HAL_DMA_CLEAR_FLAG (hdma, __HAL_DMA_GET_HT_FLAG_INDEX(hdma));
 377              		.loc 1 197 5 discriminator 23 view .LVU120
 378 00ce 02F58062 		add	r2, r2, #1024
 379 00d2 9342     		cmp	r3, r2
 380 00d4 02D0     		beq	.L306
 197:Drivers/STM32F4xx_HAL_Driver/Src/stm32f4xx_hal_dma_ex.c ****     __HAL_DMA_CLEAR_FLAG (hdma, __HAL_DMA_GET_HT_FLAG_INDEX(hdma));
 381              		.loc 1 197 5 discriminator 26 view .LVU121
 382 00d6 4FF00062 		mov	r2, #134217728
 383 00da 03E0     		b	.L21
 384              	.L306:
 197:Drivers/STM32F4xx_HAL_Driver/Src/stm32f4xx_hal_dma_ex.c ****     __HAL_DMA_CLEAR_FLAG (hdma, __HAL_DMA_GET_HT_FLAG_INDEX(hdma));
 385              		.loc 1 197 5 discriminator 25 view .LVU122
 386 00dc 4FF40012 		mov	r2, #2097152
 387 00e0 00E0     		b	.L21
 388              	.L63:
 197:Drivers/STM32F4xx_HAL_Driver/Src/stm32f4xx_hal_dma_ex.c ****     __HAL_DMA_CLEAR_FLAG (hdma, __HAL_DMA_GET_HT_FLAG_INDEX(hdma));
 389              		.loc 1 197 5 discriminator 4 view .LVU123
 390 00e2 2022     		movs	r2, #32
 391              	.L21:
 197:Drivers/STM32F4xx_HAL_Driver/Src/stm32f4xx_hal_dma_ex.c ****     __HAL_DMA_CLEAR_FLAG (hdma, __HAL_DMA_GET_HT_FLAG_INDEX(hdma));
 392              		.loc 1 197 5 discriminator 50 view .LVU124
ARM GAS  /tmp/ccsCpbFO.s 			page 15


 393 00e4 884B     		ldr	r3, .L327+4
 394 00e6 DA60     		str	r2, [r3, #12]
 395              	.LVL31:
 396              	.L22:
 198:Drivers/STM32F4xx_HAL_Driver/Src/stm32f4xx_hal_dma_ex.c ****     __HAL_DMA_CLEAR_FLAG (hdma, __HAL_DMA_GET_TE_FLAG_INDEX(hdma));
 397              		.loc 1 198 5 is_stmt 1 view .LVU125
 398 00e8 2368     		ldr	r3, [r4]
 399 00ea 864A     		ldr	r2, .L327
 400 00ec 9342     		cmp	r3, r2
 401 00ee 40F2CC81 		bls	.L28
 198:Drivers/STM32F4xx_HAL_Driver/Src/stm32f4xx_hal_dma_ex.c ****     __HAL_DMA_CLEAR_FLAG (hdma, __HAL_DMA_GET_TE_FLAG_INDEX(hdma));
 402              		.loc 1 198 5 is_stmt 0 discriminator 1 view .LVU126
 403 00f2 A2F58962 		sub	r2, r2, #1096
 404 00f6 9342     		cmp	r3, r2
 405 00f8 00F06581 		beq	.L111
 198:Drivers/STM32F4xx_HAL_Driver/Src/stm32f4xx_hal_dma_ex.c ****     __HAL_DMA_CLEAR_FLAG (hdma, __HAL_DMA_GET_TE_FLAG_INDEX(hdma));
 406              		.loc 1 198 5 discriminator 3 view .LVU127
 407 00fc 02F58062 		add	r2, r2, #1024
 408 0100 9342     		cmp	r3, r2
 409 0102 00F0A781 		beq	.L112
 198:Drivers/STM32F4xx_HAL_Driver/Src/stm32f4xx_hal_dma_ex.c ****     __HAL_DMA_CLEAR_FLAG (hdma, __HAL_DMA_GET_TE_FLAG_INDEX(hdma));
 410              		.loc 1 198 5 discriminator 5 view .LVU128
 411 0106 A2F56872 		sub	r2, r2, #928
 412 010a 9342     		cmp	r3, r2
 413 010c 00F0A481 		beq	.L113
 198:Drivers/STM32F4xx_HAL_Driver/Src/stm32f4xx_hal_dma_ex.c ****     __HAL_DMA_CLEAR_FLAG (hdma, __HAL_DMA_GET_TE_FLAG_INDEX(hdma));
 414              		.loc 1 198 5 discriminator 7 view .LVU129
 415 0110 02F58062 		add	r2, r2, #1024
 416 0114 9342     		cmp	r3, r2
 417 0116 00F0A181 		beq	.L114
 198:Drivers/STM32F4xx_HAL_Driver/Src/stm32f4xx_hal_dma_ex.c ****     __HAL_DMA_CLEAR_FLAG (hdma, __HAL_DMA_GET_TE_FLAG_INDEX(hdma));
 418              		.loc 1 198 5 discriminator 9 view .LVU130
 419 011a A2F58962 		sub	r2, r2, #1096
 420 011e 9342     		cmp	r3, r2
 421 0120 00F09E81 		beq	.L115
 198:Drivers/STM32F4xx_HAL_Driver/Src/stm32f4xx_hal_dma_ex.c ****     __HAL_DMA_CLEAR_FLAG (hdma, __HAL_DMA_GET_TE_FLAG_INDEX(hdma));
 422              		.loc 1 198 5 discriminator 11 view .LVU131
 423 0124 02F58062 		add	r2, r2, #1024
 424 0128 9342     		cmp	r3, r2
 425 012a 00F09C81 		beq	.L116
 198:Drivers/STM32F4xx_HAL_Driver/Src/stm32f4xx_hal_dma_ex.c ****     __HAL_DMA_CLEAR_FLAG (hdma, __HAL_DMA_GET_TE_FLAG_INDEX(hdma));
 426              		.loc 1 198 5 discriminator 13 view .LVU132
 427 012e A2F56872 		sub	r2, r2, #928
 428 0132 9342     		cmp	r3, r2
 429 0134 00F09A81 		beq	.L117
 198:Drivers/STM32F4xx_HAL_Driver/Src/stm32f4xx_hal_dma_ex.c ****     __HAL_DMA_CLEAR_FLAG (hdma, __HAL_DMA_GET_TE_FLAG_INDEX(hdma));
 430              		.loc 1 198 5 discriminator 15 view .LVU133
 431 0138 02F58062 		add	r2, r2, #1024
 432 013c 9342     		cmp	r3, r2
 433 013e 00F09881 		beq	.L118
 198:Drivers/STM32F4xx_HAL_Driver/Src/stm32f4xx_hal_dma_ex.c ****     __HAL_DMA_CLEAR_FLAG (hdma, __HAL_DMA_GET_TE_FLAG_INDEX(hdma));
 434              		.loc 1 198 5 discriminator 17 view .LVU134
 435 0142 A2F58962 		sub	r2, r2, #1096
 436 0146 9342     		cmp	r3, r2
 437 0148 00F09681 		beq	.L119
 198:Drivers/STM32F4xx_HAL_Driver/Src/stm32f4xx_hal_dma_ex.c ****     __HAL_DMA_CLEAR_FLAG (hdma, __HAL_DMA_GET_TE_FLAG_INDEX(hdma));
 438              		.loc 1 198 5 discriminator 19 view .LVU135
ARM GAS  /tmp/ccsCpbFO.s 			page 16


 439 014c 02F58062 		add	r2, r2, #1024
 440 0150 9342     		cmp	r3, r2
 441 0152 00F09481 		beq	.L120
 198:Drivers/STM32F4xx_HAL_Driver/Src/stm32f4xx_hal_dma_ex.c ****     __HAL_DMA_CLEAR_FLAG (hdma, __HAL_DMA_GET_TE_FLAG_INDEX(hdma));
 442              		.loc 1 198 5 discriminator 21 view .LVU136
 443 0156 A2F56872 		sub	r2, r2, #928
 444 015a 9342     		cmp	r3, r2
 445 015c 00F09281 		beq	.L121
 198:Drivers/STM32F4xx_HAL_Driver/Src/stm32f4xx_hal_dma_ex.c ****     __HAL_DMA_CLEAR_FLAG (hdma, __HAL_DMA_GET_TE_FLAG_INDEX(hdma));
 446              		.loc 1 198 5 discriminator 23 view .LVU137
 447 0160 02F58062 		add	r2, r2, #1024
 448 0164 9342     		cmp	r3, r2
 449 0166 00F02B81 		beq	.L307
 198:Drivers/STM32F4xx_HAL_Driver/Src/stm32f4xx_hal_dma_ex.c ****     __HAL_DMA_CLEAR_FLAG (hdma, __HAL_DMA_GET_TE_FLAG_INDEX(hdma));
 450              		.loc 1 198 5 discriminator 26 view .LVU138
 451 016a 4FF08062 		mov	r2, #67108864
 452 016e 2BE1     		b	.L29
 453              	.LVL32:
 454              	.L64:
 197:Drivers/STM32F4xx_HAL_Driver/Src/stm32f4xx_hal_dma_ex.c ****     __HAL_DMA_CLEAR_FLAG (hdma, __HAL_DMA_GET_HT_FLAG_INDEX(hdma));
 455              		.loc 1 197 5 discriminator 6 view .LVU139
 456 0170 2022     		movs	r2, #32
 457 0172 B7E7     		b	.L21
 458              	.L65:
 197:Drivers/STM32F4xx_HAL_Driver/Src/stm32f4xx_hal_dma_ex.c ****     __HAL_DMA_CLEAR_FLAG (hdma, __HAL_DMA_GET_HT_FLAG_INDEX(hdma));
 459              		.loc 1 197 5 discriminator 8 view .LVU140
 460 0174 2022     		movs	r2, #32
 461 0176 B5E7     		b	.L21
 462              	.L66:
 197:Drivers/STM32F4xx_HAL_Driver/Src/stm32f4xx_hal_dma_ex.c ****     __HAL_DMA_CLEAR_FLAG (hdma, __HAL_DMA_GET_HT_FLAG_INDEX(hdma));
 463              		.loc 1 197 5 discriminator 10 view .LVU141
 464 0178 2022     		movs	r2, #32
 465 017a B3E7     		b	.L21
 466              	.L67:
 197:Drivers/STM32F4xx_HAL_Driver/Src/stm32f4xx_hal_dma_ex.c ****     __HAL_DMA_CLEAR_FLAG (hdma, __HAL_DMA_GET_HT_FLAG_INDEX(hdma));
 467              		.loc 1 197 5 discriminator 12 view .LVU142
 468 017c 4FF40062 		mov	r2, #2048
 469 0180 B0E7     		b	.L21
 470              	.L68:
 197:Drivers/STM32F4xx_HAL_Driver/Src/stm32f4xx_hal_dma_ex.c ****     __HAL_DMA_CLEAR_FLAG (hdma, __HAL_DMA_GET_HT_FLAG_INDEX(hdma));
 471              		.loc 1 197 5 discriminator 14 view .LVU143
 472 0182 4FF40062 		mov	r2, #2048
 473 0186 ADE7     		b	.L21
 474              	.L69:
 197:Drivers/STM32F4xx_HAL_Driver/Src/stm32f4xx_hal_dma_ex.c ****     __HAL_DMA_CLEAR_FLAG (hdma, __HAL_DMA_GET_HT_FLAG_INDEX(hdma));
 475              		.loc 1 197 5 discriminator 16 view .LVU144
 476 0188 4FF40062 		mov	r2, #2048
 477 018c AAE7     		b	.L21
 478              	.L70:
 197:Drivers/STM32F4xx_HAL_Driver/Src/stm32f4xx_hal_dma_ex.c ****     __HAL_DMA_CLEAR_FLAG (hdma, __HAL_DMA_GET_HT_FLAG_INDEX(hdma));
 479              		.loc 1 197 5 discriminator 18 view .LVU145
 480 018e 4FF40062 		mov	r2, #2048
 481 0192 A7E7     		b	.L21
 482              	.L71:
 197:Drivers/STM32F4xx_HAL_Driver/Src/stm32f4xx_hal_dma_ex.c ****     __HAL_DMA_CLEAR_FLAG (hdma, __HAL_DMA_GET_HT_FLAG_INDEX(hdma));
 483              		.loc 1 197 5 discriminator 20 view .LVU146
 484 0194 4FF40012 		mov	r2, #2097152
ARM GAS  /tmp/ccsCpbFO.s 			page 17


 485 0198 A4E7     		b	.L21
 486              	.L72:
 197:Drivers/STM32F4xx_HAL_Driver/Src/stm32f4xx_hal_dma_ex.c ****     __HAL_DMA_CLEAR_FLAG (hdma, __HAL_DMA_GET_HT_FLAG_INDEX(hdma));
 487              		.loc 1 197 5 discriminator 22 view .LVU147
 488 019a 4FF40012 		mov	r2, #2097152
 489 019e A1E7     		b	.L21
 490              	.L73:
 197:Drivers/STM32F4xx_HAL_Driver/Src/stm32f4xx_hal_dma_ex.c ****     __HAL_DMA_CLEAR_FLAG (hdma, __HAL_DMA_GET_HT_FLAG_INDEX(hdma));
 491              		.loc 1 197 5 discriminator 24 view .LVU148
 492 01a0 4FF40012 		mov	r2, #2097152
 493 01a4 9EE7     		b	.L21
 494              	.L20:
 197:Drivers/STM32F4xx_HAL_Driver/Src/stm32f4xx_hal_dma_ex.c ****     __HAL_DMA_CLEAR_FLAG (hdma, __HAL_DMA_GET_HT_FLAG_INDEX(hdma));
 495              		.loc 1 197 5 discriminator 2 view .LVU149
 496 01a6 594A     		ldr	r2, .L327+8
 497 01a8 9342     		cmp	r3, r2
 498 01aa 53D9     		bls	.L23
 197:Drivers/STM32F4xx_HAL_Driver/Src/stm32f4xx_hal_dma_ex.c ****     __HAL_DMA_CLEAR_FLAG (hdma, __HAL_DMA_GET_HT_FLAG_INDEX(hdma));
 499              		.loc 1 197 5 discriminator 51 view .LVU150
 500 01ac A83A     		subs	r2, r2, #168
 501 01ae 9342     		cmp	r3, r2
 502 01b0 31D0     		beq	.L75
 197:Drivers/STM32F4xx_HAL_Driver/Src/stm32f4xx_hal_dma_ex.c ****     __HAL_DMA_CLEAR_FLAG (hdma, __HAL_DMA_GET_HT_FLAG_INDEX(hdma));
 503              		.loc 1 197 5 discriminator 53 view .LVU151
 504 01b2 02F58062 		add	r2, r2, #1024
 505 01b6 9342     		cmp	r3, r2
 506 01b8 31D0     		beq	.L76
 197:Drivers/STM32F4xx_HAL_Driver/Src/stm32f4xx_hal_dma_ex.c ****     __HAL_DMA_CLEAR_FLAG (hdma, __HAL_DMA_GET_HT_FLAG_INDEX(hdma));
 507              		.loc 1 197 5 discriminator 55 view .LVU152
 508 01ba A2F56872 		sub	r2, r2, #928
 509 01be 9342     		cmp	r3, r2
 510 01c0 2FD0     		beq	.L77
 197:Drivers/STM32F4xx_HAL_Driver/Src/stm32f4xx_hal_dma_ex.c ****     __HAL_DMA_CLEAR_FLAG (hdma, __HAL_DMA_GET_HT_FLAG_INDEX(hdma));
 511              		.loc 1 197 5 discriminator 57 view .LVU153
 512 01c2 02F58062 		add	r2, r2, #1024
 513 01c6 9342     		cmp	r3, r2
 514 01c8 2DD0     		beq	.L78
 197:Drivers/STM32F4xx_HAL_Driver/Src/stm32f4xx_hal_dma_ex.c ****     __HAL_DMA_CLEAR_FLAG (hdma, __HAL_DMA_GET_HT_FLAG_INDEX(hdma));
 515              		.loc 1 197 5 discriminator 59 view .LVU154
 516 01ca A2F58962 		sub	r2, r2, #1096
 517 01ce 9342     		cmp	r3, r2
 518 01d0 2BD0     		beq	.L79
 197:Drivers/STM32F4xx_HAL_Driver/Src/stm32f4xx_hal_dma_ex.c ****     __HAL_DMA_CLEAR_FLAG (hdma, __HAL_DMA_GET_HT_FLAG_INDEX(hdma));
 519              		.loc 1 197 5 discriminator 61 view .LVU155
 520 01d2 02F58062 		add	r2, r2, #1024
 521 01d6 9342     		cmp	r3, r2
 522 01d8 2AD0     		beq	.L80
 197:Drivers/STM32F4xx_HAL_Driver/Src/stm32f4xx_hal_dma_ex.c ****     __HAL_DMA_CLEAR_FLAG (hdma, __HAL_DMA_GET_HT_FLAG_INDEX(hdma));
 523              		.loc 1 197 5 discriminator 63 view .LVU156
 524 01da A2F56872 		sub	r2, r2, #928
 525 01de 9342     		cmp	r3, r2
 526 01e0 29D0     		beq	.L81
 197:Drivers/STM32F4xx_HAL_Driver/Src/stm32f4xx_hal_dma_ex.c ****     __HAL_DMA_CLEAR_FLAG (hdma, __HAL_DMA_GET_HT_FLAG_INDEX(hdma));
 527              		.loc 1 197 5 discriminator 65 view .LVU157
 528 01e2 02F58062 		add	r2, r2, #1024
 529 01e6 9342     		cmp	r3, r2
 530 01e8 28D0     		beq	.L82
ARM GAS  /tmp/ccsCpbFO.s 			page 18


 197:Drivers/STM32F4xx_HAL_Driver/Src/stm32f4xx_hal_dma_ex.c ****     __HAL_DMA_CLEAR_FLAG (hdma, __HAL_DMA_GET_HT_FLAG_INDEX(hdma));
 531              		.loc 1 197 5 discriminator 67 view .LVU158
 532 01ea A2F58962 		sub	r2, r2, #1096
 533 01ee 9342     		cmp	r3, r2
 534 01f0 27D0     		beq	.L83
 197:Drivers/STM32F4xx_HAL_Driver/Src/stm32f4xx_hal_dma_ex.c ****     __HAL_DMA_CLEAR_FLAG (hdma, __HAL_DMA_GET_HT_FLAG_INDEX(hdma));
 535              		.loc 1 197 5 discriminator 69 view .LVU159
 536 01f2 02F58062 		add	r2, r2, #1024
 537 01f6 9342     		cmp	r3, r2
 538 01f8 26D0     		beq	.L84
 197:Drivers/STM32F4xx_HAL_Driver/Src/stm32f4xx_hal_dma_ex.c ****     __HAL_DMA_CLEAR_FLAG (hdma, __HAL_DMA_GET_HT_FLAG_INDEX(hdma));
 539              		.loc 1 197 5 discriminator 71 view .LVU160
 540 01fa A2F56872 		sub	r2, r2, #928
 541 01fe 9342     		cmp	r3, r2
 542 0200 25D0     		beq	.L85
 197:Drivers/STM32F4xx_HAL_Driver/Src/stm32f4xx_hal_dma_ex.c ****     __HAL_DMA_CLEAR_FLAG (hdma, __HAL_DMA_GET_HT_FLAG_INDEX(hdma));
 543              		.loc 1 197 5 discriminator 73 view .LVU161
 544 0202 02F58062 		add	r2, r2, #1024
 545 0206 9342     		cmp	r3, r2
 546 0208 02D0     		beq	.L308
 197:Drivers/STM32F4xx_HAL_Driver/Src/stm32f4xx_hal_dma_ex.c ****     __HAL_DMA_CLEAR_FLAG (hdma, __HAL_DMA_GET_HT_FLAG_INDEX(hdma));
 547              		.loc 1 197 5 discriminator 76 view .LVU162
 548 020a 4FF00063 		mov	r3, #134217728
 549 020e 03E0     		b	.L24
 550              	.L308:
 197:Drivers/STM32F4xx_HAL_Driver/Src/stm32f4xx_hal_dma_ex.c ****     __HAL_DMA_CLEAR_FLAG (hdma, __HAL_DMA_GET_HT_FLAG_INDEX(hdma));
 551              		.loc 1 197 5 discriminator 75 view .LVU163
 552 0210 4FF40013 		mov	r3, #2097152
 553 0214 00E0     		b	.L24
 554              	.L75:
 197:Drivers/STM32F4xx_HAL_Driver/Src/stm32f4xx_hal_dma_ex.c ****     __HAL_DMA_CLEAR_FLAG (hdma, __HAL_DMA_GET_HT_FLAG_INDEX(hdma));
 555              		.loc 1 197 5 discriminator 54 view .LVU164
 556 0216 2023     		movs	r3, #32
 557              	.L24:
 197:Drivers/STM32F4xx_HAL_Driver/Src/stm32f4xx_hal_dma_ex.c ****     __HAL_DMA_CLEAR_FLAG (hdma, __HAL_DMA_GET_HT_FLAG_INDEX(hdma));
 558              		.loc 1 197 5 discriminator 100 view .LVU165
 559 0218 3B4A     		ldr	r2, .L327+4
 560 021a 9360     		str	r3, [r2, #8]
 561              	.LVL33:
 197:Drivers/STM32F4xx_HAL_Driver/Src/stm32f4xx_hal_dma_ex.c ****     __HAL_DMA_CLEAR_FLAG (hdma, __HAL_DMA_GET_HT_FLAG_INDEX(hdma));
 562              		.loc 1 197 5 discriminator 100 view .LVU166
 563 021c 64E7     		b	.L22
 564              	.LVL34:
 565              	.L76:
 197:Drivers/STM32F4xx_HAL_Driver/Src/stm32f4xx_hal_dma_ex.c ****     __HAL_DMA_CLEAR_FLAG (hdma, __HAL_DMA_GET_HT_FLAG_INDEX(hdma));
 566              		.loc 1 197 5 discriminator 56 view .LVU167
 567 021e 2023     		movs	r3, #32
 568 0220 FAE7     		b	.L24
 569              	.L77:
 197:Drivers/STM32F4xx_HAL_Driver/Src/stm32f4xx_hal_dma_ex.c ****     __HAL_DMA_CLEAR_FLAG (hdma, __HAL_DMA_GET_HT_FLAG_INDEX(hdma));
 570              		.loc 1 197 5 discriminator 58 view .LVU168
 571 0222 2023     		movs	r3, #32
 572 0224 F8E7     		b	.L24
 573              	.L78:
 197:Drivers/STM32F4xx_HAL_Driver/Src/stm32f4xx_hal_dma_ex.c ****     __HAL_DMA_CLEAR_FLAG (hdma, __HAL_DMA_GET_HT_FLAG_INDEX(hdma));
 574              		.loc 1 197 5 discriminator 60 view .LVU169
 575 0226 2023     		movs	r3, #32
ARM GAS  /tmp/ccsCpbFO.s 			page 19


 576 0228 F6E7     		b	.L24
 577              	.L79:
 197:Drivers/STM32F4xx_HAL_Driver/Src/stm32f4xx_hal_dma_ex.c ****     __HAL_DMA_CLEAR_FLAG (hdma, __HAL_DMA_GET_HT_FLAG_INDEX(hdma));
 578              		.loc 1 197 5 discriminator 62 view .LVU170
 579 022a 4FF40063 		mov	r3, #2048
 580 022e F3E7     		b	.L24
 581              	.L80:
 197:Drivers/STM32F4xx_HAL_Driver/Src/stm32f4xx_hal_dma_ex.c ****     __HAL_DMA_CLEAR_FLAG (hdma, __HAL_DMA_GET_HT_FLAG_INDEX(hdma));
 582              		.loc 1 197 5 discriminator 64 view .LVU171
 583 0230 4FF40063 		mov	r3, #2048
 584 0234 F0E7     		b	.L24
 585              	.L81:
 197:Drivers/STM32F4xx_HAL_Driver/Src/stm32f4xx_hal_dma_ex.c ****     __HAL_DMA_CLEAR_FLAG (hdma, __HAL_DMA_GET_HT_FLAG_INDEX(hdma));
 586              		.loc 1 197 5 discriminator 66 view .LVU172
 587 0236 4FF40063 		mov	r3, #2048
 588 023a EDE7     		b	.L24
 589              	.L82:
 197:Drivers/STM32F4xx_HAL_Driver/Src/stm32f4xx_hal_dma_ex.c ****     __HAL_DMA_CLEAR_FLAG (hdma, __HAL_DMA_GET_HT_FLAG_INDEX(hdma));
 590              		.loc 1 197 5 discriminator 68 view .LVU173
 591 023c 4FF40063 		mov	r3, #2048
 592 0240 EAE7     		b	.L24
 593              	.L83:
 197:Drivers/STM32F4xx_HAL_Driver/Src/stm32f4xx_hal_dma_ex.c ****     __HAL_DMA_CLEAR_FLAG (hdma, __HAL_DMA_GET_HT_FLAG_INDEX(hdma));
 594              		.loc 1 197 5 discriminator 70 view .LVU174
 595 0242 4FF40013 		mov	r3, #2097152
 596 0246 E7E7     		b	.L24
 597              	.L84:
 197:Drivers/STM32F4xx_HAL_Driver/Src/stm32f4xx_hal_dma_ex.c ****     __HAL_DMA_CLEAR_FLAG (hdma, __HAL_DMA_GET_HT_FLAG_INDEX(hdma));
 598              		.loc 1 197 5 discriminator 72 view .LVU175
 599 0248 4FF40013 		mov	r3, #2097152
 600 024c E4E7     		b	.L24
 601              	.L85:
 197:Drivers/STM32F4xx_HAL_Driver/Src/stm32f4xx_hal_dma_ex.c ****     __HAL_DMA_CLEAR_FLAG (hdma, __HAL_DMA_GET_HT_FLAG_INDEX(hdma));
 602              		.loc 1 197 5 discriminator 74 view .LVU176
 603 024e 4FF40013 		mov	r3, #2097152
 604 0252 E1E7     		b	.L24
 605              	.L23:
 197:Drivers/STM32F4xx_HAL_Driver/Src/stm32f4xx_hal_dma_ex.c ****     __HAL_DMA_CLEAR_FLAG (hdma, __HAL_DMA_GET_HT_FLAG_INDEX(hdma));
 606              		.loc 1 197 5 discriminator 52 view .LVU177
 607 0254 2E4A     		ldr	r2, .L327+12
 608 0256 9342     		cmp	r3, r2
 609 0258 5ED9     		bls	.L25
 197:Drivers/STM32F4xx_HAL_Driver/Src/stm32f4xx_hal_dma_ex.c ****     __HAL_DMA_CLEAR_FLAG (hdma, __HAL_DMA_GET_HT_FLAG_INDEX(hdma));
 610              		.loc 1 197 5 discriminator 102 view .LVU178
 611 025a 483A     		subs	r2, r2, #72
 612 025c 9342     		cmp	r3, r2
 613 025e 31D0     		beq	.L87
 197:Drivers/STM32F4xx_HAL_Driver/Src/stm32f4xx_hal_dma_ex.c ****     __HAL_DMA_CLEAR_FLAG (hdma, __HAL_DMA_GET_HT_FLAG_INDEX(hdma));
 614              		.loc 1 197 5 discriminator 104 view .LVU179
 615 0260 02F58062 		add	r2, r2, #1024
 616 0264 9342     		cmp	r3, r2
 617 0266 31D0     		beq	.L88
 197:Drivers/STM32F4xx_HAL_Driver/Src/stm32f4xx_hal_dma_ex.c ****     __HAL_DMA_CLEAR_FLAG (hdma, __HAL_DMA_GET_HT_FLAG_INDEX(hdma));
 618              		.loc 1 197 5 discriminator 106 view .LVU180
 619 0268 A2F56872 		sub	r2, r2, #928
 620 026c 9342     		cmp	r3, r2
 621 026e 2FD0     		beq	.L89
ARM GAS  /tmp/ccsCpbFO.s 			page 20


 197:Drivers/STM32F4xx_HAL_Driver/Src/stm32f4xx_hal_dma_ex.c ****     __HAL_DMA_CLEAR_FLAG (hdma, __HAL_DMA_GET_HT_FLAG_INDEX(hdma));
 622              		.loc 1 197 5 discriminator 108 view .LVU181
 623 0270 02F58062 		add	r2, r2, #1024
 624 0274 9342     		cmp	r3, r2
 625 0276 2DD0     		beq	.L90
 197:Drivers/STM32F4xx_HAL_Driver/Src/stm32f4xx_hal_dma_ex.c ****     __HAL_DMA_CLEAR_FLAG (hdma, __HAL_DMA_GET_HT_FLAG_INDEX(hdma));
 626              		.loc 1 197 5 discriminator 110 view .LVU182
 627 0278 A2F58962 		sub	r2, r2, #1096
 628 027c 9342     		cmp	r3, r2
 629 027e 2BD0     		beq	.L91
 197:Drivers/STM32F4xx_HAL_Driver/Src/stm32f4xx_hal_dma_ex.c ****     __HAL_DMA_CLEAR_FLAG (hdma, __HAL_DMA_GET_HT_FLAG_INDEX(hdma));
 630              		.loc 1 197 5 discriminator 112 view .LVU183
 631 0280 02F58062 		add	r2, r2, #1024
 632 0284 9342     		cmp	r3, r2
 633 0286 2AD0     		beq	.L92
 197:Drivers/STM32F4xx_HAL_Driver/Src/stm32f4xx_hal_dma_ex.c ****     __HAL_DMA_CLEAR_FLAG (hdma, __HAL_DMA_GET_HT_FLAG_INDEX(hdma));
 634              		.loc 1 197 5 discriminator 114 view .LVU184
 635 0288 A2F56872 		sub	r2, r2, #928
 636 028c 9342     		cmp	r3, r2
 637 028e 29D0     		beq	.L93
 197:Drivers/STM32F4xx_HAL_Driver/Src/stm32f4xx_hal_dma_ex.c ****     __HAL_DMA_CLEAR_FLAG (hdma, __HAL_DMA_GET_HT_FLAG_INDEX(hdma));
 638              		.loc 1 197 5 discriminator 116 view .LVU185
 639 0290 02F58062 		add	r2, r2, #1024
 640 0294 9342     		cmp	r3, r2
 641 0296 28D0     		beq	.L94
 197:Drivers/STM32F4xx_HAL_Driver/Src/stm32f4xx_hal_dma_ex.c ****     __HAL_DMA_CLEAR_FLAG (hdma, __HAL_DMA_GET_HT_FLAG_INDEX(hdma));
 642              		.loc 1 197 5 discriminator 118 view .LVU186
 643 0298 A2F58962 		sub	r2, r2, #1096
 644 029c 9342     		cmp	r3, r2
 645 029e 27D0     		beq	.L95
 197:Drivers/STM32F4xx_HAL_Driver/Src/stm32f4xx_hal_dma_ex.c ****     __HAL_DMA_CLEAR_FLAG (hdma, __HAL_DMA_GET_HT_FLAG_INDEX(hdma));
 646              		.loc 1 197 5 discriminator 120 view .LVU187
 647 02a0 02F58062 		add	r2, r2, #1024
 648 02a4 9342     		cmp	r3, r2
 649 02a6 26D0     		beq	.L96
 197:Drivers/STM32F4xx_HAL_Driver/Src/stm32f4xx_hal_dma_ex.c ****     __HAL_DMA_CLEAR_FLAG (hdma, __HAL_DMA_GET_HT_FLAG_INDEX(hdma));
 650              		.loc 1 197 5 discriminator 122 view .LVU188
 651 02a8 A2F56872 		sub	r2, r2, #928
 652 02ac 9342     		cmp	r3, r2
 653 02ae 25D0     		beq	.L97
 197:Drivers/STM32F4xx_HAL_Driver/Src/stm32f4xx_hal_dma_ex.c ****     __HAL_DMA_CLEAR_FLAG (hdma, __HAL_DMA_GET_HT_FLAG_INDEX(hdma));
 654              		.loc 1 197 5 discriminator 124 view .LVU189
 655 02b0 02F58062 		add	r2, r2, #1024
 656 02b4 9342     		cmp	r3, r2
 657 02b6 02D0     		beq	.L309
 197:Drivers/STM32F4xx_HAL_Driver/Src/stm32f4xx_hal_dma_ex.c ****     __HAL_DMA_CLEAR_FLAG (hdma, __HAL_DMA_GET_HT_FLAG_INDEX(hdma));
 658              		.loc 1 197 5 discriminator 127 view .LVU190
 659 02b8 4FF00063 		mov	r3, #134217728
 660 02bc 03E0     		b	.L26
 661              	.L309:
 197:Drivers/STM32F4xx_HAL_Driver/Src/stm32f4xx_hal_dma_ex.c ****     __HAL_DMA_CLEAR_FLAG (hdma, __HAL_DMA_GET_HT_FLAG_INDEX(hdma));
 662              		.loc 1 197 5 discriminator 126 view .LVU191
 663 02be 4FF40013 		mov	r3, #2097152
 664 02c2 00E0     		b	.L26
 665              	.L87:
 197:Drivers/STM32F4xx_HAL_Driver/Src/stm32f4xx_hal_dma_ex.c ****     __HAL_DMA_CLEAR_FLAG (hdma, __HAL_DMA_GET_HT_FLAG_INDEX(hdma));
 666              		.loc 1 197 5 discriminator 105 view .LVU192
ARM GAS  /tmp/ccsCpbFO.s 			page 21


 667 02c4 2023     		movs	r3, #32
 668              	.L26:
 197:Drivers/STM32F4xx_HAL_Driver/Src/stm32f4xx_hal_dma_ex.c ****     __HAL_DMA_CLEAR_FLAG (hdma, __HAL_DMA_GET_HT_FLAG_INDEX(hdma));
 669              		.loc 1 197 5 discriminator 151 view .LVU193
 670 02c6 134A     		ldr	r2, .L327+16
 671 02c8 D360     		str	r3, [r2, #12]
 672              	.LVL35:
 197:Drivers/STM32F4xx_HAL_Driver/Src/stm32f4xx_hal_dma_ex.c ****     __HAL_DMA_CLEAR_FLAG (hdma, __HAL_DMA_GET_HT_FLAG_INDEX(hdma));
 673              		.loc 1 197 5 discriminator 151 view .LVU194
 674 02ca 0DE7     		b	.L22
 675              	.LVL36:
 676              	.L88:
 197:Drivers/STM32F4xx_HAL_Driver/Src/stm32f4xx_hal_dma_ex.c ****     __HAL_DMA_CLEAR_FLAG (hdma, __HAL_DMA_GET_HT_FLAG_INDEX(hdma));
 677              		.loc 1 197 5 discriminator 107 view .LVU195
 678 02cc 2023     		movs	r3, #32
 679 02ce FAE7     		b	.L26
 680              	.L89:
 197:Drivers/STM32F4xx_HAL_Driver/Src/stm32f4xx_hal_dma_ex.c ****     __HAL_DMA_CLEAR_FLAG (hdma, __HAL_DMA_GET_HT_FLAG_INDEX(hdma));
 681              		.loc 1 197 5 discriminator 109 view .LVU196
 682 02d0 2023     		movs	r3, #32
 683 02d2 F8E7     		b	.L26
 684              	.L90:
 197:Drivers/STM32F4xx_HAL_Driver/Src/stm32f4xx_hal_dma_ex.c ****     __HAL_DMA_CLEAR_FLAG (hdma, __HAL_DMA_GET_HT_FLAG_INDEX(hdma));
 685              		.loc 1 197 5 discriminator 111 view .LVU197
 686 02d4 2023     		movs	r3, #32
 687 02d6 F6E7     		b	.L26
 688              	.L91:
 197:Drivers/STM32F4xx_HAL_Driver/Src/stm32f4xx_hal_dma_ex.c ****     __HAL_DMA_CLEAR_FLAG (hdma, __HAL_DMA_GET_HT_FLAG_INDEX(hdma));
 689              		.loc 1 197 5 discriminator 113 view .LVU198
 690 02d8 4FF40063 		mov	r3, #2048
 691 02dc F3E7     		b	.L26
 692              	.L92:
 197:Drivers/STM32F4xx_HAL_Driver/Src/stm32f4xx_hal_dma_ex.c ****     __HAL_DMA_CLEAR_FLAG (hdma, __HAL_DMA_GET_HT_FLAG_INDEX(hdma));
 693              		.loc 1 197 5 discriminator 115 view .LVU199
 694 02de 4FF40063 		mov	r3, #2048
 695 02e2 F0E7     		b	.L26
 696              	.L93:
 197:Drivers/STM32F4xx_HAL_Driver/Src/stm32f4xx_hal_dma_ex.c ****     __HAL_DMA_CLEAR_FLAG (hdma, __HAL_DMA_GET_HT_FLAG_INDEX(hdma));
 697              		.loc 1 197 5 discriminator 117 view .LVU200
 698 02e4 4FF40063 		mov	r3, #2048
 699 02e8 EDE7     		b	.L26
 700              	.L94:
 197:Drivers/STM32F4xx_HAL_Driver/Src/stm32f4xx_hal_dma_ex.c ****     __HAL_DMA_CLEAR_FLAG (hdma, __HAL_DMA_GET_HT_FLAG_INDEX(hdma));
 701              		.loc 1 197 5 discriminator 119 view .LVU201
 702 02ea 4FF40063 		mov	r3, #2048
 703 02ee EAE7     		b	.L26
 704              	.L95:
 197:Drivers/STM32F4xx_HAL_Driver/Src/stm32f4xx_hal_dma_ex.c ****     __HAL_DMA_CLEAR_FLAG (hdma, __HAL_DMA_GET_HT_FLAG_INDEX(hdma));
 705              		.loc 1 197 5 discriminator 121 view .LVU202
 706 02f0 4FF40013 		mov	r3, #2097152
 707 02f4 E7E7     		b	.L26
 708              	.L96:
 197:Drivers/STM32F4xx_HAL_Driver/Src/stm32f4xx_hal_dma_ex.c ****     __HAL_DMA_CLEAR_FLAG (hdma, __HAL_DMA_GET_HT_FLAG_INDEX(hdma));
 709              		.loc 1 197 5 discriminator 123 view .LVU203
 710 02f6 4FF40013 		mov	r3, #2097152
 711 02fa E4E7     		b	.L26
 712              	.L97:
ARM GAS  /tmp/ccsCpbFO.s 			page 22


 197:Drivers/STM32F4xx_HAL_Driver/Src/stm32f4xx_hal_dma_ex.c ****     __HAL_DMA_CLEAR_FLAG (hdma, __HAL_DMA_GET_HT_FLAG_INDEX(hdma));
 713              		.loc 1 197 5 discriminator 125 view .LVU204
 714 02fc 4FF40013 		mov	r3, #2097152
 715 0300 E1E7     		b	.L26
 716              	.L328:
 717 0302 00BF     		.align	2
 718              	.L327:
 719 0304 58640240 		.word	1073898584
 720 0308 00640240 		.word	1073898496
 721 030c B8600240 		.word	1073897656
 722 0310 58600240 		.word	1073897560
 723 0314 00600240 		.word	1073897472
 724              	.L25:
 197:Drivers/STM32F4xx_HAL_Driver/Src/stm32f4xx_hal_dma_ex.c ****     __HAL_DMA_CLEAR_FLAG (hdma, __HAL_DMA_GET_HT_FLAG_INDEX(hdma));
 725              		.loc 1 197 5 discriminator 103 view .LVU205
 726 0318 B14A     		ldr	r2, .L329
 727 031a 9342     		cmp	r3, r2
 728 031c 31D0     		beq	.L99
 197:Drivers/STM32F4xx_HAL_Driver/Src/stm32f4xx_hal_dma_ex.c ****     __HAL_DMA_CLEAR_FLAG (hdma, __HAL_DMA_GET_HT_FLAG_INDEX(hdma));
 729              		.loc 1 197 5 discriminator 153 view .LVU206
 730 031e 02F58062 		add	r2, r2, #1024
 731 0322 9342     		cmp	r3, r2
 732 0324 31D0     		beq	.L100
 197:Drivers/STM32F4xx_HAL_Driver/Src/stm32f4xx_hal_dma_ex.c ****     __HAL_DMA_CLEAR_FLAG (hdma, __HAL_DMA_GET_HT_FLAG_INDEX(hdma));
 733              		.loc 1 197 5 discriminator 155 view .LVU207
 734 0326 A2F56872 		sub	r2, r2, #928
 735 032a 9342     		cmp	r3, r2
 736 032c 2FD0     		beq	.L101
 197:Drivers/STM32F4xx_HAL_Driver/Src/stm32f4xx_hal_dma_ex.c ****     __HAL_DMA_CLEAR_FLAG (hdma, __HAL_DMA_GET_HT_FLAG_INDEX(hdma));
 737              		.loc 1 197 5 discriminator 157 view .LVU208
 738 032e 02F58062 		add	r2, r2, #1024
 739 0332 9342     		cmp	r3, r2
 740 0334 2DD0     		beq	.L102
 197:Drivers/STM32F4xx_HAL_Driver/Src/stm32f4xx_hal_dma_ex.c ****     __HAL_DMA_CLEAR_FLAG (hdma, __HAL_DMA_GET_HT_FLAG_INDEX(hdma));
 741              		.loc 1 197 5 discriminator 159 view .LVU209
 742 0336 A2F58962 		sub	r2, r2, #1096
 743 033a 9342     		cmp	r3, r2
 744 033c 2BD0     		beq	.L103
 197:Drivers/STM32F4xx_HAL_Driver/Src/stm32f4xx_hal_dma_ex.c ****     __HAL_DMA_CLEAR_FLAG (hdma, __HAL_DMA_GET_HT_FLAG_INDEX(hdma));
 745              		.loc 1 197 5 discriminator 161 view .LVU210
 746 033e 02F58062 		add	r2, r2, #1024
 747 0342 9342     		cmp	r3, r2
 748 0344 2AD0     		beq	.L104
 197:Drivers/STM32F4xx_HAL_Driver/Src/stm32f4xx_hal_dma_ex.c ****     __HAL_DMA_CLEAR_FLAG (hdma, __HAL_DMA_GET_HT_FLAG_INDEX(hdma));
 749              		.loc 1 197 5 discriminator 163 view .LVU211
 750 0346 A2F56872 		sub	r2, r2, #928
 751 034a 9342     		cmp	r3, r2
 752 034c 29D0     		beq	.L105
 197:Drivers/STM32F4xx_HAL_Driver/Src/stm32f4xx_hal_dma_ex.c ****     __HAL_DMA_CLEAR_FLAG (hdma, __HAL_DMA_GET_HT_FLAG_INDEX(hdma));
 753              		.loc 1 197 5 discriminator 165 view .LVU212
 754 034e 02F58062 		add	r2, r2, #1024
 755 0352 9342     		cmp	r3, r2
 756 0354 28D0     		beq	.L106
 197:Drivers/STM32F4xx_HAL_Driver/Src/stm32f4xx_hal_dma_ex.c ****     __HAL_DMA_CLEAR_FLAG (hdma, __HAL_DMA_GET_HT_FLAG_INDEX(hdma));
 757              		.loc 1 197 5 discriminator 167 view .LVU213
 758 0356 A2F58962 		sub	r2, r2, #1096
 759 035a 9342     		cmp	r3, r2
ARM GAS  /tmp/ccsCpbFO.s 			page 23


 760 035c 27D0     		beq	.L107
 197:Drivers/STM32F4xx_HAL_Driver/Src/stm32f4xx_hal_dma_ex.c ****     __HAL_DMA_CLEAR_FLAG (hdma, __HAL_DMA_GET_HT_FLAG_INDEX(hdma));
 761              		.loc 1 197 5 discriminator 169 view .LVU214
 762 035e 02F58062 		add	r2, r2, #1024
 763 0362 9342     		cmp	r3, r2
 764 0364 26D0     		beq	.L108
 197:Drivers/STM32F4xx_HAL_Driver/Src/stm32f4xx_hal_dma_ex.c ****     __HAL_DMA_CLEAR_FLAG (hdma, __HAL_DMA_GET_HT_FLAG_INDEX(hdma));
 765              		.loc 1 197 5 discriminator 171 view .LVU215
 766 0366 A2F56872 		sub	r2, r2, #928
 767 036a 9342     		cmp	r3, r2
 768 036c 25D0     		beq	.L109
 197:Drivers/STM32F4xx_HAL_Driver/Src/stm32f4xx_hal_dma_ex.c ****     __HAL_DMA_CLEAR_FLAG (hdma, __HAL_DMA_GET_HT_FLAG_INDEX(hdma));
 769              		.loc 1 197 5 discriminator 173 view .LVU216
 770 036e 02F58062 		add	r2, r2, #1024
 771 0372 9342     		cmp	r3, r2
 772 0374 02D0     		beq	.L310
 197:Drivers/STM32F4xx_HAL_Driver/Src/stm32f4xx_hal_dma_ex.c ****     __HAL_DMA_CLEAR_FLAG (hdma, __HAL_DMA_GET_HT_FLAG_INDEX(hdma));
 773              		.loc 1 197 5 discriminator 176 view .LVU217
 774 0376 4FF00063 		mov	r3, #134217728
 775 037a 03E0     		b	.L27
 776              	.L310:
 197:Drivers/STM32F4xx_HAL_Driver/Src/stm32f4xx_hal_dma_ex.c ****     __HAL_DMA_CLEAR_FLAG (hdma, __HAL_DMA_GET_HT_FLAG_INDEX(hdma));
 777              		.loc 1 197 5 discriminator 175 view .LVU218
 778 037c 4FF40013 		mov	r3, #2097152
 779 0380 00E0     		b	.L27
 780              	.L99:
 197:Drivers/STM32F4xx_HAL_Driver/Src/stm32f4xx_hal_dma_ex.c ****     __HAL_DMA_CLEAR_FLAG (hdma, __HAL_DMA_GET_HT_FLAG_INDEX(hdma));
 781              		.loc 1 197 5 discriminator 154 view .LVU219
 782 0382 2023     		movs	r3, #32
 783              	.L27:
 197:Drivers/STM32F4xx_HAL_Driver/Src/stm32f4xx_hal_dma_ex.c ****     __HAL_DMA_CLEAR_FLAG (hdma, __HAL_DMA_GET_HT_FLAG_INDEX(hdma));
 784              		.loc 1 197 5 discriminator 200 view .LVU220
 785 0384 974A     		ldr	r2, .L329+4
 786 0386 9360     		str	r3, [r2, #8]
 787              	.LVL37:
 197:Drivers/STM32F4xx_HAL_Driver/Src/stm32f4xx_hal_dma_ex.c ****     __HAL_DMA_CLEAR_FLAG (hdma, __HAL_DMA_GET_HT_FLAG_INDEX(hdma));
 788              		.loc 1 197 5 discriminator 200 view .LVU221
 789 0388 AEE6     		b	.L22
 790              	.LVL38:
 791              	.L100:
 197:Drivers/STM32F4xx_HAL_Driver/Src/stm32f4xx_hal_dma_ex.c ****     __HAL_DMA_CLEAR_FLAG (hdma, __HAL_DMA_GET_HT_FLAG_INDEX(hdma));
 792              		.loc 1 197 5 discriminator 156 view .LVU222
 793 038a 2023     		movs	r3, #32
 794 038c FAE7     		b	.L27
 795              	.L101:
 197:Drivers/STM32F4xx_HAL_Driver/Src/stm32f4xx_hal_dma_ex.c ****     __HAL_DMA_CLEAR_FLAG (hdma, __HAL_DMA_GET_HT_FLAG_INDEX(hdma));
 796              		.loc 1 197 5 discriminator 158 view .LVU223
 797 038e 2023     		movs	r3, #32
 798 0390 F8E7     		b	.L27
 799              	.L102:
 197:Drivers/STM32F4xx_HAL_Driver/Src/stm32f4xx_hal_dma_ex.c ****     __HAL_DMA_CLEAR_FLAG (hdma, __HAL_DMA_GET_HT_FLAG_INDEX(hdma));
 800              		.loc 1 197 5 discriminator 160 view .LVU224
 801 0392 2023     		movs	r3, #32
 802 0394 F6E7     		b	.L27
 803              	.L103:
 197:Drivers/STM32F4xx_HAL_Driver/Src/stm32f4xx_hal_dma_ex.c ****     __HAL_DMA_CLEAR_FLAG (hdma, __HAL_DMA_GET_HT_FLAG_INDEX(hdma));
 804              		.loc 1 197 5 discriminator 162 view .LVU225
ARM GAS  /tmp/ccsCpbFO.s 			page 24


 805 0396 4FF40063 		mov	r3, #2048
 806 039a F3E7     		b	.L27
 807              	.L104:
 197:Drivers/STM32F4xx_HAL_Driver/Src/stm32f4xx_hal_dma_ex.c ****     __HAL_DMA_CLEAR_FLAG (hdma, __HAL_DMA_GET_HT_FLAG_INDEX(hdma));
 808              		.loc 1 197 5 discriminator 164 view .LVU226
 809 039c 4FF40063 		mov	r3, #2048
 810 03a0 F0E7     		b	.L27
 811              	.L105:
 197:Drivers/STM32F4xx_HAL_Driver/Src/stm32f4xx_hal_dma_ex.c ****     __HAL_DMA_CLEAR_FLAG (hdma, __HAL_DMA_GET_HT_FLAG_INDEX(hdma));
 812              		.loc 1 197 5 discriminator 166 view .LVU227
 813 03a2 4FF40063 		mov	r3, #2048
 814 03a6 EDE7     		b	.L27
 815              	.L106:
 197:Drivers/STM32F4xx_HAL_Driver/Src/stm32f4xx_hal_dma_ex.c ****     __HAL_DMA_CLEAR_FLAG (hdma, __HAL_DMA_GET_HT_FLAG_INDEX(hdma));
 816              		.loc 1 197 5 discriminator 168 view .LVU228
 817 03a8 4FF40063 		mov	r3, #2048
 818 03ac EAE7     		b	.L27
 819              	.L107:
 197:Drivers/STM32F4xx_HAL_Driver/Src/stm32f4xx_hal_dma_ex.c ****     __HAL_DMA_CLEAR_FLAG (hdma, __HAL_DMA_GET_HT_FLAG_INDEX(hdma));
 820              		.loc 1 197 5 discriminator 170 view .LVU229
 821 03ae 4FF40013 		mov	r3, #2097152
 822 03b2 E7E7     		b	.L27
 823              	.L108:
 197:Drivers/STM32F4xx_HAL_Driver/Src/stm32f4xx_hal_dma_ex.c ****     __HAL_DMA_CLEAR_FLAG (hdma, __HAL_DMA_GET_HT_FLAG_INDEX(hdma));
 824              		.loc 1 197 5 discriminator 172 view .LVU230
 825 03b4 4FF40013 		mov	r3, #2097152
 826 03b8 E4E7     		b	.L27
 827              	.L109:
 197:Drivers/STM32F4xx_HAL_Driver/Src/stm32f4xx_hal_dma_ex.c ****     __HAL_DMA_CLEAR_FLAG (hdma, __HAL_DMA_GET_HT_FLAG_INDEX(hdma));
 828              		.loc 1 197 5 discriminator 174 view .LVU231
 829 03ba 4FF40013 		mov	r3, #2097152
 830 03be E1E7     		b	.L27
 831              	.LVL39:
 832              	.L307:
 198:Drivers/STM32F4xx_HAL_Driver/Src/stm32f4xx_hal_dma_ex.c ****     __HAL_DMA_CLEAR_FLAG (hdma, __HAL_DMA_GET_TE_FLAG_INDEX(hdma));
 833              		.loc 1 198 5 discriminator 25 view .LVU232
 834 03c0 4FF48012 		mov	r2, #1048576
 835 03c4 00E0     		b	.L29
 836              	.L111:
 198:Drivers/STM32F4xx_HAL_Driver/Src/stm32f4xx_hal_dma_ex.c ****     __HAL_DMA_CLEAR_FLAG (hdma, __HAL_DMA_GET_TE_FLAG_INDEX(hdma));
 837              		.loc 1 198 5 discriminator 4 view .LVU233
 838 03c6 1022     		movs	r2, #16
 839              	.L29:
 198:Drivers/STM32F4xx_HAL_Driver/Src/stm32f4xx_hal_dma_ex.c ****     __HAL_DMA_CLEAR_FLAG (hdma, __HAL_DMA_GET_TE_FLAG_INDEX(hdma));
 840              		.loc 1 198 5 discriminator 50 view .LVU234
 841 03c8 874B     		ldr	r3, .L329+8
 842 03ca DA60     		str	r2, [r3, #12]
 843              	.L30:
 199:Drivers/STM32F4xx_HAL_Driver/Src/stm32f4xx_hal_dma_ex.c ****     __HAL_DMA_CLEAR_FLAG (hdma, __HAL_DMA_GET_DME_FLAG_INDEX(hdma));
 844              		.loc 1 199 5 is_stmt 1 view .LVU235
 845 03cc 2368     		ldr	r3, [r4]
 846 03ce 874A     		ldr	r2, .L329+12
 847 03d0 9342     		cmp	r3, r2
 848 03d2 40F2CD81 		bls	.L36
 199:Drivers/STM32F4xx_HAL_Driver/Src/stm32f4xx_hal_dma_ex.c ****     __HAL_DMA_CLEAR_FLAG (hdma, __HAL_DMA_GET_DME_FLAG_INDEX(hdma));
 849              		.loc 1 199 5 is_stmt 0 discriminator 1 view .LVU236
 850 03d6 A2F58962 		sub	r2, r2, #1096
ARM GAS  /tmp/ccsCpbFO.s 			page 25


 851 03da 9342     		cmp	r3, r2
 852 03dc 00F06681 		beq	.L159
 199:Drivers/STM32F4xx_HAL_Driver/Src/stm32f4xx_hal_dma_ex.c ****     __HAL_DMA_CLEAR_FLAG (hdma, __HAL_DMA_GET_DME_FLAG_INDEX(hdma));
 853              		.loc 1 199 5 discriminator 3 view .LVU237
 854 03e0 02F58062 		add	r2, r2, #1024
 855 03e4 9342     		cmp	r3, r2
 856 03e6 00F0A881 		beq	.L160
 199:Drivers/STM32F4xx_HAL_Driver/Src/stm32f4xx_hal_dma_ex.c ****     __HAL_DMA_CLEAR_FLAG (hdma, __HAL_DMA_GET_DME_FLAG_INDEX(hdma));
 857              		.loc 1 199 5 discriminator 5 view .LVU238
 858 03ea A2F56872 		sub	r2, r2, #928
 859 03ee 9342     		cmp	r3, r2
 860 03f0 00F0A581 		beq	.L161
 199:Drivers/STM32F4xx_HAL_Driver/Src/stm32f4xx_hal_dma_ex.c ****     __HAL_DMA_CLEAR_FLAG (hdma, __HAL_DMA_GET_DME_FLAG_INDEX(hdma));
 861              		.loc 1 199 5 discriminator 7 view .LVU239
 862 03f4 02F58062 		add	r2, r2, #1024
 863 03f8 9342     		cmp	r3, r2
 864 03fa 00F0A281 		beq	.L162
 199:Drivers/STM32F4xx_HAL_Driver/Src/stm32f4xx_hal_dma_ex.c ****     __HAL_DMA_CLEAR_FLAG (hdma, __HAL_DMA_GET_DME_FLAG_INDEX(hdma));
 865              		.loc 1 199 5 discriminator 9 view .LVU240
 866 03fe A2F58962 		sub	r2, r2, #1096
 867 0402 9342     		cmp	r3, r2
 868 0404 00F09F81 		beq	.L163
 199:Drivers/STM32F4xx_HAL_Driver/Src/stm32f4xx_hal_dma_ex.c ****     __HAL_DMA_CLEAR_FLAG (hdma, __HAL_DMA_GET_DME_FLAG_INDEX(hdma));
 869              		.loc 1 199 5 discriminator 11 view .LVU241
 870 0408 02F58062 		add	r2, r2, #1024
 871 040c 9342     		cmp	r3, r2
 872 040e 00F09D81 		beq	.L164
 199:Drivers/STM32F4xx_HAL_Driver/Src/stm32f4xx_hal_dma_ex.c ****     __HAL_DMA_CLEAR_FLAG (hdma, __HAL_DMA_GET_DME_FLAG_INDEX(hdma));
 873              		.loc 1 199 5 discriminator 13 view .LVU242
 874 0412 A2F56872 		sub	r2, r2, #928
 875 0416 9342     		cmp	r3, r2
 876 0418 00F09B81 		beq	.L165
 199:Drivers/STM32F4xx_HAL_Driver/Src/stm32f4xx_hal_dma_ex.c ****     __HAL_DMA_CLEAR_FLAG (hdma, __HAL_DMA_GET_DME_FLAG_INDEX(hdma));
 877              		.loc 1 199 5 discriminator 15 view .LVU243
 878 041c 02F58062 		add	r2, r2, #1024
 879 0420 9342     		cmp	r3, r2
 880 0422 00F09981 		beq	.L166
 199:Drivers/STM32F4xx_HAL_Driver/Src/stm32f4xx_hal_dma_ex.c ****     __HAL_DMA_CLEAR_FLAG (hdma, __HAL_DMA_GET_DME_FLAG_INDEX(hdma));
 881              		.loc 1 199 5 discriminator 17 view .LVU244
 882 0426 A2F58962 		sub	r2, r2, #1096
 883 042a 9342     		cmp	r3, r2
 884 042c 00F09781 		beq	.L167
 199:Drivers/STM32F4xx_HAL_Driver/Src/stm32f4xx_hal_dma_ex.c ****     __HAL_DMA_CLEAR_FLAG (hdma, __HAL_DMA_GET_DME_FLAG_INDEX(hdma));
 885              		.loc 1 199 5 discriminator 19 view .LVU245
 886 0430 02F58062 		add	r2, r2, #1024
 887 0434 9342     		cmp	r3, r2
 888 0436 00F09581 		beq	.L168
 199:Drivers/STM32F4xx_HAL_Driver/Src/stm32f4xx_hal_dma_ex.c ****     __HAL_DMA_CLEAR_FLAG (hdma, __HAL_DMA_GET_DME_FLAG_INDEX(hdma));
 889              		.loc 1 199 5 discriminator 21 view .LVU246
 890 043a A2F56872 		sub	r2, r2, #928
 891 043e 9342     		cmp	r3, r2
 892 0440 00F09381 		beq	.L169
 199:Drivers/STM32F4xx_HAL_Driver/Src/stm32f4xx_hal_dma_ex.c ****     __HAL_DMA_CLEAR_FLAG (hdma, __HAL_DMA_GET_DME_FLAG_INDEX(hdma));
 893              		.loc 1 199 5 discriminator 23 view .LVU247
 894 0444 02F58062 		add	r2, r2, #1024
 895 0448 9342     		cmp	r3, r2
 896 044a 00F02C81 		beq	.L311
ARM GAS  /tmp/ccsCpbFO.s 			page 26


 199:Drivers/STM32F4xx_HAL_Driver/Src/stm32f4xx_hal_dma_ex.c ****     __HAL_DMA_CLEAR_FLAG (hdma, __HAL_DMA_GET_DME_FLAG_INDEX(hdma));
 897              		.loc 1 199 5 discriminator 26 view .LVU248
 898 044e 4FF00072 		mov	r2, #33554432
 899 0452 2CE1     		b	.L37
 900              	.L112:
 198:Drivers/STM32F4xx_HAL_Driver/Src/stm32f4xx_hal_dma_ex.c ****     __HAL_DMA_CLEAR_FLAG (hdma, __HAL_DMA_GET_TE_FLAG_INDEX(hdma));
 901              		.loc 1 198 5 discriminator 6 view .LVU249
 902 0454 1022     		movs	r2, #16
 903 0456 B7E7     		b	.L29
 904              	.L113:
 198:Drivers/STM32F4xx_HAL_Driver/Src/stm32f4xx_hal_dma_ex.c ****     __HAL_DMA_CLEAR_FLAG (hdma, __HAL_DMA_GET_TE_FLAG_INDEX(hdma));
 905              		.loc 1 198 5 discriminator 8 view .LVU250
 906 0458 1022     		movs	r2, #16
 907 045a B5E7     		b	.L29
 908              	.L114:
 198:Drivers/STM32F4xx_HAL_Driver/Src/stm32f4xx_hal_dma_ex.c ****     __HAL_DMA_CLEAR_FLAG (hdma, __HAL_DMA_GET_TE_FLAG_INDEX(hdma));
 909              		.loc 1 198 5 discriminator 10 view .LVU251
 910 045c 1022     		movs	r2, #16
 911 045e B3E7     		b	.L29
 912              	.L115:
 198:Drivers/STM32F4xx_HAL_Driver/Src/stm32f4xx_hal_dma_ex.c ****     __HAL_DMA_CLEAR_FLAG (hdma, __HAL_DMA_GET_TE_FLAG_INDEX(hdma));
 913              		.loc 1 198 5 discriminator 12 view .LVU252
 914 0460 4FF48062 		mov	r2, #1024
 915 0464 B0E7     		b	.L29
 916              	.L116:
 198:Drivers/STM32F4xx_HAL_Driver/Src/stm32f4xx_hal_dma_ex.c ****     __HAL_DMA_CLEAR_FLAG (hdma, __HAL_DMA_GET_TE_FLAG_INDEX(hdma));
 917              		.loc 1 198 5 discriminator 14 view .LVU253
 918 0466 4FF48062 		mov	r2, #1024
 919 046a ADE7     		b	.L29
 920              	.L117:
 198:Drivers/STM32F4xx_HAL_Driver/Src/stm32f4xx_hal_dma_ex.c ****     __HAL_DMA_CLEAR_FLAG (hdma, __HAL_DMA_GET_TE_FLAG_INDEX(hdma));
 921              		.loc 1 198 5 discriminator 16 view .LVU254
 922 046c 4FF48062 		mov	r2, #1024
 923 0470 AAE7     		b	.L29
 924              	.L118:
 198:Drivers/STM32F4xx_HAL_Driver/Src/stm32f4xx_hal_dma_ex.c ****     __HAL_DMA_CLEAR_FLAG (hdma, __HAL_DMA_GET_TE_FLAG_INDEX(hdma));
 925              		.loc 1 198 5 discriminator 18 view .LVU255
 926 0472 4FF48062 		mov	r2, #1024
 927 0476 A7E7     		b	.L29
 928              	.L119:
 198:Drivers/STM32F4xx_HAL_Driver/Src/stm32f4xx_hal_dma_ex.c ****     __HAL_DMA_CLEAR_FLAG (hdma, __HAL_DMA_GET_TE_FLAG_INDEX(hdma));
 929              		.loc 1 198 5 discriminator 20 view .LVU256
 930 0478 4FF48012 		mov	r2, #1048576
 931 047c A4E7     		b	.L29
 932              	.L120:
 198:Drivers/STM32F4xx_HAL_Driver/Src/stm32f4xx_hal_dma_ex.c ****     __HAL_DMA_CLEAR_FLAG (hdma, __HAL_DMA_GET_TE_FLAG_INDEX(hdma));
 933              		.loc 1 198 5 discriminator 22 view .LVU257
 934 047e 4FF48012 		mov	r2, #1048576
 935 0482 A1E7     		b	.L29
 936              	.L121:
 198:Drivers/STM32F4xx_HAL_Driver/Src/stm32f4xx_hal_dma_ex.c ****     __HAL_DMA_CLEAR_FLAG (hdma, __HAL_DMA_GET_TE_FLAG_INDEX(hdma));
 937              		.loc 1 198 5 discriminator 24 view .LVU258
 938 0484 4FF48012 		mov	r2, #1048576
 939 0488 9EE7     		b	.L29
 940              	.L28:
 198:Drivers/STM32F4xx_HAL_Driver/Src/stm32f4xx_hal_dma_ex.c ****     __HAL_DMA_CLEAR_FLAG (hdma, __HAL_DMA_GET_TE_FLAG_INDEX(hdma));
 941              		.loc 1 198 5 discriminator 2 view .LVU259
ARM GAS  /tmp/ccsCpbFO.s 			page 27


 942 048a 594A     		ldr	r2, .L329+16
 943 048c 9342     		cmp	r3, r2
 944 048e 53D9     		bls	.L31
 198:Drivers/STM32F4xx_HAL_Driver/Src/stm32f4xx_hal_dma_ex.c ****     __HAL_DMA_CLEAR_FLAG (hdma, __HAL_DMA_GET_TE_FLAG_INDEX(hdma));
 945              		.loc 1 198 5 discriminator 51 view .LVU260
 946 0490 A83A     		subs	r2, r2, #168
 947 0492 9342     		cmp	r3, r2
 948 0494 31D0     		beq	.L123
 198:Drivers/STM32F4xx_HAL_Driver/Src/stm32f4xx_hal_dma_ex.c ****     __HAL_DMA_CLEAR_FLAG (hdma, __HAL_DMA_GET_TE_FLAG_INDEX(hdma));
 949              		.loc 1 198 5 discriminator 53 view .LVU261
 950 0496 02F58062 		add	r2, r2, #1024
 951 049a 9342     		cmp	r3, r2
 952 049c 31D0     		beq	.L124
 198:Drivers/STM32F4xx_HAL_Driver/Src/stm32f4xx_hal_dma_ex.c ****     __HAL_DMA_CLEAR_FLAG (hdma, __HAL_DMA_GET_TE_FLAG_INDEX(hdma));
 953              		.loc 1 198 5 discriminator 55 view .LVU262
 954 049e A2F56872 		sub	r2, r2, #928
 955 04a2 9342     		cmp	r3, r2
 956 04a4 2FD0     		beq	.L125
 198:Drivers/STM32F4xx_HAL_Driver/Src/stm32f4xx_hal_dma_ex.c ****     __HAL_DMA_CLEAR_FLAG (hdma, __HAL_DMA_GET_TE_FLAG_INDEX(hdma));
 957              		.loc 1 198 5 discriminator 57 view .LVU263
 958 04a6 02F58062 		add	r2, r2, #1024
 959 04aa 9342     		cmp	r3, r2
 960 04ac 2DD0     		beq	.L126
 198:Drivers/STM32F4xx_HAL_Driver/Src/stm32f4xx_hal_dma_ex.c ****     __HAL_DMA_CLEAR_FLAG (hdma, __HAL_DMA_GET_TE_FLAG_INDEX(hdma));
 961              		.loc 1 198 5 discriminator 59 view .LVU264
 962 04ae A2F58962 		sub	r2, r2, #1096
 963 04b2 9342     		cmp	r3, r2
 964 04b4 2BD0     		beq	.L127
 198:Drivers/STM32F4xx_HAL_Driver/Src/stm32f4xx_hal_dma_ex.c ****     __HAL_DMA_CLEAR_FLAG (hdma, __HAL_DMA_GET_TE_FLAG_INDEX(hdma));
 965              		.loc 1 198 5 discriminator 61 view .LVU265
 966 04b6 02F58062 		add	r2, r2, #1024
 967 04ba 9342     		cmp	r3, r2
 968 04bc 2AD0     		beq	.L128
 198:Drivers/STM32F4xx_HAL_Driver/Src/stm32f4xx_hal_dma_ex.c ****     __HAL_DMA_CLEAR_FLAG (hdma, __HAL_DMA_GET_TE_FLAG_INDEX(hdma));
 969              		.loc 1 198 5 discriminator 63 view .LVU266
 970 04be A2F56872 		sub	r2, r2, #928
 971 04c2 9342     		cmp	r3, r2
 972 04c4 29D0     		beq	.L129
 198:Drivers/STM32F4xx_HAL_Driver/Src/stm32f4xx_hal_dma_ex.c ****     __HAL_DMA_CLEAR_FLAG (hdma, __HAL_DMA_GET_TE_FLAG_INDEX(hdma));
 973              		.loc 1 198 5 discriminator 65 view .LVU267
 974 04c6 02F58062 		add	r2, r2, #1024
 975 04ca 9342     		cmp	r3, r2
 976 04cc 28D0     		beq	.L130
 198:Drivers/STM32F4xx_HAL_Driver/Src/stm32f4xx_hal_dma_ex.c ****     __HAL_DMA_CLEAR_FLAG (hdma, __HAL_DMA_GET_TE_FLAG_INDEX(hdma));
 977              		.loc 1 198 5 discriminator 67 view .LVU268
 978 04ce A2F58962 		sub	r2, r2, #1096
 979 04d2 9342     		cmp	r3, r2
 980 04d4 27D0     		beq	.L131
 198:Drivers/STM32F4xx_HAL_Driver/Src/stm32f4xx_hal_dma_ex.c ****     __HAL_DMA_CLEAR_FLAG (hdma, __HAL_DMA_GET_TE_FLAG_INDEX(hdma));
 981              		.loc 1 198 5 discriminator 69 view .LVU269
 982 04d6 02F58062 		add	r2, r2, #1024
 983 04da 9342     		cmp	r3, r2
 984 04dc 26D0     		beq	.L132
 198:Drivers/STM32F4xx_HAL_Driver/Src/stm32f4xx_hal_dma_ex.c ****     __HAL_DMA_CLEAR_FLAG (hdma, __HAL_DMA_GET_TE_FLAG_INDEX(hdma));
 985              		.loc 1 198 5 discriminator 71 view .LVU270
 986 04de A2F56872 		sub	r2, r2, #928
 987 04e2 9342     		cmp	r3, r2
ARM GAS  /tmp/ccsCpbFO.s 			page 28


 988 04e4 25D0     		beq	.L133
 198:Drivers/STM32F4xx_HAL_Driver/Src/stm32f4xx_hal_dma_ex.c ****     __HAL_DMA_CLEAR_FLAG (hdma, __HAL_DMA_GET_TE_FLAG_INDEX(hdma));
 989              		.loc 1 198 5 discriminator 73 view .LVU271
 990 04e6 02F58062 		add	r2, r2, #1024
 991 04ea 9342     		cmp	r3, r2
 992 04ec 02D0     		beq	.L312
 198:Drivers/STM32F4xx_HAL_Driver/Src/stm32f4xx_hal_dma_ex.c ****     __HAL_DMA_CLEAR_FLAG (hdma, __HAL_DMA_GET_TE_FLAG_INDEX(hdma));
 993              		.loc 1 198 5 discriminator 76 view .LVU272
 994 04ee 4FF08063 		mov	r3, #67108864
 995 04f2 03E0     		b	.L32
 996              	.L312:
 198:Drivers/STM32F4xx_HAL_Driver/Src/stm32f4xx_hal_dma_ex.c ****     __HAL_DMA_CLEAR_FLAG (hdma, __HAL_DMA_GET_TE_FLAG_INDEX(hdma));
 997              		.loc 1 198 5 discriminator 75 view .LVU273
 998 04f4 4FF48013 		mov	r3, #1048576
 999 04f8 00E0     		b	.L32
 1000              	.L123:
 198:Drivers/STM32F4xx_HAL_Driver/Src/stm32f4xx_hal_dma_ex.c ****     __HAL_DMA_CLEAR_FLAG (hdma, __HAL_DMA_GET_TE_FLAG_INDEX(hdma));
 1001              		.loc 1 198 5 discriminator 54 view .LVU274
 1002 04fa 1023     		movs	r3, #16
 1003              	.L32:
 198:Drivers/STM32F4xx_HAL_Driver/Src/stm32f4xx_hal_dma_ex.c ****     __HAL_DMA_CLEAR_FLAG (hdma, __HAL_DMA_GET_TE_FLAG_INDEX(hdma));
 1004              		.loc 1 198 5 discriminator 100 view .LVU275
 1005 04fc 3A4A     		ldr	r2, .L329+8
 1006 04fe 9360     		str	r3, [r2, #8]
 1007 0500 64E7     		b	.L30
 1008              	.L124:
 198:Drivers/STM32F4xx_HAL_Driver/Src/stm32f4xx_hal_dma_ex.c ****     __HAL_DMA_CLEAR_FLAG (hdma, __HAL_DMA_GET_TE_FLAG_INDEX(hdma));
 1009              		.loc 1 198 5 discriminator 56 view .LVU276
 1010 0502 1023     		movs	r3, #16
 1011 0504 FAE7     		b	.L32
 1012              	.L125:
 198:Drivers/STM32F4xx_HAL_Driver/Src/stm32f4xx_hal_dma_ex.c ****     __HAL_DMA_CLEAR_FLAG (hdma, __HAL_DMA_GET_TE_FLAG_INDEX(hdma));
 1013              		.loc 1 198 5 discriminator 58 view .LVU277
 1014 0506 1023     		movs	r3, #16
 1015 0508 F8E7     		b	.L32
 1016              	.L126:
 198:Drivers/STM32F4xx_HAL_Driver/Src/stm32f4xx_hal_dma_ex.c ****     __HAL_DMA_CLEAR_FLAG (hdma, __HAL_DMA_GET_TE_FLAG_INDEX(hdma));
 1017              		.loc 1 198 5 discriminator 60 view .LVU278
 1018 050a 1023     		movs	r3, #16
 1019 050c F6E7     		b	.L32
 1020              	.L127:
 198:Drivers/STM32F4xx_HAL_Driver/Src/stm32f4xx_hal_dma_ex.c ****     __HAL_DMA_CLEAR_FLAG (hdma, __HAL_DMA_GET_TE_FLAG_INDEX(hdma));
 1021              		.loc 1 198 5 discriminator 62 view .LVU279
 1022 050e 4FF48063 		mov	r3, #1024
 1023 0512 F3E7     		b	.L32
 1024              	.L128:
 198:Drivers/STM32F4xx_HAL_Driver/Src/stm32f4xx_hal_dma_ex.c ****     __HAL_DMA_CLEAR_FLAG (hdma, __HAL_DMA_GET_TE_FLAG_INDEX(hdma));
 1025              		.loc 1 198 5 discriminator 64 view .LVU280
 1026 0514 4FF48063 		mov	r3, #1024
 1027 0518 F0E7     		b	.L32
 1028              	.L129:
 198:Drivers/STM32F4xx_HAL_Driver/Src/stm32f4xx_hal_dma_ex.c ****     __HAL_DMA_CLEAR_FLAG (hdma, __HAL_DMA_GET_TE_FLAG_INDEX(hdma));
 1029              		.loc 1 198 5 discriminator 66 view .LVU281
 1030 051a 4FF48063 		mov	r3, #1024
 1031 051e EDE7     		b	.L32
 1032              	.L130:
 198:Drivers/STM32F4xx_HAL_Driver/Src/stm32f4xx_hal_dma_ex.c ****     __HAL_DMA_CLEAR_FLAG (hdma, __HAL_DMA_GET_TE_FLAG_INDEX(hdma));
ARM GAS  /tmp/ccsCpbFO.s 			page 29


 1033              		.loc 1 198 5 discriminator 68 view .LVU282
 1034 0520 4FF48063 		mov	r3, #1024
 1035 0524 EAE7     		b	.L32
 1036              	.L131:
 198:Drivers/STM32F4xx_HAL_Driver/Src/stm32f4xx_hal_dma_ex.c ****     __HAL_DMA_CLEAR_FLAG (hdma, __HAL_DMA_GET_TE_FLAG_INDEX(hdma));
 1037              		.loc 1 198 5 discriminator 70 view .LVU283
 1038 0526 4FF48013 		mov	r3, #1048576
 1039 052a E7E7     		b	.L32
 1040              	.L132:
 198:Drivers/STM32F4xx_HAL_Driver/Src/stm32f4xx_hal_dma_ex.c ****     __HAL_DMA_CLEAR_FLAG (hdma, __HAL_DMA_GET_TE_FLAG_INDEX(hdma));
 1041              		.loc 1 198 5 discriminator 72 view .LVU284
 1042 052c 4FF48013 		mov	r3, #1048576
 1043 0530 E4E7     		b	.L32
 1044              	.L133:
 198:Drivers/STM32F4xx_HAL_Driver/Src/stm32f4xx_hal_dma_ex.c ****     __HAL_DMA_CLEAR_FLAG (hdma, __HAL_DMA_GET_TE_FLAG_INDEX(hdma));
 1045              		.loc 1 198 5 discriminator 74 view .LVU285
 1046 0532 4FF48013 		mov	r3, #1048576
 1047 0536 E1E7     		b	.L32
 1048              	.L31:
 198:Drivers/STM32F4xx_HAL_Driver/Src/stm32f4xx_hal_dma_ex.c ****     __HAL_DMA_CLEAR_FLAG (hdma, __HAL_DMA_GET_TE_FLAG_INDEX(hdma));
 1049              		.loc 1 198 5 discriminator 52 view .LVU286
 1050 0538 2E4A     		ldr	r2, .L329+20
 1051 053a 9342     		cmp	r3, r2
 1052 053c 5FD9     		bls	.L33
 198:Drivers/STM32F4xx_HAL_Driver/Src/stm32f4xx_hal_dma_ex.c ****     __HAL_DMA_CLEAR_FLAG (hdma, __HAL_DMA_GET_TE_FLAG_INDEX(hdma));
 1053              		.loc 1 198 5 discriminator 102 view .LVU287
 1054 053e 483A     		subs	r2, r2, #72
 1055 0540 9342     		cmp	r3, r2
 1056 0542 31D0     		beq	.L135
 198:Drivers/STM32F4xx_HAL_Driver/Src/stm32f4xx_hal_dma_ex.c ****     __HAL_DMA_CLEAR_FLAG (hdma, __HAL_DMA_GET_TE_FLAG_INDEX(hdma));
 1057              		.loc 1 198 5 discriminator 104 view .LVU288
 1058 0544 02F58062 		add	r2, r2, #1024
 1059 0548 9342     		cmp	r3, r2
 1060 054a 31D0     		beq	.L136
 198:Drivers/STM32F4xx_HAL_Driver/Src/stm32f4xx_hal_dma_ex.c ****     __HAL_DMA_CLEAR_FLAG (hdma, __HAL_DMA_GET_TE_FLAG_INDEX(hdma));
 1061              		.loc 1 198 5 discriminator 106 view .LVU289
 1062 054c A2F56872 		sub	r2, r2, #928
 1063 0550 9342     		cmp	r3, r2
 1064 0552 2FD0     		beq	.L137
 198:Drivers/STM32F4xx_HAL_Driver/Src/stm32f4xx_hal_dma_ex.c ****     __HAL_DMA_CLEAR_FLAG (hdma, __HAL_DMA_GET_TE_FLAG_INDEX(hdma));
 1065              		.loc 1 198 5 discriminator 108 view .LVU290
 1066 0554 02F58062 		add	r2, r2, #1024
 1067 0558 9342     		cmp	r3, r2
 1068 055a 2DD0     		beq	.L138
 198:Drivers/STM32F4xx_HAL_Driver/Src/stm32f4xx_hal_dma_ex.c ****     __HAL_DMA_CLEAR_FLAG (hdma, __HAL_DMA_GET_TE_FLAG_INDEX(hdma));
 1069              		.loc 1 198 5 discriminator 110 view .LVU291
 1070 055c A2F58962 		sub	r2, r2, #1096
 1071 0560 9342     		cmp	r3, r2
 1072 0562 2BD0     		beq	.L139
 198:Drivers/STM32F4xx_HAL_Driver/Src/stm32f4xx_hal_dma_ex.c ****     __HAL_DMA_CLEAR_FLAG (hdma, __HAL_DMA_GET_TE_FLAG_INDEX(hdma));
 1073              		.loc 1 198 5 discriminator 112 view .LVU292
 1074 0564 02F58062 		add	r2, r2, #1024
 1075 0568 9342     		cmp	r3, r2
 1076 056a 2AD0     		beq	.L140
 198:Drivers/STM32F4xx_HAL_Driver/Src/stm32f4xx_hal_dma_ex.c ****     __HAL_DMA_CLEAR_FLAG (hdma, __HAL_DMA_GET_TE_FLAG_INDEX(hdma));
 1077              		.loc 1 198 5 discriminator 114 view .LVU293
 1078 056c A2F56872 		sub	r2, r2, #928
ARM GAS  /tmp/ccsCpbFO.s 			page 30


 1079 0570 9342     		cmp	r3, r2
 1080 0572 29D0     		beq	.L141
 198:Drivers/STM32F4xx_HAL_Driver/Src/stm32f4xx_hal_dma_ex.c ****     __HAL_DMA_CLEAR_FLAG (hdma, __HAL_DMA_GET_TE_FLAG_INDEX(hdma));
 1081              		.loc 1 198 5 discriminator 116 view .LVU294
 1082 0574 02F58062 		add	r2, r2, #1024
 1083 0578 9342     		cmp	r3, r2
 1084 057a 28D0     		beq	.L142
 198:Drivers/STM32F4xx_HAL_Driver/Src/stm32f4xx_hal_dma_ex.c ****     __HAL_DMA_CLEAR_FLAG (hdma, __HAL_DMA_GET_TE_FLAG_INDEX(hdma));
 1085              		.loc 1 198 5 discriminator 118 view .LVU295
 1086 057c A2F58962 		sub	r2, r2, #1096
 1087 0580 9342     		cmp	r3, r2
 1088 0582 27D0     		beq	.L143
 198:Drivers/STM32F4xx_HAL_Driver/Src/stm32f4xx_hal_dma_ex.c ****     __HAL_DMA_CLEAR_FLAG (hdma, __HAL_DMA_GET_TE_FLAG_INDEX(hdma));
 1089              		.loc 1 198 5 discriminator 120 view .LVU296
 1090 0584 02F58062 		add	r2, r2, #1024
 1091 0588 9342     		cmp	r3, r2
 1092 058a 26D0     		beq	.L144
 198:Drivers/STM32F4xx_HAL_Driver/Src/stm32f4xx_hal_dma_ex.c ****     __HAL_DMA_CLEAR_FLAG (hdma, __HAL_DMA_GET_TE_FLAG_INDEX(hdma));
 1093              		.loc 1 198 5 discriminator 122 view .LVU297
 1094 058c A2F56872 		sub	r2, r2, #928
 1095 0590 9342     		cmp	r3, r2
 1096 0592 31D0     		beq	.L145
 198:Drivers/STM32F4xx_HAL_Driver/Src/stm32f4xx_hal_dma_ex.c ****     __HAL_DMA_CLEAR_FLAG (hdma, __HAL_DMA_GET_TE_FLAG_INDEX(hdma));
 1097              		.loc 1 198 5 discriminator 124 view .LVU298
 1098 0594 02F58062 		add	r2, r2, #1024
 1099 0598 9342     		cmp	r3, r2
 1100 059a 02D0     		beq	.L313
 198:Drivers/STM32F4xx_HAL_Driver/Src/stm32f4xx_hal_dma_ex.c ****     __HAL_DMA_CLEAR_FLAG (hdma, __HAL_DMA_GET_TE_FLAG_INDEX(hdma));
 1101              		.loc 1 198 5 discriminator 127 view .LVU299
 1102 059c 4FF08063 		mov	r3, #67108864
 1103 05a0 03E0     		b	.L34
 1104              	.L313:
 198:Drivers/STM32F4xx_HAL_Driver/Src/stm32f4xx_hal_dma_ex.c ****     __HAL_DMA_CLEAR_FLAG (hdma, __HAL_DMA_GET_TE_FLAG_INDEX(hdma));
 1105              		.loc 1 198 5 discriminator 126 view .LVU300
 1106 05a2 4FF48013 		mov	r3, #1048576
 1107 05a6 00E0     		b	.L34
 1108              	.L135:
 198:Drivers/STM32F4xx_HAL_Driver/Src/stm32f4xx_hal_dma_ex.c ****     __HAL_DMA_CLEAR_FLAG (hdma, __HAL_DMA_GET_TE_FLAG_INDEX(hdma));
 1109              		.loc 1 198 5 discriminator 105 view .LVU301
 1110 05a8 1023     		movs	r3, #16
 1111              	.L34:
 198:Drivers/STM32F4xx_HAL_Driver/Src/stm32f4xx_hal_dma_ex.c ****     __HAL_DMA_CLEAR_FLAG (hdma, __HAL_DMA_GET_TE_FLAG_INDEX(hdma));
 1112              		.loc 1 198 5 discriminator 151 view .LVU302
 1113 05aa 0E4A     		ldr	r2, .L329+4
 1114 05ac D360     		str	r3, [r2, #12]
 1115 05ae 0DE7     		b	.L30
 1116              	.L136:
 198:Drivers/STM32F4xx_HAL_Driver/Src/stm32f4xx_hal_dma_ex.c ****     __HAL_DMA_CLEAR_FLAG (hdma, __HAL_DMA_GET_TE_FLAG_INDEX(hdma));
 1117              		.loc 1 198 5 discriminator 107 view .LVU303
 1118 05b0 1023     		movs	r3, #16
 1119 05b2 FAE7     		b	.L34
 1120              	.L137:
 198:Drivers/STM32F4xx_HAL_Driver/Src/stm32f4xx_hal_dma_ex.c ****     __HAL_DMA_CLEAR_FLAG (hdma, __HAL_DMA_GET_TE_FLAG_INDEX(hdma));
 1121              		.loc 1 198 5 discriminator 109 view .LVU304
 1122 05b4 1023     		movs	r3, #16
 1123 05b6 F8E7     		b	.L34
 1124              	.L138:
ARM GAS  /tmp/ccsCpbFO.s 			page 31


 198:Drivers/STM32F4xx_HAL_Driver/Src/stm32f4xx_hal_dma_ex.c ****     __HAL_DMA_CLEAR_FLAG (hdma, __HAL_DMA_GET_TE_FLAG_INDEX(hdma));
 1125              		.loc 1 198 5 discriminator 111 view .LVU305
 1126 05b8 1023     		movs	r3, #16
 1127 05ba F6E7     		b	.L34
 1128              	.L139:
 198:Drivers/STM32F4xx_HAL_Driver/Src/stm32f4xx_hal_dma_ex.c ****     __HAL_DMA_CLEAR_FLAG (hdma, __HAL_DMA_GET_TE_FLAG_INDEX(hdma));
 1129              		.loc 1 198 5 discriminator 113 view .LVU306
 1130 05bc 4FF48063 		mov	r3, #1024
 1131 05c0 F3E7     		b	.L34
 1132              	.L140:
 198:Drivers/STM32F4xx_HAL_Driver/Src/stm32f4xx_hal_dma_ex.c ****     __HAL_DMA_CLEAR_FLAG (hdma, __HAL_DMA_GET_TE_FLAG_INDEX(hdma));
 1133              		.loc 1 198 5 discriminator 115 view .LVU307
 1134 05c2 4FF48063 		mov	r3, #1024
 1135 05c6 F0E7     		b	.L34
 1136              	.L141:
 198:Drivers/STM32F4xx_HAL_Driver/Src/stm32f4xx_hal_dma_ex.c ****     __HAL_DMA_CLEAR_FLAG (hdma, __HAL_DMA_GET_TE_FLAG_INDEX(hdma));
 1137              		.loc 1 198 5 discriminator 117 view .LVU308
 1138 05c8 4FF48063 		mov	r3, #1024
 1139 05cc EDE7     		b	.L34
 1140              	.L142:
 198:Drivers/STM32F4xx_HAL_Driver/Src/stm32f4xx_hal_dma_ex.c ****     __HAL_DMA_CLEAR_FLAG (hdma, __HAL_DMA_GET_TE_FLAG_INDEX(hdma));
 1141              		.loc 1 198 5 discriminator 119 view .LVU309
 1142 05ce 4FF48063 		mov	r3, #1024
 1143 05d2 EAE7     		b	.L34
 1144              	.L143:
 198:Drivers/STM32F4xx_HAL_Driver/Src/stm32f4xx_hal_dma_ex.c ****     __HAL_DMA_CLEAR_FLAG (hdma, __HAL_DMA_GET_TE_FLAG_INDEX(hdma));
 1145              		.loc 1 198 5 discriminator 121 view .LVU310
 1146 05d4 4FF48013 		mov	r3, #1048576
 1147 05d8 E7E7     		b	.L34
 1148              	.L144:
 198:Drivers/STM32F4xx_HAL_Driver/Src/stm32f4xx_hal_dma_ex.c ****     __HAL_DMA_CLEAR_FLAG (hdma, __HAL_DMA_GET_TE_FLAG_INDEX(hdma));
 1149              		.loc 1 198 5 discriminator 123 view .LVU311
 1150 05da 4FF48013 		mov	r3, #1048576
 1151 05de E4E7     		b	.L34
 1152              	.L330:
 1153              		.align	2
 1154              	.L329:
 1155 05e0 10600240 		.word	1073897488
 1156 05e4 00600240 		.word	1073897472
 1157 05e8 00640240 		.word	1073898496
 1158 05ec 58640240 		.word	1073898584
 1159 05f0 B8600240 		.word	1073897656
 1160 05f4 58600240 		.word	1073897560
 1161              	.L145:
 198:Drivers/STM32F4xx_HAL_Driver/Src/stm32f4xx_hal_dma_ex.c ****     __HAL_DMA_CLEAR_FLAG (hdma, __HAL_DMA_GET_TE_FLAG_INDEX(hdma));
 1162              		.loc 1 198 5 discriminator 125 view .LVU312
 1163 05f8 4FF48013 		mov	r3, #1048576
 1164 05fc D5E7     		b	.L34
 1165              	.L33:
 198:Drivers/STM32F4xx_HAL_Driver/Src/stm32f4xx_hal_dma_ex.c ****     __HAL_DMA_CLEAR_FLAG (hdma, __HAL_DMA_GET_TE_FLAG_INDEX(hdma));
 1166              		.loc 1 198 5 discriminator 103 view .LVU313
 1167 05fe B24A     		ldr	r2, .L331
 1168 0600 9342     		cmp	r3, r2
 1169 0602 31D0     		beq	.L147
 198:Drivers/STM32F4xx_HAL_Driver/Src/stm32f4xx_hal_dma_ex.c ****     __HAL_DMA_CLEAR_FLAG (hdma, __HAL_DMA_GET_TE_FLAG_INDEX(hdma));
 1170              		.loc 1 198 5 discriminator 153 view .LVU314
 1171 0604 02F58062 		add	r2, r2, #1024
ARM GAS  /tmp/ccsCpbFO.s 			page 32


 1172 0608 9342     		cmp	r3, r2
 1173 060a 31D0     		beq	.L148
 198:Drivers/STM32F4xx_HAL_Driver/Src/stm32f4xx_hal_dma_ex.c ****     __HAL_DMA_CLEAR_FLAG (hdma, __HAL_DMA_GET_TE_FLAG_INDEX(hdma));
 1174              		.loc 1 198 5 discriminator 155 view .LVU315
 1175 060c A2F56872 		sub	r2, r2, #928
 1176 0610 9342     		cmp	r3, r2
 1177 0612 2FD0     		beq	.L149
 198:Drivers/STM32F4xx_HAL_Driver/Src/stm32f4xx_hal_dma_ex.c ****     __HAL_DMA_CLEAR_FLAG (hdma, __HAL_DMA_GET_TE_FLAG_INDEX(hdma));
 1178              		.loc 1 198 5 discriminator 157 view .LVU316
 1179 0614 02F58062 		add	r2, r2, #1024
 1180 0618 9342     		cmp	r3, r2
 1181 061a 2DD0     		beq	.L150
 198:Drivers/STM32F4xx_HAL_Driver/Src/stm32f4xx_hal_dma_ex.c ****     __HAL_DMA_CLEAR_FLAG (hdma, __HAL_DMA_GET_TE_FLAG_INDEX(hdma));
 1182              		.loc 1 198 5 discriminator 159 view .LVU317
 1183 061c A2F58962 		sub	r2, r2, #1096
 1184 0620 9342     		cmp	r3, r2
 1185 0622 2BD0     		beq	.L151
 198:Drivers/STM32F4xx_HAL_Driver/Src/stm32f4xx_hal_dma_ex.c ****     __HAL_DMA_CLEAR_FLAG (hdma, __HAL_DMA_GET_TE_FLAG_INDEX(hdma));
 1186              		.loc 1 198 5 discriminator 161 view .LVU318
 1187 0624 02F58062 		add	r2, r2, #1024
 1188 0628 9342     		cmp	r3, r2
 1189 062a 2AD0     		beq	.L152
 198:Drivers/STM32F4xx_HAL_Driver/Src/stm32f4xx_hal_dma_ex.c ****     __HAL_DMA_CLEAR_FLAG (hdma, __HAL_DMA_GET_TE_FLAG_INDEX(hdma));
 1190              		.loc 1 198 5 discriminator 163 view .LVU319
 1191 062c A2F56872 		sub	r2, r2, #928
 1192 0630 9342     		cmp	r3, r2
 1193 0632 29D0     		beq	.L153
 198:Drivers/STM32F4xx_HAL_Driver/Src/stm32f4xx_hal_dma_ex.c ****     __HAL_DMA_CLEAR_FLAG (hdma, __HAL_DMA_GET_TE_FLAG_INDEX(hdma));
 1194              		.loc 1 198 5 discriminator 165 view .LVU320
 1195 0634 02F58062 		add	r2, r2, #1024
 1196 0638 9342     		cmp	r3, r2
 1197 063a 28D0     		beq	.L154
 198:Drivers/STM32F4xx_HAL_Driver/Src/stm32f4xx_hal_dma_ex.c ****     __HAL_DMA_CLEAR_FLAG (hdma, __HAL_DMA_GET_TE_FLAG_INDEX(hdma));
 1198              		.loc 1 198 5 discriminator 167 view .LVU321
 1199 063c A2F58962 		sub	r2, r2, #1096
 1200 0640 9342     		cmp	r3, r2
 1201 0642 27D0     		beq	.L155
 198:Drivers/STM32F4xx_HAL_Driver/Src/stm32f4xx_hal_dma_ex.c ****     __HAL_DMA_CLEAR_FLAG (hdma, __HAL_DMA_GET_TE_FLAG_INDEX(hdma));
 1202              		.loc 1 198 5 discriminator 169 view .LVU322
 1203 0644 02F58062 		add	r2, r2, #1024
 1204 0648 9342     		cmp	r3, r2
 1205 064a 26D0     		beq	.L156
 198:Drivers/STM32F4xx_HAL_Driver/Src/stm32f4xx_hal_dma_ex.c ****     __HAL_DMA_CLEAR_FLAG (hdma, __HAL_DMA_GET_TE_FLAG_INDEX(hdma));
 1206              		.loc 1 198 5 discriminator 171 view .LVU323
 1207 064c A2F56872 		sub	r2, r2, #928
 1208 0650 9342     		cmp	r3, r2
 1209 0652 25D0     		beq	.L157
 198:Drivers/STM32F4xx_HAL_Driver/Src/stm32f4xx_hal_dma_ex.c ****     __HAL_DMA_CLEAR_FLAG (hdma, __HAL_DMA_GET_TE_FLAG_INDEX(hdma));
 1210              		.loc 1 198 5 discriminator 173 view .LVU324
 1211 0654 02F58062 		add	r2, r2, #1024
 1212 0658 9342     		cmp	r3, r2
 1213 065a 02D0     		beq	.L314
 198:Drivers/STM32F4xx_HAL_Driver/Src/stm32f4xx_hal_dma_ex.c ****     __HAL_DMA_CLEAR_FLAG (hdma, __HAL_DMA_GET_TE_FLAG_INDEX(hdma));
 1214              		.loc 1 198 5 discriminator 176 view .LVU325
 1215 065c 4FF08063 		mov	r3, #67108864
 1216 0660 03E0     		b	.L35
 1217              	.L314:
ARM GAS  /tmp/ccsCpbFO.s 			page 33


 198:Drivers/STM32F4xx_HAL_Driver/Src/stm32f4xx_hal_dma_ex.c ****     __HAL_DMA_CLEAR_FLAG (hdma, __HAL_DMA_GET_TE_FLAG_INDEX(hdma));
 1218              		.loc 1 198 5 discriminator 175 view .LVU326
 1219 0662 4FF48013 		mov	r3, #1048576
 1220 0666 00E0     		b	.L35
 1221              	.L147:
 198:Drivers/STM32F4xx_HAL_Driver/Src/stm32f4xx_hal_dma_ex.c ****     __HAL_DMA_CLEAR_FLAG (hdma, __HAL_DMA_GET_TE_FLAG_INDEX(hdma));
 1222              		.loc 1 198 5 discriminator 154 view .LVU327
 1223 0668 1023     		movs	r3, #16
 1224              	.L35:
 198:Drivers/STM32F4xx_HAL_Driver/Src/stm32f4xx_hal_dma_ex.c ****     __HAL_DMA_CLEAR_FLAG (hdma, __HAL_DMA_GET_TE_FLAG_INDEX(hdma));
 1225              		.loc 1 198 5 discriminator 200 view .LVU328
 1226 066a 984A     		ldr	r2, .L331+4
 1227 066c 9360     		str	r3, [r2, #8]
 1228 066e ADE6     		b	.L30
 1229              	.L148:
 198:Drivers/STM32F4xx_HAL_Driver/Src/stm32f4xx_hal_dma_ex.c ****     __HAL_DMA_CLEAR_FLAG (hdma, __HAL_DMA_GET_TE_FLAG_INDEX(hdma));
 1230              		.loc 1 198 5 discriminator 156 view .LVU329
 1231 0670 1023     		movs	r3, #16
 1232 0672 FAE7     		b	.L35
 1233              	.L149:
 198:Drivers/STM32F4xx_HAL_Driver/Src/stm32f4xx_hal_dma_ex.c ****     __HAL_DMA_CLEAR_FLAG (hdma, __HAL_DMA_GET_TE_FLAG_INDEX(hdma));
 1234              		.loc 1 198 5 discriminator 158 view .LVU330
 1235 0674 1023     		movs	r3, #16
 1236 0676 F8E7     		b	.L35
 1237              	.L150:
 198:Drivers/STM32F4xx_HAL_Driver/Src/stm32f4xx_hal_dma_ex.c ****     __HAL_DMA_CLEAR_FLAG (hdma, __HAL_DMA_GET_TE_FLAG_INDEX(hdma));
 1238              		.loc 1 198 5 discriminator 160 view .LVU331
 1239 0678 1023     		movs	r3, #16
 1240 067a F6E7     		b	.L35
 1241              	.L151:
 198:Drivers/STM32F4xx_HAL_Driver/Src/stm32f4xx_hal_dma_ex.c ****     __HAL_DMA_CLEAR_FLAG (hdma, __HAL_DMA_GET_TE_FLAG_INDEX(hdma));
 1242              		.loc 1 198 5 discriminator 162 view .LVU332
 1243 067c 4FF48063 		mov	r3, #1024
 1244 0680 F3E7     		b	.L35
 1245              	.L152:
 198:Drivers/STM32F4xx_HAL_Driver/Src/stm32f4xx_hal_dma_ex.c ****     __HAL_DMA_CLEAR_FLAG (hdma, __HAL_DMA_GET_TE_FLAG_INDEX(hdma));
 1246              		.loc 1 198 5 discriminator 164 view .LVU333
 1247 0682 4FF48063 		mov	r3, #1024
 1248 0686 F0E7     		b	.L35
 1249              	.L153:
 198:Drivers/STM32F4xx_HAL_Driver/Src/stm32f4xx_hal_dma_ex.c ****     __HAL_DMA_CLEAR_FLAG (hdma, __HAL_DMA_GET_TE_FLAG_INDEX(hdma));
 1250              		.loc 1 198 5 discriminator 166 view .LVU334
 1251 0688 4FF48063 		mov	r3, #1024
 1252 068c EDE7     		b	.L35
 1253              	.L154:
 198:Drivers/STM32F4xx_HAL_Driver/Src/stm32f4xx_hal_dma_ex.c ****     __HAL_DMA_CLEAR_FLAG (hdma, __HAL_DMA_GET_TE_FLAG_INDEX(hdma));
 1254              		.loc 1 198 5 discriminator 168 view .LVU335
 1255 068e 4FF48063 		mov	r3, #1024
 1256 0692 EAE7     		b	.L35
 1257              	.L155:
 198:Drivers/STM32F4xx_HAL_Driver/Src/stm32f4xx_hal_dma_ex.c ****     __HAL_DMA_CLEAR_FLAG (hdma, __HAL_DMA_GET_TE_FLAG_INDEX(hdma));
 1258              		.loc 1 198 5 discriminator 170 view .LVU336
 1259 0694 4FF48013 		mov	r3, #1048576
 1260 0698 E7E7     		b	.L35
 1261              	.L156:
 198:Drivers/STM32F4xx_HAL_Driver/Src/stm32f4xx_hal_dma_ex.c ****     __HAL_DMA_CLEAR_FLAG (hdma, __HAL_DMA_GET_TE_FLAG_INDEX(hdma));
 1262              		.loc 1 198 5 discriminator 172 view .LVU337
ARM GAS  /tmp/ccsCpbFO.s 			page 34


 1263 069a 4FF48013 		mov	r3, #1048576
 1264 069e E4E7     		b	.L35
 1265              	.L157:
 198:Drivers/STM32F4xx_HAL_Driver/Src/stm32f4xx_hal_dma_ex.c ****     __HAL_DMA_CLEAR_FLAG (hdma, __HAL_DMA_GET_TE_FLAG_INDEX(hdma));
 1266              		.loc 1 198 5 discriminator 174 view .LVU338
 1267 06a0 4FF48013 		mov	r3, #1048576
 1268 06a4 E1E7     		b	.L35
 1269              	.L311:
 199:Drivers/STM32F4xx_HAL_Driver/Src/stm32f4xx_hal_dma_ex.c ****     __HAL_DMA_CLEAR_FLAG (hdma, __HAL_DMA_GET_DME_FLAG_INDEX(hdma));
 1270              		.loc 1 199 5 discriminator 25 view .LVU339
 1271 06a6 4FF40022 		mov	r2, #524288
 1272 06aa 00E0     		b	.L37
 1273              	.L159:
 199:Drivers/STM32F4xx_HAL_Driver/Src/stm32f4xx_hal_dma_ex.c ****     __HAL_DMA_CLEAR_FLAG (hdma, __HAL_DMA_GET_DME_FLAG_INDEX(hdma));
 1274              		.loc 1 199 5 discriminator 4 view .LVU340
 1275 06ac 0822     		movs	r2, #8
 1276              	.L37:
 199:Drivers/STM32F4xx_HAL_Driver/Src/stm32f4xx_hal_dma_ex.c ****     __HAL_DMA_CLEAR_FLAG (hdma, __HAL_DMA_GET_DME_FLAG_INDEX(hdma));
 1277              		.loc 1 199 5 discriminator 50 view .LVU341
 1278 06ae 884B     		ldr	r3, .L331+8
 1279 06b0 DA60     		str	r2, [r3, #12]
 1280              	.L38:
 200:Drivers/STM32F4xx_HAL_Driver/Src/stm32f4xx_hal_dma_ex.c ****     __HAL_DMA_CLEAR_FLAG (hdma, __HAL_DMA_GET_FE_FLAG_INDEX(hdma));
 1281              		.loc 1 200 5 is_stmt 1 view .LVU342
 1282 06b2 2368     		ldr	r3, [r4]
 1283 06b4 874A     		ldr	r2, .L331+12
 1284 06b6 9342     		cmp	r3, r2
 1285 06b8 40F2CE81 		bls	.L44
 200:Drivers/STM32F4xx_HAL_Driver/Src/stm32f4xx_hal_dma_ex.c ****     __HAL_DMA_CLEAR_FLAG (hdma, __HAL_DMA_GET_FE_FLAG_INDEX(hdma));
 1286              		.loc 1 200 5 is_stmt 0 discriminator 1 view .LVU343
 1287 06bc A2F58962 		sub	r2, r2, #1096
 1288 06c0 9342     		cmp	r3, r2
 1289 06c2 00F06781 		beq	.L207
 200:Drivers/STM32F4xx_HAL_Driver/Src/stm32f4xx_hal_dma_ex.c ****     __HAL_DMA_CLEAR_FLAG (hdma, __HAL_DMA_GET_FE_FLAG_INDEX(hdma));
 1290              		.loc 1 200 5 discriminator 3 view .LVU344
 1291 06c6 02F58062 		add	r2, r2, #1024
 1292 06ca 9342     		cmp	r3, r2
 1293 06cc 00F0A981 		beq	.L208
 200:Drivers/STM32F4xx_HAL_Driver/Src/stm32f4xx_hal_dma_ex.c ****     __HAL_DMA_CLEAR_FLAG (hdma, __HAL_DMA_GET_FE_FLAG_INDEX(hdma));
 1294              		.loc 1 200 5 discriminator 5 view .LVU345
 1295 06d0 A2F56872 		sub	r2, r2, #928
 1296 06d4 9342     		cmp	r3, r2
 1297 06d6 00F0A681 		beq	.L209
 200:Drivers/STM32F4xx_HAL_Driver/Src/stm32f4xx_hal_dma_ex.c ****     __HAL_DMA_CLEAR_FLAG (hdma, __HAL_DMA_GET_FE_FLAG_INDEX(hdma));
 1298              		.loc 1 200 5 discriminator 7 view .LVU346
 1299 06da 02F58062 		add	r2, r2, #1024
 1300 06de 9342     		cmp	r3, r2
 1301 06e0 00F0A381 		beq	.L210
 200:Drivers/STM32F4xx_HAL_Driver/Src/stm32f4xx_hal_dma_ex.c ****     __HAL_DMA_CLEAR_FLAG (hdma, __HAL_DMA_GET_FE_FLAG_INDEX(hdma));
 1302              		.loc 1 200 5 discriminator 9 view .LVU347
 1303 06e4 A2F58962 		sub	r2, r2, #1096
 1304 06e8 9342     		cmp	r3, r2
 1305 06ea 00F0A081 		beq	.L211
 200:Drivers/STM32F4xx_HAL_Driver/Src/stm32f4xx_hal_dma_ex.c ****     __HAL_DMA_CLEAR_FLAG (hdma, __HAL_DMA_GET_FE_FLAG_INDEX(hdma));
 1306              		.loc 1 200 5 discriminator 11 view .LVU348
 1307 06ee 02F58062 		add	r2, r2, #1024
 1308 06f2 9342     		cmp	r3, r2
ARM GAS  /tmp/ccsCpbFO.s 			page 35


 1309 06f4 00F09E81 		beq	.L212
 200:Drivers/STM32F4xx_HAL_Driver/Src/stm32f4xx_hal_dma_ex.c ****     __HAL_DMA_CLEAR_FLAG (hdma, __HAL_DMA_GET_FE_FLAG_INDEX(hdma));
 1310              		.loc 1 200 5 discriminator 13 view .LVU349
 1311 06f8 A2F56872 		sub	r2, r2, #928
 1312 06fc 9342     		cmp	r3, r2
 1313 06fe 00F09C81 		beq	.L213
 200:Drivers/STM32F4xx_HAL_Driver/Src/stm32f4xx_hal_dma_ex.c ****     __HAL_DMA_CLEAR_FLAG (hdma, __HAL_DMA_GET_FE_FLAG_INDEX(hdma));
 1314              		.loc 1 200 5 discriminator 15 view .LVU350
 1315 0702 02F58062 		add	r2, r2, #1024
 1316 0706 9342     		cmp	r3, r2
 1317 0708 00F09A81 		beq	.L214
 200:Drivers/STM32F4xx_HAL_Driver/Src/stm32f4xx_hal_dma_ex.c ****     __HAL_DMA_CLEAR_FLAG (hdma, __HAL_DMA_GET_FE_FLAG_INDEX(hdma));
 1318              		.loc 1 200 5 discriminator 17 view .LVU351
 1319 070c A2F58962 		sub	r2, r2, #1096
 1320 0710 9342     		cmp	r3, r2
 1321 0712 00F09881 		beq	.L215
 200:Drivers/STM32F4xx_HAL_Driver/Src/stm32f4xx_hal_dma_ex.c ****     __HAL_DMA_CLEAR_FLAG (hdma, __HAL_DMA_GET_FE_FLAG_INDEX(hdma));
 1322              		.loc 1 200 5 discriminator 19 view .LVU352
 1323 0716 02F58062 		add	r2, r2, #1024
 1324 071a 9342     		cmp	r3, r2
 1325 071c 00F09681 		beq	.L216
 200:Drivers/STM32F4xx_HAL_Driver/Src/stm32f4xx_hal_dma_ex.c ****     __HAL_DMA_CLEAR_FLAG (hdma, __HAL_DMA_GET_FE_FLAG_INDEX(hdma));
 1326              		.loc 1 200 5 discriminator 21 view .LVU353
 1327 0720 A2F56872 		sub	r2, r2, #928
 1328 0724 9342     		cmp	r3, r2
 1329 0726 00F09481 		beq	.L217
 200:Drivers/STM32F4xx_HAL_Driver/Src/stm32f4xx_hal_dma_ex.c ****     __HAL_DMA_CLEAR_FLAG (hdma, __HAL_DMA_GET_FE_FLAG_INDEX(hdma));
 1330              		.loc 1 200 5 discriminator 23 view .LVU354
 1331 072a 02F58062 		add	r2, r2, #1024
 1332 072e 9342     		cmp	r3, r2
 1333 0730 00F02D81 		beq	.L315
 200:Drivers/STM32F4xx_HAL_Driver/Src/stm32f4xx_hal_dma_ex.c ****     __HAL_DMA_CLEAR_FLAG (hdma, __HAL_DMA_GET_FE_FLAG_INDEX(hdma));
 1334              		.loc 1 200 5 discriminator 26 view .LVU355
 1335 0734 4FF08072 		mov	r2, #16777216
 1336 0738 2DE1     		b	.L45
 1337              	.L160:
 199:Drivers/STM32F4xx_HAL_Driver/Src/stm32f4xx_hal_dma_ex.c ****     __HAL_DMA_CLEAR_FLAG (hdma, __HAL_DMA_GET_DME_FLAG_INDEX(hdma));
 1338              		.loc 1 199 5 discriminator 6 view .LVU356
 1339 073a 0822     		movs	r2, #8
 1340 073c B7E7     		b	.L37
 1341              	.L161:
 199:Drivers/STM32F4xx_HAL_Driver/Src/stm32f4xx_hal_dma_ex.c ****     __HAL_DMA_CLEAR_FLAG (hdma, __HAL_DMA_GET_DME_FLAG_INDEX(hdma));
 1342              		.loc 1 199 5 discriminator 8 view .LVU357
 1343 073e 0822     		movs	r2, #8
 1344 0740 B5E7     		b	.L37
 1345              	.L162:
 199:Drivers/STM32F4xx_HAL_Driver/Src/stm32f4xx_hal_dma_ex.c ****     __HAL_DMA_CLEAR_FLAG (hdma, __HAL_DMA_GET_DME_FLAG_INDEX(hdma));
 1346              		.loc 1 199 5 discriminator 10 view .LVU358
 1347 0742 0822     		movs	r2, #8
 1348 0744 B3E7     		b	.L37
 1349              	.L163:
 199:Drivers/STM32F4xx_HAL_Driver/Src/stm32f4xx_hal_dma_ex.c ****     __HAL_DMA_CLEAR_FLAG (hdma, __HAL_DMA_GET_DME_FLAG_INDEX(hdma));
 1350              		.loc 1 199 5 discriminator 12 view .LVU359
 1351 0746 4FF40072 		mov	r2, #512
 1352 074a B0E7     		b	.L37
 1353              	.L164:
 199:Drivers/STM32F4xx_HAL_Driver/Src/stm32f4xx_hal_dma_ex.c ****     __HAL_DMA_CLEAR_FLAG (hdma, __HAL_DMA_GET_DME_FLAG_INDEX(hdma));
ARM GAS  /tmp/ccsCpbFO.s 			page 36


 1354              		.loc 1 199 5 discriminator 14 view .LVU360
 1355 074c 4FF40072 		mov	r2, #512
 1356 0750 ADE7     		b	.L37
 1357              	.L165:
 199:Drivers/STM32F4xx_HAL_Driver/Src/stm32f4xx_hal_dma_ex.c ****     __HAL_DMA_CLEAR_FLAG (hdma, __HAL_DMA_GET_DME_FLAG_INDEX(hdma));
 1358              		.loc 1 199 5 discriminator 16 view .LVU361
 1359 0752 4FF40072 		mov	r2, #512
 1360 0756 AAE7     		b	.L37
 1361              	.L166:
 199:Drivers/STM32F4xx_HAL_Driver/Src/stm32f4xx_hal_dma_ex.c ****     __HAL_DMA_CLEAR_FLAG (hdma, __HAL_DMA_GET_DME_FLAG_INDEX(hdma));
 1362              		.loc 1 199 5 discriminator 18 view .LVU362
 1363 0758 4FF40072 		mov	r2, #512
 1364 075c A7E7     		b	.L37
 1365              	.L167:
 199:Drivers/STM32F4xx_HAL_Driver/Src/stm32f4xx_hal_dma_ex.c ****     __HAL_DMA_CLEAR_FLAG (hdma, __HAL_DMA_GET_DME_FLAG_INDEX(hdma));
 1366              		.loc 1 199 5 discriminator 20 view .LVU363
 1367 075e 4FF40022 		mov	r2, #524288
 1368 0762 A4E7     		b	.L37
 1369              	.L168:
 199:Drivers/STM32F4xx_HAL_Driver/Src/stm32f4xx_hal_dma_ex.c ****     __HAL_DMA_CLEAR_FLAG (hdma, __HAL_DMA_GET_DME_FLAG_INDEX(hdma));
 1370              		.loc 1 199 5 discriminator 22 view .LVU364
 1371 0764 4FF40022 		mov	r2, #524288
 1372 0768 A1E7     		b	.L37
 1373              	.L169:
 199:Drivers/STM32F4xx_HAL_Driver/Src/stm32f4xx_hal_dma_ex.c ****     __HAL_DMA_CLEAR_FLAG (hdma, __HAL_DMA_GET_DME_FLAG_INDEX(hdma));
 1374              		.loc 1 199 5 discriminator 24 view .LVU365
 1375 076a 4FF40022 		mov	r2, #524288
 1376 076e 9EE7     		b	.L37
 1377              	.L36:
 199:Drivers/STM32F4xx_HAL_Driver/Src/stm32f4xx_hal_dma_ex.c ****     __HAL_DMA_CLEAR_FLAG (hdma, __HAL_DMA_GET_DME_FLAG_INDEX(hdma));
 1378              		.loc 1 199 5 discriminator 2 view .LVU366
 1379 0770 594A     		ldr	r2, .L331+16
 1380 0772 9342     		cmp	r3, r2
 1381 0774 53D9     		bls	.L39
 199:Drivers/STM32F4xx_HAL_Driver/Src/stm32f4xx_hal_dma_ex.c ****     __HAL_DMA_CLEAR_FLAG (hdma, __HAL_DMA_GET_DME_FLAG_INDEX(hdma));
 1382              		.loc 1 199 5 discriminator 51 view .LVU367
 1383 0776 A83A     		subs	r2, r2, #168
 1384 0778 9342     		cmp	r3, r2
 1385 077a 31D0     		beq	.L171
 199:Drivers/STM32F4xx_HAL_Driver/Src/stm32f4xx_hal_dma_ex.c ****     __HAL_DMA_CLEAR_FLAG (hdma, __HAL_DMA_GET_DME_FLAG_INDEX(hdma));
 1386              		.loc 1 199 5 discriminator 53 view .LVU368
 1387 077c 02F58062 		add	r2, r2, #1024
 1388 0780 9342     		cmp	r3, r2
 1389 0782 31D0     		beq	.L172
 199:Drivers/STM32F4xx_HAL_Driver/Src/stm32f4xx_hal_dma_ex.c ****     __HAL_DMA_CLEAR_FLAG (hdma, __HAL_DMA_GET_DME_FLAG_INDEX(hdma));
 1390              		.loc 1 199 5 discriminator 55 view .LVU369
 1391 0784 A2F56872 		sub	r2, r2, #928
 1392 0788 9342     		cmp	r3, r2
 1393 078a 2FD0     		beq	.L173
 199:Drivers/STM32F4xx_HAL_Driver/Src/stm32f4xx_hal_dma_ex.c ****     __HAL_DMA_CLEAR_FLAG (hdma, __HAL_DMA_GET_DME_FLAG_INDEX(hdma));
 1394              		.loc 1 199 5 discriminator 57 view .LVU370
 1395 078c 02F58062 		add	r2, r2, #1024
 1396 0790 9342     		cmp	r3, r2
 1397 0792 2DD0     		beq	.L174
 199:Drivers/STM32F4xx_HAL_Driver/Src/stm32f4xx_hal_dma_ex.c ****     __HAL_DMA_CLEAR_FLAG (hdma, __HAL_DMA_GET_DME_FLAG_INDEX(hdma));
 1398              		.loc 1 199 5 discriminator 59 view .LVU371
 1399 0794 A2F58962 		sub	r2, r2, #1096
ARM GAS  /tmp/ccsCpbFO.s 			page 37


 1400 0798 9342     		cmp	r3, r2
 1401 079a 2BD0     		beq	.L175
 199:Drivers/STM32F4xx_HAL_Driver/Src/stm32f4xx_hal_dma_ex.c ****     __HAL_DMA_CLEAR_FLAG (hdma, __HAL_DMA_GET_DME_FLAG_INDEX(hdma));
 1402              		.loc 1 199 5 discriminator 61 view .LVU372
 1403 079c 02F58062 		add	r2, r2, #1024
 1404 07a0 9342     		cmp	r3, r2
 1405 07a2 2AD0     		beq	.L176
 199:Drivers/STM32F4xx_HAL_Driver/Src/stm32f4xx_hal_dma_ex.c ****     __HAL_DMA_CLEAR_FLAG (hdma, __HAL_DMA_GET_DME_FLAG_INDEX(hdma));
 1406              		.loc 1 199 5 discriminator 63 view .LVU373
 1407 07a4 A2F56872 		sub	r2, r2, #928
 1408 07a8 9342     		cmp	r3, r2
 1409 07aa 29D0     		beq	.L177
 199:Drivers/STM32F4xx_HAL_Driver/Src/stm32f4xx_hal_dma_ex.c ****     __HAL_DMA_CLEAR_FLAG (hdma, __HAL_DMA_GET_DME_FLAG_INDEX(hdma));
 1410              		.loc 1 199 5 discriminator 65 view .LVU374
 1411 07ac 02F58062 		add	r2, r2, #1024
 1412 07b0 9342     		cmp	r3, r2
 1413 07b2 28D0     		beq	.L178
 199:Drivers/STM32F4xx_HAL_Driver/Src/stm32f4xx_hal_dma_ex.c ****     __HAL_DMA_CLEAR_FLAG (hdma, __HAL_DMA_GET_DME_FLAG_INDEX(hdma));
 1414              		.loc 1 199 5 discriminator 67 view .LVU375
 1415 07b4 A2F58962 		sub	r2, r2, #1096
 1416 07b8 9342     		cmp	r3, r2
 1417 07ba 27D0     		beq	.L179
 199:Drivers/STM32F4xx_HAL_Driver/Src/stm32f4xx_hal_dma_ex.c ****     __HAL_DMA_CLEAR_FLAG (hdma, __HAL_DMA_GET_DME_FLAG_INDEX(hdma));
 1418              		.loc 1 199 5 discriminator 69 view .LVU376
 1419 07bc 02F58062 		add	r2, r2, #1024
 1420 07c0 9342     		cmp	r3, r2
 1421 07c2 26D0     		beq	.L180
 199:Drivers/STM32F4xx_HAL_Driver/Src/stm32f4xx_hal_dma_ex.c ****     __HAL_DMA_CLEAR_FLAG (hdma, __HAL_DMA_GET_DME_FLAG_INDEX(hdma));
 1422              		.loc 1 199 5 discriminator 71 view .LVU377
 1423 07c4 A2F56872 		sub	r2, r2, #928
 1424 07c8 9342     		cmp	r3, r2
 1425 07ca 25D0     		beq	.L181
 199:Drivers/STM32F4xx_HAL_Driver/Src/stm32f4xx_hal_dma_ex.c ****     __HAL_DMA_CLEAR_FLAG (hdma, __HAL_DMA_GET_DME_FLAG_INDEX(hdma));
 1426              		.loc 1 199 5 discriminator 73 view .LVU378
 1427 07cc 02F58062 		add	r2, r2, #1024
 1428 07d0 9342     		cmp	r3, r2
 1429 07d2 02D0     		beq	.L316
 199:Drivers/STM32F4xx_HAL_Driver/Src/stm32f4xx_hal_dma_ex.c ****     __HAL_DMA_CLEAR_FLAG (hdma, __HAL_DMA_GET_DME_FLAG_INDEX(hdma));
 1430              		.loc 1 199 5 discriminator 76 view .LVU379
 1431 07d4 4FF00073 		mov	r3, #33554432
 1432 07d8 03E0     		b	.L40
 1433              	.L316:
 199:Drivers/STM32F4xx_HAL_Driver/Src/stm32f4xx_hal_dma_ex.c ****     __HAL_DMA_CLEAR_FLAG (hdma, __HAL_DMA_GET_DME_FLAG_INDEX(hdma));
 1434              		.loc 1 199 5 discriminator 75 view .LVU380
 1435 07da 4FF40023 		mov	r3, #524288
 1436 07de 00E0     		b	.L40
 1437              	.L171:
 199:Drivers/STM32F4xx_HAL_Driver/Src/stm32f4xx_hal_dma_ex.c ****     __HAL_DMA_CLEAR_FLAG (hdma, __HAL_DMA_GET_DME_FLAG_INDEX(hdma));
 1438              		.loc 1 199 5 discriminator 54 view .LVU381
 1439 07e0 0823     		movs	r3, #8
 1440              	.L40:
 199:Drivers/STM32F4xx_HAL_Driver/Src/stm32f4xx_hal_dma_ex.c ****     __HAL_DMA_CLEAR_FLAG (hdma, __HAL_DMA_GET_DME_FLAG_INDEX(hdma));
 1441              		.loc 1 199 5 discriminator 100 view .LVU382
 1442 07e2 3B4A     		ldr	r2, .L331+8
 1443 07e4 9360     		str	r3, [r2, #8]
 1444 07e6 64E7     		b	.L38
 1445              	.L172:
ARM GAS  /tmp/ccsCpbFO.s 			page 38


 199:Drivers/STM32F4xx_HAL_Driver/Src/stm32f4xx_hal_dma_ex.c ****     __HAL_DMA_CLEAR_FLAG (hdma, __HAL_DMA_GET_DME_FLAG_INDEX(hdma));
 1446              		.loc 1 199 5 discriminator 56 view .LVU383
 1447 07e8 0823     		movs	r3, #8
 1448 07ea FAE7     		b	.L40
 1449              	.L173:
 199:Drivers/STM32F4xx_HAL_Driver/Src/stm32f4xx_hal_dma_ex.c ****     __HAL_DMA_CLEAR_FLAG (hdma, __HAL_DMA_GET_DME_FLAG_INDEX(hdma));
 1450              		.loc 1 199 5 discriminator 58 view .LVU384
 1451 07ec 0823     		movs	r3, #8
 1452 07ee F8E7     		b	.L40
 1453              	.L174:
 199:Drivers/STM32F4xx_HAL_Driver/Src/stm32f4xx_hal_dma_ex.c ****     __HAL_DMA_CLEAR_FLAG (hdma, __HAL_DMA_GET_DME_FLAG_INDEX(hdma));
 1454              		.loc 1 199 5 discriminator 60 view .LVU385
 1455 07f0 0823     		movs	r3, #8
 1456 07f2 F6E7     		b	.L40
 1457              	.L175:
 199:Drivers/STM32F4xx_HAL_Driver/Src/stm32f4xx_hal_dma_ex.c ****     __HAL_DMA_CLEAR_FLAG (hdma, __HAL_DMA_GET_DME_FLAG_INDEX(hdma));
 1458              		.loc 1 199 5 discriminator 62 view .LVU386
 1459 07f4 4FF40073 		mov	r3, #512
 1460 07f8 F3E7     		b	.L40
 1461              	.L176:
 199:Drivers/STM32F4xx_HAL_Driver/Src/stm32f4xx_hal_dma_ex.c ****     __HAL_DMA_CLEAR_FLAG (hdma, __HAL_DMA_GET_DME_FLAG_INDEX(hdma));
 1462              		.loc 1 199 5 discriminator 64 view .LVU387
 1463 07fa 4FF40073 		mov	r3, #512
 1464 07fe F0E7     		b	.L40
 1465              	.L177:
 199:Drivers/STM32F4xx_HAL_Driver/Src/stm32f4xx_hal_dma_ex.c ****     __HAL_DMA_CLEAR_FLAG (hdma, __HAL_DMA_GET_DME_FLAG_INDEX(hdma));
 1466              		.loc 1 199 5 discriminator 66 view .LVU388
 1467 0800 4FF40073 		mov	r3, #512
 1468 0804 EDE7     		b	.L40
 1469              	.L178:
 199:Drivers/STM32F4xx_HAL_Driver/Src/stm32f4xx_hal_dma_ex.c ****     __HAL_DMA_CLEAR_FLAG (hdma, __HAL_DMA_GET_DME_FLAG_INDEX(hdma));
 1470              		.loc 1 199 5 discriminator 68 view .LVU389
 1471 0806 4FF40073 		mov	r3, #512
 1472 080a EAE7     		b	.L40
 1473              	.L179:
 199:Drivers/STM32F4xx_HAL_Driver/Src/stm32f4xx_hal_dma_ex.c ****     __HAL_DMA_CLEAR_FLAG (hdma, __HAL_DMA_GET_DME_FLAG_INDEX(hdma));
 1474              		.loc 1 199 5 discriminator 70 view .LVU390
 1475 080c 4FF40023 		mov	r3, #524288
 1476 0810 E7E7     		b	.L40
 1477              	.L180:
 199:Drivers/STM32F4xx_HAL_Driver/Src/stm32f4xx_hal_dma_ex.c ****     __HAL_DMA_CLEAR_FLAG (hdma, __HAL_DMA_GET_DME_FLAG_INDEX(hdma));
 1478              		.loc 1 199 5 discriminator 72 view .LVU391
 1479 0812 4FF40023 		mov	r3, #524288
 1480 0816 E4E7     		b	.L40
 1481              	.L181:
 199:Drivers/STM32F4xx_HAL_Driver/Src/stm32f4xx_hal_dma_ex.c ****     __HAL_DMA_CLEAR_FLAG (hdma, __HAL_DMA_GET_DME_FLAG_INDEX(hdma));
 1482              		.loc 1 199 5 discriminator 74 view .LVU392
 1483 0818 4FF40023 		mov	r3, #524288
 1484 081c E1E7     		b	.L40
 1485              	.L39:
 199:Drivers/STM32F4xx_HAL_Driver/Src/stm32f4xx_hal_dma_ex.c ****     __HAL_DMA_CLEAR_FLAG (hdma, __HAL_DMA_GET_DME_FLAG_INDEX(hdma));
 1486              		.loc 1 199 5 discriminator 52 view .LVU393
 1487 081e 2F4A     		ldr	r2, .L331+20
 1488 0820 9342     		cmp	r3, r2
 1489 0822 60D9     		bls	.L41
 199:Drivers/STM32F4xx_HAL_Driver/Src/stm32f4xx_hal_dma_ex.c ****     __HAL_DMA_CLEAR_FLAG (hdma, __HAL_DMA_GET_DME_FLAG_INDEX(hdma));
 1490              		.loc 1 199 5 discriminator 102 view .LVU394
ARM GAS  /tmp/ccsCpbFO.s 			page 39


 1491 0824 483A     		subs	r2, r2, #72
 1492 0826 9342     		cmp	r3, r2
 1493 0828 31D0     		beq	.L183
 199:Drivers/STM32F4xx_HAL_Driver/Src/stm32f4xx_hal_dma_ex.c ****     __HAL_DMA_CLEAR_FLAG (hdma, __HAL_DMA_GET_DME_FLAG_INDEX(hdma));
 1494              		.loc 1 199 5 discriminator 104 view .LVU395
 1495 082a 02F58062 		add	r2, r2, #1024
 1496 082e 9342     		cmp	r3, r2
 1497 0830 31D0     		beq	.L184
 199:Drivers/STM32F4xx_HAL_Driver/Src/stm32f4xx_hal_dma_ex.c ****     __HAL_DMA_CLEAR_FLAG (hdma, __HAL_DMA_GET_DME_FLAG_INDEX(hdma));
 1498              		.loc 1 199 5 discriminator 106 view .LVU396
 1499 0832 A2F56872 		sub	r2, r2, #928
 1500 0836 9342     		cmp	r3, r2
 1501 0838 2FD0     		beq	.L185
 199:Drivers/STM32F4xx_HAL_Driver/Src/stm32f4xx_hal_dma_ex.c ****     __HAL_DMA_CLEAR_FLAG (hdma, __HAL_DMA_GET_DME_FLAG_INDEX(hdma));
 1502              		.loc 1 199 5 discriminator 108 view .LVU397
 1503 083a 02F58062 		add	r2, r2, #1024
 1504 083e 9342     		cmp	r3, r2
 1505 0840 2DD0     		beq	.L186
 199:Drivers/STM32F4xx_HAL_Driver/Src/stm32f4xx_hal_dma_ex.c ****     __HAL_DMA_CLEAR_FLAG (hdma, __HAL_DMA_GET_DME_FLAG_INDEX(hdma));
 1506              		.loc 1 199 5 discriminator 110 view .LVU398
 1507 0842 A2F58962 		sub	r2, r2, #1096
 1508 0846 9342     		cmp	r3, r2
 1509 0848 2BD0     		beq	.L187
 199:Drivers/STM32F4xx_HAL_Driver/Src/stm32f4xx_hal_dma_ex.c ****     __HAL_DMA_CLEAR_FLAG (hdma, __HAL_DMA_GET_DME_FLAG_INDEX(hdma));
 1510              		.loc 1 199 5 discriminator 112 view .LVU399
 1511 084a 02F58062 		add	r2, r2, #1024
 1512 084e 9342     		cmp	r3, r2
 1513 0850 2AD0     		beq	.L188
 199:Drivers/STM32F4xx_HAL_Driver/Src/stm32f4xx_hal_dma_ex.c ****     __HAL_DMA_CLEAR_FLAG (hdma, __HAL_DMA_GET_DME_FLAG_INDEX(hdma));
 1514              		.loc 1 199 5 discriminator 114 view .LVU400
 1515 0852 A2F56872 		sub	r2, r2, #928
 1516 0856 9342     		cmp	r3, r2
 1517 0858 29D0     		beq	.L189
 199:Drivers/STM32F4xx_HAL_Driver/Src/stm32f4xx_hal_dma_ex.c ****     __HAL_DMA_CLEAR_FLAG (hdma, __HAL_DMA_GET_DME_FLAG_INDEX(hdma));
 1518              		.loc 1 199 5 discriminator 116 view .LVU401
 1519 085a 02F58062 		add	r2, r2, #1024
 1520 085e 9342     		cmp	r3, r2
 1521 0860 28D0     		beq	.L190
 199:Drivers/STM32F4xx_HAL_Driver/Src/stm32f4xx_hal_dma_ex.c ****     __HAL_DMA_CLEAR_FLAG (hdma, __HAL_DMA_GET_DME_FLAG_INDEX(hdma));
 1522              		.loc 1 199 5 discriminator 118 view .LVU402
 1523 0862 A2F58962 		sub	r2, r2, #1096
 1524 0866 9342     		cmp	r3, r2
 1525 0868 27D0     		beq	.L191
 199:Drivers/STM32F4xx_HAL_Driver/Src/stm32f4xx_hal_dma_ex.c ****     __HAL_DMA_CLEAR_FLAG (hdma, __HAL_DMA_GET_DME_FLAG_INDEX(hdma));
 1526              		.loc 1 199 5 discriminator 120 view .LVU403
 1527 086a 02F58062 		add	r2, r2, #1024
 1528 086e 9342     		cmp	r3, r2
 1529 0870 26D0     		beq	.L192
 199:Drivers/STM32F4xx_HAL_Driver/Src/stm32f4xx_hal_dma_ex.c ****     __HAL_DMA_CLEAR_FLAG (hdma, __HAL_DMA_GET_DME_FLAG_INDEX(hdma));
 1530              		.loc 1 199 5 discriminator 122 view .LVU404
 1531 0872 A2F56872 		sub	r2, r2, #928
 1532 0876 9342     		cmp	r3, r2
 1533 0878 32D0     		beq	.L193
 199:Drivers/STM32F4xx_HAL_Driver/Src/stm32f4xx_hal_dma_ex.c ****     __HAL_DMA_CLEAR_FLAG (hdma, __HAL_DMA_GET_DME_FLAG_INDEX(hdma));
 1534              		.loc 1 199 5 discriminator 124 view .LVU405
 1535 087a 02F58062 		add	r2, r2, #1024
 1536 087e 9342     		cmp	r3, r2
ARM GAS  /tmp/ccsCpbFO.s 			page 40


 1537 0880 02D0     		beq	.L317
 199:Drivers/STM32F4xx_HAL_Driver/Src/stm32f4xx_hal_dma_ex.c ****     __HAL_DMA_CLEAR_FLAG (hdma, __HAL_DMA_GET_DME_FLAG_INDEX(hdma));
 1538              		.loc 1 199 5 discriminator 127 view .LVU406
 1539 0882 4FF00073 		mov	r3, #33554432
 1540 0886 03E0     		b	.L42
 1541              	.L317:
 199:Drivers/STM32F4xx_HAL_Driver/Src/stm32f4xx_hal_dma_ex.c ****     __HAL_DMA_CLEAR_FLAG (hdma, __HAL_DMA_GET_DME_FLAG_INDEX(hdma));
 1542              		.loc 1 199 5 discriminator 126 view .LVU407
 1543 0888 4FF40023 		mov	r3, #524288
 1544 088c 00E0     		b	.L42
 1545              	.L183:
 199:Drivers/STM32F4xx_HAL_Driver/Src/stm32f4xx_hal_dma_ex.c ****     __HAL_DMA_CLEAR_FLAG (hdma, __HAL_DMA_GET_DME_FLAG_INDEX(hdma));
 1546              		.loc 1 199 5 discriminator 105 view .LVU408
 1547 088e 0823     		movs	r3, #8
 1548              	.L42:
 199:Drivers/STM32F4xx_HAL_Driver/Src/stm32f4xx_hal_dma_ex.c ****     __HAL_DMA_CLEAR_FLAG (hdma, __HAL_DMA_GET_DME_FLAG_INDEX(hdma));
 1549              		.loc 1 199 5 discriminator 151 view .LVU409
 1550 0890 0E4A     		ldr	r2, .L331+4
 1551 0892 D360     		str	r3, [r2, #12]
 1552 0894 0DE7     		b	.L38
 1553              	.L184:
 199:Drivers/STM32F4xx_HAL_Driver/Src/stm32f4xx_hal_dma_ex.c ****     __HAL_DMA_CLEAR_FLAG (hdma, __HAL_DMA_GET_DME_FLAG_INDEX(hdma));
 1554              		.loc 1 199 5 discriminator 107 view .LVU410
 1555 0896 0823     		movs	r3, #8
 1556 0898 FAE7     		b	.L42
 1557              	.L185:
 199:Drivers/STM32F4xx_HAL_Driver/Src/stm32f4xx_hal_dma_ex.c ****     __HAL_DMA_CLEAR_FLAG (hdma, __HAL_DMA_GET_DME_FLAG_INDEX(hdma));
 1558              		.loc 1 199 5 discriminator 109 view .LVU411
 1559 089a 0823     		movs	r3, #8
 1560 089c F8E7     		b	.L42
 1561              	.L186:
 199:Drivers/STM32F4xx_HAL_Driver/Src/stm32f4xx_hal_dma_ex.c ****     __HAL_DMA_CLEAR_FLAG (hdma, __HAL_DMA_GET_DME_FLAG_INDEX(hdma));
 1562              		.loc 1 199 5 discriminator 111 view .LVU412
 1563 089e 0823     		movs	r3, #8
 1564 08a0 F6E7     		b	.L42
 1565              	.L187:
 199:Drivers/STM32F4xx_HAL_Driver/Src/stm32f4xx_hal_dma_ex.c ****     __HAL_DMA_CLEAR_FLAG (hdma, __HAL_DMA_GET_DME_FLAG_INDEX(hdma));
 1566              		.loc 1 199 5 discriminator 113 view .LVU413
 1567 08a2 4FF40073 		mov	r3, #512
 1568 08a6 F3E7     		b	.L42
 1569              	.L188:
 199:Drivers/STM32F4xx_HAL_Driver/Src/stm32f4xx_hal_dma_ex.c ****     __HAL_DMA_CLEAR_FLAG (hdma, __HAL_DMA_GET_DME_FLAG_INDEX(hdma));
 1570              		.loc 1 199 5 discriminator 115 view .LVU414
 1571 08a8 4FF40073 		mov	r3, #512
 1572 08ac F0E7     		b	.L42
 1573              	.L189:
 199:Drivers/STM32F4xx_HAL_Driver/Src/stm32f4xx_hal_dma_ex.c ****     __HAL_DMA_CLEAR_FLAG (hdma, __HAL_DMA_GET_DME_FLAG_INDEX(hdma));
 1574              		.loc 1 199 5 discriminator 117 view .LVU415
 1575 08ae 4FF40073 		mov	r3, #512
 1576 08b2 EDE7     		b	.L42
 1577              	.L190:
 199:Drivers/STM32F4xx_HAL_Driver/Src/stm32f4xx_hal_dma_ex.c ****     __HAL_DMA_CLEAR_FLAG (hdma, __HAL_DMA_GET_DME_FLAG_INDEX(hdma));
 1578              		.loc 1 199 5 discriminator 119 view .LVU416
 1579 08b4 4FF40073 		mov	r3, #512
 1580 08b8 EAE7     		b	.L42
 1581              	.L191:
 199:Drivers/STM32F4xx_HAL_Driver/Src/stm32f4xx_hal_dma_ex.c ****     __HAL_DMA_CLEAR_FLAG (hdma, __HAL_DMA_GET_DME_FLAG_INDEX(hdma));
ARM GAS  /tmp/ccsCpbFO.s 			page 41


 1582              		.loc 1 199 5 discriminator 121 view .LVU417
 1583 08ba 4FF40023 		mov	r3, #524288
 1584 08be E7E7     		b	.L42
 1585              	.L192:
 199:Drivers/STM32F4xx_HAL_Driver/Src/stm32f4xx_hal_dma_ex.c ****     __HAL_DMA_CLEAR_FLAG (hdma, __HAL_DMA_GET_DME_FLAG_INDEX(hdma));
 1586              		.loc 1 199 5 discriminator 123 view .LVU418
 1587 08c0 4FF40023 		mov	r3, #524288
 1588 08c4 E4E7     		b	.L42
 1589              	.L332:
 1590 08c6 00BF     		.align	2
 1591              	.L331:
 1592 08c8 10600240 		.word	1073897488
 1593 08cc 00600240 		.word	1073897472
 1594 08d0 00640240 		.word	1073898496
 1595 08d4 58640240 		.word	1073898584
 1596 08d8 B8600240 		.word	1073897656
 1597 08dc 58600240 		.word	1073897560
 1598              	.L193:
 199:Drivers/STM32F4xx_HAL_Driver/Src/stm32f4xx_hal_dma_ex.c ****     __HAL_DMA_CLEAR_FLAG (hdma, __HAL_DMA_GET_DME_FLAG_INDEX(hdma));
 1599              		.loc 1 199 5 discriminator 125 view .LVU419
 1600 08e0 4FF40023 		mov	r3, #524288
 1601 08e4 D4E7     		b	.L42
 1602              	.L41:
 199:Drivers/STM32F4xx_HAL_Driver/Src/stm32f4xx_hal_dma_ex.c ****     __HAL_DMA_CLEAR_FLAG (hdma, __HAL_DMA_GET_DME_FLAG_INDEX(hdma));
 1603              		.loc 1 199 5 discriminator 103 view .LVU420
 1604 08e6 B24A     		ldr	r2, .L333
 1605 08e8 9342     		cmp	r3, r2
 1606 08ea 31D0     		beq	.L195
 199:Drivers/STM32F4xx_HAL_Driver/Src/stm32f4xx_hal_dma_ex.c ****     __HAL_DMA_CLEAR_FLAG (hdma, __HAL_DMA_GET_DME_FLAG_INDEX(hdma));
 1607              		.loc 1 199 5 discriminator 153 view .LVU421
 1608 08ec 02F58062 		add	r2, r2, #1024
 1609 08f0 9342     		cmp	r3, r2
 1610 08f2 31D0     		beq	.L196
 199:Drivers/STM32F4xx_HAL_Driver/Src/stm32f4xx_hal_dma_ex.c ****     __HAL_DMA_CLEAR_FLAG (hdma, __HAL_DMA_GET_DME_FLAG_INDEX(hdma));
 1611              		.loc 1 199 5 discriminator 155 view .LVU422
 1612 08f4 A2F56872 		sub	r2, r2, #928
 1613 08f8 9342     		cmp	r3, r2
 1614 08fa 2FD0     		beq	.L197
 199:Drivers/STM32F4xx_HAL_Driver/Src/stm32f4xx_hal_dma_ex.c ****     __HAL_DMA_CLEAR_FLAG (hdma, __HAL_DMA_GET_DME_FLAG_INDEX(hdma));
 1615              		.loc 1 199 5 discriminator 157 view .LVU423
 1616 08fc 02F58062 		add	r2, r2, #1024
 1617 0900 9342     		cmp	r3, r2
 1618 0902 2DD0     		beq	.L198
 199:Drivers/STM32F4xx_HAL_Driver/Src/stm32f4xx_hal_dma_ex.c ****     __HAL_DMA_CLEAR_FLAG (hdma, __HAL_DMA_GET_DME_FLAG_INDEX(hdma));
 1619              		.loc 1 199 5 discriminator 159 view .LVU424
 1620 0904 A2F58962 		sub	r2, r2, #1096
 1621 0908 9342     		cmp	r3, r2
 1622 090a 2BD0     		beq	.L199
 199:Drivers/STM32F4xx_HAL_Driver/Src/stm32f4xx_hal_dma_ex.c ****     __HAL_DMA_CLEAR_FLAG (hdma, __HAL_DMA_GET_DME_FLAG_INDEX(hdma));
 1623              		.loc 1 199 5 discriminator 161 view .LVU425
 1624 090c 02F58062 		add	r2, r2, #1024
 1625 0910 9342     		cmp	r3, r2
 1626 0912 2AD0     		beq	.L200
 199:Drivers/STM32F4xx_HAL_Driver/Src/stm32f4xx_hal_dma_ex.c ****     __HAL_DMA_CLEAR_FLAG (hdma, __HAL_DMA_GET_DME_FLAG_INDEX(hdma));
 1627              		.loc 1 199 5 discriminator 163 view .LVU426
 1628 0914 A2F56872 		sub	r2, r2, #928
 1629 0918 9342     		cmp	r3, r2
ARM GAS  /tmp/ccsCpbFO.s 			page 42


 1630 091a 29D0     		beq	.L201
 199:Drivers/STM32F4xx_HAL_Driver/Src/stm32f4xx_hal_dma_ex.c ****     __HAL_DMA_CLEAR_FLAG (hdma, __HAL_DMA_GET_DME_FLAG_INDEX(hdma));
 1631              		.loc 1 199 5 discriminator 165 view .LVU427
 1632 091c 02F58062 		add	r2, r2, #1024
 1633 0920 9342     		cmp	r3, r2
 1634 0922 28D0     		beq	.L202
 199:Drivers/STM32F4xx_HAL_Driver/Src/stm32f4xx_hal_dma_ex.c ****     __HAL_DMA_CLEAR_FLAG (hdma, __HAL_DMA_GET_DME_FLAG_INDEX(hdma));
 1635              		.loc 1 199 5 discriminator 167 view .LVU428
 1636 0924 A2F58962 		sub	r2, r2, #1096
 1637 0928 9342     		cmp	r3, r2
 1638 092a 27D0     		beq	.L203
 199:Drivers/STM32F4xx_HAL_Driver/Src/stm32f4xx_hal_dma_ex.c ****     __HAL_DMA_CLEAR_FLAG (hdma, __HAL_DMA_GET_DME_FLAG_INDEX(hdma));
 1639              		.loc 1 199 5 discriminator 169 view .LVU429
 1640 092c 02F58062 		add	r2, r2, #1024
 1641 0930 9342     		cmp	r3, r2
 1642 0932 26D0     		beq	.L204
 199:Drivers/STM32F4xx_HAL_Driver/Src/stm32f4xx_hal_dma_ex.c ****     __HAL_DMA_CLEAR_FLAG (hdma, __HAL_DMA_GET_DME_FLAG_INDEX(hdma));
 1643              		.loc 1 199 5 discriminator 171 view .LVU430
 1644 0934 A2F56872 		sub	r2, r2, #928
 1645 0938 9342     		cmp	r3, r2
 1646 093a 25D0     		beq	.L205
 199:Drivers/STM32F4xx_HAL_Driver/Src/stm32f4xx_hal_dma_ex.c ****     __HAL_DMA_CLEAR_FLAG (hdma, __HAL_DMA_GET_DME_FLAG_INDEX(hdma));
 1647              		.loc 1 199 5 discriminator 173 view .LVU431
 1648 093c 02F58062 		add	r2, r2, #1024
 1649 0940 9342     		cmp	r3, r2
 1650 0942 02D0     		beq	.L318
 199:Drivers/STM32F4xx_HAL_Driver/Src/stm32f4xx_hal_dma_ex.c ****     __HAL_DMA_CLEAR_FLAG (hdma, __HAL_DMA_GET_DME_FLAG_INDEX(hdma));
 1651              		.loc 1 199 5 discriminator 176 view .LVU432
 1652 0944 4FF00073 		mov	r3, #33554432
 1653 0948 03E0     		b	.L43
 1654              	.L318:
 199:Drivers/STM32F4xx_HAL_Driver/Src/stm32f4xx_hal_dma_ex.c ****     __HAL_DMA_CLEAR_FLAG (hdma, __HAL_DMA_GET_DME_FLAG_INDEX(hdma));
 1655              		.loc 1 199 5 discriminator 175 view .LVU433
 1656 094a 4FF40023 		mov	r3, #524288
 1657 094e 00E0     		b	.L43
 1658              	.L195:
 199:Drivers/STM32F4xx_HAL_Driver/Src/stm32f4xx_hal_dma_ex.c ****     __HAL_DMA_CLEAR_FLAG (hdma, __HAL_DMA_GET_DME_FLAG_INDEX(hdma));
 1659              		.loc 1 199 5 discriminator 154 view .LVU434
 1660 0950 0823     		movs	r3, #8
 1661              	.L43:
 199:Drivers/STM32F4xx_HAL_Driver/Src/stm32f4xx_hal_dma_ex.c ****     __HAL_DMA_CLEAR_FLAG (hdma, __HAL_DMA_GET_DME_FLAG_INDEX(hdma));
 1662              		.loc 1 199 5 discriminator 200 view .LVU435
 1663 0952 984A     		ldr	r2, .L333+4
 1664 0954 9360     		str	r3, [r2, #8]
 1665 0956 ACE6     		b	.L38
 1666              	.L196:
 199:Drivers/STM32F4xx_HAL_Driver/Src/stm32f4xx_hal_dma_ex.c ****     __HAL_DMA_CLEAR_FLAG (hdma, __HAL_DMA_GET_DME_FLAG_INDEX(hdma));
 1667              		.loc 1 199 5 discriminator 156 view .LVU436
 1668 0958 0823     		movs	r3, #8
 1669 095a FAE7     		b	.L43
 1670              	.L197:
 199:Drivers/STM32F4xx_HAL_Driver/Src/stm32f4xx_hal_dma_ex.c ****     __HAL_DMA_CLEAR_FLAG (hdma, __HAL_DMA_GET_DME_FLAG_INDEX(hdma));
 1671              		.loc 1 199 5 discriminator 158 view .LVU437
 1672 095c 0823     		movs	r3, #8
 1673 095e F8E7     		b	.L43
 1674              	.L198:
 199:Drivers/STM32F4xx_HAL_Driver/Src/stm32f4xx_hal_dma_ex.c ****     __HAL_DMA_CLEAR_FLAG (hdma, __HAL_DMA_GET_DME_FLAG_INDEX(hdma));
ARM GAS  /tmp/ccsCpbFO.s 			page 43


 1675              		.loc 1 199 5 discriminator 160 view .LVU438
 1676 0960 0823     		movs	r3, #8
 1677 0962 F6E7     		b	.L43
 1678              	.L199:
 199:Drivers/STM32F4xx_HAL_Driver/Src/stm32f4xx_hal_dma_ex.c ****     __HAL_DMA_CLEAR_FLAG (hdma, __HAL_DMA_GET_DME_FLAG_INDEX(hdma));
 1679              		.loc 1 199 5 discriminator 162 view .LVU439
 1680 0964 4FF40073 		mov	r3, #512
 1681 0968 F3E7     		b	.L43
 1682              	.L200:
 199:Drivers/STM32F4xx_HAL_Driver/Src/stm32f4xx_hal_dma_ex.c ****     __HAL_DMA_CLEAR_FLAG (hdma, __HAL_DMA_GET_DME_FLAG_INDEX(hdma));
 1683              		.loc 1 199 5 discriminator 164 view .LVU440
 1684 096a 4FF40073 		mov	r3, #512
 1685 096e F0E7     		b	.L43
 1686              	.L201:
 199:Drivers/STM32F4xx_HAL_Driver/Src/stm32f4xx_hal_dma_ex.c ****     __HAL_DMA_CLEAR_FLAG (hdma, __HAL_DMA_GET_DME_FLAG_INDEX(hdma));
 1687              		.loc 1 199 5 discriminator 166 view .LVU441
 1688 0970 4FF40073 		mov	r3, #512
 1689 0974 EDE7     		b	.L43
 1690              	.L202:
 199:Drivers/STM32F4xx_HAL_Driver/Src/stm32f4xx_hal_dma_ex.c ****     __HAL_DMA_CLEAR_FLAG (hdma, __HAL_DMA_GET_DME_FLAG_INDEX(hdma));
 1691              		.loc 1 199 5 discriminator 168 view .LVU442
 1692 0976 4FF40073 		mov	r3, #512
 1693 097a EAE7     		b	.L43
 1694              	.L203:
 199:Drivers/STM32F4xx_HAL_Driver/Src/stm32f4xx_hal_dma_ex.c ****     __HAL_DMA_CLEAR_FLAG (hdma, __HAL_DMA_GET_DME_FLAG_INDEX(hdma));
 1695              		.loc 1 199 5 discriminator 170 view .LVU443
 1696 097c 4FF40023 		mov	r3, #524288
 1697 0980 E7E7     		b	.L43
 1698              	.L204:
 199:Drivers/STM32F4xx_HAL_Driver/Src/stm32f4xx_hal_dma_ex.c ****     __HAL_DMA_CLEAR_FLAG (hdma, __HAL_DMA_GET_DME_FLAG_INDEX(hdma));
 1699              		.loc 1 199 5 discriminator 172 view .LVU444
 1700 0982 4FF40023 		mov	r3, #524288
 1701 0986 E4E7     		b	.L43
 1702              	.L205:
 199:Drivers/STM32F4xx_HAL_Driver/Src/stm32f4xx_hal_dma_ex.c ****     __HAL_DMA_CLEAR_FLAG (hdma, __HAL_DMA_GET_DME_FLAG_INDEX(hdma));
 1703              		.loc 1 199 5 discriminator 174 view .LVU445
 1704 0988 4FF40023 		mov	r3, #524288
 1705 098c E1E7     		b	.L43
 1706              	.L315:
 200:Drivers/STM32F4xx_HAL_Driver/Src/stm32f4xx_hal_dma_ex.c ****     __HAL_DMA_CLEAR_FLAG (hdma, __HAL_DMA_GET_FE_FLAG_INDEX(hdma));
 1707              		.loc 1 200 5 discriminator 25 view .LVU446
 1708 098e 4FF48022 		mov	r2, #262144
 1709 0992 00E0     		b	.L45
 1710              	.L207:
 200:Drivers/STM32F4xx_HAL_Driver/Src/stm32f4xx_hal_dma_ex.c ****     __HAL_DMA_CLEAR_FLAG (hdma, __HAL_DMA_GET_FE_FLAG_INDEX(hdma));
 1711              		.loc 1 200 5 discriminator 4 view .LVU447
 1712 0994 0422     		movs	r2, #4
 1713              	.L45:
 200:Drivers/STM32F4xx_HAL_Driver/Src/stm32f4xx_hal_dma_ex.c ****     __HAL_DMA_CLEAR_FLAG (hdma, __HAL_DMA_GET_FE_FLAG_INDEX(hdma));
 1714              		.loc 1 200 5 discriminator 50 view .LVU448
 1715 0996 884B     		ldr	r3, .L333+8
 1716 0998 DA60     		str	r2, [r3, #12]
 1717              	.L46:
 201:Drivers/STM32F4xx_HAL_Driver/Src/stm32f4xx_hal_dma_ex.c **** 
 1718              		.loc 1 201 5 is_stmt 1 view .LVU449
 1719 099a 2368     		ldr	r3, [r4]
 1720 099c 874A     		ldr	r2, .L333+12
ARM GAS  /tmp/ccsCpbFO.s 			page 44


 1721 099e 9342     		cmp	r3, r2
 1722 09a0 40F2A181 		bls	.L52
 201:Drivers/STM32F4xx_HAL_Driver/Src/stm32f4xx_hal_dma_ex.c **** 
 1723              		.loc 1 201 5 is_stmt 0 discriminator 1 view .LVU450
 1724 09a4 A2F58962 		sub	r2, r2, #1096
 1725 09a8 9342     		cmp	r3, r2
 1726 09aa 00F06781 		beq	.L255
 201:Drivers/STM32F4xx_HAL_Driver/Src/stm32f4xx_hal_dma_ex.c **** 
 1727              		.loc 1 201 5 discriminator 3 view .LVU451
 1728 09ae 02F58062 		add	r2, r2, #1024
 1729 09b2 9342     		cmp	r3, r2
 1730 09b4 00F08081 		beq	.L256
 201:Drivers/STM32F4xx_HAL_Driver/Src/stm32f4xx_hal_dma_ex.c **** 
 1731              		.loc 1 201 5 discriminator 5 view .LVU452
 1732 09b8 A2F56872 		sub	r2, r2, #928
 1733 09bc 9342     		cmp	r3, r2
 1734 09be 00F07D81 		beq	.L257
 201:Drivers/STM32F4xx_HAL_Driver/Src/stm32f4xx_hal_dma_ex.c **** 
 1735              		.loc 1 201 5 discriminator 7 view .LVU453
 1736 09c2 02F58062 		add	r2, r2, #1024
 1737 09c6 9342     		cmp	r3, r2
 1738 09c8 00F07A81 		beq	.L258
 201:Drivers/STM32F4xx_HAL_Driver/Src/stm32f4xx_hal_dma_ex.c **** 
 1739              		.loc 1 201 5 discriminator 9 view .LVU454
 1740 09cc A2F58962 		sub	r2, r2, #1096
 1741 09d0 9342     		cmp	r3, r2
 1742 09d2 00F07781 		beq	.L259
 201:Drivers/STM32F4xx_HAL_Driver/Src/stm32f4xx_hal_dma_ex.c **** 
 1743              		.loc 1 201 5 discriminator 11 view .LVU455
 1744 09d6 02F58062 		add	r2, r2, #1024
 1745 09da 9342     		cmp	r3, r2
 1746 09dc 00F07481 		beq	.L260
 201:Drivers/STM32F4xx_HAL_Driver/Src/stm32f4xx_hal_dma_ex.c **** 
 1747              		.loc 1 201 5 discriminator 13 view .LVU456
 1748 09e0 A2F56872 		sub	r2, r2, #928
 1749 09e4 9342     		cmp	r3, r2
 1750 09e6 00F07181 		beq	.L261
 201:Drivers/STM32F4xx_HAL_Driver/Src/stm32f4xx_hal_dma_ex.c **** 
 1751              		.loc 1 201 5 discriminator 15 view .LVU457
 1752 09ea 02F58062 		add	r2, r2, #1024
 1753 09ee 9342     		cmp	r3, r2
 1754 09f0 00F06E81 		beq	.L262
 201:Drivers/STM32F4xx_HAL_Driver/Src/stm32f4xx_hal_dma_ex.c **** 
 1755              		.loc 1 201 5 discriminator 17 view .LVU458
 1756 09f4 A2F58962 		sub	r2, r2, #1096
 1757 09f8 9342     		cmp	r3, r2
 1758 09fa 00F06B81 		beq	.L263
 201:Drivers/STM32F4xx_HAL_Driver/Src/stm32f4xx_hal_dma_ex.c **** 
 1759              		.loc 1 201 5 discriminator 19 view .LVU459
 1760 09fe 02F58062 		add	r2, r2, #1024
 1761 0a02 9342     		cmp	r3, r2
 1762 0a04 00F06981 		beq	.L264
 201:Drivers/STM32F4xx_HAL_Driver/Src/stm32f4xx_hal_dma_ex.c **** 
 1763              		.loc 1 201 5 discriminator 21 view .LVU460
 1764 0a08 A2F56872 		sub	r2, r2, #928
 1765 0a0c 9342     		cmp	r3, r2
 1766 0a0e 00F06781 		beq	.L265
ARM GAS  /tmp/ccsCpbFO.s 			page 45


 201:Drivers/STM32F4xx_HAL_Driver/Src/stm32f4xx_hal_dma_ex.c **** 
 1767              		.loc 1 201 5 discriminator 23 view .LVU461
 1768 0a12 02F58062 		add	r2, r2, #1024
 1769 0a16 9342     		cmp	r3, r2
 1770 0a18 00F02D81 		beq	.L319
 201:Drivers/STM32F4xx_HAL_Driver/Src/stm32f4xx_hal_dma_ex.c **** 
 1771              		.loc 1 201 5 discriminator 26 view .LVU462
 1772 0a1c 4FF48002 		mov	r2, #4194304
 1773 0a20 2DE1     		b	.L53
 1774              	.L208:
 200:Drivers/STM32F4xx_HAL_Driver/Src/stm32f4xx_hal_dma_ex.c ****     __HAL_DMA_CLEAR_FLAG (hdma, __HAL_DMA_GET_FE_FLAG_INDEX(hdma));
 1775              		.loc 1 200 5 discriminator 6 view .LVU463
 1776 0a22 0422     		movs	r2, #4
 1777 0a24 B7E7     		b	.L45
 1778              	.L209:
 200:Drivers/STM32F4xx_HAL_Driver/Src/stm32f4xx_hal_dma_ex.c ****     __HAL_DMA_CLEAR_FLAG (hdma, __HAL_DMA_GET_FE_FLAG_INDEX(hdma));
 1779              		.loc 1 200 5 discriminator 8 view .LVU464
 1780 0a26 0422     		movs	r2, #4
 1781 0a28 B5E7     		b	.L45
 1782              	.L210:
 200:Drivers/STM32F4xx_HAL_Driver/Src/stm32f4xx_hal_dma_ex.c ****     __HAL_DMA_CLEAR_FLAG (hdma, __HAL_DMA_GET_FE_FLAG_INDEX(hdma));
 1783              		.loc 1 200 5 discriminator 10 view .LVU465
 1784 0a2a 0422     		movs	r2, #4
 1785 0a2c B3E7     		b	.L45
 1786              	.L211:
 200:Drivers/STM32F4xx_HAL_Driver/Src/stm32f4xx_hal_dma_ex.c ****     __HAL_DMA_CLEAR_FLAG (hdma, __HAL_DMA_GET_FE_FLAG_INDEX(hdma));
 1787              		.loc 1 200 5 discriminator 12 view .LVU466
 1788 0a2e 4FF48072 		mov	r2, #256
 1789 0a32 B0E7     		b	.L45
 1790              	.L212:
 200:Drivers/STM32F4xx_HAL_Driver/Src/stm32f4xx_hal_dma_ex.c ****     __HAL_DMA_CLEAR_FLAG (hdma, __HAL_DMA_GET_FE_FLAG_INDEX(hdma));
 1791              		.loc 1 200 5 discriminator 14 view .LVU467
 1792 0a34 4FF48072 		mov	r2, #256
 1793 0a38 ADE7     		b	.L45
 1794              	.L213:
 200:Drivers/STM32F4xx_HAL_Driver/Src/stm32f4xx_hal_dma_ex.c ****     __HAL_DMA_CLEAR_FLAG (hdma, __HAL_DMA_GET_FE_FLAG_INDEX(hdma));
 1795              		.loc 1 200 5 discriminator 16 view .LVU468
 1796 0a3a 4FF48072 		mov	r2, #256
 1797 0a3e AAE7     		b	.L45
 1798              	.L214:
 200:Drivers/STM32F4xx_HAL_Driver/Src/stm32f4xx_hal_dma_ex.c ****     __HAL_DMA_CLEAR_FLAG (hdma, __HAL_DMA_GET_FE_FLAG_INDEX(hdma));
 1799              		.loc 1 200 5 discriminator 18 view .LVU469
 1800 0a40 4FF48072 		mov	r2, #256
 1801 0a44 A7E7     		b	.L45
 1802              	.L215:
 200:Drivers/STM32F4xx_HAL_Driver/Src/stm32f4xx_hal_dma_ex.c ****     __HAL_DMA_CLEAR_FLAG (hdma, __HAL_DMA_GET_FE_FLAG_INDEX(hdma));
 1803              		.loc 1 200 5 discriminator 20 view .LVU470
 1804 0a46 4FF48022 		mov	r2, #262144
 1805 0a4a A4E7     		b	.L45
 1806              	.L216:
 200:Drivers/STM32F4xx_HAL_Driver/Src/stm32f4xx_hal_dma_ex.c ****     __HAL_DMA_CLEAR_FLAG (hdma, __HAL_DMA_GET_FE_FLAG_INDEX(hdma));
 1807              		.loc 1 200 5 discriminator 22 view .LVU471
 1808 0a4c 4FF48022 		mov	r2, #262144
 1809 0a50 A1E7     		b	.L45
 1810              	.L217:
 200:Drivers/STM32F4xx_HAL_Driver/Src/stm32f4xx_hal_dma_ex.c ****     __HAL_DMA_CLEAR_FLAG (hdma, __HAL_DMA_GET_FE_FLAG_INDEX(hdma));
 1811              		.loc 1 200 5 discriminator 24 view .LVU472
ARM GAS  /tmp/ccsCpbFO.s 			page 46


 1812 0a52 4FF48022 		mov	r2, #262144
 1813 0a56 9EE7     		b	.L45
 1814              	.L44:
 200:Drivers/STM32F4xx_HAL_Driver/Src/stm32f4xx_hal_dma_ex.c ****     __HAL_DMA_CLEAR_FLAG (hdma, __HAL_DMA_GET_FE_FLAG_INDEX(hdma));
 1815              		.loc 1 200 5 discriminator 2 view .LVU473
 1816 0a58 594A     		ldr	r2, .L333+16
 1817 0a5a 9342     		cmp	r3, r2
 1818 0a5c 53D9     		bls	.L47
 200:Drivers/STM32F4xx_HAL_Driver/Src/stm32f4xx_hal_dma_ex.c ****     __HAL_DMA_CLEAR_FLAG (hdma, __HAL_DMA_GET_FE_FLAG_INDEX(hdma));
 1819              		.loc 1 200 5 discriminator 51 view .LVU474
 1820 0a5e A83A     		subs	r2, r2, #168
 1821 0a60 9342     		cmp	r3, r2
 1822 0a62 31D0     		beq	.L219
 200:Drivers/STM32F4xx_HAL_Driver/Src/stm32f4xx_hal_dma_ex.c ****     __HAL_DMA_CLEAR_FLAG (hdma, __HAL_DMA_GET_FE_FLAG_INDEX(hdma));
 1823              		.loc 1 200 5 discriminator 53 view .LVU475
 1824 0a64 02F58062 		add	r2, r2, #1024
 1825 0a68 9342     		cmp	r3, r2
 1826 0a6a 31D0     		beq	.L220
 200:Drivers/STM32F4xx_HAL_Driver/Src/stm32f4xx_hal_dma_ex.c ****     __HAL_DMA_CLEAR_FLAG (hdma, __HAL_DMA_GET_FE_FLAG_INDEX(hdma));
 1827              		.loc 1 200 5 discriminator 55 view .LVU476
 1828 0a6c A2F56872 		sub	r2, r2, #928
 1829 0a70 9342     		cmp	r3, r2
 1830 0a72 2FD0     		beq	.L221
 200:Drivers/STM32F4xx_HAL_Driver/Src/stm32f4xx_hal_dma_ex.c ****     __HAL_DMA_CLEAR_FLAG (hdma, __HAL_DMA_GET_FE_FLAG_INDEX(hdma));
 1831              		.loc 1 200 5 discriminator 57 view .LVU477
 1832 0a74 02F58062 		add	r2, r2, #1024
 1833 0a78 9342     		cmp	r3, r2
 1834 0a7a 2DD0     		beq	.L222
 200:Drivers/STM32F4xx_HAL_Driver/Src/stm32f4xx_hal_dma_ex.c ****     __HAL_DMA_CLEAR_FLAG (hdma, __HAL_DMA_GET_FE_FLAG_INDEX(hdma));
 1835              		.loc 1 200 5 discriminator 59 view .LVU478
 1836 0a7c A2F58962 		sub	r2, r2, #1096
 1837 0a80 9342     		cmp	r3, r2
 1838 0a82 2BD0     		beq	.L223
 200:Drivers/STM32F4xx_HAL_Driver/Src/stm32f4xx_hal_dma_ex.c ****     __HAL_DMA_CLEAR_FLAG (hdma, __HAL_DMA_GET_FE_FLAG_INDEX(hdma));
 1839              		.loc 1 200 5 discriminator 61 view .LVU479
 1840 0a84 02F58062 		add	r2, r2, #1024
 1841 0a88 9342     		cmp	r3, r2
 1842 0a8a 2AD0     		beq	.L224
 200:Drivers/STM32F4xx_HAL_Driver/Src/stm32f4xx_hal_dma_ex.c ****     __HAL_DMA_CLEAR_FLAG (hdma, __HAL_DMA_GET_FE_FLAG_INDEX(hdma));
 1843              		.loc 1 200 5 discriminator 63 view .LVU480
 1844 0a8c A2F56872 		sub	r2, r2, #928
 1845 0a90 9342     		cmp	r3, r2
 1846 0a92 29D0     		beq	.L225
 200:Drivers/STM32F4xx_HAL_Driver/Src/stm32f4xx_hal_dma_ex.c ****     __HAL_DMA_CLEAR_FLAG (hdma, __HAL_DMA_GET_FE_FLAG_INDEX(hdma));
 1847              		.loc 1 200 5 discriminator 65 view .LVU481
 1848 0a94 02F58062 		add	r2, r2, #1024
 1849 0a98 9342     		cmp	r3, r2
 1850 0a9a 28D0     		beq	.L226
 200:Drivers/STM32F4xx_HAL_Driver/Src/stm32f4xx_hal_dma_ex.c ****     __HAL_DMA_CLEAR_FLAG (hdma, __HAL_DMA_GET_FE_FLAG_INDEX(hdma));
 1851              		.loc 1 200 5 discriminator 67 view .LVU482
 1852 0a9c A2F58962 		sub	r2, r2, #1096
 1853 0aa0 9342     		cmp	r3, r2
 1854 0aa2 27D0     		beq	.L227
 200:Drivers/STM32F4xx_HAL_Driver/Src/stm32f4xx_hal_dma_ex.c ****     __HAL_DMA_CLEAR_FLAG (hdma, __HAL_DMA_GET_FE_FLAG_INDEX(hdma));
 1855              		.loc 1 200 5 discriminator 69 view .LVU483
 1856 0aa4 02F58062 		add	r2, r2, #1024
 1857 0aa8 9342     		cmp	r3, r2
ARM GAS  /tmp/ccsCpbFO.s 			page 47


 1858 0aaa 26D0     		beq	.L228
 200:Drivers/STM32F4xx_HAL_Driver/Src/stm32f4xx_hal_dma_ex.c ****     __HAL_DMA_CLEAR_FLAG (hdma, __HAL_DMA_GET_FE_FLAG_INDEX(hdma));
 1859              		.loc 1 200 5 discriminator 71 view .LVU484
 1860 0aac A2F56872 		sub	r2, r2, #928
 1861 0ab0 9342     		cmp	r3, r2
 1862 0ab2 25D0     		beq	.L229
 200:Drivers/STM32F4xx_HAL_Driver/Src/stm32f4xx_hal_dma_ex.c ****     __HAL_DMA_CLEAR_FLAG (hdma, __HAL_DMA_GET_FE_FLAG_INDEX(hdma));
 1863              		.loc 1 200 5 discriminator 73 view .LVU485
 1864 0ab4 02F58062 		add	r2, r2, #1024
 1865 0ab8 9342     		cmp	r3, r2
 1866 0aba 02D0     		beq	.L320
 200:Drivers/STM32F4xx_HAL_Driver/Src/stm32f4xx_hal_dma_ex.c ****     __HAL_DMA_CLEAR_FLAG (hdma, __HAL_DMA_GET_FE_FLAG_INDEX(hdma));
 1867              		.loc 1 200 5 discriminator 76 view .LVU486
 1868 0abc 4FF08073 		mov	r3, #16777216
 1869 0ac0 03E0     		b	.L48
 1870              	.L320:
 200:Drivers/STM32F4xx_HAL_Driver/Src/stm32f4xx_hal_dma_ex.c ****     __HAL_DMA_CLEAR_FLAG (hdma, __HAL_DMA_GET_FE_FLAG_INDEX(hdma));
 1871              		.loc 1 200 5 discriminator 75 view .LVU487
 1872 0ac2 4FF48023 		mov	r3, #262144
 1873 0ac6 00E0     		b	.L48
 1874              	.L219:
 200:Drivers/STM32F4xx_HAL_Driver/Src/stm32f4xx_hal_dma_ex.c ****     __HAL_DMA_CLEAR_FLAG (hdma, __HAL_DMA_GET_FE_FLAG_INDEX(hdma));
 1875              		.loc 1 200 5 discriminator 54 view .LVU488
 1876 0ac8 0423     		movs	r3, #4
 1877              	.L48:
 200:Drivers/STM32F4xx_HAL_Driver/Src/stm32f4xx_hal_dma_ex.c ****     __HAL_DMA_CLEAR_FLAG (hdma, __HAL_DMA_GET_FE_FLAG_INDEX(hdma));
 1878              		.loc 1 200 5 discriminator 100 view .LVU489
 1879 0aca 3B4A     		ldr	r2, .L333+8
 1880 0acc 9360     		str	r3, [r2, #8]
 1881 0ace 64E7     		b	.L46
 1882              	.L220:
 200:Drivers/STM32F4xx_HAL_Driver/Src/stm32f4xx_hal_dma_ex.c ****     __HAL_DMA_CLEAR_FLAG (hdma, __HAL_DMA_GET_FE_FLAG_INDEX(hdma));
 1883              		.loc 1 200 5 discriminator 56 view .LVU490
 1884 0ad0 0423     		movs	r3, #4
 1885 0ad2 FAE7     		b	.L48
 1886              	.L221:
 200:Drivers/STM32F4xx_HAL_Driver/Src/stm32f4xx_hal_dma_ex.c ****     __HAL_DMA_CLEAR_FLAG (hdma, __HAL_DMA_GET_FE_FLAG_INDEX(hdma));
 1887              		.loc 1 200 5 discriminator 58 view .LVU491
 1888 0ad4 0423     		movs	r3, #4
 1889 0ad6 F8E7     		b	.L48
 1890              	.L222:
 200:Drivers/STM32F4xx_HAL_Driver/Src/stm32f4xx_hal_dma_ex.c ****     __HAL_DMA_CLEAR_FLAG (hdma, __HAL_DMA_GET_FE_FLAG_INDEX(hdma));
 1891              		.loc 1 200 5 discriminator 60 view .LVU492
 1892 0ad8 0423     		movs	r3, #4
 1893 0ada F6E7     		b	.L48
 1894              	.L223:
 200:Drivers/STM32F4xx_HAL_Driver/Src/stm32f4xx_hal_dma_ex.c ****     __HAL_DMA_CLEAR_FLAG (hdma, __HAL_DMA_GET_FE_FLAG_INDEX(hdma));
 1895              		.loc 1 200 5 discriminator 62 view .LVU493
 1896 0adc 4FF48073 		mov	r3, #256
 1897 0ae0 F3E7     		b	.L48
 1898              	.L224:
 200:Drivers/STM32F4xx_HAL_Driver/Src/stm32f4xx_hal_dma_ex.c ****     __HAL_DMA_CLEAR_FLAG (hdma, __HAL_DMA_GET_FE_FLAG_INDEX(hdma));
 1899              		.loc 1 200 5 discriminator 64 view .LVU494
 1900 0ae2 4FF48073 		mov	r3, #256
 1901 0ae6 F0E7     		b	.L48
 1902              	.L225:
 200:Drivers/STM32F4xx_HAL_Driver/Src/stm32f4xx_hal_dma_ex.c ****     __HAL_DMA_CLEAR_FLAG (hdma, __HAL_DMA_GET_FE_FLAG_INDEX(hdma));
ARM GAS  /tmp/ccsCpbFO.s 			page 48


 1903              		.loc 1 200 5 discriminator 66 view .LVU495
 1904 0ae8 4FF48073 		mov	r3, #256
 1905 0aec EDE7     		b	.L48
 1906              	.L226:
 200:Drivers/STM32F4xx_HAL_Driver/Src/stm32f4xx_hal_dma_ex.c ****     __HAL_DMA_CLEAR_FLAG (hdma, __HAL_DMA_GET_FE_FLAG_INDEX(hdma));
 1907              		.loc 1 200 5 discriminator 68 view .LVU496
 1908 0aee 4FF48073 		mov	r3, #256
 1909 0af2 EAE7     		b	.L48
 1910              	.L227:
 200:Drivers/STM32F4xx_HAL_Driver/Src/stm32f4xx_hal_dma_ex.c ****     __HAL_DMA_CLEAR_FLAG (hdma, __HAL_DMA_GET_FE_FLAG_INDEX(hdma));
 1911              		.loc 1 200 5 discriminator 70 view .LVU497
 1912 0af4 4FF48023 		mov	r3, #262144
 1913 0af8 E7E7     		b	.L48
 1914              	.L228:
 200:Drivers/STM32F4xx_HAL_Driver/Src/stm32f4xx_hal_dma_ex.c ****     __HAL_DMA_CLEAR_FLAG (hdma, __HAL_DMA_GET_FE_FLAG_INDEX(hdma));
 1915              		.loc 1 200 5 discriminator 72 view .LVU498
 1916 0afa 4FF48023 		mov	r3, #262144
 1917 0afe E4E7     		b	.L48
 1918              	.L229:
 200:Drivers/STM32F4xx_HAL_Driver/Src/stm32f4xx_hal_dma_ex.c ****     __HAL_DMA_CLEAR_FLAG (hdma, __HAL_DMA_GET_FE_FLAG_INDEX(hdma));
 1919              		.loc 1 200 5 discriminator 74 view .LVU499
 1920 0b00 4FF48023 		mov	r3, #262144
 1921 0b04 E1E7     		b	.L48
 1922              	.L47:
 200:Drivers/STM32F4xx_HAL_Driver/Src/stm32f4xx_hal_dma_ex.c ****     __HAL_DMA_CLEAR_FLAG (hdma, __HAL_DMA_GET_FE_FLAG_INDEX(hdma));
 1923              		.loc 1 200 5 discriminator 52 view .LVU500
 1924 0b06 2F4A     		ldr	r2, .L333+20
 1925 0b08 9342     		cmp	r3, r2
 1926 0b0a 60D9     		bls	.L49
 200:Drivers/STM32F4xx_HAL_Driver/Src/stm32f4xx_hal_dma_ex.c ****     __HAL_DMA_CLEAR_FLAG (hdma, __HAL_DMA_GET_FE_FLAG_INDEX(hdma));
 1927              		.loc 1 200 5 discriminator 102 view .LVU501
 1928 0b0c 483A     		subs	r2, r2, #72
 1929 0b0e 9342     		cmp	r3, r2
 1930 0b10 31D0     		beq	.L231
 200:Drivers/STM32F4xx_HAL_Driver/Src/stm32f4xx_hal_dma_ex.c ****     __HAL_DMA_CLEAR_FLAG (hdma, __HAL_DMA_GET_FE_FLAG_INDEX(hdma));
 1931              		.loc 1 200 5 discriminator 104 view .LVU502
 1932 0b12 02F58062 		add	r2, r2, #1024
 1933 0b16 9342     		cmp	r3, r2
 1934 0b18 31D0     		beq	.L232
 200:Drivers/STM32F4xx_HAL_Driver/Src/stm32f4xx_hal_dma_ex.c ****     __HAL_DMA_CLEAR_FLAG (hdma, __HAL_DMA_GET_FE_FLAG_INDEX(hdma));
 1935              		.loc 1 200 5 discriminator 106 view .LVU503
 1936 0b1a A2F56872 		sub	r2, r2, #928
 1937 0b1e 9342     		cmp	r3, r2
 1938 0b20 2FD0     		beq	.L233
 200:Drivers/STM32F4xx_HAL_Driver/Src/stm32f4xx_hal_dma_ex.c ****     __HAL_DMA_CLEAR_FLAG (hdma, __HAL_DMA_GET_FE_FLAG_INDEX(hdma));
 1939              		.loc 1 200 5 discriminator 108 view .LVU504
 1940 0b22 02F58062 		add	r2, r2, #1024
 1941 0b26 9342     		cmp	r3, r2
 1942 0b28 2DD0     		beq	.L234
 200:Drivers/STM32F4xx_HAL_Driver/Src/stm32f4xx_hal_dma_ex.c ****     __HAL_DMA_CLEAR_FLAG (hdma, __HAL_DMA_GET_FE_FLAG_INDEX(hdma));
 1943              		.loc 1 200 5 discriminator 110 view .LVU505
 1944 0b2a A2F58962 		sub	r2, r2, #1096
 1945 0b2e 9342     		cmp	r3, r2
 1946 0b30 2BD0     		beq	.L235
 200:Drivers/STM32F4xx_HAL_Driver/Src/stm32f4xx_hal_dma_ex.c ****     __HAL_DMA_CLEAR_FLAG (hdma, __HAL_DMA_GET_FE_FLAG_INDEX(hdma));
 1947              		.loc 1 200 5 discriminator 112 view .LVU506
 1948 0b32 02F58062 		add	r2, r2, #1024
ARM GAS  /tmp/ccsCpbFO.s 			page 49


 1949 0b36 9342     		cmp	r3, r2
 1950 0b38 2AD0     		beq	.L236
 200:Drivers/STM32F4xx_HAL_Driver/Src/stm32f4xx_hal_dma_ex.c ****     __HAL_DMA_CLEAR_FLAG (hdma, __HAL_DMA_GET_FE_FLAG_INDEX(hdma));
 1951              		.loc 1 200 5 discriminator 114 view .LVU507
 1952 0b3a A2F56872 		sub	r2, r2, #928
 1953 0b3e 9342     		cmp	r3, r2
 1954 0b40 29D0     		beq	.L237
 200:Drivers/STM32F4xx_HAL_Driver/Src/stm32f4xx_hal_dma_ex.c ****     __HAL_DMA_CLEAR_FLAG (hdma, __HAL_DMA_GET_FE_FLAG_INDEX(hdma));
 1955              		.loc 1 200 5 discriminator 116 view .LVU508
 1956 0b42 02F58062 		add	r2, r2, #1024
 1957 0b46 9342     		cmp	r3, r2
 1958 0b48 28D0     		beq	.L238
 200:Drivers/STM32F4xx_HAL_Driver/Src/stm32f4xx_hal_dma_ex.c ****     __HAL_DMA_CLEAR_FLAG (hdma, __HAL_DMA_GET_FE_FLAG_INDEX(hdma));
 1959              		.loc 1 200 5 discriminator 118 view .LVU509
 1960 0b4a A2F58962 		sub	r2, r2, #1096
 1961 0b4e 9342     		cmp	r3, r2
 1962 0b50 27D0     		beq	.L239
 200:Drivers/STM32F4xx_HAL_Driver/Src/stm32f4xx_hal_dma_ex.c ****     __HAL_DMA_CLEAR_FLAG (hdma, __HAL_DMA_GET_FE_FLAG_INDEX(hdma));
 1963              		.loc 1 200 5 discriminator 120 view .LVU510
 1964 0b52 02F58062 		add	r2, r2, #1024
 1965 0b56 9342     		cmp	r3, r2
 1966 0b58 26D0     		beq	.L240
 200:Drivers/STM32F4xx_HAL_Driver/Src/stm32f4xx_hal_dma_ex.c ****     __HAL_DMA_CLEAR_FLAG (hdma, __HAL_DMA_GET_FE_FLAG_INDEX(hdma));
 1967              		.loc 1 200 5 discriminator 122 view .LVU511
 1968 0b5a A2F56872 		sub	r2, r2, #928
 1969 0b5e 9342     		cmp	r3, r2
 1970 0b60 32D0     		beq	.L241
 200:Drivers/STM32F4xx_HAL_Driver/Src/stm32f4xx_hal_dma_ex.c ****     __HAL_DMA_CLEAR_FLAG (hdma, __HAL_DMA_GET_FE_FLAG_INDEX(hdma));
 1971              		.loc 1 200 5 discriminator 124 view .LVU512
 1972 0b62 02F58062 		add	r2, r2, #1024
 1973 0b66 9342     		cmp	r3, r2
 1974 0b68 02D0     		beq	.L321
 200:Drivers/STM32F4xx_HAL_Driver/Src/stm32f4xx_hal_dma_ex.c ****     __HAL_DMA_CLEAR_FLAG (hdma, __HAL_DMA_GET_FE_FLAG_INDEX(hdma));
 1975              		.loc 1 200 5 discriminator 127 view .LVU513
 1976 0b6a 4FF08073 		mov	r3, #16777216
 1977 0b6e 03E0     		b	.L50
 1978              	.L321:
 200:Drivers/STM32F4xx_HAL_Driver/Src/stm32f4xx_hal_dma_ex.c ****     __HAL_DMA_CLEAR_FLAG (hdma, __HAL_DMA_GET_FE_FLAG_INDEX(hdma));
 1979              		.loc 1 200 5 discriminator 126 view .LVU514
 1980 0b70 4FF48023 		mov	r3, #262144
 1981 0b74 00E0     		b	.L50
 1982              	.L231:
 200:Drivers/STM32F4xx_HAL_Driver/Src/stm32f4xx_hal_dma_ex.c ****     __HAL_DMA_CLEAR_FLAG (hdma, __HAL_DMA_GET_FE_FLAG_INDEX(hdma));
 1983              		.loc 1 200 5 discriminator 105 view .LVU515
 1984 0b76 0423     		movs	r3, #4
 1985              	.L50:
 200:Drivers/STM32F4xx_HAL_Driver/Src/stm32f4xx_hal_dma_ex.c ****     __HAL_DMA_CLEAR_FLAG (hdma, __HAL_DMA_GET_FE_FLAG_INDEX(hdma));
 1986              		.loc 1 200 5 discriminator 151 view .LVU516
 1987 0b78 0E4A     		ldr	r2, .L333+4
 1988 0b7a D360     		str	r3, [r2, #12]
 1989 0b7c 0DE7     		b	.L46
 1990              	.L232:
 200:Drivers/STM32F4xx_HAL_Driver/Src/stm32f4xx_hal_dma_ex.c ****     __HAL_DMA_CLEAR_FLAG (hdma, __HAL_DMA_GET_FE_FLAG_INDEX(hdma));
 1991              		.loc 1 200 5 discriminator 107 view .LVU517
 1992 0b7e 0423     		movs	r3, #4
 1993 0b80 FAE7     		b	.L50
 1994              	.L233:
ARM GAS  /tmp/ccsCpbFO.s 			page 50


 200:Drivers/STM32F4xx_HAL_Driver/Src/stm32f4xx_hal_dma_ex.c ****     __HAL_DMA_CLEAR_FLAG (hdma, __HAL_DMA_GET_FE_FLAG_INDEX(hdma));
 1995              		.loc 1 200 5 discriminator 109 view .LVU518
 1996 0b82 0423     		movs	r3, #4
 1997 0b84 F8E7     		b	.L50
 1998              	.L234:
 200:Drivers/STM32F4xx_HAL_Driver/Src/stm32f4xx_hal_dma_ex.c ****     __HAL_DMA_CLEAR_FLAG (hdma, __HAL_DMA_GET_FE_FLAG_INDEX(hdma));
 1999              		.loc 1 200 5 discriminator 111 view .LVU519
 2000 0b86 0423     		movs	r3, #4
 2001 0b88 F6E7     		b	.L50
 2002              	.L235:
 200:Drivers/STM32F4xx_HAL_Driver/Src/stm32f4xx_hal_dma_ex.c ****     __HAL_DMA_CLEAR_FLAG (hdma, __HAL_DMA_GET_FE_FLAG_INDEX(hdma));
 2003              		.loc 1 200 5 discriminator 113 view .LVU520
 2004 0b8a 4FF48073 		mov	r3, #256
 2005 0b8e F3E7     		b	.L50
 2006              	.L236:
 200:Drivers/STM32F4xx_HAL_Driver/Src/stm32f4xx_hal_dma_ex.c ****     __HAL_DMA_CLEAR_FLAG (hdma, __HAL_DMA_GET_FE_FLAG_INDEX(hdma));
 2007              		.loc 1 200 5 discriminator 115 view .LVU521
 2008 0b90 4FF48073 		mov	r3, #256
 2009 0b94 F0E7     		b	.L50
 2010              	.L237:
 200:Drivers/STM32F4xx_HAL_Driver/Src/stm32f4xx_hal_dma_ex.c ****     __HAL_DMA_CLEAR_FLAG (hdma, __HAL_DMA_GET_FE_FLAG_INDEX(hdma));
 2011              		.loc 1 200 5 discriminator 117 view .LVU522
 2012 0b96 4FF48073 		mov	r3, #256
 2013 0b9a EDE7     		b	.L50
 2014              	.L238:
 200:Drivers/STM32F4xx_HAL_Driver/Src/stm32f4xx_hal_dma_ex.c ****     __HAL_DMA_CLEAR_FLAG (hdma, __HAL_DMA_GET_FE_FLAG_INDEX(hdma));
 2015              		.loc 1 200 5 discriminator 119 view .LVU523
 2016 0b9c 4FF48073 		mov	r3, #256
 2017 0ba0 EAE7     		b	.L50
 2018              	.L239:
 200:Drivers/STM32F4xx_HAL_Driver/Src/stm32f4xx_hal_dma_ex.c ****     __HAL_DMA_CLEAR_FLAG (hdma, __HAL_DMA_GET_FE_FLAG_INDEX(hdma));
 2019              		.loc 1 200 5 discriminator 121 view .LVU524
 2020 0ba2 4FF48023 		mov	r3, #262144
 2021 0ba6 E7E7     		b	.L50
 2022              	.L240:
 200:Drivers/STM32F4xx_HAL_Driver/Src/stm32f4xx_hal_dma_ex.c ****     __HAL_DMA_CLEAR_FLAG (hdma, __HAL_DMA_GET_FE_FLAG_INDEX(hdma));
 2023              		.loc 1 200 5 discriminator 123 view .LVU525
 2024 0ba8 4FF48023 		mov	r3, #262144
 2025 0bac E4E7     		b	.L50
 2026              	.L334:
 2027 0bae 00BF     		.align	2
 2028              	.L333:
 2029 0bb0 10600240 		.word	1073897488
 2030 0bb4 00600240 		.word	1073897472
 2031 0bb8 00640240 		.word	1073898496
 2032 0bbc 58640240 		.word	1073898584
 2033 0bc0 B8600240 		.word	1073897656
 2034 0bc4 58600240 		.word	1073897560
 2035              	.L241:
 200:Drivers/STM32F4xx_HAL_Driver/Src/stm32f4xx_hal_dma_ex.c ****     __HAL_DMA_CLEAR_FLAG (hdma, __HAL_DMA_GET_FE_FLAG_INDEX(hdma));
 2036              		.loc 1 200 5 discriminator 125 view .LVU526
 2037 0bc8 4FF48023 		mov	r3, #262144
 2038 0bcc D4E7     		b	.L50
 2039              	.L49:
 200:Drivers/STM32F4xx_HAL_Driver/Src/stm32f4xx_hal_dma_ex.c ****     __HAL_DMA_CLEAR_FLAG (hdma, __HAL_DMA_GET_FE_FLAG_INDEX(hdma));
 2040              		.loc 1 200 5 discriminator 103 view .LVU527
 2041 0bce 994A     		ldr	r2, .L335
ARM GAS  /tmp/ccsCpbFO.s 			page 51


 2042 0bd0 9342     		cmp	r3, r2
 2043 0bd2 31D0     		beq	.L243
 200:Drivers/STM32F4xx_HAL_Driver/Src/stm32f4xx_hal_dma_ex.c ****     __HAL_DMA_CLEAR_FLAG (hdma, __HAL_DMA_GET_FE_FLAG_INDEX(hdma));
 2044              		.loc 1 200 5 discriminator 153 view .LVU528
 2045 0bd4 02F58062 		add	r2, r2, #1024
 2046 0bd8 9342     		cmp	r3, r2
 2047 0bda 31D0     		beq	.L244
 200:Drivers/STM32F4xx_HAL_Driver/Src/stm32f4xx_hal_dma_ex.c ****     __HAL_DMA_CLEAR_FLAG (hdma, __HAL_DMA_GET_FE_FLAG_INDEX(hdma));
 2048              		.loc 1 200 5 discriminator 155 view .LVU529
 2049 0bdc A2F56872 		sub	r2, r2, #928
 2050 0be0 9342     		cmp	r3, r2
 2051 0be2 2FD0     		beq	.L245
 200:Drivers/STM32F4xx_HAL_Driver/Src/stm32f4xx_hal_dma_ex.c ****     __HAL_DMA_CLEAR_FLAG (hdma, __HAL_DMA_GET_FE_FLAG_INDEX(hdma));
 2052              		.loc 1 200 5 discriminator 157 view .LVU530
 2053 0be4 02F58062 		add	r2, r2, #1024
 2054 0be8 9342     		cmp	r3, r2
 2055 0bea 2DD0     		beq	.L246
 200:Drivers/STM32F4xx_HAL_Driver/Src/stm32f4xx_hal_dma_ex.c ****     __HAL_DMA_CLEAR_FLAG (hdma, __HAL_DMA_GET_FE_FLAG_INDEX(hdma));
 2056              		.loc 1 200 5 discriminator 159 view .LVU531
 2057 0bec A2F58962 		sub	r2, r2, #1096
 2058 0bf0 9342     		cmp	r3, r2
 2059 0bf2 2BD0     		beq	.L247
 200:Drivers/STM32F4xx_HAL_Driver/Src/stm32f4xx_hal_dma_ex.c ****     __HAL_DMA_CLEAR_FLAG (hdma, __HAL_DMA_GET_FE_FLAG_INDEX(hdma));
 2060              		.loc 1 200 5 discriminator 161 view .LVU532
 2061 0bf4 02F58062 		add	r2, r2, #1024
 2062 0bf8 9342     		cmp	r3, r2
 2063 0bfa 2AD0     		beq	.L248
 200:Drivers/STM32F4xx_HAL_Driver/Src/stm32f4xx_hal_dma_ex.c ****     __HAL_DMA_CLEAR_FLAG (hdma, __HAL_DMA_GET_FE_FLAG_INDEX(hdma));
 2064              		.loc 1 200 5 discriminator 163 view .LVU533
 2065 0bfc A2F56872 		sub	r2, r2, #928
 2066 0c00 9342     		cmp	r3, r2
 2067 0c02 29D0     		beq	.L249
 200:Drivers/STM32F4xx_HAL_Driver/Src/stm32f4xx_hal_dma_ex.c ****     __HAL_DMA_CLEAR_FLAG (hdma, __HAL_DMA_GET_FE_FLAG_INDEX(hdma));
 2068              		.loc 1 200 5 discriminator 165 view .LVU534
 2069 0c04 02F58062 		add	r2, r2, #1024
 2070 0c08 9342     		cmp	r3, r2
 2071 0c0a 28D0     		beq	.L250
 200:Drivers/STM32F4xx_HAL_Driver/Src/stm32f4xx_hal_dma_ex.c ****     __HAL_DMA_CLEAR_FLAG (hdma, __HAL_DMA_GET_FE_FLAG_INDEX(hdma));
 2072              		.loc 1 200 5 discriminator 167 view .LVU535
 2073 0c0c A2F58962 		sub	r2, r2, #1096
 2074 0c10 9342     		cmp	r3, r2
 2075 0c12 27D0     		beq	.L251
 200:Drivers/STM32F4xx_HAL_Driver/Src/stm32f4xx_hal_dma_ex.c ****     __HAL_DMA_CLEAR_FLAG (hdma, __HAL_DMA_GET_FE_FLAG_INDEX(hdma));
 2076              		.loc 1 200 5 discriminator 169 view .LVU536
 2077 0c14 02F58062 		add	r2, r2, #1024
 2078 0c18 9342     		cmp	r3, r2
 2079 0c1a 26D0     		beq	.L252
 200:Drivers/STM32F4xx_HAL_Driver/Src/stm32f4xx_hal_dma_ex.c ****     __HAL_DMA_CLEAR_FLAG (hdma, __HAL_DMA_GET_FE_FLAG_INDEX(hdma));
 2080              		.loc 1 200 5 discriminator 171 view .LVU537
 2081 0c1c A2F56872 		sub	r2, r2, #928
 2082 0c20 9342     		cmp	r3, r2
 2083 0c22 25D0     		beq	.L253
 200:Drivers/STM32F4xx_HAL_Driver/Src/stm32f4xx_hal_dma_ex.c ****     __HAL_DMA_CLEAR_FLAG (hdma, __HAL_DMA_GET_FE_FLAG_INDEX(hdma));
 2084              		.loc 1 200 5 discriminator 173 view .LVU538
 2085 0c24 02F58062 		add	r2, r2, #1024
 2086 0c28 9342     		cmp	r3, r2
 2087 0c2a 02D0     		beq	.L322
ARM GAS  /tmp/ccsCpbFO.s 			page 52


 200:Drivers/STM32F4xx_HAL_Driver/Src/stm32f4xx_hal_dma_ex.c ****     __HAL_DMA_CLEAR_FLAG (hdma, __HAL_DMA_GET_FE_FLAG_INDEX(hdma));
 2088              		.loc 1 200 5 discriminator 176 view .LVU539
 2089 0c2c 4FF08073 		mov	r3, #16777216
 2090 0c30 03E0     		b	.L51
 2091              	.L322:
 200:Drivers/STM32F4xx_HAL_Driver/Src/stm32f4xx_hal_dma_ex.c ****     __HAL_DMA_CLEAR_FLAG (hdma, __HAL_DMA_GET_FE_FLAG_INDEX(hdma));
 2092              		.loc 1 200 5 discriminator 175 view .LVU540
 2093 0c32 4FF48023 		mov	r3, #262144
 2094 0c36 00E0     		b	.L51
 2095              	.L243:
 200:Drivers/STM32F4xx_HAL_Driver/Src/stm32f4xx_hal_dma_ex.c ****     __HAL_DMA_CLEAR_FLAG (hdma, __HAL_DMA_GET_FE_FLAG_INDEX(hdma));
 2096              		.loc 1 200 5 discriminator 154 view .LVU541
 2097 0c38 0423     		movs	r3, #4
 2098              	.L51:
 200:Drivers/STM32F4xx_HAL_Driver/Src/stm32f4xx_hal_dma_ex.c ****     __HAL_DMA_CLEAR_FLAG (hdma, __HAL_DMA_GET_FE_FLAG_INDEX(hdma));
 2099              		.loc 1 200 5 discriminator 200 view .LVU542
 2100 0c3a 7F4A     		ldr	r2, .L335+4
 2101 0c3c 9360     		str	r3, [r2, #8]
 2102 0c3e ACE6     		b	.L46
 2103              	.L244:
 200:Drivers/STM32F4xx_HAL_Driver/Src/stm32f4xx_hal_dma_ex.c ****     __HAL_DMA_CLEAR_FLAG (hdma, __HAL_DMA_GET_FE_FLAG_INDEX(hdma));
 2104              		.loc 1 200 5 discriminator 156 view .LVU543
 2105 0c40 0423     		movs	r3, #4
 2106 0c42 FAE7     		b	.L51
 2107              	.L245:
 200:Drivers/STM32F4xx_HAL_Driver/Src/stm32f4xx_hal_dma_ex.c ****     __HAL_DMA_CLEAR_FLAG (hdma, __HAL_DMA_GET_FE_FLAG_INDEX(hdma));
 2108              		.loc 1 200 5 discriminator 158 view .LVU544
 2109 0c44 0423     		movs	r3, #4
 2110 0c46 F8E7     		b	.L51
 2111              	.L246:
 200:Drivers/STM32F4xx_HAL_Driver/Src/stm32f4xx_hal_dma_ex.c ****     __HAL_DMA_CLEAR_FLAG (hdma, __HAL_DMA_GET_FE_FLAG_INDEX(hdma));
 2112              		.loc 1 200 5 discriminator 160 view .LVU545
 2113 0c48 0423     		movs	r3, #4
 2114 0c4a F6E7     		b	.L51
 2115              	.L247:
 200:Drivers/STM32F4xx_HAL_Driver/Src/stm32f4xx_hal_dma_ex.c ****     __HAL_DMA_CLEAR_FLAG (hdma, __HAL_DMA_GET_FE_FLAG_INDEX(hdma));
 2116              		.loc 1 200 5 discriminator 162 view .LVU546
 2117 0c4c 4FF48073 		mov	r3, #256
 2118 0c50 F3E7     		b	.L51
 2119              	.L248:
 200:Drivers/STM32F4xx_HAL_Driver/Src/stm32f4xx_hal_dma_ex.c ****     __HAL_DMA_CLEAR_FLAG (hdma, __HAL_DMA_GET_FE_FLAG_INDEX(hdma));
 2120              		.loc 1 200 5 discriminator 164 view .LVU547
 2121 0c52 4FF48073 		mov	r3, #256
 2122 0c56 F0E7     		b	.L51
 2123              	.L249:
 200:Drivers/STM32F4xx_HAL_Driver/Src/stm32f4xx_hal_dma_ex.c ****     __HAL_DMA_CLEAR_FLAG (hdma, __HAL_DMA_GET_FE_FLAG_INDEX(hdma));
 2124              		.loc 1 200 5 discriminator 166 view .LVU548
 2125 0c58 4FF48073 		mov	r3, #256
 2126 0c5c EDE7     		b	.L51
 2127              	.L250:
 200:Drivers/STM32F4xx_HAL_Driver/Src/stm32f4xx_hal_dma_ex.c ****     __HAL_DMA_CLEAR_FLAG (hdma, __HAL_DMA_GET_FE_FLAG_INDEX(hdma));
 2128              		.loc 1 200 5 discriminator 168 view .LVU549
 2129 0c5e 4FF48073 		mov	r3, #256
 2130 0c62 EAE7     		b	.L51
 2131              	.L251:
 200:Drivers/STM32F4xx_HAL_Driver/Src/stm32f4xx_hal_dma_ex.c ****     __HAL_DMA_CLEAR_FLAG (hdma, __HAL_DMA_GET_FE_FLAG_INDEX(hdma));
 2132              		.loc 1 200 5 discriminator 170 view .LVU550
ARM GAS  /tmp/ccsCpbFO.s 			page 53


 2133 0c64 4FF48023 		mov	r3, #262144
 2134 0c68 E7E7     		b	.L51
 2135              	.L252:
 200:Drivers/STM32F4xx_HAL_Driver/Src/stm32f4xx_hal_dma_ex.c ****     __HAL_DMA_CLEAR_FLAG (hdma, __HAL_DMA_GET_FE_FLAG_INDEX(hdma));
 2136              		.loc 1 200 5 discriminator 172 view .LVU551
 2137 0c6a 4FF48023 		mov	r3, #262144
 2138 0c6e E4E7     		b	.L51
 2139              	.L253:
 200:Drivers/STM32F4xx_HAL_Driver/Src/stm32f4xx_hal_dma_ex.c ****     __HAL_DMA_CLEAR_FLAG (hdma, __HAL_DMA_GET_FE_FLAG_INDEX(hdma));
 2140              		.loc 1 200 5 discriminator 174 view .LVU552
 2141 0c70 4FF48023 		mov	r3, #262144
 2142 0c74 E1E7     		b	.L51
 2143              	.L319:
 201:Drivers/STM32F4xx_HAL_Driver/Src/stm32f4xx_hal_dma_ex.c **** 
 2144              		.loc 1 201 5 discriminator 25 view .LVU553
 2145 0c76 4FF48032 		mov	r2, #65536
 2146 0c7a 00E0     		b	.L53
 2147              	.L255:
 201:Drivers/STM32F4xx_HAL_Driver/Src/stm32f4xx_hal_dma_ex.c **** 
 2148              		.loc 1 201 5 discriminator 4 view .LVU554
 2149 0c7c 0122     		movs	r2, #1
 2150              	.L53:
 201:Drivers/STM32F4xx_HAL_Driver/Src/stm32f4xx_hal_dma_ex.c **** 
 2151              		.loc 1 201 5 discriminator 50 view .LVU555
 2152 0c7e 6F4B     		ldr	r3, .L335+8
 2153 0c80 DA60     		str	r2, [r3, #12]
 2154              	.L54:
 204:Drivers/STM32F4xx_HAL_Driver/Src/stm32f4xx_hal_dma_ex.c ****     hdma->Instance->FCR |= DMA_IT_FE;
 2155              		.loc 1 204 5 is_stmt 1 view .LVU556
 204:Drivers/STM32F4xx_HAL_Driver/Src/stm32f4xx_hal_dma_ex.c ****     hdma->Instance->FCR |= DMA_IT_FE;
 2156              		.loc 1 204 9 is_stmt 0 view .LVU557
 2157 0c82 2268     		ldr	r2, [r4]
 204:Drivers/STM32F4xx_HAL_Driver/Src/stm32f4xx_hal_dma_ex.c ****     hdma->Instance->FCR |= DMA_IT_FE;
 2158              		.loc 1 204 19 view .LVU558
 2159 0c84 1368     		ldr	r3, [r2]
 204:Drivers/STM32F4xx_HAL_Driver/Src/stm32f4xx_hal_dma_ex.c ****     hdma->Instance->FCR |= DMA_IT_FE;
 2160              		.loc 1 204 25 view .LVU559
 2161 0c86 43F01603 		orr	r3, r3, #22
 2162 0c8a 1360     		str	r3, [r2]
 205:Drivers/STM32F4xx_HAL_Driver/Src/stm32f4xx_hal_dma_ex.c ****     
 2163              		.loc 1 205 5 is_stmt 1 view .LVU560
 205:Drivers/STM32F4xx_HAL_Driver/Src/stm32f4xx_hal_dma_ex.c ****     
 2164              		.loc 1 205 9 is_stmt 0 view .LVU561
 2165 0c8c 2268     		ldr	r2, [r4]
 205:Drivers/STM32F4xx_HAL_Driver/Src/stm32f4xx_hal_dma_ex.c ****     
 2166              		.loc 1 205 19 view .LVU562
 2167 0c8e 5369     		ldr	r3, [r2, #20]
 205:Drivers/STM32F4xx_HAL_Driver/Src/stm32f4xx_hal_dma_ex.c ****     
 2168              		.loc 1 205 25 view .LVU563
 2169 0c90 43F08003 		orr	r3, r3, #128
 2170 0c94 5361     		str	r3, [r2, #20]
 207:Drivers/STM32F4xx_HAL_Driver/Src/stm32f4xx_hal_dma_ex.c ****     {
 2171              		.loc 1 207 5 is_stmt 1 view .LVU564
 207:Drivers/STM32F4xx_HAL_Driver/Src/stm32f4xx_hal_dma_ex.c ****     {
 2172              		.loc 1 207 13 is_stmt 0 view .LVU565
 2173 0c96 236C     		ldr	r3, [r4, #64]
 207:Drivers/STM32F4xx_HAL_Driver/Src/stm32f4xx_hal_dma_ex.c ****     {
ARM GAS  /tmp/ccsCpbFO.s 			page 54


 2174              		.loc 1 207 7 view .LVU566
 2175 0c98 002B     		cmp	r3, #0
 2176 0c9a 00F02581 		beq	.L323
 2177              	.L60:
 209:Drivers/STM32F4xx_HAL_Driver/Src/stm32f4xx_hal_dma_ex.c ****     }
 2178              		.loc 1 209 7 is_stmt 1 view .LVU567
 209:Drivers/STM32F4xx_HAL_Driver/Src/stm32f4xx_hal_dma_ex.c ****     }
 2179              		.loc 1 209 11 is_stmt 0 view .LVU568
 2180 0c9e 2268     		ldr	r2, [r4]
 209:Drivers/STM32F4xx_HAL_Driver/Src/stm32f4xx_hal_dma_ex.c ****     }
 2181              		.loc 1 209 21 view .LVU569
 2182 0ca0 1368     		ldr	r3, [r2]
 209:Drivers/STM32F4xx_HAL_Driver/Src/stm32f4xx_hal_dma_ex.c ****     }
 2183              		.loc 1 209 27 view .LVU570
 2184 0ca2 43F00803 		orr	r3, r3, #8
 2185 0ca6 1360     		str	r3, [r2]
 2186              	.L61:
 213:Drivers/STM32F4xx_HAL_Driver/Src/stm32f4xx_hal_dma_ex.c ****   }
 2187              		.loc 1 213 5 is_stmt 1 view .LVU571
 2188 0ca8 2268     		ldr	r2, [r4]
 2189 0caa 1368     		ldr	r3, [r2]
 2190 0cac 43F00103 		orr	r3, r3, #1
 2191 0cb0 1360     		str	r3, [r2]
 157:Drivers/STM32F4xx_HAL_Driver/Src/stm32f4xx_hal_dma_ex.c ****   
 2192              		.loc 1 157 21 is_stmt 0 view .LVU572
 2193 0cb2 0020     		movs	r0, #0
 2194 0cb4 FFF7C9B9 		b	.L16
 2195              	.L256:
 201:Drivers/STM32F4xx_HAL_Driver/Src/stm32f4xx_hal_dma_ex.c **** 
 2196              		.loc 1 201 5 discriminator 6 view .LVU573
 2197 0cb8 0122     		movs	r2, #1
 2198 0cba E0E7     		b	.L53
 2199              	.L257:
 201:Drivers/STM32F4xx_HAL_Driver/Src/stm32f4xx_hal_dma_ex.c **** 
 2200              		.loc 1 201 5 discriminator 8 view .LVU574
 2201 0cbc 0122     		movs	r2, #1
 2202 0cbe DEE7     		b	.L53
 2203              	.L258:
 201:Drivers/STM32F4xx_HAL_Driver/Src/stm32f4xx_hal_dma_ex.c **** 
 2204              		.loc 1 201 5 discriminator 10 view .LVU575
 2205 0cc0 0122     		movs	r2, #1
 2206 0cc2 DCE7     		b	.L53
 2207              	.L259:
 201:Drivers/STM32F4xx_HAL_Driver/Src/stm32f4xx_hal_dma_ex.c **** 
 2208              		.loc 1 201 5 discriminator 12 view .LVU576
 2209 0cc4 4022     		movs	r2, #64
 2210 0cc6 DAE7     		b	.L53
 2211              	.L260:
 201:Drivers/STM32F4xx_HAL_Driver/Src/stm32f4xx_hal_dma_ex.c **** 
 2212              		.loc 1 201 5 discriminator 14 view .LVU577
 2213 0cc8 4022     		movs	r2, #64
 2214 0cca D8E7     		b	.L53
 2215              	.L261:
 201:Drivers/STM32F4xx_HAL_Driver/Src/stm32f4xx_hal_dma_ex.c **** 
 2216              		.loc 1 201 5 discriminator 16 view .LVU578
 2217 0ccc 4022     		movs	r2, #64
 2218 0cce D6E7     		b	.L53
ARM GAS  /tmp/ccsCpbFO.s 			page 55


 2219              	.L262:
 201:Drivers/STM32F4xx_HAL_Driver/Src/stm32f4xx_hal_dma_ex.c **** 
 2220              		.loc 1 201 5 discriminator 18 view .LVU579
 2221 0cd0 4022     		movs	r2, #64
 2222 0cd2 D4E7     		b	.L53
 2223              	.L263:
 201:Drivers/STM32F4xx_HAL_Driver/Src/stm32f4xx_hal_dma_ex.c **** 
 2224              		.loc 1 201 5 discriminator 20 view .LVU580
 2225 0cd4 4FF48032 		mov	r2, #65536
 2226 0cd8 D1E7     		b	.L53
 2227              	.L264:
 201:Drivers/STM32F4xx_HAL_Driver/Src/stm32f4xx_hal_dma_ex.c **** 
 2228              		.loc 1 201 5 discriminator 22 view .LVU581
 2229 0cda 4FF48032 		mov	r2, #65536
 2230 0cde CEE7     		b	.L53
 2231              	.L265:
 201:Drivers/STM32F4xx_HAL_Driver/Src/stm32f4xx_hal_dma_ex.c **** 
 2232              		.loc 1 201 5 discriminator 24 view .LVU582
 2233 0ce0 4FF48032 		mov	r2, #65536
 2234 0ce4 CBE7     		b	.L53
 2235              	.L52:
 201:Drivers/STM32F4xx_HAL_Driver/Src/stm32f4xx_hal_dma_ex.c **** 
 2236              		.loc 1 201 5 discriminator 2 view .LVU583
 2237 0ce6 564A     		ldr	r2, .L335+12
 2238 0ce8 9342     		cmp	r3, r2
 2239 0cea 4FD9     		bls	.L55
 201:Drivers/STM32F4xx_HAL_Driver/Src/stm32f4xx_hal_dma_ex.c **** 
 2240              		.loc 1 201 5 discriminator 51 view .LVU584
 2241 0cec A83A     		subs	r2, r2, #168
 2242 0cee 9342     		cmp	r3, r2
 2243 0cf0 31D0     		beq	.L267
 201:Drivers/STM32F4xx_HAL_Driver/Src/stm32f4xx_hal_dma_ex.c **** 
 2244              		.loc 1 201 5 discriminator 53 view .LVU585
 2245 0cf2 02F58062 		add	r2, r2, #1024
 2246 0cf6 9342     		cmp	r3, r2
 2247 0cf8 31D0     		beq	.L268
 201:Drivers/STM32F4xx_HAL_Driver/Src/stm32f4xx_hal_dma_ex.c **** 
 2248              		.loc 1 201 5 discriminator 55 view .LVU586
 2249 0cfa A2F56872 		sub	r2, r2, #928
 2250 0cfe 9342     		cmp	r3, r2
 2251 0d00 2FD0     		beq	.L269
 201:Drivers/STM32F4xx_HAL_Driver/Src/stm32f4xx_hal_dma_ex.c **** 
 2252              		.loc 1 201 5 discriminator 57 view .LVU587
 2253 0d02 02F58062 		add	r2, r2, #1024
 2254 0d06 9342     		cmp	r3, r2
 2255 0d08 2DD0     		beq	.L270
 201:Drivers/STM32F4xx_HAL_Driver/Src/stm32f4xx_hal_dma_ex.c **** 
 2256              		.loc 1 201 5 discriminator 59 view .LVU588
 2257 0d0a A2F58962 		sub	r2, r2, #1096
 2258 0d0e 9342     		cmp	r3, r2
 2259 0d10 2BD0     		beq	.L271
 201:Drivers/STM32F4xx_HAL_Driver/Src/stm32f4xx_hal_dma_ex.c **** 
 2260              		.loc 1 201 5 discriminator 61 view .LVU589
 2261 0d12 02F58062 		add	r2, r2, #1024
 2262 0d16 9342     		cmp	r3, r2
 2263 0d18 29D0     		beq	.L272
 201:Drivers/STM32F4xx_HAL_Driver/Src/stm32f4xx_hal_dma_ex.c **** 
ARM GAS  /tmp/ccsCpbFO.s 			page 56


 2264              		.loc 1 201 5 discriminator 63 view .LVU590
 2265 0d1a A2F56872 		sub	r2, r2, #928
 2266 0d1e 9342     		cmp	r3, r2
 2267 0d20 27D0     		beq	.L273
 201:Drivers/STM32F4xx_HAL_Driver/Src/stm32f4xx_hal_dma_ex.c **** 
 2268              		.loc 1 201 5 discriminator 65 view .LVU591
 2269 0d22 02F58062 		add	r2, r2, #1024
 2270 0d26 9342     		cmp	r3, r2
 2271 0d28 25D0     		beq	.L274
 201:Drivers/STM32F4xx_HAL_Driver/Src/stm32f4xx_hal_dma_ex.c **** 
 2272              		.loc 1 201 5 discriminator 67 view .LVU592
 2273 0d2a A2F58962 		sub	r2, r2, #1096
 2274 0d2e 9342     		cmp	r3, r2
 2275 0d30 23D0     		beq	.L275
 201:Drivers/STM32F4xx_HAL_Driver/Src/stm32f4xx_hal_dma_ex.c **** 
 2276              		.loc 1 201 5 discriminator 69 view .LVU593
 2277 0d32 02F58062 		add	r2, r2, #1024
 2278 0d36 9342     		cmp	r3, r2
 2279 0d38 22D0     		beq	.L276
 201:Drivers/STM32F4xx_HAL_Driver/Src/stm32f4xx_hal_dma_ex.c **** 
 2280              		.loc 1 201 5 discriminator 71 view .LVU594
 2281 0d3a A2F56872 		sub	r2, r2, #928
 2282 0d3e 9342     		cmp	r3, r2
 2283 0d40 21D0     		beq	.L277
 201:Drivers/STM32F4xx_HAL_Driver/Src/stm32f4xx_hal_dma_ex.c **** 
 2284              		.loc 1 201 5 discriminator 73 view .LVU595
 2285 0d42 02F58062 		add	r2, r2, #1024
 2286 0d46 9342     		cmp	r3, r2
 2287 0d48 02D0     		beq	.L324
 201:Drivers/STM32F4xx_HAL_Driver/Src/stm32f4xx_hal_dma_ex.c **** 
 2288              		.loc 1 201 5 discriminator 76 view .LVU596
 2289 0d4a 4FF48003 		mov	r3, #4194304
 2290 0d4e 03E0     		b	.L56
 2291              	.L324:
 201:Drivers/STM32F4xx_HAL_Driver/Src/stm32f4xx_hal_dma_ex.c **** 
 2292              		.loc 1 201 5 discriminator 75 view .LVU597
 2293 0d50 4FF48033 		mov	r3, #65536
 2294 0d54 00E0     		b	.L56
 2295              	.L267:
 201:Drivers/STM32F4xx_HAL_Driver/Src/stm32f4xx_hal_dma_ex.c **** 
 2296              		.loc 1 201 5 discriminator 54 view .LVU598
 2297 0d56 0123     		movs	r3, #1
 2298              	.L56:
 201:Drivers/STM32F4xx_HAL_Driver/Src/stm32f4xx_hal_dma_ex.c **** 
 2299              		.loc 1 201 5 discriminator 100 view .LVU599
 2300 0d58 384A     		ldr	r2, .L335+8
 2301 0d5a 9360     		str	r3, [r2, #8]
 2302 0d5c 91E7     		b	.L54
 2303              	.L268:
 201:Drivers/STM32F4xx_HAL_Driver/Src/stm32f4xx_hal_dma_ex.c **** 
 2304              		.loc 1 201 5 discriminator 56 view .LVU600
 2305 0d5e 0123     		movs	r3, #1
 2306 0d60 FAE7     		b	.L56
 2307              	.L269:
 201:Drivers/STM32F4xx_HAL_Driver/Src/stm32f4xx_hal_dma_ex.c **** 
 2308              		.loc 1 201 5 discriminator 58 view .LVU601
 2309 0d62 0123     		movs	r3, #1
ARM GAS  /tmp/ccsCpbFO.s 			page 57


 2310 0d64 F8E7     		b	.L56
 2311              	.L270:
 201:Drivers/STM32F4xx_HAL_Driver/Src/stm32f4xx_hal_dma_ex.c **** 
 2312              		.loc 1 201 5 discriminator 60 view .LVU602
 2313 0d66 0123     		movs	r3, #1
 2314 0d68 F6E7     		b	.L56
 2315              	.L271:
 201:Drivers/STM32F4xx_HAL_Driver/Src/stm32f4xx_hal_dma_ex.c **** 
 2316              		.loc 1 201 5 discriminator 62 view .LVU603
 2317 0d6a 4023     		movs	r3, #64
 2318 0d6c F4E7     		b	.L56
 2319              	.L272:
 201:Drivers/STM32F4xx_HAL_Driver/Src/stm32f4xx_hal_dma_ex.c **** 
 2320              		.loc 1 201 5 discriminator 64 view .LVU604
 2321 0d6e 4023     		movs	r3, #64
 2322 0d70 F2E7     		b	.L56
 2323              	.L273:
 201:Drivers/STM32F4xx_HAL_Driver/Src/stm32f4xx_hal_dma_ex.c **** 
 2324              		.loc 1 201 5 discriminator 66 view .LVU605
 2325 0d72 4023     		movs	r3, #64
 2326 0d74 F0E7     		b	.L56
 2327              	.L274:
 201:Drivers/STM32F4xx_HAL_Driver/Src/stm32f4xx_hal_dma_ex.c **** 
 2328              		.loc 1 201 5 discriminator 68 view .LVU606
 2329 0d76 4023     		movs	r3, #64
 2330 0d78 EEE7     		b	.L56
 2331              	.L275:
 201:Drivers/STM32F4xx_HAL_Driver/Src/stm32f4xx_hal_dma_ex.c **** 
 2332              		.loc 1 201 5 discriminator 70 view .LVU607
 2333 0d7a 4FF48033 		mov	r3, #65536
 2334 0d7e EBE7     		b	.L56
 2335              	.L276:
 201:Drivers/STM32F4xx_HAL_Driver/Src/stm32f4xx_hal_dma_ex.c **** 
 2336              		.loc 1 201 5 discriminator 72 view .LVU608
 2337 0d80 4FF48033 		mov	r3, #65536
 2338 0d84 E8E7     		b	.L56
 2339              	.L277:
 201:Drivers/STM32F4xx_HAL_Driver/Src/stm32f4xx_hal_dma_ex.c **** 
 2340              		.loc 1 201 5 discriminator 74 view .LVU609
 2341 0d86 4FF48033 		mov	r3, #65536
 2342 0d8a E5E7     		b	.L56
 2343              	.L55:
 201:Drivers/STM32F4xx_HAL_Driver/Src/stm32f4xx_hal_dma_ex.c **** 
 2344              		.loc 1 201 5 discriminator 52 view .LVU610
 2345 0d8c 2D4A     		ldr	r2, .L335+16
 2346 0d8e 9342     		cmp	r3, r2
 2347 0d90 5AD9     		bls	.L57
 201:Drivers/STM32F4xx_HAL_Driver/Src/stm32f4xx_hal_dma_ex.c **** 
 2348              		.loc 1 201 5 discriminator 102 view .LVU611
 2349 0d92 483A     		subs	r2, r2, #72
 2350 0d94 9342     		cmp	r3, r2
 2351 0d96 31D0     		beq	.L279
 201:Drivers/STM32F4xx_HAL_Driver/Src/stm32f4xx_hal_dma_ex.c **** 
 2352              		.loc 1 201 5 discriminator 104 view .LVU612
 2353 0d98 02F58062 		add	r2, r2, #1024
 2354 0d9c 9342     		cmp	r3, r2
 2355 0d9e 31D0     		beq	.L280
ARM GAS  /tmp/ccsCpbFO.s 			page 58


 201:Drivers/STM32F4xx_HAL_Driver/Src/stm32f4xx_hal_dma_ex.c **** 
 2356              		.loc 1 201 5 discriminator 106 view .LVU613
 2357 0da0 A2F56872 		sub	r2, r2, #928
 2358 0da4 9342     		cmp	r3, r2
 2359 0da6 2FD0     		beq	.L281
 201:Drivers/STM32F4xx_HAL_Driver/Src/stm32f4xx_hal_dma_ex.c **** 
 2360              		.loc 1 201 5 discriminator 108 view .LVU614
 2361 0da8 02F58062 		add	r2, r2, #1024
 2362 0dac 9342     		cmp	r3, r2
 2363 0dae 2DD0     		beq	.L282
 201:Drivers/STM32F4xx_HAL_Driver/Src/stm32f4xx_hal_dma_ex.c **** 
 2364              		.loc 1 201 5 discriminator 110 view .LVU615
 2365 0db0 A2F58962 		sub	r2, r2, #1096
 2366 0db4 9342     		cmp	r3, r2
 2367 0db6 2BD0     		beq	.L283
 201:Drivers/STM32F4xx_HAL_Driver/Src/stm32f4xx_hal_dma_ex.c **** 
 2368              		.loc 1 201 5 discriminator 112 view .LVU616
 2369 0db8 02F58062 		add	r2, r2, #1024
 2370 0dbc 9342     		cmp	r3, r2
 2371 0dbe 29D0     		beq	.L284
 201:Drivers/STM32F4xx_HAL_Driver/Src/stm32f4xx_hal_dma_ex.c **** 
 2372              		.loc 1 201 5 discriminator 114 view .LVU617
 2373 0dc0 A2F56872 		sub	r2, r2, #928
 2374 0dc4 9342     		cmp	r3, r2
 2375 0dc6 27D0     		beq	.L285
 201:Drivers/STM32F4xx_HAL_Driver/Src/stm32f4xx_hal_dma_ex.c **** 
 2376              		.loc 1 201 5 discriminator 116 view .LVU618
 2377 0dc8 02F58062 		add	r2, r2, #1024
 2378 0dcc 9342     		cmp	r3, r2
 2379 0dce 25D0     		beq	.L286
 201:Drivers/STM32F4xx_HAL_Driver/Src/stm32f4xx_hal_dma_ex.c **** 
 2380              		.loc 1 201 5 discriminator 118 view .LVU619
 2381 0dd0 A2F58962 		sub	r2, r2, #1096
 2382 0dd4 9342     		cmp	r3, r2
 2383 0dd6 23D0     		beq	.L287
 201:Drivers/STM32F4xx_HAL_Driver/Src/stm32f4xx_hal_dma_ex.c **** 
 2384              		.loc 1 201 5 discriminator 120 view .LVU620
 2385 0dd8 02F58062 		add	r2, r2, #1024
 2386 0ddc 9342     		cmp	r3, r2
 2387 0dde 22D0     		beq	.L288
 201:Drivers/STM32F4xx_HAL_Driver/Src/stm32f4xx_hal_dma_ex.c **** 
 2388              		.loc 1 201 5 discriminator 122 view .LVU621
 2389 0de0 A2F56872 		sub	r2, r2, #928
 2390 0de4 9342     		cmp	r3, r2
 2391 0de6 21D0     		beq	.L289
 201:Drivers/STM32F4xx_HAL_Driver/Src/stm32f4xx_hal_dma_ex.c **** 
 2392              		.loc 1 201 5 discriminator 124 view .LVU622
 2393 0de8 02F58062 		add	r2, r2, #1024
 2394 0dec 9342     		cmp	r3, r2
 2395 0dee 02D0     		beq	.L325
 201:Drivers/STM32F4xx_HAL_Driver/Src/stm32f4xx_hal_dma_ex.c **** 
 2396              		.loc 1 201 5 discriminator 127 view .LVU623
 2397 0df0 4FF48003 		mov	r3, #4194304
 2398 0df4 03E0     		b	.L58
 2399              	.L325:
 201:Drivers/STM32F4xx_HAL_Driver/Src/stm32f4xx_hal_dma_ex.c **** 
 2400              		.loc 1 201 5 discriminator 126 view .LVU624
ARM GAS  /tmp/ccsCpbFO.s 			page 59


 2401 0df6 4FF48033 		mov	r3, #65536
 2402 0dfa 00E0     		b	.L58
 2403              	.L279:
 201:Drivers/STM32F4xx_HAL_Driver/Src/stm32f4xx_hal_dma_ex.c **** 
 2404              		.loc 1 201 5 discriminator 105 view .LVU625
 2405 0dfc 0123     		movs	r3, #1
 2406              	.L58:
 201:Drivers/STM32F4xx_HAL_Driver/Src/stm32f4xx_hal_dma_ex.c **** 
 2407              		.loc 1 201 5 discriminator 151 view .LVU626
 2408 0dfe 0E4A     		ldr	r2, .L335+4
 2409 0e00 D360     		str	r3, [r2, #12]
 2410 0e02 3EE7     		b	.L54
 2411              	.L280:
 201:Drivers/STM32F4xx_HAL_Driver/Src/stm32f4xx_hal_dma_ex.c **** 
 2412              		.loc 1 201 5 discriminator 107 view .LVU627
 2413 0e04 0123     		movs	r3, #1
 2414 0e06 FAE7     		b	.L58
 2415              	.L281:
 201:Drivers/STM32F4xx_HAL_Driver/Src/stm32f4xx_hal_dma_ex.c **** 
 2416              		.loc 1 201 5 discriminator 109 view .LVU628
 2417 0e08 0123     		movs	r3, #1
 2418 0e0a F8E7     		b	.L58
 2419              	.L282:
 201:Drivers/STM32F4xx_HAL_Driver/Src/stm32f4xx_hal_dma_ex.c **** 
 2420              		.loc 1 201 5 discriminator 111 view .LVU629
 2421 0e0c 0123     		movs	r3, #1
 2422 0e0e F6E7     		b	.L58
 2423              	.L283:
 201:Drivers/STM32F4xx_HAL_Driver/Src/stm32f4xx_hal_dma_ex.c **** 
 2424              		.loc 1 201 5 discriminator 113 view .LVU630
 2425 0e10 4023     		movs	r3, #64
 2426 0e12 F4E7     		b	.L58
 2427              	.L284:
 201:Drivers/STM32F4xx_HAL_Driver/Src/stm32f4xx_hal_dma_ex.c **** 
 2428              		.loc 1 201 5 discriminator 115 view .LVU631
 2429 0e14 4023     		movs	r3, #64
 2430 0e16 F2E7     		b	.L58
 2431              	.L285:
 201:Drivers/STM32F4xx_HAL_Driver/Src/stm32f4xx_hal_dma_ex.c **** 
 2432              		.loc 1 201 5 discriminator 117 view .LVU632
 2433 0e18 4023     		movs	r3, #64
 2434 0e1a F0E7     		b	.L58
 2435              	.L286:
 201:Drivers/STM32F4xx_HAL_Driver/Src/stm32f4xx_hal_dma_ex.c **** 
 2436              		.loc 1 201 5 discriminator 119 view .LVU633
 2437 0e1c 4023     		movs	r3, #64
 2438 0e1e EEE7     		b	.L58
 2439              	.L287:
 201:Drivers/STM32F4xx_HAL_Driver/Src/stm32f4xx_hal_dma_ex.c **** 
 2440              		.loc 1 201 5 discriminator 121 view .LVU634
 2441 0e20 4FF48033 		mov	r3, #65536
 2442 0e24 EBE7     		b	.L58
 2443              	.L288:
 201:Drivers/STM32F4xx_HAL_Driver/Src/stm32f4xx_hal_dma_ex.c **** 
 2444              		.loc 1 201 5 discriminator 123 view .LVU635
 2445 0e26 4FF48033 		mov	r3, #65536
 2446 0e2a E8E7     		b	.L58
ARM GAS  /tmp/ccsCpbFO.s 			page 60


 2447              	.L289:
 201:Drivers/STM32F4xx_HAL_Driver/Src/stm32f4xx_hal_dma_ex.c **** 
 2448              		.loc 1 201 5 discriminator 125 view .LVU636
 2449 0e2c 4FF48033 		mov	r3, #65536
 2450 0e30 E5E7     		b	.L58
 2451              	.L336:
 2452 0e32 00BF     		.align	2
 2453              	.L335:
 2454 0e34 10600240 		.word	1073897488
 2455 0e38 00600240 		.word	1073897472
 2456 0e3c 00640240 		.word	1073898496
 2457 0e40 B8600240 		.word	1073897656
 2458 0e44 58600240 		.word	1073897560
 2459              	.L57:
 201:Drivers/STM32F4xx_HAL_Driver/Src/stm32f4xx_hal_dma_ex.c **** 
 2460              		.loc 1 201 5 discriminator 103 view .LVU637
 2461 0e48 2B4A     		ldr	r2, .L337
 2462 0e4a 9342     		cmp	r3, r2
 2463 0e4c 31D0     		beq	.L291
 201:Drivers/STM32F4xx_HAL_Driver/Src/stm32f4xx_hal_dma_ex.c **** 
 2464              		.loc 1 201 5 discriminator 153 view .LVU638
 2465 0e4e 02F58062 		add	r2, r2, #1024
 2466 0e52 9342     		cmp	r3, r2
 2467 0e54 31D0     		beq	.L292
 201:Drivers/STM32F4xx_HAL_Driver/Src/stm32f4xx_hal_dma_ex.c **** 
 2468              		.loc 1 201 5 discriminator 155 view .LVU639
 2469 0e56 A2F56872 		sub	r2, r2, #928
 2470 0e5a 9342     		cmp	r3, r2
 2471 0e5c 2FD0     		beq	.L293
 201:Drivers/STM32F4xx_HAL_Driver/Src/stm32f4xx_hal_dma_ex.c **** 
 2472              		.loc 1 201 5 discriminator 157 view .LVU640
 2473 0e5e 02F58062 		add	r2, r2, #1024
 2474 0e62 9342     		cmp	r3, r2
 2475 0e64 2DD0     		beq	.L294
 201:Drivers/STM32F4xx_HAL_Driver/Src/stm32f4xx_hal_dma_ex.c **** 
 2476              		.loc 1 201 5 discriminator 159 view .LVU641
 2477 0e66 A2F58962 		sub	r2, r2, #1096
 2478 0e6a 9342     		cmp	r3, r2
 2479 0e6c 2BD0     		beq	.L295
 201:Drivers/STM32F4xx_HAL_Driver/Src/stm32f4xx_hal_dma_ex.c **** 
 2480              		.loc 1 201 5 discriminator 161 view .LVU642
 2481 0e6e 02F58062 		add	r2, r2, #1024
 2482 0e72 9342     		cmp	r3, r2
 2483 0e74 29D0     		beq	.L296
 201:Drivers/STM32F4xx_HAL_Driver/Src/stm32f4xx_hal_dma_ex.c **** 
 2484              		.loc 1 201 5 discriminator 163 view .LVU643
 2485 0e76 A2F56872 		sub	r2, r2, #928
 2486 0e7a 9342     		cmp	r3, r2
 2487 0e7c 27D0     		beq	.L297
 201:Drivers/STM32F4xx_HAL_Driver/Src/stm32f4xx_hal_dma_ex.c **** 
 2488              		.loc 1 201 5 discriminator 165 view .LVU644
 2489 0e7e 02F58062 		add	r2, r2, #1024
 2490 0e82 9342     		cmp	r3, r2
 2491 0e84 25D0     		beq	.L298
 201:Drivers/STM32F4xx_HAL_Driver/Src/stm32f4xx_hal_dma_ex.c **** 
 2492              		.loc 1 201 5 discriminator 167 view .LVU645
 2493 0e86 A2F58962 		sub	r2, r2, #1096
ARM GAS  /tmp/ccsCpbFO.s 			page 61


 2494 0e8a 9342     		cmp	r3, r2
 2495 0e8c 23D0     		beq	.L299
 201:Drivers/STM32F4xx_HAL_Driver/Src/stm32f4xx_hal_dma_ex.c **** 
 2496              		.loc 1 201 5 discriminator 169 view .LVU646
 2497 0e8e 02F58062 		add	r2, r2, #1024
 2498 0e92 9342     		cmp	r3, r2
 2499 0e94 22D0     		beq	.L300
 201:Drivers/STM32F4xx_HAL_Driver/Src/stm32f4xx_hal_dma_ex.c **** 
 2500              		.loc 1 201 5 discriminator 171 view .LVU647
 2501 0e96 A2F56872 		sub	r2, r2, #928
 2502 0e9a 9342     		cmp	r3, r2
 2503 0e9c 21D0     		beq	.L301
 201:Drivers/STM32F4xx_HAL_Driver/Src/stm32f4xx_hal_dma_ex.c **** 
 2504              		.loc 1 201 5 discriminator 173 view .LVU648
 2505 0e9e 02F58062 		add	r2, r2, #1024
 2506 0ea2 9342     		cmp	r3, r2
 2507 0ea4 02D0     		beq	.L326
 201:Drivers/STM32F4xx_HAL_Driver/Src/stm32f4xx_hal_dma_ex.c **** 
 2508              		.loc 1 201 5 discriminator 176 view .LVU649
 2509 0ea6 4FF48003 		mov	r3, #4194304
 2510 0eaa 03E0     		b	.L59
 2511              	.L326:
 201:Drivers/STM32F4xx_HAL_Driver/Src/stm32f4xx_hal_dma_ex.c **** 
 2512              		.loc 1 201 5 discriminator 175 view .LVU650
 2513 0eac 4FF48033 		mov	r3, #65536
 2514 0eb0 00E0     		b	.L59
 2515              	.L291:
 201:Drivers/STM32F4xx_HAL_Driver/Src/stm32f4xx_hal_dma_ex.c **** 
 2516              		.loc 1 201 5 discriminator 154 view .LVU651
 2517 0eb2 0123     		movs	r3, #1
 2518              	.L59:
 201:Drivers/STM32F4xx_HAL_Driver/Src/stm32f4xx_hal_dma_ex.c **** 
 2519              		.loc 1 201 5 discriminator 200 view .LVU652
 2520 0eb4 114A     		ldr	r2, .L337+4
 2521 0eb6 9360     		str	r3, [r2, #8]
 2522 0eb8 E3E6     		b	.L54
 2523              	.L292:
 201:Drivers/STM32F4xx_HAL_Driver/Src/stm32f4xx_hal_dma_ex.c **** 
 2524              		.loc 1 201 5 discriminator 156 view .LVU653
 2525 0eba 0123     		movs	r3, #1
 2526 0ebc FAE7     		b	.L59
 2527              	.L293:
 201:Drivers/STM32F4xx_HAL_Driver/Src/stm32f4xx_hal_dma_ex.c **** 
 2528              		.loc 1 201 5 discriminator 158 view .LVU654
 2529 0ebe 0123     		movs	r3, #1
 2530 0ec0 F8E7     		b	.L59
 2531              	.L294:
 201:Drivers/STM32F4xx_HAL_Driver/Src/stm32f4xx_hal_dma_ex.c **** 
 2532              		.loc 1 201 5 discriminator 160 view .LVU655
 2533 0ec2 0123     		movs	r3, #1
 2534 0ec4 F6E7     		b	.L59
 2535              	.L295:
 201:Drivers/STM32F4xx_HAL_Driver/Src/stm32f4xx_hal_dma_ex.c **** 
 2536              		.loc 1 201 5 discriminator 162 view .LVU656
 2537 0ec6 4023     		movs	r3, #64
 2538 0ec8 F4E7     		b	.L59
 2539              	.L296:
ARM GAS  /tmp/ccsCpbFO.s 			page 62


 201:Drivers/STM32F4xx_HAL_Driver/Src/stm32f4xx_hal_dma_ex.c **** 
 2540              		.loc 1 201 5 discriminator 164 view .LVU657
 2541 0eca 4023     		movs	r3, #64
 2542 0ecc F2E7     		b	.L59
 2543              	.L297:
 201:Drivers/STM32F4xx_HAL_Driver/Src/stm32f4xx_hal_dma_ex.c **** 
 2544              		.loc 1 201 5 discriminator 166 view .LVU658
 2545 0ece 4023     		movs	r3, #64
 2546 0ed0 F0E7     		b	.L59
 2547              	.L298:
 201:Drivers/STM32F4xx_HAL_Driver/Src/stm32f4xx_hal_dma_ex.c **** 
 2548              		.loc 1 201 5 discriminator 168 view .LVU659
 2549 0ed2 4023     		movs	r3, #64
 2550 0ed4 EEE7     		b	.L59
 2551              	.L299:
 201:Drivers/STM32F4xx_HAL_Driver/Src/stm32f4xx_hal_dma_ex.c **** 
 2552              		.loc 1 201 5 discriminator 170 view .LVU660
 2553 0ed6 4FF48033 		mov	r3, #65536
 2554 0eda EBE7     		b	.L59
 2555              	.L300:
 201:Drivers/STM32F4xx_HAL_Driver/Src/stm32f4xx_hal_dma_ex.c **** 
 2556              		.loc 1 201 5 discriminator 172 view .LVU661
 2557 0edc 4FF48033 		mov	r3, #65536
 2558 0ee0 E8E7     		b	.L59
 2559              	.L301:
 201:Drivers/STM32F4xx_HAL_Driver/Src/stm32f4xx_hal_dma_ex.c **** 
 2560              		.loc 1 201 5 discriminator 174 view .LVU662
 2561 0ee2 4FF48033 		mov	r3, #65536
 2562 0ee6 E5E7     		b	.L59
 2563              	.L323:
 207:Drivers/STM32F4xx_HAL_Driver/Src/stm32f4xx_hal_dma_ex.c ****     {
 2564              		.loc 1 207 53 discriminator 1 view .LVU663
 2565 0ee8 A36C     		ldr	r3, [r4, #72]
 207:Drivers/STM32F4xx_HAL_Driver/Src/stm32f4xx_hal_dma_ex.c ****     {
 2566              		.loc 1 207 45 discriminator 1 view .LVU664
 2567 0eea 002B     		cmp	r3, #0
 2568 0eec 7FF4D7AE 		bne	.L60
 2569 0ef0 DAE6     		b	.L61
 2570              	.LVL40:
 2571              	.L62:
 177:Drivers/STM32F4xx_HAL_Driver/Src/stm32f4xx_hal_dma_ex.c ****   
 2572              		.loc 1 177 3 discriminator 1 view .LVU665
 2573 0ef2 0220     		movs	r0, #2
 2574 0ef4 FFF7A9B8 		b	.L16
 2575              	.L338:
 2576              		.align	2
 2577              	.L337:
 2578 0ef8 10600240 		.word	1073897488
 2579 0efc 00600240 		.word	1073897472
 2580              		.cfi_endproc
 2581              	.LFE217:
 2583              		.section	.text.HAL_DMAEx_ChangeMemory,"ax",%progbits
 2584              		.align	1
 2585              		.global	HAL_DMAEx_ChangeMemory
 2586              		.syntax unified
 2587              		.thumb
 2588              		.thumb_func
ARM GAS  /tmp/ccsCpbFO.s 			page 63


 2590              	HAL_DMAEx_ChangeMemory:
 2591              	.LVL41:
 2592              	.LFB218:
 241:Drivers/STM32F4xx_HAL_Driver/Src/stm32f4xx_hal_dma_ex.c ****   if(memory == MEMORY0)
 2593              		.loc 1 241 1 is_stmt 1 view -0
 2594              		.cfi_startproc
 2595              		@ args = 0, pretend = 0, frame = 0
 2596              		@ frame_needed = 0, uses_anonymous_args = 0
 2597              		@ link register save eliminated.
 242:Drivers/STM32F4xx_HAL_Driver/Src/stm32f4xx_hal_dma_ex.c ****   {
 2598              		.loc 1 242 3 view .LVU667
 242:Drivers/STM32F4xx_HAL_Driver/Src/stm32f4xx_hal_dma_ex.c ****   {
 2599              		.loc 1 242 5 is_stmt 0 view .LVU668
 2600 0000 1AB9     		cbnz	r2, .L340
 245:Drivers/STM32F4xx_HAL_Driver/Src/stm32f4xx_hal_dma_ex.c ****   }
 2601              		.loc 1 245 5 is_stmt 1 view .LVU669
 245:Drivers/STM32F4xx_HAL_Driver/Src/stm32f4xx_hal_dma_ex.c ****   }
 2602              		.loc 1 245 9 is_stmt 0 view .LVU670
 2603 0002 0368     		ldr	r3, [r0]
 245:Drivers/STM32F4xx_HAL_Driver/Src/stm32f4xx_hal_dma_ex.c ****   }
 2604              		.loc 1 245 26 view .LVU671
 2605 0004 D960     		str	r1, [r3, #12]
 2606              	.L341:
 253:Drivers/STM32F4xx_HAL_Driver/Src/stm32f4xx_hal_dma_ex.c **** }
 2607              		.loc 1 253 3 is_stmt 1 view .LVU672
 254:Drivers/STM32F4xx_HAL_Driver/Src/stm32f4xx_hal_dma_ex.c **** 
 2608              		.loc 1 254 1 is_stmt 0 view .LVU673
 2609 0006 0020     		movs	r0, #0
 2610              	.LVL42:
 254:Drivers/STM32F4xx_HAL_Driver/Src/stm32f4xx_hal_dma_ex.c **** 
 2611              		.loc 1 254 1 view .LVU674
 2612 0008 7047     		bx	lr
 2613              	.LVL43:
 2614              	.L340:
 250:Drivers/STM32F4xx_HAL_Driver/Src/stm32f4xx_hal_dma_ex.c ****   }
 2615              		.loc 1 250 5 is_stmt 1 view .LVU675
 250:Drivers/STM32F4xx_HAL_Driver/Src/stm32f4xx_hal_dma_ex.c ****   }
 2616              		.loc 1 250 9 is_stmt 0 view .LVU676
 2617 000a 0368     		ldr	r3, [r0]
 250:Drivers/STM32F4xx_HAL_Driver/Src/stm32f4xx_hal_dma_ex.c ****   }
 2618              		.loc 1 250 26 view .LVU677
 2619 000c 1961     		str	r1, [r3, #16]
 2620 000e FAE7     		b	.L341
 2621              		.cfi_endproc
 2622              	.LFE218:
 2624              		.text
 2625              	.Letext0:
 2626              		.file 2 "Drivers/CMSIS/Device/ST/STM32F4xx/Include/stm32f401xc.h"
 2627              		.file 3 "/usr/lib/gcc/arm-none-eabi/13.2.1/include/stdint.h"
 2628              		.file 4 "Drivers/STM32F4xx_HAL_Driver/Inc/stm32f4xx_hal_def.h"
 2629              		.file 5 "Drivers/STM32F4xx_HAL_Driver/Inc/stm32f4xx_hal_dma.h"
 2630              		.file 6 "Drivers/STM32F4xx_HAL_Driver/Inc/stm32f4xx_hal_dma_ex.h"
ARM GAS  /tmp/ccsCpbFO.s 			page 64


DEFINED SYMBOLS
                            *ABS*:00000000 stm32f4xx_hal_dma_ex.c
     /tmp/ccsCpbFO.s:21     .text.DMA_MultiBufferSetConfig:00000000 $t
     /tmp/ccsCpbFO.s:26     .text.DMA_MultiBufferSetConfig:00000000 DMA_MultiBufferSetConfig
     /tmp/ccsCpbFO.s:86     .text.HAL_DMAEx_MultiBufferStart:00000000 $t
     /tmp/ccsCpbFO.s:92     .text.HAL_DMAEx_MultiBufferStart:00000000 HAL_DMAEx_MultiBufferStart
     /tmp/ccsCpbFO.s:197    .text.HAL_DMAEx_MultiBufferStart_IT:00000000 $t
     /tmp/ccsCpbFO.s:203    .text.HAL_DMAEx_MultiBufferStart_IT:00000000 HAL_DMAEx_MultiBufferStart_IT
     /tmp/ccsCpbFO.s:719    .text.HAL_DMAEx_MultiBufferStart_IT:00000304 $d
     /tmp/ccsCpbFO.s:726    .text.HAL_DMAEx_MultiBufferStart_IT:00000318 $t
     /tmp/ccsCpbFO.s:1155   .text.HAL_DMAEx_MultiBufferStart_IT:000005e0 $d
     /tmp/ccsCpbFO.s:1163   .text.HAL_DMAEx_MultiBufferStart_IT:000005f8 $t
     /tmp/ccsCpbFO.s:1592   .text.HAL_DMAEx_MultiBufferStart_IT:000008c8 $d
     /tmp/ccsCpbFO.s:1600   .text.HAL_DMAEx_MultiBufferStart_IT:000008e0 $t
     /tmp/ccsCpbFO.s:2029   .text.HAL_DMAEx_MultiBufferStart_IT:00000bb0 $d
     /tmp/ccsCpbFO.s:2037   .text.HAL_DMAEx_MultiBufferStart_IT:00000bc8 $t
     /tmp/ccsCpbFO.s:2454   .text.HAL_DMAEx_MultiBufferStart_IT:00000e34 $d
     /tmp/ccsCpbFO.s:2461   .text.HAL_DMAEx_MultiBufferStart_IT:00000e48 $t
     /tmp/ccsCpbFO.s:2578   .text.HAL_DMAEx_MultiBufferStart_IT:00000ef8 $d
     /tmp/ccsCpbFO.s:2584   .text.HAL_DMAEx_ChangeMemory:00000000 $t
     /tmp/ccsCpbFO.s:2590   .text.HAL_DMAEx_ChangeMemory:00000000 HAL_DMAEx_ChangeMemory
                           .group:00000000 wm4.0.a2c88c0e0e60094af2c84dce921779d2
                           .group:00000000 wm4.stm32f4xx_hal_conf.h.25.758a9f5dc6450f8647b5af7fe8eb27ed
                           .group:00000000 wm4.stm32f4xx.h.39.163e65267b4f964a08764289722b975f
                           .group:00000000 wm4.stm32f401xc.h.35.52d05665f5a2df9c1992e17eee7d2af5
                           .group:00000000 wm4.stdint.h.29.6d480f4ba0f60596e88234283d42444f
                           .group:00000000 wm4.cmsis_version.h.32.4d5822004c01a829a975260e854b5f8e
                           .group:00000000 wm4.core_cm4.h.66.e4ff136c4a17abc46741866f64f8e729
                           .group:00000000 wm4.cmsis_gcc.h.26.6774fe91202d65f4d5ffcff60e00da34
                           .group:00000000 wm4.core_cm4.h.174.059a5e001a9e729091d1407208e93224
                           .group:00000000 wm4.mpu_armv7.h.32.27b4593cb2f8d3152ca5d97a9d72b321
                           .group:00000000 wm4.stm32f401xc.h.636.9a664cc173dbe5d5f2dac1e758e3577d
                           .group:00000000 wm4.stm32f4xx.h.196.0b21137cf6c6923d8fd1f4d94a3bfdd4
                           .group:00000000 wm4.stm32_hal_legacy.h.23.e2601123cf1b2a3b6d11d949644ddf87
                           .group:00000000 wm4.stddef.h.39.0dc9006b34572d4d9cae4c8b422c4971
                           .group:00000000 wm4.stm32f4xx_hal_def.h.58.f614308b482cecea9bcc0016240ac0fc
                           .group:00000000 wm4.stm32f4xx_hal_rcc_ex.h.22.3f3b596cc307dc701c7c99b0fc6c9b58
                           .group:00000000 wm4.stm32f4xx_hal_rcc.h.108.b82c8c670b41d96b2920e2f63661be15
                           .group:00000000 wm4.stm32f4xx_hal_gpio.h.22.e47df9f0f5be4ddc2ed2d14042c5e680
                           .group:00000000 wm4.stm32f4xx_hal_gpio_ex.h.22.5014ee010492a350679453c3b4a59718
                           .group:00000000 wm4.stm32f4xx_hal_gpio.h.255.5b948d47ad1357d6d2213e5e5ca4755c
                           .group:00000000 wm4.stm32f4xx_hal_exti.h.22.1f47767199c5bf749c04088e5c61c9c8
                           .group:00000000 wm4.stm32f4xx_hal_dma.h.22.fffce20ac9119c50557659c75e75ab1c
                           .group:00000000 wm4.stm32f4xx_hal_dma.h.721.a1e57ffbc615f926e6509c5acc65e492
                           .group:00000000 wm4.stm32f4xx_hal_cortex.h.22.e6aa3b847b5388be63c32d1f9e696ef7
                           .group:00000000 wm4.stm32f4xx_ll_adc.h.22.a8e07f8509bbb4868e2c24461c7eee47
                           .group:00000000 wm4.stm32f4xx_hal_adc.h.160.ef18931a059b62efbac7762c6a09e47f
                           .group:00000000 wm4.stm32f4xx_hal_adc_ex.h.22.25ddc09ef7109b33adae2990f50c4304
                           .group:00000000 wm4.stm32f4xx_hal_adc.h.640.733b38c420d3407eb5f8ddd98816c661
                           .group:00000000 wm4.stm32f4xx_hal_flash.h.22.31b301be2655c3eb8583e51c8231544a
                           .group:00000000 wm4.stm32f4xx_hal_flash_ex.h.22.00cb5cb208d28a1f20f3b257a6f51bad
                           .group:00000000 wm4.stm32f4xx_hal_flash.h.363.51efdf0f6c88f683efb89d7cc95cc1be
                           .group:00000000 wm4.stm32f4xx_hal_pwr.h.22.2c27d93ae187efe3a73816f03a329970
                           .group:00000000 wm4.stm32f4xx_hal_pwr_ex.h.22.04eb3957e13ca6e5ed8952d2d168bdc0
                           .group:00000000 wm4.stm32f4xx_hal_pwr.h.337.60b43975c84527a23cb6994b23165a5e
                           .group:00000000 wm4.stm32f4xx_hal_uart.h.22.591b491756a19342b0bf79eea5b33e1b
                           .group:00000000 wm4.stm32f4xx_ll_usb.h.22.3497d8ac31b2bdafc7c2a34d860c4769
ARM GAS  /tmp/ccsCpbFO.s 			page 65


                           .group:00000000 wm4.stm32f4xx_hal_hcd.h.111.a51c3bd0d61d2d8cadb372f7c7d9eccb
                           .group:00000000 wm4.stm32f4xx_hal.h.72.a5a58188aa461a0614f1e58e159c7840

NO UNDEFINED SYMBOLS
