ARM GAS  /tmp/ccFxaBUH.s 			page 1


   1              		.cpu cortex-m4
   2              		.arch armv7e-m
   3              		.fpu fpv4-sp-d16
   4              		.eabi_attribute 27, 1
   5              		.eabi_attribute 28, 1
   6              		.eabi_attribute 20, 1
   7              		.eabi_attribute 21, 1
   8              		.eabi_attribute 23, 3
   9              		.eabi_attribute 24, 1
  10              		.eabi_attribute 25, 1
  11              		.eabi_attribute 26, 1
  12              		.eabi_attribute 30, 1
  13              		.eabi_attribute 34, 1
  14              		.eabi_attribute 18, 4
  15              		.file	"stm32f4xx_hal_adc.c"
  16              		.text
  17              	.Ltext0:
  18              		.cfi_sections	.debug_frame
  19              		.file 1 "Drivers/STM32F4xx_HAL_Driver/Src/stm32f4xx_hal_adc.c"
  20              		.section	.text.ADC_Init,"ax",%progbits
  21              		.align	1
  22              		.syntax unified
  23              		.thumb
  24              		.thumb_func
  26              	ADC_Init:
  27              	.LVL0:
  28              	.LFB238:
   1:Drivers/STM32F4xx_HAL_Driver/Src/stm32f4xx_hal_adc.c **** /**
   2:Drivers/STM32F4xx_HAL_Driver/Src/stm32f4xx_hal_adc.c ****   ******************************************************************************
   3:Drivers/STM32F4xx_HAL_Driver/Src/stm32f4xx_hal_adc.c ****   * @file    stm32f4xx_hal_adc.c
   4:Drivers/STM32F4xx_HAL_Driver/Src/stm32f4xx_hal_adc.c ****   * @author  MCD Application Team
   5:Drivers/STM32F4xx_HAL_Driver/Src/stm32f4xx_hal_adc.c ****   * @brief   This file provides firmware functions to manage the following 
   6:Drivers/STM32F4xx_HAL_Driver/Src/stm32f4xx_hal_adc.c ****   *          functionalities of the Analog to Digital Converter (ADC) peripheral:
   7:Drivers/STM32F4xx_HAL_Driver/Src/stm32f4xx_hal_adc.c ****   *           + Initialization and de-initialization functions
   8:Drivers/STM32F4xx_HAL_Driver/Src/stm32f4xx_hal_adc.c ****   *           + IO operation functions
   9:Drivers/STM32F4xx_HAL_Driver/Src/stm32f4xx_hal_adc.c ****   *           + State and errors functions
  10:Drivers/STM32F4xx_HAL_Driver/Src/stm32f4xx_hal_adc.c ****   *         
  11:Drivers/STM32F4xx_HAL_Driver/Src/stm32f4xx_hal_adc.c ****   @verbatim
  12:Drivers/STM32F4xx_HAL_Driver/Src/stm32f4xx_hal_adc.c ****   ==============================================================================
  13:Drivers/STM32F4xx_HAL_Driver/Src/stm32f4xx_hal_adc.c ****                     ##### ADC Peripheral features #####
  14:Drivers/STM32F4xx_HAL_Driver/Src/stm32f4xx_hal_adc.c ****   ==============================================================================
  15:Drivers/STM32F4xx_HAL_Driver/Src/stm32f4xx_hal_adc.c ****   [..] 
  16:Drivers/STM32F4xx_HAL_Driver/Src/stm32f4xx_hal_adc.c ****   (#) 12-bit, 10-bit, 8-bit or 6-bit configurable resolution.
  17:Drivers/STM32F4xx_HAL_Driver/Src/stm32f4xx_hal_adc.c ****   (#) Interrupt generation at the end of conversion, end of injected conversion,  
  18:Drivers/STM32F4xx_HAL_Driver/Src/stm32f4xx_hal_adc.c ****       and in case of analog watchdog or overrun events
  19:Drivers/STM32F4xx_HAL_Driver/Src/stm32f4xx_hal_adc.c ****   (#) Single and continuous conversion modes.
  20:Drivers/STM32F4xx_HAL_Driver/Src/stm32f4xx_hal_adc.c ****   (#) Scan mode for automatic conversion of channel 0 to channel x.
  21:Drivers/STM32F4xx_HAL_Driver/Src/stm32f4xx_hal_adc.c ****   (#) Data alignment with in-built data coherency.
  22:Drivers/STM32F4xx_HAL_Driver/Src/stm32f4xx_hal_adc.c ****   (#) Channel-wise programmable sampling time.
  23:Drivers/STM32F4xx_HAL_Driver/Src/stm32f4xx_hal_adc.c ****   (#) External trigger option with configurable polarity for both regular and 
  24:Drivers/STM32F4xx_HAL_Driver/Src/stm32f4xx_hal_adc.c ****       injected conversion.
  25:Drivers/STM32F4xx_HAL_Driver/Src/stm32f4xx_hal_adc.c ****   (#) Dual/Triple mode (on devices with 2 ADCs or more).
  26:Drivers/STM32F4xx_HAL_Driver/Src/stm32f4xx_hal_adc.c ****   (#) Configurable DMA data storage in Dual/Triple ADC mode. 
  27:Drivers/STM32F4xx_HAL_Driver/Src/stm32f4xx_hal_adc.c ****   (#) Configurable delay between conversions in Dual/Triple interleaved mode.
  28:Drivers/STM32F4xx_HAL_Driver/Src/stm32f4xx_hal_adc.c ****   (#) ADC conversion type (refer to the datasheets).
  29:Drivers/STM32F4xx_HAL_Driver/Src/stm32f4xx_hal_adc.c ****   (#) ADC supply requirements: 2.4 V to 3.6 V at full speed and down to 1.8 V at 
  30:Drivers/STM32F4xx_HAL_Driver/Src/stm32f4xx_hal_adc.c ****       slower speed.
ARM GAS  /tmp/ccFxaBUH.s 			page 2


  31:Drivers/STM32F4xx_HAL_Driver/Src/stm32f4xx_hal_adc.c ****   (#) ADC input range: VREF(minus) = VIN = VREF(plus).
  32:Drivers/STM32F4xx_HAL_Driver/Src/stm32f4xx_hal_adc.c ****   (#) DMA request generation during regular channel conversion.
  33:Drivers/STM32F4xx_HAL_Driver/Src/stm32f4xx_hal_adc.c **** 
  34:Drivers/STM32F4xx_HAL_Driver/Src/stm32f4xx_hal_adc.c **** 
  35:Drivers/STM32F4xx_HAL_Driver/Src/stm32f4xx_hal_adc.c ****                      ##### How to use this driver #####
  36:Drivers/STM32F4xx_HAL_Driver/Src/stm32f4xx_hal_adc.c ****   ==============================================================================
  37:Drivers/STM32F4xx_HAL_Driver/Src/stm32f4xx_hal_adc.c ****   [..]
  38:Drivers/STM32F4xx_HAL_Driver/Src/stm32f4xx_hal_adc.c ****   (#)Initialize the ADC low level resources by implementing the HAL_ADC_MspInit():
  39:Drivers/STM32F4xx_HAL_Driver/Src/stm32f4xx_hal_adc.c ****        (##) Enable the ADC interface clock using __HAL_RCC_ADC_CLK_ENABLE()
  40:Drivers/STM32F4xx_HAL_Driver/Src/stm32f4xx_hal_adc.c ****        (##) ADC pins configuration
  41:Drivers/STM32F4xx_HAL_Driver/Src/stm32f4xx_hal_adc.c ****              (+++) Enable the clock for the ADC GPIOs using the following function:
  42:Drivers/STM32F4xx_HAL_Driver/Src/stm32f4xx_hal_adc.c ****                    __HAL_RCC_GPIOx_CLK_ENABLE()  
  43:Drivers/STM32F4xx_HAL_Driver/Src/stm32f4xx_hal_adc.c ****              (+++) Configure these ADC pins in analog mode using HAL_GPIO_Init() 
  44:Drivers/STM32F4xx_HAL_Driver/Src/stm32f4xx_hal_adc.c ****        (##) In case of using interrupts (e.g. HAL_ADC_Start_IT())
  45:Drivers/STM32F4xx_HAL_Driver/Src/stm32f4xx_hal_adc.c ****              (+++) Configure the ADC interrupt priority using HAL_NVIC_SetPriority()
  46:Drivers/STM32F4xx_HAL_Driver/Src/stm32f4xx_hal_adc.c ****              (+++) Enable the ADC IRQ handler using HAL_NVIC_EnableIRQ()
  47:Drivers/STM32F4xx_HAL_Driver/Src/stm32f4xx_hal_adc.c ****              (+++) In ADC IRQ handler, call HAL_ADC_IRQHandler()
  48:Drivers/STM32F4xx_HAL_Driver/Src/stm32f4xx_hal_adc.c ****        (##) In case of using DMA to control data transfer (e.g. HAL_ADC_Start_DMA())
  49:Drivers/STM32F4xx_HAL_Driver/Src/stm32f4xx_hal_adc.c ****              (+++) Enable the DMAx interface clock using __HAL_RCC_DMAx_CLK_ENABLE()
  50:Drivers/STM32F4xx_HAL_Driver/Src/stm32f4xx_hal_adc.c ****              (+++) Configure and enable two DMA streams stream for managing data
  51:Drivers/STM32F4xx_HAL_Driver/Src/stm32f4xx_hal_adc.c ****                  transfer from peripheral to memory (output stream)
  52:Drivers/STM32F4xx_HAL_Driver/Src/stm32f4xx_hal_adc.c ****              (+++) Associate the initialized DMA handle to the CRYP DMA handle
  53:Drivers/STM32F4xx_HAL_Driver/Src/stm32f4xx_hal_adc.c ****                  using  __HAL_LINKDMA()
  54:Drivers/STM32F4xx_HAL_Driver/Src/stm32f4xx_hal_adc.c ****              (+++) Configure the priority and enable the NVIC for the transfer complete
  55:Drivers/STM32F4xx_HAL_Driver/Src/stm32f4xx_hal_adc.c ****                  interrupt on the two DMA Streams. The output stream should have higher
  56:Drivers/STM32F4xx_HAL_Driver/Src/stm32f4xx_hal_adc.c ****                  priority than the input stream.
  57:Drivers/STM32F4xx_HAL_Driver/Src/stm32f4xx_hal_adc.c ****                        
  58:Drivers/STM32F4xx_HAL_Driver/Src/stm32f4xx_hal_adc.c ****     *** Configuration of ADC, groups regular/injected, channels parameters ***
  59:Drivers/STM32F4xx_HAL_Driver/Src/stm32f4xx_hal_adc.c ****   ==============================================================================
  60:Drivers/STM32F4xx_HAL_Driver/Src/stm32f4xx_hal_adc.c ****   [..]
  61:Drivers/STM32F4xx_HAL_Driver/Src/stm32f4xx_hal_adc.c ****   (#) Configure the ADC parameters (resolution, data alignment, ...)
  62:Drivers/STM32F4xx_HAL_Driver/Src/stm32f4xx_hal_adc.c ****       and regular group parameters (conversion trigger, sequencer, ...)
  63:Drivers/STM32F4xx_HAL_Driver/Src/stm32f4xx_hal_adc.c ****       using function HAL_ADC_Init().
  64:Drivers/STM32F4xx_HAL_Driver/Src/stm32f4xx_hal_adc.c **** 
  65:Drivers/STM32F4xx_HAL_Driver/Src/stm32f4xx_hal_adc.c ****   (#) Configure the channels for regular group parameters (channel number, 
  66:Drivers/STM32F4xx_HAL_Driver/Src/stm32f4xx_hal_adc.c ****       channel rank into sequencer, ..., into regular group)
  67:Drivers/STM32F4xx_HAL_Driver/Src/stm32f4xx_hal_adc.c ****       using function HAL_ADC_ConfigChannel().
  68:Drivers/STM32F4xx_HAL_Driver/Src/stm32f4xx_hal_adc.c **** 
  69:Drivers/STM32F4xx_HAL_Driver/Src/stm32f4xx_hal_adc.c ****   (#) Optionally, configure the injected group parameters (conversion trigger, 
  70:Drivers/STM32F4xx_HAL_Driver/Src/stm32f4xx_hal_adc.c ****       sequencer, ..., of injected group)
  71:Drivers/STM32F4xx_HAL_Driver/Src/stm32f4xx_hal_adc.c ****       and the channels for injected group parameters (channel number, 
  72:Drivers/STM32F4xx_HAL_Driver/Src/stm32f4xx_hal_adc.c ****       channel rank into sequencer, ..., into injected group)
  73:Drivers/STM32F4xx_HAL_Driver/Src/stm32f4xx_hal_adc.c ****       using function HAL_ADCEx_InjectedConfigChannel().
  74:Drivers/STM32F4xx_HAL_Driver/Src/stm32f4xx_hal_adc.c **** 
  75:Drivers/STM32F4xx_HAL_Driver/Src/stm32f4xx_hal_adc.c ****   (#) Optionally, configure the analog watchdog parameters (channels
  76:Drivers/STM32F4xx_HAL_Driver/Src/stm32f4xx_hal_adc.c ****       monitored, thresholds, ...) using function HAL_ADC_AnalogWDGConfig().
  77:Drivers/STM32F4xx_HAL_Driver/Src/stm32f4xx_hal_adc.c **** 
  78:Drivers/STM32F4xx_HAL_Driver/Src/stm32f4xx_hal_adc.c ****   (#) Optionally, for devices with several ADC instances: configure the 
  79:Drivers/STM32F4xx_HAL_Driver/Src/stm32f4xx_hal_adc.c ****       multimode parameters using function HAL_ADCEx_MultiModeConfigChannel().
  80:Drivers/STM32F4xx_HAL_Driver/Src/stm32f4xx_hal_adc.c **** 
  81:Drivers/STM32F4xx_HAL_Driver/Src/stm32f4xx_hal_adc.c ****                        *** Execution of ADC conversions ***
  82:Drivers/STM32F4xx_HAL_Driver/Src/stm32f4xx_hal_adc.c ****   ==============================================================================
  83:Drivers/STM32F4xx_HAL_Driver/Src/stm32f4xx_hal_adc.c ****   [..]  
  84:Drivers/STM32F4xx_HAL_Driver/Src/stm32f4xx_hal_adc.c ****   (#) ADC driver can be used among three modes: polling, interruption,
  85:Drivers/STM32F4xx_HAL_Driver/Src/stm32f4xx_hal_adc.c ****       transfer by DMA.    
  86:Drivers/STM32F4xx_HAL_Driver/Src/stm32f4xx_hal_adc.c **** 
  87:Drivers/STM32F4xx_HAL_Driver/Src/stm32f4xx_hal_adc.c ****      *** Polling mode IO operation ***
ARM GAS  /tmp/ccFxaBUH.s 			page 3


  88:Drivers/STM32F4xx_HAL_Driver/Src/stm32f4xx_hal_adc.c ****      =================================
  89:Drivers/STM32F4xx_HAL_Driver/Src/stm32f4xx_hal_adc.c ****      [..]    
  90:Drivers/STM32F4xx_HAL_Driver/Src/stm32f4xx_hal_adc.c ****        (+) Start the ADC peripheral using HAL_ADC_Start() 
  91:Drivers/STM32F4xx_HAL_Driver/Src/stm32f4xx_hal_adc.c ****        (+) Wait for end of conversion using HAL_ADC_PollForConversion(), at this stage
  92:Drivers/STM32F4xx_HAL_Driver/Src/stm32f4xx_hal_adc.c ****            user can specify the value of timeout according to his end application      
  93:Drivers/STM32F4xx_HAL_Driver/Src/stm32f4xx_hal_adc.c ****        (+) To read the ADC converted values, use the HAL_ADC_GetValue() function.
  94:Drivers/STM32F4xx_HAL_Driver/Src/stm32f4xx_hal_adc.c ****        (+) Stop the ADC peripheral using HAL_ADC_Stop()
  95:Drivers/STM32F4xx_HAL_Driver/Src/stm32f4xx_hal_adc.c ****        
  96:Drivers/STM32F4xx_HAL_Driver/Src/stm32f4xx_hal_adc.c ****      *** Interrupt mode IO operation ***    
  97:Drivers/STM32F4xx_HAL_Driver/Src/stm32f4xx_hal_adc.c ****      ===================================
  98:Drivers/STM32F4xx_HAL_Driver/Src/stm32f4xx_hal_adc.c ****      [..]    
  99:Drivers/STM32F4xx_HAL_Driver/Src/stm32f4xx_hal_adc.c ****        (+) Start the ADC peripheral using HAL_ADC_Start_IT() 
 100:Drivers/STM32F4xx_HAL_Driver/Src/stm32f4xx_hal_adc.c ****        (+) Use HAL_ADC_IRQHandler() called under ADC_IRQHandler() Interrupt subroutine
 101:Drivers/STM32F4xx_HAL_Driver/Src/stm32f4xx_hal_adc.c ****        (+) At ADC end of conversion HAL_ADC_ConvCpltCallback() function is executed and user can 
 102:Drivers/STM32F4xx_HAL_Driver/Src/stm32f4xx_hal_adc.c ****            add his own code by customization of function pointer HAL_ADC_ConvCpltCallback 
 103:Drivers/STM32F4xx_HAL_Driver/Src/stm32f4xx_hal_adc.c ****        (+) In case of ADC Error, HAL_ADC_ErrorCallback() function is executed and user can 
 104:Drivers/STM32F4xx_HAL_Driver/Src/stm32f4xx_hal_adc.c ****            add his own code by customization of function pointer HAL_ADC_ErrorCallback
 105:Drivers/STM32F4xx_HAL_Driver/Src/stm32f4xx_hal_adc.c ****        (+) Stop the ADC peripheral using HAL_ADC_Stop_IT()     
 106:Drivers/STM32F4xx_HAL_Driver/Src/stm32f4xx_hal_adc.c **** 
 107:Drivers/STM32F4xx_HAL_Driver/Src/stm32f4xx_hal_adc.c ****      *** DMA mode IO operation ***    
 108:Drivers/STM32F4xx_HAL_Driver/Src/stm32f4xx_hal_adc.c ****      ==============================
 109:Drivers/STM32F4xx_HAL_Driver/Src/stm32f4xx_hal_adc.c ****      [..]    
 110:Drivers/STM32F4xx_HAL_Driver/Src/stm32f4xx_hal_adc.c ****        (+) Start the ADC peripheral using HAL_ADC_Start_DMA(), at this stage the user specify the l
 111:Drivers/STM32F4xx_HAL_Driver/Src/stm32f4xx_hal_adc.c ****            of data to be transferred at each end of conversion 
 112:Drivers/STM32F4xx_HAL_Driver/Src/stm32f4xx_hal_adc.c ****        (+) At The end of data transfer by HAL_ADC_ConvCpltCallback() function is executed and user 
 113:Drivers/STM32F4xx_HAL_Driver/Src/stm32f4xx_hal_adc.c ****            add his own code by customization of function pointer HAL_ADC_ConvCpltCallback 
 114:Drivers/STM32F4xx_HAL_Driver/Src/stm32f4xx_hal_adc.c ****        (+) In case of transfer Error, HAL_ADC_ErrorCallback() function is executed and user can 
 115:Drivers/STM32F4xx_HAL_Driver/Src/stm32f4xx_hal_adc.c ****            add his own code by customization of function pointer HAL_ADC_ErrorCallback
 116:Drivers/STM32F4xx_HAL_Driver/Src/stm32f4xx_hal_adc.c ****        (+) Stop the ADC peripheral using HAL_ADC_Stop_DMA()
 117:Drivers/STM32F4xx_HAL_Driver/Src/stm32f4xx_hal_adc.c ****                     
 118:Drivers/STM32F4xx_HAL_Driver/Src/stm32f4xx_hal_adc.c ****      *** ADC HAL driver macros list ***
 119:Drivers/STM32F4xx_HAL_Driver/Src/stm32f4xx_hal_adc.c ****      ============================================= 
 120:Drivers/STM32F4xx_HAL_Driver/Src/stm32f4xx_hal_adc.c ****      [..]
 121:Drivers/STM32F4xx_HAL_Driver/Src/stm32f4xx_hal_adc.c ****        Below the list of most used macros in ADC HAL driver.
 122:Drivers/STM32F4xx_HAL_Driver/Src/stm32f4xx_hal_adc.c ****        
 123:Drivers/STM32F4xx_HAL_Driver/Src/stm32f4xx_hal_adc.c ****       (+) __HAL_ADC_ENABLE : Enable the ADC peripheral
 124:Drivers/STM32F4xx_HAL_Driver/Src/stm32f4xx_hal_adc.c ****       (+) __HAL_ADC_DISABLE : Disable the ADC peripheral
 125:Drivers/STM32F4xx_HAL_Driver/Src/stm32f4xx_hal_adc.c ****       (+) __HAL_ADC_ENABLE_IT: Enable the ADC end of conversion interrupt
 126:Drivers/STM32F4xx_HAL_Driver/Src/stm32f4xx_hal_adc.c ****       (+) __HAL_ADC_DISABLE_IT: Disable the ADC end of conversion interrupt
 127:Drivers/STM32F4xx_HAL_Driver/Src/stm32f4xx_hal_adc.c ****       (+) __HAL_ADC_GET_IT_SOURCE: Check if the specified ADC interrupt source is enabled or disabl
 128:Drivers/STM32F4xx_HAL_Driver/Src/stm32f4xx_hal_adc.c ****       (+) __HAL_ADC_CLEAR_FLAG: Clear the ADC's pending flags
 129:Drivers/STM32F4xx_HAL_Driver/Src/stm32f4xx_hal_adc.c ****       (+) __HAL_ADC_GET_FLAG: Get the selected ADC's flag status
 130:Drivers/STM32F4xx_HAL_Driver/Src/stm32f4xx_hal_adc.c ****       (+) ADC_GET_RESOLUTION: Return resolution bits in CR1 register 
 131:Drivers/STM32F4xx_HAL_Driver/Src/stm32f4xx_hal_adc.c ****       
 132:Drivers/STM32F4xx_HAL_Driver/Src/stm32f4xx_hal_adc.c ****      [..] 
 133:Drivers/STM32F4xx_HAL_Driver/Src/stm32f4xx_hal_adc.c ****        (@) You can refer to the ADC HAL driver header file for more useful macros 
 134:Drivers/STM32F4xx_HAL_Driver/Src/stm32f4xx_hal_adc.c **** 
 135:Drivers/STM32F4xx_HAL_Driver/Src/stm32f4xx_hal_adc.c ****                       *** Deinitialization of ADC ***
 136:Drivers/STM32F4xx_HAL_Driver/Src/stm32f4xx_hal_adc.c ****   ==============================================================================
 137:Drivers/STM32F4xx_HAL_Driver/Src/stm32f4xx_hal_adc.c ****   [..]
 138:Drivers/STM32F4xx_HAL_Driver/Src/stm32f4xx_hal_adc.c ****   (#) Disable the ADC interface
 139:Drivers/STM32F4xx_HAL_Driver/Src/stm32f4xx_hal_adc.c ****      (++) ADC clock can be hard reset and disabled at RCC top level.
 140:Drivers/STM32F4xx_HAL_Driver/Src/stm32f4xx_hal_adc.c ****      (++) Hard reset of ADC peripherals
 141:Drivers/STM32F4xx_HAL_Driver/Src/stm32f4xx_hal_adc.c ****           using macro __HAL_RCC_ADC_FORCE_RESET(), __HAL_RCC_ADC_RELEASE_RESET().
 142:Drivers/STM32F4xx_HAL_Driver/Src/stm32f4xx_hal_adc.c ****      (++) ADC clock disable using the equivalent macro/functions as configuration step.
 143:Drivers/STM32F4xx_HAL_Driver/Src/stm32f4xx_hal_adc.c ****                (+++) Example:
 144:Drivers/STM32F4xx_HAL_Driver/Src/stm32f4xx_hal_adc.c ****                    Into HAL_ADC_MspDeInit() (recommended code location) or with
ARM GAS  /tmp/ccFxaBUH.s 			page 4


 145:Drivers/STM32F4xx_HAL_Driver/Src/stm32f4xx_hal_adc.c ****                    other device clock parameters configuration:
 146:Drivers/STM32F4xx_HAL_Driver/Src/stm32f4xx_hal_adc.c ****                (+++) HAL_RCC_GetOscConfig(&RCC_OscInitStructure);
 147:Drivers/STM32F4xx_HAL_Driver/Src/stm32f4xx_hal_adc.c ****                (+++) RCC_OscInitStructure.OscillatorType = RCC_OSCILLATORTYPE_HSI;
 148:Drivers/STM32F4xx_HAL_Driver/Src/stm32f4xx_hal_adc.c ****                (+++) RCC_OscInitStructure.HSIState = RCC_HSI_OFF; (if not used for system clock)
 149:Drivers/STM32F4xx_HAL_Driver/Src/stm32f4xx_hal_adc.c ****                (+++) HAL_RCC_OscConfig(&RCC_OscInitStructure);
 150:Drivers/STM32F4xx_HAL_Driver/Src/stm32f4xx_hal_adc.c **** 
 151:Drivers/STM32F4xx_HAL_Driver/Src/stm32f4xx_hal_adc.c ****   (#) ADC pins configuration
 152:Drivers/STM32F4xx_HAL_Driver/Src/stm32f4xx_hal_adc.c ****      (++) Disable the clock for the ADC GPIOs using macro __HAL_RCC_GPIOx_CLK_DISABLE()
 153:Drivers/STM32F4xx_HAL_Driver/Src/stm32f4xx_hal_adc.c **** 
 154:Drivers/STM32F4xx_HAL_Driver/Src/stm32f4xx_hal_adc.c ****   (#) Optionally, in case of usage of ADC with interruptions:
 155:Drivers/STM32F4xx_HAL_Driver/Src/stm32f4xx_hal_adc.c ****      (++) Disable the NVIC for ADC using function HAL_NVIC_DisableIRQ(ADCx_IRQn)
 156:Drivers/STM32F4xx_HAL_Driver/Src/stm32f4xx_hal_adc.c **** 
 157:Drivers/STM32F4xx_HAL_Driver/Src/stm32f4xx_hal_adc.c ****   (#) Optionally, in case of usage of DMA:
 158:Drivers/STM32F4xx_HAL_Driver/Src/stm32f4xx_hal_adc.c ****         (++) Deinitialize the DMA using function HAL_DMA_DeInit().
 159:Drivers/STM32F4xx_HAL_Driver/Src/stm32f4xx_hal_adc.c ****         (++) Disable the NVIC for DMA using function HAL_NVIC_DisableIRQ(DMAx_Channelx_IRQn)   
 160:Drivers/STM32F4xx_HAL_Driver/Src/stm32f4xx_hal_adc.c ****                       *** Callback registration ***
 161:Drivers/STM32F4xx_HAL_Driver/Src/stm32f4xx_hal_adc.c ****   ==============================================================================
 162:Drivers/STM32F4xx_HAL_Driver/Src/stm32f4xx_hal_adc.c ****     [..]
 163:Drivers/STM32F4xx_HAL_Driver/Src/stm32f4xx_hal_adc.c **** 
 164:Drivers/STM32F4xx_HAL_Driver/Src/stm32f4xx_hal_adc.c ****      The compilation flag USE_HAL_ADC_REGISTER_CALLBACKS, when set to 1,
 165:Drivers/STM32F4xx_HAL_Driver/Src/stm32f4xx_hal_adc.c ****      allows the user to configure dynamically the driver callbacks.
 166:Drivers/STM32F4xx_HAL_Driver/Src/stm32f4xx_hal_adc.c ****      Use Functions HAL_ADC_RegisterCallback()
 167:Drivers/STM32F4xx_HAL_Driver/Src/stm32f4xx_hal_adc.c ****      to register an interrupt callback.
 168:Drivers/STM32F4xx_HAL_Driver/Src/stm32f4xx_hal_adc.c ****     [..]
 169:Drivers/STM32F4xx_HAL_Driver/Src/stm32f4xx_hal_adc.c **** 
 170:Drivers/STM32F4xx_HAL_Driver/Src/stm32f4xx_hal_adc.c ****      Function HAL_ADC_RegisterCallback() allows to register following callbacks:
 171:Drivers/STM32F4xx_HAL_Driver/Src/stm32f4xx_hal_adc.c ****        (+) ConvCpltCallback               : ADC conversion complete callback
 172:Drivers/STM32F4xx_HAL_Driver/Src/stm32f4xx_hal_adc.c ****        (+) ConvHalfCpltCallback           : ADC conversion DMA half-transfer callback
 173:Drivers/STM32F4xx_HAL_Driver/Src/stm32f4xx_hal_adc.c ****        (+) LevelOutOfWindowCallback       : ADC analog watchdog 1 callback
 174:Drivers/STM32F4xx_HAL_Driver/Src/stm32f4xx_hal_adc.c ****        (+) ErrorCallback                  : ADC error callback
 175:Drivers/STM32F4xx_HAL_Driver/Src/stm32f4xx_hal_adc.c ****        (+) InjectedConvCpltCallback       : ADC group injected conversion complete callback
 176:Drivers/STM32F4xx_HAL_Driver/Src/stm32f4xx_hal_adc.c ****        (+) InjectedQueueOverflowCallback  : ADC group injected context queue overflow callback
 177:Drivers/STM32F4xx_HAL_Driver/Src/stm32f4xx_hal_adc.c ****        (+) LevelOutOfWindow2Callback      : ADC analog watchdog 2 callback
 178:Drivers/STM32F4xx_HAL_Driver/Src/stm32f4xx_hal_adc.c ****        (+) LevelOutOfWindow3Callback      : ADC analog watchdog 3 callback
 179:Drivers/STM32F4xx_HAL_Driver/Src/stm32f4xx_hal_adc.c ****        (+) EndOfSamplingCallback          : ADC end of sampling callback
 180:Drivers/STM32F4xx_HAL_Driver/Src/stm32f4xx_hal_adc.c ****        (+) MspInitCallback                : ADC Msp Init callback
 181:Drivers/STM32F4xx_HAL_Driver/Src/stm32f4xx_hal_adc.c ****        (+) MspDeInitCallback              : ADC Msp DeInit callback
 182:Drivers/STM32F4xx_HAL_Driver/Src/stm32f4xx_hal_adc.c ****      This function takes as parameters the HAL peripheral handle, the Callback ID
 183:Drivers/STM32F4xx_HAL_Driver/Src/stm32f4xx_hal_adc.c ****      and a pointer to the user callback function.
 184:Drivers/STM32F4xx_HAL_Driver/Src/stm32f4xx_hal_adc.c ****     [..]
 185:Drivers/STM32F4xx_HAL_Driver/Src/stm32f4xx_hal_adc.c **** 
 186:Drivers/STM32F4xx_HAL_Driver/Src/stm32f4xx_hal_adc.c ****      Use function HAL_ADC_UnRegisterCallback to reset a callback to the default
 187:Drivers/STM32F4xx_HAL_Driver/Src/stm32f4xx_hal_adc.c ****      weak function.
 188:Drivers/STM32F4xx_HAL_Driver/Src/stm32f4xx_hal_adc.c ****     [..]
 189:Drivers/STM32F4xx_HAL_Driver/Src/stm32f4xx_hal_adc.c **** 
 190:Drivers/STM32F4xx_HAL_Driver/Src/stm32f4xx_hal_adc.c ****      HAL_ADC_UnRegisterCallback takes as parameters the HAL peripheral handle,
 191:Drivers/STM32F4xx_HAL_Driver/Src/stm32f4xx_hal_adc.c ****      and the Callback ID.
 192:Drivers/STM32F4xx_HAL_Driver/Src/stm32f4xx_hal_adc.c ****      This function allows to reset following callbacks:
 193:Drivers/STM32F4xx_HAL_Driver/Src/stm32f4xx_hal_adc.c ****        (+) ConvCpltCallback               : ADC conversion complete callback
 194:Drivers/STM32F4xx_HAL_Driver/Src/stm32f4xx_hal_adc.c ****        (+) ConvHalfCpltCallback           : ADC conversion DMA half-transfer callback
 195:Drivers/STM32F4xx_HAL_Driver/Src/stm32f4xx_hal_adc.c ****        (+) LevelOutOfWindowCallback       : ADC analog watchdog 1 callback
 196:Drivers/STM32F4xx_HAL_Driver/Src/stm32f4xx_hal_adc.c ****        (+) ErrorCallback                  : ADC error callback
 197:Drivers/STM32F4xx_HAL_Driver/Src/stm32f4xx_hal_adc.c ****        (+) InjectedConvCpltCallback       : ADC group injected conversion complete callback
 198:Drivers/STM32F4xx_HAL_Driver/Src/stm32f4xx_hal_adc.c ****        (+) InjectedQueueOverflowCallback  : ADC group injected context queue overflow callback
 199:Drivers/STM32F4xx_HAL_Driver/Src/stm32f4xx_hal_adc.c ****        (+) LevelOutOfWindow2Callback      : ADC analog watchdog 2 callback
 200:Drivers/STM32F4xx_HAL_Driver/Src/stm32f4xx_hal_adc.c ****        (+) LevelOutOfWindow3Callback      : ADC analog watchdog 3 callback
 201:Drivers/STM32F4xx_HAL_Driver/Src/stm32f4xx_hal_adc.c ****        (+) EndOfSamplingCallback          : ADC end of sampling callback
ARM GAS  /tmp/ccFxaBUH.s 			page 5


 202:Drivers/STM32F4xx_HAL_Driver/Src/stm32f4xx_hal_adc.c ****        (+) MspInitCallback                : ADC Msp Init callback
 203:Drivers/STM32F4xx_HAL_Driver/Src/stm32f4xx_hal_adc.c ****        (+) MspDeInitCallback              : ADC Msp DeInit callback
 204:Drivers/STM32F4xx_HAL_Driver/Src/stm32f4xx_hal_adc.c ****      [..]
 205:Drivers/STM32F4xx_HAL_Driver/Src/stm32f4xx_hal_adc.c **** 
 206:Drivers/STM32F4xx_HAL_Driver/Src/stm32f4xx_hal_adc.c ****      By default, after the HAL_ADC_Init() and when the state is HAL_ADC_STATE_RESET
 207:Drivers/STM32F4xx_HAL_Driver/Src/stm32f4xx_hal_adc.c ****      all callbacks are set to the corresponding weak functions:
 208:Drivers/STM32F4xx_HAL_Driver/Src/stm32f4xx_hal_adc.c ****      examples HAL_ADC_ConvCpltCallback(), HAL_ADC_ErrorCallback().
 209:Drivers/STM32F4xx_HAL_Driver/Src/stm32f4xx_hal_adc.c ****      Exception done for MspInit and MspDeInit functions that are
 210:Drivers/STM32F4xx_HAL_Driver/Src/stm32f4xx_hal_adc.c ****      reset to the legacy weak functions in the HAL_ADC_Init()/ HAL_ADC_DeInit() only when
 211:Drivers/STM32F4xx_HAL_Driver/Src/stm32f4xx_hal_adc.c ****      these callbacks are null (not registered beforehand).
 212:Drivers/STM32F4xx_HAL_Driver/Src/stm32f4xx_hal_adc.c ****     [..]
 213:Drivers/STM32F4xx_HAL_Driver/Src/stm32f4xx_hal_adc.c **** 
 214:Drivers/STM32F4xx_HAL_Driver/Src/stm32f4xx_hal_adc.c ****      If MspInit or MspDeInit are not null, the HAL_ADC_Init()/ HAL_ADC_DeInit()
 215:Drivers/STM32F4xx_HAL_Driver/Src/stm32f4xx_hal_adc.c ****      keep and use the user MspInit/MspDeInit callbacks (registered beforehand) whatever the state.
 216:Drivers/STM32F4xx_HAL_Driver/Src/stm32f4xx_hal_adc.c ****      [..]
 217:Drivers/STM32F4xx_HAL_Driver/Src/stm32f4xx_hal_adc.c **** 
 218:Drivers/STM32F4xx_HAL_Driver/Src/stm32f4xx_hal_adc.c ****      Callbacks can be registered/unregistered in HAL_ADC_STATE_READY state only.
 219:Drivers/STM32F4xx_HAL_Driver/Src/stm32f4xx_hal_adc.c ****      Exception done MspInit/MspDeInit functions that can be registered/unregistered
 220:Drivers/STM32F4xx_HAL_Driver/Src/stm32f4xx_hal_adc.c ****      in HAL_ADC_STATE_READY or HAL_ADC_STATE_RESET state,
 221:Drivers/STM32F4xx_HAL_Driver/Src/stm32f4xx_hal_adc.c ****      thus registered (user) MspInit/DeInit callbacks can be used during the Init/DeInit.
 222:Drivers/STM32F4xx_HAL_Driver/Src/stm32f4xx_hal_adc.c ****     [..]
 223:Drivers/STM32F4xx_HAL_Driver/Src/stm32f4xx_hal_adc.c **** 
 224:Drivers/STM32F4xx_HAL_Driver/Src/stm32f4xx_hal_adc.c ****      Then, the user first registers the MspInit/MspDeInit user callbacks
 225:Drivers/STM32F4xx_HAL_Driver/Src/stm32f4xx_hal_adc.c ****      using HAL_ADC_RegisterCallback() before calling HAL_ADC_DeInit()
 226:Drivers/STM32F4xx_HAL_Driver/Src/stm32f4xx_hal_adc.c ****      or HAL_ADC_Init() function.
 227:Drivers/STM32F4xx_HAL_Driver/Src/stm32f4xx_hal_adc.c ****      [..]
 228:Drivers/STM32F4xx_HAL_Driver/Src/stm32f4xx_hal_adc.c **** 
 229:Drivers/STM32F4xx_HAL_Driver/Src/stm32f4xx_hal_adc.c ****      When the compilation flag USE_HAL_ADC_REGISTER_CALLBACKS is set to 0 or
 230:Drivers/STM32F4xx_HAL_Driver/Src/stm32f4xx_hal_adc.c ****      not defined, the callback registration feature is not available and all callbacks
 231:Drivers/STM32F4xx_HAL_Driver/Src/stm32f4xx_hal_adc.c ****      are set to the corresponding weak functions.
 232:Drivers/STM32F4xx_HAL_Driver/Src/stm32f4xx_hal_adc.c **** 
 233:Drivers/STM32F4xx_HAL_Driver/Src/stm32f4xx_hal_adc.c ****     @endverbatim
 234:Drivers/STM32F4xx_HAL_Driver/Src/stm32f4xx_hal_adc.c ****   ******************************************************************************
 235:Drivers/STM32F4xx_HAL_Driver/Src/stm32f4xx_hal_adc.c ****   * @attention
 236:Drivers/STM32F4xx_HAL_Driver/Src/stm32f4xx_hal_adc.c ****   *
 237:Drivers/STM32F4xx_HAL_Driver/Src/stm32f4xx_hal_adc.c ****   * <h2><center>&copy; Copyright (c) 2017 STMicroelectronics.
 238:Drivers/STM32F4xx_HAL_Driver/Src/stm32f4xx_hal_adc.c ****   * All rights reserved.</center></h2>
 239:Drivers/STM32F4xx_HAL_Driver/Src/stm32f4xx_hal_adc.c ****   *
 240:Drivers/STM32F4xx_HAL_Driver/Src/stm32f4xx_hal_adc.c ****   * This software component is licensed by ST under BSD 3-Clause license,
 241:Drivers/STM32F4xx_HAL_Driver/Src/stm32f4xx_hal_adc.c ****   * the "License"; You may not use this file except in compliance with the
 242:Drivers/STM32F4xx_HAL_Driver/Src/stm32f4xx_hal_adc.c ****   * License. You may obtain a copy of the License at:
 243:Drivers/STM32F4xx_HAL_Driver/Src/stm32f4xx_hal_adc.c ****   *                        opensource.org/licenses/BSD-3-Clause
 244:Drivers/STM32F4xx_HAL_Driver/Src/stm32f4xx_hal_adc.c ****   *
 245:Drivers/STM32F4xx_HAL_Driver/Src/stm32f4xx_hal_adc.c ****   ******************************************************************************
 246:Drivers/STM32F4xx_HAL_Driver/Src/stm32f4xx_hal_adc.c ****   */ 
 247:Drivers/STM32F4xx_HAL_Driver/Src/stm32f4xx_hal_adc.c **** 
 248:Drivers/STM32F4xx_HAL_Driver/Src/stm32f4xx_hal_adc.c **** /* Includes ------------------------------------------------------------------*/
 249:Drivers/STM32F4xx_HAL_Driver/Src/stm32f4xx_hal_adc.c **** #include "stm32f4xx_hal.h"
 250:Drivers/STM32F4xx_HAL_Driver/Src/stm32f4xx_hal_adc.c **** 
 251:Drivers/STM32F4xx_HAL_Driver/Src/stm32f4xx_hal_adc.c **** /** @addtogroup STM32F4xx_HAL_Driver
 252:Drivers/STM32F4xx_HAL_Driver/Src/stm32f4xx_hal_adc.c ****   * @{
 253:Drivers/STM32F4xx_HAL_Driver/Src/stm32f4xx_hal_adc.c ****   */
 254:Drivers/STM32F4xx_HAL_Driver/Src/stm32f4xx_hal_adc.c **** 
 255:Drivers/STM32F4xx_HAL_Driver/Src/stm32f4xx_hal_adc.c **** /** @defgroup ADC ADC
 256:Drivers/STM32F4xx_HAL_Driver/Src/stm32f4xx_hal_adc.c ****   * @brief ADC driver modules
 257:Drivers/STM32F4xx_HAL_Driver/Src/stm32f4xx_hal_adc.c ****   * @{
 258:Drivers/STM32F4xx_HAL_Driver/Src/stm32f4xx_hal_adc.c ****   */ 
ARM GAS  /tmp/ccFxaBUH.s 			page 6


 259:Drivers/STM32F4xx_HAL_Driver/Src/stm32f4xx_hal_adc.c **** 
 260:Drivers/STM32F4xx_HAL_Driver/Src/stm32f4xx_hal_adc.c **** #ifdef HAL_ADC_MODULE_ENABLED
 261:Drivers/STM32F4xx_HAL_Driver/Src/stm32f4xx_hal_adc.c ****     
 262:Drivers/STM32F4xx_HAL_Driver/Src/stm32f4xx_hal_adc.c **** /* Private typedef -----------------------------------------------------------*/
 263:Drivers/STM32F4xx_HAL_Driver/Src/stm32f4xx_hal_adc.c **** /* Private define ------------------------------------------------------------*/
 264:Drivers/STM32F4xx_HAL_Driver/Src/stm32f4xx_hal_adc.c **** /* Private macro -------------------------------------------------------------*/
 265:Drivers/STM32F4xx_HAL_Driver/Src/stm32f4xx_hal_adc.c **** /* Private variables ---------------------------------------------------------*/
 266:Drivers/STM32F4xx_HAL_Driver/Src/stm32f4xx_hal_adc.c **** /** @addtogroup ADC_Private_Functions
 267:Drivers/STM32F4xx_HAL_Driver/Src/stm32f4xx_hal_adc.c ****   * @{
 268:Drivers/STM32F4xx_HAL_Driver/Src/stm32f4xx_hal_adc.c ****   */
 269:Drivers/STM32F4xx_HAL_Driver/Src/stm32f4xx_hal_adc.c **** /* Private function prototypes -----------------------------------------------*/
 270:Drivers/STM32F4xx_HAL_Driver/Src/stm32f4xx_hal_adc.c **** static void ADC_Init(ADC_HandleTypeDef* hadc);
 271:Drivers/STM32F4xx_HAL_Driver/Src/stm32f4xx_hal_adc.c **** static void ADC_DMAConvCplt(DMA_HandleTypeDef *hdma);
 272:Drivers/STM32F4xx_HAL_Driver/Src/stm32f4xx_hal_adc.c **** static void ADC_DMAError(DMA_HandleTypeDef *hdma);
 273:Drivers/STM32F4xx_HAL_Driver/Src/stm32f4xx_hal_adc.c **** static void ADC_DMAHalfConvCplt(DMA_HandleTypeDef *hdma);
 274:Drivers/STM32F4xx_HAL_Driver/Src/stm32f4xx_hal_adc.c **** /**
 275:Drivers/STM32F4xx_HAL_Driver/Src/stm32f4xx_hal_adc.c ****   * @}
 276:Drivers/STM32F4xx_HAL_Driver/Src/stm32f4xx_hal_adc.c ****   */
 277:Drivers/STM32F4xx_HAL_Driver/Src/stm32f4xx_hal_adc.c **** /* Exported functions --------------------------------------------------------*/
 278:Drivers/STM32F4xx_HAL_Driver/Src/stm32f4xx_hal_adc.c **** /** @defgroup ADC_Exported_Functions ADC Exported Functions
 279:Drivers/STM32F4xx_HAL_Driver/Src/stm32f4xx_hal_adc.c ****   * @{
 280:Drivers/STM32F4xx_HAL_Driver/Src/stm32f4xx_hal_adc.c ****   */
 281:Drivers/STM32F4xx_HAL_Driver/Src/stm32f4xx_hal_adc.c **** 
 282:Drivers/STM32F4xx_HAL_Driver/Src/stm32f4xx_hal_adc.c **** /** @defgroup ADC_Exported_Functions_Group1 Initialization and de-initialization functions 
 283:Drivers/STM32F4xx_HAL_Driver/Src/stm32f4xx_hal_adc.c ****  *  @brief    Initialization and Configuration functions 
 284:Drivers/STM32F4xx_HAL_Driver/Src/stm32f4xx_hal_adc.c ****  *
 285:Drivers/STM32F4xx_HAL_Driver/Src/stm32f4xx_hal_adc.c **** @verbatim    
 286:Drivers/STM32F4xx_HAL_Driver/Src/stm32f4xx_hal_adc.c ****  ===============================================================================
 287:Drivers/STM32F4xx_HAL_Driver/Src/stm32f4xx_hal_adc.c ****               ##### Initialization and de-initialization functions #####
 288:Drivers/STM32F4xx_HAL_Driver/Src/stm32f4xx_hal_adc.c ****  ===============================================================================
 289:Drivers/STM32F4xx_HAL_Driver/Src/stm32f4xx_hal_adc.c ****     [..]  This section provides functions allowing to:
 290:Drivers/STM32F4xx_HAL_Driver/Src/stm32f4xx_hal_adc.c ****       (+) Initialize and configure the ADC. 
 291:Drivers/STM32F4xx_HAL_Driver/Src/stm32f4xx_hal_adc.c ****       (+) De-initialize the ADC. 
 292:Drivers/STM32F4xx_HAL_Driver/Src/stm32f4xx_hal_adc.c ****          
 293:Drivers/STM32F4xx_HAL_Driver/Src/stm32f4xx_hal_adc.c **** @endverbatim
 294:Drivers/STM32F4xx_HAL_Driver/Src/stm32f4xx_hal_adc.c ****   * @{
 295:Drivers/STM32F4xx_HAL_Driver/Src/stm32f4xx_hal_adc.c ****   */
 296:Drivers/STM32F4xx_HAL_Driver/Src/stm32f4xx_hal_adc.c **** 
 297:Drivers/STM32F4xx_HAL_Driver/Src/stm32f4xx_hal_adc.c **** /**
 298:Drivers/STM32F4xx_HAL_Driver/Src/stm32f4xx_hal_adc.c ****   * @brief  Initializes the ADCx peripheral according to the specified parameters 
 299:Drivers/STM32F4xx_HAL_Driver/Src/stm32f4xx_hal_adc.c ****   *         in the ADC_InitStruct and initializes the ADC MSP.
 300:Drivers/STM32F4xx_HAL_Driver/Src/stm32f4xx_hal_adc.c ****   *           
 301:Drivers/STM32F4xx_HAL_Driver/Src/stm32f4xx_hal_adc.c ****   * @note   This function is used to configure the global features of the ADC ( 
 302:Drivers/STM32F4xx_HAL_Driver/Src/stm32f4xx_hal_adc.c ****   *         ClockPrescaler, Resolution, Data Alignment and number of conversion), however,
 303:Drivers/STM32F4xx_HAL_Driver/Src/stm32f4xx_hal_adc.c ****   *         the rest of the configuration parameters are specific to the regular
 304:Drivers/STM32F4xx_HAL_Driver/Src/stm32f4xx_hal_adc.c ****   *         channels group (scan mode activation, continuous mode activation,
 305:Drivers/STM32F4xx_HAL_Driver/Src/stm32f4xx_hal_adc.c ****   *         External trigger source and edge, DMA continuous request after the  
 306:Drivers/STM32F4xx_HAL_Driver/Src/stm32f4xx_hal_adc.c ****   *         last transfer and End of conversion selection).
 307:Drivers/STM32F4xx_HAL_Driver/Src/stm32f4xx_hal_adc.c ****   *             
 308:Drivers/STM32F4xx_HAL_Driver/Src/stm32f4xx_hal_adc.c ****   * @param  hadc pointer to a ADC_HandleTypeDef structure that contains
 309:Drivers/STM32F4xx_HAL_Driver/Src/stm32f4xx_hal_adc.c ****   *         the configuration information for the specified ADC.  
 310:Drivers/STM32F4xx_HAL_Driver/Src/stm32f4xx_hal_adc.c ****   * @retval HAL status
 311:Drivers/STM32F4xx_HAL_Driver/Src/stm32f4xx_hal_adc.c ****   */
 312:Drivers/STM32F4xx_HAL_Driver/Src/stm32f4xx_hal_adc.c **** HAL_StatusTypeDef HAL_ADC_Init(ADC_HandleTypeDef* hadc)
 313:Drivers/STM32F4xx_HAL_Driver/Src/stm32f4xx_hal_adc.c **** {
 314:Drivers/STM32F4xx_HAL_Driver/Src/stm32f4xx_hal_adc.c ****   HAL_StatusTypeDef tmp_hal_status = HAL_OK;
 315:Drivers/STM32F4xx_HAL_Driver/Src/stm32f4xx_hal_adc.c ****   
ARM GAS  /tmp/ccFxaBUH.s 			page 7


 316:Drivers/STM32F4xx_HAL_Driver/Src/stm32f4xx_hal_adc.c ****   /* Check ADC handle */
 317:Drivers/STM32F4xx_HAL_Driver/Src/stm32f4xx_hal_adc.c ****   if(hadc == NULL)
 318:Drivers/STM32F4xx_HAL_Driver/Src/stm32f4xx_hal_adc.c ****   {
 319:Drivers/STM32F4xx_HAL_Driver/Src/stm32f4xx_hal_adc.c ****     return HAL_ERROR;
 320:Drivers/STM32F4xx_HAL_Driver/Src/stm32f4xx_hal_adc.c ****   }
 321:Drivers/STM32F4xx_HAL_Driver/Src/stm32f4xx_hal_adc.c ****   
 322:Drivers/STM32F4xx_HAL_Driver/Src/stm32f4xx_hal_adc.c ****   /* Check the parameters */
 323:Drivers/STM32F4xx_HAL_Driver/Src/stm32f4xx_hal_adc.c ****   assert_param(IS_ADC_ALL_INSTANCE(hadc->Instance));
 324:Drivers/STM32F4xx_HAL_Driver/Src/stm32f4xx_hal_adc.c ****   assert_param(IS_ADC_CLOCKPRESCALER(hadc->Init.ClockPrescaler));
 325:Drivers/STM32F4xx_HAL_Driver/Src/stm32f4xx_hal_adc.c ****   assert_param(IS_ADC_RESOLUTION(hadc->Init.Resolution));
 326:Drivers/STM32F4xx_HAL_Driver/Src/stm32f4xx_hal_adc.c ****   assert_param(IS_FUNCTIONAL_STATE(hadc->Init.ScanConvMode));
 327:Drivers/STM32F4xx_HAL_Driver/Src/stm32f4xx_hal_adc.c ****   assert_param(IS_FUNCTIONAL_STATE(hadc->Init.ContinuousConvMode));
 328:Drivers/STM32F4xx_HAL_Driver/Src/stm32f4xx_hal_adc.c ****   assert_param(IS_ADC_EXT_TRIG(hadc->Init.ExternalTrigConv));
 329:Drivers/STM32F4xx_HAL_Driver/Src/stm32f4xx_hal_adc.c ****   assert_param(IS_ADC_DATA_ALIGN(hadc->Init.DataAlign));
 330:Drivers/STM32F4xx_HAL_Driver/Src/stm32f4xx_hal_adc.c ****   assert_param(IS_ADC_REGULAR_LENGTH(hadc->Init.NbrOfConversion));
 331:Drivers/STM32F4xx_HAL_Driver/Src/stm32f4xx_hal_adc.c ****   assert_param(IS_FUNCTIONAL_STATE(hadc->Init.DMAContinuousRequests));
 332:Drivers/STM32F4xx_HAL_Driver/Src/stm32f4xx_hal_adc.c ****   assert_param(IS_ADC_EOCSelection(hadc->Init.EOCSelection));
 333:Drivers/STM32F4xx_HAL_Driver/Src/stm32f4xx_hal_adc.c ****   assert_param(IS_FUNCTIONAL_STATE(hadc->Init.DiscontinuousConvMode));
 334:Drivers/STM32F4xx_HAL_Driver/Src/stm32f4xx_hal_adc.c ****   
 335:Drivers/STM32F4xx_HAL_Driver/Src/stm32f4xx_hal_adc.c ****   if(hadc->Init.ExternalTrigConv != ADC_SOFTWARE_START)
 336:Drivers/STM32F4xx_HAL_Driver/Src/stm32f4xx_hal_adc.c ****   {
 337:Drivers/STM32F4xx_HAL_Driver/Src/stm32f4xx_hal_adc.c ****     assert_param(IS_ADC_EXT_TRIG_EDGE(hadc->Init.ExternalTrigConvEdge));
 338:Drivers/STM32F4xx_HAL_Driver/Src/stm32f4xx_hal_adc.c ****   }
 339:Drivers/STM32F4xx_HAL_Driver/Src/stm32f4xx_hal_adc.c ****   
 340:Drivers/STM32F4xx_HAL_Driver/Src/stm32f4xx_hal_adc.c ****   if(hadc->State == HAL_ADC_STATE_RESET)
 341:Drivers/STM32F4xx_HAL_Driver/Src/stm32f4xx_hal_adc.c ****   {
 342:Drivers/STM32F4xx_HAL_Driver/Src/stm32f4xx_hal_adc.c **** #if (USE_HAL_ADC_REGISTER_CALLBACKS == 1)
 343:Drivers/STM32F4xx_HAL_Driver/Src/stm32f4xx_hal_adc.c ****     /* Init the ADC Callback settings */
 344:Drivers/STM32F4xx_HAL_Driver/Src/stm32f4xx_hal_adc.c ****     hadc->ConvCpltCallback              = HAL_ADC_ConvCpltCallback;                 /* Legacy weak 
 345:Drivers/STM32F4xx_HAL_Driver/Src/stm32f4xx_hal_adc.c ****     hadc->ConvHalfCpltCallback          = HAL_ADC_ConvHalfCpltCallback;             /* Legacy weak 
 346:Drivers/STM32F4xx_HAL_Driver/Src/stm32f4xx_hal_adc.c ****     hadc->LevelOutOfWindowCallback      = HAL_ADC_LevelOutOfWindowCallback;         /* Legacy weak 
 347:Drivers/STM32F4xx_HAL_Driver/Src/stm32f4xx_hal_adc.c ****     hadc->ErrorCallback                 = HAL_ADC_ErrorCallback;                    /* Legacy weak 
 348:Drivers/STM32F4xx_HAL_Driver/Src/stm32f4xx_hal_adc.c ****     hadc->InjectedConvCpltCallback      = HAL_ADCEx_InjectedConvCpltCallback;       /* Legacy weak 
 349:Drivers/STM32F4xx_HAL_Driver/Src/stm32f4xx_hal_adc.c ****     if (hadc->MspInitCallback == NULL)
 350:Drivers/STM32F4xx_HAL_Driver/Src/stm32f4xx_hal_adc.c ****     {
 351:Drivers/STM32F4xx_HAL_Driver/Src/stm32f4xx_hal_adc.c ****       hadc->MspInitCallback = HAL_ADC_MspInit; /* Legacy weak MspInit  */
 352:Drivers/STM32F4xx_HAL_Driver/Src/stm32f4xx_hal_adc.c ****     }
 353:Drivers/STM32F4xx_HAL_Driver/Src/stm32f4xx_hal_adc.c **** 
 354:Drivers/STM32F4xx_HAL_Driver/Src/stm32f4xx_hal_adc.c ****     /* Init the low level hardware */
 355:Drivers/STM32F4xx_HAL_Driver/Src/stm32f4xx_hal_adc.c ****     hadc->MspInitCallback(hadc);
 356:Drivers/STM32F4xx_HAL_Driver/Src/stm32f4xx_hal_adc.c **** #else
 357:Drivers/STM32F4xx_HAL_Driver/Src/stm32f4xx_hal_adc.c ****     /* Init the low level hardware */
 358:Drivers/STM32F4xx_HAL_Driver/Src/stm32f4xx_hal_adc.c ****     HAL_ADC_MspInit(hadc);
 359:Drivers/STM32F4xx_HAL_Driver/Src/stm32f4xx_hal_adc.c **** #endif /* USE_HAL_ADC_REGISTER_CALLBACKS */
 360:Drivers/STM32F4xx_HAL_Driver/Src/stm32f4xx_hal_adc.c **** 
 361:Drivers/STM32F4xx_HAL_Driver/Src/stm32f4xx_hal_adc.c ****     /* Initialize ADC error code */
 362:Drivers/STM32F4xx_HAL_Driver/Src/stm32f4xx_hal_adc.c ****     ADC_CLEAR_ERRORCODE(hadc);
 363:Drivers/STM32F4xx_HAL_Driver/Src/stm32f4xx_hal_adc.c ****     
 364:Drivers/STM32F4xx_HAL_Driver/Src/stm32f4xx_hal_adc.c ****     /* Allocate lock resource and initialize it */
 365:Drivers/STM32F4xx_HAL_Driver/Src/stm32f4xx_hal_adc.c ****     hadc->Lock = HAL_UNLOCKED;
 366:Drivers/STM32F4xx_HAL_Driver/Src/stm32f4xx_hal_adc.c ****   }
 367:Drivers/STM32F4xx_HAL_Driver/Src/stm32f4xx_hal_adc.c ****   
 368:Drivers/STM32F4xx_HAL_Driver/Src/stm32f4xx_hal_adc.c ****   /* Configuration of ADC parameters if previous preliminary actions are      */ 
 369:Drivers/STM32F4xx_HAL_Driver/Src/stm32f4xx_hal_adc.c ****   /* correctly completed.                                                     */
 370:Drivers/STM32F4xx_HAL_Driver/Src/stm32f4xx_hal_adc.c ****   if (HAL_IS_BIT_CLR(hadc->State, HAL_ADC_STATE_ERROR_INTERNAL))
 371:Drivers/STM32F4xx_HAL_Driver/Src/stm32f4xx_hal_adc.c ****   {
 372:Drivers/STM32F4xx_HAL_Driver/Src/stm32f4xx_hal_adc.c ****     /* Set ADC state */
ARM GAS  /tmp/ccFxaBUH.s 			page 8


 373:Drivers/STM32F4xx_HAL_Driver/Src/stm32f4xx_hal_adc.c ****     ADC_STATE_CLR_SET(hadc->State,
 374:Drivers/STM32F4xx_HAL_Driver/Src/stm32f4xx_hal_adc.c ****                       HAL_ADC_STATE_REG_BUSY | HAL_ADC_STATE_INJ_BUSY,
 375:Drivers/STM32F4xx_HAL_Driver/Src/stm32f4xx_hal_adc.c ****                       HAL_ADC_STATE_BUSY_INTERNAL);
 376:Drivers/STM32F4xx_HAL_Driver/Src/stm32f4xx_hal_adc.c ****     
 377:Drivers/STM32F4xx_HAL_Driver/Src/stm32f4xx_hal_adc.c ****     /* Set ADC parameters */
 378:Drivers/STM32F4xx_HAL_Driver/Src/stm32f4xx_hal_adc.c ****     ADC_Init(hadc);
 379:Drivers/STM32F4xx_HAL_Driver/Src/stm32f4xx_hal_adc.c ****     
 380:Drivers/STM32F4xx_HAL_Driver/Src/stm32f4xx_hal_adc.c ****     /* Set ADC error code to none */
 381:Drivers/STM32F4xx_HAL_Driver/Src/stm32f4xx_hal_adc.c ****     ADC_CLEAR_ERRORCODE(hadc);
 382:Drivers/STM32F4xx_HAL_Driver/Src/stm32f4xx_hal_adc.c ****     
 383:Drivers/STM32F4xx_HAL_Driver/Src/stm32f4xx_hal_adc.c ****     /* Set the ADC state */
 384:Drivers/STM32F4xx_HAL_Driver/Src/stm32f4xx_hal_adc.c ****     ADC_STATE_CLR_SET(hadc->State,
 385:Drivers/STM32F4xx_HAL_Driver/Src/stm32f4xx_hal_adc.c ****                       HAL_ADC_STATE_BUSY_INTERNAL,
 386:Drivers/STM32F4xx_HAL_Driver/Src/stm32f4xx_hal_adc.c ****                       HAL_ADC_STATE_READY);
 387:Drivers/STM32F4xx_HAL_Driver/Src/stm32f4xx_hal_adc.c ****   }
 388:Drivers/STM32F4xx_HAL_Driver/Src/stm32f4xx_hal_adc.c ****   else
 389:Drivers/STM32F4xx_HAL_Driver/Src/stm32f4xx_hal_adc.c ****   {
 390:Drivers/STM32F4xx_HAL_Driver/Src/stm32f4xx_hal_adc.c ****     tmp_hal_status = HAL_ERROR;
 391:Drivers/STM32F4xx_HAL_Driver/Src/stm32f4xx_hal_adc.c ****   }
 392:Drivers/STM32F4xx_HAL_Driver/Src/stm32f4xx_hal_adc.c ****   
 393:Drivers/STM32F4xx_HAL_Driver/Src/stm32f4xx_hal_adc.c ****   /* Release Lock */
 394:Drivers/STM32F4xx_HAL_Driver/Src/stm32f4xx_hal_adc.c ****   __HAL_UNLOCK(hadc);
 395:Drivers/STM32F4xx_HAL_Driver/Src/stm32f4xx_hal_adc.c **** 
 396:Drivers/STM32F4xx_HAL_Driver/Src/stm32f4xx_hal_adc.c ****   /* Return function status */
 397:Drivers/STM32F4xx_HAL_Driver/Src/stm32f4xx_hal_adc.c ****   return tmp_hal_status;
 398:Drivers/STM32F4xx_HAL_Driver/Src/stm32f4xx_hal_adc.c **** }
 399:Drivers/STM32F4xx_HAL_Driver/Src/stm32f4xx_hal_adc.c **** 
 400:Drivers/STM32F4xx_HAL_Driver/Src/stm32f4xx_hal_adc.c **** /**
 401:Drivers/STM32F4xx_HAL_Driver/Src/stm32f4xx_hal_adc.c ****   * @brief  Deinitializes the ADCx peripheral registers to their default reset values. 
 402:Drivers/STM32F4xx_HAL_Driver/Src/stm32f4xx_hal_adc.c ****   * @param  hadc pointer to a ADC_HandleTypeDef structure that contains
 403:Drivers/STM32F4xx_HAL_Driver/Src/stm32f4xx_hal_adc.c ****   *         the configuration information for the specified ADC.  
 404:Drivers/STM32F4xx_HAL_Driver/Src/stm32f4xx_hal_adc.c ****   * @retval HAL status
 405:Drivers/STM32F4xx_HAL_Driver/Src/stm32f4xx_hal_adc.c ****   */
 406:Drivers/STM32F4xx_HAL_Driver/Src/stm32f4xx_hal_adc.c **** HAL_StatusTypeDef HAL_ADC_DeInit(ADC_HandleTypeDef* hadc)
 407:Drivers/STM32F4xx_HAL_Driver/Src/stm32f4xx_hal_adc.c **** {
 408:Drivers/STM32F4xx_HAL_Driver/Src/stm32f4xx_hal_adc.c ****   HAL_StatusTypeDef tmp_hal_status = HAL_OK;
 409:Drivers/STM32F4xx_HAL_Driver/Src/stm32f4xx_hal_adc.c ****   
 410:Drivers/STM32F4xx_HAL_Driver/Src/stm32f4xx_hal_adc.c ****   /* Check ADC handle */
 411:Drivers/STM32F4xx_HAL_Driver/Src/stm32f4xx_hal_adc.c ****   if(hadc == NULL)
 412:Drivers/STM32F4xx_HAL_Driver/Src/stm32f4xx_hal_adc.c ****   {
 413:Drivers/STM32F4xx_HAL_Driver/Src/stm32f4xx_hal_adc.c ****     return HAL_ERROR;
 414:Drivers/STM32F4xx_HAL_Driver/Src/stm32f4xx_hal_adc.c ****   }
 415:Drivers/STM32F4xx_HAL_Driver/Src/stm32f4xx_hal_adc.c ****   
 416:Drivers/STM32F4xx_HAL_Driver/Src/stm32f4xx_hal_adc.c ****   /* Check the parameters */
 417:Drivers/STM32F4xx_HAL_Driver/Src/stm32f4xx_hal_adc.c ****   assert_param(IS_ADC_ALL_INSTANCE(hadc->Instance));
 418:Drivers/STM32F4xx_HAL_Driver/Src/stm32f4xx_hal_adc.c ****   
 419:Drivers/STM32F4xx_HAL_Driver/Src/stm32f4xx_hal_adc.c ****   /* Set ADC state */
 420:Drivers/STM32F4xx_HAL_Driver/Src/stm32f4xx_hal_adc.c ****   SET_BIT(hadc->State, HAL_ADC_STATE_BUSY_INTERNAL);
 421:Drivers/STM32F4xx_HAL_Driver/Src/stm32f4xx_hal_adc.c ****   
 422:Drivers/STM32F4xx_HAL_Driver/Src/stm32f4xx_hal_adc.c ****   /* Stop potential conversion on going, on regular and injected groups */
 423:Drivers/STM32F4xx_HAL_Driver/Src/stm32f4xx_hal_adc.c ****   /* Disable ADC peripheral */
 424:Drivers/STM32F4xx_HAL_Driver/Src/stm32f4xx_hal_adc.c ****   __HAL_ADC_DISABLE(hadc);
 425:Drivers/STM32F4xx_HAL_Driver/Src/stm32f4xx_hal_adc.c ****   
 426:Drivers/STM32F4xx_HAL_Driver/Src/stm32f4xx_hal_adc.c ****   /* Configuration of ADC parameters if previous preliminary actions are      */ 
 427:Drivers/STM32F4xx_HAL_Driver/Src/stm32f4xx_hal_adc.c ****   /* correctly completed.                                                     */
 428:Drivers/STM32F4xx_HAL_Driver/Src/stm32f4xx_hal_adc.c ****   if(HAL_IS_BIT_CLR(hadc->Instance->CR2, ADC_CR2_ADON))
 429:Drivers/STM32F4xx_HAL_Driver/Src/stm32f4xx_hal_adc.c ****   {
ARM GAS  /tmp/ccFxaBUH.s 			page 9


 430:Drivers/STM32F4xx_HAL_Driver/Src/stm32f4xx_hal_adc.c **** #if (USE_HAL_ADC_REGISTER_CALLBACKS == 1)
 431:Drivers/STM32F4xx_HAL_Driver/Src/stm32f4xx_hal_adc.c ****   if (hadc->MspDeInitCallback == NULL)
 432:Drivers/STM32F4xx_HAL_Driver/Src/stm32f4xx_hal_adc.c ****   {
 433:Drivers/STM32F4xx_HAL_Driver/Src/stm32f4xx_hal_adc.c ****     hadc->MspDeInitCallback = HAL_ADC_MspDeInit; /* Legacy weak MspDeInit  */
 434:Drivers/STM32F4xx_HAL_Driver/Src/stm32f4xx_hal_adc.c ****   }
 435:Drivers/STM32F4xx_HAL_Driver/Src/stm32f4xx_hal_adc.c **** 
 436:Drivers/STM32F4xx_HAL_Driver/Src/stm32f4xx_hal_adc.c ****   /* DeInit the low level hardware: RCC clock, NVIC */
 437:Drivers/STM32F4xx_HAL_Driver/Src/stm32f4xx_hal_adc.c ****   hadc->MspDeInitCallback(hadc);
 438:Drivers/STM32F4xx_HAL_Driver/Src/stm32f4xx_hal_adc.c **** #else
 439:Drivers/STM32F4xx_HAL_Driver/Src/stm32f4xx_hal_adc.c ****   /* DeInit the low level hardware: RCC clock, NVIC */
 440:Drivers/STM32F4xx_HAL_Driver/Src/stm32f4xx_hal_adc.c ****   HAL_ADC_MspDeInit(hadc);
 441:Drivers/STM32F4xx_HAL_Driver/Src/stm32f4xx_hal_adc.c **** #endif /* USE_HAL_ADC_REGISTER_CALLBACKS */
 442:Drivers/STM32F4xx_HAL_Driver/Src/stm32f4xx_hal_adc.c ****     
 443:Drivers/STM32F4xx_HAL_Driver/Src/stm32f4xx_hal_adc.c ****     /* Set ADC error code to none */
 444:Drivers/STM32F4xx_HAL_Driver/Src/stm32f4xx_hal_adc.c ****     ADC_CLEAR_ERRORCODE(hadc);
 445:Drivers/STM32F4xx_HAL_Driver/Src/stm32f4xx_hal_adc.c ****     
 446:Drivers/STM32F4xx_HAL_Driver/Src/stm32f4xx_hal_adc.c ****     /* Set ADC state */
 447:Drivers/STM32F4xx_HAL_Driver/Src/stm32f4xx_hal_adc.c ****     hadc->State = HAL_ADC_STATE_RESET;
 448:Drivers/STM32F4xx_HAL_Driver/Src/stm32f4xx_hal_adc.c ****   }
 449:Drivers/STM32F4xx_HAL_Driver/Src/stm32f4xx_hal_adc.c ****   
 450:Drivers/STM32F4xx_HAL_Driver/Src/stm32f4xx_hal_adc.c ****   /* Process unlocked */
 451:Drivers/STM32F4xx_HAL_Driver/Src/stm32f4xx_hal_adc.c ****   __HAL_UNLOCK(hadc);
 452:Drivers/STM32F4xx_HAL_Driver/Src/stm32f4xx_hal_adc.c ****   
 453:Drivers/STM32F4xx_HAL_Driver/Src/stm32f4xx_hal_adc.c ****   /* Return function status */
 454:Drivers/STM32F4xx_HAL_Driver/Src/stm32f4xx_hal_adc.c ****   return tmp_hal_status;
 455:Drivers/STM32F4xx_HAL_Driver/Src/stm32f4xx_hal_adc.c **** }
 456:Drivers/STM32F4xx_HAL_Driver/Src/stm32f4xx_hal_adc.c **** 
 457:Drivers/STM32F4xx_HAL_Driver/Src/stm32f4xx_hal_adc.c **** #if (USE_HAL_ADC_REGISTER_CALLBACKS == 1)
 458:Drivers/STM32F4xx_HAL_Driver/Src/stm32f4xx_hal_adc.c **** /**
 459:Drivers/STM32F4xx_HAL_Driver/Src/stm32f4xx_hal_adc.c ****   * @brief  Register a User ADC Callback
 460:Drivers/STM32F4xx_HAL_Driver/Src/stm32f4xx_hal_adc.c ****   *         To be used instead of the weak predefined callback
 461:Drivers/STM32F4xx_HAL_Driver/Src/stm32f4xx_hal_adc.c ****   * @param  hadc Pointer to a ADC_HandleTypeDef structure that contains
 462:Drivers/STM32F4xx_HAL_Driver/Src/stm32f4xx_hal_adc.c ****   *                the configuration information for the specified ADC.
 463:Drivers/STM32F4xx_HAL_Driver/Src/stm32f4xx_hal_adc.c ****   * @param  CallbackID ID of the callback to be registered
 464:Drivers/STM32F4xx_HAL_Driver/Src/stm32f4xx_hal_adc.c ****   *         This parameter can be one of the following values:
 465:Drivers/STM32F4xx_HAL_Driver/Src/stm32f4xx_hal_adc.c ****   *          @arg @ref HAL_ADC_CONVERSION_COMPLETE_CB_ID      ADC conversion complete callback ID
 466:Drivers/STM32F4xx_HAL_Driver/Src/stm32f4xx_hal_adc.c ****   *          @arg @ref HAL_ADC_CONVERSION_HALF_CB_ID          ADC conversion DMA half-transfer call
 467:Drivers/STM32F4xx_HAL_Driver/Src/stm32f4xx_hal_adc.c ****   *          @arg @ref HAL_ADC_LEVEL_OUT_OF_WINDOW_1_CB_ID    ADC analog watchdog 1 callback ID
 468:Drivers/STM32F4xx_HAL_Driver/Src/stm32f4xx_hal_adc.c ****   *          @arg @ref HAL_ADC_ERROR_CB_ID                    ADC error callback ID
 469:Drivers/STM32F4xx_HAL_Driver/Src/stm32f4xx_hal_adc.c ****   *          @arg @ref HAL_ADC_INJ_CONVERSION_COMPLETE_CB_ID  ADC group injected conversion complet
 470:Drivers/STM32F4xx_HAL_Driver/Src/stm32f4xx_hal_adc.c ****   *          @arg @ref HAL_ADC_MSPINIT_CB_ID                  ADC Msp Init callback ID
 471:Drivers/STM32F4xx_HAL_Driver/Src/stm32f4xx_hal_adc.c ****   *          @arg @ref HAL_ADC_MSPDEINIT_CB_ID                ADC Msp DeInit callback ID
 472:Drivers/STM32F4xx_HAL_Driver/Src/stm32f4xx_hal_adc.c ****   * @param  pCallback pointer to the Callback function
 473:Drivers/STM32F4xx_HAL_Driver/Src/stm32f4xx_hal_adc.c ****   * @retval HAL status
 474:Drivers/STM32F4xx_HAL_Driver/Src/stm32f4xx_hal_adc.c ****   */
 475:Drivers/STM32F4xx_HAL_Driver/Src/stm32f4xx_hal_adc.c **** HAL_StatusTypeDef HAL_ADC_RegisterCallback(ADC_HandleTypeDef *hadc, HAL_ADC_CallbackIDTypeDef Callb
 476:Drivers/STM32F4xx_HAL_Driver/Src/stm32f4xx_hal_adc.c **** {
 477:Drivers/STM32F4xx_HAL_Driver/Src/stm32f4xx_hal_adc.c ****   HAL_StatusTypeDef status = HAL_OK;
 478:Drivers/STM32F4xx_HAL_Driver/Src/stm32f4xx_hal_adc.c **** 
 479:Drivers/STM32F4xx_HAL_Driver/Src/stm32f4xx_hal_adc.c ****   if (pCallback == NULL)
 480:Drivers/STM32F4xx_HAL_Driver/Src/stm32f4xx_hal_adc.c ****   {
 481:Drivers/STM32F4xx_HAL_Driver/Src/stm32f4xx_hal_adc.c ****     /* Update the error code */
 482:Drivers/STM32F4xx_HAL_Driver/Src/stm32f4xx_hal_adc.c ****     hadc->ErrorCode |= HAL_ADC_ERROR_INVALID_CALLBACK;
 483:Drivers/STM32F4xx_HAL_Driver/Src/stm32f4xx_hal_adc.c **** 
 484:Drivers/STM32F4xx_HAL_Driver/Src/stm32f4xx_hal_adc.c ****     return HAL_ERROR;
 485:Drivers/STM32F4xx_HAL_Driver/Src/stm32f4xx_hal_adc.c ****   }
 486:Drivers/STM32F4xx_HAL_Driver/Src/stm32f4xx_hal_adc.c **** 
ARM GAS  /tmp/ccFxaBUH.s 			page 10


 487:Drivers/STM32F4xx_HAL_Driver/Src/stm32f4xx_hal_adc.c ****   if ((hadc->State & HAL_ADC_STATE_READY) != 0UL)
 488:Drivers/STM32F4xx_HAL_Driver/Src/stm32f4xx_hal_adc.c ****   {
 489:Drivers/STM32F4xx_HAL_Driver/Src/stm32f4xx_hal_adc.c ****     switch (CallbackID)
 490:Drivers/STM32F4xx_HAL_Driver/Src/stm32f4xx_hal_adc.c ****     {
 491:Drivers/STM32F4xx_HAL_Driver/Src/stm32f4xx_hal_adc.c ****       case HAL_ADC_CONVERSION_COMPLETE_CB_ID :
 492:Drivers/STM32F4xx_HAL_Driver/Src/stm32f4xx_hal_adc.c ****         hadc->ConvCpltCallback = pCallback;
 493:Drivers/STM32F4xx_HAL_Driver/Src/stm32f4xx_hal_adc.c ****         break;
 494:Drivers/STM32F4xx_HAL_Driver/Src/stm32f4xx_hal_adc.c **** 
 495:Drivers/STM32F4xx_HAL_Driver/Src/stm32f4xx_hal_adc.c ****       case HAL_ADC_CONVERSION_HALF_CB_ID :
 496:Drivers/STM32F4xx_HAL_Driver/Src/stm32f4xx_hal_adc.c ****         hadc->ConvHalfCpltCallback = pCallback;
 497:Drivers/STM32F4xx_HAL_Driver/Src/stm32f4xx_hal_adc.c ****         break;
 498:Drivers/STM32F4xx_HAL_Driver/Src/stm32f4xx_hal_adc.c **** 
 499:Drivers/STM32F4xx_HAL_Driver/Src/stm32f4xx_hal_adc.c ****       case HAL_ADC_LEVEL_OUT_OF_WINDOW_1_CB_ID :
 500:Drivers/STM32F4xx_HAL_Driver/Src/stm32f4xx_hal_adc.c ****         hadc->LevelOutOfWindowCallback = pCallback;
 501:Drivers/STM32F4xx_HAL_Driver/Src/stm32f4xx_hal_adc.c ****         break;
 502:Drivers/STM32F4xx_HAL_Driver/Src/stm32f4xx_hal_adc.c **** 
 503:Drivers/STM32F4xx_HAL_Driver/Src/stm32f4xx_hal_adc.c ****       case HAL_ADC_ERROR_CB_ID :
 504:Drivers/STM32F4xx_HAL_Driver/Src/stm32f4xx_hal_adc.c ****         hadc->ErrorCallback = pCallback;
 505:Drivers/STM32F4xx_HAL_Driver/Src/stm32f4xx_hal_adc.c ****         break;
 506:Drivers/STM32F4xx_HAL_Driver/Src/stm32f4xx_hal_adc.c **** 
 507:Drivers/STM32F4xx_HAL_Driver/Src/stm32f4xx_hal_adc.c ****       case HAL_ADC_INJ_CONVERSION_COMPLETE_CB_ID :
 508:Drivers/STM32F4xx_HAL_Driver/Src/stm32f4xx_hal_adc.c ****         hadc->InjectedConvCpltCallback = pCallback;
 509:Drivers/STM32F4xx_HAL_Driver/Src/stm32f4xx_hal_adc.c ****         break;
 510:Drivers/STM32F4xx_HAL_Driver/Src/stm32f4xx_hal_adc.c **** 
 511:Drivers/STM32F4xx_HAL_Driver/Src/stm32f4xx_hal_adc.c ****       case HAL_ADC_MSPINIT_CB_ID :
 512:Drivers/STM32F4xx_HAL_Driver/Src/stm32f4xx_hal_adc.c ****         hadc->MspInitCallback = pCallback;
 513:Drivers/STM32F4xx_HAL_Driver/Src/stm32f4xx_hal_adc.c ****         break;
 514:Drivers/STM32F4xx_HAL_Driver/Src/stm32f4xx_hal_adc.c **** 
 515:Drivers/STM32F4xx_HAL_Driver/Src/stm32f4xx_hal_adc.c ****       case HAL_ADC_MSPDEINIT_CB_ID :
 516:Drivers/STM32F4xx_HAL_Driver/Src/stm32f4xx_hal_adc.c ****         hadc->MspDeInitCallback = pCallback;
 517:Drivers/STM32F4xx_HAL_Driver/Src/stm32f4xx_hal_adc.c ****         break;
 518:Drivers/STM32F4xx_HAL_Driver/Src/stm32f4xx_hal_adc.c **** 
 519:Drivers/STM32F4xx_HAL_Driver/Src/stm32f4xx_hal_adc.c ****       default :
 520:Drivers/STM32F4xx_HAL_Driver/Src/stm32f4xx_hal_adc.c ****         /* Update the error code */
 521:Drivers/STM32F4xx_HAL_Driver/Src/stm32f4xx_hal_adc.c ****         hadc->ErrorCode |= HAL_ADC_ERROR_INVALID_CALLBACK;
 522:Drivers/STM32F4xx_HAL_Driver/Src/stm32f4xx_hal_adc.c **** 
 523:Drivers/STM32F4xx_HAL_Driver/Src/stm32f4xx_hal_adc.c ****         /* Return error status */
 524:Drivers/STM32F4xx_HAL_Driver/Src/stm32f4xx_hal_adc.c ****         status = HAL_ERROR;
 525:Drivers/STM32F4xx_HAL_Driver/Src/stm32f4xx_hal_adc.c ****         break;
 526:Drivers/STM32F4xx_HAL_Driver/Src/stm32f4xx_hal_adc.c ****     }
 527:Drivers/STM32F4xx_HAL_Driver/Src/stm32f4xx_hal_adc.c ****   }
 528:Drivers/STM32F4xx_HAL_Driver/Src/stm32f4xx_hal_adc.c ****   else if (HAL_ADC_STATE_RESET == hadc->State)
 529:Drivers/STM32F4xx_HAL_Driver/Src/stm32f4xx_hal_adc.c ****   {
 530:Drivers/STM32F4xx_HAL_Driver/Src/stm32f4xx_hal_adc.c ****     switch (CallbackID)
 531:Drivers/STM32F4xx_HAL_Driver/Src/stm32f4xx_hal_adc.c ****     {
 532:Drivers/STM32F4xx_HAL_Driver/Src/stm32f4xx_hal_adc.c ****       case HAL_ADC_MSPINIT_CB_ID :
 533:Drivers/STM32F4xx_HAL_Driver/Src/stm32f4xx_hal_adc.c ****         hadc->MspInitCallback = pCallback;
 534:Drivers/STM32F4xx_HAL_Driver/Src/stm32f4xx_hal_adc.c ****         break;
 535:Drivers/STM32F4xx_HAL_Driver/Src/stm32f4xx_hal_adc.c **** 
 536:Drivers/STM32F4xx_HAL_Driver/Src/stm32f4xx_hal_adc.c ****       case HAL_ADC_MSPDEINIT_CB_ID :
 537:Drivers/STM32F4xx_HAL_Driver/Src/stm32f4xx_hal_adc.c ****         hadc->MspDeInitCallback = pCallback;
 538:Drivers/STM32F4xx_HAL_Driver/Src/stm32f4xx_hal_adc.c ****         break;
 539:Drivers/STM32F4xx_HAL_Driver/Src/stm32f4xx_hal_adc.c **** 
 540:Drivers/STM32F4xx_HAL_Driver/Src/stm32f4xx_hal_adc.c ****       default :
 541:Drivers/STM32F4xx_HAL_Driver/Src/stm32f4xx_hal_adc.c ****         /* Update the error code */
 542:Drivers/STM32F4xx_HAL_Driver/Src/stm32f4xx_hal_adc.c ****         hadc->ErrorCode |= HAL_ADC_ERROR_INVALID_CALLBACK;
 543:Drivers/STM32F4xx_HAL_Driver/Src/stm32f4xx_hal_adc.c **** 
ARM GAS  /tmp/ccFxaBUH.s 			page 11


 544:Drivers/STM32F4xx_HAL_Driver/Src/stm32f4xx_hal_adc.c ****         /* Return error status */
 545:Drivers/STM32F4xx_HAL_Driver/Src/stm32f4xx_hal_adc.c ****         status = HAL_ERROR;
 546:Drivers/STM32F4xx_HAL_Driver/Src/stm32f4xx_hal_adc.c ****         break;
 547:Drivers/STM32F4xx_HAL_Driver/Src/stm32f4xx_hal_adc.c ****     }
 548:Drivers/STM32F4xx_HAL_Driver/Src/stm32f4xx_hal_adc.c ****   }
 549:Drivers/STM32F4xx_HAL_Driver/Src/stm32f4xx_hal_adc.c ****   else
 550:Drivers/STM32F4xx_HAL_Driver/Src/stm32f4xx_hal_adc.c ****   {
 551:Drivers/STM32F4xx_HAL_Driver/Src/stm32f4xx_hal_adc.c ****     /* Update the error code */
 552:Drivers/STM32F4xx_HAL_Driver/Src/stm32f4xx_hal_adc.c ****     hadc->ErrorCode |= HAL_ADC_ERROR_INVALID_CALLBACK;
 553:Drivers/STM32F4xx_HAL_Driver/Src/stm32f4xx_hal_adc.c **** 
 554:Drivers/STM32F4xx_HAL_Driver/Src/stm32f4xx_hal_adc.c ****     /* Return error status */
 555:Drivers/STM32F4xx_HAL_Driver/Src/stm32f4xx_hal_adc.c ****     status =  HAL_ERROR;
 556:Drivers/STM32F4xx_HAL_Driver/Src/stm32f4xx_hal_adc.c ****   }
 557:Drivers/STM32F4xx_HAL_Driver/Src/stm32f4xx_hal_adc.c **** 
 558:Drivers/STM32F4xx_HAL_Driver/Src/stm32f4xx_hal_adc.c ****   return status;
 559:Drivers/STM32F4xx_HAL_Driver/Src/stm32f4xx_hal_adc.c **** }
 560:Drivers/STM32F4xx_HAL_Driver/Src/stm32f4xx_hal_adc.c **** 
 561:Drivers/STM32F4xx_HAL_Driver/Src/stm32f4xx_hal_adc.c **** /**
 562:Drivers/STM32F4xx_HAL_Driver/Src/stm32f4xx_hal_adc.c ****   * @brief  Unregister a ADC Callback
 563:Drivers/STM32F4xx_HAL_Driver/Src/stm32f4xx_hal_adc.c ****   *         ADC callback is redirected to the weak predefined callback
 564:Drivers/STM32F4xx_HAL_Driver/Src/stm32f4xx_hal_adc.c ****   * @param  hadc Pointer to a ADC_HandleTypeDef structure that contains
 565:Drivers/STM32F4xx_HAL_Driver/Src/stm32f4xx_hal_adc.c ****   *                the configuration information for the specified ADC.
 566:Drivers/STM32F4xx_HAL_Driver/Src/stm32f4xx_hal_adc.c ****   * @param  CallbackID ID of the callback to be unregistered
 567:Drivers/STM32F4xx_HAL_Driver/Src/stm32f4xx_hal_adc.c ****   *         This parameter can be one of the following values:
 568:Drivers/STM32F4xx_HAL_Driver/Src/stm32f4xx_hal_adc.c ****   *          @arg @ref HAL_ADC_CONVERSION_COMPLETE_CB_ID      ADC conversion complete callback ID
 569:Drivers/STM32F4xx_HAL_Driver/Src/stm32f4xx_hal_adc.c ****   *          @arg @ref HAL_ADC_CONVERSION_HALF_CB_ID          ADC conversion DMA half-transfer call
 570:Drivers/STM32F4xx_HAL_Driver/Src/stm32f4xx_hal_adc.c ****   *          @arg @ref HAL_ADC_LEVEL_OUT_OF_WINDOW_1_CB_ID    ADC analog watchdog 1 callback ID
 571:Drivers/STM32F4xx_HAL_Driver/Src/stm32f4xx_hal_adc.c ****   *          @arg @ref HAL_ADC_ERROR_CB_ID                    ADC error callback ID
 572:Drivers/STM32F4xx_HAL_Driver/Src/stm32f4xx_hal_adc.c ****   *          @arg @ref HAL_ADC_INJ_CONVERSION_COMPLETE_CB_ID  ADC group injected conversion complet
 573:Drivers/STM32F4xx_HAL_Driver/Src/stm32f4xx_hal_adc.c ****   *          @arg @ref HAL_ADC_MSPINIT_CB_ID                  ADC Msp Init callback ID
 574:Drivers/STM32F4xx_HAL_Driver/Src/stm32f4xx_hal_adc.c ****   *          @arg @ref HAL_ADC_MSPDEINIT_CB_ID                ADC Msp DeInit callback ID
 575:Drivers/STM32F4xx_HAL_Driver/Src/stm32f4xx_hal_adc.c ****   * @retval HAL status
 576:Drivers/STM32F4xx_HAL_Driver/Src/stm32f4xx_hal_adc.c ****   */
 577:Drivers/STM32F4xx_HAL_Driver/Src/stm32f4xx_hal_adc.c **** HAL_StatusTypeDef HAL_ADC_UnRegisterCallback(ADC_HandleTypeDef *hadc, HAL_ADC_CallbackIDTypeDef Cal
 578:Drivers/STM32F4xx_HAL_Driver/Src/stm32f4xx_hal_adc.c **** {
 579:Drivers/STM32F4xx_HAL_Driver/Src/stm32f4xx_hal_adc.c ****   HAL_StatusTypeDef status = HAL_OK;
 580:Drivers/STM32F4xx_HAL_Driver/Src/stm32f4xx_hal_adc.c **** 
 581:Drivers/STM32F4xx_HAL_Driver/Src/stm32f4xx_hal_adc.c ****   if ((hadc->State & HAL_ADC_STATE_READY) != 0UL)
 582:Drivers/STM32F4xx_HAL_Driver/Src/stm32f4xx_hal_adc.c ****   {
 583:Drivers/STM32F4xx_HAL_Driver/Src/stm32f4xx_hal_adc.c ****     switch (CallbackID)
 584:Drivers/STM32F4xx_HAL_Driver/Src/stm32f4xx_hal_adc.c ****     {
 585:Drivers/STM32F4xx_HAL_Driver/Src/stm32f4xx_hal_adc.c ****       case HAL_ADC_CONVERSION_COMPLETE_CB_ID :
 586:Drivers/STM32F4xx_HAL_Driver/Src/stm32f4xx_hal_adc.c ****         hadc->ConvCpltCallback = HAL_ADC_ConvCpltCallback;
 587:Drivers/STM32F4xx_HAL_Driver/Src/stm32f4xx_hal_adc.c ****         break;
 588:Drivers/STM32F4xx_HAL_Driver/Src/stm32f4xx_hal_adc.c **** 
 589:Drivers/STM32F4xx_HAL_Driver/Src/stm32f4xx_hal_adc.c ****       case HAL_ADC_CONVERSION_HALF_CB_ID :
 590:Drivers/STM32F4xx_HAL_Driver/Src/stm32f4xx_hal_adc.c ****         hadc->ConvHalfCpltCallback = HAL_ADC_ConvHalfCpltCallback;
 591:Drivers/STM32F4xx_HAL_Driver/Src/stm32f4xx_hal_adc.c ****         break;
 592:Drivers/STM32F4xx_HAL_Driver/Src/stm32f4xx_hal_adc.c **** 
 593:Drivers/STM32F4xx_HAL_Driver/Src/stm32f4xx_hal_adc.c ****       case HAL_ADC_LEVEL_OUT_OF_WINDOW_1_CB_ID :
 594:Drivers/STM32F4xx_HAL_Driver/Src/stm32f4xx_hal_adc.c ****         hadc->LevelOutOfWindowCallback = HAL_ADC_LevelOutOfWindowCallback;
 595:Drivers/STM32F4xx_HAL_Driver/Src/stm32f4xx_hal_adc.c ****         break;
 596:Drivers/STM32F4xx_HAL_Driver/Src/stm32f4xx_hal_adc.c **** 
 597:Drivers/STM32F4xx_HAL_Driver/Src/stm32f4xx_hal_adc.c ****       case HAL_ADC_ERROR_CB_ID :
 598:Drivers/STM32F4xx_HAL_Driver/Src/stm32f4xx_hal_adc.c ****         hadc->ErrorCallback = HAL_ADC_ErrorCallback;
 599:Drivers/STM32F4xx_HAL_Driver/Src/stm32f4xx_hal_adc.c ****         break;
 600:Drivers/STM32F4xx_HAL_Driver/Src/stm32f4xx_hal_adc.c **** 
ARM GAS  /tmp/ccFxaBUH.s 			page 12


 601:Drivers/STM32F4xx_HAL_Driver/Src/stm32f4xx_hal_adc.c ****       case HAL_ADC_INJ_CONVERSION_COMPLETE_CB_ID :
 602:Drivers/STM32F4xx_HAL_Driver/Src/stm32f4xx_hal_adc.c ****         hadc->InjectedConvCpltCallback = HAL_ADCEx_InjectedConvCpltCallback;
 603:Drivers/STM32F4xx_HAL_Driver/Src/stm32f4xx_hal_adc.c ****         break;
 604:Drivers/STM32F4xx_HAL_Driver/Src/stm32f4xx_hal_adc.c **** 
 605:Drivers/STM32F4xx_HAL_Driver/Src/stm32f4xx_hal_adc.c ****       case HAL_ADC_MSPINIT_CB_ID :
 606:Drivers/STM32F4xx_HAL_Driver/Src/stm32f4xx_hal_adc.c ****         hadc->MspInitCallback = HAL_ADC_MspInit; /* Legacy weak MspInit              */
 607:Drivers/STM32F4xx_HAL_Driver/Src/stm32f4xx_hal_adc.c ****         break;
 608:Drivers/STM32F4xx_HAL_Driver/Src/stm32f4xx_hal_adc.c **** 
 609:Drivers/STM32F4xx_HAL_Driver/Src/stm32f4xx_hal_adc.c ****       case HAL_ADC_MSPDEINIT_CB_ID :
 610:Drivers/STM32F4xx_HAL_Driver/Src/stm32f4xx_hal_adc.c ****         hadc->MspDeInitCallback = HAL_ADC_MspDeInit; /* Legacy weak MspDeInit            */
 611:Drivers/STM32F4xx_HAL_Driver/Src/stm32f4xx_hal_adc.c ****         break;
 612:Drivers/STM32F4xx_HAL_Driver/Src/stm32f4xx_hal_adc.c **** 
 613:Drivers/STM32F4xx_HAL_Driver/Src/stm32f4xx_hal_adc.c ****       default :
 614:Drivers/STM32F4xx_HAL_Driver/Src/stm32f4xx_hal_adc.c ****         /* Update the error code */
 615:Drivers/STM32F4xx_HAL_Driver/Src/stm32f4xx_hal_adc.c ****         hadc->ErrorCode |= HAL_ADC_ERROR_INVALID_CALLBACK;
 616:Drivers/STM32F4xx_HAL_Driver/Src/stm32f4xx_hal_adc.c **** 
 617:Drivers/STM32F4xx_HAL_Driver/Src/stm32f4xx_hal_adc.c ****         /* Return error status */
 618:Drivers/STM32F4xx_HAL_Driver/Src/stm32f4xx_hal_adc.c ****         status =  HAL_ERROR;
 619:Drivers/STM32F4xx_HAL_Driver/Src/stm32f4xx_hal_adc.c ****         break;
 620:Drivers/STM32F4xx_HAL_Driver/Src/stm32f4xx_hal_adc.c ****     }
 621:Drivers/STM32F4xx_HAL_Driver/Src/stm32f4xx_hal_adc.c ****   }
 622:Drivers/STM32F4xx_HAL_Driver/Src/stm32f4xx_hal_adc.c ****   else if (HAL_ADC_STATE_RESET == hadc->State)
 623:Drivers/STM32F4xx_HAL_Driver/Src/stm32f4xx_hal_adc.c ****   {
 624:Drivers/STM32F4xx_HAL_Driver/Src/stm32f4xx_hal_adc.c ****     switch (CallbackID)
 625:Drivers/STM32F4xx_HAL_Driver/Src/stm32f4xx_hal_adc.c ****     {
 626:Drivers/STM32F4xx_HAL_Driver/Src/stm32f4xx_hal_adc.c ****       case HAL_ADC_MSPINIT_CB_ID :
 627:Drivers/STM32F4xx_HAL_Driver/Src/stm32f4xx_hal_adc.c ****         hadc->MspInitCallback = HAL_ADC_MspInit;                   /* Legacy weak MspInit          
 628:Drivers/STM32F4xx_HAL_Driver/Src/stm32f4xx_hal_adc.c ****         break;
 629:Drivers/STM32F4xx_HAL_Driver/Src/stm32f4xx_hal_adc.c **** 
 630:Drivers/STM32F4xx_HAL_Driver/Src/stm32f4xx_hal_adc.c ****       case HAL_ADC_MSPDEINIT_CB_ID :
 631:Drivers/STM32F4xx_HAL_Driver/Src/stm32f4xx_hal_adc.c ****         hadc->MspDeInitCallback = HAL_ADC_MspDeInit;               /* Legacy weak MspDeInit        
 632:Drivers/STM32F4xx_HAL_Driver/Src/stm32f4xx_hal_adc.c ****         break;
 633:Drivers/STM32F4xx_HAL_Driver/Src/stm32f4xx_hal_adc.c **** 
 634:Drivers/STM32F4xx_HAL_Driver/Src/stm32f4xx_hal_adc.c ****       default :
 635:Drivers/STM32F4xx_HAL_Driver/Src/stm32f4xx_hal_adc.c ****         /* Update the error code */
 636:Drivers/STM32F4xx_HAL_Driver/Src/stm32f4xx_hal_adc.c ****         hadc->ErrorCode |= HAL_ADC_ERROR_INVALID_CALLBACK;
 637:Drivers/STM32F4xx_HAL_Driver/Src/stm32f4xx_hal_adc.c **** 
 638:Drivers/STM32F4xx_HAL_Driver/Src/stm32f4xx_hal_adc.c ****         /* Return error status */
 639:Drivers/STM32F4xx_HAL_Driver/Src/stm32f4xx_hal_adc.c ****         status =  HAL_ERROR;
 640:Drivers/STM32F4xx_HAL_Driver/Src/stm32f4xx_hal_adc.c ****         break;
 641:Drivers/STM32F4xx_HAL_Driver/Src/stm32f4xx_hal_adc.c ****     }
 642:Drivers/STM32F4xx_HAL_Driver/Src/stm32f4xx_hal_adc.c ****   }
 643:Drivers/STM32F4xx_HAL_Driver/Src/stm32f4xx_hal_adc.c ****   else
 644:Drivers/STM32F4xx_HAL_Driver/Src/stm32f4xx_hal_adc.c ****   {
 645:Drivers/STM32F4xx_HAL_Driver/Src/stm32f4xx_hal_adc.c ****     /* Update the error code */
 646:Drivers/STM32F4xx_HAL_Driver/Src/stm32f4xx_hal_adc.c ****     hadc->ErrorCode |= HAL_ADC_ERROR_INVALID_CALLBACK;
 647:Drivers/STM32F4xx_HAL_Driver/Src/stm32f4xx_hal_adc.c **** 
 648:Drivers/STM32F4xx_HAL_Driver/Src/stm32f4xx_hal_adc.c ****     /* Return error status */
 649:Drivers/STM32F4xx_HAL_Driver/Src/stm32f4xx_hal_adc.c ****     status =  HAL_ERROR;
 650:Drivers/STM32F4xx_HAL_Driver/Src/stm32f4xx_hal_adc.c ****   }
 651:Drivers/STM32F4xx_HAL_Driver/Src/stm32f4xx_hal_adc.c **** 
 652:Drivers/STM32F4xx_HAL_Driver/Src/stm32f4xx_hal_adc.c ****   return status;
 653:Drivers/STM32F4xx_HAL_Driver/Src/stm32f4xx_hal_adc.c **** }
 654:Drivers/STM32F4xx_HAL_Driver/Src/stm32f4xx_hal_adc.c **** 
 655:Drivers/STM32F4xx_HAL_Driver/Src/stm32f4xx_hal_adc.c **** #endif /* USE_HAL_ADC_REGISTER_CALLBACKS */
 656:Drivers/STM32F4xx_HAL_Driver/Src/stm32f4xx_hal_adc.c **** 
 657:Drivers/STM32F4xx_HAL_Driver/Src/stm32f4xx_hal_adc.c **** /**
ARM GAS  /tmp/ccFxaBUH.s 			page 13


 658:Drivers/STM32F4xx_HAL_Driver/Src/stm32f4xx_hal_adc.c ****   * @brief  Initializes the ADC MSP.
 659:Drivers/STM32F4xx_HAL_Driver/Src/stm32f4xx_hal_adc.c ****   * @param  hadc pointer to a ADC_HandleTypeDef structure that contains
 660:Drivers/STM32F4xx_HAL_Driver/Src/stm32f4xx_hal_adc.c ****   *         the configuration information for the specified ADC.  
 661:Drivers/STM32F4xx_HAL_Driver/Src/stm32f4xx_hal_adc.c ****   * @retval None
 662:Drivers/STM32F4xx_HAL_Driver/Src/stm32f4xx_hal_adc.c ****   */
 663:Drivers/STM32F4xx_HAL_Driver/Src/stm32f4xx_hal_adc.c **** __weak void HAL_ADC_MspInit(ADC_HandleTypeDef* hadc)
 664:Drivers/STM32F4xx_HAL_Driver/Src/stm32f4xx_hal_adc.c **** {
 665:Drivers/STM32F4xx_HAL_Driver/Src/stm32f4xx_hal_adc.c ****   /* Prevent unused argument(s) compilation warning */
 666:Drivers/STM32F4xx_HAL_Driver/Src/stm32f4xx_hal_adc.c ****   UNUSED(hadc);
 667:Drivers/STM32F4xx_HAL_Driver/Src/stm32f4xx_hal_adc.c ****   /* NOTE : This function Should not be modified, when the callback is needed,
 668:Drivers/STM32F4xx_HAL_Driver/Src/stm32f4xx_hal_adc.c ****             the HAL_ADC_MspInit could be implemented in the user file
 669:Drivers/STM32F4xx_HAL_Driver/Src/stm32f4xx_hal_adc.c ****    */ 
 670:Drivers/STM32F4xx_HAL_Driver/Src/stm32f4xx_hal_adc.c **** }
 671:Drivers/STM32F4xx_HAL_Driver/Src/stm32f4xx_hal_adc.c **** 
 672:Drivers/STM32F4xx_HAL_Driver/Src/stm32f4xx_hal_adc.c **** /**
 673:Drivers/STM32F4xx_HAL_Driver/Src/stm32f4xx_hal_adc.c ****   * @brief  DeInitializes the ADC MSP.
 674:Drivers/STM32F4xx_HAL_Driver/Src/stm32f4xx_hal_adc.c ****   * @param  hadc pointer to a ADC_HandleTypeDef structure that contains
 675:Drivers/STM32F4xx_HAL_Driver/Src/stm32f4xx_hal_adc.c ****   *         the configuration information for the specified ADC.  
 676:Drivers/STM32F4xx_HAL_Driver/Src/stm32f4xx_hal_adc.c ****   * @retval None
 677:Drivers/STM32F4xx_HAL_Driver/Src/stm32f4xx_hal_adc.c ****   */
 678:Drivers/STM32F4xx_HAL_Driver/Src/stm32f4xx_hal_adc.c **** __weak void HAL_ADC_MspDeInit(ADC_HandleTypeDef* hadc)
 679:Drivers/STM32F4xx_HAL_Driver/Src/stm32f4xx_hal_adc.c **** {
 680:Drivers/STM32F4xx_HAL_Driver/Src/stm32f4xx_hal_adc.c ****   /* Prevent unused argument(s) compilation warning */
 681:Drivers/STM32F4xx_HAL_Driver/Src/stm32f4xx_hal_adc.c ****   UNUSED(hadc);
 682:Drivers/STM32F4xx_HAL_Driver/Src/stm32f4xx_hal_adc.c ****   /* NOTE : This function Should not be modified, when the callback is needed,
 683:Drivers/STM32F4xx_HAL_Driver/Src/stm32f4xx_hal_adc.c ****             the HAL_ADC_MspDeInit could be implemented in the user file
 684:Drivers/STM32F4xx_HAL_Driver/Src/stm32f4xx_hal_adc.c ****    */ 
 685:Drivers/STM32F4xx_HAL_Driver/Src/stm32f4xx_hal_adc.c **** }
 686:Drivers/STM32F4xx_HAL_Driver/Src/stm32f4xx_hal_adc.c **** 
 687:Drivers/STM32F4xx_HAL_Driver/Src/stm32f4xx_hal_adc.c **** /**
 688:Drivers/STM32F4xx_HAL_Driver/Src/stm32f4xx_hal_adc.c ****   * @}
 689:Drivers/STM32F4xx_HAL_Driver/Src/stm32f4xx_hal_adc.c ****   */
 690:Drivers/STM32F4xx_HAL_Driver/Src/stm32f4xx_hal_adc.c **** 
 691:Drivers/STM32F4xx_HAL_Driver/Src/stm32f4xx_hal_adc.c **** /** @defgroup ADC_Exported_Functions_Group2 IO operation functions
 692:Drivers/STM32F4xx_HAL_Driver/Src/stm32f4xx_hal_adc.c ****  *  @brief    IO operation functions 
 693:Drivers/STM32F4xx_HAL_Driver/Src/stm32f4xx_hal_adc.c ****  *
 694:Drivers/STM32F4xx_HAL_Driver/Src/stm32f4xx_hal_adc.c **** @verbatim   
 695:Drivers/STM32F4xx_HAL_Driver/Src/stm32f4xx_hal_adc.c ****  ===============================================================================
 696:Drivers/STM32F4xx_HAL_Driver/Src/stm32f4xx_hal_adc.c ****              ##### IO operation functions #####
 697:Drivers/STM32F4xx_HAL_Driver/Src/stm32f4xx_hal_adc.c ****  ===============================================================================  
 698:Drivers/STM32F4xx_HAL_Driver/Src/stm32f4xx_hal_adc.c ****     [..]  This section provides functions allowing to:
 699:Drivers/STM32F4xx_HAL_Driver/Src/stm32f4xx_hal_adc.c ****       (+) Start conversion of regular channel.
 700:Drivers/STM32F4xx_HAL_Driver/Src/stm32f4xx_hal_adc.c ****       (+) Stop conversion of regular channel.
 701:Drivers/STM32F4xx_HAL_Driver/Src/stm32f4xx_hal_adc.c ****       (+) Start conversion of regular channel and enable interrupt.
 702:Drivers/STM32F4xx_HAL_Driver/Src/stm32f4xx_hal_adc.c ****       (+) Stop conversion of regular channel and disable interrupt.
 703:Drivers/STM32F4xx_HAL_Driver/Src/stm32f4xx_hal_adc.c ****       (+) Start conversion of regular channel and enable DMA transfer.
 704:Drivers/STM32F4xx_HAL_Driver/Src/stm32f4xx_hal_adc.c ****       (+) Stop conversion of regular channel and disable DMA transfer.
 705:Drivers/STM32F4xx_HAL_Driver/Src/stm32f4xx_hal_adc.c ****       (+) Handle ADC interrupt request. 
 706:Drivers/STM32F4xx_HAL_Driver/Src/stm32f4xx_hal_adc.c ****                
 707:Drivers/STM32F4xx_HAL_Driver/Src/stm32f4xx_hal_adc.c **** @endverbatim
 708:Drivers/STM32F4xx_HAL_Driver/Src/stm32f4xx_hal_adc.c ****   * @{
 709:Drivers/STM32F4xx_HAL_Driver/Src/stm32f4xx_hal_adc.c ****   */
 710:Drivers/STM32F4xx_HAL_Driver/Src/stm32f4xx_hal_adc.c **** 
 711:Drivers/STM32F4xx_HAL_Driver/Src/stm32f4xx_hal_adc.c **** /**
 712:Drivers/STM32F4xx_HAL_Driver/Src/stm32f4xx_hal_adc.c ****   * @brief  Enables ADC and starts conversion of the regular channels.
 713:Drivers/STM32F4xx_HAL_Driver/Src/stm32f4xx_hal_adc.c ****   * @param  hadc pointer to a ADC_HandleTypeDef structure that contains
 714:Drivers/STM32F4xx_HAL_Driver/Src/stm32f4xx_hal_adc.c ****   *         the configuration information for the specified ADC.
ARM GAS  /tmp/ccFxaBUH.s 			page 14


 715:Drivers/STM32F4xx_HAL_Driver/Src/stm32f4xx_hal_adc.c ****   * @retval HAL status
 716:Drivers/STM32F4xx_HAL_Driver/Src/stm32f4xx_hal_adc.c ****   */
 717:Drivers/STM32F4xx_HAL_Driver/Src/stm32f4xx_hal_adc.c **** HAL_StatusTypeDef HAL_ADC_Start(ADC_HandleTypeDef* hadc)
 718:Drivers/STM32F4xx_HAL_Driver/Src/stm32f4xx_hal_adc.c **** {
 719:Drivers/STM32F4xx_HAL_Driver/Src/stm32f4xx_hal_adc.c ****   __IO uint32_t counter = 0U;
 720:Drivers/STM32F4xx_HAL_Driver/Src/stm32f4xx_hal_adc.c ****   ADC_Common_TypeDef *tmpADC_Common;
 721:Drivers/STM32F4xx_HAL_Driver/Src/stm32f4xx_hal_adc.c ****   
 722:Drivers/STM32F4xx_HAL_Driver/Src/stm32f4xx_hal_adc.c ****   /* Check the parameters */
 723:Drivers/STM32F4xx_HAL_Driver/Src/stm32f4xx_hal_adc.c ****   assert_param(IS_FUNCTIONAL_STATE(hadc->Init.ContinuousConvMode));
 724:Drivers/STM32F4xx_HAL_Driver/Src/stm32f4xx_hal_adc.c ****   assert_param(IS_ADC_EXT_TRIG_EDGE(hadc->Init.ExternalTrigConvEdge)); 
 725:Drivers/STM32F4xx_HAL_Driver/Src/stm32f4xx_hal_adc.c ****   
 726:Drivers/STM32F4xx_HAL_Driver/Src/stm32f4xx_hal_adc.c ****   /* Process locked */
 727:Drivers/STM32F4xx_HAL_Driver/Src/stm32f4xx_hal_adc.c ****   __HAL_LOCK(hadc);
 728:Drivers/STM32F4xx_HAL_Driver/Src/stm32f4xx_hal_adc.c ****   
 729:Drivers/STM32F4xx_HAL_Driver/Src/stm32f4xx_hal_adc.c ****   /* Enable the ADC peripheral */
 730:Drivers/STM32F4xx_HAL_Driver/Src/stm32f4xx_hal_adc.c ****   /* Check if ADC peripheral is disabled in order to enable it and wait during 
 731:Drivers/STM32F4xx_HAL_Driver/Src/stm32f4xx_hal_adc.c ****   Tstab time the ADC's stabilization */
 732:Drivers/STM32F4xx_HAL_Driver/Src/stm32f4xx_hal_adc.c ****   if((hadc->Instance->CR2 & ADC_CR2_ADON) != ADC_CR2_ADON)
 733:Drivers/STM32F4xx_HAL_Driver/Src/stm32f4xx_hal_adc.c ****   {  
 734:Drivers/STM32F4xx_HAL_Driver/Src/stm32f4xx_hal_adc.c ****     /* Enable the Peripheral */
 735:Drivers/STM32F4xx_HAL_Driver/Src/stm32f4xx_hal_adc.c ****     __HAL_ADC_ENABLE(hadc);
 736:Drivers/STM32F4xx_HAL_Driver/Src/stm32f4xx_hal_adc.c ****     
 737:Drivers/STM32F4xx_HAL_Driver/Src/stm32f4xx_hal_adc.c ****     /* Delay for ADC stabilization time */
 738:Drivers/STM32F4xx_HAL_Driver/Src/stm32f4xx_hal_adc.c ****     /* Compute number of CPU cycles to wait for */
 739:Drivers/STM32F4xx_HAL_Driver/Src/stm32f4xx_hal_adc.c ****     counter = (ADC_STAB_DELAY_US * (SystemCoreClock / 1000000U));
 740:Drivers/STM32F4xx_HAL_Driver/Src/stm32f4xx_hal_adc.c ****     while(counter != 0U)
 741:Drivers/STM32F4xx_HAL_Driver/Src/stm32f4xx_hal_adc.c ****     {
 742:Drivers/STM32F4xx_HAL_Driver/Src/stm32f4xx_hal_adc.c ****       counter--;
 743:Drivers/STM32F4xx_HAL_Driver/Src/stm32f4xx_hal_adc.c ****     }
 744:Drivers/STM32F4xx_HAL_Driver/Src/stm32f4xx_hal_adc.c ****   }
 745:Drivers/STM32F4xx_HAL_Driver/Src/stm32f4xx_hal_adc.c ****   
 746:Drivers/STM32F4xx_HAL_Driver/Src/stm32f4xx_hal_adc.c ****   /* Start conversion if ADC is effectively enabled */
 747:Drivers/STM32F4xx_HAL_Driver/Src/stm32f4xx_hal_adc.c ****   if(HAL_IS_BIT_SET(hadc->Instance->CR2, ADC_CR2_ADON))
 748:Drivers/STM32F4xx_HAL_Driver/Src/stm32f4xx_hal_adc.c ****   {
 749:Drivers/STM32F4xx_HAL_Driver/Src/stm32f4xx_hal_adc.c ****     /* Set ADC state                                                          */
 750:Drivers/STM32F4xx_HAL_Driver/Src/stm32f4xx_hal_adc.c ****     /* - Clear state bitfield related to regular group conversion results     */
 751:Drivers/STM32F4xx_HAL_Driver/Src/stm32f4xx_hal_adc.c ****     /* - Set state bitfield related to regular group operation                */
 752:Drivers/STM32F4xx_HAL_Driver/Src/stm32f4xx_hal_adc.c ****     ADC_STATE_CLR_SET(hadc->State,
 753:Drivers/STM32F4xx_HAL_Driver/Src/stm32f4xx_hal_adc.c ****                       HAL_ADC_STATE_READY | HAL_ADC_STATE_REG_EOC | HAL_ADC_STATE_REG_OVR,
 754:Drivers/STM32F4xx_HAL_Driver/Src/stm32f4xx_hal_adc.c ****                       HAL_ADC_STATE_REG_BUSY);
 755:Drivers/STM32F4xx_HAL_Driver/Src/stm32f4xx_hal_adc.c ****     
 756:Drivers/STM32F4xx_HAL_Driver/Src/stm32f4xx_hal_adc.c ****     /* If conversions on group regular are also triggering group injected,    */
 757:Drivers/STM32F4xx_HAL_Driver/Src/stm32f4xx_hal_adc.c ****     /* update ADC state.                                                      */
 758:Drivers/STM32F4xx_HAL_Driver/Src/stm32f4xx_hal_adc.c ****     if (READ_BIT(hadc->Instance->CR1, ADC_CR1_JAUTO) != RESET)
 759:Drivers/STM32F4xx_HAL_Driver/Src/stm32f4xx_hal_adc.c ****     {
 760:Drivers/STM32F4xx_HAL_Driver/Src/stm32f4xx_hal_adc.c ****       ADC_STATE_CLR_SET(hadc->State, HAL_ADC_STATE_INJ_EOC, HAL_ADC_STATE_INJ_BUSY);  
 761:Drivers/STM32F4xx_HAL_Driver/Src/stm32f4xx_hal_adc.c ****     }
 762:Drivers/STM32F4xx_HAL_Driver/Src/stm32f4xx_hal_adc.c ****     
 763:Drivers/STM32F4xx_HAL_Driver/Src/stm32f4xx_hal_adc.c ****     /* State machine update: Check if an injected conversion is ongoing */
 764:Drivers/STM32F4xx_HAL_Driver/Src/stm32f4xx_hal_adc.c ****     if (HAL_IS_BIT_SET(hadc->State, HAL_ADC_STATE_INJ_BUSY))
 765:Drivers/STM32F4xx_HAL_Driver/Src/stm32f4xx_hal_adc.c ****     {
 766:Drivers/STM32F4xx_HAL_Driver/Src/stm32f4xx_hal_adc.c ****       /* Reset ADC error code fields related to conversions on group regular */
 767:Drivers/STM32F4xx_HAL_Driver/Src/stm32f4xx_hal_adc.c ****       CLEAR_BIT(hadc->ErrorCode, (HAL_ADC_ERROR_OVR | HAL_ADC_ERROR_DMA));         
 768:Drivers/STM32F4xx_HAL_Driver/Src/stm32f4xx_hal_adc.c ****     }
 769:Drivers/STM32F4xx_HAL_Driver/Src/stm32f4xx_hal_adc.c ****     else
 770:Drivers/STM32F4xx_HAL_Driver/Src/stm32f4xx_hal_adc.c ****     {
 771:Drivers/STM32F4xx_HAL_Driver/Src/stm32f4xx_hal_adc.c ****       /* Reset ADC all error code fields */
ARM GAS  /tmp/ccFxaBUH.s 			page 15


 772:Drivers/STM32F4xx_HAL_Driver/Src/stm32f4xx_hal_adc.c ****       ADC_CLEAR_ERRORCODE(hadc);
 773:Drivers/STM32F4xx_HAL_Driver/Src/stm32f4xx_hal_adc.c ****     } 
 774:Drivers/STM32F4xx_HAL_Driver/Src/stm32f4xx_hal_adc.c **** 
 775:Drivers/STM32F4xx_HAL_Driver/Src/stm32f4xx_hal_adc.c ****     /* Process unlocked */
 776:Drivers/STM32F4xx_HAL_Driver/Src/stm32f4xx_hal_adc.c ****     /* Unlock before starting ADC conversions: in case of potential           */
 777:Drivers/STM32F4xx_HAL_Driver/Src/stm32f4xx_hal_adc.c ****     /* interruption, to let the process to ADC IRQ Handler.                   */
 778:Drivers/STM32F4xx_HAL_Driver/Src/stm32f4xx_hal_adc.c ****     __HAL_UNLOCK(hadc);
 779:Drivers/STM32F4xx_HAL_Driver/Src/stm32f4xx_hal_adc.c **** 
 780:Drivers/STM32F4xx_HAL_Driver/Src/stm32f4xx_hal_adc.c ****     /* Pointer to the common control register to which is belonging hadc    */
 781:Drivers/STM32F4xx_HAL_Driver/Src/stm32f4xx_hal_adc.c ****     /* (Depending on STM32F4 product, there may be up to 3 ADCs and 1 common */
 782:Drivers/STM32F4xx_HAL_Driver/Src/stm32f4xx_hal_adc.c ****     /* control register)                                                    */
 783:Drivers/STM32F4xx_HAL_Driver/Src/stm32f4xx_hal_adc.c ****     tmpADC_Common = ADC_COMMON_REGISTER(hadc);
 784:Drivers/STM32F4xx_HAL_Driver/Src/stm32f4xx_hal_adc.c **** 
 785:Drivers/STM32F4xx_HAL_Driver/Src/stm32f4xx_hal_adc.c ****     /* Clear regular group conversion flag and overrun flag */
 786:Drivers/STM32F4xx_HAL_Driver/Src/stm32f4xx_hal_adc.c ****     /* (To ensure of no unknown state from potential previous ADC operations) */
 787:Drivers/STM32F4xx_HAL_Driver/Src/stm32f4xx_hal_adc.c ****     __HAL_ADC_CLEAR_FLAG(hadc, ADC_FLAG_EOC | ADC_FLAG_OVR);
 788:Drivers/STM32F4xx_HAL_Driver/Src/stm32f4xx_hal_adc.c ****     
 789:Drivers/STM32F4xx_HAL_Driver/Src/stm32f4xx_hal_adc.c ****     /* Check if Multimode enabled */
 790:Drivers/STM32F4xx_HAL_Driver/Src/stm32f4xx_hal_adc.c ****     if(HAL_IS_BIT_CLR(tmpADC_Common->CCR, ADC_CCR_MULTI))
 791:Drivers/STM32F4xx_HAL_Driver/Src/stm32f4xx_hal_adc.c ****     {
 792:Drivers/STM32F4xx_HAL_Driver/Src/stm32f4xx_hal_adc.c **** #if defined(ADC2) && defined(ADC3)
 793:Drivers/STM32F4xx_HAL_Driver/Src/stm32f4xx_hal_adc.c ****       if((hadc->Instance == ADC1) || ((hadc->Instance == ADC2) && ((ADC->CCR & ADC_CCR_MULTI_Msk) <
 794:Drivers/STM32F4xx_HAL_Driver/Src/stm32f4xx_hal_adc.c ****                                   || ((hadc->Instance == ADC3) && ((ADC->CCR & ADC_CCR_MULTI_Msk) <
 795:Drivers/STM32F4xx_HAL_Driver/Src/stm32f4xx_hal_adc.c ****       {
 796:Drivers/STM32F4xx_HAL_Driver/Src/stm32f4xx_hal_adc.c **** #endif /* ADC2 || ADC3 */
 797:Drivers/STM32F4xx_HAL_Driver/Src/stm32f4xx_hal_adc.c ****         /* if no external trigger present enable software conversion of regular channels */
 798:Drivers/STM32F4xx_HAL_Driver/Src/stm32f4xx_hal_adc.c ****         if((hadc->Instance->CR2 & ADC_CR2_EXTEN) == RESET) 
 799:Drivers/STM32F4xx_HAL_Driver/Src/stm32f4xx_hal_adc.c ****         {
 800:Drivers/STM32F4xx_HAL_Driver/Src/stm32f4xx_hal_adc.c ****           /* Enable the selected ADC software conversion for regular group */
 801:Drivers/STM32F4xx_HAL_Driver/Src/stm32f4xx_hal_adc.c ****           hadc->Instance->CR2 |= (uint32_t)ADC_CR2_SWSTART;
 802:Drivers/STM32F4xx_HAL_Driver/Src/stm32f4xx_hal_adc.c ****         }
 803:Drivers/STM32F4xx_HAL_Driver/Src/stm32f4xx_hal_adc.c **** #if defined(ADC2) && defined(ADC3)
 804:Drivers/STM32F4xx_HAL_Driver/Src/stm32f4xx_hal_adc.c ****       }
 805:Drivers/STM32F4xx_HAL_Driver/Src/stm32f4xx_hal_adc.c **** #endif /* ADC2 || ADC3 */
 806:Drivers/STM32F4xx_HAL_Driver/Src/stm32f4xx_hal_adc.c ****     }
 807:Drivers/STM32F4xx_HAL_Driver/Src/stm32f4xx_hal_adc.c ****     else
 808:Drivers/STM32F4xx_HAL_Driver/Src/stm32f4xx_hal_adc.c ****     {
 809:Drivers/STM32F4xx_HAL_Driver/Src/stm32f4xx_hal_adc.c ****       /* if instance of handle correspond to ADC1 and  no external trigger present enable software 
 810:Drivers/STM32F4xx_HAL_Driver/Src/stm32f4xx_hal_adc.c ****       if((hadc->Instance == ADC1) && ((hadc->Instance->CR2 & ADC_CR2_EXTEN) == RESET))
 811:Drivers/STM32F4xx_HAL_Driver/Src/stm32f4xx_hal_adc.c ****       {
 812:Drivers/STM32F4xx_HAL_Driver/Src/stm32f4xx_hal_adc.c ****         /* Enable the selected ADC software conversion for regular group */
 813:Drivers/STM32F4xx_HAL_Driver/Src/stm32f4xx_hal_adc.c ****           hadc->Instance->CR2 |= (uint32_t)ADC_CR2_SWSTART;
 814:Drivers/STM32F4xx_HAL_Driver/Src/stm32f4xx_hal_adc.c ****       }
 815:Drivers/STM32F4xx_HAL_Driver/Src/stm32f4xx_hal_adc.c ****     }
 816:Drivers/STM32F4xx_HAL_Driver/Src/stm32f4xx_hal_adc.c ****   }
 817:Drivers/STM32F4xx_HAL_Driver/Src/stm32f4xx_hal_adc.c ****   else
 818:Drivers/STM32F4xx_HAL_Driver/Src/stm32f4xx_hal_adc.c ****   {
 819:Drivers/STM32F4xx_HAL_Driver/Src/stm32f4xx_hal_adc.c ****     /* Update ADC state machine to error */
 820:Drivers/STM32F4xx_HAL_Driver/Src/stm32f4xx_hal_adc.c ****     SET_BIT(hadc->State, HAL_ADC_STATE_ERROR_INTERNAL);
 821:Drivers/STM32F4xx_HAL_Driver/Src/stm32f4xx_hal_adc.c **** 
 822:Drivers/STM32F4xx_HAL_Driver/Src/stm32f4xx_hal_adc.c ****     /* Set ADC error code to ADC IP internal error */
 823:Drivers/STM32F4xx_HAL_Driver/Src/stm32f4xx_hal_adc.c ****     SET_BIT(hadc->ErrorCode, HAL_ADC_ERROR_INTERNAL);
 824:Drivers/STM32F4xx_HAL_Driver/Src/stm32f4xx_hal_adc.c ****   }
 825:Drivers/STM32F4xx_HAL_Driver/Src/stm32f4xx_hal_adc.c ****   
 826:Drivers/STM32F4xx_HAL_Driver/Src/stm32f4xx_hal_adc.c ****   /* Return function status */
 827:Drivers/STM32F4xx_HAL_Driver/Src/stm32f4xx_hal_adc.c ****   return HAL_OK;
 828:Drivers/STM32F4xx_HAL_Driver/Src/stm32f4xx_hal_adc.c **** }
ARM GAS  /tmp/ccFxaBUH.s 			page 16


 829:Drivers/STM32F4xx_HAL_Driver/Src/stm32f4xx_hal_adc.c **** 
 830:Drivers/STM32F4xx_HAL_Driver/Src/stm32f4xx_hal_adc.c **** /**
 831:Drivers/STM32F4xx_HAL_Driver/Src/stm32f4xx_hal_adc.c ****   * @brief  Disables ADC and stop conversion of regular channels.
 832:Drivers/STM32F4xx_HAL_Driver/Src/stm32f4xx_hal_adc.c ****   * 
 833:Drivers/STM32F4xx_HAL_Driver/Src/stm32f4xx_hal_adc.c ****   * @note   Caution: This function will stop also injected channels.  
 834:Drivers/STM32F4xx_HAL_Driver/Src/stm32f4xx_hal_adc.c ****   *
 835:Drivers/STM32F4xx_HAL_Driver/Src/stm32f4xx_hal_adc.c ****   * @param  hadc pointer to a ADC_HandleTypeDef structure that contains
 836:Drivers/STM32F4xx_HAL_Driver/Src/stm32f4xx_hal_adc.c ****   *         the configuration information for the specified ADC.
 837:Drivers/STM32F4xx_HAL_Driver/Src/stm32f4xx_hal_adc.c ****   *
 838:Drivers/STM32F4xx_HAL_Driver/Src/stm32f4xx_hal_adc.c ****   * @retval HAL status.
 839:Drivers/STM32F4xx_HAL_Driver/Src/stm32f4xx_hal_adc.c ****   */
 840:Drivers/STM32F4xx_HAL_Driver/Src/stm32f4xx_hal_adc.c **** HAL_StatusTypeDef HAL_ADC_Stop(ADC_HandleTypeDef* hadc)
 841:Drivers/STM32F4xx_HAL_Driver/Src/stm32f4xx_hal_adc.c **** {
 842:Drivers/STM32F4xx_HAL_Driver/Src/stm32f4xx_hal_adc.c ****   /* Check the parameters */
 843:Drivers/STM32F4xx_HAL_Driver/Src/stm32f4xx_hal_adc.c ****   assert_param(IS_ADC_ALL_INSTANCE(hadc->Instance));
 844:Drivers/STM32F4xx_HAL_Driver/Src/stm32f4xx_hal_adc.c ****   
 845:Drivers/STM32F4xx_HAL_Driver/Src/stm32f4xx_hal_adc.c ****   /* Process locked */
 846:Drivers/STM32F4xx_HAL_Driver/Src/stm32f4xx_hal_adc.c ****   __HAL_LOCK(hadc);
 847:Drivers/STM32F4xx_HAL_Driver/Src/stm32f4xx_hal_adc.c ****   
 848:Drivers/STM32F4xx_HAL_Driver/Src/stm32f4xx_hal_adc.c ****   /* Stop potential conversion on going, on regular and injected groups */
 849:Drivers/STM32F4xx_HAL_Driver/Src/stm32f4xx_hal_adc.c ****   /* Disable ADC peripheral */
 850:Drivers/STM32F4xx_HAL_Driver/Src/stm32f4xx_hal_adc.c ****   __HAL_ADC_DISABLE(hadc);
 851:Drivers/STM32F4xx_HAL_Driver/Src/stm32f4xx_hal_adc.c ****   
 852:Drivers/STM32F4xx_HAL_Driver/Src/stm32f4xx_hal_adc.c ****   /* Check if ADC is effectively disabled */
 853:Drivers/STM32F4xx_HAL_Driver/Src/stm32f4xx_hal_adc.c ****   if(HAL_IS_BIT_CLR(hadc->Instance->CR2, ADC_CR2_ADON))
 854:Drivers/STM32F4xx_HAL_Driver/Src/stm32f4xx_hal_adc.c ****   {
 855:Drivers/STM32F4xx_HAL_Driver/Src/stm32f4xx_hal_adc.c ****     /* Set ADC state */
 856:Drivers/STM32F4xx_HAL_Driver/Src/stm32f4xx_hal_adc.c ****     ADC_STATE_CLR_SET(hadc->State,
 857:Drivers/STM32F4xx_HAL_Driver/Src/stm32f4xx_hal_adc.c ****                       HAL_ADC_STATE_REG_BUSY | HAL_ADC_STATE_INJ_BUSY,
 858:Drivers/STM32F4xx_HAL_Driver/Src/stm32f4xx_hal_adc.c ****                       HAL_ADC_STATE_READY);
 859:Drivers/STM32F4xx_HAL_Driver/Src/stm32f4xx_hal_adc.c ****   }
 860:Drivers/STM32F4xx_HAL_Driver/Src/stm32f4xx_hal_adc.c ****   
 861:Drivers/STM32F4xx_HAL_Driver/Src/stm32f4xx_hal_adc.c ****   /* Process unlocked */
 862:Drivers/STM32F4xx_HAL_Driver/Src/stm32f4xx_hal_adc.c ****   __HAL_UNLOCK(hadc);
 863:Drivers/STM32F4xx_HAL_Driver/Src/stm32f4xx_hal_adc.c ****   
 864:Drivers/STM32F4xx_HAL_Driver/Src/stm32f4xx_hal_adc.c ****   /* Return function status */
 865:Drivers/STM32F4xx_HAL_Driver/Src/stm32f4xx_hal_adc.c ****   return HAL_OK;
 866:Drivers/STM32F4xx_HAL_Driver/Src/stm32f4xx_hal_adc.c **** }
 867:Drivers/STM32F4xx_HAL_Driver/Src/stm32f4xx_hal_adc.c **** 
 868:Drivers/STM32F4xx_HAL_Driver/Src/stm32f4xx_hal_adc.c **** /**
 869:Drivers/STM32F4xx_HAL_Driver/Src/stm32f4xx_hal_adc.c ****   * @brief  Poll for regular conversion complete
 870:Drivers/STM32F4xx_HAL_Driver/Src/stm32f4xx_hal_adc.c ****   * @note   ADC conversion flags EOS (end of sequence) and EOC (end of
 871:Drivers/STM32F4xx_HAL_Driver/Src/stm32f4xx_hal_adc.c ****   *         conversion) are cleared by this function.
 872:Drivers/STM32F4xx_HAL_Driver/Src/stm32f4xx_hal_adc.c ****   * @note   This function cannot be used in a particular setup: ADC configured 
 873:Drivers/STM32F4xx_HAL_Driver/Src/stm32f4xx_hal_adc.c ****   *         in DMA mode and polling for end of each conversion (ADC init
 874:Drivers/STM32F4xx_HAL_Driver/Src/stm32f4xx_hal_adc.c ****   *         parameter "EOCSelection" set to ADC_EOC_SINGLE_CONV).
 875:Drivers/STM32F4xx_HAL_Driver/Src/stm32f4xx_hal_adc.c ****   *         In this case, DMA resets the flag EOC and polling cannot be
 876:Drivers/STM32F4xx_HAL_Driver/Src/stm32f4xx_hal_adc.c ****   *         performed on each conversion. Nevertheless, polling can still 
 877:Drivers/STM32F4xx_HAL_Driver/Src/stm32f4xx_hal_adc.c ****   *         be performed on the complete sequence.
 878:Drivers/STM32F4xx_HAL_Driver/Src/stm32f4xx_hal_adc.c ****   * @param  hadc pointer to a ADC_HandleTypeDef structure that contains
 879:Drivers/STM32F4xx_HAL_Driver/Src/stm32f4xx_hal_adc.c ****   *         the configuration information for the specified ADC.
 880:Drivers/STM32F4xx_HAL_Driver/Src/stm32f4xx_hal_adc.c ****   * @param  Timeout Timeout value in millisecond.  
 881:Drivers/STM32F4xx_HAL_Driver/Src/stm32f4xx_hal_adc.c ****   * @retval HAL status
 882:Drivers/STM32F4xx_HAL_Driver/Src/stm32f4xx_hal_adc.c ****   */
 883:Drivers/STM32F4xx_HAL_Driver/Src/stm32f4xx_hal_adc.c **** HAL_StatusTypeDef HAL_ADC_PollForConversion(ADC_HandleTypeDef* hadc, uint32_t Timeout)
 884:Drivers/STM32F4xx_HAL_Driver/Src/stm32f4xx_hal_adc.c **** {
 885:Drivers/STM32F4xx_HAL_Driver/Src/stm32f4xx_hal_adc.c ****   uint32_t tickstart = 0U;
ARM GAS  /tmp/ccFxaBUH.s 			page 17


 886:Drivers/STM32F4xx_HAL_Driver/Src/stm32f4xx_hal_adc.c ****  
 887:Drivers/STM32F4xx_HAL_Driver/Src/stm32f4xx_hal_adc.c ****   /* Verification that ADC configuration is compliant with polling for      */
 888:Drivers/STM32F4xx_HAL_Driver/Src/stm32f4xx_hal_adc.c ****   /* each conversion:                                                       */
 889:Drivers/STM32F4xx_HAL_Driver/Src/stm32f4xx_hal_adc.c ****   /* Particular case is ADC configured in DMA mode and ADC sequencer with   */
 890:Drivers/STM32F4xx_HAL_Driver/Src/stm32f4xx_hal_adc.c ****   /* several ranks and polling for end of each conversion.                  */
 891:Drivers/STM32F4xx_HAL_Driver/Src/stm32f4xx_hal_adc.c ****   /* For code simplicity sake, this particular case is generalized to       */
 892:Drivers/STM32F4xx_HAL_Driver/Src/stm32f4xx_hal_adc.c ****   /* ADC configured in DMA mode and polling for end of each conversion.     */
 893:Drivers/STM32F4xx_HAL_Driver/Src/stm32f4xx_hal_adc.c ****   if (HAL_IS_BIT_SET(hadc->Instance->CR2, ADC_CR2_EOCS) &&
 894:Drivers/STM32F4xx_HAL_Driver/Src/stm32f4xx_hal_adc.c ****       HAL_IS_BIT_SET(hadc->Instance->CR2, ADC_CR2_DMA)    )
 895:Drivers/STM32F4xx_HAL_Driver/Src/stm32f4xx_hal_adc.c ****   {
 896:Drivers/STM32F4xx_HAL_Driver/Src/stm32f4xx_hal_adc.c ****     /* Update ADC state machine to error */
 897:Drivers/STM32F4xx_HAL_Driver/Src/stm32f4xx_hal_adc.c ****     SET_BIT(hadc->State, HAL_ADC_STATE_ERROR_CONFIG);
 898:Drivers/STM32F4xx_HAL_Driver/Src/stm32f4xx_hal_adc.c ****     
 899:Drivers/STM32F4xx_HAL_Driver/Src/stm32f4xx_hal_adc.c ****     /* Process unlocked */
 900:Drivers/STM32F4xx_HAL_Driver/Src/stm32f4xx_hal_adc.c ****     __HAL_UNLOCK(hadc);
 901:Drivers/STM32F4xx_HAL_Driver/Src/stm32f4xx_hal_adc.c ****     
 902:Drivers/STM32F4xx_HAL_Driver/Src/stm32f4xx_hal_adc.c ****     return HAL_ERROR;
 903:Drivers/STM32F4xx_HAL_Driver/Src/stm32f4xx_hal_adc.c ****   }
 904:Drivers/STM32F4xx_HAL_Driver/Src/stm32f4xx_hal_adc.c **** 
 905:Drivers/STM32F4xx_HAL_Driver/Src/stm32f4xx_hal_adc.c ****   /* Get tick */ 
 906:Drivers/STM32F4xx_HAL_Driver/Src/stm32f4xx_hal_adc.c ****   tickstart = HAL_GetTick();
 907:Drivers/STM32F4xx_HAL_Driver/Src/stm32f4xx_hal_adc.c **** 
 908:Drivers/STM32F4xx_HAL_Driver/Src/stm32f4xx_hal_adc.c ****   /* Check End of conversion flag */
 909:Drivers/STM32F4xx_HAL_Driver/Src/stm32f4xx_hal_adc.c ****   while(!(__HAL_ADC_GET_FLAG(hadc, ADC_FLAG_EOC)))
 910:Drivers/STM32F4xx_HAL_Driver/Src/stm32f4xx_hal_adc.c ****   {
 911:Drivers/STM32F4xx_HAL_Driver/Src/stm32f4xx_hal_adc.c ****     /* Check if timeout is disabled (set to infinite wait) */
 912:Drivers/STM32F4xx_HAL_Driver/Src/stm32f4xx_hal_adc.c ****     if(Timeout != HAL_MAX_DELAY)
 913:Drivers/STM32F4xx_HAL_Driver/Src/stm32f4xx_hal_adc.c ****     {
 914:Drivers/STM32F4xx_HAL_Driver/Src/stm32f4xx_hal_adc.c ****       if((Timeout == 0U) || ((HAL_GetTick() - tickstart ) > Timeout))
 915:Drivers/STM32F4xx_HAL_Driver/Src/stm32f4xx_hal_adc.c ****       {
 916:Drivers/STM32F4xx_HAL_Driver/Src/stm32f4xx_hal_adc.c ****         /* New check to avoid false timeout detection in case of preemption */
 917:Drivers/STM32F4xx_HAL_Driver/Src/stm32f4xx_hal_adc.c ****         if(!(__HAL_ADC_GET_FLAG(hadc, ADC_FLAG_EOC)))
 918:Drivers/STM32F4xx_HAL_Driver/Src/stm32f4xx_hal_adc.c ****         {
 919:Drivers/STM32F4xx_HAL_Driver/Src/stm32f4xx_hal_adc.c ****           /* Update ADC state machine to timeout */
 920:Drivers/STM32F4xx_HAL_Driver/Src/stm32f4xx_hal_adc.c ****           SET_BIT(hadc->State, HAL_ADC_STATE_TIMEOUT);
 921:Drivers/STM32F4xx_HAL_Driver/Src/stm32f4xx_hal_adc.c ****           
 922:Drivers/STM32F4xx_HAL_Driver/Src/stm32f4xx_hal_adc.c ****           /* Process unlocked */
 923:Drivers/STM32F4xx_HAL_Driver/Src/stm32f4xx_hal_adc.c ****           __HAL_UNLOCK(hadc);
 924:Drivers/STM32F4xx_HAL_Driver/Src/stm32f4xx_hal_adc.c ****           
 925:Drivers/STM32F4xx_HAL_Driver/Src/stm32f4xx_hal_adc.c ****           return HAL_TIMEOUT;
 926:Drivers/STM32F4xx_HAL_Driver/Src/stm32f4xx_hal_adc.c ****         }
 927:Drivers/STM32F4xx_HAL_Driver/Src/stm32f4xx_hal_adc.c ****       }
 928:Drivers/STM32F4xx_HAL_Driver/Src/stm32f4xx_hal_adc.c ****     }
 929:Drivers/STM32F4xx_HAL_Driver/Src/stm32f4xx_hal_adc.c ****   }
 930:Drivers/STM32F4xx_HAL_Driver/Src/stm32f4xx_hal_adc.c ****   
 931:Drivers/STM32F4xx_HAL_Driver/Src/stm32f4xx_hal_adc.c ****   /* Clear regular group conversion flag */
 932:Drivers/STM32F4xx_HAL_Driver/Src/stm32f4xx_hal_adc.c ****   __HAL_ADC_CLEAR_FLAG(hadc, ADC_FLAG_STRT | ADC_FLAG_EOC);
 933:Drivers/STM32F4xx_HAL_Driver/Src/stm32f4xx_hal_adc.c ****   
 934:Drivers/STM32F4xx_HAL_Driver/Src/stm32f4xx_hal_adc.c ****   /* Update ADC state machine */
 935:Drivers/STM32F4xx_HAL_Driver/Src/stm32f4xx_hal_adc.c ****   SET_BIT(hadc->State, HAL_ADC_STATE_REG_EOC);
 936:Drivers/STM32F4xx_HAL_Driver/Src/stm32f4xx_hal_adc.c ****   
 937:Drivers/STM32F4xx_HAL_Driver/Src/stm32f4xx_hal_adc.c ****   /* Determine whether any further conversion upcoming on group regular       */
 938:Drivers/STM32F4xx_HAL_Driver/Src/stm32f4xx_hal_adc.c ****   /* by external trigger, continuous mode or scan sequence on going.          */
 939:Drivers/STM32F4xx_HAL_Driver/Src/stm32f4xx_hal_adc.c ****   /* Note: On STM32F4, there is no independent flag of end of sequence.       */
 940:Drivers/STM32F4xx_HAL_Driver/Src/stm32f4xx_hal_adc.c ****   /*       The test of scan sequence on going is done either with scan        */
 941:Drivers/STM32F4xx_HAL_Driver/Src/stm32f4xx_hal_adc.c ****   /*       sequence disabled or with end of conversion flag set to            */
 942:Drivers/STM32F4xx_HAL_Driver/Src/stm32f4xx_hal_adc.c ****   /*       of end of sequence.                                                */
ARM GAS  /tmp/ccFxaBUH.s 			page 18


 943:Drivers/STM32F4xx_HAL_Driver/Src/stm32f4xx_hal_adc.c ****   if(ADC_IS_SOFTWARE_START_REGULAR(hadc)                   &&
 944:Drivers/STM32F4xx_HAL_Driver/Src/stm32f4xx_hal_adc.c ****      (hadc->Init.ContinuousConvMode == DISABLE)            &&
 945:Drivers/STM32F4xx_HAL_Driver/Src/stm32f4xx_hal_adc.c ****      (HAL_IS_BIT_CLR(hadc->Instance->SQR1, ADC_SQR1_L) ||
 946:Drivers/STM32F4xx_HAL_Driver/Src/stm32f4xx_hal_adc.c ****       HAL_IS_BIT_CLR(hadc->Instance->CR2, ADC_CR2_EOCS)  )   )
 947:Drivers/STM32F4xx_HAL_Driver/Src/stm32f4xx_hal_adc.c ****   {
 948:Drivers/STM32F4xx_HAL_Driver/Src/stm32f4xx_hal_adc.c ****     /* Set ADC state */
 949:Drivers/STM32F4xx_HAL_Driver/Src/stm32f4xx_hal_adc.c ****     CLEAR_BIT(hadc->State, HAL_ADC_STATE_REG_BUSY);   
 950:Drivers/STM32F4xx_HAL_Driver/Src/stm32f4xx_hal_adc.c ****     
 951:Drivers/STM32F4xx_HAL_Driver/Src/stm32f4xx_hal_adc.c ****     if (HAL_IS_BIT_CLR(hadc->State, HAL_ADC_STATE_INJ_BUSY))
 952:Drivers/STM32F4xx_HAL_Driver/Src/stm32f4xx_hal_adc.c ****     { 
 953:Drivers/STM32F4xx_HAL_Driver/Src/stm32f4xx_hal_adc.c ****       SET_BIT(hadc->State, HAL_ADC_STATE_READY);
 954:Drivers/STM32F4xx_HAL_Driver/Src/stm32f4xx_hal_adc.c ****     }
 955:Drivers/STM32F4xx_HAL_Driver/Src/stm32f4xx_hal_adc.c ****   }
 956:Drivers/STM32F4xx_HAL_Driver/Src/stm32f4xx_hal_adc.c ****   
 957:Drivers/STM32F4xx_HAL_Driver/Src/stm32f4xx_hal_adc.c ****   /* Return ADC state */
 958:Drivers/STM32F4xx_HAL_Driver/Src/stm32f4xx_hal_adc.c ****   return HAL_OK;
 959:Drivers/STM32F4xx_HAL_Driver/Src/stm32f4xx_hal_adc.c **** }
 960:Drivers/STM32F4xx_HAL_Driver/Src/stm32f4xx_hal_adc.c **** 
 961:Drivers/STM32F4xx_HAL_Driver/Src/stm32f4xx_hal_adc.c **** /**
 962:Drivers/STM32F4xx_HAL_Driver/Src/stm32f4xx_hal_adc.c ****   * @brief  Poll for conversion event
 963:Drivers/STM32F4xx_HAL_Driver/Src/stm32f4xx_hal_adc.c ****   * @param  hadc pointer to a ADC_HandleTypeDef structure that contains
 964:Drivers/STM32F4xx_HAL_Driver/Src/stm32f4xx_hal_adc.c ****   *         the configuration information for the specified ADC.
 965:Drivers/STM32F4xx_HAL_Driver/Src/stm32f4xx_hal_adc.c ****   * @param  EventType the ADC event type.
 966:Drivers/STM32F4xx_HAL_Driver/Src/stm32f4xx_hal_adc.c ****   *          This parameter can be one of the following values:
 967:Drivers/STM32F4xx_HAL_Driver/Src/stm32f4xx_hal_adc.c ****   *            @arg ADC_AWD_EVENT: ADC Analog watch Dog event.
 968:Drivers/STM32F4xx_HAL_Driver/Src/stm32f4xx_hal_adc.c ****   *            @arg ADC_OVR_EVENT: ADC Overrun event.
 969:Drivers/STM32F4xx_HAL_Driver/Src/stm32f4xx_hal_adc.c ****   * @param  Timeout Timeout value in millisecond.   
 970:Drivers/STM32F4xx_HAL_Driver/Src/stm32f4xx_hal_adc.c ****   * @retval HAL status
 971:Drivers/STM32F4xx_HAL_Driver/Src/stm32f4xx_hal_adc.c ****   */
 972:Drivers/STM32F4xx_HAL_Driver/Src/stm32f4xx_hal_adc.c **** HAL_StatusTypeDef HAL_ADC_PollForEvent(ADC_HandleTypeDef* hadc, uint32_t EventType, uint32_t Timeou
 973:Drivers/STM32F4xx_HAL_Driver/Src/stm32f4xx_hal_adc.c **** {
 974:Drivers/STM32F4xx_HAL_Driver/Src/stm32f4xx_hal_adc.c ****   uint32_t tickstart = 0U;
 975:Drivers/STM32F4xx_HAL_Driver/Src/stm32f4xx_hal_adc.c ****   
 976:Drivers/STM32F4xx_HAL_Driver/Src/stm32f4xx_hal_adc.c ****   /* Check the parameters */
 977:Drivers/STM32F4xx_HAL_Driver/Src/stm32f4xx_hal_adc.c ****   assert_param(IS_ADC_ALL_INSTANCE(hadc->Instance));
 978:Drivers/STM32F4xx_HAL_Driver/Src/stm32f4xx_hal_adc.c ****   assert_param(IS_ADC_EVENT_TYPE(EventType));
 979:Drivers/STM32F4xx_HAL_Driver/Src/stm32f4xx_hal_adc.c **** 
 980:Drivers/STM32F4xx_HAL_Driver/Src/stm32f4xx_hal_adc.c ****   /* Get tick */
 981:Drivers/STM32F4xx_HAL_Driver/Src/stm32f4xx_hal_adc.c ****   tickstart = HAL_GetTick();
 982:Drivers/STM32F4xx_HAL_Driver/Src/stm32f4xx_hal_adc.c **** 
 983:Drivers/STM32F4xx_HAL_Driver/Src/stm32f4xx_hal_adc.c ****   /* Check selected event flag */
 984:Drivers/STM32F4xx_HAL_Driver/Src/stm32f4xx_hal_adc.c ****   while(!(__HAL_ADC_GET_FLAG(hadc,EventType)))
 985:Drivers/STM32F4xx_HAL_Driver/Src/stm32f4xx_hal_adc.c ****   {
 986:Drivers/STM32F4xx_HAL_Driver/Src/stm32f4xx_hal_adc.c ****     /* Check for the Timeout */
 987:Drivers/STM32F4xx_HAL_Driver/Src/stm32f4xx_hal_adc.c ****     if(Timeout != HAL_MAX_DELAY)
 988:Drivers/STM32F4xx_HAL_Driver/Src/stm32f4xx_hal_adc.c ****     {
 989:Drivers/STM32F4xx_HAL_Driver/Src/stm32f4xx_hal_adc.c ****       if((Timeout == 0U) || ((HAL_GetTick() - tickstart ) > Timeout))
 990:Drivers/STM32F4xx_HAL_Driver/Src/stm32f4xx_hal_adc.c ****       {
 991:Drivers/STM32F4xx_HAL_Driver/Src/stm32f4xx_hal_adc.c ****         /* New check to avoid false timeout detection in case of preemption */
 992:Drivers/STM32F4xx_HAL_Driver/Src/stm32f4xx_hal_adc.c ****         if(!(__HAL_ADC_GET_FLAG(hadc,EventType)))
 993:Drivers/STM32F4xx_HAL_Driver/Src/stm32f4xx_hal_adc.c ****         {
 994:Drivers/STM32F4xx_HAL_Driver/Src/stm32f4xx_hal_adc.c ****           /* Update ADC state machine to timeout */
 995:Drivers/STM32F4xx_HAL_Driver/Src/stm32f4xx_hal_adc.c ****           SET_BIT(hadc->State, HAL_ADC_STATE_TIMEOUT);
 996:Drivers/STM32F4xx_HAL_Driver/Src/stm32f4xx_hal_adc.c ****           
 997:Drivers/STM32F4xx_HAL_Driver/Src/stm32f4xx_hal_adc.c ****           /* Process unlocked */
 998:Drivers/STM32F4xx_HAL_Driver/Src/stm32f4xx_hal_adc.c ****           __HAL_UNLOCK(hadc);
 999:Drivers/STM32F4xx_HAL_Driver/Src/stm32f4xx_hal_adc.c ****           
ARM GAS  /tmp/ccFxaBUH.s 			page 19


1000:Drivers/STM32F4xx_HAL_Driver/Src/stm32f4xx_hal_adc.c ****           return HAL_TIMEOUT;
1001:Drivers/STM32F4xx_HAL_Driver/Src/stm32f4xx_hal_adc.c ****         }
1002:Drivers/STM32F4xx_HAL_Driver/Src/stm32f4xx_hal_adc.c ****       }
1003:Drivers/STM32F4xx_HAL_Driver/Src/stm32f4xx_hal_adc.c ****     }
1004:Drivers/STM32F4xx_HAL_Driver/Src/stm32f4xx_hal_adc.c ****   }
1005:Drivers/STM32F4xx_HAL_Driver/Src/stm32f4xx_hal_adc.c ****   
1006:Drivers/STM32F4xx_HAL_Driver/Src/stm32f4xx_hal_adc.c ****   /* Analog watchdog (level out of window) event */
1007:Drivers/STM32F4xx_HAL_Driver/Src/stm32f4xx_hal_adc.c ****   if(EventType == ADC_AWD_EVENT)
1008:Drivers/STM32F4xx_HAL_Driver/Src/stm32f4xx_hal_adc.c ****   {
1009:Drivers/STM32F4xx_HAL_Driver/Src/stm32f4xx_hal_adc.c ****     /* Set ADC state */
1010:Drivers/STM32F4xx_HAL_Driver/Src/stm32f4xx_hal_adc.c ****     SET_BIT(hadc->State, HAL_ADC_STATE_AWD1);
1011:Drivers/STM32F4xx_HAL_Driver/Src/stm32f4xx_hal_adc.c ****       
1012:Drivers/STM32F4xx_HAL_Driver/Src/stm32f4xx_hal_adc.c ****     /* Clear ADC analog watchdog flag */
1013:Drivers/STM32F4xx_HAL_Driver/Src/stm32f4xx_hal_adc.c ****     __HAL_ADC_CLEAR_FLAG(hadc, ADC_FLAG_AWD);
1014:Drivers/STM32F4xx_HAL_Driver/Src/stm32f4xx_hal_adc.c ****   }
1015:Drivers/STM32F4xx_HAL_Driver/Src/stm32f4xx_hal_adc.c ****   /* Overrun event */
1016:Drivers/STM32F4xx_HAL_Driver/Src/stm32f4xx_hal_adc.c ****   else
1017:Drivers/STM32F4xx_HAL_Driver/Src/stm32f4xx_hal_adc.c ****   {
1018:Drivers/STM32F4xx_HAL_Driver/Src/stm32f4xx_hal_adc.c ****     /* Set ADC state */
1019:Drivers/STM32F4xx_HAL_Driver/Src/stm32f4xx_hal_adc.c ****     SET_BIT(hadc->State, HAL_ADC_STATE_REG_OVR);
1020:Drivers/STM32F4xx_HAL_Driver/Src/stm32f4xx_hal_adc.c ****     /* Set ADC error code to overrun */
1021:Drivers/STM32F4xx_HAL_Driver/Src/stm32f4xx_hal_adc.c ****     SET_BIT(hadc->ErrorCode, HAL_ADC_ERROR_OVR);
1022:Drivers/STM32F4xx_HAL_Driver/Src/stm32f4xx_hal_adc.c ****     
1023:Drivers/STM32F4xx_HAL_Driver/Src/stm32f4xx_hal_adc.c ****     /* Clear ADC overrun flag */
1024:Drivers/STM32F4xx_HAL_Driver/Src/stm32f4xx_hal_adc.c ****     __HAL_ADC_CLEAR_FLAG(hadc, ADC_FLAG_OVR);
1025:Drivers/STM32F4xx_HAL_Driver/Src/stm32f4xx_hal_adc.c ****   }
1026:Drivers/STM32F4xx_HAL_Driver/Src/stm32f4xx_hal_adc.c ****   
1027:Drivers/STM32F4xx_HAL_Driver/Src/stm32f4xx_hal_adc.c ****   /* Return ADC state */
1028:Drivers/STM32F4xx_HAL_Driver/Src/stm32f4xx_hal_adc.c ****   return HAL_OK;
1029:Drivers/STM32F4xx_HAL_Driver/Src/stm32f4xx_hal_adc.c **** }
1030:Drivers/STM32F4xx_HAL_Driver/Src/stm32f4xx_hal_adc.c **** 
1031:Drivers/STM32F4xx_HAL_Driver/Src/stm32f4xx_hal_adc.c **** 
1032:Drivers/STM32F4xx_HAL_Driver/Src/stm32f4xx_hal_adc.c **** /**
1033:Drivers/STM32F4xx_HAL_Driver/Src/stm32f4xx_hal_adc.c ****   * @brief  Enables the interrupt and starts ADC conversion of regular channels.
1034:Drivers/STM32F4xx_HAL_Driver/Src/stm32f4xx_hal_adc.c ****   * @param  hadc pointer to a ADC_HandleTypeDef structure that contains
1035:Drivers/STM32F4xx_HAL_Driver/Src/stm32f4xx_hal_adc.c ****   *         the configuration information for the specified ADC.
1036:Drivers/STM32F4xx_HAL_Driver/Src/stm32f4xx_hal_adc.c ****   * @retval HAL status.
1037:Drivers/STM32F4xx_HAL_Driver/Src/stm32f4xx_hal_adc.c ****   */
1038:Drivers/STM32F4xx_HAL_Driver/Src/stm32f4xx_hal_adc.c **** HAL_StatusTypeDef HAL_ADC_Start_IT(ADC_HandleTypeDef* hadc)
1039:Drivers/STM32F4xx_HAL_Driver/Src/stm32f4xx_hal_adc.c **** {
1040:Drivers/STM32F4xx_HAL_Driver/Src/stm32f4xx_hal_adc.c ****   __IO uint32_t counter = 0U;
1041:Drivers/STM32F4xx_HAL_Driver/Src/stm32f4xx_hal_adc.c ****   ADC_Common_TypeDef *tmpADC_Common;
1042:Drivers/STM32F4xx_HAL_Driver/Src/stm32f4xx_hal_adc.c ****   
1043:Drivers/STM32F4xx_HAL_Driver/Src/stm32f4xx_hal_adc.c ****   /* Check the parameters */
1044:Drivers/STM32F4xx_HAL_Driver/Src/stm32f4xx_hal_adc.c ****   assert_param(IS_FUNCTIONAL_STATE(hadc->Init.ContinuousConvMode));
1045:Drivers/STM32F4xx_HAL_Driver/Src/stm32f4xx_hal_adc.c ****   assert_param(IS_ADC_EXT_TRIG_EDGE(hadc->Init.ExternalTrigConvEdge)); 
1046:Drivers/STM32F4xx_HAL_Driver/Src/stm32f4xx_hal_adc.c ****   
1047:Drivers/STM32F4xx_HAL_Driver/Src/stm32f4xx_hal_adc.c ****   /* Process locked */
1048:Drivers/STM32F4xx_HAL_Driver/Src/stm32f4xx_hal_adc.c ****   __HAL_LOCK(hadc);
1049:Drivers/STM32F4xx_HAL_Driver/Src/stm32f4xx_hal_adc.c ****   
1050:Drivers/STM32F4xx_HAL_Driver/Src/stm32f4xx_hal_adc.c ****   /* Enable the ADC peripheral */
1051:Drivers/STM32F4xx_HAL_Driver/Src/stm32f4xx_hal_adc.c ****   /* Check if ADC peripheral is disabled in order to enable it and wait during 
1052:Drivers/STM32F4xx_HAL_Driver/Src/stm32f4xx_hal_adc.c ****   Tstab time the ADC's stabilization */
1053:Drivers/STM32F4xx_HAL_Driver/Src/stm32f4xx_hal_adc.c ****   if((hadc->Instance->CR2 & ADC_CR2_ADON) != ADC_CR2_ADON)
1054:Drivers/STM32F4xx_HAL_Driver/Src/stm32f4xx_hal_adc.c ****   {  
1055:Drivers/STM32F4xx_HAL_Driver/Src/stm32f4xx_hal_adc.c ****     /* Enable the Peripheral */
1056:Drivers/STM32F4xx_HAL_Driver/Src/stm32f4xx_hal_adc.c ****     __HAL_ADC_ENABLE(hadc);
ARM GAS  /tmp/ccFxaBUH.s 			page 20


1057:Drivers/STM32F4xx_HAL_Driver/Src/stm32f4xx_hal_adc.c ****     
1058:Drivers/STM32F4xx_HAL_Driver/Src/stm32f4xx_hal_adc.c ****     /* Delay for ADC stabilization time */
1059:Drivers/STM32F4xx_HAL_Driver/Src/stm32f4xx_hal_adc.c ****     /* Compute number of CPU cycles to wait for */
1060:Drivers/STM32F4xx_HAL_Driver/Src/stm32f4xx_hal_adc.c ****     counter = (ADC_STAB_DELAY_US * (SystemCoreClock / 1000000U));
1061:Drivers/STM32F4xx_HAL_Driver/Src/stm32f4xx_hal_adc.c ****     while(counter != 0U)
1062:Drivers/STM32F4xx_HAL_Driver/Src/stm32f4xx_hal_adc.c ****     {
1063:Drivers/STM32F4xx_HAL_Driver/Src/stm32f4xx_hal_adc.c ****       counter--;
1064:Drivers/STM32F4xx_HAL_Driver/Src/stm32f4xx_hal_adc.c ****     }
1065:Drivers/STM32F4xx_HAL_Driver/Src/stm32f4xx_hal_adc.c ****   }
1066:Drivers/STM32F4xx_HAL_Driver/Src/stm32f4xx_hal_adc.c ****   
1067:Drivers/STM32F4xx_HAL_Driver/Src/stm32f4xx_hal_adc.c ****   /* Start conversion if ADC is effectively enabled */
1068:Drivers/STM32F4xx_HAL_Driver/Src/stm32f4xx_hal_adc.c ****   if(HAL_IS_BIT_SET(hadc->Instance->CR2, ADC_CR2_ADON))
1069:Drivers/STM32F4xx_HAL_Driver/Src/stm32f4xx_hal_adc.c ****   {
1070:Drivers/STM32F4xx_HAL_Driver/Src/stm32f4xx_hal_adc.c ****     /* Set ADC state                                                          */
1071:Drivers/STM32F4xx_HAL_Driver/Src/stm32f4xx_hal_adc.c ****     /* - Clear state bitfield related to regular group conversion results     */
1072:Drivers/STM32F4xx_HAL_Driver/Src/stm32f4xx_hal_adc.c ****     /* - Set state bitfield related to regular group operation                */
1073:Drivers/STM32F4xx_HAL_Driver/Src/stm32f4xx_hal_adc.c ****     ADC_STATE_CLR_SET(hadc->State,
1074:Drivers/STM32F4xx_HAL_Driver/Src/stm32f4xx_hal_adc.c ****                       HAL_ADC_STATE_READY | HAL_ADC_STATE_REG_EOC | HAL_ADC_STATE_REG_OVR,
1075:Drivers/STM32F4xx_HAL_Driver/Src/stm32f4xx_hal_adc.c ****                       HAL_ADC_STATE_REG_BUSY);
1076:Drivers/STM32F4xx_HAL_Driver/Src/stm32f4xx_hal_adc.c ****     
1077:Drivers/STM32F4xx_HAL_Driver/Src/stm32f4xx_hal_adc.c ****     /* If conversions on group regular are also triggering group injected,    */
1078:Drivers/STM32F4xx_HAL_Driver/Src/stm32f4xx_hal_adc.c ****     /* update ADC state.                                                      */
1079:Drivers/STM32F4xx_HAL_Driver/Src/stm32f4xx_hal_adc.c ****     if (READ_BIT(hadc->Instance->CR1, ADC_CR1_JAUTO) != RESET)
1080:Drivers/STM32F4xx_HAL_Driver/Src/stm32f4xx_hal_adc.c ****     {
1081:Drivers/STM32F4xx_HAL_Driver/Src/stm32f4xx_hal_adc.c ****       ADC_STATE_CLR_SET(hadc->State, HAL_ADC_STATE_INJ_EOC, HAL_ADC_STATE_INJ_BUSY);  
1082:Drivers/STM32F4xx_HAL_Driver/Src/stm32f4xx_hal_adc.c ****     }
1083:Drivers/STM32F4xx_HAL_Driver/Src/stm32f4xx_hal_adc.c ****     
1084:Drivers/STM32F4xx_HAL_Driver/Src/stm32f4xx_hal_adc.c ****     /* State machine update: Check if an injected conversion is ongoing */
1085:Drivers/STM32F4xx_HAL_Driver/Src/stm32f4xx_hal_adc.c ****     if (HAL_IS_BIT_SET(hadc->State, HAL_ADC_STATE_INJ_BUSY))
1086:Drivers/STM32F4xx_HAL_Driver/Src/stm32f4xx_hal_adc.c ****     {
1087:Drivers/STM32F4xx_HAL_Driver/Src/stm32f4xx_hal_adc.c ****       /* Reset ADC error code fields related to conversions on group regular */
1088:Drivers/STM32F4xx_HAL_Driver/Src/stm32f4xx_hal_adc.c ****       CLEAR_BIT(hadc->ErrorCode, (HAL_ADC_ERROR_OVR | HAL_ADC_ERROR_DMA));         
1089:Drivers/STM32F4xx_HAL_Driver/Src/stm32f4xx_hal_adc.c ****     }
1090:Drivers/STM32F4xx_HAL_Driver/Src/stm32f4xx_hal_adc.c ****     else
1091:Drivers/STM32F4xx_HAL_Driver/Src/stm32f4xx_hal_adc.c ****     {
1092:Drivers/STM32F4xx_HAL_Driver/Src/stm32f4xx_hal_adc.c ****       /* Reset ADC all error code fields */
1093:Drivers/STM32F4xx_HAL_Driver/Src/stm32f4xx_hal_adc.c ****       ADC_CLEAR_ERRORCODE(hadc);
1094:Drivers/STM32F4xx_HAL_Driver/Src/stm32f4xx_hal_adc.c ****     }
1095:Drivers/STM32F4xx_HAL_Driver/Src/stm32f4xx_hal_adc.c **** 
1096:Drivers/STM32F4xx_HAL_Driver/Src/stm32f4xx_hal_adc.c ****     /* Process unlocked */
1097:Drivers/STM32F4xx_HAL_Driver/Src/stm32f4xx_hal_adc.c ****     /* Unlock before starting ADC conversions: in case of potential           */
1098:Drivers/STM32F4xx_HAL_Driver/Src/stm32f4xx_hal_adc.c ****     /* interruption, to let the process to ADC IRQ Handler.                   */
1099:Drivers/STM32F4xx_HAL_Driver/Src/stm32f4xx_hal_adc.c ****     __HAL_UNLOCK(hadc);
1100:Drivers/STM32F4xx_HAL_Driver/Src/stm32f4xx_hal_adc.c **** 
1101:Drivers/STM32F4xx_HAL_Driver/Src/stm32f4xx_hal_adc.c ****     /* Pointer to the common control register to which is belonging hadc    */
1102:Drivers/STM32F4xx_HAL_Driver/Src/stm32f4xx_hal_adc.c ****     /* (Depending on STM32F4 product, there may be up to 3 ADCs and 1 common */
1103:Drivers/STM32F4xx_HAL_Driver/Src/stm32f4xx_hal_adc.c ****     /* control register)                                                    */
1104:Drivers/STM32F4xx_HAL_Driver/Src/stm32f4xx_hal_adc.c ****     tmpADC_Common = ADC_COMMON_REGISTER(hadc);
1105:Drivers/STM32F4xx_HAL_Driver/Src/stm32f4xx_hal_adc.c **** 
1106:Drivers/STM32F4xx_HAL_Driver/Src/stm32f4xx_hal_adc.c ****     /* Clear regular group conversion flag and overrun flag */
1107:Drivers/STM32F4xx_HAL_Driver/Src/stm32f4xx_hal_adc.c ****     /* (To ensure of no unknown state from potential previous ADC operations) */
1108:Drivers/STM32F4xx_HAL_Driver/Src/stm32f4xx_hal_adc.c ****     __HAL_ADC_CLEAR_FLAG(hadc, ADC_FLAG_EOC | ADC_FLAG_OVR);
1109:Drivers/STM32F4xx_HAL_Driver/Src/stm32f4xx_hal_adc.c ****     
1110:Drivers/STM32F4xx_HAL_Driver/Src/stm32f4xx_hal_adc.c ****     /* Enable end of conversion interrupt for regular group */
1111:Drivers/STM32F4xx_HAL_Driver/Src/stm32f4xx_hal_adc.c ****     __HAL_ADC_ENABLE_IT(hadc, (ADC_IT_EOC | ADC_IT_OVR));
1112:Drivers/STM32F4xx_HAL_Driver/Src/stm32f4xx_hal_adc.c ****     
1113:Drivers/STM32F4xx_HAL_Driver/Src/stm32f4xx_hal_adc.c ****     /* Check if Multimode enabled */
ARM GAS  /tmp/ccFxaBUH.s 			page 21


1114:Drivers/STM32F4xx_HAL_Driver/Src/stm32f4xx_hal_adc.c ****     if(HAL_IS_BIT_CLR(tmpADC_Common->CCR, ADC_CCR_MULTI))
1115:Drivers/STM32F4xx_HAL_Driver/Src/stm32f4xx_hal_adc.c ****     {
1116:Drivers/STM32F4xx_HAL_Driver/Src/stm32f4xx_hal_adc.c **** #if defined(ADC2) && defined(ADC3)
1117:Drivers/STM32F4xx_HAL_Driver/Src/stm32f4xx_hal_adc.c ****       if((hadc->Instance == ADC1) || ((hadc->Instance == ADC2) && ((ADC->CCR & ADC_CCR_MULTI_Msk) <
1118:Drivers/STM32F4xx_HAL_Driver/Src/stm32f4xx_hal_adc.c ****                                   || ((hadc->Instance == ADC3) && ((ADC->CCR & ADC_CCR_MULTI_Msk) <
1119:Drivers/STM32F4xx_HAL_Driver/Src/stm32f4xx_hal_adc.c ****       {
1120:Drivers/STM32F4xx_HAL_Driver/Src/stm32f4xx_hal_adc.c **** #endif /* ADC2 || ADC3 */
1121:Drivers/STM32F4xx_HAL_Driver/Src/stm32f4xx_hal_adc.c ****         /* if no external trigger present enable software conversion of regular channels */
1122:Drivers/STM32F4xx_HAL_Driver/Src/stm32f4xx_hal_adc.c ****         if((hadc->Instance->CR2 & ADC_CR2_EXTEN) == RESET) 
1123:Drivers/STM32F4xx_HAL_Driver/Src/stm32f4xx_hal_adc.c ****         {
1124:Drivers/STM32F4xx_HAL_Driver/Src/stm32f4xx_hal_adc.c ****           /* Enable the selected ADC software conversion for regular group */
1125:Drivers/STM32F4xx_HAL_Driver/Src/stm32f4xx_hal_adc.c ****           hadc->Instance->CR2 |= (uint32_t)ADC_CR2_SWSTART;
1126:Drivers/STM32F4xx_HAL_Driver/Src/stm32f4xx_hal_adc.c ****         }
1127:Drivers/STM32F4xx_HAL_Driver/Src/stm32f4xx_hal_adc.c **** #if defined(ADC2) && defined(ADC3)
1128:Drivers/STM32F4xx_HAL_Driver/Src/stm32f4xx_hal_adc.c ****       }
1129:Drivers/STM32F4xx_HAL_Driver/Src/stm32f4xx_hal_adc.c **** #endif /* ADC2 || ADC3 */
1130:Drivers/STM32F4xx_HAL_Driver/Src/stm32f4xx_hal_adc.c ****     }
1131:Drivers/STM32F4xx_HAL_Driver/Src/stm32f4xx_hal_adc.c ****     else
1132:Drivers/STM32F4xx_HAL_Driver/Src/stm32f4xx_hal_adc.c ****     {
1133:Drivers/STM32F4xx_HAL_Driver/Src/stm32f4xx_hal_adc.c ****       /* if instance of handle correspond to ADC1 and  no external trigger present enable software 
1134:Drivers/STM32F4xx_HAL_Driver/Src/stm32f4xx_hal_adc.c ****       if((hadc->Instance == ADC1) && ((hadc->Instance->CR2 & ADC_CR2_EXTEN) == RESET))
1135:Drivers/STM32F4xx_HAL_Driver/Src/stm32f4xx_hal_adc.c ****       {
1136:Drivers/STM32F4xx_HAL_Driver/Src/stm32f4xx_hal_adc.c ****         /* Enable the selected ADC software conversion for regular group */
1137:Drivers/STM32F4xx_HAL_Driver/Src/stm32f4xx_hal_adc.c ****           hadc->Instance->CR2 |= (uint32_t)ADC_CR2_SWSTART;
1138:Drivers/STM32F4xx_HAL_Driver/Src/stm32f4xx_hal_adc.c ****       }
1139:Drivers/STM32F4xx_HAL_Driver/Src/stm32f4xx_hal_adc.c ****     }
1140:Drivers/STM32F4xx_HAL_Driver/Src/stm32f4xx_hal_adc.c ****   }
1141:Drivers/STM32F4xx_HAL_Driver/Src/stm32f4xx_hal_adc.c ****   else
1142:Drivers/STM32F4xx_HAL_Driver/Src/stm32f4xx_hal_adc.c ****   {
1143:Drivers/STM32F4xx_HAL_Driver/Src/stm32f4xx_hal_adc.c ****     /* Update ADC state machine to error */
1144:Drivers/STM32F4xx_HAL_Driver/Src/stm32f4xx_hal_adc.c ****     SET_BIT(hadc->State, HAL_ADC_STATE_ERROR_INTERNAL);
1145:Drivers/STM32F4xx_HAL_Driver/Src/stm32f4xx_hal_adc.c **** 
1146:Drivers/STM32F4xx_HAL_Driver/Src/stm32f4xx_hal_adc.c ****     /* Set ADC error code to ADC IP internal error */
1147:Drivers/STM32F4xx_HAL_Driver/Src/stm32f4xx_hal_adc.c ****     SET_BIT(hadc->ErrorCode, HAL_ADC_ERROR_INTERNAL);
1148:Drivers/STM32F4xx_HAL_Driver/Src/stm32f4xx_hal_adc.c ****   }
1149:Drivers/STM32F4xx_HAL_Driver/Src/stm32f4xx_hal_adc.c ****   
1150:Drivers/STM32F4xx_HAL_Driver/Src/stm32f4xx_hal_adc.c ****   /* Return function status */
1151:Drivers/STM32F4xx_HAL_Driver/Src/stm32f4xx_hal_adc.c ****   return HAL_OK;
1152:Drivers/STM32F4xx_HAL_Driver/Src/stm32f4xx_hal_adc.c **** }
1153:Drivers/STM32F4xx_HAL_Driver/Src/stm32f4xx_hal_adc.c **** 
1154:Drivers/STM32F4xx_HAL_Driver/Src/stm32f4xx_hal_adc.c **** /**
1155:Drivers/STM32F4xx_HAL_Driver/Src/stm32f4xx_hal_adc.c ****   * @brief  Disables the interrupt and stop ADC conversion of regular channels.
1156:Drivers/STM32F4xx_HAL_Driver/Src/stm32f4xx_hal_adc.c ****   * 
1157:Drivers/STM32F4xx_HAL_Driver/Src/stm32f4xx_hal_adc.c ****   * @note   Caution: This function will stop also injected channels.  
1158:Drivers/STM32F4xx_HAL_Driver/Src/stm32f4xx_hal_adc.c ****   *
1159:Drivers/STM32F4xx_HAL_Driver/Src/stm32f4xx_hal_adc.c ****   * @param  hadc pointer to a ADC_HandleTypeDef structure that contains
1160:Drivers/STM32F4xx_HAL_Driver/Src/stm32f4xx_hal_adc.c ****   *         the configuration information for the specified ADC.
1161:Drivers/STM32F4xx_HAL_Driver/Src/stm32f4xx_hal_adc.c ****   * @retval HAL status.
1162:Drivers/STM32F4xx_HAL_Driver/Src/stm32f4xx_hal_adc.c ****   */
1163:Drivers/STM32F4xx_HAL_Driver/Src/stm32f4xx_hal_adc.c **** HAL_StatusTypeDef HAL_ADC_Stop_IT(ADC_HandleTypeDef* hadc)
1164:Drivers/STM32F4xx_HAL_Driver/Src/stm32f4xx_hal_adc.c **** {
1165:Drivers/STM32F4xx_HAL_Driver/Src/stm32f4xx_hal_adc.c ****   /* Check the parameters */
1166:Drivers/STM32F4xx_HAL_Driver/Src/stm32f4xx_hal_adc.c ****   assert_param(IS_ADC_ALL_INSTANCE(hadc->Instance));
1167:Drivers/STM32F4xx_HAL_Driver/Src/stm32f4xx_hal_adc.c ****   
1168:Drivers/STM32F4xx_HAL_Driver/Src/stm32f4xx_hal_adc.c ****   /* Process locked */
1169:Drivers/STM32F4xx_HAL_Driver/Src/stm32f4xx_hal_adc.c ****   __HAL_LOCK(hadc);
1170:Drivers/STM32F4xx_HAL_Driver/Src/stm32f4xx_hal_adc.c ****   
ARM GAS  /tmp/ccFxaBUH.s 			page 22


1171:Drivers/STM32F4xx_HAL_Driver/Src/stm32f4xx_hal_adc.c ****   /* Stop potential conversion on going, on regular and injected groups */
1172:Drivers/STM32F4xx_HAL_Driver/Src/stm32f4xx_hal_adc.c ****   /* Disable ADC peripheral */
1173:Drivers/STM32F4xx_HAL_Driver/Src/stm32f4xx_hal_adc.c ****   __HAL_ADC_DISABLE(hadc);
1174:Drivers/STM32F4xx_HAL_Driver/Src/stm32f4xx_hal_adc.c ****   
1175:Drivers/STM32F4xx_HAL_Driver/Src/stm32f4xx_hal_adc.c ****   /* Check if ADC is effectively disabled */
1176:Drivers/STM32F4xx_HAL_Driver/Src/stm32f4xx_hal_adc.c ****   if(HAL_IS_BIT_CLR(hadc->Instance->CR2, ADC_CR2_ADON))
1177:Drivers/STM32F4xx_HAL_Driver/Src/stm32f4xx_hal_adc.c ****   {
1178:Drivers/STM32F4xx_HAL_Driver/Src/stm32f4xx_hal_adc.c ****   	/* Disable ADC end of conversion interrupt for regular group */
1179:Drivers/STM32F4xx_HAL_Driver/Src/stm32f4xx_hal_adc.c ****     __HAL_ADC_DISABLE_IT(hadc, (ADC_IT_EOC | ADC_IT_OVR));
1180:Drivers/STM32F4xx_HAL_Driver/Src/stm32f4xx_hal_adc.c **** 
1181:Drivers/STM32F4xx_HAL_Driver/Src/stm32f4xx_hal_adc.c ****     /* Set ADC state */
1182:Drivers/STM32F4xx_HAL_Driver/Src/stm32f4xx_hal_adc.c ****     ADC_STATE_CLR_SET(hadc->State,
1183:Drivers/STM32F4xx_HAL_Driver/Src/stm32f4xx_hal_adc.c ****                       HAL_ADC_STATE_REG_BUSY | HAL_ADC_STATE_INJ_BUSY,
1184:Drivers/STM32F4xx_HAL_Driver/Src/stm32f4xx_hal_adc.c ****                       HAL_ADC_STATE_READY);
1185:Drivers/STM32F4xx_HAL_Driver/Src/stm32f4xx_hal_adc.c ****   }
1186:Drivers/STM32F4xx_HAL_Driver/Src/stm32f4xx_hal_adc.c ****   
1187:Drivers/STM32F4xx_HAL_Driver/Src/stm32f4xx_hal_adc.c ****   /* Process unlocked */
1188:Drivers/STM32F4xx_HAL_Driver/Src/stm32f4xx_hal_adc.c ****   __HAL_UNLOCK(hadc);
1189:Drivers/STM32F4xx_HAL_Driver/Src/stm32f4xx_hal_adc.c ****   
1190:Drivers/STM32F4xx_HAL_Driver/Src/stm32f4xx_hal_adc.c ****   /* Return function status */
1191:Drivers/STM32F4xx_HAL_Driver/Src/stm32f4xx_hal_adc.c ****   return HAL_OK;
1192:Drivers/STM32F4xx_HAL_Driver/Src/stm32f4xx_hal_adc.c **** }
1193:Drivers/STM32F4xx_HAL_Driver/Src/stm32f4xx_hal_adc.c **** 
1194:Drivers/STM32F4xx_HAL_Driver/Src/stm32f4xx_hal_adc.c **** /**
1195:Drivers/STM32F4xx_HAL_Driver/Src/stm32f4xx_hal_adc.c ****   * @brief  Handles ADC interrupt request  
1196:Drivers/STM32F4xx_HAL_Driver/Src/stm32f4xx_hal_adc.c ****   * @param  hadc pointer to a ADC_HandleTypeDef structure that contains
1197:Drivers/STM32F4xx_HAL_Driver/Src/stm32f4xx_hal_adc.c ****   *         the configuration information for the specified ADC.
1198:Drivers/STM32F4xx_HAL_Driver/Src/stm32f4xx_hal_adc.c ****   * @retval None
1199:Drivers/STM32F4xx_HAL_Driver/Src/stm32f4xx_hal_adc.c ****   */
1200:Drivers/STM32F4xx_HAL_Driver/Src/stm32f4xx_hal_adc.c **** void HAL_ADC_IRQHandler(ADC_HandleTypeDef* hadc)
1201:Drivers/STM32F4xx_HAL_Driver/Src/stm32f4xx_hal_adc.c **** {
1202:Drivers/STM32F4xx_HAL_Driver/Src/stm32f4xx_hal_adc.c ****   uint32_t tmp1 = 0U, tmp2 = 0U;
1203:Drivers/STM32F4xx_HAL_Driver/Src/stm32f4xx_hal_adc.c ****   
1204:Drivers/STM32F4xx_HAL_Driver/Src/stm32f4xx_hal_adc.c ****   /* Check the parameters */
1205:Drivers/STM32F4xx_HAL_Driver/Src/stm32f4xx_hal_adc.c ****   assert_param(IS_FUNCTIONAL_STATE(hadc->Init.ContinuousConvMode));
1206:Drivers/STM32F4xx_HAL_Driver/Src/stm32f4xx_hal_adc.c ****   assert_param(IS_ADC_REGULAR_LENGTH(hadc->Init.NbrOfConversion));
1207:Drivers/STM32F4xx_HAL_Driver/Src/stm32f4xx_hal_adc.c ****   assert_param(IS_ADC_EOCSelection(hadc->Init.EOCSelection));
1208:Drivers/STM32F4xx_HAL_Driver/Src/stm32f4xx_hal_adc.c ****   
1209:Drivers/STM32F4xx_HAL_Driver/Src/stm32f4xx_hal_adc.c ****   tmp1 = __HAL_ADC_GET_FLAG(hadc, ADC_FLAG_EOC);
1210:Drivers/STM32F4xx_HAL_Driver/Src/stm32f4xx_hal_adc.c ****   tmp2 = __HAL_ADC_GET_IT_SOURCE(hadc, ADC_IT_EOC);
1211:Drivers/STM32F4xx_HAL_Driver/Src/stm32f4xx_hal_adc.c ****   /* Check End of conversion flag for regular channels */
1212:Drivers/STM32F4xx_HAL_Driver/Src/stm32f4xx_hal_adc.c ****   if(tmp1 && tmp2)
1213:Drivers/STM32F4xx_HAL_Driver/Src/stm32f4xx_hal_adc.c ****   {
1214:Drivers/STM32F4xx_HAL_Driver/Src/stm32f4xx_hal_adc.c ****     /* Update state machine on conversion status if not in error state */
1215:Drivers/STM32F4xx_HAL_Driver/Src/stm32f4xx_hal_adc.c ****     if (HAL_IS_BIT_CLR(hadc->State, HAL_ADC_STATE_ERROR_INTERNAL))
1216:Drivers/STM32F4xx_HAL_Driver/Src/stm32f4xx_hal_adc.c ****     {
1217:Drivers/STM32F4xx_HAL_Driver/Src/stm32f4xx_hal_adc.c ****       /* Set ADC state */
1218:Drivers/STM32F4xx_HAL_Driver/Src/stm32f4xx_hal_adc.c ****       SET_BIT(hadc->State, HAL_ADC_STATE_REG_EOC); 
1219:Drivers/STM32F4xx_HAL_Driver/Src/stm32f4xx_hal_adc.c ****     }
1220:Drivers/STM32F4xx_HAL_Driver/Src/stm32f4xx_hal_adc.c ****     
1221:Drivers/STM32F4xx_HAL_Driver/Src/stm32f4xx_hal_adc.c ****     /* Determine whether any further conversion upcoming on group regular   */
1222:Drivers/STM32F4xx_HAL_Driver/Src/stm32f4xx_hal_adc.c ****     /* by external trigger, continuous mode or scan sequence on going.      */
1223:Drivers/STM32F4xx_HAL_Driver/Src/stm32f4xx_hal_adc.c ****     /* Note: On STM32F4, there is no independent flag of end of sequence.   */
1224:Drivers/STM32F4xx_HAL_Driver/Src/stm32f4xx_hal_adc.c ****     /*       The test of scan sequence on going is done either with scan    */
1225:Drivers/STM32F4xx_HAL_Driver/Src/stm32f4xx_hal_adc.c ****     /*       sequence disabled or with end of conversion flag set to        */
1226:Drivers/STM32F4xx_HAL_Driver/Src/stm32f4xx_hal_adc.c ****     /*       of end of sequence.                                            */
1227:Drivers/STM32F4xx_HAL_Driver/Src/stm32f4xx_hal_adc.c ****     if(ADC_IS_SOFTWARE_START_REGULAR(hadc)                   &&
ARM GAS  /tmp/ccFxaBUH.s 			page 23


1228:Drivers/STM32F4xx_HAL_Driver/Src/stm32f4xx_hal_adc.c ****        (hadc->Init.ContinuousConvMode == DISABLE)            &&
1229:Drivers/STM32F4xx_HAL_Driver/Src/stm32f4xx_hal_adc.c ****        (HAL_IS_BIT_CLR(hadc->Instance->SQR1, ADC_SQR1_L) || 
1230:Drivers/STM32F4xx_HAL_Driver/Src/stm32f4xx_hal_adc.c ****         HAL_IS_BIT_CLR(hadc->Instance->CR2, ADC_CR2_EOCS)  )   )
1231:Drivers/STM32F4xx_HAL_Driver/Src/stm32f4xx_hal_adc.c ****     {
1232:Drivers/STM32F4xx_HAL_Driver/Src/stm32f4xx_hal_adc.c ****       /* Disable ADC end of single conversion interrupt on group regular */
1233:Drivers/STM32F4xx_HAL_Driver/Src/stm32f4xx_hal_adc.c ****       /* Note: Overrun interrupt was enabled with EOC interrupt in          */
1234:Drivers/STM32F4xx_HAL_Driver/Src/stm32f4xx_hal_adc.c ****       /* HAL_ADC_Start_IT(), but is not disabled here because can be used   */
1235:Drivers/STM32F4xx_HAL_Driver/Src/stm32f4xx_hal_adc.c ****       /* by overrun IRQ process below.                                      */
1236:Drivers/STM32F4xx_HAL_Driver/Src/stm32f4xx_hal_adc.c ****       __HAL_ADC_DISABLE_IT(hadc, ADC_IT_EOC);
1237:Drivers/STM32F4xx_HAL_Driver/Src/stm32f4xx_hal_adc.c ****       
1238:Drivers/STM32F4xx_HAL_Driver/Src/stm32f4xx_hal_adc.c ****       /* Set ADC state */
1239:Drivers/STM32F4xx_HAL_Driver/Src/stm32f4xx_hal_adc.c ****       CLEAR_BIT(hadc->State, HAL_ADC_STATE_REG_BUSY);
1240:Drivers/STM32F4xx_HAL_Driver/Src/stm32f4xx_hal_adc.c ****       
1241:Drivers/STM32F4xx_HAL_Driver/Src/stm32f4xx_hal_adc.c ****       if (HAL_IS_BIT_CLR(hadc->State, HAL_ADC_STATE_INJ_BUSY))
1242:Drivers/STM32F4xx_HAL_Driver/Src/stm32f4xx_hal_adc.c ****       {
1243:Drivers/STM32F4xx_HAL_Driver/Src/stm32f4xx_hal_adc.c ****         SET_BIT(hadc->State, HAL_ADC_STATE_READY);
1244:Drivers/STM32F4xx_HAL_Driver/Src/stm32f4xx_hal_adc.c ****       }
1245:Drivers/STM32F4xx_HAL_Driver/Src/stm32f4xx_hal_adc.c ****     }
1246:Drivers/STM32F4xx_HAL_Driver/Src/stm32f4xx_hal_adc.c ****     
1247:Drivers/STM32F4xx_HAL_Driver/Src/stm32f4xx_hal_adc.c ****     /* Conversion complete callback */
1248:Drivers/STM32F4xx_HAL_Driver/Src/stm32f4xx_hal_adc.c **** #if (USE_HAL_ADC_REGISTER_CALLBACKS == 1)
1249:Drivers/STM32F4xx_HAL_Driver/Src/stm32f4xx_hal_adc.c ****     hadc->ConvCpltCallback(hadc);
1250:Drivers/STM32F4xx_HAL_Driver/Src/stm32f4xx_hal_adc.c **** #else
1251:Drivers/STM32F4xx_HAL_Driver/Src/stm32f4xx_hal_adc.c ****     HAL_ADC_ConvCpltCallback(hadc);
1252:Drivers/STM32F4xx_HAL_Driver/Src/stm32f4xx_hal_adc.c **** #endif /* USE_HAL_ADC_REGISTER_CALLBACKS */
1253:Drivers/STM32F4xx_HAL_Driver/Src/stm32f4xx_hal_adc.c ****     
1254:Drivers/STM32F4xx_HAL_Driver/Src/stm32f4xx_hal_adc.c ****     /* Clear regular group conversion flag */
1255:Drivers/STM32F4xx_HAL_Driver/Src/stm32f4xx_hal_adc.c ****     __HAL_ADC_CLEAR_FLAG(hadc, ADC_FLAG_STRT | ADC_FLAG_EOC);
1256:Drivers/STM32F4xx_HAL_Driver/Src/stm32f4xx_hal_adc.c ****   }
1257:Drivers/STM32F4xx_HAL_Driver/Src/stm32f4xx_hal_adc.c ****   
1258:Drivers/STM32F4xx_HAL_Driver/Src/stm32f4xx_hal_adc.c ****   tmp1 = __HAL_ADC_GET_FLAG(hadc, ADC_FLAG_JEOC);
1259:Drivers/STM32F4xx_HAL_Driver/Src/stm32f4xx_hal_adc.c ****   tmp2 = __HAL_ADC_GET_IT_SOURCE(hadc, ADC_IT_JEOC);                               
1260:Drivers/STM32F4xx_HAL_Driver/Src/stm32f4xx_hal_adc.c ****   /* Check End of conversion flag for injected channels */
1261:Drivers/STM32F4xx_HAL_Driver/Src/stm32f4xx_hal_adc.c ****   if(tmp1 && tmp2)
1262:Drivers/STM32F4xx_HAL_Driver/Src/stm32f4xx_hal_adc.c ****   {
1263:Drivers/STM32F4xx_HAL_Driver/Src/stm32f4xx_hal_adc.c ****     /* Update state machine on conversion status if not in error state */
1264:Drivers/STM32F4xx_HAL_Driver/Src/stm32f4xx_hal_adc.c ****     if (HAL_IS_BIT_CLR(hadc->State, HAL_ADC_STATE_ERROR_INTERNAL))
1265:Drivers/STM32F4xx_HAL_Driver/Src/stm32f4xx_hal_adc.c ****     {
1266:Drivers/STM32F4xx_HAL_Driver/Src/stm32f4xx_hal_adc.c ****       /* Set ADC state */
1267:Drivers/STM32F4xx_HAL_Driver/Src/stm32f4xx_hal_adc.c ****       SET_BIT(hadc->State, HAL_ADC_STATE_INJ_EOC);
1268:Drivers/STM32F4xx_HAL_Driver/Src/stm32f4xx_hal_adc.c ****     }
1269:Drivers/STM32F4xx_HAL_Driver/Src/stm32f4xx_hal_adc.c **** 
1270:Drivers/STM32F4xx_HAL_Driver/Src/stm32f4xx_hal_adc.c ****     /* Determine whether any further conversion upcoming on group injected  */
1271:Drivers/STM32F4xx_HAL_Driver/Src/stm32f4xx_hal_adc.c ****     /* by external trigger, scan sequence on going or by automatic injected */
1272:Drivers/STM32F4xx_HAL_Driver/Src/stm32f4xx_hal_adc.c ****     /* conversion from group regular (same conditions as group regular      */
1273:Drivers/STM32F4xx_HAL_Driver/Src/stm32f4xx_hal_adc.c ****     /* interruption disabling above).                                       */
1274:Drivers/STM32F4xx_HAL_Driver/Src/stm32f4xx_hal_adc.c ****     if(ADC_IS_SOFTWARE_START_INJECTED(hadc)                    &&
1275:Drivers/STM32F4xx_HAL_Driver/Src/stm32f4xx_hal_adc.c ****        (HAL_IS_BIT_CLR(hadc->Instance->JSQR, ADC_JSQR_JL)  ||
1276:Drivers/STM32F4xx_HAL_Driver/Src/stm32f4xx_hal_adc.c ****         HAL_IS_BIT_CLR(hadc->Instance->CR2, ADC_CR2_EOCS)    ) &&
1277:Drivers/STM32F4xx_HAL_Driver/Src/stm32f4xx_hal_adc.c ****        (HAL_IS_BIT_CLR(hadc->Instance->CR1, ADC_CR1_JAUTO) &&
1278:Drivers/STM32F4xx_HAL_Driver/Src/stm32f4xx_hal_adc.c ****         (ADC_IS_SOFTWARE_START_REGULAR(hadc)       &&
1279:Drivers/STM32F4xx_HAL_Driver/Src/stm32f4xx_hal_adc.c ****         (hadc->Init.ContinuousConvMode == DISABLE)   )       )   )
1280:Drivers/STM32F4xx_HAL_Driver/Src/stm32f4xx_hal_adc.c ****     {
1281:Drivers/STM32F4xx_HAL_Driver/Src/stm32f4xx_hal_adc.c ****       /* Disable ADC end of single conversion interrupt on group injected */
1282:Drivers/STM32F4xx_HAL_Driver/Src/stm32f4xx_hal_adc.c ****       __HAL_ADC_DISABLE_IT(hadc, ADC_IT_JEOC);
1283:Drivers/STM32F4xx_HAL_Driver/Src/stm32f4xx_hal_adc.c ****       
1284:Drivers/STM32F4xx_HAL_Driver/Src/stm32f4xx_hal_adc.c ****       /* Set ADC state */
ARM GAS  /tmp/ccFxaBUH.s 			page 24


1285:Drivers/STM32F4xx_HAL_Driver/Src/stm32f4xx_hal_adc.c ****       CLEAR_BIT(hadc->State, HAL_ADC_STATE_INJ_BUSY);   
1286:Drivers/STM32F4xx_HAL_Driver/Src/stm32f4xx_hal_adc.c **** 
1287:Drivers/STM32F4xx_HAL_Driver/Src/stm32f4xx_hal_adc.c ****       if (HAL_IS_BIT_CLR(hadc->State, HAL_ADC_STATE_REG_BUSY))
1288:Drivers/STM32F4xx_HAL_Driver/Src/stm32f4xx_hal_adc.c ****       { 
1289:Drivers/STM32F4xx_HAL_Driver/Src/stm32f4xx_hal_adc.c ****         SET_BIT(hadc->State, HAL_ADC_STATE_READY);
1290:Drivers/STM32F4xx_HAL_Driver/Src/stm32f4xx_hal_adc.c ****       }
1291:Drivers/STM32F4xx_HAL_Driver/Src/stm32f4xx_hal_adc.c ****     }
1292:Drivers/STM32F4xx_HAL_Driver/Src/stm32f4xx_hal_adc.c **** 
1293:Drivers/STM32F4xx_HAL_Driver/Src/stm32f4xx_hal_adc.c ****     /* Conversion complete callback */ 
1294:Drivers/STM32F4xx_HAL_Driver/Src/stm32f4xx_hal_adc.c ****     /* Conversion complete callback */ 
1295:Drivers/STM32F4xx_HAL_Driver/Src/stm32f4xx_hal_adc.c **** #if (USE_HAL_ADC_REGISTER_CALLBACKS == 1)
1296:Drivers/STM32F4xx_HAL_Driver/Src/stm32f4xx_hal_adc.c ****       hadc->InjectedConvCpltCallback(hadc);
1297:Drivers/STM32F4xx_HAL_Driver/Src/stm32f4xx_hal_adc.c **** #else
1298:Drivers/STM32F4xx_HAL_Driver/Src/stm32f4xx_hal_adc.c ****       HAL_ADCEx_InjectedConvCpltCallback(hadc);
1299:Drivers/STM32F4xx_HAL_Driver/Src/stm32f4xx_hal_adc.c **** #endif /* USE_HAL_ADC_REGISTER_CALLBACKS */
1300:Drivers/STM32F4xx_HAL_Driver/Src/stm32f4xx_hal_adc.c ****     
1301:Drivers/STM32F4xx_HAL_Driver/Src/stm32f4xx_hal_adc.c ****     /* Clear injected group conversion flag */
1302:Drivers/STM32F4xx_HAL_Driver/Src/stm32f4xx_hal_adc.c ****     __HAL_ADC_CLEAR_FLAG(hadc, (ADC_FLAG_JSTRT | ADC_FLAG_JEOC));
1303:Drivers/STM32F4xx_HAL_Driver/Src/stm32f4xx_hal_adc.c ****   }
1304:Drivers/STM32F4xx_HAL_Driver/Src/stm32f4xx_hal_adc.c ****   
1305:Drivers/STM32F4xx_HAL_Driver/Src/stm32f4xx_hal_adc.c ****   tmp1 = __HAL_ADC_GET_FLAG(hadc, ADC_FLAG_AWD);
1306:Drivers/STM32F4xx_HAL_Driver/Src/stm32f4xx_hal_adc.c ****   tmp2 = __HAL_ADC_GET_IT_SOURCE(hadc, ADC_IT_AWD);                          
1307:Drivers/STM32F4xx_HAL_Driver/Src/stm32f4xx_hal_adc.c ****   /* Check Analog watchdog flag */
1308:Drivers/STM32F4xx_HAL_Driver/Src/stm32f4xx_hal_adc.c ****   if(tmp1 && tmp2)
1309:Drivers/STM32F4xx_HAL_Driver/Src/stm32f4xx_hal_adc.c ****   {
1310:Drivers/STM32F4xx_HAL_Driver/Src/stm32f4xx_hal_adc.c ****     if(__HAL_ADC_GET_FLAG(hadc, ADC_FLAG_AWD))
1311:Drivers/STM32F4xx_HAL_Driver/Src/stm32f4xx_hal_adc.c ****     {
1312:Drivers/STM32F4xx_HAL_Driver/Src/stm32f4xx_hal_adc.c ****       /* Set ADC state */
1313:Drivers/STM32F4xx_HAL_Driver/Src/stm32f4xx_hal_adc.c ****       SET_BIT(hadc->State, HAL_ADC_STATE_AWD1);
1314:Drivers/STM32F4xx_HAL_Driver/Src/stm32f4xx_hal_adc.c ****       
1315:Drivers/STM32F4xx_HAL_Driver/Src/stm32f4xx_hal_adc.c ****       /* Level out of window callback */
1316:Drivers/STM32F4xx_HAL_Driver/Src/stm32f4xx_hal_adc.c **** #if (USE_HAL_ADC_REGISTER_CALLBACKS == 1)
1317:Drivers/STM32F4xx_HAL_Driver/Src/stm32f4xx_hal_adc.c ****       hadc->LevelOutOfWindowCallback(hadc);
1318:Drivers/STM32F4xx_HAL_Driver/Src/stm32f4xx_hal_adc.c **** #else
1319:Drivers/STM32F4xx_HAL_Driver/Src/stm32f4xx_hal_adc.c ****       HAL_ADC_LevelOutOfWindowCallback(hadc);
1320:Drivers/STM32F4xx_HAL_Driver/Src/stm32f4xx_hal_adc.c **** #endif /* USE_HAL_ADC_REGISTER_CALLBACKS */
1321:Drivers/STM32F4xx_HAL_Driver/Src/stm32f4xx_hal_adc.c ****       
1322:Drivers/STM32F4xx_HAL_Driver/Src/stm32f4xx_hal_adc.c ****       /* Clear the ADC analog watchdog flag */
1323:Drivers/STM32F4xx_HAL_Driver/Src/stm32f4xx_hal_adc.c ****       __HAL_ADC_CLEAR_FLAG(hadc, ADC_FLAG_AWD);
1324:Drivers/STM32F4xx_HAL_Driver/Src/stm32f4xx_hal_adc.c ****     }
1325:Drivers/STM32F4xx_HAL_Driver/Src/stm32f4xx_hal_adc.c ****   }
1326:Drivers/STM32F4xx_HAL_Driver/Src/stm32f4xx_hal_adc.c ****   
1327:Drivers/STM32F4xx_HAL_Driver/Src/stm32f4xx_hal_adc.c ****   tmp1 = __HAL_ADC_GET_FLAG(hadc, ADC_FLAG_OVR);
1328:Drivers/STM32F4xx_HAL_Driver/Src/stm32f4xx_hal_adc.c ****   tmp2 = __HAL_ADC_GET_IT_SOURCE(hadc, ADC_IT_OVR);
1329:Drivers/STM32F4xx_HAL_Driver/Src/stm32f4xx_hal_adc.c ****   /* Check Overrun flag */
1330:Drivers/STM32F4xx_HAL_Driver/Src/stm32f4xx_hal_adc.c ****   if(tmp1 && tmp2)
1331:Drivers/STM32F4xx_HAL_Driver/Src/stm32f4xx_hal_adc.c ****   {
1332:Drivers/STM32F4xx_HAL_Driver/Src/stm32f4xx_hal_adc.c ****     /* Note: On STM32F4, ADC overrun can be set through other parameters    */
1333:Drivers/STM32F4xx_HAL_Driver/Src/stm32f4xx_hal_adc.c ****     /*       refer to description of parameter "EOCSelection" for more      */
1334:Drivers/STM32F4xx_HAL_Driver/Src/stm32f4xx_hal_adc.c ****     /*       details.                                                       */
1335:Drivers/STM32F4xx_HAL_Driver/Src/stm32f4xx_hal_adc.c ****     
1336:Drivers/STM32F4xx_HAL_Driver/Src/stm32f4xx_hal_adc.c ****     /* Set ADC error code to overrun */
1337:Drivers/STM32F4xx_HAL_Driver/Src/stm32f4xx_hal_adc.c ****     SET_BIT(hadc->ErrorCode, HAL_ADC_ERROR_OVR);
1338:Drivers/STM32F4xx_HAL_Driver/Src/stm32f4xx_hal_adc.c ****     
1339:Drivers/STM32F4xx_HAL_Driver/Src/stm32f4xx_hal_adc.c ****     /* Clear ADC overrun flag */
1340:Drivers/STM32F4xx_HAL_Driver/Src/stm32f4xx_hal_adc.c ****     __HAL_ADC_CLEAR_FLAG(hadc, ADC_FLAG_OVR);
1341:Drivers/STM32F4xx_HAL_Driver/Src/stm32f4xx_hal_adc.c ****     
ARM GAS  /tmp/ccFxaBUH.s 			page 25


1342:Drivers/STM32F4xx_HAL_Driver/Src/stm32f4xx_hal_adc.c ****     /* Error callback */ 
1343:Drivers/STM32F4xx_HAL_Driver/Src/stm32f4xx_hal_adc.c **** #if (USE_HAL_ADC_REGISTER_CALLBACKS == 1)
1344:Drivers/STM32F4xx_HAL_Driver/Src/stm32f4xx_hal_adc.c ****       hadc->ErrorCallback(hadc);
1345:Drivers/STM32F4xx_HAL_Driver/Src/stm32f4xx_hal_adc.c **** #else
1346:Drivers/STM32F4xx_HAL_Driver/Src/stm32f4xx_hal_adc.c ****       HAL_ADC_ErrorCallback(hadc);
1347:Drivers/STM32F4xx_HAL_Driver/Src/stm32f4xx_hal_adc.c **** #endif /* USE_HAL_ADC_REGISTER_CALLBACKS */
1348:Drivers/STM32F4xx_HAL_Driver/Src/stm32f4xx_hal_adc.c ****     
1349:Drivers/STM32F4xx_HAL_Driver/Src/stm32f4xx_hal_adc.c ****     /* Clear the Overrun flag */
1350:Drivers/STM32F4xx_HAL_Driver/Src/stm32f4xx_hal_adc.c ****     __HAL_ADC_CLEAR_FLAG(hadc, ADC_FLAG_OVR);
1351:Drivers/STM32F4xx_HAL_Driver/Src/stm32f4xx_hal_adc.c ****   }
1352:Drivers/STM32F4xx_HAL_Driver/Src/stm32f4xx_hal_adc.c **** }
1353:Drivers/STM32F4xx_HAL_Driver/Src/stm32f4xx_hal_adc.c **** 
1354:Drivers/STM32F4xx_HAL_Driver/Src/stm32f4xx_hal_adc.c **** /**
1355:Drivers/STM32F4xx_HAL_Driver/Src/stm32f4xx_hal_adc.c ****   * @brief  Enables ADC DMA request after last transfer (Single-ADC mode) and enables ADC periphera
1356:Drivers/STM32F4xx_HAL_Driver/Src/stm32f4xx_hal_adc.c ****   * @param  hadc pointer to a ADC_HandleTypeDef structure that contains
1357:Drivers/STM32F4xx_HAL_Driver/Src/stm32f4xx_hal_adc.c ****   *         the configuration information for the specified ADC.
1358:Drivers/STM32F4xx_HAL_Driver/Src/stm32f4xx_hal_adc.c ****   * @param  pData The destination Buffer address.
1359:Drivers/STM32F4xx_HAL_Driver/Src/stm32f4xx_hal_adc.c ****   * @param  Length The length of data to be transferred from ADC peripheral to memory.
1360:Drivers/STM32F4xx_HAL_Driver/Src/stm32f4xx_hal_adc.c ****   * @retval HAL status
1361:Drivers/STM32F4xx_HAL_Driver/Src/stm32f4xx_hal_adc.c ****   */
1362:Drivers/STM32F4xx_HAL_Driver/Src/stm32f4xx_hal_adc.c **** HAL_StatusTypeDef HAL_ADC_Start_DMA(ADC_HandleTypeDef* hadc, uint32_t* pData, uint32_t Length)
1363:Drivers/STM32F4xx_HAL_Driver/Src/stm32f4xx_hal_adc.c **** {
1364:Drivers/STM32F4xx_HAL_Driver/Src/stm32f4xx_hal_adc.c ****   __IO uint32_t counter = 0U;
1365:Drivers/STM32F4xx_HAL_Driver/Src/stm32f4xx_hal_adc.c ****   ADC_Common_TypeDef *tmpADC_Common;
1366:Drivers/STM32F4xx_HAL_Driver/Src/stm32f4xx_hal_adc.c ****   
1367:Drivers/STM32F4xx_HAL_Driver/Src/stm32f4xx_hal_adc.c ****   /* Check the parameters */
1368:Drivers/STM32F4xx_HAL_Driver/Src/stm32f4xx_hal_adc.c ****   assert_param(IS_FUNCTIONAL_STATE(hadc->Init.ContinuousConvMode));
1369:Drivers/STM32F4xx_HAL_Driver/Src/stm32f4xx_hal_adc.c ****   assert_param(IS_ADC_EXT_TRIG_EDGE(hadc->Init.ExternalTrigConvEdge)); 
1370:Drivers/STM32F4xx_HAL_Driver/Src/stm32f4xx_hal_adc.c ****   
1371:Drivers/STM32F4xx_HAL_Driver/Src/stm32f4xx_hal_adc.c ****   /* Process locked */
1372:Drivers/STM32F4xx_HAL_Driver/Src/stm32f4xx_hal_adc.c ****   __HAL_LOCK(hadc);
1373:Drivers/STM32F4xx_HAL_Driver/Src/stm32f4xx_hal_adc.c ****   
1374:Drivers/STM32F4xx_HAL_Driver/Src/stm32f4xx_hal_adc.c ****   /* Enable the ADC peripheral */
1375:Drivers/STM32F4xx_HAL_Driver/Src/stm32f4xx_hal_adc.c ****   /* Check if ADC peripheral is disabled in order to enable it and wait during 
1376:Drivers/STM32F4xx_HAL_Driver/Src/stm32f4xx_hal_adc.c ****   Tstab time the ADC's stabilization */
1377:Drivers/STM32F4xx_HAL_Driver/Src/stm32f4xx_hal_adc.c ****   if((hadc->Instance->CR2 & ADC_CR2_ADON) != ADC_CR2_ADON)
1378:Drivers/STM32F4xx_HAL_Driver/Src/stm32f4xx_hal_adc.c ****   {  
1379:Drivers/STM32F4xx_HAL_Driver/Src/stm32f4xx_hal_adc.c ****     /* Enable the Peripheral */
1380:Drivers/STM32F4xx_HAL_Driver/Src/stm32f4xx_hal_adc.c ****     __HAL_ADC_ENABLE(hadc);
1381:Drivers/STM32F4xx_HAL_Driver/Src/stm32f4xx_hal_adc.c ****     
1382:Drivers/STM32F4xx_HAL_Driver/Src/stm32f4xx_hal_adc.c ****     /* Delay for ADC stabilization time */
1383:Drivers/STM32F4xx_HAL_Driver/Src/stm32f4xx_hal_adc.c ****     /* Compute number of CPU cycles to wait for */
1384:Drivers/STM32F4xx_HAL_Driver/Src/stm32f4xx_hal_adc.c ****     counter = (ADC_STAB_DELAY_US * (SystemCoreClock / 1000000U));
1385:Drivers/STM32F4xx_HAL_Driver/Src/stm32f4xx_hal_adc.c ****     while(counter != 0U)
1386:Drivers/STM32F4xx_HAL_Driver/Src/stm32f4xx_hal_adc.c ****     {
1387:Drivers/STM32F4xx_HAL_Driver/Src/stm32f4xx_hal_adc.c ****       counter--;
1388:Drivers/STM32F4xx_HAL_Driver/Src/stm32f4xx_hal_adc.c ****     }
1389:Drivers/STM32F4xx_HAL_Driver/Src/stm32f4xx_hal_adc.c ****   }
1390:Drivers/STM32F4xx_HAL_Driver/Src/stm32f4xx_hal_adc.c ****   
1391:Drivers/STM32F4xx_HAL_Driver/Src/stm32f4xx_hal_adc.c ****   /* Check ADC DMA Mode                                                     */
1392:Drivers/STM32F4xx_HAL_Driver/Src/stm32f4xx_hal_adc.c ****   /* - disable the DMA Mode if it is already enabled                        */
1393:Drivers/STM32F4xx_HAL_Driver/Src/stm32f4xx_hal_adc.c ****   if((hadc->Instance->CR2 & ADC_CR2_DMA) == ADC_CR2_DMA)
1394:Drivers/STM32F4xx_HAL_Driver/Src/stm32f4xx_hal_adc.c ****   {
1395:Drivers/STM32F4xx_HAL_Driver/Src/stm32f4xx_hal_adc.c ****     CLEAR_BIT(hadc->Instance->CR2, ADC_CR2_DMA);
1396:Drivers/STM32F4xx_HAL_Driver/Src/stm32f4xx_hal_adc.c ****   }
1397:Drivers/STM32F4xx_HAL_Driver/Src/stm32f4xx_hal_adc.c ****   
1398:Drivers/STM32F4xx_HAL_Driver/Src/stm32f4xx_hal_adc.c ****   /* Start conversion if ADC is effectively enabled */
ARM GAS  /tmp/ccFxaBUH.s 			page 26


1399:Drivers/STM32F4xx_HAL_Driver/Src/stm32f4xx_hal_adc.c ****   if(HAL_IS_BIT_SET(hadc->Instance->CR2, ADC_CR2_ADON))
1400:Drivers/STM32F4xx_HAL_Driver/Src/stm32f4xx_hal_adc.c ****   {
1401:Drivers/STM32F4xx_HAL_Driver/Src/stm32f4xx_hal_adc.c ****     /* Set ADC state                                                          */
1402:Drivers/STM32F4xx_HAL_Driver/Src/stm32f4xx_hal_adc.c ****     /* - Clear state bitfield related to regular group conversion results     */
1403:Drivers/STM32F4xx_HAL_Driver/Src/stm32f4xx_hal_adc.c ****     /* - Set state bitfield related to regular group operation                */
1404:Drivers/STM32F4xx_HAL_Driver/Src/stm32f4xx_hal_adc.c ****     ADC_STATE_CLR_SET(hadc->State,
1405:Drivers/STM32F4xx_HAL_Driver/Src/stm32f4xx_hal_adc.c ****                       HAL_ADC_STATE_READY | HAL_ADC_STATE_REG_EOC | HAL_ADC_STATE_REG_OVR,
1406:Drivers/STM32F4xx_HAL_Driver/Src/stm32f4xx_hal_adc.c ****                       HAL_ADC_STATE_REG_BUSY);
1407:Drivers/STM32F4xx_HAL_Driver/Src/stm32f4xx_hal_adc.c ****     
1408:Drivers/STM32F4xx_HAL_Driver/Src/stm32f4xx_hal_adc.c ****     /* If conversions on group regular are also triggering group injected,    */
1409:Drivers/STM32F4xx_HAL_Driver/Src/stm32f4xx_hal_adc.c ****     /* update ADC state.                                                      */
1410:Drivers/STM32F4xx_HAL_Driver/Src/stm32f4xx_hal_adc.c ****     if (READ_BIT(hadc->Instance->CR1, ADC_CR1_JAUTO) != RESET)
1411:Drivers/STM32F4xx_HAL_Driver/Src/stm32f4xx_hal_adc.c ****     {
1412:Drivers/STM32F4xx_HAL_Driver/Src/stm32f4xx_hal_adc.c ****       ADC_STATE_CLR_SET(hadc->State, HAL_ADC_STATE_INJ_EOC, HAL_ADC_STATE_INJ_BUSY);  
1413:Drivers/STM32F4xx_HAL_Driver/Src/stm32f4xx_hal_adc.c ****     }
1414:Drivers/STM32F4xx_HAL_Driver/Src/stm32f4xx_hal_adc.c ****     
1415:Drivers/STM32F4xx_HAL_Driver/Src/stm32f4xx_hal_adc.c ****     /* State machine update: Check if an injected conversion is ongoing */
1416:Drivers/STM32F4xx_HAL_Driver/Src/stm32f4xx_hal_adc.c ****     if (HAL_IS_BIT_SET(hadc->State, HAL_ADC_STATE_INJ_BUSY))
1417:Drivers/STM32F4xx_HAL_Driver/Src/stm32f4xx_hal_adc.c ****     {
1418:Drivers/STM32F4xx_HAL_Driver/Src/stm32f4xx_hal_adc.c ****       /* Reset ADC error code fields related to conversions on group regular */
1419:Drivers/STM32F4xx_HAL_Driver/Src/stm32f4xx_hal_adc.c ****       CLEAR_BIT(hadc->ErrorCode, (HAL_ADC_ERROR_OVR | HAL_ADC_ERROR_DMA));         
1420:Drivers/STM32F4xx_HAL_Driver/Src/stm32f4xx_hal_adc.c ****     }
1421:Drivers/STM32F4xx_HAL_Driver/Src/stm32f4xx_hal_adc.c ****     else
1422:Drivers/STM32F4xx_HAL_Driver/Src/stm32f4xx_hal_adc.c ****     {
1423:Drivers/STM32F4xx_HAL_Driver/Src/stm32f4xx_hal_adc.c ****       /* Reset ADC all error code fields */
1424:Drivers/STM32F4xx_HAL_Driver/Src/stm32f4xx_hal_adc.c ****       ADC_CLEAR_ERRORCODE(hadc);
1425:Drivers/STM32F4xx_HAL_Driver/Src/stm32f4xx_hal_adc.c ****     }
1426:Drivers/STM32F4xx_HAL_Driver/Src/stm32f4xx_hal_adc.c **** 
1427:Drivers/STM32F4xx_HAL_Driver/Src/stm32f4xx_hal_adc.c ****     /* Process unlocked */
1428:Drivers/STM32F4xx_HAL_Driver/Src/stm32f4xx_hal_adc.c ****     /* Unlock before starting ADC conversions: in case of potential           */
1429:Drivers/STM32F4xx_HAL_Driver/Src/stm32f4xx_hal_adc.c ****     /* interruption, to let the process to ADC IRQ Handler.                   */
1430:Drivers/STM32F4xx_HAL_Driver/Src/stm32f4xx_hal_adc.c ****     __HAL_UNLOCK(hadc);   
1431:Drivers/STM32F4xx_HAL_Driver/Src/stm32f4xx_hal_adc.c **** 
1432:Drivers/STM32F4xx_HAL_Driver/Src/stm32f4xx_hal_adc.c ****     /* Pointer to the common control register to which is belonging hadc    */
1433:Drivers/STM32F4xx_HAL_Driver/Src/stm32f4xx_hal_adc.c ****     /* (Depending on STM32F4 product, there may be up to 3 ADCs and 1 common */
1434:Drivers/STM32F4xx_HAL_Driver/Src/stm32f4xx_hal_adc.c ****     /* control register)                                                    */
1435:Drivers/STM32F4xx_HAL_Driver/Src/stm32f4xx_hal_adc.c ****     tmpADC_Common = ADC_COMMON_REGISTER(hadc);
1436:Drivers/STM32F4xx_HAL_Driver/Src/stm32f4xx_hal_adc.c **** 
1437:Drivers/STM32F4xx_HAL_Driver/Src/stm32f4xx_hal_adc.c ****     /* Set the DMA transfer complete callback */
1438:Drivers/STM32F4xx_HAL_Driver/Src/stm32f4xx_hal_adc.c ****     hadc->DMA_Handle->XferCpltCallback = ADC_DMAConvCplt;
1439:Drivers/STM32F4xx_HAL_Driver/Src/stm32f4xx_hal_adc.c **** 
1440:Drivers/STM32F4xx_HAL_Driver/Src/stm32f4xx_hal_adc.c ****     /* Set the DMA half transfer complete callback */
1441:Drivers/STM32F4xx_HAL_Driver/Src/stm32f4xx_hal_adc.c ****     hadc->DMA_Handle->XferHalfCpltCallback = ADC_DMAHalfConvCplt;
1442:Drivers/STM32F4xx_HAL_Driver/Src/stm32f4xx_hal_adc.c ****     
1443:Drivers/STM32F4xx_HAL_Driver/Src/stm32f4xx_hal_adc.c ****     /* Set the DMA error callback */
1444:Drivers/STM32F4xx_HAL_Driver/Src/stm32f4xx_hal_adc.c ****     hadc->DMA_Handle->XferErrorCallback = ADC_DMAError;
1445:Drivers/STM32F4xx_HAL_Driver/Src/stm32f4xx_hal_adc.c **** 
1446:Drivers/STM32F4xx_HAL_Driver/Src/stm32f4xx_hal_adc.c ****     
1447:Drivers/STM32F4xx_HAL_Driver/Src/stm32f4xx_hal_adc.c ****     /* Manage ADC and DMA start: ADC overrun interruption, DMA start, ADC     */
1448:Drivers/STM32F4xx_HAL_Driver/Src/stm32f4xx_hal_adc.c ****     /* start (in case of SW start):                                           */
1449:Drivers/STM32F4xx_HAL_Driver/Src/stm32f4xx_hal_adc.c ****     
1450:Drivers/STM32F4xx_HAL_Driver/Src/stm32f4xx_hal_adc.c ****     /* Clear regular group conversion flag and overrun flag */
1451:Drivers/STM32F4xx_HAL_Driver/Src/stm32f4xx_hal_adc.c ****     /* (To ensure of no unknown state from potential previous ADC operations) */
1452:Drivers/STM32F4xx_HAL_Driver/Src/stm32f4xx_hal_adc.c ****     __HAL_ADC_CLEAR_FLAG(hadc, ADC_FLAG_EOC | ADC_FLAG_OVR);
1453:Drivers/STM32F4xx_HAL_Driver/Src/stm32f4xx_hal_adc.c **** 
1454:Drivers/STM32F4xx_HAL_Driver/Src/stm32f4xx_hal_adc.c ****     /* Enable ADC overrun interrupt */
1455:Drivers/STM32F4xx_HAL_Driver/Src/stm32f4xx_hal_adc.c ****     __HAL_ADC_ENABLE_IT(hadc, ADC_IT_OVR);
ARM GAS  /tmp/ccFxaBUH.s 			page 27


1456:Drivers/STM32F4xx_HAL_Driver/Src/stm32f4xx_hal_adc.c ****     
1457:Drivers/STM32F4xx_HAL_Driver/Src/stm32f4xx_hal_adc.c ****     /* Enable ADC DMA mode */
1458:Drivers/STM32F4xx_HAL_Driver/Src/stm32f4xx_hal_adc.c ****     hadc->Instance->CR2 |= ADC_CR2_DMA;
1459:Drivers/STM32F4xx_HAL_Driver/Src/stm32f4xx_hal_adc.c ****     
1460:Drivers/STM32F4xx_HAL_Driver/Src/stm32f4xx_hal_adc.c ****     /* Start the DMA channel */
1461:Drivers/STM32F4xx_HAL_Driver/Src/stm32f4xx_hal_adc.c ****     HAL_DMA_Start_IT(hadc->DMA_Handle, (uint32_t)&hadc->Instance->DR, (uint32_t)pData, Length);
1462:Drivers/STM32F4xx_HAL_Driver/Src/stm32f4xx_hal_adc.c ****     
1463:Drivers/STM32F4xx_HAL_Driver/Src/stm32f4xx_hal_adc.c ****     /* Check if Multimode enabled */
1464:Drivers/STM32F4xx_HAL_Driver/Src/stm32f4xx_hal_adc.c ****     if(HAL_IS_BIT_CLR(tmpADC_Common->CCR, ADC_CCR_MULTI))
1465:Drivers/STM32F4xx_HAL_Driver/Src/stm32f4xx_hal_adc.c ****     {
1466:Drivers/STM32F4xx_HAL_Driver/Src/stm32f4xx_hal_adc.c **** #if defined(ADC2) && defined(ADC3)
1467:Drivers/STM32F4xx_HAL_Driver/Src/stm32f4xx_hal_adc.c ****       if((hadc->Instance == ADC1) || ((hadc->Instance == ADC2) && ((ADC->CCR & ADC_CCR_MULTI_Msk) <
1468:Drivers/STM32F4xx_HAL_Driver/Src/stm32f4xx_hal_adc.c ****                                   || ((hadc->Instance == ADC3) && ((ADC->CCR & ADC_CCR_MULTI_Msk) <
1469:Drivers/STM32F4xx_HAL_Driver/Src/stm32f4xx_hal_adc.c ****       {
1470:Drivers/STM32F4xx_HAL_Driver/Src/stm32f4xx_hal_adc.c **** #endif /* ADC2 || ADC3 */
1471:Drivers/STM32F4xx_HAL_Driver/Src/stm32f4xx_hal_adc.c ****         /* if no external trigger present enable software conversion of regular channels */
1472:Drivers/STM32F4xx_HAL_Driver/Src/stm32f4xx_hal_adc.c ****         if((hadc->Instance->CR2 & ADC_CR2_EXTEN) == RESET) 
1473:Drivers/STM32F4xx_HAL_Driver/Src/stm32f4xx_hal_adc.c ****         {
1474:Drivers/STM32F4xx_HAL_Driver/Src/stm32f4xx_hal_adc.c ****           /* Enable the selected ADC software conversion for regular group */
1475:Drivers/STM32F4xx_HAL_Driver/Src/stm32f4xx_hal_adc.c ****           hadc->Instance->CR2 |= (uint32_t)ADC_CR2_SWSTART;
1476:Drivers/STM32F4xx_HAL_Driver/Src/stm32f4xx_hal_adc.c ****         }
1477:Drivers/STM32F4xx_HAL_Driver/Src/stm32f4xx_hal_adc.c **** #if defined(ADC2) && defined(ADC3)
1478:Drivers/STM32F4xx_HAL_Driver/Src/stm32f4xx_hal_adc.c ****       }
1479:Drivers/STM32F4xx_HAL_Driver/Src/stm32f4xx_hal_adc.c **** #endif /* ADC2 || ADC3 */
1480:Drivers/STM32F4xx_HAL_Driver/Src/stm32f4xx_hal_adc.c ****     }
1481:Drivers/STM32F4xx_HAL_Driver/Src/stm32f4xx_hal_adc.c ****     else
1482:Drivers/STM32F4xx_HAL_Driver/Src/stm32f4xx_hal_adc.c ****     {
1483:Drivers/STM32F4xx_HAL_Driver/Src/stm32f4xx_hal_adc.c ****       /* if instance of handle correspond to ADC1 and  no external trigger present enable software 
1484:Drivers/STM32F4xx_HAL_Driver/Src/stm32f4xx_hal_adc.c ****       if((hadc->Instance == ADC1) && ((hadc->Instance->CR2 & ADC_CR2_EXTEN) == RESET))
1485:Drivers/STM32F4xx_HAL_Driver/Src/stm32f4xx_hal_adc.c ****       {
1486:Drivers/STM32F4xx_HAL_Driver/Src/stm32f4xx_hal_adc.c ****         /* Enable the selected ADC software conversion for regular group */
1487:Drivers/STM32F4xx_HAL_Driver/Src/stm32f4xx_hal_adc.c ****           hadc->Instance->CR2 |= (uint32_t)ADC_CR2_SWSTART;
1488:Drivers/STM32F4xx_HAL_Driver/Src/stm32f4xx_hal_adc.c ****       }
1489:Drivers/STM32F4xx_HAL_Driver/Src/stm32f4xx_hal_adc.c ****     }
1490:Drivers/STM32F4xx_HAL_Driver/Src/stm32f4xx_hal_adc.c ****   }
1491:Drivers/STM32F4xx_HAL_Driver/Src/stm32f4xx_hal_adc.c ****   else
1492:Drivers/STM32F4xx_HAL_Driver/Src/stm32f4xx_hal_adc.c ****   {
1493:Drivers/STM32F4xx_HAL_Driver/Src/stm32f4xx_hal_adc.c ****     /* Update ADC state machine to error */
1494:Drivers/STM32F4xx_HAL_Driver/Src/stm32f4xx_hal_adc.c ****     SET_BIT(hadc->State, HAL_ADC_STATE_ERROR_INTERNAL);
1495:Drivers/STM32F4xx_HAL_Driver/Src/stm32f4xx_hal_adc.c **** 
1496:Drivers/STM32F4xx_HAL_Driver/Src/stm32f4xx_hal_adc.c ****     /* Set ADC error code to ADC IP internal error */
1497:Drivers/STM32F4xx_HAL_Driver/Src/stm32f4xx_hal_adc.c ****     SET_BIT(hadc->ErrorCode, HAL_ADC_ERROR_INTERNAL);
1498:Drivers/STM32F4xx_HAL_Driver/Src/stm32f4xx_hal_adc.c ****   }
1499:Drivers/STM32F4xx_HAL_Driver/Src/stm32f4xx_hal_adc.c ****   
1500:Drivers/STM32F4xx_HAL_Driver/Src/stm32f4xx_hal_adc.c ****   /* Return function status */
1501:Drivers/STM32F4xx_HAL_Driver/Src/stm32f4xx_hal_adc.c ****   return HAL_OK;
1502:Drivers/STM32F4xx_HAL_Driver/Src/stm32f4xx_hal_adc.c **** }
1503:Drivers/STM32F4xx_HAL_Driver/Src/stm32f4xx_hal_adc.c **** 
1504:Drivers/STM32F4xx_HAL_Driver/Src/stm32f4xx_hal_adc.c **** /**
1505:Drivers/STM32F4xx_HAL_Driver/Src/stm32f4xx_hal_adc.c ****   * @brief  Disables ADC DMA (Single-ADC mode) and disables ADC peripheral    
1506:Drivers/STM32F4xx_HAL_Driver/Src/stm32f4xx_hal_adc.c ****   * @param  hadc pointer to a ADC_HandleTypeDef structure that contains
1507:Drivers/STM32F4xx_HAL_Driver/Src/stm32f4xx_hal_adc.c ****   *         the configuration information for the specified ADC.
1508:Drivers/STM32F4xx_HAL_Driver/Src/stm32f4xx_hal_adc.c ****   * @retval HAL status
1509:Drivers/STM32F4xx_HAL_Driver/Src/stm32f4xx_hal_adc.c ****   */
1510:Drivers/STM32F4xx_HAL_Driver/Src/stm32f4xx_hal_adc.c **** HAL_StatusTypeDef HAL_ADC_Stop_DMA(ADC_HandleTypeDef* hadc)
1511:Drivers/STM32F4xx_HAL_Driver/Src/stm32f4xx_hal_adc.c **** {
1512:Drivers/STM32F4xx_HAL_Driver/Src/stm32f4xx_hal_adc.c ****   HAL_StatusTypeDef tmp_hal_status = HAL_OK;
ARM GAS  /tmp/ccFxaBUH.s 			page 28


1513:Drivers/STM32F4xx_HAL_Driver/Src/stm32f4xx_hal_adc.c ****   
1514:Drivers/STM32F4xx_HAL_Driver/Src/stm32f4xx_hal_adc.c ****   /* Check the parameters */
1515:Drivers/STM32F4xx_HAL_Driver/Src/stm32f4xx_hal_adc.c ****   assert_param(IS_ADC_ALL_INSTANCE(hadc->Instance));
1516:Drivers/STM32F4xx_HAL_Driver/Src/stm32f4xx_hal_adc.c ****   
1517:Drivers/STM32F4xx_HAL_Driver/Src/stm32f4xx_hal_adc.c ****   /* Process locked */
1518:Drivers/STM32F4xx_HAL_Driver/Src/stm32f4xx_hal_adc.c ****   __HAL_LOCK(hadc);
1519:Drivers/STM32F4xx_HAL_Driver/Src/stm32f4xx_hal_adc.c ****   
1520:Drivers/STM32F4xx_HAL_Driver/Src/stm32f4xx_hal_adc.c ****   /* Stop potential conversion on going, on regular and injected groups */
1521:Drivers/STM32F4xx_HAL_Driver/Src/stm32f4xx_hal_adc.c ****   /* Disable ADC peripheral */
1522:Drivers/STM32F4xx_HAL_Driver/Src/stm32f4xx_hal_adc.c ****   __HAL_ADC_DISABLE(hadc);
1523:Drivers/STM32F4xx_HAL_Driver/Src/stm32f4xx_hal_adc.c ****   
1524:Drivers/STM32F4xx_HAL_Driver/Src/stm32f4xx_hal_adc.c ****   /* Check if ADC is effectively disabled */
1525:Drivers/STM32F4xx_HAL_Driver/Src/stm32f4xx_hal_adc.c ****   if(HAL_IS_BIT_CLR(hadc->Instance->CR2, ADC_CR2_ADON))
1526:Drivers/STM32F4xx_HAL_Driver/Src/stm32f4xx_hal_adc.c ****   {
1527:Drivers/STM32F4xx_HAL_Driver/Src/stm32f4xx_hal_adc.c ****     /* Disable the selected ADC DMA mode */
1528:Drivers/STM32F4xx_HAL_Driver/Src/stm32f4xx_hal_adc.c ****     hadc->Instance->CR2 &= ~ADC_CR2_DMA;
1529:Drivers/STM32F4xx_HAL_Driver/Src/stm32f4xx_hal_adc.c ****     
1530:Drivers/STM32F4xx_HAL_Driver/Src/stm32f4xx_hal_adc.c ****     /* Disable the DMA channel (in case of DMA in circular mode or stop while */
1531:Drivers/STM32F4xx_HAL_Driver/Src/stm32f4xx_hal_adc.c ****     /* DMA transfer is on going)                                              */
1532:Drivers/STM32F4xx_HAL_Driver/Src/stm32f4xx_hal_adc.c ****     if (hadc->DMA_Handle->State == HAL_DMA_STATE_BUSY)
1533:Drivers/STM32F4xx_HAL_Driver/Src/stm32f4xx_hal_adc.c ****     {
1534:Drivers/STM32F4xx_HAL_Driver/Src/stm32f4xx_hal_adc.c ****       tmp_hal_status = HAL_DMA_Abort(hadc->DMA_Handle);
1535:Drivers/STM32F4xx_HAL_Driver/Src/stm32f4xx_hal_adc.c ****       
1536:Drivers/STM32F4xx_HAL_Driver/Src/stm32f4xx_hal_adc.c ****       /* Check if DMA channel effectively disabled */
1537:Drivers/STM32F4xx_HAL_Driver/Src/stm32f4xx_hal_adc.c ****       if (tmp_hal_status != HAL_OK)
1538:Drivers/STM32F4xx_HAL_Driver/Src/stm32f4xx_hal_adc.c ****       {
1539:Drivers/STM32F4xx_HAL_Driver/Src/stm32f4xx_hal_adc.c ****         /* Update ADC state machine to error */
1540:Drivers/STM32F4xx_HAL_Driver/Src/stm32f4xx_hal_adc.c ****         SET_BIT(hadc->State, HAL_ADC_STATE_ERROR_DMA);
1541:Drivers/STM32F4xx_HAL_Driver/Src/stm32f4xx_hal_adc.c ****       }
1542:Drivers/STM32F4xx_HAL_Driver/Src/stm32f4xx_hal_adc.c ****     }
1543:Drivers/STM32F4xx_HAL_Driver/Src/stm32f4xx_hal_adc.c ****     
1544:Drivers/STM32F4xx_HAL_Driver/Src/stm32f4xx_hal_adc.c ****     /* Disable ADC overrun interrupt */
1545:Drivers/STM32F4xx_HAL_Driver/Src/stm32f4xx_hal_adc.c ****     __HAL_ADC_DISABLE_IT(hadc, ADC_IT_OVR);
1546:Drivers/STM32F4xx_HAL_Driver/Src/stm32f4xx_hal_adc.c ****     
1547:Drivers/STM32F4xx_HAL_Driver/Src/stm32f4xx_hal_adc.c ****     /* Set ADC state */
1548:Drivers/STM32F4xx_HAL_Driver/Src/stm32f4xx_hal_adc.c ****     ADC_STATE_CLR_SET(hadc->State,
1549:Drivers/STM32F4xx_HAL_Driver/Src/stm32f4xx_hal_adc.c ****                       HAL_ADC_STATE_REG_BUSY | HAL_ADC_STATE_INJ_BUSY,
1550:Drivers/STM32F4xx_HAL_Driver/Src/stm32f4xx_hal_adc.c ****                       HAL_ADC_STATE_READY);
1551:Drivers/STM32F4xx_HAL_Driver/Src/stm32f4xx_hal_adc.c ****   }
1552:Drivers/STM32F4xx_HAL_Driver/Src/stm32f4xx_hal_adc.c ****   
1553:Drivers/STM32F4xx_HAL_Driver/Src/stm32f4xx_hal_adc.c ****   /* Process unlocked */
1554:Drivers/STM32F4xx_HAL_Driver/Src/stm32f4xx_hal_adc.c ****   __HAL_UNLOCK(hadc);
1555:Drivers/STM32F4xx_HAL_Driver/Src/stm32f4xx_hal_adc.c ****   
1556:Drivers/STM32F4xx_HAL_Driver/Src/stm32f4xx_hal_adc.c ****   /* Return function status */
1557:Drivers/STM32F4xx_HAL_Driver/Src/stm32f4xx_hal_adc.c ****   return tmp_hal_status;
1558:Drivers/STM32F4xx_HAL_Driver/Src/stm32f4xx_hal_adc.c **** }
1559:Drivers/STM32F4xx_HAL_Driver/Src/stm32f4xx_hal_adc.c **** 
1560:Drivers/STM32F4xx_HAL_Driver/Src/stm32f4xx_hal_adc.c **** /**
1561:Drivers/STM32F4xx_HAL_Driver/Src/stm32f4xx_hal_adc.c ****   * @brief  Gets the converted value from data register of regular channel.
1562:Drivers/STM32F4xx_HAL_Driver/Src/stm32f4xx_hal_adc.c ****   * @param  hadc pointer to a ADC_HandleTypeDef structure that contains
1563:Drivers/STM32F4xx_HAL_Driver/Src/stm32f4xx_hal_adc.c ****   *         the configuration information for the specified ADC.
1564:Drivers/STM32F4xx_HAL_Driver/Src/stm32f4xx_hal_adc.c ****   * @retval Converted value
1565:Drivers/STM32F4xx_HAL_Driver/Src/stm32f4xx_hal_adc.c ****   */
1566:Drivers/STM32F4xx_HAL_Driver/Src/stm32f4xx_hal_adc.c **** uint32_t HAL_ADC_GetValue(ADC_HandleTypeDef* hadc)
1567:Drivers/STM32F4xx_HAL_Driver/Src/stm32f4xx_hal_adc.c **** {       
1568:Drivers/STM32F4xx_HAL_Driver/Src/stm32f4xx_hal_adc.c ****   /* Return the selected ADC converted value */ 
1569:Drivers/STM32F4xx_HAL_Driver/Src/stm32f4xx_hal_adc.c ****   return hadc->Instance->DR;
ARM GAS  /tmp/ccFxaBUH.s 			page 29


1570:Drivers/STM32F4xx_HAL_Driver/Src/stm32f4xx_hal_adc.c **** }
1571:Drivers/STM32F4xx_HAL_Driver/Src/stm32f4xx_hal_adc.c **** 
1572:Drivers/STM32F4xx_HAL_Driver/Src/stm32f4xx_hal_adc.c **** /**
1573:Drivers/STM32F4xx_HAL_Driver/Src/stm32f4xx_hal_adc.c ****   * @brief  Regular conversion complete callback in non blocking mode 
1574:Drivers/STM32F4xx_HAL_Driver/Src/stm32f4xx_hal_adc.c ****   * @param  hadc pointer to a ADC_HandleTypeDef structure that contains
1575:Drivers/STM32F4xx_HAL_Driver/Src/stm32f4xx_hal_adc.c ****   *         the configuration information for the specified ADC.
1576:Drivers/STM32F4xx_HAL_Driver/Src/stm32f4xx_hal_adc.c ****   * @retval None
1577:Drivers/STM32F4xx_HAL_Driver/Src/stm32f4xx_hal_adc.c ****   */
1578:Drivers/STM32F4xx_HAL_Driver/Src/stm32f4xx_hal_adc.c **** __weak void HAL_ADC_ConvCpltCallback(ADC_HandleTypeDef* hadc)
1579:Drivers/STM32F4xx_HAL_Driver/Src/stm32f4xx_hal_adc.c **** {
1580:Drivers/STM32F4xx_HAL_Driver/Src/stm32f4xx_hal_adc.c ****   /* Prevent unused argument(s) compilation warning */
1581:Drivers/STM32F4xx_HAL_Driver/Src/stm32f4xx_hal_adc.c ****   UNUSED(hadc);
1582:Drivers/STM32F4xx_HAL_Driver/Src/stm32f4xx_hal_adc.c ****   /* NOTE : This function Should not be modified, when the callback is needed,
1583:Drivers/STM32F4xx_HAL_Driver/Src/stm32f4xx_hal_adc.c ****             the HAL_ADC_ConvCpltCallback could be implemented in the user file
1584:Drivers/STM32F4xx_HAL_Driver/Src/stm32f4xx_hal_adc.c ****    */
1585:Drivers/STM32F4xx_HAL_Driver/Src/stm32f4xx_hal_adc.c **** }
1586:Drivers/STM32F4xx_HAL_Driver/Src/stm32f4xx_hal_adc.c **** 
1587:Drivers/STM32F4xx_HAL_Driver/Src/stm32f4xx_hal_adc.c **** /**
1588:Drivers/STM32F4xx_HAL_Driver/Src/stm32f4xx_hal_adc.c ****   * @brief  Regular conversion half DMA transfer callback in non blocking mode 
1589:Drivers/STM32F4xx_HAL_Driver/Src/stm32f4xx_hal_adc.c ****   * @param  hadc pointer to a ADC_HandleTypeDef structure that contains
1590:Drivers/STM32F4xx_HAL_Driver/Src/stm32f4xx_hal_adc.c ****   *         the configuration information for the specified ADC.
1591:Drivers/STM32F4xx_HAL_Driver/Src/stm32f4xx_hal_adc.c ****   * @retval None
1592:Drivers/STM32F4xx_HAL_Driver/Src/stm32f4xx_hal_adc.c ****   */
1593:Drivers/STM32F4xx_HAL_Driver/Src/stm32f4xx_hal_adc.c **** __weak void HAL_ADC_ConvHalfCpltCallback(ADC_HandleTypeDef* hadc)
1594:Drivers/STM32F4xx_HAL_Driver/Src/stm32f4xx_hal_adc.c **** {
1595:Drivers/STM32F4xx_HAL_Driver/Src/stm32f4xx_hal_adc.c ****   /* Prevent unused argument(s) compilation warning */
1596:Drivers/STM32F4xx_HAL_Driver/Src/stm32f4xx_hal_adc.c ****   UNUSED(hadc);
1597:Drivers/STM32F4xx_HAL_Driver/Src/stm32f4xx_hal_adc.c ****   /* NOTE : This function Should not be modified, when the callback is needed,
1598:Drivers/STM32F4xx_HAL_Driver/Src/stm32f4xx_hal_adc.c ****             the HAL_ADC_ConvHalfCpltCallback could be implemented in the user file
1599:Drivers/STM32F4xx_HAL_Driver/Src/stm32f4xx_hal_adc.c ****    */
1600:Drivers/STM32F4xx_HAL_Driver/Src/stm32f4xx_hal_adc.c **** }
1601:Drivers/STM32F4xx_HAL_Driver/Src/stm32f4xx_hal_adc.c **** 
1602:Drivers/STM32F4xx_HAL_Driver/Src/stm32f4xx_hal_adc.c **** /**
1603:Drivers/STM32F4xx_HAL_Driver/Src/stm32f4xx_hal_adc.c ****   * @brief  Analog watchdog callback in non blocking mode 
1604:Drivers/STM32F4xx_HAL_Driver/Src/stm32f4xx_hal_adc.c ****   * @param  hadc pointer to a ADC_HandleTypeDef structure that contains
1605:Drivers/STM32F4xx_HAL_Driver/Src/stm32f4xx_hal_adc.c ****   *         the configuration information for the specified ADC.
1606:Drivers/STM32F4xx_HAL_Driver/Src/stm32f4xx_hal_adc.c ****   * @retval None
1607:Drivers/STM32F4xx_HAL_Driver/Src/stm32f4xx_hal_adc.c ****   */
1608:Drivers/STM32F4xx_HAL_Driver/Src/stm32f4xx_hal_adc.c **** __weak void HAL_ADC_LevelOutOfWindowCallback(ADC_HandleTypeDef* hadc)
1609:Drivers/STM32F4xx_HAL_Driver/Src/stm32f4xx_hal_adc.c **** {
1610:Drivers/STM32F4xx_HAL_Driver/Src/stm32f4xx_hal_adc.c ****   /* Prevent unused argument(s) compilation warning */
1611:Drivers/STM32F4xx_HAL_Driver/Src/stm32f4xx_hal_adc.c ****   UNUSED(hadc);
1612:Drivers/STM32F4xx_HAL_Driver/Src/stm32f4xx_hal_adc.c ****   /* NOTE : This function Should not be modified, when the callback is needed,
1613:Drivers/STM32F4xx_HAL_Driver/Src/stm32f4xx_hal_adc.c ****             the HAL_ADC_LevelOoutOfWindowCallback could be implemented in the user file
1614:Drivers/STM32F4xx_HAL_Driver/Src/stm32f4xx_hal_adc.c ****    */
1615:Drivers/STM32F4xx_HAL_Driver/Src/stm32f4xx_hal_adc.c **** }
1616:Drivers/STM32F4xx_HAL_Driver/Src/stm32f4xx_hal_adc.c **** 
1617:Drivers/STM32F4xx_HAL_Driver/Src/stm32f4xx_hal_adc.c **** /**
1618:Drivers/STM32F4xx_HAL_Driver/Src/stm32f4xx_hal_adc.c ****   * @brief  Error ADC callback.
1619:Drivers/STM32F4xx_HAL_Driver/Src/stm32f4xx_hal_adc.c ****   * @note   In case of error due to overrun when using ADC with DMA transfer 
1620:Drivers/STM32F4xx_HAL_Driver/Src/stm32f4xx_hal_adc.c ****   *         (HAL ADC handle paramater "ErrorCode" to state "HAL_ADC_ERROR_OVR"):
1621:Drivers/STM32F4xx_HAL_Driver/Src/stm32f4xx_hal_adc.c ****   *         - Reinitialize the DMA using function "HAL_ADC_Stop_DMA()".
1622:Drivers/STM32F4xx_HAL_Driver/Src/stm32f4xx_hal_adc.c ****   *         - If needed, restart a new ADC conversion using function
1623:Drivers/STM32F4xx_HAL_Driver/Src/stm32f4xx_hal_adc.c ****   *           "HAL_ADC_Start_DMA()"
1624:Drivers/STM32F4xx_HAL_Driver/Src/stm32f4xx_hal_adc.c ****   *           (this function is also clearing overrun flag)
1625:Drivers/STM32F4xx_HAL_Driver/Src/stm32f4xx_hal_adc.c ****   * @param  hadc pointer to a ADC_HandleTypeDef structure that contains
1626:Drivers/STM32F4xx_HAL_Driver/Src/stm32f4xx_hal_adc.c ****   *         the configuration information for the specified ADC.
ARM GAS  /tmp/ccFxaBUH.s 			page 30


1627:Drivers/STM32F4xx_HAL_Driver/Src/stm32f4xx_hal_adc.c ****   * @retval None
1628:Drivers/STM32F4xx_HAL_Driver/Src/stm32f4xx_hal_adc.c ****   */
1629:Drivers/STM32F4xx_HAL_Driver/Src/stm32f4xx_hal_adc.c **** __weak void HAL_ADC_ErrorCallback(ADC_HandleTypeDef *hadc)
1630:Drivers/STM32F4xx_HAL_Driver/Src/stm32f4xx_hal_adc.c **** {
1631:Drivers/STM32F4xx_HAL_Driver/Src/stm32f4xx_hal_adc.c ****   /* Prevent unused argument(s) compilation warning */
1632:Drivers/STM32F4xx_HAL_Driver/Src/stm32f4xx_hal_adc.c ****   UNUSED(hadc);
1633:Drivers/STM32F4xx_HAL_Driver/Src/stm32f4xx_hal_adc.c ****   /* NOTE : This function Should not be modified, when the callback is needed,
1634:Drivers/STM32F4xx_HAL_Driver/Src/stm32f4xx_hal_adc.c ****             the HAL_ADC_ErrorCallback could be implemented in the user file
1635:Drivers/STM32F4xx_HAL_Driver/Src/stm32f4xx_hal_adc.c ****    */
1636:Drivers/STM32F4xx_HAL_Driver/Src/stm32f4xx_hal_adc.c **** }
1637:Drivers/STM32F4xx_HAL_Driver/Src/stm32f4xx_hal_adc.c **** 
1638:Drivers/STM32F4xx_HAL_Driver/Src/stm32f4xx_hal_adc.c **** /**
1639:Drivers/STM32F4xx_HAL_Driver/Src/stm32f4xx_hal_adc.c ****   * @}
1640:Drivers/STM32F4xx_HAL_Driver/Src/stm32f4xx_hal_adc.c ****   */
1641:Drivers/STM32F4xx_HAL_Driver/Src/stm32f4xx_hal_adc.c ****   
1642:Drivers/STM32F4xx_HAL_Driver/Src/stm32f4xx_hal_adc.c **** /** @defgroup ADC_Exported_Functions_Group3 Peripheral Control functions
1643:Drivers/STM32F4xx_HAL_Driver/Src/stm32f4xx_hal_adc.c ****  *  @brief   	Peripheral Control functions 
1644:Drivers/STM32F4xx_HAL_Driver/Src/stm32f4xx_hal_adc.c ****  *
1645:Drivers/STM32F4xx_HAL_Driver/Src/stm32f4xx_hal_adc.c **** @verbatim   
1646:Drivers/STM32F4xx_HAL_Driver/Src/stm32f4xx_hal_adc.c ****  ===============================================================================
1647:Drivers/STM32F4xx_HAL_Driver/Src/stm32f4xx_hal_adc.c ****              ##### Peripheral Control functions #####
1648:Drivers/STM32F4xx_HAL_Driver/Src/stm32f4xx_hal_adc.c ****  ===============================================================================  
1649:Drivers/STM32F4xx_HAL_Driver/Src/stm32f4xx_hal_adc.c ****     [..]  This section provides functions allowing to:
1650:Drivers/STM32F4xx_HAL_Driver/Src/stm32f4xx_hal_adc.c ****       (+) Configure regular channels. 
1651:Drivers/STM32F4xx_HAL_Driver/Src/stm32f4xx_hal_adc.c ****       (+) Configure injected channels.
1652:Drivers/STM32F4xx_HAL_Driver/Src/stm32f4xx_hal_adc.c ****       (+) Configure multimode.
1653:Drivers/STM32F4xx_HAL_Driver/Src/stm32f4xx_hal_adc.c ****       (+) Configure the analog watch dog.
1654:Drivers/STM32F4xx_HAL_Driver/Src/stm32f4xx_hal_adc.c ****       
1655:Drivers/STM32F4xx_HAL_Driver/Src/stm32f4xx_hal_adc.c **** @endverbatim
1656:Drivers/STM32F4xx_HAL_Driver/Src/stm32f4xx_hal_adc.c ****   * @{
1657:Drivers/STM32F4xx_HAL_Driver/Src/stm32f4xx_hal_adc.c ****   */
1658:Drivers/STM32F4xx_HAL_Driver/Src/stm32f4xx_hal_adc.c **** 
1659:Drivers/STM32F4xx_HAL_Driver/Src/stm32f4xx_hal_adc.c ****   /**
1660:Drivers/STM32F4xx_HAL_Driver/Src/stm32f4xx_hal_adc.c ****   * @brief  Configures for the selected ADC regular channel its corresponding
1661:Drivers/STM32F4xx_HAL_Driver/Src/stm32f4xx_hal_adc.c ****   *         rank in the sequencer and its sample time.
1662:Drivers/STM32F4xx_HAL_Driver/Src/stm32f4xx_hal_adc.c ****   * @param  hadc pointer to a ADC_HandleTypeDef structure that contains
1663:Drivers/STM32F4xx_HAL_Driver/Src/stm32f4xx_hal_adc.c ****   *         the configuration information for the specified ADC.
1664:Drivers/STM32F4xx_HAL_Driver/Src/stm32f4xx_hal_adc.c ****   * @param  sConfig ADC configuration structure. 
1665:Drivers/STM32F4xx_HAL_Driver/Src/stm32f4xx_hal_adc.c ****   * @retval HAL status
1666:Drivers/STM32F4xx_HAL_Driver/Src/stm32f4xx_hal_adc.c ****   */
1667:Drivers/STM32F4xx_HAL_Driver/Src/stm32f4xx_hal_adc.c **** HAL_StatusTypeDef HAL_ADC_ConfigChannel(ADC_HandleTypeDef* hadc, ADC_ChannelConfTypeDef* sConfig)
1668:Drivers/STM32F4xx_HAL_Driver/Src/stm32f4xx_hal_adc.c **** {
1669:Drivers/STM32F4xx_HAL_Driver/Src/stm32f4xx_hal_adc.c ****   __IO uint32_t counter = 0U;
1670:Drivers/STM32F4xx_HAL_Driver/Src/stm32f4xx_hal_adc.c ****   ADC_Common_TypeDef *tmpADC_Common;
1671:Drivers/STM32F4xx_HAL_Driver/Src/stm32f4xx_hal_adc.c ****   
1672:Drivers/STM32F4xx_HAL_Driver/Src/stm32f4xx_hal_adc.c ****   /* Check the parameters */
1673:Drivers/STM32F4xx_HAL_Driver/Src/stm32f4xx_hal_adc.c ****   assert_param(IS_ADC_CHANNEL(sConfig->Channel));
1674:Drivers/STM32F4xx_HAL_Driver/Src/stm32f4xx_hal_adc.c ****   assert_param(IS_ADC_REGULAR_RANK(sConfig->Rank));
1675:Drivers/STM32F4xx_HAL_Driver/Src/stm32f4xx_hal_adc.c ****   assert_param(IS_ADC_SAMPLE_TIME(sConfig->SamplingTime));
1676:Drivers/STM32F4xx_HAL_Driver/Src/stm32f4xx_hal_adc.c ****   
1677:Drivers/STM32F4xx_HAL_Driver/Src/stm32f4xx_hal_adc.c ****   /* Process locked */
1678:Drivers/STM32F4xx_HAL_Driver/Src/stm32f4xx_hal_adc.c ****   __HAL_LOCK(hadc);
1679:Drivers/STM32F4xx_HAL_Driver/Src/stm32f4xx_hal_adc.c ****     
1680:Drivers/STM32F4xx_HAL_Driver/Src/stm32f4xx_hal_adc.c ****   /* if ADC_Channel_10 ... ADC_Channel_18 is selected */
1681:Drivers/STM32F4xx_HAL_Driver/Src/stm32f4xx_hal_adc.c ****   if (sConfig->Channel > ADC_CHANNEL_9)
1682:Drivers/STM32F4xx_HAL_Driver/Src/stm32f4xx_hal_adc.c ****   {
1683:Drivers/STM32F4xx_HAL_Driver/Src/stm32f4xx_hal_adc.c ****     /* Clear the old sample time */
ARM GAS  /tmp/ccFxaBUH.s 			page 31


1684:Drivers/STM32F4xx_HAL_Driver/Src/stm32f4xx_hal_adc.c ****     hadc->Instance->SMPR1 &= ~ADC_SMPR1(ADC_SMPR1_SMP10, sConfig->Channel);
1685:Drivers/STM32F4xx_HAL_Driver/Src/stm32f4xx_hal_adc.c ****     
1686:Drivers/STM32F4xx_HAL_Driver/Src/stm32f4xx_hal_adc.c ****     /* Set the new sample time */
1687:Drivers/STM32F4xx_HAL_Driver/Src/stm32f4xx_hal_adc.c ****     hadc->Instance->SMPR1 |= ADC_SMPR1(sConfig->SamplingTime, sConfig->Channel);
1688:Drivers/STM32F4xx_HAL_Driver/Src/stm32f4xx_hal_adc.c ****   }
1689:Drivers/STM32F4xx_HAL_Driver/Src/stm32f4xx_hal_adc.c ****   else /* ADC_Channel include in ADC_Channel_[0..9] */
1690:Drivers/STM32F4xx_HAL_Driver/Src/stm32f4xx_hal_adc.c ****   {
1691:Drivers/STM32F4xx_HAL_Driver/Src/stm32f4xx_hal_adc.c ****     /* Clear the old sample time */
1692:Drivers/STM32F4xx_HAL_Driver/Src/stm32f4xx_hal_adc.c ****     hadc->Instance->SMPR2 &= ~ADC_SMPR2(ADC_SMPR2_SMP0, sConfig->Channel);
1693:Drivers/STM32F4xx_HAL_Driver/Src/stm32f4xx_hal_adc.c ****     
1694:Drivers/STM32F4xx_HAL_Driver/Src/stm32f4xx_hal_adc.c ****     /* Set the new sample time */
1695:Drivers/STM32F4xx_HAL_Driver/Src/stm32f4xx_hal_adc.c ****     hadc->Instance->SMPR2 |= ADC_SMPR2(sConfig->SamplingTime, sConfig->Channel);
1696:Drivers/STM32F4xx_HAL_Driver/Src/stm32f4xx_hal_adc.c ****   }
1697:Drivers/STM32F4xx_HAL_Driver/Src/stm32f4xx_hal_adc.c ****   
1698:Drivers/STM32F4xx_HAL_Driver/Src/stm32f4xx_hal_adc.c ****   /* For Rank 1 to 6 */
1699:Drivers/STM32F4xx_HAL_Driver/Src/stm32f4xx_hal_adc.c ****   if (sConfig->Rank < 7U)
1700:Drivers/STM32F4xx_HAL_Driver/Src/stm32f4xx_hal_adc.c ****   {
1701:Drivers/STM32F4xx_HAL_Driver/Src/stm32f4xx_hal_adc.c ****     /* Clear the old SQx bits for the selected rank */
1702:Drivers/STM32F4xx_HAL_Driver/Src/stm32f4xx_hal_adc.c ****     hadc->Instance->SQR3 &= ~ADC_SQR3_RK(ADC_SQR3_SQ1, sConfig->Rank);
1703:Drivers/STM32F4xx_HAL_Driver/Src/stm32f4xx_hal_adc.c ****     
1704:Drivers/STM32F4xx_HAL_Driver/Src/stm32f4xx_hal_adc.c ****     /* Set the SQx bits for the selected rank */
1705:Drivers/STM32F4xx_HAL_Driver/Src/stm32f4xx_hal_adc.c ****     hadc->Instance->SQR3 |= ADC_SQR3_RK(sConfig->Channel, sConfig->Rank);
1706:Drivers/STM32F4xx_HAL_Driver/Src/stm32f4xx_hal_adc.c ****   }
1707:Drivers/STM32F4xx_HAL_Driver/Src/stm32f4xx_hal_adc.c ****   /* For Rank 7 to 12 */
1708:Drivers/STM32F4xx_HAL_Driver/Src/stm32f4xx_hal_adc.c ****   else if (sConfig->Rank < 13U)
1709:Drivers/STM32F4xx_HAL_Driver/Src/stm32f4xx_hal_adc.c ****   {
1710:Drivers/STM32F4xx_HAL_Driver/Src/stm32f4xx_hal_adc.c ****     /* Clear the old SQx bits for the selected rank */
1711:Drivers/STM32F4xx_HAL_Driver/Src/stm32f4xx_hal_adc.c ****     hadc->Instance->SQR2 &= ~ADC_SQR2_RK(ADC_SQR2_SQ7, sConfig->Rank);
1712:Drivers/STM32F4xx_HAL_Driver/Src/stm32f4xx_hal_adc.c ****     
1713:Drivers/STM32F4xx_HAL_Driver/Src/stm32f4xx_hal_adc.c ****     /* Set the SQx bits for the selected rank */
1714:Drivers/STM32F4xx_HAL_Driver/Src/stm32f4xx_hal_adc.c ****     hadc->Instance->SQR2 |= ADC_SQR2_RK(sConfig->Channel, sConfig->Rank);
1715:Drivers/STM32F4xx_HAL_Driver/Src/stm32f4xx_hal_adc.c ****   }
1716:Drivers/STM32F4xx_HAL_Driver/Src/stm32f4xx_hal_adc.c ****   /* For Rank 13 to 16 */
1717:Drivers/STM32F4xx_HAL_Driver/Src/stm32f4xx_hal_adc.c ****   else
1718:Drivers/STM32F4xx_HAL_Driver/Src/stm32f4xx_hal_adc.c ****   {
1719:Drivers/STM32F4xx_HAL_Driver/Src/stm32f4xx_hal_adc.c ****     /* Clear the old SQx bits for the selected rank */
1720:Drivers/STM32F4xx_HAL_Driver/Src/stm32f4xx_hal_adc.c ****     hadc->Instance->SQR1 &= ~ADC_SQR1_RK(ADC_SQR1_SQ13, sConfig->Rank);
1721:Drivers/STM32F4xx_HAL_Driver/Src/stm32f4xx_hal_adc.c ****     
1722:Drivers/STM32F4xx_HAL_Driver/Src/stm32f4xx_hal_adc.c ****     /* Set the SQx bits for the selected rank */
1723:Drivers/STM32F4xx_HAL_Driver/Src/stm32f4xx_hal_adc.c ****     hadc->Instance->SQR1 |= ADC_SQR1_RK(sConfig->Channel, sConfig->Rank);
1724:Drivers/STM32F4xx_HAL_Driver/Src/stm32f4xx_hal_adc.c ****   }
1725:Drivers/STM32F4xx_HAL_Driver/Src/stm32f4xx_hal_adc.c **** 
1726:Drivers/STM32F4xx_HAL_Driver/Src/stm32f4xx_hal_adc.c ****     /* Pointer to the common control register to which is belonging hadc    */
1727:Drivers/STM32F4xx_HAL_Driver/Src/stm32f4xx_hal_adc.c ****     /* (Depending on STM32F4 product, there may be up to 3 ADCs and 1 common */
1728:Drivers/STM32F4xx_HAL_Driver/Src/stm32f4xx_hal_adc.c ****     /* control register)                                                    */
1729:Drivers/STM32F4xx_HAL_Driver/Src/stm32f4xx_hal_adc.c ****     tmpADC_Common = ADC_COMMON_REGISTER(hadc);
1730:Drivers/STM32F4xx_HAL_Driver/Src/stm32f4xx_hal_adc.c **** 
1731:Drivers/STM32F4xx_HAL_Driver/Src/stm32f4xx_hal_adc.c ****   /* if ADC1 Channel_18 is selected for VBAT Channel ennable VBATE */
1732:Drivers/STM32F4xx_HAL_Driver/Src/stm32f4xx_hal_adc.c ****   if ((hadc->Instance == ADC1) && (sConfig->Channel == ADC_CHANNEL_VBAT))
1733:Drivers/STM32F4xx_HAL_Driver/Src/stm32f4xx_hal_adc.c ****   {
1734:Drivers/STM32F4xx_HAL_Driver/Src/stm32f4xx_hal_adc.c ****     /* Disable the TEMPSENSOR channel in case of using board with multiplixed ADC_CHANNEL_VBAT & AD
1735:Drivers/STM32F4xx_HAL_Driver/Src/stm32f4xx_hal_adc.c ****     if ((uint16_t)ADC_CHANNEL_TEMPSENSOR == (uint16_t)ADC_CHANNEL_VBAT)
1736:Drivers/STM32F4xx_HAL_Driver/Src/stm32f4xx_hal_adc.c ****     {
1737:Drivers/STM32F4xx_HAL_Driver/Src/stm32f4xx_hal_adc.c ****       tmpADC_Common->CCR &= ~ADC_CCR_TSVREFE;
1738:Drivers/STM32F4xx_HAL_Driver/Src/stm32f4xx_hal_adc.c ****     }
1739:Drivers/STM32F4xx_HAL_Driver/Src/stm32f4xx_hal_adc.c ****     /* Enable the VBAT channel*/
1740:Drivers/STM32F4xx_HAL_Driver/Src/stm32f4xx_hal_adc.c ****     tmpADC_Common->CCR |= ADC_CCR_VBATE;
ARM GAS  /tmp/ccFxaBUH.s 			page 32


1741:Drivers/STM32F4xx_HAL_Driver/Src/stm32f4xx_hal_adc.c ****   }
1742:Drivers/STM32F4xx_HAL_Driver/Src/stm32f4xx_hal_adc.c ****   
1743:Drivers/STM32F4xx_HAL_Driver/Src/stm32f4xx_hal_adc.c ****   /* if ADC1 Channel_16 or Channel_18 is selected for Temperature sensor or 
1744:Drivers/STM32F4xx_HAL_Driver/Src/stm32f4xx_hal_adc.c ****      Channel_17 is selected for VREFINT enable TSVREFE */
1745:Drivers/STM32F4xx_HAL_Driver/Src/stm32f4xx_hal_adc.c ****   if ((hadc->Instance == ADC1) && ((sConfig->Channel == ADC_CHANNEL_TEMPSENSOR) || (sConfig->Channe
1746:Drivers/STM32F4xx_HAL_Driver/Src/stm32f4xx_hal_adc.c ****   {
1747:Drivers/STM32F4xx_HAL_Driver/Src/stm32f4xx_hal_adc.c ****     /* Disable the VBAT channel in case of using board with multiplixed ADC_CHANNEL_VBAT & ADC_CHAN
1748:Drivers/STM32F4xx_HAL_Driver/Src/stm32f4xx_hal_adc.c ****     if ((uint16_t)ADC_CHANNEL_TEMPSENSOR == (uint16_t)ADC_CHANNEL_VBAT)
1749:Drivers/STM32F4xx_HAL_Driver/Src/stm32f4xx_hal_adc.c ****     {
1750:Drivers/STM32F4xx_HAL_Driver/Src/stm32f4xx_hal_adc.c ****       tmpADC_Common->CCR &= ~ADC_CCR_VBATE;
1751:Drivers/STM32F4xx_HAL_Driver/Src/stm32f4xx_hal_adc.c ****     }
1752:Drivers/STM32F4xx_HAL_Driver/Src/stm32f4xx_hal_adc.c ****     /* Enable the Temperature sensor and VREFINT channel*/
1753:Drivers/STM32F4xx_HAL_Driver/Src/stm32f4xx_hal_adc.c ****     tmpADC_Common->CCR |= ADC_CCR_TSVREFE;
1754:Drivers/STM32F4xx_HAL_Driver/Src/stm32f4xx_hal_adc.c ****     
1755:Drivers/STM32F4xx_HAL_Driver/Src/stm32f4xx_hal_adc.c ****     if(sConfig->Channel == ADC_CHANNEL_TEMPSENSOR)
1756:Drivers/STM32F4xx_HAL_Driver/Src/stm32f4xx_hal_adc.c ****     {
1757:Drivers/STM32F4xx_HAL_Driver/Src/stm32f4xx_hal_adc.c ****       /* Delay for temperature sensor stabilization time */
1758:Drivers/STM32F4xx_HAL_Driver/Src/stm32f4xx_hal_adc.c ****       /* Compute number of CPU cycles to wait for */
1759:Drivers/STM32F4xx_HAL_Driver/Src/stm32f4xx_hal_adc.c ****       counter = (ADC_TEMPSENSOR_DELAY_US * (SystemCoreClock / 1000000U));
1760:Drivers/STM32F4xx_HAL_Driver/Src/stm32f4xx_hal_adc.c ****       while(counter != 0U)
1761:Drivers/STM32F4xx_HAL_Driver/Src/stm32f4xx_hal_adc.c ****       {
1762:Drivers/STM32F4xx_HAL_Driver/Src/stm32f4xx_hal_adc.c ****         counter--;
1763:Drivers/STM32F4xx_HAL_Driver/Src/stm32f4xx_hal_adc.c ****       }
1764:Drivers/STM32F4xx_HAL_Driver/Src/stm32f4xx_hal_adc.c ****     }
1765:Drivers/STM32F4xx_HAL_Driver/Src/stm32f4xx_hal_adc.c ****   }
1766:Drivers/STM32F4xx_HAL_Driver/Src/stm32f4xx_hal_adc.c ****   
1767:Drivers/STM32F4xx_HAL_Driver/Src/stm32f4xx_hal_adc.c ****   /* Process unlocked */
1768:Drivers/STM32F4xx_HAL_Driver/Src/stm32f4xx_hal_adc.c ****   __HAL_UNLOCK(hadc);
1769:Drivers/STM32F4xx_HAL_Driver/Src/stm32f4xx_hal_adc.c ****   
1770:Drivers/STM32F4xx_HAL_Driver/Src/stm32f4xx_hal_adc.c ****   /* Return function status */
1771:Drivers/STM32F4xx_HAL_Driver/Src/stm32f4xx_hal_adc.c ****   return HAL_OK;
1772:Drivers/STM32F4xx_HAL_Driver/Src/stm32f4xx_hal_adc.c **** }
1773:Drivers/STM32F4xx_HAL_Driver/Src/stm32f4xx_hal_adc.c **** 
1774:Drivers/STM32F4xx_HAL_Driver/Src/stm32f4xx_hal_adc.c **** /**
1775:Drivers/STM32F4xx_HAL_Driver/Src/stm32f4xx_hal_adc.c ****   * @brief  Configures the analog watchdog.
1776:Drivers/STM32F4xx_HAL_Driver/Src/stm32f4xx_hal_adc.c ****   * @note Analog watchdog thresholds can be modified while ADC conversion
1777:Drivers/STM32F4xx_HAL_Driver/Src/stm32f4xx_hal_adc.c ****   * is on going.
1778:Drivers/STM32F4xx_HAL_Driver/Src/stm32f4xx_hal_adc.c ****   * In this case, some constraints must be taken into account:
1779:Drivers/STM32F4xx_HAL_Driver/Src/stm32f4xx_hal_adc.c ****   * The programmed threshold values are effective from the next
1780:Drivers/STM32F4xx_HAL_Driver/Src/stm32f4xx_hal_adc.c ****   * ADC EOC (end of unitary conversion).
1781:Drivers/STM32F4xx_HAL_Driver/Src/stm32f4xx_hal_adc.c ****   * Considering that registers write delay may happen due to
1782:Drivers/STM32F4xx_HAL_Driver/Src/stm32f4xx_hal_adc.c ****   * bus activity, this might cause an uncertainty on the
1783:Drivers/STM32F4xx_HAL_Driver/Src/stm32f4xx_hal_adc.c ****   * effective timing of the new programmed threshold values.
1784:Drivers/STM32F4xx_HAL_Driver/Src/stm32f4xx_hal_adc.c ****   * @param  hadc pointer to a ADC_HandleTypeDef structure that contains
1785:Drivers/STM32F4xx_HAL_Driver/Src/stm32f4xx_hal_adc.c ****   *         the configuration information for the specified ADC.
1786:Drivers/STM32F4xx_HAL_Driver/Src/stm32f4xx_hal_adc.c ****   * @param  AnalogWDGConfig  pointer to an ADC_AnalogWDGConfTypeDef structure 
1787:Drivers/STM32F4xx_HAL_Driver/Src/stm32f4xx_hal_adc.c ****   *         that contains the configuration information of ADC analog watchdog.
1788:Drivers/STM32F4xx_HAL_Driver/Src/stm32f4xx_hal_adc.c ****   * @retval HAL status	  
1789:Drivers/STM32F4xx_HAL_Driver/Src/stm32f4xx_hal_adc.c ****   */
1790:Drivers/STM32F4xx_HAL_Driver/Src/stm32f4xx_hal_adc.c **** HAL_StatusTypeDef HAL_ADC_AnalogWDGConfig(ADC_HandleTypeDef* hadc, ADC_AnalogWDGConfTypeDef* Analog
1791:Drivers/STM32F4xx_HAL_Driver/Src/stm32f4xx_hal_adc.c **** {
1792:Drivers/STM32F4xx_HAL_Driver/Src/stm32f4xx_hal_adc.c **** #ifdef USE_FULL_ASSERT  
1793:Drivers/STM32F4xx_HAL_Driver/Src/stm32f4xx_hal_adc.c ****   uint32_t tmp = 0U;
1794:Drivers/STM32F4xx_HAL_Driver/Src/stm32f4xx_hal_adc.c **** #endif /* USE_FULL_ASSERT  */  
1795:Drivers/STM32F4xx_HAL_Driver/Src/stm32f4xx_hal_adc.c ****   
1796:Drivers/STM32F4xx_HAL_Driver/Src/stm32f4xx_hal_adc.c ****   /* Check the parameters */
1797:Drivers/STM32F4xx_HAL_Driver/Src/stm32f4xx_hal_adc.c ****   assert_param(IS_ADC_ANALOG_WATCHDOG(AnalogWDGConfig->WatchdogMode));
ARM GAS  /tmp/ccFxaBUH.s 			page 33


1798:Drivers/STM32F4xx_HAL_Driver/Src/stm32f4xx_hal_adc.c ****   assert_param(IS_ADC_CHANNEL(AnalogWDGConfig->Channel));
1799:Drivers/STM32F4xx_HAL_Driver/Src/stm32f4xx_hal_adc.c ****   assert_param(IS_FUNCTIONAL_STATE(AnalogWDGConfig->ITMode));
1800:Drivers/STM32F4xx_HAL_Driver/Src/stm32f4xx_hal_adc.c **** 
1801:Drivers/STM32F4xx_HAL_Driver/Src/stm32f4xx_hal_adc.c **** #ifdef USE_FULL_ASSERT  
1802:Drivers/STM32F4xx_HAL_Driver/Src/stm32f4xx_hal_adc.c ****   tmp = ADC_GET_RESOLUTION(hadc);
1803:Drivers/STM32F4xx_HAL_Driver/Src/stm32f4xx_hal_adc.c ****   assert_param(IS_ADC_RANGE(tmp, AnalogWDGConfig->HighThreshold));
1804:Drivers/STM32F4xx_HAL_Driver/Src/stm32f4xx_hal_adc.c ****   assert_param(IS_ADC_RANGE(tmp, AnalogWDGConfig->LowThreshold));
1805:Drivers/STM32F4xx_HAL_Driver/Src/stm32f4xx_hal_adc.c **** #endif /* USE_FULL_ASSERT  */
1806:Drivers/STM32F4xx_HAL_Driver/Src/stm32f4xx_hal_adc.c ****   
1807:Drivers/STM32F4xx_HAL_Driver/Src/stm32f4xx_hal_adc.c ****   /* Process locked */
1808:Drivers/STM32F4xx_HAL_Driver/Src/stm32f4xx_hal_adc.c ****   __HAL_LOCK(hadc);
1809:Drivers/STM32F4xx_HAL_Driver/Src/stm32f4xx_hal_adc.c ****   
1810:Drivers/STM32F4xx_HAL_Driver/Src/stm32f4xx_hal_adc.c ****   if(AnalogWDGConfig->ITMode == ENABLE)
1811:Drivers/STM32F4xx_HAL_Driver/Src/stm32f4xx_hal_adc.c ****   {
1812:Drivers/STM32F4xx_HAL_Driver/Src/stm32f4xx_hal_adc.c ****     /* Enable the ADC Analog watchdog interrupt */
1813:Drivers/STM32F4xx_HAL_Driver/Src/stm32f4xx_hal_adc.c ****     __HAL_ADC_ENABLE_IT(hadc, ADC_IT_AWD);
1814:Drivers/STM32F4xx_HAL_Driver/Src/stm32f4xx_hal_adc.c ****   }
1815:Drivers/STM32F4xx_HAL_Driver/Src/stm32f4xx_hal_adc.c ****   else
1816:Drivers/STM32F4xx_HAL_Driver/Src/stm32f4xx_hal_adc.c ****   {
1817:Drivers/STM32F4xx_HAL_Driver/Src/stm32f4xx_hal_adc.c ****     /* Disable the ADC Analog watchdog interrupt */
1818:Drivers/STM32F4xx_HAL_Driver/Src/stm32f4xx_hal_adc.c ****     __HAL_ADC_DISABLE_IT(hadc, ADC_IT_AWD);
1819:Drivers/STM32F4xx_HAL_Driver/Src/stm32f4xx_hal_adc.c ****   }
1820:Drivers/STM32F4xx_HAL_Driver/Src/stm32f4xx_hal_adc.c ****   
1821:Drivers/STM32F4xx_HAL_Driver/Src/stm32f4xx_hal_adc.c ****   /* Clear AWDEN, JAWDEN and AWDSGL bits */
1822:Drivers/STM32F4xx_HAL_Driver/Src/stm32f4xx_hal_adc.c ****   hadc->Instance->CR1 &=  ~(ADC_CR1_AWDSGL | ADC_CR1_JAWDEN | ADC_CR1_AWDEN);
1823:Drivers/STM32F4xx_HAL_Driver/Src/stm32f4xx_hal_adc.c ****   
1824:Drivers/STM32F4xx_HAL_Driver/Src/stm32f4xx_hal_adc.c ****   /* Set the analog watchdog enable mode */
1825:Drivers/STM32F4xx_HAL_Driver/Src/stm32f4xx_hal_adc.c ****   hadc->Instance->CR1 |= AnalogWDGConfig->WatchdogMode;
1826:Drivers/STM32F4xx_HAL_Driver/Src/stm32f4xx_hal_adc.c ****   
1827:Drivers/STM32F4xx_HAL_Driver/Src/stm32f4xx_hal_adc.c ****   /* Set the high threshold */
1828:Drivers/STM32F4xx_HAL_Driver/Src/stm32f4xx_hal_adc.c ****   hadc->Instance->HTR = AnalogWDGConfig->HighThreshold;
1829:Drivers/STM32F4xx_HAL_Driver/Src/stm32f4xx_hal_adc.c ****   
1830:Drivers/STM32F4xx_HAL_Driver/Src/stm32f4xx_hal_adc.c ****   /* Set the low threshold */
1831:Drivers/STM32F4xx_HAL_Driver/Src/stm32f4xx_hal_adc.c ****   hadc->Instance->LTR = AnalogWDGConfig->LowThreshold;
1832:Drivers/STM32F4xx_HAL_Driver/Src/stm32f4xx_hal_adc.c ****   
1833:Drivers/STM32F4xx_HAL_Driver/Src/stm32f4xx_hal_adc.c ****   /* Clear the Analog watchdog channel select bits */
1834:Drivers/STM32F4xx_HAL_Driver/Src/stm32f4xx_hal_adc.c ****   hadc->Instance->CR1 &= ~ADC_CR1_AWDCH;
1835:Drivers/STM32F4xx_HAL_Driver/Src/stm32f4xx_hal_adc.c ****   
1836:Drivers/STM32F4xx_HAL_Driver/Src/stm32f4xx_hal_adc.c ****   /* Set the Analog watchdog channel */
1837:Drivers/STM32F4xx_HAL_Driver/Src/stm32f4xx_hal_adc.c ****   hadc->Instance->CR1 |= (uint32_t)((uint16_t)(AnalogWDGConfig->Channel));
1838:Drivers/STM32F4xx_HAL_Driver/Src/stm32f4xx_hal_adc.c ****   
1839:Drivers/STM32F4xx_HAL_Driver/Src/stm32f4xx_hal_adc.c ****   /* Process unlocked */
1840:Drivers/STM32F4xx_HAL_Driver/Src/stm32f4xx_hal_adc.c ****   __HAL_UNLOCK(hadc);
1841:Drivers/STM32F4xx_HAL_Driver/Src/stm32f4xx_hal_adc.c ****   
1842:Drivers/STM32F4xx_HAL_Driver/Src/stm32f4xx_hal_adc.c ****   /* Return function status */
1843:Drivers/STM32F4xx_HAL_Driver/Src/stm32f4xx_hal_adc.c ****   return HAL_OK;
1844:Drivers/STM32F4xx_HAL_Driver/Src/stm32f4xx_hal_adc.c **** }
1845:Drivers/STM32F4xx_HAL_Driver/Src/stm32f4xx_hal_adc.c **** 
1846:Drivers/STM32F4xx_HAL_Driver/Src/stm32f4xx_hal_adc.c **** /**
1847:Drivers/STM32F4xx_HAL_Driver/Src/stm32f4xx_hal_adc.c ****   * @}
1848:Drivers/STM32F4xx_HAL_Driver/Src/stm32f4xx_hal_adc.c ****   */
1849:Drivers/STM32F4xx_HAL_Driver/Src/stm32f4xx_hal_adc.c **** 
1850:Drivers/STM32F4xx_HAL_Driver/Src/stm32f4xx_hal_adc.c **** /** @defgroup ADC_Exported_Functions_Group4 ADC Peripheral State functions
1851:Drivers/STM32F4xx_HAL_Driver/Src/stm32f4xx_hal_adc.c ****  *  @brief   ADC Peripheral State functions 
1852:Drivers/STM32F4xx_HAL_Driver/Src/stm32f4xx_hal_adc.c ****  *
1853:Drivers/STM32F4xx_HAL_Driver/Src/stm32f4xx_hal_adc.c **** @verbatim   
1854:Drivers/STM32F4xx_HAL_Driver/Src/stm32f4xx_hal_adc.c ****  ===============================================================================
ARM GAS  /tmp/ccFxaBUH.s 			page 34


1855:Drivers/STM32F4xx_HAL_Driver/Src/stm32f4xx_hal_adc.c ****             ##### Peripheral State and errors functions #####
1856:Drivers/STM32F4xx_HAL_Driver/Src/stm32f4xx_hal_adc.c ****  ===============================================================================  
1857:Drivers/STM32F4xx_HAL_Driver/Src/stm32f4xx_hal_adc.c ****     [..]
1858:Drivers/STM32F4xx_HAL_Driver/Src/stm32f4xx_hal_adc.c ****     This subsection provides functions allowing to
1859:Drivers/STM32F4xx_HAL_Driver/Src/stm32f4xx_hal_adc.c ****       (+) Check the ADC state
1860:Drivers/STM32F4xx_HAL_Driver/Src/stm32f4xx_hal_adc.c ****       (+) Check the ADC Error
1861:Drivers/STM32F4xx_HAL_Driver/Src/stm32f4xx_hal_adc.c ****          
1862:Drivers/STM32F4xx_HAL_Driver/Src/stm32f4xx_hal_adc.c **** @endverbatim
1863:Drivers/STM32F4xx_HAL_Driver/Src/stm32f4xx_hal_adc.c ****   * @{
1864:Drivers/STM32F4xx_HAL_Driver/Src/stm32f4xx_hal_adc.c ****   */
1865:Drivers/STM32F4xx_HAL_Driver/Src/stm32f4xx_hal_adc.c ****   
1866:Drivers/STM32F4xx_HAL_Driver/Src/stm32f4xx_hal_adc.c **** /**
1867:Drivers/STM32F4xx_HAL_Driver/Src/stm32f4xx_hal_adc.c ****   * @brief  return the ADC state
1868:Drivers/STM32F4xx_HAL_Driver/Src/stm32f4xx_hal_adc.c ****   * @param  hadc pointer to a ADC_HandleTypeDef structure that contains
1869:Drivers/STM32F4xx_HAL_Driver/Src/stm32f4xx_hal_adc.c ****   *         the configuration information for the specified ADC.
1870:Drivers/STM32F4xx_HAL_Driver/Src/stm32f4xx_hal_adc.c ****   * @retval HAL state
1871:Drivers/STM32F4xx_HAL_Driver/Src/stm32f4xx_hal_adc.c ****   */
1872:Drivers/STM32F4xx_HAL_Driver/Src/stm32f4xx_hal_adc.c **** uint32_t HAL_ADC_GetState(ADC_HandleTypeDef* hadc)
1873:Drivers/STM32F4xx_HAL_Driver/Src/stm32f4xx_hal_adc.c **** {
1874:Drivers/STM32F4xx_HAL_Driver/Src/stm32f4xx_hal_adc.c ****   /* Return ADC state */
1875:Drivers/STM32F4xx_HAL_Driver/Src/stm32f4xx_hal_adc.c ****   return hadc->State;
1876:Drivers/STM32F4xx_HAL_Driver/Src/stm32f4xx_hal_adc.c **** }
1877:Drivers/STM32F4xx_HAL_Driver/Src/stm32f4xx_hal_adc.c **** 
1878:Drivers/STM32F4xx_HAL_Driver/Src/stm32f4xx_hal_adc.c **** /**
1879:Drivers/STM32F4xx_HAL_Driver/Src/stm32f4xx_hal_adc.c ****   * @brief  Return the ADC error code
1880:Drivers/STM32F4xx_HAL_Driver/Src/stm32f4xx_hal_adc.c ****   * @param  hadc pointer to a ADC_HandleTypeDef structure that contains
1881:Drivers/STM32F4xx_HAL_Driver/Src/stm32f4xx_hal_adc.c ****   *         the configuration information for the specified ADC.
1882:Drivers/STM32F4xx_HAL_Driver/Src/stm32f4xx_hal_adc.c ****   * @retval ADC Error Code
1883:Drivers/STM32F4xx_HAL_Driver/Src/stm32f4xx_hal_adc.c ****   */
1884:Drivers/STM32F4xx_HAL_Driver/Src/stm32f4xx_hal_adc.c **** uint32_t HAL_ADC_GetError(ADC_HandleTypeDef *hadc)
1885:Drivers/STM32F4xx_HAL_Driver/Src/stm32f4xx_hal_adc.c **** {
1886:Drivers/STM32F4xx_HAL_Driver/Src/stm32f4xx_hal_adc.c ****   return hadc->ErrorCode;
1887:Drivers/STM32F4xx_HAL_Driver/Src/stm32f4xx_hal_adc.c **** }
1888:Drivers/STM32F4xx_HAL_Driver/Src/stm32f4xx_hal_adc.c **** 
1889:Drivers/STM32F4xx_HAL_Driver/Src/stm32f4xx_hal_adc.c **** /**
1890:Drivers/STM32F4xx_HAL_Driver/Src/stm32f4xx_hal_adc.c ****   * @}
1891:Drivers/STM32F4xx_HAL_Driver/Src/stm32f4xx_hal_adc.c ****   */
1892:Drivers/STM32F4xx_HAL_Driver/Src/stm32f4xx_hal_adc.c **** 
1893:Drivers/STM32F4xx_HAL_Driver/Src/stm32f4xx_hal_adc.c **** /** @addtogroup ADC_Private_Functions
1894:Drivers/STM32F4xx_HAL_Driver/Src/stm32f4xx_hal_adc.c ****   * @{
1895:Drivers/STM32F4xx_HAL_Driver/Src/stm32f4xx_hal_adc.c ****   */
1896:Drivers/STM32F4xx_HAL_Driver/Src/stm32f4xx_hal_adc.c **** 
1897:Drivers/STM32F4xx_HAL_Driver/Src/stm32f4xx_hal_adc.c **** /**
1898:Drivers/STM32F4xx_HAL_Driver/Src/stm32f4xx_hal_adc.c ****   * @brief  Initializes the ADCx peripheral according to the specified parameters 
1899:Drivers/STM32F4xx_HAL_Driver/Src/stm32f4xx_hal_adc.c ****   *         in the ADC_InitStruct without initializing the ADC MSP.       
1900:Drivers/STM32F4xx_HAL_Driver/Src/stm32f4xx_hal_adc.c ****   * @param  hadc pointer to a ADC_HandleTypeDef structure that contains
1901:Drivers/STM32F4xx_HAL_Driver/Src/stm32f4xx_hal_adc.c ****   *         the configuration information for the specified ADC.  
1902:Drivers/STM32F4xx_HAL_Driver/Src/stm32f4xx_hal_adc.c ****   * @retval None
1903:Drivers/STM32F4xx_HAL_Driver/Src/stm32f4xx_hal_adc.c ****   */
1904:Drivers/STM32F4xx_HAL_Driver/Src/stm32f4xx_hal_adc.c **** static void ADC_Init(ADC_HandleTypeDef* hadc)
1905:Drivers/STM32F4xx_HAL_Driver/Src/stm32f4xx_hal_adc.c **** {
  29              		.loc 1 1905 1 view -0
  30              		.cfi_startproc
  31              		@ args = 0, pretend = 0, frame = 0
  32              		@ frame_needed = 0, uses_anonymous_args = 0
  33              		@ link register save eliminated.
1906:Drivers/STM32F4xx_HAL_Driver/Src/stm32f4xx_hal_adc.c ****   ADC_Common_TypeDef *tmpADC_Common;
ARM GAS  /tmp/ccFxaBUH.s 			page 35


  34              		.loc 1 1906 3 view .LVU1
1907:Drivers/STM32F4xx_HAL_Driver/Src/stm32f4xx_hal_adc.c ****   
1908:Drivers/STM32F4xx_HAL_Driver/Src/stm32f4xx_hal_adc.c ****   /* Set ADC parameters */
1909:Drivers/STM32F4xx_HAL_Driver/Src/stm32f4xx_hal_adc.c ****   /* Pointer to the common control register to which is belonging hadc    */
1910:Drivers/STM32F4xx_HAL_Driver/Src/stm32f4xx_hal_adc.c ****   /* (Depending on STM32F4 product, there may be up to 3 ADCs and 1 common */
1911:Drivers/STM32F4xx_HAL_Driver/Src/stm32f4xx_hal_adc.c ****   /* control register)                                                    */
1912:Drivers/STM32F4xx_HAL_Driver/Src/stm32f4xx_hal_adc.c ****   tmpADC_Common = ADC_COMMON_REGISTER(hadc);
  35              		.loc 1 1912 3 view .LVU2
1913:Drivers/STM32F4xx_HAL_Driver/Src/stm32f4xx_hal_adc.c ****   
1914:Drivers/STM32F4xx_HAL_Driver/Src/stm32f4xx_hal_adc.c ****   /* Set the ADC clock prescaler */
1915:Drivers/STM32F4xx_HAL_Driver/Src/stm32f4xx_hal_adc.c ****   tmpADC_Common->CCR &= ~(ADC_CCR_ADCPRE);
  36              		.loc 1 1915 3 view .LVU3
  37              		.loc 1 1915 16 is_stmt 0 view .LVU4
  38 0000 4A4B     		ldr	r3, .L6
  39 0002 5A68     		ldr	r2, [r3, #4]
  40              		.loc 1 1915 22 view .LVU5
  41 0004 22F44032 		bic	r2, r2, #196608
  42 0008 5A60     		str	r2, [r3, #4]
1916:Drivers/STM32F4xx_HAL_Driver/Src/stm32f4xx_hal_adc.c ****   tmpADC_Common->CCR |=  hadc->Init.ClockPrescaler;
  43              		.loc 1 1916 3 is_stmt 1 view .LVU6
  44              		.loc 1 1916 16 is_stmt 0 view .LVU7
  45 000a 5A68     		ldr	r2, [r3, #4]
  46              		.loc 1 1916 36 view .LVU8
  47 000c 4168     		ldr	r1, [r0, #4]
  48              		.loc 1 1916 22 view .LVU9
  49 000e 0A43     		orrs	r2, r2, r1
  50 0010 5A60     		str	r2, [r3, #4]
1917:Drivers/STM32F4xx_HAL_Driver/Src/stm32f4xx_hal_adc.c ****   
1918:Drivers/STM32F4xx_HAL_Driver/Src/stm32f4xx_hal_adc.c ****   /* Set ADC scan mode */
1919:Drivers/STM32F4xx_HAL_Driver/Src/stm32f4xx_hal_adc.c ****   hadc->Instance->CR1 &= ~(ADC_CR1_SCAN);
  51              		.loc 1 1919 3 is_stmt 1 view .LVU10
  52              		.loc 1 1919 7 is_stmt 0 view .LVU11
  53 0012 0268     		ldr	r2, [r0]
  54              		.loc 1 1919 17 view .LVU12
  55 0014 5368     		ldr	r3, [r2, #4]
  56              		.loc 1 1919 23 view .LVU13
  57 0016 23F48073 		bic	r3, r3, #256
  58 001a 5360     		str	r3, [r2, #4]
1920:Drivers/STM32F4xx_HAL_Driver/Src/stm32f4xx_hal_adc.c ****   hadc->Instance->CR1 |=  ADC_CR1_SCANCONV(hadc->Init.ScanConvMode);
  59              		.loc 1 1920 3 is_stmt 1 view .LVU14
  60              		.loc 1 1920 7 is_stmt 0 view .LVU15
  61 001c 0268     		ldr	r2, [r0]
  62              		.loc 1 1920 17 view .LVU16
  63 001e 5368     		ldr	r3, [r2, #4]
  64              		.loc 1 1920 27 view .LVU17
  65 0020 0169     		ldr	r1, [r0, #16]
  66              		.loc 1 1920 23 view .LVU18
  67 0022 43EA0123 		orr	r3, r3, r1, lsl #8
  68 0026 5360     		str	r3, [r2, #4]
1921:Drivers/STM32F4xx_HAL_Driver/Src/stm32f4xx_hal_adc.c ****   
1922:Drivers/STM32F4xx_HAL_Driver/Src/stm32f4xx_hal_adc.c ****   /* Set ADC resolution */
1923:Drivers/STM32F4xx_HAL_Driver/Src/stm32f4xx_hal_adc.c ****   hadc->Instance->CR1 &= ~(ADC_CR1_RES);
  69              		.loc 1 1923 3 is_stmt 1 view .LVU19
  70              		.loc 1 1923 7 is_stmt 0 view .LVU20
  71 0028 0268     		ldr	r2, [r0]
  72              		.loc 1 1923 17 view .LVU21
  73 002a 5368     		ldr	r3, [r2, #4]
ARM GAS  /tmp/ccFxaBUH.s 			page 36


  74              		.loc 1 1923 23 view .LVU22
  75 002c 23F04073 		bic	r3, r3, #50331648
  76 0030 5360     		str	r3, [r2, #4]
1924:Drivers/STM32F4xx_HAL_Driver/Src/stm32f4xx_hal_adc.c ****   hadc->Instance->CR1 |=  hadc->Init.Resolution;
  77              		.loc 1 1924 3 is_stmt 1 view .LVU23
  78              		.loc 1 1924 7 is_stmt 0 view .LVU24
  79 0032 0268     		ldr	r2, [r0]
  80              		.loc 1 1924 17 view .LVU25
  81 0034 5368     		ldr	r3, [r2, #4]
  82              		.loc 1 1924 37 view .LVU26
  83 0036 8168     		ldr	r1, [r0, #8]
  84              		.loc 1 1924 23 view .LVU27
  85 0038 0B43     		orrs	r3, r3, r1
  86 003a 5360     		str	r3, [r2, #4]
1925:Drivers/STM32F4xx_HAL_Driver/Src/stm32f4xx_hal_adc.c ****   
1926:Drivers/STM32F4xx_HAL_Driver/Src/stm32f4xx_hal_adc.c ****   /* Set ADC data alignment */
1927:Drivers/STM32F4xx_HAL_Driver/Src/stm32f4xx_hal_adc.c ****   hadc->Instance->CR2 &= ~(ADC_CR2_ALIGN);
  87              		.loc 1 1927 3 is_stmt 1 view .LVU28
  88              		.loc 1 1927 7 is_stmt 0 view .LVU29
  89 003c 0268     		ldr	r2, [r0]
  90              		.loc 1 1927 17 view .LVU30
  91 003e 9368     		ldr	r3, [r2, #8]
  92              		.loc 1 1927 23 view .LVU31
  93 0040 23F40063 		bic	r3, r3, #2048
  94 0044 9360     		str	r3, [r2, #8]
1928:Drivers/STM32F4xx_HAL_Driver/Src/stm32f4xx_hal_adc.c ****   hadc->Instance->CR2 |= hadc->Init.DataAlign;
  95              		.loc 1 1928 3 is_stmt 1 view .LVU32
  96              		.loc 1 1928 7 is_stmt 0 view .LVU33
  97 0046 0268     		ldr	r2, [r0]
  98              		.loc 1 1928 17 view .LVU34
  99 0048 9368     		ldr	r3, [r2, #8]
 100              		.loc 1 1928 36 view .LVU35
 101 004a C168     		ldr	r1, [r0, #12]
 102              		.loc 1 1928 23 view .LVU36
 103 004c 0B43     		orrs	r3, r3, r1
 104 004e 9360     		str	r3, [r2, #8]
1929:Drivers/STM32F4xx_HAL_Driver/Src/stm32f4xx_hal_adc.c ****   
1930:Drivers/STM32F4xx_HAL_Driver/Src/stm32f4xx_hal_adc.c ****   /* Enable external trigger if trigger selection is different of software  */
1931:Drivers/STM32F4xx_HAL_Driver/Src/stm32f4xx_hal_adc.c ****   /* start.                                                                 */
1932:Drivers/STM32F4xx_HAL_Driver/Src/stm32f4xx_hal_adc.c ****   /* Note: This configuration keeps the hardware feature of parameter       */
1933:Drivers/STM32F4xx_HAL_Driver/Src/stm32f4xx_hal_adc.c ****   /*       ExternalTrigConvEdge "trigger edge none" equivalent to           */
1934:Drivers/STM32F4xx_HAL_Driver/Src/stm32f4xx_hal_adc.c ****   /*       software start.                                                  */
1935:Drivers/STM32F4xx_HAL_Driver/Src/stm32f4xx_hal_adc.c ****   if(hadc->Init.ExternalTrigConv != ADC_SOFTWARE_START)
 105              		.loc 1 1935 3 is_stmt 1 view .LVU37
 106              		.loc 1 1935 16 is_stmt 0 view .LVU38
 107 0050 826A     		ldr	r2, [r0, #40]
 108              		.loc 1 1935 5 view .LVU39
 109 0052 374B     		ldr	r3, .L6+4
 110 0054 9A42     		cmp	r2, r3
 111 0056 57D0     		beq	.L2
1936:Drivers/STM32F4xx_HAL_Driver/Src/stm32f4xx_hal_adc.c ****   {
1937:Drivers/STM32F4xx_HAL_Driver/Src/stm32f4xx_hal_adc.c ****     /* Select external trigger to start conversion */
1938:Drivers/STM32F4xx_HAL_Driver/Src/stm32f4xx_hal_adc.c ****     hadc->Instance->CR2 &= ~(ADC_CR2_EXTSEL);
 112              		.loc 1 1938 5 is_stmt 1 view .LVU40
 113              		.loc 1 1938 9 is_stmt 0 view .LVU41
 114 0058 0268     		ldr	r2, [r0]
 115              		.loc 1 1938 19 view .LVU42
ARM GAS  /tmp/ccFxaBUH.s 			page 37


 116 005a 9368     		ldr	r3, [r2, #8]
 117              		.loc 1 1938 25 view .LVU43
 118 005c 23F07063 		bic	r3, r3, #251658240
 119 0060 9360     		str	r3, [r2, #8]
1939:Drivers/STM32F4xx_HAL_Driver/Src/stm32f4xx_hal_adc.c ****     hadc->Instance->CR2 |= hadc->Init.ExternalTrigConv;
 120              		.loc 1 1939 5 is_stmt 1 view .LVU44
 121              		.loc 1 1939 9 is_stmt 0 view .LVU45
 122 0062 0268     		ldr	r2, [r0]
 123              		.loc 1 1939 19 view .LVU46
 124 0064 9368     		ldr	r3, [r2, #8]
 125              		.loc 1 1939 38 view .LVU47
 126 0066 816A     		ldr	r1, [r0, #40]
 127              		.loc 1 1939 25 view .LVU48
 128 0068 0B43     		orrs	r3, r3, r1
 129 006a 9360     		str	r3, [r2, #8]
1940:Drivers/STM32F4xx_HAL_Driver/Src/stm32f4xx_hal_adc.c ****     
1941:Drivers/STM32F4xx_HAL_Driver/Src/stm32f4xx_hal_adc.c ****     /* Select external trigger polarity */
1942:Drivers/STM32F4xx_HAL_Driver/Src/stm32f4xx_hal_adc.c ****     hadc->Instance->CR2 &= ~(ADC_CR2_EXTEN);
 130              		.loc 1 1942 5 is_stmt 1 view .LVU49
 131              		.loc 1 1942 9 is_stmt 0 view .LVU50
 132 006c 0268     		ldr	r2, [r0]
 133              		.loc 1 1942 19 view .LVU51
 134 006e 9368     		ldr	r3, [r2, #8]
 135              		.loc 1 1942 25 view .LVU52
 136 0070 23F04053 		bic	r3, r3, #805306368
 137 0074 9360     		str	r3, [r2, #8]
1943:Drivers/STM32F4xx_HAL_Driver/Src/stm32f4xx_hal_adc.c ****     hadc->Instance->CR2 |= hadc->Init.ExternalTrigConvEdge;
 138              		.loc 1 1943 5 is_stmt 1 view .LVU53
 139              		.loc 1 1943 9 is_stmt 0 view .LVU54
 140 0076 0268     		ldr	r2, [r0]
 141              		.loc 1 1943 19 view .LVU55
 142 0078 9368     		ldr	r3, [r2, #8]
 143              		.loc 1 1943 38 view .LVU56
 144 007a C16A     		ldr	r1, [r0, #44]
 145              		.loc 1 1943 25 view .LVU57
 146 007c 0B43     		orrs	r3, r3, r1
 147 007e 9360     		str	r3, [r2, #8]
 148              	.L3:
1944:Drivers/STM32F4xx_HAL_Driver/Src/stm32f4xx_hal_adc.c ****   }
1945:Drivers/STM32F4xx_HAL_Driver/Src/stm32f4xx_hal_adc.c ****   else
1946:Drivers/STM32F4xx_HAL_Driver/Src/stm32f4xx_hal_adc.c ****   {
1947:Drivers/STM32F4xx_HAL_Driver/Src/stm32f4xx_hal_adc.c ****     /* Reset the external trigger */
1948:Drivers/STM32F4xx_HAL_Driver/Src/stm32f4xx_hal_adc.c ****     hadc->Instance->CR2 &= ~(ADC_CR2_EXTSEL);
1949:Drivers/STM32F4xx_HAL_Driver/Src/stm32f4xx_hal_adc.c ****     hadc->Instance->CR2 &= ~(ADC_CR2_EXTEN);
1950:Drivers/STM32F4xx_HAL_Driver/Src/stm32f4xx_hal_adc.c ****   }
1951:Drivers/STM32F4xx_HAL_Driver/Src/stm32f4xx_hal_adc.c ****   
1952:Drivers/STM32F4xx_HAL_Driver/Src/stm32f4xx_hal_adc.c ****   /* Enable or disable ADC continuous conversion mode */
1953:Drivers/STM32F4xx_HAL_Driver/Src/stm32f4xx_hal_adc.c ****   hadc->Instance->CR2 &= ~(ADC_CR2_CONT);
 149              		.loc 1 1953 3 is_stmt 1 view .LVU58
 150              		.loc 1 1953 7 is_stmt 0 view .LVU59
 151 0080 0268     		ldr	r2, [r0]
 152              		.loc 1 1953 17 view .LVU60
 153 0082 9368     		ldr	r3, [r2, #8]
 154              		.loc 1 1953 23 view .LVU61
 155 0084 23F00203 		bic	r3, r3, #2
 156 0088 9360     		str	r3, [r2, #8]
1954:Drivers/STM32F4xx_HAL_Driver/Src/stm32f4xx_hal_adc.c ****   hadc->Instance->CR2 |= ADC_CR2_CONTINUOUS((uint32_t)hadc->Init.ContinuousConvMode);
ARM GAS  /tmp/ccFxaBUH.s 			page 38


 157              		.loc 1 1954 3 is_stmt 1 view .LVU62
 158              		.loc 1 1954 7 is_stmt 0 view .LVU63
 159 008a 0268     		ldr	r2, [r0]
 160              		.loc 1 1954 17 view .LVU64
 161 008c 9368     		ldr	r3, [r2, #8]
 162              		.loc 1 1954 26 view .LVU65
 163 008e 017E     		ldrb	r1, [r0, #24]	@ zero_extendqisi2
 164              		.loc 1 1954 23 view .LVU66
 165 0090 43EA4103 		orr	r3, r3, r1, lsl #1
 166 0094 9360     		str	r3, [r2, #8]
1955:Drivers/STM32F4xx_HAL_Driver/Src/stm32f4xx_hal_adc.c ****   
1956:Drivers/STM32F4xx_HAL_Driver/Src/stm32f4xx_hal_adc.c ****   if(hadc->Init.DiscontinuousConvMode != DISABLE)
 167              		.loc 1 1956 3 is_stmt 1 view .LVU67
 168              		.loc 1 1956 16 is_stmt 0 view .LVU68
 169 0096 90F82030 		ldrb	r3, [r0, #32]	@ zero_extendqisi2
 170              		.loc 1 1956 5 view .LVU69
 171 009a 002B     		cmp	r3, #0
 172 009c 3FD0     		beq	.L4
1957:Drivers/STM32F4xx_HAL_Driver/Src/stm32f4xx_hal_adc.c ****   {
1958:Drivers/STM32F4xx_HAL_Driver/Src/stm32f4xx_hal_adc.c ****     assert_param(IS_ADC_REGULAR_DISC_NUMBER(hadc->Init.NbrOfDiscConversion));
 173              		.loc 1 1958 5 is_stmt 1 view .LVU70
1959:Drivers/STM32F4xx_HAL_Driver/Src/stm32f4xx_hal_adc.c ****   
1960:Drivers/STM32F4xx_HAL_Driver/Src/stm32f4xx_hal_adc.c ****     /* Enable the selected ADC regular discontinuous mode */
1961:Drivers/STM32F4xx_HAL_Driver/Src/stm32f4xx_hal_adc.c ****     hadc->Instance->CR1 |= (uint32_t)ADC_CR1_DISCEN;
 174              		.loc 1 1961 5 view .LVU71
 175              		.loc 1 1961 9 is_stmt 0 view .LVU72
 176 009e 0268     		ldr	r2, [r0]
 177              		.loc 1 1961 19 view .LVU73
 178 00a0 5368     		ldr	r3, [r2, #4]
 179              		.loc 1 1961 25 view .LVU74
 180 00a2 43F40063 		orr	r3, r3, #2048
 181 00a6 5360     		str	r3, [r2, #4]
1962:Drivers/STM32F4xx_HAL_Driver/Src/stm32f4xx_hal_adc.c ****     
1963:Drivers/STM32F4xx_HAL_Driver/Src/stm32f4xx_hal_adc.c ****     /* Set the number of channels to be converted in discontinuous mode */
1964:Drivers/STM32F4xx_HAL_Driver/Src/stm32f4xx_hal_adc.c ****     hadc->Instance->CR1 &= ~(ADC_CR1_DISCNUM);
 182              		.loc 1 1964 5 is_stmt 1 view .LVU75
 183              		.loc 1 1964 9 is_stmt 0 view .LVU76
 184 00a8 0268     		ldr	r2, [r0]
 185              		.loc 1 1964 19 view .LVU77
 186 00aa 5368     		ldr	r3, [r2, #4]
 187              		.loc 1 1964 25 view .LVU78
 188 00ac 23F46043 		bic	r3, r3, #57344
 189 00b0 5360     		str	r3, [r2, #4]
1965:Drivers/STM32F4xx_HAL_Driver/Src/stm32f4xx_hal_adc.c ****     hadc->Instance->CR1 |=  ADC_CR1_DISCONTINUOUS(hadc->Init.NbrOfDiscConversion);
 190              		.loc 1 1965 5 is_stmt 1 view .LVU79
 191              		.loc 1 1965 9 is_stmt 0 view .LVU80
 192 00b2 0168     		ldr	r1, [r0]
 193              		.loc 1 1965 19 view .LVU81
 194 00b4 4B68     		ldr	r3, [r1, #4]
 195              		.loc 1 1965 29 view .LVU82
 196 00b6 426A     		ldr	r2, [r0, #36]
 197 00b8 013A     		subs	r2, r2, #1
 198              		.loc 1 1965 25 view .LVU83
 199 00ba 43EA4233 		orr	r3, r3, r2, lsl #13
 200 00be 4B60     		str	r3, [r1, #4]
 201              	.L5:
1966:Drivers/STM32F4xx_HAL_Driver/Src/stm32f4xx_hal_adc.c ****   }
ARM GAS  /tmp/ccFxaBUH.s 			page 39


1967:Drivers/STM32F4xx_HAL_Driver/Src/stm32f4xx_hal_adc.c ****   else
1968:Drivers/STM32F4xx_HAL_Driver/Src/stm32f4xx_hal_adc.c ****   {
1969:Drivers/STM32F4xx_HAL_Driver/Src/stm32f4xx_hal_adc.c ****     /* Disable the selected ADC regular discontinuous mode */
1970:Drivers/STM32F4xx_HAL_Driver/Src/stm32f4xx_hal_adc.c ****     hadc->Instance->CR1 &= ~(ADC_CR1_DISCEN);
1971:Drivers/STM32F4xx_HAL_Driver/Src/stm32f4xx_hal_adc.c ****   }
1972:Drivers/STM32F4xx_HAL_Driver/Src/stm32f4xx_hal_adc.c ****   
1973:Drivers/STM32F4xx_HAL_Driver/Src/stm32f4xx_hal_adc.c ****   /* Set ADC number of conversion */
1974:Drivers/STM32F4xx_HAL_Driver/Src/stm32f4xx_hal_adc.c ****   hadc->Instance->SQR1 &= ~(ADC_SQR1_L);
 202              		.loc 1 1974 3 is_stmt 1 view .LVU84
 203              		.loc 1 1974 7 is_stmt 0 view .LVU85
 204 00c0 0268     		ldr	r2, [r0]
 205              		.loc 1 1974 17 view .LVU86
 206 00c2 D36A     		ldr	r3, [r2, #44]
 207              		.loc 1 1974 24 view .LVU87
 208 00c4 23F47003 		bic	r3, r3, #15728640
 209 00c8 D362     		str	r3, [r2, #44]
1975:Drivers/STM32F4xx_HAL_Driver/Src/stm32f4xx_hal_adc.c ****   hadc->Instance->SQR1 |=  ADC_SQR1(hadc->Init.NbrOfConversion);
 210              		.loc 1 1975 3 is_stmt 1 view .LVU88
 211              		.loc 1 1975 7 is_stmt 0 view .LVU89
 212 00ca 0168     		ldr	r1, [r0]
 213              		.loc 1 1975 17 view .LVU90
 214 00cc CB6A     		ldr	r3, [r1, #44]
 215              		.loc 1 1975 28 view .LVU91
 216 00ce C269     		ldr	r2, [r0, #28]
 217 00d0 013A     		subs	r2, r2, #1
 218              		.loc 1 1975 24 view .LVU92
 219 00d2 43EA0253 		orr	r3, r3, r2, lsl #20
 220 00d6 CB62     		str	r3, [r1, #44]
1976:Drivers/STM32F4xx_HAL_Driver/Src/stm32f4xx_hal_adc.c ****   
1977:Drivers/STM32F4xx_HAL_Driver/Src/stm32f4xx_hal_adc.c ****   /* Enable or disable ADC DMA continuous request */
1978:Drivers/STM32F4xx_HAL_Driver/Src/stm32f4xx_hal_adc.c ****   hadc->Instance->CR2 &= ~(ADC_CR2_DDS);
 221              		.loc 1 1978 3 is_stmt 1 view .LVU93
 222              		.loc 1 1978 7 is_stmt 0 view .LVU94
 223 00d8 0268     		ldr	r2, [r0]
 224              		.loc 1 1978 17 view .LVU95
 225 00da 9368     		ldr	r3, [r2, #8]
 226              		.loc 1 1978 23 view .LVU96
 227 00dc 23F40073 		bic	r3, r3, #512
 228 00e0 9360     		str	r3, [r2, #8]
1979:Drivers/STM32F4xx_HAL_Driver/Src/stm32f4xx_hal_adc.c ****   hadc->Instance->CR2 |= ADC_CR2_DMAContReq((uint32_t)hadc->Init.DMAContinuousRequests);
 229              		.loc 1 1979 3 is_stmt 1 view .LVU97
 230              		.loc 1 1979 7 is_stmt 0 view .LVU98
 231 00e2 0268     		ldr	r2, [r0]
 232              		.loc 1 1979 17 view .LVU99
 233 00e4 9368     		ldr	r3, [r2, #8]
 234              		.loc 1 1979 26 view .LVU100
 235 00e6 90F83010 		ldrb	r1, [r0, #48]	@ zero_extendqisi2
 236              		.loc 1 1979 23 view .LVU101
 237 00ea 43EA4123 		orr	r3, r3, r1, lsl #9
 238 00ee 9360     		str	r3, [r2, #8]
1980:Drivers/STM32F4xx_HAL_Driver/Src/stm32f4xx_hal_adc.c ****   
1981:Drivers/STM32F4xx_HAL_Driver/Src/stm32f4xx_hal_adc.c ****   /* Enable or disable ADC end of conversion selection */
1982:Drivers/STM32F4xx_HAL_Driver/Src/stm32f4xx_hal_adc.c ****   hadc->Instance->CR2 &= ~(ADC_CR2_EOCS);
 239              		.loc 1 1982 3 is_stmt 1 view .LVU102
 240              		.loc 1 1982 7 is_stmt 0 view .LVU103
 241 00f0 0268     		ldr	r2, [r0]
 242              		.loc 1 1982 17 view .LVU104
ARM GAS  /tmp/ccFxaBUH.s 			page 40


 243 00f2 9368     		ldr	r3, [r2, #8]
 244              		.loc 1 1982 23 view .LVU105
 245 00f4 23F48063 		bic	r3, r3, #1024
 246 00f8 9360     		str	r3, [r2, #8]
1983:Drivers/STM32F4xx_HAL_Driver/Src/stm32f4xx_hal_adc.c ****   hadc->Instance->CR2 |= ADC_CR2_EOCSelection(hadc->Init.EOCSelection);
 247              		.loc 1 1983 3 is_stmt 1 view .LVU106
 248              		.loc 1 1983 7 is_stmt 0 view .LVU107
 249 00fa 0268     		ldr	r2, [r0]
 250              		.loc 1 1983 17 view .LVU108
 251 00fc 9368     		ldr	r3, [r2, #8]
 252              		.loc 1 1983 26 view .LVU109
 253 00fe 4169     		ldr	r1, [r0, #20]
 254              		.loc 1 1983 23 view .LVU110
 255 0100 43EA8123 		orr	r3, r3, r1, lsl #10
 256 0104 9360     		str	r3, [r2, #8]
1984:Drivers/STM32F4xx_HAL_Driver/Src/stm32f4xx_hal_adc.c **** }
 257              		.loc 1 1984 1 view .LVU111
 258 0106 7047     		bx	lr
 259              	.L2:
1948:Drivers/STM32F4xx_HAL_Driver/Src/stm32f4xx_hal_adc.c ****     hadc->Instance->CR2 &= ~(ADC_CR2_EXTEN);
 260              		.loc 1 1948 5 is_stmt 1 view .LVU112
1948:Drivers/STM32F4xx_HAL_Driver/Src/stm32f4xx_hal_adc.c ****     hadc->Instance->CR2 &= ~(ADC_CR2_EXTEN);
 261              		.loc 1 1948 9 is_stmt 0 view .LVU113
 262 0108 0268     		ldr	r2, [r0]
1948:Drivers/STM32F4xx_HAL_Driver/Src/stm32f4xx_hal_adc.c ****     hadc->Instance->CR2 &= ~(ADC_CR2_EXTEN);
 263              		.loc 1 1948 19 view .LVU114
 264 010a 9368     		ldr	r3, [r2, #8]
1948:Drivers/STM32F4xx_HAL_Driver/Src/stm32f4xx_hal_adc.c ****     hadc->Instance->CR2 &= ~(ADC_CR2_EXTEN);
 265              		.loc 1 1948 25 view .LVU115
 266 010c 23F07063 		bic	r3, r3, #251658240
 267 0110 9360     		str	r3, [r2, #8]
1949:Drivers/STM32F4xx_HAL_Driver/Src/stm32f4xx_hal_adc.c ****   }
 268              		.loc 1 1949 5 is_stmt 1 view .LVU116
1949:Drivers/STM32F4xx_HAL_Driver/Src/stm32f4xx_hal_adc.c ****   }
 269              		.loc 1 1949 9 is_stmt 0 view .LVU117
 270 0112 0268     		ldr	r2, [r0]
1949:Drivers/STM32F4xx_HAL_Driver/Src/stm32f4xx_hal_adc.c ****   }
 271              		.loc 1 1949 19 view .LVU118
 272 0114 9368     		ldr	r3, [r2, #8]
1949:Drivers/STM32F4xx_HAL_Driver/Src/stm32f4xx_hal_adc.c ****   }
 273              		.loc 1 1949 25 view .LVU119
 274 0116 23F04053 		bic	r3, r3, #805306368
 275 011a 9360     		str	r3, [r2, #8]
 276 011c B0E7     		b	.L3
 277              	.L4:
1970:Drivers/STM32F4xx_HAL_Driver/Src/stm32f4xx_hal_adc.c ****   }
 278              		.loc 1 1970 5 is_stmt 1 view .LVU120
1970:Drivers/STM32F4xx_HAL_Driver/Src/stm32f4xx_hal_adc.c ****   }
 279              		.loc 1 1970 9 is_stmt 0 view .LVU121
 280 011e 0268     		ldr	r2, [r0]
1970:Drivers/STM32F4xx_HAL_Driver/Src/stm32f4xx_hal_adc.c ****   }
 281              		.loc 1 1970 19 view .LVU122
 282 0120 5368     		ldr	r3, [r2, #4]
1970:Drivers/STM32F4xx_HAL_Driver/Src/stm32f4xx_hal_adc.c ****   }
 283              		.loc 1 1970 25 view .LVU123
 284 0122 23F40063 		bic	r3, r3, #2048
 285 0126 5360     		str	r3, [r2, #4]
ARM GAS  /tmp/ccFxaBUH.s 			page 41


 286 0128 CAE7     		b	.L5
 287              	.L7:
 288 012a 00BF     		.align	2
 289              	.L6:
 290 012c 00230140 		.word	1073816320
 291 0130 0100000F 		.word	251658241
 292              		.cfi_endproc
 293              	.LFE238:
 295              		.section	.text.HAL_ADC_MspInit,"ax",%progbits
 296              		.align	1
 297              		.weak	HAL_ADC_MspInit
 298              		.syntax unified
 299              		.thumb
 300              		.thumb_func
 302              	HAL_ADC_MspInit:
 303              	.LVL1:
 304              	.LFB218:
 664:Drivers/STM32F4xx_HAL_Driver/Src/stm32f4xx_hal_adc.c ****   /* Prevent unused argument(s) compilation warning */
 305              		.loc 1 664 1 is_stmt 1 view -0
 306              		.cfi_startproc
 307              		@ args = 0, pretend = 0, frame = 0
 308              		@ frame_needed = 0, uses_anonymous_args = 0
 309              		@ link register save eliminated.
 666:Drivers/STM32F4xx_HAL_Driver/Src/stm32f4xx_hal_adc.c ****   /* NOTE : This function Should not be modified, when the callback is needed,
 310              		.loc 1 666 3 view .LVU125
 670:Drivers/STM32F4xx_HAL_Driver/Src/stm32f4xx_hal_adc.c **** 
 311              		.loc 1 670 1 is_stmt 0 view .LVU126
 312 0000 7047     		bx	lr
 313              		.cfi_endproc
 314              	.LFE218:
 316              		.section	.text.HAL_ADC_Init,"ax",%progbits
 317              		.align	1
 318              		.global	HAL_ADC_Init
 319              		.syntax unified
 320              		.thumb
 321              		.thumb_func
 323              	HAL_ADC_Init:
 324              	.LVL2:
 325              	.LFB216:
 313:Drivers/STM32F4xx_HAL_Driver/Src/stm32f4xx_hal_adc.c ****   HAL_StatusTypeDef tmp_hal_status = HAL_OK;
 326              		.loc 1 313 1 is_stmt 1 view -0
 327              		.cfi_startproc
 328              		@ args = 0, pretend = 0, frame = 0
 329              		@ frame_needed = 0, uses_anonymous_args = 0
 314:Drivers/STM32F4xx_HAL_Driver/Src/stm32f4xx_hal_adc.c ****   
 330              		.loc 1 314 3 view .LVU128
 317:Drivers/STM32F4xx_HAL_Driver/Src/stm32f4xx_hal_adc.c ****   {
 331              		.loc 1 317 3 view .LVU129
 317:Drivers/STM32F4xx_HAL_Driver/Src/stm32f4xx_hal_adc.c ****   {
 332              		.loc 1 317 5 is_stmt 0 view .LVU130
 333 0000 38B3     		cbz	r0, .L13
 313:Drivers/STM32F4xx_HAL_Driver/Src/stm32f4xx_hal_adc.c ****   HAL_StatusTypeDef tmp_hal_status = HAL_OK;
 334              		.loc 1 313 1 view .LVU131
 335 0002 10B5     		push	{r4, lr}
 336              		.cfi_def_cfa_offset 8
 337              		.cfi_offset 4, -8
 338              		.cfi_offset 14, -4
ARM GAS  /tmp/ccFxaBUH.s 			page 42


 339 0004 0446     		mov	r4, r0
 323:Drivers/STM32F4xx_HAL_Driver/Src/stm32f4xx_hal_adc.c ****   assert_param(IS_ADC_CLOCKPRESCALER(hadc->Init.ClockPrescaler));
 340              		.loc 1 323 3 is_stmt 1 view .LVU132
 324:Drivers/STM32F4xx_HAL_Driver/Src/stm32f4xx_hal_adc.c ****   assert_param(IS_ADC_RESOLUTION(hadc->Init.Resolution));
 341              		.loc 1 324 3 view .LVU133
 325:Drivers/STM32F4xx_HAL_Driver/Src/stm32f4xx_hal_adc.c ****   assert_param(IS_FUNCTIONAL_STATE(hadc->Init.ScanConvMode));
 342              		.loc 1 325 3 view .LVU134
 326:Drivers/STM32F4xx_HAL_Driver/Src/stm32f4xx_hal_adc.c ****   assert_param(IS_FUNCTIONAL_STATE(hadc->Init.ContinuousConvMode));
 343              		.loc 1 326 3 view .LVU135
 327:Drivers/STM32F4xx_HAL_Driver/Src/stm32f4xx_hal_adc.c ****   assert_param(IS_ADC_EXT_TRIG(hadc->Init.ExternalTrigConv));
 344              		.loc 1 327 3 view .LVU136
 328:Drivers/STM32F4xx_HAL_Driver/Src/stm32f4xx_hal_adc.c ****   assert_param(IS_ADC_DATA_ALIGN(hadc->Init.DataAlign));
 345              		.loc 1 328 3 view .LVU137
 329:Drivers/STM32F4xx_HAL_Driver/Src/stm32f4xx_hal_adc.c ****   assert_param(IS_ADC_REGULAR_LENGTH(hadc->Init.NbrOfConversion));
 346              		.loc 1 329 3 view .LVU138
 330:Drivers/STM32F4xx_HAL_Driver/Src/stm32f4xx_hal_adc.c ****   assert_param(IS_FUNCTIONAL_STATE(hadc->Init.DMAContinuousRequests));
 347              		.loc 1 330 3 view .LVU139
 331:Drivers/STM32F4xx_HAL_Driver/Src/stm32f4xx_hal_adc.c ****   assert_param(IS_ADC_EOCSelection(hadc->Init.EOCSelection));
 348              		.loc 1 331 3 view .LVU140
 332:Drivers/STM32F4xx_HAL_Driver/Src/stm32f4xx_hal_adc.c ****   assert_param(IS_FUNCTIONAL_STATE(hadc->Init.DiscontinuousConvMode));
 349              		.loc 1 332 3 view .LVU141
 333:Drivers/STM32F4xx_HAL_Driver/Src/stm32f4xx_hal_adc.c ****   
 350              		.loc 1 333 3 view .LVU142
 335:Drivers/STM32F4xx_HAL_Driver/Src/stm32f4xx_hal_adc.c ****   {
 351              		.loc 1 335 3 view .LVU143
 337:Drivers/STM32F4xx_HAL_Driver/Src/stm32f4xx_hal_adc.c ****   }
 352              		.loc 1 337 5 view .LVU144
 340:Drivers/STM32F4xx_HAL_Driver/Src/stm32f4xx_hal_adc.c ****   {
 353              		.loc 1 340 3 view .LVU145
 340:Drivers/STM32F4xx_HAL_Driver/Src/stm32f4xx_hal_adc.c ****   {
 354              		.loc 1 340 10 is_stmt 0 view .LVU146
 355 0006 036C     		ldr	r3, [r0, #64]
 340:Drivers/STM32F4xx_HAL_Driver/Src/stm32f4xx_hal_adc.c ****   {
 356              		.loc 1 340 5 view .LVU147
 357 0008 43B1     		cbz	r3, .L19
 358              	.LVL3:
 359              	.L11:
 370:Drivers/STM32F4xx_HAL_Driver/Src/stm32f4xx_hal_adc.c ****   {
 360              		.loc 1 370 3 is_stmt 1 view .LVU148
 370:Drivers/STM32F4xx_HAL_Driver/Src/stm32f4xx_hal_adc.c ****   {
 361              		.loc 1 370 7 is_stmt 0 view .LVU149
 362 000a 236C     		ldr	r3, [r4, #64]
 370:Drivers/STM32F4xx_HAL_Driver/Src/stm32f4xx_hal_adc.c ****   {
 363              		.loc 1 370 6 view .LVU150
 364 000c 13F0100F 		tst	r3, #16
 365 0010 0BD0     		beq	.L20
 390:Drivers/STM32F4xx_HAL_Driver/Src/stm32f4xx_hal_adc.c ****   }
 366              		.loc 1 390 20 view .LVU151
 367 0012 0120     		movs	r0, #1
 368              	.L12:
 369              	.LVL4:
 394:Drivers/STM32F4xx_HAL_Driver/Src/stm32f4xx_hal_adc.c **** 
 370              		.loc 1 394 3 is_stmt 1 view .LVU152
 394:Drivers/STM32F4xx_HAL_Driver/Src/stm32f4xx_hal_adc.c **** 
 371              		.loc 1 394 3 view .LVU153
 372 0014 0023     		movs	r3, #0
 373 0016 84F83C30 		strb	r3, [r4, #60]
ARM GAS  /tmp/ccFxaBUH.s 			page 43


 394:Drivers/STM32F4xx_HAL_Driver/Src/stm32f4xx_hal_adc.c **** 
 374              		.loc 1 394 3 view .LVU154
 397:Drivers/STM32F4xx_HAL_Driver/Src/stm32f4xx_hal_adc.c **** }
 375              		.loc 1 397 3 view .LVU155
 398:Drivers/STM32F4xx_HAL_Driver/Src/stm32f4xx_hal_adc.c **** 
 376              		.loc 1 398 1 is_stmt 0 view .LVU156
 377 001a 10BD     		pop	{r4, pc}
 378              	.LVL5:
 379              	.L19:
 358:Drivers/STM32F4xx_HAL_Driver/Src/stm32f4xx_hal_adc.c **** #endif /* USE_HAL_ADC_REGISTER_CALLBACKS */
 380              		.loc 1 358 5 is_stmt 1 view .LVU157
 381 001c FFF7FEFF 		bl	HAL_ADC_MspInit
 382              	.LVL6:
 362:Drivers/STM32F4xx_HAL_Driver/Src/stm32f4xx_hal_adc.c ****     
 383              		.loc 1 362 5 view .LVU158
 384 0020 0023     		movs	r3, #0
 385 0022 6364     		str	r3, [r4, #68]
 365:Drivers/STM32F4xx_HAL_Driver/Src/stm32f4xx_hal_adc.c ****   }
 386              		.loc 1 365 5 view .LVU159
 365:Drivers/STM32F4xx_HAL_Driver/Src/stm32f4xx_hal_adc.c ****   }
 387              		.loc 1 365 16 is_stmt 0 view .LVU160
 388 0024 84F83C30 		strb	r3, [r4, #60]
 389 0028 EFE7     		b	.L11
 390              	.L20:
 373:Drivers/STM32F4xx_HAL_Driver/Src/stm32f4xx_hal_adc.c ****                       HAL_ADC_STATE_REG_BUSY | HAL_ADC_STATE_INJ_BUSY,
 391              		.loc 1 373 5 is_stmt 1 view .LVU161
 392 002a 236C     		ldr	r3, [r4, #64]
 393 002c 23F48853 		bic	r3, r3, #4352
 394 0030 23F00203 		bic	r3, r3, #2
 395 0034 43F00203 		orr	r3, r3, #2
 396 0038 2364     		str	r3, [r4, #64]
 378:Drivers/STM32F4xx_HAL_Driver/Src/stm32f4xx_hal_adc.c ****     
 397              		.loc 1 378 5 view .LVU162
 398 003a 2046     		mov	r0, r4
 399 003c FFF7FEFF 		bl	ADC_Init
 400              	.LVL7:
 381:Drivers/STM32F4xx_HAL_Driver/Src/stm32f4xx_hal_adc.c ****     
 401              		.loc 1 381 5 view .LVU163
 402 0040 0020     		movs	r0, #0
 403 0042 6064     		str	r0, [r4, #68]
 384:Drivers/STM32F4xx_HAL_Driver/Src/stm32f4xx_hal_adc.c ****                       HAL_ADC_STATE_BUSY_INTERNAL,
 404              		.loc 1 384 5 view .LVU164
 405 0044 236C     		ldr	r3, [r4, #64]
 406 0046 23F00303 		bic	r3, r3, #3
 407 004a 43F00103 		orr	r3, r3, #1
 408 004e 2364     		str	r3, [r4, #64]
 409 0050 E0E7     		b	.L12
 410              	.LVL8:
 411              	.L13:
 412              		.cfi_def_cfa_offset 0
 413              		.cfi_restore 4
 414              		.cfi_restore 14
 319:Drivers/STM32F4xx_HAL_Driver/Src/stm32f4xx_hal_adc.c ****   }
 415              		.loc 1 319 12 is_stmt 0 view .LVU165
 416 0052 0120     		movs	r0, #1
 417              	.LVL9:
 398:Drivers/STM32F4xx_HAL_Driver/Src/stm32f4xx_hal_adc.c **** 
ARM GAS  /tmp/ccFxaBUH.s 			page 44


 418              		.loc 1 398 1 view .LVU166
 419 0054 7047     		bx	lr
 420              		.cfi_endproc
 421              	.LFE216:
 423              		.section	.text.HAL_ADC_MspDeInit,"ax",%progbits
 424              		.align	1
 425              		.weak	HAL_ADC_MspDeInit
 426              		.syntax unified
 427              		.thumb
 428              		.thumb_func
 430              	HAL_ADC_MspDeInit:
 431              	.LVL10:
 432              	.LFB219:
 679:Drivers/STM32F4xx_HAL_Driver/Src/stm32f4xx_hal_adc.c ****   /* Prevent unused argument(s) compilation warning */
 433              		.loc 1 679 1 is_stmt 1 view -0
 434              		.cfi_startproc
 435              		@ args = 0, pretend = 0, frame = 0
 436              		@ frame_needed = 0, uses_anonymous_args = 0
 437              		@ link register save eliminated.
 681:Drivers/STM32F4xx_HAL_Driver/Src/stm32f4xx_hal_adc.c ****   /* NOTE : This function Should not be modified, when the callback is needed,
 438              		.loc 1 681 3 view .LVU168
 685:Drivers/STM32F4xx_HAL_Driver/Src/stm32f4xx_hal_adc.c **** 
 439              		.loc 1 685 1 is_stmt 0 view .LVU169
 440 0000 7047     		bx	lr
 441              		.cfi_endproc
 442              	.LFE219:
 444              		.section	.text.HAL_ADC_DeInit,"ax",%progbits
 445              		.align	1
 446              		.global	HAL_ADC_DeInit
 447              		.syntax unified
 448              		.thumb
 449              		.thumb_func
 451              	HAL_ADC_DeInit:
 452              	.LVL11:
 453              	.LFB217:
 407:Drivers/STM32F4xx_HAL_Driver/Src/stm32f4xx_hal_adc.c ****   HAL_StatusTypeDef tmp_hal_status = HAL_OK;
 454              		.loc 1 407 1 is_stmt 1 view -0
 455              		.cfi_startproc
 456              		@ args = 0, pretend = 0, frame = 0
 457              		@ frame_needed = 0, uses_anonymous_args = 0
 408:Drivers/STM32F4xx_HAL_Driver/Src/stm32f4xx_hal_adc.c ****   
 458              		.loc 1 408 3 view .LVU171
 411:Drivers/STM32F4xx_HAL_Driver/Src/stm32f4xx_hal_adc.c ****   {
 459              		.loc 1 411 3 view .LVU172
 411:Drivers/STM32F4xx_HAL_Driver/Src/stm32f4xx_hal_adc.c ****   {
 460              		.loc 1 411 5 is_stmt 0 view .LVU173
 461 0000 C8B1     		cbz	r0, .L25
 407:Drivers/STM32F4xx_HAL_Driver/Src/stm32f4xx_hal_adc.c ****   HAL_StatusTypeDef tmp_hal_status = HAL_OK;
 462              		.loc 1 407 1 view .LVU174
 463 0002 10B5     		push	{r4, lr}
 464              		.cfi_def_cfa_offset 8
 465              		.cfi_offset 4, -8
 466              		.cfi_offset 14, -4
 467 0004 0446     		mov	r4, r0
 417:Drivers/STM32F4xx_HAL_Driver/Src/stm32f4xx_hal_adc.c ****   
 468              		.loc 1 417 3 is_stmt 1 view .LVU175
 420:Drivers/STM32F4xx_HAL_Driver/Src/stm32f4xx_hal_adc.c ****   
ARM GAS  /tmp/ccFxaBUH.s 			page 45


 469              		.loc 1 420 3 view .LVU176
 470 0006 036C     		ldr	r3, [r0, #64]
 471 0008 43F00203 		orr	r3, r3, #2
 472 000c 0364     		str	r3, [r0, #64]
 424:Drivers/STM32F4xx_HAL_Driver/Src/stm32f4xx_hal_adc.c ****   
 473              		.loc 1 424 3 view .LVU177
 474 000e 0268     		ldr	r2, [r0]
 475 0010 9368     		ldr	r3, [r2, #8]
 476 0012 23F00103 		bic	r3, r3, #1
 477 0016 9360     		str	r3, [r2, #8]
 428:Drivers/STM32F4xx_HAL_Driver/Src/stm32f4xx_hal_adc.c ****   {
 478              		.loc 1 428 3 view .LVU178
 428:Drivers/STM32F4xx_HAL_Driver/Src/stm32f4xx_hal_adc.c ****   {
 479              		.loc 1 428 6 is_stmt 0 view .LVU179
 480 0018 0368     		ldr	r3, [r0]
 481 001a 9B68     		ldr	r3, [r3, #8]
 428:Drivers/STM32F4xx_HAL_Driver/Src/stm32f4xx_hal_adc.c ****   {
 482              		.loc 1 428 5 view .LVU180
 483 001c 13F0010F 		tst	r3, #1
 484 0020 03D0     		beq	.L30
 485              	.LVL12:
 486              	.L24:
 451:Drivers/STM32F4xx_HAL_Driver/Src/stm32f4xx_hal_adc.c ****   
 487              		.loc 1 451 3 is_stmt 1 view .LVU181
 451:Drivers/STM32F4xx_HAL_Driver/Src/stm32f4xx_hal_adc.c ****   
 488              		.loc 1 451 3 view .LVU182
 489 0022 0020     		movs	r0, #0
 490 0024 84F83C00 		strb	r0, [r4, #60]
 451:Drivers/STM32F4xx_HAL_Driver/Src/stm32f4xx_hal_adc.c ****   
 491              		.loc 1 451 3 view .LVU183
 454:Drivers/STM32F4xx_HAL_Driver/Src/stm32f4xx_hal_adc.c **** }
 492              		.loc 1 454 3 view .LVU184
 455:Drivers/STM32F4xx_HAL_Driver/Src/stm32f4xx_hal_adc.c **** 
 493              		.loc 1 455 1 is_stmt 0 view .LVU185
 494 0028 10BD     		pop	{r4, pc}
 495              	.LVL13:
 496              	.L30:
 440:Drivers/STM32F4xx_HAL_Driver/Src/stm32f4xx_hal_adc.c **** #endif /* USE_HAL_ADC_REGISTER_CALLBACKS */
 497              		.loc 1 440 3 is_stmt 1 view .LVU186
 498 002a FFF7FEFF 		bl	HAL_ADC_MspDeInit
 499              	.LVL14:
 444:Drivers/STM32F4xx_HAL_Driver/Src/stm32f4xx_hal_adc.c ****     
 500              		.loc 1 444 5 view .LVU187
 501 002e 0023     		movs	r3, #0
 502 0030 6364     		str	r3, [r4, #68]
 447:Drivers/STM32F4xx_HAL_Driver/Src/stm32f4xx_hal_adc.c ****   }
 503              		.loc 1 447 5 view .LVU188
 447:Drivers/STM32F4xx_HAL_Driver/Src/stm32f4xx_hal_adc.c ****   }
 504              		.loc 1 447 17 is_stmt 0 view .LVU189
 505 0032 2364     		str	r3, [r4, #64]
 506 0034 F5E7     		b	.L24
 507              	.LVL15:
 508              	.L25:
 509              		.cfi_def_cfa_offset 0
 510              		.cfi_restore 4
 511              		.cfi_restore 14
 413:Drivers/STM32F4xx_HAL_Driver/Src/stm32f4xx_hal_adc.c ****   }
ARM GAS  /tmp/ccFxaBUH.s 			page 46


 512              		.loc 1 413 12 view .LVU190
 513 0036 0120     		movs	r0, #1
 514              	.LVL16:
 455:Drivers/STM32F4xx_HAL_Driver/Src/stm32f4xx_hal_adc.c **** 
 515              		.loc 1 455 1 view .LVU191
 516 0038 7047     		bx	lr
 517              		.cfi_endproc
 518              	.LFE217:
 520              		.section	.text.HAL_ADC_Start,"ax",%progbits
 521              		.align	1
 522              		.global	HAL_ADC_Start
 523              		.syntax unified
 524              		.thumb
 525              		.thumb_func
 527              	HAL_ADC_Start:
 528              	.LVL17:
 529              	.LFB220:
 718:Drivers/STM32F4xx_HAL_Driver/Src/stm32f4xx_hal_adc.c ****   __IO uint32_t counter = 0U;
 530              		.loc 1 718 1 is_stmt 1 view -0
 531              		.cfi_startproc
 532              		@ args = 0, pretend = 0, frame = 8
 533              		@ frame_needed = 0, uses_anonymous_args = 0
 534              		@ link register save eliminated.
 718:Drivers/STM32F4xx_HAL_Driver/Src/stm32f4xx_hal_adc.c ****   __IO uint32_t counter = 0U;
 535              		.loc 1 718 1 is_stmt 0 view .LVU193
 536 0000 82B0     		sub	sp, sp, #8
 537              		.cfi_def_cfa_offset 8
 719:Drivers/STM32F4xx_HAL_Driver/Src/stm32f4xx_hal_adc.c ****   ADC_Common_TypeDef *tmpADC_Common;
 538              		.loc 1 719 3 is_stmt 1 view .LVU194
 719:Drivers/STM32F4xx_HAL_Driver/Src/stm32f4xx_hal_adc.c ****   ADC_Common_TypeDef *tmpADC_Common;
 539              		.loc 1 719 17 is_stmt 0 view .LVU195
 540 0002 0023     		movs	r3, #0
 541 0004 0193     		str	r3, [sp, #4]
 720:Drivers/STM32F4xx_HAL_Driver/Src/stm32f4xx_hal_adc.c ****   
 542              		.loc 1 720 3 is_stmt 1 view .LVU196
 723:Drivers/STM32F4xx_HAL_Driver/Src/stm32f4xx_hal_adc.c ****   assert_param(IS_ADC_EXT_TRIG_EDGE(hadc->Init.ExternalTrigConvEdge)); 
 543              		.loc 1 723 3 view .LVU197
 724:Drivers/STM32F4xx_HAL_Driver/Src/stm32f4xx_hal_adc.c ****   
 544              		.loc 1 724 3 view .LVU198
 727:Drivers/STM32F4xx_HAL_Driver/Src/stm32f4xx_hal_adc.c ****   
 545              		.loc 1 727 3 view .LVU199
 727:Drivers/STM32F4xx_HAL_Driver/Src/stm32f4xx_hal_adc.c ****   
 546              		.loc 1 727 3 view .LVU200
 547 0006 90F83C30 		ldrb	r3, [r0, #60]	@ zero_extendqisi2
 548 000a 012B     		cmp	r3, #1
 549 000c 6ED0     		beq	.L41
 727:Drivers/STM32F4xx_HAL_Driver/Src/stm32f4xx_hal_adc.c ****   
 550              		.loc 1 727 3 discriminator 2 view .LVU201
 551 000e 0123     		movs	r3, #1
 552 0010 80F83C30 		strb	r3, [r0, #60]
 727:Drivers/STM32F4xx_HAL_Driver/Src/stm32f4xx_hal_adc.c ****   
 553              		.loc 1 727 3 discriminator 2 view .LVU202
 732:Drivers/STM32F4xx_HAL_Driver/Src/stm32f4xx_hal_adc.c ****   {  
 554              		.loc 1 732 3 view .LVU203
 732:Drivers/STM32F4xx_HAL_Driver/Src/stm32f4xx_hal_adc.c ****   {  
 555              		.loc 1 732 11 is_stmt 0 view .LVU204
 556 0014 0368     		ldr	r3, [r0]
ARM GAS  /tmp/ccFxaBUH.s 			page 47


 732:Drivers/STM32F4xx_HAL_Driver/Src/stm32f4xx_hal_adc.c ****   {  
 557              		.loc 1 732 21 view .LVU205
 558 0016 9A68     		ldr	r2, [r3, #8]
 732:Drivers/STM32F4xx_HAL_Driver/Src/stm32f4xx_hal_adc.c ****   {  
 559              		.loc 1 732 5 view .LVU206
 560 0018 12F0010F 		tst	r2, #1
 561 001c 13D1     		bne	.L33
 735:Drivers/STM32F4xx_HAL_Driver/Src/stm32f4xx_hal_adc.c ****     
 562              		.loc 1 735 5 is_stmt 1 view .LVU207
 563 001e 9A68     		ldr	r2, [r3, #8]
 564 0020 42F00102 		orr	r2, r2, #1
 565 0024 9A60     		str	r2, [r3, #8]
 739:Drivers/STM32F4xx_HAL_Driver/Src/stm32f4xx_hal_adc.c ****     while(counter != 0U)
 566              		.loc 1 739 5 view .LVU208
 739:Drivers/STM32F4xx_HAL_Driver/Src/stm32f4xx_hal_adc.c ****     while(counter != 0U)
 567              		.loc 1 739 53 is_stmt 0 view .LVU209
 568 0026 344B     		ldr	r3, .L47
 569 0028 1B68     		ldr	r3, [r3]
 570 002a 344A     		ldr	r2, .L47+4
 571 002c A2FB0323 		umull	r2, r3, r2, r3
 572 0030 9B0C     		lsrs	r3, r3, #18
 739:Drivers/STM32F4xx_HAL_Driver/Src/stm32f4xx_hal_adc.c ****     while(counter != 0U)
 573              		.loc 1 739 34 view .LVU210
 574 0032 03EB4303 		add	r3, r3, r3, lsl #1
 739:Drivers/STM32F4xx_HAL_Driver/Src/stm32f4xx_hal_adc.c ****     while(counter != 0U)
 575              		.loc 1 739 13 view .LVU211
 576 0036 0193     		str	r3, [sp, #4]
 740:Drivers/STM32F4xx_HAL_Driver/Src/stm32f4xx_hal_adc.c ****     {
 577              		.loc 1 740 5 is_stmt 1 view .LVU212
 740:Drivers/STM32F4xx_HAL_Driver/Src/stm32f4xx_hal_adc.c ****     {
 578              		.loc 1 740 10 is_stmt 0 view .LVU213
 579 0038 02E0     		b	.L34
 580              	.L35:
 742:Drivers/STM32F4xx_HAL_Driver/Src/stm32f4xx_hal_adc.c ****     }
 581              		.loc 1 742 7 is_stmt 1 view .LVU214
 742:Drivers/STM32F4xx_HAL_Driver/Src/stm32f4xx_hal_adc.c ****     }
 582              		.loc 1 742 14 is_stmt 0 view .LVU215
 583 003a 019B     		ldr	r3, [sp, #4]
 584 003c 013B     		subs	r3, r3, #1
 585 003e 0193     		str	r3, [sp, #4]
 586              	.L34:
 740:Drivers/STM32F4xx_HAL_Driver/Src/stm32f4xx_hal_adc.c ****     {
 587              		.loc 1 740 19 is_stmt 1 view .LVU216
 588 0040 019B     		ldr	r3, [sp, #4]
 589 0042 002B     		cmp	r3, #0
 590 0044 F9D1     		bne	.L35
 591              	.L33:
 747:Drivers/STM32F4xx_HAL_Driver/Src/stm32f4xx_hal_adc.c ****   {
 592              		.loc 1 747 3 view .LVU217
 747:Drivers/STM32F4xx_HAL_Driver/Src/stm32f4xx_hal_adc.c ****   {
 593              		.loc 1 747 6 is_stmt 0 view .LVU218
 594 0046 0268     		ldr	r2, [r0]
 595 0048 9368     		ldr	r3, [r2, #8]
 747:Drivers/STM32F4xx_HAL_Driver/Src/stm32f4xx_hal_adc.c ****   {
 596              		.loc 1 747 5 view .LVU219
 597 004a 13F0010F 		tst	r3, #1
 598 004e 42D0     		beq	.L36
ARM GAS  /tmp/ccFxaBUH.s 			page 48


 752:Drivers/STM32F4xx_HAL_Driver/Src/stm32f4xx_hal_adc.c ****                       HAL_ADC_STATE_READY | HAL_ADC_STATE_REG_EOC | HAL_ADC_STATE_REG_OVR,
 599              		.loc 1 752 5 is_stmt 1 view .LVU220
 600 0050 036C     		ldr	r3, [r0, #64]
 601 0052 23F4E063 		bic	r3, r3, #1792
 602 0056 23F00103 		bic	r3, r3, #1
 603 005a 43F48073 		orr	r3, r3, #256
 604 005e 0364     		str	r3, [r0, #64]
 758:Drivers/STM32F4xx_HAL_Driver/Src/stm32f4xx_hal_adc.c ****     {
 605              		.loc 1 758 5 view .LVU221
 758:Drivers/STM32F4xx_HAL_Driver/Src/stm32f4xx_hal_adc.c ****     {
 606              		.loc 1 758 9 is_stmt 0 view .LVU222
 607 0060 5368     		ldr	r3, [r2, #4]
 758:Drivers/STM32F4xx_HAL_Driver/Src/stm32f4xx_hal_adc.c ****     {
 608              		.loc 1 758 8 view .LVU223
 609 0062 13F4806F 		tst	r3, #1024
 610 0066 05D0     		beq	.L37
 760:Drivers/STM32F4xx_HAL_Driver/Src/stm32f4xx_hal_adc.c ****     }
 611              		.loc 1 760 7 is_stmt 1 view .LVU224
 612 0068 036C     		ldr	r3, [r0, #64]
 613 006a 23F44053 		bic	r3, r3, #12288
 614 006e 43F48053 		orr	r3, r3, #4096
 615 0072 0364     		str	r3, [r0, #64]
 616              	.L37:
 764:Drivers/STM32F4xx_HAL_Driver/Src/stm32f4xx_hal_adc.c ****     {
 617              		.loc 1 764 5 view .LVU225
 764:Drivers/STM32F4xx_HAL_Driver/Src/stm32f4xx_hal_adc.c ****     {
 618              		.loc 1 764 9 is_stmt 0 view .LVU226
 619 0074 036C     		ldr	r3, [r0, #64]
 764:Drivers/STM32F4xx_HAL_Driver/Src/stm32f4xx_hal_adc.c ****     {
 620              		.loc 1 764 8 view .LVU227
 621 0076 13F4805F 		tst	r3, #4096
 622 007a 19D0     		beq	.L38
 767:Drivers/STM32F4xx_HAL_Driver/Src/stm32f4xx_hal_adc.c ****     }
 623              		.loc 1 767 7 is_stmt 1 view .LVU228
 624 007c 436C     		ldr	r3, [r0, #68]
 625 007e 23F00603 		bic	r3, r3, #6
 626 0082 4364     		str	r3, [r0, #68]
 627              	.L39:
 778:Drivers/STM32F4xx_HAL_Driver/Src/stm32f4xx_hal_adc.c **** 
 628              		.loc 1 778 5 view .LVU229
 778:Drivers/STM32F4xx_HAL_Driver/Src/stm32f4xx_hal_adc.c **** 
 629              		.loc 1 778 5 view .LVU230
 630 0084 0023     		movs	r3, #0
 631 0086 80F83C30 		strb	r3, [r0, #60]
 778:Drivers/STM32F4xx_HAL_Driver/Src/stm32f4xx_hal_adc.c **** 
 632              		.loc 1 778 5 view .LVU231
 783:Drivers/STM32F4xx_HAL_Driver/Src/stm32f4xx_hal_adc.c **** 
 633              		.loc 1 783 5 view .LVU232
 634              	.LVL18:
 787:Drivers/STM32F4xx_HAL_Driver/Src/stm32f4xx_hal_adc.c ****     
 635              		.loc 1 787 5 view .LVU233
 636 008a 6FF02203 		mvn	r3, #34
 637 008e 1360     		str	r3, [r2]
 790:Drivers/STM32F4xx_HAL_Driver/Src/stm32f4xx_hal_adc.c ****     {
 638              		.loc 1 790 5 view .LVU234
 790:Drivers/STM32F4xx_HAL_Driver/Src/stm32f4xx_hal_adc.c ****     {
 639              		.loc 1 790 8 is_stmt 0 view .LVU235
ARM GAS  /tmp/ccFxaBUH.s 			page 49


 640 0090 1B4B     		ldr	r3, .L47+8
 641 0092 5B68     		ldr	r3, [r3, #4]
 790:Drivers/STM32F4xx_HAL_Driver/Src/stm32f4xx_hal_adc.c ****     {
 642              		.loc 1 790 7 view .LVU236
 643 0094 13F01F0F 		tst	r3, #31
 644 0098 0DD1     		bne	.L40
 798:Drivers/STM32F4xx_HAL_Driver/Src/stm32f4xx_hal_adc.c ****         {
 645              		.loc 1 798 9 is_stmt 1 view .LVU237
 798:Drivers/STM32F4xx_HAL_Driver/Src/stm32f4xx_hal_adc.c ****         {
 646              		.loc 1 798 17 is_stmt 0 view .LVU238
 647 009a 0368     		ldr	r3, [r0]
 798:Drivers/STM32F4xx_HAL_Driver/Src/stm32f4xx_hal_adc.c ****         {
 648              		.loc 1 798 27 view .LVU239
 649 009c 9A68     		ldr	r2, [r3, #8]
 798:Drivers/STM32F4xx_HAL_Driver/Src/stm32f4xx_hal_adc.c ****         {
 650              		.loc 1 798 11 view .LVU240
 651 009e 12F0405F 		tst	r2, #805306368
 652 00a2 25D1     		bne	.L42
 801:Drivers/STM32F4xx_HAL_Driver/Src/stm32f4xx_hal_adc.c ****         }
 653              		.loc 1 801 11 is_stmt 1 view .LVU241
 801:Drivers/STM32F4xx_HAL_Driver/Src/stm32f4xx_hal_adc.c ****         }
 654              		.loc 1 801 25 is_stmt 0 view .LVU242
 655 00a4 9A68     		ldr	r2, [r3, #8]
 801:Drivers/STM32F4xx_HAL_Driver/Src/stm32f4xx_hal_adc.c ****         }
 656              		.loc 1 801 31 view .LVU243
 657 00a6 42F08042 		orr	r2, r2, #1073741824
 658 00aa 9A60     		str	r2, [r3, #8]
 827:Drivers/STM32F4xx_HAL_Driver/Src/stm32f4xx_hal_adc.c **** }
 659              		.loc 1 827 10 view .LVU244
 660 00ac 0020     		movs	r0, #0
 661              	.LVL19:
 827:Drivers/STM32F4xx_HAL_Driver/Src/stm32f4xx_hal_adc.c **** }
 662              		.loc 1 827 10 view .LVU245
 663 00ae 1BE0     		b	.L32
 664              	.LVL20:
 665              	.L38:
 772:Drivers/STM32F4xx_HAL_Driver/Src/stm32f4xx_hal_adc.c ****     } 
 666              		.loc 1 772 7 is_stmt 1 view .LVU246
 667 00b0 0023     		movs	r3, #0
 668 00b2 4364     		str	r3, [r0, #68]
 669 00b4 E6E7     		b	.L39
 670              	.LVL21:
 671              	.L40:
 810:Drivers/STM32F4xx_HAL_Driver/Src/stm32f4xx_hal_adc.c ****       {
 672              		.loc 1 810 7 view .LVU247
 810:Drivers/STM32F4xx_HAL_Driver/Src/stm32f4xx_hal_adc.c ****       {
 673              		.loc 1 810 15 is_stmt 0 view .LVU248
 674 00b6 0368     		ldr	r3, [r0]
 810:Drivers/STM32F4xx_HAL_Driver/Src/stm32f4xx_hal_adc.c ****       {
 675              		.loc 1 810 9 view .LVU249
 676 00b8 124A     		ldr	r2, .L47+12
 677 00ba 9342     		cmp	r3, r2
 678 00bc 01D0     		beq	.L46
 827:Drivers/STM32F4xx_HAL_Driver/Src/stm32f4xx_hal_adc.c **** }
 679              		.loc 1 827 10 view .LVU250
 680 00be 0020     		movs	r0, #0
 681              	.LVL22:
ARM GAS  /tmp/ccFxaBUH.s 			page 50


 827:Drivers/STM32F4xx_HAL_Driver/Src/stm32f4xx_hal_adc.c **** }
 682              		.loc 1 827 10 view .LVU251
 683 00c0 12E0     		b	.L32
 684              	.LVL23:
 685              	.L46:
 810:Drivers/STM32F4xx_HAL_Driver/Src/stm32f4xx_hal_adc.c ****       {
 686              		.loc 1 810 54 discriminator 1 view .LVU252
 687 00c2 9A68     		ldr	r2, [r3, #8]
 810:Drivers/STM32F4xx_HAL_Driver/Src/stm32f4xx_hal_adc.c ****       {
 688              		.loc 1 810 35 discriminator 1 view .LVU253
 689 00c4 12F0405F 		tst	r2, #805306368
 690 00c8 14D1     		bne	.L44
 813:Drivers/STM32F4xx_HAL_Driver/Src/stm32f4xx_hal_adc.c ****       }
 691              		.loc 1 813 11 is_stmt 1 view .LVU254
 813:Drivers/STM32F4xx_HAL_Driver/Src/stm32f4xx_hal_adc.c ****       }
 692              		.loc 1 813 25 is_stmt 0 view .LVU255
 693 00ca 9A68     		ldr	r2, [r3, #8]
 813:Drivers/STM32F4xx_HAL_Driver/Src/stm32f4xx_hal_adc.c ****       }
 694              		.loc 1 813 31 view .LVU256
 695 00cc 42F08042 		orr	r2, r2, #1073741824
 696 00d0 9A60     		str	r2, [r3, #8]
 827:Drivers/STM32F4xx_HAL_Driver/Src/stm32f4xx_hal_adc.c **** }
 697              		.loc 1 827 10 view .LVU257
 698 00d2 0020     		movs	r0, #0
 699              	.LVL24:
 827:Drivers/STM32F4xx_HAL_Driver/Src/stm32f4xx_hal_adc.c **** }
 700              		.loc 1 827 10 view .LVU258
 701 00d4 08E0     		b	.L32
 702              	.LVL25:
 703              	.L36:
 820:Drivers/STM32F4xx_HAL_Driver/Src/stm32f4xx_hal_adc.c **** 
 704              		.loc 1 820 5 is_stmt 1 view .LVU259
 705 00d6 036C     		ldr	r3, [r0, #64]
 706 00d8 43F01003 		orr	r3, r3, #16
 707 00dc 0364     		str	r3, [r0, #64]
 823:Drivers/STM32F4xx_HAL_Driver/Src/stm32f4xx_hal_adc.c ****   }
 708              		.loc 1 823 5 view .LVU260
 709 00de 436C     		ldr	r3, [r0, #68]
 710 00e0 43F00103 		orr	r3, r3, #1
 711 00e4 4364     		str	r3, [r0, #68]
 827:Drivers/STM32F4xx_HAL_Driver/Src/stm32f4xx_hal_adc.c **** }
 712              		.loc 1 827 10 is_stmt 0 view .LVU261
 713 00e6 0020     		movs	r0, #0
 714              	.LVL26:
 715              	.L32:
 828:Drivers/STM32F4xx_HAL_Driver/Src/stm32f4xx_hal_adc.c **** 
 716              		.loc 1 828 1 view .LVU262
 717 00e8 02B0     		add	sp, sp, #8
 718              		.cfi_remember_state
 719              		.cfi_def_cfa_offset 0
 720              		@ sp needed
 721 00ea 7047     		bx	lr
 722              	.LVL27:
 723              	.L41:
 724              		.cfi_restore_state
 727:Drivers/STM32F4xx_HAL_Driver/Src/stm32f4xx_hal_adc.c ****   
 725              		.loc 1 727 3 discriminator 1 view .LVU263
ARM GAS  /tmp/ccFxaBUH.s 			page 51


 726 00ec 0220     		movs	r0, #2
 727              	.LVL28:
 727:Drivers/STM32F4xx_HAL_Driver/Src/stm32f4xx_hal_adc.c ****   
 728              		.loc 1 727 3 discriminator 1 view .LVU264
 729 00ee FBE7     		b	.L32
 730              	.LVL29:
 731              	.L42:
 827:Drivers/STM32F4xx_HAL_Driver/Src/stm32f4xx_hal_adc.c **** }
 732              		.loc 1 827 10 view .LVU265
 733 00f0 0020     		movs	r0, #0
 734              	.LVL30:
 827:Drivers/STM32F4xx_HAL_Driver/Src/stm32f4xx_hal_adc.c **** }
 735              		.loc 1 827 10 view .LVU266
 736 00f2 F9E7     		b	.L32
 737              	.LVL31:
 738              	.L44:
 827:Drivers/STM32F4xx_HAL_Driver/Src/stm32f4xx_hal_adc.c **** }
 739              		.loc 1 827 10 view .LVU267
 740 00f4 0020     		movs	r0, #0
 741              	.LVL32:
 827:Drivers/STM32F4xx_HAL_Driver/Src/stm32f4xx_hal_adc.c **** }
 742              		.loc 1 827 10 view .LVU268
 743 00f6 F7E7     		b	.L32
 744              	.L48:
 745              		.align	2
 746              	.L47:
 747 00f8 00000000 		.word	SystemCoreClock
 748 00fc 83DE1B43 		.word	1125899907
 749 0100 00230140 		.word	1073816320
 750 0104 00200140 		.word	1073815552
 751              		.cfi_endproc
 752              	.LFE220:
 754              		.section	.text.HAL_ADC_Stop,"ax",%progbits
 755              		.align	1
 756              		.global	HAL_ADC_Stop
 757              		.syntax unified
 758              		.thumb
 759              		.thumb_func
 761              	HAL_ADC_Stop:
 762              	.LVL33:
 763              	.LFB221:
 841:Drivers/STM32F4xx_HAL_Driver/Src/stm32f4xx_hal_adc.c ****   /* Check the parameters */
 764              		.loc 1 841 1 is_stmt 1 view -0
 765              		.cfi_startproc
 766              		@ args = 0, pretend = 0, frame = 0
 767              		@ frame_needed = 0, uses_anonymous_args = 0
 768              		@ link register save eliminated.
 843:Drivers/STM32F4xx_HAL_Driver/Src/stm32f4xx_hal_adc.c ****   
 769              		.loc 1 843 3 view .LVU270
 846:Drivers/STM32F4xx_HAL_Driver/Src/stm32f4xx_hal_adc.c ****   
 770              		.loc 1 846 3 view .LVU271
 846:Drivers/STM32F4xx_HAL_Driver/Src/stm32f4xx_hal_adc.c ****   
 771              		.loc 1 846 3 view .LVU272
 772 0000 90F83C30 		ldrb	r3, [r0, #60]	@ zero_extendqisi2
 773 0004 012B     		cmp	r3, #1
 774 0006 19D0     		beq	.L52
 846:Drivers/STM32F4xx_HAL_Driver/Src/stm32f4xx_hal_adc.c ****   
ARM GAS  /tmp/ccFxaBUH.s 			page 52


 775              		.loc 1 846 3 discriminator 2 view .LVU273
 776 0008 0123     		movs	r3, #1
 777 000a 80F83C30 		strb	r3, [r0, #60]
 846:Drivers/STM32F4xx_HAL_Driver/Src/stm32f4xx_hal_adc.c ****   
 778              		.loc 1 846 3 discriminator 2 view .LVU274
 850:Drivers/STM32F4xx_HAL_Driver/Src/stm32f4xx_hal_adc.c ****   
 779              		.loc 1 850 3 view .LVU275
 780 000e 0268     		ldr	r2, [r0]
 781 0010 9368     		ldr	r3, [r2, #8]
 782 0012 23F00103 		bic	r3, r3, #1
 783 0016 9360     		str	r3, [r2, #8]
 853:Drivers/STM32F4xx_HAL_Driver/Src/stm32f4xx_hal_adc.c ****   {
 784              		.loc 1 853 3 view .LVU276
 853:Drivers/STM32F4xx_HAL_Driver/Src/stm32f4xx_hal_adc.c ****   {
 785              		.loc 1 853 6 is_stmt 0 view .LVU277
 786 0018 0368     		ldr	r3, [r0]
 787 001a 9B68     		ldr	r3, [r3, #8]
 853:Drivers/STM32F4xx_HAL_Driver/Src/stm32f4xx_hal_adc.c ****   {
 788              		.loc 1 853 5 view .LVU278
 789 001c 13F0010F 		tst	r3, #1
 790 0020 07D1     		bne	.L51
 856:Drivers/STM32F4xx_HAL_Driver/Src/stm32f4xx_hal_adc.c ****                       HAL_ADC_STATE_REG_BUSY | HAL_ADC_STATE_INJ_BUSY,
 791              		.loc 1 856 5 is_stmt 1 view .LVU279
 792 0022 036C     		ldr	r3, [r0, #64]
 793 0024 23F48853 		bic	r3, r3, #4352
 794 0028 23F00103 		bic	r3, r3, #1
 795 002c 43F00103 		orr	r3, r3, #1
 796 0030 0364     		str	r3, [r0, #64]
 797              	.L51:
 862:Drivers/STM32F4xx_HAL_Driver/Src/stm32f4xx_hal_adc.c ****   
 798              		.loc 1 862 3 view .LVU280
 862:Drivers/STM32F4xx_HAL_Driver/Src/stm32f4xx_hal_adc.c ****   
 799              		.loc 1 862 3 view .LVU281
 800 0032 0023     		movs	r3, #0
 801 0034 80F83C30 		strb	r3, [r0, #60]
 862:Drivers/STM32F4xx_HAL_Driver/Src/stm32f4xx_hal_adc.c ****   
 802              		.loc 1 862 3 view .LVU282
 865:Drivers/STM32F4xx_HAL_Driver/Src/stm32f4xx_hal_adc.c **** }
 803              		.loc 1 865 3 view .LVU283
 865:Drivers/STM32F4xx_HAL_Driver/Src/stm32f4xx_hal_adc.c **** }
 804              		.loc 1 865 10 is_stmt 0 view .LVU284
 805 0038 1846     		mov	r0, r3
 806              	.LVL34:
 865:Drivers/STM32F4xx_HAL_Driver/Src/stm32f4xx_hal_adc.c **** }
 807              		.loc 1 865 10 view .LVU285
 808 003a 7047     		bx	lr
 809              	.LVL35:
 810              	.L52:
 846:Drivers/STM32F4xx_HAL_Driver/Src/stm32f4xx_hal_adc.c ****   
 811              		.loc 1 846 3 discriminator 1 view .LVU286
 812 003c 0220     		movs	r0, #2
 813              	.LVL36:
 866:Drivers/STM32F4xx_HAL_Driver/Src/stm32f4xx_hal_adc.c **** 
 814              		.loc 1 866 1 view .LVU287
 815 003e 7047     		bx	lr
 816              		.cfi_endproc
 817              	.LFE221:
ARM GAS  /tmp/ccFxaBUH.s 			page 53


 819              		.section	.text.HAL_ADC_PollForConversion,"ax",%progbits
 820              		.align	1
 821              		.global	HAL_ADC_PollForConversion
 822              		.syntax unified
 823              		.thumb
 824              		.thumb_func
 826              	HAL_ADC_PollForConversion:
 827              	.LVL37:
 828              	.LFB222:
 884:Drivers/STM32F4xx_HAL_Driver/Src/stm32f4xx_hal_adc.c ****   uint32_t tickstart = 0U;
 829              		.loc 1 884 1 is_stmt 1 view -0
 830              		.cfi_startproc
 831              		@ args = 0, pretend = 0, frame = 0
 832              		@ frame_needed = 0, uses_anonymous_args = 0
 884:Drivers/STM32F4xx_HAL_Driver/Src/stm32f4xx_hal_adc.c ****   uint32_t tickstart = 0U;
 833              		.loc 1 884 1 is_stmt 0 view .LVU289
 834 0000 70B5     		push	{r4, r5, r6, lr}
 835              		.cfi_def_cfa_offset 16
 836              		.cfi_offset 4, -16
 837              		.cfi_offset 5, -12
 838              		.cfi_offset 6, -8
 839              		.cfi_offset 14, -4
 840 0002 0446     		mov	r4, r0
 841 0004 0D46     		mov	r5, r1
 885:Drivers/STM32F4xx_HAL_Driver/Src/stm32f4xx_hal_adc.c ****  
 842              		.loc 1 885 3 is_stmt 1 view .LVU290
 843              	.LVL38:
 893:Drivers/STM32F4xx_HAL_Driver/Src/stm32f4xx_hal_adc.c ****       HAL_IS_BIT_SET(hadc->Instance->CR2, ADC_CR2_DMA)    )
 844              		.loc 1 893 3 view .LVU291
 893:Drivers/STM32F4xx_HAL_Driver/Src/stm32f4xx_hal_adc.c ****       HAL_IS_BIT_SET(hadc->Instance->CR2, ADC_CR2_DMA)    )
 845              		.loc 1 893 7 is_stmt 0 view .LVU292
 846 0006 0368     		ldr	r3, [r0]
 847 0008 9A68     		ldr	r2, [r3, #8]
 893:Drivers/STM32F4xx_HAL_Driver/Src/stm32f4xx_hal_adc.c ****       HAL_IS_BIT_SET(hadc->Instance->CR2, ADC_CR2_DMA)    )
 848              		.loc 1 893 6 view .LVU293
 849 000a 12F4806F 		tst	r2, #1024
 850 000e 03D0     		beq	.L54
 894:Drivers/STM32F4xx_HAL_Driver/Src/stm32f4xx_hal_adc.c ****   {
 851              		.loc 1 894 7 view .LVU294
 852 0010 9B68     		ldr	r3, [r3, #8]
 893:Drivers/STM32F4xx_HAL_Driver/Src/stm32f4xx_hal_adc.c ****       HAL_IS_BIT_SET(hadc->Instance->CR2, ADC_CR2_DMA)    )
 853              		.loc 1 893 57 discriminator 1 view .LVU295
 854 0012 13F4807F 		tst	r3, #256
 855 0016 19D1     		bne	.L65
 856              	.L54:
 906:Drivers/STM32F4xx_HAL_Driver/Src/stm32f4xx_hal_adc.c **** 
 857              		.loc 1 906 3 is_stmt 1 view .LVU296
 906:Drivers/STM32F4xx_HAL_Driver/Src/stm32f4xx_hal_adc.c **** 
 858              		.loc 1 906 15 is_stmt 0 view .LVU297
 859 0018 FFF7FEFF 		bl	HAL_GetTick
 860              	.LVL39:
 906:Drivers/STM32F4xx_HAL_Driver/Src/stm32f4xx_hal_adc.c **** 
 861              		.loc 1 906 15 view .LVU298
 862 001c 0646     		mov	r6, r0
 863              	.LVL40:
 909:Drivers/STM32F4xx_HAL_Driver/Src/stm32f4xx_hal_adc.c ****   {
 864              		.loc 1 909 3 is_stmt 1 view .LVU299
ARM GAS  /tmp/ccFxaBUH.s 			page 54


 865              	.L57:
 909:Drivers/STM32F4xx_HAL_Driver/Src/stm32f4xx_hal_adc.c ****   {
 866              		.loc 1 909 9 view .LVU300
 909:Drivers/STM32F4xx_HAL_Driver/Src/stm32f4xx_hal_adc.c ****   {
 867              		.loc 1 909 11 is_stmt 0 view .LVU301
 868 001e 2368     		ldr	r3, [r4]
 869 0020 1A68     		ldr	r2, [r3]
 909:Drivers/STM32F4xx_HAL_Driver/Src/stm32f4xx_hal_adc.c ****   {
 870              		.loc 1 909 9 view .LVU302
 871 0022 12F0020F 		tst	r2, #2
 872 0026 20D1     		bne	.L66
 912:Drivers/STM32F4xx_HAL_Driver/Src/stm32f4xx_hal_adc.c ****     {
 873              		.loc 1 912 5 is_stmt 1 view .LVU303
 912:Drivers/STM32F4xx_HAL_Driver/Src/stm32f4xx_hal_adc.c ****     {
 874              		.loc 1 912 7 is_stmt 0 view .LVU304
 875 0028 B5F1FF3F 		cmp	r5, #-1
 876 002c F7D0     		beq	.L57
 914:Drivers/STM32F4xx_HAL_Driver/Src/stm32f4xx_hal_adc.c ****       {
 877              		.loc 1 914 7 is_stmt 1 view .LVU305
 914:Drivers/STM32F4xx_HAL_Driver/Src/stm32f4xx_hal_adc.c ****       {
 878              		.loc 1 914 9 is_stmt 0 view .LVU306
 879 002e B5B9     		cbnz	r5, .L67
 880              	.L58:
 917:Drivers/STM32F4xx_HAL_Driver/Src/stm32f4xx_hal_adc.c ****         {
 881              		.loc 1 917 9 is_stmt 1 view .LVU307
 917:Drivers/STM32F4xx_HAL_Driver/Src/stm32f4xx_hal_adc.c ****         {
 882              		.loc 1 917 14 is_stmt 0 view .LVU308
 883 0030 2368     		ldr	r3, [r4]
 884 0032 1B68     		ldr	r3, [r3]
 917:Drivers/STM32F4xx_HAL_Driver/Src/stm32f4xx_hal_adc.c ****         {
 885              		.loc 1 917 11 view .LVU309
 886 0034 13F0020F 		tst	r3, #2
 887 0038 F1D1     		bne	.L57
 920:Drivers/STM32F4xx_HAL_Driver/Src/stm32f4xx_hal_adc.c ****           
 888              		.loc 1 920 11 is_stmt 1 view .LVU310
 889 003a 236C     		ldr	r3, [r4, #64]
 890 003c 43F00403 		orr	r3, r3, #4
 891 0040 2364     		str	r3, [r4, #64]
 923:Drivers/STM32F4xx_HAL_Driver/Src/stm32f4xx_hal_adc.c ****           
 892              		.loc 1 923 11 view .LVU311
 923:Drivers/STM32F4xx_HAL_Driver/Src/stm32f4xx_hal_adc.c ****           
 893              		.loc 1 923 11 view .LVU312
 894 0042 0023     		movs	r3, #0
 895 0044 84F83C30 		strb	r3, [r4, #60]
 923:Drivers/STM32F4xx_HAL_Driver/Src/stm32f4xx_hal_adc.c ****           
 896              		.loc 1 923 11 view .LVU313
 925:Drivers/STM32F4xx_HAL_Driver/Src/stm32f4xx_hal_adc.c ****         }
 897              		.loc 1 925 11 view .LVU314
 925:Drivers/STM32F4xx_HAL_Driver/Src/stm32f4xx_hal_adc.c ****         }
 898              		.loc 1 925 18 is_stmt 0 view .LVU315
 899 0048 0320     		movs	r0, #3
 900 004a 32E0     		b	.L55
 901              	.LVL41:
 902              	.L65:
 897:Drivers/STM32F4xx_HAL_Driver/Src/stm32f4xx_hal_adc.c ****     
 903              		.loc 1 897 5 is_stmt 1 view .LVU316
 904 004c 036C     		ldr	r3, [r0, #64]
ARM GAS  /tmp/ccFxaBUH.s 			page 55


 905 004e 43F02003 		orr	r3, r3, #32
 906 0052 0364     		str	r3, [r0, #64]
 900:Drivers/STM32F4xx_HAL_Driver/Src/stm32f4xx_hal_adc.c ****     
 907              		.loc 1 900 5 view .LVU317
 900:Drivers/STM32F4xx_HAL_Driver/Src/stm32f4xx_hal_adc.c ****     
 908              		.loc 1 900 5 view .LVU318
 909 0054 0023     		movs	r3, #0
 910 0056 80F83C30 		strb	r3, [r0, #60]
 900:Drivers/STM32F4xx_HAL_Driver/Src/stm32f4xx_hal_adc.c ****     
 911              		.loc 1 900 5 view .LVU319
 902:Drivers/STM32F4xx_HAL_Driver/Src/stm32f4xx_hal_adc.c ****   }
 912              		.loc 1 902 5 view .LVU320
 902:Drivers/STM32F4xx_HAL_Driver/Src/stm32f4xx_hal_adc.c ****   }
 913              		.loc 1 902 12 is_stmt 0 view .LVU321
 914 005a 0120     		movs	r0, #1
 915              	.LVL42:
 902:Drivers/STM32F4xx_HAL_Driver/Src/stm32f4xx_hal_adc.c ****   }
 916              		.loc 1 902 12 view .LVU322
 917 005c 29E0     		b	.L55
 918              	.LVL43:
 919              	.L67:
 914:Drivers/STM32F4xx_HAL_Driver/Src/stm32f4xx_hal_adc.c ****       {
 920              		.loc 1 914 31 discriminator 1 view .LVU323
 921 005e FFF7FEFF 		bl	HAL_GetTick
 922              	.LVL44:
 914:Drivers/STM32F4xx_HAL_Driver/Src/stm32f4xx_hal_adc.c ****       {
 923              		.loc 1 914 45 discriminator 1 view .LVU324
 924 0062 801B     		subs	r0, r0, r6
 914:Drivers/STM32F4xx_HAL_Driver/Src/stm32f4xx_hal_adc.c ****       {
 925              		.loc 1 914 26 discriminator 1 view .LVU325
 926 0064 A842     		cmp	r0, r5
 927 0066 DAD9     		bls	.L57
 928 0068 E2E7     		b	.L58
 929              	.L66:
 932:Drivers/STM32F4xx_HAL_Driver/Src/stm32f4xx_hal_adc.c ****   
 930              		.loc 1 932 3 is_stmt 1 view .LVU326
 931 006a 6FF01202 		mvn	r2, #18
 932 006e 1A60     		str	r2, [r3]
 935:Drivers/STM32F4xx_HAL_Driver/Src/stm32f4xx_hal_adc.c ****   
 933              		.loc 1 935 3 view .LVU327
 934 0070 236C     		ldr	r3, [r4, #64]
 935 0072 43F40073 		orr	r3, r3, #512
 936 0076 2364     		str	r3, [r4, #64]
 943:Drivers/STM32F4xx_HAL_Driver/Src/stm32f4xx_hal_adc.c ****      (hadc->Init.ContinuousConvMode == DISABLE)            &&
 937              		.loc 1 943 3 view .LVU328
 943:Drivers/STM32F4xx_HAL_Driver/Src/stm32f4xx_hal_adc.c ****      (hadc->Init.ContinuousConvMode == DISABLE)            &&
 938              		.loc 1 943 6 is_stmt 0 view .LVU329
 939 0078 2368     		ldr	r3, [r4]
 940 007a 9A68     		ldr	r2, [r3, #8]
 943:Drivers/STM32F4xx_HAL_Driver/Src/stm32f4xx_hal_adc.c ****      (hadc->Init.ContinuousConvMode == DISABLE)            &&
 941              		.loc 1 943 5 view .LVU330
 942 007c 12F0405F 		tst	r2, #805306368
 943 0080 16D1     		bne	.L62
 944:Drivers/STM32F4xx_HAL_Driver/Src/stm32f4xx_hal_adc.c ****      (HAL_IS_BIT_CLR(hadc->Instance->SQR1, ADC_SQR1_L) ||
 944              		.loc 1 944 17 view .LVU331
 945 0082 207E     		ldrb	r0, [r4, #24]	@ zero_extendqisi2
 943:Drivers/STM32F4xx_HAL_Driver/Src/stm32f4xx_hal_adc.c ****      (hadc->Init.ContinuousConvMode == DISABLE)            &&
ARM GAS  /tmp/ccFxaBUH.s 			page 56


 946              		.loc 1 943 60 discriminator 1 view .LVU332
 947 0084 B0B9     		cbnz	r0, .L63
 945:Drivers/STM32F4xx_HAL_Driver/Src/stm32f4xx_hal_adc.c ****       HAL_IS_BIT_CLR(hadc->Instance->CR2, ADC_CR2_EOCS)  )   )
 948              		.loc 1 945 7 view .LVU333
 949 0086 DA6A     		ldr	r2, [r3, #44]
 944:Drivers/STM32F4xx_HAL_Driver/Src/stm32f4xx_hal_adc.c ****      (HAL_IS_BIT_CLR(hadc->Instance->SQR1, ADC_SQR1_L) ||
 950              		.loc 1 944 60 view .LVU334
 951 0088 12F4700F 		tst	r2, #15728640
 952 008c 03D0     		beq	.L61
 946:Drivers/STM32F4xx_HAL_Driver/Src/stm32f4xx_hal_adc.c ****   {
 953              		.loc 1 946 7 view .LVU335
 954 008e 9B68     		ldr	r3, [r3, #8]
 945:Drivers/STM32F4xx_HAL_Driver/Src/stm32f4xx_hal_adc.c ****       HAL_IS_BIT_CLR(hadc->Instance->CR2, ADC_CR2_EOCS)  )   )
 955              		.loc 1 945 56 view .LVU336
 956 0090 13F4806F 		tst	r3, #1024
 957 0094 0DD1     		bne	.L55
 958              	.L61:
 949:Drivers/STM32F4xx_HAL_Driver/Src/stm32f4xx_hal_adc.c ****     
 959              		.loc 1 949 5 is_stmt 1 view .LVU337
 960 0096 236C     		ldr	r3, [r4, #64]
 961 0098 23F48073 		bic	r3, r3, #256
 962 009c 2364     		str	r3, [r4, #64]
 951:Drivers/STM32F4xx_HAL_Driver/Src/stm32f4xx_hal_adc.c ****     { 
 963              		.loc 1 951 5 view .LVU338
 951:Drivers/STM32F4xx_HAL_Driver/Src/stm32f4xx_hal_adc.c ****     { 
 964              		.loc 1 951 9 is_stmt 0 view .LVU339
 965 009e 236C     		ldr	r3, [r4, #64]
 951:Drivers/STM32F4xx_HAL_Driver/Src/stm32f4xx_hal_adc.c ****     { 
 966              		.loc 1 951 8 view .LVU340
 967 00a0 13F4805F 		tst	r3, #4096
 968 00a4 05D1     		bne	.L55
 953:Drivers/STM32F4xx_HAL_Driver/Src/stm32f4xx_hal_adc.c ****     }
 969              		.loc 1 953 7 is_stmt 1 view .LVU341
 970 00a6 236C     		ldr	r3, [r4, #64]
 971 00a8 43F00103 		orr	r3, r3, #1
 972 00ac 2364     		str	r3, [r4, #64]
 973 00ae 00E0     		b	.L55
 974              	.L62:
 958:Drivers/STM32F4xx_HAL_Driver/Src/stm32f4xx_hal_adc.c **** }
 975              		.loc 1 958 10 is_stmt 0 view .LVU342
 976 00b0 0020     		movs	r0, #0
 977              	.LVL45:
 978              	.L55:
 959:Drivers/STM32F4xx_HAL_Driver/Src/stm32f4xx_hal_adc.c **** 
 979              		.loc 1 959 1 view .LVU343
 980 00b2 70BD     		pop	{r4, r5, r6, pc}
 981              	.LVL46:
 982              	.L63:
 958:Drivers/STM32F4xx_HAL_Driver/Src/stm32f4xx_hal_adc.c **** }
 983              		.loc 1 958 10 view .LVU344
 984 00b4 0020     		movs	r0, #0
 985 00b6 FCE7     		b	.L55
 986              		.cfi_endproc
 987              	.LFE222:
 989              		.section	.text.HAL_ADC_PollForEvent,"ax",%progbits
 990              		.align	1
 991              		.global	HAL_ADC_PollForEvent
ARM GAS  /tmp/ccFxaBUH.s 			page 57


 992              		.syntax unified
 993              		.thumb
 994              		.thumb_func
 996              	HAL_ADC_PollForEvent:
 997              	.LVL47:
 998              	.LFB223:
 973:Drivers/STM32F4xx_HAL_Driver/Src/stm32f4xx_hal_adc.c ****   uint32_t tickstart = 0U;
 999              		.loc 1 973 1 is_stmt 1 view -0
 1000              		.cfi_startproc
 1001              		@ args = 0, pretend = 0, frame = 0
 1002              		@ frame_needed = 0, uses_anonymous_args = 0
 973:Drivers/STM32F4xx_HAL_Driver/Src/stm32f4xx_hal_adc.c ****   uint32_t tickstart = 0U;
 1003              		.loc 1 973 1 is_stmt 0 view .LVU346
 1004 0000 2DE9F041 		push	{r4, r5, r6, r7, r8, lr}
 1005              		.cfi_def_cfa_offset 24
 1006              		.cfi_offset 4, -24
 1007              		.cfi_offset 5, -20
 1008              		.cfi_offset 6, -16
 1009              		.cfi_offset 7, -12
 1010              		.cfi_offset 8, -8
 1011              		.cfi_offset 14, -4
 1012 0004 0546     		mov	r5, r0
 1013 0006 0E46     		mov	r6, r1
 1014 0008 1746     		mov	r7, r2
 974:Drivers/STM32F4xx_HAL_Driver/Src/stm32f4xx_hal_adc.c ****   
 1015              		.loc 1 974 3 is_stmt 1 view .LVU347
 1016              	.LVL48:
 977:Drivers/STM32F4xx_HAL_Driver/Src/stm32f4xx_hal_adc.c ****   assert_param(IS_ADC_EVENT_TYPE(EventType));
 1017              		.loc 1 977 3 view .LVU348
 978:Drivers/STM32F4xx_HAL_Driver/Src/stm32f4xx_hal_adc.c **** 
 1018              		.loc 1 978 3 view .LVU349
 981:Drivers/STM32F4xx_HAL_Driver/Src/stm32f4xx_hal_adc.c **** 
 1019              		.loc 1 981 3 view .LVU350
 981:Drivers/STM32F4xx_HAL_Driver/Src/stm32f4xx_hal_adc.c **** 
 1020              		.loc 1 981 15 is_stmt 0 view .LVU351
 1021 000a FFF7FEFF 		bl	HAL_GetTick
 1022              	.LVL49:
 981:Drivers/STM32F4xx_HAL_Driver/Src/stm32f4xx_hal_adc.c **** 
 1023              		.loc 1 981 15 view .LVU352
 1024 000e 8046     		mov	r8, r0
 1025              	.LVL50:
 984:Drivers/STM32F4xx_HAL_Driver/Src/stm32f4xx_hal_adc.c ****   {
 1026              		.loc 1 984 3 is_stmt 1 view .LVU353
 1027              	.L70:
 984:Drivers/STM32F4xx_HAL_Driver/Src/stm32f4xx_hal_adc.c ****   {
 1028              		.loc 1 984 9 view .LVU354
 984:Drivers/STM32F4xx_HAL_Driver/Src/stm32f4xx_hal_adc.c ****   {
 1029              		.loc 1 984 11 is_stmt 0 view .LVU355
 1030 0010 2C68     		ldr	r4, [r5]
 1031 0012 2368     		ldr	r3, [r4]
 984:Drivers/STM32F4xx_HAL_Driver/Src/stm32f4xx_hal_adc.c ****   {
 1032              		.loc 1 984 9 view .LVU356
 1033 0014 36EA0303 		bics	r3, r6, r3
 1034 0018 18D0     		beq	.L77
 987:Drivers/STM32F4xx_HAL_Driver/Src/stm32f4xx_hal_adc.c ****     {
 1035              		.loc 1 987 5 is_stmt 1 view .LVU357
 987:Drivers/STM32F4xx_HAL_Driver/Src/stm32f4xx_hal_adc.c ****     {
ARM GAS  /tmp/ccFxaBUH.s 			page 58


 1036              		.loc 1 987 7 is_stmt 0 view .LVU358
 1037 001a B7F1FF3F 		cmp	r7, #-1
 1038 001e F7D0     		beq	.L70
 989:Drivers/STM32F4xx_HAL_Driver/Src/stm32f4xx_hal_adc.c ****       {
 1039              		.loc 1 989 7 is_stmt 1 view .LVU359
 989:Drivers/STM32F4xx_HAL_Driver/Src/stm32f4xx_hal_adc.c ****       {
 1040              		.loc 1 989 9 is_stmt 0 view .LVU360
 1041 0020 6FB9     		cbnz	r7, .L78
 1042              	.L71:
 992:Drivers/STM32F4xx_HAL_Driver/Src/stm32f4xx_hal_adc.c ****         {
 1043              		.loc 1 992 9 is_stmt 1 view .LVU361
 992:Drivers/STM32F4xx_HAL_Driver/Src/stm32f4xx_hal_adc.c ****         {
 1044              		.loc 1 992 14 is_stmt 0 view .LVU362
 1045 0022 2B68     		ldr	r3, [r5]
 1046 0024 1B68     		ldr	r3, [r3]
 992:Drivers/STM32F4xx_HAL_Driver/Src/stm32f4xx_hal_adc.c ****         {
 1047              		.loc 1 992 11 view .LVU363
 1048 0026 36EA0303 		bics	r3, r6, r3
 1049 002a F1D0     		beq	.L70
 995:Drivers/STM32F4xx_HAL_Driver/Src/stm32f4xx_hal_adc.c ****           
 1050              		.loc 1 995 11 is_stmt 1 view .LVU364
 1051 002c 2B6C     		ldr	r3, [r5, #64]
 1052 002e 43F00403 		orr	r3, r3, #4
 1053 0032 2B64     		str	r3, [r5, #64]
 998:Drivers/STM32F4xx_HAL_Driver/Src/stm32f4xx_hal_adc.c ****           
 1054              		.loc 1 998 11 view .LVU365
 998:Drivers/STM32F4xx_HAL_Driver/Src/stm32f4xx_hal_adc.c ****           
 1055              		.loc 1 998 11 view .LVU366
 1056 0034 0023     		movs	r3, #0
 1057 0036 85F83C30 		strb	r3, [r5, #60]
 998:Drivers/STM32F4xx_HAL_Driver/Src/stm32f4xx_hal_adc.c ****           
 1058              		.loc 1 998 11 view .LVU367
1000:Drivers/STM32F4xx_HAL_Driver/Src/stm32f4xx_hal_adc.c ****         }
 1059              		.loc 1 1000 11 view .LVU368
1000:Drivers/STM32F4xx_HAL_Driver/Src/stm32f4xx_hal_adc.c ****         }
 1060              		.loc 1 1000 18 is_stmt 0 view .LVU369
 1061 003a 0320     		movs	r0, #3
 1062 003c 14E0     		b	.L73
 1063              	.L78:
 989:Drivers/STM32F4xx_HAL_Driver/Src/stm32f4xx_hal_adc.c ****       {
 1064              		.loc 1 989 31 discriminator 1 view .LVU370
 1065 003e FFF7FEFF 		bl	HAL_GetTick
 1066              	.LVL51:
 989:Drivers/STM32F4xx_HAL_Driver/Src/stm32f4xx_hal_adc.c ****       {
 1067              		.loc 1 989 45 discriminator 1 view .LVU371
 1068 0042 A0EB0800 		sub	r0, r0, r8
 989:Drivers/STM32F4xx_HAL_Driver/Src/stm32f4xx_hal_adc.c ****       {
 1069              		.loc 1 989 26 discriminator 1 view .LVU372
 1070 0046 B842     		cmp	r0, r7
 1071 0048 E2D9     		bls	.L70
 1072 004a EAE7     		b	.L71
 1073              	.L77:
1007:Drivers/STM32F4xx_HAL_Driver/Src/stm32f4xx_hal_adc.c ****   {
 1074              		.loc 1 1007 3 is_stmt 1 view .LVU373
1007:Drivers/STM32F4xx_HAL_Driver/Src/stm32f4xx_hal_adc.c ****   {
 1075              		.loc 1 1007 5 is_stmt 0 view .LVU374
 1076 004c 012E     		cmp	r6, #1
ARM GAS  /tmp/ccFxaBUH.s 			page 59


 1077 004e 0DD0     		beq	.L79
1019:Drivers/STM32F4xx_HAL_Driver/Src/stm32f4xx_hal_adc.c ****     /* Set ADC error code to overrun */
 1078              		.loc 1 1019 5 is_stmt 1 view .LVU375
 1079 0050 2B6C     		ldr	r3, [r5, #64]
 1080 0052 43F48063 		orr	r3, r3, #1024
 1081 0056 2B64     		str	r3, [r5, #64]
1021:Drivers/STM32F4xx_HAL_Driver/Src/stm32f4xx_hal_adc.c ****     
 1082              		.loc 1 1021 5 view .LVU376
 1083 0058 6B6C     		ldr	r3, [r5, #68]
 1084 005a 43F00203 		orr	r3, r3, #2
 1085 005e 6B64     		str	r3, [r5, #68]
1024:Drivers/STM32F4xx_HAL_Driver/Src/stm32f4xx_hal_adc.c ****   }
 1086              		.loc 1 1024 5 view .LVU377
 1087 0060 6FF02003 		mvn	r3, #32
 1088 0064 2360     		str	r3, [r4]
1028:Drivers/STM32F4xx_HAL_Driver/Src/stm32f4xx_hal_adc.c **** }
 1089              		.loc 1 1028 10 is_stmt 0 view .LVU378
 1090 0066 0020     		movs	r0, #0
 1091              	.L73:
1029:Drivers/STM32F4xx_HAL_Driver/Src/stm32f4xx_hal_adc.c **** 
 1092              		.loc 1 1029 1 view .LVU379
 1093 0068 BDE8F081 		pop	{r4, r5, r6, r7, r8, pc}
 1094              	.LVL52:
 1095              	.L79:
1010:Drivers/STM32F4xx_HAL_Driver/Src/stm32f4xx_hal_adc.c ****       
 1096              		.loc 1 1010 5 is_stmt 1 view .LVU380
 1097 006c 2B6C     		ldr	r3, [r5, #64]
 1098 006e 43F48033 		orr	r3, r3, #65536
 1099 0072 2B64     		str	r3, [r5, #64]
1013:Drivers/STM32F4xx_HAL_Driver/Src/stm32f4xx_hal_adc.c ****   }
 1100              		.loc 1 1013 5 view .LVU381
 1101 0074 6FF00103 		mvn	r3, #1
 1102 0078 2360     		str	r3, [r4]
1028:Drivers/STM32F4xx_HAL_Driver/Src/stm32f4xx_hal_adc.c **** }
 1103              		.loc 1 1028 10 is_stmt 0 view .LVU382
 1104 007a 0020     		movs	r0, #0
 1105 007c F4E7     		b	.L73
 1106              		.cfi_endproc
 1107              	.LFE223:
 1109              		.section	.text.HAL_ADC_Start_IT,"ax",%progbits
 1110              		.align	1
 1111              		.global	HAL_ADC_Start_IT
 1112              		.syntax unified
 1113              		.thumb
 1114              		.thumb_func
 1116              	HAL_ADC_Start_IT:
 1117              	.LVL53:
 1118              	.LFB224:
1039:Drivers/STM32F4xx_HAL_Driver/Src/stm32f4xx_hal_adc.c ****   __IO uint32_t counter = 0U;
 1119              		.loc 1 1039 1 is_stmt 1 view -0
 1120              		.cfi_startproc
 1121              		@ args = 0, pretend = 0, frame = 8
 1122              		@ frame_needed = 0, uses_anonymous_args = 0
 1123              		@ link register save eliminated.
1039:Drivers/STM32F4xx_HAL_Driver/Src/stm32f4xx_hal_adc.c ****   __IO uint32_t counter = 0U;
 1124              		.loc 1 1039 1 is_stmt 0 view .LVU384
 1125 0000 82B0     		sub	sp, sp, #8
ARM GAS  /tmp/ccFxaBUH.s 			page 60


 1126              		.cfi_def_cfa_offset 8
1040:Drivers/STM32F4xx_HAL_Driver/Src/stm32f4xx_hal_adc.c ****   ADC_Common_TypeDef *tmpADC_Common;
 1127              		.loc 1 1040 3 is_stmt 1 view .LVU385
1040:Drivers/STM32F4xx_HAL_Driver/Src/stm32f4xx_hal_adc.c ****   ADC_Common_TypeDef *tmpADC_Common;
 1128              		.loc 1 1040 17 is_stmt 0 view .LVU386
 1129 0002 0023     		movs	r3, #0
 1130 0004 0193     		str	r3, [sp, #4]
1041:Drivers/STM32F4xx_HAL_Driver/Src/stm32f4xx_hal_adc.c ****   
 1131              		.loc 1 1041 3 is_stmt 1 view .LVU387
1044:Drivers/STM32F4xx_HAL_Driver/Src/stm32f4xx_hal_adc.c ****   assert_param(IS_ADC_EXT_TRIG_EDGE(hadc->Init.ExternalTrigConvEdge)); 
 1132              		.loc 1 1044 3 view .LVU388
1045:Drivers/STM32F4xx_HAL_Driver/Src/stm32f4xx_hal_adc.c ****   
 1133              		.loc 1 1045 3 view .LVU389
1048:Drivers/STM32F4xx_HAL_Driver/Src/stm32f4xx_hal_adc.c ****   
 1134              		.loc 1 1048 3 view .LVU390
1048:Drivers/STM32F4xx_HAL_Driver/Src/stm32f4xx_hal_adc.c ****   
 1135              		.loc 1 1048 3 view .LVU391
 1136 0006 90F83C30 		ldrb	r3, [r0, #60]	@ zero_extendqisi2
 1137 000a 012B     		cmp	r3, #1
 1138 000c 75D0     		beq	.L90
1048:Drivers/STM32F4xx_HAL_Driver/Src/stm32f4xx_hal_adc.c ****   
 1139              		.loc 1 1048 3 discriminator 2 view .LVU392
 1140 000e 0123     		movs	r3, #1
 1141 0010 80F83C30 		strb	r3, [r0, #60]
1048:Drivers/STM32F4xx_HAL_Driver/Src/stm32f4xx_hal_adc.c ****   
 1142              		.loc 1 1048 3 discriminator 2 view .LVU393
1053:Drivers/STM32F4xx_HAL_Driver/Src/stm32f4xx_hal_adc.c ****   {  
 1143              		.loc 1 1053 3 view .LVU394
1053:Drivers/STM32F4xx_HAL_Driver/Src/stm32f4xx_hal_adc.c ****   {  
 1144              		.loc 1 1053 11 is_stmt 0 view .LVU395
 1145 0014 0368     		ldr	r3, [r0]
1053:Drivers/STM32F4xx_HAL_Driver/Src/stm32f4xx_hal_adc.c ****   {  
 1146              		.loc 1 1053 21 view .LVU396
 1147 0016 9A68     		ldr	r2, [r3, #8]
1053:Drivers/STM32F4xx_HAL_Driver/Src/stm32f4xx_hal_adc.c ****   {  
 1148              		.loc 1 1053 5 view .LVU397
 1149 0018 12F0010F 		tst	r2, #1
 1150 001c 13D1     		bne	.L82
1056:Drivers/STM32F4xx_HAL_Driver/Src/stm32f4xx_hal_adc.c ****     
 1151              		.loc 1 1056 5 is_stmt 1 view .LVU398
 1152 001e 9A68     		ldr	r2, [r3, #8]
 1153 0020 42F00102 		orr	r2, r2, #1
 1154 0024 9A60     		str	r2, [r3, #8]
1060:Drivers/STM32F4xx_HAL_Driver/Src/stm32f4xx_hal_adc.c ****     while(counter != 0U)
 1155              		.loc 1 1060 5 view .LVU399
1060:Drivers/STM32F4xx_HAL_Driver/Src/stm32f4xx_hal_adc.c ****     while(counter != 0U)
 1156              		.loc 1 1060 53 is_stmt 0 view .LVU400
 1157 0026 384B     		ldr	r3, .L96
 1158 0028 1B68     		ldr	r3, [r3]
 1159 002a 384A     		ldr	r2, .L96+4
 1160 002c A2FB0323 		umull	r2, r3, r2, r3
 1161 0030 9B0C     		lsrs	r3, r3, #18
1060:Drivers/STM32F4xx_HAL_Driver/Src/stm32f4xx_hal_adc.c ****     while(counter != 0U)
 1162              		.loc 1 1060 34 view .LVU401
 1163 0032 03EB4303 		add	r3, r3, r3, lsl #1
1060:Drivers/STM32F4xx_HAL_Driver/Src/stm32f4xx_hal_adc.c ****     while(counter != 0U)
 1164              		.loc 1 1060 13 view .LVU402
ARM GAS  /tmp/ccFxaBUH.s 			page 61


 1165 0036 0193     		str	r3, [sp, #4]
1061:Drivers/STM32F4xx_HAL_Driver/Src/stm32f4xx_hal_adc.c ****     {
 1166              		.loc 1 1061 5 is_stmt 1 view .LVU403
1061:Drivers/STM32F4xx_HAL_Driver/Src/stm32f4xx_hal_adc.c ****     {
 1167              		.loc 1 1061 10 is_stmt 0 view .LVU404
 1168 0038 02E0     		b	.L83
 1169              	.L84:
1063:Drivers/STM32F4xx_HAL_Driver/Src/stm32f4xx_hal_adc.c ****     }
 1170              		.loc 1 1063 7 is_stmt 1 view .LVU405
1063:Drivers/STM32F4xx_HAL_Driver/Src/stm32f4xx_hal_adc.c ****     }
 1171              		.loc 1 1063 14 is_stmt 0 view .LVU406
 1172 003a 019B     		ldr	r3, [sp, #4]
 1173 003c 013B     		subs	r3, r3, #1
 1174 003e 0193     		str	r3, [sp, #4]
 1175              	.L83:
1061:Drivers/STM32F4xx_HAL_Driver/Src/stm32f4xx_hal_adc.c ****     {
 1176              		.loc 1 1061 19 is_stmt 1 view .LVU407
 1177 0040 019B     		ldr	r3, [sp, #4]
 1178 0042 002B     		cmp	r3, #0
 1179 0044 F9D1     		bne	.L84
 1180              	.L82:
1068:Drivers/STM32F4xx_HAL_Driver/Src/stm32f4xx_hal_adc.c ****   {
 1181              		.loc 1 1068 3 view .LVU408
1068:Drivers/STM32F4xx_HAL_Driver/Src/stm32f4xx_hal_adc.c ****   {
 1182              		.loc 1 1068 6 is_stmt 0 view .LVU409
 1183 0046 0268     		ldr	r2, [r0]
 1184 0048 9368     		ldr	r3, [r2, #8]
1068:Drivers/STM32F4xx_HAL_Driver/Src/stm32f4xx_hal_adc.c ****   {
 1185              		.loc 1 1068 5 view .LVU410
 1186 004a 13F0010F 		tst	r3, #1
 1187 004e 49D0     		beq	.L85
1073:Drivers/STM32F4xx_HAL_Driver/Src/stm32f4xx_hal_adc.c ****                       HAL_ADC_STATE_READY | HAL_ADC_STATE_REG_EOC | HAL_ADC_STATE_REG_OVR,
 1188              		.loc 1 1073 5 is_stmt 1 view .LVU411
 1189 0050 036C     		ldr	r3, [r0, #64]
 1190 0052 23F4E063 		bic	r3, r3, #1792
 1191 0056 23F00103 		bic	r3, r3, #1
 1192 005a 43F48073 		orr	r3, r3, #256
 1193 005e 0364     		str	r3, [r0, #64]
1079:Drivers/STM32F4xx_HAL_Driver/Src/stm32f4xx_hal_adc.c ****     {
 1194              		.loc 1 1079 5 view .LVU412
1079:Drivers/STM32F4xx_HAL_Driver/Src/stm32f4xx_hal_adc.c ****     {
 1195              		.loc 1 1079 9 is_stmt 0 view .LVU413
 1196 0060 5368     		ldr	r3, [r2, #4]
1079:Drivers/STM32F4xx_HAL_Driver/Src/stm32f4xx_hal_adc.c ****     {
 1197              		.loc 1 1079 8 view .LVU414
 1198 0062 13F4806F 		tst	r3, #1024
 1199 0066 05D0     		beq	.L86
1081:Drivers/STM32F4xx_HAL_Driver/Src/stm32f4xx_hal_adc.c ****     }
 1200              		.loc 1 1081 7 is_stmt 1 view .LVU415
 1201 0068 036C     		ldr	r3, [r0, #64]
 1202 006a 23F44053 		bic	r3, r3, #12288
 1203 006e 43F48053 		orr	r3, r3, #4096
 1204 0072 0364     		str	r3, [r0, #64]
 1205              	.L86:
1085:Drivers/STM32F4xx_HAL_Driver/Src/stm32f4xx_hal_adc.c ****     {
 1206              		.loc 1 1085 5 view .LVU416
1085:Drivers/STM32F4xx_HAL_Driver/Src/stm32f4xx_hal_adc.c ****     {
ARM GAS  /tmp/ccFxaBUH.s 			page 62


 1207              		.loc 1 1085 9 is_stmt 0 view .LVU417
 1208 0074 036C     		ldr	r3, [r0, #64]
1085:Drivers/STM32F4xx_HAL_Driver/Src/stm32f4xx_hal_adc.c ****     {
 1209              		.loc 1 1085 8 view .LVU418
 1210 0076 13F4805F 		tst	r3, #4096
 1211 007a 20D0     		beq	.L87
1088:Drivers/STM32F4xx_HAL_Driver/Src/stm32f4xx_hal_adc.c ****     }
 1212              		.loc 1 1088 7 is_stmt 1 view .LVU419
 1213 007c 436C     		ldr	r3, [r0, #68]
 1214 007e 23F00603 		bic	r3, r3, #6
 1215 0082 4364     		str	r3, [r0, #68]
 1216              	.L88:
1099:Drivers/STM32F4xx_HAL_Driver/Src/stm32f4xx_hal_adc.c **** 
 1217              		.loc 1 1099 5 view .LVU420
1099:Drivers/STM32F4xx_HAL_Driver/Src/stm32f4xx_hal_adc.c **** 
 1218              		.loc 1 1099 5 view .LVU421
 1219 0084 0023     		movs	r3, #0
 1220 0086 80F83C30 		strb	r3, [r0, #60]
1099:Drivers/STM32F4xx_HAL_Driver/Src/stm32f4xx_hal_adc.c **** 
 1221              		.loc 1 1099 5 view .LVU422
1104:Drivers/STM32F4xx_HAL_Driver/Src/stm32f4xx_hal_adc.c **** 
 1222              		.loc 1 1104 5 view .LVU423
 1223              	.LVL54:
1108:Drivers/STM32F4xx_HAL_Driver/Src/stm32f4xx_hal_adc.c ****     
 1224              		.loc 1 1108 5 view .LVU424
 1225 008a 6FF02203 		mvn	r3, #34
 1226 008e 1360     		str	r3, [r2]
1111:Drivers/STM32F4xx_HAL_Driver/Src/stm32f4xx_hal_adc.c ****     
 1227              		.loc 1 1111 5 view .LVU425
 1228 0090 0268     		ldr	r2, [r0]
 1229 0092 5368     		ldr	r3, [r2, #4]
 1230 0094 43F08063 		orr	r3, r3, #67108864
 1231 0098 43F02003 		orr	r3, r3, #32
 1232 009c 5360     		str	r3, [r2, #4]
1114:Drivers/STM32F4xx_HAL_Driver/Src/stm32f4xx_hal_adc.c ****     {
 1233              		.loc 1 1114 5 view .LVU426
1114:Drivers/STM32F4xx_HAL_Driver/Src/stm32f4xx_hal_adc.c ****     {
 1234              		.loc 1 1114 8 is_stmt 0 view .LVU427
 1235 009e 1C4B     		ldr	r3, .L96+8
 1236 00a0 5B68     		ldr	r3, [r3, #4]
1114:Drivers/STM32F4xx_HAL_Driver/Src/stm32f4xx_hal_adc.c ****     {
 1237              		.loc 1 1114 7 view .LVU428
 1238 00a2 13F01F0F 		tst	r3, #31
 1239 00a6 0DD1     		bne	.L89
1122:Drivers/STM32F4xx_HAL_Driver/Src/stm32f4xx_hal_adc.c ****         {
 1240              		.loc 1 1122 9 is_stmt 1 view .LVU429
1122:Drivers/STM32F4xx_HAL_Driver/Src/stm32f4xx_hal_adc.c ****         {
 1241              		.loc 1 1122 17 is_stmt 0 view .LVU430
 1242 00a8 0368     		ldr	r3, [r0]
1122:Drivers/STM32F4xx_HAL_Driver/Src/stm32f4xx_hal_adc.c ****         {
 1243              		.loc 1 1122 27 view .LVU431
 1244 00aa 9A68     		ldr	r2, [r3, #8]
1122:Drivers/STM32F4xx_HAL_Driver/Src/stm32f4xx_hal_adc.c ****         {
 1245              		.loc 1 1122 11 view .LVU432
 1246 00ac 12F0405F 		tst	r2, #805306368
 1247 00b0 25D1     		bne	.L91
1125:Drivers/STM32F4xx_HAL_Driver/Src/stm32f4xx_hal_adc.c ****         }
ARM GAS  /tmp/ccFxaBUH.s 			page 63


 1248              		.loc 1 1125 11 is_stmt 1 view .LVU433
1125:Drivers/STM32F4xx_HAL_Driver/Src/stm32f4xx_hal_adc.c ****         }
 1249              		.loc 1 1125 25 is_stmt 0 view .LVU434
 1250 00b2 9A68     		ldr	r2, [r3, #8]
1125:Drivers/STM32F4xx_HAL_Driver/Src/stm32f4xx_hal_adc.c ****         }
 1251              		.loc 1 1125 31 view .LVU435
 1252 00b4 42F08042 		orr	r2, r2, #1073741824
 1253 00b8 9A60     		str	r2, [r3, #8]
1151:Drivers/STM32F4xx_HAL_Driver/Src/stm32f4xx_hal_adc.c **** }
 1254              		.loc 1 1151 10 view .LVU436
 1255 00ba 0020     		movs	r0, #0
 1256              	.LVL55:
1151:Drivers/STM32F4xx_HAL_Driver/Src/stm32f4xx_hal_adc.c **** }
 1257              		.loc 1 1151 10 view .LVU437
 1258 00bc 1BE0     		b	.L81
 1259              	.LVL56:
 1260              	.L87:
1093:Drivers/STM32F4xx_HAL_Driver/Src/stm32f4xx_hal_adc.c ****     }
 1261              		.loc 1 1093 7 is_stmt 1 view .LVU438
 1262 00be 0023     		movs	r3, #0
 1263 00c0 4364     		str	r3, [r0, #68]
 1264 00c2 DFE7     		b	.L88
 1265              	.LVL57:
 1266              	.L89:
1134:Drivers/STM32F4xx_HAL_Driver/Src/stm32f4xx_hal_adc.c ****       {
 1267              		.loc 1 1134 7 view .LVU439
1134:Drivers/STM32F4xx_HAL_Driver/Src/stm32f4xx_hal_adc.c ****       {
 1268              		.loc 1 1134 15 is_stmt 0 view .LVU440
 1269 00c4 0368     		ldr	r3, [r0]
1134:Drivers/STM32F4xx_HAL_Driver/Src/stm32f4xx_hal_adc.c ****       {
 1270              		.loc 1 1134 9 view .LVU441
 1271 00c6 134A     		ldr	r2, .L96+12
 1272 00c8 9342     		cmp	r3, r2
 1273 00ca 01D0     		beq	.L95
1151:Drivers/STM32F4xx_HAL_Driver/Src/stm32f4xx_hal_adc.c **** }
 1274              		.loc 1 1151 10 view .LVU442
 1275 00cc 0020     		movs	r0, #0
 1276              	.LVL58:
1151:Drivers/STM32F4xx_HAL_Driver/Src/stm32f4xx_hal_adc.c **** }
 1277              		.loc 1 1151 10 view .LVU443
 1278 00ce 12E0     		b	.L81
 1279              	.LVL59:
 1280              	.L95:
1134:Drivers/STM32F4xx_HAL_Driver/Src/stm32f4xx_hal_adc.c ****       {
 1281              		.loc 1 1134 54 discriminator 1 view .LVU444
 1282 00d0 9A68     		ldr	r2, [r3, #8]
1134:Drivers/STM32F4xx_HAL_Driver/Src/stm32f4xx_hal_adc.c ****       {
 1283              		.loc 1 1134 35 discriminator 1 view .LVU445
 1284 00d2 12F0405F 		tst	r2, #805306368
 1285 00d6 14D1     		bne	.L93
1137:Drivers/STM32F4xx_HAL_Driver/Src/stm32f4xx_hal_adc.c ****       }
 1286              		.loc 1 1137 11 is_stmt 1 view .LVU446
1137:Drivers/STM32F4xx_HAL_Driver/Src/stm32f4xx_hal_adc.c ****       }
 1287              		.loc 1 1137 25 is_stmt 0 view .LVU447
 1288 00d8 9A68     		ldr	r2, [r3, #8]
1137:Drivers/STM32F4xx_HAL_Driver/Src/stm32f4xx_hal_adc.c ****       }
 1289              		.loc 1 1137 31 view .LVU448
ARM GAS  /tmp/ccFxaBUH.s 			page 64


 1290 00da 42F08042 		orr	r2, r2, #1073741824
 1291 00de 9A60     		str	r2, [r3, #8]
1151:Drivers/STM32F4xx_HAL_Driver/Src/stm32f4xx_hal_adc.c **** }
 1292              		.loc 1 1151 10 view .LVU449
 1293 00e0 0020     		movs	r0, #0
 1294              	.LVL60:
1151:Drivers/STM32F4xx_HAL_Driver/Src/stm32f4xx_hal_adc.c **** }
 1295              		.loc 1 1151 10 view .LVU450
 1296 00e2 08E0     		b	.L81
 1297              	.LVL61:
 1298              	.L85:
1144:Drivers/STM32F4xx_HAL_Driver/Src/stm32f4xx_hal_adc.c **** 
 1299              		.loc 1 1144 5 is_stmt 1 view .LVU451
 1300 00e4 036C     		ldr	r3, [r0, #64]
 1301 00e6 43F01003 		orr	r3, r3, #16
 1302 00ea 0364     		str	r3, [r0, #64]
1147:Drivers/STM32F4xx_HAL_Driver/Src/stm32f4xx_hal_adc.c ****   }
 1303              		.loc 1 1147 5 view .LVU452
 1304 00ec 436C     		ldr	r3, [r0, #68]
 1305 00ee 43F00103 		orr	r3, r3, #1
 1306 00f2 4364     		str	r3, [r0, #68]
1151:Drivers/STM32F4xx_HAL_Driver/Src/stm32f4xx_hal_adc.c **** }
 1307              		.loc 1 1151 10 is_stmt 0 view .LVU453
 1308 00f4 0020     		movs	r0, #0
 1309              	.LVL62:
 1310              	.L81:
1152:Drivers/STM32F4xx_HAL_Driver/Src/stm32f4xx_hal_adc.c **** 
 1311              		.loc 1 1152 1 view .LVU454
 1312 00f6 02B0     		add	sp, sp, #8
 1313              		.cfi_remember_state
 1314              		.cfi_def_cfa_offset 0
 1315              		@ sp needed
 1316 00f8 7047     		bx	lr
 1317              	.LVL63:
 1318              	.L90:
 1319              		.cfi_restore_state
1048:Drivers/STM32F4xx_HAL_Driver/Src/stm32f4xx_hal_adc.c ****   
 1320              		.loc 1 1048 3 discriminator 1 view .LVU455
 1321 00fa 0220     		movs	r0, #2
 1322              	.LVL64:
1048:Drivers/STM32F4xx_HAL_Driver/Src/stm32f4xx_hal_adc.c ****   
 1323              		.loc 1 1048 3 discriminator 1 view .LVU456
 1324 00fc FBE7     		b	.L81
 1325              	.LVL65:
 1326              	.L91:
1151:Drivers/STM32F4xx_HAL_Driver/Src/stm32f4xx_hal_adc.c **** }
 1327              		.loc 1 1151 10 view .LVU457
 1328 00fe 0020     		movs	r0, #0
 1329              	.LVL66:
1151:Drivers/STM32F4xx_HAL_Driver/Src/stm32f4xx_hal_adc.c **** }
 1330              		.loc 1 1151 10 view .LVU458
 1331 0100 F9E7     		b	.L81
 1332              	.LVL67:
 1333              	.L93:
1151:Drivers/STM32F4xx_HAL_Driver/Src/stm32f4xx_hal_adc.c **** }
 1334              		.loc 1 1151 10 view .LVU459
 1335 0102 0020     		movs	r0, #0
ARM GAS  /tmp/ccFxaBUH.s 			page 65


 1336              	.LVL68:
1151:Drivers/STM32F4xx_HAL_Driver/Src/stm32f4xx_hal_adc.c **** }
 1337              		.loc 1 1151 10 view .LVU460
 1338 0104 F7E7     		b	.L81
 1339              	.L97:
 1340 0106 00BF     		.align	2
 1341              	.L96:
 1342 0108 00000000 		.word	SystemCoreClock
 1343 010c 83DE1B43 		.word	1125899907
 1344 0110 00230140 		.word	1073816320
 1345 0114 00200140 		.word	1073815552
 1346              		.cfi_endproc
 1347              	.LFE224:
 1349              		.section	.text.HAL_ADC_Stop_IT,"ax",%progbits
 1350              		.align	1
 1351              		.global	HAL_ADC_Stop_IT
 1352              		.syntax unified
 1353              		.thumb
 1354              		.thumb_func
 1356              	HAL_ADC_Stop_IT:
 1357              	.LVL69:
 1358              	.LFB225:
1164:Drivers/STM32F4xx_HAL_Driver/Src/stm32f4xx_hal_adc.c ****   /* Check the parameters */
 1359              		.loc 1 1164 1 is_stmt 1 view -0
 1360              		.cfi_startproc
 1361              		@ args = 0, pretend = 0, frame = 0
 1362              		@ frame_needed = 0, uses_anonymous_args = 0
 1363              		@ link register save eliminated.
1166:Drivers/STM32F4xx_HAL_Driver/Src/stm32f4xx_hal_adc.c ****   
 1364              		.loc 1 1166 3 view .LVU462
1169:Drivers/STM32F4xx_HAL_Driver/Src/stm32f4xx_hal_adc.c ****   
 1365              		.loc 1 1169 3 view .LVU463
1169:Drivers/STM32F4xx_HAL_Driver/Src/stm32f4xx_hal_adc.c ****   
 1366              		.loc 1 1169 3 view .LVU464
 1367 0000 90F83C30 		ldrb	r3, [r0, #60]	@ zero_extendqisi2
 1368 0004 012B     		cmp	r3, #1
 1369 0006 1FD0     		beq	.L101
1169:Drivers/STM32F4xx_HAL_Driver/Src/stm32f4xx_hal_adc.c ****   
 1370              		.loc 1 1169 3 discriminator 2 view .LVU465
 1371 0008 0123     		movs	r3, #1
 1372 000a 80F83C30 		strb	r3, [r0, #60]
1169:Drivers/STM32F4xx_HAL_Driver/Src/stm32f4xx_hal_adc.c ****   
 1373              		.loc 1 1169 3 discriminator 2 view .LVU466
1173:Drivers/STM32F4xx_HAL_Driver/Src/stm32f4xx_hal_adc.c ****   
 1374              		.loc 1 1173 3 view .LVU467
 1375 000e 0268     		ldr	r2, [r0]
 1376 0010 9368     		ldr	r3, [r2, #8]
 1377 0012 23F00103 		bic	r3, r3, #1
 1378 0016 9360     		str	r3, [r2, #8]
1176:Drivers/STM32F4xx_HAL_Driver/Src/stm32f4xx_hal_adc.c ****   {
 1379              		.loc 1 1176 3 view .LVU468
1176:Drivers/STM32F4xx_HAL_Driver/Src/stm32f4xx_hal_adc.c ****   {
 1380              		.loc 1 1176 6 is_stmt 0 view .LVU469
 1381 0018 0368     		ldr	r3, [r0]
 1382 001a 9A68     		ldr	r2, [r3, #8]
1176:Drivers/STM32F4xx_HAL_Driver/Src/stm32f4xx_hal_adc.c ****   {
 1383              		.loc 1 1176 5 view .LVU470
ARM GAS  /tmp/ccFxaBUH.s 			page 66


 1384 001c 12F0010F 		tst	r2, #1
 1385 0020 0DD1     		bne	.L100
1179:Drivers/STM32F4xx_HAL_Driver/Src/stm32f4xx_hal_adc.c **** 
 1386              		.loc 1 1179 5 is_stmt 1 view .LVU471
 1387 0022 5A68     		ldr	r2, [r3, #4]
 1388 0024 22F08062 		bic	r2, r2, #67108864
 1389 0028 22F02002 		bic	r2, r2, #32
 1390 002c 5A60     		str	r2, [r3, #4]
1182:Drivers/STM32F4xx_HAL_Driver/Src/stm32f4xx_hal_adc.c ****                       HAL_ADC_STATE_REG_BUSY | HAL_ADC_STATE_INJ_BUSY,
 1391              		.loc 1 1182 5 view .LVU472
 1392 002e 036C     		ldr	r3, [r0, #64]
 1393 0030 23F48853 		bic	r3, r3, #4352
 1394 0034 23F00103 		bic	r3, r3, #1
 1395 0038 43F00103 		orr	r3, r3, #1
 1396 003c 0364     		str	r3, [r0, #64]
 1397              	.L100:
1188:Drivers/STM32F4xx_HAL_Driver/Src/stm32f4xx_hal_adc.c ****   
 1398              		.loc 1 1188 3 view .LVU473
1188:Drivers/STM32F4xx_HAL_Driver/Src/stm32f4xx_hal_adc.c ****   
 1399              		.loc 1 1188 3 view .LVU474
 1400 003e 0023     		movs	r3, #0
 1401 0040 80F83C30 		strb	r3, [r0, #60]
1188:Drivers/STM32F4xx_HAL_Driver/Src/stm32f4xx_hal_adc.c ****   
 1402              		.loc 1 1188 3 view .LVU475
1191:Drivers/STM32F4xx_HAL_Driver/Src/stm32f4xx_hal_adc.c **** }
 1403              		.loc 1 1191 3 view .LVU476
1191:Drivers/STM32F4xx_HAL_Driver/Src/stm32f4xx_hal_adc.c **** }
 1404              		.loc 1 1191 10 is_stmt 0 view .LVU477
 1405 0044 1846     		mov	r0, r3
 1406              	.LVL70:
1191:Drivers/STM32F4xx_HAL_Driver/Src/stm32f4xx_hal_adc.c **** }
 1407              		.loc 1 1191 10 view .LVU478
 1408 0046 7047     		bx	lr
 1409              	.LVL71:
 1410              	.L101:
1169:Drivers/STM32F4xx_HAL_Driver/Src/stm32f4xx_hal_adc.c ****   
 1411              		.loc 1 1169 3 discriminator 1 view .LVU479
 1412 0048 0220     		movs	r0, #2
 1413              	.LVL72:
1192:Drivers/STM32F4xx_HAL_Driver/Src/stm32f4xx_hal_adc.c **** 
 1414              		.loc 1 1192 1 view .LVU480
 1415 004a 7047     		bx	lr
 1416              		.cfi_endproc
 1417              	.LFE225:
 1419              		.section	.text.HAL_ADC_Start_DMA,"ax",%progbits
 1420              		.align	1
 1421              		.global	HAL_ADC_Start_DMA
 1422              		.syntax unified
 1423              		.thumb
 1424              		.thumb_func
 1426              	HAL_ADC_Start_DMA:
 1427              	.LVL73:
 1428              	.LFB227:
1363:Drivers/STM32F4xx_HAL_Driver/Src/stm32f4xx_hal_adc.c ****   __IO uint32_t counter = 0U;
 1429              		.loc 1 1363 1 is_stmt 1 view -0
 1430              		.cfi_startproc
 1431              		@ args = 0, pretend = 0, frame = 8
ARM GAS  /tmp/ccFxaBUH.s 			page 67


 1432              		@ frame_needed = 0, uses_anonymous_args = 0
1363:Drivers/STM32F4xx_HAL_Driver/Src/stm32f4xx_hal_adc.c ****   __IO uint32_t counter = 0U;
 1433              		.loc 1 1363 1 is_stmt 0 view .LVU482
 1434 0000 10B5     		push	{r4, lr}
 1435              		.cfi_def_cfa_offset 8
 1436              		.cfi_offset 4, -8
 1437              		.cfi_offset 14, -4
 1438 0002 82B0     		sub	sp, sp, #8
 1439              		.cfi_def_cfa_offset 16
 1440 0004 1346     		mov	r3, r2
1364:Drivers/STM32F4xx_HAL_Driver/Src/stm32f4xx_hal_adc.c ****   ADC_Common_TypeDef *tmpADC_Common;
 1441              		.loc 1 1364 3 is_stmt 1 view .LVU483
1364:Drivers/STM32F4xx_HAL_Driver/Src/stm32f4xx_hal_adc.c ****   ADC_Common_TypeDef *tmpADC_Common;
 1442              		.loc 1 1364 17 is_stmt 0 view .LVU484
 1443 0006 0022     		movs	r2, #0
 1444              	.LVL74:
1364:Drivers/STM32F4xx_HAL_Driver/Src/stm32f4xx_hal_adc.c ****   ADC_Common_TypeDef *tmpADC_Common;
 1445              		.loc 1 1364 17 view .LVU485
 1446 0008 0192     		str	r2, [sp, #4]
1365:Drivers/STM32F4xx_HAL_Driver/Src/stm32f4xx_hal_adc.c ****   
 1447              		.loc 1 1365 3 is_stmt 1 view .LVU486
1368:Drivers/STM32F4xx_HAL_Driver/Src/stm32f4xx_hal_adc.c ****   assert_param(IS_ADC_EXT_TRIG_EDGE(hadc->Init.ExternalTrigConvEdge)); 
 1448              		.loc 1 1368 3 view .LVU487
1369:Drivers/STM32F4xx_HAL_Driver/Src/stm32f4xx_hal_adc.c ****   
 1449              		.loc 1 1369 3 view .LVU488
1372:Drivers/STM32F4xx_HAL_Driver/Src/stm32f4xx_hal_adc.c ****   
 1450              		.loc 1 1372 3 view .LVU489
1372:Drivers/STM32F4xx_HAL_Driver/Src/stm32f4xx_hal_adc.c ****   
 1451              		.loc 1 1372 3 view .LVU490
 1452 000a 90F83C20 		ldrb	r2, [r0, #60]	@ zero_extendqisi2
 1453 000e 012A     		cmp	r2, #1
 1454 0010 00F09480 		beq	.L113
 1455 0014 0446     		mov	r4, r0
1372:Drivers/STM32F4xx_HAL_Driver/Src/stm32f4xx_hal_adc.c ****   
 1456              		.loc 1 1372 3 discriminator 2 view .LVU491
 1457 0016 0122     		movs	r2, #1
 1458 0018 80F83C20 		strb	r2, [r0, #60]
1372:Drivers/STM32F4xx_HAL_Driver/Src/stm32f4xx_hal_adc.c ****   
 1459              		.loc 1 1372 3 discriminator 2 view .LVU492
1377:Drivers/STM32F4xx_HAL_Driver/Src/stm32f4xx_hal_adc.c ****   {  
 1460              		.loc 1 1377 3 view .LVU493
1377:Drivers/STM32F4xx_HAL_Driver/Src/stm32f4xx_hal_adc.c ****   {  
 1461              		.loc 1 1377 11 is_stmt 0 view .LVU494
 1462 001c 0268     		ldr	r2, [r0]
1377:Drivers/STM32F4xx_HAL_Driver/Src/stm32f4xx_hal_adc.c ****   {  
 1463              		.loc 1 1377 21 view .LVU495
 1464 001e 9068     		ldr	r0, [r2, #8]
 1465              	.LVL75:
1377:Drivers/STM32F4xx_HAL_Driver/Src/stm32f4xx_hal_adc.c ****   {  
 1466              		.loc 1 1377 5 view .LVU496
 1467 0020 10F0010F 		tst	r0, #1
 1468 0024 13D1     		bne	.L104
1380:Drivers/STM32F4xx_HAL_Driver/Src/stm32f4xx_hal_adc.c ****     
 1469              		.loc 1 1380 5 is_stmt 1 view .LVU497
 1470 0026 9068     		ldr	r0, [r2, #8]
 1471 0028 40F00100 		orr	r0, r0, #1
 1472 002c 9060     		str	r0, [r2, #8]
ARM GAS  /tmp/ccFxaBUH.s 			page 68


1384:Drivers/STM32F4xx_HAL_Driver/Src/stm32f4xx_hal_adc.c ****     while(counter != 0U)
 1473              		.loc 1 1384 5 view .LVU498
1384:Drivers/STM32F4xx_HAL_Driver/Src/stm32f4xx_hal_adc.c ****     while(counter != 0U)
 1474              		.loc 1 1384 53 is_stmt 0 view .LVU499
 1475 002e 464A     		ldr	r2, .L119
 1476 0030 1068     		ldr	r0, [r2]
 1477 0032 464A     		ldr	r2, .L119+4
 1478 0034 A2FB0020 		umull	r2, r0, r2, r0
 1479 0038 800C     		lsrs	r0, r0, #18
1384:Drivers/STM32F4xx_HAL_Driver/Src/stm32f4xx_hal_adc.c ****     while(counter != 0U)
 1480              		.loc 1 1384 34 view .LVU500
 1481 003a 00EB4000 		add	r0, r0, r0, lsl #1
1384:Drivers/STM32F4xx_HAL_Driver/Src/stm32f4xx_hal_adc.c ****     while(counter != 0U)
 1482              		.loc 1 1384 13 view .LVU501
 1483 003e 0190     		str	r0, [sp, #4]
1385:Drivers/STM32F4xx_HAL_Driver/Src/stm32f4xx_hal_adc.c ****     {
 1484              		.loc 1 1385 5 is_stmt 1 view .LVU502
1385:Drivers/STM32F4xx_HAL_Driver/Src/stm32f4xx_hal_adc.c ****     {
 1485              		.loc 1 1385 10 is_stmt 0 view .LVU503
 1486 0040 02E0     		b	.L105
 1487              	.L106:
1387:Drivers/STM32F4xx_HAL_Driver/Src/stm32f4xx_hal_adc.c ****     }
 1488              		.loc 1 1387 7 is_stmt 1 view .LVU504
1387:Drivers/STM32F4xx_HAL_Driver/Src/stm32f4xx_hal_adc.c ****     }
 1489              		.loc 1 1387 14 is_stmt 0 view .LVU505
 1490 0042 0198     		ldr	r0, [sp, #4]
 1491 0044 0138     		subs	r0, r0, #1
 1492 0046 0190     		str	r0, [sp, #4]
 1493              	.L105:
1385:Drivers/STM32F4xx_HAL_Driver/Src/stm32f4xx_hal_adc.c ****     {
 1494              		.loc 1 1385 19 is_stmt 1 view .LVU506
 1495 0048 0198     		ldr	r0, [sp, #4]
 1496 004a 0028     		cmp	r0, #0
 1497 004c F9D1     		bne	.L106
 1498              	.L104:
1393:Drivers/STM32F4xx_HAL_Driver/Src/stm32f4xx_hal_adc.c ****   {
 1499              		.loc 1 1393 3 view .LVU507
1393:Drivers/STM32F4xx_HAL_Driver/Src/stm32f4xx_hal_adc.c ****   {
 1500              		.loc 1 1393 11 is_stmt 0 view .LVU508
 1501 004e 2268     		ldr	r2, [r4]
1393:Drivers/STM32F4xx_HAL_Driver/Src/stm32f4xx_hal_adc.c ****   {
 1502              		.loc 1 1393 21 view .LVU509
 1503 0050 9068     		ldr	r0, [r2, #8]
1393:Drivers/STM32F4xx_HAL_Driver/Src/stm32f4xx_hal_adc.c ****   {
 1504              		.loc 1 1393 5 view .LVU510
 1505 0052 10F4807F 		tst	r0, #256
 1506 0056 03D0     		beq	.L107
1395:Drivers/STM32F4xx_HAL_Driver/Src/stm32f4xx_hal_adc.c ****   }
 1507              		.loc 1 1395 5 is_stmt 1 view .LVU511
 1508 0058 9068     		ldr	r0, [r2, #8]
 1509 005a 20F48070 		bic	r0, r0, #256
 1510 005e 9060     		str	r0, [r2, #8]
 1511              	.L107:
1399:Drivers/STM32F4xx_HAL_Driver/Src/stm32f4xx_hal_adc.c ****   {
 1512              		.loc 1 1399 3 view .LVU512
1399:Drivers/STM32F4xx_HAL_Driver/Src/stm32f4xx_hal_adc.c ****   {
 1513              		.loc 1 1399 6 is_stmt 0 view .LVU513
ARM GAS  /tmp/ccFxaBUH.s 			page 69


 1514 0060 2268     		ldr	r2, [r4]
 1515 0062 9068     		ldr	r0, [r2, #8]
1399:Drivers/STM32F4xx_HAL_Driver/Src/stm32f4xx_hal_adc.c ****   {
 1516              		.loc 1 1399 5 view .LVU514
 1517 0064 10F0010F 		tst	r0, #1
 1518 0068 5DD0     		beq	.L108
1404:Drivers/STM32F4xx_HAL_Driver/Src/stm32f4xx_hal_adc.c ****                       HAL_ADC_STATE_READY | HAL_ADC_STATE_REG_EOC | HAL_ADC_STATE_REG_OVR,
 1519              		.loc 1 1404 5 is_stmt 1 view .LVU515
 1520 006a 206C     		ldr	r0, [r4, #64]
 1521 006c 20F4E060 		bic	r0, r0, #1792
 1522 0070 20F00100 		bic	r0, r0, #1
 1523 0074 40F48070 		orr	r0, r0, #256
 1524 0078 2064     		str	r0, [r4, #64]
1410:Drivers/STM32F4xx_HAL_Driver/Src/stm32f4xx_hal_adc.c ****     {
 1525              		.loc 1 1410 5 view .LVU516
1410:Drivers/STM32F4xx_HAL_Driver/Src/stm32f4xx_hal_adc.c ****     {
 1526              		.loc 1 1410 9 is_stmt 0 view .LVU517
 1527 007a 5268     		ldr	r2, [r2, #4]
1410:Drivers/STM32F4xx_HAL_Driver/Src/stm32f4xx_hal_adc.c ****     {
 1528              		.loc 1 1410 8 view .LVU518
 1529 007c 12F4806F 		tst	r2, #1024
 1530 0080 05D0     		beq	.L109
1412:Drivers/STM32F4xx_HAL_Driver/Src/stm32f4xx_hal_adc.c ****     }
 1531              		.loc 1 1412 7 is_stmt 1 view .LVU519
 1532 0082 226C     		ldr	r2, [r4, #64]
 1533 0084 22F44052 		bic	r2, r2, #12288
 1534 0088 42F48052 		orr	r2, r2, #4096
 1535 008c 2264     		str	r2, [r4, #64]
 1536              	.L109:
1416:Drivers/STM32F4xx_HAL_Driver/Src/stm32f4xx_hal_adc.c ****     {
 1537              		.loc 1 1416 5 view .LVU520
1416:Drivers/STM32F4xx_HAL_Driver/Src/stm32f4xx_hal_adc.c ****     {
 1538              		.loc 1 1416 9 is_stmt 0 view .LVU521
 1539 008e 226C     		ldr	r2, [r4, #64]
1416:Drivers/STM32F4xx_HAL_Driver/Src/stm32f4xx_hal_adc.c ****     {
 1540              		.loc 1 1416 8 view .LVU522
 1541 0090 12F4805F 		tst	r2, #4096
 1542 0094 34D0     		beq	.L110
1419:Drivers/STM32F4xx_HAL_Driver/Src/stm32f4xx_hal_adc.c ****     }
 1543              		.loc 1 1419 7 is_stmt 1 view .LVU523
 1544 0096 626C     		ldr	r2, [r4, #68]
 1545 0098 22F00602 		bic	r2, r2, #6
 1546 009c 6264     		str	r2, [r4, #68]
 1547              	.L111:
1430:Drivers/STM32F4xx_HAL_Driver/Src/stm32f4xx_hal_adc.c **** 
 1548              		.loc 1 1430 5 view .LVU524
1430:Drivers/STM32F4xx_HAL_Driver/Src/stm32f4xx_hal_adc.c **** 
 1549              		.loc 1 1430 5 view .LVU525
 1550 009e 0022     		movs	r2, #0
 1551 00a0 84F83C20 		strb	r2, [r4, #60]
1430:Drivers/STM32F4xx_HAL_Driver/Src/stm32f4xx_hal_adc.c **** 
 1552              		.loc 1 1430 5 view .LVU526
1435:Drivers/STM32F4xx_HAL_Driver/Src/stm32f4xx_hal_adc.c **** 
 1553              		.loc 1 1435 5 view .LVU527
 1554              	.LVL76:
1438:Drivers/STM32F4xx_HAL_Driver/Src/stm32f4xx_hal_adc.c **** 
 1555              		.loc 1 1438 5 view .LVU528
ARM GAS  /tmp/ccFxaBUH.s 			page 70


1438:Drivers/STM32F4xx_HAL_Driver/Src/stm32f4xx_hal_adc.c **** 
 1556              		.loc 1 1438 9 is_stmt 0 view .LVU529
 1557 00a4 A26B     		ldr	r2, [r4, #56]
1438:Drivers/STM32F4xx_HAL_Driver/Src/stm32f4xx_hal_adc.c **** 
 1558              		.loc 1 1438 40 view .LVU530
 1559 00a6 2A48     		ldr	r0, .L119+8
 1560 00a8 D063     		str	r0, [r2, #60]
1441:Drivers/STM32F4xx_HAL_Driver/Src/stm32f4xx_hal_adc.c ****     
 1561              		.loc 1 1441 5 is_stmt 1 view .LVU531
1441:Drivers/STM32F4xx_HAL_Driver/Src/stm32f4xx_hal_adc.c ****     
 1562              		.loc 1 1441 9 is_stmt 0 view .LVU532
 1563 00aa A26B     		ldr	r2, [r4, #56]
1441:Drivers/STM32F4xx_HAL_Driver/Src/stm32f4xx_hal_adc.c ****     
 1564              		.loc 1 1441 44 view .LVU533
 1565 00ac 2948     		ldr	r0, .L119+12
 1566 00ae 1064     		str	r0, [r2, #64]
1444:Drivers/STM32F4xx_HAL_Driver/Src/stm32f4xx_hal_adc.c **** 
 1567              		.loc 1 1444 5 is_stmt 1 view .LVU534
1444:Drivers/STM32F4xx_HAL_Driver/Src/stm32f4xx_hal_adc.c **** 
 1568              		.loc 1 1444 9 is_stmt 0 view .LVU535
 1569 00b0 A26B     		ldr	r2, [r4, #56]
1444:Drivers/STM32F4xx_HAL_Driver/Src/stm32f4xx_hal_adc.c **** 
 1570              		.loc 1 1444 41 view .LVU536
 1571 00b2 2948     		ldr	r0, .L119+16
 1572 00b4 D064     		str	r0, [r2, #76]
1452:Drivers/STM32F4xx_HAL_Driver/Src/stm32f4xx_hal_adc.c **** 
 1573              		.loc 1 1452 5 is_stmt 1 view .LVU537
 1574 00b6 2268     		ldr	r2, [r4]
 1575 00b8 6FF02200 		mvn	r0, #34
 1576 00bc 1060     		str	r0, [r2]
1455:Drivers/STM32F4xx_HAL_Driver/Src/stm32f4xx_hal_adc.c ****     
 1577              		.loc 1 1455 5 view .LVU538
 1578 00be 2068     		ldr	r0, [r4]
 1579 00c0 4268     		ldr	r2, [r0, #4]
 1580 00c2 42F08062 		orr	r2, r2, #67108864
 1581 00c6 4260     		str	r2, [r0, #4]
1458:Drivers/STM32F4xx_HAL_Driver/Src/stm32f4xx_hal_adc.c ****     
 1582              		.loc 1 1458 5 view .LVU539
1458:Drivers/STM32F4xx_HAL_Driver/Src/stm32f4xx_hal_adc.c ****     
 1583              		.loc 1 1458 9 is_stmt 0 view .LVU540
 1584 00c8 2068     		ldr	r0, [r4]
1458:Drivers/STM32F4xx_HAL_Driver/Src/stm32f4xx_hal_adc.c ****     
 1585              		.loc 1 1458 19 view .LVU541
 1586 00ca 8268     		ldr	r2, [r0, #8]
1458:Drivers/STM32F4xx_HAL_Driver/Src/stm32f4xx_hal_adc.c ****     
 1587              		.loc 1 1458 25 view .LVU542
 1588 00cc 42F48072 		orr	r2, r2, #256
 1589 00d0 8260     		str	r2, [r0, #8]
1461:Drivers/STM32F4xx_HAL_Driver/Src/stm32f4xx_hal_adc.c ****     
 1590              		.loc 1 1461 5 is_stmt 1 view .LVU543
1461:Drivers/STM32F4xx_HAL_Driver/Src/stm32f4xx_hal_adc.c ****     
 1591              		.loc 1 1461 55 is_stmt 0 view .LVU544
 1592 00d2 2068     		ldr	r0, [r4]
1461:Drivers/STM32F4xx_HAL_Driver/Src/stm32f4xx_hal_adc.c ****     
 1593              		.loc 1 1461 5 view .LVU545
 1594 00d4 0A46     		mov	r2, r1
 1595 00d6 00F14C01 		add	r1, r0, #76
ARM GAS  /tmp/ccFxaBUH.s 			page 71


 1596              	.LVL77:
1461:Drivers/STM32F4xx_HAL_Driver/Src/stm32f4xx_hal_adc.c ****     
 1597              		.loc 1 1461 5 view .LVU546
 1598 00da A06B     		ldr	r0, [r4, #56]
 1599 00dc FFF7FEFF 		bl	HAL_DMA_Start_IT
 1600              	.LVL78:
1464:Drivers/STM32F4xx_HAL_Driver/Src/stm32f4xx_hal_adc.c ****     {
 1601              		.loc 1 1464 5 is_stmt 1 view .LVU547
1464:Drivers/STM32F4xx_HAL_Driver/Src/stm32f4xx_hal_adc.c ****     {
 1602              		.loc 1 1464 8 is_stmt 0 view .LVU548
 1603 00e0 1E4B     		ldr	r3, .L119+20
 1604 00e2 5B68     		ldr	r3, [r3, #4]
1464:Drivers/STM32F4xx_HAL_Driver/Src/stm32f4xx_hal_adc.c ****     {
 1605              		.loc 1 1464 7 view .LVU549
 1606 00e4 13F01F0F 		tst	r3, #31
 1607 00e8 0DD1     		bne	.L112
1472:Drivers/STM32F4xx_HAL_Driver/Src/stm32f4xx_hal_adc.c ****         {
 1608              		.loc 1 1472 9 is_stmt 1 view .LVU550
1472:Drivers/STM32F4xx_HAL_Driver/Src/stm32f4xx_hal_adc.c ****         {
 1609              		.loc 1 1472 17 is_stmt 0 view .LVU551
 1610 00ea 2368     		ldr	r3, [r4]
1472:Drivers/STM32F4xx_HAL_Driver/Src/stm32f4xx_hal_adc.c ****         {
 1611              		.loc 1 1472 27 view .LVU552
 1612 00ec 9A68     		ldr	r2, [r3, #8]
1472:Drivers/STM32F4xx_HAL_Driver/Src/stm32f4xx_hal_adc.c ****         {
 1613              		.loc 1 1472 11 view .LVU553
 1614 00ee 12F0405F 		tst	r2, #805306368
 1615 00f2 25D1     		bne	.L114
1475:Drivers/STM32F4xx_HAL_Driver/Src/stm32f4xx_hal_adc.c ****         }
 1616              		.loc 1 1475 11 is_stmt 1 view .LVU554
1475:Drivers/STM32F4xx_HAL_Driver/Src/stm32f4xx_hal_adc.c ****         }
 1617              		.loc 1 1475 25 is_stmt 0 view .LVU555
 1618 00f4 9A68     		ldr	r2, [r3, #8]
1475:Drivers/STM32F4xx_HAL_Driver/Src/stm32f4xx_hal_adc.c ****         }
 1619              		.loc 1 1475 31 view .LVU556
 1620 00f6 42F08042 		orr	r2, r2, #1073741824
 1621 00fa 9A60     		str	r2, [r3, #8]
1501:Drivers/STM32F4xx_HAL_Driver/Src/stm32f4xx_hal_adc.c **** }
 1622              		.loc 1 1501 10 view .LVU557
 1623 00fc 0020     		movs	r0, #0
 1624 00fe 1BE0     		b	.L103
 1625              	.LVL79:
 1626              	.L110:
1424:Drivers/STM32F4xx_HAL_Driver/Src/stm32f4xx_hal_adc.c ****     }
 1627              		.loc 1 1424 7 is_stmt 1 view .LVU558
 1628 0100 0022     		movs	r2, #0
 1629 0102 6264     		str	r2, [r4, #68]
 1630 0104 CBE7     		b	.L111
 1631              	.LVL80:
 1632              	.L112:
1484:Drivers/STM32F4xx_HAL_Driver/Src/stm32f4xx_hal_adc.c ****       {
 1633              		.loc 1 1484 7 view .LVU559
1484:Drivers/STM32F4xx_HAL_Driver/Src/stm32f4xx_hal_adc.c ****       {
 1634              		.loc 1 1484 15 is_stmt 0 view .LVU560
 1635 0106 2368     		ldr	r3, [r4]
1484:Drivers/STM32F4xx_HAL_Driver/Src/stm32f4xx_hal_adc.c ****       {
 1636              		.loc 1 1484 9 view .LVU561
ARM GAS  /tmp/ccFxaBUH.s 			page 72


 1637 0108 154A     		ldr	r2, .L119+24
 1638 010a 9342     		cmp	r3, r2
 1639 010c 01D0     		beq	.L118
1501:Drivers/STM32F4xx_HAL_Driver/Src/stm32f4xx_hal_adc.c **** }
 1640              		.loc 1 1501 10 view .LVU562
 1641 010e 0020     		movs	r0, #0
 1642 0110 12E0     		b	.L103
 1643              	.L118:
1484:Drivers/STM32F4xx_HAL_Driver/Src/stm32f4xx_hal_adc.c ****       {
 1644              		.loc 1 1484 54 discriminator 1 view .LVU563
 1645 0112 9A68     		ldr	r2, [r3, #8]
1484:Drivers/STM32F4xx_HAL_Driver/Src/stm32f4xx_hal_adc.c ****       {
 1646              		.loc 1 1484 35 discriminator 1 view .LVU564
 1647 0114 12F0405F 		tst	r2, #805306368
 1648 0118 14D1     		bne	.L116
1487:Drivers/STM32F4xx_HAL_Driver/Src/stm32f4xx_hal_adc.c ****       }
 1649              		.loc 1 1487 11 is_stmt 1 view .LVU565
1487:Drivers/STM32F4xx_HAL_Driver/Src/stm32f4xx_hal_adc.c ****       }
 1650              		.loc 1 1487 25 is_stmt 0 view .LVU566
 1651 011a 9A68     		ldr	r2, [r3, #8]
1487:Drivers/STM32F4xx_HAL_Driver/Src/stm32f4xx_hal_adc.c ****       }
 1652              		.loc 1 1487 31 view .LVU567
 1653 011c 42F08042 		orr	r2, r2, #1073741824
 1654 0120 9A60     		str	r2, [r3, #8]
1501:Drivers/STM32F4xx_HAL_Driver/Src/stm32f4xx_hal_adc.c **** }
 1655              		.loc 1 1501 10 view .LVU568
 1656 0122 0020     		movs	r0, #0
 1657 0124 08E0     		b	.L103
 1658              	.LVL81:
 1659              	.L108:
1494:Drivers/STM32F4xx_HAL_Driver/Src/stm32f4xx_hal_adc.c **** 
 1660              		.loc 1 1494 5 is_stmt 1 view .LVU569
 1661 0126 236C     		ldr	r3, [r4, #64]
 1662              	.LVL82:
1494:Drivers/STM32F4xx_HAL_Driver/Src/stm32f4xx_hal_adc.c **** 
 1663              		.loc 1 1494 5 is_stmt 0 view .LVU570
 1664 0128 43F01003 		orr	r3, r3, #16
 1665 012c 2364     		str	r3, [r4, #64]
1497:Drivers/STM32F4xx_HAL_Driver/Src/stm32f4xx_hal_adc.c ****   }
 1666              		.loc 1 1497 5 is_stmt 1 view .LVU571
 1667 012e 636C     		ldr	r3, [r4, #68]
 1668 0130 43F00103 		orr	r3, r3, #1
 1669 0134 6364     		str	r3, [r4, #68]
1501:Drivers/STM32F4xx_HAL_Driver/Src/stm32f4xx_hal_adc.c **** }
 1670              		.loc 1 1501 10 is_stmt 0 view .LVU572
 1671 0136 0020     		movs	r0, #0
 1672              	.LVL83:
 1673              	.L103:
1502:Drivers/STM32F4xx_HAL_Driver/Src/stm32f4xx_hal_adc.c **** 
 1674              		.loc 1 1502 1 view .LVU573
 1675 0138 02B0     		add	sp, sp, #8
 1676              		.cfi_remember_state
 1677              		.cfi_def_cfa_offset 8
 1678              		@ sp needed
 1679 013a 10BD     		pop	{r4, pc}
 1680              	.LVL84:
 1681              	.L113:
ARM GAS  /tmp/ccFxaBUH.s 			page 73


 1682              		.cfi_restore_state
1372:Drivers/STM32F4xx_HAL_Driver/Src/stm32f4xx_hal_adc.c ****   
 1683              		.loc 1 1372 3 discriminator 1 view .LVU574
 1684 013c 0220     		movs	r0, #2
 1685              	.LVL85:
1372:Drivers/STM32F4xx_HAL_Driver/Src/stm32f4xx_hal_adc.c ****   
 1686              		.loc 1 1372 3 discriminator 1 view .LVU575
 1687 013e FBE7     		b	.L103
 1688              	.LVL86:
 1689              	.L114:
1501:Drivers/STM32F4xx_HAL_Driver/Src/stm32f4xx_hal_adc.c **** }
 1690              		.loc 1 1501 10 view .LVU576
 1691 0140 0020     		movs	r0, #0
 1692 0142 F9E7     		b	.L103
 1693              	.L116:
1501:Drivers/STM32F4xx_HAL_Driver/Src/stm32f4xx_hal_adc.c **** }
 1694              		.loc 1 1501 10 view .LVU577
 1695 0144 0020     		movs	r0, #0
 1696 0146 F7E7     		b	.L103
 1697              	.L120:
 1698              		.align	2
 1699              	.L119:
 1700 0148 00000000 		.word	SystemCoreClock
 1701 014c 83DE1B43 		.word	1125899907
 1702 0150 00000000 		.word	ADC_DMAConvCplt
 1703 0154 00000000 		.word	ADC_DMAHalfConvCplt
 1704 0158 00000000 		.word	ADC_DMAError
 1705 015c 00230140 		.word	1073816320
 1706 0160 00200140 		.word	1073815552
 1707              		.cfi_endproc
 1708              	.LFE227:
 1710              		.section	.text.HAL_ADC_Stop_DMA,"ax",%progbits
 1711              		.align	1
 1712              		.global	HAL_ADC_Stop_DMA
 1713              		.syntax unified
 1714              		.thumb
 1715              		.thumb_func
 1717              	HAL_ADC_Stop_DMA:
 1718              	.LVL87:
 1719              	.LFB228:
1511:Drivers/STM32F4xx_HAL_Driver/Src/stm32f4xx_hal_adc.c ****   HAL_StatusTypeDef tmp_hal_status = HAL_OK;
 1720              		.loc 1 1511 1 is_stmt 1 view -0
 1721              		.cfi_startproc
 1722              		@ args = 0, pretend = 0, frame = 0
 1723              		@ frame_needed = 0, uses_anonymous_args = 0
1512:Drivers/STM32F4xx_HAL_Driver/Src/stm32f4xx_hal_adc.c ****   
 1724              		.loc 1 1512 3 view .LVU579
1515:Drivers/STM32F4xx_HAL_Driver/Src/stm32f4xx_hal_adc.c ****   
 1725              		.loc 1 1515 3 view .LVU580
1518:Drivers/STM32F4xx_HAL_Driver/Src/stm32f4xx_hal_adc.c ****   
 1726              		.loc 1 1518 3 view .LVU581
1518:Drivers/STM32F4xx_HAL_Driver/Src/stm32f4xx_hal_adc.c ****   
 1727              		.loc 1 1518 3 view .LVU582
 1728 0000 90F83C30 		ldrb	r3, [r0, #60]	@ zero_extendqisi2
 1729 0004 012B     		cmp	r3, #1
 1730 0006 35D0     		beq	.L125
1511:Drivers/STM32F4xx_HAL_Driver/Src/stm32f4xx_hal_adc.c ****   HAL_StatusTypeDef tmp_hal_status = HAL_OK;
ARM GAS  /tmp/ccFxaBUH.s 			page 74


 1731              		.loc 1 1511 1 is_stmt 0 view .LVU583
 1732 0008 10B5     		push	{r4, lr}
 1733              		.cfi_def_cfa_offset 8
 1734              		.cfi_offset 4, -8
 1735              		.cfi_offset 14, -4
 1736 000a 0446     		mov	r4, r0
1518:Drivers/STM32F4xx_HAL_Driver/Src/stm32f4xx_hal_adc.c ****   
 1737              		.loc 1 1518 3 is_stmt 1 discriminator 2 view .LVU584
 1738 000c 0123     		movs	r3, #1
 1739 000e 80F83C30 		strb	r3, [r0, #60]
1518:Drivers/STM32F4xx_HAL_Driver/Src/stm32f4xx_hal_adc.c ****   
 1740              		.loc 1 1518 3 discriminator 2 view .LVU585
1522:Drivers/STM32F4xx_HAL_Driver/Src/stm32f4xx_hal_adc.c ****   
 1741              		.loc 1 1522 3 view .LVU586
 1742 0012 0268     		ldr	r2, [r0]
 1743 0014 9368     		ldr	r3, [r2, #8]
 1744 0016 23F00103 		bic	r3, r3, #1
 1745 001a 9360     		str	r3, [r2, #8]
1525:Drivers/STM32F4xx_HAL_Driver/Src/stm32f4xx_hal_adc.c ****   {
 1746              		.loc 1 1525 3 view .LVU587
1525:Drivers/STM32F4xx_HAL_Driver/Src/stm32f4xx_hal_adc.c ****   {
 1747              		.loc 1 1525 6 is_stmt 0 view .LVU588
 1748 001c 0368     		ldr	r3, [r0]
 1749 001e 9A68     		ldr	r2, [r3, #8]
1525:Drivers/STM32F4xx_HAL_Driver/Src/stm32f4xx_hal_adc.c ****   {
 1750              		.loc 1 1525 5 view .LVU589
 1751 0020 12F0010F 		tst	r2, #1
 1752 0024 21D1     		bne	.L126
1528:Drivers/STM32F4xx_HAL_Driver/Src/stm32f4xx_hal_adc.c ****     
 1753              		.loc 1 1528 5 is_stmt 1 view .LVU590
1528:Drivers/STM32F4xx_HAL_Driver/Src/stm32f4xx_hal_adc.c ****     
 1754              		.loc 1 1528 19 is_stmt 0 view .LVU591
 1755 0026 9A68     		ldr	r2, [r3, #8]
1528:Drivers/STM32F4xx_HAL_Driver/Src/stm32f4xx_hal_adc.c ****     
 1756              		.loc 1 1528 25 view .LVU592
 1757 0028 22F48072 		bic	r2, r2, #256
 1758 002c 9A60     		str	r2, [r3, #8]
1532:Drivers/STM32F4xx_HAL_Driver/Src/stm32f4xx_hal_adc.c ****     {
 1759              		.loc 1 1532 5 is_stmt 1 view .LVU593
1532:Drivers/STM32F4xx_HAL_Driver/Src/stm32f4xx_hal_adc.c ****     {
 1760              		.loc 1 1532 13 is_stmt 0 view .LVU594
 1761 002e 806B     		ldr	r0, [r0, #56]
 1762              	.LVL88:
1532:Drivers/STM32F4xx_HAL_Driver/Src/stm32f4xx_hal_adc.c ****     {
 1763              		.loc 1 1532 25 view .LVU595
 1764 0030 90F83530 		ldrb	r3, [r0, #53]	@ zero_extendqisi2
 1765 0034 DBB2     		uxtb	r3, r3
1532:Drivers/STM32F4xx_HAL_Driver/Src/stm32f4xx_hal_adc.c ****     {
 1766              		.loc 1 1532 8 view .LVU596
 1767 0036 022B     		cmp	r3, #2
 1768 0038 0ED0     		beq	.L132
1512:Drivers/STM32F4xx_HAL_Driver/Src/stm32f4xx_hal_adc.c ****   
 1769              		.loc 1 1512 21 view .LVU597
 1770 003a 0020     		movs	r0, #0
 1771              	.LVL89:
 1772              	.L124:
1545:Drivers/STM32F4xx_HAL_Driver/Src/stm32f4xx_hal_adc.c ****     
ARM GAS  /tmp/ccFxaBUH.s 			page 75


 1773              		.loc 1 1545 5 is_stmt 1 view .LVU598
 1774 003c 2268     		ldr	r2, [r4]
 1775 003e 5368     		ldr	r3, [r2, #4]
 1776 0040 23F08063 		bic	r3, r3, #67108864
 1777 0044 5360     		str	r3, [r2, #4]
1548:Drivers/STM32F4xx_HAL_Driver/Src/stm32f4xx_hal_adc.c ****                       HAL_ADC_STATE_REG_BUSY | HAL_ADC_STATE_INJ_BUSY,
 1778              		.loc 1 1548 5 view .LVU599
 1779 0046 236C     		ldr	r3, [r4, #64]
 1780 0048 23F48853 		bic	r3, r3, #4352
 1781 004c 23F00103 		bic	r3, r3, #1
 1782 0050 43F00103 		orr	r3, r3, #1
 1783 0054 2364     		str	r3, [r4, #64]
 1784 0056 09E0     		b	.L123
 1785              	.LVL90:
 1786              	.L132:
1534:Drivers/STM32F4xx_HAL_Driver/Src/stm32f4xx_hal_adc.c ****       
 1787              		.loc 1 1534 7 view .LVU600
1534:Drivers/STM32F4xx_HAL_Driver/Src/stm32f4xx_hal_adc.c ****       
 1788              		.loc 1 1534 24 is_stmt 0 view .LVU601
 1789 0058 FFF7FEFF 		bl	HAL_DMA_Abort
 1790              	.LVL91:
1537:Drivers/STM32F4xx_HAL_Driver/Src/stm32f4xx_hal_adc.c ****       {
 1791              		.loc 1 1537 7 is_stmt 1 view .LVU602
1537:Drivers/STM32F4xx_HAL_Driver/Src/stm32f4xx_hal_adc.c ****       {
 1792              		.loc 1 1537 10 is_stmt 0 view .LVU603
 1793 005c 0028     		cmp	r0, #0
 1794 005e EDD0     		beq	.L124
1540:Drivers/STM32F4xx_HAL_Driver/Src/stm32f4xx_hal_adc.c ****       }
 1795              		.loc 1 1540 9 is_stmt 1 view .LVU604
 1796 0060 236C     		ldr	r3, [r4, #64]
 1797 0062 43F04003 		orr	r3, r3, #64
 1798 0066 2364     		str	r3, [r4, #64]
 1799 0068 E8E7     		b	.L124
 1800              	.LVL92:
 1801              	.L126:
1512:Drivers/STM32F4xx_HAL_Driver/Src/stm32f4xx_hal_adc.c ****   
 1802              		.loc 1 1512 21 is_stmt 0 view .LVU605
 1803 006a 0020     		movs	r0, #0
 1804              	.LVL93:
 1805              	.L123:
1554:Drivers/STM32F4xx_HAL_Driver/Src/stm32f4xx_hal_adc.c ****   
 1806              		.loc 1 1554 3 is_stmt 1 view .LVU606
1554:Drivers/STM32F4xx_HAL_Driver/Src/stm32f4xx_hal_adc.c ****   
 1807              		.loc 1 1554 3 view .LVU607
 1808 006c 0023     		movs	r3, #0
 1809 006e 84F83C30 		strb	r3, [r4, #60]
1554:Drivers/STM32F4xx_HAL_Driver/Src/stm32f4xx_hal_adc.c ****   
 1810              		.loc 1 1554 3 view .LVU608
1557:Drivers/STM32F4xx_HAL_Driver/Src/stm32f4xx_hal_adc.c **** }
 1811              		.loc 1 1557 3 view .LVU609
1558:Drivers/STM32F4xx_HAL_Driver/Src/stm32f4xx_hal_adc.c **** 
 1812              		.loc 1 1558 1 is_stmt 0 view .LVU610
 1813 0072 10BD     		pop	{r4, pc}
 1814              	.LVL94:
 1815              	.L125:
 1816              		.cfi_def_cfa_offset 0
 1817              		.cfi_restore 4
ARM GAS  /tmp/ccFxaBUH.s 			page 76


 1818              		.cfi_restore 14
1518:Drivers/STM32F4xx_HAL_Driver/Src/stm32f4xx_hal_adc.c ****   
 1819              		.loc 1 1518 3 discriminator 1 view .LVU611
 1820 0074 0220     		movs	r0, #2
 1821              	.LVL95:
1558:Drivers/STM32F4xx_HAL_Driver/Src/stm32f4xx_hal_adc.c **** 
 1822              		.loc 1 1558 1 view .LVU612
 1823 0076 7047     		bx	lr
 1824              		.cfi_endproc
 1825              	.LFE228:
 1827              		.section	.text.HAL_ADC_GetValue,"ax",%progbits
 1828              		.align	1
 1829              		.global	HAL_ADC_GetValue
 1830              		.syntax unified
 1831              		.thumb
 1832              		.thumb_func
 1834              	HAL_ADC_GetValue:
 1835              	.LVL96:
 1836              	.LFB229:
1567:Drivers/STM32F4xx_HAL_Driver/Src/stm32f4xx_hal_adc.c ****   /* Return the selected ADC converted value */ 
 1837              		.loc 1 1567 1 is_stmt 1 view -0
 1838              		.cfi_startproc
 1839              		@ args = 0, pretend = 0, frame = 0
 1840              		@ frame_needed = 0, uses_anonymous_args = 0
 1841              		@ link register save eliminated.
1569:Drivers/STM32F4xx_HAL_Driver/Src/stm32f4xx_hal_adc.c **** }
 1842              		.loc 1 1569 3 view .LVU614
1569:Drivers/STM32F4xx_HAL_Driver/Src/stm32f4xx_hal_adc.c **** }
 1843              		.loc 1 1569 14 is_stmt 0 view .LVU615
 1844 0000 0368     		ldr	r3, [r0]
1569:Drivers/STM32F4xx_HAL_Driver/Src/stm32f4xx_hal_adc.c **** }
 1845              		.loc 1 1569 24 view .LVU616
 1846 0002 D86C     		ldr	r0, [r3, #76]
 1847              	.LVL97:
1570:Drivers/STM32F4xx_HAL_Driver/Src/stm32f4xx_hal_adc.c **** 
 1848              		.loc 1 1570 1 view .LVU617
 1849 0004 7047     		bx	lr
 1850              		.cfi_endproc
 1851              	.LFE229:
 1853              		.section	.text.HAL_ADC_ConvCpltCallback,"ax",%progbits
 1854              		.align	1
 1855              		.weak	HAL_ADC_ConvCpltCallback
 1856              		.syntax unified
 1857              		.thumb
 1858              		.thumb_func
 1860              	HAL_ADC_ConvCpltCallback:
 1861              	.LVL98:
 1862              	.LFB230:
1579:Drivers/STM32F4xx_HAL_Driver/Src/stm32f4xx_hal_adc.c ****   /* Prevent unused argument(s) compilation warning */
 1863              		.loc 1 1579 1 is_stmt 1 view -0
 1864              		.cfi_startproc
 1865              		@ args = 0, pretend = 0, frame = 0
 1866              		@ frame_needed = 0, uses_anonymous_args = 0
 1867              		@ link register save eliminated.
1581:Drivers/STM32F4xx_HAL_Driver/Src/stm32f4xx_hal_adc.c ****   /* NOTE : This function Should not be modified, when the callback is needed,
 1868              		.loc 1 1581 3 view .LVU619
1585:Drivers/STM32F4xx_HAL_Driver/Src/stm32f4xx_hal_adc.c **** 
ARM GAS  /tmp/ccFxaBUH.s 			page 77


 1869              		.loc 1 1585 1 is_stmt 0 view .LVU620
 1870 0000 7047     		bx	lr
 1871              		.cfi_endproc
 1872              	.LFE230:
 1874              		.section	.text.HAL_ADC_ConvHalfCpltCallback,"ax",%progbits
 1875              		.align	1
 1876              		.weak	HAL_ADC_ConvHalfCpltCallback
 1877              		.syntax unified
 1878              		.thumb
 1879              		.thumb_func
 1881              	HAL_ADC_ConvHalfCpltCallback:
 1882              	.LVL99:
 1883              	.LFB231:
1594:Drivers/STM32F4xx_HAL_Driver/Src/stm32f4xx_hal_adc.c ****   /* Prevent unused argument(s) compilation warning */
 1884              		.loc 1 1594 1 is_stmt 1 view -0
 1885              		.cfi_startproc
 1886              		@ args = 0, pretend = 0, frame = 0
 1887              		@ frame_needed = 0, uses_anonymous_args = 0
 1888              		@ link register save eliminated.
1596:Drivers/STM32F4xx_HAL_Driver/Src/stm32f4xx_hal_adc.c ****   /* NOTE : This function Should not be modified, when the callback is needed,
 1889              		.loc 1 1596 3 view .LVU622
1600:Drivers/STM32F4xx_HAL_Driver/Src/stm32f4xx_hal_adc.c **** 
 1890              		.loc 1 1600 1 is_stmt 0 view .LVU623
 1891 0000 7047     		bx	lr
 1892              		.cfi_endproc
 1893              	.LFE231:
 1895              		.section	.text.ADC_DMAHalfConvCplt,"ax",%progbits
 1896              		.align	1
 1897              		.syntax unified
 1898              		.thumb
 1899              		.thumb_func
 1901              	ADC_DMAHalfConvCplt:
 1902              	.LVL100:
 1903              	.LFB240:
1985:Drivers/STM32F4xx_HAL_Driver/Src/stm32f4xx_hal_adc.c **** 
1986:Drivers/STM32F4xx_HAL_Driver/Src/stm32f4xx_hal_adc.c **** /**
1987:Drivers/STM32F4xx_HAL_Driver/Src/stm32f4xx_hal_adc.c ****   * @brief  DMA transfer complete callback. 
1988:Drivers/STM32F4xx_HAL_Driver/Src/stm32f4xx_hal_adc.c ****   * @param  hdma pointer to a DMA_HandleTypeDef structure that contains
1989:Drivers/STM32F4xx_HAL_Driver/Src/stm32f4xx_hal_adc.c ****   *                the configuration information for the specified DMA module.
1990:Drivers/STM32F4xx_HAL_Driver/Src/stm32f4xx_hal_adc.c ****   * @retval None
1991:Drivers/STM32F4xx_HAL_Driver/Src/stm32f4xx_hal_adc.c ****   */
1992:Drivers/STM32F4xx_HAL_Driver/Src/stm32f4xx_hal_adc.c **** static void ADC_DMAConvCplt(DMA_HandleTypeDef *hdma)   
1993:Drivers/STM32F4xx_HAL_Driver/Src/stm32f4xx_hal_adc.c **** {
1994:Drivers/STM32F4xx_HAL_Driver/Src/stm32f4xx_hal_adc.c ****   /* Retrieve ADC handle corresponding to current DMA handle */
1995:Drivers/STM32F4xx_HAL_Driver/Src/stm32f4xx_hal_adc.c ****   ADC_HandleTypeDef* hadc = ( ADC_HandleTypeDef* )((DMA_HandleTypeDef* )hdma)->Parent;
1996:Drivers/STM32F4xx_HAL_Driver/Src/stm32f4xx_hal_adc.c ****   
1997:Drivers/STM32F4xx_HAL_Driver/Src/stm32f4xx_hal_adc.c ****   /* Update state machine on conversion status if not in error state */
1998:Drivers/STM32F4xx_HAL_Driver/Src/stm32f4xx_hal_adc.c ****   if (HAL_IS_BIT_CLR(hadc->State, HAL_ADC_STATE_ERROR_INTERNAL | HAL_ADC_STATE_ERROR_DMA))
1999:Drivers/STM32F4xx_HAL_Driver/Src/stm32f4xx_hal_adc.c ****   {
2000:Drivers/STM32F4xx_HAL_Driver/Src/stm32f4xx_hal_adc.c ****     /* Update ADC state machine */
2001:Drivers/STM32F4xx_HAL_Driver/Src/stm32f4xx_hal_adc.c ****     SET_BIT(hadc->State, HAL_ADC_STATE_REG_EOC);
2002:Drivers/STM32F4xx_HAL_Driver/Src/stm32f4xx_hal_adc.c ****     
2003:Drivers/STM32F4xx_HAL_Driver/Src/stm32f4xx_hal_adc.c ****     /* Determine whether any further conversion upcoming on group regular   */
2004:Drivers/STM32F4xx_HAL_Driver/Src/stm32f4xx_hal_adc.c ****     /* by external trigger, continuous mode or scan sequence on going.      */
2005:Drivers/STM32F4xx_HAL_Driver/Src/stm32f4xx_hal_adc.c ****     /* Note: On STM32F4, there is no independent flag of end of sequence.   */
2006:Drivers/STM32F4xx_HAL_Driver/Src/stm32f4xx_hal_adc.c ****     /*       The test of scan sequence on going is done either with scan    */
2007:Drivers/STM32F4xx_HAL_Driver/Src/stm32f4xx_hal_adc.c ****     /*       sequence disabled or with end of conversion flag set to        */
ARM GAS  /tmp/ccFxaBUH.s 			page 78


2008:Drivers/STM32F4xx_HAL_Driver/Src/stm32f4xx_hal_adc.c ****     /*       of end of sequence.                                            */
2009:Drivers/STM32F4xx_HAL_Driver/Src/stm32f4xx_hal_adc.c ****     if(ADC_IS_SOFTWARE_START_REGULAR(hadc)                   &&
2010:Drivers/STM32F4xx_HAL_Driver/Src/stm32f4xx_hal_adc.c ****        (hadc->Init.ContinuousConvMode == DISABLE)            &&
2011:Drivers/STM32F4xx_HAL_Driver/Src/stm32f4xx_hal_adc.c ****        (HAL_IS_BIT_CLR(hadc->Instance->SQR1, ADC_SQR1_L) || 
2012:Drivers/STM32F4xx_HAL_Driver/Src/stm32f4xx_hal_adc.c ****         HAL_IS_BIT_CLR(hadc->Instance->CR2, ADC_CR2_EOCS)  )   )
2013:Drivers/STM32F4xx_HAL_Driver/Src/stm32f4xx_hal_adc.c ****     {
2014:Drivers/STM32F4xx_HAL_Driver/Src/stm32f4xx_hal_adc.c ****       /* Disable ADC end of single conversion interrupt on group regular */
2015:Drivers/STM32F4xx_HAL_Driver/Src/stm32f4xx_hal_adc.c ****       /* Note: Overrun interrupt was enabled with EOC interrupt in          */
2016:Drivers/STM32F4xx_HAL_Driver/Src/stm32f4xx_hal_adc.c ****       /* HAL_ADC_Start_IT(), but is not disabled here because can be used   */
2017:Drivers/STM32F4xx_HAL_Driver/Src/stm32f4xx_hal_adc.c ****       /* by overrun IRQ process below.                                      */
2018:Drivers/STM32F4xx_HAL_Driver/Src/stm32f4xx_hal_adc.c ****       __HAL_ADC_DISABLE_IT(hadc, ADC_IT_EOC);
2019:Drivers/STM32F4xx_HAL_Driver/Src/stm32f4xx_hal_adc.c ****       
2020:Drivers/STM32F4xx_HAL_Driver/Src/stm32f4xx_hal_adc.c ****       /* Set ADC state */
2021:Drivers/STM32F4xx_HAL_Driver/Src/stm32f4xx_hal_adc.c ****       CLEAR_BIT(hadc->State, HAL_ADC_STATE_REG_BUSY);   
2022:Drivers/STM32F4xx_HAL_Driver/Src/stm32f4xx_hal_adc.c ****       
2023:Drivers/STM32F4xx_HAL_Driver/Src/stm32f4xx_hal_adc.c ****       if (HAL_IS_BIT_CLR(hadc->State, HAL_ADC_STATE_INJ_BUSY))
2024:Drivers/STM32F4xx_HAL_Driver/Src/stm32f4xx_hal_adc.c ****       {
2025:Drivers/STM32F4xx_HAL_Driver/Src/stm32f4xx_hal_adc.c ****         SET_BIT(hadc->State, HAL_ADC_STATE_READY);
2026:Drivers/STM32F4xx_HAL_Driver/Src/stm32f4xx_hal_adc.c ****       }
2027:Drivers/STM32F4xx_HAL_Driver/Src/stm32f4xx_hal_adc.c ****     }
2028:Drivers/STM32F4xx_HAL_Driver/Src/stm32f4xx_hal_adc.c ****     
2029:Drivers/STM32F4xx_HAL_Driver/Src/stm32f4xx_hal_adc.c ****     /* Conversion complete callback */
2030:Drivers/STM32F4xx_HAL_Driver/Src/stm32f4xx_hal_adc.c **** #if (USE_HAL_ADC_REGISTER_CALLBACKS == 1)
2031:Drivers/STM32F4xx_HAL_Driver/Src/stm32f4xx_hal_adc.c ****     hadc->ConvCpltCallback(hadc);
2032:Drivers/STM32F4xx_HAL_Driver/Src/stm32f4xx_hal_adc.c **** #else
2033:Drivers/STM32F4xx_HAL_Driver/Src/stm32f4xx_hal_adc.c ****     HAL_ADC_ConvCpltCallback(hadc);
2034:Drivers/STM32F4xx_HAL_Driver/Src/stm32f4xx_hal_adc.c **** #endif /* USE_HAL_ADC_REGISTER_CALLBACKS */
2035:Drivers/STM32F4xx_HAL_Driver/Src/stm32f4xx_hal_adc.c ****   }
2036:Drivers/STM32F4xx_HAL_Driver/Src/stm32f4xx_hal_adc.c ****   else /* DMA and-or internal error occurred */
2037:Drivers/STM32F4xx_HAL_Driver/Src/stm32f4xx_hal_adc.c ****   {
2038:Drivers/STM32F4xx_HAL_Driver/Src/stm32f4xx_hal_adc.c ****     if ((hadc->State & HAL_ADC_STATE_ERROR_INTERNAL) != 0UL)
2039:Drivers/STM32F4xx_HAL_Driver/Src/stm32f4xx_hal_adc.c ****     {
2040:Drivers/STM32F4xx_HAL_Driver/Src/stm32f4xx_hal_adc.c ****       /* Call HAL ADC Error Callback function */
2041:Drivers/STM32F4xx_HAL_Driver/Src/stm32f4xx_hal_adc.c **** #if (USE_HAL_ADC_REGISTER_CALLBACKS == 1)
2042:Drivers/STM32F4xx_HAL_Driver/Src/stm32f4xx_hal_adc.c ****       hadc->ErrorCallback(hadc);
2043:Drivers/STM32F4xx_HAL_Driver/Src/stm32f4xx_hal_adc.c **** #else
2044:Drivers/STM32F4xx_HAL_Driver/Src/stm32f4xx_hal_adc.c ****       HAL_ADC_ErrorCallback(hadc);
2045:Drivers/STM32F4xx_HAL_Driver/Src/stm32f4xx_hal_adc.c **** #endif /* USE_HAL_ADC_REGISTER_CALLBACKS */
2046:Drivers/STM32F4xx_HAL_Driver/Src/stm32f4xx_hal_adc.c ****     }
2047:Drivers/STM32F4xx_HAL_Driver/Src/stm32f4xx_hal_adc.c **** 	else
2048:Drivers/STM32F4xx_HAL_Driver/Src/stm32f4xx_hal_adc.c **** 	{
2049:Drivers/STM32F4xx_HAL_Driver/Src/stm32f4xx_hal_adc.c ****       /* Call DMA error callback */
2050:Drivers/STM32F4xx_HAL_Driver/Src/stm32f4xx_hal_adc.c ****       hadc->DMA_Handle->XferErrorCallback(hdma);
2051:Drivers/STM32F4xx_HAL_Driver/Src/stm32f4xx_hal_adc.c ****     }
2052:Drivers/STM32F4xx_HAL_Driver/Src/stm32f4xx_hal_adc.c ****   }
2053:Drivers/STM32F4xx_HAL_Driver/Src/stm32f4xx_hal_adc.c **** }
2054:Drivers/STM32F4xx_HAL_Driver/Src/stm32f4xx_hal_adc.c **** 
2055:Drivers/STM32F4xx_HAL_Driver/Src/stm32f4xx_hal_adc.c **** /**
2056:Drivers/STM32F4xx_HAL_Driver/Src/stm32f4xx_hal_adc.c ****   * @brief  DMA half transfer complete callback. 
2057:Drivers/STM32F4xx_HAL_Driver/Src/stm32f4xx_hal_adc.c ****   * @param  hdma pointer to a DMA_HandleTypeDef structure that contains
2058:Drivers/STM32F4xx_HAL_Driver/Src/stm32f4xx_hal_adc.c ****   *                the configuration information for the specified DMA module.
2059:Drivers/STM32F4xx_HAL_Driver/Src/stm32f4xx_hal_adc.c ****   * @retval None
2060:Drivers/STM32F4xx_HAL_Driver/Src/stm32f4xx_hal_adc.c ****   */
2061:Drivers/STM32F4xx_HAL_Driver/Src/stm32f4xx_hal_adc.c **** static void ADC_DMAHalfConvCplt(DMA_HandleTypeDef *hdma)   
2062:Drivers/STM32F4xx_HAL_Driver/Src/stm32f4xx_hal_adc.c **** {
 1904              		.loc 1 2062 1 is_stmt 1 view -0
 1905              		.cfi_startproc
ARM GAS  /tmp/ccFxaBUH.s 			page 79


 1906              		@ args = 0, pretend = 0, frame = 0
 1907              		@ frame_needed = 0, uses_anonymous_args = 0
 1908              		.loc 1 2062 1 is_stmt 0 view .LVU625
 1909 0000 08B5     		push	{r3, lr}
 1910              		.cfi_def_cfa_offset 8
 1911              		.cfi_offset 3, -8
 1912              		.cfi_offset 14, -4
2063:Drivers/STM32F4xx_HAL_Driver/Src/stm32f4xx_hal_adc.c ****   ADC_HandleTypeDef* hadc = ( ADC_HandleTypeDef* )((DMA_HandleTypeDef* )hdma)->Parent;
 1913              		.loc 1 2063 3 is_stmt 1 view .LVU626
 1914              	.LVL101:
2064:Drivers/STM32F4xx_HAL_Driver/Src/stm32f4xx_hal_adc.c ****    /* Half conversion callback */
2065:Drivers/STM32F4xx_HAL_Driver/Src/stm32f4xx_hal_adc.c **** #if (USE_HAL_ADC_REGISTER_CALLBACKS == 1)
2066:Drivers/STM32F4xx_HAL_Driver/Src/stm32f4xx_hal_adc.c ****   hadc->ConvHalfCpltCallback(hadc);
2067:Drivers/STM32F4xx_HAL_Driver/Src/stm32f4xx_hal_adc.c **** #else
2068:Drivers/STM32F4xx_HAL_Driver/Src/stm32f4xx_hal_adc.c ****   HAL_ADC_ConvHalfCpltCallback(hadc);
 1915              		.loc 1 2068 3 view .LVU627
 1916 0002 806B     		ldr	r0, [r0, #56]
 1917              	.LVL102:
 1918              		.loc 1 2068 3 is_stmt 0 view .LVU628
 1919 0004 FFF7FEFF 		bl	HAL_ADC_ConvHalfCpltCallback
 1920              	.LVL103:
2069:Drivers/STM32F4xx_HAL_Driver/Src/stm32f4xx_hal_adc.c **** #endif /* USE_HAL_ADC_REGISTER_CALLBACKS */
2070:Drivers/STM32F4xx_HAL_Driver/Src/stm32f4xx_hal_adc.c **** }
 1921              		.loc 1 2070 1 view .LVU629
 1922 0008 08BD     		pop	{r3, pc}
 1923              		.cfi_endproc
 1924              	.LFE240:
 1926              		.section	.text.HAL_ADC_LevelOutOfWindowCallback,"ax",%progbits
 1927              		.align	1
 1928              		.weak	HAL_ADC_LevelOutOfWindowCallback
 1929              		.syntax unified
 1930              		.thumb
 1931              		.thumb_func
 1933              	HAL_ADC_LevelOutOfWindowCallback:
 1934              	.LVL104:
 1935              	.LFB232:
1609:Drivers/STM32F4xx_HAL_Driver/Src/stm32f4xx_hal_adc.c ****   /* Prevent unused argument(s) compilation warning */
 1936              		.loc 1 1609 1 is_stmt 1 view -0
 1937              		.cfi_startproc
 1938              		@ args = 0, pretend = 0, frame = 0
 1939              		@ frame_needed = 0, uses_anonymous_args = 0
 1940              		@ link register save eliminated.
1611:Drivers/STM32F4xx_HAL_Driver/Src/stm32f4xx_hal_adc.c ****   /* NOTE : This function Should not be modified, when the callback is needed,
 1941              		.loc 1 1611 3 view .LVU631
1615:Drivers/STM32F4xx_HAL_Driver/Src/stm32f4xx_hal_adc.c **** 
 1942              		.loc 1 1615 1 is_stmt 0 view .LVU632
 1943 0000 7047     		bx	lr
 1944              		.cfi_endproc
 1945              	.LFE232:
 1947              		.section	.text.HAL_ADC_ErrorCallback,"ax",%progbits
 1948              		.align	1
 1949              		.weak	HAL_ADC_ErrorCallback
 1950              		.syntax unified
 1951              		.thumb
 1952              		.thumb_func
 1954              	HAL_ADC_ErrorCallback:
 1955              	.LVL105:
ARM GAS  /tmp/ccFxaBUH.s 			page 80


 1956              	.LFB233:
1630:Drivers/STM32F4xx_HAL_Driver/Src/stm32f4xx_hal_adc.c ****   /* Prevent unused argument(s) compilation warning */
 1957              		.loc 1 1630 1 is_stmt 1 view -0
 1958              		.cfi_startproc
 1959              		@ args = 0, pretend = 0, frame = 0
 1960              		@ frame_needed = 0, uses_anonymous_args = 0
 1961              		@ link register save eliminated.
1632:Drivers/STM32F4xx_HAL_Driver/Src/stm32f4xx_hal_adc.c ****   /* NOTE : This function Should not be modified, when the callback is needed,
 1962              		.loc 1 1632 3 view .LVU634
1636:Drivers/STM32F4xx_HAL_Driver/Src/stm32f4xx_hal_adc.c **** 
 1963              		.loc 1 1636 1 is_stmt 0 view .LVU635
 1964 0000 7047     		bx	lr
 1965              		.cfi_endproc
 1966              	.LFE233:
 1968              		.section	.text.HAL_ADC_IRQHandler,"ax",%progbits
 1969              		.align	1
 1970              		.global	HAL_ADC_IRQHandler
 1971              		.syntax unified
 1972              		.thumb
 1973              		.thumb_func
 1975              	HAL_ADC_IRQHandler:
 1976              	.LVL106:
 1977              	.LFB226:
1201:Drivers/STM32F4xx_HAL_Driver/Src/stm32f4xx_hal_adc.c ****   uint32_t tmp1 = 0U, tmp2 = 0U;
 1978              		.loc 1 1201 1 is_stmt 1 view -0
 1979              		.cfi_startproc
 1980              		@ args = 0, pretend = 0, frame = 0
 1981              		@ frame_needed = 0, uses_anonymous_args = 0
1201:Drivers/STM32F4xx_HAL_Driver/Src/stm32f4xx_hal_adc.c ****   uint32_t tmp1 = 0U, tmp2 = 0U;
 1982              		.loc 1 1201 1 is_stmt 0 view .LVU637
 1983 0000 38B5     		push	{r3, r4, r5, lr}
 1984              		.cfi_def_cfa_offset 16
 1985              		.cfi_offset 3, -16
 1986              		.cfi_offset 4, -12
 1987              		.cfi_offset 5, -8
 1988              		.cfi_offset 14, -4
 1989 0002 0446     		mov	r4, r0
1202:Drivers/STM32F4xx_HAL_Driver/Src/stm32f4xx_hal_adc.c ****   
 1990              		.loc 1 1202 3 is_stmt 1 view .LVU638
 1991              	.LVL107:
1205:Drivers/STM32F4xx_HAL_Driver/Src/stm32f4xx_hal_adc.c ****   assert_param(IS_ADC_REGULAR_LENGTH(hadc->Init.NbrOfConversion));
 1992              		.loc 1 1205 3 view .LVU639
1206:Drivers/STM32F4xx_HAL_Driver/Src/stm32f4xx_hal_adc.c ****   assert_param(IS_ADC_EOCSelection(hadc->Init.EOCSelection));
 1993              		.loc 1 1206 3 view .LVU640
1207:Drivers/STM32F4xx_HAL_Driver/Src/stm32f4xx_hal_adc.c ****   
 1994              		.loc 1 1207 3 view .LVU641
1209:Drivers/STM32F4xx_HAL_Driver/Src/stm32f4xx_hal_adc.c ****   tmp2 = __HAL_ADC_GET_IT_SOURCE(hadc, ADC_IT_EOC);
 1995              		.loc 1 1209 3 view .LVU642
1209:Drivers/STM32F4xx_HAL_Driver/Src/stm32f4xx_hal_adc.c ****   tmp2 = __HAL_ADC_GET_IT_SOURCE(hadc, ADC_IT_EOC);
 1996              		.loc 1 1209 10 is_stmt 0 view .LVU643
 1997 0004 0268     		ldr	r2, [r0]
 1998 0006 1168     		ldr	r1, [r2]
 1999              	.LVL108:
1210:Drivers/STM32F4xx_HAL_Driver/Src/stm32f4xx_hal_adc.c ****   /* Check End of conversion flag for regular channels */
 2000              		.loc 1 1210 3 is_stmt 1 view .LVU644
1210:Drivers/STM32F4xx_HAL_Driver/Src/stm32f4xx_hal_adc.c ****   /* Check End of conversion flag for regular channels */
 2001              		.loc 1 1210 10 is_stmt 0 view .LVU645
ARM GAS  /tmp/ccFxaBUH.s 			page 81


 2002 0008 5368     		ldr	r3, [r2, #4]
 2003              	.LVL109:
1212:Drivers/STM32F4xx_HAL_Driver/Src/stm32f4xx_hal_adc.c ****   {
 2004              		.loc 1 1212 3 is_stmt 1 view .LVU646
1212:Drivers/STM32F4xx_HAL_Driver/Src/stm32f4xx_hal_adc.c ****   {
 2005              		.loc 1 1212 5 is_stmt 0 view .LVU647
 2006 000a 11F0020F 		tst	r1, #2
 2007 000e 2FD0     		beq	.L141
 2008 0010 03F02003 		and	r3, r3, #32
 2009              	.LVL110:
1212:Drivers/STM32F4xx_HAL_Driver/Src/stm32f4xx_hal_adc.c ****   {
 2010              		.loc 1 1212 11 discriminator 1 view .LVU648
 2011 0014 63B3     		cbz	r3, .L141
1215:Drivers/STM32F4xx_HAL_Driver/Src/stm32f4xx_hal_adc.c ****     {
 2012              		.loc 1 1215 5 is_stmt 1 view .LVU649
1215:Drivers/STM32F4xx_HAL_Driver/Src/stm32f4xx_hal_adc.c ****     {
 2013              		.loc 1 1215 9 is_stmt 0 view .LVU650
 2014 0016 036C     		ldr	r3, [r0, #64]
 2015              	.LVL111:
1215:Drivers/STM32F4xx_HAL_Driver/Src/stm32f4xx_hal_adc.c ****     {
 2016              		.loc 1 1215 8 view .LVU651
 2017 0018 13F0100F 		tst	r3, #16
 2018 001c 03D1     		bne	.L142
1218:Drivers/STM32F4xx_HAL_Driver/Src/stm32f4xx_hal_adc.c ****     }
 2019              		.loc 1 1218 7 is_stmt 1 view .LVU652
 2020 001e 036C     		ldr	r3, [r0, #64]
 2021 0020 43F40073 		orr	r3, r3, #512
 2022 0024 0364     		str	r3, [r0, #64]
 2023              	.L142:
1227:Drivers/STM32F4xx_HAL_Driver/Src/stm32f4xx_hal_adc.c ****        (hadc->Init.ContinuousConvMode == DISABLE)            &&
 2024              		.loc 1 1227 5 view .LVU653
1227:Drivers/STM32F4xx_HAL_Driver/Src/stm32f4xx_hal_adc.c ****        (hadc->Init.ContinuousConvMode == DISABLE)            &&
 2025              		.loc 1 1227 8 is_stmt 0 view .LVU654
 2026 0026 9368     		ldr	r3, [r2, #8]
1227:Drivers/STM32F4xx_HAL_Driver/Src/stm32f4xx_hal_adc.c ****        (hadc->Init.ContinuousConvMode == DISABLE)            &&
 2027              		.loc 1 1227 7 view .LVU655
 2028 0028 13F0405F 		tst	r3, #805306368
 2029 002c 19D1     		bne	.L143
1228:Drivers/STM32F4xx_HAL_Driver/Src/stm32f4xx_hal_adc.c ****        (HAL_IS_BIT_CLR(hadc->Instance->SQR1, ADC_SQR1_L) || 
 2030              		.loc 1 1228 19 view .LVU656
 2031 002e 237E     		ldrb	r3, [r4, #24]	@ zero_extendqisi2
1227:Drivers/STM32F4xx_HAL_Driver/Src/stm32f4xx_hal_adc.c ****        (hadc->Init.ContinuousConvMode == DISABLE)            &&
 2032              		.loc 1 1227 62 discriminator 1 view .LVU657
 2033 0030 BBB9     		cbnz	r3, .L143
1229:Drivers/STM32F4xx_HAL_Driver/Src/stm32f4xx_hal_adc.c ****         HAL_IS_BIT_CLR(hadc->Instance->CR2, ADC_CR2_EOCS)  )   )
 2034              		.loc 1 1229 9 view .LVU658
 2035 0032 D36A     		ldr	r3, [r2, #44]
1228:Drivers/STM32F4xx_HAL_Driver/Src/stm32f4xx_hal_adc.c ****        (HAL_IS_BIT_CLR(hadc->Instance->SQR1, ADC_SQR1_L) || 
 2036              		.loc 1 1228 62 view .LVU659
 2037 0034 13F4700F 		tst	r3, #15728640
 2038 0038 03D0     		beq	.L144
1230:Drivers/STM32F4xx_HAL_Driver/Src/stm32f4xx_hal_adc.c ****     {
 2039              		.loc 1 1230 9 view .LVU660
 2040 003a 9368     		ldr	r3, [r2, #8]
1229:Drivers/STM32F4xx_HAL_Driver/Src/stm32f4xx_hal_adc.c ****         HAL_IS_BIT_CLR(hadc->Instance->CR2, ADC_CR2_EOCS)  )   )
 2041              		.loc 1 1229 58 view .LVU661
 2042 003c 13F4806F 		tst	r3, #1024
ARM GAS  /tmp/ccFxaBUH.s 			page 82


 2043 0040 0FD1     		bne	.L143
 2044              	.L144:
1236:Drivers/STM32F4xx_HAL_Driver/Src/stm32f4xx_hal_adc.c ****       
 2045              		.loc 1 1236 7 is_stmt 1 view .LVU662
 2046 0042 5368     		ldr	r3, [r2, #4]
 2047 0044 23F02003 		bic	r3, r3, #32
 2048 0048 5360     		str	r3, [r2, #4]
1239:Drivers/STM32F4xx_HAL_Driver/Src/stm32f4xx_hal_adc.c ****       
 2049              		.loc 1 1239 7 view .LVU663
 2050 004a 236C     		ldr	r3, [r4, #64]
 2051 004c 23F48073 		bic	r3, r3, #256
 2052 0050 2364     		str	r3, [r4, #64]
1241:Drivers/STM32F4xx_HAL_Driver/Src/stm32f4xx_hal_adc.c ****       {
 2053              		.loc 1 1241 7 view .LVU664
1241:Drivers/STM32F4xx_HAL_Driver/Src/stm32f4xx_hal_adc.c ****       {
 2054              		.loc 1 1241 11 is_stmt 0 view .LVU665
 2055 0052 236C     		ldr	r3, [r4, #64]
1241:Drivers/STM32F4xx_HAL_Driver/Src/stm32f4xx_hal_adc.c ****       {
 2056              		.loc 1 1241 10 view .LVU666
 2057 0054 13F4805F 		tst	r3, #4096
 2058 0058 03D1     		bne	.L143
1243:Drivers/STM32F4xx_HAL_Driver/Src/stm32f4xx_hal_adc.c ****       }
 2059              		.loc 1 1243 9 is_stmt 1 view .LVU667
 2060 005a 236C     		ldr	r3, [r4, #64]
 2061 005c 43F00103 		orr	r3, r3, #1
 2062 0060 2364     		str	r3, [r4, #64]
 2063              	.L143:
1251:Drivers/STM32F4xx_HAL_Driver/Src/stm32f4xx_hal_adc.c **** #endif /* USE_HAL_ADC_REGISTER_CALLBACKS */
 2064              		.loc 1 1251 5 view .LVU668
 2065 0062 2046     		mov	r0, r4
 2066              	.LVL112:
1251:Drivers/STM32F4xx_HAL_Driver/Src/stm32f4xx_hal_adc.c **** #endif /* USE_HAL_ADC_REGISTER_CALLBACKS */
 2067              		.loc 1 1251 5 is_stmt 0 view .LVU669
 2068 0064 FFF7FEFF 		bl	HAL_ADC_ConvCpltCallback
 2069              	.LVL113:
1255:Drivers/STM32F4xx_HAL_Driver/Src/stm32f4xx_hal_adc.c ****   }
 2070              		.loc 1 1255 5 is_stmt 1 view .LVU670
 2071 0068 2368     		ldr	r3, [r4]
 2072 006a 6FF01202 		mvn	r2, #18
 2073 006e 1A60     		str	r2, [r3]
 2074              	.L141:
1258:Drivers/STM32F4xx_HAL_Driver/Src/stm32f4xx_hal_adc.c ****   tmp2 = __HAL_ADC_GET_IT_SOURCE(hadc, ADC_IT_JEOC);                               
 2075              		.loc 1 1258 3 view .LVU671
1258:Drivers/STM32F4xx_HAL_Driver/Src/stm32f4xx_hal_adc.c ****   tmp2 = __HAL_ADC_GET_IT_SOURCE(hadc, ADC_IT_JEOC);                               
 2076              		.loc 1 1258 10 is_stmt 0 view .LVU672
 2077 0070 2368     		ldr	r3, [r4]
 2078 0072 1968     		ldr	r1, [r3]
 2079              	.LVL114:
1259:Drivers/STM32F4xx_HAL_Driver/Src/stm32f4xx_hal_adc.c ****   /* Check End of conversion flag for injected channels */
 2080              		.loc 1 1259 3 is_stmt 1 view .LVU673
1259:Drivers/STM32F4xx_HAL_Driver/Src/stm32f4xx_hal_adc.c ****   /* Check End of conversion flag for injected channels */
 2081              		.loc 1 1259 10 is_stmt 0 view .LVU674
 2082 0074 5A68     		ldr	r2, [r3, #4]
 2083 0076 02F08002 		and	r2, r2, #128
 2084              	.LVL115:
1261:Drivers/STM32F4xx_HAL_Driver/Src/stm32f4xx_hal_adc.c ****   {
 2085              		.loc 1 1261 3 is_stmt 1 view .LVU675
ARM GAS  /tmp/ccFxaBUH.s 			page 83


1261:Drivers/STM32F4xx_HAL_Driver/Src/stm32f4xx_hal_adc.c ****   {
 2086              		.loc 1 1261 5 is_stmt 0 view .LVU676
 2087 007a 11F0040F 		tst	r1, #4
 2088 007e 36D0     		beq	.L145
1261:Drivers/STM32F4xx_HAL_Driver/Src/stm32f4xx_hal_adc.c ****   {
 2089              		.loc 1 1261 11 discriminator 1 view .LVU677
 2090 0080 002A     		cmp	r2, #0
 2091 0082 34D0     		beq	.L145
1264:Drivers/STM32F4xx_HAL_Driver/Src/stm32f4xx_hal_adc.c ****     {
 2092              		.loc 1 1264 5 is_stmt 1 view .LVU678
1264:Drivers/STM32F4xx_HAL_Driver/Src/stm32f4xx_hal_adc.c ****     {
 2093              		.loc 1 1264 9 is_stmt 0 view .LVU679
 2094 0084 226C     		ldr	r2, [r4, #64]
 2095              	.LVL116:
1264:Drivers/STM32F4xx_HAL_Driver/Src/stm32f4xx_hal_adc.c ****     {
 2096              		.loc 1 1264 8 view .LVU680
 2097 0086 12F0100F 		tst	r2, #16
 2098 008a 03D1     		bne	.L146
1267:Drivers/STM32F4xx_HAL_Driver/Src/stm32f4xx_hal_adc.c ****     }
 2099              		.loc 1 1267 7 is_stmt 1 view .LVU681
 2100 008c 226C     		ldr	r2, [r4, #64]
 2101 008e 42F40052 		orr	r2, r2, #8192
 2102 0092 2264     		str	r2, [r4, #64]
 2103              	.L146:
1274:Drivers/STM32F4xx_HAL_Driver/Src/stm32f4xx_hal_adc.c ****        (HAL_IS_BIT_CLR(hadc->Instance->JSQR, ADC_JSQR_JL)  ||
 2104              		.loc 1 1274 5 view .LVU682
1274:Drivers/STM32F4xx_HAL_Driver/Src/stm32f4xx_hal_adc.c ****        (HAL_IS_BIT_CLR(hadc->Instance->JSQR, ADC_JSQR_JL)  ||
 2105              		.loc 1 1274 8 is_stmt 0 view .LVU683
 2106 0094 9A68     		ldr	r2, [r3, #8]
1274:Drivers/STM32F4xx_HAL_Driver/Src/stm32f4xx_hal_adc.c ****        (HAL_IS_BIT_CLR(hadc->Instance->JSQR, ADC_JSQR_JL)  ||
 2107              		.loc 1 1274 7 view .LVU684
 2108 0096 12F4401F 		tst	r2, #3145728
 2109 009a 21D1     		bne	.L147
1275:Drivers/STM32F4xx_HAL_Driver/Src/stm32f4xx_hal_adc.c ****         HAL_IS_BIT_CLR(hadc->Instance->CR2, ADC_CR2_EOCS)    ) &&
 2110              		.loc 1 1275 9 view .LVU685
 2111 009c 9A6B     		ldr	r2, [r3, #56]
1274:Drivers/STM32F4xx_HAL_Driver/Src/stm32f4xx_hal_adc.c ****        (HAL_IS_BIT_CLR(hadc->Instance->JSQR, ADC_JSQR_JL)  ||
 2112              		.loc 1 1274 64 discriminator 1 view .LVU686
 2113 009e 12F4401F 		tst	r2, #3145728
 2114 00a2 03D0     		beq	.L148
1276:Drivers/STM32F4xx_HAL_Driver/Src/stm32f4xx_hal_adc.c ****        (HAL_IS_BIT_CLR(hadc->Instance->CR1, ADC_CR1_JAUTO) &&
 2115              		.loc 1 1276 9 view .LVU687
 2116 00a4 9A68     		ldr	r2, [r3, #8]
1275:Drivers/STM32F4xx_HAL_Driver/Src/stm32f4xx_hal_adc.c ****         HAL_IS_BIT_CLR(hadc->Instance->CR2, ADC_CR2_EOCS)    ) &&
 2117              		.loc 1 1275 60 view .LVU688
 2118 00a6 12F4806F 		tst	r2, #1024
 2119 00aa 19D1     		bne	.L147
 2120              	.L148:
1277:Drivers/STM32F4xx_HAL_Driver/Src/stm32f4xx_hal_adc.c ****         (ADC_IS_SOFTWARE_START_REGULAR(hadc)       &&
 2121              		.loc 1 1277 9 view .LVU689
 2122 00ac 5A68     		ldr	r2, [r3, #4]
1276:Drivers/STM32F4xx_HAL_Driver/Src/stm32f4xx_hal_adc.c ****        (HAL_IS_BIT_CLR(hadc->Instance->CR1, ADC_CR1_JAUTO) &&
 2123              		.loc 1 1276 64 view .LVU690
 2124 00ae 12F4806F 		tst	r2, #1024
 2125 00b2 15D1     		bne	.L147
1278:Drivers/STM32F4xx_HAL_Driver/Src/stm32f4xx_hal_adc.c ****         (hadc->Init.ContinuousConvMode == DISABLE)   )       )   )
 2126              		.loc 1 1278 10 view .LVU691
ARM GAS  /tmp/ccFxaBUH.s 			page 84


 2127 00b4 9A68     		ldr	r2, [r3, #8]
1277:Drivers/STM32F4xx_HAL_Driver/Src/stm32f4xx_hal_adc.c ****         (ADC_IS_SOFTWARE_START_REGULAR(hadc)       &&
 2128              		.loc 1 1277 60 view .LVU692
 2129 00b6 12F0405F 		tst	r2, #805306368
 2130 00ba 11D1     		bne	.L147
1279:Drivers/STM32F4xx_HAL_Driver/Src/stm32f4xx_hal_adc.c ****     {
 2131              		.loc 1 1279 20 view .LVU693
 2132 00bc 227E     		ldrb	r2, [r4, #24]	@ zero_extendqisi2
1278:Drivers/STM32F4xx_HAL_Driver/Src/stm32f4xx_hal_adc.c ****         (hadc->Init.ContinuousConvMode == DISABLE)   )       )   )
 2133              		.loc 1 1278 52 view .LVU694
 2134 00be 7AB9     		cbnz	r2, .L147
1282:Drivers/STM32F4xx_HAL_Driver/Src/stm32f4xx_hal_adc.c ****       
 2135              		.loc 1 1282 7 is_stmt 1 view .LVU695
 2136 00c0 5A68     		ldr	r2, [r3, #4]
 2137 00c2 22F08002 		bic	r2, r2, #128
 2138 00c6 5A60     		str	r2, [r3, #4]
1285:Drivers/STM32F4xx_HAL_Driver/Src/stm32f4xx_hal_adc.c **** 
 2139              		.loc 1 1285 7 view .LVU696
 2140 00c8 236C     		ldr	r3, [r4, #64]
 2141 00ca 23F48053 		bic	r3, r3, #4096
 2142 00ce 2364     		str	r3, [r4, #64]
1287:Drivers/STM32F4xx_HAL_Driver/Src/stm32f4xx_hal_adc.c ****       { 
 2143              		.loc 1 1287 7 view .LVU697
1287:Drivers/STM32F4xx_HAL_Driver/Src/stm32f4xx_hal_adc.c ****       { 
 2144              		.loc 1 1287 11 is_stmt 0 view .LVU698
 2145 00d0 236C     		ldr	r3, [r4, #64]
1287:Drivers/STM32F4xx_HAL_Driver/Src/stm32f4xx_hal_adc.c ****       { 
 2146              		.loc 1 1287 10 view .LVU699
 2147 00d2 13F4807F 		tst	r3, #256
 2148 00d6 03D1     		bne	.L147
1289:Drivers/STM32F4xx_HAL_Driver/Src/stm32f4xx_hal_adc.c ****       }
 2149              		.loc 1 1289 9 is_stmt 1 view .LVU700
 2150 00d8 236C     		ldr	r3, [r4, #64]
 2151 00da 43F00103 		orr	r3, r3, #1
 2152 00de 2364     		str	r3, [r4, #64]
 2153              	.L147:
1298:Drivers/STM32F4xx_HAL_Driver/Src/stm32f4xx_hal_adc.c **** #endif /* USE_HAL_ADC_REGISTER_CALLBACKS */
 2154              		.loc 1 1298 7 view .LVU701
 2155 00e0 2046     		mov	r0, r4
 2156 00e2 FFF7FEFF 		bl	HAL_ADCEx_InjectedConvCpltCallback
 2157              	.LVL117:
1302:Drivers/STM32F4xx_HAL_Driver/Src/stm32f4xx_hal_adc.c ****   }
 2158              		.loc 1 1302 5 view .LVU702
 2159 00e6 2368     		ldr	r3, [r4]
 2160 00e8 6FF00C02 		mvn	r2, #12
 2161 00ec 1A60     		str	r2, [r3]
 2162              	.L145:
1305:Drivers/STM32F4xx_HAL_Driver/Src/stm32f4xx_hal_adc.c ****   tmp2 = __HAL_ADC_GET_IT_SOURCE(hadc, ADC_IT_AWD);                          
 2163              		.loc 1 1305 3 view .LVU703
1305:Drivers/STM32F4xx_HAL_Driver/Src/stm32f4xx_hal_adc.c ****   tmp2 = __HAL_ADC_GET_IT_SOURCE(hadc, ADC_IT_AWD);                          
 2164              		.loc 1 1305 10 is_stmt 0 view .LVU704
 2165 00ee 2268     		ldr	r2, [r4]
 2166 00f0 1168     		ldr	r1, [r2]
 2167              	.LVL118:
1306:Drivers/STM32F4xx_HAL_Driver/Src/stm32f4xx_hal_adc.c ****   /* Check Analog watchdog flag */
 2168              		.loc 1 1306 3 is_stmt 1 view .LVU705
1306:Drivers/STM32F4xx_HAL_Driver/Src/stm32f4xx_hal_adc.c ****   /* Check Analog watchdog flag */
ARM GAS  /tmp/ccFxaBUH.s 			page 85


 2169              		.loc 1 1306 10 is_stmt 0 view .LVU706
 2170 00f2 5368     		ldr	r3, [r2, #4]
 2171 00f4 03F04003 		and	r3, r3, #64
 2172              	.LVL119:
1308:Drivers/STM32F4xx_HAL_Driver/Src/stm32f4xx_hal_adc.c ****   {
 2173              		.loc 1 1308 3 is_stmt 1 view .LVU707
1308:Drivers/STM32F4xx_HAL_Driver/Src/stm32f4xx_hal_adc.c ****   {
 2174              		.loc 1 1308 5 is_stmt 0 view .LVU708
 2175 00f8 11F0010F 		tst	r1, #1
 2176 00fc 04D0     		beq	.L149
1308:Drivers/STM32F4xx_HAL_Driver/Src/stm32f4xx_hal_adc.c ****   {
 2177              		.loc 1 1308 11 discriminator 1 view .LVU709
 2178 00fe 1BB1     		cbz	r3, .L149
1310:Drivers/STM32F4xx_HAL_Driver/Src/stm32f4xx_hal_adc.c ****     {
 2179              		.loc 1 1310 5 is_stmt 1 view .LVU710
1310:Drivers/STM32F4xx_HAL_Driver/Src/stm32f4xx_hal_adc.c ****     {
 2180              		.loc 1 1310 8 is_stmt 0 view .LVU711
 2181 0100 1368     		ldr	r3, [r2]
 2182              	.LVL120:
1310:Drivers/STM32F4xx_HAL_Driver/Src/stm32f4xx_hal_adc.c ****     {
 2183              		.loc 1 1310 7 view .LVU712
 2184 0102 13F0010F 		tst	r3, #1
 2185 0106 09D1     		bne	.L152
 2186              	.LVL121:
 2187              	.L149:
1327:Drivers/STM32F4xx_HAL_Driver/Src/stm32f4xx_hal_adc.c ****   tmp2 = __HAL_ADC_GET_IT_SOURCE(hadc, ADC_IT_OVR);
 2188              		.loc 1 1327 3 is_stmt 1 view .LVU713
1327:Drivers/STM32F4xx_HAL_Driver/Src/stm32f4xx_hal_adc.c ****   tmp2 = __HAL_ADC_GET_IT_SOURCE(hadc, ADC_IT_OVR);
 2189              		.loc 1 1327 10 is_stmt 0 view .LVU714
 2190 0108 2268     		ldr	r2, [r4]
 2191 010a 1168     		ldr	r1, [r2]
 2192              	.LVL122:
1328:Drivers/STM32F4xx_HAL_Driver/Src/stm32f4xx_hal_adc.c ****   /* Check Overrun flag */
 2193              		.loc 1 1328 3 is_stmt 1 view .LVU715
1328:Drivers/STM32F4xx_HAL_Driver/Src/stm32f4xx_hal_adc.c ****   /* Check Overrun flag */
 2194              		.loc 1 1328 10 is_stmt 0 view .LVU716
 2195 010c 5368     		ldr	r3, [r2, #4]
 2196 010e 03F08063 		and	r3, r3, #67108864
 2197              	.LVL123:
1330:Drivers/STM32F4xx_HAL_Driver/Src/stm32f4xx_hal_adc.c ****   {
 2198              		.loc 1 1330 3 is_stmt 1 view .LVU717
1330:Drivers/STM32F4xx_HAL_Driver/Src/stm32f4xx_hal_adc.c ****   {
 2199              		.loc 1 1330 5 is_stmt 0 view .LVU718
 2200 0112 11F0200F 		tst	r1, #32
 2201 0116 00D0     		beq	.L140
1330:Drivers/STM32F4xx_HAL_Driver/Src/stm32f4xx_hal_adc.c ****   {
 2202              		.loc 1 1330 11 discriminator 1 view .LVU719
 2203 0118 63B9     		cbnz	r3, .L153
 2204              	.LVL124:
 2205              	.L140:
1352:Drivers/STM32F4xx_HAL_Driver/Src/stm32f4xx_hal_adc.c **** 
 2206              		.loc 1 1352 1 view .LVU720
 2207 011a 38BD     		pop	{r3, r4, r5, pc}
 2208              	.LVL125:
 2209              	.L152:
1313:Drivers/STM32F4xx_HAL_Driver/Src/stm32f4xx_hal_adc.c ****       
 2210              		.loc 1 1313 7 is_stmt 1 view .LVU721
ARM GAS  /tmp/ccFxaBUH.s 			page 86


 2211 011c 236C     		ldr	r3, [r4, #64]
 2212 011e 43F48033 		orr	r3, r3, #65536
 2213 0122 2364     		str	r3, [r4, #64]
1319:Drivers/STM32F4xx_HAL_Driver/Src/stm32f4xx_hal_adc.c **** #endif /* USE_HAL_ADC_REGISTER_CALLBACKS */
 2214              		.loc 1 1319 7 view .LVU722
 2215 0124 2046     		mov	r0, r4
 2216 0126 FFF7FEFF 		bl	HAL_ADC_LevelOutOfWindowCallback
 2217              	.LVL126:
1323:Drivers/STM32F4xx_HAL_Driver/Src/stm32f4xx_hal_adc.c ****     }
 2218              		.loc 1 1323 7 view .LVU723
 2219 012a 2368     		ldr	r3, [r4]
 2220 012c 6FF00102 		mvn	r2, #1
 2221 0130 1A60     		str	r2, [r3]
 2222 0132 E9E7     		b	.L149
 2223              	.LVL127:
 2224              	.L153:
1337:Drivers/STM32F4xx_HAL_Driver/Src/stm32f4xx_hal_adc.c ****     
 2225              		.loc 1 1337 5 view .LVU724
 2226 0134 636C     		ldr	r3, [r4, #68]
 2227              	.LVL128:
1337:Drivers/STM32F4xx_HAL_Driver/Src/stm32f4xx_hal_adc.c ****     
 2228              		.loc 1 1337 5 is_stmt 0 view .LVU725
 2229 0136 43F00203 		orr	r3, r3, #2
 2230 013a 6364     		str	r3, [r4, #68]
1340:Drivers/STM32F4xx_HAL_Driver/Src/stm32f4xx_hal_adc.c ****     
 2231              		.loc 1 1340 5 is_stmt 1 view .LVU726
 2232 013c 6FF02005 		mvn	r5, #32
 2233 0140 1560     		str	r5, [r2]
1346:Drivers/STM32F4xx_HAL_Driver/Src/stm32f4xx_hal_adc.c **** #endif /* USE_HAL_ADC_REGISTER_CALLBACKS */
 2234              		.loc 1 1346 7 view .LVU727
 2235 0142 2046     		mov	r0, r4
 2236 0144 FFF7FEFF 		bl	HAL_ADC_ErrorCallback
 2237              	.LVL129:
1350:Drivers/STM32F4xx_HAL_Driver/Src/stm32f4xx_hal_adc.c ****   }
 2238              		.loc 1 1350 5 view .LVU728
 2239 0148 2368     		ldr	r3, [r4]
 2240 014a 1D60     		str	r5, [r3]
1352:Drivers/STM32F4xx_HAL_Driver/Src/stm32f4xx_hal_adc.c **** 
 2241              		.loc 1 1352 1 is_stmt 0 view .LVU729
 2242 014c E5E7     		b	.L140
 2243              		.cfi_endproc
 2244              	.LFE226:
 2246              		.section	.text.ADC_DMAError,"ax",%progbits
 2247              		.align	1
 2248              		.syntax unified
 2249              		.thumb
 2250              		.thumb_func
 2252              	ADC_DMAError:
 2253              	.LVL130:
 2254              	.LFB241:
2071:Drivers/STM32F4xx_HAL_Driver/Src/stm32f4xx_hal_adc.c **** 
2072:Drivers/STM32F4xx_HAL_Driver/Src/stm32f4xx_hal_adc.c **** /**
2073:Drivers/STM32F4xx_HAL_Driver/Src/stm32f4xx_hal_adc.c ****   * @brief  DMA error callback 
2074:Drivers/STM32F4xx_HAL_Driver/Src/stm32f4xx_hal_adc.c ****   * @param  hdma pointer to a DMA_HandleTypeDef structure that contains
2075:Drivers/STM32F4xx_HAL_Driver/Src/stm32f4xx_hal_adc.c ****   *                the configuration information for the specified DMA module.
2076:Drivers/STM32F4xx_HAL_Driver/Src/stm32f4xx_hal_adc.c ****   * @retval None
2077:Drivers/STM32F4xx_HAL_Driver/Src/stm32f4xx_hal_adc.c ****   */
ARM GAS  /tmp/ccFxaBUH.s 			page 87


2078:Drivers/STM32F4xx_HAL_Driver/Src/stm32f4xx_hal_adc.c **** static void ADC_DMAError(DMA_HandleTypeDef *hdma)   
2079:Drivers/STM32F4xx_HAL_Driver/Src/stm32f4xx_hal_adc.c **** {
 2255              		.loc 1 2079 1 is_stmt 1 view -0
 2256              		.cfi_startproc
 2257              		@ args = 0, pretend = 0, frame = 0
 2258              		@ frame_needed = 0, uses_anonymous_args = 0
 2259              		.loc 1 2079 1 is_stmt 0 view .LVU731
 2260 0000 08B5     		push	{r3, lr}
 2261              		.cfi_def_cfa_offset 8
 2262              		.cfi_offset 3, -8
 2263              		.cfi_offset 14, -4
2080:Drivers/STM32F4xx_HAL_Driver/Src/stm32f4xx_hal_adc.c ****   ADC_HandleTypeDef* hadc = ( ADC_HandleTypeDef* )((DMA_HandleTypeDef* )hdma)->Parent;
 2264              		.loc 1 2080 3 is_stmt 1 view .LVU732
 2265              		.loc 1 2080 22 is_stmt 0 view .LVU733
 2266 0002 806B     		ldr	r0, [r0, #56]
 2267              	.LVL131:
2081:Drivers/STM32F4xx_HAL_Driver/Src/stm32f4xx_hal_adc.c ****   hadc->State= HAL_ADC_STATE_ERROR_DMA;
 2268              		.loc 1 2081 3 is_stmt 1 view .LVU734
 2269              		.loc 1 2081 14 is_stmt 0 view .LVU735
 2270 0004 4023     		movs	r3, #64
 2271 0006 0364     		str	r3, [r0, #64]
2082:Drivers/STM32F4xx_HAL_Driver/Src/stm32f4xx_hal_adc.c ****   /* Set ADC error code to DMA error */
2083:Drivers/STM32F4xx_HAL_Driver/Src/stm32f4xx_hal_adc.c ****   hadc->ErrorCode |= HAL_ADC_ERROR_DMA;
 2272              		.loc 1 2083 3 is_stmt 1 view .LVU736
 2273              		.loc 1 2083 7 is_stmt 0 view .LVU737
 2274 0008 436C     		ldr	r3, [r0, #68]
 2275              		.loc 1 2083 19 view .LVU738
 2276 000a 43F00403 		orr	r3, r3, #4
 2277 000e 4364     		str	r3, [r0, #68]
2084:Drivers/STM32F4xx_HAL_Driver/Src/stm32f4xx_hal_adc.c ****    /* Error callback */
2085:Drivers/STM32F4xx_HAL_Driver/Src/stm32f4xx_hal_adc.c **** #if (USE_HAL_ADC_REGISTER_CALLBACKS == 1)
2086:Drivers/STM32F4xx_HAL_Driver/Src/stm32f4xx_hal_adc.c ****   hadc->ErrorCallback(hadc);
2087:Drivers/STM32F4xx_HAL_Driver/Src/stm32f4xx_hal_adc.c **** #else
2088:Drivers/STM32F4xx_HAL_Driver/Src/stm32f4xx_hal_adc.c ****   HAL_ADC_ErrorCallback(hadc);
 2278              		.loc 1 2088 3 is_stmt 1 view .LVU739
 2279 0010 FFF7FEFF 		bl	HAL_ADC_ErrorCallback
 2280              	.LVL132:
2089:Drivers/STM32F4xx_HAL_Driver/Src/stm32f4xx_hal_adc.c **** #endif /* USE_HAL_ADC_REGISTER_CALLBACKS */
2090:Drivers/STM32F4xx_HAL_Driver/Src/stm32f4xx_hal_adc.c **** }
 2281              		.loc 1 2090 1 is_stmt 0 view .LVU740
 2282 0014 08BD     		pop	{r3, pc}
 2283              		.cfi_endproc
 2284              	.LFE241:
 2286              		.section	.text.ADC_DMAConvCplt,"ax",%progbits
 2287              		.align	1
 2288              		.syntax unified
 2289              		.thumb
 2290              		.thumb_func
 2292              	ADC_DMAConvCplt:
 2293              	.LVL133:
 2294              	.LFB239:
1993:Drivers/STM32F4xx_HAL_Driver/Src/stm32f4xx_hal_adc.c ****   /* Retrieve ADC handle corresponding to current DMA handle */
 2295              		.loc 1 1993 1 is_stmt 1 view -0
 2296              		.cfi_startproc
 2297              		@ args = 0, pretend = 0, frame = 0
 2298              		@ frame_needed = 0, uses_anonymous_args = 0
1993:Drivers/STM32F4xx_HAL_Driver/Src/stm32f4xx_hal_adc.c ****   /* Retrieve ADC handle corresponding to current DMA handle */
ARM GAS  /tmp/ccFxaBUH.s 			page 88


 2299              		.loc 1 1993 1 is_stmt 0 view .LVU742
 2300 0000 08B5     		push	{r3, lr}
 2301              		.cfi_def_cfa_offset 8
 2302              		.cfi_offset 3, -8
 2303              		.cfi_offset 14, -4
 2304 0002 0346     		mov	r3, r0
1995:Drivers/STM32F4xx_HAL_Driver/Src/stm32f4xx_hal_adc.c ****   
 2305              		.loc 1 1995 3 is_stmt 1 view .LVU743
1995:Drivers/STM32F4xx_HAL_Driver/Src/stm32f4xx_hal_adc.c ****   
 2306              		.loc 1 1995 22 is_stmt 0 view .LVU744
 2307 0004 806B     		ldr	r0, [r0, #56]
 2308              	.LVL134:
1998:Drivers/STM32F4xx_HAL_Driver/Src/stm32f4xx_hal_adc.c ****   {
 2309              		.loc 1 1998 3 is_stmt 1 view .LVU745
1998:Drivers/STM32F4xx_HAL_Driver/Src/stm32f4xx_hal_adc.c ****   {
 2310              		.loc 1 1998 7 is_stmt 0 view .LVU746
 2311 0006 026C     		ldr	r2, [r0, #64]
1998:Drivers/STM32F4xx_HAL_Driver/Src/stm32f4xx_hal_adc.c ****   {
 2312              		.loc 1 1998 6 view .LVU747
 2313 0008 12F0500F 		tst	r2, #80
 2314 000c 25D1     		bne	.L157
2001:Drivers/STM32F4xx_HAL_Driver/Src/stm32f4xx_hal_adc.c ****     
 2315              		.loc 1 2001 5 is_stmt 1 view .LVU748
 2316 000e 036C     		ldr	r3, [r0, #64]
 2317              	.LVL135:
2001:Drivers/STM32F4xx_HAL_Driver/Src/stm32f4xx_hal_adc.c ****     
 2318              		.loc 1 2001 5 is_stmt 0 view .LVU749
 2319 0010 43F40073 		orr	r3, r3, #512
 2320 0014 0364     		str	r3, [r0, #64]
2009:Drivers/STM32F4xx_HAL_Driver/Src/stm32f4xx_hal_adc.c ****        (hadc->Init.ContinuousConvMode == DISABLE)            &&
 2321              		.loc 1 2009 5 is_stmt 1 view .LVU750
2009:Drivers/STM32F4xx_HAL_Driver/Src/stm32f4xx_hal_adc.c ****        (hadc->Init.ContinuousConvMode == DISABLE)            &&
 2322              		.loc 1 2009 8 is_stmt 0 view .LVU751
 2323 0016 0368     		ldr	r3, [r0]
 2324 0018 9A68     		ldr	r2, [r3, #8]
2009:Drivers/STM32F4xx_HAL_Driver/Src/stm32f4xx_hal_adc.c ****        (hadc->Init.ContinuousConvMode == DISABLE)            &&
 2325              		.loc 1 2009 7 view .LVU752
 2326 001a 12F0405F 		tst	r2, #805306368
 2327 001e 19D1     		bne	.L158
2010:Drivers/STM32F4xx_HAL_Driver/Src/stm32f4xx_hal_adc.c ****        (HAL_IS_BIT_CLR(hadc->Instance->SQR1, ADC_SQR1_L) || 
 2328              		.loc 1 2010 19 view .LVU753
 2329 0020 027E     		ldrb	r2, [r0, #24]	@ zero_extendqisi2
2009:Drivers/STM32F4xx_HAL_Driver/Src/stm32f4xx_hal_adc.c ****        (hadc->Init.ContinuousConvMode == DISABLE)            &&
 2330              		.loc 1 2009 62 discriminator 1 view .LVU754
 2331 0022 BAB9     		cbnz	r2, .L158
2011:Drivers/STM32F4xx_HAL_Driver/Src/stm32f4xx_hal_adc.c ****         HAL_IS_BIT_CLR(hadc->Instance->CR2, ADC_CR2_EOCS)  )   )
 2332              		.loc 1 2011 9 view .LVU755
 2333 0024 DA6A     		ldr	r2, [r3, #44]
2010:Drivers/STM32F4xx_HAL_Driver/Src/stm32f4xx_hal_adc.c ****        (HAL_IS_BIT_CLR(hadc->Instance->SQR1, ADC_SQR1_L) || 
 2334              		.loc 1 2010 62 view .LVU756
 2335 0026 12F4700F 		tst	r2, #15728640
 2336 002a 03D0     		beq	.L159
2012:Drivers/STM32F4xx_HAL_Driver/Src/stm32f4xx_hal_adc.c ****     {
 2337              		.loc 1 2012 9 view .LVU757
 2338 002c 9A68     		ldr	r2, [r3, #8]
2011:Drivers/STM32F4xx_HAL_Driver/Src/stm32f4xx_hal_adc.c ****         HAL_IS_BIT_CLR(hadc->Instance->CR2, ADC_CR2_EOCS)  )   )
 2339              		.loc 1 2011 58 view .LVU758
ARM GAS  /tmp/ccFxaBUH.s 			page 89


 2340 002e 12F4806F 		tst	r2, #1024
 2341 0032 0FD1     		bne	.L158
 2342              	.L159:
2018:Drivers/STM32F4xx_HAL_Driver/Src/stm32f4xx_hal_adc.c ****       
 2343              		.loc 1 2018 7 is_stmt 1 view .LVU759
 2344 0034 5A68     		ldr	r2, [r3, #4]
 2345 0036 22F02002 		bic	r2, r2, #32
 2346 003a 5A60     		str	r2, [r3, #4]
2021:Drivers/STM32F4xx_HAL_Driver/Src/stm32f4xx_hal_adc.c ****       
 2347              		.loc 1 2021 7 view .LVU760
 2348 003c 036C     		ldr	r3, [r0, #64]
 2349 003e 23F48073 		bic	r3, r3, #256
 2350 0042 0364     		str	r3, [r0, #64]
2023:Drivers/STM32F4xx_HAL_Driver/Src/stm32f4xx_hal_adc.c ****       {
 2351              		.loc 1 2023 7 view .LVU761
2023:Drivers/STM32F4xx_HAL_Driver/Src/stm32f4xx_hal_adc.c ****       {
 2352              		.loc 1 2023 11 is_stmt 0 view .LVU762
 2353 0044 036C     		ldr	r3, [r0, #64]
2023:Drivers/STM32F4xx_HAL_Driver/Src/stm32f4xx_hal_adc.c ****       {
 2354              		.loc 1 2023 10 view .LVU763
 2355 0046 13F4805F 		tst	r3, #4096
 2356 004a 03D1     		bne	.L158
2025:Drivers/STM32F4xx_HAL_Driver/Src/stm32f4xx_hal_adc.c ****       }
 2357              		.loc 1 2025 9 is_stmt 1 view .LVU764
 2358 004c 036C     		ldr	r3, [r0, #64]
 2359 004e 43F00103 		orr	r3, r3, #1
 2360 0052 0364     		str	r3, [r0, #64]
 2361              	.L158:
2033:Drivers/STM32F4xx_HAL_Driver/Src/stm32f4xx_hal_adc.c **** #endif /* USE_HAL_ADC_REGISTER_CALLBACKS */
 2362              		.loc 1 2033 5 view .LVU765
 2363 0054 FFF7FEFF 		bl	HAL_ADC_ConvCpltCallback
 2364              	.LVL136:
 2365              	.L156:
2053:Drivers/STM32F4xx_HAL_Driver/Src/stm32f4xx_hal_adc.c **** 
 2366              		.loc 1 2053 1 is_stmt 0 view .LVU766
 2367 0058 08BD     		pop	{r3, pc}
 2368              	.LVL137:
 2369              	.L157:
2038:Drivers/STM32F4xx_HAL_Driver/Src/stm32f4xx_hal_adc.c ****     {
 2370              		.loc 1 2038 5 is_stmt 1 view .LVU767
2038:Drivers/STM32F4xx_HAL_Driver/Src/stm32f4xx_hal_adc.c ****     {
 2371              		.loc 1 2038 14 is_stmt 0 view .LVU768
 2372 005a 026C     		ldr	r2, [r0, #64]
2038:Drivers/STM32F4xx_HAL_Driver/Src/stm32f4xx_hal_adc.c ****     {
 2373              		.loc 1 2038 8 view .LVU769
 2374 005c 12F0100F 		tst	r2, #16
 2375 0060 04D1     		bne	.L163
2050:Drivers/STM32F4xx_HAL_Driver/Src/stm32f4xx_hal_adc.c ****     }
 2376              		.loc 1 2050 7 is_stmt 1 view .LVU770
2050:Drivers/STM32F4xx_HAL_Driver/Src/stm32f4xx_hal_adc.c ****     }
 2377              		.loc 1 2050 11 is_stmt 0 view .LVU771
 2378 0062 826B     		ldr	r2, [r0, #56]
2050:Drivers/STM32F4xx_HAL_Driver/Src/stm32f4xx_hal_adc.c ****     }
 2379              		.loc 1 2050 23 view .LVU772
 2380 0064 D26C     		ldr	r2, [r2, #76]
2050:Drivers/STM32F4xx_HAL_Driver/Src/stm32f4xx_hal_adc.c ****     }
 2381              		.loc 1 2050 7 view .LVU773
ARM GAS  /tmp/ccFxaBUH.s 			page 90


 2382 0066 1846     		mov	r0, r3
 2383              	.LVL138:
2050:Drivers/STM32F4xx_HAL_Driver/Src/stm32f4xx_hal_adc.c ****     }
 2384              		.loc 1 2050 7 view .LVU774
 2385 0068 9047     		blx	r2
 2386              	.LVL139:
2053:Drivers/STM32F4xx_HAL_Driver/Src/stm32f4xx_hal_adc.c **** 
 2387              		.loc 1 2053 1 view .LVU775
 2388 006a F5E7     		b	.L156
 2389              	.LVL140:
 2390              	.L163:
2044:Drivers/STM32F4xx_HAL_Driver/Src/stm32f4xx_hal_adc.c **** #endif /* USE_HAL_ADC_REGISTER_CALLBACKS */
 2391              		.loc 1 2044 7 is_stmt 1 view .LVU776
 2392 006c FFF7FEFF 		bl	HAL_ADC_ErrorCallback
 2393              	.LVL141:
2044:Drivers/STM32F4xx_HAL_Driver/Src/stm32f4xx_hal_adc.c **** #endif /* USE_HAL_ADC_REGISTER_CALLBACKS */
 2394              		.loc 1 2044 7 is_stmt 0 view .LVU777
 2395 0070 F2E7     		b	.L156
 2396              		.cfi_endproc
 2397              	.LFE239:
 2399              		.section	.text.HAL_ADC_ConfigChannel,"ax",%progbits
 2400              		.align	1
 2401              		.global	HAL_ADC_ConfigChannel
 2402              		.syntax unified
 2403              		.thumb
 2404              		.thumb_func
 2406              	HAL_ADC_ConfigChannel:
 2407              	.LVL142:
 2408              	.LFB234:
1668:Drivers/STM32F4xx_HAL_Driver/Src/stm32f4xx_hal_adc.c ****   __IO uint32_t counter = 0U;
 2409              		.loc 1 1668 1 is_stmt 1 view -0
 2410              		.cfi_startproc
 2411              		@ args = 0, pretend = 0, frame = 8
 2412              		@ frame_needed = 0, uses_anonymous_args = 0
 2413              		@ link register save eliminated.
1668:Drivers/STM32F4xx_HAL_Driver/Src/stm32f4xx_hal_adc.c ****   __IO uint32_t counter = 0U;
 2414              		.loc 1 1668 1 is_stmt 0 view .LVU779
 2415 0000 30B4     		push	{r4, r5}
 2416              		.cfi_def_cfa_offset 8
 2417              		.cfi_offset 4, -8
 2418              		.cfi_offset 5, -4
 2419 0002 82B0     		sub	sp, sp, #8
 2420              		.cfi_def_cfa_offset 16
1669:Drivers/STM32F4xx_HAL_Driver/Src/stm32f4xx_hal_adc.c ****   ADC_Common_TypeDef *tmpADC_Common;
 2421              		.loc 1 1669 3 is_stmt 1 view .LVU780
1669:Drivers/STM32F4xx_HAL_Driver/Src/stm32f4xx_hal_adc.c ****   ADC_Common_TypeDef *tmpADC_Common;
 2422              		.loc 1 1669 17 is_stmt 0 view .LVU781
 2423 0004 0022     		movs	r2, #0
 2424 0006 0192     		str	r2, [sp, #4]
1670:Drivers/STM32F4xx_HAL_Driver/Src/stm32f4xx_hal_adc.c ****   
 2425              		.loc 1 1670 3 is_stmt 1 view .LVU782
1673:Drivers/STM32F4xx_HAL_Driver/Src/stm32f4xx_hal_adc.c ****   assert_param(IS_ADC_REGULAR_RANK(sConfig->Rank));
 2426              		.loc 1 1673 3 view .LVU783
1674:Drivers/STM32F4xx_HAL_Driver/Src/stm32f4xx_hal_adc.c ****   assert_param(IS_ADC_SAMPLE_TIME(sConfig->SamplingTime));
 2427              		.loc 1 1674 3 view .LVU784
1675:Drivers/STM32F4xx_HAL_Driver/Src/stm32f4xx_hal_adc.c ****   
 2428              		.loc 1 1675 3 view .LVU785
ARM GAS  /tmp/ccFxaBUH.s 			page 91


1678:Drivers/STM32F4xx_HAL_Driver/Src/stm32f4xx_hal_adc.c ****     
 2429              		.loc 1 1678 3 view .LVU786
1678:Drivers/STM32F4xx_HAL_Driver/Src/stm32f4xx_hal_adc.c ****     
 2430              		.loc 1 1678 3 view .LVU787
 2431 0008 90F83C20 		ldrb	r2, [r0, #60]	@ zero_extendqisi2
 2432 000c 012A     		cmp	r2, #1
 2433 000e 00F0B680 		beq	.L175
 2434 0012 0346     		mov	r3, r0
1678:Drivers/STM32F4xx_HAL_Driver/Src/stm32f4xx_hal_adc.c ****     
 2435              		.loc 1 1678 3 discriminator 2 view .LVU788
 2436 0014 0122     		movs	r2, #1
 2437 0016 80F83C20 		strb	r2, [r0, #60]
1678:Drivers/STM32F4xx_HAL_Driver/Src/stm32f4xx_hal_adc.c ****     
 2438              		.loc 1 1678 3 discriminator 2 view .LVU789
1681:Drivers/STM32F4xx_HAL_Driver/Src/stm32f4xx_hal_adc.c ****   {
 2439              		.loc 1 1681 3 view .LVU790
1681:Drivers/STM32F4xx_HAL_Driver/Src/stm32f4xx_hal_adc.c ****   {
 2440              		.loc 1 1681 14 is_stmt 0 view .LVU791
 2441 001a 0A68     		ldr	r2, [r1]
1681:Drivers/STM32F4xx_HAL_Driver/Src/stm32f4xx_hal_adc.c ****   {
 2442              		.loc 1 1681 6 view .LVU792
 2443 001c 092A     		cmp	r2, #9
 2444 001e 40D9     		bls	.L166
1684:Drivers/STM32F4xx_HAL_Driver/Src/stm32f4xx_hal_adc.c ****     
 2445              		.loc 1 1684 5 is_stmt 1 view .LVU793
1684:Drivers/STM32F4xx_HAL_Driver/Src/stm32f4xx_hal_adc.c ****     
 2446              		.loc 1 1684 9 is_stmt 0 view .LVU794
 2447 0020 0468     		ldr	r4, [r0]
1684:Drivers/STM32F4xx_HAL_Driver/Src/stm32f4xx_hal_adc.c ****     
 2448              		.loc 1 1684 19 view .LVU795
 2449 0022 E068     		ldr	r0, [r4, #12]
 2450              	.LVL143:
1684:Drivers/STM32F4xx_HAL_Driver/Src/stm32f4xx_hal_adc.c ****     
 2451              		.loc 1 1684 31 view .LVU796
 2452 0024 92B2     		uxth	r2, r2
 2453 0026 02EB4202 		add	r2, r2, r2, lsl #1
 2454 002a 1E3A     		subs	r2, r2, #30
 2455 002c 4FF0070C 		mov	ip, #7
 2456 0030 0CFA02F2 		lsl	r2, ip, r2
1684:Drivers/STM32F4xx_HAL_Driver/Src/stm32f4xx_hal_adc.c ****     
 2457              		.loc 1 1684 27 view .LVU797
 2458 0034 20EA0202 		bic	r2, r0, r2
 2459 0038 E260     		str	r2, [r4, #12]
1687:Drivers/STM32F4xx_HAL_Driver/Src/stm32f4xx_hal_adc.c ****   }
 2460              		.loc 1 1687 5 is_stmt 1 view .LVU798
1687:Drivers/STM32F4xx_HAL_Driver/Src/stm32f4xx_hal_adc.c ****   }
 2461              		.loc 1 1687 9 is_stmt 0 view .LVU799
 2462 003a 1C68     		ldr	r4, [r3]
1687:Drivers/STM32F4xx_HAL_Driver/Src/stm32f4xx_hal_adc.c ****   }
 2463              		.loc 1 1687 19 view .LVU800
 2464 003c E068     		ldr	r0, [r4, #12]
1687:Drivers/STM32F4xx_HAL_Driver/Src/stm32f4xx_hal_adc.c ****   }
 2465              		.loc 1 1687 30 view .LVU801
 2466 003e 0A88     		ldrh	r2, [r1]
 2467 0040 02EB4202 		add	r2, r2, r2, lsl #1
 2468 0044 1E3A     		subs	r2, r2, #30
 2469 0046 8D68     		ldr	r5, [r1, #8]
ARM GAS  /tmp/ccFxaBUH.s 			page 92


 2470 0048 05FA02F2 		lsl	r2, r5, r2
1687:Drivers/STM32F4xx_HAL_Driver/Src/stm32f4xx_hal_adc.c ****   }
 2471              		.loc 1 1687 27 view .LVU802
 2472 004c 0243     		orrs	r2, r2, r0
 2473 004e E260     		str	r2, [r4, #12]
 2474              	.L167:
1699:Drivers/STM32F4xx_HAL_Driver/Src/stm32f4xx_hal_adc.c ****   {
 2475              		.loc 1 1699 3 is_stmt 1 view .LVU803
1699:Drivers/STM32F4xx_HAL_Driver/Src/stm32f4xx_hal_adc.c ****   {
 2476              		.loc 1 1699 14 is_stmt 0 view .LVU804
 2477 0050 4A68     		ldr	r2, [r1, #4]
1699:Drivers/STM32F4xx_HAL_Driver/Src/stm32f4xx_hal_adc.c ****   {
 2478              		.loc 1 1699 6 view .LVU805
 2479 0052 062A     		cmp	r2, #6
 2480 0054 3CD8     		bhi	.L168
1702:Drivers/STM32F4xx_HAL_Driver/Src/stm32f4xx_hal_adc.c ****     
 2481              		.loc 1 1702 5 is_stmt 1 view .LVU806
1702:Drivers/STM32F4xx_HAL_Driver/Src/stm32f4xx_hal_adc.c ****     
 2482              		.loc 1 1702 9 is_stmt 0 view .LVU807
 2483 0056 1C68     		ldr	r4, [r3]
1702:Drivers/STM32F4xx_HAL_Driver/Src/stm32f4xx_hal_adc.c ****     
 2484              		.loc 1 1702 19 view .LVU808
 2485 0058 606B     		ldr	r0, [r4, #52]
1702:Drivers/STM32F4xx_HAL_Driver/Src/stm32f4xx_hal_adc.c ****     
 2486              		.loc 1 1702 30 view .LVU809
 2487 005a 02EB8202 		add	r2, r2, r2, lsl #2
 2488 005e 053A     		subs	r2, r2, #5
 2489 0060 4FF01F0C 		mov	ip, #31
 2490 0064 0CFA02F2 		lsl	r2, ip, r2
1702:Drivers/STM32F4xx_HAL_Driver/Src/stm32f4xx_hal_adc.c ****     
 2491              		.loc 1 1702 26 view .LVU810
 2492 0068 20EA0202 		bic	r2, r0, r2
 2493 006c 6263     		str	r2, [r4, #52]
1705:Drivers/STM32F4xx_HAL_Driver/Src/stm32f4xx_hal_adc.c ****   }
 2494              		.loc 1 1705 5 is_stmt 1 view .LVU811
1705:Drivers/STM32F4xx_HAL_Driver/Src/stm32f4xx_hal_adc.c ****   }
 2495              		.loc 1 1705 9 is_stmt 0 view .LVU812
 2496 006e 1C68     		ldr	r4, [r3]
1705:Drivers/STM32F4xx_HAL_Driver/Src/stm32f4xx_hal_adc.c ****   }
 2497              		.loc 1 1705 19 view .LVU813
 2498 0070 606B     		ldr	r0, [r4, #52]
1705:Drivers/STM32F4xx_HAL_Driver/Src/stm32f4xx_hal_adc.c ****   }
 2499              		.loc 1 1705 29 view .LVU814
 2500 0072 4A68     		ldr	r2, [r1, #4]
 2501 0074 02EB8202 		add	r2, r2, r2, lsl #2
 2502 0078 053A     		subs	r2, r2, #5
 2503 007a B1F800C0 		ldrh	ip, [r1]
 2504 007e 0CFA02F2 		lsl	r2, ip, r2
1705:Drivers/STM32F4xx_HAL_Driver/Src/stm32f4xx_hal_adc.c ****   }
 2505              		.loc 1 1705 26 view .LVU815
 2506 0082 0243     		orrs	r2, r2, r0
 2507 0084 6263     		str	r2, [r4, #52]
 2508              	.L169:
1729:Drivers/STM32F4xx_HAL_Driver/Src/stm32f4xx_hal_adc.c **** 
 2509              		.loc 1 1729 5 is_stmt 1 view .LVU816
 2510              	.LVL144:
1732:Drivers/STM32F4xx_HAL_Driver/Src/stm32f4xx_hal_adc.c ****   {
ARM GAS  /tmp/ccFxaBUH.s 			page 93


 2511              		.loc 1 1732 3 view .LVU817
1732:Drivers/STM32F4xx_HAL_Driver/Src/stm32f4xx_hal_adc.c ****   {
 2512              		.loc 1 1732 12 is_stmt 0 view .LVU818
 2513 0086 1868     		ldr	r0, [r3]
1732:Drivers/STM32F4xx_HAL_Driver/Src/stm32f4xx_hal_adc.c ****   {
 2514              		.loc 1 1732 6 view .LVU819
 2515 0088 3E4A     		ldr	r2, .L179
 2516 008a 9042     		cmp	r0, r2
 2517 008c 50D0     		beq	.L177
 2518              	.L171:
1745:Drivers/STM32F4xx_HAL_Driver/Src/stm32f4xx_hal_adc.c ****   {
 2519              		.loc 1 1745 3 is_stmt 1 view .LVU820
1745:Drivers/STM32F4xx_HAL_Driver/Src/stm32f4xx_hal_adc.c ****   {
 2520              		.loc 1 1745 12 is_stmt 0 view .LVU821
 2521 008e 1868     		ldr	r0, [r3]
1745:Drivers/STM32F4xx_HAL_Driver/Src/stm32f4xx_hal_adc.c ****   {
 2522              		.loc 1 1745 6 view .LVU822
 2523 0090 3C4A     		ldr	r2, .L179
 2524 0092 9042     		cmp	r0, r2
 2525 0094 55D0     		beq	.L178
 2526              	.LVL145:
 2527              	.L172:
1768:Drivers/STM32F4xx_HAL_Driver/Src/stm32f4xx_hal_adc.c ****   
 2528              		.loc 1 1768 3 is_stmt 1 view .LVU823
1768:Drivers/STM32F4xx_HAL_Driver/Src/stm32f4xx_hal_adc.c ****   
 2529              		.loc 1 1768 3 view .LVU824
 2530 0096 0020     		movs	r0, #0
 2531 0098 83F83C00 		strb	r0, [r3, #60]
1768:Drivers/STM32F4xx_HAL_Driver/Src/stm32f4xx_hal_adc.c ****   
 2532              		.loc 1 1768 3 view .LVU825
1771:Drivers/STM32F4xx_HAL_Driver/Src/stm32f4xx_hal_adc.c **** }
 2533              		.loc 1 1771 3 view .LVU826
 2534              	.LVL146:
 2535              	.L165:
1772:Drivers/STM32F4xx_HAL_Driver/Src/stm32f4xx_hal_adc.c **** 
 2536              		.loc 1 1772 1 is_stmt 0 view .LVU827
 2537 009c 02B0     		add	sp, sp, #8
 2538              		.cfi_remember_state
 2539              		.cfi_def_cfa_offset 8
 2540              		@ sp needed
 2541 009e 30BC     		pop	{r4, r5}
 2542              		.cfi_restore 5
 2543              		.cfi_restore 4
 2544              		.cfi_def_cfa_offset 0
 2545 00a0 7047     		bx	lr
 2546              	.LVL147:
 2547              	.L166:
 2548              		.cfi_restore_state
1692:Drivers/STM32F4xx_HAL_Driver/Src/stm32f4xx_hal_adc.c ****     
 2549              		.loc 1 1692 5 is_stmt 1 view .LVU828
1692:Drivers/STM32F4xx_HAL_Driver/Src/stm32f4xx_hal_adc.c ****     
 2550              		.loc 1 1692 9 is_stmt 0 view .LVU829
 2551 00a2 0468     		ldr	r4, [r0]
1692:Drivers/STM32F4xx_HAL_Driver/Src/stm32f4xx_hal_adc.c ****     
 2552              		.loc 1 1692 19 view .LVU830
 2553 00a4 2069     		ldr	r0, [r4, #16]
 2554              	.LVL148:
ARM GAS  /tmp/ccFxaBUH.s 			page 94


1692:Drivers/STM32F4xx_HAL_Driver/Src/stm32f4xx_hal_adc.c ****     
 2555              		.loc 1 1692 31 view .LVU831
 2556 00a6 92B2     		uxth	r2, r2
 2557 00a8 02EB4202 		add	r2, r2, r2, lsl #1
 2558 00ac 4FF0070C 		mov	ip, #7
 2559 00b0 0CFA02F2 		lsl	r2, ip, r2
1692:Drivers/STM32F4xx_HAL_Driver/Src/stm32f4xx_hal_adc.c ****     
 2560              		.loc 1 1692 27 view .LVU832
 2561 00b4 20EA0202 		bic	r2, r0, r2
 2562 00b8 2261     		str	r2, [r4, #16]
1695:Drivers/STM32F4xx_HAL_Driver/Src/stm32f4xx_hal_adc.c ****   }
 2563              		.loc 1 1695 5 is_stmt 1 view .LVU833
1695:Drivers/STM32F4xx_HAL_Driver/Src/stm32f4xx_hal_adc.c ****   }
 2564              		.loc 1 1695 9 is_stmt 0 view .LVU834
 2565 00ba 1C68     		ldr	r4, [r3]
1695:Drivers/STM32F4xx_HAL_Driver/Src/stm32f4xx_hal_adc.c ****   }
 2566              		.loc 1 1695 19 view .LVU835
 2567 00bc 2069     		ldr	r0, [r4, #16]
1695:Drivers/STM32F4xx_HAL_Driver/Src/stm32f4xx_hal_adc.c ****   }
 2568              		.loc 1 1695 30 view .LVU836
 2569 00be 0A88     		ldrh	r2, [r1]
 2570 00c0 02EB4202 		add	r2, r2, r2, lsl #1
 2571 00c4 8D68     		ldr	r5, [r1, #8]
 2572 00c6 05FA02F2 		lsl	r2, r5, r2
1695:Drivers/STM32F4xx_HAL_Driver/Src/stm32f4xx_hal_adc.c ****   }
 2573              		.loc 1 1695 27 view .LVU837
 2574 00ca 0243     		orrs	r2, r2, r0
 2575 00cc 2261     		str	r2, [r4, #16]
 2576 00ce BFE7     		b	.L167
 2577              	.L168:
1708:Drivers/STM32F4xx_HAL_Driver/Src/stm32f4xx_hal_adc.c ****   {
 2578              		.loc 1 1708 8 is_stmt 1 view .LVU838
1708:Drivers/STM32F4xx_HAL_Driver/Src/stm32f4xx_hal_adc.c ****   {
 2579              		.loc 1 1708 11 is_stmt 0 view .LVU839
 2580 00d0 0C2A     		cmp	r2, #12
 2581 00d2 16D8     		bhi	.L170
1711:Drivers/STM32F4xx_HAL_Driver/Src/stm32f4xx_hal_adc.c ****     
 2582              		.loc 1 1711 5 is_stmt 1 view .LVU840
1711:Drivers/STM32F4xx_HAL_Driver/Src/stm32f4xx_hal_adc.c ****     
 2583              		.loc 1 1711 9 is_stmt 0 view .LVU841
 2584 00d4 1D68     		ldr	r5, [r3]
1711:Drivers/STM32F4xx_HAL_Driver/Src/stm32f4xx_hal_adc.c ****     
 2585              		.loc 1 1711 19 view .LVU842
 2586 00d6 286B     		ldr	r0, [r5, #48]
1711:Drivers/STM32F4xx_HAL_Driver/Src/stm32f4xx_hal_adc.c ****     
 2587              		.loc 1 1711 30 view .LVU843
 2588 00d8 02EB8202 		add	r2, r2, r2, lsl #2
 2589 00dc 233A     		subs	r2, r2, #35
 2590 00de 1F24     		movs	r4, #31
 2591 00e0 04FA02F2 		lsl	r2, r4, r2
1711:Drivers/STM32F4xx_HAL_Driver/Src/stm32f4xx_hal_adc.c ****     
 2592              		.loc 1 1711 26 view .LVU844
 2593 00e4 20EA0202 		bic	r2, r0, r2
 2594 00e8 2A63     		str	r2, [r5, #48]
1714:Drivers/STM32F4xx_HAL_Driver/Src/stm32f4xx_hal_adc.c ****   }
 2595              		.loc 1 1714 5 is_stmt 1 view .LVU845
1714:Drivers/STM32F4xx_HAL_Driver/Src/stm32f4xx_hal_adc.c ****   }
ARM GAS  /tmp/ccFxaBUH.s 			page 95


 2596              		.loc 1 1714 9 is_stmt 0 view .LVU846
 2597 00ea 1D68     		ldr	r5, [r3]
1714:Drivers/STM32F4xx_HAL_Driver/Src/stm32f4xx_hal_adc.c ****   }
 2598              		.loc 1 1714 19 view .LVU847
 2599 00ec 286B     		ldr	r0, [r5, #48]
1714:Drivers/STM32F4xx_HAL_Driver/Src/stm32f4xx_hal_adc.c ****   }
 2600              		.loc 1 1714 29 view .LVU848
 2601 00ee 4A68     		ldr	r2, [r1, #4]
 2602 00f0 02EB8202 		add	r2, r2, r2, lsl #2
 2603 00f4 233A     		subs	r2, r2, #35
 2604 00f6 0C88     		ldrh	r4, [r1]
 2605 00f8 04FA02F2 		lsl	r2, r4, r2
1714:Drivers/STM32F4xx_HAL_Driver/Src/stm32f4xx_hal_adc.c ****   }
 2606              		.loc 1 1714 26 view .LVU849
 2607 00fc 0243     		orrs	r2, r2, r0
 2608 00fe 2A63     		str	r2, [r5, #48]
 2609 0100 C1E7     		b	.L169
 2610              	.L170:
1720:Drivers/STM32F4xx_HAL_Driver/Src/stm32f4xx_hal_adc.c ****     
 2611              		.loc 1 1720 5 is_stmt 1 view .LVU850
1720:Drivers/STM32F4xx_HAL_Driver/Src/stm32f4xx_hal_adc.c ****     
 2612              		.loc 1 1720 9 is_stmt 0 view .LVU851
 2613 0102 1D68     		ldr	r5, [r3]
1720:Drivers/STM32F4xx_HAL_Driver/Src/stm32f4xx_hal_adc.c ****     
 2614              		.loc 1 1720 19 view .LVU852
 2615 0104 E86A     		ldr	r0, [r5, #44]
1720:Drivers/STM32F4xx_HAL_Driver/Src/stm32f4xx_hal_adc.c ****     
 2616              		.loc 1 1720 30 view .LVU853
 2617 0106 02EB8202 		add	r2, r2, r2, lsl #2
 2618 010a 413A     		subs	r2, r2, #65
 2619 010c 1F24     		movs	r4, #31
 2620 010e 04FA02F2 		lsl	r2, r4, r2
1720:Drivers/STM32F4xx_HAL_Driver/Src/stm32f4xx_hal_adc.c ****     
 2621              		.loc 1 1720 26 view .LVU854
 2622 0112 20EA0202 		bic	r2, r0, r2
 2623 0116 EA62     		str	r2, [r5, #44]
1723:Drivers/STM32F4xx_HAL_Driver/Src/stm32f4xx_hal_adc.c ****   }
 2624              		.loc 1 1723 5 is_stmt 1 view .LVU855
1723:Drivers/STM32F4xx_HAL_Driver/Src/stm32f4xx_hal_adc.c ****   }
 2625              		.loc 1 1723 9 is_stmt 0 view .LVU856
 2626 0118 1D68     		ldr	r5, [r3]
1723:Drivers/STM32F4xx_HAL_Driver/Src/stm32f4xx_hal_adc.c ****   }
 2627              		.loc 1 1723 19 view .LVU857
 2628 011a E86A     		ldr	r0, [r5, #44]
1723:Drivers/STM32F4xx_HAL_Driver/Src/stm32f4xx_hal_adc.c ****   }
 2629              		.loc 1 1723 29 view .LVU858
 2630 011c 4A68     		ldr	r2, [r1, #4]
 2631 011e 02EB8202 		add	r2, r2, r2, lsl #2
 2632 0122 413A     		subs	r2, r2, #65
 2633 0124 0C88     		ldrh	r4, [r1]
 2634 0126 04FA02F2 		lsl	r2, r4, r2
1723:Drivers/STM32F4xx_HAL_Driver/Src/stm32f4xx_hal_adc.c ****   }
 2635              		.loc 1 1723 26 view .LVU859
 2636 012a 0243     		orrs	r2, r2, r0
 2637 012c EA62     		str	r2, [r5, #44]
 2638 012e AAE7     		b	.L169
 2639              	.LVL149:
ARM GAS  /tmp/ccFxaBUH.s 			page 96


 2640              	.L177:
1732:Drivers/STM32F4xx_HAL_Driver/Src/stm32f4xx_hal_adc.c ****   {
 2641              		.loc 1 1732 43 discriminator 1 view .LVU860
 2642 0130 0A68     		ldr	r2, [r1]
1732:Drivers/STM32F4xx_HAL_Driver/Src/stm32f4xx_hal_adc.c ****   {
 2643              		.loc 1 1732 32 discriminator 1 view .LVU861
 2644 0132 122A     		cmp	r2, #18
 2645 0134 ABD1     		bne	.L171
1735:Drivers/STM32F4xx_HAL_Driver/Src/stm32f4xx_hal_adc.c ****     {
 2646              		.loc 1 1735 5 is_stmt 1 view .LVU862
1740:Drivers/STM32F4xx_HAL_Driver/Src/stm32f4xx_hal_adc.c ****   }
 2647              		.loc 1 1740 5 view .LVU863
1740:Drivers/STM32F4xx_HAL_Driver/Src/stm32f4xx_hal_adc.c ****   }
 2648              		.loc 1 1740 18 is_stmt 0 view .LVU864
 2649 0136 1448     		ldr	r0, .L179+4
 2650 0138 4268     		ldr	r2, [r0, #4]
1740:Drivers/STM32F4xx_HAL_Driver/Src/stm32f4xx_hal_adc.c ****   }
 2651              		.loc 1 1740 24 view .LVU865
 2652 013a 42F48002 		orr	r2, r2, #4194304
 2653 013e 4260     		str	r2, [r0, #4]
 2654 0140 A5E7     		b	.L171
 2655              	.L178:
1745:Drivers/STM32F4xx_HAL_Driver/Src/stm32f4xx_hal_adc.c ****   {
 2656              		.loc 1 1745 44 discriminator 1 view .LVU866
 2657 0142 0A68     		ldr	r2, [r1]
1745:Drivers/STM32F4xx_HAL_Driver/Src/stm32f4xx_hal_adc.c ****   {
 2658              		.loc 1 1745 81 discriminator 1 view .LVU867
 2659 0144 103A     		subs	r2, r2, #16
1745:Drivers/STM32F4xx_HAL_Driver/Src/stm32f4xx_hal_adc.c ****   {
 2660              		.loc 1 1745 32 discriminator 1 view .LVU868
 2661 0146 012A     		cmp	r2, #1
 2662 0148 A5D8     		bhi	.L172
1748:Drivers/STM32F4xx_HAL_Driver/Src/stm32f4xx_hal_adc.c ****     {
 2663              		.loc 1 1748 5 is_stmt 1 view .LVU869
1753:Drivers/STM32F4xx_HAL_Driver/Src/stm32f4xx_hal_adc.c ****     
 2664              		.loc 1 1753 5 view .LVU870
1753:Drivers/STM32F4xx_HAL_Driver/Src/stm32f4xx_hal_adc.c ****     
 2665              		.loc 1 1753 18 is_stmt 0 view .LVU871
 2666 014a 0F48     		ldr	r0, .L179+4
 2667 014c 4268     		ldr	r2, [r0, #4]
1753:Drivers/STM32F4xx_HAL_Driver/Src/stm32f4xx_hal_adc.c ****     
 2668              		.loc 1 1753 24 view .LVU872
 2669 014e 42F40002 		orr	r2, r2, #8388608
 2670 0152 4260     		str	r2, [r0, #4]
1755:Drivers/STM32F4xx_HAL_Driver/Src/stm32f4xx_hal_adc.c ****     {
 2671              		.loc 1 1755 5 is_stmt 1 view .LVU873
1755:Drivers/STM32F4xx_HAL_Driver/Src/stm32f4xx_hal_adc.c ****     {
 2672              		.loc 1 1755 15 is_stmt 0 view .LVU874
 2673 0154 0A68     		ldr	r2, [r1]
1755:Drivers/STM32F4xx_HAL_Driver/Src/stm32f4xx_hal_adc.c ****     {
 2674              		.loc 1 1755 7 view .LVU875
 2675 0156 102A     		cmp	r2, #16
 2676 0158 9DD1     		bne	.L172
1759:Drivers/STM32F4xx_HAL_Driver/Src/stm32f4xx_hal_adc.c ****       while(counter != 0U)
 2677              		.loc 1 1759 7 is_stmt 1 view .LVU876
1759:Drivers/STM32F4xx_HAL_Driver/Src/stm32f4xx_hal_adc.c ****       while(counter != 0U)
 2678              		.loc 1 1759 61 is_stmt 0 view .LVU877
ARM GAS  /tmp/ccFxaBUH.s 			page 97


 2679 015a 0C4A     		ldr	r2, .L179+8
 2680 015c 1268     		ldr	r2, [r2]
 2681 015e 0C49     		ldr	r1, .L179+12
 2682              	.LVL150:
1759:Drivers/STM32F4xx_HAL_Driver/Src/stm32f4xx_hal_adc.c ****       while(counter != 0U)
 2683              		.loc 1 1759 61 view .LVU878
 2684 0160 A1FB0212 		umull	r1, r2, r1, r2
 2685 0164 920C     		lsrs	r2, r2, #18
1759:Drivers/STM32F4xx_HAL_Driver/Src/stm32f4xx_hal_adc.c ****       while(counter != 0U)
 2686              		.loc 1 1759 42 view .LVU879
 2687 0166 02EB8202 		add	r2, r2, r2, lsl #2
 2688 016a 5200     		lsls	r2, r2, #1
1759:Drivers/STM32F4xx_HAL_Driver/Src/stm32f4xx_hal_adc.c ****       while(counter != 0U)
 2689              		.loc 1 1759 15 view .LVU880
 2690 016c 0192     		str	r2, [sp, #4]
1760:Drivers/STM32F4xx_HAL_Driver/Src/stm32f4xx_hal_adc.c ****       {
 2691              		.loc 1 1760 7 is_stmt 1 view .LVU881
1760:Drivers/STM32F4xx_HAL_Driver/Src/stm32f4xx_hal_adc.c ****       {
 2692              		.loc 1 1760 12 is_stmt 0 view .LVU882
 2693 016e 02E0     		b	.L173
 2694              	.L174:
1762:Drivers/STM32F4xx_HAL_Driver/Src/stm32f4xx_hal_adc.c ****       }
 2695              		.loc 1 1762 9 is_stmt 1 view .LVU883
1762:Drivers/STM32F4xx_HAL_Driver/Src/stm32f4xx_hal_adc.c ****       }
 2696              		.loc 1 1762 16 is_stmt 0 view .LVU884
 2697 0170 019A     		ldr	r2, [sp, #4]
 2698 0172 013A     		subs	r2, r2, #1
 2699 0174 0192     		str	r2, [sp, #4]
 2700              	.L173:
1760:Drivers/STM32F4xx_HAL_Driver/Src/stm32f4xx_hal_adc.c ****       {
 2701              		.loc 1 1760 21 is_stmt 1 view .LVU885
 2702 0176 019A     		ldr	r2, [sp, #4]
 2703 0178 002A     		cmp	r2, #0
 2704 017a F9D1     		bne	.L174
 2705 017c 8BE7     		b	.L172
 2706              	.LVL151:
 2707              	.L175:
1678:Drivers/STM32F4xx_HAL_Driver/Src/stm32f4xx_hal_adc.c ****     
 2708              		.loc 1 1678 3 is_stmt 0 discriminator 1 view .LVU886
 2709 017e 0220     		movs	r0, #2
 2710              	.LVL152:
1678:Drivers/STM32F4xx_HAL_Driver/Src/stm32f4xx_hal_adc.c ****     
 2711              		.loc 1 1678 3 discriminator 1 view .LVU887
 2712 0180 8CE7     		b	.L165
 2713              	.L180:
 2714 0182 00BF     		.align	2
 2715              	.L179:
 2716 0184 00200140 		.word	1073815552
 2717 0188 00230140 		.word	1073816320
 2718 018c 00000000 		.word	SystemCoreClock
 2719 0190 83DE1B43 		.word	1125899907
 2720              		.cfi_endproc
 2721              	.LFE234:
 2723              		.section	.text.HAL_ADC_AnalogWDGConfig,"ax",%progbits
 2724              		.align	1
 2725              		.global	HAL_ADC_AnalogWDGConfig
 2726              		.syntax unified
ARM GAS  /tmp/ccFxaBUH.s 			page 98


 2727              		.thumb
 2728              		.thumb_func
 2730              	HAL_ADC_AnalogWDGConfig:
 2731              	.LVL153:
 2732              	.LFB235:
1791:Drivers/STM32F4xx_HAL_Driver/Src/stm32f4xx_hal_adc.c **** #ifdef USE_FULL_ASSERT  
 2733              		.loc 1 1791 1 is_stmt 1 view -0
 2734              		.cfi_startproc
 2735              		@ args = 0, pretend = 0, frame = 0
 2736              		@ frame_needed = 0, uses_anonymous_args = 0
 2737              		@ link register save eliminated.
1797:Drivers/STM32F4xx_HAL_Driver/Src/stm32f4xx_hal_adc.c ****   assert_param(IS_ADC_CHANNEL(AnalogWDGConfig->Channel));
 2738              		.loc 1 1797 3 view .LVU889
1798:Drivers/STM32F4xx_HAL_Driver/Src/stm32f4xx_hal_adc.c ****   assert_param(IS_FUNCTIONAL_STATE(AnalogWDGConfig->ITMode));
 2739              		.loc 1 1798 3 view .LVU890
1799:Drivers/STM32F4xx_HAL_Driver/Src/stm32f4xx_hal_adc.c **** 
 2740              		.loc 1 1799 3 view .LVU891
1808:Drivers/STM32F4xx_HAL_Driver/Src/stm32f4xx_hal_adc.c ****   
 2741              		.loc 1 1808 3 view .LVU892
1808:Drivers/STM32F4xx_HAL_Driver/Src/stm32f4xx_hal_adc.c ****   
 2742              		.loc 1 1808 3 view .LVU893
 2743 0000 90F83C20 		ldrb	r2, [r0, #60]	@ zero_extendqisi2
 2744 0004 012A     		cmp	r2, #1
 2745 0006 34D0     		beq	.L185
1791:Drivers/STM32F4xx_HAL_Driver/Src/stm32f4xx_hal_adc.c **** #ifdef USE_FULL_ASSERT  
 2746              		.loc 1 1791 1 is_stmt 0 view .LVU894
 2747 0008 10B4     		push	{r4}
 2748              		.cfi_def_cfa_offset 4
 2749              		.cfi_offset 4, -4
 2750 000a 0346     		mov	r3, r0
1808:Drivers/STM32F4xx_HAL_Driver/Src/stm32f4xx_hal_adc.c ****   
 2751              		.loc 1 1808 3 is_stmt 1 discriminator 2 view .LVU895
 2752 000c 0122     		movs	r2, #1
 2753 000e 80F83C20 		strb	r2, [r0, #60]
1808:Drivers/STM32F4xx_HAL_Driver/Src/stm32f4xx_hal_adc.c ****   
 2754              		.loc 1 1808 3 discriminator 2 view .LVU896
1810:Drivers/STM32F4xx_HAL_Driver/Src/stm32f4xx_hal_adc.c ****   {
 2755              		.loc 1 1810 3 view .LVU897
1810:Drivers/STM32F4xx_HAL_Driver/Src/stm32f4xx_hal_adc.c ****   {
 2756              		.loc 1 1810 21 is_stmt 0 view .LVU898
 2757 0012 0A7C     		ldrb	r2, [r1, #16]	@ zero_extendqisi2
1810:Drivers/STM32F4xx_HAL_Driver/Src/stm32f4xx_hal_adc.c ****   {
 2758              		.loc 1 1810 5 view .LVU899
 2759 0014 012A     		cmp	r2, #1
 2760 0016 26D0     		beq	.L190
1818:Drivers/STM32F4xx_HAL_Driver/Src/stm32f4xx_hal_adc.c ****   }
 2761              		.loc 1 1818 5 is_stmt 1 view .LVU900
 2762 0018 0068     		ldr	r0, [r0]
 2763              	.LVL154:
1818:Drivers/STM32F4xx_HAL_Driver/Src/stm32f4xx_hal_adc.c ****   }
 2764              		.loc 1 1818 5 is_stmt 0 view .LVU901
 2765 001a 4268     		ldr	r2, [r0, #4]
 2766 001c 22F04002 		bic	r2, r2, #64
 2767 0020 4260     		str	r2, [r0, #4]
 2768              	.L184:
1822:Drivers/STM32F4xx_HAL_Driver/Src/stm32f4xx_hal_adc.c ****   
 2769              		.loc 1 1822 3 is_stmt 1 view .LVU902
ARM GAS  /tmp/ccFxaBUH.s 			page 99


1822:Drivers/STM32F4xx_HAL_Driver/Src/stm32f4xx_hal_adc.c ****   
 2770              		.loc 1 1822 7 is_stmt 0 view .LVU903
 2771 0022 1868     		ldr	r0, [r3]
1822:Drivers/STM32F4xx_HAL_Driver/Src/stm32f4xx_hal_adc.c ****   
 2772              		.loc 1 1822 17 view .LVU904
 2773 0024 4268     		ldr	r2, [r0, #4]
1822:Drivers/STM32F4xx_HAL_Driver/Src/stm32f4xx_hal_adc.c ****   
 2774              		.loc 1 1822 23 view .LVU905
 2775 0026 22F44002 		bic	r2, r2, #12582912
 2776 002a 22F40072 		bic	r2, r2, #512
 2777 002e 4260     		str	r2, [r0, #4]
1825:Drivers/STM32F4xx_HAL_Driver/Src/stm32f4xx_hal_adc.c ****   
 2778              		.loc 1 1825 3 is_stmt 1 view .LVU906
1825:Drivers/STM32F4xx_HAL_Driver/Src/stm32f4xx_hal_adc.c ****   
 2779              		.loc 1 1825 7 is_stmt 0 view .LVU907
 2780 0030 1868     		ldr	r0, [r3]
1825:Drivers/STM32F4xx_HAL_Driver/Src/stm32f4xx_hal_adc.c ****   
 2781              		.loc 1 1825 17 view .LVU908
 2782 0032 4268     		ldr	r2, [r0, #4]
1825:Drivers/STM32F4xx_HAL_Driver/Src/stm32f4xx_hal_adc.c ****   
 2783              		.loc 1 1825 41 view .LVU909
 2784 0034 0C68     		ldr	r4, [r1]
1825:Drivers/STM32F4xx_HAL_Driver/Src/stm32f4xx_hal_adc.c ****   
 2785              		.loc 1 1825 23 view .LVU910
 2786 0036 2243     		orrs	r2, r2, r4
 2787 0038 4260     		str	r2, [r0, #4]
1828:Drivers/STM32F4xx_HAL_Driver/Src/stm32f4xx_hal_adc.c ****   
 2788              		.loc 1 1828 3 is_stmt 1 view .LVU911
1828:Drivers/STM32F4xx_HAL_Driver/Src/stm32f4xx_hal_adc.c ****   
 2789              		.loc 1 1828 7 is_stmt 0 view .LVU912
 2790 003a 1A68     		ldr	r2, [r3]
1828:Drivers/STM32F4xx_HAL_Driver/Src/stm32f4xx_hal_adc.c ****   
 2791              		.loc 1 1828 40 view .LVU913
 2792 003c 4868     		ldr	r0, [r1, #4]
1828:Drivers/STM32F4xx_HAL_Driver/Src/stm32f4xx_hal_adc.c ****   
 2793              		.loc 1 1828 23 view .LVU914
 2794 003e 5062     		str	r0, [r2, #36]
1831:Drivers/STM32F4xx_HAL_Driver/Src/stm32f4xx_hal_adc.c ****   
 2795              		.loc 1 1831 3 is_stmt 1 view .LVU915
1831:Drivers/STM32F4xx_HAL_Driver/Src/stm32f4xx_hal_adc.c ****   
 2796              		.loc 1 1831 7 is_stmt 0 view .LVU916
 2797 0040 1A68     		ldr	r2, [r3]
1831:Drivers/STM32F4xx_HAL_Driver/Src/stm32f4xx_hal_adc.c ****   
 2798              		.loc 1 1831 40 view .LVU917
 2799 0042 8868     		ldr	r0, [r1, #8]
1831:Drivers/STM32F4xx_HAL_Driver/Src/stm32f4xx_hal_adc.c ****   
 2800              		.loc 1 1831 23 view .LVU918
 2801 0044 9062     		str	r0, [r2, #40]
1834:Drivers/STM32F4xx_HAL_Driver/Src/stm32f4xx_hal_adc.c ****   
 2802              		.loc 1 1834 3 is_stmt 1 view .LVU919
1834:Drivers/STM32F4xx_HAL_Driver/Src/stm32f4xx_hal_adc.c ****   
 2803              		.loc 1 1834 7 is_stmt 0 view .LVU920
 2804 0046 1868     		ldr	r0, [r3]
1834:Drivers/STM32F4xx_HAL_Driver/Src/stm32f4xx_hal_adc.c ****   
 2805              		.loc 1 1834 17 view .LVU921
 2806 0048 4268     		ldr	r2, [r0, #4]
1834:Drivers/STM32F4xx_HAL_Driver/Src/stm32f4xx_hal_adc.c ****   
ARM GAS  /tmp/ccFxaBUH.s 			page 100


 2807              		.loc 1 1834 23 view .LVU922
 2808 004a 22F01F02 		bic	r2, r2, #31
 2809 004e 4260     		str	r2, [r0, #4]
1837:Drivers/STM32F4xx_HAL_Driver/Src/stm32f4xx_hal_adc.c ****   
 2810              		.loc 1 1837 3 is_stmt 1 view .LVU923
1837:Drivers/STM32F4xx_HAL_Driver/Src/stm32f4xx_hal_adc.c ****   
 2811              		.loc 1 1837 7 is_stmt 0 view .LVU924
 2812 0050 1868     		ldr	r0, [r3]
1837:Drivers/STM32F4xx_HAL_Driver/Src/stm32f4xx_hal_adc.c ****   
 2813              		.loc 1 1837 17 view .LVU925
 2814 0052 4468     		ldr	r4, [r0, #4]
1837:Drivers/STM32F4xx_HAL_Driver/Src/stm32f4xx_hal_adc.c ****   
 2815              		.loc 1 1837 23 view .LVU926
 2816 0054 8A89     		ldrh	r2, [r1, #12]
 2817 0056 2243     		orrs	r2, r2, r4
 2818 0058 4260     		str	r2, [r0, #4]
1840:Drivers/STM32F4xx_HAL_Driver/Src/stm32f4xx_hal_adc.c ****   
 2819              		.loc 1 1840 3 is_stmt 1 view .LVU927
1840:Drivers/STM32F4xx_HAL_Driver/Src/stm32f4xx_hal_adc.c ****   
 2820              		.loc 1 1840 3 view .LVU928
 2821 005a 0020     		movs	r0, #0
 2822 005c 83F83C00 		strb	r0, [r3, #60]
1840:Drivers/STM32F4xx_HAL_Driver/Src/stm32f4xx_hal_adc.c ****   
 2823              		.loc 1 1840 3 view .LVU929
1843:Drivers/STM32F4xx_HAL_Driver/Src/stm32f4xx_hal_adc.c **** }
 2824              		.loc 1 1843 3 view .LVU930
1844:Drivers/STM32F4xx_HAL_Driver/Src/stm32f4xx_hal_adc.c **** 
 2825              		.loc 1 1844 1 is_stmt 0 view .LVU931
 2826 0060 5DF8044B 		ldr	r4, [sp], #4
 2827              		.cfi_remember_state
 2828              		.cfi_restore 4
 2829              		.cfi_def_cfa_offset 0
 2830 0064 7047     		bx	lr
 2831              	.LVL155:
 2832              	.L190:
 2833              		.cfi_restore_state
1813:Drivers/STM32F4xx_HAL_Driver/Src/stm32f4xx_hal_adc.c ****   }
 2834              		.loc 1 1813 5 is_stmt 1 view .LVU932
 2835 0066 0068     		ldr	r0, [r0]
 2836              	.LVL156:
1813:Drivers/STM32F4xx_HAL_Driver/Src/stm32f4xx_hal_adc.c ****   }
 2837              		.loc 1 1813 5 is_stmt 0 view .LVU933
 2838 0068 4268     		ldr	r2, [r0, #4]
 2839 006a 42F04002 		orr	r2, r2, #64
 2840 006e 4260     		str	r2, [r0, #4]
 2841 0070 D7E7     		b	.L184
 2842              	.LVL157:
 2843              	.L185:
 2844              		.cfi_def_cfa_offset 0
 2845              		.cfi_restore 4
1808:Drivers/STM32F4xx_HAL_Driver/Src/stm32f4xx_hal_adc.c ****   
 2846              		.loc 1 1808 3 discriminator 1 view .LVU934
 2847 0072 0220     		movs	r0, #2
 2848              	.LVL158:
1844:Drivers/STM32F4xx_HAL_Driver/Src/stm32f4xx_hal_adc.c **** 
 2849              		.loc 1 1844 1 view .LVU935
 2850 0074 7047     		bx	lr
ARM GAS  /tmp/ccFxaBUH.s 			page 101


 2851              		.cfi_endproc
 2852              	.LFE235:
 2854              		.section	.text.HAL_ADC_GetState,"ax",%progbits
 2855              		.align	1
 2856              		.global	HAL_ADC_GetState
 2857              		.syntax unified
 2858              		.thumb
 2859              		.thumb_func
 2861              	HAL_ADC_GetState:
 2862              	.LVL159:
 2863              	.LFB236:
1873:Drivers/STM32F4xx_HAL_Driver/Src/stm32f4xx_hal_adc.c ****   /* Return ADC state */
 2864              		.loc 1 1873 1 is_stmt 1 view -0
 2865              		.cfi_startproc
 2866              		@ args = 0, pretend = 0, frame = 0
 2867              		@ frame_needed = 0, uses_anonymous_args = 0
 2868              		@ link register save eliminated.
1875:Drivers/STM32F4xx_HAL_Driver/Src/stm32f4xx_hal_adc.c **** }
 2869              		.loc 1 1875 3 view .LVU937
1875:Drivers/STM32F4xx_HAL_Driver/Src/stm32f4xx_hal_adc.c **** }
 2870              		.loc 1 1875 14 is_stmt 0 view .LVU938
 2871 0000 006C     		ldr	r0, [r0, #64]
 2872              	.LVL160:
1876:Drivers/STM32F4xx_HAL_Driver/Src/stm32f4xx_hal_adc.c **** 
 2873              		.loc 1 1876 1 view .LVU939
 2874 0002 7047     		bx	lr
 2875              		.cfi_endproc
 2876              	.LFE236:
 2878              		.section	.text.HAL_ADC_GetError,"ax",%progbits
 2879              		.align	1
 2880              		.global	HAL_ADC_GetError
 2881              		.syntax unified
 2882              		.thumb
 2883              		.thumb_func
 2885              	HAL_ADC_GetError:
 2886              	.LVL161:
 2887              	.LFB237:
1885:Drivers/STM32F4xx_HAL_Driver/Src/stm32f4xx_hal_adc.c ****   return hadc->ErrorCode;
 2888              		.loc 1 1885 1 is_stmt 1 view -0
 2889              		.cfi_startproc
 2890              		@ args = 0, pretend = 0, frame = 0
 2891              		@ frame_needed = 0, uses_anonymous_args = 0
 2892              		@ link register save eliminated.
1886:Drivers/STM32F4xx_HAL_Driver/Src/stm32f4xx_hal_adc.c **** }
 2893              		.loc 1 1886 3 view .LVU941
1886:Drivers/STM32F4xx_HAL_Driver/Src/stm32f4xx_hal_adc.c **** }
 2894              		.loc 1 1886 14 is_stmt 0 view .LVU942
 2895 0000 406C     		ldr	r0, [r0, #68]
 2896              	.LVL162:
1887:Drivers/STM32F4xx_HAL_Driver/Src/stm32f4xx_hal_adc.c **** 
 2897              		.loc 1 1887 1 view .LVU943
 2898 0002 7047     		bx	lr
 2899              		.cfi_endproc
 2900              	.LFE237:
 2902              		.text
 2903              	.Letext0:
 2904              		.file 2 "/usr/lib/gcc/arm-none-eabi/13.2.1/include/stdint.h"
ARM GAS  /tmp/ccFxaBUH.s 			page 102


 2905              		.file 3 "Drivers/CMSIS/Device/ST/STM32F4xx/Include/stm32f401xc.h"
 2906              		.file 4 "Drivers/CMSIS/Device/ST/STM32F4xx/Include/stm32f4xx.h"
 2907              		.file 5 "Drivers/STM32F4xx_HAL_Driver/Inc/stm32f4xx_hal_def.h"
 2908              		.file 6 "Drivers/STM32F4xx_HAL_Driver/Inc/stm32f4xx_hal_dma.h"
 2909              		.file 7 "Drivers/STM32F4xx_HAL_Driver/Inc/stm32f4xx_hal_adc.h"
 2910              		.file 8 "Drivers/CMSIS/Device/ST/STM32F4xx/Include/system_stm32f4xx.h"
 2911              		.file 9 "Drivers/STM32F4xx_HAL_Driver/Inc/stm32f4xx_hal_adc_ex.h"
 2912              		.file 10 "Drivers/STM32F4xx_HAL_Driver/Inc/stm32f4xx_hal.h"
ARM GAS  /tmp/ccFxaBUH.s 			page 103


DEFINED SYMBOLS
                            *ABS*:00000000 stm32f4xx_hal_adc.c
     /tmp/ccFxaBUH.s:21     .text.ADC_Init:00000000 $t
     /tmp/ccFxaBUH.s:26     .text.ADC_Init:00000000 ADC_Init
     /tmp/ccFxaBUH.s:290    .text.ADC_Init:0000012c $d
     /tmp/ccFxaBUH.s:296    .text.HAL_ADC_MspInit:00000000 $t
     /tmp/ccFxaBUH.s:302    .text.HAL_ADC_MspInit:00000000 HAL_ADC_MspInit
     /tmp/ccFxaBUH.s:317    .text.HAL_ADC_Init:00000000 $t
     /tmp/ccFxaBUH.s:323    .text.HAL_ADC_Init:00000000 HAL_ADC_Init
     /tmp/ccFxaBUH.s:424    .text.HAL_ADC_MspDeInit:00000000 $t
     /tmp/ccFxaBUH.s:430    .text.HAL_ADC_MspDeInit:00000000 HAL_ADC_MspDeInit
     /tmp/ccFxaBUH.s:445    .text.HAL_ADC_DeInit:00000000 $t
     /tmp/ccFxaBUH.s:451    .text.HAL_ADC_DeInit:00000000 HAL_ADC_DeInit
     /tmp/ccFxaBUH.s:521    .text.HAL_ADC_Start:00000000 $t
     /tmp/ccFxaBUH.s:527    .text.HAL_ADC_Start:00000000 HAL_ADC_Start
     /tmp/ccFxaBUH.s:747    .text.HAL_ADC_Start:000000f8 $d
     /tmp/ccFxaBUH.s:755    .text.HAL_ADC_Stop:00000000 $t
     /tmp/ccFxaBUH.s:761    .text.HAL_ADC_Stop:00000000 HAL_ADC_Stop
     /tmp/ccFxaBUH.s:820    .text.HAL_ADC_PollForConversion:00000000 $t
     /tmp/ccFxaBUH.s:826    .text.HAL_ADC_PollForConversion:00000000 HAL_ADC_PollForConversion
     /tmp/ccFxaBUH.s:990    .text.HAL_ADC_PollForEvent:00000000 $t
     /tmp/ccFxaBUH.s:996    .text.HAL_ADC_PollForEvent:00000000 HAL_ADC_PollForEvent
     /tmp/ccFxaBUH.s:1110   .text.HAL_ADC_Start_IT:00000000 $t
     /tmp/ccFxaBUH.s:1116   .text.HAL_ADC_Start_IT:00000000 HAL_ADC_Start_IT
     /tmp/ccFxaBUH.s:1342   .text.HAL_ADC_Start_IT:00000108 $d
     /tmp/ccFxaBUH.s:1350   .text.HAL_ADC_Stop_IT:00000000 $t
     /tmp/ccFxaBUH.s:1356   .text.HAL_ADC_Stop_IT:00000000 HAL_ADC_Stop_IT
     /tmp/ccFxaBUH.s:1420   .text.HAL_ADC_Start_DMA:00000000 $t
     /tmp/ccFxaBUH.s:1426   .text.HAL_ADC_Start_DMA:00000000 HAL_ADC_Start_DMA
     /tmp/ccFxaBUH.s:1700   .text.HAL_ADC_Start_DMA:00000148 $d
     /tmp/ccFxaBUH.s:2292   .text.ADC_DMAConvCplt:00000000 ADC_DMAConvCplt
     /tmp/ccFxaBUH.s:1901   .text.ADC_DMAHalfConvCplt:00000000 ADC_DMAHalfConvCplt
     /tmp/ccFxaBUH.s:2252   .text.ADC_DMAError:00000000 ADC_DMAError
     /tmp/ccFxaBUH.s:1711   .text.HAL_ADC_Stop_DMA:00000000 $t
     /tmp/ccFxaBUH.s:1717   .text.HAL_ADC_Stop_DMA:00000000 HAL_ADC_Stop_DMA
     /tmp/ccFxaBUH.s:1828   .text.HAL_ADC_GetValue:00000000 $t
     /tmp/ccFxaBUH.s:1834   .text.HAL_ADC_GetValue:00000000 HAL_ADC_GetValue
     /tmp/ccFxaBUH.s:1854   .text.HAL_ADC_ConvCpltCallback:00000000 $t
     /tmp/ccFxaBUH.s:1860   .text.HAL_ADC_ConvCpltCallback:00000000 HAL_ADC_ConvCpltCallback
     /tmp/ccFxaBUH.s:1875   .text.HAL_ADC_ConvHalfCpltCallback:00000000 $t
     /tmp/ccFxaBUH.s:1881   .text.HAL_ADC_ConvHalfCpltCallback:00000000 HAL_ADC_ConvHalfCpltCallback
     /tmp/ccFxaBUH.s:1896   .text.ADC_DMAHalfConvCplt:00000000 $t
     /tmp/ccFxaBUH.s:1927   .text.HAL_ADC_LevelOutOfWindowCallback:00000000 $t
     /tmp/ccFxaBUH.s:1933   .text.HAL_ADC_LevelOutOfWindowCallback:00000000 HAL_ADC_LevelOutOfWindowCallback
     /tmp/ccFxaBUH.s:1948   .text.HAL_ADC_ErrorCallback:00000000 $t
     /tmp/ccFxaBUH.s:1954   .text.HAL_ADC_ErrorCallback:00000000 HAL_ADC_ErrorCallback
     /tmp/ccFxaBUH.s:1969   .text.HAL_ADC_IRQHandler:00000000 $t
     /tmp/ccFxaBUH.s:1975   .text.HAL_ADC_IRQHandler:00000000 HAL_ADC_IRQHandler
     /tmp/ccFxaBUH.s:2247   .text.ADC_DMAError:00000000 $t
     /tmp/ccFxaBUH.s:2287   .text.ADC_DMAConvCplt:00000000 $t
     /tmp/ccFxaBUH.s:2400   .text.HAL_ADC_ConfigChannel:00000000 $t
     /tmp/ccFxaBUH.s:2406   .text.HAL_ADC_ConfigChannel:00000000 HAL_ADC_ConfigChannel
     /tmp/ccFxaBUH.s:2716   .text.HAL_ADC_ConfigChannel:00000184 $d
     /tmp/ccFxaBUH.s:2724   .text.HAL_ADC_AnalogWDGConfig:00000000 $t
     /tmp/ccFxaBUH.s:2730   .text.HAL_ADC_AnalogWDGConfig:00000000 HAL_ADC_AnalogWDGConfig
     /tmp/ccFxaBUH.s:2855   .text.HAL_ADC_GetState:00000000 $t
     /tmp/ccFxaBUH.s:2861   .text.HAL_ADC_GetState:00000000 HAL_ADC_GetState
ARM GAS  /tmp/ccFxaBUH.s 			page 104


     /tmp/ccFxaBUH.s:2879   .text.HAL_ADC_GetError:00000000 $t
     /tmp/ccFxaBUH.s:2885   .text.HAL_ADC_GetError:00000000 HAL_ADC_GetError
                           .group:00000000 wm4.0.a2c88c0e0e60094af2c84dce921779d2
                           .group:00000000 wm4.stm32f4xx_hal_conf.h.25.758a9f5dc6450f8647b5af7fe8eb27ed
                           .group:00000000 wm4.stm32f4xx.h.39.163e65267b4f964a08764289722b975f
                           .group:00000000 wm4.stm32f401xc.h.35.52d05665f5a2df9c1992e17eee7d2af5
                           .group:00000000 wm4.stdint.h.29.6d480f4ba0f60596e88234283d42444f
                           .group:00000000 wm4.cmsis_version.h.32.4d5822004c01a829a975260e854b5f8e
                           .group:00000000 wm4.core_cm4.h.66.e4ff136c4a17abc46741866f64f8e729
                           .group:00000000 wm4.cmsis_gcc.h.26.6774fe91202d65f4d5ffcff60e00da34
                           .group:00000000 wm4.core_cm4.h.174.059a5e001a9e729091d1407208e93224
                           .group:00000000 wm4.mpu_armv7.h.32.27b4593cb2f8d3152ca5d97a9d72b321
                           .group:00000000 wm4.stm32f401xc.h.636.9a664cc173dbe5d5f2dac1e758e3577d
                           .group:00000000 wm4.stm32f4xx.h.196.0b21137cf6c6923d8fd1f4d94a3bfdd4
                           .group:00000000 wm4.stm32_hal_legacy.h.23.e2601123cf1b2a3b6d11d949644ddf87
                           .group:00000000 wm4.stddef.h.39.0dc9006b34572d4d9cae4c8b422c4971
                           .group:00000000 wm4.stm32f4xx_hal_def.h.58.f614308b482cecea9bcc0016240ac0fc
                           .group:00000000 wm4.stm32f4xx_hal_rcc_ex.h.22.3f3b596cc307dc701c7c99b0fc6c9b58
                           .group:00000000 wm4.stm32f4xx_hal_rcc.h.108.b82c8c670b41d96b2920e2f63661be15
                           .group:00000000 wm4.stm32f4xx_hal_gpio.h.22.e47df9f0f5be4ddc2ed2d14042c5e680
                           .group:00000000 wm4.stm32f4xx_hal_gpio_ex.h.22.5014ee010492a350679453c3b4a59718
                           .group:00000000 wm4.stm32f4xx_hal_gpio.h.255.5b948d47ad1357d6d2213e5e5ca4755c
                           .group:00000000 wm4.stm32f4xx_hal_exti.h.22.1f47767199c5bf749c04088e5c61c9c8
                           .group:00000000 wm4.stm32f4xx_hal_dma.h.22.fffce20ac9119c50557659c75e75ab1c
                           .group:00000000 wm4.stm32f4xx_hal_dma.h.721.a1e57ffbc615f926e6509c5acc65e492
                           .group:00000000 wm4.stm32f4xx_hal_cortex.h.22.e6aa3b847b5388be63c32d1f9e696ef7
                           .group:00000000 wm4.stm32f4xx_ll_adc.h.22.a8e07f8509bbb4868e2c24461c7eee47
                           .group:00000000 wm4.stm32f4xx_hal_adc.h.160.ef18931a059b62efbac7762c6a09e47f
                           .group:00000000 wm4.stm32f4xx_hal_adc_ex.h.22.25ddc09ef7109b33adae2990f50c4304
                           .group:00000000 wm4.stm32f4xx_hal_adc.h.640.733b38c420d3407eb5f8ddd98816c661
                           .group:00000000 wm4.stm32f4xx_hal_flash.h.22.31b301be2655c3eb8583e51c8231544a
                           .group:00000000 wm4.stm32f4xx_hal_flash_ex.h.22.00cb5cb208d28a1f20f3b257a6f51bad
                           .group:00000000 wm4.stm32f4xx_hal_flash.h.363.51efdf0f6c88f683efb89d7cc95cc1be
                           .group:00000000 wm4.stm32f4xx_hal_pwr.h.22.2c27d93ae187efe3a73816f03a329970
                           .group:00000000 wm4.stm32f4xx_hal_pwr_ex.h.22.04eb3957e13ca6e5ed8952d2d168bdc0
                           .group:00000000 wm4.stm32f4xx_hal_pwr.h.337.60b43975c84527a23cb6994b23165a5e
                           .group:00000000 wm4.stm32f4xx_hal_uart.h.22.591b491756a19342b0bf79eea5b33e1b
                           .group:00000000 wm4.stm32f4xx_ll_usb.h.22.3497d8ac31b2bdafc7c2a34d860c4769
                           .group:00000000 wm4.stm32f4xx_hal_hcd.h.111.a51c3bd0d61d2d8cadb372f7c7d9eccb
                           .group:00000000 wm4.stm32f4xx_hal.h.72.a5a58188aa461a0614f1e58e159c7840

UNDEFINED SYMBOLS
SystemCoreClock
HAL_GetTick
HAL_DMA_Start_IT
HAL_DMA_Abort
HAL_ADCEx_InjectedConvCpltCallback
