ARM GAS  /tmp/ccOoZsG0.s 			page 1


   1              		.cpu cortex-m4
   2              		.arch armv7e-m
   3              		.fpu fpv4-sp-d16
   4              		.eabi_attribute 27, 1
   5              		.eabi_attribute 28, 1
   6              		.eabi_attribute 20, 1
   7              		.eabi_attribute 21, 1
   8              		.eabi_attribute 23, 3
   9              		.eabi_attribute 24, 1
  10              		.eabi_attribute 25, 1
  11              		.eabi_attribute 26, 1
  12              		.eabi_attribute 30, 1
  13              		.eabi_attribute 34, 1
  14              		.eabi_attribute 18, 4
  15              		.file	"stm32f4xx_hal_adc_ex.c"
  16              		.text
  17              	.Ltext0:
  18              		.cfi_sections	.debug_frame
  19              		.file 1 "Drivers/STM32F4xx_HAL_Driver/Src/stm32f4xx_hal_adc_ex.c"
  20              		.section	.text.ADC_MultiModeDMAError,"ax",%progbits
  21              		.align	1
  22              		.syntax unified
  23              		.thumb
  24              		.thumb_func
  26              	ADC_MultiModeDMAError:
  27              	.LVL0:
  28              	.LFB230:
   1:Drivers/STM32F4xx_HAL_Driver/Src/stm32f4xx_hal_adc_ex.c **** /**
   2:Drivers/STM32F4xx_HAL_Driver/Src/stm32f4xx_hal_adc_ex.c ****   ******************************************************************************
   3:Drivers/STM32F4xx_HAL_Driver/Src/stm32f4xx_hal_adc_ex.c ****   * @file    stm32f4xx_hal_adc_ex.c
   4:Drivers/STM32F4xx_HAL_Driver/Src/stm32f4xx_hal_adc_ex.c ****   * @author  MCD Application Team
   5:Drivers/STM32F4xx_HAL_Driver/Src/stm32f4xx_hal_adc_ex.c ****   * @brief   This file provides firmware functions to manage the following
   6:Drivers/STM32F4xx_HAL_Driver/Src/stm32f4xx_hal_adc_ex.c ****   *          functionalities of the ADC extension peripheral:
   7:Drivers/STM32F4xx_HAL_Driver/Src/stm32f4xx_hal_adc_ex.c ****   *           + Extended features functions
   8:Drivers/STM32F4xx_HAL_Driver/Src/stm32f4xx_hal_adc_ex.c ****   *
   9:Drivers/STM32F4xx_HAL_Driver/Src/stm32f4xx_hal_adc_ex.c ****   @verbatim
  10:Drivers/STM32F4xx_HAL_Driver/Src/stm32f4xx_hal_adc_ex.c ****   ==============================================================================
  11:Drivers/STM32F4xx_HAL_Driver/Src/stm32f4xx_hal_adc_ex.c ****                     ##### How to use this driver #####
  12:Drivers/STM32F4xx_HAL_Driver/Src/stm32f4xx_hal_adc_ex.c ****   ==============================================================================
  13:Drivers/STM32F4xx_HAL_Driver/Src/stm32f4xx_hal_adc_ex.c ****     [..]
  14:Drivers/STM32F4xx_HAL_Driver/Src/stm32f4xx_hal_adc_ex.c ****     (#)Initialize the ADC low level resources by implementing the HAL_ADC_MspInit():
  15:Drivers/STM32F4xx_HAL_Driver/Src/stm32f4xx_hal_adc_ex.c ****        (##) Enable the ADC interface clock using __HAL_RCC_ADC_CLK_ENABLE()
  16:Drivers/STM32F4xx_HAL_Driver/Src/stm32f4xx_hal_adc_ex.c ****        (##) ADC pins configuration
  17:Drivers/STM32F4xx_HAL_Driver/Src/stm32f4xx_hal_adc_ex.c ****              (+++) Enable the clock for the ADC GPIOs using the following function:
  18:Drivers/STM32F4xx_HAL_Driver/Src/stm32f4xx_hal_adc_ex.c ****                    __HAL_RCC_GPIOx_CLK_ENABLE()
  19:Drivers/STM32F4xx_HAL_Driver/Src/stm32f4xx_hal_adc_ex.c ****              (+++) Configure these ADC pins in analog mode using HAL_GPIO_Init()
  20:Drivers/STM32F4xx_HAL_Driver/Src/stm32f4xx_hal_adc_ex.c ****        (##) In case of using interrupts (e.g. HAL_ADC_Start_IT())
  21:Drivers/STM32F4xx_HAL_Driver/Src/stm32f4xx_hal_adc_ex.c ****              (+++) Configure the ADC interrupt priority using HAL_NVIC_SetPriority()
  22:Drivers/STM32F4xx_HAL_Driver/Src/stm32f4xx_hal_adc_ex.c ****              (+++) Enable the ADC IRQ handler using HAL_NVIC_EnableIRQ()
  23:Drivers/STM32F4xx_HAL_Driver/Src/stm32f4xx_hal_adc_ex.c ****              (+++) In ADC IRQ handler, call HAL_ADC_IRQHandler()
  24:Drivers/STM32F4xx_HAL_Driver/Src/stm32f4xx_hal_adc_ex.c ****       (##) In case of using DMA to control data transfer (e.g. HAL_ADC_Start_DMA())
  25:Drivers/STM32F4xx_HAL_Driver/Src/stm32f4xx_hal_adc_ex.c ****              (+++) Enable the DMAx interface clock using __HAL_RCC_DMAx_CLK_ENABLE()
  26:Drivers/STM32F4xx_HAL_Driver/Src/stm32f4xx_hal_adc_ex.c ****              (+++) Configure and enable two DMA streams stream for managing data
  27:Drivers/STM32F4xx_HAL_Driver/Src/stm32f4xx_hal_adc_ex.c ****                  transfer from peripheral to memory (output stream)
  28:Drivers/STM32F4xx_HAL_Driver/Src/stm32f4xx_hal_adc_ex.c ****              (+++) Associate the initialized DMA handle to the ADC DMA handle
  29:Drivers/STM32F4xx_HAL_Driver/Src/stm32f4xx_hal_adc_ex.c ****                  using  __HAL_LINKDMA()
  30:Drivers/STM32F4xx_HAL_Driver/Src/stm32f4xx_hal_adc_ex.c ****              (+++) Configure the priority and enable the NVIC for the transfer complete
ARM GAS  /tmp/ccOoZsG0.s 			page 2


  31:Drivers/STM32F4xx_HAL_Driver/Src/stm32f4xx_hal_adc_ex.c ****                  interrupt on the two DMA Streams. The output stream should have higher
  32:Drivers/STM32F4xx_HAL_Driver/Src/stm32f4xx_hal_adc_ex.c ****                  priority than the input stream.
  33:Drivers/STM32F4xx_HAL_Driver/Src/stm32f4xx_hal_adc_ex.c ****      (#) Configure the ADC Prescaler, conversion resolution and data alignment
  34:Drivers/STM32F4xx_HAL_Driver/Src/stm32f4xx_hal_adc_ex.c ****          using the HAL_ADC_Init() function.
  35:Drivers/STM32F4xx_HAL_Driver/Src/stm32f4xx_hal_adc_ex.c **** 
  36:Drivers/STM32F4xx_HAL_Driver/Src/stm32f4xx_hal_adc_ex.c ****      (#) Configure the ADC Injected channels group features, use HAL_ADC_Init()
  37:Drivers/STM32F4xx_HAL_Driver/Src/stm32f4xx_hal_adc_ex.c ****          and HAL_ADC_ConfigChannel() functions.
  38:Drivers/STM32F4xx_HAL_Driver/Src/stm32f4xx_hal_adc_ex.c **** 
  39:Drivers/STM32F4xx_HAL_Driver/Src/stm32f4xx_hal_adc_ex.c ****      (#) Three operation modes are available within this driver:
  40:Drivers/STM32F4xx_HAL_Driver/Src/stm32f4xx_hal_adc_ex.c **** 
  41:Drivers/STM32F4xx_HAL_Driver/Src/stm32f4xx_hal_adc_ex.c ****      *** Polling mode IO operation ***
  42:Drivers/STM32F4xx_HAL_Driver/Src/stm32f4xx_hal_adc_ex.c ****      =================================
  43:Drivers/STM32F4xx_HAL_Driver/Src/stm32f4xx_hal_adc_ex.c ****      [..]
  44:Drivers/STM32F4xx_HAL_Driver/Src/stm32f4xx_hal_adc_ex.c ****        (+) Start the ADC peripheral using HAL_ADCEx_InjectedStart()
  45:Drivers/STM32F4xx_HAL_Driver/Src/stm32f4xx_hal_adc_ex.c ****        (+) Wait for end of conversion using HAL_ADC_PollForConversion(), at this stage
  46:Drivers/STM32F4xx_HAL_Driver/Src/stm32f4xx_hal_adc_ex.c ****            user can specify the value of timeout according to his end application
  47:Drivers/STM32F4xx_HAL_Driver/Src/stm32f4xx_hal_adc_ex.c ****        (+) To read the ADC converted values, use the HAL_ADCEx_InjectedGetValue() function.
  48:Drivers/STM32F4xx_HAL_Driver/Src/stm32f4xx_hal_adc_ex.c ****        (+) Stop the ADC peripheral using HAL_ADCEx_InjectedStop()
  49:Drivers/STM32F4xx_HAL_Driver/Src/stm32f4xx_hal_adc_ex.c **** 
  50:Drivers/STM32F4xx_HAL_Driver/Src/stm32f4xx_hal_adc_ex.c ****      *** Interrupt mode IO operation ***
  51:Drivers/STM32F4xx_HAL_Driver/Src/stm32f4xx_hal_adc_ex.c ****      ===================================
  52:Drivers/STM32F4xx_HAL_Driver/Src/stm32f4xx_hal_adc_ex.c ****      [..]
  53:Drivers/STM32F4xx_HAL_Driver/Src/stm32f4xx_hal_adc_ex.c ****        (+) Start the ADC peripheral using HAL_ADCEx_InjectedStart_IT()
  54:Drivers/STM32F4xx_HAL_Driver/Src/stm32f4xx_hal_adc_ex.c ****        (+) Use HAL_ADC_IRQHandler() called under ADC_IRQHandler() Interrupt subroutine
  55:Drivers/STM32F4xx_HAL_Driver/Src/stm32f4xx_hal_adc_ex.c ****        (+) At ADC end of conversion HAL_ADCEx_InjectedConvCpltCallback() function is executed and u
  56:Drivers/STM32F4xx_HAL_Driver/Src/stm32f4xx_hal_adc_ex.c ****             add his own code by customization of function pointer HAL_ADCEx_InjectedConvCpltCallbac
  57:Drivers/STM32F4xx_HAL_Driver/Src/stm32f4xx_hal_adc_ex.c ****        (+) In case of ADC Error, HAL_ADCEx_InjectedErrorCallback() function is executed and user ca
  58:Drivers/STM32F4xx_HAL_Driver/Src/stm32f4xx_hal_adc_ex.c ****             add his own code by customization of function pointer HAL_ADCEx_InjectedErrorCallback
  59:Drivers/STM32F4xx_HAL_Driver/Src/stm32f4xx_hal_adc_ex.c ****        (+) Stop the ADC peripheral using HAL_ADCEx_InjectedStop_IT()
  60:Drivers/STM32F4xx_HAL_Driver/Src/stm32f4xx_hal_adc_ex.c **** 
  61:Drivers/STM32F4xx_HAL_Driver/Src/stm32f4xx_hal_adc_ex.c ****      *** Multi mode ADCs Regular channels configuration ***
  62:Drivers/STM32F4xx_HAL_Driver/Src/stm32f4xx_hal_adc_ex.c ****      ======================================================
  63:Drivers/STM32F4xx_HAL_Driver/Src/stm32f4xx_hal_adc_ex.c ****      [..]
  64:Drivers/STM32F4xx_HAL_Driver/Src/stm32f4xx_hal_adc_ex.c ****        (+) Select the Multi mode ADC regular channels features (dual or triple mode)
  65:Drivers/STM32F4xx_HAL_Driver/Src/stm32f4xx_hal_adc_ex.c ****           and configure the DMA mode using HAL_ADCEx_MultiModeConfigChannel() functions.
  66:Drivers/STM32F4xx_HAL_Driver/Src/stm32f4xx_hal_adc_ex.c ****        (+) Start the ADC peripheral using HAL_ADCEx_MultiModeStart_DMA(), at this stage the user sp
  67:Drivers/STM32F4xx_HAL_Driver/Src/stm32f4xx_hal_adc_ex.c ****            of data to be transferred at each end of conversion
  68:Drivers/STM32F4xx_HAL_Driver/Src/stm32f4xx_hal_adc_ex.c ****        (+) Read the ADCs converted values using the HAL_ADCEx_MultiModeGetValue() function.
  69:Drivers/STM32F4xx_HAL_Driver/Src/stm32f4xx_hal_adc_ex.c **** 
  70:Drivers/STM32F4xx_HAL_Driver/Src/stm32f4xx_hal_adc_ex.c **** 
  71:Drivers/STM32F4xx_HAL_Driver/Src/stm32f4xx_hal_adc_ex.c ****     @endverbatim
  72:Drivers/STM32F4xx_HAL_Driver/Src/stm32f4xx_hal_adc_ex.c ****   ******************************************************************************
  73:Drivers/STM32F4xx_HAL_Driver/Src/stm32f4xx_hal_adc_ex.c ****   * @attention
  74:Drivers/STM32F4xx_HAL_Driver/Src/stm32f4xx_hal_adc_ex.c ****   *
  75:Drivers/STM32F4xx_HAL_Driver/Src/stm32f4xx_hal_adc_ex.c ****   * <h2><center>&copy; Copyright (c) 2017 STMicroelectronics.
  76:Drivers/STM32F4xx_HAL_Driver/Src/stm32f4xx_hal_adc_ex.c ****   * All rights reserved.</center></h2>
  77:Drivers/STM32F4xx_HAL_Driver/Src/stm32f4xx_hal_adc_ex.c ****   *
  78:Drivers/STM32F4xx_HAL_Driver/Src/stm32f4xx_hal_adc_ex.c ****   * This software component is licensed by ST under BSD 3-Clause license,
  79:Drivers/STM32F4xx_HAL_Driver/Src/stm32f4xx_hal_adc_ex.c ****   * the "License"; You may not use this file except in compliance with the
  80:Drivers/STM32F4xx_HAL_Driver/Src/stm32f4xx_hal_adc_ex.c ****   * License. You may obtain a copy of the License at:
  81:Drivers/STM32F4xx_HAL_Driver/Src/stm32f4xx_hal_adc_ex.c ****   *                        opensource.org/licenses/BSD-3-Clause
  82:Drivers/STM32F4xx_HAL_Driver/Src/stm32f4xx_hal_adc_ex.c ****   *
  83:Drivers/STM32F4xx_HAL_Driver/Src/stm32f4xx_hal_adc_ex.c ****   ******************************************************************************
  84:Drivers/STM32F4xx_HAL_Driver/Src/stm32f4xx_hal_adc_ex.c ****   */
  85:Drivers/STM32F4xx_HAL_Driver/Src/stm32f4xx_hal_adc_ex.c **** 
  86:Drivers/STM32F4xx_HAL_Driver/Src/stm32f4xx_hal_adc_ex.c **** /* Includes ------------------------------------------------------------------*/
  87:Drivers/STM32F4xx_HAL_Driver/Src/stm32f4xx_hal_adc_ex.c **** #include "stm32f4xx_hal.h"
ARM GAS  /tmp/ccOoZsG0.s 			page 3


  88:Drivers/STM32F4xx_HAL_Driver/Src/stm32f4xx_hal_adc_ex.c **** 
  89:Drivers/STM32F4xx_HAL_Driver/Src/stm32f4xx_hal_adc_ex.c **** /** @addtogroup STM32F4xx_HAL_Driver
  90:Drivers/STM32F4xx_HAL_Driver/Src/stm32f4xx_hal_adc_ex.c ****   * @{
  91:Drivers/STM32F4xx_HAL_Driver/Src/stm32f4xx_hal_adc_ex.c ****   */
  92:Drivers/STM32F4xx_HAL_Driver/Src/stm32f4xx_hal_adc_ex.c **** 
  93:Drivers/STM32F4xx_HAL_Driver/Src/stm32f4xx_hal_adc_ex.c **** /** @defgroup ADCEx ADCEx
  94:Drivers/STM32F4xx_HAL_Driver/Src/stm32f4xx_hal_adc_ex.c ****   * @brief ADC Extended driver modules
  95:Drivers/STM32F4xx_HAL_Driver/Src/stm32f4xx_hal_adc_ex.c ****   * @{
  96:Drivers/STM32F4xx_HAL_Driver/Src/stm32f4xx_hal_adc_ex.c ****   */ 
  97:Drivers/STM32F4xx_HAL_Driver/Src/stm32f4xx_hal_adc_ex.c **** 
  98:Drivers/STM32F4xx_HAL_Driver/Src/stm32f4xx_hal_adc_ex.c **** #ifdef HAL_ADC_MODULE_ENABLED
  99:Drivers/STM32F4xx_HAL_Driver/Src/stm32f4xx_hal_adc_ex.c ****     
 100:Drivers/STM32F4xx_HAL_Driver/Src/stm32f4xx_hal_adc_ex.c **** /* Private typedef -----------------------------------------------------------*/
 101:Drivers/STM32F4xx_HAL_Driver/Src/stm32f4xx_hal_adc_ex.c **** /* Private define ------------------------------------------------------------*/ 
 102:Drivers/STM32F4xx_HAL_Driver/Src/stm32f4xx_hal_adc_ex.c **** /* Private macro -------------------------------------------------------------*/
 103:Drivers/STM32F4xx_HAL_Driver/Src/stm32f4xx_hal_adc_ex.c **** /* Private variables ---------------------------------------------------------*/
 104:Drivers/STM32F4xx_HAL_Driver/Src/stm32f4xx_hal_adc_ex.c **** /** @addtogroup ADCEx_Private_Functions
 105:Drivers/STM32F4xx_HAL_Driver/Src/stm32f4xx_hal_adc_ex.c ****   * @{
 106:Drivers/STM32F4xx_HAL_Driver/Src/stm32f4xx_hal_adc_ex.c ****   */
 107:Drivers/STM32F4xx_HAL_Driver/Src/stm32f4xx_hal_adc_ex.c **** /* Private function prototypes -----------------------------------------------*/
 108:Drivers/STM32F4xx_HAL_Driver/Src/stm32f4xx_hal_adc_ex.c **** static void ADC_MultiModeDMAConvCplt(DMA_HandleTypeDef *hdma);
 109:Drivers/STM32F4xx_HAL_Driver/Src/stm32f4xx_hal_adc_ex.c **** static void ADC_MultiModeDMAError(DMA_HandleTypeDef *hdma);
 110:Drivers/STM32F4xx_HAL_Driver/Src/stm32f4xx_hal_adc_ex.c **** static void ADC_MultiModeDMAHalfConvCplt(DMA_HandleTypeDef *hdma); 
 111:Drivers/STM32F4xx_HAL_Driver/Src/stm32f4xx_hal_adc_ex.c **** /**
 112:Drivers/STM32F4xx_HAL_Driver/Src/stm32f4xx_hal_adc_ex.c ****   * @}
 113:Drivers/STM32F4xx_HAL_Driver/Src/stm32f4xx_hal_adc_ex.c ****   */
 114:Drivers/STM32F4xx_HAL_Driver/Src/stm32f4xx_hal_adc_ex.c **** 
 115:Drivers/STM32F4xx_HAL_Driver/Src/stm32f4xx_hal_adc_ex.c **** /* Exported functions --------------------------------------------------------*/
 116:Drivers/STM32F4xx_HAL_Driver/Src/stm32f4xx_hal_adc_ex.c **** /** @defgroup ADCEx_Exported_Functions ADC Exported Functions
 117:Drivers/STM32F4xx_HAL_Driver/Src/stm32f4xx_hal_adc_ex.c ****   * @{
 118:Drivers/STM32F4xx_HAL_Driver/Src/stm32f4xx_hal_adc_ex.c ****   */
 119:Drivers/STM32F4xx_HAL_Driver/Src/stm32f4xx_hal_adc_ex.c **** 
 120:Drivers/STM32F4xx_HAL_Driver/Src/stm32f4xx_hal_adc_ex.c **** /** @defgroup ADCEx_Exported_Functions_Group1  Extended features functions 
 121:Drivers/STM32F4xx_HAL_Driver/Src/stm32f4xx_hal_adc_ex.c ****   *  @brief    Extended features functions  
 122:Drivers/STM32F4xx_HAL_Driver/Src/stm32f4xx_hal_adc_ex.c ****   *
 123:Drivers/STM32F4xx_HAL_Driver/Src/stm32f4xx_hal_adc_ex.c **** @verbatim   
 124:Drivers/STM32F4xx_HAL_Driver/Src/stm32f4xx_hal_adc_ex.c ****  ===============================================================================
 125:Drivers/STM32F4xx_HAL_Driver/Src/stm32f4xx_hal_adc_ex.c ****                  ##### Extended features functions #####
 126:Drivers/STM32F4xx_HAL_Driver/Src/stm32f4xx_hal_adc_ex.c ****  ===============================================================================  
 127:Drivers/STM32F4xx_HAL_Driver/Src/stm32f4xx_hal_adc_ex.c ****     [..]  This section provides functions allowing to:
 128:Drivers/STM32F4xx_HAL_Driver/Src/stm32f4xx_hal_adc_ex.c ****       (+) Start conversion of injected channel.
 129:Drivers/STM32F4xx_HAL_Driver/Src/stm32f4xx_hal_adc_ex.c ****       (+) Stop conversion of injected channel.
 130:Drivers/STM32F4xx_HAL_Driver/Src/stm32f4xx_hal_adc_ex.c ****       (+) Start multimode and enable DMA transfer.
 131:Drivers/STM32F4xx_HAL_Driver/Src/stm32f4xx_hal_adc_ex.c ****       (+) Stop multimode and disable DMA transfer.
 132:Drivers/STM32F4xx_HAL_Driver/Src/stm32f4xx_hal_adc_ex.c ****       (+) Get result of injected channel conversion.
 133:Drivers/STM32F4xx_HAL_Driver/Src/stm32f4xx_hal_adc_ex.c ****       (+) Get result of multimode conversion.
 134:Drivers/STM32F4xx_HAL_Driver/Src/stm32f4xx_hal_adc_ex.c ****       (+) Configure injected channels.
 135:Drivers/STM32F4xx_HAL_Driver/Src/stm32f4xx_hal_adc_ex.c ****       (+) Configure multimode.
 136:Drivers/STM32F4xx_HAL_Driver/Src/stm32f4xx_hal_adc_ex.c ****                
 137:Drivers/STM32F4xx_HAL_Driver/Src/stm32f4xx_hal_adc_ex.c **** @endverbatim
 138:Drivers/STM32F4xx_HAL_Driver/Src/stm32f4xx_hal_adc_ex.c ****   * @{
 139:Drivers/STM32F4xx_HAL_Driver/Src/stm32f4xx_hal_adc_ex.c ****   */
 140:Drivers/STM32F4xx_HAL_Driver/Src/stm32f4xx_hal_adc_ex.c **** 
 141:Drivers/STM32F4xx_HAL_Driver/Src/stm32f4xx_hal_adc_ex.c **** /**
 142:Drivers/STM32F4xx_HAL_Driver/Src/stm32f4xx_hal_adc_ex.c ****   * @brief  Enables the selected ADC software start conversion of the injected channels.
 143:Drivers/STM32F4xx_HAL_Driver/Src/stm32f4xx_hal_adc_ex.c ****   * @param  hadc pointer to a ADC_HandleTypeDef structure that contains
 144:Drivers/STM32F4xx_HAL_Driver/Src/stm32f4xx_hal_adc_ex.c ****   *         the configuration information for the specified ADC.
ARM GAS  /tmp/ccOoZsG0.s 			page 4


 145:Drivers/STM32F4xx_HAL_Driver/Src/stm32f4xx_hal_adc_ex.c ****   * @retval HAL status
 146:Drivers/STM32F4xx_HAL_Driver/Src/stm32f4xx_hal_adc_ex.c ****   */
 147:Drivers/STM32F4xx_HAL_Driver/Src/stm32f4xx_hal_adc_ex.c **** HAL_StatusTypeDef HAL_ADCEx_InjectedStart(ADC_HandleTypeDef* hadc)
 148:Drivers/STM32F4xx_HAL_Driver/Src/stm32f4xx_hal_adc_ex.c **** {
 149:Drivers/STM32F4xx_HAL_Driver/Src/stm32f4xx_hal_adc_ex.c ****   __IO uint32_t counter = 0U;
 150:Drivers/STM32F4xx_HAL_Driver/Src/stm32f4xx_hal_adc_ex.c ****   uint32_t tmp1 = 0U, tmp2 = 0U;
 151:Drivers/STM32F4xx_HAL_Driver/Src/stm32f4xx_hal_adc_ex.c ****   ADC_Common_TypeDef *tmpADC_Common;
 152:Drivers/STM32F4xx_HAL_Driver/Src/stm32f4xx_hal_adc_ex.c ****   
 153:Drivers/STM32F4xx_HAL_Driver/Src/stm32f4xx_hal_adc_ex.c ****   /* Process locked */
 154:Drivers/STM32F4xx_HAL_Driver/Src/stm32f4xx_hal_adc_ex.c ****   __HAL_LOCK(hadc);
 155:Drivers/STM32F4xx_HAL_Driver/Src/stm32f4xx_hal_adc_ex.c ****   
 156:Drivers/STM32F4xx_HAL_Driver/Src/stm32f4xx_hal_adc_ex.c ****   /* Enable the ADC peripheral */
 157:Drivers/STM32F4xx_HAL_Driver/Src/stm32f4xx_hal_adc_ex.c ****   
 158:Drivers/STM32F4xx_HAL_Driver/Src/stm32f4xx_hal_adc_ex.c ****   /* Check if ADC peripheral is disabled in order to enable it and wait during 
 159:Drivers/STM32F4xx_HAL_Driver/Src/stm32f4xx_hal_adc_ex.c ****      Tstab time the ADC's stabilization */
 160:Drivers/STM32F4xx_HAL_Driver/Src/stm32f4xx_hal_adc_ex.c ****   if((hadc->Instance->CR2 & ADC_CR2_ADON) != ADC_CR2_ADON)
 161:Drivers/STM32F4xx_HAL_Driver/Src/stm32f4xx_hal_adc_ex.c ****   {  
 162:Drivers/STM32F4xx_HAL_Driver/Src/stm32f4xx_hal_adc_ex.c ****     /* Enable the Peripheral */
 163:Drivers/STM32F4xx_HAL_Driver/Src/stm32f4xx_hal_adc_ex.c ****     __HAL_ADC_ENABLE(hadc);
 164:Drivers/STM32F4xx_HAL_Driver/Src/stm32f4xx_hal_adc_ex.c ****     
 165:Drivers/STM32F4xx_HAL_Driver/Src/stm32f4xx_hal_adc_ex.c ****     /* Delay for ADC stabilization time */
 166:Drivers/STM32F4xx_HAL_Driver/Src/stm32f4xx_hal_adc_ex.c ****     /* Compute number of CPU cycles to wait for */
 167:Drivers/STM32F4xx_HAL_Driver/Src/stm32f4xx_hal_adc_ex.c ****     counter = (ADC_STAB_DELAY_US * (SystemCoreClock / 1000000U));
 168:Drivers/STM32F4xx_HAL_Driver/Src/stm32f4xx_hal_adc_ex.c ****     while(counter != 0U)
 169:Drivers/STM32F4xx_HAL_Driver/Src/stm32f4xx_hal_adc_ex.c ****     {
 170:Drivers/STM32F4xx_HAL_Driver/Src/stm32f4xx_hal_adc_ex.c ****       counter--;
 171:Drivers/STM32F4xx_HAL_Driver/Src/stm32f4xx_hal_adc_ex.c ****     }
 172:Drivers/STM32F4xx_HAL_Driver/Src/stm32f4xx_hal_adc_ex.c ****   }
 173:Drivers/STM32F4xx_HAL_Driver/Src/stm32f4xx_hal_adc_ex.c ****   
 174:Drivers/STM32F4xx_HAL_Driver/Src/stm32f4xx_hal_adc_ex.c ****   /* Start conversion if ADC is effectively enabled */
 175:Drivers/STM32F4xx_HAL_Driver/Src/stm32f4xx_hal_adc_ex.c ****   if(HAL_IS_BIT_SET(hadc->Instance->CR2, ADC_CR2_ADON))
 176:Drivers/STM32F4xx_HAL_Driver/Src/stm32f4xx_hal_adc_ex.c ****   {
 177:Drivers/STM32F4xx_HAL_Driver/Src/stm32f4xx_hal_adc_ex.c ****     /* Set ADC state                                                          */
 178:Drivers/STM32F4xx_HAL_Driver/Src/stm32f4xx_hal_adc_ex.c ****     /* - Clear state bitfield related to injected group conversion results    */
 179:Drivers/STM32F4xx_HAL_Driver/Src/stm32f4xx_hal_adc_ex.c ****     /* - Set state bitfield related to injected operation                     */
 180:Drivers/STM32F4xx_HAL_Driver/Src/stm32f4xx_hal_adc_ex.c ****     ADC_STATE_CLR_SET(hadc->State,
 181:Drivers/STM32F4xx_HAL_Driver/Src/stm32f4xx_hal_adc_ex.c ****                       HAL_ADC_STATE_READY | HAL_ADC_STATE_INJ_EOC,
 182:Drivers/STM32F4xx_HAL_Driver/Src/stm32f4xx_hal_adc_ex.c ****                       HAL_ADC_STATE_INJ_BUSY);
 183:Drivers/STM32F4xx_HAL_Driver/Src/stm32f4xx_hal_adc_ex.c ****     
 184:Drivers/STM32F4xx_HAL_Driver/Src/stm32f4xx_hal_adc_ex.c ****     /* Check if a regular conversion is ongoing */
 185:Drivers/STM32F4xx_HAL_Driver/Src/stm32f4xx_hal_adc_ex.c ****     /* Note: On this device, there is no ADC error code fields related to     */
 186:Drivers/STM32F4xx_HAL_Driver/Src/stm32f4xx_hal_adc_ex.c ****     /*       conversions on group injected only. In case of conversion on     */
 187:Drivers/STM32F4xx_HAL_Driver/Src/stm32f4xx_hal_adc_ex.c ****     /*       going on group regular, no error code is reset.                  */
 188:Drivers/STM32F4xx_HAL_Driver/Src/stm32f4xx_hal_adc_ex.c ****     if (HAL_IS_BIT_CLR(hadc->State, HAL_ADC_STATE_REG_BUSY))
 189:Drivers/STM32F4xx_HAL_Driver/Src/stm32f4xx_hal_adc_ex.c ****     {
 190:Drivers/STM32F4xx_HAL_Driver/Src/stm32f4xx_hal_adc_ex.c ****       /* Reset ADC all error code fields */
 191:Drivers/STM32F4xx_HAL_Driver/Src/stm32f4xx_hal_adc_ex.c ****       ADC_CLEAR_ERRORCODE(hadc);
 192:Drivers/STM32F4xx_HAL_Driver/Src/stm32f4xx_hal_adc_ex.c ****     }
 193:Drivers/STM32F4xx_HAL_Driver/Src/stm32f4xx_hal_adc_ex.c ****     
 194:Drivers/STM32F4xx_HAL_Driver/Src/stm32f4xx_hal_adc_ex.c ****     /* Process unlocked */
 195:Drivers/STM32F4xx_HAL_Driver/Src/stm32f4xx_hal_adc_ex.c ****     /* Unlock before starting ADC conversions: in case of potential           */
 196:Drivers/STM32F4xx_HAL_Driver/Src/stm32f4xx_hal_adc_ex.c ****     /* interruption, to let the process to ADC IRQ Handler.                   */
 197:Drivers/STM32F4xx_HAL_Driver/Src/stm32f4xx_hal_adc_ex.c ****     __HAL_UNLOCK(hadc);
 198:Drivers/STM32F4xx_HAL_Driver/Src/stm32f4xx_hal_adc_ex.c ****     
 199:Drivers/STM32F4xx_HAL_Driver/Src/stm32f4xx_hal_adc_ex.c ****     /* Clear injected group conversion flag */
 200:Drivers/STM32F4xx_HAL_Driver/Src/stm32f4xx_hal_adc_ex.c ****     /* (To ensure of no unknown state from potential previous ADC operations) */
 201:Drivers/STM32F4xx_HAL_Driver/Src/stm32f4xx_hal_adc_ex.c ****     __HAL_ADC_CLEAR_FLAG(hadc, ADC_FLAG_JEOC);
ARM GAS  /tmp/ccOoZsG0.s 			page 5


 202:Drivers/STM32F4xx_HAL_Driver/Src/stm32f4xx_hal_adc_ex.c **** 
 203:Drivers/STM32F4xx_HAL_Driver/Src/stm32f4xx_hal_adc_ex.c ****     /* Pointer to the common control register to which is belonging hadc    */
 204:Drivers/STM32F4xx_HAL_Driver/Src/stm32f4xx_hal_adc_ex.c ****     /* (Depending on STM32F4 product, there may be up to 3 ADC and 1 common */
 205:Drivers/STM32F4xx_HAL_Driver/Src/stm32f4xx_hal_adc_ex.c ****     /* control register)                                                    */
 206:Drivers/STM32F4xx_HAL_Driver/Src/stm32f4xx_hal_adc_ex.c ****     tmpADC_Common = ADC_COMMON_REGISTER(hadc);
 207:Drivers/STM32F4xx_HAL_Driver/Src/stm32f4xx_hal_adc_ex.c **** 
 208:Drivers/STM32F4xx_HAL_Driver/Src/stm32f4xx_hal_adc_ex.c ****     /* Check if Multimode enabled */
 209:Drivers/STM32F4xx_HAL_Driver/Src/stm32f4xx_hal_adc_ex.c ****     if(HAL_IS_BIT_CLR(tmpADC_Common->CCR, ADC_CCR_MULTI))
 210:Drivers/STM32F4xx_HAL_Driver/Src/stm32f4xx_hal_adc_ex.c ****     {
 211:Drivers/STM32F4xx_HAL_Driver/Src/stm32f4xx_hal_adc_ex.c ****       tmp1 = HAL_IS_BIT_CLR(hadc->Instance->CR2, ADC_CR2_JEXTEN);
 212:Drivers/STM32F4xx_HAL_Driver/Src/stm32f4xx_hal_adc_ex.c ****       tmp2 = HAL_IS_BIT_CLR(hadc->Instance->CR1, ADC_CR1_JAUTO);
 213:Drivers/STM32F4xx_HAL_Driver/Src/stm32f4xx_hal_adc_ex.c ****       if(tmp1 && tmp2)
 214:Drivers/STM32F4xx_HAL_Driver/Src/stm32f4xx_hal_adc_ex.c ****       {
 215:Drivers/STM32F4xx_HAL_Driver/Src/stm32f4xx_hal_adc_ex.c ****         /* Enable the selected ADC software conversion for injected group */
 216:Drivers/STM32F4xx_HAL_Driver/Src/stm32f4xx_hal_adc_ex.c ****         hadc->Instance->CR2 |= ADC_CR2_JSWSTART;
 217:Drivers/STM32F4xx_HAL_Driver/Src/stm32f4xx_hal_adc_ex.c ****       }
 218:Drivers/STM32F4xx_HAL_Driver/Src/stm32f4xx_hal_adc_ex.c ****     }
 219:Drivers/STM32F4xx_HAL_Driver/Src/stm32f4xx_hal_adc_ex.c ****     else
 220:Drivers/STM32F4xx_HAL_Driver/Src/stm32f4xx_hal_adc_ex.c ****     {
 221:Drivers/STM32F4xx_HAL_Driver/Src/stm32f4xx_hal_adc_ex.c ****       tmp1 = HAL_IS_BIT_CLR(hadc->Instance->CR2, ADC_CR2_JEXTEN);
 222:Drivers/STM32F4xx_HAL_Driver/Src/stm32f4xx_hal_adc_ex.c ****       tmp2 = HAL_IS_BIT_CLR(hadc->Instance->CR1, ADC_CR1_JAUTO);
 223:Drivers/STM32F4xx_HAL_Driver/Src/stm32f4xx_hal_adc_ex.c ****       if((hadc->Instance == ADC1) && tmp1 && tmp2)  
 224:Drivers/STM32F4xx_HAL_Driver/Src/stm32f4xx_hal_adc_ex.c ****       {
 225:Drivers/STM32F4xx_HAL_Driver/Src/stm32f4xx_hal_adc_ex.c ****         /* Enable the selected ADC software conversion for injected group */
 226:Drivers/STM32F4xx_HAL_Driver/Src/stm32f4xx_hal_adc_ex.c ****         hadc->Instance->CR2 |= ADC_CR2_JSWSTART;
 227:Drivers/STM32F4xx_HAL_Driver/Src/stm32f4xx_hal_adc_ex.c ****       }
 228:Drivers/STM32F4xx_HAL_Driver/Src/stm32f4xx_hal_adc_ex.c ****     }
 229:Drivers/STM32F4xx_HAL_Driver/Src/stm32f4xx_hal_adc_ex.c ****   }
 230:Drivers/STM32F4xx_HAL_Driver/Src/stm32f4xx_hal_adc_ex.c ****   else
 231:Drivers/STM32F4xx_HAL_Driver/Src/stm32f4xx_hal_adc_ex.c ****   {
 232:Drivers/STM32F4xx_HAL_Driver/Src/stm32f4xx_hal_adc_ex.c ****     /* Update ADC state machine to error */
 233:Drivers/STM32F4xx_HAL_Driver/Src/stm32f4xx_hal_adc_ex.c ****     SET_BIT(hadc->State, HAL_ADC_STATE_ERROR_INTERNAL);
 234:Drivers/STM32F4xx_HAL_Driver/Src/stm32f4xx_hal_adc_ex.c **** 
 235:Drivers/STM32F4xx_HAL_Driver/Src/stm32f4xx_hal_adc_ex.c ****     /* Set ADC error code to ADC IP internal error */
 236:Drivers/STM32F4xx_HAL_Driver/Src/stm32f4xx_hal_adc_ex.c ****     SET_BIT(hadc->ErrorCode, HAL_ADC_ERROR_INTERNAL);
 237:Drivers/STM32F4xx_HAL_Driver/Src/stm32f4xx_hal_adc_ex.c ****   }
 238:Drivers/STM32F4xx_HAL_Driver/Src/stm32f4xx_hal_adc_ex.c ****   
 239:Drivers/STM32F4xx_HAL_Driver/Src/stm32f4xx_hal_adc_ex.c ****   /* Return function status */
 240:Drivers/STM32F4xx_HAL_Driver/Src/stm32f4xx_hal_adc_ex.c ****   return HAL_OK;
 241:Drivers/STM32F4xx_HAL_Driver/Src/stm32f4xx_hal_adc_ex.c **** }
 242:Drivers/STM32F4xx_HAL_Driver/Src/stm32f4xx_hal_adc_ex.c **** 
 243:Drivers/STM32F4xx_HAL_Driver/Src/stm32f4xx_hal_adc_ex.c **** /**
 244:Drivers/STM32F4xx_HAL_Driver/Src/stm32f4xx_hal_adc_ex.c ****   * @brief  Enables the interrupt and starts ADC conversion of injected channels.
 245:Drivers/STM32F4xx_HAL_Driver/Src/stm32f4xx_hal_adc_ex.c ****   * @param  hadc pointer to a ADC_HandleTypeDef structure that contains
 246:Drivers/STM32F4xx_HAL_Driver/Src/stm32f4xx_hal_adc_ex.c ****   *         the configuration information for the specified ADC.
 247:Drivers/STM32F4xx_HAL_Driver/Src/stm32f4xx_hal_adc_ex.c ****   *
 248:Drivers/STM32F4xx_HAL_Driver/Src/stm32f4xx_hal_adc_ex.c ****   * @retval HAL status.
 249:Drivers/STM32F4xx_HAL_Driver/Src/stm32f4xx_hal_adc_ex.c ****   */
 250:Drivers/STM32F4xx_HAL_Driver/Src/stm32f4xx_hal_adc_ex.c **** HAL_StatusTypeDef HAL_ADCEx_InjectedStart_IT(ADC_HandleTypeDef* hadc)
 251:Drivers/STM32F4xx_HAL_Driver/Src/stm32f4xx_hal_adc_ex.c **** {
 252:Drivers/STM32F4xx_HAL_Driver/Src/stm32f4xx_hal_adc_ex.c ****   __IO uint32_t counter = 0U;
 253:Drivers/STM32F4xx_HAL_Driver/Src/stm32f4xx_hal_adc_ex.c ****   uint32_t tmp1 = 0U, tmp2 = 0U;
 254:Drivers/STM32F4xx_HAL_Driver/Src/stm32f4xx_hal_adc_ex.c ****   ADC_Common_TypeDef *tmpADC_Common;
 255:Drivers/STM32F4xx_HAL_Driver/Src/stm32f4xx_hal_adc_ex.c ****   
 256:Drivers/STM32F4xx_HAL_Driver/Src/stm32f4xx_hal_adc_ex.c ****   /* Process locked */
 257:Drivers/STM32F4xx_HAL_Driver/Src/stm32f4xx_hal_adc_ex.c ****   __HAL_LOCK(hadc);
 258:Drivers/STM32F4xx_HAL_Driver/Src/stm32f4xx_hal_adc_ex.c ****   
ARM GAS  /tmp/ccOoZsG0.s 			page 6


 259:Drivers/STM32F4xx_HAL_Driver/Src/stm32f4xx_hal_adc_ex.c ****   /* Enable the ADC peripheral */
 260:Drivers/STM32F4xx_HAL_Driver/Src/stm32f4xx_hal_adc_ex.c ****   
 261:Drivers/STM32F4xx_HAL_Driver/Src/stm32f4xx_hal_adc_ex.c ****   /* Check if ADC peripheral is disabled in order to enable it and wait during 
 262:Drivers/STM32F4xx_HAL_Driver/Src/stm32f4xx_hal_adc_ex.c ****      Tstab time the ADC's stabilization */
 263:Drivers/STM32F4xx_HAL_Driver/Src/stm32f4xx_hal_adc_ex.c ****   if((hadc->Instance->CR2 & ADC_CR2_ADON) != ADC_CR2_ADON)
 264:Drivers/STM32F4xx_HAL_Driver/Src/stm32f4xx_hal_adc_ex.c ****   {  
 265:Drivers/STM32F4xx_HAL_Driver/Src/stm32f4xx_hal_adc_ex.c ****     /* Enable the Peripheral */
 266:Drivers/STM32F4xx_HAL_Driver/Src/stm32f4xx_hal_adc_ex.c ****     __HAL_ADC_ENABLE(hadc);
 267:Drivers/STM32F4xx_HAL_Driver/Src/stm32f4xx_hal_adc_ex.c ****     
 268:Drivers/STM32F4xx_HAL_Driver/Src/stm32f4xx_hal_adc_ex.c ****     /* Delay for ADC stabilization time */
 269:Drivers/STM32F4xx_HAL_Driver/Src/stm32f4xx_hal_adc_ex.c ****     /* Compute number of CPU cycles to wait for */
 270:Drivers/STM32F4xx_HAL_Driver/Src/stm32f4xx_hal_adc_ex.c ****     counter = (ADC_STAB_DELAY_US * (SystemCoreClock / 1000000U));
 271:Drivers/STM32F4xx_HAL_Driver/Src/stm32f4xx_hal_adc_ex.c ****     while(counter != 0U)
 272:Drivers/STM32F4xx_HAL_Driver/Src/stm32f4xx_hal_adc_ex.c ****     {
 273:Drivers/STM32F4xx_HAL_Driver/Src/stm32f4xx_hal_adc_ex.c ****       counter--;
 274:Drivers/STM32F4xx_HAL_Driver/Src/stm32f4xx_hal_adc_ex.c ****     }
 275:Drivers/STM32F4xx_HAL_Driver/Src/stm32f4xx_hal_adc_ex.c ****   }
 276:Drivers/STM32F4xx_HAL_Driver/Src/stm32f4xx_hal_adc_ex.c ****   
 277:Drivers/STM32F4xx_HAL_Driver/Src/stm32f4xx_hal_adc_ex.c ****   /* Start conversion if ADC is effectively enabled */
 278:Drivers/STM32F4xx_HAL_Driver/Src/stm32f4xx_hal_adc_ex.c ****   if(HAL_IS_BIT_SET(hadc->Instance->CR2, ADC_CR2_ADON))
 279:Drivers/STM32F4xx_HAL_Driver/Src/stm32f4xx_hal_adc_ex.c ****   {
 280:Drivers/STM32F4xx_HAL_Driver/Src/stm32f4xx_hal_adc_ex.c ****     /* Set ADC state                                                          */
 281:Drivers/STM32F4xx_HAL_Driver/Src/stm32f4xx_hal_adc_ex.c ****     /* - Clear state bitfield related to injected group conversion results    */
 282:Drivers/STM32F4xx_HAL_Driver/Src/stm32f4xx_hal_adc_ex.c ****     /* - Set state bitfield related to injected operation                     */
 283:Drivers/STM32F4xx_HAL_Driver/Src/stm32f4xx_hal_adc_ex.c ****     ADC_STATE_CLR_SET(hadc->State,
 284:Drivers/STM32F4xx_HAL_Driver/Src/stm32f4xx_hal_adc_ex.c ****                       HAL_ADC_STATE_READY | HAL_ADC_STATE_INJ_EOC,
 285:Drivers/STM32F4xx_HAL_Driver/Src/stm32f4xx_hal_adc_ex.c ****                       HAL_ADC_STATE_INJ_BUSY);
 286:Drivers/STM32F4xx_HAL_Driver/Src/stm32f4xx_hal_adc_ex.c ****     
 287:Drivers/STM32F4xx_HAL_Driver/Src/stm32f4xx_hal_adc_ex.c ****     /* Check if a regular conversion is ongoing */
 288:Drivers/STM32F4xx_HAL_Driver/Src/stm32f4xx_hal_adc_ex.c ****     /* Note: On this device, there is no ADC error code fields related to     */
 289:Drivers/STM32F4xx_HAL_Driver/Src/stm32f4xx_hal_adc_ex.c ****     /*       conversions on group injected only. In case of conversion on     */
 290:Drivers/STM32F4xx_HAL_Driver/Src/stm32f4xx_hal_adc_ex.c ****     /*       going on group regular, no error code is reset.                  */
 291:Drivers/STM32F4xx_HAL_Driver/Src/stm32f4xx_hal_adc_ex.c ****     if (HAL_IS_BIT_CLR(hadc->State, HAL_ADC_STATE_REG_BUSY))
 292:Drivers/STM32F4xx_HAL_Driver/Src/stm32f4xx_hal_adc_ex.c ****     {
 293:Drivers/STM32F4xx_HAL_Driver/Src/stm32f4xx_hal_adc_ex.c ****       /* Reset ADC all error code fields */
 294:Drivers/STM32F4xx_HAL_Driver/Src/stm32f4xx_hal_adc_ex.c ****       ADC_CLEAR_ERRORCODE(hadc);
 295:Drivers/STM32F4xx_HAL_Driver/Src/stm32f4xx_hal_adc_ex.c ****     }
 296:Drivers/STM32F4xx_HAL_Driver/Src/stm32f4xx_hal_adc_ex.c ****     
 297:Drivers/STM32F4xx_HAL_Driver/Src/stm32f4xx_hal_adc_ex.c ****     /* Process unlocked */
 298:Drivers/STM32F4xx_HAL_Driver/Src/stm32f4xx_hal_adc_ex.c ****     /* Unlock before starting ADC conversions: in case of potential           */
 299:Drivers/STM32F4xx_HAL_Driver/Src/stm32f4xx_hal_adc_ex.c ****     /* interruption, to let the process to ADC IRQ Handler.                   */
 300:Drivers/STM32F4xx_HAL_Driver/Src/stm32f4xx_hal_adc_ex.c ****     __HAL_UNLOCK(hadc);
 301:Drivers/STM32F4xx_HAL_Driver/Src/stm32f4xx_hal_adc_ex.c ****     
 302:Drivers/STM32F4xx_HAL_Driver/Src/stm32f4xx_hal_adc_ex.c ****     /* Clear injected group conversion flag */
 303:Drivers/STM32F4xx_HAL_Driver/Src/stm32f4xx_hal_adc_ex.c ****     /* (To ensure of no unknown state from potential previous ADC operations) */
 304:Drivers/STM32F4xx_HAL_Driver/Src/stm32f4xx_hal_adc_ex.c ****     __HAL_ADC_CLEAR_FLAG(hadc, ADC_FLAG_JEOC);
 305:Drivers/STM32F4xx_HAL_Driver/Src/stm32f4xx_hal_adc_ex.c ****     
 306:Drivers/STM32F4xx_HAL_Driver/Src/stm32f4xx_hal_adc_ex.c ****     /* Enable end of conversion interrupt for injected channels */
 307:Drivers/STM32F4xx_HAL_Driver/Src/stm32f4xx_hal_adc_ex.c ****     __HAL_ADC_ENABLE_IT(hadc, ADC_IT_JEOC);
 308:Drivers/STM32F4xx_HAL_Driver/Src/stm32f4xx_hal_adc_ex.c **** 
 309:Drivers/STM32F4xx_HAL_Driver/Src/stm32f4xx_hal_adc_ex.c ****     /* Pointer to the common control register to which is belonging hadc    */
 310:Drivers/STM32F4xx_HAL_Driver/Src/stm32f4xx_hal_adc_ex.c ****     /* (Depending on STM32F4 product, there may be up to 3 ADC and 1 common */
 311:Drivers/STM32F4xx_HAL_Driver/Src/stm32f4xx_hal_adc_ex.c ****     /* control register)                                                    */
 312:Drivers/STM32F4xx_HAL_Driver/Src/stm32f4xx_hal_adc_ex.c ****     tmpADC_Common = ADC_COMMON_REGISTER(hadc);
 313:Drivers/STM32F4xx_HAL_Driver/Src/stm32f4xx_hal_adc_ex.c ****     
 314:Drivers/STM32F4xx_HAL_Driver/Src/stm32f4xx_hal_adc_ex.c ****     /* Check if Multimode enabled */
 315:Drivers/STM32F4xx_HAL_Driver/Src/stm32f4xx_hal_adc_ex.c ****     if(HAL_IS_BIT_CLR(tmpADC_Common->CCR, ADC_CCR_MULTI))
ARM GAS  /tmp/ccOoZsG0.s 			page 7


 316:Drivers/STM32F4xx_HAL_Driver/Src/stm32f4xx_hal_adc_ex.c ****     {
 317:Drivers/STM32F4xx_HAL_Driver/Src/stm32f4xx_hal_adc_ex.c ****       tmp1 = HAL_IS_BIT_CLR(hadc->Instance->CR2, ADC_CR2_JEXTEN);
 318:Drivers/STM32F4xx_HAL_Driver/Src/stm32f4xx_hal_adc_ex.c ****       tmp2 = HAL_IS_BIT_CLR(hadc->Instance->CR1, ADC_CR1_JAUTO);
 319:Drivers/STM32F4xx_HAL_Driver/Src/stm32f4xx_hal_adc_ex.c ****       if(tmp1 && tmp2)
 320:Drivers/STM32F4xx_HAL_Driver/Src/stm32f4xx_hal_adc_ex.c ****       {
 321:Drivers/STM32F4xx_HAL_Driver/Src/stm32f4xx_hal_adc_ex.c ****         /* Enable the selected ADC software conversion for injected group */
 322:Drivers/STM32F4xx_HAL_Driver/Src/stm32f4xx_hal_adc_ex.c ****         hadc->Instance->CR2 |= ADC_CR2_JSWSTART;
 323:Drivers/STM32F4xx_HAL_Driver/Src/stm32f4xx_hal_adc_ex.c ****       }
 324:Drivers/STM32F4xx_HAL_Driver/Src/stm32f4xx_hal_adc_ex.c ****     }
 325:Drivers/STM32F4xx_HAL_Driver/Src/stm32f4xx_hal_adc_ex.c ****     else
 326:Drivers/STM32F4xx_HAL_Driver/Src/stm32f4xx_hal_adc_ex.c ****     {
 327:Drivers/STM32F4xx_HAL_Driver/Src/stm32f4xx_hal_adc_ex.c ****       tmp1 = HAL_IS_BIT_CLR(hadc->Instance->CR2, ADC_CR2_JEXTEN);
 328:Drivers/STM32F4xx_HAL_Driver/Src/stm32f4xx_hal_adc_ex.c ****       tmp2 = HAL_IS_BIT_CLR(hadc->Instance->CR1, ADC_CR1_JAUTO);
 329:Drivers/STM32F4xx_HAL_Driver/Src/stm32f4xx_hal_adc_ex.c ****       if((hadc->Instance == ADC1) && tmp1 && tmp2)  
 330:Drivers/STM32F4xx_HAL_Driver/Src/stm32f4xx_hal_adc_ex.c ****       {
 331:Drivers/STM32F4xx_HAL_Driver/Src/stm32f4xx_hal_adc_ex.c ****         /* Enable the selected ADC software conversion for injected group */
 332:Drivers/STM32F4xx_HAL_Driver/Src/stm32f4xx_hal_adc_ex.c ****         hadc->Instance->CR2 |= ADC_CR2_JSWSTART;
 333:Drivers/STM32F4xx_HAL_Driver/Src/stm32f4xx_hal_adc_ex.c ****       }
 334:Drivers/STM32F4xx_HAL_Driver/Src/stm32f4xx_hal_adc_ex.c ****     }
 335:Drivers/STM32F4xx_HAL_Driver/Src/stm32f4xx_hal_adc_ex.c ****   }
 336:Drivers/STM32F4xx_HAL_Driver/Src/stm32f4xx_hal_adc_ex.c ****   else
 337:Drivers/STM32F4xx_HAL_Driver/Src/stm32f4xx_hal_adc_ex.c ****   {
 338:Drivers/STM32F4xx_HAL_Driver/Src/stm32f4xx_hal_adc_ex.c ****     /* Update ADC state machine to error */
 339:Drivers/STM32F4xx_HAL_Driver/Src/stm32f4xx_hal_adc_ex.c ****     SET_BIT(hadc->State, HAL_ADC_STATE_ERROR_INTERNAL);
 340:Drivers/STM32F4xx_HAL_Driver/Src/stm32f4xx_hal_adc_ex.c **** 
 341:Drivers/STM32F4xx_HAL_Driver/Src/stm32f4xx_hal_adc_ex.c ****     /* Set ADC error code to ADC IP internal error */
 342:Drivers/STM32F4xx_HAL_Driver/Src/stm32f4xx_hal_adc_ex.c ****     SET_BIT(hadc->ErrorCode, HAL_ADC_ERROR_INTERNAL);
 343:Drivers/STM32F4xx_HAL_Driver/Src/stm32f4xx_hal_adc_ex.c ****   }
 344:Drivers/STM32F4xx_HAL_Driver/Src/stm32f4xx_hal_adc_ex.c ****   
 345:Drivers/STM32F4xx_HAL_Driver/Src/stm32f4xx_hal_adc_ex.c ****   /* Return function status */
 346:Drivers/STM32F4xx_HAL_Driver/Src/stm32f4xx_hal_adc_ex.c ****   return HAL_OK;
 347:Drivers/STM32F4xx_HAL_Driver/Src/stm32f4xx_hal_adc_ex.c **** }
 348:Drivers/STM32F4xx_HAL_Driver/Src/stm32f4xx_hal_adc_ex.c **** 
 349:Drivers/STM32F4xx_HAL_Driver/Src/stm32f4xx_hal_adc_ex.c **** /**
 350:Drivers/STM32F4xx_HAL_Driver/Src/stm32f4xx_hal_adc_ex.c ****   * @brief  Stop conversion of injected channels. Disable ADC peripheral if
 351:Drivers/STM32F4xx_HAL_Driver/Src/stm32f4xx_hal_adc_ex.c ****   *         no regular conversion is on going.
 352:Drivers/STM32F4xx_HAL_Driver/Src/stm32f4xx_hal_adc_ex.c ****   * @note   If ADC must be disabled and if conversion is on going on 
 353:Drivers/STM32F4xx_HAL_Driver/Src/stm32f4xx_hal_adc_ex.c ****   *         regular group, function HAL_ADC_Stop must be used to stop both
 354:Drivers/STM32F4xx_HAL_Driver/Src/stm32f4xx_hal_adc_ex.c ****   *         injected and regular groups, and disable the ADC.
 355:Drivers/STM32F4xx_HAL_Driver/Src/stm32f4xx_hal_adc_ex.c ****   * @note   If injected group mode auto-injection is enabled,
 356:Drivers/STM32F4xx_HAL_Driver/Src/stm32f4xx_hal_adc_ex.c ****   *         function HAL_ADC_Stop must be used.
 357:Drivers/STM32F4xx_HAL_Driver/Src/stm32f4xx_hal_adc_ex.c ****   * @note   In case of auto-injection mode, HAL_ADC_Stop must be used.
 358:Drivers/STM32F4xx_HAL_Driver/Src/stm32f4xx_hal_adc_ex.c ****   * @param  hadc ADC handle
 359:Drivers/STM32F4xx_HAL_Driver/Src/stm32f4xx_hal_adc_ex.c ****   * @retval None
 360:Drivers/STM32F4xx_HAL_Driver/Src/stm32f4xx_hal_adc_ex.c ****   */
 361:Drivers/STM32F4xx_HAL_Driver/Src/stm32f4xx_hal_adc_ex.c **** HAL_StatusTypeDef HAL_ADCEx_InjectedStop(ADC_HandleTypeDef* hadc)
 362:Drivers/STM32F4xx_HAL_Driver/Src/stm32f4xx_hal_adc_ex.c **** {
 363:Drivers/STM32F4xx_HAL_Driver/Src/stm32f4xx_hal_adc_ex.c ****   HAL_StatusTypeDef tmp_hal_status = HAL_OK;
 364:Drivers/STM32F4xx_HAL_Driver/Src/stm32f4xx_hal_adc_ex.c ****   
 365:Drivers/STM32F4xx_HAL_Driver/Src/stm32f4xx_hal_adc_ex.c ****   /* Check the parameters */
 366:Drivers/STM32F4xx_HAL_Driver/Src/stm32f4xx_hal_adc_ex.c ****   assert_param(IS_ADC_ALL_INSTANCE(hadc->Instance));
 367:Drivers/STM32F4xx_HAL_Driver/Src/stm32f4xx_hal_adc_ex.c **** 
 368:Drivers/STM32F4xx_HAL_Driver/Src/stm32f4xx_hal_adc_ex.c ****   /* Process locked */
 369:Drivers/STM32F4xx_HAL_Driver/Src/stm32f4xx_hal_adc_ex.c ****   __HAL_LOCK(hadc);
 370:Drivers/STM32F4xx_HAL_Driver/Src/stm32f4xx_hal_adc_ex.c ****     
 371:Drivers/STM32F4xx_HAL_Driver/Src/stm32f4xx_hal_adc_ex.c ****   /* Stop potential conversion and disable ADC peripheral                     */
 372:Drivers/STM32F4xx_HAL_Driver/Src/stm32f4xx_hal_adc_ex.c ****   /* Conditioned to:                                                          */
ARM GAS  /tmp/ccOoZsG0.s 			page 8


 373:Drivers/STM32F4xx_HAL_Driver/Src/stm32f4xx_hal_adc_ex.c ****   /* - No conversion on the other group (regular group) is intended to        */
 374:Drivers/STM32F4xx_HAL_Driver/Src/stm32f4xx_hal_adc_ex.c ****   /*   continue (injected and regular groups stop conversion and ADC disable  */
 375:Drivers/STM32F4xx_HAL_Driver/Src/stm32f4xx_hal_adc_ex.c ****   /*   are common)                                                            */
 376:Drivers/STM32F4xx_HAL_Driver/Src/stm32f4xx_hal_adc_ex.c ****   /* - In case of auto-injection mode, HAL_ADC_Stop must be used.             */
 377:Drivers/STM32F4xx_HAL_Driver/Src/stm32f4xx_hal_adc_ex.c ****   if(((hadc->State & HAL_ADC_STATE_REG_BUSY) == RESET)  &&
 378:Drivers/STM32F4xx_HAL_Driver/Src/stm32f4xx_hal_adc_ex.c ****      HAL_IS_BIT_CLR(hadc->Instance->CR1, ADC_CR1_JAUTO)   )
 379:Drivers/STM32F4xx_HAL_Driver/Src/stm32f4xx_hal_adc_ex.c ****   {
 380:Drivers/STM32F4xx_HAL_Driver/Src/stm32f4xx_hal_adc_ex.c ****     /* Stop potential conversion on going, on regular and injected groups */
 381:Drivers/STM32F4xx_HAL_Driver/Src/stm32f4xx_hal_adc_ex.c ****     /* Disable ADC peripheral */
 382:Drivers/STM32F4xx_HAL_Driver/Src/stm32f4xx_hal_adc_ex.c ****     __HAL_ADC_DISABLE(hadc);
 383:Drivers/STM32F4xx_HAL_Driver/Src/stm32f4xx_hal_adc_ex.c ****     
 384:Drivers/STM32F4xx_HAL_Driver/Src/stm32f4xx_hal_adc_ex.c ****     /* Check if ADC is effectively disabled */
 385:Drivers/STM32F4xx_HAL_Driver/Src/stm32f4xx_hal_adc_ex.c ****     if(HAL_IS_BIT_CLR(hadc->Instance->CR2, ADC_CR2_ADON))
 386:Drivers/STM32F4xx_HAL_Driver/Src/stm32f4xx_hal_adc_ex.c ****     {
 387:Drivers/STM32F4xx_HAL_Driver/Src/stm32f4xx_hal_adc_ex.c ****       /* Set ADC state */
 388:Drivers/STM32F4xx_HAL_Driver/Src/stm32f4xx_hal_adc_ex.c ****       ADC_STATE_CLR_SET(hadc->State,
 389:Drivers/STM32F4xx_HAL_Driver/Src/stm32f4xx_hal_adc_ex.c ****                         HAL_ADC_STATE_REG_BUSY | HAL_ADC_STATE_INJ_BUSY,
 390:Drivers/STM32F4xx_HAL_Driver/Src/stm32f4xx_hal_adc_ex.c ****                         HAL_ADC_STATE_READY);
 391:Drivers/STM32F4xx_HAL_Driver/Src/stm32f4xx_hal_adc_ex.c ****     }
 392:Drivers/STM32F4xx_HAL_Driver/Src/stm32f4xx_hal_adc_ex.c ****   }
 393:Drivers/STM32F4xx_HAL_Driver/Src/stm32f4xx_hal_adc_ex.c ****   else
 394:Drivers/STM32F4xx_HAL_Driver/Src/stm32f4xx_hal_adc_ex.c ****   {
 395:Drivers/STM32F4xx_HAL_Driver/Src/stm32f4xx_hal_adc_ex.c ****     /* Update ADC state machine to error */
 396:Drivers/STM32F4xx_HAL_Driver/Src/stm32f4xx_hal_adc_ex.c ****     SET_BIT(hadc->State, HAL_ADC_STATE_ERROR_CONFIG);
 397:Drivers/STM32F4xx_HAL_Driver/Src/stm32f4xx_hal_adc_ex.c ****       
 398:Drivers/STM32F4xx_HAL_Driver/Src/stm32f4xx_hal_adc_ex.c ****     tmp_hal_status = HAL_ERROR;
 399:Drivers/STM32F4xx_HAL_Driver/Src/stm32f4xx_hal_adc_ex.c ****   }
 400:Drivers/STM32F4xx_HAL_Driver/Src/stm32f4xx_hal_adc_ex.c ****   
 401:Drivers/STM32F4xx_HAL_Driver/Src/stm32f4xx_hal_adc_ex.c ****   /* Process unlocked */
 402:Drivers/STM32F4xx_HAL_Driver/Src/stm32f4xx_hal_adc_ex.c ****   __HAL_UNLOCK(hadc);
 403:Drivers/STM32F4xx_HAL_Driver/Src/stm32f4xx_hal_adc_ex.c ****   
 404:Drivers/STM32F4xx_HAL_Driver/Src/stm32f4xx_hal_adc_ex.c ****   /* Return function status */
 405:Drivers/STM32F4xx_HAL_Driver/Src/stm32f4xx_hal_adc_ex.c ****   return tmp_hal_status;
 406:Drivers/STM32F4xx_HAL_Driver/Src/stm32f4xx_hal_adc_ex.c **** }
 407:Drivers/STM32F4xx_HAL_Driver/Src/stm32f4xx_hal_adc_ex.c **** 
 408:Drivers/STM32F4xx_HAL_Driver/Src/stm32f4xx_hal_adc_ex.c **** /**
 409:Drivers/STM32F4xx_HAL_Driver/Src/stm32f4xx_hal_adc_ex.c ****   * @brief  Poll for injected conversion complete
 410:Drivers/STM32F4xx_HAL_Driver/Src/stm32f4xx_hal_adc_ex.c ****   * @param  hadc pointer to a ADC_HandleTypeDef structure that contains
 411:Drivers/STM32F4xx_HAL_Driver/Src/stm32f4xx_hal_adc_ex.c ****   *         the configuration information for the specified ADC.
 412:Drivers/STM32F4xx_HAL_Driver/Src/stm32f4xx_hal_adc_ex.c ****   * @param  Timeout Timeout value in millisecond.  
 413:Drivers/STM32F4xx_HAL_Driver/Src/stm32f4xx_hal_adc_ex.c ****   * @retval HAL status
 414:Drivers/STM32F4xx_HAL_Driver/Src/stm32f4xx_hal_adc_ex.c ****   */
 415:Drivers/STM32F4xx_HAL_Driver/Src/stm32f4xx_hal_adc_ex.c **** HAL_StatusTypeDef HAL_ADCEx_InjectedPollForConversion(ADC_HandleTypeDef* hadc, uint32_t Timeout)
 416:Drivers/STM32F4xx_HAL_Driver/Src/stm32f4xx_hal_adc_ex.c **** {
 417:Drivers/STM32F4xx_HAL_Driver/Src/stm32f4xx_hal_adc_ex.c ****   uint32_t tickstart = 0U;
 418:Drivers/STM32F4xx_HAL_Driver/Src/stm32f4xx_hal_adc_ex.c **** 
 419:Drivers/STM32F4xx_HAL_Driver/Src/stm32f4xx_hal_adc_ex.c ****   /* Get tick */ 
 420:Drivers/STM32F4xx_HAL_Driver/Src/stm32f4xx_hal_adc_ex.c ****   tickstart = HAL_GetTick();
 421:Drivers/STM32F4xx_HAL_Driver/Src/stm32f4xx_hal_adc_ex.c **** 
 422:Drivers/STM32F4xx_HAL_Driver/Src/stm32f4xx_hal_adc_ex.c ****   /* Check End of conversion flag */
 423:Drivers/STM32F4xx_HAL_Driver/Src/stm32f4xx_hal_adc_ex.c ****   while(!(__HAL_ADC_GET_FLAG(hadc, ADC_FLAG_JEOC)))
 424:Drivers/STM32F4xx_HAL_Driver/Src/stm32f4xx_hal_adc_ex.c ****   {
 425:Drivers/STM32F4xx_HAL_Driver/Src/stm32f4xx_hal_adc_ex.c ****     /* Check for the Timeout */
 426:Drivers/STM32F4xx_HAL_Driver/Src/stm32f4xx_hal_adc_ex.c ****     if(Timeout != HAL_MAX_DELAY)
 427:Drivers/STM32F4xx_HAL_Driver/Src/stm32f4xx_hal_adc_ex.c ****     {
 428:Drivers/STM32F4xx_HAL_Driver/Src/stm32f4xx_hal_adc_ex.c ****       if((Timeout == 0U)||((HAL_GetTick() - tickstart ) > Timeout))
 429:Drivers/STM32F4xx_HAL_Driver/Src/stm32f4xx_hal_adc_ex.c ****       {
ARM GAS  /tmp/ccOoZsG0.s 			page 9


 430:Drivers/STM32F4xx_HAL_Driver/Src/stm32f4xx_hal_adc_ex.c ****         /* New check to avoid false timeout detection in case of preemption */
 431:Drivers/STM32F4xx_HAL_Driver/Src/stm32f4xx_hal_adc_ex.c ****         if(!(__HAL_ADC_GET_FLAG(hadc, ADC_FLAG_JEOC)))
 432:Drivers/STM32F4xx_HAL_Driver/Src/stm32f4xx_hal_adc_ex.c ****         {
 433:Drivers/STM32F4xx_HAL_Driver/Src/stm32f4xx_hal_adc_ex.c ****           hadc->State= HAL_ADC_STATE_TIMEOUT;
 434:Drivers/STM32F4xx_HAL_Driver/Src/stm32f4xx_hal_adc_ex.c ****           /* Process unlocked */
 435:Drivers/STM32F4xx_HAL_Driver/Src/stm32f4xx_hal_adc_ex.c ****           __HAL_UNLOCK(hadc);
 436:Drivers/STM32F4xx_HAL_Driver/Src/stm32f4xx_hal_adc_ex.c ****           return HAL_TIMEOUT;
 437:Drivers/STM32F4xx_HAL_Driver/Src/stm32f4xx_hal_adc_ex.c ****         }
 438:Drivers/STM32F4xx_HAL_Driver/Src/stm32f4xx_hal_adc_ex.c ****       }
 439:Drivers/STM32F4xx_HAL_Driver/Src/stm32f4xx_hal_adc_ex.c ****     }
 440:Drivers/STM32F4xx_HAL_Driver/Src/stm32f4xx_hal_adc_ex.c ****   }
 441:Drivers/STM32F4xx_HAL_Driver/Src/stm32f4xx_hal_adc_ex.c ****   
 442:Drivers/STM32F4xx_HAL_Driver/Src/stm32f4xx_hal_adc_ex.c ****   /* Clear injected group conversion flag */
 443:Drivers/STM32F4xx_HAL_Driver/Src/stm32f4xx_hal_adc_ex.c ****   __HAL_ADC_CLEAR_FLAG(hadc, ADC_FLAG_JSTRT | ADC_FLAG_JEOC);
 444:Drivers/STM32F4xx_HAL_Driver/Src/stm32f4xx_hal_adc_ex.c ****     
 445:Drivers/STM32F4xx_HAL_Driver/Src/stm32f4xx_hal_adc_ex.c ****   /* Update ADC state machine */
 446:Drivers/STM32F4xx_HAL_Driver/Src/stm32f4xx_hal_adc_ex.c ****   SET_BIT(hadc->State, HAL_ADC_STATE_INJ_EOC);
 447:Drivers/STM32F4xx_HAL_Driver/Src/stm32f4xx_hal_adc_ex.c ****   
 448:Drivers/STM32F4xx_HAL_Driver/Src/stm32f4xx_hal_adc_ex.c ****   /* Determine whether any further conversion upcoming on group injected      */
 449:Drivers/STM32F4xx_HAL_Driver/Src/stm32f4xx_hal_adc_ex.c ****   /* by external trigger, continuous mode or scan sequence on going.          */
 450:Drivers/STM32F4xx_HAL_Driver/Src/stm32f4xx_hal_adc_ex.c ****   /* Note: On STM32F4, there is no independent flag of end of sequence.       */
 451:Drivers/STM32F4xx_HAL_Driver/Src/stm32f4xx_hal_adc_ex.c ****   /*       The test of scan sequence on going is done either with scan        */
 452:Drivers/STM32F4xx_HAL_Driver/Src/stm32f4xx_hal_adc_ex.c ****   /*       sequence disabled or with end of conversion flag set to            */
 453:Drivers/STM32F4xx_HAL_Driver/Src/stm32f4xx_hal_adc_ex.c ****   /*       of end of sequence.                                                */
 454:Drivers/STM32F4xx_HAL_Driver/Src/stm32f4xx_hal_adc_ex.c ****   if(ADC_IS_SOFTWARE_START_INJECTED(hadc)                    &&
 455:Drivers/STM32F4xx_HAL_Driver/Src/stm32f4xx_hal_adc_ex.c ****      (HAL_IS_BIT_CLR(hadc->Instance->JSQR, ADC_JSQR_JL)  ||
 456:Drivers/STM32F4xx_HAL_Driver/Src/stm32f4xx_hal_adc_ex.c ****       HAL_IS_BIT_CLR(hadc->Instance->CR2, ADC_CR2_EOCS)    ) &&
 457:Drivers/STM32F4xx_HAL_Driver/Src/stm32f4xx_hal_adc_ex.c ****      (HAL_IS_BIT_CLR(hadc->Instance->CR1, ADC_CR1_JAUTO) &&
 458:Drivers/STM32F4xx_HAL_Driver/Src/stm32f4xx_hal_adc_ex.c ****       (ADC_IS_SOFTWARE_START_REGULAR(hadc)       &&
 459:Drivers/STM32F4xx_HAL_Driver/Src/stm32f4xx_hal_adc_ex.c ****       (hadc->Init.ContinuousConvMode == DISABLE)   )       )   )
 460:Drivers/STM32F4xx_HAL_Driver/Src/stm32f4xx_hal_adc_ex.c ****   {
 461:Drivers/STM32F4xx_HAL_Driver/Src/stm32f4xx_hal_adc_ex.c ****     /* Set ADC state */
 462:Drivers/STM32F4xx_HAL_Driver/Src/stm32f4xx_hal_adc_ex.c ****     CLEAR_BIT(hadc->State, HAL_ADC_STATE_INJ_BUSY);
 463:Drivers/STM32F4xx_HAL_Driver/Src/stm32f4xx_hal_adc_ex.c ****     
 464:Drivers/STM32F4xx_HAL_Driver/Src/stm32f4xx_hal_adc_ex.c ****     if (HAL_IS_BIT_CLR(hadc->State, HAL_ADC_STATE_REG_BUSY))
 465:Drivers/STM32F4xx_HAL_Driver/Src/stm32f4xx_hal_adc_ex.c ****     { 
 466:Drivers/STM32F4xx_HAL_Driver/Src/stm32f4xx_hal_adc_ex.c ****       SET_BIT(hadc->State, HAL_ADC_STATE_READY);
 467:Drivers/STM32F4xx_HAL_Driver/Src/stm32f4xx_hal_adc_ex.c ****     }
 468:Drivers/STM32F4xx_HAL_Driver/Src/stm32f4xx_hal_adc_ex.c ****   }
 469:Drivers/STM32F4xx_HAL_Driver/Src/stm32f4xx_hal_adc_ex.c ****   
 470:Drivers/STM32F4xx_HAL_Driver/Src/stm32f4xx_hal_adc_ex.c ****   /* Return ADC state */
 471:Drivers/STM32F4xx_HAL_Driver/Src/stm32f4xx_hal_adc_ex.c ****   return HAL_OK;
 472:Drivers/STM32F4xx_HAL_Driver/Src/stm32f4xx_hal_adc_ex.c **** }      
 473:Drivers/STM32F4xx_HAL_Driver/Src/stm32f4xx_hal_adc_ex.c ****   
 474:Drivers/STM32F4xx_HAL_Driver/Src/stm32f4xx_hal_adc_ex.c **** /**
 475:Drivers/STM32F4xx_HAL_Driver/Src/stm32f4xx_hal_adc_ex.c ****   * @brief  Stop conversion of injected channels, disable interruption of 
 476:Drivers/STM32F4xx_HAL_Driver/Src/stm32f4xx_hal_adc_ex.c ****   *         end-of-conversion. Disable ADC peripheral if no regular conversion
 477:Drivers/STM32F4xx_HAL_Driver/Src/stm32f4xx_hal_adc_ex.c ****   *         is on going.
 478:Drivers/STM32F4xx_HAL_Driver/Src/stm32f4xx_hal_adc_ex.c ****   * @note   If ADC must be disabled and if conversion is on going on 
 479:Drivers/STM32F4xx_HAL_Driver/Src/stm32f4xx_hal_adc_ex.c ****   *         regular group, function HAL_ADC_Stop must be used to stop both
 480:Drivers/STM32F4xx_HAL_Driver/Src/stm32f4xx_hal_adc_ex.c ****   *         injected and regular groups, and disable the ADC.
 481:Drivers/STM32F4xx_HAL_Driver/Src/stm32f4xx_hal_adc_ex.c ****   * @note   If injected group mode auto-injection is enabled,
 482:Drivers/STM32F4xx_HAL_Driver/Src/stm32f4xx_hal_adc_ex.c ****   *         function HAL_ADC_Stop must be used.
 483:Drivers/STM32F4xx_HAL_Driver/Src/stm32f4xx_hal_adc_ex.c ****   * @param  hadc ADC handle
 484:Drivers/STM32F4xx_HAL_Driver/Src/stm32f4xx_hal_adc_ex.c ****   * @retval None
 485:Drivers/STM32F4xx_HAL_Driver/Src/stm32f4xx_hal_adc_ex.c ****   */
 486:Drivers/STM32F4xx_HAL_Driver/Src/stm32f4xx_hal_adc_ex.c **** HAL_StatusTypeDef HAL_ADCEx_InjectedStop_IT(ADC_HandleTypeDef* hadc)
ARM GAS  /tmp/ccOoZsG0.s 			page 10


 487:Drivers/STM32F4xx_HAL_Driver/Src/stm32f4xx_hal_adc_ex.c **** {
 488:Drivers/STM32F4xx_HAL_Driver/Src/stm32f4xx_hal_adc_ex.c ****   HAL_StatusTypeDef tmp_hal_status = HAL_OK;
 489:Drivers/STM32F4xx_HAL_Driver/Src/stm32f4xx_hal_adc_ex.c ****   
 490:Drivers/STM32F4xx_HAL_Driver/Src/stm32f4xx_hal_adc_ex.c ****   /* Check the parameters */
 491:Drivers/STM32F4xx_HAL_Driver/Src/stm32f4xx_hal_adc_ex.c ****   assert_param(IS_ADC_ALL_INSTANCE(hadc->Instance));
 492:Drivers/STM32F4xx_HAL_Driver/Src/stm32f4xx_hal_adc_ex.c **** 
 493:Drivers/STM32F4xx_HAL_Driver/Src/stm32f4xx_hal_adc_ex.c ****   /* Process locked */
 494:Drivers/STM32F4xx_HAL_Driver/Src/stm32f4xx_hal_adc_ex.c ****   __HAL_LOCK(hadc);
 495:Drivers/STM32F4xx_HAL_Driver/Src/stm32f4xx_hal_adc_ex.c ****     
 496:Drivers/STM32F4xx_HAL_Driver/Src/stm32f4xx_hal_adc_ex.c ****   /* Stop potential conversion and disable ADC peripheral                     */
 497:Drivers/STM32F4xx_HAL_Driver/Src/stm32f4xx_hal_adc_ex.c ****   /* Conditioned to:                                                          */
 498:Drivers/STM32F4xx_HAL_Driver/Src/stm32f4xx_hal_adc_ex.c ****   /* - No conversion on the other group (regular group) is intended to        */
 499:Drivers/STM32F4xx_HAL_Driver/Src/stm32f4xx_hal_adc_ex.c ****   /*   continue (injected and regular groups stop conversion and ADC disable  */
 500:Drivers/STM32F4xx_HAL_Driver/Src/stm32f4xx_hal_adc_ex.c ****   /*   are common)                                                            */
 501:Drivers/STM32F4xx_HAL_Driver/Src/stm32f4xx_hal_adc_ex.c ****   /* - In case of auto-injection mode, HAL_ADC_Stop must be used.             */ 
 502:Drivers/STM32F4xx_HAL_Driver/Src/stm32f4xx_hal_adc_ex.c ****   if(((hadc->State & HAL_ADC_STATE_REG_BUSY) == RESET)  &&
 503:Drivers/STM32F4xx_HAL_Driver/Src/stm32f4xx_hal_adc_ex.c ****      HAL_IS_BIT_CLR(hadc->Instance->CR1, ADC_CR1_JAUTO)   )
 504:Drivers/STM32F4xx_HAL_Driver/Src/stm32f4xx_hal_adc_ex.c ****   {
 505:Drivers/STM32F4xx_HAL_Driver/Src/stm32f4xx_hal_adc_ex.c ****     /* Stop potential conversion on going, on regular and injected groups */
 506:Drivers/STM32F4xx_HAL_Driver/Src/stm32f4xx_hal_adc_ex.c ****     /* Disable ADC peripheral */
 507:Drivers/STM32F4xx_HAL_Driver/Src/stm32f4xx_hal_adc_ex.c ****     __HAL_ADC_DISABLE(hadc);
 508:Drivers/STM32F4xx_HAL_Driver/Src/stm32f4xx_hal_adc_ex.c ****     
 509:Drivers/STM32F4xx_HAL_Driver/Src/stm32f4xx_hal_adc_ex.c ****     /* Check if ADC is effectively disabled */
 510:Drivers/STM32F4xx_HAL_Driver/Src/stm32f4xx_hal_adc_ex.c ****     if(HAL_IS_BIT_CLR(hadc->Instance->CR2, ADC_CR2_ADON))
 511:Drivers/STM32F4xx_HAL_Driver/Src/stm32f4xx_hal_adc_ex.c ****     {
 512:Drivers/STM32F4xx_HAL_Driver/Src/stm32f4xx_hal_adc_ex.c ****       /* Disable ADC end of conversion interrupt for injected channels */
 513:Drivers/STM32F4xx_HAL_Driver/Src/stm32f4xx_hal_adc_ex.c ****       __HAL_ADC_DISABLE_IT(hadc, ADC_IT_JEOC);
 514:Drivers/STM32F4xx_HAL_Driver/Src/stm32f4xx_hal_adc_ex.c ****       
 515:Drivers/STM32F4xx_HAL_Driver/Src/stm32f4xx_hal_adc_ex.c ****       /* Set ADC state */
 516:Drivers/STM32F4xx_HAL_Driver/Src/stm32f4xx_hal_adc_ex.c ****       ADC_STATE_CLR_SET(hadc->State,
 517:Drivers/STM32F4xx_HAL_Driver/Src/stm32f4xx_hal_adc_ex.c ****                         HAL_ADC_STATE_REG_BUSY | HAL_ADC_STATE_INJ_BUSY,
 518:Drivers/STM32F4xx_HAL_Driver/Src/stm32f4xx_hal_adc_ex.c ****                         HAL_ADC_STATE_READY);
 519:Drivers/STM32F4xx_HAL_Driver/Src/stm32f4xx_hal_adc_ex.c ****     }
 520:Drivers/STM32F4xx_HAL_Driver/Src/stm32f4xx_hal_adc_ex.c ****   }
 521:Drivers/STM32F4xx_HAL_Driver/Src/stm32f4xx_hal_adc_ex.c ****   else
 522:Drivers/STM32F4xx_HAL_Driver/Src/stm32f4xx_hal_adc_ex.c ****   {
 523:Drivers/STM32F4xx_HAL_Driver/Src/stm32f4xx_hal_adc_ex.c ****     /* Update ADC state machine to error */
 524:Drivers/STM32F4xx_HAL_Driver/Src/stm32f4xx_hal_adc_ex.c ****     SET_BIT(hadc->State, HAL_ADC_STATE_ERROR_CONFIG);
 525:Drivers/STM32F4xx_HAL_Driver/Src/stm32f4xx_hal_adc_ex.c ****       
 526:Drivers/STM32F4xx_HAL_Driver/Src/stm32f4xx_hal_adc_ex.c ****     tmp_hal_status = HAL_ERROR;
 527:Drivers/STM32F4xx_HAL_Driver/Src/stm32f4xx_hal_adc_ex.c ****   }
 528:Drivers/STM32F4xx_HAL_Driver/Src/stm32f4xx_hal_adc_ex.c ****   
 529:Drivers/STM32F4xx_HAL_Driver/Src/stm32f4xx_hal_adc_ex.c ****   /* Process unlocked */
 530:Drivers/STM32F4xx_HAL_Driver/Src/stm32f4xx_hal_adc_ex.c ****   __HAL_UNLOCK(hadc);
 531:Drivers/STM32F4xx_HAL_Driver/Src/stm32f4xx_hal_adc_ex.c ****   
 532:Drivers/STM32F4xx_HAL_Driver/Src/stm32f4xx_hal_adc_ex.c ****   /* Return function status */
 533:Drivers/STM32F4xx_HAL_Driver/Src/stm32f4xx_hal_adc_ex.c ****   return tmp_hal_status;
 534:Drivers/STM32F4xx_HAL_Driver/Src/stm32f4xx_hal_adc_ex.c **** }
 535:Drivers/STM32F4xx_HAL_Driver/Src/stm32f4xx_hal_adc_ex.c **** 
 536:Drivers/STM32F4xx_HAL_Driver/Src/stm32f4xx_hal_adc_ex.c **** /**
 537:Drivers/STM32F4xx_HAL_Driver/Src/stm32f4xx_hal_adc_ex.c ****   * @brief  Gets the converted value from data register of injected channel.
 538:Drivers/STM32F4xx_HAL_Driver/Src/stm32f4xx_hal_adc_ex.c ****   * @param  hadc pointer to a ADC_HandleTypeDef structure that contains
 539:Drivers/STM32F4xx_HAL_Driver/Src/stm32f4xx_hal_adc_ex.c ****   *         the configuration information for the specified ADC.
 540:Drivers/STM32F4xx_HAL_Driver/Src/stm32f4xx_hal_adc_ex.c ****   * @param  InjectedRank the ADC injected rank.
 541:Drivers/STM32F4xx_HAL_Driver/Src/stm32f4xx_hal_adc_ex.c ****   *          This parameter can be one of the following values:
 542:Drivers/STM32F4xx_HAL_Driver/Src/stm32f4xx_hal_adc_ex.c ****   *            @arg ADC_INJECTED_RANK_1: Injected Channel1 selected
 543:Drivers/STM32F4xx_HAL_Driver/Src/stm32f4xx_hal_adc_ex.c ****   *            @arg ADC_INJECTED_RANK_2: Injected Channel2 selected
ARM GAS  /tmp/ccOoZsG0.s 			page 11


 544:Drivers/STM32F4xx_HAL_Driver/Src/stm32f4xx_hal_adc_ex.c ****   *            @arg ADC_INJECTED_RANK_3: Injected Channel3 selected
 545:Drivers/STM32F4xx_HAL_Driver/Src/stm32f4xx_hal_adc_ex.c ****   *            @arg ADC_INJECTED_RANK_4: Injected Channel4 selected
 546:Drivers/STM32F4xx_HAL_Driver/Src/stm32f4xx_hal_adc_ex.c ****   * @retval None
 547:Drivers/STM32F4xx_HAL_Driver/Src/stm32f4xx_hal_adc_ex.c ****   */
 548:Drivers/STM32F4xx_HAL_Driver/Src/stm32f4xx_hal_adc_ex.c **** uint32_t HAL_ADCEx_InjectedGetValue(ADC_HandleTypeDef* hadc, uint32_t InjectedRank)
 549:Drivers/STM32F4xx_HAL_Driver/Src/stm32f4xx_hal_adc_ex.c **** {
 550:Drivers/STM32F4xx_HAL_Driver/Src/stm32f4xx_hal_adc_ex.c ****   __IO uint32_t tmp = 0U;
 551:Drivers/STM32F4xx_HAL_Driver/Src/stm32f4xx_hal_adc_ex.c ****   
 552:Drivers/STM32F4xx_HAL_Driver/Src/stm32f4xx_hal_adc_ex.c ****   /* Check the parameters */
 553:Drivers/STM32F4xx_HAL_Driver/Src/stm32f4xx_hal_adc_ex.c ****   assert_param(IS_ADC_INJECTED_RANK(InjectedRank));
 554:Drivers/STM32F4xx_HAL_Driver/Src/stm32f4xx_hal_adc_ex.c ****   
 555:Drivers/STM32F4xx_HAL_Driver/Src/stm32f4xx_hal_adc_ex.c ****   /* Clear injected group conversion flag to have similar behaviour as        */
 556:Drivers/STM32F4xx_HAL_Driver/Src/stm32f4xx_hal_adc_ex.c ****   /* regular group: reading data register also clears end of conversion flag. */
 557:Drivers/STM32F4xx_HAL_Driver/Src/stm32f4xx_hal_adc_ex.c ****   __HAL_ADC_CLEAR_FLAG(hadc, ADC_FLAG_JEOC);
 558:Drivers/STM32F4xx_HAL_Driver/Src/stm32f4xx_hal_adc_ex.c ****   
 559:Drivers/STM32F4xx_HAL_Driver/Src/stm32f4xx_hal_adc_ex.c ****   /* Return the selected ADC converted value */ 
 560:Drivers/STM32F4xx_HAL_Driver/Src/stm32f4xx_hal_adc_ex.c ****   switch(InjectedRank)
 561:Drivers/STM32F4xx_HAL_Driver/Src/stm32f4xx_hal_adc_ex.c ****   {  
 562:Drivers/STM32F4xx_HAL_Driver/Src/stm32f4xx_hal_adc_ex.c ****     case ADC_INJECTED_RANK_4:
 563:Drivers/STM32F4xx_HAL_Driver/Src/stm32f4xx_hal_adc_ex.c ****     {
 564:Drivers/STM32F4xx_HAL_Driver/Src/stm32f4xx_hal_adc_ex.c ****       tmp =  hadc->Instance->JDR4;
 565:Drivers/STM32F4xx_HAL_Driver/Src/stm32f4xx_hal_adc_ex.c ****     }  
 566:Drivers/STM32F4xx_HAL_Driver/Src/stm32f4xx_hal_adc_ex.c ****     break;
 567:Drivers/STM32F4xx_HAL_Driver/Src/stm32f4xx_hal_adc_ex.c ****     case ADC_INJECTED_RANK_3: 
 568:Drivers/STM32F4xx_HAL_Driver/Src/stm32f4xx_hal_adc_ex.c ****     {  
 569:Drivers/STM32F4xx_HAL_Driver/Src/stm32f4xx_hal_adc_ex.c ****       tmp =  hadc->Instance->JDR3;
 570:Drivers/STM32F4xx_HAL_Driver/Src/stm32f4xx_hal_adc_ex.c ****     }  
 571:Drivers/STM32F4xx_HAL_Driver/Src/stm32f4xx_hal_adc_ex.c ****     break;
 572:Drivers/STM32F4xx_HAL_Driver/Src/stm32f4xx_hal_adc_ex.c ****     case ADC_INJECTED_RANK_2: 
 573:Drivers/STM32F4xx_HAL_Driver/Src/stm32f4xx_hal_adc_ex.c ****     {  
 574:Drivers/STM32F4xx_HAL_Driver/Src/stm32f4xx_hal_adc_ex.c ****       tmp =  hadc->Instance->JDR2;
 575:Drivers/STM32F4xx_HAL_Driver/Src/stm32f4xx_hal_adc_ex.c ****     }
 576:Drivers/STM32F4xx_HAL_Driver/Src/stm32f4xx_hal_adc_ex.c ****     break;
 577:Drivers/STM32F4xx_HAL_Driver/Src/stm32f4xx_hal_adc_ex.c ****     case ADC_INJECTED_RANK_1:
 578:Drivers/STM32F4xx_HAL_Driver/Src/stm32f4xx_hal_adc_ex.c ****     {
 579:Drivers/STM32F4xx_HAL_Driver/Src/stm32f4xx_hal_adc_ex.c ****       tmp =  hadc->Instance->JDR1;
 580:Drivers/STM32F4xx_HAL_Driver/Src/stm32f4xx_hal_adc_ex.c ****     }
 581:Drivers/STM32F4xx_HAL_Driver/Src/stm32f4xx_hal_adc_ex.c ****     break;
 582:Drivers/STM32F4xx_HAL_Driver/Src/stm32f4xx_hal_adc_ex.c ****     default:
 583:Drivers/STM32F4xx_HAL_Driver/Src/stm32f4xx_hal_adc_ex.c ****     break;  
 584:Drivers/STM32F4xx_HAL_Driver/Src/stm32f4xx_hal_adc_ex.c ****   }
 585:Drivers/STM32F4xx_HAL_Driver/Src/stm32f4xx_hal_adc_ex.c ****   return tmp;
 586:Drivers/STM32F4xx_HAL_Driver/Src/stm32f4xx_hal_adc_ex.c **** }
 587:Drivers/STM32F4xx_HAL_Driver/Src/stm32f4xx_hal_adc_ex.c **** 
 588:Drivers/STM32F4xx_HAL_Driver/Src/stm32f4xx_hal_adc_ex.c **** /**
 589:Drivers/STM32F4xx_HAL_Driver/Src/stm32f4xx_hal_adc_ex.c ****   * @brief  Enables ADC DMA request after last transfer (Multi-ADC mode) and enables ADC peripheral
 590:Drivers/STM32F4xx_HAL_Driver/Src/stm32f4xx_hal_adc_ex.c ****   * 
 591:Drivers/STM32F4xx_HAL_Driver/Src/stm32f4xx_hal_adc_ex.c ****   * @note   Caution: This function must be used only with the ADC master.  
 592:Drivers/STM32F4xx_HAL_Driver/Src/stm32f4xx_hal_adc_ex.c ****   *
 593:Drivers/STM32F4xx_HAL_Driver/Src/stm32f4xx_hal_adc_ex.c ****   * @param  hadc pointer to a ADC_HandleTypeDef structure that contains
 594:Drivers/STM32F4xx_HAL_Driver/Src/stm32f4xx_hal_adc_ex.c ****   *         the configuration information for the specified ADC.
 595:Drivers/STM32F4xx_HAL_Driver/Src/stm32f4xx_hal_adc_ex.c ****   * @param  pData   Pointer to buffer in which transferred from ADC peripheral to memory will be st
 596:Drivers/STM32F4xx_HAL_Driver/Src/stm32f4xx_hal_adc_ex.c ****   * @param  Length  The length of data to be transferred from ADC peripheral to memory.  
 597:Drivers/STM32F4xx_HAL_Driver/Src/stm32f4xx_hal_adc_ex.c ****   * @retval HAL status
 598:Drivers/STM32F4xx_HAL_Driver/Src/stm32f4xx_hal_adc_ex.c ****   */
 599:Drivers/STM32F4xx_HAL_Driver/Src/stm32f4xx_hal_adc_ex.c **** HAL_StatusTypeDef HAL_ADCEx_MultiModeStart_DMA(ADC_HandleTypeDef* hadc, uint32_t* pData, uint32_t L
 600:Drivers/STM32F4xx_HAL_Driver/Src/stm32f4xx_hal_adc_ex.c **** {
ARM GAS  /tmp/ccOoZsG0.s 			page 12


 601:Drivers/STM32F4xx_HAL_Driver/Src/stm32f4xx_hal_adc_ex.c ****   __IO uint32_t counter = 0U;
 602:Drivers/STM32F4xx_HAL_Driver/Src/stm32f4xx_hal_adc_ex.c ****   ADC_Common_TypeDef *tmpADC_Common;
 603:Drivers/STM32F4xx_HAL_Driver/Src/stm32f4xx_hal_adc_ex.c ****   
 604:Drivers/STM32F4xx_HAL_Driver/Src/stm32f4xx_hal_adc_ex.c ****   /* Check the parameters */
 605:Drivers/STM32F4xx_HAL_Driver/Src/stm32f4xx_hal_adc_ex.c ****   assert_param(IS_FUNCTIONAL_STATE(hadc->Init.ContinuousConvMode));
 606:Drivers/STM32F4xx_HAL_Driver/Src/stm32f4xx_hal_adc_ex.c ****   assert_param(IS_ADC_EXT_TRIG_EDGE(hadc->Init.ExternalTrigConvEdge));
 607:Drivers/STM32F4xx_HAL_Driver/Src/stm32f4xx_hal_adc_ex.c ****   assert_param(IS_FUNCTIONAL_STATE(hadc->Init.DMAContinuousRequests));
 608:Drivers/STM32F4xx_HAL_Driver/Src/stm32f4xx_hal_adc_ex.c ****   
 609:Drivers/STM32F4xx_HAL_Driver/Src/stm32f4xx_hal_adc_ex.c ****   /* Process locked */
 610:Drivers/STM32F4xx_HAL_Driver/Src/stm32f4xx_hal_adc_ex.c ****   __HAL_LOCK(hadc);
 611:Drivers/STM32F4xx_HAL_Driver/Src/stm32f4xx_hal_adc_ex.c ****   
 612:Drivers/STM32F4xx_HAL_Driver/Src/stm32f4xx_hal_adc_ex.c ****   /* Check if ADC peripheral is disabled in order to enable it and wait during 
 613:Drivers/STM32F4xx_HAL_Driver/Src/stm32f4xx_hal_adc_ex.c ****      Tstab time the ADC's stabilization */
 614:Drivers/STM32F4xx_HAL_Driver/Src/stm32f4xx_hal_adc_ex.c ****   if((hadc->Instance->CR2 & ADC_CR2_ADON) != ADC_CR2_ADON)
 615:Drivers/STM32F4xx_HAL_Driver/Src/stm32f4xx_hal_adc_ex.c ****   {  
 616:Drivers/STM32F4xx_HAL_Driver/Src/stm32f4xx_hal_adc_ex.c ****     /* Enable the Peripheral */
 617:Drivers/STM32F4xx_HAL_Driver/Src/stm32f4xx_hal_adc_ex.c ****     __HAL_ADC_ENABLE(hadc);
 618:Drivers/STM32F4xx_HAL_Driver/Src/stm32f4xx_hal_adc_ex.c ****     
 619:Drivers/STM32F4xx_HAL_Driver/Src/stm32f4xx_hal_adc_ex.c ****     /* Delay for temperature sensor stabilization time */
 620:Drivers/STM32F4xx_HAL_Driver/Src/stm32f4xx_hal_adc_ex.c ****     /* Compute number of CPU cycles to wait for */
 621:Drivers/STM32F4xx_HAL_Driver/Src/stm32f4xx_hal_adc_ex.c ****     counter = (ADC_STAB_DELAY_US * (SystemCoreClock / 1000000U));
 622:Drivers/STM32F4xx_HAL_Driver/Src/stm32f4xx_hal_adc_ex.c ****     while(counter != 0U)
 623:Drivers/STM32F4xx_HAL_Driver/Src/stm32f4xx_hal_adc_ex.c ****     {
 624:Drivers/STM32F4xx_HAL_Driver/Src/stm32f4xx_hal_adc_ex.c ****       counter--;
 625:Drivers/STM32F4xx_HAL_Driver/Src/stm32f4xx_hal_adc_ex.c ****     }
 626:Drivers/STM32F4xx_HAL_Driver/Src/stm32f4xx_hal_adc_ex.c ****   }
 627:Drivers/STM32F4xx_HAL_Driver/Src/stm32f4xx_hal_adc_ex.c ****   
 628:Drivers/STM32F4xx_HAL_Driver/Src/stm32f4xx_hal_adc_ex.c ****   /* Start conversion if ADC is effectively enabled */
 629:Drivers/STM32F4xx_HAL_Driver/Src/stm32f4xx_hal_adc_ex.c ****   if(HAL_IS_BIT_SET(hadc->Instance->CR2, ADC_CR2_ADON))
 630:Drivers/STM32F4xx_HAL_Driver/Src/stm32f4xx_hal_adc_ex.c ****   {
 631:Drivers/STM32F4xx_HAL_Driver/Src/stm32f4xx_hal_adc_ex.c ****     /* Set ADC state                                                          */
 632:Drivers/STM32F4xx_HAL_Driver/Src/stm32f4xx_hal_adc_ex.c ****     /* - Clear state bitfield related to regular group conversion results     */
 633:Drivers/STM32F4xx_HAL_Driver/Src/stm32f4xx_hal_adc_ex.c ****     /* - Set state bitfield related to regular group operation                */
 634:Drivers/STM32F4xx_HAL_Driver/Src/stm32f4xx_hal_adc_ex.c ****     ADC_STATE_CLR_SET(hadc->State,
 635:Drivers/STM32F4xx_HAL_Driver/Src/stm32f4xx_hal_adc_ex.c ****                       HAL_ADC_STATE_READY | HAL_ADC_STATE_REG_EOC | HAL_ADC_STATE_REG_OVR,
 636:Drivers/STM32F4xx_HAL_Driver/Src/stm32f4xx_hal_adc_ex.c ****                       HAL_ADC_STATE_REG_BUSY);
 637:Drivers/STM32F4xx_HAL_Driver/Src/stm32f4xx_hal_adc_ex.c ****     
 638:Drivers/STM32F4xx_HAL_Driver/Src/stm32f4xx_hal_adc_ex.c ****     /* If conversions on group regular are also triggering group injected,    */
 639:Drivers/STM32F4xx_HAL_Driver/Src/stm32f4xx_hal_adc_ex.c ****     /* update ADC state.                                                      */
 640:Drivers/STM32F4xx_HAL_Driver/Src/stm32f4xx_hal_adc_ex.c ****     if (READ_BIT(hadc->Instance->CR1, ADC_CR1_JAUTO) != RESET)
 641:Drivers/STM32F4xx_HAL_Driver/Src/stm32f4xx_hal_adc_ex.c ****     {
 642:Drivers/STM32F4xx_HAL_Driver/Src/stm32f4xx_hal_adc_ex.c ****       ADC_STATE_CLR_SET(hadc->State, HAL_ADC_STATE_INJ_EOC, HAL_ADC_STATE_INJ_BUSY);  
 643:Drivers/STM32F4xx_HAL_Driver/Src/stm32f4xx_hal_adc_ex.c ****     }
 644:Drivers/STM32F4xx_HAL_Driver/Src/stm32f4xx_hal_adc_ex.c ****     
 645:Drivers/STM32F4xx_HAL_Driver/Src/stm32f4xx_hal_adc_ex.c ****     /* State machine update: Check if an injected conversion is ongoing */
 646:Drivers/STM32F4xx_HAL_Driver/Src/stm32f4xx_hal_adc_ex.c ****     if (HAL_IS_BIT_SET(hadc->State, HAL_ADC_STATE_INJ_BUSY))
 647:Drivers/STM32F4xx_HAL_Driver/Src/stm32f4xx_hal_adc_ex.c ****     {
 648:Drivers/STM32F4xx_HAL_Driver/Src/stm32f4xx_hal_adc_ex.c ****       /* Reset ADC error code fields related to conversions on group regular */
 649:Drivers/STM32F4xx_HAL_Driver/Src/stm32f4xx_hal_adc_ex.c ****       CLEAR_BIT(hadc->ErrorCode, (HAL_ADC_ERROR_OVR | HAL_ADC_ERROR_DMA));         
 650:Drivers/STM32F4xx_HAL_Driver/Src/stm32f4xx_hal_adc_ex.c ****     }
 651:Drivers/STM32F4xx_HAL_Driver/Src/stm32f4xx_hal_adc_ex.c ****     else
 652:Drivers/STM32F4xx_HAL_Driver/Src/stm32f4xx_hal_adc_ex.c ****     {
 653:Drivers/STM32F4xx_HAL_Driver/Src/stm32f4xx_hal_adc_ex.c ****       /* Reset ADC all error code fields */
 654:Drivers/STM32F4xx_HAL_Driver/Src/stm32f4xx_hal_adc_ex.c ****       ADC_CLEAR_ERRORCODE(hadc);
 655:Drivers/STM32F4xx_HAL_Driver/Src/stm32f4xx_hal_adc_ex.c ****     }
 656:Drivers/STM32F4xx_HAL_Driver/Src/stm32f4xx_hal_adc_ex.c ****     
 657:Drivers/STM32F4xx_HAL_Driver/Src/stm32f4xx_hal_adc_ex.c ****     /* Process unlocked */
ARM GAS  /tmp/ccOoZsG0.s 			page 13


 658:Drivers/STM32F4xx_HAL_Driver/Src/stm32f4xx_hal_adc_ex.c ****     /* Unlock before starting ADC conversions: in case of potential           */
 659:Drivers/STM32F4xx_HAL_Driver/Src/stm32f4xx_hal_adc_ex.c ****     /* interruption, to let the process to ADC IRQ Handler.                   */
 660:Drivers/STM32F4xx_HAL_Driver/Src/stm32f4xx_hal_adc_ex.c ****     __HAL_UNLOCK(hadc);
 661:Drivers/STM32F4xx_HAL_Driver/Src/stm32f4xx_hal_adc_ex.c ****     
 662:Drivers/STM32F4xx_HAL_Driver/Src/stm32f4xx_hal_adc_ex.c ****     /* Set the DMA transfer complete callback */
 663:Drivers/STM32F4xx_HAL_Driver/Src/stm32f4xx_hal_adc_ex.c ****     hadc->DMA_Handle->XferCpltCallback = ADC_MultiModeDMAConvCplt;
 664:Drivers/STM32F4xx_HAL_Driver/Src/stm32f4xx_hal_adc_ex.c ****     
 665:Drivers/STM32F4xx_HAL_Driver/Src/stm32f4xx_hal_adc_ex.c ****     /* Set the DMA half transfer complete callback */
 666:Drivers/STM32F4xx_HAL_Driver/Src/stm32f4xx_hal_adc_ex.c ****     hadc->DMA_Handle->XferHalfCpltCallback = ADC_MultiModeDMAHalfConvCplt;
 667:Drivers/STM32F4xx_HAL_Driver/Src/stm32f4xx_hal_adc_ex.c ****     
 668:Drivers/STM32F4xx_HAL_Driver/Src/stm32f4xx_hal_adc_ex.c ****     /* Set the DMA error callback */
 669:Drivers/STM32F4xx_HAL_Driver/Src/stm32f4xx_hal_adc_ex.c ****     hadc->DMA_Handle->XferErrorCallback = ADC_MultiModeDMAError ;
 670:Drivers/STM32F4xx_HAL_Driver/Src/stm32f4xx_hal_adc_ex.c ****     
 671:Drivers/STM32F4xx_HAL_Driver/Src/stm32f4xx_hal_adc_ex.c ****     /* Manage ADC and DMA start: ADC overrun interruption, DMA start, ADC     */
 672:Drivers/STM32F4xx_HAL_Driver/Src/stm32f4xx_hal_adc_ex.c ****     /* start (in case of SW start):                                           */
 673:Drivers/STM32F4xx_HAL_Driver/Src/stm32f4xx_hal_adc_ex.c ****     
 674:Drivers/STM32F4xx_HAL_Driver/Src/stm32f4xx_hal_adc_ex.c ****     /* Clear regular group conversion flag and overrun flag */
 675:Drivers/STM32F4xx_HAL_Driver/Src/stm32f4xx_hal_adc_ex.c ****     /* (To ensure of no unknown state from potential previous ADC operations) */
 676:Drivers/STM32F4xx_HAL_Driver/Src/stm32f4xx_hal_adc_ex.c ****     __HAL_ADC_CLEAR_FLAG(hadc, ADC_FLAG_EOC);
 677:Drivers/STM32F4xx_HAL_Driver/Src/stm32f4xx_hal_adc_ex.c **** 
 678:Drivers/STM32F4xx_HAL_Driver/Src/stm32f4xx_hal_adc_ex.c ****     /* Enable ADC overrun interrupt */
 679:Drivers/STM32F4xx_HAL_Driver/Src/stm32f4xx_hal_adc_ex.c ****     __HAL_ADC_ENABLE_IT(hadc, ADC_IT_OVR);
 680:Drivers/STM32F4xx_HAL_Driver/Src/stm32f4xx_hal_adc_ex.c **** 
 681:Drivers/STM32F4xx_HAL_Driver/Src/stm32f4xx_hal_adc_ex.c ****     /* Pointer to the common control register to which is belonging hadc    */
 682:Drivers/STM32F4xx_HAL_Driver/Src/stm32f4xx_hal_adc_ex.c ****     /* (Depending on STM32F4 product, there may be up to 3 ADC and 1 common */
 683:Drivers/STM32F4xx_HAL_Driver/Src/stm32f4xx_hal_adc_ex.c ****     /* control register)                                                    */
 684:Drivers/STM32F4xx_HAL_Driver/Src/stm32f4xx_hal_adc_ex.c ****     tmpADC_Common = ADC_COMMON_REGISTER(hadc);
 685:Drivers/STM32F4xx_HAL_Driver/Src/stm32f4xx_hal_adc_ex.c **** 
 686:Drivers/STM32F4xx_HAL_Driver/Src/stm32f4xx_hal_adc_ex.c ****     if (hadc->Init.DMAContinuousRequests != DISABLE)
 687:Drivers/STM32F4xx_HAL_Driver/Src/stm32f4xx_hal_adc_ex.c ****     {
 688:Drivers/STM32F4xx_HAL_Driver/Src/stm32f4xx_hal_adc_ex.c ****       /* Enable the selected ADC DMA request after last transfer */
 689:Drivers/STM32F4xx_HAL_Driver/Src/stm32f4xx_hal_adc_ex.c ****       tmpADC_Common->CCR |= ADC_CCR_DDS;
 690:Drivers/STM32F4xx_HAL_Driver/Src/stm32f4xx_hal_adc_ex.c ****     }
 691:Drivers/STM32F4xx_HAL_Driver/Src/stm32f4xx_hal_adc_ex.c ****     else
 692:Drivers/STM32F4xx_HAL_Driver/Src/stm32f4xx_hal_adc_ex.c ****     {
 693:Drivers/STM32F4xx_HAL_Driver/Src/stm32f4xx_hal_adc_ex.c ****       /* Disable the selected ADC EOC rising on each regular channel conversion */
 694:Drivers/STM32F4xx_HAL_Driver/Src/stm32f4xx_hal_adc_ex.c ****       tmpADC_Common->CCR &= ~ADC_CCR_DDS;
 695:Drivers/STM32F4xx_HAL_Driver/Src/stm32f4xx_hal_adc_ex.c ****     }
 696:Drivers/STM32F4xx_HAL_Driver/Src/stm32f4xx_hal_adc_ex.c ****     
 697:Drivers/STM32F4xx_HAL_Driver/Src/stm32f4xx_hal_adc_ex.c ****     /* Enable the DMA Stream */
 698:Drivers/STM32F4xx_HAL_Driver/Src/stm32f4xx_hal_adc_ex.c ****     HAL_DMA_Start_IT(hadc->DMA_Handle, (uint32_t)&tmpADC_Common->CDR, (uint32_t)pData, Length);
 699:Drivers/STM32F4xx_HAL_Driver/Src/stm32f4xx_hal_adc_ex.c ****     
 700:Drivers/STM32F4xx_HAL_Driver/Src/stm32f4xx_hal_adc_ex.c ****     /* if no external trigger present enable software conversion of regular channels */
 701:Drivers/STM32F4xx_HAL_Driver/Src/stm32f4xx_hal_adc_ex.c ****     if((hadc->Instance->CR2 & ADC_CR2_EXTEN) == RESET) 
 702:Drivers/STM32F4xx_HAL_Driver/Src/stm32f4xx_hal_adc_ex.c ****     {
 703:Drivers/STM32F4xx_HAL_Driver/Src/stm32f4xx_hal_adc_ex.c ****       /* Enable the selected ADC software conversion for regular group */
 704:Drivers/STM32F4xx_HAL_Driver/Src/stm32f4xx_hal_adc_ex.c ****       hadc->Instance->CR2 |= (uint32_t)ADC_CR2_SWSTART;
 705:Drivers/STM32F4xx_HAL_Driver/Src/stm32f4xx_hal_adc_ex.c ****     }
 706:Drivers/STM32F4xx_HAL_Driver/Src/stm32f4xx_hal_adc_ex.c ****   }
 707:Drivers/STM32F4xx_HAL_Driver/Src/stm32f4xx_hal_adc_ex.c ****   else
 708:Drivers/STM32F4xx_HAL_Driver/Src/stm32f4xx_hal_adc_ex.c ****   {
 709:Drivers/STM32F4xx_HAL_Driver/Src/stm32f4xx_hal_adc_ex.c ****     /* Update ADC state machine to error */
 710:Drivers/STM32F4xx_HAL_Driver/Src/stm32f4xx_hal_adc_ex.c ****     SET_BIT(hadc->State, HAL_ADC_STATE_ERROR_INTERNAL);
 711:Drivers/STM32F4xx_HAL_Driver/Src/stm32f4xx_hal_adc_ex.c **** 
 712:Drivers/STM32F4xx_HAL_Driver/Src/stm32f4xx_hal_adc_ex.c ****     /* Set ADC error code to ADC IP internal error */
 713:Drivers/STM32F4xx_HAL_Driver/Src/stm32f4xx_hal_adc_ex.c ****     SET_BIT(hadc->ErrorCode, HAL_ADC_ERROR_INTERNAL);
 714:Drivers/STM32F4xx_HAL_Driver/Src/stm32f4xx_hal_adc_ex.c ****   }
ARM GAS  /tmp/ccOoZsG0.s 			page 14


 715:Drivers/STM32F4xx_HAL_Driver/Src/stm32f4xx_hal_adc_ex.c ****   
 716:Drivers/STM32F4xx_HAL_Driver/Src/stm32f4xx_hal_adc_ex.c ****   /* Return function status */
 717:Drivers/STM32F4xx_HAL_Driver/Src/stm32f4xx_hal_adc_ex.c ****   return HAL_OK;
 718:Drivers/STM32F4xx_HAL_Driver/Src/stm32f4xx_hal_adc_ex.c **** }
 719:Drivers/STM32F4xx_HAL_Driver/Src/stm32f4xx_hal_adc_ex.c **** 
 720:Drivers/STM32F4xx_HAL_Driver/Src/stm32f4xx_hal_adc_ex.c **** /**
 721:Drivers/STM32F4xx_HAL_Driver/Src/stm32f4xx_hal_adc_ex.c ****   * @brief  Disables ADC DMA (multi-ADC mode) and disables ADC peripheral    
 722:Drivers/STM32F4xx_HAL_Driver/Src/stm32f4xx_hal_adc_ex.c ****   * @param  hadc pointer to a ADC_HandleTypeDef structure that contains
 723:Drivers/STM32F4xx_HAL_Driver/Src/stm32f4xx_hal_adc_ex.c ****   *         the configuration information for the specified ADC.
 724:Drivers/STM32F4xx_HAL_Driver/Src/stm32f4xx_hal_adc_ex.c ****   * @retval HAL status
 725:Drivers/STM32F4xx_HAL_Driver/Src/stm32f4xx_hal_adc_ex.c ****   */
 726:Drivers/STM32F4xx_HAL_Driver/Src/stm32f4xx_hal_adc_ex.c **** HAL_StatusTypeDef HAL_ADCEx_MultiModeStop_DMA(ADC_HandleTypeDef* hadc)
 727:Drivers/STM32F4xx_HAL_Driver/Src/stm32f4xx_hal_adc_ex.c **** {
 728:Drivers/STM32F4xx_HAL_Driver/Src/stm32f4xx_hal_adc_ex.c ****   HAL_StatusTypeDef tmp_hal_status = HAL_OK;
 729:Drivers/STM32F4xx_HAL_Driver/Src/stm32f4xx_hal_adc_ex.c ****   ADC_Common_TypeDef *tmpADC_Common;
 730:Drivers/STM32F4xx_HAL_Driver/Src/stm32f4xx_hal_adc_ex.c ****   
 731:Drivers/STM32F4xx_HAL_Driver/Src/stm32f4xx_hal_adc_ex.c ****   /* Check the parameters */
 732:Drivers/STM32F4xx_HAL_Driver/Src/stm32f4xx_hal_adc_ex.c ****   assert_param(IS_ADC_ALL_INSTANCE(hadc->Instance));
 733:Drivers/STM32F4xx_HAL_Driver/Src/stm32f4xx_hal_adc_ex.c ****   
 734:Drivers/STM32F4xx_HAL_Driver/Src/stm32f4xx_hal_adc_ex.c ****   /* Process locked */
 735:Drivers/STM32F4xx_HAL_Driver/Src/stm32f4xx_hal_adc_ex.c ****   __HAL_LOCK(hadc);
 736:Drivers/STM32F4xx_HAL_Driver/Src/stm32f4xx_hal_adc_ex.c ****   
 737:Drivers/STM32F4xx_HAL_Driver/Src/stm32f4xx_hal_adc_ex.c ****   /* Stop potential conversion on going, on regular and injected groups */
 738:Drivers/STM32F4xx_HAL_Driver/Src/stm32f4xx_hal_adc_ex.c ****   /* Disable ADC peripheral */
 739:Drivers/STM32F4xx_HAL_Driver/Src/stm32f4xx_hal_adc_ex.c ****   __HAL_ADC_DISABLE(hadc);
 740:Drivers/STM32F4xx_HAL_Driver/Src/stm32f4xx_hal_adc_ex.c **** 
 741:Drivers/STM32F4xx_HAL_Driver/Src/stm32f4xx_hal_adc_ex.c ****   /* Pointer to the common control register to which is belonging hadc    */
 742:Drivers/STM32F4xx_HAL_Driver/Src/stm32f4xx_hal_adc_ex.c ****   /* (Depending on STM32F4 product, there may be up to 3 ADC and 1 common */
 743:Drivers/STM32F4xx_HAL_Driver/Src/stm32f4xx_hal_adc_ex.c ****   /* control register)                                                    */
 744:Drivers/STM32F4xx_HAL_Driver/Src/stm32f4xx_hal_adc_ex.c ****   tmpADC_Common = ADC_COMMON_REGISTER(hadc);
 745:Drivers/STM32F4xx_HAL_Driver/Src/stm32f4xx_hal_adc_ex.c **** 
 746:Drivers/STM32F4xx_HAL_Driver/Src/stm32f4xx_hal_adc_ex.c ****   /* Check if ADC is effectively disabled */
 747:Drivers/STM32F4xx_HAL_Driver/Src/stm32f4xx_hal_adc_ex.c ****   if(HAL_IS_BIT_CLR(hadc->Instance->CR2, ADC_CR2_ADON))
 748:Drivers/STM32F4xx_HAL_Driver/Src/stm32f4xx_hal_adc_ex.c ****   {
 749:Drivers/STM32F4xx_HAL_Driver/Src/stm32f4xx_hal_adc_ex.c ****     /* Disable the selected ADC DMA mode for multimode */
 750:Drivers/STM32F4xx_HAL_Driver/Src/stm32f4xx_hal_adc_ex.c ****     tmpADC_Common->CCR &= ~ADC_CCR_DDS;
 751:Drivers/STM32F4xx_HAL_Driver/Src/stm32f4xx_hal_adc_ex.c ****     
 752:Drivers/STM32F4xx_HAL_Driver/Src/stm32f4xx_hal_adc_ex.c ****     /* Disable the DMA channel (in case of DMA in circular mode or stop while */
 753:Drivers/STM32F4xx_HAL_Driver/Src/stm32f4xx_hal_adc_ex.c ****     /* DMA transfer is on going)                                              */
 754:Drivers/STM32F4xx_HAL_Driver/Src/stm32f4xx_hal_adc_ex.c ****     tmp_hal_status = HAL_DMA_Abort(hadc->DMA_Handle);
 755:Drivers/STM32F4xx_HAL_Driver/Src/stm32f4xx_hal_adc_ex.c ****     
 756:Drivers/STM32F4xx_HAL_Driver/Src/stm32f4xx_hal_adc_ex.c ****     /* Disable ADC overrun interrupt */
 757:Drivers/STM32F4xx_HAL_Driver/Src/stm32f4xx_hal_adc_ex.c ****     __HAL_ADC_DISABLE_IT(hadc, ADC_IT_OVR);
 758:Drivers/STM32F4xx_HAL_Driver/Src/stm32f4xx_hal_adc_ex.c ****     
 759:Drivers/STM32F4xx_HAL_Driver/Src/stm32f4xx_hal_adc_ex.c ****     /* Set ADC state */
 760:Drivers/STM32F4xx_HAL_Driver/Src/stm32f4xx_hal_adc_ex.c ****     ADC_STATE_CLR_SET(hadc->State,
 761:Drivers/STM32F4xx_HAL_Driver/Src/stm32f4xx_hal_adc_ex.c ****                       HAL_ADC_STATE_REG_BUSY | HAL_ADC_STATE_INJ_BUSY,
 762:Drivers/STM32F4xx_HAL_Driver/Src/stm32f4xx_hal_adc_ex.c ****                       HAL_ADC_STATE_READY);
 763:Drivers/STM32F4xx_HAL_Driver/Src/stm32f4xx_hal_adc_ex.c ****   }
 764:Drivers/STM32F4xx_HAL_Driver/Src/stm32f4xx_hal_adc_ex.c ****   
 765:Drivers/STM32F4xx_HAL_Driver/Src/stm32f4xx_hal_adc_ex.c ****   /* Process unlocked */
 766:Drivers/STM32F4xx_HAL_Driver/Src/stm32f4xx_hal_adc_ex.c ****   __HAL_UNLOCK(hadc);
 767:Drivers/STM32F4xx_HAL_Driver/Src/stm32f4xx_hal_adc_ex.c ****   
 768:Drivers/STM32F4xx_HAL_Driver/Src/stm32f4xx_hal_adc_ex.c ****   /* Return function status */
 769:Drivers/STM32F4xx_HAL_Driver/Src/stm32f4xx_hal_adc_ex.c ****   return tmp_hal_status;
 770:Drivers/STM32F4xx_HAL_Driver/Src/stm32f4xx_hal_adc_ex.c **** }
 771:Drivers/STM32F4xx_HAL_Driver/Src/stm32f4xx_hal_adc_ex.c **** 
ARM GAS  /tmp/ccOoZsG0.s 			page 15


 772:Drivers/STM32F4xx_HAL_Driver/Src/stm32f4xx_hal_adc_ex.c **** /**
 773:Drivers/STM32F4xx_HAL_Driver/Src/stm32f4xx_hal_adc_ex.c ****   * @brief  Returns the last ADC1, ADC2 and ADC3 regular conversions results 
 774:Drivers/STM32F4xx_HAL_Driver/Src/stm32f4xx_hal_adc_ex.c ****   *         data in the selected multi mode.
 775:Drivers/STM32F4xx_HAL_Driver/Src/stm32f4xx_hal_adc_ex.c ****   * @param  hadc pointer to a ADC_HandleTypeDef structure that contains
 776:Drivers/STM32F4xx_HAL_Driver/Src/stm32f4xx_hal_adc_ex.c ****   *         the configuration information for the specified ADC.
 777:Drivers/STM32F4xx_HAL_Driver/Src/stm32f4xx_hal_adc_ex.c ****   * @retval The converted data value.
 778:Drivers/STM32F4xx_HAL_Driver/Src/stm32f4xx_hal_adc_ex.c ****   */
 779:Drivers/STM32F4xx_HAL_Driver/Src/stm32f4xx_hal_adc_ex.c **** uint32_t HAL_ADCEx_MultiModeGetValue(ADC_HandleTypeDef* hadc)
 780:Drivers/STM32F4xx_HAL_Driver/Src/stm32f4xx_hal_adc_ex.c **** {
 781:Drivers/STM32F4xx_HAL_Driver/Src/stm32f4xx_hal_adc_ex.c ****   ADC_Common_TypeDef *tmpADC_Common;
 782:Drivers/STM32F4xx_HAL_Driver/Src/stm32f4xx_hal_adc_ex.c **** 
 783:Drivers/STM32F4xx_HAL_Driver/Src/stm32f4xx_hal_adc_ex.c ****   /* Pointer to the common control register to which is belonging hadc    */
 784:Drivers/STM32F4xx_HAL_Driver/Src/stm32f4xx_hal_adc_ex.c ****   /* (Depending on STM32F4 product, there may be up to 3 ADC and 1 common */
 785:Drivers/STM32F4xx_HAL_Driver/Src/stm32f4xx_hal_adc_ex.c ****   /* control register)                                                    */
 786:Drivers/STM32F4xx_HAL_Driver/Src/stm32f4xx_hal_adc_ex.c ****   tmpADC_Common = ADC_COMMON_REGISTER(hadc);
 787:Drivers/STM32F4xx_HAL_Driver/Src/stm32f4xx_hal_adc_ex.c **** 
 788:Drivers/STM32F4xx_HAL_Driver/Src/stm32f4xx_hal_adc_ex.c ****   /* Return the multi mode conversion value */
 789:Drivers/STM32F4xx_HAL_Driver/Src/stm32f4xx_hal_adc_ex.c ****   return tmpADC_Common->CDR;
 790:Drivers/STM32F4xx_HAL_Driver/Src/stm32f4xx_hal_adc_ex.c **** }
 791:Drivers/STM32F4xx_HAL_Driver/Src/stm32f4xx_hal_adc_ex.c **** 
 792:Drivers/STM32F4xx_HAL_Driver/Src/stm32f4xx_hal_adc_ex.c **** /**
 793:Drivers/STM32F4xx_HAL_Driver/Src/stm32f4xx_hal_adc_ex.c ****   * @brief  Injected conversion complete callback in non blocking mode 
 794:Drivers/STM32F4xx_HAL_Driver/Src/stm32f4xx_hal_adc_ex.c ****   * @param  hadc pointer to a ADC_HandleTypeDef structure that contains
 795:Drivers/STM32F4xx_HAL_Driver/Src/stm32f4xx_hal_adc_ex.c ****   *         the configuration information for the specified ADC.
 796:Drivers/STM32F4xx_HAL_Driver/Src/stm32f4xx_hal_adc_ex.c ****   * @retval None
 797:Drivers/STM32F4xx_HAL_Driver/Src/stm32f4xx_hal_adc_ex.c ****   */
 798:Drivers/STM32F4xx_HAL_Driver/Src/stm32f4xx_hal_adc_ex.c **** __weak void HAL_ADCEx_InjectedConvCpltCallback(ADC_HandleTypeDef* hadc)
 799:Drivers/STM32F4xx_HAL_Driver/Src/stm32f4xx_hal_adc_ex.c **** {
 800:Drivers/STM32F4xx_HAL_Driver/Src/stm32f4xx_hal_adc_ex.c ****   /* Prevent unused argument(s) compilation warning */
 801:Drivers/STM32F4xx_HAL_Driver/Src/stm32f4xx_hal_adc_ex.c ****   UNUSED(hadc);
 802:Drivers/STM32F4xx_HAL_Driver/Src/stm32f4xx_hal_adc_ex.c ****   /* NOTE : This function Should not be modified, when the callback is needed,
 803:Drivers/STM32F4xx_HAL_Driver/Src/stm32f4xx_hal_adc_ex.c ****             the HAL_ADC_InjectedConvCpltCallback could be implemented in the user file
 804:Drivers/STM32F4xx_HAL_Driver/Src/stm32f4xx_hal_adc_ex.c ****    */
 805:Drivers/STM32F4xx_HAL_Driver/Src/stm32f4xx_hal_adc_ex.c **** }
 806:Drivers/STM32F4xx_HAL_Driver/Src/stm32f4xx_hal_adc_ex.c **** 
 807:Drivers/STM32F4xx_HAL_Driver/Src/stm32f4xx_hal_adc_ex.c **** /**
 808:Drivers/STM32F4xx_HAL_Driver/Src/stm32f4xx_hal_adc_ex.c ****   * @brief  Configures for the selected ADC injected channel its corresponding
 809:Drivers/STM32F4xx_HAL_Driver/Src/stm32f4xx_hal_adc_ex.c ****   *         rank in the sequencer and its sample time.
 810:Drivers/STM32F4xx_HAL_Driver/Src/stm32f4xx_hal_adc_ex.c ****   * @param  hadc pointer to a ADC_HandleTypeDef structure that contains
 811:Drivers/STM32F4xx_HAL_Driver/Src/stm32f4xx_hal_adc_ex.c ****   *         the configuration information for the specified ADC.
 812:Drivers/STM32F4xx_HAL_Driver/Src/stm32f4xx_hal_adc_ex.c ****   * @param  sConfigInjected ADC configuration structure for injected channel. 
 813:Drivers/STM32F4xx_HAL_Driver/Src/stm32f4xx_hal_adc_ex.c ****   * @retval None
 814:Drivers/STM32F4xx_HAL_Driver/Src/stm32f4xx_hal_adc_ex.c ****   */
 815:Drivers/STM32F4xx_HAL_Driver/Src/stm32f4xx_hal_adc_ex.c **** HAL_StatusTypeDef HAL_ADCEx_InjectedConfigChannel(ADC_HandleTypeDef* hadc, ADC_InjectionConfTypeDef
 816:Drivers/STM32F4xx_HAL_Driver/Src/stm32f4xx_hal_adc_ex.c **** {
 817:Drivers/STM32F4xx_HAL_Driver/Src/stm32f4xx_hal_adc_ex.c ****   
 818:Drivers/STM32F4xx_HAL_Driver/Src/stm32f4xx_hal_adc_ex.c **** #ifdef USE_FULL_ASSERT  
 819:Drivers/STM32F4xx_HAL_Driver/Src/stm32f4xx_hal_adc_ex.c ****   uint32_t tmp = 0U;
 820:Drivers/STM32F4xx_HAL_Driver/Src/stm32f4xx_hal_adc_ex.c ****   
 821:Drivers/STM32F4xx_HAL_Driver/Src/stm32f4xx_hal_adc_ex.c **** #endif /* USE_FULL_ASSERT  */
 822:Drivers/STM32F4xx_HAL_Driver/Src/stm32f4xx_hal_adc_ex.c **** 
 823:Drivers/STM32F4xx_HAL_Driver/Src/stm32f4xx_hal_adc_ex.c ****   ADC_Common_TypeDef *tmpADC_Common;
 824:Drivers/STM32F4xx_HAL_Driver/Src/stm32f4xx_hal_adc_ex.c **** 
 825:Drivers/STM32F4xx_HAL_Driver/Src/stm32f4xx_hal_adc_ex.c ****   /* Check the parameters */
 826:Drivers/STM32F4xx_HAL_Driver/Src/stm32f4xx_hal_adc_ex.c ****   assert_param(IS_ADC_CHANNEL(sConfigInjected->InjectedChannel));
 827:Drivers/STM32F4xx_HAL_Driver/Src/stm32f4xx_hal_adc_ex.c ****   assert_param(IS_ADC_INJECTED_RANK(sConfigInjected->InjectedRank));
 828:Drivers/STM32F4xx_HAL_Driver/Src/stm32f4xx_hal_adc_ex.c ****   assert_param(IS_ADC_SAMPLE_TIME(sConfigInjected->InjectedSamplingTime));
ARM GAS  /tmp/ccOoZsG0.s 			page 16


 829:Drivers/STM32F4xx_HAL_Driver/Src/stm32f4xx_hal_adc_ex.c ****   assert_param(IS_ADC_EXT_INJEC_TRIG(sConfigInjected->ExternalTrigInjecConv));
 830:Drivers/STM32F4xx_HAL_Driver/Src/stm32f4xx_hal_adc_ex.c ****   assert_param(IS_ADC_INJECTED_LENGTH(sConfigInjected->InjectedNbrOfConversion));
 831:Drivers/STM32F4xx_HAL_Driver/Src/stm32f4xx_hal_adc_ex.c ****   assert_param(IS_FUNCTIONAL_STATE(sConfigInjected->AutoInjectedConv));
 832:Drivers/STM32F4xx_HAL_Driver/Src/stm32f4xx_hal_adc_ex.c ****   assert_param(IS_FUNCTIONAL_STATE(sConfigInjected->InjectedDiscontinuousConvMode));
 833:Drivers/STM32F4xx_HAL_Driver/Src/stm32f4xx_hal_adc_ex.c **** 
 834:Drivers/STM32F4xx_HAL_Driver/Src/stm32f4xx_hal_adc_ex.c **** #ifdef USE_FULL_ASSERT
 835:Drivers/STM32F4xx_HAL_Driver/Src/stm32f4xx_hal_adc_ex.c ****   tmp = ADC_GET_RESOLUTION(hadc);
 836:Drivers/STM32F4xx_HAL_Driver/Src/stm32f4xx_hal_adc_ex.c ****   assert_param(IS_ADC_RANGE(tmp, sConfigInjected->InjectedOffset));
 837:Drivers/STM32F4xx_HAL_Driver/Src/stm32f4xx_hal_adc_ex.c **** #endif /* USE_FULL_ASSERT  */
 838:Drivers/STM32F4xx_HAL_Driver/Src/stm32f4xx_hal_adc_ex.c **** 
 839:Drivers/STM32F4xx_HAL_Driver/Src/stm32f4xx_hal_adc_ex.c ****   if(sConfigInjected->ExternalTrigInjecConv != ADC_INJECTED_SOFTWARE_START)
 840:Drivers/STM32F4xx_HAL_Driver/Src/stm32f4xx_hal_adc_ex.c ****   {
 841:Drivers/STM32F4xx_HAL_Driver/Src/stm32f4xx_hal_adc_ex.c ****     assert_param(IS_ADC_EXT_INJEC_TRIG_EDGE(sConfigInjected->ExternalTrigInjecConvEdge));
 842:Drivers/STM32F4xx_HAL_Driver/Src/stm32f4xx_hal_adc_ex.c ****   }
 843:Drivers/STM32F4xx_HAL_Driver/Src/stm32f4xx_hal_adc_ex.c **** 
 844:Drivers/STM32F4xx_HAL_Driver/Src/stm32f4xx_hal_adc_ex.c ****   /* Process locked */
 845:Drivers/STM32F4xx_HAL_Driver/Src/stm32f4xx_hal_adc_ex.c ****   __HAL_LOCK(hadc);
 846:Drivers/STM32F4xx_HAL_Driver/Src/stm32f4xx_hal_adc_ex.c ****   
 847:Drivers/STM32F4xx_HAL_Driver/Src/stm32f4xx_hal_adc_ex.c ****   /* if ADC_Channel_10 ... ADC_Channel_18 is selected */
 848:Drivers/STM32F4xx_HAL_Driver/Src/stm32f4xx_hal_adc_ex.c ****   if (sConfigInjected->InjectedChannel > ADC_CHANNEL_9)
 849:Drivers/STM32F4xx_HAL_Driver/Src/stm32f4xx_hal_adc_ex.c ****   {
 850:Drivers/STM32F4xx_HAL_Driver/Src/stm32f4xx_hal_adc_ex.c ****     /* Clear the old sample time */
 851:Drivers/STM32F4xx_HAL_Driver/Src/stm32f4xx_hal_adc_ex.c ****     hadc->Instance->SMPR1 &= ~ADC_SMPR1(ADC_SMPR1_SMP10, sConfigInjected->InjectedChannel);
 852:Drivers/STM32F4xx_HAL_Driver/Src/stm32f4xx_hal_adc_ex.c ****     
 853:Drivers/STM32F4xx_HAL_Driver/Src/stm32f4xx_hal_adc_ex.c ****     /* Set the new sample time */
 854:Drivers/STM32F4xx_HAL_Driver/Src/stm32f4xx_hal_adc_ex.c ****     hadc->Instance->SMPR1 |= ADC_SMPR1(sConfigInjected->InjectedSamplingTime, sConfigInjected->Inje
 855:Drivers/STM32F4xx_HAL_Driver/Src/stm32f4xx_hal_adc_ex.c ****   }
 856:Drivers/STM32F4xx_HAL_Driver/Src/stm32f4xx_hal_adc_ex.c ****   else /* ADC_Channel include in ADC_Channel_[0..9] */
 857:Drivers/STM32F4xx_HAL_Driver/Src/stm32f4xx_hal_adc_ex.c ****   {
 858:Drivers/STM32F4xx_HAL_Driver/Src/stm32f4xx_hal_adc_ex.c ****     /* Clear the old sample time */
 859:Drivers/STM32F4xx_HAL_Driver/Src/stm32f4xx_hal_adc_ex.c ****     hadc->Instance->SMPR2 &= ~ADC_SMPR2(ADC_SMPR2_SMP0, sConfigInjected->InjectedChannel);
 860:Drivers/STM32F4xx_HAL_Driver/Src/stm32f4xx_hal_adc_ex.c ****     
 861:Drivers/STM32F4xx_HAL_Driver/Src/stm32f4xx_hal_adc_ex.c ****     /* Set the new sample time */
 862:Drivers/STM32F4xx_HAL_Driver/Src/stm32f4xx_hal_adc_ex.c ****     hadc->Instance->SMPR2 |= ADC_SMPR2(sConfigInjected->InjectedSamplingTime, sConfigInjected->Inje
 863:Drivers/STM32F4xx_HAL_Driver/Src/stm32f4xx_hal_adc_ex.c ****   }
 864:Drivers/STM32F4xx_HAL_Driver/Src/stm32f4xx_hal_adc_ex.c ****   
 865:Drivers/STM32F4xx_HAL_Driver/Src/stm32f4xx_hal_adc_ex.c ****   /*---------------------------- ADCx JSQR Configuration -----------------*/
 866:Drivers/STM32F4xx_HAL_Driver/Src/stm32f4xx_hal_adc_ex.c ****   hadc->Instance->JSQR &= ~(ADC_JSQR_JL);
 867:Drivers/STM32F4xx_HAL_Driver/Src/stm32f4xx_hal_adc_ex.c ****   hadc->Instance->JSQR |=  ADC_SQR1(sConfigInjected->InjectedNbrOfConversion);
 868:Drivers/STM32F4xx_HAL_Driver/Src/stm32f4xx_hal_adc_ex.c ****   
 869:Drivers/STM32F4xx_HAL_Driver/Src/stm32f4xx_hal_adc_ex.c ****   /* Rank configuration */
 870:Drivers/STM32F4xx_HAL_Driver/Src/stm32f4xx_hal_adc_ex.c ****   
 871:Drivers/STM32F4xx_HAL_Driver/Src/stm32f4xx_hal_adc_ex.c ****   /* Clear the old SQx bits for the selected rank */
 872:Drivers/STM32F4xx_HAL_Driver/Src/stm32f4xx_hal_adc_ex.c ****   hadc->Instance->JSQR &= ~ADC_JSQR(ADC_JSQR_JSQ1, sConfigInjected->InjectedRank,sConfigInjected->I
 873:Drivers/STM32F4xx_HAL_Driver/Src/stm32f4xx_hal_adc_ex.c ****    
 874:Drivers/STM32F4xx_HAL_Driver/Src/stm32f4xx_hal_adc_ex.c ****   /* Set the SQx bits for the selected rank */
 875:Drivers/STM32F4xx_HAL_Driver/Src/stm32f4xx_hal_adc_ex.c ****   hadc->Instance->JSQR |= ADC_JSQR(sConfigInjected->InjectedChannel, sConfigInjected->InjectedRank,
 876:Drivers/STM32F4xx_HAL_Driver/Src/stm32f4xx_hal_adc_ex.c **** 
 877:Drivers/STM32F4xx_HAL_Driver/Src/stm32f4xx_hal_adc_ex.c ****   /* Enable external trigger if trigger selection is different of software  */
 878:Drivers/STM32F4xx_HAL_Driver/Src/stm32f4xx_hal_adc_ex.c ****   /* start.                                                                 */
 879:Drivers/STM32F4xx_HAL_Driver/Src/stm32f4xx_hal_adc_ex.c ****   /* Note: This configuration keeps the hardware feature of parameter       */
 880:Drivers/STM32F4xx_HAL_Driver/Src/stm32f4xx_hal_adc_ex.c ****   /*       ExternalTrigConvEdge "trigger edge none" equivalent to           */
 881:Drivers/STM32F4xx_HAL_Driver/Src/stm32f4xx_hal_adc_ex.c ****   /*       software start.                                                  */ 
 882:Drivers/STM32F4xx_HAL_Driver/Src/stm32f4xx_hal_adc_ex.c ****   if(sConfigInjected->ExternalTrigInjecConv != ADC_INJECTED_SOFTWARE_START)
 883:Drivers/STM32F4xx_HAL_Driver/Src/stm32f4xx_hal_adc_ex.c ****   {  
 884:Drivers/STM32F4xx_HAL_Driver/Src/stm32f4xx_hal_adc_ex.c ****     /* Select external trigger to start conversion */
 885:Drivers/STM32F4xx_HAL_Driver/Src/stm32f4xx_hal_adc_ex.c ****     hadc->Instance->CR2 &= ~(ADC_CR2_JEXTSEL);
ARM GAS  /tmp/ccOoZsG0.s 			page 17


 886:Drivers/STM32F4xx_HAL_Driver/Src/stm32f4xx_hal_adc_ex.c ****     hadc->Instance->CR2 |=  sConfigInjected->ExternalTrigInjecConv;
 887:Drivers/STM32F4xx_HAL_Driver/Src/stm32f4xx_hal_adc_ex.c ****     
 888:Drivers/STM32F4xx_HAL_Driver/Src/stm32f4xx_hal_adc_ex.c ****     /* Select external trigger polarity */
 889:Drivers/STM32F4xx_HAL_Driver/Src/stm32f4xx_hal_adc_ex.c ****     hadc->Instance->CR2 &= ~(ADC_CR2_JEXTEN);
 890:Drivers/STM32F4xx_HAL_Driver/Src/stm32f4xx_hal_adc_ex.c ****     hadc->Instance->CR2 |= sConfigInjected->ExternalTrigInjecConvEdge;
 891:Drivers/STM32F4xx_HAL_Driver/Src/stm32f4xx_hal_adc_ex.c ****   }
 892:Drivers/STM32F4xx_HAL_Driver/Src/stm32f4xx_hal_adc_ex.c ****   else
 893:Drivers/STM32F4xx_HAL_Driver/Src/stm32f4xx_hal_adc_ex.c ****   {
 894:Drivers/STM32F4xx_HAL_Driver/Src/stm32f4xx_hal_adc_ex.c ****     /* Reset the external trigger */
 895:Drivers/STM32F4xx_HAL_Driver/Src/stm32f4xx_hal_adc_ex.c ****     hadc->Instance->CR2 &= ~(ADC_CR2_JEXTSEL);
 896:Drivers/STM32F4xx_HAL_Driver/Src/stm32f4xx_hal_adc_ex.c ****     hadc->Instance->CR2 &= ~(ADC_CR2_JEXTEN);  
 897:Drivers/STM32F4xx_HAL_Driver/Src/stm32f4xx_hal_adc_ex.c ****   }
 898:Drivers/STM32F4xx_HAL_Driver/Src/stm32f4xx_hal_adc_ex.c ****   
 899:Drivers/STM32F4xx_HAL_Driver/Src/stm32f4xx_hal_adc_ex.c ****   if (sConfigInjected->AutoInjectedConv != DISABLE)
 900:Drivers/STM32F4xx_HAL_Driver/Src/stm32f4xx_hal_adc_ex.c ****   {
 901:Drivers/STM32F4xx_HAL_Driver/Src/stm32f4xx_hal_adc_ex.c ****     /* Enable the selected ADC automatic injected group conversion */
 902:Drivers/STM32F4xx_HAL_Driver/Src/stm32f4xx_hal_adc_ex.c ****     hadc->Instance->CR1 |= ADC_CR1_JAUTO;
 903:Drivers/STM32F4xx_HAL_Driver/Src/stm32f4xx_hal_adc_ex.c ****   }
 904:Drivers/STM32F4xx_HAL_Driver/Src/stm32f4xx_hal_adc_ex.c ****   else
 905:Drivers/STM32F4xx_HAL_Driver/Src/stm32f4xx_hal_adc_ex.c ****   {
 906:Drivers/STM32F4xx_HAL_Driver/Src/stm32f4xx_hal_adc_ex.c ****     /* Disable the selected ADC automatic injected group conversion */
 907:Drivers/STM32F4xx_HAL_Driver/Src/stm32f4xx_hal_adc_ex.c ****     hadc->Instance->CR1 &= ~(ADC_CR1_JAUTO);
 908:Drivers/STM32F4xx_HAL_Driver/Src/stm32f4xx_hal_adc_ex.c ****   }
 909:Drivers/STM32F4xx_HAL_Driver/Src/stm32f4xx_hal_adc_ex.c ****   
 910:Drivers/STM32F4xx_HAL_Driver/Src/stm32f4xx_hal_adc_ex.c ****   if (sConfigInjected->InjectedDiscontinuousConvMode != DISABLE)
 911:Drivers/STM32F4xx_HAL_Driver/Src/stm32f4xx_hal_adc_ex.c ****   {
 912:Drivers/STM32F4xx_HAL_Driver/Src/stm32f4xx_hal_adc_ex.c ****     /* Enable the selected ADC injected discontinuous mode */
 913:Drivers/STM32F4xx_HAL_Driver/Src/stm32f4xx_hal_adc_ex.c ****     hadc->Instance->CR1 |= ADC_CR1_JDISCEN;
 914:Drivers/STM32F4xx_HAL_Driver/Src/stm32f4xx_hal_adc_ex.c ****   }
 915:Drivers/STM32F4xx_HAL_Driver/Src/stm32f4xx_hal_adc_ex.c ****   else
 916:Drivers/STM32F4xx_HAL_Driver/Src/stm32f4xx_hal_adc_ex.c ****   {
 917:Drivers/STM32F4xx_HAL_Driver/Src/stm32f4xx_hal_adc_ex.c ****     /* Disable the selected ADC injected discontinuous mode */
 918:Drivers/STM32F4xx_HAL_Driver/Src/stm32f4xx_hal_adc_ex.c ****     hadc->Instance->CR1 &= ~(ADC_CR1_JDISCEN);
 919:Drivers/STM32F4xx_HAL_Driver/Src/stm32f4xx_hal_adc_ex.c ****   }
 920:Drivers/STM32F4xx_HAL_Driver/Src/stm32f4xx_hal_adc_ex.c ****   
 921:Drivers/STM32F4xx_HAL_Driver/Src/stm32f4xx_hal_adc_ex.c ****   switch(sConfigInjected->InjectedRank)
 922:Drivers/STM32F4xx_HAL_Driver/Src/stm32f4xx_hal_adc_ex.c ****   {
 923:Drivers/STM32F4xx_HAL_Driver/Src/stm32f4xx_hal_adc_ex.c ****     case 1U:
 924:Drivers/STM32F4xx_HAL_Driver/Src/stm32f4xx_hal_adc_ex.c ****       /* Set injected channel 1 offset */
 925:Drivers/STM32F4xx_HAL_Driver/Src/stm32f4xx_hal_adc_ex.c ****       hadc->Instance->JOFR1 &= ~(ADC_JOFR1_JOFFSET1);
 926:Drivers/STM32F4xx_HAL_Driver/Src/stm32f4xx_hal_adc_ex.c ****       hadc->Instance->JOFR1 |= sConfigInjected->InjectedOffset;
 927:Drivers/STM32F4xx_HAL_Driver/Src/stm32f4xx_hal_adc_ex.c ****       break;
 928:Drivers/STM32F4xx_HAL_Driver/Src/stm32f4xx_hal_adc_ex.c ****     case 2U:
 929:Drivers/STM32F4xx_HAL_Driver/Src/stm32f4xx_hal_adc_ex.c ****       /* Set injected channel 2 offset */
 930:Drivers/STM32F4xx_HAL_Driver/Src/stm32f4xx_hal_adc_ex.c ****       hadc->Instance->JOFR2 &= ~(ADC_JOFR2_JOFFSET2);
 931:Drivers/STM32F4xx_HAL_Driver/Src/stm32f4xx_hal_adc_ex.c ****       hadc->Instance->JOFR2 |= sConfigInjected->InjectedOffset;
 932:Drivers/STM32F4xx_HAL_Driver/Src/stm32f4xx_hal_adc_ex.c ****       break;
 933:Drivers/STM32F4xx_HAL_Driver/Src/stm32f4xx_hal_adc_ex.c ****     case 3U:
 934:Drivers/STM32F4xx_HAL_Driver/Src/stm32f4xx_hal_adc_ex.c ****       /* Set injected channel 3 offset */
 935:Drivers/STM32F4xx_HAL_Driver/Src/stm32f4xx_hal_adc_ex.c ****       hadc->Instance->JOFR3 &= ~(ADC_JOFR3_JOFFSET3);
 936:Drivers/STM32F4xx_HAL_Driver/Src/stm32f4xx_hal_adc_ex.c ****       hadc->Instance->JOFR3 |= sConfigInjected->InjectedOffset;
 937:Drivers/STM32F4xx_HAL_Driver/Src/stm32f4xx_hal_adc_ex.c ****       break;
 938:Drivers/STM32F4xx_HAL_Driver/Src/stm32f4xx_hal_adc_ex.c ****     default:
 939:Drivers/STM32F4xx_HAL_Driver/Src/stm32f4xx_hal_adc_ex.c ****       /* Set injected channel 4 offset */
 940:Drivers/STM32F4xx_HAL_Driver/Src/stm32f4xx_hal_adc_ex.c ****       hadc->Instance->JOFR4 &= ~(ADC_JOFR4_JOFFSET4);
 941:Drivers/STM32F4xx_HAL_Driver/Src/stm32f4xx_hal_adc_ex.c ****       hadc->Instance->JOFR4 |= sConfigInjected->InjectedOffset;
 942:Drivers/STM32F4xx_HAL_Driver/Src/stm32f4xx_hal_adc_ex.c ****       break;
ARM GAS  /tmp/ccOoZsG0.s 			page 18


 943:Drivers/STM32F4xx_HAL_Driver/Src/stm32f4xx_hal_adc_ex.c ****   }
 944:Drivers/STM32F4xx_HAL_Driver/Src/stm32f4xx_hal_adc_ex.c **** 
 945:Drivers/STM32F4xx_HAL_Driver/Src/stm32f4xx_hal_adc_ex.c ****   /* Pointer to the common control register to which is belonging hadc    */
 946:Drivers/STM32F4xx_HAL_Driver/Src/stm32f4xx_hal_adc_ex.c ****   /* (Depending on STM32F4 product, there may be up to 3 ADC and 1 common */
 947:Drivers/STM32F4xx_HAL_Driver/Src/stm32f4xx_hal_adc_ex.c ****   /* control register)                                                    */
 948:Drivers/STM32F4xx_HAL_Driver/Src/stm32f4xx_hal_adc_ex.c ****     tmpADC_Common = ADC_COMMON_REGISTER(hadc);
 949:Drivers/STM32F4xx_HAL_Driver/Src/stm32f4xx_hal_adc_ex.c **** 
 950:Drivers/STM32F4xx_HAL_Driver/Src/stm32f4xx_hal_adc_ex.c ****   /* if ADC1 Channel_18 is selected enable VBAT Channel */
 951:Drivers/STM32F4xx_HAL_Driver/Src/stm32f4xx_hal_adc_ex.c ****   if ((hadc->Instance == ADC1) && (sConfigInjected->InjectedChannel == ADC_CHANNEL_VBAT))
 952:Drivers/STM32F4xx_HAL_Driver/Src/stm32f4xx_hal_adc_ex.c ****   {
 953:Drivers/STM32F4xx_HAL_Driver/Src/stm32f4xx_hal_adc_ex.c ****     /* Enable the VBAT channel*/
 954:Drivers/STM32F4xx_HAL_Driver/Src/stm32f4xx_hal_adc_ex.c ****     tmpADC_Common->CCR |= ADC_CCR_VBATE;
 955:Drivers/STM32F4xx_HAL_Driver/Src/stm32f4xx_hal_adc_ex.c ****   }
 956:Drivers/STM32F4xx_HAL_Driver/Src/stm32f4xx_hal_adc_ex.c ****   
 957:Drivers/STM32F4xx_HAL_Driver/Src/stm32f4xx_hal_adc_ex.c ****   /* if ADC1 Channel_16 or Channel_17 is selected enable TSVREFE Channel(Temperature sensor and VRE
 958:Drivers/STM32F4xx_HAL_Driver/Src/stm32f4xx_hal_adc_ex.c ****   if ((hadc->Instance == ADC1) && ((sConfigInjected->InjectedChannel == ADC_CHANNEL_TEMPSENSOR) || 
 959:Drivers/STM32F4xx_HAL_Driver/Src/stm32f4xx_hal_adc_ex.c ****   {
 960:Drivers/STM32F4xx_HAL_Driver/Src/stm32f4xx_hal_adc_ex.c ****     /* Enable the TSVREFE channel*/
 961:Drivers/STM32F4xx_HAL_Driver/Src/stm32f4xx_hal_adc_ex.c ****     tmpADC_Common->CCR |= ADC_CCR_TSVREFE;
 962:Drivers/STM32F4xx_HAL_Driver/Src/stm32f4xx_hal_adc_ex.c ****   }
 963:Drivers/STM32F4xx_HAL_Driver/Src/stm32f4xx_hal_adc_ex.c ****   
 964:Drivers/STM32F4xx_HAL_Driver/Src/stm32f4xx_hal_adc_ex.c ****   /* Process unlocked */
 965:Drivers/STM32F4xx_HAL_Driver/Src/stm32f4xx_hal_adc_ex.c ****   __HAL_UNLOCK(hadc);
 966:Drivers/STM32F4xx_HAL_Driver/Src/stm32f4xx_hal_adc_ex.c ****   
 967:Drivers/STM32F4xx_HAL_Driver/Src/stm32f4xx_hal_adc_ex.c ****   /* Return function status */
 968:Drivers/STM32F4xx_HAL_Driver/Src/stm32f4xx_hal_adc_ex.c ****   return HAL_OK;
 969:Drivers/STM32F4xx_HAL_Driver/Src/stm32f4xx_hal_adc_ex.c **** }
 970:Drivers/STM32F4xx_HAL_Driver/Src/stm32f4xx_hal_adc_ex.c **** 
 971:Drivers/STM32F4xx_HAL_Driver/Src/stm32f4xx_hal_adc_ex.c **** /**
 972:Drivers/STM32F4xx_HAL_Driver/Src/stm32f4xx_hal_adc_ex.c ****   * @brief  Configures the ADC multi-mode 
 973:Drivers/STM32F4xx_HAL_Driver/Src/stm32f4xx_hal_adc_ex.c ****   * @param  hadc       pointer to a ADC_HandleTypeDef structure that contains
 974:Drivers/STM32F4xx_HAL_Driver/Src/stm32f4xx_hal_adc_ex.c ****   *                     the configuration information for the specified ADC.  
 975:Drivers/STM32F4xx_HAL_Driver/Src/stm32f4xx_hal_adc_ex.c ****   * @param  multimode  pointer to an ADC_MultiModeTypeDef structure that contains 
 976:Drivers/STM32F4xx_HAL_Driver/Src/stm32f4xx_hal_adc_ex.c ****   *                     the configuration information for  multimode.
 977:Drivers/STM32F4xx_HAL_Driver/Src/stm32f4xx_hal_adc_ex.c ****   * @retval HAL status
 978:Drivers/STM32F4xx_HAL_Driver/Src/stm32f4xx_hal_adc_ex.c ****   */
 979:Drivers/STM32F4xx_HAL_Driver/Src/stm32f4xx_hal_adc_ex.c **** HAL_StatusTypeDef HAL_ADCEx_MultiModeConfigChannel(ADC_HandleTypeDef* hadc, ADC_MultiModeTypeDef* m
 980:Drivers/STM32F4xx_HAL_Driver/Src/stm32f4xx_hal_adc_ex.c **** {
 981:Drivers/STM32F4xx_HAL_Driver/Src/stm32f4xx_hal_adc_ex.c **** 
 982:Drivers/STM32F4xx_HAL_Driver/Src/stm32f4xx_hal_adc_ex.c ****   ADC_Common_TypeDef *tmpADC_Common;
 983:Drivers/STM32F4xx_HAL_Driver/Src/stm32f4xx_hal_adc_ex.c **** 
 984:Drivers/STM32F4xx_HAL_Driver/Src/stm32f4xx_hal_adc_ex.c ****   /* Check the parameters */
 985:Drivers/STM32F4xx_HAL_Driver/Src/stm32f4xx_hal_adc_ex.c ****   assert_param(IS_ADC_MODE(multimode->Mode));
 986:Drivers/STM32F4xx_HAL_Driver/Src/stm32f4xx_hal_adc_ex.c ****   assert_param(IS_ADC_DMA_ACCESS_MODE(multimode->DMAAccessMode));
 987:Drivers/STM32F4xx_HAL_Driver/Src/stm32f4xx_hal_adc_ex.c ****   assert_param(IS_ADC_SAMPLING_DELAY(multimode->TwoSamplingDelay));
 988:Drivers/STM32F4xx_HAL_Driver/Src/stm32f4xx_hal_adc_ex.c ****   
 989:Drivers/STM32F4xx_HAL_Driver/Src/stm32f4xx_hal_adc_ex.c ****   /* Process locked */
 990:Drivers/STM32F4xx_HAL_Driver/Src/stm32f4xx_hal_adc_ex.c ****   __HAL_LOCK(hadc);
 991:Drivers/STM32F4xx_HAL_Driver/Src/stm32f4xx_hal_adc_ex.c **** 
 992:Drivers/STM32F4xx_HAL_Driver/Src/stm32f4xx_hal_adc_ex.c ****   /* Pointer to the common control register to which is belonging hadc    */
 993:Drivers/STM32F4xx_HAL_Driver/Src/stm32f4xx_hal_adc_ex.c ****   /* (Depending on STM32F4 product, there may be up to 3 ADC and 1 common */
 994:Drivers/STM32F4xx_HAL_Driver/Src/stm32f4xx_hal_adc_ex.c ****   /* control register)                                                    */
 995:Drivers/STM32F4xx_HAL_Driver/Src/stm32f4xx_hal_adc_ex.c ****   tmpADC_Common = ADC_COMMON_REGISTER(hadc);
 996:Drivers/STM32F4xx_HAL_Driver/Src/stm32f4xx_hal_adc_ex.c **** 
 997:Drivers/STM32F4xx_HAL_Driver/Src/stm32f4xx_hal_adc_ex.c ****   /* Set ADC mode */
 998:Drivers/STM32F4xx_HAL_Driver/Src/stm32f4xx_hal_adc_ex.c ****   tmpADC_Common->CCR &= ~(ADC_CCR_MULTI);
 999:Drivers/STM32F4xx_HAL_Driver/Src/stm32f4xx_hal_adc_ex.c ****   tmpADC_Common->CCR |= multimode->Mode;
ARM GAS  /tmp/ccOoZsG0.s 			page 19


1000:Drivers/STM32F4xx_HAL_Driver/Src/stm32f4xx_hal_adc_ex.c ****   
1001:Drivers/STM32F4xx_HAL_Driver/Src/stm32f4xx_hal_adc_ex.c ****   /* Set the ADC DMA access mode */
1002:Drivers/STM32F4xx_HAL_Driver/Src/stm32f4xx_hal_adc_ex.c ****   tmpADC_Common->CCR &= ~(ADC_CCR_DMA);
1003:Drivers/STM32F4xx_HAL_Driver/Src/stm32f4xx_hal_adc_ex.c ****   tmpADC_Common->CCR |= multimode->DMAAccessMode;
1004:Drivers/STM32F4xx_HAL_Driver/Src/stm32f4xx_hal_adc_ex.c ****   
1005:Drivers/STM32F4xx_HAL_Driver/Src/stm32f4xx_hal_adc_ex.c ****   /* Set delay between two sampling phases */
1006:Drivers/STM32F4xx_HAL_Driver/Src/stm32f4xx_hal_adc_ex.c ****   tmpADC_Common->CCR &= ~(ADC_CCR_DELAY);
1007:Drivers/STM32F4xx_HAL_Driver/Src/stm32f4xx_hal_adc_ex.c ****   tmpADC_Common->CCR |= multimode->TwoSamplingDelay;
1008:Drivers/STM32F4xx_HAL_Driver/Src/stm32f4xx_hal_adc_ex.c ****   
1009:Drivers/STM32F4xx_HAL_Driver/Src/stm32f4xx_hal_adc_ex.c ****   /* Process unlocked */
1010:Drivers/STM32F4xx_HAL_Driver/Src/stm32f4xx_hal_adc_ex.c ****   __HAL_UNLOCK(hadc);
1011:Drivers/STM32F4xx_HAL_Driver/Src/stm32f4xx_hal_adc_ex.c ****   
1012:Drivers/STM32F4xx_HAL_Driver/Src/stm32f4xx_hal_adc_ex.c ****   /* Return function status */
1013:Drivers/STM32F4xx_HAL_Driver/Src/stm32f4xx_hal_adc_ex.c ****   return HAL_OK;
1014:Drivers/STM32F4xx_HAL_Driver/Src/stm32f4xx_hal_adc_ex.c **** }
1015:Drivers/STM32F4xx_HAL_Driver/Src/stm32f4xx_hal_adc_ex.c **** 
1016:Drivers/STM32F4xx_HAL_Driver/Src/stm32f4xx_hal_adc_ex.c **** /**
1017:Drivers/STM32F4xx_HAL_Driver/Src/stm32f4xx_hal_adc_ex.c ****   * @}
1018:Drivers/STM32F4xx_HAL_Driver/Src/stm32f4xx_hal_adc_ex.c ****   */
1019:Drivers/STM32F4xx_HAL_Driver/Src/stm32f4xx_hal_adc_ex.c **** 
1020:Drivers/STM32F4xx_HAL_Driver/Src/stm32f4xx_hal_adc_ex.c **** /**
1021:Drivers/STM32F4xx_HAL_Driver/Src/stm32f4xx_hal_adc_ex.c ****   * @brief  DMA transfer complete callback. 
1022:Drivers/STM32F4xx_HAL_Driver/Src/stm32f4xx_hal_adc_ex.c ****   * @param  hdma pointer to a DMA_HandleTypeDef structure that contains
1023:Drivers/STM32F4xx_HAL_Driver/Src/stm32f4xx_hal_adc_ex.c ****   *                the configuration information for the specified DMA module.
1024:Drivers/STM32F4xx_HAL_Driver/Src/stm32f4xx_hal_adc_ex.c ****   * @retval None
1025:Drivers/STM32F4xx_HAL_Driver/Src/stm32f4xx_hal_adc_ex.c ****   */
1026:Drivers/STM32F4xx_HAL_Driver/Src/stm32f4xx_hal_adc_ex.c **** static void ADC_MultiModeDMAConvCplt(DMA_HandleTypeDef *hdma)   
1027:Drivers/STM32F4xx_HAL_Driver/Src/stm32f4xx_hal_adc_ex.c **** {
1028:Drivers/STM32F4xx_HAL_Driver/Src/stm32f4xx_hal_adc_ex.c ****   /* Retrieve ADC handle corresponding to current DMA handle */
1029:Drivers/STM32F4xx_HAL_Driver/Src/stm32f4xx_hal_adc_ex.c ****   ADC_HandleTypeDef* hadc = ( ADC_HandleTypeDef* )((DMA_HandleTypeDef* )hdma)->Parent;
1030:Drivers/STM32F4xx_HAL_Driver/Src/stm32f4xx_hal_adc_ex.c ****   
1031:Drivers/STM32F4xx_HAL_Driver/Src/stm32f4xx_hal_adc_ex.c ****   /* Update state machine on conversion status if not in error state */
1032:Drivers/STM32F4xx_HAL_Driver/Src/stm32f4xx_hal_adc_ex.c ****   if (HAL_IS_BIT_CLR(hadc->State, HAL_ADC_STATE_ERROR_INTERNAL | HAL_ADC_STATE_ERROR_DMA))
1033:Drivers/STM32F4xx_HAL_Driver/Src/stm32f4xx_hal_adc_ex.c ****   {
1034:Drivers/STM32F4xx_HAL_Driver/Src/stm32f4xx_hal_adc_ex.c ****     /* Update ADC state machine */
1035:Drivers/STM32F4xx_HAL_Driver/Src/stm32f4xx_hal_adc_ex.c ****     SET_BIT(hadc->State, HAL_ADC_STATE_REG_EOC);
1036:Drivers/STM32F4xx_HAL_Driver/Src/stm32f4xx_hal_adc_ex.c ****     
1037:Drivers/STM32F4xx_HAL_Driver/Src/stm32f4xx_hal_adc_ex.c ****     /* Determine whether any further conversion upcoming on group regular   */
1038:Drivers/STM32F4xx_HAL_Driver/Src/stm32f4xx_hal_adc_ex.c ****     /* by external trigger, continuous mode or scan sequence on going.      */
1039:Drivers/STM32F4xx_HAL_Driver/Src/stm32f4xx_hal_adc_ex.c ****     /* Note: On STM32F4, there is no independent flag of end of sequence.   */
1040:Drivers/STM32F4xx_HAL_Driver/Src/stm32f4xx_hal_adc_ex.c ****     /*       The test of scan sequence on going is done either with scan    */
1041:Drivers/STM32F4xx_HAL_Driver/Src/stm32f4xx_hal_adc_ex.c ****     /*       sequence disabled or with end of conversion flag set to        */
1042:Drivers/STM32F4xx_HAL_Driver/Src/stm32f4xx_hal_adc_ex.c ****     /*       of end of sequence.                                            */
1043:Drivers/STM32F4xx_HAL_Driver/Src/stm32f4xx_hal_adc_ex.c ****     if(ADC_IS_SOFTWARE_START_REGULAR(hadc)                   &&
1044:Drivers/STM32F4xx_HAL_Driver/Src/stm32f4xx_hal_adc_ex.c ****        (hadc->Init.ContinuousConvMode == DISABLE)            &&
1045:Drivers/STM32F4xx_HAL_Driver/Src/stm32f4xx_hal_adc_ex.c ****        (HAL_IS_BIT_CLR(hadc->Instance->SQR1, ADC_SQR1_L) || 
1046:Drivers/STM32F4xx_HAL_Driver/Src/stm32f4xx_hal_adc_ex.c ****         HAL_IS_BIT_CLR(hadc->Instance->CR2, ADC_CR2_EOCS)  )   )
1047:Drivers/STM32F4xx_HAL_Driver/Src/stm32f4xx_hal_adc_ex.c ****     {
1048:Drivers/STM32F4xx_HAL_Driver/Src/stm32f4xx_hal_adc_ex.c ****       /* Disable ADC end of single conversion interrupt on group regular */
1049:Drivers/STM32F4xx_HAL_Driver/Src/stm32f4xx_hal_adc_ex.c ****       /* Note: Overrun interrupt was enabled with EOC interrupt in          */
1050:Drivers/STM32F4xx_HAL_Driver/Src/stm32f4xx_hal_adc_ex.c ****       /* HAL_ADC_Start_IT(), but is not disabled here because can be used   */
1051:Drivers/STM32F4xx_HAL_Driver/Src/stm32f4xx_hal_adc_ex.c ****       /* by overrun IRQ process below.                                      */
1052:Drivers/STM32F4xx_HAL_Driver/Src/stm32f4xx_hal_adc_ex.c ****       __HAL_ADC_DISABLE_IT(hadc, ADC_IT_EOC);
1053:Drivers/STM32F4xx_HAL_Driver/Src/stm32f4xx_hal_adc_ex.c ****       
1054:Drivers/STM32F4xx_HAL_Driver/Src/stm32f4xx_hal_adc_ex.c ****       /* Set ADC state */
1055:Drivers/STM32F4xx_HAL_Driver/Src/stm32f4xx_hal_adc_ex.c ****       CLEAR_BIT(hadc->State, HAL_ADC_STATE_REG_BUSY);   
1056:Drivers/STM32F4xx_HAL_Driver/Src/stm32f4xx_hal_adc_ex.c ****       
ARM GAS  /tmp/ccOoZsG0.s 			page 20


1057:Drivers/STM32F4xx_HAL_Driver/Src/stm32f4xx_hal_adc_ex.c ****       if (HAL_IS_BIT_CLR(hadc->State, HAL_ADC_STATE_INJ_BUSY))
1058:Drivers/STM32F4xx_HAL_Driver/Src/stm32f4xx_hal_adc_ex.c ****       {
1059:Drivers/STM32F4xx_HAL_Driver/Src/stm32f4xx_hal_adc_ex.c ****         SET_BIT(hadc->State, HAL_ADC_STATE_READY);
1060:Drivers/STM32F4xx_HAL_Driver/Src/stm32f4xx_hal_adc_ex.c ****       }
1061:Drivers/STM32F4xx_HAL_Driver/Src/stm32f4xx_hal_adc_ex.c ****     }
1062:Drivers/STM32F4xx_HAL_Driver/Src/stm32f4xx_hal_adc_ex.c ****     
1063:Drivers/STM32F4xx_HAL_Driver/Src/stm32f4xx_hal_adc_ex.c ****     /* Conversion complete callback */
1064:Drivers/STM32F4xx_HAL_Driver/Src/stm32f4xx_hal_adc_ex.c ****     HAL_ADC_ConvCpltCallback(hadc);
1065:Drivers/STM32F4xx_HAL_Driver/Src/stm32f4xx_hal_adc_ex.c ****   }
1066:Drivers/STM32F4xx_HAL_Driver/Src/stm32f4xx_hal_adc_ex.c ****   else
1067:Drivers/STM32F4xx_HAL_Driver/Src/stm32f4xx_hal_adc_ex.c ****   {
1068:Drivers/STM32F4xx_HAL_Driver/Src/stm32f4xx_hal_adc_ex.c ****     /* Call DMA error callback */
1069:Drivers/STM32F4xx_HAL_Driver/Src/stm32f4xx_hal_adc_ex.c ****     hadc->DMA_Handle->XferErrorCallback(hdma);
1070:Drivers/STM32F4xx_HAL_Driver/Src/stm32f4xx_hal_adc_ex.c ****   }
1071:Drivers/STM32F4xx_HAL_Driver/Src/stm32f4xx_hal_adc_ex.c **** }
1072:Drivers/STM32F4xx_HAL_Driver/Src/stm32f4xx_hal_adc_ex.c **** 
1073:Drivers/STM32F4xx_HAL_Driver/Src/stm32f4xx_hal_adc_ex.c **** /**
1074:Drivers/STM32F4xx_HAL_Driver/Src/stm32f4xx_hal_adc_ex.c ****   * @brief  DMA half transfer complete callback. 
1075:Drivers/STM32F4xx_HAL_Driver/Src/stm32f4xx_hal_adc_ex.c ****   * @param  hdma pointer to a DMA_HandleTypeDef structure that contains
1076:Drivers/STM32F4xx_HAL_Driver/Src/stm32f4xx_hal_adc_ex.c ****   *                the configuration information for the specified DMA module.
1077:Drivers/STM32F4xx_HAL_Driver/Src/stm32f4xx_hal_adc_ex.c ****   * @retval None
1078:Drivers/STM32F4xx_HAL_Driver/Src/stm32f4xx_hal_adc_ex.c ****   */
1079:Drivers/STM32F4xx_HAL_Driver/Src/stm32f4xx_hal_adc_ex.c **** static void ADC_MultiModeDMAHalfConvCplt(DMA_HandleTypeDef *hdma)   
1080:Drivers/STM32F4xx_HAL_Driver/Src/stm32f4xx_hal_adc_ex.c **** {
1081:Drivers/STM32F4xx_HAL_Driver/Src/stm32f4xx_hal_adc_ex.c ****     ADC_HandleTypeDef* hadc = ( ADC_HandleTypeDef* )((DMA_HandleTypeDef* )hdma)->Parent;
1082:Drivers/STM32F4xx_HAL_Driver/Src/stm32f4xx_hal_adc_ex.c ****     /* Conversion complete callback */
1083:Drivers/STM32F4xx_HAL_Driver/Src/stm32f4xx_hal_adc_ex.c ****     HAL_ADC_ConvHalfCpltCallback(hadc); 
1084:Drivers/STM32F4xx_HAL_Driver/Src/stm32f4xx_hal_adc_ex.c **** }
1085:Drivers/STM32F4xx_HAL_Driver/Src/stm32f4xx_hal_adc_ex.c **** 
1086:Drivers/STM32F4xx_HAL_Driver/Src/stm32f4xx_hal_adc_ex.c **** /**
1087:Drivers/STM32F4xx_HAL_Driver/Src/stm32f4xx_hal_adc_ex.c ****   * @brief  DMA error callback 
1088:Drivers/STM32F4xx_HAL_Driver/Src/stm32f4xx_hal_adc_ex.c ****   * @param  hdma pointer to a DMA_HandleTypeDef structure that contains
1089:Drivers/STM32F4xx_HAL_Driver/Src/stm32f4xx_hal_adc_ex.c ****   *                the configuration information for the specified DMA module.
1090:Drivers/STM32F4xx_HAL_Driver/Src/stm32f4xx_hal_adc_ex.c ****   * @retval None
1091:Drivers/STM32F4xx_HAL_Driver/Src/stm32f4xx_hal_adc_ex.c ****   */
1092:Drivers/STM32F4xx_HAL_Driver/Src/stm32f4xx_hal_adc_ex.c **** static void ADC_MultiModeDMAError(DMA_HandleTypeDef *hdma)   
1093:Drivers/STM32F4xx_HAL_Driver/Src/stm32f4xx_hal_adc_ex.c **** {
  29              		.loc 1 1093 1 view -0
  30              		.cfi_startproc
  31              		@ args = 0, pretend = 0, frame = 0
  32              		@ frame_needed = 0, uses_anonymous_args = 0
  33              		.loc 1 1093 1 is_stmt 0 view .LVU1
  34 0000 08B5     		push	{r3, lr}
  35              		.cfi_def_cfa_offset 8
  36              		.cfi_offset 3, -8
  37              		.cfi_offset 14, -4
1094:Drivers/STM32F4xx_HAL_Driver/Src/stm32f4xx_hal_adc_ex.c ****     ADC_HandleTypeDef* hadc = ( ADC_HandleTypeDef* )((DMA_HandleTypeDef* )hdma)->Parent;
  38              		.loc 1 1094 5 is_stmt 1 view .LVU2
  39              		.loc 1 1094 24 is_stmt 0 view .LVU3
  40 0002 806B     		ldr	r0, [r0, #56]
  41              	.LVL1:
1095:Drivers/STM32F4xx_HAL_Driver/Src/stm32f4xx_hal_adc_ex.c ****     hadc->State= HAL_ADC_STATE_ERROR_DMA;
  42              		.loc 1 1095 5 is_stmt 1 view .LVU4
  43              		.loc 1 1095 16 is_stmt 0 view .LVU5
  44 0004 4023     		movs	r3, #64
  45 0006 0364     		str	r3, [r0, #64]
1096:Drivers/STM32F4xx_HAL_Driver/Src/stm32f4xx_hal_adc_ex.c ****     /* Set ADC error code to DMA error */
ARM GAS  /tmp/ccOoZsG0.s 			page 21


1097:Drivers/STM32F4xx_HAL_Driver/Src/stm32f4xx_hal_adc_ex.c ****     hadc->ErrorCode |= HAL_ADC_ERROR_DMA;
  46              		.loc 1 1097 5 is_stmt 1 view .LVU6
  47              		.loc 1 1097 9 is_stmt 0 view .LVU7
  48 0008 436C     		ldr	r3, [r0, #68]
  49              		.loc 1 1097 21 view .LVU8
  50 000a 43F00403 		orr	r3, r3, #4
  51 000e 4364     		str	r3, [r0, #68]
1098:Drivers/STM32F4xx_HAL_Driver/Src/stm32f4xx_hal_adc_ex.c ****     HAL_ADC_ErrorCallback(hadc); 
  52              		.loc 1 1098 5 is_stmt 1 view .LVU9
  53 0010 FFF7FEFF 		bl	HAL_ADC_ErrorCallback
  54              	.LVL2:
1099:Drivers/STM32F4xx_HAL_Driver/Src/stm32f4xx_hal_adc_ex.c **** }
  55              		.loc 1 1099 1 is_stmt 0 view .LVU10
  56 0014 08BD     		pop	{r3, pc}
  57              		.cfi_endproc
  58              	.LFE230:
  60              		.section	.text.ADC_MultiModeDMAHalfConvCplt,"ax",%progbits
  61              		.align	1
  62              		.syntax unified
  63              		.thumb
  64              		.thumb_func
  66              	ADC_MultiModeDMAHalfConvCplt:
  67              	.LVL3:
  68              	.LFB229:
1080:Drivers/STM32F4xx_HAL_Driver/Src/stm32f4xx_hal_adc_ex.c ****     ADC_HandleTypeDef* hadc = ( ADC_HandleTypeDef* )((DMA_HandleTypeDef* )hdma)->Parent;
  69              		.loc 1 1080 1 is_stmt 1 view -0
  70              		.cfi_startproc
  71              		@ args = 0, pretend = 0, frame = 0
  72              		@ frame_needed = 0, uses_anonymous_args = 0
1080:Drivers/STM32F4xx_HAL_Driver/Src/stm32f4xx_hal_adc_ex.c ****     ADC_HandleTypeDef* hadc = ( ADC_HandleTypeDef* )((DMA_HandleTypeDef* )hdma)->Parent;
  73              		.loc 1 1080 1 is_stmt 0 view .LVU12
  74 0000 08B5     		push	{r3, lr}
  75              		.cfi_def_cfa_offset 8
  76              		.cfi_offset 3, -8
  77              		.cfi_offset 14, -4
1081:Drivers/STM32F4xx_HAL_Driver/Src/stm32f4xx_hal_adc_ex.c ****     /* Conversion complete callback */
  78              		.loc 1 1081 5 is_stmt 1 view .LVU13
  79              	.LVL4:
1083:Drivers/STM32F4xx_HAL_Driver/Src/stm32f4xx_hal_adc_ex.c **** }
  80              		.loc 1 1083 5 view .LVU14
  81 0002 806B     		ldr	r0, [r0, #56]
  82              	.LVL5:
1083:Drivers/STM32F4xx_HAL_Driver/Src/stm32f4xx_hal_adc_ex.c **** }
  83              		.loc 1 1083 5 is_stmt 0 view .LVU15
  84 0004 FFF7FEFF 		bl	HAL_ADC_ConvHalfCpltCallback
  85              	.LVL6:
1084:Drivers/STM32F4xx_HAL_Driver/Src/stm32f4xx_hal_adc_ex.c **** 
  86              		.loc 1 1084 1 view .LVU16
  87 0008 08BD     		pop	{r3, pc}
  88              		.cfi_endproc
  89              	.LFE229:
  91              		.section	.text.ADC_MultiModeDMAConvCplt,"ax",%progbits
  92              		.align	1
  93              		.syntax unified
  94              		.thumb
  95              		.thumb_func
  97              	ADC_MultiModeDMAConvCplt:
ARM GAS  /tmp/ccOoZsG0.s 			page 22


  98              	.LVL7:
  99              	.LFB228:
1027:Drivers/STM32F4xx_HAL_Driver/Src/stm32f4xx_hal_adc_ex.c ****   /* Retrieve ADC handle corresponding to current DMA handle */
 100              		.loc 1 1027 1 is_stmt 1 view -0
 101              		.cfi_startproc
 102              		@ args = 0, pretend = 0, frame = 0
 103              		@ frame_needed = 0, uses_anonymous_args = 0
1027:Drivers/STM32F4xx_HAL_Driver/Src/stm32f4xx_hal_adc_ex.c ****   /* Retrieve ADC handle corresponding to current DMA handle */
 104              		.loc 1 1027 1 is_stmt 0 view .LVU18
 105 0000 08B5     		push	{r3, lr}
 106              		.cfi_def_cfa_offset 8
 107              		.cfi_offset 3, -8
 108              		.cfi_offset 14, -4
1029:Drivers/STM32F4xx_HAL_Driver/Src/stm32f4xx_hal_adc_ex.c ****   
 109              		.loc 1 1029 3 is_stmt 1 view .LVU19
1029:Drivers/STM32F4xx_HAL_Driver/Src/stm32f4xx_hal_adc_ex.c ****   
 110              		.loc 1 1029 22 is_stmt 0 view .LVU20
 111 0002 836B     		ldr	r3, [r0, #56]
 112              	.LVL8:
1032:Drivers/STM32F4xx_HAL_Driver/Src/stm32f4xx_hal_adc_ex.c ****   {
 113              		.loc 1 1032 3 is_stmt 1 view .LVU21
1032:Drivers/STM32F4xx_HAL_Driver/Src/stm32f4xx_hal_adc_ex.c ****   {
 114              		.loc 1 1032 7 is_stmt 0 view .LVU22
 115 0004 1A6C     		ldr	r2, [r3, #64]
1032:Drivers/STM32F4xx_HAL_Driver/Src/stm32f4xx_hal_adc_ex.c ****   {
 116              		.loc 1 1032 6 view .LVU23
 117 0006 12F0500F 		tst	r2, #80
 118 000a 26D1     		bne	.L6
1035:Drivers/STM32F4xx_HAL_Driver/Src/stm32f4xx_hal_adc_ex.c ****     
 119              		.loc 1 1035 5 is_stmt 1 view .LVU24
 120 000c 1A6C     		ldr	r2, [r3, #64]
 121 000e 42F40072 		orr	r2, r2, #512
 122 0012 1A64     		str	r2, [r3, #64]
1043:Drivers/STM32F4xx_HAL_Driver/Src/stm32f4xx_hal_adc_ex.c ****        (hadc->Init.ContinuousConvMode == DISABLE)            &&
 123              		.loc 1 1043 5 view .LVU25
1043:Drivers/STM32F4xx_HAL_Driver/Src/stm32f4xx_hal_adc_ex.c ****        (hadc->Init.ContinuousConvMode == DISABLE)            &&
 124              		.loc 1 1043 8 is_stmt 0 view .LVU26
 125 0014 1A68     		ldr	r2, [r3]
 126 0016 9168     		ldr	r1, [r2, #8]
1043:Drivers/STM32F4xx_HAL_Driver/Src/stm32f4xx_hal_adc_ex.c ****        (hadc->Init.ContinuousConvMode == DISABLE)            &&
 127              		.loc 1 1043 7 view .LVU27
 128 0018 11F0405F 		tst	r1, #805306368
 129 001c 19D1     		bne	.L7
1044:Drivers/STM32F4xx_HAL_Driver/Src/stm32f4xx_hal_adc_ex.c ****        (HAL_IS_BIT_CLR(hadc->Instance->SQR1, ADC_SQR1_L) || 
 130              		.loc 1 1044 19 view .LVU28
 131 001e 197E     		ldrb	r1, [r3, #24]	@ zero_extendqisi2
1043:Drivers/STM32F4xx_HAL_Driver/Src/stm32f4xx_hal_adc_ex.c ****        (hadc->Init.ContinuousConvMode == DISABLE)            &&
 132              		.loc 1 1043 62 discriminator 1 view .LVU29
 133 0020 B9B9     		cbnz	r1, .L7
1045:Drivers/STM32F4xx_HAL_Driver/Src/stm32f4xx_hal_adc_ex.c ****         HAL_IS_BIT_CLR(hadc->Instance->CR2, ADC_CR2_EOCS)  )   )
 134              		.loc 1 1045 9 view .LVU30
 135 0022 D16A     		ldr	r1, [r2, #44]
1044:Drivers/STM32F4xx_HAL_Driver/Src/stm32f4xx_hal_adc_ex.c ****        (HAL_IS_BIT_CLR(hadc->Instance->SQR1, ADC_SQR1_L) || 
 136              		.loc 1 1044 62 view .LVU31
 137 0024 11F4700F 		tst	r1, #15728640
 138 0028 03D0     		beq	.L8
1046:Drivers/STM32F4xx_HAL_Driver/Src/stm32f4xx_hal_adc_ex.c ****     {
ARM GAS  /tmp/ccOoZsG0.s 			page 23


 139              		.loc 1 1046 9 view .LVU32
 140 002a 9168     		ldr	r1, [r2, #8]
1045:Drivers/STM32F4xx_HAL_Driver/Src/stm32f4xx_hal_adc_ex.c ****         HAL_IS_BIT_CLR(hadc->Instance->CR2, ADC_CR2_EOCS)  )   )
 141              		.loc 1 1045 58 view .LVU33
 142 002c 11F4806F 		tst	r1, #1024
 143 0030 0FD1     		bne	.L7
 144              	.L8:
1052:Drivers/STM32F4xx_HAL_Driver/Src/stm32f4xx_hal_adc_ex.c ****       
 145              		.loc 1 1052 7 is_stmt 1 view .LVU34
 146 0032 5168     		ldr	r1, [r2, #4]
 147 0034 21F02001 		bic	r1, r1, #32
 148 0038 5160     		str	r1, [r2, #4]
1055:Drivers/STM32F4xx_HAL_Driver/Src/stm32f4xx_hal_adc_ex.c ****       
 149              		.loc 1 1055 7 view .LVU35
 150 003a 1A6C     		ldr	r2, [r3, #64]
 151 003c 22F48072 		bic	r2, r2, #256
 152 0040 1A64     		str	r2, [r3, #64]
1057:Drivers/STM32F4xx_HAL_Driver/Src/stm32f4xx_hal_adc_ex.c ****       {
 153              		.loc 1 1057 7 view .LVU36
1057:Drivers/STM32F4xx_HAL_Driver/Src/stm32f4xx_hal_adc_ex.c ****       {
 154              		.loc 1 1057 11 is_stmt 0 view .LVU37
 155 0042 1A6C     		ldr	r2, [r3, #64]
1057:Drivers/STM32F4xx_HAL_Driver/Src/stm32f4xx_hal_adc_ex.c ****       {
 156              		.loc 1 1057 10 view .LVU38
 157 0044 12F4805F 		tst	r2, #4096
 158 0048 03D1     		bne	.L7
1059:Drivers/STM32F4xx_HAL_Driver/Src/stm32f4xx_hal_adc_ex.c ****       }
 159              		.loc 1 1059 9 is_stmt 1 view .LVU39
 160 004a 1A6C     		ldr	r2, [r3, #64]
 161 004c 42F00102 		orr	r2, r2, #1
 162 0050 1A64     		str	r2, [r3, #64]
 163              	.L7:
1064:Drivers/STM32F4xx_HAL_Driver/Src/stm32f4xx_hal_adc_ex.c ****   }
 164              		.loc 1 1064 5 view .LVU40
 165 0052 1846     		mov	r0, r3
 166              	.LVL9:
1064:Drivers/STM32F4xx_HAL_Driver/Src/stm32f4xx_hal_adc_ex.c ****   }
 167              		.loc 1 1064 5 is_stmt 0 view .LVU41
 168 0054 FFF7FEFF 		bl	HAL_ADC_ConvCpltCallback
 169              	.LVL10:
 170              	.L5:
1071:Drivers/STM32F4xx_HAL_Driver/Src/stm32f4xx_hal_adc_ex.c **** 
 171              		.loc 1 1071 1 view .LVU42
 172 0058 08BD     		pop	{r3, pc}
 173              	.LVL11:
 174              	.L6:
1069:Drivers/STM32F4xx_HAL_Driver/Src/stm32f4xx_hal_adc_ex.c ****   }
 175              		.loc 1 1069 5 is_stmt 1 view .LVU43
1069:Drivers/STM32F4xx_HAL_Driver/Src/stm32f4xx_hal_adc_ex.c ****   }
 176              		.loc 1 1069 9 is_stmt 0 view .LVU44
 177 005a 9B6B     		ldr	r3, [r3, #56]
 178              	.LVL12:
1069:Drivers/STM32F4xx_HAL_Driver/Src/stm32f4xx_hal_adc_ex.c ****   }
 179              		.loc 1 1069 21 view .LVU45
 180 005c DB6C     		ldr	r3, [r3, #76]
1069:Drivers/STM32F4xx_HAL_Driver/Src/stm32f4xx_hal_adc_ex.c ****   }
 181              		.loc 1 1069 5 view .LVU46
ARM GAS  /tmp/ccOoZsG0.s 			page 24


 182 005e 9847     		blx	r3
 183              	.LVL13:
1071:Drivers/STM32F4xx_HAL_Driver/Src/stm32f4xx_hal_adc_ex.c **** 
 184              		.loc 1 1071 1 view .LVU47
 185 0060 FAE7     		b	.L5
 186              		.cfi_endproc
 187              	.LFE228:
 189              		.section	.text.HAL_ADCEx_InjectedStart,"ax",%progbits
 190              		.align	1
 191              		.global	HAL_ADCEx_InjectedStart
 192              		.syntax unified
 193              		.thumb
 194              		.thumb_func
 196              	HAL_ADCEx_InjectedStart:
 197              	.LVL14:
 198              	.LFB216:
 148:Drivers/STM32F4xx_HAL_Driver/Src/stm32f4xx_hal_adc_ex.c ****   __IO uint32_t counter = 0U;
 199              		.loc 1 148 1 is_stmt 1 view -0
 200              		.cfi_startproc
 201              		@ args = 0, pretend = 0, frame = 8
 202              		@ frame_needed = 0, uses_anonymous_args = 0
 203              		@ link register save eliminated.
 148:Drivers/STM32F4xx_HAL_Driver/Src/stm32f4xx_hal_adc_ex.c ****   __IO uint32_t counter = 0U;
 204              		.loc 1 148 1 is_stmt 0 view .LVU49
 205 0000 82B0     		sub	sp, sp, #8
 206              		.cfi_def_cfa_offset 8
 149:Drivers/STM32F4xx_HAL_Driver/Src/stm32f4xx_hal_adc_ex.c ****   uint32_t tmp1 = 0U, tmp2 = 0U;
 207              		.loc 1 149 3 is_stmt 1 view .LVU50
 149:Drivers/STM32F4xx_HAL_Driver/Src/stm32f4xx_hal_adc_ex.c ****   uint32_t tmp1 = 0U, tmp2 = 0U;
 208              		.loc 1 149 17 is_stmt 0 view .LVU51
 209 0002 0023     		movs	r3, #0
 210 0004 0193     		str	r3, [sp, #4]
 150:Drivers/STM32F4xx_HAL_Driver/Src/stm32f4xx_hal_adc_ex.c ****   ADC_Common_TypeDef *tmpADC_Common;
 211              		.loc 1 150 3 is_stmt 1 view .LVU52
 212              	.LVL15:
 151:Drivers/STM32F4xx_HAL_Driver/Src/stm32f4xx_hal_adc_ex.c ****   
 213              		.loc 1 151 3 view .LVU53
 154:Drivers/STM32F4xx_HAL_Driver/Src/stm32f4xx_hal_adc_ex.c ****   
 214              		.loc 1 154 3 view .LVU54
 154:Drivers/STM32F4xx_HAL_Driver/Src/stm32f4xx_hal_adc_ex.c ****   
 215              		.loc 1 154 3 view .LVU55
 216 0006 90F83C30 		ldrb	r3, [r0, #60]	@ zero_extendqisi2
 217 000a 012B     		cmp	r3, #1
 218 000c 67D0     		beq	.L19
 154:Drivers/STM32F4xx_HAL_Driver/Src/stm32f4xx_hal_adc_ex.c ****   
 219              		.loc 1 154 3 discriminator 2 view .LVU56
 220 000e 0123     		movs	r3, #1
 221 0010 80F83C30 		strb	r3, [r0, #60]
 154:Drivers/STM32F4xx_HAL_Driver/Src/stm32f4xx_hal_adc_ex.c ****   
 222              		.loc 1 154 3 discriminator 2 view .LVU57
 160:Drivers/STM32F4xx_HAL_Driver/Src/stm32f4xx_hal_adc_ex.c ****   {  
 223              		.loc 1 160 3 view .LVU58
 160:Drivers/STM32F4xx_HAL_Driver/Src/stm32f4xx_hal_adc_ex.c ****   {  
 224              		.loc 1 160 11 is_stmt 0 view .LVU59
 225 0014 0368     		ldr	r3, [r0]
 160:Drivers/STM32F4xx_HAL_Driver/Src/stm32f4xx_hal_adc_ex.c ****   {  
 226              		.loc 1 160 21 view .LVU60
ARM GAS  /tmp/ccOoZsG0.s 			page 25


 227 0016 9A68     		ldr	r2, [r3, #8]
 160:Drivers/STM32F4xx_HAL_Driver/Src/stm32f4xx_hal_adc_ex.c ****   {  
 228              		.loc 1 160 5 view .LVU61
 229 0018 12F0010F 		tst	r2, #1
 230 001c 13D1     		bne	.L13
 163:Drivers/STM32F4xx_HAL_Driver/Src/stm32f4xx_hal_adc_ex.c ****     
 231              		.loc 1 163 5 is_stmt 1 view .LVU62
 232 001e 9A68     		ldr	r2, [r3, #8]
 233 0020 42F00102 		orr	r2, r2, #1
 234 0024 9A60     		str	r2, [r3, #8]
 167:Drivers/STM32F4xx_HAL_Driver/Src/stm32f4xx_hal_adc_ex.c ****     while(counter != 0U)
 235              		.loc 1 167 5 view .LVU63
 167:Drivers/STM32F4xx_HAL_Driver/Src/stm32f4xx_hal_adc_ex.c ****     while(counter != 0U)
 236              		.loc 1 167 53 is_stmt 0 view .LVU64
 237 0026 334B     		ldr	r3, .L27
 238 0028 1B68     		ldr	r3, [r3]
 239 002a 334A     		ldr	r2, .L27+4
 240 002c A2FB0323 		umull	r2, r3, r2, r3
 241 0030 9B0C     		lsrs	r3, r3, #18
 167:Drivers/STM32F4xx_HAL_Driver/Src/stm32f4xx_hal_adc_ex.c ****     while(counter != 0U)
 242              		.loc 1 167 34 view .LVU65
 243 0032 03EB4303 		add	r3, r3, r3, lsl #1
 167:Drivers/STM32F4xx_HAL_Driver/Src/stm32f4xx_hal_adc_ex.c ****     while(counter != 0U)
 244              		.loc 1 167 13 view .LVU66
 245 0036 0193     		str	r3, [sp, #4]
 168:Drivers/STM32F4xx_HAL_Driver/Src/stm32f4xx_hal_adc_ex.c ****     {
 246              		.loc 1 168 5 is_stmt 1 view .LVU67
 168:Drivers/STM32F4xx_HAL_Driver/Src/stm32f4xx_hal_adc_ex.c ****     {
 247              		.loc 1 168 10 is_stmt 0 view .LVU68
 248 0038 02E0     		b	.L14
 249              	.L15:
 170:Drivers/STM32F4xx_HAL_Driver/Src/stm32f4xx_hal_adc_ex.c ****     }
 250              		.loc 1 170 7 is_stmt 1 view .LVU69
 170:Drivers/STM32F4xx_HAL_Driver/Src/stm32f4xx_hal_adc_ex.c ****     }
 251              		.loc 1 170 14 is_stmt 0 view .LVU70
 252 003a 019B     		ldr	r3, [sp, #4]
 253 003c 013B     		subs	r3, r3, #1
 254 003e 0193     		str	r3, [sp, #4]
 255              	.L14:
 168:Drivers/STM32F4xx_HAL_Driver/Src/stm32f4xx_hal_adc_ex.c ****     {
 256              		.loc 1 168 19 is_stmt 1 view .LVU71
 257 0040 019B     		ldr	r3, [sp, #4]
 258 0042 002B     		cmp	r3, #0
 259 0044 F9D1     		bne	.L15
 260              	.L13:
 175:Drivers/STM32F4xx_HAL_Driver/Src/stm32f4xx_hal_adc_ex.c ****   {
 261              		.loc 1 175 3 view .LVU72
 175:Drivers/STM32F4xx_HAL_Driver/Src/stm32f4xx_hal_adc_ex.c ****   {
 262              		.loc 1 175 6 is_stmt 0 view .LVU73
 263 0046 0268     		ldr	r2, [r0]
 264 0048 9368     		ldr	r3, [r2, #8]
 175:Drivers/STM32F4xx_HAL_Driver/Src/stm32f4xx_hal_adc_ex.c ****   {
 265              		.loc 1 175 5 view .LVU74
 266 004a 13F0010F 		tst	r3, #1
 267 004e 3BD0     		beq	.L16
 180:Drivers/STM32F4xx_HAL_Driver/Src/stm32f4xx_hal_adc_ex.c ****                       HAL_ADC_STATE_READY | HAL_ADC_STATE_INJ_EOC,
 268              		.loc 1 180 5 is_stmt 1 view .LVU75
ARM GAS  /tmp/ccOoZsG0.s 			page 26


 269 0050 036C     		ldr	r3, [r0, #64]
 270 0052 23F44053 		bic	r3, r3, #12288
 271 0056 23F00103 		bic	r3, r3, #1
 272 005a 43F48053 		orr	r3, r3, #4096
 273 005e 0364     		str	r3, [r0, #64]
 188:Drivers/STM32F4xx_HAL_Driver/Src/stm32f4xx_hal_adc_ex.c ****     {
 274              		.loc 1 188 5 view .LVU76
 188:Drivers/STM32F4xx_HAL_Driver/Src/stm32f4xx_hal_adc_ex.c ****     {
 275              		.loc 1 188 9 is_stmt 0 view .LVU77
 276 0060 036C     		ldr	r3, [r0, #64]
 188:Drivers/STM32F4xx_HAL_Driver/Src/stm32f4xx_hal_adc_ex.c ****     {
 277              		.loc 1 188 8 view .LVU78
 278 0062 13F4807F 		tst	r3, #256
 279 0066 01D1     		bne	.L17
 191:Drivers/STM32F4xx_HAL_Driver/Src/stm32f4xx_hal_adc_ex.c ****     }
 280              		.loc 1 191 7 is_stmt 1 view .LVU79
 281 0068 0023     		movs	r3, #0
 282 006a 4364     		str	r3, [r0, #68]
 283              	.L17:
 197:Drivers/STM32F4xx_HAL_Driver/Src/stm32f4xx_hal_adc_ex.c ****     
 284              		.loc 1 197 5 view .LVU80
 197:Drivers/STM32F4xx_HAL_Driver/Src/stm32f4xx_hal_adc_ex.c ****     
 285              		.loc 1 197 5 view .LVU81
 286 006c 0023     		movs	r3, #0
 287 006e 80F83C30 		strb	r3, [r0, #60]
 197:Drivers/STM32F4xx_HAL_Driver/Src/stm32f4xx_hal_adc_ex.c ****     
 288              		.loc 1 197 5 view .LVU82
 201:Drivers/STM32F4xx_HAL_Driver/Src/stm32f4xx_hal_adc_ex.c **** 
 289              		.loc 1 201 5 view .LVU83
 290 0072 6FF00403 		mvn	r3, #4
 291 0076 1360     		str	r3, [r2]
 206:Drivers/STM32F4xx_HAL_Driver/Src/stm32f4xx_hal_adc_ex.c **** 
 292              		.loc 1 206 5 view .LVU84
 293              	.LVL16:
 209:Drivers/STM32F4xx_HAL_Driver/Src/stm32f4xx_hal_adc_ex.c ****     {
 294              		.loc 1 209 5 view .LVU85
 209:Drivers/STM32F4xx_HAL_Driver/Src/stm32f4xx_hal_adc_ex.c ****     {
 295              		.loc 1 209 8 is_stmt 0 view .LVU86
 296 0078 204B     		ldr	r3, .L27+8
 297 007a 5B68     		ldr	r3, [r3, #4]
 209:Drivers/STM32F4xx_HAL_Driver/Src/stm32f4xx_hal_adc_ex.c ****     {
 298              		.loc 1 209 7 view .LVU87
 299 007c 13F01F0F 		tst	r3, #31
 300 0080 0ED1     		bne	.L18
 211:Drivers/STM32F4xx_HAL_Driver/Src/stm32f4xx_hal_adc_ex.c ****       tmp2 = HAL_IS_BIT_CLR(hadc->Instance->CR1, ADC_CR1_JAUTO);
 301              		.loc 1 211 7 is_stmt 1 view .LVU88
 211:Drivers/STM32F4xx_HAL_Driver/Src/stm32f4xx_hal_adc_ex.c ****       tmp2 = HAL_IS_BIT_CLR(hadc->Instance->CR1, ADC_CR1_JAUTO);
 302              		.loc 1 211 14 is_stmt 0 view .LVU89
 303 0082 0268     		ldr	r2, [r0]
 304 0084 9168     		ldr	r1, [r2, #8]
 305              	.LVL17:
 212:Drivers/STM32F4xx_HAL_Driver/Src/stm32f4xx_hal_adc_ex.c ****       if(tmp1 && tmp2)
 306              		.loc 1 212 7 is_stmt 1 view .LVU90
 212:Drivers/STM32F4xx_HAL_Driver/Src/stm32f4xx_hal_adc_ex.c ****       if(tmp1 && tmp2)
 307              		.loc 1 212 14 is_stmt 0 view .LVU91
 308 0086 5368     		ldr	r3, [r2, #4]
 309 0088 03F48063 		and	r3, r3, #1024
ARM GAS  /tmp/ccOoZsG0.s 			page 27


 310              	.LVL18:
 213:Drivers/STM32F4xx_HAL_Driver/Src/stm32f4xx_hal_adc_ex.c ****       {
 311              		.loc 1 213 7 is_stmt 1 view .LVU92
 213:Drivers/STM32F4xx_HAL_Driver/Src/stm32f4xx_hal_adc_ex.c ****       {
 312              		.loc 1 213 9 is_stmt 0 view .LVU93
 313 008c 11F4401F 		tst	r1, #3145728
 314 0090 27D1     		bne	.L20
 213:Drivers/STM32F4xx_HAL_Driver/Src/stm32f4xx_hal_adc_ex.c ****       {
 315              		.loc 1 213 15 discriminator 1 view .LVU94
 316 0092 43BB     		cbnz	r3, .L21
 216:Drivers/STM32F4xx_HAL_Driver/Src/stm32f4xx_hal_adc_ex.c ****       }
 317              		.loc 1 216 9 is_stmt 1 view .LVU95
 216:Drivers/STM32F4xx_HAL_Driver/Src/stm32f4xx_hal_adc_ex.c ****       }
 318              		.loc 1 216 23 is_stmt 0 view .LVU96
 319 0094 9368     		ldr	r3, [r2, #8]
 320              	.LVL19:
 216:Drivers/STM32F4xx_HAL_Driver/Src/stm32f4xx_hal_adc_ex.c ****       }
 321              		.loc 1 216 29 view .LVU97
 322 0096 43F48003 		orr	r3, r3, #4194304
 323 009a 9360     		str	r3, [r2, #8]
 240:Drivers/STM32F4xx_HAL_Driver/Src/stm32f4xx_hal_adc_ex.c **** }
 324              		.loc 1 240 10 view .LVU98
 325 009c 0020     		movs	r0, #0
 326              	.LVL20:
 240:Drivers/STM32F4xx_HAL_Driver/Src/stm32f4xx_hal_adc_ex.c **** }
 327              		.loc 1 240 10 view .LVU99
 328 009e 1CE0     		b	.L12
 329              	.LVL21:
 330              	.L18:
 221:Drivers/STM32F4xx_HAL_Driver/Src/stm32f4xx_hal_adc_ex.c ****       tmp2 = HAL_IS_BIT_CLR(hadc->Instance->CR1, ADC_CR1_JAUTO);
 331              		.loc 1 221 7 is_stmt 1 view .LVU100
 221:Drivers/STM32F4xx_HAL_Driver/Src/stm32f4xx_hal_adc_ex.c ****       tmp2 = HAL_IS_BIT_CLR(hadc->Instance->CR1, ADC_CR1_JAUTO);
 332              		.loc 1 221 14 is_stmt 0 view .LVU101
 333 00a0 0368     		ldr	r3, [r0]
 334 00a2 9A68     		ldr	r2, [r3, #8]
 335 00a4 02F44012 		and	r2, r2, #3145728
 336              	.LVL22:
 222:Drivers/STM32F4xx_HAL_Driver/Src/stm32f4xx_hal_adc_ex.c ****       if((hadc->Instance == ADC1) && tmp1 && tmp2)  
 337              		.loc 1 222 7 is_stmt 1 view .LVU102
 222:Drivers/STM32F4xx_HAL_Driver/Src/stm32f4xx_hal_adc_ex.c ****       if((hadc->Instance == ADC1) && tmp1 && tmp2)  
 338              		.loc 1 222 14 is_stmt 0 view .LVU103
 339 00a8 5968     		ldr	r1, [r3, #4]
 340 00aa 01F48061 		and	r1, r1, #1024
 341              	.LVL23:
 223:Drivers/STM32F4xx_HAL_Driver/Src/stm32f4xx_hal_adc_ex.c ****       {
 342              		.loc 1 223 7 is_stmt 1 view .LVU104
 223:Drivers/STM32F4xx_HAL_Driver/Src/stm32f4xx_hal_adc_ex.c ****       {
 343              		.loc 1 223 9 is_stmt 0 view .LVU105
 344 00ae 1448     		ldr	r0, .L27+12
 345              	.LVL24:
 223:Drivers/STM32F4xx_HAL_Driver/Src/stm32f4xx_hal_adc_ex.c ****       {
 346              		.loc 1 223 9 view .LVU106
 347 00b0 8342     		cmp	r3, r0
 348 00b2 01D0     		beq	.L26
 240:Drivers/STM32F4xx_HAL_Driver/Src/stm32f4xx_hal_adc_ex.c **** }
 349              		.loc 1 240 10 view .LVU107
 350 00b4 0020     		movs	r0, #0
ARM GAS  /tmp/ccOoZsG0.s 			page 28


 351 00b6 10E0     		b	.L12
 352              	.L26:
 223:Drivers/STM32F4xx_HAL_Driver/Src/stm32f4xx_hal_adc_ex.c ****       {
 353              		.loc 1 223 35 discriminator 1 view .LVU108
 354 00b8 BAB9     		cbnz	r2, .L23
 223:Drivers/STM32F4xx_HAL_Driver/Src/stm32f4xx_hal_adc_ex.c ****       {
 355              		.loc 1 223 43 discriminator 2 view .LVU109
 356 00ba C1B9     		cbnz	r1, .L24
 226:Drivers/STM32F4xx_HAL_Driver/Src/stm32f4xx_hal_adc_ex.c ****       }
 357              		.loc 1 226 9 is_stmt 1 view .LVU110
 226:Drivers/STM32F4xx_HAL_Driver/Src/stm32f4xx_hal_adc_ex.c ****       }
 358              		.loc 1 226 23 is_stmt 0 view .LVU111
 359 00bc 9A68     		ldr	r2, [r3, #8]
 360              	.LVL25:
 226:Drivers/STM32F4xx_HAL_Driver/Src/stm32f4xx_hal_adc_ex.c ****       }
 361              		.loc 1 226 29 view .LVU112
 362 00be 42F48002 		orr	r2, r2, #4194304
 363 00c2 9A60     		str	r2, [r3, #8]
 240:Drivers/STM32F4xx_HAL_Driver/Src/stm32f4xx_hal_adc_ex.c **** }
 364              		.loc 1 240 10 view .LVU113
 365 00c4 0020     		movs	r0, #0
 366 00c6 08E0     		b	.L12
 367              	.LVL26:
 368              	.L16:
 233:Drivers/STM32F4xx_HAL_Driver/Src/stm32f4xx_hal_adc_ex.c **** 
 369              		.loc 1 233 5 is_stmt 1 view .LVU114
 370 00c8 036C     		ldr	r3, [r0, #64]
 371 00ca 43F01003 		orr	r3, r3, #16
 372 00ce 0364     		str	r3, [r0, #64]
 236:Drivers/STM32F4xx_HAL_Driver/Src/stm32f4xx_hal_adc_ex.c ****   }
 373              		.loc 1 236 5 view .LVU115
 374 00d0 436C     		ldr	r3, [r0, #68]
 375 00d2 43F00103 		orr	r3, r3, #1
 376 00d6 4364     		str	r3, [r0, #68]
 240:Drivers/STM32F4xx_HAL_Driver/Src/stm32f4xx_hal_adc_ex.c **** }
 377              		.loc 1 240 10 is_stmt 0 view .LVU116
 378 00d8 0020     		movs	r0, #0
 379              	.LVL27:
 380              	.L12:
 241:Drivers/STM32F4xx_HAL_Driver/Src/stm32f4xx_hal_adc_ex.c **** 
 381              		.loc 1 241 1 view .LVU117
 382 00da 02B0     		add	sp, sp, #8
 383              		.cfi_remember_state
 384              		.cfi_def_cfa_offset 0
 385              		@ sp needed
 386 00dc 7047     		bx	lr
 387              	.LVL28:
 388              	.L19:
 389              		.cfi_restore_state
 154:Drivers/STM32F4xx_HAL_Driver/Src/stm32f4xx_hal_adc_ex.c ****   
 390              		.loc 1 154 3 discriminator 1 view .LVU118
 391 00de 0220     		movs	r0, #2
 392              	.LVL29:
 154:Drivers/STM32F4xx_HAL_Driver/Src/stm32f4xx_hal_adc_ex.c ****   
 393              		.loc 1 154 3 discriminator 1 view .LVU119
 394 00e0 FBE7     		b	.L12
 395              	.LVL30:
ARM GAS  /tmp/ccOoZsG0.s 			page 29


 396              	.L20:
 240:Drivers/STM32F4xx_HAL_Driver/Src/stm32f4xx_hal_adc_ex.c **** }
 397              		.loc 1 240 10 view .LVU120
 398 00e2 0020     		movs	r0, #0
 399              	.LVL31:
 240:Drivers/STM32F4xx_HAL_Driver/Src/stm32f4xx_hal_adc_ex.c **** }
 400              		.loc 1 240 10 view .LVU121
 401 00e4 F9E7     		b	.L12
 402              	.LVL32:
 403              	.L21:
 240:Drivers/STM32F4xx_HAL_Driver/Src/stm32f4xx_hal_adc_ex.c **** }
 404              		.loc 1 240 10 view .LVU122
 405 00e6 0020     		movs	r0, #0
 406              	.LVL33:
 240:Drivers/STM32F4xx_HAL_Driver/Src/stm32f4xx_hal_adc_ex.c **** }
 407              		.loc 1 240 10 view .LVU123
 408 00e8 F7E7     		b	.L12
 409              	.LVL34:
 410              	.L23:
 240:Drivers/STM32F4xx_HAL_Driver/Src/stm32f4xx_hal_adc_ex.c **** }
 411              		.loc 1 240 10 view .LVU124
 412 00ea 0020     		movs	r0, #0
 413 00ec F5E7     		b	.L12
 414              	.L24:
 415 00ee 0020     		movs	r0, #0
 416 00f0 F3E7     		b	.L12
 417              	.L28:
 418 00f2 00BF     		.align	2
 419              	.L27:
 420 00f4 00000000 		.word	SystemCoreClock
 421 00f8 83DE1B43 		.word	1125899907
 422 00fc 00230140 		.word	1073816320
 423 0100 00200140 		.word	1073815552
 424              		.cfi_endproc
 425              	.LFE216:
 427              		.section	.text.HAL_ADCEx_InjectedStart_IT,"ax",%progbits
 428              		.align	1
 429              		.global	HAL_ADCEx_InjectedStart_IT
 430              		.syntax unified
 431              		.thumb
 432              		.thumb_func
 434              	HAL_ADCEx_InjectedStart_IT:
 435              	.LVL35:
 436              	.LFB217:
 251:Drivers/STM32F4xx_HAL_Driver/Src/stm32f4xx_hal_adc_ex.c ****   __IO uint32_t counter = 0U;
 437              		.loc 1 251 1 is_stmt 1 view -0
 438              		.cfi_startproc
 439              		@ args = 0, pretend = 0, frame = 8
 440              		@ frame_needed = 0, uses_anonymous_args = 0
 441              		@ link register save eliminated.
 251:Drivers/STM32F4xx_HAL_Driver/Src/stm32f4xx_hal_adc_ex.c ****   __IO uint32_t counter = 0U;
 442              		.loc 1 251 1 is_stmt 0 view .LVU126
 443 0000 82B0     		sub	sp, sp, #8
 444              		.cfi_def_cfa_offset 8
 252:Drivers/STM32F4xx_HAL_Driver/Src/stm32f4xx_hal_adc_ex.c ****   uint32_t tmp1 = 0U, tmp2 = 0U;
 445              		.loc 1 252 3 is_stmt 1 view .LVU127
 252:Drivers/STM32F4xx_HAL_Driver/Src/stm32f4xx_hal_adc_ex.c ****   uint32_t tmp1 = 0U, tmp2 = 0U;
ARM GAS  /tmp/ccOoZsG0.s 			page 30


 446              		.loc 1 252 17 is_stmt 0 view .LVU128
 447 0002 0023     		movs	r3, #0
 448 0004 0193     		str	r3, [sp, #4]
 253:Drivers/STM32F4xx_HAL_Driver/Src/stm32f4xx_hal_adc_ex.c ****   ADC_Common_TypeDef *tmpADC_Common;
 449              		.loc 1 253 3 is_stmt 1 view .LVU129
 450              	.LVL36:
 254:Drivers/STM32F4xx_HAL_Driver/Src/stm32f4xx_hal_adc_ex.c ****   
 451              		.loc 1 254 3 view .LVU130
 257:Drivers/STM32F4xx_HAL_Driver/Src/stm32f4xx_hal_adc_ex.c ****   
 452              		.loc 1 257 3 view .LVU131
 257:Drivers/STM32F4xx_HAL_Driver/Src/stm32f4xx_hal_adc_ex.c ****   
 453              		.loc 1 257 3 view .LVU132
 454 0006 90F83C30 		ldrb	r3, [r0, #60]	@ zero_extendqisi2
 455 000a 012B     		cmp	r3, #1
 456 000c 6CD0     		beq	.L37
 257:Drivers/STM32F4xx_HAL_Driver/Src/stm32f4xx_hal_adc_ex.c ****   
 457              		.loc 1 257 3 discriminator 2 view .LVU133
 458 000e 0123     		movs	r3, #1
 459 0010 80F83C30 		strb	r3, [r0, #60]
 257:Drivers/STM32F4xx_HAL_Driver/Src/stm32f4xx_hal_adc_ex.c ****   
 460              		.loc 1 257 3 discriminator 2 view .LVU134
 263:Drivers/STM32F4xx_HAL_Driver/Src/stm32f4xx_hal_adc_ex.c ****   {  
 461              		.loc 1 263 3 view .LVU135
 263:Drivers/STM32F4xx_HAL_Driver/Src/stm32f4xx_hal_adc_ex.c ****   {  
 462              		.loc 1 263 11 is_stmt 0 view .LVU136
 463 0014 0368     		ldr	r3, [r0]
 263:Drivers/STM32F4xx_HAL_Driver/Src/stm32f4xx_hal_adc_ex.c ****   {  
 464              		.loc 1 263 21 view .LVU137
 465 0016 9A68     		ldr	r2, [r3, #8]
 263:Drivers/STM32F4xx_HAL_Driver/Src/stm32f4xx_hal_adc_ex.c ****   {  
 466              		.loc 1 263 5 view .LVU138
 467 0018 12F0010F 		tst	r2, #1
 468 001c 13D1     		bne	.L31
 266:Drivers/STM32F4xx_HAL_Driver/Src/stm32f4xx_hal_adc_ex.c ****     
 469              		.loc 1 266 5 is_stmt 1 view .LVU139
 470 001e 9A68     		ldr	r2, [r3, #8]
 471 0020 42F00102 		orr	r2, r2, #1
 472 0024 9A60     		str	r2, [r3, #8]
 270:Drivers/STM32F4xx_HAL_Driver/Src/stm32f4xx_hal_adc_ex.c ****     while(counter != 0U)
 473              		.loc 1 270 5 view .LVU140
 270:Drivers/STM32F4xx_HAL_Driver/Src/stm32f4xx_hal_adc_ex.c ****     while(counter != 0U)
 474              		.loc 1 270 53 is_stmt 0 view .LVU141
 475 0026 354B     		ldr	r3, .L45
 476 0028 1B68     		ldr	r3, [r3]
 477 002a 354A     		ldr	r2, .L45+4
 478 002c A2FB0323 		umull	r2, r3, r2, r3
 479 0030 9B0C     		lsrs	r3, r3, #18
 270:Drivers/STM32F4xx_HAL_Driver/Src/stm32f4xx_hal_adc_ex.c ****     while(counter != 0U)
 480              		.loc 1 270 34 view .LVU142
 481 0032 03EB4303 		add	r3, r3, r3, lsl #1
 270:Drivers/STM32F4xx_HAL_Driver/Src/stm32f4xx_hal_adc_ex.c ****     while(counter != 0U)
 482              		.loc 1 270 13 view .LVU143
 483 0036 0193     		str	r3, [sp, #4]
 271:Drivers/STM32F4xx_HAL_Driver/Src/stm32f4xx_hal_adc_ex.c ****     {
 484              		.loc 1 271 5 is_stmt 1 view .LVU144
 271:Drivers/STM32F4xx_HAL_Driver/Src/stm32f4xx_hal_adc_ex.c ****     {
 485              		.loc 1 271 10 is_stmt 0 view .LVU145
ARM GAS  /tmp/ccOoZsG0.s 			page 31


 486 0038 02E0     		b	.L32
 487              	.L33:
 273:Drivers/STM32F4xx_HAL_Driver/Src/stm32f4xx_hal_adc_ex.c ****     }
 488              		.loc 1 273 7 is_stmt 1 view .LVU146
 273:Drivers/STM32F4xx_HAL_Driver/Src/stm32f4xx_hal_adc_ex.c ****     }
 489              		.loc 1 273 14 is_stmt 0 view .LVU147
 490 003a 019B     		ldr	r3, [sp, #4]
 491 003c 013B     		subs	r3, r3, #1
 492 003e 0193     		str	r3, [sp, #4]
 493              	.L32:
 271:Drivers/STM32F4xx_HAL_Driver/Src/stm32f4xx_hal_adc_ex.c ****     {
 494              		.loc 1 271 19 is_stmt 1 view .LVU148
 495 0040 019B     		ldr	r3, [sp, #4]
 496 0042 002B     		cmp	r3, #0
 497 0044 F9D1     		bne	.L33
 498              	.L31:
 278:Drivers/STM32F4xx_HAL_Driver/Src/stm32f4xx_hal_adc_ex.c ****   {
 499              		.loc 1 278 3 view .LVU149
 278:Drivers/STM32F4xx_HAL_Driver/Src/stm32f4xx_hal_adc_ex.c ****   {
 500              		.loc 1 278 6 is_stmt 0 view .LVU150
 501 0046 0268     		ldr	r2, [r0]
 502 0048 9368     		ldr	r3, [r2, #8]
 278:Drivers/STM32F4xx_HAL_Driver/Src/stm32f4xx_hal_adc_ex.c ****   {
 503              		.loc 1 278 5 view .LVU151
 504 004a 13F0010F 		tst	r3, #1
 505 004e 40D0     		beq	.L34
 283:Drivers/STM32F4xx_HAL_Driver/Src/stm32f4xx_hal_adc_ex.c ****                       HAL_ADC_STATE_READY | HAL_ADC_STATE_INJ_EOC,
 506              		.loc 1 283 5 is_stmt 1 view .LVU152
 507 0050 036C     		ldr	r3, [r0, #64]
 508 0052 23F44053 		bic	r3, r3, #12288
 509 0056 23F00103 		bic	r3, r3, #1
 510 005a 43F48053 		orr	r3, r3, #4096
 511 005e 0364     		str	r3, [r0, #64]
 291:Drivers/STM32F4xx_HAL_Driver/Src/stm32f4xx_hal_adc_ex.c ****     {
 512              		.loc 1 291 5 view .LVU153
 291:Drivers/STM32F4xx_HAL_Driver/Src/stm32f4xx_hal_adc_ex.c ****     {
 513              		.loc 1 291 9 is_stmt 0 view .LVU154
 514 0060 036C     		ldr	r3, [r0, #64]
 291:Drivers/STM32F4xx_HAL_Driver/Src/stm32f4xx_hal_adc_ex.c ****     {
 515              		.loc 1 291 8 view .LVU155
 516 0062 13F4807F 		tst	r3, #256
 517 0066 01D1     		bne	.L35
 294:Drivers/STM32F4xx_HAL_Driver/Src/stm32f4xx_hal_adc_ex.c ****     }
 518              		.loc 1 294 7 is_stmt 1 view .LVU156
 519 0068 0023     		movs	r3, #0
 520 006a 4364     		str	r3, [r0, #68]
 521              	.L35:
 300:Drivers/STM32F4xx_HAL_Driver/Src/stm32f4xx_hal_adc_ex.c ****     
 522              		.loc 1 300 5 view .LVU157
 300:Drivers/STM32F4xx_HAL_Driver/Src/stm32f4xx_hal_adc_ex.c ****     
 523              		.loc 1 300 5 view .LVU158
 524 006c 0023     		movs	r3, #0
 525 006e 80F83C30 		strb	r3, [r0, #60]
 300:Drivers/STM32F4xx_HAL_Driver/Src/stm32f4xx_hal_adc_ex.c ****     
 526              		.loc 1 300 5 view .LVU159
 304:Drivers/STM32F4xx_HAL_Driver/Src/stm32f4xx_hal_adc_ex.c ****     
 527              		.loc 1 304 5 view .LVU160
ARM GAS  /tmp/ccOoZsG0.s 			page 32


 528 0072 6FF00403 		mvn	r3, #4
 529 0076 1360     		str	r3, [r2]
 307:Drivers/STM32F4xx_HAL_Driver/Src/stm32f4xx_hal_adc_ex.c **** 
 530              		.loc 1 307 5 view .LVU161
 531 0078 0268     		ldr	r2, [r0]
 532 007a 5368     		ldr	r3, [r2, #4]
 533 007c 43F08003 		orr	r3, r3, #128
 534 0080 5360     		str	r3, [r2, #4]
 312:Drivers/STM32F4xx_HAL_Driver/Src/stm32f4xx_hal_adc_ex.c ****     
 535              		.loc 1 312 5 view .LVU162
 536              	.LVL37:
 315:Drivers/STM32F4xx_HAL_Driver/Src/stm32f4xx_hal_adc_ex.c ****     {
 537              		.loc 1 315 5 view .LVU163
 315:Drivers/STM32F4xx_HAL_Driver/Src/stm32f4xx_hal_adc_ex.c ****     {
 538              		.loc 1 315 8 is_stmt 0 view .LVU164
 539 0082 204B     		ldr	r3, .L45+8
 540 0084 5B68     		ldr	r3, [r3, #4]
 315:Drivers/STM32F4xx_HAL_Driver/Src/stm32f4xx_hal_adc_ex.c ****     {
 541              		.loc 1 315 7 view .LVU165
 542 0086 13F01F0F 		tst	r3, #31
 543 008a 0ED1     		bne	.L36
 317:Drivers/STM32F4xx_HAL_Driver/Src/stm32f4xx_hal_adc_ex.c ****       tmp2 = HAL_IS_BIT_CLR(hadc->Instance->CR1, ADC_CR1_JAUTO);
 544              		.loc 1 317 7 is_stmt 1 view .LVU166
 317:Drivers/STM32F4xx_HAL_Driver/Src/stm32f4xx_hal_adc_ex.c ****       tmp2 = HAL_IS_BIT_CLR(hadc->Instance->CR1, ADC_CR1_JAUTO);
 545              		.loc 1 317 14 is_stmt 0 view .LVU167
 546 008c 0268     		ldr	r2, [r0]
 547 008e 9168     		ldr	r1, [r2, #8]
 548              	.LVL38:
 318:Drivers/STM32F4xx_HAL_Driver/Src/stm32f4xx_hal_adc_ex.c ****       if(tmp1 && tmp2)
 549              		.loc 1 318 7 is_stmt 1 view .LVU168
 318:Drivers/STM32F4xx_HAL_Driver/Src/stm32f4xx_hal_adc_ex.c ****       if(tmp1 && tmp2)
 550              		.loc 1 318 14 is_stmt 0 view .LVU169
 551 0090 5368     		ldr	r3, [r2, #4]
 552 0092 03F48063 		and	r3, r3, #1024
 553              	.LVL39:
 319:Drivers/STM32F4xx_HAL_Driver/Src/stm32f4xx_hal_adc_ex.c ****       {
 554              		.loc 1 319 7 is_stmt 1 view .LVU170
 319:Drivers/STM32F4xx_HAL_Driver/Src/stm32f4xx_hal_adc_ex.c ****       {
 555              		.loc 1 319 9 is_stmt 0 view .LVU171
 556 0096 11F4401F 		tst	r1, #3145728
 557 009a 27D1     		bne	.L38
 319:Drivers/STM32F4xx_HAL_Driver/Src/stm32f4xx_hal_adc_ex.c ****       {
 558              		.loc 1 319 15 discriminator 1 view .LVU172
 559 009c 43BB     		cbnz	r3, .L39
 322:Drivers/STM32F4xx_HAL_Driver/Src/stm32f4xx_hal_adc_ex.c ****       }
 560              		.loc 1 322 9 is_stmt 1 view .LVU173
 322:Drivers/STM32F4xx_HAL_Driver/Src/stm32f4xx_hal_adc_ex.c ****       }
 561              		.loc 1 322 23 is_stmt 0 view .LVU174
 562 009e 9368     		ldr	r3, [r2, #8]
 563              	.LVL40:
 322:Drivers/STM32F4xx_HAL_Driver/Src/stm32f4xx_hal_adc_ex.c ****       }
 564              		.loc 1 322 29 view .LVU175
 565 00a0 43F48003 		orr	r3, r3, #4194304
 566 00a4 9360     		str	r3, [r2, #8]
 346:Drivers/STM32F4xx_HAL_Driver/Src/stm32f4xx_hal_adc_ex.c **** }
 567              		.loc 1 346 10 view .LVU176
 568 00a6 0020     		movs	r0, #0
ARM GAS  /tmp/ccOoZsG0.s 			page 33


 569              	.LVL41:
 346:Drivers/STM32F4xx_HAL_Driver/Src/stm32f4xx_hal_adc_ex.c **** }
 570              		.loc 1 346 10 view .LVU177
 571 00a8 1CE0     		b	.L30
 572              	.LVL42:
 573              	.L36:
 327:Drivers/STM32F4xx_HAL_Driver/Src/stm32f4xx_hal_adc_ex.c ****       tmp2 = HAL_IS_BIT_CLR(hadc->Instance->CR1, ADC_CR1_JAUTO);
 574              		.loc 1 327 7 is_stmt 1 view .LVU178
 327:Drivers/STM32F4xx_HAL_Driver/Src/stm32f4xx_hal_adc_ex.c ****       tmp2 = HAL_IS_BIT_CLR(hadc->Instance->CR1, ADC_CR1_JAUTO);
 575              		.loc 1 327 14 is_stmt 0 view .LVU179
 576 00aa 0368     		ldr	r3, [r0]
 577 00ac 9A68     		ldr	r2, [r3, #8]
 578 00ae 02F44012 		and	r2, r2, #3145728
 579              	.LVL43:
 328:Drivers/STM32F4xx_HAL_Driver/Src/stm32f4xx_hal_adc_ex.c ****       if((hadc->Instance == ADC1) && tmp1 && tmp2)  
 580              		.loc 1 328 7 is_stmt 1 view .LVU180
 328:Drivers/STM32F4xx_HAL_Driver/Src/stm32f4xx_hal_adc_ex.c ****       if((hadc->Instance == ADC1) && tmp1 && tmp2)  
 581              		.loc 1 328 14 is_stmt 0 view .LVU181
 582 00b2 5968     		ldr	r1, [r3, #4]
 583 00b4 01F48061 		and	r1, r1, #1024
 584              	.LVL44:
 329:Drivers/STM32F4xx_HAL_Driver/Src/stm32f4xx_hal_adc_ex.c ****       {
 585              		.loc 1 329 7 is_stmt 1 view .LVU182
 329:Drivers/STM32F4xx_HAL_Driver/Src/stm32f4xx_hal_adc_ex.c ****       {
 586              		.loc 1 329 9 is_stmt 0 view .LVU183
 587 00b8 1348     		ldr	r0, .L45+12
 588              	.LVL45:
 329:Drivers/STM32F4xx_HAL_Driver/Src/stm32f4xx_hal_adc_ex.c ****       {
 589              		.loc 1 329 9 view .LVU184
 590 00ba 8342     		cmp	r3, r0
 591 00bc 01D0     		beq	.L44
 346:Drivers/STM32F4xx_HAL_Driver/Src/stm32f4xx_hal_adc_ex.c **** }
 592              		.loc 1 346 10 view .LVU185
 593 00be 0020     		movs	r0, #0
 594 00c0 10E0     		b	.L30
 595              	.L44:
 329:Drivers/STM32F4xx_HAL_Driver/Src/stm32f4xx_hal_adc_ex.c ****       {
 596              		.loc 1 329 35 discriminator 1 view .LVU186
 597 00c2 BAB9     		cbnz	r2, .L41
 329:Drivers/STM32F4xx_HAL_Driver/Src/stm32f4xx_hal_adc_ex.c ****       {
 598              		.loc 1 329 43 discriminator 2 view .LVU187
 599 00c4 C1B9     		cbnz	r1, .L42
 332:Drivers/STM32F4xx_HAL_Driver/Src/stm32f4xx_hal_adc_ex.c ****       }
 600              		.loc 1 332 9 is_stmt 1 view .LVU188
 332:Drivers/STM32F4xx_HAL_Driver/Src/stm32f4xx_hal_adc_ex.c ****       }
 601              		.loc 1 332 23 is_stmt 0 view .LVU189
 602 00c6 9A68     		ldr	r2, [r3, #8]
 603              	.LVL46:
 332:Drivers/STM32F4xx_HAL_Driver/Src/stm32f4xx_hal_adc_ex.c ****       }
 604              		.loc 1 332 29 view .LVU190
 605 00c8 42F48002 		orr	r2, r2, #4194304
 606 00cc 9A60     		str	r2, [r3, #8]
 346:Drivers/STM32F4xx_HAL_Driver/Src/stm32f4xx_hal_adc_ex.c **** }
 607              		.loc 1 346 10 view .LVU191
 608 00ce 0020     		movs	r0, #0
 609 00d0 08E0     		b	.L30
 610              	.LVL47:
ARM GAS  /tmp/ccOoZsG0.s 			page 34


 611              	.L34:
 339:Drivers/STM32F4xx_HAL_Driver/Src/stm32f4xx_hal_adc_ex.c **** 
 612              		.loc 1 339 5 is_stmt 1 view .LVU192
 613 00d2 036C     		ldr	r3, [r0, #64]
 614 00d4 43F01003 		orr	r3, r3, #16
 615 00d8 0364     		str	r3, [r0, #64]
 342:Drivers/STM32F4xx_HAL_Driver/Src/stm32f4xx_hal_adc_ex.c ****   }
 616              		.loc 1 342 5 view .LVU193
 617 00da 436C     		ldr	r3, [r0, #68]
 618 00dc 43F00103 		orr	r3, r3, #1
 619 00e0 4364     		str	r3, [r0, #68]
 346:Drivers/STM32F4xx_HAL_Driver/Src/stm32f4xx_hal_adc_ex.c **** }
 620              		.loc 1 346 10 is_stmt 0 view .LVU194
 621 00e2 0020     		movs	r0, #0
 622              	.LVL48:
 623              	.L30:
 347:Drivers/STM32F4xx_HAL_Driver/Src/stm32f4xx_hal_adc_ex.c **** 
 624              		.loc 1 347 1 view .LVU195
 625 00e4 02B0     		add	sp, sp, #8
 626              		.cfi_remember_state
 627              		.cfi_def_cfa_offset 0
 628              		@ sp needed
 629 00e6 7047     		bx	lr
 630              	.LVL49:
 631              	.L37:
 632              		.cfi_restore_state
 257:Drivers/STM32F4xx_HAL_Driver/Src/stm32f4xx_hal_adc_ex.c ****   
 633              		.loc 1 257 3 discriminator 1 view .LVU196
 634 00e8 0220     		movs	r0, #2
 635              	.LVL50:
 257:Drivers/STM32F4xx_HAL_Driver/Src/stm32f4xx_hal_adc_ex.c ****   
 636              		.loc 1 257 3 discriminator 1 view .LVU197
 637 00ea FBE7     		b	.L30
 638              	.LVL51:
 639              	.L38:
 346:Drivers/STM32F4xx_HAL_Driver/Src/stm32f4xx_hal_adc_ex.c **** }
 640              		.loc 1 346 10 view .LVU198
 641 00ec 0020     		movs	r0, #0
 642              	.LVL52:
 346:Drivers/STM32F4xx_HAL_Driver/Src/stm32f4xx_hal_adc_ex.c **** }
 643              		.loc 1 346 10 view .LVU199
 644 00ee F9E7     		b	.L30
 645              	.LVL53:
 646              	.L39:
 346:Drivers/STM32F4xx_HAL_Driver/Src/stm32f4xx_hal_adc_ex.c **** }
 647              		.loc 1 346 10 view .LVU200
 648 00f0 0020     		movs	r0, #0
 649              	.LVL54:
 346:Drivers/STM32F4xx_HAL_Driver/Src/stm32f4xx_hal_adc_ex.c **** }
 650              		.loc 1 346 10 view .LVU201
 651 00f2 F7E7     		b	.L30
 652              	.LVL55:
 653              	.L41:
 346:Drivers/STM32F4xx_HAL_Driver/Src/stm32f4xx_hal_adc_ex.c **** }
 654              		.loc 1 346 10 view .LVU202
 655 00f4 0020     		movs	r0, #0
 656 00f6 F5E7     		b	.L30
ARM GAS  /tmp/ccOoZsG0.s 			page 35


 657              	.L42:
 658 00f8 0020     		movs	r0, #0
 659 00fa F3E7     		b	.L30
 660              	.L46:
 661              		.align	2
 662              	.L45:
 663 00fc 00000000 		.word	SystemCoreClock
 664 0100 83DE1B43 		.word	1125899907
 665 0104 00230140 		.word	1073816320
 666 0108 00200140 		.word	1073815552
 667              		.cfi_endproc
 668              	.LFE217:
 670              		.section	.text.HAL_ADCEx_InjectedStop,"ax",%progbits
 671              		.align	1
 672              		.global	HAL_ADCEx_InjectedStop
 673              		.syntax unified
 674              		.thumb
 675              		.thumb_func
 677              	HAL_ADCEx_InjectedStop:
 678              	.LVL56:
 679              	.LFB218:
 362:Drivers/STM32F4xx_HAL_Driver/Src/stm32f4xx_hal_adc_ex.c ****   HAL_StatusTypeDef tmp_hal_status = HAL_OK;
 680              		.loc 1 362 1 is_stmt 1 view -0
 681              		.cfi_startproc
 682              		@ args = 0, pretend = 0, frame = 0
 683              		@ frame_needed = 0, uses_anonymous_args = 0
 684              		@ link register save eliminated.
 362:Drivers/STM32F4xx_HAL_Driver/Src/stm32f4xx_hal_adc_ex.c ****   HAL_StatusTypeDef tmp_hal_status = HAL_OK;
 685              		.loc 1 362 1 is_stmt 0 view .LVU204
 686 0000 0346     		mov	r3, r0
 363:Drivers/STM32F4xx_HAL_Driver/Src/stm32f4xx_hal_adc_ex.c ****   
 687              		.loc 1 363 3 is_stmt 1 view .LVU205
 688              	.LVL57:
 366:Drivers/STM32F4xx_HAL_Driver/Src/stm32f4xx_hal_adc_ex.c **** 
 689              		.loc 1 366 3 view .LVU206
 369:Drivers/STM32F4xx_HAL_Driver/Src/stm32f4xx_hal_adc_ex.c ****     
 690              		.loc 1 369 3 view .LVU207
 369:Drivers/STM32F4xx_HAL_Driver/Src/stm32f4xx_hal_adc_ex.c ****     
 691              		.loc 1 369 3 view .LVU208
 692 0002 90F83C20 		ldrb	r2, [r0, #60]	@ zero_extendqisi2
 693 0006 012A     		cmp	r2, #1
 694 0008 29D0     		beq	.L51
 369:Drivers/STM32F4xx_HAL_Driver/Src/stm32f4xx_hal_adc_ex.c ****     
 695              		.loc 1 369 3 discriminator 2 view .LVU209
 696 000a 0122     		movs	r2, #1
 697 000c 80F83C20 		strb	r2, [r0, #60]
 369:Drivers/STM32F4xx_HAL_Driver/Src/stm32f4xx_hal_adc_ex.c ****     
 698              		.loc 1 369 3 discriminator 2 view .LVU210
 377:Drivers/STM32F4xx_HAL_Driver/Src/stm32f4xx_hal_adc_ex.c ****      HAL_IS_BIT_CLR(hadc->Instance->CR1, ADC_CR1_JAUTO)   )
 699              		.loc 1 377 3 view .LVU211
 377:Drivers/STM32F4xx_HAL_Driver/Src/stm32f4xx_hal_adc_ex.c ****      HAL_IS_BIT_CLR(hadc->Instance->CR1, ADC_CR1_JAUTO)   )
 700              		.loc 1 377 12 is_stmt 0 view .LVU212
 701 0010 026C     		ldr	r2, [r0, #64]
 377:Drivers/STM32F4xx_HAL_Driver/Src/stm32f4xx_hal_adc_ex.c ****      HAL_IS_BIT_CLR(hadc->Instance->CR1, ADC_CR1_JAUTO)   )
 702              		.loc 1 377 5 view .LVU213
 703 0012 12F4807F 		tst	r2, #256
 704 0016 17D1     		bne	.L49
ARM GAS  /tmp/ccOoZsG0.s 			page 36


 378:Drivers/STM32F4xx_HAL_Driver/Src/stm32f4xx_hal_adc_ex.c ****   {
 705              		.loc 1 378 6 view .LVU214
 706 0018 0268     		ldr	r2, [r0]
 707 001a 5168     		ldr	r1, [r2, #4]
 377:Drivers/STM32F4xx_HAL_Driver/Src/stm32f4xx_hal_adc_ex.c ****      HAL_IS_BIT_CLR(hadc->Instance->CR1, ADC_CR1_JAUTO)   )
 708              		.loc 1 377 57 discriminator 1 view .LVU215
 709 001c 11F4806F 		tst	r1, #1024
 710 0020 12D1     		bne	.L49
 382:Drivers/STM32F4xx_HAL_Driver/Src/stm32f4xx_hal_adc_ex.c ****     
 711              		.loc 1 382 5 is_stmt 1 view .LVU216
 712 0022 9168     		ldr	r1, [r2, #8]
 713 0024 21F00101 		bic	r1, r1, #1
 714 0028 9160     		str	r1, [r2, #8]
 385:Drivers/STM32F4xx_HAL_Driver/Src/stm32f4xx_hal_adc_ex.c ****     {
 715              		.loc 1 385 5 view .LVU217
 385:Drivers/STM32F4xx_HAL_Driver/Src/stm32f4xx_hal_adc_ex.c ****     {
 716              		.loc 1 385 8 is_stmt 0 view .LVU218
 717 002a 0268     		ldr	r2, [r0]
 718 002c 9268     		ldr	r2, [r2, #8]
 385:Drivers/STM32F4xx_HAL_Driver/Src/stm32f4xx_hal_adc_ex.c ****     {
 719              		.loc 1 385 7 view .LVU219
 720 002e 12F0010F 		tst	r2, #1
 721 0032 12D1     		bne	.L52
 388:Drivers/STM32F4xx_HAL_Driver/Src/stm32f4xx_hal_adc_ex.c ****                         HAL_ADC_STATE_REG_BUSY | HAL_ADC_STATE_INJ_BUSY,
 722              		.loc 1 388 7 is_stmt 1 view .LVU220
 723 0034 026C     		ldr	r2, [r0, #64]
 724 0036 22F48852 		bic	r2, r2, #4352
 725 003a 22F00102 		bic	r2, r2, #1
 726 003e 42F00102 		orr	r2, r2, #1
 727 0042 0264     		str	r2, [r0, #64]
 363:Drivers/STM32F4xx_HAL_Driver/Src/stm32f4xx_hal_adc_ex.c ****   
 728              		.loc 1 363 21 is_stmt 0 view .LVU221
 729 0044 0020     		movs	r0, #0
 730              	.LVL58:
 363:Drivers/STM32F4xx_HAL_Driver/Src/stm32f4xx_hal_adc_ex.c ****   
 731              		.loc 1 363 21 view .LVU222
 732 0046 04E0     		b	.L50
 733              	.LVL59:
 734              	.L49:
 396:Drivers/STM32F4xx_HAL_Driver/Src/stm32f4xx_hal_adc_ex.c ****       
 735              		.loc 1 396 5 is_stmt 1 view .LVU223
 736 0048 1A6C     		ldr	r2, [r3, #64]
 737 004a 42F02002 		orr	r2, r2, #32
 738 004e 1A64     		str	r2, [r3, #64]
 398:Drivers/STM32F4xx_HAL_Driver/Src/stm32f4xx_hal_adc_ex.c ****   }
 739              		.loc 1 398 5 view .LVU224
 740              	.LVL60:
 398:Drivers/STM32F4xx_HAL_Driver/Src/stm32f4xx_hal_adc_ex.c ****   }
 741              		.loc 1 398 20 is_stmt 0 view .LVU225
 742 0050 0120     		movs	r0, #1
 743              	.LVL61:
 744              	.L50:
 402:Drivers/STM32F4xx_HAL_Driver/Src/stm32f4xx_hal_adc_ex.c ****   
 745              		.loc 1 402 3 is_stmt 1 view .LVU226
 402:Drivers/STM32F4xx_HAL_Driver/Src/stm32f4xx_hal_adc_ex.c ****   
 746              		.loc 1 402 3 view .LVU227
 747 0052 0022     		movs	r2, #0
ARM GAS  /tmp/ccOoZsG0.s 			page 37


 748 0054 83F83C20 		strb	r2, [r3, #60]
 402:Drivers/STM32F4xx_HAL_Driver/Src/stm32f4xx_hal_adc_ex.c ****   
 749              		.loc 1 402 3 view .LVU228
 405:Drivers/STM32F4xx_HAL_Driver/Src/stm32f4xx_hal_adc_ex.c **** }
 750              		.loc 1 405 3 view .LVU229
 405:Drivers/STM32F4xx_HAL_Driver/Src/stm32f4xx_hal_adc_ex.c **** }
 751              		.loc 1 405 10 is_stmt 0 view .LVU230
 752 0058 7047     		bx	lr
 753              	.LVL62:
 754              	.L52:
 363:Drivers/STM32F4xx_HAL_Driver/Src/stm32f4xx_hal_adc_ex.c ****   
 755              		.loc 1 363 21 view .LVU231
 756 005a 0020     		movs	r0, #0
 757              	.LVL63:
 363:Drivers/STM32F4xx_HAL_Driver/Src/stm32f4xx_hal_adc_ex.c ****   
 758              		.loc 1 363 21 view .LVU232
 759 005c F9E7     		b	.L50
 760              	.LVL64:
 761              	.L51:
 369:Drivers/STM32F4xx_HAL_Driver/Src/stm32f4xx_hal_adc_ex.c ****     
 762              		.loc 1 369 3 discriminator 1 view .LVU233
 763 005e 0220     		movs	r0, #2
 764              	.LVL65:
 406:Drivers/STM32F4xx_HAL_Driver/Src/stm32f4xx_hal_adc_ex.c **** 
 765              		.loc 1 406 1 view .LVU234
 766 0060 7047     		bx	lr
 767              		.cfi_endproc
 768              	.LFE218:
 770              		.section	.text.HAL_ADCEx_InjectedPollForConversion,"ax",%progbits
 771              		.align	1
 772              		.global	HAL_ADCEx_InjectedPollForConversion
 773              		.syntax unified
 774              		.thumb
 775              		.thumb_func
 777              	HAL_ADCEx_InjectedPollForConversion:
 778              	.LVL66:
 779              	.LFB219:
 416:Drivers/STM32F4xx_HAL_Driver/Src/stm32f4xx_hal_adc_ex.c ****   uint32_t tickstart = 0U;
 780              		.loc 1 416 1 is_stmt 1 view -0
 781              		.cfi_startproc
 782              		@ args = 0, pretend = 0, frame = 0
 783              		@ frame_needed = 0, uses_anonymous_args = 0
 416:Drivers/STM32F4xx_HAL_Driver/Src/stm32f4xx_hal_adc_ex.c ****   uint32_t tickstart = 0U;
 784              		.loc 1 416 1 is_stmt 0 view .LVU236
 785 0000 70B5     		push	{r4, r5, r6, lr}
 786              		.cfi_def_cfa_offset 16
 787              		.cfi_offset 4, -16
 788              		.cfi_offset 5, -12
 789              		.cfi_offset 6, -8
 790              		.cfi_offset 14, -4
 791 0002 0446     		mov	r4, r0
 792 0004 0D46     		mov	r5, r1
 417:Drivers/STM32F4xx_HAL_Driver/Src/stm32f4xx_hal_adc_ex.c **** 
 793              		.loc 1 417 3 is_stmt 1 view .LVU237
 794              	.LVL67:
 420:Drivers/STM32F4xx_HAL_Driver/Src/stm32f4xx_hal_adc_ex.c **** 
 795              		.loc 1 420 3 view .LVU238
ARM GAS  /tmp/ccOoZsG0.s 			page 38


 420:Drivers/STM32F4xx_HAL_Driver/Src/stm32f4xx_hal_adc_ex.c **** 
 796              		.loc 1 420 15 is_stmt 0 view .LVU239
 797 0006 FFF7FEFF 		bl	HAL_GetTick
 798              	.LVL68:
 420:Drivers/STM32F4xx_HAL_Driver/Src/stm32f4xx_hal_adc_ex.c **** 
 799              		.loc 1 420 15 view .LVU240
 800 000a 0646     		mov	r6, r0
 801              	.LVL69:
 423:Drivers/STM32F4xx_HAL_Driver/Src/stm32f4xx_hal_adc_ex.c ****   {
 802              		.loc 1 423 3 is_stmt 1 view .LVU241
 803              	.L55:
 423:Drivers/STM32F4xx_HAL_Driver/Src/stm32f4xx_hal_adc_ex.c ****   {
 804              		.loc 1 423 9 view .LVU242
 423:Drivers/STM32F4xx_HAL_Driver/Src/stm32f4xx_hal_adc_ex.c ****   {
 805              		.loc 1 423 11 is_stmt 0 view .LVU243
 806 000c 2368     		ldr	r3, [r4]
 807 000e 1A68     		ldr	r2, [r3]
 423:Drivers/STM32F4xx_HAL_Driver/Src/stm32f4xx_hal_adc_ex.c ****   {
 808              		.loc 1 423 9 view .LVU244
 809 0010 12F0040F 		tst	r2, #4
 810 0014 15D1     		bne	.L67
 426:Drivers/STM32F4xx_HAL_Driver/Src/stm32f4xx_hal_adc_ex.c ****     {
 811              		.loc 1 426 5 is_stmt 1 view .LVU245
 426:Drivers/STM32F4xx_HAL_Driver/Src/stm32f4xx_hal_adc_ex.c ****     {
 812              		.loc 1 426 7 is_stmt 0 view .LVU246
 813 0016 B5F1FF3F 		cmp	r5, #-1
 814 001a F7D0     		beq	.L55
 428:Drivers/STM32F4xx_HAL_Driver/Src/stm32f4xx_hal_adc_ex.c ****       {
 815              		.loc 1 428 7 is_stmt 1 view .LVU247
 428:Drivers/STM32F4xx_HAL_Driver/Src/stm32f4xx_hal_adc_ex.c ****       {
 816              		.loc 1 428 9 is_stmt 0 view .LVU248
 817 001c 5DB9     		cbnz	r5, .L68
 818              	.L56:
 431:Drivers/STM32F4xx_HAL_Driver/Src/stm32f4xx_hal_adc_ex.c ****         {
 819              		.loc 1 431 9 is_stmt 1 view .LVU249
 431:Drivers/STM32F4xx_HAL_Driver/Src/stm32f4xx_hal_adc_ex.c ****         {
 820              		.loc 1 431 14 is_stmt 0 view .LVU250
 821 001e 2368     		ldr	r3, [r4]
 822 0020 1B68     		ldr	r3, [r3]
 431:Drivers/STM32F4xx_HAL_Driver/Src/stm32f4xx_hal_adc_ex.c ****         {
 823              		.loc 1 431 11 view .LVU251
 824 0022 13F0040F 		tst	r3, #4
 825 0026 F1D1     		bne	.L55
 433:Drivers/STM32F4xx_HAL_Driver/Src/stm32f4xx_hal_adc_ex.c ****           /* Process unlocked */
 826              		.loc 1 433 11 is_stmt 1 view .LVU252
 433:Drivers/STM32F4xx_HAL_Driver/Src/stm32f4xx_hal_adc_ex.c ****           /* Process unlocked */
 827              		.loc 1 433 22 is_stmt 0 view .LVU253
 828 0028 0423     		movs	r3, #4
 829 002a 2364     		str	r3, [r4, #64]
 435:Drivers/STM32F4xx_HAL_Driver/Src/stm32f4xx_hal_adc_ex.c ****           return HAL_TIMEOUT;
 830              		.loc 1 435 11 is_stmt 1 view .LVU254
 435:Drivers/STM32F4xx_HAL_Driver/Src/stm32f4xx_hal_adc_ex.c ****           return HAL_TIMEOUT;
 831              		.loc 1 435 11 view .LVU255
 832 002c 0023     		movs	r3, #0
 833 002e 84F83C30 		strb	r3, [r4, #60]
 435:Drivers/STM32F4xx_HAL_Driver/Src/stm32f4xx_hal_adc_ex.c ****           return HAL_TIMEOUT;
 834              		.loc 1 435 11 view .LVU256
ARM GAS  /tmp/ccOoZsG0.s 			page 39


 436:Drivers/STM32F4xx_HAL_Driver/Src/stm32f4xx_hal_adc_ex.c ****         }
 835              		.loc 1 436 11 view .LVU257
 436:Drivers/STM32F4xx_HAL_Driver/Src/stm32f4xx_hal_adc_ex.c ****         }
 836              		.loc 1 436 18 is_stmt 0 view .LVU258
 837 0032 0320     		movs	r0, #3
 838 0034 31E0     		b	.L58
 839              	.L68:
 428:Drivers/STM32F4xx_HAL_Driver/Src/stm32f4xx_hal_adc_ex.c ****       {
 840              		.loc 1 428 29 discriminator 1 view .LVU259
 841 0036 FFF7FEFF 		bl	HAL_GetTick
 842              	.LVL70:
 428:Drivers/STM32F4xx_HAL_Driver/Src/stm32f4xx_hal_adc_ex.c ****       {
 843              		.loc 1 428 43 discriminator 1 view .LVU260
 844 003a 801B     		subs	r0, r0, r6
 428:Drivers/STM32F4xx_HAL_Driver/Src/stm32f4xx_hal_adc_ex.c ****       {
 845              		.loc 1 428 25 discriminator 1 view .LVU261
 846 003c A842     		cmp	r0, r5
 847 003e E5D9     		bls	.L55
 848 0040 EDE7     		b	.L56
 849              	.L67:
 443:Drivers/STM32F4xx_HAL_Driver/Src/stm32f4xx_hal_adc_ex.c ****     
 850              		.loc 1 443 3 is_stmt 1 view .LVU262
 851 0042 6FF00C02 		mvn	r2, #12
 852 0046 1A60     		str	r2, [r3]
 446:Drivers/STM32F4xx_HAL_Driver/Src/stm32f4xx_hal_adc_ex.c ****   
 853              		.loc 1 446 3 view .LVU263
 854 0048 236C     		ldr	r3, [r4, #64]
 855 004a 43F40053 		orr	r3, r3, #8192
 856 004e 2364     		str	r3, [r4, #64]
 454:Drivers/STM32F4xx_HAL_Driver/Src/stm32f4xx_hal_adc_ex.c ****      (HAL_IS_BIT_CLR(hadc->Instance->JSQR, ADC_JSQR_JL)  ||
 857              		.loc 1 454 3 view .LVU264
 454:Drivers/STM32F4xx_HAL_Driver/Src/stm32f4xx_hal_adc_ex.c ****      (HAL_IS_BIT_CLR(hadc->Instance->JSQR, ADC_JSQR_JL)  ||
 858              		.loc 1 454 6 is_stmt 0 view .LVU265
 859 0050 2368     		ldr	r3, [r4]
 860 0052 9A68     		ldr	r2, [r3, #8]
 454:Drivers/STM32F4xx_HAL_Driver/Src/stm32f4xx_hal_adc_ex.c ****      (HAL_IS_BIT_CLR(hadc->Instance->JSQR, ADC_JSQR_JL)  ||
 861              		.loc 1 454 5 view .LVU266
 862 0054 12F4401F 		tst	r2, #3145728
 863 0058 1ED1     		bne	.L61
 455:Drivers/STM32F4xx_HAL_Driver/Src/stm32f4xx_hal_adc_ex.c ****       HAL_IS_BIT_CLR(hadc->Instance->CR2, ADC_CR2_EOCS)    ) &&
 864              		.loc 1 455 7 view .LVU267
 865 005a 9A6B     		ldr	r2, [r3, #56]
 454:Drivers/STM32F4xx_HAL_Driver/Src/stm32f4xx_hal_adc_ex.c ****      (HAL_IS_BIT_CLR(hadc->Instance->JSQR, ADC_JSQR_JL)  ||
 866              		.loc 1 454 62 discriminator 1 view .LVU268
 867 005c 12F4401F 		tst	r2, #3145728
 868 0060 03D0     		beq	.L60
 456:Drivers/STM32F4xx_HAL_Driver/Src/stm32f4xx_hal_adc_ex.c ****      (HAL_IS_BIT_CLR(hadc->Instance->CR1, ADC_CR1_JAUTO) &&
 869              		.loc 1 456 7 view .LVU269
 870 0062 9A68     		ldr	r2, [r3, #8]
 455:Drivers/STM32F4xx_HAL_Driver/Src/stm32f4xx_hal_adc_ex.c ****       HAL_IS_BIT_CLR(hadc->Instance->CR2, ADC_CR2_EOCS)    ) &&
 871              		.loc 1 455 58 view .LVU270
 872 0064 12F4806F 		tst	r2, #1024
 873 0068 18D1     		bne	.L62
 874              	.L60:
 457:Drivers/STM32F4xx_HAL_Driver/Src/stm32f4xx_hal_adc_ex.c ****       (ADC_IS_SOFTWARE_START_REGULAR(hadc)       &&
 875              		.loc 1 457 7 view .LVU271
 876 006a 5A68     		ldr	r2, [r3, #4]
ARM GAS  /tmp/ccOoZsG0.s 			page 40


 456:Drivers/STM32F4xx_HAL_Driver/Src/stm32f4xx_hal_adc_ex.c ****      (HAL_IS_BIT_CLR(hadc->Instance->CR1, ADC_CR1_JAUTO) &&
 877              		.loc 1 456 62 view .LVU272
 878 006c 12F4806F 		tst	r2, #1024
 879 0070 16D1     		bne	.L63
 458:Drivers/STM32F4xx_HAL_Driver/Src/stm32f4xx_hal_adc_ex.c ****       (hadc->Init.ContinuousConvMode == DISABLE)   )       )   )
 880              		.loc 1 458 8 view .LVU273
 881 0072 9B68     		ldr	r3, [r3, #8]
 457:Drivers/STM32F4xx_HAL_Driver/Src/stm32f4xx_hal_adc_ex.c ****       (ADC_IS_SOFTWARE_START_REGULAR(hadc)       &&
 882              		.loc 1 457 58 view .LVU274
 883 0074 13F0405F 		tst	r3, #805306368
 884 0078 14D1     		bne	.L64
 459:Drivers/STM32F4xx_HAL_Driver/Src/stm32f4xx_hal_adc_ex.c ****   {
 885              		.loc 1 459 18 view .LVU275
 886 007a 207E     		ldrb	r0, [r4, #24]	@ zero_extendqisi2
 458:Drivers/STM32F4xx_HAL_Driver/Src/stm32f4xx_hal_adc_ex.c ****       (hadc->Init.ContinuousConvMode == DISABLE)   )       )   )
 887              		.loc 1 458 50 view .LVU276
 888 007c A0B9     		cbnz	r0, .L65
 462:Drivers/STM32F4xx_HAL_Driver/Src/stm32f4xx_hal_adc_ex.c ****     
 889              		.loc 1 462 5 is_stmt 1 view .LVU277
 890 007e 236C     		ldr	r3, [r4, #64]
 891 0080 23F48053 		bic	r3, r3, #4096
 892 0084 2364     		str	r3, [r4, #64]
 464:Drivers/STM32F4xx_HAL_Driver/Src/stm32f4xx_hal_adc_ex.c ****     { 
 893              		.loc 1 464 5 view .LVU278
 464:Drivers/STM32F4xx_HAL_Driver/Src/stm32f4xx_hal_adc_ex.c ****     { 
 894              		.loc 1 464 9 is_stmt 0 view .LVU279
 895 0086 236C     		ldr	r3, [r4, #64]
 464:Drivers/STM32F4xx_HAL_Driver/Src/stm32f4xx_hal_adc_ex.c ****     { 
 896              		.loc 1 464 8 view .LVU280
 897 0088 13F4807F 		tst	r3, #256
 898 008c 05D1     		bne	.L58
 466:Drivers/STM32F4xx_HAL_Driver/Src/stm32f4xx_hal_adc_ex.c ****     }
 899              		.loc 1 466 7 is_stmt 1 view .LVU281
 900 008e 236C     		ldr	r3, [r4, #64]
 901 0090 43F00103 		orr	r3, r3, #1
 902 0094 2364     		str	r3, [r4, #64]
 903 0096 00E0     		b	.L58
 904              	.L61:
 471:Drivers/STM32F4xx_HAL_Driver/Src/stm32f4xx_hal_adc_ex.c **** }      
 905              		.loc 1 471 10 is_stmt 0 view .LVU282
 906 0098 0020     		movs	r0, #0
 907              	.L58:
 472:Drivers/STM32F4xx_HAL_Driver/Src/stm32f4xx_hal_adc_ex.c ****   
 908              		.loc 1 472 1 view .LVU283
 909 009a 70BD     		pop	{r4, r5, r6, pc}
 910              	.LVL71:
 911              	.L62:
 471:Drivers/STM32F4xx_HAL_Driver/Src/stm32f4xx_hal_adc_ex.c **** }      
 912              		.loc 1 471 10 view .LVU284
 913 009c 0020     		movs	r0, #0
 914 009e FCE7     		b	.L58
 915              	.L63:
 916 00a0 0020     		movs	r0, #0
 917 00a2 FAE7     		b	.L58
 918              	.L64:
 919 00a4 0020     		movs	r0, #0
 920 00a6 F8E7     		b	.L58
ARM GAS  /tmp/ccOoZsG0.s 			page 41


 921              	.L65:
 471:Drivers/STM32F4xx_HAL_Driver/Src/stm32f4xx_hal_adc_ex.c **** }      
 922              		.loc 1 471 10 view .LVU285
 923 00a8 0020     		movs	r0, #0
 924 00aa F6E7     		b	.L58
 925              		.cfi_endproc
 926              	.LFE219:
 928              		.section	.text.HAL_ADCEx_InjectedStop_IT,"ax",%progbits
 929              		.align	1
 930              		.global	HAL_ADCEx_InjectedStop_IT
 931              		.syntax unified
 932              		.thumb
 933              		.thumb_func
 935              	HAL_ADCEx_InjectedStop_IT:
 936              	.LVL72:
 937              	.LFB220:
 487:Drivers/STM32F4xx_HAL_Driver/Src/stm32f4xx_hal_adc_ex.c ****   HAL_StatusTypeDef tmp_hal_status = HAL_OK;
 938              		.loc 1 487 1 is_stmt 1 view -0
 939              		.cfi_startproc
 940              		@ args = 0, pretend = 0, frame = 0
 941              		@ frame_needed = 0, uses_anonymous_args = 0
 942              		@ link register save eliminated.
 487:Drivers/STM32F4xx_HAL_Driver/Src/stm32f4xx_hal_adc_ex.c ****   HAL_StatusTypeDef tmp_hal_status = HAL_OK;
 943              		.loc 1 487 1 is_stmt 0 view .LVU287
 944 0000 0346     		mov	r3, r0
 488:Drivers/STM32F4xx_HAL_Driver/Src/stm32f4xx_hal_adc_ex.c ****   
 945              		.loc 1 488 3 is_stmt 1 view .LVU288
 946              	.LVL73:
 491:Drivers/STM32F4xx_HAL_Driver/Src/stm32f4xx_hal_adc_ex.c **** 
 947              		.loc 1 491 3 view .LVU289
 494:Drivers/STM32F4xx_HAL_Driver/Src/stm32f4xx_hal_adc_ex.c ****     
 948              		.loc 1 494 3 view .LVU290
 494:Drivers/STM32F4xx_HAL_Driver/Src/stm32f4xx_hal_adc_ex.c ****     
 949              		.loc 1 494 3 view .LVU291
 950 0002 90F83C20 		ldrb	r2, [r0, #60]	@ zero_extendqisi2
 951 0006 012A     		cmp	r2, #1
 952 0008 2DD0     		beq	.L73
 494:Drivers/STM32F4xx_HAL_Driver/Src/stm32f4xx_hal_adc_ex.c ****     
 953              		.loc 1 494 3 discriminator 2 view .LVU292
 954 000a 0122     		movs	r2, #1
 955 000c 80F83C20 		strb	r2, [r0, #60]
 494:Drivers/STM32F4xx_HAL_Driver/Src/stm32f4xx_hal_adc_ex.c ****     
 956              		.loc 1 494 3 discriminator 2 view .LVU293
 502:Drivers/STM32F4xx_HAL_Driver/Src/stm32f4xx_hal_adc_ex.c ****      HAL_IS_BIT_CLR(hadc->Instance->CR1, ADC_CR1_JAUTO)   )
 957              		.loc 1 502 3 view .LVU294
 502:Drivers/STM32F4xx_HAL_Driver/Src/stm32f4xx_hal_adc_ex.c ****      HAL_IS_BIT_CLR(hadc->Instance->CR1, ADC_CR1_JAUTO)   )
 958              		.loc 1 502 12 is_stmt 0 view .LVU295
 959 0010 026C     		ldr	r2, [r0, #64]
 502:Drivers/STM32F4xx_HAL_Driver/Src/stm32f4xx_hal_adc_ex.c ****      HAL_IS_BIT_CLR(hadc->Instance->CR1, ADC_CR1_JAUTO)   )
 960              		.loc 1 502 5 view .LVU296
 961 0012 12F4807F 		tst	r2, #256
 962 0016 1BD1     		bne	.L71
 503:Drivers/STM32F4xx_HAL_Driver/Src/stm32f4xx_hal_adc_ex.c ****   {
 963              		.loc 1 503 6 view .LVU297
 964 0018 0268     		ldr	r2, [r0]
 965 001a 5168     		ldr	r1, [r2, #4]
 502:Drivers/STM32F4xx_HAL_Driver/Src/stm32f4xx_hal_adc_ex.c ****      HAL_IS_BIT_CLR(hadc->Instance->CR1, ADC_CR1_JAUTO)   )
ARM GAS  /tmp/ccOoZsG0.s 			page 42


 966              		.loc 1 502 57 discriminator 1 view .LVU298
 967 001c 11F4806F 		tst	r1, #1024
 968 0020 16D1     		bne	.L71
 507:Drivers/STM32F4xx_HAL_Driver/Src/stm32f4xx_hal_adc_ex.c ****     
 969              		.loc 1 507 5 is_stmt 1 view .LVU299
 970 0022 9168     		ldr	r1, [r2, #8]
 971 0024 21F00101 		bic	r1, r1, #1
 972 0028 9160     		str	r1, [r2, #8]
 510:Drivers/STM32F4xx_HAL_Driver/Src/stm32f4xx_hal_adc_ex.c ****     {
 973              		.loc 1 510 5 view .LVU300
 510:Drivers/STM32F4xx_HAL_Driver/Src/stm32f4xx_hal_adc_ex.c ****     {
 974              		.loc 1 510 8 is_stmt 0 view .LVU301
 975 002a 0268     		ldr	r2, [r0]
 976 002c 9168     		ldr	r1, [r2, #8]
 510:Drivers/STM32F4xx_HAL_Driver/Src/stm32f4xx_hal_adc_ex.c ****     {
 977              		.loc 1 510 7 view .LVU302
 978 002e 11F0010F 		tst	r1, #1
 979 0032 16D1     		bne	.L74
 513:Drivers/STM32F4xx_HAL_Driver/Src/stm32f4xx_hal_adc_ex.c ****       
 980              		.loc 1 513 7 is_stmt 1 view .LVU303
 981 0034 5168     		ldr	r1, [r2, #4]
 982 0036 21F08001 		bic	r1, r1, #128
 983 003a 5160     		str	r1, [r2, #4]
 516:Drivers/STM32F4xx_HAL_Driver/Src/stm32f4xx_hal_adc_ex.c ****                         HAL_ADC_STATE_REG_BUSY | HAL_ADC_STATE_INJ_BUSY,
 984              		.loc 1 516 7 view .LVU304
 985 003c 026C     		ldr	r2, [r0, #64]
 986 003e 22F48852 		bic	r2, r2, #4352
 987 0042 22F00102 		bic	r2, r2, #1
 988 0046 42F00102 		orr	r2, r2, #1
 989 004a 0264     		str	r2, [r0, #64]
 488:Drivers/STM32F4xx_HAL_Driver/Src/stm32f4xx_hal_adc_ex.c ****   
 990              		.loc 1 488 21 is_stmt 0 view .LVU305
 991 004c 0020     		movs	r0, #0
 992              	.LVL74:
 488:Drivers/STM32F4xx_HAL_Driver/Src/stm32f4xx_hal_adc_ex.c ****   
 993              		.loc 1 488 21 view .LVU306
 994 004e 04E0     		b	.L72
 995              	.LVL75:
 996              	.L71:
 524:Drivers/STM32F4xx_HAL_Driver/Src/stm32f4xx_hal_adc_ex.c ****       
 997              		.loc 1 524 5 is_stmt 1 view .LVU307
 998 0050 1A6C     		ldr	r2, [r3, #64]
 999 0052 42F02002 		orr	r2, r2, #32
 1000 0056 1A64     		str	r2, [r3, #64]
 526:Drivers/STM32F4xx_HAL_Driver/Src/stm32f4xx_hal_adc_ex.c ****   }
 1001              		.loc 1 526 5 view .LVU308
 1002              	.LVL76:
 526:Drivers/STM32F4xx_HAL_Driver/Src/stm32f4xx_hal_adc_ex.c ****   }
 1003              		.loc 1 526 20 is_stmt 0 view .LVU309
 1004 0058 0120     		movs	r0, #1
 1005              	.LVL77:
 1006              	.L72:
 530:Drivers/STM32F4xx_HAL_Driver/Src/stm32f4xx_hal_adc_ex.c ****   
 1007              		.loc 1 530 3 is_stmt 1 view .LVU310
 530:Drivers/STM32F4xx_HAL_Driver/Src/stm32f4xx_hal_adc_ex.c ****   
 1008              		.loc 1 530 3 view .LVU311
 1009 005a 0022     		movs	r2, #0
ARM GAS  /tmp/ccOoZsG0.s 			page 43


 1010 005c 83F83C20 		strb	r2, [r3, #60]
 530:Drivers/STM32F4xx_HAL_Driver/Src/stm32f4xx_hal_adc_ex.c ****   
 1011              		.loc 1 530 3 view .LVU312
 533:Drivers/STM32F4xx_HAL_Driver/Src/stm32f4xx_hal_adc_ex.c **** }
 1012              		.loc 1 533 3 view .LVU313
 533:Drivers/STM32F4xx_HAL_Driver/Src/stm32f4xx_hal_adc_ex.c **** }
 1013              		.loc 1 533 10 is_stmt 0 view .LVU314
 1014 0060 7047     		bx	lr
 1015              	.LVL78:
 1016              	.L74:
 488:Drivers/STM32F4xx_HAL_Driver/Src/stm32f4xx_hal_adc_ex.c ****   
 1017              		.loc 1 488 21 view .LVU315
 1018 0062 0020     		movs	r0, #0
 1019              	.LVL79:
 488:Drivers/STM32F4xx_HAL_Driver/Src/stm32f4xx_hal_adc_ex.c ****   
 1020              		.loc 1 488 21 view .LVU316
 1021 0064 F9E7     		b	.L72
 1022              	.LVL80:
 1023              	.L73:
 494:Drivers/STM32F4xx_HAL_Driver/Src/stm32f4xx_hal_adc_ex.c ****     
 1024              		.loc 1 494 3 discriminator 1 view .LVU317
 1025 0066 0220     		movs	r0, #2
 1026              	.LVL81:
 534:Drivers/STM32F4xx_HAL_Driver/Src/stm32f4xx_hal_adc_ex.c **** 
 1027              		.loc 1 534 1 view .LVU318
 1028 0068 7047     		bx	lr
 1029              		.cfi_endproc
 1030              	.LFE220:
 1032              		.section	.text.HAL_ADCEx_InjectedGetValue,"ax",%progbits
 1033              		.align	1
 1034              		.global	HAL_ADCEx_InjectedGetValue
 1035              		.syntax unified
 1036              		.thumb
 1037              		.thumb_func
 1039              	HAL_ADCEx_InjectedGetValue:
 1040              	.LVL82:
 1041              	.LFB221:
 549:Drivers/STM32F4xx_HAL_Driver/Src/stm32f4xx_hal_adc_ex.c ****   __IO uint32_t tmp = 0U;
 1042              		.loc 1 549 1 is_stmt 1 view -0
 1043              		.cfi_startproc
 1044              		@ args = 0, pretend = 0, frame = 8
 1045              		@ frame_needed = 0, uses_anonymous_args = 0
 1046              		@ link register save eliminated.
 549:Drivers/STM32F4xx_HAL_Driver/Src/stm32f4xx_hal_adc_ex.c ****   __IO uint32_t tmp = 0U;
 1047              		.loc 1 549 1 is_stmt 0 view .LVU320
 1048 0000 82B0     		sub	sp, sp, #8
 1049              		.cfi_def_cfa_offset 8
 550:Drivers/STM32F4xx_HAL_Driver/Src/stm32f4xx_hal_adc_ex.c ****   
 1050              		.loc 1 550 3 is_stmt 1 view .LVU321
 550:Drivers/STM32F4xx_HAL_Driver/Src/stm32f4xx_hal_adc_ex.c ****   
 1051              		.loc 1 550 17 is_stmt 0 view .LVU322
 1052 0002 0023     		movs	r3, #0
 1053 0004 0193     		str	r3, [sp, #4]
 553:Drivers/STM32F4xx_HAL_Driver/Src/stm32f4xx_hal_adc_ex.c ****   
 1054              		.loc 1 553 3 is_stmt 1 view .LVU323
 557:Drivers/STM32F4xx_HAL_Driver/Src/stm32f4xx_hal_adc_ex.c ****   
 1055              		.loc 1 557 3 view .LVU324
ARM GAS  /tmp/ccOoZsG0.s 			page 44


 1056 0006 0368     		ldr	r3, [r0]
 1057 0008 6FF00402 		mvn	r2, #4
 1058 000c 1A60     		str	r2, [r3]
 560:Drivers/STM32F4xx_HAL_Driver/Src/stm32f4xx_hal_adc_ex.c ****   {  
 1059              		.loc 1 560 3 view .LVU325
 1060 000e 0139     		subs	r1, r1, #1
 1061              	.LVL83:
 560:Drivers/STM32F4xx_HAL_Driver/Src/stm32f4xx_hal_adc_ex.c ****   {  
 1062              		.loc 1 560 3 is_stmt 0 view .LVU326
 1063 0010 0329     		cmp	r1, #3
 1064 0012 06D8     		bhi	.L76
 1065 0014 DFE801F0 		tbb	[pc, r1]
 1066              	.L78:
 1067 0018 10       		.byte	(.L81-.L78)/2
 1068 0019 0C       		.byte	(.L80-.L78)/2
 1069 001a 08       		.byte	(.L79-.L78)/2
 1070 001b 02       		.byte	(.L77-.L78)/2
 1071              		.p2align 1
 1072              	.L77:
 564:Drivers/STM32F4xx_HAL_Driver/Src/stm32f4xx_hal_adc_ex.c ****     }  
 1073              		.loc 1 564 7 is_stmt 1 view .LVU327
 564:Drivers/STM32F4xx_HAL_Driver/Src/stm32f4xx_hal_adc_ex.c ****     }  
 1074              		.loc 1 564 18 is_stmt 0 view .LVU328
 1075 001c 0368     		ldr	r3, [r0]
 564:Drivers/STM32F4xx_HAL_Driver/Src/stm32f4xx_hal_adc_ex.c ****     }  
 1076              		.loc 1 564 28 view .LVU329
 1077 001e 9B6C     		ldr	r3, [r3, #72]
 564:Drivers/STM32F4xx_HAL_Driver/Src/stm32f4xx_hal_adc_ex.c ****     }  
 1078              		.loc 1 564 11 view .LVU330
 1079 0020 0193     		str	r3, [sp, #4]
 566:Drivers/STM32F4xx_HAL_Driver/Src/stm32f4xx_hal_adc_ex.c ****     case ADC_INJECTED_RANK_3: 
 1080              		.loc 1 566 5 is_stmt 1 view .LVU331
 1081              	.L76:
 585:Drivers/STM32F4xx_HAL_Driver/Src/stm32f4xx_hal_adc_ex.c **** }
 1082              		.loc 1 585 3 view .LVU332
 585:Drivers/STM32F4xx_HAL_Driver/Src/stm32f4xx_hal_adc_ex.c **** }
 1083              		.loc 1 585 10 is_stmt 0 view .LVU333
 1084 0022 0198     		ldr	r0, [sp, #4]
 1085              	.LVL84:
 586:Drivers/STM32F4xx_HAL_Driver/Src/stm32f4xx_hal_adc_ex.c **** 
 1086              		.loc 1 586 1 view .LVU334
 1087 0024 02B0     		add	sp, sp, #8
 1088              		.cfi_remember_state
 1089              		.cfi_def_cfa_offset 0
 1090              		@ sp needed
 1091 0026 7047     		bx	lr
 1092              	.LVL85:
 1093              	.L79:
 1094              		.cfi_restore_state
 569:Drivers/STM32F4xx_HAL_Driver/Src/stm32f4xx_hal_adc_ex.c ****     }  
 1095              		.loc 1 569 7 is_stmt 1 view .LVU335
 569:Drivers/STM32F4xx_HAL_Driver/Src/stm32f4xx_hal_adc_ex.c ****     }  
 1096              		.loc 1 569 18 is_stmt 0 view .LVU336
 1097 0028 0368     		ldr	r3, [r0]
 569:Drivers/STM32F4xx_HAL_Driver/Src/stm32f4xx_hal_adc_ex.c ****     }  
 1098              		.loc 1 569 28 view .LVU337
 1099 002a 5B6C     		ldr	r3, [r3, #68]
ARM GAS  /tmp/ccOoZsG0.s 			page 45


 569:Drivers/STM32F4xx_HAL_Driver/Src/stm32f4xx_hal_adc_ex.c ****     }  
 1100              		.loc 1 569 11 view .LVU338
 1101 002c 0193     		str	r3, [sp, #4]
 571:Drivers/STM32F4xx_HAL_Driver/Src/stm32f4xx_hal_adc_ex.c ****     case ADC_INJECTED_RANK_2: 
 1102              		.loc 1 571 5 is_stmt 1 view .LVU339
 1103 002e F8E7     		b	.L76
 1104              	.L80:
 574:Drivers/STM32F4xx_HAL_Driver/Src/stm32f4xx_hal_adc_ex.c ****     }
 1105              		.loc 1 574 7 view .LVU340
 574:Drivers/STM32F4xx_HAL_Driver/Src/stm32f4xx_hal_adc_ex.c ****     }
 1106              		.loc 1 574 18 is_stmt 0 view .LVU341
 1107 0030 0368     		ldr	r3, [r0]
 574:Drivers/STM32F4xx_HAL_Driver/Src/stm32f4xx_hal_adc_ex.c ****     }
 1108              		.loc 1 574 28 view .LVU342
 1109 0032 1B6C     		ldr	r3, [r3, #64]
 574:Drivers/STM32F4xx_HAL_Driver/Src/stm32f4xx_hal_adc_ex.c ****     }
 1110              		.loc 1 574 11 view .LVU343
 1111 0034 0193     		str	r3, [sp, #4]
 576:Drivers/STM32F4xx_HAL_Driver/Src/stm32f4xx_hal_adc_ex.c ****     case ADC_INJECTED_RANK_1:
 1112              		.loc 1 576 5 is_stmt 1 view .LVU344
 1113 0036 F4E7     		b	.L76
 1114              	.L81:
 579:Drivers/STM32F4xx_HAL_Driver/Src/stm32f4xx_hal_adc_ex.c ****     }
 1115              		.loc 1 579 7 view .LVU345
 579:Drivers/STM32F4xx_HAL_Driver/Src/stm32f4xx_hal_adc_ex.c ****     }
 1116              		.loc 1 579 18 is_stmt 0 view .LVU346
 1117 0038 0368     		ldr	r3, [r0]
 579:Drivers/STM32F4xx_HAL_Driver/Src/stm32f4xx_hal_adc_ex.c ****     }
 1118              		.loc 1 579 28 view .LVU347
 1119 003a DB6B     		ldr	r3, [r3, #60]
 579:Drivers/STM32F4xx_HAL_Driver/Src/stm32f4xx_hal_adc_ex.c ****     }
 1120              		.loc 1 579 11 view .LVU348
 1121 003c 0193     		str	r3, [sp, #4]
 581:Drivers/STM32F4xx_HAL_Driver/Src/stm32f4xx_hal_adc_ex.c ****     default:
 1122              		.loc 1 581 5 is_stmt 1 view .LVU349
 1123 003e F0E7     		b	.L76
 1124              		.cfi_endproc
 1125              	.LFE221:
 1127              		.section	.text.HAL_ADCEx_MultiModeStart_DMA,"ax",%progbits
 1128              		.align	1
 1129              		.global	HAL_ADCEx_MultiModeStart_DMA
 1130              		.syntax unified
 1131              		.thumb
 1132              		.thumb_func
 1134              	HAL_ADCEx_MultiModeStart_DMA:
 1135              	.LVL86:
 1136              	.LFB222:
 600:Drivers/STM32F4xx_HAL_Driver/Src/stm32f4xx_hal_adc_ex.c ****   __IO uint32_t counter = 0U;
 1137              		.loc 1 600 1 view -0
 1138              		.cfi_startproc
 1139              		@ args = 0, pretend = 0, frame = 8
 1140              		@ frame_needed = 0, uses_anonymous_args = 0
 600:Drivers/STM32F4xx_HAL_Driver/Src/stm32f4xx_hal_adc_ex.c ****   __IO uint32_t counter = 0U;
 1141              		.loc 1 600 1 is_stmt 0 view .LVU351
 1142 0000 10B5     		push	{r4, lr}
 1143              		.cfi_def_cfa_offset 8
 1144              		.cfi_offset 4, -8
ARM GAS  /tmp/ccOoZsG0.s 			page 46


 1145              		.cfi_offset 14, -4
 1146 0002 82B0     		sub	sp, sp, #8
 1147              		.cfi_def_cfa_offset 16
 1148 0004 1346     		mov	r3, r2
 601:Drivers/STM32F4xx_HAL_Driver/Src/stm32f4xx_hal_adc_ex.c ****   ADC_Common_TypeDef *tmpADC_Common;
 1149              		.loc 1 601 3 is_stmt 1 view .LVU352
 601:Drivers/STM32F4xx_HAL_Driver/Src/stm32f4xx_hal_adc_ex.c ****   ADC_Common_TypeDef *tmpADC_Common;
 1150              		.loc 1 601 17 is_stmt 0 view .LVU353
 1151 0006 0022     		movs	r2, #0
 1152              	.LVL87:
 601:Drivers/STM32F4xx_HAL_Driver/Src/stm32f4xx_hal_adc_ex.c ****   ADC_Common_TypeDef *tmpADC_Common;
 1153              		.loc 1 601 17 view .LVU354
 1154 0008 0192     		str	r2, [sp, #4]
 602:Drivers/STM32F4xx_HAL_Driver/Src/stm32f4xx_hal_adc_ex.c ****   
 1155              		.loc 1 602 3 is_stmt 1 view .LVU355
 605:Drivers/STM32F4xx_HAL_Driver/Src/stm32f4xx_hal_adc_ex.c ****   assert_param(IS_ADC_EXT_TRIG_EDGE(hadc->Init.ExternalTrigConvEdge));
 1156              		.loc 1 605 3 view .LVU356
 606:Drivers/STM32F4xx_HAL_Driver/Src/stm32f4xx_hal_adc_ex.c ****   assert_param(IS_FUNCTIONAL_STATE(hadc->Init.DMAContinuousRequests));
 1157              		.loc 1 606 3 view .LVU357
 607:Drivers/STM32F4xx_HAL_Driver/Src/stm32f4xx_hal_adc_ex.c ****   
 1158              		.loc 1 607 3 view .LVU358
 610:Drivers/STM32F4xx_HAL_Driver/Src/stm32f4xx_hal_adc_ex.c ****   
 1159              		.loc 1 610 3 view .LVU359
 610:Drivers/STM32F4xx_HAL_Driver/Src/stm32f4xx_hal_adc_ex.c ****   
 1160              		.loc 1 610 3 view .LVU360
 1161 000a 90F83C20 		ldrb	r2, [r0, #60]	@ zero_extendqisi2
 1162 000e 012A     		cmp	r2, #1
 1163 0010 7CD0     		beq	.L95
 1164 0012 0446     		mov	r4, r0
 610:Drivers/STM32F4xx_HAL_Driver/Src/stm32f4xx_hal_adc_ex.c ****   
 1165              		.loc 1 610 3 discriminator 2 view .LVU361
 1166 0014 0122     		movs	r2, #1
 1167 0016 80F83C20 		strb	r2, [r0, #60]
 610:Drivers/STM32F4xx_HAL_Driver/Src/stm32f4xx_hal_adc_ex.c ****   
 1168              		.loc 1 610 3 discriminator 2 view .LVU362
 614:Drivers/STM32F4xx_HAL_Driver/Src/stm32f4xx_hal_adc_ex.c ****   {  
 1169              		.loc 1 614 3 view .LVU363
 614:Drivers/STM32F4xx_HAL_Driver/Src/stm32f4xx_hal_adc_ex.c ****   {  
 1170              		.loc 1 614 11 is_stmt 0 view .LVU364
 1171 001a 0268     		ldr	r2, [r0]
 614:Drivers/STM32F4xx_HAL_Driver/Src/stm32f4xx_hal_adc_ex.c ****   {  
 1172              		.loc 1 614 21 view .LVU365
 1173 001c 9068     		ldr	r0, [r2, #8]
 1174              	.LVL88:
 614:Drivers/STM32F4xx_HAL_Driver/Src/stm32f4xx_hal_adc_ex.c ****   {  
 1175              		.loc 1 614 5 view .LVU366
 1176 001e 10F0010F 		tst	r0, #1
 1177 0022 13D1     		bne	.L86
 617:Drivers/STM32F4xx_HAL_Driver/Src/stm32f4xx_hal_adc_ex.c ****     
 1178              		.loc 1 617 5 is_stmt 1 view .LVU367
 1179 0024 9068     		ldr	r0, [r2, #8]
 1180 0026 40F00100 		orr	r0, r0, #1
 1181 002a 9060     		str	r0, [r2, #8]
 621:Drivers/STM32F4xx_HAL_Driver/Src/stm32f4xx_hal_adc_ex.c ****     while(counter != 0U)
 1182              		.loc 1 621 5 view .LVU368
 621:Drivers/STM32F4xx_HAL_Driver/Src/stm32f4xx_hal_adc_ex.c ****     while(counter != 0U)
 1183              		.loc 1 621 53 is_stmt 0 view .LVU369
ARM GAS  /tmp/ccOoZsG0.s 			page 47


 1184 002c 394A     		ldr	r2, .L98
 1185 002e 1068     		ldr	r0, [r2]
 1186 0030 394A     		ldr	r2, .L98+4
 1187 0032 A2FB0020 		umull	r2, r0, r2, r0
 1188 0036 800C     		lsrs	r0, r0, #18
 621:Drivers/STM32F4xx_HAL_Driver/Src/stm32f4xx_hal_adc_ex.c ****     while(counter != 0U)
 1189              		.loc 1 621 34 view .LVU370
 1190 0038 00EB4000 		add	r0, r0, r0, lsl #1
 621:Drivers/STM32F4xx_HAL_Driver/Src/stm32f4xx_hal_adc_ex.c ****     while(counter != 0U)
 1191              		.loc 1 621 13 view .LVU371
 1192 003c 0190     		str	r0, [sp, #4]
 622:Drivers/STM32F4xx_HAL_Driver/Src/stm32f4xx_hal_adc_ex.c ****     {
 1193              		.loc 1 622 5 is_stmt 1 view .LVU372
 622:Drivers/STM32F4xx_HAL_Driver/Src/stm32f4xx_hal_adc_ex.c ****     {
 1194              		.loc 1 622 10 is_stmt 0 view .LVU373
 1195 003e 02E0     		b	.L87
 1196              	.L88:
 624:Drivers/STM32F4xx_HAL_Driver/Src/stm32f4xx_hal_adc_ex.c ****     }
 1197              		.loc 1 624 7 is_stmt 1 view .LVU374
 624:Drivers/STM32F4xx_HAL_Driver/Src/stm32f4xx_hal_adc_ex.c ****     }
 1198              		.loc 1 624 14 is_stmt 0 view .LVU375
 1199 0040 0198     		ldr	r0, [sp, #4]
 1200 0042 0138     		subs	r0, r0, #1
 1201 0044 0190     		str	r0, [sp, #4]
 1202              	.L87:
 622:Drivers/STM32F4xx_HAL_Driver/Src/stm32f4xx_hal_adc_ex.c ****     {
 1203              		.loc 1 622 19 is_stmt 1 view .LVU376
 1204 0046 0198     		ldr	r0, [sp, #4]
 1205 0048 0028     		cmp	r0, #0
 1206 004a F9D1     		bne	.L88
 1207              	.L86:
 629:Drivers/STM32F4xx_HAL_Driver/Src/stm32f4xx_hal_adc_ex.c ****   {
 1208              		.loc 1 629 3 view .LVU377
 629:Drivers/STM32F4xx_HAL_Driver/Src/stm32f4xx_hal_adc_ex.c ****   {
 1209              		.loc 1 629 6 is_stmt 0 view .LVU378
 1210 004c 2268     		ldr	r2, [r4]
 1211 004e 9068     		ldr	r0, [r2, #8]
 629:Drivers/STM32F4xx_HAL_Driver/Src/stm32f4xx_hal_adc_ex.c ****   {
 1212              		.loc 1 629 5 view .LVU379
 1213 0050 10F0010F 		tst	r0, #1
 1214 0054 4FD0     		beq	.L89
 634:Drivers/STM32F4xx_HAL_Driver/Src/stm32f4xx_hal_adc_ex.c ****                       HAL_ADC_STATE_READY | HAL_ADC_STATE_REG_EOC | HAL_ADC_STATE_REG_OVR,
 1215              		.loc 1 634 5 is_stmt 1 view .LVU380
 1216 0056 206C     		ldr	r0, [r4, #64]
 1217 0058 20F4E060 		bic	r0, r0, #1792
 1218 005c 20F00100 		bic	r0, r0, #1
 1219 0060 40F48070 		orr	r0, r0, #256
 1220 0064 2064     		str	r0, [r4, #64]
 640:Drivers/STM32F4xx_HAL_Driver/Src/stm32f4xx_hal_adc_ex.c ****     {
 1221              		.loc 1 640 5 view .LVU381
 640:Drivers/STM32F4xx_HAL_Driver/Src/stm32f4xx_hal_adc_ex.c ****     {
 1222              		.loc 1 640 9 is_stmt 0 view .LVU382
 1223 0066 5268     		ldr	r2, [r2, #4]
 640:Drivers/STM32F4xx_HAL_Driver/Src/stm32f4xx_hal_adc_ex.c ****     {
 1224              		.loc 1 640 8 view .LVU383
 1225 0068 12F4806F 		tst	r2, #1024
 1226 006c 05D0     		beq	.L90
ARM GAS  /tmp/ccOoZsG0.s 			page 48


 642:Drivers/STM32F4xx_HAL_Driver/Src/stm32f4xx_hal_adc_ex.c ****     }
 1227              		.loc 1 642 7 is_stmt 1 view .LVU384
 1228 006e 226C     		ldr	r2, [r4, #64]
 1229 0070 22F44052 		bic	r2, r2, #12288
 1230 0074 42F48052 		orr	r2, r2, #4096
 1231 0078 2264     		str	r2, [r4, #64]
 1232              	.L90:
 646:Drivers/STM32F4xx_HAL_Driver/Src/stm32f4xx_hal_adc_ex.c ****     {
 1233              		.loc 1 646 5 view .LVU385
 646:Drivers/STM32F4xx_HAL_Driver/Src/stm32f4xx_hal_adc_ex.c ****     {
 1234              		.loc 1 646 9 is_stmt 0 view .LVU386
 1235 007a 226C     		ldr	r2, [r4, #64]
 646:Drivers/STM32F4xx_HAL_Driver/Src/stm32f4xx_hal_adc_ex.c ****     {
 1236              		.loc 1 646 8 view .LVU387
 1237 007c 12F4805F 		tst	r2, #4096
 1238 0080 30D0     		beq	.L91
 649:Drivers/STM32F4xx_HAL_Driver/Src/stm32f4xx_hal_adc_ex.c ****     }
 1239              		.loc 1 649 7 is_stmt 1 view .LVU388
 1240 0082 626C     		ldr	r2, [r4, #68]
 1241 0084 22F00602 		bic	r2, r2, #6
 1242 0088 6264     		str	r2, [r4, #68]
 1243              	.L92:
 660:Drivers/STM32F4xx_HAL_Driver/Src/stm32f4xx_hal_adc_ex.c ****     
 1244              		.loc 1 660 5 view .LVU389
 660:Drivers/STM32F4xx_HAL_Driver/Src/stm32f4xx_hal_adc_ex.c ****     
 1245              		.loc 1 660 5 view .LVU390
 1246 008a 0022     		movs	r2, #0
 1247 008c 84F83C20 		strb	r2, [r4, #60]
 660:Drivers/STM32F4xx_HAL_Driver/Src/stm32f4xx_hal_adc_ex.c ****     
 1248              		.loc 1 660 5 view .LVU391
 663:Drivers/STM32F4xx_HAL_Driver/Src/stm32f4xx_hal_adc_ex.c ****     
 1249              		.loc 1 663 5 view .LVU392
 663:Drivers/STM32F4xx_HAL_Driver/Src/stm32f4xx_hal_adc_ex.c ****     
 1250              		.loc 1 663 9 is_stmt 0 view .LVU393
 1251 0090 A26B     		ldr	r2, [r4, #56]
 663:Drivers/STM32F4xx_HAL_Driver/Src/stm32f4xx_hal_adc_ex.c ****     
 1252              		.loc 1 663 40 view .LVU394
 1253 0092 2248     		ldr	r0, .L98+8
 1254 0094 D063     		str	r0, [r2, #60]
 666:Drivers/STM32F4xx_HAL_Driver/Src/stm32f4xx_hal_adc_ex.c ****     
 1255              		.loc 1 666 5 is_stmt 1 view .LVU395
 666:Drivers/STM32F4xx_HAL_Driver/Src/stm32f4xx_hal_adc_ex.c ****     
 1256              		.loc 1 666 9 is_stmt 0 view .LVU396
 1257 0096 A26B     		ldr	r2, [r4, #56]
 666:Drivers/STM32F4xx_HAL_Driver/Src/stm32f4xx_hal_adc_ex.c ****     
 1258              		.loc 1 666 44 view .LVU397
 1259 0098 2148     		ldr	r0, .L98+12
 1260 009a 1064     		str	r0, [r2, #64]
 669:Drivers/STM32F4xx_HAL_Driver/Src/stm32f4xx_hal_adc_ex.c ****     
 1261              		.loc 1 669 5 is_stmt 1 view .LVU398
 669:Drivers/STM32F4xx_HAL_Driver/Src/stm32f4xx_hal_adc_ex.c ****     
 1262              		.loc 1 669 9 is_stmt 0 view .LVU399
 1263 009c A26B     		ldr	r2, [r4, #56]
 669:Drivers/STM32F4xx_HAL_Driver/Src/stm32f4xx_hal_adc_ex.c ****     
 1264              		.loc 1 669 41 view .LVU400
 1265 009e 2148     		ldr	r0, .L98+16
 1266 00a0 D064     		str	r0, [r2, #76]
ARM GAS  /tmp/ccOoZsG0.s 			page 49


 676:Drivers/STM32F4xx_HAL_Driver/Src/stm32f4xx_hal_adc_ex.c **** 
 1267              		.loc 1 676 5 is_stmt 1 view .LVU401
 1268 00a2 2268     		ldr	r2, [r4]
 1269 00a4 6FF00200 		mvn	r0, #2
 1270 00a8 1060     		str	r0, [r2]
 679:Drivers/STM32F4xx_HAL_Driver/Src/stm32f4xx_hal_adc_ex.c **** 
 1271              		.loc 1 679 5 view .LVU402
 1272 00aa 2068     		ldr	r0, [r4]
 1273 00ac 4268     		ldr	r2, [r0, #4]
 1274 00ae 42F08062 		orr	r2, r2, #67108864
 1275 00b2 4260     		str	r2, [r0, #4]
 684:Drivers/STM32F4xx_HAL_Driver/Src/stm32f4xx_hal_adc_ex.c **** 
 1276              		.loc 1 684 5 view .LVU403
 1277              	.LVL89:
 686:Drivers/STM32F4xx_HAL_Driver/Src/stm32f4xx_hal_adc_ex.c ****     {
 1278              		.loc 1 686 5 view .LVU404
 686:Drivers/STM32F4xx_HAL_Driver/Src/stm32f4xx_hal_adc_ex.c ****     {
 1279              		.loc 1 686 19 is_stmt 0 view .LVU405
 1280 00b4 94F83020 		ldrb	r2, [r4, #48]	@ zero_extendqisi2
 686:Drivers/STM32F4xx_HAL_Driver/Src/stm32f4xx_hal_adc_ex.c ****     {
 1281              		.loc 1 686 8 view .LVU406
 1282 00b8 BAB1     		cbz	r2, .L93
 689:Drivers/STM32F4xx_HAL_Driver/Src/stm32f4xx_hal_adc_ex.c ****     }
 1283              		.loc 1 689 7 is_stmt 1 view .LVU407
 689:Drivers/STM32F4xx_HAL_Driver/Src/stm32f4xx_hal_adc_ex.c ****     }
 1284              		.loc 1 689 20 is_stmt 0 view .LVU408
 1285 00ba 1B48     		ldr	r0, .L98+20
 1286 00bc 4268     		ldr	r2, [r0, #4]
 689:Drivers/STM32F4xx_HAL_Driver/Src/stm32f4xx_hal_adc_ex.c ****     }
 1287              		.loc 1 689 26 view .LVU409
 1288 00be 42F40052 		orr	r2, r2, #8192
 1289 00c2 4260     		str	r2, [r0, #4]
 1290              	.L94:
 698:Drivers/STM32F4xx_HAL_Driver/Src/stm32f4xx_hal_adc_ex.c ****     
 1291              		.loc 1 698 5 is_stmt 1 view .LVU410
 1292 00c4 0A46     		mov	r2, r1
 1293 00c6 1949     		ldr	r1, .L98+24
 1294              	.LVL90:
 698:Drivers/STM32F4xx_HAL_Driver/Src/stm32f4xx_hal_adc_ex.c ****     
 1295              		.loc 1 698 5 is_stmt 0 view .LVU411
 1296 00c8 A06B     		ldr	r0, [r4, #56]
 1297 00ca FFF7FEFF 		bl	HAL_DMA_Start_IT
 1298              	.LVL91:
 701:Drivers/STM32F4xx_HAL_Driver/Src/stm32f4xx_hal_adc_ex.c ****     {
 1299              		.loc 1 701 5 is_stmt 1 view .LVU412
 701:Drivers/STM32F4xx_HAL_Driver/Src/stm32f4xx_hal_adc_ex.c ****     {
 1300              		.loc 1 701 13 is_stmt 0 view .LVU413
 1301 00ce 2368     		ldr	r3, [r4]
 701:Drivers/STM32F4xx_HAL_Driver/Src/stm32f4xx_hal_adc_ex.c ****     {
 1302              		.loc 1 701 23 view .LVU414
 1303 00d0 9A68     		ldr	r2, [r3, #8]
 701:Drivers/STM32F4xx_HAL_Driver/Src/stm32f4xx_hal_adc_ex.c ****     {
 1304              		.loc 1 701 7 view .LVU415
 1305 00d2 12F0405F 		tst	r2, #805306368
 1306 00d6 1BD1     		bne	.L96
 704:Drivers/STM32F4xx_HAL_Driver/Src/stm32f4xx_hal_adc_ex.c ****     }
 1307              		.loc 1 704 7 is_stmt 1 view .LVU416
ARM GAS  /tmp/ccOoZsG0.s 			page 50


 704:Drivers/STM32F4xx_HAL_Driver/Src/stm32f4xx_hal_adc_ex.c ****     }
 1308              		.loc 1 704 21 is_stmt 0 view .LVU417
 1309 00d8 9A68     		ldr	r2, [r3, #8]
 704:Drivers/STM32F4xx_HAL_Driver/Src/stm32f4xx_hal_adc_ex.c ****     }
 1310              		.loc 1 704 27 view .LVU418
 1311 00da 42F08042 		orr	r2, r2, #1073741824
 1312 00de 9A60     		str	r2, [r3, #8]
 717:Drivers/STM32F4xx_HAL_Driver/Src/stm32f4xx_hal_adc_ex.c **** }
 1313              		.loc 1 717 10 view .LVU419
 1314 00e0 0020     		movs	r0, #0
 1315 00e2 11E0     		b	.L85
 1316              	.LVL92:
 1317              	.L91:
 654:Drivers/STM32F4xx_HAL_Driver/Src/stm32f4xx_hal_adc_ex.c ****     }
 1318              		.loc 1 654 7 is_stmt 1 view .LVU420
 1319 00e4 0022     		movs	r2, #0
 1320 00e6 6264     		str	r2, [r4, #68]
 1321 00e8 CFE7     		b	.L92
 1322              	.LVL93:
 1323              	.L93:
 694:Drivers/STM32F4xx_HAL_Driver/Src/stm32f4xx_hal_adc_ex.c ****     }
 1324              		.loc 1 694 7 view .LVU421
 694:Drivers/STM32F4xx_HAL_Driver/Src/stm32f4xx_hal_adc_ex.c ****     }
 1325              		.loc 1 694 20 is_stmt 0 view .LVU422
 1326 00ea 0F48     		ldr	r0, .L98+20
 1327 00ec 4268     		ldr	r2, [r0, #4]
 694:Drivers/STM32F4xx_HAL_Driver/Src/stm32f4xx_hal_adc_ex.c ****     }
 1328              		.loc 1 694 26 view .LVU423
 1329 00ee 22F40052 		bic	r2, r2, #8192
 1330 00f2 4260     		str	r2, [r0, #4]
 1331 00f4 E6E7     		b	.L94
 1332              	.LVL94:
 1333              	.L89:
 710:Drivers/STM32F4xx_HAL_Driver/Src/stm32f4xx_hal_adc_ex.c **** 
 1334              		.loc 1 710 5 is_stmt 1 view .LVU424
 1335 00f6 236C     		ldr	r3, [r4, #64]
 1336              	.LVL95:
 710:Drivers/STM32F4xx_HAL_Driver/Src/stm32f4xx_hal_adc_ex.c **** 
 1337              		.loc 1 710 5 is_stmt 0 view .LVU425
 1338 00f8 43F01003 		orr	r3, r3, #16
 1339 00fc 2364     		str	r3, [r4, #64]
 713:Drivers/STM32F4xx_HAL_Driver/Src/stm32f4xx_hal_adc_ex.c ****   }
 1340              		.loc 1 713 5 is_stmt 1 view .LVU426
 1341 00fe 636C     		ldr	r3, [r4, #68]
 1342 0100 43F00103 		orr	r3, r3, #1
 1343 0104 6364     		str	r3, [r4, #68]
 717:Drivers/STM32F4xx_HAL_Driver/Src/stm32f4xx_hal_adc_ex.c **** }
 1344              		.loc 1 717 10 is_stmt 0 view .LVU427
 1345 0106 0020     		movs	r0, #0
 1346              	.LVL96:
 1347              	.L85:
 718:Drivers/STM32F4xx_HAL_Driver/Src/stm32f4xx_hal_adc_ex.c **** 
 1348              		.loc 1 718 1 view .LVU428
 1349 0108 02B0     		add	sp, sp, #8
 1350              		.cfi_remember_state
 1351              		.cfi_def_cfa_offset 8
 1352              		@ sp needed
ARM GAS  /tmp/ccOoZsG0.s 			page 51


 1353 010a 10BD     		pop	{r4, pc}
 1354              	.LVL97:
 1355              	.L95:
 1356              		.cfi_restore_state
 610:Drivers/STM32F4xx_HAL_Driver/Src/stm32f4xx_hal_adc_ex.c ****   
 1357              		.loc 1 610 3 discriminator 1 view .LVU429
 1358 010c 0220     		movs	r0, #2
 1359              	.LVL98:
 610:Drivers/STM32F4xx_HAL_Driver/Src/stm32f4xx_hal_adc_ex.c ****   
 1360              		.loc 1 610 3 discriminator 1 view .LVU430
 1361 010e FBE7     		b	.L85
 1362              	.LVL99:
 1363              	.L96:
 717:Drivers/STM32F4xx_HAL_Driver/Src/stm32f4xx_hal_adc_ex.c **** }
 1364              		.loc 1 717 10 view .LVU431
 1365 0110 0020     		movs	r0, #0
 1366 0112 F9E7     		b	.L85
 1367              	.L99:
 1368              		.align	2
 1369              	.L98:
 1370 0114 00000000 		.word	SystemCoreClock
 1371 0118 83DE1B43 		.word	1125899907
 1372 011c 00000000 		.word	ADC_MultiModeDMAConvCplt
 1373 0120 00000000 		.word	ADC_MultiModeDMAHalfConvCplt
 1374 0124 00000000 		.word	ADC_MultiModeDMAError
 1375 0128 00230140 		.word	1073816320
 1376 012c 08230140 		.word	1073816328
 1377              		.cfi_endproc
 1378              	.LFE222:
 1380              		.section	.text.HAL_ADCEx_MultiModeStop_DMA,"ax",%progbits
 1381              		.align	1
 1382              		.global	HAL_ADCEx_MultiModeStop_DMA
 1383              		.syntax unified
 1384              		.thumb
 1385              		.thumb_func
 1387              	HAL_ADCEx_MultiModeStop_DMA:
 1388              	.LVL100:
 1389              	.LFB223:
 727:Drivers/STM32F4xx_HAL_Driver/Src/stm32f4xx_hal_adc_ex.c ****   HAL_StatusTypeDef tmp_hal_status = HAL_OK;
 1390              		.loc 1 727 1 is_stmt 1 view -0
 1391              		.cfi_startproc
 1392              		@ args = 0, pretend = 0, frame = 0
 1393              		@ frame_needed = 0, uses_anonymous_args = 0
 728:Drivers/STM32F4xx_HAL_Driver/Src/stm32f4xx_hal_adc_ex.c ****   ADC_Common_TypeDef *tmpADC_Common;
 1394              		.loc 1 728 3 view .LVU433
 729:Drivers/STM32F4xx_HAL_Driver/Src/stm32f4xx_hal_adc_ex.c ****   
 1395              		.loc 1 729 3 view .LVU434
 732:Drivers/STM32F4xx_HAL_Driver/Src/stm32f4xx_hal_adc_ex.c ****   
 1396              		.loc 1 732 3 view .LVU435
 735:Drivers/STM32F4xx_HAL_Driver/Src/stm32f4xx_hal_adc_ex.c ****   
 1397              		.loc 1 735 3 view .LVU436
 735:Drivers/STM32F4xx_HAL_Driver/Src/stm32f4xx_hal_adc_ex.c ****   
 1398              		.loc 1 735 3 view .LVU437
 1399 0000 90F83C30 		ldrb	r3, [r0, #60]	@ zero_extendqisi2
 1400 0004 012B     		cmp	r3, #1
 1401 0006 29D0     		beq	.L103
 727:Drivers/STM32F4xx_HAL_Driver/Src/stm32f4xx_hal_adc_ex.c ****   HAL_StatusTypeDef tmp_hal_status = HAL_OK;
ARM GAS  /tmp/ccOoZsG0.s 			page 52


 1402              		.loc 1 727 1 is_stmt 0 view .LVU438
 1403 0008 10B5     		push	{r4, lr}
 1404              		.cfi_def_cfa_offset 8
 1405              		.cfi_offset 4, -8
 1406              		.cfi_offset 14, -4
 1407 000a 0446     		mov	r4, r0
 735:Drivers/STM32F4xx_HAL_Driver/Src/stm32f4xx_hal_adc_ex.c ****   
 1408              		.loc 1 735 3 is_stmt 1 discriminator 2 view .LVU439
 1409 000c 0123     		movs	r3, #1
 1410 000e 80F83C30 		strb	r3, [r0, #60]
 735:Drivers/STM32F4xx_HAL_Driver/Src/stm32f4xx_hal_adc_ex.c ****   
 1411              		.loc 1 735 3 discriminator 2 view .LVU440
 739:Drivers/STM32F4xx_HAL_Driver/Src/stm32f4xx_hal_adc_ex.c **** 
 1412              		.loc 1 739 3 view .LVU441
 1413 0012 0268     		ldr	r2, [r0]
 1414 0014 9368     		ldr	r3, [r2, #8]
 1415 0016 23F00103 		bic	r3, r3, #1
 1416 001a 9360     		str	r3, [r2, #8]
 744:Drivers/STM32F4xx_HAL_Driver/Src/stm32f4xx_hal_adc_ex.c **** 
 1417              		.loc 1 744 3 view .LVU442
 1418              	.LVL101:
 747:Drivers/STM32F4xx_HAL_Driver/Src/stm32f4xx_hal_adc_ex.c ****   {
 1419              		.loc 1 747 3 view .LVU443
 747:Drivers/STM32F4xx_HAL_Driver/Src/stm32f4xx_hal_adc_ex.c ****   {
 1420              		.loc 1 747 6 is_stmt 0 view .LVU444
 1421 001c 0368     		ldr	r3, [r0]
 1422 001e 9B68     		ldr	r3, [r3, #8]
 747:Drivers/STM32F4xx_HAL_Driver/Src/stm32f4xx_hal_adc_ex.c ****   {
 1423              		.loc 1 747 5 view .LVU445
 1424 0020 13F0010F 		tst	r3, #1
 1425 0024 04D0     		beq	.L109
 728:Drivers/STM32F4xx_HAL_Driver/Src/stm32f4xx_hal_adc_ex.c ****   ADC_Common_TypeDef *tmpADC_Common;
 1426              		.loc 1 728 21 view .LVU446
 1427 0026 0020     		movs	r0, #0
 1428              	.LVL102:
 1429              	.L102:
 766:Drivers/STM32F4xx_HAL_Driver/Src/stm32f4xx_hal_adc_ex.c ****   
 1430              		.loc 1 766 3 is_stmt 1 view .LVU447
 766:Drivers/STM32F4xx_HAL_Driver/Src/stm32f4xx_hal_adc_ex.c ****   
 1431              		.loc 1 766 3 view .LVU448
 1432 0028 0023     		movs	r3, #0
 1433 002a 84F83C30 		strb	r3, [r4, #60]
 766:Drivers/STM32F4xx_HAL_Driver/Src/stm32f4xx_hal_adc_ex.c ****   
 1434              		.loc 1 766 3 view .LVU449
 769:Drivers/STM32F4xx_HAL_Driver/Src/stm32f4xx_hal_adc_ex.c **** }
 1435              		.loc 1 769 3 view .LVU450
 770:Drivers/STM32F4xx_HAL_Driver/Src/stm32f4xx_hal_adc_ex.c **** 
 1436              		.loc 1 770 1 is_stmt 0 view .LVU451
 1437 002e 10BD     		pop	{r4, pc}
 1438              	.LVL103:
 1439              	.L109:
 750:Drivers/STM32F4xx_HAL_Driver/Src/stm32f4xx_hal_adc_ex.c ****     
 1440              		.loc 1 750 5 is_stmt 1 view .LVU452
 750:Drivers/STM32F4xx_HAL_Driver/Src/stm32f4xx_hal_adc_ex.c ****     
 1441              		.loc 1 750 18 is_stmt 0 view .LVU453
 1442 0030 0B4A     		ldr	r2, .L110
 1443 0032 5368     		ldr	r3, [r2, #4]
ARM GAS  /tmp/ccOoZsG0.s 			page 53


 750:Drivers/STM32F4xx_HAL_Driver/Src/stm32f4xx_hal_adc_ex.c ****     
 1444              		.loc 1 750 24 view .LVU454
 1445 0034 23F40053 		bic	r3, r3, #8192
 1446 0038 5360     		str	r3, [r2, #4]
 754:Drivers/STM32F4xx_HAL_Driver/Src/stm32f4xx_hal_adc_ex.c ****     
 1447              		.loc 1 754 5 is_stmt 1 view .LVU455
 754:Drivers/STM32F4xx_HAL_Driver/Src/stm32f4xx_hal_adc_ex.c ****     
 1448              		.loc 1 754 22 is_stmt 0 view .LVU456
 1449 003a 806B     		ldr	r0, [r0, #56]
 1450              	.LVL104:
 754:Drivers/STM32F4xx_HAL_Driver/Src/stm32f4xx_hal_adc_ex.c ****     
 1451              		.loc 1 754 22 view .LVU457
 1452 003c FFF7FEFF 		bl	HAL_DMA_Abort
 1453              	.LVL105:
 757:Drivers/STM32F4xx_HAL_Driver/Src/stm32f4xx_hal_adc_ex.c ****     
 1454              		.loc 1 757 5 is_stmt 1 view .LVU458
 1455 0040 2268     		ldr	r2, [r4]
 1456 0042 5368     		ldr	r3, [r2, #4]
 1457 0044 23F08063 		bic	r3, r3, #67108864
 1458 0048 5360     		str	r3, [r2, #4]
 760:Drivers/STM32F4xx_HAL_Driver/Src/stm32f4xx_hal_adc_ex.c ****                       HAL_ADC_STATE_REG_BUSY | HAL_ADC_STATE_INJ_BUSY,
 1459              		.loc 1 760 5 view .LVU459
 1460 004a 236C     		ldr	r3, [r4, #64]
 1461 004c 23F48853 		bic	r3, r3, #4352
 1462 0050 23F00103 		bic	r3, r3, #1
 1463 0054 43F00103 		orr	r3, r3, #1
 1464 0058 2364     		str	r3, [r4, #64]
 1465 005a E5E7     		b	.L102
 1466              	.LVL106:
 1467              	.L103:
 1468              		.cfi_def_cfa_offset 0
 1469              		.cfi_restore 4
 1470              		.cfi_restore 14
 735:Drivers/STM32F4xx_HAL_Driver/Src/stm32f4xx_hal_adc_ex.c ****   
 1471              		.loc 1 735 3 is_stmt 0 discriminator 1 view .LVU460
 1472 005c 0220     		movs	r0, #2
 1473              	.LVL107:
 770:Drivers/STM32F4xx_HAL_Driver/Src/stm32f4xx_hal_adc_ex.c **** 
 1474              		.loc 1 770 1 view .LVU461
 1475 005e 7047     		bx	lr
 1476              	.L111:
 1477              		.align	2
 1478              	.L110:
 1479 0060 00230140 		.word	1073816320
 1480              		.cfi_endproc
 1481              	.LFE223:
 1483              		.section	.text.HAL_ADCEx_MultiModeGetValue,"ax",%progbits
 1484              		.align	1
 1485              		.global	HAL_ADCEx_MultiModeGetValue
 1486              		.syntax unified
 1487              		.thumb
 1488              		.thumb_func
 1490              	HAL_ADCEx_MultiModeGetValue:
 1491              	.LVL108:
 1492              	.LFB224:
 780:Drivers/STM32F4xx_HAL_Driver/Src/stm32f4xx_hal_adc_ex.c ****   ADC_Common_TypeDef *tmpADC_Common;
 1493              		.loc 1 780 1 is_stmt 1 view -0
ARM GAS  /tmp/ccOoZsG0.s 			page 54


 1494              		.cfi_startproc
 1495              		@ args = 0, pretend = 0, frame = 0
 1496              		@ frame_needed = 0, uses_anonymous_args = 0
 1497              		@ link register save eliminated.
 781:Drivers/STM32F4xx_HAL_Driver/Src/stm32f4xx_hal_adc_ex.c **** 
 1498              		.loc 1 781 3 view .LVU463
 786:Drivers/STM32F4xx_HAL_Driver/Src/stm32f4xx_hal_adc_ex.c **** 
 1499              		.loc 1 786 3 view .LVU464
 789:Drivers/STM32F4xx_HAL_Driver/Src/stm32f4xx_hal_adc_ex.c **** }
 1500              		.loc 1 789 3 view .LVU465
 789:Drivers/STM32F4xx_HAL_Driver/Src/stm32f4xx_hal_adc_ex.c **** }
 1501              		.loc 1 789 23 is_stmt 0 view .LVU466
 1502 0000 014B     		ldr	r3, .L113
 1503 0002 9868     		ldr	r0, [r3, #8]
 1504              	.LVL109:
 790:Drivers/STM32F4xx_HAL_Driver/Src/stm32f4xx_hal_adc_ex.c **** 
 1505              		.loc 1 790 1 view .LVU467
 1506 0004 7047     		bx	lr
 1507              	.L114:
 1508 0006 00BF     		.align	2
 1509              	.L113:
 1510 0008 00230140 		.word	1073816320
 1511              		.cfi_endproc
 1512              	.LFE224:
 1514              		.section	.text.HAL_ADCEx_InjectedConvCpltCallback,"ax",%progbits
 1515              		.align	1
 1516              		.weak	HAL_ADCEx_InjectedConvCpltCallback
 1517              		.syntax unified
 1518              		.thumb
 1519              		.thumb_func
 1521              	HAL_ADCEx_InjectedConvCpltCallback:
 1522              	.LVL110:
 1523              	.LFB225:
 799:Drivers/STM32F4xx_HAL_Driver/Src/stm32f4xx_hal_adc_ex.c ****   /* Prevent unused argument(s) compilation warning */
 1524              		.loc 1 799 1 is_stmt 1 view -0
 1525              		.cfi_startproc
 1526              		@ args = 0, pretend = 0, frame = 0
 1527              		@ frame_needed = 0, uses_anonymous_args = 0
 1528              		@ link register save eliminated.
 801:Drivers/STM32F4xx_HAL_Driver/Src/stm32f4xx_hal_adc_ex.c ****   /* NOTE : This function Should not be modified, when the callback is needed,
 1529              		.loc 1 801 3 view .LVU469
 805:Drivers/STM32F4xx_HAL_Driver/Src/stm32f4xx_hal_adc_ex.c **** 
 1530              		.loc 1 805 1 is_stmt 0 view .LVU470
 1531 0000 7047     		bx	lr
 1532              		.cfi_endproc
 1533              	.LFE225:
 1535              		.section	.text.HAL_ADCEx_InjectedConfigChannel,"ax",%progbits
 1536              		.align	1
 1537              		.global	HAL_ADCEx_InjectedConfigChannel
 1538              		.syntax unified
 1539              		.thumb
 1540              		.thumb_func
 1542              	HAL_ADCEx_InjectedConfigChannel:
 1543              	.LVL111:
 1544              	.LFB226:
 816:Drivers/STM32F4xx_HAL_Driver/Src/stm32f4xx_hal_adc_ex.c ****   
 1545              		.loc 1 816 1 is_stmt 1 view -0
ARM GAS  /tmp/ccOoZsG0.s 			page 55


 1546              		.cfi_startproc
 1547              		@ args = 0, pretend = 0, frame = 0
 1548              		@ frame_needed = 0, uses_anonymous_args = 0
 1549              		@ link register save eliminated.
 823:Drivers/STM32F4xx_HAL_Driver/Src/stm32f4xx_hal_adc_ex.c **** 
 1550              		.loc 1 823 3 view .LVU472
 826:Drivers/STM32F4xx_HAL_Driver/Src/stm32f4xx_hal_adc_ex.c ****   assert_param(IS_ADC_INJECTED_RANK(sConfigInjected->InjectedRank));
 1551              		.loc 1 826 3 view .LVU473
 827:Drivers/STM32F4xx_HAL_Driver/Src/stm32f4xx_hal_adc_ex.c ****   assert_param(IS_ADC_SAMPLE_TIME(sConfigInjected->InjectedSamplingTime));
 1552              		.loc 1 827 3 view .LVU474
 828:Drivers/STM32F4xx_HAL_Driver/Src/stm32f4xx_hal_adc_ex.c ****   assert_param(IS_ADC_EXT_INJEC_TRIG(sConfigInjected->ExternalTrigInjecConv));
 1553              		.loc 1 828 3 view .LVU475
 829:Drivers/STM32F4xx_HAL_Driver/Src/stm32f4xx_hal_adc_ex.c ****   assert_param(IS_ADC_INJECTED_LENGTH(sConfigInjected->InjectedNbrOfConversion));
 1554              		.loc 1 829 3 view .LVU476
 830:Drivers/STM32F4xx_HAL_Driver/Src/stm32f4xx_hal_adc_ex.c ****   assert_param(IS_FUNCTIONAL_STATE(sConfigInjected->AutoInjectedConv));
 1555              		.loc 1 830 3 view .LVU477
 831:Drivers/STM32F4xx_HAL_Driver/Src/stm32f4xx_hal_adc_ex.c ****   assert_param(IS_FUNCTIONAL_STATE(sConfigInjected->InjectedDiscontinuousConvMode));
 1556              		.loc 1 831 3 view .LVU478
 832:Drivers/STM32F4xx_HAL_Driver/Src/stm32f4xx_hal_adc_ex.c **** 
 1557              		.loc 1 832 3 view .LVU479
 839:Drivers/STM32F4xx_HAL_Driver/Src/stm32f4xx_hal_adc_ex.c ****   {
 1558              		.loc 1 839 3 view .LVU480
 841:Drivers/STM32F4xx_HAL_Driver/Src/stm32f4xx_hal_adc_ex.c ****   }
 1559              		.loc 1 841 5 view .LVU481
 845:Drivers/STM32F4xx_HAL_Driver/Src/stm32f4xx_hal_adc_ex.c ****   
 1560              		.loc 1 845 3 view .LVU482
 845:Drivers/STM32F4xx_HAL_Driver/Src/stm32f4xx_hal_adc_ex.c ****   
 1561              		.loc 1 845 3 view .LVU483
 1562 0000 90F83C20 		ldrb	r2, [r0, #60]	@ zero_extendqisi2
 1563 0004 012A     		cmp	r2, #1
 1564 0006 00F0F280 		beq	.L132
 816:Drivers/STM32F4xx_HAL_Driver/Src/stm32f4xx_hal_adc_ex.c ****   
 1565              		.loc 1 816 1 is_stmt 0 view .LVU484
 1566 000a 30B4     		push	{r4, r5}
 1567              		.cfi_def_cfa_offset 8
 1568              		.cfi_offset 4, -8
 1569              		.cfi_offset 5, -4
 1570 000c 0346     		mov	r3, r0
 845:Drivers/STM32F4xx_HAL_Driver/Src/stm32f4xx_hal_adc_ex.c ****   
 1571              		.loc 1 845 3 is_stmt 1 discriminator 2 view .LVU485
 1572 000e 0122     		movs	r2, #1
 1573 0010 80F83C20 		strb	r2, [r0, #60]
 845:Drivers/STM32F4xx_HAL_Driver/Src/stm32f4xx_hal_adc_ex.c ****   
 1574              		.loc 1 845 3 discriminator 2 view .LVU486
 848:Drivers/STM32F4xx_HAL_Driver/Src/stm32f4xx_hal_adc_ex.c ****   {
 1575              		.loc 1 848 3 view .LVU487
 848:Drivers/STM32F4xx_HAL_Driver/Src/stm32f4xx_hal_adc_ex.c ****   {
 1576              		.loc 1 848 22 is_stmt 0 view .LVU488
 1577 0014 0A68     		ldr	r2, [r1]
 848:Drivers/STM32F4xx_HAL_Driver/Src/stm32f4xx_hal_adc_ex.c ****   {
 1578              		.loc 1 848 6 view .LVU489
 1579 0016 092A     		cmp	r2, #9
 1580 0018 40F28980 		bls	.L118
 851:Drivers/STM32F4xx_HAL_Driver/Src/stm32f4xx_hal_adc_ex.c ****     
 1581              		.loc 1 851 5 is_stmt 1 view .LVU490
 851:Drivers/STM32F4xx_HAL_Driver/Src/stm32f4xx_hal_adc_ex.c ****     
 1582              		.loc 1 851 9 is_stmt 0 view .LVU491
ARM GAS  /tmp/ccOoZsG0.s 			page 56


 1583 001c 0568     		ldr	r5, [r0]
 851:Drivers/STM32F4xx_HAL_Driver/Src/stm32f4xx_hal_adc_ex.c ****     
 1584              		.loc 1 851 19 view .LVU492
 1585 001e E868     		ldr	r0, [r5, #12]
 1586              	.LVL112:
 851:Drivers/STM32F4xx_HAL_Driver/Src/stm32f4xx_hal_adc_ex.c ****     
 1587              		.loc 1 851 31 view .LVU493
 1588 0020 92B2     		uxth	r2, r2
 1589 0022 02EB4202 		add	r2, r2, r2, lsl #1
 1590 0026 1E3A     		subs	r2, r2, #30
 1591 0028 0724     		movs	r4, #7
 1592 002a 04FA02F2 		lsl	r2, r4, r2
 851:Drivers/STM32F4xx_HAL_Driver/Src/stm32f4xx_hal_adc_ex.c ****     
 1593              		.loc 1 851 27 view .LVU494
 1594 002e 20EA0202 		bic	r2, r0, r2
 1595 0032 EA60     		str	r2, [r5, #12]
 854:Drivers/STM32F4xx_HAL_Driver/Src/stm32f4xx_hal_adc_ex.c ****   }
 1596              		.loc 1 854 5 is_stmt 1 view .LVU495
 854:Drivers/STM32F4xx_HAL_Driver/Src/stm32f4xx_hal_adc_ex.c ****   }
 1597              		.loc 1 854 9 is_stmt 0 view .LVU496
 1598 0034 1D68     		ldr	r5, [r3]
 854:Drivers/STM32F4xx_HAL_Driver/Src/stm32f4xx_hal_adc_ex.c ****   }
 1599              		.loc 1 854 19 view .LVU497
 1600 0036 E868     		ldr	r0, [r5, #12]
 854:Drivers/STM32F4xx_HAL_Driver/Src/stm32f4xx_hal_adc_ex.c ****   }
 1601              		.loc 1 854 30 view .LVU498
 1602 0038 8C68     		ldr	r4, [r1, #8]
 1603 003a 0A88     		ldrh	r2, [r1]
 1604 003c 02EB4202 		add	r2, r2, r2, lsl #1
 1605 0040 1E3A     		subs	r2, r2, #30
 1606 0042 9440     		lsls	r4, r4, r2
 854:Drivers/STM32F4xx_HAL_Driver/Src/stm32f4xx_hal_adc_ex.c ****   }
 1607              		.loc 1 854 27 view .LVU499
 1608 0044 2043     		orrs	r0, r0, r4
 1609 0046 E860     		str	r0, [r5, #12]
 1610              	.L119:
 866:Drivers/STM32F4xx_HAL_Driver/Src/stm32f4xx_hal_adc_ex.c ****   hadc->Instance->JSQR |=  ADC_SQR1(sConfigInjected->InjectedNbrOfConversion);
 1611              		.loc 1 866 3 is_stmt 1 view .LVU500
 866:Drivers/STM32F4xx_HAL_Driver/Src/stm32f4xx_hal_adc_ex.c ****   hadc->Instance->JSQR |=  ADC_SQR1(sConfigInjected->InjectedNbrOfConversion);
 1612              		.loc 1 866 7 is_stmt 0 view .LVU501
 1613 0048 1868     		ldr	r0, [r3]
 866:Drivers/STM32F4xx_HAL_Driver/Src/stm32f4xx_hal_adc_ex.c ****   hadc->Instance->JSQR |=  ADC_SQR1(sConfigInjected->InjectedNbrOfConversion);
 1614              		.loc 1 866 17 view .LVU502
 1615 004a 826B     		ldr	r2, [r0, #56]
 866:Drivers/STM32F4xx_HAL_Driver/Src/stm32f4xx_hal_adc_ex.c ****   hadc->Instance->JSQR |=  ADC_SQR1(sConfigInjected->InjectedNbrOfConversion);
 1616              		.loc 1 866 24 view .LVU503
 1617 004c 22F44012 		bic	r2, r2, #3145728
 1618 0050 8263     		str	r2, [r0, #56]
 867:Drivers/STM32F4xx_HAL_Driver/Src/stm32f4xx_hal_adc_ex.c ****   
 1619              		.loc 1 867 3 is_stmt 1 view .LVU504
 867:Drivers/STM32F4xx_HAL_Driver/Src/stm32f4xx_hal_adc_ex.c ****   
 1620              		.loc 1 867 7 is_stmt 0 view .LVU505
 1621 0052 1C68     		ldr	r4, [r3]
 867:Drivers/STM32F4xx_HAL_Driver/Src/stm32f4xx_hal_adc_ex.c ****   
 1622              		.loc 1 867 17 view .LVU506
 1623 0054 A26B     		ldr	r2, [r4, #56]
 867:Drivers/STM32F4xx_HAL_Driver/Src/stm32f4xx_hal_adc_ex.c ****   
ARM GAS  /tmp/ccOoZsG0.s 			page 57


 1624              		.loc 1 867 28 view .LVU507
 1625 0056 0869     		ldr	r0, [r1, #16]
 1626 0058 0138     		subs	r0, r0, #1
 867:Drivers/STM32F4xx_HAL_Driver/Src/stm32f4xx_hal_adc_ex.c ****   
 1627              		.loc 1 867 24 view .LVU508
 1628 005a 42EA0052 		orr	r2, r2, r0, lsl #20
 1629 005e A263     		str	r2, [r4, #56]
 872:Drivers/STM32F4xx_HAL_Driver/Src/stm32f4xx_hal_adc_ex.c ****    
 1630              		.loc 1 872 3 is_stmt 1 view .LVU509
 872:Drivers/STM32F4xx_HAL_Driver/Src/stm32f4xx_hal_adc_ex.c ****    
 1631              		.loc 1 872 7 is_stmt 0 view .LVU510
 1632 0060 1C68     		ldr	r4, [r3]
 872:Drivers/STM32F4xx_HAL_Driver/Src/stm32f4xx_hal_adc_ex.c ****    
 1633              		.loc 1 872 17 view .LVU511
 1634 0062 A06B     		ldr	r0, [r4, #56]
 872:Drivers/STM32F4xx_HAL_Driver/Src/stm32f4xx_hal_adc_ex.c ****    
 1635              		.loc 1 872 28 view .LVU512
 1636 0064 4A68     		ldr	r2, [r1, #4]
 1637 0066 0D69     		ldr	r5, [r1, #16]
 1638 0068 521B     		subs	r2, r2, r5
 1639 006a D2B2     		uxtb	r2, r2
 1640 006c 0332     		adds	r2, r2, #3
 1641 006e D2B2     		uxtb	r2, r2
 1642 0070 02EB8202 		add	r2, r2, r2, lsl #2
 1643 0074 4FF01F0C 		mov	ip, #31
 1644 0078 0CFA02F2 		lsl	r2, ip, r2
 872:Drivers/STM32F4xx_HAL_Driver/Src/stm32f4xx_hal_adc_ex.c ****    
 1645              		.loc 1 872 24 view .LVU513
 1646 007c 20EA0202 		bic	r2, r0, r2
 1647 0080 A263     		str	r2, [r4, #56]
 875:Drivers/STM32F4xx_HAL_Driver/Src/stm32f4xx_hal_adc_ex.c **** 
 1648              		.loc 1 875 3 is_stmt 1 view .LVU514
 875:Drivers/STM32F4xx_HAL_Driver/Src/stm32f4xx_hal_adc_ex.c **** 
 1649              		.loc 1 875 7 is_stmt 0 view .LVU515
 1650 0082 1C68     		ldr	r4, [r3]
 875:Drivers/STM32F4xx_HAL_Driver/Src/stm32f4xx_hal_adc_ex.c **** 
 1651              		.loc 1 875 17 view .LVU516
 1652 0084 A06B     		ldr	r0, [r4, #56]
 875:Drivers/STM32F4xx_HAL_Driver/Src/stm32f4xx_hal_adc_ex.c **** 
 1653              		.loc 1 875 27 view .LVU517
 1654 0086 4A68     		ldr	r2, [r1, #4]
 1655 0088 0D69     		ldr	r5, [r1, #16]
 1656 008a 521B     		subs	r2, r2, r5
 1657 008c D2B2     		uxtb	r2, r2
 1658 008e 0332     		adds	r2, r2, #3
 1659 0090 D2B2     		uxtb	r2, r2
 1660 0092 02EB8202 		add	r2, r2, r2, lsl #2
 1661 0096 B1F800C0 		ldrh	ip, [r1]
 1662 009a 0CFA02F2 		lsl	r2, ip, r2
 875:Drivers/STM32F4xx_HAL_Driver/Src/stm32f4xx_hal_adc_ex.c **** 
 1663              		.loc 1 875 24 view .LVU518
 1664 009e 0243     		orrs	r2, r2, r0
 1665 00a0 A263     		str	r2, [r4, #56]
 882:Drivers/STM32F4xx_HAL_Driver/Src/stm32f4xx_hal_adc_ex.c ****   {  
 1666              		.loc 1 882 3 is_stmt 1 view .LVU519
 882:Drivers/STM32F4xx_HAL_Driver/Src/stm32f4xx_hal_adc_ex.c ****   {  
 1667              		.loc 1 882 21 is_stmt 0 view .LVU520
ARM GAS  /tmp/ccOoZsG0.s 			page 58


 1668 00a2 8869     		ldr	r0, [r1, #24]
 882:Drivers/STM32F4xx_HAL_Driver/Src/stm32f4xx_hal_adc_ex.c ****   {  
 1669              		.loc 1 882 5 view .LVU521
 1670 00a4 534A     		ldr	r2, .L139
 1671 00a6 9042     		cmp	r0, r2
 1672 00a8 56D0     		beq	.L120
 885:Drivers/STM32F4xx_HAL_Driver/Src/stm32f4xx_hal_adc_ex.c ****     hadc->Instance->CR2 |=  sConfigInjected->ExternalTrigInjecConv;
 1673              		.loc 1 885 5 is_stmt 1 view .LVU522
 885:Drivers/STM32F4xx_HAL_Driver/Src/stm32f4xx_hal_adc_ex.c ****     hadc->Instance->CR2 |=  sConfigInjected->ExternalTrigInjecConv;
 1674              		.loc 1 885 9 is_stmt 0 view .LVU523
 1675 00aa 1868     		ldr	r0, [r3]
 885:Drivers/STM32F4xx_HAL_Driver/Src/stm32f4xx_hal_adc_ex.c ****     hadc->Instance->CR2 |=  sConfigInjected->ExternalTrigInjecConv;
 1676              		.loc 1 885 19 view .LVU524
 1677 00ac 8268     		ldr	r2, [r0, #8]
 885:Drivers/STM32F4xx_HAL_Driver/Src/stm32f4xx_hal_adc_ex.c ****     hadc->Instance->CR2 |=  sConfigInjected->ExternalTrigInjecConv;
 1678              		.loc 1 885 25 view .LVU525
 1679 00ae 22F47022 		bic	r2, r2, #983040
 1680 00b2 8260     		str	r2, [r0, #8]
 886:Drivers/STM32F4xx_HAL_Driver/Src/stm32f4xx_hal_adc_ex.c ****     
 1681              		.loc 1 886 5 is_stmt 1 view .LVU526
 886:Drivers/STM32F4xx_HAL_Driver/Src/stm32f4xx_hal_adc_ex.c ****     
 1682              		.loc 1 886 9 is_stmt 0 view .LVU527
 1683 00b4 1868     		ldr	r0, [r3]
 886:Drivers/STM32F4xx_HAL_Driver/Src/stm32f4xx_hal_adc_ex.c ****     
 1684              		.loc 1 886 19 view .LVU528
 1685 00b6 8268     		ldr	r2, [r0, #8]
 886:Drivers/STM32F4xx_HAL_Driver/Src/stm32f4xx_hal_adc_ex.c ****     
 1686              		.loc 1 886 44 view .LVU529
 1687 00b8 8C69     		ldr	r4, [r1, #24]
 886:Drivers/STM32F4xx_HAL_Driver/Src/stm32f4xx_hal_adc_ex.c ****     
 1688              		.loc 1 886 25 view .LVU530
 1689 00ba 2243     		orrs	r2, r2, r4
 1690 00bc 8260     		str	r2, [r0, #8]
 889:Drivers/STM32F4xx_HAL_Driver/Src/stm32f4xx_hal_adc_ex.c ****     hadc->Instance->CR2 |= sConfigInjected->ExternalTrigInjecConvEdge;
 1691              		.loc 1 889 5 is_stmt 1 view .LVU531
 889:Drivers/STM32F4xx_HAL_Driver/Src/stm32f4xx_hal_adc_ex.c ****     hadc->Instance->CR2 |= sConfigInjected->ExternalTrigInjecConvEdge;
 1692              		.loc 1 889 9 is_stmt 0 view .LVU532
 1693 00be 1868     		ldr	r0, [r3]
 889:Drivers/STM32F4xx_HAL_Driver/Src/stm32f4xx_hal_adc_ex.c ****     hadc->Instance->CR2 |= sConfigInjected->ExternalTrigInjecConvEdge;
 1694              		.loc 1 889 19 view .LVU533
 1695 00c0 8268     		ldr	r2, [r0, #8]
 889:Drivers/STM32F4xx_HAL_Driver/Src/stm32f4xx_hal_adc_ex.c ****     hadc->Instance->CR2 |= sConfigInjected->ExternalTrigInjecConvEdge;
 1696              		.loc 1 889 25 view .LVU534
 1697 00c2 22F44012 		bic	r2, r2, #3145728
 1698 00c6 8260     		str	r2, [r0, #8]
 890:Drivers/STM32F4xx_HAL_Driver/Src/stm32f4xx_hal_adc_ex.c ****   }
 1699              		.loc 1 890 5 is_stmt 1 view .LVU535
 890:Drivers/STM32F4xx_HAL_Driver/Src/stm32f4xx_hal_adc_ex.c ****   }
 1700              		.loc 1 890 9 is_stmt 0 view .LVU536
 1701 00c8 1868     		ldr	r0, [r3]
 890:Drivers/STM32F4xx_HAL_Driver/Src/stm32f4xx_hal_adc_ex.c ****   }
 1702              		.loc 1 890 19 view .LVU537
 1703 00ca 8268     		ldr	r2, [r0, #8]
 890:Drivers/STM32F4xx_HAL_Driver/Src/stm32f4xx_hal_adc_ex.c ****   }
 1704              		.loc 1 890 43 view .LVU538
 1705 00cc CC69     		ldr	r4, [r1, #28]
 890:Drivers/STM32F4xx_HAL_Driver/Src/stm32f4xx_hal_adc_ex.c ****   }
ARM GAS  /tmp/ccOoZsG0.s 			page 59


 1706              		.loc 1 890 25 view .LVU539
 1707 00ce 2243     		orrs	r2, r2, r4
 1708 00d0 8260     		str	r2, [r0, #8]
 1709              	.L121:
 899:Drivers/STM32F4xx_HAL_Driver/Src/stm32f4xx_hal_adc_ex.c ****   {
 1710              		.loc 1 899 3 is_stmt 1 view .LVU540
 899:Drivers/STM32F4xx_HAL_Driver/Src/stm32f4xx_hal_adc_ex.c ****   {
 1711              		.loc 1 899 22 is_stmt 0 view .LVU541
 1712 00d2 4A7D     		ldrb	r2, [r1, #21]	@ zero_extendqisi2
 899:Drivers/STM32F4xx_HAL_Driver/Src/stm32f4xx_hal_adc_ex.c ****   {
 1713              		.loc 1 899 6 view .LVU542
 1714 00d4 002A     		cmp	r2, #0
 1715 00d6 4AD0     		beq	.L122
 902:Drivers/STM32F4xx_HAL_Driver/Src/stm32f4xx_hal_adc_ex.c ****   }
 1716              		.loc 1 902 5 is_stmt 1 view .LVU543
 902:Drivers/STM32F4xx_HAL_Driver/Src/stm32f4xx_hal_adc_ex.c ****   }
 1717              		.loc 1 902 9 is_stmt 0 view .LVU544
 1718 00d8 1868     		ldr	r0, [r3]
 902:Drivers/STM32F4xx_HAL_Driver/Src/stm32f4xx_hal_adc_ex.c ****   }
 1719              		.loc 1 902 19 view .LVU545
 1720 00da 4268     		ldr	r2, [r0, #4]
 902:Drivers/STM32F4xx_HAL_Driver/Src/stm32f4xx_hal_adc_ex.c ****   }
 1721              		.loc 1 902 25 view .LVU546
 1722 00dc 42F48062 		orr	r2, r2, #1024
 1723 00e0 4260     		str	r2, [r0, #4]
 1724              	.L123:
 910:Drivers/STM32F4xx_HAL_Driver/Src/stm32f4xx_hal_adc_ex.c ****   {
 1725              		.loc 1 910 3 is_stmt 1 view .LVU547
 910:Drivers/STM32F4xx_HAL_Driver/Src/stm32f4xx_hal_adc_ex.c ****   {
 1726              		.loc 1 910 22 is_stmt 0 view .LVU548
 1727 00e2 0A7D     		ldrb	r2, [r1, #20]	@ zero_extendqisi2
 910:Drivers/STM32F4xx_HAL_Driver/Src/stm32f4xx_hal_adc_ex.c ****   {
 1728              		.loc 1 910 6 view .LVU549
 1729 00e4 002A     		cmp	r2, #0
 1730 00e6 48D0     		beq	.L124
 913:Drivers/STM32F4xx_HAL_Driver/Src/stm32f4xx_hal_adc_ex.c ****   }
 1731              		.loc 1 913 5 is_stmt 1 view .LVU550
 913:Drivers/STM32F4xx_HAL_Driver/Src/stm32f4xx_hal_adc_ex.c ****   }
 1732              		.loc 1 913 9 is_stmt 0 view .LVU551
 1733 00e8 1868     		ldr	r0, [r3]
 913:Drivers/STM32F4xx_HAL_Driver/Src/stm32f4xx_hal_adc_ex.c ****   }
 1734              		.loc 1 913 19 view .LVU552
 1735 00ea 4268     		ldr	r2, [r0, #4]
 913:Drivers/STM32F4xx_HAL_Driver/Src/stm32f4xx_hal_adc_ex.c ****   }
 1736              		.loc 1 913 25 view .LVU553
 1737 00ec 42F48052 		orr	r2, r2, #4096
 1738 00f0 4260     		str	r2, [r0, #4]
 1739              	.L125:
 921:Drivers/STM32F4xx_HAL_Driver/Src/stm32f4xx_hal_adc_ex.c ****   {
 1740              		.loc 1 921 3 is_stmt 1 view .LVU554
 921:Drivers/STM32F4xx_HAL_Driver/Src/stm32f4xx_hal_adc_ex.c ****   {
 1741              		.loc 1 921 25 is_stmt 0 view .LVU555
 1742 00f2 4A68     		ldr	r2, [r1, #4]
 921:Drivers/STM32F4xx_HAL_Driver/Src/stm32f4xx_hal_adc_ex.c ****   {
 1743              		.loc 1 921 3 view .LVU556
 1744 00f4 022A     		cmp	r2, #2
 1745 00f6 46D0     		beq	.L126
ARM GAS  /tmp/ccOoZsG0.s 			page 60


 1746 00f8 032A     		cmp	r2, #3
 1747 00fa 4FD0     		beq	.L127
 1748 00fc 012A     		cmp	r2, #1
 1749 00fe 58D1     		bne	.L128
 925:Drivers/STM32F4xx_HAL_Driver/Src/stm32f4xx_hal_adc_ex.c ****       hadc->Instance->JOFR1 |= sConfigInjected->InjectedOffset;
 1750              		.loc 1 925 7 is_stmt 1 view .LVU557
 925:Drivers/STM32F4xx_HAL_Driver/Src/stm32f4xx_hal_adc_ex.c ****       hadc->Instance->JOFR1 |= sConfigInjected->InjectedOffset;
 1751              		.loc 1 925 11 is_stmt 0 view .LVU558
 1752 0100 1868     		ldr	r0, [r3]
 925:Drivers/STM32F4xx_HAL_Driver/Src/stm32f4xx_hal_adc_ex.c ****       hadc->Instance->JOFR1 |= sConfigInjected->InjectedOffset;
 1753              		.loc 1 925 21 view .LVU559
 1754 0102 4269     		ldr	r2, [r0, #20]
 925:Drivers/STM32F4xx_HAL_Driver/Src/stm32f4xx_hal_adc_ex.c ****       hadc->Instance->JOFR1 |= sConfigInjected->InjectedOffset;
 1755              		.loc 1 925 29 view .LVU560
 1756 0104 6FF30B02 		bfc	r2, #0, #12
 1757 0108 4261     		str	r2, [r0, #20]
 926:Drivers/STM32F4xx_HAL_Driver/Src/stm32f4xx_hal_adc_ex.c ****       break;
 1758              		.loc 1 926 7 is_stmt 1 view .LVU561
 926:Drivers/STM32F4xx_HAL_Driver/Src/stm32f4xx_hal_adc_ex.c ****       break;
 1759              		.loc 1 926 11 is_stmt 0 view .LVU562
 1760 010a 1868     		ldr	r0, [r3]
 926:Drivers/STM32F4xx_HAL_Driver/Src/stm32f4xx_hal_adc_ex.c ****       break;
 1761              		.loc 1 926 21 view .LVU563
 1762 010c 4269     		ldr	r2, [r0, #20]
 926:Drivers/STM32F4xx_HAL_Driver/Src/stm32f4xx_hal_adc_ex.c ****       break;
 1763              		.loc 1 926 47 view .LVU564
 1764 010e CC68     		ldr	r4, [r1, #12]
 926:Drivers/STM32F4xx_HAL_Driver/Src/stm32f4xx_hal_adc_ex.c ****       break;
 1765              		.loc 1 926 29 view .LVU565
 1766 0110 2243     		orrs	r2, r2, r4
 1767 0112 4261     		str	r2, [r0, #20]
 927:Drivers/STM32F4xx_HAL_Driver/Src/stm32f4xx_hal_adc_ex.c ****     case 2U:
 1768              		.loc 1 927 7 is_stmt 1 view .LVU566
 1769              	.L129:
 948:Drivers/STM32F4xx_HAL_Driver/Src/stm32f4xx_hal_adc_ex.c **** 
 1770              		.loc 1 948 5 view .LVU567
 1771              	.LVL113:
 951:Drivers/STM32F4xx_HAL_Driver/Src/stm32f4xx_hal_adc_ex.c ****   {
 1772              		.loc 1 951 3 view .LVU568
 951:Drivers/STM32F4xx_HAL_Driver/Src/stm32f4xx_hal_adc_ex.c ****   {
 1773              		.loc 1 951 12 is_stmt 0 view .LVU569
 1774 0114 1868     		ldr	r0, [r3]
 951:Drivers/STM32F4xx_HAL_Driver/Src/stm32f4xx_hal_adc_ex.c ****   {
 1775              		.loc 1 951 6 view .LVU570
 1776 0116 384A     		ldr	r2, .L139+4
 1777 0118 9042     		cmp	r0, r2
 1778 011a 55D0     		beq	.L137
 1779              	.L130:
 958:Drivers/STM32F4xx_HAL_Driver/Src/stm32f4xx_hal_adc_ex.c ****   {
 1780              		.loc 1 958 3 is_stmt 1 view .LVU571
 958:Drivers/STM32F4xx_HAL_Driver/Src/stm32f4xx_hal_adc_ex.c ****   {
 1781              		.loc 1 958 12 is_stmt 0 view .LVU572
 1782 011c 1868     		ldr	r0, [r3]
 958:Drivers/STM32F4xx_HAL_Driver/Src/stm32f4xx_hal_adc_ex.c ****   {
 1783              		.loc 1 958 6 view .LVU573
 1784 011e 364A     		ldr	r2, .L139+4
 1785 0120 9042     		cmp	r0, r2
ARM GAS  /tmp/ccOoZsG0.s 			page 61


 1786 0122 5AD0     		beq	.L138
 1787              	.LVL114:
 1788              	.L131:
 965:Drivers/STM32F4xx_HAL_Driver/Src/stm32f4xx_hal_adc_ex.c ****   
 1789              		.loc 1 965 3 is_stmt 1 view .LVU574
 965:Drivers/STM32F4xx_HAL_Driver/Src/stm32f4xx_hal_adc_ex.c ****   
 1790              		.loc 1 965 3 view .LVU575
 1791 0124 0020     		movs	r0, #0
 1792 0126 83F83C00 		strb	r0, [r3, #60]
 965:Drivers/STM32F4xx_HAL_Driver/Src/stm32f4xx_hal_adc_ex.c ****   
 1793              		.loc 1 965 3 view .LVU576
 968:Drivers/STM32F4xx_HAL_Driver/Src/stm32f4xx_hal_adc_ex.c **** }
 1794              		.loc 1 968 3 view .LVU577
 969:Drivers/STM32F4xx_HAL_Driver/Src/stm32f4xx_hal_adc_ex.c **** 
 1795              		.loc 1 969 1 is_stmt 0 view .LVU578
 1796 012a 30BC     		pop	{r4, r5}
 1797              		.cfi_remember_state
 1798              		.cfi_restore 5
 1799              		.cfi_restore 4
 1800              		.cfi_def_cfa_offset 0
 1801 012c 7047     		bx	lr
 1802              	.LVL115:
 1803              	.L118:
 1804              		.cfi_restore_state
 859:Drivers/STM32F4xx_HAL_Driver/Src/stm32f4xx_hal_adc_ex.c ****     
 1805              		.loc 1 859 5 is_stmt 1 view .LVU579
 859:Drivers/STM32F4xx_HAL_Driver/Src/stm32f4xx_hal_adc_ex.c ****     
 1806              		.loc 1 859 9 is_stmt 0 view .LVU580
 1807 012e 0568     		ldr	r5, [r0]
 859:Drivers/STM32F4xx_HAL_Driver/Src/stm32f4xx_hal_adc_ex.c ****     
 1808              		.loc 1 859 19 view .LVU581
 1809 0130 2869     		ldr	r0, [r5, #16]
 1810              	.LVL116:
 859:Drivers/STM32F4xx_HAL_Driver/Src/stm32f4xx_hal_adc_ex.c ****     
 1811              		.loc 1 859 31 view .LVU582
 1812 0132 92B2     		uxth	r2, r2
 1813 0134 02EB4202 		add	r2, r2, r2, lsl #1
 1814 0138 0724     		movs	r4, #7
 1815 013a 04FA02F2 		lsl	r2, r4, r2
 859:Drivers/STM32F4xx_HAL_Driver/Src/stm32f4xx_hal_adc_ex.c ****     
 1816              		.loc 1 859 27 view .LVU583
 1817 013e 20EA0202 		bic	r2, r0, r2
 1818 0142 2A61     		str	r2, [r5, #16]
 862:Drivers/STM32F4xx_HAL_Driver/Src/stm32f4xx_hal_adc_ex.c ****   }
 1819              		.loc 1 862 5 is_stmt 1 view .LVU584
 862:Drivers/STM32F4xx_HAL_Driver/Src/stm32f4xx_hal_adc_ex.c ****   }
 1820              		.loc 1 862 9 is_stmt 0 view .LVU585
 1821 0144 1D68     		ldr	r5, [r3]
 862:Drivers/STM32F4xx_HAL_Driver/Src/stm32f4xx_hal_adc_ex.c ****   }
 1822              		.loc 1 862 19 view .LVU586
 1823 0146 2869     		ldr	r0, [r5, #16]
 862:Drivers/STM32F4xx_HAL_Driver/Src/stm32f4xx_hal_adc_ex.c ****   }
 1824              		.loc 1 862 30 view .LVU587
 1825 0148 8C68     		ldr	r4, [r1, #8]
 1826 014a 0A88     		ldrh	r2, [r1]
 1827 014c 02EB4202 		add	r2, r2, r2, lsl #1
 1828 0150 9440     		lsls	r4, r4, r2
ARM GAS  /tmp/ccOoZsG0.s 			page 62


 862:Drivers/STM32F4xx_HAL_Driver/Src/stm32f4xx_hal_adc_ex.c ****   }
 1829              		.loc 1 862 27 view .LVU588
 1830 0152 2043     		orrs	r0, r0, r4
 1831 0154 2861     		str	r0, [r5, #16]
 1832 0156 77E7     		b	.L119
 1833              	.L120:
 895:Drivers/STM32F4xx_HAL_Driver/Src/stm32f4xx_hal_adc_ex.c ****     hadc->Instance->CR2 &= ~(ADC_CR2_JEXTEN);  
 1834              		.loc 1 895 5 is_stmt 1 view .LVU589
 895:Drivers/STM32F4xx_HAL_Driver/Src/stm32f4xx_hal_adc_ex.c ****     hadc->Instance->CR2 &= ~(ADC_CR2_JEXTEN);  
 1835              		.loc 1 895 9 is_stmt 0 view .LVU590
 1836 0158 1868     		ldr	r0, [r3]
 895:Drivers/STM32F4xx_HAL_Driver/Src/stm32f4xx_hal_adc_ex.c ****     hadc->Instance->CR2 &= ~(ADC_CR2_JEXTEN);  
 1837              		.loc 1 895 19 view .LVU591
 1838 015a 8268     		ldr	r2, [r0, #8]
 895:Drivers/STM32F4xx_HAL_Driver/Src/stm32f4xx_hal_adc_ex.c ****     hadc->Instance->CR2 &= ~(ADC_CR2_JEXTEN);  
 1839              		.loc 1 895 25 view .LVU592
 1840 015c 22F47022 		bic	r2, r2, #983040
 1841 0160 8260     		str	r2, [r0, #8]
 896:Drivers/STM32F4xx_HAL_Driver/Src/stm32f4xx_hal_adc_ex.c ****   }
 1842              		.loc 1 896 5 is_stmt 1 view .LVU593
 896:Drivers/STM32F4xx_HAL_Driver/Src/stm32f4xx_hal_adc_ex.c ****   }
 1843              		.loc 1 896 9 is_stmt 0 view .LVU594
 1844 0162 1868     		ldr	r0, [r3]
 896:Drivers/STM32F4xx_HAL_Driver/Src/stm32f4xx_hal_adc_ex.c ****   }
 1845              		.loc 1 896 19 view .LVU595
 1846 0164 8268     		ldr	r2, [r0, #8]
 896:Drivers/STM32F4xx_HAL_Driver/Src/stm32f4xx_hal_adc_ex.c ****   }
 1847              		.loc 1 896 25 view .LVU596
 1848 0166 22F44012 		bic	r2, r2, #3145728
 1849 016a 8260     		str	r2, [r0, #8]
 1850 016c B1E7     		b	.L121
 1851              	.L122:
 907:Drivers/STM32F4xx_HAL_Driver/Src/stm32f4xx_hal_adc_ex.c ****   }
 1852              		.loc 1 907 5 is_stmt 1 view .LVU597
 907:Drivers/STM32F4xx_HAL_Driver/Src/stm32f4xx_hal_adc_ex.c ****   }
 1853              		.loc 1 907 9 is_stmt 0 view .LVU598
 1854 016e 1868     		ldr	r0, [r3]
 907:Drivers/STM32F4xx_HAL_Driver/Src/stm32f4xx_hal_adc_ex.c ****   }
 1855              		.loc 1 907 19 view .LVU599
 1856 0170 4268     		ldr	r2, [r0, #4]
 907:Drivers/STM32F4xx_HAL_Driver/Src/stm32f4xx_hal_adc_ex.c ****   }
 1857              		.loc 1 907 25 view .LVU600
 1858 0172 22F48062 		bic	r2, r2, #1024
 1859 0176 4260     		str	r2, [r0, #4]
 1860 0178 B3E7     		b	.L123
 1861              	.L124:
 918:Drivers/STM32F4xx_HAL_Driver/Src/stm32f4xx_hal_adc_ex.c ****   }
 1862              		.loc 1 918 5 is_stmt 1 view .LVU601
 918:Drivers/STM32F4xx_HAL_Driver/Src/stm32f4xx_hal_adc_ex.c ****   }
 1863              		.loc 1 918 9 is_stmt 0 view .LVU602
 1864 017a 1868     		ldr	r0, [r3]
 918:Drivers/STM32F4xx_HAL_Driver/Src/stm32f4xx_hal_adc_ex.c ****   }
 1865              		.loc 1 918 19 view .LVU603
 1866 017c 4268     		ldr	r2, [r0, #4]
 918:Drivers/STM32F4xx_HAL_Driver/Src/stm32f4xx_hal_adc_ex.c ****   }
 1867              		.loc 1 918 25 view .LVU604
 1868 017e 22F48052 		bic	r2, r2, #4096
ARM GAS  /tmp/ccOoZsG0.s 			page 63


 1869 0182 4260     		str	r2, [r0, #4]
 1870 0184 B5E7     		b	.L125
 1871              	.L126:
 930:Drivers/STM32F4xx_HAL_Driver/Src/stm32f4xx_hal_adc_ex.c ****       hadc->Instance->JOFR2 |= sConfigInjected->InjectedOffset;
 1872              		.loc 1 930 7 is_stmt 1 view .LVU605
 930:Drivers/STM32F4xx_HAL_Driver/Src/stm32f4xx_hal_adc_ex.c ****       hadc->Instance->JOFR2 |= sConfigInjected->InjectedOffset;
 1873              		.loc 1 930 11 is_stmt 0 view .LVU606
 1874 0186 1868     		ldr	r0, [r3]
 930:Drivers/STM32F4xx_HAL_Driver/Src/stm32f4xx_hal_adc_ex.c ****       hadc->Instance->JOFR2 |= sConfigInjected->InjectedOffset;
 1875              		.loc 1 930 21 view .LVU607
 1876 0188 8269     		ldr	r2, [r0, #24]
 930:Drivers/STM32F4xx_HAL_Driver/Src/stm32f4xx_hal_adc_ex.c ****       hadc->Instance->JOFR2 |= sConfigInjected->InjectedOffset;
 1877              		.loc 1 930 29 view .LVU608
 1878 018a 6FF30B02 		bfc	r2, #0, #12
 1879 018e 8261     		str	r2, [r0, #24]
 931:Drivers/STM32F4xx_HAL_Driver/Src/stm32f4xx_hal_adc_ex.c ****       break;
 1880              		.loc 1 931 7 is_stmt 1 view .LVU609
 931:Drivers/STM32F4xx_HAL_Driver/Src/stm32f4xx_hal_adc_ex.c ****       break;
 1881              		.loc 1 931 11 is_stmt 0 view .LVU610
 1882 0190 1868     		ldr	r0, [r3]
 931:Drivers/STM32F4xx_HAL_Driver/Src/stm32f4xx_hal_adc_ex.c ****       break;
 1883              		.loc 1 931 21 view .LVU611
 1884 0192 8269     		ldr	r2, [r0, #24]
 931:Drivers/STM32F4xx_HAL_Driver/Src/stm32f4xx_hal_adc_ex.c ****       break;
 1885              		.loc 1 931 47 view .LVU612
 1886 0194 CC68     		ldr	r4, [r1, #12]
 931:Drivers/STM32F4xx_HAL_Driver/Src/stm32f4xx_hal_adc_ex.c ****       break;
 1887              		.loc 1 931 29 view .LVU613
 1888 0196 2243     		orrs	r2, r2, r4
 1889 0198 8261     		str	r2, [r0, #24]
 932:Drivers/STM32F4xx_HAL_Driver/Src/stm32f4xx_hal_adc_ex.c ****     case 3U:
 1890              		.loc 1 932 7 is_stmt 1 view .LVU614
 1891 019a BBE7     		b	.L129
 1892              	.L127:
 935:Drivers/STM32F4xx_HAL_Driver/Src/stm32f4xx_hal_adc_ex.c ****       hadc->Instance->JOFR3 |= sConfigInjected->InjectedOffset;
 1893              		.loc 1 935 7 view .LVU615
 935:Drivers/STM32F4xx_HAL_Driver/Src/stm32f4xx_hal_adc_ex.c ****       hadc->Instance->JOFR3 |= sConfigInjected->InjectedOffset;
 1894              		.loc 1 935 11 is_stmt 0 view .LVU616
 1895 019c 1868     		ldr	r0, [r3]
 935:Drivers/STM32F4xx_HAL_Driver/Src/stm32f4xx_hal_adc_ex.c ****       hadc->Instance->JOFR3 |= sConfigInjected->InjectedOffset;
 1896              		.loc 1 935 21 view .LVU617
 1897 019e C269     		ldr	r2, [r0, #28]
 935:Drivers/STM32F4xx_HAL_Driver/Src/stm32f4xx_hal_adc_ex.c ****       hadc->Instance->JOFR3 |= sConfigInjected->InjectedOffset;
 1898              		.loc 1 935 29 view .LVU618
 1899 01a0 6FF30B02 		bfc	r2, #0, #12
 1900 01a4 C261     		str	r2, [r0, #28]
 936:Drivers/STM32F4xx_HAL_Driver/Src/stm32f4xx_hal_adc_ex.c ****       break;
 1901              		.loc 1 936 7 is_stmt 1 view .LVU619
 936:Drivers/STM32F4xx_HAL_Driver/Src/stm32f4xx_hal_adc_ex.c ****       break;
 1902              		.loc 1 936 11 is_stmt 0 view .LVU620
 1903 01a6 1868     		ldr	r0, [r3]
 936:Drivers/STM32F4xx_HAL_Driver/Src/stm32f4xx_hal_adc_ex.c ****       break;
 1904              		.loc 1 936 21 view .LVU621
 1905 01a8 C269     		ldr	r2, [r0, #28]
 936:Drivers/STM32F4xx_HAL_Driver/Src/stm32f4xx_hal_adc_ex.c ****       break;
 1906              		.loc 1 936 47 view .LVU622
 1907 01aa CC68     		ldr	r4, [r1, #12]
ARM GAS  /tmp/ccOoZsG0.s 			page 64


 936:Drivers/STM32F4xx_HAL_Driver/Src/stm32f4xx_hal_adc_ex.c ****       break;
 1908              		.loc 1 936 29 view .LVU623
 1909 01ac 2243     		orrs	r2, r2, r4
 1910 01ae C261     		str	r2, [r0, #28]
 937:Drivers/STM32F4xx_HAL_Driver/Src/stm32f4xx_hal_adc_ex.c ****     default:
 1911              		.loc 1 937 7 is_stmt 1 view .LVU624
 1912 01b0 B0E7     		b	.L129
 1913              	.L128:
 940:Drivers/STM32F4xx_HAL_Driver/Src/stm32f4xx_hal_adc_ex.c ****       hadc->Instance->JOFR4 |= sConfigInjected->InjectedOffset;
 1914              		.loc 1 940 7 view .LVU625
 940:Drivers/STM32F4xx_HAL_Driver/Src/stm32f4xx_hal_adc_ex.c ****       hadc->Instance->JOFR4 |= sConfigInjected->InjectedOffset;
 1915              		.loc 1 940 11 is_stmt 0 view .LVU626
 1916 01b2 1868     		ldr	r0, [r3]
 940:Drivers/STM32F4xx_HAL_Driver/Src/stm32f4xx_hal_adc_ex.c ****       hadc->Instance->JOFR4 |= sConfigInjected->InjectedOffset;
 1917              		.loc 1 940 21 view .LVU627
 1918 01b4 026A     		ldr	r2, [r0, #32]
 940:Drivers/STM32F4xx_HAL_Driver/Src/stm32f4xx_hal_adc_ex.c ****       hadc->Instance->JOFR4 |= sConfigInjected->InjectedOffset;
 1919              		.loc 1 940 29 view .LVU628
 1920 01b6 6FF30B02 		bfc	r2, #0, #12
 1921 01ba 0262     		str	r2, [r0, #32]
 941:Drivers/STM32F4xx_HAL_Driver/Src/stm32f4xx_hal_adc_ex.c ****       break;
 1922              		.loc 1 941 7 is_stmt 1 view .LVU629
 941:Drivers/STM32F4xx_HAL_Driver/Src/stm32f4xx_hal_adc_ex.c ****       break;
 1923              		.loc 1 941 11 is_stmt 0 view .LVU630
 1924 01bc 1868     		ldr	r0, [r3]
 941:Drivers/STM32F4xx_HAL_Driver/Src/stm32f4xx_hal_adc_ex.c ****       break;
 1925              		.loc 1 941 21 view .LVU631
 1926 01be 026A     		ldr	r2, [r0, #32]
 941:Drivers/STM32F4xx_HAL_Driver/Src/stm32f4xx_hal_adc_ex.c ****       break;
 1927              		.loc 1 941 47 view .LVU632
 1928 01c0 CC68     		ldr	r4, [r1, #12]
 941:Drivers/STM32F4xx_HAL_Driver/Src/stm32f4xx_hal_adc_ex.c ****       break;
 1929              		.loc 1 941 29 view .LVU633
 1930 01c2 2243     		orrs	r2, r2, r4
 1931 01c4 0262     		str	r2, [r0, #32]
 942:Drivers/STM32F4xx_HAL_Driver/Src/stm32f4xx_hal_adc_ex.c ****   }
 1932              		.loc 1 942 7 is_stmt 1 view .LVU634
 1933 01c6 A5E7     		b	.L129
 1934              	.LVL117:
 1935              	.L137:
 951:Drivers/STM32F4xx_HAL_Driver/Src/stm32f4xx_hal_adc_ex.c ****   {
 1936              		.loc 1 951 51 is_stmt 0 discriminator 1 view .LVU635
 1937 01c8 0A68     		ldr	r2, [r1]
 951:Drivers/STM32F4xx_HAL_Driver/Src/stm32f4xx_hal_adc_ex.c ****   {
 1938              		.loc 1 951 32 discriminator 1 view .LVU636
 1939 01ca 122A     		cmp	r2, #18
 1940 01cc A6D1     		bne	.L130
 954:Drivers/STM32F4xx_HAL_Driver/Src/stm32f4xx_hal_adc_ex.c ****   }
 1941              		.loc 1 954 5 is_stmt 1 view .LVU637
 954:Drivers/STM32F4xx_HAL_Driver/Src/stm32f4xx_hal_adc_ex.c ****   }
 1942              		.loc 1 954 18 is_stmt 0 view .LVU638
 1943 01ce 0B48     		ldr	r0, .L139+8
 1944 01d0 4268     		ldr	r2, [r0, #4]
 954:Drivers/STM32F4xx_HAL_Driver/Src/stm32f4xx_hal_adc_ex.c ****   }
 1945              		.loc 1 954 24 view .LVU639
 1946 01d2 42F48002 		orr	r2, r2, #4194304
 1947 01d6 4260     		str	r2, [r0, #4]
ARM GAS  /tmp/ccOoZsG0.s 			page 65


 1948 01d8 A0E7     		b	.L130
 1949              	.L138:
 958:Drivers/STM32F4xx_HAL_Driver/Src/stm32f4xx_hal_adc_ex.c ****   {
 1950              		.loc 1 958 52 discriminator 1 view .LVU640
 1951 01da 0A68     		ldr	r2, [r1]
 958:Drivers/STM32F4xx_HAL_Driver/Src/stm32f4xx_hal_adc_ex.c ****   {
 1952              		.loc 1 958 97 discriminator 1 view .LVU641
 1953 01dc 103A     		subs	r2, r2, #16
 958:Drivers/STM32F4xx_HAL_Driver/Src/stm32f4xx_hal_adc_ex.c ****   {
 1954              		.loc 1 958 32 discriminator 1 view .LVU642
 1955 01de 012A     		cmp	r2, #1
 1956 01e0 A0D8     		bhi	.L131
 961:Drivers/STM32F4xx_HAL_Driver/Src/stm32f4xx_hal_adc_ex.c ****   }
 1957              		.loc 1 961 5 is_stmt 1 view .LVU643
 961:Drivers/STM32F4xx_HAL_Driver/Src/stm32f4xx_hal_adc_ex.c ****   }
 1958              		.loc 1 961 18 is_stmt 0 view .LVU644
 1959 01e2 0649     		ldr	r1, .L139+8
 1960              	.LVL118:
 961:Drivers/STM32F4xx_HAL_Driver/Src/stm32f4xx_hal_adc_ex.c ****   }
 1961              		.loc 1 961 18 view .LVU645
 1962 01e4 4A68     		ldr	r2, [r1, #4]
 961:Drivers/STM32F4xx_HAL_Driver/Src/stm32f4xx_hal_adc_ex.c ****   }
 1963              		.loc 1 961 24 view .LVU646
 1964 01e6 42F40002 		orr	r2, r2, #8388608
 1965 01ea 4A60     		str	r2, [r1, #4]
 1966 01ec 9AE7     		b	.L131
 1967              	.LVL119:
 1968              	.L132:
 1969              		.cfi_def_cfa_offset 0
 1970              		.cfi_restore 4
 1971              		.cfi_restore 5
 845:Drivers/STM32F4xx_HAL_Driver/Src/stm32f4xx_hal_adc_ex.c ****   
 1972              		.loc 1 845 3 discriminator 1 view .LVU647
 1973 01ee 0220     		movs	r0, #2
 1974              	.LVL120:
 969:Drivers/STM32F4xx_HAL_Driver/Src/stm32f4xx_hal_adc_ex.c **** 
 1975              		.loc 1 969 1 view .LVU648
 1976 01f0 7047     		bx	lr
 1977              	.L140:
 1978 01f2 00BF     		.align	2
 1979              	.L139:
 1980 01f4 01000F00 		.word	983041
 1981 01f8 00200140 		.word	1073815552
 1982 01fc 00230140 		.word	1073816320
 1983              		.cfi_endproc
 1984              	.LFE226:
 1986              		.section	.text.HAL_ADCEx_MultiModeConfigChannel,"ax",%progbits
 1987              		.align	1
 1988              		.global	HAL_ADCEx_MultiModeConfigChannel
 1989              		.syntax unified
 1990              		.thumb
 1991              		.thumb_func
 1993              	HAL_ADCEx_MultiModeConfigChannel:
 1994              	.LVL121:
 1995              	.LFB227:
 980:Drivers/STM32F4xx_HAL_Driver/Src/stm32f4xx_hal_adc_ex.c **** 
 1996              		.loc 1 980 1 is_stmt 1 view -0
ARM GAS  /tmp/ccOoZsG0.s 			page 66


 1997              		.cfi_startproc
 1998              		@ args = 0, pretend = 0, frame = 0
 1999              		@ frame_needed = 0, uses_anonymous_args = 0
 2000              		@ link register save eliminated.
 982:Drivers/STM32F4xx_HAL_Driver/Src/stm32f4xx_hal_adc_ex.c **** 
 2001              		.loc 1 982 3 view .LVU650
 985:Drivers/STM32F4xx_HAL_Driver/Src/stm32f4xx_hal_adc_ex.c ****   assert_param(IS_ADC_DMA_ACCESS_MODE(multimode->DMAAccessMode));
 2002              		.loc 1 985 3 view .LVU651
 986:Drivers/STM32F4xx_HAL_Driver/Src/stm32f4xx_hal_adc_ex.c ****   assert_param(IS_ADC_SAMPLING_DELAY(multimode->TwoSamplingDelay));
 2003              		.loc 1 986 3 view .LVU652
 987:Drivers/STM32F4xx_HAL_Driver/Src/stm32f4xx_hal_adc_ex.c ****   
 2004              		.loc 1 987 3 view .LVU653
 990:Drivers/STM32F4xx_HAL_Driver/Src/stm32f4xx_hal_adc_ex.c **** 
 2005              		.loc 1 990 3 view .LVU654
 990:Drivers/STM32F4xx_HAL_Driver/Src/stm32f4xx_hal_adc_ex.c **** 
 2006              		.loc 1 990 3 view .LVU655
 2007 0000 90F83C30 		ldrb	r3, [r0, #60]	@ zero_extendqisi2
 2008 0004 012B     		cmp	r3, #1
 2009 0006 23D0     		beq	.L143
 980:Drivers/STM32F4xx_HAL_Driver/Src/stm32f4xx_hal_adc_ex.c **** 
 2010              		.loc 1 980 1 is_stmt 0 view .LVU656
 2011 0008 10B4     		push	{r4}
 2012              		.cfi_def_cfa_offset 4
 2013              		.cfi_offset 4, -4
 2014 000a 0246     		mov	r2, r0
 990:Drivers/STM32F4xx_HAL_Driver/Src/stm32f4xx_hal_adc_ex.c **** 
 2015              		.loc 1 990 3 is_stmt 1 discriminator 2 view .LVU657
 2016 000c 0123     		movs	r3, #1
 2017 000e 80F83C30 		strb	r3, [r0, #60]
 990:Drivers/STM32F4xx_HAL_Driver/Src/stm32f4xx_hal_adc_ex.c **** 
 2018              		.loc 1 990 3 discriminator 2 view .LVU658
 995:Drivers/STM32F4xx_HAL_Driver/Src/stm32f4xx_hal_adc_ex.c **** 
 2019              		.loc 1 995 3 view .LVU659
 2020              	.LVL122:
 998:Drivers/STM32F4xx_HAL_Driver/Src/stm32f4xx_hal_adc_ex.c ****   tmpADC_Common->CCR |= multimode->Mode;
 2021              		.loc 1 998 3 view .LVU660
 998:Drivers/STM32F4xx_HAL_Driver/Src/stm32f4xx_hal_adc_ex.c ****   tmpADC_Common->CCR |= multimode->Mode;
 2022              		.loc 1 998 16 is_stmt 0 view .LVU661
 2023 0012 104B     		ldr	r3, .L148
 2024 0014 5868     		ldr	r0, [r3, #4]
 2025              	.LVL123:
 998:Drivers/STM32F4xx_HAL_Driver/Src/stm32f4xx_hal_adc_ex.c ****   tmpADC_Common->CCR |= multimode->Mode;
 2026              		.loc 1 998 22 view .LVU662
 2027 0016 20F01F00 		bic	r0, r0, #31
 2028 001a 5860     		str	r0, [r3, #4]
 999:Drivers/STM32F4xx_HAL_Driver/Src/stm32f4xx_hal_adc_ex.c ****   
 2029              		.loc 1 999 3 is_stmt 1 view .LVU663
 999:Drivers/STM32F4xx_HAL_Driver/Src/stm32f4xx_hal_adc_ex.c ****   
 2030              		.loc 1 999 16 is_stmt 0 view .LVU664
 2031 001c 5868     		ldr	r0, [r3, #4]
 999:Drivers/STM32F4xx_HAL_Driver/Src/stm32f4xx_hal_adc_ex.c ****   
 2032              		.loc 1 999 22 view .LVU665
 2033 001e 0C68     		ldr	r4, [r1]
 2034 0020 2043     		orrs	r0, r0, r4
 2035 0022 5860     		str	r0, [r3, #4]
1002:Drivers/STM32F4xx_HAL_Driver/Src/stm32f4xx_hal_adc_ex.c ****   tmpADC_Common->CCR |= multimode->DMAAccessMode;
 2036              		.loc 1 1002 3 is_stmt 1 view .LVU666
ARM GAS  /tmp/ccOoZsG0.s 			page 67


1002:Drivers/STM32F4xx_HAL_Driver/Src/stm32f4xx_hal_adc_ex.c ****   tmpADC_Common->CCR |= multimode->DMAAccessMode;
 2037              		.loc 1 1002 16 is_stmt 0 view .LVU667
 2038 0024 5868     		ldr	r0, [r3, #4]
1002:Drivers/STM32F4xx_HAL_Driver/Src/stm32f4xx_hal_adc_ex.c ****   tmpADC_Common->CCR |= multimode->DMAAccessMode;
 2039              		.loc 1 1002 22 view .LVU668
 2040 0026 20F44040 		bic	r0, r0, #49152
 2041 002a 5860     		str	r0, [r3, #4]
1003:Drivers/STM32F4xx_HAL_Driver/Src/stm32f4xx_hal_adc_ex.c ****   
 2042              		.loc 1 1003 3 is_stmt 1 view .LVU669
1003:Drivers/STM32F4xx_HAL_Driver/Src/stm32f4xx_hal_adc_ex.c ****   
 2043              		.loc 1 1003 16 is_stmt 0 view .LVU670
 2044 002c 5868     		ldr	r0, [r3, #4]
1003:Drivers/STM32F4xx_HAL_Driver/Src/stm32f4xx_hal_adc_ex.c ****   
 2045              		.loc 1 1003 22 view .LVU671
 2046 002e 4C68     		ldr	r4, [r1, #4]
 2047 0030 2043     		orrs	r0, r0, r4
 2048 0032 5860     		str	r0, [r3, #4]
1006:Drivers/STM32F4xx_HAL_Driver/Src/stm32f4xx_hal_adc_ex.c ****   tmpADC_Common->CCR |= multimode->TwoSamplingDelay;
 2049              		.loc 1 1006 3 is_stmt 1 view .LVU672
1006:Drivers/STM32F4xx_HAL_Driver/Src/stm32f4xx_hal_adc_ex.c ****   tmpADC_Common->CCR |= multimode->TwoSamplingDelay;
 2050              		.loc 1 1006 16 is_stmt 0 view .LVU673
 2051 0034 5868     		ldr	r0, [r3, #4]
1006:Drivers/STM32F4xx_HAL_Driver/Src/stm32f4xx_hal_adc_ex.c ****   tmpADC_Common->CCR |= multimode->TwoSamplingDelay;
 2052              		.loc 1 1006 22 view .LVU674
 2053 0036 20F47060 		bic	r0, r0, #3840
 2054 003a 5860     		str	r0, [r3, #4]
1007:Drivers/STM32F4xx_HAL_Driver/Src/stm32f4xx_hal_adc_ex.c ****   
 2055              		.loc 1 1007 3 is_stmt 1 view .LVU675
1007:Drivers/STM32F4xx_HAL_Driver/Src/stm32f4xx_hal_adc_ex.c ****   
 2056              		.loc 1 1007 16 is_stmt 0 view .LVU676
 2057 003c 5868     		ldr	r0, [r3, #4]
1007:Drivers/STM32F4xx_HAL_Driver/Src/stm32f4xx_hal_adc_ex.c ****   
 2058              		.loc 1 1007 34 view .LVU677
 2059 003e 8968     		ldr	r1, [r1, #8]
 2060              	.LVL124:
1007:Drivers/STM32F4xx_HAL_Driver/Src/stm32f4xx_hal_adc_ex.c ****   
 2061              		.loc 1 1007 22 view .LVU678
 2062 0040 0143     		orrs	r1, r1, r0
 2063 0042 5960     		str	r1, [r3, #4]
1010:Drivers/STM32F4xx_HAL_Driver/Src/stm32f4xx_hal_adc_ex.c ****   
 2064              		.loc 1 1010 3 is_stmt 1 view .LVU679
1010:Drivers/STM32F4xx_HAL_Driver/Src/stm32f4xx_hal_adc_ex.c ****   
 2065              		.loc 1 1010 3 view .LVU680
 2066 0044 0020     		movs	r0, #0
 2067 0046 82F83C00 		strb	r0, [r2, #60]
1010:Drivers/STM32F4xx_HAL_Driver/Src/stm32f4xx_hal_adc_ex.c ****   
 2068              		.loc 1 1010 3 view .LVU681
1013:Drivers/STM32F4xx_HAL_Driver/Src/stm32f4xx_hal_adc_ex.c **** }
 2069              		.loc 1 1013 3 view .LVU682
1014:Drivers/STM32F4xx_HAL_Driver/Src/stm32f4xx_hal_adc_ex.c **** 
 2070              		.loc 1 1014 1 is_stmt 0 view .LVU683
 2071 004a 5DF8044B 		ldr	r4, [sp], #4
 2072              		.cfi_restore 4
 2073              		.cfi_def_cfa_offset 0
 2074 004e 7047     		bx	lr
 2075              	.LVL125:
 2076              	.L143:
ARM GAS  /tmp/ccOoZsG0.s 			page 68


 990:Drivers/STM32F4xx_HAL_Driver/Src/stm32f4xx_hal_adc_ex.c **** 
 2077              		.loc 1 990 3 discriminator 1 view .LVU684
 2078 0050 0220     		movs	r0, #2
 2079              	.LVL126:
1014:Drivers/STM32F4xx_HAL_Driver/Src/stm32f4xx_hal_adc_ex.c **** 
 2080              		.loc 1 1014 1 view .LVU685
 2081 0052 7047     		bx	lr
 2082              	.L149:
 2083              		.align	2
 2084              	.L148:
 2085 0054 00230140 		.word	1073816320
 2086              		.cfi_endproc
 2087              	.LFE227:
 2089              		.text
 2090              	.Letext0:
 2091              		.file 2 "/usr/lib/gcc/arm-none-eabi/13.2.1/include/stdint.h"
 2092              		.file 3 "Drivers/CMSIS/Device/ST/STM32F4xx/Include/stm32f401xc.h"
 2093              		.file 4 "Drivers/CMSIS/Device/ST/STM32F4xx/Include/stm32f4xx.h"
 2094              		.file 5 "Drivers/STM32F4xx_HAL_Driver/Inc/stm32f4xx_hal_def.h"
 2095              		.file 6 "Drivers/STM32F4xx_HAL_Driver/Inc/stm32f4xx_hal_dma.h"
 2096              		.file 7 "Drivers/STM32F4xx_HAL_Driver/Inc/stm32f4xx_hal_adc.h"
 2097              		.file 8 "Drivers/STM32F4xx_HAL_Driver/Inc/stm32f4xx_hal_adc_ex.h"
 2098              		.file 9 "Drivers/CMSIS/Device/ST/STM32F4xx/Include/system_stm32f4xx.h"
 2099              		.file 10 "Drivers/STM32F4xx_HAL_Driver/Inc/stm32f4xx_hal.h"
ARM GAS  /tmp/ccOoZsG0.s 			page 69


DEFINED SYMBOLS
                            *ABS*:00000000 stm32f4xx_hal_adc_ex.c
     /tmp/ccOoZsG0.s:21     .text.ADC_MultiModeDMAError:00000000 $t
     /tmp/ccOoZsG0.s:26     .text.ADC_MultiModeDMAError:00000000 ADC_MultiModeDMAError
     /tmp/ccOoZsG0.s:61     .text.ADC_MultiModeDMAHalfConvCplt:00000000 $t
     /tmp/ccOoZsG0.s:66     .text.ADC_MultiModeDMAHalfConvCplt:00000000 ADC_MultiModeDMAHalfConvCplt
     /tmp/ccOoZsG0.s:92     .text.ADC_MultiModeDMAConvCplt:00000000 $t
     /tmp/ccOoZsG0.s:97     .text.ADC_MultiModeDMAConvCplt:00000000 ADC_MultiModeDMAConvCplt
     /tmp/ccOoZsG0.s:190    .text.HAL_ADCEx_InjectedStart:00000000 $t
     /tmp/ccOoZsG0.s:196    .text.HAL_ADCEx_InjectedStart:00000000 HAL_ADCEx_InjectedStart
     /tmp/ccOoZsG0.s:420    .text.HAL_ADCEx_InjectedStart:000000f4 $d
     /tmp/ccOoZsG0.s:428    .text.HAL_ADCEx_InjectedStart_IT:00000000 $t
     /tmp/ccOoZsG0.s:434    .text.HAL_ADCEx_InjectedStart_IT:00000000 HAL_ADCEx_InjectedStart_IT
     /tmp/ccOoZsG0.s:663    .text.HAL_ADCEx_InjectedStart_IT:000000fc $d
     /tmp/ccOoZsG0.s:671    .text.HAL_ADCEx_InjectedStop:00000000 $t
     /tmp/ccOoZsG0.s:677    .text.HAL_ADCEx_InjectedStop:00000000 HAL_ADCEx_InjectedStop
     /tmp/ccOoZsG0.s:771    .text.HAL_ADCEx_InjectedPollForConversion:00000000 $t
     /tmp/ccOoZsG0.s:777    .text.HAL_ADCEx_InjectedPollForConversion:00000000 HAL_ADCEx_InjectedPollForConversion
     /tmp/ccOoZsG0.s:929    .text.HAL_ADCEx_InjectedStop_IT:00000000 $t
     /tmp/ccOoZsG0.s:935    .text.HAL_ADCEx_InjectedStop_IT:00000000 HAL_ADCEx_InjectedStop_IT
     /tmp/ccOoZsG0.s:1033   .text.HAL_ADCEx_InjectedGetValue:00000000 $t
     /tmp/ccOoZsG0.s:1039   .text.HAL_ADCEx_InjectedGetValue:00000000 HAL_ADCEx_InjectedGetValue
     /tmp/ccOoZsG0.s:1067   .text.HAL_ADCEx_InjectedGetValue:00000018 $d
     /tmp/ccOoZsG0.s:1071   .text.HAL_ADCEx_InjectedGetValue:0000001c $t
     /tmp/ccOoZsG0.s:1128   .text.HAL_ADCEx_MultiModeStart_DMA:00000000 $t
     /tmp/ccOoZsG0.s:1134   .text.HAL_ADCEx_MultiModeStart_DMA:00000000 HAL_ADCEx_MultiModeStart_DMA
     /tmp/ccOoZsG0.s:1370   .text.HAL_ADCEx_MultiModeStart_DMA:00000114 $d
     /tmp/ccOoZsG0.s:1381   .text.HAL_ADCEx_MultiModeStop_DMA:00000000 $t
     /tmp/ccOoZsG0.s:1387   .text.HAL_ADCEx_MultiModeStop_DMA:00000000 HAL_ADCEx_MultiModeStop_DMA
     /tmp/ccOoZsG0.s:1479   .text.HAL_ADCEx_MultiModeStop_DMA:00000060 $d
     /tmp/ccOoZsG0.s:1484   .text.HAL_ADCEx_MultiModeGetValue:00000000 $t
     /tmp/ccOoZsG0.s:1490   .text.HAL_ADCEx_MultiModeGetValue:00000000 HAL_ADCEx_MultiModeGetValue
     /tmp/ccOoZsG0.s:1510   .text.HAL_ADCEx_MultiModeGetValue:00000008 $d
     /tmp/ccOoZsG0.s:1515   .text.HAL_ADCEx_InjectedConvCpltCallback:00000000 $t
     /tmp/ccOoZsG0.s:1521   .text.HAL_ADCEx_InjectedConvCpltCallback:00000000 HAL_ADCEx_InjectedConvCpltCallback
     /tmp/ccOoZsG0.s:1536   .text.HAL_ADCEx_InjectedConfigChannel:00000000 $t
     /tmp/ccOoZsG0.s:1542   .text.HAL_ADCEx_InjectedConfigChannel:00000000 HAL_ADCEx_InjectedConfigChannel
     /tmp/ccOoZsG0.s:1980   .text.HAL_ADCEx_InjectedConfigChannel:000001f4 $d
     /tmp/ccOoZsG0.s:1987   .text.HAL_ADCEx_MultiModeConfigChannel:00000000 $t
     /tmp/ccOoZsG0.s:1993   .text.HAL_ADCEx_MultiModeConfigChannel:00000000 HAL_ADCEx_MultiModeConfigChannel
     /tmp/ccOoZsG0.s:2085   .text.HAL_ADCEx_MultiModeConfigChannel:00000054 $d
                           .group:00000000 wm4.0.a2c88c0e0e60094af2c84dce921779d2
                           .group:00000000 wm4.stm32f4xx_hal_conf.h.25.758a9f5dc6450f8647b5af7fe8eb27ed
                           .group:00000000 wm4.stm32f4xx.h.39.163e65267b4f964a08764289722b975f
                           .group:00000000 wm4.stm32f401xc.h.35.52d05665f5a2df9c1992e17eee7d2af5
                           .group:00000000 wm4.stdint.h.29.6d480f4ba0f60596e88234283d42444f
                           .group:00000000 wm4.cmsis_version.h.32.4d5822004c01a829a975260e854b5f8e
                           .group:00000000 wm4.core_cm4.h.66.e4ff136c4a17abc46741866f64f8e729
                           .group:00000000 wm4.cmsis_gcc.h.26.6774fe91202d65f4d5ffcff60e00da34
                           .group:00000000 wm4.core_cm4.h.174.059a5e001a9e729091d1407208e93224
                           .group:00000000 wm4.mpu_armv7.h.32.27b4593cb2f8d3152ca5d97a9d72b321
                           .group:00000000 wm4.stm32f401xc.h.636.9a664cc173dbe5d5f2dac1e758e3577d
                           .group:00000000 wm4.stm32f4xx.h.196.0b21137cf6c6923d8fd1f4d94a3bfdd4
                           .group:00000000 wm4.stm32_hal_legacy.h.23.e2601123cf1b2a3b6d11d949644ddf87
                           .group:00000000 wm4.stddef.h.39.0dc9006b34572d4d9cae4c8b422c4971
                           .group:00000000 wm4.stm32f4xx_hal_def.h.58.f614308b482cecea9bcc0016240ac0fc
                           .group:00000000 wm4.stm32f4xx_hal_rcc_ex.h.22.3f3b596cc307dc701c7c99b0fc6c9b58
ARM GAS  /tmp/ccOoZsG0.s 			page 70


                           .group:00000000 wm4.stm32f4xx_hal_rcc.h.108.b82c8c670b41d96b2920e2f63661be15
                           .group:00000000 wm4.stm32f4xx_hal_gpio.h.22.e47df9f0f5be4ddc2ed2d14042c5e680
                           .group:00000000 wm4.stm32f4xx_hal_gpio_ex.h.22.5014ee010492a350679453c3b4a59718
                           .group:00000000 wm4.stm32f4xx_hal_gpio.h.255.5b948d47ad1357d6d2213e5e5ca4755c
                           .group:00000000 wm4.stm32f4xx_hal_exti.h.22.1f47767199c5bf749c04088e5c61c9c8
                           .group:00000000 wm4.stm32f4xx_hal_dma.h.22.fffce20ac9119c50557659c75e75ab1c
                           .group:00000000 wm4.stm32f4xx_hal_dma.h.721.a1e57ffbc615f926e6509c5acc65e492
                           .group:00000000 wm4.stm32f4xx_hal_cortex.h.22.e6aa3b847b5388be63c32d1f9e696ef7
                           .group:00000000 wm4.stm32f4xx_ll_adc.h.22.a8e07f8509bbb4868e2c24461c7eee47
                           .group:00000000 wm4.stm32f4xx_hal_adc.h.160.ef18931a059b62efbac7762c6a09e47f
                           .group:00000000 wm4.stm32f4xx_hal_adc_ex.h.22.25ddc09ef7109b33adae2990f50c4304
                           .group:00000000 wm4.stm32f4xx_hal_adc.h.640.733b38c420d3407eb5f8ddd98816c661
                           .group:00000000 wm4.stm32f4xx_hal_flash.h.22.31b301be2655c3eb8583e51c8231544a
                           .group:00000000 wm4.stm32f4xx_hal_flash_ex.h.22.00cb5cb208d28a1f20f3b257a6f51bad
                           .group:00000000 wm4.stm32f4xx_hal_flash.h.363.51efdf0f6c88f683efb89d7cc95cc1be
                           .group:00000000 wm4.stm32f4xx_hal_pwr.h.22.2c27d93ae187efe3a73816f03a329970
                           .group:00000000 wm4.stm32f4xx_hal_pwr_ex.h.22.04eb3957e13ca6e5ed8952d2d168bdc0
                           .group:00000000 wm4.stm32f4xx_hal_pwr.h.337.60b43975c84527a23cb6994b23165a5e
                           .group:00000000 wm4.stm32f4xx_hal_uart.h.22.591b491756a19342b0bf79eea5b33e1b
                           .group:00000000 wm4.stm32f4xx_ll_usb.h.22.3497d8ac31b2bdafc7c2a34d860c4769
                           .group:00000000 wm4.stm32f4xx_hal_hcd.h.111.a51c3bd0d61d2d8cadb372f7c7d9eccb
                           .group:00000000 wm4.stm32f4xx_hal.h.72.a5a58188aa461a0614f1e58e159c7840

UNDEFINED SYMBOLS
HAL_ADC_ErrorCallback
HAL_ADC_ConvHalfCpltCallback
HAL_ADC_ConvCpltCallback
SystemCoreClock
HAL_GetTick
HAL_DMA_Start_IT
HAL_DMA_Abort
