ARM GAS  /tmp/ccN3EVao.s 			page 1


   1              		.cpu cortex-m4
   2              		.arch armv7e-m
   3              		.fpu fpv4-sp-d16
   4              		.eabi_attribute 27, 1
   5              		.eabi_attribute 28, 1
   6              		.eabi_attribute 20, 1
   7              		.eabi_attribute 21, 1
   8              		.eabi_attribute 23, 3
   9              		.eabi_attribute 24, 1
  10              		.eabi_attribute 25, 1
  11              		.eabi_attribute 26, 1
  12              		.eabi_attribute 30, 1
  13              		.eabi_attribute 34, 1
  14              		.eabi_attribute 18, 4
  15              		.file	"stm32f4xx_hal_dma.c"
  16              		.text
  17              	.Ltext0:
  18              		.cfi_sections	.debug_frame
  19              		.file 1 "Drivers/STM32F4xx_HAL_Driver/Src/stm32f4xx_hal_dma.c"
  20              		.section	.text.DMA_SetConfig,"ax",%progbits
  21              		.align	1
  22              		.syntax unified
  23              		.thumb
  24              		.thumb_func
  26              	DMA_SetConfig:
  27              	.LVL0:
  28              	.LFB228:
   1:Drivers/STM32F4xx_HAL_Driver/Src/stm32f4xx_hal_dma.c **** /**
   2:Drivers/STM32F4xx_HAL_Driver/Src/stm32f4xx_hal_dma.c ****   ******************************************************************************
   3:Drivers/STM32F4xx_HAL_Driver/Src/stm32f4xx_hal_dma.c ****   * @file    stm32f4xx_hal_dma.c
   4:Drivers/STM32F4xx_HAL_Driver/Src/stm32f4xx_hal_dma.c ****   * @author  MCD Application Team
   5:Drivers/STM32F4xx_HAL_Driver/Src/stm32f4xx_hal_dma.c ****   * @brief   DMA HAL module driver.
   6:Drivers/STM32F4xx_HAL_Driver/Src/stm32f4xx_hal_dma.c ****   *    
   7:Drivers/STM32F4xx_HAL_Driver/Src/stm32f4xx_hal_dma.c ****   *          This file provides firmware functions to manage the following 
   8:Drivers/STM32F4xx_HAL_Driver/Src/stm32f4xx_hal_dma.c ****   *          functionalities of the Direct Memory Access (DMA) peripheral:
   9:Drivers/STM32F4xx_HAL_Driver/Src/stm32f4xx_hal_dma.c ****   *           + Initialization and de-initialization functions
  10:Drivers/STM32F4xx_HAL_Driver/Src/stm32f4xx_hal_dma.c ****   *           + IO operation functions
  11:Drivers/STM32F4xx_HAL_Driver/Src/stm32f4xx_hal_dma.c ****   *           + Peripheral State and errors functions
  12:Drivers/STM32F4xx_HAL_Driver/Src/stm32f4xx_hal_dma.c ****   @verbatim     
  13:Drivers/STM32F4xx_HAL_Driver/Src/stm32f4xx_hal_dma.c ****   ==============================================================================
  14:Drivers/STM32F4xx_HAL_Driver/Src/stm32f4xx_hal_dma.c ****                         ##### How to use this driver #####
  15:Drivers/STM32F4xx_HAL_Driver/Src/stm32f4xx_hal_dma.c ****   ==============================================================================
  16:Drivers/STM32F4xx_HAL_Driver/Src/stm32f4xx_hal_dma.c ****   [..]
  17:Drivers/STM32F4xx_HAL_Driver/Src/stm32f4xx_hal_dma.c ****    (#) Enable and configure the peripheral to be connected to the DMA Stream
  18:Drivers/STM32F4xx_HAL_Driver/Src/stm32f4xx_hal_dma.c ****        (except for internal SRAM/FLASH memories: no initialization is 
  19:Drivers/STM32F4xx_HAL_Driver/Src/stm32f4xx_hal_dma.c ****        necessary) please refer to Reference manual for connection between peripherals
  20:Drivers/STM32F4xx_HAL_Driver/Src/stm32f4xx_hal_dma.c ****        and DMA requests.
  21:Drivers/STM32F4xx_HAL_Driver/Src/stm32f4xx_hal_dma.c **** 
  22:Drivers/STM32F4xx_HAL_Driver/Src/stm32f4xx_hal_dma.c ****    (#) For a given Stream, program the required configuration through the following parameters:
  23:Drivers/STM32F4xx_HAL_Driver/Src/stm32f4xx_hal_dma.c ****        Transfer Direction, Source and Destination data formats, 
  24:Drivers/STM32F4xx_HAL_Driver/Src/stm32f4xx_hal_dma.c ****        Circular, Normal or peripheral flow control mode, Stream Priority level, 
  25:Drivers/STM32F4xx_HAL_Driver/Src/stm32f4xx_hal_dma.c ****        Source and Destination Increment mode, FIFO mode and its Threshold (if needed), 
  26:Drivers/STM32F4xx_HAL_Driver/Src/stm32f4xx_hal_dma.c ****        Burst mode for Source and/or Destination (if needed) using HAL_DMA_Init() function.
  27:Drivers/STM32F4xx_HAL_Driver/Src/stm32f4xx_hal_dma.c **** 
  28:Drivers/STM32F4xx_HAL_Driver/Src/stm32f4xx_hal_dma.c ****    -@-   Prior to HAL_DMA_Init() the clock must be enabled for DMA through the following macros:
  29:Drivers/STM32F4xx_HAL_Driver/Src/stm32f4xx_hal_dma.c ****          __HAL_RCC_DMA1_CLK_ENABLE() or __HAL_RCC_DMA2_CLK_ENABLE().
  30:Drivers/STM32F4xx_HAL_Driver/Src/stm32f4xx_hal_dma.c **** 
ARM GAS  /tmp/ccN3EVao.s 			page 2


  31:Drivers/STM32F4xx_HAL_Driver/Src/stm32f4xx_hal_dma.c ****      *** Polling mode IO operation ***
  32:Drivers/STM32F4xx_HAL_Driver/Src/stm32f4xx_hal_dma.c ****      =================================
  33:Drivers/STM32F4xx_HAL_Driver/Src/stm32f4xx_hal_dma.c ****     [..]
  34:Drivers/STM32F4xx_HAL_Driver/Src/stm32f4xx_hal_dma.c ****           (+) Use HAL_DMA_Start() to start DMA transfer after the configuration of Source 
  35:Drivers/STM32F4xx_HAL_Driver/Src/stm32f4xx_hal_dma.c ****               address and destination address and the Length of data to be transferred.
  36:Drivers/STM32F4xx_HAL_Driver/Src/stm32f4xx_hal_dma.c ****           (+) Use HAL_DMA_PollForTransfer() to poll for the end of current transfer, in this  
  37:Drivers/STM32F4xx_HAL_Driver/Src/stm32f4xx_hal_dma.c ****               case a fixed Timeout can be configured by User depending from his application.
  38:Drivers/STM32F4xx_HAL_Driver/Src/stm32f4xx_hal_dma.c ****           (+) Use HAL_DMA_Abort() function to abort the current transfer.
  39:Drivers/STM32F4xx_HAL_Driver/Src/stm32f4xx_hal_dma.c **** 
  40:Drivers/STM32F4xx_HAL_Driver/Src/stm32f4xx_hal_dma.c ****      *** Interrupt mode IO operation ***
  41:Drivers/STM32F4xx_HAL_Driver/Src/stm32f4xx_hal_dma.c ****      ===================================
  42:Drivers/STM32F4xx_HAL_Driver/Src/stm32f4xx_hal_dma.c ****     [..]
  43:Drivers/STM32F4xx_HAL_Driver/Src/stm32f4xx_hal_dma.c ****           (+) Configure the DMA interrupt priority using HAL_NVIC_SetPriority()
  44:Drivers/STM32F4xx_HAL_Driver/Src/stm32f4xx_hal_dma.c ****           (+) Enable the DMA IRQ handler using HAL_NVIC_EnableIRQ() 
  45:Drivers/STM32F4xx_HAL_Driver/Src/stm32f4xx_hal_dma.c ****           (+) Use HAL_DMA_Start_IT() to start DMA transfer after the configuration of  
  46:Drivers/STM32F4xx_HAL_Driver/Src/stm32f4xx_hal_dma.c ****               Source address and destination address and the Length of data to be transferred. In t
  47:Drivers/STM32F4xx_HAL_Driver/Src/stm32f4xx_hal_dma.c ****               case the DMA interrupt is configured 
  48:Drivers/STM32F4xx_HAL_Driver/Src/stm32f4xx_hal_dma.c ****           (+) Use HAL_DMA_IRQHandler() called under DMA_IRQHandler() Interrupt subroutine
  49:Drivers/STM32F4xx_HAL_Driver/Src/stm32f4xx_hal_dma.c ****           (+) At the end of data transfer HAL_DMA_IRQHandler() function is executed and user can 
  50:Drivers/STM32F4xx_HAL_Driver/Src/stm32f4xx_hal_dma.c ****               add his own function by customization of function pointer XferCpltCallback and 
  51:Drivers/STM32F4xx_HAL_Driver/Src/stm32f4xx_hal_dma.c ****               XferErrorCallback (i.e a member of DMA handle structure).
  52:Drivers/STM32F4xx_HAL_Driver/Src/stm32f4xx_hal_dma.c ****     [..]
  53:Drivers/STM32F4xx_HAL_Driver/Src/stm32f4xx_hal_dma.c ****      (#) Use HAL_DMA_GetState() function to return the DMA state and HAL_DMA_GetError() in case of 
  54:Drivers/STM32F4xx_HAL_Driver/Src/stm32f4xx_hal_dma.c ****          detection.
  55:Drivers/STM32F4xx_HAL_Driver/Src/stm32f4xx_hal_dma.c **** 
  56:Drivers/STM32F4xx_HAL_Driver/Src/stm32f4xx_hal_dma.c ****      (#) Use HAL_DMA_Abort_IT() function to abort the current transfer
  57:Drivers/STM32F4xx_HAL_Driver/Src/stm32f4xx_hal_dma.c **** 
  58:Drivers/STM32F4xx_HAL_Driver/Src/stm32f4xx_hal_dma.c ****      -@-   In Memory-to-Memory transfer mode, Circular mode is not allowed.
  59:Drivers/STM32F4xx_HAL_Driver/Src/stm32f4xx_hal_dma.c **** 
  60:Drivers/STM32F4xx_HAL_Driver/Src/stm32f4xx_hal_dma.c ****      -@-   The FIFO is used mainly to reduce bus usage and to allow data packing/unpacking: it is
  61:Drivers/STM32F4xx_HAL_Driver/Src/stm32f4xx_hal_dma.c ****            possible to set different Data Sizes for the Peripheral and the Memory (ie. you can set
  62:Drivers/STM32F4xx_HAL_Driver/Src/stm32f4xx_hal_dma.c ****            Half-Word data size for the peripheral to access its data register and set Word data siz
  63:Drivers/STM32F4xx_HAL_Driver/Src/stm32f4xx_hal_dma.c ****            for the Memory to gain in access time. Each two half words will be packed and written in
  64:Drivers/STM32F4xx_HAL_Driver/Src/stm32f4xx_hal_dma.c ****            a single access to a Word in the Memory).
  65:Drivers/STM32F4xx_HAL_Driver/Src/stm32f4xx_hal_dma.c **** 
  66:Drivers/STM32F4xx_HAL_Driver/Src/stm32f4xx_hal_dma.c ****      -@-   When FIFO is disabled, it is not allowed to configure different Data Sizes for Source
  67:Drivers/STM32F4xx_HAL_Driver/Src/stm32f4xx_hal_dma.c ****            and Destination. In this case the Peripheral Data Size will be applied to both Source
  68:Drivers/STM32F4xx_HAL_Driver/Src/stm32f4xx_hal_dma.c ****            and Destination.
  69:Drivers/STM32F4xx_HAL_Driver/Src/stm32f4xx_hal_dma.c **** 
  70:Drivers/STM32F4xx_HAL_Driver/Src/stm32f4xx_hal_dma.c ****      *** DMA HAL driver macros list ***
  71:Drivers/STM32F4xx_HAL_Driver/Src/stm32f4xx_hal_dma.c ****      =============================================
  72:Drivers/STM32F4xx_HAL_Driver/Src/stm32f4xx_hal_dma.c ****      [..]
  73:Drivers/STM32F4xx_HAL_Driver/Src/stm32f4xx_hal_dma.c ****        Below the list of most used macros in DMA HAL driver.
  74:Drivers/STM32F4xx_HAL_Driver/Src/stm32f4xx_hal_dma.c ****        
  75:Drivers/STM32F4xx_HAL_Driver/Src/stm32f4xx_hal_dma.c ****       (+) __HAL_DMA_ENABLE: Enable the specified DMA Stream.
  76:Drivers/STM32F4xx_HAL_Driver/Src/stm32f4xx_hal_dma.c ****       (+) __HAL_DMA_DISABLE: Disable the specified DMA Stream.
  77:Drivers/STM32F4xx_HAL_Driver/Src/stm32f4xx_hal_dma.c ****       (+) __HAL_DMA_GET_IT_SOURCE: Check whether the specified DMA Stream interrupt has occurred or
  78:Drivers/STM32F4xx_HAL_Driver/Src/stm32f4xx_hal_dma.c **** 
  79:Drivers/STM32F4xx_HAL_Driver/Src/stm32f4xx_hal_dma.c ****      [..]
  80:Drivers/STM32F4xx_HAL_Driver/Src/stm32f4xx_hal_dma.c ****       (@) You can refer to the DMA HAL driver header file for more useful macros
  81:Drivers/STM32F4xx_HAL_Driver/Src/stm32f4xx_hal_dma.c **** 
  82:Drivers/STM32F4xx_HAL_Driver/Src/stm32f4xx_hal_dma.c ****   @endverbatim
  83:Drivers/STM32F4xx_HAL_Driver/Src/stm32f4xx_hal_dma.c ****   ******************************************************************************
  84:Drivers/STM32F4xx_HAL_Driver/Src/stm32f4xx_hal_dma.c ****   * @attention
  85:Drivers/STM32F4xx_HAL_Driver/Src/stm32f4xx_hal_dma.c ****   *
  86:Drivers/STM32F4xx_HAL_Driver/Src/stm32f4xx_hal_dma.c ****   * <h2><center>&copy; Copyright (c) 2017 STMicroelectronics.
  87:Drivers/STM32F4xx_HAL_Driver/Src/stm32f4xx_hal_dma.c ****   * All rights reserved.</center></h2>
ARM GAS  /tmp/ccN3EVao.s 			page 3


  88:Drivers/STM32F4xx_HAL_Driver/Src/stm32f4xx_hal_dma.c ****   *
  89:Drivers/STM32F4xx_HAL_Driver/Src/stm32f4xx_hal_dma.c ****   * This software component is licensed by ST under BSD 3-Clause license,
  90:Drivers/STM32F4xx_HAL_Driver/Src/stm32f4xx_hal_dma.c ****   * the "License"; You may not use this file except in compliance with the
  91:Drivers/STM32F4xx_HAL_Driver/Src/stm32f4xx_hal_dma.c ****   * License. You may obtain a copy of the License at:
  92:Drivers/STM32F4xx_HAL_Driver/Src/stm32f4xx_hal_dma.c ****   *                        opensource.org/licenses/BSD-3-Clause
  93:Drivers/STM32F4xx_HAL_Driver/Src/stm32f4xx_hal_dma.c ****   *
  94:Drivers/STM32F4xx_HAL_Driver/Src/stm32f4xx_hal_dma.c ****   ******************************************************************************
  95:Drivers/STM32F4xx_HAL_Driver/Src/stm32f4xx_hal_dma.c ****   */ 
  96:Drivers/STM32F4xx_HAL_Driver/Src/stm32f4xx_hal_dma.c **** 
  97:Drivers/STM32F4xx_HAL_Driver/Src/stm32f4xx_hal_dma.c **** /* Includes ------------------------------------------------------------------*/
  98:Drivers/STM32F4xx_HAL_Driver/Src/stm32f4xx_hal_dma.c **** #include "stm32f4xx_hal.h"
  99:Drivers/STM32F4xx_HAL_Driver/Src/stm32f4xx_hal_dma.c **** 
 100:Drivers/STM32F4xx_HAL_Driver/Src/stm32f4xx_hal_dma.c **** /** @addtogroup STM32F4xx_HAL_Driver
 101:Drivers/STM32F4xx_HAL_Driver/Src/stm32f4xx_hal_dma.c ****   * @{
 102:Drivers/STM32F4xx_HAL_Driver/Src/stm32f4xx_hal_dma.c ****   */
 103:Drivers/STM32F4xx_HAL_Driver/Src/stm32f4xx_hal_dma.c **** 
 104:Drivers/STM32F4xx_HAL_Driver/Src/stm32f4xx_hal_dma.c **** /** @defgroup DMA DMA
 105:Drivers/STM32F4xx_HAL_Driver/Src/stm32f4xx_hal_dma.c ****   * @brief DMA HAL module driver
 106:Drivers/STM32F4xx_HAL_Driver/Src/stm32f4xx_hal_dma.c ****   * @{
 107:Drivers/STM32F4xx_HAL_Driver/Src/stm32f4xx_hal_dma.c ****   */
 108:Drivers/STM32F4xx_HAL_Driver/Src/stm32f4xx_hal_dma.c **** 
 109:Drivers/STM32F4xx_HAL_Driver/Src/stm32f4xx_hal_dma.c **** #ifdef HAL_DMA_MODULE_ENABLED
 110:Drivers/STM32F4xx_HAL_Driver/Src/stm32f4xx_hal_dma.c **** 
 111:Drivers/STM32F4xx_HAL_Driver/Src/stm32f4xx_hal_dma.c **** /* Private types -------------------------------------------------------------*/
 112:Drivers/STM32F4xx_HAL_Driver/Src/stm32f4xx_hal_dma.c **** typedef struct
 113:Drivers/STM32F4xx_HAL_Driver/Src/stm32f4xx_hal_dma.c **** {
 114:Drivers/STM32F4xx_HAL_Driver/Src/stm32f4xx_hal_dma.c ****   __IO uint32_t ISR;   /*!< DMA interrupt status register */
 115:Drivers/STM32F4xx_HAL_Driver/Src/stm32f4xx_hal_dma.c ****   __IO uint32_t Reserved0;
 116:Drivers/STM32F4xx_HAL_Driver/Src/stm32f4xx_hal_dma.c ****   __IO uint32_t IFCR;  /*!< DMA interrupt flag clear register */
 117:Drivers/STM32F4xx_HAL_Driver/Src/stm32f4xx_hal_dma.c **** } DMA_Base_Registers;
 118:Drivers/STM32F4xx_HAL_Driver/Src/stm32f4xx_hal_dma.c **** 
 119:Drivers/STM32F4xx_HAL_Driver/Src/stm32f4xx_hal_dma.c **** /* Private variables ---------------------------------------------------------*/
 120:Drivers/STM32F4xx_HAL_Driver/Src/stm32f4xx_hal_dma.c **** /* Private constants ---------------------------------------------------------*/
 121:Drivers/STM32F4xx_HAL_Driver/Src/stm32f4xx_hal_dma.c **** /** @addtogroup DMA_Private_Constants
 122:Drivers/STM32F4xx_HAL_Driver/Src/stm32f4xx_hal_dma.c ****  * @{
 123:Drivers/STM32F4xx_HAL_Driver/Src/stm32f4xx_hal_dma.c ****  */
 124:Drivers/STM32F4xx_HAL_Driver/Src/stm32f4xx_hal_dma.c ****  #define HAL_TIMEOUT_DMA_ABORT    5U  /* 5 ms */
 125:Drivers/STM32F4xx_HAL_Driver/Src/stm32f4xx_hal_dma.c **** /**
 126:Drivers/STM32F4xx_HAL_Driver/Src/stm32f4xx_hal_dma.c ****   * @}
 127:Drivers/STM32F4xx_HAL_Driver/Src/stm32f4xx_hal_dma.c ****   */
 128:Drivers/STM32F4xx_HAL_Driver/Src/stm32f4xx_hal_dma.c **** /* Private macros ------------------------------------------------------------*/
 129:Drivers/STM32F4xx_HAL_Driver/Src/stm32f4xx_hal_dma.c **** /* Private functions ---------------------------------------------------------*/
 130:Drivers/STM32F4xx_HAL_Driver/Src/stm32f4xx_hal_dma.c **** /** @addtogroup DMA_Private_Functions
 131:Drivers/STM32F4xx_HAL_Driver/Src/stm32f4xx_hal_dma.c ****   * @{
 132:Drivers/STM32F4xx_HAL_Driver/Src/stm32f4xx_hal_dma.c ****   */
 133:Drivers/STM32F4xx_HAL_Driver/Src/stm32f4xx_hal_dma.c **** static void DMA_SetConfig(DMA_HandleTypeDef *hdma, uint32_t SrcAddress, uint32_t DstAddress, uint32
 134:Drivers/STM32F4xx_HAL_Driver/Src/stm32f4xx_hal_dma.c **** static uint32_t DMA_CalcBaseAndBitshift(DMA_HandleTypeDef *hdma);
 135:Drivers/STM32F4xx_HAL_Driver/Src/stm32f4xx_hal_dma.c **** static HAL_StatusTypeDef DMA_CheckFifoParam(DMA_HandleTypeDef *hdma);
 136:Drivers/STM32F4xx_HAL_Driver/Src/stm32f4xx_hal_dma.c **** 
 137:Drivers/STM32F4xx_HAL_Driver/Src/stm32f4xx_hal_dma.c **** /**
 138:Drivers/STM32F4xx_HAL_Driver/Src/stm32f4xx_hal_dma.c ****   * @}
 139:Drivers/STM32F4xx_HAL_Driver/Src/stm32f4xx_hal_dma.c ****   */  
 140:Drivers/STM32F4xx_HAL_Driver/Src/stm32f4xx_hal_dma.c **** 
 141:Drivers/STM32F4xx_HAL_Driver/Src/stm32f4xx_hal_dma.c **** /* Exported functions ---------------------------------------------------------*/
 142:Drivers/STM32F4xx_HAL_Driver/Src/stm32f4xx_hal_dma.c **** /** @addtogroup DMA_Exported_Functions
 143:Drivers/STM32F4xx_HAL_Driver/Src/stm32f4xx_hal_dma.c ****   * @{
 144:Drivers/STM32F4xx_HAL_Driver/Src/stm32f4xx_hal_dma.c ****   */
ARM GAS  /tmp/ccN3EVao.s 			page 4


 145:Drivers/STM32F4xx_HAL_Driver/Src/stm32f4xx_hal_dma.c **** 
 146:Drivers/STM32F4xx_HAL_Driver/Src/stm32f4xx_hal_dma.c **** /** @addtogroup DMA_Exported_Functions_Group1
 147:Drivers/STM32F4xx_HAL_Driver/Src/stm32f4xx_hal_dma.c ****   *
 148:Drivers/STM32F4xx_HAL_Driver/Src/stm32f4xx_hal_dma.c **** @verbatim
 149:Drivers/STM32F4xx_HAL_Driver/Src/stm32f4xx_hal_dma.c ****  ===============================================================================
 150:Drivers/STM32F4xx_HAL_Driver/Src/stm32f4xx_hal_dma.c ****              ##### Initialization and de-initialization functions  #####
 151:Drivers/STM32F4xx_HAL_Driver/Src/stm32f4xx_hal_dma.c ****  ===============================================================================
 152:Drivers/STM32F4xx_HAL_Driver/Src/stm32f4xx_hal_dma.c ****     [..]
 153:Drivers/STM32F4xx_HAL_Driver/Src/stm32f4xx_hal_dma.c ****     This section provides functions allowing to initialize the DMA Stream source
 154:Drivers/STM32F4xx_HAL_Driver/Src/stm32f4xx_hal_dma.c ****     and destination addresses, incrementation and data sizes, transfer direction, 
 155:Drivers/STM32F4xx_HAL_Driver/Src/stm32f4xx_hal_dma.c ****     circular/normal mode selection, memory-to-memory mode selection and Stream priority value.
 156:Drivers/STM32F4xx_HAL_Driver/Src/stm32f4xx_hal_dma.c ****     [..]
 157:Drivers/STM32F4xx_HAL_Driver/Src/stm32f4xx_hal_dma.c ****     The HAL_DMA_Init() function follows the DMA configuration procedures as described in
 158:Drivers/STM32F4xx_HAL_Driver/Src/stm32f4xx_hal_dma.c ****     reference manual.
 159:Drivers/STM32F4xx_HAL_Driver/Src/stm32f4xx_hal_dma.c **** 
 160:Drivers/STM32F4xx_HAL_Driver/Src/stm32f4xx_hal_dma.c **** @endverbatim
 161:Drivers/STM32F4xx_HAL_Driver/Src/stm32f4xx_hal_dma.c ****   * @{
 162:Drivers/STM32F4xx_HAL_Driver/Src/stm32f4xx_hal_dma.c ****   */
 163:Drivers/STM32F4xx_HAL_Driver/Src/stm32f4xx_hal_dma.c ****   
 164:Drivers/STM32F4xx_HAL_Driver/Src/stm32f4xx_hal_dma.c **** /**
 165:Drivers/STM32F4xx_HAL_Driver/Src/stm32f4xx_hal_dma.c ****   * @brief  Initialize the DMA according to the specified
 166:Drivers/STM32F4xx_HAL_Driver/Src/stm32f4xx_hal_dma.c ****   *         parameters in the DMA_InitTypeDef and create the associated handle.
 167:Drivers/STM32F4xx_HAL_Driver/Src/stm32f4xx_hal_dma.c ****   * @param  hdma Pointer to a DMA_HandleTypeDef structure that contains
 168:Drivers/STM32F4xx_HAL_Driver/Src/stm32f4xx_hal_dma.c ****   *               the configuration information for the specified DMA Stream.  
 169:Drivers/STM32F4xx_HAL_Driver/Src/stm32f4xx_hal_dma.c ****   * @retval HAL status
 170:Drivers/STM32F4xx_HAL_Driver/Src/stm32f4xx_hal_dma.c ****   */
 171:Drivers/STM32F4xx_HAL_Driver/Src/stm32f4xx_hal_dma.c **** HAL_StatusTypeDef HAL_DMA_Init(DMA_HandleTypeDef *hdma)
 172:Drivers/STM32F4xx_HAL_Driver/Src/stm32f4xx_hal_dma.c **** {
 173:Drivers/STM32F4xx_HAL_Driver/Src/stm32f4xx_hal_dma.c ****   uint32_t tmp = 0U;
 174:Drivers/STM32F4xx_HAL_Driver/Src/stm32f4xx_hal_dma.c ****   uint32_t tickstart = HAL_GetTick();
 175:Drivers/STM32F4xx_HAL_Driver/Src/stm32f4xx_hal_dma.c ****   DMA_Base_Registers *regs;
 176:Drivers/STM32F4xx_HAL_Driver/Src/stm32f4xx_hal_dma.c **** 
 177:Drivers/STM32F4xx_HAL_Driver/Src/stm32f4xx_hal_dma.c ****   /* Check the DMA peripheral state */
 178:Drivers/STM32F4xx_HAL_Driver/Src/stm32f4xx_hal_dma.c ****   if(hdma == NULL)
 179:Drivers/STM32F4xx_HAL_Driver/Src/stm32f4xx_hal_dma.c ****   {
 180:Drivers/STM32F4xx_HAL_Driver/Src/stm32f4xx_hal_dma.c ****     return HAL_ERROR;
 181:Drivers/STM32F4xx_HAL_Driver/Src/stm32f4xx_hal_dma.c ****   }
 182:Drivers/STM32F4xx_HAL_Driver/Src/stm32f4xx_hal_dma.c **** 
 183:Drivers/STM32F4xx_HAL_Driver/Src/stm32f4xx_hal_dma.c ****   /* Check the parameters */
 184:Drivers/STM32F4xx_HAL_Driver/Src/stm32f4xx_hal_dma.c ****   assert_param(IS_DMA_STREAM_ALL_INSTANCE(hdma->Instance));
 185:Drivers/STM32F4xx_HAL_Driver/Src/stm32f4xx_hal_dma.c ****   assert_param(IS_DMA_CHANNEL(hdma->Init.Channel));
 186:Drivers/STM32F4xx_HAL_Driver/Src/stm32f4xx_hal_dma.c ****   assert_param(IS_DMA_DIRECTION(hdma->Init.Direction));
 187:Drivers/STM32F4xx_HAL_Driver/Src/stm32f4xx_hal_dma.c ****   assert_param(IS_DMA_PERIPHERAL_INC_STATE(hdma->Init.PeriphInc));
 188:Drivers/STM32F4xx_HAL_Driver/Src/stm32f4xx_hal_dma.c ****   assert_param(IS_DMA_MEMORY_INC_STATE(hdma->Init.MemInc));
 189:Drivers/STM32F4xx_HAL_Driver/Src/stm32f4xx_hal_dma.c ****   assert_param(IS_DMA_PERIPHERAL_DATA_SIZE(hdma->Init.PeriphDataAlignment));
 190:Drivers/STM32F4xx_HAL_Driver/Src/stm32f4xx_hal_dma.c ****   assert_param(IS_DMA_MEMORY_DATA_SIZE(hdma->Init.MemDataAlignment));
 191:Drivers/STM32F4xx_HAL_Driver/Src/stm32f4xx_hal_dma.c ****   assert_param(IS_DMA_MODE(hdma->Init.Mode));
 192:Drivers/STM32F4xx_HAL_Driver/Src/stm32f4xx_hal_dma.c ****   assert_param(IS_DMA_PRIORITY(hdma->Init.Priority));
 193:Drivers/STM32F4xx_HAL_Driver/Src/stm32f4xx_hal_dma.c ****   assert_param(IS_DMA_FIFO_MODE_STATE(hdma->Init.FIFOMode));
 194:Drivers/STM32F4xx_HAL_Driver/Src/stm32f4xx_hal_dma.c ****   /* Check the memory burst, peripheral burst and FIFO threshold parameters only
 195:Drivers/STM32F4xx_HAL_Driver/Src/stm32f4xx_hal_dma.c ****      when FIFO mode is enabled */
 196:Drivers/STM32F4xx_HAL_Driver/Src/stm32f4xx_hal_dma.c ****   if(hdma->Init.FIFOMode != DMA_FIFOMODE_DISABLE)
 197:Drivers/STM32F4xx_HAL_Driver/Src/stm32f4xx_hal_dma.c ****   {
 198:Drivers/STM32F4xx_HAL_Driver/Src/stm32f4xx_hal_dma.c ****     assert_param(IS_DMA_FIFO_THRESHOLD(hdma->Init.FIFOThreshold));
 199:Drivers/STM32F4xx_HAL_Driver/Src/stm32f4xx_hal_dma.c ****     assert_param(IS_DMA_MEMORY_BURST(hdma->Init.MemBurst));
 200:Drivers/STM32F4xx_HAL_Driver/Src/stm32f4xx_hal_dma.c ****     assert_param(IS_DMA_PERIPHERAL_BURST(hdma->Init.PeriphBurst));
 201:Drivers/STM32F4xx_HAL_Driver/Src/stm32f4xx_hal_dma.c ****   }
ARM GAS  /tmp/ccN3EVao.s 			page 5


 202:Drivers/STM32F4xx_HAL_Driver/Src/stm32f4xx_hal_dma.c **** 
 203:Drivers/STM32F4xx_HAL_Driver/Src/stm32f4xx_hal_dma.c ****   /* Change DMA peripheral state */
 204:Drivers/STM32F4xx_HAL_Driver/Src/stm32f4xx_hal_dma.c ****   hdma->State = HAL_DMA_STATE_BUSY;
 205:Drivers/STM32F4xx_HAL_Driver/Src/stm32f4xx_hal_dma.c **** 
 206:Drivers/STM32F4xx_HAL_Driver/Src/stm32f4xx_hal_dma.c ****   /* Allocate lock resource */
 207:Drivers/STM32F4xx_HAL_Driver/Src/stm32f4xx_hal_dma.c ****   __HAL_UNLOCK(hdma);
 208:Drivers/STM32F4xx_HAL_Driver/Src/stm32f4xx_hal_dma.c ****   
 209:Drivers/STM32F4xx_HAL_Driver/Src/stm32f4xx_hal_dma.c ****   /* Disable the peripheral */
 210:Drivers/STM32F4xx_HAL_Driver/Src/stm32f4xx_hal_dma.c ****   __HAL_DMA_DISABLE(hdma);
 211:Drivers/STM32F4xx_HAL_Driver/Src/stm32f4xx_hal_dma.c ****   
 212:Drivers/STM32F4xx_HAL_Driver/Src/stm32f4xx_hal_dma.c ****   /* Check if the DMA Stream is effectively disabled */
 213:Drivers/STM32F4xx_HAL_Driver/Src/stm32f4xx_hal_dma.c ****   while((hdma->Instance->CR & DMA_SxCR_EN) != RESET)
 214:Drivers/STM32F4xx_HAL_Driver/Src/stm32f4xx_hal_dma.c ****   {
 215:Drivers/STM32F4xx_HAL_Driver/Src/stm32f4xx_hal_dma.c ****     /* Check for the Timeout */
 216:Drivers/STM32F4xx_HAL_Driver/Src/stm32f4xx_hal_dma.c ****     if((HAL_GetTick() - tickstart ) > HAL_TIMEOUT_DMA_ABORT)
 217:Drivers/STM32F4xx_HAL_Driver/Src/stm32f4xx_hal_dma.c ****     {
 218:Drivers/STM32F4xx_HAL_Driver/Src/stm32f4xx_hal_dma.c ****       /* Update error code */
 219:Drivers/STM32F4xx_HAL_Driver/Src/stm32f4xx_hal_dma.c ****       hdma->ErrorCode = HAL_DMA_ERROR_TIMEOUT;
 220:Drivers/STM32F4xx_HAL_Driver/Src/stm32f4xx_hal_dma.c ****       
 221:Drivers/STM32F4xx_HAL_Driver/Src/stm32f4xx_hal_dma.c ****       /* Change the DMA state */
 222:Drivers/STM32F4xx_HAL_Driver/Src/stm32f4xx_hal_dma.c ****       hdma->State = HAL_DMA_STATE_TIMEOUT;
 223:Drivers/STM32F4xx_HAL_Driver/Src/stm32f4xx_hal_dma.c ****       
 224:Drivers/STM32F4xx_HAL_Driver/Src/stm32f4xx_hal_dma.c ****       return HAL_TIMEOUT;
 225:Drivers/STM32F4xx_HAL_Driver/Src/stm32f4xx_hal_dma.c ****     }
 226:Drivers/STM32F4xx_HAL_Driver/Src/stm32f4xx_hal_dma.c ****   }
 227:Drivers/STM32F4xx_HAL_Driver/Src/stm32f4xx_hal_dma.c ****   
 228:Drivers/STM32F4xx_HAL_Driver/Src/stm32f4xx_hal_dma.c ****   /* Get the CR register value */
 229:Drivers/STM32F4xx_HAL_Driver/Src/stm32f4xx_hal_dma.c ****   tmp = hdma->Instance->CR;
 230:Drivers/STM32F4xx_HAL_Driver/Src/stm32f4xx_hal_dma.c **** 
 231:Drivers/STM32F4xx_HAL_Driver/Src/stm32f4xx_hal_dma.c ****   /* Clear CHSEL, MBURST, PBURST, PL, MSIZE, PSIZE, MINC, PINC, CIRC, DIR, CT and DBM bits */
 232:Drivers/STM32F4xx_HAL_Driver/Src/stm32f4xx_hal_dma.c ****   tmp &= ((uint32_t)~(DMA_SxCR_CHSEL | DMA_SxCR_MBURST | DMA_SxCR_PBURST | \
 233:Drivers/STM32F4xx_HAL_Driver/Src/stm32f4xx_hal_dma.c ****                       DMA_SxCR_PL    | DMA_SxCR_MSIZE  | DMA_SxCR_PSIZE  | \
 234:Drivers/STM32F4xx_HAL_Driver/Src/stm32f4xx_hal_dma.c ****                       DMA_SxCR_MINC  | DMA_SxCR_PINC   | DMA_SxCR_CIRC   | \
 235:Drivers/STM32F4xx_HAL_Driver/Src/stm32f4xx_hal_dma.c ****                       DMA_SxCR_DIR   | DMA_SxCR_CT     | DMA_SxCR_DBM));
 236:Drivers/STM32F4xx_HAL_Driver/Src/stm32f4xx_hal_dma.c **** 
 237:Drivers/STM32F4xx_HAL_Driver/Src/stm32f4xx_hal_dma.c ****   /* Prepare the DMA Stream configuration */
 238:Drivers/STM32F4xx_HAL_Driver/Src/stm32f4xx_hal_dma.c ****   tmp |=  hdma->Init.Channel             | hdma->Init.Direction        |
 239:Drivers/STM32F4xx_HAL_Driver/Src/stm32f4xx_hal_dma.c ****           hdma->Init.PeriphInc           | hdma->Init.MemInc           |
 240:Drivers/STM32F4xx_HAL_Driver/Src/stm32f4xx_hal_dma.c ****           hdma->Init.PeriphDataAlignment | hdma->Init.MemDataAlignment |
 241:Drivers/STM32F4xx_HAL_Driver/Src/stm32f4xx_hal_dma.c ****           hdma->Init.Mode                | hdma->Init.Priority;
 242:Drivers/STM32F4xx_HAL_Driver/Src/stm32f4xx_hal_dma.c **** 
 243:Drivers/STM32F4xx_HAL_Driver/Src/stm32f4xx_hal_dma.c ****   /* the Memory burst and peripheral burst are not used when the FIFO is disabled */
 244:Drivers/STM32F4xx_HAL_Driver/Src/stm32f4xx_hal_dma.c ****   if(hdma->Init.FIFOMode == DMA_FIFOMODE_ENABLE)
 245:Drivers/STM32F4xx_HAL_Driver/Src/stm32f4xx_hal_dma.c ****   {
 246:Drivers/STM32F4xx_HAL_Driver/Src/stm32f4xx_hal_dma.c ****     /* Get memory burst and peripheral burst */
 247:Drivers/STM32F4xx_HAL_Driver/Src/stm32f4xx_hal_dma.c ****     tmp |=  hdma->Init.MemBurst | hdma->Init.PeriphBurst;
 248:Drivers/STM32F4xx_HAL_Driver/Src/stm32f4xx_hal_dma.c ****   }
 249:Drivers/STM32F4xx_HAL_Driver/Src/stm32f4xx_hal_dma.c ****   
 250:Drivers/STM32F4xx_HAL_Driver/Src/stm32f4xx_hal_dma.c ****   /* Write to DMA Stream CR register */
 251:Drivers/STM32F4xx_HAL_Driver/Src/stm32f4xx_hal_dma.c ****   hdma->Instance->CR = tmp;  
 252:Drivers/STM32F4xx_HAL_Driver/Src/stm32f4xx_hal_dma.c **** 
 253:Drivers/STM32F4xx_HAL_Driver/Src/stm32f4xx_hal_dma.c ****   /* Get the FCR register value */
 254:Drivers/STM32F4xx_HAL_Driver/Src/stm32f4xx_hal_dma.c ****   tmp = hdma->Instance->FCR;
 255:Drivers/STM32F4xx_HAL_Driver/Src/stm32f4xx_hal_dma.c **** 
 256:Drivers/STM32F4xx_HAL_Driver/Src/stm32f4xx_hal_dma.c ****   /* Clear Direct mode and FIFO threshold bits */
 257:Drivers/STM32F4xx_HAL_Driver/Src/stm32f4xx_hal_dma.c ****   tmp &= (uint32_t)~(DMA_SxFCR_DMDIS | DMA_SxFCR_FTH);
 258:Drivers/STM32F4xx_HAL_Driver/Src/stm32f4xx_hal_dma.c **** 
ARM GAS  /tmp/ccN3EVao.s 			page 6


 259:Drivers/STM32F4xx_HAL_Driver/Src/stm32f4xx_hal_dma.c ****   /* Prepare the DMA Stream FIFO configuration */
 260:Drivers/STM32F4xx_HAL_Driver/Src/stm32f4xx_hal_dma.c ****   tmp |= hdma->Init.FIFOMode;
 261:Drivers/STM32F4xx_HAL_Driver/Src/stm32f4xx_hal_dma.c **** 
 262:Drivers/STM32F4xx_HAL_Driver/Src/stm32f4xx_hal_dma.c ****   /* The FIFO threshold is not used when the FIFO mode is disabled */
 263:Drivers/STM32F4xx_HAL_Driver/Src/stm32f4xx_hal_dma.c ****   if(hdma->Init.FIFOMode == DMA_FIFOMODE_ENABLE)
 264:Drivers/STM32F4xx_HAL_Driver/Src/stm32f4xx_hal_dma.c ****   {
 265:Drivers/STM32F4xx_HAL_Driver/Src/stm32f4xx_hal_dma.c ****     /* Get the FIFO threshold */
 266:Drivers/STM32F4xx_HAL_Driver/Src/stm32f4xx_hal_dma.c ****     tmp |= hdma->Init.FIFOThreshold;
 267:Drivers/STM32F4xx_HAL_Driver/Src/stm32f4xx_hal_dma.c ****     
 268:Drivers/STM32F4xx_HAL_Driver/Src/stm32f4xx_hal_dma.c ****     /* Check compatibility between FIFO threshold level and size of the memory burst */
 269:Drivers/STM32F4xx_HAL_Driver/Src/stm32f4xx_hal_dma.c ****     /* for INCR4, INCR8, INCR16 bursts */
 270:Drivers/STM32F4xx_HAL_Driver/Src/stm32f4xx_hal_dma.c ****     if (hdma->Init.MemBurst != DMA_MBURST_SINGLE)
 271:Drivers/STM32F4xx_HAL_Driver/Src/stm32f4xx_hal_dma.c ****     {
 272:Drivers/STM32F4xx_HAL_Driver/Src/stm32f4xx_hal_dma.c ****       if (DMA_CheckFifoParam(hdma) != HAL_OK)
 273:Drivers/STM32F4xx_HAL_Driver/Src/stm32f4xx_hal_dma.c ****       {
 274:Drivers/STM32F4xx_HAL_Driver/Src/stm32f4xx_hal_dma.c ****         /* Update error code */
 275:Drivers/STM32F4xx_HAL_Driver/Src/stm32f4xx_hal_dma.c ****         hdma->ErrorCode = HAL_DMA_ERROR_PARAM;
 276:Drivers/STM32F4xx_HAL_Driver/Src/stm32f4xx_hal_dma.c ****         
 277:Drivers/STM32F4xx_HAL_Driver/Src/stm32f4xx_hal_dma.c ****         /* Change the DMA state */
 278:Drivers/STM32F4xx_HAL_Driver/Src/stm32f4xx_hal_dma.c ****         hdma->State = HAL_DMA_STATE_READY;
 279:Drivers/STM32F4xx_HAL_Driver/Src/stm32f4xx_hal_dma.c ****         
 280:Drivers/STM32F4xx_HAL_Driver/Src/stm32f4xx_hal_dma.c ****         return HAL_ERROR; 
 281:Drivers/STM32F4xx_HAL_Driver/Src/stm32f4xx_hal_dma.c ****       }
 282:Drivers/STM32F4xx_HAL_Driver/Src/stm32f4xx_hal_dma.c ****     }
 283:Drivers/STM32F4xx_HAL_Driver/Src/stm32f4xx_hal_dma.c ****   }
 284:Drivers/STM32F4xx_HAL_Driver/Src/stm32f4xx_hal_dma.c ****   
 285:Drivers/STM32F4xx_HAL_Driver/Src/stm32f4xx_hal_dma.c ****   /* Write to DMA Stream FCR */
 286:Drivers/STM32F4xx_HAL_Driver/Src/stm32f4xx_hal_dma.c ****   hdma->Instance->FCR = tmp;
 287:Drivers/STM32F4xx_HAL_Driver/Src/stm32f4xx_hal_dma.c **** 
 288:Drivers/STM32F4xx_HAL_Driver/Src/stm32f4xx_hal_dma.c ****   /* Initialize StreamBaseAddress and StreamIndex parameters to be used to calculate
 289:Drivers/STM32F4xx_HAL_Driver/Src/stm32f4xx_hal_dma.c ****      DMA steam Base Address needed by HAL_DMA_IRQHandler() and HAL_DMA_PollForTransfer() */
 290:Drivers/STM32F4xx_HAL_Driver/Src/stm32f4xx_hal_dma.c ****   regs = (DMA_Base_Registers *)DMA_CalcBaseAndBitshift(hdma);
 291:Drivers/STM32F4xx_HAL_Driver/Src/stm32f4xx_hal_dma.c ****   
 292:Drivers/STM32F4xx_HAL_Driver/Src/stm32f4xx_hal_dma.c ****   /* Clear all interrupt flags */
 293:Drivers/STM32F4xx_HAL_Driver/Src/stm32f4xx_hal_dma.c ****   regs->IFCR = 0x3FU << hdma->StreamIndex;
 294:Drivers/STM32F4xx_HAL_Driver/Src/stm32f4xx_hal_dma.c **** 
 295:Drivers/STM32F4xx_HAL_Driver/Src/stm32f4xx_hal_dma.c ****   /* Initialize the error code */
 296:Drivers/STM32F4xx_HAL_Driver/Src/stm32f4xx_hal_dma.c ****   hdma->ErrorCode = HAL_DMA_ERROR_NONE;
 297:Drivers/STM32F4xx_HAL_Driver/Src/stm32f4xx_hal_dma.c ****                                                                                      
 298:Drivers/STM32F4xx_HAL_Driver/Src/stm32f4xx_hal_dma.c ****   /* Initialize the DMA state */
 299:Drivers/STM32F4xx_HAL_Driver/Src/stm32f4xx_hal_dma.c ****   hdma->State = HAL_DMA_STATE_READY;
 300:Drivers/STM32F4xx_HAL_Driver/Src/stm32f4xx_hal_dma.c **** 
 301:Drivers/STM32F4xx_HAL_Driver/Src/stm32f4xx_hal_dma.c ****   return HAL_OK;
 302:Drivers/STM32F4xx_HAL_Driver/Src/stm32f4xx_hal_dma.c **** }
 303:Drivers/STM32F4xx_HAL_Driver/Src/stm32f4xx_hal_dma.c **** 
 304:Drivers/STM32F4xx_HAL_Driver/Src/stm32f4xx_hal_dma.c **** /**
 305:Drivers/STM32F4xx_HAL_Driver/Src/stm32f4xx_hal_dma.c ****   * @brief  DeInitializes the DMA peripheral 
 306:Drivers/STM32F4xx_HAL_Driver/Src/stm32f4xx_hal_dma.c ****   * @param  hdma pointer to a DMA_HandleTypeDef structure that contains
 307:Drivers/STM32F4xx_HAL_Driver/Src/stm32f4xx_hal_dma.c ****   *               the configuration information for the specified DMA Stream.  
 308:Drivers/STM32F4xx_HAL_Driver/Src/stm32f4xx_hal_dma.c ****   * @retval HAL status
 309:Drivers/STM32F4xx_HAL_Driver/Src/stm32f4xx_hal_dma.c ****   */
 310:Drivers/STM32F4xx_HAL_Driver/Src/stm32f4xx_hal_dma.c **** HAL_StatusTypeDef HAL_DMA_DeInit(DMA_HandleTypeDef *hdma)
 311:Drivers/STM32F4xx_HAL_Driver/Src/stm32f4xx_hal_dma.c **** {
 312:Drivers/STM32F4xx_HAL_Driver/Src/stm32f4xx_hal_dma.c ****   DMA_Base_Registers *regs;
 313:Drivers/STM32F4xx_HAL_Driver/Src/stm32f4xx_hal_dma.c **** 
 314:Drivers/STM32F4xx_HAL_Driver/Src/stm32f4xx_hal_dma.c ****   /* Check the DMA peripheral state */
 315:Drivers/STM32F4xx_HAL_Driver/Src/stm32f4xx_hal_dma.c ****   if(hdma == NULL)
ARM GAS  /tmp/ccN3EVao.s 			page 7


 316:Drivers/STM32F4xx_HAL_Driver/Src/stm32f4xx_hal_dma.c ****   {
 317:Drivers/STM32F4xx_HAL_Driver/Src/stm32f4xx_hal_dma.c ****     return HAL_ERROR;
 318:Drivers/STM32F4xx_HAL_Driver/Src/stm32f4xx_hal_dma.c ****   }
 319:Drivers/STM32F4xx_HAL_Driver/Src/stm32f4xx_hal_dma.c ****   
 320:Drivers/STM32F4xx_HAL_Driver/Src/stm32f4xx_hal_dma.c ****   /* Check the DMA peripheral state */
 321:Drivers/STM32F4xx_HAL_Driver/Src/stm32f4xx_hal_dma.c ****   if(hdma->State == HAL_DMA_STATE_BUSY)
 322:Drivers/STM32F4xx_HAL_Driver/Src/stm32f4xx_hal_dma.c ****   {
 323:Drivers/STM32F4xx_HAL_Driver/Src/stm32f4xx_hal_dma.c ****     /* Return error status */
 324:Drivers/STM32F4xx_HAL_Driver/Src/stm32f4xx_hal_dma.c ****     return HAL_BUSY;
 325:Drivers/STM32F4xx_HAL_Driver/Src/stm32f4xx_hal_dma.c ****   }
 326:Drivers/STM32F4xx_HAL_Driver/Src/stm32f4xx_hal_dma.c **** 
 327:Drivers/STM32F4xx_HAL_Driver/Src/stm32f4xx_hal_dma.c ****   /* Check the parameters */
 328:Drivers/STM32F4xx_HAL_Driver/Src/stm32f4xx_hal_dma.c ****   assert_param(IS_DMA_STREAM_ALL_INSTANCE(hdma->Instance));
 329:Drivers/STM32F4xx_HAL_Driver/Src/stm32f4xx_hal_dma.c **** 
 330:Drivers/STM32F4xx_HAL_Driver/Src/stm32f4xx_hal_dma.c ****   /* Disable the selected DMA Streamx */
 331:Drivers/STM32F4xx_HAL_Driver/Src/stm32f4xx_hal_dma.c ****   __HAL_DMA_DISABLE(hdma);
 332:Drivers/STM32F4xx_HAL_Driver/Src/stm32f4xx_hal_dma.c **** 
 333:Drivers/STM32F4xx_HAL_Driver/Src/stm32f4xx_hal_dma.c ****   /* Reset DMA Streamx control register */
 334:Drivers/STM32F4xx_HAL_Driver/Src/stm32f4xx_hal_dma.c ****   hdma->Instance->CR   = 0U;
 335:Drivers/STM32F4xx_HAL_Driver/Src/stm32f4xx_hal_dma.c **** 
 336:Drivers/STM32F4xx_HAL_Driver/Src/stm32f4xx_hal_dma.c ****   /* Reset DMA Streamx number of data to transfer register */
 337:Drivers/STM32F4xx_HAL_Driver/Src/stm32f4xx_hal_dma.c ****   hdma->Instance->NDTR = 0U;
 338:Drivers/STM32F4xx_HAL_Driver/Src/stm32f4xx_hal_dma.c **** 
 339:Drivers/STM32F4xx_HAL_Driver/Src/stm32f4xx_hal_dma.c ****   /* Reset DMA Streamx peripheral address register */
 340:Drivers/STM32F4xx_HAL_Driver/Src/stm32f4xx_hal_dma.c ****   hdma->Instance->PAR  = 0U;
 341:Drivers/STM32F4xx_HAL_Driver/Src/stm32f4xx_hal_dma.c **** 
 342:Drivers/STM32F4xx_HAL_Driver/Src/stm32f4xx_hal_dma.c ****   /* Reset DMA Streamx memory 0 address register */
 343:Drivers/STM32F4xx_HAL_Driver/Src/stm32f4xx_hal_dma.c ****   hdma->Instance->M0AR = 0U;
 344:Drivers/STM32F4xx_HAL_Driver/Src/stm32f4xx_hal_dma.c ****   
 345:Drivers/STM32F4xx_HAL_Driver/Src/stm32f4xx_hal_dma.c ****   /* Reset DMA Streamx memory 1 address register */
 346:Drivers/STM32F4xx_HAL_Driver/Src/stm32f4xx_hal_dma.c ****   hdma->Instance->M1AR = 0U;
 347:Drivers/STM32F4xx_HAL_Driver/Src/stm32f4xx_hal_dma.c ****   
 348:Drivers/STM32F4xx_HAL_Driver/Src/stm32f4xx_hal_dma.c ****   /* Reset DMA Streamx FIFO control register */
 349:Drivers/STM32F4xx_HAL_Driver/Src/stm32f4xx_hal_dma.c ****   hdma->Instance->FCR  = 0x00000021U;
 350:Drivers/STM32F4xx_HAL_Driver/Src/stm32f4xx_hal_dma.c ****   
 351:Drivers/STM32F4xx_HAL_Driver/Src/stm32f4xx_hal_dma.c ****   /* Get DMA steam Base Address */  
 352:Drivers/STM32F4xx_HAL_Driver/Src/stm32f4xx_hal_dma.c ****   regs = (DMA_Base_Registers *)DMA_CalcBaseAndBitshift(hdma);
 353:Drivers/STM32F4xx_HAL_Driver/Src/stm32f4xx_hal_dma.c ****   
 354:Drivers/STM32F4xx_HAL_Driver/Src/stm32f4xx_hal_dma.c ****   /* Clean all callbacks */
 355:Drivers/STM32F4xx_HAL_Driver/Src/stm32f4xx_hal_dma.c ****   hdma->XferCpltCallback = NULL;
 356:Drivers/STM32F4xx_HAL_Driver/Src/stm32f4xx_hal_dma.c ****   hdma->XferHalfCpltCallback = NULL;
 357:Drivers/STM32F4xx_HAL_Driver/Src/stm32f4xx_hal_dma.c ****   hdma->XferM1CpltCallback = NULL;
 358:Drivers/STM32F4xx_HAL_Driver/Src/stm32f4xx_hal_dma.c ****   hdma->XferM1HalfCpltCallback = NULL;
 359:Drivers/STM32F4xx_HAL_Driver/Src/stm32f4xx_hal_dma.c ****   hdma->XferErrorCallback = NULL;
 360:Drivers/STM32F4xx_HAL_Driver/Src/stm32f4xx_hal_dma.c ****   hdma->XferAbortCallback = NULL;
 361:Drivers/STM32F4xx_HAL_Driver/Src/stm32f4xx_hal_dma.c **** 
 362:Drivers/STM32F4xx_HAL_Driver/Src/stm32f4xx_hal_dma.c ****   /* Clear all interrupt flags at correct offset within the register */
 363:Drivers/STM32F4xx_HAL_Driver/Src/stm32f4xx_hal_dma.c ****   regs->IFCR = 0x3FU << hdma->StreamIndex;
 364:Drivers/STM32F4xx_HAL_Driver/Src/stm32f4xx_hal_dma.c **** 
 365:Drivers/STM32F4xx_HAL_Driver/Src/stm32f4xx_hal_dma.c ****   /* Reset the error code */
 366:Drivers/STM32F4xx_HAL_Driver/Src/stm32f4xx_hal_dma.c ****   hdma->ErrorCode = HAL_DMA_ERROR_NONE;
 367:Drivers/STM32F4xx_HAL_Driver/Src/stm32f4xx_hal_dma.c **** 
 368:Drivers/STM32F4xx_HAL_Driver/Src/stm32f4xx_hal_dma.c ****   /* Reset the DMA state */
 369:Drivers/STM32F4xx_HAL_Driver/Src/stm32f4xx_hal_dma.c ****   hdma->State = HAL_DMA_STATE_RESET;
 370:Drivers/STM32F4xx_HAL_Driver/Src/stm32f4xx_hal_dma.c **** 
 371:Drivers/STM32F4xx_HAL_Driver/Src/stm32f4xx_hal_dma.c ****   /* Release Lock */
 372:Drivers/STM32F4xx_HAL_Driver/Src/stm32f4xx_hal_dma.c ****   __HAL_UNLOCK(hdma);
ARM GAS  /tmp/ccN3EVao.s 			page 8


 373:Drivers/STM32F4xx_HAL_Driver/Src/stm32f4xx_hal_dma.c **** 
 374:Drivers/STM32F4xx_HAL_Driver/Src/stm32f4xx_hal_dma.c ****   return HAL_OK;
 375:Drivers/STM32F4xx_HAL_Driver/Src/stm32f4xx_hal_dma.c **** }
 376:Drivers/STM32F4xx_HAL_Driver/Src/stm32f4xx_hal_dma.c **** 
 377:Drivers/STM32F4xx_HAL_Driver/Src/stm32f4xx_hal_dma.c **** /**
 378:Drivers/STM32F4xx_HAL_Driver/Src/stm32f4xx_hal_dma.c ****   * @}
 379:Drivers/STM32F4xx_HAL_Driver/Src/stm32f4xx_hal_dma.c ****   */
 380:Drivers/STM32F4xx_HAL_Driver/Src/stm32f4xx_hal_dma.c **** 
 381:Drivers/STM32F4xx_HAL_Driver/Src/stm32f4xx_hal_dma.c **** /** @addtogroup DMA_Exported_Functions_Group2
 382:Drivers/STM32F4xx_HAL_Driver/Src/stm32f4xx_hal_dma.c ****   *
 383:Drivers/STM32F4xx_HAL_Driver/Src/stm32f4xx_hal_dma.c **** @verbatim   
 384:Drivers/STM32F4xx_HAL_Driver/Src/stm32f4xx_hal_dma.c ****  ===============================================================================
 385:Drivers/STM32F4xx_HAL_Driver/Src/stm32f4xx_hal_dma.c ****                       #####  IO operation functions  #####
 386:Drivers/STM32F4xx_HAL_Driver/Src/stm32f4xx_hal_dma.c ****  ===============================================================================
 387:Drivers/STM32F4xx_HAL_Driver/Src/stm32f4xx_hal_dma.c ****     [..]  This section provides functions allowing to:
 388:Drivers/STM32F4xx_HAL_Driver/Src/stm32f4xx_hal_dma.c ****       (+) Configure the source, destination address and data length and Start DMA transfer
 389:Drivers/STM32F4xx_HAL_Driver/Src/stm32f4xx_hal_dma.c ****       (+) Configure the source, destination address and data length and 
 390:Drivers/STM32F4xx_HAL_Driver/Src/stm32f4xx_hal_dma.c ****           Start DMA transfer with interrupt
 391:Drivers/STM32F4xx_HAL_Driver/Src/stm32f4xx_hal_dma.c ****       (+) Abort DMA transfer
 392:Drivers/STM32F4xx_HAL_Driver/Src/stm32f4xx_hal_dma.c ****       (+) Poll for transfer complete
 393:Drivers/STM32F4xx_HAL_Driver/Src/stm32f4xx_hal_dma.c ****       (+) Handle DMA interrupt request  
 394:Drivers/STM32F4xx_HAL_Driver/Src/stm32f4xx_hal_dma.c **** 
 395:Drivers/STM32F4xx_HAL_Driver/Src/stm32f4xx_hal_dma.c **** @endverbatim
 396:Drivers/STM32F4xx_HAL_Driver/Src/stm32f4xx_hal_dma.c ****   * @{
 397:Drivers/STM32F4xx_HAL_Driver/Src/stm32f4xx_hal_dma.c ****   */
 398:Drivers/STM32F4xx_HAL_Driver/Src/stm32f4xx_hal_dma.c **** 
 399:Drivers/STM32F4xx_HAL_Driver/Src/stm32f4xx_hal_dma.c **** /**
 400:Drivers/STM32F4xx_HAL_Driver/Src/stm32f4xx_hal_dma.c ****   * @brief  Starts the DMA Transfer.
 401:Drivers/STM32F4xx_HAL_Driver/Src/stm32f4xx_hal_dma.c ****   * @param  hdma       pointer to a DMA_HandleTypeDef structure that contains
 402:Drivers/STM32F4xx_HAL_Driver/Src/stm32f4xx_hal_dma.c ****   *                     the configuration information for the specified DMA Stream.
 403:Drivers/STM32F4xx_HAL_Driver/Src/stm32f4xx_hal_dma.c ****   * @param  SrcAddress The source memory Buffer address
 404:Drivers/STM32F4xx_HAL_Driver/Src/stm32f4xx_hal_dma.c ****   * @param  DstAddress The destination memory Buffer address
 405:Drivers/STM32F4xx_HAL_Driver/Src/stm32f4xx_hal_dma.c ****   * @param  DataLength The length of data to be transferred from source to destination
 406:Drivers/STM32F4xx_HAL_Driver/Src/stm32f4xx_hal_dma.c ****   * @retval HAL status
 407:Drivers/STM32F4xx_HAL_Driver/Src/stm32f4xx_hal_dma.c ****   */
 408:Drivers/STM32F4xx_HAL_Driver/Src/stm32f4xx_hal_dma.c **** HAL_StatusTypeDef HAL_DMA_Start(DMA_HandleTypeDef *hdma, uint32_t SrcAddress, uint32_t DstAddress, 
 409:Drivers/STM32F4xx_HAL_Driver/Src/stm32f4xx_hal_dma.c **** {
 410:Drivers/STM32F4xx_HAL_Driver/Src/stm32f4xx_hal_dma.c ****   HAL_StatusTypeDef status = HAL_OK;
 411:Drivers/STM32F4xx_HAL_Driver/Src/stm32f4xx_hal_dma.c ****   
 412:Drivers/STM32F4xx_HAL_Driver/Src/stm32f4xx_hal_dma.c ****   /* Check the parameters */
 413:Drivers/STM32F4xx_HAL_Driver/Src/stm32f4xx_hal_dma.c ****   assert_param(IS_DMA_BUFFER_SIZE(DataLength));
 414:Drivers/STM32F4xx_HAL_Driver/Src/stm32f4xx_hal_dma.c **** 
 415:Drivers/STM32F4xx_HAL_Driver/Src/stm32f4xx_hal_dma.c ****   /* Process locked */
 416:Drivers/STM32F4xx_HAL_Driver/Src/stm32f4xx_hal_dma.c ****   __HAL_LOCK(hdma);
 417:Drivers/STM32F4xx_HAL_Driver/Src/stm32f4xx_hal_dma.c **** 
 418:Drivers/STM32F4xx_HAL_Driver/Src/stm32f4xx_hal_dma.c ****   if(HAL_DMA_STATE_READY == hdma->State)
 419:Drivers/STM32F4xx_HAL_Driver/Src/stm32f4xx_hal_dma.c ****   {
 420:Drivers/STM32F4xx_HAL_Driver/Src/stm32f4xx_hal_dma.c ****     /* Change DMA peripheral state */
 421:Drivers/STM32F4xx_HAL_Driver/Src/stm32f4xx_hal_dma.c ****     hdma->State = HAL_DMA_STATE_BUSY;
 422:Drivers/STM32F4xx_HAL_Driver/Src/stm32f4xx_hal_dma.c ****     
 423:Drivers/STM32F4xx_HAL_Driver/Src/stm32f4xx_hal_dma.c ****     /* Initialize the error code */
 424:Drivers/STM32F4xx_HAL_Driver/Src/stm32f4xx_hal_dma.c ****     hdma->ErrorCode = HAL_DMA_ERROR_NONE;
 425:Drivers/STM32F4xx_HAL_Driver/Src/stm32f4xx_hal_dma.c ****     
 426:Drivers/STM32F4xx_HAL_Driver/Src/stm32f4xx_hal_dma.c ****     /* Configure the source, destination address and the data length */
 427:Drivers/STM32F4xx_HAL_Driver/Src/stm32f4xx_hal_dma.c ****     DMA_SetConfig(hdma, SrcAddress, DstAddress, DataLength);
 428:Drivers/STM32F4xx_HAL_Driver/Src/stm32f4xx_hal_dma.c **** 
 429:Drivers/STM32F4xx_HAL_Driver/Src/stm32f4xx_hal_dma.c ****     /* Enable the Peripheral */
ARM GAS  /tmp/ccN3EVao.s 			page 9


 430:Drivers/STM32F4xx_HAL_Driver/Src/stm32f4xx_hal_dma.c ****     __HAL_DMA_ENABLE(hdma);
 431:Drivers/STM32F4xx_HAL_Driver/Src/stm32f4xx_hal_dma.c ****   }
 432:Drivers/STM32F4xx_HAL_Driver/Src/stm32f4xx_hal_dma.c ****   else
 433:Drivers/STM32F4xx_HAL_Driver/Src/stm32f4xx_hal_dma.c ****   {
 434:Drivers/STM32F4xx_HAL_Driver/Src/stm32f4xx_hal_dma.c ****     /* Process unlocked */
 435:Drivers/STM32F4xx_HAL_Driver/Src/stm32f4xx_hal_dma.c ****     __HAL_UNLOCK(hdma);
 436:Drivers/STM32F4xx_HAL_Driver/Src/stm32f4xx_hal_dma.c ****     
 437:Drivers/STM32F4xx_HAL_Driver/Src/stm32f4xx_hal_dma.c ****     /* Return error status */
 438:Drivers/STM32F4xx_HAL_Driver/Src/stm32f4xx_hal_dma.c ****     status = HAL_BUSY;
 439:Drivers/STM32F4xx_HAL_Driver/Src/stm32f4xx_hal_dma.c ****   } 
 440:Drivers/STM32F4xx_HAL_Driver/Src/stm32f4xx_hal_dma.c ****   return status; 
 441:Drivers/STM32F4xx_HAL_Driver/Src/stm32f4xx_hal_dma.c **** }
 442:Drivers/STM32F4xx_HAL_Driver/Src/stm32f4xx_hal_dma.c **** 
 443:Drivers/STM32F4xx_HAL_Driver/Src/stm32f4xx_hal_dma.c **** /**
 444:Drivers/STM32F4xx_HAL_Driver/Src/stm32f4xx_hal_dma.c ****   * @brief  Start the DMA Transfer with interrupt enabled.
 445:Drivers/STM32F4xx_HAL_Driver/Src/stm32f4xx_hal_dma.c ****   * @param  hdma       pointer to a DMA_HandleTypeDef structure that contains
 446:Drivers/STM32F4xx_HAL_Driver/Src/stm32f4xx_hal_dma.c ****   *                     the configuration information for the specified DMA Stream.  
 447:Drivers/STM32F4xx_HAL_Driver/Src/stm32f4xx_hal_dma.c ****   * @param  SrcAddress The source memory Buffer address
 448:Drivers/STM32F4xx_HAL_Driver/Src/stm32f4xx_hal_dma.c ****   * @param  DstAddress The destination memory Buffer address
 449:Drivers/STM32F4xx_HAL_Driver/Src/stm32f4xx_hal_dma.c ****   * @param  DataLength The length of data to be transferred from source to destination
 450:Drivers/STM32F4xx_HAL_Driver/Src/stm32f4xx_hal_dma.c ****   * @retval HAL status
 451:Drivers/STM32F4xx_HAL_Driver/Src/stm32f4xx_hal_dma.c ****   */
 452:Drivers/STM32F4xx_HAL_Driver/Src/stm32f4xx_hal_dma.c **** HAL_StatusTypeDef HAL_DMA_Start_IT(DMA_HandleTypeDef *hdma, uint32_t SrcAddress, uint32_t DstAddres
 453:Drivers/STM32F4xx_HAL_Driver/Src/stm32f4xx_hal_dma.c **** {
 454:Drivers/STM32F4xx_HAL_Driver/Src/stm32f4xx_hal_dma.c ****   HAL_StatusTypeDef status = HAL_OK;
 455:Drivers/STM32F4xx_HAL_Driver/Src/stm32f4xx_hal_dma.c **** 
 456:Drivers/STM32F4xx_HAL_Driver/Src/stm32f4xx_hal_dma.c ****   /* calculate DMA base and stream number */
 457:Drivers/STM32F4xx_HAL_Driver/Src/stm32f4xx_hal_dma.c ****   DMA_Base_Registers *regs = (DMA_Base_Registers *)hdma->StreamBaseAddress;
 458:Drivers/STM32F4xx_HAL_Driver/Src/stm32f4xx_hal_dma.c ****   
 459:Drivers/STM32F4xx_HAL_Driver/Src/stm32f4xx_hal_dma.c ****   /* Check the parameters */
 460:Drivers/STM32F4xx_HAL_Driver/Src/stm32f4xx_hal_dma.c ****   assert_param(IS_DMA_BUFFER_SIZE(DataLength));
 461:Drivers/STM32F4xx_HAL_Driver/Src/stm32f4xx_hal_dma.c ****  
 462:Drivers/STM32F4xx_HAL_Driver/Src/stm32f4xx_hal_dma.c ****   /* Process locked */
 463:Drivers/STM32F4xx_HAL_Driver/Src/stm32f4xx_hal_dma.c ****   __HAL_LOCK(hdma);
 464:Drivers/STM32F4xx_HAL_Driver/Src/stm32f4xx_hal_dma.c ****   
 465:Drivers/STM32F4xx_HAL_Driver/Src/stm32f4xx_hal_dma.c ****   if(HAL_DMA_STATE_READY == hdma->State)
 466:Drivers/STM32F4xx_HAL_Driver/Src/stm32f4xx_hal_dma.c ****   {
 467:Drivers/STM32F4xx_HAL_Driver/Src/stm32f4xx_hal_dma.c ****     /* Change DMA peripheral state */
 468:Drivers/STM32F4xx_HAL_Driver/Src/stm32f4xx_hal_dma.c ****     hdma->State = HAL_DMA_STATE_BUSY;
 469:Drivers/STM32F4xx_HAL_Driver/Src/stm32f4xx_hal_dma.c ****     
 470:Drivers/STM32F4xx_HAL_Driver/Src/stm32f4xx_hal_dma.c ****     /* Initialize the error code */
 471:Drivers/STM32F4xx_HAL_Driver/Src/stm32f4xx_hal_dma.c ****     hdma->ErrorCode = HAL_DMA_ERROR_NONE;
 472:Drivers/STM32F4xx_HAL_Driver/Src/stm32f4xx_hal_dma.c ****     
 473:Drivers/STM32F4xx_HAL_Driver/Src/stm32f4xx_hal_dma.c ****     /* Configure the source, destination address and the data length */
 474:Drivers/STM32F4xx_HAL_Driver/Src/stm32f4xx_hal_dma.c ****     DMA_SetConfig(hdma, SrcAddress, DstAddress, DataLength);
 475:Drivers/STM32F4xx_HAL_Driver/Src/stm32f4xx_hal_dma.c ****     
 476:Drivers/STM32F4xx_HAL_Driver/Src/stm32f4xx_hal_dma.c ****     /* Clear all interrupt flags at correct offset within the register */
 477:Drivers/STM32F4xx_HAL_Driver/Src/stm32f4xx_hal_dma.c ****     regs->IFCR = 0x3FU << hdma->StreamIndex;
 478:Drivers/STM32F4xx_HAL_Driver/Src/stm32f4xx_hal_dma.c ****     
 479:Drivers/STM32F4xx_HAL_Driver/Src/stm32f4xx_hal_dma.c ****     /* Enable Common interrupts*/
 480:Drivers/STM32F4xx_HAL_Driver/Src/stm32f4xx_hal_dma.c ****     hdma->Instance->CR  |= DMA_IT_TC | DMA_IT_TE | DMA_IT_DME;
 481:Drivers/STM32F4xx_HAL_Driver/Src/stm32f4xx_hal_dma.c ****     
 482:Drivers/STM32F4xx_HAL_Driver/Src/stm32f4xx_hal_dma.c ****     if(hdma->XferHalfCpltCallback != NULL)
 483:Drivers/STM32F4xx_HAL_Driver/Src/stm32f4xx_hal_dma.c ****     {
 484:Drivers/STM32F4xx_HAL_Driver/Src/stm32f4xx_hal_dma.c ****       hdma->Instance->CR  |= DMA_IT_HT;
 485:Drivers/STM32F4xx_HAL_Driver/Src/stm32f4xx_hal_dma.c ****     }
 486:Drivers/STM32F4xx_HAL_Driver/Src/stm32f4xx_hal_dma.c ****     
ARM GAS  /tmp/ccN3EVao.s 			page 10


 487:Drivers/STM32F4xx_HAL_Driver/Src/stm32f4xx_hal_dma.c ****     /* Enable the Peripheral */
 488:Drivers/STM32F4xx_HAL_Driver/Src/stm32f4xx_hal_dma.c ****     __HAL_DMA_ENABLE(hdma);
 489:Drivers/STM32F4xx_HAL_Driver/Src/stm32f4xx_hal_dma.c ****   }
 490:Drivers/STM32F4xx_HAL_Driver/Src/stm32f4xx_hal_dma.c ****   else
 491:Drivers/STM32F4xx_HAL_Driver/Src/stm32f4xx_hal_dma.c ****   {
 492:Drivers/STM32F4xx_HAL_Driver/Src/stm32f4xx_hal_dma.c ****     /* Process unlocked */
 493:Drivers/STM32F4xx_HAL_Driver/Src/stm32f4xx_hal_dma.c ****     __HAL_UNLOCK(hdma);	  
 494:Drivers/STM32F4xx_HAL_Driver/Src/stm32f4xx_hal_dma.c ****     
 495:Drivers/STM32F4xx_HAL_Driver/Src/stm32f4xx_hal_dma.c ****     /* Return error status */
 496:Drivers/STM32F4xx_HAL_Driver/Src/stm32f4xx_hal_dma.c ****     status = HAL_BUSY;
 497:Drivers/STM32F4xx_HAL_Driver/Src/stm32f4xx_hal_dma.c ****   }
 498:Drivers/STM32F4xx_HAL_Driver/Src/stm32f4xx_hal_dma.c ****   
 499:Drivers/STM32F4xx_HAL_Driver/Src/stm32f4xx_hal_dma.c ****   return status;
 500:Drivers/STM32F4xx_HAL_Driver/Src/stm32f4xx_hal_dma.c **** }
 501:Drivers/STM32F4xx_HAL_Driver/Src/stm32f4xx_hal_dma.c **** 
 502:Drivers/STM32F4xx_HAL_Driver/Src/stm32f4xx_hal_dma.c **** /**
 503:Drivers/STM32F4xx_HAL_Driver/Src/stm32f4xx_hal_dma.c ****   * @brief  Aborts the DMA Transfer.
 504:Drivers/STM32F4xx_HAL_Driver/Src/stm32f4xx_hal_dma.c ****   * @param  hdma   pointer to a DMA_HandleTypeDef structure that contains
 505:Drivers/STM32F4xx_HAL_Driver/Src/stm32f4xx_hal_dma.c ****   *                 the configuration information for the specified DMA Stream.
 506:Drivers/STM32F4xx_HAL_Driver/Src/stm32f4xx_hal_dma.c ****   *                   
 507:Drivers/STM32F4xx_HAL_Driver/Src/stm32f4xx_hal_dma.c ****   * @note  After disabling a DMA Stream, a check for wait until the DMA Stream is 
 508:Drivers/STM32F4xx_HAL_Driver/Src/stm32f4xx_hal_dma.c ****   *        effectively disabled is added. If a Stream is disabled 
 509:Drivers/STM32F4xx_HAL_Driver/Src/stm32f4xx_hal_dma.c ****   *        while a data transfer is ongoing, the current data will be transferred
 510:Drivers/STM32F4xx_HAL_Driver/Src/stm32f4xx_hal_dma.c ****   *        and the Stream will be effectively disabled only after the transfer of
 511:Drivers/STM32F4xx_HAL_Driver/Src/stm32f4xx_hal_dma.c ****   *        this single data is finished.  
 512:Drivers/STM32F4xx_HAL_Driver/Src/stm32f4xx_hal_dma.c ****   * @retval HAL status
 513:Drivers/STM32F4xx_HAL_Driver/Src/stm32f4xx_hal_dma.c ****   */
 514:Drivers/STM32F4xx_HAL_Driver/Src/stm32f4xx_hal_dma.c **** HAL_StatusTypeDef HAL_DMA_Abort(DMA_HandleTypeDef *hdma)
 515:Drivers/STM32F4xx_HAL_Driver/Src/stm32f4xx_hal_dma.c **** {
 516:Drivers/STM32F4xx_HAL_Driver/Src/stm32f4xx_hal_dma.c ****   /* calculate DMA base and stream number */
 517:Drivers/STM32F4xx_HAL_Driver/Src/stm32f4xx_hal_dma.c ****   DMA_Base_Registers *regs = (DMA_Base_Registers *)hdma->StreamBaseAddress;
 518:Drivers/STM32F4xx_HAL_Driver/Src/stm32f4xx_hal_dma.c ****   
 519:Drivers/STM32F4xx_HAL_Driver/Src/stm32f4xx_hal_dma.c ****   uint32_t tickstart = HAL_GetTick();
 520:Drivers/STM32F4xx_HAL_Driver/Src/stm32f4xx_hal_dma.c ****   
 521:Drivers/STM32F4xx_HAL_Driver/Src/stm32f4xx_hal_dma.c ****   if(hdma->State != HAL_DMA_STATE_BUSY)
 522:Drivers/STM32F4xx_HAL_Driver/Src/stm32f4xx_hal_dma.c ****   {
 523:Drivers/STM32F4xx_HAL_Driver/Src/stm32f4xx_hal_dma.c ****     hdma->ErrorCode = HAL_DMA_ERROR_NO_XFER;
 524:Drivers/STM32F4xx_HAL_Driver/Src/stm32f4xx_hal_dma.c ****     
 525:Drivers/STM32F4xx_HAL_Driver/Src/stm32f4xx_hal_dma.c ****     /* Process Unlocked */
 526:Drivers/STM32F4xx_HAL_Driver/Src/stm32f4xx_hal_dma.c ****     __HAL_UNLOCK(hdma);
 527:Drivers/STM32F4xx_HAL_Driver/Src/stm32f4xx_hal_dma.c ****     
 528:Drivers/STM32F4xx_HAL_Driver/Src/stm32f4xx_hal_dma.c ****     return HAL_ERROR;
 529:Drivers/STM32F4xx_HAL_Driver/Src/stm32f4xx_hal_dma.c ****   }
 530:Drivers/STM32F4xx_HAL_Driver/Src/stm32f4xx_hal_dma.c ****   else
 531:Drivers/STM32F4xx_HAL_Driver/Src/stm32f4xx_hal_dma.c ****   {
 532:Drivers/STM32F4xx_HAL_Driver/Src/stm32f4xx_hal_dma.c ****     /* Disable all the transfer interrupts */
 533:Drivers/STM32F4xx_HAL_Driver/Src/stm32f4xx_hal_dma.c ****     hdma->Instance->CR  &= ~(DMA_IT_TC | DMA_IT_TE | DMA_IT_DME);
 534:Drivers/STM32F4xx_HAL_Driver/Src/stm32f4xx_hal_dma.c ****     hdma->Instance->FCR &= ~(DMA_IT_FE);
 535:Drivers/STM32F4xx_HAL_Driver/Src/stm32f4xx_hal_dma.c ****     
 536:Drivers/STM32F4xx_HAL_Driver/Src/stm32f4xx_hal_dma.c ****     if((hdma->XferHalfCpltCallback != NULL) || (hdma->XferM1HalfCpltCallback != NULL))
 537:Drivers/STM32F4xx_HAL_Driver/Src/stm32f4xx_hal_dma.c ****     {
 538:Drivers/STM32F4xx_HAL_Driver/Src/stm32f4xx_hal_dma.c ****       hdma->Instance->CR  &= ~(DMA_IT_HT);
 539:Drivers/STM32F4xx_HAL_Driver/Src/stm32f4xx_hal_dma.c ****     }
 540:Drivers/STM32F4xx_HAL_Driver/Src/stm32f4xx_hal_dma.c ****     
 541:Drivers/STM32F4xx_HAL_Driver/Src/stm32f4xx_hal_dma.c ****     /* Disable the stream */
 542:Drivers/STM32F4xx_HAL_Driver/Src/stm32f4xx_hal_dma.c ****     __HAL_DMA_DISABLE(hdma);
 543:Drivers/STM32F4xx_HAL_Driver/Src/stm32f4xx_hal_dma.c ****     
ARM GAS  /tmp/ccN3EVao.s 			page 11


 544:Drivers/STM32F4xx_HAL_Driver/Src/stm32f4xx_hal_dma.c ****     /* Check if the DMA Stream is effectively disabled */
 545:Drivers/STM32F4xx_HAL_Driver/Src/stm32f4xx_hal_dma.c ****     while((hdma->Instance->CR & DMA_SxCR_EN) != RESET)
 546:Drivers/STM32F4xx_HAL_Driver/Src/stm32f4xx_hal_dma.c ****     {
 547:Drivers/STM32F4xx_HAL_Driver/Src/stm32f4xx_hal_dma.c ****       /* Check for the Timeout */
 548:Drivers/STM32F4xx_HAL_Driver/Src/stm32f4xx_hal_dma.c ****       if((HAL_GetTick() - tickstart ) > HAL_TIMEOUT_DMA_ABORT)
 549:Drivers/STM32F4xx_HAL_Driver/Src/stm32f4xx_hal_dma.c ****       {
 550:Drivers/STM32F4xx_HAL_Driver/Src/stm32f4xx_hal_dma.c ****         /* Update error code */
 551:Drivers/STM32F4xx_HAL_Driver/Src/stm32f4xx_hal_dma.c ****         hdma->ErrorCode = HAL_DMA_ERROR_TIMEOUT;
 552:Drivers/STM32F4xx_HAL_Driver/Src/stm32f4xx_hal_dma.c ****         
 553:Drivers/STM32F4xx_HAL_Driver/Src/stm32f4xx_hal_dma.c ****         /* Change the DMA state */
 554:Drivers/STM32F4xx_HAL_Driver/Src/stm32f4xx_hal_dma.c ****         hdma->State = HAL_DMA_STATE_TIMEOUT;
 555:Drivers/STM32F4xx_HAL_Driver/Src/stm32f4xx_hal_dma.c ****         
 556:Drivers/STM32F4xx_HAL_Driver/Src/stm32f4xx_hal_dma.c ****         /* Process Unlocked */
 557:Drivers/STM32F4xx_HAL_Driver/Src/stm32f4xx_hal_dma.c ****         __HAL_UNLOCK(hdma);
 558:Drivers/STM32F4xx_HAL_Driver/Src/stm32f4xx_hal_dma.c ****         
 559:Drivers/STM32F4xx_HAL_Driver/Src/stm32f4xx_hal_dma.c ****         return HAL_TIMEOUT;
 560:Drivers/STM32F4xx_HAL_Driver/Src/stm32f4xx_hal_dma.c ****       }
 561:Drivers/STM32F4xx_HAL_Driver/Src/stm32f4xx_hal_dma.c ****     }
 562:Drivers/STM32F4xx_HAL_Driver/Src/stm32f4xx_hal_dma.c ****     
 563:Drivers/STM32F4xx_HAL_Driver/Src/stm32f4xx_hal_dma.c ****     /* Clear all interrupt flags at correct offset within the register */
 564:Drivers/STM32F4xx_HAL_Driver/Src/stm32f4xx_hal_dma.c ****     regs->IFCR = 0x3FU << hdma->StreamIndex;
 565:Drivers/STM32F4xx_HAL_Driver/Src/stm32f4xx_hal_dma.c ****     
 566:Drivers/STM32F4xx_HAL_Driver/Src/stm32f4xx_hal_dma.c ****     /* Change the DMA state*/
 567:Drivers/STM32F4xx_HAL_Driver/Src/stm32f4xx_hal_dma.c ****     hdma->State = HAL_DMA_STATE_READY;
 568:Drivers/STM32F4xx_HAL_Driver/Src/stm32f4xx_hal_dma.c ****     
 569:Drivers/STM32F4xx_HAL_Driver/Src/stm32f4xx_hal_dma.c ****     /* Process Unlocked */
 570:Drivers/STM32F4xx_HAL_Driver/Src/stm32f4xx_hal_dma.c ****     __HAL_UNLOCK(hdma);
 571:Drivers/STM32F4xx_HAL_Driver/Src/stm32f4xx_hal_dma.c ****   }
 572:Drivers/STM32F4xx_HAL_Driver/Src/stm32f4xx_hal_dma.c ****   return HAL_OK;
 573:Drivers/STM32F4xx_HAL_Driver/Src/stm32f4xx_hal_dma.c **** }
 574:Drivers/STM32F4xx_HAL_Driver/Src/stm32f4xx_hal_dma.c **** 
 575:Drivers/STM32F4xx_HAL_Driver/Src/stm32f4xx_hal_dma.c **** /**
 576:Drivers/STM32F4xx_HAL_Driver/Src/stm32f4xx_hal_dma.c ****   * @brief  Aborts the DMA Transfer in Interrupt mode.
 577:Drivers/STM32F4xx_HAL_Driver/Src/stm32f4xx_hal_dma.c ****   * @param  hdma   pointer to a DMA_HandleTypeDef structure that contains
 578:Drivers/STM32F4xx_HAL_Driver/Src/stm32f4xx_hal_dma.c ****   *                 the configuration information for the specified DMA Stream.
 579:Drivers/STM32F4xx_HAL_Driver/Src/stm32f4xx_hal_dma.c ****   * @retval HAL status
 580:Drivers/STM32F4xx_HAL_Driver/Src/stm32f4xx_hal_dma.c ****   */
 581:Drivers/STM32F4xx_HAL_Driver/Src/stm32f4xx_hal_dma.c **** HAL_StatusTypeDef HAL_DMA_Abort_IT(DMA_HandleTypeDef *hdma)
 582:Drivers/STM32F4xx_HAL_Driver/Src/stm32f4xx_hal_dma.c **** {
 583:Drivers/STM32F4xx_HAL_Driver/Src/stm32f4xx_hal_dma.c ****   if(hdma->State != HAL_DMA_STATE_BUSY)
 584:Drivers/STM32F4xx_HAL_Driver/Src/stm32f4xx_hal_dma.c ****   {
 585:Drivers/STM32F4xx_HAL_Driver/Src/stm32f4xx_hal_dma.c ****     hdma->ErrorCode = HAL_DMA_ERROR_NO_XFER;
 586:Drivers/STM32F4xx_HAL_Driver/Src/stm32f4xx_hal_dma.c ****     return HAL_ERROR;
 587:Drivers/STM32F4xx_HAL_Driver/Src/stm32f4xx_hal_dma.c ****   }
 588:Drivers/STM32F4xx_HAL_Driver/Src/stm32f4xx_hal_dma.c ****   else
 589:Drivers/STM32F4xx_HAL_Driver/Src/stm32f4xx_hal_dma.c ****   {
 590:Drivers/STM32F4xx_HAL_Driver/Src/stm32f4xx_hal_dma.c ****     /* Set Abort State  */
 591:Drivers/STM32F4xx_HAL_Driver/Src/stm32f4xx_hal_dma.c ****     hdma->State = HAL_DMA_STATE_ABORT;
 592:Drivers/STM32F4xx_HAL_Driver/Src/stm32f4xx_hal_dma.c ****     
 593:Drivers/STM32F4xx_HAL_Driver/Src/stm32f4xx_hal_dma.c ****     /* Disable the stream */
 594:Drivers/STM32F4xx_HAL_Driver/Src/stm32f4xx_hal_dma.c ****     __HAL_DMA_DISABLE(hdma);
 595:Drivers/STM32F4xx_HAL_Driver/Src/stm32f4xx_hal_dma.c ****   }
 596:Drivers/STM32F4xx_HAL_Driver/Src/stm32f4xx_hal_dma.c **** 
 597:Drivers/STM32F4xx_HAL_Driver/Src/stm32f4xx_hal_dma.c ****   return HAL_OK;
 598:Drivers/STM32F4xx_HAL_Driver/Src/stm32f4xx_hal_dma.c **** }
 599:Drivers/STM32F4xx_HAL_Driver/Src/stm32f4xx_hal_dma.c **** 
 600:Drivers/STM32F4xx_HAL_Driver/Src/stm32f4xx_hal_dma.c **** /**
ARM GAS  /tmp/ccN3EVao.s 			page 12


 601:Drivers/STM32F4xx_HAL_Driver/Src/stm32f4xx_hal_dma.c ****   * @brief  Polling for transfer complete.
 602:Drivers/STM32F4xx_HAL_Driver/Src/stm32f4xx_hal_dma.c ****   * @param  hdma          pointer to a DMA_HandleTypeDef structure that contains
 603:Drivers/STM32F4xx_HAL_Driver/Src/stm32f4xx_hal_dma.c ****   *                        the configuration information for the specified DMA Stream.
 604:Drivers/STM32F4xx_HAL_Driver/Src/stm32f4xx_hal_dma.c ****   * @param  CompleteLevel Specifies the DMA level complete.
 605:Drivers/STM32F4xx_HAL_Driver/Src/stm32f4xx_hal_dma.c ****   * @note   The polling mode is kept in this version for legacy. it is recommanded to use the IT mo
 606:Drivers/STM32F4xx_HAL_Driver/Src/stm32f4xx_hal_dma.c ****   *         This model could be used for debug purpose.
 607:Drivers/STM32F4xx_HAL_Driver/Src/stm32f4xx_hal_dma.c ****   * @note   The HAL_DMA_PollForTransfer API cannot be used in circular and double buffering mode (a
 608:Drivers/STM32F4xx_HAL_Driver/Src/stm32f4xx_hal_dma.c ****   * @param  Timeout       Timeout duration.
 609:Drivers/STM32F4xx_HAL_Driver/Src/stm32f4xx_hal_dma.c ****   * @retval HAL status
 610:Drivers/STM32F4xx_HAL_Driver/Src/stm32f4xx_hal_dma.c ****   */
 611:Drivers/STM32F4xx_HAL_Driver/Src/stm32f4xx_hal_dma.c **** HAL_StatusTypeDef HAL_DMA_PollForTransfer(DMA_HandleTypeDef *hdma, HAL_DMA_LevelCompleteTypeDef Com
 612:Drivers/STM32F4xx_HAL_Driver/Src/stm32f4xx_hal_dma.c **** {
 613:Drivers/STM32F4xx_HAL_Driver/Src/stm32f4xx_hal_dma.c ****   HAL_StatusTypeDef status = HAL_OK; 
 614:Drivers/STM32F4xx_HAL_Driver/Src/stm32f4xx_hal_dma.c ****   uint32_t mask_cpltlevel;
 615:Drivers/STM32F4xx_HAL_Driver/Src/stm32f4xx_hal_dma.c ****   uint32_t tickstart = HAL_GetTick(); 
 616:Drivers/STM32F4xx_HAL_Driver/Src/stm32f4xx_hal_dma.c ****   uint32_t tmpisr;
 617:Drivers/STM32F4xx_HAL_Driver/Src/stm32f4xx_hal_dma.c ****   
 618:Drivers/STM32F4xx_HAL_Driver/Src/stm32f4xx_hal_dma.c ****   /* calculate DMA base and stream number */
 619:Drivers/STM32F4xx_HAL_Driver/Src/stm32f4xx_hal_dma.c ****   DMA_Base_Registers *regs;
 620:Drivers/STM32F4xx_HAL_Driver/Src/stm32f4xx_hal_dma.c **** 
 621:Drivers/STM32F4xx_HAL_Driver/Src/stm32f4xx_hal_dma.c ****   if(HAL_DMA_STATE_BUSY != hdma->State)
 622:Drivers/STM32F4xx_HAL_Driver/Src/stm32f4xx_hal_dma.c ****   {
 623:Drivers/STM32F4xx_HAL_Driver/Src/stm32f4xx_hal_dma.c ****     /* No transfer ongoing */
 624:Drivers/STM32F4xx_HAL_Driver/Src/stm32f4xx_hal_dma.c ****     hdma->ErrorCode = HAL_DMA_ERROR_NO_XFER;
 625:Drivers/STM32F4xx_HAL_Driver/Src/stm32f4xx_hal_dma.c ****     __HAL_UNLOCK(hdma);
 626:Drivers/STM32F4xx_HAL_Driver/Src/stm32f4xx_hal_dma.c ****     return HAL_ERROR;
 627:Drivers/STM32F4xx_HAL_Driver/Src/stm32f4xx_hal_dma.c ****   }
 628:Drivers/STM32F4xx_HAL_Driver/Src/stm32f4xx_hal_dma.c **** 
 629:Drivers/STM32F4xx_HAL_Driver/Src/stm32f4xx_hal_dma.c ****   /* Polling mode not supported in circular mode and double buffering mode */
 630:Drivers/STM32F4xx_HAL_Driver/Src/stm32f4xx_hal_dma.c ****   if ((hdma->Instance->CR & DMA_SxCR_CIRC) != RESET)
 631:Drivers/STM32F4xx_HAL_Driver/Src/stm32f4xx_hal_dma.c ****   {
 632:Drivers/STM32F4xx_HAL_Driver/Src/stm32f4xx_hal_dma.c ****     hdma->ErrorCode = HAL_DMA_ERROR_NOT_SUPPORTED;
 633:Drivers/STM32F4xx_HAL_Driver/Src/stm32f4xx_hal_dma.c ****     return HAL_ERROR;
 634:Drivers/STM32F4xx_HAL_Driver/Src/stm32f4xx_hal_dma.c ****   }
 635:Drivers/STM32F4xx_HAL_Driver/Src/stm32f4xx_hal_dma.c ****   
 636:Drivers/STM32F4xx_HAL_Driver/Src/stm32f4xx_hal_dma.c ****   /* Get the level transfer complete flag */
 637:Drivers/STM32F4xx_HAL_Driver/Src/stm32f4xx_hal_dma.c ****   if(CompleteLevel == HAL_DMA_FULL_TRANSFER)
 638:Drivers/STM32F4xx_HAL_Driver/Src/stm32f4xx_hal_dma.c ****   {
 639:Drivers/STM32F4xx_HAL_Driver/Src/stm32f4xx_hal_dma.c ****     /* Transfer Complete flag */
 640:Drivers/STM32F4xx_HAL_Driver/Src/stm32f4xx_hal_dma.c ****     mask_cpltlevel = DMA_FLAG_TCIF0_4 << hdma->StreamIndex;
 641:Drivers/STM32F4xx_HAL_Driver/Src/stm32f4xx_hal_dma.c ****   }
 642:Drivers/STM32F4xx_HAL_Driver/Src/stm32f4xx_hal_dma.c ****   else
 643:Drivers/STM32F4xx_HAL_Driver/Src/stm32f4xx_hal_dma.c ****   {
 644:Drivers/STM32F4xx_HAL_Driver/Src/stm32f4xx_hal_dma.c ****     /* Half Transfer Complete flag */
 645:Drivers/STM32F4xx_HAL_Driver/Src/stm32f4xx_hal_dma.c ****     mask_cpltlevel = DMA_FLAG_HTIF0_4 << hdma->StreamIndex;
 646:Drivers/STM32F4xx_HAL_Driver/Src/stm32f4xx_hal_dma.c ****   }
 647:Drivers/STM32F4xx_HAL_Driver/Src/stm32f4xx_hal_dma.c ****   
 648:Drivers/STM32F4xx_HAL_Driver/Src/stm32f4xx_hal_dma.c ****   regs = (DMA_Base_Registers *)hdma->StreamBaseAddress;
 649:Drivers/STM32F4xx_HAL_Driver/Src/stm32f4xx_hal_dma.c ****   tmpisr = regs->ISR;
 650:Drivers/STM32F4xx_HAL_Driver/Src/stm32f4xx_hal_dma.c ****   
 651:Drivers/STM32F4xx_HAL_Driver/Src/stm32f4xx_hal_dma.c ****   while(((tmpisr & mask_cpltlevel) == RESET) && ((hdma->ErrorCode & HAL_DMA_ERROR_TE) == RESET))
 652:Drivers/STM32F4xx_HAL_Driver/Src/stm32f4xx_hal_dma.c ****   {
 653:Drivers/STM32F4xx_HAL_Driver/Src/stm32f4xx_hal_dma.c ****     /* Check for the Timeout (Not applicable in circular mode)*/
 654:Drivers/STM32F4xx_HAL_Driver/Src/stm32f4xx_hal_dma.c ****     if(Timeout != HAL_MAX_DELAY)
 655:Drivers/STM32F4xx_HAL_Driver/Src/stm32f4xx_hal_dma.c ****     {
 656:Drivers/STM32F4xx_HAL_Driver/Src/stm32f4xx_hal_dma.c ****       if((Timeout == 0U)||((HAL_GetTick() - tickstart ) > Timeout))
 657:Drivers/STM32F4xx_HAL_Driver/Src/stm32f4xx_hal_dma.c ****       {
ARM GAS  /tmp/ccN3EVao.s 			page 13


 658:Drivers/STM32F4xx_HAL_Driver/Src/stm32f4xx_hal_dma.c ****         /* Update error code */
 659:Drivers/STM32F4xx_HAL_Driver/Src/stm32f4xx_hal_dma.c ****         hdma->ErrorCode = HAL_DMA_ERROR_TIMEOUT;
 660:Drivers/STM32F4xx_HAL_Driver/Src/stm32f4xx_hal_dma.c ****         
 661:Drivers/STM32F4xx_HAL_Driver/Src/stm32f4xx_hal_dma.c ****         /* Change the DMA state */
 662:Drivers/STM32F4xx_HAL_Driver/Src/stm32f4xx_hal_dma.c ****         hdma->State = HAL_DMA_STATE_READY;
 663:Drivers/STM32F4xx_HAL_Driver/Src/stm32f4xx_hal_dma.c ****         
 664:Drivers/STM32F4xx_HAL_Driver/Src/stm32f4xx_hal_dma.c ****         /* Process Unlocked */
 665:Drivers/STM32F4xx_HAL_Driver/Src/stm32f4xx_hal_dma.c ****         __HAL_UNLOCK(hdma);
 666:Drivers/STM32F4xx_HAL_Driver/Src/stm32f4xx_hal_dma.c ****         
 667:Drivers/STM32F4xx_HAL_Driver/Src/stm32f4xx_hal_dma.c ****         return HAL_TIMEOUT;
 668:Drivers/STM32F4xx_HAL_Driver/Src/stm32f4xx_hal_dma.c ****       }
 669:Drivers/STM32F4xx_HAL_Driver/Src/stm32f4xx_hal_dma.c ****     }
 670:Drivers/STM32F4xx_HAL_Driver/Src/stm32f4xx_hal_dma.c **** 
 671:Drivers/STM32F4xx_HAL_Driver/Src/stm32f4xx_hal_dma.c ****     /* Get the ISR register value */
 672:Drivers/STM32F4xx_HAL_Driver/Src/stm32f4xx_hal_dma.c ****     tmpisr = regs->ISR;
 673:Drivers/STM32F4xx_HAL_Driver/Src/stm32f4xx_hal_dma.c **** 
 674:Drivers/STM32F4xx_HAL_Driver/Src/stm32f4xx_hal_dma.c ****     if((tmpisr & (DMA_FLAG_TEIF0_4 << hdma->StreamIndex)) != RESET)
 675:Drivers/STM32F4xx_HAL_Driver/Src/stm32f4xx_hal_dma.c ****     {
 676:Drivers/STM32F4xx_HAL_Driver/Src/stm32f4xx_hal_dma.c ****       /* Update error code */
 677:Drivers/STM32F4xx_HAL_Driver/Src/stm32f4xx_hal_dma.c ****       hdma->ErrorCode |= HAL_DMA_ERROR_TE;
 678:Drivers/STM32F4xx_HAL_Driver/Src/stm32f4xx_hal_dma.c ****       
 679:Drivers/STM32F4xx_HAL_Driver/Src/stm32f4xx_hal_dma.c ****       /* Clear the transfer error flag */
 680:Drivers/STM32F4xx_HAL_Driver/Src/stm32f4xx_hal_dma.c ****       regs->IFCR = DMA_FLAG_TEIF0_4 << hdma->StreamIndex;
 681:Drivers/STM32F4xx_HAL_Driver/Src/stm32f4xx_hal_dma.c ****     }
 682:Drivers/STM32F4xx_HAL_Driver/Src/stm32f4xx_hal_dma.c ****     
 683:Drivers/STM32F4xx_HAL_Driver/Src/stm32f4xx_hal_dma.c ****     if((tmpisr & (DMA_FLAG_FEIF0_4 << hdma->StreamIndex)) != RESET)
 684:Drivers/STM32F4xx_HAL_Driver/Src/stm32f4xx_hal_dma.c ****     {
 685:Drivers/STM32F4xx_HAL_Driver/Src/stm32f4xx_hal_dma.c ****       /* Update error code */
 686:Drivers/STM32F4xx_HAL_Driver/Src/stm32f4xx_hal_dma.c ****       hdma->ErrorCode |= HAL_DMA_ERROR_FE;
 687:Drivers/STM32F4xx_HAL_Driver/Src/stm32f4xx_hal_dma.c ****       
 688:Drivers/STM32F4xx_HAL_Driver/Src/stm32f4xx_hal_dma.c ****       /* Clear the FIFO error flag */
 689:Drivers/STM32F4xx_HAL_Driver/Src/stm32f4xx_hal_dma.c ****       regs->IFCR = DMA_FLAG_FEIF0_4 << hdma->StreamIndex;
 690:Drivers/STM32F4xx_HAL_Driver/Src/stm32f4xx_hal_dma.c ****     }
 691:Drivers/STM32F4xx_HAL_Driver/Src/stm32f4xx_hal_dma.c ****     
 692:Drivers/STM32F4xx_HAL_Driver/Src/stm32f4xx_hal_dma.c ****     if((tmpisr & (DMA_FLAG_DMEIF0_4 << hdma->StreamIndex)) != RESET)
 693:Drivers/STM32F4xx_HAL_Driver/Src/stm32f4xx_hal_dma.c ****     {
 694:Drivers/STM32F4xx_HAL_Driver/Src/stm32f4xx_hal_dma.c ****       /* Update error code */
 695:Drivers/STM32F4xx_HAL_Driver/Src/stm32f4xx_hal_dma.c ****       hdma->ErrorCode |= HAL_DMA_ERROR_DME;
 696:Drivers/STM32F4xx_HAL_Driver/Src/stm32f4xx_hal_dma.c ****       
 697:Drivers/STM32F4xx_HAL_Driver/Src/stm32f4xx_hal_dma.c ****       /* Clear the Direct Mode error flag */
 698:Drivers/STM32F4xx_HAL_Driver/Src/stm32f4xx_hal_dma.c ****       regs->IFCR = DMA_FLAG_DMEIF0_4 << hdma->StreamIndex;
 699:Drivers/STM32F4xx_HAL_Driver/Src/stm32f4xx_hal_dma.c ****     }
 700:Drivers/STM32F4xx_HAL_Driver/Src/stm32f4xx_hal_dma.c ****   }
 701:Drivers/STM32F4xx_HAL_Driver/Src/stm32f4xx_hal_dma.c ****   
 702:Drivers/STM32F4xx_HAL_Driver/Src/stm32f4xx_hal_dma.c ****   if(hdma->ErrorCode != HAL_DMA_ERROR_NONE)
 703:Drivers/STM32F4xx_HAL_Driver/Src/stm32f4xx_hal_dma.c ****   {
 704:Drivers/STM32F4xx_HAL_Driver/Src/stm32f4xx_hal_dma.c ****     if((hdma->ErrorCode & HAL_DMA_ERROR_TE) != RESET)
 705:Drivers/STM32F4xx_HAL_Driver/Src/stm32f4xx_hal_dma.c ****     {
 706:Drivers/STM32F4xx_HAL_Driver/Src/stm32f4xx_hal_dma.c ****       HAL_DMA_Abort(hdma);
 707:Drivers/STM32F4xx_HAL_Driver/Src/stm32f4xx_hal_dma.c ****     
 708:Drivers/STM32F4xx_HAL_Driver/Src/stm32f4xx_hal_dma.c ****       /* Clear the half transfer and transfer complete flags */
 709:Drivers/STM32F4xx_HAL_Driver/Src/stm32f4xx_hal_dma.c ****       regs->IFCR = (DMA_FLAG_HTIF0_4 | DMA_FLAG_TCIF0_4) << hdma->StreamIndex;
 710:Drivers/STM32F4xx_HAL_Driver/Src/stm32f4xx_hal_dma.c ****     
 711:Drivers/STM32F4xx_HAL_Driver/Src/stm32f4xx_hal_dma.c ****       /* Change the DMA state */
 712:Drivers/STM32F4xx_HAL_Driver/Src/stm32f4xx_hal_dma.c ****       hdma->State= HAL_DMA_STATE_READY;
 713:Drivers/STM32F4xx_HAL_Driver/Src/stm32f4xx_hal_dma.c **** 
 714:Drivers/STM32F4xx_HAL_Driver/Src/stm32f4xx_hal_dma.c ****       /* Process Unlocked */
ARM GAS  /tmp/ccN3EVao.s 			page 14


 715:Drivers/STM32F4xx_HAL_Driver/Src/stm32f4xx_hal_dma.c ****       __HAL_UNLOCK(hdma);
 716:Drivers/STM32F4xx_HAL_Driver/Src/stm32f4xx_hal_dma.c **** 
 717:Drivers/STM32F4xx_HAL_Driver/Src/stm32f4xx_hal_dma.c ****       return HAL_ERROR;
 718:Drivers/STM32F4xx_HAL_Driver/Src/stm32f4xx_hal_dma.c ****    }
 719:Drivers/STM32F4xx_HAL_Driver/Src/stm32f4xx_hal_dma.c ****   }
 720:Drivers/STM32F4xx_HAL_Driver/Src/stm32f4xx_hal_dma.c ****   
 721:Drivers/STM32F4xx_HAL_Driver/Src/stm32f4xx_hal_dma.c ****   /* Get the level transfer complete flag */
 722:Drivers/STM32F4xx_HAL_Driver/Src/stm32f4xx_hal_dma.c ****   if(CompleteLevel == HAL_DMA_FULL_TRANSFER)
 723:Drivers/STM32F4xx_HAL_Driver/Src/stm32f4xx_hal_dma.c ****   {
 724:Drivers/STM32F4xx_HAL_Driver/Src/stm32f4xx_hal_dma.c ****     /* Clear the half transfer and transfer complete flags */
 725:Drivers/STM32F4xx_HAL_Driver/Src/stm32f4xx_hal_dma.c ****     regs->IFCR = (DMA_FLAG_HTIF0_4 | DMA_FLAG_TCIF0_4) << hdma->StreamIndex;
 726:Drivers/STM32F4xx_HAL_Driver/Src/stm32f4xx_hal_dma.c ****     
 727:Drivers/STM32F4xx_HAL_Driver/Src/stm32f4xx_hal_dma.c ****     hdma->State = HAL_DMA_STATE_READY;
 728:Drivers/STM32F4xx_HAL_Driver/Src/stm32f4xx_hal_dma.c ****     
 729:Drivers/STM32F4xx_HAL_Driver/Src/stm32f4xx_hal_dma.c ****     /* Process Unlocked */
 730:Drivers/STM32F4xx_HAL_Driver/Src/stm32f4xx_hal_dma.c ****     __HAL_UNLOCK(hdma);
 731:Drivers/STM32F4xx_HAL_Driver/Src/stm32f4xx_hal_dma.c ****   }
 732:Drivers/STM32F4xx_HAL_Driver/Src/stm32f4xx_hal_dma.c ****   else
 733:Drivers/STM32F4xx_HAL_Driver/Src/stm32f4xx_hal_dma.c ****   {
 734:Drivers/STM32F4xx_HAL_Driver/Src/stm32f4xx_hal_dma.c ****     /* Clear the half transfer and transfer complete flags */
 735:Drivers/STM32F4xx_HAL_Driver/Src/stm32f4xx_hal_dma.c ****     regs->IFCR = (DMA_FLAG_HTIF0_4) << hdma->StreamIndex;
 736:Drivers/STM32F4xx_HAL_Driver/Src/stm32f4xx_hal_dma.c ****   }
 737:Drivers/STM32F4xx_HAL_Driver/Src/stm32f4xx_hal_dma.c ****   
 738:Drivers/STM32F4xx_HAL_Driver/Src/stm32f4xx_hal_dma.c ****   return status;
 739:Drivers/STM32F4xx_HAL_Driver/Src/stm32f4xx_hal_dma.c **** }
 740:Drivers/STM32F4xx_HAL_Driver/Src/stm32f4xx_hal_dma.c **** 
 741:Drivers/STM32F4xx_HAL_Driver/Src/stm32f4xx_hal_dma.c **** /**
 742:Drivers/STM32F4xx_HAL_Driver/Src/stm32f4xx_hal_dma.c ****   * @brief  Handles DMA interrupt request.
 743:Drivers/STM32F4xx_HAL_Driver/Src/stm32f4xx_hal_dma.c ****   * @param  hdma pointer to a DMA_HandleTypeDef structure that contains
 744:Drivers/STM32F4xx_HAL_Driver/Src/stm32f4xx_hal_dma.c ****   *               the configuration information for the specified DMA Stream.  
 745:Drivers/STM32F4xx_HAL_Driver/Src/stm32f4xx_hal_dma.c ****   * @retval None
 746:Drivers/STM32F4xx_HAL_Driver/Src/stm32f4xx_hal_dma.c ****   */
 747:Drivers/STM32F4xx_HAL_Driver/Src/stm32f4xx_hal_dma.c **** void HAL_DMA_IRQHandler(DMA_HandleTypeDef *hdma)
 748:Drivers/STM32F4xx_HAL_Driver/Src/stm32f4xx_hal_dma.c **** {
 749:Drivers/STM32F4xx_HAL_Driver/Src/stm32f4xx_hal_dma.c ****   uint32_t tmpisr;
 750:Drivers/STM32F4xx_HAL_Driver/Src/stm32f4xx_hal_dma.c ****   __IO uint32_t count = 0U;
 751:Drivers/STM32F4xx_HAL_Driver/Src/stm32f4xx_hal_dma.c ****   uint32_t timeout = SystemCoreClock / 9600U;
 752:Drivers/STM32F4xx_HAL_Driver/Src/stm32f4xx_hal_dma.c **** 
 753:Drivers/STM32F4xx_HAL_Driver/Src/stm32f4xx_hal_dma.c ****   /* calculate DMA base and stream number */
 754:Drivers/STM32F4xx_HAL_Driver/Src/stm32f4xx_hal_dma.c ****   DMA_Base_Registers *regs = (DMA_Base_Registers *)hdma->StreamBaseAddress;
 755:Drivers/STM32F4xx_HAL_Driver/Src/stm32f4xx_hal_dma.c **** 
 756:Drivers/STM32F4xx_HAL_Driver/Src/stm32f4xx_hal_dma.c ****   tmpisr = regs->ISR;
 757:Drivers/STM32F4xx_HAL_Driver/Src/stm32f4xx_hal_dma.c **** 
 758:Drivers/STM32F4xx_HAL_Driver/Src/stm32f4xx_hal_dma.c ****   /* Transfer Error Interrupt management ***************************************/
 759:Drivers/STM32F4xx_HAL_Driver/Src/stm32f4xx_hal_dma.c ****   if ((tmpisr & (DMA_FLAG_TEIF0_4 << hdma->StreamIndex)) != RESET)
 760:Drivers/STM32F4xx_HAL_Driver/Src/stm32f4xx_hal_dma.c ****   {
 761:Drivers/STM32F4xx_HAL_Driver/Src/stm32f4xx_hal_dma.c ****     if(__HAL_DMA_GET_IT_SOURCE(hdma, DMA_IT_TE) != RESET)
 762:Drivers/STM32F4xx_HAL_Driver/Src/stm32f4xx_hal_dma.c ****     {
 763:Drivers/STM32F4xx_HAL_Driver/Src/stm32f4xx_hal_dma.c ****       /* Disable the transfer error interrupt */
 764:Drivers/STM32F4xx_HAL_Driver/Src/stm32f4xx_hal_dma.c ****       hdma->Instance->CR  &= ~(DMA_IT_TE);
 765:Drivers/STM32F4xx_HAL_Driver/Src/stm32f4xx_hal_dma.c ****       
 766:Drivers/STM32F4xx_HAL_Driver/Src/stm32f4xx_hal_dma.c ****       /* Clear the transfer error flag */
 767:Drivers/STM32F4xx_HAL_Driver/Src/stm32f4xx_hal_dma.c ****       regs->IFCR = DMA_FLAG_TEIF0_4 << hdma->StreamIndex;
 768:Drivers/STM32F4xx_HAL_Driver/Src/stm32f4xx_hal_dma.c ****       
 769:Drivers/STM32F4xx_HAL_Driver/Src/stm32f4xx_hal_dma.c ****       /* Update error code */
 770:Drivers/STM32F4xx_HAL_Driver/Src/stm32f4xx_hal_dma.c ****       hdma->ErrorCode |= HAL_DMA_ERROR_TE;
 771:Drivers/STM32F4xx_HAL_Driver/Src/stm32f4xx_hal_dma.c ****     }
ARM GAS  /tmp/ccN3EVao.s 			page 15


 772:Drivers/STM32F4xx_HAL_Driver/Src/stm32f4xx_hal_dma.c ****   }
 773:Drivers/STM32F4xx_HAL_Driver/Src/stm32f4xx_hal_dma.c ****   /* FIFO Error Interrupt management ******************************************/
 774:Drivers/STM32F4xx_HAL_Driver/Src/stm32f4xx_hal_dma.c ****   if ((tmpisr & (DMA_FLAG_FEIF0_4 << hdma->StreamIndex)) != RESET)
 775:Drivers/STM32F4xx_HAL_Driver/Src/stm32f4xx_hal_dma.c ****   {
 776:Drivers/STM32F4xx_HAL_Driver/Src/stm32f4xx_hal_dma.c ****     if(__HAL_DMA_GET_IT_SOURCE(hdma, DMA_IT_FE) != RESET)
 777:Drivers/STM32F4xx_HAL_Driver/Src/stm32f4xx_hal_dma.c ****     {
 778:Drivers/STM32F4xx_HAL_Driver/Src/stm32f4xx_hal_dma.c ****       /* Clear the FIFO error flag */
 779:Drivers/STM32F4xx_HAL_Driver/Src/stm32f4xx_hal_dma.c ****       regs->IFCR = DMA_FLAG_FEIF0_4 << hdma->StreamIndex;
 780:Drivers/STM32F4xx_HAL_Driver/Src/stm32f4xx_hal_dma.c **** 
 781:Drivers/STM32F4xx_HAL_Driver/Src/stm32f4xx_hal_dma.c ****       /* Update error code */
 782:Drivers/STM32F4xx_HAL_Driver/Src/stm32f4xx_hal_dma.c ****       hdma->ErrorCode |= HAL_DMA_ERROR_FE;
 783:Drivers/STM32F4xx_HAL_Driver/Src/stm32f4xx_hal_dma.c ****     }
 784:Drivers/STM32F4xx_HAL_Driver/Src/stm32f4xx_hal_dma.c ****   }
 785:Drivers/STM32F4xx_HAL_Driver/Src/stm32f4xx_hal_dma.c ****   /* Direct Mode Error Interrupt management ***********************************/
 786:Drivers/STM32F4xx_HAL_Driver/Src/stm32f4xx_hal_dma.c ****   if ((tmpisr & (DMA_FLAG_DMEIF0_4 << hdma->StreamIndex)) != RESET)
 787:Drivers/STM32F4xx_HAL_Driver/Src/stm32f4xx_hal_dma.c ****   {
 788:Drivers/STM32F4xx_HAL_Driver/Src/stm32f4xx_hal_dma.c ****     if(__HAL_DMA_GET_IT_SOURCE(hdma, DMA_IT_DME) != RESET)
 789:Drivers/STM32F4xx_HAL_Driver/Src/stm32f4xx_hal_dma.c ****     {
 790:Drivers/STM32F4xx_HAL_Driver/Src/stm32f4xx_hal_dma.c ****       /* Clear the direct mode error flag */
 791:Drivers/STM32F4xx_HAL_Driver/Src/stm32f4xx_hal_dma.c ****       regs->IFCR = DMA_FLAG_DMEIF0_4 << hdma->StreamIndex;
 792:Drivers/STM32F4xx_HAL_Driver/Src/stm32f4xx_hal_dma.c **** 
 793:Drivers/STM32F4xx_HAL_Driver/Src/stm32f4xx_hal_dma.c ****       /* Update error code */
 794:Drivers/STM32F4xx_HAL_Driver/Src/stm32f4xx_hal_dma.c ****       hdma->ErrorCode |= HAL_DMA_ERROR_DME;
 795:Drivers/STM32F4xx_HAL_Driver/Src/stm32f4xx_hal_dma.c ****     }
 796:Drivers/STM32F4xx_HAL_Driver/Src/stm32f4xx_hal_dma.c ****   }
 797:Drivers/STM32F4xx_HAL_Driver/Src/stm32f4xx_hal_dma.c ****   /* Half Transfer Complete Interrupt management ******************************/
 798:Drivers/STM32F4xx_HAL_Driver/Src/stm32f4xx_hal_dma.c ****   if ((tmpisr & (DMA_FLAG_HTIF0_4 << hdma->StreamIndex)) != RESET)
 799:Drivers/STM32F4xx_HAL_Driver/Src/stm32f4xx_hal_dma.c ****   {
 800:Drivers/STM32F4xx_HAL_Driver/Src/stm32f4xx_hal_dma.c ****     if(__HAL_DMA_GET_IT_SOURCE(hdma, DMA_IT_HT) != RESET)
 801:Drivers/STM32F4xx_HAL_Driver/Src/stm32f4xx_hal_dma.c ****     {
 802:Drivers/STM32F4xx_HAL_Driver/Src/stm32f4xx_hal_dma.c ****       /* Clear the half transfer complete flag */
 803:Drivers/STM32F4xx_HAL_Driver/Src/stm32f4xx_hal_dma.c ****       regs->IFCR = DMA_FLAG_HTIF0_4 << hdma->StreamIndex;
 804:Drivers/STM32F4xx_HAL_Driver/Src/stm32f4xx_hal_dma.c ****       
 805:Drivers/STM32F4xx_HAL_Driver/Src/stm32f4xx_hal_dma.c ****       /* Multi_Buffering mode enabled */
 806:Drivers/STM32F4xx_HAL_Driver/Src/stm32f4xx_hal_dma.c ****       if(((hdma->Instance->CR) & (uint32_t)(DMA_SxCR_DBM)) != RESET)
 807:Drivers/STM32F4xx_HAL_Driver/Src/stm32f4xx_hal_dma.c ****       {
 808:Drivers/STM32F4xx_HAL_Driver/Src/stm32f4xx_hal_dma.c ****         /* Current memory buffer used is Memory 0 */
 809:Drivers/STM32F4xx_HAL_Driver/Src/stm32f4xx_hal_dma.c ****         if((hdma->Instance->CR & DMA_SxCR_CT) == RESET)
 810:Drivers/STM32F4xx_HAL_Driver/Src/stm32f4xx_hal_dma.c ****         {
 811:Drivers/STM32F4xx_HAL_Driver/Src/stm32f4xx_hal_dma.c ****           if(hdma->XferHalfCpltCallback != NULL)
 812:Drivers/STM32F4xx_HAL_Driver/Src/stm32f4xx_hal_dma.c ****           {
 813:Drivers/STM32F4xx_HAL_Driver/Src/stm32f4xx_hal_dma.c ****             /* Half transfer callback */
 814:Drivers/STM32F4xx_HAL_Driver/Src/stm32f4xx_hal_dma.c ****             hdma->XferHalfCpltCallback(hdma);
 815:Drivers/STM32F4xx_HAL_Driver/Src/stm32f4xx_hal_dma.c ****           }
 816:Drivers/STM32F4xx_HAL_Driver/Src/stm32f4xx_hal_dma.c ****         }
 817:Drivers/STM32F4xx_HAL_Driver/Src/stm32f4xx_hal_dma.c ****         /* Current memory buffer used is Memory 1 */
 818:Drivers/STM32F4xx_HAL_Driver/Src/stm32f4xx_hal_dma.c ****         else
 819:Drivers/STM32F4xx_HAL_Driver/Src/stm32f4xx_hal_dma.c ****         {
 820:Drivers/STM32F4xx_HAL_Driver/Src/stm32f4xx_hal_dma.c ****           if(hdma->XferM1HalfCpltCallback != NULL)
 821:Drivers/STM32F4xx_HAL_Driver/Src/stm32f4xx_hal_dma.c ****           {
 822:Drivers/STM32F4xx_HAL_Driver/Src/stm32f4xx_hal_dma.c ****             /* Half transfer callback */
 823:Drivers/STM32F4xx_HAL_Driver/Src/stm32f4xx_hal_dma.c ****             hdma->XferM1HalfCpltCallback(hdma);
 824:Drivers/STM32F4xx_HAL_Driver/Src/stm32f4xx_hal_dma.c ****           }
 825:Drivers/STM32F4xx_HAL_Driver/Src/stm32f4xx_hal_dma.c ****         }
 826:Drivers/STM32F4xx_HAL_Driver/Src/stm32f4xx_hal_dma.c ****       }
 827:Drivers/STM32F4xx_HAL_Driver/Src/stm32f4xx_hal_dma.c ****       else
 828:Drivers/STM32F4xx_HAL_Driver/Src/stm32f4xx_hal_dma.c ****       {
ARM GAS  /tmp/ccN3EVao.s 			page 16


 829:Drivers/STM32F4xx_HAL_Driver/Src/stm32f4xx_hal_dma.c ****         /* Disable the half transfer interrupt if the DMA mode is not CIRCULAR */
 830:Drivers/STM32F4xx_HAL_Driver/Src/stm32f4xx_hal_dma.c ****         if((hdma->Instance->CR & DMA_SxCR_CIRC) == RESET)
 831:Drivers/STM32F4xx_HAL_Driver/Src/stm32f4xx_hal_dma.c ****         {
 832:Drivers/STM32F4xx_HAL_Driver/Src/stm32f4xx_hal_dma.c ****           /* Disable the half transfer interrupt */
 833:Drivers/STM32F4xx_HAL_Driver/Src/stm32f4xx_hal_dma.c ****           hdma->Instance->CR  &= ~(DMA_IT_HT);
 834:Drivers/STM32F4xx_HAL_Driver/Src/stm32f4xx_hal_dma.c ****         }
 835:Drivers/STM32F4xx_HAL_Driver/Src/stm32f4xx_hal_dma.c ****         
 836:Drivers/STM32F4xx_HAL_Driver/Src/stm32f4xx_hal_dma.c ****         if(hdma->XferHalfCpltCallback != NULL)
 837:Drivers/STM32F4xx_HAL_Driver/Src/stm32f4xx_hal_dma.c ****         {
 838:Drivers/STM32F4xx_HAL_Driver/Src/stm32f4xx_hal_dma.c ****           /* Half transfer callback */
 839:Drivers/STM32F4xx_HAL_Driver/Src/stm32f4xx_hal_dma.c ****           hdma->XferHalfCpltCallback(hdma);
 840:Drivers/STM32F4xx_HAL_Driver/Src/stm32f4xx_hal_dma.c ****         }
 841:Drivers/STM32F4xx_HAL_Driver/Src/stm32f4xx_hal_dma.c ****       }
 842:Drivers/STM32F4xx_HAL_Driver/Src/stm32f4xx_hal_dma.c ****     }
 843:Drivers/STM32F4xx_HAL_Driver/Src/stm32f4xx_hal_dma.c ****   }
 844:Drivers/STM32F4xx_HAL_Driver/Src/stm32f4xx_hal_dma.c ****   /* Transfer Complete Interrupt management ***********************************/
 845:Drivers/STM32F4xx_HAL_Driver/Src/stm32f4xx_hal_dma.c ****   if ((tmpisr & (DMA_FLAG_TCIF0_4 << hdma->StreamIndex)) != RESET)
 846:Drivers/STM32F4xx_HAL_Driver/Src/stm32f4xx_hal_dma.c ****   {
 847:Drivers/STM32F4xx_HAL_Driver/Src/stm32f4xx_hal_dma.c ****     if(__HAL_DMA_GET_IT_SOURCE(hdma, DMA_IT_TC) != RESET)
 848:Drivers/STM32F4xx_HAL_Driver/Src/stm32f4xx_hal_dma.c ****     {
 849:Drivers/STM32F4xx_HAL_Driver/Src/stm32f4xx_hal_dma.c ****       /* Clear the transfer complete flag */
 850:Drivers/STM32F4xx_HAL_Driver/Src/stm32f4xx_hal_dma.c ****       regs->IFCR = DMA_FLAG_TCIF0_4 << hdma->StreamIndex;
 851:Drivers/STM32F4xx_HAL_Driver/Src/stm32f4xx_hal_dma.c ****       
 852:Drivers/STM32F4xx_HAL_Driver/Src/stm32f4xx_hal_dma.c ****       if(HAL_DMA_STATE_ABORT == hdma->State)
 853:Drivers/STM32F4xx_HAL_Driver/Src/stm32f4xx_hal_dma.c ****       {
 854:Drivers/STM32F4xx_HAL_Driver/Src/stm32f4xx_hal_dma.c ****         /* Disable all the transfer interrupts */
 855:Drivers/STM32F4xx_HAL_Driver/Src/stm32f4xx_hal_dma.c ****         hdma->Instance->CR  &= ~(DMA_IT_TC | DMA_IT_TE | DMA_IT_DME);
 856:Drivers/STM32F4xx_HAL_Driver/Src/stm32f4xx_hal_dma.c ****         hdma->Instance->FCR &= ~(DMA_IT_FE);
 857:Drivers/STM32F4xx_HAL_Driver/Src/stm32f4xx_hal_dma.c ****         
 858:Drivers/STM32F4xx_HAL_Driver/Src/stm32f4xx_hal_dma.c ****         if((hdma->XferHalfCpltCallback != NULL) || (hdma->XferM1HalfCpltCallback != NULL))
 859:Drivers/STM32F4xx_HAL_Driver/Src/stm32f4xx_hal_dma.c ****         {
 860:Drivers/STM32F4xx_HAL_Driver/Src/stm32f4xx_hal_dma.c ****           hdma->Instance->CR  &= ~(DMA_IT_HT);
 861:Drivers/STM32F4xx_HAL_Driver/Src/stm32f4xx_hal_dma.c ****         }
 862:Drivers/STM32F4xx_HAL_Driver/Src/stm32f4xx_hal_dma.c **** 
 863:Drivers/STM32F4xx_HAL_Driver/Src/stm32f4xx_hal_dma.c ****         /* Clear all interrupt flags at correct offset within the register */
 864:Drivers/STM32F4xx_HAL_Driver/Src/stm32f4xx_hal_dma.c ****         regs->IFCR = 0x3FU << hdma->StreamIndex;
 865:Drivers/STM32F4xx_HAL_Driver/Src/stm32f4xx_hal_dma.c **** 
 866:Drivers/STM32F4xx_HAL_Driver/Src/stm32f4xx_hal_dma.c ****         /* Change the DMA state */
 867:Drivers/STM32F4xx_HAL_Driver/Src/stm32f4xx_hal_dma.c ****         hdma->State = HAL_DMA_STATE_READY;
 868:Drivers/STM32F4xx_HAL_Driver/Src/stm32f4xx_hal_dma.c **** 
 869:Drivers/STM32F4xx_HAL_Driver/Src/stm32f4xx_hal_dma.c ****         /* Process Unlocked */
 870:Drivers/STM32F4xx_HAL_Driver/Src/stm32f4xx_hal_dma.c ****         __HAL_UNLOCK(hdma);
 871:Drivers/STM32F4xx_HAL_Driver/Src/stm32f4xx_hal_dma.c **** 
 872:Drivers/STM32F4xx_HAL_Driver/Src/stm32f4xx_hal_dma.c ****         if(hdma->XferAbortCallback != NULL)
 873:Drivers/STM32F4xx_HAL_Driver/Src/stm32f4xx_hal_dma.c ****         {
 874:Drivers/STM32F4xx_HAL_Driver/Src/stm32f4xx_hal_dma.c ****           hdma->XferAbortCallback(hdma);
 875:Drivers/STM32F4xx_HAL_Driver/Src/stm32f4xx_hal_dma.c ****         }
 876:Drivers/STM32F4xx_HAL_Driver/Src/stm32f4xx_hal_dma.c ****         return;
 877:Drivers/STM32F4xx_HAL_Driver/Src/stm32f4xx_hal_dma.c ****       }
 878:Drivers/STM32F4xx_HAL_Driver/Src/stm32f4xx_hal_dma.c **** 
 879:Drivers/STM32F4xx_HAL_Driver/Src/stm32f4xx_hal_dma.c ****       if(((hdma->Instance->CR) & (uint32_t)(DMA_SxCR_DBM)) != RESET)
 880:Drivers/STM32F4xx_HAL_Driver/Src/stm32f4xx_hal_dma.c ****       {
 881:Drivers/STM32F4xx_HAL_Driver/Src/stm32f4xx_hal_dma.c ****         /* Current memory buffer used is Memory 0 */
 882:Drivers/STM32F4xx_HAL_Driver/Src/stm32f4xx_hal_dma.c ****         if((hdma->Instance->CR & DMA_SxCR_CT) == RESET)
 883:Drivers/STM32F4xx_HAL_Driver/Src/stm32f4xx_hal_dma.c ****         {
 884:Drivers/STM32F4xx_HAL_Driver/Src/stm32f4xx_hal_dma.c ****           if(hdma->XferM1CpltCallback != NULL)
 885:Drivers/STM32F4xx_HAL_Driver/Src/stm32f4xx_hal_dma.c ****           {
ARM GAS  /tmp/ccN3EVao.s 			page 17


 886:Drivers/STM32F4xx_HAL_Driver/Src/stm32f4xx_hal_dma.c ****             /* Transfer complete Callback for memory1 */
 887:Drivers/STM32F4xx_HAL_Driver/Src/stm32f4xx_hal_dma.c ****             hdma->XferM1CpltCallback(hdma);
 888:Drivers/STM32F4xx_HAL_Driver/Src/stm32f4xx_hal_dma.c ****           }
 889:Drivers/STM32F4xx_HAL_Driver/Src/stm32f4xx_hal_dma.c ****         }
 890:Drivers/STM32F4xx_HAL_Driver/Src/stm32f4xx_hal_dma.c ****         /* Current memory buffer used is Memory 1 */
 891:Drivers/STM32F4xx_HAL_Driver/Src/stm32f4xx_hal_dma.c ****         else
 892:Drivers/STM32F4xx_HAL_Driver/Src/stm32f4xx_hal_dma.c ****         {
 893:Drivers/STM32F4xx_HAL_Driver/Src/stm32f4xx_hal_dma.c ****           if(hdma->XferCpltCallback != NULL)
 894:Drivers/STM32F4xx_HAL_Driver/Src/stm32f4xx_hal_dma.c ****           {
 895:Drivers/STM32F4xx_HAL_Driver/Src/stm32f4xx_hal_dma.c ****             /* Transfer complete Callback for memory0 */
 896:Drivers/STM32F4xx_HAL_Driver/Src/stm32f4xx_hal_dma.c ****             hdma->XferCpltCallback(hdma);
 897:Drivers/STM32F4xx_HAL_Driver/Src/stm32f4xx_hal_dma.c ****           }
 898:Drivers/STM32F4xx_HAL_Driver/Src/stm32f4xx_hal_dma.c ****         }
 899:Drivers/STM32F4xx_HAL_Driver/Src/stm32f4xx_hal_dma.c ****       }
 900:Drivers/STM32F4xx_HAL_Driver/Src/stm32f4xx_hal_dma.c ****       /* Disable the transfer complete interrupt if the DMA mode is not CIRCULAR */
 901:Drivers/STM32F4xx_HAL_Driver/Src/stm32f4xx_hal_dma.c ****       else
 902:Drivers/STM32F4xx_HAL_Driver/Src/stm32f4xx_hal_dma.c ****       {
 903:Drivers/STM32F4xx_HAL_Driver/Src/stm32f4xx_hal_dma.c ****         if((hdma->Instance->CR & DMA_SxCR_CIRC) == RESET)
 904:Drivers/STM32F4xx_HAL_Driver/Src/stm32f4xx_hal_dma.c ****         {
 905:Drivers/STM32F4xx_HAL_Driver/Src/stm32f4xx_hal_dma.c ****           /* Disable the transfer complete interrupt */
 906:Drivers/STM32F4xx_HAL_Driver/Src/stm32f4xx_hal_dma.c ****           hdma->Instance->CR  &= ~(DMA_IT_TC);
 907:Drivers/STM32F4xx_HAL_Driver/Src/stm32f4xx_hal_dma.c **** 
 908:Drivers/STM32F4xx_HAL_Driver/Src/stm32f4xx_hal_dma.c ****           /* Change the DMA state */
 909:Drivers/STM32F4xx_HAL_Driver/Src/stm32f4xx_hal_dma.c ****           hdma->State = HAL_DMA_STATE_READY;
 910:Drivers/STM32F4xx_HAL_Driver/Src/stm32f4xx_hal_dma.c **** 
 911:Drivers/STM32F4xx_HAL_Driver/Src/stm32f4xx_hal_dma.c ****           /* Process Unlocked */
 912:Drivers/STM32F4xx_HAL_Driver/Src/stm32f4xx_hal_dma.c ****           __HAL_UNLOCK(hdma);
 913:Drivers/STM32F4xx_HAL_Driver/Src/stm32f4xx_hal_dma.c ****         }
 914:Drivers/STM32F4xx_HAL_Driver/Src/stm32f4xx_hal_dma.c **** 
 915:Drivers/STM32F4xx_HAL_Driver/Src/stm32f4xx_hal_dma.c ****         if(hdma->XferCpltCallback != NULL)
 916:Drivers/STM32F4xx_HAL_Driver/Src/stm32f4xx_hal_dma.c ****         {
 917:Drivers/STM32F4xx_HAL_Driver/Src/stm32f4xx_hal_dma.c ****           /* Transfer complete callback */
 918:Drivers/STM32F4xx_HAL_Driver/Src/stm32f4xx_hal_dma.c ****           hdma->XferCpltCallback(hdma);
 919:Drivers/STM32F4xx_HAL_Driver/Src/stm32f4xx_hal_dma.c ****         }
 920:Drivers/STM32F4xx_HAL_Driver/Src/stm32f4xx_hal_dma.c ****       }
 921:Drivers/STM32F4xx_HAL_Driver/Src/stm32f4xx_hal_dma.c ****     }
 922:Drivers/STM32F4xx_HAL_Driver/Src/stm32f4xx_hal_dma.c ****   }
 923:Drivers/STM32F4xx_HAL_Driver/Src/stm32f4xx_hal_dma.c ****   
 924:Drivers/STM32F4xx_HAL_Driver/Src/stm32f4xx_hal_dma.c ****   /* manage error case */
 925:Drivers/STM32F4xx_HAL_Driver/Src/stm32f4xx_hal_dma.c ****   if(hdma->ErrorCode != HAL_DMA_ERROR_NONE)
 926:Drivers/STM32F4xx_HAL_Driver/Src/stm32f4xx_hal_dma.c ****   {
 927:Drivers/STM32F4xx_HAL_Driver/Src/stm32f4xx_hal_dma.c ****     if((hdma->ErrorCode & HAL_DMA_ERROR_TE) != RESET)
 928:Drivers/STM32F4xx_HAL_Driver/Src/stm32f4xx_hal_dma.c ****     {
 929:Drivers/STM32F4xx_HAL_Driver/Src/stm32f4xx_hal_dma.c ****       hdma->State = HAL_DMA_STATE_ABORT;
 930:Drivers/STM32F4xx_HAL_Driver/Src/stm32f4xx_hal_dma.c **** 
 931:Drivers/STM32F4xx_HAL_Driver/Src/stm32f4xx_hal_dma.c ****       /* Disable the stream */
 932:Drivers/STM32F4xx_HAL_Driver/Src/stm32f4xx_hal_dma.c ****       __HAL_DMA_DISABLE(hdma);
 933:Drivers/STM32F4xx_HAL_Driver/Src/stm32f4xx_hal_dma.c **** 
 934:Drivers/STM32F4xx_HAL_Driver/Src/stm32f4xx_hal_dma.c ****       do
 935:Drivers/STM32F4xx_HAL_Driver/Src/stm32f4xx_hal_dma.c ****       {
 936:Drivers/STM32F4xx_HAL_Driver/Src/stm32f4xx_hal_dma.c ****         if (++count > timeout)
 937:Drivers/STM32F4xx_HAL_Driver/Src/stm32f4xx_hal_dma.c ****         {
 938:Drivers/STM32F4xx_HAL_Driver/Src/stm32f4xx_hal_dma.c ****           break;
 939:Drivers/STM32F4xx_HAL_Driver/Src/stm32f4xx_hal_dma.c ****         }
 940:Drivers/STM32F4xx_HAL_Driver/Src/stm32f4xx_hal_dma.c ****       }
 941:Drivers/STM32F4xx_HAL_Driver/Src/stm32f4xx_hal_dma.c ****       while((hdma->Instance->CR & DMA_SxCR_EN) != RESET);
 942:Drivers/STM32F4xx_HAL_Driver/Src/stm32f4xx_hal_dma.c **** 
ARM GAS  /tmp/ccN3EVao.s 			page 18


 943:Drivers/STM32F4xx_HAL_Driver/Src/stm32f4xx_hal_dma.c ****       /* Change the DMA state */
 944:Drivers/STM32F4xx_HAL_Driver/Src/stm32f4xx_hal_dma.c ****       hdma->State = HAL_DMA_STATE_READY;
 945:Drivers/STM32F4xx_HAL_Driver/Src/stm32f4xx_hal_dma.c **** 
 946:Drivers/STM32F4xx_HAL_Driver/Src/stm32f4xx_hal_dma.c ****       /* Process Unlocked */
 947:Drivers/STM32F4xx_HAL_Driver/Src/stm32f4xx_hal_dma.c ****       __HAL_UNLOCK(hdma);
 948:Drivers/STM32F4xx_HAL_Driver/Src/stm32f4xx_hal_dma.c ****     }
 949:Drivers/STM32F4xx_HAL_Driver/Src/stm32f4xx_hal_dma.c **** 
 950:Drivers/STM32F4xx_HAL_Driver/Src/stm32f4xx_hal_dma.c ****     if(hdma->XferErrorCallback != NULL)
 951:Drivers/STM32F4xx_HAL_Driver/Src/stm32f4xx_hal_dma.c ****     {
 952:Drivers/STM32F4xx_HAL_Driver/Src/stm32f4xx_hal_dma.c ****       /* Transfer error callback */
 953:Drivers/STM32F4xx_HAL_Driver/Src/stm32f4xx_hal_dma.c ****       hdma->XferErrorCallback(hdma);
 954:Drivers/STM32F4xx_HAL_Driver/Src/stm32f4xx_hal_dma.c ****     }
 955:Drivers/STM32F4xx_HAL_Driver/Src/stm32f4xx_hal_dma.c ****   }
 956:Drivers/STM32F4xx_HAL_Driver/Src/stm32f4xx_hal_dma.c **** }
 957:Drivers/STM32F4xx_HAL_Driver/Src/stm32f4xx_hal_dma.c **** 
 958:Drivers/STM32F4xx_HAL_Driver/Src/stm32f4xx_hal_dma.c **** /**
 959:Drivers/STM32F4xx_HAL_Driver/Src/stm32f4xx_hal_dma.c ****   * @brief  Register callbacks
 960:Drivers/STM32F4xx_HAL_Driver/Src/stm32f4xx_hal_dma.c ****   * @param  hdma                 pointer to a DMA_HandleTypeDef structure that contains
 961:Drivers/STM32F4xx_HAL_Driver/Src/stm32f4xx_hal_dma.c ****   *                               the configuration information for the specified DMA Stream.
 962:Drivers/STM32F4xx_HAL_Driver/Src/stm32f4xx_hal_dma.c ****   * @param  CallbackID           User Callback identifer
 963:Drivers/STM32F4xx_HAL_Driver/Src/stm32f4xx_hal_dma.c ****   *                               a DMA_HandleTypeDef structure as parameter.
 964:Drivers/STM32F4xx_HAL_Driver/Src/stm32f4xx_hal_dma.c ****   * @param  pCallback            pointer to private callbacsk function which has pointer to 
 965:Drivers/STM32F4xx_HAL_Driver/Src/stm32f4xx_hal_dma.c ****   *                               a DMA_HandleTypeDef structure as parameter.
 966:Drivers/STM32F4xx_HAL_Driver/Src/stm32f4xx_hal_dma.c ****   * @retval HAL status
 967:Drivers/STM32F4xx_HAL_Driver/Src/stm32f4xx_hal_dma.c ****   */                      
 968:Drivers/STM32F4xx_HAL_Driver/Src/stm32f4xx_hal_dma.c **** HAL_StatusTypeDef HAL_DMA_RegisterCallback(DMA_HandleTypeDef *hdma, HAL_DMA_CallbackIDTypeDef Callb
 969:Drivers/STM32F4xx_HAL_Driver/Src/stm32f4xx_hal_dma.c **** {
 970:Drivers/STM32F4xx_HAL_Driver/Src/stm32f4xx_hal_dma.c **** 
 971:Drivers/STM32F4xx_HAL_Driver/Src/stm32f4xx_hal_dma.c ****   HAL_StatusTypeDef status = HAL_OK;
 972:Drivers/STM32F4xx_HAL_Driver/Src/stm32f4xx_hal_dma.c **** 
 973:Drivers/STM32F4xx_HAL_Driver/Src/stm32f4xx_hal_dma.c ****   /* Process locked */
 974:Drivers/STM32F4xx_HAL_Driver/Src/stm32f4xx_hal_dma.c ****   __HAL_LOCK(hdma);
 975:Drivers/STM32F4xx_HAL_Driver/Src/stm32f4xx_hal_dma.c **** 
 976:Drivers/STM32F4xx_HAL_Driver/Src/stm32f4xx_hal_dma.c ****   if(HAL_DMA_STATE_READY == hdma->State)
 977:Drivers/STM32F4xx_HAL_Driver/Src/stm32f4xx_hal_dma.c ****   {
 978:Drivers/STM32F4xx_HAL_Driver/Src/stm32f4xx_hal_dma.c ****     switch (CallbackID)
 979:Drivers/STM32F4xx_HAL_Driver/Src/stm32f4xx_hal_dma.c ****     {
 980:Drivers/STM32F4xx_HAL_Driver/Src/stm32f4xx_hal_dma.c ****     case  HAL_DMA_XFER_CPLT_CB_ID:
 981:Drivers/STM32F4xx_HAL_Driver/Src/stm32f4xx_hal_dma.c ****       hdma->XferCpltCallback = pCallback;
 982:Drivers/STM32F4xx_HAL_Driver/Src/stm32f4xx_hal_dma.c ****       break;
 983:Drivers/STM32F4xx_HAL_Driver/Src/stm32f4xx_hal_dma.c **** 
 984:Drivers/STM32F4xx_HAL_Driver/Src/stm32f4xx_hal_dma.c ****     case  HAL_DMA_XFER_HALFCPLT_CB_ID:
 985:Drivers/STM32F4xx_HAL_Driver/Src/stm32f4xx_hal_dma.c ****       hdma->XferHalfCpltCallback = pCallback;
 986:Drivers/STM32F4xx_HAL_Driver/Src/stm32f4xx_hal_dma.c ****       break;
 987:Drivers/STM32F4xx_HAL_Driver/Src/stm32f4xx_hal_dma.c **** 
 988:Drivers/STM32F4xx_HAL_Driver/Src/stm32f4xx_hal_dma.c ****     case  HAL_DMA_XFER_M1CPLT_CB_ID:
 989:Drivers/STM32F4xx_HAL_Driver/Src/stm32f4xx_hal_dma.c ****       hdma->XferM1CpltCallback = pCallback;
 990:Drivers/STM32F4xx_HAL_Driver/Src/stm32f4xx_hal_dma.c ****       break;
 991:Drivers/STM32F4xx_HAL_Driver/Src/stm32f4xx_hal_dma.c **** 
 992:Drivers/STM32F4xx_HAL_Driver/Src/stm32f4xx_hal_dma.c ****     case  HAL_DMA_XFER_M1HALFCPLT_CB_ID:
 993:Drivers/STM32F4xx_HAL_Driver/Src/stm32f4xx_hal_dma.c ****       hdma->XferM1HalfCpltCallback = pCallback;
 994:Drivers/STM32F4xx_HAL_Driver/Src/stm32f4xx_hal_dma.c ****       break;
 995:Drivers/STM32F4xx_HAL_Driver/Src/stm32f4xx_hal_dma.c **** 
 996:Drivers/STM32F4xx_HAL_Driver/Src/stm32f4xx_hal_dma.c ****     case  HAL_DMA_XFER_ERROR_CB_ID:
 997:Drivers/STM32F4xx_HAL_Driver/Src/stm32f4xx_hal_dma.c ****       hdma->XferErrorCallback = pCallback;
 998:Drivers/STM32F4xx_HAL_Driver/Src/stm32f4xx_hal_dma.c ****       break;
 999:Drivers/STM32F4xx_HAL_Driver/Src/stm32f4xx_hal_dma.c **** 
ARM GAS  /tmp/ccN3EVao.s 			page 19


1000:Drivers/STM32F4xx_HAL_Driver/Src/stm32f4xx_hal_dma.c ****     case  HAL_DMA_XFER_ABORT_CB_ID:
1001:Drivers/STM32F4xx_HAL_Driver/Src/stm32f4xx_hal_dma.c ****       hdma->XferAbortCallback = pCallback;
1002:Drivers/STM32F4xx_HAL_Driver/Src/stm32f4xx_hal_dma.c ****       break;
1003:Drivers/STM32F4xx_HAL_Driver/Src/stm32f4xx_hal_dma.c **** 
1004:Drivers/STM32F4xx_HAL_Driver/Src/stm32f4xx_hal_dma.c ****     default:
1005:Drivers/STM32F4xx_HAL_Driver/Src/stm32f4xx_hal_dma.c ****       break;
1006:Drivers/STM32F4xx_HAL_Driver/Src/stm32f4xx_hal_dma.c ****     }
1007:Drivers/STM32F4xx_HAL_Driver/Src/stm32f4xx_hal_dma.c ****   }
1008:Drivers/STM32F4xx_HAL_Driver/Src/stm32f4xx_hal_dma.c ****   else
1009:Drivers/STM32F4xx_HAL_Driver/Src/stm32f4xx_hal_dma.c ****   {
1010:Drivers/STM32F4xx_HAL_Driver/Src/stm32f4xx_hal_dma.c ****     /* Return error status */
1011:Drivers/STM32F4xx_HAL_Driver/Src/stm32f4xx_hal_dma.c ****     status =  HAL_ERROR;
1012:Drivers/STM32F4xx_HAL_Driver/Src/stm32f4xx_hal_dma.c ****   }
1013:Drivers/STM32F4xx_HAL_Driver/Src/stm32f4xx_hal_dma.c **** 
1014:Drivers/STM32F4xx_HAL_Driver/Src/stm32f4xx_hal_dma.c ****   /* Release Lock */
1015:Drivers/STM32F4xx_HAL_Driver/Src/stm32f4xx_hal_dma.c ****   __HAL_UNLOCK(hdma);
1016:Drivers/STM32F4xx_HAL_Driver/Src/stm32f4xx_hal_dma.c ****   
1017:Drivers/STM32F4xx_HAL_Driver/Src/stm32f4xx_hal_dma.c ****   return status;
1018:Drivers/STM32F4xx_HAL_Driver/Src/stm32f4xx_hal_dma.c **** }
1019:Drivers/STM32F4xx_HAL_Driver/Src/stm32f4xx_hal_dma.c **** 
1020:Drivers/STM32F4xx_HAL_Driver/Src/stm32f4xx_hal_dma.c **** /**
1021:Drivers/STM32F4xx_HAL_Driver/Src/stm32f4xx_hal_dma.c ****   * @brief  UnRegister callbacks
1022:Drivers/STM32F4xx_HAL_Driver/Src/stm32f4xx_hal_dma.c ****   * @param  hdma                 pointer to a DMA_HandleTypeDef structure that contains
1023:Drivers/STM32F4xx_HAL_Driver/Src/stm32f4xx_hal_dma.c ****   *                               the configuration information for the specified DMA Stream.
1024:Drivers/STM32F4xx_HAL_Driver/Src/stm32f4xx_hal_dma.c ****   * @param  CallbackID           User Callback identifer
1025:Drivers/STM32F4xx_HAL_Driver/Src/stm32f4xx_hal_dma.c ****   *                               a HAL_DMA_CallbackIDTypeDef ENUM as parameter.
1026:Drivers/STM32F4xx_HAL_Driver/Src/stm32f4xx_hal_dma.c ****   * @retval HAL status
1027:Drivers/STM32F4xx_HAL_Driver/Src/stm32f4xx_hal_dma.c ****   */              
1028:Drivers/STM32F4xx_HAL_Driver/Src/stm32f4xx_hal_dma.c **** HAL_StatusTypeDef HAL_DMA_UnRegisterCallback(DMA_HandleTypeDef *hdma, HAL_DMA_CallbackIDTypeDef Cal
1029:Drivers/STM32F4xx_HAL_Driver/Src/stm32f4xx_hal_dma.c **** {
1030:Drivers/STM32F4xx_HAL_Driver/Src/stm32f4xx_hal_dma.c ****   HAL_StatusTypeDef status = HAL_OK;
1031:Drivers/STM32F4xx_HAL_Driver/Src/stm32f4xx_hal_dma.c ****   
1032:Drivers/STM32F4xx_HAL_Driver/Src/stm32f4xx_hal_dma.c ****   /* Process locked */
1033:Drivers/STM32F4xx_HAL_Driver/Src/stm32f4xx_hal_dma.c ****   __HAL_LOCK(hdma);
1034:Drivers/STM32F4xx_HAL_Driver/Src/stm32f4xx_hal_dma.c ****   
1035:Drivers/STM32F4xx_HAL_Driver/Src/stm32f4xx_hal_dma.c ****   if(HAL_DMA_STATE_READY == hdma->State)
1036:Drivers/STM32F4xx_HAL_Driver/Src/stm32f4xx_hal_dma.c ****   {
1037:Drivers/STM32F4xx_HAL_Driver/Src/stm32f4xx_hal_dma.c ****     switch (CallbackID)
1038:Drivers/STM32F4xx_HAL_Driver/Src/stm32f4xx_hal_dma.c ****     {
1039:Drivers/STM32F4xx_HAL_Driver/Src/stm32f4xx_hal_dma.c ****     case  HAL_DMA_XFER_CPLT_CB_ID:
1040:Drivers/STM32F4xx_HAL_Driver/Src/stm32f4xx_hal_dma.c ****       hdma->XferCpltCallback = NULL;
1041:Drivers/STM32F4xx_HAL_Driver/Src/stm32f4xx_hal_dma.c ****       break;
1042:Drivers/STM32F4xx_HAL_Driver/Src/stm32f4xx_hal_dma.c ****       
1043:Drivers/STM32F4xx_HAL_Driver/Src/stm32f4xx_hal_dma.c ****     case  HAL_DMA_XFER_HALFCPLT_CB_ID:
1044:Drivers/STM32F4xx_HAL_Driver/Src/stm32f4xx_hal_dma.c ****       hdma->XferHalfCpltCallback = NULL;
1045:Drivers/STM32F4xx_HAL_Driver/Src/stm32f4xx_hal_dma.c ****       break;
1046:Drivers/STM32F4xx_HAL_Driver/Src/stm32f4xx_hal_dma.c ****       
1047:Drivers/STM32F4xx_HAL_Driver/Src/stm32f4xx_hal_dma.c ****     case  HAL_DMA_XFER_M1CPLT_CB_ID:
1048:Drivers/STM32F4xx_HAL_Driver/Src/stm32f4xx_hal_dma.c ****       hdma->XferM1CpltCallback = NULL;
1049:Drivers/STM32F4xx_HAL_Driver/Src/stm32f4xx_hal_dma.c ****       break;
1050:Drivers/STM32F4xx_HAL_Driver/Src/stm32f4xx_hal_dma.c ****       
1051:Drivers/STM32F4xx_HAL_Driver/Src/stm32f4xx_hal_dma.c ****     case  HAL_DMA_XFER_M1HALFCPLT_CB_ID:
1052:Drivers/STM32F4xx_HAL_Driver/Src/stm32f4xx_hal_dma.c ****       hdma->XferM1HalfCpltCallback = NULL;
1053:Drivers/STM32F4xx_HAL_Driver/Src/stm32f4xx_hal_dma.c ****       break;
1054:Drivers/STM32F4xx_HAL_Driver/Src/stm32f4xx_hal_dma.c ****       
1055:Drivers/STM32F4xx_HAL_Driver/Src/stm32f4xx_hal_dma.c ****     case  HAL_DMA_XFER_ERROR_CB_ID:
1056:Drivers/STM32F4xx_HAL_Driver/Src/stm32f4xx_hal_dma.c ****       hdma->XferErrorCallback = NULL;
ARM GAS  /tmp/ccN3EVao.s 			page 20


1057:Drivers/STM32F4xx_HAL_Driver/Src/stm32f4xx_hal_dma.c ****       break;
1058:Drivers/STM32F4xx_HAL_Driver/Src/stm32f4xx_hal_dma.c ****       
1059:Drivers/STM32F4xx_HAL_Driver/Src/stm32f4xx_hal_dma.c ****     case  HAL_DMA_XFER_ABORT_CB_ID:
1060:Drivers/STM32F4xx_HAL_Driver/Src/stm32f4xx_hal_dma.c ****       hdma->XferAbortCallback = NULL;
1061:Drivers/STM32F4xx_HAL_Driver/Src/stm32f4xx_hal_dma.c ****       break; 
1062:Drivers/STM32F4xx_HAL_Driver/Src/stm32f4xx_hal_dma.c ****       
1063:Drivers/STM32F4xx_HAL_Driver/Src/stm32f4xx_hal_dma.c ****     case   HAL_DMA_XFER_ALL_CB_ID:
1064:Drivers/STM32F4xx_HAL_Driver/Src/stm32f4xx_hal_dma.c ****       hdma->XferCpltCallback = NULL;
1065:Drivers/STM32F4xx_HAL_Driver/Src/stm32f4xx_hal_dma.c ****       hdma->XferHalfCpltCallback = NULL;
1066:Drivers/STM32F4xx_HAL_Driver/Src/stm32f4xx_hal_dma.c ****       hdma->XferM1CpltCallback = NULL;
1067:Drivers/STM32F4xx_HAL_Driver/Src/stm32f4xx_hal_dma.c ****       hdma->XferM1HalfCpltCallback = NULL;
1068:Drivers/STM32F4xx_HAL_Driver/Src/stm32f4xx_hal_dma.c ****       hdma->XferErrorCallback = NULL;
1069:Drivers/STM32F4xx_HAL_Driver/Src/stm32f4xx_hal_dma.c ****       hdma->XferAbortCallback = NULL;
1070:Drivers/STM32F4xx_HAL_Driver/Src/stm32f4xx_hal_dma.c ****       break; 
1071:Drivers/STM32F4xx_HAL_Driver/Src/stm32f4xx_hal_dma.c ****       
1072:Drivers/STM32F4xx_HAL_Driver/Src/stm32f4xx_hal_dma.c ****     default:
1073:Drivers/STM32F4xx_HAL_Driver/Src/stm32f4xx_hal_dma.c ****       status = HAL_ERROR;
1074:Drivers/STM32F4xx_HAL_Driver/Src/stm32f4xx_hal_dma.c ****       break;
1075:Drivers/STM32F4xx_HAL_Driver/Src/stm32f4xx_hal_dma.c ****     }
1076:Drivers/STM32F4xx_HAL_Driver/Src/stm32f4xx_hal_dma.c ****   }
1077:Drivers/STM32F4xx_HAL_Driver/Src/stm32f4xx_hal_dma.c ****   else
1078:Drivers/STM32F4xx_HAL_Driver/Src/stm32f4xx_hal_dma.c ****   {
1079:Drivers/STM32F4xx_HAL_Driver/Src/stm32f4xx_hal_dma.c ****     status = HAL_ERROR;
1080:Drivers/STM32F4xx_HAL_Driver/Src/stm32f4xx_hal_dma.c ****   }
1081:Drivers/STM32F4xx_HAL_Driver/Src/stm32f4xx_hal_dma.c ****   
1082:Drivers/STM32F4xx_HAL_Driver/Src/stm32f4xx_hal_dma.c ****   /* Release Lock */
1083:Drivers/STM32F4xx_HAL_Driver/Src/stm32f4xx_hal_dma.c ****   __HAL_UNLOCK(hdma);
1084:Drivers/STM32F4xx_HAL_Driver/Src/stm32f4xx_hal_dma.c ****   
1085:Drivers/STM32F4xx_HAL_Driver/Src/stm32f4xx_hal_dma.c ****   return status;
1086:Drivers/STM32F4xx_HAL_Driver/Src/stm32f4xx_hal_dma.c **** }
1087:Drivers/STM32F4xx_HAL_Driver/Src/stm32f4xx_hal_dma.c **** 
1088:Drivers/STM32F4xx_HAL_Driver/Src/stm32f4xx_hal_dma.c **** /**
1089:Drivers/STM32F4xx_HAL_Driver/Src/stm32f4xx_hal_dma.c ****   * @}
1090:Drivers/STM32F4xx_HAL_Driver/Src/stm32f4xx_hal_dma.c ****   */
1091:Drivers/STM32F4xx_HAL_Driver/Src/stm32f4xx_hal_dma.c **** 
1092:Drivers/STM32F4xx_HAL_Driver/Src/stm32f4xx_hal_dma.c **** /** @addtogroup DMA_Exported_Functions_Group3
1093:Drivers/STM32F4xx_HAL_Driver/Src/stm32f4xx_hal_dma.c ****   *
1094:Drivers/STM32F4xx_HAL_Driver/Src/stm32f4xx_hal_dma.c **** @verbatim
1095:Drivers/STM32F4xx_HAL_Driver/Src/stm32f4xx_hal_dma.c ****  ===============================================================================
1096:Drivers/STM32F4xx_HAL_Driver/Src/stm32f4xx_hal_dma.c ****                     ##### State and Errors functions #####
1097:Drivers/STM32F4xx_HAL_Driver/Src/stm32f4xx_hal_dma.c ****  ===============================================================================
1098:Drivers/STM32F4xx_HAL_Driver/Src/stm32f4xx_hal_dma.c ****     [..]
1099:Drivers/STM32F4xx_HAL_Driver/Src/stm32f4xx_hal_dma.c ****     This subsection provides functions allowing to
1100:Drivers/STM32F4xx_HAL_Driver/Src/stm32f4xx_hal_dma.c ****       (+) Check the DMA state
1101:Drivers/STM32F4xx_HAL_Driver/Src/stm32f4xx_hal_dma.c ****       (+) Get error code
1102:Drivers/STM32F4xx_HAL_Driver/Src/stm32f4xx_hal_dma.c **** 
1103:Drivers/STM32F4xx_HAL_Driver/Src/stm32f4xx_hal_dma.c **** @endverbatim
1104:Drivers/STM32F4xx_HAL_Driver/Src/stm32f4xx_hal_dma.c ****   * @{
1105:Drivers/STM32F4xx_HAL_Driver/Src/stm32f4xx_hal_dma.c ****   */
1106:Drivers/STM32F4xx_HAL_Driver/Src/stm32f4xx_hal_dma.c **** 
1107:Drivers/STM32F4xx_HAL_Driver/Src/stm32f4xx_hal_dma.c **** /**
1108:Drivers/STM32F4xx_HAL_Driver/Src/stm32f4xx_hal_dma.c ****   * @brief  Returns the DMA state.
1109:Drivers/STM32F4xx_HAL_Driver/Src/stm32f4xx_hal_dma.c ****   * @param  hdma pointer to a DMA_HandleTypeDef structure that contains
1110:Drivers/STM32F4xx_HAL_Driver/Src/stm32f4xx_hal_dma.c ****   *               the configuration information for the specified DMA Stream.
1111:Drivers/STM32F4xx_HAL_Driver/Src/stm32f4xx_hal_dma.c ****   * @retval HAL state
1112:Drivers/STM32F4xx_HAL_Driver/Src/stm32f4xx_hal_dma.c ****   */
1113:Drivers/STM32F4xx_HAL_Driver/Src/stm32f4xx_hal_dma.c **** HAL_DMA_StateTypeDef HAL_DMA_GetState(DMA_HandleTypeDef *hdma)
ARM GAS  /tmp/ccN3EVao.s 			page 21


1114:Drivers/STM32F4xx_HAL_Driver/Src/stm32f4xx_hal_dma.c **** {
1115:Drivers/STM32F4xx_HAL_Driver/Src/stm32f4xx_hal_dma.c ****   return hdma->State;
1116:Drivers/STM32F4xx_HAL_Driver/Src/stm32f4xx_hal_dma.c **** }
1117:Drivers/STM32F4xx_HAL_Driver/Src/stm32f4xx_hal_dma.c **** 
1118:Drivers/STM32F4xx_HAL_Driver/Src/stm32f4xx_hal_dma.c **** /**
1119:Drivers/STM32F4xx_HAL_Driver/Src/stm32f4xx_hal_dma.c ****   * @brief  Return the DMA error code
1120:Drivers/STM32F4xx_HAL_Driver/Src/stm32f4xx_hal_dma.c ****   * @param  hdma  pointer to a DMA_HandleTypeDef structure that contains
1121:Drivers/STM32F4xx_HAL_Driver/Src/stm32f4xx_hal_dma.c ****   *              the configuration information for the specified DMA Stream.
1122:Drivers/STM32F4xx_HAL_Driver/Src/stm32f4xx_hal_dma.c ****   * @retval DMA Error Code
1123:Drivers/STM32F4xx_HAL_Driver/Src/stm32f4xx_hal_dma.c ****   */
1124:Drivers/STM32F4xx_HAL_Driver/Src/stm32f4xx_hal_dma.c **** uint32_t HAL_DMA_GetError(DMA_HandleTypeDef *hdma)
1125:Drivers/STM32F4xx_HAL_Driver/Src/stm32f4xx_hal_dma.c **** {
1126:Drivers/STM32F4xx_HAL_Driver/Src/stm32f4xx_hal_dma.c ****   return hdma->ErrorCode;
1127:Drivers/STM32F4xx_HAL_Driver/Src/stm32f4xx_hal_dma.c **** }
1128:Drivers/STM32F4xx_HAL_Driver/Src/stm32f4xx_hal_dma.c **** 
1129:Drivers/STM32F4xx_HAL_Driver/Src/stm32f4xx_hal_dma.c **** /**
1130:Drivers/STM32F4xx_HAL_Driver/Src/stm32f4xx_hal_dma.c ****   * @}
1131:Drivers/STM32F4xx_HAL_Driver/Src/stm32f4xx_hal_dma.c ****   */
1132:Drivers/STM32F4xx_HAL_Driver/Src/stm32f4xx_hal_dma.c **** 
1133:Drivers/STM32F4xx_HAL_Driver/Src/stm32f4xx_hal_dma.c **** /**
1134:Drivers/STM32F4xx_HAL_Driver/Src/stm32f4xx_hal_dma.c ****   * @}
1135:Drivers/STM32F4xx_HAL_Driver/Src/stm32f4xx_hal_dma.c ****   */
1136:Drivers/STM32F4xx_HAL_Driver/Src/stm32f4xx_hal_dma.c **** 
1137:Drivers/STM32F4xx_HAL_Driver/Src/stm32f4xx_hal_dma.c **** /** @addtogroup DMA_Private_Functions
1138:Drivers/STM32F4xx_HAL_Driver/Src/stm32f4xx_hal_dma.c ****   * @{
1139:Drivers/STM32F4xx_HAL_Driver/Src/stm32f4xx_hal_dma.c ****   */
1140:Drivers/STM32F4xx_HAL_Driver/Src/stm32f4xx_hal_dma.c **** 
1141:Drivers/STM32F4xx_HAL_Driver/Src/stm32f4xx_hal_dma.c **** /**
1142:Drivers/STM32F4xx_HAL_Driver/Src/stm32f4xx_hal_dma.c ****   * @brief  Sets the DMA Transfer parameter.
1143:Drivers/STM32F4xx_HAL_Driver/Src/stm32f4xx_hal_dma.c ****   * @param  hdma       pointer to a DMA_HandleTypeDef structure that contains
1144:Drivers/STM32F4xx_HAL_Driver/Src/stm32f4xx_hal_dma.c ****   *                     the configuration information for the specified DMA Stream.
1145:Drivers/STM32F4xx_HAL_Driver/Src/stm32f4xx_hal_dma.c ****   * @param  SrcAddress The source memory Buffer address
1146:Drivers/STM32F4xx_HAL_Driver/Src/stm32f4xx_hal_dma.c ****   * @param  DstAddress The destination memory Buffer address
1147:Drivers/STM32F4xx_HAL_Driver/Src/stm32f4xx_hal_dma.c ****   * @param  DataLength The length of data to be transferred from source to destination
1148:Drivers/STM32F4xx_HAL_Driver/Src/stm32f4xx_hal_dma.c ****   * @retval HAL status
1149:Drivers/STM32F4xx_HAL_Driver/Src/stm32f4xx_hal_dma.c ****   */
1150:Drivers/STM32F4xx_HAL_Driver/Src/stm32f4xx_hal_dma.c **** static void DMA_SetConfig(DMA_HandleTypeDef *hdma, uint32_t SrcAddress, uint32_t DstAddress, uint32
1151:Drivers/STM32F4xx_HAL_Driver/Src/stm32f4xx_hal_dma.c **** {
  29              		.loc 1 1151 1 view -0
  30              		.cfi_startproc
  31              		@ args = 0, pretend = 0, frame = 0
  32              		@ frame_needed = 0, uses_anonymous_args = 0
  33              		@ link register save eliminated.
  34              		.loc 1 1151 1 is_stmt 0 view .LVU1
  35 0000 30B4     		push	{r4, r5}
  36              		.cfi_def_cfa_offset 8
  37              		.cfi_offset 4, -8
  38              		.cfi_offset 5, -4
1152:Drivers/STM32F4xx_HAL_Driver/Src/stm32f4xx_hal_dma.c ****   /* Clear DBM bit */
1153:Drivers/STM32F4xx_HAL_Driver/Src/stm32f4xx_hal_dma.c ****   hdma->Instance->CR &= (uint32_t)(~DMA_SxCR_DBM);
  39              		.loc 1 1153 3 is_stmt 1 view .LVU2
  40              		.loc 1 1153 7 is_stmt 0 view .LVU3
  41 0002 0568     		ldr	r5, [r0]
  42              		.loc 1 1153 17 view .LVU4
  43 0004 2C68     		ldr	r4, [r5]
  44              		.loc 1 1153 22 view .LVU5
  45 0006 24F48024 		bic	r4, r4, #262144
ARM GAS  /tmp/ccN3EVao.s 			page 22


  46 000a 2C60     		str	r4, [r5]
1154:Drivers/STM32F4xx_HAL_Driver/Src/stm32f4xx_hal_dma.c **** 
1155:Drivers/STM32F4xx_HAL_Driver/Src/stm32f4xx_hal_dma.c ****   /* Configure DMA Stream data length */
1156:Drivers/STM32F4xx_HAL_Driver/Src/stm32f4xx_hal_dma.c ****   hdma->Instance->NDTR = DataLength;
  47              		.loc 1 1156 3 is_stmt 1 view .LVU6
  48              		.loc 1 1156 7 is_stmt 0 view .LVU7
  49 000c 0468     		ldr	r4, [r0]
  50              		.loc 1 1156 24 view .LVU8
  51 000e 6360     		str	r3, [r4, #4]
1157:Drivers/STM32F4xx_HAL_Driver/Src/stm32f4xx_hal_dma.c **** 
1158:Drivers/STM32F4xx_HAL_Driver/Src/stm32f4xx_hal_dma.c ****   /* Memory to Peripheral */
1159:Drivers/STM32F4xx_HAL_Driver/Src/stm32f4xx_hal_dma.c ****   if((hdma->Init.Direction) == DMA_MEMORY_TO_PERIPH)
  52              		.loc 1 1159 3 is_stmt 1 view .LVU9
  53              		.loc 1 1159 17 is_stmt 0 view .LVU10
  54 0010 8368     		ldr	r3, [r0, #8]
  55              	.LVL1:
  56              		.loc 1 1159 5 view .LVU11
  57 0012 402B     		cmp	r3, #64
  58 0014 05D0     		beq	.L5
1160:Drivers/STM32F4xx_HAL_Driver/Src/stm32f4xx_hal_dma.c ****   {
1161:Drivers/STM32F4xx_HAL_Driver/Src/stm32f4xx_hal_dma.c ****     /* Configure DMA Stream destination address */
1162:Drivers/STM32F4xx_HAL_Driver/Src/stm32f4xx_hal_dma.c ****     hdma->Instance->PAR = DstAddress;
1163:Drivers/STM32F4xx_HAL_Driver/Src/stm32f4xx_hal_dma.c **** 
1164:Drivers/STM32F4xx_HAL_Driver/Src/stm32f4xx_hal_dma.c ****     /* Configure DMA Stream source address */
1165:Drivers/STM32F4xx_HAL_Driver/Src/stm32f4xx_hal_dma.c ****     hdma->Instance->M0AR = SrcAddress;
1166:Drivers/STM32F4xx_HAL_Driver/Src/stm32f4xx_hal_dma.c ****   }
1167:Drivers/STM32F4xx_HAL_Driver/Src/stm32f4xx_hal_dma.c ****   /* Peripheral to Memory */
1168:Drivers/STM32F4xx_HAL_Driver/Src/stm32f4xx_hal_dma.c ****   else
1169:Drivers/STM32F4xx_HAL_Driver/Src/stm32f4xx_hal_dma.c ****   {
1170:Drivers/STM32F4xx_HAL_Driver/Src/stm32f4xx_hal_dma.c ****     /* Configure DMA Stream source address */
1171:Drivers/STM32F4xx_HAL_Driver/Src/stm32f4xx_hal_dma.c ****     hdma->Instance->PAR = SrcAddress;
  59              		.loc 1 1171 5 is_stmt 1 view .LVU12
  60              		.loc 1 1171 9 is_stmt 0 view .LVU13
  61 0016 0368     		ldr	r3, [r0]
  62              		.loc 1 1171 25 view .LVU14
  63 0018 9960     		str	r1, [r3, #8]
  64              	.LVL2:
1172:Drivers/STM32F4xx_HAL_Driver/Src/stm32f4xx_hal_dma.c **** 
1173:Drivers/STM32F4xx_HAL_Driver/Src/stm32f4xx_hal_dma.c ****     /* Configure DMA Stream destination address */
1174:Drivers/STM32F4xx_HAL_Driver/Src/stm32f4xx_hal_dma.c ****     hdma->Instance->M0AR = DstAddress;
  65              		.loc 1 1174 5 is_stmt 1 view .LVU15
  66              		.loc 1 1174 9 is_stmt 0 view .LVU16
  67 001a 0368     		ldr	r3, [r0]
  68              		.loc 1 1174 26 view .LVU17
  69 001c DA60     		str	r2, [r3, #12]
  70              	.L1:
1175:Drivers/STM32F4xx_HAL_Driver/Src/stm32f4xx_hal_dma.c ****   }
1176:Drivers/STM32F4xx_HAL_Driver/Src/stm32f4xx_hal_dma.c **** }
  71              		.loc 1 1176 1 view .LVU18
  72 001e 30BC     		pop	{r4, r5}
  73              		.cfi_remember_state
  74              		.cfi_restore 5
  75              		.cfi_restore 4
  76              		.cfi_def_cfa_offset 0
  77 0020 7047     		bx	lr
  78              	.LVL3:
  79              	.L5:
ARM GAS  /tmp/ccN3EVao.s 			page 23


  80              		.cfi_restore_state
1162:Drivers/STM32F4xx_HAL_Driver/Src/stm32f4xx_hal_dma.c **** 
  81              		.loc 1 1162 5 is_stmt 1 view .LVU19
1162:Drivers/STM32F4xx_HAL_Driver/Src/stm32f4xx_hal_dma.c **** 
  82              		.loc 1 1162 9 is_stmt 0 view .LVU20
  83 0022 0368     		ldr	r3, [r0]
1162:Drivers/STM32F4xx_HAL_Driver/Src/stm32f4xx_hal_dma.c **** 
  84              		.loc 1 1162 25 view .LVU21
  85 0024 9A60     		str	r2, [r3, #8]
  86              	.LVL4:
1165:Drivers/STM32F4xx_HAL_Driver/Src/stm32f4xx_hal_dma.c ****   }
  87              		.loc 1 1165 5 is_stmt 1 view .LVU22
1165:Drivers/STM32F4xx_HAL_Driver/Src/stm32f4xx_hal_dma.c ****   }
  88              		.loc 1 1165 9 is_stmt 0 view .LVU23
  89 0026 0368     		ldr	r3, [r0]
1165:Drivers/STM32F4xx_HAL_Driver/Src/stm32f4xx_hal_dma.c ****   }
  90              		.loc 1 1165 26 view .LVU24
  91 0028 D960     		str	r1, [r3, #12]
  92 002a F8E7     		b	.L1
  93              		.cfi_endproc
  94              	.LFE228:
  96              		.section	.text.DMA_CalcBaseAndBitshift,"ax",%progbits
  97              		.align	1
  98              		.syntax unified
  99              		.thumb
 100              		.thumb_func
 102              	DMA_CalcBaseAndBitshift:
 103              	.LVL5:
 104              	.LFB229:
1177:Drivers/STM32F4xx_HAL_Driver/Src/stm32f4xx_hal_dma.c **** 
1178:Drivers/STM32F4xx_HAL_Driver/Src/stm32f4xx_hal_dma.c **** /**
1179:Drivers/STM32F4xx_HAL_Driver/Src/stm32f4xx_hal_dma.c ****   * @brief  Returns the DMA Stream base address depending on stream number
1180:Drivers/STM32F4xx_HAL_Driver/Src/stm32f4xx_hal_dma.c ****   * @param  hdma       pointer to a DMA_HandleTypeDef structure that contains
1181:Drivers/STM32F4xx_HAL_Driver/Src/stm32f4xx_hal_dma.c ****   *                     the configuration information for the specified DMA Stream. 
1182:Drivers/STM32F4xx_HAL_Driver/Src/stm32f4xx_hal_dma.c ****   * @retval Stream base address
1183:Drivers/STM32F4xx_HAL_Driver/Src/stm32f4xx_hal_dma.c ****   */
1184:Drivers/STM32F4xx_HAL_Driver/Src/stm32f4xx_hal_dma.c **** static uint32_t DMA_CalcBaseAndBitshift(DMA_HandleTypeDef *hdma)
1185:Drivers/STM32F4xx_HAL_Driver/Src/stm32f4xx_hal_dma.c **** {
 105              		.loc 1 1185 1 is_stmt 1 view -0
 106              		.cfi_startproc
 107              		@ args = 0, pretend = 0, frame = 0
 108              		@ frame_needed = 0, uses_anonymous_args = 0
 109              		@ link register save eliminated.
 110              		.loc 1 1185 1 is_stmt 0 view .LVU26
 111 0000 10B4     		push	{r4}
 112              		.cfi_def_cfa_offset 4
 113              		.cfi_offset 4, -4
1186:Drivers/STM32F4xx_HAL_Driver/Src/stm32f4xx_hal_dma.c ****   uint32_t stream_number = (((uint32_t)hdma->Instance & 0xFFU) - 16U) / 24U;
 114              		.loc 1 1186 3 is_stmt 1 view .LVU27
 115              		.loc 1 1186 44 is_stmt 0 view .LVU28
 116 0002 0368     		ldr	r3, [r0]
 117              		.loc 1 1186 55 view .LVU29
 118 0004 D9B2     		uxtb	r1, r3
 119              		.loc 1 1186 64 view .LVU30
 120 0006 1039     		subs	r1, r1, #16
 121              		.loc 1 1186 12 view .LVU31
 122 0008 0A4A     		ldr	r2, .L10
ARM GAS  /tmp/ccN3EVao.s 			page 24


 123 000a A2FB0142 		umull	r4, r2, r2, r1
 124 000e 1209     		lsrs	r2, r2, #4
 125              	.LVL6:
1187:Drivers/STM32F4xx_HAL_Driver/Src/stm32f4xx_hal_dma.c ****   
1188:Drivers/STM32F4xx_HAL_Driver/Src/stm32f4xx_hal_dma.c ****   /* lookup table for necessary bitshift of flags within status registers */
1189:Drivers/STM32F4xx_HAL_Driver/Src/stm32f4xx_hal_dma.c ****   static const uint8_t flagBitshiftOffset[8U] = {0U, 6U, 16U, 22U, 0U, 6U, 16U, 22U};
 126              		.loc 1 1189 3 is_stmt 1 view .LVU32
1190:Drivers/STM32F4xx_HAL_Driver/Src/stm32f4xx_hal_dma.c ****   hdma->StreamIndex = flagBitshiftOffset[stream_number];
 127              		.loc 1 1190 3 view .LVU33
 128              		.loc 1 1190 41 is_stmt 0 view .LVU34
 129 0010 094C     		ldr	r4, .L10+4
 130 0012 A25C     		ldrb	r2, [r4, r2]	@ zero_extendqisi2
 131              	.LVL7:
 132              		.loc 1 1190 21 view .LVU35
 133 0014 C265     		str	r2, [r0, #92]
1191:Drivers/STM32F4xx_HAL_Driver/Src/stm32f4xx_hal_dma.c ****   
1192:Drivers/STM32F4xx_HAL_Driver/Src/stm32f4xx_hal_dma.c ****   if (stream_number > 3U)
 134              		.loc 1 1192 3 is_stmt 1 view .LVU36
 135              		.loc 1 1192 6 is_stmt 0 view .LVU37
 136 0016 5F29     		cmp	r1, #95
 137 0018 07D9     		bls	.L7
1193:Drivers/STM32F4xx_HAL_Driver/Src/stm32f4xx_hal_dma.c ****   {
1194:Drivers/STM32F4xx_HAL_Driver/Src/stm32f4xx_hal_dma.c ****     /* return pointer to HISR and HIFCR */
1195:Drivers/STM32F4xx_HAL_Driver/Src/stm32f4xx_hal_dma.c ****     hdma->StreamBaseAddress = (((uint32_t)hdma->Instance & (uint32_t)(~0x3FFU)) + 4U);
 138              		.loc 1 1195 5 is_stmt 1 view .LVU38
 139              		.loc 1 1195 58 is_stmt 0 view .LVU39
 140 001a 6FF30903 		bfc	r3, #0, #10
 141              		.loc 1 1195 81 view .LVU40
 142 001e 0433     		adds	r3, r3, #4
 143              		.loc 1 1195 29 view .LVU41
 144 0020 8365     		str	r3, [r0, #88]
 145              	.L8:
1196:Drivers/STM32F4xx_HAL_Driver/Src/stm32f4xx_hal_dma.c ****   }
1197:Drivers/STM32F4xx_HAL_Driver/Src/stm32f4xx_hal_dma.c ****   else
1198:Drivers/STM32F4xx_HAL_Driver/Src/stm32f4xx_hal_dma.c ****   {
1199:Drivers/STM32F4xx_HAL_Driver/Src/stm32f4xx_hal_dma.c ****     /* return pointer to LISR and LIFCR */
1200:Drivers/STM32F4xx_HAL_Driver/Src/stm32f4xx_hal_dma.c ****     hdma->StreamBaseAddress = ((uint32_t)hdma->Instance & (uint32_t)(~0x3FFU));
1201:Drivers/STM32F4xx_HAL_Driver/Src/stm32f4xx_hal_dma.c ****   }
1202:Drivers/STM32F4xx_HAL_Driver/Src/stm32f4xx_hal_dma.c ****   
1203:Drivers/STM32F4xx_HAL_Driver/Src/stm32f4xx_hal_dma.c ****   return hdma->StreamBaseAddress;
 146              		.loc 1 1203 3 is_stmt 1 view .LVU42
1204:Drivers/STM32F4xx_HAL_Driver/Src/stm32f4xx_hal_dma.c **** }
 147              		.loc 1 1204 1 is_stmt 0 view .LVU43
 148 0022 806D     		ldr	r0, [r0, #88]
 149              	.LVL8:
 150              		.loc 1 1204 1 view .LVU44
 151 0024 5DF8044B 		ldr	r4, [sp], #4
 152              		.cfi_remember_state
 153              		.cfi_restore 4
 154              		.cfi_def_cfa_offset 0
 155 0028 7047     		bx	lr
 156              	.LVL9:
 157              	.L7:
 158              		.cfi_restore_state
1200:Drivers/STM32F4xx_HAL_Driver/Src/stm32f4xx_hal_dma.c ****   }
 159              		.loc 1 1200 5 is_stmt 1 view .LVU45
1200:Drivers/STM32F4xx_HAL_Driver/Src/stm32f4xx_hal_dma.c ****   }
ARM GAS  /tmp/ccN3EVao.s 			page 25


 160              		.loc 1 1200 57 is_stmt 0 view .LVU46
 161 002a 6FF30903 		bfc	r3, #0, #10
1200:Drivers/STM32F4xx_HAL_Driver/Src/stm32f4xx_hal_dma.c ****   }
 162              		.loc 1 1200 29 view .LVU47
 163 002e 8365     		str	r3, [r0, #88]
 164 0030 F7E7     		b	.L8
 165              	.L11:
 166 0032 00BF     		.align	2
 167              	.L10:
 168 0034 ABAAAAAA 		.word	-1431655765
 169 0038 00000000 		.word	flagBitshiftOffset.0
 170              		.cfi_endproc
 171              	.LFE229:
 173              		.section	.text.DMA_CheckFifoParam,"ax",%progbits
 174              		.align	1
 175              		.syntax unified
 176              		.thumb
 177              		.thumb_func
 179              	DMA_CheckFifoParam:
 180              	.LVL10:
 181              	.LFB230:
1205:Drivers/STM32F4xx_HAL_Driver/Src/stm32f4xx_hal_dma.c **** 
1206:Drivers/STM32F4xx_HAL_Driver/Src/stm32f4xx_hal_dma.c **** /**
1207:Drivers/STM32F4xx_HAL_Driver/Src/stm32f4xx_hal_dma.c ****   * @brief  Check compatibility between FIFO threshold level and size of the memory burst
1208:Drivers/STM32F4xx_HAL_Driver/Src/stm32f4xx_hal_dma.c ****   * @param  hdma       pointer to a DMA_HandleTypeDef structure that contains
1209:Drivers/STM32F4xx_HAL_Driver/Src/stm32f4xx_hal_dma.c ****   *                     the configuration information for the specified DMA Stream. 
1210:Drivers/STM32F4xx_HAL_Driver/Src/stm32f4xx_hal_dma.c ****   * @retval HAL status
1211:Drivers/STM32F4xx_HAL_Driver/Src/stm32f4xx_hal_dma.c ****   */
1212:Drivers/STM32F4xx_HAL_Driver/Src/stm32f4xx_hal_dma.c **** static HAL_StatusTypeDef DMA_CheckFifoParam(DMA_HandleTypeDef *hdma)
1213:Drivers/STM32F4xx_HAL_Driver/Src/stm32f4xx_hal_dma.c **** {
 182              		.loc 1 1213 1 is_stmt 1 view -0
 183              		.cfi_startproc
 184              		@ args = 0, pretend = 0, frame = 0
 185              		@ frame_needed = 0, uses_anonymous_args = 0
 186              		@ link register save eliminated.
1214:Drivers/STM32F4xx_HAL_Driver/Src/stm32f4xx_hal_dma.c ****   HAL_StatusTypeDef status = HAL_OK;
 187              		.loc 1 1214 3 view .LVU49
1215:Drivers/STM32F4xx_HAL_Driver/Src/stm32f4xx_hal_dma.c ****   uint32_t tmp = hdma->Init.FIFOThreshold;
 188              		.loc 1 1215 3 view .LVU50
 189              		.loc 1 1215 12 is_stmt 0 view .LVU51
 190 0000 836A     		ldr	r3, [r0, #40]
 191              	.LVL11:
1216:Drivers/STM32F4xx_HAL_Driver/Src/stm32f4xx_hal_dma.c ****   
1217:Drivers/STM32F4xx_HAL_Driver/Src/stm32f4xx_hal_dma.c ****   /* Memory Data size equal to Byte */
1218:Drivers/STM32F4xx_HAL_Driver/Src/stm32f4xx_hal_dma.c ****   if(hdma->Init.MemDataAlignment == DMA_MDATAALIGN_BYTE)
 192              		.loc 1 1218 3 is_stmt 1 view .LVU52
 193              		.loc 1 1218 16 is_stmt 0 view .LVU53
 194 0002 8269     		ldr	r2, [r0, #24]
 195              		.loc 1 1218 5 view .LVU54
 196 0004 92B9     		cbnz	r2, .L13
1219:Drivers/STM32F4xx_HAL_Driver/Src/stm32f4xx_hal_dma.c ****   {
1220:Drivers/STM32F4xx_HAL_Driver/Src/stm32f4xx_hal_dma.c ****     switch (tmp)
 197              		.loc 1 1220 5 is_stmt 1 view .LVU55
 198 0006 012B     		cmp	r3, #1
 199 0008 0AD0     		beq	.L14
 200 000a 022B     		cmp	r3, #2
 201 000c 02D0     		beq	.L15
ARM GAS  /tmp/ccN3EVao.s 			page 26


 202 000e 0BB1     		cbz	r3, .L15
 203 0010 0020     		movs	r0, #0
 204              	.LVL12:
 205              		.loc 1 1220 5 is_stmt 0 view .LVU56
 206 0012 7047     		bx	lr
 207              	.LVL13:
 208              	.L15:
1221:Drivers/STM32F4xx_HAL_Driver/Src/stm32f4xx_hal_dma.c ****     {
1222:Drivers/STM32F4xx_HAL_Driver/Src/stm32f4xx_hal_dma.c ****     case DMA_FIFO_THRESHOLD_1QUARTERFULL:
1223:Drivers/STM32F4xx_HAL_Driver/Src/stm32f4xx_hal_dma.c ****     case DMA_FIFO_THRESHOLD_3QUARTERSFULL:
1224:Drivers/STM32F4xx_HAL_Driver/Src/stm32f4xx_hal_dma.c ****       if ((hdma->Init.MemBurst & DMA_SxCR_MBURST_1) == DMA_SxCR_MBURST_1)
 209              		.loc 1 1224 7 is_stmt 1 view .LVU57
 210              		.loc 1 1224 22 is_stmt 0 view .LVU58
 211 0014 C36A     		ldr	r3, [r0, #44]
 212              	.LVL14:
 213              		.loc 1 1224 10 view .LVU59
 214 0016 13F0807F 		tst	r3, #16777216
 215 001a 28D1     		bne	.L23
1214:Drivers/STM32F4xx_HAL_Driver/Src/stm32f4xx_hal_dma.c ****   uint32_t tmp = hdma->Init.FIFOThreshold;
 216              		.loc 1 1214 21 view .LVU60
 217 001c 0020     		movs	r0, #0
 218              	.LVL15:
1214:Drivers/STM32F4xx_HAL_Driver/Src/stm32f4xx_hal_dma.c ****   uint32_t tmp = hdma->Init.FIFOThreshold;
 219              		.loc 1 1214 21 view .LVU61
 220 001e 7047     		bx	lr
 221              	.LVL16:
 222              	.L14:
1225:Drivers/STM32F4xx_HAL_Driver/Src/stm32f4xx_hal_dma.c ****       {
1226:Drivers/STM32F4xx_HAL_Driver/Src/stm32f4xx_hal_dma.c ****         status = HAL_ERROR;
1227:Drivers/STM32F4xx_HAL_Driver/Src/stm32f4xx_hal_dma.c ****       }
1228:Drivers/STM32F4xx_HAL_Driver/Src/stm32f4xx_hal_dma.c ****       break;
1229:Drivers/STM32F4xx_HAL_Driver/Src/stm32f4xx_hal_dma.c ****     case DMA_FIFO_THRESHOLD_HALFFULL:
1230:Drivers/STM32F4xx_HAL_Driver/Src/stm32f4xx_hal_dma.c ****       if (hdma->Init.MemBurst == DMA_MBURST_INC16)
 223              		.loc 1 1230 7 is_stmt 1 view .LVU62
 224              		.loc 1 1230 21 is_stmt 0 view .LVU63
 225 0020 C36A     		ldr	r3, [r0, #44]
 226              	.LVL17:
 227              		.loc 1 1230 10 view .LVU64
 228 0022 B3F1C07F 		cmp	r3, #25165824
 229 0026 24D0     		beq	.L24
1214:Drivers/STM32F4xx_HAL_Driver/Src/stm32f4xx_hal_dma.c ****   uint32_t tmp = hdma->Init.FIFOThreshold;
 230              		.loc 1 1214 21 view .LVU65
 231 0028 0020     		movs	r0, #0
 232              	.LVL18:
1214:Drivers/STM32F4xx_HAL_Driver/Src/stm32f4xx_hal_dma.c ****   uint32_t tmp = hdma->Init.FIFOThreshold;
 233              		.loc 1 1214 21 view .LVU66
 234 002a 7047     		bx	lr
 235              	.LVL19:
 236              	.L13:
1231:Drivers/STM32F4xx_HAL_Driver/Src/stm32f4xx_hal_dma.c ****       {
1232:Drivers/STM32F4xx_HAL_Driver/Src/stm32f4xx_hal_dma.c ****         status = HAL_ERROR;
1233:Drivers/STM32F4xx_HAL_Driver/Src/stm32f4xx_hal_dma.c ****       }
1234:Drivers/STM32F4xx_HAL_Driver/Src/stm32f4xx_hal_dma.c ****       break;
1235:Drivers/STM32F4xx_HAL_Driver/Src/stm32f4xx_hal_dma.c ****     case DMA_FIFO_THRESHOLD_FULL:
1236:Drivers/STM32F4xx_HAL_Driver/Src/stm32f4xx_hal_dma.c ****       break;
1237:Drivers/STM32F4xx_HAL_Driver/Src/stm32f4xx_hal_dma.c ****     default:
1238:Drivers/STM32F4xx_HAL_Driver/Src/stm32f4xx_hal_dma.c ****       break;
ARM GAS  /tmp/ccN3EVao.s 			page 27


1239:Drivers/STM32F4xx_HAL_Driver/Src/stm32f4xx_hal_dma.c ****     }
1240:Drivers/STM32F4xx_HAL_Driver/Src/stm32f4xx_hal_dma.c ****   }
1241:Drivers/STM32F4xx_HAL_Driver/Src/stm32f4xx_hal_dma.c ****   
1242:Drivers/STM32F4xx_HAL_Driver/Src/stm32f4xx_hal_dma.c ****   /* Memory Data size equal to Half-Word */
1243:Drivers/STM32F4xx_HAL_Driver/Src/stm32f4xx_hal_dma.c ****   else if (hdma->Init.MemDataAlignment == DMA_MDATAALIGN_HALFWORD)
 237              		.loc 1 1243 8 is_stmt 1 view .LVU67
 238              		.loc 1 1243 11 is_stmt 0 view .LVU68
 239 002c B2F5005F 		cmp	r2, #8192
 240 0030 09D0     		beq	.L31
1244:Drivers/STM32F4xx_HAL_Driver/Src/stm32f4xx_hal_dma.c ****   {
1245:Drivers/STM32F4xx_HAL_Driver/Src/stm32f4xx_hal_dma.c ****     switch (tmp)
1246:Drivers/STM32F4xx_HAL_Driver/Src/stm32f4xx_hal_dma.c ****     {
1247:Drivers/STM32F4xx_HAL_Driver/Src/stm32f4xx_hal_dma.c ****     case DMA_FIFO_THRESHOLD_1QUARTERFULL:
1248:Drivers/STM32F4xx_HAL_Driver/Src/stm32f4xx_hal_dma.c ****     case DMA_FIFO_THRESHOLD_3QUARTERSFULL:
1249:Drivers/STM32F4xx_HAL_Driver/Src/stm32f4xx_hal_dma.c ****       status = HAL_ERROR;
1250:Drivers/STM32F4xx_HAL_Driver/Src/stm32f4xx_hal_dma.c ****       break;
1251:Drivers/STM32F4xx_HAL_Driver/Src/stm32f4xx_hal_dma.c ****     case DMA_FIFO_THRESHOLD_HALFFULL:
1252:Drivers/STM32F4xx_HAL_Driver/Src/stm32f4xx_hal_dma.c ****       if ((hdma->Init.MemBurst & DMA_SxCR_MBURST_1) == DMA_SxCR_MBURST_1)
1253:Drivers/STM32F4xx_HAL_Driver/Src/stm32f4xx_hal_dma.c ****       {
1254:Drivers/STM32F4xx_HAL_Driver/Src/stm32f4xx_hal_dma.c ****         status = HAL_ERROR;
1255:Drivers/STM32F4xx_HAL_Driver/Src/stm32f4xx_hal_dma.c ****       }
1256:Drivers/STM32F4xx_HAL_Driver/Src/stm32f4xx_hal_dma.c ****       break;
1257:Drivers/STM32F4xx_HAL_Driver/Src/stm32f4xx_hal_dma.c ****     case DMA_FIFO_THRESHOLD_FULL:
1258:Drivers/STM32F4xx_HAL_Driver/Src/stm32f4xx_hal_dma.c ****       if (hdma->Init.MemBurst == DMA_MBURST_INC16)
1259:Drivers/STM32F4xx_HAL_Driver/Src/stm32f4xx_hal_dma.c ****       {
1260:Drivers/STM32F4xx_HAL_Driver/Src/stm32f4xx_hal_dma.c ****         status = HAL_ERROR;
1261:Drivers/STM32F4xx_HAL_Driver/Src/stm32f4xx_hal_dma.c ****       }
1262:Drivers/STM32F4xx_HAL_Driver/Src/stm32f4xx_hal_dma.c ****       break;   
1263:Drivers/STM32F4xx_HAL_Driver/Src/stm32f4xx_hal_dma.c ****     default:
1264:Drivers/STM32F4xx_HAL_Driver/Src/stm32f4xx_hal_dma.c ****       break;
1265:Drivers/STM32F4xx_HAL_Driver/Src/stm32f4xx_hal_dma.c ****     }
1266:Drivers/STM32F4xx_HAL_Driver/Src/stm32f4xx_hal_dma.c ****   }
1267:Drivers/STM32F4xx_HAL_Driver/Src/stm32f4xx_hal_dma.c ****   
1268:Drivers/STM32F4xx_HAL_Driver/Src/stm32f4xx_hal_dma.c ****   /* Memory Data size equal to Word */
1269:Drivers/STM32F4xx_HAL_Driver/Src/stm32f4xx_hal_dma.c ****   else
1270:Drivers/STM32F4xx_HAL_Driver/Src/stm32f4xx_hal_dma.c ****   {
1271:Drivers/STM32F4xx_HAL_Driver/Src/stm32f4xx_hal_dma.c ****     switch (tmp)
 241              		.loc 1 1271 5 is_stmt 1 view .LVU69
 242 0032 022B     		cmp	r3, #2
 243 0034 25D9     		bls	.L28
 244 0036 032B     		cmp	r3, #3
 245 0038 25D1     		bne	.L29
1272:Drivers/STM32F4xx_HAL_Driver/Src/stm32f4xx_hal_dma.c ****     {
1273:Drivers/STM32F4xx_HAL_Driver/Src/stm32f4xx_hal_dma.c ****     case DMA_FIFO_THRESHOLD_1QUARTERFULL:
1274:Drivers/STM32F4xx_HAL_Driver/Src/stm32f4xx_hal_dma.c ****     case DMA_FIFO_THRESHOLD_HALFFULL:
1275:Drivers/STM32F4xx_HAL_Driver/Src/stm32f4xx_hal_dma.c ****     case DMA_FIFO_THRESHOLD_3QUARTERSFULL:
1276:Drivers/STM32F4xx_HAL_Driver/Src/stm32f4xx_hal_dma.c ****       status = HAL_ERROR;
1277:Drivers/STM32F4xx_HAL_Driver/Src/stm32f4xx_hal_dma.c ****       break;
1278:Drivers/STM32F4xx_HAL_Driver/Src/stm32f4xx_hal_dma.c ****     case DMA_FIFO_THRESHOLD_FULL:
1279:Drivers/STM32F4xx_HAL_Driver/Src/stm32f4xx_hal_dma.c ****       if ((hdma->Init.MemBurst & DMA_SxCR_MBURST_1) == DMA_SxCR_MBURST_1)
 246              		.loc 1 1279 7 view .LVU70
 247              		.loc 1 1279 22 is_stmt 0 view .LVU71
 248 003a C36A     		ldr	r3, [r0, #44]
 249              	.LVL20:
 250              		.loc 1 1279 10 view .LVU72
 251 003c 13F0807F 		tst	r3, #16777216
 252 0040 23D1     		bne	.L30
ARM GAS  /tmp/ccN3EVao.s 			page 28


1214:Drivers/STM32F4xx_HAL_Driver/Src/stm32f4xx_hal_dma.c ****   uint32_t tmp = hdma->Init.FIFOThreshold;
 253              		.loc 1 1214 21 view .LVU73
 254 0042 0020     		movs	r0, #0
 255              	.LVL21:
1214:Drivers/STM32F4xx_HAL_Driver/Src/stm32f4xx_hal_dma.c ****   uint32_t tmp = hdma->Init.FIFOThreshold;
 256              		.loc 1 1214 21 view .LVU74
 257 0044 7047     		bx	lr
 258              	.LVL22:
 259              	.L31:
1245:Drivers/STM32F4xx_HAL_Driver/Src/stm32f4xx_hal_dma.c ****     {
 260              		.loc 1 1245 5 is_stmt 1 view .LVU75
 261 0046 032B     		cmp	r3, #3
 262 0048 03D8     		bhi	.L18
 263 004a DFE803F0 		tbb	[pc, r3]
 264              	.L20:
 265 004e 14       		.byte	(.L25-.L20)/2
 266 004f 04       		.byte	(.L21-.L20)/2
 267 0050 14       		.byte	(.L25-.L20)/2
 268 0051 0A       		.byte	(.L19-.L20)/2
 269              		.p2align 1
 270              	.L18:
 271 0052 0020     		movs	r0, #0
 272              	.LVL23:
1245:Drivers/STM32F4xx_HAL_Driver/Src/stm32f4xx_hal_dma.c ****     {
 273              		.loc 1 1245 5 is_stmt 0 view .LVU76
 274 0054 7047     		bx	lr
 275              	.LVL24:
 276              	.L21:
1252:Drivers/STM32F4xx_HAL_Driver/Src/stm32f4xx_hal_dma.c ****       {
 277              		.loc 1 1252 7 is_stmt 1 view .LVU77
1252:Drivers/STM32F4xx_HAL_Driver/Src/stm32f4xx_hal_dma.c ****       {
 278              		.loc 1 1252 22 is_stmt 0 view .LVU78
 279 0056 C36A     		ldr	r3, [r0, #44]
 280              	.LVL25:
1252:Drivers/STM32F4xx_HAL_Driver/Src/stm32f4xx_hal_dma.c ****       {
 281              		.loc 1 1252 10 view .LVU79
 282 0058 13F0807F 		tst	r3, #16777216
 283 005c 0DD1     		bne	.L26
1214:Drivers/STM32F4xx_HAL_Driver/Src/stm32f4xx_hal_dma.c ****   uint32_t tmp = hdma->Init.FIFOThreshold;
 284              		.loc 1 1214 21 view .LVU80
 285 005e 0020     		movs	r0, #0
 286              	.LVL26:
1214:Drivers/STM32F4xx_HAL_Driver/Src/stm32f4xx_hal_dma.c ****   uint32_t tmp = hdma->Init.FIFOThreshold;
 287              		.loc 1 1214 21 view .LVU81
 288 0060 7047     		bx	lr
 289              	.LVL27:
 290              	.L19:
1258:Drivers/STM32F4xx_HAL_Driver/Src/stm32f4xx_hal_dma.c ****       {
 291              		.loc 1 1258 7 is_stmt 1 view .LVU82
1258:Drivers/STM32F4xx_HAL_Driver/Src/stm32f4xx_hal_dma.c ****       {
 292              		.loc 1 1258 21 is_stmt 0 view .LVU83
 293 0062 C36A     		ldr	r3, [r0, #44]
 294              	.LVL28:
1258:Drivers/STM32F4xx_HAL_Driver/Src/stm32f4xx_hal_dma.c ****       {
 295              		.loc 1 1258 10 view .LVU84
 296 0064 B3F1C07F 		cmp	r3, #25165824
 297 0068 09D0     		beq	.L27
ARM GAS  /tmp/ccN3EVao.s 			page 29


1214:Drivers/STM32F4xx_HAL_Driver/Src/stm32f4xx_hal_dma.c ****   uint32_t tmp = hdma->Init.FIFOThreshold;
 298              		.loc 1 1214 21 view .LVU85
 299 006a 0020     		movs	r0, #0
 300              	.LVL29:
1214:Drivers/STM32F4xx_HAL_Driver/Src/stm32f4xx_hal_dma.c ****   uint32_t tmp = hdma->Init.FIFOThreshold;
 301              		.loc 1 1214 21 view .LVU86
 302 006c 7047     		bx	lr
 303              	.LVL30:
 304              	.L23:
1226:Drivers/STM32F4xx_HAL_Driver/Src/stm32f4xx_hal_dma.c ****       }
 305              		.loc 1 1226 16 view .LVU87
 306 006e 0120     		movs	r0, #1
 307              	.LVL31:
1226:Drivers/STM32F4xx_HAL_Driver/Src/stm32f4xx_hal_dma.c ****       }
 308              		.loc 1 1226 16 view .LVU88
 309 0070 7047     		bx	lr
 310              	.LVL32:
 311              	.L24:
1232:Drivers/STM32F4xx_HAL_Driver/Src/stm32f4xx_hal_dma.c ****       }
 312              		.loc 1 1232 16 view .LVU89
 313 0072 0120     		movs	r0, #1
 314              	.LVL33:
1232:Drivers/STM32F4xx_HAL_Driver/Src/stm32f4xx_hal_dma.c ****       }
 315              		.loc 1 1232 16 view .LVU90
 316 0074 7047     		bx	lr
 317              	.LVL34:
 318              	.L25:
1249:Drivers/STM32F4xx_HAL_Driver/Src/stm32f4xx_hal_dma.c ****       break;
 319              		.loc 1 1249 14 view .LVU91
 320 0076 0120     		movs	r0, #1
 321              	.LVL35:
1249:Drivers/STM32F4xx_HAL_Driver/Src/stm32f4xx_hal_dma.c ****       break;
 322              		.loc 1 1249 14 view .LVU92
 323 0078 7047     		bx	lr
 324              	.LVL36:
 325              	.L26:
1254:Drivers/STM32F4xx_HAL_Driver/Src/stm32f4xx_hal_dma.c ****       }
 326              		.loc 1 1254 16 view .LVU93
 327 007a 0120     		movs	r0, #1
 328              	.LVL37:
1254:Drivers/STM32F4xx_HAL_Driver/Src/stm32f4xx_hal_dma.c ****       }
 329              		.loc 1 1254 16 view .LVU94
 330 007c 7047     		bx	lr
 331              	.LVL38:
 332              	.L27:
1260:Drivers/STM32F4xx_HAL_Driver/Src/stm32f4xx_hal_dma.c ****       }
 333              		.loc 1 1260 16 view .LVU95
 334 007e 0120     		movs	r0, #1
 335              	.LVL39:
1260:Drivers/STM32F4xx_HAL_Driver/Src/stm32f4xx_hal_dma.c ****       }
 336              		.loc 1 1260 16 view .LVU96
 337 0080 7047     		bx	lr
 338              	.LVL40:
 339              	.L28:
1276:Drivers/STM32F4xx_HAL_Driver/Src/stm32f4xx_hal_dma.c ****       break;
 340              		.loc 1 1276 14 view .LVU97
 341 0082 0120     		movs	r0, #1
ARM GAS  /tmp/ccN3EVao.s 			page 30


 342              	.LVL41:
1276:Drivers/STM32F4xx_HAL_Driver/Src/stm32f4xx_hal_dma.c ****       break;
 343              		.loc 1 1276 14 view .LVU98
 344 0084 7047     		bx	lr
 345              	.LVL42:
 346              	.L29:
1271:Drivers/STM32F4xx_HAL_Driver/Src/stm32f4xx_hal_dma.c ****     {
 347              		.loc 1 1271 5 view .LVU99
 348 0086 0020     		movs	r0, #0
 349              	.LVL43:
1271:Drivers/STM32F4xx_HAL_Driver/Src/stm32f4xx_hal_dma.c ****     {
 350              		.loc 1 1271 5 view .LVU100
 351 0088 7047     		bx	lr
 352              	.LVL44:
 353              	.L30:
1280:Drivers/STM32F4xx_HAL_Driver/Src/stm32f4xx_hal_dma.c ****       {
1281:Drivers/STM32F4xx_HAL_Driver/Src/stm32f4xx_hal_dma.c ****         status = HAL_ERROR;
 354              		.loc 1 1281 16 view .LVU101
 355 008a 0120     		movs	r0, #1
 356              	.LVL45:
1282:Drivers/STM32F4xx_HAL_Driver/Src/stm32f4xx_hal_dma.c ****       }
1283:Drivers/STM32F4xx_HAL_Driver/Src/stm32f4xx_hal_dma.c ****       break;
1284:Drivers/STM32F4xx_HAL_Driver/Src/stm32f4xx_hal_dma.c ****     default:
1285:Drivers/STM32F4xx_HAL_Driver/Src/stm32f4xx_hal_dma.c ****       break;
1286:Drivers/STM32F4xx_HAL_Driver/Src/stm32f4xx_hal_dma.c ****     }
1287:Drivers/STM32F4xx_HAL_Driver/Src/stm32f4xx_hal_dma.c ****   } 
1288:Drivers/STM32F4xx_HAL_Driver/Src/stm32f4xx_hal_dma.c ****   
1289:Drivers/STM32F4xx_HAL_Driver/Src/stm32f4xx_hal_dma.c ****   return status; 
 357              		.loc 1 1289 3 is_stmt 1 view .LVU102
1290:Drivers/STM32F4xx_HAL_Driver/Src/stm32f4xx_hal_dma.c **** }
 358              		.loc 1 1290 1 is_stmt 0 view .LVU103
 359 008c 7047     		bx	lr
 360              		.cfi_endproc
 361              	.LFE230:
 363              		.section	.text.HAL_DMA_Init,"ax",%progbits
 364              		.align	1
 365              		.global	HAL_DMA_Init
 366              		.syntax unified
 367              		.thumb
 368              		.thumb_func
 370              	HAL_DMA_Init:
 371              	.LVL46:
 372              	.LFB216:
 172:Drivers/STM32F4xx_HAL_Driver/Src/stm32f4xx_hal_dma.c ****   uint32_t tmp = 0U;
 373              		.loc 1 172 1 is_stmt 1 view -0
 374              		.cfi_startproc
 375              		@ args = 0, pretend = 0, frame = 0
 376              		@ frame_needed = 0, uses_anonymous_args = 0
 172:Drivers/STM32F4xx_HAL_Driver/Src/stm32f4xx_hal_dma.c ****   uint32_t tmp = 0U;
 377              		.loc 1 172 1 is_stmt 0 view .LVU105
 378 0000 70B5     		push	{r4, r5, r6, lr}
 379              		.cfi_def_cfa_offset 16
 380              		.cfi_offset 4, -16
 381              		.cfi_offset 5, -12
 382              		.cfi_offset 6, -8
 383              		.cfi_offset 14, -4
 384 0002 0446     		mov	r4, r0
ARM GAS  /tmp/ccN3EVao.s 			page 31


 173:Drivers/STM32F4xx_HAL_Driver/Src/stm32f4xx_hal_dma.c ****   uint32_t tickstart = HAL_GetTick();
 385              		.loc 1 173 3 is_stmt 1 view .LVU106
 386              	.LVL47:
 174:Drivers/STM32F4xx_HAL_Driver/Src/stm32f4xx_hal_dma.c ****   DMA_Base_Registers *regs;
 387              		.loc 1 174 3 view .LVU107
 174:Drivers/STM32F4xx_HAL_Driver/Src/stm32f4xx_hal_dma.c ****   DMA_Base_Registers *regs;
 388              		.loc 1 174 24 is_stmt 0 view .LVU108
 389 0004 FFF7FEFF 		bl	HAL_GetTick
 390              	.LVL48:
 175:Drivers/STM32F4xx_HAL_Driver/Src/stm32f4xx_hal_dma.c **** 
 391              		.loc 1 175 3 is_stmt 1 view .LVU109
 178:Drivers/STM32F4xx_HAL_Driver/Src/stm32f4xx_hal_dma.c ****   {
 392              		.loc 1 178 3 view .LVU110
 178:Drivers/STM32F4xx_HAL_Driver/Src/stm32f4xx_hal_dma.c ****   {
 393              		.loc 1 178 5 is_stmt 0 view .LVU111
 394 0008 002C     		cmp	r4, #0
 395 000a 5BD0     		beq	.L38
 396 000c 0546     		mov	r5, r0
 184:Drivers/STM32F4xx_HAL_Driver/Src/stm32f4xx_hal_dma.c ****   assert_param(IS_DMA_CHANNEL(hdma->Init.Channel));
 397              		.loc 1 184 3 is_stmt 1 view .LVU112
 185:Drivers/STM32F4xx_HAL_Driver/Src/stm32f4xx_hal_dma.c ****   assert_param(IS_DMA_DIRECTION(hdma->Init.Direction));
 398              		.loc 1 185 3 view .LVU113
 186:Drivers/STM32F4xx_HAL_Driver/Src/stm32f4xx_hal_dma.c ****   assert_param(IS_DMA_PERIPHERAL_INC_STATE(hdma->Init.PeriphInc));
 399              		.loc 1 186 3 view .LVU114
 187:Drivers/STM32F4xx_HAL_Driver/Src/stm32f4xx_hal_dma.c ****   assert_param(IS_DMA_MEMORY_INC_STATE(hdma->Init.MemInc));
 400              		.loc 1 187 3 view .LVU115
 188:Drivers/STM32F4xx_HAL_Driver/Src/stm32f4xx_hal_dma.c ****   assert_param(IS_DMA_PERIPHERAL_DATA_SIZE(hdma->Init.PeriphDataAlignment));
 401              		.loc 1 188 3 view .LVU116
 189:Drivers/STM32F4xx_HAL_Driver/Src/stm32f4xx_hal_dma.c ****   assert_param(IS_DMA_MEMORY_DATA_SIZE(hdma->Init.MemDataAlignment));
 402              		.loc 1 189 3 view .LVU117
 190:Drivers/STM32F4xx_HAL_Driver/Src/stm32f4xx_hal_dma.c ****   assert_param(IS_DMA_MODE(hdma->Init.Mode));
 403              		.loc 1 190 3 view .LVU118
 191:Drivers/STM32F4xx_HAL_Driver/Src/stm32f4xx_hal_dma.c ****   assert_param(IS_DMA_PRIORITY(hdma->Init.Priority));
 404              		.loc 1 191 3 view .LVU119
 192:Drivers/STM32F4xx_HAL_Driver/Src/stm32f4xx_hal_dma.c ****   assert_param(IS_DMA_FIFO_MODE_STATE(hdma->Init.FIFOMode));
 405              		.loc 1 192 3 view .LVU120
 193:Drivers/STM32F4xx_HAL_Driver/Src/stm32f4xx_hal_dma.c ****   /* Check the memory burst, peripheral burst and FIFO threshold parameters only
 406              		.loc 1 193 3 view .LVU121
 196:Drivers/STM32F4xx_HAL_Driver/Src/stm32f4xx_hal_dma.c ****   {
 407              		.loc 1 196 3 view .LVU122
 198:Drivers/STM32F4xx_HAL_Driver/Src/stm32f4xx_hal_dma.c ****     assert_param(IS_DMA_MEMORY_BURST(hdma->Init.MemBurst));
 408              		.loc 1 198 5 view .LVU123
 199:Drivers/STM32F4xx_HAL_Driver/Src/stm32f4xx_hal_dma.c ****     assert_param(IS_DMA_PERIPHERAL_BURST(hdma->Init.PeriphBurst));
 409              		.loc 1 199 5 view .LVU124
 200:Drivers/STM32F4xx_HAL_Driver/Src/stm32f4xx_hal_dma.c ****   }
 410              		.loc 1 200 5 view .LVU125
 204:Drivers/STM32F4xx_HAL_Driver/Src/stm32f4xx_hal_dma.c **** 
 411              		.loc 1 204 3 view .LVU126
 204:Drivers/STM32F4xx_HAL_Driver/Src/stm32f4xx_hal_dma.c **** 
 412              		.loc 1 204 15 is_stmt 0 view .LVU127
 413 000e 0223     		movs	r3, #2
 414 0010 84F83530 		strb	r3, [r4, #53]
 207:Drivers/STM32F4xx_HAL_Driver/Src/stm32f4xx_hal_dma.c ****   
 415              		.loc 1 207 3 is_stmt 1 view .LVU128
 207:Drivers/STM32F4xx_HAL_Driver/Src/stm32f4xx_hal_dma.c ****   
 416              		.loc 1 207 3 view .LVU129
 417 0014 0023     		movs	r3, #0
ARM GAS  /tmp/ccN3EVao.s 			page 32


 418 0016 84F83430 		strb	r3, [r4, #52]
 207:Drivers/STM32F4xx_HAL_Driver/Src/stm32f4xx_hal_dma.c ****   
 419              		.loc 1 207 3 view .LVU130
 210:Drivers/STM32F4xx_HAL_Driver/Src/stm32f4xx_hal_dma.c ****   
 420              		.loc 1 210 3 view .LVU131
 421 001a 2268     		ldr	r2, [r4]
 422 001c 1368     		ldr	r3, [r2]
 423 001e 23F00103 		bic	r3, r3, #1
 424 0022 1360     		str	r3, [r2]
 213:Drivers/STM32F4xx_HAL_Driver/Src/stm32f4xx_hal_dma.c ****   {
 425              		.loc 1 213 3 view .LVU132
 426              	.LVL49:
 427              	.L34:
 213:Drivers/STM32F4xx_HAL_Driver/Src/stm32f4xx_hal_dma.c ****   {
 428              		.loc 1 213 44 view .LVU133
 213:Drivers/STM32F4xx_HAL_Driver/Src/stm32f4xx_hal_dma.c ****   {
 429              		.loc 1 213 14 is_stmt 0 view .LVU134
 430 0024 2368     		ldr	r3, [r4]
 213:Drivers/STM32F4xx_HAL_Driver/Src/stm32f4xx_hal_dma.c ****   {
 431              		.loc 1 213 24 view .LVU135
 432 0026 1A68     		ldr	r2, [r3]
 213:Drivers/STM32F4xx_HAL_Driver/Src/stm32f4xx_hal_dma.c ****   {
 433              		.loc 1 213 44 view .LVU136
 434 0028 12F0010F 		tst	r2, #1
 435 002c 0AD0     		beq	.L40
 216:Drivers/STM32F4xx_HAL_Driver/Src/stm32f4xx_hal_dma.c ****     {
 436              		.loc 1 216 5 is_stmt 1 view .LVU137
 216:Drivers/STM32F4xx_HAL_Driver/Src/stm32f4xx_hal_dma.c ****     {
 437              		.loc 1 216 9 is_stmt 0 view .LVU138
 438 002e FFF7FEFF 		bl	HAL_GetTick
 439              	.LVL50:
 216:Drivers/STM32F4xx_HAL_Driver/Src/stm32f4xx_hal_dma.c ****     {
 440              		.loc 1 216 23 discriminator 1 view .LVU139
 441 0032 431B     		subs	r3, r0, r5
 216:Drivers/STM32F4xx_HAL_Driver/Src/stm32f4xx_hal_dma.c ****     {
 442              		.loc 1 216 7 discriminator 1 view .LVU140
 443 0034 052B     		cmp	r3, #5
 444 0036 F5D9     		bls	.L34
 219:Drivers/STM32F4xx_HAL_Driver/Src/stm32f4xx_hal_dma.c ****       
 445              		.loc 1 219 7 is_stmt 1 view .LVU141
 219:Drivers/STM32F4xx_HAL_Driver/Src/stm32f4xx_hal_dma.c ****       
 446              		.loc 1 219 23 is_stmt 0 view .LVU142
 447 0038 2023     		movs	r3, #32
 448 003a 6365     		str	r3, [r4, #84]
 222:Drivers/STM32F4xx_HAL_Driver/Src/stm32f4xx_hal_dma.c ****       
 449              		.loc 1 222 7 is_stmt 1 view .LVU143
 222:Drivers/STM32F4xx_HAL_Driver/Src/stm32f4xx_hal_dma.c ****       
 450              		.loc 1 222 19 is_stmt 0 view .LVU144
 451 003c 0320     		movs	r0, #3
 452 003e 84F83500 		strb	r0, [r4, #53]
 224:Drivers/STM32F4xx_HAL_Driver/Src/stm32f4xx_hal_dma.c ****     }
 453              		.loc 1 224 7 is_stmt 1 view .LVU145
 454              	.LVL51:
 455              	.L33:
 302:Drivers/STM32F4xx_HAL_Driver/Src/stm32f4xx_hal_dma.c **** 
 456              		.loc 1 302 1 is_stmt 0 view .LVU146
 457 0042 70BD     		pop	{r4, r5, r6, pc}
ARM GAS  /tmp/ccN3EVao.s 			page 33


 458              	.LVL52:
 459              	.L40:
 229:Drivers/STM32F4xx_HAL_Driver/Src/stm32f4xx_hal_dma.c **** 
 460              		.loc 1 229 3 is_stmt 1 view .LVU147
 229:Drivers/STM32F4xx_HAL_Driver/Src/stm32f4xx_hal_dma.c **** 
 461              		.loc 1 229 7 is_stmt 0 view .LVU148
 462 0044 1A68     		ldr	r2, [r3]
 463              	.LVL53:
 232:Drivers/STM32F4xx_HAL_Driver/Src/stm32f4xx_hal_dma.c ****                       DMA_SxCR_PL    | DMA_SxCR_MSIZE  | DMA_SxCR_PSIZE  | \
 464              		.loc 1 232 3 is_stmt 1 view .LVU149
 232:Drivers/STM32F4xx_HAL_Driver/Src/stm32f4xx_hal_dma.c ****                       DMA_SxCR_PL    | DMA_SxCR_MSIZE  | DMA_SxCR_PSIZE  | \
 465              		.loc 1 232 7 is_stmt 0 view .LVU150
 466 0046 2049     		ldr	r1, .L43
 467 0048 1140     		ands	r1, r1, r2
 468              	.LVL54:
 238:Drivers/STM32F4xx_HAL_Driver/Src/stm32f4xx_hal_dma.c ****           hdma->Init.PeriphInc           | hdma->Init.MemInc           |
 469              		.loc 1 238 3 is_stmt 1 view .LVU151
 238:Drivers/STM32F4xx_HAL_Driver/Src/stm32f4xx_hal_dma.c ****           hdma->Init.PeriphInc           | hdma->Init.MemInc           |
 470              		.loc 1 238 21 is_stmt 0 view .LVU152
 471 004a 6268     		ldr	r2, [r4, #4]
 238:Drivers/STM32F4xx_HAL_Driver/Src/stm32f4xx_hal_dma.c ****           hdma->Init.PeriphInc           | hdma->Init.MemInc           |
 472              		.loc 1 238 54 view .LVU153
 473 004c A068     		ldr	r0, [r4, #8]
 238:Drivers/STM32F4xx_HAL_Driver/Src/stm32f4xx_hal_dma.c ****           hdma->Init.PeriphInc           | hdma->Init.MemInc           |
 474              		.loc 1 238 42 view .LVU154
 475 004e 0243     		orrs	r2, r2, r0
 239:Drivers/STM32F4xx_HAL_Driver/Src/stm32f4xx_hal_dma.c ****           hdma->Init.PeriphDataAlignment | hdma->Init.MemDataAlignment |
 476              		.loc 1 239 21 view .LVU155
 477 0050 E068     		ldr	r0, [r4, #12]
 238:Drivers/STM32F4xx_HAL_Driver/Src/stm32f4xx_hal_dma.c ****           hdma->Init.PeriphInc           | hdma->Init.MemInc           |
 478              		.loc 1 238 72 view .LVU156
 479 0052 0243     		orrs	r2, r2, r0
 239:Drivers/STM32F4xx_HAL_Driver/Src/stm32f4xx_hal_dma.c ****           hdma->Init.PeriphDataAlignment | hdma->Init.MemDataAlignment |
 480              		.loc 1 239 54 view .LVU157
 481 0054 2069     		ldr	r0, [r4, #16]
 239:Drivers/STM32F4xx_HAL_Driver/Src/stm32f4xx_hal_dma.c ****           hdma->Init.PeriphDataAlignment | hdma->Init.MemDataAlignment |
 482              		.loc 1 239 42 view .LVU158
 483 0056 0243     		orrs	r2, r2, r0
 240:Drivers/STM32F4xx_HAL_Driver/Src/stm32f4xx_hal_dma.c ****           hdma->Init.Mode                | hdma->Init.Priority;
 484              		.loc 1 240 21 view .LVU159
 485 0058 6069     		ldr	r0, [r4, #20]
 239:Drivers/STM32F4xx_HAL_Driver/Src/stm32f4xx_hal_dma.c ****           hdma->Init.PeriphDataAlignment | hdma->Init.MemDataAlignment |
 486              		.loc 1 239 72 view .LVU160
 487 005a 0243     		orrs	r2, r2, r0
 240:Drivers/STM32F4xx_HAL_Driver/Src/stm32f4xx_hal_dma.c ****           hdma->Init.Mode                | hdma->Init.Priority;
 488              		.loc 1 240 54 view .LVU161
 489 005c A069     		ldr	r0, [r4, #24]
 240:Drivers/STM32F4xx_HAL_Driver/Src/stm32f4xx_hal_dma.c ****           hdma->Init.Mode                | hdma->Init.Priority;
 490              		.loc 1 240 42 view .LVU162
 491 005e 0243     		orrs	r2, r2, r0
 241:Drivers/STM32F4xx_HAL_Driver/Src/stm32f4xx_hal_dma.c **** 
 492              		.loc 1 241 21 view .LVU163
 493 0060 E069     		ldr	r0, [r4, #28]
 240:Drivers/STM32F4xx_HAL_Driver/Src/stm32f4xx_hal_dma.c ****           hdma->Init.Mode                | hdma->Init.Priority;
 494              		.loc 1 240 72 view .LVU164
 495 0062 0243     		orrs	r2, r2, r0
 241:Drivers/STM32F4xx_HAL_Driver/Src/stm32f4xx_hal_dma.c **** 
ARM GAS  /tmp/ccN3EVao.s 			page 34


 496              		.loc 1 241 54 view .LVU165
 497 0064 206A     		ldr	r0, [r4, #32]
 241:Drivers/STM32F4xx_HAL_Driver/Src/stm32f4xx_hal_dma.c **** 
 498              		.loc 1 241 42 view .LVU166
 499 0066 0243     		orrs	r2, r2, r0
 238:Drivers/STM32F4xx_HAL_Driver/Src/stm32f4xx_hal_dma.c ****           hdma->Init.PeriphInc           | hdma->Init.MemInc           |
 500              		.loc 1 238 7 view .LVU167
 501 0068 0A43     		orrs	r2, r2, r1
 502              	.LVL55:
 244:Drivers/STM32F4xx_HAL_Driver/Src/stm32f4xx_hal_dma.c ****   {
 503              		.loc 1 244 3 is_stmt 1 view .LVU168
 244:Drivers/STM32F4xx_HAL_Driver/Src/stm32f4xx_hal_dma.c ****   {
 504              		.loc 1 244 16 is_stmt 0 view .LVU169
 505 006a 616A     		ldr	r1, [r4, #36]
 244:Drivers/STM32F4xx_HAL_Driver/Src/stm32f4xx_hal_dma.c ****   {
 506              		.loc 1 244 5 view .LVU170
 507 006c 0429     		cmp	r1, #4
 508 006e 1ED0     		beq	.L41
 509              	.L36:
 251:Drivers/STM32F4xx_HAL_Driver/Src/stm32f4xx_hal_dma.c **** 
 510              		.loc 1 251 3 is_stmt 1 view .LVU171
 251:Drivers/STM32F4xx_HAL_Driver/Src/stm32f4xx_hal_dma.c **** 
 511              		.loc 1 251 22 is_stmt 0 view .LVU172
 512 0070 1A60     		str	r2, [r3]
 254:Drivers/STM32F4xx_HAL_Driver/Src/stm32f4xx_hal_dma.c **** 
 513              		.loc 1 254 3 is_stmt 1 view .LVU173
 254:Drivers/STM32F4xx_HAL_Driver/Src/stm32f4xx_hal_dma.c **** 
 514              		.loc 1 254 13 is_stmt 0 view .LVU174
 515 0072 2668     		ldr	r6, [r4]
 254:Drivers/STM32F4xx_HAL_Driver/Src/stm32f4xx_hal_dma.c **** 
 516              		.loc 1 254 7 view .LVU175
 517 0074 7569     		ldr	r5, [r6, #20]
 518              	.LVL56:
 257:Drivers/STM32F4xx_HAL_Driver/Src/stm32f4xx_hal_dma.c **** 
 519              		.loc 1 257 3 is_stmt 1 view .LVU176
 257:Drivers/STM32F4xx_HAL_Driver/Src/stm32f4xx_hal_dma.c **** 
 520              		.loc 1 257 7 is_stmt 0 view .LVU177
 521 0076 25F00705 		bic	r5, r5, #7
 522              	.LVL57:
 260:Drivers/STM32F4xx_HAL_Driver/Src/stm32f4xx_hal_dma.c **** 
 523              		.loc 1 260 3 is_stmt 1 view .LVU178
 260:Drivers/STM32F4xx_HAL_Driver/Src/stm32f4xx_hal_dma.c **** 
 524              		.loc 1 260 20 is_stmt 0 view .LVU179
 525 007a 636A     		ldr	r3, [r4, #36]
 260:Drivers/STM32F4xx_HAL_Driver/Src/stm32f4xx_hal_dma.c **** 
 526              		.loc 1 260 7 view .LVU180
 527 007c 1D43     		orrs	r5, r5, r3
 528              	.LVL58:
 263:Drivers/STM32F4xx_HAL_Driver/Src/stm32f4xx_hal_dma.c ****   {
 529              		.loc 1 263 3 is_stmt 1 view .LVU181
 263:Drivers/STM32F4xx_HAL_Driver/Src/stm32f4xx_hal_dma.c ****   {
 530              		.loc 1 263 5 is_stmt 0 view .LVU182
 531 007e 042B     		cmp	r3, #4
 532 0080 07D1     		bne	.L37
 266:Drivers/STM32F4xx_HAL_Driver/Src/stm32f4xx_hal_dma.c ****     
 533              		.loc 1 266 5 is_stmt 1 view .LVU183
 266:Drivers/STM32F4xx_HAL_Driver/Src/stm32f4xx_hal_dma.c ****     
ARM GAS  /tmp/ccN3EVao.s 			page 35


 534              		.loc 1 266 22 is_stmt 0 view .LVU184
 535 0082 A36A     		ldr	r3, [r4, #40]
 266:Drivers/STM32F4xx_HAL_Driver/Src/stm32f4xx_hal_dma.c ****     
 536              		.loc 1 266 9 view .LVU185
 537 0084 1D43     		orrs	r5, r5, r3
 538              	.LVL59:
 270:Drivers/STM32F4xx_HAL_Driver/Src/stm32f4xx_hal_dma.c ****     {
 539              		.loc 1 270 5 is_stmt 1 view .LVU186
 270:Drivers/STM32F4xx_HAL_Driver/Src/stm32f4xx_hal_dma.c ****     {
 540              		.loc 1 270 19 is_stmt 0 view .LVU187
 541 0086 E36A     		ldr	r3, [r4, #44]
 270:Drivers/STM32F4xx_HAL_Driver/Src/stm32f4xx_hal_dma.c ****     {
 542              		.loc 1 270 8 view .LVU188
 543 0088 1BB1     		cbz	r3, .L37
 272:Drivers/STM32F4xx_HAL_Driver/Src/stm32f4xx_hal_dma.c ****       {
 544              		.loc 1 272 7 is_stmt 1 view .LVU189
 272:Drivers/STM32F4xx_HAL_Driver/Src/stm32f4xx_hal_dma.c ****       {
 545              		.loc 1 272 11 is_stmt 0 view .LVU190
 546 008a 2046     		mov	r0, r4
 547 008c FFF7FEFF 		bl	DMA_CheckFifoParam
 548              	.LVL60:
 272:Drivers/STM32F4xx_HAL_Driver/Src/stm32f4xx_hal_dma.c ****       {
 549              		.loc 1 272 10 discriminator 1 view .LVU191
 550 0090 90B9     		cbnz	r0, .L42
 551              	.L37:
 286:Drivers/STM32F4xx_HAL_Driver/Src/stm32f4xx_hal_dma.c **** 
 552              		.loc 1 286 3 is_stmt 1 view .LVU192
 286:Drivers/STM32F4xx_HAL_Driver/Src/stm32f4xx_hal_dma.c **** 
 553              		.loc 1 286 23 is_stmt 0 view .LVU193
 554 0092 7561     		str	r5, [r6, #20]
 290:Drivers/STM32F4xx_HAL_Driver/Src/stm32f4xx_hal_dma.c ****   
 555              		.loc 1 290 3 is_stmt 1 view .LVU194
 290:Drivers/STM32F4xx_HAL_Driver/Src/stm32f4xx_hal_dma.c ****   
 556              		.loc 1 290 32 is_stmt 0 view .LVU195
 557 0094 2046     		mov	r0, r4
 558 0096 FFF7FEFF 		bl	DMA_CalcBaseAndBitshift
 559              	.LVL61:
 293:Drivers/STM32F4xx_HAL_Driver/Src/stm32f4xx_hal_dma.c **** 
 560              		.loc 1 293 3 is_stmt 1 view .LVU196
 293:Drivers/STM32F4xx_HAL_Driver/Src/stm32f4xx_hal_dma.c **** 
 561              		.loc 1 293 29 is_stmt 0 view .LVU197
 562 009a E26D     		ldr	r2, [r4, #92]
 293:Drivers/STM32F4xx_HAL_Driver/Src/stm32f4xx_hal_dma.c **** 
 563              		.loc 1 293 22 view .LVU198
 564 009c 3F23     		movs	r3, #63
 565 009e 9340     		lsls	r3, r3, r2
 293:Drivers/STM32F4xx_HAL_Driver/Src/stm32f4xx_hal_dma.c **** 
 566              		.loc 1 293 14 view .LVU199
 567 00a0 8360     		str	r3, [r0, #8]
 296:Drivers/STM32F4xx_HAL_Driver/Src/stm32f4xx_hal_dma.c ****                                                                                      
 568              		.loc 1 296 3 is_stmt 1 view .LVU200
 296:Drivers/STM32F4xx_HAL_Driver/Src/stm32f4xx_hal_dma.c ****                                                                                      
 569              		.loc 1 296 19 is_stmt 0 view .LVU201
 570 00a2 0020     		movs	r0, #0
 571              	.LVL62:
 296:Drivers/STM32F4xx_HAL_Driver/Src/stm32f4xx_hal_dma.c ****                                                                                      
 572              		.loc 1 296 19 view .LVU202
ARM GAS  /tmp/ccN3EVao.s 			page 36


 573 00a4 6065     		str	r0, [r4, #84]
 299:Drivers/STM32F4xx_HAL_Driver/Src/stm32f4xx_hal_dma.c **** 
 574              		.loc 1 299 3 is_stmt 1 view .LVU203
 299:Drivers/STM32F4xx_HAL_Driver/Src/stm32f4xx_hal_dma.c **** 
 575              		.loc 1 299 15 is_stmt 0 view .LVU204
 576 00a6 0123     		movs	r3, #1
 577 00a8 84F83530 		strb	r3, [r4, #53]
 301:Drivers/STM32F4xx_HAL_Driver/Src/stm32f4xx_hal_dma.c **** }
 578              		.loc 1 301 3 is_stmt 1 view .LVU205
 301:Drivers/STM32F4xx_HAL_Driver/Src/stm32f4xx_hal_dma.c **** }
 579              		.loc 1 301 10 is_stmt 0 view .LVU206
 580 00ac C9E7     		b	.L33
 581              	.LVL63:
 582              	.L41:
 247:Drivers/STM32F4xx_HAL_Driver/Src/stm32f4xx_hal_dma.c ****   }
 583              		.loc 1 247 5 is_stmt 1 view .LVU207
 247:Drivers/STM32F4xx_HAL_Driver/Src/stm32f4xx_hal_dma.c ****   }
 584              		.loc 1 247 23 is_stmt 0 view .LVU208
 585 00ae E16A     		ldr	r1, [r4, #44]
 247:Drivers/STM32F4xx_HAL_Driver/Src/stm32f4xx_hal_dma.c ****   }
 586              		.loc 1 247 45 view .LVU209
 587 00b0 206B     		ldr	r0, [r4, #48]
 247:Drivers/STM32F4xx_HAL_Driver/Src/stm32f4xx_hal_dma.c ****   }
 588              		.loc 1 247 33 view .LVU210
 589 00b2 0143     		orrs	r1, r1, r0
 247:Drivers/STM32F4xx_HAL_Driver/Src/stm32f4xx_hal_dma.c ****   }
 590              		.loc 1 247 9 view .LVU211
 591 00b4 0A43     		orrs	r2, r2, r1
 592              	.LVL64:
 247:Drivers/STM32F4xx_HAL_Driver/Src/stm32f4xx_hal_dma.c ****   }
 593              		.loc 1 247 9 view .LVU212
 594 00b6 DBE7     		b	.L36
 595              	.LVL65:
 596              	.L42:
 275:Drivers/STM32F4xx_HAL_Driver/Src/stm32f4xx_hal_dma.c ****         
 597              		.loc 1 275 9 is_stmt 1 view .LVU213
 275:Drivers/STM32F4xx_HAL_Driver/Src/stm32f4xx_hal_dma.c ****         
 598              		.loc 1 275 25 is_stmt 0 view .LVU214
 599 00b8 4023     		movs	r3, #64
 600 00ba 6365     		str	r3, [r4, #84]
 278:Drivers/STM32F4xx_HAL_Driver/Src/stm32f4xx_hal_dma.c ****         
 601              		.loc 1 278 9 is_stmt 1 view .LVU215
 278:Drivers/STM32F4xx_HAL_Driver/Src/stm32f4xx_hal_dma.c ****         
 602              		.loc 1 278 21 is_stmt 0 view .LVU216
 603 00bc 0120     		movs	r0, #1
 604 00be 84F83500 		strb	r0, [r4, #53]
 280:Drivers/STM32F4xx_HAL_Driver/Src/stm32f4xx_hal_dma.c ****       }
 605              		.loc 1 280 9 is_stmt 1 view .LVU217
 280:Drivers/STM32F4xx_HAL_Driver/Src/stm32f4xx_hal_dma.c ****       }
 606              		.loc 1 280 16 is_stmt 0 view .LVU218
 607 00c2 BEE7     		b	.L33
 608              	.LVL66:
 609              	.L38:
 180:Drivers/STM32F4xx_HAL_Driver/Src/stm32f4xx_hal_dma.c ****   }
 610              		.loc 1 180 12 view .LVU219
 611 00c4 0120     		movs	r0, #1
 612              	.LVL67:
ARM GAS  /tmp/ccN3EVao.s 			page 37


 180:Drivers/STM32F4xx_HAL_Driver/Src/stm32f4xx_hal_dma.c ****   }
 613              		.loc 1 180 12 view .LVU220
 614 00c6 BCE7     		b	.L33
 615              	.L44:
 616              		.align	2
 617              	.L43:
 618 00c8 3F8010F0 		.word	-267354049
 619              		.cfi_endproc
 620              	.LFE216:
 622              		.section	.text.HAL_DMA_DeInit,"ax",%progbits
 623              		.align	1
 624              		.global	HAL_DMA_DeInit
 625              		.syntax unified
 626              		.thumb
 627              		.thumb_func
 629              	HAL_DMA_DeInit:
 630              	.LVL68:
 631              	.LFB217:
 311:Drivers/STM32F4xx_HAL_Driver/Src/stm32f4xx_hal_dma.c ****   DMA_Base_Registers *regs;
 632              		.loc 1 311 1 is_stmt 1 view -0
 633              		.cfi_startproc
 634              		@ args = 0, pretend = 0, frame = 0
 635              		@ frame_needed = 0, uses_anonymous_args = 0
 312:Drivers/STM32F4xx_HAL_Driver/Src/stm32f4xx_hal_dma.c **** 
 636              		.loc 1 312 3 view .LVU222
 315:Drivers/STM32F4xx_HAL_Driver/Src/stm32f4xx_hal_dma.c ****   {
 637              		.loc 1 315 3 view .LVU223
 315:Drivers/STM32F4xx_HAL_Driver/Src/stm32f4xx_hal_dma.c ****   {
 638              		.loc 1 315 5 is_stmt 0 view .LVU224
 639 0000 0028     		cmp	r0, #0
 640 0002 2DD0     		beq	.L47
 311:Drivers/STM32F4xx_HAL_Driver/Src/stm32f4xx_hal_dma.c ****   DMA_Base_Registers *regs;
 641              		.loc 1 311 1 view .LVU225
 642 0004 38B5     		push	{r3, r4, r5, lr}
 643              		.cfi_def_cfa_offset 16
 644              		.cfi_offset 3, -16
 645              		.cfi_offset 4, -12
 646              		.cfi_offset 5, -8
 647              		.cfi_offset 14, -4
 648 0006 0546     		mov	r5, r0
 321:Drivers/STM32F4xx_HAL_Driver/Src/stm32f4xx_hal_dma.c ****   {
 649              		.loc 1 321 3 is_stmt 1 view .LVU226
 321:Drivers/STM32F4xx_HAL_Driver/Src/stm32f4xx_hal_dma.c ****   {
 650              		.loc 1 321 10 is_stmt 0 view .LVU227
 651 0008 90F83500 		ldrb	r0, [r0, #53]	@ zero_extendqisi2
 652              	.LVL69:
 321:Drivers/STM32F4xx_HAL_Driver/Src/stm32f4xx_hal_dma.c ****   {
 653              		.loc 1 321 10 view .LVU228
 654 000c C0B2     		uxtb	r0, r0
 321:Drivers/STM32F4xx_HAL_Driver/Src/stm32f4xx_hal_dma.c ****   {
 655              		.loc 1 321 5 view .LVU229
 656 000e 0228     		cmp	r0, #2
 657 0010 25D0     		beq	.L46
 328:Drivers/STM32F4xx_HAL_Driver/Src/stm32f4xx_hal_dma.c **** 
 658              		.loc 1 328 3 is_stmt 1 view .LVU230
 331:Drivers/STM32F4xx_HAL_Driver/Src/stm32f4xx_hal_dma.c **** 
 659              		.loc 1 331 3 view .LVU231
ARM GAS  /tmp/ccN3EVao.s 			page 38


 660 0012 2A68     		ldr	r2, [r5]
 661 0014 1368     		ldr	r3, [r2]
 662 0016 23F00103 		bic	r3, r3, #1
 663 001a 1360     		str	r3, [r2]
 334:Drivers/STM32F4xx_HAL_Driver/Src/stm32f4xx_hal_dma.c **** 
 664              		.loc 1 334 3 view .LVU232
 334:Drivers/STM32F4xx_HAL_Driver/Src/stm32f4xx_hal_dma.c **** 
 665              		.loc 1 334 7 is_stmt 0 view .LVU233
 666 001c 2B68     		ldr	r3, [r5]
 334:Drivers/STM32F4xx_HAL_Driver/Src/stm32f4xx_hal_dma.c **** 
 667              		.loc 1 334 24 view .LVU234
 668 001e 0024     		movs	r4, #0
 669 0020 1C60     		str	r4, [r3]
 337:Drivers/STM32F4xx_HAL_Driver/Src/stm32f4xx_hal_dma.c **** 
 670              		.loc 1 337 3 is_stmt 1 view .LVU235
 337:Drivers/STM32F4xx_HAL_Driver/Src/stm32f4xx_hal_dma.c **** 
 671              		.loc 1 337 7 is_stmt 0 view .LVU236
 672 0022 2B68     		ldr	r3, [r5]
 337:Drivers/STM32F4xx_HAL_Driver/Src/stm32f4xx_hal_dma.c **** 
 673              		.loc 1 337 24 view .LVU237
 674 0024 5C60     		str	r4, [r3, #4]
 340:Drivers/STM32F4xx_HAL_Driver/Src/stm32f4xx_hal_dma.c **** 
 675              		.loc 1 340 3 is_stmt 1 view .LVU238
 340:Drivers/STM32F4xx_HAL_Driver/Src/stm32f4xx_hal_dma.c **** 
 676              		.loc 1 340 7 is_stmt 0 view .LVU239
 677 0026 2B68     		ldr	r3, [r5]
 340:Drivers/STM32F4xx_HAL_Driver/Src/stm32f4xx_hal_dma.c **** 
 678              		.loc 1 340 24 view .LVU240
 679 0028 9C60     		str	r4, [r3, #8]
 343:Drivers/STM32F4xx_HAL_Driver/Src/stm32f4xx_hal_dma.c ****   
 680              		.loc 1 343 3 is_stmt 1 view .LVU241
 343:Drivers/STM32F4xx_HAL_Driver/Src/stm32f4xx_hal_dma.c ****   
 681              		.loc 1 343 7 is_stmt 0 view .LVU242
 682 002a 2B68     		ldr	r3, [r5]
 343:Drivers/STM32F4xx_HAL_Driver/Src/stm32f4xx_hal_dma.c ****   
 683              		.loc 1 343 24 view .LVU243
 684 002c DC60     		str	r4, [r3, #12]
 346:Drivers/STM32F4xx_HAL_Driver/Src/stm32f4xx_hal_dma.c ****   
 685              		.loc 1 346 3 is_stmt 1 view .LVU244
 346:Drivers/STM32F4xx_HAL_Driver/Src/stm32f4xx_hal_dma.c ****   
 686              		.loc 1 346 7 is_stmt 0 view .LVU245
 687 002e 2B68     		ldr	r3, [r5]
 346:Drivers/STM32F4xx_HAL_Driver/Src/stm32f4xx_hal_dma.c ****   
 688              		.loc 1 346 24 view .LVU246
 689 0030 1C61     		str	r4, [r3, #16]
 349:Drivers/STM32F4xx_HAL_Driver/Src/stm32f4xx_hal_dma.c ****   
 690              		.loc 1 349 3 is_stmt 1 view .LVU247
 349:Drivers/STM32F4xx_HAL_Driver/Src/stm32f4xx_hal_dma.c ****   
 691              		.loc 1 349 7 is_stmt 0 view .LVU248
 692 0032 2B68     		ldr	r3, [r5]
 349:Drivers/STM32F4xx_HAL_Driver/Src/stm32f4xx_hal_dma.c ****   
 693              		.loc 1 349 24 view .LVU249
 694 0034 2122     		movs	r2, #33
 695 0036 5A61     		str	r2, [r3, #20]
 352:Drivers/STM32F4xx_HAL_Driver/Src/stm32f4xx_hal_dma.c ****   
 696              		.loc 1 352 3 is_stmt 1 view .LVU250
 352:Drivers/STM32F4xx_HAL_Driver/Src/stm32f4xx_hal_dma.c ****   
ARM GAS  /tmp/ccN3EVao.s 			page 39


 697              		.loc 1 352 32 is_stmt 0 view .LVU251
 698 0038 2846     		mov	r0, r5
 699 003a FFF7FEFF 		bl	DMA_CalcBaseAndBitshift
 700              	.LVL70:
 355:Drivers/STM32F4xx_HAL_Driver/Src/stm32f4xx_hal_dma.c ****   hdma->XferHalfCpltCallback = NULL;
 701              		.loc 1 355 3 is_stmt 1 view .LVU252
 355:Drivers/STM32F4xx_HAL_Driver/Src/stm32f4xx_hal_dma.c ****   hdma->XferHalfCpltCallback = NULL;
 702              		.loc 1 355 26 is_stmt 0 view .LVU253
 703 003e EC63     		str	r4, [r5, #60]
 356:Drivers/STM32F4xx_HAL_Driver/Src/stm32f4xx_hal_dma.c ****   hdma->XferM1CpltCallback = NULL;
 704              		.loc 1 356 3 is_stmt 1 view .LVU254
 356:Drivers/STM32F4xx_HAL_Driver/Src/stm32f4xx_hal_dma.c ****   hdma->XferM1CpltCallback = NULL;
 705              		.loc 1 356 30 is_stmt 0 view .LVU255
 706 0040 2C64     		str	r4, [r5, #64]
 357:Drivers/STM32F4xx_HAL_Driver/Src/stm32f4xx_hal_dma.c ****   hdma->XferM1HalfCpltCallback = NULL;
 707              		.loc 1 357 3 is_stmt 1 view .LVU256
 357:Drivers/STM32F4xx_HAL_Driver/Src/stm32f4xx_hal_dma.c ****   hdma->XferM1HalfCpltCallback = NULL;
 708              		.loc 1 357 28 is_stmt 0 view .LVU257
 709 0042 6C64     		str	r4, [r5, #68]
 358:Drivers/STM32F4xx_HAL_Driver/Src/stm32f4xx_hal_dma.c ****   hdma->XferErrorCallback = NULL;
 710              		.loc 1 358 3 is_stmt 1 view .LVU258
 358:Drivers/STM32F4xx_HAL_Driver/Src/stm32f4xx_hal_dma.c ****   hdma->XferErrorCallback = NULL;
 711              		.loc 1 358 32 is_stmt 0 view .LVU259
 712 0044 AC64     		str	r4, [r5, #72]
 359:Drivers/STM32F4xx_HAL_Driver/Src/stm32f4xx_hal_dma.c ****   hdma->XferAbortCallback = NULL;
 713              		.loc 1 359 3 is_stmt 1 view .LVU260
 359:Drivers/STM32F4xx_HAL_Driver/Src/stm32f4xx_hal_dma.c ****   hdma->XferAbortCallback = NULL;
 714              		.loc 1 359 27 is_stmt 0 view .LVU261
 715 0046 EC64     		str	r4, [r5, #76]
 360:Drivers/STM32F4xx_HAL_Driver/Src/stm32f4xx_hal_dma.c **** 
 716              		.loc 1 360 3 is_stmt 1 view .LVU262
 360:Drivers/STM32F4xx_HAL_Driver/Src/stm32f4xx_hal_dma.c **** 
 717              		.loc 1 360 27 is_stmt 0 view .LVU263
 718 0048 2C65     		str	r4, [r5, #80]
 363:Drivers/STM32F4xx_HAL_Driver/Src/stm32f4xx_hal_dma.c **** 
 719              		.loc 1 363 3 is_stmt 1 view .LVU264
 363:Drivers/STM32F4xx_HAL_Driver/Src/stm32f4xx_hal_dma.c **** 
 720              		.loc 1 363 29 is_stmt 0 view .LVU265
 721 004a EA6D     		ldr	r2, [r5, #92]
 363:Drivers/STM32F4xx_HAL_Driver/Src/stm32f4xx_hal_dma.c **** 
 722              		.loc 1 363 22 view .LVU266
 723 004c 3F23     		movs	r3, #63
 724 004e 9340     		lsls	r3, r3, r2
 363:Drivers/STM32F4xx_HAL_Driver/Src/stm32f4xx_hal_dma.c **** 
 725              		.loc 1 363 14 view .LVU267
 726 0050 8360     		str	r3, [r0, #8]
 366:Drivers/STM32F4xx_HAL_Driver/Src/stm32f4xx_hal_dma.c **** 
 727              		.loc 1 366 3 is_stmt 1 view .LVU268
 366:Drivers/STM32F4xx_HAL_Driver/Src/stm32f4xx_hal_dma.c **** 
 728              		.loc 1 366 19 is_stmt 0 view .LVU269
 729 0052 6C65     		str	r4, [r5, #84]
 369:Drivers/STM32F4xx_HAL_Driver/Src/stm32f4xx_hal_dma.c **** 
 730              		.loc 1 369 3 is_stmt 1 view .LVU270
 369:Drivers/STM32F4xx_HAL_Driver/Src/stm32f4xx_hal_dma.c **** 
 731              		.loc 1 369 15 is_stmt 0 view .LVU271
 732 0054 85F83540 		strb	r4, [r5, #53]
 372:Drivers/STM32F4xx_HAL_Driver/Src/stm32f4xx_hal_dma.c **** 
ARM GAS  /tmp/ccN3EVao.s 			page 40


 733              		.loc 1 372 3 is_stmt 1 view .LVU272
 372:Drivers/STM32F4xx_HAL_Driver/Src/stm32f4xx_hal_dma.c **** 
 734              		.loc 1 372 3 view .LVU273
 735 0058 85F83440 		strb	r4, [r5, #52]
 372:Drivers/STM32F4xx_HAL_Driver/Src/stm32f4xx_hal_dma.c **** 
 736              		.loc 1 372 3 view .LVU274
 374:Drivers/STM32F4xx_HAL_Driver/Src/stm32f4xx_hal_dma.c **** }
 737              		.loc 1 374 3 view .LVU275
 374:Drivers/STM32F4xx_HAL_Driver/Src/stm32f4xx_hal_dma.c **** }
 738              		.loc 1 374 10 is_stmt 0 view .LVU276
 739 005c 2046     		mov	r0, r4
 740              	.LVL71:
 741              	.L46:
 375:Drivers/STM32F4xx_HAL_Driver/Src/stm32f4xx_hal_dma.c **** 
 742              		.loc 1 375 1 view .LVU277
 743 005e 38BD     		pop	{r3, r4, r5, pc}
 744              	.LVL72:
 745              	.L47:
 746              		.cfi_def_cfa_offset 0
 747              		.cfi_restore 3
 748              		.cfi_restore 4
 749              		.cfi_restore 5
 750              		.cfi_restore 14
 317:Drivers/STM32F4xx_HAL_Driver/Src/stm32f4xx_hal_dma.c ****   }
 751              		.loc 1 317 12 view .LVU278
 752 0060 0120     		movs	r0, #1
 753              	.LVL73:
 375:Drivers/STM32F4xx_HAL_Driver/Src/stm32f4xx_hal_dma.c **** 
 754              		.loc 1 375 1 view .LVU279
 755 0062 7047     		bx	lr
 756              		.cfi_endproc
 757              	.LFE217:
 759              		.section	.text.HAL_DMA_Start,"ax",%progbits
 760              		.align	1
 761              		.global	HAL_DMA_Start
 762              		.syntax unified
 763              		.thumb
 764              		.thumb_func
 766              	HAL_DMA_Start:
 767              	.LVL74:
 768              	.LFB218:
 409:Drivers/STM32F4xx_HAL_Driver/Src/stm32f4xx_hal_dma.c ****   HAL_StatusTypeDef status = HAL_OK;
 769              		.loc 1 409 1 is_stmt 1 view -0
 770              		.cfi_startproc
 771              		@ args = 0, pretend = 0, frame = 0
 772              		@ frame_needed = 0, uses_anonymous_args = 0
 409:Drivers/STM32F4xx_HAL_Driver/Src/stm32f4xx_hal_dma.c ****   HAL_StatusTypeDef status = HAL_OK;
 773              		.loc 1 409 1 is_stmt 0 view .LVU281
 774 0000 38B5     		push	{r3, r4, r5, lr}
 775              		.cfi_def_cfa_offset 16
 776              		.cfi_offset 3, -16
 777              		.cfi_offset 4, -12
 778              		.cfi_offset 5, -8
 779              		.cfi_offset 14, -4
 780 0002 0446     		mov	r4, r0
 410:Drivers/STM32F4xx_HAL_Driver/Src/stm32f4xx_hal_dma.c ****   
 781              		.loc 1 410 3 is_stmt 1 view .LVU282
ARM GAS  /tmp/ccN3EVao.s 			page 41


 782              	.LVL75:
 413:Drivers/STM32F4xx_HAL_Driver/Src/stm32f4xx_hal_dma.c **** 
 783              		.loc 1 413 3 view .LVU283
 416:Drivers/STM32F4xx_HAL_Driver/Src/stm32f4xx_hal_dma.c **** 
 784              		.loc 1 416 3 view .LVU284
 416:Drivers/STM32F4xx_HAL_Driver/Src/stm32f4xx_hal_dma.c **** 
 785              		.loc 1 416 3 view .LVU285
 786 0004 90F83400 		ldrb	r0, [r0, #52]	@ zero_extendqisi2
 787              	.LVL76:
 416:Drivers/STM32F4xx_HAL_Driver/Src/stm32f4xx_hal_dma.c **** 
 788              		.loc 1 416 3 is_stmt 0 view .LVU286
 789 0008 0128     		cmp	r0, #1
 790 000a 1BD0     		beq	.L55
 416:Drivers/STM32F4xx_HAL_Driver/Src/stm32f4xx_hal_dma.c **** 
 791              		.loc 1 416 3 is_stmt 1 discriminator 2 view .LVU287
 792 000c 0120     		movs	r0, #1
 793 000e 84F83400 		strb	r0, [r4, #52]
 416:Drivers/STM32F4xx_HAL_Driver/Src/stm32f4xx_hal_dma.c **** 
 794              		.loc 1 416 3 discriminator 2 view .LVU288
 418:Drivers/STM32F4xx_HAL_Driver/Src/stm32f4xx_hal_dma.c ****   {
 795              		.loc 1 418 3 view .LVU289
 418:Drivers/STM32F4xx_HAL_Driver/Src/stm32f4xx_hal_dma.c ****   {
 796              		.loc 1 418 33 is_stmt 0 view .LVU290
 797 0012 94F83500 		ldrb	r0, [r4, #53]	@ zero_extendqisi2
 798 0016 C0B2     		uxtb	r0, r0
 418:Drivers/STM32F4xx_HAL_Driver/Src/stm32f4xx_hal_dma.c ****   {
 799              		.loc 1 418 5 view .LVU291
 800 0018 0128     		cmp	r0, #1
 801 001a 04D0     		beq	.L57
 435:Drivers/STM32F4xx_HAL_Driver/Src/stm32f4xx_hal_dma.c ****     
 802              		.loc 1 435 5 is_stmt 1 view .LVU292
 435:Drivers/STM32F4xx_HAL_Driver/Src/stm32f4xx_hal_dma.c ****     
 803              		.loc 1 435 5 view .LVU293
 804 001c 0023     		movs	r3, #0
 805              	.LVL77:
 435:Drivers/STM32F4xx_HAL_Driver/Src/stm32f4xx_hal_dma.c ****     
 806              		.loc 1 435 5 is_stmt 0 view .LVU294
 807 001e 84F83430 		strb	r3, [r4, #52]
 435:Drivers/STM32F4xx_HAL_Driver/Src/stm32f4xx_hal_dma.c ****     
 808              		.loc 1 435 5 is_stmt 1 view .LVU295
 438:Drivers/STM32F4xx_HAL_Driver/Src/stm32f4xx_hal_dma.c ****   } 
 809              		.loc 1 438 5 view .LVU296
 810              	.LVL78:
 438:Drivers/STM32F4xx_HAL_Driver/Src/stm32f4xx_hal_dma.c ****   } 
 811              		.loc 1 438 12 is_stmt 0 view .LVU297
 812 0022 0220     		movs	r0, #2
 813              	.LVL79:
 814              	.L53:
 441:Drivers/STM32F4xx_HAL_Driver/Src/stm32f4xx_hal_dma.c **** 
 815              		.loc 1 441 1 view .LVU298
 816 0024 38BD     		pop	{r3, r4, r5, pc}
 817              	.LVL80:
 818              	.L57:
 421:Drivers/STM32F4xx_HAL_Driver/Src/stm32f4xx_hal_dma.c ****     
 819              		.loc 1 421 5 is_stmt 1 view .LVU299
 421:Drivers/STM32F4xx_HAL_Driver/Src/stm32f4xx_hal_dma.c ****     
 820              		.loc 1 421 17 is_stmt 0 view .LVU300
ARM GAS  /tmp/ccN3EVao.s 			page 42


 821 0026 0220     		movs	r0, #2
 822 0028 84F83500 		strb	r0, [r4, #53]
 424:Drivers/STM32F4xx_HAL_Driver/Src/stm32f4xx_hal_dma.c ****     
 823              		.loc 1 424 5 is_stmt 1 view .LVU301
 424:Drivers/STM32F4xx_HAL_Driver/Src/stm32f4xx_hal_dma.c ****     
 824              		.loc 1 424 21 is_stmt 0 view .LVU302
 825 002c 0025     		movs	r5, #0
 826 002e 6565     		str	r5, [r4, #84]
 427:Drivers/STM32F4xx_HAL_Driver/Src/stm32f4xx_hal_dma.c **** 
 827              		.loc 1 427 5 is_stmt 1 view .LVU303
 828 0030 2046     		mov	r0, r4
 829 0032 FFF7FEFF 		bl	DMA_SetConfig
 830              	.LVL81:
 430:Drivers/STM32F4xx_HAL_Driver/Src/stm32f4xx_hal_dma.c ****   }
 831              		.loc 1 430 5 view .LVU304
 832 0036 2268     		ldr	r2, [r4]
 833 0038 1368     		ldr	r3, [r2]
 834 003a 43F00103 		orr	r3, r3, #1
 835 003e 1360     		str	r3, [r2]
 410:Drivers/STM32F4xx_HAL_Driver/Src/stm32f4xx_hal_dma.c ****   
 836              		.loc 1 410 21 is_stmt 0 view .LVU305
 837 0040 2846     		mov	r0, r5
 838 0042 EFE7     		b	.L53
 839              	.LVL82:
 840              	.L55:
 416:Drivers/STM32F4xx_HAL_Driver/Src/stm32f4xx_hal_dma.c **** 
 841              		.loc 1 416 3 discriminator 1 view .LVU306
 842 0044 0220     		movs	r0, #2
 843 0046 EDE7     		b	.L53
 844              		.cfi_endproc
 845              	.LFE218:
 847              		.section	.text.HAL_DMA_Start_IT,"ax",%progbits
 848              		.align	1
 849              		.global	HAL_DMA_Start_IT
 850              		.syntax unified
 851              		.thumb
 852              		.thumb_func
 854              	HAL_DMA_Start_IT:
 855              	.LVL83:
 856              	.LFB219:
 453:Drivers/STM32F4xx_HAL_Driver/Src/stm32f4xx_hal_dma.c ****   HAL_StatusTypeDef status = HAL_OK;
 857              		.loc 1 453 1 is_stmt 1 view -0
 858              		.cfi_startproc
 859              		@ args = 0, pretend = 0, frame = 0
 860              		@ frame_needed = 0, uses_anonymous_args = 0
 453:Drivers/STM32F4xx_HAL_Driver/Src/stm32f4xx_hal_dma.c ****   HAL_StatusTypeDef status = HAL_OK;
 861              		.loc 1 453 1 is_stmt 0 view .LVU308
 862 0000 38B5     		push	{r3, r4, r5, lr}
 863              		.cfi_def_cfa_offset 16
 864              		.cfi_offset 3, -16
 865              		.cfi_offset 4, -12
 866              		.cfi_offset 5, -8
 867              		.cfi_offset 14, -4
 868 0002 0446     		mov	r4, r0
 454:Drivers/STM32F4xx_HAL_Driver/Src/stm32f4xx_hal_dma.c **** 
 869              		.loc 1 454 3 is_stmt 1 view .LVU309
 870              	.LVL84:
ARM GAS  /tmp/ccN3EVao.s 			page 43


 457:Drivers/STM32F4xx_HAL_Driver/Src/stm32f4xx_hal_dma.c ****   
 871              		.loc 1 457 3 view .LVU310
 457:Drivers/STM32F4xx_HAL_Driver/Src/stm32f4xx_hal_dma.c ****   
 872              		.loc 1 457 56 is_stmt 0 view .LVU311
 873 0004 856D     		ldr	r5, [r0, #88]
 874              	.LVL85:
 460:Drivers/STM32F4xx_HAL_Driver/Src/stm32f4xx_hal_dma.c ****  
 875              		.loc 1 460 3 is_stmt 1 view .LVU312
 463:Drivers/STM32F4xx_HAL_Driver/Src/stm32f4xx_hal_dma.c ****   
 876              		.loc 1 463 3 view .LVU313
 463:Drivers/STM32F4xx_HAL_Driver/Src/stm32f4xx_hal_dma.c ****   
 877              		.loc 1 463 3 view .LVU314
 878 0006 90F83400 		ldrb	r0, [r0, #52]	@ zero_extendqisi2
 879              	.LVL86:
 463:Drivers/STM32F4xx_HAL_Driver/Src/stm32f4xx_hal_dma.c ****   
 880              		.loc 1 463 3 is_stmt 0 view .LVU315
 881 000a 0128     		cmp	r0, #1
 882 000c 2BD0     		beq	.L62
 463:Drivers/STM32F4xx_HAL_Driver/Src/stm32f4xx_hal_dma.c ****   
 883              		.loc 1 463 3 is_stmt 1 discriminator 2 view .LVU316
 884 000e 0120     		movs	r0, #1
 885 0010 84F83400 		strb	r0, [r4, #52]
 463:Drivers/STM32F4xx_HAL_Driver/Src/stm32f4xx_hal_dma.c ****   
 886              		.loc 1 463 3 discriminator 2 view .LVU317
 465:Drivers/STM32F4xx_HAL_Driver/Src/stm32f4xx_hal_dma.c ****   {
 887              		.loc 1 465 3 view .LVU318
 465:Drivers/STM32F4xx_HAL_Driver/Src/stm32f4xx_hal_dma.c ****   {
 888              		.loc 1 465 33 is_stmt 0 view .LVU319
 889 0014 94F83500 		ldrb	r0, [r4, #53]	@ zero_extendqisi2
 890 0018 C0B2     		uxtb	r0, r0
 465:Drivers/STM32F4xx_HAL_Driver/Src/stm32f4xx_hal_dma.c ****   {
 891              		.loc 1 465 5 view .LVU320
 892 001a 0128     		cmp	r0, #1
 893 001c 04D0     		beq	.L64
 493:Drivers/STM32F4xx_HAL_Driver/Src/stm32f4xx_hal_dma.c ****     
 894              		.loc 1 493 5 is_stmt 1 view .LVU321
 493:Drivers/STM32F4xx_HAL_Driver/Src/stm32f4xx_hal_dma.c ****     
 895              		.loc 1 493 5 view .LVU322
 896 001e 0023     		movs	r3, #0
 897              	.LVL87:
 493:Drivers/STM32F4xx_HAL_Driver/Src/stm32f4xx_hal_dma.c ****     
 898              		.loc 1 493 5 is_stmt 0 view .LVU323
 899 0020 84F83430 		strb	r3, [r4, #52]
 493:Drivers/STM32F4xx_HAL_Driver/Src/stm32f4xx_hal_dma.c ****     
 900              		.loc 1 493 5 is_stmt 1 view .LVU324
 496:Drivers/STM32F4xx_HAL_Driver/Src/stm32f4xx_hal_dma.c ****   }
 901              		.loc 1 496 5 view .LVU325
 902              	.LVL88:
 496:Drivers/STM32F4xx_HAL_Driver/Src/stm32f4xx_hal_dma.c ****   }
 903              		.loc 1 496 12 is_stmt 0 view .LVU326
 904 0024 0220     		movs	r0, #2
 905              	.LVL89:
 906              	.L59:
 500:Drivers/STM32F4xx_HAL_Driver/Src/stm32f4xx_hal_dma.c **** 
 907              		.loc 1 500 1 view .LVU327
 908 0026 38BD     		pop	{r3, r4, r5, pc}
 909              	.LVL90:
ARM GAS  /tmp/ccN3EVao.s 			page 44


 910              	.L64:
 468:Drivers/STM32F4xx_HAL_Driver/Src/stm32f4xx_hal_dma.c ****     
 911              		.loc 1 468 5 is_stmt 1 view .LVU328
 468:Drivers/STM32F4xx_HAL_Driver/Src/stm32f4xx_hal_dma.c ****     
 912              		.loc 1 468 17 is_stmt 0 view .LVU329
 913 0028 0220     		movs	r0, #2
 914 002a 84F83500 		strb	r0, [r4, #53]
 471:Drivers/STM32F4xx_HAL_Driver/Src/stm32f4xx_hal_dma.c ****     
 915              		.loc 1 471 5 is_stmt 1 view .LVU330
 471:Drivers/STM32F4xx_HAL_Driver/Src/stm32f4xx_hal_dma.c ****     
 916              		.loc 1 471 21 is_stmt 0 view .LVU331
 917 002e 0020     		movs	r0, #0
 918 0030 6065     		str	r0, [r4, #84]
 474:Drivers/STM32F4xx_HAL_Driver/Src/stm32f4xx_hal_dma.c ****     
 919              		.loc 1 474 5 is_stmt 1 view .LVU332
 920 0032 2046     		mov	r0, r4
 921 0034 FFF7FEFF 		bl	DMA_SetConfig
 922              	.LVL91:
 477:Drivers/STM32F4xx_HAL_Driver/Src/stm32f4xx_hal_dma.c ****     
 923              		.loc 1 477 5 view .LVU333
 477:Drivers/STM32F4xx_HAL_Driver/Src/stm32f4xx_hal_dma.c ****     
 924              		.loc 1 477 31 is_stmt 0 view .LVU334
 925 0038 E26D     		ldr	r2, [r4, #92]
 477:Drivers/STM32F4xx_HAL_Driver/Src/stm32f4xx_hal_dma.c ****     
 926              		.loc 1 477 24 view .LVU335
 927 003a 3F23     		movs	r3, #63
 928 003c 9340     		lsls	r3, r3, r2
 477:Drivers/STM32F4xx_HAL_Driver/Src/stm32f4xx_hal_dma.c ****     
 929              		.loc 1 477 16 view .LVU336
 930 003e AB60     		str	r3, [r5, #8]
 480:Drivers/STM32F4xx_HAL_Driver/Src/stm32f4xx_hal_dma.c ****     
 931              		.loc 1 480 5 is_stmt 1 view .LVU337
 480:Drivers/STM32F4xx_HAL_Driver/Src/stm32f4xx_hal_dma.c ****     
 932              		.loc 1 480 9 is_stmt 0 view .LVU338
 933 0040 2268     		ldr	r2, [r4]
 480:Drivers/STM32F4xx_HAL_Driver/Src/stm32f4xx_hal_dma.c ****     
 934              		.loc 1 480 19 view .LVU339
 935 0042 1368     		ldr	r3, [r2]
 480:Drivers/STM32F4xx_HAL_Driver/Src/stm32f4xx_hal_dma.c ****     
 936              		.loc 1 480 25 view .LVU340
 937 0044 43F01603 		orr	r3, r3, #22
 938 0048 1360     		str	r3, [r2]
 482:Drivers/STM32F4xx_HAL_Driver/Src/stm32f4xx_hal_dma.c ****     {
 939              		.loc 1 482 5 is_stmt 1 view .LVU341
 482:Drivers/STM32F4xx_HAL_Driver/Src/stm32f4xx_hal_dma.c ****     {
 940              		.loc 1 482 12 is_stmt 0 view .LVU342
 941 004a 236C     		ldr	r3, [r4, #64]
 482:Drivers/STM32F4xx_HAL_Driver/Src/stm32f4xx_hal_dma.c ****     {
 942              		.loc 1 482 7 view .LVU343
 943 004c 23B1     		cbz	r3, .L61
 484:Drivers/STM32F4xx_HAL_Driver/Src/stm32f4xx_hal_dma.c ****     }
 944              		.loc 1 484 7 is_stmt 1 view .LVU344
 484:Drivers/STM32F4xx_HAL_Driver/Src/stm32f4xx_hal_dma.c ****     }
 945              		.loc 1 484 11 is_stmt 0 view .LVU345
 946 004e 2268     		ldr	r2, [r4]
 484:Drivers/STM32F4xx_HAL_Driver/Src/stm32f4xx_hal_dma.c ****     }
 947              		.loc 1 484 21 view .LVU346
ARM GAS  /tmp/ccN3EVao.s 			page 45


 948 0050 1368     		ldr	r3, [r2]
 484:Drivers/STM32F4xx_HAL_Driver/Src/stm32f4xx_hal_dma.c ****     }
 949              		.loc 1 484 27 view .LVU347
 950 0052 43F00803 		orr	r3, r3, #8
 951 0056 1360     		str	r3, [r2]
 952              	.L61:
 488:Drivers/STM32F4xx_HAL_Driver/Src/stm32f4xx_hal_dma.c ****   }
 953              		.loc 1 488 5 is_stmt 1 view .LVU348
 954 0058 2268     		ldr	r2, [r4]
 955 005a 1368     		ldr	r3, [r2]
 956 005c 43F00103 		orr	r3, r3, #1
 957 0060 1360     		str	r3, [r2]
 454:Drivers/STM32F4xx_HAL_Driver/Src/stm32f4xx_hal_dma.c **** 
 958              		.loc 1 454 21 is_stmt 0 view .LVU349
 959 0062 0020     		movs	r0, #0
 960 0064 DFE7     		b	.L59
 961              	.LVL92:
 962              	.L62:
 463:Drivers/STM32F4xx_HAL_Driver/Src/stm32f4xx_hal_dma.c ****   
 963              		.loc 1 463 3 discriminator 1 view .LVU350
 964 0066 0220     		movs	r0, #2
 965 0068 DDE7     		b	.L59
 966              		.cfi_endproc
 967              	.LFE219:
 969              		.section	.text.HAL_DMA_Abort,"ax",%progbits
 970              		.align	1
 971              		.global	HAL_DMA_Abort
 972              		.syntax unified
 973              		.thumb
 974              		.thumb_func
 976              	HAL_DMA_Abort:
 977              	.LVL93:
 978              	.LFB220:
 515:Drivers/STM32F4xx_HAL_Driver/Src/stm32f4xx_hal_dma.c ****   /* calculate DMA base and stream number */
 979              		.loc 1 515 1 is_stmt 1 view -0
 980              		.cfi_startproc
 981              		@ args = 0, pretend = 0, frame = 0
 982              		@ frame_needed = 0, uses_anonymous_args = 0
 515:Drivers/STM32F4xx_HAL_Driver/Src/stm32f4xx_hal_dma.c ****   /* calculate DMA base and stream number */
 983              		.loc 1 515 1 is_stmt 0 view .LVU352
 984 0000 70B5     		push	{r4, r5, r6, lr}
 985              		.cfi_def_cfa_offset 16
 986              		.cfi_offset 4, -16
 987              		.cfi_offset 5, -12
 988              		.cfi_offset 6, -8
 989              		.cfi_offset 14, -4
 990 0002 0446     		mov	r4, r0
 517:Drivers/STM32F4xx_HAL_Driver/Src/stm32f4xx_hal_dma.c ****   
 991              		.loc 1 517 3 is_stmt 1 view .LVU353
 517:Drivers/STM32F4xx_HAL_Driver/Src/stm32f4xx_hal_dma.c ****   
 992              		.loc 1 517 56 is_stmt 0 view .LVU354
 993 0004 866D     		ldr	r6, [r0, #88]
 994              	.LVL94:
 519:Drivers/STM32F4xx_HAL_Driver/Src/stm32f4xx_hal_dma.c ****   
 995              		.loc 1 519 3 is_stmt 1 view .LVU355
 519:Drivers/STM32F4xx_HAL_Driver/Src/stm32f4xx_hal_dma.c ****   
 996              		.loc 1 519 24 is_stmt 0 view .LVU356
ARM GAS  /tmp/ccN3EVao.s 			page 46


 997 0006 FFF7FEFF 		bl	HAL_GetTick
 998              	.LVL95:
 521:Drivers/STM32F4xx_HAL_Driver/Src/stm32f4xx_hal_dma.c ****   {
 999              		.loc 1 521 3 is_stmt 1 view .LVU357
 521:Drivers/STM32F4xx_HAL_Driver/Src/stm32f4xx_hal_dma.c ****   {
 1000              		.loc 1 521 10 is_stmt 0 view .LVU358
 1001 000a 94F83530 		ldrb	r3, [r4, #53]	@ zero_extendqisi2
 1002 000e DBB2     		uxtb	r3, r3
 521:Drivers/STM32F4xx_HAL_Driver/Src/stm32f4xx_hal_dma.c ****   {
 1003              		.loc 1 521 5 view .LVU359
 1004 0010 022B     		cmp	r3, #2
 1005 0012 06D0     		beq	.L66
 523:Drivers/STM32F4xx_HAL_Driver/Src/stm32f4xx_hal_dma.c ****     
 1006              		.loc 1 523 5 is_stmt 1 view .LVU360
 523:Drivers/STM32F4xx_HAL_Driver/Src/stm32f4xx_hal_dma.c ****     
 1007              		.loc 1 523 21 is_stmt 0 view .LVU361
 1008 0014 8023     		movs	r3, #128
 1009 0016 6365     		str	r3, [r4, #84]
 526:Drivers/STM32F4xx_HAL_Driver/Src/stm32f4xx_hal_dma.c ****     
 1010              		.loc 1 526 5 is_stmt 1 view .LVU362
 526:Drivers/STM32F4xx_HAL_Driver/Src/stm32f4xx_hal_dma.c ****     
 1011              		.loc 1 526 5 view .LVU363
 1012 0018 0023     		movs	r3, #0
 1013 001a 84F83430 		strb	r3, [r4, #52]
 526:Drivers/STM32F4xx_HAL_Driver/Src/stm32f4xx_hal_dma.c ****     
 1014              		.loc 1 526 5 view .LVU364
 528:Drivers/STM32F4xx_HAL_Driver/Src/stm32f4xx_hal_dma.c ****   }
 1015              		.loc 1 528 5 view .LVU365
 528:Drivers/STM32F4xx_HAL_Driver/Src/stm32f4xx_hal_dma.c ****   }
 1016              		.loc 1 528 12 is_stmt 0 view .LVU366
 1017 001e 0120     		movs	r0, #1
 1018              	.LVL96:
 1019              	.L67:
 573:Drivers/STM32F4xx_HAL_Driver/Src/stm32f4xx_hal_dma.c **** 
 1020              		.loc 1 573 1 view .LVU367
 1021 0020 70BD     		pop	{r4, r5, r6, pc}
 1022              	.LVL97:
 1023              	.L66:
 573:Drivers/STM32F4xx_HAL_Driver/Src/stm32f4xx_hal_dma.c **** 
 1024              		.loc 1 573 1 view .LVU368
 1025 0022 0546     		mov	r5, r0
 533:Drivers/STM32F4xx_HAL_Driver/Src/stm32f4xx_hal_dma.c ****     hdma->Instance->FCR &= ~(DMA_IT_FE);
 1026              		.loc 1 533 5 is_stmt 1 view .LVU369
 533:Drivers/STM32F4xx_HAL_Driver/Src/stm32f4xx_hal_dma.c ****     hdma->Instance->FCR &= ~(DMA_IT_FE);
 1027              		.loc 1 533 9 is_stmt 0 view .LVU370
 1028 0024 2268     		ldr	r2, [r4]
 533:Drivers/STM32F4xx_HAL_Driver/Src/stm32f4xx_hal_dma.c ****     hdma->Instance->FCR &= ~(DMA_IT_FE);
 1029              		.loc 1 533 19 view .LVU371
 1030 0026 1368     		ldr	r3, [r2]
 533:Drivers/STM32F4xx_HAL_Driver/Src/stm32f4xx_hal_dma.c ****     hdma->Instance->FCR &= ~(DMA_IT_FE);
 1031              		.loc 1 533 25 view .LVU372
 1032 0028 23F01603 		bic	r3, r3, #22
 1033 002c 1360     		str	r3, [r2]
 534:Drivers/STM32F4xx_HAL_Driver/Src/stm32f4xx_hal_dma.c ****     
 1034              		.loc 1 534 5 is_stmt 1 view .LVU373
 534:Drivers/STM32F4xx_HAL_Driver/Src/stm32f4xx_hal_dma.c ****     
 1035              		.loc 1 534 9 is_stmt 0 view .LVU374
ARM GAS  /tmp/ccN3EVao.s 			page 47


 1036 002e 2268     		ldr	r2, [r4]
 534:Drivers/STM32F4xx_HAL_Driver/Src/stm32f4xx_hal_dma.c ****     
 1037              		.loc 1 534 19 view .LVU375
 1038 0030 5369     		ldr	r3, [r2, #20]
 534:Drivers/STM32F4xx_HAL_Driver/Src/stm32f4xx_hal_dma.c ****     
 1039              		.loc 1 534 25 view .LVU376
 1040 0032 23F08003 		bic	r3, r3, #128
 1041 0036 5361     		str	r3, [r2, #20]
 536:Drivers/STM32F4xx_HAL_Driver/Src/stm32f4xx_hal_dma.c ****     {
 1042              		.loc 1 536 5 is_stmt 1 view .LVU377
 536:Drivers/STM32F4xx_HAL_Driver/Src/stm32f4xx_hal_dma.c ****     {
 1043              		.loc 1 536 13 is_stmt 0 view .LVU378
 1044 0038 236C     		ldr	r3, [r4, #64]
 536:Drivers/STM32F4xx_HAL_Driver/Src/stm32f4xx_hal_dma.c ****     {
 1045              		.loc 1 536 7 view .LVU379
 1046 003a E3B1     		cbz	r3, .L73
 1047              	.L68:
 538:Drivers/STM32F4xx_HAL_Driver/Src/stm32f4xx_hal_dma.c ****     }
 1048              		.loc 1 538 7 is_stmt 1 view .LVU380
 538:Drivers/STM32F4xx_HAL_Driver/Src/stm32f4xx_hal_dma.c ****     }
 1049              		.loc 1 538 11 is_stmt 0 view .LVU381
 1050 003c 2268     		ldr	r2, [r4]
 538:Drivers/STM32F4xx_HAL_Driver/Src/stm32f4xx_hal_dma.c ****     }
 1051              		.loc 1 538 21 view .LVU382
 1052 003e 1368     		ldr	r3, [r2]
 538:Drivers/STM32F4xx_HAL_Driver/Src/stm32f4xx_hal_dma.c ****     }
 1053              		.loc 1 538 27 view .LVU383
 1054 0040 23F00803 		bic	r3, r3, #8
 1055 0044 1360     		str	r3, [r2]
 1056              	.L69:
 542:Drivers/STM32F4xx_HAL_Driver/Src/stm32f4xx_hal_dma.c ****     
 1057              		.loc 1 542 5 is_stmt 1 view .LVU384
 1058 0046 2268     		ldr	r2, [r4]
 1059 0048 1368     		ldr	r3, [r2]
 1060 004a 23F00103 		bic	r3, r3, #1
 1061 004e 1360     		str	r3, [r2]
 545:Drivers/STM32F4xx_HAL_Driver/Src/stm32f4xx_hal_dma.c ****     {
 1062              		.loc 1 545 5 view .LVU385
 1063              	.LVL98:
 1064              	.L70:
 545:Drivers/STM32F4xx_HAL_Driver/Src/stm32f4xx_hal_dma.c ****     {
 1065              		.loc 1 545 46 view .LVU386
 545:Drivers/STM32F4xx_HAL_Driver/Src/stm32f4xx_hal_dma.c ****     {
 1066              		.loc 1 545 16 is_stmt 0 view .LVU387
 1067 0050 2368     		ldr	r3, [r4]
 545:Drivers/STM32F4xx_HAL_Driver/Src/stm32f4xx_hal_dma.c ****     {
 1068              		.loc 1 545 26 view .LVU388
 1069 0052 1B68     		ldr	r3, [r3]
 545:Drivers/STM32F4xx_HAL_Driver/Src/stm32f4xx_hal_dma.c ****     {
 1070              		.loc 1 545 46 view .LVU389
 1071 0054 13F0010F 		tst	r3, #1
 1072 0058 11D0     		beq	.L74
 548:Drivers/STM32F4xx_HAL_Driver/Src/stm32f4xx_hal_dma.c ****       {
 1073              		.loc 1 548 7 is_stmt 1 view .LVU390
 548:Drivers/STM32F4xx_HAL_Driver/Src/stm32f4xx_hal_dma.c ****       {
 1074              		.loc 1 548 11 is_stmt 0 view .LVU391
 1075 005a FFF7FEFF 		bl	HAL_GetTick
ARM GAS  /tmp/ccN3EVao.s 			page 48


 1076              	.LVL99:
 548:Drivers/STM32F4xx_HAL_Driver/Src/stm32f4xx_hal_dma.c ****       {
 1077              		.loc 1 548 25 discriminator 1 view .LVU392
 1078 005e 431B     		subs	r3, r0, r5
 548:Drivers/STM32F4xx_HAL_Driver/Src/stm32f4xx_hal_dma.c ****       {
 1079              		.loc 1 548 9 discriminator 1 view .LVU393
 1080 0060 052B     		cmp	r3, #5
 1081 0062 F5D9     		bls	.L70
 551:Drivers/STM32F4xx_HAL_Driver/Src/stm32f4xx_hal_dma.c ****         
 1082              		.loc 1 551 9 is_stmt 1 view .LVU394
 551:Drivers/STM32F4xx_HAL_Driver/Src/stm32f4xx_hal_dma.c ****         
 1083              		.loc 1 551 25 is_stmt 0 view .LVU395
 1084 0064 2023     		movs	r3, #32
 1085 0066 6365     		str	r3, [r4, #84]
 554:Drivers/STM32F4xx_HAL_Driver/Src/stm32f4xx_hal_dma.c ****         
 1086              		.loc 1 554 9 is_stmt 1 view .LVU396
 554:Drivers/STM32F4xx_HAL_Driver/Src/stm32f4xx_hal_dma.c ****         
 1087              		.loc 1 554 21 is_stmt 0 view .LVU397
 1088 0068 0320     		movs	r0, #3
 1089 006a 84F83500 		strb	r0, [r4, #53]
 557:Drivers/STM32F4xx_HAL_Driver/Src/stm32f4xx_hal_dma.c ****         
 1090              		.loc 1 557 9 is_stmt 1 view .LVU398
 557:Drivers/STM32F4xx_HAL_Driver/Src/stm32f4xx_hal_dma.c ****         
 1091              		.loc 1 557 9 view .LVU399
 1092 006e 0023     		movs	r3, #0
 1093 0070 84F83430 		strb	r3, [r4, #52]
 557:Drivers/STM32F4xx_HAL_Driver/Src/stm32f4xx_hal_dma.c ****         
 1094              		.loc 1 557 9 view .LVU400
 559:Drivers/STM32F4xx_HAL_Driver/Src/stm32f4xx_hal_dma.c ****       }
 1095              		.loc 1 559 9 view .LVU401
 559:Drivers/STM32F4xx_HAL_Driver/Src/stm32f4xx_hal_dma.c ****       }
 1096              		.loc 1 559 16 is_stmt 0 view .LVU402
 1097 0074 D4E7     		b	.L67
 1098              	.LVL100:
 1099              	.L73:
 536:Drivers/STM32F4xx_HAL_Driver/Src/stm32f4xx_hal_dma.c ****     {
 1100              		.loc 1 536 53 discriminator 1 view .LVU403
 1101 0076 A36C     		ldr	r3, [r4, #72]
 536:Drivers/STM32F4xx_HAL_Driver/Src/stm32f4xx_hal_dma.c ****     {
 1102              		.loc 1 536 45 discriminator 1 view .LVU404
 1103 0078 002B     		cmp	r3, #0
 1104 007a DFD1     		bne	.L68
 1105 007c E3E7     		b	.L69
 1106              	.LVL101:
 1107              	.L74:
 564:Drivers/STM32F4xx_HAL_Driver/Src/stm32f4xx_hal_dma.c ****     
 1108              		.loc 1 564 5 is_stmt 1 view .LVU405
 564:Drivers/STM32F4xx_HAL_Driver/Src/stm32f4xx_hal_dma.c ****     
 1109              		.loc 1 564 31 is_stmt 0 view .LVU406
 1110 007e E26D     		ldr	r2, [r4, #92]
 564:Drivers/STM32F4xx_HAL_Driver/Src/stm32f4xx_hal_dma.c ****     
 1111              		.loc 1 564 24 view .LVU407
 1112 0080 3F23     		movs	r3, #63
 1113 0082 9340     		lsls	r3, r3, r2
 564:Drivers/STM32F4xx_HAL_Driver/Src/stm32f4xx_hal_dma.c ****     
 1114              		.loc 1 564 16 view .LVU408
 1115 0084 B360     		str	r3, [r6, #8]
ARM GAS  /tmp/ccN3EVao.s 			page 49


 567:Drivers/STM32F4xx_HAL_Driver/Src/stm32f4xx_hal_dma.c ****     
 1116              		.loc 1 567 5 is_stmt 1 view .LVU409
 567:Drivers/STM32F4xx_HAL_Driver/Src/stm32f4xx_hal_dma.c ****     
 1117              		.loc 1 567 17 is_stmt 0 view .LVU410
 1118 0086 0123     		movs	r3, #1
 1119 0088 84F83530 		strb	r3, [r4, #53]
 570:Drivers/STM32F4xx_HAL_Driver/Src/stm32f4xx_hal_dma.c ****   }
 1120              		.loc 1 570 5 is_stmt 1 view .LVU411
 570:Drivers/STM32F4xx_HAL_Driver/Src/stm32f4xx_hal_dma.c ****   }
 1121              		.loc 1 570 5 view .LVU412
 1122 008c 0020     		movs	r0, #0
 1123 008e 84F83400 		strb	r0, [r4, #52]
 570:Drivers/STM32F4xx_HAL_Driver/Src/stm32f4xx_hal_dma.c ****   }
 1124              		.loc 1 570 5 view .LVU413
 572:Drivers/STM32F4xx_HAL_Driver/Src/stm32f4xx_hal_dma.c **** }
 1125              		.loc 1 572 3 view .LVU414
 572:Drivers/STM32F4xx_HAL_Driver/Src/stm32f4xx_hal_dma.c **** }
 1126              		.loc 1 572 10 is_stmt 0 view .LVU415
 1127 0092 C5E7     		b	.L67
 1128              		.cfi_endproc
 1129              	.LFE220:
 1131              		.section	.text.HAL_DMA_Abort_IT,"ax",%progbits
 1132              		.align	1
 1133              		.global	HAL_DMA_Abort_IT
 1134              		.syntax unified
 1135              		.thumb
 1136              		.thumb_func
 1138              	HAL_DMA_Abort_IT:
 1139              	.LVL102:
 1140              	.LFB221:
 582:Drivers/STM32F4xx_HAL_Driver/Src/stm32f4xx_hal_dma.c ****   if(hdma->State != HAL_DMA_STATE_BUSY)
 1141              		.loc 1 582 1 is_stmt 1 view -0
 1142              		.cfi_startproc
 1143              		@ args = 0, pretend = 0, frame = 0
 1144              		@ frame_needed = 0, uses_anonymous_args = 0
 1145              		@ link register save eliminated.
 583:Drivers/STM32F4xx_HAL_Driver/Src/stm32f4xx_hal_dma.c ****   {
 1146              		.loc 1 583 3 view .LVU417
 583:Drivers/STM32F4xx_HAL_Driver/Src/stm32f4xx_hal_dma.c ****   {
 1147              		.loc 1 583 10 is_stmt 0 view .LVU418
 1148 0000 90F83530 		ldrb	r3, [r0, #53]	@ zero_extendqisi2
 1149 0004 DBB2     		uxtb	r3, r3
 583:Drivers/STM32F4xx_HAL_Driver/Src/stm32f4xx_hal_dma.c ****   {
 1150              		.loc 1 583 5 view .LVU419
 1151 0006 022B     		cmp	r3, #2
 1152 0008 03D0     		beq	.L76
 585:Drivers/STM32F4xx_HAL_Driver/Src/stm32f4xx_hal_dma.c ****     return HAL_ERROR;
 1153              		.loc 1 585 5 is_stmt 1 view .LVU420
 585:Drivers/STM32F4xx_HAL_Driver/Src/stm32f4xx_hal_dma.c ****     return HAL_ERROR;
 1154              		.loc 1 585 21 is_stmt 0 view .LVU421
 1155 000a 8023     		movs	r3, #128
 1156 000c 4365     		str	r3, [r0, #84]
 586:Drivers/STM32F4xx_HAL_Driver/Src/stm32f4xx_hal_dma.c ****   }
 1157              		.loc 1 586 5 is_stmt 1 view .LVU422
 586:Drivers/STM32F4xx_HAL_Driver/Src/stm32f4xx_hal_dma.c ****   }
 1158              		.loc 1 586 12 is_stmt 0 view .LVU423
 1159 000e 0120     		movs	r0, #1
ARM GAS  /tmp/ccN3EVao.s 			page 50


 1160              	.LVL103:
 586:Drivers/STM32F4xx_HAL_Driver/Src/stm32f4xx_hal_dma.c ****   }
 1161              		.loc 1 586 12 view .LVU424
 1162 0010 7047     		bx	lr
 1163              	.LVL104:
 1164              	.L76:
 591:Drivers/STM32F4xx_HAL_Driver/Src/stm32f4xx_hal_dma.c ****     
 1165              		.loc 1 591 5 is_stmt 1 view .LVU425
 591:Drivers/STM32F4xx_HAL_Driver/Src/stm32f4xx_hal_dma.c ****     
 1166              		.loc 1 591 17 is_stmt 0 view .LVU426
 1167 0012 0523     		movs	r3, #5
 1168 0014 80F83530 		strb	r3, [r0, #53]
 594:Drivers/STM32F4xx_HAL_Driver/Src/stm32f4xx_hal_dma.c ****   }
 1169              		.loc 1 594 5 is_stmt 1 view .LVU427
 1170 0018 0268     		ldr	r2, [r0]
 1171 001a 1368     		ldr	r3, [r2]
 1172 001c 23F00103 		bic	r3, r3, #1
 1173 0020 1360     		str	r3, [r2]
 597:Drivers/STM32F4xx_HAL_Driver/Src/stm32f4xx_hal_dma.c **** }
 1174              		.loc 1 597 3 view .LVU428
 597:Drivers/STM32F4xx_HAL_Driver/Src/stm32f4xx_hal_dma.c **** }
 1175              		.loc 1 597 10 is_stmt 0 view .LVU429
 1176 0022 0020     		movs	r0, #0
 1177              	.LVL105:
 598:Drivers/STM32F4xx_HAL_Driver/Src/stm32f4xx_hal_dma.c **** 
 1178              		.loc 1 598 1 view .LVU430
 1179 0024 7047     		bx	lr
 1180              		.cfi_endproc
 1181              	.LFE221:
 1183              		.section	.text.HAL_DMA_PollForTransfer,"ax",%progbits
 1184              		.align	1
 1185              		.global	HAL_DMA_PollForTransfer
 1186              		.syntax unified
 1187              		.thumb
 1188              		.thumb_func
 1190              	HAL_DMA_PollForTransfer:
 1191              	.LVL106:
 1192              	.LFB222:
 612:Drivers/STM32F4xx_HAL_Driver/Src/stm32f4xx_hal_dma.c ****   HAL_StatusTypeDef status = HAL_OK; 
 1193              		.loc 1 612 1 is_stmt 1 view -0
 1194              		.cfi_startproc
 1195              		@ args = 0, pretend = 0, frame = 0
 1196              		@ frame_needed = 0, uses_anonymous_args = 0
 612:Drivers/STM32F4xx_HAL_Driver/Src/stm32f4xx_hal_dma.c ****   HAL_StatusTypeDef status = HAL_OK; 
 1197              		.loc 1 612 1 is_stmt 0 view .LVU432
 1198 0000 2DE9F047 		push	{r4, r5, r6, r7, r8, r9, r10, lr}
 1199              		.cfi_def_cfa_offset 32
 1200              		.cfi_offset 4, -32
 1201              		.cfi_offset 5, -28
 1202              		.cfi_offset 6, -24
 1203              		.cfi_offset 7, -20
 1204              		.cfi_offset 8, -16
 1205              		.cfi_offset 9, -12
 1206              		.cfi_offset 10, -8
 1207              		.cfi_offset 14, -4
 1208 0004 0446     		mov	r4, r0
 1209 0006 8846     		mov	r8, r1
ARM GAS  /tmp/ccN3EVao.s 			page 51


 1210 0008 1646     		mov	r6, r2
 613:Drivers/STM32F4xx_HAL_Driver/Src/stm32f4xx_hal_dma.c ****   uint32_t mask_cpltlevel;
 1211              		.loc 1 613 3 is_stmt 1 view .LVU433
 1212              	.LVL107:
 614:Drivers/STM32F4xx_HAL_Driver/Src/stm32f4xx_hal_dma.c ****   uint32_t tickstart = HAL_GetTick(); 
 1213              		.loc 1 614 3 view .LVU434
 615:Drivers/STM32F4xx_HAL_Driver/Src/stm32f4xx_hal_dma.c ****   uint32_t tmpisr;
 1214              		.loc 1 615 3 view .LVU435
 615:Drivers/STM32F4xx_HAL_Driver/Src/stm32f4xx_hal_dma.c ****   uint32_t tmpisr;
 1215              		.loc 1 615 24 is_stmt 0 view .LVU436
 1216 000a FFF7FEFF 		bl	HAL_GetTick
 1217              	.LVL108:
 616:Drivers/STM32F4xx_HAL_Driver/Src/stm32f4xx_hal_dma.c ****   
 1218              		.loc 1 616 3 is_stmt 1 view .LVU437
 619:Drivers/STM32F4xx_HAL_Driver/Src/stm32f4xx_hal_dma.c **** 
 1219              		.loc 1 619 3 view .LVU438
 621:Drivers/STM32F4xx_HAL_Driver/Src/stm32f4xx_hal_dma.c ****   {
 1220              		.loc 1 621 3 view .LVU439
 621:Drivers/STM32F4xx_HAL_Driver/Src/stm32f4xx_hal_dma.c ****   {
 1221              		.loc 1 621 32 is_stmt 0 view .LVU440
 1222 000e 94F83530 		ldrb	r3, [r4, #53]	@ zero_extendqisi2
 1223 0012 DBB2     		uxtb	r3, r3
 621:Drivers/STM32F4xx_HAL_Driver/Src/stm32f4xx_hal_dma.c ****   {
 1224              		.loc 1 621 5 view .LVU441
 1225 0014 022B     		cmp	r3, #2
 1226 0016 07D0     		beq	.L79
 624:Drivers/STM32F4xx_HAL_Driver/Src/stm32f4xx_hal_dma.c ****     __HAL_UNLOCK(hdma);
 1227              		.loc 1 624 5 is_stmt 1 view .LVU442
 624:Drivers/STM32F4xx_HAL_Driver/Src/stm32f4xx_hal_dma.c ****     __HAL_UNLOCK(hdma);
 1228              		.loc 1 624 21 is_stmt 0 view .LVU443
 1229 0018 8023     		movs	r3, #128
 1230 001a 6365     		str	r3, [r4, #84]
 625:Drivers/STM32F4xx_HAL_Driver/Src/stm32f4xx_hal_dma.c ****     return HAL_ERROR;
 1231              		.loc 1 625 5 is_stmt 1 view .LVU444
 625:Drivers/STM32F4xx_HAL_Driver/Src/stm32f4xx_hal_dma.c ****     return HAL_ERROR;
 1232              		.loc 1 625 5 view .LVU445
 1233 001c 0023     		movs	r3, #0
 1234 001e 84F83430 		strb	r3, [r4, #52]
 625:Drivers/STM32F4xx_HAL_Driver/Src/stm32f4xx_hal_dma.c ****     return HAL_ERROR;
 1235              		.loc 1 625 5 view .LVU446
 626:Drivers/STM32F4xx_HAL_Driver/Src/stm32f4xx_hal_dma.c ****   }
 1236              		.loc 1 626 5 view .LVU447
 626:Drivers/STM32F4xx_HAL_Driver/Src/stm32f4xx_hal_dma.c ****   }
 1237              		.loc 1 626 12 is_stmt 0 view .LVU448
 1238 0022 0120     		movs	r0, #1
 1239              	.LVL109:
 1240              	.L80:
 739:Drivers/STM32F4xx_HAL_Driver/Src/stm32f4xx_hal_dma.c **** 
 1241              		.loc 1 739 1 view .LVU449
 1242 0024 BDE8F087 		pop	{r4, r5, r6, r7, r8, r9, r10, pc}
 1243              	.LVL110:
 1244              	.L79:
 739:Drivers/STM32F4xx_HAL_Driver/Src/stm32f4xx_hal_dma.c **** 
 1245              		.loc 1 739 1 view .LVU450
 1246 0028 8146     		mov	r9, r0
 630:Drivers/STM32F4xx_HAL_Driver/Src/stm32f4xx_hal_dma.c ****   {
 1247              		.loc 1 630 3 is_stmt 1 view .LVU451
ARM GAS  /tmp/ccN3EVao.s 			page 52


 630:Drivers/STM32F4xx_HAL_Driver/Src/stm32f4xx_hal_dma.c ****   {
 1248              		.loc 1 630 12 is_stmt 0 view .LVU452
 1249 002a 2368     		ldr	r3, [r4]
 630:Drivers/STM32F4xx_HAL_Driver/Src/stm32f4xx_hal_dma.c ****   {
 1250              		.loc 1 630 22 view .LVU453
 1251 002c 1B68     		ldr	r3, [r3]
 630:Drivers/STM32F4xx_HAL_Driver/Src/stm32f4xx_hal_dma.c ****   {
 1252              		.loc 1 630 6 view .LVU454
 1253 002e 13F4807F 		tst	r3, #256
 1254 0032 3BD1     		bne	.L95
 637:Drivers/STM32F4xx_HAL_Driver/Src/stm32f4xx_hal_dma.c ****   {
 1255              		.loc 1 637 3 is_stmt 1 view .LVU455
 637:Drivers/STM32F4xx_HAL_Driver/Src/stm32f4xx_hal_dma.c ****   {
 1256              		.loc 1 637 5 is_stmt 0 view .LVU456
 1257 0034 B8F1000F 		cmp	r8, #0
 1258 0038 3DD1     		bne	.L82
 640:Drivers/STM32F4xx_HAL_Driver/Src/stm32f4xx_hal_dma.c ****   }
 1259              		.loc 1 640 5 is_stmt 1 view .LVU457
 640:Drivers/STM32F4xx_HAL_Driver/Src/stm32f4xx_hal_dma.c ****   }
 1260              		.loc 1 640 46 is_stmt 0 view .LVU458
 1261 003a E36D     		ldr	r3, [r4, #92]
 640:Drivers/STM32F4xx_HAL_Driver/Src/stm32f4xx_hal_dma.c ****   }
 1262              		.loc 1 640 20 view .LVU459
 1263 003c 4FF0200A 		mov	r10, #32
 1264 0040 0AFA03FA 		lsl	r10, r10, r3
 1265              	.LVL111:
 1266              	.L83:
 648:Drivers/STM32F4xx_HAL_Driver/Src/stm32f4xx_hal_dma.c ****   tmpisr = regs->ISR;
 1267              		.loc 1 648 3 is_stmt 1 view .LVU460
 648:Drivers/STM32F4xx_HAL_Driver/Src/stm32f4xx_hal_dma.c ****   tmpisr = regs->ISR;
 1268              		.loc 1 648 36 is_stmt 0 view .LVU461
 1269 0044 A76D     		ldr	r7, [r4, #88]
 1270              	.LVL112:
 649:Drivers/STM32F4xx_HAL_Driver/Src/stm32f4xx_hal_dma.c ****   
 1271              		.loc 1 649 3 is_stmt 1 view .LVU462
 649:Drivers/STM32F4xx_HAL_Driver/Src/stm32f4xx_hal_dma.c ****   
 1272              		.loc 1 649 10 is_stmt 0 view .LVU463
 1273 0046 3B68     		ldr	r3, [r7]
 1274              	.LVL113:
 651:Drivers/STM32F4xx_HAL_Driver/Src/stm32f4xx_hal_dma.c ****   {
 1275              		.loc 1 651 3 is_stmt 1 view .LVU464
 1276              	.L84:
 651:Drivers/STM32F4xx_HAL_Driver/Src/stm32f4xx_hal_dma.c ****   {
 1277              		.loc 1 651 46 view .LVU465
 1278 0048 1AEA030F 		tst	r10, r3
 1279 004c 43D1     		bne	.L90
 651:Drivers/STM32F4xx_HAL_Driver/Src/stm32f4xx_hal_dma.c ****   {
 1280              		.loc 1 651 55 is_stmt 0 discriminator 1 view .LVU466
 1281 004e 636D     		ldr	r3, [r4, #84]
 1282              	.LVL114:
 651:Drivers/STM32F4xx_HAL_Driver/Src/stm32f4xx_hal_dma.c ****   {
 1283              		.loc 1 651 46 discriminator 1 view .LVU467
 1284 0050 13F0010F 		tst	r3, #1
 1285 0054 3FD1     		bne	.L90
 654:Drivers/STM32F4xx_HAL_Driver/Src/stm32f4xx_hal_dma.c ****     {
 1286              		.loc 1 654 5 is_stmt 1 view .LVU468
 654:Drivers/STM32F4xx_HAL_Driver/Src/stm32f4xx_hal_dma.c ****     {
ARM GAS  /tmp/ccN3EVao.s 			page 53


 1287              		.loc 1 654 7 is_stmt 0 view .LVU469
 1288 0056 B6F1FF3F 		cmp	r6, #-1
 1289 005a 07D0     		beq	.L85
 656:Drivers/STM32F4xx_HAL_Driver/Src/stm32f4xx_hal_dma.c ****       {
 1290              		.loc 1 656 7 is_stmt 1 view .LVU470
 656:Drivers/STM32F4xx_HAL_Driver/Src/stm32f4xx_hal_dma.c ****       {
 1291              		.loc 1 656 9 is_stmt 0 view .LVU471
 1292 005c 002E     		cmp	r6, #0
 1293 005e 30D0     		beq	.L86
 656:Drivers/STM32F4xx_HAL_Driver/Src/stm32f4xx_hal_dma.c ****       {
 1294              		.loc 1 656 29 discriminator 1 view .LVU472
 1295 0060 FFF7FEFF 		bl	HAL_GetTick
 1296              	.LVL115:
 656:Drivers/STM32F4xx_HAL_Driver/Src/stm32f4xx_hal_dma.c ****       {
 1297              		.loc 1 656 43 discriminator 1 view .LVU473
 1298 0064 A0EB0900 		sub	r0, r0, r9
 656:Drivers/STM32F4xx_HAL_Driver/Src/stm32f4xx_hal_dma.c ****       {
 1299              		.loc 1 656 25 discriminator 1 view .LVU474
 1300 0068 B042     		cmp	r0, r6
 1301 006a 2AD8     		bhi	.L86
 1302              	.L85:
 672:Drivers/STM32F4xx_HAL_Driver/Src/stm32f4xx_hal_dma.c **** 
 1303              		.loc 1 672 5 is_stmt 1 view .LVU475
 672:Drivers/STM32F4xx_HAL_Driver/Src/stm32f4xx_hal_dma.c **** 
 1304              		.loc 1 672 12 is_stmt 0 view .LVU476
 1305 006c 3B68     		ldr	r3, [r7]
 1306              	.LVL116:
 674:Drivers/STM32F4xx_HAL_Driver/Src/stm32f4xx_hal_dma.c ****     {
 1307              		.loc 1 674 5 is_stmt 1 view .LVU477
 674:Drivers/STM32F4xx_HAL_Driver/Src/stm32f4xx_hal_dma.c ****     {
 1308              		.loc 1 674 43 is_stmt 0 view .LVU478
 1309 006e E16D     		ldr	r1, [r4, #92]
 674:Drivers/STM32F4xx_HAL_Driver/Src/stm32f4xx_hal_dma.c ****     {
 1310              		.loc 1 674 36 view .LVU479
 1311 0070 0822     		movs	r2, #8
 1312 0072 8A40     		lsls	r2, r2, r1
 674:Drivers/STM32F4xx_HAL_Driver/Src/stm32f4xx_hal_dma.c ****     {
 1313              		.loc 1 674 7 view .LVU480
 1314 0074 1A42     		tst	r2, r3
 1315 0076 04D0     		beq	.L87
 677:Drivers/STM32F4xx_HAL_Driver/Src/stm32f4xx_hal_dma.c ****       
 1316              		.loc 1 677 7 is_stmt 1 view .LVU481
 677:Drivers/STM32F4xx_HAL_Driver/Src/stm32f4xx_hal_dma.c ****       
 1317              		.loc 1 677 11 is_stmt 0 view .LVU482
 1318 0078 616D     		ldr	r1, [r4, #84]
 677:Drivers/STM32F4xx_HAL_Driver/Src/stm32f4xx_hal_dma.c ****       
 1319              		.loc 1 677 23 view .LVU483
 1320 007a 41F00101 		orr	r1, r1, #1
 1321 007e 6165     		str	r1, [r4, #84]
 680:Drivers/STM32F4xx_HAL_Driver/Src/stm32f4xx_hal_dma.c ****     }
 1322              		.loc 1 680 7 is_stmt 1 view .LVU484
 680:Drivers/STM32F4xx_HAL_Driver/Src/stm32f4xx_hal_dma.c ****     }
 1323              		.loc 1 680 18 is_stmt 0 view .LVU485
 1324 0080 BA60     		str	r2, [r7, #8]
 1325              	.L87:
 683:Drivers/STM32F4xx_HAL_Driver/Src/stm32f4xx_hal_dma.c ****     {
 1326              		.loc 1 683 5 is_stmt 1 view .LVU486
ARM GAS  /tmp/ccN3EVao.s 			page 54


 683:Drivers/STM32F4xx_HAL_Driver/Src/stm32f4xx_hal_dma.c ****     {
 1327              		.loc 1 683 43 is_stmt 0 view .LVU487
 1328 0082 E16D     		ldr	r1, [r4, #92]
 683:Drivers/STM32F4xx_HAL_Driver/Src/stm32f4xx_hal_dma.c ****     {
 1329              		.loc 1 683 36 view .LVU488
 1330 0084 0122     		movs	r2, #1
 1331 0086 8A40     		lsls	r2, r2, r1
 683:Drivers/STM32F4xx_HAL_Driver/Src/stm32f4xx_hal_dma.c ****     {
 1332              		.loc 1 683 7 view .LVU489
 1333 0088 1A42     		tst	r2, r3
 1334 008a 04D0     		beq	.L88
 686:Drivers/STM32F4xx_HAL_Driver/Src/stm32f4xx_hal_dma.c ****       
 1335              		.loc 1 686 7 is_stmt 1 view .LVU490
 686:Drivers/STM32F4xx_HAL_Driver/Src/stm32f4xx_hal_dma.c ****       
 1336              		.loc 1 686 11 is_stmt 0 view .LVU491
 1337 008c 616D     		ldr	r1, [r4, #84]
 686:Drivers/STM32F4xx_HAL_Driver/Src/stm32f4xx_hal_dma.c ****       
 1338              		.loc 1 686 23 view .LVU492
 1339 008e 41F00201 		orr	r1, r1, #2
 1340 0092 6165     		str	r1, [r4, #84]
 689:Drivers/STM32F4xx_HAL_Driver/Src/stm32f4xx_hal_dma.c ****     }
 1341              		.loc 1 689 7 is_stmt 1 view .LVU493
 689:Drivers/STM32F4xx_HAL_Driver/Src/stm32f4xx_hal_dma.c ****     }
 1342              		.loc 1 689 18 is_stmt 0 view .LVU494
 1343 0094 BA60     		str	r2, [r7, #8]
 1344              	.L88:
 692:Drivers/STM32F4xx_HAL_Driver/Src/stm32f4xx_hal_dma.c ****     {
 1345              		.loc 1 692 5 is_stmt 1 view .LVU495
 692:Drivers/STM32F4xx_HAL_Driver/Src/stm32f4xx_hal_dma.c ****     {
 1346              		.loc 1 692 44 is_stmt 0 view .LVU496
 1347 0096 E26D     		ldr	r2, [r4, #92]
 692:Drivers/STM32F4xx_HAL_Driver/Src/stm32f4xx_hal_dma.c ****     {
 1348              		.loc 1 692 37 view .LVU497
 1349 0098 0425     		movs	r5, #4
 1350 009a 9540     		lsls	r5, r5, r2
 692:Drivers/STM32F4xx_HAL_Driver/Src/stm32f4xx_hal_dma.c ****     {
 1351              		.loc 1 692 7 view .LVU498
 1352 009c 1D42     		tst	r5, r3
 1353 009e D3D0     		beq	.L84
 695:Drivers/STM32F4xx_HAL_Driver/Src/stm32f4xx_hal_dma.c ****       
 1354              		.loc 1 695 7 is_stmt 1 view .LVU499
 695:Drivers/STM32F4xx_HAL_Driver/Src/stm32f4xx_hal_dma.c ****       
 1355              		.loc 1 695 11 is_stmt 0 view .LVU500
 1356 00a0 626D     		ldr	r2, [r4, #84]
 695:Drivers/STM32F4xx_HAL_Driver/Src/stm32f4xx_hal_dma.c ****       
 1357              		.loc 1 695 23 view .LVU501
 1358 00a2 42F00402 		orr	r2, r2, #4
 1359 00a6 6265     		str	r2, [r4, #84]
 698:Drivers/STM32F4xx_HAL_Driver/Src/stm32f4xx_hal_dma.c ****     }
 1360              		.loc 1 698 7 is_stmt 1 view .LVU502
 698:Drivers/STM32F4xx_HAL_Driver/Src/stm32f4xx_hal_dma.c ****     }
 1361              		.loc 1 698 18 is_stmt 0 view .LVU503
 1362 00a8 BD60     		str	r5, [r7, #8]
 1363 00aa CDE7     		b	.L84
 1364              	.LVL117:
 1365              	.L95:
 632:Drivers/STM32F4xx_HAL_Driver/Src/stm32f4xx_hal_dma.c ****     return HAL_ERROR;
ARM GAS  /tmp/ccN3EVao.s 			page 55


 1366              		.loc 1 632 5 is_stmt 1 view .LVU504
 632:Drivers/STM32F4xx_HAL_Driver/Src/stm32f4xx_hal_dma.c ****     return HAL_ERROR;
 1367              		.loc 1 632 21 is_stmt 0 view .LVU505
 1368 00ac 4FF48073 		mov	r3, #256
 1369 00b0 6365     		str	r3, [r4, #84]
 633:Drivers/STM32F4xx_HAL_Driver/Src/stm32f4xx_hal_dma.c ****   }
 1370              		.loc 1 633 5 is_stmt 1 view .LVU506
 633:Drivers/STM32F4xx_HAL_Driver/Src/stm32f4xx_hal_dma.c ****   }
 1371              		.loc 1 633 12 is_stmt 0 view .LVU507
 1372 00b2 0120     		movs	r0, #1
 1373              	.LVL118:
 633:Drivers/STM32F4xx_HAL_Driver/Src/stm32f4xx_hal_dma.c ****   }
 1374              		.loc 1 633 12 view .LVU508
 1375 00b4 B6E7     		b	.L80
 1376              	.LVL119:
 1377              	.L82:
 645:Drivers/STM32F4xx_HAL_Driver/Src/stm32f4xx_hal_dma.c ****   }
 1378              		.loc 1 645 5 is_stmt 1 view .LVU509
 645:Drivers/STM32F4xx_HAL_Driver/Src/stm32f4xx_hal_dma.c ****   }
 1379              		.loc 1 645 46 is_stmt 0 view .LVU510
 1380 00b6 E36D     		ldr	r3, [r4, #92]
 645:Drivers/STM32F4xx_HAL_Driver/Src/stm32f4xx_hal_dma.c ****   }
 1381              		.loc 1 645 20 view .LVU511
 1382 00b8 4FF0100A 		mov	r10, #16
 1383 00bc 0AFA03FA 		lsl	r10, r10, r3
 1384              	.LVL120:
 645:Drivers/STM32F4xx_HAL_Driver/Src/stm32f4xx_hal_dma.c ****   }
 1385              		.loc 1 645 20 view .LVU512
 1386 00c0 C0E7     		b	.L83
 1387              	.LVL121:
 1388              	.L86:
 659:Drivers/STM32F4xx_HAL_Driver/Src/stm32f4xx_hal_dma.c ****         
 1389              		.loc 1 659 9 is_stmt 1 view .LVU513
 659:Drivers/STM32F4xx_HAL_Driver/Src/stm32f4xx_hal_dma.c ****         
 1390              		.loc 1 659 25 is_stmt 0 view .LVU514
 1391 00c2 2023     		movs	r3, #32
 1392 00c4 6365     		str	r3, [r4, #84]
 662:Drivers/STM32F4xx_HAL_Driver/Src/stm32f4xx_hal_dma.c ****         
 1393              		.loc 1 662 9 is_stmt 1 view .LVU515
 662:Drivers/STM32F4xx_HAL_Driver/Src/stm32f4xx_hal_dma.c ****         
 1394              		.loc 1 662 21 is_stmt 0 view .LVU516
 1395 00c6 0123     		movs	r3, #1
 1396 00c8 84F83530 		strb	r3, [r4, #53]
 665:Drivers/STM32F4xx_HAL_Driver/Src/stm32f4xx_hal_dma.c ****         
 1397              		.loc 1 665 9 is_stmt 1 view .LVU517
 665:Drivers/STM32F4xx_HAL_Driver/Src/stm32f4xx_hal_dma.c ****         
 1398              		.loc 1 665 9 view .LVU518
 1399 00cc 0023     		movs	r3, #0
 1400 00ce 84F83430 		strb	r3, [r4, #52]
 665:Drivers/STM32F4xx_HAL_Driver/Src/stm32f4xx_hal_dma.c ****         
 1401              		.loc 1 665 9 view .LVU519
 667:Drivers/STM32F4xx_HAL_Driver/Src/stm32f4xx_hal_dma.c ****       }
 1402              		.loc 1 667 9 view .LVU520
 667:Drivers/STM32F4xx_HAL_Driver/Src/stm32f4xx_hal_dma.c ****       }
 1403              		.loc 1 667 16 is_stmt 0 view .LVU521
 1404 00d2 0320     		movs	r0, #3
 1405 00d4 A6E7     		b	.L80
ARM GAS  /tmp/ccN3EVao.s 			page 56


 1406              	.L90:
 702:Drivers/STM32F4xx_HAL_Driver/Src/stm32f4xx_hal_dma.c ****   {
 1407              		.loc 1 702 3 is_stmt 1 view .LVU522
 702:Drivers/STM32F4xx_HAL_Driver/Src/stm32f4xx_hal_dma.c ****   {
 1408              		.loc 1 702 10 is_stmt 0 view .LVU523
 1409 00d6 636D     		ldr	r3, [r4, #84]
 702:Drivers/STM32F4xx_HAL_Driver/Src/stm32f4xx_hal_dma.c ****   {
 1410              		.loc 1 702 5 view .LVU524
 1411 00d8 1BB1     		cbz	r3, .L92
 704:Drivers/STM32F4xx_HAL_Driver/Src/stm32f4xx_hal_dma.c ****     {
 1412              		.loc 1 704 5 is_stmt 1 view .LVU525
 704:Drivers/STM32F4xx_HAL_Driver/Src/stm32f4xx_hal_dma.c ****     {
 1413              		.loc 1 704 13 is_stmt 0 view .LVU526
 1414 00da 636D     		ldr	r3, [r4, #84]
 704:Drivers/STM32F4xx_HAL_Driver/Src/stm32f4xx_hal_dma.c ****     {
 1415              		.loc 1 704 7 view .LVU527
 1416 00dc 13F0010F 		tst	r3, #1
 1417 00e0 0ED1     		bne	.L96
 1418              	.L92:
 722:Drivers/STM32F4xx_HAL_Driver/Src/stm32f4xx_hal_dma.c ****   {
 1419              		.loc 1 722 3 is_stmt 1 view .LVU528
 722:Drivers/STM32F4xx_HAL_Driver/Src/stm32f4xx_hal_dma.c ****   {
 1420              		.loc 1 722 5 is_stmt 0 view .LVU529
 1421 00e2 B8F1000F 		cmp	r8, #0
 1422 00e6 19D1     		bne	.L93
 725:Drivers/STM32F4xx_HAL_Driver/Src/stm32f4xx_hal_dma.c ****     
 1423              		.loc 1 725 5 is_stmt 1 view .LVU530
 725:Drivers/STM32F4xx_HAL_Driver/Src/stm32f4xx_hal_dma.c ****     
 1424              		.loc 1 725 63 is_stmt 0 view .LVU531
 1425 00e8 E26D     		ldr	r2, [r4, #92]
 725:Drivers/STM32F4xx_HAL_Driver/Src/stm32f4xx_hal_dma.c ****     
 1426              		.loc 1 725 56 view .LVU532
 1427 00ea 3023     		movs	r3, #48
 1428 00ec 9340     		lsls	r3, r3, r2
 725:Drivers/STM32F4xx_HAL_Driver/Src/stm32f4xx_hal_dma.c ****     
 1429              		.loc 1 725 16 view .LVU533
 1430 00ee BB60     		str	r3, [r7, #8]
 727:Drivers/STM32F4xx_HAL_Driver/Src/stm32f4xx_hal_dma.c ****     
 1431              		.loc 1 727 5 is_stmt 1 view .LVU534
 727:Drivers/STM32F4xx_HAL_Driver/Src/stm32f4xx_hal_dma.c ****     
 1432              		.loc 1 727 17 is_stmt 0 view .LVU535
 1433 00f0 0123     		movs	r3, #1
 1434 00f2 84F83530 		strb	r3, [r4, #53]
 730:Drivers/STM32F4xx_HAL_Driver/Src/stm32f4xx_hal_dma.c ****   }
 1435              		.loc 1 730 5 is_stmt 1 view .LVU536
 730:Drivers/STM32F4xx_HAL_Driver/Src/stm32f4xx_hal_dma.c ****   }
 1436              		.loc 1 730 5 view .LVU537
 1437 00f6 0023     		movs	r3, #0
 1438 00f8 84F83430 		strb	r3, [r4, #52]
 730:Drivers/STM32F4xx_HAL_Driver/Src/stm32f4xx_hal_dma.c ****   }
 1439              		.loc 1 730 5 view .LVU538
 738:Drivers/STM32F4xx_HAL_Driver/Src/stm32f4xx_hal_dma.c **** }
 1440              		.loc 1 738 10 is_stmt 0 view .LVU539
 1441 00fc 4046     		mov	r0, r8
 1442 00fe 91E7     		b	.L80
 1443              	.L96:
 706:Drivers/STM32F4xx_HAL_Driver/Src/stm32f4xx_hal_dma.c ****     
ARM GAS  /tmp/ccN3EVao.s 			page 57


 1444              		.loc 1 706 7 is_stmt 1 view .LVU540
 1445 0100 2046     		mov	r0, r4
 1446 0102 FFF7FEFF 		bl	HAL_DMA_Abort
 1447              	.LVL122:
 709:Drivers/STM32F4xx_HAL_Driver/Src/stm32f4xx_hal_dma.c ****     
 1448              		.loc 1 709 7 view .LVU541
 709:Drivers/STM32F4xx_HAL_Driver/Src/stm32f4xx_hal_dma.c ****     
 1449              		.loc 1 709 65 is_stmt 0 view .LVU542
 1450 0106 E26D     		ldr	r2, [r4, #92]
 709:Drivers/STM32F4xx_HAL_Driver/Src/stm32f4xx_hal_dma.c ****     
 1451              		.loc 1 709 58 view .LVU543
 1452 0108 3023     		movs	r3, #48
 1453 010a 9340     		lsls	r3, r3, r2
 709:Drivers/STM32F4xx_HAL_Driver/Src/stm32f4xx_hal_dma.c ****     
 1454              		.loc 1 709 18 view .LVU544
 1455 010c BB60     		str	r3, [r7, #8]
 712:Drivers/STM32F4xx_HAL_Driver/Src/stm32f4xx_hal_dma.c **** 
 1456              		.loc 1 712 7 is_stmt 1 view .LVU545
 712:Drivers/STM32F4xx_HAL_Driver/Src/stm32f4xx_hal_dma.c **** 
 1457              		.loc 1 712 18 is_stmt 0 view .LVU546
 1458 010e 0120     		movs	r0, #1
 1459 0110 84F83500 		strb	r0, [r4, #53]
 715:Drivers/STM32F4xx_HAL_Driver/Src/stm32f4xx_hal_dma.c **** 
 1460              		.loc 1 715 7 is_stmt 1 view .LVU547
 715:Drivers/STM32F4xx_HAL_Driver/Src/stm32f4xx_hal_dma.c **** 
 1461              		.loc 1 715 7 view .LVU548
 1462 0114 0023     		movs	r3, #0
 1463 0116 84F83430 		strb	r3, [r4, #52]
 715:Drivers/STM32F4xx_HAL_Driver/Src/stm32f4xx_hal_dma.c **** 
 1464              		.loc 1 715 7 view .LVU549
 717:Drivers/STM32F4xx_HAL_Driver/Src/stm32f4xx_hal_dma.c ****    }
 1465              		.loc 1 717 7 view .LVU550
 717:Drivers/STM32F4xx_HAL_Driver/Src/stm32f4xx_hal_dma.c ****    }
 1466              		.loc 1 717 14 is_stmt 0 view .LVU551
 1467 011a 83E7     		b	.L80
 1468              	.L93:
 735:Drivers/STM32F4xx_HAL_Driver/Src/stm32f4xx_hal_dma.c ****   }
 1469              		.loc 1 735 5 is_stmt 1 view .LVU552
 735:Drivers/STM32F4xx_HAL_Driver/Src/stm32f4xx_hal_dma.c ****   }
 1470              		.loc 1 735 44 is_stmt 0 view .LVU553
 1471 011c E26D     		ldr	r2, [r4, #92]
 735:Drivers/STM32F4xx_HAL_Driver/Src/stm32f4xx_hal_dma.c ****   }
 1472              		.loc 1 735 37 view .LVU554
 1473 011e 1023     		movs	r3, #16
 1474 0120 9340     		lsls	r3, r3, r2
 735:Drivers/STM32F4xx_HAL_Driver/Src/stm32f4xx_hal_dma.c ****   }
 1475              		.loc 1 735 16 view .LVU555
 1476 0122 BB60     		str	r3, [r7, #8]
 738:Drivers/STM32F4xx_HAL_Driver/Src/stm32f4xx_hal_dma.c **** }
 1477              		.loc 1 738 10 view .LVU556
 1478 0124 0020     		movs	r0, #0
 1479 0126 7DE7     		b	.L80
 1480              		.cfi_endproc
 1481              	.LFE222:
 1483              		.section	.text.HAL_DMA_IRQHandler,"ax",%progbits
 1484              		.align	1
 1485              		.global	HAL_DMA_IRQHandler
ARM GAS  /tmp/ccN3EVao.s 			page 58


 1486              		.syntax unified
 1487              		.thumb
 1488              		.thumb_func
 1490              	HAL_DMA_IRQHandler:
 1491              	.LVL123:
 1492              	.LFB223:
 748:Drivers/STM32F4xx_HAL_Driver/Src/stm32f4xx_hal_dma.c ****   uint32_t tmpisr;
 1493              		.loc 1 748 1 is_stmt 1 view -0
 1494              		.cfi_startproc
 1495              		@ args = 0, pretend = 0, frame = 8
 1496              		@ frame_needed = 0, uses_anonymous_args = 0
 748:Drivers/STM32F4xx_HAL_Driver/Src/stm32f4xx_hal_dma.c ****   uint32_t tmpisr;
 1497              		.loc 1 748 1 is_stmt 0 view .LVU558
 1498 0000 F0B5     		push	{r4, r5, r6, r7, lr}
 1499              		.cfi_def_cfa_offset 20
 1500              		.cfi_offset 4, -20
 1501              		.cfi_offset 5, -16
 1502              		.cfi_offset 6, -12
 1503              		.cfi_offset 7, -8
 1504              		.cfi_offset 14, -4
 1505 0002 83B0     		sub	sp, sp, #12
 1506              		.cfi_def_cfa_offset 32
 1507 0004 0446     		mov	r4, r0
 749:Drivers/STM32F4xx_HAL_Driver/Src/stm32f4xx_hal_dma.c ****   __IO uint32_t count = 0U;
 1508              		.loc 1 749 3 is_stmt 1 view .LVU559
 750:Drivers/STM32F4xx_HAL_Driver/Src/stm32f4xx_hal_dma.c ****   uint32_t timeout = SystemCoreClock / 9600U;
 1509              		.loc 1 750 3 view .LVU560
 750:Drivers/STM32F4xx_HAL_Driver/Src/stm32f4xx_hal_dma.c ****   uint32_t timeout = SystemCoreClock / 9600U;
 1510              		.loc 1 750 17 is_stmt 0 view .LVU561
 1511 0006 0023     		movs	r3, #0
 1512 0008 0193     		str	r3, [sp, #4]
 751:Drivers/STM32F4xx_HAL_Driver/Src/stm32f4xx_hal_dma.c **** 
 1513              		.loc 1 751 3 is_stmt 1 view .LVU562
 751:Drivers/STM32F4xx_HAL_Driver/Src/stm32f4xx_hal_dma.c **** 
 1514              		.loc 1 751 38 is_stmt 0 view .LVU563
 1515 000a 724B     		ldr	r3, .L120
 1516 000c 1D68     		ldr	r5, [r3]
 751:Drivers/STM32F4xx_HAL_Driver/Src/stm32f4xx_hal_dma.c **** 
 1517              		.loc 1 751 12 view .LVU564
 1518 000e 724B     		ldr	r3, .L120+4
 1519 0010 A3FB0535 		umull	r3, r5, r3, r5
 1520 0014 AD0A     		lsrs	r5, r5, #10
 1521              	.LVL124:
 754:Drivers/STM32F4xx_HAL_Driver/Src/stm32f4xx_hal_dma.c **** 
 1522              		.loc 1 754 3 is_stmt 1 view .LVU565
 754:Drivers/STM32F4xx_HAL_Driver/Src/stm32f4xx_hal_dma.c **** 
 1523              		.loc 1 754 56 is_stmt 0 view .LVU566
 1524 0016 876D     		ldr	r7, [r0, #88]
 1525              	.LVL125:
 756:Drivers/STM32F4xx_HAL_Driver/Src/stm32f4xx_hal_dma.c **** 
 1526              		.loc 1 756 3 is_stmt 1 view .LVU567
 756:Drivers/STM32F4xx_HAL_Driver/Src/stm32f4xx_hal_dma.c **** 
 1527              		.loc 1 756 10 is_stmt 0 view .LVU568
 1528 0018 3E68     		ldr	r6, [r7]
 1529              	.LVL126:
 759:Drivers/STM32F4xx_HAL_Driver/Src/stm32f4xx_hal_dma.c ****   {
 1530              		.loc 1 759 3 is_stmt 1 view .LVU569
ARM GAS  /tmp/ccN3EVao.s 			page 59


 759:Drivers/STM32F4xx_HAL_Driver/Src/stm32f4xx_hal_dma.c ****   {
 1531              		.loc 1 759 42 is_stmt 0 view .LVU570
 1532 001a C26D     		ldr	r2, [r0, #92]
 759:Drivers/STM32F4xx_HAL_Driver/Src/stm32f4xx_hal_dma.c ****   {
 1533              		.loc 1 759 35 view .LVU571
 1534 001c 0823     		movs	r3, #8
 1535 001e 9340     		lsls	r3, r3, r2
 759:Drivers/STM32F4xx_HAL_Driver/Src/stm32f4xx_hal_dma.c ****   {
 1536              		.loc 1 759 6 view .LVU572
 1537 0020 3342     		tst	r3, r6
 1538 0022 10D0     		beq	.L98
 761:Drivers/STM32F4xx_HAL_Driver/Src/stm32f4xx_hal_dma.c ****     {
 1539              		.loc 1 761 5 is_stmt 1 view .LVU573
 761:Drivers/STM32F4xx_HAL_Driver/Src/stm32f4xx_hal_dma.c ****     {
 1540              		.loc 1 761 8 is_stmt 0 view .LVU574
 1541 0024 0368     		ldr	r3, [r0]
 1542 0026 1A68     		ldr	r2, [r3]
 761:Drivers/STM32F4xx_HAL_Driver/Src/stm32f4xx_hal_dma.c ****     {
 1543              		.loc 1 761 7 view .LVU575
 1544 0028 12F0040F 		tst	r2, #4
 1545 002c 0BD0     		beq	.L98
 764:Drivers/STM32F4xx_HAL_Driver/Src/stm32f4xx_hal_dma.c ****       
 1546              		.loc 1 764 7 is_stmt 1 view .LVU576
 764:Drivers/STM32F4xx_HAL_Driver/Src/stm32f4xx_hal_dma.c ****       
 1547              		.loc 1 764 21 is_stmt 0 view .LVU577
 1548 002e 1A68     		ldr	r2, [r3]
 764:Drivers/STM32F4xx_HAL_Driver/Src/stm32f4xx_hal_dma.c ****       
 1549              		.loc 1 764 27 view .LVU578
 1550 0030 22F00402 		bic	r2, r2, #4
 1551 0034 1A60     		str	r2, [r3]
 767:Drivers/STM32F4xx_HAL_Driver/Src/stm32f4xx_hal_dma.c ****       
 1552              		.loc 1 767 7 is_stmt 1 view .LVU579
 767:Drivers/STM32F4xx_HAL_Driver/Src/stm32f4xx_hal_dma.c ****       
 1553              		.loc 1 767 44 is_stmt 0 view .LVU580
 1554 0036 C26D     		ldr	r2, [r0, #92]
 767:Drivers/STM32F4xx_HAL_Driver/Src/stm32f4xx_hal_dma.c ****       
 1555              		.loc 1 767 37 view .LVU581
 1556 0038 0823     		movs	r3, #8
 1557 003a 9340     		lsls	r3, r3, r2
 767:Drivers/STM32F4xx_HAL_Driver/Src/stm32f4xx_hal_dma.c ****       
 1558              		.loc 1 767 18 view .LVU582
 1559 003c BB60     		str	r3, [r7, #8]
 770:Drivers/STM32F4xx_HAL_Driver/Src/stm32f4xx_hal_dma.c ****     }
 1560              		.loc 1 770 7 is_stmt 1 view .LVU583
 770:Drivers/STM32F4xx_HAL_Driver/Src/stm32f4xx_hal_dma.c ****     }
 1561              		.loc 1 770 11 is_stmt 0 view .LVU584
 1562 003e 436D     		ldr	r3, [r0, #84]
 770:Drivers/STM32F4xx_HAL_Driver/Src/stm32f4xx_hal_dma.c ****     }
 1563              		.loc 1 770 23 view .LVU585
 1564 0040 43F00103 		orr	r3, r3, #1
 1565 0044 4365     		str	r3, [r0, #84]
 1566              	.L98:
 774:Drivers/STM32F4xx_HAL_Driver/Src/stm32f4xx_hal_dma.c ****   {
 1567              		.loc 1 774 3 is_stmt 1 view .LVU586
 774:Drivers/STM32F4xx_HAL_Driver/Src/stm32f4xx_hal_dma.c ****   {
 1568              		.loc 1 774 42 is_stmt 0 view .LVU587
 1569 0046 E26D     		ldr	r2, [r4, #92]
ARM GAS  /tmp/ccN3EVao.s 			page 60


 774:Drivers/STM32F4xx_HAL_Driver/Src/stm32f4xx_hal_dma.c ****   {
 1570              		.loc 1 774 35 view .LVU588
 1571 0048 0123     		movs	r3, #1
 1572 004a 9340     		lsls	r3, r3, r2
 774:Drivers/STM32F4xx_HAL_Driver/Src/stm32f4xx_hal_dma.c ****   {
 1573              		.loc 1 774 6 view .LVU589
 1574 004c 3342     		tst	r3, r6
 1575 004e 09D0     		beq	.L99
 776:Drivers/STM32F4xx_HAL_Driver/Src/stm32f4xx_hal_dma.c ****     {
 1576              		.loc 1 776 5 is_stmt 1 view .LVU590
 776:Drivers/STM32F4xx_HAL_Driver/Src/stm32f4xx_hal_dma.c ****     {
 1577              		.loc 1 776 8 is_stmt 0 view .LVU591
 1578 0050 2268     		ldr	r2, [r4]
 1579 0052 5269     		ldr	r2, [r2, #20]
 776:Drivers/STM32F4xx_HAL_Driver/Src/stm32f4xx_hal_dma.c ****     {
 1580              		.loc 1 776 7 view .LVU592
 1581 0054 12F0800F 		tst	r2, #128
 1582 0058 04D0     		beq	.L99
 779:Drivers/STM32F4xx_HAL_Driver/Src/stm32f4xx_hal_dma.c **** 
 1583              		.loc 1 779 7 is_stmt 1 view .LVU593
 779:Drivers/STM32F4xx_HAL_Driver/Src/stm32f4xx_hal_dma.c **** 
 1584              		.loc 1 779 18 is_stmt 0 view .LVU594
 1585 005a BB60     		str	r3, [r7, #8]
 782:Drivers/STM32F4xx_HAL_Driver/Src/stm32f4xx_hal_dma.c ****     }
 1586              		.loc 1 782 7 is_stmt 1 view .LVU595
 782:Drivers/STM32F4xx_HAL_Driver/Src/stm32f4xx_hal_dma.c ****     }
 1587              		.loc 1 782 11 is_stmt 0 view .LVU596
 1588 005c 636D     		ldr	r3, [r4, #84]
 782:Drivers/STM32F4xx_HAL_Driver/Src/stm32f4xx_hal_dma.c ****     }
 1589              		.loc 1 782 23 view .LVU597
 1590 005e 43F00203 		orr	r3, r3, #2
 1591 0062 6365     		str	r3, [r4, #84]
 1592              	.L99:
 786:Drivers/STM32F4xx_HAL_Driver/Src/stm32f4xx_hal_dma.c ****   {
 1593              		.loc 1 786 3 is_stmt 1 view .LVU598
 786:Drivers/STM32F4xx_HAL_Driver/Src/stm32f4xx_hal_dma.c ****   {
 1594              		.loc 1 786 43 is_stmt 0 view .LVU599
 1595 0064 E26D     		ldr	r2, [r4, #92]
 786:Drivers/STM32F4xx_HAL_Driver/Src/stm32f4xx_hal_dma.c ****   {
 1596              		.loc 1 786 36 view .LVU600
 1597 0066 0423     		movs	r3, #4
 1598 0068 9340     		lsls	r3, r3, r2
 786:Drivers/STM32F4xx_HAL_Driver/Src/stm32f4xx_hal_dma.c ****   {
 1599              		.loc 1 786 6 view .LVU601
 1600 006a 3342     		tst	r3, r6
 1601 006c 09D0     		beq	.L100
 788:Drivers/STM32F4xx_HAL_Driver/Src/stm32f4xx_hal_dma.c ****     {
 1602              		.loc 1 788 5 is_stmt 1 view .LVU602
 788:Drivers/STM32F4xx_HAL_Driver/Src/stm32f4xx_hal_dma.c ****     {
 1603              		.loc 1 788 8 is_stmt 0 view .LVU603
 1604 006e 2268     		ldr	r2, [r4]
 1605 0070 1268     		ldr	r2, [r2]
 788:Drivers/STM32F4xx_HAL_Driver/Src/stm32f4xx_hal_dma.c ****     {
 1606              		.loc 1 788 7 view .LVU604
 1607 0072 12F0020F 		tst	r2, #2
 1608 0076 04D0     		beq	.L100
 791:Drivers/STM32F4xx_HAL_Driver/Src/stm32f4xx_hal_dma.c **** 
ARM GAS  /tmp/ccN3EVao.s 			page 61


 1609              		.loc 1 791 7 is_stmt 1 view .LVU605
 791:Drivers/STM32F4xx_HAL_Driver/Src/stm32f4xx_hal_dma.c **** 
 1610              		.loc 1 791 18 is_stmt 0 view .LVU606
 1611 0078 BB60     		str	r3, [r7, #8]
 794:Drivers/STM32F4xx_HAL_Driver/Src/stm32f4xx_hal_dma.c ****     }
 1612              		.loc 1 794 7 is_stmt 1 view .LVU607
 794:Drivers/STM32F4xx_HAL_Driver/Src/stm32f4xx_hal_dma.c ****     }
 1613              		.loc 1 794 11 is_stmt 0 view .LVU608
 1614 007a 636D     		ldr	r3, [r4, #84]
 794:Drivers/STM32F4xx_HAL_Driver/Src/stm32f4xx_hal_dma.c ****     }
 1615              		.loc 1 794 23 view .LVU609
 1616 007c 43F00403 		orr	r3, r3, #4
 1617 0080 6365     		str	r3, [r4, #84]
 1618              	.L100:
 798:Drivers/STM32F4xx_HAL_Driver/Src/stm32f4xx_hal_dma.c ****   {
 1619              		.loc 1 798 3 is_stmt 1 view .LVU610
 798:Drivers/STM32F4xx_HAL_Driver/Src/stm32f4xx_hal_dma.c ****   {
 1620              		.loc 1 798 42 is_stmt 0 view .LVU611
 1621 0082 E26D     		ldr	r2, [r4, #92]
 798:Drivers/STM32F4xx_HAL_Driver/Src/stm32f4xx_hal_dma.c ****   {
 1622              		.loc 1 798 35 view .LVU612
 1623 0084 1023     		movs	r3, #16
 1624 0086 9340     		lsls	r3, r3, r2
 798:Drivers/STM32F4xx_HAL_Driver/Src/stm32f4xx_hal_dma.c ****   {
 1625              		.loc 1 798 6 view .LVU613
 1626 0088 3342     		tst	r3, r6
 1627 008a 24D0     		beq	.L101
 800:Drivers/STM32F4xx_HAL_Driver/Src/stm32f4xx_hal_dma.c ****     {
 1628              		.loc 1 800 5 is_stmt 1 view .LVU614
 800:Drivers/STM32F4xx_HAL_Driver/Src/stm32f4xx_hal_dma.c ****     {
 1629              		.loc 1 800 8 is_stmt 0 view .LVU615
 1630 008c 2268     		ldr	r2, [r4]
 1631 008e 1268     		ldr	r2, [r2]
 800:Drivers/STM32F4xx_HAL_Driver/Src/stm32f4xx_hal_dma.c ****     {
 1632              		.loc 1 800 7 view .LVU616
 1633 0090 12F0080F 		tst	r2, #8
 1634 0094 1FD0     		beq	.L101
 803:Drivers/STM32F4xx_HAL_Driver/Src/stm32f4xx_hal_dma.c ****       
 1635              		.loc 1 803 7 is_stmt 1 view .LVU617
 803:Drivers/STM32F4xx_HAL_Driver/Src/stm32f4xx_hal_dma.c ****       
 1636              		.loc 1 803 18 is_stmt 0 view .LVU618
 1637 0096 BB60     		str	r3, [r7, #8]
 806:Drivers/STM32F4xx_HAL_Driver/Src/stm32f4xx_hal_dma.c ****       {
 1638              		.loc 1 806 7 is_stmt 1 view .LVU619
 806:Drivers/STM32F4xx_HAL_Driver/Src/stm32f4xx_hal_dma.c ****       {
 1639              		.loc 1 806 16 is_stmt 0 view .LVU620
 1640 0098 2368     		ldr	r3, [r4]
 806:Drivers/STM32F4xx_HAL_Driver/Src/stm32f4xx_hal_dma.c ****       {
 1641              		.loc 1 806 26 view .LVU621
 1642 009a 1A68     		ldr	r2, [r3]
 806:Drivers/STM32F4xx_HAL_Driver/Src/stm32f4xx_hal_dma.c ****       {
 1643              		.loc 1 806 9 view .LVU622
 1644 009c 12F4802F 		tst	r2, #262144
 1645 00a0 0DD0     		beq	.L102
 809:Drivers/STM32F4xx_HAL_Driver/Src/stm32f4xx_hal_dma.c ****         {
 1646              		.loc 1 809 9 is_stmt 1 view .LVU623
 809:Drivers/STM32F4xx_HAL_Driver/Src/stm32f4xx_hal_dma.c ****         {
ARM GAS  /tmp/ccN3EVao.s 			page 62


 1647              		.loc 1 809 27 is_stmt 0 view .LVU624
 1648 00a2 1B68     		ldr	r3, [r3]
 809:Drivers/STM32F4xx_HAL_Driver/Src/stm32f4xx_hal_dma.c ****         {
 1649              		.loc 1 809 11 view .LVU625
 1650 00a4 13F4002F 		tst	r3, #524288
 1651 00a8 04D1     		bne	.L103
 811:Drivers/STM32F4xx_HAL_Driver/Src/stm32f4xx_hal_dma.c ****           {
 1652              		.loc 1 811 11 is_stmt 1 view .LVU626
 811:Drivers/STM32F4xx_HAL_Driver/Src/stm32f4xx_hal_dma.c ****           {
 1653              		.loc 1 811 18 is_stmt 0 view .LVU627
 1654 00aa 236C     		ldr	r3, [r4, #64]
 811:Drivers/STM32F4xx_HAL_Driver/Src/stm32f4xx_hal_dma.c ****           {
 1655              		.loc 1 811 13 view .LVU628
 1656 00ac 9BB1     		cbz	r3, .L101
 814:Drivers/STM32F4xx_HAL_Driver/Src/stm32f4xx_hal_dma.c ****           }
 1657              		.loc 1 814 13 is_stmt 1 view .LVU629
 1658 00ae 2046     		mov	r0, r4
 1659              	.LVL127:
 814:Drivers/STM32F4xx_HAL_Driver/Src/stm32f4xx_hal_dma.c ****           }
 1660              		.loc 1 814 13 is_stmt 0 view .LVU630
 1661 00b0 9847     		blx	r3
 1662              	.LVL128:
 1663 00b2 10E0     		b	.L101
 1664              	.LVL129:
 1665              	.L103:
 820:Drivers/STM32F4xx_HAL_Driver/Src/stm32f4xx_hal_dma.c ****           {
 1666              		.loc 1 820 11 is_stmt 1 view .LVU631
 820:Drivers/STM32F4xx_HAL_Driver/Src/stm32f4xx_hal_dma.c ****           {
 1667              		.loc 1 820 18 is_stmt 0 view .LVU632
 1668 00b4 A36C     		ldr	r3, [r4, #72]
 820:Drivers/STM32F4xx_HAL_Driver/Src/stm32f4xx_hal_dma.c ****           {
 1669              		.loc 1 820 13 view .LVU633
 1670 00b6 73B1     		cbz	r3, .L101
 823:Drivers/STM32F4xx_HAL_Driver/Src/stm32f4xx_hal_dma.c ****           }
 1671              		.loc 1 823 13 is_stmt 1 view .LVU634
 1672 00b8 2046     		mov	r0, r4
 1673              	.LVL130:
 823:Drivers/STM32F4xx_HAL_Driver/Src/stm32f4xx_hal_dma.c ****           }
 1674              		.loc 1 823 13 is_stmt 0 view .LVU635
 1675 00ba 9847     		blx	r3
 1676              	.LVL131:
 1677 00bc 0BE0     		b	.L101
 1678              	.LVL132:
 1679              	.L102:
 830:Drivers/STM32F4xx_HAL_Driver/Src/stm32f4xx_hal_dma.c ****         {
 1680              		.loc 1 830 9 is_stmt 1 view .LVU636
 830:Drivers/STM32F4xx_HAL_Driver/Src/stm32f4xx_hal_dma.c ****         {
 1681              		.loc 1 830 27 is_stmt 0 view .LVU637
 1682 00be 1A68     		ldr	r2, [r3]
 830:Drivers/STM32F4xx_HAL_Driver/Src/stm32f4xx_hal_dma.c ****         {
 1683              		.loc 1 830 11 view .LVU638
 1684 00c0 12F4807F 		tst	r2, #256
 1685 00c4 03D1     		bne	.L104
 833:Drivers/STM32F4xx_HAL_Driver/Src/stm32f4xx_hal_dma.c ****         }
 1686              		.loc 1 833 11 is_stmt 1 view .LVU639
 833:Drivers/STM32F4xx_HAL_Driver/Src/stm32f4xx_hal_dma.c ****         }
 1687              		.loc 1 833 25 is_stmt 0 view .LVU640
ARM GAS  /tmp/ccN3EVao.s 			page 63


 1688 00c6 1A68     		ldr	r2, [r3]
 833:Drivers/STM32F4xx_HAL_Driver/Src/stm32f4xx_hal_dma.c ****         }
 1689              		.loc 1 833 31 view .LVU641
 1690 00c8 22F00802 		bic	r2, r2, #8
 1691 00cc 1A60     		str	r2, [r3]
 1692              	.L104:
 836:Drivers/STM32F4xx_HAL_Driver/Src/stm32f4xx_hal_dma.c ****         {
 1693              		.loc 1 836 9 is_stmt 1 view .LVU642
 836:Drivers/STM32F4xx_HAL_Driver/Src/stm32f4xx_hal_dma.c ****         {
 1694              		.loc 1 836 16 is_stmt 0 view .LVU643
 1695 00ce 236C     		ldr	r3, [r4, #64]
 836:Drivers/STM32F4xx_HAL_Driver/Src/stm32f4xx_hal_dma.c ****         {
 1696              		.loc 1 836 11 view .LVU644
 1697 00d0 0BB1     		cbz	r3, .L101
 839:Drivers/STM32F4xx_HAL_Driver/Src/stm32f4xx_hal_dma.c ****         }
 1698              		.loc 1 839 11 is_stmt 1 view .LVU645
 1699 00d2 2046     		mov	r0, r4
 1700              	.LVL133:
 839:Drivers/STM32F4xx_HAL_Driver/Src/stm32f4xx_hal_dma.c ****         }
 1701              		.loc 1 839 11 is_stmt 0 view .LVU646
 1702 00d4 9847     		blx	r3
 1703              	.LVL134:
 1704              	.L101:
 845:Drivers/STM32F4xx_HAL_Driver/Src/stm32f4xx_hal_dma.c ****   {
 1705              		.loc 1 845 3 is_stmt 1 view .LVU647
 845:Drivers/STM32F4xx_HAL_Driver/Src/stm32f4xx_hal_dma.c ****   {
 1706              		.loc 1 845 42 is_stmt 0 view .LVU648
 1707 00d6 E26D     		ldr	r2, [r4, #92]
 845:Drivers/STM32F4xx_HAL_Driver/Src/stm32f4xx_hal_dma.c ****   {
 1708              		.loc 1 845 35 view .LVU649
 1709 00d8 2023     		movs	r3, #32
 1710 00da 9340     		lsls	r3, r3, r2
 845:Drivers/STM32F4xx_HAL_Driver/Src/stm32f4xx_hal_dma.c ****   {
 1711              		.loc 1 845 6 view .LVU650
 1712 00dc 3342     		tst	r3, r6
 1713 00de 55D0     		beq	.L105
 847:Drivers/STM32F4xx_HAL_Driver/Src/stm32f4xx_hal_dma.c ****     {
 1714              		.loc 1 847 5 is_stmt 1 view .LVU651
 847:Drivers/STM32F4xx_HAL_Driver/Src/stm32f4xx_hal_dma.c ****     {
 1715              		.loc 1 847 8 is_stmt 0 view .LVU652
 1716 00e0 2268     		ldr	r2, [r4]
 1717 00e2 1268     		ldr	r2, [r2]
 847:Drivers/STM32F4xx_HAL_Driver/Src/stm32f4xx_hal_dma.c ****     {
 1718              		.loc 1 847 7 view .LVU653
 1719 00e4 12F0100F 		tst	r2, #16
 1720 00e8 50D0     		beq	.L105
 850:Drivers/STM32F4xx_HAL_Driver/Src/stm32f4xx_hal_dma.c ****       
 1721              		.loc 1 850 7 is_stmt 1 view .LVU654
 850:Drivers/STM32F4xx_HAL_Driver/Src/stm32f4xx_hal_dma.c ****       
 1722              		.loc 1 850 18 is_stmt 0 view .LVU655
 1723 00ea BB60     		str	r3, [r7, #8]
 852:Drivers/STM32F4xx_HAL_Driver/Src/stm32f4xx_hal_dma.c ****       {
 1724              		.loc 1 852 7 is_stmt 1 view .LVU656
 852:Drivers/STM32F4xx_HAL_Driver/Src/stm32f4xx_hal_dma.c ****       {
 1725              		.loc 1 852 37 is_stmt 0 view .LVU657
 1726 00ec 94F83530 		ldrb	r3, [r4, #53]	@ zero_extendqisi2
 1727 00f0 DBB2     		uxtb	r3, r3
ARM GAS  /tmp/ccN3EVao.s 			page 64


 852:Drivers/STM32F4xx_HAL_Driver/Src/stm32f4xx_hal_dma.c ****       {
 1728              		.loc 1 852 9 view .LVU658
 1729 00f2 052B     		cmp	r3, #5
 1730 00f4 0ED0     		beq	.L118
 879:Drivers/STM32F4xx_HAL_Driver/Src/stm32f4xx_hal_dma.c ****       {
 1731              		.loc 1 879 7 is_stmt 1 view .LVU659
 879:Drivers/STM32F4xx_HAL_Driver/Src/stm32f4xx_hal_dma.c ****       {
 1732              		.loc 1 879 16 is_stmt 0 view .LVU660
 1733 00f6 2368     		ldr	r3, [r4]
 879:Drivers/STM32F4xx_HAL_Driver/Src/stm32f4xx_hal_dma.c ****       {
 1734              		.loc 1 879 26 view .LVU661
 1735 00f8 1A68     		ldr	r2, [r3]
 879:Drivers/STM32F4xx_HAL_Driver/Src/stm32f4xx_hal_dma.c ****       {
 1736              		.loc 1 879 9 view .LVU662
 1737 00fa 12F4802F 		tst	r2, #262144
 1738 00fe 33D0     		beq	.L111
 882:Drivers/STM32F4xx_HAL_Driver/Src/stm32f4xx_hal_dma.c ****         {
 1739              		.loc 1 882 9 is_stmt 1 view .LVU663
 882:Drivers/STM32F4xx_HAL_Driver/Src/stm32f4xx_hal_dma.c ****         {
 1740              		.loc 1 882 27 is_stmt 0 view .LVU664
 1741 0100 1B68     		ldr	r3, [r3]
 882:Drivers/STM32F4xx_HAL_Driver/Src/stm32f4xx_hal_dma.c ****         {
 1742              		.loc 1 882 11 view .LVU665
 1743 0102 13F4002F 		tst	r3, #524288
 1744 0106 2AD1     		bne	.L112
 884:Drivers/STM32F4xx_HAL_Driver/Src/stm32f4xx_hal_dma.c ****           {
 1745              		.loc 1 884 11 is_stmt 1 view .LVU666
 884:Drivers/STM32F4xx_HAL_Driver/Src/stm32f4xx_hal_dma.c ****           {
 1746              		.loc 1 884 18 is_stmt 0 view .LVU667
 1747 0108 636C     		ldr	r3, [r4, #68]
 884:Drivers/STM32F4xx_HAL_Driver/Src/stm32f4xx_hal_dma.c ****           {
 1748              		.loc 1 884 13 view .LVU668
 1749 010a 002B     		cmp	r3, #0
 1750 010c 3ED0     		beq	.L105
 887:Drivers/STM32F4xx_HAL_Driver/Src/stm32f4xx_hal_dma.c ****           }
 1751              		.loc 1 887 13 is_stmt 1 view .LVU669
 1752 010e 2046     		mov	r0, r4
 1753 0110 9847     		blx	r3
 1754              	.LVL135:
 1755 0112 3BE0     		b	.L105
 1756              	.L118:
 855:Drivers/STM32F4xx_HAL_Driver/Src/stm32f4xx_hal_dma.c ****         hdma->Instance->FCR &= ~(DMA_IT_FE);
 1757              		.loc 1 855 9 view .LVU670
 855:Drivers/STM32F4xx_HAL_Driver/Src/stm32f4xx_hal_dma.c ****         hdma->Instance->FCR &= ~(DMA_IT_FE);
 1758              		.loc 1 855 13 is_stmt 0 view .LVU671
 1759 0114 2268     		ldr	r2, [r4]
 855:Drivers/STM32F4xx_HAL_Driver/Src/stm32f4xx_hal_dma.c ****         hdma->Instance->FCR &= ~(DMA_IT_FE);
 1760              		.loc 1 855 23 view .LVU672
 1761 0116 1368     		ldr	r3, [r2]
 855:Drivers/STM32F4xx_HAL_Driver/Src/stm32f4xx_hal_dma.c ****         hdma->Instance->FCR &= ~(DMA_IT_FE);
 1762              		.loc 1 855 29 view .LVU673
 1763 0118 23F01603 		bic	r3, r3, #22
 1764 011c 1360     		str	r3, [r2]
 856:Drivers/STM32F4xx_HAL_Driver/Src/stm32f4xx_hal_dma.c ****         
 1765              		.loc 1 856 9 is_stmt 1 view .LVU674
 856:Drivers/STM32F4xx_HAL_Driver/Src/stm32f4xx_hal_dma.c ****         
 1766              		.loc 1 856 13 is_stmt 0 view .LVU675
ARM GAS  /tmp/ccN3EVao.s 			page 65


 1767 011e 2268     		ldr	r2, [r4]
 856:Drivers/STM32F4xx_HAL_Driver/Src/stm32f4xx_hal_dma.c ****         
 1768              		.loc 1 856 23 view .LVU676
 1769 0120 5369     		ldr	r3, [r2, #20]
 856:Drivers/STM32F4xx_HAL_Driver/Src/stm32f4xx_hal_dma.c ****         
 1770              		.loc 1 856 29 view .LVU677
 1771 0122 23F08003 		bic	r3, r3, #128
 1772 0126 5361     		str	r3, [r2, #20]
 858:Drivers/STM32F4xx_HAL_Driver/Src/stm32f4xx_hal_dma.c ****         {
 1773              		.loc 1 858 9 is_stmt 1 view .LVU678
 858:Drivers/STM32F4xx_HAL_Driver/Src/stm32f4xx_hal_dma.c ****         {
 1774              		.loc 1 858 17 is_stmt 0 view .LVU679
 1775 0128 236C     		ldr	r3, [r4, #64]
 858:Drivers/STM32F4xx_HAL_Driver/Src/stm32f4xx_hal_dma.c ****         {
 1776              		.loc 1 858 11 view .LVU680
 1777 012a A3B1     		cbz	r3, .L119
 1778              	.L107:
 860:Drivers/STM32F4xx_HAL_Driver/Src/stm32f4xx_hal_dma.c ****         }
 1779              		.loc 1 860 11 is_stmt 1 view .LVU681
 860:Drivers/STM32F4xx_HAL_Driver/Src/stm32f4xx_hal_dma.c ****         }
 1780              		.loc 1 860 15 is_stmt 0 view .LVU682
 1781 012c 2268     		ldr	r2, [r4]
 860:Drivers/STM32F4xx_HAL_Driver/Src/stm32f4xx_hal_dma.c ****         }
 1782              		.loc 1 860 25 view .LVU683
 1783 012e 1368     		ldr	r3, [r2]
 860:Drivers/STM32F4xx_HAL_Driver/Src/stm32f4xx_hal_dma.c ****         }
 1784              		.loc 1 860 31 view .LVU684
 1785 0130 23F00803 		bic	r3, r3, #8
 1786 0134 1360     		str	r3, [r2]
 1787              	.L108:
 864:Drivers/STM32F4xx_HAL_Driver/Src/stm32f4xx_hal_dma.c **** 
 1788              		.loc 1 864 9 is_stmt 1 view .LVU685
 864:Drivers/STM32F4xx_HAL_Driver/Src/stm32f4xx_hal_dma.c **** 
 1789              		.loc 1 864 35 is_stmt 0 view .LVU686
 1790 0136 E26D     		ldr	r2, [r4, #92]
 864:Drivers/STM32F4xx_HAL_Driver/Src/stm32f4xx_hal_dma.c **** 
 1791              		.loc 1 864 28 view .LVU687
 1792 0138 3F23     		movs	r3, #63
 1793 013a 9340     		lsls	r3, r3, r2
 864:Drivers/STM32F4xx_HAL_Driver/Src/stm32f4xx_hal_dma.c **** 
 1794              		.loc 1 864 20 view .LVU688
 1795 013c BB60     		str	r3, [r7, #8]
 867:Drivers/STM32F4xx_HAL_Driver/Src/stm32f4xx_hal_dma.c **** 
 1796              		.loc 1 867 9 is_stmt 1 view .LVU689
 867:Drivers/STM32F4xx_HAL_Driver/Src/stm32f4xx_hal_dma.c **** 
 1797              		.loc 1 867 21 is_stmt 0 view .LVU690
 1798 013e 0123     		movs	r3, #1
 1799 0140 84F83530 		strb	r3, [r4, #53]
 870:Drivers/STM32F4xx_HAL_Driver/Src/stm32f4xx_hal_dma.c **** 
 1800              		.loc 1 870 9 is_stmt 1 view .LVU691
 870:Drivers/STM32F4xx_HAL_Driver/Src/stm32f4xx_hal_dma.c **** 
 1801              		.loc 1 870 9 view .LVU692
 1802 0144 0023     		movs	r3, #0
 1803 0146 84F83430 		strb	r3, [r4, #52]
 870:Drivers/STM32F4xx_HAL_Driver/Src/stm32f4xx_hal_dma.c **** 
 1804              		.loc 1 870 9 view .LVU693
 872:Drivers/STM32F4xx_HAL_Driver/Src/stm32f4xx_hal_dma.c ****         {
ARM GAS  /tmp/ccN3EVao.s 			page 66


 1805              		.loc 1 872 9 view .LVU694
 872:Drivers/STM32F4xx_HAL_Driver/Src/stm32f4xx_hal_dma.c ****         {
 1806              		.loc 1 872 16 is_stmt 0 view .LVU695
 1807 014a 236D     		ldr	r3, [r4, #80]
 872:Drivers/STM32F4xx_HAL_Driver/Src/stm32f4xx_hal_dma.c ****         {
 1808              		.loc 1 872 11 view .LVU696
 1809 014c 002B     		cmp	r3, #0
 1810 014e 3FD0     		beq	.L97
 874:Drivers/STM32F4xx_HAL_Driver/Src/stm32f4xx_hal_dma.c ****         }
 1811              		.loc 1 874 11 is_stmt 1 view .LVU697
 1812 0150 2046     		mov	r0, r4
 1813 0152 9847     		blx	r3
 1814              	.LVL136:
 876:Drivers/STM32F4xx_HAL_Driver/Src/stm32f4xx_hal_dma.c ****       }
 1815              		.loc 1 876 9 view .LVU698
 1816 0154 3CE0     		b	.L97
 1817              	.L119:
 858:Drivers/STM32F4xx_HAL_Driver/Src/stm32f4xx_hal_dma.c ****         {
 1818              		.loc 1 858 57 is_stmt 0 discriminator 1 view .LVU699
 1819 0156 A36C     		ldr	r3, [r4, #72]
 858:Drivers/STM32F4xx_HAL_Driver/Src/stm32f4xx_hal_dma.c ****         {
 1820              		.loc 1 858 49 discriminator 1 view .LVU700
 1821 0158 002B     		cmp	r3, #0
 1822 015a E7D1     		bne	.L107
 1823 015c EBE7     		b	.L108
 1824              	.L112:
 893:Drivers/STM32F4xx_HAL_Driver/Src/stm32f4xx_hal_dma.c ****           {
 1825              		.loc 1 893 11 is_stmt 1 view .LVU701
 893:Drivers/STM32F4xx_HAL_Driver/Src/stm32f4xx_hal_dma.c ****           {
 1826              		.loc 1 893 18 is_stmt 0 view .LVU702
 1827 015e E36B     		ldr	r3, [r4, #60]
 893:Drivers/STM32F4xx_HAL_Driver/Src/stm32f4xx_hal_dma.c ****           {
 1828              		.loc 1 893 13 view .LVU703
 1829 0160 A3B1     		cbz	r3, .L105
 896:Drivers/STM32F4xx_HAL_Driver/Src/stm32f4xx_hal_dma.c ****           }
 1830              		.loc 1 896 13 is_stmt 1 view .LVU704
 1831 0162 2046     		mov	r0, r4
 1832 0164 9847     		blx	r3
 1833              	.LVL137:
 1834 0166 11E0     		b	.L105
 1835              	.L111:
 903:Drivers/STM32F4xx_HAL_Driver/Src/stm32f4xx_hal_dma.c ****         {
 1836              		.loc 1 903 9 view .LVU705
 903:Drivers/STM32F4xx_HAL_Driver/Src/stm32f4xx_hal_dma.c ****         {
 1837              		.loc 1 903 27 is_stmt 0 view .LVU706
 1838 0168 1A68     		ldr	r2, [r3]
 903:Drivers/STM32F4xx_HAL_Driver/Src/stm32f4xx_hal_dma.c ****         {
 1839              		.loc 1 903 11 view .LVU707
 1840 016a 12F4807F 		tst	r2, #256
 1841 016e 09D1     		bne	.L113
 906:Drivers/STM32F4xx_HAL_Driver/Src/stm32f4xx_hal_dma.c **** 
 1842              		.loc 1 906 11 is_stmt 1 view .LVU708
 906:Drivers/STM32F4xx_HAL_Driver/Src/stm32f4xx_hal_dma.c **** 
 1843              		.loc 1 906 25 is_stmt 0 view .LVU709
 1844 0170 1A68     		ldr	r2, [r3]
 906:Drivers/STM32F4xx_HAL_Driver/Src/stm32f4xx_hal_dma.c **** 
 1845              		.loc 1 906 31 view .LVU710
ARM GAS  /tmp/ccN3EVao.s 			page 67


 1846 0172 22F01002 		bic	r2, r2, #16
 1847 0176 1A60     		str	r2, [r3]
 909:Drivers/STM32F4xx_HAL_Driver/Src/stm32f4xx_hal_dma.c **** 
 1848              		.loc 1 909 11 is_stmt 1 view .LVU711
 909:Drivers/STM32F4xx_HAL_Driver/Src/stm32f4xx_hal_dma.c **** 
 1849              		.loc 1 909 23 is_stmt 0 view .LVU712
 1850 0178 0123     		movs	r3, #1
 1851 017a 84F83530 		strb	r3, [r4, #53]
 912:Drivers/STM32F4xx_HAL_Driver/Src/stm32f4xx_hal_dma.c ****         }
 1852              		.loc 1 912 11 is_stmt 1 view .LVU713
 912:Drivers/STM32F4xx_HAL_Driver/Src/stm32f4xx_hal_dma.c ****         }
 1853              		.loc 1 912 11 view .LVU714
 1854 017e 0023     		movs	r3, #0
 1855 0180 84F83430 		strb	r3, [r4, #52]
 1856              	.L113:
 912:Drivers/STM32F4xx_HAL_Driver/Src/stm32f4xx_hal_dma.c ****         }
 1857              		.loc 1 912 11 discriminator 1 view .LVU715
 915:Drivers/STM32F4xx_HAL_Driver/Src/stm32f4xx_hal_dma.c ****         {
 1858              		.loc 1 915 9 view .LVU716
 915:Drivers/STM32F4xx_HAL_Driver/Src/stm32f4xx_hal_dma.c ****         {
 1859              		.loc 1 915 16 is_stmt 0 view .LVU717
 1860 0184 E36B     		ldr	r3, [r4, #60]
 915:Drivers/STM32F4xx_HAL_Driver/Src/stm32f4xx_hal_dma.c ****         {
 1861              		.loc 1 915 11 view .LVU718
 1862 0186 0BB1     		cbz	r3, .L105
 918:Drivers/STM32F4xx_HAL_Driver/Src/stm32f4xx_hal_dma.c ****         }
 1863              		.loc 1 918 11 is_stmt 1 view .LVU719
 1864 0188 2046     		mov	r0, r4
 1865 018a 9847     		blx	r3
 1866              	.LVL138:
 1867              	.L105:
 925:Drivers/STM32F4xx_HAL_Driver/Src/stm32f4xx_hal_dma.c ****   {
 1868              		.loc 1 925 3 view .LVU720
 925:Drivers/STM32F4xx_HAL_Driver/Src/stm32f4xx_hal_dma.c ****   {
 1869              		.loc 1 925 10 is_stmt 0 view .LVU721
 1870 018c 636D     		ldr	r3, [r4, #84]
 925:Drivers/STM32F4xx_HAL_Driver/Src/stm32f4xx_hal_dma.c ****   {
 1871              		.loc 1 925 5 view .LVU722
 1872 018e FBB1     		cbz	r3, .L97
 927:Drivers/STM32F4xx_HAL_Driver/Src/stm32f4xx_hal_dma.c ****     {
 1873              		.loc 1 927 5 is_stmt 1 view .LVU723
 927:Drivers/STM32F4xx_HAL_Driver/Src/stm32f4xx_hal_dma.c ****     {
 1874              		.loc 1 927 13 is_stmt 0 view .LVU724
 1875 0190 636D     		ldr	r3, [r4, #84]
 927:Drivers/STM32F4xx_HAL_Driver/Src/stm32f4xx_hal_dma.c ****     {
 1876              		.loc 1 927 7 view .LVU725
 1877 0192 13F0010F 		tst	r3, #1
 1878 0196 17D0     		beq	.L114
 929:Drivers/STM32F4xx_HAL_Driver/Src/stm32f4xx_hal_dma.c **** 
 1879              		.loc 1 929 7 is_stmt 1 view .LVU726
 929:Drivers/STM32F4xx_HAL_Driver/Src/stm32f4xx_hal_dma.c **** 
 1880              		.loc 1 929 19 is_stmt 0 view .LVU727
 1881 0198 0523     		movs	r3, #5
 1882 019a 84F83530 		strb	r3, [r4, #53]
 932:Drivers/STM32F4xx_HAL_Driver/Src/stm32f4xx_hal_dma.c **** 
 1883              		.loc 1 932 7 is_stmt 1 view .LVU728
 1884 019e 2268     		ldr	r2, [r4]
ARM GAS  /tmp/ccN3EVao.s 			page 68


 1885 01a0 1368     		ldr	r3, [r2]
 1886 01a2 23F00103 		bic	r3, r3, #1
 1887 01a6 1360     		str	r3, [r2]
 1888              	.L116:
 934:Drivers/STM32F4xx_HAL_Driver/Src/stm32f4xx_hal_dma.c ****       {
 1889              		.loc 1 934 7 view .LVU729
 936:Drivers/STM32F4xx_HAL_Driver/Src/stm32f4xx_hal_dma.c ****         {
 1890              		.loc 1 936 9 view .LVU730
 936:Drivers/STM32F4xx_HAL_Driver/Src/stm32f4xx_hal_dma.c ****         {
 1891              		.loc 1 936 13 is_stmt 0 view .LVU731
 1892 01a8 019B     		ldr	r3, [sp, #4]
 1893 01aa 0133     		adds	r3, r3, #1
 936:Drivers/STM32F4xx_HAL_Driver/Src/stm32f4xx_hal_dma.c ****         {
 1894              		.loc 1 936 12 view .LVU732
 1895 01ac 0193     		str	r3, [sp, #4]
 1896 01ae AB42     		cmp	r3, r5
 1897 01b0 04D8     		bhi	.L115
 941:Drivers/STM32F4xx_HAL_Driver/Src/stm32f4xx_hal_dma.c **** 
 1898              		.loc 1 941 48 is_stmt 1 view .LVU733
 941:Drivers/STM32F4xx_HAL_Driver/Src/stm32f4xx_hal_dma.c **** 
 1899              		.loc 1 941 18 is_stmt 0 view .LVU734
 1900 01b2 2368     		ldr	r3, [r4]
 941:Drivers/STM32F4xx_HAL_Driver/Src/stm32f4xx_hal_dma.c **** 
 1901              		.loc 1 941 28 view .LVU735
 1902 01b4 1B68     		ldr	r3, [r3]
 941:Drivers/STM32F4xx_HAL_Driver/Src/stm32f4xx_hal_dma.c **** 
 1903              		.loc 1 941 48 view .LVU736
 1904 01b6 13F0010F 		tst	r3, #1
 1905 01ba F5D1     		bne	.L116
 1906              	.L115:
 944:Drivers/STM32F4xx_HAL_Driver/Src/stm32f4xx_hal_dma.c **** 
 1907              		.loc 1 944 7 is_stmt 1 view .LVU737
 944:Drivers/STM32F4xx_HAL_Driver/Src/stm32f4xx_hal_dma.c **** 
 1908              		.loc 1 944 19 is_stmt 0 view .LVU738
 1909 01bc 0123     		movs	r3, #1
 1910 01be 84F83530 		strb	r3, [r4, #53]
 947:Drivers/STM32F4xx_HAL_Driver/Src/stm32f4xx_hal_dma.c ****     }
 1911              		.loc 1 947 7 is_stmt 1 view .LVU739
 947:Drivers/STM32F4xx_HAL_Driver/Src/stm32f4xx_hal_dma.c ****     }
 1912              		.loc 1 947 7 view .LVU740
 1913 01c2 0023     		movs	r3, #0
 1914 01c4 84F83430 		strb	r3, [r4, #52]
 1915              	.L114:
 947:Drivers/STM32F4xx_HAL_Driver/Src/stm32f4xx_hal_dma.c ****     }
 1916              		.loc 1 947 7 discriminator 1 view .LVU741
 950:Drivers/STM32F4xx_HAL_Driver/Src/stm32f4xx_hal_dma.c ****     {
 1917              		.loc 1 950 5 view .LVU742
 950:Drivers/STM32F4xx_HAL_Driver/Src/stm32f4xx_hal_dma.c ****     {
 1918              		.loc 1 950 12 is_stmt 0 view .LVU743
 1919 01c8 E36C     		ldr	r3, [r4, #76]
 950:Drivers/STM32F4xx_HAL_Driver/Src/stm32f4xx_hal_dma.c ****     {
 1920              		.loc 1 950 7 view .LVU744
 1921 01ca 0BB1     		cbz	r3, .L97
 953:Drivers/STM32F4xx_HAL_Driver/Src/stm32f4xx_hal_dma.c ****     }
 1922              		.loc 1 953 7 is_stmt 1 view .LVU745
 1923 01cc 2046     		mov	r0, r4
 1924 01ce 9847     		blx	r3
ARM GAS  /tmp/ccN3EVao.s 			page 69


 1925              	.LVL139:
 1926              	.L97:
 956:Drivers/STM32F4xx_HAL_Driver/Src/stm32f4xx_hal_dma.c **** 
 1927              		.loc 1 956 1 is_stmt 0 view .LVU746
 1928 01d0 03B0     		add	sp, sp, #12
 1929              		.cfi_def_cfa_offset 20
 1930              		@ sp needed
 1931 01d2 F0BD     		pop	{r4, r5, r6, r7, pc}
 1932              	.LVL140:
 1933              	.L121:
 956:Drivers/STM32F4xx_HAL_Driver/Src/stm32f4xx_hal_dma.c **** 
 1934              		.loc 1 956 1 view .LVU747
 1935              		.align	2
 1936              	.L120:
 1937 01d4 00000000 		.word	SystemCoreClock
 1938 01d8 B5814E1B 		.word	458129845
 1939              		.cfi_endproc
 1940              	.LFE223:
 1942              		.section	.text.HAL_DMA_RegisterCallback,"ax",%progbits
 1943              		.align	1
 1944              		.global	HAL_DMA_RegisterCallback
 1945              		.syntax unified
 1946              		.thumb
 1947              		.thumb_func
 1949              	HAL_DMA_RegisterCallback:
 1950              	.LVL141:
 1951              	.LFB224:
 969:Drivers/STM32F4xx_HAL_Driver/Src/stm32f4xx_hal_dma.c **** 
 1952              		.loc 1 969 1 is_stmt 1 view -0
 1953              		.cfi_startproc
 1954              		@ args = 0, pretend = 0, frame = 0
 1955              		@ frame_needed = 0, uses_anonymous_args = 0
 1956              		@ link register save eliminated.
 969:Drivers/STM32F4xx_HAL_Driver/Src/stm32f4xx_hal_dma.c **** 
 1957              		.loc 1 969 1 is_stmt 0 view .LVU749
 1958 0000 0346     		mov	r3, r0
 971:Drivers/STM32F4xx_HAL_Driver/Src/stm32f4xx_hal_dma.c **** 
 1959              		.loc 1 971 3 is_stmt 1 view .LVU750
 1960              	.LVL142:
 974:Drivers/STM32F4xx_HAL_Driver/Src/stm32f4xx_hal_dma.c **** 
 1961              		.loc 1 974 3 view .LVU751
 974:Drivers/STM32F4xx_HAL_Driver/Src/stm32f4xx_hal_dma.c **** 
 1962              		.loc 1 974 3 view .LVU752
 1963 0002 90F83400 		ldrb	r0, [r0, #52]	@ zero_extendqisi2
 1964              	.LVL143:
 974:Drivers/STM32F4xx_HAL_Driver/Src/stm32f4xx_hal_dma.c **** 
 1965              		.loc 1 974 3 is_stmt 0 view .LVU753
 1966 0006 0128     		cmp	r0, #1
 1967 0008 27D0     		beq	.L132
 974:Drivers/STM32F4xx_HAL_Driver/Src/stm32f4xx_hal_dma.c **** 
 1968              		.loc 1 974 3 is_stmt 1 discriminator 2 view .LVU754
 1969 000a 0120     		movs	r0, #1
 1970 000c 83F83400 		strb	r0, [r3, #52]
 974:Drivers/STM32F4xx_HAL_Driver/Src/stm32f4xx_hal_dma.c **** 
 1971              		.loc 1 974 3 discriminator 2 view .LVU755
 976:Drivers/STM32F4xx_HAL_Driver/Src/stm32f4xx_hal_dma.c ****   {
 1972              		.loc 1 976 3 view .LVU756
ARM GAS  /tmp/ccN3EVao.s 			page 70


 976:Drivers/STM32F4xx_HAL_Driver/Src/stm32f4xx_hal_dma.c ****   {
 1973              		.loc 1 976 33 is_stmt 0 view .LVU757
 1974 0010 93F83500 		ldrb	r0, [r3, #53]	@ zero_extendqisi2
 1975 0014 C0B2     		uxtb	r0, r0
 976:Drivers/STM32F4xx_HAL_Driver/Src/stm32f4xx_hal_dma.c ****   {
 1976              		.loc 1 976 5 view .LVU758
 1977 0016 0128     		cmp	r0, #1
 1978 0018 04D0     		beq	.L135
1011:Drivers/STM32F4xx_HAL_Driver/Src/stm32f4xx_hal_dma.c ****   }
 1979              		.loc 1 1011 12 view .LVU759
 1980 001a 0120     		movs	r0, #1
 1981              	.L124:
 1982              	.LVL144:
1015:Drivers/STM32F4xx_HAL_Driver/Src/stm32f4xx_hal_dma.c ****   
 1983              		.loc 1 1015 3 is_stmt 1 view .LVU760
1015:Drivers/STM32F4xx_HAL_Driver/Src/stm32f4xx_hal_dma.c ****   
 1984              		.loc 1 1015 3 view .LVU761
 1985 001c 0022     		movs	r2, #0
 1986              	.LVL145:
1015:Drivers/STM32F4xx_HAL_Driver/Src/stm32f4xx_hal_dma.c ****   
 1987              		.loc 1 1015 3 is_stmt 0 view .LVU762
 1988 001e 83F83420 		strb	r2, [r3, #52]
1015:Drivers/STM32F4xx_HAL_Driver/Src/stm32f4xx_hal_dma.c ****   
 1989              		.loc 1 1015 3 is_stmt 1 view .LVU763
1017:Drivers/STM32F4xx_HAL_Driver/Src/stm32f4xx_hal_dma.c **** }
 1990              		.loc 1 1017 3 view .LVU764
1017:Drivers/STM32F4xx_HAL_Driver/Src/stm32f4xx_hal_dma.c **** }
 1991              		.loc 1 1017 10 is_stmt 0 view .LVU765
 1992 0022 7047     		bx	lr
 1993              	.LVL146:
 1994              	.L135:
 978:Drivers/STM32F4xx_HAL_Driver/Src/stm32f4xx_hal_dma.c ****     {
 1995              		.loc 1 978 5 is_stmt 1 view .LVU766
 1996 0024 0529     		cmp	r1, #5
 1997 0026 16D8     		bhi	.L134
 1998 0028 DFE801F0 		tbb	[pc, r1]
 1999              	.L126:
 2000 002c 03       		.byte	(.L131-.L126)/2
 2001 002d 06       		.byte	(.L130-.L126)/2
 2002 002e 09       		.byte	(.L129-.L126)/2
 2003 002f 0C       		.byte	(.L128-.L126)/2
 2004 0030 0F       		.byte	(.L127-.L126)/2
 2005 0031 12       		.byte	(.L125-.L126)/2
 2006              		.p2align 1
 2007              	.L131:
 981:Drivers/STM32F4xx_HAL_Driver/Src/stm32f4xx_hal_dma.c ****       break;
 2008              		.loc 1 981 7 view .LVU767
 981:Drivers/STM32F4xx_HAL_Driver/Src/stm32f4xx_hal_dma.c ****       break;
 2009              		.loc 1 981 30 is_stmt 0 view .LVU768
 2010 0032 DA63     		str	r2, [r3, #60]
 982:Drivers/STM32F4xx_HAL_Driver/Src/stm32f4xx_hal_dma.c **** 
 2011              		.loc 1 982 7 is_stmt 1 view .LVU769
 971:Drivers/STM32F4xx_HAL_Driver/Src/stm32f4xx_hal_dma.c **** 
 2012              		.loc 1 971 21 is_stmt 0 view .LVU770
 2013 0034 0846     		mov	r0, r1
 982:Drivers/STM32F4xx_HAL_Driver/Src/stm32f4xx_hal_dma.c **** 
 2014              		.loc 1 982 7 view .LVU771
ARM GAS  /tmp/ccN3EVao.s 			page 71


 2015 0036 F1E7     		b	.L124
 2016              	.L130:
 985:Drivers/STM32F4xx_HAL_Driver/Src/stm32f4xx_hal_dma.c ****       break;
 2017              		.loc 1 985 7 is_stmt 1 view .LVU772
 985:Drivers/STM32F4xx_HAL_Driver/Src/stm32f4xx_hal_dma.c ****       break;
 2018              		.loc 1 985 34 is_stmt 0 view .LVU773
 2019 0038 1A64     		str	r2, [r3, #64]
 986:Drivers/STM32F4xx_HAL_Driver/Src/stm32f4xx_hal_dma.c **** 
 2020              		.loc 1 986 7 is_stmt 1 view .LVU774
 971:Drivers/STM32F4xx_HAL_Driver/Src/stm32f4xx_hal_dma.c **** 
 2021              		.loc 1 971 21 is_stmt 0 view .LVU775
 2022 003a 0020     		movs	r0, #0
 986:Drivers/STM32F4xx_HAL_Driver/Src/stm32f4xx_hal_dma.c **** 
 2023              		.loc 1 986 7 view .LVU776
 2024 003c EEE7     		b	.L124
 2025              	.L129:
 989:Drivers/STM32F4xx_HAL_Driver/Src/stm32f4xx_hal_dma.c ****       break;
 2026              		.loc 1 989 7 is_stmt 1 view .LVU777
 989:Drivers/STM32F4xx_HAL_Driver/Src/stm32f4xx_hal_dma.c ****       break;
 2027              		.loc 1 989 32 is_stmt 0 view .LVU778
 2028 003e 5A64     		str	r2, [r3, #68]
 990:Drivers/STM32F4xx_HAL_Driver/Src/stm32f4xx_hal_dma.c **** 
 2029              		.loc 1 990 7 is_stmt 1 view .LVU779
 971:Drivers/STM32F4xx_HAL_Driver/Src/stm32f4xx_hal_dma.c **** 
 2030              		.loc 1 971 21 is_stmt 0 view .LVU780
 2031 0040 0020     		movs	r0, #0
 990:Drivers/STM32F4xx_HAL_Driver/Src/stm32f4xx_hal_dma.c **** 
 2032              		.loc 1 990 7 view .LVU781
 2033 0042 EBE7     		b	.L124
 2034              	.L128:
 993:Drivers/STM32F4xx_HAL_Driver/Src/stm32f4xx_hal_dma.c ****       break;
 2035              		.loc 1 993 7 is_stmt 1 view .LVU782
 993:Drivers/STM32F4xx_HAL_Driver/Src/stm32f4xx_hal_dma.c ****       break;
 2036              		.loc 1 993 36 is_stmt 0 view .LVU783
 2037 0044 9A64     		str	r2, [r3, #72]
 994:Drivers/STM32F4xx_HAL_Driver/Src/stm32f4xx_hal_dma.c **** 
 2038              		.loc 1 994 7 is_stmt 1 view .LVU784
 971:Drivers/STM32F4xx_HAL_Driver/Src/stm32f4xx_hal_dma.c **** 
 2039              		.loc 1 971 21 is_stmt 0 view .LVU785
 2040 0046 0020     		movs	r0, #0
 994:Drivers/STM32F4xx_HAL_Driver/Src/stm32f4xx_hal_dma.c **** 
 2041              		.loc 1 994 7 view .LVU786
 2042 0048 E8E7     		b	.L124
 2043              	.L127:
 997:Drivers/STM32F4xx_HAL_Driver/Src/stm32f4xx_hal_dma.c ****       break;
 2044              		.loc 1 997 7 is_stmt 1 view .LVU787
 997:Drivers/STM32F4xx_HAL_Driver/Src/stm32f4xx_hal_dma.c ****       break;
 2045              		.loc 1 997 31 is_stmt 0 view .LVU788
 2046 004a DA64     		str	r2, [r3, #76]
 998:Drivers/STM32F4xx_HAL_Driver/Src/stm32f4xx_hal_dma.c **** 
 2047              		.loc 1 998 7 is_stmt 1 view .LVU789
 971:Drivers/STM32F4xx_HAL_Driver/Src/stm32f4xx_hal_dma.c **** 
 2048              		.loc 1 971 21 is_stmt 0 view .LVU790
 2049 004c 0020     		movs	r0, #0
 998:Drivers/STM32F4xx_HAL_Driver/Src/stm32f4xx_hal_dma.c **** 
 2050              		.loc 1 998 7 view .LVU791
 2051 004e E5E7     		b	.L124
ARM GAS  /tmp/ccN3EVao.s 			page 72


 2052              	.L125:
1001:Drivers/STM32F4xx_HAL_Driver/Src/stm32f4xx_hal_dma.c ****       break;
 2053              		.loc 1 1001 7 is_stmt 1 view .LVU792
1001:Drivers/STM32F4xx_HAL_Driver/Src/stm32f4xx_hal_dma.c ****       break;
 2054              		.loc 1 1001 31 is_stmt 0 view .LVU793
 2055 0050 1A65     		str	r2, [r3, #80]
1002:Drivers/STM32F4xx_HAL_Driver/Src/stm32f4xx_hal_dma.c **** 
 2056              		.loc 1 1002 7 is_stmt 1 view .LVU794
 971:Drivers/STM32F4xx_HAL_Driver/Src/stm32f4xx_hal_dma.c **** 
 2057              		.loc 1 971 21 is_stmt 0 view .LVU795
 2058 0052 0020     		movs	r0, #0
1002:Drivers/STM32F4xx_HAL_Driver/Src/stm32f4xx_hal_dma.c **** 
 2059              		.loc 1 1002 7 view .LVU796
 2060 0054 E2E7     		b	.L124
 2061              	.L134:
 978:Drivers/STM32F4xx_HAL_Driver/Src/stm32f4xx_hal_dma.c ****     {
 2062              		.loc 1 978 5 view .LVU797
 2063 0056 0020     		movs	r0, #0
 2064 0058 E0E7     		b	.L124
 2065              	.L132:
 974:Drivers/STM32F4xx_HAL_Driver/Src/stm32f4xx_hal_dma.c **** 
 2066              		.loc 1 974 3 discriminator 1 view .LVU798
 2067 005a 0220     		movs	r0, #2
1018:Drivers/STM32F4xx_HAL_Driver/Src/stm32f4xx_hal_dma.c **** 
 2068              		.loc 1 1018 1 view .LVU799
 2069 005c 7047     		bx	lr
 2070              		.cfi_endproc
 2071              	.LFE224:
 2073              		.section	.text.HAL_DMA_UnRegisterCallback,"ax",%progbits
 2074              		.align	1
 2075              		.global	HAL_DMA_UnRegisterCallback
 2076              		.syntax unified
 2077              		.thumb
 2078              		.thumb_func
 2080              	HAL_DMA_UnRegisterCallback:
 2081              	.LVL147:
 2082              	.LFB225:
1029:Drivers/STM32F4xx_HAL_Driver/Src/stm32f4xx_hal_dma.c ****   HAL_StatusTypeDef status = HAL_OK;
 2083              		.loc 1 1029 1 is_stmt 1 view -0
 2084              		.cfi_startproc
 2085              		@ args = 0, pretend = 0, frame = 0
 2086              		@ frame_needed = 0, uses_anonymous_args = 0
 2087              		@ link register save eliminated.
1029:Drivers/STM32F4xx_HAL_Driver/Src/stm32f4xx_hal_dma.c ****   HAL_StatusTypeDef status = HAL_OK;
 2088              		.loc 1 1029 1 is_stmt 0 view .LVU801
 2089 0000 0346     		mov	r3, r0
1030:Drivers/STM32F4xx_HAL_Driver/Src/stm32f4xx_hal_dma.c ****   
 2090              		.loc 1 1030 3 is_stmt 1 view .LVU802
 2091              	.LVL148:
1033:Drivers/STM32F4xx_HAL_Driver/Src/stm32f4xx_hal_dma.c ****   
 2092              		.loc 1 1033 3 view .LVU803
1033:Drivers/STM32F4xx_HAL_Driver/Src/stm32f4xx_hal_dma.c ****   
 2093              		.loc 1 1033 3 view .LVU804
 2094 0002 90F83420 		ldrb	r2, [r0, #52]	@ zero_extendqisi2
 2095 0006 012A     		cmp	r2, #1
 2096 0008 2FD0     		beq	.L147
1033:Drivers/STM32F4xx_HAL_Driver/Src/stm32f4xx_hal_dma.c ****   
ARM GAS  /tmp/ccN3EVao.s 			page 73


 2097              		.loc 1 1033 3 discriminator 2 view .LVU805
 2098 000a 0122     		movs	r2, #1
 2099 000c 80F83420 		strb	r2, [r0, #52]
1033:Drivers/STM32F4xx_HAL_Driver/Src/stm32f4xx_hal_dma.c ****   
 2100              		.loc 1 1033 3 discriminator 2 view .LVU806
1035:Drivers/STM32F4xx_HAL_Driver/Src/stm32f4xx_hal_dma.c ****   {
 2101              		.loc 1 1035 3 view .LVU807
1035:Drivers/STM32F4xx_HAL_Driver/Src/stm32f4xx_hal_dma.c ****   {
 2102              		.loc 1 1035 33 is_stmt 0 view .LVU808
 2103 0010 90F83500 		ldrb	r0, [r0, #53]	@ zero_extendqisi2
 2104              	.LVL149:
1035:Drivers/STM32F4xx_HAL_Driver/Src/stm32f4xx_hal_dma.c ****   {
 2105              		.loc 1 1035 33 view .LVU809
 2106 0014 C0B2     		uxtb	r0, r0
1035:Drivers/STM32F4xx_HAL_Driver/Src/stm32f4xx_hal_dma.c ****   {
 2107              		.loc 1 1035 5 view .LVU810
 2108 0016 9042     		cmp	r0, r2
 2109 0018 04D0     		beq	.L150
1079:Drivers/STM32F4xx_HAL_Driver/Src/stm32f4xx_hal_dma.c ****   }
 2110              		.loc 1 1079 12 view .LVU811
 2111 001a 0120     		movs	r0, #1
 2112              	.L138:
 2113              	.LVL150:
1083:Drivers/STM32F4xx_HAL_Driver/Src/stm32f4xx_hal_dma.c ****   
 2114              		.loc 1 1083 3 is_stmt 1 view .LVU812
1083:Drivers/STM32F4xx_HAL_Driver/Src/stm32f4xx_hal_dma.c ****   
 2115              		.loc 1 1083 3 view .LVU813
 2116 001c 0022     		movs	r2, #0
 2117 001e 83F83420 		strb	r2, [r3, #52]
1083:Drivers/STM32F4xx_HAL_Driver/Src/stm32f4xx_hal_dma.c ****   
 2118              		.loc 1 1083 3 view .LVU814
1085:Drivers/STM32F4xx_HAL_Driver/Src/stm32f4xx_hal_dma.c **** }
 2119              		.loc 1 1085 3 view .LVU815
1085:Drivers/STM32F4xx_HAL_Driver/Src/stm32f4xx_hal_dma.c **** }
 2120              		.loc 1 1085 10 is_stmt 0 view .LVU816
 2121 0022 7047     		bx	lr
 2122              	.LVL151:
 2123              	.L150:
1037:Drivers/STM32F4xx_HAL_Driver/Src/stm32f4xx_hal_dma.c ****     {
 2124              		.loc 1 1037 5 is_stmt 1 view .LVU817
 2125 0024 0629     		cmp	r1, #6
 2126 0026 F9D8     		bhi	.L138
 2127 0028 DFE801F0 		tbb	[pc, r1]
 2128              	.L140:
 2129 002c 04       		.byte	(.L146-.L140)/2
 2130 002d 08       		.byte	(.L145-.L140)/2
 2131 002e 0B       		.byte	(.L144-.L140)/2
 2132 002f 0E       		.byte	(.L143-.L140)/2
 2133 0030 11       		.byte	(.L142-.L140)/2
 2134 0031 14       		.byte	(.L141-.L140)/2
 2135 0032 17       		.byte	(.L139-.L140)/2
 2136 0033 00       		.p2align 1
 2137              	.L146:
1040:Drivers/STM32F4xx_HAL_Driver/Src/stm32f4xx_hal_dma.c ****       break;
 2138              		.loc 1 1040 7 view .LVU818
1040:Drivers/STM32F4xx_HAL_Driver/Src/stm32f4xx_hal_dma.c ****       break;
 2139              		.loc 1 1040 30 is_stmt 0 view .LVU819
ARM GAS  /tmp/ccN3EVao.s 			page 74


 2140 0034 0022     		movs	r2, #0
 2141 0036 DA63     		str	r2, [r3, #60]
1041:Drivers/STM32F4xx_HAL_Driver/Src/stm32f4xx_hal_dma.c ****       
 2142              		.loc 1 1041 7 is_stmt 1 view .LVU820
1030:Drivers/STM32F4xx_HAL_Driver/Src/stm32f4xx_hal_dma.c ****   
 2143              		.loc 1 1030 21 is_stmt 0 view .LVU821
 2144 0038 0846     		mov	r0, r1
1041:Drivers/STM32F4xx_HAL_Driver/Src/stm32f4xx_hal_dma.c ****       
 2145              		.loc 1 1041 7 view .LVU822
 2146 003a EFE7     		b	.L138
 2147              	.L145:
1044:Drivers/STM32F4xx_HAL_Driver/Src/stm32f4xx_hal_dma.c ****       break;
 2148              		.loc 1 1044 7 is_stmt 1 view .LVU823
1044:Drivers/STM32F4xx_HAL_Driver/Src/stm32f4xx_hal_dma.c ****       break;
 2149              		.loc 1 1044 34 is_stmt 0 view .LVU824
 2150 003c 0020     		movs	r0, #0
 2151 003e 1864     		str	r0, [r3, #64]
1045:Drivers/STM32F4xx_HAL_Driver/Src/stm32f4xx_hal_dma.c ****       
 2152              		.loc 1 1045 7 is_stmt 1 view .LVU825
 2153 0040 ECE7     		b	.L138
 2154              	.L144:
1048:Drivers/STM32F4xx_HAL_Driver/Src/stm32f4xx_hal_dma.c ****       break;
 2155              		.loc 1 1048 7 view .LVU826
1048:Drivers/STM32F4xx_HAL_Driver/Src/stm32f4xx_hal_dma.c ****       break;
 2156              		.loc 1 1048 32 is_stmt 0 view .LVU827
 2157 0042 0020     		movs	r0, #0
 2158 0044 5864     		str	r0, [r3, #68]
1049:Drivers/STM32F4xx_HAL_Driver/Src/stm32f4xx_hal_dma.c ****       
 2159              		.loc 1 1049 7 is_stmt 1 view .LVU828
 2160 0046 E9E7     		b	.L138
 2161              	.L143:
1052:Drivers/STM32F4xx_HAL_Driver/Src/stm32f4xx_hal_dma.c ****       break;
 2162              		.loc 1 1052 7 view .LVU829
1052:Drivers/STM32F4xx_HAL_Driver/Src/stm32f4xx_hal_dma.c ****       break;
 2163              		.loc 1 1052 36 is_stmt 0 view .LVU830
 2164 0048 0020     		movs	r0, #0
 2165 004a 9864     		str	r0, [r3, #72]
1053:Drivers/STM32F4xx_HAL_Driver/Src/stm32f4xx_hal_dma.c ****       
 2166              		.loc 1 1053 7 is_stmt 1 view .LVU831
 2167 004c E6E7     		b	.L138
 2168              	.L142:
1056:Drivers/STM32F4xx_HAL_Driver/Src/stm32f4xx_hal_dma.c ****       break;
 2169              		.loc 1 1056 7 view .LVU832
1056:Drivers/STM32F4xx_HAL_Driver/Src/stm32f4xx_hal_dma.c ****       break;
 2170              		.loc 1 1056 31 is_stmt 0 view .LVU833
 2171 004e 0020     		movs	r0, #0
 2172 0050 D864     		str	r0, [r3, #76]
1057:Drivers/STM32F4xx_HAL_Driver/Src/stm32f4xx_hal_dma.c ****       
 2173              		.loc 1 1057 7 is_stmt 1 view .LVU834
 2174 0052 E3E7     		b	.L138
 2175              	.L141:
1060:Drivers/STM32F4xx_HAL_Driver/Src/stm32f4xx_hal_dma.c ****       break; 
 2176              		.loc 1 1060 7 view .LVU835
1060:Drivers/STM32F4xx_HAL_Driver/Src/stm32f4xx_hal_dma.c ****       break; 
 2177              		.loc 1 1060 31 is_stmt 0 view .LVU836
 2178 0054 0020     		movs	r0, #0
 2179 0056 1865     		str	r0, [r3, #80]
ARM GAS  /tmp/ccN3EVao.s 			page 75


1061:Drivers/STM32F4xx_HAL_Driver/Src/stm32f4xx_hal_dma.c ****       
 2180              		.loc 1 1061 7 is_stmt 1 view .LVU837
 2181 0058 E0E7     		b	.L138
 2182              	.L139:
1064:Drivers/STM32F4xx_HAL_Driver/Src/stm32f4xx_hal_dma.c ****       hdma->XferHalfCpltCallback = NULL;
 2183              		.loc 1 1064 7 view .LVU838
1064:Drivers/STM32F4xx_HAL_Driver/Src/stm32f4xx_hal_dma.c ****       hdma->XferHalfCpltCallback = NULL;
 2184              		.loc 1 1064 30 is_stmt 0 view .LVU839
 2185 005a 0020     		movs	r0, #0
 2186 005c D863     		str	r0, [r3, #60]
1065:Drivers/STM32F4xx_HAL_Driver/Src/stm32f4xx_hal_dma.c ****       hdma->XferM1CpltCallback = NULL;
 2187              		.loc 1 1065 7 is_stmt 1 view .LVU840
1065:Drivers/STM32F4xx_HAL_Driver/Src/stm32f4xx_hal_dma.c ****       hdma->XferM1CpltCallback = NULL;
 2188              		.loc 1 1065 34 is_stmt 0 view .LVU841
 2189 005e 1864     		str	r0, [r3, #64]
1066:Drivers/STM32F4xx_HAL_Driver/Src/stm32f4xx_hal_dma.c ****       hdma->XferM1HalfCpltCallback = NULL;
 2190              		.loc 1 1066 7 is_stmt 1 view .LVU842
1066:Drivers/STM32F4xx_HAL_Driver/Src/stm32f4xx_hal_dma.c ****       hdma->XferM1HalfCpltCallback = NULL;
 2191              		.loc 1 1066 32 is_stmt 0 view .LVU843
 2192 0060 5864     		str	r0, [r3, #68]
1067:Drivers/STM32F4xx_HAL_Driver/Src/stm32f4xx_hal_dma.c ****       hdma->XferErrorCallback = NULL;
 2193              		.loc 1 1067 7 is_stmt 1 view .LVU844
1067:Drivers/STM32F4xx_HAL_Driver/Src/stm32f4xx_hal_dma.c ****       hdma->XferErrorCallback = NULL;
 2194              		.loc 1 1067 36 is_stmt 0 view .LVU845
 2195 0062 9864     		str	r0, [r3, #72]
1068:Drivers/STM32F4xx_HAL_Driver/Src/stm32f4xx_hal_dma.c ****       hdma->XferAbortCallback = NULL;
 2196              		.loc 1 1068 7 is_stmt 1 view .LVU846
1068:Drivers/STM32F4xx_HAL_Driver/Src/stm32f4xx_hal_dma.c ****       hdma->XferAbortCallback = NULL;
 2197              		.loc 1 1068 31 is_stmt 0 view .LVU847
 2198 0064 D864     		str	r0, [r3, #76]
1069:Drivers/STM32F4xx_HAL_Driver/Src/stm32f4xx_hal_dma.c ****       break; 
 2199              		.loc 1 1069 7 is_stmt 1 view .LVU848
1069:Drivers/STM32F4xx_HAL_Driver/Src/stm32f4xx_hal_dma.c ****       break; 
 2200              		.loc 1 1069 31 is_stmt 0 view .LVU849
 2201 0066 1865     		str	r0, [r3, #80]
1070:Drivers/STM32F4xx_HAL_Driver/Src/stm32f4xx_hal_dma.c ****       
 2202              		.loc 1 1070 7 is_stmt 1 view .LVU850
 2203 0068 D8E7     		b	.L138
 2204              	.LVL152:
 2205              	.L147:
1033:Drivers/STM32F4xx_HAL_Driver/Src/stm32f4xx_hal_dma.c ****   
 2206              		.loc 1 1033 3 is_stmt 0 discriminator 1 view .LVU851
 2207 006a 0220     		movs	r0, #2
 2208              	.LVL153:
1086:Drivers/STM32F4xx_HAL_Driver/Src/stm32f4xx_hal_dma.c **** 
 2209              		.loc 1 1086 1 view .LVU852
 2210 006c 7047     		bx	lr
 2211              		.cfi_endproc
 2212              	.LFE225:
 2214              		.section	.text.HAL_DMA_GetState,"ax",%progbits
 2215              		.align	1
 2216              		.global	HAL_DMA_GetState
 2217              		.syntax unified
 2218              		.thumb
 2219              		.thumb_func
 2221              	HAL_DMA_GetState:
 2222              	.LVL154:
ARM GAS  /tmp/ccN3EVao.s 			page 76


 2223              	.LFB226:
1114:Drivers/STM32F4xx_HAL_Driver/Src/stm32f4xx_hal_dma.c ****   return hdma->State;
 2224              		.loc 1 1114 1 is_stmt 1 view -0
 2225              		.cfi_startproc
 2226              		@ args = 0, pretend = 0, frame = 0
 2227              		@ frame_needed = 0, uses_anonymous_args = 0
 2228              		@ link register save eliminated.
1115:Drivers/STM32F4xx_HAL_Driver/Src/stm32f4xx_hal_dma.c **** }
 2229              		.loc 1 1115 3 view .LVU854
1115:Drivers/STM32F4xx_HAL_Driver/Src/stm32f4xx_hal_dma.c **** }
 2230              		.loc 1 1115 14 is_stmt 0 view .LVU855
 2231 0000 90F83500 		ldrb	r0, [r0, #53]	@ zero_extendqisi2
 2232              	.LVL155:
1116:Drivers/STM32F4xx_HAL_Driver/Src/stm32f4xx_hal_dma.c **** 
 2233              		.loc 1 1116 1 view .LVU856
 2234 0004 7047     		bx	lr
 2235              		.cfi_endproc
 2236              	.LFE226:
 2238              		.section	.text.HAL_DMA_GetError,"ax",%progbits
 2239              		.align	1
 2240              		.global	HAL_DMA_GetError
 2241              		.syntax unified
 2242              		.thumb
 2243              		.thumb_func
 2245              	HAL_DMA_GetError:
 2246              	.LVL156:
 2247              	.LFB227:
1125:Drivers/STM32F4xx_HAL_Driver/Src/stm32f4xx_hal_dma.c ****   return hdma->ErrorCode;
 2248              		.loc 1 1125 1 is_stmt 1 view -0
 2249              		.cfi_startproc
 2250              		@ args = 0, pretend = 0, frame = 0
 2251              		@ frame_needed = 0, uses_anonymous_args = 0
 2252              		@ link register save eliminated.
1126:Drivers/STM32F4xx_HAL_Driver/Src/stm32f4xx_hal_dma.c **** }
 2253              		.loc 1 1126 3 view .LVU858
1126:Drivers/STM32F4xx_HAL_Driver/Src/stm32f4xx_hal_dma.c **** }
 2254              		.loc 1 1126 14 is_stmt 0 view .LVU859
 2255 0000 406D     		ldr	r0, [r0, #84]
 2256              	.LVL157:
1127:Drivers/STM32F4xx_HAL_Driver/Src/stm32f4xx_hal_dma.c **** 
 2257              		.loc 1 1127 1 view .LVU860
 2258 0002 7047     		bx	lr
 2259              		.cfi_endproc
 2260              	.LFE227:
 2262              		.section	.rodata.flagBitshiftOffset.0,"a"
 2263              		.align	2
 2266              	flagBitshiftOffset.0:
 2267 0000 00061016 		.ascii	"\000\006\020\026\000\006\020\026"
 2267      00061016 
 2268              		.text
 2269              	.Letext0:
 2270              		.file 2 "/usr/lib/gcc/arm-none-eabi/13.2.1/include/stdint.h"
 2271              		.file 3 "Drivers/CMSIS/Device/ST/STM32F4xx/Include/stm32f401xc.h"
 2272              		.file 4 "Drivers/CMSIS/Device/ST/STM32F4xx/Include/stm32f4xx.h"
 2273              		.file 5 "Drivers/STM32F4xx_HAL_Driver/Inc/stm32f4xx_hal_def.h"
 2274              		.file 6 "Drivers/STM32F4xx_HAL_Driver/Inc/stm32f4xx_hal_dma.h"
 2275              		.file 7 "Drivers/CMSIS/Device/ST/STM32F4xx/Include/system_stm32f4xx.h"
ARM GAS  /tmp/ccN3EVao.s 			page 77


 2276              		.file 8 "Drivers/STM32F4xx_HAL_Driver/Inc/stm32f4xx_hal.h"
ARM GAS  /tmp/ccN3EVao.s 			page 78


DEFINED SYMBOLS
                            *ABS*:00000000 stm32f4xx_hal_dma.c
     /tmp/ccN3EVao.s:21     .text.DMA_SetConfig:00000000 $t
     /tmp/ccN3EVao.s:26     .text.DMA_SetConfig:00000000 DMA_SetConfig
     /tmp/ccN3EVao.s:97     .text.DMA_CalcBaseAndBitshift:00000000 $t
     /tmp/ccN3EVao.s:102    .text.DMA_CalcBaseAndBitshift:00000000 DMA_CalcBaseAndBitshift
     /tmp/ccN3EVao.s:168    .text.DMA_CalcBaseAndBitshift:00000034 $d
     /tmp/ccN3EVao.s:2266   .rodata.flagBitshiftOffset.0:00000000 flagBitshiftOffset.0
     /tmp/ccN3EVao.s:174    .text.DMA_CheckFifoParam:00000000 $t
     /tmp/ccN3EVao.s:179    .text.DMA_CheckFifoParam:00000000 DMA_CheckFifoParam
     /tmp/ccN3EVao.s:265    .text.DMA_CheckFifoParam:0000004e $d
     /tmp/ccN3EVao.s:269    .text.DMA_CheckFifoParam:00000052 $t
     /tmp/ccN3EVao.s:364    .text.HAL_DMA_Init:00000000 $t
     /tmp/ccN3EVao.s:370    .text.HAL_DMA_Init:00000000 HAL_DMA_Init
     /tmp/ccN3EVao.s:618    .text.HAL_DMA_Init:000000c8 $d
     /tmp/ccN3EVao.s:623    .text.HAL_DMA_DeInit:00000000 $t
     /tmp/ccN3EVao.s:629    .text.HAL_DMA_DeInit:00000000 HAL_DMA_DeInit
     /tmp/ccN3EVao.s:760    .text.HAL_DMA_Start:00000000 $t
     /tmp/ccN3EVao.s:766    .text.HAL_DMA_Start:00000000 HAL_DMA_Start
     /tmp/ccN3EVao.s:848    .text.HAL_DMA_Start_IT:00000000 $t
     /tmp/ccN3EVao.s:854    .text.HAL_DMA_Start_IT:00000000 HAL_DMA_Start_IT
     /tmp/ccN3EVao.s:970    .text.HAL_DMA_Abort:00000000 $t
     /tmp/ccN3EVao.s:976    .text.HAL_DMA_Abort:00000000 HAL_DMA_Abort
     /tmp/ccN3EVao.s:1132   .text.HAL_DMA_Abort_IT:00000000 $t
     /tmp/ccN3EVao.s:1138   .text.HAL_DMA_Abort_IT:00000000 HAL_DMA_Abort_IT
     /tmp/ccN3EVao.s:1184   .text.HAL_DMA_PollForTransfer:00000000 $t
     /tmp/ccN3EVao.s:1190   .text.HAL_DMA_PollForTransfer:00000000 HAL_DMA_PollForTransfer
     /tmp/ccN3EVao.s:1484   .text.HAL_DMA_IRQHandler:00000000 $t
     /tmp/ccN3EVao.s:1490   .text.HAL_DMA_IRQHandler:00000000 HAL_DMA_IRQHandler
     /tmp/ccN3EVao.s:1937   .text.HAL_DMA_IRQHandler:000001d4 $d
     /tmp/ccN3EVao.s:1943   .text.HAL_DMA_RegisterCallback:00000000 $t
     /tmp/ccN3EVao.s:1949   .text.HAL_DMA_RegisterCallback:00000000 HAL_DMA_RegisterCallback
     /tmp/ccN3EVao.s:2000   .text.HAL_DMA_RegisterCallback:0000002c $d
     /tmp/ccN3EVao.s:2006   .text.HAL_DMA_RegisterCallback:00000032 $t
     /tmp/ccN3EVao.s:2074   .text.HAL_DMA_UnRegisterCallback:00000000 $t
     /tmp/ccN3EVao.s:2080   .text.HAL_DMA_UnRegisterCallback:00000000 HAL_DMA_UnRegisterCallback
     /tmp/ccN3EVao.s:2129   .text.HAL_DMA_UnRegisterCallback:0000002c $d
     /tmp/ccN3EVao.s:2215   .text.HAL_DMA_GetState:00000000 $t
     /tmp/ccN3EVao.s:2221   .text.HAL_DMA_GetState:00000000 HAL_DMA_GetState
     /tmp/ccN3EVao.s:2239   .text.HAL_DMA_GetError:00000000 $t
     /tmp/ccN3EVao.s:2245   .text.HAL_DMA_GetError:00000000 HAL_DMA_GetError
     /tmp/ccN3EVao.s:2263   .rodata.flagBitshiftOffset.0:00000000 $d
     /tmp/ccN3EVao.s:2136   .text.HAL_DMA_UnRegisterCallback:00000033 $d
     /tmp/ccN3EVao.s:2136   .text.HAL_DMA_UnRegisterCallback:00000034 $t
                           .group:00000000 wm4.0.a2c88c0e0e60094af2c84dce921779d2
                           .group:00000000 wm4.stm32f4xx_hal_conf.h.25.758a9f5dc6450f8647b5af7fe8eb27ed
                           .group:00000000 wm4.stm32f4xx.h.39.163e65267b4f964a08764289722b975f
                           .group:00000000 wm4.stm32f401xc.h.35.52d05665f5a2df9c1992e17eee7d2af5
                           .group:00000000 wm4.stdint.h.29.6d480f4ba0f60596e88234283d42444f
                           .group:00000000 wm4.cmsis_version.h.32.4d5822004c01a829a975260e854b5f8e
                           .group:00000000 wm4.core_cm4.h.66.e4ff136c4a17abc46741866f64f8e729
                           .group:00000000 wm4.cmsis_gcc.h.26.6774fe91202d65f4d5ffcff60e00da34
                           .group:00000000 wm4.core_cm4.h.174.059a5e001a9e729091d1407208e93224
                           .group:00000000 wm4.mpu_armv7.h.32.27b4593cb2f8d3152ca5d97a9d72b321
                           .group:00000000 wm4.stm32f401xc.h.636.9a664cc173dbe5d5f2dac1e758e3577d
                           .group:00000000 wm4.stm32f4xx.h.196.0b21137cf6c6923d8fd1f4d94a3bfdd4
                           .group:00000000 wm4.stm32_hal_legacy.h.23.e2601123cf1b2a3b6d11d949644ddf87
ARM GAS  /tmp/ccN3EVao.s 			page 79


                           .group:00000000 wm4.stddef.h.39.0dc9006b34572d4d9cae4c8b422c4971
                           .group:00000000 wm4.stm32f4xx_hal_def.h.58.f614308b482cecea9bcc0016240ac0fc
                           .group:00000000 wm4.stm32f4xx_hal_rcc_ex.h.22.3f3b596cc307dc701c7c99b0fc6c9b58
                           .group:00000000 wm4.stm32f4xx_hal_rcc.h.108.b82c8c670b41d96b2920e2f63661be15
                           .group:00000000 wm4.stm32f4xx_hal_gpio.h.22.e47df9f0f5be4ddc2ed2d14042c5e680
                           .group:00000000 wm4.stm32f4xx_hal_gpio_ex.h.22.5014ee010492a350679453c3b4a59718
                           .group:00000000 wm4.stm32f4xx_hal_gpio.h.255.5b948d47ad1357d6d2213e5e5ca4755c
                           .group:00000000 wm4.stm32f4xx_hal_exti.h.22.1f47767199c5bf749c04088e5c61c9c8
                           .group:00000000 wm4.stm32f4xx_hal_dma.h.22.fffce20ac9119c50557659c75e75ab1c
                           .group:00000000 wm4.stm32f4xx_hal_dma.h.721.a1e57ffbc615f926e6509c5acc65e492
                           .group:00000000 wm4.stm32f4xx_hal_cortex.h.22.e6aa3b847b5388be63c32d1f9e696ef7
                           .group:00000000 wm4.stm32f4xx_ll_adc.h.22.a8e07f8509bbb4868e2c24461c7eee47
                           .group:00000000 wm4.stm32f4xx_hal_adc.h.160.ef18931a059b62efbac7762c6a09e47f
                           .group:00000000 wm4.stm32f4xx_hal_adc_ex.h.22.25ddc09ef7109b33adae2990f50c4304
                           .group:00000000 wm4.stm32f4xx_hal_adc.h.640.733b38c420d3407eb5f8ddd98816c661
                           .group:00000000 wm4.stm32f4xx_hal_flash.h.22.31b301be2655c3eb8583e51c8231544a
                           .group:00000000 wm4.stm32f4xx_hal_flash_ex.h.22.00cb5cb208d28a1f20f3b257a6f51bad
                           .group:00000000 wm4.stm32f4xx_hal_flash.h.363.51efdf0f6c88f683efb89d7cc95cc1be
                           .group:00000000 wm4.stm32f4xx_hal_pwr.h.22.2c27d93ae187efe3a73816f03a329970
                           .group:00000000 wm4.stm32f4xx_hal_pwr_ex.h.22.04eb3957e13ca6e5ed8952d2d168bdc0
                           .group:00000000 wm4.stm32f4xx_hal_pwr.h.337.60b43975c84527a23cb6994b23165a5e
                           .group:00000000 wm4.stm32f4xx_hal_uart.h.22.591b491756a19342b0bf79eea5b33e1b
                           .group:00000000 wm4.stm32f4xx_ll_usb.h.22.3497d8ac31b2bdafc7c2a34d860c4769
                           .group:00000000 wm4.stm32f4xx_hal_hcd.h.111.a51c3bd0d61d2d8cadb372f7c7d9eccb
                           .group:00000000 wm4.stm32f4xx_hal.h.72.a5a58188aa461a0614f1e58e159c7840

UNDEFINED SYMBOLS
HAL_GetTick
SystemCoreClock
