ARM GAS  /tmp/ccNXSnaU.s 			page 1


   1              		.cpu cortex-m4
   2              		.arch armv7e-m
   3              		.fpu fpv4-sp-d16
   4              		.eabi_attribute 27, 1
   5              		.eabi_attribute 28, 1
   6              		.eabi_attribute 20, 1
   7              		.eabi_attribute 21, 1
   8              		.eabi_attribute 23, 3
   9              		.eabi_attribute 24, 1
  10              		.eabi_attribute 25, 1
  11              		.eabi_attribute 26, 1
  12              		.eabi_attribute 30, 1
  13              		.eabi_attribute 34, 1
  14              		.eabi_attribute 18, 4
  15              		.file	"stm32f4xx_ll_usb.c"
  16              		.text
  17              	.Ltext0:
  18              		.cfi_sections	.debug_frame
  19              		.file 1 "Drivers/STM32F4xx_HAL_Driver/Src/stm32f4xx_ll_usb.c"
  20              		.section	.text.USB_CoreReset,"ax",%progbits
  21              		.align	1
  22              		.syntax unified
  23              		.thumb
  24              		.thumb_func
  26              	USB_CoreReset:
  27              	.LVL0:
  28              	.LFB249:
   1:Drivers/STM32F4xx_HAL_Driver/Src/stm32f4xx_ll_usb.c **** /**
   2:Drivers/STM32F4xx_HAL_Driver/Src/stm32f4xx_ll_usb.c ****   ******************************************************************************
   3:Drivers/STM32F4xx_HAL_Driver/Src/stm32f4xx_ll_usb.c ****   * @file    stm32f4xx_ll_usb.c
   4:Drivers/STM32F4xx_HAL_Driver/Src/stm32f4xx_ll_usb.c ****   * @author  MCD Application Team
   5:Drivers/STM32F4xx_HAL_Driver/Src/stm32f4xx_ll_usb.c ****   * @brief   USB Low Layer HAL module driver.
   6:Drivers/STM32F4xx_HAL_Driver/Src/stm32f4xx_ll_usb.c ****   *
   7:Drivers/STM32F4xx_HAL_Driver/Src/stm32f4xx_ll_usb.c ****   *          This file provides firmware functions to manage the following
   8:Drivers/STM32F4xx_HAL_Driver/Src/stm32f4xx_ll_usb.c ****   *          functionalities of the USB Peripheral Controller:
   9:Drivers/STM32F4xx_HAL_Driver/Src/stm32f4xx_ll_usb.c ****   *           + Initialization/de-initialization functions
  10:Drivers/STM32F4xx_HAL_Driver/Src/stm32f4xx_ll_usb.c ****   *           + I/O operation functions
  11:Drivers/STM32F4xx_HAL_Driver/Src/stm32f4xx_ll_usb.c ****   *           + Peripheral Control functions
  12:Drivers/STM32F4xx_HAL_Driver/Src/stm32f4xx_ll_usb.c ****   *           + Peripheral State functions
  13:Drivers/STM32F4xx_HAL_Driver/Src/stm32f4xx_ll_usb.c ****   *
  14:Drivers/STM32F4xx_HAL_Driver/Src/stm32f4xx_ll_usb.c ****   @verbatim
  15:Drivers/STM32F4xx_HAL_Driver/Src/stm32f4xx_ll_usb.c ****   ==============================================================================
  16:Drivers/STM32F4xx_HAL_Driver/Src/stm32f4xx_ll_usb.c ****                     ##### How to use this driver #####
  17:Drivers/STM32F4xx_HAL_Driver/Src/stm32f4xx_ll_usb.c ****   ==============================================================================
  18:Drivers/STM32F4xx_HAL_Driver/Src/stm32f4xx_ll_usb.c ****     [..]
  19:Drivers/STM32F4xx_HAL_Driver/Src/stm32f4xx_ll_usb.c ****       (#) Fill parameters of Init structure in USB_OTG_CfgTypeDef structure.
  20:Drivers/STM32F4xx_HAL_Driver/Src/stm32f4xx_ll_usb.c **** 
  21:Drivers/STM32F4xx_HAL_Driver/Src/stm32f4xx_ll_usb.c ****       (#) Call USB_CoreInit() API to initialize the USB Core peripheral.
  22:Drivers/STM32F4xx_HAL_Driver/Src/stm32f4xx_ll_usb.c **** 
  23:Drivers/STM32F4xx_HAL_Driver/Src/stm32f4xx_ll_usb.c ****       (#) The upper HAL HCD/PCD driver will call the right routines for its internal processes.
  24:Drivers/STM32F4xx_HAL_Driver/Src/stm32f4xx_ll_usb.c **** 
  25:Drivers/STM32F4xx_HAL_Driver/Src/stm32f4xx_ll_usb.c ****   @endverbatim
  26:Drivers/STM32F4xx_HAL_Driver/Src/stm32f4xx_ll_usb.c ****   ******************************************************************************
  27:Drivers/STM32F4xx_HAL_Driver/Src/stm32f4xx_ll_usb.c ****   * @attention
  28:Drivers/STM32F4xx_HAL_Driver/Src/stm32f4xx_ll_usb.c ****   *
  29:Drivers/STM32F4xx_HAL_Driver/Src/stm32f4xx_ll_usb.c ****   * <h2><center>&copy; Copyright (c) 2016 STMicroelectronics.
  30:Drivers/STM32F4xx_HAL_Driver/Src/stm32f4xx_ll_usb.c ****   * All rights reserved.</center></h2>
ARM GAS  /tmp/ccNXSnaU.s 			page 2


  31:Drivers/STM32F4xx_HAL_Driver/Src/stm32f4xx_ll_usb.c ****   *
  32:Drivers/STM32F4xx_HAL_Driver/Src/stm32f4xx_ll_usb.c ****   * This software component is licensed by ST under BSD 3-Clause license,
  33:Drivers/STM32F4xx_HAL_Driver/Src/stm32f4xx_ll_usb.c ****   * the "License"; You may not use this file except in compliance with the
  34:Drivers/STM32F4xx_HAL_Driver/Src/stm32f4xx_ll_usb.c ****   * License. You may obtain a copy of the License at:
  35:Drivers/STM32F4xx_HAL_Driver/Src/stm32f4xx_ll_usb.c ****   *                        opensource.org/licenses/BSD-3-Clause
  36:Drivers/STM32F4xx_HAL_Driver/Src/stm32f4xx_ll_usb.c ****   *
  37:Drivers/STM32F4xx_HAL_Driver/Src/stm32f4xx_ll_usb.c ****   ******************************************************************************
  38:Drivers/STM32F4xx_HAL_Driver/Src/stm32f4xx_ll_usb.c ****   */
  39:Drivers/STM32F4xx_HAL_Driver/Src/stm32f4xx_ll_usb.c **** 
  40:Drivers/STM32F4xx_HAL_Driver/Src/stm32f4xx_ll_usb.c **** /* Includes ------------------------------------------------------------------*/
  41:Drivers/STM32F4xx_HAL_Driver/Src/stm32f4xx_ll_usb.c **** #include "stm32f4xx_hal.h"
  42:Drivers/STM32F4xx_HAL_Driver/Src/stm32f4xx_ll_usb.c **** 
  43:Drivers/STM32F4xx_HAL_Driver/Src/stm32f4xx_ll_usb.c **** /** @addtogroup STM32F4xx_LL_USB_DRIVER
  44:Drivers/STM32F4xx_HAL_Driver/Src/stm32f4xx_ll_usb.c ****   * @{
  45:Drivers/STM32F4xx_HAL_Driver/Src/stm32f4xx_ll_usb.c ****   */
  46:Drivers/STM32F4xx_HAL_Driver/Src/stm32f4xx_ll_usb.c **** 
  47:Drivers/STM32F4xx_HAL_Driver/Src/stm32f4xx_ll_usb.c **** #if defined (HAL_PCD_MODULE_ENABLED) || defined (HAL_HCD_MODULE_ENABLED)
  48:Drivers/STM32F4xx_HAL_Driver/Src/stm32f4xx_ll_usb.c **** #if defined (USB_OTG_FS) || defined (USB_OTG_HS)
  49:Drivers/STM32F4xx_HAL_Driver/Src/stm32f4xx_ll_usb.c **** /* Private typedef -----------------------------------------------------------*/
  50:Drivers/STM32F4xx_HAL_Driver/Src/stm32f4xx_ll_usb.c **** /* Private define ------------------------------------------------------------*/
  51:Drivers/STM32F4xx_HAL_Driver/Src/stm32f4xx_ll_usb.c **** /* Private macro -------------------------------------------------------------*/
  52:Drivers/STM32F4xx_HAL_Driver/Src/stm32f4xx_ll_usb.c **** /* Private variables ---------------------------------------------------------*/
  53:Drivers/STM32F4xx_HAL_Driver/Src/stm32f4xx_ll_usb.c **** /* Private function prototypes -----------------------------------------------*/
  54:Drivers/STM32F4xx_HAL_Driver/Src/stm32f4xx_ll_usb.c **** /* Private functions ---------------------------------------------------------*/
  55:Drivers/STM32F4xx_HAL_Driver/Src/stm32f4xx_ll_usb.c **** #if defined (USB_OTG_FS) || defined (USB_OTG_HS)
  56:Drivers/STM32F4xx_HAL_Driver/Src/stm32f4xx_ll_usb.c **** static HAL_StatusTypeDef USB_CoreReset(USB_OTG_GlobalTypeDef *USBx);
  57:Drivers/STM32F4xx_HAL_Driver/Src/stm32f4xx_ll_usb.c **** 
  58:Drivers/STM32F4xx_HAL_Driver/Src/stm32f4xx_ll_usb.c **** /* Exported functions --------------------------------------------------------*/
  59:Drivers/STM32F4xx_HAL_Driver/Src/stm32f4xx_ll_usb.c **** /** @defgroup USB_LL_Exported_Functions USB Low Layer Exported Functions
  60:Drivers/STM32F4xx_HAL_Driver/Src/stm32f4xx_ll_usb.c ****   * @{
  61:Drivers/STM32F4xx_HAL_Driver/Src/stm32f4xx_ll_usb.c ****   */
  62:Drivers/STM32F4xx_HAL_Driver/Src/stm32f4xx_ll_usb.c **** 
  63:Drivers/STM32F4xx_HAL_Driver/Src/stm32f4xx_ll_usb.c **** /** @defgroup USB_LL_Exported_Functions_Group1 Initialization/de-initialization functions
  64:Drivers/STM32F4xx_HAL_Driver/Src/stm32f4xx_ll_usb.c ****   *  @brief    Initialization and Configuration functions
  65:Drivers/STM32F4xx_HAL_Driver/Src/stm32f4xx_ll_usb.c ****   *
  66:Drivers/STM32F4xx_HAL_Driver/Src/stm32f4xx_ll_usb.c **** @verbatim
  67:Drivers/STM32F4xx_HAL_Driver/Src/stm32f4xx_ll_usb.c ****  ===============================================================================
  68:Drivers/STM32F4xx_HAL_Driver/Src/stm32f4xx_ll_usb.c ****                       ##### Initialization/de-initialization functions #####
  69:Drivers/STM32F4xx_HAL_Driver/Src/stm32f4xx_ll_usb.c ****  ===============================================================================
  70:Drivers/STM32F4xx_HAL_Driver/Src/stm32f4xx_ll_usb.c **** 
  71:Drivers/STM32F4xx_HAL_Driver/Src/stm32f4xx_ll_usb.c **** @endverbatim
  72:Drivers/STM32F4xx_HAL_Driver/Src/stm32f4xx_ll_usb.c ****   * @{
  73:Drivers/STM32F4xx_HAL_Driver/Src/stm32f4xx_ll_usb.c ****   */
  74:Drivers/STM32F4xx_HAL_Driver/Src/stm32f4xx_ll_usb.c **** 
  75:Drivers/STM32F4xx_HAL_Driver/Src/stm32f4xx_ll_usb.c **** /**
  76:Drivers/STM32F4xx_HAL_Driver/Src/stm32f4xx_ll_usb.c ****   * @brief  Initializes the USB Core
  77:Drivers/STM32F4xx_HAL_Driver/Src/stm32f4xx_ll_usb.c ****   * @param  USBx USB Instance
  78:Drivers/STM32F4xx_HAL_Driver/Src/stm32f4xx_ll_usb.c ****   * @param  cfg pointer to a USB_OTG_CfgTypeDef structure that contains
  79:Drivers/STM32F4xx_HAL_Driver/Src/stm32f4xx_ll_usb.c ****   *         the configuration information for the specified USBx peripheral.
  80:Drivers/STM32F4xx_HAL_Driver/Src/stm32f4xx_ll_usb.c ****   * @retval HAL status
  81:Drivers/STM32F4xx_HAL_Driver/Src/stm32f4xx_ll_usb.c ****   */
  82:Drivers/STM32F4xx_HAL_Driver/Src/stm32f4xx_ll_usb.c **** HAL_StatusTypeDef USB_CoreInit(USB_OTG_GlobalTypeDef *USBx, USB_OTG_CfgTypeDef cfg)
  83:Drivers/STM32F4xx_HAL_Driver/Src/stm32f4xx_ll_usb.c **** {
  84:Drivers/STM32F4xx_HAL_Driver/Src/stm32f4xx_ll_usb.c ****   HAL_StatusTypeDef ret;
  85:Drivers/STM32F4xx_HAL_Driver/Src/stm32f4xx_ll_usb.c **** 
  86:Drivers/STM32F4xx_HAL_Driver/Src/stm32f4xx_ll_usb.c ****   if (cfg.phy_itface == USB_OTG_ULPI_PHY)
  87:Drivers/STM32F4xx_HAL_Driver/Src/stm32f4xx_ll_usb.c ****   {
ARM GAS  /tmp/ccNXSnaU.s 			page 3


  88:Drivers/STM32F4xx_HAL_Driver/Src/stm32f4xx_ll_usb.c ****     USBx->GCCFG &= ~(USB_OTG_GCCFG_PWRDWN);
  89:Drivers/STM32F4xx_HAL_Driver/Src/stm32f4xx_ll_usb.c **** 
  90:Drivers/STM32F4xx_HAL_Driver/Src/stm32f4xx_ll_usb.c ****     /* Init The ULPI Interface */
  91:Drivers/STM32F4xx_HAL_Driver/Src/stm32f4xx_ll_usb.c ****     USBx->GUSBCFG &= ~(USB_OTG_GUSBCFG_TSDPS | USB_OTG_GUSBCFG_ULPIFSLS | USB_OTG_GUSBCFG_PHYSEL);
  92:Drivers/STM32F4xx_HAL_Driver/Src/stm32f4xx_ll_usb.c **** 
  93:Drivers/STM32F4xx_HAL_Driver/Src/stm32f4xx_ll_usb.c ****     /* Select vbus source */
  94:Drivers/STM32F4xx_HAL_Driver/Src/stm32f4xx_ll_usb.c ****     USBx->GUSBCFG &= ~(USB_OTG_GUSBCFG_ULPIEVBUSD | USB_OTG_GUSBCFG_ULPIEVBUSI);
  95:Drivers/STM32F4xx_HAL_Driver/Src/stm32f4xx_ll_usb.c ****     if (cfg.use_external_vbus == 1U)
  96:Drivers/STM32F4xx_HAL_Driver/Src/stm32f4xx_ll_usb.c ****     {
  97:Drivers/STM32F4xx_HAL_Driver/Src/stm32f4xx_ll_usb.c ****       USBx->GUSBCFG |= USB_OTG_GUSBCFG_ULPIEVBUSD;
  98:Drivers/STM32F4xx_HAL_Driver/Src/stm32f4xx_ll_usb.c ****     }
  99:Drivers/STM32F4xx_HAL_Driver/Src/stm32f4xx_ll_usb.c **** 
 100:Drivers/STM32F4xx_HAL_Driver/Src/stm32f4xx_ll_usb.c ****     /* Reset after a PHY select */
 101:Drivers/STM32F4xx_HAL_Driver/Src/stm32f4xx_ll_usb.c ****     ret = USB_CoreReset(USBx);
 102:Drivers/STM32F4xx_HAL_Driver/Src/stm32f4xx_ll_usb.c ****   }
 103:Drivers/STM32F4xx_HAL_Driver/Src/stm32f4xx_ll_usb.c ****   else /* FS interface (embedded Phy) */
 104:Drivers/STM32F4xx_HAL_Driver/Src/stm32f4xx_ll_usb.c ****   {
 105:Drivers/STM32F4xx_HAL_Driver/Src/stm32f4xx_ll_usb.c ****     /* Select FS Embedded PHY */
 106:Drivers/STM32F4xx_HAL_Driver/Src/stm32f4xx_ll_usb.c ****     USBx->GUSBCFG |= USB_OTG_GUSBCFG_PHYSEL;
 107:Drivers/STM32F4xx_HAL_Driver/Src/stm32f4xx_ll_usb.c **** 
 108:Drivers/STM32F4xx_HAL_Driver/Src/stm32f4xx_ll_usb.c ****     /* Reset after a PHY select */
 109:Drivers/STM32F4xx_HAL_Driver/Src/stm32f4xx_ll_usb.c ****     ret = USB_CoreReset(USBx);
 110:Drivers/STM32F4xx_HAL_Driver/Src/stm32f4xx_ll_usb.c **** 
 111:Drivers/STM32F4xx_HAL_Driver/Src/stm32f4xx_ll_usb.c ****     if (cfg.battery_charging_enable == 0U)
 112:Drivers/STM32F4xx_HAL_Driver/Src/stm32f4xx_ll_usb.c ****     {
 113:Drivers/STM32F4xx_HAL_Driver/Src/stm32f4xx_ll_usb.c ****       /* Activate the USB Transceiver */
 114:Drivers/STM32F4xx_HAL_Driver/Src/stm32f4xx_ll_usb.c ****       USBx->GCCFG |= USB_OTG_GCCFG_PWRDWN;
 115:Drivers/STM32F4xx_HAL_Driver/Src/stm32f4xx_ll_usb.c ****     }
 116:Drivers/STM32F4xx_HAL_Driver/Src/stm32f4xx_ll_usb.c ****     else
 117:Drivers/STM32F4xx_HAL_Driver/Src/stm32f4xx_ll_usb.c ****     {
 118:Drivers/STM32F4xx_HAL_Driver/Src/stm32f4xx_ll_usb.c ****       /* Deactivate the USB Transceiver */
 119:Drivers/STM32F4xx_HAL_Driver/Src/stm32f4xx_ll_usb.c ****       USBx->GCCFG &= ~(USB_OTG_GCCFG_PWRDWN);
 120:Drivers/STM32F4xx_HAL_Driver/Src/stm32f4xx_ll_usb.c ****     }
 121:Drivers/STM32F4xx_HAL_Driver/Src/stm32f4xx_ll_usb.c ****   }
 122:Drivers/STM32F4xx_HAL_Driver/Src/stm32f4xx_ll_usb.c **** 
 123:Drivers/STM32F4xx_HAL_Driver/Src/stm32f4xx_ll_usb.c ****   if (cfg.dma_enable == 1U)
 124:Drivers/STM32F4xx_HAL_Driver/Src/stm32f4xx_ll_usb.c ****   {
 125:Drivers/STM32F4xx_HAL_Driver/Src/stm32f4xx_ll_usb.c ****     USBx->GAHBCFG |= USB_OTG_GAHBCFG_HBSTLEN_2;
 126:Drivers/STM32F4xx_HAL_Driver/Src/stm32f4xx_ll_usb.c ****     USBx->GAHBCFG |= USB_OTG_GAHBCFG_DMAEN;
 127:Drivers/STM32F4xx_HAL_Driver/Src/stm32f4xx_ll_usb.c ****   }
 128:Drivers/STM32F4xx_HAL_Driver/Src/stm32f4xx_ll_usb.c **** 
 129:Drivers/STM32F4xx_HAL_Driver/Src/stm32f4xx_ll_usb.c ****   return ret;
 130:Drivers/STM32F4xx_HAL_Driver/Src/stm32f4xx_ll_usb.c **** }
 131:Drivers/STM32F4xx_HAL_Driver/Src/stm32f4xx_ll_usb.c **** 
 132:Drivers/STM32F4xx_HAL_Driver/Src/stm32f4xx_ll_usb.c **** 
 133:Drivers/STM32F4xx_HAL_Driver/Src/stm32f4xx_ll_usb.c **** /**
 134:Drivers/STM32F4xx_HAL_Driver/Src/stm32f4xx_ll_usb.c ****   * @brief  Set the USB turnaround time
 135:Drivers/STM32F4xx_HAL_Driver/Src/stm32f4xx_ll_usb.c ****   * @param  USBx USB Instance
 136:Drivers/STM32F4xx_HAL_Driver/Src/stm32f4xx_ll_usb.c ****   * @param  hclk: AHB clock frequency
 137:Drivers/STM32F4xx_HAL_Driver/Src/stm32f4xx_ll_usb.c ****   * @retval USB turnaround time In PHY Clocks number
 138:Drivers/STM32F4xx_HAL_Driver/Src/stm32f4xx_ll_usb.c ****   */
 139:Drivers/STM32F4xx_HAL_Driver/Src/stm32f4xx_ll_usb.c **** HAL_StatusTypeDef USB_SetTurnaroundTime(USB_OTG_GlobalTypeDef *USBx,
 140:Drivers/STM32F4xx_HAL_Driver/Src/stm32f4xx_ll_usb.c ****                                         uint32_t hclk, uint8_t speed)
 141:Drivers/STM32F4xx_HAL_Driver/Src/stm32f4xx_ll_usb.c **** {
 142:Drivers/STM32F4xx_HAL_Driver/Src/stm32f4xx_ll_usb.c ****   uint32_t UsbTrd;
 143:Drivers/STM32F4xx_HAL_Driver/Src/stm32f4xx_ll_usb.c **** 
 144:Drivers/STM32F4xx_HAL_Driver/Src/stm32f4xx_ll_usb.c ****   /* The USBTRD is configured according to the tables below, depending on AHB frequency
ARM GAS  /tmp/ccNXSnaU.s 			page 4


 145:Drivers/STM32F4xx_HAL_Driver/Src/stm32f4xx_ll_usb.c ****   used by application. In the low AHB frequency range it is used to stretch enough the USB response
 146:Drivers/STM32F4xx_HAL_Driver/Src/stm32f4xx_ll_usb.c ****   time to IN tokens, the USB turnaround time, so to compensate for the longer AHB read access
 147:Drivers/STM32F4xx_HAL_Driver/Src/stm32f4xx_ll_usb.c ****   latency to the Data FIFO */
 148:Drivers/STM32F4xx_HAL_Driver/Src/stm32f4xx_ll_usb.c ****   if (speed == USBD_FS_SPEED)
 149:Drivers/STM32F4xx_HAL_Driver/Src/stm32f4xx_ll_usb.c ****   {
 150:Drivers/STM32F4xx_HAL_Driver/Src/stm32f4xx_ll_usb.c ****     if ((hclk >= 14200000U) && (hclk < 15000000U))
 151:Drivers/STM32F4xx_HAL_Driver/Src/stm32f4xx_ll_usb.c ****     {
 152:Drivers/STM32F4xx_HAL_Driver/Src/stm32f4xx_ll_usb.c ****       /* hclk Clock Range between 14.2-15 MHz */
 153:Drivers/STM32F4xx_HAL_Driver/Src/stm32f4xx_ll_usb.c ****       UsbTrd = 0xFU;
 154:Drivers/STM32F4xx_HAL_Driver/Src/stm32f4xx_ll_usb.c ****     }
 155:Drivers/STM32F4xx_HAL_Driver/Src/stm32f4xx_ll_usb.c ****     else if ((hclk >= 15000000U) && (hclk < 16000000U))
 156:Drivers/STM32F4xx_HAL_Driver/Src/stm32f4xx_ll_usb.c ****     {
 157:Drivers/STM32F4xx_HAL_Driver/Src/stm32f4xx_ll_usb.c ****       /* hclk Clock Range between 15-16 MHz */
 158:Drivers/STM32F4xx_HAL_Driver/Src/stm32f4xx_ll_usb.c ****       UsbTrd = 0xEU;
 159:Drivers/STM32F4xx_HAL_Driver/Src/stm32f4xx_ll_usb.c ****     }
 160:Drivers/STM32F4xx_HAL_Driver/Src/stm32f4xx_ll_usb.c ****     else if ((hclk >= 16000000U) && (hclk < 17200000U))
 161:Drivers/STM32F4xx_HAL_Driver/Src/stm32f4xx_ll_usb.c ****     {
 162:Drivers/STM32F4xx_HAL_Driver/Src/stm32f4xx_ll_usb.c ****       /* hclk Clock Range between 16-17.2 MHz */
 163:Drivers/STM32F4xx_HAL_Driver/Src/stm32f4xx_ll_usb.c ****       UsbTrd = 0xDU;
 164:Drivers/STM32F4xx_HAL_Driver/Src/stm32f4xx_ll_usb.c ****     }
 165:Drivers/STM32F4xx_HAL_Driver/Src/stm32f4xx_ll_usb.c ****     else if ((hclk >= 17200000U) && (hclk < 18500000U))
 166:Drivers/STM32F4xx_HAL_Driver/Src/stm32f4xx_ll_usb.c ****     {
 167:Drivers/STM32F4xx_HAL_Driver/Src/stm32f4xx_ll_usb.c ****       /* hclk Clock Range between 17.2-18.5 MHz */
 168:Drivers/STM32F4xx_HAL_Driver/Src/stm32f4xx_ll_usb.c ****       UsbTrd = 0xCU;
 169:Drivers/STM32F4xx_HAL_Driver/Src/stm32f4xx_ll_usb.c ****     }
 170:Drivers/STM32F4xx_HAL_Driver/Src/stm32f4xx_ll_usb.c ****     else if ((hclk >= 18500000U) && (hclk < 20000000U))
 171:Drivers/STM32F4xx_HAL_Driver/Src/stm32f4xx_ll_usb.c ****     {
 172:Drivers/STM32F4xx_HAL_Driver/Src/stm32f4xx_ll_usb.c ****       /* hclk Clock Range between 18.5-20 MHz */
 173:Drivers/STM32F4xx_HAL_Driver/Src/stm32f4xx_ll_usb.c ****       UsbTrd = 0xBU;
 174:Drivers/STM32F4xx_HAL_Driver/Src/stm32f4xx_ll_usb.c ****     }
 175:Drivers/STM32F4xx_HAL_Driver/Src/stm32f4xx_ll_usb.c ****     else if ((hclk >= 20000000U) && (hclk < 21800000U))
 176:Drivers/STM32F4xx_HAL_Driver/Src/stm32f4xx_ll_usb.c ****     {
 177:Drivers/STM32F4xx_HAL_Driver/Src/stm32f4xx_ll_usb.c ****       /* hclk Clock Range between 20-21.8 MHz */
 178:Drivers/STM32F4xx_HAL_Driver/Src/stm32f4xx_ll_usb.c ****       UsbTrd = 0xAU;
 179:Drivers/STM32F4xx_HAL_Driver/Src/stm32f4xx_ll_usb.c ****     }
 180:Drivers/STM32F4xx_HAL_Driver/Src/stm32f4xx_ll_usb.c ****     else if ((hclk >= 21800000U) && (hclk < 24000000U))
 181:Drivers/STM32F4xx_HAL_Driver/Src/stm32f4xx_ll_usb.c ****     {
 182:Drivers/STM32F4xx_HAL_Driver/Src/stm32f4xx_ll_usb.c ****       /* hclk Clock Range between 21.8-24 MHz */
 183:Drivers/STM32F4xx_HAL_Driver/Src/stm32f4xx_ll_usb.c ****       UsbTrd = 0x9U;
 184:Drivers/STM32F4xx_HAL_Driver/Src/stm32f4xx_ll_usb.c ****     }
 185:Drivers/STM32F4xx_HAL_Driver/Src/stm32f4xx_ll_usb.c ****     else if ((hclk >= 24000000U) && (hclk < 27700000U))
 186:Drivers/STM32F4xx_HAL_Driver/Src/stm32f4xx_ll_usb.c ****     {
 187:Drivers/STM32F4xx_HAL_Driver/Src/stm32f4xx_ll_usb.c ****       /* hclk Clock Range between 24-27.7 MHz */
 188:Drivers/STM32F4xx_HAL_Driver/Src/stm32f4xx_ll_usb.c ****       UsbTrd = 0x8U;
 189:Drivers/STM32F4xx_HAL_Driver/Src/stm32f4xx_ll_usb.c ****     }
 190:Drivers/STM32F4xx_HAL_Driver/Src/stm32f4xx_ll_usb.c ****     else if ((hclk >= 27700000U) && (hclk < 32000000U))
 191:Drivers/STM32F4xx_HAL_Driver/Src/stm32f4xx_ll_usb.c ****     {
 192:Drivers/STM32F4xx_HAL_Driver/Src/stm32f4xx_ll_usb.c ****       /* hclk Clock Range between 27.7-32 MHz */
 193:Drivers/STM32F4xx_HAL_Driver/Src/stm32f4xx_ll_usb.c ****       UsbTrd = 0x7U;
 194:Drivers/STM32F4xx_HAL_Driver/Src/stm32f4xx_ll_usb.c ****     }
 195:Drivers/STM32F4xx_HAL_Driver/Src/stm32f4xx_ll_usb.c ****     else /* if(hclk >= 32000000) */
 196:Drivers/STM32F4xx_HAL_Driver/Src/stm32f4xx_ll_usb.c ****     {
 197:Drivers/STM32F4xx_HAL_Driver/Src/stm32f4xx_ll_usb.c ****       /* hclk Clock Range between 32-200 MHz */
 198:Drivers/STM32F4xx_HAL_Driver/Src/stm32f4xx_ll_usb.c ****       UsbTrd = 0x6U;
 199:Drivers/STM32F4xx_HAL_Driver/Src/stm32f4xx_ll_usb.c ****     }
 200:Drivers/STM32F4xx_HAL_Driver/Src/stm32f4xx_ll_usb.c ****   }
 201:Drivers/STM32F4xx_HAL_Driver/Src/stm32f4xx_ll_usb.c ****   else if (speed == USBD_HS_SPEED)
ARM GAS  /tmp/ccNXSnaU.s 			page 5


 202:Drivers/STM32F4xx_HAL_Driver/Src/stm32f4xx_ll_usb.c ****   {
 203:Drivers/STM32F4xx_HAL_Driver/Src/stm32f4xx_ll_usb.c ****     UsbTrd = USBD_HS_TRDT_VALUE;
 204:Drivers/STM32F4xx_HAL_Driver/Src/stm32f4xx_ll_usb.c ****   }
 205:Drivers/STM32F4xx_HAL_Driver/Src/stm32f4xx_ll_usb.c ****   else
 206:Drivers/STM32F4xx_HAL_Driver/Src/stm32f4xx_ll_usb.c ****   {
 207:Drivers/STM32F4xx_HAL_Driver/Src/stm32f4xx_ll_usb.c ****     UsbTrd = USBD_DEFAULT_TRDT_VALUE;
 208:Drivers/STM32F4xx_HAL_Driver/Src/stm32f4xx_ll_usb.c ****   }
 209:Drivers/STM32F4xx_HAL_Driver/Src/stm32f4xx_ll_usb.c **** 
 210:Drivers/STM32F4xx_HAL_Driver/Src/stm32f4xx_ll_usb.c ****   USBx->GUSBCFG &= ~USB_OTG_GUSBCFG_TRDT;
 211:Drivers/STM32F4xx_HAL_Driver/Src/stm32f4xx_ll_usb.c ****   USBx->GUSBCFG |= (uint32_t)((UsbTrd << 10) & USB_OTG_GUSBCFG_TRDT);
 212:Drivers/STM32F4xx_HAL_Driver/Src/stm32f4xx_ll_usb.c **** 
 213:Drivers/STM32F4xx_HAL_Driver/Src/stm32f4xx_ll_usb.c ****   return HAL_OK;
 214:Drivers/STM32F4xx_HAL_Driver/Src/stm32f4xx_ll_usb.c **** }
 215:Drivers/STM32F4xx_HAL_Driver/Src/stm32f4xx_ll_usb.c **** 
 216:Drivers/STM32F4xx_HAL_Driver/Src/stm32f4xx_ll_usb.c **** /**
 217:Drivers/STM32F4xx_HAL_Driver/Src/stm32f4xx_ll_usb.c ****   * @brief  USB_EnableGlobalInt
 218:Drivers/STM32F4xx_HAL_Driver/Src/stm32f4xx_ll_usb.c ****   *         Enables the controller's Global Int in the AHB Config reg
 219:Drivers/STM32F4xx_HAL_Driver/Src/stm32f4xx_ll_usb.c ****   * @param  USBx  Selected device
 220:Drivers/STM32F4xx_HAL_Driver/Src/stm32f4xx_ll_usb.c ****   * @retval HAL status
 221:Drivers/STM32F4xx_HAL_Driver/Src/stm32f4xx_ll_usb.c ****   */
 222:Drivers/STM32F4xx_HAL_Driver/Src/stm32f4xx_ll_usb.c **** HAL_StatusTypeDef USB_EnableGlobalInt(USB_OTG_GlobalTypeDef *USBx)
 223:Drivers/STM32F4xx_HAL_Driver/Src/stm32f4xx_ll_usb.c **** {
 224:Drivers/STM32F4xx_HAL_Driver/Src/stm32f4xx_ll_usb.c ****   USBx->GAHBCFG |= USB_OTG_GAHBCFG_GINT;
 225:Drivers/STM32F4xx_HAL_Driver/Src/stm32f4xx_ll_usb.c ****   return HAL_OK;
 226:Drivers/STM32F4xx_HAL_Driver/Src/stm32f4xx_ll_usb.c **** }
 227:Drivers/STM32F4xx_HAL_Driver/Src/stm32f4xx_ll_usb.c **** 
 228:Drivers/STM32F4xx_HAL_Driver/Src/stm32f4xx_ll_usb.c **** /**
 229:Drivers/STM32F4xx_HAL_Driver/Src/stm32f4xx_ll_usb.c ****   * @brief  USB_DisableGlobalInt
 230:Drivers/STM32F4xx_HAL_Driver/Src/stm32f4xx_ll_usb.c ****   *         Disable the controller's Global Int in the AHB Config reg
 231:Drivers/STM32F4xx_HAL_Driver/Src/stm32f4xx_ll_usb.c ****   * @param  USBx  Selected device
 232:Drivers/STM32F4xx_HAL_Driver/Src/stm32f4xx_ll_usb.c ****   * @retval HAL status
 233:Drivers/STM32F4xx_HAL_Driver/Src/stm32f4xx_ll_usb.c ****   */
 234:Drivers/STM32F4xx_HAL_Driver/Src/stm32f4xx_ll_usb.c **** HAL_StatusTypeDef USB_DisableGlobalInt(USB_OTG_GlobalTypeDef *USBx)
 235:Drivers/STM32F4xx_HAL_Driver/Src/stm32f4xx_ll_usb.c **** {
 236:Drivers/STM32F4xx_HAL_Driver/Src/stm32f4xx_ll_usb.c ****   USBx->GAHBCFG &= ~USB_OTG_GAHBCFG_GINT;
 237:Drivers/STM32F4xx_HAL_Driver/Src/stm32f4xx_ll_usb.c ****   return HAL_OK;
 238:Drivers/STM32F4xx_HAL_Driver/Src/stm32f4xx_ll_usb.c **** }
 239:Drivers/STM32F4xx_HAL_Driver/Src/stm32f4xx_ll_usb.c **** 
 240:Drivers/STM32F4xx_HAL_Driver/Src/stm32f4xx_ll_usb.c **** /**
 241:Drivers/STM32F4xx_HAL_Driver/Src/stm32f4xx_ll_usb.c ****   * @brief  USB_SetCurrentMode Set functional mode
 242:Drivers/STM32F4xx_HAL_Driver/Src/stm32f4xx_ll_usb.c ****   * @param  USBx  Selected device
 243:Drivers/STM32F4xx_HAL_Driver/Src/stm32f4xx_ll_usb.c ****   * @param  mode  current core mode
 244:Drivers/STM32F4xx_HAL_Driver/Src/stm32f4xx_ll_usb.c ****   *          This parameter can be one of these values:
 245:Drivers/STM32F4xx_HAL_Driver/Src/stm32f4xx_ll_usb.c ****   *            @arg USB_DEVICE_MODE Peripheral mode
 246:Drivers/STM32F4xx_HAL_Driver/Src/stm32f4xx_ll_usb.c ****   *            @arg USB_HOST_MODE Host mode
 247:Drivers/STM32F4xx_HAL_Driver/Src/stm32f4xx_ll_usb.c ****   * @retval HAL status
 248:Drivers/STM32F4xx_HAL_Driver/Src/stm32f4xx_ll_usb.c ****   */
 249:Drivers/STM32F4xx_HAL_Driver/Src/stm32f4xx_ll_usb.c **** HAL_StatusTypeDef USB_SetCurrentMode(USB_OTG_GlobalTypeDef *USBx, USB_OTG_ModeTypeDef mode)
 250:Drivers/STM32F4xx_HAL_Driver/Src/stm32f4xx_ll_usb.c **** {
 251:Drivers/STM32F4xx_HAL_Driver/Src/stm32f4xx_ll_usb.c ****   uint32_t ms = 0U;
 252:Drivers/STM32F4xx_HAL_Driver/Src/stm32f4xx_ll_usb.c **** 
 253:Drivers/STM32F4xx_HAL_Driver/Src/stm32f4xx_ll_usb.c ****   USBx->GUSBCFG &= ~(USB_OTG_GUSBCFG_FHMOD | USB_OTG_GUSBCFG_FDMOD);
 254:Drivers/STM32F4xx_HAL_Driver/Src/stm32f4xx_ll_usb.c **** 
 255:Drivers/STM32F4xx_HAL_Driver/Src/stm32f4xx_ll_usb.c ****   if (mode == USB_HOST_MODE)
 256:Drivers/STM32F4xx_HAL_Driver/Src/stm32f4xx_ll_usb.c ****   {
 257:Drivers/STM32F4xx_HAL_Driver/Src/stm32f4xx_ll_usb.c ****     USBx->GUSBCFG |= USB_OTG_GUSBCFG_FHMOD;
 258:Drivers/STM32F4xx_HAL_Driver/Src/stm32f4xx_ll_usb.c **** 
ARM GAS  /tmp/ccNXSnaU.s 			page 6


 259:Drivers/STM32F4xx_HAL_Driver/Src/stm32f4xx_ll_usb.c ****     do
 260:Drivers/STM32F4xx_HAL_Driver/Src/stm32f4xx_ll_usb.c ****     {
 261:Drivers/STM32F4xx_HAL_Driver/Src/stm32f4xx_ll_usb.c ****       HAL_Delay(1U);
 262:Drivers/STM32F4xx_HAL_Driver/Src/stm32f4xx_ll_usb.c ****       ms++;
 263:Drivers/STM32F4xx_HAL_Driver/Src/stm32f4xx_ll_usb.c ****     } while ((USB_GetMode(USBx) != (uint32_t)USB_HOST_MODE) && (ms < 50U));
 264:Drivers/STM32F4xx_HAL_Driver/Src/stm32f4xx_ll_usb.c ****   }
 265:Drivers/STM32F4xx_HAL_Driver/Src/stm32f4xx_ll_usb.c ****   else if (mode == USB_DEVICE_MODE)
 266:Drivers/STM32F4xx_HAL_Driver/Src/stm32f4xx_ll_usb.c ****   {
 267:Drivers/STM32F4xx_HAL_Driver/Src/stm32f4xx_ll_usb.c ****     USBx->GUSBCFG |= USB_OTG_GUSBCFG_FDMOD;
 268:Drivers/STM32F4xx_HAL_Driver/Src/stm32f4xx_ll_usb.c **** 
 269:Drivers/STM32F4xx_HAL_Driver/Src/stm32f4xx_ll_usb.c ****     do
 270:Drivers/STM32F4xx_HAL_Driver/Src/stm32f4xx_ll_usb.c ****     {
 271:Drivers/STM32F4xx_HAL_Driver/Src/stm32f4xx_ll_usb.c ****       HAL_Delay(1U);
 272:Drivers/STM32F4xx_HAL_Driver/Src/stm32f4xx_ll_usb.c ****       ms++;
 273:Drivers/STM32F4xx_HAL_Driver/Src/stm32f4xx_ll_usb.c ****     } while ((USB_GetMode(USBx) != (uint32_t)USB_DEVICE_MODE) && (ms < 50U));
 274:Drivers/STM32F4xx_HAL_Driver/Src/stm32f4xx_ll_usb.c ****   }
 275:Drivers/STM32F4xx_HAL_Driver/Src/stm32f4xx_ll_usb.c ****   else
 276:Drivers/STM32F4xx_HAL_Driver/Src/stm32f4xx_ll_usb.c ****   {
 277:Drivers/STM32F4xx_HAL_Driver/Src/stm32f4xx_ll_usb.c ****     return HAL_ERROR;
 278:Drivers/STM32F4xx_HAL_Driver/Src/stm32f4xx_ll_usb.c ****   }
 279:Drivers/STM32F4xx_HAL_Driver/Src/stm32f4xx_ll_usb.c **** 
 280:Drivers/STM32F4xx_HAL_Driver/Src/stm32f4xx_ll_usb.c ****   if (ms == 50U)
 281:Drivers/STM32F4xx_HAL_Driver/Src/stm32f4xx_ll_usb.c ****   {
 282:Drivers/STM32F4xx_HAL_Driver/Src/stm32f4xx_ll_usb.c ****     return HAL_ERROR;
 283:Drivers/STM32F4xx_HAL_Driver/Src/stm32f4xx_ll_usb.c ****   }
 284:Drivers/STM32F4xx_HAL_Driver/Src/stm32f4xx_ll_usb.c **** 
 285:Drivers/STM32F4xx_HAL_Driver/Src/stm32f4xx_ll_usb.c ****   return HAL_OK;
 286:Drivers/STM32F4xx_HAL_Driver/Src/stm32f4xx_ll_usb.c **** }
 287:Drivers/STM32F4xx_HAL_Driver/Src/stm32f4xx_ll_usb.c **** 
 288:Drivers/STM32F4xx_HAL_Driver/Src/stm32f4xx_ll_usb.c **** /**
 289:Drivers/STM32F4xx_HAL_Driver/Src/stm32f4xx_ll_usb.c ****   * @brief  USB_DevInit Initializes the USB_OTG controller registers
 290:Drivers/STM32F4xx_HAL_Driver/Src/stm32f4xx_ll_usb.c ****   *         for device mode
 291:Drivers/STM32F4xx_HAL_Driver/Src/stm32f4xx_ll_usb.c ****   * @param  USBx  Selected device
 292:Drivers/STM32F4xx_HAL_Driver/Src/stm32f4xx_ll_usb.c ****   * @param  cfg   pointer to a USB_OTG_CfgTypeDef structure that contains
 293:Drivers/STM32F4xx_HAL_Driver/Src/stm32f4xx_ll_usb.c ****   *         the configuration information for the specified USBx peripheral.
 294:Drivers/STM32F4xx_HAL_Driver/Src/stm32f4xx_ll_usb.c ****   * @retval HAL status
 295:Drivers/STM32F4xx_HAL_Driver/Src/stm32f4xx_ll_usb.c ****   */
 296:Drivers/STM32F4xx_HAL_Driver/Src/stm32f4xx_ll_usb.c **** HAL_StatusTypeDef USB_DevInit(USB_OTG_GlobalTypeDef *USBx, USB_OTG_CfgTypeDef cfg)
 297:Drivers/STM32F4xx_HAL_Driver/Src/stm32f4xx_ll_usb.c **** {
 298:Drivers/STM32F4xx_HAL_Driver/Src/stm32f4xx_ll_usb.c ****   HAL_StatusTypeDef ret = HAL_OK;
 299:Drivers/STM32F4xx_HAL_Driver/Src/stm32f4xx_ll_usb.c ****   uint32_t USBx_BASE = (uint32_t)USBx;
 300:Drivers/STM32F4xx_HAL_Driver/Src/stm32f4xx_ll_usb.c ****   uint32_t i;
 301:Drivers/STM32F4xx_HAL_Driver/Src/stm32f4xx_ll_usb.c **** 
 302:Drivers/STM32F4xx_HAL_Driver/Src/stm32f4xx_ll_usb.c ****   for (i = 0U; i < 15U; i++)
 303:Drivers/STM32F4xx_HAL_Driver/Src/stm32f4xx_ll_usb.c ****   {
 304:Drivers/STM32F4xx_HAL_Driver/Src/stm32f4xx_ll_usb.c ****     USBx->DIEPTXF[i] = 0U;
 305:Drivers/STM32F4xx_HAL_Driver/Src/stm32f4xx_ll_usb.c ****   }
 306:Drivers/STM32F4xx_HAL_Driver/Src/stm32f4xx_ll_usb.c **** 
 307:Drivers/STM32F4xx_HAL_Driver/Src/stm32f4xx_ll_usb.c **** #if defined(STM32F446xx) || defined(STM32F469xx) || defined(STM32F479xx) || defined(STM32F412Zx) ||
 308:Drivers/STM32F4xx_HAL_Driver/Src/stm32f4xx_ll_usb.c ****   /* VBUS Sensing setup */
 309:Drivers/STM32F4xx_HAL_Driver/Src/stm32f4xx_ll_usb.c ****   if (cfg.vbus_sensing_enable == 0U)
 310:Drivers/STM32F4xx_HAL_Driver/Src/stm32f4xx_ll_usb.c ****   {
 311:Drivers/STM32F4xx_HAL_Driver/Src/stm32f4xx_ll_usb.c ****     USBx_DEVICE->DCTL |= USB_OTG_DCTL_SDIS;
 312:Drivers/STM32F4xx_HAL_Driver/Src/stm32f4xx_ll_usb.c **** 
 313:Drivers/STM32F4xx_HAL_Driver/Src/stm32f4xx_ll_usb.c ****     /* Deactivate VBUS Sensing B */
 314:Drivers/STM32F4xx_HAL_Driver/Src/stm32f4xx_ll_usb.c ****     USBx->GCCFG &= ~USB_OTG_GCCFG_VBDEN;
 315:Drivers/STM32F4xx_HAL_Driver/Src/stm32f4xx_ll_usb.c **** 
ARM GAS  /tmp/ccNXSnaU.s 			page 7


 316:Drivers/STM32F4xx_HAL_Driver/Src/stm32f4xx_ll_usb.c ****     /* B-peripheral session valid override enable */
 317:Drivers/STM32F4xx_HAL_Driver/Src/stm32f4xx_ll_usb.c ****     USBx->GOTGCTL |= USB_OTG_GOTGCTL_BVALOEN;
 318:Drivers/STM32F4xx_HAL_Driver/Src/stm32f4xx_ll_usb.c ****     USBx->GOTGCTL |= USB_OTG_GOTGCTL_BVALOVAL;
 319:Drivers/STM32F4xx_HAL_Driver/Src/stm32f4xx_ll_usb.c ****   }
 320:Drivers/STM32F4xx_HAL_Driver/Src/stm32f4xx_ll_usb.c ****   else
 321:Drivers/STM32F4xx_HAL_Driver/Src/stm32f4xx_ll_usb.c ****   {
 322:Drivers/STM32F4xx_HAL_Driver/Src/stm32f4xx_ll_usb.c ****     /* Enable HW VBUS sensing */
 323:Drivers/STM32F4xx_HAL_Driver/Src/stm32f4xx_ll_usb.c ****     USBx->GCCFG |= USB_OTG_GCCFG_VBDEN;
 324:Drivers/STM32F4xx_HAL_Driver/Src/stm32f4xx_ll_usb.c ****   }
 325:Drivers/STM32F4xx_HAL_Driver/Src/stm32f4xx_ll_usb.c **** #else
 326:Drivers/STM32F4xx_HAL_Driver/Src/stm32f4xx_ll_usb.c ****   /* VBUS Sensing setup */
 327:Drivers/STM32F4xx_HAL_Driver/Src/stm32f4xx_ll_usb.c ****   if (cfg.vbus_sensing_enable == 0U)
 328:Drivers/STM32F4xx_HAL_Driver/Src/stm32f4xx_ll_usb.c ****   {
 329:Drivers/STM32F4xx_HAL_Driver/Src/stm32f4xx_ll_usb.c ****     /*
 330:Drivers/STM32F4xx_HAL_Driver/Src/stm32f4xx_ll_usb.c ****      * Disable HW VBUS sensing. VBUS is internally considered to be always
 331:Drivers/STM32F4xx_HAL_Driver/Src/stm32f4xx_ll_usb.c ****      * at VBUS-Valid level (5V).
 332:Drivers/STM32F4xx_HAL_Driver/Src/stm32f4xx_ll_usb.c ****      */
 333:Drivers/STM32F4xx_HAL_Driver/Src/stm32f4xx_ll_usb.c ****     USBx_DEVICE->DCTL |= USB_OTG_DCTL_SDIS;
 334:Drivers/STM32F4xx_HAL_Driver/Src/stm32f4xx_ll_usb.c ****     USBx->GCCFG |= USB_OTG_GCCFG_NOVBUSSENS;
 335:Drivers/STM32F4xx_HAL_Driver/Src/stm32f4xx_ll_usb.c ****     USBx->GCCFG &= ~USB_OTG_GCCFG_VBUSBSEN;
 336:Drivers/STM32F4xx_HAL_Driver/Src/stm32f4xx_ll_usb.c ****     USBx->GCCFG &= ~USB_OTG_GCCFG_VBUSASEN;
 337:Drivers/STM32F4xx_HAL_Driver/Src/stm32f4xx_ll_usb.c ****   }
 338:Drivers/STM32F4xx_HAL_Driver/Src/stm32f4xx_ll_usb.c ****   else
 339:Drivers/STM32F4xx_HAL_Driver/Src/stm32f4xx_ll_usb.c ****   {
 340:Drivers/STM32F4xx_HAL_Driver/Src/stm32f4xx_ll_usb.c ****     /* Enable HW VBUS sensing */
 341:Drivers/STM32F4xx_HAL_Driver/Src/stm32f4xx_ll_usb.c ****     USBx->GCCFG &= ~USB_OTG_GCCFG_NOVBUSSENS;
 342:Drivers/STM32F4xx_HAL_Driver/Src/stm32f4xx_ll_usb.c ****     USBx->GCCFG |= USB_OTG_GCCFG_VBUSBSEN;
 343:Drivers/STM32F4xx_HAL_Driver/Src/stm32f4xx_ll_usb.c ****   }
 344:Drivers/STM32F4xx_HAL_Driver/Src/stm32f4xx_ll_usb.c **** #endif /* defined(STM32F446xx) || defined(STM32F469xx) || defined(STM32F479xx) || defined(STM32F412
 345:Drivers/STM32F4xx_HAL_Driver/Src/stm32f4xx_ll_usb.c **** 
 346:Drivers/STM32F4xx_HAL_Driver/Src/stm32f4xx_ll_usb.c ****   /* Restart the Phy Clock */
 347:Drivers/STM32F4xx_HAL_Driver/Src/stm32f4xx_ll_usb.c ****   USBx_PCGCCTL = 0U;
 348:Drivers/STM32F4xx_HAL_Driver/Src/stm32f4xx_ll_usb.c **** 
 349:Drivers/STM32F4xx_HAL_Driver/Src/stm32f4xx_ll_usb.c ****   /* Device mode configuration */
 350:Drivers/STM32F4xx_HAL_Driver/Src/stm32f4xx_ll_usb.c ****   USBx_DEVICE->DCFG |= DCFG_FRAME_INTERVAL_80;
 351:Drivers/STM32F4xx_HAL_Driver/Src/stm32f4xx_ll_usb.c **** 
 352:Drivers/STM32F4xx_HAL_Driver/Src/stm32f4xx_ll_usb.c ****   if (cfg.phy_itface == USB_OTG_ULPI_PHY)
 353:Drivers/STM32F4xx_HAL_Driver/Src/stm32f4xx_ll_usb.c ****   {
 354:Drivers/STM32F4xx_HAL_Driver/Src/stm32f4xx_ll_usb.c ****     if (cfg.speed == USBD_HS_SPEED)
 355:Drivers/STM32F4xx_HAL_Driver/Src/stm32f4xx_ll_usb.c ****     {
 356:Drivers/STM32F4xx_HAL_Driver/Src/stm32f4xx_ll_usb.c ****       /* Set Core speed to High speed mode */
 357:Drivers/STM32F4xx_HAL_Driver/Src/stm32f4xx_ll_usb.c ****       (void)USB_SetDevSpeed(USBx, USB_OTG_SPEED_HIGH);
 358:Drivers/STM32F4xx_HAL_Driver/Src/stm32f4xx_ll_usb.c ****     }
 359:Drivers/STM32F4xx_HAL_Driver/Src/stm32f4xx_ll_usb.c ****     else
 360:Drivers/STM32F4xx_HAL_Driver/Src/stm32f4xx_ll_usb.c ****     {
 361:Drivers/STM32F4xx_HAL_Driver/Src/stm32f4xx_ll_usb.c ****       /* Set Core speed to Full speed mode */
 362:Drivers/STM32F4xx_HAL_Driver/Src/stm32f4xx_ll_usb.c ****       (void)USB_SetDevSpeed(USBx, USB_OTG_SPEED_HIGH_IN_FULL);
 363:Drivers/STM32F4xx_HAL_Driver/Src/stm32f4xx_ll_usb.c ****     }
 364:Drivers/STM32F4xx_HAL_Driver/Src/stm32f4xx_ll_usb.c ****   }
 365:Drivers/STM32F4xx_HAL_Driver/Src/stm32f4xx_ll_usb.c ****   else
 366:Drivers/STM32F4xx_HAL_Driver/Src/stm32f4xx_ll_usb.c ****   {
 367:Drivers/STM32F4xx_HAL_Driver/Src/stm32f4xx_ll_usb.c ****     /* Set Core speed to Full speed mode */
 368:Drivers/STM32F4xx_HAL_Driver/Src/stm32f4xx_ll_usb.c ****     (void)USB_SetDevSpeed(USBx, USB_OTG_SPEED_FULL);
 369:Drivers/STM32F4xx_HAL_Driver/Src/stm32f4xx_ll_usb.c ****   }
 370:Drivers/STM32F4xx_HAL_Driver/Src/stm32f4xx_ll_usb.c **** 
 371:Drivers/STM32F4xx_HAL_Driver/Src/stm32f4xx_ll_usb.c ****   /* Flush the FIFOs */
 372:Drivers/STM32F4xx_HAL_Driver/Src/stm32f4xx_ll_usb.c ****   if (USB_FlushTxFifo(USBx, 0x10U) != HAL_OK) /* all Tx FIFOs */
ARM GAS  /tmp/ccNXSnaU.s 			page 8


 373:Drivers/STM32F4xx_HAL_Driver/Src/stm32f4xx_ll_usb.c ****   {
 374:Drivers/STM32F4xx_HAL_Driver/Src/stm32f4xx_ll_usb.c ****     ret = HAL_ERROR;
 375:Drivers/STM32F4xx_HAL_Driver/Src/stm32f4xx_ll_usb.c ****   }
 376:Drivers/STM32F4xx_HAL_Driver/Src/stm32f4xx_ll_usb.c **** 
 377:Drivers/STM32F4xx_HAL_Driver/Src/stm32f4xx_ll_usb.c ****   if (USB_FlushRxFifo(USBx) != HAL_OK)
 378:Drivers/STM32F4xx_HAL_Driver/Src/stm32f4xx_ll_usb.c ****   {
 379:Drivers/STM32F4xx_HAL_Driver/Src/stm32f4xx_ll_usb.c ****     ret = HAL_ERROR;
 380:Drivers/STM32F4xx_HAL_Driver/Src/stm32f4xx_ll_usb.c ****   }
 381:Drivers/STM32F4xx_HAL_Driver/Src/stm32f4xx_ll_usb.c **** 
 382:Drivers/STM32F4xx_HAL_Driver/Src/stm32f4xx_ll_usb.c ****   /* Clear all pending Device Interrupts */
 383:Drivers/STM32F4xx_HAL_Driver/Src/stm32f4xx_ll_usb.c ****   USBx_DEVICE->DIEPMSK = 0U;
 384:Drivers/STM32F4xx_HAL_Driver/Src/stm32f4xx_ll_usb.c ****   USBx_DEVICE->DOEPMSK = 0U;
 385:Drivers/STM32F4xx_HAL_Driver/Src/stm32f4xx_ll_usb.c ****   USBx_DEVICE->DAINTMSK = 0U;
 386:Drivers/STM32F4xx_HAL_Driver/Src/stm32f4xx_ll_usb.c **** 
 387:Drivers/STM32F4xx_HAL_Driver/Src/stm32f4xx_ll_usb.c ****   for (i = 0U; i < cfg.dev_endpoints; i++)
 388:Drivers/STM32F4xx_HAL_Driver/Src/stm32f4xx_ll_usb.c ****   {
 389:Drivers/STM32F4xx_HAL_Driver/Src/stm32f4xx_ll_usb.c ****     if ((USBx_INEP(i)->DIEPCTL & USB_OTG_DIEPCTL_EPENA) == USB_OTG_DIEPCTL_EPENA)
 390:Drivers/STM32F4xx_HAL_Driver/Src/stm32f4xx_ll_usb.c ****     {
 391:Drivers/STM32F4xx_HAL_Driver/Src/stm32f4xx_ll_usb.c ****       if (i == 0U)
 392:Drivers/STM32F4xx_HAL_Driver/Src/stm32f4xx_ll_usb.c ****       {
 393:Drivers/STM32F4xx_HAL_Driver/Src/stm32f4xx_ll_usb.c ****         USBx_INEP(i)->DIEPCTL = USB_OTG_DIEPCTL_SNAK;
 394:Drivers/STM32F4xx_HAL_Driver/Src/stm32f4xx_ll_usb.c ****       }
 395:Drivers/STM32F4xx_HAL_Driver/Src/stm32f4xx_ll_usb.c ****       else
 396:Drivers/STM32F4xx_HAL_Driver/Src/stm32f4xx_ll_usb.c ****       {
 397:Drivers/STM32F4xx_HAL_Driver/Src/stm32f4xx_ll_usb.c ****         USBx_INEP(i)->DIEPCTL = USB_OTG_DIEPCTL_EPDIS | USB_OTG_DIEPCTL_SNAK;
 398:Drivers/STM32F4xx_HAL_Driver/Src/stm32f4xx_ll_usb.c ****       }
 399:Drivers/STM32F4xx_HAL_Driver/Src/stm32f4xx_ll_usb.c ****     }
 400:Drivers/STM32F4xx_HAL_Driver/Src/stm32f4xx_ll_usb.c ****     else
 401:Drivers/STM32F4xx_HAL_Driver/Src/stm32f4xx_ll_usb.c ****     {
 402:Drivers/STM32F4xx_HAL_Driver/Src/stm32f4xx_ll_usb.c ****       USBx_INEP(i)->DIEPCTL = 0U;
 403:Drivers/STM32F4xx_HAL_Driver/Src/stm32f4xx_ll_usb.c ****     }
 404:Drivers/STM32F4xx_HAL_Driver/Src/stm32f4xx_ll_usb.c **** 
 405:Drivers/STM32F4xx_HAL_Driver/Src/stm32f4xx_ll_usb.c ****     USBx_INEP(i)->DIEPTSIZ = 0U;
 406:Drivers/STM32F4xx_HAL_Driver/Src/stm32f4xx_ll_usb.c ****     USBx_INEP(i)->DIEPINT  = 0xFB7FU;
 407:Drivers/STM32F4xx_HAL_Driver/Src/stm32f4xx_ll_usb.c ****   }
 408:Drivers/STM32F4xx_HAL_Driver/Src/stm32f4xx_ll_usb.c **** 
 409:Drivers/STM32F4xx_HAL_Driver/Src/stm32f4xx_ll_usb.c ****   for (i = 0U; i < cfg.dev_endpoints; i++)
 410:Drivers/STM32F4xx_HAL_Driver/Src/stm32f4xx_ll_usb.c ****   {
 411:Drivers/STM32F4xx_HAL_Driver/Src/stm32f4xx_ll_usb.c ****     if ((USBx_OUTEP(i)->DOEPCTL & USB_OTG_DOEPCTL_EPENA) == USB_OTG_DOEPCTL_EPENA)
 412:Drivers/STM32F4xx_HAL_Driver/Src/stm32f4xx_ll_usb.c ****     {
 413:Drivers/STM32F4xx_HAL_Driver/Src/stm32f4xx_ll_usb.c ****       if (i == 0U)
 414:Drivers/STM32F4xx_HAL_Driver/Src/stm32f4xx_ll_usb.c ****       {
 415:Drivers/STM32F4xx_HAL_Driver/Src/stm32f4xx_ll_usb.c ****         USBx_OUTEP(i)->DOEPCTL = USB_OTG_DOEPCTL_SNAK;
 416:Drivers/STM32F4xx_HAL_Driver/Src/stm32f4xx_ll_usb.c ****       }
 417:Drivers/STM32F4xx_HAL_Driver/Src/stm32f4xx_ll_usb.c ****       else
 418:Drivers/STM32F4xx_HAL_Driver/Src/stm32f4xx_ll_usb.c ****       {
 419:Drivers/STM32F4xx_HAL_Driver/Src/stm32f4xx_ll_usb.c ****         USBx_OUTEP(i)->DOEPCTL = USB_OTG_DOEPCTL_EPDIS | USB_OTG_DOEPCTL_SNAK;
 420:Drivers/STM32F4xx_HAL_Driver/Src/stm32f4xx_ll_usb.c ****       }
 421:Drivers/STM32F4xx_HAL_Driver/Src/stm32f4xx_ll_usb.c ****     }
 422:Drivers/STM32F4xx_HAL_Driver/Src/stm32f4xx_ll_usb.c ****     else
 423:Drivers/STM32F4xx_HAL_Driver/Src/stm32f4xx_ll_usb.c ****     {
 424:Drivers/STM32F4xx_HAL_Driver/Src/stm32f4xx_ll_usb.c ****       USBx_OUTEP(i)->DOEPCTL = 0U;
 425:Drivers/STM32F4xx_HAL_Driver/Src/stm32f4xx_ll_usb.c ****     }
 426:Drivers/STM32F4xx_HAL_Driver/Src/stm32f4xx_ll_usb.c **** 
 427:Drivers/STM32F4xx_HAL_Driver/Src/stm32f4xx_ll_usb.c ****     USBx_OUTEP(i)->DOEPTSIZ = 0U;
 428:Drivers/STM32F4xx_HAL_Driver/Src/stm32f4xx_ll_usb.c ****     USBx_OUTEP(i)->DOEPINT  = 0xFB7FU;
 429:Drivers/STM32F4xx_HAL_Driver/Src/stm32f4xx_ll_usb.c ****   }
ARM GAS  /tmp/ccNXSnaU.s 			page 9


 430:Drivers/STM32F4xx_HAL_Driver/Src/stm32f4xx_ll_usb.c **** 
 431:Drivers/STM32F4xx_HAL_Driver/Src/stm32f4xx_ll_usb.c ****   USBx_DEVICE->DIEPMSK &= ~(USB_OTG_DIEPMSK_TXFURM);
 432:Drivers/STM32F4xx_HAL_Driver/Src/stm32f4xx_ll_usb.c **** 
 433:Drivers/STM32F4xx_HAL_Driver/Src/stm32f4xx_ll_usb.c ****   /* Disable all interrupts. */
 434:Drivers/STM32F4xx_HAL_Driver/Src/stm32f4xx_ll_usb.c ****   USBx->GINTMSK = 0U;
 435:Drivers/STM32F4xx_HAL_Driver/Src/stm32f4xx_ll_usb.c **** 
 436:Drivers/STM32F4xx_HAL_Driver/Src/stm32f4xx_ll_usb.c ****   /* Clear any pending interrupts */
 437:Drivers/STM32F4xx_HAL_Driver/Src/stm32f4xx_ll_usb.c ****   USBx->GINTSTS = 0xBFFFFFFFU;
 438:Drivers/STM32F4xx_HAL_Driver/Src/stm32f4xx_ll_usb.c **** 
 439:Drivers/STM32F4xx_HAL_Driver/Src/stm32f4xx_ll_usb.c ****   /* Enable the common interrupts */
 440:Drivers/STM32F4xx_HAL_Driver/Src/stm32f4xx_ll_usb.c ****   if (cfg.dma_enable == 0U)
 441:Drivers/STM32F4xx_HAL_Driver/Src/stm32f4xx_ll_usb.c ****   {
 442:Drivers/STM32F4xx_HAL_Driver/Src/stm32f4xx_ll_usb.c ****     USBx->GINTMSK |= USB_OTG_GINTMSK_RXFLVLM;
 443:Drivers/STM32F4xx_HAL_Driver/Src/stm32f4xx_ll_usb.c ****   }
 444:Drivers/STM32F4xx_HAL_Driver/Src/stm32f4xx_ll_usb.c **** 
 445:Drivers/STM32F4xx_HAL_Driver/Src/stm32f4xx_ll_usb.c ****   /* Enable interrupts matching to the Device mode ONLY */
 446:Drivers/STM32F4xx_HAL_Driver/Src/stm32f4xx_ll_usb.c ****   USBx->GINTMSK |= USB_OTG_GINTMSK_USBSUSPM | USB_OTG_GINTMSK_USBRST |
 447:Drivers/STM32F4xx_HAL_Driver/Src/stm32f4xx_ll_usb.c ****                    USB_OTG_GINTMSK_ENUMDNEM | USB_OTG_GINTMSK_IEPINT |
 448:Drivers/STM32F4xx_HAL_Driver/Src/stm32f4xx_ll_usb.c ****                    USB_OTG_GINTMSK_OEPINT   | USB_OTG_GINTMSK_IISOIXFRM |
 449:Drivers/STM32F4xx_HAL_Driver/Src/stm32f4xx_ll_usb.c ****                    USB_OTG_GINTMSK_PXFRM_IISOOXFRM | USB_OTG_GINTMSK_WUIM;
 450:Drivers/STM32F4xx_HAL_Driver/Src/stm32f4xx_ll_usb.c **** 
 451:Drivers/STM32F4xx_HAL_Driver/Src/stm32f4xx_ll_usb.c ****   if (cfg.Sof_enable != 0U)
 452:Drivers/STM32F4xx_HAL_Driver/Src/stm32f4xx_ll_usb.c ****   {
 453:Drivers/STM32F4xx_HAL_Driver/Src/stm32f4xx_ll_usb.c ****     USBx->GINTMSK |= USB_OTG_GINTMSK_SOFM;
 454:Drivers/STM32F4xx_HAL_Driver/Src/stm32f4xx_ll_usb.c ****   }
 455:Drivers/STM32F4xx_HAL_Driver/Src/stm32f4xx_ll_usb.c **** 
 456:Drivers/STM32F4xx_HAL_Driver/Src/stm32f4xx_ll_usb.c ****   if (cfg.vbus_sensing_enable == 1U)
 457:Drivers/STM32F4xx_HAL_Driver/Src/stm32f4xx_ll_usb.c ****   {
 458:Drivers/STM32F4xx_HAL_Driver/Src/stm32f4xx_ll_usb.c ****     USBx->GINTMSK |= (USB_OTG_GINTMSK_SRQIM | USB_OTG_GINTMSK_OTGINT);
 459:Drivers/STM32F4xx_HAL_Driver/Src/stm32f4xx_ll_usb.c ****   }
 460:Drivers/STM32F4xx_HAL_Driver/Src/stm32f4xx_ll_usb.c **** 
 461:Drivers/STM32F4xx_HAL_Driver/Src/stm32f4xx_ll_usb.c ****   return ret;
 462:Drivers/STM32F4xx_HAL_Driver/Src/stm32f4xx_ll_usb.c **** }
 463:Drivers/STM32F4xx_HAL_Driver/Src/stm32f4xx_ll_usb.c **** 
 464:Drivers/STM32F4xx_HAL_Driver/Src/stm32f4xx_ll_usb.c **** /**
 465:Drivers/STM32F4xx_HAL_Driver/Src/stm32f4xx_ll_usb.c ****   * @brief  USB_OTG_FlushTxFifo : Flush a Tx FIFO
 466:Drivers/STM32F4xx_HAL_Driver/Src/stm32f4xx_ll_usb.c ****   * @param  USBx  Selected device
 467:Drivers/STM32F4xx_HAL_Driver/Src/stm32f4xx_ll_usb.c ****   * @param  num  FIFO number
 468:Drivers/STM32F4xx_HAL_Driver/Src/stm32f4xx_ll_usb.c ****   *         This parameter can be a value from 1 to 15
 469:Drivers/STM32F4xx_HAL_Driver/Src/stm32f4xx_ll_usb.c ****             15 means Flush all Tx FIFOs
 470:Drivers/STM32F4xx_HAL_Driver/Src/stm32f4xx_ll_usb.c ****   * @retval HAL status
 471:Drivers/STM32F4xx_HAL_Driver/Src/stm32f4xx_ll_usb.c ****   */
 472:Drivers/STM32F4xx_HAL_Driver/Src/stm32f4xx_ll_usb.c **** HAL_StatusTypeDef USB_FlushTxFifo(USB_OTG_GlobalTypeDef *USBx, uint32_t num)
 473:Drivers/STM32F4xx_HAL_Driver/Src/stm32f4xx_ll_usb.c **** {
 474:Drivers/STM32F4xx_HAL_Driver/Src/stm32f4xx_ll_usb.c ****   __IO uint32_t count = 0U;
 475:Drivers/STM32F4xx_HAL_Driver/Src/stm32f4xx_ll_usb.c **** 
 476:Drivers/STM32F4xx_HAL_Driver/Src/stm32f4xx_ll_usb.c ****   USBx->GRSTCTL = (USB_OTG_GRSTCTL_TXFFLSH | (num << 6));
 477:Drivers/STM32F4xx_HAL_Driver/Src/stm32f4xx_ll_usb.c **** 
 478:Drivers/STM32F4xx_HAL_Driver/Src/stm32f4xx_ll_usb.c ****   do
 479:Drivers/STM32F4xx_HAL_Driver/Src/stm32f4xx_ll_usb.c ****   {
 480:Drivers/STM32F4xx_HAL_Driver/Src/stm32f4xx_ll_usb.c ****     if (++count > 200000U)
 481:Drivers/STM32F4xx_HAL_Driver/Src/stm32f4xx_ll_usb.c ****     {
 482:Drivers/STM32F4xx_HAL_Driver/Src/stm32f4xx_ll_usb.c ****       return HAL_TIMEOUT;
 483:Drivers/STM32F4xx_HAL_Driver/Src/stm32f4xx_ll_usb.c ****     }
 484:Drivers/STM32F4xx_HAL_Driver/Src/stm32f4xx_ll_usb.c ****   } while ((USBx->GRSTCTL & USB_OTG_GRSTCTL_TXFFLSH) == USB_OTG_GRSTCTL_TXFFLSH);
 485:Drivers/STM32F4xx_HAL_Driver/Src/stm32f4xx_ll_usb.c **** 
 486:Drivers/STM32F4xx_HAL_Driver/Src/stm32f4xx_ll_usb.c ****   return HAL_OK;
ARM GAS  /tmp/ccNXSnaU.s 			page 10


 487:Drivers/STM32F4xx_HAL_Driver/Src/stm32f4xx_ll_usb.c **** }
 488:Drivers/STM32F4xx_HAL_Driver/Src/stm32f4xx_ll_usb.c **** 
 489:Drivers/STM32F4xx_HAL_Driver/Src/stm32f4xx_ll_usb.c **** /**
 490:Drivers/STM32F4xx_HAL_Driver/Src/stm32f4xx_ll_usb.c ****   * @brief  USB_FlushRxFifo : Flush Rx FIFO
 491:Drivers/STM32F4xx_HAL_Driver/Src/stm32f4xx_ll_usb.c ****   * @param  USBx  Selected device
 492:Drivers/STM32F4xx_HAL_Driver/Src/stm32f4xx_ll_usb.c ****   * @retval HAL status
 493:Drivers/STM32F4xx_HAL_Driver/Src/stm32f4xx_ll_usb.c ****   */
 494:Drivers/STM32F4xx_HAL_Driver/Src/stm32f4xx_ll_usb.c **** HAL_StatusTypeDef USB_FlushRxFifo(USB_OTG_GlobalTypeDef *USBx)
 495:Drivers/STM32F4xx_HAL_Driver/Src/stm32f4xx_ll_usb.c **** {
 496:Drivers/STM32F4xx_HAL_Driver/Src/stm32f4xx_ll_usb.c ****   __IO uint32_t count = 0U;
 497:Drivers/STM32F4xx_HAL_Driver/Src/stm32f4xx_ll_usb.c **** 
 498:Drivers/STM32F4xx_HAL_Driver/Src/stm32f4xx_ll_usb.c ****   USBx->GRSTCTL = USB_OTG_GRSTCTL_RXFFLSH;
 499:Drivers/STM32F4xx_HAL_Driver/Src/stm32f4xx_ll_usb.c **** 
 500:Drivers/STM32F4xx_HAL_Driver/Src/stm32f4xx_ll_usb.c ****   do
 501:Drivers/STM32F4xx_HAL_Driver/Src/stm32f4xx_ll_usb.c ****   {
 502:Drivers/STM32F4xx_HAL_Driver/Src/stm32f4xx_ll_usb.c ****     if (++count > 200000U)
 503:Drivers/STM32F4xx_HAL_Driver/Src/stm32f4xx_ll_usb.c ****     {
 504:Drivers/STM32F4xx_HAL_Driver/Src/stm32f4xx_ll_usb.c ****       return HAL_TIMEOUT;
 505:Drivers/STM32F4xx_HAL_Driver/Src/stm32f4xx_ll_usb.c ****     }
 506:Drivers/STM32F4xx_HAL_Driver/Src/stm32f4xx_ll_usb.c ****   } while ((USBx->GRSTCTL & USB_OTG_GRSTCTL_RXFFLSH) == USB_OTG_GRSTCTL_RXFFLSH);
 507:Drivers/STM32F4xx_HAL_Driver/Src/stm32f4xx_ll_usb.c **** 
 508:Drivers/STM32F4xx_HAL_Driver/Src/stm32f4xx_ll_usb.c ****   return HAL_OK;
 509:Drivers/STM32F4xx_HAL_Driver/Src/stm32f4xx_ll_usb.c **** }
 510:Drivers/STM32F4xx_HAL_Driver/Src/stm32f4xx_ll_usb.c **** 
 511:Drivers/STM32F4xx_HAL_Driver/Src/stm32f4xx_ll_usb.c **** /**
 512:Drivers/STM32F4xx_HAL_Driver/Src/stm32f4xx_ll_usb.c ****   * @brief  USB_SetDevSpeed  Initializes the DevSpd field of DCFG register
 513:Drivers/STM32F4xx_HAL_Driver/Src/stm32f4xx_ll_usb.c ****   *         depending the PHY type and the enumeration speed of the device.
 514:Drivers/STM32F4xx_HAL_Driver/Src/stm32f4xx_ll_usb.c ****   * @param  USBx  Selected device
 515:Drivers/STM32F4xx_HAL_Driver/Src/stm32f4xx_ll_usb.c ****   * @param  speed  device speed
 516:Drivers/STM32F4xx_HAL_Driver/Src/stm32f4xx_ll_usb.c ****   *          This parameter can be one of these values:
 517:Drivers/STM32F4xx_HAL_Driver/Src/stm32f4xx_ll_usb.c ****   *            @arg USB_OTG_SPEED_HIGH: High speed mode
 518:Drivers/STM32F4xx_HAL_Driver/Src/stm32f4xx_ll_usb.c ****   *            @arg USB_OTG_SPEED_HIGH_IN_FULL: High speed core in Full Speed mode
 519:Drivers/STM32F4xx_HAL_Driver/Src/stm32f4xx_ll_usb.c ****   *            @arg USB_OTG_SPEED_FULL: Full speed mode
 520:Drivers/STM32F4xx_HAL_Driver/Src/stm32f4xx_ll_usb.c ****   * @retval  Hal status
 521:Drivers/STM32F4xx_HAL_Driver/Src/stm32f4xx_ll_usb.c ****   */
 522:Drivers/STM32F4xx_HAL_Driver/Src/stm32f4xx_ll_usb.c **** HAL_StatusTypeDef USB_SetDevSpeed(USB_OTG_GlobalTypeDef *USBx, uint8_t speed)
 523:Drivers/STM32F4xx_HAL_Driver/Src/stm32f4xx_ll_usb.c **** {
 524:Drivers/STM32F4xx_HAL_Driver/Src/stm32f4xx_ll_usb.c ****   uint32_t USBx_BASE = (uint32_t)USBx;
 525:Drivers/STM32F4xx_HAL_Driver/Src/stm32f4xx_ll_usb.c **** 
 526:Drivers/STM32F4xx_HAL_Driver/Src/stm32f4xx_ll_usb.c ****   USBx_DEVICE->DCFG |= speed;
 527:Drivers/STM32F4xx_HAL_Driver/Src/stm32f4xx_ll_usb.c ****   return HAL_OK;
 528:Drivers/STM32F4xx_HAL_Driver/Src/stm32f4xx_ll_usb.c **** }
 529:Drivers/STM32F4xx_HAL_Driver/Src/stm32f4xx_ll_usb.c **** 
 530:Drivers/STM32F4xx_HAL_Driver/Src/stm32f4xx_ll_usb.c **** /**
 531:Drivers/STM32F4xx_HAL_Driver/Src/stm32f4xx_ll_usb.c ****   * @brief  USB_GetDevSpeed  Return the Dev Speed
 532:Drivers/STM32F4xx_HAL_Driver/Src/stm32f4xx_ll_usb.c ****   * @param  USBx  Selected device
 533:Drivers/STM32F4xx_HAL_Driver/Src/stm32f4xx_ll_usb.c ****   * @retval speed  device speed
 534:Drivers/STM32F4xx_HAL_Driver/Src/stm32f4xx_ll_usb.c ****   *          This parameter can be one of these values:
 535:Drivers/STM32F4xx_HAL_Driver/Src/stm32f4xx_ll_usb.c ****   *            @arg USBD_HS_SPEED: High speed mode
 536:Drivers/STM32F4xx_HAL_Driver/Src/stm32f4xx_ll_usb.c ****   *            @arg USBD_FS_SPEED: Full speed mode
 537:Drivers/STM32F4xx_HAL_Driver/Src/stm32f4xx_ll_usb.c ****   */
 538:Drivers/STM32F4xx_HAL_Driver/Src/stm32f4xx_ll_usb.c **** uint8_t USB_GetDevSpeed(USB_OTG_GlobalTypeDef *USBx)
 539:Drivers/STM32F4xx_HAL_Driver/Src/stm32f4xx_ll_usb.c **** {
 540:Drivers/STM32F4xx_HAL_Driver/Src/stm32f4xx_ll_usb.c ****   uint32_t USBx_BASE = (uint32_t)USBx;
 541:Drivers/STM32F4xx_HAL_Driver/Src/stm32f4xx_ll_usb.c ****   uint8_t speed;
 542:Drivers/STM32F4xx_HAL_Driver/Src/stm32f4xx_ll_usb.c ****   uint32_t DevEnumSpeed = USBx_DEVICE->DSTS & USB_OTG_DSTS_ENUMSPD;
 543:Drivers/STM32F4xx_HAL_Driver/Src/stm32f4xx_ll_usb.c **** 
ARM GAS  /tmp/ccNXSnaU.s 			page 11


 544:Drivers/STM32F4xx_HAL_Driver/Src/stm32f4xx_ll_usb.c ****   if (DevEnumSpeed == DSTS_ENUMSPD_HS_PHY_30MHZ_OR_60MHZ)
 545:Drivers/STM32F4xx_HAL_Driver/Src/stm32f4xx_ll_usb.c ****   {
 546:Drivers/STM32F4xx_HAL_Driver/Src/stm32f4xx_ll_usb.c ****     speed = USBD_HS_SPEED;
 547:Drivers/STM32F4xx_HAL_Driver/Src/stm32f4xx_ll_usb.c ****   }
 548:Drivers/STM32F4xx_HAL_Driver/Src/stm32f4xx_ll_usb.c ****   else if ((DevEnumSpeed == DSTS_ENUMSPD_FS_PHY_30MHZ_OR_60MHZ) ||
 549:Drivers/STM32F4xx_HAL_Driver/Src/stm32f4xx_ll_usb.c ****            (DevEnumSpeed == DSTS_ENUMSPD_FS_PHY_48MHZ))
 550:Drivers/STM32F4xx_HAL_Driver/Src/stm32f4xx_ll_usb.c ****   {
 551:Drivers/STM32F4xx_HAL_Driver/Src/stm32f4xx_ll_usb.c ****     speed = USBD_FS_SPEED;
 552:Drivers/STM32F4xx_HAL_Driver/Src/stm32f4xx_ll_usb.c ****   }
 553:Drivers/STM32F4xx_HAL_Driver/Src/stm32f4xx_ll_usb.c ****   else
 554:Drivers/STM32F4xx_HAL_Driver/Src/stm32f4xx_ll_usb.c ****   {
 555:Drivers/STM32F4xx_HAL_Driver/Src/stm32f4xx_ll_usb.c ****     speed = 0xFU;
 556:Drivers/STM32F4xx_HAL_Driver/Src/stm32f4xx_ll_usb.c ****   }
 557:Drivers/STM32F4xx_HAL_Driver/Src/stm32f4xx_ll_usb.c **** 
 558:Drivers/STM32F4xx_HAL_Driver/Src/stm32f4xx_ll_usb.c ****   return speed;
 559:Drivers/STM32F4xx_HAL_Driver/Src/stm32f4xx_ll_usb.c **** }
 560:Drivers/STM32F4xx_HAL_Driver/Src/stm32f4xx_ll_usb.c **** 
 561:Drivers/STM32F4xx_HAL_Driver/Src/stm32f4xx_ll_usb.c **** /**
 562:Drivers/STM32F4xx_HAL_Driver/Src/stm32f4xx_ll_usb.c ****   * @brief  Activate and configure an endpoint
 563:Drivers/STM32F4xx_HAL_Driver/Src/stm32f4xx_ll_usb.c ****   * @param  USBx  Selected device
 564:Drivers/STM32F4xx_HAL_Driver/Src/stm32f4xx_ll_usb.c ****   * @param  ep pointer to endpoint structure
 565:Drivers/STM32F4xx_HAL_Driver/Src/stm32f4xx_ll_usb.c ****   * @retval HAL status
 566:Drivers/STM32F4xx_HAL_Driver/Src/stm32f4xx_ll_usb.c ****   */
 567:Drivers/STM32F4xx_HAL_Driver/Src/stm32f4xx_ll_usb.c **** HAL_StatusTypeDef USB_ActivateEndpoint(USB_OTG_GlobalTypeDef *USBx, USB_OTG_EPTypeDef *ep)
 568:Drivers/STM32F4xx_HAL_Driver/Src/stm32f4xx_ll_usb.c **** {
 569:Drivers/STM32F4xx_HAL_Driver/Src/stm32f4xx_ll_usb.c ****   uint32_t USBx_BASE = (uint32_t)USBx;
 570:Drivers/STM32F4xx_HAL_Driver/Src/stm32f4xx_ll_usb.c ****   uint32_t epnum = (uint32_t)ep->num;
 571:Drivers/STM32F4xx_HAL_Driver/Src/stm32f4xx_ll_usb.c **** 
 572:Drivers/STM32F4xx_HAL_Driver/Src/stm32f4xx_ll_usb.c ****   if (ep->is_in == 1U)
 573:Drivers/STM32F4xx_HAL_Driver/Src/stm32f4xx_ll_usb.c ****   {
 574:Drivers/STM32F4xx_HAL_Driver/Src/stm32f4xx_ll_usb.c ****     USBx_DEVICE->DAINTMSK |= USB_OTG_DAINTMSK_IEPM & (uint32_t)(1UL << (ep->num & EP_ADDR_MSK));
 575:Drivers/STM32F4xx_HAL_Driver/Src/stm32f4xx_ll_usb.c **** 
 576:Drivers/STM32F4xx_HAL_Driver/Src/stm32f4xx_ll_usb.c ****     if ((USBx_INEP(epnum)->DIEPCTL & USB_OTG_DIEPCTL_USBAEP) == 0U)
 577:Drivers/STM32F4xx_HAL_Driver/Src/stm32f4xx_ll_usb.c ****     {
 578:Drivers/STM32F4xx_HAL_Driver/Src/stm32f4xx_ll_usb.c ****       USBx_INEP(epnum)->DIEPCTL |= (ep->maxpacket & USB_OTG_DIEPCTL_MPSIZ) |
 579:Drivers/STM32F4xx_HAL_Driver/Src/stm32f4xx_ll_usb.c ****                                    ((uint32_t)ep->type << 18) | (epnum << 22) |
 580:Drivers/STM32F4xx_HAL_Driver/Src/stm32f4xx_ll_usb.c ****                                    USB_OTG_DIEPCTL_SD0PID_SEVNFRM |
 581:Drivers/STM32F4xx_HAL_Driver/Src/stm32f4xx_ll_usb.c ****                                    USB_OTG_DIEPCTL_USBAEP;
 582:Drivers/STM32F4xx_HAL_Driver/Src/stm32f4xx_ll_usb.c ****     }
 583:Drivers/STM32F4xx_HAL_Driver/Src/stm32f4xx_ll_usb.c ****   }
 584:Drivers/STM32F4xx_HAL_Driver/Src/stm32f4xx_ll_usb.c ****   else
 585:Drivers/STM32F4xx_HAL_Driver/Src/stm32f4xx_ll_usb.c ****   {
 586:Drivers/STM32F4xx_HAL_Driver/Src/stm32f4xx_ll_usb.c ****     USBx_DEVICE->DAINTMSK |= USB_OTG_DAINTMSK_OEPM & ((uint32_t)(1UL << (ep->num & EP_ADDR_MSK)) <<
 587:Drivers/STM32F4xx_HAL_Driver/Src/stm32f4xx_ll_usb.c **** 
 588:Drivers/STM32F4xx_HAL_Driver/Src/stm32f4xx_ll_usb.c ****     if (((USBx_OUTEP(epnum)->DOEPCTL) & USB_OTG_DOEPCTL_USBAEP) == 0U)
 589:Drivers/STM32F4xx_HAL_Driver/Src/stm32f4xx_ll_usb.c ****     {
 590:Drivers/STM32F4xx_HAL_Driver/Src/stm32f4xx_ll_usb.c ****       USBx_OUTEP(epnum)->DOEPCTL |= (ep->maxpacket & USB_OTG_DOEPCTL_MPSIZ) |
 591:Drivers/STM32F4xx_HAL_Driver/Src/stm32f4xx_ll_usb.c ****                                     ((uint32_t)ep->type << 18) |
 592:Drivers/STM32F4xx_HAL_Driver/Src/stm32f4xx_ll_usb.c ****                                     USB_OTG_DIEPCTL_SD0PID_SEVNFRM |
 593:Drivers/STM32F4xx_HAL_Driver/Src/stm32f4xx_ll_usb.c ****                                     USB_OTG_DOEPCTL_USBAEP;
 594:Drivers/STM32F4xx_HAL_Driver/Src/stm32f4xx_ll_usb.c ****     }
 595:Drivers/STM32F4xx_HAL_Driver/Src/stm32f4xx_ll_usb.c ****   }
 596:Drivers/STM32F4xx_HAL_Driver/Src/stm32f4xx_ll_usb.c ****   return HAL_OK;
 597:Drivers/STM32F4xx_HAL_Driver/Src/stm32f4xx_ll_usb.c **** }
 598:Drivers/STM32F4xx_HAL_Driver/Src/stm32f4xx_ll_usb.c **** 
 599:Drivers/STM32F4xx_HAL_Driver/Src/stm32f4xx_ll_usb.c **** /**
 600:Drivers/STM32F4xx_HAL_Driver/Src/stm32f4xx_ll_usb.c ****   * @brief  Activate and configure a dedicated endpoint
ARM GAS  /tmp/ccNXSnaU.s 			page 12


 601:Drivers/STM32F4xx_HAL_Driver/Src/stm32f4xx_ll_usb.c ****   * @param  USBx  Selected device
 602:Drivers/STM32F4xx_HAL_Driver/Src/stm32f4xx_ll_usb.c ****   * @param  ep pointer to endpoint structure
 603:Drivers/STM32F4xx_HAL_Driver/Src/stm32f4xx_ll_usb.c ****   * @retval HAL status
 604:Drivers/STM32F4xx_HAL_Driver/Src/stm32f4xx_ll_usb.c ****   */
 605:Drivers/STM32F4xx_HAL_Driver/Src/stm32f4xx_ll_usb.c **** HAL_StatusTypeDef USB_ActivateDedicatedEndpoint(USB_OTG_GlobalTypeDef *USBx, USB_OTG_EPTypeDef *ep)
 606:Drivers/STM32F4xx_HAL_Driver/Src/stm32f4xx_ll_usb.c **** {
 607:Drivers/STM32F4xx_HAL_Driver/Src/stm32f4xx_ll_usb.c ****   uint32_t USBx_BASE = (uint32_t)USBx;
 608:Drivers/STM32F4xx_HAL_Driver/Src/stm32f4xx_ll_usb.c ****   uint32_t epnum = (uint32_t)ep->num;
 609:Drivers/STM32F4xx_HAL_Driver/Src/stm32f4xx_ll_usb.c **** 
 610:Drivers/STM32F4xx_HAL_Driver/Src/stm32f4xx_ll_usb.c ****   /* Read DEPCTLn register */
 611:Drivers/STM32F4xx_HAL_Driver/Src/stm32f4xx_ll_usb.c ****   if (ep->is_in == 1U)
 612:Drivers/STM32F4xx_HAL_Driver/Src/stm32f4xx_ll_usb.c ****   {
 613:Drivers/STM32F4xx_HAL_Driver/Src/stm32f4xx_ll_usb.c ****     if (((USBx_INEP(epnum)->DIEPCTL) & USB_OTG_DIEPCTL_USBAEP) == 0U)
 614:Drivers/STM32F4xx_HAL_Driver/Src/stm32f4xx_ll_usb.c ****     {
 615:Drivers/STM32F4xx_HAL_Driver/Src/stm32f4xx_ll_usb.c ****       USBx_INEP(epnum)->DIEPCTL |= (ep->maxpacket & USB_OTG_DIEPCTL_MPSIZ) |
 616:Drivers/STM32F4xx_HAL_Driver/Src/stm32f4xx_ll_usb.c ****                                    ((uint32_t)ep->type << 18) | (epnum << 22) |
 617:Drivers/STM32F4xx_HAL_Driver/Src/stm32f4xx_ll_usb.c ****                                    USB_OTG_DIEPCTL_SD0PID_SEVNFRM |
 618:Drivers/STM32F4xx_HAL_Driver/Src/stm32f4xx_ll_usb.c ****                                    USB_OTG_DIEPCTL_USBAEP;
 619:Drivers/STM32F4xx_HAL_Driver/Src/stm32f4xx_ll_usb.c ****     }
 620:Drivers/STM32F4xx_HAL_Driver/Src/stm32f4xx_ll_usb.c **** 
 621:Drivers/STM32F4xx_HAL_Driver/Src/stm32f4xx_ll_usb.c ****     USBx_DEVICE->DEACHMSK |= USB_OTG_DAINTMSK_IEPM & (uint32_t)(1UL << (ep->num & EP_ADDR_MSK));
 622:Drivers/STM32F4xx_HAL_Driver/Src/stm32f4xx_ll_usb.c ****   }
 623:Drivers/STM32F4xx_HAL_Driver/Src/stm32f4xx_ll_usb.c ****   else
 624:Drivers/STM32F4xx_HAL_Driver/Src/stm32f4xx_ll_usb.c ****   {
 625:Drivers/STM32F4xx_HAL_Driver/Src/stm32f4xx_ll_usb.c ****     if (((USBx_OUTEP(epnum)->DOEPCTL) & USB_OTG_DOEPCTL_USBAEP) == 0U)
 626:Drivers/STM32F4xx_HAL_Driver/Src/stm32f4xx_ll_usb.c ****     {
 627:Drivers/STM32F4xx_HAL_Driver/Src/stm32f4xx_ll_usb.c ****       USBx_OUTEP(epnum)->DOEPCTL |= (ep->maxpacket & USB_OTG_DOEPCTL_MPSIZ) |
 628:Drivers/STM32F4xx_HAL_Driver/Src/stm32f4xx_ll_usb.c ****                                     ((uint32_t)ep->type << 18) | (epnum << 22) |
 629:Drivers/STM32F4xx_HAL_Driver/Src/stm32f4xx_ll_usb.c ****                                     USB_OTG_DOEPCTL_USBAEP;
 630:Drivers/STM32F4xx_HAL_Driver/Src/stm32f4xx_ll_usb.c ****     }
 631:Drivers/STM32F4xx_HAL_Driver/Src/stm32f4xx_ll_usb.c **** 
 632:Drivers/STM32F4xx_HAL_Driver/Src/stm32f4xx_ll_usb.c ****     USBx_DEVICE->DEACHMSK |= USB_OTG_DAINTMSK_OEPM & ((uint32_t)(1UL << (ep->num & EP_ADDR_MSK)) <<
 633:Drivers/STM32F4xx_HAL_Driver/Src/stm32f4xx_ll_usb.c ****   }
 634:Drivers/STM32F4xx_HAL_Driver/Src/stm32f4xx_ll_usb.c **** 
 635:Drivers/STM32F4xx_HAL_Driver/Src/stm32f4xx_ll_usb.c ****   return HAL_OK;
 636:Drivers/STM32F4xx_HAL_Driver/Src/stm32f4xx_ll_usb.c **** }
 637:Drivers/STM32F4xx_HAL_Driver/Src/stm32f4xx_ll_usb.c **** 
 638:Drivers/STM32F4xx_HAL_Driver/Src/stm32f4xx_ll_usb.c **** /**
 639:Drivers/STM32F4xx_HAL_Driver/Src/stm32f4xx_ll_usb.c ****   * @brief  De-activate and de-initialize an endpoint
 640:Drivers/STM32F4xx_HAL_Driver/Src/stm32f4xx_ll_usb.c ****   * @param  USBx  Selected device
 641:Drivers/STM32F4xx_HAL_Driver/Src/stm32f4xx_ll_usb.c ****   * @param  ep pointer to endpoint structure
 642:Drivers/STM32F4xx_HAL_Driver/Src/stm32f4xx_ll_usb.c ****   * @retval HAL status
 643:Drivers/STM32F4xx_HAL_Driver/Src/stm32f4xx_ll_usb.c ****   */
 644:Drivers/STM32F4xx_HAL_Driver/Src/stm32f4xx_ll_usb.c **** HAL_StatusTypeDef USB_DeactivateEndpoint(USB_OTG_GlobalTypeDef *USBx, USB_OTG_EPTypeDef *ep)
 645:Drivers/STM32F4xx_HAL_Driver/Src/stm32f4xx_ll_usb.c **** {
 646:Drivers/STM32F4xx_HAL_Driver/Src/stm32f4xx_ll_usb.c ****   uint32_t USBx_BASE = (uint32_t)USBx;
 647:Drivers/STM32F4xx_HAL_Driver/Src/stm32f4xx_ll_usb.c ****   uint32_t epnum = (uint32_t)ep->num;
 648:Drivers/STM32F4xx_HAL_Driver/Src/stm32f4xx_ll_usb.c **** 
 649:Drivers/STM32F4xx_HAL_Driver/Src/stm32f4xx_ll_usb.c ****   /* Read DEPCTLn register */
 650:Drivers/STM32F4xx_HAL_Driver/Src/stm32f4xx_ll_usb.c ****   if (ep->is_in == 1U)
 651:Drivers/STM32F4xx_HAL_Driver/Src/stm32f4xx_ll_usb.c ****   {
 652:Drivers/STM32F4xx_HAL_Driver/Src/stm32f4xx_ll_usb.c ****     if ((USBx_INEP(epnum)->DIEPCTL & USB_OTG_DIEPCTL_EPENA) == USB_OTG_DIEPCTL_EPENA)
 653:Drivers/STM32F4xx_HAL_Driver/Src/stm32f4xx_ll_usb.c ****     {
 654:Drivers/STM32F4xx_HAL_Driver/Src/stm32f4xx_ll_usb.c ****       USBx_INEP(epnum)->DIEPCTL |= USB_OTG_DIEPCTL_SNAK;
 655:Drivers/STM32F4xx_HAL_Driver/Src/stm32f4xx_ll_usb.c ****       USBx_INEP(epnum)->DIEPCTL |= USB_OTG_DIEPCTL_EPDIS;
 656:Drivers/STM32F4xx_HAL_Driver/Src/stm32f4xx_ll_usb.c ****     }
 657:Drivers/STM32F4xx_HAL_Driver/Src/stm32f4xx_ll_usb.c **** 
ARM GAS  /tmp/ccNXSnaU.s 			page 13


 658:Drivers/STM32F4xx_HAL_Driver/Src/stm32f4xx_ll_usb.c ****     USBx_DEVICE->DEACHMSK &= ~(USB_OTG_DAINTMSK_IEPM & (uint32_t)(1UL << (ep->num & EP_ADDR_MSK)));
 659:Drivers/STM32F4xx_HAL_Driver/Src/stm32f4xx_ll_usb.c ****     USBx_DEVICE->DAINTMSK &= ~(USB_OTG_DAINTMSK_IEPM & (uint32_t)(1UL << (ep->num & EP_ADDR_MSK)));
 660:Drivers/STM32F4xx_HAL_Driver/Src/stm32f4xx_ll_usb.c ****     USBx_INEP(epnum)->DIEPCTL &= ~(USB_OTG_DIEPCTL_USBAEP |
 661:Drivers/STM32F4xx_HAL_Driver/Src/stm32f4xx_ll_usb.c ****                                    USB_OTG_DIEPCTL_MPSIZ |
 662:Drivers/STM32F4xx_HAL_Driver/Src/stm32f4xx_ll_usb.c ****                                    USB_OTG_DIEPCTL_TXFNUM |
 663:Drivers/STM32F4xx_HAL_Driver/Src/stm32f4xx_ll_usb.c ****                                    USB_OTG_DIEPCTL_SD0PID_SEVNFRM |
 664:Drivers/STM32F4xx_HAL_Driver/Src/stm32f4xx_ll_usb.c ****                                    USB_OTG_DIEPCTL_EPTYP);
 665:Drivers/STM32F4xx_HAL_Driver/Src/stm32f4xx_ll_usb.c ****   }
 666:Drivers/STM32F4xx_HAL_Driver/Src/stm32f4xx_ll_usb.c ****   else
 667:Drivers/STM32F4xx_HAL_Driver/Src/stm32f4xx_ll_usb.c ****   {
 668:Drivers/STM32F4xx_HAL_Driver/Src/stm32f4xx_ll_usb.c ****     if ((USBx_OUTEP(epnum)->DOEPCTL & USB_OTG_DOEPCTL_EPENA) == USB_OTG_DOEPCTL_EPENA)
 669:Drivers/STM32F4xx_HAL_Driver/Src/stm32f4xx_ll_usb.c ****     {
 670:Drivers/STM32F4xx_HAL_Driver/Src/stm32f4xx_ll_usb.c ****       USBx_OUTEP(epnum)->DOEPCTL |= USB_OTG_DOEPCTL_SNAK;
 671:Drivers/STM32F4xx_HAL_Driver/Src/stm32f4xx_ll_usb.c ****       USBx_OUTEP(epnum)->DOEPCTL |= USB_OTG_DOEPCTL_EPDIS;
 672:Drivers/STM32F4xx_HAL_Driver/Src/stm32f4xx_ll_usb.c ****     }
 673:Drivers/STM32F4xx_HAL_Driver/Src/stm32f4xx_ll_usb.c **** 
 674:Drivers/STM32F4xx_HAL_Driver/Src/stm32f4xx_ll_usb.c ****     USBx_DEVICE->DEACHMSK &= ~(USB_OTG_DAINTMSK_OEPM & ((uint32_t)(1UL << (ep->num & EP_ADDR_MSK)) 
 675:Drivers/STM32F4xx_HAL_Driver/Src/stm32f4xx_ll_usb.c ****     USBx_DEVICE->DAINTMSK &= ~(USB_OTG_DAINTMSK_OEPM & ((uint32_t)(1UL << (ep->num & EP_ADDR_MSK)) 
 676:Drivers/STM32F4xx_HAL_Driver/Src/stm32f4xx_ll_usb.c ****     USBx_OUTEP(epnum)->DOEPCTL &= ~(USB_OTG_DOEPCTL_USBAEP |
 677:Drivers/STM32F4xx_HAL_Driver/Src/stm32f4xx_ll_usb.c ****                                     USB_OTG_DOEPCTL_MPSIZ |
 678:Drivers/STM32F4xx_HAL_Driver/Src/stm32f4xx_ll_usb.c ****                                     USB_OTG_DOEPCTL_SD0PID_SEVNFRM |
 679:Drivers/STM32F4xx_HAL_Driver/Src/stm32f4xx_ll_usb.c ****                                     USB_OTG_DOEPCTL_EPTYP);
 680:Drivers/STM32F4xx_HAL_Driver/Src/stm32f4xx_ll_usb.c ****   }
 681:Drivers/STM32F4xx_HAL_Driver/Src/stm32f4xx_ll_usb.c **** 
 682:Drivers/STM32F4xx_HAL_Driver/Src/stm32f4xx_ll_usb.c ****   return HAL_OK;
 683:Drivers/STM32F4xx_HAL_Driver/Src/stm32f4xx_ll_usb.c **** }
 684:Drivers/STM32F4xx_HAL_Driver/Src/stm32f4xx_ll_usb.c **** 
 685:Drivers/STM32F4xx_HAL_Driver/Src/stm32f4xx_ll_usb.c **** /**
 686:Drivers/STM32F4xx_HAL_Driver/Src/stm32f4xx_ll_usb.c ****   * @brief  De-activate and de-initialize a dedicated endpoint
 687:Drivers/STM32F4xx_HAL_Driver/Src/stm32f4xx_ll_usb.c ****   * @param  USBx  Selected device
 688:Drivers/STM32F4xx_HAL_Driver/Src/stm32f4xx_ll_usb.c ****   * @param  ep pointer to endpoint structure
 689:Drivers/STM32F4xx_HAL_Driver/Src/stm32f4xx_ll_usb.c ****   * @retval HAL status
 690:Drivers/STM32F4xx_HAL_Driver/Src/stm32f4xx_ll_usb.c ****   */
 691:Drivers/STM32F4xx_HAL_Driver/Src/stm32f4xx_ll_usb.c **** HAL_StatusTypeDef USB_DeactivateDedicatedEndpoint(USB_OTG_GlobalTypeDef *USBx, USB_OTG_EPTypeDef *e
 692:Drivers/STM32F4xx_HAL_Driver/Src/stm32f4xx_ll_usb.c **** {
 693:Drivers/STM32F4xx_HAL_Driver/Src/stm32f4xx_ll_usb.c ****   uint32_t USBx_BASE = (uint32_t)USBx;
 694:Drivers/STM32F4xx_HAL_Driver/Src/stm32f4xx_ll_usb.c ****   uint32_t epnum = (uint32_t)ep->num;
 695:Drivers/STM32F4xx_HAL_Driver/Src/stm32f4xx_ll_usb.c **** 
 696:Drivers/STM32F4xx_HAL_Driver/Src/stm32f4xx_ll_usb.c ****   /* Read DEPCTLn register */
 697:Drivers/STM32F4xx_HAL_Driver/Src/stm32f4xx_ll_usb.c ****   if (ep->is_in == 1U)
 698:Drivers/STM32F4xx_HAL_Driver/Src/stm32f4xx_ll_usb.c ****   {
 699:Drivers/STM32F4xx_HAL_Driver/Src/stm32f4xx_ll_usb.c ****     if ((USBx_INEP(epnum)->DIEPCTL & USB_OTG_DIEPCTL_EPENA) == USB_OTG_DIEPCTL_EPENA)
 700:Drivers/STM32F4xx_HAL_Driver/Src/stm32f4xx_ll_usb.c ****     {
 701:Drivers/STM32F4xx_HAL_Driver/Src/stm32f4xx_ll_usb.c ****       USBx_INEP(epnum)->DIEPCTL  |= USB_OTG_DIEPCTL_SNAK;
 702:Drivers/STM32F4xx_HAL_Driver/Src/stm32f4xx_ll_usb.c ****       USBx_INEP(epnum)->DIEPCTL  |= USB_OTG_DIEPCTL_EPDIS;
 703:Drivers/STM32F4xx_HAL_Driver/Src/stm32f4xx_ll_usb.c ****     }
 704:Drivers/STM32F4xx_HAL_Driver/Src/stm32f4xx_ll_usb.c **** 
 705:Drivers/STM32F4xx_HAL_Driver/Src/stm32f4xx_ll_usb.c ****     USBx_INEP(epnum)->DIEPCTL &= ~ USB_OTG_DIEPCTL_USBAEP;
 706:Drivers/STM32F4xx_HAL_Driver/Src/stm32f4xx_ll_usb.c ****     USBx_DEVICE->DAINTMSK &= ~(USB_OTG_DAINTMSK_IEPM & (uint32_t)(1UL << (ep->num & EP_ADDR_MSK)));
 707:Drivers/STM32F4xx_HAL_Driver/Src/stm32f4xx_ll_usb.c ****   }
 708:Drivers/STM32F4xx_HAL_Driver/Src/stm32f4xx_ll_usb.c ****   else
 709:Drivers/STM32F4xx_HAL_Driver/Src/stm32f4xx_ll_usb.c ****   {
 710:Drivers/STM32F4xx_HAL_Driver/Src/stm32f4xx_ll_usb.c ****     if ((USBx_OUTEP(epnum)->DOEPCTL & USB_OTG_DOEPCTL_EPENA) == USB_OTG_DOEPCTL_EPENA)
 711:Drivers/STM32F4xx_HAL_Driver/Src/stm32f4xx_ll_usb.c ****     {
 712:Drivers/STM32F4xx_HAL_Driver/Src/stm32f4xx_ll_usb.c ****       USBx_OUTEP(epnum)->DOEPCTL  |= USB_OTG_DOEPCTL_SNAK;
 713:Drivers/STM32F4xx_HAL_Driver/Src/stm32f4xx_ll_usb.c ****       USBx_OUTEP(epnum)->DOEPCTL  |= USB_OTG_DOEPCTL_EPDIS;
 714:Drivers/STM32F4xx_HAL_Driver/Src/stm32f4xx_ll_usb.c ****     }
ARM GAS  /tmp/ccNXSnaU.s 			page 14


 715:Drivers/STM32F4xx_HAL_Driver/Src/stm32f4xx_ll_usb.c **** 
 716:Drivers/STM32F4xx_HAL_Driver/Src/stm32f4xx_ll_usb.c ****     USBx_OUTEP(epnum)->DOEPCTL &= ~USB_OTG_DOEPCTL_USBAEP;
 717:Drivers/STM32F4xx_HAL_Driver/Src/stm32f4xx_ll_usb.c ****     USBx_DEVICE->DAINTMSK &= ~(USB_OTG_DAINTMSK_OEPM & ((uint32_t)(1UL << (ep->num & EP_ADDR_MSK)) 
 718:Drivers/STM32F4xx_HAL_Driver/Src/stm32f4xx_ll_usb.c ****   }
 719:Drivers/STM32F4xx_HAL_Driver/Src/stm32f4xx_ll_usb.c **** 
 720:Drivers/STM32F4xx_HAL_Driver/Src/stm32f4xx_ll_usb.c ****   return HAL_OK;
 721:Drivers/STM32F4xx_HAL_Driver/Src/stm32f4xx_ll_usb.c **** }
 722:Drivers/STM32F4xx_HAL_Driver/Src/stm32f4xx_ll_usb.c **** 
 723:Drivers/STM32F4xx_HAL_Driver/Src/stm32f4xx_ll_usb.c **** /**
 724:Drivers/STM32F4xx_HAL_Driver/Src/stm32f4xx_ll_usb.c ****   * @brief  USB_EPStartXfer : setup and starts a transfer over an EP
 725:Drivers/STM32F4xx_HAL_Driver/Src/stm32f4xx_ll_usb.c ****   * @param  USBx  Selected device
 726:Drivers/STM32F4xx_HAL_Driver/Src/stm32f4xx_ll_usb.c ****   * @param  ep pointer to endpoint structure
 727:Drivers/STM32F4xx_HAL_Driver/Src/stm32f4xx_ll_usb.c ****   * @param  dma USB dma enabled or disabled
 728:Drivers/STM32F4xx_HAL_Driver/Src/stm32f4xx_ll_usb.c ****   *          This parameter can be one of these values:
 729:Drivers/STM32F4xx_HAL_Driver/Src/stm32f4xx_ll_usb.c ****   *           0 : DMA feature not used
 730:Drivers/STM32F4xx_HAL_Driver/Src/stm32f4xx_ll_usb.c ****   *           1 : DMA feature used
 731:Drivers/STM32F4xx_HAL_Driver/Src/stm32f4xx_ll_usb.c ****   * @retval HAL status
 732:Drivers/STM32F4xx_HAL_Driver/Src/stm32f4xx_ll_usb.c ****   */
 733:Drivers/STM32F4xx_HAL_Driver/Src/stm32f4xx_ll_usb.c **** HAL_StatusTypeDef USB_EPStartXfer(USB_OTG_GlobalTypeDef *USBx, USB_OTG_EPTypeDef *ep, uint8_t dma)
 734:Drivers/STM32F4xx_HAL_Driver/Src/stm32f4xx_ll_usb.c **** {
 735:Drivers/STM32F4xx_HAL_Driver/Src/stm32f4xx_ll_usb.c ****   uint32_t USBx_BASE = (uint32_t)USBx;
 736:Drivers/STM32F4xx_HAL_Driver/Src/stm32f4xx_ll_usb.c ****   uint32_t epnum = (uint32_t)ep->num;
 737:Drivers/STM32F4xx_HAL_Driver/Src/stm32f4xx_ll_usb.c ****   uint16_t pktcnt;
 738:Drivers/STM32F4xx_HAL_Driver/Src/stm32f4xx_ll_usb.c **** 
 739:Drivers/STM32F4xx_HAL_Driver/Src/stm32f4xx_ll_usb.c ****   /* IN endpoint */
 740:Drivers/STM32F4xx_HAL_Driver/Src/stm32f4xx_ll_usb.c ****   if (ep->is_in == 1U)
 741:Drivers/STM32F4xx_HAL_Driver/Src/stm32f4xx_ll_usb.c ****   {
 742:Drivers/STM32F4xx_HAL_Driver/Src/stm32f4xx_ll_usb.c ****     /* Zero Length Packet? */
 743:Drivers/STM32F4xx_HAL_Driver/Src/stm32f4xx_ll_usb.c ****     if (ep->xfer_len == 0U)
 744:Drivers/STM32F4xx_HAL_Driver/Src/stm32f4xx_ll_usb.c ****     {
 745:Drivers/STM32F4xx_HAL_Driver/Src/stm32f4xx_ll_usb.c ****       USBx_INEP(epnum)->DIEPTSIZ &= ~(USB_OTG_DIEPTSIZ_PKTCNT);
 746:Drivers/STM32F4xx_HAL_Driver/Src/stm32f4xx_ll_usb.c ****       USBx_INEP(epnum)->DIEPTSIZ |= (USB_OTG_DIEPTSIZ_PKTCNT & (1U << 19));
 747:Drivers/STM32F4xx_HAL_Driver/Src/stm32f4xx_ll_usb.c ****       USBx_INEP(epnum)->DIEPTSIZ &= ~(USB_OTG_DIEPTSIZ_XFRSIZ);
 748:Drivers/STM32F4xx_HAL_Driver/Src/stm32f4xx_ll_usb.c ****     }
 749:Drivers/STM32F4xx_HAL_Driver/Src/stm32f4xx_ll_usb.c ****     else
 750:Drivers/STM32F4xx_HAL_Driver/Src/stm32f4xx_ll_usb.c ****     {
 751:Drivers/STM32F4xx_HAL_Driver/Src/stm32f4xx_ll_usb.c ****       /* Program the transfer size and packet count
 752:Drivers/STM32F4xx_HAL_Driver/Src/stm32f4xx_ll_usb.c ****       * as follows: xfersize = N * maxpacket +
 753:Drivers/STM32F4xx_HAL_Driver/Src/stm32f4xx_ll_usb.c ****       * short_packet pktcnt = N + (short_packet
 754:Drivers/STM32F4xx_HAL_Driver/Src/stm32f4xx_ll_usb.c ****       * exist ? 1 : 0)
 755:Drivers/STM32F4xx_HAL_Driver/Src/stm32f4xx_ll_usb.c ****       */
 756:Drivers/STM32F4xx_HAL_Driver/Src/stm32f4xx_ll_usb.c ****       USBx_INEP(epnum)->DIEPTSIZ &= ~(USB_OTG_DIEPTSIZ_XFRSIZ);
 757:Drivers/STM32F4xx_HAL_Driver/Src/stm32f4xx_ll_usb.c ****       USBx_INEP(epnum)->DIEPTSIZ &= ~(USB_OTG_DIEPTSIZ_PKTCNT);
 758:Drivers/STM32F4xx_HAL_Driver/Src/stm32f4xx_ll_usb.c ****       USBx_INEP(epnum)->DIEPTSIZ |= (USB_OTG_DIEPTSIZ_PKTCNT &
 759:Drivers/STM32F4xx_HAL_Driver/Src/stm32f4xx_ll_usb.c ****                                      (((ep->xfer_len + ep->maxpacket - 1U) / ep->maxpacket) << 19))
 760:Drivers/STM32F4xx_HAL_Driver/Src/stm32f4xx_ll_usb.c **** 
 761:Drivers/STM32F4xx_HAL_Driver/Src/stm32f4xx_ll_usb.c ****       USBx_INEP(epnum)->DIEPTSIZ |= (USB_OTG_DIEPTSIZ_XFRSIZ & ep->xfer_len);
 762:Drivers/STM32F4xx_HAL_Driver/Src/stm32f4xx_ll_usb.c **** 
 763:Drivers/STM32F4xx_HAL_Driver/Src/stm32f4xx_ll_usb.c ****       if (ep->type == EP_TYPE_ISOC)
 764:Drivers/STM32F4xx_HAL_Driver/Src/stm32f4xx_ll_usb.c ****       {
 765:Drivers/STM32F4xx_HAL_Driver/Src/stm32f4xx_ll_usb.c ****         USBx_INEP(epnum)->DIEPTSIZ &= ~(USB_OTG_DIEPTSIZ_MULCNT);
 766:Drivers/STM32F4xx_HAL_Driver/Src/stm32f4xx_ll_usb.c ****         USBx_INEP(epnum)->DIEPTSIZ |= (USB_OTG_DIEPTSIZ_MULCNT & (1U << 29));
 767:Drivers/STM32F4xx_HAL_Driver/Src/stm32f4xx_ll_usb.c ****       }
 768:Drivers/STM32F4xx_HAL_Driver/Src/stm32f4xx_ll_usb.c ****     }
 769:Drivers/STM32F4xx_HAL_Driver/Src/stm32f4xx_ll_usb.c **** 
 770:Drivers/STM32F4xx_HAL_Driver/Src/stm32f4xx_ll_usb.c ****     if (dma == 1U)
 771:Drivers/STM32F4xx_HAL_Driver/Src/stm32f4xx_ll_usb.c ****     {
ARM GAS  /tmp/ccNXSnaU.s 			page 15


 772:Drivers/STM32F4xx_HAL_Driver/Src/stm32f4xx_ll_usb.c ****       if ((uint32_t)ep->dma_addr != 0U)
 773:Drivers/STM32F4xx_HAL_Driver/Src/stm32f4xx_ll_usb.c ****       {
 774:Drivers/STM32F4xx_HAL_Driver/Src/stm32f4xx_ll_usb.c ****         USBx_INEP(epnum)->DIEPDMA = (uint32_t)(ep->dma_addr);
 775:Drivers/STM32F4xx_HAL_Driver/Src/stm32f4xx_ll_usb.c ****       }
 776:Drivers/STM32F4xx_HAL_Driver/Src/stm32f4xx_ll_usb.c **** 
 777:Drivers/STM32F4xx_HAL_Driver/Src/stm32f4xx_ll_usb.c ****       if (ep->type == EP_TYPE_ISOC)
 778:Drivers/STM32F4xx_HAL_Driver/Src/stm32f4xx_ll_usb.c ****       {
 779:Drivers/STM32F4xx_HAL_Driver/Src/stm32f4xx_ll_usb.c ****         if ((USBx_DEVICE->DSTS & (1U << 8)) == 0U)
 780:Drivers/STM32F4xx_HAL_Driver/Src/stm32f4xx_ll_usb.c ****         {
 781:Drivers/STM32F4xx_HAL_Driver/Src/stm32f4xx_ll_usb.c ****           USBx_INEP(epnum)->DIEPCTL |= USB_OTG_DIEPCTL_SODDFRM;
 782:Drivers/STM32F4xx_HAL_Driver/Src/stm32f4xx_ll_usb.c ****         }
 783:Drivers/STM32F4xx_HAL_Driver/Src/stm32f4xx_ll_usb.c ****         else
 784:Drivers/STM32F4xx_HAL_Driver/Src/stm32f4xx_ll_usb.c ****         {
 785:Drivers/STM32F4xx_HAL_Driver/Src/stm32f4xx_ll_usb.c ****           USBx_INEP(epnum)->DIEPCTL |= USB_OTG_DIEPCTL_SD0PID_SEVNFRM;
 786:Drivers/STM32F4xx_HAL_Driver/Src/stm32f4xx_ll_usb.c ****         }
 787:Drivers/STM32F4xx_HAL_Driver/Src/stm32f4xx_ll_usb.c ****       }
 788:Drivers/STM32F4xx_HAL_Driver/Src/stm32f4xx_ll_usb.c **** 
 789:Drivers/STM32F4xx_HAL_Driver/Src/stm32f4xx_ll_usb.c ****       /* EP enable, IN data in FIFO */
 790:Drivers/STM32F4xx_HAL_Driver/Src/stm32f4xx_ll_usb.c ****       USBx_INEP(epnum)->DIEPCTL |= (USB_OTG_DIEPCTL_CNAK | USB_OTG_DIEPCTL_EPENA);
 791:Drivers/STM32F4xx_HAL_Driver/Src/stm32f4xx_ll_usb.c ****     }
 792:Drivers/STM32F4xx_HAL_Driver/Src/stm32f4xx_ll_usb.c ****     else
 793:Drivers/STM32F4xx_HAL_Driver/Src/stm32f4xx_ll_usb.c ****     {
 794:Drivers/STM32F4xx_HAL_Driver/Src/stm32f4xx_ll_usb.c ****       /* EP enable, IN data in FIFO */
 795:Drivers/STM32F4xx_HAL_Driver/Src/stm32f4xx_ll_usb.c ****       USBx_INEP(epnum)->DIEPCTL |= (USB_OTG_DIEPCTL_CNAK | USB_OTG_DIEPCTL_EPENA);
 796:Drivers/STM32F4xx_HAL_Driver/Src/stm32f4xx_ll_usb.c **** 
 797:Drivers/STM32F4xx_HAL_Driver/Src/stm32f4xx_ll_usb.c ****       if (ep->type != EP_TYPE_ISOC)
 798:Drivers/STM32F4xx_HAL_Driver/Src/stm32f4xx_ll_usb.c ****       {
 799:Drivers/STM32F4xx_HAL_Driver/Src/stm32f4xx_ll_usb.c ****         /* Enable the Tx FIFO Empty Interrupt for this EP */
 800:Drivers/STM32F4xx_HAL_Driver/Src/stm32f4xx_ll_usb.c ****         if (ep->xfer_len > 0U)
 801:Drivers/STM32F4xx_HAL_Driver/Src/stm32f4xx_ll_usb.c ****         {
 802:Drivers/STM32F4xx_HAL_Driver/Src/stm32f4xx_ll_usb.c ****           USBx_DEVICE->DIEPEMPMSK |= 1UL << (ep->num & EP_ADDR_MSK);
 803:Drivers/STM32F4xx_HAL_Driver/Src/stm32f4xx_ll_usb.c ****         }
 804:Drivers/STM32F4xx_HAL_Driver/Src/stm32f4xx_ll_usb.c ****       }
 805:Drivers/STM32F4xx_HAL_Driver/Src/stm32f4xx_ll_usb.c ****       else
 806:Drivers/STM32F4xx_HAL_Driver/Src/stm32f4xx_ll_usb.c ****       {
 807:Drivers/STM32F4xx_HAL_Driver/Src/stm32f4xx_ll_usb.c ****         if ((USBx_DEVICE->DSTS & (1U << 8)) == 0U)
 808:Drivers/STM32F4xx_HAL_Driver/Src/stm32f4xx_ll_usb.c ****         {
 809:Drivers/STM32F4xx_HAL_Driver/Src/stm32f4xx_ll_usb.c ****           USBx_INEP(epnum)->DIEPCTL |= USB_OTG_DIEPCTL_SODDFRM;
 810:Drivers/STM32F4xx_HAL_Driver/Src/stm32f4xx_ll_usb.c ****         }
 811:Drivers/STM32F4xx_HAL_Driver/Src/stm32f4xx_ll_usb.c ****         else
 812:Drivers/STM32F4xx_HAL_Driver/Src/stm32f4xx_ll_usb.c ****         {
 813:Drivers/STM32F4xx_HAL_Driver/Src/stm32f4xx_ll_usb.c ****           USBx_INEP(epnum)->DIEPCTL |= USB_OTG_DIEPCTL_SD0PID_SEVNFRM;
 814:Drivers/STM32F4xx_HAL_Driver/Src/stm32f4xx_ll_usb.c ****         }
 815:Drivers/STM32F4xx_HAL_Driver/Src/stm32f4xx_ll_usb.c **** 
 816:Drivers/STM32F4xx_HAL_Driver/Src/stm32f4xx_ll_usb.c ****         (void)USB_WritePacket(USBx, ep->xfer_buff, ep->num, (uint16_t)ep->xfer_len, dma);
 817:Drivers/STM32F4xx_HAL_Driver/Src/stm32f4xx_ll_usb.c ****       }
 818:Drivers/STM32F4xx_HAL_Driver/Src/stm32f4xx_ll_usb.c ****     }
 819:Drivers/STM32F4xx_HAL_Driver/Src/stm32f4xx_ll_usb.c ****   }
 820:Drivers/STM32F4xx_HAL_Driver/Src/stm32f4xx_ll_usb.c ****   else /* OUT endpoint */
 821:Drivers/STM32F4xx_HAL_Driver/Src/stm32f4xx_ll_usb.c ****   {
 822:Drivers/STM32F4xx_HAL_Driver/Src/stm32f4xx_ll_usb.c ****     /* Program the transfer size and packet count as follows:
 823:Drivers/STM32F4xx_HAL_Driver/Src/stm32f4xx_ll_usb.c ****     * pktcnt = N
 824:Drivers/STM32F4xx_HAL_Driver/Src/stm32f4xx_ll_usb.c ****     * xfersize = N * maxpacket
 825:Drivers/STM32F4xx_HAL_Driver/Src/stm32f4xx_ll_usb.c ****     */
 826:Drivers/STM32F4xx_HAL_Driver/Src/stm32f4xx_ll_usb.c ****     USBx_OUTEP(epnum)->DOEPTSIZ &= ~(USB_OTG_DOEPTSIZ_XFRSIZ);
 827:Drivers/STM32F4xx_HAL_Driver/Src/stm32f4xx_ll_usb.c ****     USBx_OUTEP(epnum)->DOEPTSIZ &= ~(USB_OTG_DOEPTSIZ_PKTCNT);
 828:Drivers/STM32F4xx_HAL_Driver/Src/stm32f4xx_ll_usb.c **** 
ARM GAS  /tmp/ccNXSnaU.s 			page 16


 829:Drivers/STM32F4xx_HAL_Driver/Src/stm32f4xx_ll_usb.c ****     if (ep->xfer_len == 0U)
 830:Drivers/STM32F4xx_HAL_Driver/Src/stm32f4xx_ll_usb.c ****     {
 831:Drivers/STM32F4xx_HAL_Driver/Src/stm32f4xx_ll_usb.c ****       USBx_OUTEP(epnum)->DOEPTSIZ |= (USB_OTG_DOEPTSIZ_XFRSIZ & ep->maxpacket);
 832:Drivers/STM32F4xx_HAL_Driver/Src/stm32f4xx_ll_usb.c ****       USBx_OUTEP(epnum)->DOEPTSIZ |= (USB_OTG_DOEPTSIZ_PKTCNT & (1U << 19));
 833:Drivers/STM32F4xx_HAL_Driver/Src/stm32f4xx_ll_usb.c ****     }
 834:Drivers/STM32F4xx_HAL_Driver/Src/stm32f4xx_ll_usb.c ****     else
 835:Drivers/STM32F4xx_HAL_Driver/Src/stm32f4xx_ll_usb.c ****     {
 836:Drivers/STM32F4xx_HAL_Driver/Src/stm32f4xx_ll_usb.c ****       pktcnt = (uint16_t)((ep->xfer_len + ep->maxpacket - 1U) / ep->maxpacket);
 837:Drivers/STM32F4xx_HAL_Driver/Src/stm32f4xx_ll_usb.c ****       USBx_OUTEP(epnum)->DOEPTSIZ |= USB_OTG_DOEPTSIZ_PKTCNT & ((uint32_t)pktcnt << 19);
 838:Drivers/STM32F4xx_HAL_Driver/Src/stm32f4xx_ll_usb.c ****       USBx_OUTEP(epnum)->DOEPTSIZ |= USB_OTG_DOEPTSIZ_XFRSIZ & (ep->maxpacket * pktcnt);
 839:Drivers/STM32F4xx_HAL_Driver/Src/stm32f4xx_ll_usb.c ****     }
 840:Drivers/STM32F4xx_HAL_Driver/Src/stm32f4xx_ll_usb.c **** 
 841:Drivers/STM32F4xx_HAL_Driver/Src/stm32f4xx_ll_usb.c ****     if (dma == 1U)
 842:Drivers/STM32F4xx_HAL_Driver/Src/stm32f4xx_ll_usb.c ****     {
 843:Drivers/STM32F4xx_HAL_Driver/Src/stm32f4xx_ll_usb.c ****       if ((uint32_t)ep->xfer_buff != 0U)
 844:Drivers/STM32F4xx_HAL_Driver/Src/stm32f4xx_ll_usb.c ****       {
 845:Drivers/STM32F4xx_HAL_Driver/Src/stm32f4xx_ll_usb.c ****         USBx_OUTEP(epnum)->DOEPDMA = (uint32_t)(ep->xfer_buff);
 846:Drivers/STM32F4xx_HAL_Driver/Src/stm32f4xx_ll_usb.c ****       }
 847:Drivers/STM32F4xx_HAL_Driver/Src/stm32f4xx_ll_usb.c ****     }
 848:Drivers/STM32F4xx_HAL_Driver/Src/stm32f4xx_ll_usb.c **** 
 849:Drivers/STM32F4xx_HAL_Driver/Src/stm32f4xx_ll_usb.c ****     if (ep->type == EP_TYPE_ISOC)
 850:Drivers/STM32F4xx_HAL_Driver/Src/stm32f4xx_ll_usb.c ****     {
 851:Drivers/STM32F4xx_HAL_Driver/Src/stm32f4xx_ll_usb.c ****       if ((USBx_DEVICE->DSTS & (1U << 8)) == 0U)
 852:Drivers/STM32F4xx_HAL_Driver/Src/stm32f4xx_ll_usb.c ****       {
 853:Drivers/STM32F4xx_HAL_Driver/Src/stm32f4xx_ll_usb.c ****         USBx_OUTEP(epnum)->DOEPCTL |= USB_OTG_DOEPCTL_SODDFRM;
 854:Drivers/STM32F4xx_HAL_Driver/Src/stm32f4xx_ll_usb.c ****       }
 855:Drivers/STM32F4xx_HAL_Driver/Src/stm32f4xx_ll_usb.c ****       else
 856:Drivers/STM32F4xx_HAL_Driver/Src/stm32f4xx_ll_usb.c ****       {
 857:Drivers/STM32F4xx_HAL_Driver/Src/stm32f4xx_ll_usb.c ****         USBx_OUTEP(epnum)->DOEPCTL |= USB_OTG_DOEPCTL_SD0PID_SEVNFRM;
 858:Drivers/STM32F4xx_HAL_Driver/Src/stm32f4xx_ll_usb.c ****       }
 859:Drivers/STM32F4xx_HAL_Driver/Src/stm32f4xx_ll_usb.c ****     }
 860:Drivers/STM32F4xx_HAL_Driver/Src/stm32f4xx_ll_usb.c ****     /* EP enable */
 861:Drivers/STM32F4xx_HAL_Driver/Src/stm32f4xx_ll_usb.c ****     USBx_OUTEP(epnum)->DOEPCTL |= (USB_OTG_DOEPCTL_CNAK | USB_OTG_DOEPCTL_EPENA);
 862:Drivers/STM32F4xx_HAL_Driver/Src/stm32f4xx_ll_usb.c ****   }
 863:Drivers/STM32F4xx_HAL_Driver/Src/stm32f4xx_ll_usb.c **** 
 864:Drivers/STM32F4xx_HAL_Driver/Src/stm32f4xx_ll_usb.c ****   return HAL_OK;
 865:Drivers/STM32F4xx_HAL_Driver/Src/stm32f4xx_ll_usb.c **** }
 866:Drivers/STM32F4xx_HAL_Driver/Src/stm32f4xx_ll_usb.c **** 
 867:Drivers/STM32F4xx_HAL_Driver/Src/stm32f4xx_ll_usb.c **** /**
 868:Drivers/STM32F4xx_HAL_Driver/Src/stm32f4xx_ll_usb.c ****   * @brief  USB_EP0StartXfer : setup and starts a transfer over the EP  0
 869:Drivers/STM32F4xx_HAL_Driver/Src/stm32f4xx_ll_usb.c ****   * @param  USBx  Selected device
 870:Drivers/STM32F4xx_HAL_Driver/Src/stm32f4xx_ll_usb.c ****   * @param  ep pointer to endpoint structure
 871:Drivers/STM32F4xx_HAL_Driver/Src/stm32f4xx_ll_usb.c ****   * @param  dma USB dma enabled or disabled
 872:Drivers/STM32F4xx_HAL_Driver/Src/stm32f4xx_ll_usb.c ****   *          This parameter can be one of these values:
 873:Drivers/STM32F4xx_HAL_Driver/Src/stm32f4xx_ll_usb.c ****   *           0 : DMA feature not used
 874:Drivers/STM32F4xx_HAL_Driver/Src/stm32f4xx_ll_usb.c ****   *           1 : DMA feature used
 875:Drivers/STM32F4xx_HAL_Driver/Src/stm32f4xx_ll_usb.c ****   * @retval HAL status
 876:Drivers/STM32F4xx_HAL_Driver/Src/stm32f4xx_ll_usb.c ****   */
 877:Drivers/STM32F4xx_HAL_Driver/Src/stm32f4xx_ll_usb.c **** HAL_StatusTypeDef USB_EP0StartXfer(USB_OTG_GlobalTypeDef *USBx, USB_OTG_EPTypeDef *ep, uint8_t dma)
 878:Drivers/STM32F4xx_HAL_Driver/Src/stm32f4xx_ll_usb.c **** {
 879:Drivers/STM32F4xx_HAL_Driver/Src/stm32f4xx_ll_usb.c ****   uint32_t USBx_BASE = (uint32_t)USBx;
 880:Drivers/STM32F4xx_HAL_Driver/Src/stm32f4xx_ll_usb.c ****   uint32_t epnum = (uint32_t)ep->num;
 881:Drivers/STM32F4xx_HAL_Driver/Src/stm32f4xx_ll_usb.c **** 
 882:Drivers/STM32F4xx_HAL_Driver/Src/stm32f4xx_ll_usb.c ****   /* IN endpoint */
 883:Drivers/STM32F4xx_HAL_Driver/Src/stm32f4xx_ll_usb.c ****   if (ep->is_in == 1U)
 884:Drivers/STM32F4xx_HAL_Driver/Src/stm32f4xx_ll_usb.c ****   {
 885:Drivers/STM32F4xx_HAL_Driver/Src/stm32f4xx_ll_usb.c ****     /* Zero Length Packet? */
ARM GAS  /tmp/ccNXSnaU.s 			page 17


 886:Drivers/STM32F4xx_HAL_Driver/Src/stm32f4xx_ll_usb.c ****     if (ep->xfer_len == 0U)
 887:Drivers/STM32F4xx_HAL_Driver/Src/stm32f4xx_ll_usb.c ****     {
 888:Drivers/STM32F4xx_HAL_Driver/Src/stm32f4xx_ll_usb.c ****       USBx_INEP(epnum)->DIEPTSIZ &= ~(USB_OTG_DIEPTSIZ_PKTCNT);
 889:Drivers/STM32F4xx_HAL_Driver/Src/stm32f4xx_ll_usb.c ****       USBx_INEP(epnum)->DIEPTSIZ |= (USB_OTG_DIEPTSIZ_PKTCNT & (1U << 19));
 890:Drivers/STM32F4xx_HAL_Driver/Src/stm32f4xx_ll_usb.c ****       USBx_INEP(epnum)->DIEPTSIZ &= ~(USB_OTG_DIEPTSIZ_XFRSIZ);
 891:Drivers/STM32F4xx_HAL_Driver/Src/stm32f4xx_ll_usb.c ****     }
 892:Drivers/STM32F4xx_HAL_Driver/Src/stm32f4xx_ll_usb.c ****     else
 893:Drivers/STM32F4xx_HAL_Driver/Src/stm32f4xx_ll_usb.c ****     {
 894:Drivers/STM32F4xx_HAL_Driver/Src/stm32f4xx_ll_usb.c ****       /* Program the transfer size and packet count
 895:Drivers/STM32F4xx_HAL_Driver/Src/stm32f4xx_ll_usb.c ****       * as follows: xfersize = N * maxpacket +
 896:Drivers/STM32F4xx_HAL_Driver/Src/stm32f4xx_ll_usb.c ****       * short_packet pktcnt = N + (short_packet
 897:Drivers/STM32F4xx_HAL_Driver/Src/stm32f4xx_ll_usb.c ****       * exist ? 1 : 0)
 898:Drivers/STM32F4xx_HAL_Driver/Src/stm32f4xx_ll_usb.c ****       */
 899:Drivers/STM32F4xx_HAL_Driver/Src/stm32f4xx_ll_usb.c ****       USBx_INEP(epnum)->DIEPTSIZ &= ~(USB_OTG_DIEPTSIZ_XFRSIZ);
 900:Drivers/STM32F4xx_HAL_Driver/Src/stm32f4xx_ll_usb.c ****       USBx_INEP(epnum)->DIEPTSIZ &= ~(USB_OTG_DIEPTSIZ_PKTCNT);
 901:Drivers/STM32F4xx_HAL_Driver/Src/stm32f4xx_ll_usb.c **** 
 902:Drivers/STM32F4xx_HAL_Driver/Src/stm32f4xx_ll_usb.c ****       if (ep->xfer_len > ep->maxpacket)
 903:Drivers/STM32F4xx_HAL_Driver/Src/stm32f4xx_ll_usb.c ****       {
 904:Drivers/STM32F4xx_HAL_Driver/Src/stm32f4xx_ll_usb.c ****         ep->xfer_len = ep->maxpacket;
 905:Drivers/STM32F4xx_HAL_Driver/Src/stm32f4xx_ll_usb.c ****       }
 906:Drivers/STM32F4xx_HAL_Driver/Src/stm32f4xx_ll_usb.c ****       USBx_INEP(epnum)->DIEPTSIZ |= (USB_OTG_DIEPTSIZ_PKTCNT & (1U << 19));
 907:Drivers/STM32F4xx_HAL_Driver/Src/stm32f4xx_ll_usb.c ****       USBx_INEP(epnum)->DIEPTSIZ |= (USB_OTG_DIEPTSIZ_XFRSIZ & ep->xfer_len);
 908:Drivers/STM32F4xx_HAL_Driver/Src/stm32f4xx_ll_usb.c ****     }
 909:Drivers/STM32F4xx_HAL_Driver/Src/stm32f4xx_ll_usb.c **** 
 910:Drivers/STM32F4xx_HAL_Driver/Src/stm32f4xx_ll_usb.c ****     if (dma == 1U)
 911:Drivers/STM32F4xx_HAL_Driver/Src/stm32f4xx_ll_usb.c ****     {
 912:Drivers/STM32F4xx_HAL_Driver/Src/stm32f4xx_ll_usb.c ****       if ((uint32_t)ep->dma_addr != 0U)
 913:Drivers/STM32F4xx_HAL_Driver/Src/stm32f4xx_ll_usb.c ****       {
 914:Drivers/STM32F4xx_HAL_Driver/Src/stm32f4xx_ll_usb.c ****         USBx_INEP(epnum)->DIEPDMA = (uint32_t)(ep->dma_addr);
 915:Drivers/STM32F4xx_HAL_Driver/Src/stm32f4xx_ll_usb.c ****       }
 916:Drivers/STM32F4xx_HAL_Driver/Src/stm32f4xx_ll_usb.c **** 
 917:Drivers/STM32F4xx_HAL_Driver/Src/stm32f4xx_ll_usb.c ****       /* EP enable, IN data in FIFO */
 918:Drivers/STM32F4xx_HAL_Driver/Src/stm32f4xx_ll_usb.c ****       USBx_INEP(epnum)->DIEPCTL |= (USB_OTG_DIEPCTL_CNAK | USB_OTG_DIEPCTL_EPENA);
 919:Drivers/STM32F4xx_HAL_Driver/Src/stm32f4xx_ll_usb.c ****     }
 920:Drivers/STM32F4xx_HAL_Driver/Src/stm32f4xx_ll_usb.c ****     else
 921:Drivers/STM32F4xx_HAL_Driver/Src/stm32f4xx_ll_usb.c ****     {
 922:Drivers/STM32F4xx_HAL_Driver/Src/stm32f4xx_ll_usb.c ****       /* EP enable, IN data in FIFO */
 923:Drivers/STM32F4xx_HAL_Driver/Src/stm32f4xx_ll_usb.c ****       USBx_INEP(epnum)->DIEPCTL |= (USB_OTG_DIEPCTL_CNAK | USB_OTG_DIEPCTL_EPENA);
 924:Drivers/STM32F4xx_HAL_Driver/Src/stm32f4xx_ll_usb.c **** 
 925:Drivers/STM32F4xx_HAL_Driver/Src/stm32f4xx_ll_usb.c ****       /* Enable the Tx FIFO Empty Interrupt for this EP */
 926:Drivers/STM32F4xx_HAL_Driver/Src/stm32f4xx_ll_usb.c ****       if (ep->xfer_len > 0U)
 927:Drivers/STM32F4xx_HAL_Driver/Src/stm32f4xx_ll_usb.c ****       {
 928:Drivers/STM32F4xx_HAL_Driver/Src/stm32f4xx_ll_usb.c ****         USBx_DEVICE->DIEPEMPMSK |= 1UL << (ep->num & EP_ADDR_MSK);
 929:Drivers/STM32F4xx_HAL_Driver/Src/stm32f4xx_ll_usb.c ****       }
 930:Drivers/STM32F4xx_HAL_Driver/Src/stm32f4xx_ll_usb.c ****     }
 931:Drivers/STM32F4xx_HAL_Driver/Src/stm32f4xx_ll_usb.c ****   }
 932:Drivers/STM32F4xx_HAL_Driver/Src/stm32f4xx_ll_usb.c ****   else /* OUT endpoint */
 933:Drivers/STM32F4xx_HAL_Driver/Src/stm32f4xx_ll_usb.c ****   {
 934:Drivers/STM32F4xx_HAL_Driver/Src/stm32f4xx_ll_usb.c ****     /* Program the transfer size and packet count as follows:
 935:Drivers/STM32F4xx_HAL_Driver/Src/stm32f4xx_ll_usb.c ****     * pktcnt = N
 936:Drivers/STM32F4xx_HAL_Driver/Src/stm32f4xx_ll_usb.c ****     * xfersize = N * maxpacket
 937:Drivers/STM32F4xx_HAL_Driver/Src/stm32f4xx_ll_usb.c ****     */
 938:Drivers/STM32F4xx_HAL_Driver/Src/stm32f4xx_ll_usb.c ****     USBx_OUTEP(epnum)->DOEPTSIZ &= ~(USB_OTG_DOEPTSIZ_XFRSIZ);
 939:Drivers/STM32F4xx_HAL_Driver/Src/stm32f4xx_ll_usb.c ****     USBx_OUTEP(epnum)->DOEPTSIZ &= ~(USB_OTG_DOEPTSIZ_PKTCNT);
 940:Drivers/STM32F4xx_HAL_Driver/Src/stm32f4xx_ll_usb.c **** 
 941:Drivers/STM32F4xx_HAL_Driver/Src/stm32f4xx_ll_usb.c ****     if (ep->xfer_len > 0U)
 942:Drivers/STM32F4xx_HAL_Driver/Src/stm32f4xx_ll_usb.c ****     {
ARM GAS  /tmp/ccNXSnaU.s 			page 18


 943:Drivers/STM32F4xx_HAL_Driver/Src/stm32f4xx_ll_usb.c ****       ep->xfer_len = ep->maxpacket;
 944:Drivers/STM32F4xx_HAL_Driver/Src/stm32f4xx_ll_usb.c ****     }
 945:Drivers/STM32F4xx_HAL_Driver/Src/stm32f4xx_ll_usb.c **** 
 946:Drivers/STM32F4xx_HAL_Driver/Src/stm32f4xx_ll_usb.c ****     USBx_OUTEP(epnum)->DOEPTSIZ |= (USB_OTG_DOEPTSIZ_PKTCNT & (1U << 19));
 947:Drivers/STM32F4xx_HAL_Driver/Src/stm32f4xx_ll_usb.c ****     USBx_OUTEP(epnum)->DOEPTSIZ |= (USB_OTG_DOEPTSIZ_XFRSIZ & (ep->maxpacket));
 948:Drivers/STM32F4xx_HAL_Driver/Src/stm32f4xx_ll_usb.c **** 
 949:Drivers/STM32F4xx_HAL_Driver/Src/stm32f4xx_ll_usb.c ****     if (dma == 1U)
 950:Drivers/STM32F4xx_HAL_Driver/Src/stm32f4xx_ll_usb.c ****     {
 951:Drivers/STM32F4xx_HAL_Driver/Src/stm32f4xx_ll_usb.c ****       if ((uint32_t)ep->xfer_buff != 0U)
 952:Drivers/STM32F4xx_HAL_Driver/Src/stm32f4xx_ll_usb.c ****       {
 953:Drivers/STM32F4xx_HAL_Driver/Src/stm32f4xx_ll_usb.c ****         USBx_OUTEP(epnum)->DOEPDMA = (uint32_t)(ep->xfer_buff);
 954:Drivers/STM32F4xx_HAL_Driver/Src/stm32f4xx_ll_usb.c ****       }
 955:Drivers/STM32F4xx_HAL_Driver/Src/stm32f4xx_ll_usb.c ****     }
 956:Drivers/STM32F4xx_HAL_Driver/Src/stm32f4xx_ll_usb.c **** 
 957:Drivers/STM32F4xx_HAL_Driver/Src/stm32f4xx_ll_usb.c ****     /* EP enable */
 958:Drivers/STM32F4xx_HAL_Driver/Src/stm32f4xx_ll_usb.c ****     USBx_OUTEP(epnum)->DOEPCTL |= (USB_OTG_DOEPCTL_CNAK | USB_OTG_DOEPCTL_EPENA);
 959:Drivers/STM32F4xx_HAL_Driver/Src/stm32f4xx_ll_usb.c ****   }
 960:Drivers/STM32F4xx_HAL_Driver/Src/stm32f4xx_ll_usb.c **** 
 961:Drivers/STM32F4xx_HAL_Driver/Src/stm32f4xx_ll_usb.c ****   return HAL_OK;
 962:Drivers/STM32F4xx_HAL_Driver/Src/stm32f4xx_ll_usb.c **** }
 963:Drivers/STM32F4xx_HAL_Driver/Src/stm32f4xx_ll_usb.c **** 
 964:Drivers/STM32F4xx_HAL_Driver/Src/stm32f4xx_ll_usb.c **** /**
 965:Drivers/STM32F4xx_HAL_Driver/Src/stm32f4xx_ll_usb.c ****   * @brief  USB_WritePacket : Writes a packet into the Tx FIFO associated
 966:Drivers/STM32F4xx_HAL_Driver/Src/stm32f4xx_ll_usb.c ****   *         with the EP/channel
 967:Drivers/STM32F4xx_HAL_Driver/Src/stm32f4xx_ll_usb.c ****   * @param  USBx  Selected device
 968:Drivers/STM32F4xx_HAL_Driver/Src/stm32f4xx_ll_usb.c ****   * @param  src   pointer to source buffer
 969:Drivers/STM32F4xx_HAL_Driver/Src/stm32f4xx_ll_usb.c ****   * @param  ch_ep_num  endpoint or host channel number
 970:Drivers/STM32F4xx_HAL_Driver/Src/stm32f4xx_ll_usb.c ****   * @param  len  Number of bytes to write
 971:Drivers/STM32F4xx_HAL_Driver/Src/stm32f4xx_ll_usb.c ****   * @param  dma USB dma enabled or disabled
 972:Drivers/STM32F4xx_HAL_Driver/Src/stm32f4xx_ll_usb.c ****   *          This parameter can be one of these values:
 973:Drivers/STM32F4xx_HAL_Driver/Src/stm32f4xx_ll_usb.c ****   *           0 : DMA feature not used
 974:Drivers/STM32F4xx_HAL_Driver/Src/stm32f4xx_ll_usb.c ****   *           1 : DMA feature used
 975:Drivers/STM32F4xx_HAL_Driver/Src/stm32f4xx_ll_usb.c ****   * @retval HAL status
 976:Drivers/STM32F4xx_HAL_Driver/Src/stm32f4xx_ll_usb.c ****   */
 977:Drivers/STM32F4xx_HAL_Driver/Src/stm32f4xx_ll_usb.c **** HAL_StatusTypeDef USB_WritePacket(USB_OTG_GlobalTypeDef *USBx, uint8_t *src,
 978:Drivers/STM32F4xx_HAL_Driver/Src/stm32f4xx_ll_usb.c ****                                   uint8_t ch_ep_num, uint16_t len, uint8_t dma)
 979:Drivers/STM32F4xx_HAL_Driver/Src/stm32f4xx_ll_usb.c **** {
 980:Drivers/STM32F4xx_HAL_Driver/Src/stm32f4xx_ll_usb.c ****   uint32_t USBx_BASE = (uint32_t)USBx;
 981:Drivers/STM32F4xx_HAL_Driver/Src/stm32f4xx_ll_usb.c ****   uint8_t *pSrc = src;
 982:Drivers/STM32F4xx_HAL_Driver/Src/stm32f4xx_ll_usb.c ****   uint32_t count32b;
 983:Drivers/STM32F4xx_HAL_Driver/Src/stm32f4xx_ll_usb.c ****   uint32_t i;
 984:Drivers/STM32F4xx_HAL_Driver/Src/stm32f4xx_ll_usb.c **** 
 985:Drivers/STM32F4xx_HAL_Driver/Src/stm32f4xx_ll_usb.c ****   if (dma == 0U)
 986:Drivers/STM32F4xx_HAL_Driver/Src/stm32f4xx_ll_usb.c ****   {
 987:Drivers/STM32F4xx_HAL_Driver/Src/stm32f4xx_ll_usb.c ****     count32b = ((uint32_t)len + 3U) / 4U;
 988:Drivers/STM32F4xx_HAL_Driver/Src/stm32f4xx_ll_usb.c ****     for (i = 0U; i < count32b; i++)
 989:Drivers/STM32F4xx_HAL_Driver/Src/stm32f4xx_ll_usb.c ****     {
 990:Drivers/STM32F4xx_HAL_Driver/Src/stm32f4xx_ll_usb.c ****       USBx_DFIFO((uint32_t)ch_ep_num) = __UNALIGNED_UINT32_READ(pSrc);
 991:Drivers/STM32F4xx_HAL_Driver/Src/stm32f4xx_ll_usb.c ****       pSrc++;
 992:Drivers/STM32F4xx_HAL_Driver/Src/stm32f4xx_ll_usb.c ****       pSrc++;
 993:Drivers/STM32F4xx_HAL_Driver/Src/stm32f4xx_ll_usb.c ****       pSrc++;
 994:Drivers/STM32F4xx_HAL_Driver/Src/stm32f4xx_ll_usb.c ****       pSrc++;
 995:Drivers/STM32F4xx_HAL_Driver/Src/stm32f4xx_ll_usb.c ****     }
 996:Drivers/STM32F4xx_HAL_Driver/Src/stm32f4xx_ll_usb.c ****   }
 997:Drivers/STM32F4xx_HAL_Driver/Src/stm32f4xx_ll_usb.c **** 
 998:Drivers/STM32F4xx_HAL_Driver/Src/stm32f4xx_ll_usb.c ****   return HAL_OK;
 999:Drivers/STM32F4xx_HAL_Driver/Src/stm32f4xx_ll_usb.c **** }
ARM GAS  /tmp/ccNXSnaU.s 			page 19


1000:Drivers/STM32F4xx_HAL_Driver/Src/stm32f4xx_ll_usb.c **** 
1001:Drivers/STM32F4xx_HAL_Driver/Src/stm32f4xx_ll_usb.c **** /**
1002:Drivers/STM32F4xx_HAL_Driver/Src/stm32f4xx_ll_usb.c ****   * @brief  USB_ReadPacket : read a packet from the RX FIFO
1003:Drivers/STM32F4xx_HAL_Driver/Src/stm32f4xx_ll_usb.c ****   * @param  USBx  Selected device
1004:Drivers/STM32F4xx_HAL_Driver/Src/stm32f4xx_ll_usb.c ****   * @param  dest  source pointer
1005:Drivers/STM32F4xx_HAL_Driver/Src/stm32f4xx_ll_usb.c ****   * @param  len  Number of bytes to read
1006:Drivers/STM32F4xx_HAL_Driver/Src/stm32f4xx_ll_usb.c ****   * @retval pointer to destination buffer
1007:Drivers/STM32F4xx_HAL_Driver/Src/stm32f4xx_ll_usb.c ****   */
1008:Drivers/STM32F4xx_HAL_Driver/Src/stm32f4xx_ll_usb.c **** void *USB_ReadPacket(USB_OTG_GlobalTypeDef *USBx, uint8_t *dest, uint16_t len)
1009:Drivers/STM32F4xx_HAL_Driver/Src/stm32f4xx_ll_usb.c **** {
1010:Drivers/STM32F4xx_HAL_Driver/Src/stm32f4xx_ll_usb.c ****   uint32_t USBx_BASE = (uint32_t)USBx;
1011:Drivers/STM32F4xx_HAL_Driver/Src/stm32f4xx_ll_usb.c ****   uint8_t *pDest = dest;
1012:Drivers/STM32F4xx_HAL_Driver/Src/stm32f4xx_ll_usb.c ****   uint32_t pData;
1013:Drivers/STM32F4xx_HAL_Driver/Src/stm32f4xx_ll_usb.c ****   uint32_t i;
1014:Drivers/STM32F4xx_HAL_Driver/Src/stm32f4xx_ll_usb.c ****   uint32_t count32b = (uint32_t)len >> 2U;
1015:Drivers/STM32F4xx_HAL_Driver/Src/stm32f4xx_ll_usb.c ****   uint16_t remaining_bytes = len % 4U;
1016:Drivers/STM32F4xx_HAL_Driver/Src/stm32f4xx_ll_usb.c **** 
1017:Drivers/STM32F4xx_HAL_Driver/Src/stm32f4xx_ll_usb.c ****   for (i = 0U; i < count32b; i++)
1018:Drivers/STM32F4xx_HAL_Driver/Src/stm32f4xx_ll_usb.c ****   {
1019:Drivers/STM32F4xx_HAL_Driver/Src/stm32f4xx_ll_usb.c ****     __UNALIGNED_UINT32_WRITE(pDest, USBx_DFIFO(0U));
1020:Drivers/STM32F4xx_HAL_Driver/Src/stm32f4xx_ll_usb.c ****     pDest++;
1021:Drivers/STM32F4xx_HAL_Driver/Src/stm32f4xx_ll_usb.c ****     pDest++;
1022:Drivers/STM32F4xx_HAL_Driver/Src/stm32f4xx_ll_usb.c ****     pDest++;
1023:Drivers/STM32F4xx_HAL_Driver/Src/stm32f4xx_ll_usb.c ****     pDest++;
1024:Drivers/STM32F4xx_HAL_Driver/Src/stm32f4xx_ll_usb.c ****   }
1025:Drivers/STM32F4xx_HAL_Driver/Src/stm32f4xx_ll_usb.c **** 
1026:Drivers/STM32F4xx_HAL_Driver/Src/stm32f4xx_ll_usb.c ****   /* When Number of data is not word aligned, read the remaining byte */
1027:Drivers/STM32F4xx_HAL_Driver/Src/stm32f4xx_ll_usb.c ****   if (remaining_bytes != 0U)
1028:Drivers/STM32F4xx_HAL_Driver/Src/stm32f4xx_ll_usb.c ****   {
1029:Drivers/STM32F4xx_HAL_Driver/Src/stm32f4xx_ll_usb.c ****     i = 0U;
1030:Drivers/STM32F4xx_HAL_Driver/Src/stm32f4xx_ll_usb.c ****     __UNALIGNED_UINT32_WRITE(&pData, USBx_DFIFO(0U));
1031:Drivers/STM32F4xx_HAL_Driver/Src/stm32f4xx_ll_usb.c **** 
1032:Drivers/STM32F4xx_HAL_Driver/Src/stm32f4xx_ll_usb.c ****     do
1033:Drivers/STM32F4xx_HAL_Driver/Src/stm32f4xx_ll_usb.c ****     {
1034:Drivers/STM32F4xx_HAL_Driver/Src/stm32f4xx_ll_usb.c ****       *(uint8_t *)pDest = (uint8_t)(pData >> (8U * (uint8_t)(i)));
1035:Drivers/STM32F4xx_HAL_Driver/Src/stm32f4xx_ll_usb.c ****       i++;
1036:Drivers/STM32F4xx_HAL_Driver/Src/stm32f4xx_ll_usb.c ****       pDest++;
1037:Drivers/STM32F4xx_HAL_Driver/Src/stm32f4xx_ll_usb.c ****       remaining_bytes--;
1038:Drivers/STM32F4xx_HAL_Driver/Src/stm32f4xx_ll_usb.c ****     } while (remaining_bytes != 0U);
1039:Drivers/STM32F4xx_HAL_Driver/Src/stm32f4xx_ll_usb.c ****   }
1040:Drivers/STM32F4xx_HAL_Driver/Src/stm32f4xx_ll_usb.c **** 
1041:Drivers/STM32F4xx_HAL_Driver/Src/stm32f4xx_ll_usb.c ****   return ((void *)pDest);
1042:Drivers/STM32F4xx_HAL_Driver/Src/stm32f4xx_ll_usb.c **** }
1043:Drivers/STM32F4xx_HAL_Driver/Src/stm32f4xx_ll_usb.c **** 
1044:Drivers/STM32F4xx_HAL_Driver/Src/stm32f4xx_ll_usb.c **** /**
1045:Drivers/STM32F4xx_HAL_Driver/Src/stm32f4xx_ll_usb.c ****   * @brief  USB_EPSetStall : set a stall condition over an EP
1046:Drivers/STM32F4xx_HAL_Driver/Src/stm32f4xx_ll_usb.c ****   * @param  USBx  Selected device
1047:Drivers/STM32F4xx_HAL_Driver/Src/stm32f4xx_ll_usb.c ****   * @param  ep pointer to endpoint structure
1048:Drivers/STM32F4xx_HAL_Driver/Src/stm32f4xx_ll_usb.c ****   * @retval HAL status
1049:Drivers/STM32F4xx_HAL_Driver/Src/stm32f4xx_ll_usb.c ****   */
1050:Drivers/STM32F4xx_HAL_Driver/Src/stm32f4xx_ll_usb.c **** HAL_StatusTypeDef USB_EPSetStall(USB_OTG_GlobalTypeDef *USBx, USB_OTG_EPTypeDef *ep)
1051:Drivers/STM32F4xx_HAL_Driver/Src/stm32f4xx_ll_usb.c **** {
1052:Drivers/STM32F4xx_HAL_Driver/Src/stm32f4xx_ll_usb.c ****   uint32_t USBx_BASE = (uint32_t)USBx;
1053:Drivers/STM32F4xx_HAL_Driver/Src/stm32f4xx_ll_usb.c ****   uint32_t epnum = (uint32_t)ep->num;
1054:Drivers/STM32F4xx_HAL_Driver/Src/stm32f4xx_ll_usb.c **** 
1055:Drivers/STM32F4xx_HAL_Driver/Src/stm32f4xx_ll_usb.c ****   if (ep->is_in == 1U)
1056:Drivers/STM32F4xx_HAL_Driver/Src/stm32f4xx_ll_usb.c ****   {
ARM GAS  /tmp/ccNXSnaU.s 			page 20


1057:Drivers/STM32F4xx_HAL_Driver/Src/stm32f4xx_ll_usb.c ****     if (((USBx_INEP(epnum)->DIEPCTL & USB_OTG_DIEPCTL_EPENA) == 0U) && (epnum != 0U))
1058:Drivers/STM32F4xx_HAL_Driver/Src/stm32f4xx_ll_usb.c ****     {
1059:Drivers/STM32F4xx_HAL_Driver/Src/stm32f4xx_ll_usb.c ****       USBx_INEP(epnum)->DIEPCTL &= ~(USB_OTG_DIEPCTL_EPDIS);
1060:Drivers/STM32F4xx_HAL_Driver/Src/stm32f4xx_ll_usb.c ****     }
1061:Drivers/STM32F4xx_HAL_Driver/Src/stm32f4xx_ll_usb.c ****     USBx_INEP(epnum)->DIEPCTL |= USB_OTG_DIEPCTL_STALL;
1062:Drivers/STM32F4xx_HAL_Driver/Src/stm32f4xx_ll_usb.c ****   }
1063:Drivers/STM32F4xx_HAL_Driver/Src/stm32f4xx_ll_usb.c ****   else
1064:Drivers/STM32F4xx_HAL_Driver/Src/stm32f4xx_ll_usb.c ****   {
1065:Drivers/STM32F4xx_HAL_Driver/Src/stm32f4xx_ll_usb.c ****     if (((USBx_OUTEP(epnum)->DOEPCTL & USB_OTG_DOEPCTL_EPENA) == 0U) && (epnum != 0U))
1066:Drivers/STM32F4xx_HAL_Driver/Src/stm32f4xx_ll_usb.c ****     {
1067:Drivers/STM32F4xx_HAL_Driver/Src/stm32f4xx_ll_usb.c ****       USBx_OUTEP(epnum)->DOEPCTL &= ~(USB_OTG_DOEPCTL_EPDIS);
1068:Drivers/STM32F4xx_HAL_Driver/Src/stm32f4xx_ll_usb.c ****     }
1069:Drivers/STM32F4xx_HAL_Driver/Src/stm32f4xx_ll_usb.c ****     USBx_OUTEP(epnum)->DOEPCTL |= USB_OTG_DOEPCTL_STALL;
1070:Drivers/STM32F4xx_HAL_Driver/Src/stm32f4xx_ll_usb.c ****   }
1071:Drivers/STM32F4xx_HAL_Driver/Src/stm32f4xx_ll_usb.c **** 
1072:Drivers/STM32F4xx_HAL_Driver/Src/stm32f4xx_ll_usb.c ****   return HAL_OK;
1073:Drivers/STM32F4xx_HAL_Driver/Src/stm32f4xx_ll_usb.c **** }
1074:Drivers/STM32F4xx_HAL_Driver/Src/stm32f4xx_ll_usb.c **** 
1075:Drivers/STM32F4xx_HAL_Driver/Src/stm32f4xx_ll_usb.c **** /**
1076:Drivers/STM32F4xx_HAL_Driver/Src/stm32f4xx_ll_usb.c ****   * @brief  USB_EPClearStall : Clear a stall condition over an EP
1077:Drivers/STM32F4xx_HAL_Driver/Src/stm32f4xx_ll_usb.c ****   * @param  USBx  Selected device
1078:Drivers/STM32F4xx_HAL_Driver/Src/stm32f4xx_ll_usb.c ****   * @param  ep pointer to endpoint structure
1079:Drivers/STM32F4xx_HAL_Driver/Src/stm32f4xx_ll_usb.c ****   * @retval HAL status
1080:Drivers/STM32F4xx_HAL_Driver/Src/stm32f4xx_ll_usb.c ****   */
1081:Drivers/STM32F4xx_HAL_Driver/Src/stm32f4xx_ll_usb.c **** HAL_StatusTypeDef USB_EPClearStall(USB_OTG_GlobalTypeDef *USBx, USB_OTG_EPTypeDef *ep)
1082:Drivers/STM32F4xx_HAL_Driver/Src/stm32f4xx_ll_usb.c **** {
1083:Drivers/STM32F4xx_HAL_Driver/Src/stm32f4xx_ll_usb.c ****   uint32_t USBx_BASE = (uint32_t)USBx;
1084:Drivers/STM32F4xx_HAL_Driver/Src/stm32f4xx_ll_usb.c ****   uint32_t epnum = (uint32_t)ep->num;
1085:Drivers/STM32F4xx_HAL_Driver/Src/stm32f4xx_ll_usb.c **** 
1086:Drivers/STM32F4xx_HAL_Driver/Src/stm32f4xx_ll_usb.c ****   if (ep->is_in == 1U)
1087:Drivers/STM32F4xx_HAL_Driver/Src/stm32f4xx_ll_usb.c ****   {
1088:Drivers/STM32F4xx_HAL_Driver/Src/stm32f4xx_ll_usb.c ****     USBx_INEP(epnum)->DIEPCTL &= ~USB_OTG_DIEPCTL_STALL;
1089:Drivers/STM32F4xx_HAL_Driver/Src/stm32f4xx_ll_usb.c ****     if ((ep->type == EP_TYPE_INTR) || (ep->type == EP_TYPE_BULK))
1090:Drivers/STM32F4xx_HAL_Driver/Src/stm32f4xx_ll_usb.c ****     {
1091:Drivers/STM32F4xx_HAL_Driver/Src/stm32f4xx_ll_usb.c ****       USBx_INEP(epnum)->DIEPCTL |= USB_OTG_DIEPCTL_SD0PID_SEVNFRM; /* DATA0 */
1092:Drivers/STM32F4xx_HAL_Driver/Src/stm32f4xx_ll_usb.c ****     }
1093:Drivers/STM32F4xx_HAL_Driver/Src/stm32f4xx_ll_usb.c ****   }
1094:Drivers/STM32F4xx_HAL_Driver/Src/stm32f4xx_ll_usb.c ****   else
1095:Drivers/STM32F4xx_HAL_Driver/Src/stm32f4xx_ll_usb.c ****   {
1096:Drivers/STM32F4xx_HAL_Driver/Src/stm32f4xx_ll_usb.c ****     USBx_OUTEP(epnum)->DOEPCTL &= ~USB_OTG_DOEPCTL_STALL;
1097:Drivers/STM32F4xx_HAL_Driver/Src/stm32f4xx_ll_usb.c ****     if ((ep->type == EP_TYPE_INTR) || (ep->type == EP_TYPE_BULK))
1098:Drivers/STM32F4xx_HAL_Driver/Src/stm32f4xx_ll_usb.c ****     {
1099:Drivers/STM32F4xx_HAL_Driver/Src/stm32f4xx_ll_usb.c ****       USBx_OUTEP(epnum)->DOEPCTL |= USB_OTG_DOEPCTL_SD0PID_SEVNFRM; /* DATA0 */
1100:Drivers/STM32F4xx_HAL_Driver/Src/stm32f4xx_ll_usb.c ****     }
1101:Drivers/STM32F4xx_HAL_Driver/Src/stm32f4xx_ll_usb.c ****   }
1102:Drivers/STM32F4xx_HAL_Driver/Src/stm32f4xx_ll_usb.c ****   return HAL_OK;
1103:Drivers/STM32F4xx_HAL_Driver/Src/stm32f4xx_ll_usb.c **** }
1104:Drivers/STM32F4xx_HAL_Driver/Src/stm32f4xx_ll_usb.c **** 
1105:Drivers/STM32F4xx_HAL_Driver/Src/stm32f4xx_ll_usb.c **** /**
1106:Drivers/STM32F4xx_HAL_Driver/Src/stm32f4xx_ll_usb.c ****   * @brief  USB_StopDevice : Stop the usb device mode
1107:Drivers/STM32F4xx_HAL_Driver/Src/stm32f4xx_ll_usb.c ****   * @param  USBx  Selected device
1108:Drivers/STM32F4xx_HAL_Driver/Src/stm32f4xx_ll_usb.c ****   * @retval HAL status
1109:Drivers/STM32F4xx_HAL_Driver/Src/stm32f4xx_ll_usb.c ****   */
1110:Drivers/STM32F4xx_HAL_Driver/Src/stm32f4xx_ll_usb.c **** HAL_StatusTypeDef USB_StopDevice(USB_OTG_GlobalTypeDef *USBx)
1111:Drivers/STM32F4xx_HAL_Driver/Src/stm32f4xx_ll_usb.c **** {
1112:Drivers/STM32F4xx_HAL_Driver/Src/stm32f4xx_ll_usb.c ****   HAL_StatusTypeDef ret;
1113:Drivers/STM32F4xx_HAL_Driver/Src/stm32f4xx_ll_usb.c ****   uint32_t USBx_BASE = (uint32_t)USBx;
ARM GAS  /tmp/ccNXSnaU.s 			page 21


1114:Drivers/STM32F4xx_HAL_Driver/Src/stm32f4xx_ll_usb.c ****   uint32_t i;
1115:Drivers/STM32F4xx_HAL_Driver/Src/stm32f4xx_ll_usb.c **** 
1116:Drivers/STM32F4xx_HAL_Driver/Src/stm32f4xx_ll_usb.c ****   /* Clear Pending interrupt */
1117:Drivers/STM32F4xx_HAL_Driver/Src/stm32f4xx_ll_usb.c ****   for (i = 0U; i < 15U; i++)
1118:Drivers/STM32F4xx_HAL_Driver/Src/stm32f4xx_ll_usb.c ****   {
1119:Drivers/STM32F4xx_HAL_Driver/Src/stm32f4xx_ll_usb.c ****     USBx_INEP(i)->DIEPINT = 0xFB7FU;
1120:Drivers/STM32F4xx_HAL_Driver/Src/stm32f4xx_ll_usb.c ****     USBx_OUTEP(i)->DOEPINT = 0xFB7FU;
1121:Drivers/STM32F4xx_HAL_Driver/Src/stm32f4xx_ll_usb.c ****   }
1122:Drivers/STM32F4xx_HAL_Driver/Src/stm32f4xx_ll_usb.c **** 
1123:Drivers/STM32F4xx_HAL_Driver/Src/stm32f4xx_ll_usb.c ****   /* Clear interrupt masks */
1124:Drivers/STM32F4xx_HAL_Driver/Src/stm32f4xx_ll_usb.c ****   USBx_DEVICE->DIEPMSK  = 0U;
1125:Drivers/STM32F4xx_HAL_Driver/Src/stm32f4xx_ll_usb.c ****   USBx_DEVICE->DOEPMSK  = 0U;
1126:Drivers/STM32F4xx_HAL_Driver/Src/stm32f4xx_ll_usb.c ****   USBx_DEVICE->DAINTMSK = 0U;
1127:Drivers/STM32F4xx_HAL_Driver/Src/stm32f4xx_ll_usb.c **** 
1128:Drivers/STM32F4xx_HAL_Driver/Src/stm32f4xx_ll_usb.c ****   /* Flush the FIFO */
1129:Drivers/STM32F4xx_HAL_Driver/Src/stm32f4xx_ll_usb.c ****   ret = USB_FlushRxFifo(USBx);
1130:Drivers/STM32F4xx_HAL_Driver/Src/stm32f4xx_ll_usb.c ****   if (ret != HAL_OK)
1131:Drivers/STM32F4xx_HAL_Driver/Src/stm32f4xx_ll_usb.c ****   {
1132:Drivers/STM32F4xx_HAL_Driver/Src/stm32f4xx_ll_usb.c ****     return ret;
1133:Drivers/STM32F4xx_HAL_Driver/Src/stm32f4xx_ll_usb.c ****   }
1134:Drivers/STM32F4xx_HAL_Driver/Src/stm32f4xx_ll_usb.c **** 
1135:Drivers/STM32F4xx_HAL_Driver/Src/stm32f4xx_ll_usb.c ****   ret = USB_FlushTxFifo(USBx,  0x10U);
1136:Drivers/STM32F4xx_HAL_Driver/Src/stm32f4xx_ll_usb.c ****   if (ret != HAL_OK)
1137:Drivers/STM32F4xx_HAL_Driver/Src/stm32f4xx_ll_usb.c ****   {
1138:Drivers/STM32F4xx_HAL_Driver/Src/stm32f4xx_ll_usb.c ****     return ret;
1139:Drivers/STM32F4xx_HAL_Driver/Src/stm32f4xx_ll_usb.c ****   }
1140:Drivers/STM32F4xx_HAL_Driver/Src/stm32f4xx_ll_usb.c **** 
1141:Drivers/STM32F4xx_HAL_Driver/Src/stm32f4xx_ll_usb.c ****   return ret;
1142:Drivers/STM32F4xx_HAL_Driver/Src/stm32f4xx_ll_usb.c **** }
1143:Drivers/STM32F4xx_HAL_Driver/Src/stm32f4xx_ll_usb.c **** 
1144:Drivers/STM32F4xx_HAL_Driver/Src/stm32f4xx_ll_usb.c **** /**
1145:Drivers/STM32F4xx_HAL_Driver/Src/stm32f4xx_ll_usb.c ****   * @brief  USB_SetDevAddress : Stop the usb device mode
1146:Drivers/STM32F4xx_HAL_Driver/Src/stm32f4xx_ll_usb.c ****   * @param  USBx  Selected device
1147:Drivers/STM32F4xx_HAL_Driver/Src/stm32f4xx_ll_usb.c ****   * @param  address  new device address to be assigned
1148:Drivers/STM32F4xx_HAL_Driver/Src/stm32f4xx_ll_usb.c ****   *          This parameter can be a value from 0 to 255
1149:Drivers/STM32F4xx_HAL_Driver/Src/stm32f4xx_ll_usb.c ****   * @retval HAL status
1150:Drivers/STM32F4xx_HAL_Driver/Src/stm32f4xx_ll_usb.c ****   */
1151:Drivers/STM32F4xx_HAL_Driver/Src/stm32f4xx_ll_usb.c **** HAL_StatusTypeDef  USB_SetDevAddress(USB_OTG_GlobalTypeDef *USBx, uint8_t address)
1152:Drivers/STM32F4xx_HAL_Driver/Src/stm32f4xx_ll_usb.c **** {
1153:Drivers/STM32F4xx_HAL_Driver/Src/stm32f4xx_ll_usb.c ****   uint32_t USBx_BASE = (uint32_t)USBx;
1154:Drivers/STM32F4xx_HAL_Driver/Src/stm32f4xx_ll_usb.c **** 
1155:Drivers/STM32F4xx_HAL_Driver/Src/stm32f4xx_ll_usb.c ****   USBx_DEVICE->DCFG &= ~(USB_OTG_DCFG_DAD);
1156:Drivers/STM32F4xx_HAL_Driver/Src/stm32f4xx_ll_usb.c ****   USBx_DEVICE->DCFG |= ((uint32_t)address << 4) & USB_OTG_DCFG_DAD;
1157:Drivers/STM32F4xx_HAL_Driver/Src/stm32f4xx_ll_usb.c **** 
1158:Drivers/STM32F4xx_HAL_Driver/Src/stm32f4xx_ll_usb.c ****   return HAL_OK;
1159:Drivers/STM32F4xx_HAL_Driver/Src/stm32f4xx_ll_usb.c **** }
1160:Drivers/STM32F4xx_HAL_Driver/Src/stm32f4xx_ll_usb.c **** 
1161:Drivers/STM32F4xx_HAL_Driver/Src/stm32f4xx_ll_usb.c **** /**
1162:Drivers/STM32F4xx_HAL_Driver/Src/stm32f4xx_ll_usb.c ****   * @brief  USB_DevConnect : Connect the USB device by enabling Rpu
1163:Drivers/STM32F4xx_HAL_Driver/Src/stm32f4xx_ll_usb.c ****   * @param  USBx  Selected device
1164:Drivers/STM32F4xx_HAL_Driver/Src/stm32f4xx_ll_usb.c ****   * @retval HAL status
1165:Drivers/STM32F4xx_HAL_Driver/Src/stm32f4xx_ll_usb.c ****   */
1166:Drivers/STM32F4xx_HAL_Driver/Src/stm32f4xx_ll_usb.c **** HAL_StatusTypeDef  USB_DevConnect(USB_OTG_GlobalTypeDef *USBx)
1167:Drivers/STM32F4xx_HAL_Driver/Src/stm32f4xx_ll_usb.c **** {
1168:Drivers/STM32F4xx_HAL_Driver/Src/stm32f4xx_ll_usb.c ****   uint32_t USBx_BASE = (uint32_t)USBx;
1169:Drivers/STM32F4xx_HAL_Driver/Src/stm32f4xx_ll_usb.c **** 
1170:Drivers/STM32F4xx_HAL_Driver/Src/stm32f4xx_ll_usb.c ****   /* In case phy is stopped, ensure to ungate and restore the phy CLK */
ARM GAS  /tmp/ccNXSnaU.s 			page 22


1171:Drivers/STM32F4xx_HAL_Driver/Src/stm32f4xx_ll_usb.c ****   USBx_PCGCCTL &= ~(USB_OTG_PCGCCTL_STOPCLK | USB_OTG_PCGCCTL_GATECLK);
1172:Drivers/STM32F4xx_HAL_Driver/Src/stm32f4xx_ll_usb.c **** 
1173:Drivers/STM32F4xx_HAL_Driver/Src/stm32f4xx_ll_usb.c ****   USBx_DEVICE->DCTL &= ~USB_OTG_DCTL_SDIS;
1174:Drivers/STM32F4xx_HAL_Driver/Src/stm32f4xx_ll_usb.c **** 
1175:Drivers/STM32F4xx_HAL_Driver/Src/stm32f4xx_ll_usb.c ****   return HAL_OK;
1176:Drivers/STM32F4xx_HAL_Driver/Src/stm32f4xx_ll_usb.c **** }
1177:Drivers/STM32F4xx_HAL_Driver/Src/stm32f4xx_ll_usb.c **** 
1178:Drivers/STM32F4xx_HAL_Driver/Src/stm32f4xx_ll_usb.c **** /**
1179:Drivers/STM32F4xx_HAL_Driver/Src/stm32f4xx_ll_usb.c ****   * @brief  USB_DevDisconnect : Disconnect the USB device by disabling Rpu
1180:Drivers/STM32F4xx_HAL_Driver/Src/stm32f4xx_ll_usb.c ****   * @param  USBx  Selected device
1181:Drivers/STM32F4xx_HAL_Driver/Src/stm32f4xx_ll_usb.c ****   * @retval HAL status
1182:Drivers/STM32F4xx_HAL_Driver/Src/stm32f4xx_ll_usb.c ****   */
1183:Drivers/STM32F4xx_HAL_Driver/Src/stm32f4xx_ll_usb.c **** HAL_StatusTypeDef  USB_DevDisconnect(USB_OTG_GlobalTypeDef *USBx)
1184:Drivers/STM32F4xx_HAL_Driver/Src/stm32f4xx_ll_usb.c **** {
1185:Drivers/STM32F4xx_HAL_Driver/Src/stm32f4xx_ll_usb.c ****   uint32_t USBx_BASE = (uint32_t)USBx;
1186:Drivers/STM32F4xx_HAL_Driver/Src/stm32f4xx_ll_usb.c **** 
1187:Drivers/STM32F4xx_HAL_Driver/Src/stm32f4xx_ll_usb.c ****   /* In case phy is stopped, ensure to ungate and restore the phy CLK */
1188:Drivers/STM32F4xx_HAL_Driver/Src/stm32f4xx_ll_usb.c ****   USBx_PCGCCTL &= ~(USB_OTG_PCGCCTL_STOPCLK | USB_OTG_PCGCCTL_GATECLK);
1189:Drivers/STM32F4xx_HAL_Driver/Src/stm32f4xx_ll_usb.c **** 
1190:Drivers/STM32F4xx_HAL_Driver/Src/stm32f4xx_ll_usb.c ****   USBx_DEVICE->DCTL |= USB_OTG_DCTL_SDIS;
1191:Drivers/STM32F4xx_HAL_Driver/Src/stm32f4xx_ll_usb.c **** 
1192:Drivers/STM32F4xx_HAL_Driver/Src/stm32f4xx_ll_usb.c ****   return HAL_OK;
1193:Drivers/STM32F4xx_HAL_Driver/Src/stm32f4xx_ll_usb.c **** }
1194:Drivers/STM32F4xx_HAL_Driver/Src/stm32f4xx_ll_usb.c **** 
1195:Drivers/STM32F4xx_HAL_Driver/Src/stm32f4xx_ll_usb.c **** /**
1196:Drivers/STM32F4xx_HAL_Driver/Src/stm32f4xx_ll_usb.c ****   * @brief  USB_ReadInterrupts: return the global USB interrupt status
1197:Drivers/STM32F4xx_HAL_Driver/Src/stm32f4xx_ll_usb.c ****   * @param  USBx  Selected device
1198:Drivers/STM32F4xx_HAL_Driver/Src/stm32f4xx_ll_usb.c ****   * @retval HAL status
1199:Drivers/STM32F4xx_HAL_Driver/Src/stm32f4xx_ll_usb.c ****   */
1200:Drivers/STM32F4xx_HAL_Driver/Src/stm32f4xx_ll_usb.c **** uint32_t  USB_ReadInterrupts(USB_OTG_GlobalTypeDef *USBx)
1201:Drivers/STM32F4xx_HAL_Driver/Src/stm32f4xx_ll_usb.c **** {
1202:Drivers/STM32F4xx_HAL_Driver/Src/stm32f4xx_ll_usb.c ****   uint32_t tmpreg;
1203:Drivers/STM32F4xx_HAL_Driver/Src/stm32f4xx_ll_usb.c **** 
1204:Drivers/STM32F4xx_HAL_Driver/Src/stm32f4xx_ll_usb.c ****   tmpreg = USBx->GINTSTS;
1205:Drivers/STM32F4xx_HAL_Driver/Src/stm32f4xx_ll_usb.c ****   tmpreg &= USBx->GINTMSK;
1206:Drivers/STM32F4xx_HAL_Driver/Src/stm32f4xx_ll_usb.c **** 
1207:Drivers/STM32F4xx_HAL_Driver/Src/stm32f4xx_ll_usb.c ****   return tmpreg;
1208:Drivers/STM32F4xx_HAL_Driver/Src/stm32f4xx_ll_usb.c **** }
1209:Drivers/STM32F4xx_HAL_Driver/Src/stm32f4xx_ll_usb.c **** 
1210:Drivers/STM32F4xx_HAL_Driver/Src/stm32f4xx_ll_usb.c **** /**
1211:Drivers/STM32F4xx_HAL_Driver/Src/stm32f4xx_ll_usb.c ****   * @brief  USB_ReadDevAllOutEpInterrupt: return the USB device OUT endpoints interrupt status
1212:Drivers/STM32F4xx_HAL_Driver/Src/stm32f4xx_ll_usb.c ****   * @param  USBx  Selected device
1213:Drivers/STM32F4xx_HAL_Driver/Src/stm32f4xx_ll_usb.c ****   * @retval HAL status
1214:Drivers/STM32F4xx_HAL_Driver/Src/stm32f4xx_ll_usb.c ****   */
1215:Drivers/STM32F4xx_HAL_Driver/Src/stm32f4xx_ll_usb.c **** uint32_t USB_ReadDevAllOutEpInterrupt(USB_OTG_GlobalTypeDef *USBx)
1216:Drivers/STM32F4xx_HAL_Driver/Src/stm32f4xx_ll_usb.c **** {
1217:Drivers/STM32F4xx_HAL_Driver/Src/stm32f4xx_ll_usb.c ****   uint32_t USBx_BASE = (uint32_t)USBx;
1218:Drivers/STM32F4xx_HAL_Driver/Src/stm32f4xx_ll_usb.c ****   uint32_t tmpreg;
1219:Drivers/STM32F4xx_HAL_Driver/Src/stm32f4xx_ll_usb.c **** 
1220:Drivers/STM32F4xx_HAL_Driver/Src/stm32f4xx_ll_usb.c ****   tmpreg  = USBx_DEVICE->DAINT;
1221:Drivers/STM32F4xx_HAL_Driver/Src/stm32f4xx_ll_usb.c ****   tmpreg &= USBx_DEVICE->DAINTMSK;
1222:Drivers/STM32F4xx_HAL_Driver/Src/stm32f4xx_ll_usb.c **** 
1223:Drivers/STM32F4xx_HAL_Driver/Src/stm32f4xx_ll_usb.c ****   return ((tmpreg & 0xffff0000U) >> 16);
1224:Drivers/STM32F4xx_HAL_Driver/Src/stm32f4xx_ll_usb.c **** }
1225:Drivers/STM32F4xx_HAL_Driver/Src/stm32f4xx_ll_usb.c **** 
1226:Drivers/STM32F4xx_HAL_Driver/Src/stm32f4xx_ll_usb.c **** /**
1227:Drivers/STM32F4xx_HAL_Driver/Src/stm32f4xx_ll_usb.c ****   * @brief  USB_ReadDevAllInEpInterrupt: return the USB device IN endpoints interrupt status
ARM GAS  /tmp/ccNXSnaU.s 			page 23


1228:Drivers/STM32F4xx_HAL_Driver/Src/stm32f4xx_ll_usb.c ****   * @param  USBx  Selected device
1229:Drivers/STM32F4xx_HAL_Driver/Src/stm32f4xx_ll_usb.c ****   * @retval HAL status
1230:Drivers/STM32F4xx_HAL_Driver/Src/stm32f4xx_ll_usb.c ****   */
1231:Drivers/STM32F4xx_HAL_Driver/Src/stm32f4xx_ll_usb.c **** uint32_t USB_ReadDevAllInEpInterrupt(USB_OTG_GlobalTypeDef *USBx)
1232:Drivers/STM32F4xx_HAL_Driver/Src/stm32f4xx_ll_usb.c **** {
1233:Drivers/STM32F4xx_HAL_Driver/Src/stm32f4xx_ll_usb.c ****   uint32_t USBx_BASE = (uint32_t)USBx;
1234:Drivers/STM32F4xx_HAL_Driver/Src/stm32f4xx_ll_usb.c ****   uint32_t tmpreg;
1235:Drivers/STM32F4xx_HAL_Driver/Src/stm32f4xx_ll_usb.c **** 
1236:Drivers/STM32F4xx_HAL_Driver/Src/stm32f4xx_ll_usb.c ****   tmpreg  = USBx_DEVICE->DAINT;
1237:Drivers/STM32F4xx_HAL_Driver/Src/stm32f4xx_ll_usb.c ****   tmpreg &= USBx_DEVICE->DAINTMSK;
1238:Drivers/STM32F4xx_HAL_Driver/Src/stm32f4xx_ll_usb.c **** 
1239:Drivers/STM32F4xx_HAL_Driver/Src/stm32f4xx_ll_usb.c ****   return ((tmpreg & 0xFFFFU));
1240:Drivers/STM32F4xx_HAL_Driver/Src/stm32f4xx_ll_usb.c **** }
1241:Drivers/STM32F4xx_HAL_Driver/Src/stm32f4xx_ll_usb.c **** 
1242:Drivers/STM32F4xx_HAL_Driver/Src/stm32f4xx_ll_usb.c **** /**
1243:Drivers/STM32F4xx_HAL_Driver/Src/stm32f4xx_ll_usb.c ****   * @brief  Returns Device OUT EP Interrupt register
1244:Drivers/STM32F4xx_HAL_Driver/Src/stm32f4xx_ll_usb.c ****   * @param  USBx  Selected device
1245:Drivers/STM32F4xx_HAL_Driver/Src/stm32f4xx_ll_usb.c ****   * @param  epnum  endpoint number
1246:Drivers/STM32F4xx_HAL_Driver/Src/stm32f4xx_ll_usb.c ****   *          This parameter can be a value from 0 to 15
1247:Drivers/STM32F4xx_HAL_Driver/Src/stm32f4xx_ll_usb.c ****   * @retval Device OUT EP Interrupt register
1248:Drivers/STM32F4xx_HAL_Driver/Src/stm32f4xx_ll_usb.c ****   */
1249:Drivers/STM32F4xx_HAL_Driver/Src/stm32f4xx_ll_usb.c **** uint32_t USB_ReadDevOutEPInterrupt(USB_OTG_GlobalTypeDef *USBx, uint8_t epnum)
1250:Drivers/STM32F4xx_HAL_Driver/Src/stm32f4xx_ll_usb.c **** {
1251:Drivers/STM32F4xx_HAL_Driver/Src/stm32f4xx_ll_usb.c ****   uint32_t USBx_BASE = (uint32_t)USBx;
1252:Drivers/STM32F4xx_HAL_Driver/Src/stm32f4xx_ll_usb.c ****   uint32_t tmpreg;
1253:Drivers/STM32F4xx_HAL_Driver/Src/stm32f4xx_ll_usb.c **** 
1254:Drivers/STM32F4xx_HAL_Driver/Src/stm32f4xx_ll_usb.c ****   tmpreg  = USBx_OUTEP((uint32_t)epnum)->DOEPINT;
1255:Drivers/STM32F4xx_HAL_Driver/Src/stm32f4xx_ll_usb.c ****   tmpreg &= USBx_DEVICE->DOEPMSK;
1256:Drivers/STM32F4xx_HAL_Driver/Src/stm32f4xx_ll_usb.c **** 
1257:Drivers/STM32F4xx_HAL_Driver/Src/stm32f4xx_ll_usb.c ****   return tmpreg;
1258:Drivers/STM32F4xx_HAL_Driver/Src/stm32f4xx_ll_usb.c **** }
1259:Drivers/STM32F4xx_HAL_Driver/Src/stm32f4xx_ll_usb.c **** 
1260:Drivers/STM32F4xx_HAL_Driver/Src/stm32f4xx_ll_usb.c **** /**
1261:Drivers/STM32F4xx_HAL_Driver/Src/stm32f4xx_ll_usb.c ****   * @brief  Returns Device IN EP Interrupt register
1262:Drivers/STM32F4xx_HAL_Driver/Src/stm32f4xx_ll_usb.c ****   * @param  USBx  Selected device
1263:Drivers/STM32F4xx_HAL_Driver/Src/stm32f4xx_ll_usb.c ****   * @param  epnum  endpoint number
1264:Drivers/STM32F4xx_HAL_Driver/Src/stm32f4xx_ll_usb.c ****   *          This parameter can be a value from 0 to 15
1265:Drivers/STM32F4xx_HAL_Driver/Src/stm32f4xx_ll_usb.c ****   * @retval Device IN EP Interrupt register
1266:Drivers/STM32F4xx_HAL_Driver/Src/stm32f4xx_ll_usb.c ****   */
1267:Drivers/STM32F4xx_HAL_Driver/Src/stm32f4xx_ll_usb.c **** uint32_t USB_ReadDevInEPInterrupt(USB_OTG_GlobalTypeDef *USBx, uint8_t epnum)
1268:Drivers/STM32F4xx_HAL_Driver/Src/stm32f4xx_ll_usb.c **** {
1269:Drivers/STM32F4xx_HAL_Driver/Src/stm32f4xx_ll_usb.c ****   uint32_t USBx_BASE = (uint32_t)USBx;
1270:Drivers/STM32F4xx_HAL_Driver/Src/stm32f4xx_ll_usb.c ****   uint32_t tmpreg;
1271:Drivers/STM32F4xx_HAL_Driver/Src/stm32f4xx_ll_usb.c ****   uint32_t msk;
1272:Drivers/STM32F4xx_HAL_Driver/Src/stm32f4xx_ll_usb.c ****   uint32_t emp;
1273:Drivers/STM32F4xx_HAL_Driver/Src/stm32f4xx_ll_usb.c **** 
1274:Drivers/STM32F4xx_HAL_Driver/Src/stm32f4xx_ll_usb.c ****   msk = USBx_DEVICE->DIEPMSK;
1275:Drivers/STM32F4xx_HAL_Driver/Src/stm32f4xx_ll_usb.c ****   emp = USBx_DEVICE->DIEPEMPMSK;
1276:Drivers/STM32F4xx_HAL_Driver/Src/stm32f4xx_ll_usb.c ****   msk |= ((emp >> (epnum & EP_ADDR_MSK)) & 0x1U) << 7;
1277:Drivers/STM32F4xx_HAL_Driver/Src/stm32f4xx_ll_usb.c ****   tmpreg = USBx_INEP((uint32_t)epnum)->DIEPINT & msk;
1278:Drivers/STM32F4xx_HAL_Driver/Src/stm32f4xx_ll_usb.c **** 
1279:Drivers/STM32F4xx_HAL_Driver/Src/stm32f4xx_ll_usb.c ****   return tmpreg;
1280:Drivers/STM32F4xx_HAL_Driver/Src/stm32f4xx_ll_usb.c **** }
1281:Drivers/STM32F4xx_HAL_Driver/Src/stm32f4xx_ll_usb.c **** 
1282:Drivers/STM32F4xx_HAL_Driver/Src/stm32f4xx_ll_usb.c **** /**
1283:Drivers/STM32F4xx_HAL_Driver/Src/stm32f4xx_ll_usb.c ****   * @brief  USB_ClearInterrupts: clear a USB interrupt
1284:Drivers/STM32F4xx_HAL_Driver/Src/stm32f4xx_ll_usb.c ****   * @param  USBx  Selected device
ARM GAS  /tmp/ccNXSnaU.s 			page 24


1285:Drivers/STM32F4xx_HAL_Driver/Src/stm32f4xx_ll_usb.c ****   * @param  interrupt  flag
1286:Drivers/STM32F4xx_HAL_Driver/Src/stm32f4xx_ll_usb.c ****   * @retval None
1287:Drivers/STM32F4xx_HAL_Driver/Src/stm32f4xx_ll_usb.c ****   */
1288:Drivers/STM32F4xx_HAL_Driver/Src/stm32f4xx_ll_usb.c **** void  USB_ClearInterrupts(USB_OTG_GlobalTypeDef *USBx, uint32_t interrupt)
1289:Drivers/STM32F4xx_HAL_Driver/Src/stm32f4xx_ll_usb.c **** {
1290:Drivers/STM32F4xx_HAL_Driver/Src/stm32f4xx_ll_usb.c ****   USBx->GINTSTS |= interrupt;
1291:Drivers/STM32F4xx_HAL_Driver/Src/stm32f4xx_ll_usb.c **** }
1292:Drivers/STM32F4xx_HAL_Driver/Src/stm32f4xx_ll_usb.c **** 
1293:Drivers/STM32F4xx_HAL_Driver/Src/stm32f4xx_ll_usb.c **** /**
1294:Drivers/STM32F4xx_HAL_Driver/Src/stm32f4xx_ll_usb.c ****   * @brief  Returns USB core mode
1295:Drivers/STM32F4xx_HAL_Driver/Src/stm32f4xx_ll_usb.c ****   * @param  USBx  Selected device
1296:Drivers/STM32F4xx_HAL_Driver/Src/stm32f4xx_ll_usb.c ****   * @retval return core mode : Host or Device
1297:Drivers/STM32F4xx_HAL_Driver/Src/stm32f4xx_ll_usb.c ****   *          This parameter can be one of these values:
1298:Drivers/STM32F4xx_HAL_Driver/Src/stm32f4xx_ll_usb.c ****   *           0 : Host
1299:Drivers/STM32F4xx_HAL_Driver/Src/stm32f4xx_ll_usb.c ****   *           1 : Device
1300:Drivers/STM32F4xx_HAL_Driver/Src/stm32f4xx_ll_usb.c ****   */
1301:Drivers/STM32F4xx_HAL_Driver/Src/stm32f4xx_ll_usb.c **** uint32_t USB_GetMode(USB_OTG_GlobalTypeDef *USBx)
1302:Drivers/STM32F4xx_HAL_Driver/Src/stm32f4xx_ll_usb.c **** {
1303:Drivers/STM32F4xx_HAL_Driver/Src/stm32f4xx_ll_usb.c ****   return ((USBx->GINTSTS) & 0x1U);
1304:Drivers/STM32F4xx_HAL_Driver/Src/stm32f4xx_ll_usb.c **** }
1305:Drivers/STM32F4xx_HAL_Driver/Src/stm32f4xx_ll_usb.c **** 
1306:Drivers/STM32F4xx_HAL_Driver/Src/stm32f4xx_ll_usb.c **** /**
1307:Drivers/STM32F4xx_HAL_Driver/Src/stm32f4xx_ll_usb.c ****   * @brief  Activate EP0 for Setup transactions
1308:Drivers/STM32F4xx_HAL_Driver/Src/stm32f4xx_ll_usb.c ****   * @param  USBx  Selected device
1309:Drivers/STM32F4xx_HAL_Driver/Src/stm32f4xx_ll_usb.c ****   * @retval HAL status
1310:Drivers/STM32F4xx_HAL_Driver/Src/stm32f4xx_ll_usb.c ****   */
1311:Drivers/STM32F4xx_HAL_Driver/Src/stm32f4xx_ll_usb.c **** HAL_StatusTypeDef  USB_ActivateSetup(USB_OTG_GlobalTypeDef *USBx)
1312:Drivers/STM32F4xx_HAL_Driver/Src/stm32f4xx_ll_usb.c **** {
1313:Drivers/STM32F4xx_HAL_Driver/Src/stm32f4xx_ll_usb.c ****   uint32_t USBx_BASE = (uint32_t)USBx;
1314:Drivers/STM32F4xx_HAL_Driver/Src/stm32f4xx_ll_usb.c **** 
1315:Drivers/STM32F4xx_HAL_Driver/Src/stm32f4xx_ll_usb.c ****   /* Set the MPS of the IN EP0 to 64 bytes */
1316:Drivers/STM32F4xx_HAL_Driver/Src/stm32f4xx_ll_usb.c ****   USBx_INEP(0U)->DIEPCTL &= ~USB_OTG_DIEPCTL_MPSIZ;
1317:Drivers/STM32F4xx_HAL_Driver/Src/stm32f4xx_ll_usb.c **** 
1318:Drivers/STM32F4xx_HAL_Driver/Src/stm32f4xx_ll_usb.c ****   USBx_DEVICE->DCTL |= USB_OTG_DCTL_CGINAK;
1319:Drivers/STM32F4xx_HAL_Driver/Src/stm32f4xx_ll_usb.c **** 
1320:Drivers/STM32F4xx_HAL_Driver/Src/stm32f4xx_ll_usb.c ****   return HAL_OK;
1321:Drivers/STM32F4xx_HAL_Driver/Src/stm32f4xx_ll_usb.c **** }
1322:Drivers/STM32F4xx_HAL_Driver/Src/stm32f4xx_ll_usb.c **** 
1323:Drivers/STM32F4xx_HAL_Driver/Src/stm32f4xx_ll_usb.c **** /**
1324:Drivers/STM32F4xx_HAL_Driver/Src/stm32f4xx_ll_usb.c ****   * @brief  Prepare the EP0 to start the first control setup
1325:Drivers/STM32F4xx_HAL_Driver/Src/stm32f4xx_ll_usb.c ****   * @param  USBx  Selected device
1326:Drivers/STM32F4xx_HAL_Driver/Src/stm32f4xx_ll_usb.c ****   * @param  dma USB dma enabled or disabled
1327:Drivers/STM32F4xx_HAL_Driver/Src/stm32f4xx_ll_usb.c ****   *          This parameter can be one of these values:
1328:Drivers/STM32F4xx_HAL_Driver/Src/stm32f4xx_ll_usb.c ****   *           0 : DMA feature not used
1329:Drivers/STM32F4xx_HAL_Driver/Src/stm32f4xx_ll_usb.c ****   *           1 : DMA feature used
1330:Drivers/STM32F4xx_HAL_Driver/Src/stm32f4xx_ll_usb.c ****   * @param  psetup  pointer to setup packet
1331:Drivers/STM32F4xx_HAL_Driver/Src/stm32f4xx_ll_usb.c ****   * @retval HAL status
1332:Drivers/STM32F4xx_HAL_Driver/Src/stm32f4xx_ll_usb.c ****   */
1333:Drivers/STM32F4xx_HAL_Driver/Src/stm32f4xx_ll_usb.c **** HAL_StatusTypeDef USB_EP0_OutStart(USB_OTG_GlobalTypeDef *USBx, uint8_t dma, uint8_t *psetup)
1334:Drivers/STM32F4xx_HAL_Driver/Src/stm32f4xx_ll_usb.c **** {
1335:Drivers/STM32F4xx_HAL_Driver/Src/stm32f4xx_ll_usb.c ****   uint32_t USBx_BASE = (uint32_t)USBx;
1336:Drivers/STM32F4xx_HAL_Driver/Src/stm32f4xx_ll_usb.c ****   uint32_t gSNPSiD = *(__IO uint32_t *)(&USBx->CID + 0x1U);
1337:Drivers/STM32F4xx_HAL_Driver/Src/stm32f4xx_ll_usb.c **** 
1338:Drivers/STM32F4xx_HAL_Driver/Src/stm32f4xx_ll_usb.c ****   if (gSNPSiD > USB_OTG_CORE_ID_300A)
1339:Drivers/STM32F4xx_HAL_Driver/Src/stm32f4xx_ll_usb.c ****   {
1340:Drivers/STM32F4xx_HAL_Driver/Src/stm32f4xx_ll_usb.c ****     if ((USBx_OUTEP(0U)->DOEPCTL & USB_OTG_DOEPCTL_EPENA) == USB_OTG_DOEPCTL_EPENA)
1341:Drivers/STM32F4xx_HAL_Driver/Src/stm32f4xx_ll_usb.c ****     {
ARM GAS  /tmp/ccNXSnaU.s 			page 25


1342:Drivers/STM32F4xx_HAL_Driver/Src/stm32f4xx_ll_usb.c ****       return HAL_OK;
1343:Drivers/STM32F4xx_HAL_Driver/Src/stm32f4xx_ll_usb.c ****     }
1344:Drivers/STM32F4xx_HAL_Driver/Src/stm32f4xx_ll_usb.c ****   }
1345:Drivers/STM32F4xx_HAL_Driver/Src/stm32f4xx_ll_usb.c **** 
1346:Drivers/STM32F4xx_HAL_Driver/Src/stm32f4xx_ll_usb.c ****   USBx_OUTEP(0U)->DOEPTSIZ = 0U;
1347:Drivers/STM32F4xx_HAL_Driver/Src/stm32f4xx_ll_usb.c ****   USBx_OUTEP(0U)->DOEPTSIZ |= (USB_OTG_DOEPTSIZ_PKTCNT & (1U << 19));
1348:Drivers/STM32F4xx_HAL_Driver/Src/stm32f4xx_ll_usb.c ****   USBx_OUTEP(0U)->DOEPTSIZ |= (3U * 8U);
1349:Drivers/STM32F4xx_HAL_Driver/Src/stm32f4xx_ll_usb.c ****   USBx_OUTEP(0U)->DOEPTSIZ |=  USB_OTG_DOEPTSIZ_STUPCNT;
1350:Drivers/STM32F4xx_HAL_Driver/Src/stm32f4xx_ll_usb.c **** 
1351:Drivers/STM32F4xx_HAL_Driver/Src/stm32f4xx_ll_usb.c ****   if (dma == 1U)
1352:Drivers/STM32F4xx_HAL_Driver/Src/stm32f4xx_ll_usb.c ****   {
1353:Drivers/STM32F4xx_HAL_Driver/Src/stm32f4xx_ll_usb.c ****     USBx_OUTEP(0U)->DOEPDMA = (uint32_t)psetup;
1354:Drivers/STM32F4xx_HAL_Driver/Src/stm32f4xx_ll_usb.c ****     /* EP enable */
1355:Drivers/STM32F4xx_HAL_Driver/Src/stm32f4xx_ll_usb.c ****     USBx_OUTEP(0U)->DOEPCTL |= USB_OTG_DOEPCTL_EPENA | USB_OTG_DOEPCTL_USBAEP;
1356:Drivers/STM32F4xx_HAL_Driver/Src/stm32f4xx_ll_usb.c ****   }
1357:Drivers/STM32F4xx_HAL_Driver/Src/stm32f4xx_ll_usb.c **** 
1358:Drivers/STM32F4xx_HAL_Driver/Src/stm32f4xx_ll_usb.c ****   return HAL_OK;
1359:Drivers/STM32F4xx_HAL_Driver/Src/stm32f4xx_ll_usb.c **** }
1360:Drivers/STM32F4xx_HAL_Driver/Src/stm32f4xx_ll_usb.c **** 
1361:Drivers/STM32F4xx_HAL_Driver/Src/stm32f4xx_ll_usb.c **** /**
1362:Drivers/STM32F4xx_HAL_Driver/Src/stm32f4xx_ll_usb.c ****   * @brief  Reset the USB Core (needed after USB clock settings change)
1363:Drivers/STM32F4xx_HAL_Driver/Src/stm32f4xx_ll_usb.c ****   * @param  USBx  Selected device
1364:Drivers/STM32F4xx_HAL_Driver/Src/stm32f4xx_ll_usb.c ****   * @retval HAL status
1365:Drivers/STM32F4xx_HAL_Driver/Src/stm32f4xx_ll_usb.c ****   */
1366:Drivers/STM32F4xx_HAL_Driver/Src/stm32f4xx_ll_usb.c **** static HAL_StatusTypeDef USB_CoreReset(USB_OTG_GlobalTypeDef *USBx)
1367:Drivers/STM32F4xx_HAL_Driver/Src/stm32f4xx_ll_usb.c **** {
  29              		.loc 1 1367 1 view -0
  30              		.cfi_startproc
  31              		@ args = 0, pretend = 0, frame = 8
  32              		@ frame_needed = 0, uses_anonymous_args = 0
  33              		@ link register save eliminated.
  34              		.loc 1 1367 1 is_stmt 0 view .LVU1
  35 0000 82B0     		sub	sp, sp, #8
  36              		.cfi_def_cfa_offset 8
1368:Drivers/STM32F4xx_HAL_Driver/Src/stm32f4xx_ll_usb.c ****   __IO uint32_t count = 0U;
  37              		.loc 1 1368 3 is_stmt 1 view .LVU2
  38              		.loc 1 1368 17 is_stmt 0 view .LVU3
  39 0002 0023     		movs	r3, #0
  40 0004 0193     		str	r3, [sp, #4]
  41              	.L3:
1369:Drivers/STM32F4xx_HAL_Driver/Src/stm32f4xx_ll_usb.c **** 
1370:Drivers/STM32F4xx_HAL_Driver/Src/stm32f4xx_ll_usb.c ****   /* Wait for AHB master IDLE state. */
1371:Drivers/STM32F4xx_HAL_Driver/Src/stm32f4xx_ll_usb.c ****   do
  42              		.loc 1 1371 3 is_stmt 1 view .LVU4
1372:Drivers/STM32F4xx_HAL_Driver/Src/stm32f4xx_ll_usb.c ****   {
1373:Drivers/STM32F4xx_HAL_Driver/Src/stm32f4xx_ll_usb.c ****     if (++count > 200000U)
  43              		.loc 1 1373 5 view .LVU5
  44              		.loc 1 1373 9 is_stmt 0 view .LVU6
  45 0006 019B     		ldr	r3, [sp, #4]
  46 0008 0133     		adds	r3, r3, #1
  47              		.loc 1 1373 8 view .LVU7
  48 000a 0193     		str	r3, [sp, #4]
  49 000c 0E4A     		ldr	r2, .L8
  50 000e 9342     		cmp	r3, r2
  51 0010 14D8     		bhi	.L5
1374:Drivers/STM32F4xx_HAL_Driver/Src/stm32f4xx_ll_usb.c ****     {
1375:Drivers/STM32F4xx_HAL_Driver/Src/stm32f4xx_ll_usb.c ****       return HAL_TIMEOUT;
ARM GAS  /tmp/ccNXSnaU.s 			page 26


1376:Drivers/STM32F4xx_HAL_Driver/Src/stm32f4xx_ll_usb.c ****     }
1377:Drivers/STM32F4xx_HAL_Driver/Src/stm32f4xx_ll_usb.c ****   } while ((USBx->GRSTCTL & USB_OTG_GRSTCTL_AHBIDL) == 0U);
  52              		.loc 1 1377 53 is_stmt 1 view .LVU8
  53              		.loc 1 1377 17 is_stmt 0 view .LVU9
  54 0012 0369     		ldr	r3, [r0, #16]
  55              		.loc 1 1377 53 view .LVU10
  56 0014 002B     		cmp	r3, #0
  57 0016 F6DA     		bge	.L3
1378:Drivers/STM32F4xx_HAL_Driver/Src/stm32f4xx_ll_usb.c **** 
1379:Drivers/STM32F4xx_HAL_Driver/Src/stm32f4xx_ll_usb.c ****   /* Core Soft Reset */
1380:Drivers/STM32F4xx_HAL_Driver/Src/stm32f4xx_ll_usb.c ****   count = 0U;
  58              		.loc 1 1380 3 is_stmt 1 view .LVU11
  59              		.loc 1 1380 9 is_stmt 0 view .LVU12
  60 0018 0023     		movs	r3, #0
  61 001a 0193     		str	r3, [sp, #4]
1381:Drivers/STM32F4xx_HAL_Driver/Src/stm32f4xx_ll_usb.c ****   USBx->GRSTCTL |= USB_OTG_GRSTCTL_CSRST;
  62              		.loc 1 1381 3 is_stmt 1 view .LVU13
  63              		.loc 1 1381 7 is_stmt 0 view .LVU14
  64 001c 0369     		ldr	r3, [r0, #16]
  65              		.loc 1 1381 17 view .LVU15
  66 001e 43F00103 		orr	r3, r3, #1
  67 0022 0361     		str	r3, [r0, #16]
  68              	.L4:
1382:Drivers/STM32F4xx_HAL_Driver/Src/stm32f4xx_ll_usb.c **** 
1383:Drivers/STM32F4xx_HAL_Driver/Src/stm32f4xx_ll_usb.c ****   do
  69              		.loc 1 1383 3 is_stmt 1 view .LVU16
1384:Drivers/STM32F4xx_HAL_Driver/Src/stm32f4xx_ll_usb.c ****   {
1385:Drivers/STM32F4xx_HAL_Driver/Src/stm32f4xx_ll_usb.c ****     if (++count > 200000U)
  70              		.loc 1 1385 5 view .LVU17
  71              		.loc 1 1385 9 is_stmt 0 view .LVU18
  72 0024 019B     		ldr	r3, [sp, #4]
  73 0026 0133     		adds	r3, r3, #1
  74              		.loc 1 1385 8 view .LVU19
  75 0028 0193     		str	r3, [sp, #4]
  76 002a 074A     		ldr	r2, .L8
  77 002c 9342     		cmp	r3, r2
  78 002e 08D8     		bhi	.L6
1386:Drivers/STM32F4xx_HAL_Driver/Src/stm32f4xx_ll_usb.c ****     {
1387:Drivers/STM32F4xx_HAL_Driver/Src/stm32f4xx_ll_usb.c ****       return HAL_TIMEOUT;
1388:Drivers/STM32F4xx_HAL_Driver/Src/stm32f4xx_ll_usb.c ****     }
1389:Drivers/STM32F4xx_HAL_Driver/Src/stm32f4xx_ll_usb.c ****   } while ((USBx->GRSTCTL & USB_OTG_GRSTCTL_CSRST) == USB_OTG_GRSTCTL_CSRST);
  79              		.loc 1 1389 52 is_stmt 1 view .LVU20
  80              		.loc 1 1389 17 is_stmt 0 view .LVU21
  81 0030 0369     		ldr	r3, [r0, #16]
  82              		.loc 1 1389 52 view .LVU22
  83 0032 13F0010F 		tst	r3, #1
  84 0036 F5D1     		bne	.L4
1390:Drivers/STM32F4xx_HAL_Driver/Src/stm32f4xx_ll_usb.c **** 
1391:Drivers/STM32F4xx_HAL_Driver/Src/stm32f4xx_ll_usb.c ****   return HAL_OK;
  85              		.loc 1 1391 10 view .LVU23
  86 0038 0020     		movs	r0, #0
  87              	.LVL1:
  88              		.loc 1 1391 10 view .LVU24
  89 003a 00E0     		b	.L2
  90              	.LVL2:
  91              	.L5:
1375:Drivers/STM32F4xx_HAL_Driver/Src/stm32f4xx_ll_usb.c ****     }
ARM GAS  /tmp/ccNXSnaU.s 			page 27


  92              		.loc 1 1375 14 view .LVU25
  93 003c 0320     		movs	r0, #3
  94              	.LVL3:
  95              	.L2:
1392:Drivers/STM32F4xx_HAL_Driver/Src/stm32f4xx_ll_usb.c **** }
  96              		.loc 1 1392 1 view .LVU26
  97 003e 02B0     		add	sp, sp, #8
  98              		.cfi_remember_state
  99              		.cfi_def_cfa_offset 0
 100              		@ sp needed
 101 0040 7047     		bx	lr
 102              	.LVL4:
 103              	.L6:
 104              		.cfi_restore_state
1387:Drivers/STM32F4xx_HAL_Driver/Src/stm32f4xx_ll_usb.c ****     }
 105              		.loc 1 1387 14 view .LVU27
 106 0042 0320     		movs	r0, #3
 107              	.LVL5:
1387:Drivers/STM32F4xx_HAL_Driver/Src/stm32f4xx_ll_usb.c ****     }
 108              		.loc 1 1387 14 view .LVU28
 109 0044 FBE7     		b	.L2
 110              	.L9:
 111 0046 00BF     		.align	2
 112              	.L8:
 113 0048 400D0300 		.word	200000
 114              		.cfi_endproc
 115              	.LFE249:
 117              		.section	.text.USB_CoreInit,"ax",%progbits
 118              		.align	1
 119              		.global	USB_CoreInit
 120              		.syntax unified
 121              		.thumb
 122              		.thumb_func
 124              	USB_CoreInit:
 125              	.LVL6:
 126              	.LFB216:
  83:Drivers/STM32F4xx_HAL_Driver/Src/stm32f4xx_ll_usb.c ****   HAL_StatusTypeDef ret;
 127              		.loc 1 83 1 is_stmt 1 view -0
 128              		.cfi_startproc
 129              		@ args = 56, pretend = 16, frame = 0
 130              		@ frame_needed = 0, uses_anonymous_args = 0
  83:Drivers/STM32F4xx_HAL_Driver/Src/stm32f4xx_ll_usb.c ****   HAL_StatusTypeDef ret;
 131              		.loc 1 83 1 is_stmt 0 view .LVU30
 132 0000 84B0     		sub	sp, sp, #16
 133              		.cfi_def_cfa_offset 16
 134 0002 10B5     		push	{r4, lr}
 135              		.cfi_def_cfa_offset 24
 136              		.cfi_offset 4, -24
 137              		.cfi_offset 14, -20
 138 0004 0446     		mov	r4, r0
 139 0006 03A8     		add	r0, sp, #12
 140              	.LVL7:
  83:Drivers/STM32F4xx_HAL_Driver/Src/stm32f4xx_ll_usb.c ****   HAL_StatusTypeDef ret;
 141              		.loc 1 83 1 view .LVU31
 142 0008 80E80E00 		stm	r0, {r1, r2, r3}
  84:Drivers/STM32F4xx_HAL_Driver/Src/stm32f4xx_ll_usb.c **** 
 143              		.loc 1 84 3 is_stmt 1 view .LVU32
ARM GAS  /tmp/ccNXSnaU.s 			page 28


  86:Drivers/STM32F4xx_HAL_Driver/Src/stm32f4xx_ll_usb.c ****   {
 144              		.loc 1 86 3 view .LVU33
  86:Drivers/STM32F4xx_HAL_Driver/Src/stm32f4xx_ll_usb.c ****   {
 145              		.loc 1 86 10 is_stmt 0 view .LVU34
 146 000c 089B     		ldr	r3, [sp, #32]
  86:Drivers/STM32F4xx_HAL_Driver/Src/stm32f4xx_ll_usb.c ****   {
 147              		.loc 1 86 6 view .LVU35
 148 000e 012B     		cmp	r3, #1
 149 0010 1FD1     		bne	.L11
  88:Drivers/STM32F4xx_HAL_Driver/Src/stm32f4xx_ll_usb.c **** 
 150              		.loc 1 88 5 is_stmt 1 view .LVU36
  88:Drivers/STM32F4xx_HAL_Driver/Src/stm32f4xx_ll_usb.c **** 
 151              		.loc 1 88 9 is_stmt 0 view .LVU37
 152 0012 A36B     		ldr	r3, [r4, #56]
  88:Drivers/STM32F4xx_HAL_Driver/Src/stm32f4xx_ll_usb.c **** 
 153              		.loc 1 88 17 view .LVU38
 154 0014 23F48033 		bic	r3, r3, #65536
 155 0018 A363     		str	r3, [r4, #56]
  91:Drivers/STM32F4xx_HAL_Driver/Src/stm32f4xx_ll_usb.c **** 
 156              		.loc 1 91 5 is_stmt 1 view .LVU39
  91:Drivers/STM32F4xx_HAL_Driver/Src/stm32f4xx_ll_usb.c **** 
 157              		.loc 1 91 9 is_stmt 0 view .LVU40
 158 001a E368     		ldr	r3, [r4, #12]
  91:Drivers/STM32F4xx_HAL_Driver/Src/stm32f4xx_ll_usb.c **** 
 159              		.loc 1 91 19 view .LVU41
 160 001c 23F48403 		bic	r3, r3, #4325376
 161 0020 23F04003 		bic	r3, r3, #64
 162 0024 E360     		str	r3, [r4, #12]
  94:Drivers/STM32F4xx_HAL_Driver/Src/stm32f4xx_ll_usb.c ****     if (cfg.use_external_vbus == 1U)
 163              		.loc 1 94 5 is_stmt 1 view .LVU42
  94:Drivers/STM32F4xx_HAL_Driver/Src/stm32f4xx_ll_usb.c ****     if (cfg.use_external_vbus == 1U)
 164              		.loc 1 94 9 is_stmt 0 view .LVU43
 165 0026 E368     		ldr	r3, [r4, #12]
  94:Drivers/STM32F4xx_HAL_Driver/Src/stm32f4xx_ll_usb.c ****     if (cfg.use_external_vbus == 1U)
 166              		.loc 1 94 19 view .LVU44
 167 0028 23F44013 		bic	r3, r3, #3145728
 168 002c E360     		str	r3, [r4, #12]
  95:Drivers/STM32F4xx_HAL_Driver/Src/stm32f4xx_ll_usb.c ****     {
 169              		.loc 1 95 5 is_stmt 1 view .LVU45
  95:Drivers/STM32F4xx_HAL_Driver/Src/stm32f4xx_ll_usb.c ****     {
 170              		.loc 1 95 12 is_stmt 0 view .LVU46
 171 002e 0F9B     		ldr	r3, [sp, #60]
  95:Drivers/STM32F4xx_HAL_Driver/Src/stm32f4xx_ll_usb.c ****     {
 172              		.loc 1 95 8 view .LVU47
 173 0030 012B     		cmp	r3, #1
 174 0032 09D0     		beq	.L17
 175              	.L12:
 101:Drivers/STM32F4xx_HAL_Driver/Src/stm32f4xx_ll_usb.c ****   }
 176              		.loc 1 101 5 is_stmt 1 view .LVU48
 101:Drivers/STM32F4xx_HAL_Driver/Src/stm32f4xx_ll_usb.c ****   }
 177              		.loc 1 101 11 is_stmt 0 view .LVU49
 178 0034 2046     		mov	r0, r4
 179 0036 FFF7FEFF 		bl	USB_CoreReset
 180              	.LVL8:
 181              	.L13:
 123:Drivers/STM32F4xx_HAL_Driver/Src/stm32f4xx_ll_usb.c ****   {
 182              		.loc 1 123 3 is_stmt 1 view .LVU50
ARM GAS  /tmp/ccNXSnaU.s 			page 29


 123:Drivers/STM32F4xx_HAL_Driver/Src/stm32f4xx_ll_usb.c ****   {
 183              		.loc 1 123 10 is_stmt 0 view .LVU51
 184 003a 069B     		ldr	r3, [sp, #24]
 123:Drivers/STM32F4xx_HAL_Driver/Src/stm32f4xx_ll_usb.c ****   {
 185              		.loc 1 123 6 view .LVU52
 186 003c 012B     		cmp	r3, #1
 187 003e 1BD0     		beq	.L18
 188              	.L15:
 129:Drivers/STM32F4xx_HAL_Driver/Src/stm32f4xx_ll_usb.c **** }
 189              		.loc 1 129 3 is_stmt 1 view .LVU53
 130:Drivers/STM32F4xx_HAL_Driver/Src/stm32f4xx_ll_usb.c **** 
 190              		.loc 1 130 1 is_stmt 0 view .LVU54
 191 0040 BDE81040 		pop	{r4, lr}
 192              		.cfi_remember_state
 193              		.cfi_restore 14
 194              		.cfi_restore 4
 195              		.cfi_def_cfa_offset 16
 196              	.LVL9:
 130:Drivers/STM32F4xx_HAL_Driver/Src/stm32f4xx_ll_usb.c **** 
 197              		.loc 1 130 1 view .LVU55
 198 0044 04B0     		add	sp, sp, #16
 199              		.cfi_def_cfa_offset 0
 200 0046 7047     		bx	lr
 201              	.LVL10:
 202              	.L17:
 203              		.cfi_restore_state
  97:Drivers/STM32F4xx_HAL_Driver/Src/stm32f4xx_ll_usb.c ****     }
 204              		.loc 1 97 7 is_stmt 1 view .LVU56
  97:Drivers/STM32F4xx_HAL_Driver/Src/stm32f4xx_ll_usb.c ****     }
 205              		.loc 1 97 11 is_stmt 0 view .LVU57
 206 0048 E368     		ldr	r3, [r4, #12]
  97:Drivers/STM32F4xx_HAL_Driver/Src/stm32f4xx_ll_usb.c ****     }
 207              		.loc 1 97 21 view .LVU58
 208 004a 43F48013 		orr	r3, r3, #1048576
 209 004e E360     		str	r3, [r4, #12]
 210 0050 F0E7     		b	.L12
 211              	.L11:
 106:Drivers/STM32F4xx_HAL_Driver/Src/stm32f4xx_ll_usb.c **** 
 212              		.loc 1 106 5 is_stmt 1 view .LVU59
 106:Drivers/STM32F4xx_HAL_Driver/Src/stm32f4xx_ll_usb.c **** 
 213              		.loc 1 106 9 is_stmt 0 view .LVU60
 214 0052 E368     		ldr	r3, [r4, #12]
 106:Drivers/STM32F4xx_HAL_Driver/Src/stm32f4xx_ll_usb.c **** 
 215              		.loc 1 106 19 view .LVU61
 216 0054 43F04003 		orr	r3, r3, #64
 217 0058 E360     		str	r3, [r4, #12]
 109:Drivers/STM32F4xx_HAL_Driver/Src/stm32f4xx_ll_usb.c **** 
 218              		.loc 1 109 5 is_stmt 1 view .LVU62
 109:Drivers/STM32F4xx_HAL_Driver/Src/stm32f4xx_ll_usb.c **** 
 219              		.loc 1 109 11 is_stmt 0 view .LVU63
 220 005a 2046     		mov	r0, r4
 221 005c FFF7FEFF 		bl	USB_CoreReset
 222              	.LVL11:
 111:Drivers/STM32F4xx_HAL_Driver/Src/stm32f4xx_ll_usb.c ****     {
 223              		.loc 1 111 5 is_stmt 1 view .LVU64
 111:Drivers/STM32F4xx_HAL_Driver/Src/stm32f4xx_ll_usb.c ****     {
 224              		.loc 1 111 12 is_stmt 0 view .LVU65
ARM GAS  /tmp/ccNXSnaU.s 			page 30


 225 0060 0C9B     		ldr	r3, [sp, #48]
 111:Drivers/STM32F4xx_HAL_Driver/Src/stm32f4xx_ll_usb.c ****     {
 226              		.loc 1 111 8 view .LVU66
 227 0062 23B9     		cbnz	r3, .L14
 114:Drivers/STM32F4xx_HAL_Driver/Src/stm32f4xx_ll_usb.c ****     }
 228              		.loc 1 114 7 is_stmt 1 view .LVU67
 114:Drivers/STM32F4xx_HAL_Driver/Src/stm32f4xx_ll_usb.c ****     }
 229              		.loc 1 114 11 is_stmt 0 view .LVU68
 230 0064 A36B     		ldr	r3, [r4, #56]
 114:Drivers/STM32F4xx_HAL_Driver/Src/stm32f4xx_ll_usb.c ****     }
 231              		.loc 1 114 19 view .LVU69
 232 0066 43F48033 		orr	r3, r3, #65536
 233 006a A363     		str	r3, [r4, #56]
 234 006c E5E7     		b	.L13
 235              	.L14:
 119:Drivers/STM32F4xx_HAL_Driver/Src/stm32f4xx_ll_usb.c ****     }
 236              		.loc 1 119 7 is_stmt 1 view .LVU70
 119:Drivers/STM32F4xx_HAL_Driver/Src/stm32f4xx_ll_usb.c ****     }
 237              		.loc 1 119 11 is_stmt 0 view .LVU71
 238 006e A36B     		ldr	r3, [r4, #56]
 119:Drivers/STM32F4xx_HAL_Driver/Src/stm32f4xx_ll_usb.c ****     }
 239              		.loc 1 119 19 view .LVU72
 240 0070 23F48033 		bic	r3, r3, #65536
 241 0074 A363     		str	r3, [r4, #56]
 242 0076 E0E7     		b	.L13
 243              	.L18:
 125:Drivers/STM32F4xx_HAL_Driver/Src/stm32f4xx_ll_usb.c ****     USBx->GAHBCFG |= USB_OTG_GAHBCFG_DMAEN;
 244              		.loc 1 125 5 is_stmt 1 view .LVU73
 125:Drivers/STM32F4xx_HAL_Driver/Src/stm32f4xx_ll_usb.c ****     USBx->GAHBCFG |= USB_OTG_GAHBCFG_DMAEN;
 245              		.loc 1 125 9 is_stmt 0 view .LVU74
 246 0078 A368     		ldr	r3, [r4, #8]
 125:Drivers/STM32F4xx_HAL_Driver/Src/stm32f4xx_ll_usb.c ****     USBx->GAHBCFG |= USB_OTG_GAHBCFG_DMAEN;
 247              		.loc 1 125 19 view .LVU75
 248 007a 43F00603 		orr	r3, r3, #6
 249 007e A360     		str	r3, [r4, #8]
 126:Drivers/STM32F4xx_HAL_Driver/Src/stm32f4xx_ll_usb.c ****   }
 250              		.loc 1 126 5 is_stmt 1 view .LVU76
 126:Drivers/STM32F4xx_HAL_Driver/Src/stm32f4xx_ll_usb.c ****   }
 251              		.loc 1 126 9 is_stmt 0 view .LVU77
 252 0080 A368     		ldr	r3, [r4, #8]
 126:Drivers/STM32F4xx_HAL_Driver/Src/stm32f4xx_ll_usb.c ****   }
 253              		.loc 1 126 19 view .LVU78
 254 0082 43F02003 		orr	r3, r3, #32
 255 0086 A360     		str	r3, [r4, #8]
 256 0088 DAE7     		b	.L15
 257              		.cfi_endproc
 258              	.LFE216:
 260              		.section	.text.USB_SetTurnaroundTime,"ax",%progbits
 261              		.align	1
 262              		.global	USB_SetTurnaroundTime
 263              		.syntax unified
 264              		.thumb
 265              		.thumb_func
 267              	USB_SetTurnaroundTime:
 268              	.LVL12:
 269              	.LFB217:
 141:Drivers/STM32F4xx_HAL_Driver/Src/stm32f4xx_ll_usb.c ****   uint32_t UsbTrd;
ARM GAS  /tmp/ccNXSnaU.s 			page 31


 270              		.loc 1 141 1 is_stmt 1 view -0
 271              		.cfi_startproc
 272              		@ args = 0, pretend = 0, frame = 0
 273              		@ frame_needed = 0, uses_anonymous_args = 0
 274              		@ link register save eliminated.
 142:Drivers/STM32F4xx_HAL_Driver/Src/stm32f4xx_ll_usb.c **** 
 275              		.loc 1 142 3 view .LVU80
 148:Drivers/STM32F4xx_HAL_Driver/Src/stm32f4xx_ll_usb.c ****   {
 276              		.loc 1 148 3 view .LVU81
 148:Drivers/STM32F4xx_HAL_Driver/Src/stm32f4xx_ll_usb.c ****   {
 277              		.loc 1 148 6 is_stmt 0 view .LVU82
 278 0000 022A     		cmp	r2, #2
 279 0002 0AD0     		beq	.L31
 203:Drivers/STM32F4xx_HAL_Driver/Src/stm32f4xx_ll_usb.c ****   }
 280              		.loc 1 203 12 view .LVU83
 281 0004 0922     		movs	r2, #9
 282              	.LVL13:
 283              	.L20:
 210:Drivers/STM32F4xx_HAL_Driver/Src/stm32f4xx_ll_usb.c ****   USBx->GUSBCFG |= (uint32_t)((UsbTrd << 10) & USB_OTG_GUSBCFG_TRDT);
 284              		.loc 1 210 3 is_stmt 1 view .LVU84
 210:Drivers/STM32F4xx_HAL_Driver/Src/stm32f4xx_ll_usb.c ****   USBx->GUSBCFG |= (uint32_t)((UsbTrd << 10) & USB_OTG_GUSBCFG_TRDT);
 285              		.loc 1 210 7 is_stmt 0 view .LVU85
 286 0006 C368     		ldr	r3, [r0, #12]
 210:Drivers/STM32F4xx_HAL_Driver/Src/stm32f4xx_ll_usb.c ****   USBx->GUSBCFG |= (uint32_t)((UsbTrd << 10) & USB_OTG_GUSBCFG_TRDT);
 287              		.loc 1 210 17 view .LVU86
 288 0008 23F47053 		bic	r3, r3, #15360
 289 000c C360     		str	r3, [r0, #12]
 211:Drivers/STM32F4xx_HAL_Driver/Src/stm32f4xx_ll_usb.c **** 
 290              		.loc 1 211 3 is_stmt 1 view .LVU87
 211:Drivers/STM32F4xx_HAL_Driver/Src/stm32f4xx_ll_usb.c **** 
 291              		.loc 1 211 7 is_stmt 0 view .LVU88
 292 000e C368     		ldr	r3, [r0, #12]
 211:Drivers/STM32F4xx_HAL_Driver/Src/stm32f4xx_ll_usb.c **** 
 293              		.loc 1 211 17 view .LVU89
 294 0010 43EA8223 		orr	r3, r3, r2, lsl #10
 295 0014 C360     		str	r3, [r0, #12]
 213:Drivers/STM32F4xx_HAL_Driver/Src/stm32f4xx_ll_usb.c **** }
 296              		.loc 1 213 3 is_stmt 1 view .LVU90
 214:Drivers/STM32F4xx_HAL_Driver/Src/stm32f4xx_ll_usb.c **** 
 297              		.loc 1 214 1 is_stmt 0 view .LVU91
 298 0016 0020     		movs	r0, #0
 299              	.LVL14:
 214:Drivers/STM32F4xx_HAL_Driver/Src/stm32f4xx_ll_usb.c **** 
 300              		.loc 1 214 1 view .LVU92
 301 0018 7047     		bx	lr
 302              	.LVL15:
 303              	.L31:
 150:Drivers/STM32F4xx_HAL_Driver/Src/stm32f4xx_ll_usb.c ****     {
 304              		.loc 1 150 5 is_stmt 1 view .LVU93
 150:Drivers/STM32F4xx_HAL_Driver/Src/stm32f4xx_ll_usb.c ****     {
 305              		.loc 1 150 29 is_stmt 0 view .LVU94
 306 001a 234B     		ldr	r3, .L32
 307 001c 0B44     		add	r3, r3, r1
 150:Drivers/STM32F4xx_HAL_Driver/Src/stm32f4xx_ll_usb.c ****     {
 308              		.loc 1 150 8 view .LVU95
 309 001e 234A     		ldr	r2, .L32+4
 310              	.LVL16:
ARM GAS  /tmp/ccNXSnaU.s 			page 32


 150:Drivers/STM32F4xx_HAL_Driver/Src/stm32f4xx_ll_usb.c ****     {
 311              		.loc 1 150 8 view .LVU96
 312 0020 9342     		cmp	r3, r2
 313 0022 2FD9     		bls	.L22
 155:Drivers/STM32F4xx_HAL_Driver/Src/stm32f4xx_ll_usb.c ****     {
 314              		.loc 1 155 10 is_stmt 1 view .LVU97
 155:Drivers/STM32F4xx_HAL_Driver/Src/stm32f4xx_ll_usb.c ****     {
 315              		.loc 1 155 34 is_stmt 0 view .LVU98
 316 0024 224B     		ldr	r3, .L32+8
 317 0026 0B44     		add	r3, r3, r1
 155:Drivers/STM32F4xx_HAL_Driver/Src/stm32f4xx_ll_usb.c ****     {
 318              		.loc 1 155 13 view .LVU99
 319 0028 224A     		ldr	r2, .L32+12
 320 002a 9342     		cmp	r3, r2
 321 002c 2CD9     		bls	.L23
 160:Drivers/STM32F4xx_HAL_Driver/Src/stm32f4xx_ll_usb.c ****     {
 322              		.loc 1 160 10 is_stmt 1 view .LVU100
 160:Drivers/STM32F4xx_HAL_Driver/Src/stm32f4xx_ll_usb.c ****     {
 323              		.loc 1 160 34 is_stmt 0 view .LVU101
 324 002e A1F57403 		sub	r3, r1, #15990784
 325 0032 A3F51053 		sub	r3, r3, #9216
 160:Drivers/STM32F4xx_HAL_Driver/Src/stm32f4xx_ll_usb.c ****     {
 326              		.loc 1 160 13 view .LVU102
 327 0036 204A     		ldr	r2, .L32+16
 328 0038 9342     		cmp	r3, r2
 329 003a 27D9     		bls	.L24
 165:Drivers/STM32F4xx_HAL_Driver/Src/stm32f4xx_ll_usb.c ****     {
 330              		.loc 1 165 10 is_stmt 1 view .LVU103
 165:Drivers/STM32F4xx_HAL_Driver/Src/stm32f4xx_ll_usb.c ****     {
 331              		.loc 1 165 34 is_stmt 0 view .LVU104
 332 003c A1F18373 		sub	r3, r1, #17170432
 333 0040 A3F5E743 		sub	r3, r3, #29568
 165:Drivers/STM32F4xx_HAL_Driver/Src/stm32f4xx_ll_usb.c ****     {
 334              		.loc 1 165 13 view .LVU105
 335 0044 1D4A     		ldr	r2, .L32+20
 336 0046 9342     		cmp	r3, r2
 337 0048 22D3     		bcc	.L25
 170:Drivers/STM32F4xx_HAL_Driver/Src/stm32f4xx_ll_usb.c ****     {
 338              		.loc 1 170 10 is_stmt 1 view .LVU106
 170:Drivers/STM32F4xx_HAL_Driver/Src/stm32f4xx_ll_usb.c ****     {
 339              		.loc 1 170 34 is_stmt 0 view .LVU107
 340 004a 1D4B     		ldr	r3, .L32+24
 341 004c 0B44     		add	r3, r3, r1
 170:Drivers/STM32F4xx_HAL_Driver/Src/stm32f4xx_ll_usb.c ****     {
 342              		.loc 1 170 13 view .LVU108
 343 004e 1D4A     		ldr	r2, .L32+28
 344 0050 9342     		cmp	r3, r2
 345 0052 1FD9     		bls	.L26
 175:Drivers/STM32F4xx_HAL_Driver/Src/stm32f4xx_ll_usb.c ****     {
 346              		.loc 1 175 10 is_stmt 1 view .LVU109
 175:Drivers/STM32F4xx_HAL_Driver/Src/stm32f4xx_ll_usb.c ****     {
 347              		.loc 1 175 34 is_stmt 0 view .LVU110
 348 0054 1C4B     		ldr	r3, .L32+32
 349 0056 0B44     		add	r3, r3, r1
 175:Drivers/STM32F4xx_HAL_Driver/Src/stm32f4xx_ll_usb.c ****     {
 350              		.loc 1 175 13 view .LVU111
 351 0058 1C4A     		ldr	r2, .L32+36
ARM GAS  /tmp/ccNXSnaU.s 			page 33


 352 005a 9342     		cmp	r3, r2
 353 005c 1CD3     		bcc	.L27
 180:Drivers/STM32F4xx_HAL_Driver/Src/stm32f4xx_ll_usb.c ****     {
 354              		.loc 1 180 10 is_stmt 1 view .LVU112
 180:Drivers/STM32F4xx_HAL_Driver/Src/stm32f4xx_ll_usb.c ****     {
 355              		.loc 1 180 34 is_stmt 0 view .LVU113
 356 005e 1C4B     		ldr	r3, .L32+40
 357 0060 0B44     		add	r3, r3, r1
 180:Drivers/STM32F4xx_HAL_Driver/Src/stm32f4xx_ll_usb.c ****     {
 358              		.loc 1 180 13 view .LVU114
 359 0062 1C4A     		ldr	r2, .L32+44
 360 0064 9342     		cmp	r3, r2
 361 0066 19D3     		bcc	.L28
 185:Drivers/STM32F4xx_HAL_Driver/Src/stm32f4xx_ll_usb.c ****     {
 362              		.loc 1 185 10 is_stmt 1 view .LVU115
 185:Drivers/STM32F4xx_HAL_Driver/Src/stm32f4xx_ll_usb.c ****     {
 363              		.loc 1 185 34 is_stmt 0 view .LVU116
 364 0068 A1F1B773 		sub	r3, r1, #23986176
 365 006c A3F55853 		sub	r3, r3, #13824
 185:Drivers/STM32F4xx_HAL_Driver/Src/stm32f4xx_ll_usb.c ****     {
 366              		.loc 1 185 13 view .LVU117
 367 0070 194A     		ldr	r2, .L32+48
 368 0072 9342     		cmp	r3, r2
 369 0074 14D3     		bcc	.L29
 190:Drivers/STM32F4xx_HAL_Driver/Src/stm32f4xx_ll_usb.c ****     {
 370              		.loc 1 190 10 is_stmt 1 view .LVU118
 190:Drivers/STM32F4xx_HAL_Driver/Src/stm32f4xx_ll_usb.c ****     {
 371              		.loc 1 190 34 is_stmt 0 view .LVU119
 372 0076 194B     		ldr	r3, .L32+52
 373 0078 0B44     		add	r3, r3, r1
 190:Drivers/STM32F4xx_HAL_Driver/Src/stm32f4xx_ll_usb.c ****     {
 374              		.loc 1 190 13 view .LVU120
 375 007a 194A     		ldr	r2, .L32+56
 376 007c 9342     		cmp	r3, r2
 377 007e 11D2     		bcs	.L30
 193:Drivers/STM32F4xx_HAL_Driver/Src/stm32f4xx_ll_usb.c ****     }
 378              		.loc 1 193 14 view .LVU121
 379 0080 0722     		movs	r2, #7
 380 0082 C0E7     		b	.L20
 381              	.L22:
 153:Drivers/STM32F4xx_HAL_Driver/Src/stm32f4xx_ll_usb.c ****     }
 382              		.loc 1 153 14 view .LVU122
 383 0084 0F22     		movs	r2, #15
 384 0086 BEE7     		b	.L20
 385              	.L23:
 158:Drivers/STM32F4xx_HAL_Driver/Src/stm32f4xx_ll_usb.c ****     }
 386              		.loc 1 158 14 view .LVU123
 387 0088 0E22     		movs	r2, #14
 388 008a BCE7     		b	.L20
 389              	.L24:
 163:Drivers/STM32F4xx_HAL_Driver/Src/stm32f4xx_ll_usb.c ****     }
 390              		.loc 1 163 14 view .LVU124
 391 008c 0D22     		movs	r2, #13
 392 008e BAE7     		b	.L20
 393              	.L25:
 168:Drivers/STM32F4xx_HAL_Driver/Src/stm32f4xx_ll_usb.c ****     }
 394              		.loc 1 168 14 view .LVU125
ARM GAS  /tmp/ccNXSnaU.s 			page 34


 395 0090 0C22     		movs	r2, #12
 396 0092 B8E7     		b	.L20
 397              	.L26:
 173:Drivers/STM32F4xx_HAL_Driver/Src/stm32f4xx_ll_usb.c ****     }
 398              		.loc 1 173 14 view .LVU126
 399 0094 0B22     		movs	r2, #11
 400 0096 B6E7     		b	.L20
 401              	.L27:
 178:Drivers/STM32F4xx_HAL_Driver/Src/stm32f4xx_ll_usb.c ****     }
 402              		.loc 1 178 14 view .LVU127
 403 0098 0A22     		movs	r2, #10
 404 009a B4E7     		b	.L20
 405              	.L28:
 183:Drivers/STM32F4xx_HAL_Driver/Src/stm32f4xx_ll_usb.c ****     }
 406              		.loc 1 183 14 view .LVU128
 407 009c 0922     		movs	r2, #9
 408 009e B2E7     		b	.L20
 409              	.L29:
 188:Drivers/STM32F4xx_HAL_Driver/Src/stm32f4xx_ll_usb.c ****     }
 410              		.loc 1 188 14 view .LVU129
 411 00a0 0822     		movs	r2, #8
 412 00a2 B0E7     		b	.L20
 413              	.L30:
 198:Drivers/STM32F4xx_HAL_Driver/Src/stm32f4xx_ll_usb.c ****     }
 414              		.loc 1 198 14 view .LVU130
 415 00a4 0622     		movs	r2, #6
 416 00a6 AEE7     		b	.L20
 417              	.L33:
 418              		.align	2
 419              	.L32:
 420 00a8 405327FF 		.word	-14200000
 421 00ac FF340C00 		.word	799999
 422 00b0 401E1BFF 		.word	-15000000
 423 00b4 3F420F00 		.word	999999
 424 00b8 7F4F1200 		.word	1199999
 425 00bc 20D61300 		.word	1300000
 426 00c0 60B6E5FE 		.word	-18500000
 427 00c4 5FE31600 		.word	1499999
 428 00c8 00D3CEFE 		.word	-20000000
 429 00cc 40771B00 		.word	1800000
 430 00d0 C05BB3FE 		.word	-21800000
 431 00d4 C0912100 		.word	2200000
 432 00d8 20753800 		.word	3700000
 433 00dc E05459FE 		.word	-27700000
 434 00e0 E09C4100 		.word	4300000
 435              		.cfi_endproc
 436              	.LFE217:
 438              		.section	.text.USB_EnableGlobalInt,"ax",%progbits
 439              		.align	1
 440              		.global	USB_EnableGlobalInt
 441              		.syntax unified
 442              		.thumb
 443              		.thumb_func
 445              	USB_EnableGlobalInt:
 446              	.LVL17:
 447              	.LFB218:
 223:Drivers/STM32F4xx_HAL_Driver/Src/stm32f4xx_ll_usb.c ****   USBx->GAHBCFG |= USB_OTG_GAHBCFG_GINT;
ARM GAS  /tmp/ccNXSnaU.s 			page 35


 448              		.loc 1 223 1 is_stmt 1 view -0
 449              		.cfi_startproc
 450              		@ args = 0, pretend = 0, frame = 0
 451              		@ frame_needed = 0, uses_anonymous_args = 0
 452              		@ link register save eliminated.
 224:Drivers/STM32F4xx_HAL_Driver/Src/stm32f4xx_ll_usb.c ****   return HAL_OK;
 453              		.loc 1 224 3 view .LVU132
 224:Drivers/STM32F4xx_HAL_Driver/Src/stm32f4xx_ll_usb.c ****   return HAL_OK;
 454              		.loc 1 224 7 is_stmt 0 view .LVU133
 455 0000 8368     		ldr	r3, [r0, #8]
 224:Drivers/STM32F4xx_HAL_Driver/Src/stm32f4xx_ll_usb.c ****   return HAL_OK;
 456              		.loc 1 224 17 view .LVU134
 457 0002 43F00103 		orr	r3, r3, #1
 458 0006 8360     		str	r3, [r0, #8]
 225:Drivers/STM32F4xx_HAL_Driver/Src/stm32f4xx_ll_usb.c **** }
 459              		.loc 1 225 3 is_stmt 1 view .LVU135
 226:Drivers/STM32F4xx_HAL_Driver/Src/stm32f4xx_ll_usb.c **** 
 460              		.loc 1 226 1 is_stmt 0 view .LVU136
 461 0008 0020     		movs	r0, #0
 462              	.LVL18:
 226:Drivers/STM32F4xx_HAL_Driver/Src/stm32f4xx_ll_usb.c **** 
 463              		.loc 1 226 1 view .LVU137
 464 000a 7047     		bx	lr
 465              		.cfi_endproc
 466              	.LFE218:
 468              		.section	.text.USB_DisableGlobalInt,"ax",%progbits
 469              		.align	1
 470              		.global	USB_DisableGlobalInt
 471              		.syntax unified
 472              		.thumb
 473              		.thumb_func
 475              	USB_DisableGlobalInt:
 476              	.LVL19:
 477              	.LFB219:
 235:Drivers/STM32F4xx_HAL_Driver/Src/stm32f4xx_ll_usb.c ****   USBx->GAHBCFG &= ~USB_OTG_GAHBCFG_GINT;
 478              		.loc 1 235 1 is_stmt 1 view -0
 479              		.cfi_startproc
 480              		@ args = 0, pretend = 0, frame = 0
 481              		@ frame_needed = 0, uses_anonymous_args = 0
 482              		@ link register save eliminated.
 236:Drivers/STM32F4xx_HAL_Driver/Src/stm32f4xx_ll_usb.c ****   return HAL_OK;
 483              		.loc 1 236 3 view .LVU139
 236:Drivers/STM32F4xx_HAL_Driver/Src/stm32f4xx_ll_usb.c ****   return HAL_OK;
 484              		.loc 1 236 7 is_stmt 0 view .LVU140
 485 0000 8368     		ldr	r3, [r0, #8]
 236:Drivers/STM32F4xx_HAL_Driver/Src/stm32f4xx_ll_usb.c ****   return HAL_OK;
 486              		.loc 1 236 17 view .LVU141
 487 0002 23F00103 		bic	r3, r3, #1
 488 0006 8360     		str	r3, [r0, #8]
 237:Drivers/STM32F4xx_HAL_Driver/Src/stm32f4xx_ll_usb.c **** }
 489              		.loc 1 237 3 is_stmt 1 view .LVU142
 238:Drivers/STM32F4xx_HAL_Driver/Src/stm32f4xx_ll_usb.c **** 
 490              		.loc 1 238 1 is_stmt 0 view .LVU143
 491 0008 0020     		movs	r0, #0
 492              	.LVL20:
 238:Drivers/STM32F4xx_HAL_Driver/Src/stm32f4xx_ll_usb.c **** 
 493              		.loc 1 238 1 view .LVU144
ARM GAS  /tmp/ccNXSnaU.s 			page 36


 494 000a 7047     		bx	lr
 495              		.cfi_endproc
 496              	.LFE219:
 498              		.section	.text.USB_FlushTxFifo,"ax",%progbits
 499              		.align	1
 500              		.global	USB_FlushTxFifo
 501              		.syntax unified
 502              		.thumb
 503              		.thumb_func
 505              	USB_FlushTxFifo:
 506              	.LVL21:
 507              	.LFB222:
 473:Drivers/STM32F4xx_HAL_Driver/Src/stm32f4xx_ll_usb.c ****   __IO uint32_t count = 0U;
 508              		.loc 1 473 1 is_stmt 1 view -0
 509              		.cfi_startproc
 510              		@ args = 0, pretend = 0, frame = 8
 511              		@ frame_needed = 0, uses_anonymous_args = 0
 512              		@ link register save eliminated.
 473:Drivers/STM32F4xx_HAL_Driver/Src/stm32f4xx_ll_usb.c ****   __IO uint32_t count = 0U;
 513              		.loc 1 473 1 is_stmt 0 view .LVU146
 514 0000 82B0     		sub	sp, sp, #8
 515              		.cfi_def_cfa_offset 8
 474:Drivers/STM32F4xx_HAL_Driver/Src/stm32f4xx_ll_usb.c **** 
 516              		.loc 1 474 3 is_stmt 1 view .LVU147
 474:Drivers/STM32F4xx_HAL_Driver/Src/stm32f4xx_ll_usb.c **** 
 517              		.loc 1 474 17 is_stmt 0 view .LVU148
 518 0002 0023     		movs	r3, #0
 519 0004 0193     		str	r3, [sp, #4]
 476:Drivers/STM32F4xx_HAL_Driver/Src/stm32f4xx_ll_usb.c **** 
 520              		.loc 1 476 3 is_stmt 1 view .LVU149
 476:Drivers/STM32F4xx_HAL_Driver/Src/stm32f4xx_ll_usb.c **** 
 521              		.loc 1 476 51 is_stmt 0 view .LVU150
 522 0006 8901     		lsls	r1, r1, #6
 523              	.LVL22:
 476:Drivers/STM32F4xx_HAL_Driver/Src/stm32f4xx_ll_usb.c **** 
 524              		.loc 1 476 44 view .LVU151
 525 0008 41F02001 		orr	r1, r1, #32
 476:Drivers/STM32F4xx_HAL_Driver/Src/stm32f4xx_ll_usb.c **** 
 526              		.loc 1 476 17 view .LVU152
 527 000c 0161     		str	r1, [r0, #16]
 528              	.L38:
 478:Drivers/STM32F4xx_HAL_Driver/Src/stm32f4xx_ll_usb.c ****   {
 529              		.loc 1 478 3 is_stmt 1 view .LVU153
 480:Drivers/STM32F4xx_HAL_Driver/Src/stm32f4xx_ll_usb.c ****     {
 530              		.loc 1 480 5 view .LVU154
 480:Drivers/STM32F4xx_HAL_Driver/Src/stm32f4xx_ll_usb.c ****     {
 531              		.loc 1 480 9 is_stmt 0 view .LVU155
 532 000e 019B     		ldr	r3, [sp, #4]
 533 0010 0133     		adds	r3, r3, #1
 480:Drivers/STM32F4xx_HAL_Driver/Src/stm32f4xx_ll_usb.c ****     {
 534              		.loc 1 480 8 view .LVU156
 535 0012 0193     		str	r3, [sp, #4]
 536 0014 054A     		ldr	r2, .L41
 537 0016 9342     		cmp	r3, r2
 538 0018 05D8     		bhi	.L39
 484:Drivers/STM32F4xx_HAL_Driver/Src/stm32f4xx_ll_usb.c **** 
 539              		.loc 1 484 54 is_stmt 1 view .LVU157
ARM GAS  /tmp/ccNXSnaU.s 			page 37


 484:Drivers/STM32F4xx_HAL_Driver/Src/stm32f4xx_ll_usb.c **** 
 540              		.loc 1 484 17 is_stmt 0 view .LVU158
 541 001a 0369     		ldr	r3, [r0, #16]
 484:Drivers/STM32F4xx_HAL_Driver/Src/stm32f4xx_ll_usb.c **** 
 542              		.loc 1 484 54 view .LVU159
 543 001c 13F0200F 		tst	r3, #32
 544 0020 F5D1     		bne	.L38
 486:Drivers/STM32F4xx_HAL_Driver/Src/stm32f4xx_ll_usb.c **** }
 545              		.loc 1 486 10 view .LVU160
 546 0022 0020     		movs	r0, #0
 547              	.LVL23:
 486:Drivers/STM32F4xx_HAL_Driver/Src/stm32f4xx_ll_usb.c **** }
 548              		.loc 1 486 10 view .LVU161
 549 0024 00E0     		b	.L37
 550              	.LVL24:
 551              	.L39:
 482:Drivers/STM32F4xx_HAL_Driver/Src/stm32f4xx_ll_usb.c ****     }
 552              		.loc 1 482 14 view .LVU162
 553 0026 0320     		movs	r0, #3
 554              	.LVL25:
 555              	.L37:
 487:Drivers/STM32F4xx_HAL_Driver/Src/stm32f4xx_ll_usb.c **** 
 556              		.loc 1 487 1 view .LVU163
 557 0028 02B0     		add	sp, sp, #8
 558              		.cfi_def_cfa_offset 0
 559              		@ sp needed
 560 002a 7047     		bx	lr
 561              	.L42:
 562              		.align	2
 563              	.L41:
 564 002c 400D0300 		.word	200000
 565              		.cfi_endproc
 566              	.LFE222:
 568              		.section	.text.USB_FlushRxFifo,"ax",%progbits
 569              		.align	1
 570              		.global	USB_FlushRxFifo
 571              		.syntax unified
 572              		.thumb
 573              		.thumb_func
 575              	USB_FlushRxFifo:
 576              	.LVL26:
 577              	.LFB223:
 495:Drivers/STM32F4xx_HAL_Driver/Src/stm32f4xx_ll_usb.c ****   __IO uint32_t count = 0U;
 578              		.loc 1 495 1 is_stmt 1 view -0
 579              		.cfi_startproc
 580              		@ args = 0, pretend = 0, frame = 8
 581              		@ frame_needed = 0, uses_anonymous_args = 0
 582              		@ link register save eliminated.
 495:Drivers/STM32F4xx_HAL_Driver/Src/stm32f4xx_ll_usb.c ****   __IO uint32_t count = 0U;
 583              		.loc 1 495 1 is_stmt 0 view .LVU165
 584 0000 82B0     		sub	sp, sp, #8
 585              		.cfi_def_cfa_offset 8
 496:Drivers/STM32F4xx_HAL_Driver/Src/stm32f4xx_ll_usb.c **** 
 586              		.loc 1 496 3 is_stmt 1 view .LVU166
 496:Drivers/STM32F4xx_HAL_Driver/Src/stm32f4xx_ll_usb.c **** 
 587              		.loc 1 496 17 is_stmt 0 view .LVU167
 588 0002 0023     		movs	r3, #0
ARM GAS  /tmp/ccNXSnaU.s 			page 38


 589 0004 0193     		str	r3, [sp, #4]
 498:Drivers/STM32F4xx_HAL_Driver/Src/stm32f4xx_ll_usb.c **** 
 590              		.loc 1 498 3 is_stmt 1 view .LVU168
 498:Drivers/STM32F4xx_HAL_Driver/Src/stm32f4xx_ll_usb.c **** 
 591              		.loc 1 498 17 is_stmt 0 view .LVU169
 592 0006 1023     		movs	r3, #16
 593 0008 0361     		str	r3, [r0, #16]
 594              	.L45:
 500:Drivers/STM32F4xx_HAL_Driver/Src/stm32f4xx_ll_usb.c ****   {
 595              		.loc 1 500 3 is_stmt 1 view .LVU170
 502:Drivers/STM32F4xx_HAL_Driver/Src/stm32f4xx_ll_usb.c ****     {
 596              		.loc 1 502 5 view .LVU171
 502:Drivers/STM32F4xx_HAL_Driver/Src/stm32f4xx_ll_usb.c ****     {
 597              		.loc 1 502 9 is_stmt 0 view .LVU172
 598 000a 019B     		ldr	r3, [sp, #4]
 599 000c 0133     		adds	r3, r3, #1
 502:Drivers/STM32F4xx_HAL_Driver/Src/stm32f4xx_ll_usb.c ****     {
 600              		.loc 1 502 8 view .LVU173
 601 000e 0193     		str	r3, [sp, #4]
 602 0010 054A     		ldr	r2, .L48
 603 0012 9342     		cmp	r3, r2
 604 0014 05D8     		bhi	.L46
 506:Drivers/STM32F4xx_HAL_Driver/Src/stm32f4xx_ll_usb.c **** 
 605              		.loc 1 506 54 is_stmt 1 view .LVU174
 506:Drivers/STM32F4xx_HAL_Driver/Src/stm32f4xx_ll_usb.c **** 
 606              		.loc 1 506 17 is_stmt 0 view .LVU175
 607 0016 0369     		ldr	r3, [r0, #16]
 506:Drivers/STM32F4xx_HAL_Driver/Src/stm32f4xx_ll_usb.c **** 
 608              		.loc 1 506 54 view .LVU176
 609 0018 13F0100F 		tst	r3, #16
 610 001c F5D1     		bne	.L45
 508:Drivers/STM32F4xx_HAL_Driver/Src/stm32f4xx_ll_usb.c **** }
 611              		.loc 1 508 10 view .LVU177
 612 001e 0020     		movs	r0, #0
 613              	.LVL27:
 508:Drivers/STM32F4xx_HAL_Driver/Src/stm32f4xx_ll_usb.c **** }
 614              		.loc 1 508 10 view .LVU178
 615 0020 00E0     		b	.L44
 616              	.LVL28:
 617              	.L46:
 504:Drivers/STM32F4xx_HAL_Driver/Src/stm32f4xx_ll_usb.c ****     }
 618              		.loc 1 504 14 view .LVU179
 619 0022 0320     		movs	r0, #3
 620              	.LVL29:
 621              	.L44:
 509:Drivers/STM32F4xx_HAL_Driver/Src/stm32f4xx_ll_usb.c **** 
 622              		.loc 1 509 1 view .LVU180
 623 0024 02B0     		add	sp, sp, #8
 624              		.cfi_def_cfa_offset 0
 625              		@ sp needed
 626 0026 7047     		bx	lr
 627              	.L49:
 628              		.align	2
 629              	.L48:
 630 0028 400D0300 		.word	200000
 631              		.cfi_endproc
 632              	.LFE223:
ARM GAS  /tmp/ccNXSnaU.s 			page 39


 634              		.section	.text.USB_SetDevSpeed,"ax",%progbits
 635              		.align	1
 636              		.global	USB_SetDevSpeed
 637              		.syntax unified
 638              		.thumb
 639              		.thumb_func
 641              	USB_SetDevSpeed:
 642              	.LVL30:
 643              	.LFB224:
 523:Drivers/STM32F4xx_HAL_Driver/Src/stm32f4xx_ll_usb.c ****   uint32_t USBx_BASE = (uint32_t)USBx;
 644              		.loc 1 523 1 is_stmt 1 view -0
 645              		.cfi_startproc
 646              		@ args = 0, pretend = 0, frame = 0
 647              		@ frame_needed = 0, uses_anonymous_args = 0
 648              		@ link register save eliminated.
 524:Drivers/STM32F4xx_HAL_Driver/Src/stm32f4xx_ll_usb.c **** 
 649              		.loc 1 524 3 view .LVU182
 526:Drivers/STM32F4xx_HAL_Driver/Src/stm32f4xx_ll_usb.c ****   return HAL_OK;
 650              		.loc 1 526 3 view .LVU183
 526:Drivers/STM32F4xx_HAL_Driver/Src/stm32f4xx_ll_usb.c ****   return HAL_OK;
 651              		.loc 1 526 14 is_stmt 0 view .LVU184
 652 0000 D0F80038 		ldr	r3, [r0, #2048]
 526:Drivers/STM32F4xx_HAL_Driver/Src/stm32f4xx_ll_usb.c ****   return HAL_OK;
 653              		.loc 1 526 21 view .LVU185
 654 0004 1943     		orrs	r1, r1, r3
 655              	.LVL31:
 526:Drivers/STM32F4xx_HAL_Driver/Src/stm32f4xx_ll_usb.c ****   return HAL_OK;
 656              		.loc 1 526 21 view .LVU186
 657 0006 C0F80018 		str	r1, [r0, #2048]
 527:Drivers/STM32F4xx_HAL_Driver/Src/stm32f4xx_ll_usb.c **** }
 658              		.loc 1 527 3 is_stmt 1 view .LVU187
 528:Drivers/STM32F4xx_HAL_Driver/Src/stm32f4xx_ll_usb.c **** 
 659              		.loc 1 528 1 is_stmt 0 view .LVU188
 660 000a 0020     		movs	r0, #0
 661              	.LVL32:
 528:Drivers/STM32F4xx_HAL_Driver/Src/stm32f4xx_ll_usb.c **** 
 662              		.loc 1 528 1 view .LVU189
 663 000c 7047     		bx	lr
 664              		.cfi_endproc
 665              	.LFE224:
 667              		.section	.text.USB_DevInit,"ax",%progbits
 668              		.align	1
 669              		.global	USB_DevInit
 670              		.syntax unified
 671              		.thumb
 672              		.thumb_func
 674              	USB_DevInit:
 675              	.LVL33:
 676              	.LFB221:
 297:Drivers/STM32F4xx_HAL_Driver/Src/stm32f4xx_ll_usb.c ****   HAL_StatusTypeDef ret = HAL_OK;
 677              		.loc 1 297 1 is_stmt 1 view -0
 678              		.cfi_startproc
 679              		@ args = 56, pretend = 16, frame = 0
 680              		@ frame_needed = 0, uses_anonymous_args = 0
 297:Drivers/STM32F4xx_HAL_Driver/Src/stm32f4xx_ll_usb.c ****   HAL_StatusTypeDef ret = HAL_OK;
 681              		.loc 1 297 1 is_stmt 0 view .LVU191
 682 0000 84B0     		sub	sp, sp, #16
ARM GAS  /tmp/ccNXSnaU.s 			page 40


 683              		.cfi_def_cfa_offset 16
 684 0002 2DE9F041 		push	{r4, r5, r6, r7, r8, lr}
 685              		.cfi_def_cfa_offset 40
 686              		.cfi_offset 4, -40
 687              		.cfi_offset 5, -36
 688              		.cfi_offset 6, -32
 689              		.cfi_offset 7, -28
 690              		.cfi_offset 8, -24
 691              		.cfi_offset 14, -20
 692 0006 0446     		mov	r4, r0
 693 0008 07A8     		add	r0, sp, #28
 694              	.LVL34:
 297:Drivers/STM32F4xx_HAL_Driver/Src/stm32f4xx_ll_usb.c ****   HAL_StatusTypeDef ret = HAL_OK;
 695              		.loc 1 297 1 view .LVU192
 696 000a 80E80E00 		stm	r0, {r1, r2, r3}
 298:Drivers/STM32F4xx_HAL_Driver/Src/stm32f4xx_ll_usb.c ****   uint32_t USBx_BASE = (uint32_t)USBx;
 697              		.loc 1 298 3 is_stmt 1 view .LVU193
 698              	.LVL35:
 299:Drivers/STM32F4xx_HAL_Driver/Src/stm32f4xx_ll_usb.c ****   uint32_t i;
 699              		.loc 1 299 3 view .LVU194
 300:Drivers/STM32F4xx_HAL_Driver/Src/stm32f4xx_ll_usb.c **** 
 700              		.loc 1 300 3 view .LVU195
 302:Drivers/STM32F4xx_HAL_Driver/Src/stm32f4xx_ll_usb.c ****   {
 701              		.loc 1 302 3 view .LVU196
 302:Drivers/STM32F4xx_HAL_Driver/Src/stm32f4xx_ll_usb.c ****   {
 702              		.loc 1 302 10 is_stmt 0 view .LVU197
 703 000e 0023     		movs	r3, #0
 302:Drivers/STM32F4xx_HAL_Driver/Src/stm32f4xx_ll_usb.c ****   {
 704              		.loc 1 302 3 view .LVU198
 705 0010 06E0     		b	.L52
 706              	.LVL36:
 707              	.L53:
 304:Drivers/STM32F4xx_HAL_Driver/Src/stm32f4xx_ll_usb.c ****   }
 708              		.loc 1 304 5 is_stmt 1 view .LVU199
 304:Drivers/STM32F4xx_HAL_Driver/Src/stm32f4xx_ll_usb.c ****   }
 709              		.loc 1 304 22 is_stmt 0 view .LVU200
 710 0012 03F14002 		add	r2, r3, #64
 711 0016 04EB8202 		add	r2, r4, r2, lsl #2
 712 001a 0021     		movs	r1, #0
 713 001c 5160     		str	r1, [r2, #4]
 302:Drivers/STM32F4xx_HAL_Driver/Src/stm32f4xx_ll_usb.c ****   {
 714              		.loc 1 302 26 is_stmt 1 discriminator 3 view .LVU201
 715 001e 0133     		adds	r3, r3, #1
 716              	.LVL37:
 717              	.L52:
 302:Drivers/STM32F4xx_HAL_Driver/Src/stm32f4xx_ll_usb.c ****   {
 718              		.loc 1 302 18 discriminator 1 view .LVU202
 719 0020 0E2B     		cmp	r3, #14
 720 0022 F6D9     		bls	.L53
 327:Drivers/STM32F4xx_HAL_Driver/Src/stm32f4xx_ll_usb.c ****   {
 721              		.loc 1 327 3 view .LVU203
 327:Drivers/STM32F4xx_HAL_Driver/Src/stm32f4xx_ll_usb.c ****   {
 722              		.loc 1 327 10 is_stmt 0 view .LVU204
 723 0024 119F     		ldr	r7, [sp, #68]
 327:Drivers/STM32F4xx_HAL_Driver/Src/stm32f4xx_ll_usb.c ****   {
 724              		.loc 1 327 6 view .LVU205
 725 0026 27BB     		cbnz	r7, .L54
ARM GAS  /tmp/ccNXSnaU.s 			page 41


 333:Drivers/STM32F4xx_HAL_Driver/Src/stm32f4xx_ll_usb.c ****     USBx->GCCFG |= USB_OTG_GCCFG_NOVBUSSENS;
 726              		.loc 1 333 5 is_stmt 1 view .LVU206
 333:Drivers/STM32F4xx_HAL_Driver/Src/stm32f4xx_ll_usb.c ****     USBx->GCCFG |= USB_OTG_GCCFG_NOVBUSSENS;
 727              		.loc 1 333 16 is_stmt 0 view .LVU207
 728 0028 D4F80438 		ldr	r3, [r4, #2052]
 729              	.LVL38:
 333:Drivers/STM32F4xx_HAL_Driver/Src/stm32f4xx_ll_usb.c ****     USBx->GCCFG |= USB_OTG_GCCFG_NOVBUSSENS;
 730              		.loc 1 333 23 view .LVU208
 731 002c 43F00203 		orr	r3, r3, #2
 732 0030 C4F80438 		str	r3, [r4, #2052]
 334:Drivers/STM32F4xx_HAL_Driver/Src/stm32f4xx_ll_usb.c ****     USBx->GCCFG &= ~USB_OTG_GCCFG_VBUSBSEN;
 733              		.loc 1 334 5 is_stmt 1 view .LVU209
 334:Drivers/STM32F4xx_HAL_Driver/Src/stm32f4xx_ll_usb.c ****     USBx->GCCFG &= ~USB_OTG_GCCFG_VBUSBSEN;
 734              		.loc 1 334 9 is_stmt 0 view .LVU210
 735 0034 A36B     		ldr	r3, [r4, #56]
 334:Drivers/STM32F4xx_HAL_Driver/Src/stm32f4xx_ll_usb.c ****     USBx->GCCFG &= ~USB_OTG_GCCFG_VBUSBSEN;
 736              		.loc 1 334 17 view .LVU211
 737 0036 43F40013 		orr	r3, r3, #2097152
 738 003a A363     		str	r3, [r4, #56]
 335:Drivers/STM32F4xx_HAL_Driver/Src/stm32f4xx_ll_usb.c ****     USBx->GCCFG &= ~USB_OTG_GCCFG_VBUSASEN;
 739              		.loc 1 335 5 is_stmt 1 view .LVU212
 335:Drivers/STM32F4xx_HAL_Driver/Src/stm32f4xx_ll_usb.c ****     USBx->GCCFG &= ~USB_OTG_GCCFG_VBUSASEN;
 740              		.loc 1 335 9 is_stmt 0 view .LVU213
 741 003c A36B     		ldr	r3, [r4, #56]
 335:Drivers/STM32F4xx_HAL_Driver/Src/stm32f4xx_ll_usb.c ****     USBx->GCCFG &= ~USB_OTG_GCCFG_VBUSASEN;
 742              		.loc 1 335 17 view .LVU214
 743 003e 23F40023 		bic	r3, r3, #524288
 744 0042 A363     		str	r3, [r4, #56]
 336:Drivers/STM32F4xx_HAL_Driver/Src/stm32f4xx_ll_usb.c ****   }
 745              		.loc 1 336 5 is_stmt 1 view .LVU215
 336:Drivers/STM32F4xx_HAL_Driver/Src/stm32f4xx_ll_usb.c ****   }
 746              		.loc 1 336 9 is_stmt 0 view .LVU216
 747 0044 A36B     		ldr	r3, [r4, #56]
 336:Drivers/STM32F4xx_HAL_Driver/Src/stm32f4xx_ll_usb.c ****   }
 748              		.loc 1 336 17 view .LVU217
 749 0046 23F48023 		bic	r3, r3, #262144
 750 004a A363     		str	r3, [r4, #56]
 751              	.L55:
 347:Drivers/STM32F4xx_HAL_Driver/Src/stm32f4xx_ll_usb.c **** 
 752              		.loc 1 347 3 is_stmt 1 view .LVU218
 347:Drivers/STM32F4xx_HAL_Driver/Src/stm32f4xx_ll_usb.c **** 
 753              		.loc 1 347 16 is_stmt 0 view .LVU219
 754 004c 0023     		movs	r3, #0
 755 004e C4F8003E 		str	r3, [r4, #3584]
 350:Drivers/STM32F4xx_HAL_Driver/Src/stm32f4xx_ll_usb.c **** 
 756              		.loc 1 350 3 is_stmt 1 view .LVU220
 350:Drivers/STM32F4xx_HAL_Driver/Src/stm32f4xx_ll_usb.c **** 
 757              		.loc 1 350 14 is_stmt 0 view .LVU221
 758 0052 04F50065 		add	r5, r4, #2048
 759 0056 D4F80038 		ldr	r3, [r4, #2048]
 350:Drivers/STM32F4xx_HAL_Driver/Src/stm32f4xx_ll_usb.c **** 
 760              		.loc 1 350 21 view .LVU222
 761 005a C4F80038 		str	r3, [r4, #2048]
 352:Drivers/STM32F4xx_HAL_Driver/Src/stm32f4xx_ll_usb.c ****   {
 762              		.loc 1 352 3 is_stmt 1 view .LVU223
 352:Drivers/STM32F4xx_HAL_Driver/Src/stm32f4xx_ll_usb.c ****   {
 763              		.loc 1 352 10 is_stmt 0 view .LVU224
ARM GAS  /tmp/ccNXSnaU.s 			page 42


 764 005e 0C9B     		ldr	r3, [sp, #48]
 352:Drivers/STM32F4xx_HAL_Driver/Src/stm32f4xx_ll_usb.c ****   {
 765              		.loc 1 352 6 view .LVU225
 766 0060 012B     		cmp	r3, #1
 767 0062 14D1     		bne	.L56
 354:Drivers/STM32F4xx_HAL_Driver/Src/stm32f4xx_ll_usb.c ****     {
 768              		.loc 1 354 5 is_stmt 1 view .LVU226
 354:Drivers/STM32F4xx_HAL_Driver/Src/stm32f4xx_ll_usb.c ****     {
 769              		.loc 1 354 12 is_stmt 0 view .LVU227
 770 0064 099B     		ldr	r3, [sp, #36]
 354:Drivers/STM32F4xx_HAL_Driver/Src/stm32f4xx_ll_usb.c ****     {
 771              		.loc 1 354 8 view .LVU228
 772 0066 6BB9     		cbnz	r3, .L57
 357:Drivers/STM32F4xx_HAL_Driver/Src/stm32f4xx_ll_usb.c ****     }
 773              		.loc 1 357 7 is_stmt 1 view .LVU229
 357:Drivers/STM32F4xx_HAL_Driver/Src/stm32f4xx_ll_usb.c ****     }
 774              		.loc 1 357 13 is_stmt 0 view .LVU230
 775 0068 0021     		movs	r1, #0
 776 006a 2046     		mov	r0, r4
 777 006c FFF7FEFF 		bl	USB_SetDevSpeed
 778              	.LVL39:
 779 0070 11E0     		b	.L58
 780              	.LVL40:
 781              	.L54:
 341:Drivers/STM32F4xx_HAL_Driver/Src/stm32f4xx_ll_usb.c ****     USBx->GCCFG |= USB_OTG_GCCFG_VBUSBSEN;
 782              		.loc 1 341 5 is_stmt 1 view .LVU231
 341:Drivers/STM32F4xx_HAL_Driver/Src/stm32f4xx_ll_usb.c ****     USBx->GCCFG |= USB_OTG_GCCFG_VBUSBSEN;
 783              		.loc 1 341 9 is_stmt 0 view .LVU232
 784 0072 A36B     		ldr	r3, [r4, #56]
 785              	.LVL41:
 341:Drivers/STM32F4xx_HAL_Driver/Src/stm32f4xx_ll_usb.c ****     USBx->GCCFG |= USB_OTG_GCCFG_VBUSBSEN;
 786              		.loc 1 341 17 view .LVU233
 787 0074 23F40013 		bic	r3, r3, #2097152
 788 0078 A363     		str	r3, [r4, #56]
 342:Drivers/STM32F4xx_HAL_Driver/Src/stm32f4xx_ll_usb.c ****   }
 789              		.loc 1 342 5 is_stmt 1 view .LVU234
 342:Drivers/STM32F4xx_HAL_Driver/Src/stm32f4xx_ll_usb.c ****   }
 790              		.loc 1 342 9 is_stmt 0 view .LVU235
 791 007a A36B     		ldr	r3, [r4, #56]
 342:Drivers/STM32F4xx_HAL_Driver/Src/stm32f4xx_ll_usb.c ****   }
 792              		.loc 1 342 17 view .LVU236
 793 007c 43F40023 		orr	r3, r3, #524288
 794 0080 A363     		str	r3, [r4, #56]
 795 0082 E3E7     		b	.L55
 796              	.L57:
 362:Drivers/STM32F4xx_HAL_Driver/Src/stm32f4xx_ll_usb.c ****     }
 797              		.loc 1 362 7 is_stmt 1 view .LVU237
 362:Drivers/STM32F4xx_HAL_Driver/Src/stm32f4xx_ll_usb.c ****     }
 798              		.loc 1 362 13 is_stmt 0 view .LVU238
 799 0084 0121     		movs	r1, #1
 800 0086 2046     		mov	r0, r4
 801 0088 FFF7FEFF 		bl	USB_SetDevSpeed
 802              	.LVL42:
 803 008c 03E0     		b	.L58
 804              	.L56:
 368:Drivers/STM32F4xx_HAL_Driver/Src/stm32f4xx_ll_usb.c ****   }
 805              		.loc 1 368 5 is_stmt 1 view .LVU239
ARM GAS  /tmp/ccNXSnaU.s 			page 43


 368:Drivers/STM32F4xx_HAL_Driver/Src/stm32f4xx_ll_usb.c ****   }
 806              		.loc 1 368 11 is_stmt 0 view .LVU240
 807 008e 0321     		movs	r1, #3
 808 0090 2046     		mov	r0, r4
 809 0092 FFF7FEFF 		bl	USB_SetDevSpeed
 810              	.LVL43:
 811              	.L58:
 372:Drivers/STM32F4xx_HAL_Driver/Src/stm32f4xx_ll_usb.c ****   {
 812              		.loc 1 372 3 is_stmt 1 view .LVU241
 372:Drivers/STM32F4xx_HAL_Driver/Src/stm32f4xx_ll_usb.c ****   {
 813              		.loc 1 372 7 is_stmt 0 view .LVU242
 814 0096 1021     		movs	r1, #16
 815 0098 2046     		mov	r0, r4
 816 009a FFF7FEFF 		bl	USB_FlushTxFifo
 817              	.LVL44:
 372:Drivers/STM32F4xx_HAL_Driver/Src/stm32f4xx_ll_usb.c ****   {
 818              		.loc 1 372 6 discriminator 1 view .LVU243
 819 009e 8046     		mov	r8, r0
 820 00a0 08B1     		cbz	r0, .L59
 374:Drivers/STM32F4xx_HAL_Driver/Src/stm32f4xx_ll_usb.c ****   }
 821              		.loc 1 374 9 view .LVU244
 822 00a2 4FF00108 		mov	r8, #1
 823              	.L59:
 824              	.LVL45:
 377:Drivers/STM32F4xx_HAL_Driver/Src/stm32f4xx_ll_usb.c ****   {
 825              		.loc 1 377 3 is_stmt 1 view .LVU245
 377:Drivers/STM32F4xx_HAL_Driver/Src/stm32f4xx_ll_usb.c ****   {
 826              		.loc 1 377 7 is_stmt 0 view .LVU246
 827 00a6 2046     		mov	r0, r4
 828 00a8 FFF7FEFF 		bl	USB_FlushRxFifo
 829              	.LVL46:
 377:Drivers/STM32F4xx_HAL_Driver/Src/stm32f4xx_ll_usb.c ****   {
 830              		.loc 1 377 6 discriminator 1 view .LVU247
 831 00ac 08B1     		cbz	r0, .L60
 379:Drivers/STM32F4xx_HAL_Driver/Src/stm32f4xx_ll_usb.c ****   }
 832              		.loc 1 379 9 view .LVU248
 833 00ae 4FF00108 		mov	r8, #1
 834              	.LVL47:
 835              	.L60:
 383:Drivers/STM32F4xx_HAL_Driver/Src/stm32f4xx_ll_usb.c ****   USBx_DEVICE->DOEPMSK = 0U;
 836              		.loc 1 383 3 is_stmt 1 view .LVU249
 383:Drivers/STM32F4xx_HAL_Driver/Src/stm32f4xx_ll_usb.c ****   USBx_DEVICE->DOEPMSK = 0U;
 837              		.loc 1 383 24 is_stmt 0 view .LVU250
 838 00b2 0023     		movs	r3, #0
 839 00b4 2B61     		str	r3, [r5, #16]
 384:Drivers/STM32F4xx_HAL_Driver/Src/stm32f4xx_ll_usb.c ****   USBx_DEVICE->DAINTMSK = 0U;
 840              		.loc 1 384 3 is_stmt 1 view .LVU251
 384:Drivers/STM32F4xx_HAL_Driver/Src/stm32f4xx_ll_usb.c ****   USBx_DEVICE->DAINTMSK = 0U;
 841              		.loc 1 384 24 is_stmt 0 view .LVU252
 842 00b6 6B61     		str	r3, [r5, #20]
 385:Drivers/STM32F4xx_HAL_Driver/Src/stm32f4xx_ll_usb.c **** 
 843              		.loc 1 385 3 is_stmt 1 view .LVU253
 385:Drivers/STM32F4xx_HAL_Driver/Src/stm32f4xx_ll_usb.c **** 
 844              		.loc 1 385 25 is_stmt 0 view .LVU254
 845 00b8 EB61     		str	r3, [r5, #28]
 387:Drivers/STM32F4xx_HAL_Driver/Src/stm32f4xx_ll_usb.c ****   {
 846              		.loc 1 387 3 is_stmt 1 view .LVU255
ARM GAS  /tmp/ccNXSnaU.s 			page 44


 847              	.LVL48:
 387:Drivers/STM32F4xx_HAL_Driver/Src/stm32f4xx_ll_usb.c ****   {
 848              		.loc 1 387 3 is_stmt 0 view .LVU256
 849 00ba 0AE0     		b	.L61
 850              	.LVL49:
 851              	.L78:
 391:Drivers/STM32F4xx_HAL_Driver/Src/stm32f4xx_ll_usb.c ****       {
 852              		.loc 1 391 7 is_stmt 1 view .LVU257
 391:Drivers/STM32F4xx_HAL_Driver/Src/stm32f4xx_ll_usb.c ****       {
 853              		.loc 1 391 10 is_stmt 0 view .LVU258
 854 00bc C3B9     		cbnz	r3, .L63
 393:Drivers/STM32F4xx_HAL_Driver/Src/stm32f4xx_ll_usb.c ****       }
 855              		.loc 1 393 9 is_stmt 1 view .LVU259
 393:Drivers/STM32F4xx_HAL_Driver/Src/stm32f4xx_ll_usb.c ****       }
 856              		.loc 1 393 31 is_stmt 0 view .LVU260
 857 00be 4FF00060 		mov	r0, #134217728
 858 00c2 C2F80009 		str	r0, [r2, #2304]
 859              	.L64:
 405:Drivers/STM32F4xx_HAL_Driver/Src/stm32f4xx_ll_usb.c ****     USBx_INEP(i)->DIEPINT  = 0xFB7FU;
 860              		.loc 1 405 5 is_stmt 1 view .LVU261
 405:Drivers/STM32F4xx_HAL_Driver/Src/stm32f4xx_ll_usb.c ****     USBx_INEP(i)->DIEPINT  = 0xFB7FU;
 861              		.loc 1 405 28 is_stmt 0 view .LVU262
 862 00c6 0022     		movs	r2, #0
 863 00c8 0A61     		str	r2, [r1, #16]
 406:Drivers/STM32F4xx_HAL_Driver/Src/stm32f4xx_ll_usb.c ****   }
 864              		.loc 1 406 5 is_stmt 1 view .LVU263
 406:Drivers/STM32F4xx_HAL_Driver/Src/stm32f4xx_ll_usb.c ****   }
 865              		.loc 1 406 28 is_stmt 0 view .LVU264
 866 00ca 4FF67F32 		movw	r2, #64383
 867 00ce 8A60     		str	r2, [r1, #8]
 387:Drivers/STM32F4xx_HAL_Driver/Src/stm32f4xx_ll_usb.c ****   {
 868              		.loc 1 387 40 is_stmt 1 discriminator 2 view .LVU265
 869 00d0 0133     		adds	r3, r3, #1
 870              	.LVL50:
 871              	.L61:
 387:Drivers/STM32F4xx_HAL_Driver/Src/stm32f4xx_ll_usb.c ****   {
 872              		.loc 1 387 18 discriminator 1 view .LVU266
 387:Drivers/STM32F4xx_HAL_Driver/Src/stm32f4xx_ll_usb.c ****   {
 873              		.loc 1 387 23 is_stmt 0 discriminator 1 view .LVU267
 874 00d2 0799     		ldr	r1, [sp, #28]
 387:Drivers/STM32F4xx_HAL_Driver/Src/stm32f4xx_ll_usb.c ****   {
 875              		.loc 1 387 18 discriminator 1 view .LVU268
 876 00d4 9942     		cmp	r1, r3
 877 00d6 10D9     		bls	.L77
 389:Drivers/STM32F4xx_HAL_Driver/Src/stm32f4xx_ll_usb.c ****     {
 878              		.loc 1 389 5 is_stmt 1 view .LVU269
 389:Drivers/STM32F4xx_HAL_Driver/Src/stm32f4xx_ll_usb.c ****     {
 879              		.loc 1 389 10 is_stmt 0 view .LVU270
 880 00d8 04EB4312 		add	r2, r4, r3, lsl #5
 881 00dc 02F51061 		add	r1, r2, #2304
 389:Drivers/STM32F4xx_HAL_Driver/Src/stm32f4xx_ll_usb.c ****     {
 882              		.loc 1 389 22 view .LVU271
 883 00e0 D2F80009 		ldr	r0, [r2, #2304]
 389:Drivers/STM32F4xx_HAL_Driver/Src/stm32f4xx_ll_usb.c ****     {
 884              		.loc 1 389 8 view .LVU272
 885 00e4 0028     		cmp	r0, #0
 886 00e6 E9DB     		blt	.L78
ARM GAS  /tmp/ccNXSnaU.s 			page 45


 402:Drivers/STM32F4xx_HAL_Driver/Src/stm32f4xx_ll_usb.c ****     }
 887              		.loc 1 402 7 is_stmt 1 view .LVU273
 402:Drivers/STM32F4xx_HAL_Driver/Src/stm32f4xx_ll_usb.c ****     }
 888              		.loc 1 402 29 is_stmt 0 view .LVU274
 889 00e8 0020     		movs	r0, #0
 890 00ea C2F80009 		str	r0, [r2, #2304]
 891 00ee EAE7     		b	.L64
 892              	.L63:
 397:Drivers/STM32F4xx_HAL_Driver/Src/stm32f4xx_ll_usb.c ****       }
 893              		.loc 1 397 9 is_stmt 1 view .LVU275
 397:Drivers/STM32F4xx_HAL_Driver/Src/stm32f4xx_ll_usb.c ****       }
 894              		.loc 1 397 31 is_stmt 0 view .LVU276
 895 00f0 4FF09040 		mov	r0, #1207959552
 896 00f4 C2F80009 		str	r0, [r2, #2304]
 897 00f8 E5E7     		b	.L64
 898              	.L77:
 409:Drivers/STM32F4xx_HAL_Driver/Src/stm32f4xx_ll_usb.c ****   {
 899              		.loc 1 409 10 view .LVU277
 900 00fa 0023     		movs	r3, #0
 901              	.LVL51:
 409:Drivers/STM32F4xx_HAL_Driver/Src/stm32f4xx_ll_usb.c ****   {
 902              		.loc 1 409 10 view .LVU278
 903 00fc 0AE0     		b	.L66
 904              	.LVL52:
 905              	.L81:
 413:Drivers/STM32F4xx_HAL_Driver/Src/stm32f4xx_ll_usb.c ****       {
 906              		.loc 1 413 7 is_stmt 1 view .LVU279
 413:Drivers/STM32F4xx_HAL_Driver/Src/stm32f4xx_ll_usb.c ****       {
 907              		.loc 1 413 10 is_stmt 0 view .LVU280
 908 00fe C3B1     		cbz	r3, .L79
 419:Drivers/STM32F4xx_HAL_Driver/Src/stm32f4xx_ll_usb.c ****       }
 909              		.loc 1 419 9 is_stmt 1 view .LVU281
 419:Drivers/STM32F4xx_HAL_Driver/Src/stm32f4xx_ll_usb.c ****       }
 910              		.loc 1 419 32 is_stmt 0 view .LVU282
 911 0100 4FF0904C 		mov	ip, #1207959552
 912 0104 C2F800CB 		str	ip, [r2, #2816]
 913              	.L69:
 427:Drivers/STM32F4xx_HAL_Driver/Src/stm32f4xx_ll_usb.c ****     USBx_OUTEP(i)->DOEPINT  = 0xFB7FU;
 914              		.loc 1 427 5 is_stmt 1 view .LVU283
 427:Drivers/STM32F4xx_HAL_Driver/Src/stm32f4xx_ll_usb.c ****     USBx_OUTEP(i)->DOEPINT  = 0xFB7FU;
 915              		.loc 1 427 29 is_stmt 0 view .LVU284
 916 0108 0022     		movs	r2, #0
 917 010a 0261     		str	r2, [r0, #16]
 428:Drivers/STM32F4xx_HAL_Driver/Src/stm32f4xx_ll_usb.c ****   }
 918              		.loc 1 428 5 is_stmt 1 view .LVU285
 428:Drivers/STM32F4xx_HAL_Driver/Src/stm32f4xx_ll_usb.c ****   }
 919              		.loc 1 428 29 is_stmt 0 view .LVU286
 920 010c 4FF67F32 		movw	r2, #64383
 921 0110 8260     		str	r2, [r0, #8]
 409:Drivers/STM32F4xx_HAL_Driver/Src/stm32f4xx_ll_usb.c ****   {
 922              		.loc 1 409 40 is_stmt 1 discriminator 2 view .LVU287
 923 0112 0133     		adds	r3, r3, #1
 924              	.LVL53:
 925              	.L66:
 409:Drivers/STM32F4xx_HAL_Driver/Src/stm32f4xx_ll_usb.c ****   {
 926              		.loc 1 409 18 discriminator 1 view .LVU288
 927 0114 9942     		cmp	r1, r3
ARM GAS  /tmp/ccNXSnaU.s 			page 46


 928 0116 11D9     		bls	.L80
 411:Drivers/STM32F4xx_HAL_Driver/Src/stm32f4xx_ll_usb.c ****     {
 929              		.loc 1 411 5 view .LVU289
 411:Drivers/STM32F4xx_HAL_Driver/Src/stm32f4xx_ll_usb.c ****     {
 930              		.loc 1 411 10 is_stmt 0 view .LVU290
 931 0118 04EB4312 		add	r2, r4, r3, lsl #5
 932 011c 02F53060 		add	r0, r2, #2816
 411:Drivers/STM32F4xx_HAL_Driver/Src/stm32f4xx_ll_usb.c ****     {
 933              		.loc 1 411 23 view .LVU291
 934 0120 D2F8006B 		ldr	r6, [r2, #2816]
 411:Drivers/STM32F4xx_HAL_Driver/Src/stm32f4xx_ll_usb.c ****     {
 935              		.loc 1 411 8 view .LVU292
 936 0124 002E     		cmp	r6, #0
 937 0126 EADB     		blt	.L81
 424:Drivers/STM32F4xx_HAL_Driver/Src/stm32f4xx_ll_usb.c ****     }
 938              		.loc 1 424 7 is_stmt 1 view .LVU293
 424:Drivers/STM32F4xx_HAL_Driver/Src/stm32f4xx_ll_usb.c ****     }
 939              		.loc 1 424 30 is_stmt 0 view .LVU294
 940 0128 4FF0000C 		mov	ip, #0
 941 012c C2F800CB 		str	ip, [r2, #2816]
 942 0130 EAE7     		b	.L69
 943              	.L79:
 415:Drivers/STM32F4xx_HAL_Driver/Src/stm32f4xx_ll_usb.c ****       }
 944              		.loc 1 415 9 is_stmt 1 view .LVU295
 415:Drivers/STM32F4xx_HAL_Driver/Src/stm32f4xx_ll_usb.c ****       }
 945              		.loc 1 415 32 is_stmt 0 view .LVU296
 946 0132 4FF0006C 		mov	ip, #134217728
 947 0136 C2F800CB 		str	ip, [r2, #2816]
 948 013a E5E7     		b	.L69
 949              	.L80:
 431:Drivers/STM32F4xx_HAL_Driver/Src/stm32f4xx_ll_usb.c **** 
 950              		.loc 1 431 3 is_stmt 1 view .LVU297
 431:Drivers/STM32F4xx_HAL_Driver/Src/stm32f4xx_ll_usb.c **** 
 951              		.loc 1 431 14 is_stmt 0 view .LVU298
 952 013c 2B69     		ldr	r3, [r5, #16]
 953              	.LVL54:
 431:Drivers/STM32F4xx_HAL_Driver/Src/stm32f4xx_ll_usb.c **** 
 954              		.loc 1 431 24 view .LVU299
 955 013e 23F48073 		bic	r3, r3, #256
 956 0142 2B61     		str	r3, [r5, #16]
 434:Drivers/STM32F4xx_HAL_Driver/Src/stm32f4xx_ll_usb.c **** 
 957              		.loc 1 434 3 is_stmt 1 view .LVU300
 434:Drivers/STM32F4xx_HAL_Driver/Src/stm32f4xx_ll_usb.c **** 
 958              		.loc 1 434 17 is_stmt 0 view .LVU301
 959 0144 0023     		movs	r3, #0
 960 0146 A361     		str	r3, [r4, #24]
 437:Drivers/STM32F4xx_HAL_Driver/Src/stm32f4xx_ll_usb.c **** 
 961              		.loc 1 437 3 is_stmt 1 view .LVU302
 437:Drivers/STM32F4xx_HAL_Driver/Src/stm32f4xx_ll_usb.c **** 
 962              		.loc 1 437 17 is_stmt 0 view .LVU303
 963 0148 6FF08043 		mvn	r3, #1073741824
 964 014c 6361     		str	r3, [r4, #20]
 440:Drivers/STM32F4xx_HAL_Driver/Src/stm32f4xx_ll_usb.c ****   {
 965              		.loc 1 440 3 is_stmt 1 view .LVU304
 440:Drivers/STM32F4xx_HAL_Driver/Src/stm32f4xx_ll_usb.c ****   {
 966              		.loc 1 440 10 is_stmt 0 view .LVU305
 967 014e 0A9B     		ldr	r3, [sp, #40]
ARM GAS  /tmp/ccNXSnaU.s 			page 47


 440:Drivers/STM32F4xx_HAL_Driver/Src/stm32f4xx_ll_usb.c ****   {
 968              		.loc 1 440 6 view .LVU306
 969 0150 1BB9     		cbnz	r3, .L71
 442:Drivers/STM32F4xx_HAL_Driver/Src/stm32f4xx_ll_usb.c ****   }
 970              		.loc 1 442 5 is_stmt 1 view .LVU307
 442:Drivers/STM32F4xx_HAL_Driver/Src/stm32f4xx_ll_usb.c ****   }
 971              		.loc 1 442 9 is_stmt 0 view .LVU308
 972 0152 A369     		ldr	r3, [r4, #24]
 442:Drivers/STM32F4xx_HAL_Driver/Src/stm32f4xx_ll_usb.c ****   }
 973              		.loc 1 442 19 view .LVU309
 974 0154 43F01003 		orr	r3, r3, #16
 975 0158 A361     		str	r3, [r4, #24]
 976              	.L71:
 446:Drivers/STM32F4xx_HAL_Driver/Src/stm32f4xx_ll_usb.c ****                    USB_OTG_GINTMSK_ENUMDNEM | USB_OTG_GINTMSK_IEPINT |
 977              		.loc 1 446 3 is_stmt 1 view .LVU310
 446:Drivers/STM32F4xx_HAL_Driver/Src/stm32f4xx_ll_usb.c ****                    USB_OTG_GINTMSK_ENUMDNEM | USB_OTG_GINTMSK_IEPINT |
 978              		.loc 1 446 7 is_stmt 0 view .LVU311
 979 015a A269     		ldr	r2, [r4, #24]
 446:Drivers/STM32F4xx_HAL_Driver/Src/stm32f4xx_ll_usb.c ****                    USB_OTG_GINTMSK_ENUMDNEM | USB_OTG_GINTMSK_IEPINT |
 980              		.loc 1 446 17 view .LVU312
 981 015c 0B4B     		ldr	r3, .L83
 982 015e 1343     		orrs	r3, r3, r2
 983 0160 A361     		str	r3, [r4, #24]
 451:Drivers/STM32F4xx_HAL_Driver/Src/stm32f4xx_ll_usb.c ****   {
 984              		.loc 1 451 3 is_stmt 1 view .LVU313
 451:Drivers/STM32F4xx_HAL_Driver/Src/stm32f4xx_ll_usb.c ****   {
 985              		.loc 1 451 10 is_stmt 0 view .LVU314
 986 0162 0D9B     		ldr	r3, [sp, #52]
 451:Drivers/STM32F4xx_HAL_Driver/Src/stm32f4xx_ll_usb.c ****   {
 987              		.loc 1 451 6 view .LVU315
 988 0164 1BB1     		cbz	r3, .L72
 453:Drivers/STM32F4xx_HAL_Driver/Src/stm32f4xx_ll_usb.c ****   }
 989              		.loc 1 453 5 is_stmt 1 view .LVU316
 453:Drivers/STM32F4xx_HAL_Driver/Src/stm32f4xx_ll_usb.c ****   }
 990              		.loc 1 453 9 is_stmt 0 view .LVU317
 991 0166 A369     		ldr	r3, [r4, #24]
 453:Drivers/STM32F4xx_HAL_Driver/Src/stm32f4xx_ll_usb.c ****   }
 992              		.loc 1 453 19 view .LVU318
 993 0168 43F00803 		orr	r3, r3, #8
 994 016c A361     		str	r3, [r4, #24]
 995              	.L72:
 456:Drivers/STM32F4xx_HAL_Driver/Src/stm32f4xx_ll_usb.c ****   {
 996              		.loc 1 456 3 is_stmt 1 view .LVU319
 456:Drivers/STM32F4xx_HAL_Driver/Src/stm32f4xx_ll_usb.c ****   {
 997              		.loc 1 456 6 is_stmt 0 view .LVU320
 998 016e 012F     		cmp	r7, #1
 999 0170 04D0     		beq	.L82
 1000              	.L73:
 461:Drivers/STM32F4xx_HAL_Driver/Src/stm32f4xx_ll_usb.c **** }
 1001              		.loc 1 461 3 is_stmt 1 view .LVU321
 462:Drivers/STM32F4xx_HAL_Driver/Src/stm32f4xx_ll_usb.c **** 
 1002              		.loc 1 462 1 is_stmt 0 view .LVU322
 1003 0172 4046     		mov	r0, r8
 1004 0174 BDE8F041 		pop	{r4, r5, r6, r7, r8, lr}
 1005              		.cfi_remember_state
 1006              		.cfi_restore 14
 1007              		.cfi_restore 8
ARM GAS  /tmp/ccNXSnaU.s 			page 48


 1008              		.cfi_restore 7
 1009              		.cfi_restore 6
 1010              		.cfi_restore 5
 1011              		.cfi_restore 4
 1012              		.cfi_def_cfa_offset 16
 1013              	.LVL55:
 462:Drivers/STM32F4xx_HAL_Driver/Src/stm32f4xx_ll_usb.c **** 
 1014              		.loc 1 462 1 view .LVU323
 1015 0178 04B0     		add	sp, sp, #16
 1016              		.cfi_def_cfa_offset 0
 1017 017a 7047     		bx	lr
 1018              	.LVL56:
 1019              	.L82:
 1020              		.cfi_restore_state
 458:Drivers/STM32F4xx_HAL_Driver/Src/stm32f4xx_ll_usb.c ****   }
 1021              		.loc 1 458 5 is_stmt 1 view .LVU324
 458:Drivers/STM32F4xx_HAL_Driver/Src/stm32f4xx_ll_usb.c ****   }
 1022              		.loc 1 458 9 is_stmt 0 view .LVU325
 1023 017c A369     		ldr	r3, [r4, #24]
 458:Drivers/STM32F4xx_HAL_Driver/Src/stm32f4xx_ll_usb.c ****   }
 1024              		.loc 1 458 19 view .LVU326
 1025 017e 43F08043 		orr	r3, r3, #1073741824
 1026 0182 43F00403 		orr	r3, r3, #4
 1027 0186 A361     		str	r3, [r4, #24]
 1028 0188 F3E7     		b	.L73
 1029              	.L84:
 1030 018a 00BF     		.align	2
 1031              	.L83:
 1032 018c 00383C80 		.word	-2143537152
 1033              		.cfi_endproc
 1034              	.LFE221:
 1036              		.section	.text.USB_GetDevSpeed,"ax",%progbits
 1037              		.align	1
 1038              		.global	USB_GetDevSpeed
 1039              		.syntax unified
 1040              		.thumb
 1041              		.thumb_func
 1043              	USB_GetDevSpeed:
 1044              	.LVL57:
 1045              	.LFB225:
 539:Drivers/STM32F4xx_HAL_Driver/Src/stm32f4xx_ll_usb.c ****   uint32_t USBx_BASE = (uint32_t)USBx;
 1046              		.loc 1 539 1 is_stmt 1 view -0
 1047              		.cfi_startproc
 1048              		@ args = 0, pretend = 0, frame = 0
 1049              		@ frame_needed = 0, uses_anonymous_args = 0
 1050              		@ link register save eliminated.
 540:Drivers/STM32F4xx_HAL_Driver/Src/stm32f4xx_ll_usb.c ****   uint8_t speed;
 1051              		.loc 1 540 3 view .LVU328
 541:Drivers/STM32F4xx_HAL_Driver/Src/stm32f4xx_ll_usb.c ****   uint32_t DevEnumSpeed = USBx_DEVICE->DSTS & USB_OTG_DSTS_ENUMSPD;
 1052              		.loc 1 541 3 view .LVU329
 542:Drivers/STM32F4xx_HAL_Driver/Src/stm32f4xx_ll_usb.c **** 
 1053              		.loc 1 542 3 view .LVU330
 542:Drivers/STM32F4xx_HAL_Driver/Src/stm32f4xx_ll_usb.c **** 
 1054              		.loc 1 542 38 is_stmt 0 view .LVU331
 1055 0000 D0F80838 		ldr	r3, [r0, #2056]
 542:Drivers/STM32F4xx_HAL_Driver/Src/stm32f4xx_ll_usb.c **** 
 1056              		.loc 1 542 12 view .LVU332
ARM GAS  /tmp/ccNXSnaU.s 			page 49


 1057 0004 03F00603 		and	r3, r3, #6
 1058              	.LVL58:
 544:Drivers/STM32F4xx_HAL_Driver/Src/stm32f4xx_ll_usb.c ****   {
 1059              		.loc 1 544 3 is_stmt 1 view .LVU333
 1060 0008 022B     		cmp	r3, #2
 1061 000a 04D0     		beq	.L87
 1062 000c 062B     		cmp	r3, #6
 1063 000e 04D0     		beq	.L88
 1064 0010 2BB9     		cbnz	r3, .L89
 542:Drivers/STM32F4xx_HAL_Driver/Src/stm32f4xx_ll_usb.c **** 
 1065              		.loc 1 542 12 is_stmt 0 view .LVU334
 1066 0012 0020     		movs	r0, #0
 1067              	.LVL59:
 542:Drivers/STM32F4xx_HAL_Driver/Src/stm32f4xx_ll_usb.c **** 
 1068              		.loc 1 542 12 view .LVU335
 1069 0014 7047     		bx	lr
 1070              	.LVL60:
 1071              	.L87:
 542:Drivers/STM32F4xx_HAL_Driver/Src/stm32f4xx_ll_usb.c **** 
 1072              		.loc 1 542 12 view .LVU336
 1073 0016 0220     		movs	r0, #2
 1074              	.LVL61:
 542:Drivers/STM32F4xx_HAL_Driver/Src/stm32f4xx_ll_usb.c **** 
 1075              		.loc 1 542 12 view .LVU337
 1076 0018 7047     		bx	lr
 1077              	.LVL62:
 1078              	.L88:
 542:Drivers/STM32F4xx_HAL_Driver/Src/stm32f4xx_ll_usb.c **** 
 1079              		.loc 1 542 12 view .LVU338
 1080 001a 0220     		movs	r0, #2
 1081              	.LVL63:
 542:Drivers/STM32F4xx_HAL_Driver/Src/stm32f4xx_ll_usb.c **** 
 1082              		.loc 1 542 12 view .LVU339
 1083 001c 7047     		bx	lr
 1084              	.LVL64:
 1085              	.L89:
 542:Drivers/STM32F4xx_HAL_Driver/Src/stm32f4xx_ll_usb.c **** 
 1086              		.loc 1 542 12 view .LVU340
 1087 001e 0F20     		movs	r0, #15
 1088              	.LVL65:
 558:Drivers/STM32F4xx_HAL_Driver/Src/stm32f4xx_ll_usb.c **** }
 1089              		.loc 1 558 3 is_stmt 1 view .LVU341
 559:Drivers/STM32F4xx_HAL_Driver/Src/stm32f4xx_ll_usb.c **** 
 1090              		.loc 1 559 1 is_stmt 0 view .LVU342
 1091 0020 7047     		bx	lr
 1092              		.cfi_endproc
 1093              	.LFE225:
 1095              		.section	.text.USB_ActivateEndpoint,"ax",%progbits
 1096              		.align	1
 1097              		.global	USB_ActivateEndpoint
 1098              		.syntax unified
 1099              		.thumb
 1100              		.thumb_func
 1102              	USB_ActivateEndpoint:
 1103              	.LVL66:
 1104              	.LFB226:
 568:Drivers/STM32F4xx_HAL_Driver/Src/stm32f4xx_ll_usb.c ****   uint32_t USBx_BASE = (uint32_t)USBx;
ARM GAS  /tmp/ccNXSnaU.s 			page 50


 1105              		.loc 1 568 1 is_stmt 1 view -0
 1106              		.cfi_startproc
 1107              		@ args = 0, pretend = 0, frame = 0
 1108              		@ frame_needed = 0, uses_anonymous_args = 0
 568:Drivers/STM32F4xx_HAL_Driver/Src/stm32f4xx_ll_usb.c ****   uint32_t USBx_BASE = (uint32_t)USBx;
 1109              		.loc 1 568 1 is_stmt 0 view .LVU344
 1110 0000 10B5     		push	{r4, lr}
 1111              		.cfi_def_cfa_offset 8
 1112              		.cfi_offset 4, -8
 1113              		.cfi_offset 14, -4
 569:Drivers/STM32F4xx_HAL_Driver/Src/stm32f4xx_ll_usb.c ****   uint32_t epnum = (uint32_t)ep->num;
 1114              		.loc 1 569 3 is_stmt 1 view .LVU345
 1115              	.LVL67:
 570:Drivers/STM32F4xx_HAL_Driver/Src/stm32f4xx_ll_usb.c **** 
 1116              		.loc 1 570 3 view .LVU346
 570:Drivers/STM32F4xx_HAL_Driver/Src/stm32f4xx_ll_usb.c **** 
 1117              		.loc 1 570 32 is_stmt 0 view .LVU347
 1118 0002 91F800C0 		ldrb	ip, [r1]	@ zero_extendqisi2
 1119              	.LVL68:
 572:Drivers/STM32F4xx_HAL_Driver/Src/stm32f4xx_ll_usb.c ****   {
 1120              		.loc 1 572 3 is_stmt 1 view .LVU348
 572:Drivers/STM32F4xx_HAL_Driver/Src/stm32f4xx_ll_usb.c ****   {
 1121              		.loc 1 572 9 is_stmt 0 view .LVU349
 1122 0006 4B78     		ldrb	r3, [r1, #1]	@ zero_extendqisi2
 572:Drivers/STM32F4xx_HAL_Driver/Src/stm32f4xx_ll_usb.c ****   {
 1123              		.loc 1 572 6 view .LVU350
 1124 0008 012B     		cmp	r3, #1
 1125 000a 23D0     		beq	.L94
 586:Drivers/STM32F4xx_HAL_Driver/Src/stm32f4xx_ll_usb.c **** 
 1126              		.loc 1 586 5 is_stmt 1 view .LVU351
 586:Drivers/STM32F4xx_HAL_Driver/Src/stm32f4xx_ll_usb.c **** 
 1127              		.loc 1 586 16 is_stmt 0 view .LVU352
 1128 000c 00F5006E 		add	lr, r0, #2048
 1129 0010 D0F81C38 		ldr	r3, [r0, #2076]
 586:Drivers/STM32F4xx_HAL_Driver/Src/stm32f4xx_ll_usb.c **** 
 1130              		.loc 1 586 82 view .LVU353
 1131 0014 0CF00F04 		and	r4, ip, #15
 586:Drivers/STM32F4xx_HAL_Driver/Src/stm32f4xx_ll_usb.c **** 
 1132              		.loc 1 586 55 view .LVU354
 1133 0018 0122     		movs	r2, #1
 1134 001a A240     		lsls	r2, r2, r4
 586:Drivers/STM32F4xx_HAL_Driver/Src/stm32f4xx_ll_usb.c **** 
 1135              		.loc 1 586 27 view .LVU355
 1136 001c 43EA0243 		orr	r3, r3, r2, lsl #16
 1137 0020 C0F81C38 		str	r3, [r0, #2076]
 588:Drivers/STM32F4xx_HAL_Driver/Src/stm32f4xx_ll_usb.c ****     {
 1138              		.loc 1 588 5 is_stmt 1 view .LVU356
 588:Drivers/STM32F4xx_HAL_Driver/Src/stm32f4xx_ll_usb.c ****     {
 1139              		.loc 1 588 11 is_stmt 0 view .LVU357
 1140 0024 00EB4C10 		add	r0, r0, ip, lsl #5
 1141              	.LVL69:
 588:Drivers/STM32F4xx_HAL_Driver/Src/stm32f4xx_ll_usb.c ****     {
 1142              		.loc 1 588 28 view .LVU358
 1143 0028 D0F8003B 		ldr	r3, [r0, #2816]
 588:Drivers/STM32F4xx_HAL_Driver/Src/stm32f4xx_ll_usb.c ****     {
 1144              		.loc 1 588 8 view .LVU359
 1145 002c 13F4004F 		tst	r3, #32768
ARM GAS  /tmp/ccNXSnaU.s 			page 51


 1146 0030 0ED1     		bne	.L92
 590:Drivers/STM32F4xx_HAL_Driver/Src/stm32f4xx_ll_usb.c ****                                     ((uint32_t)ep->type << 18) |
 1147              		.loc 1 590 7 is_stmt 1 view .LVU360
 590:Drivers/STM32F4xx_HAL_Driver/Src/stm32f4xx_ll_usb.c ****                                     ((uint32_t)ep->type << 18) |
 1148              		.loc 1 590 24 is_stmt 0 view .LVU361
 1149 0032 D0F8003B 		ldr	r3, [r0, #2816]
 590:Drivers/STM32F4xx_HAL_Driver/Src/stm32f4xx_ll_usb.c ****                                     ((uint32_t)ep->type << 18) |
 1150              		.loc 1 590 40 view .LVU362
 1151 0036 8A68     		ldr	r2, [r1, #8]
 590:Drivers/STM32F4xx_HAL_Driver/Src/stm32f4xx_ll_usb.c ****                                     ((uint32_t)ep->type << 18) |
 1152              		.loc 1 590 52 view .LVU363
 1153 0038 C2F30A02 		ubfx	r2, r2, #0, #11
 591:Drivers/STM32F4xx_HAL_Driver/Src/stm32f4xx_ll_usb.c ****                                     USB_OTG_DIEPCTL_SD0PID_SEVNFRM |
 1154              		.loc 1 591 50 view .LVU364
 1155 003c C978     		ldrb	r1, [r1, #3]	@ zero_extendqisi2
 1156              	.LVL70:
 590:Drivers/STM32F4xx_HAL_Driver/Src/stm32f4xx_ll_usb.c ****                                     ((uint32_t)ep->type << 18) |
 1157              		.loc 1 590 77 view .LVU365
 1158 003e 42EA8142 		orr	r2, r2, r1, lsl #18
 590:Drivers/STM32F4xx_HAL_Driver/Src/stm32f4xx_ll_usb.c ****                                     ((uint32_t)ep->type << 18) |
 1159              		.loc 1 590 34 view .LVU366
 1160 0042 1343     		orrs	r3, r3, r2
 1161 0044 43F08053 		orr	r3, r3, #268435456
 1162 0048 43F40043 		orr	r3, r3, #32768
 1163 004c C0F8003B 		str	r3, [r0, #2816]
 1164              	.LVL71:
 1165              	.L92:
 596:Drivers/STM32F4xx_HAL_Driver/Src/stm32f4xx_ll_usb.c **** }
 1166              		.loc 1 596 3 is_stmt 1 view .LVU367
 597:Drivers/STM32F4xx_HAL_Driver/Src/stm32f4xx_ll_usb.c **** 
 1167              		.loc 1 597 1 is_stmt 0 view .LVU368
 1168 0050 0020     		movs	r0, #0
 1169 0052 10BD     		pop	{r4, pc}
 1170              	.LVL72:
 1171              	.L94:
 574:Drivers/STM32F4xx_HAL_Driver/Src/stm32f4xx_ll_usb.c **** 
 1172              		.loc 1 574 5 is_stmt 1 view .LVU369
 574:Drivers/STM32F4xx_HAL_Driver/Src/stm32f4xx_ll_usb.c **** 
 1173              		.loc 1 574 16 is_stmt 0 view .LVU370
 1174 0054 D0F81C28 		ldr	r2, [r0, #2076]
 574:Drivers/STM32F4xx_HAL_Driver/Src/stm32f4xx_ll_usb.c **** 
 1175              		.loc 1 574 81 view .LVU371
 1176 0058 0CF00F0E 		and	lr, ip, #15
 574:Drivers/STM32F4xx_HAL_Driver/Src/stm32f4xx_ll_usb.c **** 
 1177              		.loc 1 574 54 view .LVU372
 1178 005c 03FA0EF3 		lsl	r3, r3, lr
 574:Drivers/STM32F4xx_HAL_Driver/Src/stm32f4xx_ll_usb.c **** 
 1179              		.loc 1 574 52 view .LVU373
 1180 0060 9BB2     		uxth	r3, r3
 574:Drivers/STM32F4xx_HAL_Driver/Src/stm32f4xx_ll_usb.c **** 
 1181              		.loc 1 574 27 view .LVU374
 1182 0062 1343     		orrs	r3, r3, r2
 1183 0064 C0F81C38 		str	r3, [r0, #2076]
 576:Drivers/STM32F4xx_HAL_Driver/Src/stm32f4xx_ll_usb.c ****     {
 1184              		.loc 1 576 5 is_stmt 1 view .LVU375
 576:Drivers/STM32F4xx_HAL_Driver/Src/stm32f4xx_ll_usb.c ****     {
 1185              		.loc 1 576 10 is_stmt 0 view .LVU376
ARM GAS  /tmp/ccNXSnaU.s 			page 52


 1186 0068 00EB4C10 		add	r0, r0, ip, lsl #5
 1187              	.LVL73:
 576:Drivers/STM32F4xx_HAL_Driver/Src/stm32f4xx_ll_usb.c ****     {
 1188              		.loc 1 576 26 view .LVU377
 1189 006c D0F80039 		ldr	r3, [r0, #2304]
 576:Drivers/STM32F4xx_HAL_Driver/Src/stm32f4xx_ll_usb.c ****     {
 1190              		.loc 1 576 8 view .LVU378
 1191 0070 13F4004F 		tst	r3, #32768
 1192 0074 ECD1     		bne	.L92
 578:Drivers/STM32F4xx_HAL_Driver/Src/stm32f4xx_ll_usb.c ****                                    ((uint32_t)ep->type << 18) | (epnum << 22) |
 1193              		.loc 1 578 7 is_stmt 1 view .LVU379
 578:Drivers/STM32F4xx_HAL_Driver/Src/stm32f4xx_ll_usb.c ****                                    ((uint32_t)ep->type << 18) | (epnum << 22) |
 1194              		.loc 1 578 23 is_stmt 0 view .LVU380
 1195 0076 D0F80039 		ldr	r3, [r0, #2304]
 578:Drivers/STM32F4xx_HAL_Driver/Src/stm32f4xx_ll_usb.c ****                                    ((uint32_t)ep->type << 18) | (epnum << 22) |
 1196              		.loc 1 578 39 view .LVU381
 1197 007a 8A68     		ldr	r2, [r1, #8]
 578:Drivers/STM32F4xx_HAL_Driver/Src/stm32f4xx_ll_usb.c ****                                    ((uint32_t)ep->type << 18) | (epnum << 22) |
 1198              		.loc 1 578 51 view .LVU382
 1199 007c C2F30A02 		ubfx	r2, r2, #0, #11
 579:Drivers/STM32F4xx_HAL_Driver/Src/stm32f4xx_ll_usb.c ****                                    USB_OTG_DIEPCTL_SD0PID_SEVNFRM |
 1200              		.loc 1 579 49 view .LVU383
 1201 0080 C978     		ldrb	r1, [r1, #3]	@ zero_extendqisi2
 1202              	.LVL74:
 578:Drivers/STM32F4xx_HAL_Driver/Src/stm32f4xx_ll_usb.c ****                                    ((uint32_t)ep->type << 18) | (epnum << 22) |
 1203              		.loc 1 578 76 view .LVU384
 1204 0082 42EA8142 		orr	r2, r2, r1, lsl #18
 579:Drivers/STM32F4xx_HAL_Driver/Src/stm32f4xx_ll_usb.c ****                                    USB_OTG_DIEPCTL_SD0PID_SEVNFRM |
 1205              		.loc 1 579 63 view .LVU385
 1206 0086 42EA8C52 		orr	r2, r2, ip, lsl #22
 578:Drivers/STM32F4xx_HAL_Driver/Src/stm32f4xx_ll_usb.c ****                                    ((uint32_t)ep->type << 18) | (epnum << 22) |
 1207              		.loc 1 578 33 view .LVU386
 1208 008a 1343     		orrs	r3, r3, r2
 1209 008c 43F08053 		orr	r3, r3, #268435456
 1210 0090 43F40043 		orr	r3, r3, #32768
 1211 0094 C0F80039 		str	r3, [r0, #2304]
 1212 0098 DAE7     		b	.L92
 1213              		.cfi_endproc
 1214              	.LFE226:
 1216              		.section	.text.USB_ActivateDedicatedEndpoint,"ax",%progbits
 1217              		.align	1
 1218              		.global	USB_ActivateDedicatedEndpoint
 1219              		.syntax unified
 1220              		.thumb
 1221              		.thumb_func
 1223              	USB_ActivateDedicatedEndpoint:
 1224              	.LVL75:
 1225              	.LFB227:
 606:Drivers/STM32F4xx_HAL_Driver/Src/stm32f4xx_ll_usb.c ****   uint32_t USBx_BASE = (uint32_t)USBx;
 1226              		.loc 1 606 1 is_stmt 1 view -0
 1227              		.cfi_startproc
 1228              		@ args = 0, pretend = 0, frame = 0
 1229              		@ frame_needed = 0, uses_anonymous_args = 0
 606:Drivers/STM32F4xx_HAL_Driver/Src/stm32f4xx_ll_usb.c ****   uint32_t USBx_BASE = (uint32_t)USBx;
 1230              		.loc 1 606 1 is_stmt 0 view .LVU388
 1231 0000 10B5     		push	{r4, lr}
 1232              		.cfi_def_cfa_offset 8
ARM GAS  /tmp/ccNXSnaU.s 			page 53


 1233              		.cfi_offset 4, -8
 1234              		.cfi_offset 14, -4
 607:Drivers/STM32F4xx_HAL_Driver/Src/stm32f4xx_ll_usb.c ****   uint32_t epnum = (uint32_t)ep->num;
 1235              		.loc 1 607 3 is_stmt 1 view .LVU389
 1236              	.LVL76:
 608:Drivers/STM32F4xx_HAL_Driver/Src/stm32f4xx_ll_usb.c **** 
 1237              		.loc 1 608 3 view .LVU390
 608:Drivers/STM32F4xx_HAL_Driver/Src/stm32f4xx_ll_usb.c **** 
 1238              		.loc 1 608 32 is_stmt 0 view .LVU391
 1239 0002 0A78     		ldrb	r2, [r1]	@ zero_extendqisi2
 1240              	.LVL77:
 611:Drivers/STM32F4xx_HAL_Driver/Src/stm32f4xx_ll_usb.c ****   {
 1241              		.loc 1 611 3 is_stmt 1 view .LVU392
 611:Drivers/STM32F4xx_HAL_Driver/Src/stm32f4xx_ll_usb.c ****   {
 1242              		.loc 1 611 9 is_stmt 0 view .LVU393
 1243 0004 4B78     		ldrb	r3, [r1, #1]	@ zero_extendqisi2
 611:Drivers/STM32F4xx_HAL_Driver/Src/stm32f4xx_ll_usb.c ****   {
 1244              		.loc 1 611 6 view .LVU394
 1245 0006 012B     		cmp	r3, #1
 1246 0008 23D0     		beq	.L101
 625:Drivers/STM32F4xx_HAL_Driver/Src/stm32f4xx_ll_usb.c ****     {
 1247              		.loc 1 625 5 is_stmt 1 view .LVU395
 625:Drivers/STM32F4xx_HAL_Driver/Src/stm32f4xx_ll_usb.c ****     {
 1248              		.loc 1 625 11 is_stmt 0 view .LVU396
 1249 000a 00EB421C 		add	ip, r0, r2, lsl #5
 625:Drivers/STM32F4xx_HAL_Driver/Src/stm32f4xx_ll_usb.c ****     {
 1250              		.loc 1 625 28 view .LVU397
 1251 000e DCF8003B 		ldr	r3, [ip, #2816]
 625:Drivers/STM32F4xx_HAL_Driver/Src/stm32f4xx_ll_usb.c ****     {
 1252              		.loc 1 625 8 view .LVU398
 1253 0012 13F4004F 		tst	r3, #32768
 1254 0016 0FD1     		bne	.L99
 627:Drivers/STM32F4xx_HAL_Driver/Src/stm32f4xx_ll_usb.c ****                                     ((uint32_t)ep->type << 18) | (epnum << 22) |
 1255              		.loc 1 627 7 is_stmt 1 view .LVU399
 627:Drivers/STM32F4xx_HAL_Driver/Src/stm32f4xx_ll_usb.c ****                                     ((uint32_t)ep->type << 18) | (epnum << 22) |
 1256              		.loc 1 627 24 is_stmt 0 view .LVU400
 1257 0018 DCF8004B 		ldr	r4, [ip, #2816]
 627:Drivers/STM32F4xx_HAL_Driver/Src/stm32f4xx_ll_usb.c ****                                     ((uint32_t)ep->type << 18) | (epnum << 22) |
 1258              		.loc 1 627 40 view .LVU401
 1259 001c 8B68     		ldr	r3, [r1, #8]
 627:Drivers/STM32F4xx_HAL_Driver/Src/stm32f4xx_ll_usb.c ****                                     ((uint32_t)ep->type << 18) | (epnum << 22) |
 1260              		.loc 1 627 52 view .LVU402
 1261 001e C3F30A03 		ubfx	r3, r3, #0, #11
 628:Drivers/STM32F4xx_HAL_Driver/Src/stm32f4xx_ll_usb.c ****                                     USB_OTG_DOEPCTL_USBAEP;
 1262              		.loc 1 628 50 view .LVU403
 1263 0022 91F803E0 		ldrb	lr, [r1, #3]	@ zero_extendqisi2
 627:Drivers/STM32F4xx_HAL_Driver/Src/stm32f4xx_ll_usb.c ****                                     ((uint32_t)ep->type << 18) | (epnum << 22) |
 1264              		.loc 1 627 77 view .LVU404
 1265 0026 43EA8E43 		orr	r3, r3, lr, lsl #18
 628:Drivers/STM32F4xx_HAL_Driver/Src/stm32f4xx_ll_usb.c ****                                     USB_OTG_DOEPCTL_USBAEP;
 1266              		.loc 1 628 64 view .LVU405
 1267 002a 43EA8253 		orr	r3, r3, r2, lsl #22
 627:Drivers/STM32F4xx_HAL_Driver/Src/stm32f4xx_ll_usb.c ****                                     ((uint32_t)ep->type << 18) | (epnum << 22) |
 1268              		.loc 1 627 34 view .LVU406
 1269 002e 2343     		orrs	r3, r3, r4
 1270 0030 43F40043 		orr	r3, r3, #32768
 1271 0034 CCF8003B 		str	r3, [ip, #2816]
ARM GAS  /tmp/ccNXSnaU.s 			page 54


 1272              	.L99:
 632:Drivers/STM32F4xx_HAL_Driver/Src/stm32f4xx_ll_usb.c ****   }
 1273              		.loc 1 632 5 is_stmt 1 view .LVU407
 632:Drivers/STM32F4xx_HAL_Driver/Src/stm32f4xx_ll_usb.c ****   }
 1274              		.loc 1 632 16 is_stmt 0 view .LVU408
 1275 0038 D0F83C38 		ldr	r3, [r0, #2108]
 632:Drivers/STM32F4xx_HAL_Driver/Src/stm32f4xx_ll_usb.c ****   }
 1276              		.loc 1 632 76 view .LVU409
 1277 003c 0978     		ldrb	r1, [r1]	@ zero_extendqisi2
 1278              	.LVL78:
 632:Drivers/STM32F4xx_HAL_Driver/Src/stm32f4xx_ll_usb.c ****   }
 1279              		.loc 1 632 82 view .LVU410
 1280 003e 01F00F01 		and	r1, r1, #15
 632:Drivers/STM32F4xx_HAL_Driver/Src/stm32f4xx_ll_usb.c ****   }
 1281              		.loc 1 632 55 view .LVU411
 1282 0042 0122     		movs	r2, #1
 1283              	.LVL79:
 632:Drivers/STM32F4xx_HAL_Driver/Src/stm32f4xx_ll_usb.c ****   }
 1284              		.loc 1 632 55 view .LVU412
 1285 0044 8A40     		lsls	r2, r2, r1
 632:Drivers/STM32F4xx_HAL_Driver/Src/stm32f4xx_ll_usb.c ****   }
 1286              		.loc 1 632 27 view .LVU413
 1287 0046 43EA0243 		orr	r3, r3, r2, lsl #16
 1288 004a C0F83C38 		str	r3, [r0, #2108]
 1289              	.L98:
 635:Drivers/STM32F4xx_HAL_Driver/Src/stm32f4xx_ll_usb.c **** }
 1290              		.loc 1 635 3 is_stmt 1 view .LVU414
 636:Drivers/STM32F4xx_HAL_Driver/Src/stm32f4xx_ll_usb.c **** 
 1291              		.loc 1 636 1 is_stmt 0 view .LVU415
 1292 004e 0020     		movs	r0, #0
 1293              	.LVL80:
 636:Drivers/STM32F4xx_HAL_Driver/Src/stm32f4xx_ll_usb.c **** 
 1294              		.loc 1 636 1 view .LVU416
 1295 0050 10BD     		pop	{r4, pc}
 1296              	.LVL81:
 1297              	.L101:
 613:Drivers/STM32F4xx_HAL_Driver/Src/stm32f4xx_ll_usb.c ****     {
 1298              		.loc 1 613 5 is_stmt 1 view .LVU417
 613:Drivers/STM32F4xx_HAL_Driver/Src/stm32f4xx_ll_usb.c ****     {
 1299              		.loc 1 613 11 is_stmt 0 view .LVU418
 1300 0052 00EB421C 		add	ip, r0, r2, lsl #5
 613:Drivers/STM32F4xx_HAL_Driver/Src/stm32f4xx_ll_usb.c ****     {
 1301              		.loc 1 613 27 view .LVU419
 1302 0056 DCF80039 		ldr	r3, [ip, #2304]
 613:Drivers/STM32F4xx_HAL_Driver/Src/stm32f4xx_ll_usb.c ****     {
 1303              		.loc 1 613 8 view .LVU420
 1304 005a 13F4004F 		tst	r3, #32768
 1305 005e 11D1     		bne	.L97
 615:Drivers/STM32F4xx_HAL_Driver/Src/stm32f4xx_ll_usb.c ****                                    ((uint32_t)ep->type << 18) | (epnum << 22) |
 1306              		.loc 1 615 7 is_stmt 1 view .LVU421
 615:Drivers/STM32F4xx_HAL_Driver/Src/stm32f4xx_ll_usb.c ****                                    ((uint32_t)ep->type << 18) | (epnum << 22) |
 1307              		.loc 1 615 23 is_stmt 0 view .LVU422
 1308 0060 DCF80039 		ldr	r3, [ip, #2304]
 615:Drivers/STM32F4xx_HAL_Driver/Src/stm32f4xx_ll_usb.c ****                                    ((uint32_t)ep->type << 18) | (epnum << 22) |
 1309              		.loc 1 615 39 view .LVU423
 1310 0064 8C68     		ldr	r4, [r1, #8]
 615:Drivers/STM32F4xx_HAL_Driver/Src/stm32f4xx_ll_usb.c ****                                    ((uint32_t)ep->type << 18) | (epnum << 22) |
ARM GAS  /tmp/ccNXSnaU.s 			page 55


 1311              		.loc 1 615 51 view .LVU424
 1312 0066 C4F30A04 		ubfx	r4, r4, #0, #11
 616:Drivers/STM32F4xx_HAL_Driver/Src/stm32f4xx_ll_usb.c ****                                    USB_OTG_DIEPCTL_SD0PID_SEVNFRM |
 1313              		.loc 1 616 49 view .LVU425
 1314 006a 91F803E0 		ldrb	lr, [r1, #3]	@ zero_extendqisi2
 615:Drivers/STM32F4xx_HAL_Driver/Src/stm32f4xx_ll_usb.c ****                                    ((uint32_t)ep->type << 18) | (epnum << 22) |
 1315              		.loc 1 615 76 view .LVU426
 1316 006e 44EA8E44 		orr	r4, r4, lr, lsl #18
 616:Drivers/STM32F4xx_HAL_Driver/Src/stm32f4xx_ll_usb.c ****                                    USB_OTG_DIEPCTL_SD0PID_SEVNFRM |
 1317              		.loc 1 616 63 view .LVU427
 1318 0072 44EA8254 		orr	r4, r4, r2, lsl #22
 615:Drivers/STM32F4xx_HAL_Driver/Src/stm32f4xx_ll_usb.c ****                                    ((uint32_t)ep->type << 18) | (epnum << 22) |
 1319              		.loc 1 615 33 view .LVU428
 1320 0076 2343     		orrs	r3, r3, r4
 1321 0078 43F08053 		orr	r3, r3, #268435456
 1322 007c 43F40043 		orr	r3, r3, #32768
 1323 0080 CCF80039 		str	r3, [ip, #2304]
 1324              	.L97:
 621:Drivers/STM32F4xx_HAL_Driver/Src/stm32f4xx_ll_usb.c ****   }
 1325              		.loc 1 621 5 is_stmt 1 view .LVU429
 621:Drivers/STM32F4xx_HAL_Driver/Src/stm32f4xx_ll_usb.c ****   }
 1326              		.loc 1 621 16 is_stmt 0 view .LVU430
 1327 0084 D0F83C28 		ldr	r2, [r0, #2108]
 1328              	.LVL82:
 621:Drivers/STM32F4xx_HAL_Driver/Src/stm32f4xx_ll_usb.c ****   }
 1329              		.loc 1 621 75 view .LVU431
 1330 0088 0978     		ldrb	r1, [r1]	@ zero_extendqisi2
 1331              	.LVL83:
 621:Drivers/STM32F4xx_HAL_Driver/Src/stm32f4xx_ll_usb.c ****   }
 1332              		.loc 1 621 81 view .LVU432
 1333 008a 01F00F01 		and	r1, r1, #15
 621:Drivers/STM32F4xx_HAL_Driver/Src/stm32f4xx_ll_usb.c ****   }
 1334              		.loc 1 621 54 view .LVU433
 1335 008e 0123     		movs	r3, #1
 1336 0090 8B40     		lsls	r3, r3, r1
 621:Drivers/STM32F4xx_HAL_Driver/Src/stm32f4xx_ll_usb.c ****   }
 1337              		.loc 1 621 52 view .LVU434
 1338 0092 9BB2     		uxth	r3, r3
 621:Drivers/STM32F4xx_HAL_Driver/Src/stm32f4xx_ll_usb.c ****   }
 1339              		.loc 1 621 27 view .LVU435
 1340 0094 1343     		orrs	r3, r3, r2
 1341 0096 C0F83C38 		str	r3, [r0, #2108]
 1342 009a D8E7     		b	.L98
 1343              		.cfi_endproc
 1344              	.LFE227:
 1346              		.section	.text.USB_DeactivateEndpoint,"ax",%progbits
 1347              		.align	1
 1348              		.global	USB_DeactivateEndpoint
 1349              		.syntax unified
 1350              		.thumb
 1351              		.thumb_func
 1353              	USB_DeactivateEndpoint:
 1354              	.LVL84:
 1355              	.LFB228:
 645:Drivers/STM32F4xx_HAL_Driver/Src/stm32f4xx_ll_usb.c ****   uint32_t USBx_BASE = (uint32_t)USBx;
 1356              		.loc 1 645 1 is_stmt 1 view -0
 1357              		.cfi_startproc
ARM GAS  /tmp/ccNXSnaU.s 			page 56


 1358              		@ args = 0, pretend = 0, frame = 0
 1359              		@ frame_needed = 0, uses_anonymous_args = 0
 1360              		@ link register save eliminated.
 645:Drivers/STM32F4xx_HAL_Driver/Src/stm32f4xx_ll_usb.c ****   uint32_t USBx_BASE = (uint32_t)USBx;
 1361              		.loc 1 645 1 is_stmt 0 view .LVU437
 1362 0000 30B4     		push	{r4, r5}
 1363              		.cfi_def_cfa_offset 8
 1364              		.cfi_offset 4, -8
 1365              		.cfi_offset 5, -4
 646:Drivers/STM32F4xx_HAL_Driver/Src/stm32f4xx_ll_usb.c ****   uint32_t epnum = (uint32_t)ep->num;
 1366              		.loc 1 646 3 is_stmt 1 view .LVU438
 1367              	.LVL85:
 647:Drivers/STM32F4xx_HAL_Driver/Src/stm32f4xx_ll_usb.c **** 
 1368              		.loc 1 647 3 view .LVU439
 647:Drivers/STM32F4xx_HAL_Driver/Src/stm32f4xx_ll_usb.c **** 
 1369              		.loc 1 647 32 is_stmt 0 view .LVU440
 1370 0002 0B78     		ldrb	r3, [r1]	@ zero_extendqisi2
 1371              	.LVL86:
 650:Drivers/STM32F4xx_HAL_Driver/Src/stm32f4xx_ll_usb.c ****   {
 1372              		.loc 1 650 3 is_stmt 1 view .LVU441
 650:Drivers/STM32F4xx_HAL_Driver/Src/stm32f4xx_ll_usb.c ****   {
 1373              		.loc 1 650 9 is_stmt 0 view .LVU442
 1374 0004 4A78     		ldrb	r2, [r1, #1]	@ zero_extendqisi2
 650:Drivers/STM32F4xx_HAL_Driver/Src/stm32f4xx_ll_usb.c ****   {
 1375              		.loc 1 650 6 view .LVU443
 1376 0006 012A     		cmp	r2, #1
 1377 0008 26D0     		beq	.L108
 668:Drivers/STM32F4xx_HAL_Driver/Src/stm32f4xx_ll_usb.c ****     {
 1378              		.loc 1 668 5 is_stmt 1 view .LVU444
 668:Drivers/STM32F4xx_HAL_Driver/Src/stm32f4xx_ll_usb.c ****     {
 1379              		.loc 1 668 10 is_stmt 0 view .LVU445
 1380 000a 00EB4313 		add	r3, r0, r3, lsl #5
 1381              	.LVL87:
 668:Drivers/STM32F4xx_HAL_Driver/Src/stm32f4xx_ll_usb.c ****     {
 1382              		.loc 1 668 27 view .LVU446
 1383 000e D3F8002B 		ldr	r2, [r3, #2816]
 668:Drivers/STM32F4xx_HAL_Driver/Src/stm32f4xx_ll_usb.c ****     {
 1384              		.loc 1 668 8 view .LVU447
 1385 0012 002A     		cmp	r2, #0
 1386 0014 52DB     		blt	.L109
 1387              	.LVL88:
 1388              	.L106:
 674:Drivers/STM32F4xx_HAL_Driver/Src/stm32f4xx_ll_usb.c ****     USBx_DEVICE->DAINTMSK &= ~(USB_OTG_DAINTMSK_OEPM & ((uint32_t)(1UL << (ep->num & EP_ADDR_MSK)) 
 1389              		.loc 1 674 5 is_stmt 1 view .LVU448
 674:Drivers/STM32F4xx_HAL_Driver/Src/stm32f4xx_ll_usb.c ****     USBx_DEVICE->DAINTMSK &= ~(USB_OTG_DAINTMSK_OEPM & ((uint32_t)(1UL << (ep->num & EP_ADDR_MSK)) 
 1390              		.loc 1 674 16 is_stmt 0 view .LVU449
 1391 0016 D0F83C48 		ldr	r4, [r0, #2108]
 674:Drivers/STM32F4xx_HAL_Driver/Src/stm32f4xx_ll_usb.c ****     USBx_DEVICE->DAINTMSK &= ~(USB_OTG_DAINTMSK_OEPM & ((uint32_t)(1UL << (ep->num & EP_ADDR_MSK)) 
 1392              		.loc 1 674 78 view .LVU450
 1393 001a 0A78     		ldrb	r2, [r1]	@ zero_extendqisi2
 674:Drivers/STM32F4xx_HAL_Driver/Src/stm32f4xx_ll_usb.c ****     USBx_DEVICE->DAINTMSK &= ~(USB_OTG_DAINTMSK_OEPM & ((uint32_t)(1UL << (ep->num & EP_ADDR_MSK)) 
 1394              		.loc 1 674 84 view .LVU451
 1395 001c 02F00F02 		and	r2, r2, #15
 674:Drivers/STM32F4xx_HAL_Driver/Src/stm32f4xx_ll_usb.c ****     USBx_DEVICE->DAINTMSK &= ~(USB_OTG_DAINTMSK_OEPM & ((uint32_t)(1UL << (ep->num & EP_ADDR_MSK)) 
 1396              		.loc 1 674 57 view .LVU452
 1397 0020 4FF0010C 		mov	ip, #1
 1398 0024 0CFA02F2 		lsl	r2, ip, r2
ARM GAS  /tmp/ccNXSnaU.s 			page 57


 674:Drivers/STM32F4xx_HAL_Driver/Src/stm32f4xx_ll_usb.c ****     USBx_DEVICE->DAINTMSK &= ~(USB_OTG_DAINTMSK_OEPM & ((uint32_t)(1UL << (ep->num & EP_ADDR_MSK)) 
 1399              		.loc 1 674 27 view .LVU453
 1400 0028 24EA0242 		bic	r2, r4, r2, lsl #16
 1401 002c C0F83C28 		str	r2, [r0, #2108]
 675:Drivers/STM32F4xx_HAL_Driver/Src/stm32f4xx_ll_usb.c ****     USBx_OUTEP(epnum)->DOEPCTL &= ~(USB_OTG_DOEPCTL_USBAEP |
 1402              		.loc 1 675 5 is_stmt 1 view .LVU454
 675:Drivers/STM32F4xx_HAL_Driver/Src/stm32f4xx_ll_usb.c ****     USBx_OUTEP(epnum)->DOEPCTL &= ~(USB_OTG_DOEPCTL_USBAEP |
 1403              		.loc 1 675 16 is_stmt 0 view .LVU455
 1404 0030 D0F81C28 		ldr	r2, [r0, #2076]
 675:Drivers/STM32F4xx_HAL_Driver/Src/stm32f4xx_ll_usb.c ****     USBx_OUTEP(epnum)->DOEPCTL &= ~(USB_OTG_DOEPCTL_USBAEP |
 1405              		.loc 1 675 78 view .LVU456
 1406 0034 0978     		ldrb	r1, [r1]	@ zero_extendqisi2
 1407              	.LVL89:
 675:Drivers/STM32F4xx_HAL_Driver/Src/stm32f4xx_ll_usb.c ****     USBx_OUTEP(epnum)->DOEPCTL &= ~(USB_OTG_DOEPCTL_USBAEP |
 1408              		.loc 1 675 84 view .LVU457
 1409 0036 01F00F01 		and	r1, r1, #15
 675:Drivers/STM32F4xx_HAL_Driver/Src/stm32f4xx_ll_usb.c ****     USBx_OUTEP(epnum)->DOEPCTL &= ~(USB_OTG_DOEPCTL_USBAEP |
 1410              		.loc 1 675 57 view .LVU458
 1411 003a 0CFA01FC 		lsl	ip, ip, r1
 675:Drivers/STM32F4xx_HAL_Driver/Src/stm32f4xx_ll_usb.c ****     USBx_OUTEP(epnum)->DOEPCTL &= ~(USB_OTG_DOEPCTL_USBAEP |
 1412              		.loc 1 675 27 view .LVU459
 1413 003e 22EA0C42 		bic	r2, r2, ip, lsl #16
 1414 0042 C0F81C28 		str	r2, [r0, #2076]
 676:Drivers/STM32F4xx_HAL_Driver/Src/stm32f4xx_ll_usb.c ****                                     USB_OTG_DOEPCTL_MPSIZ |
 1415              		.loc 1 676 5 is_stmt 1 view .LVU460
 676:Drivers/STM32F4xx_HAL_Driver/Src/stm32f4xx_ll_usb.c ****                                     USB_OTG_DOEPCTL_MPSIZ |
 1416              		.loc 1 676 22 is_stmt 0 view .LVU461
 1417 0046 D3F8001B 		ldr	r1, [r3, #2816]
 676:Drivers/STM32F4xx_HAL_Driver/Src/stm32f4xx_ll_usb.c ****                                     USB_OTG_DOEPCTL_MPSIZ |
 1418              		.loc 1 676 32 view .LVU462
 1419 004a 234A     		ldr	r2, .L111
 1420 004c 0A40     		ands	r2, r2, r1
 1421 004e C3F8002B 		str	r2, [r3, #2816]
 1422              	.L105:
 682:Drivers/STM32F4xx_HAL_Driver/Src/stm32f4xx_ll_usb.c **** }
 1423              		.loc 1 682 3 is_stmt 1 view .LVU463
 683:Drivers/STM32F4xx_HAL_Driver/Src/stm32f4xx_ll_usb.c **** 
 1424              		.loc 1 683 1 is_stmt 0 view .LVU464
 1425 0052 0020     		movs	r0, #0
 1426              	.LVL90:
 683:Drivers/STM32F4xx_HAL_Driver/Src/stm32f4xx_ll_usb.c **** 
 1427              		.loc 1 683 1 view .LVU465
 1428 0054 30BC     		pop	{r4, r5}
 1429              		.cfi_remember_state
 1430              		.cfi_restore 5
 1431              		.cfi_restore 4
 1432              		.cfi_def_cfa_offset 0
 1433 0056 7047     		bx	lr
 1434              	.LVL91:
 1435              	.L108:
 1436              		.cfi_restore_state
 652:Drivers/STM32F4xx_HAL_Driver/Src/stm32f4xx_ll_usb.c ****     {
 1437              		.loc 1 652 5 is_stmt 1 view .LVU466
 652:Drivers/STM32F4xx_HAL_Driver/Src/stm32f4xx_ll_usb.c ****     {
 1438              		.loc 1 652 10 is_stmt 0 view .LVU467
 1439 0058 00EB4313 		add	r3, r0, r3, lsl #5
 1440              	.LVL92:
ARM GAS  /tmp/ccNXSnaU.s 			page 58


 652:Drivers/STM32F4xx_HAL_Driver/Src/stm32f4xx_ll_usb.c ****     {
 1441              		.loc 1 652 26 view .LVU468
 1442 005c D3F80029 		ldr	r2, [r3, #2304]
 652:Drivers/STM32F4xx_HAL_Driver/Src/stm32f4xx_ll_usb.c ****     {
 1443              		.loc 1 652 8 view .LVU469
 1444 0060 002A     		cmp	r2, #0
 1445 0062 1EDB     		blt	.L110
 1446              	.LVL93:
 1447              	.L104:
 658:Drivers/STM32F4xx_HAL_Driver/Src/stm32f4xx_ll_usb.c ****     USBx_DEVICE->DAINTMSK &= ~(USB_OTG_DAINTMSK_IEPM & (uint32_t)(1UL << (ep->num & EP_ADDR_MSK)));
 1448              		.loc 1 658 5 is_stmt 1 view .LVU470
 658:Drivers/STM32F4xx_HAL_Driver/Src/stm32f4xx_ll_usb.c ****     USBx_DEVICE->DAINTMSK &= ~(USB_OTG_DAINTMSK_IEPM & (uint32_t)(1UL << (ep->num & EP_ADDR_MSK)));
 1449              		.loc 1 658 16 is_stmt 0 view .LVU471
 1450 0064 D0F83C58 		ldr	r5, [r0, #2108]
 658:Drivers/STM32F4xx_HAL_Driver/Src/stm32f4xx_ll_usb.c ****     USBx_DEVICE->DAINTMSK &= ~(USB_OTG_DAINTMSK_IEPM & (uint32_t)(1UL << (ep->num & EP_ADDR_MSK)));
 1451              		.loc 1 658 77 view .LVU472
 1452 0068 0A78     		ldrb	r2, [r1]	@ zero_extendqisi2
 658:Drivers/STM32F4xx_HAL_Driver/Src/stm32f4xx_ll_usb.c ****     USBx_DEVICE->DAINTMSK &= ~(USB_OTG_DAINTMSK_IEPM & (uint32_t)(1UL << (ep->num & EP_ADDR_MSK)));
 1453              		.loc 1 658 83 view .LVU473
 1454 006a 02F00F02 		and	r2, r2, #15
 658:Drivers/STM32F4xx_HAL_Driver/Src/stm32f4xx_ll_usb.c ****     USBx_DEVICE->DAINTMSK &= ~(USB_OTG_DAINTMSK_IEPM & (uint32_t)(1UL << (ep->num & EP_ADDR_MSK)));
 1455              		.loc 1 658 56 view .LVU474
 1456 006e 0124     		movs	r4, #1
 1457 0070 04FA02F2 		lsl	r2, r4, r2
 658:Drivers/STM32F4xx_HAL_Driver/Src/stm32f4xx_ll_usb.c ****     USBx_DEVICE->DAINTMSK &= ~(USB_OTG_DAINTMSK_IEPM & (uint32_t)(1UL << (ep->num & EP_ADDR_MSK)));
 1458              		.loc 1 658 54 view .LVU475
 1459 0074 92B2     		uxth	r2, r2
 658:Drivers/STM32F4xx_HAL_Driver/Src/stm32f4xx_ll_usb.c ****     USBx_DEVICE->DAINTMSK &= ~(USB_OTG_DAINTMSK_IEPM & (uint32_t)(1UL << (ep->num & EP_ADDR_MSK)));
 1460              		.loc 1 658 27 view .LVU476
 1461 0076 25EA0202 		bic	r2, r5, r2
 1462 007a C0F83C28 		str	r2, [r0, #2108]
 659:Drivers/STM32F4xx_HAL_Driver/Src/stm32f4xx_ll_usb.c ****     USBx_INEP(epnum)->DIEPCTL &= ~(USB_OTG_DIEPCTL_USBAEP |
 1463              		.loc 1 659 5 is_stmt 1 view .LVU477
 659:Drivers/STM32F4xx_HAL_Driver/Src/stm32f4xx_ll_usb.c ****     USBx_INEP(epnum)->DIEPCTL &= ~(USB_OTG_DIEPCTL_USBAEP |
 1464              		.loc 1 659 16 is_stmt 0 view .LVU478
 1465 007e D0F81C28 		ldr	r2, [r0, #2076]
 659:Drivers/STM32F4xx_HAL_Driver/Src/stm32f4xx_ll_usb.c ****     USBx_INEP(epnum)->DIEPCTL &= ~(USB_OTG_DIEPCTL_USBAEP |
 1466              		.loc 1 659 77 view .LVU479
 1467 0082 0978     		ldrb	r1, [r1]	@ zero_extendqisi2
 1468              	.LVL94:
 659:Drivers/STM32F4xx_HAL_Driver/Src/stm32f4xx_ll_usb.c ****     USBx_INEP(epnum)->DIEPCTL &= ~(USB_OTG_DIEPCTL_USBAEP |
 1469              		.loc 1 659 83 view .LVU480
 1470 0084 01F00F01 		and	r1, r1, #15
 659:Drivers/STM32F4xx_HAL_Driver/Src/stm32f4xx_ll_usb.c ****     USBx_INEP(epnum)->DIEPCTL &= ~(USB_OTG_DIEPCTL_USBAEP |
 1471              		.loc 1 659 56 view .LVU481
 1472 0088 8C40     		lsls	r4, r4, r1
 659:Drivers/STM32F4xx_HAL_Driver/Src/stm32f4xx_ll_usb.c ****     USBx_INEP(epnum)->DIEPCTL &= ~(USB_OTG_DIEPCTL_USBAEP |
 1473              		.loc 1 659 54 view .LVU482
 1474 008a A4B2     		uxth	r4, r4
 659:Drivers/STM32F4xx_HAL_Driver/Src/stm32f4xx_ll_usb.c ****     USBx_INEP(epnum)->DIEPCTL &= ~(USB_OTG_DIEPCTL_USBAEP |
 1475              		.loc 1 659 27 view .LVU483
 1476 008c 22EA0402 		bic	r2, r2, r4
 1477 0090 C0F81C28 		str	r2, [r0, #2076]
 660:Drivers/STM32F4xx_HAL_Driver/Src/stm32f4xx_ll_usb.c ****                                    USB_OTG_DIEPCTL_MPSIZ |
 1478              		.loc 1 660 5 is_stmt 1 view .LVU484
 660:Drivers/STM32F4xx_HAL_Driver/Src/stm32f4xx_ll_usb.c ****                                    USB_OTG_DIEPCTL_MPSIZ |
 1479              		.loc 1 660 21 is_stmt 0 view .LVU485
ARM GAS  /tmp/ccNXSnaU.s 			page 59


 1480 0094 D3F80019 		ldr	r1, [r3, #2304]
 660:Drivers/STM32F4xx_HAL_Driver/Src/stm32f4xx_ll_usb.c ****                                    USB_OTG_DIEPCTL_MPSIZ |
 1481              		.loc 1 660 31 view .LVU486
 1482 0098 104A     		ldr	r2, .L111+4
 1483 009a 0A40     		ands	r2, r2, r1
 1484 009c C3F80029 		str	r2, [r3, #2304]
 1485 00a0 D7E7     		b	.L105
 1486              	.LVL95:
 1487              	.L110:
 654:Drivers/STM32F4xx_HAL_Driver/Src/stm32f4xx_ll_usb.c ****       USBx_INEP(epnum)->DIEPCTL |= USB_OTG_DIEPCTL_EPDIS;
 1488              		.loc 1 654 7 is_stmt 1 view .LVU487
 654:Drivers/STM32F4xx_HAL_Driver/Src/stm32f4xx_ll_usb.c ****       USBx_INEP(epnum)->DIEPCTL |= USB_OTG_DIEPCTL_EPDIS;
 1489              		.loc 1 654 23 is_stmt 0 view .LVU488
 1490 00a2 D3F80029 		ldr	r2, [r3, #2304]
 654:Drivers/STM32F4xx_HAL_Driver/Src/stm32f4xx_ll_usb.c ****       USBx_INEP(epnum)->DIEPCTL |= USB_OTG_DIEPCTL_EPDIS;
 1491              		.loc 1 654 33 view .LVU489
 1492 00a6 42F00062 		orr	r2, r2, #134217728
 1493 00aa C3F80029 		str	r2, [r3, #2304]
 1494              	.LVL96:
 655:Drivers/STM32F4xx_HAL_Driver/Src/stm32f4xx_ll_usb.c ****     }
 1495              		.loc 1 655 7 is_stmt 1 view .LVU490
 655:Drivers/STM32F4xx_HAL_Driver/Src/stm32f4xx_ll_usb.c ****     }
 1496              		.loc 1 655 23 is_stmt 0 view .LVU491
 1497 00ae D3F80029 		ldr	r2, [r3, #2304]
 655:Drivers/STM32F4xx_HAL_Driver/Src/stm32f4xx_ll_usb.c ****     }
 1498              		.loc 1 655 33 view .LVU492
 1499 00b2 42F08042 		orr	r2, r2, #1073741824
 1500 00b6 C3F80029 		str	r2, [r3, #2304]
 1501 00ba D3E7     		b	.L104
 1502              	.LVL97:
 1503              	.L109:
 670:Drivers/STM32F4xx_HAL_Driver/Src/stm32f4xx_ll_usb.c ****       USBx_OUTEP(epnum)->DOEPCTL |= USB_OTG_DOEPCTL_EPDIS;
 1504              		.loc 1 670 7 is_stmt 1 view .LVU493
 670:Drivers/STM32F4xx_HAL_Driver/Src/stm32f4xx_ll_usb.c ****       USBx_OUTEP(epnum)->DOEPCTL |= USB_OTG_DOEPCTL_EPDIS;
 1505              		.loc 1 670 24 is_stmt 0 view .LVU494
 1506 00bc D3F8002B 		ldr	r2, [r3, #2816]
 670:Drivers/STM32F4xx_HAL_Driver/Src/stm32f4xx_ll_usb.c ****       USBx_OUTEP(epnum)->DOEPCTL |= USB_OTG_DOEPCTL_EPDIS;
 1507              		.loc 1 670 34 view .LVU495
 1508 00c0 42F00062 		orr	r2, r2, #134217728
 1509 00c4 C3F8002B 		str	r2, [r3, #2816]
 1510              	.LVL98:
 671:Drivers/STM32F4xx_HAL_Driver/Src/stm32f4xx_ll_usb.c ****     }
 1511              		.loc 1 671 7 is_stmt 1 view .LVU496
 671:Drivers/STM32F4xx_HAL_Driver/Src/stm32f4xx_ll_usb.c ****     }
 1512              		.loc 1 671 24 is_stmt 0 view .LVU497
 1513 00c8 D3F8002B 		ldr	r2, [r3, #2816]
 671:Drivers/STM32F4xx_HAL_Driver/Src/stm32f4xx_ll_usb.c ****     }
 1514              		.loc 1 671 34 view .LVU498
 1515 00cc 42F08042 		orr	r2, r2, #1073741824
 1516 00d0 C3F8002B 		str	r2, [r3, #2816]
 1517 00d4 9FE7     		b	.L106
 1518              	.L112:
 1519 00d6 00BF     		.align	2
 1520              	.L111:
 1521 00d8 0078F3EF 		.word	-269256704
 1522 00dc 007833EC 		.word	-332171264
 1523              		.cfi_endproc
ARM GAS  /tmp/ccNXSnaU.s 			page 60


 1524              	.LFE228:
 1526              		.section	.text.USB_DeactivateDedicatedEndpoint,"ax",%progbits
 1527              		.align	1
 1528              		.global	USB_DeactivateDedicatedEndpoint
 1529              		.syntax unified
 1530              		.thumb
 1531              		.thumb_func
 1533              	USB_DeactivateDedicatedEndpoint:
 1534              	.LVL99:
 1535              	.LFB229:
 692:Drivers/STM32F4xx_HAL_Driver/Src/stm32f4xx_ll_usb.c ****   uint32_t USBx_BASE = (uint32_t)USBx;
 1536              		.loc 1 692 1 is_stmt 1 view -0
 1537              		.cfi_startproc
 1538              		@ args = 0, pretend = 0, frame = 0
 1539              		@ frame_needed = 0, uses_anonymous_args = 0
 1540              		@ link register save eliminated.
 693:Drivers/STM32F4xx_HAL_Driver/Src/stm32f4xx_ll_usb.c ****   uint32_t epnum = (uint32_t)ep->num;
 1541              		.loc 1 693 3 view .LVU500
 694:Drivers/STM32F4xx_HAL_Driver/Src/stm32f4xx_ll_usb.c **** 
 1542              		.loc 1 694 3 view .LVU501
 694:Drivers/STM32F4xx_HAL_Driver/Src/stm32f4xx_ll_usb.c **** 
 1543              		.loc 1 694 32 is_stmt 0 view .LVU502
 1544 0000 0B78     		ldrb	r3, [r1]	@ zero_extendqisi2
 1545              	.LVL100:
 697:Drivers/STM32F4xx_HAL_Driver/Src/stm32f4xx_ll_usb.c ****   {
 1546              		.loc 1 697 3 is_stmt 1 view .LVU503
 697:Drivers/STM32F4xx_HAL_Driver/Src/stm32f4xx_ll_usb.c ****   {
 1547              		.loc 1 697 9 is_stmt 0 view .LVU504
 1548 0002 4A78     		ldrb	r2, [r1, #1]	@ zero_extendqisi2
 697:Drivers/STM32F4xx_HAL_Driver/Src/stm32f4xx_ll_usb.c ****   {
 1549              		.loc 1 697 6 view .LVU505
 1550 0004 012A     		cmp	r2, #1
 1551 0006 18D0     		beq	.L118
 710:Drivers/STM32F4xx_HAL_Driver/Src/stm32f4xx_ll_usb.c ****     {
 1552              		.loc 1 710 5 is_stmt 1 view .LVU506
 710:Drivers/STM32F4xx_HAL_Driver/Src/stm32f4xx_ll_usb.c ****     {
 1553              		.loc 1 710 10 is_stmt 0 view .LVU507
 1554 0008 00EB4313 		add	r3, r0, r3, lsl #5
 1555              	.LVL101:
 710:Drivers/STM32F4xx_HAL_Driver/Src/stm32f4xx_ll_usb.c ****     {
 1556              		.loc 1 710 27 view .LVU508
 1557 000c D3F8002B 		ldr	r2, [r3, #2816]
 710:Drivers/STM32F4xx_HAL_Driver/Src/stm32f4xx_ll_usb.c ****     {
 1558              		.loc 1 710 8 view .LVU509
 1559 0010 002A     		cmp	r2, #0
 1560 0012 38DB     		blt	.L119
 1561              	.LVL102:
 1562              	.L117:
 716:Drivers/STM32F4xx_HAL_Driver/Src/stm32f4xx_ll_usb.c ****     USBx_DEVICE->DAINTMSK &= ~(USB_OTG_DAINTMSK_OEPM & ((uint32_t)(1UL << (ep->num & EP_ADDR_MSK)) 
 1563              		.loc 1 716 5 is_stmt 1 view .LVU510
 716:Drivers/STM32F4xx_HAL_Driver/Src/stm32f4xx_ll_usb.c ****     USBx_DEVICE->DAINTMSK &= ~(USB_OTG_DAINTMSK_OEPM & ((uint32_t)(1UL << (ep->num & EP_ADDR_MSK)) 
 1564              		.loc 1 716 22 is_stmt 0 view .LVU511
 1565 0014 D3F8002B 		ldr	r2, [r3, #2816]
 716:Drivers/STM32F4xx_HAL_Driver/Src/stm32f4xx_ll_usb.c ****     USBx_DEVICE->DAINTMSK &= ~(USB_OTG_DAINTMSK_OEPM & ((uint32_t)(1UL << (ep->num & EP_ADDR_MSK)) 
 1566              		.loc 1 716 32 view .LVU512
 1567 0018 22F40042 		bic	r2, r2, #32768
 1568 001c C3F8002B 		str	r2, [r3, #2816]
ARM GAS  /tmp/ccNXSnaU.s 			page 61


 717:Drivers/STM32F4xx_HAL_Driver/Src/stm32f4xx_ll_usb.c ****   }
 1569              		.loc 1 717 5 is_stmt 1 view .LVU513
 717:Drivers/STM32F4xx_HAL_Driver/Src/stm32f4xx_ll_usb.c ****   }
 1570              		.loc 1 717 16 is_stmt 0 view .LVU514
 1571 0020 D0F81C38 		ldr	r3, [r0, #2076]
 717:Drivers/STM32F4xx_HAL_Driver/Src/stm32f4xx_ll_usb.c ****   }
 1572              		.loc 1 717 78 view .LVU515
 1573 0024 0978     		ldrb	r1, [r1]	@ zero_extendqisi2
 1574              	.LVL103:
 717:Drivers/STM32F4xx_HAL_Driver/Src/stm32f4xx_ll_usb.c ****   }
 1575              		.loc 1 717 84 view .LVU516
 1576 0026 01F00F01 		and	r1, r1, #15
 717:Drivers/STM32F4xx_HAL_Driver/Src/stm32f4xx_ll_usb.c ****   }
 1577              		.loc 1 717 57 view .LVU517
 1578 002a 0122     		movs	r2, #1
 1579 002c 8A40     		lsls	r2, r2, r1
 717:Drivers/STM32F4xx_HAL_Driver/Src/stm32f4xx_ll_usb.c ****   }
 1580              		.loc 1 717 27 view .LVU518
 1581 002e 23EA0243 		bic	r3, r3, r2, lsl #16
 1582 0032 C0F81C38 		str	r3, [r0, #2076]
 1583              	.L116:
 720:Drivers/STM32F4xx_HAL_Driver/Src/stm32f4xx_ll_usb.c **** }
 1584              		.loc 1 720 3 is_stmt 1 view .LVU519
 721:Drivers/STM32F4xx_HAL_Driver/Src/stm32f4xx_ll_usb.c **** 
 1585              		.loc 1 721 1 is_stmt 0 view .LVU520
 1586 0036 0020     		movs	r0, #0
 1587              	.LVL104:
 721:Drivers/STM32F4xx_HAL_Driver/Src/stm32f4xx_ll_usb.c **** 
 1588              		.loc 1 721 1 view .LVU521
 1589 0038 7047     		bx	lr
 1590              	.LVL105:
 1591              	.L118:
 699:Drivers/STM32F4xx_HAL_Driver/Src/stm32f4xx_ll_usb.c ****     {
 1592              		.loc 1 699 5 is_stmt 1 view .LVU522
 699:Drivers/STM32F4xx_HAL_Driver/Src/stm32f4xx_ll_usb.c ****     {
 1593              		.loc 1 699 10 is_stmt 0 view .LVU523
 1594 003a 00EB4313 		add	r3, r0, r3, lsl #5
 1595              	.LVL106:
 699:Drivers/STM32F4xx_HAL_Driver/Src/stm32f4xx_ll_usb.c ****     {
 1596              		.loc 1 699 26 view .LVU524
 1597 003e D3F80029 		ldr	r2, [r3, #2304]
 699:Drivers/STM32F4xx_HAL_Driver/Src/stm32f4xx_ll_usb.c ****     {
 1598              		.loc 1 699 8 view .LVU525
 1599 0042 002A     		cmp	r2, #0
 1600 0044 12DB     		blt	.L120
 1601              	.LVL107:
 1602              	.L115:
 705:Drivers/STM32F4xx_HAL_Driver/Src/stm32f4xx_ll_usb.c ****     USBx_DEVICE->DAINTMSK &= ~(USB_OTG_DAINTMSK_IEPM & (uint32_t)(1UL << (ep->num & EP_ADDR_MSK)));
 1603              		.loc 1 705 5 is_stmt 1 view .LVU526
 705:Drivers/STM32F4xx_HAL_Driver/Src/stm32f4xx_ll_usb.c ****     USBx_DEVICE->DAINTMSK &= ~(USB_OTG_DAINTMSK_IEPM & (uint32_t)(1UL << (ep->num & EP_ADDR_MSK)));
 1604              		.loc 1 705 21 is_stmt 0 view .LVU527
 1605 0046 D3F80029 		ldr	r2, [r3, #2304]
 705:Drivers/STM32F4xx_HAL_Driver/Src/stm32f4xx_ll_usb.c ****     USBx_DEVICE->DAINTMSK &= ~(USB_OTG_DAINTMSK_IEPM & (uint32_t)(1UL << (ep->num & EP_ADDR_MSK)));
 1606              		.loc 1 705 31 view .LVU528
 1607 004a 22F40042 		bic	r2, r2, #32768
 1608 004e C3F80029 		str	r2, [r3, #2304]
 706:Drivers/STM32F4xx_HAL_Driver/Src/stm32f4xx_ll_usb.c ****   }
ARM GAS  /tmp/ccNXSnaU.s 			page 62


 1609              		.loc 1 706 5 is_stmt 1 view .LVU529
 706:Drivers/STM32F4xx_HAL_Driver/Src/stm32f4xx_ll_usb.c ****   }
 1610              		.loc 1 706 16 is_stmt 0 view .LVU530
 1611 0052 D0F81C28 		ldr	r2, [r0, #2076]
 706:Drivers/STM32F4xx_HAL_Driver/Src/stm32f4xx_ll_usb.c ****   }
 1612              		.loc 1 706 77 view .LVU531
 1613 0056 0978     		ldrb	r1, [r1]	@ zero_extendqisi2
 1614              	.LVL108:
 706:Drivers/STM32F4xx_HAL_Driver/Src/stm32f4xx_ll_usb.c ****   }
 1615              		.loc 1 706 83 view .LVU532
 1616 0058 01F00F01 		and	r1, r1, #15
 706:Drivers/STM32F4xx_HAL_Driver/Src/stm32f4xx_ll_usb.c ****   }
 1617              		.loc 1 706 56 view .LVU533
 1618 005c 0123     		movs	r3, #1
 1619 005e 8B40     		lsls	r3, r3, r1
 706:Drivers/STM32F4xx_HAL_Driver/Src/stm32f4xx_ll_usb.c ****   }
 1620              		.loc 1 706 54 view .LVU534
 1621 0060 9BB2     		uxth	r3, r3
 706:Drivers/STM32F4xx_HAL_Driver/Src/stm32f4xx_ll_usb.c ****   }
 1622              		.loc 1 706 27 view .LVU535
 1623 0062 22EA0303 		bic	r3, r2, r3
 1624 0066 C0F81C38 		str	r3, [r0, #2076]
 1625 006a E4E7     		b	.L116
 1626              	.LVL109:
 1627              	.L120:
 701:Drivers/STM32F4xx_HAL_Driver/Src/stm32f4xx_ll_usb.c ****       USBx_INEP(epnum)->DIEPCTL  |= USB_OTG_DIEPCTL_EPDIS;
 1628              		.loc 1 701 7 is_stmt 1 view .LVU536
 701:Drivers/STM32F4xx_HAL_Driver/Src/stm32f4xx_ll_usb.c ****       USBx_INEP(epnum)->DIEPCTL  |= USB_OTG_DIEPCTL_EPDIS;
 1629              		.loc 1 701 23 is_stmt 0 view .LVU537
 1630 006c D3F80029 		ldr	r2, [r3, #2304]
 701:Drivers/STM32F4xx_HAL_Driver/Src/stm32f4xx_ll_usb.c ****       USBx_INEP(epnum)->DIEPCTL  |= USB_OTG_DIEPCTL_EPDIS;
 1631              		.loc 1 701 34 view .LVU538
 1632 0070 42F00062 		orr	r2, r2, #134217728
 1633 0074 C3F80029 		str	r2, [r3, #2304]
 1634              	.LVL110:
 702:Drivers/STM32F4xx_HAL_Driver/Src/stm32f4xx_ll_usb.c ****     }
 1635              		.loc 1 702 7 is_stmt 1 view .LVU539
 702:Drivers/STM32F4xx_HAL_Driver/Src/stm32f4xx_ll_usb.c ****     }
 1636              		.loc 1 702 23 is_stmt 0 view .LVU540
 1637 0078 D3F80029 		ldr	r2, [r3, #2304]
 702:Drivers/STM32F4xx_HAL_Driver/Src/stm32f4xx_ll_usb.c ****     }
 1638              		.loc 1 702 34 view .LVU541
 1639 007c 42F08042 		orr	r2, r2, #1073741824
 1640 0080 C3F80029 		str	r2, [r3, #2304]
 1641 0084 DFE7     		b	.L115
 1642              	.LVL111:
 1643              	.L119:
 712:Drivers/STM32F4xx_HAL_Driver/Src/stm32f4xx_ll_usb.c ****       USBx_OUTEP(epnum)->DOEPCTL  |= USB_OTG_DOEPCTL_EPDIS;
 1644              		.loc 1 712 7 is_stmt 1 view .LVU542
 712:Drivers/STM32F4xx_HAL_Driver/Src/stm32f4xx_ll_usb.c ****       USBx_OUTEP(epnum)->DOEPCTL  |= USB_OTG_DOEPCTL_EPDIS;
 1645              		.loc 1 712 24 is_stmt 0 view .LVU543
 1646 0086 D3F8002B 		ldr	r2, [r3, #2816]
 712:Drivers/STM32F4xx_HAL_Driver/Src/stm32f4xx_ll_usb.c ****       USBx_OUTEP(epnum)->DOEPCTL  |= USB_OTG_DOEPCTL_EPDIS;
 1647              		.loc 1 712 35 view .LVU544
 1648 008a 42F00062 		orr	r2, r2, #134217728
 1649 008e C3F8002B 		str	r2, [r3, #2816]
 1650              	.LVL112:
ARM GAS  /tmp/ccNXSnaU.s 			page 63


 713:Drivers/STM32F4xx_HAL_Driver/Src/stm32f4xx_ll_usb.c ****     }
 1651              		.loc 1 713 7 is_stmt 1 view .LVU545
 713:Drivers/STM32F4xx_HAL_Driver/Src/stm32f4xx_ll_usb.c ****     }
 1652              		.loc 1 713 24 is_stmt 0 view .LVU546
 1653 0092 D3F8002B 		ldr	r2, [r3, #2816]
 713:Drivers/STM32F4xx_HAL_Driver/Src/stm32f4xx_ll_usb.c ****     }
 1654              		.loc 1 713 35 view .LVU547
 1655 0096 42F08042 		orr	r2, r2, #1073741824
 1656 009a C3F8002B 		str	r2, [r3, #2816]
 1657 009e B9E7     		b	.L117
 1658              		.cfi_endproc
 1659              	.LFE229:
 1661              		.section	.text.USB_EP0StartXfer,"ax",%progbits
 1662              		.align	1
 1663              		.global	USB_EP0StartXfer
 1664              		.syntax unified
 1665              		.thumb
 1666              		.thumb_func
 1668              	USB_EP0StartXfer:
 1669              	.LVL113:
 1670              	.LFB231:
 878:Drivers/STM32F4xx_HAL_Driver/Src/stm32f4xx_ll_usb.c ****   uint32_t USBx_BASE = (uint32_t)USBx;
 1671              		.loc 1 878 1 is_stmt 1 view -0
 1672              		.cfi_startproc
 1673              		@ args = 0, pretend = 0, frame = 0
 1674              		@ frame_needed = 0, uses_anonymous_args = 0
 1675              		@ link register save eliminated.
 878:Drivers/STM32F4xx_HAL_Driver/Src/stm32f4xx_ll_usb.c ****   uint32_t USBx_BASE = (uint32_t)USBx;
 1676              		.loc 1 878 1 is_stmt 0 view .LVU549
 1677 0000 70B4     		push	{r4, r5, r6}
 1678              		.cfi_def_cfa_offset 12
 1679              		.cfi_offset 4, -12
 1680              		.cfi_offset 5, -8
 1681              		.cfi_offset 6, -4
 879:Drivers/STM32F4xx_HAL_Driver/Src/stm32f4xx_ll_usb.c ****   uint32_t epnum = (uint32_t)ep->num;
 1682              		.loc 1 879 3 is_stmt 1 view .LVU550
 1683              	.LVL114:
 880:Drivers/STM32F4xx_HAL_Driver/Src/stm32f4xx_ll_usb.c **** 
 1684              		.loc 1 880 3 view .LVU551
 880:Drivers/STM32F4xx_HAL_Driver/Src/stm32f4xx_ll_usb.c **** 
 1685              		.loc 1 880 32 is_stmt 0 view .LVU552
 1686 0002 0B78     		ldrb	r3, [r1]	@ zero_extendqisi2
 1687              	.LVL115:
 883:Drivers/STM32F4xx_HAL_Driver/Src/stm32f4xx_ll_usb.c ****   {
 1688              		.loc 1 883 3 is_stmt 1 view .LVU553
 883:Drivers/STM32F4xx_HAL_Driver/Src/stm32f4xx_ll_usb.c ****   {
 1689              		.loc 1 883 9 is_stmt 0 view .LVU554
 1690 0004 4C78     		ldrb	r4, [r1, #1]	@ zero_extendqisi2
 883:Drivers/STM32F4xx_HAL_Driver/Src/stm32f4xx_ll_usb.c ****   {
 1691              		.loc 1 883 6 view .LVU555
 1692 0006 012C     		cmp	r4, #1
 1693 0008 25D0     		beq	.L132
 938:Drivers/STM32F4xx_HAL_Driver/Src/stm32f4xx_ll_usb.c ****     USBx_OUTEP(epnum)->DOEPTSIZ &= ~(USB_OTG_DOEPTSIZ_PKTCNT);
 1694              		.loc 1 938 5 is_stmt 1 view .LVU556
 938:Drivers/STM32F4xx_HAL_Driver/Src/stm32f4xx_ll_usb.c ****     USBx_OUTEP(epnum)->DOEPTSIZ &= ~(USB_OTG_DOEPTSIZ_PKTCNT);
 1695              		.loc 1 938 22 is_stmt 0 view .LVU557
 1696 000a 00EB4310 		add	r0, r0, r3, lsl #5
ARM GAS  /tmp/ccNXSnaU.s 			page 64


 1697              	.LVL116:
 938:Drivers/STM32F4xx_HAL_Driver/Src/stm32f4xx_ll_usb.c ****     USBx_OUTEP(epnum)->DOEPTSIZ &= ~(USB_OTG_DOEPTSIZ_PKTCNT);
 1698              		.loc 1 938 22 view .LVU558
 1699 000e 00F53063 		add	r3, r0, #2816
 1700              	.LVL117:
 938:Drivers/STM32F4xx_HAL_Driver/Src/stm32f4xx_ll_usb.c ****     USBx_OUTEP(epnum)->DOEPTSIZ &= ~(USB_OTG_DOEPTSIZ_PKTCNT);
 1701              		.loc 1 938 22 view .LVU559
 1702 0012 1C69     		ldr	r4, [r3, #16]
 938:Drivers/STM32F4xx_HAL_Driver/Src/stm32f4xx_ll_usb.c ****     USBx_OUTEP(epnum)->DOEPTSIZ &= ~(USB_OTG_DOEPTSIZ_PKTCNT);
 1703              		.loc 1 938 33 view .LVU560
 1704 0014 6FF31204 		bfc	r4, #0, #19
 1705 0018 1C61     		str	r4, [r3, #16]
 1706              	.LVL118:
 939:Drivers/STM32F4xx_HAL_Driver/Src/stm32f4xx_ll_usb.c **** 
 1707              		.loc 1 939 5 is_stmt 1 view .LVU561
 939:Drivers/STM32F4xx_HAL_Driver/Src/stm32f4xx_ll_usb.c **** 
 1708              		.loc 1 939 22 is_stmt 0 view .LVU562
 1709 001a 1C69     		ldr	r4, [r3, #16]
 939:Drivers/STM32F4xx_HAL_Driver/Src/stm32f4xx_ll_usb.c **** 
 1710              		.loc 1 939 33 view .LVU563
 1711 001c 6FF3DC44 		bfc	r4, #19, #10
 1712 0020 1C61     		str	r4, [r3, #16]
 941:Drivers/STM32F4xx_HAL_Driver/Src/stm32f4xx_ll_usb.c ****     {
 1713              		.loc 1 941 5 is_stmt 1 view .LVU564
 941:Drivers/STM32F4xx_HAL_Driver/Src/stm32f4xx_ll_usb.c ****     {
 1714              		.loc 1 941 11 is_stmt 0 view .LVU565
 1715 0022 4C69     		ldr	r4, [r1, #20]
 941:Drivers/STM32F4xx_HAL_Driver/Src/stm32f4xx_ll_usb.c ****     {
 1716              		.loc 1 941 8 view .LVU566
 1717 0024 0CB1     		cbz	r4, .L129
 943:Drivers/STM32F4xx_HAL_Driver/Src/stm32f4xx_ll_usb.c ****     }
 1718              		.loc 1 943 7 is_stmt 1 view .LVU567
 943:Drivers/STM32F4xx_HAL_Driver/Src/stm32f4xx_ll_usb.c ****     }
 1719              		.loc 1 943 24 is_stmt 0 view .LVU568
 1720 0026 8C68     		ldr	r4, [r1, #8]
 943:Drivers/STM32F4xx_HAL_Driver/Src/stm32f4xx_ll_usb.c ****     }
 1721              		.loc 1 943 20 view .LVU569
 1722 0028 4C61     		str	r4, [r1, #20]
 1723              	.L129:
 946:Drivers/STM32F4xx_HAL_Driver/Src/stm32f4xx_ll_usb.c ****     USBx_OUTEP(epnum)->DOEPTSIZ |= (USB_OTG_DOEPTSIZ_XFRSIZ & (ep->maxpacket));
 1724              		.loc 1 946 5 is_stmt 1 view .LVU570
 946:Drivers/STM32F4xx_HAL_Driver/Src/stm32f4xx_ll_usb.c ****     USBx_OUTEP(epnum)->DOEPTSIZ |= (USB_OTG_DOEPTSIZ_XFRSIZ & (ep->maxpacket));
 1725              		.loc 1 946 22 is_stmt 0 view .LVU571
 1726 002a 1C69     		ldr	r4, [r3, #16]
 946:Drivers/STM32F4xx_HAL_Driver/Src/stm32f4xx_ll_usb.c ****     USBx_OUTEP(epnum)->DOEPTSIZ |= (USB_OTG_DOEPTSIZ_XFRSIZ & (ep->maxpacket));
 1727              		.loc 1 946 33 view .LVU572
 1728 002c 44F40024 		orr	r4, r4, #524288
 1729 0030 1C61     		str	r4, [r3, #16]
 947:Drivers/STM32F4xx_HAL_Driver/Src/stm32f4xx_ll_usb.c **** 
 1730              		.loc 1 947 5 is_stmt 1 view .LVU573
 947:Drivers/STM32F4xx_HAL_Driver/Src/stm32f4xx_ll_usb.c **** 
 1731              		.loc 1 947 22 is_stmt 0 view .LVU574
 1732 0032 1C69     		ldr	r4, [r3, #16]
 947:Drivers/STM32F4xx_HAL_Driver/Src/stm32f4xx_ll_usb.c **** 
 1733              		.loc 1 947 61 view .LVU575
 1734 0034 8D68     		ldr	r5, [r1, #8]
 1735 0036 C5F3120C 		ubfx	ip, r5, #0, #19
ARM GAS  /tmp/ccNXSnaU.s 			page 65


 947:Drivers/STM32F4xx_HAL_Driver/Src/stm32f4xx_ll_usb.c **** 
 1736              		.loc 1 947 33 view .LVU576
 1737 003a 44EA0C04 		orr	r4, r4, ip
 1738 003e 1C61     		str	r4, [r3, #16]
 949:Drivers/STM32F4xx_HAL_Driver/Src/stm32f4xx_ll_usb.c ****     {
 1739              		.loc 1 949 5 is_stmt 1 view .LVU577
 949:Drivers/STM32F4xx_HAL_Driver/Src/stm32f4xx_ll_usb.c ****     {
 1740              		.loc 1 949 8 is_stmt 0 view .LVU578
 1741 0040 012A     		cmp	r2, #1
 1742 0042 62D0     		beq	.L133
 1743              	.LVL119:
 1744              	.L130:
 958:Drivers/STM32F4xx_HAL_Driver/Src/stm32f4xx_ll_usb.c ****   }
 1745              		.loc 1 958 5 is_stmt 1 view .LVU579
 958:Drivers/STM32F4xx_HAL_Driver/Src/stm32f4xx_ll_usb.c ****   }
 1746              		.loc 1 958 22 is_stmt 0 view .LVU580
 1747 0044 D0F8003B 		ldr	r3, [r0, #2816]
 958:Drivers/STM32F4xx_HAL_Driver/Src/stm32f4xx_ll_usb.c ****   }
 1748              		.loc 1 958 32 view .LVU581
 1749 0048 43F00443 		orr	r3, r3, #-2080374784
 1750 004c C0F8003B 		str	r3, [r0, #2816]
 1751              	.LVL120:
 1752              	.L128:
 961:Drivers/STM32F4xx_HAL_Driver/Src/stm32f4xx_ll_usb.c **** }
 1753              		.loc 1 961 3 is_stmt 1 view .LVU582
 962:Drivers/STM32F4xx_HAL_Driver/Src/stm32f4xx_ll_usb.c **** 
 1754              		.loc 1 962 1 is_stmt 0 view .LVU583
 1755 0050 0020     		movs	r0, #0
 1756 0052 70BC     		pop	{r4, r5, r6}
 1757              		.cfi_remember_state
 1758              		.cfi_restore 6
 1759              		.cfi_restore 5
 1760              		.cfi_restore 4
 1761              		.cfi_def_cfa_offset 0
 1762 0054 7047     		bx	lr
 1763              	.LVL121:
 1764              	.L132:
 1765              		.cfi_restore_state
 886:Drivers/STM32F4xx_HAL_Driver/Src/stm32f4xx_ll_usb.c ****     {
 1766              		.loc 1 886 5 is_stmt 1 view .LVU584
 886:Drivers/STM32F4xx_HAL_Driver/Src/stm32f4xx_ll_usb.c ****     {
 1767              		.loc 1 886 11 is_stmt 0 view .LVU585
 1768 0056 4C69     		ldr	r4, [r1, #20]
 886:Drivers/STM32F4xx_HAL_Driver/Src/stm32f4xx_ll_usb.c ****     {
 1769              		.loc 1 886 8 view .LVU586
 1770 0058 5CBB     		cbnz	r4, .L123
 888:Drivers/STM32F4xx_HAL_Driver/Src/stm32f4xx_ll_usb.c ****       USBx_INEP(epnum)->DIEPTSIZ |= (USB_OTG_DIEPTSIZ_PKTCNT & (1U << 19));
 1771              		.loc 1 888 7 is_stmt 1 view .LVU587
 888:Drivers/STM32F4xx_HAL_Driver/Src/stm32f4xx_ll_usb.c ****       USBx_INEP(epnum)->DIEPTSIZ |= (USB_OTG_DIEPTSIZ_PKTCNT & (1U << 19));
 1772              		.loc 1 888 23 is_stmt 0 view .LVU588
 1773 005a 00EB4314 		add	r4, r0, r3, lsl #5
 1774 005e D4F81059 		ldr	r5, [r4, #2320]
 888:Drivers/STM32F4xx_HAL_Driver/Src/stm32f4xx_ll_usb.c ****       USBx_INEP(epnum)->DIEPTSIZ |= (USB_OTG_DIEPTSIZ_PKTCNT & (1U << 19));
 1775              		.loc 1 888 34 view .LVU589
 1776 0062 6FF3DC45 		bfc	r5, #19, #10
 1777 0066 C4F81059 		str	r5, [r4, #2320]
 889:Drivers/STM32F4xx_HAL_Driver/Src/stm32f4xx_ll_usb.c ****       USBx_INEP(epnum)->DIEPTSIZ &= ~(USB_OTG_DIEPTSIZ_XFRSIZ);
ARM GAS  /tmp/ccNXSnaU.s 			page 66


 1778              		.loc 1 889 7 is_stmt 1 view .LVU590
 889:Drivers/STM32F4xx_HAL_Driver/Src/stm32f4xx_ll_usb.c ****       USBx_INEP(epnum)->DIEPTSIZ &= ~(USB_OTG_DIEPTSIZ_XFRSIZ);
 1779              		.loc 1 889 23 is_stmt 0 view .LVU591
 1780 006a D4F81059 		ldr	r5, [r4, #2320]
 889:Drivers/STM32F4xx_HAL_Driver/Src/stm32f4xx_ll_usb.c ****       USBx_INEP(epnum)->DIEPTSIZ &= ~(USB_OTG_DIEPTSIZ_XFRSIZ);
 1781              		.loc 1 889 34 view .LVU592
 1782 006e 45F40025 		orr	r5, r5, #524288
 1783 0072 C4F81059 		str	r5, [r4, #2320]
 890:Drivers/STM32F4xx_HAL_Driver/Src/stm32f4xx_ll_usb.c ****     }
 1784              		.loc 1 890 7 is_stmt 1 view .LVU593
 890:Drivers/STM32F4xx_HAL_Driver/Src/stm32f4xx_ll_usb.c ****     }
 1785              		.loc 1 890 23 is_stmt 0 view .LVU594
 1786 0076 D4F81059 		ldr	r5, [r4, #2320]
 890:Drivers/STM32F4xx_HAL_Driver/Src/stm32f4xx_ll_usb.c ****     }
 1787              		.loc 1 890 34 view .LVU595
 1788 007a 6FF31205 		bfc	r5, #0, #19
 1789 007e C4F81059 		str	r5, [r4, #2320]
 1790              	.L124:
 910:Drivers/STM32F4xx_HAL_Driver/Src/stm32f4xx_ll_usb.c ****     {
 1791              		.loc 1 910 5 is_stmt 1 view .LVU596
 910:Drivers/STM32F4xx_HAL_Driver/Src/stm32f4xx_ll_usb.c ****     {
 1792              		.loc 1 910 8 is_stmt 0 view .LVU597
 1793 0082 012A     		cmp	r2, #1
 1794 0084 32D0     		beq	.L134
 923:Drivers/STM32F4xx_HAL_Driver/Src/stm32f4xx_ll_usb.c **** 
 1795              		.loc 1 923 7 is_stmt 1 view .LVU598
 923:Drivers/STM32F4xx_HAL_Driver/Src/stm32f4xx_ll_usb.c **** 
 1796              		.loc 1 923 23 is_stmt 0 view .LVU599
 1797 0086 00EB4313 		add	r3, r0, r3, lsl #5
 1798              	.LVL122:
 923:Drivers/STM32F4xx_HAL_Driver/Src/stm32f4xx_ll_usb.c **** 
 1799              		.loc 1 923 23 view .LVU600
 1800 008a D3F80029 		ldr	r2, [r3, #2304]
 1801              	.LVL123:
 923:Drivers/STM32F4xx_HAL_Driver/Src/stm32f4xx_ll_usb.c **** 
 1802              		.loc 1 923 33 view .LVU601
 1803 008e 42F00442 		orr	r2, r2, #-2080374784
 1804 0092 C3F80029 		str	r2, [r3, #2304]
 926:Drivers/STM32F4xx_HAL_Driver/Src/stm32f4xx_ll_usb.c ****       {
 1805              		.loc 1 926 7 is_stmt 1 view .LVU602
 926:Drivers/STM32F4xx_HAL_Driver/Src/stm32f4xx_ll_usb.c ****       {
 1806              		.loc 1 926 13 is_stmt 0 view .LVU603
 1807 0096 4B69     		ldr	r3, [r1, #20]
 926:Drivers/STM32F4xx_HAL_Driver/Src/stm32f4xx_ll_usb.c ****       {
 1808              		.loc 1 926 10 view .LVU604
 1809 0098 002B     		cmp	r3, #0
 1810 009a D9D0     		beq	.L128
 928:Drivers/STM32F4xx_HAL_Driver/Src/stm32f4xx_ll_usb.c ****       }
 1811              		.loc 1 928 9 is_stmt 1 view .LVU605
 928:Drivers/STM32F4xx_HAL_Driver/Src/stm32f4xx_ll_usb.c ****       }
 1812              		.loc 1 928 20 is_stmt 0 view .LVU606
 1813 009c D0F83438 		ldr	r3, [r0, #2100]
 928:Drivers/STM32F4xx_HAL_Driver/Src/stm32f4xx_ll_usb.c ****       }
 1814              		.loc 1 928 46 view .LVU607
 1815 00a0 0978     		ldrb	r1, [r1]	@ zero_extendqisi2
 1816              	.LVL124:
 928:Drivers/STM32F4xx_HAL_Driver/Src/stm32f4xx_ll_usb.c ****       }
ARM GAS  /tmp/ccNXSnaU.s 			page 67


 1817              		.loc 1 928 52 view .LVU608
 1818 00a2 01F00F01 		and	r1, r1, #15
 928:Drivers/STM32F4xx_HAL_Driver/Src/stm32f4xx_ll_usb.c ****       }
 1819              		.loc 1 928 40 view .LVU609
 1820 00a6 0122     		movs	r2, #1
 1821 00a8 8A40     		lsls	r2, r2, r1
 928:Drivers/STM32F4xx_HAL_Driver/Src/stm32f4xx_ll_usb.c ****       }
 1822              		.loc 1 928 33 view .LVU610
 1823 00aa 1343     		orrs	r3, r3, r2
 1824 00ac C0F83438 		str	r3, [r0, #2100]
 1825 00b0 CEE7     		b	.L128
 1826              	.LVL125:
 1827              	.L123:
 899:Drivers/STM32F4xx_HAL_Driver/Src/stm32f4xx_ll_usb.c ****       USBx_INEP(epnum)->DIEPTSIZ &= ~(USB_OTG_DIEPTSIZ_PKTCNT);
 1828              		.loc 1 899 7 is_stmt 1 view .LVU611
 899:Drivers/STM32F4xx_HAL_Driver/Src/stm32f4xx_ll_usb.c ****       USBx_INEP(epnum)->DIEPTSIZ &= ~(USB_OTG_DIEPTSIZ_PKTCNT);
 1829              		.loc 1 899 23 is_stmt 0 view .LVU612
 1830 00b2 00EB4314 		add	r4, r0, r3, lsl #5
 1831 00b6 04F51064 		add	r4, r4, #2304
 1832 00ba 2569     		ldr	r5, [r4, #16]
 899:Drivers/STM32F4xx_HAL_Driver/Src/stm32f4xx_ll_usb.c ****       USBx_INEP(epnum)->DIEPTSIZ &= ~(USB_OTG_DIEPTSIZ_PKTCNT);
 1833              		.loc 1 899 34 view .LVU613
 1834 00bc 6FF31205 		bfc	r5, #0, #19
 1835 00c0 2561     		str	r5, [r4, #16]
 900:Drivers/STM32F4xx_HAL_Driver/Src/stm32f4xx_ll_usb.c **** 
 1836              		.loc 1 900 7 is_stmt 1 view .LVU614
 900:Drivers/STM32F4xx_HAL_Driver/Src/stm32f4xx_ll_usb.c **** 
 1837              		.loc 1 900 23 is_stmt 0 view .LVU615
 1838 00c2 2569     		ldr	r5, [r4, #16]
 900:Drivers/STM32F4xx_HAL_Driver/Src/stm32f4xx_ll_usb.c **** 
 1839              		.loc 1 900 34 view .LVU616
 1840 00c4 6FF3DC45 		bfc	r5, #19, #10
 1841 00c8 2561     		str	r5, [r4, #16]
 902:Drivers/STM32F4xx_HAL_Driver/Src/stm32f4xx_ll_usb.c ****       {
 1842              		.loc 1 902 7 is_stmt 1 view .LVU617
 902:Drivers/STM32F4xx_HAL_Driver/Src/stm32f4xx_ll_usb.c ****       {
 1843              		.loc 1 902 28 is_stmt 0 view .LVU618
 1844 00ca 8D68     		ldr	r5, [r1, #8]
 902:Drivers/STM32F4xx_HAL_Driver/Src/stm32f4xx_ll_usb.c ****       {
 1845              		.loc 1 902 10 view .LVU619
 1846 00cc 4E69     		ldr	r6, [r1, #20]
 1847 00ce AE42     		cmp	r6, r5
 1848 00d0 00D9     		bls	.L125
 904:Drivers/STM32F4xx_HAL_Driver/Src/stm32f4xx_ll_usb.c ****       }
 1849              		.loc 1 904 9 is_stmt 1 view .LVU620
 904:Drivers/STM32F4xx_HAL_Driver/Src/stm32f4xx_ll_usb.c ****       }
 1850              		.loc 1 904 22 is_stmt 0 view .LVU621
 1851 00d2 4D61     		str	r5, [r1, #20]
 1852              	.L125:
 906:Drivers/STM32F4xx_HAL_Driver/Src/stm32f4xx_ll_usb.c ****       USBx_INEP(epnum)->DIEPTSIZ |= (USB_OTG_DIEPTSIZ_XFRSIZ & ep->xfer_len);
 1853              		.loc 1 906 7 is_stmt 1 view .LVU622
 906:Drivers/STM32F4xx_HAL_Driver/Src/stm32f4xx_ll_usb.c ****       USBx_INEP(epnum)->DIEPTSIZ |= (USB_OTG_DIEPTSIZ_XFRSIZ & ep->xfer_len);
 1854              		.loc 1 906 23 is_stmt 0 view .LVU623
 1855 00d4 2569     		ldr	r5, [r4, #16]
 906:Drivers/STM32F4xx_HAL_Driver/Src/stm32f4xx_ll_usb.c ****       USBx_INEP(epnum)->DIEPTSIZ |= (USB_OTG_DIEPTSIZ_XFRSIZ & ep->xfer_len);
 1856              		.loc 1 906 34 view .LVU624
 1857 00d6 45F40025 		orr	r5, r5, #524288
ARM GAS  /tmp/ccNXSnaU.s 			page 68


 1858 00da 2561     		str	r5, [r4, #16]
 907:Drivers/STM32F4xx_HAL_Driver/Src/stm32f4xx_ll_usb.c ****     }
 1859              		.loc 1 907 7 is_stmt 1 view .LVU625
 907:Drivers/STM32F4xx_HAL_Driver/Src/stm32f4xx_ll_usb.c ****     }
 1860              		.loc 1 907 23 is_stmt 0 view .LVU626
 1861 00dc 2569     		ldr	r5, [r4, #16]
 907:Drivers/STM32F4xx_HAL_Driver/Src/stm32f4xx_ll_usb.c ****     }
 1862              		.loc 1 907 62 view .LVU627
 1863 00de 4E69     		ldr	r6, [r1, #20]
 1864 00e0 C6F3120C 		ubfx	ip, r6, #0, #19
 907:Drivers/STM32F4xx_HAL_Driver/Src/stm32f4xx_ll_usb.c ****     }
 1865              		.loc 1 907 34 view .LVU628
 1866 00e4 45EA0C05 		orr	r5, r5, ip
 1867 00e8 2561     		str	r5, [r4, #16]
 1868 00ea CAE7     		b	.L124
 1869              	.L134:
 912:Drivers/STM32F4xx_HAL_Driver/Src/stm32f4xx_ll_usb.c ****       {
 1870              		.loc 1 912 7 is_stmt 1 view .LVU629
 912:Drivers/STM32F4xx_HAL_Driver/Src/stm32f4xx_ll_usb.c ****       {
 1871              		.loc 1 912 23 is_stmt 0 view .LVU630
 1872 00ec 0A69     		ldr	r2, [r1, #16]
 1873              	.LVL126:
 912:Drivers/STM32F4xx_HAL_Driver/Src/stm32f4xx_ll_usb.c ****       {
 1874              		.loc 1 912 10 view .LVU631
 1875 00ee 1AB1     		cbz	r2, .L127
 914:Drivers/STM32F4xx_HAL_Driver/Src/stm32f4xx_ll_usb.c ****       }
 1876              		.loc 1 914 9 is_stmt 1 view .LVU632
 1877 00f0 00EB4311 		add	r1, r0, r3, lsl #5
 1878              	.LVL127:
 914:Drivers/STM32F4xx_HAL_Driver/Src/stm32f4xx_ll_usb.c ****       }
 1879              		.loc 1 914 35 is_stmt 0 view .LVU633
 1880 00f4 C1F81429 		str	r2, [r1, #2324]
 1881              	.L127:
 918:Drivers/STM32F4xx_HAL_Driver/Src/stm32f4xx_ll_usb.c ****     }
 1882              		.loc 1 918 7 is_stmt 1 view .LVU634
 918:Drivers/STM32F4xx_HAL_Driver/Src/stm32f4xx_ll_usb.c ****     }
 1883              		.loc 1 918 23 is_stmt 0 view .LVU635
 1884 00f8 00EB4313 		add	r3, r0, r3, lsl #5
 1885              	.LVL128:
 918:Drivers/STM32F4xx_HAL_Driver/Src/stm32f4xx_ll_usb.c ****     }
 1886              		.loc 1 918 23 view .LVU636
 1887 00fc D3F80029 		ldr	r2, [r3, #2304]
 918:Drivers/STM32F4xx_HAL_Driver/Src/stm32f4xx_ll_usb.c ****     }
 1888              		.loc 1 918 33 view .LVU637
 1889 0100 42F00442 		orr	r2, r2, #-2080374784
 1890 0104 C3F80029 		str	r2, [r3, #2304]
 1891 0108 A2E7     		b	.L128
 1892              	.LVL129:
 1893              	.L133:
 951:Drivers/STM32F4xx_HAL_Driver/Src/stm32f4xx_ll_usb.c ****       {
 1894              		.loc 1 951 7 is_stmt 1 view .LVU638
 951:Drivers/STM32F4xx_HAL_Driver/Src/stm32f4xx_ll_usb.c ****       {
 1895              		.loc 1 951 23 is_stmt 0 view .LVU639
 1896 010a CA68     		ldr	r2, [r1, #12]
 1897              	.LVL130:
 951:Drivers/STM32F4xx_HAL_Driver/Src/stm32f4xx_ll_usb.c ****       {
 1898              		.loc 1 951 10 view .LVU640
ARM GAS  /tmp/ccNXSnaU.s 			page 69


 1899 010c 002A     		cmp	r2, #0
 1900 010e 99D0     		beq	.L130
 953:Drivers/STM32F4xx_HAL_Driver/Src/stm32f4xx_ll_usb.c ****       }
 1901              		.loc 1 953 9 is_stmt 1 view .LVU641
 953:Drivers/STM32F4xx_HAL_Driver/Src/stm32f4xx_ll_usb.c ****       }
 1902              		.loc 1 953 36 is_stmt 0 view .LVU642
 1903 0110 5A61     		str	r2, [r3, #20]
 1904 0112 97E7     		b	.L130
 1905              		.cfi_endproc
 1906              	.LFE231:
 1908              		.section	.text.USB_WritePacket,"ax",%progbits
 1909              		.align	1
 1910              		.global	USB_WritePacket
 1911              		.syntax unified
 1912              		.thumb
 1913              		.thumb_func
 1915              	USB_WritePacket:
 1916              	.LVL131:
 1917              	.LFB232:
 979:Drivers/STM32F4xx_HAL_Driver/Src/stm32f4xx_ll_usb.c ****   uint32_t USBx_BASE = (uint32_t)USBx;
 1918              		.loc 1 979 1 is_stmt 1 view -0
 1919              		.cfi_startproc
 1920              		@ args = 4, pretend = 0, frame = 0
 1921              		@ frame_needed = 0, uses_anonymous_args = 0
 979:Drivers/STM32F4xx_HAL_Driver/Src/stm32f4xx_ll_usb.c ****   uint32_t USBx_BASE = (uint32_t)USBx;
 1922              		.loc 1 979 1 is_stmt 0 view .LVU644
 1923 0000 10B5     		push	{r4, lr}
 1924              		.cfi_def_cfa_offset 8
 1925              		.cfi_offset 4, -8
 1926              		.cfi_offset 14, -4
 1927 0002 9DF80840 		ldrb	r4, [sp, #8]	@ zero_extendqisi2
 980:Drivers/STM32F4xx_HAL_Driver/Src/stm32f4xx_ll_usb.c ****   uint8_t *pSrc = src;
 1928              		.loc 1 980 3 is_stmt 1 view .LVU645
 1929              	.LVL132:
 981:Drivers/STM32F4xx_HAL_Driver/Src/stm32f4xx_ll_usb.c ****   uint32_t count32b;
 1930              		.loc 1 981 3 view .LVU646
 982:Drivers/STM32F4xx_HAL_Driver/Src/stm32f4xx_ll_usb.c ****   uint32_t i;
 1931              		.loc 1 982 3 view .LVU647
 983:Drivers/STM32F4xx_HAL_Driver/Src/stm32f4xx_ll_usb.c **** 
 1932              		.loc 1 983 3 view .LVU648
 985:Drivers/STM32F4xx_HAL_Driver/Src/stm32f4xx_ll_usb.c ****   {
 1933              		.loc 1 985 3 view .LVU649
 985:Drivers/STM32F4xx_HAL_Driver/Src/stm32f4xx_ll_usb.c ****   {
 1934              		.loc 1 985 6 is_stmt 0 view .LVU650
 1935 0006 84B9     		cbnz	r4, .L136
 987:Drivers/STM32F4xx_HAL_Driver/Src/stm32f4xx_ll_usb.c ****     for (i = 0U; i < count32b; i++)
 1936              		.loc 1 987 5 is_stmt 1 view .LVU651
 987:Drivers/STM32F4xx_HAL_Driver/Src/stm32f4xx_ll_usb.c ****     for (i = 0U; i < count32b; i++)
 1937              		.loc 1 987 31 is_stmt 0 view .LVU652
 1938 0008 0333     		adds	r3, r3, #3
 1939              	.LVL133:
 987:Drivers/STM32F4xx_HAL_Driver/Src/stm32f4xx_ll_usb.c ****     for (i = 0U; i < count32b; i++)
 1940              		.loc 1 987 14 view .LVU653
 1941 000a 4FEA930E 		lsr	lr, r3, #2
 1942              	.LVL134:
 988:Drivers/STM32F4xx_HAL_Driver/Src/stm32f4xx_ll_usb.c ****     {
 1943              		.loc 1 988 5 is_stmt 1 view .LVU654
ARM GAS  /tmp/ccNXSnaU.s 			page 70


 988:Drivers/STM32F4xx_HAL_Driver/Src/stm32f4xx_ll_usb.c ****     {
 1944              		.loc 1 988 12 is_stmt 0 view .LVU655
 1945 000e 4FF0000C 		mov	ip, #0
 988:Drivers/STM32F4xx_HAL_Driver/Src/stm32f4xx_ll_usb.c ****     {
 1946              		.loc 1 988 5 view .LVU656
 1947 0012 08E0     		b	.L137
 1948              	.LVL135:
 1949              	.L138:
 990:Drivers/STM32F4xx_HAL_Driver/Src/stm32f4xx_ll_usb.c ****       pSrc++;
 1950              		.loc 1 990 7 is_stmt 1 view .LVU657
 1951 0014 00EB0233 		add	r3, r0, r2, lsl #12
 1952 0018 03F58053 		add	r3, r3, #4096
 990:Drivers/STM32F4xx_HAL_Driver/Src/stm32f4xx_ll_usb.c ****       pSrc++;
 1953              		.loc 1 990 41 is_stmt 0 view .LVU658
 1954 001c 51F8044B 		ldr	r4, [r1], #4	@ unaligned
 1955              	.LVL136:
 990:Drivers/STM32F4xx_HAL_Driver/Src/stm32f4xx_ll_usb.c ****       pSrc++;
 1956              		.loc 1 990 39 view .LVU659
 1957 0020 1C60     		str	r4, [r3]
 991:Drivers/STM32F4xx_HAL_Driver/Src/stm32f4xx_ll_usb.c ****       pSrc++;
 1958              		.loc 1 991 7 is_stmt 1 view .LVU660
 1959              	.LVL137:
 992:Drivers/STM32F4xx_HAL_Driver/Src/stm32f4xx_ll_usb.c ****       pSrc++;
 1960              		.loc 1 992 7 view .LVU661
 993:Drivers/STM32F4xx_HAL_Driver/Src/stm32f4xx_ll_usb.c ****       pSrc++;
 1961              		.loc 1 993 7 view .LVU662
 994:Drivers/STM32F4xx_HAL_Driver/Src/stm32f4xx_ll_usb.c ****     }
 1962              		.loc 1 994 7 view .LVU663
 988:Drivers/STM32F4xx_HAL_Driver/Src/stm32f4xx_ll_usb.c ****     {
 1963              		.loc 1 988 33 discriminator 3 view .LVU664
 1964 0022 0CF1010C 		add	ip, ip, #1
 1965              	.LVL138:
 1966              	.L137:
 988:Drivers/STM32F4xx_HAL_Driver/Src/stm32f4xx_ll_usb.c ****     {
 1967              		.loc 1 988 20 discriminator 1 view .LVU665
 1968 0026 F445     		cmp	ip, lr
 1969 0028 F4D3     		bcc	.L138
 1970              	.LVL139:
 1971              	.L136:
 998:Drivers/STM32F4xx_HAL_Driver/Src/stm32f4xx_ll_usb.c **** }
 1972              		.loc 1 998 3 view .LVU666
 999:Drivers/STM32F4xx_HAL_Driver/Src/stm32f4xx_ll_usb.c **** 
 1973              		.loc 1 999 1 is_stmt 0 view .LVU667
 1974 002a 0020     		movs	r0, #0
 1975              	.LVL140:
 999:Drivers/STM32F4xx_HAL_Driver/Src/stm32f4xx_ll_usb.c **** 
 1976              		.loc 1 999 1 view .LVU668
 1977 002c 10BD     		pop	{r4, pc}
 999:Drivers/STM32F4xx_HAL_Driver/Src/stm32f4xx_ll_usb.c **** 
 1978              		.loc 1 999 1 view .LVU669
 1979              		.cfi_endproc
 1980              	.LFE232:
 1982              		.section	.text.USB_EPStartXfer,"ax",%progbits
 1983              		.align	1
 1984              		.global	USB_EPStartXfer
 1985              		.syntax unified
 1986              		.thumb
ARM GAS  /tmp/ccNXSnaU.s 			page 71


 1987              		.thumb_func
 1989              	USB_EPStartXfer:
 1990              	.LVL141:
 1991              	.LFB230:
 734:Drivers/STM32F4xx_HAL_Driver/Src/stm32f4xx_ll_usb.c ****   uint32_t USBx_BASE = (uint32_t)USBx;
 1992              		.loc 1 734 1 is_stmt 1 view -0
 1993              		.cfi_startproc
 1994              		@ args = 0, pretend = 0, frame = 0
 1995              		@ frame_needed = 0, uses_anonymous_args = 0
 734:Drivers/STM32F4xx_HAL_Driver/Src/stm32f4xx_ll_usb.c ****   uint32_t USBx_BASE = (uint32_t)USBx;
 1996              		.loc 1 734 1 is_stmt 0 view .LVU671
 1997 0000 F0B5     		push	{r4, r5, r6, r7, lr}
 1998              		.cfi_def_cfa_offset 20
 1999              		.cfi_offset 4, -20
 2000              		.cfi_offset 5, -16
 2001              		.cfi_offset 6, -12
 2002              		.cfi_offset 7, -8
 2003              		.cfi_offset 14, -4
 2004 0002 83B0     		sub	sp, sp, #12
 2005              		.cfi_def_cfa_offset 32
 735:Drivers/STM32F4xx_HAL_Driver/Src/stm32f4xx_ll_usb.c ****   uint32_t epnum = (uint32_t)ep->num;
 2006              		.loc 1 735 3 is_stmt 1 view .LVU672
 2007              	.LVL142:
 736:Drivers/STM32F4xx_HAL_Driver/Src/stm32f4xx_ll_usb.c ****   uint16_t pktcnt;
 2008              		.loc 1 736 3 view .LVU673
 736:Drivers/STM32F4xx_HAL_Driver/Src/stm32f4xx_ll_usb.c ****   uint16_t pktcnt;
 2009              		.loc 1 736 32 is_stmt 0 view .LVU674
 2010 0004 0B78     		ldrb	r3, [r1]	@ zero_extendqisi2
 2011              	.LVL143:
 737:Drivers/STM32F4xx_HAL_Driver/Src/stm32f4xx_ll_usb.c **** 
 2012              		.loc 1 737 3 is_stmt 1 view .LVU675
 740:Drivers/STM32F4xx_HAL_Driver/Src/stm32f4xx_ll_usb.c ****   {
 2013              		.loc 1 740 3 view .LVU676
 740:Drivers/STM32F4xx_HAL_Driver/Src/stm32f4xx_ll_usb.c ****   {
 2014              		.loc 1 740 9 is_stmt 0 view .LVU677
 2015 0006 4C78     		ldrb	r4, [r1, #1]	@ zero_extendqisi2
 740:Drivers/STM32F4xx_HAL_Driver/Src/stm32f4xx_ll_usb.c ****   {
 2016              		.loc 1 740 6 view .LVU678
 2017 0008 012C     		cmp	r4, #1
 2018 000a 31D0     		beq	.L158
 826:Drivers/STM32F4xx_HAL_Driver/Src/stm32f4xx_ll_usb.c ****     USBx_OUTEP(epnum)->DOEPTSIZ &= ~(USB_OTG_DOEPTSIZ_PKTCNT);
 2019              		.loc 1 826 5 is_stmt 1 view .LVU679
 826:Drivers/STM32F4xx_HAL_Driver/Src/stm32f4xx_ll_usb.c ****     USBx_OUTEP(epnum)->DOEPTSIZ &= ~(USB_OTG_DOEPTSIZ_PKTCNT);
 2020              		.loc 1 826 22 is_stmt 0 view .LVU680
 2021 000c 00EB4313 		add	r3, r0, r3, lsl #5
 2022              	.LVL144:
 826:Drivers/STM32F4xx_HAL_Driver/Src/stm32f4xx_ll_usb.c ****     USBx_OUTEP(epnum)->DOEPTSIZ &= ~(USB_OTG_DOEPTSIZ_PKTCNT);
 2023              		.loc 1 826 22 view .LVU681
 2024 0010 03F5306C 		add	ip, r3, #2816
 2025 0014 DCF81040 		ldr	r4, [ip, #16]
 826:Drivers/STM32F4xx_HAL_Driver/Src/stm32f4xx_ll_usb.c ****     USBx_OUTEP(epnum)->DOEPTSIZ &= ~(USB_OTG_DOEPTSIZ_PKTCNT);
 2026              		.loc 1 826 33 view .LVU682
 2027 0018 6FF31204 		bfc	r4, #0, #19
 2028 001c CCF81040 		str	r4, [ip, #16]
 2029              	.LVL145:
 827:Drivers/STM32F4xx_HAL_Driver/Src/stm32f4xx_ll_usb.c **** 
 2030              		.loc 1 827 5 is_stmt 1 view .LVU683
ARM GAS  /tmp/ccNXSnaU.s 			page 72


 827:Drivers/STM32F4xx_HAL_Driver/Src/stm32f4xx_ll_usb.c **** 
 2031              		.loc 1 827 22 is_stmt 0 view .LVU684
 2032 0020 DCF81040 		ldr	r4, [ip, #16]
 827:Drivers/STM32F4xx_HAL_Driver/Src/stm32f4xx_ll_usb.c **** 
 2033              		.loc 1 827 33 view .LVU685
 2034 0024 6FF3DC44 		bfc	r4, #19, #10
 2035 0028 CCF81040 		str	r4, [ip, #16]
 829:Drivers/STM32F4xx_HAL_Driver/Src/stm32f4xx_ll_usb.c ****     {
 2036              		.loc 1 829 5 is_stmt 1 view .LVU686
 829:Drivers/STM32F4xx_HAL_Driver/Src/stm32f4xx_ll_usb.c ****     {
 2037              		.loc 1 829 11 is_stmt 0 view .LVU687
 2038 002c 4C69     		ldr	r4, [r1, #20]
 829:Drivers/STM32F4xx_HAL_Driver/Src/stm32f4xx_ll_usb.c ****     {
 2039              		.loc 1 829 8 view .LVU688
 2040 002e 002C     		cmp	r4, #0
 2041 0030 40F0C580 		bne	.L152
 831:Drivers/STM32F4xx_HAL_Driver/Src/stm32f4xx_ll_usb.c ****       USBx_OUTEP(epnum)->DOEPTSIZ |= (USB_OTG_DOEPTSIZ_PKTCNT & (1U << 19));
 2042              		.loc 1 831 7 is_stmt 1 view .LVU689
 831:Drivers/STM32F4xx_HAL_Driver/Src/stm32f4xx_ll_usb.c ****       USBx_OUTEP(epnum)->DOEPTSIZ |= (USB_OTG_DOEPTSIZ_PKTCNT & (1U << 19));
 2043              		.loc 1 831 24 is_stmt 0 view .LVU690
 2044 0034 DCF81040 		ldr	r4, [ip, #16]
 831:Drivers/STM32F4xx_HAL_Driver/Src/stm32f4xx_ll_usb.c ****       USBx_OUTEP(epnum)->DOEPTSIZ |= (USB_OTG_DOEPTSIZ_PKTCNT & (1U << 19));
 2045              		.loc 1 831 67 view .LVU691
 2046 0038 8D68     		ldr	r5, [r1, #8]
 831:Drivers/STM32F4xx_HAL_Driver/Src/stm32f4xx_ll_usb.c ****       USBx_OUTEP(epnum)->DOEPTSIZ |= (USB_OTG_DOEPTSIZ_PKTCNT & (1U << 19));
 2047              		.loc 1 831 63 view .LVU692
 2048 003a C5F31205 		ubfx	r5, r5, #0, #19
 831:Drivers/STM32F4xx_HAL_Driver/Src/stm32f4xx_ll_usb.c ****       USBx_OUTEP(epnum)->DOEPTSIZ |= (USB_OTG_DOEPTSIZ_PKTCNT & (1U << 19));
 2049              		.loc 1 831 35 view .LVU693
 2050 003e 2C43     		orrs	r4, r4, r5
 2051 0040 CCF81040 		str	r4, [ip, #16]
 832:Drivers/STM32F4xx_HAL_Driver/Src/stm32f4xx_ll_usb.c ****     }
 2052              		.loc 1 832 7 is_stmt 1 view .LVU694
 832:Drivers/STM32F4xx_HAL_Driver/Src/stm32f4xx_ll_usb.c ****     }
 2053              		.loc 1 832 24 is_stmt 0 view .LVU695
 2054 0044 DCF81040 		ldr	r4, [ip, #16]
 832:Drivers/STM32F4xx_HAL_Driver/Src/stm32f4xx_ll_usb.c ****     }
 2055              		.loc 1 832 35 view .LVU696
 2056 0048 44F40024 		orr	r4, r4, #524288
 2057 004c CCF81040 		str	r4, [ip, #16]
 2058              	.L153:
 841:Drivers/STM32F4xx_HAL_Driver/Src/stm32f4xx_ll_usb.c ****     {
 2059              		.loc 1 841 5 is_stmt 1 view .LVU697
 841:Drivers/STM32F4xx_HAL_Driver/Src/stm32f4xx_ll_usb.c ****     {
 2060              		.loc 1 841 8 is_stmt 0 view .LVU698
 2061 0050 012A     		cmp	r2, #1
 2062 0052 00F0CE80 		beq	.L159
 2063              	.LVL146:
 2064              	.L154:
 849:Drivers/STM32F4xx_HAL_Driver/Src/stm32f4xx_ll_usb.c ****     {
 2065              		.loc 1 849 5 is_stmt 1 view .LVU699
 849:Drivers/STM32F4xx_HAL_Driver/Src/stm32f4xx_ll_usb.c ****     {
 2066              		.loc 1 849 11 is_stmt 0 view .LVU700
 2067 0056 CA78     		ldrb	r2, [r1, #3]	@ zero_extendqisi2
 849:Drivers/STM32F4xx_HAL_Driver/Src/stm32f4xx_ll_usb.c ****     {
 2068              		.loc 1 849 8 view .LVU701
 2069 0058 012A     		cmp	r2, #1
ARM GAS  /tmp/ccNXSnaU.s 			page 73


 2070 005a 00F0D180 		beq	.L160
 2071              	.L155:
 861:Drivers/STM32F4xx_HAL_Driver/Src/stm32f4xx_ll_usb.c ****   }
 2072              		.loc 1 861 5 is_stmt 1 view .LVU702
 861:Drivers/STM32F4xx_HAL_Driver/Src/stm32f4xx_ll_usb.c ****   }
 2073              		.loc 1 861 22 is_stmt 0 view .LVU703
 2074 005e D3F8002B 		ldr	r2, [r3, #2816]
 861:Drivers/STM32F4xx_HAL_Driver/Src/stm32f4xx_ll_usb.c ****   }
 2075              		.loc 1 861 32 view .LVU704
 2076 0062 42F00442 		orr	r2, r2, #-2080374784
 2077 0066 C3F8002B 		str	r2, [r3, #2816]
 2078              	.LVL147:
 2079              	.L148:
 864:Drivers/STM32F4xx_HAL_Driver/Src/stm32f4xx_ll_usb.c **** }
 2080              		.loc 1 864 3 is_stmt 1 view .LVU705
 865:Drivers/STM32F4xx_HAL_Driver/Src/stm32f4xx_ll_usb.c **** 
 2081              		.loc 1 865 1 is_stmt 0 view .LVU706
 2082 006a 0020     		movs	r0, #0
 2083 006c 03B0     		add	sp, sp, #12
 2084              		.cfi_remember_state
 2085              		.cfi_def_cfa_offset 20
 2086              		@ sp needed
 2087 006e F0BD     		pop	{r4, r5, r6, r7, pc}
 2088              	.LVL148:
 2089              	.L158:
 2090              		.cfi_restore_state
 743:Drivers/STM32F4xx_HAL_Driver/Src/stm32f4xx_ll_usb.c ****     {
 2091              		.loc 1 743 5 is_stmt 1 view .LVU707
 743:Drivers/STM32F4xx_HAL_Driver/Src/stm32f4xx_ll_usb.c ****     {
 2092              		.loc 1 743 11 is_stmt 0 view .LVU708
 2093 0070 4C69     		ldr	r4, [r1, #20]
 743:Drivers/STM32F4xx_HAL_Driver/Src/stm32f4xx_ll_usb.c ****     {
 2094              		.loc 1 743 8 view .LVU709
 2095 0072 74BB     		cbnz	r4, .L142
 745:Drivers/STM32F4xx_HAL_Driver/Src/stm32f4xx_ll_usb.c ****       USBx_INEP(epnum)->DIEPTSIZ |= (USB_OTG_DIEPTSIZ_PKTCNT & (1U << 19));
 2096              		.loc 1 745 7 is_stmt 1 view .LVU710
 745:Drivers/STM32F4xx_HAL_Driver/Src/stm32f4xx_ll_usb.c ****       USBx_INEP(epnum)->DIEPTSIZ |= (USB_OTG_DIEPTSIZ_PKTCNT & (1U << 19));
 2097              		.loc 1 745 23 is_stmt 0 view .LVU711
 2098 0074 00EB4314 		add	r4, r0, r3, lsl #5
 2099 0078 D4F81059 		ldr	r5, [r4, #2320]
 745:Drivers/STM32F4xx_HAL_Driver/Src/stm32f4xx_ll_usb.c ****       USBx_INEP(epnum)->DIEPTSIZ |= (USB_OTG_DIEPTSIZ_PKTCNT & (1U << 19));
 2100              		.loc 1 745 34 view .LVU712
 2101 007c 6FF3DC45 		bfc	r5, #19, #10
 2102 0080 C4F81059 		str	r5, [r4, #2320]
 746:Drivers/STM32F4xx_HAL_Driver/Src/stm32f4xx_ll_usb.c ****       USBx_INEP(epnum)->DIEPTSIZ &= ~(USB_OTG_DIEPTSIZ_XFRSIZ);
 2103              		.loc 1 746 7 is_stmt 1 view .LVU713
 746:Drivers/STM32F4xx_HAL_Driver/Src/stm32f4xx_ll_usb.c ****       USBx_INEP(epnum)->DIEPTSIZ &= ~(USB_OTG_DIEPTSIZ_XFRSIZ);
 2104              		.loc 1 746 23 is_stmt 0 view .LVU714
 2105 0084 D4F81059 		ldr	r5, [r4, #2320]
 746:Drivers/STM32F4xx_HAL_Driver/Src/stm32f4xx_ll_usb.c ****       USBx_INEP(epnum)->DIEPTSIZ &= ~(USB_OTG_DIEPTSIZ_XFRSIZ);
 2106              		.loc 1 746 34 view .LVU715
 2107 0088 45F40025 		orr	r5, r5, #524288
 2108 008c C4F81059 		str	r5, [r4, #2320]
 747:Drivers/STM32F4xx_HAL_Driver/Src/stm32f4xx_ll_usb.c ****     }
 2109              		.loc 1 747 7 is_stmt 1 view .LVU716
 747:Drivers/STM32F4xx_HAL_Driver/Src/stm32f4xx_ll_usb.c ****     }
 2110              		.loc 1 747 23 is_stmt 0 view .LVU717
ARM GAS  /tmp/ccNXSnaU.s 			page 74


 2111 0090 D4F81059 		ldr	r5, [r4, #2320]
 747:Drivers/STM32F4xx_HAL_Driver/Src/stm32f4xx_ll_usb.c ****     }
 2112              		.loc 1 747 34 view .LVU718
 2113 0094 6FF31205 		bfc	r5, #0, #19
 2114 0098 C4F81059 		str	r5, [r4, #2320]
 2115              	.L143:
 770:Drivers/STM32F4xx_HAL_Driver/Src/stm32f4xx_ll_usb.c ****     {
 2116              		.loc 1 770 5 is_stmt 1 view .LVU719
 770:Drivers/STM32F4xx_HAL_Driver/Src/stm32f4xx_ll_usb.c ****     {
 2117              		.loc 1 770 8 is_stmt 0 view .LVU720
 2118 009c 012A     		cmp	r2, #1
 2119 009e 4CD0     		beq	.L161
 795:Drivers/STM32F4xx_HAL_Driver/Src/stm32f4xx_ll_usb.c **** 
 2120              		.loc 1 795 7 is_stmt 1 view .LVU721
 795:Drivers/STM32F4xx_HAL_Driver/Src/stm32f4xx_ll_usb.c **** 
 2121              		.loc 1 795 23 is_stmt 0 view .LVU722
 2122 00a0 00EB4313 		add	r3, r0, r3, lsl #5
 2123              	.LVL149:
 795:Drivers/STM32F4xx_HAL_Driver/Src/stm32f4xx_ll_usb.c **** 
 2124              		.loc 1 795 23 view .LVU723
 2125 00a4 D3F80049 		ldr	r4, [r3, #2304]
 795:Drivers/STM32F4xx_HAL_Driver/Src/stm32f4xx_ll_usb.c **** 
 2126              		.loc 1 795 33 view .LVU724
 2127 00a8 44F00444 		orr	r4, r4, #-2080374784
 2128 00ac C3F80049 		str	r4, [r3, #2304]
 797:Drivers/STM32F4xx_HAL_Driver/Src/stm32f4xx_ll_usb.c ****       {
 2129              		.loc 1 797 7 is_stmt 1 view .LVU725
 797:Drivers/STM32F4xx_HAL_Driver/Src/stm32f4xx_ll_usb.c ****       {
 2130              		.loc 1 797 13 is_stmt 0 view .LVU726
 2131 00b0 CC78     		ldrb	r4, [r1, #3]	@ zero_extendqisi2
 797:Drivers/STM32F4xx_HAL_Driver/Src/stm32f4xx_ll_usb.c ****       {
 2132              		.loc 1 797 10 view .LVU727
 2133 00b2 012C     		cmp	r4, #1
 2134 00b4 6AD0     		beq	.L149
 800:Drivers/STM32F4xx_HAL_Driver/Src/stm32f4xx_ll_usb.c ****         {
 2135              		.loc 1 800 9 is_stmt 1 view .LVU728
 800:Drivers/STM32F4xx_HAL_Driver/Src/stm32f4xx_ll_usb.c ****         {
 2136              		.loc 1 800 15 is_stmt 0 view .LVU729
 2137 00b6 4B69     		ldr	r3, [r1, #20]
 800:Drivers/STM32F4xx_HAL_Driver/Src/stm32f4xx_ll_usb.c ****         {
 2138              		.loc 1 800 12 view .LVU730
 2139 00b8 002B     		cmp	r3, #0
 2140 00ba D6D0     		beq	.L148
 802:Drivers/STM32F4xx_HAL_Driver/Src/stm32f4xx_ll_usb.c ****         }
 2141              		.loc 1 802 11 is_stmt 1 view .LVU731
 802:Drivers/STM32F4xx_HAL_Driver/Src/stm32f4xx_ll_usb.c ****         }
 2142              		.loc 1 802 22 is_stmt 0 view .LVU732
 2143 00bc D0F83438 		ldr	r3, [r0, #2100]
 802:Drivers/STM32F4xx_HAL_Driver/Src/stm32f4xx_ll_usb.c ****         }
 2144              		.loc 1 802 48 view .LVU733
 2145 00c0 0978     		ldrb	r1, [r1]	@ zero_extendqisi2
 2146              	.LVL150:
 802:Drivers/STM32F4xx_HAL_Driver/Src/stm32f4xx_ll_usb.c ****         }
 2147              		.loc 1 802 54 view .LVU734
 2148 00c2 01F00F01 		and	r1, r1, #15
 802:Drivers/STM32F4xx_HAL_Driver/Src/stm32f4xx_ll_usb.c ****         }
 2149              		.loc 1 802 42 view .LVU735
ARM GAS  /tmp/ccNXSnaU.s 			page 75


 2150 00c6 0122     		movs	r2, #1
 2151              	.LVL151:
 802:Drivers/STM32F4xx_HAL_Driver/Src/stm32f4xx_ll_usb.c ****         }
 2152              		.loc 1 802 42 view .LVU736
 2153 00c8 8A40     		lsls	r2, r2, r1
 802:Drivers/STM32F4xx_HAL_Driver/Src/stm32f4xx_ll_usb.c ****         }
 2154              		.loc 1 802 35 view .LVU737
 2155 00ca 1343     		orrs	r3, r3, r2
 2156 00cc C0F83438 		str	r3, [r0, #2100]
 2157 00d0 CBE7     		b	.L148
 2158              	.LVL152:
 2159              	.L142:
 756:Drivers/STM32F4xx_HAL_Driver/Src/stm32f4xx_ll_usb.c ****       USBx_INEP(epnum)->DIEPTSIZ &= ~(USB_OTG_DIEPTSIZ_PKTCNT);
 2160              		.loc 1 756 7 is_stmt 1 view .LVU738
 756:Drivers/STM32F4xx_HAL_Driver/Src/stm32f4xx_ll_usb.c ****       USBx_INEP(epnum)->DIEPTSIZ &= ~(USB_OTG_DIEPTSIZ_PKTCNT);
 2161              		.loc 1 756 23 is_stmt 0 view .LVU739
 2162 00d2 00EB4314 		add	r4, r0, r3, lsl #5
 2163 00d6 D4F81059 		ldr	r5, [r4, #2320]
 756:Drivers/STM32F4xx_HAL_Driver/Src/stm32f4xx_ll_usb.c ****       USBx_INEP(epnum)->DIEPTSIZ &= ~(USB_OTG_DIEPTSIZ_PKTCNT);
 2164              		.loc 1 756 34 view .LVU740
 2165 00da 6FF31205 		bfc	r5, #0, #19
 2166 00de C4F81059 		str	r5, [r4, #2320]
 757:Drivers/STM32F4xx_HAL_Driver/Src/stm32f4xx_ll_usb.c ****       USBx_INEP(epnum)->DIEPTSIZ |= (USB_OTG_DIEPTSIZ_PKTCNT &
 2167              		.loc 1 757 7 is_stmt 1 view .LVU741
 757:Drivers/STM32F4xx_HAL_Driver/Src/stm32f4xx_ll_usb.c ****       USBx_INEP(epnum)->DIEPTSIZ |= (USB_OTG_DIEPTSIZ_PKTCNT &
 2168              		.loc 1 757 23 is_stmt 0 view .LVU742
 2169 00e2 D4F81059 		ldr	r5, [r4, #2320]
 757:Drivers/STM32F4xx_HAL_Driver/Src/stm32f4xx_ll_usb.c ****       USBx_INEP(epnum)->DIEPTSIZ |= (USB_OTG_DIEPTSIZ_PKTCNT &
 2170              		.loc 1 757 34 view .LVU743
 2171 00e6 6FF3DC45 		bfc	r5, #19, #10
 2172 00ea C4F81059 		str	r5, [r4, #2320]
 758:Drivers/STM32F4xx_HAL_Driver/Src/stm32f4xx_ll_usb.c ****                                      (((ep->xfer_len + ep->maxpacket - 1U) / ep->maxpacket) << 19))
 2173              		.loc 1 758 7 is_stmt 1 view .LVU744
 758:Drivers/STM32F4xx_HAL_Driver/Src/stm32f4xx_ll_usb.c ****                                      (((ep->xfer_len + ep->maxpacket - 1U) / ep->maxpacket) << 19))
 2174              		.loc 1 758 23 is_stmt 0 view .LVU745
 2175 00ee D4F81059 		ldr	r5, [r4, #2320]
 759:Drivers/STM32F4xx_HAL_Driver/Src/stm32f4xx_ll_usb.c **** 
 2176              		.loc 1 759 58 view .LVU746
 2177 00f2 8E68     		ldr	r6, [r1, #8]
 759:Drivers/STM32F4xx_HAL_Driver/Src/stm32f4xx_ll_usb.c **** 
 2178              		.loc 1 759 54 view .LVU747
 2179 00f4 4F69     		ldr	r7, [r1, #20]
 2180 00f6 07EB060C 		add	ip, r7, r6
 759:Drivers/STM32F4xx_HAL_Driver/Src/stm32f4xx_ll_usb.c **** 
 2181              		.loc 1 759 70 view .LVU748
 2182 00fa 0CF1FF3C 		add	ip, ip, #-1
 759:Drivers/STM32F4xx_HAL_Driver/Src/stm32f4xx_ll_usb.c **** 
 2183              		.loc 1 759 76 view .LVU749
 2184 00fe BCFBF6FC 		udiv	ip, ip, r6
 758:Drivers/STM32F4xx_HAL_Driver/Src/stm32f4xx_ll_usb.c ****                                      (((ep->xfer_len + ep->maxpacket - 1U) / ep->maxpacket) << 19))
 2185              		.loc 1 758 62 view .LVU750
 2186 0102 494E     		ldr	r6, .L163
 2187 0104 06EACC46 		and	r6, r6, ip, lsl #19
 758:Drivers/STM32F4xx_HAL_Driver/Src/stm32f4xx_ll_usb.c ****                                      (((ep->xfer_len + ep->maxpacket - 1U) / ep->maxpacket) << 19))
 2188              		.loc 1 758 34 view .LVU751
 2189 0108 3543     		orrs	r5, r5, r6
 2190 010a C4F81059 		str	r5, [r4, #2320]
ARM GAS  /tmp/ccNXSnaU.s 			page 76


 761:Drivers/STM32F4xx_HAL_Driver/Src/stm32f4xx_ll_usb.c **** 
 2191              		.loc 1 761 7 is_stmt 1 view .LVU752
 761:Drivers/STM32F4xx_HAL_Driver/Src/stm32f4xx_ll_usb.c **** 
 2192              		.loc 1 761 23 is_stmt 0 view .LVU753
 2193 010e D4F81059 		ldr	r5, [r4, #2320]
 761:Drivers/STM32F4xx_HAL_Driver/Src/stm32f4xx_ll_usb.c **** 
 2194              		.loc 1 761 66 view .LVU754
 2195 0112 4E69     		ldr	r6, [r1, #20]
 761:Drivers/STM32F4xx_HAL_Driver/Src/stm32f4xx_ll_usb.c **** 
 2196              		.loc 1 761 62 view .LVU755
 2197 0114 C6F31206 		ubfx	r6, r6, #0, #19
 761:Drivers/STM32F4xx_HAL_Driver/Src/stm32f4xx_ll_usb.c **** 
 2198              		.loc 1 761 34 view .LVU756
 2199 0118 3543     		orrs	r5, r5, r6
 2200 011a C4F81059 		str	r5, [r4, #2320]
 756:Drivers/STM32F4xx_HAL_Driver/Src/stm32f4xx_ll_usb.c ****       USBx_INEP(epnum)->DIEPTSIZ &= ~(USB_OTG_DIEPTSIZ_PKTCNT);
 2201              		.loc 1 756 23 view .LVU757
 2202 011e 04F51064 		add	r4, r4, #2304
 763:Drivers/STM32F4xx_HAL_Driver/Src/stm32f4xx_ll_usb.c ****       {
 2203              		.loc 1 763 7 is_stmt 1 view .LVU758
 763:Drivers/STM32F4xx_HAL_Driver/Src/stm32f4xx_ll_usb.c ****       {
 2204              		.loc 1 763 13 is_stmt 0 view .LVU759
 2205 0122 CD78     		ldrb	r5, [r1, #3]	@ zero_extendqisi2
 763:Drivers/STM32F4xx_HAL_Driver/Src/stm32f4xx_ll_usb.c ****       {
 2206              		.loc 1 763 10 view .LVU760
 2207 0124 012D     		cmp	r5, #1
 2208 0126 B9D1     		bne	.L143
 765:Drivers/STM32F4xx_HAL_Driver/Src/stm32f4xx_ll_usb.c ****         USBx_INEP(epnum)->DIEPTSIZ |= (USB_OTG_DIEPTSIZ_MULCNT & (1U << 29));
 2209              		.loc 1 765 9 is_stmt 1 view .LVU761
 765:Drivers/STM32F4xx_HAL_Driver/Src/stm32f4xx_ll_usb.c ****         USBx_INEP(epnum)->DIEPTSIZ |= (USB_OTG_DIEPTSIZ_MULCNT & (1U << 29));
 2210              		.loc 1 765 25 is_stmt 0 view .LVU762
 2211 0128 2569     		ldr	r5, [r4, #16]
 765:Drivers/STM32F4xx_HAL_Driver/Src/stm32f4xx_ll_usb.c ****         USBx_INEP(epnum)->DIEPTSIZ |= (USB_OTG_DIEPTSIZ_MULCNT & (1U << 29));
 2212              		.loc 1 765 36 view .LVU763
 2213 012a 25F0C045 		bic	r5, r5, #1610612736
 2214 012e 2561     		str	r5, [r4, #16]
 766:Drivers/STM32F4xx_HAL_Driver/Src/stm32f4xx_ll_usb.c ****       }
 2215              		.loc 1 766 9 is_stmt 1 view .LVU764
 766:Drivers/STM32F4xx_HAL_Driver/Src/stm32f4xx_ll_usb.c ****       }
 2216              		.loc 1 766 25 is_stmt 0 view .LVU765
 2217 0130 2569     		ldr	r5, [r4, #16]
 766:Drivers/STM32F4xx_HAL_Driver/Src/stm32f4xx_ll_usb.c ****       }
 2218              		.loc 1 766 36 view .LVU766
 2219 0132 45F00055 		orr	r5, r5, #536870912
 2220 0136 2561     		str	r5, [r4, #16]
 2221 0138 B0E7     		b	.L143
 2222              	.L161:
 772:Drivers/STM32F4xx_HAL_Driver/Src/stm32f4xx_ll_usb.c ****       {
 2223              		.loc 1 772 7 is_stmt 1 view .LVU767
 772:Drivers/STM32F4xx_HAL_Driver/Src/stm32f4xx_ll_usb.c ****       {
 2224              		.loc 1 772 23 is_stmt 0 view .LVU768
 2225 013a 0A69     		ldr	r2, [r1, #16]
 2226              	.LVL153:
 772:Drivers/STM32F4xx_HAL_Driver/Src/stm32f4xx_ll_usb.c ****       {
 2227              		.loc 1 772 10 view .LVU769
 2228 013c 1AB1     		cbz	r2, .L145
 774:Drivers/STM32F4xx_HAL_Driver/Src/stm32f4xx_ll_usb.c ****       }
ARM GAS  /tmp/ccNXSnaU.s 			page 77


 2229              		.loc 1 774 9 is_stmt 1 view .LVU770
 2230 013e 00EB4314 		add	r4, r0, r3, lsl #5
 774:Drivers/STM32F4xx_HAL_Driver/Src/stm32f4xx_ll_usb.c ****       }
 2231              		.loc 1 774 35 is_stmt 0 view .LVU771
 2232 0142 C4F81429 		str	r2, [r4, #2324]
 2233              	.L145:
 777:Drivers/STM32F4xx_HAL_Driver/Src/stm32f4xx_ll_usb.c ****       {
 2234              		.loc 1 777 7 is_stmt 1 view .LVU772
 777:Drivers/STM32F4xx_HAL_Driver/Src/stm32f4xx_ll_usb.c ****       {
 2235              		.loc 1 777 13 is_stmt 0 view .LVU773
 2236 0146 CA78     		ldrb	r2, [r1, #3]	@ zero_extendqisi2
 777:Drivers/STM32F4xx_HAL_Driver/Src/stm32f4xx_ll_usb.c ****       {
 2237              		.loc 1 777 10 view .LVU774
 2238 0148 012A     		cmp	r2, #1
 2239 014a 08D0     		beq	.L162
 2240              	.LVL154:
 2241              	.L146:
 790:Drivers/STM32F4xx_HAL_Driver/Src/stm32f4xx_ll_usb.c ****     }
 2242              		.loc 1 790 7 is_stmt 1 view .LVU775
 790:Drivers/STM32F4xx_HAL_Driver/Src/stm32f4xx_ll_usb.c ****     }
 2243              		.loc 1 790 23 is_stmt 0 view .LVU776
 2244 014c 00EB4313 		add	r3, r0, r3, lsl #5
 2245              	.LVL155:
 790:Drivers/STM32F4xx_HAL_Driver/Src/stm32f4xx_ll_usb.c ****     }
 2246              		.loc 1 790 23 view .LVU777
 2247 0150 D3F80029 		ldr	r2, [r3, #2304]
 790:Drivers/STM32F4xx_HAL_Driver/Src/stm32f4xx_ll_usb.c ****     }
 2248              		.loc 1 790 33 view .LVU778
 2249 0154 42F00442 		orr	r2, r2, #-2080374784
 2250 0158 C3F80029 		str	r2, [r3, #2304]
 2251 015c 85E7     		b	.L148
 2252              	.LVL156:
 2253              	.L162:
 779:Drivers/STM32F4xx_HAL_Driver/Src/stm32f4xx_ll_usb.c ****         {
 2254              		.loc 1 779 9 is_stmt 1 view .LVU779
 779:Drivers/STM32F4xx_HAL_Driver/Src/stm32f4xx_ll_usb.c ****         {
 2255              		.loc 1 779 25 is_stmt 0 view .LVU780
 2256 015e D0F80828 		ldr	r2, [r0, #2056]
 779:Drivers/STM32F4xx_HAL_Driver/Src/stm32f4xx_ll_usb.c ****         {
 2257              		.loc 1 779 12 view .LVU781
 2258 0162 12F4807F 		tst	r2, #256
 2259 0166 08D1     		bne	.L147
 781:Drivers/STM32F4xx_HAL_Driver/Src/stm32f4xx_ll_usb.c ****         }
 2260              		.loc 1 781 11 is_stmt 1 view .LVU782
 781:Drivers/STM32F4xx_HAL_Driver/Src/stm32f4xx_ll_usb.c ****         }
 2261              		.loc 1 781 27 is_stmt 0 view .LVU783
 2262 0168 00EB4311 		add	r1, r0, r3, lsl #5
 2263              	.LVL157:
 781:Drivers/STM32F4xx_HAL_Driver/Src/stm32f4xx_ll_usb.c ****         }
 2264              		.loc 1 781 27 view .LVU784
 2265 016c D1F80029 		ldr	r2, [r1, #2304]
 781:Drivers/STM32F4xx_HAL_Driver/Src/stm32f4xx_ll_usb.c ****         }
 2266              		.loc 1 781 37 view .LVU785
 2267 0170 42F00052 		orr	r2, r2, #536870912
 2268 0174 C1F80029 		str	r2, [r1, #2304]
 2269 0178 E8E7     		b	.L146
 2270              	.LVL158:
ARM GAS  /tmp/ccNXSnaU.s 			page 78


 2271              	.L147:
 785:Drivers/STM32F4xx_HAL_Driver/Src/stm32f4xx_ll_usb.c ****         }
 2272              		.loc 1 785 11 is_stmt 1 view .LVU786
 785:Drivers/STM32F4xx_HAL_Driver/Src/stm32f4xx_ll_usb.c ****         }
 2273              		.loc 1 785 27 is_stmt 0 view .LVU787
 2274 017a 00EB4311 		add	r1, r0, r3, lsl #5
 2275              	.LVL159:
 785:Drivers/STM32F4xx_HAL_Driver/Src/stm32f4xx_ll_usb.c ****         }
 2276              		.loc 1 785 27 view .LVU788
 2277 017e D1F80029 		ldr	r2, [r1, #2304]
 785:Drivers/STM32F4xx_HAL_Driver/Src/stm32f4xx_ll_usb.c ****         }
 2278              		.loc 1 785 37 view .LVU789
 2279 0182 42F08052 		orr	r2, r2, #268435456
 2280 0186 C1F80029 		str	r2, [r1, #2304]
 2281 018a DFE7     		b	.L146
 2282              	.LVL160:
 2283              	.L149:
 807:Drivers/STM32F4xx_HAL_Driver/Src/stm32f4xx_ll_usb.c ****         {
 2284              		.loc 1 807 9 is_stmt 1 view .LVU790
 807:Drivers/STM32F4xx_HAL_Driver/Src/stm32f4xx_ll_usb.c ****         {
 2285              		.loc 1 807 25 is_stmt 0 view .LVU791
 2286 018c D0F80848 		ldr	r4, [r0, #2056]
 807:Drivers/STM32F4xx_HAL_Driver/Src/stm32f4xx_ll_usb.c ****         {
 2287              		.loc 1 807 12 view .LVU792
 2288 0190 14F4807F 		tst	r4, #256
 2289 0194 0CD1     		bne	.L150
 809:Drivers/STM32F4xx_HAL_Driver/Src/stm32f4xx_ll_usb.c ****         }
 2290              		.loc 1 809 11 is_stmt 1 view .LVU793
 809:Drivers/STM32F4xx_HAL_Driver/Src/stm32f4xx_ll_usb.c ****         }
 2291              		.loc 1 809 27 is_stmt 0 view .LVU794
 2292 0196 D3F80049 		ldr	r4, [r3, #2304]
 809:Drivers/STM32F4xx_HAL_Driver/Src/stm32f4xx_ll_usb.c ****         }
 2293              		.loc 1 809 37 view .LVU795
 2294 019a 44F00054 		orr	r4, r4, #536870912
 2295 019e C3F80049 		str	r4, [r3, #2304]
 2296              	.L151:
 816:Drivers/STM32F4xx_HAL_Driver/Src/stm32f4xx_ll_usb.c ****       }
 2297              		.loc 1 816 9 is_stmt 1 view .LVU796
 816:Drivers/STM32F4xx_HAL_Driver/Src/stm32f4xx_ll_usb.c ****       }
 2298              		.loc 1 816 15 is_stmt 0 view .LVU797
 2299 01a2 0092     		str	r2, [sp]
 2300 01a4 8B8A     		ldrh	r3, [r1, #20]
 2301 01a6 0A78     		ldrb	r2, [r1]	@ zero_extendqisi2
 2302              	.LVL161:
 816:Drivers/STM32F4xx_HAL_Driver/Src/stm32f4xx_ll_usb.c ****       }
 2303              		.loc 1 816 15 view .LVU798
 2304 01a8 C968     		ldr	r1, [r1, #12]
 2305              	.LVL162:
 816:Drivers/STM32F4xx_HAL_Driver/Src/stm32f4xx_ll_usb.c ****       }
 2306              		.loc 1 816 15 view .LVU799
 2307 01aa FFF7FEFF 		bl	USB_WritePacket
 2308              	.LVL163:
 816:Drivers/STM32F4xx_HAL_Driver/Src/stm32f4xx_ll_usb.c ****       }
 2309              		.loc 1 816 15 view .LVU800
 2310 01ae 5CE7     		b	.L148
 2311              	.LVL164:
 2312              	.L150:
ARM GAS  /tmp/ccNXSnaU.s 			page 79


 813:Drivers/STM32F4xx_HAL_Driver/Src/stm32f4xx_ll_usb.c ****         }
 2313              		.loc 1 813 11 is_stmt 1 view .LVU801
 813:Drivers/STM32F4xx_HAL_Driver/Src/stm32f4xx_ll_usb.c ****         }
 2314              		.loc 1 813 27 is_stmt 0 view .LVU802
 2315 01b0 D3F80049 		ldr	r4, [r3, #2304]
 813:Drivers/STM32F4xx_HAL_Driver/Src/stm32f4xx_ll_usb.c ****         }
 2316              		.loc 1 813 37 view .LVU803
 2317 01b4 44F08054 		orr	r4, r4, #268435456
 2318 01b8 C3F80049 		str	r4, [r3, #2304]
 2319 01bc F1E7     		b	.L151
 2320              	.L152:
 836:Drivers/STM32F4xx_HAL_Driver/Src/stm32f4xx_ll_usb.c ****       USBx_OUTEP(epnum)->DOEPTSIZ |= USB_OTG_DOEPTSIZ_PKTCNT & ((uint32_t)pktcnt << 19);
 2321              		.loc 1 836 7 is_stmt 1 view .LVU804
 836:Drivers/STM32F4xx_HAL_Driver/Src/stm32f4xx_ll_usb.c ****       USBx_OUTEP(epnum)->DOEPTSIZ |= USB_OTG_DOEPTSIZ_PKTCNT & ((uint32_t)pktcnt << 19);
 2322              		.loc 1 836 45 is_stmt 0 view .LVU805
 2323 01be 8D68     		ldr	r5, [r1, #8]
 836:Drivers/STM32F4xx_HAL_Driver/Src/stm32f4xx_ll_usb.c ****       USBx_OUTEP(epnum)->DOEPTSIZ |= USB_OTG_DOEPTSIZ_PKTCNT & ((uint32_t)pktcnt << 19);
 2324              		.loc 1 836 41 view .LVU806
 2325 01c0 2C44     		add	r4, r4, r5
 836:Drivers/STM32F4xx_HAL_Driver/Src/stm32f4xx_ll_usb.c ****       USBx_OUTEP(epnum)->DOEPTSIZ |= USB_OTG_DOEPTSIZ_PKTCNT & ((uint32_t)pktcnt << 19);
 2326              		.loc 1 836 57 view .LVU807
 2327 01c2 013C     		subs	r4, r4, #1
 836:Drivers/STM32F4xx_HAL_Driver/Src/stm32f4xx_ll_usb.c ****       USBx_OUTEP(epnum)->DOEPTSIZ |= USB_OTG_DOEPTSIZ_PKTCNT & ((uint32_t)pktcnt << 19);
 2328              		.loc 1 836 63 view .LVU808
 2329 01c4 B4FBF5F4 		udiv	r4, r4, r5
 2330              	.LVL165:
 837:Drivers/STM32F4xx_HAL_Driver/Src/stm32f4xx_ll_usb.c ****       USBx_OUTEP(epnum)->DOEPTSIZ |= USB_OTG_DOEPTSIZ_XFRSIZ & (ep->maxpacket * pktcnt);
 2331              		.loc 1 837 7 is_stmt 1 view .LVU809
 837:Drivers/STM32F4xx_HAL_Driver/Src/stm32f4xx_ll_usb.c ****       USBx_OUTEP(epnum)->DOEPTSIZ |= USB_OTG_DOEPTSIZ_XFRSIZ & (ep->maxpacket * pktcnt);
 2332              		.loc 1 837 24 is_stmt 0 view .LVU810
 2333 01c8 DCF81050 		ldr	r5, [ip, #16]
 2334 01cc 1FFA84FE 		uxth	lr, r4
 837:Drivers/STM32F4xx_HAL_Driver/Src/stm32f4xx_ll_usb.c ****       USBx_OUTEP(epnum)->DOEPTSIZ |= USB_OTG_DOEPTSIZ_XFRSIZ & (ep->maxpacket * pktcnt);
 2335              		.loc 1 837 62 view .LVU811
 2336 01d0 154E     		ldr	r6, .L163
 2337 01d2 06EAC444 		and	r4, r6, r4, lsl #19
 2338              	.LVL166:
 837:Drivers/STM32F4xx_HAL_Driver/Src/stm32f4xx_ll_usb.c ****       USBx_OUTEP(epnum)->DOEPTSIZ |= USB_OTG_DOEPTSIZ_XFRSIZ & (ep->maxpacket * pktcnt);
 2339              		.loc 1 837 35 view .LVU812
 2340 01d6 2C43     		orrs	r4, r4, r5
 2341 01d8 CCF81040 		str	r4, [ip, #16]
 838:Drivers/STM32F4xx_HAL_Driver/Src/stm32f4xx_ll_usb.c ****     }
 2342              		.loc 1 838 7 is_stmt 1 view .LVU813
 838:Drivers/STM32F4xx_HAL_Driver/Src/stm32f4xx_ll_usb.c ****     }
 2343              		.loc 1 838 24 is_stmt 0 view .LVU814
 2344 01dc DCF81050 		ldr	r5, [ip, #16]
 838:Drivers/STM32F4xx_HAL_Driver/Src/stm32f4xx_ll_usb.c ****     }
 2345              		.loc 1 838 67 view .LVU815
 2346 01e0 8C68     		ldr	r4, [r1, #8]
 838:Drivers/STM32F4xx_HAL_Driver/Src/stm32f4xx_ll_usb.c ****     }
 2347              		.loc 1 838 79 view .LVU816
 2348 01e2 0EFB04F4 		mul	r4, lr, r4
 838:Drivers/STM32F4xx_HAL_Driver/Src/stm32f4xx_ll_usb.c ****     }
 2349              		.loc 1 838 62 view .LVU817
 2350 01e6 C4F31204 		ubfx	r4, r4, #0, #19
 838:Drivers/STM32F4xx_HAL_Driver/Src/stm32f4xx_ll_usb.c ****     }
 2351              		.loc 1 838 35 view .LVU818
ARM GAS  /tmp/ccNXSnaU.s 			page 80


 2352 01ea 2C43     		orrs	r4, r4, r5
 2353 01ec CCF81040 		str	r4, [ip, #16]
 2354 01f0 2EE7     		b	.L153
 2355              	.LVL167:
 2356              	.L159:
 843:Drivers/STM32F4xx_HAL_Driver/Src/stm32f4xx_ll_usb.c ****       {
 2357              		.loc 1 843 7 is_stmt 1 view .LVU819
 843:Drivers/STM32F4xx_HAL_Driver/Src/stm32f4xx_ll_usb.c ****       {
 2358              		.loc 1 843 23 is_stmt 0 view .LVU820
 2359 01f2 CA68     		ldr	r2, [r1, #12]
 2360              	.LVL168:
 843:Drivers/STM32F4xx_HAL_Driver/Src/stm32f4xx_ll_usb.c ****       {
 2361              		.loc 1 843 10 view .LVU821
 2362 01f4 002A     		cmp	r2, #0
 2363 01f6 3FF42EAF 		beq	.L154
 845:Drivers/STM32F4xx_HAL_Driver/Src/stm32f4xx_ll_usb.c ****       }
 2364              		.loc 1 845 9 is_stmt 1 view .LVU822
 845:Drivers/STM32F4xx_HAL_Driver/Src/stm32f4xx_ll_usb.c ****       }
 2365              		.loc 1 845 36 is_stmt 0 view .LVU823
 2366 01fa CCF81420 		str	r2, [ip, #20]
 2367 01fe 2AE7     		b	.L154
 2368              	.L160:
 851:Drivers/STM32F4xx_HAL_Driver/Src/stm32f4xx_ll_usb.c ****       {
 2369              		.loc 1 851 7 is_stmt 1 view .LVU824
 851:Drivers/STM32F4xx_HAL_Driver/Src/stm32f4xx_ll_usb.c ****       {
 2370              		.loc 1 851 23 is_stmt 0 view .LVU825
 2371 0200 D0F80828 		ldr	r2, [r0, #2056]
 851:Drivers/STM32F4xx_HAL_Driver/Src/stm32f4xx_ll_usb.c ****       {
 2372              		.loc 1 851 10 view .LVU826
 2373 0204 12F4807F 		tst	r2, #256
 2374 0208 06D1     		bne	.L156
 853:Drivers/STM32F4xx_HAL_Driver/Src/stm32f4xx_ll_usb.c ****       }
 2375              		.loc 1 853 9 is_stmt 1 view .LVU827
 853:Drivers/STM32F4xx_HAL_Driver/Src/stm32f4xx_ll_usb.c ****       }
 2376              		.loc 1 853 26 is_stmt 0 view .LVU828
 2377 020a D3F8002B 		ldr	r2, [r3, #2816]
 853:Drivers/STM32F4xx_HAL_Driver/Src/stm32f4xx_ll_usb.c ****       }
 2378              		.loc 1 853 36 view .LVU829
 2379 020e 42F00052 		orr	r2, r2, #536870912
 2380 0212 C3F8002B 		str	r2, [r3, #2816]
 2381 0216 22E7     		b	.L155
 2382              	.L156:
 857:Drivers/STM32F4xx_HAL_Driver/Src/stm32f4xx_ll_usb.c ****       }
 2383              		.loc 1 857 9 is_stmt 1 view .LVU830
 857:Drivers/STM32F4xx_HAL_Driver/Src/stm32f4xx_ll_usb.c ****       }
 2384              		.loc 1 857 26 is_stmt 0 view .LVU831
 2385 0218 D3F8002B 		ldr	r2, [r3, #2816]
 857:Drivers/STM32F4xx_HAL_Driver/Src/stm32f4xx_ll_usb.c ****       }
 2386              		.loc 1 857 36 view .LVU832
 2387 021c 42F08052 		orr	r2, r2, #268435456
 2388 0220 C3F8002B 		str	r2, [r3, #2816]
 2389 0224 1BE7     		b	.L155
 2390              	.L164:
 2391 0226 00BF     		.align	2
 2392              	.L163:
 2393 0228 0000F81F 		.word	536346624
 2394              		.cfi_endproc
ARM GAS  /tmp/ccNXSnaU.s 			page 81


 2395              	.LFE230:
 2397              		.section	.text.USB_ReadPacket,"ax",%progbits
 2398              		.align	1
 2399              		.global	USB_ReadPacket
 2400              		.syntax unified
 2401              		.thumb
 2402              		.thumb_func
 2404              	USB_ReadPacket:
 2405              	.LVL169:
 2406              	.LFB233:
1009:Drivers/STM32F4xx_HAL_Driver/Src/stm32f4xx_ll_usb.c ****   uint32_t USBx_BASE = (uint32_t)USBx;
 2407              		.loc 1 1009 1 is_stmt 1 view -0
 2408              		.cfi_startproc
 2409              		@ args = 0, pretend = 0, frame = 0
 2410              		@ frame_needed = 0, uses_anonymous_args = 0
1009:Drivers/STM32F4xx_HAL_Driver/Src/stm32f4xx_ll_usb.c ****   uint32_t USBx_BASE = (uint32_t)USBx;
 2411              		.loc 1 1009 1 is_stmt 0 view .LVU834
 2412 0000 10B5     		push	{r4, lr}
 2413              		.cfi_def_cfa_offset 8
 2414              		.cfi_offset 4, -8
 2415              		.cfi_offset 14, -4
 2416 0002 8446     		mov	ip, r0
 2417 0004 0846     		mov	r0, r1
 2418              	.LVL170:
1010:Drivers/STM32F4xx_HAL_Driver/Src/stm32f4xx_ll_usb.c ****   uint8_t *pDest = dest;
 2419              		.loc 1 1010 3 is_stmt 1 view .LVU835
1011:Drivers/STM32F4xx_HAL_Driver/Src/stm32f4xx_ll_usb.c ****   uint32_t pData;
 2420              		.loc 1 1011 3 view .LVU836
1012:Drivers/STM32F4xx_HAL_Driver/Src/stm32f4xx_ll_usb.c ****   uint32_t i;
 2421              		.loc 1 1012 3 view .LVU837
1013:Drivers/STM32F4xx_HAL_Driver/Src/stm32f4xx_ll_usb.c ****   uint32_t count32b = (uint32_t)len >> 2U;
 2422              		.loc 1 1013 3 view .LVU838
1014:Drivers/STM32F4xx_HAL_Driver/Src/stm32f4xx_ll_usb.c ****   uint16_t remaining_bytes = len % 4U;
 2423              		.loc 1 1014 3 view .LVU839
1014:Drivers/STM32F4xx_HAL_Driver/Src/stm32f4xx_ll_usb.c ****   uint16_t remaining_bytes = len % 4U;
 2424              		.loc 1 1014 37 is_stmt 0 view .LVU840
 2425 0006 4FEA920E 		lsr	lr, r2, #2
 2426              	.LVL171:
1015:Drivers/STM32F4xx_HAL_Driver/Src/stm32f4xx_ll_usb.c **** 
 2427              		.loc 1 1015 3 is_stmt 1 view .LVU841
1015:Drivers/STM32F4xx_HAL_Driver/Src/stm32f4xx_ll_usb.c **** 
 2428              		.loc 1 1015 12 is_stmt 0 view .LVU842
 2429 000a 02F00302 		and	r2, r2, #3
 2430              	.LVL172:
1017:Drivers/STM32F4xx_HAL_Driver/Src/stm32f4xx_ll_usb.c ****   {
 2431              		.loc 1 1017 3 is_stmt 1 view .LVU843
1017:Drivers/STM32F4xx_HAL_Driver/Src/stm32f4xx_ll_usb.c ****   {
 2432              		.loc 1 1017 10 is_stmt 0 view .LVU844
 2433 000e 0023     		movs	r3, #0
1017:Drivers/STM32F4xx_HAL_Driver/Src/stm32f4xx_ll_usb.c ****   {
 2434              		.loc 1 1017 3 view .LVU845
 2435 0010 05E0     		b	.L166
 2436              	.LVL173:
 2437              	.L167:
1019:Drivers/STM32F4xx_HAL_Driver/Src/stm32f4xx_ll_usb.c ****     pDest++;
 2438              		.loc 1 1019 5 is_stmt 1 view .LVU846
 2439 0012 0CF58051 		add	r1, ip, #4096
ARM GAS  /tmp/ccNXSnaU.s 			page 82


 2440 0016 0968     		ldr	r1, [r1]
 2441 0018 40F8041B 		str	r1, [r0], #4	@ unaligned
 2442              	.LVL174:
1020:Drivers/STM32F4xx_HAL_Driver/Src/stm32f4xx_ll_usb.c ****     pDest++;
 2443              		.loc 1 1020 5 view .LVU847
1021:Drivers/STM32F4xx_HAL_Driver/Src/stm32f4xx_ll_usb.c ****     pDest++;
 2444              		.loc 1 1021 5 view .LVU848
1022:Drivers/STM32F4xx_HAL_Driver/Src/stm32f4xx_ll_usb.c ****     pDest++;
 2445              		.loc 1 1022 5 view .LVU849
1023:Drivers/STM32F4xx_HAL_Driver/Src/stm32f4xx_ll_usb.c ****   }
 2446              		.loc 1 1023 5 view .LVU850
1017:Drivers/STM32F4xx_HAL_Driver/Src/stm32f4xx_ll_usb.c ****   {
 2447              		.loc 1 1017 31 discriminator 3 view .LVU851
 2448 001c 0133     		adds	r3, r3, #1
 2449              	.LVL175:
 2450              	.L166:
1017:Drivers/STM32F4xx_HAL_Driver/Src/stm32f4xx_ll_usb.c ****   {
 2451              		.loc 1 1017 18 discriminator 1 view .LVU852
 2452 001e 7345     		cmp	r3, lr
 2453 0020 F7D3     		bcc	.L167
1027:Drivers/STM32F4xx_HAL_Driver/Src/stm32f4xx_ll_usb.c ****   {
 2454              		.loc 1 1027 3 view .LVU853
1027:Drivers/STM32F4xx_HAL_Driver/Src/stm32f4xx_ll_usb.c ****   {
 2455              		.loc 1 1027 6 is_stmt 0 view .LVU854
 2456 0022 7AB1     		cbz	r2, .L168
1029:Drivers/STM32F4xx_HAL_Driver/Src/stm32f4xx_ll_usb.c ****     __UNALIGNED_UINT32_WRITE(&pData, USBx_DFIFO(0U));
 2457              		.loc 1 1029 5 is_stmt 1 view .LVU855
 2458              	.LVL176:
1030:Drivers/STM32F4xx_HAL_Driver/Src/stm32f4xx_ll_usb.c **** 
 2459              		.loc 1 1030 5 view .LVU856
 2460 0024 0CF5805C 		add	ip, ip, #4096
 2461              	.LVL177:
1030:Drivers/STM32F4xx_HAL_Driver/Src/stm32f4xx_ll_usb.c **** 
 2462              		.loc 1 1030 5 is_stmt 0 view .LVU857
 2463 0028 DCF80040 		ldr	r4, [ip]
1029:Drivers/STM32F4xx_HAL_Driver/Src/stm32f4xx_ll_usb.c ****     __UNALIGNED_UINT32_WRITE(&pData, USBx_DFIFO(0U));
 2464              		.loc 1 1029 7 view .LVU858
 2465 002c 0021     		movs	r1, #0
 2466              	.LVL178:
 2467              	.L169:
1032:Drivers/STM32F4xx_HAL_Driver/Src/stm32f4xx_ll_usb.c ****     {
 2468              		.loc 1 1032 5 is_stmt 1 view .LVU859
1034:Drivers/STM32F4xx_HAL_Driver/Src/stm32f4xx_ll_usb.c ****       i++;
 2469              		.loc 1 1034 7 view .LVU860
1034:Drivers/STM32F4xx_HAL_Driver/Src/stm32f4xx_ll_usb.c ****       i++;
 2470              		.loc 1 1034 50 is_stmt 0 view .LVU861
 2471 002e CBB2     		uxtb	r3, r1
 2472 0030 DB00     		lsls	r3, r3, #3
1034:Drivers/STM32F4xx_HAL_Driver/Src/stm32f4xx_ll_usb.c ****       i++;
 2473              		.loc 1 1034 43 view .LVU862
 2474 0032 24FA03F3 		lsr	r3, r4, r3
1034:Drivers/STM32F4xx_HAL_Driver/Src/stm32f4xx_ll_usb.c ****       i++;
 2475              		.loc 1 1034 25 view .LVU863
 2476 0036 00F8013B 		strb	r3, [r0], #1
 2477              	.LVL179:
1035:Drivers/STM32F4xx_HAL_Driver/Src/stm32f4xx_ll_usb.c ****       pDest++;
 2478              		.loc 1 1035 7 is_stmt 1 view .LVU864
ARM GAS  /tmp/ccNXSnaU.s 			page 83


1035:Drivers/STM32F4xx_HAL_Driver/Src/stm32f4xx_ll_usb.c ****       pDest++;
 2479              		.loc 1 1035 8 is_stmt 0 view .LVU865
 2480 003a 0131     		adds	r1, r1, #1
 2481              	.LVL180:
1036:Drivers/STM32F4xx_HAL_Driver/Src/stm32f4xx_ll_usb.c ****       remaining_bytes--;
 2482              		.loc 1 1036 7 is_stmt 1 view .LVU866
1037:Drivers/STM32F4xx_HAL_Driver/Src/stm32f4xx_ll_usb.c ****     } while (remaining_bytes != 0U);
 2483              		.loc 1 1037 7 view .LVU867
1037:Drivers/STM32F4xx_HAL_Driver/Src/stm32f4xx_ll_usb.c ****     } while (remaining_bytes != 0U);
 2484              		.loc 1 1037 22 is_stmt 0 view .LVU868
 2485 003c 013A     		subs	r2, r2, #1
 2486              	.LVL181:
1037:Drivers/STM32F4xx_HAL_Driver/Src/stm32f4xx_ll_usb.c ****     } while (remaining_bytes != 0U);
 2487              		.loc 1 1037 22 view .LVU869
 2488 003e 92B2     		uxth	r2, r2
 2489              	.LVL182:
1038:Drivers/STM32F4xx_HAL_Driver/Src/stm32f4xx_ll_usb.c ****   }
 2490              		.loc 1 1038 30 is_stmt 1 discriminator 1 view .LVU870
 2491 0040 002A     		cmp	r2, #0
 2492 0042 F4D1     		bne	.L169
 2493              	.LVL183:
 2494              	.L168:
1041:Drivers/STM32F4xx_HAL_Driver/Src/stm32f4xx_ll_usb.c **** }
 2495              		.loc 1 1041 3 view .LVU871
1042:Drivers/STM32F4xx_HAL_Driver/Src/stm32f4xx_ll_usb.c **** 
 2496              		.loc 1 1042 1 is_stmt 0 view .LVU872
 2497 0044 10BD     		pop	{r4, pc}
 2498              		.cfi_endproc
 2499              	.LFE233:
 2501              		.section	.text.USB_EPSetStall,"ax",%progbits
 2502              		.align	1
 2503              		.global	USB_EPSetStall
 2504              		.syntax unified
 2505              		.thumb
 2506              		.thumb_func
 2508              	USB_EPSetStall:
 2509              	.LVL184:
 2510              	.LFB234:
1051:Drivers/STM32F4xx_HAL_Driver/Src/stm32f4xx_ll_usb.c ****   uint32_t USBx_BASE = (uint32_t)USBx;
 2511              		.loc 1 1051 1 is_stmt 1 view -0
 2512              		.cfi_startproc
 2513              		@ args = 0, pretend = 0, frame = 0
 2514              		@ frame_needed = 0, uses_anonymous_args = 0
 2515              		@ link register save eliminated.
1052:Drivers/STM32F4xx_HAL_Driver/Src/stm32f4xx_ll_usb.c ****   uint32_t epnum = (uint32_t)ep->num;
 2516              		.loc 1 1052 3 view .LVU874
1053:Drivers/STM32F4xx_HAL_Driver/Src/stm32f4xx_ll_usb.c **** 
 2517              		.loc 1 1053 3 view .LVU875
1053:Drivers/STM32F4xx_HAL_Driver/Src/stm32f4xx_ll_usb.c **** 
 2518              		.loc 1 1053 32 is_stmt 0 view .LVU876
 2519 0000 0B78     		ldrb	r3, [r1]	@ zero_extendqisi2
 2520              	.LVL185:
1055:Drivers/STM32F4xx_HAL_Driver/Src/stm32f4xx_ll_usb.c ****   {
 2521              		.loc 1 1055 3 is_stmt 1 view .LVU877
1055:Drivers/STM32F4xx_HAL_Driver/Src/stm32f4xx_ll_usb.c ****   {
 2522              		.loc 1 1055 9 is_stmt 0 view .LVU878
 2523 0002 4A78     		ldrb	r2, [r1, #1]	@ zero_extendqisi2
ARM GAS  /tmp/ccNXSnaU.s 			page 84


1055:Drivers/STM32F4xx_HAL_Driver/Src/stm32f4xx_ll_usb.c ****   {
 2524              		.loc 1 1055 6 view .LVU879
 2525 0004 012A     		cmp	r2, #1
 2526 0006 14D0     		beq	.L176
1065:Drivers/STM32F4xx_HAL_Driver/Src/stm32f4xx_ll_usb.c ****     {
 2527              		.loc 1 1065 5 is_stmt 1 view .LVU880
1065:Drivers/STM32F4xx_HAL_Driver/Src/stm32f4xx_ll_usb.c ****     {
 2528              		.loc 1 1065 11 is_stmt 0 view .LVU881
 2529 0008 00EB4310 		add	r0, r0, r3, lsl #5
 2530              	.LVL186:
1065:Drivers/STM32F4xx_HAL_Driver/Src/stm32f4xx_ll_usb.c ****     {
 2531              		.loc 1 1065 28 view .LVU882
 2532 000c D0F8002B 		ldr	r2, [r0, #2816]
1065:Drivers/STM32F4xx_HAL_Driver/Src/stm32f4xx_ll_usb.c ****     {
 2533              		.loc 1 1065 8 view .LVU883
 2534 0010 002A     		cmp	r2, #0
 2535 0012 06DB     		blt	.L175
1065:Drivers/STM32F4xx_HAL_Driver/Src/stm32f4xx_ll_usb.c ****     {
 2536              		.loc 1 1065 70 discriminator 1 view .LVU884
 2537 0014 2BB1     		cbz	r3, .L175
1067:Drivers/STM32F4xx_HAL_Driver/Src/stm32f4xx_ll_usb.c ****     }
 2538              		.loc 1 1067 7 is_stmt 1 view .LVU885
1067:Drivers/STM32F4xx_HAL_Driver/Src/stm32f4xx_ll_usb.c ****     }
 2539              		.loc 1 1067 24 is_stmt 0 view .LVU886
 2540 0016 D0F8003B 		ldr	r3, [r0, #2816]
 2541              	.LVL187:
1067:Drivers/STM32F4xx_HAL_Driver/Src/stm32f4xx_ll_usb.c ****     }
 2542              		.loc 1 1067 34 view .LVU887
 2543 001a 23F08043 		bic	r3, r3, #1073741824
 2544 001e C0F8003B 		str	r3, [r0, #2816]
 2545              	.LVL188:
 2546              	.L175:
1069:Drivers/STM32F4xx_HAL_Driver/Src/stm32f4xx_ll_usb.c ****   }
 2547              		.loc 1 1069 5 is_stmt 1 view .LVU888
1069:Drivers/STM32F4xx_HAL_Driver/Src/stm32f4xx_ll_usb.c ****   }
 2548              		.loc 1 1069 22 is_stmt 0 view .LVU889
 2549 0022 D0F8003B 		ldr	r3, [r0, #2816]
1069:Drivers/STM32F4xx_HAL_Driver/Src/stm32f4xx_ll_usb.c ****   }
 2550              		.loc 1 1069 32 view .LVU890
 2551 0026 43F40013 		orr	r3, r3, #2097152
 2552 002a C0F8003B 		str	r3, [r0, #2816]
 2553              	.L174:
1072:Drivers/STM32F4xx_HAL_Driver/Src/stm32f4xx_ll_usb.c **** }
 2554              		.loc 1 1072 3 is_stmt 1 view .LVU891
1073:Drivers/STM32F4xx_HAL_Driver/Src/stm32f4xx_ll_usb.c **** 
 2555              		.loc 1 1073 1 is_stmt 0 view .LVU892
 2556 002e 0020     		movs	r0, #0
 2557 0030 7047     		bx	lr
 2558              	.LVL189:
 2559              	.L176:
1057:Drivers/STM32F4xx_HAL_Driver/Src/stm32f4xx_ll_usb.c ****     {
 2560              		.loc 1 1057 5 is_stmt 1 view .LVU893
1057:Drivers/STM32F4xx_HAL_Driver/Src/stm32f4xx_ll_usb.c ****     {
 2561              		.loc 1 1057 11 is_stmt 0 view .LVU894
 2562 0032 00EB4310 		add	r0, r0, r3, lsl #5
 2563              	.LVL190:
1057:Drivers/STM32F4xx_HAL_Driver/Src/stm32f4xx_ll_usb.c ****     {
ARM GAS  /tmp/ccNXSnaU.s 			page 85


 2564              		.loc 1 1057 27 view .LVU895
 2565 0036 D0F80029 		ldr	r2, [r0, #2304]
1057:Drivers/STM32F4xx_HAL_Driver/Src/stm32f4xx_ll_usb.c ****     {
 2566              		.loc 1 1057 8 view .LVU896
 2567 003a 002A     		cmp	r2, #0
 2568 003c 06DB     		blt	.L173
1057:Drivers/STM32F4xx_HAL_Driver/Src/stm32f4xx_ll_usb.c ****     {
 2569              		.loc 1 1057 69 discriminator 1 view .LVU897
 2570 003e 2BB1     		cbz	r3, .L173
1059:Drivers/STM32F4xx_HAL_Driver/Src/stm32f4xx_ll_usb.c ****     }
 2571              		.loc 1 1059 7 is_stmt 1 view .LVU898
1059:Drivers/STM32F4xx_HAL_Driver/Src/stm32f4xx_ll_usb.c ****     }
 2572              		.loc 1 1059 23 is_stmt 0 view .LVU899
 2573 0040 D0F80039 		ldr	r3, [r0, #2304]
 2574              	.LVL191:
1059:Drivers/STM32F4xx_HAL_Driver/Src/stm32f4xx_ll_usb.c ****     }
 2575              		.loc 1 1059 33 view .LVU900
 2576 0044 23F08043 		bic	r3, r3, #1073741824
 2577 0048 C0F80039 		str	r3, [r0, #2304]
 2578              	.LVL192:
 2579              	.L173:
1061:Drivers/STM32F4xx_HAL_Driver/Src/stm32f4xx_ll_usb.c ****   }
 2580              		.loc 1 1061 5 is_stmt 1 view .LVU901
1061:Drivers/STM32F4xx_HAL_Driver/Src/stm32f4xx_ll_usb.c ****   }
 2581              		.loc 1 1061 21 is_stmt 0 view .LVU902
 2582 004c D0F80039 		ldr	r3, [r0, #2304]
1061:Drivers/STM32F4xx_HAL_Driver/Src/stm32f4xx_ll_usb.c ****   }
 2583              		.loc 1 1061 31 view .LVU903
 2584 0050 43F40013 		orr	r3, r3, #2097152
 2585 0054 C0F80039 		str	r3, [r0, #2304]
 2586 0058 E9E7     		b	.L174
 2587              		.cfi_endproc
 2588              	.LFE234:
 2590              		.section	.text.USB_EPClearStall,"ax",%progbits
 2591              		.align	1
 2592              		.global	USB_EPClearStall
 2593              		.syntax unified
 2594              		.thumb
 2595              		.thumb_func
 2597              	USB_EPClearStall:
 2598              	.LVL193:
 2599              	.LFB235:
1082:Drivers/STM32F4xx_HAL_Driver/Src/stm32f4xx_ll_usb.c ****   uint32_t USBx_BASE = (uint32_t)USBx;
 2600              		.loc 1 1082 1 is_stmt 1 view -0
 2601              		.cfi_startproc
 2602              		@ args = 0, pretend = 0, frame = 0
 2603              		@ frame_needed = 0, uses_anonymous_args = 0
 2604              		@ link register save eliminated.
1083:Drivers/STM32F4xx_HAL_Driver/Src/stm32f4xx_ll_usb.c ****   uint32_t epnum = (uint32_t)ep->num;
 2605              		.loc 1 1083 3 view .LVU905
1084:Drivers/STM32F4xx_HAL_Driver/Src/stm32f4xx_ll_usb.c **** 
 2606              		.loc 1 1084 3 view .LVU906
1084:Drivers/STM32F4xx_HAL_Driver/Src/stm32f4xx_ll_usb.c **** 
 2607              		.loc 1 1084 32 is_stmt 0 view .LVU907
 2608 0000 0B78     		ldrb	r3, [r1]	@ zero_extendqisi2
 2609              	.LVL194:
1086:Drivers/STM32F4xx_HAL_Driver/Src/stm32f4xx_ll_usb.c ****   {
ARM GAS  /tmp/ccNXSnaU.s 			page 86


 2610              		.loc 1 1086 3 is_stmt 1 view .LVU908
1086:Drivers/STM32F4xx_HAL_Driver/Src/stm32f4xx_ll_usb.c ****   {
 2611              		.loc 1 1086 9 is_stmt 0 view .LVU909
 2612 0002 4A78     		ldrb	r2, [r1, #1]	@ zero_extendqisi2
1086:Drivers/STM32F4xx_HAL_Driver/Src/stm32f4xx_ll_usb.c ****   {
 2613              		.loc 1 1086 6 view .LVU910
 2614 0004 012A     		cmp	r2, #1
 2615 0006 0ED0     		beq	.L180
1096:Drivers/STM32F4xx_HAL_Driver/Src/stm32f4xx_ll_usb.c ****     if ((ep->type == EP_TYPE_INTR) || (ep->type == EP_TYPE_BULK))
 2616              		.loc 1 1096 5 is_stmt 1 view .LVU911
1096:Drivers/STM32F4xx_HAL_Driver/Src/stm32f4xx_ll_usb.c ****     if ((ep->type == EP_TYPE_INTR) || (ep->type == EP_TYPE_BULK))
 2617              		.loc 1 1096 22 is_stmt 0 view .LVU912
 2618 0008 00EB4310 		add	r0, r0, r3, lsl #5
 2619              	.LVL195:
1096:Drivers/STM32F4xx_HAL_Driver/Src/stm32f4xx_ll_usb.c ****     if ((ep->type == EP_TYPE_INTR) || (ep->type == EP_TYPE_BULK))
 2620              		.loc 1 1096 22 view .LVU913
 2621 000c D0F8003B 		ldr	r3, [r0, #2816]
 2622              	.LVL196:
1096:Drivers/STM32F4xx_HAL_Driver/Src/stm32f4xx_ll_usb.c ****     if ((ep->type == EP_TYPE_INTR) || (ep->type == EP_TYPE_BULK))
 2623              		.loc 1 1096 32 view .LVU914
 2624 0010 23F40013 		bic	r3, r3, #2097152
 2625 0014 C0F8003B 		str	r3, [r0, #2816]
 2626              	.LVL197:
1097:Drivers/STM32F4xx_HAL_Driver/Src/stm32f4xx_ll_usb.c ****     {
 2627              		.loc 1 1097 5 is_stmt 1 view .LVU915
1097:Drivers/STM32F4xx_HAL_Driver/Src/stm32f4xx_ll_usb.c ****     {
 2628              		.loc 1 1097 12 is_stmt 0 view .LVU916
 2629 0018 CB78     		ldrb	r3, [r1, #3]	@ zero_extendqisi2
1097:Drivers/STM32F4xx_HAL_Driver/Src/stm32f4xx_ll_usb.c ****     {
 2630              		.loc 1 1097 36 view .LVU917
 2631 001a 023B     		subs	r3, r3, #2
 2632 001c DBB2     		uxtb	r3, r3
1097:Drivers/STM32F4xx_HAL_Driver/Src/stm32f4xx_ll_usb.c ****     {
 2633              		.loc 1 1097 8 view .LVU918
 2634 001e 012B     		cmp	r3, #1
 2635 0020 15D9     		bls	.L181
 2636              	.L179:
1102:Drivers/STM32F4xx_HAL_Driver/Src/stm32f4xx_ll_usb.c **** }
 2637              		.loc 1 1102 3 is_stmt 1 view .LVU919
1103:Drivers/STM32F4xx_HAL_Driver/Src/stm32f4xx_ll_usb.c **** 
 2638              		.loc 1 1103 1 is_stmt 0 view .LVU920
 2639 0022 0020     		movs	r0, #0
 2640 0024 7047     		bx	lr
 2641              	.LVL198:
 2642              	.L180:
1088:Drivers/STM32F4xx_HAL_Driver/Src/stm32f4xx_ll_usb.c ****     if ((ep->type == EP_TYPE_INTR) || (ep->type == EP_TYPE_BULK))
 2643              		.loc 1 1088 5 is_stmt 1 view .LVU921
1088:Drivers/STM32F4xx_HAL_Driver/Src/stm32f4xx_ll_usb.c ****     if ((ep->type == EP_TYPE_INTR) || (ep->type == EP_TYPE_BULK))
 2644              		.loc 1 1088 21 is_stmt 0 view .LVU922
 2645 0026 00EB4310 		add	r0, r0, r3, lsl #5
 2646              	.LVL199:
1088:Drivers/STM32F4xx_HAL_Driver/Src/stm32f4xx_ll_usb.c ****     if ((ep->type == EP_TYPE_INTR) || (ep->type == EP_TYPE_BULK))
 2647              		.loc 1 1088 21 view .LVU923
 2648 002a D0F80039 		ldr	r3, [r0, #2304]
 2649              	.LVL200:
1088:Drivers/STM32F4xx_HAL_Driver/Src/stm32f4xx_ll_usb.c ****     if ((ep->type == EP_TYPE_INTR) || (ep->type == EP_TYPE_BULK))
 2650              		.loc 1 1088 31 view .LVU924
ARM GAS  /tmp/ccNXSnaU.s 			page 87


 2651 002e 23F40013 		bic	r3, r3, #2097152
 2652 0032 C0F80039 		str	r3, [r0, #2304]
 2653              	.LVL201:
1089:Drivers/STM32F4xx_HAL_Driver/Src/stm32f4xx_ll_usb.c ****     {
 2654              		.loc 1 1089 5 is_stmt 1 view .LVU925
1089:Drivers/STM32F4xx_HAL_Driver/Src/stm32f4xx_ll_usb.c ****     {
 2655              		.loc 1 1089 12 is_stmt 0 view .LVU926
 2656 0036 CB78     		ldrb	r3, [r1, #3]	@ zero_extendqisi2
1089:Drivers/STM32F4xx_HAL_Driver/Src/stm32f4xx_ll_usb.c ****     {
 2657              		.loc 1 1089 36 view .LVU927
 2658 0038 023B     		subs	r3, r3, #2
 2659 003a DBB2     		uxtb	r3, r3
1089:Drivers/STM32F4xx_HAL_Driver/Src/stm32f4xx_ll_usb.c ****     {
 2660              		.loc 1 1089 8 view .LVU928
 2661 003c 012B     		cmp	r3, #1
 2662 003e F0D8     		bhi	.L179
1091:Drivers/STM32F4xx_HAL_Driver/Src/stm32f4xx_ll_usb.c ****     }
 2663              		.loc 1 1091 7 is_stmt 1 view .LVU929
1091:Drivers/STM32F4xx_HAL_Driver/Src/stm32f4xx_ll_usb.c ****     }
 2664              		.loc 1 1091 23 is_stmt 0 view .LVU930
 2665 0040 D0F80039 		ldr	r3, [r0, #2304]
1091:Drivers/STM32F4xx_HAL_Driver/Src/stm32f4xx_ll_usb.c ****     }
 2666              		.loc 1 1091 33 view .LVU931
 2667 0044 43F08053 		orr	r3, r3, #268435456
 2668 0048 C0F80039 		str	r3, [r0, #2304]
 2669 004c E9E7     		b	.L179
 2670              	.L181:
1099:Drivers/STM32F4xx_HAL_Driver/Src/stm32f4xx_ll_usb.c ****     }
 2671              		.loc 1 1099 7 is_stmt 1 view .LVU932
1099:Drivers/STM32F4xx_HAL_Driver/Src/stm32f4xx_ll_usb.c ****     }
 2672              		.loc 1 1099 24 is_stmt 0 view .LVU933
 2673 004e D0F8003B 		ldr	r3, [r0, #2816]
1099:Drivers/STM32F4xx_HAL_Driver/Src/stm32f4xx_ll_usb.c ****     }
 2674              		.loc 1 1099 34 view .LVU934
 2675 0052 43F08053 		orr	r3, r3, #268435456
 2676 0056 C0F8003B 		str	r3, [r0, #2816]
 2677 005a E2E7     		b	.L179
 2678              		.cfi_endproc
 2679              	.LFE235:
 2681              		.section	.text.USB_StopDevice,"ax",%progbits
 2682              		.align	1
 2683              		.global	USB_StopDevice
 2684              		.syntax unified
 2685              		.thumb
 2686              		.thumb_func
 2688              	USB_StopDevice:
 2689              	.LVL202:
 2690              	.LFB236:
1111:Drivers/STM32F4xx_HAL_Driver/Src/stm32f4xx_ll_usb.c ****   HAL_StatusTypeDef ret;
 2691              		.loc 1 1111 1 is_stmt 1 view -0
 2692              		.cfi_startproc
 2693              		@ args = 0, pretend = 0, frame = 0
 2694              		@ frame_needed = 0, uses_anonymous_args = 0
1111:Drivers/STM32F4xx_HAL_Driver/Src/stm32f4xx_ll_usb.c ****   HAL_StatusTypeDef ret;
 2695              		.loc 1 1111 1 is_stmt 0 view .LVU936
 2696 0000 10B5     		push	{r4, lr}
 2697              		.cfi_def_cfa_offset 8
ARM GAS  /tmp/ccNXSnaU.s 			page 88


 2698              		.cfi_offset 4, -8
 2699              		.cfi_offset 14, -4
 2700 0002 0446     		mov	r4, r0
1112:Drivers/STM32F4xx_HAL_Driver/Src/stm32f4xx_ll_usb.c ****   uint32_t USBx_BASE = (uint32_t)USBx;
 2701              		.loc 1 1112 3 is_stmt 1 view .LVU937
1113:Drivers/STM32F4xx_HAL_Driver/Src/stm32f4xx_ll_usb.c ****   uint32_t i;
 2702              		.loc 1 1113 3 view .LVU938
 2703              	.LVL203:
1114:Drivers/STM32F4xx_HAL_Driver/Src/stm32f4xx_ll_usb.c **** 
 2704              		.loc 1 1114 3 view .LVU939
1117:Drivers/STM32F4xx_HAL_Driver/Src/stm32f4xx_ll_usb.c ****   {
 2705              		.loc 1 1117 3 view .LVU940
1117:Drivers/STM32F4xx_HAL_Driver/Src/stm32f4xx_ll_usb.c ****   {
 2706              		.loc 1 1117 10 is_stmt 0 view .LVU941
 2707 0004 0022     		movs	r2, #0
1117:Drivers/STM32F4xx_HAL_Driver/Src/stm32f4xx_ll_usb.c ****   {
 2708              		.loc 1 1117 3 view .LVU942
 2709 0006 08E0     		b	.L183
 2710              	.LVL204:
 2711              	.L184:
1119:Drivers/STM32F4xx_HAL_Driver/Src/stm32f4xx_ll_usb.c ****     USBx_OUTEP(i)->DOEPINT = 0xFB7FU;
 2712              		.loc 1 1119 5 is_stmt 1 view .LVU943
 2713 0008 04EB4213 		add	r3, r4, r2, lsl #5
1119:Drivers/STM32F4xx_HAL_Driver/Src/stm32f4xx_ll_usb.c ****     USBx_OUTEP(i)->DOEPINT = 0xFB7FU;
 2714              		.loc 1 1119 27 is_stmt 0 view .LVU944
 2715 000c 4FF67F31 		movw	r1, #64383
 2716 0010 C3F80819 		str	r1, [r3, #2312]
1120:Drivers/STM32F4xx_HAL_Driver/Src/stm32f4xx_ll_usb.c ****   }
 2717              		.loc 1 1120 5 is_stmt 1 view .LVU945
1120:Drivers/STM32F4xx_HAL_Driver/Src/stm32f4xx_ll_usb.c ****   }
 2718              		.loc 1 1120 28 is_stmt 0 view .LVU946
 2719 0014 C3F8081B 		str	r1, [r3, #2824]
1117:Drivers/STM32F4xx_HAL_Driver/Src/stm32f4xx_ll_usb.c ****   {
 2720              		.loc 1 1117 26 is_stmt 1 discriminator 3 view .LVU947
 2721 0018 0132     		adds	r2, r2, #1
 2722              	.LVL205:
 2723              	.L183:
1117:Drivers/STM32F4xx_HAL_Driver/Src/stm32f4xx_ll_usb.c ****   {
 2724              		.loc 1 1117 18 discriminator 1 view .LVU948
 2725 001a 0E2A     		cmp	r2, #14
 2726 001c F4D9     		bls	.L184
1124:Drivers/STM32F4xx_HAL_Driver/Src/stm32f4xx_ll_usb.c ****   USBx_DEVICE->DOEPMSK  = 0U;
 2727              		.loc 1 1124 3 view .LVU949
1124:Drivers/STM32F4xx_HAL_Driver/Src/stm32f4xx_ll_usb.c ****   USBx_DEVICE->DOEPMSK  = 0U;
 2728              		.loc 1 1124 25 is_stmt 0 view .LVU950
 2729 001e 0022     		movs	r2, #0
 2730              	.LVL206:
1124:Drivers/STM32F4xx_HAL_Driver/Src/stm32f4xx_ll_usb.c ****   USBx_DEVICE->DOEPMSK  = 0U;
 2731              		.loc 1 1124 25 view .LVU951
 2732 0020 C4F81028 		str	r2, [r4, #2064]
1125:Drivers/STM32F4xx_HAL_Driver/Src/stm32f4xx_ll_usb.c ****   USBx_DEVICE->DAINTMSK = 0U;
 2733              		.loc 1 1125 3 is_stmt 1 view .LVU952
1125:Drivers/STM32F4xx_HAL_Driver/Src/stm32f4xx_ll_usb.c ****   USBx_DEVICE->DAINTMSK = 0U;
 2734              		.loc 1 1125 25 is_stmt 0 view .LVU953
 2735 0024 C4F81428 		str	r2, [r4, #2068]
1126:Drivers/STM32F4xx_HAL_Driver/Src/stm32f4xx_ll_usb.c **** 
 2736              		.loc 1 1126 3 is_stmt 1 view .LVU954
ARM GAS  /tmp/ccNXSnaU.s 			page 89


1126:Drivers/STM32F4xx_HAL_Driver/Src/stm32f4xx_ll_usb.c **** 
 2737              		.loc 1 1126 25 is_stmt 0 view .LVU955
 2738 0028 C4F81C28 		str	r2, [r4, #2076]
1129:Drivers/STM32F4xx_HAL_Driver/Src/stm32f4xx_ll_usb.c ****   if (ret != HAL_OK)
 2739              		.loc 1 1129 3 is_stmt 1 view .LVU956
1129:Drivers/STM32F4xx_HAL_Driver/Src/stm32f4xx_ll_usb.c ****   if (ret != HAL_OK)
 2740              		.loc 1 1129 9 is_stmt 0 view .LVU957
 2741 002c 2046     		mov	r0, r4
 2742              	.LVL207:
1129:Drivers/STM32F4xx_HAL_Driver/Src/stm32f4xx_ll_usb.c ****   if (ret != HAL_OK)
 2743              		.loc 1 1129 9 view .LVU958
 2744 002e FFF7FEFF 		bl	USB_FlushRxFifo
 2745              	.LVL208:
1130:Drivers/STM32F4xx_HAL_Driver/Src/stm32f4xx_ll_usb.c ****   {
 2746              		.loc 1 1130 3 is_stmt 1 view .LVU959
1130:Drivers/STM32F4xx_HAL_Driver/Src/stm32f4xx_ll_usb.c ****   {
 2747              		.loc 1 1130 6 is_stmt 0 view .LVU960
 2748 0032 00B1     		cbz	r0, .L187
 2749              	.L185:
1142:Drivers/STM32F4xx_HAL_Driver/Src/stm32f4xx_ll_usb.c **** 
 2750              		.loc 1 1142 1 view .LVU961
 2751 0034 10BD     		pop	{r4, pc}
 2752              	.LVL209:
 2753              	.L187:
1135:Drivers/STM32F4xx_HAL_Driver/Src/stm32f4xx_ll_usb.c ****   if (ret != HAL_OK)
 2754              		.loc 1 1135 3 is_stmt 1 view .LVU962
1135:Drivers/STM32F4xx_HAL_Driver/Src/stm32f4xx_ll_usb.c ****   if (ret != HAL_OK)
 2755              		.loc 1 1135 9 is_stmt 0 view .LVU963
 2756 0036 1021     		movs	r1, #16
 2757 0038 2046     		mov	r0, r4
 2758              	.LVL210:
1135:Drivers/STM32F4xx_HAL_Driver/Src/stm32f4xx_ll_usb.c ****   if (ret != HAL_OK)
 2759              		.loc 1 1135 9 view .LVU964
 2760 003a FFF7FEFF 		bl	USB_FlushTxFifo
 2761              	.LVL211:
1136:Drivers/STM32F4xx_HAL_Driver/Src/stm32f4xx_ll_usb.c ****   {
 2762              		.loc 1 1136 3 is_stmt 1 view .LVU965
1138:Drivers/STM32F4xx_HAL_Driver/Src/stm32f4xx_ll_usb.c ****   }
 2763              		.loc 1 1138 5 view .LVU966
 2764 003e F9E7     		b	.L185
 2765              		.cfi_endproc
 2766              	.LFE236:
 2768              		.section	.text.USB_SetDevAddress,"ax",%progbits
 2769              		.align	1
 2770              		.global	USB_SetDevAddress
 2771              		.syntax unified
 2772              		.thumb
 2773              		.thumb_func
 2775              	USB_SetDevAddress:
 2776              	.LVL212:
 2777              	.LFB237:
1152:Drivers/STM32F4xx_HAL_Driver/Src/stm32f4xx_ll_usb.c ****   uint32_t USBx_BASE = (uint32_t)USBx;
 2778              		.loc 1 1152 1 view -0
 2779              		.cfi_startproc
 2780              		@ args = 0, pretend = 0, frame = 0
 2781              		@ frame_needed = 0, uses_anonymous_args = 0
 2782              		@ link register save eliminated.
ARM GAS  /tmp/ccNXSnaU.s 			page 90


1153:Drivers/STM32F4xx_HAL_Driver/Src/stm32f4xx_ll_usb.c **** 
 2783              		.loc 1 1153 3 view .LVU968
1155:Drivers/STM32F4xx_HAL_Driver/Src/stm32f4xx_ll_usb.c ****   USBx_DEVICE->DCFG |= ((uint32_t)address << 4) & USB_OTG_DCFG_DAD;
 2784              		.loc 1 1155 3 view .LVU969
1155:Drivers/STM32F4xx_HAL_Driver/Src/stm32f4xx_ll_usb.c ****   USBx_DEVICE->DCFG |= ((uint32_t)address << 4) & USB_OTG_DCFG_DAD;
 2785              		.loc 1 1155 14 is_stmt 0 view .LVU970
 2786 0000 D0F80038 		ldr	r3, [r0, #2048]
1155:Drivers/STM32F4xx_HAL_Driver/Src/stm32f4xx_ll_usb.c ****   USBx_DEVICE->DCFG |= ((uint32_t)address << 4) & USB_OTG_DCFG_DAD;
 2787              		.loc 1 1155 21 view .LVU971
 2788 0004 23F4FE63 		bic	r3, r3, #2032
 2789 0008 C0F80038 		str	r3, [r0, #2048]
1156:Drivers/STM32F4xx_HAL_Driver/Src/stm32f4xx_ll_usb.c **** 
 2790              		.loc 1 1156 3 is_stmt 1 view .LVU972
1156:Drivers/STM32F4xx_HAL_Driver/Src/stm32f4xx_ll_usb.c **** 
 2791              		.loc 1 1156 14 is_stmt 0 view .LVU973
 2792 000c D0F80038 		ldr	r3, [r0, #2048]
1156:Drivers/STM32F4xx_HAL_Driver/Src/stm32f4xx_ll_usb.c **** 
 2793              		.loc 1 1156 43 view .LVU974
 2794 0010 0901     		lsls	r1, r1, #4
 2795              	.LVL213:
1156:Drivers/STM32F4xx_HAL_Driver/Src/stm32f4xx_ll_usb.c **** 
 2796              		.loc 1 1156 49 view .LVU975
 2797 0012 01F4FE61 		and	r1, r1, #2032
1156:Drivers/STM32F4xx_HAL_Driver/Src/stm32f4xx_ll_usb.c **** 
 2798              		.loc 1 1156 21 view .LVU976
 2799 0016 0B43     		orrs	r3, r3, r1
 2800 0018 C0F80038 		str	r3, [r0, #2048]
1158:Drivers/STM32F4xx_HAL_Driver/Src/stm32f4xx_ll_usb.c **** }
 2801              		.loc 1 1158 3 is_stmt 1 view .LVU977
1159:Drivers/STM32F4xx_HAL_Driver/Src/stm32f4xx_ll_usb.c **** 
 2802              		.loc 1 1159 1 is_stmt 0 view .LVU978
 2803 001c 0020     		movs	r0, #0
 2804              	.LVL214:
1159:Drivers/STM32F4xx_HAL_Driver/Src/stm32f4xx_ll_usb.c **** 
 2805              		.loc 1 1159 1 view .LVU979
 2806 001e 7047     		bx	lr
 2807              		.cfi_endproc
 2808              	.LFE237:
 2810              		.section	.text.USB_DevConnect,"ax",%progbits
 2811              		.align	1
 2812              		.global	USB_DevConnect
 2813              		.syntax unified
 2814              		.thumb
 2815              		.thumb_func
 2817              	USB_DevConnect:
 2818              	.LVL215:
 2819              	.LFB238:
1167:Drivers/STM32F4xx_HAL_Driver/Src/stm32f4xx_ll_usb.c ****   uint32_t USBx_BASE = (uint32_t)USBx;
 2820              		.loc 1 1167 1 is_stmt 1 view -0
 2821              		.cfi_startproc
 2822              		@ args = 0, pretend = 0, frame = 0
 2823              		@ frame_needed = 0, uses_anonymous_args = 0
 2824              		@ link register save eliminated.
1168:Drivers/STM32F4xx_HAL_Driver/Src/stm32f4xx_ll_usb.c **** 
 2825              		.loc 1 1168 3 view .LVU981
1171:Drivers/STM32F4xx_HAL_Driver/Src/stm32f4xx_ll_usb.c **** 
 2826              		.loc 1 1171 3 view .LVU982
ARM GAS  /tmp/ccNXSnaU.s 			page 91


 2827 0000 D0F8003E 		ldr	r3, [r0, #3584]
1171:Drivers/STM32F4xx_HAL_Driver/Src/stm32f4xx_ll_usb.c **** 
 2828              		.loc 1 1171 16 is_stmt 0 view .LVU983
 2829 0004 23F00303 		bic	r3, r3, #3
 2830 0008 C0F8003E 		str	r3, [r0, #3584]
1173:Drivers/STM32F4xx_HAL_Driver/Src/stm32f4xx_ll_usb.c **** 
 2831              		.loc 1 1173 3 is_stmt 1 view .LVU984
1173:Drivers/STM32F4xx_HAL_Driver/Src/stm32f4xx_ll_usb.c **** 
 2832              		.loc 1 1173 14 is_stmt 0 view .LVU985
 2833 000c D0F80438 		ldr	r3, [r0, #2052]
1173:Drivers/STM32F4xx_HAL_Driver/Src/stm32f4xx_ll_usb.c **** 
 2834              		.loc 1 1173 21 view .LVU986
 2835 0010 23F00203 		bic	r3, r3, #2
 2836 0014 C0F80438 		str	r3, [r0, #2052]
1175:Drivers/STM32F4xx_HAL_Driver/Src/stm32f4xx_ll_usb.c **** }
 2837              		.loc 1 1175 3 is_stmt 1 view .LVU987
1176:Drivers/STM32F4xx_HAL_Driver/Src/stm32f4xx_ll_usb.c **** 
 2838              		.loc 1 1176 1 is_stmt 0 view .LVU988
 2839 0018 0020     		movs	r0, #0
 2840              	.LVL216:
1176:Drivers/STM32F4xx_HAL_Driver/Src/stm32f4xx_ll_usb.c **** 
 2841              		.loc 1 1176 1 view .LVU989
 2842 001a 7047     		bx	lr
 2843              		.cfi_endproc
 2844              	.LFE238:
 2846              		.section	.text.USB_DevDisconnect,"ax",%progbits
 2847              		.align	1
 2848              		.global	USB_DevDisconnect
 2849              		.syntax unified
 2850              		.thumb
 2851              		.thumb_func
 2853              	USB_DevDisconnect:
 2854              	.LVL217:
 2855              	.LFB239:
1184:Drivers/STM32F4xx_HAL_Driver/Src/stm32f4xx_ll_usb.c ****   uint32_t USBx_BASE = (uint32_t)USBx;
 2856              		.loc 1 1184 1 is_stmt 1 view -0
 2857              		.cfi_startproc
 2858              		@ args = 0, pretend = 0, frame = 0
 2859              		@ frame_needed = 0, uses_anonymous_args = 0
 2860              		@ link register save eliminated.
1185:Drivers/STM32F4xx_HAL_Driver/Src/stm32f4xx_ll_usb.c **** 
 2861              		.loc 1 1185 3 view .LVU991
1188:Drivers/STM32F4xx_HAL_Driver/Src/stm32f4xx_ll_usb.c **** 
 2862              		.loc 1 1188 3 view .LVU992
 2863 0000 D0F8003E 		ldr	r3, [r0, #3584]
1188:Drivers/STM32F4xx_HAL_Driver/Src/stm32f4xx_ll_usb.c **** 
 2864              		.loc 1 1188 16 is_stmt 0 view .LVU993
 2865 0004 23F00303 		bic	r3, r3, #3
 2866 0008 C0F8003E 		str	r3, [r0, #3584]
1190:Drivers/STM32F4xx_HAL_Driver/Src/stm32f4xx_ll_usb.c **** 
 2867              		.loc 1 1190 3 is_stmt 1 view .LVU994
1190:Drivers/STM32F4xx_HAL_Driver/Src/stm32f4xx_ll_usb.c **** 
 2868              		.loc 1 1190 14 is_stmt 0 view .LVU995
 2869 000c D0F80438 		ldr	r3, [r0, #2052]
1190:Drivers/STM32F4xx_HAL_Driver/Src/stm32f4xx_ll_usb.c **** 
 2870              		.loc 1 1190 21 view .LVU996
 2871 0010 43F00203 		orr	r3, r3, #2
ARM GAS  /tmp/ccNXSnaU.s 			page 92


 2872 0014 C0F80438 		str	r3, [r0, #2052]
1192:Drivers/STM32F4xx_HAL_Driver/Src/stm32f4xx_ll_usb.c **** }
 2873              		.loc 1 1192 3 is_stmt 1 view .LVU997
1193:Drivers/STM32F4xx_HAL_Driver/Src/stm32f4xx_ll_usb.c **** 
 2874              		.loc 1 1193 1 is_stmt 0 view .LVU998
 2875 0018 0020     		movs	r0, #0
 2876              	.LVL218:
1193:Drivers/STM32F4xx_HAL_Driver/Src/stm32f4xx_ll_usb.c **** 
 2877              		.loc 1 1193 1 view .LVU999
 2878 001a 7047     		bx	lr
 2879              		.cfi_endproc
 2880              	.LFE239:
 2882              		.section	.text.USB_ReadInterrupts,"ax",%progbits
 2883              		.align	1
 2884              		.global	USB_ReadInterrupts
 2885              		.syntax unified
 2886              		.thumb
 2887              		.thumb_func
 2889              	USB_ReadInterrupts:
 2890              	.LVL219:
 2891              	.LFB240:
1201:Drivers/STM32F4xx_HAL_Driver/Src/stm32f4xx_ll_usb.c ****   uint32_t tmpreg;
 2892              		.loc 1 1201 1 is_stmt 1 view -0
 2893              		.cfi_startproc
 2894              		@ args = 0, pretend = 0, frame = 0
 2895              		@ frame_needed = 0, uses_anonymous_args = 0
 2896              		@ link register save eliminated.
1202:Drivers/STM32F4xx_HAL_Driver/Src/stm32f4xx_ll_usb.c **** 
 2897              		.loc 1 1202 3 view .LVU1001
1204:Drivers/STM32F4xx_HAL_Driver/Src/stm32f4xx_ll_usb.c ****   tmpreg &= USBx->GINTMSK;
 2898              		.loc 1 1204 3 view .LVU1002
1204:Drivers/STM32F4xx_HAL_Driver/Src/stm32f4xx_ll_usb.c ****   tmpreg &= USBx->GINTMSK;
 2899              		.loc 1 1204 10 is_stmt 0 view .LVU1003
 2900 0000 4269     		ldr	r2, [r0, #20]
 2901              	.LVL220:
1205:Drivers/STM32F4xx_HAL_Driver/Src/stm32f4xx_ll_usb.c **** 
 2902              		.loc 1 1205 3 is_stmt 1 view .LVU1004
1205:Drivers/STM32F4xx_HAL_Driver/Src/stm32f4xx_ll_usb.c **** 
 2903              		.loc 1 1205 17 is_stmt 0 view .LVU1005
 2904 0002 8069     		ldr	r0, [r0, #24]
 2905              	.LVL221:
1207:Drivers/STM32F4xx_HAL_Driver/Src/stm32f4xx_ll_usb.c **** }
 2906              		.loc 1 1207 3 is_stmt 1 view .LVU1006
1208:Drivers/STM32F4xx_HAL_Driver/Src/stm32f4xx_ll_usb.c **** 
 2907              		.loc 1 1208 1 is_stmt 0 view .LVU1007
 2908 0004 1040     		ands	r0, r0, r2
 2909              	.LVL222:
1208:Drivers/STM32F4xx_HAL_Driver/Src/stm32f4xx_ll_usb.c **** 
 2910              		.loc 1 1208 1 view .LVU1008
 2911 0006 7047     		bx	lr
 2912              		.cfi_endproc
 2913              	.LFE240:
 2915              		.section	.text.USB_ReadDevAllOutEpInterrupt,"ax",%progbits
 2916              		.align	1
 2917              		.global	USB_ReadDevAllOutEpInterrupt
 2918              		.syntax unified
 2919              		.thumb
ARM GAS  /tmp/ccNXSnaU.s 			page 93


 2920              		.thumb_func
 2922              	USB_ReadDevAllOutEpInterrupt:
 2923              	.LVL223:
 2924              	.LFB241:
1216:Drivers/STM32F4xx_HAL_Driver/Src/stm32f4xx_ll_usb.c ****   uint32_t USBx_BASE = (uint32_t)USBx;
 2925              		.loc 1 1216 1 is_stmt 1 view -0
 2926              		.cfi_startproc
 2927              		@ args = 0, pretend = 0, frame = 0
 2928              		@ frame_needed = 0, uses_anonymous_args = 0
 2929              		@ link register save eliminated.
1217:Drivers/STM32F4xx_HAL_Driver/Src/stm32f4xx_ll_usb.c ****   uint32_t tmpreg;
 2930              		.loc 1 1217 3 view .LVU1010
1218:Drivers/STM32F4xx_HAL_Driver/Src/stm32f4xx_ll_usb.c **** 
 2931              		.loc 1 1218 3 view .LVU1011
1220:Drivers/STM32F4xx_HAL_Driver/Src/stm32f4xx_ll_usb.c ****   tmpreg &= USBx_DEVICE->DAINTMSK;
 2932              		.loc 1 1220 3 view .LVU1012
1220:Drivers/STM32F4xx_HAL_Driver/Src/stm32f4xx_ll_usb.c ****   tmpreg &= USBx_DEVICE->DAINTMSK;
 2933              		.loc 1 1220 11 is_stmt 0 view .LVU1013
 2934 0000 D0F81838 		ldr	r3, [r0, #2072]
1220:Drivers/STM32F4xx_HAL_Driver/Src/stm32f4xx_ll_usb.c ****   tmpreg &= USBx_DEVICE->DAINTMSK;
 2935              		.loc 1 1220 13 view .LVU1014
 2936 0004 00F50060 		add	r0, r0, #2048
 2937              	.LVL224:
1221:Drivers/STM32F4xx_HAL_Driver/Src/stm32f4xx_ll_usb.c **** 
 2938              		.loc 1 1221 3 is_stmt 1 view .LVU1015
1221:Drivers/STM32F4xx_HAL_Driver/Src/stm32f4xx_ll_usb.c **** 
 2939              		.loc 1 1221 24 is_stmt 0 view .LVU1016
 2940 0008 C069     		ldr	r0, [r0, #28]
 2941              	.LVL225:
1221:Drivers/STM32F4xx_HAL_Driver/Src/stm32f4xx_ll_usb.c **** 
 2942              		.loc 1 1221 10 view .LVU1017
 2943 000a 1840     		ands	r0, r0, r3
 2944              	.LVL226:
1223:Drivers/STM32F4xx_HAL_Driver/Src/stm32f4xx_ll_usb.c **** }
 2945              		.loc 1 1223 3 is_stmt 1 view .LVU1018
1224:Drivers/STM32F4xx_HAL_Driver/Src/stm32f4xx_ll_usb.c **** 
 2946              		.loc 1 1224 1 is_stmt 0 view .LVU1019
 2947 000c 000C     		lsrs	r0, r0, #16
 2948              	.LVL227:
1224:Drivers/STM32F4xx_HAL_Driver/Src/stm32f4xx_ll_usb.c **** 
 2949              		.loc 1 1224 1 view .LVU1020
 2950 000e 7047     		bx	lr
 2951              		.cfi_endproc
 2952              	.LFE241:
 2954              		.section	.text.USB_ReadDevAllInEpInterrupt,"ax",%progbits
 2955              		.align	1
 2956              		.global	USB_ReadDevAllInEpInterrupt
 2957              		.syntax unified
 2958              		.thumb
 2959              		.thumb_func
 2961              	USB_ReadDevAllInEpInterrupt:
 2962              	.LVL228:
 2963              	.LFB242:
1232:Drivers/STM32F4xx_HAL_Driver/Src/stm32f4xx_ll_usb.c ****   uint32_t USBx_BASE = (uint32_t)USBx;
 2964              		.loc 1 1232 1 is_stmt 1 view -0
 2965              		.cfi_startproc
 2966              		@ args = 0, pretend = 0, frame = 0
ARM GAS  /tmp/ccNXSnaU.s 			page 94


 2967              		@ frame_needed = 0, uses_anonymous_args = 0
 2968              		@ link register save eliminated.
1233:Drivers/STM32F4xx_HAL_Driver/Src/stm32f4xx_ll_usb.c ****   uint32_t tmpreg;
 2969              		.loc 1 1233 3 view .LVU1022
1234:Drivers/STM32F4xx_HAL_Driver/Src/stm32f4xx_ll_usb.c **** 
 2970              		.loc 1 1234 3 view .LVU1023
1236:Drivers/STM32F4xx_HAL_Driver/Src/stm32f4xx_ll_usb.c ****   tmpreg &= USBx_DEVICE->DAINTMSK;
 2971              		.loc 1 1236 3 view .LVU1024
1236:Drivers/STM32F4xx_HAL_Driver/Src/stm32f4xx_ll_usb.c ****   tmpreg &= USBx_DEVICE->DAINTMSK;
 2972              		.loc 1 1236 11 is_stmt 0 view .LVU1025
 2973 0000 D0F81838 		ldr	r3, [r0, #2072]
1236:Drivers/STM32F4xx_HAL_Driver/Src/stm32f4xx_ll_usb.c ****   tmpreg &= USBx_DEVICE->DAINTMSK;
 2974              		.loc 1 1236 13 view .LVU1026
 2975 0004 00F50060 		add	r0, r0, #2048
 2976              	.LVL229:
1237:Drivers/STM32F4xx_HAL_Driver/Src/stm32f4xx_ll_usb.c **** 
 2977              		.loc 1 1237 3 is_stmt 1 view .LVU1027
1237:Drivers/STM32F4xx_HAL_Driver/Src/stm32f4xx_ll_usb.c **** 
 2978              		.loc 1 1237 24 is_stmt 0 view .LVU1028
 2979 0008 C069     		ldr	r0, [r0, #28]
 2980              	.LVL230:
1237:Drivers/STM32F4xx_HAL_Driver/Src/stm32f4xx_ll_usb.c **** 
 2981              		.loc 1 1237 10 view .LVU1029
 2982 000a 1840     		ands	r0, r0, r3
 2983              	.LVL231:
1239:Drivers/STM32F4xx_HAL_Driver/Src/stm32f4xx_ll_usb.c **** }
 2984              		.loc 1 1239 3 is_stmt 1 view .LVU1030
1240:Drivers/STM32F4xx_HAL_Driver/Src/stm32f4xx_ll_usb.c **** 
 2985              		.loc 1 1240 1 is_stmt 0 view .LVU1031
 2986 000c 80B2     		uxth	r0, r0
 2987              	.LVL232:
1240:Drivers/STM32F4xx_HAL_Driver/Src/stm32f4xx_ll_usb.c **** 
 2988              		.loc 1 1240 1 view .LVU1032
 2989 000e 7047     		bx	lr
 2990              		.cfi_endproc
 2991              	.LFE242:
 2993              		.section	.text.USB_ReadDevOutEPInterrupt,"ax",%progbits
 2994              		.align	1
 2995              		.global	USB_ReadDevOutEPInterrupt
 2996              		.syntax unified
 2997              		.thumb
 2998              		.thumb_func
 3000              	USB_ReadDevOutEPInterrupt:
 3001              	.LVL233:
 3002              	.LFB243:
1250:Drivers/STM32F4xx_HAL_Driver/Src/stm32f4xx_ll_usb.c ****   uint32_t USBx_BASE = (uint32_t)USBx;
 3003              		.loc 1 1250 1 is_stmt 1 view -0
 3004              		.cfi_startproc
 3005              		@ args = 0, pretend = 0, frame = 0
 3006              		@ frame_needed = 0, uses_anonymous_args = 0
 3007              		@ link register save eliminated.
1251:Drivers/STM32F4xx_HAL_Driver/Src/stm32f4xx_ll_usb.c ****   uint32_t tmpreg;
 3008              		.loc 1 1251 3 view .LVU1034
1252:Drivers/STM32F4xx_HAL_Driver/Src/stm32f4xx_ll_usb.c **** 
 3009              		.loc 1 1252 3 view .LVU1035
1254:Drivers/STM32F4xx_HAL_Driver/Src/stm32f4xx_ll_usb.c ****   tmpreg &= USBx_DEVICE->DOEPMSK;
 3010              		.loc 1 1254 3 view .LVU1036
ARM GAS  /tmp/ccNXSnaU.s 			page 95


1254:Drivers/STM32F4xx_HAL_Driver/Src/stm32f4xx_ll_usb.c ****   tmpreg &= USBx_DEVICE->DOEPMSK;
 3011              		.loc 1 1254 13 is_stmt 0 view .LVU1037
 3012 0000 00EB4111 		add	r1, r0, r1, lsl #5
 3013              	.LVL234:
1254:Drivers/STM32F4xx_HAL_Driver/Src/stm32f4xx_ll_usb.c ****   tmpreg &= USBx_DEVICE->DOEPMSK;
 3014              		.loc 1 1254 11 view .LVU1038
 3015 0004 D1F8082B 		ldr	r2, [r1, #2824]
 3016              	.LVL235:
1255:Drivers/STM32F4xx_HAL_Driver/Src/stm32f4xx_ll_usb.c **** 
 3017              		.loc 1 1255 3 is_stmt 1 view .LVU1039
1255:Drivers/STM32F4xx_HAL_Driver/Src/stm32f4xx_ll_usb.c **** 
 3018              		.loc 1 1255 13 is_stmt 0 view .LVU1040
 3019 0008 00F50060 		add	r0, r0, #2048
 3020              	.LVL236:
1255:Drivers/STM32F4xx_HAL_Driver/Src/stm32f4xx_ll_usb.c **** 
 3021              		.loc 1 1255 24 view .LVU1041
 3022 000c 4069     		ldr	r0, [r0, #20]
 3023              	.LVL237:
1257:Drivers/STM32F4xx_HAL_Driver/Src/stm32f4xx_ll_usb.c **** }
 3024              		.loc 1 1257 3 is_stmt 1 view .LVU1042
1258:Drivers/STM32F4xx_HAL_Driver/Src/stm32f4xx_ll_usb.c **** 
 3025              		.loc 1 1258 1 is_stmt 0 view .LVU1043
 3026 000e 1040     		ands	r0, r0, r2
 3027              	.LVL238:
1258:Drivers/STM32F4xx_HAL_Driver/Src/stm32f4xx_ll_usb.c **** 
 3028              		.loc 1 1258 1 view .LVU1044
 3029 0010 7047     		bx	lr
 3030              		.cfi_endproc
 3031              	.LFE243:
 3033              		.section	.text.USB_ReadDevInEPInterrupt,"ax",%progbits
 3034              		.align	1
 3035              		.global	USB_ReadDevInEPInterrupt
 3036              		.syntax unified
 3037              		.thumb
 3038              		.thumb_func
 3040              	USB_ReadDevInEPInterrupt:
 3041              	.LVL239:
 3042              	.LFB244:
1268:Drivers/STM32F4xx_HAL_Driver/Src/stm32f4xx_ll_usb.c ****   uint32_t USBx_BASE = (uint32_t)USBx;
 3043              		.loc 1 1268 1 is_stmt 1 view -0
 3044              		.cfi_startproc
 3045              		@ args = 0, pretend = 0, frame = 0
 3046              		@ frame_needed = 0, uses_anonymous_args = 0
 3047              		@ link register save eliminated.
1269:Drivers/STM32F4xx_HAL_Driver/Src/stm32f4xx_ll_usb.c ****   uint32_t tmpreg;
 3048              		.loc 1 1269 3 view .LVU1046
1270:Drivers/STM32F4xx_HAL_Driver/Src/stm32f4xx_ll_usb.c ****   uint32_t msk;
 3049              		.loc 1 1270 3 view .LVU1047
1271:Drivers/STM32F4xx_HAL_Driver/Src/stm32f4xx_ll_usb.c ****   uint32_t emp;
 3050              		.loc 1 1271 3 view .LVU1048
1272:Drivers/STM32F4xx_HAL_Driver/Src/stm32f4xx_ll_usb.c **** 
 3051              		.loc 1 1272 3 view .LVU1049
1274:Drivers/STM32F4xx_HAL_Driver/Src/stm32f4xx_ll_usb.c ****   emp = USBx_DEVICE->DIEPEMPMSK;
 3052              		.loc 1 1274 3 view .LVU1050
1274:Drivers/STM32F4xx_HAL_Driver/Src/stm32f4xx_ll_usb.c ****   emp = USBx_DEVICE->DIEPEMPMSK;
 3053              		.loc 1 1274 7 is_stmt 0 view .LVU1051
 3054 0000 D0F81028 		ldr	r2, [r0, #2064]
ARM GAS  /tmp/ccNXSnaU.s 			page 96


 3055              	.LVL240:
1275:Drivers/STM32F4xx_HAL_Driver/Src/stm32f4xx_ll_usb.c ****   msk |= ((emp >> (epnum & EP_ADDR_MSK)) & 0x1U) << 7;
 3056              		.loc 1 1275 3 is_stmt 1 view .LVU1052
1275:Drivers/STM32F4xx_HAL_Driver/Src/stm32f4xx_ll_usb.c ****   msk |= ((emp >> (epnum & EP_ADDR_MSK)) & 0x1U) << 7;
 3057              		.loc 1 1275 7 is_stmt 0 view .LVU1053
 3058 0004 D0F83438 		ldr	r3, [r0, #2100]
 3059              	.LVL241:
1276:Drivers/STM32F4xx_HAL_Driver/Src/stm32f4xx_ll_usb.c ****   tmpreg = USBx_INEP((uint32_t)epnum)->DIEPINT & msk;
 3060              		.loc 1 1276 3 is_stmt 1 view .LVU1054
1276:Drivers/STM32F4xx_HAL_Driver/Src/stm32f4xx_ll_usb.c ****   tmpreg = USBx_INEP((uint32_t)epnum)->DIEPINT & msk;
 3061              		.loc 1 1276 26 is_stmt 0 view .LVU1055
 3062 0008 01F00F0C 		and	ip, r1, #15
1276:Drivers/STM32F4xx_HAL_Driver/Src/stm32f4xx_ll_usb.c ****   tmpreg = USBx_INEP((uint32_t)epnum)->DIEPINT & msk;
 3063              		.loc 1 1276 16 view .LVU1056
 3064 000c 23FA0CF3 		lsr	r3, r3, ip
 3065              	.LVL242:
1276:Drivers/STM32F4xx_HAL_Driver/Src/stm32f4xx_ll_usb.c ****   tmpreg = USBx_INEP((uint32_t)epnum)->DIEPINT & msk;
 3066              		.loc 1 1276 50 view .LVU1057
 3067 0010 DB01     		lsls	r3, r3, #7
 3068 0012 DBB2     		uxtb	r3, r3
1276:Drivers/STM32F4xx_HAL_Driver/Src/stm32f4xx_ll_usb.c ****   tmpreg = USBx_INEP((uint32_t)epnum)->DIEPINT & msk;
 3069              		.loc 1 1276 7 view .LVU1058
 3070 0014 1343     		orrs	r3, r3, r2
 3071              	.LVL243:
1277:Drivers/STM32F4xx_HAL_Driver/Src/stm32f4xx_ll_usb.c **** 
 3072              		.loc 1 1277 3 is_stmt 1 view .LVU1059
1277:Drivers/STM32F4xx_HAL_Driver/Src/stm32f4xx_ll_usb.c **** 
 3073              		.loc 1 1277 12 is_stmt 0 view .LVU1060
 3074 0016 00EB4110 		add	r0, r0, r1, lsl #5
 3075              	.LVL244:
1277:Drivers/STM32F4xx_HAL_Driver/Src/stm32f4xx_ll_usb.c **** 
 3076              		.loc 1 1277 12 view .LVU1061
 3077 001a 00F51060 		add	r0, r0, #2304
1277:Drivers/STM32F4xx_HAL_Driver/Src/stm32f4xx_ll_usb.c **** 
 3078              		.loc 1 1277 38 view .LVU1062
 3079 001e 8068     		ldr	r0, [r0, #8]
 3080              	.LVL245:
1279:Drivers/STM32F4xx_HAL_Driver/Src/stm32f4xx_ll_usb.c **** }
 3081              		.loc 1 1279 3 is_stmt 1 view .LVU1063
1280:Drivers/STM32F4xx_HAL_Driver/Src/stm32f4xx_ll_usb.c **** 
 3082              		.loc 1 1280 1 is_stmt 0 view .LVU1064
 3083 0020 1840     		ands	r0, r0, r3
 3084              	.LVL246:
1280:Drivers/STM32F4xx_HAL_Driver/Src/stm32f4xx_ll_usb.c **** 
 3085              		.loc 1 1280 1 view .LVU1065
 3086 0022 7047     		bx	lr
 3087              		.cfi_endproc
 3088              	.LFE244:
 3090              		.section	.text.USB_ClearInterrupts,"ax",%progbits
 3091              		.align	1
 3092              		.global	USB_ClearInterrupts
 3093              		.syntax unified
 3094              		.thumb
 3095              		.thumb_func
 3097              	USB_ClearInterrupts:
 3098              	.LVL247:
 3099              	.LFB245:
ARM GAS  /tmp/ccNXSnaU.s 			page 97


1289:Drivers/STM32F4xx_HAL_Driver/Src/stm32f4xx_ll_usb.c ****   USBx->GINTSTS |= interrupt;
 3100              		.loc 1 1289 1 is_stmt 1 view -0
 3101              		.cfi_startproc
 3102              		@ args = 0, pretend = 0, frame = 0
 3103              		@ frame_needed = 0, uses_anonymous_args = 0
 3104              		@ link register save eliminated.
1290:Drivers/STM32F4xx_HAL_Driver/Src/stm32f4xx_ll_usb.c **** }
 3105              		.loc 1 1290 3 view .LVU1067
1290:Drivers/STM32F4xx_HAL_Driver/Src/stm32f4xx_ll_usb.c **** }
 3106              		.loc 1 1290 7 is_stmt 0 view .LVU1068
 3107 0000 4369     		ldr	r3, [r0, #20]
1290:Drivers/STM32F4xx_HAL_Driver/Src/stm32f4xx_ll_usb.c **** }
 3108              		.loc 1 1290 17 view .LVU1069
 3109 0002 0B43     		orrs	r3, r3, r1
 3110 0004 4361     		str	r3, [r0, #20]
1291:Drivers/STM32F4xx_HAL_Driver/Src/stm32f4xx_ll_usb.c **** 
 3111              		.loc 1 1291 1 view .LVU1070
 3112 0006 7047     		bx	lr
 3113              		.cfi_endproc
 3114              	.LFE245:
 3116              		.section	.text.USB_GetMode,"ax",%progbits
 3117              		.align	1
 3118              		.global	USB_GetMode
 3119              		.syntax unified
 3120              		.thumb
 3121              		.thumb_func
 3123              	USB_GetMode:
 3124              	.LVL248:
 3125              	.LFB246:
1302:Drivers/STM32F4xx_HAL_Driver/Src/stm32f4xx_ll_usb.c ****   return ((USBx->GINTSTS) & 0x1U);
 3126              		.loc 1 1302 1 is_stmt 1 view -0
 3127              		.cfi_startproc
 3128              		@ args = 0, pretend = 0, frame = 0
 3129              		@ frame_needed = 0, uses_anonymous_args = 0
 3130              		@ link register save eliminated.
1303:Drivers/STM32F4xx_HAL_Driver/Src/stm32f4xx_ll_usb.c **** }
 3131              		.loc 1 1303 3 view .LVU1072
1303:Drivers/STM32F4xx_HAL_Driver/Src/stm32f4xx_ll_usb.c **** }
 3132              		.loc 1 1303 16 is_stmt 0 view .LVU1073
 3133 0000 4069     		ldr	r0, [r0, #20]
 3134              	.LVL249:
1304:Drivers/STM32F4xx_HAL_Driver/Src/stm32f4xx_ll_usb.c **** 
 3135              		.loc 1 1304 1 view .LVU1074
 3136 0002 00F00100 		and	r0, r0, #1
 3137 0006 7047     		bx	lr
 3138              		.cfi_endproc
 3139              	.LFE246:
 3141              		.section	.text.USB_SetCurrentMode,"ax",%progbits
 3142              		.align	1
 3143              		.global	USB_SetCurrentMode
 3144              		.syntax unified
 3145              		.thumb
 3146              		.thumb_func
 3148              	USB_SetCurrentMode:
 3149              	.LVL250:
 3150              	.LFB220:
 250:Drivers/STM32F4xx_HAL_Driver/Src/stm32f4xx_ll_usb.c ****   uint32_t ms = 0U;
ARM GAS  /tmp/ccNXSnaU.s 			page 98


 3151              		.loc 1 250 1 is_stmt 1 view -0
 3152              		.cfi_startproc
 3153              		@ args = 0, pretend = 0, frame = 0
 3154              		@ frame_needed = 0, uses_anonymous_args = 0
 250:Drivers/STM32F4xx_HAL_Driver/Src/stm32f4xx_ll_usb.c ****   uint32_t ms = 0U;
 3155              		.loc 1 250 1 is_stmt 0 view .LVU1076
 3156 0000 38B5     		push	{r3, r4, r5, lr}
 3157              		.cfi_def_cfa_offset 16
 3158              		.cfi_offset 3, -16
 3159              		.cfi_offset 4, -12
 3160              		.cfi_offset 5, -8
 3161              		.cfi_offset 14, -4
 3162 0002 0546     		mov	r5, r0
 251:Drivers/STM32F4xx_HAL_Driver/Src/stm32f4xx_ll_usb.c **** 
 3163              		.loc 1 251 3 is_stmt 1 view .LVU1077
 3164              	.LVL251:
 253:Drivers/STM32F4xx_HAL_Driver/Src/stm32f4xx_ll_usb.c **** 
 3165              		.loc 1 253 3 view .LVU1078
 253:Drivers/STM32F4xx_HAL_Driver/Src/stm32f4xx_ll_usb.c **** 
 3166              		.loc 1 253 7 is_stmt 0 view .LVU1079
 3167 0004 C368     		ldr	r3, [r0, #12]
 253:Drivers/STM32F4xx_HAL_Driver/Src/stm32f4xx_ll_usb.c **** 
 3168              		.loc 1 253 17 view .LVU1080
 3169 0006 23F0C043 		bic	r3, r3, #1610612736
 3170 000a C360     		str	r3, [r0, #12]
 255:Drivers/STM32F4xx_HAL_Driver/Src/stm32f4xx_ll_usb.c ****   {
 3171              		.loc 1 255 3 is_stmt 1 view .LVU1081
 255:Drivers/STM32F4xx_HAL_Driver/Src/stm32f4xx_ll_usb.c ****   {
 3172              		.loc 1 255 6 is_stmt 0 view .LVU1082
 3173 000c 0129     		cmp	r1, #1
 3174 000e 13D0     		beq	.L207
 265:Drivers/STM32F4xx_HAL_Driver/Src/stm32f4xx_ll_usb.c ****   {
 3175              		.loc 1 265 8 is_stmt 1 view .LVU1083
 265:Drivers/STM32F4xx_HAL_Driver/Src/stm32f4xx_ll_usb.c ****   {
 3176              		.loc 1 265 11 is_stmt 0 view .LVU1084
 3177 0010 19BB     		cbnz	r1, .L204
 267:Drivers/STM32F4xx_HAL_Driver/Src/stm32f4xx_ll_usb.c **** 
 3178              		.loc 1 267 5 is_stmt 1 view .LVU1085
 267:Drivers/STM32F4xx_HAL_Driver/Src/stm32f4xx_ll_usb.c **** 
 3179              		.loc 1 267 9 is_stmt 0 view .LVU1086
 3180 0012 C368     		ldr	r3, [r0, #12]
 267:Drivers/STM32F4xx_HAL_Driver/Src/stm32f4xx_ll_usb.c **** 
 3181              		.loc 1 267 19 view .LVU1087
 3182 0014 43F08043 		orr	r3, r3, #1073741824
 3183 0018 C360     		str	r3, [r0, #12]
 251:Drivers/STM32F4xx_HAL_Driver/Src/stm32f4xx_ll_usb.c **** 
 3184              		.loc 1 251 12 view .LVU1088
 3185 001a 0024     		movs	r4, #0
 3186              	.LVL252:
 3187              	.L203:
 269:Drivers/STM32F4xx_HAL_Driver/Src/stm32f4xx_ll_usb.c ****     {
 3188              		.loc 1 269 5 is_stmt 1 view .LVU1089
 271:Drivers/STM32F4xx_HAL_Driver/Src/stm32f4xx_ll_usb.c ****       ms++;
 3189              		.loc 1 271 7 view .LVU1090
 3190 001c 0120     		movs	r0, #1
 3191 001e FFF7FEFF 		bl	HAL_Delay
 3192              	.LVL253:
ARM GAS  /tmp/ccNXSnaU.s 			page 99


 272:Drivers/STM32F4xx_HAL_Driver/Src/stm32f4xx_ll_usb.c ****     } while ((USB_GetMode(USBx) != (uint32_t)USB_DEVICE_MODE) && (ms < 50U));
 3193              		.loc 1 272 7 view .LVU1091
 272:Drivers/STM32F4xx_HAL_Driver/Src/stm32f4xx_ll_usb.c ****     } while ((USB_GetMode(USBx) != (uint32_t)USB_DEVICE_MODE) && (ms < 50U));
 3194              		.loc 1 272 9 is_stmt 0 view .LVU1092
 3195 0022 0134     		adds	r4, r4, #1
 3196              	.LVL254:
 273:Drivers/STM32F4xx_HAL_Driver/Src/stm32f4xx_ll_usb.c ****   }
 3197              		.loc 1 273 63 is_stmt 1 discriminator 2 view .LVU1093
 273:Drivers/STM32F4xx_HAL_Driver/Src/stm32f4xx_ll_usb.c ****   }
 3198              		.loc 1 273 15 is_stmt 0 discriminator 2 view .LVU1094
 3199 0024 2846     		mov	r0, r5
 3200 0026 FFF7FEFF 		bl	USB_GetMode
 3201              	.LVL255:
 273:Drivers/STM32F4xx_HAL_Driver/Src/stm32f4xx_ll_usb.c ****   }
 3202              		.loc 1 273 63 discriminator 2 view .LVU1095
 3203 002a 08B1     		cbz	r0, .L200
 273:Drivers/STM32F4xx_HAL_Driver/Src/stm32f4xx_ll_usb.c ****   }
 3204              		.loc 1 273 63 discriminator 1 view .LVU1096
 3205 002c 312C     		cmp	r4, #49
 3206 002e F5D9     		bls	.L203
 3207              	.L200:
 280:Drivers/STM32F4xx_HAL_Driver/Src/stm32f4xx_ll_usb.c ****   {
 3208              		.loc 1 280 3 is_stmt 1 view .LVU1097
 280:Drivers/STM32F4xx_HAL_Driver/Src/stm32f4xx_ll_usb.c ****   {
 3209              		.loc 1 280 6 is_stmt 0 view .LVU1098
 3210 0030 322C     		cmp	r4, #50
 3211 0032 14D0     		beq	.L205
 285:Drivers/STM32F4xx_HAL_Driver/Src/stm32f4xx_ll_usb.c **** }
 3212              		.loc 1 285 10 view .LVU1099
 3213 0034 0020     		movs	r0, #0
 3214              	.LVL256:
 3215              	.L202:
 286:Drivers/STM32F4xx_HAL_Driver/Src/stm32f4xx_ll_usb.c **** 
 3216              		.loc 1 286 1 view .LVU1100
 3217 0036 38BD     		pop	{r3, r4, r5, pc}
 3218              	.LVL257:
 3219              	.L207:
 257:Drivers/STM32F4xx_HAL_Driver/Src/stm32f4xx_ll_usb.c **** 
 3220              		.loc 1 257 5 is_stmt 1 view .LVU1101
 257:Drivers/STM32F4xx_HAL_Driver/Src/stm32f4xx_ll_usb.c **** 
 3221              		.loc 1 257 9 is_stmt 0 view .LVU1102
 3222 0038 C368     		ldr	r3, [r0, #12]
 257:Drivers/STM32F4xx_HAL_Driver/Src/stm32f4xx_ll_usb.c **** 
 3223              		.loc 1 257 19 view .LVU1103
 3224 003a 43F00053 		orr	r3, r3, #536870912
 3225 003e C360     		str	r3, [r0, #12]
 251:Drivers/STM32F4xx_HAL_Driver/Src/stm32f4xx_ll_usb.c **** 
 3226              		.loc 1 251 12 view .LVU1104
 3227 0040 0024     		movs	r4, #0
 3228              	.LVL258:
 3229              	.L201:
 259:Drivers/STM32F4xx_HAL_Driver/Src/stm32f4xx_ll_usb.c ****     {
 3230              		.loc 1 259 5 is_stmt 1 view .LVU1105
 261:Drivers/STM32F4xx_HAL_Driver/Src/stm32f4xx_ll_usb.c ****       ms++;
 3231              		.loc 1 261 7 view .LVU1106
 3232 0042 0120     		movs	r0, #1
 3233 0044 FFF7FEFF 		bl	HAL_Delay
ARM GAS  /tmp/ccNXSnaU.s 			page 100


 3234              	.LVL259:
 262:Drivers/STM32F4xx_HAL_Driver/Src/stm32f4xx_ll_usb.c ****     } while ((USB_GetMode(USBx) != (uint32_t)USB_HOST_MODE) && (ms < 50U));
 3235              		.loc 1 262 7 view .LVU1107
 262:Drivers/STM32F4xx_HAL_Driver/Src/stm32f4xx_ll_usb.c ****     } while ((USB_GetMode(USBx) != (uint32_t)USB_HOST_MODE) && (ms < 50U));
 3236              		.loc 1 262 9 is_stmt 0 view .LVU1108
 3237 0048 0134     		adds	r4, r4, #1
 3238              	.LVL260:
 263:Drivers/STM32F4xx_HAL_Driver/Src/stm32f4xx_ll_usb.c ****   }
 3239              		.loc 1 263 61 is_stmt 1 discriminator 2 view .LVU1109
 263:Drivers/STM32F4xx_HAL_Driver/Src/stm32f4xx_ll_usb.c ****   }
 3240              		.loc 1 263 15 is_stmt 0 discriminator 2 view .LVU1110
 3241 004a 2846     		mov	r0, r5
 3242 004c FFF7FEFF 		bl	USB_GetMode
 3243              	.LVL261:
 263:Drivers/STM32F4xx_HAL_Driver/Src/stm32f4xx_ll_usb.c ****   }
 3244              		.loc 1 263 61 discriminator 2 view .LVU1111
 3245 0050 0128     		cmp	r0, #1
 3246 0052 EDD0     		beq	.L200
 263:Drivers/STM32F4xx_HAL_Driver/Src/stm32f4xx_ll_usb.c ****   }
 3247              		.loc 1 263 61 discriminator 1 view .LVU1112
 3248 0054 312C     		cmp	r4, #49
 3249 0056 F4D9     		bls	.L201
 3250 0058 EAE7     		b	.L200
 3251              	.LVL262:
 3252              	.L204:
 277:Drivers/STM32F4xx_HAL_Driver/Src/stm32f4xx_ll_usb.c ****   }
 3253              		.loc 1 277 12 view .LVU1113
 3254 005a 0120     		movs	r0, #1
 3255              	.LVL263:
 277:Drivers/STM32F4xx_HAL_Driver/Src/stm32f4xx_ll_usb.c ****   }
 3256              		.loc 1 277 12 view .LVU1114
 3257 005c EBE7     		b	.L202
 3258              	.LVL264:
 3259              	.L205:
 282:Drivers/STM32F4xx_HAL_Driver/Src/stm32f4xx_ll_usb.c ****   }
 3260              		.loc 1 282 12 view .LVU1115
 3261 005e 0120     		movs	r0, #1
 3262 0060 E9E7     		b	.L202
 3263              		.cfi_endproc
 3264              	.LFE220:
 3266              		.section	.text.USB_ActivateSetup,"ax",%progbits
 3267              		.align	1
 3268              		.global	USB_ActivateSetup
 3269              		.syntax unified
 3270              		.thumb
 3271              		.thumb_func
 3273              	USB_ActivateSetup:
 3274              	.LVL265:
 3275              	.LFB247:
1312:Drivers/STM32F4xx_HAL_Driver/Src/stm32f4xx_ll_usb.c ****   uint32_t USBx_BASE = (uint32_t)USBx;
 3276              		.loc 1 1312 1 is_stmt 1 view -0
 3277              		.cfi_startproc
 3278              		@ args = 0, pretend = 0, frame = 0
 3279              		@ frame_needed = 0, uses_anonymous_args = 0
 3280              		@ link register save eliminated.
1313:Drivers/STM32F4xx_HAL_Driver/Src/stm32f4xx_ll_usb.c **** 
 3281              		.loc 1 1313 3 view .LVU1117
ARM GAS  /tmp/ccNXSnaU.s 			page 101


1316:Drivers/STM32F4xx_HAL_Driver/Src/stm32f4xx_ll_usb.c **** 
 3282              		.loc 1 1316 3 view .LVU1118
1316:Drivers/STM32F4xx_HAL_Driver/Src/stm32f4xx_ll_usb.c **** 
 3283              		.loc 1 1316 16 is_stmt 0 view .LVU1119
 3284 0000 D0F80039 		ldr	r3, [r0, #2304]
1316:Drivers/STM32F4xx_HAL_Driver/Src/stm32f4xx_ll_usb.c **** 
 3285              		.loc 1 1316 26 view .LVU1120
 3286 0004 6FF30A03 		bfc	r3, #0, #11
 3287 0008 C0F80039 		str	r3, [r0, #2304]
1318:Drivers/STM32F4xx_HAL_Driver/Src/stm32f4xx_ll_usb.c **** 
 3288              		.loc 1 1318 3 is_stmt 1 view .LVU1121
1318:Drivers/STM32F4xx_HAL_Driver/Src/stm32f4xx_ll_usb.c **** 
 3289              		.loc 1 1318 14 is_stmt 0 view .LVU1122
 3290 000c D0F80438 		ldr	r3, [r0, #2052]
1318:Drivers/STM32F4xx_HAL_Driver/Src/stm32f4xx_ll_usb.c **** 
 3291              		.loc 1 1318 21 view .LVU1123
 3292 0010 43F48073 		orr	r3, r3, #256
 3293 0014 C0F80438 		str	r3, [r0, #2052]
1320:Drivers/STM32F4xx_HAL_Driver/Src/stm32f4xx_ll_usb.c **** }
 3294              		.loc 1 1320 3 is_stmt 1 view .LVU1124
1321:Drivers/STM32F4xx_HAL_Driver/Src/stm32f4xx_ll_usb.c **** 
 3295              		.loc 1 1321 1 is_stmt 0 view .LVU1125
 3296 0018 0020     		movs	r0, #0
 3297              	.LVL266:
1321:Drivers/STM32F4xx_HAL_Driver/Src/stm32f4xx_ll_usb.c **** 
 3298              		.loc 1 1321 1 view .LVU1126
 3299 001a 7047     		bx	lr
 3300              		.cfi_endproc
 3301              	.LFE247:
 3303              		.section	.text.USB_EP0_OutStart,"ax",%progbits
 3304              		.align	1
 3305              		.global	USB_EP0_OutStart
 3306              		.syntax unified
 3307              		.thumb
 3308              		.thumb_func
 3310              	USB_EP0_OutStart:
 3311              	.LVL267:
 3312              	.LFB248:
1334:Drivers/STM32F4xx_HAL_Driver/Src/stm32f4xx_ll_usb.c ****   uint32_t USBx_BASE = (uint32_t)USBx;
 3313              		.loc 1 1334 1 is_stmt 1 view -0
 3314              		.cfi_startproc
 3315              		@ args = 0, pretend = 0, frame = 0
 3316              		@ frame_needed = 0, uses_anonymous_args = 0
 3317              		@ link register save eliminated.
1334:Drivers/STM32F4xx_HAL_Driver/Src/stm32f4xx_ll_usb.c ****   uint32_t USBx_BASE = (uint32_t)USBx;
 3318              		.loc 1 1334 1 is_stmt 0 view .LVU1128
 3319 0000 10B4     		push	{r4}
 3320              		.cfi_def_cfa_offset 4
 3321              		.cfi_offset 4, -4
1335:Drivers/STM32F4xx_HAL_Driver/Src/stm32f4xx_ll_usb.c ****   uint32_t gSNPSiD = *(__IO uint32_t *)(&USBx->CID + 0x1U);
 3322              		.loc 1 1335 3 is_stmt 1 view .LVU1129
 3323              	.LVL268:
1336:Drivers/STM32F4xx_HAL_Driver/Src/stm32f4xx_ll_usb.c **** 
 3324              		.loc 1 1336 3 view .LVU1130
1336:Drivers/STM32F4xx_HAL_Driver/Src/stm32f4xx_ll_usb.c **** 
 3325              		.loc 1 1336 12 is_stmt 0 view .LVU1131
 3326 0002 046C     		ldr	r4, [r0, #64]
ARM GAS  /tmp/ccNXSnaU.s 			page 102


 3327              	.LVL269:
1338:Drivers/STM32F4xx_HAL_Driver/Src/stm32f4xx_ll_usb.c ****   {
 3328              		.loc 1 1338 3 is_stmt 1 view .LVU1132
1338:Drivers/STM32F4xx_HAL_Driver/Src/stm32f4xx_ll_usb.c ****   {
 3329              		.loc 1 1338 6 is_stmt 0 view .LVU1133
 3330 0004 154B     		ldr	r3, .L214
 3331 0006 9C42     		cmp	r4, r3
 3332 0008 03D9     		bls	.L210
1340:Drivers/STM32F4xx_HAL_Driver/Src/stm32f4xx_ll_usb.c ****     {
 3333              		.loc 1 1340 5 is_stmt 1 view .LVU1134
1340:Drivers/STM32F4xx_HAL_Driver/Src/stm32f4xx_ll_usb.c ****     {
 3334              		.loc 1 1340 24 is_stmt 0 view .LVU1135
 3335 000a D0F8003B 		ldr	r3, [r0, #2816]
1340:Drivers/STM32F4xx_HAL_Driver/Src/stm32f4xx_ll_usb.c ****     {
 3336              		.loc 1 1340 8 view .LVU1136
 3337 000e 002B     		cmp	r3, #0
 3338 0010 16DB     		blt	.L211
 3339              	.L210:
1346:Drivers/STM32F4xx_HAL_Driver/Src/stm32f4xx_ll_usb.c ****   USBx_OUTEP(0U)->DOEPTSIZ |= (USB_OTG_DOEPTSIZ_PKTCNT & (1U << 19));
 3340              		.loc 1 1346 3 is_stmt 1 view .LVU1137
1346:Drivers/STM32F4xx_HAL_Driver/Src/stm32f4xx_ll_usb.c ****   USBx_OUTEP(0U)->DOEPTSIZ |= (USB_OTG_DOEPTSIZ_PKTCNT & (1U << 19));
 3341              		.loc 1 1346 28 is_stmt 0 view .LVU1138
 3342 0012 0024     		movs	r4, #0
 3343              	.LVL270:
1346:Drivers/STM32F4xx_HAL_Driver/Src/stm32f4xx_ll_usb.c ****   USBx_OUTEP(0U)->DOEPTSIZ |= (USB_OTG_DOEPTSIZ_PKTCNT & (1U << 19));
 3344              		.loc 1 1346 28 view .LVU1139
 3345 0014 C0F8104B 		str	r4, [r0, #2832]
1347:Drivers/STM32F4xx_HAL_Driver/Src/stm32f4xx_ll_usb.c ****   USBx_OUTEP(0U)->DOEPTSIZ |= (3U * 8U);
 3346              		.loc 1 1347 3 is_stmt 1 view .LVU1140
1347:Drivers/STM32F4xx_HAL_Driver/Src/stm32f4xx_ll_usb.c ****   USBx_OUTEP(0U)->DOEPTSIZ |= (3U * 8U);
 3347              		.loc 1 1347 17 is_stmt 0 view .LVU1141
 3348 0018 D0F8104B 		ldr	r4, [r0, #2832]
1347:Drivers/STM32F4xx_HAL_Driver/Src/stm32f4xx_ll_usb.c ****   USBx_OUTEP(0U)->DOEPTSIZ |= (3U * 8U);
 3349              		.loc 1 1347 28 view .LVU1142
 3350 001c 44F40024 		orr	r4, r4, #524288
 3351 0020 C0F8104B 		str	r4, [r0, #2832]
1348:Drivers/STM32F4xx_HAL_Driver/Src/stm32f4xx_ll_usb.c ****   USBx_OUTEP(0U)->DOEPTSIZ |=  USB_OTG_DOEPTSIZ_STUPCNT;
 3352              		.loc 1 1348 3 is_stmt 1 view .LVU1143
1348:Drivers/STM32F4xx_HAL_Driver/Src/stm32f4xx_ll_usb.c ****   USBx_OUTEP(0U)->DOEPTSIZ |=  USB_OTG_DOEPTSIZ_STUPCNT;
 3353              		.loc 1 1348 17 is_stmt 0 view .LVU1144
 3354 0024 D0F8104B 		ldr	r4, [r0, #2832]
1348:Drivers/STM32F4xx_HAL_Driver/Src/stm32f4xx_ll_usb.c ****   USBx_OUTEP(0U)->DOEPTSIZ |=  USB_OTG_DOEPTSIZ_STUPCNT;
 3355              		.loc 1 1348 28 view .LVU1145
 3356 0028 44F01804 		orr	r4, r4, #24
 3357 002c C0F8104B 		str	r4, [r0, #2832]
1349:Drivers/STM32F4xx_HAL_Driver/Src/stm32f4xx_ll_usb.c **** 
 3358              		.loc 1 1349 3 is_stmt 1 view .LVU1146
1349:Drivers/STM32F4xx_HAL_Driver/Src/stm32f4xx_ll_usb.c **** 
 3359              		.loc 1 1349 17 is_stmt 0 view .LVU1147
 3360 0030 D0F8104B 		ldr	r4, [r0, #2832]
1349:Drivers/STM32F4xx_HAL_Driver/Src/stm32f4xx_ll_usb.c **** 
 3361              		.loc 1 1349 28 view .LVU1148
 3362 0034 44F0C044 		orr	r4, r4, #1610612736
 3363 0038 C0F8104B 		str	r4, [r0, #2832]
1351:Drivers/STM32F4xx_HAL_Driver/Src/stm32f4xx_ll_usb.c ****   {
 3364              		.loc 1 1351 3 is_stmt 1 view .LVU1149
1351:Drivers/STM32F4xx_HAL_Driver/Src/stm32f4xx_ll_usb.c ****   {
ARM GAS  /tmp/ccNXSnaU.s 			page 103


 3365              		.loc 1 1351 6 is_stmt 0 view .LVU1150
 3366 003c 0129     		cmp	r1, #1
 3367 003e 03D0     		beq	.L213
 3368              	.L211:
1359:Drivers/STM32F4xx_HAL_Driver/Src/stm32f4xx_ll_usb.c **** 
 3369              		.loc 1 1359 1 view .LVU1151
 3370 0040 0020     		movs	r0, #0
 3371              	.LVL271:
1359:Drivers/STM32F4xx_HAL_Driver/Src/stm32f4xx_ll_usb.c **** 
 3372              		.loc 1 1359 1 view .LVU1152
 3373 0042 5DF8044B 		ldr	r4, [sp], #4
 3374              		.cfi_remember_state
 3375              		.cfi_restore 4
 3376              		.cfi_def_cfa_offset 0
 3377 0046 7047     		bx	lr
 3378              	.LVL272:
 3379              	.L213:
 3380              		.cfi_restore_state
1353:Drivers/STM32F4xx_HAL_Driver/Src/stm32f4xx_ll_usb.c ****     /* EP enable */
 3381              		.loc 1 1353 5 is_stmt 1 view .LVU1153
1353:Drivers/STM32F4xx_HAL_Driver/Src/stm32f4xx_ll_usb.c ****     /* EP enable */
 3382              		.loc 1 1353 29 is_stmt 0 view .LVU1154
 3383 0048 C0F8142B 		str	r2, [r0, #2836]
1355:Drivers/STM32F4xx_HAL_Driver/Src/stm32f4xx_ll_usb.c ****   }
 3384              		.loc 1 1355 5 is_stmt 1 view .LVU1155
1355:Drivers/STM32F4xx_HAL_Driver/Src/stm32f4xx_ll_usb.c ****   }
 3385              		.loc 1 1355 19 is_stmt 0 view .LVU1156
 3386 004c D0F8003B 		ldr	r3, [r0, #2816]
1355:Drivers/STM32F4xx_HAL_Driver/Src/stm32f4xx_ll_usb.c ****   }
 3387              		.loc 1 1355 29 view .LVU1157
 3388 0050 43F08023 		orr	r3, r3, #-2147450880
 3389 0054 C0F8003B 		str	r3, [r0, #2816]
 3390 0058 F2E7     		b	.L211
 3391              	.L215:
 3392 005a 00BF     		.align	2
 3393              	.L214:
 3394 005c 0A30544F 		.word	1330917386
 3395              		.cfi_endproc
 3396              	.LFE248:
 3398              		.section	.text.USB_HostInit,"ax",%progbits
 3399              		.align	1
 3400              		.global	USB_HostInit
 3401              		.syntax unified
 3402              		.thumb
 3403              		.thumb_func
 3405              	USB_HostInit:
 3406              	.LVL273:
 3407              	.LFB250:
1393:Drivers/STM32F4xx_HAL_Driver/Src/stm32f4xx_ll_usb.c **** 
1394:Drivers/STM32F4xx_HAL_Driver/Src/stm32f4xx_ll_usb.c **** /**
1395:Drivers/STM32F4xx_HAL_Driver/Src/stm32f4xx_ll_usb.c ****   * @brief  USB_HostInit : Initializes the USB OTG controller registers
1396:Drivers/STM32F4xx_HAL_Driver/Src/stm32f4xx_ll_usb.c ****   *         for Host mode
1397:Drivers/STM32F4xx_HAL_Driver/Src/stm32f4xx_ll_usb.c ****   * @param  USBx  Selected device
1398:Drivers/STM32F4xx_HAL_Driver/Src/stm32f4xx_ll_usb.c ****   * @param  cfg   pointer to a USB_OTG_CfgTypeDef structure that contains
1399:Drivers/STM32F4xx_HAL_Driver/Src/stm32f4xx_ll_usb.c ****   *         the configuration information for the specified USBx peripheral.
1400:Drivers/STM32F4xx_HAL_Driver/Src/stm32f4xx_ll_usb.c ****   * @retval HAL status
1401:Drivers/STM32F4xx_HAL_Driver/Src/stm32f4xx_ll_usb.c ****   */
ARM GAS  /tmp/ccNXSnaU.s 			page 104


1402:Drivers/STM32F4xx_HAL_Driver/Src/stm32f4xx_ll_usb.c **** HAL_StatusTypeDef USB_HostInit(USB_OTG_GlobalTypeDef *USBx, USB_OTG_CfgTypeDef cfg)
1403:Drivers/STM32F4xx_HAL_Driver/Src/stm32f4xx_ll_usb.c **** {
 3408              		.loc 1 1403 1 is_stmt 1 view -0
 3409              		.cfi_startproc
 3410              		@ args = 56, pretend = 16, frame = 0
 3411              		@ frame_needed = 0, uses_anonymous_args = 0
 3412              		.loc 1 1403 1 is_stmt 0 view .LVU1159
 3413 0000 84B0     		sub	sp, sp, #16
 3414              		.cfi_def_cfa_offset 16
 3415 0002 10B5     		push	{r4, lr}
 3416              		.cfi_def_cfa_offset 24
 3417              		.cfi_offset 4, -24
 3418              		.cfi_offset 14, -20
 3419 0004 0446     		mov	r4, r0
 3420 0006 03A8     		add	r0, sp, #12
 3421              	.LVL274:
 3422              		.loc 1 1403 1 view .LVU1160
 3423 0008 80E80E00 		stm	r0, {r1, r2, r3}
1404:Drivers/STM32F4xx_HAL_Driver/Src/stm32f4xx_ll_usb.c ****   uint32_t USBx_BASE = (uint32_t)USBx;
 3424              		.loc 1 1404 3 is_stmt 1 view .LVU1161
 3425              	.LVL275:
1405:Drivers/STM32F4xx_HAL_Driver/Src/stm32f4xx_ll_usb.c ****   uint32_t i;
 3426              		.loc 1 1405 3 view .LVU1162
1406:Drivers/STM32F4xx_HAL_Driver/Src/stm32f4xx_ll_usb.c **** 
1407:Drivers/STM32F4xx_HAL_Driver/Src/stm32f4xx_ll_usb.c ****   /* Restart the Phy Clock */
1408:Drivers/STM32F4xx_HAL_Driver/Src/stm32f4xx_ll_usb.c ****   USBx_PCGCCTL = 0U;
 3427              		.loc 1 1408 3 view .LVU1163
 3428              		.loc 1 1408 16 is_stmt 0 view .LVU1164
 3429 000c 0023     		movs	r3, #0
 3430 000e C4F8003E 		str	r3, [r4, #3584]
1409:Drivers/STM32F4xx_HAL_Driver/Src/stm32f4xx_ll_usb.c **** 
1410:Drivers/STM32F4xx_HAL_Driver/Src/stm32f4xx_ll_usb.c **** #if defined(STM32F446xx) || defined(STM32F469xx) || defined(STM32F479xx) || defined(STM32F412Zx) ||
1411:Drivers/STM32F4xx_HAL_Driver/Src/stm32f4xx_ll_usb.c ****   /* Disable HW VBUS sensing */
1412:Drivers/STM32F4xx_HAL_Driver/Src/stm32f4xx_ll_usb.c ****   USBx->GCCFG &= ~(USB_OTG_GCCFG_VBDEN);
1413:Drivers/STM32F4xx_HAL_Driver/Src/stm32f4xx_ll_usb.c **** #else
1414:Drivers/STM32F4xx_HAL_Driver/Src/stm32f4xx_ll_usb.c ****   /*
1415:Drivers/STM32F4xx_HAL_Driver/Src/stm32f4xx_ll_usb.c ****   * Disable HW VBUS sensing. VBUS is internally considered to be always
1416:Drivers/STM32F4xx_HAL_Driver/Src/stm32f4xx_ll_usb.c ****   * at VBUS-Valid level (5V).
1417:Drivers/STM32F4xx_HAL_Driver/Src/stm32f4xx_ll_usb.c ****   */
1418:Drivers/STM32F4xx_HAL_Driver/Src/stm32f4xx_ll_usb.c ****   USBx->GCCFG |= USB_OTG_GCCFG_NOVBUSSENS;
 3431              		.loc 1 1418 3 is_stmt 1 view .LVU1165
 3432              		.loc 1 1418 7 is_stmt 0 view .LVU1166
 3433 0012 A36B     		ldr	r3, [r4, #56]
 3434              		.loc 1 1418 15 view .LVU1167
 3435 0014 43F40013 		orr	r3, r3, #2097152
 3436 0018 A363     		str	r3, [r4, #56]
1419:Drivers/STM32F4xx_HAL_Driver/Src/stm32f4xx_ll_usb.c ****   USBx->GCCFG &= ~USB_OTG_GCCFG_VBUSBSEN;
 3437              		.loc 1 1419 3 is_stmt 1 view .LVU1168
 3438              		.loc 1 1419 7 is_stmt 0 view .LVU1169
 3439 001a A36B     		ldr	r3, [r4, #56]
 3440              		.loc 1 1419 15 view .LVU1170
 3441 001c 23F40023 		bic	r3, r3, #524288
 3442 0020 A363     		str	r3, [r4, #56]
1420:Drivers/STM32F4xx_HAL_Driver/Src/stm32f4xx_ll_usb.c ****   USBx->GCCFG &= ~USB_OTG_GCCFG_VBUSASEN;
 3443              		.loc 1 1420 3 is_stmt 1 view .LVU1171
 3444              		.loc 1 1420 7 is_stmt 0 view .LVU1172
 3445 0022 A36B     		ldr	r3, [r4, #56]
ARM GAS  /tmp/ccNXSnaU.s 			page 105


 3446              		.loc 1 1420 15 view .LVU1173
 3447 0024 23F48023 		bic	r3, r3, #262144
 3448 0028 A363     		str	r3, [r4, #56]
1421:Drivers/STM32F4xx_HAL_Driver/Src/stm32f4xx_ll_usb.c **** #endif /* defined(STM32F446xx) || defined(STM32F469xx) || defined(STM32F479xx) || defined(STM32F412
1422:Drivers/STM32F4xx_HAL_Driver/Src/stm32f4xx_ll_usb.c **** #if defined(STM32F412Zx) || defined(STM32F412Vx) || defined(STM32F412Rx) || defined(STM32F412Cx) ||
1423:Drivers/STM32F4xx_HAL_Driver/Src/stm32f4xx_ll_usb.c ****   /* Disable Battery chargin detector */
1424:Drivers/STM32F4xx_HAL_Driver/Src/stm32f4xx_ll_usb.c ****   USBx->GCCFG &= ~(USB_OTG_GCCFG_BCDEN);
1425:Drivers/STM32F4xx_HAL_Driver/Src/stm32f4xx_ll_usb.c **** #endif /* defined(STM32F412Zx) || defined(STM32F412Vx) || defined(STM32F412Rx) || defined(STM32F412
1426:Drivers/STM32F4xx_HAL_Driver/Src/stm32f4xx_ll_usb.c **** 
1427:Drivers/STM32F4xx_HAL_Driver/Src/stm32f4xx_ll_usb.c ****   if ((USBx->CID & (0x1U << 8)) != 0U)
 3449              		.loc 1 1427 3 is_stmt 1 view .LVU1174
 3450              		.loc 1 1427 12 is_stmt 0 view .LVU1175
 3451 002a E36B     		ldr	r3, [r4, #60]
 3452              		.loc 1 1427 6 view .LVU1176
 3453 002c 13F4807F 		tst	r3, #256
 3454 0030 10D0     		beq	.L217
1428:Drivers/STM32F4xx_HAL_Driver/Src/stm32f4xx_ll_usb.c ****   {
1429:Drivers/STM32F4xx_HAL_Driver/Src/stm32f4xx_ll_usb.c ****     if (cfg.speed == USBH_FSLS_SPEED)
 3455              		.loc 1 1429 5 is_stmt 1 view .LVU1177
 3456              		.loc 1 1429 12 is_stmt 0 view .LVU1178
 3457 0032 059B     		ldr	r3, [sp, #20]
 3458              		.loc 1 1429 8 view .LVU1179
 3459 0034 012B     		cmp	r3, #1
 3460 0036 06D0     		beq	.L226
1430:Drivers/STM32F4xx_HAL_Driver/Src/stm32f4xx_ll_usb.c ****     {
1431:Drivers/STM32F4xx_HAL_Driver/Src/stm32f4xx_ll_usb.c ****       /* Force Device Enumeration to FS/LS mode only */
1432:Drivers/STM32F4xx_HAL_Driver/Src/stm32f4xx_ll_usb.c ****       USBx_HOST->HCFG |= USB_OTG_HCFG_FSLSS;
1433:Drivers/STM32F4xx_HAL_Driver/Src/stm32f4xx_ll_usb.c ****     }
1434:Drivers/STM32F4xx_HAL_Driver/Src/stm32f4xx_ll_usb.c ****     else
1435:Drivers/STM32F4xx_HAL_Driver/Src/stm32f4xx_ll_usb.c ****     {
1436:Drivers/STM32F4xx_HAL_Driver/Src/stm32f4xx_ll_usb.c ****       /* Set default Max speed support */
1437:Drivers/STM32F4xx_HAL_Driver/Src/stm32f4xx_ll_usb.c ****       USBx_HOST->HCFG &= ~(USB_OTG_HCFG_FSLSS);
 3461              		.loc 1 1437 7 is_stmt 1 view .LVU1180
 3462              		.loc 1 1437 16 is_stmt 0 view .LVU1181
 3463 0038 D4F80034 		ldr	r3, [r4, #1024]
 3464              		.loc 1 1437 23 view .LVU1182
 3465 003c 23F00403 		bic	r3, r3, #4
 3466 0040 C4F80034 		str	r3, [r4, #1024]
 3467 0044 0CE0     		b	.L219
 3468              	.L226:
1432:Drivers/STM32F4xx_HAL_Driver/Src/stm32f4xx_ll_usb.c ****     }
 3469              		.loc 1 1432 7 is_stmt 1 view .LVU1183
1432:Drivers/STM32F4xx_HAL_Driver/Src/stm32f4xx_ll_usb.c ****     }
 3470              		.loc 1 1432 16 is_stmt 0 view .LVU1184
 3471 0046 D4F80034 		ldr	r3, [r4, #1024]
1432:Drivers/STM32F4xx_HAL_Driver/Src/stm32f4xx_ll_usb.c ****     }
 3472              		.loc 1 1432 23 view .LVU1185
 3473 004a 43F00403 		orr	r3, r3, #4
 3474 004e C4F80034 		str	r3, [r4, #1024]
 3475 0052 05E0     		b	.L219
 3476              	.L217:
1438:Drivers/STM32F4xx_HAL_Driver/Src/stm32f4xx_ll_usb.c ****     }
1439:Drivers/STM32F4xx_HAL_Driver/Src/stm32f4xx_ll_usb.c ****   }
1440:Drivers/STM32F4xx_HAL_Driver/Src/stm32f4xx_ll_usb.c ****   else
1441:Drivers/STM32F4xx_HAL_Driver/Src/stm32f4xx_ll_usb.c ****   {
1442:Drivers/STM32F4xx_HAL_Driver/Src/stm32f4xx_ll_usb.c ****     /* Set default Max speed support */
1443:Drivers/STM32F4xx_HAL_Driver/Src/stm32f4xx_ll_usb.c ****     USBx_HOST->HCFG &= ~(USB_OTG_HCFG_FSLSS);
ARM GAS  /tmp/ccNXSnaU.s 			page 106


 3477              		.loc 1 1443 5 is_stmt 1 view .LVU1186
 3478              		.loc 1 1443 14 is_stmt 0 view .LVU1187
 3479 0054 D4F80034 		ldr	r3, [r4, #1024]
 3480              		.loc 1 1443 21 view .LVU1188
 3481 0058 23F00403 		bic	r3, r3, #4
 3482 005c C4F80034 		str	r3, [r4, #1024]
 3483              	.L219:
1444:Drivers/STM32F4xx_HAL_Driver/Src/stm32f4xx_ll_usb.c ****   }
1445:Drivers/STM32F4xx_HAL_Driver/Src/stm32f4xx_ll_usb.c **** 
1446:Drivers/STM32F4xx_HAL_Driver/Src/stm32f4xx_ll_usb.c ****   /* Make sure the FIFOs are flushed. */
1447:Drivers/STM32F4xx_HAL_Driver/Src/stm32f4xx_ll_usb.c ****   (void)USB_FlushTxFifo(USBx, 0x10U); /* all Tx FIFOs */
 3484              		.loc 1 1447 3 is_stmt 1 view .LVU1189
 3485              		.loc 1 1447 9 is_stmt 0 view .LVU1190
 3486 0060 1021     		movs	r1, #16
 3487 0062 2046     		mov	r0, r4
 3488 0064 FFF7FEFF 		bl	USB_FlushTxFifo
 3489              	.LVL276:
1448:Drivers/STM32F4xx_HAL_Driver/Src/stm32f4xx_ll_usb.c ****   (void)USB_FlushRxFifo(USBx);
 3490              		.loc 1 1448 3 is_stmt 1 view .LVU1191
 3491              		.loc 1 1448 9 is_stmt 0 view .LVU1192
 3492 0068 2046     		mov	r0, r4
 3493 006a FFF7FEFF 		bl	USB_FlushRxFifo
 3494              	.LVL277:
1449:Drivers/STM32F4xx_HAL_Driver/Src/stm32f4xx_ll_usb.c **** 
1450:Drivers/STM32F4xx_HAL_Driver/Src/stm32f4xx_ll_usb.c ****   /* Clear all pending HC Interrupts */
1451:Drivers/STM32F4xx_HAL_Driver/Src/stm32f4xx_ll_usb.c ****   for (i = 0U; i < cfg.Host_channels; i++)
 3495              		.loc 1 1451 3 is_stmt 1 view .LVU1193
 3496              		.loc 1 1451 10 is_stmt 0 view .LVU1194
 3497 006e 0022     		movs	r2, #0
 3498              		.loc 1 1451 3 view .LVU1195
 3499 0070 09E0     		b	.L220
 3500              	.LVL278:
 3501              	.L221:
1452:Drivers/STM32F4xx_HAL_Driver/Src/stm32f4xx_ll_usb.c ****   {
1453:Drivers/STM32F4xx_HAL_Driver/Src/stm32f4xx_ll_usb.c ****     USBx_HC(i)->HCINT = 0xFFFFFFFFU;
 3502              		.loc 1 1453 5 is_stmt 1 view .LVU1196
 3503 0072 04EB4213 		add	r3, r4, r2, lsl #5
 3504              		.loc 1 1453 23 is_stmt 0 view .LVU1197
 3505 0076 4FF0FF31 		mov	r1, #-1
 3506 007a C3F80815 		str	r1, [r3, #1288]
1454:Drivers/STM32F4xx_HAL_Driver/Src/stm32f4xx_ll_usb.c ****     USBx_HC(i)->HCINTMSK = 0U;
 3507              		.loc 1 1454 5 is_stmt 1 view .LVU1198
 3508              		.loc 1 1454 26 is_stmt 0 view .LVU1199
 3509 007e 0021     		movs	r1, #0
 3510 0080 C3F80C15 		str	r1, [r3, #1292]
1451:Drivers/STM32F4xx_HAL_Driver/Src/stm32f4xx_ll_usb.c ****   {
 3511              		.loc 1 1451 40 is_stmt 1 discriminator 3 view .LVU1200
 3512 0084 0132     		adds	r2, r2, #1
 3513              	.LVL279:
 3514              	.L220:
1451:Drivers/STM32F4xx_HAL_Driver/Src/stm32f4xx_ll_usb.c ****   {
 3515              		.loc 1 1451 18 discriminator 1 view .LVU1201
1451:Drivers/STM32F4xx_HAL_Driver/Src/stm32f4xx_ll_usb.c ****   {
 3516              		.loc 1 1451 23 is_stmt 0 discriminator 1 view .LVU1202
 3517 0086 049B     		ldr	r3, [sp, #16]
1451:Drivers/STM32F4xx_HAL_Driver/Src/stm32f4xx_ll_usb.c ****   {
 3518              		.loc 1 1451 18 discriminator 1 view .LVU1203
ARM GAS  /tmp/ccNXSnaU.s 			page 107


 3519 0088 9342     		cmp	r3, r2
 3520 008a F2D8     		bhi	.L221
1455:Drivers/STM32F4xx_HAL_Driver/Src/stm32f4xx_ll_usb.c ****   }
1456:Drivers/STM32F4xx_HAL_Driver/Src/stm32f4xx_ll_usb.c **** 
1457:Drivers/STM32F4xx_HAL_Driver/Src/stm32f4xx_ll_usb.c ****   /* Disable all interrupts. */
1458:Drivers/STM32F4xx_HAL_Driver/Src/stm32f4xx_ll_usb.c ****   USBx->GINTMSK = 0U;
 3521              		.loc 1 1458 3 is_stmt 1 view .LVU1204
 3522              		.loc 1 1458 17 is_stmt 0 view .LVU1205
 3523 008c 0023     		movs	r3, #0
 3524 008e A361     		str	r3, [r4, #24]
1459:Drivers/STM32F4xx_HAL_Driver/Src/stm32f4xx_ll_usb.c **** 
1460:Drivers/STM32F4xx_HAL_Driver/Src/stm32f4xx_ll_usb.c ****   /* Clear any pending interrupts */
1461:Drivers/STM32F4xx_HAL_Driver/Src/stm32f4xx_ll_usb.c ****   USBx->GINTSTS = 0xFFFFFFFFU;
 3525              		.loc 1 1461 3 is_stmt 1 view .LVU1206
 3526              		.loc 1 1461 17 is_stmt 0 view .LVU1207
 3527 0090 4FF0FF33 		mov	r3, #-1
 3528 0094 6361     		str	r3, [r4, #20]
1462:Drivers/STM32F4xx_HAL_Driver/Src/stm32f4xx_ll_usb.c **** 
1463:Drivers/STM32F4xx_HAL_Driver/Src/stm32f4xx_ll_usb.c ****   if ((USBx->CID & (0x1U << 8)) != 0U)
 3529              		.loc 1 1463 3 is_stmt 1 view .LVU1208
 3530              		.loc 1 1463 12 is_stmt 0 view .LVU1209
 3531 0096 E36B     		ldr	r3, [r4, #60]
 3532              		.loc 1 1463 6 view .LVU1210
 3533 0098 13F4807F 		tst	r3, #256
 3534 009c 17D0     		beq	.L222
1464:Drivers/STM32F4xx_HAL_Driver/Src/stm32f4xx_ll_usb.c ****   {
1465:Drivers/STM32F4xx_HAL_Driver/Src/stm32f4xx_ll_usb.c ****     /* set Rx FIFO size */
1466:Drivers/STM32F4xx_HAL_Driver/Src/stm32f4xx_ll_usb.c ****     USBx->GRXFSIZ  = 0x200U;
 3535              		.loc 1 1466 5 is_stmt 1 view .LVU1211
 3536              		.loc 1 1466 20 is_stmt 0 view .LVU1212
 3537 009e 4FF40073 		mov	r3, #512
 3538 00a2 6362     		str	r3, [r4, #36]
1467:Drivers/STM32F4xx_HAL_Driver/Src/stm32f4xx_ll_usb.c ****     USBx->DIEPTXF0_HNPTXFSIZ = (uint32_t)(((0x100U << 16) & USB_OTG_NPTXFD) | 0x200U);
 3539              		.loc 1 1467 5 is_stmt 1 view .LVU1213
 3540              		.loc 1 1467 30 is_stmt 0 view .LVU1214
 3541 00a4 03F18073 		add	r3, r3, #16777216
 3542 00a8 A362     		str	r3, [r4, #40]
1468:Drivers/STM32F4xx_HAL_Driver/Src/stm32f4xx_ll_usb.c ****     USBx->HPTXFSIZ = (uint32_t)(((0xE0U << 16) & USB_OTG_HPTXFSIZ_PTXFD) | 0x300U);
 3543              		.loc 1 1468 5 is_stmt 1 view .LVU1215
 3544              		.loc 1 1468 20 is_stmt 0 view .LVU1216
 3545 00aa 0D4B     		ldr	r3, .L227
 3546 00ac C4F80031 		str	r3, [r4, #256]
 3547              	.L223:
1469:Drivers/STM32F4xx_HAL_Driver/Src/stm32f4xx_ll_usb.c ****   }
1470:Drivers/STM32F4xx_HAL_Driver/Src/stm32f4xx_ll_usb.c ****   else
1471:Drivers/STM32F4xx_HAL_Driver/Src/stm32f4xx_ll_usb.c ****   {
1472:Drivers/STM32F4xx_HAL_Driver/Src/stm32f4xx_ll_usb.c ****     /* set Rx FIFO size */
1473:Drivers/STM32F4xx_HAL_Driver/Src/stm32f4xx_ll_usb.c ****     USBx->GRXFSIZ  = 0x80U;
1474:Drivers/STM32F4xx_HAL_Driver/Src/stm32f4xx_ll_usb.c ****     USBx->DIEPTXF0_HNPTXFSIZ = (uint32_t)(((0x60U << 16) & USB_OTG_NPTXFD) | 0x80U);
1475:Drivers/STM32F4xx_HAL_Driver/Src/stm32f4xx_ll_usb.c ****     USBx->HPTXFSIZ = (uint32_t)(((0x40U << 16)& USB_OTG_HPTXFSIZ_PTXFD) | 0xE0U);
1476:Drivers/STM32F4xx_HAL_Driver/Src/stm32f4xx_ll_usb.c ****   }
1477:Drivers/STM32F4xx_HAL_Driver/Src/stm32f4xx_ll_usb.c **** 
1478:Drivers/STM32F4xx_HAL_Driver/Src/stm32f4xx_ll_usb.c ****   /* Enable the common interrupts */
1479:Drivers/STM32F4xx_HAL_Driver/Src/stm32f4xx_ll_usb.c ****   if (cfg.dma_enable == 0U)
 3548              		.loc 1 1479 3 is_stmt 1 view .LVU1217
 3549              		.loc 1 1479 10 is_stmt 0 view .LVU1218
 3550 00b0 069B     		ldr	r3, [sp, #24]
ARM GAS  /tmp/ccNXSnaU.s 			page 108


 3551              		.loc 1 1479 6 view .LVU1219
 3552 00b2 1BB9     		cbnz	r3, .L224
1480:Drivers/STM32F4xx_HAL_Driver/Src/stm32f4xx_ll_usb.c ****   {
1481:Drivers/STM32F4xx_HAL_Driver/Src/stm32f4xx_ll_usb.c ****     USBx->GINTMSK |= USB_OTG_GINTMSK_RXFLVLM;
 3553              		.loc 1 1481 5 is_stmt 1 view .LVU1220
 3554              		.loc 1 1481 9 is_stmt 0 view .LVU1221
 3555 00b4 A369     		ldr	r3, [r4, #24]
 3556              		.loc 1 1481 19 view .LVU1222
 3557 00b6 43F01003 		orr	r3, r3, #16
 3558 00ba A361     		str	r3, [r4, #24]
 3559              	.L224:
1482:Drivers/STM32F4xx_HAL_Driver/Src/stm32f4xx_ll_usb.c ****   }
1483:Drivers/STM32F4xx_HAL_Driver/Src/stm32f4xx_ll_usb.c **** 
1484:Drivers/STM32F4xx_HAL_Driver/Src/stm32f4xx_ll_usb.c ****   /* Enable interrupts matching to the Host mode ONLY */
1485:Drivers/STM32F4xx_HAL_Driver/Src/stm32f4xx_ll_usb.c ****   USBx->GINTMSK |= (USB_OTG_GINTMSK_PRTIM            | USB_OTG_GINTMSK_HCIM | \
 3560              		.loc 1 1485 3 is_stmt 1 view .LVU1223
 3561              		.loc 1 1485 7 is_stmt 0 view .LVU1224
 3562 00bc A269     		ldr	r2, [r4, #24]
 3563              	.LVL280:
 3564              		.loc 1 1485 17 view .LVU1225
 3565 00be 094B     		ldr	r3, .L227+4
 3566 00c0 1343     		orrs	r3, r3, r2
 3567 00c2 A361     		str	r3, [r4, #24]
1486:Drivers/STM32F4xx_HAL_Driver/Src/stm32f4xx_ll_usb.c ****                     USB_OTG_GINTMSK_SOFM             | USB_OTG_GINTSTS_DISCINT | \
1487:Drivers/STM32F4xx_HAL_Driver/Src/stm32f4xx_ll_usb.c ****                     USB_OTG_GINTMSK_PXFRM_IISOOXFRM  | USB_OTG_GINTMSK_WUIM);
1488:Drivers/STM32F4xx_HAL_Driver/Src/stm32f4xx_ll_usb.c **** 
1489:Drivers/STM32F4xx_HAL_Driver/Src/stm32f4xx_ll_usb.c ****   return HAL_OK;
 3568              		.loc 1 1489 3 is_stmt 1 view .LVU1226
1490:Drivers/STM32F4xx_HAL_Driver/Src/stm32f4xx_ll_usb.c **** }
 3569              		.loc 1 1490 1 is_stmt 0 view .LVU1227
 3570 00c4 0020     		movs	r0, #0
 3571 00c6 BDE81040 		pop	{r4, lr}
 3572              		.cfi_remember_state
 3573              		.cfi_restore 14
 3574              		.cfi_restore 4
 3575              		.cfi_def_cfa_offset 16
 3576              	.LVL281:
 3577              		.loc 1 1490 1 view .LVU1228
 3578 00ca 04B0     		add	sp, sp, #16
 3579              		.cfi_def_cfa_offset 0
 3580 00cc 7047     		bx	lr
 3581              	.LVL282:
 3582              	.L222:
 3583              		.cfi_restore_state
1473:Drivers/STM32F4xx_HAL_Driver/Src/stm32f4xx_ll_usb.c ****     USBx->DIEPTXF0_HNPTXFSIZ = (uint32_t)(((0x60U << 16) & USB_OTG_NPTXFD) | 0x80U);
 3584              		.loc 1 1473 5 is_stmt 1 view .LVU1229
1473:Drivers/STM32F4xx_HAL_Driver/Src/stm32f4xx_ll_usb.c ****     USBx->DIEPTXF0_HNPTXFSIZ = (uint32_t)(((0x60U << 16) & USB_OTG_NPTXFD) | 0x80U);
 3585              		.loc 1 1473 20 is_stmt 0 view .LVU1230
 3586 00ce 8023     		movs	r3, #128
 3587 00d0 6362     		str	r3, [r4, #36]
1474:Drivers/STM32F4xx_HAL_Driver/Src/stm32f4xx_ll_usb.c ****     USBx->HPTXFSIZ = (uint32_t)(((0x40U << 16)& USB_OTG_HPTXFSIZ_PTXFD) | 0xE0U);
 3588              		.loc 1 1474 5 is_stmt 1 view .LVU1231
1474:Drivers/STM32F4xx_HAL_Driver/Src/stm32f4xx_ll_usb.c ****     USBx->HPTXFSIZ = (uint32_t)(((0x40U << 16)& USB_OTG_HPTXFSIZ_PTXFD) | 0xE0U);
 3589              		.loc 1 1474 30 is_stmt 0 view .LVU1232
 3590 00d2 03F5C003 		add	r3, r3, #6291456
 3591 00d6 A362     		str	r3, [r4, #40]
1475:Drivers/STM32F4xx_HAL_Driver/Src/stm32f4xx_ll_usb.c ****   }
ARM GAS  /tmp/ccNXSnaU.s 			page 109


 3592              		.loc 1 1475 5 is_stmt 1 view .LVU1233
1475:Drivers/STM32F4xx_HAL_Driver/Src/stm32f4xx_ll_usb.c ****   }
 3593              		.loc 1 1475 20 is_stmt 0 view .LVU1234
 3594 00d8 034B     		ldr	r3, .L227+8
 3595 00da C4F80031 		str	r3, [r4, #256]
 3596 00de E7E7     		b	.L223
 3597              	.L228:
 3598              		.align	2
 3599              	.L227:
 3600 00e0 0003E000 		.word	14680832
 3601 00e4 080020A3 		.word	-1558183928
 3602 00e8 E0004000 		.word	4194528
 3603              		.cfi_endproc
 3604              	.LFE250:
 3606              		.section	.text.USB_InitFSLSPClkSel,"ax",%progbits
 3607              		.align	1
 3608              		.global	USB_InitFSLSPClkSel
 3609              		.syntax unified
 3610              		.thumb
 3611              		.thumb_func
 3613              	USB_InitFSLSPClkSel:
 3614              	.LVL283:
 3615              	.LFB251:
1491:Drivers/STM32F4xx_HAL_Driver/Src/stm32f4xx_ll_usb.c **** 
1492:Drivers/STM32F4xx_HAL_Driver/Src/stm32f4xx_ll_usb.c **** /**
1493:Drivers/STM32F4xx_HAL_Driver/Src/stm32f4xx_ll_usb.c ****   * @brief  USB_InitFSLSPClkSel : Initializes the FSLSPClkSel field of the
1494:Drivers/STM32F4xx_HAL_Driver/Src/stm32f4xx_ll_usb.c ****   *         HCFG register on the PHY type and set the right frame interval
1495:Drivers/STM32F4xx_HAL_Driver/Src/stm32f4xx_ll_usb.c ****   * @param  USBx  Selected device
1496:Drivers/STM32F4xx_HAL_Driver/Src/stm32f4xx_ll_usb.c ****   * @param  freq  clock frequency
1497:Drivers/STM32F4xx_HAL_Driver/Src/stm32f4xx_ll_usb.c ****   *          This parameter can be one of these values:
1498:Drivers/STM32F4xx_HAL_Driver/Src/stm32f4xx_ll_usb.c ****   *           HCFG_48_MHZ : Full Speed 48 MHz Clock
1499:Drivers/STM32F4xx_HAL_Driver/Src/stm32f4xx_ll_usb.c ****   *           HCFG_6_MHZ : Low Speed 6 MHz Clock
1500:Drivers/STM32F4xx_HAL_Driver/Src/stm32f4xx_ll_usb.c ****   * @retval HAL status
1501:Drivers/STM32F4xx_HAL_Driver/Src/stm32f4xx_ll_usb.c ****   */
1502:Drivers/STM32F4xx_HAL_Driver/Src/stm32f4xx_ll_usb.c **** HAL_StatusTypeDef USB_InitFSLSPClkSel(USB_OTG_GlobalTypeDef *USBx, uint8_t freq)
1503:Drivers/STM32F4xx_HAL_Driver/Src/stm32f4xx_ll_usb.c **** {
 3616              		.loc 1 1503 1 is_stmt 1 view -0
 3617              		.cfi_startproc
 3618              		@ args = 0, pretend = 0, frame = 0
 3619              		@ frame_needed = 0, uses_anonymous_args = 0
 3620              		@ link register save eliminated.
1504:Drivers/STM32F4xx_HAL_Driver/Src/stm32f4xx_ll_usb.c ****   uint32_t USBx_BASE = (uint32_t)USBx;
 3621              		.loc 1 1504 3 view .LVU1236
1505:Drivers/STM32F4xx_HAL_Driver/Src/stm32f4xx_ll_usb.c **** 
1506:Drivers/STM32F4xx_HAL_Driver/Src/stm32f4xx_ll_usb.c ****   USBx_HOST->HCFG &= ~(USB_OTG_HCFG_FSLSPCS);
 3622              		.loc 1 1506 3 view .LVU1237
 3623              		.loc 1 1506 12 is_stmt 0 view .LVU1238
 3624 0000 00F5806C 		add	ip, r0, #1024
 3625 0004 D0F80034 		ldr	r3, [r0, #1024]
 3626              		.loc 1 1506 19 view .LVU1239
 3627 0008 23F00303 		bic	r3, r3, #3
 3628 000c C0F80034 		str	r3, [r0, #1024]
1507:Drivers/STM32F4xx_HAL_Driver/Src/stm32f4xx_ll_usb.c ****   USBx_HOST->HCFG |= (uint32_t)freq & USB_OTG_HCFG_FSLSPCS;
 3629              		.loc 1 1507 3 is_stmt 1 view .LVU1240
 3630              		.loc 1 1507 12 is_stmt 0 view .LVU1241
 3631 0010 D0F80034 		ldr	r3, [r0, #1024]
 3632              		.loc 1 1507 37 view .LVU1242
ARM GAS  /tmp/ccNXSnaU.s 			page 110


 3633 0014 01F00302 		and	r2, r1, #3
 3634              		.loc 1 1507 19 view .LVU1243
 3635 0018 1343     		orrs	r3, r3, r2
 3636 001a C0F80034 		str	r3, [r0, #1024]
1508:Drivers/STM32F4xx_HAL_Driver/Src/stm32f4xx_ll_usb.c **** 
1509:Drivers/STM32F4xx_HAL_Driver/Src/stm32f4xx_ll_usb.c ****   if (freq == HCFG_48_MHZ)
 3637              		.loc 1 1509 3 is_stmt 1 view .LVU1244
 3638              		.loc 1 1509 6 is_stmt 0 view .LVU1245
 3639 001e 0129     		cmp	r1, #1
 3640 0020 03D0     		beq	.L232
1510:Drivers/STM32F4xx_HAL_Driver/Src/stm32f4xx_ll_usb.c ****   {
1511:Drivers/STM32F4xx_HAL_Driver/Src/stm32f4xx_ll_usb.c ****     USBx_HOST->HFIR = 48000U;
1512:Drivers/STM32F4xx_HAL_Driver/Src/stm32f4xx_ll_usb.c ****   }
1513:Drivers/STM32F4xx_HAL_Driver/Src/stm32f4xx_ll_usb.c ****   else if (freq == HCFG_6_MHZ)
 3641              		.loc 1 1513 8 is_stmt 1 view .LVU1246
 3642              		.loc 1 1513 11 is_stmt 0 view .LVU1247
 3643 0022 0229     		cmp	r1, #2
 3644 0024 06D0     		beq	.L233
 3645              	.L231:
1514:Drivers/STM32F4xx_HAL_Driver/Src/stm32f4xx_ll_usb.c ****   {
1515:Drivers/STM32F4xx_HAL_Driver/Src/stm32f4xx_ll_usb.c ****     USBx_HOST->HFIR = 6000U;
1516:Drivers/STM32F4xx_HAL_Driver/Src/stm32f4xx_ll_usb.c ****   }
1517:Drivers/STM32F4xx_HAL_Driver/Src/stm32f4xx_ll_usb.c ****   else
1518:Drivers/STM32F4xx_HAL_Driver/Src/stm32f4xx_ll_usb.c ****   {
1519:Drivers/STM32F4xx_HAL_Driver/Src/stm32f4xx_ll_usb.c ****     /* ... */
1520:Drivers/STM32F4xx_HAL_Driver/Src/stm32f4xx_ll_usb.c ****   }
 3646              		.loc 1 1520 3 is_stmt 1 view .LVU1248
1521:Drivers/STM32F4xx_HAL_Driver/Src/stm32f4xx_ll_usb.c **** 
1522:Drivers/STM32F4xx_HAL_Driver/Src/stm32f4xx_ll_usb.c ****   return HAL_OK;
 3647              		.loc 1 1522 3 view .LVU1249
1523:Drivers/STM32F4xx_HAL_Driver/Src/stm32f4xx_ll_usb.c **** }
 3648              		.loc 1 1523 1 is_stmt 0 view .LVU1250
 3649 0026 0020     		movs	r0, #0
 3650              	.LVL284:
 3651              		.loc 1 1523 1 view .LVU1251
 3652 0028 7047     		bx	lr
 3653              	.LVL285:
 3654              	.L232:
1511:Drivers/STM32F4xx_HAL_Driver/Src/stm32f4xx_ll_usb.c ****   }
 3655              		.loc 1 1511 5 is_stmt 1 view .LVU1252
1511:Drivers/STM32F4xx_HAL_Driver/Src/stm32f4xx_ll_usb.c ****   }
 3656              		.loc 1 1511 21 is_stmt 0 view .LVU1253
 3657 002a 4BF68033 		movw	r3, #48000
 3658 002e CCF80430 		str	r3, [ip, #4]
 3659 0032 F8E7     		b	.L231
 3660              	.L233:
1515:Drivers/STM32F4xx_HAL_Driver/Src/stm32f4xx_ll_usb.c ****   }
 3661              		.loc 1 1515 5 is_stmt 1 view .LVU1254
1515:Drivers/STM32F4xx_HAL_Driver/Src/stm32f4xx_ll_usb.c ****   }
 3662              		.loc 1 1515 21 is_stmt 0 view .LVU1255
 3663 0034 41F27073 		movw	r3, #6000
 3664 0038 CCF80430 		str	r3, [ip, #4]
 3665 003c F3E7     		b	.L231
 3666              		.cfi_endproc
 3667              	.LFE251:
 3669              		.section	.text.USB_ResetPort,"ax",%progbits
 3670              		.align	1
ARM GAS  /tmp/ccNXSnaU.s 			page 111


 3671              		.global	USB_ResetPort
 3672              		.syntax unified
 3673              		.thumb
 3674              		.thumb_func
 3676              	USB_ResetPort:
 3677              	.LVL286:
 3678              	.LFB252:
1524:Drivers/STM32F4xx_HAL_Driver/Src/stm32f4xx_ll_usb.c **** 
1525:Drivers/STM32F4xx_HAL_Driver/Src/stm32f4xx_ll_usb.c **** /**
1526:Drivers/STM32F4xx_HAL_Driver/Src/stm32f4xx_ll_usb.c ****   * @brief  USB_OTG_ResetPort : Reset Host Port
1527:Drivers/STM32F4xx_HAL_Driver/Src/stm32f4xx_ll_usb.c ****   * @param  USBx  Selected device
1528:Drivers/STM32F4xx_HAL_Driver/Src/stm32f4xx_ll_usb.c ****   * @retval HAL status
1529:Drivers/STM32F4xx_HAL_Driver/Src/stm32f4xx_ll_usb.c ****   * @note (1)The application must wait at least 10 ms
1530:Drivers/STM32F4xx_HAL_Driver/Src/stm32f4xx_ll_usb.c ****   *   before clearing the reset bit.
1531:Drivers/STM32F4xx_HAL_Driver/Src/stm32f4xx_ll_usb.c ****   */
1532:Drivers/STM32F4xx_HAL_Driver/Src/stm32f4xx_ll_usb.c **** HAL_StatusTypeDef USB_ResetPort(USB_OTG_GlobalTypeDef *USBx)
1533:Drivers/STM32F4xx_HAL_Driver/Src/stm32f4xx_ll_usb.c **** {
 3679              		.loc 1 1533 1 is_stmt 1 view -0
 3680              		.cfi_startproc
 3681              		@ args = 0, pretend = 0, frame = 8
 3682              		@ frame_needed = 0, uses_anonymous_args = 0
 3683              		.loc 1 1533 1 is_stmt 0 view .LVU1257
 3684 0000 30B5     		push	{r4, r5, lr}
 3685              		.cfi_def_cfa_offset 12
 3686              		.cfi_offset 4, -12
 3687              		.cfi_offset 5, -8
 3688              		.cfi_offset 14, -4
 3689 0002 83B0     		sub	sp, sp, #12
 3690              		.cfi_def_cfa_offset 24
 3691 0004 0446     		mov	r4, r0
1534:Drivers/STM32F4xx_HAL_Driver/Src/stm32f4xx_ll_usb.c ****   uint32_t USBx_BASE = (uint32_t)USBx;
 3692              		.loc 1 1534 3 is_stmt 1 view .LVU1258
 3693              	.LVL287:
1535:Drivers/STM32F4xx_HAL_Driver/Src/stm32f4xx_ll_usb.c **** 
1536:Drivers/STM32F4xx_HAL_Driver/Src/stm32f4xx_ll_usb.c ****   __IO uint32_t hprt0 = 0U;
 3694              		.loc 1 1536 3 view .LVU1259
 3695              		.loc 1 1536 17 is_stmt 0 view .LVU1260
 3696 0006 0025     		movs	r5, #0
 3697 0008 0195     		str	r5, [sp, #4]
1537:Drivers/STM32F4xx_HAL_Driver/Src/stm32f4xx_ll_usb.c **** 
1538:Drivers/STM32F4xx_HAL_Driver/Src/stm32f4xx_ll_usb.c ****   hprt0 = USBx_HPRT0;
 3698              		.loc 1 1538 3 is_stmt 1 view .LVU1261
 3699              		.loc 1 1538 11 is_stmt 0 view .LVU1262
 3700 000a D0F84034 		ldr	r3, [r0, #1088]
 3701              		.loc 1 1538 9 view .LVU1263
 3702 000e 0193     		str	r3, [sp, #4]
1539:Drivers/STM32F4xx_HAL_Driver/Src/stm32f4xx_ll_usb.c **** 
1540:Drivers/STM32F4xx_HAL_Driver/Src/stm32f4xx_ll_usb.c ****   hprt0 &= ~(USB_OTG_HPRT_PENA | USB_OTG_HPRT_PCDET |
 3703              		.loc 1 1540 3 is_stmt 1 view .LVU1264
 3704              		.loc 1 1540 9 is_stmt 0 view .LVU1265
 3705 0010 019B     		ldr	r3, [sp, #4]
 3706 0012 23F02E03 		bic	r3, r3, #46
 3707 0016 0193     		str	r3, [sp, #4]
1541:Drivers/STM32F4xx_HAL_Driver/Src/stm32f4xx_ll_usb.c ****              USB_OTG_HPRT_PENCHNG | USB_OTG_HPRT_POCCHNG);
1542:Drivers/STM32F4xx_HAL_Driver/Src/stm32f4xx_ll_usb.c **** 
1543:Drivers/STM32F4xx_HAL_Driver/Src/stm32f4xx_ll_usb.c ****   USBx_HPRT0 = (USB_OTG_HPRT_PRST | hprt0);
 3708              		.loc 1 1543 3 is_stmt 1 view .LVU1266
ARM GAS  /tmp/ccNXSnaU.s 			page 112


 3709              		.loc 1 1543 35 is_stmt 0 view .LVU1267
 3710 0018 019B     		ldr	r3, [sp, #4]
 3711 001a 43F48073 		orr	r3, r3, #256
 3712              		.loc 1 1543 14 view .LVU1268
 3713 001e C0F84034 		str	r3, [r0, #1088]
1544:Drivers/STM32F4xx_HAL_Driver/Src/stm32f4xx_ll_usb.c ****   HAL_Delay(100U);                                 /* See Note #1 */
 3714              		.loc 1 1544 3 is_stmt 1 view .LVU1269
 3715 0022 6420     		movs	r0, #100
 3716              	.LVL288:
 3717              		.loc 1 1544 3 is_stmt 0 view .LVU1270
 3718 0024 FFF7FEFF 		bl	HAL_Delay
 3719              	.LVL289:
1545:Drivers/STM32F4xx_HAL_Driver/Src/stm32f4xx_ll_usb.c ****   USBx_HPRT0 = ((~USB_OTG_HPRT_PRST) & hprt0);
 3720              		.loc 1 1545 3 is_stmt 1 view .LVU1271
 3721              		.loc 1 1545 38 is_stmt 0 view .LVU1272
 3722 0028 019B     		ldr	r3, [sp, #4]
 3723 002a 23F48073 		bic	r3, r3, #256
 3724              		.loc 1 1545 14 view .LVU1273
 3725 002e C4F84034 		str	r3, [r4, #1088]
1546:Drivers/STM32F4xx_HAL_Driver/Src/stm32f4xx_ll_usb.c ****   HAL_Delay(10U);
 3726              		.loc 1 1546 3 is_stmt 1 view .LVU1274
 3727 0032 0A20     		movs	r0, #10
 3728 0034 FFF7FEFF 		bl	HAL_Delay
 3729              	.LVL290:
1547:Drivers/STM32F4xx_HAL_Driver/Src/stm32f4xx_ll_usb.c **** 
1548:Drivers/STM32F4xx_HAL_Driver/Src/stm32f4xx_ll_usb.c ****   return HAL_OK;
 3730              		.loc 1 1548 3 view .LVU1275
1549:Drivers/STM32F4xx_HAL_Driver/Src/stm32f4xx_ll_usb.c **** }
 3731              		.loc 1 1549 1 is_stmt 0 view .LVU1276
 3732 0038 2846     		mov	r0, r5
 3733 003a 03B0     		add	sp, sp, #12
 3734              		.cfi_def_cfa_offset 12
 3735              		@ sp needed
 3736 003c 30BD     		pop	{r4, r5, pc}
 3737              		.loc 1 1549 1 view .LVU1277
 3738              		.cfi_endproc
 3739              	.LFE252:
 3741              		.section	.text.USB_DriveVbus,"ax",%progbits
 3742              		.align	1
 3743              		.global	USB_DriveVbus
 3744              		.syntax unified
 3745              		.thumb
 3746              		.thumb_func
 3748              	USB_DriveVbus:
 3749              	.LVL291:
 3750              	.LFB253:
1550:Drivers/STM32F4xx_HAL_Driver/Src/stm32f4xx_ll_usb.c **** 
1551:Drivers/STM32F4xx_HAL_Driver/Src/stm32f4xx_ll_usb.c **** /**
1552:Drivers/STM32F4xx_HAL_Driver/Src/stm32f4xx_ll_usb.c ****   * @brief  USB_DriveVbus : activate or de-activate vbus
1553:Drivers/STM32F4xx_HAL_Driver/Src/stm32f4xx_ll_usb.c ****   * @param  state  VBUS state
1554:Drivers/STM32F4xx_HAL_Driver/Src/stm32f4xx_ll_usb.c ****   *          This parameter can be one of these values:
1555:Drivers/STM32F4xx_HAL_Driver/Src/stm32f4xx_ll_usb.c ****   *           0 : Deactivate VBUS
1556:Drivers/STM32F4xx_HAL_Driver/Src/stm32f4xx_ll_usb.c ****   *           1 : Activate VBUS
1557:Drivers/STM32F4xx_HAL_Driver/Src/stm32f4xx_ll_usb.c ****   * @retval HAL status
1558:Drivers/STM32F4xx_HAL_Driver/Src/stm32f4xx_ll_usb.c ****   */
1559:Drivers/STM32F4xx_HAL_Driver/Src/stm32f4xx_ll_usb.c **** HAL_StatusTypeDef USB_DriveVbus(USB_OTG_GlobalTypeDef *USBx, uint8_t state)
1560:Drivers/STM32F4xx_HAL_Driver/Src/stm32f4xx_ll_usb.c **** {
ARM GAS  /tmp/ccNXSnaU.s 			page 113


 3751              		.loc 1 1560 1 is_stmt 1 view -0
 3752              		.cfi_startproc
 3753              		@ args = 0, pretend = 0, frame = 8
 3754              		@ frame_needed = 0, uses_anonymous_args = 0
 3755              		@ link register save eliminated.
 3756              		.loc 1 1560 1 is_stmt 0 view .LVU1279
 3757 0000 82B0     		sub	sp, sp, #8
 3758              		.cfi_def_cfa_offset 8
1561:Drivers/STM32F4xx_HAL_Driver/Src/stm32f4xx_ll_usb.c ****   uint32_t USBx_BASE = (uint32_t)USBx;
 3759              		.loc 1 1561 3 is_stmt 1 view .LVU1280
 3760              	.LVL292:
1562:Drivers/STM32F4xx_HAL_Driver/Src/stm32f4xx_ll_usb.c ****   __IO uint32_t hprt0 = 0U;
 3761              		.loc 1 1562 3 view .LVU1281
 3762              		.loc 1 1562 17 is_stmt 0 view .LVU1282
 3763 0002 0023     		movs	r3, #0
 3764 0004 0193     		str	r3, [sp, #4]
1563:Drivers/STM32F4xx_HAL_Driver/Src/stm32f4xx_ll_usb.c **** 
1564:Drivers/STM32F4xx_HAL_Driver/Src/stm32f4xx_ll_usb.c ****   hprt0 = USBx_HPRT0;
 3765              		.loc 1 1564 3 is_stmt 1 view .LVU1283
 3766              		.loc 1 1564 11 is_stmt 0 view .LVU1284
 3767 0006 D0F84034 		ldr	r3, [r0, #1088]
 3768              		.loc 1 1564 9 view .LVU1285
 3769 000a 0193     		str	r3, [sp, #4]
1565:Drivers/STM32F4xx_HAL_Driver/Src/stm32f4xx_ll_usb.c **** 
1566:Drivers/STM32F4xx_HAL_Driver/Src/stm32f4xx_ll_usb.c ****   hprt0 &= ~(USB_OTG_HPRT_PENA | USB_OTG_HPRT_PCDET |
 3770              		.loc 1 1566 3 is_stmt 1 view .LVU1286
 3771              		.loc 1 1566 9 is_stmt 0 view .LVU1287
 3772 000c 019B     		ldr	r3, [sp, #4]
 3773 000e 23F02E03 		bic	r3, r3, #46
 3774 0012 0193     		str	r3, [sp, #4]
1567:Drivers/STM32F4xx_HAL_Driver/Src/stm32f4xx_ll_usb.c ****              USB_OTG_HPRT_PENCHNG | USB_OTG_HPRT_POCCHNG);
1568:Drivers/STM32F4xx_HAL_Driver/Src/stm32f4xx_ll_usb.c **** 
1569:Drivers/STM32F4xx_HAL_Driver/Src/stm32f4xx_ll_usb.c ****   if (((hprt0 & USB_OTG_HPRT_PPWR) == 0U) && (state == 1U))
 3775              		.loc 1 1569 3 is_stmt 1 view .LVU1288
 3776              		.loc 1 1569 15 is_stmt 0 view .LVU1289
 3777 0014 019B     		ldr	r3, [sp, #4]
 3778              		.loc 1 1569 6 view .LVU1290
 3779 0016 13F4805F 		tst	r3, #4096
 3780 001a 01D1     		bne	.L237
 3781              		.loc 1 1569 43 discriminator 1 view .LVU1291
 3782 001c 0129     		cmp	r1, #1
 3783 001e 0CD0     		beq	.L240
 3784              	.L237:
1570:Drivers/STM32F4xx_HAL_Driver/Src/stm32f4xx_ll_usb.c ****   {
1571:Drivers/STM32F4xx_HAL_Driver/Src/stm32f4xx_ll_usb.c ****     USBx_HPRT0 = (USB_OTG_HPRT_PPWR | hprt0);
1572:Drivers/STM32F4xx_HAL_Driver/Src/stm32f4xx_ll_usb.c ****   }
1573:Drivers/STM32F4xx_HAL_Driver/Src/stm32f4xx_ll_usb.c ****   if (((hprt0 & USB_OTG_HPRT_PPWR) == USB_OTG_HPRT_PPWR) && (state == 0U))
 3785              		.loc 1 1573 3 is_stmt 1 view .LVU1292
 3786              		.loc 1 1573 15 is_stmt 0 view .LVU1293
 3787 0020 019B     		ldr	r3, [sp, #4]
 3788              		.loc 1 1573 6 view .LVU1294
 3789 0022 13F4805F 		tst	r3, #4096
 3790 0026 05D0     		beq	.L238
 3791              		.loc 1 1573 58 discriminator 1 view .LVU1295
 3792 0028 21B9     		cbnz	r1, .L238
1574:Drivers/STM32F4xx_HAL_Driver/Src/stm32f4xx_ll_usb.c ****   {
1575:Drivers/STM32F4xx_HAL_Driver/Src/stm32f4xx_ll_usb.c ****     USBx_HPRT0 = ((~USB_OTG_HPRT_PPWR) & hprt0);
ARM GAS  /tmp/ccNXSnaU.s 			page 114


 3793              		.loc 1 1575 5 is_stmt 1 view .LVU1296
 3794              		.loc 1 1575 40 is_stmt 0 view .LVU1297
 3795 002a 019B     		ldr	r3, [sp, #4]
 3796 002c 23F48053 		bic	r3, r3, #4096
 3797              		.loc 1 1575 16 view .LVU1298
 3798 0030 C0F84034 		str	r3, [r0, #1088]
 3799              	.L238:
1576:Drivers/STM32F4xx_HAL_Driver/Src/stm32f4xx_ll_usb.c ****   }
1577:Drivers/STM32F4xx_HAL_Driver/Src/stm32f4xx_ll_usb.c ****   return HAL_OK;
 3800              		.loc 1 1577 3 is_stmt 1 view .LVU1299
1578:Drivers/STM32F4xx_HAL_Driver/Src/stm32f4xx_ll_usb.c **** }
 3801              		.loc 1 1578 1 is_stmt 0 view .LVU1300
 3802 0034 0020     		movs	r0, #0
 3803              	.LVL293:
 3804              		.loc 1 1578 1 view .LVU1301
 3805 0036 02B0     		add	sp, sp, #8
 3806              		.cfi_remember_state
 3807              		.cfi_def_cfa_offset 0
 3808              		@ sp needed
 3809 0038 7047     		bx	lr
 3810              	.LVL294:
 3811              	.L240:
 3812              		.cfi_restore_state
1571:Drivers/STM32F4xx_HAL_Driver/Src/stm32f4xx_ll_usb.c ****   }
 3813              		.loc 1 1571 5 is_stmt 1 view .LVU1302
1571:Drivers/STM32F4xx_HAL_Driver/Src/stm32f4xx_ll_usb.c ****   }
 3814              		.loc 1 1571 37 is_stmt 0 view .LVU1303
 3815 003a 019B     		ldr	r3, [sp, #4]
 3816 003c 43F48053 		orr	r3, r3, #4096
1571:Drivers/STM32F4xx_HAL_Driver/Src/stm32f4xx_ll_usb.c ****   }
 3817              		.loc 1 1571 16 view .LVU1304
 3818 0040 C0F84034 		str	r3, [r0, #1088]
 3819 0044 ECE7     		b	.L237
 3820              		.cfi_endproc
 3821              	.LFE253:
 3823              		.section	.text.USB_GetHostSpeed,"ax",%progbits
 3824              		.align	1
 3825              		.global	USB_GetHostSpeed
 3826              		.syntax unified
 3827              		.thumb
 3828              		.thumb_func
 3830              	USB_GetHostSpeed:
 3831              	.LVL295:
 3832              	.LFB254:
1579:Drivers/STM32F4xx_HAL_Driver/Src/stm32f4xx_ll_usb.c **** 
1580:Drivers/STM32F4xx_HAL_Driver/Src/stm32f4xx_ll_usb.c **** /**
1581:Drivers/STM32F4xx_HAL_Driver/Src/stm32f4xx_ll_usb.c ****   * @brief  Return Host Core speed
1582:Drivers/STM32F4xx_HAL_Driver/Src/stm32f4xx_ll_usb.c ****   * @param  USBx  Selected device
1583:Drivers/STM32F4xx_HAL_Driver/Src/stm32f4xx_ll_usb.c ****   * @retval speed : Host speed
1584:Drivers/STM32F4xx_HAL_Driver/Src/stm32f4xx_ll_usb.c ****   *          This parameter can be one of these values:
1585:Drivers/STM32F4xx_HAL_Driver/Src/stm32f4xx_ll_usb.c ****   *            @arg HCD_SPEED_HIGH: High speed mode
1586:Drivers/STM32F4xx_HAL_Driver/Src/stm32f4xx_ll_usb.c ****   *            @arg HCD_SPEED_FULL: Full speed mode
1587:Drivers/STM32F4xx_HAL_Driver/Src/stm32f4xx_ll_usb.c ****   *            @arg HCD_SPEED_LOW: Low speed mode
1588:Drivers/STM32F4xx_HAL_Driver/Src/stm32f4xx_ll_usb.c ****   */
1589:Drivers/STM32F4xx_HAL_Driver/Src/stm32f4xx_ll_usb.c **** uint32_t USB_GetHostSpeed(USB_OTG_GlobalTypeDef *USBx)
1590:Drivers/STM32F4xx_HAL_Driver/Src/stm32f4xx_ll_usb.c **** {
 3833              		.loc 1 1590 1 is_stmt 1 view -0
ARM GAS  /tmp/ccNXSnaU.s 			page 115


 3834              		.cfi_startproc
 3835              		@ args = 0, pretend = 0, frame = 8
 3836              		@ frame_needed = 0, uses_anonymous_args = 0
 3837              		@ link register save eliminated.
 3838              		.loc 1 1590 1 is_stmt 0 view .LVU1306
 3839 0000 82B0     		sub	sp, sp, #8
 3840              		.cfi_def_cfa_offset 8
1591:Drivers/STM32F4xx_HAL_Driver/Src/stm32f4xx_ll_usb.c ****   uint32_t USBx_BASE = (uint32_t)USBx;
 3841              		.loc 1 1591 3 is_stmt 1 view .LVU1307
 3842              	.LVL296:
1592:Drivers/STM32F4xx_HAL_Driver/Src/stm32f4xx_ll_usb.c ****   __IO uint32_t hprt0 = 0U;
 3843              		.loc 1 1592 3 view .LVU1308
 3844              		.loc 1 1592 17 is_stmt 0 view .LVU1309
 3845 0002 0023     		movs	r3, #0
 3846 0004 0193     		str	r3, [sp, #4]
1593:Drivers/STM32F4xx_HAL_Driver/Src/stm32f4xx_ll_usb.c **** 
1594:Drivers/STM32F4xx_HAL_Driver/Src/stm32f4xx_ll_usb.c ****   hprt0 = USBx_HPRT0;
 3847              		.loc 1 1594 3 is_stmt 1 view .LVU1310
 3848              		.loc 1 1594 11 is_stmt 0 view .LVU1311
 3849 0006 D0F84034 		ldr	r3, [r0, #1088]
 3850              		.loc 1 1594 9 view .LVU1312
 3851 000a 0193     		str	r3, [sp, #4]
1595:Drivers/STM32F4xx_HAL_Driver/Src/stm32f4xx_ll_usb.c ****   return ((hprt0 & USB_OTG_HPRT_PSPD) >> 17);
 3852              		.loc 1 1595 3 is_stmt 1 view .LVU1313
 3853              		.loc 1 1595 39 is_stmt 0 view .LVU1314
 3854 000c 0198     		ldr	r0, [sp, #4]
 3855              	.LVL297:
1596:Drivers/STM32F4xx_HAL_Driver/Src/stm32f4xx_ll_usb.c **** }
 3856              		.loc 1 1596 1 view .LVU1315
 3857 000e C0F34140 		ubfx	r0, r0, #17, #2
 3858 0012 02B0     		add	sp, sp, #8
 3859              		.cfi_def_cfa_offset 0
 3860              		@ sp needed
 3861 0014 7047     		bx	lr
 3862              		.cfi_endproc
 3863              	.LFE254:
 3865              		.section	.text.USB_GetCurrentFrame,"ax",%progbits
 3866              		.align	1
 3867              		.global	USB_GetCurrentFrame
 3868              		.syntax unified
 3869              		.thumb
 3870              		.thumb_func
 3872              	USB_GetCurrentFrame:
 3873              	.LVL298:
 3874              	.LFB255:
1597:Drivers/STM32F4xx_HAL_Driver/Src/stm32f4xx_ll_usb.c **** 
1598:Drivers/STM32F4xx_HAL_Driver/Src/stm32f4xx_ll_usb.c **** /**
1599:Drivers/STM32F4xx_HAL_Driver/Src/stm32f4xx_ll_usb.c ****   * @brief  Return Host Current Frame number
1600:Drivers/STM32F4xx_HAL_Driver/Src/stm32f4xx_ll_usb.c ****   * @param  USBx  Selected device
1601:Drivers/STM32F4xx_HAL_Driver/Src/stm32f4xx_ll_usb.c ****   * @retval current frame number
1602:Drivers/STM32F4xx_HAL_Driver/Src/stm32f4xx_ll_usb.c ****   */
1603:Drivers/STM32F4xx_HAL_Driver/Src/stm32f4xx_ll_usb.c **** uint32_t USB_GetCurrentFrame(USB_OTG_GlobalTypeDef *USBx)
1604:Drivers/STM32F4xx_HAL_Driver/Src/stm32f4xx_ll_usb.c **** {
 3875              		.loc 1 1604 1 is_stmt 1 view -0
 3876              		.cfi_startproc
 3877              		@ args = 0, pretend = 0, frame = 0
 3878              		@ frame_needed = 0, uses_anonymous_args = 0
ARM GAS  /tmp/ccNXSnaU.s 			page 116


 3879              		@ link register save eliminated.
1605:Drivers/STM32F4xx_HAL_Driver/Src/stm32f4xx_ll_usb.c ****   uint32_t USBx_BASE = (uint32_t)USBx;
 3880              		.loc 1 1605 3 view .LVU1317
1606:Drivers/STM32F4xx_HAL_Driver/Src/stm32f4xx_ll_usb.c **** 
1607:Drivers/STM32F4xx_HAL_Driver/Src/stm32f4xx_ll_usb.c ****   return (USBx_HOST->HFNUM & USB_OTG_HFNUM_FRNUM);
 3881              		.loc 1 1607 3 view .LVU1318
 3882              		.loc 1 1607 11 is_stmt 0 view .LVU1319
 3883 0000 00F58060 		add	r0, r0, #1024
 3884              	.LVL299:
 3885              		.loc 1 1607 20 view .LVU1320
 3886 0004 8068     		ldr	r0, [r0, #8]
 3887              	.LVL300:
1608:Drivers/STM32F4xx_HAL_Driver/Src/stm32f4xx_ll_usb.c **** }
 3888              		.loc 1 1608 1 view .LVU1321
 3889 0006 80B2     		uxth	r0, r0
 3890 0008 7047     		bx	lr
 3891              		.cfi_endproc
 3892              	.LFE255:
 3894              		.section	.text.USB_HC_Init,"ax",%progbits
 3895              		.align	1
 3896              		.global	USB_HC_Init
 3897              		.syntax unified
 3898              		.thumb
 3899              		.thumb_func
 3901              	USB_HC_Init:
 3902              	.LVL301:
 3903              	.LFB256:
1609:Drivers/STM32F4xx_HAL_Driver/Src/stm32f4xx_ll_usb.c **** 
1610:Drivers/STM32F4xx_HAL_Driver/Src/stm32f4xx_ll_usb.c **** /**
1611:Drivers/STM32F4xx_HAL_Driver/Src/stm32f4xx_ll_usb.c ****   * @brief  Initialize a host channel
1612:Drivers/STM32F4xx_HAL_Driver/Src/stm32f4xx_ll_usb.c ****   * @param  USBx  Selected device
1613:Drivers/STM32F4xx_HAL_Driver/Src/stm32f4xx_ll_usb.c ****   * @param  ch_num  Channel number
1614:Drivers/STM32F4xx_HAL_Driver/Src/stm32f4xx_ll_usb.c ****   *         This parameter can be a value from 1 to 15
1615:Drivers/STM32F4xx_HAL_Driver/Src/stm32f4xx_ll_usb.c ****   * @param  epnum  Endpoint number
1616:Drivers/STM32F4xx_HAL_Driver/Src/stm32f4xx_ll_usb.c ****   *          This parameter can be a value from 1 to 15
1617:Drivers/STM32F4xx_HAL_Driver/Src/stm32f4xx_ll_usb.c ****   * @param  dev_address  Current device address
1618:Drivers/STM32F4xx_HAL_Driver/Src/stm32f4xx_ll_usb.c ****   *          This parameter can be a value from 0 to 255
1619:Drivers/STM32F4xx_HAL_Driver/Src/stm32f4xx_ll_usb.c ****   * @param  speed  Current device speed
1620:Drivers/STM32F4xx_HAL_Driver/Src/stm32f4xx_ll_usb.c ****   *          This parameter can be one of these values:
1621:Drivers/STM32F4xx_HAL_Driver/Src/stm32f4xx_ll_usb.c ****   *            @arg USB_OTG_SPEED_HIGH: High speed mode
1622:Drivers/STM32F4xx_HAL_Driver/Src/stm32f4xx_ll_usb.c ****   *            @arg USB_OTG_SPEED_FULL: Full speed mode
1623:Drivers/STM32F4xx_HAL_Driver/Src/stm32f4xx_ll_usb.c ****   *            @arg USB_OTG_SPEED_LOW: Low speed mode
1624:Drivers/STM32F4xx_HAL_Driver/Src/stm32f4xx_ll_usb.c ****   * @param  ep_type  Endpoint Type
1625:Drivers/STM32F4xx_HAL_Driver/Src/stm32f4xx_ll_usb.c ****   *          This parameter can be one of these values:
1626:Drivers/STM32F4xx_HAL_Driver/Src/stm32f4xx_ll_usb.c ****   *            @arg EP_TYPE_CTRL: Control type
1627:Drivers/STM32F4xx_HAL_Driver/Src/stm32f4xx_ll_usb.c ****   *            @arg EP_TYPE_ISOC: Isochronous type
1628:Drivers/STM32F4xx_HAL_Driver/Src/stm32f4xx_ll_usb.c ****   *            @arg EP_TYPE_BULK: Bulk type
1629:Drivers/STM32F4xx_HAL_Driver/Src/stm32f4xx_ll_usb.c ****   *            @arg EP_TYPE_INTR: Interrupt type
1630:Drivers/STM32F4xx_HAL_Driver/Src/stm32f4xx_ll_usb.c ****   * @param  mps  Max Packet Size
1631:Drivers/STM32F4xx_HAL_Driver/Src/stm32f4xx_ll_usb.c ****   *          This parameter can be a value from 0 to 32K
1632:Drivers/STM32F4xx_HAL_Driver/Src/stm32f4xx_ll_usb.c ****   * @retval HAL state
1633:Drivers/STM32F4xx_HAL_Driver/Src/stm32f4xx_ll_usb.c ****   */
1634:Drivers/STM32F4xx_HAL_Driver/Src/stm32f4xx_ll_usb.c **** HAL_StatusTypeDef USB_HC_Init(USB_OTG_GlobalTypeDef *USBx, uint8_t ch_num,
1635:Drivers/STM32F4xx_HAL_Driver/Src/stm32f4xx_ll_usb.c ****                               uint8_t epnum, uint8_t dev_address, uint8_t speed,
1636:Drivers/STM32F4xx_HAL_Driver/Src/stm32f4xx_ll_usb.c ****                               uint8_t ep_type, uint16_t mps)
1637:Drivers/STM32F4xx_HAL_Driver/Src/stm32f4xx_ll_usb.c **** {
 3904              		.loc 1 1637 1 is_stmt 1 view -0
ARM GAS  /tmp/ccNXSnaU.s 			page 117


 3905              		.cfi_startproc
 3906              		@ args = 12, pretend = 0, frame = 0
 3907              		@ frame_needed = 0, uses_anonymous_args = 0
 3908              		.loc 1 1637 1 is_stmt 0 view .LVU1323
 3909 0000 2DE9F843 		push	{r3, r4, r5, r6, r7, r8, r9, lr}
 3910              		.cfi_def_cfa_offset 32
 3911              		.cfi_offset 3, -32
 3912              		.cfi_offset 4, -28
 3913              		.cfi_offset 5, -24
 3914              		.cfi_offset 6, -20
 3915              		.cfi_offset 7, -16
 3916              		.cfi_offset 8, -12
 3917              		.cfi_offset 9, -8
 3918              		.cfi_offset 14, -4
 3919 0004 9146     		mov	r9, r2
 3920 0006 1C46     		mov	r4, r3
 3921 0008 9DF82450 		ldrb	r5, [sp, #36]	@ zero_extendqisi2
1638:Drivers/STM32F4xx_HAL_Driver/Src/stm32f4xx_ll_usb.c ****   HAL_StatusTypeDef ret = HAL_OK;
 3922              		.loc 1 1638 3 is_stmt 1 view .LVU1324
 3923              	.LVL302:
1639:Drivers/STM32F4xx_HAL_Driver/Src/stm32f4xx_ll_usb.c ****   uint32_t USBx_BASE = (uint32_t)USBx;
 3924              		.loc 1 1639 3 view .LVU1325
1640:Drivers/STM32F4xx_HAL_Driver/Src/stm32f4xx_ll_usb.c ****   uint32_t HCcharEpDir;
 3925              		.loc 1 1640 3 view .LVU1326
1641:Drivers/STM32F4xx_HAL_Driver/Src/stm32f4xx_ll_usb.c ****   uint32_t HCcharLowSpeed;
 3926              		.loc 1 1641 3 view .LVU1327
1642:Drivers/STM32F4xx_HAL_Driver/Src/stm32f4xx_ll_usb.c ****   uint32_t HostCoreSpeed;
 3927              		.loc 1 1642 3 view .LVU1328
1643:Drivers/STM32F4xx_HAL_Driver/Src/stm32f4xx_ll_usb.c **** 
1644:Drivers/STM32F4xx_HAL_Driver/Src/stm32f4xx_ll_usb.c ****   /* Clear old interrupt conditions for this host channel. */
1645:Drivers/STM32F4xx_HAL_Driver/Src/stm32f4xx_ll_usb.c ****   USBx_HC((uint32_t)ch_num)->HCINT = 0xFFFFFFFFU;
 3928              		.loc 1 1645 3 view .LVU1329
 3929 000c 00EB4116 		add	r6, r0, r1, lsl #5
 3930 0010 06F5A063 		add	r3, r6, #1280
 3931              	.LVL303:
 3932              		.loc 1 1645 36 is_stmt 0 view .LVU1330
 3933 0014 4FF0FF32 		mov	r2, #-1
 3934              	.LVL304:
 3935              		.loc 1 1645 36 view .LVU1331
 3936 0018 9A60     		str	r2, [r3, #8]
1646:Drivers/STM32F4xx_HAL_Driver/Src/stm32f4xx_ll_usb.c **** 
1647:Drivers/STM32F4xx_HAL_Driver/Src/stm32f4xx_ll_usb.c ****   /* Enable channel interrupts required for this transfer. */
1648:Drivers/STM32F4xx_HAL_Driver/Src/stm32f4xx_ll_usb.c ****   switch (ep_type)
 3937              		.loc 1 1648 3 is_stmt 1 view .LVU1332
 3938 001a 032D     		cmp	r5, #3
 3939 001c 69D8     		bhi	.L254
 3940 001e DFE805F0 		tbb	[pc, r5]
 3941              	.L247:
 3942 0022 02       		.byte	(.L248-.L247)/2
 3943 0023 5A       		.byte	(.L249-.L247)/2
 3944 0024 02       		.byte	(.L248-.L247)/2
 3945 0025 18       		.byte	(.L246-.L247)/2
 3946              		.p2align 1
 3947              	.L248:
1649:Drivers/STM32F4xx_HAL_Driver/Src/stm32f4xx_ll_usb.c ****   {
1650:Drivers/STM32F4xx_HAL_Driver/Src/stm32f4xx_ll_usb.c ****     case EP_TYPE_CTRL:
1651:Drivers/STM32F4xx_HAL_Driver/Src/stm32f4xx_ll_usb.c ****     case EP_TYPE_BULK:
ARM GAS  /tmp/ccNXSnaU.s 			page 118


1652:Drivers/STM32F4xx_HAL_Driver/Src/stm32f4xx_ll_usb.c ****       USBx_HC((uint32_t)ch_num)->HCINTMSK = USB_OTG_HCINTMSK_XFRCM  |
 3948              		.loc 1 1652 7 view .LVU1333
 3949              		.loc 1 1652 43 is_stmt 0 view .LVU1334
 3950 0026 40F29D42 		movw	r2, #1181
 3951 002a DA60     		str	r2, [r3, #12]
1653:Drivers/STM32F4xx_HAL_Driver/Src/stm32f4xx_ll_usb.c ****                                             USB_OTG_HCINTMSK_STALLM |
1654:Drivers/STM32F4xx_HAL_Driver/Src/stm32f4xx_ll_usb.c ****                                             USB_OTG_HCINTMSK_TXERRM |
1655:Drivers/STM32F4xx_HAL_Driver/Src/stm32f4xx_ll_usb.c ****                                             USB_OTG_HCINTMSK_DTERRM |
1656:Drivers/STM32F4xx_HAL_Driver/Src/stm32f4xx_ll_usb.c ****                                             USB_OTG_HCINTMSK_AHBERR |
1657:Drivers/STM32F4xx_HAL_Driver/Src/stm32f4xx_ll_usb.c ****                                             USB_OTG_HCINTMSK_NAKM;
1658:Drivers/STM32F4xx_HAL_Driver/Src/stm32f4xx_ll_usb.c **** 
1659:Drivers/STM32F4xx_HAL_Driver/Src/stm32f4xx_ll_usb.c ****       if ((epnum & 0x80U) == 0x80U)
 3952              		.loc 1 1659 7 is_stmt 1 view .LVU1335
 3953              		.loc 1 1659 10 is_stmt 0 view .LVU1336
 3954 002c 19F0800F 		tst	r9, #128
 3955 0030 09D1     		bne	.L262
1660:Drivers/STM32F4xx_HAL_Driver/Src/stm32f4xx_ll_usb.c ****       {
1661:Drivers/STM32F4xx_HAL_Driver/Src/stm32f4xx_ll_usb.c ****         USBx_HC((uint32_t)ch_num)->HCINTMSK |= USB_OTG_HCINTMSK_BBERRM;
1662:Drivers/STM32F4xx_HAL_Driver/Src/stm32f4xx_ll_usb.c ****       }
1663:Drivers/STM32F4xx_HAL_Driver/Src/stm32f4xx_ll_usb.c ****       else
1664:Drivers/STM32F4xx_HAL_Driver/Src/stm32f4xx_ll_usb.c ****       {
1665:Drivers/STM32F4xx_HAL_Driver/Src/stm32f4xx_ll_usb.c ****         if ((USBx->CID & (0x1U << 8)) != 0U)
 3956              		.loc 1 1665 9 is_stmt 1 view .LVU1337
 3957              		.loc 1 1665 18 is_stmt 0 view .LVU1338
 3958 0032 C26B     		ldr	r2, [r0, #60]
 3959              		.loc 1 1665 12 view .LVU1339
 3960 0034 12F4807F 		tst	r2, #256
 3961 0038 5DD0     		beq	.L255
1666:Drivers/STM32F4xx_HAL_Driver/Src/stm32f4xx_ll_usb.c ****         {
1667:Drivers/STM32F4xx_HAL_Driver/Src/stm32f4xx_ll_usb.c ****           USBx_HC((uint32_t)ch_num)->HCINTMSK |= USB_OTG_HCINTMSK_NYET |
 3962              		.loc 1 1667 11 is_stmt 1 view .LVU1340
 3963              		.loc 1 1667 36 is_stmt 0 view .LVU1341
 3964 003a DA68     		ldr	r2, [r3, #12]
 3965              		.loc 1 1667 47 view .LVU1342
 3966 003c 42F06002 		orr	r2, r2, #96
 3967 0040 DA60     		str	r2, [r3, #12]
1638:Drivers/STM32F4xx_HAL_Driver/Src/stm32f4xx_ll_usb.c ****   uint32_t USBx_BASE = (uint32_t)USBx;
 3968              		.loc 1 1638 21 view .LVU1343
 3969 0042 0027     		movs	r7, #0
 3970 0044 0CE0     		b	.L245
 3971              	.L262:
1661:Drivers/STM32F4xx_HAL_Driver/Src/stm32f4xx_ll_usb.c ****       }
 3972              		.loc 1 1661 9 is_stmt 1 view .LVU1344
1661:Drivers/STM32F4xx_HAL_Driver/Src/stm32f4xx_ll_usb.c ****       }
 3973              		.loc 1 1661 34 is_stmt 0 view .LVU1345
 3974 0046 DA68     		ldr	r2, [r3, #12]
1661:Drivers/STM32F4xx_HAL_Driver/Src/stm32f4xx_ll_usb.c ****       }
 3975              		.loc 1 1661 45 view .LVU1346
 3976 0048 42F48072 		orr	r2, r2, #256
 3977 004c DA60     		str	r2, [r3, #12]
1638:Drivers/STM32F4xx_HAL_Driver/Src/stm32f4xx_ll_usb.c ****   uint32_t USBx_BASE = (uint32_t)USBx;
 3978              		.loc 1 1638 21 view .LVU1347
 3979 004e 0027     		movs	r7, #0
 3980 0050 06E0     		b	.L245
 3981              	.L246:
1668:Drivers/STM32F4xx_HAL_Driver/Src/stm32f4xx_ll_usb.c ****                                                  USB_OTG_HCINTMSK_ACKM;
1669:Drivers/STM32F4xx_HAL_Driver/Src/stm32f4xx_ll_usb.c ****         }
ARM GAS  /tmp/ccNXSnaU.s 			page 119


1670:Drivers/STM32F4xx_HAL_Driver/Src/stm32f4xx_ll_usb.c ****       }
1671:Drivers/STM32F4xx_HAL_Driver/Src/stm32f4xx_ll_usb.c ****       break;
1672:Drivers/STM32F4xx_HAL_Driver/Src/stm32f4xx_ll_usb.c **** 
1673:Drivers/STM32F4xx_HAL_Driver/Src/stm32f4xx_ll_usb.c ****     case EP_TYPE_INTR:
1674:Drivers/STM32F4xx_HAL_Driver/Src/stm32f4xx_ll_usb.c ****       USBx_HC((uint32_t)ch_num)->HCINTMSK = USB_OTG_HCINTMSK_XFRCM  |
 3982              		.loc 1 1674 7 is_stmt 1 view .LVU1348
 3983              		.loc 1 1674 43 is_stmt 0 view .LVU1349
 3984 0052 40F29D62 		movw	r2, #1693
 3985 0056 DA60     		str	r2, [r3, #12]
1675:Drivers/STM32F4xx_HAL_Driver/Src/stm32f4xx_ll_usb.c ****                                             USB_OTG_HCINTMSK_STALLM |
1676:Drivers/STM32F4xx_HAL_Driver/Src/stm32f4xx_ll_usb.c ****                                             USB_OTG_HCINTMSK_TXERRM |
1677:Drivers/STM32F4xx_HAL_Driver/Src/stm32f4xx_ll_usb.c ****                                             USB_OTG_HCINTMSK_DTERRM |
1678:Drivers/STM32F4xx_HAL_Driver/Src/stm32f4xx_ll_usb.c ****                                             USB_OTG_HCINTMSK_NAKM   |
1679:Drivers/STM32F4xx_HAL_Driver/Src/stm32f4xx_ll_usb.c ****                                             USB_OTG_HCINTMSK_AHBERR |
1680:Drivers/STM32F4xx_HAL_Driver/Src/stm32f4xx_ll_usb.c ****                                             USB_OTG_HCINTMSK_FRMORM;
1681:Drivers/STM32F4xx_HAL_Driver/Src/stm32f4xx_ll_usb.c **** 
1682:Drivers/STM32F4xx_HAL_Driver/Src/stm32f4xx_ll_usb.c ****       if ((epnum & 0x80U) == 0x80U)
 3986              		.loc 1 1682 7 is_stmt 1 view .LVU1350
 3987              		.loc 1 1682 10 is_stmt 0 view .LVU1351
 3988 0058 19F0800F 		tst	r9, #128
 3989 005c 35D1     		bne	.L263
1638:Drivers/STM32F4xx_HAL_Driver/Src/stm32f4xx_ll_usb.c ****   uint32_t USBx_BASE = (uint32_t)USBx;
 3990              		.loc 1 1638 21 view .LVU1352
 3991 005e 0027     		movs	r7, #0
 3992              	.L245:
 3993              	.LVL305:
1683:Drivers/STM32F4xx_HAL_Driver/Src/stm32f4xx_ll_usb.c ****       {
1684:Drivers/STM32F4xx_HAL_Driver/Src/stm32f4xx_ll_usb.c ****         USBx_HC((uint32_t)ch_num)->HCINTMSK |= USB_OTG_HCINTMSK_BBERRM;
1685:Drivers/STM32F4xx_HAL_Driver/Src/stm32f4xx_ll_usb.c ****       }
1686:Drivers/STM32F4xx_HAL_Driver/Src/stm32f4xx_ll_usb.c **** 
1687:Drivers/STM32F4xx_HAL_Driver/Src/stm32f4xx_ll_usb.c ****       break;
1688:Drivers/STM32F4xx_HAL_Driver/Src/stm32f4xx_ll_usb.c **** 
1689:Drivers/STM32F4xx_HAL_Driver/Src/stm32f4xx_ll_usb.c ****     case EP_TYPE_ISOC:
1690:Drivers/STM32F4xx_HAL_Driver/Src/stm32f4xx_ll_usb.c ****       USBx_HC((uint32_t)ch_num)->HCINTMSK = USB_OTG_HCINTMSK_XFRCM  |
1691:Drivers/STM32F4xx_HAL_Driver/Src/stm32f4xx_ll_usb.c ****                                             USB_OTG_HCINTMSK_ACKM   |
1692:Drivers/STM32F4xx_HAL_Driver/Src/stm32f4xx_ll_usb.c ****                                             USB_OTG_HCINTMSK_AHBERR |
1693:Drivers/STM32F4xx_HAL_Driver/Src/stm32f4xx_ll_usb.c ****                                             USB_OTG_HCINTMSK_FRMORM;
1694:Drivers/STM32F4xx_HAL_Driver/Src/stm32f4xx_ll_usb.c **** 
1695:Drivers/STM32F4xx_HAL_Driver/Src/stm32f4xx_ll_usb.c ****       if ((epnum & 0x80U) == 0x80U)
1696:Drivers/STM32F4xx_HAL_Driver/Src/stm32f4xx_ll_usb.c ****       {
1697:Drivers/STM32F4xx_HAL_Driver/Src/stm32f4xx_ll_usb.c ****         USBx_HC((uint32_t)ch_num)->HCINTMSK |= (USB_OTG_HCINTMSK_TXERRM | USB_OTG_HCINTMSK_BBERRM);
1698:Drivers/STM32F4xx_HAL_Driver/Src/stm32f4xx_ll_usb.c ****       }
1699:Drivers/STM32F4xx_HAL_Driver/Src/stm32f4xx_ll_usb.c ****       break;
1700:Drivers/STM32F4xx_HAL_Driver/Src/stm32f4xx_ll_usb.c **** 
1701:Drivers/STM32F4xx_HAL_Driver/Src/stm32f4xx_ll_usb.c ****     default:
1702:Drivers/STM32F4xx_HAL_Driver/Src/stm32f4xx_ll_usb.c ****       ret = HAL_ERROR;
1703:Drivers/STM32F4xx_HAL_Driver/Src/stm32f4xx_ll_usb.c ****       break;
1704:Drivers/STM32F4xx_HAL_Driver/Src/stm32f4xx_ll_usb.c ****   }
1705:Drivers/STM32F4xx_HAL_Driver/Src/stm32f4xx_ll_usb.c **** 
1706:Drivers/STM32F4xx_HAL_Driver/Src/stm32f4xx_ll_usb.c ****   /* Enable the top level host channel interrupt. */
1707:Drivers/STM32F4xx_HAL_Driver/Src/stm32f4xx_ll_usb.c ****   USBx_HOST->HAINTMSK |= 1UL << (ch_num & 0xFU);
 3994              		.loc 1 1707 3 is_stmt 1 view .LVU1353
 3995              		.loc 1 1707 12 is_stmt 0 view .LVU1354
 3996 0060 D0F81834 		ldr	r3, [r0, #1048]
 3997              		.loc 1 1707 41 view .LVU1355
 3998 0064 01F00F01 		and	r1, r1, #15
 3999              	.LVL306:
ARM GAS  /tmp/ccNXSnaU.s 			page 120


 4000              		.loc 1 1707 30 view .LVU1356
 4001 0068 0122     		movs	r2, #1
 4002 006a 8A40     		lsls	r2, r2, r1
 4003              		.loc 1 1707 23 view .LVU1357
 4004 006c 1343     		orrs	r3, r3, r2
 4005 006e C0F81834 		str	r3, [r0, #1048]
1708:Drivers/STM32F4xx_HAL_Driver/Src/stm32f4xx_ll_usb.c **** 
1709:Drivers/STM32F4xx_HAL_Driver/Src/stm32f4xx_ll_usb.c ****   /* Make sure host channel interrupts are enabled. */
1710:Drivers/STM32F4xx_HAL_Driver/Src/stm32f4xx_ll_usb.c ****   USBx->GINTMSK |= USB_OTG_GINTMSK_HCIM;
 4006              		.loc 1 1710 3 is_stmt 1 view .LVU1358
 4007              		.loc 1 1710 7 is_stmt 0 view .LVU1359
 4008 0072 8369     		ldr	r3, [r0, #24]
 4009              		.loc 1 1710 17 view .LVU1360
 4010 0074 43F00073 		orr	r3, r3, #33554432
 4011 0078 8361     		str	r3, [r0, #24]
1711:Drivers/STM32F4xx_HAL_Driver/Src/stm32f4xx_ll_usb.c **** 
1712:Drivers/STM32F4xx_HAL_Driver/Src/stm32f4xx_ll_usb.c ****   /* Program the HCCHAR register */
1713:Drivers/STM32F4xx_HAL_Driver/Src/stm32f4xx_ll_usb.c ****   if ((epnum & 0x80U) == 0x80U)
 4012              		.loc 1 1713 3 is_stmt 1 view .LVU1361
 4013              		.loc 1 1713 6 is_stmt 0 view .LVU1362
 4014 007a 19F0800F 		tst	r9, #128
 4015 007e 3CD1     		bne	.L264
1714:Drivers/STM32F4xx_HAL_Driver/Src/stm32f4xx_ll_usb.c ****   {
1715:Drivers/STM32F4xx_HAL_Driver/Src/stm32f4xx_ll_usb.c ****     HCcharEpDir = (0x1U << 15) & USB_OTG_HCCHAR_EPDIR;
1716:Drivers/STM32F4xx_HAL_Driver/Src/stm32f4xx_ll_usb.c ****   }
1717:Drivers/STM32F4xx_HAL_Driver/Src/stm32f4xx_ll_usb.c ****   else
1718:Drivers/STM32F4xx_HAL_Driver/Src/stm32f4xx_ll_usb.c ****   {
1719:Drivers/STM32F4xx_HAL_Driver/Src/stm32f4xx_ll_usb.c ****     HCcharEpDir = 0U;
 4016              		.loc 1 1719 17 view .LVU1363
 4017 0080 4FF00008 		mov	r8, #0
 4018              	.L251:
 4019              	.LVL307:
1720:Drivers/STM32F4xx_HAL_Driver/Src/stm32f4xx_ll_usb.c ****   }
1721:Drivers/STM32F4xx_HAL_Driver/Src/stm32f4xx_ll_usb.c **** 
1722:Drivers/STM32F4xx_HAL_Driver/Src/stm32f4xx_ll_usb.c ****   HostCoreSpeed = USB_GetHostSpeed(USBx);
 4020              		.loc 1 1722 3 is_stmt 1 view .LVU1364
 4021              		.loc 1 1722 19 is_stmt 0 view .LVU1365
 4022 0084 FFF7FEFF 		bl	USB_GetHostSpeed
 4023              	.LVL308:
1723:Drivers/STM32F4xx_HAL_Driver/Src/stm32f4xx_ll_usb.c **** 
1724:Drivers/STM32F4xx_HAL_Driver/Src/stm32f4xx_ll_usb.c ****   /* LS device plugged to HUB */
1725:Drivers/STM32F4xx_HAL_Driver/Src/stm32f4xx_ll_usb.c ****   if ((speed == HPRT0_PRTSPD_LOW_SPEED) && (HostCoreSpeed != HPRT0_PRTSPD_LOW_SPEED))
 4024              		.loc 1 1725 3 is_stmt 1 view .LVU1366
 4025              		.loc 1 1725 6 is_stmt 0 view .LVU1367
 4026 0088 9DF82030 		ldrb	r3, [sp, #32]	@ zero_extendqisi2
 4027 008c 022B     		cmp	r3, #2
 4028 008e 37D0     		beq	.L265
1726:Drivers/STM32F4xx_HAL_Driver/Src/stm32f4xx_ll_usb.c ****   {
1727:Drivers/STM32F4xx_HAL_Driver/Src/stm32f4xx_ll_usb.c ****     HCcharLowSpeed = (0x1U << 17) & USB_OTG_HCCHAR_LSDEV;
1728:Drivers/STM32F4xx_HAL_Driver/Src/stm32f4xx_ll_usb.c ****   }
1729:Drivers/STM32F4xx_HAL_Driver/Src/stm32f4xx_ll_usb.c ****   else
1730:Drivers/STM32F4xx_HAL_Driver/Src/stm32f4xx_ll_usb.c ****   {
1731:Drivers/STM32F4xx_HAL_Driver/Src/stm32f4xx_ll_usb.c ****     HCcharLowSpeed = 0U;
 4029              		.loc 1 1731 20 view .LVU1368
 4030 0090 0022     		movs	r2, #0
 4031              	.L252:
 4032              	.LVL309:
ARM GAS  /tmp/ccNXSnaU.s 			page 121


1732:Drivers/STM32F4xx_HAL_Driver/Src/stm32f4xx_ll_usb.c ****   }
1733:Drivers/STM32F4xx_HAL_Driver/Src/stm32f4xx_ll_usb.c **** 
1734:Drivers/STM32F4xx_HAL_Driver/Src/stm32f4xx_ll_usb.c ****   USBx_HC((uint32_t)ch_num)->HCCHAR = (((uint32_t)dev_address << 22) & USB_OTG_HCCHAR_DAD) |
 4033              		.loc 1 1734 3 is_stmt 1 view .LVU1369
 4034              		.loc 1 1734 63 is_stmt 0 view .LVU1370
 4035 0092 A305     		lsls	r3, r4, #22
 4036              		.loc 1 1734 70 view .LVU1371
 4037 0094 03F0FE53 		and	r3, r3, #532676608
1735:Drivers/STM32F4xx_HAL_Driver/Src/stm32f4xx_ll_usb.c ****                                       ((((uint32_t)epnum & 0x7FU) << 11) & USB_OTG_HCCHAR_EPNUM) |
 4038              		.loc 1 1735 67 view .LVU1372
 4039 0098 4FEAC929 		lsl	r9, r9, #11
 4040              	.LVL310:
 4041              		.loc 1 1735 74 view .LVU1373
 4042 009c 09F4F049 		and	r9, r9, #30720
1734:Drivers/STM32F4xx_HAL_Driver/Src/stm32f4xx_ll_usb.c ****                                       ((((uint32_t)epnum & 0x7FU) << 11) & USB_OTG_HCCHAR_EPNUM) |
 4043              		.loc 1 1734 92 view .LVU1374
 4044 00a0 43EA0903 		orr	r3, r3, r9
1736:Drivers/STM32F4xx_HAL_Driver/Src/stm32f4xx_ll_usb.c ****                                       (((uint32_t)ep_type << 18) & USB_OTG_HCCHAR_EPTYP) |
 4045              		.loc 1 1736 59 view .LVU1375
 4046 00a4 A904     		lsls	r1, r5, #18
 4047              		.loc 1 1736 66 view .LVU1376
 4048 00a6 01F44021 		and	r1, r1, #786432
1735:Drivers/STM32F4xx_HAL_Driver/Src/stm32f4xx_ll_usb.c ****                                       ((((uint32_t)epnum & 0x7FU) << 11) & USB_OTG_HCCHAR_EPNUM) |
 4049              		.loc 1 1735 98 view .LVU1377
 4050 00aa 0B43     		orrs	r3, r3, r1
1737:Drivers/STM32F4xx_HAL_Driver/Src/stm32f4xx_ll_usb.c ****                                       ((uint32_t)mps & USB_OTG_HCCHAR_MPSIZ) | HCcharEpDir | HCchar
 4051              		.loc 1 1737 54 view .LVU1378
 4052 00ac BDF82810 		ldrh	r1, [sp, #40]
 4053 00b0 C1F30A01 		ubfx	r1, r1, #0, #11
1736:Drivers/STM32F4xx_HAL_Driver/Src/stm32f4xx_ll_usb.c ****                                       (((uint32_t)ep_type << 18) & USB_OTG_HCCHAR_EPTYP) |
 4054              		.loc 1 1736 90 view .LVU1379
 4055 00b4 0B43     		orrs	r3, r3, r1
 4056              		.loc 1 1737 78 view .LVU1380
 4057 00b6 43EA0803 		orr	r3, r3, r8
 4058              		.loc 1 1737 92 view .LVU1381
 4059 00ba 1343     		orrs	r3, r3, r2
1734:Drivers/STM32F4xx_HAL_Driver/Src/stm32f4xx_ll_usb.c ****                                       ((((uint32_t)epnum & 0x7FU) << 11) & USB_OTG_HCCHAR_EPNUM) |
 4060              		.loc 1 1734 37 view .LVU1382
 4061 00bc C6F80035 		str	r3, [r6, #1280]
1738:Drivers/STM32F4xx_HAL_Driver/Src/stm32f4xx_ll_usb.c **** 
1739:Drivers/STM32F4xx_HAL_Driver/Src/stm32f4xx_ll_usb.c ****   if (ep_type == EP_TYPE_INTR)
 4062              		.loc 1 1739 3 is_stmt 1 view .LVU1383
 4063              		.loc 1 1739 6 is_stmt 0 view .LVU1384
 4064 00c0 032D     		cmp	r5, #3
 4065 00c2 24D0     		beq	.L266
 4066              	.L253:
1740:Drivers/STM32F4xx_HAL_Driver/Src/stm32f4xx_ll_usb.c ****   {
1741:Drivers/STM32F4xx_HAL_Driver/Src/stm32f4xx_ll_usb.c ****     USBx_HC((uint32_t)ch_num)->HCCHAR |= USB_OTG_HCCHAR_ODDFRM ;
1742:Drivers/STM32F4xx_HAL_Driver/Src/stm32f4xx_ll_usb.c ****   }
1743:Drivers/STM32F4xx_HAL_Driver/Src/stm32f4xx_ll_usb.c **** 
1744:Drivers/STM32F4xx_HAL_Driver/Src/stm32f4xx_ll_usb.c ****   return ret;
 4067              		.loc 1 1744 3 is_stmt 1 view .LVU1385
1745:Drivers/STM32F4xx_HAL_Driver/Src/stm32f4xx_ll_usb.c **** }
 4068              		.loc 1 1745 1 is_stmt 0 view .LVU1386
 4069 00c4 3846     		mov	r0, r7
 4070              	.LVL311:
 4071              		.loc 1 1745 1 view .LVU1387
ARM GAS  /tmp/ccNXSnaU.s 			page 122


 4072 00c6 BDE8F883 		pop	{r3, r4, r5, r6, r7, r8, r9, pc}
 4073              	.LVL312:
 4074              	.L263:
1684:Drivers/STM32F4xx_HAL_Driver/Src/stm32f4xx_ll_usb.c ****       }
 4075              		.loc 1 1684 9 is_stmt 1 view .LVU1388
1684:Drivers/STM32F4xx_HAL_Driver/Src/stm32f4xx_ll_usb.c ****       }
 4076              		.loc 1 1684 34 is_stmt 0 view .LVU1389
 4077 00ca DA68     		ldr	r2, [r3, #12]
1684:Drivers/STM32F4xx_HAL_Driver/Src/stm32f4xx_ll_usb.c ****       }
 4078              		.loc 1 1684 45 view .LVU1390
 4079 00cc 42F48072 		orr	r2, r2, #256
 4080 00d0 DA60     		str	r2, [r3, #12]
1638:Drivers/STM32F4xx_HAL_Driver/Src/stm32f4xx_ll_usb.c ****   uint32_t USBx_BASE = (uint32_t)USBx;
 4081              		.loc 1 1638 21 view .LVU1391
 4082 00d2 0027     		movs	r7, #0
 4083 00d4 C4E7     		b	.L245
 4084              	.L249:
1690:Drivers/STM32F4xx_HAL_Driver/Src/stm32f4xx_ll_usb.c ****                                             USB_OTG_HCINTMSK_ACKM   |
 4085              		.loc 1 1690 7 is_stmt 1 view .LVU1392
1690:Drivers/STM32F4xx_HAL_Driver/Src/stm32f4xx_ll_usb.c ****                                             USB_OTG_HCINTMSK_ACKM   |
 4086              		.loc 1 1690 43 is_stmt 0 view .LVU1393
 4087 00d6 40F22522 		movw	r2, #549
 4088 00da DA60     		str	r2, [r3, #12]
1695:Drivers/STM32F4xx_HAL_Driver/Src/stm32f4xx_ll_usb.c ****       {
 4089              		.loc 1 1695 7 is_stmt 1 view .LVU1394
1695:Drivers/STM32F4xx_HAL_Driver/Src/stm32f4xx_ll_usb.c ****       {
 4090              		.loc 1 1695 10 is_stmt 0 view .LVU1395
 4091 00dc 19F0800F 		tst	r9, #128
 4092 00e0 01D1     		bne	.L267
1638:Drivers/STM32F4xx_HAL_Driver/Src/stm32f4xx_ll_usb.c ****   uint32_t USBx_BASE = (uint32_t)USBx;
 4093              		.loc 1 1638 21 view .LVU1396
 4094 00e2 0027     		movs	r7, #0
 4095 00e4 BCE7     		b	.L245
 4096              	.L267:
1697:Drivers/STM32F4xx_HAL_Driver/Src/stm32f4xx_ll_usb.c ****       }
 4097              		.loc 1 1697 9 is_stmt 1 view .LVU1397
1697:Drivers/STM32F4xx_HAL_Driver/Src/stm32f4xx_ll_usb.c ****       }
 4098              		.loc 1 1697 34 is_stmt 0 view .LVU1398
 4099 00e6 DA68     		ldr	r2, [r3, #12]
1697:Drivers/STM32F4xx_HAL_Driver/Src/stm32f4xx_ll_usb.c ****       }
 4100              		.loc 1 1697 45 view .LVU1399
 4101 00e8 42F4C072 		orr	r2, r2, #384
 4102 00ec DA60     		str	r2, [r3, #12]
1638:Drivers/STM32F4xx_HAL_Driver/Src/stm32f4xx_ll_usb.c ****   uint32_t USBx_BASE = (uint32_t)USBx;
 4103              		.loc 1 1638 21 view .LVU1400
 4104 00ee 0027     		movs	r7, #0
 4105 00f0 B6E7     		b	.L245
 4106              	.L254:
1648:Drivers/STM32F4xx_HAL_Driver/Src/stm32f4xx_ll_usb.c ****   {
 4107              		.loc 1 1648 3 view .LVU1401
 4108 00f2 0127     		movs	r7, #1
 4109 00f4 B4E7     		b	.L245
 4110              	.L255:
1638:Drivers/STM32F4xx_HAL_Driver/Src/stm32f4xx_ll_usb.c ****   uint32_t USBx_BASE = (uint32_t)USBx;
 4111              		.loc 1 1638 21 view .LVU1402
 4112 00f6 0027     		movs	r7, #0
 4113 00f8 B2E7     		b	.L245
ARM GAS  /tmp/ccNXSnaU.s 			page 123


 4114              	.LVL313:
 4115              	.L264:
1715:Drivers/STM32F4xx_HAL_Driver/Src/stm32f4xx_ll_usb.c ****   }
 4116              		.loc 1 1715 17 view .LVU1403
 4117 00fa 4FF40048 		mov	r8, #32768
 4118 00fe C1E7     		b	.L251
 4119              	.LVL314:
 4120              	.L265:
1725:Drivers/STM32F4xx_HAL_Driver/Src/stm32f4xx_ll_usb.c ****   {
 4121              		.loc 1 1725 41 discriminator 1 view .LVU1404
 4122 0100 0228     		cmp	r0, #2
 4123 0102 02D0     		beq	.L268
1727:Drivers/STM32F4xx_HAL_Driver/Src/stm32f4xx_ll_usb.c ****   }
 4124              		.loc 1 1727 20 view .LVU1405
 4125 0104 4FF40032 		mov	r2, #131072
 4126 0108 C3E7     		b	.L252
 4127              	.L268:
1731:Drivers/STM32F4xx_HAL_Driver/Src/stm32f4xx_ll_usb.c ****   }
 4128              		.loc 1 1731 20 view .LVU1406
 4129 010a 0022     		movs	r2, #0
 4130 010c C1E7     		b	.L252
 4131              	.LVL315:
 4132              	.L266:
1741:Drivers/STM32F4xx_HAL_Driver/Src/stm32f4xx_ll_usb.c ****   }
 4133              		.loc 1 1741 5 is_stmt 1 view .LVU1407
1741:Drivers/STM32F4xx_HAL_Driver/Src/stm32f4xx_ll_usb.c ****   }
 4134              		.loc 1 1741 30 is_stmt 0 view .LVU1408
 4135 010e D6F80035 		ldr	r3, [r6, #1280]
1741:Drivers/STM32F4xx_HAL_Driver/Src/stm32f4xx_ll_usb.c ****   }
 4136              		.loc 1 1741 39 view .LVU1409
 4137 0112 43F00053 		orr	r3, r3, #536870912
 4138 0116 C6F80035 		str	r3, [r6, #1280]
 4139 011a D3E7     		b	.L253
 4140              		.cfi_endproc
 4141              	.LFE256:
 4143              		.section	.text.USB_HC_ReadInterrupt,"ax",%progbits
 4144              		.align	1
 4145              		.global	USB_HC_ReadInterrupt
 4146              		.syntax unified
 4147              		.thumb
 4148              		.thumb_func
 4150              	USB_HC_ReadInterrupt:
 4151              	.LVL316:
 4152              	.LFB258:
1746:Drivers/STM32F4xx_HAL_Driver/Src/stm32f4xx_ll_usb.c **** 
1747:Drivers/STM32F4xx_HAL_Driver/Src/stm32f4xx_ll_usb.c **** /**
1748:Drivers/STM32F4xx_HAL_Driver/Src/stm32f4xx_ll_usb.c ****   * @brief  Start a transfer over a host channel
1749:Drivers/STM32F4xx_HAL_Driver/Src/stm32f4xx_ll_usb.c ****   * @param  USBx  Selected device
1750:Drivers/STM32F4xx_HAL_Driver/Src/stm32f4xx_ll_usb.c ****   * @param  hc  pointer to host channel structure
1751:Drivers/STM32F4xx_HAL_Driver/Src/stm32f4xx_ll_usb.c ****   * @param  dma USB dma enabled or disabled
1752:Drivers/STM32F4xx_HAL_Driver/Src/stm32f4xx_ll_usb.c ****   *          This parameter can be one of these values:
1753:Drivers/STM32F4xx_HAL_Driver/Src/stm32f4xx_ll_usb.c ****   *           0 : DMA feature not used
1754:Drivers/STM32F4xx_HAL_Driver/Src/stm32f4xx_ll_usb.c ****   *           1 : DMA feature used
1755:Drivers/STM32F4xx_HAL_Driver/Src/stm32f4xx_ll_usb.c ****   * @retval HAL state
1756:Drivers/STM32F4xx_HAL_Driver/Src/stm32f4xx_ll_usb.c ****   */
1757:Drivers/STM32F4xx_HAL_Driver/Src/stm32f4xx_ll_usb.c **** HAL_StatusTypeDef USB_HC_StartXfer(USB_OTG_GlobalTypeDef *USBx, USB_OTG_HCTypeDef *hc, uint8_t dma)
1758:Drivers/STM32F4xx_HAL_Driver/Src/stm32f4xx_ll_usb.c **** {
ARM GAS  /tmp/ccNXSnaU.s 			page 124


1759:Drivers/STM32F4xx_HAL_Driver/Src/stm32f4xx_ll_usb.c ****   uint32_t USBx_BASE = (uint32_t)USBx;
1760:Drivers/STM32F4xx_HAL_Driver/Src/stm32f4xx_ll_usb.c ****   uint32_t ch_num = (uint32_t)hc->ch_num;
1761:Drivers/STM32F4xx_HAL_Driver/Src/stm32f4xx_ll_usb.c ****   __IO uint32_t tmpreg;
1762:Drivers/STM32F4xx_HAL_Driver/Src/stm32f4xx_ll_usb.c ****   uint8_t  is_oddframe;
1763:Drivers/STM32F4xx_HAL_Driver/Src/stm32f4xx_ll_usb.c ****   uint16_t len_words;
1764:Drivers/STM32F4xx_HAL_Driver/Src/stm32f4xx_ll_usb.c ****   uint16_t num_packets;
1765:Drivers/STM32F4xx_HAL_Driver/Src/stm32f4xx_ll_usb.c ****   uint16_t max_hc_pkt_count = 256U;
1766:Drivers/STM32F4xx_HAL_Driver/Src/stm32f4xx_ll_usb.c **** 
1767:Drivers/STM32F4xx_HAL_Driver/Src/stm32f4xx_ll_usb.c ****   if (((USBx->CID & (0x1U << 8)) != 0U) && (hc->speed == USBH_HS_SPEED))
1768:Drivers/STM32F4xx_HAL_Driver/Src/stm32f4xx_ll_usb.c ****   {
1769:Drivers/STM32F4xx_HAL_Driver/Src/stm32f4xx_ll_usb.c ****     /* in DMA mode host Core automatically issues ping  in case of NYET/NAK */
1770:Drivers/STM32F4xx_HAL_Driver/Src/stm32f4xx_ll_usb.c ****     if ((dma == 1U) && ((hc->ep_type == EP_TYPE_CTRL) || (hc->ep_type == EP_TYPE_BULK)))
1771:Drivers/STM32F4xx_HAL_Driver/Src/stm32f4xx_ll_usb.c ****     {
1772:Drivers/STM32F4xx_HAL_Driver/Src/stm32f4xx_ll_usb.c ****       USBx_HC((uint32_t)ch_num)->HCINTMSK &= ~(USB_OTG_HCINTMSK_NYET |
1773:Drivers/STM32F4xx_HAL_Driver/Src/stm32f4xx_ll_usb.c ****                                                USB_OTG_HCINTMSK_ACKM |
1774:Drivers/STM32F4xx_HAL_Driver/Src/stm32f4xx_ll_usb.c ****                                                USB_OTG_HCINTMSK_NAKM);
1775:Drivers/STM32F4xx_HAL_Driver/Src/stm32f4xx_ll_usb.c ****     }
1776:Drivers/STM32F4xx_HAL_Driver/Src/stm32f4xx_ll_usb.c **** 
1777:Drivers/STM32F4xx_HAL_Driver/Src/stm32f4xx_ll_usb.c ****     if ((dma == 0U) && (hc->do_ping == 1U))
1778:Drivers/STM32F4xx_HAL_Driver/Src/stm32f4xx_ll_usb.c ****     {
1779:Drivers/STM32F4xx_HAL_Driver/Src/stm32f4xx_ll_usb.c ****       (void)USB_DoPing(USBx, hc->ch_num);
1780:Drivers/STM32F4xx_HAL_Driver/Src/stm32f4xx_ll_usb.c ****       return HAL_OK;
1781:Drivers/STM32F4xx_HAL_Driver/Src/stm32f4xx_ll_usb.c ****     }
1782:Drivers/STM32F4xx_HAL_Driver/Src/stm32f4xx_ll_usb.c **** 
1783:Drivers/STM32F4xx_HAL_Driver/Src/stm32f4xx_ll_usb.c ****   }
1784:Drivers/STM32F4xx_HAL_Driver/Src/stm32f4xx_ll_usb.c **** 
1785:Drivers/STM32F4xx_HAL_Driver/Src/stm32f4xx_ll_usb.c ****   /* Compute the expected number of packets associated to the transfer */
1786:Drivers/STM32F4xx_HAL_Driver/Src/stm32f4xx_ll_usb.c ****   if (hc->xfer_len > 0U)
1787:Drivers/STM32F4xx_HAL_Driver/Src/stm32f4xx_ll_usb.c ****   {
1788:Drivers/STM32F4xx_HAL_Driver/Src/stm32f4xx_ll_usb.c ****     num_packets = (uint16_t)((hc->xfer_len + hc->max_packet - 1U) / hc->max_packet);
1789:Drivers/STM32F4xx_HAL_Driver/Src/stm32f4xx_ll_usb.c **** 
1790:Drivers/STM32F4xx_HAL_Driver/Src/stm32f4xx_ll_usb.c ****     if (num_packets > max_hc_pkt_count)
1791:Drivers/STM32F4xx_HAL_Driver/Src/stm32f4xx_ll_usb.c ****     {
1792:Drivers/STM32F4xx_HAL_Driver/Src/stm32f4xx_ll_usb.c ****       num_packets = max_hc_pkt_count;
1793:Drivers/STM32F4xx_HAL_Driver/Src/stm32f4xx_ll_usb.c ****       hc->XferSize = (uint32_t)num_packets * hc->max_packet;
1794:Drivers/STM32F4xx_HAL_Driver/Src/stm32f4xx_ll_usb.c ****     }
1795:Drivers/STM32F4xx_HAL_Driver/Src/stm32f4xx_ll_usb.c ****   }
1796:Drivers/STM32F4xx_HAL_Driver/Src/stm32f4xx_ll_usb.c ****   else
1797:Drivers/STM32F4xx_HAL_Driver/Src/stm32f4xx_ll_usb.c ****   {
1798:Drivers/STM32F4xx_HAL_Driver/Src/stm32f4xx_ll_usb.c ****     num_packets = 1U;
1799:Drivers/STM32F4xx_HAL_Driver/Src/stm32f4xx_ll_usb.c ****   }
1800:Drivers/STM32F4xx_HAL_Driver/Src/stm32f4xx_ll_usb.c **** 
1801:Drivers/STM32F4xx_HAL_Driver/Src/stm32f4xx_ll_usb.c ****   /*
1802:Drivers/STM32F4xx_HAL_Driver/Src/stm32f4xx_ll_usb.c ****    * For IN channel HCTSIZ.XferSize is expected to be an integer multiple of
1803:Drivers/STM32F4xx_HAL_Driver/Src/stm32f4xx_ll_usb.c ****    * max_packet size.
1804:Drivers/STM32F4xx_HAL_Driver/Src/stm32f4xx_ll_usb.c ****    */
1805:Drivers/STM32F4xx_HAL_Driver/Src/stm32f4xx_ll_usb.c ****   if (hc->ep_is_in != 0U)
1806:Drivers/STM32F4xx_HAL_Driver/Src/stm32f4xx_ll_usb.c ****   {
1807:Drivers/STM32F4xx_HAL_Driver/Src/stm32f4xx_ll_usb.c ****     hc->XferSize = (uint32_t)num_packets * hc->max_packet;
1808:Drivers/STM32F4xx_HAL_Driver/Src/stm32f4xx_ll_usb.c ****   }
1809:Drivers/STM32F4xx_HAL_Driver/Src/stm32f4xx_ll_usb.c ****   else
1810:Drivers/STM32F4xx_HAL_Driver/Src/stm32f4xx_ll_usb.c ****   {
1811:Drivers/STM32F4xx_HAL_Driver/Src/stm32f4xx_ll_usb.c ****     hc->XferSize = hc->xfer_len;
1812:Drivers/STM32F4xx_HAL_Driver/Src/stm32f4xx_ll_usb.c ****   }
1813:Drivers/STM32F4xx_HAL_Driver/Src/stm32f4xx_ll_usb.c **** 
1814:Drivers/STM32F4xx_HAL_Driver/Src/stm32f4xx_ll_usb.c ****   /* Initialize the HCTSIZn register */
1815:Drivers/STM32F4xx_HAL_Driver/Src/stm32f4xx_ll_usb.c ****   USBx_HC(ch_num)->HCTSIZ = (hc->XferSize & USB_OTG_HCTSIZ_XFRSIZ) |
ARM GAS  /tmp/ccNXSnaU.s 			page 125


1816:Drivers/STM32F4xx_HAL_Driver/Src/stm32f4xx_ll_usb.c ****                             (((uint32_t)num_packets << 19) & USB_OTG_HCTSIZ_PKTCNT) |
1817:Drivers/STM32F4xx_HAL_Driver/Src/stm32f4xx_ll_usb.c ****                             (((uint32_t)hc->data_pid << 29) & USB_OTG_HCTSIZ_DPID);
1818:Drivers/STM32F4xx_HAL_Driver/Src/stm32f4xx_ll_usb.c **** 
1819:Drivers/STM32F4xx_HAL_Driver/Src/stm32f4xx_ll_usb.c ****   if (dma != 0U)
1820:Drivers/STM32F4xx_HAL_Driver/Src/stm32f4xx_ll_usb.c ****   {
1821:Drivers/STM32F4xx_HAL_Driver/Src/stm32f4xx_ll_usb.c ****     /* xfer_buff MUST be 32-bits aligned */
1822:Drivers/STM32F4xx_HAL_Driver/Src/stm32f4xx_ll_usb.c ****     USBx_HC(ch_num)->HCDMA = (uint32_t)hc->xfer_buff;
1823:Drivers/STM32F4xx_HAL_Driver/Src/stm32f4xx_ll_usb.c ****   }
1824:Drivers/STM32F4xx_HAL_Driver/Src/stm32f4xx_ll_usb.c **** 
1825:Drivers/STM32F4xx_HAL_Driver/Src/stm32f4xx_ll_usb.c ****   is_oddframe = (((uint32_t)USBx_HOST->HFNUM & 0x01U) != 0U) ? 0U : 1U;
1826:Drivers/STM32F4xx_HAL_Driver/Src/stm32f4xx_ll_usb.c ****   USBx_HC(ch_num)->HCCHAR &= ~USB_OTG_HCCHAR_ODDFRM;
1827:Drivers/STM32F4xx_HAL_Driver/Src/stm32f4xx_ll_usb.c ****   USBx_HC(ch_num)->HCCHAR |= (uint32_t)is_oddframe << 29;
1828:Drivers/STM32F4xx_HAL_Driver/Src/stm32f4xx_ll_usb.c **** 
1829:Drivers/STM32F4xx_HAL_Driver/Src/stm32f4xx_ll_usb.c ****   /* Set host channel enable */
1830:Drivers/STM32F4xx_HAL_Driver/Src/stm32f4xx_ll_usb.c ****   tmpreg = USBx_HC(ch_num)->HCCHAR;
1831:Drivers/STM32F4xx_HAL_Driver/Src/stm32f4xx_ll_usb.c ****   tmpreg &= ~USB_OTG_HCCHAR_CHDIS;
1832:Drivers/STM32F4xx_HAL_Driver/Src/stm32f4xx_ll_usb.c **** 
1833:Drivers/STM32F4xx_HAL_Driver/Src/stm32f4xx_ll_usb.c ****   /* make sure to set the correct ep direction */
1834:Drivers/STM32F4xx_HAL_Driver/Src/stm32f4xx_ll_usb.c ****   if (hc->ep_is_in != 0U)
1835:Drivers/STM32F4xx_HAL_Driver/Src/stm32f4xx_ll_usb.c ****   {
1836:Drivers/STM32F4xx_HAL_Driver/Src/stm32f4xx_ll_usb.c ****     tmpreg |= USB_OTG_HCCHAR_EPDIR;
1837:Drivers/STM32F4xx_HAL_Driver/Src/stm32f4xx_ll_usb.c ****   }
1838:Drivers/STM32F4xx_HAL_Driver/Src/stm32f4xx_ll_usb.c ****   else
1839:Drivers/STM32F4xx_HAL_Driver/Src/stm32f4xx_ll_usb.c ****   {
1840:Drivers/STM32F4xx_HAL_Driver/Src/stm32f4xx_ll_usb.c ****     tmpreg &= ~USB_OTG_HCCHAR_EPDIR;
1841:Drivers/STM32F4xx_HAL_Driver/Src/stm32f4xx_ll_usb.c ****   }
1842:Drivers/STM32F4xx_HAL_Driver/Src/stm32f4xx_ll_usb.c ****   tmpreg |= USB_OTG_HCCHAR_CHENA;
1843:Drivers/STM32F4xx_HAL_Driver/Src/stm32f4xx_ll_usb.c ****   USBx_HC(ch_num)->HCCHAR = tmpreg;
1844:Drivers/STM32F4xx_HAL_Driver/Src/stm32f4xx_ll_usb.c **** 
1845:Drivers/STM32F4xx_HAL_Driver/Src/stm32f4xx_ll_usb.c ****   if (dma != 0U) /* dma mode */
1846:Drivers/STM32F4xx_HAL_Driver/Src/stm32f4xx_ll_usb.c ****   {
1847:Drivers/STM32F4xx_HAL_Driver/Src/stm32f4xx_ll_usb.c ****     return HAL_OK;
1848:Drivers/STM32F4xx_HAL_Driver/Src/stm32f4xx_ll_usb.c ****   }
1849:Drivers/STM32F4xx_HAL_Driver/Src/stm32f4xx_ll_usb.c **** 
1850:Drivers/STM32F4xx_HAL_Driver/Src/stm32f4xx_ll_usb.c ****   if ((hc->ep_is_in == 0U) && (hc->xfer_len > 0U))
1851:Drivers/STM32F4xx_HAL_Driver/Src/stm32f4xx_ll_usb.c ****   {
1852:Drivers/STM32F4xx_HAL_Driver/Src/stm32f4xx_ll_usb.c ****     switch (hc->ep_type)
1853:Drivers/STM32F4xx_HAL_Driver/Src/stm32f4xx_ll_usb.c ****     {
1854:Drivers/STM32F4xx_HAL_Driver/Src/stm32f4xx_ll_usb.c ****       /* Non periodic transfer */
1855:Drivers/STM32F4xx_HAL_Driver/Src/stm32f4xx_ll_usb.c ****       case EP_TYPE_CTRL:
1856:Drivers/STM32F4xx_HAL_Driver/Src/stm32f4xx_ll_usb.c ****       case EP_TYPE_BULK:
1857:Drivers/STM32F4xx_HAL_Driver/Src/stm32f4xx_ll_usb.c **** 
1858:Drivers/STM32F4xx_HAL_Driver/Src/stm32f4xx_ll_usb.c ****         len_words = (uint16_t)((hc->xfer_len + 3U) / 4U);
1859:Drivers/STM32F4xx_HAL_Driver/Src/stm32f4xx_ll_usb.c **** 
1860:Drivers/STM32F4xx_HAL_Driver/Src/stm32f4xx_ll_usb.c ****         /* check if there is enough space in FIFO space */
1861:Drivers/STM32F4xx_HAL_Driver/Src/stm32f4xx_ll_usb.c ****         if (len_words > (USBx->HNPTXSTS & 0xFFFFU))
1862:Drivers/STM32F4xx_HAL_Driver/Src/stm32f4xx_ll_usb.c ****         {
1863:Drivers/STM32F4xx_HAL_Driver/Src/stm32f4xx_ll_usb.c ****           /* need to process data in nptxfempty interrupt */
1864:Drivers/STM32F4xx_HAL_Driver/Src/stm32f4xx_ll_usb.c ****           USBx->GINTMSK |= USB_OTG_GINTMSK_NPTXFEM;
1865:Drivers/STM32F4xx_HAL_Driver/Src/stm32f4xx_ll_usb.c ****         }
1866:Drivers/STM32F4xx_HAL_Driver/Src/stm32f4xx_ll_usb.c ****         break;
1867:Drivers/STM32F4xx_HAL_Driver/Src/stm32f4xx_ll_usb.c **** 
1868:Drivers/STM32F4xx_HAL_Driver/Src/stm32f4xx_ll_usb.c ****       /* Periodic transfer */
1869:Drivers/STM32F4xx_HAL_Driver/Src/stm32f4xx_ll_usb.c ****       case EP_TYPE_INTR:
1870:Drivers/STM32F4xx_HAL_Driver/Src/stm32f4xx_ll_usb.c ****       case EP_TYPE_ISOC:
1871:Drivers/STM32F4xx_HAL_Driver/Src/stm32f4xx_ll_usb.c ****         len_words = (uint16_t)((hc->xfer_len + 3U) / 4U);
1872:Drivers/STM32F4xx_HAL_Driver/Src/stm32f4xx_ll_usb.c ****         /* check if there is enough space in FIFO space */
ARM GAS  /tmp/ccNXSnaU.s 			page 126


1873:Drivers/STM32F4xx_HAL_Driver/Src/stm32f4xx_ll_usb.c ****         if (len_words > (USBx_HOST->HPTXSTS & 0xFFFFU)) /* split the transfer */
1874:Drivers/STM32F4xx_HAL_Driver/Src/stm32f4xx_ll_usb.c ****         {
1875:Drivers/STM32F4xx_HAL_Driver/Src/stm32f4xx_ll_usb.c ****           /* need to process data in ptxfempty interrupt */
1876:Drivers/STM32F4xx_HAL_Driver/Src/stm32f4xx_ll_usb.c ****           USBx->GINTMSK |= USB_OTG_GINTMSK_PTXFEM;
1877:Drivers/STM32F4xx_HAL_Driver/Src/stm32f4xx_ll_usb.c ****         }
1878:Drivers/STM32F4xx_HAL_Driver/Src/stm32f4xx_ll_usb.c ****         break;
1879:Drivers/STM32F4xx_HAL_Driver/Src/stm32f4xx_ll_usb.c **** 
1880:Drivers/STM32F4xx_HAL_Driver/Src/stm32f4xx_ll_usb.c ****       default:
1881:Drivers/STM32F4xx_HAL_Driver/Src/stm32f4xx_ll_usb.c ****         break;
1882:Drivers/STM32F4xx_HAL_Driver/Src/stm32f4xx_ll_usb.c ****     }
1883:Drivers/STM32F4xx_HAL_Driver/Src/stm32f4xx_ll_usb.c **** 
1884:Drivers/STM32F4xx_HAL_Driver/Src/stm32f4xx_ll_usb.c ****     /* Write packet into the Tx FIFO. */
1885:Drivers/STM32F4xx_HAL_Driver/Src/stm32f4xx_ll_usb.c ****     (void)USB_WritePacket(USBx, hc->xfer_buff, hc->ch_num, (uint16_t)hc->xfer_len, 0);
1886:Drivers/STM32F4xx_HAL_Driver/Src/stm32f4xx_ll_usb.c ****   }
1887:Drivers/STM32F4xx_HAL_Driver/Src/stm32f4xx_ll_usb.c **** 
1888:Drivers/STM32F4xx_HAL_Driver/Src/stm32f4xx_ll_usb.c ****   return HAL_OK;
1889:Drivers/STM32F4xx_HAL_Driver/Src/stm32f4xx_ll_usb.c **** }
1890:Drivers/STM32F4xx_HAL_Driver/Src/stm32f4xx_ll_usb.c **** 
1891:Drivers/STM32F4xx_HAL_Driver/Src/stm32f4xx_ll_usb.c **** /**
1892:Drivers/STM32F4xx_HAL_Driver/Src/stm32f4xx_ll_usb.c ****   * @brief Read all host channel interrupts status
1893:Drivers/STM32F4xx_HAL_Driver/Src/stm32f4xx_ll_usb.c ****   * @param  USBx  Selected device
1894:Drivers/STM32F4xx_HAL_Driver/Src/stm32f4xx_ll_usb.c ****   * @retval HAL state
1895:Drivers/STM32F4xx_HAL_Driver/Src/stm32f4xx_ll_usb.c ****   */
1896:Drivers/STM32F4xx_HAL_Driver/Src/stm32f4xx_ll_usb.c **** uint32_t USB_HC_ReadInterrupt(USB_OTG_GlobalTypeDef *USBx)
1897:Drivers/STM32F4xx_HAL_Driver/Src/stm32f4xx_ll_usb.c **** {
 4153              		.loc 1 1897 1 is_stmt 1 view -0
 4154              		.cfi_startproc
 4155              		@ args = 0, pretend = 0, frame = 0
 4156              		@ frame_needed = 0, uses_anonymous_args = 0
 4157              		@ link register save eliminated.
1898:Drivers/STM32F4xx_HAL_Driver/Src/stm32f4xx_ll_usb.c ****   uint32_t USBx_BASE = (uint32_t)USBx;
 4158              		.loc 1 1898 3 view .LVU1411
1899:Drivers/STM32F4xx_HAL_Driver/Src/stm32f4xx_ll_usb.c **** 
1900:Drivers/STM32F4xx_HAL_Driver/Src/stm32f4xx_ll_usb.c ****   return ((USBx_HOST->HAINT) & 0xFFFFU);
 4159              		.loc 1 1900 3 view .LVU1412
 4160              		.loc 1 1900 12 is_stmt 0 view .LVU1413
 4161 0000 00F58060 		add	r0, r0, #1024
 4162              	.LVL317:
 4163              		.loc 1 1900 21 view .LVU1414
 4164 0004 4069     		ldr	r0, [r0, #20]
 4165              	.LVL318:
1901:Drivers/STM32F4xx_HAL_Driver/Src/stm32f4xx_ll_usb.c **** }
 4166              		.loc 1 1901 1 view .LVU1415
 4167 0006 80B2     		uxth	r0, r0
 4168 0008 7047     		bx	lr
 4169              		.cfi_endproc
 4170              	.LFE258:
 4172              		.section	.text.USB_HC_Halt,"ax",%progbits
 4173              		.align	1
 4174              		.global	USB_HC_Halt
 4175              		.syntax unified
 4176              		.thumb
 4177              		.thumb_func
 4179              	USB_HC_Halt:
 4180              	.LVL319:
 4181              	.LFB259:
1902:Drivers/STM32F4xx_HAL_Driver/Src/stm32f4xx_ll_usb.c **** 
ARM GAS  /tmp/ccNXSnaU.s 			page 127


1903:Drivers/STM32F4xx_HAL_Driver/Src/stm32f4xx_ll_usb.c **** /**
1904:Drivers/STM32F4xx_HAL_Driver/Src/stm32f4xx_ll_usb.c ****   * @brief  Halt a host channel
1905:Drivers/STM32F4xx_HAL_Driver/Src/stm32f4xx_ll_usb.c ****   * @param  USBx  Selected device
1906:Drivers/STM32F4xx_HAL_Driver/Src/stm32f4xx_ll_usb.c ****   * @param  hc_num  Host Channel number
1907:Drivers/STM32F4xx_HAL_Driver/Src/stm32f4xx_ll_usb.c ****   *         This parameter can be a value from 1 to 15
1908:Drivers/STM32F4xx_HAL_Driver/Src/stm32f4xx_ll_usb.c ****   * @retval HAL state
1909:Drivers/STM32F4xx_HAL_Driver/Src/stm32f4xx_ll_usb.c ****   */
1910:Drivers/STM32F4xx_HAL_Driver/Src/stm32f4xx_ll_usb.c **** HAL_StatusTypeDef USB_HC_Halt(USB_OTG_GlobalTypeDef *USBx, uint8_t hc_num)
1911:Drivers/STM32F4xx_HAL_Driver/Src/stm32f4xx_ll_usb.c **** {
 4182              		.loc 1 1911 1 is_stmt 1 view -0
 4183              		.cfi_startproc
 4184              		@ args = 0, pretend = 0, frame = 0
 4185              		@ frame_needed = 0, uses_anonymous_args = 0
 4186              		@ link register save eliminated.
 4187              		.loc 1 1911 1 is_stmt 0 view .LVU1417
 4188 0000 30B4     		push	{r4, r5}
 4189              		.cfi_def_cfa_offset 8
 4190              		.cfi_offset 4, -8
 4191              		.cfi_offset 5, -4
1912:Drivers/STM32F4xx_HAL_Driver/Src/stm32f4xx_ll_usb.c ****   uint32_t USBx_BASE = (uint32_t)USBx;
 4192              		.loc 1 1912 3 is_stmt 1 view .LVU1418
 4193              	.LVL320:
1913:Drivers/STM32F4xx_HAL_Driver/Src/stm32f4xx_ll_usb.c ****   uint32_t hcnum = (uint32_t)hc_num;
 4194              		.loc 1 1913 3 view .LVU1419
1914:Drivers/STM32F4xx_HAL_Driver/Src/stm32f4xx_ll_usb.c ****   uint32_t count = 0U;
 4195              		.loc 1 1914 3 view .LVU1420
1915:Drivers/STM32F4xx_HAL_Driver/Src/stm32f4xx_ll_usb.c ****   uint32_t HcEpType = (USBx_HC(hcnum)->HCCHAR & USB_OTG_HCCHAR_EPTYP) >> 18;
 4196              		.loc 1 1915 3 view .LVU1421
 4197              		.loc 1 1915 24 is_stmt 0 view .LVU1422
 4198 0002 00EB4111 		add	r1, r0, r1, lsl #5
 4199              	.LVL321:
 4200              		.loc 1 1915 24 view .LVU1423
 4201 0006 01F5A062 		add	r2, r1, #1280
 4202              		.loc 1 1915 38 view .LVU1424
 4203 000a D1F80035 		ldr	r3, [r1, #1280]
 4204              		.loc 1 1915 12 view .LVU1425
 4205 000e C3F38143 		ubfx	r3, r3, #18, #2
 4206              	.LVL322:
1916:Drivers/STM32F4xx_HAL_Driver/Src/stm32f4xx_ll_usb.c ****   uint32_t ChannelEna = (USBx_HC(hcnum)->HCCHAR & USB_OTG_HCCHAR_CHENA) >> 31;
 4207              		.loc 1 1916 3 is_stmt 1 view .LVU1426
 4208              		.loc 1 1916 40 is_stmt 0 view .LVU1427
 4209 0012 D1F80045 		ldr	r4, [r1, #1280]
 4210              	.LVL323:
1917:Drivers/STM32F4xx_HAL_Driver/Src/stm32f4xx_ll_usb.c **** 
1918:Drivers/STM32F4xx_HAL_Driver/Src/stm32f4xx_ll_usb.c ****   if (((USBx->GAHBCFG & USB_OTG_GAHBCFG_DMAEN) == USB_OTG_GAHBCFG_DMAEN) &&
 4211              		.loc 1 1918 3 is_stmt 1 view .LVU1428
 4212              		.loc 1 1918 13 is_stmt 0 view .LVU1429
 4213 0016 8568     		ldr	r5, [r0, #8]
 4214              		.loc 1 1918 6 view .LVU1430
 4215 0018 15F0200F 		tst	r5, #32
 4216 001c 02D0     		beq	.L271
 4217 001e E40F     		lsrs	r4, r4, #31
 4218              	.LVL324:
 4219              		.loc 1 1918 74 discriminator 1 view .LVU1431
 4220 0020 002C     		cmp	r4, #0
 4221 0022 55D0     		beq	.L272
 4222              	.LVL325:
ARM GAS  /tmp/ccNXSnaU.s 			page 128


 4223              	.L271:
1919:Drivers/STM32F4xx_HAL_Driver/Src/stm32f4xx_ll_usb.c ****       (ChannelEna == 0U))
1920:Drivers/STM32F4xx_HAL_Driver/Src/stm32f4xx_ll_usb.c ****   {
1921:Drivers/STM32F4xx_HAL_Driver/Src/stm32f4xx_ll_usb.c ****     return HAL_OK;
1922:Drivers/STM32F4xx_HAL_Driver/Src/stm32f4xx_ll_usb.c ****   }
1923:Drivers/STM32F4xx_HAL_Driver/Src/stm32f4xx_ll_usb.c **** 
1924:Drivers/STM32F4xx_HAL_Driver/Src/stm32f4xx_ll_usb.c ****   /* Check for space in the request queue to issue the halt. */
1925:Drivers/STM32F4xx_HAL_Driver/Src/stm32f4xx_ll_usb.c ****   if ((HcEpType == HCCHAR_CTRL) || (HcEpType == HCCHAR_BULK))
 4224              		.loc 1 1925 3 is_stmt 1 view .LVU1432
 4225              		.loc 1 1925 6 is_stmt 0 view .LVU1433
 4226 0024 33B3     		cbz	r3, .L273
 4227              		.loc 1 1925 33 discriminator 1 view .LVU1434
 4228 0026 022B     		cmp	r3, #2
 4229 0028 24D0     		beq	.L273
1926:Drivers/STM32F4xx_HAL_Driver/Src/stm32f4xx_ll_usb.c ****   {
1927:Drivers/STM32F4xx_HAL_Driver/Src/stm32f4xx_ll_usb.c ****     USBx_HC(hcnum)->HCCHAR |= USB_OTG_HCCHAR_CHDIS;
1928:Drivers/STM32F4xx_HAL_Driver/Src/stm32f4xx_ll_usb.c **** 
1929:Drivers/STM32F4xx_HAL_Driver/Src/stm32f4xx_ll_usb.c ****     if ((USBx->GAHBCFG & USB_OTG_GAHBCFG_DMAEN) == 0U)
1930:Drivers/STM32F4xx_HAL_Driver/Src/stm32f4xx_ll_usb.c ****     {
1931:Drivers/STM32F4xx_HAL_Driver/Src/stm32f4xx_ll_usb.c ****       if ((USBx->HNPTXSTS & (0xFFU << 16)) == 0U)
1932:Drivers/STM32F4xx_HAL_Driver/Src/stm32f4xx_ll_usb.c ****       {
1933:Drivers/STM32F4xx_HAL_Driver/Src/stm32f4xx_ll_usb.c ****         USBx_HC(hcnum)->HCCHAR &= ~USB_OTG_HCCHAR_CHENA;
1934:Drivers/STM32F4xx_HAL_Driver/Src/stm32f4xx_ll_usb.c ****         USBx_HC(hcnum)->HCCHAR |= USB_OTG_HCCHAR_CHENA;
1935:Drivers/STM32F4xx_HAL_Driver/Src/stm32f4xx_ll_usb.c ****         USBx_HC(hcnum)->HCCHAR &= ~USB_OTG_HCCHAR_EPDIR;
1936:Drivers/STM32F4xx_HAL_Driver/Src/stm32f4xx_ll_usb.c ****         do
1937:Drivers/STM32F4xx_HAL_Driver/Src/stm32f4xx_ll_usb.c ****         {
1938:Drivers/STM32F4xx_HAL_Driver/Src/stm32f4xx_ll_usb.c ****           if (++count > 1000U)
1939:Drivers/STM32F4xx_HAL_Driver/Src/stm32f4xx_ll_usb.c ****           {
1940:Drivers/STM32F4xx_HAL_Driver/Src/stm32f4xx_ll_usb.c ****             break;
1941:Drivers/STM32F4xx_HAL_Driver/Src/stm32f4xx_ll_usb.c ****           }
1942:Drivers/STM32F4xx_HAL_Driver/Src/stm32f4xx_ll_usb.c ****         } while ((USBx_HC(hcnum)->HCCHAR & USB_OTG_HCCHAR_CHENA) == USB_OTG_HCCHAR_CHENA);
1943:Drivers/STM32F4xx_HAL_Driver/Src/stm32f4xx_ll_usb.c ****       }
1944:Drivers/STM32F4xx_HAL_Driver/Src/stm32f4xx_ll_usb.c ****       else
1945:Drivers/STM32F4xx_HAL_Driver/Src/stm32f4xx_ll_usb.c ****       {
1946:Drivers/STM32F4xx_HAL_Driver/Src/stm32f4xx_ll_usb.c ****         USBx_HC(hcnum)->HCCHAR |= USB_OTG_HCCHAR_CHENA;
1947:Drivers/STM32F4xx_HAL_Driver/Src/stm32f4xx_ll_usb.c ****       }
1948:Drivers/STM32F4xx_HAL_Driver/Src/stm32f4xx_ll_usb.c ****     }
1949:Drivers/STM32F4xx_HAL_Driver/Src/stm32f4xx_ll_usb.c ****   }
1950:Drivers/STM32F4xx_HAL_Driver/Src/stm32f4xx_ll_usb.c ****   else
1951:Drivers/STM32F4xx_HAL_Driver/Src/stm32f4xx_ll_usb.c ****   {
1952:Drivers/STM32F4xx_HAL_Driver/Src/stm32f4xx_ll_usb.c ****     USBx_HC(hcnum)->HCCHAR |= USB_OTG_HCCHAR_CHDIS;
 4230              		.loc 1 1952 5 is_stmt 1 view .LVU1435
 4231              		.loc 1 1952 19 is_stmt 0 view .LVU1436
 4232 002a D1F80035 		ldr	r3, [r1, #1280]
 4233              	.LVL326:
 4234              		.loc 1 1952 28 view .LVU1437
 4235 002e 43F08043 		orr	r3, r3, #1073741824
 4236 0032 C1F80035 		str	r3, [r1, #1280]
1953:Drivers/STM32F4xx_HAL_Driver/Src/stm32f4xx_ll_usb.c **** 
1954:Drivers/STM32F4xx_HAL_Driver/Src/stm32f4xx_ll_usb.c ****     if ((USBx_HOST->HPTXSTS & (0xFFU << 16)) == 0U)
 4237              		.loc 1 1954 5 is_stmt 1 view .LVU1438
 4238              		.loc 1 1954 19 is_stmt 0 view .LVU1439
 4239 0036 D0F81034 		ldr	r3, [r0, #1040]
 4240              		.loc 1 1954 8 view .LVU1440
 4241 003a 13F47F03 		ands	r3, r3, #16711680
 4242 003e 4AD1     		bne	.L277
1955:Drivers/STM32F4xx_HAL_Driver/Src/stm32f4xx_ll_usb.c ****     {
ARM GAS  /tmp/ccNXSnaU.s 			page 129


1956:Drivers/STM32F4xx_HAL_Driver/Src/stm32f4xx_ll_usb.c ****       USBx_HC(hcnum)->HCCHAR &= ~USB_OTG_HCCHAR_CHENA;
 4243              		.loc 1 1956 7 is_stmt 1 view .LVU1441
 4244              		.loc 1 1956 21 is_stmt 0 view .LVU1442
 4245 0040 D1F80005 		ldr	r0, [r1, #1280]
 4246              	.LVL327:
 4247              		.loc 1 1956 30 view .LVU1443
 4248 0044 20F00040 		bic	r0, r0, #-2147483648
 4249 0048 C1F80005 		str	r0, [r1, #1280]
1957:Drivers/STM32F4xx_HAL_Driver/Src/stm32f4xx_ll_usb.c ****       USBx_HC(hcnum)->HCCHAR |= USB_OTG_HCCHAR_CHENA;
 4250              		.loc 1 1957 7 is_stmt 1 view .LVU1444
 4251              		.loc 1 1957 21 is_stmt 0 view .LVU1445
 4252 004c D1F80005 		ldr	r0, [r1, #1280]
 4253              		.loc 1 1957 30 view .LVU1446
 4254 0050 40F00040 		orr	r0, r0, #-2147483648
 4255 0054 C1F80005 		str	r0, [r1, #1280]
1958:Drivers/STM32F4xx_HAL_Driver/Src/stm32f4xx_ll_usb.c ****       USBx_HC(hcnum)->HCCHAR &= ~USB_OTG_HCCHAR_EPDIR;
 4256              		.loc 1 1958 7 is_stmt 1 view .LVU1447
 4257              		.loc 1 1958 21 is_stmt 0 view .LVU1448
 4258 0058 D1F80005 		ldr	r0, [r1, #1280]
 4259              		.loc 1 1958 30 view .LVU1449
 4260 005c 20F40040 		bic	r0, r0, #32768
 4261 0060 C1F80005 		str	r0, [r1, #1280]
 4262              	.LVL328:
 4263              	.L278:
1959:Drivers/STM32F4xx_HAL_Driver/Src/stm32f4xx_ll_usb.c ****       do
 4264              		.loc 1 1959 7 is_stmt 1 view .LVU1450
1960:Drivers/STM32F4xx_HAL_Driver/Src/stm32f4xx_ll_usb.c ****       {
1961:Drivers/STM32F4xx_HAL_Driver/Src/stm32f4xx_ll_usb.c ****         if (++count > 1000U)
 4265              		.loc 1 1961 9 view .LVU1451
 4266              		.loc 1 1961 12 is_stmt 0 view .LVU1452
 4267 0064 0133     		adds	r3, r3, #1
 4268              	.LVL329:
 4269              		.loc 1 1961 12 view .LVU1453
 4270 0066 B3F57A7F 		cmp	r3, #1000
 4271 006a 31D8     		bhi	.L272
1962:Drivers/STM32F4xx_HAL_Driver/Src/stm32f4xx_ll_usb.c ****         {
1963:Drivers/STM32F4xx_HAL_Driver/Src/stm32f4xx_ll_usb.c ****           break;
1964:Drivers/STM32F4xx_HAL_Driver/Src/stm32f4xx_ll_usb.c ****         }
1965:Drivers/STM32F4xx_HAL_Driver/Src/stm32f4xx_ll_usb.c ****       } while ((USBx_HC(hcnum)->HCCHAR & USB_OTG_HCCHAR_CHENA) == USB_OTG_HCCHAR_CHENA);
 4272              		.loc 1 1965 64 is_stmt 1 view .LVU1454
 4273              		.loc 1 1965 31 is_stmt 0 view .LVU1455
 4274 006c 1168     		ldr	r1, [r2]
 4275              		.loc 1 1965 64 view .LVU1456
 4276 006e 0029     		cmp	r1, #0
 4277 0070 F8DB     		blt	.L278
 4278 0072 2DE0     		b	.L272
 4279              	.LVL330:
 4280              	.L273:
1927:Drivers/STM32F4xx_HAL_Driver/Src/stm32f4xx_ll_usb.c **** 
 4281              		.loc 1 1927 5 is_stmt 1 view .LVU1457
1927:Drivers/STM32F4xx_HAL_Driver/Src/stm32f4xx_ll_usb.c **** 
 4282              		.loc 1 1927 19 is_stmt 0 view .LVU1458
 4283 0074 D1F80035 		ldr	r3, [r1, #1280]
 4284              	.LVL331:
1927:Drivers/STM32F4xx_HAL_Driver/Src/stm32f4xx_ll_usb.c **** 
 4285              		.loc 1 1927 28 view .LVU1459
 4286 0078 43F08043 		orr	r3, r3, #1073741824
ARM GAS  /tmp/ccNXSnaU.s 			page 130


 4287 007c C1F80035 		str	r3, [r1, #1280]
1929:Drivers/STM32F4xx_HAL_Driver/Src/stm32f4xx_ll_usb.c ****     {
 4288              		.loc 1 1929 5 is_stmt 1 view .LVU1460
1929:Drivers/STM32F4xx_HAL_Driver/Src/stm32f4xx_ll_usb.c ****     {
 4289              		.loc 1 1929 14 is_stmt 0 view .LVU1461
 4290 0080 8368     		ldr	r3, [r0, #8]
1929:Drivers/STM32F4xx_HAL_Driver/Src/stm32f4xx_ll_usb.c ****     {
 4291              		.loc 1 1929 8 view .LVU1462
 4292 0082 13F0200F 		tst	r3, #32
 4293 0086 23D1     		bne	.L272
1931:Drivers/STM32F4xx_HAL_Driver/Src/stm32f4xx_ll_usb.c ****       {
 4294              		.loc 1 1931 7 is_stmt 1 view .LVU1463
1931:Drivers/STM32F4xx_HAL_Driver/Src/stm32f4xx_ll_usb.c ****       {
 4295              		.loc 1 1931 16 is_stmt 0 view .LVU1464
 4296 0088 C36A     		ldr	r3, [r0, #44]
1931:Drivers/STM32F4xx_HAL_Driver/Src/stm32f4xx_ll_usb.c ****       {
 4297              		.loc 1 1931 10 view .LVU1465
 4298 008a 13F47F03 		ands	r3, r3, #16711680
 4299 008e 19D1     		bne	.L275
1933:Drivers/STM32F4xx_HAL_Driver/Src/stm32f4xx_ll_usb.c ****         USBx_HC(hcnum)->HCCHAR |= USB_OTG_HCCHAR_CHENA;
 4300              		.loc 1 1933 9 is_stmt 1 view .LVU1466
1933:Drivers/STM32F4xx_HAL_Driver/Src/stm32f4xx_ll_usb.c ****         USBx_HC(hcnum)->HCCHAR |= USB_OTG_HCCHAR_CHENA;
 4301              		.loc 1 1933 23 is_stmt 0 view .LVU1467
 4302 0090 D1F80005 		ldr	r0, [r1, #1280]
 4303              	.LVL332:
1933:Drivers/STM32F4xx_HAL_Driver/Src/stm32f4xx_ll_usb.c ****         USBx_HC(hcnum)->HCCHAR |= USB_OTG_HCCHAR_CHENA;
 4304              		.loc 1 1933 32 view .LVU1468
 4305 0094 20F00040 		bic	r0, r0, #-2147483648
 4306 0098 C1F80005 		str	r0, [r1, #1280]
1934:Drivers/STM32F4xx_HAL_Driver/Src/stm32f4xx_ll_usb.c ****         USBx_HC(hcnum)->HCCHAR &= ~USB_OTG_HCCHAR_EPDIR;
 4307              		.loc 1 1934 9 is_stmt 1 view .LVU1469
1934:Drivers/STM32F4xx_HAL_Driver/Src/stm32f4xx_ll_usb.c ****         USBx_HC(hcnum)->HCCHAR &= ~USB_OTG_HCCHAR_EPDIR;
 4308              		.loc 1 1934 23 is_stmt 0 view .LVU1470
 4309 009c D1F80005 		ldr	r0, [r1, #1280]
1934:Drivers/STM32F4xx_HAL_Driver/Src/stm32f4xx_ll_usb.c ****         USBx_HC(hcnum)->HCCHAR &= ~USB_OTG_HCCHAR_EPDIR;
 4310              		.loc 1 1934 32 view .LVU1471
 4311 00a0 40F00040 		orr	r0, r0, #-2147483648
 4312 00a4 C1F80005 		str	r0, [r1, #1280]
1935:Drivers/STM32F4xx_HAL_Driver/Src/stm32f4xx_ll_usb.c ****         do
 4313              		.loc 1 1935 9 is_stmt 1 view .LVU1472
1935:Drivers/STM32F4xx_HAL_Driver/Src/stm32f4xx_ll_usb.c ****         do
 4314              		.loc 1 1935 23 is_stmt 0 view .LVU1473
 4315 00a8 D1F80005 		ldr	r0, [r1, #1280]
1935:Drivers/STM32F4xx_HAL_Driver/Src/stm32f4xx_ll_usb.c ****         do
 4316              		.loc 1 1935 32 view .LVU1474
 4317 00ac 20F40040 		bic	r0, r0, #32768
 4318 00b0 C1F80005 		str	r0, [r1, #1280]
 4319              	.LVL333:
 4320              	.L276:
1936:Drivers/STM32F4xx_HAL_Driver/Src/stm32f4xx_ll_usb.c ****         {
 4321              		.loc 1 1936 9 is_stmt 1 view .LVU1475
1938:Drivers/STM32F4xx_HAL_Driver/Src/stm32f4xx_ll_usb.c ****           {
 4322              		.loc 1 1938 11 view .LVU1476
1938:Drivers/STM32F4xx_HAL_Driver/Src/stm32f4xx_ll_usb.c ****           {
 4323              		.loc 1 1938 14 is_stmt 0 view .LVU1477
 4324 00b4 0133     		adds	r3, r3, #1
 4325              	.LVL334:
ARM GAS  /tmp/ccNXSnaU.s 			page 131


1938:Drivers/STM32F4xx_HAL_Driver/Src/stm32f4xx_ll_usb.c ****           {
 4326              		.loc 1 1938 14 view .LVU1478
 4327 00b6 B3F57A7F 		cmp	r3, #1000
 4328 00ba 09D8     		bhi	.L272
1942:Drivers/STM32F4xx_HAL_Driver/Src/stm32f4xx_ll_usb.c ****       }
 4329              		.loc 1 1942 66 is_stmt 1 view .LVU1479
1942:Drivers/STM32F4xx_HAL_Driver/Src/stm32f4xx_ll_usb.c ****       }
 4330              		.loc 1 1942 33 is_stmt 0 view .LVU1480
 4331 00bc 1168     		ldr	r1, [r2]
1942:Drivers/STM32F4xx_HAL_Driver/Src/stm32f4xx_ll_usb.c ****       }
 4332              		.loc 1 1942 66 view .LVU1481
 4333 00be 0029     		cmp	r1, #0
 4334 00c0 F8DB     		blt	.L276
 4335 00c2 05E0     		b	.L272
 4336              	.LVL335:
 4337              	.L275:
1946:Drivers/STM32F4xx_HAL_Driver/Src/stm32f4xx_ll_usb.c ****       }
 4338              		.loc 1 1946 9 is_stmt 1 view .LVU1482
1946:Drivers/STM32F4xx_HAL_Driver/Src/stm32f4xx_ll_usb.c ****       }
 4339              		.loc 1 1946 23 is_stmt 0 view .LVU1483
 4340 00c4 D1F80035 		ldr	r3, [r1, #1280]
1946:Drivers/STM32F4xx_HAL_Driver/Src/stm32f4xx_ll_usb.c ****       }
 4341              		.loc 1 1946 32 view .LVU1484
 4342 00c8 43F00043 		orr	r3, r3, #-2147483648
 4343 00cc C1F80035 		str	r3, [r1, #1280]
 4344              	.LVL336:
 4345              	.L272:
1966:Drivers/STM32F4xx_HAL_Driver/Src/stm32f4xx_ll_usb.c ****     }
1967:Drivers/STM32F4xx_HAL_Driver/Src/stm32f4xx_ll_usb.c ****     else
1968:Drivers/STM32F4xx_HAL_Driver/Src/stm32f4xx_ll_usb.c ****     {
1969:Drivers/STM32F4xx_HAL_Driver/Src/stm32f4xx_ll_usb.c ****       USBx_HC(hcnum)->HCCHAR |= USB_OTG_HCCHAR_CHENA;
1970:Drivers/STM32F4xx_HAL_Driver/Src/stm32f4xx_ll_usb.c ****     }
1971:Drivers/STM32F4xx_HAL_Driver/Src/stm32f4xx_ll_usb.c ****   }
1972:Drivers/STM32F4xx_HAL_Driver/Src/stm32f4xx_ll_usb.c **** 
1973:Drivers/STM32F4xx_HAL_Driver/Src/stm32f4xx_ll_usb.c ****   return HAL_OK;
1974:Drivers/STM32F4xx_HAL_Driver/Src/stm32f4xx_ll_usb.c **** }
 4346              		.loc 1 1974 1 view .LVU1485
 4347 00d0 0020     		movs	r0, #0
 4348 00d2 30BC     		pop	{r4, r5}
 4349              		.cfi_remember_state
 4350              		.cfi_restore 5
 4351              		.cfi_restore 4
 4352              		.cfi_def_cfa_offset 0
 4353 00d4 7047     		bx	lr
 4354              	.LVL337:
 4355              	.L277:
 4356              		.cfi_restore_state
1969:Drivers/STM32F4xx_HAL_Driver/Src/stm32f4xx_ll_usb.c ****     }
 4357              		.loc 1 1969 7 is_stmt 1 view .LVU1486
1969:Drivers/STM32F4xx_HAL_Driver/Src/stm32f4xx_ll_usb.c ****     }
 4358              		.loc 1 1969 21 is_stmt 0 view .LVU1487
 4359 00d6 D1F80035 		ldr	r3, [r1, #1280]
1969:Drivers/STM32F4xx_HAL_Driver/Src/stm32f4xx_ll_usb.c ****     }
 4360              		.loc 1 1969 30 view .LVU1488
 4361 00da 43F00043 		orr	r3, r3, #-2147483648
 4362 00de C1F80035 		str	r3, [r1, #1280]
 4363 00e2 F5E7     		b	.L272
ARM GAS  /tmp/ccNXSnaU.s 			page 132


 4364              		.cfi_endproc
 4365              	.LFE259:
 4367              		.section	.text.USB_DoPing,"ax",%progbits
 4368              		.align	1
 4369              		.global	USB_DoPing
 4370              		.syntax unified
 4371              		.thumb
 4372              		.thumb_func
 4374              	USB_DoPing:
 4375              	.LVL338:
 4376              	.LFB260:
1975:Drivers/STM32F4xx_HAL_Driver/Src/stm32f4xx_ll_usb.c **** 
1976:Drivers/STM32F4xx_HAL_Driver/Src/stm32f4xx_ll_usb.c **** /**
1977:Drivers/STM32F4xx_HAL_Driver/Src/stm32f4xx_ll_usb.c ****   * @brief  Initiate Do Ping protocol
1978:Drivers/STM32F4xx_HAL_Driver/Src/stm32f4xx_ll_usb.c ****   * @param  USBx  Selected device
1979:Drivers/STM32F4xx_HAL_Driver/Src/stm32f4xx_ll_usb.c ****   * @param  hc_num  Host Channel number
1980:Drivers/STM32F4xx_HAL_Driver/Src/stm32f4xx_ll_usb.c ****   *         This parameter can be a value from 1 to 15
1981:Drivers/STM32F4xx_HAL_Driver/Src/stm32f4xx_ll_usb.c ****   * @retval HAL state
1982:Drivers/STM32F4xx_HAL_Driver/Src/stm32f4xx_ll_usb.c ****   */
1983:Drivers/STM32F4xx_HAL_Driver/Src/stm32f4xx_ll_usb.c **** HAL_StatusTypeDef USB_DoPing(USB_OTG_GlobalTypeDef *USBx, uint8_t ch_num)
1984:Drivers/STM32F4xx_HAL_Driver/Src/stm32f4xx_ll_usb.c **** {
 4377              		.loc 1 1984 1 is_stmt 1 view -0
 4378              		.cfi_startproc
 4379              		@ args = 0, pretend = 0, frame = 0
 4380              		@ frame_needed = 0, uses_anonymous_args = 0
 4381              		@ link register save eliminated.
1985:Drivers/STM32F4xx_HAL_Driver/Src/stm32f4xx_ll_usb.c ****   uint32_t USBx_BASE = (uint32_t)USBx;
 4382              		.loc 1 1985 3 view .LVU1490
1986:Drivers/STM32F4xx_HAL_Driver/Src/stm32f4xx_ll_usb.c ****   uint32_t chnum = (uint32_t)ch_num;
 4383              		.loc 1 1986 3 view .LVU1491
1987:Drivers/STM32F4xx_HAL_Driver/Src/stm32f4xx_ll_usb.c ****   uint32_t num_packets = 1U;
 4384              		.loc 1 1987 3 view .LVU1492
1988:Drivers/STM32F4xx_HAL_Driver/Src/stm32f4xx_ll_usb.c ****   uint32_t tmpreg;
 4385              		.loc 1 1988 3 view .LVU1493
1989:Drivers/STM32F4xx_HAL_Driver/Src/stm32f4xx_ll_usb.c **** 
1990:Drivers/STM32F4xx_HAL_Driver/Src/stm32f4xx_ll_usb.c ****   USBx_HC(chnum)->HCTSIZ = ((num_packets << 19) & USB_OTG_HCTSIZ_PKTCNT) |
 4386              		.loc 1 1990 3 view .LVU1494
 4387 0000 00EB4110 		add	r0, r0, r1, lsl #5
 4388              	.LVL339:
 4389              		.loc 1 1990 26 is_stmt 0 view .LVU1495
 4390 0004 064A     		ldr	r2, .L281
 4391 0006 C0F81025 		str	r2, [r0, #1296]
1991:Drivers/STM32F4xx_HAL_Driver/Src/stm32f4xx_ll_usb.c ****                            USB_OTG_HCTSIZ_DOPING;
1992:Drivers/STM32F4xx_HAL_Driver/Src/stm32f4xx_ll_usb.c **** 
1993:Drivers/STM32F4xx_HAL_Driver/Src/stm32f4xx_ll_usb.c ****   /* Set host channel enable */
1994:Drivers/STM32F4xx_HAL_Driver/Src/stm32f4xx_ll_usb.c ****   tmpreg = USBx_HC(chnum)->HCCHAR;
 4392              		.loc 1 1994 3 is_stmt 1 view .LVU1496
 4393              		.loc 1 1994 10 is_stmt 0 view .LVU1497
 4394 000a D0F80035 		ldr	r3, [r0, #1280]
 4395              	.LVL340:
1995:Drivers/STM32F4xx_HAL_Driver/Src/stm32f4xx_ll_usb.c ****   tmpreg &= ~USB_OTG_HCCHAR_CHDIS;
 4396              		.loc 1 1995 3 is_stmt 1 view .LVU1498
 4397              		.loc 1 1995 10 is_stmt 0 view .LVU1499
 4398 000e 23F08043 		bic	r3, r3, #1073741824
 4399              	.LVL341:
1996:Drivers/STM32F4xx_HAL_Driver/Src/stm32f4xx_ll_usb.c ****   tmpreg |= USB_OTG_HCCHAR_CHENA;
 4400              		.loc 1 1996 3 is_stmt 1 view .LVU1500
ARM GAS  /tmp/ccNXSnaU.s 			page 133


 4401              		.loc 1 1996 10 is_stmt 0 view .LVU1501
 4402 0012 43F00043 		orr	r3, r3, #-2147483648
 4403              	.LVL342:
1997:Drivers/STM32F4xx_HAL_Driver/Src/stm32f4xx_ll_usb.c ****   USBx_HC(chnum)->HCCHAR = tmpreg;
 4404              		.loc 1 1997 3 is_stmt 1 view .LVU1502
 4405              		.loc 1 1997 26 is_stmt 0 view .LVU1503
 4406 0016 C0F80035 		str	r3, [r0, #1280]
1998:Drivers/STM32F4xx_HAL_Driver/Src/stm32f4xx_ll_usb.c **** 
1999:Drivers/STM32F4xx_HAL_Driver/Src/stm32f4xx_ll_usb.c ****   return HAL_OK;
 4407              		.loc 1 1999 3 is_stmt 1 view .LVU1504
2000:Drivers/STM32F4xx_HAL_Driver/Src/stm32f4xx_ll_usb.c **** }
 4408              		.loc 1 2000 1 is_stmt 0 view .LVU1505
 4409 001a 0020     		movs	r0, #0
 4410 001c 7047     		bx	lr
 4411              	.L282:
 4412 001e 00BF     		.align	2
 4413              	.L281:
 4414 0020 00000880 		.word	-2146959360
 4415              		.cfi_endproc
 4416              	.LFE260:
 4418              		.section	.text.USB_HC_StartXfer,"ax",%progbits
 4419              		.align	1
 4420              		.global	USB_HC_StartXfer
 4421              		.syntax unified
 4422              		.thumb
 4423              		.thumb_func
 4425              	USB_HC_StartXfer:
 4426              	.LVL343:
 4427              	.LFB257:
1758:Drivers/STM32F4xx_HAL_Driver/Src/stm32f4xx_ll_usb.c ****   uint32_t USBx_BASE = (uint32_t)USBx;
 4428              		.loc 1 1758 1 is_stmt 1 view -0
 4429              		.cfi_startproc
 4430              		@ args = 0, pretend = 0, frame = 8
 4431              		@ frame_needed = 0, uses_anonymous_args = 0
1758:Drivers/STM32F4xx_HAL_Driver/Src/stm32f4xx_ll_usb.c ****   uint32_t USBx_BASE = (uint32_t)USBx;
 4432              		.loc 1 1758 1 is_stmt 0 view .LVU1507
 4433 0000 30B5     		push	{r4, r5, lr}
 4434              		.cfi_def_cfa_offset 12
 4435              		.cfi_offset 4, -12
 4436              		.cfi_offset 5, -8
 4437              		.cfi_offset 14, -4
 4438 0002 85B0     		sub	sp, sp, #20
 4439              		.cfi_def_cfa_offset 32
1759:Drivers/STM32F4xx_HAL_Driver/Src/stm32f4xx_ll_usb.c ****   uint32_t ch_num = (uint32_t)hc->ch_num;
 4440              		.loc 1 1759 3 is_stmt 1 view .LVU1508
 4441              	.LVL344:
1760:Drivers/STM32F4xx_HAL_Driver/Src/stm32f4xx_ll_usb.c ****   __IO uint32_t tmpreg;
 4442              		.loc 1 1760 3 view .LVU1509
1760:Drivers/STM32F4xx_HAL_Driver/Src/stm32f4xx_ll_usb.c ****   __IO uint32_t tmpreg;
 4443              		.loc 1 1760 33 is_stmt 0 view .LVU1510
 4444 0004 4B78     		ldrb	r3, [r1, #1]	@ zero_extendqisi2
 4445              	.LVL345:
1761:Drivers/STM32F4xx_HAL_Driver/Src/stm32f4xx_ll_usb.c ****   uint8_t  is_oddframe;
 4446              		.loc 1 1761 3 is_stmt 1 view .LVU1511
1762:Drivers/STM32F4xx_HAL_Driver/Src/stm32f4xx_ll_usb.c ****   uint16_t len_words;
 4447              		.loc 1 1762 3 view .LVU1512
1763:Drivers/STM32F4xx_HAL_Driver/Src/stm32f4xx_ll_usb.c ****   uint16_t num_packets;
ARM GAS  /tmp/ccNXSnaU.s 			page 134


 4448              		.loc 1 1763 3 view .LVU1513
1764:Drivers/STM32F4xx_HAL_Driver/Src/stm32f4xx_ll_usb.c ****   uint16_t max_hc_pkt_count = 256U;
 4449              		.loc 1 1764 3 view .LVU1514
1765:Drivers/STM32F4xx_HAL_Driver/Src/stm32f4xx_ll_usb.c **** 
 4450              		.loc 1 1765 3 view .LVU1515
1767:Drivers/STM32F4xx_HAL_Driver/Src/stm32f4xx_ll_usb.c ****   {
 4451              		.loc 1 1767 3 view .LVU1516
1767:Drivers/STM32F4xx_HAL_Driver/Src/stm32f4xx_ll_usb.c ****   {
 4452              		.loc 1 1767 13 is_stmt 0 view .LVU1517
 4453 0006 C46B     		ldr	r4, [r0, #60]
1767:Drivers/STM32F4xx_HAL_Driver/Src/stm32f4xx_ll_usb.c ****   {
 4454              		.loc 1 1767 6 view .LVU1518
 4455 0008 14F4807F 		tst	r4, #256
 4456 000c 07D0     		beq	.L284
1767:Drivers/STM32F4xx_HAL_Driver/Src/stm32f4xx_ll_usb.c ****   {
 4457              		.loc 1 1767 47 discriminator 1 view .LVU1519
 4458 000e 0C79     		ldrb	r4, [r1, #4]	@ zero_extendqisi2
1767:Drivers/STM32F4xx_HAL_Driver/Src/stm32f4xx_ll_usb.c ****   {
 4459              		.loc 1 1767 41 discriminator 1 view .LVU1520
 4460 0010 2CB9     		cbnz	r4, .L284
1770:Drivers/STM32F4xx_HAL_Driver/Src/stm32f4xx_ll_usb.c ****     {
 4461              		.loc 1 1770 5 is_stmt 1 view .LVU1521
1770:Drivers/STM32F4xx_HAL_Driver/Src/stm32f4xx_ll_usb.c ****     {
 4462              		.loc 1 1770 8 is_stmt 0 view .LVU1522
 4463 0012 012A     		cmp	r2, #1
 4464 0014 16D0     		beq	.L301
 4465              	.L285:
1777:Drivers/STM32F4xx_HAL_Driver/Src/stm32f4xx_ll_usb.c ****     {
 4466              		.loc 1 1777 5 is_stmt 1 view .LVU1523
1777:Drivers/STM32F4xx_HAL_Driver/Src/stm32f4xx_ll_usb.c ****     {
 4467              		.loc 1 1777 8 is_stmt 0 view .LVU1524
 4468 0016 12B9     		cbnz	r2, .L284
1777:Drivers/STM32F4xx_HAL_Driver/Src/stm32f4xx_ll_usb.c ****     {
 4469              		.loc 1 1777 27 discriminator 1 view .LVU1525
 4470 0018 4C79     		ldrb	r4, [r1, #5]	@ zero_extendqisi2
1777:Drivers/STM32F4xx_HAL_Driver/Src/stm32f4xx_ll_usb.c ****     {
 4471              		.loc 1 1777 21 discriminator 1 view .LVU1526
 4472 001a 012C     		cmp	r4, #1
 4473 001c 1FD0     		beq	.L302
 4474              	.L284:
1786:Drivers/STM32F4xx_HAL_Driver/Src/stm32f4xx_ll_usb.c ****   {
 4475              		.loc 1 1786 3 is_stmt 1 view .LVU1527
1786:Drivers/STM32F4xx_HAL_Driver/Src/stm32f4xx_ll_usb.c ****   {
 4476              		.loc 1 1786 9 is_stmt 0 view .LVU1528
 4477 001e 4C69     		ldr	r4, [r1, #20]
1786:Drivers/STM32F4xx_HAL_Driver/Src/stm32f4xx_ll_usb.c ****   {
 4478              		.loc 1 1786 6 view .LVU1529
 4479 0020 0CB3     		cbz	r4, .L298
1788:Drivers/STM32F4xx_HAL_Driver/Src/stm32f4xx_ll_usb.c **** 
 4480              		.loc 1 1788 5 is_stmt 1 view .LVU1530
1788:Drivers/STM32F4xx_HAL_Driver/Src/stm32f4xx_ll_usb.c **** 
 4481              		.loc 1 1788 48 is_stmt 0 view .LVU1531
 4482 0022 0D89     		ldrh	r5, [r1, #8]
1788:Drivers/STM32F4xx_HAL_Driver/Src/stm32f4xx_ll_usb.c **** 
 4483              		.loc 1 1788 44 view .LVU1532
 4484 0024 04EB050C 		add	ip, r4, r5
1788:Drivers/STM32F4xx_HAL_Driver/Src/stm32f4xx_ll_usb.c **** 
ARM GAS  /tmp/ccNXSnaU.s 			page 135


 4485              		.loc 1 1788 61 view .LVU1533
 4486 0028 0CF1FF3C 		add	ip, ip, #-1
1788:Drivers/STM32F4xx_HAL_Driver/Src/stm32f4xx_ll_usb.c **** 
 4487              		.loc 1 1788 67 view .LVU1534
 4488 002c BCFBF5FC 		udiv	ip, ip, r5
1788:Drivers/STM32F4xx_HAL_Driver/Src/stm32f4xx_ll_usb.c **** 
 4489              		.loc 1 1788 17 view .LVU1535
 4490 0030 1FFA8CFC 		uxth	ip, ip
 4491              	.LVL346:
1790:Drivers/STM32F4xx_HAL_Driver/Src/stm32f4xx_ll_usb.c ****     {
 4492              		.loc 1 1790 5 is_stmt 1 view .LVU1536
1790:Drivers/STM32F4xx_HAL_Driver/Src/stm32f4xx_ll_usb.c ****     {
 4493              		.loc 1 1790 8 is_stmt 0 view .LVU1537
 4494 0034 BCF5807F 		cmp	ip, #256
 4495 0038 17D9     		bls	.L288
1792:Drivers/STM32F4xx_HAL_Driver/Src/stm32f4xx_ll_usb.c ****       hc->XferSize = (uint32_t)num_packets * hc->max_packet;
 4496              		.loc 1 1792 7 is_stmt 1 view .LVU1538
 4497              	.LVL347:
1793:Drivers/STM32F4xx_HAL_Driver/Src/stm32f4xx_ll_usb.c ****     }
 4498              		.loc 1 1793 7 view .LVU1539
1793:Drivers/STM32F4xx_HAL_Driver/Src/stm32f4xx_ll_usb.c ****     }
 4499              		.loc 1 1793 44 is_stmt 0 view .LVU1540
 4500 003a 2D02     		lsls	r5, r5, #8
1793:Drivers/STM32F4xx_HAL_Driver/Src/stm32f4xx_ll_usb.c ****     }
 4501              		.loc 1 1793 20 view .LVU1541
 4502 003c 0D61     		str	r5, [r1, #16]
1792:Drivers/STM32F4xx_HAL_Driver/Src/stm32f4xx_ll_usb.c ****       hc->XferSize = (uint32_t)num_packets * hc->max_packet;
 4503              		.loc 1 1792 19 view .LVU1542
 4504 003e 4FF4807C 		mov	ip, #256
 4505 0042 12E0     		b	.L288
 4506              	.LVL348:
 4507              	.L301:
1770:Drivers/STM32F4xx_HAL_Driver/Src/stm32f4xx_ll_usb.c ****     {
 4508              		.loc 1 1770 28 discriminator 1 view .LVU1543
 4509 0044 CC79     		ldrb	r4, [r1, #7]	@ zero_extendqisi2
1770:Drivers/STM32F4xx_HAL_Driver/Src/stm32f4xx_ll_usb.c ****     {
 4510              		.loc 1 1770 21 discriminator 1 view .LVU1544
 4511 0046 0CB1     		cbz	r4, .L286
1770:Drivers/STM32F4xx_HAL_Driver/Src/stm32f4xx_ll_usb.c ****     {
 4512              		.loc 1 1770 55 discriminator 2 view .LVU1545
 4513 0048 022C     		cmp	r4, #2
 4514 004a E4D1     		bne	.L285
 4515              	.L286:
1772:Drivers/STM32F4xx_HAL_Driver/Src/stm32f4xx_ll_usb.c ****                                                USB_OTG_HCINTMSK_ACKM |
 4516              		.loc 1 1772 7 is_stmt 1 view .LVU1546
1772:Drivers/STM32F4xx_HAL_Driver/Src/stm32f4xx_ll_usb.c ****                                                USB_OTG_HCINTMSK_ACKM |
 4517              		.loc 1 1772 32 is_stmt 0 view .LVU1547
 4518 004c 00EB4314 		add	r4, r0, r3, lsl #5
 4519 0050 D4F80C55 		ldr	r5, [r4, #1292]
1772:Drivers/STM32F4xx_HAL_Driver/Src/stm32f4xx_ll_usb.c ****                                                USB_OTG_HCINTMSK_ACKM |
 4520              		.loc 1 1772 43 view .LVU1548
 4521 0054 25F07005 		bic	r5, r5, #112
 4522 0058 C4F80C55 		str	r5, [r4, #1292]
 4523 005c DBE7     		b	.L285
 4524              	.L302:
1779:Drivers/STM32F4xx_HAL_Driver/Src/stm32f4xx_ll_usb.c ****       return HAL_OK;
 4525              		.loc 1 1779 7 is_stmt 1 view .LVU1549
ARM GAS  /tmp/ccNXSnaU.s 			page 136


1779:Drivers/STM32F4xx_HAL_Driver/Src/stm32f4xx_ll_usb.c ****       return HAL_OK;
 4526              		.loc 1 1779 13 is_stmt 0 view .LVU1550
 4527 005e 4978     		ldrb	r1, [r1, #1]	@ zero_extendqisi2
 4528              	.LVL349:
1779:Drivers/STM32F4xx_HAL_Driver/Src/stm32f4xx_ll_usb.c ****       return HAL_OK;
 4529              		.loc 1 1779 13 view .LVU1551
 4530 0060 FFF7FEFF 		bl	USB_DoPing
 4531              	.LVL350:
1780:Drivers/STM32F4xx_HAL_Driver/Src/stm32f4xx_ll_usb.c ****     }
 4532              		.loc 1 1780 7 is_stmt 1 view .LVU1552
1780:Drivers/STM32F4xx_HAL_Driver/Src/stm32f4xx_ll_usb.c ****     }
 4533              		.loc 1 1780 14 is_stmt 0 view .LVU1553
 4534 0064 6FE0     		b	.L287
 4535              	.LVL351:
 4536              	.L298:
1798:Drivers/STM32F4xx_HAL_Driver/Src/stm32f4xx_ll_usb.c ****   }
 4537              		.loc 1 1798 17 view .LVU1554
 4538 0066 4FF0010C 		mov	ip, #1
 4539              	.L288:
 4540              	.LVL352:
1805:Drivers/STM32F4xx_HAL_Driver/Src/stm32f4xx_ll_usb.c ****   {
 4541              		.loc 1 1805 3 is_stmt 1 view .LVU1555
1805:Drivers/STM32F4xx_HAL_Driver/Src/stm32f4xx_ll_usb.c ****   {
 4542              		.loc 1 1805 9 is_stmt 0 view .LVU1556
 4543 006a CD78     		ldrb	r5, [r1, #3]	@ zero_extendqisi2
1805:Drivers/STM32F4xx_HAL_Driver/Src/stm32f4xx_ll_usb.c ****   {
 4544              		.loc 1 1805 6 view .LVU1557
 4545 006c 002D     		cmp	r5, #0
 4546 006e 51D0     		beq	.L289
1807:Drivers/STM32F4xx_HAL_Driver/Src/stm32f4xx_ll_usb.c ****   }
 4547              		.loc 1 1807 5 is_stmt 1 view .LVU1558
1807:Drivers/STM32F4xx_HAL_Driver/Src/stm32f4xx_ll_usb.c ****   }
 4548              		.loc 1 1807 46 is_stmt 0 view .LVU1559
 4549 0070 0C89     		ldrh	r4, [r1, #8]
1807:Drivers/STM32F4xx_HAL_Driver/Src/stm32f4xx_ll_usb.c ****   }
 4550              		.loc 1 1807 42 view .LVU1560
 4551 0072 04FB0CF4 		mul	r4, r4, ip
1807:Drivers/STM32F4xx_HAL_Driver/Src/stm32f4xx_ll_usb.c ****   }
 4552              		.loc 1 1807 18 view .LVU1561
 4553 0076 0C61     		str	r4, [r1, #16]
 4554              	.L290:
1815:Drivers/STM32F4xx_HAL_Driver/Src/stm32f4xx_ll_usb.c ****                             (((uint32_t)num_packets << 19) & USB_OTG_HCTSIZ_PKTCNT) |
 4555              		.loc 1 1815 3 is_stmt 1 view .LVU1562
1815:Drivers/STM32F4xx_HAL_Driver/Src/stm32f4xx_ll_usb.c ****                             (((uint32_t)num_packets << 19) & USB_OTG_HCTSIZ_PKTCNT) |
 4556              		.loc 1 1815 32 is_stmt 0 view .LVU1563
 4557 0078 0C69     		ldr	r4, [r1, #16]
1815:Drivers/STM32F4xx_HAL_Driver/Src/stm32f4xx_ll_usb.c ****                             (((uint32_t)num_packets << 19) & USB_OTG_HCTSIZ_PKTCNT) |
 4558              		.loc 1 1815 43 view .LVU1564
 4559 007a C4F31204 		ubfx	r4, r4, #0, #19
1816:Drivers/STM32F4xx_HAL_Driver/Src/stm32f4xx_ll_usb.c ****                             (((uint32_t)hc->data_pid << 29) & USB_OTG_HCTSIZ_DPID);
 4560              		.loc 1 1816 60 view .LVU1565
 4561 007e 394D     		ldr	r5, .L303
 4562 0080 05EACC4C 		and	ip, r5, ip, lsl #19
 4563              	.LVL353:
1815:Drivers/STM32F4xx_HAL_Driver/Src/stm32f4xx_ll_usb.c ****                             (((uint32_t)num_packets << 19) & USB_OTG_HCTSIZ_PKTCNT) |
 4564              		.loc 1 1815 68 view .LVU1566
 4565 0084 44EA0C04 		orr	r4, r4, ip
ARM GAS  /tmp/ccNXSnaU.s 			page 137


1817:Drivers/STM32F4xx_HAL_Driver/Src/stm32f4xx_ll_usb.c **** 
 4566              		.loc 1 1817 43 view .LVU1567
 4567 0088 91F80AC0 		ldrb	ip, [r1, #10]	@ zero_extendqisi2
1817:Drivers/STM32F4xx_HAL_Driver/Src/stm32f4xx_ll_usb.c **** 
 4568              		.loc 1 1817 54 view .LVU1568
 4569 008c 4FEA4C7C 		lsl	ip, ip, #29
1817:Drivers/STM32F4xx_HAL_Driver/Src/stm32f4xx_ll_usb.c **** 
 4570              		.loc 1 1817 61 view .LVU1569
 4571 0090 0CF0C04C 		and	ip, ip, #1610612736
1815:Drivers/STM32F4xx_HAL_Driver/Src/stm32f4xx_ll_usb.c ****                             (((uint32_t)num_packets << 19) & USB_OTG_HCTSIZ_PKTCNT) |
 4572              		.loc 1 1815 3 view .LVU1570
 4573 0094 00EB4313 		add	r3, r0, r3, lsl #5
 4574              	.LVL354:
1816:Drivers/STM32F4xx_HAL_Driver/Src/stm32f4xx_ll_usb.c ****                             (((uint32_t)hc->data_pid << 29) & USB_OTG_HCTSIZ_DPID);
 4575              		.loc 1 1816 85 view .LVU1571
 4576 0098 44EA0C04 		orr	r4, r4, ip
1815:Drivers/STM32F4xx_HAL_Driver/Src/stm32f4xx_ll_usb.c ****                             (((uint32_t)num_packets << 19) & USB_OTG_HCTSIZ_PKTCNT) |
 4577              		.loc 1 1815 27 view .LVU1572
 4578 009c C3F81045 		str	r4, [r3, #1296]
1819:Drivers/STM32F4xx_HAL_Driver/Src/stm32f4xx_ll_usb.c ****   {
 4579              		.loc 1 1819 3 is_stmt 1 view .LVU1573
1819:Drivers/STM32F4xx_HAL_Driver/Src/stm32f4xx_ll_usb.c ****   {
 4580              		.loc 1 1819 6 is_stmt 0 view .LVU1574
 4581 00a0 12B1     		cbz	r2, .L291
1822:Drivers/STM32F4xx_HAL_Driver/Src/stm32f4xx_ll_usb.c ****   }
 4582              		.loc 1 1822 5 is_stmt 1 view .LVU1575
1822:Drivers/STM32F4xx_HAL_Driver/Src/stm32f4xx_ll_usb.c ****   }
 4583              		.loc 1 1822 42 is_stmt 0 view .LVU1576
 4584 00a2 CC68     		ldr	r4, [r1, #12]
1822:Drivers/STM32F4xx_HAL_Driver/Src/stm32f4xx_ll_usb.c ****   }
 4585              		.loc 1 1822 28 view .LVU1577
 4586 00a4 C3F81445 		str	r4, [r3, #1300]
 4587              	.L291:
1825:Drivers/STM32F4xx_HAL_Driver/Src/stm32f4xx_ll_usb.c ****   USBx_HC(ch_num)->HCCHAR &= ~USB_OTG_HCCHAR_ODDFRM;
 4588              		.loc 1 1825 3 is_stmt 1 view .LVU1578
1825:Drivers/STM32F4xx_HAL_Driver/Src/stm32f4xx_ll_usb.c ****   USBx_HC(ch_num)->HCCHAR &= ~USB_OTG_HCCHAR_ODDFRM;
 4589              		.loc 1 1825 29 is_stmt 0 view .LVU1579
 4590 00a8 00F58065 		add	r5, r0, #1024
1825:Drivers/STM32F4xx_HAL_Driver/Src/stm32f4xx_ll_usb.c ****   USBx_HC(ch_num)->HCCHAR &= ~USB_OTG_HCCHAR_ODDFRM;
 4591              		.loc 1 1825 38 view .LVU1580
 4592 00ac AC68     		ldr	r4, [r5, #8]
1825:Drivers/STM32F4xx_HAL_Driver/Src/stm32f4xx_ll_usb.c ****   USBx_HC(ch_num)->HCCHAR &= ~USB_OTG_HCCHAR_ODDFRM;
 4593              		.loc 1 1825 67 view .LVU1581
 4594 00ae 14F0010F 		tst	r4, #1
 4595 00b2 0CBF     		ite	eq
 4596 00b4 4FF0010C 		moveq	ip, #1
 4597 00b8 4FF0000C 		movne	ip, #0
 4598              	.LVL355:
1826:Drivers/STM32F4xx_HAL_Driver/Src/stm32f4xx_ll_usb.c ****   USBx_HC(ch_num)->HCCHAR |= (uint32_t)is_oddframe << 29;
 4599              		.loc 1 1826 3 is_stmt 1 view .LVU1582
1826:Drivers/STM32F4xx_HAL_Driver/Src/stm32f4xx_ll_usb.c ****   USBx_HC(ch_num)->HCCHAR |= (uint32_t)is_oddframe << 29;
 4600              		.loc 1 1826 18 is_stmt 0 view .LVU1583
 4601 00bc D3F80045 		ldr	r4, [r3, #1280]
1826:Drivers/STM32F4xx_HAL_Driver/Src/stm32f4xx_ll_usb.c ****   USBx_HC(ch_num)->HCCHAR |= (uint32_t)is_oddframe << 29;
 4602              		.loc 1 1826 27 view .LVU1584
 4603 00c0 24F00054 		bic	r4, r4, #536870912
 4604 00c4 C3F80045 		str	r4, [r3, #1280]
ARM GAS  /tmp/ccNXSnaU.s 			page 138


1827:Drivers/STM32F4xx_HAL_Driver/Src/stm32f4xx_ll_usb.c **** 
 4605              		.loc 1 1827 3 is_stmt 1 view .LVU1585
1827:Drivers/STM32F4xx_HAL_Driver/Src/stm32f4xx_ll_usb.c **** 
 4606              		.loc 1 1827 18 is_stmt 0 view .LVU1586
 4607 00c8 D3F80045 		ldr	r4, [r3, #1280]
1827:Drivers/STM32F4xx_HAL_Driver/Src/stm32f4xx_ll_usb.c **** 
 4608              		.loc 1 1827 27 view .LVU1587
 4609 00cc 44EA4C74 		orr	r4, r4, ip, lsl #29
 4610 00d0 C3F80045 		str	r4, [r3, #1280]
1830:Drivers/STM32F4xx_HAL_Driver/Src/stm32f4xx_ll_usb.c ****   tmpreg &= ~USB_OTG_HCCHAR_CHDIS;
 4611              		.loc 1 1830 3 is_stmt 1 view .LVU1588
1830:Drivers/STM32F4xx_HAL_Driver/Src/stm32f4xx_ll_usb.c ****   tmpreg &= ~USB_OTG_HCCHAR_CHDIS;
 4612              		.loc 1 1830 27 is_stmt 0 view .LVU1589
 4613 00d4 D3F80045 		ldr	r4, [r3, #1280]
1830:Drivers/STM32F4xx_HAL_Driver/Src/stm32f4xx_ll_usb.c ****   tmpreg &= ~USB_OTG_HCCHAR_CHDIS;
 4614              		.loc 1 1830 10 view .LVU1590
 4615 00d8 0394     		str	r4, [sp, #12]
1831:Drivers/STM32F4xx_HAL_Driver/Src/stm32f4xx_ll_usb.c **** 
 4616              		.loc 1 1831 3 is_stmt 1 view .LVU1591
1831:Drivers/STM32F4xx_HAL_Driver/Src/stm32f4xx_ll_usb.c **** 
 4617              		.loc 1 1831 10 is_stmt 0 view .LVU1592
 4618 00da 039C     		ldr	r4, [sp, #12]
 4619 00dc 24F08044 		bic	r4, r4, #1073741824
 4620 00e0 0394     		str	r4, [sp, #12]
1834:Drivers/STM32F4xx_HAL_Driver/Src/stm32f4xx_ll_usb.c ****   {
 4621              		.loc 1 1834 3 is_stmt 1 view .LVU1593
1834:Drivers/STM32F4xx_HAL_Driver/Src/stm32f4xx_ll_usb.c ****   {
 4622              		.loc 1 1834 9 is_stmt 0 view .LVU1594
 4623 00e2 CC78     		ldrb	r4, [r1, #3]	@ zero_extendqisi2
1834:Drivers/STM32F4xx_HAL_Driver/Src/stm32f4xx_ll_usb.c ****   {
 4624              		.loc 1 1834 6 view .LVU1595
 4625 00e4 C4B1     		cbz	r4, .L292
1836:Drivers/STM32F4xx_HAL_Driver/Src/stm32f4xx_ll_usb.c ****   }
 4626              		.loc 1 1836 5 is_stmt 1 view .LVU1596
1836:Drivers/STM32F4xx_HAL_Driver/Src/stm32f4xx_ll_usb.c ****   }
 4627              		.loc 1 1836 12 is_stmt 0 view .LVU1597
 4628 00e6 039C     		ldr	r4, [sp, #12]
 4629 00e8 44F40044 		orr	r4, r4, #32768
 4630 00ec 0394     		str	r4, [sp, #12]
 4631              	.L293:
1842:Drivers/STM32F4xx_HAL_Driver/Src/stm32f4xx_ll_usb.c ****   USBx_HC(ch_num)->HCCHAR = tmpreg;
 4632              		.loc 1 1842 3 is_stmt 1 view .LVU1598
1842:Drivers/STM32F4xx_HAL_Driver/Src/stm32f4xx_ll_usb.c ****   USBx_HC(ch_num)->HCCHAR = tmpreg;
 4633              		.loc 1 1842 10 is_stmt 0 view .LVU1599
 4634 00ee 039C     		ldr	r4, [sp, #12]
 4635 00f0 44F00044 		orr	r4, r4, #-2147483648
 4636 00f4 0394     		str	r4, [sp, #12]
1843:Drivers/STM32F4xx_HAL_Driver/Src/stm32f4xx_ll_usb.c **** 
 4637              		.loc 1 1843 3 is_stmt 1 view .LVU1600
1843:Drivers/STM32F4xx_HAL_Driver/Src/stm32f4xx_ll_usb.c **** 
 4638              		.loc 1 1843 27 is_stmt 0 view .LVU1601
 4639 00f6 039C     		ldr	r4, [sp, #12]
 4640 00f8 C3F80045 		str	r4, [r3, #1280]
1845:Drivers/STM32F4xx_HAL_Driver/Src/stm32f4xx_ll_usb.c ****   {
 4641              		.loc 1 1845 3 is_stmt 1 view .LVU1602
1845:Drivers/STM32F4xx_HAL_Driver/Src/stm32f4xx_ll_usb.c ****   {
 4642              		.loc 1 1845 6 is_stmt 0 view .LVU1603
ARM GAS  /tmp/ccNXSnaU.s 			page 139


 4643 00fc 1ABB     		cbnz	r2, .L287
1850:Drivers/STM32F4xx_HAL_Driver/Src/stm32f4xx_ll_usb.c ****   {
 4644              		.loc 1 1850 3 is_stmt 1 view .LVU1604
1850:Drivers/STM32F4xx_HAL_Driver/Src/stm32f4xx_ll_usb.c ****   {
 4645              		.loc 1 1850 10 is_stmt 0 view .LVU1605
 4646 00fe CB78     		ldrb	r3, [r1, #3]	@ zero_extendqisi2
1850:Drivers/STM32F4xx_HAL_Driver/Src/stm32f4xx_ll_usb.c ****   {
 4647              		.loc 1 1850 6 view .LVU1606
 4648 0100 0BBB     		cbnz	r3, .L287
1850:Drivers/STM32F4xx_HAL_Driver/Src/stm32f4xx_ll_usb.c ****   {
 4649              		.loc 1 1850 34 discriminator 1 view .LVU1607
 4650 0102 4B69     		ldr	r3, [r1, #20]
1850:Drivers/STM32F4xx_HAL_Driver/Src/stm32f4xx_ll_usb.c ****   {
 4651              		.loc 1 1850 28 discriminator 1 view .LVU1608
 4652 0104 FBB1     		cbz	r3, .L287
1852:Drivers/STM32F4xx_HAL_Driver/Src/stm32f4xx_ll_usb.c ****     {
 4653              		.loc 1 1852 5 is_stmt 1 view .LVU1609
1852:Drivers/STM32F4xx_HAL_Driver/Src/stm32f4xx_ll_usb.c ****     {
 4654              		.loc 1 1852 15 is_stmt 0 view .LVU1610
 4655 0106 CA79     		ldrb	r2, [r1, #7]	@ zero_extendqisi2
 4656              	.LVL356:
1852:Drivers/STM32F4xx_HAL_Driver/Src/stm32f4xx_ll_usb.c ****     {
 4657              		.loc 1 1852 5 view .LVU1611
 4658 0108 032A     		cmp	r2, #3
 4659 010a 15D8     		bhi	.L294
 4660 010c DFE802F0 		tbb	[pc, r2]
 4661              	.L296:
 4662 0110 09       		.byte	(.L297-.L296)/2
 4663 0111 1E       		.byte	(.L295-.L296)/2
 4664 0112 09       		.byte	(.L297-.L296)/2
 4665 0113 1E       		.byte	(.L295-.L296)/2
 4666              	.LVL357:
 4667              		.p2align 1
 4668              	.L289:
1811:Drivers/STM32F4xx_HAL_Driver/Src/stm32f4xx_ll_usb.c ****   }
 4669              		.loc 1 1811 5 is_stmt 1 view .LVU1612
1811:Drivers/STM32F4xx_HAL_Driver/Src/stm32f4xx_ll_usb.c ****   }
 4670              		.loc 1 1811 18 is_stmt 0 view .LVU1613
 4671 0114 0C61     		str	r4, [r1, #16]
 4672 0116 AFE7     		b	.L290
 4673              	.LVL358:
 4674              	.L292:
1840:Drivers/STM32F4xx_HAL_Driver/Src/stm32f4xx_ll_usb.c ****   }
 4675              		.loc 1 1840 5 is_stmt 1 view .LVU1614
1840:Drivers/STM32F4xx_HAL_Driver/Src/stm32f4xx_ll_usb.c ****   }
 4676              		.loc 1 1840 12 is_stmt 0 view .LVU1615
 4677 0118 039C     		ldr	r4, [sp, #12]
 4678 011a 24F40044 		bic	r4, r4, #32768
 4679 011e 0394     		str	r4, [sp, #12]
 4680 0120 E5E7     		b	.L293
 4681              	.LVL359:
 4682              	.L297:
1858:Drivers/STM32F4xx_HAL_Driver/Src/stm32f4xx_ll_usb.c **** 
 4683              		.loc 1 1858 9 is_stmt 1 view .LVU1616
1858:Drivers/STM32F4xx_HAL_Driver/Src/stm32f4xx_ll_usb.c **** 
 4684              		.loc 1 1858 46 is_stmt 0 view .LVU1617
 4685 0122 0333     		adds	r3, r3, #3
ARM GAS  /tmp/ccNXSnaU.s 			page 140


 4686              	.LVL360:
1861:Drivers/STM32F4xx_HAL_Driver/Src/stm32f4xx_ll_usb.c ****         {
 4687              		.loc 1 1861 9 is_stmt 1 view .LVU1618
1861:Drivers/STM32F4xx_HAL_Driver/Src/stm32f4xx_ll_usb.c ****         {
 4688              		.loc 1 1861 30 is_stmt 0 view .LVU1619
 4689 0124 C26A     		ldr	r2, [r0, #44]
1861:Drivers/STM32F4xx_HAL_Driver/Src/stm32f4xx_ll_usb.c ****         {
 4690              		.loc 1 1861 41 view .LVU1620
 4691 0126 92B2     		uxth	r2, r2
1861:Drivers/STM32F4xx_HAL_Driver/Src/stm32f4xx_ll_usb.c ****         {
 4692              		.loc 1 1861 12 view .LVU1621
 4693 0128 C3F38F03 		ubfx	r3, r3, #2, #16
 4694              	.LVL361:
1861:Drivers/STM32F4xx_HAL_Driver/Src/stm32f4xx_ll_usb.c ****         {
 4695              		.loc 1 1861 12 view .LVU1622
 4696 012c 9A42     		cmp	r2, r3
 4697 012e 03D2     		bcs	.L294
1864:Drivers/STM32F4xx_HAL_Driver/Src/stm32f4xx_ll_usb.c ****         }
 4698              		.loc 1 1864 11 is_stmt 1 view .LVU1623
1864:Drivers/STM32F4xx_HAL_Driver/Src/stm32f4xx_ll_usb.c ****         }
 4699              		.loc 1 1864 15 is_stmt 0 view .LVU1624
 4700 0130 8369     		ldr	r3, [r0, #24]
1864:Drivers/STM32F4xx_HAL_Driver/Src/stm32f4xx_ll_usb.c ****         }
 4701              		.loc 1 1864 25 view .LVU1625
 4702 0132 43F02003 		orr	r3, r3, #32
 4703 0136 8361     		str	r3, [r0, #24]
 4704              	.LVL362:
 4705              	.L294:
1885:Drivers/STM32F4xx_HAL_Driver/Src/stm32f4xx_ll_usb.c ****   }
 4706              		.loc 1 1885 5 is_stmt 1 view .LVU1626
1885:Drivers/STM32F4xx_HAL_Driver/Src/stm32f4xx_ll_usb.c ****   }
 4707              		.loc 1 1885 11 is_stmt 0 view .LVU1627
 4708 0138 0023     		movs	r3, #0
 4709 013a 0093     		str	r3, [sp]
 4710 013c 8B8A     		ldrh	r3, [r1, #20]
 4711 013e 4A78     		ldrb	r2, [r1, #1]	@ zero_extendqisi2
 4712 0140 C968     		ldr	r1, [r1, #12]
 4713              	.LVL363:
1885:Drivers/STM32F4xx_HAL_Driver/Src/stm32f4xx_ll_usb.c ****   }
 4714              		.loc 1 1885 11 view .LVU1628
 4715 0142 FFF7FEFF 		bl	USB_WritePacket
 4716              	.LVL364:
 4717              	.L287:
1889:Drivers/STM32F4xx_HAL_Driver/Src/stm32f4xx_ll_usb.c **** 
 4718              		.loc 1 1889 1 view .LVU1629
 4719 0146 0020     		movs	r0, #0
 4720 0148 05B0     		add	sp, sp, #20
 4721              		.cfi_remember_state
 4722              		.cfi_def_cfa_offset 12
 4723              		@ sp needed
 4724 014a 30BD     		pop	{r4, r5, pc}
 4725              	.LVL365:
 4726              	.L295:
 4727              		.cfi_restore_state
1871:Drivers/STM32F4xx_HAL_Driver/Src/stm32f4xx_ll_usb.c ****         /* check if there is enough space in FIFO space */
 4728              		.loc 1 1871 9 is_stmt 1 view .LVU1630
1871:Drivers/STM32F4xx_HAL_Driver/Src/stm32f4xx_ll_usb.c ****         /* check if there is enough space in FIFO space */
ARM GAS  /tmp/ccNXSnaU.s 			page 141


 4729              		.loc 1 1871 46 is_stmt 0 view .LVU1631
 4730 014c 0333     		adds	r3, r3, #3
 4731              	.LVL366:
1873:Drivers/STM32F4xx_HAL_Driver/Src/stm32f4xx_ll_usb.c ****         {
 4732              		.loc 1 1873 9 is_stmt 1 view .LVU1632
1873:Drivers/STM32F4xx_HAL_Driver/Src/stm32f4xx_ll_usb.c ****         {
 4733              		.loc 1 1873 35 is_stmt 0 view .LVU1633
 4734 014e 2A69     		ldr	r2, [r5, #16]
1873:Drivers/STM32F4xx_HAL_Driver/Src/stm32f4xx_ll_usb.c ****         {
 4735              		.loc 1 1873 45 view .LVU1634
 4736 0150 92B2     		uxth	r2, r2
1873:Drivers/STM32F4xx_HAL_Driver/Src/stm32f4xx_ll_usb.c ****         {
 4737              		.loc 1 1873 12 view .LVU1635
 4738 0152 C3F38F03 		ubfx	r3, r3, #2, #16
 4739              	.LVL367:
1873:Drivers/STM32F4xx_HAL_Driver/Src/stm32f4xx_ll_usb.c ****         {
 4740              		.loc 1 1873 12 view .LVU1636
 4741 0156 9A42     		cmp	r2, r3
 4742 0158 EED2     		bcs	.L294
1876:Drivers/STM32F4xx_HAL_Driver/Src/stm32f4xx_ll_usb.c ****         }
 4743              		.loc 1 1876 11 is_stmt 1 view .LVU1637
1876:Drivers/STM32F4xx_HAL_Driver/Src/stm32f4xx_ll_usb.c ****         }
 4744              		.loc 1 1876 15 is_stmt 0 view .LVU1638
 4745 015a 8369     		ldr	r3, [r0, #24]
1876:Drivers/STM32F4xx_HAL_Driver/Src/stm32f4xx_ll_usb.c ****         }
 4746              		.loc 1 1876 25 view .LVU1639
 4747 015c 43F08063 		orr	r3, r3, #67108864
 4748 0160 8361     		str	r3, [r0, #24]
 4749              	.LVL368:
1876:Drivers/STM32F4xx_HAL_Driver/Src/stm32f4xx_ll_usb.c ****         }
 4750              		.loc 1 1876 25 view .LVU1640
 4751 0162 E9E7     		b	.L294
 4752              	.L304:
 4753              		.align	2
 4754              	.L303:
 4755 0164 0000F81F 		.word	536346624
 4756              		.cfi_endproc
 4757              	.LFE257:
 4759              		.section	.text.USB_StopHost,"ax",%progbits
 4760              		.align	1
 4761              		.global	USB_StopHost
 4762              		.syntax unified
 4763              		.thumb
 4764              		.thumb_func
 4766              	USB_StopHost:
 4767              	.LVL369:
 4768              	.LFB261:
2001:Drivers/STM32F4xx_HAL_Driver/Src/stm32f4xx_ll_usb.c **** 
2002:Drivers/STM32F4xx_HAL_Driver/Src/stm32f4xx_ll_usb.c **** /**
2003:Drivers/STM32F4xx_HAL_Driver/Src/stm32f4xx_ll_usb.c ****   * @brief  Stop Host Core
2004:Drivers/STM32F4xx_HAL_Driver/Src/stm32f4xx_ll_usb.c ****   * @param  USBx  Selected device
2005:Drivers/STM32F4xx_HAL_Driver/Src/stm32f4xx_ll_usb.c ****   * @retval HAL state
2006:Drivers/STM32F4xx_HAL_Driver/Src/stm32f4xx_ll_usb.c ****   */
2007:Drivers/STM32F4xx_HAL_Driver/Src/stm32f4xx_ll_usb.c **** HAL_StatusTypeDef USB_StopHost(USB_OTG_GlobalTypeDef *USBx)
2008:Drivers/STM32F4xx_HAL_Driver/Src/stm32f4xx_ll_usb.c **** {
 4769              		.loc 1 2008 1 is_stmt 1 view -0
 4770              		.cfi_startproc
ARM GAS  /tmp/ccNXSnaU.s 			page 142


 4771              		@ args = 0, pretend = 0, frame = 0
 4772              		@ frame_needed = 0, uses_anonymous_args = 0
 4773              		.loc 1 2008 1 is_stmt 0 view .LVU1642
 4774 0000 10B5     		push	{r4, lr}
 4775              		.cfi_def_cfa_offset 8
 4776              		.cfi_offset 4, -8
 4777              		.cfi_offset 14, -4
 4778 0002 0446     		mov	r4, r0
2009:Drivers/STM32F4xx_HAL_Driver/Src/stm32f4xx_ll_usb.c ****   uint32_t USBx_BASE = (uint32_t)USBx;
 4779              		.loc 1 2009 3 is_stmt 1 view .LVU1643
 4780              	.LVL370:
2010:Drivers/STM32F4xx_HAL_Driver/Src/stm32f4xx_ll_usb.c ****   uint32_t count = 0U;
 4781              		.loc 1 2010 3 view .LVU1644
2011:Drivers/STM32F4xx_HAL_Driver/Src/stm32f4xx_ll_usb.c ****   uint32_t value;
 4782              		.loc 1 2011 3 view .LVU1645
2012:Drivers/STM32F4xx_HAL_Driver/Src/stm32f4xx_ll_usb.c ****   uint32_t i;
 4783              		.loc 1 2012 3 view .LVU1646
2013:Drivers/STM32F4xx_HAL_Driver/Src/stm32f4xx_ll_usb.c **** 
2014:Drivers/STM32F4xx_HAL_Driver/Src/stm32f4xx_ll_usb.c ****   (void)USB_DisableGlobalInt(USBx);
 4784              		.loc 1 2014 3 view .LVU1647
 4785              		.loc 1 2014 9 is_stmt 0 view .LVU1648
 4786 0004 FFF7FEFF 		bl	USB_DisableGlobalInt
 4787              	.LVL371:
2015:Drivers/STM32F4xx_HAL_Driver/Src/stm32f4xx_ll_usb.c **** 
2016:Drivers/STM32F4xx_HAL_Driver/Src/stm32f4xx_ll_usb.c ****   /* Flush FIFO */
2017:Drivers/STM32F4xx_HAL_Driver/Src/stm32f4xx_ll_usb.c ****   (void)USB_FlushTxFifo(USBx, 0x10U);
 4788              		.loc 1 2017 3 is_stmt 1 view .LVU1649
 4789              		.loc 1 2017 9 is_stmt 0 view .LVU1650
 4790 0008 1021     		movs	r1, #16
 4791 000a 2046     		mov	r0, r4
 4792 000c FFF7FEFF 		bl	USB_FlushTxFifo
 4793              	.LVL372:
2018:Drivers/STM32F4xx_HAL_Driver/Src/stm32f4xx_ll_usb.c ****   (void)USB_FlushRxFifo(USBx);
 4794              		.loc 1 2018 3 is_stmt 1 view .LVU1651
 4795              		.loc 1 2018 9 is_stmt 0 view .LVU1652
 4796 0010 2046     		mov	r0, r4
 4797 0012 FFF7FEFF 		bl	USB_FlushRxFifo
 4798              	.LVL373:
2019:Drivers/STM32F4xx_HAL_Driver/Src/stm32f4xx_ll_usb.c **** 
2020:Drivers/STM32F4xx_HAL_Driver/Src/stm32f4xx_ll_usb.c ****   /* Flush out any leftover queued requests. */
2021:Drivers/STM32F4xx_HAL_Driver/Src/stm32f4xx_ll_usb.c ****   for (i = 0U; i <= 15U; i++)
 4799              		.loc 1 2021 3 is_stmt 1 view .LVU1653
 4800              		.loc 1 2021 10 is_stmt 0 view .LVU1654
 4801 0016 0022     		movs	r2, #0
 4802              		.loc 1 2021 3 view .LVU1655
 4803 0018 0AE0     		b	.L306
 4804              	.LVL374:
 4805              	.L307:
2022:Drivers/STM32F4xx_HAL_Driver/Src/stm32f4xx_ll_usb.c ****   {
2023:Drivers/STM32F4xx_HAL_Driver/Src/stm32f4xx_ll_usb.c ****     value = USBx_HC(i)->HCCHAR;
 4806              		.loc 1 2023 5 is_stmt 1 view .LVU1656
 4807              		.loc 1 2023 13 is_stmt 0 view .LVU1657
 4808 001a 04EB4211 		add	r1, r4, r2, lsl #5
 4809              		.loc 1 2023 11 view .LVU1658
 4810 001e D1F80035 		ldr	r3, [r1, #1280]
 4811              	.LVL375:
2024:Drivers/STM32F4xx_HAL_Driver/Src/stm32f4xx_ll_usb.c ****     value |=  USB_OTG_HCCHAR_CHDIS;
ARM GAS  /tmp/ccNXSnaU.s 			page 143


 4812              		.loc 1 2024 5 is_stmt 1 view .LVU1659
2025:Drivers/STM32F4xx_HAL_Driver/Src/stm32f4xx_ll_usb.c ****     value &= ~USB_OTG_HCCHAR_CHENA;
 4813              		.loc 1 2025 5 view .LVU1660
2026:Drivers/STM32F4xx_HAL_Driver/Src/stm32f4xx_ll_usb.c ****     value &= ~USB_OTG_HCCHAR_EPDIR;
 4814              		.loc 1 2026 5 view .LVU1661
 4815 0022 23F08023 		bic	r3, r3, #-2147450880
 4816              	.LVL376:
 4817              		.loc 1 2026 11 is_stmt 0 view .LVU1662
 4818 0026 43F08043 		orr	r3, r3, #1073741824
 4819              	.LVL377:
2027:Drivers/STM32F4xx_HAL_Driver/Src/stm32f4xx_ll_usb.c ****     USBx_HC(i)->HCCHAR = value;
 4820              		.loc 1 2027 5 is_stmt 1 view .LVU1663
 4821              		.loc 1 2027 24 is_stmt 0 view .LVU1664
 4822 002a C1F80035 		str	r3, [r1, #1280]
2021:Drivers/STM32F4xx_HAL_Driver/Src/stm32f4xx_ll_usb.c ****   {
 4823              		.loc 1 2021 27 is_stmt 1 discriminator 3 view .LVU1665
 4824 002e 0132     		adds	r2, r2, #1
 4825              	.LVL378:
 4826              	.L306:
2021:Drivers/STM32F4xx_HAL_Driver/Src/stm32f4xx_ll_usb.c ****   {
 4827              		.loc 1 2021 18 discriminator 1 view .LVU1666
 4828 0030 0F2A     		cmp	r2, #15
 4829 0032 F2D9     		bls	.L307
2028:Drivers/STM32F4xx_HAL_Driver/Src/stm32f4xx_ll_usb.c ****   }
2029:Drivers/STM32F4xx_HAL_Driver/Src/stm32f4xx_ll_usb.c **** 
2030:Drivers/STM32F4xx_HAL_Driver/Src/stm32f4xx_ll_usb.c ****   /* Halt all channels to put them into a known state. */
2031:Drivers/STM32F4xx_HAL_Driver/Src/stm32f4xx_ll_usb.c ****   for (i = 0U; i <= 15U; i++)
 4830              		.loc 1 2031 10 is_stmt 0 view .LVU1667
 4831 0034 0020     		movs	r0, #0
2010:Drivers/STM32F4xx_HAL_Driver/Src/stm32f4xx_ll_usb.c ****   uint32_t value;
 4832              		.loc 1 2010 12 view .LVU1668
 4833 0036 0346     		mov	r3, r0
 4834 0038 00E0     		b	.L308
 4835              	.LVL379:
 4836              	.L309:
 4837              		.loc 1 2031 27 is_stmt 1 discriminator 2 view .LVU1669
 4838 003a 0130     		adds	r0, r0, #1
 4839              	.LVL380:
 4840              	.L308:
 4841              		.loc 1 2031 18 discriminator 1 view .LVU1670
 4842 003c 0F28     		cmp	r0, #15
 4843 003e 13D8     		bhi	.L313
2032:Drivers/STM32F4xx_HAL_Driver/Src/stm32f4xx_ll_usb.c ****   {
2033:Drivers/STM32F4xx_HAL_Driver/Src/stm32f4xx_ll_usb.c ****     value = USBx_HC(i)->HCCHAR;
 4844              		.loc 1 2033 5 view .LVU1671
 4845              		.loc 1 2033 13 is_stmt 0 view .LVU1672
 4846 0040 04EB401C 		add	ip, r4, r0, lsl #5
 4847 0044 0CF5A061 		add	r1, ip, #1280
 4848              		.loc 1 2033 11 view .LVU1673
 4849 0048 DCF80025 		ldr	r2, [ip, #1280]
 4850              	.LVL381:
2034:Drivers/STM32F4xx_HAL_Driver/Src/stm32f4xx_ll_usb.c ****     value |= USB_OTG_HCCHAR_CHDIS;
 4851              		.loc 1 2034 5 is_stmt 1 view .LVU1674
2035:Drivers/STM32F4xx_HAL_Driver/Src/stm32f4xx_ll_usb.c ****     value |= USB_OTG_HCCHAR_CHENA;
 4852              		.loc 1 2035 5 view .LVU1675
2036:Drivers/STM32F4xx_HAL_Driver/Src/stm32f4xx_ll_usb.c ****     value &= ~USB_OTG_HCCHAR_EPDIR;
 4853              		.loc 1 2036 5 view .LVU1676
ARM GAS  /tmp/ccNXSnaU.s 			page 144


 4854 004c 22F40042 		bic	r2, r2, #32768
 4855              	.LVL382:
 4856              		.loc 1 2036 11 is_stmt 0 view .LVU1677
 4857 0050 42F04042 		orr	r2, r2, #-1073741824
 4858              	.LVL383:
2037:Drivers/STM32F4xx_HAL_Driver/Src/stm32f4xx_ll_usb.c ****     USBx_HC(i)->HCCHAR = value;
 4859              		.loc 1 2037 5 is_stmt 1 view .LVU1678
 4860              		.loc 1 2037 24 is_stmt 0 view .LVU1679
 4861 0054 CCF80025 		str	r2, [ip, #1280]
 4862              	.LVL384:
 4863              	.L310:
2038:Drivers/STM32F4xx_HAL_Driver/Src/stm32f4xx_ll_usb.c **** 
2039:Drivers/STM32F4xx_HAL_Driver/Src/stm32f4xx_ll_usb.c ****     do
 4864              		.loc 1 2039 5 is_stmt 1 view .LVU1680
2040:Drivers/STM32F4xx_HAL_Driver/Src/stm32f4xx_ll_usb.c ****     {
2041:Drivers/STM32F4xx_HAL_Driver/Src/stm32f4xx_ll_usb.c ****       if (++count > 1000U)
 4865              		.loc 1 2041 7 view .LVU1681
 4866              		.loc 1 2041 10 is_stmt 0 view .LVU1682
 4867 0058 0133     		adds	r3, r3, #1
 4868              	.LVL385:
 4869              		.loc 1 2041 10 view .LVU1683
 4870 005a B3F57A7F 		cmp	r3, #1000
 4871 005e ECD8     		bhi	.L309
2042:Drivers/STM32F4xx_HAL_Driver/Src/stm32f4xx_ll_usb.c ****       {
2043:Drivers/STM32F4xx_HAL_Driver/Src/stm32f4xx_ll_usb.c ****         break;
2044:Drivers/STM32F4xx_HAL_Driver/Src/stm32f4xx_ll_usb.c ****       }
2045:Drivers/STM32F4xx_HAL_Driver/Src/stm32f4xx_ll_usb.c ****     } while ((USBx_HC(i)->HCCHAR & USB_OTG_HCCHAR_CHENA) == USB_OTG_HCCHAR_CHENA);
 4872              		.loc 1 2045 58 is_stmt 1 view .LVU1684
 4873              		.loc 1 2045 25 is_stmt 0 view .LVU1685
 4874 0060 0A68     		ldr	r2, [r1]
 4875              		.loc 1 2045 58 view .LVU1686
 4876 0062 002A     		cmp	r2, #0
 4877 0064 F8DB     		blt	.L310
 4878 0066 E8E7     		b	.L309
 4879              	.LVL386:
 4880              	.L313:
2046:Drivers/STM32F4xx_HAL_Driver/Src/stm32f4xx_ll_usb.c ****   }
2047:Drivers/STM32F4xx_HAL_Driver/Src/stm32f4xx_ll_usb.c **** 
2048:Drivers/STM32F4xx_HAL_Driver/Src/stm32f4xx_ll_usb.c ****   /* Clear any pending Host interrupts */
2049:Drivers/STM32F4xx_HAL_Driver/Src/stm32f4xx_ll_usb.c ****   USBx_HOST->HAINT = 0xFFFFFFFFU;
 4881              		.loc 1 2049 3 is_stmt 1 view .LVU1687
 4882              		.loc 1 2049 20 is_stmt 0 view .LVU1688
 4883 0068 4FF0FF33 		mov	r3, #-1
 4884              	.LVL387:
 4885              		.loc 1 2049 20 view .LVU1689
 4886 006c C4F81434 		str	r3, [r4, #1044]
2050:Drivers/STM32F4xx_HAL_Driver/Src/stm32f4xx_ll_usb.c ****   USBx->GINTSTS = 0xFFFFFFFFU;
 4887              		.loc 1 2050 3 is_stmt 1 view .LVU1690
 4888              		.loc 1 2050 17 is_stmt 0 view .LVU1691
 4889 0070 6361     		str	r3, [r4, #20]
2051:Drivers/STM32F4xx_HAL_Driver/Src/stm32f4xx_ll_usb.c **** 
2052:Drivers/STM32F4xx_HAL_Driver/Src/stm32f4xx_ll_usb.c ****   (void)USB_EnableGlobalInt(USBx);
 4890              		.loc 1 2052 3 is_stmt 1 view .LVU1692
 4891              		.loc 1 2052 9 is_stmt 0 view .LVU1693
 4892 0072 2046     		mov	r0, r4
 4893              	.LVL388:
 4894              		.loc 1 2052 9 view .LVU1694
ARM GAS  /tmp/ccNXSnaU.s 			page 145


 4895 0074 FFF7FEFF 		bl	USB_EnableGlobalInt
 4896              	.LVL389:
2053:Drivers/STM32F4xx_HAL_Driver/Src/stm32f4xx_ll_usb.c **** 
2054:Drivers/STM32F4xx_HAL_Driver/Src/stm32f4xx_ll_usb.c ****   return HAL_OK;
 4897              		.loc 1 2054 3 is_stmt 1 view .LVU1695
2055:Drivers/STM32F4xx_HAL_Driver/Src/stm32f4xx_ll_usb.c **** }
 4898              		.loc 1 2055 1 is_stmt 0 view .LVU1696
 4899 0078 0020     		movs	r0, #0
 4900 007a 10BD     		pop	{r4, pc}
 4901              		.loc 1 2055 1 view .LVU1697
 4902              		.cfi_endproc
 4903              	.LFE261:
 4905              		.section	.text.USB_ActivateRemoteWakeup,"ax",%progbits
 4906              		.align	1
 4907              		.global	USB_ActivateRemoteWakeup
 4908              		.syntax unified
 4909              		.thumb
 4910              		.thumb_func
 4912              	USB_ActivateRemoteWakeup:
 4913              	.LVL390:
 4914              	.LFB262:
2056:Drivers/STM32F4xx_HAL_Driver/Src/stm32f4xx_ll_usb.c **** 
2057:Drivers/STM32F4xx_HAL_Driver/Src/stm32f4xx_ll_usb.c **** /**
2058:Drivers/STM32F4xx_HAL_Driver/Src/stm32f4xx_ll_usb.c ****   * @brief  USB_ActivateRemoteWakeup active remote wakeup signalling
2059:Drivers/STM32F4xx_HAL_Driver/Src/stm32f4xx_ll_usb.c ****   * @param  USBx Selected device
2060:Drivers/STM32F4xx_HAL_Driver/Src/stm32f4xx_ll_usb.c ****   * @retval HAL status
2061:Drivers/STM32F4xx_HAL_Driver/Src/stm32f4xx_ll_usb.c ****   */
2062:Drivers/STM32F4xx_HAL_Driver/Src/stm32f4xx_ll_usb.c **** HAL_StatusTypeDef USB_ActivateRemoteWakeup(USB_OTG_GlobalTypeDef *USBx)
2063:Drivers/STM32F4xx_HAL_Driver/Src/stm32f4xx_ll_usb.c **** {
 4915              		.loc 1 2063 1 is_stmt 1 view -0
 4916              		.cfi_startproc
 4917              		@ args = 0, pretend = 0, frame = 0
 4918              		@ frame_needed = 0, uses_anonymous_args = 0
 4919              		@ link register save eliminated.
2064:Drivers/STM32F4xx_HAL_Driver/Src/stm32f4xx_ll_usb.c ****   uint32_t USBx_BASE = (uint32_t)USBx;
 4920              		.loc 1 2064 3 view .LVU1699
2065:Drivers/STM32F4xx_HAL_Driver/Src/stm32f4xx_ll_usb.c **** 
2066:Drivers/STM32F4xx_HAL_Driver/Src/stm32f4xx_ll_usb.c ****   if ((USBx_DEVICE->DSTS & USB_OTG_DSTS_SUSPSTS) == USB_OTG_DSTS_SUSPSTS)
 4921              		.loc 1 2066 3 view .LVU1700
 4922              		.loc 1 2066 19 is_stmt 0 view .LVU1701
 4923 0000 D0F80838 		ldr	r3, [r0, #2056]
 4924              		.loc 1 2066 8 view .LVU1702
 4925 0004 00F50060 		add	r0, r0, #2048
 4926              	.LVL391:
 4927              		.loc 1 2066 6 view .LVU1703
 4928 0008 13F0010F 		tst	r3, #1
 4929 000c 03D0     		beq	.L315
2067:Drivers/STM32F4xx_HAL_Driver/Src/stm32f4xx_ll_usb.c ****   {
2068:Drivers/STM32F4xx_HAL_Driver/Src/stm32f4xx_ll_usb.c ****     /* active Remote wakeup signalling */
2069:Drivers/STM32F4xx_HAL_Driver/Src/stm32f4xx_ll_usb.c ****     USBx_DEVICE->DCTL |= USB_OTG_DCTL_RWUSIG;
 4930              		.loc 1 2069 5 is_stmt 1 view .LVU1704
 4931              		.loc 1 2069 16 is_stmt 0 view .LVU1705
 4932 000e 4368     		ldr	r3, [r0, #4]
 4933              		.loc 1 2069 23 view .LVU1706
 4934 0010 43F00103 		orr	r3, r3, #1
 4935 0014 4360     		str	r3, [r0, #4]
 4936              	.L315:
ARM GAS  /tmp/ccNXSnaU.s 			page 146


2070:Drivers/STM32F4xx_HAL_Driver/Src/stm32f4xx_ll_usb.c ****   }
2071:Drivers/STM32F4xx_HAL_Driver/Src/stm32f4xx_ll_usb.c **** 
2072:Drivers/STM32F4xx_HAL_Driver/Src/stm32f4xx_ll_usb.c ****   return HAL_OK;
 4937              		.loc 1 2072 3 is_stmt 1 view .LVU1707
2073:Drivers/STM32F4xx_HAL_Driver/Src/stm32f4xx_ll_usb.c **** }
 4938              		.loc 1 2073 1 is_stmt 0 view .LVU1708
 4939 0016 0020     		movs	r0, #0
 4940              	.LVL392:
 4941              		.loc 1 2073 1 view .LVU1709
 4942 0018 7047     		bx	lr
 4943              		.cfi_endproc
 4944              	.LFE262:
 4946              		.section	.text.USB_DeActivateRemoteWakeup,"ax",%progbits
 4947              		.align	1
 4948              		.global	USB_DeActivateRemoteWakeup
 4949              		.syntax unified
 4950              		.thumb
 4951              		.thumb_func
 4953              	USB_DeActivateRemoteWakeup:
 4954              	.LVL393:
 4955              	.LFB263:
2074:Drivers/STM32F4xx_HAL_Driver/Src/stm32f4xx_ll_usb.c **** 
2075:Drivers/STM32F4xx_HAL_Driver/Src/stm32f4xx_ll_usb.c **** /**
2076:Drivers/STM32F4xx_HAL_Driver/Src/stm32f4xx_ll_usb.c ****   * @brief  USB_DeActivateRemoteWakeup de-active remote wakeup signalling
2077:Drivers/STM32F4xx_HAL_Driver/Src/stm32f4xx_ll_usb.c ****   * @param  USBx Selected device
2078:Drivers/STM32F4xx_HAL_Driver/Src/stm32f4xx_ll_usb.c ****   * @retval HAL status
2079:Drivers/STM32F4xx_HAL_Driver/Src/stm32f4xx_ll_usb.c ****   */
2080:Drivers/STM32F4xx_HAL_Driver/Src/stm32f4xx_ll_usb.c **** HAL_StatusTypeDef USB_DeActivateRemoteWakeup(USB_OTG_GlobalTypeDef *USBx)
2081:Drivers/STM32F4xx_HAL_Driver/Src/stm32f4xx_ll_usb.c **** {
 4956              		.loc 1 2081 1 is_stmt 1 view -0
 4957              		.cfi_startproc
 4958              		@ args = 0, pretend = 0, frame = 0
 4959              		@ frame_needed = 0, uses_anonymous_args = 0
 4960              		@ link register save eliminated.
2082:Drivers/STM32F4xx_HAL_Driver/Src/stm32f4xx_ll_usb.c ****   uint32_t USBx_BASE = (uint32_t)USBx;
 4961              		.loc 1 2082 3 view .LVU1711
2083:Drivers/STM32F4xx_HAL_Driver/Src/stm32f4xx_ll_usb.c **** 
2084:Drivers/STM32F4xx_HAL_Driver/Src/stm32f4xx_ll_usb.c ****   /* active Remote wakeup signalling */
2085:Drivers/STM32F4xx_HAL_Driver/Src/stm32f4xx_ll_usb.c ****   USBx_DEVICE->DCTL &= ~(USB_OTG_DCTL_RWUSIG);
 4962              		.loc 1 2085 3 view .LVU1712
 4963              		.loc 1 2085 14 is_stmt 0 view .LVU1713
 4964 0000 D0F80438 		ldr	r3, [r0, #2052]
 4965              		.loc 1 2085 21 view .LVU1714
 4966 0004 23F00103 		bic	r3, r3, #1
 4967 0008 C0F80438 		str	r3, [r0, #2052]
2086:Drivers/STM32F4xx_HAL_Driver/Src/stm32f4xx_ll_usb.c **** 
2087:Drivers/STM32F4xx_HAL_Driver/Src/stm32f4xx_ll_usb.c ****   return HAL_OK;
 4968              		.loc 1 2087 3 is_stmt 1 view .LVU1715
2088:Drivers/STM32F4xx_HAL_Driver/Src/stm32f4xx_ll_usb.c **** }
 4969              		.loc 1 2088 1 is_stmt 0 view .LVU1716
 4970 000c 0020     		movs	r0, #0
 4971              	.LVL394:
 4972              		.loc 1 2088 1 view .LVU1717
 4973 000e 7047     		bx	lr
 4974              		.cfi_endproc
 4975              	.LFE263:
 4977              		.text
ARM GAS  /tmp/ccNXSnaU.s 			page 147


 4978              	.Letext0:
 4979              		.file 2 "/usr/lib/gcc/arm-none-eabi/13.2.1/include/stdint.h"
 4980              		.file 3 "Drivers/CMSIS/Include/cmsis_gcc.h"
 4981              		.file 4 "Drivers/CMSIS/Device/ST/STM32F4xx/Include/stm32f401xc.h"
 4982              		.file 5 "Drivers/STM32F4xx_HAL_Driver/Inc/stm32f4xx_hal_def.h"
 4983              		.file 6 "Drivers/STM32F4xx_HAL_Driver/Inc/stm32f4xx_ll_usb.h"
 4984              		.file 7 "Drivers/STM32F4xx_HAL_Driver/Inc/stm32f4xx_hal.h"
ARM GAS  /tmp/ccNXSnaU.s 			page 148


DEFINED SYMBOLS
                            *ABS*:00000000 stm32f4xx_ll_usb.c
     /tmp/ccNXSnaU.s:21     .text.USB_CoreReset:00000000 $t
     /tmp/ccNXSnaU.s:26     .text.USB_CoreReset:00000000 USB_CoreReset
     /tmp/ccNXSnaU.s:113    .text.USB_CoreReset:00000048 $d
     /tmp/ccNXSnaU.s:118    .text.USB_CoreInit:00000000 $t
     /tmp/ccNXSnaU.s:124    .text.USB_CoreInit:00000000 USB_CoreInit
     /tmp/ccNXSnaU.s:261    .text.USB_SetTurnaroundTime:00000000 $t
     /tmp/ccNXSnaU.s:267    .text.USB_SetTurnaroundTime:00000000 USB_SetTurnaroundTime
     /tmp/ccNXSnaU.s:420    .text.USB_SetTurnaroundTime:000000a8 $d
     /tmp/ccNXSnaU.s:439    .text.USB_EnableGlobalInt:00000000 $t
     /tmp/ccNXSnaU.s:445    .text.USB_EnableGlobalInt:00000000 USB_EnableGlobalInt
     /tmp/ccNXSnaU.s:469    .text.USB_DisableGlobalInt:00000000 $t
     /tmp/ccNXSnaU.s:475    .text.USB_DisableGlobalInt:00000000 USB_DisableGlobalInt
     /tmp/ccNXSnaU.s:499    .text.USB_FlushTxFifo:00000000 $t
     /tmp/ccNXSnaU.s:505    .text.USB_FlushTxFifo:00000000 USB_FlushTxFifo
     /tmp/ccNXSnaU.s:564    .text.USB_FlushTxFifo:0000002c $d
     /tmp/ccNXSnaU.s:569    .text.USB_FlushRxFifo:00000000 $t
     /tmp/ccNXSnaU.s:575    .text.USB_FlushRxFifo:00000000 USB_FlushRxFifo
     /tmp/ccNXSnaU.s:630    .text.USB_FlushRxFifo:00000028 $d
     /tmp/ccNXSnaU.s:635    .text.USB_SetDevSpeed:00000000 $t
     /tmp/ccNXSnaU.s:641    .text.USB_SetDevSpeed:00000000 USB_SetDevSpeed
     /tmp/ccNXSnaU.s:668    .text.USB_DevInit:00000000 $t
     /tmp/ccNXSnaU.s:674    .text.USB_DevInit:00000000 USB_DevInit
     /tmp/ccNXSnaU.s:1032   .text.USB_DevInit:0000018c $d
     /tmp/ccNXSnaU.s:1037   .text.USB_GetDevSpeed:00000000 $t
     /tmp/ccNXSnaU.s:1043   .text.USB_GetDevSpeed:00000000 USB_GetDevSpeed
     /tmp/ccNXSnaU.s:1096   .text.USB_ActivateEndpoint:00000000 $t
     /tmp/ccNXSnaU.s:1102   .text.USB_ActivateEndpoint:00000000 USB_ActivateEndpoint
     /tmp/ccNXSnaU.s:1217   .text.USB_ActivateDedicatedEndpoint:00000000 $t
     /tmp/ccNXSnaU.s:1223   .text.USB_ActivateDedicatedEndpoint:00000000 USB_ActivateDedicatedEndpoint
     /tmp/ccNXSnaU.s:1347   .text.USB_DeactivateEndpoint:00000000 $t
     /tmp/ccNXSnaU.s:1353   .text.USB_DeactivateEndpoint:00000000 USB_DeactivateEndpoint
     /tmp/ccNXSnaU.s:1521   .text.USB_DeactivateEndpoint:000000d8 $d
     /tmp/ccNXSnaU.s:1527   .text.USB_DeactivateDedicatedEndpoint:00000000 $t
     /tmp/ccNXSnaU.s:1533   .text.USB_DeactivateDedicatedEndpoint:00000000 USB_DeactivateDedicatedEndpoint
     /tmp/ccNXSnaU.s:1662   .text.USB_EP0StartXfer:00000000 $t
     /tmp/ccNXSnaU.s:1668   .text.USB_EP0StartXfer:00000000 USB_EP0StartXfer
     /tmp/ccNXSnaU.s:1909   .text.USB_WritePacket:00000000 $t
     /tmp/ccNXSnaU.s:1915   .text.USB_WritePacket:00000000 USB_WritePacket
     /tmp/ccNXSnaU.s:1983   .text.USB_EPStartXfer:00000000 $t
     /tmp/ccNXSnaU.s:1989   .text.USB_EPStartXfer:00000000 USB_EPStartXfer
     /tmp/ccNXSnaU.s:2393   .text.USB_EPStartXfer:00000228 $d
     /tmp/ccNXSnaU.s:2398   .text.USB_ReadPacket:00000000 $t
     /tmp/ccNXSnaU.s:2404   .text.USB_ReadPacket:00000000 USB_ReadPacket
     /tmp/ccNXSnaU.s:2502   .text.USB_EPSetStall:00000000 $t
     /tmp/ccNXSnaU.s:2508   .text.USB_EPSetStall:00000000 USB_EPSetStall
     /tmp/ccNXSnaU.s:2591   .text.USB_EPClearStall:00000000 $t
     /tmp/ccNXSnaU.s:2597   .text.USB_EPClearStall:00000000 USB_EPClearStall
     /tmp/ccNXSnaU.s:2682   .text.USB_StopDevice:00000000 $t
     /tmp/ccNXSnaU.s:2688   .text.USB_StopDevice:00000000 USB_StopDevice
     /tmp/ccNXSnaU.s:2769   .text.USB_SetDevAddress:00000000 $t
     /tmp/ccNXSnaU.s:2775   .text.USB_SetDevAddress:00000000 USB_SetDevAddress
     /tmp/ccNXSnaU.s:2811   .text.USB_DevConnect:00000000 $t
     /tmp/ccNXSnaU.s:2817   .text.USB_DevConnect:00000000 USB_DevConnect
     /tmp/ccNXSnaU.s:2847   .text.USB_DevDisconnect:00000000 $t
     /tmp/ccNXSnaU.s:2853   .text.USB_DevDisconnect:00000000 USB_DevDisconnect
ARM GAS  /tmp/ccNXSnaU.s 			page 149


     /tmp/ccNXSnaU.s:2883   .text.USB_ReadInterrupts:00000000 $t
     /tmp/ccNXSnaU.s:2889   .text.USB_ReadInterrupts:00000000 USB_ReadInterrupts
     /tmp/ccNXSnaU.s:2916   .text.USB_ReadDevAllOutEpInterrupt:00000000 $t
     /tmp/ccNXSnaU.s:2922   .text.USB_ReadDevAllOutEpInterrupt:00000000 USB_ReadDevAllOutEpInterrupt
     /tmp/ccNXSnaU.s:2955   .text.USB_ReadDevAllInEpInterrupt:00000000 $t
     /tmp/ccNXSnaU.s:2961   .text.USB_ReadDevAllInEpInterrupt:00000000 USB_ReadDevAllInEpInterrupt
     /tmp/ccNXSnaU.s:2994   .text.USB_ReadDevOutEPInterrupt:00000000 $t
     /tmp/ccNXSnaU.s:3000   .text.USB_ReadDevOutEPInterrupt:00000000 USB_ReadDevOutEPInterrupt
     /tmp/ccNXSnaU.s:3034   .text.USB_ReadDevInEPInterrupt:00000000 $t
     /tmp/ccNXSnaU.s:3040   .text.USB_ReadDevInEPInterrupt:00000000 USB_ReadDevInEPInterrupt
     /tmp/ccNXSnaU.s:3091   .text.USB_ClearInterrupts:00000000 $t
     /tmp/ccNXSnaU.s:3097   .text.USB_ClearInterrupts:00000000 USB_ClearInterrupts
     /tmp/ccNXSnaU.s:3117   .text.USB_GetMode:00000000 $t
     /tmp/ccNXSnaU.s:3123   .text.USB_GetMode:00000000 USB_GetMode
     /tmp/ccNXSnaU.s:3142   .text.USB_SetCurrentMode:00000000 $t
     /tmp/ccNXSnaU.s:3148   .text.USB_SetCurrentMode:00000000 USB_SetCurrentMode
     /tmp/ccNXSnaU.s:3267   .text.USB_ActivateSetup:00000000 $t
     /tmp/ccNXSnaU.s:3273   .text.USB_ActivateSetup:00000000 USB_ActivateSetup
     /tmp/ccNXSnaU.s:3304   .text.USB_EP0_OutStart:00000000 $t
     /tmp/ccNXSnaU.s:3310   .text.USB_EP0_OutStart:00000000 USB_EP0_OutStart
     /tmp/ccNXSnaU.s:3394   .text.USB_EP0_OutStart:0000005c $d
     /tmp/ccNXSnaU.s:3399   .text.USB_HostInit:00000000 $t
     /tmp/ccNXSnaU.s:3405   .text.USB_HostInit:00000000 USB_HostInit
     /tmp/ccNXSnaU.s:3600   .text.USB_HostInit:000000e0 $d
     /tmp/ccNXSnaU.s:3607   .text.USB_InitFSLSPClkSel:00000000 $t
     /tmp/ccNXSnaU.s:3613   .text.USB_InitFSLSPClkSel:00000000 USB_InitFSLSPClkSel
     /tmp/ccNXSnaU.s:3670   .text.USB_ResetPort:00000000 $t
     /tmp/ccNXSnaU.s:3676   .text.USB_ResetPort:00000000 USB_ResetPort
     /tmp/ccNXSnaU.s:3742   .text.USB_DriveVbus:00000000 $t
     /tmp/ccNXSnaU.s:3748   .text.USB_DriveVbus:00000000 USB_DriveVbus
     /tmp/ccNXSnaU.s:3824   .text.USB_GetHostSpeed:00000000 $t
     /tmp/ccNXSnaU.s:3830   .text.USB_GetHostSpeed:00000000 USB_GetHostSpeed
     /tmp/ccNXSnaU.s:3866   .text.USB_GetCurrentFrame:00000000 $t
     /tmp/ccNXSnaU.s:3872   .text.USB_GetCurrentFrame:00000000 USB_GetCurrentFrame
     /tmp/ccNXSnaU.s:3895   .text.USB_HC_Init:00000000 $t
     /tmp/ccNXSnaU.s:3901   .text.USB_HC_Init:00000000 USB_HC_Init
     /tmp/ccNXSnaU.s:3942   .text.USB_HC_Init:00000022 $d
     /tmp/ccNXSnaU.s:3946   .text.USB_HC_Init:00000026 $t
     /tmp/ccNXSnaU.s:4144   .text.USB_HC_ReadInterrupt:00000000 $t
     /tmp/ccNXSnaU.s:4150   .text.USB_HC_ReadInterrupt:00000000 USB_HC_ReadInterrupt
     /tmp/ccNXSnaU.s:4173   .text.USB_HC_Halt:00000000 $t
     /tmp/ccNXSnaU.s:4179   .text.USB_HC_Halt:00000000 USB_HC_Halt
     /tmp/ccNXSnaU.s:4368   .text.USB_DoPing:00000000 $t
     /tmp/ccNXSnaU.s:4374   .text.USB_DoPing:00000000 USB_DoPing
     /tmp/ccNXSnaU.s:4414   .text.USB_DoPing:00000020 $d
     /tmp/ccNXSnaU.s:4419   .text.USB_HC_StartXfer:00000000 $t
     /tmp/ccNXSnaU.s:4425   .text.USB_HC_StartXfer:00000000 USB_HC_StartXfer
     /tmp/ccNXSnaU.s:4662   .text.USB_HC_StartXfer:00000110 $d
     /tmp/ccNXSnaU.s:4667   .text.USB_HC_StartXfer:00000114 $t
     /tmp/ccNXSnaU.s:4755   .text.USB_HC_StartXfer:00000164 $d
     /tmp/ccNXSnaU.s:4760   .text.USB_StopHost:00000000 $t
     /tmp/ccNXSnaU.s:4766   .text.USB_StopHost:00000000 USB_StopHost
     /tmp/ccNXSnaU.s:4906   .text.USB_ActivateRemoteWakeup:00000000 $t
     /tmp/ccNXSnaU.s:4912   .text.USB_ActivateRemoteWakeup:00000000 USB_ActivateRemoteWakeup
     /tmp/ccNXSnaU.s:4947   .text.USB_DeActivateRemoteWakeup:00000000 $t
     /tmp/ccNXSnaU.s:4953   .text.USB_DeActivateRemoteWakeup:00000000 USB_DeActivateRemoteWakeup
                           .group:00000000 wm4.0.a2c88c0e0e60094af2c84dce921779d2
ARM GAS  /tmp/ccNXSnaU.s 			page 150


                           .group:00000000 wm4.stm32f4xx_hal_conf.h.25.758a9f5dc6450f8647b5af7fe8eb27ed
                           .group:00000000 wm4.stm32f4xx.h.39.163e65267b4f964a08764289722b975f
                           .group:00000000 wm4.stm32f401xc.h.35.52d05665f5a2df9c1992e17eee7d2af5
                           .group:00000000 wm4.stdint.h.29.6d480f4ba0f60596e88234283d42444f
                           .group:00000000 wm4.cmsis_version.h.32.4d5822004c01a829a975260e854b5f8e
                           .group:00000000 wm4.core_cm4.h.66.e4ff136c4a17abc46741866f64f8e729
                           .group:00000000 wm4.cmsis_gcc.h.26.6774fe91202d65f4d5ffcff60e00da34
                           .group:00000000 wm4.core_cm4.h.174.059a5e001a9e729091d1407208e93224
                           .group:00000000 wm4.mpu_armv7.h.32.27b4593cb2f8d3152ca5d97a9d72b321
                           .group:00000000 wm4.stm32f401xc.h.636.9a664cc173dbe5d5f2dac1e758e3577d
                           .group:00000000 wm4.stm32f4xx.h.196.0b21137cf6c6923d8fd1f4d94a3bfdd4
                           .group:00000000 wm4.stm32_hal_legacy.h.23.e2601123cf1b2a3b6d11d949644ddf87
                           .group:00000000 wm4.stddef.h.39.0dc9006b34572d4d9cae4c8b422c4971
                           .group:00000000 wm4.stm32f4xx_hal_def.h.58.f614308b482cecea9bcc0016240ac0fc
                           .group:00000000 wm4.stm32f4xx_hal_rcc_ex.h.22.3f3b596cc307dc701c7c99b0fc6c9b58
                           .group:00000000 wm4.stm32f4xx_hal_rcc.h.108.b82c8c670b41d96b2920e2f63661be15
                           .group:00000000 wm4.stm32f4xx_hal_gpio.h.22.e47df9f0f5be4ddc2ed2d14042c5e680
                           .group:00000000 wm4.stm32f4xx_hal_gpio_ex.h.22.5014ee010492a350679453c3b4a59718
                           .group:00000000 wm4.stm32f4xx_hal_gpio.h.255.5b948d47ad1357d6d2213e5e5ca4755c
                           .group:00000000 wm4.stm32f4xx_hal_exti.h.22.1f47767199c5bf749c04088e5c61c9c8
                           .group:00000000 wm4.stm32f4xx_hal_dma.h.22.fffce20ac9119c50557659c75e75ab1c
                           .group:00000000 wm4.stm32f4xx_hal_dma.h.721.a1e57ffbc615f926e6509c5acc65e492
                           .group:00000000 wm4.stm32f4xx_hal_cortex.h.22.e6aa3b847b5388be63c32d1f9e696ef7
                           .group:00000000 wm4.stm32f4xx_ll_adc.h.22.a8e07f8509bbb4868e2c24461c7eee47
                           .group:00000000 wm4.stm32f4xx_hal_adc.h.160.ef18931a059b62efbac7762c6a09e47f
                           .group:00000000 wm4.stm32f4xx_hal_adc_ex.h.22.25ddc09ef7109b33adae2990f50c4304
                           .group:00000000 wm4.stm32f4xx_hal_adc.h.640.733b38c420d3407eb5f8ddd98816c661
                           .group:00000000 wm4.stm32f4xx_hal_flash.h.22.31b301be2655c3eb8583e51c8231544a
                           .group:00000000 wm4.stm32f4xx_hal_flash_ex.h.22.00cb5cb208d28a1f20f3b257a6f51bad
                           .group:00000000 wm4.stm32f4xx_hal_flash.h.363.51efdf0f6c88f683efb89d7cc95cc1be
                           .group:00000000 wm4.stm32f4xx_hal_pwr.h.22.2c27d93ae187efe3a73816f03a329970
                           .group:00000000 wm4.stm32f4xx_hal_pwr_ex.h.22.04eb3957e13ca6e5ed8952d2d168bdc0
                           .group:00000000 wm4.stm32f4xx_hal_pwr.h.337.60b43975c84527a23cb6994b23165a5e
                           .group:00000000 wm4.stm32f4xx_hal_uart.h.22.591b491756a19342b0bf79eea5b33e1b
                           .group:00000000 wm4.stm32f4xx_ll_usb.h.22.3497d8ac31b2bdafc7c2a34d860c4769
                           .group:00000000 wm4.stm32f4xx_hal_hcd.h.111.a51c3bd0d61d2d8cadb372f7c7d9eccb
                           .group:00000000 wm4.stm32f4xx_hal.h.72.a5a58188aa461a0614f1e58e159c7840

UNDEFINED SYMBOLS
HAL_Delay
