ARM GAS  /tmp/cc6ryS53.s 			page 1


   1              		.cpu cortex-m4
   2              		.arch armv7e-m
   3              		.fpu fpv4-sp-d16
   4              		.eabi_attribute 27, 1
   5              		.eabi_attribute 28, 1
   6              		.eabi_attribute 20, 1
   7              		.eabi_attribute 21, 1
   8              		.eabi_attribute 23, 3
   9              		.eabi_attribute 24, 1
  10              		.eabi_attribute 25, 1
  11              		.eabi_attribute 26, 1
  12              		.eabi_attribute 30, 1
  13              		.eabi_attribute 34, 1
  14              		.eabi_attribute 18, 4
  15              		.file	"usbh_msc_bot.c"
  16              		.text
  17              	.Ltext0:
  18              		.cfi_sections	.debug_frame
  19              		.file 1 "Middlewares/ST/STM32_USB_Host_Library/Class/MSC/Src/usbh_msc_bot.c"
  20              		.section	.text.USBH_MSC_DecodeCSW,"ax",%progbits
  21              		.align	1
  22              		.syntax unified
  23              		.thumb
  24              		.thumb_func
  26              	USBH_MSC_DecodeCSW:
  27              	.LVL0:
  28              	.LFB224:
   1:Middlewares/ST/STM32_USB_Host_Library/Class/MSC/Src/usbh_msc_bot.c **** /**
   2:Middlewares/ST/STM32_USB_Host_Library/Class/MSC/Src/usbh_msc_bot.c ****   ******************************************************************************
   3:Middlewares/ST/STM32_USB_Host_Library/Class/MSC/Src/usbh_msc_bot.c ****   * @file    usbh_msc_bot.c
   4:Middlewares/ST/STM32_USB_Host_Library/Class/MSC/Src/usbh_msc_bot.c ****   * @author  MCD Application Team
   5:Middlewares/ST/STM32_USB_Host_Library/Class/MSC/Src/usbh_msc_bot.c ****   * @brief   This file includes the BOT protocol related functions
   6:Middlewares/ST/STM32_USB_Host_Library/Class/MSC/Src/usbh_msc_bot.c ****   ******************************************************************************
   7:Middlewares/ST/STM32_USB_Host_Library/Class/MSC/Src/usbh_msc_bot.c ****   * @attention
   8:Middlewares/ST/STM32_USB_Host_Library/Class/MSC/Src/usbh_msc_bot.c ****   *
   9:Middlewares/ST/STM32_USB_Host_Library/Class/MSC/Src/usbh_msc_bot.c ****   * <h2><center>&copy; Copyright (c) 2015 STMicroelectronics.
  10:Middlewares/ST/STM32_USB_Host_Library/Class/MSC/Src/usbh_msc_bot.c ****   * All rights reserved.</center></h2>
  11:Middlewares/ST/STM32_USB_Host_Library/Class/MSC/Src/usbh_msc_bot.c ****   *
  12:Middlewares/ST/STM32_USB_Host_Library/Class/MSC/Src/usbh_msc_bot.c ****   * This software component is licensed by ST under Ultimate Liberty license
  13:Middlewares/ST/STM32_USB_Host_Library/Class/MSC/Src/usbh_msc_bot.c ****   * SLA0044, the "License"; You may not use this file except in compliance with
  14:Middlewares/ST/STM32_USB_Host_Library/Class/MSC/Src/usbh_msc_bot.c ****   * the License. You may obtain a copy of the License at:
  15:Middlewares/ST/STM32_USB_Host_Library/Class/MSC/Src/usbh_msc_bot.c ****   *                      www.st.com/SLA0044
  16:Middlewares/ST/STM32_USB_Host_Library/Class/MSC/Src/usbh_msc_bot.c ****   *
  17:Middlewares/ST/STM32_USB_Host_Library/Class/MSC/Src/usbh_msc_bot.c ****   ******************************************************************************
  18:Middlewares/ST/STM32_USB_Host_Library/Class/MSC/Src/usbh_msc_bot.c ****   */
  19:Middlewares/ST/STM32_USB_Host_Library/Class/MSC/Src/usbh_msc_bot.c **** 
  20:Middlewares/ST/STM32_USB_Host_Library/Class/MSC/Src/usbh_msc_bot.c **** /* BSPDependencies
  21:Middlewares/ST/STM32_USB_Host_Library/Class/MSC/Src/usbh_msc_bot.c **** - "stm32xxxxx_{eval}{discovery}{nucleo_144}.c"
  22:Middlewares/ST/STM32_USB_Host_Library/Class/MSC/Src/usbh_msc_bot.c **** - "stm32xxxxx_{eval}{discovery}_io.c"
  23:Middlewares/ST/STM32_USB_Host_Library/Class/MSC/Src/usbh_msc_bot.c **** - "stm32xxxxx_{eval}{discovery}{adafruit}_lcd.c"
  24:Middlewares/ST/STM32_USB_Host_Library/Class/MSC/Src/usbh_msc_bot.c **** - "stm32xxxxx_{eval}{discovery}_sdram.c"
  25:Middlewares/ST/STM32_USB_Host_Library/Class/MSC/Src/usbh_msc_bot.c **** EndBSPDependencies */
  26:Middlewares/ST/STM32_USB_Host_Library/Class/MSC/Src/usbh_msc_bot.c **** 
  27:Middlewares/ST/STM32_USB_Host_Library/Class/MSC/Src/usbh_msc_bot.c **** /* Includes ------------------------------------------------------------------*/
  28:Middlewares/ST/STM32_USB_Host_Library/Class/MSC/Src/usbh_msc_bot.c **** #include "usbh_msc_bot.h"
  29:Middlewares/ST/STM32_USB_Host_Library/Class/MSC/Src/usbh_msc_bot.c **** #include "usbh_msc.h"
  30:Middlewares/ST/STM32_USB_Host_Library/Class/MSC/Src/usbh_msc_bot.c **** 
ARM GAS  /tmp/cc6ryS53.s 			page 2


  31:Middlewares/ST/STM32_USB_Host_Library/Class/MSC/Src/usbh_msc_bot.c **** /** @addtogroup USBH_LIB
  32:Middlewares/ST/STM32_USB_Host_Library/Class/MSC/Src/usbh_msc_bot.c **** * @{
  33:Middlewares/ST/STM32_USB_Host_Library/Class/MSC/Src/usbh_msc_bot.c **** */
  34:Middlewares/ST/STM32_USB_Host_Library/Class/MSC/Src/usbh_msc_bot.c **** 
  35:Middlewares/ST/STM32_USB_Host_Library/Class/MSC/Src/usbh_msc_bot.c **** /** @addtogroup USBH_CLASS
  36:Middlewares/ST/STM32_USB_Host_Library/Class/MSC/Src/usbh_msc_bot.c **** * @{
  37:Middlewares/ST/STM32_USB_Host_Library/Class/MSC/Src/usbh_msc_bot.c **** */
  38:Middlewares/ST/STM32_USB_Host_Library/Class/MSC/Src/usbh_msc_bot.c **** 
  39:Middlewares/ST/STM32_USB_Host_Library/Class/MSC/Src/usbh_msc_bot.c **** /** @addtogroup USBH_MSC_CLASS
  40:Middlewares/ST/STM32_USB_Host_Library/Class/MSC/Src/usbh_msc_bot.c **** * @{
  41:Middlewares/ST/STM32_USB_Host_Library/Class/MSC/Src/usbh_msc_bot.c **** */
  42:Middlewares/ST/STM32_USB_Host_Library/Class/MSC/Src/usbh_msc_bot.c **** 
  43:Middlewares/ST/STM32_USB_Host_Library/Class/MSC/Src/usbh_msc_bot.c **** /** @defgroup USBH_MSC_BOT
  44:Middlewares/ST/STM32_USB_Host_Library/Class/MSC/Src/usbh_msc_bot.c **** * @brief    This file includes the mass storage related functions
  45:Middlewares/ST/STM32_USB_Host_Library/Class/MSC/Src/usbh_msc_bot.c **** * @{
  46:Middlewares/ST/STM32_USB_Host_Library/Class/MSC/Src/usbh_msc_bot.c **** */
  47:Middlewares/ST/STM32_USB_Host_Library/Class/MSC/Src/usbh_msc_bot.c **** 
  48:Middlewares/ST/STM32_USB_Host_Library/Class/MSC/Src/usbh_msc_bot.c **** 
  49:Middlewares/ST/STM32_USB_Host_Library/Class/MSC/Src/usbh_msc_bot.c **** /** @defgroup USBH_MSC_BOT_Private_TypesDefinitions
  50:Middlewares/ST/STM32_USB_Host_Library/Class/MSC/Src/usbh_msc_bot.c **** * @{
  51:Middlewares/ST/STM32_USB_Host_Library/Class/MSC/Src/usbh_msc_bot.c **** */
  52:Middlewares/ST/STM32_USB_Host_Library/Class/MSC/Src/usbh_msc_bot.c **** /**
  53:Middlewares/ST/STM32_USB_Host_Library/Class/MSC/Src/usbh_msc_bot.c **** * @}
  54:Middlewares/ST/STM32_USB_Host_Library/Class/MSC/Src/usbh_msc_bot.c **** */
  55:Middlewares/ST/STM32_USB_Host_Library/Class/MSC/Src/usbh_msc_bot.c **** 
  56:Middlewares/ST/STM32_USB_Host_Library/Class/MSC/Src/usbh_msc_bot.c **** /** @defgroup USBH_MSC_BOT_Private_Defines
  57:Middlewares/ST/STM32_USB_Host_Library/Class/MSC/Src/usbh_msc_bot.c **** * @{
  58:Middlewares/ST/STM32_USB_Host_Library/Class/MSC/Src/usbh_msc_bot.c **** */
  59:Middlewares/ST/STM32_USB_Host_Library/Class/MSC/Src/usbh_msc_bot.c **** /**
  60:Middlewares/ST/STM32_USB_Host_Library/Class/MSC/Src/usbh_msc_bot.c **** * @}
  61:Middlewares/ST/STM32_USB_Host_Library/Class/MSC/Src/usbh_msc_bot.c **** */
  62:Middlewares/ST/STM32_USB_Host_Library/Class/MSC/Src/usbh_msc_bot.c **** 
  63:Middlewares/ST/STM32_USB_Host_Library/Class/MSC/Src/usbh_msc_bot.c **** /** @defgroup USBH_MSC_BOT_Private_Macros
  64:Middlewares/ST/STM32_USB_Host_Library/Class/MSC/Src/usbh_msc_bot.c **** * @{
  65:Middlewares/ST/STM32_USB_Host_Library/Class/MSC/Src/usbh_msc_bot.c **** */
  66:Middlewares/ST/STM32_USB_Host_Library/Class/MSC/Src/usbh_msc_bot.c **** /**
  67:Middlewares/ST/STM32_USB_Host_Library/Class/MSC/Src/usbh_msc_bot.c **** * @}
  68:Middlewares/ST/STM32_USB_Host_Library/Class/MSC/Src/usbh_msc_bot.c **** */
  69:Middlewares/ST/STM32_USB_Host_Library/Class/MSC/Src/usbh_msc_bot.c **** 
  70:Middlewares/ST/STM32_USB_Host_Library/Class/MSC/Src/usbh_msc_bot.c **** 
  71:Middlewares/ST/STM32_USB_Host_Library/Class/MSC/Src/usbh_msc_bot.c **** /** @defgroup USBH_MSC_BOT_Private_Variables
  72:Middlewares/ST/STM32_USB_Host_Library/Class/MSC/Src/usbh_msc_bot.c **** * @{
  73:Middlewares/ST/STM32_USB_Host_Library/Class/MSC/Src/usbh_msc_bot.c **** */
  74:Middlewares/ST/STM32_USB_Host_Library/Class/MSC/Src/usbh_msc_bot.c **** 
  75:Middlewares/ST/STM32_USB_Host_Library/Class/MSC/Src/usbh_msc_bot.c **** /**
  76:Middlewares/ST/STM32_USB_Host_Library/Class/MSC/Src/usbh_msc_bot.c **** * @}
  77:Middlewares/ST/STM32_USB_Host_Library/Class/MSC/Src/usbh_msc_bot.c **** */
  78:Middlewares/ST/STM32_USB_Host_Library/Class/MSC/Src/usbh_msc_bot.c **** 
  79:Middlewares/ST/STM32_USB_Host_Library/Class/MSC/Src/usbh_msc_bot.c **** 
  80:Middlewares/ST/STM32_USB_Host_Library/Class/MSC/Src/usbh_msc_bot.c **** /** @defgroup USBH_MSC_BOT_Private_FunctionPrototypes
  81:Middlewares/ST/STM32_USB_Host_Library/Class/MSC/Src/usbh_msc_bot.c **** * @{
  82:Middlewares/ST/STM32_USB_Host_Library/Class/MSC/Src/usbh_msc_bot.c **** */
  83:Middlewares/ST/STM32_USB_Host_Library/Class/MSC/Src/usbh_msc_bot.c **** static USBH_StatusTypeDef USBH_MSC_BOT_Abort(USBH_HandleTypeDef *phost, uint8_t lun, uint8_t dir);
  84:Middlewares/ST/STM32_USB_Host_Library/Class/MSC/Src/usbh_msc_bot.c **** static BOT_CSWStatusTypeDef USBH_MSC_DecodeCSW(USBH_HandleTypeDef *phost);
  85:Middlewares/ST/STM32_USB_Host_Library/Class/MSC/Src/usbh_msc_bot.c **** /**
  86:Middlewares/ST/STM32_USB_Host_Library/Class/MSC/Src/usbh_msc_bot.c **** * @}
  87:Middlewares/ST/STM32_USB_Host_Library/Class/MSC/Src/usbh_msc_bot.c **** */
ARM GAS  /tmp/cc6ryS53.s 			page 3


  88:Middlewares/ST/STM32_USB_Host_Library/Class/MSC/Src/usbh_msc_bot.c **** 
  89:Middlewares/ST/STM32_USB_Host_Library/Class/MSC/Src/usbh_msc_bot.c **** 
  90:Middlewares/ST/STM32_USB_Host_Library/Class/MSC/Src/usbh_msc_bot.c **** /** @defgroup USBH_MSC_BOT_Exported_Variables
  91:Middlewares/ST/STM32_USB_Host_Library/Class/MSC/Src/usbh_msc_bot.c **** * @{
  92:Middlewares/ST/STM32_USB_Host_Library/Class/MSC/Src/usbh_msc_bot.c **** */
  93:Middlewares/ST/STM32_USB_Host_Library/Class/MSC/Src/usbh_msc_bot.c **** /**
  94:Middlewares/ST/STM32_USB_Host_Library/Class/MSC/Src/usbh_msc_bot.c **** * @}
  95:Middlewares/ST/STM32_USB_Host_Library/Class/MSC/Src/usbh_msc_bot.c **** */
  96:Middlewares/ST/STM32_USB_Host_Library/Class/MSC/Src/usbh_msc_bot.c **** 
  97:Middlewares/ST/STM32_USB_Host_Library/Class/MSC/Src/usbh_msc_bot.c **** 
  98:Middlewares/ST/STM32_USB_Host_Library/Class/MSC/Src/usbh_msc_bot.c **** /** @defgroup USBH_MSC_BOT_Private_Functions
  99:Middlewares/ST/STM32_USB_Host_Library/Class/MSC/Src/usbh_msc_bot.c **** * @{
 100:Middlewares/ST/STM32_USB_Host_Library/Class/MSC/Src/usbh_msc_bot.c **** */
 101:Middlewares/ST/STM32_USB_Host_Library/Class/MSC/Src/usbh_msc_bot.c **** 
 102:Middlewares/ST/STM32_USB_Host_Library/Class/MSC/Src/usbh_msc_bot.c **** /**
 103:Middlewares/ST/STM32_USB_Host_Library/Class/MSC/Src/usbh_msc_bot.c ****   * @brief  USBH_MSC_BOT_REQ_Reset
 104:Middlewares/ST/STM32_USB_Host_Library/Class/MSC/Src/usbh_msc_bot.c ****   *         The function the MSC BOT Reset request.
 105:Middlewares/ST/STM32_USB_Host_Library/Class/MSC/Src/usbh_msc_bot.c ****   * @param  phost: Host handle
 106:Middlewares/ST/STM32_USB_Host_Library/Class/MSC/Src/usbh_msc_bot.c ****   * @retval USBH Status
 107:Middlewares/ST/STM32_USB_Host_Library/Class/MSC/Src/usbh_msc_bot.c ****   */
 108:Middlewares/ST/STM32_USB_Host_Library/Class/MSC/Src/usbh_msc_bot.c **** USBH_StatusTypeDef USBH_MSC_BOT_REQ_Reset(USBH_HandleTypeDef *phost)
 109:Middlewares/ST/STM32_USB_Host_Library/Class/MSC/Src/usbh_msc_bot.c **** {
 110:Middlewares/ST/STM32_USB_Host_Library/Class/MSC/Src/usbh_msc_bot.c **** 
 111:Middlewares/ST/STM32_USB_Host_Library/Class/MSC/Src/usbh_msc_bot.c ****   phost->Control.setup.b.bmRequestType = USB_H2D | USB_REQ_TYPE_CLASS
 112:Middlewares/ST/STM32_USB_Host_Library/Class/MSC/Src/usbh_msc_bot.c ****                                          | USB_REQ_RECIPIENT_INTERFACE;
 113:Middlewares/ST/STM32_USB_Host_Library/Class/MSC/Src/usbh_msc_bot.c **** 
 114:Middlewares/ST/STM32_USB_Host_Library/Class/MSC/Src/usbh_msc_bot.c ****   phost->Control.setup.b.bRequest = USB_REQ_BOT_RESET;
 115:Middlewares/ST/STM32_USB_Host_Library/Class/MSC/Src/usbh_msc_bot.c ****   phost->Control.setup.b.wValue.w = 0U;
 116:Middlewares/ST/STM32_USB_Host_Library/Class/MSC/Src/usbh_msc_bot.c ****   phost->Control.setup.b.wIndex.w = 0U;
 117:Middlewares/ST/STM32_USB_Host_Library/Class/MSC/Src/usbh_msc_bot.c ****   phost->Control.setup.b.wLength.w = 0U;
 118:Middlewares/ST/STM32_USB_Host_Library/Class/MSC/Src/usbh_msc_bot.c **** 
 119:Middlewares/ST/STM32_USB_Host_Library/Class/MSC/Src/usbh_msc_bot.c ****   return USBH_CtlReq(phost, 0U, 0U);
 120:Middlewares/ST/STM32_USB_Host_Library/Class/MSC/Src/usbh_msc_bot.c **** }
 121:Middlewares/ST/STM32_USB_Host_Library/Class/MSC/Src/usbh_msc_bot.c **** 
 122:Middlewares/ST/STM32_USB_Host_Library/Class/MSC/Src/usbh_msc_bot.c **** /**
 123:Middlewares/ST/STM32_USB_Host_Library/Class/MSC/Src/usbh_msc_bot.c ****   * @brief  USBH_MSC_BOT_REQ_GetMaxLUN
 124:Middlewares/ST/STM32_USB_Host_Library/Class/MSC/Src/usbh_msc_bot.c ****   *         The function the MSC BOT GetMaxLUN request.
 125:Middlewares/ST/STM32_USB_Host_Library/Class/MSC/Src/usbh_msc_bot.c ****   * @param  phost: Host handle
 126:Middlewares/ST/STM32_USB_Host_Library/Class/MSC/Src/usbh_msc_bot.c ****   * @param  Maxlun: pointer to Maxlun variable
 127:Middlewares/ST/STM32_USB_Host_Library/Class/MSC/Src/usbh_msc_bot.c ****   * @retval USBH Status
 128:Middlewares/ST/STM32_USB_Host_Library/Class/MSC/Src/usbh_msc_bot.c ****   */
 129:Middlewares/ST/STM32_USB_Host_Library/Class/MSC/Src/usbh_msc_bot.c **** USBH_StatusTypeDef USBH_MSC_BOT_REQ_GetMaxLUN(USBH_HandleTypeDef *phost, uint8_t *Maxlun)
 130:Middlewares/ST/STM32_USB_Host_Library/Class/MSC/Src/usbh_msc_bot.c **** {
 131:Middlewares/ST/STM32_USB_Host_Library/Class/MSC/Src/usbh_msc_bot.c ****   phost->Control.setup.b.bmRequestType = USB_D2H | USB_REQ_TYPE_CLASS
 132:Middlewares/ST/STM32_USB_Host_Library/Class/MSC/Src/usbh_msc_bot.c ****                                          | USB_REQ_RECIPIENT_INTERFACE;
 133:Middlewares/ST/STM32_USB_Host_Library/Class/MSC/Src/usbh_msc_bot.c **** 
 134:Middlewares/ST/STM32_USB_Host_Library/Class/MSC/Src/usbh_msc_bot.c ****   phost->Control.setup.b.bRequest = USB_REQ_GET_MAX_LUN;
 135:Middlewares/ST/STM32_USB_Host_Library/Class/MSC/Src/usbh_msc_bot.c ****   phost->Control.setup.b.wValue.w = 0U;
 136:Middlewares/ST/STM32_USB_Host_Library/Class/MSC/Src/usbh_msc_bot.c ****   phost->Control.setup.b.wIndex.w = 0U;
 137:Middlewares/ST/STM32_USB_Host_Library/Class/MSC/Src/usbh_msc_bot.c ****   phost->Control.setup.b.wLength.w = 1U;
 138:Middlewares/ST/STM32_USB_Host_Library/Class/MSC/Src/usbh_msc_bot.c **** 
 139:Middlewares/ST/STM32_USB_Host_Library/Class/MSC/Src/usbh_msc_bot.c ****   return USBH_CtlReq(phost, Maxlun, 1U);
 140:Middlewares/ST/STM32_USB_Host_Library/Class/MSC/Src/usbh_msc_bot.c **** }
 141:Middlewares/ST/STM32_USB_Host_Library/Class/MSC/Src/usbh_msc_bot.c **** 
 142:Middlewares/ST/STM32_USB_Host_Library/Class/MSC/Src/usbh_msc_bot.c **** 
 143:Middlewares/ST/STM32_USB_Host_Library/Class/MSC/Src/usbh_msc_bot.c **** 
 144:Middlewares/ST/STM32_USB_Host_Library/Class/MSC/Src/usbh_msc_bot.c **** /**
ARM GAS  /tmp/cc6ryS53.s 			page 4


 145:Middlewares/ST/STM32_USB_Host_Library/Class/MSC/Src/usbh_msc_bot.c ****   * @brief  USBH_MSC_BOT_Init
 146:Middlewares/ST/STM32_USB_Host_Library/Class/MSC/Src/usbh_msc_bot.c ****   *         The function Initializes the BOT protocol.
 147:Middlewares/ST/STM32_USB_Host_Library/Class/MSC/Src/usbh_msc_bot.c ****   * @param  phost: Host handle
 148:Middlewares/ST/STM32_USB_Host_Library/Class/MSC/Src/usbh_msc_bot.c ****   * @retval USBH Status
 149:Middlewares/ST/STM32_USB_Host_Library/Class/MSC/Src/usbh_msc_bot.c ****   */
 150:Middlewares/ST/STM32_USB_Host_Library/Class/MSC/Src/usbh_msc_bot.c **** USBH_StatusTypeDef USBH_MSC_BOT_Init(USBH_HandleTypeDef *phost)
 151:Middlewares/ST/STM32_USB_Host_Library/Class/MSC/Src/usbh_msc_bot.c **** {
 152:Middlewares/ST/STM32_USB_Host_Library/Class/MSC/Src/usbh_msc_bot.c **** 
 153:Middlewares/ST/STM32_USB_Host_Library/Class/MSC/Src/usbh_msc_bot.c ****   MSC_HandleTypeDef *MSC_Handle = (MSC_HandleTypeDef *) phost->pActiveClass->pData;
 154:Middlewares/ST/STM32_USB_Host_Library/Class/MSC/Src/usbh_msc_bot.c **** 
 155:Middlewares/ST/STM32_USB_Host_Library/Class/MSC/Src/usbh_msc_bot.c ****   MSC_Handle->hbot.cbw.field.Signature = BOT_CBW_SIGNATURE;
 156:Middlewares/ST/STM32_USB_Host_Library/Class/MSC/Src/usbh_msc_bot.c ****   MSC_Handle->hbot.cbw.field.Tag = BOT_CBW_TAG;
 157:Middlewares/ST/STM32_USB_Host_Library/Class/MSC/Src/usbh_msc_bot.c ****   MSC_Handle->hbot.state = BOT_SEND_CBW;
 158:Middlewares/ST/STM32_USB_Host_Library/Class/MSC/Src/usbh_msc_bot.c ****   MSC_Handle->hbot.cmd_state = BOT_CMD_SEND;
 159:Middlewares/ST/STM32_USB_Host_Library/Class/MSC/Src/usbh_msc_bot.c **** 
 160:Middlewares/ST/STM32_USB_Host_Library/Class/MSC/Src/usbh_msc_bot.c ****   return USBH_OK;
 161:Middlewares/ST/STM32_USB_Host_Library/Class/MSC/Src/usbh_msc_bot.c **** }
 162:Middlewares/ST/STM32_USB_Host_Library/Class/MSC/Src/usbh_msc_bot.c **** 
 163:Middlewares/ST/STM32_USB_Host_Library/Class/MSC/Src/usbh_msc_bot.c **** 
 164:Middlewares/ST/STM32_USB_Host_Library/Class/MSC/Src/usbh_msc_bot.c **** 
 165:Middlewares/ST/STM32_USB_Host_Library/Class/MSC/Src/usbh_msc_bot.c **** /**
 166:Middlewares/ST/STM32_USB_Host_Library/Class/MSC/Src/usbh_msc_bot.c ****   * @brief  USBH_MSC_BOT_Process
 167:Middlewares/ST/STM32_USB_Host_Library/Class/MSC/Src/usbh_msc_bot.c ****   *         The function handle the BOT protocol.
 168:Middlewares/ST/STM32_USB_Host_Library/Class/MSC/Src/usbh_msc_bot.c ****   * @param  phost: Host handle
 169:Middlewares/ST/STM32_USB_Host_Library/Class/MSC/Src/usbh_msc_bot.c ****   * @param  lun: Logical Unit Number
 170:Middlewares/ST/STM32_USB_Host_Library/Class/MSC/Src/usbh_msc_bot.c ****   * @retval USBH Status
 171:Middlewares/ST/STM32_USB_Host_Library/Class/MSC/Src/usbh_msc_bot.c ****   */
 172:Middlewares/ST/STM32_USB_Host_Library/Class/MSC/Src/usbh_msc_bot.c **** USBH_StatusTypeDef USBH_MSC_BOT_Process(USBH_HandleTypeDef *phost, uint8_t lun)
 173:Middlewares/ST/STM32_USB_Host_Library/Class/MSC/Src/usbh_msc_bot.c **** {
 174:Middlewares/ST/STM32_USB_Host_Library/Class/MSC/Src/usbh_msc_bot.c ****   USBH_StatusTypeDef   status = USBH_BUSY;
 175:Middlewares/ST/STM32_USB_Host_Library/Class/MSC/Src/usbh_msc_bot.c ****   USBH_StatusTypeDef   error  = USBH_BUSY;
 176:Middlewares/ST/STM32_USB_Host_Library/Class/MSC/Src/usbh_msc_bot.c ****   BOT_CSWStatusTypeDef CSW_Status = BOT_CSW_CMD_FAILED;
 177:Middlewares/ST/STM32_USB_Host_Library/Class/MSC/Src/usbh_msc_bot.c ****   USBH_URBStateTypeDef URB_Status = USBH_URB_IDLE;
 178:Middlewares/ST/STM32_USB_Host_Library/Class/MSC/Src/usbh_msc_bot.c ****   MSC_HandleTypeDef *MSC_Handle = (MSC_HandleTypeDef *) phost->pActiveClass->pData;
 179:Middlewares/ST/STM32_USB_Host_Library/Class/MSC/Src/usbh_msc_bot.c ****   uint8_t toggle = 0U;
 180:Middlewares/ST/STM32_USB_Host_Library/Class/MSC/Src/usbh_msc_bot.c **** 
 181:Middlewares/ST/STM32_USB_Host_Library/Class/MSC/Src/usbh_msc_bot.c ****   switch (MSC_Handle->hbot.state)
 182:Middlewares/ST/STM32_USB_Host_Library/Class/MSC/Src/usbh_msc_bot.c ****   {
 183:Middlewares/ST/STM32_USB_Host_Library/Class/MSC/Src/usbh_msc_bot.c ****     case BOT_SEND_CBW:
 184:Middlewares/ST/STM32_USB_Host_Library/Class/MSC/Src/usbh_msc_bot.c ****       MSC_Handle->hbot.cbw.field.LUN = lun;
 185:Middlewares/ST/STM32_USB_Host_Library/Class/MSC/Src/usbh_msc_bot.c ****       MSC_Handle->hbot.state = BOT_SEND_CBW_WAIT;
 186:Middlewares/ST/STM32_USB_Host_Library/Class/MSC/Src/usbh_msc_bot.c ****       USBH_BulkSendData(phost, MSC_Handle->hbot.cbw.data,
 187:Middlewares/ST/STM32_USB_Host_Library/Class/MSC/Src/usbh_msc_bot.c ****                         BOT_CBW_LENGTH, MSC_Handle->OutPipe, 1U);
 188:Middlewares/ST/STM32_USB_Host_Library/Class/MSC/Src/usbh_msc_bot.c **** 
 189:Middlewares/ST/STM32_USB_Host_Library/Class/MSC/Src/usbh_msc_bot.c ****       break;
 190:Middlewares/ST/STM32_USB_Host_Library/Class/MSC/Src/usbh_msc_bot.c **** 
 191:Middlewares/ST/STM32_USB_Host_Library/Class/MSC/Src/usbh_msc_bot.c ****     case BOT_SEND_CBW_WAIT:
 192:Middlewares/ST/STM32_USB_Host_Library/Class/MSC/Src/usbh_msc_bot.c **** 
 193:Middlewares/ST/STM32_USB_Host_Library/Class/MSC/Src/usbh_msc_bot.c ****       URB_Status = USBH_LL_GetURBState(phost, MSC_Handle->OutPipe);
 194:Middlewares/ST/STM32_USB_Host_Library/Class/MSC/Src/usbh_msc_bot.c **** 
 195:Middlewares/ST/STM32_USB_Host_Library/Class/MSC/Src/usbh_msc_bot.c ****       if (URB_Status == USBH_URB_DONE)
 196:Middlewares/ST/STM32_USB_Host_Library/Class/MSC/Src/usbh_msc_bot.c ****       {
 197:Middlewares/ST/STM32_USB_Host_Library/Class/MSC/Src/usbh_msc_bot.c ****         if (MSC_Handle->hbot.cbw.field.DataTransferLength != 0U)
 198:Middlewares/ST/STM32_USB_Host_Library/Class/MSC/Src/usbh_msc_bot.c ****         {
 199:Middlewares/ST/STM32_USB_Host_Library/Class/MSC/Src/usbh_msc_bot.c ****           /* If there is Data Transfer Stage */
 200:Middlewares/ST/STM32_USB_Host_Library/Class/MSC/Src/usbh_msc_bot.c ****           if (((MSC_Handle->hbot.cbw.field.Flags) & USB_REQ_DIR_MASK) == USB_D2H)
 201:Middlewares/ST/STM32_USB_Host_Library/Class/MSC/Src/usbh_msc_bot.c ****           {
ARM GAS  /tmp/cc6ryS53.s 			page 5


 202:Middlewares/ST/STM32_USB_Host_Library/Class/MSC/Src/usbh_msc_bot.c ****             /* Data Direction is IN */
 203:Middlewares/ST/STM32_USB_Host_Library/Class/MSC/Src/usbh_msc_bot.c ****             MSC_Handle->hbot.state = BOT_DATA_IN;
 204:Middlewares/ST/STM32_USB_Host_Library/Class/MSC/Src/usbh_msc_bot.c ****           }
 205:Middlewares/ST/STM32_USB_Host_Library/Class/MSC/Src/usbh_msc_bot.c ****           else
 206:Middlewares/ST/STM32_USB_Host_Library/Class/MSC/Src/usbh_msc_bot.c ****           {
 207:Middlewares/ST/STM32_USB_Host_Library/Class/MSC/Src/usbh_msc_bot.c ****             /* Data Direction is OUT */
 208:Middlewares/ST/STM32_USB_Host_Library/Class/MSC/Src/usbh_msc_bot.c ****             MSC_Handle->hbot.state = BOT_DATA_OUT;
 209:Middlewares/ST/STM32_USB_Host_Library/Class/MSC/Src/usbh_msc_bot.c ****           }
 210:Middlewares/ST/STM32_USB_Host_Library/Class/MSC/Src/usbh_msc_bot.c ****         }
 211:Middlewares/ST/STM32_USB_Host_Library/Class/MSC/Src/usbh_msc_bot.c **** 
 212:Middlewares/ST/STM32_USB_Host_Library/Class/MSC/Src/usbh_msc_bot.c ****         else
 213:Middlewares/ST/STM32_USB_Host_Library/Class/MSC/Src/usbh_msc_bot.c ****         {
 214:Middlewares/ST/STM32_USB_Host_Library/Class/MSC/Src/usbh_msc_bot.c ****           /* If there is NO Data Transfer Stage */
 215:Middlewares/ST/STM32_USB_Host_Library/Class/MSC/Src/usbh_msc_bot.c ****           MSC_Handle->hbot.state = BOT_RECEIVE_CSW;
 216:Middlewares/ST/STM32_USB_Host_Library/Class/MSC/Src/usbh_msc_bot.c ****         }
 217:Middlewares/ST/STM32_USB_Host_Library/Class/MSC/Src/usbh_msc_bot.c **** 
 218:Middlewares/ST/STM32_USB_Host_Library/Class/MSC/Src/usbh_msc_bot.c **** #if (USBH_USE_OS == 1U)
 219:Middlewares/ST/STM32_USB_Host_Library/Class/MSC/Src/usbh_msc_bot.c ****         phost->os_msg = (uint32_t)USBH_URB_EVENT;
 220:Middlewares/ST/STM32_USB_Host_Library/Class/MSC/Src/usbh_msc_bot.c **** #if (osCMSIS < 0x20000U)
 221:Middlewares/ST/STM32_USB_Host_Library/Class/MSC/Src/usbh_msc_bot.c ****         (void)osMessagePut(phost->os_event, phost->os_msg, 0U);
 222:Middlewares/ST/STM32_USB_Host_Library/Class/MSC/Src/usbh_msc_bot.c **** #else
 223:Middlewares/ST/STM32_USB_Host_Library/Class/MSC/Src/usbh_msc_bot.c ****         (void)osMessageQueuePut(phost->os_event, &phost->os_msg, 0U, NULL);
 224:Middlewares/ST/STM32_USB_Host_Library/Class/MSC/Src/usbh_msc_bot.c **** #endif
 225:Middlewares/ST/STM32_USB_Host_Library/Class/MSC/Src/usbh_msc_bot.c **** #endif
 226:Middlewares/ST/STM32_USB_Host_Library/Class/MSC/Src/usbh_msc_bot.c ****       }
 227:Middlewares/ST/STM32_USB_Host_Library/Class/MSC/Src/usbh_msc_bot.c ****       else if (URB_Status == USBH_URB_NOTREADY)
 228:Middlewares/ST/STM32_USB_Host_Library/Class/MSC/Src/usbh_msc_bot.c ****       {
 229:Middlewares/ST/STM32_USB_Host_Library/Class/MSC/Src/usbh_msc_bot.c ****         /* Re-send CBW */
 230:Middlewares/ST/STM32_USB_Host_Library/Class/MSC/Src/usbh_msc_bot.c ****         MSC_Handle->hbot.state = BOT_SEND_CBW;
 231:Middlewares/ST/STM32_USB_Host_Library/Class/MSC/Src/usbh_msc_bot.c **** 
 232:Middlewares/ST/STM32_USB_Host_Library/Class/MSC/Src/usbh_msc_bot.c **** #if (USBH_USE_OS == 1U)
 233:Middlewares/ST/STM32_USB_Host_Library/Class/MSC/Src/usbh_msc_bot.c ****         phost->os_msg = (uint32_t)USBH_URB_EVENT;
 234:Middlewares/ST/STM32_USB_Host_Library/Class/MSC/Src/usbh_msc_bot.c **** #if (osCMSIS < 0x20000U)
 235:Middlewares/ST/STM32_USB_Host_Library/Class/MSC/Src/usbh_msc_bot.c ****         (void)osMessagePut(phost->os_event, phost->os_msg, 0U);
 236:Middlewares/ST/STM32_USB_Host_Library/Class/MSC/Src/usbh_msc_bot.c **** #else
 237:Middlewares/ST/STM32_USB_Host_Library/Class/MSC/Src/usbh_msc_bot.c ****         (void)osMessageQueuePut(phost->os_event, &phost->os_msg, 0U, NULL);
 238:Middlewares/ST/STM32_USB_Host_Library/Class/MSC/Src/usbh_msc_bot.c **** #endif
 239:Middlewares/ST/STM32_USB_Host_Library/Class/MSC/Src/usbh_msc_bot.c **** #endif
 240:Middlewares/ST/STM32_USB_Host_Library/Class/MSC/Src/usbh_msc_bot.c ****       }
 241:Middlewares/ST/STM32_USB_Host_Library/Class/MSC/Src/usbh_msc_bot.c ****       else
 242:Middlewares/ST/STM32_USB_Host_Library/Class/MSC/Src/usbh_msc_bot.c ****       {
 243:Middlewares/ST/STM32_USB_Host_Library/Class/MSC/Src/usbh_msc_bot.c ****         if (URB_Status == USBH_URB_STALL)
 244:Middlewares/ST/STM32_USB_Host_Library/Class/MSC/Src/usbh_msc_bot.c ****         {
 245:Middlewares/ST/STM32_USB_Host_Library/Class/MSC/Src/usbh_msc_bot.c ****           MSC_Handle->hbot.state  = BOT_ERROR_OUT;
 246:Middlewares/ST/STM32_USB_Host_Library/Class/MSC/Src/usbh_msc_bot.c **** 
 247:Middlewares/ST/STM32_USB_Host_Library/Class/MSC/Src/usbh_msc_bot.c **** #if (USBH_USE_OS == 1U)
 248:Middlewares/ST/STM32_USB_Host_Library/Class/MSC/Src/usbh_msc_bot.c ****           phost->os_msg = (uint32_t)USBH_URB_EVENT;
 249:Middlewares/ST/STM32_USB_Host_Library/Class/MSC/Src/usbh_msc_bot.c **** #if (osCMSIS < 0x20000U)
 250:Middlewares/ST/STM32_USB_Host_Library/Class/MSC/Src/usbh_msc_bot.c ****           (void)osMessagePut(phost->os_event, phost->os_msg, 0U);
 251:Middlewares/ST/STM32_USB_Host_Library/Class/MSC/Src/usbh_msc_bot.c **** #else
 252:Middlewares/ST/STM32_USB_Host_Library/Class/MSC/Src/usbh_msc_bot.c ****           (void)osMessageQueuePut(phost->os_event, &phost->os_msg, 0U, NULL);
 253:Middlewares/ST/STM32_USB_Host_Library/Class/MSC/Src/usbh_msc_bot.c **** #endif
 254:Middlewares/ST/STM32_USB_Host_Library/Class/MSC/Src/usbh_msc_bot.c **** #endif
 255:Middlewares/ST/STM32_USB_Host_Library/Class/MSC/Src/usbh_msc_bot.c ****         }
 256:Middlewares/ST/STM32_USB_Host_Library/Class/MSC/Src/usbh_msc_bot.c ****       }
 257:Middlewares/ST/STM32_USB_Host_Library/Class/MSC/Src/usbh_msc_bot.c ****       break;
 258:Middlewares/ST/STM32_USB_Host_Library/Class/MSC/Src/usbh_msc_bot.c **** 
ARM GAS  /tmp/cc6ryS53.s 			page 6


 259:Middlewares/ST/STM32_USB_Host_Library/Class/MSC/Src/usbh_msc_bot.c ****     case BOT_DATA_IN:
 260:Middlewares/ST/STM32_USB_Host_Library/Class/MSC/Src/usbh_msc_bot.c ****       /* Send first packet */
 261:Middlewares/ST/STM32_USB_Host_Library/Class/MSC/Src/usbh_msc_bot.c ****       USBH_BulkReceiveData(phost, MSC_Handle->hbot.pbuf,
 262:Middlewares/ST/STM32_USB_Host_Library/Class/MSC/Src/usbh_msc_bot.c ****                            MSC_Handle->InEpSize, MSC_Handle->InPipe);
 263:Middlewares/ST/STM32_USB_Host_Library/Class/MSC/Src/usbh_msc_bot.c **** 
 264:Middlewares/ST/STM32_USB_Host_Library/Class/MSC/Src/usbh_msc_bot.c ****       MSC_Handle->hbot.state = BOT_DATA_IN_WAIT;
 265:Middlewares/ST/STM32_USB_Host_Library/Class/MSC/Src/usbh_msc_bot.c **** 
 266:Middlewares/ST/STM32_USB_Host_Library/Class/MSC/Src/usbh_msc_bot.c ****       break;
 267:Middlewares/ST/STM32_USB_Host_Library/Class/MSC/Src/usbh_msc_bot.c **** 
 268:Middlewares/ST/STM32_USB_Host_Library/Class/MSC/Src/usbh_msc_bot.c ****     case BOT_DATA_IN_WAIT:
 269:Middlewares/ST/STM32_USB_Host_Library/Class/MSC/Src/usbh_msc_bot.c **** 
 270:Middlewares/ST/STM32_USB_Host_Library/Class/MSC/Src/usbh_msc_bot.c ****       URB_Status = USBH_LL_GetURBState(phost, MSC_Handle->InPipe);
 271:Middlewares/ST/STM32_USB_Host_Library/Class/MSC/Src/usbh_msc_bot.c **** 
 272:Middlewares/ST/STM32_USB_Host_Library/Class/MSC/Src/usbh_msc_bot.c ****       if (URB_Status == USBH_URB_DONE)
 273:Middlewares/ST/STM32_USB_Host_Library/Class/MSC/Src/usbh_msc_bot.c ****       {
 274:Middlewares/ST/STM32_USB_Host_Library/Class/MSC/Src/usbh_msc_bot.c ****         /* Adjust Data pointer and data length */
 275:Middlewares/ST/STM32_USB_Host_Library/Class/MSC/Src/usbh_msc_bot.c ****         if (MSC_Handle->hbot.cbw.field.DataTransferLength > MSC_Handle->InEpSize)
 276:Middlewares/ST/STM32_USB_Host_Library/Class/MSC/Src/usbh_msc_bot.c ****         {
 277:Middlewares/ST/STM32_USB_Host_Library/Class/MSC/Src/usbh_msc_bot.c ****           MSC_Handle->hbot.pbuf += MSC_Handle->InEpSize;
 278:Middlewares/ST/STM32_USB_Host_Library/Class/MSC/Src/usbh_msc_bot.c ****           MSC_Handle->hbot.cbw.field.DataTransferLength -= MSC_Handle->InEpSize;
 279:Middlewares/ST/STM32_USB_Host_Library/Class/MSC/Src/usbh_msc_bot.c ****         }
 280:Middlewares/ST/STM32_USB_Host_Library/Class/MSC/Src/usbh_msc_bot.c ****         else
 281:Middlewares/ST/STM32_USB_Host_Library/Class/MSC/Src/usbh_msc_bot.c ****         {
 282:Middlewares/ST/STM32_USB_Host_Library/Class/MSC/Src/usbh_msc_bot.c ****           MSC_Handle->hbot.cbw.field.DataTransferLength = 0U;
 283:Middlewares/ST/STM32_USB_Host_Library/Class/MSC/Src/usbh_msc_bot.c ****         }
 284:Middlewares/ST/STM32_USB_Host_Library/Class/MSC/Src/usbh_msc_bot.c **** 
 285:Middlewares/ST/STM32_USB_Host_Library/Class/MSC/Src/usbh_msc_bot.c ****         /* More Data To be Received */
 286:Middlewares/ST/STM32_USB_Host_Library/Class/MSC/Src/usbh_msc_bot.c ****         if (MSC_Handle->hbot.cbw.field.DataTransferLength > 0U)
 287:Middlewares/ST/STM32_USB_Host_Library/Class/MSC/Src/usbh_msc_bot.c ****         {
 288:Middlewares/ST/STM32_USB_Host_Library/Class/MSC/Src/usbh_msc_bot.c ****           /* Send next packet */
 289:Middlewares/ST/STM32_USB_Host_Library/Class/MSC/Src/usbh_msc_bot.c ****           USBH_BulkReceiveData(phost, MSC_Handle->hbot.pbuf,
 290:Middlewares/ST/STM32_USB_Host_Library/Class/MSC/Src/usbh_msc_bot.c ****                                MSC_Handle->InEpSize, MSC_Handle->InPipe);
 291:Middlewares/ST/STM32_USB_Host_Library/Class/MSC/Src/usbh_msc_bot.c ****         }
 292:Middlewares/ST/STM32_USB_Host_Library/Class/MSC/Src/usbh_msc_bot.c ****         else
 293:Middlewares/ST/STM32_USB_Host_Library/Class/MSC/Src/usbh_msc_bot.c ****         {
 294:Middlewares/ST/STM32_USB_Host_Library/Class/MSC/Src/usbh_msc_bot.c ****           /* If value was 0, and successful transfer, then change the state */
 295:Middlewares/ST/STM32_USB_Host_Library/Class/MSC/Src/usbh_msc_bot.c ****           MSC_Handle->hbot.state  = BOT_RECEIVE_CSW;
 296:Middlewares/ST/STM32_USB_Host_Library/Class/MSC/Src/usbh_msc_bot.c **** 
 297:Middlewares/ST/STM32_USB_Host_Library/Class/MSC/Src/usbh_msc_bot.c **** #if (USBH_USE_OS == 1U)
 298:Middlewares/ST/STM32_USB_Host_Library/Class/MSC/Src/usbh_msc_bot.c ****           phost->os_msg = (uint32_t)USBH_URB_EVENT;
 299:Middlewares/ST/STM32_USB_Host_Library/Class/MSC/Src/usbh_msc_bot.c **** #if (osCMSIS < 0x20000U)
 300:Middlewares/ST/STM32_USB_Host_Library/Class/MSC/Src/usbh_msc_bot.c ****           (void)osMessagePut(phost->os_event, phost->os_msg, 0U);
 301:Middlewares/ST/STM32_USB_Host_Library/Class/MSC/Src/usbh_msc_bot.c **** #else
 302:Middlewares/ST/STM32_USB_Host_Library/Class/MSC/Src/usbh_msc_bot.c ****           (void)osMessageQueuePut(phost->os_event, &phost->os_msg, 0U, NULL);
 303:Middlewares/ST/STM32_USB_Host_Library/Class/MSC/Src/usbh_msc_bot.c **** #endif
 304:Middlewares/ST/STM32_USB_Host_Library/Class/MSC/Src/usbh_msc_bot.c **** #endif
 305:Middlewares/ST/STM32_USB_Host_Library/Class/MSC/Src/usbh_msc_bot.c ****         }
 306:Middlewares/ST/STM32_USB_Host_Library/Class/MSC/Src/usbh_msc_bot.c ****       }
 307:Middlewares/ST/STM32_USB_Host_Library/Class/MSC/Src/usbh_msc_bot.c ****       else if (URB_Status == USBH_URB_STALL)
 308:Middlewares/ST/STM32_USB_Host_Library/Class/MSC/Src/usbh_msc_bot.c ****       {
 309:Middlewares/ST/STM32_USB_Host_Library/Class/MSC/Src/usbh_msc_bot.c ****         /* This is Data IN Stage STALL Condition */
 310:Middlewares/ST/STM32_USB_Host_Library/Class/MSC/Src/usbh_msc_bot.c ****         MSC_Handle->hbot.state  = BOT_ERROR_IN;
 311:Middlewares/ST/STM32_USB_Host_Library/Class/MSC/Src/usbh_msc_bot.c **** 
 312:Middlewares/ST/STM32_USB_Host_Library/Class/MSC/Src/usbh_msc_bot.c ****         /* Refer to USB Mass-Storage Class : BOT (www.usb.org)
 313:Middlewares/ST/STM32_USB_Host_Library/Class/MSC/Src/usbh_msc_bot.c ****         6.7.2 Host expects to receive data from the device
 314:Middlewares/ST/STM32_USB_Host_Library/Class/MSC/Src/usbh_msc_bot.c ****         3. On a STALL condition receiving data, then:
 315:Middlewares/ST/STM32_USB_Host_Library/Class/MSC/Src/usbh_msc_bot.c ****         The host shall accept the data received.
ARM GAS  /tmp/cc6ryS53.s 			page 7


 316:Middlewares/ST/STM32_USB_Host_Library/Class/MSC/Src/usbh_msc_bot.c ****         The host shall clear the Bulk-In pipe.
 317:Middlewares/ST/STM32_USB_Host_Library/Class/MSC/Src/usbh_msc_bot.c ****         4. The host shall attempt to receive a CSW.*/
 318:Middlewares/ST/STM32_USB_Host_Library/Class/MSC/Src/usbh_msc_bot.c **** 
 319:Middlewares/ST/STM32_USB_Host_Library/Class/MSC/Src/usbh_msc_bot.c **** #if (USBH_USE_OS == 1U)
 320:Middlewares/ST/STM32_USB_Host_Library/Class/MSC/Src/usbh_msc_bot.c ****         phost->os_msg = (uint32_t)USBH_URB_EVENT;
 321:Middlewares/ST/STM32_USB_Host_Library/Class/MSC/Src/usbh_msc_bot.c **** #if (osCMSIS < 0x20000U)
 322:Middlewares/ST/STM32_USB_Host_Library/Class/MSC/Src/usbh_msc_bot.c ****         (void)osMessagePut(phost->os_event, phost->os_msg, 0U);
 323:Middlewares/ST/STM32_USB_Host_Library/Class/MSC/Src/usbh_msc_bot.c **** #else
 324:Middlewares/ST/STM32_USB_Host_Library/Class/MSC/Src/usbh_msc_bot.c ****         (void)osMessageQueuePut(phost->os_event, &phost->os_msg, 0U, NULL);
 325:Middlewares/ST/STM32_USB_Host_Library/Class/MSC/Src/usbh_msc_bot.c **** #endif
 326:Middlewares/ST/STM32_USB_Host_Library/Class/MSC/Src/usbh_msc_bot.c **** #endif
 327:Middlewares/ST/STM32_USB_Host_Library/Class/MSC/Src/usbh_msc_bot.c ****       }
 328:Middlewares/ST/STM32_USB_Host_Library/Class/MSC/Src/usbh_msc_bot.c ****       else
 329:Middlewares/ST/STM32_USB_Host_Library/Class/MSC/Src/usbh_msc_bot.c ****       {
 330:Middlewares/ST/STM32_USB_Host_Library/Class/MSC/Src/usbh_msc_bot.c ****       }
 331:Middlewares/ST/STM32_USB_Host_Library/Class/MSC/Src/usbh_msc_bot.c ****       break;
 332:Middlewares/ST/STM32_USB_Host_Library/Class/MSC/Src/usbh_msc_bot.c **** 
 333:Middlewares/ST/STM32_USB_Host_Library/Class/MSC/Src/usbh_msc_bot.c ****     case BOT_DATA_OUT:
 334:Middlewares/ST/STM32_USB_Host_Library/Class/MSC/Src/usbh_msc_bot.c **** 
 335:Middlewares/ST/STM32_USB_Host_Library/Class/MSC/Src/usbh_msc_bot.c ****       USBH_BulkSendData(phost, MSC_Handle->hbot.pbuf,
 336:Middlewares/ST/STM32_USB_Host_Library/Class/MSC/Src/usbh_msc_bot.c ****                         MSC_Handle->OutEpSize, MSC_Handle->OutPipe, 1U);
 337:Middlewares/ST/STM32_USB_Host_Library/Class/MSC/Src/usbh_msc_bot.c **** 
 338:Middlewares/ST/STM32_USB_Host_Library/Class/MSC/Src/usbh_msc_bot.c ****       MSC_Handle->hbot.state  = BOT_DATA_OUT_WAIT;
 339:Middlewares/ST/STM32_USB_Host_Library/Class/MSC/Src/usbh_msc_bot.c ****       break;
 340:Middlewares/ST/STM32_USB_Host_Library/Class/MSC/Src/usbh_msc_bot.c **** 
 341:Middlewares/ST/STM32_USB_Host_Library/Class/MSC/Src/usbh_msc_bot.c ****     case BOT_DATA_OUT_WAIT:
 342:Middlewares/ST/STM32_USB_Host_Library/Class/MSC/Src/usbh_msc_bot.c ****       URB_Status = USBH_LL_GetURBState(phost, MSC_Handle->OutPipe);
 343:Middlewares/ST/STM32_USB_Host_Library/Class/MSC/Src/usbh_msc_bot.c **** 
 344:Middlewares/ST/STM32_USB_Host_Library/Class/MSC/Src/usbh_msc_bot.c ****       if (URB_Status == USBH_URB_DONE)
 345:Middlewares/ST/STM32_USB_Host_Library/Class/MSC/Src/usbh_msc_bot.c ****       {
 346:Middlewares/ST/STM32_USB_Host_Library/Class/MSC/Src/usbh_msc_bot.c ****         /* Adjust Data pointer and data length */
 347:Middlewares/ST/STM32_USB_Host_Library/Class/MSC/Src/usbh_msc_bot.c ****         if (MSC_Handle->hbot.cbw.field.DataTransferLength > MSC_Handle->OutEpSize)
 348:Middlewares/ST/STM32_USB_Host_Library/Class/MSC/Src/usbh_msc_bot.c ****         {
 349:Middlewares/ST/STM32_USB_Host_Library/Class/MSC/Src/usbh_msc_bot.c ****           MSC_Handle->hbot.pbuf += MSC_Handle->OutEpSize;
 350:Middlewares/ST/STM32_USB_Host_Library/Class/MSC/Src/usbh_msc_bot.c ****           MSC_Handle->hbot.cbw.field.DataTransferLength -= MSC_Handle->OutEpSize;
 351:Middlewares/ST/STM32_USB_Host_Library/Class/MSC/Src/usbh_msc_bot.c ****         }
 352:Middlewares/ST/STM32_USB_Host_Library/Class/MSC/Src/usbh_msc_bot.c ****         else
 353:Middlewares/ST/STM32_USB_Host_Library/Class/MSC/Src/usbh_msc_bot.c ****         {
 354:Middlewares/ST/STM32_USB_Host_Library/Class/MSC/Src/usbh_msc_bot.c ****           MSC_Handle->hbot.cbw.field.DataTransferLength = 0U;
 355:Middlewares/ST/STM32_USB_Host_Library/Class/MSC/Src/usbh_msc_bot.c ****         }
 356:Middlewares/ST/STM32_USB_Host_Library/Class/MSC/Src/usbh_msc_bot.c **** 
 357:Middlewares/ST/STM32_USB_Host_Library/Class/MSC/Src/usbh_msc_bot.c ****         /* More Data To be Sent */
 358:Middlewares/ST/STM32_USB_Host_Library/Class/MSC/Src/usbh_msc_bot.c ****         if (MSC_Handle->hbot.cbw.field.DataTransferLength > 0U)
 359:Middlewares/ST/STM32_USB_Host_Library/Class/MSC/Src/usbh_msc_bot.c ****         {
 360:Middlewares/ST/STM32_USB_Host_Library/Class/MSC/Src/usbh_msc_bot.c ****           USBH_BulkSendData(phost, MSC_Handle->hbot.pbuf,
 361:Middlewares/ST/STM32_USB_Host_Library/Class/MSC/Src/usbh_msc_bot.c ****                             MSC_Handle->OutEpSize, MSC_Handle->OutPipe, 1U);
 362:Middlewares/ST/STM32_USB_Host_Library/Class/MSC/Src/usbh_msc_bot.c ****         }
 363:Middlewares/ST/STM32_USB_Host_Library/Class/MSC/Src/usbh_msc_bot.c ****         else
 364:Middlewares/ST/STM32_USB_Host_Library/Class/MSC/Src/usbh_msc_bot.c ****         {
 365:Middlewares/ST/STM32_USB_Host_Library/Class/MSC/Src/usbh_msc_bot.c ****           /* If value was 0, and successful transfer, then change the state */
 366:Middlewares/ST/STM32_USB_Host_Library/Class/MSC/Src/usbh_msc_bot.c ****           MSC_Handle->hbot.state  = BOT_RECEIVE_CSW;
 367:Middlewares/ST/STM32_USB_Host_Library/Class/MSC/Src/usbh_msc_bot.c ****         }
 368:Middlewares/ST/STM32_USB_Host_Library/Class/MSC/Src/usbh_msc_bot.c **** 
 369:Middlewares/ST/STM32_USB_Host_Library/Class/MSC/Src/usbh_msc_bot.c **** #if (USBH_USE_OS == 1U)
 370:Middlewares/ST/STM32_USB_Host_Library/Class/MSC/Src/usbh_msc_bot.c ****         phost->os_msg = (uint32_t)USBH_URB_EVENT;
 371:Middlewares/ST/STM32_USB_Host_Library/Class/MSC/Src/usbh_msc_bot.c **** #if (osCMSIS < 0x20000U)
 372:Middlewares/ST/STM32_USB_Host_Library/Class/MSC/Src/usbh_msc_bot.c ****         (void)osMessagePut(phost->os_event, phost->os_msg, 0U);
ARM GAS  /tmp/cc6ryS53.s 			page 8


 373:Middlewares/ST/STM32_USB_Host_Library/Class/MSC/Src/usbh_msc_bot.c **** #else
 374:Middlewares/ST/STM32_USB_Host_Library/Class/MSC/Src/usbh_msc_bot.c ****         (void)osMessageQueuePut(phost->os_event, &phost->os_msg, 0U, NULL);
 375:Middlewares/ST/STM32_USB_Host_Library/Class/MSC/Src/usbh_msc_bot.c **** #endif
 376:Middlewares/ST/STM32_USB_Host_Library/Class/MSC/Src/usbh_msc_bot.c **** #endif
 377:Middlewares/ST/STM32_USB_Host_Library/Class/MSC/Src/usbh_msc_bot.c ****       }
 378:Middlewares/ST/STM32_USB_Host_Library/Class/MSC/Src/usbh_msc_bot.c **** 
 379:Middlewares/ST/STM32_USB_Host_Library/Class/MSC/Src/usbh_msc_bot.c ****       else if (URB_Status == USBH_URB_NOTREADY)
 380:Middlewares/ST/STM32_USB_Host_Library/Class/MSC/Src/usbh_msc_bot.c ****       {
 381:Middlewares/ST/STM32_USB_Host_Library/Class/MSC/Src/usbh_msc_bot.c ****         /* Resend same data */
 382:Middlewares/ST/STM32_USB_Host_Library/Class/MSC/Src/usbh_msc_bot.c ****         MSC_Handle->hbot.state  = BOT_DATA_OUT;
 383:Middlewares/ST/STM32_USB_Host_Library/Class/MSC/Src/usbh_msc_bot.c **** 
 384:Middlewares/ST/STM32_USB_Host_Library/Class/MSC/Src/usbh_msc_bot.c **** #if (USBH_USE_OS == 1U)
 385:Middlewares/ST/STM32_USB_Host_Library/Class/MSC/Src/usbh_msc_bot.c ****         phost->os_msg = (uint32_t)USBH_URB_EVENT;
 386:Middlewares/ST/STM32_USB_Host_Library/Class/MSC/Src/usbh_msc_bot.c **** #if (osCMSIS < 0x20000U)
 387:Middlewares/ST/STM32_USB_Host_Library/Class/MSC/Src/usbh_msc_bot.c ****         (void)osMessagePut(phost->os_event, phost->os_msg, 0U);
 388:Middlewares/ST/STM32_USB_Host_Library/Class/MSC/Src/usbh_msc_bot.c **** #else
 389:Middlewares/ST/STM32_USB_Host_Library/Class/MSC/Src/usbh_msc_bot.c ****         (void)osMessageQueuePut(phost->os_event, &phost->os_msg, 0U, NULL);
 390:Middlewares/ST/STM32_USB_Host_Library/Class/MSC/Src/usbh_msc_bot.c **** #endif
 391:Middlewares/ST/STM32_USB_Host_Library/Class/MSC/Src/usbh_msc_bot.c **** #endif
 392:Middlewares/ST/STM32_USB_Host_Library/Class/MSC/Src/usbh_msc_bot.c ****       }
 393:Middlewares/ST/STM32_USB_Host_Library/Class/MSC/Src/usbh_msc_bot.c **** 
 394:Middlewares/ST/STM32_USB_Host_Library/Class/MSC/Src/usbh_msc_bot.c ****       else if (URB_Status == USBH_URB_STALL)
 395:Middlewares/ST/STM32_USB_Host_Library/Class/MSC/Src/usbh_msc_bot.c ****       {
 396:Middlewares/ST/STM32_USB_Host_Library/Class/MSC/Src/usbh_msc_bot.c ****         MSC_Handle->hbot.state  = BOT_ERROR_OUT;
 397:Middlewares/ST/STM32_USB_Host_Library/Class/MSC/Src/usbh_msc_bot.c **** 
 398:Middlewares/ST/STM32_USB_Host_Library/Class/MSC/Src/usbh_msc_bot.c ****         /* Refer to USB Mass-Storage Class : BOT (www.usb.org)
 399:Middlewares/ST/STM32_USB_Host_Library/Class/MSC/Src/usbh_msc_bot.c ****         6.7.3 Ho - Host expects to send data to the device
 400:Middlewares/ST/STM32_USB_Host_Library/Class/MSC/Src/usbh_msc_bot.c ****         3. On a STALL condition sending data, then:
 401:Middlewares/ST/STM32_USB_Host_Library/Class/MSC/Src/usbh_msc_bot.c ****         " The host shall clear the Bulk-Out pipe.
 402:Middlewares/ST/STM32_USB_Host_Library/Class/MSC/Src/usbh_msc_bot.c ****         4. The host shall attempt to receive a CSW.
 403:Middlewares/ST/STM32_USB_Host_Library/Class/MSC/Src/usbh_msc_bot.c ****         */
 404:Middlewares/ST/STM32_USB_Host_Library/Class/MSC/Src/usbh_msc_bot.c **** 
 405:Middlewares/ST/STM32_USB_Host_Library/Class/MSC/Src/usbh_msc_bot.c **** #if (USBH_USE_OS == 1U)
 406:Middlewares/ST/STM32_USB_Host_Library/Class/MSC/Src/usbh_msc_bot.c ****         phost->os_msg = (uint32_t)USBH_URB_EVENT;
 407:Middlewares/ST/STM32_USB_Host_Library/Class/MSC/Src/usbh_msc_bot.c **** #if (osCMSIS < 0x20000U)
 408:Middlewares/ST/STM32_USB_Host_Library/Class/MSC/Src/usbh_msc_bot.c ****         (void)osMessagePut(phost->os_event, phost->os_msg, 0U);
 409:Middlewares/ST/STM32_USB_Host_Library/Class/MSC/Src/usbh_msc_bot.c **** #else
 410:Middlewares/ST/STM32_USB_Host_Library/Class/MSC/Src/usbh_msc_bot.c ****         (void)osMessageQueuePut(phost->os_event, &phost->os_msg, 0U, NULL);
 411:Middlewares/ST/STM32_USB_Host_Library/Class/MSC/Src/usbh_msc_bot.c **** #endif
 412:Middlewares/ST/STM32_USB_Host_Library/Class/MSC/Src/usbh_msc_bot.c **** #endif
 413:Middlewares/ST/STM32_USB_Host_Library/Class/MSC/Src/usbh_msc_bot.c ****       }
 414:Middlewares/ST/STM32_USB_Host_Library/Class/MSC/Src/usbh_msc_bot.c ****       else
 415:Middlewares/ST/STM32_USB_Host_Library/Class/MSC/Src/usbh_msc_bot.c ****       {
 416:Middlewares/ST/STM32_USB_Host_Library/Class/MSC/Src/usbh_msc_bot.c ****       }
 417:Middlewares/ST/STM32_USB_Host_Library/Class/MSC/Src/usbh_msc_bot.c ****       break;
 418:Middlewares/ST/STM32_USB_Host_Library/Class/MSC/Src/usbh_msc_bot.c **** 
 419:Middlewares/ST/STM32_USB_Host_Library/Class/MSC/Src/usbh_msc_bot.c ****     case BOT_RECEIVE_CSW:
 420:Middlewares/ST/STM32_USB_Host_Library/Class/MSC/Src/usbh_msc_bot.c **** 
 421:Middlewares/ST/STM32_USB_Host_Library/Class/MSC/Src/usbh_msc_bot.c ****       USBH_BulkReceiveData(phost, MSC_Handle->hbot.csw.data,
 422:Middlewares/ST/STM32_USB_Host_Library/Class/MSC/Src/usbh_msc_bot.c ****                            BOT_CSW_LENGTH, MSC_Handle->InPipe);
 423:Middlewares/ST/STM32_USB_Host_Library/Class/MSC/Src/usbh_msc_bot.c **** 
 424:Middlewares/ST/STM32_USB_Host_Library/Class/MSC/Src/usbh_msc_bot.c ****       MSC_Handle->hbot.state  = BOT_RECEIVE_CSW_WAIT;
 425:Middlewares/ST/STM32_USB_Host_Library/Class/MSC/Src/usbh_msc_bot.c ****       break;
 426:Middlewares/ST/STM32_USB_Host_Library/Class/MSC/Src/usbh_msc_bot.c **** 
 427:Middlewares/ST/STM32_USB_Host_Library/Class/MSC/Src/usbh_msc_bot.c ****     case BOT_RECEIVE_CSW_WAIT:
 428:Middlewares/ST/STM32_USB_Host_Library/Class/MSC/Src/usbh_msc_bot.c **** 
 429:Middlewares/ST/STM32_USB_Host_Library/Class/MSC/Src/usbh_msc_bot.c ****       URB_Status = USBH_LL_GetURBState(phost, MSC_Handle->InPipe);
ARM GAS  /tmp/cc6ryS53.s 			page 9


 430:Middlewares/ST/STM32_USB_Host_Library/Class/MSC/Src/usbh_msc_bot.c **** 
 431:Middlewares/ST/STM32_USB_Host_Library/Class/MSC/Src/usbh_msc_bot.c ****       /* Decode CSW */
 432:Middlewares/ST/STM32_USB_Host_Library/Class/MSC/Src/usbh_msc_bot.c ****       if (URB_Status == USBH_URB_DONE)
 433:Middlewares/ST/STM32_USB_Host_Library/Class/MSC/Src/usbh_msc_bot.c ****       {
 434:Middlewares/ST/STM32_USB_Host_Library/Class/MSC/Src/usbh_msc_bot.c ****         MSC_Handle->hbot.state = BOT_SEND_CBW;
 435:Middlewares/ST/STM32_USB_Host_Library/Class/MSC/Src/usbh_msc_bot.c ****         MSC_Handle->hbot.cmd_state = BOT_CMD_SEND;
 436:Middlewares/ST/STM32_USB_Host_Library/Class/MSC/Src/usbh_msc_bot.c ****         CSW_Status = USBH_MSC_DecodeCSW(phost);
 437:Middlewares/ST/STM32_USB_Host_Library/Class/MSC/Src/usbh_msc_bot.c **** 
 438:Middlewares/ST/STM32_USB_Host_Library/Class/MSC/Src/usbh_msc_bot.c ****         if (CSW_Status == BOT_CSW_CMD_PASSED)
 439:Middlewares/ST/STM32_USB_Host_Library/Class/MSC/Src/usbh_msc_bot.c ****         {
 440:Middlewares/ST/STM32_USB_Host_Library/Class/MSC/Src/usbh_msc_bot.c ****           status = USBH_OK;
 441:Middlewares/ST/STM32_USB_Host_Library/Class/MSC/Src/usbh_msc_bot.c ****         }
 442:Middlewares/ST/STM32_USB_Host_Library/Class/MSC/Src/usbh_msc_bot.c ****         else
 443:Middlewares/ST/STM32_USB_Host_Library/Class/MSC/Src/usbh_msc_bot.c ****         {
 444:Middlewares/ST/STM32_USB_Host_Library/Class/MSC/Src/usbh_msc_bot.c ****           status = USBH_FAIL;
 445:Middlewares/ST/STM32_USB_Host_Library/Class/MSC/Src/usbh_msc_bot.c ****         }
 446:Middlewares/ST/STM32_USB_Host_Library/Class/MSC/Src/usbh_msc_bot.c **** 
 447:Middlewares/ST/STM32_USB_Host_Library/Class/MSC/Src/usbh_msc_bot.c **** #if (USBH_USE_OS == 1U)
 448:Middlewares/ST/STM32_USB_Host_Library/Class/MSC/Src/usbh_msc_bot.c ****         phost->os_msg = (uint32_t)USBH_URB_EVENT;
 449:Middlewares/ST/STM32_USB_Host_Library/Class/MSC/Src/usbh_msc_bot.c **** #if (osCMSIS < 0x20000U)
 450:Middlewares/ST/STM32_USB_Host_Library/Class/MSC/Src/usbh_msc_bot.c ****         (void)osMessagePut(phost->os_event, phost->os_msg, 0U);
 451:Middlewares/ST/STM32_USB_Host_Library/Class/MSC/Src/usbh_msc_bot.c **** #else
 452:Middlewares/ST/STM32_USB_Host_Library/Class/MSC/Src/usbh_msc_bot.c ****         (void)osMessageQueuePut(phost->os_event, &phost->os_msg, 0U, NULL);
 453:Middlewares/ST/STM32_USB_Host_Library/Class/MSC/Src/usbh_msc_bot.c **** #endif
 454:Middlewares/ST/STM32_USB_Host_Library/Class/MSC/Src/usbh_msc_bot.c **** #endif
 455:Middlewares/ST/STM32_USB_Host_Library/Class/MSC/Src/usbh_msc_bot.c ****       }
 456:Middlewares/ST/STM32_USB_Host_Library/Class/MSC/Src/usbh_msc_bot.c ****       else if (URB_Status == USBH_URB_STALL)
 457:Middlewares/ST/STM32_USB_Host_Library/Class/MSC/Src/usbh_msc_bot.c ****       {
 458:Middlewares/ST/STM32_USB_Host_Library/Class/MSC/Src/usbh_msc_bot.c ****         MSC_Handle->hbot.state  = BOT_ERROR_IN;
 459:Middlewares/ST/STM32_USB_Host_Library/Class/MSC/Src/usbh_msc_bot.c **** 
 460:Middlewares/ST/STM32_USB_Host_Library/Class/MSC/Src/usbh_msc_bot.c **** #if (USBH_USE_OS == 1U)
 461:Middlewares/ST/STM32_USB_Host_Library/Class/MSC/Src/usbh_msc_bot.c ****         phost->os_msg = (uint32_t)USBH_URB_EVENT;
 462:Middlewares/ST/STM32_USB_Host_Library/Class/MSC/Src/usbh_msc_bot.c **** #if (osCMSIS < 0x20000U)
 463:Middlewares/ST/STM32_USB_Host_Library/Class/MSC/Src/usbh_msc_bot.c ****         (void)osMessagePut(phost->os_event, phost->os_msg, 0U);
 464:Middlewares/ST/STM32_USB_Host_Library/Class/MSC/Src/usbh_msc_bot.c **** #else
 465:Middlewares/ST/STM32_USB_Host_Library/Class/MSC/Src/usbh_msc_bot.c ****         (void)osMessageQueuePut(phost->os_event, &phost->os_msg, 0U, NULL);
 466:Middlewares/ST/STM32_USB_Host_Library/Class/MSC/Src/usbh_msc_bot.c **** #endif
 467:Middlewares/ST/STM32_USB_Host_Library/Class/MSC/Src/usbh_msc_bot.c **** #endif
 468:Middlewares/ST/STM32_USB_Host_Library/Class/MSC/Src/usbh_msc_bot.c ****       }
 469:Middlewares/ST/STM32_USB_Host_Library/Class/MSC/Src/usbh_msc_bot.c ****       else
 470:Middlewares/ST/STM32_USB_Host_Library/Class/MSC/Src/usbh_msc_bot.c ****       {
 471:Middlewares/ST/STM32_USB_Host_Library/Class/MSC/Src/usbh_msc_bot.c ****       }
 472:Middlewares/ST/STM32_USB_Host_Library/Class/MSC/Src/usbh_msc_bot.c ****       break;
 473:Middlewares/ST/STM32_USB_Host_Library/Class/MSC/Src/usbh_msc_bot.c **** 
 474:Middlewares/ST/STM32_USB_Host_Library/Class/MSC/Src/usbh_msc_bot.c ****     case BOT_ERROR_IN:
 475:Middlewares/ST/STM32_USB_Host_Library/Class/MSC/Src/usbh_msc_bot.c ****       error = USBH_MSC_BOT_Abort(phost, lun, BOT_DIR_IN);
 476:Middlewares/ST/STM32_USB_Host_Library/Class/MSC/Src/usbh_msc_bot.c **** 
 477:Middlewares/ST/STM32_USB_Host_Library/Class/MSC/Src/usbh_msc_bot.c ****       if (error == USBH_OK)
 478:Middlewares/ST/STM32_USB_Host_Library/Class/MSC/Src/usbh_msc_bot.c ****       {
 479:Middlewares/ST/STM32_USB_Host_Library/Class/MSC/Src/usbh_msc_bot.c ****         MSC_Handle->hbot.state = BOT_RECEIVE_CSW;
 480:Middlewares/ST/STM32_USB_Host_Library/Class/MSC/Src/usbh_msc_bot.c ****       }
 481:Middlewares/ST/STM32_USB_Host_Library/Class/MSC/Src/usbh_msc_bot.c ****       else if (error == USBH_UNRECOVERED_ERROR)
 482:Middlewares/ST/STM32_USB_Host_Library/Class/MSC/Src/usbh_msc_bot.c ****       {
 483:Middlewares/ST/STM32_USB_Host_Library/Class/MSC/Src/usbh_msc_bot.c ****         /* This means that there is a STALL Error limit, Do Reset Recovery */
 484:Middlewares/ST/STM32_USB_Host_Library/Class/MSC/Src/usbh_msc_bot.c ****         MSC_Handle->hbot.state = BOT_UNRECOVERED_ERROR;
 485:Middlewares/ST/STM32_USB_Host_Library/Class/MSC/Src/usbh_msc_bot.c ****       }
 486:Middlewares/ST/STM32_USB_Host_Library/Class/MSC/Src/usbh_msc_bot.c ****       else
ARM GAS  /tmp/cc6ryS53.s 			page 10


 487:Middlewares/ST/STM32_USB_Host_Library/Class/MSC/Src/usbh_msc_bot.c ****       {
 488:Middlewares/ST/STM32_USB_Host_Library/Class/MSC/Src/usbh_msc_bot.c ****       }
 489:Middlewares/ST/STM32_USB_Host_Library/Class/MSC/Src/usbh_msc_bot.c ****       break;
 490:Middlewares/ST/STM32_USB_Host_Library/Class/MSC/Src/usbh_msc_bot.c **** 
 491:Middlewares/ST/STM32_USB_Host_Library/Class/MSC/Src/usbh_msc_bot.c ****     case BOT_ERROR_OUT:
 492:Middlewares/ST/STM32_USB_Host_Library/Class/MSC/Src/usbh_msc_bot.c ****       error = USBH_MSC_BOT_Abort(phost, lun, BOT_DIR_OUT);
 493:Middlewares/ST/STM32_USB_Host_Library/Class/MSC/Src/usbh_msc_bot.c **** 
 494:Middlewares/ST/STM32_USB_Host_Library/Class/MSC/Src/usbh_msc_bot.c ****       if (error == USBH_OK)
 495:Middlewares/ST/STM32_USB_Host_Library/Class/MSC/Src/usbh_msc_bot.c ****       {
 496:Middlewares/ST/STM32_USB_Host_Library/Class/MSC/Src/usbh_msc_bot.c **** 
 497:Middlewares/ST/STM32_USB_Host_Library/Class/MSC/Src/usbh_msc_bot.c ****         toggle = USBH_LL_GetToggle(phost, MSC_Handle->OutPipe);
 498:Middlewares/ST/STM32_USB_Host_Library/Class/MSC/Src/usbh_msc_bot.c ****         USBH_LL_SetToggle(phost, MSC_Handle->OutPipe, 1U - toggle);
 499:Middlewares/ST/STM32_USB_Host_Library/Class/MSC/Src/usbh_msc_bot.c ****         USBH_LL_SetToggle(phost, MSC_Handle->InPipe, 0U);
 500:Middlewares/ST/STM32_USB_Host_Library/Class/MSC/Src/usbh_msc_bot.c ****         MSC_Handle->hbot.state = BOT_ERROR_IN;
 501:Middlewares/ST/STM32_USB_Host_Library/Class/MSC/Src/usbh_msc_bot.c ****       }
 502:Middlewares/ST/STM32_USB_Host_Library/Class/MSC/Src/usbh_msc_bot.c ****       else
 503:Middlewares/ST/STM32_USB_Host_Library/Class/MSC/Src/usbh_msc_bot.c ****       {
 504:Middlewares/ST/STM32_USB_Host_Library/Class/MSC/Src/usbh_msc_bot.c ****         if (error == USBH_UNRECOVERED_ERROR)
 505:Middlewares/ST/STM32_USB_Host_Library/Class/MSC/Src/usbh_msc_bot.c ****         {
 506:Middlewares/ST/STM32_USB_Host_Library/Class/MSC/Src/usbh_msc_bot.c ****           MSC_Handle->hbot.state = BOT_UNRECOVERED_ERROR;
 507:Middlewares/ST/STM32_USB_Host_Library/Class/MSC/Src/usbh_msc_bot.c ****         }
 508:Middlewares/ST/STM32_USB_Host_Library/Class/MSC/Src/usbh_msc_bot.c ****       }
 509:Middlewares/ST/STM32_USB_Host_Library/Class/MSC/Src/usbh_msc_bot.c ****       break;
 510:Middlewares/ST/STM32_USB_Host_Library/Class/MSC/Src/usbh_msc_bot.c **** 
 511:Middlewares/ST/STM32_USB_Host_Library/Class/MSC/Src/usbh_msc_bot.c **** 
 512:Middlewares/ST/STM32_USB_Host_Library/Class/MSC/Src/usbh_msc_bot.c ****     case BOT_UNRECOVERED_ERROR:
 513:Middlewares/ST/STM32_USB_Host_Library/Class/MSC/Src/usbh_msc_bot.c ****       status = USBH_MSC_BOT_REQ_Reset(phost);
 514:Middlewares/ST/STM32_USB_Host_Library/Class/MSC/Src/usbh_msc_bot.c ****       if (status == USBH_OK)
 515:Middlewares/ST/STM32_USB_Host_Library/Class/MSC/Src/usbh_msc_bot.c ****       {
 516:Middlewares/ST/STM32_USB_Host_Library/Class/MSC/Src/usbh_msc_bot.c ****         MSC_Handle->hbot.state = BOT_SEND_CBW;
 517:Middlewares/ST/STM32_USB_Host_Library/Class/MSC/Src/usbh_msc_bot.c ****       }
 518:Middlewares/ST/STM32_USB_Host_Library/Class/MSC/Src/usbh_msc_bot.c ****       break;
 519:Middlewares/ST/STM32_USB_Host_Library/Class/MSC/Src/usbh_msc_bot.c **** 
 520:Middlewares/ST/STM32_USB_Host_Library/Class/MSC/Src/usbh_msc_bot.c ****     default:
 521:Middlewares/ST/STM32_USB_Host_Library/Class/MSC/Src/usbh_msc_bot.c ****       break;
 522:Middlewares/ST/STM32_USB_Host_Library/Class/MSC/Src/usbh_msc_bot.c ****   }
 523:Middlewares/ST/STM32_USB_Host_Library/Class/MSC/Src/usbh_msc_bot.c ****   return status;
 524:Middlewares/ST/STM32_USB_Host_Library/Class/MSC/Src/usbh_msc_bot.c **** }
 525:Middlewares/ST/STM32_USB_Host_Library/Class/MSC/Src/usbh_msc_bot.c **** 
 526:Middlewares/ST/STM32_USB_Host_Library/Class/MSC/Src/usbh_msc_bot.c **** /**
 527:Middlewares/ST/STM32_USB_Host_Library/Class/MSC/Src/usbh_msc_bot.c ****   * @brief  USBH_MSC_BOT_Abort
 528:Middlewares/ST/STM32_USB_Host_Library/Class/MSC/Src/usbh_msc_bot.c ****   *         The function handle the BOT Abort process.
 529:Middlewares/ST/STM32_USB_Host_Library/Class/MSC/Src/usbh_msc_bot.c ****   * @param  phost: Host handle
 530:Middlewares/ST/STM32_USB_Host_Library/Class/MSC/Src/usbh_msc_bot.c ****   * @param  lun: Logical Unit Number
 531:Middlewares/ST/STM32_USB_Host_Library/Class/MSC/Src/usbh_msc_bot.c ****   * @param  dir: direction (0: out / 1 : in)
 532:Middlewares/ST/STM32_USB_Host_Library/Class/MSC/Src/usbh_msc_bot.c ****   * @retval USBH Status
 533:Middlewares/ST/STM32_USB_Host_Library/Class/MSC/Src/usbh_msc_bot.c ****   */
 534:Middlewares/ST/STM32_USB_Host_Library/Class/MSC/Src/usbh_msc_bot.c **** static USBH_StatusTypeDef USBH_MSC_BOT_Abort(USBH_HandleTypeDef *phost, uint8_t lun, uint8_t dir)
 535:Middlewares/ST/STM32_USB_Host_Library/Class/MSC/Src/usbh_msc_bot.c **** {
 536:Middlewares/ST/STM32_USB_Host_Library/Class/MSC/Src/usbh_msc_bot.c ****   /* Prevent unused argument(s) compilation warning */
 537:Middlewares/ST/STM32_USB_Host_Library/Class/MSC/Src/usbh_msc_bot.c ****   UNUSED(lun);
 538:Middlewares/ST/STM32_USB_Host_Library/Class/MSC/Src/usbh_msc_bot.c **** 
 539:Middlewares/ST/STM32_USB_Host_Library/Class/MSC/Src/usbh_msc_bot.c ****   USBH_StatusTypeDef status = USBH_FAIL;
 540:Middlewares/ST/STM32_USB_Host_Library/Class/MSC/Src/usbh_msc_bot.c ****   MSC_HandleTypeDef *MSC_Handle = (MSC_HandleTypeDef *) phost->pActiveClass->pData;
 541:Middlewares/ST/STM32_USB_Host_Library/Class/MSC/Src/usbh_msc_bot.c **** 
 542:Middlewares/ST/STM32_USB_Host_Library/Class/MSC/Src/usbh_msc_bot.c ****   switch (dir)
 543:Middlewares/ST/STM32_USB_Host_Library/Class/MSC/Src/usbh_msc_bot.c ****   {
ARM GAS  /tmp/cc6ryS53.s 			page 11


 544:Middlewares/ST/STM32_USB_Host_Library/Class/MSC/Src/usbh_msc_bot.c ****     case BOT_DIR_IN :
 545:Middlewares/ST/STM32_USB_Host_Library/Class/MSC/Src/usbh_msc_bot.c ****       /* send ClrFeture on Bulk IN endpoint */
 546:Middlewares/ST/STM32_USB_Host_Library/Class/MSC/Src/usbh_msc_bot.c ****       status = USBH_ClrFeature(phost, MSC_Handle->InEp);
 547:Middlewares/ST/STM32_USB_Host_Library/Class/MSC/Src/usbh_msc_bot.c **** 
 548:Middlewares/ST/STM32_USB_Host_Library/Class/MSC/Src/usbh_msc_bot.c ****       break;
 549:Middlewares/ST/STM32_USB_Host_Library/Class/MSC/Src/usbh_msc_bot.c **** 
 550:Middlewares/ST/STM32_USB_Host_Library/Class/MSC/Src/usbh_msc_bot.c ****     case BOT_DIR_OUT :
 551:Middlewares/ST/STM32_USB_Host_Library/Class/MSC/Src/usbh_msc_bot.c ****       /*send ClrFeature on Bulk OUT endpoint */
 552:Middlewares/ST/STM32_USB_Host_Library/Class/MSC/Src/usbh_msc_bot.c ****       status = USBH_ClrFeature(phost, MSC_Handle->OutEp);
 553:Middlewares/ST/STM32_USB_Host_Library/Class/MSC/Src/usbh_msc_bot.c ****       break;
 554:Middlewares/ST/STM32_USB_Host_Library/Class/MSC/Src/usbh_msc_bot.c **** 
 555:Middlewares/ST/STM32_USB_Host_Library/Class/MSC/Src/usbh_msc_bot.c ****     default:
 556:Middlewares/ST/STM32_USB_Host_Library/Class/MSC/Src/usbh_msc_bot.c ****       break;
 557:Middlewares/ST/STM32_USB_Host_Library/Class/MSC/Src/usbh_msc_bot.c ****   }
 558:Middlewares/ST/STM32_USB_Host_Library/Class/MSC/Src/usbh_msc_bot.c ****   return status;
 559:Middlewares/ST/STM32_USB_Host_Library/Class/MSC/Src/usbh_msc_bot.c **** }
 560:Middlewares/ST/STM32_USB_Host_Library/Class/MSC/Src/usbh_msc_bot.c **** 
 561:Middlewares/ST/STM32_USB_Host_Library/Class/MSC/Src/usbh_msc_bot.c **** /**
 562:Middlewares/ST/STM32_USB_Host_Library/Class/MSC/Src/usbh_msc_bot.c ****   * @brief  USBH_MSC_BOT_DecodeCSW
 563:Middlewares/ST/STM32_USB_Host_Library/Class/MSC/Src/usbh_msc_bot.c ****   *         This function decodes the CSW received by the device and updates the
 564:Middlewares/ST/STM32_USB_Host_Library/Class/MSC/Src/usbh_msc_bot.c ****   *         same to upper layer.
 565:Middlewares/ST/STM32_USB_Host_Library/Class/MSC/Src/usbh_msc_bot.c ****   * @param  phost: Host handle
 566:Middlewares/ST/STM32_USB_Host_Library/Class/MSC/Src/usbh_msc_bot.c ****   * @retval USBH Status
 567:Middlewares/ST/STM32_USB_Host_Library/Class/MSC/Src/usbh_msc_bot.c ****   * @notes
 568:Middlewares/ST/STM32_USB_Host_Library/Class/MSC/Src/usbh_msc_bot.c ****   *     Refer to USB Mass-Storage Class : BOT (www.usb.org)
 569:Middlewares/ST/STM32_USB_Host_Library/Class/MSC/Src/usbh_msc_bot.c ****   *    6.3.1 Valid CSW Conditions :
 570:Middlewares/ST/STM32_USB_Host_Library/Class/MSC/Src/usbh_msc_bot.c ****   *     The host shall consider the CSW valid when:
 571:Middlewares/ST/STM32_USB_Host_Library/Class/MSC/Src/usbh_msc_bot.c ****   *     1. dCSWSignature is equal to 53425355h
 572:Middlewares/ST/STM32_USB_Host_Library/Class/MSC/Src/usbh_msc_bot.c ****   *     2. the CSW is 13 (Dh) bytes in length,
 573:Middlewares/ST/STM32_USB_Host_Library/Class/MSC/Src/usbh_msc_bot.c ****   *     3. dCSWTag matches the dCBWTag from the corresponding CBW.
 574:Middlewares/ST/STM32_USB_Host_Library/Class/MSC/Src/usbh_msc_bot.c ****   */
 575:Middlewares/ST/STM32_USB_Host_Library/Class/MSC/Src/usbh_msc_bot.c **** 
 576:Middlewares/ST/STM32_USB_Host_Library/Class/MSC/Src/usbh_msc_bot.c **** static BOT_CSWStatusTypeDef USBH_MSC_DecodeCSW(USBH_HandleTypeDef *phost)
 577:Middlewares/ST/STM32_USB_Host_Library/Class/MSC/Src/usbh_msc_bot.c **** {
  29              		.loc 1 577 1 view -0
  30              		.cfi_startproc
  31              		@ args = 0, pretend = 0, frame = 0
  32              		@ frame_needed = 0, uses_anonymous_args = 0
  33              		.loc 1 577 1 is_stmt 0 view .LVU1
  34 0000 10B5     		push	{r4, lr}
  35              		.cfi_def_cfa_offset 8
  36              		.cfi_offset 4, -8
  37              		.cfi_offset 14, -4
 578:Middlewares/ST/STM32_USB_Host_Library/Class/MSC/Src/usbh_msc_bot.c ****   MSC_HandleTypeDef *MSC_Handle = (MSC_HandleTypeDef *) phost->pActiveClass->pData;
  38              		.loc 1 578 3 is_stmt 1 view .LVU2
  39              		.loc 1 578 62 is_stmt 0 view .LVU3
  40 0002 D0F87C33 		ldr	r3, [r0, #892]
  41              		.loc 1 578 22 view .LVU4
  42 0006 DC69     		ldr	r4, [r3, #28]
  43              	.LVL1:
 579:Middlewares/ST/STM32_USB_Host_Library/Class/MSC/Src/usbh_msc_bot.c ****   BOT_CSWStatusTypeDef status = BOT_CSW_CMD_FAILED;
  44              		.loc 1 579 3 is_stmt 1 view .LVU5
 580:Middlewares/ST/STM32_USB_Host_Library/Class/MSC/Src/usbh_msc_bot.c **** 
 581:Middlewares/ST/STM32_USB_Host_Library/Class/MSC/Src/usbh_msc_bot.c ****   /*Checking if the transfer length is different than 13*/
 582:Middlewares/ST/STM32_USB_Host_Library/Class/MSC/Src/usbh_msc_bot.c ****   if (USBH_LL_GetLastXferSize(phost, MSC_Handle->InPipe) != BOT_CSW_LENGTH)
  45              		.loc 1 582 3 view .LVU6
  46              		.loc 1 582 7 is_stmt 0 view .LVU7
ARM GAS  /tmp/cc6ryS53.s 			page 12


  47 0008 2179     		ldrb	r1, [r4, #4]	@ zero_extendqisi2
  48 000a FFF7FEFF 		bl	USBH_LL_GetLastXferSize
  49              	.LVL2:
  50              		.loc 1 582 6 discriminator 1 view .LVU8
  51 000e 0D28     		cmp	r0, #13
  52 0010 01D0     		beq	.L7
 583:Middlewares/ST/STM32_USB_Host_Library/Class/MSC/Src/usbh_msc_bot.c ****   {
 584:Middlewares/ST/STM32_USB_Host_Library/Class/MSC/Src/usbh_msc_bot.c ****     /*(4) Hi > Dn (Host expects to receive data from the device,
 585:Middlewares/ST/STM32_USB_Host_Library/Class/MSC/Src/usbh_msc_bot.c ****     Device intends to transfer no data)
 586:Middlewares/ST/STM32_USB_Host_Library/Class/MSC/Src/usbh_msc_bot.c ****     (5) Hi > Di (Host expects to receive data from the device,
 587:Middlewares/ST/STM32_USB_Host_Library/Class/MSC/Src/usbh_msc_bot.c ****     Device intends to send data to the host)
 588:Middlewares/ST/STM32_USB_Host_Library/Class/MSC/Src/usbh_msc_bot.c ****     (9) Ho > Dn (Host expects to send data to the device,
 589:Middlewares/ST/STM32_USB_Host_Library/Class/MSC/Src/usbh_msc_bot.c ****     Device intends to transfer no data)
 590:Middlewares/ST/STM32_USB_Host_Library/Class/MSC/Src/usbh_msc_bot.c ****     (11) Ho > Do  (Host expects to send data to the device,
 591:Middlewares/ST/STM32_USB_Host_Library/Class/MSC/Src/usbh_msc_bot.c ****     Device intends to receive data from the host)*/
 592:Middlewares/ST/STM32_USB_Host_Library/Class/MSC/Src/usbh_msc_bot.c **** 
 593:Middlewares/ST/STM32_USB_Host_Library/Class/MSC/Src/usbh_msc_bot.c **** 
 594:Middlewares/ST/STM32_USB_Host_Library/Class/MSC/Src/usbh_msc_bot.c ****     status = BOT_CSW_PHASE_ERROR;
  53              		.loc 1 594 12 view .LVU9
  54 0012 0220     		movs	r0, #2
  55              	.L2:
  56              	.LVL3:
 595:Middlewares/ST/STM32_USB_Host_Library/Class/MSC/Src/usbh_msc_bot.c ****   }
 596:Middlewares/ST/STM32_USB_Host_Library/Class/MSC/Src/usbh_msc_bot.c ****   else
 597:Middlewares/ST/STM32_USB_Host_Library/Class/MSC/Src/usbh_msc_bot.c ****   {
 598:Middlewares/ST/STM32_USB_Host_Library/Class/MSC/Src/usbh_msc_bot.c ****     /* CSW length is Correct */
 599:Middlewares/ST/STM32_USB_Host_Library/Class/MSC/Src/usbh_msc_bot.c **** 
 600:Middlewares/ST/STM32_USB_Host_Library/Class/MSC/Src/usbh_msc_bot.c ****     /* Check validity of the CSW Signature and CSWStatus */
 601:Middlewares/ST/STM32_USB_Host_Library/Class/MSC/Src/usbh_msc_bot.c ****     if (MSC_Handle->hbot.csw.field.Signature == BOT_CSW_SIGNATURE)
 602:Middlewares/ST/STM32_USB_Host_Library/Class/MSC/Src/usbh_msc_bot.c ****     {
 603:Middlewares/ST/STM32_USB_Host_Library/Class/MSC/Src/usbh_msc_bot.c ****       /* Check Condition 1. dCSWSignature is equal to 53425355h */
 604:Middlewares/ST/STM32_USB_Host_Library/Class/MSC/Src/usbh_msc_bot.c **** 
 605:Middlewares/ST/STM32_USB_Host_Library/Class/MSC/Src/usbh_msc_bot.c ****       if (MSC_Handle->hbot.csw.field.Tag == MSC_Handle->hbot.cbw.field.Tag)
 606:Middlewares/ST/STM32_USB_Host_Library/Class/MSC/Src/usbh_msc_bot.c ****       {
 607:Middlewares/ST/STM32_USB_Host_Library/Class/MSC/Src/usbh_msc_bot.c ****         /* Check Condition 3. dCSWTag matches the dCBWTag from the
 608:Middlewares/ST/STM32_USB_Host_Library/Class/MSC/Src/usbh_msc_bot.c ****         corresponding CBW */
 609:Middlewares/ST/STM32_USB_Host_Library/Class/MSC/Src/usbh_msc_bot.c **** 
 610:Middlewares/ST/STM32_USB_Host_Library/Class/MSC/Src/usbh_msc_bot.c ****         if (MSC_Handle->hbot.csw.field.Status == 0U)
 611:Middlewares/ST/STM32_USB_Host_Library/Class/MSC/Src/usbh_msc_bot.c ****         {
 612:Middlewares/ST/STM32_USB_Host_Library/Class/MSC/Src/usbh_msc_bot.c ****           /* Refer to USB Mass-Storage Class : BOT (www.usb.org)
 613:Middlewares/ST/STM32_USB_Host_Library/Class/MSC/Src/usbh_msc_bot.c **** 
 614:Middlewares/ST/STM32_USB_Host_Library/Class/MSC/Src/usbh_msc_bot.c ****           Hn Host expects no data transfers
 615:Middlewares/ST/STM32_USB_Host_Library/Class/MSC/Src/usbh_msc_bot.c ****           Hi Host expects to receive data from the device
 616:Middlewares/ST/STM32_USB_Host_Library/Class/MSC/Src/usbh_msc_bot.c ****           Ho Host expects to send data to the device
 617:Middlewares/ST/STM32_USB_Host_Library/Class/MSC/Src/usbh_msc_bot.c **** 
 618:Middlewares/ST/STM32_USB_Host_Library/Class/MSC/Src/usbh_msc_bot.c ****           Dn Device intends to transfer no data
 619:Middlewares/ST/STM32_USB_Host_Library/Class/MSC/Src/usbh_msc_bot.c ****           Di Device intends to send data to the host
 620:Middlewares/ST/STM32_USB_Host_Library/Class/MSC/Src/usbh_msc_bot.c ****           Do Device intends to receive data from the host
 621:Middlewares/ST/STM32_USB_Host_Library/Class/MSC/Src/usbh_msc_bot.c **** 
 622:Middlewares/ST/STM32_USB_Host_Library/Class/MSC/Src/usbh_msc_bot.c ****           Section 6.7
 623:Middlewares/ST/STM32_USB_Host_Library/Class/MSC/Src/usbh_msc_bot.c ****           (1) Hn = Dn (Host expects no data transfers,
 624:Middlewares/ST/STM32_USB_Host_Library/Class/MSC/Src/usbh_msc_bot.c ****           Device intends to transfer no data)
 625:Middlewares/ST/STM32_USB_Host_Library/Class/MSC/Src/usbh_msc_bot.c ****           (6) Hi = Di (Host expects to receive data from the device,
 626:Middlewares/ST/STM32_USB_Host_Library/Class/MSC/Src/usbh_msc_bot.c ****           Device intends to send data to the host)
 627:Middlewares/ST/STM32_USB_Host_Library/Class/MSC/Src/usbh_msc_bot.c ****           (12) Ho = Do (Host expects to send data to the device,
 628:Middlewares/ST/STM32_USB_Host_Library/Class/MSC/Src/usbh_msc_bot.c ****           Device intends to receive data from the host)
 629:Middlewares/ST/STM32_USB_Host_Library/Class/MSC/Src/usbh_msc_bot.c **** 
ARM GAS  /tmp/cc6ryS53.s 			page 13


 630:Middlewares/ST/STM32_USB_Host_Library/Class/MSC/Src/usbh_msc_bot.c ****           */
 631:Middlewares/ST/STM32_USB_Host_Library/Class/MSC/Src/usbh_msc_bot.c **** 
 632:Middlewares/ST/STM32_USB_Host_Library/Class/MSC/Src/usbh_msc_bot.c ****           status = BOT_CSW_CMD_PASSED;
 633:Middlewares/ST/STM32_USB_Host_Library/Class/MSC/Src/usbh_msc_bot.c ****         }
 634:Middlewares/ST/STM32_USB_Host_Library/Class/MSC/Src/usbh_msc_bot.c ****         else if (MSC_Handle->hbot.csw.field.Status == 1U)
 635:Middlewares/ST/STM32_USB_Host_Library/Class/MSC/Src/usbh_msc_bot.c ****         {
 636:Middlewares/ST/STM32_USB_Host_Library/Class/MSC/Src/usbh_msc_bot.c ****           status = BOT_CSW_CMD_FAILED;
 637:Middlewares/ST/STM32_USB_Host_Library/Class/MSC/Src/usbh_msc_bot.c ****         }
 638:Middlewares/ST/STM32_USB_Host_Library/Class/MSC/Src/usbh_msc_bot.c **** 
 639:Middlewares/ST/STM32_USB_Host_Library/Class/MSC/Src/usbh_msc_bot.c ****         else if (MSC_Handle->hbot.csw.field.Status == 2U)
 640:Middlewares/ST/STM32_USB_Host_Library/Class/MSC/Src/usbh_msc_bot.c ****         {
 641:Middlewares/ST/STM32_USB_Host_Library/Class/MSC/Src/usbh_msc_bot.c ****           /* Refer to USB Mass-Storage Class : BOT (www.usb.org)
 642:Middlewares/ST/STM32_USB_Host_Library/Class/MSC/Src/usbh_msc_bot.c ****           Section 6.7
 643:Middlewares/ST/STM32_USB_Host_Library/Class/MSC/Src/usbh_msc_bot.c ****           (2) Hn < Di ( Host expects no data transfers,
 644:Middlewares/ST/STM32_USB_Host_Library/Class/MSC/Src/usbh_msc_bot.c ****           Device intends to send data to the host)
 645:Middlewares/ST/STM32_USB_Host_Library/Class/MSC/Src/usbh_msc_bot.c ****           (3) Hn < Do ( Host expects no data transfers,
 646:Middlewares/ST/STM32_USB_Host_Library/Class/MSC/Src/usbh_msc_bot.c ****           Device intends to receive data from the host)
 647:Middlewares/ST/STM32_USB_Host_Library/Class/MSC/Src/usbh_msc_bot.c ****           (7) Hi < Di ( Host expects to receive data from the device,
 648:Middlewares/ST/STM32_USB_Host_Library/Class/MSC/Src/usbh_msc_bot.c ****           Device intends to send data to the host)
 649:Middlewares/ST/STM32_USB_Host_Library/Class/MSC/Src/usbh_msc_bot.c ****           (8) Hi <> Do ( Host expects to receive data from the device,
 650:Middlewares/ST/STM32_USB_Host_Library/Class/MSC/Src/usbh_msc_bot.c ****           Device intends to receive data from the host)
 651:Middlewares/ST/STM32_USB_Host_Library/Class/MSC/Src/usbh_msc_bot.c ****           (10) Ho <> Di (Host expects to send data to the device,
 652:Middlewares/ST/STM32_USB_Host_Library/Class/MSC/Src/usbh_msc_bot.c ****           Di Device intends to send data to the host)
 653:Middlewares/ST/STM32_USB_Host_Library/Class/MSC/Src/usbh_msc_bot.c ****           (13) Ho < Do (Host expects to send data to the device,
 654:Middlewares/ST/STM32_USB_Host_Library/Class/MSC/Src/usbh_msc_bot.c ****           Device intends to receive data from the host)
 655:Middlewares/ST/STM32_USB_Host_Library/Class/MSC/Src/usbh_msc_bot.c ****           */
 656:Middlewares/ST/STM32_USB_Host_Library/Class/MSC/Src/usbh_msc_bot.c **** 
 657:Middlewares/ST/STM32_USB_Host_Library/Class/MSC/Src/usbh_msc_bot.c ****           status = BOT_CSW_PHASE_ERROR;
 658:Middlewares/ST/STM32_USB_Host_Library/Class/MSC/Src/usbh_msc_bot.c ****         }
 659:Middlewares/ST/STM32_USB_Host_Library/Class/MSC/Src/usbh_msc_bot.c ****         else
 660:Middlewares/ST/STM32_USB_Host_Library/Class/MSC/Src/usbh_msc_bot.c ****         {
 661:Middlewares/ST/STM32_USB_Host_Library/Class/MSC/Src/usbh_msc_bot.c ****         }
 662:Middlewares/ST/STM32_USB_Host_Library/Class/MSC/Src/usbh_msc_bot.c ****       } /* CSW Tag Matching is Checked  */
 663:Middlewares/ST/STM32_USB_Host_Library/Class/MSC/Src/usbh_msc_bot.c ****     } /* CSW Signature Correct Checking */
 664:Middlewares/ST/STM32_USB_Host_Library/Class/MSC/Src/usbh_msc_bot.c ****     else
 665:Middlewares/ST/STM32_USB_Host_Library/Class/MSC/Src/usbh_msc_bot.c ****     {
 666:Middlewares/ST/STM32_USB_Host_Library/Class/MSC/Src/usbh_msc_bot.c ****       /* If the CSW Signature is not valid, We sall return the Phase Error to
 667:Middlewares/ST/STM32_USB_Host_Library/Class/MSC/Src/usbh_msc_bot.c ****       Upper Layers for Reset Recovery */
 668:Middlewares/ST/STM32_USB_Host_Library/Class/MSC/Src/usbh_msc_bot.c **** 
 669:Middlewares/ST/STM32_USB_Host_Library/Class/MSC/Src/usbh_msc_bot.c ****       status = BOT_CSW_PHASE_ERROR;
 670:Middlewares/ST/STM32_USB_Host_Library/Class/MSC/Src/usbh_msc_bot.c ****     }
 671:Middlewares/ST/STM32_USB_Host_Library/Class/MSC/Src/usbh_msc_bot.c ****   } /* CSW Length Check*/
 672:Middlewares/ST/STM32_USB_Host_Library/Class/MSC/Src/usbh_msc_bot.c **** 
 673:Middlewares/ST/STM32_USB_Host_Library/Class/MSC/Src/usbh_msc_bot.c ****   return status;
  57              		.loc 1 673 3 is_stmt 1 view .LVU10
 674:Middlewares/ST/STM32_USB_Host_Library/Class/MSC/Src/usbh_msc_bot.c **** }
  58              		.loc 1 674 1 is_stmt 0 view .LVU11
  59 0014 10BD     		pop	{r4, pc}
  60              	.LVL4:
  61              	.L7:
 601:Middlewares/ST/STM32_USB_Host_Library/Class/MSC/Src/usbh_msc_bot.c ****     {
  62              		.loc 1 601 5 is_stmt 1 view .LVU12
 601:Middlewares/ST/STM32_USB_Host_Library/Class/MSC/Src/usbh_msc_bot.c ****     {
  63              		.loc 1 601 35 is_stmt 0 view .LVU13
  64 0016 A26F     		ldr	r2, [r4, #120]
 601:Middlewares/ST/STM32_USB_Host_Library/Class/MSC/Src/usbh_msc_bot.c ****     {
  65              		.loc 1 601 8 view .LVU14
ARM GAS  /tmp/cc6ryS53.s 			page 14


  66 0018 0A4B     		ldr	r3, .L10
  67 001a 9A42     		cmp	r2, r3
  68 001c 01D0     		beq	.L8
 669:Middlewares/ST/STM32_USB_Host_Library/Class/MSC/Src/usbh_msc_bot.c ****     }
  69              		.loc 1 669 14 view .LVU15
  70 001e 0220     		movs	r0, #2
  71 0020 F8E7     		b	.L2
  72              	.L8:
 605:Middlewares/ST/STM32_USB_Host_Library/Class/MSC/Src/usbh_msc_bot.c ****       {
  73              		.loc 1 605 7 is_stmt 1 view .LVU16
 605:Middlewares/ST/STM32_USB_Host_Library/Class/MSC/Src/usbh_msc_bot.c ****       {
  74              		.loc 1 605 37 is_stmt 0 view .LVU17
  75 0022 E26F     		ldr	r2, [r4, #124]
 605:Middlewares/ST/STM32_USB_Host_Library/Class/MSC/Src/usbh_msc_bot.c ****       {
  76              		.loc 1 605 71 view .LVU18
  77 0024 A36D     		ldr	r3, [r4, #88]
 605:Middlewares/ST/STM32_USB_Host_Library/Class/MSC/Src/usbh_msc_bot.c ****       {
  78              		.loc 1 605 10 view .LVU19
  79 0026 9A42     		cmp	r2, r3
  80 0028 01D0     		beq	.L9
 579:Middlewares/ST/STM32_USB_Host_Library/Class/MSC/Src/usbh_msc_bot.c **** 
  81              		.loc 1 579 24 view .LVU20
  82 002a 0120     		movs	r0, #1
  83 002c F2E7     		b	.L2
  84              	.L9:
 610:Middlewares/ST/STM32_USB_Host_Library/Class/MSC/Src/usbh_msc_bot.c ****         {
  85              		.loc 1 610 9 is_stmt 1 view .LVU21
 610:Middlewares/ST/STM32_USB_Host_Library/Class/MSC/Src/usbh_msc_bot.c ****         {
  86              		.loc 1 610 39 is_stmt 0 view .LVU22
  87 002e 94F88400 		ldrb	r0, [r4, #132]	@ zero_extendqisi2
 610:Middlewares/ST/STM32_USB_Host_Library/Class/MSC/Src/usbh_msc_bot.c ****         {
  88              		.loc 1 610 12 view .LVU23
  89 0032 0028     		cmp	r0, #0
  90 0034 EED0     		beq	.L2
 634:Middlewares/ST/STM32_USB_Host_Library/Class/MSC/Src/usbh_msc_bot.c ****         {
  91              		.loc 1 634 14 is_stmt 1 view .LVU24
 634:Middlewares/ST/STM32_USB_Host_Library/Class/MSC/Src/usbh_msc_bot.c ****         {
  92              		.loc 1 634 17 is_stmt 0 view .LVU25
  93 0036 0128     		cmp	r0, #1
  94 0038 ECD0     		beq	.L2
 639:Middlewares/ST/STM32_USB_Host_Library/Class/MSC/Src/usbh_msc_bot.c ****         {
  95              		.loc 1 639 14 is_stmt 1 view .LVU26
 639:Middlewares/ST/STM32_USB_Host_Library/Class/MSC/Src/usbh_msc_bot.c ****         {
  96              		.loc 1 639 17 is_stmt 0 view .LVU27
  97 003a 0228     		cmp	r0, #2
  98 003c EAD0     		beq	.L2
 579:Middlewares/ST/STM32_USB_Host_Library/Class/MSC/Src/usbh_msc_bot.c **** 
  99              		.loc 1 579 24 view .LVU28
 100 003e 0120     		movs	r0, #1
 101 0040 E8E7     		b	.L2
 102              	.L11:
 103 0042 00BF     		.align	2
 104              	.L10:
 105 0044 55534253 		.word	1396855637
 106              		.cfi_endproc
 107              	.LFE224:
 109              		.section	.text.USBH_MSC_BOT_Abort,"ax",%progbits
ARM GAS  /tmp/cc6ryS53.s 			page 15


 110              		.align	1
 111              		.syntax unified
 112              		.thumb
 113              		.thumb_func
 115              	USBH_MSC_BOT_Abort:
 116              	.LVL5:
 117              	.LFB223:
 535:Middlewares/ST/STM32_USB_Host_Library/Class/MSC/Src/usbh_msc_bot.c ****   /* Prevent unused argument(s) compilation warning */
 118              		.loc 1 535 1 is_stmt 1 view -0
 119              		.cfi_startproc
 120              		@ args = 0, pretend = 0, frame = 0
 121              		@ frame_needed = 0, uses_anonymous_args = 0
 535:Middlewares/ST/STM32_USB_Host_Library/Class/MSC/Src/usbh_msc_bot.c ****   /* Prevent unused argument(s) compilation warning */
 122              		.loc 1 535 1 is_stmt 0 view .LVU30
 123 0000 08B5     		push	{r3, lr}
 124              		.cfi_def_cfa_offset 8
 125              		.cfi_offset 3, -8
 126              		.cfi_offset 14, -4
 537:Middlewares/ST/STM32_USB_Host_Library/Class/MSC/Src/usbh_msc_bot.c **** 
 127              		.loc 1 537 3 is_stmt 1 view .LVU31
 539:Middlewares/ST/STM32_USB_Host_Library/Class/MSC/Src/usbh_msc_bot.c ****   MSC_HandleTypeDef *MSC_Handle = (MSC_HandleTypeDef *) phost->pActiveClass->pData;
 128              		.loc 1 539 3 view .LVU32
 129              	.LVL6:
 540:Middlewares/ST/STM32_USB_Host_Library/Class/MSC/Src/usbh_msc_bot.c **** 
 130              		.loc 1 540 3 view .LVU33
 540:Middlewares/ST/STM32_USB_Host_Library/Class/MSC/Src/usbh_msc_bot.c **** 
 131              		.loc 1 540 62 is_stmt 0 view .LVU34
 132 0002 D0F87C33 		ldr	r3, [r0, #892]
 540:Middlewares/ST/STM32_USB_Host_Library/Class/MSC/Src/usbh_msc_bot.c **** 
 133              		.loc 1 540 22 view .LVU35
 134 0006 DB69     		ldr	r3, [r3, #28]
 135              	.LVL7:
 542:Middlewares/ST/STM32_USB_Host_Library/Class/MSC/Src/usbh_msc_bot.c ****   {
 136              		.loc 1 542 3 is_stmt 1 view .LVU36
 137 0008 1AB1     		cbz	r2, .L13
 138 000a 012A     		cmp	r2, #1
 139 000c 05D0     		beq	.L14
 140 000e 0220     		movs	r0, #2
 141              	.LVL8:
 542:Middlewares/ST/STM32_USB_Host_Library/Class/MSC/Src/usbh_msc_bot.c ****   {
 142              		.loc 1 542 3 is_stmt 0 view .LVU37
 143 0010 02E0     		b	.L15
 144              	.LVL9:
 145              	.L13:
 546:Middlewares/ST/STM32_USB_Host_Library/Class/MSC/Src/usbh_msc_bot.c **** 
 146              		.loc 1 546 7 is_stmt 1 view .LVU38
 546:Middlewares/ST/STM32_USB_Host_Library/Class/MSC/Src/usbh_msc_bot.c **** 
 147              		.loc 1 546 16 is_stmt 0 view .LVU39
 148 0012 D979     		ldrb	r1, [r3, #7]	@ zero_extendqisi2
 149              	.LVL10:
 546:Middlewares/ST/STM32_USB_Host_Library/Class/MSC/Src/usbh_msc_bot.c **** 
 150              		.loc 1 546 16 view .LVU40
 151 0014 FFF7FEFF 		bl	USBH_ClrFeature
 152              	.LVL11:
 548:Middlewares/ST/STM32_USB_Host_Library/Class/MSC/Src/usbh_msc_bot.c **** 
 153              		.loc 1 548 7 is_stmt 1 view .LVU41
 154              	.L15:
ARM GAS  /tmp/cc6ryS53.s 			page 16


 558:Middlewares/ST/STM32_USB_Host_Library/Class/MSC/Src/usbh_msc_bot.c **** }
 155              		.loc 1 558 3 view .LVU42
 559:Middlewares/ST/STM32_USB_Host_Library/Class/MSC/Src/usbh_msc_bot.c **** 
 156              		.loc 1 559 1 is_stmt 0 view .LVU43
 157 0018 08BD     		pop	{r3, pc}
 158              	.LVL12:
 159              	.L14:
 552:Middlewares/ST/STM32_USB_Host_Library/Class/MSC/Src/usbh_msc_bot.c ****       break;
 160              		.loc 1 552 7 is_stmt 1 view .LVU44
 552:Middlewares/ST/STM32_USB_Host_Library/Class/MSC/Src/usbh_msc_bot.c ****       break;
 161              		.loc 1 552 16 is_stmt 0 view .LVU45
 162 001a 9979     		ldrb	r1, [r3, #6]	@ zero_extendqisi2
 163              	.LVL13:
 552:Middlewares/ST/STM32_USB_Host_Library/Class/MSC/Src/usbh_msc_bot.c ****       break;
 164              		.loc 1 552 16 view .LVU46
 165 001c FFF7FEFF 		bl	USBH_ClrFeature
 166              	.LVL14:
 553:Middlewares/ST/STM32_USB_Host_Library/Class/MSC/Src/usbh_msc_bot.c **** 
 167              		.loc 1 553 7 is_stmt 1 view .LVU47
 168 0020 FAE7     		b	.L15
 169              		.cfi_endproc
 170              	.LFE223:
 172              		.section	.text.USBH_MSC_BOT_REQ_Reset,"ax",%progbits
 173              		.align	1
 174              		.global	USBH_MSC_BOT_REQ_Reset
 175              		.syntax unified
 176              		.thumb
 177              		.thumb_func
 179              	USBH_MSC_BOT_REQ_Reset:
 180              	.LVL15:
 181              	.LFB219:
 109:Middlewares/ST/STM32_USB_Host_Library/Class/MSC/Src/usbh_msc_bot.c **** 
 182              		.loc 1 109 1 view -0
 183              		.cfi_startproc
 184              		@ args = 0, pretend = 0, frame = 0
 185              		@ frame_needed = 0, uses_anonymous_args = 0
 109:Middlewares/ST/STM32_USB_Host_Library/Class/MSC/Src/usbh_msc_bot.c **** 
 186              		.loc 1 109 1 is_stmt 0 view .LVU49
 187 0000 08B5     		push	{r3, lr}
 188              		.cfi_def_cfa_offset 8
 189              		.cfi_offset 3, -8
 190              		.cfi_offset 14, -4
 111:Middlewares/ST/STM32_USB_Host_Library/Class/MSC/Src/usbh_msc_bot.c ****                                          | USB_REQ_RECIPIENT_INTERFACE;
 191              		.loc 1 111 3 is_stmt 1 view .LVU50
 111:Middlewares/ST/STM32_USB_Host_Library/Class/MSC/Src/usbh_msc_bot.c ****                                          | USB_REQ_RECIPIENT_INTERFACE;
 192              		.loc 1 111 40 is_stmt 0 view .LVU51
 193 0002 2122     		movs	r2, #33
 194 0004 0274     		strb	r2, [r0, #16]
 114:Middlewares/ST/STM32_USB_Host_Library/Class/MSC/Src/usbh_msc_bot.c ****   phost->Control.setup.b.wValue.w = 0U;
 195              		.loc 1 114 3 is_stmt 1 view .LVU52
 114:Middlewares/ST/STM32_USB_Host_Library/Class/MSC/Src/usbh_msc_bot.c ****   phost->Control.setup.b.wValue.w = 0U;
 196              		.loc 1 114 35 is_stmt 0 view .LVU53
 197 0006 FF22     		movs	r2, #255
 198 0008 4274     		strb	r2, [r0, #17]
 115:Middlewares/ST/STM32_USB_Host_Library/Class/MSC/Src/usbh_msc_bot.c ****   phost->Control.setup.b.wIndex.w = 0U;
 199              		.loc 1 115 3 is_stmt 1 view .LVU54
 115:Middlewares/ST/STM32_USB_Host_Library/Class/MSC/Src/usbh_msc_bot.c ****   phost->Control.setup.b.wIndex.w = 0U;
ARM GAS  /tmp/cc6ryS53.s 			page 17


 200              		.loc 1 115 35 is_stmt 0 view .LVU55
 201 000a 0021     		movs	r1, #0
 202 000c 4182     		strh	r1, [r0, #18]	@ movhi
 116:Middlewares/ST/STM32_USB_Host_Library/Class/MSC/Src/usbh_msc_bot.c ****   phost->Control.setup.b.wLength.w = 0U;
 203              		.loc 1 116 3 is_stmt 1 view .LVU56
 116:Middlewares/ST/STM32_USB_Host_Library/Class/MSC/Src/usbh_msc_bot.c ****   phost->Control.setup.b.wLength.w = 0U;
 204              		.loc 1 116 35 is_stmt 0 view .LVU57
 205 000e 8182     		strh	r1, [r0, #20]	@ movhi
 117:Middlewares/ST/STM32_USB_Host_Library/Class/MSC/Src/usbh_msc_bot.c **** 
 206              		.loc 1 117 3 is_stmt 1 view .LVU58
 117:Middlewares/ST/STM32_USB_Host_Library/Class/MSC/Src/usbh_msc_bot.c **** 
 207              		.loc 1 117 36 is_stmt 0 view .LVU59
 208 0010 C182     		strh	r1, [r0, #22]	@ movhi
 119:Middlewares/ST/STM32_USB_Host_Library/Class/MSC/Src/usbh_msc_bot.c **** }
 209              		.loc 1 119 3 is_stmt 1 view .LVU60
 119:Middlewares/ST/STM32_USB_Host_Library/Class/MSC/Src/usbh_msc_bot.c **** }
 210              		.loc 1 119 10 is_stmt 0 view .LVU61
 211 0012 0A46     		mov	r2, r1
 212 0014 FFF7FEFF 		bl	USBH_CtlReq
 213              	.LVL16:
 120:Middlewares/ST/STM32_USB_Host_Library/Class/MSC/Src/usbh_msc_bot.c **** 
 214              		.loc 1 120 1 view .LVU62
 215 0018 08BD     		pop	{r3, pc}
 216              		.cfi_endproc
 217              	.LFE219:
 219              		.section	.text.USBH_MSC_BOT_REQ_GetMaxLUN,"ax",%progbits
 220              		.align	1
 221              		.global	USBH_MSC_BOT_REQ_GetMaxLUN
 222              		.syntax unified
 223              		.thumb
 224              		.thumb_func
 226              	USBH_MSC_BOT_REQ_GetMaxLUN:
 227              	.LVL17:
 228              	.LFB220:
 130:Middlewares/ST/STM32_USB_Host_Library/Class/MSC/Src/usbh_msc_bot.c ****   phost->Control.setup.b.bmRequestType = USB_D2H | USB_REQ_TYPE_CLASS
 229              		.loc 1 130 1 is_stmt 1 view -0
 230              		.cfi_startproc
 231              		@ args = 0, pretend = 0, frame = 0
 232              		@ frame_needed = 0, uses_anonymous_args = 0
 130:Middlewares/ST/STM32_USB_Host_Library/Class/MSC/Src/usbh_msc_bot.c ****   phost->Control.setup.b.bmRequestType = USB_D2H | USB_REQ_TYPE_CLASS
 233              		.loc 1 130 1 is_stmt 0 view .LVU64
 234 0000 08B5     		push	{r3, lr}
 235              		.cfi_def_cfa_offset 8
 236              		.cfi_offset 3, -8
 237              		.cfi_offset 14, -4
 131:Middlewares/ST/STM32_USB_Host_Library/Class/MSC/Src/usbh_msc_bot.c ****                                          | USB_REQ_RECIPIENT_INTERFACE;
 238              		.loc 1 131 3 is_stmt 1 view .LVU65
 131:Middlewares/ST/STM32_USB_Host_Library/Class/MSC/Src/usbh_msc_bot.c ****                                          | USB_REQ_RECIPIENT_INTERFACE;
 239              		.loc 1 131 40 is_stmt 0 view .LVU66
 240 0002 A122     		movs	r2, #161
 241 0004 0274     		strb	r2, [r0, #16]
 134:Middlewares/ST/STM32_USB_Host_Library/Class/MSC/Src/usbh_msc_bot.c ****   phost->Control.setup.b.wValue.w = 0U;
 242              		.loc 1 134 3 is_stmt 1 view .LVU67
 134:Middlewares/ST/STM32_USB_Host_Library/Class/MSC/Src/usbh_msc_bot.c ****   phost->Control.setup.b.wValue.w = 0U;
 243              		.loc 1 134 35 is_stmt 0 view .LVU68
 244 0006 FE22     		movs	r2, #254
 245 0008 4274     		strb	r2, [r0, #17]
ARM GAS  /tmp/cc6ryS53.s 			page 18


 135:Middlewares/ST/STM32_USB_Host_Library/Class/MSC/Src/usbh_msc_bot.c ****   phost->Control.setup.b.wIndex.w = 0U;
 246              		.loc 1 135 3 is_stmt 1 view .LVU69
 135:Middlewares/ST/STM32_USB_Host_Library/Class/MSC/Src/usbh_msc_bot.c ****   phost->Control.setup.b.wIndex.w = 0U;
 247              		.loc 1 135 35 is_stmt 0 view .LVU70
 248 000a 0022     		movs	r2, #0
 249 000c 4282     		strh	r2, [r0, #18]	@ movhi
 136:Middlewares/ST/STM32_USB_Host_Library/Class/MSC/Src/usbh_msc_bot.c ****   phost->Control.setup.b.wLength.w = 1U;
 250              		.loc 1 136 3 is_stmt 1 view .LVU71
 136:Middlewares/ST/STM32_USB_Host_Library/Class/MSC/Src/usbh_msc_bot.c ****   phost->Control.setup.b.wLength.w = 1U;
 251              		.loc 1 136 35 is_stmt 0 view .LVU72
 252 000e 8282     		strh	r2, [r0, #20]	@ movhi
 137:Middlewares/ST/STM32_USB_Host_Library/Class/MSC/Src/usbh_msc_bot.c **** 
 253              		.loc 1 137 3 is_stmt 1 view .LVU73
 137:Middlewares/ST/STM32_USB_Host_Library/Class/MSC/Src/usbh_msc_bot.c **** 
 254              		.loc 1 137 36 is_stmt 0 view .LVU74
 255 0010 0122     		movs	r2, #1
 256 0012 C282     		strh	r2, [r0, #22]	@ movhi
 139:Middlewares/ST/STM32_USB_Host_Library/Class/MSC/Src/usbh_msc_bot.c **** }
 257              		.loc 1 139 3 is_stmt 1 view .LVU75
 139:Middlewares/ST/STM32_USB_Host_Library/Class/MSC/Src/usbh_msc_bot.c **** }
 258              		.loc 1 139 10 is_stmt 0 view .LVU76
 259 0014 FFF7FEFF 		bl	USBH_CtlReq
 260              	.LVL18:
 140:Middlewares/ST/STM32_USB_Host_Library/Class/MSC/Src/usbh_msc_bot.c **** 
 261              		.loc 1 140 1 view .LVU77
 262 0018 08BD     		pop	{r3, pc}
 263              		.cfi_endproc
 264              	.LFE220:
 266              		.section	.text.USBH_MSC_BOT_Init,"ax",%progbits
 267              		.align	1
 268              		.global	USBH_MSC_BOT_Init
 269              		.syntax unified
 270              		.thumb
 271              		.thumb_func
 273              	USBH_MSC_BOT_Init:
 274              	.LVL19:
 275              	.LFB221:
 151:Middlewares/ST/STM32_USB_Host_Library/Class/MSC/Src/usbh_msc_bot.c **** 
 276              		.loc 1 151 1 is_stmt 1 view -0
 277              		.cfi_startproc
 278              		@ args = 0, pretend = 0, frame = 0
 279              		@ frame_needed = 0, uses_anonymous_args = 0
 280              		@ link register save eliminated.
 153:Middlewares/ST/STM32_USB_Host_Library/Class/MSC/Src/usbh_msc_bot.c **** 
 281              		.loc 1 153 3 view .LVU79
 153:Middlewares/ST/STM32_USB_Host_Library/Class/MSC/Src/usbh_msc_bot.c **** 
 282              		.loc 1 153 62 is_stmt 0 view .LVU80
 283 0000 D0F87C33 		ldr	r3, [r0, #892]
 153:Middlewares/ST/STM32_USB_Host_Library/Class/MSC/Src/usbh_msc_bot.c **** 
 284              		.loc 1 153 22 view .LVU81
 285 0004 DB69     		ldr	r3, [r3, #28]
 286              	.LVL20:
 155:Middlewares/ST/STM32_USB_Host_Library/Class/MSC/Src/usbh_msc_bot.c ****   MSC_Handle->hbot.cbw.field.Tag = BOT_CBW_TAG;
 287              		.loc 1 155 3 is_stmt 1 view .LVU82
 155:Middlewares/ST/STM32_USB_Host_Library/Class/MSC/Src/usbh_msc_bot.c ****   MSC_Handle->hbot.cbw.field.Tag = BOT_CBW_TAG;
 288              		.loc 1 155 40 is_stmt 0 view .LVU83
 289 0006 054A     		ldr	r2, .L22
ARM GAS  /tmp/cc6ryS53.s 			page 19


 290 0008 5A65     		str	r2, [r3, #84]
 156:Middlewares/ST/STM32_USB_Host_Library/Class/MSC/Src/usbh_msc_bot.c ****   MSC_Handle->hbot.state = BOT_SEND_CBW;
 291              		.loc 1 156 3 is_stmt 1 view .LVU84
 156:Middlewares/ST/STM32_USB_Host_Library/Class/MSC/Src/usbh_msc_bot.c ****   MSC_Handle->hbot.state = BOT_SEND_CBW;
 292              		.loc 1 156 34 is_stmt 0 view .LVU85
 293 000a 054A     		ldr	r2, .L22+4
 294 000c 9A65     		str	r2, [r3, #88]
 157:Middlewares/ST/STM32_USB_Host_Library/Class/MSC/Src/usbh_msc_bot.c ****   MSC_Handle->hbot.cmd_state = BOT_CMD_SEND;
 295              		.loc 1 157 3 is_stmt 1 view .LVU86
 157:Middlewares/ST/STM32_USB_Host_Library/Class/MSC/Src/usbh_msc_bot.c ****   MSC_Handle->hbot.cmd_state = BOT_CMD_SEND;
 296              		.loc 1 157 26 is_stmt 0 view .LVU87
 297 000e 0122     		movs	r2, #1
 298 0010 83F85020 		strb	r2, [r3, #80]
 158:Middlewares/ST/STM32_USB_Host_Library/Class/MSC/Src/usbh_msc_bot.c **** 
 299              		.loc 1 158 3 is_stmt 1 view .LVU88
 158:Middlewares/ST/STM32_USB_Host_Library/Class/MSC/Src/usbh_msc_bot.c **** 
 300              		.loc 1 158 30 is_stmt 0 view .LVU89
 301 0014 83F85220 		strb	r2, [r3, #82]
 160:Middlewares/ST/STM32_USB_Host_Library/Class/MSC/Src/usbh_msc_bot.c **** }
 302              		.loc 1 160 3 is_stmt 1 view .LVU90
 161:Middlewares/ST/STM32_USB_Host_Library/Class/MSC/Src/usbh_msc_bot.c **** 
 303              		.loc 1 161 1 is_stmt 0 view .LVU91
 304 0018 0020     		movs	r0, #0
 305              	.LVL21:
 161:Middlewares/ST/STM32_USB_Host_Library/Class/MSC/Src/usbh_msc_bot.c **** 
 306              		.loc 1 161 1 view .LVU92
 307 001a 7047     		bx	lr
 308              	.L23:
 309              		.align	2
 310              	.L22:
 311 001c 55534243 		.word	1128420181
 312 0020 50403020 		.word	540033104
 313              		.cfi_endproc
 314              	.LFE221:
 316              		.section	.text.USBH_MSC_BOT_Process,"ax",%progbits
 317              		.align	1
 318              		.global	USBH_MSC_BOT_Process
 319              		.syntax unified
 320              		.thumb
 321              		.thumb_func
 323              	USBH_MSC_BOT_Process:
 324              	.LVL22:
 325              	.LFB222:
 173:Middlewares/ST/STM32_USB_Host_Library/Class/MSC/Src/usbh_msc_bot.c ****   USBH_StatusTypeDef   status = USBH_BUSY;
 326              		.loc 1 173 1 is_stmt 1 view -0
 327              		.cfi_startproc
 328              		@ args = 0, pretend = 0, frame = 0
 329              		@ frame_needed = 0, uses_anonymous_args = 0
 173:Middlewares/ST/STM32_USB_Host_Library/Class/MSC/Src/usbh_msc_bot.c ****   USBH_StatusTypeDef   status = USBH_BUSY;
 330              		.loc 1 173 1 is_stmt 0 view .LVU94
 331 0000 70B5     		push	{r4, r5, r6, lr}
 332              		.cfi_def_cfa_offset 16
 333              		.cfi_offset 4, -16
 334              		.cfi_offset 5, -12
 335              		.cfi_offset 6, -8
 336              		.cfi_offset 14, -4
 337 0002 82B0     		sub	sp, sp, #8
ARM GAS  /tmp/cc6ryS53.s 			page 20


 338              		.cfi_def_cfa_offset 24
 339 0004 0546     		mov	r5, r0
 174:Middlewares/ST/STM32_USB_Host_Library/Class/MSC/Src/usbh_msc_bot.c ****   USBH_StatusTypeDef   error  = USBH_BUSY;
 340              		.loc 1 174 3 is_stmt 1 view .LVU95
 341              	.LVL23:
 175:Middlewares/ST/STM32_USB_Host_Library/Class/MSC/Src/usbh_msc_bot.c ****   BOT_CSWStatusTypeDef CSW_Status = BOT_CSW_CMD_FAILED;
 342              		.loc 1 175 3 view .LVU96
 176:Middlewares/ST/STM32_USB_Host_Library/Class/MSC/Src/usbh_msc_bot.c ****   USBH_URBStateTypeDef URB_Status = USBH_URB_IDLE;
 343              		.loc 1 176 3 view .LVU97
 177:Middlewares/ST/STM32_USB_Host_Library/Class/MSC/Src/usbh_msc_bot.c ****   MSC_HandleTypeDef *MSC_Handle = (MSC_HandleTypeDef *) phost->pActiveClass->pData;
 344              		.loc 1 177 3 view .LVU98
 178:Middlewares/ST/STM32_USB_Host_Library/Class/MSC/Src/usbh_msc_bot.c ****   uint8_t toggle = 0U;
 345              		.loc 1 178 3 view .LVU99
 178:Middlewares/ST/STM32_USB_Host_Library/Class/MSC/Src/usbh_msc_bot.c ****   uint8_t toggle = 0U;
 346              		.loc 1 178 62 is_stmt 0 view .LVU100
 347 0006 D0F87C33 		ldr	r3, [r0, #892]
 178:Middlewares/ST/STM32_USB_Host_Library/Class/MSC/Src/usbh_msc_bot.c ****   uint8_t toggle = 0U;
 348              		.loc 1 178 22 view .LVU101
 349 000a DE69     		ldr	r6, [r3, #28]
 350              	.LVL24:
 179:Middlewares/ST/STM32_USB_Host_Library/Class/MSC/Src/usbh_msc_bot.c **** 
 351              		.loc 1 179 3 is_stmt 1 view .LVU102
 181:Middlewares/ST/STM32_USB_Host_Library/Class/MSC/Src/usbh_msc_bot.c ****   {
 352              		.loc 1 181 3 view .LVU103
 181:Middlewares/ST/STM32_USB_Host_Library/Class/MSC/Src/usbh_msc_bot.c ****   {
 353              		.loc 1 181 27 is_stmt 0 view .LVU104
 354 000c 96F85040 		ldrb	r4, [r6, #80]	@ zero_extendqisi2
 181:Middlewares/ST/STM32_USB_Host_Library/Class/MSC/Src/usbh_msc_bot.c ****   {
 355              		.loc 1 181 3 view .LVU105
 356 0010 631E     		subs	r3, r4, #1
 357 0012 0A2B     		cmp	r3, #10
 358 0014 00F21D81 		bhi	.L54
 359 0018 DFE813F0 		tbh	[pc, r3, lsl #1]
 360              	.L27:
 361 001c 0B00     		.2byte	(.L37-.L27)/2
 362 001e 1B00     		.2byte	(.L36-.L27)/2
 363 0020 4200     		.2byte	(.L35-.L27)/2
 364 0022 4D00     		.2byte	(.L34-.L27)/2
 365 0024 7700     		.2byte	(.L33-.L27)/2
 366 0026 8300     		.2byte	(.L32-.L27)/2
 367 0028 B600     		.2byte	(.L31-.L27)/2
 368 002a C100     		.2byte	(.L30-.L27)/2
 369 002c DD00     		.2byte	(.L29-.L27)/2
 370 002e EF00     		.2byte	(.L28-.L27)/2
 371 0030 1101     		.2byte	(.L26-.L27)/2
 372              		.p2align 1
 373              	.L37:
 184:Middlewares/ST/STM32_USB_Host_Library/Class/MSC/Src/usbh_msc_bot.c ****       MSC_Handle->hbot.state = BOT_SEND_CBW_WAIT;
 374              		.loc 1 184 7 is_stmt 1 view .LVU106
 184:Middlewares/ST/STM32_USB_Host_Library/Class/MSC/Src/usbh_msc_bot.c ****       MSC_Handle->hbot.state = BOT_SEND_CBW_WAIT;
 375              		.loc 1 184 38 is_stmt 0 view .LVU107
 376 0032 86F86110 		strb	r1, [r6, #97]
 185:Middlewares/ST/STM32_USB_Host_Library/Class/MSC/Src/usbh_msc_bot.c ****       USBH_BulkSendData(phost, MSC_Handle->hbot.cbw.data,
 377              		.loc 1 185 7 is_stmt 1 view .LVU108
 185:Middlewares/ST/STM32_USB_Host_Library/Class/MSC/Src/usbh_msc_bot.c ****       USBH_BulkSendData(phost, MSC_Handle->hbot.cbw.data,
 378              		.loc 1 185 30 is_stmt 0 view .LVU109
 379 0036 0223     		movs	r3, #2
ARM GAS  /tmp/cc6ryS53.s 			page 21


 380 0038 86F85030 		strb	r3, [r6, #80]
 186:Middlewares/ST/STM32_USB_Host_Library/Class/MSC/Src/usbh_msc_bot.c ****                         BOT_CBW_LENGTH, MSC_Handle->OutPipe, 1U);
 381              		.loc 1 186 7 is_stmt 1 view .LVU110
 382 003c 7379     		ldrb	r3, [r6, #5]	@ zero_extendqisi2
 383 003e 0122     		movs	r2, #1
 384 0040 0092     		str	r2, [sp]
 385 0042 1F22     		movs	r2, #31
 386 0044 06F15401 		add	r1, r6, #84
 387              	.LVL25:
 186:Middlewares/ST/STM32_USB_Host_Library/Class/MSC/Src/usbh_msc_bot.c ****                         BOT_CBW_LENGTH, MSC_Handle->OutPipe, 1U);
 388              		.loc 1 186 7 is_stmt 0 view .LVU111
 389 0048 FFF7FEFF 		bl	USBH_BulkSendData
 390              	.LVL26:
 189:Middlewares/ST/STM32_USB_Host_Library/Class/MSC/Src/usbh_msc_bot.c **** 
 391              		.loc 1 189 7 is_stmt 1 view .LVU112
 392              	.L25:
 523:Middlewares/ST/STM32_USB_Host_Library/Class/MSC/Src/usbh_msc_bot.c **** }
 393              		.loc 1 523 3 view .LVU113
 524:Middlewares/ST/STM32_USB_Host_Library/Class/MSC/Src/usbh_msc_bot.c **** 
 394              		.loc 1 524 1 is_stmt 0 view .LVU114
 395 004c 2046     		mov	r0, r4
 396 004e 02B0     		add	sp, sp, #8
 397              		.cfi_remember_state
 398              		.cfi_def_cfa_offset 16
 399              		@ sp needed
 400 0050 70BD     		pop	{r4, r5, r6, pc}
 401              	.LVL27:
 402              	.L36:
 403              		.cfi_restore_state
 193:Middlewares/ST/STM32_USB_Host_Library/Class/MSC/Src/usbh_msc_bot.c **** 
 404              		.loc 1 193 7 is_stmt 1 view .LVU115
 193:Middlewares/ST/STM32_USB_Host_Library/Class/MSC/Src/usbh_msc_bot.c **** 
 405              		.loc 1 193 20 is_stmt 0 view .LVU116
 406 0052 7179     		ldrb	r1, [r6, #5]	@ zero_extendqisi2
 407              	.LVL28:
 193:Middlewares/ST/STM32_USB_Host_Library/Class/MSC/Src/usbh_msc_bot.c **** 
 408              		.loc 1 193 20 view .LVU117
 409 0054 FFF7FEFF 		bl	USBH_LL_GetURBState
 410              	.LVL29:
 193:Middlewares/ST/STM32_USB_Host_Library/Class/MSC/Src/usbh_msc_bot.c **** 
 411              		.loc 1 193 20 view .LVU118
 412 0058 0446     		mov	r4, r0
 413              	.LVL30:
 195:Middlewares/ST/STM32_USB_Host_Library/Class/MSC/Src/usbh_msc_bot.c ****       {
 414              		.loc 1 195 7 is_stmt 1 view .LVU119
 195:Middlewares/ST/STM32_USB_Host_Library/Class/MSC/Src/usbh_msc_bot.c ****       {
 415              		.loc 1 195 10 is_stmt 0 view .LVU120
 416 005a 0128     		cmp	r0, #1
 417 005c 05D0     		beq	.L63
 227:Middlewares/ST/STM32_USB_Host_Library/Class/MSC/Src/usbh_msc_bot.c ****       {
 418              		.loc 1 227 12 is_stmt 1 view .LVU121
 227:Middlewares/ST/STM32_USB_Host_Library/Class/MSC/Src/usbh_msc_bot.c ****       {
 419              		.loc 1 227 15 is_stmt 0 view .LVU122
 420 005e 0228     		cmp	r0, #2
 421 0060 15D0     		beq	.L64
 243:Middlewares/ST/STM32_USB_Host_Library/Class/MSC/Src/usbh_msc_bot.c ****         {
 422              		.loc 1 243 9 is_stmt 1 view .LVU123
ARM GAS  /tmp/cc6ryS53.s 			page 22


 243:Middlewares/ST/STM32_USB_Host_Library/Class/MSC/Src/usbh_msc_bot.c ****         {
 423              		.loc 1 243 12 is_stmt 0 view .LVU124
 424 0062 0528     		cmp	r0, #5
 425 0064 17D0     		beq	.L65
 174:Middlewares/ST/STM32_USB_Host_Library/Class/MSC/Src/usbh_msc_bot.c ****   USBH_StatusTypeDef   error  = USBH_BUSY;
 426              		.loc 1 174 24 view .LVU125
 427 0066 0124     		movs	r4, #1
 428 0068 F0E7     		b	.L25
 429              	.L63:
 197:Middlewares/ST/STM32_USB_Host_Library/Class/MSC/Src/usbh_msc_bot.c ****         {
 430              		.loc 1 197 9 is_stmt 1 view .LVU126
 197:Middlewares/ST/STM32_USB_Host_Library/Class/MSC/Src/usbh_msc_bot.c ****         {
 431              		.loc 1 197 39 is_stmt 0 view .LVU127
 432 006a F36D     		ldr	r3, [r6, #92]
 197:Middlewares/ST/STM32_USB_Host_Library/Class/MSC/Src/usbh_msc_bot.c ****         {
 433              		.loc 1 197 12 view .LVU128
 434 006c 5BB1     		cbz	r3, .L39
 200:Middlewares/ST/STM32_USB_Host_Library/Class/MSC/Src/usbh_msc_bot.c ****           {
 435              		.loc 1 200 11 is_stmt 1 view .LVU129
 200:Middlewares/ST/STM32_USB_Host_Library/Class/MSC/Src/usbh_msc_bot.c ****           {
 436              		.loc 1 200 71 is_stmt 0 view .LVU130
 437 006e 96F96030 		ldrsb	r3, [r6, #96]
 200:Middlewares/ST/STM32_USB_Host_Library/Class/MSC/Src/usbh_msc_bot.c ****           {
 438              		.loc 1 200 14 view .LVU131
 439 0072 002B     		cmp	r3, #0
 440 0074 03DB     		blt	.L66
 208:Middlewares/ST/STM32_USB_Host_Library/Class/MSC/Src/usbh_msc_bot.c ****           }
 441              		.loc 1 208 13 is_stmt 1 view .LVU132
 208:Middlewares/ST/STM32_USB_Host_Library/Class/MSC/Src/usbh_msc_bot.c ****           }
 442              		.loc 1 208 36 is_stmt 0 view .LVU133
 443 0076 0523     		movs	r3, #5
 444 0078 86F85030 		strb	r3, [r6, #80]
 445 007c E6E7     		b	.L25
 446              	.L66:
 203:Middlewares/ST/STM32_USB_Host_Library/Class/MSC/Src/usbh_msc_bot.c ****           }
 447              		.loc 1 203 13 is_stmt 1 view .LVU134
 203:Middlewares/ST/STM32_USB_Host_Library/Class/MSC/Src/usbh_msc_bot.c ****           }
 448              		.loc 1 203 36 is_stmt 0 view .LVU135
 449 007e 0323     		movs	r3, #3
 450 0080 86F85030 		strb	r3, [r6, #80]
 451 0084 E2E7     		b	.L25
 452              	.L39:
 215:Middlewares/ST/STM32_USB_Host_Library/Class/MSC/Src/usbh_msc_bot.c ****         }
 453              		.loc 1 215 11 is_stmt 1 view .LVU136
 215:Middlewares/ST/STM32_USB_Host_Library/Class/MSC/Src/usbh_msc_bot.c ****         }
 454              		.loc 1 215 34 is_stmt 0 view .LVU137
 455 0086 0723     		movs	r3, #7
 456 0088 86F85030 		strb	r3, [r6, #80]
 457 008c DEE7     		b	.L25
 458              	.L64:
 230:Middlewares/ST/STM32_USB_Host_Library/Class/MSC/Src/usbh_msc_bot.c **** 
 459              		.loc 1 230 9 is_stmt 1 view .LVU138
 230:Middlewares/ST/STM32_USB_Host_Library/Class/MSC/Src/usbh_msc_bot.c **** 
 460              		.loc 1 230 32 is_stmt 0 view .LVU139
 461 008e 0124     		movs	r4, #1
 462 0090 86F85040 		strb	r4, [r6, #80]
 463 0094 DAE7     		b	.L25
ARM GAS  /tmp/cc6ryS53.s 			page 23


 464              	.L65:
 245:Middlewares/ST/STM32_USB_Host_Library/Class/MSC/Src/usbh_msc_bot.c **** 
 465              		.loc 1 245 11 is_stmt 1 view .LVU140
 245:Middlewares/ST/STM32_USB_Host_Library/Class/MSC/Src/usbh_msc_bot.c **** 
 466              		.loc 1 245 35 is_stmt 0 view .LVU141
 467 0096 0A23     		movs	r3, #10
 468 0098 86F85030 		strb	r3, [r6, #80]
 174:Middlewares/ST/STM32_USB_Host_Library/Class/MSC/Src/usbh_msc_bot.c ****   USBH_StatusTypeDef   error  = USBH_BUSY;
 469              		.loc 1 174 24 view .LVU142
 470 009c 0124     		movs	r4, #1
 471 009e D5E7     		b	.L25
 472              	.LVL31:
 473              	.L35:
 261:Middlewares/ST/STM32_USB_Host_Library/Class/MSC/Src/usbh_msc_bot.c ****                            MSC_Handle->InEpSize, MSC_Handle->InPipe);
 474              		.loc 1 261 7 is_stmt 1 view .LVU143
 475 00a0 3379     		ldrb	r3, [r6, #4]	@ zero_extendqisi2
 476 00a2 7289     		ldrh	r2, [r6, #10]
 477 00a4 D6F88C10 		ldr	r1, [r6, #140]
 478              	.LVL32:
 261:Middlewares/ST/STM32_USB_Host_Library/Class/MSC/Src/usbh_msc_bot.c ****                            MSC_Handle->InEpSize, MSC_Handle->InPipe);
 479              		.loc 1 261 7 is_stmt 0 view .LVU144
 480 00a8 FFF7FEFF 		bl	USBH_BulkReceiveData
 481              	.LVL33:
 264:Middlewares/ST/STM32_USB_Host_Library/Class/MSC/Src/usbh_msc_bot.c **** 
 482              		.loc 1 264 7 is_stmt 1 view .LVU145
 264:Middlewares/ST/STM32_USB_Host_Library/Class/MSC/Src/usbh_msc_bot.c **** 
 483              		.loc 1 264 30 is_stmt 0 view .LVU146
 484 00ac 0423     		movs	r3, #4
 485 00ae 86F85030 		strb	r3, [r6, #80]
 266:Middlewares/ST/STM32_USB_Host_Library/Class/MSC/Src/usbh_msc_bot.c **** 
 486              		.loc 1 266 7 is_stmt 1 view .LVU147
 174:Middlewares/ST/STM32_USB_Host_Library/Class/MSC/Src/usbh_msc_bot.c ****   USBH_StatusTypeDef   error  = USBH_BUSY;
 487              		.loc 1 174 24 is_stmt 0 view .LVU148
 488 00b2 0124     		movs	r4, #1
 266:Middlewares/ST/STM32_USB_Host_Library/Class/MSC/Src/usbh_msc_bot.c **** 
 489              		.loc 1 266 7 view .LVU149
 490 00b4 CAE7     		b	.L25
 491              	.LVL34:
 492              	.L34:
 270:Middlewares/ST/STM32_USB_Host_Library/Class/MSC/Src/usbh_msc_bot.c **** 
 493              		.loc 1 270 7 is_stmt 1 view .LVU150
 270:Middlewares/ST/STM32_USB_Host_Library/Class/MSC/Src/usbh_msc_bot.c **** 
 494              		.loc 1 270 20 is_stmt 0 view .LVU151
 495 00b6 3179     		ldrb	r1, [r6, #4]	@ zero_extendqisi2
 496              	.LVL35:
 270:Middlewares/ST/STM32_USB_Host_Library/Class/MSC/Src/usbh_msc_bot.c **** 
 497              		.loc 1 270 20 view .LVU152
 498 00b8 FFF7FEFF 		bl	USBH_LL_GetURBState
 499              	.LVL36:
 270:Middlewares/ST/STM32_USB_Host_Library/Class/MSC/Src/usbh_msc_bot.c **** 
 500              		.loc 1 270 20 view .LVU153
 501 00bc 0446     		mov	r4, r0
 502              	.LVL37:
 272:Middlewares/ST/STM32_USB_Host_Library/Class/MSC/Src/usbh_msc_bot.c ****       {
 503              		.loc 1 272 7 is_stmt 1 view .LVU154
 272:Middlewares/ST/STM32_USB_Host_Library/Class/MSC/Src/usbh_msc_bot.c ****       {
 504              		.loc 1 272 10 is_stmt 0 view .LVU155
ARM GAS  /tmp/cc6ryS53.s 			page 24


 505 00be 0128     		cmp	r0, #1
 506 00c0 03D0     		beq	.L67
 307:Middlewares/ST/STM32_USB_Host_Library/Class/MSC/Src/usbh_msc_bot.c ****       {
 507              		.loc 1 307 12 is_stmt 1 view .LVU156
 307:Middlewares/ST/STM32_USB_Host_Library/Class/MSC/Src/usbh_msc_bot.c ****       {
 508              		.loc 1 307 15 is_stmt 0 view .LVU157
 509 00c2 0528     		cmp	r0, #5
 510 00c4 1CD0     		beq	.L68
 174:Middlewares/ST/STM32_USB_Host_Library/Class/MSC/Src/usbh_msc_bot.c ****   USBH_StatusTypeDef   error  = USBH_BUSY;
 511              		.loc 1 174 24 view .LVU158
 512 00c6 0124     		movs	r4, #1
 513 00c8 C0E7     		b	.L25
 514              	.L67:
 275:Middlewares/ST/STM32_USB_Host_Library/Class/MSC/Src/usbh_msc_bot.c ****         {
 515              		.loc 1 275 9 is_stmt 1 view .LVU159
 275:Middlewares/ST/STM32_USB_Host_Library/Class/MSC/Src/usbh_msc_bot.c ****         {
 516              		.loc 1 275 39 is_stmt 0 view .LVU160
 517 00ca F36D     		ldr	r3, [r6, #92]
 275:Middlewares/ST/STM32_USB_Host_Library/Class/MSC/Src/usbh_msc_bot.c ****         {
 518              		.loc 1 275 71 view .LVU161
 519 00cc 7289     		ldrh	r2, [r6, #10]
 275:Middlewares/ST/STM32_USB_Host_Library/Class/MSC/Src/usbh_msc_bot.c ****         {
 520              		.loc 1 275 12 view .LVU162
 521 00ce 9342     		cmp	r3, r2
 522 00d0 0CD9     		bls	.L43
 277:Middlewares/ST/STM32_USB_Host_Library/Class/MSC/Src/usbh_msc_bot.c ****           MSC_Handle->hbot.cbw.field.DataTransferLength -= MSC_Handle->InEpSize;
 523              		.loc 1 277 11 is_stmt 1 view .LVU163
 277:Middlewares/ST/STM32_USB_Host_Library/Class/MSC/Src/usbh_msc_bot.c ****           MSC_Handle->hbot.cbw.field.DataTransferLength -= MSC_Handle->InEpSize;
 524              		.loc 1 277 27 is_stmt 0 view .LVU164
 525 00d2 D6F88C10 		ldr	r1, [r6, #140]
 277:Middlewares/ST/STM32_USB_Host_Library/Class/MSC/Src/usbh_msc_bot.c ****           MSC_Handle->hbot.cbw.field.DataTransferLength -= MSC_Handle->InEpSize;
 526              		.loc 1 277 33 view .LVU165
 527 00d6 1144     		add	r1, r1, r2
 528 00d8 C6F88C10 		str	r1, [r6, #140]
 278:Middlewares/ST/STM32_USB_Host_Library/Class/MSC/Src/usbh_msc_bot.c ****         }
 529              		.loc 1 278 11 is_stmt 1 view .LVU166
 278:Middlewares/ST/STM32_USB_Host_Library/Class/MSC/Src/usbh_msc_bot.c ****         }
 530              		.loc 1 278 57 is_stmt 0 view .LVU167
 531 00dc 9B1A     		subs	r3, r3, r2
 532 00de F365     		str	r3, [r6, #92]
 533              	.L44:
 286:Middlewares/ST/STM32_USB_Host_Library/Class/MSC/Src/usbh_msc_bot.c ****         {
 534              		.loc 1 286 9 is_stmt 1 view .LVU168
 286:Middlewares/ST/STM32_USB_Host_Library/Class/MSC/Src/usbh_msc_bot.c ****         {
 535              		.loc 1 286 39 is_stmt 0 view .LVU169
 536 00e0 F36D     		ldr	r3, [r6, #92]
 286:Middlewares/ST/STM32_USB_Host_Library/Class/MSC/Src/usbh_msc_bot.c ****         {
 537              		.loc 1 286 12 view .LVU170
 538 00e2 33B9     		cbnz	r3, .L69
 295:Middlewares/ST/STM32_USB_Host_Library/Class/MSC/Src/usbh_msc_bot.c **** 
 539              		.loc 1 295 11 is_stmt 1 view .LVU171
 295:Middlewares/ST/STM32_USB_Host_Library/Class/MSC/Src/usbh_msc_bot.c **** 
 540              		.loc 1 295 35 is_stmt 0 view .LVU172
 541 00e4 0723     		movs	r3, #7
 542 00e6 86F85030 		strb	r3, [r6, #80]
 543 00ea AFE7     		b	.L25
 544              	.L43:
ARM GAS  /tmp/cc6ryS53.s 			page 25


 282:Middlewares/ST/STM32_USB_Host_Library/Class/MSC/Src/usbh_msc_bot.c ****         }
 545              		.loc 1 282 11 is_stmt 1 view .LVU173
 282:Middlewares/ST/STM32_USB_Host_Library/Class/MSC/Src/usbh_msc_bot.c ****         }
 546              		.loc 1 282 57 is_stmt 0 view .LVU174
 547 00ec 0023     		movs	r3, #0
 548 00ee F365     		str	r3, [r6, #92]
 549 00f0 F6E7     		b	.L44
 550              	.L69:
 289:Middlewares/ST/STM32_USB_Host_Library/Class/MSC/Src/usbh_msc_bot.c ****                                MSC_Handle->InEpSize, MSC_Handle->InPipe);
 551              		.loc 1 289 11 is_stmt 1 view .LVU175
 552 00f2 3379     		ldrb	r3, [r6, #4]	@ zero_extendqisi2
 553 00f4 D6F88C10 		ldr	r1, [r6, #140]
 554 00f8 2846     		mov	r0, r5
 555              	.LVL38:
 289:Middlewares/ST/STM32_USB_Host_Library/Class/MSC/Src/usbh_msc_bot.c ****                                MSC_Handle->InEpSize, MSC_Handle->InPipe);
 556              		.loc 1 289 11 is_stmt 0 view .LVU176
 557 00fa FFF7FEFF 		bl	USBH_BulkReceiveData
 558              	.LVL39:
 559 00fe A5E7     		b	.L25
 560              	.LVL40:
 561              	.L68:
 310:Middlewares/ST/STM32_USB_Host_Library/Class/MSC/Src/usbh_msc_bot.c **** 
 562              		.loc 1 310 9 is_stmt 1 view .LVU177
 310:Middlewares/ST/STM32_USB_Host_Library/Class/MSC/Src/usbh_msc_bot.c **** 
 563              		.loc 1 310 33 is_stmt 0 view .LVU178
 564 0100 0923     		movs	r3, #9
 565 0102 86F85030 		strb	r3, [r6, #80]
 174:Middlewares/ST/STM32_USB_Host_Library/Class/MSC/Src/usbh_msc_bot.c ****   USBH_StatusTypeDef   error  = USBH_BUSY;
 566              		.loc 1 174 24 view .LVU179
 567 0106 0124     		movs	r4, #1
 568 0108 A0E7     		b	.L25
 569              	.LVL41:
 570              	.L33:
 335:Middlewares/ST/STM32_USB_Host_Library/Class/MSC/Src/usbh_msc_bot.c ****                         MSC_Handle->OutEpSize, MSC_Handle->OutPipe, 1U);
 571              		.loc 1 335 7 is_stmt 1 view .LVU180
 572 010a 7379     		ldrb	r3, [r6, #5]	@ zero_extendqisi2
 573 010c 3289     		ldrh	r2, [r6, #8]
 574 010e D6F88C10 		ldr	r1, [r6, #140]
 575              	.LVL42:
 335:Middlewares/ST/STM32_USB_Host_Library/Class/MSC/Src/usbh_msc_bot.c ****                         MSC_Handle->OutEpSize, MSC_Handle->OutPipe, 1U);
 576              		.loc 1 335 7 is_stmt 0 view .LVU181
 577 0112 0124     		movs	r4, #1
 578 0114 0094     		str	r4, [sp]
 579 0116 FFF7FEFF 		bl	USBH_BulkSendData
 580              	.LVL43:
 338:Middlewares/ST/STM32_USB_Host_Library/Class/MSC/Src/usbh_msc_bot.c ****       break;
 581              		.loc 1 338 7 is_stmt 1 view .LVU182
 338:Middlewares/ST/STM32_USB_Host_Library/Class/MSC/Src/usbh_msc_bot.c ****       break;
 582              		.loc 1 338 31 is_stmt 0 view .LVU183
 583 011a 0623     		movs	r3, #6
 584 011c 86F85030 		strb	r3, [r6, #80]
 339:Middlewares/ST/STM32_USB_Host_Library/Class/MSC/Src/usbh_msc_bot.c **** 
 585              		.loc 1 339 7 is_stmt 1 view .LVU184
 586 0120 94E7     		b	.L25
 587              	.LVL44:
 588              	.L32:
 342:Middlewares/ST/STM32_USB_Host_Library/Class/MSC/Src/usbh_msc_bot.c **** 
ARM GAS  /tmp/cc6ryS53.s 			page 26


 589              		.loc 1 342 7 view .LVU185
 342:Middlewares/ST/STM32_USB_Host_Library/Class/MSC/Src/usbh_msc_bot.c **** 
 590              		.loc 1 342 20 is_stmt 0 view .LVU186
 591 0122 7179     		ldrb	r1, [r6, #5]	@ zero_extendqisi2
 592              	.LVL45:
 342:Middlewares/ST/STM32_USB_Host_Library/Class/MSC/Src/usbh_msc_bot.c **** 
 593              		.loc 1 342 20 view .LVU187
 594 0124 FFF7FEFF 		bl	USBH_LL_GetURBState
 595              	.LVL46:
 342:Middlewares/ST/STM32_USB_Host_Library/Class/MSC/Src/usbh_msc_bot.c **** 
 596              		.loc 1 342 20 view .LVU188
 597 0128 0446     		mov	r4, r0
 598              	.LVL47:
 344:Middlewares/ST/STM32_USB_Host_Library/Class/MSC/Src/usbh_msc_bot.c ****       {
 599              		.loc 1 344 7 is_stmt 1 view .LVU189
 344:Middlewares/ST/STM32_USB_Host_Library/Class/MSC/Src/usbh_msc_bot.c ****       {
 600              		.loc 1 344 10 is_stmt 0 view .LVU190
 601 012a 0128     		cmp	r0, #1
 602 012c 05D0     		beq	.L70
 379:Middlewares/ST/STM32_USB_Host_Library/Class/MSC/Src/usbh_msc_bot.c ****       {
 603              		.loc 1 379 12 is_stmt 1 view .LVU191
 379:Middlewares/ST/STM32_USB_Host_Library/Class/MSC/Src/usbh_msc_bot.c ****       {
 604              		.loc 1 379 15 is_stmt 0 view .LVU192
 605 012e 0228     		cmp	r0, #2
 606 0130 20D0     		beq	.L71
 394:Middlewares/ST/STM32_USB_Host_Library/Class/MSC/Src/usbh_msc_bot.c ****       {
 607              		.loc 1 394 12 is_stmt 1 view .LVU193
 394:Middlewares/ST/STM32_USB_Host_Library/Class/MSC/Src/usbh_msc_bot.c ****       {
 608              		.loc 1 394 15 is_stmt 0 view .LVU194
 609 0132 0528     		cmp	r0, #5
 610 0134 23D0     		beq	.L72
 174:Middlewares/ST/STM32_USB_Host_Library/Class/MSC/Src/usbh_msc_bot.c ****   USBH_StatusTypeDef   error  = USBH_BUSY;
 611              		.loc 1 174 24 view .LVU195
 612 0136 0124     		movs	r4, #1
 613 0138 88E7     		b	.L25
 614              	.L70:
 347:Middlewares/ST/STM32_USB_Host_Library/Class/MSC/Src/usbh_msc_bot.c ****         {
 615              		.loc 1 347 9 is_stmt 1 view .LVU196
 347:Middlewares/ST/STM32_USB_Host_Library/Class/MSC/Src/usbh_msc_bot.c ****         {
 616              		.loc 1 347 39 is_stmt 0 view .LVU197
 617 013a F36D     		ldr	r3, [r6, #92]
 347:Middlewares/ST/STM32_USB_Host_Library/Class/MSC/Src/usbh_msc_bot.c ****         {
 618              		.loc 1 347 71 view .LVU198
 619 013c 3289     		ldrh	r2, [r6, #8]
 347:Middlewares/ST/STM32_USB_Host_Library/Class/MSC/Src/usbh_msc_bot.c ****         {
 620              		.loc 1 347 12 view .LVU199
 621 013e 9342     		cmp	r3, r2
 622 0140 0CD9     		bls	.L47
 349:Middlewares/ST/STM32_USB_Host_Library/Class/MSC/Src/usbh_msc_bot.c ****           MSC_Handle->hbot.cbw.field.DataTransferLength -= MSC_Handle->OutEpSize;
 623              		.loc 1 349 11 is_stmt 1 view .LVU200
 349:Middlewares/ST/STM32_USB_Host_Library/Class/MSC/Src/usbh_msc_bot.c ****           MSC_Handle->hbot.cbw.field.DataTransferLength -= MSC_Handle->OutEpSize;
 624              		.loc 1 349 27 is_stmt 0 view .LVU201
 625 0142 D6F88C10 		ldr	r1, [r6, #140]
 349:Middlewares/ST/STM32_USB_Host_Library/Class/MSC/Src/usbh_msc_bot.c ****           MSC_Handle->hbot.cbw.field.DataTransferLength -= MSC_Handle->OutEpSize;
 626              		.loc 1 349 33 view .LVU202
 627 0146 1144     		add	r1, r1, r2
 628 0148 C6F88C10 		str	r1, [r6, #140]
ARM GAS  /tmp/cc6ryS53.s 			page 27


 350:Middlewares/ST/STM32_USB_Host_Library/Class/MSC/Src/usbh_msc_bot.c ****         }
 629              		.loc 1 350 11 is_stmt 1 view .LVU203
 350:Middlewares/ST/STM32_USB_Host_Library/Class/MSC/Src/usbh_msc_bot.c ****         }
 630              		.loc 1 350 57 is_stmt 0 view .LVU204
 631 014c 9B1A     		subs	r3, r3, r2
 632 014e F365     		str	r3, [r6, #92]
 633              	.L48:
 358:Middlewares/ST/STM32_USB_Host_Library/Class/MSC/Src/usbh_msc_bot.c ****         {
 634              		.loc 1 358 9 is_stmt 1 view .LVU205
 358:Middlewares/ST/STM32_USB_Host_Library/Class/MSC/Src/usbh_msc_bot.c ****         {
 635              		.loc 1 358 39 is_stmt 0 view .LVU206
 636 0150 F36D     		ldr	r3, [r6, #92]
 358:Middlewares/ST/STM32_USB_Host_Library/Class/MSC/Src/usbh_msc_bot.c ****         {
 637              		.loc 1 358 12 view .LVU207
 638 0152 33B9     		cbnz	r3, .L73
 366:Middlewares/ST/STM32_USB_Host_Library/Class/MSC/Src/usbh_msc_bot.c ****         }
 639              		.loc 1 366 11 is_stmt 1 view .LVU208
 366:Middlewares/ST/STM32_USB_Host_Library/Class/MSC/Src/usbh_msc_bot.c ****         }
 640              		.loc 1 366 35 is_stmt 0 view .LVU209
 641 0154 0723     		movs	r3, #7
 642 0156 86F85030 		strb	r3, [r6, #80]
 643 015a 77E7     		b	.L25
 644              	.L47:
 354:Middlewares/ST/STM32_USB_Host_Library/Class/MSC/Src/usbh_msc_bot.c ****         }
 645              		.loc 1 354 11 is_stmt 1 view .LVU210
 354:Middlewares/ST/STM32_USB_Host_Library/Class/MSC/Src/usbh_msc_bot.c ****         }
 646              		.loc 1 354 57 is_stmt 0 view .LVU211
 647 015c 0023     		movs	r3, #0
 648 015e F365     		str	r3, [r6, #92]
 649 0160 F6E7     		b	.L48
 650              	.L73:
 360:Middlewares/ST/STM32_USB_Host_Library/Class/MSC/Src/usbh_msc_bot.c ****                             MSC_Handle->OutEpSize, MSC_Handle->OutPipe, 1U);
 651              		.loc 1 360 11 is_stmt 1 view .LVU212
 652 0162 7379     		ldrb	r3, [r6, #5]	@ zero_extendqisi2
 653 0164 D6F88C10 		ldr	r1, [r6, #140]
 654 0168 0120     		movs	r0, #1
 655              	.LVL48:
 360:Middlewares/ST/STM32_USB_Host_Library/Class/MSC/Src/usbh_msc_bot.c ****                             MSC_Handle->OutEpSize, MSC_Handle->OutPipe, 1U);
 656              		.loc 1 360 11 is_stmt 0 view .LVU213
 657 016a 0090     		str	r0, [sp]
 658 016c 2846     		mov	r0, r5
 659 016e FFF7FEFF 		bl	USBH_BulkSendData
 660              	.LVL49:
 661 0172 6BE7     		b	.L25
 662              	.LVL50:
 663              	.L71:
 382:Middlewares/ST/STM32_USB_Host_Library/Class/MSC/Src/usbh_msc_bot.c **** 
 664              		.loc 1 382 9 is_stmt 1 view .LVU214
 382:Middlewares/ST/STM32_USB_Host_Library/Class/MSC/Src/usbh_msc_bot.c **** 
 665              		.loc 1 382 33 is_stmt 0 view .LVU215
 666 0174 0523     		movs	r3, #5
 667 0176 86F85030 		strb	r3, [r6, #80]
 174:Middlewares/ST/STM32_USB_Host_Library/Class/MSC/Src/usbh_msc_bot.c ****   USBH_StatusTypeDef   error  = USBH_BUSY;
 668              		.loc 1 174 24 view .LVU216
 669 017a 0124     		movs	r4, #1
 670 017c 66E7     		b	.L25
 671              	.L72:
ARM GAS  /tmp/cc6ryS53.s 			page 28


 396:Middlewares/ST/STM32_USB_Host_Library/Class/MSC/Src/usbh_msc_bot.c **** 
 672              		.loc 1 396 9 is_stmt 1 view .LVU217
 396:Middlewares/ST/STM32_USB_Host_Library/Class/MSC/Src/usbh_msc_bot.c **** 
 673              		.loc 1 396 33 is_stmt 0 view .LVU218
 674 017e 0A23     		movs	r3, #10
 675 0180 86F85030 		strb	r3, [r6, #80]
 174:Middlewares/ST/STM32_USB_Host_Library/Class/MSC/Src/usbh_msc_bot.c ****   USBH_StatusTypeDef   error  = USBH_BUSY;
 676              		.loc 1 174 24 view .LVU219
 677 0184 0124     		movs	r4, #1
 678 0186 61E7     		b	.L25
 679              	.LVL51:
 680              	.L31:
 421:Middlewares/ST/STM32_USB_Host_Library/Class/MSC/Src/usbh_msc_bot.c ****                            BOT_CSW_LENGTH, MSC_Handle->InPipe);
 681              		.loc 1 421 7 is_stmt 1 view .LVU220
 682 0188 3379     		ldrb	r3, [r6, #4]	@ zero_extendqisi2
 683 018a 0D22     		movs	r2, #13
 684 018c 06F17801 		add	r1, r6, #120
 685              	.LVL52:
 421:Middlewares/ST/STM32_USB_Host_Library/Class/MSC/Src/usbh_msc_bot.c ****                            BOT_CSW_LENGTH, MSC_Handle->InPipe);
 686              		.loc 1 421 7 is_stmt 0 view .LVU221
 687 0190 FFF7FEFF 		bl	USBH_BulkReceiveData
 688              	.LVL53:
 424:Middlewares/ST/STM32_USB_Host_Library/Class/MSC/Src/usbh_msc_bot.c ****       break;
 689              		.loc 1 424 7 is_stmt 1 view .LVU222
 424:Middlewares/ST/STM32_USB_Host_Library/Class/MSC/Src/usbh_msc_bot.c ****       break;
 690              		.loc 1 424 31 is_stmt 0 view .LVU223
 691 0194 0823     		movs	r3, #8
 692 0196 86F85030 		strb	r3, [r6, #80]
 425:Middlewares/ST/STM32_USB_Host_Library/Class/MSC/Src/usbh_msc_bot.c **** 
 693              		.loc 1 425 7 is_stmt 1 view .LVU224
 174:Middlewares/ST/STM32_USB_Host_Library/Class/MSC/Src/usbh_msc_bot.c ****   USBH_StatusTypeDef   error  = USBH_BUSY;
 694              		.loc 1 174 24 is_stmt 0 view .LVU225
 695 019a 0124     		movs	r4, #1
 425:Middlewares/ST/STM32_USB_Host_Library/Class/MSC/Src/usbh_msc_bot.c **** 
 696              		.loc 1 425 7 view .LVU226
 697 019c 56E7     		b	.L25
 698              	.LVL54:
 699              	.L30:
 429:Middlewares/ST/STM32_USB_Host_Library/Class/MSC/Src/usbh_msc_bot.c **** 
 700              		.loc 1 429 7 is_stmt 1 view .LVU227
 429:Middlewares/ST/STM32_USB_Host_Library/Class/MSC/Src/usbh_msc_bot.c **** 
 701              		.loc 1 429 20 is_stmt 0 view .LVU228
 702 019e 3179     		ldrb	r1, [r6, #4]	@ zero_extendqisi2
 703              	.LVL55:
 429:Middlewares/ST/STM32_USB_Host_Library/Class/MSC/Src/usbh_msc_bot.c **** 
 704              		.loc 1 429 20 view .LVU229
 705 01a0 FFF7FEFF 		bl	USBH_LL_GetURBState
 706              	.LVL56:
 432:Middlewares/ST/STM32_USB_Host_Library/Class/MSC/Src/usbh_msc_bot.c ****       {
 707              		.loc 1 432 7 is_stmt 1 view .LVU230
 432:Middlewares/ST/STM32_USB_Host_Library/Class/MSC/Src/usbh_msc_bot.c ****       {
 708              		.loc 1 432 10 is_stmt 0 view .LVU231
 709 01a4 0128     		cmp	r0, #1
 710 01a6 03D0     		beq	.L74
 456:Middlewares/ST/STM32_USB_Host_Library/Class/MSC/Src/usbh_msc_bot.c ****       {
 711              		.loc 1 456 12 is_stmt 1 view .LVU232
 456:Middlewares/ST/STM32_USB_Host_Library/Class/MSC/Src/usbh_msc_bot.c ****       {
ARM GAS  /tmp/cc6ryS53.s 			page 29


 712              		.loc 1 456 15 is_stmt 0 view .LVU233
 713 01a8 0528     		cmp	r0, #5
 714 01aa 0FD0     		beq	.L75
 174:Middlewares/ST/STM32_USB_Host_Library/Class/MSC/Src/usbh_msc_bot.c ****   USBH_StatusTypeDef   error  = USBH_BUSY;
 715              		.loc 1 174 24 view .LVU234
 716 01ac 0124     		movs	r4, #1
 717 01ae 4DE7     		b	.L25
 718              	.L74:
 434:Middlewares/ST/STM32_USB_Host_Library/Class/MSC/Src/usbh_msc_bot.c ****         MSC_Handle->hbot.cmd_state = BOT_CMD_SEND;
 719              		.loc 1 434 9 is_stmt 1 view .LVU235
 434:Middlewares/ST/STM32_USB_Host_Library/Class/MSC/Src/usbh_msc_bot.c ****         MSC_Handle->hbot.cmd_state = BOT_CMD_SEND;
 720              		.loc 1 434 32 is_stmt 0 view .LVU236
 721 01b0 0123     		movs	r3, #1
 722 01b2 86F85030 		strb	r3, [r6, #80]
 435:Middlewares/ST/STM32_USB_Host_Library/Class/MSC/Src/usbh_msc_bot.c ****         CSW_Status = USBH_MSC_DecodeCSW(phost);
 723              		.loc 1 435 9 is_stmt 1 view .LVU237
 435:Middlewares/ST/STM32_USB_Host_Library/Class/MSC/Src/usbh_msc_bot.c ****         CSW_Status = USBH_MSC_DecodeCSW(phost);
 724              		.loc 1 435 36 is_stmt 0 view .LVU238
 725 01b6 86F85230 		strb	r3, [r6, #82]
 436:Middlewares/ST/STM32_USB_Host_Library/Class/MSC/Src/usbh_msc_bot.c **** 
 726              		.loc 1 436 9 is_stmt 1 view .LVU239
 436:Middlewares/ST/STM32_USB_Host_Library/Class/MSC/Src/usbh_msc_bot.c **** 
 727              		.loc 1 436 22 is_stmt 0 view .LVU240
 728 01ba 2846     		mov	r0, r5
 729              	.LVL57:
 436:Middlewares/ST/STM32_USB_Host_Library/Class/MSC/Src/usbh_msc_bot.c **** 
 730              		.loc 1 436 22 view .LVU241
 731 01bc FFF7FEFF 		bl	USBH_MSC_DecodeCSW
 732              	.LVL58:
 438:Middlewares/ST/STM32_USB_Host_Library/Class/MSC/Src/usbh_msc_bot.c ****         {
 733              		.loc 1 438 9 is_stmt 1 view .LVU242
 438:Middlewares/ST/STM32_USB_Host_Library/Class/MSC/Src/usbh_msc_bot.c ****         {
 734              		.loc 1 438 12 is_stmt 0 view .LVU243
 735 01c0 0446     		mov	r4, r0
 736 01c2 0028     		cmp	r0, #0
 737 01c4 3FF442AF 		beq	.L25
 444:Middlewares/ST/STM32_USB_Host_Library/Class/MSC/Src/usbh_msc_bot.c ****         }
 738              		.loc 1 444 18 view .LVU244
 739 01c8 0224     		movs	r4, #2
 740 01ca 3FE7     		b	.L25
 741              	.LVL59:
 742              	.L75:
 458:Middlewares/ST/STM32_USB_Host_Library/Class/MSC/Src/usbh_msc_bot.c **** 
 743              		.loc 1 458 9 is_stmt 1 view .LVU245
 458:Middlewares/ST/STM32_USB_Host_Library/Class/MSC/Src/usbh_msc_bot.c **** 
 744              		.loc 1 458 33 is_stmt 0 view .LVU246
 745 01cc 0923     		movs	r3, #9
 746 01ce 86F85030 		strb	r3, [r6, #80]
 174:Middlewares/ST/STM32_USB_Host_Library/Class/MSC/Src/usbh_msc_bot.c ****   USBH_StatusTypeDef   error  = USBH_BUSY;
 747              		.loc 1 174 24 view .LVU247
 748 01d2 0124     		movs	r4, #1
 749 01d4 3AE7     		b	.L25
 750              	.LVL60:
 751              	.L29:
 475:Middlewares/ST/STM32_USB_Host_Library/Class/MSC/Src/usbh_msc_bot.c **** 
 752              		.loc 1 475 7 is_stmt 1 view .LVU248
 475:Middlewares/ST/STM32_USB_Host_Library/Class/MSC/Src/usbh_msc_bot.c **** 
ARM GAS  /tmp/cc6ryS53.s 			page 30


 753              		.loc 1 475 15 is_stmt 0 view .LVU249
 754 01d6 0022     		movs	r2, #0
 755 01d8 FFF7FEFF 		bl	USBH_MSC_BOT_Abort
 756              	.LVL61:
 477:Middlewares/ST/STM32_USB_Host_Library/Class/MSC/Src/usbh_msc_bot.c ****       {
 757              		.loc 1 477 7 is_stmt 1 view .LVU250
 477:Middlewares/ST/STM32_USB_Host_Library/Class/MSC/Src/usbh_msc_bot.c ****       {
 758              		.loc 1 477 10 is_stmt 0 view .LVU251
 759 01dc 20B9     		cbnz	r0, .L52
 479:Middlewares/ST/STM32_USB_Host_Library/Class/MSC/Src/usbh_msc_bot.c ****       }
 760              		.loc 1 479 9 is_stmt 1 view .LVU252
 479:Middlewares/ST/STM32_USB_Host_Library/Class/MSC/Src/usbh_msc_bot.c ****       }
 761              		.loc 1 479 32 is_stmt 0 view .LVU253
 762 01de 0723     		movs	r3, #7
 763 01e0 86F85030 		strb	r3, [r6, #80]
 174:Middlewares/ST/STM32_USB_Host_Library/Class/MSC/Src/usbh_msc_bot.c ****   USBH_StatusTypeDef   error  = USBH_BUSY;
 764              		.loc 1 174 24 view .LVU254
 765 01e4 0124     		movs	r4, #1
 766 01e6 31E7     		b	.L25
 767              	.L52:
 481:Middlewares/ST/STM32_USB_Host_Library/Class/MSC/Src/usbh_msc_bot.c ****       {
 768              		.loc 1 481 12 is_stmt 1 view .LVU255
 481:Middlewares/ST/STM32_USB_Host_Library/Class/MSC/Src/usbh_msc_bot.c ****       {
 769              		.loc 1 481 15 is_stmt 0 view .LVU256
 770 01e8 0428     		cmp	r0, #4
 771 01ea 01D0     		beq	.L76
 174:Middlewares/ST/STM32_USB_Host_Library/Class/MSC/Src/usbh_msc_bot.c ****   USBH_StatusTypeDef   error  = USBH_BUSY;
 772              		.loc 1 174 24 view .LVU257
 773 01ec 0124     		movs	r4, #1
 774 01ee 2DE7     		b	.L25
 775              	.L76:
 484:Middlewares/ST/STM32_USB_Host_Library/Class/MSC/Src/usbh_msc_bot.c ****       }
 776              		.loc 1 484 9 is_stmt 1 view .LVU258
 484:Middlewares/ST/STM32_USB_Host_Library/Class/MSC/Src/usbh_msc_bot.c ****       }
 777              		.loc 1 484 32 is_stmt 0 view .LVU259
 778 01f0 0B23     		movs	r3, #11
 779 01f2 86F85030 		strb	r3, [r6, #80]
 174:Middlewares/ST/STM32_USB_Host_Library/Class/MSC/Src/usbh_msc_bot.c ****   USBH_StatusTypeDef   error  = USBH_BUSY;
 780              		.loc 1 174 24 view .LVU260
 781 01f6 0124     		movs	r4, #1
 782 01f8 28E7     		b	.L25
 783              	.LVL62:
 784              	.L28:
 492:Middlewares/ST/STM32_USB_Host_Library/Class/MSC/Src/usbh_msc_bot.c **** 
 785              		.loc 1 492 7 is_stmt 1 view .LVU261
 492:Middlewares/ST/STM32_USB_Host_Library/Class/MSC/Src/usbh_msc_bot.c **** 
 786              		.loc 1 492 15 is_stmt 0 view .LVU262
 787 01fa 0122     		movs	r2, #1
 788 01fc FFF7FEFF 		bl	USBH_MSC_BOT_Abort
 789              	.LVL63:
 494:Middlewares/ST/STM32_USB_Host_Library/Class/MSC/Src/usbh_msc_bot.c ****       {
 790              		.loc 1 494 7 is_stmt 1 view .LVU263
 494:Middlewares/ST/STM32_USB_Host_Library/Class/MSC/Src/usbh_msc_bot.c ****       {
 791              		.loc 1 494 10 is_stmt 0 view .LVU264
 792 0200 18B1     		cbz	r0, .L77
 504:Middlewares/ST/STM32_USB_Host_Library/Class/MSC/Src/usbh_msc_bot.c ****         {
 793              		.loc 1 504 9 is_stmt 1 view .LVU265
ARM GAS  /tmp/cc6ryS53.s 			page 31


 504:Middlewares/ST/STM32_USB_Host_Library/Class/MSC/Src/usbh_msc_bot.c ****         {
 794              		.loc 1 504 12 is_stmt 0 view .LVU266
 795 0202 0428     		cmp	r0, #4
 796 0204 16D0     		beq	.L78
 174:Middlewares/ST/STM32_USB_Host_Library/Class/MSC/Src/usbh_msc_bot.c ****   USBH_StatusTypeDef   error  = USBH_BUSY;
 797              		.loc 1 174 24 view .LVU267
 798 0206 0124     		movs	r4, #1
 799 0208 20E7     		b	.L25
 800              	.L77:
 497:Middlewares/ST/STM32_USB_Host_Library/Class/MSC/Src/usbh_msc_bot.c ****         USBH_LL_SetToggle(phost, MSC_Handle->OutPipe, 1U - toggle);
 801              		.loc 1 497 9 is_stmt 1 view .LVU268
 497:Middlewares/ST/STM32_USB_Host_Library/Class/MSC/Src/usbh_msc_bot.c ****         USBH_LL_SetToggle(phost, MSC_Handle->OutPipe, 1U - toggle);
 802              		.loc 1 497 18 is_stmt 0 view .LVU269
 803 020a 7179     		ldrb	r1, [r6, #5]	@ zero_extendqisi2
 804 020c 2846     		mov	r0, r5
 805              	.LVL64:
 497:Middlewares/ST/STM32_USB_Host_Library/Class/MSC/Src/usbh_msc_bot.c ****         USBH_LL_SetToggle(phost, MSC_Handle->OutPipe, 1U - toggle);
 806              		.loc 1 497 18 view .LVU270
 807 020e FFF7FEFF 		bl	USBH_LL_GetToggle
 808              	.LVL65:
 498:Middlewares/ST/STM32_USB_Host_Library/Class/MSC/Src/usbh_msc_bot.c ****         USBH_LL_SetToggle(phost, MSC_Handle->InPipe, 0U);
 809              		.loc 1 498 9 is_stmt 1 view .LVU271
 810 0212 C0F10102 		rsb	r2, r0, #1
 811 0216 D2B2     		uxtb	r2, r2
 812 0218 7179     		ldrb	r1, [r6, #5]	@ zero_extendqisi2
 813 021a 2846     		mov	r0, r5
 814              	.LVL66:
 498:Middlewares/ST/STM32_USB_Host_Library/Class/MSC/Src/usbh_msc_bot.c ****         USBH_LL_SetToggle(phost, MSC_Handle->InPipe, 0U);
 815              		.loc 1 498 9 is_stmt 0 view .LVU272
 816 021c FFF7FEFF 		bl	USBH_LL_SetToggle
 817              	.LVL67:
 499:Middlewares/ST/STM32_USB_Host_Library/Class/MSC/Src/usbh_msc_bot.c ****         MSC_Handle->hbot.state = BOT_ERROR_IN;
 818              		.loc 1 499 9 is_stmt 1 view .LVU273
 819 0220 0022     		movs	r2, #0
 820 0222 3179     		ldrb	r1, [r6, #4]	@ zero_extendqisi2
 821 0224 2846     		mov	r0, r5
 822 0226 FFF7FEFF 		bl	USBH_LL_SetToggle
 823              	.LVL68:
 500:Middlewares/ST/STM32_USB_Host_Library/Class/MSC/Src/usbh_msc_bot.c ****       }
 824              		.loc 1 500 9 view .LVU274
 500:Middlewares/ST/STM32_USB_Host_Library/Class/MSC/Src/usbh_msc_bot.c ****       }
 825              		.loc 1 500 32 is_stmt 0 view .LVU275
 826 022a 0923     		movs	r3, #9
 827 022c 86F85030 		strb	r3, [r6, #80]
 174:Middlewares/ST/STM32_USB_Host_Library/Class/MSC/Src/usbh_msc_bot.c ****   USBH_StatusTypeDef   error  = USBH_BUSY;
 828              		.loc 1 174 24 view .LVU276
 829 0230 0124     		movs	r4, #1
 830 0232 0BE7     		b	.L25
 831              	.LVL69:
 832              	.L78:
 506:Middlewares/ST/STM32_USB_Host_Library/Class/MSC/Src/usbh_msc_bot.c ****         }
 833              		.loc 1 506 11 is_stmt 1 view .LVU277
 506:Middlewares/ST/STM32_USB_Host_Library/Class/MSC/Src/usbh_msc_bot.c ****         }
 834              		.loc 1 506 34 is_stmt 0 view .LVU278
 835 0234 0B23     		movs	r3, #11
 836 0236 86F85030 		strb	r3, [r6, #80]
 174:Middlewares/ST/STM32_USB_Host_Library/Class/MSC/Src/usbh_msc_bot.c ****   USBH_StatusTypeDef   error  = USBH_BUSY;
ARM GAS  /tmp/cc6ryS53.s 			page 32


 837              		.loc 1 174 24 view .LVU279
 838 023a 0124     		movs	r4, #1
 839 023c 06E7     		b	.L25
 840              	.LVL70:
 841              	.L26:
 513:Middlewares/ST/STM32_USB_Host_Library/Class/MSC/Src/usbh_msc_bot.c ****       if (status == USBH_OK)
 842              		.loc 1 513 7 is_stmt 1 view .LVU280
 513:Middlewares/ST/STM32_USB_Host_Library/Class/MSC/Src/usbh_msc_bot.c ****       if (status == USBH_OK)
 843              		.loc 1 513 16 is_stmt 0 view .LVU281
 844 023e FFF7FEFF 		bl	USBH_MSC_BOT_REQ_Reset
 845              	.LVL71:
 514:Middlewares/ST/STM32_USB_Host_Library/Class/MSC/Src/usbh_msc_bot.c ****       {
 846              		.loc 1 514 7 is_stmt 1 view .LVU282
 514:Middlewares/ST/STM32_USB_Host_Library/Class/MSC/Src/usbh_msc_bot.c ****       {
 847              		.loc 1 514 10 is_stmt 0 view .LVU283
 848 0242 0446     		mov	r4, r0
 849 0244 0028     		cmp	r0, #0
 850 0246 7FF401AF 		bne	.L25
 516:Middlewares/ST/STM32_USB_Host_Library/Class/MSC/Src/usbh_msc_bot.c ****       }
 851              		.loc 1 516 9 is_stmt 1 view .LVU284
 516:Middlewares/ST/STM32_USB_Host_Library/Class/MSC/Src/usbh_msc_bot.c ****       }
 852              		.loc 1 516 32 is_stmt 0 view .LVU285
 853 024a 0123     		movs	r3, #1
 854 024c 86F85030 		strb	r3, [r6, #80]
 855 0250 FCE6     		b	.L25
 856              	.LVL72:
 857              	.L54:
 181:Middlewares/ST/STM32_USB_Host_Library/Class/MSC/Src/usbh_msc_bot.c ****   {
 858              		.loc 1 181 3 view .LVU286
 859 0252 0124     		movs	r4, #1
 860 0254 FAE6     		b	.L25
 861              		.cfi_endproc
 862              	.LFE222:
 864              		.text
 865              	.Letext0:
 866              		.file 2 "/usr/lib/gcc/arm-none-eabi/13.2.1/include/stdint.h"
 867              		.file 3 "Middlewares/ST/STM32_USB_Host_Library/Core/Inc/usbh_def.h"
 868              		.file 4 "Middlewares/ST/STM32_USB_Host_Library/Class/MSC/Inc/usbh_msc_bot.h"
 869              		.file 5 "Middlewares/ST/STM32_USB_Host_Library/Class/MSC/Inc/usbh_msc_scsi.h"
 870              		.file 6 "Middlewares/ST/STM32_USB_Host_Library/Class/MSC/Inc/usbh_msc.h"
 871              		.file 7 "Middlewares/ST/STM32_USB_Host_Library/Core/Inc/usbh_ctlreq.h"
 872              		.file 8 "Middlewares/ST/STM32_USB_Host_Library/Core/Inc/usbh_core.h"
 873              		.file 9 "Middlewares/ST/STM32_USB_Host_Library/Core/Inc/usbh_ioreq.h"
ARM GAS  /tmp/cc6ryS53.s 			page 33


DEFINED SYMBOLS
                            *ABS*:00000000 usbh_msc_bot.c
     /tmp/cc6ryS53.s:21     .text.USBH_MSC_DecodeCSW:00000000 $t
     /tmp/cc6ryS53.s:26     .text.USBH_MSC_DecodeCSW:00000000 USBH_MSC_DecodeCSW
     /tmp/cc6ryS53.s:105    .text.USBH_MSC_DecodeCSW:00000044 $d
     /tmp/cc6ryS53.s:110    .text.USBH_MSC_BOT_Abort:00000000 $t
     /tmp/cc6ryS53.s:115    .text.USBH_MSC_BOT_Abort:00000000 USBH_MSC_BOT_Abort
     /tmp/cc6ryS53.s:173    .text.USBH_MSC_BOT_REQ_Reset:00000000 $t
     /tmp/cc6ryS53.s:179    .text.USBH_MSC_BOT_REQ_Reset:00000000 USBH_MSC_BOT_REQ_Reset
     /tmp/cc6ryS53.s:220    .text.USBH_MSC_BOT_REQ_GetMaxLUN:00000000 $t
     /tmp/cc6ryS53.s:226    .text.USBH_MSC_BOT_REQ_GetMaxLUN:00000000 USBH_MSC_BOT_REQ_GetMaxLUN
     /tmp/cc6ryS53.s:267    .text.USBH_MSC_BOT_Init:00000000 $t
     /tmp/cc6ryS53.s:273    .text.USBH_MSC_BOT_Init:00000000 USBH_MSC_BOT_Init
     /tmp/cc6ryS53.s:311    .text.USBH_MSC_BOT_Init:0000001c $d
     /tmp/cc6ryS53.s:317    .text.USBH_MSC_BOT_Process:00000000 $t
     /tmp/cc6ryS53.s:323    .text.USBH_MSC_BOT_Process:00000000 USBH_MSC_BOT_Process
     /tmp/cc6ryS53.s:361    .text.USBH_MSC_BOT_Process:0000001c $d
     /tmp/cc6ryS53.s:372    .text.USBH_MSC_BOT_Process:00000032 $t
                           .group:00000000 wm4.0.a2c88c0e0e60094af2c84dce921779d2
                           .group:00000000 wm4._newlib_version.h.4.411db44ea2338a62eca2f0777f81481b
                           .group:00000000 wm4.newlib.h.27.c836a31b4651d2e2221512767dba946d
                           .group:00000000 wm4.ieeefp.h.77.5ad60f72ea25fc152400b550ac118212
                           .group:00000000 wm4.features.h.22.4e5514d51694f64cae235f84d9e565a5
                           .group:00000000 wm4.config.h.224.88344135d9de3e7ea139102cd6493448
                           .group:00000000 wm4._ansi.h.31.de524f58584151836e90d8620a16f8e8
                           .group:00000000 wm4.stdio.h.31.7c0e28c411445f3f9c5b11accf882760
                           .group:00000000 wm4._default_types.h.6.959254cf5f09734ea7516c89e8bb21bd
                           .group:00000000 wm4.stddef.h.185.cbb642e1ccd385e8aa504b15cb7fb086
                           .group:00000000 wm4.cdefs.h.49.70fc7af612f78ddcace70fdd90b5623b
                           .group:00000000 wm4.stddef.h.39.6817658cc6bc4c7c8354d2009e4a5777
                           .group:00000000 wm4.stdarg.h.34.3a23a216c0c293b3d2ea2e89281481e6
                           .group:00000000 wm4._types.h.20.dd0d04dca3800a0d2a6129b87f3adbb2
                           .group:00000000 wm4.stddef.h.158.6f8e08a347b1cff664332fa350bfceb3
                           .group:00000000 wm4._types.h.127.3bdfe3ff8ea2d0985b03d9cbe93480e3
                           .group:00000000 wm4.reent.h.18.25503cdc8b7e55dd0d6ea7b3e5af7a03
                           .group:00000000 wm4.lock.h.2.c0958401bd0ce484d507ee19aacab817
                           .group:00000000 wm4.reent.h.78.ffae6115d9409cbff6542f042d93715e
                           .group:00000000 wm4.assert.h.11.db24e541f16414db224bf986d21017e2
                           .group:00000000 wm4.reent.h.460.dc5a3362e34409fa841b38093e890350
                           .group:00000000 wm4.stdio.h.67.0cf8a9c281ab0b348aef5c02e7e48825
                           .group:00000000 wm4.stdio.h.2.4aa87247282eca6c8f36f9de33d8df1a
                           .group:00000000 wm4.stdio.h.87.408e5d973372126daeef099c555b2753
                           .group:00000000 wm4.stdlib.h.13.4ed386f5c1a80d71e72172885d946ef2
                           .group:00000000 wm4.stddef.h.158.eec8bf00b5213f43d095cb984c5f22e3
                           .group:00000000 wm4.alloca.h.8.dfc0c703c47ec3e69746825b17d9e66d
                           .group:00000000 wm4.stdlib.h.56.f4862cfbf4363a1db01842d5bdf72c18
                           .group:00000000 wm4.string.h.8.c4b8571ce60dff2817f43fec8b86aecd
                           .group:00000000 wm4.stm32f4xx_hal_conf.h.25.758a9f5dc6450f8647b5af7fe8eb27ed
                           .group:00000000 wm4.stm32f4xx.h.39.163e65267b4f964a08764289722b975f
                           .group:00000000 wm4.stm32f401xc.h.35.52d05665f5a2df9c1992e17eee7d2af5
                           .group:00000000 wm4.stdint.h.29.6d480f4ba0f60596e88234283d42444f
                           .group:00000000 wm4.cmsis_version.h.32.4d5822004c01a829a975260e854b5f8e
                           .group:00000000 wm4.core_cm4.h.66.e4ff136c4a17abc46741866f64f8e729
                           .group:00000000 wm4.cmsis_gcc.h.26.6774fe91202d65f4d5ffcff60e00da34
                           .group:00000000 wm4.core_cm4.h.174.059a5e001a9e729091d1407208e93224
                           .group:00000000 wm4.mpu_armv7.h.32.27b4593cb2f8d3152ca5d97a9d72b321
                           .group:00000000 wm4.stm32f401xc.h.636.9a664cc173dbe5d5f2dac1e758e3577d
ARM GAS  /tmp/cc6ryS53.s 			page 34


                           .group:00000000 wm4.stm32f4xx.h.196.0b21137cf6c6923d8fd1f4d94a3bfdd4
                           .group:00000000 wm4.stm32_hal_legacy.h.23.e2601123cf1b2a3b6d11d949644ddf87
                           .group:00000000 wm4.stm32f4xx_hal_def.h.58.54897f0de68447ab41a176b2bea62238
                           .group:00000000 wm4.stm32f4xx_hal_rcc_ex.h.22.3f3b596cc307dc701c7c99b0fc6c9b58
                           .group:00000000 wm4.stm32f4xx_hal_rcc.h.108.b82c8c670b41d96b2920e2f63661be15
                           .group:00000000 wm4.stm32f4xx_hal_gpio.h.22.e47df9f0f5be4ddc2ed2d14042c5e680
                           .group:00000000 wm4.stm32f4xx_hal_gpio_ex.h.22.5014ee010492a350679453c3b4a59718
                           .group:00000000 wm4.stm32f4xx_hal_gpio.h.255.5b948d47ad1357d6d2213e5e5ca4755c
                           .group:00000000 wm4.stm32f4xx_hal_exti.h.22.1f47767199c5bf749c04088e5c61c9c8
                           .group:00000000 wm4.stm32f4xx_hal_dma.h.22.fffce20ac9119c50557659c75e75ab1c
                           .group:00000000 wm4.stm32f4xx_hal_dma.h.721.a1e57ffbc615f926e6509c5acc65e492
                           .group:00000000 wm4.stm32f4xx_hal_cortex.h.22.e6aa3b847b5388be63c32d1f9e696ef7
                           .group:00000000 wm4.stm32f4xx_ll_adc.h.22.a8e07f8509bbb4868e2c24461c7eee47
                           .group:00000000 wm4.stm32f4xx_hal_adc.h.160.ef18931a059b62efbac7762c6a09e47f
                           .group:00000000 wm4.stm32f4xx_hal_adc_ex.h.22.25ddc09ef7109b33adae2990f50c4304
                           .group:00000000 wm4.stm32f4xx_hal_adc.h.640.733b38c420d3407eb5f8ddd98816c661
                           .group:00000000 wm4.stm32f4xx_hal_flash.h.22.31b301be2655c3eb8583e51c8231544a
                           .group:00000000 wm4.stm32f4xx_hal_flash_ex.h.22.00cb5cb208d28a1f20f3b257a6f51bad
                           .group:00000000 wm4.stm32f4xx_hal_flash.h.363.51efdf0f6c88f683efb89d7cc95cc1be
                           .group:00000000 wm4.stm32f4xx_hal_pwr.h.22.2c27d93ae187efe3a73816f03a329970
                           .group:00000000 wm4.stm32f4xx_hal_pwr_ex.h.22.04eb3957e13ca6e5ed8952d2d168bdc0
                           .group:00000000 wm4.stm32f4xx_hal_pwr.h.337.60b43975c84527a23cb6994b23165a5e
                           .group:00000000 wm4.stm32f4xx_hal_uart.h.22.591b491756a19342b0bf79eea5b33e1b
                           .group:00000000 wm4.stm32f4xx_ll_usb.h.22.3497d8ac31b2bdafc7c2a34d860c4769
                           .group:00000000 wm4.stm32f4xx_hal_hcd.h.111.a51c3bd0d61d2d8cadb372f7c7d9eccb
                           .group:00000000 wm4.stm32f4xx_hal.h.72.a5a58188aa461a0614f1e58e159c7840
                           .group:00000000 wm4.main.h.71.bc0cb02e68a9e5487bd44975fd1506af
                           .group:00000000 wm4.usbh_conf.h.65.151c65329cc7c235ce65de2a3390581e
                           .group:00000000 wm4.usbh_def.h.22.880def0f14ab205d26992d2a2bb1bab8
                           .group:00000000 wm4.usbh_ioreq.h.50.0074542f2717bb439abbb8fd98a9701e
                           .group:00000000 wm4.usbh_ctlreq.h.22.9bfba4b97481aa4223fea2a82ac65e06
                           .group:00000000 wm4.usbh_core.h.55.ae1dc9825935c4c49bf309379b79900a
                           .group:00000000 wm4.usbh_msc_bot.h.148.c0f32ed268adee6fe40d027b23d0ec06
                           .group:00000000 wm4.usbh_msc_scsi.h.22.08451b08ada808d7ace91ebdd07a6a33
                           .group:00000000 wm4.usbh_msc.h.89.b5971865bf452589c8f1958913d76df6

UNDEFINED SYMBOLS
USBH_LL_GetLastXferSize
USBH_ClrFeature
USBH_CtlReq
USBH_BulkSendData
USBH_LL_GetURBState
USBH_BulkReceiveData
USBH_LL_GetToggle
USBH_LL_SetToggle
