ARM GAS  /tmp/ccPm0lWZ.s 			page 1


   1              		.cpu cortex-m4
   2              		.arch armv7e-m
   3              		.fpu fpv4-sp-d16
   4              		.eabi_attribute 27, 1
   5              		.eabi_attribute 28, 1
   6              		.eabi_attribute 20, 1
   7              		.eabi_attribute 21, 1
   8              		.eabi_attribute 23, 3
   9              		.eabi_attribute 24, 1
  10              		.eabi_attribute 25, 1
  11              		.eabi_attribute 26, 1
  12              		.eabi_attribute 30, 1
  13              		.eabi_attribute 34, 1
  14              		.eabi_attribute 18, 4
  15              		.file	"usbh_msc.c"
  16              		.text
  17              	.Ltext0:
  18              		.cfi_sections	.debug_frame
  19              		.file 1 "Middlewares/ST/STM32_USB_Host_Library/Class/MSC/Src/usbh_msc.c"
  20              		.section	.text.USBH_MSC_SOFProcess,"ax",%progbits
  21              		.align	1
  22              		.syntax unified
  23              		.thumb
  24              		.thumb_func
  26              	USBH_MSC_SOFProcess:
  27              	.LVL0:
  28              	.LFB223:
   1:Middlewares/ST/STM32_USB_Host_Library/Class/MSC/Src/usbh_msc.c **** /**
   2:Middlewares/ST/STM32_USB_Host_Library/Class/MSC/Src/usbh_msc.c ****   ******************************************************************************
   3:Middlewares/ST/STM32_USB_Host_Library/Class/MSC/Src/usbh_msc.c ****   * @file    usbh_msc.c
   4:Middlewares/ST/STM32_USB_Host_Library/Class/MSC/Src/usbh_msc.c ****   * @author  MCD Application Team
   5:Middlewares/ST/STM32_USB_Host_Library/Class/MSC/Src/usbh_msc.c ****   * @brief   This file implements the MSC class driver functions
   6:Middlewares/ST/STM32_USB_Host_Library/Class/MSC/Src/usbh_msc.c ****   *          ===================================================================
   7:Middlewares/ST/STM32_USB_Host_Library/Class/MSC/Src/usbh_msc.c ****   *                                MSC Class  Description
   8:Middlewares/ST/STM32_USB_Host_Library/Class/MSC/Src/usbh_msc.c ****   *          ===================================================================
   9:Middlewares/ST/STM32_USB_Host_Library/Class/MSC/Src/usbh_msc.c ****   *           This module manages the MSC class V1.0 following the "Universal
  10:Middlewares/ST/STM32_USB_Host_Library/Class/MSC/Src/usbh_msc.c ****   *           Serial Bus Mass Storage Class (MSC) Bulk-Only Transport (BOT) Version 1.0
  11:Middlewares/ST/STM32_USB_Host_Library/Class/MSC/Src/usbh_msc.c ****   *           Sep. 31, 1999".
  12:Middlewares/ST/STM32_USB_Host_Library/Class/MSC/Src/usbh_msc.c ****   *           This driver implements the following aspects of the specification:
  13:Middlewares/ST/STM32_USB_Host_Library/Class/MSC/Src/usbh_msc.c ****   *             - Bulk-Only Transport protocol
  14:Middlewares/ST/STM32_USB_Host_Library/Class/MSC/Src/usbh_msc.c ****   *             - Subclass : SCSI transparent command set (ref. SCSI Primary Commands - 3 (SPC-3))
  15:Middlewares/ST/STM32_USB_Host_Library/Class/MSC/Src/usbh_msc.c ****   *
  16:Middlewares/ST/STM32_USB_Host_Library/Class/MSC/Src/usbh_msc.c ****   *  @endverbatim
  17:Middlewares/ST/STM32_USB_Host_Library/Class/MSC/Src/usbh_msc.c ****   *
  18:Middlewares/ST/STM32_USB_Host_Library/Class/MSC/Src/usbh_msc.c ****   ******************************************************************************
  19:Middlewares/ST/STM32_USB_Host_Library/Class/MSC/Src/usbh_msc.c ****   * @attention
  20:Middlewares/ST/STM32_USB_Host_Library/Class/MSC/Src/usbh_msc.c ****   *
  21:Middlewares/ST/STM32_USB_Host_Library/Class/MSC/Src/usbh_msc.c ****   * <h2><center>&copy; Copyright (c) 2015 STMicroelectronics.
  22:Middlewares/ST/STM32_USB_Host_Library/Class/MSC/Src/usbh_msc.c ****   * All rights reserved.</center></h2>
  23:Middlewares/ST/STM32_USB_Host_Library/Class/MSC/Src/usbh_msc.c ****   *
  24:Middlewares/ST/STM32_USB_Host_Library/Class/MSC/Src/usbh_msc.c ****   * This software component is licensed by ST under Ultimate Liberty license
  25:Middlewares/ST/STM32_USB_Host_Library/Class/MSC/Src/usbh_msc.c ****   * SLA0044, the "License"; You may not use this file except in compliance with
  26:Middlewares/ST/STM32_USB_Host_Library/Class/MSC/Src/usbh_msc.c ****   * the License. You may obtain a copy of the License at:
  27:Middlewares/ST/STM32_USB_Host_Library/Class/MSC/Src/usbh_msc.c ****   *                      www.st.com/SLA0044
  28:Middlewares/ST/STM32_USB_Host_Library/Class/MSC/Src/usbh_msc.c ****   *
  29:Middlewares/ST/STM32_USB_Host_Library/Class/MSC/Src/usbh_msc.c ****   ******************************************************************************
  30:Middlewares/ST/STM32_USB_Host_Library/Class/MSC/Src/usbh_msc.c ****   */
ARM GAS  /tmp/ccPm0lWZ.s 			page 2


  31:Middlewares/ST/STM32_USB_Host_Library/Class/MSC/Src/usbh_msc.c **** 
  32:Middlewares/ST/STM32_USB_Host_Library/Class/MSC/Src/usbh_msc.c **** /* BSPDependencies
  33:Middlewares/ST/STM32_USB_Host_Library/Class/MSC/Src/usbh_msc.c **** - "stm32xxxxx_{eval}{discovery}{nucleo_144}.c"
  34:Middlewares/ST/STM32_USB_Host_Library/Class/MSC/Src/usbh_msc.c **** - "stm32xxxxx_{eval}{discovery}_io.c"
  35:Middlewares/ST/STM32_USB_Host_Library/Class/MSC/Src/usbh_msc.c **** - "stm32xxxxx_{eval}{discovery}{adafruit}_lcd.c"
  36:Middlewares/ST/STM32_USB_Host_Library/Class/MSC/Src/usbh_msc.c **** - "stm32xxxxx_{eval}{discovery}_sdram.c"
  37:Middlewares/ST/STM32_USB_Host_Library/Class/MSC/Src/usbh_msc.c **** EndBSPDependencies */
  38:Middlewares/ST/STM32_USB_Host_Library/Class/MSC/Src/usbh_msc.c **** 
  39:Middlewares/ST/STM32_USB_Host_Library/Class/MSC/Src/usbh_msc.c **** /* Includes ------------------------------------------------------------------*/
  40:Middlewares/ST/STM32_USB_Host_Library/Class/MSC/Src/usbh_msc.c **** #include "usbh_msc.h"
  41:Middlewares/ST/STM32_USB_Host_Library/Class/MSC/Src/usbh_msc.c **** #include "usbh_msc_bot.h"
  42:Middlewares/ST/STM32_USB_Host_Library/Class/MSC/Src/usbh_msc.c **** #include "usbh_msc_scsi.h"
  43:Middlewares/ST/STM32_USB_Host_Library/Class/MSC/Src/usbh_msc.c **** 
  44:Middlewares/ST/STM32_USB_Host_Library/Class/MSC/Src/usbh_msc.c **** 
  45:Middlewares/ST/STM32_USB_Host_Library/Class/MSC/Src/usbh_msc.c **** /** @addtogroup USBH_LIB
  46:Middlewares/ST/STM32_USB_Host_Library/Class/MSC/Src/usbh_msc.c ****   * @{
  47:Middlewares/ST/STM32_USB_Host_Library/Class/MSC/Src/usbh_msc.c ****   */
  48:Middlewares/ST/STM32_USB_Host_Library/Class/MSC/Src/usbh_msc.c **** 
  49:Middlewares/ST/STM32_USB_Host_Library/Class/MSC/Src/usbh_msc.c **** /** @addtogroup USBH_CLASS
  50:Middlewares/ST/STM32_USB_Host_Library/Class/MSC/Src/usbh_msc.c ****   * @{
  51:Middlewares/ST/STM32_USB_Host_Library/Class/MSC/Src/usbh_msc.c ****   */
  52:Middlewares/ST/STM32_USB_Host_Library/Class/MSC/Src/usbh_msc.c **** 
  53:Middlewares/ST/STM32_USB_Host_Library/Class/MSC/Src/usbh_msc.c **** /** @addtogroup USBH_MSC_CLASS
  54:Middlewares/ST/STM32_USB_Host_Library/Class/MSC/Src/usbh_msc.c ****   * @{
  55:Middlewares/ST/STM32_USB_Host_Library/Class/MSC/Src/usbh_msc.c ****   */
  56:Middlewares/ST/STM32_USB_Host_Library/Class/MSC/Src/usbh_msc.c **** 
  57:Middlewares/ST/STM32_USB_Host_Library/Class/MSC/Src/usbh_msc.c **** /** @defgroup USBH_MSC_CORE
  58:Middlewares/ST/STM32_USB_Host_Library/Class/MSC/Src/usbh_msc.c ****   * @brief    This file includes the mass storage related functions
  59:Middlewares/ST/STM32_USB_Host_Library/Class/MSC/Src/usbh_msc.c ****   * @{
  60:Middlewares/ST/STM32_USB_Host_Library/Class/MSC/Src/usbh_msc.c ****   */
  61:Middlewares/ST/STM32_USB_Host_Library/Class/MSC/Src/usbh_msc.c **** 
  62:Middlewares/ST/STM32_USB_Host_Library/Class/MSC/Src/usbh_msc.c **** 
  63:Middlewares/ST/STM32_USB_Host_Library/Class/MSC/Src/usbh_msc.c **** /** @defgroup USBH_MSC_CORE_Private_TypesDefinitions
  64:Middlewares/ST/STM32_USB_Host_Library/Class/MSC/Src/usbh_msc.c ****   * @{
  65:Middlewares/ST/STM32_USB_Host_Library/Class/MSC/Src/usbh_msc.c ****   */
  66:Middlewares/ST/STM32_USB_Host_Library/Class/MSC/Src/usbh_msc.c **** /**
  67:Middlewares/ST/STM32_USB_Host_Library/Class/MSC/Src/usbh_msc.c ****   * @}
  68:Middlewares/ST/STM32_USB_Host_Library/Class/MSC/Src/usbh_msc.c ****   */
  69:Middlewares/ST/STM32_USB_Host_Library/Class/MSC/Src/usbh_msc.c **** 
  70:Middlewares/ST/STM32_USB_Host_Library/Class/MSC/Src/usbh_msc.c **** /** @defgroup USBH_MSC_CORE_Private_Defines
  71:Middlewares/ST/STM32_USB_Host_Library/Class/MSC/Src/usbh_msc.c ****   * @{
  72:Middlewares/ST/STM32_USB_Host_Library/Class/MSC/Src/usbh_msc.c ****   */
  73:Middlewares/ST/STM32_USB_Host_Library/Class/MSC/Src/usbh_msc.c **** /**
  74:Middlewares/ST/STM32_USB_Host_Library/Class/MSC/Src/usbh_msc.c ****   * @}
  75:Middlewares/ST/STM32_USB_Host_Library/Class/MSC/Src/usbh_msc.c ****   */
  76:Middlewares/ST/STM32_USB_Host_Library/Class/MSC/Src/usbh_msc.c **** 
  77:Middlewares/ST/STM32_USB_Host_Library/Class/MSC/Src/usbh_msc.c **** /** @defgroup USBH_MSC_CORE_Private_Macros
  78:Middlewares/ST/STM32_USB_Host_Library/Class/MSC/Src/usbh_msc.c ****   * @{
  79:Middlewares/ST/STM32_USB_Host_Library/Class/MSC/Src/usbh_msc.c ****   */
  80:Middlewares/ST/STM32_USB_Host_Library/Class/MSC/Src/usbh_msc.c **** /**
  81:Middlewares/ST/STM32_USB_Host_Library/Class/MSC/Src/usbh_msc.c ****   * @}
  82:Middlewares/ST/STM32_USB_Host_Library/Class/MSC/Src/usbh_msc.c ****   */
  83:Middlewares/ST/STM32_USB_Host_Library/Class/MSC/Src/usbh_msc.c **** 
  84:Middlewares/ST/STM32_USB_Host_Library/Class/MSC/Src/usbh_msc.c **** 
  85:Middlewares/ST/STM32_USB_Host_Library/Class/MSC/Src/usbh_msc.c **** /** @defgroup USBH_MSC_CORE_Private_Variables
  86:Middlewares/ST/STM32_USB_Host_Library/Class/MSC/Src/usbh_msc.c ****   * @{
  87:Middlewares/ST/STM32_USB_Host_Library/Class/MSC/Src/usbh_msc.c ****   */
ARM GAS  /tmp/ccPm0lWZ.s 			page 3


  88:Middlewares/ST/STM32_USB_Host_Library/Class/MSC/Src/usbh_msc.c **** /**
  89:Middlewares/ST/STM32_USB_Host_Library/Class/MSC/Src/usbh_msc.c ****   * @}
  90:Middlewares/ST/STM32_USB_Host_Library/Class/MSC/Src/usbh_msc.c ****   */
  91:Middlewares/ST/STM32_USB_Host_Library/Class/MSC/Src/usbh_msc.c **** 
  92:Middlewares/ST/STM32_USB_Host_Library/Class/MSC/Src/usbh_msc.c **** 
  93:Middlewares/ST/STM32_USB_Host_Library/Class/MSC/Src/usbh_msc.c **** /** @defgroup USBH_MSC_CORE_Private_FunctionPrototypes
  94:Middlewares/ST/STM32_USB_Host_Library/Class/MSC/Src/usbh_msc.c ****   * @{
  95:Middlewares/ST/STM32_USB_Host_Library/Class/MSC/Src/usbh_msc.c ****   */
  96:Middlewares/ST/STM32_USB_Host_Library/Class/MSC/Src/usbh_msc.c **** 
  97:Middlewares/ST/STM32_USB_Host_Library/Class/MSC/Src/usbh_msc.c **** static USBH_StatusTypeDef USBH_MSC_InterfaceInit(USBH_HandleTypeDef *phost);
  98:Middlewares/ST/STM32_USB_Host_Library/Class/MSC/Src/usbh_msc.c **** 
  99:Middlewares/ST/STM32_USB_Host_Library/Class/MSC/Src/usbh_msc.c **** static USBH_StatusTypeDef USBH_MSC_InterfaceDeInit(USBH_HandleTypeDef *phost);
 100:Middlewares/ST/STM32_USB_Host_Library/Class/MSC/Src/usbh_msc.c **** 
 101:Middlewares/ST/STM32_USB_Host_Library/Class/MSC/Src/usbh_msc.c **** static USBH_StatusTypeDef USBH_MSC_Process(USBH_HandleTypeDef *phost);
 102:Middlewares/ST/STM32_USB_Host_Library/Class/MSC/Src/usbh_msc.c **** 
 103:Middlewares/ST/STM32_USB_Host_Library/Class/MSC/Src/usbh_msc.c **** static USBH_StatusTypeDef USBH_MSC_ClassRequest(USBH_HandleTypeDef *phost);
 104:Middlewares/ST/STM32_USB_Host_Library/Class/MSC/Src/usbh_msc.c **** 
 105:Middlewares/ST/STM32_USB_Host_Library/Class/MSC/Src/usbh_msc.c **** static USBH_StatusTypeDef USBH_MSC_SOFProcess(USBH_HandleTypeDef *phost);
 106:Middlewares/ST/STM32_USB_Host_Library/Class/MSC/Src/usbh_msc.c **** 
 107:Middlewares/ST/STM32_USB_Host_Library/Class/MSC/Src/usbh_msc.c **** static USBH_StatusTypeDef USBH_MSC_RdWrProcess(USBH_HandleTypeDef *phost, uint8_t lun);
 108:Middlewares/ST/STM32_USB_Host_Library/Class/MSC/Src/usbh_msc.c **** 
 109:Middlewares/ST/STM32_USB_Host_Library/Class/MSC/Src/usbh_msc.c **** USBH_ClassTypeDef  USBH_msc =
 110:Middlewares/ST/STM32_USB_Host_Library/Class/MSC/Src/usbh_msc.c **** {
 111:Middlewares/ST/STM32_USB_Host_Library/Class/MSC/Src/usbh_msc.c ****   "MSC",
 112:Middlewares/ST/STM32_USB_Host_Library/Class/MSC/Src/usbh_msc.c ****   USB_MSC_CLASS,
 113:Middlewares/ST/STM32_USB_Host_Library/Class/MSC/Src/usbh_msc.c ****   USBH_MSC_InterfaceInit,
 114:Middlewares/ST/STM32_USB_Host_Library/Class/MSC/Src/usbh_msc.c ****   USBH_MSC_InterfaceDeInit,
 115:Middlewares/ST/STM32_USB_Host_Library/Class/MSC/Src/usbh_msc.c ****   USBH_MSC_ClassRequest,
 116:Middlewares/ST/STM32_USB_Host_Library/Class/MSC/Src/usbh_msc.c ****   USBH_MSC_Process,
 117:Middlewares/ST/STM32_USB_Host_Library/Class/MSC/Src/usbh_msc.c ****   USBH_MSC_SOFProcess,
 118:Middlewares/ST/STM32_USB_Host_Library/Class/MSC/Src/usbh_msc.c ****   NULL,
 119:Middlewares/ST/STM32_USB_Host_Library/Class/MSC/Src/usbh_msc.c **** };
 120:Middlewares/ST/STM32_USB_Host_Library/Class/MSC/Src/usbh_msc.c **** 
 121:Middlewares/ST/STM32_USB_Host_Library/Class/MSC/Src/usbh_msc.c **** 
 122:Middlewares/ST/STM32_USB_Host_Library/Class/MSC/Src/usbh_msc.c **** /**
 123:Middlewares/ST/STM32_USB_Host_Library/Class/MSC/Src/usbh_msc.c ****   * @}
 124:Middlewares/ST/STM32_USB_Host_Library/Class/MSC/Src/usbh_msc.c ****   */
 125:Middlewares/ST/STM32_USB_Host_Library/Class/MSC/Src/usbh_msc.c **** 
 126:Middlewares/ST/STM32_USB_Host_Library/Class/MSC/Src/usbh_msc.c **** 
 127:Middlewares/ST/STM32_USB_Host_Library/Class/MSC/Src/usbh_msc.c **** /** @defgroup USBH_MSC_CORE_Exported_Variables
 128:Middlewares/ST/STM32_USB_Host_Library/Class/MSC/Src/usbh_msc.c ****   * @{
 129:Middlewares/ST/STM32_USB_Host_Library/Class/MSC/Src/usbh_msc.c ****   */
 130:Middlewares/ST/STM32_USB_Host_Library/Class/MSC/Src/usbh_msc.c **** 
 131:Middlewares/ST/STM32_USB_Host_Library/Class/MSC/Src/usbh_msc.c **** /**
 132:Middlewares/ST/STM32_USB_Host_Library/Class/MSC/Src/usbh_msc.c ****   * @}
 133:Middlewares/ST/STM32_USB_Host_Library/Class/MSC/Src/usbh_msc.c ****   */
 134:Middlewares/ST/STM32_USB_Host_Library/Class/MSC/Src/usbh_msc.c **** 
 135:Middlewares/ST/STM32_USB_Host_Library/Class/MSC/Src/usbh_msc.c **** 
 136:Middlewares/ST/STM32_USB_Host_Library/Class/MSC/Src/usbh_msc.c **** /** @defgroup USBH_MSC_CORE_Private_Functions
 137:Middlewares/ST/STM32_USB_Host_Library/Class/MSC/Src/usbh_msc.c ****   * @{
 138:Middlewares/ST/STM32_USB_Host_Library/Class/MSC/Src/usbh_msc.c ****   */
 139:Middlewares/ST/STM32_USB_Host_Library/Class/MSC/Src/usbh_msc.c **** 
 140:Middlewares/ST/STM32_USB_Host_Library/Class/MSC/Src/usbh_msc.c **** 
 141:Middlewares/ST/STM32_USB_Host_Library/Class/MSC/Src/usbh_msc.c **** /**
 142:Middlewares/ST/STM32_USB_Host_Library/Class/MSC/Src/usbh_msc.c ****   * @brief  USBH_MSC_InterfaceInit
 143:Middlewares/ST/STM32_USB_Host_Library/Class/MSC/Src/usbh_msc.c ****   *         The function init the MSC class.
 144:Middlewares/ST/STM32_USB_Host_Library/Class/MSC/Src/usbh_msc.c ****   * @param  phost: Host handle
ARM GAS  /tmp/ccPm0lWZ.s 			page 4


 145:Middlewares/ST/STM32_USB_Host_Library/Class/MSC/Src/usbh_msc.c ****   * @retval USBH Status
 146:Middlewares/ST/STM32_USB_Host_Library/Class/MSC/Src/usbh_msc.c ****   */
 147:Middlewares/ST/STM32_USB_Host_Library/Class/MSC/Src/usbh_msc.c **** static USBH_StatusTypeDef USBH_MSC_InterfaceInit(USBH_HandleTypeDef *phost)
 148:Middlewares/ST/STM32_USB_Host_Library/Class/MSC/Src/usbh_msc.c **** {
 149:Middlewares/ST/STM32_USB_Host_Library/Class/MSC/Src/usbh_msc.c ****   USBH_StatusTypeDef status;
 150:Middlewares/ST/STM32_USB_Host_Library/Class/MSC/Src/usbh_msc.c ****   uint8_t interface;
 151:Middlewares/ST/STM32_USB_Host_Library/Class/MSC/Src/usbh_msc.c ****   MSC_HandleTypeDef *MSC_Handle;
 152:Middlewares/ST/STM32_USB_Host_Library/Class/MSC/Src/usbh_msc.c **** 
 153:Middlewares/ST/STM32_USB_Host_Library/Class/MSC/Src/usbh_msc.c ****   interface = USBH_FindInterface(phost, phost->pActiveClass->ClassCode, MSC_TRANSPARENT, MSC_BOT);
 154:Middlewares/ST/STM32_USB_Host_Library/Class/MSC/Src/usbh_msc.c **** 
 155:Middlewares/ST/STM32_USB_Host_Library/Class/MSC/Src/usbh_msc.c ****   if ((interface == 0xFFU) || (interface >= USBH_MAX_NUM_INTERFACES)) /* Not Valid Interface */
 156:Middlewares/ST/STM32_USB_Host_Library/Class/MSC/Src/usbh_msc.c ****   {
 157:Middlewares/ST/STM32_USB_Host_Library/Class/MSC/Src/usbh_msc.c ****     USBH_DbgLog("Cannot Find the interface for %s class.", phost->pActiveClass->Name);
 158:Middlewares/ST/STM32_USB_Host_Library/Class/MSC/Src/usbh_msc.c ****     return USBH_FAIL;
 159:Middlewares/ST/STM32_USB_Host_Library/Class/MSC/Src/usbh_msc.c ****   }
 160:Middlewares/ST/STM32_USB_Host_Library/Class/MSC/Src/usbh_msc.c **** 
 161:Middlewares/ST/STM32_USB_Host_Library/Class/MSC/Src/usbh_msc.c ****   status = USBH_SelectInterface(phost, interface);
 162:Middlewares/ST/STM32_USB_Host_Library/Class/MSC/Src/usbh_msc.c **** 
 163:Middlewares/ST/STM32_USB_Host_Library/Class/MSC/Src/usbh_msc.c ****   if (status != USBH_OK)
 164:Middlewares/ST/STM32_USB_Host_Library/Class/MSC/Src/usbh_msc.c ****   {
 165:Middlewares/ST/STM32_USB_Host_Library/Class/MSC/Src/usbh_msc.c ****     return USBH_FAIL;
 166:Middlewares/ST/STM32_USB_Host_Library/Class/MSC/Src/usbh_msc.c ****   }
 167:Middlewares/ST/STM32_USB_Host_Library/Class/MSC/Src/usbh_msc.c **** 
 168:Middlewares/ST/STM32_USB_Host_Library/Class/MSC/Src/usbh_msc.c ****   phost->pActiveClass->pData = (MSC_HandleTypeDef *)USBH_malloc(sizeof(MSC_HandleTypeDef));
 169:Middlewares/ST/STM32_USB_Host_Library/Class/MSC/Src/usbh_msc.c ****   MSC_Handle = (MSC_HandleTypeDef *) phost->pActiveClass->pData;
 170:Middlewares/ST/STM32_USB_Host_Library/Class/MSC/Src/usbh_msc.c **** 
 171:Middlewares/ST/STM32_USB_Host_Library/Class/MSC/Src/usbh_msc.c ****   if (MSC_Handle == NULL)
 172:Middlewares/ST/STM32_USB_Host_Library/Class/MSC/Src/usbh_msc.c ****   {
 173:Middlewares/ST/STM32_USB_Host_Library/Class/MSC/Src/usbh_msc.c ****     USBH_DbgLog("Cannot allocate memory for MSC Handle");
 174:Middlewares/ST/STM32_USB_Host_Library/Class/MSC/Src/usbh_msc.c ****     return USBH_FAIL;
 175:Middlewares/ST/STM32_USB_Host_Library/Class/MSC/Src/usbh_msc.c ****   }
 176:Middlewares/ST/STM32_USB_Host_Library/Class/MSC/Src/usbh_msc.c **** 
 177:Middlewares/ST/STM32_USB_Host_Library/Class/MSC/Src/usbh_msc.c ****   /* Initialize msc handler */
 178:Middlewares/ST/STM32_USB_Host_Library/Class/MSC/Src/usbh_msc.c ****   USBH_memset(MSC_Handle, 0, sizeof(MSC_HandleTypeDef));
 179:Middlewares/ST/STM32_USB_Host_Library/Class/MSC/Src/usbh_msc.c **** 
 180:Middlewares/ST/STM32_USB_Host_Library/Class/MSC/Src/usbh_msc.c ****   if (phost->device.CfgDesc.Itf_Desc[interface].Ep_Desc[0].bEndpointAddress & 0x80U)
 181:Middlewares/ST/STM32_USB_Host_Library/Class/MSC/Src/usbh_msc.c ****   {
 182:Middlewares/ST/STM32_USB_Host_Library/Class/MSC/Src/usbh_msc.c ****     MSC_Handle->InEp = (phost->device.CfgDesc.Itf_Desc[interface].Ep_Desc[0].bEndpointAddress);
 183:Middlewares/ST/STM32_USB_Host_Library/Class/MSC/Src/usbh_msc.c ****     MSC_Handle->InEpSize = phost->device.CfgDesc.Itf_Desc[interface].Ep_Desc[0].wMaxPacketSize;
 184:Middlewares/ST/STM32_USB_Host_Library/Class/MSC/Src/usbh_msc.c ****   }
 185:Middlewares/ST/STM32_USB_Host_Library/Class/MSC/Src/usbh_msc.c ****   else
 186:Middlewares/ST/STM32_USB_Host_Library/Class/MSC/Src/usbh_msc.c ****   {
 187:Middlewares/ST/STM32_USB_Host_Library/Class/MSC/Src/usbh_msc.c ****     MSC_Handle->OutEp = (phost->device.CfgDesc.Itf_Desc[interface].Ep_Desc[0].bEndpointAddress);
 188:Middlewares/ST/STM32_USB_Host_Library/Class/MSC/Src/usbh_msc.c ****     MSC_Handle->OutEpSize = phost->device.CfgDesc.Itf_Desc[interface].Ep_Desc[0].wMaxPacketSize;
 189:Middlewares/ST/STM32_USB_Host_Library/Class/MSC/Src/usbh_msc.c ****   }
 190:Middlewares/ST/STM32_USB_Host_Library/Class/MSC/Src/usbh_msc.c **** 
 191:Middlewares/ST/STM32_USB_Host_Library/Class/MSC/Src/usbh_msc.c ****   if (phost->device.CfgDesc.Itf_Desc[interface].Ep_Desc[1].bEndpointAddress & 0x80U)
 192:Middlewares/ST/STM32_USB_Host_Library/Class/MSC/Src/usbh_msc.c ****   {
 193:Middlewares/ST/STM32_USB_Host_Library/Class/MSC/Src/usbh_msc.c ****     MSC_Handle->InEp = (phost->device.CfgDesc.Itf_Desc[interface].Ep_Desc[1].bEndpointAddress);
 194:Middlewares/ST/STM32_USB_Host_Library/Class/MSC/Src/usbh_msc.c ****     MSC_Handle->InEpSize = phost->device.CfgDesc.Itf_Desc[interface].Ep_Desc[1].wMaxPacketSize;
 195:Middlewares/ST/STM32_USB_Host_Library/Class/MSC/Src/usbh_msc.c ****   }
 196:Middlewares/ST/STM32_USB_Host_Library/Class/MSC/Src/usbh_msc.c ****   else
 197:Middlewares/ST/STM32_USB_Host_Library/Class/MSC/Src/usbh_msc.c ****   {
 198:Middlewares/ST/STM32_USB_Host_Library/Class/MSC/Src/usbh_msc.c ****     MSC_Handle->OutEp = (phost->device.CfgDesc.Itf_Desc[interface].Ep_Desc[1].bEndpointAddress);
 199:Middlewares/ST/STM32_USB_Host_Library/Class/MSC/Src/usbh_msc.c ****     MSC_Handle->OutEpSize = phost->device.CfgDesc.Itf_Desc[interface].Ep_Desc[1].wMaxPacketSize;
 200:Middlewares/ST/STM32_USB_Host_Library/Class/MSC/Src/usbh_msc.c ****   }
 201:Middlewares/ST/STM32_USB_Host_Library/Class/MSC/Src/usbh_msc.c **** 
ARM GAS  /tmp/ccPm0lWZ.s 			page 5


 202:Middlewares/ST/STM32_USB_Host_Library/Class/MSC/Src/usbh_msc.c ****   MSC_Handle->state = MSC_INIT;
 203:Middlewares/ST/STM32_USB_Host_Library/Class/MSC/Src/usbh_msc.c ****   MSC_Handle->error = MSC_OK;
 204:Middlewares/ST/STM32_USB_Host_Library/Class/MSC/Src/usbh_msc.c ****   MSC_Handle->req_state = MSC_REQ_IDLE;
 205:Middlewares/ST/STM32_USB_Host_Library/Class/MSC/Src/usbh_msc.c ****   MSC_Handle->OutPipe = USBH_AllocPipe(phost, MSC_Handle->OutEp);
 206:Middlewares/ST/STM32_USB_Host_Library/Class/MSC/Src/usbh_msc.c ****   MSC_Handle->InPipe = USBH_AllocPipe(phost, MSC_Handle->InEp);
 207:Middlewares/ST/STM32_USB_Host_Library/Class/MSC/Src/usbh_msc.c **** 
 208:Middlewares/ST/STM32_USB_Host_Library/Class/MSC/Src/usbh_msc.c ****   USBH_MSC_BOT_Init(phost);
 209:Middlewares/ST/STM32_USB_Host_Library/Class/MSC/Src/usbh_msc.c **** 
 210:Middlewares/ST/STM32_USB_Host_Library/Class/MSC/Src/usbh_msc.c ****   /* Open the new channels */
 211:Middlewares/ST/STM32_USB_Host_Library/Class/MSC/Src/usbh_msc.c ****   USBH_OpenPipe(phost, MSC_Handle->OutPipe, MSC_Handle->OutEp,
 212:Middlewares/ST/STM32_USB_Host_Library/Class/MSC/Src/usbh_msc.c ****                 phost->device.address, phost->device.speed,
 213:Middlewares/ST/STM32_USB_Host_Library/Class/MSC/Src/usbh_msc.c ****                 USB_EP_TYPE_BULK, MSC_Handle->OutEpSize);
 214:Middlewares/ST/STM32_USB_Host_Library/Class/MSC/Src/usbh_msc.c **** 
 215:Middlewares/ST/STM32_USB_Host_Library/Class/MSC/Src/usbh_msc.c ****   USBH_OpenPipe(phost, MSC_Handle->InPipe, MSC_Handle->InEp,
 216:Middlewares/ST/STM32_USB_Host_Library/Class/MSC/Src/usbh_msc.c ****                 phost->device.address, phost->device.speed, USB_EP_TYPE_BULK,
 217:Middlewares/ST/STM32_USB_Host_Library/Class/MSC/Src/usbh_msc.c ****                 MSC_Handle->InEpSize);
 218:Middlewares/ST/STM32_USB_Host_Library/Class/MSC/Src/usbh_msc.c **** 
 219:Middlewares/ST/STM32_USB_Host_Library/Class/MSC/Src/usbh_msc.c ****   USBH_LL_SetToggle(phost, MSC_Handle->InPipe, 0U);
 220:Middlewares/ST/STM32_USB_Host_Library/Class/MSC/Src/usbh_msc.c ****   USBH_LL_SetToggle(phost, MSC_Handle->OutPipe, 0U);
 221:Middlewares/ST/STM32_USB_Host_Library/Class/MSC/Src/usbh_msc.c **** 
 222:Middlewares/ST/STM32_USB_Host_Library/Class/MSC/Src/usbh_msc.c ****   return USBH_OK;
 223:Middlewares/ST/STM32_USB_Host_Library/Class/MSC/Src/usbh_msc.c **** }
 224:Middlewares/ST/STM32_USB_Host_Library/Class/MSC/Src/usbh_msc.c **** 
 225:Middlewares/ST/STM32_USB_Host_Library/Class/MSC/Src/usbh_msc.c **** /**
 226:Middlewares/ST/STM32_USB_Host_Library/Class/MSC/Src/usbh_msc.c ****   * @brief  USBH_MSC_InterfaceDeInit
 227:Middlewares/ST/STM32_USB_Host_Library/Class/MSC/Src/usbh_msc.c ****   *         The function DeInit the Pipes used for the MSC class.
 228:Middlewares/ST/STM32_USB_Host_Library/Class/MSC/Src/usbh_msc.c ****   * @param  phost: Host handle
 229:Middlewares/ST/STM32_USB_Host_Library/Class/MSC/Src/usbh_msc.c ****   * @retval USBH Status
 230:Middlewares/ST/STM32_USB_Host_Library/Class/MSC/Src/usbh_msc.c ****   */
 231:Middlewares/ST/STM32_USB_Host_Library/Class/MSC/Src/usbh_msc.c **** static USBH_StatusTypeDef USBH_MSC_InterfaceDeInit(USBH_HandleTypeDef *phost)
 232:Middlewares/ST/STM32_USB_Host_Library/Class/MSC/Src/usbh_msc.c **** {
 233:Middlewares/ST/STM32_USB_Host_Library/Class/MSC/Src/usbh_msc.c ****   MSC_HandleTypeDef *MSC_Handle = (MSC_HandleTypeDef *) phost->pActiveClass->pData;
 234:Middlewares/ST/STM32_USB_Host_Library/Class/MSC/Src/usbh_msc.c **** 
 235:Middlewares/ST/STM32_USB_Host_Library/Class/MSC/Src/usbh_msc.c ****   if (MSC_Handle->OutPipe)
 236:Middlewares/ST/STM32_USB_Host_Library/Class/MSC/Src/usbh_msc.c ****   {
 237:Middlewares/ST/STM32_USB_Host_Library/Class/MSC/Src/usbh_msc.c ****     USBH_ClosePipe(phost, MSC_Handle->OutPipe);
 238:Middlewares/ST/STM32_USB_Host_Library/Class/MSC/Src/usbh_msc.c ****     USBH_FreePipe(phost, MSC_Handle->OutPipe);
 239:Middlewares/ST/STM32_USB_Host_Library/Class/MSC/Src/usbh_msc.c ****     MSC_Handle->OutPipe = 0U;     /* Reset the Channel as Free */
 240:Middlewares/ST/STM32_USB_Host_Library/Class/MSC/Src/usbh_msc.c ****   }
 241:Middlewares/ST/STM32_USB_Host_Library/Class/MSC/Src/usbh_msc.c **** 
 242:Middlewares/ST/STM32_USB_Host_Library/Class/MSC/Src/usbh_msc.c ****   if (MSC_Handle->InPipe)
 243:Middlewares/ST/STM32_USB_Host_Library/Class/MSC/Src/usbh_msc.c ****   {
 244:Middlewares/ST/STM32_USB_Host_Library/Class/MSC/Src/usbh_msc.c ****     USBH_ClosePipe(phost, MSC_Handle->InPipe);
 245:Middlewares/ST/STM32_USB_Host_Library/Class/MSC/Src/usbh_msc.c ****     USBH_FreePipe(phost, MSC_Handle->InPipe);
 246:Middlewares/ST/STM32_USB_Host_Library/Class/MSC/Src/usbh_msc.c ****     MSC_Handle->InPipe = 0U;     /* Reset the Channel as Free */
 247:Middlewares/ST/STM32_USB_Host_Library/Class/MSC/Src/usbh_msc.c ****   }
 248:Middlewares/ST/STM32_USB_Host_Library/Class/MSC/Src/usbh_msc.c **** 
 249:Middlewares/ST/STM32_USB_Host_Library/Class/MSC/Src/usbh_msc.c ****   if (phost->pActiveClass->pData)
 250:Middlewares/ST/STM32_USB_Host_Library/Class/MSC/Src/usbh_msc.c ****   {
 251:Middlewares/ST/STM32_USB_Host_Library/Class/MSC/Src/usbh_msc.c ****     USBH_free(phost->pActiveClass->pData);
 252:Middlewares/ST/STM32_USB_Host_Library/Class/MSC/Src/usbh_msc.c ****     phost->pActiveClass->pData = 0U;
 253:Middlewares/ST/STM32_USB_Host_Library/Class/MSC/Src/usbh_msc.c ****   }
 254:Middlewares/ST/STM32_USB_Host_Library/Class/MSC/Src/usbh_msc.c **** 
 255:Middlewares/ST/STM32_USB_Host_Library/Class/MSC/Src/usbh_msc.c ****   return USBH_OK;
 256:Middlewares/ST/STM32_USB_Host_Library/Class/MSC/Src/usbh_msc.c **** }
 257:Middlewares/ST/STM32_USB_Host_Library/Class/MSC/Src/usbh_msc.c **** 
 258:Middlewares/ST/STM32_USB_Host_Library/Class/MSC/Src/usbh_msc.c **** /**
ARM GAS  /tmp/ccPm0lWZ.s 			page 6


 259:Middlewares/ST/STM32_USB_Host_Library/Class/MSC/Src/usbh_msc.c ****   * @brief  USBH_MSC_ClassRequest
 260:Middlewares/ST/STM32_USB_Host_Library/Class/MSC/Src/usbh_msc.c ****   *         The function is responsible for handling Standard requests
 261:Middlewares/ST/STM32_USB_Host_Library/Class/MSC/Src/usbh_msc.c ****   *         for MSC class.
 262:Middlewares/ST/STM32_USB_Host_Library/Class/MSC/Src/usbh_msc.c ****   * @param  phost: Host handle
 263:Middlewares/ST/STM32_USB_Host_Library/Class/MSC/Src/usbh_msc.c ****   * @retval USBH Status
 264:Middlewares/ST/STM32_USB_Host_Library/Class/MSC/Src/usbh_msc.c ****   */
 265:Middlewares/ST/STM32_USB_Host_Library/Class/MSC/Src/usbh_msc.c **** static USBH_StatusTypeDef USBH_MSC_ClassRequest(USBH_HandleTypeDef *phost)
 266:Middlewares/ST/STM32_USB_Host_Library/Class/MSC/Src/usbh_msc.c **** {
 267:Middlewares/ST/STM32_USB_Host_Library/Class/MSC/Src/usbh_msc.c ****   MSC_HandleTypeDef *MSC_Handle = (MSC_HandleTypeDef *) phost->pActiveClass->pData;
 268:Middlewares/ST/STM32_USB_Host_Library/Class/MSC/Src/usbh_msc.c ****   USBH_StatusTypeDef status = USBH_BUSY;
 269:Middlewares/ST/STM32_USB_Host_Library/Class/MSC/Src/usbh_msc.c ****   uint8_t i;
 270:Middlewares/ST/STM32_USB_Host_Library/Class/MSC/Src/usbh_msc.c **** 
 271:Middlewares/ST/STM32_USB_Host_Library/Class/MSC/Src/usbh_msc.c ****   /* Switch MSC REQ state machine */
 272:Middlewares/ST/STM32_USB_Host_Library/Class/MSC/Src/usbh_msc.c ****   switch (MSC_Handle->req_state)
 273:Middlewares/ST/STM32_USB_Host_Library/Class/MSC/Src/usbh_msc.c ****   {
 274:Middlewares/ST/STM32_USB_Host_Library/Class/MSC/Src/usbh_msc.c ****     case MSC_REQ_IDLE:
 275:Middlewares/ST/STM32_USB_Host_Library/Class/MSC/Src/usbh_msc.c ****     case MSC_REQ_GET_MAX_LUN:
 276:Middlewares/ST/STM32_USB_Host_Library/Class/MSC/Src/usbh_msc.c ****       /* Issue GetMaxLUN request */
 277:Middlewares/ST/STM32_USB_Host_Library/Class/MSC/Src/usbh_msc.c ****       status = USBH_MSC_BOT_REQ_GetMaxLUN(phost, &MSC_Handle->max_lun);
 278:Middlewares/ST/STM32_USB_Host_Library/Class/MSC/Src/usbh_msc.c **** 
 279:Middlewares/ST/STM32_USB_Host_Library/Class/MSC/Src/usbh_msc.c ****       /* When devices do not support the GetMaxLun request, this should
 280:Middlewares/ST/STM32_USB_Host_Library/Class/MSC/Src/usbh_msc.c ****          be considred as only one logical unit is supported */
 281:Middlewares/ST/STM32_USB_Host_Library/Class/MSC/Src/usbh_msc.c ****       if (status == USBH_NOT_SUPPORTED)
 282:Middlewares/ST/STM32_USB_Host_Library/Class/MSC/Src/usbh_msc.c ****       {
 283:Middlewares/ST/STM32_USB_Host_Library/Class/MSC/Src/usbh_msc.c ****         MSC_Handle->max_lun = 0U;
 284:Middlewares/ST/STM32_USB_Host_Library/Class/MSC/Src/usbh_msc.c ****         status = USBH_OK;
 285:Middlewares/ST/STM32_USB_Host_Library/Class/MSC/Src/usbh_msc.c ****       }
 286:Middlewares/ST/STM32_USB_Host_Library/Class/MSC/Src/usbh_msc.c **** 
 287:Middlewares/ST/STM32_USB_Host_Library/Class/MSC/Src/usbh_msc.c ****       if (status == USBH_OK)
 288:Middlewares/ST/STM32_USB_Host_Library/Class/MSC/Src/usbh_msc.c ****       {
 289:Middlewares/ST/STM32_USB_Host_Library/Class/MSC/Src/usbh_msc.c ****         MSC_Handle->max_lun = (MSC_Handle->max_lun > MAX_SUPPORTED_LUN) ? MAX_SUPPORTED_LUN : (MSC_
 290:Middlewares/ST/STM32_USB_Host_Library/Class/MSC/Src/usbh_msc.c ****         USBH_UsrLog("Number of supported LUN: %d", MSC_Handle->max_lun);
 291:Middlewares/ST/STM32_USB_Host_Library/Class/MSC/Src/usbh_msc.c **** 
 292:Middlewares/ST/STM32_USB_Host_Library/Class/MSC/Src/usbh_msc.c ****         for (i = 0U; i < MSC_Handle->max_lun; i++)
 293:Middlewares/ST/STM32_USB_Host_Library/Class/MSC/Src/usbh_msc.c ****         {
 294:Middlewares/ST/STM32_USB_Host_Library/Class/MSC/Src/usbh_msc.c ****           MSC_Handle->unit[i].prev_ready_state = USBH_FAIL;
 295:Middlewares/ST/STM32_USB_Host_Library/Class/MSC/Src/usbh_msc.c ****           MSC_Handle->unit[i].state_changed = 0U;
 296:Middlewares/ST/STM32_USB_Host_Library/Class/MSC/Src/usbh_msc.c ****         }
 297:Middlewares/ST/STM32_USB_Host_Library/Class/MSC/Src/usbh_msc.c ****       }
 298:Middlewares/ST/STM32_USB_Host_Library/Class/MSC/Src/usbh_msc.c ****       break;
 299:Middlewares/ST/STM32_USB_Host_Library/Class/MSC/Src/usbh_msc.c **** 
 300:Middlewares/ST/STM32_USB_Host_Library/Class/MSC/Src/usbh_msc.c ****     case MSC_REQ_ERROR:
 301:Middlewares/ST/STM32_USB_Host_Library/Class/MSC/Src/usbh_msc.c ****       /* a Clear Feature should be issued here */
 302:Middlewares/ST/STM32_USB_Host_Library/Class/MSC/Src/usbh_msc.c ****       if (USBH_ClrFeature(phost, 0x00U) == USBH_OK)
 303:Middlewares/ST/STM32_USB_Host_Library/Class/MSC/Src/usbh_msc.c ****       {
 304:Middlewares/ST/STM32_USB_Host_Library/Class/MSC/Src/usbh_msc.c ****         MSC_Handle->req_state = MSC_Handle->prev_req_state;
 305:Middlewares/ST/STM32_USB_Host_Library/Class/MSC/Src/usbh_msc.c ****       }
 306:Middlewares/ST/STM32_USB_Host_Library/Class/MSC/Src/usbh_msc.c ****       break;
 307:Middlewares/ST/STM32_USB_Host_Library/Class/MSC/Src/usbh_msc.c **** 
 308:Middlewares/ST/STM32_USB_Host_Library/Class/MSC/Src/usbh_msc.c ****     default:
 309:Middlewares/ST/STM32_USB_Host_Library/Class/MSC/Src/usbh_msc.c ****       break;
 310:Middlewares/ST/STM32_USB_Host_Library/Class/MSC/Src/usbh_msc.c ****   }
 311:Middlewares/ST/STM32_USB_Host_Library/Class/MSC/Src/usbh_msc.c **** 
 312:Middlewares/ST/STM32_USB_Host_Library/Class/MSC/Src/usbh_msc.c ****   return status;
 313:Middlewares/ST/STM32_USB_Host_Library/Class/MSC/Src/usbh_msc.c **** }
 314:Middlewares/ST/STM32_USB_Host_Library/Class/MSC/Src/usbh_msc.c **** 
 315:Middlewares/ST/STM32_USB_Host_Library/Class/MSC/Src/usbh_msc.c **** /**
ARM GAS  /tmp/ccPm0lWZ.s 			page 7


 316:Middlewares/ST/STM32_USB_Host_Library/Class/MSC/Src/usbh_msc.c ****   * @brief  USBH_MSC_Process
 317:Middlewares/ST/STM32_USB_Host_Library/Class/MSC/Src/usbh_msc.c ****   *         The function is for managing state machine for MSC data transfers
 318:Middlewares/ST/STM32_USB_Host_Library/Class/MSC/Src/usbh_msc.c ****   * @param  phost: Host handle
 319:Middlewares/ST/STM32_USB_Host_Library/Class/MSC/Src/usbh_msc.c ****   * @retval USBH Status
 320:Middlewares/ST/STM32_USB_Host_Library/Class/MSC/Src/usbh_msc.c ****   */
 321:Middlewares/ST/STM32_USB_Host_Library/Class/MSC/Src/usbh_msc.c **** static USBH_StatusTypeDef USBH_MSC_Process(USBH_HandleTypeDef *phost)
 322:Middlewares/ST/STM32_USB_Host_Library/Class/MSC/Src/usbh_msc.c **** {
 323:Middlewares/ST/STM32_USB_Host_Library/Class/MSC/Src/usbh_msc.c ****   MSC_HandleTypeDef *MSC_Handle = (MSC_HandleTypeDef *) phost->pActiveClass->pData;
 324:Middlewares/ST/STM32_USB_Host_Library/Class/MSC/Src/usbh_msc.c ****   USBH_StatusTypeDef error = USBH_BUSY;
 325:Middlewares/ST/STM32_USB_Host_Library/Class/MSC/Src/usbh_msc.c ****   USBH_StatusTypeDef scsi_status = USBH_BUSY;
 326:Middlewares/ST/STM32_USB_Host_Library/Class/MSC/Src/usbh_msc.c ****   USBH_StatusTypeDef ready_status = USBH_BUSY;
 327:Middlewares/ST/STM32_USB_Host_Library/Class/MSC/Src/usbh_msc.c **** 
 328:Middlewares/ST/STM32_USB_Host_Library/Class/MSC/Src/usbh_msc.c ****   switch (MSC_Handle->state)
 329:Middlewares/ST/STM32_USB_Host_Library/Class/MSC/Src/usbh_msc.c ****   {
 330:Middlewares/ST/STM32_USB_Host_Library/Class/MSC/Src/usbh_msc.c ****     case MSC_INIT:
 331:Middlewares/ST/STM32_USB_Host_Library/Class/MSC/Src/usbh_msc.c **** 
 332:Middlewares/ST/STM32_USB_Host_Library/Class/MSC/Src/usbh_msc.c ****       if (MSC_Handle->current_lun < MSC_Handle->max_lun)
 333:Middlewares/ST/STM32_USB_Host_Library/Class/MSC/Src/usbh_msc.c ****       {
 334:Middlewares/ST/STM32_USB_Host_Library/Class/MSC/Src/usbh_msc.c **** 
 335:Middlewares/ST/STM32_USB_Host_Library/Class/MSC/Src/usbh_msc.c ****         MSC_Handle->unit[MSC_Handle->current_lun].error = MSC_NOT_READY;
 336:Middlewares/ST/STM32_USB_Host_Library/Class/MSC/Src/usbh_msc.c ****         /* Switch MSC REQ state machine */
 337:Middlewares/ST/STM32_USB_Host_Library/Class/MSC/Src/usbh_msc.c ****         switch (MSC_Handle->unit[MSC_Handle->current_lun].state)
 338:Middlewares/ST/STM32_USB_Host_Library/Class/MSC/Src/usbh_msc.c ****         {
 339:Middlewares/ST/STM32_USB_Host_Library/Class/MSC/Src/usbh_msc.c ****           case MSC_INIT:
 340:Middlewares/ST/STM32_USB_Host_Library/Class/MSC/Src/usbh_msc.c ****             USBH_UsrLog("LUN #%d: ", MSC_Handle->current_lun);
 341:Middlewares/ST/STM32_USB_Host_Library/Class/MSC/Src/usbh_msc.c ****             MSC_Handle->unit[MSC_Handle->current_lun].state = MSC_READ_INQUIRY;
 342:Middlewares/ST/STM32_USB_Host_Library/Class/MSC/Src/usbh_msc.c ****             MSC_Handle->timer = phost->Timer;
 343:Middlewares/ST/STM32_USB_Host_Library/Class/MSC/Src/usbh_msc.c ****             break;
 344:Middlewares/ST/STM32_USB_Host_Library/Class/MSC/Src/usbh_msc.c **** 
 345:Middlewares/ST/STM32_USB_Host_Library/Class/MSC/Src/usbh_msc.c ****           case MSC_READ_INQUIRY:
 346:Middlewares/ST/STM32_USB_Host_Library/Class/MSC/Src/usbh_msc.c ****             scsi_status = USBH_MSC_SCSI_Inquiry(phost, (uint8_t)MSC_Handle->current_lun, &MSC_Handl
 347:Middlewares/ST/STM32_USB_Host_Library/Class/MSC/Src/usbh_msc.c **** 
 348:Middlewares/ST/STM32_USB_Host_Library/Class/MSC/Src/usbh_msc.c ****             if (scsi_status == USBH_OK)
 349:Middlewares/ST/STM32_USB_Host_Library/Class/MSC/Src/usbh_msc.c ****             {
 350:Middlewares/ST/STM32_USB_Host_Library/Class/MSC/Src/usbh_msc.c ****               USBH_UsrLog("Inquiry Vendor  : %s", MSC_Handle->unit[MSC_Handle->current_lun].inquiry
 351:Middlewares/ST/STM32_USB_Host_Library/Class/MSC/Src/usbh_msc.c ****               USBH_UsrLog("Inquiry Product : %s", MSC_Handle->unit[MSC_Handle->current_lun].inquiry
 352:Middlewares/ST/STM32_USB_Host_Library/Class/MSC/Src/usbh_msc.c ****               USBH_UsrLog("Inquiry Version : %s", MSC_Handle->unit[MSC_Handle->current_lun].inquiry
 353:Middlewares/ST/STM32_USB_Host_Library/Class/MSC/Src/usbh_msc.c ****               MSC_Handle->unit[MSC_Handle->current_lun].state = MSC_TEST_UNIT_READY;
 354:Middlewares/ST/STM32_USB_Host_Library/Class/MSC/Src/usbh_msc.c ****             }
 355:Middlewares/ST/STM32_USB_Host_Library/Class/MSC/Src/usbh_msc.c ****             if (scsi_status == USBH_FAIL)
 356:Middlewares/ST/STM32_USB_Host_Library/Class/MSC/Src/usbh_msc.c ****             {
 357:Middlewares/ST/STM32_USB_Host_Library/Class/MSC/Src/usbh_msc.c ****               MSC_Handle->unit[MSC_Handle->current_lun].state = MSC_REQUEST_SENSE;
 358:Middlewares/ST/STM32_USB_Host_Library/Class/MSC/Src/usbh_msc.c ****             }
 359:Middlewares/ST/STM32_USB_Host_Library/Class/MSC/Src/usbh_msc.c ****             else
 360:Middlewares/ST/STM32_USB_Host_Library/Class/MSC/Src/usbh_msc.c ****             {
 361:Middlewares/ST/STM32_USB_Host_Library/Class/MSC/Src/usbh_msc.c ****               if (scsi_status == USBH_UNRECOVERED_ERROR)
 362:Middlewares/ST/STM32_USB_Host_Library/Class/MSC/Src/usbh_msc.c ****               {
 363:Middlewares/ST/STM32_USB_Host_Library/Class/MSC/Src/usbh_msc.c ****                 MSC_Handle->unit[MSC_Handle->current_lun].state = MSC_IDLE;
 364:Middlewares/ST/STM32_USB_Host_Library/Class/MSC/Src/usbh_msc.c ****                 MSC_Handle->unit[MSC_Handle->current_lun].error = MSC_ERROR;
 365:Middlewares/ST/STM32_USB_Host_Library/Class/MSC/Src/usbh_msc.c ****               }
 366:Middlewares/ST/STM32_USB_Host_Library/Class/MSC/Src/usbh_msc.c ****             }
 367:Middlewares/ST/STM32_USB_Host_Library/Class/MSC/Src/usbh_msc.c ****             break;
 368:Middlewares/ST/STM32_USB_Host_Library/Class/MSC/Src/usbh_msc.c **** 
 369:Middlewares/ST/STM32_USB_Host_Library/Class/MSC/Src/usbh_msc.c ****           case MSC_TEST_UNIT_READY:
 370:Middlewares/ST/STM32_USB_Host_Library/Class/MSC/Src/usbh_msc.c ****             ready_status = USBH_MSC_SCSI_TestUnitReady(phost, (uint8_t)MSC_Handle->current_lun);
 371:Middlewares/ST/STM32_USB_Host_Library/Class/MSC/Src/usbh_msc.c **** 
 372:Middlewares/ST/STM32_USB_Host_Library/Class/MSC/Src/usbh_msc.c ****             if (ready_status == USBH_OK)
ARM GAS  /tmp/ccPm0lWZ.s 			page 8


 373:Middlewares/ST/STM32_USB_Host_Library/Class/MSC/Src/usbh_msc.c ****             {
 374:Middlewares/ST/STM32_USB_Host_Library/Class/MSC/Src/usbh_msc.c ****               if (MSC_Handle->unit[MSC_Handle->current_lun].prev_ready_state != USBH_OK)
 375:Middlewares/ST/STM32_USB_Host_Library/Class/MSC/Src/usbh_msc.c ****               {
 376:Middlewares/ST/STM32_USB_Host_Library/Class/MSC/Src/usbh_msc.c ****                 MSC_Handle->unit[MSC_Handle->current_lun].state_changed = 1U;
 377:Middlewares/ST/STM32_USB_Host_Library/Class/MSC/Src/usbh_msc.c ****                 USBH_UsrLog("MSC Device ready");
 378:Middlewares/ST/STM32_USB_Host_Library/Class/MSC/Src/usbh_msc.c ****               }
 379:Middlewares/ST/STM32_USB_Host_Library/Class/MSC/Src/usbh_msc.c ****               else
 380:Middlewares/ST/STM32_USB_Host_Library/Class/MSC/Src/usbh_msc.c ****               {
 381:Middlewares/ST/STM32_USB_Host_Library/Class/MSC/Src/usbh_msc.c ****                 MSC_Handle->unit[MSC_Handle->current_lun].state_changed = 0U;
 382:Middlewares/ST/STM32_USB_Host_Library/Class/MSC/Src/usbh_msc.c ****               }
 383:Middlewares/ST/STM32_USB_Host_Library/Class/MSC/Src/usbh_msc.c ****               MSC_Handle->unit[MSC_Handle->current_lun].state = MSC_READ_CAPACITY10;
 384:Middlewares/ST/STM32_USB_Host_Library/Class/MSC/Src/usbh_msc.c ****               MSC_Handle->unit[MSC_Handle->current_lun].error = MSC_OK;
 385:Middlewares/ST/STM32_USB_Host_Library/Class/MSC/Src/usbh_msc.c ****               MSC_Handle->unit[MSC_Handle->current_lun].prev_ready_state = USBH_OK;
 386:Middlewares/ST/STM32_USB_Host_Library/Class/MSC/Src/usbh_msc.c ****             }
 387:Middlewares/ST/STM32_USB_Host_Library/Class/MSC/Src/usbh_msc.c ****             if (ready_status == USBH_FAIL)
 388:Middlewares/ST/STM32_USB_Host_Library/Class/MSC/Src/usbh_msc.c ****             {
 389:Middlewares/ST/STM32_USB_Host_Library/Class/MSC/Src/usbh_msc.c ****               /* Media not ready, so try to check again during 10s */
 390:Middlewares/ST/STM32_USB_Host_Library/Class/MSC/Src/usbh_msc.c ****               if (MSC_Handle->unit[MSC_Handle->current_lun].prev_ready_state != USBH_FAIL)
 391:Middlewares/ST/STM32_USB_Host_Library/Class/MSC/Src/usbh_msc.c ****               {
 392:Middlewares/ST/STM32_USB_Host_Library/Class/MSC/Src/usbh_msc.c ****                 MSC_Handle->unit[MSC_Handle->current_lun].state_changed = 1U;
 393:Middlewares/ST/STM32_USB_Host_Library/Class/MSC/Src/usbh_msc.c ****                 USBH_UsrLog("MSC Device NOT ready");
 394:Middlewares/ST/STM32_USB_Host_Library/Class/MSC/Src/usbh_msc.c ****               }
 395:Middlewares/ST/STM32_USB_Host_Library/Class/MSC/Src/usbh_msc.c ****               else
 396:Middlewares/ST/STM32_USB_Host_Library/Class/MSC/Src/usbh_msc.c ****               {
 397:Middlewares/ST/STM32_USB_Host_Library/Class/MSC/Src/usbh_msc.c ****                 MSC_Handle->unit[MSC_Handle->current_lun].state_changed = 0U;
 398:Middlewares/ST/STM32_USB_Host_Library/Class/MSC/Src/usbh_msc.c ****               }
 399:Middlewares/ST/STM32_USB_Host_Library/Class/MSC/Src/usbh_msc.c ****               MSC_Handle->unit[MSC_Handle->current_lun].state = MSC_REQUEST_SENSE;
 400:Middlewares/ST/STM32_USB_Host_Library/Class/MSC/Src/usbh_msc.c ****               MSC_Handle->unit[MSC_Handle->current_lun].error = MSC_NOT_READY;
 401:Middlewares/ST/STM32_USB_Host_Library/Class/MSC/Src/usbh_msc.c ****               MSC_Handle->unit[MSC_Handle->current_lun].prev_ready_state = USBH_FAIL;
 402:Middlewares/ST/STM32_USB_Host_Library/Class/MSC/Src/usbh_msc.c ****             }
 403:Middlewares/ST/STM32_USB_Host_Library/Class/MSC/Src/usbh_msc.c ****             else
 404:Middlewares/ST/STM32_USB_Host_Library/Class/MSC/Src/usbh_msc.c ****             {
 405:Middlewares/ST/STM32_USB_Host_Library/Class/MSC/Src/usbh_msc.c ****               if (ready_status == USBH_UNRECOVERED_ERROR)
 406:Middlewares/ST/STM32_USB_Host_Library/Class/MSC/Src/usbh_msc.c ****               {
 407:Middlewares/ST/STM32_USB_Host_Library/Class/MSC/Src/usbh_msc.c ****                 MSC_Handle->unit[MSC_Handle->current_lun].state = MSC_IDLE;
 408:Middlewares/ST/STM32_USB_Host_Library/Class/MSC/Src/usbh_msc.c ****                 MSC_Handle->unit[MSC_Handle->current_lun].error = MSC_ERROR;
 409:Middlewares/ST/STM32_USB_Host_Library/Class/MSC/Src/usbh_msc.c ****               }
 410:Middlewares/ST/STM32_USB_Host_Library/Class/MSC/Src/usbh_msc.c ****             }
 411:Middlewares/ST/STM32_USB_Host_Library/Class/MSC/Src/usbh_msc.c ****             break;
 412:Middlewares/ST/STM32_USB_Host_Library/Class/MSC/Src/usbh_msc.c **** 
 413:Middlewares/ST/STM32_USB_Host_Library/Class/MSC/Src/usbh_msc.c ****           case MSC_READ_CAPACITY10:
 414:Middlewares/ST/STM32_USB_Host_Library/Class/MSC/Src/usbh_msc.c ****             scsi_status = USBH_MSC_SCSI_ReadCapacity(phost, (uint8_t)MSC_Handle->current_lun, &MSC_
 415:Middlewares/ST/STM32_USB_Host_Library/Class/MSC/Src/usbh_msc.c **** 
 416:Middlewares/ST/STM32_USB_Host_Library/Class/MSC/Src/usbh_msc.c ****             if (scsi_status == USBH_OK)
 417:Middlewares/ST/STM32_USB_Host_Library/Class/MSC/Src/usbh_msc.c ****             {
 418:Middlewares/ST/STM32_USB_Host_Library/Class/MSC/Src/usbh_msc.c ****               if (MSC_Handle->unit[MSC_Handle->current_lun].state_changed == 1U)
 419:Middlewares/ST/STM32_USB_Host_Library/Class/MSC/Src/usbh_msc.c ****               {
 420:Middlewares/ST/STM32_USB_Host_Library/Class/MSC/Src/usbh_msc.c ****                 USBH_UsrLog("MSC Device capacity : %lu Bytes", \
 421:Middlewares/ST/STM32_USB_Host_Library/Class/MSC/Src/usbh_msc.c ****                             (int32_t)(MSC_Handle->unit[MSC_Handle->current_lun].capacity.block_nbr 
 422:Middlewares/ST/STM32_USB_Host_Library/Class/MSC/Src/usbh_msc.c ****                 USBH_UsrLog("Block number : %lu", (int32_t)(MSC_Handle->unit[MSC_Handle->current_lu
 423:Middlewares/ST/STM32_USB_Host_Library/Class/MSC/Src/usbh_msc.c ****                 USBH_UsrLog("Block Size   : %lu", (int32_t)(MSC_Handle->unit[MSC_Handle->current_lu
 424:Middlewares/ST/STM32_USB_Host_Library/Class/MSC/Src/usbh_msc.c ****               }
 425:Middlewares/ST/STM32_USB_Host_Library/Class/MSC/Src/usbh_msc.c ****               MSC_Handle->unit[MSC_Handle->current_lun].state = MSC_IDLE;
 426:Middlewares/ST/STM32_USB_Host_Library/Class/MSC/Src/usbh_msc.c ****               MSC_Handle->unit[MSC_Handle->current_lun].error = MSC_OK;
 427:Middlewares/ST/STM32_USB_Host_Library/Class/MSC/Src/usbh_msc.c ****               MSC_Handle->current_lun++;
 428:Middlewares/ST/STM32_USB_Host_Library/Class/MSC/Src/usbh_msc.c ****             }
 429:Middlewares/ST/STM32_USB_Host_Library/Class/MSC/Src/usbh_msc.c ****             else if (scsi_status == USBH_FAIL)
ARM GAS  /tmp/ccPm0lWZ.s 			page 9


 430:Middlewares/ST/STM32_USB_Host_Library/Class/MSC/Src/usbh_msc.c ****             {
 431:Middlewares/ST/STM32_USB_Host_Library/Class/MSC/Src/usbh_msc.c ****               MSC_Handle->unit[MSC_Handle->current_lun].state = MSC_REQUEST_SENSE;
 432:Middlewares/ST/STM32_USB_Host_Library/Class/MSC/Src/usbh_msc.c ****             }
 433:Middlewares/ST/STM32_USB_Host_Library/Class/MSC/Src/usbh_msc.c ****             else
 434:Middlewares/ST/STM32_USB_Host_Library/Class/MSC/Src/usbh_msc.c ****             {
 435:Middlewares/ST/STM32_USB_Host_Library/Class/MSC/Src/usbh_msc.c ****               if (scsi_status == USBH_UNRECOVERED_ERROR)
 436:Middlewares/ST/STM32_USB_Host_Library/Class/MSC/Src/usbh_msc.c ****               {
 437:Middlewares/ST/STM32_USB_Host_Library/Class/MSC/Src/usbh_msc.c ****                 MSC_Handle->unit[MSC_Handle->current_lun].state = MSC_IDLE;
 438:Middlewares/ST/STM32_USB_Host_Library/Class/MSC/Src/usbh_msc.c ****                 MSC_Handle->unit[MSC_Handle->current_lun].error = MSC_ERROR;
 439:Middlewares/ST/STM32_USB_Host_Library/Class/MSC/Src/usbh_msc.c ****               }
 440:Middlewares/ST/STM32_USB_Host_Library/Class/MSC/Src/usbh_msc.c ****             }
 441:Middlewares/ST/STM32_USB_Host_Library/Class/MSC/Src/usbh_msc.c ****             break;
 442:Middlewares/ST/STM32_USB_Host_Library/Class/MSC/Src/usbh_msc.c **** 
 443:Middlewares/ST/STM32_USB_Host_Library/Class/MSC/Src/usbh_msc.c ****           case MSC_REQUEST_SENSE:
 444:Middlewares/ST/STM32_USB_Host_Library/Class/MSC/Src/usbh_msc.c ****             scsi_status = USBH_MSC_SCSI_RequestSense(phost, (uint8_t)MSC_Handle->current_lun, &MSC_
 445:Middlewares/ST/STM32_USB_Host_Library/Class/MSC/Src/usbh_msc.c **** 
 446:Middlewares/ST/STM32_USB_Host_Library/Class/MSC/Src/usbh_msc.c ****             if (scsi_status == USBH_OK)
 447:Middlewares/ST/STM32_USB_Host_Library/Class/MSC/Src/usbh_msc.c ****             {
 448:Middlewares/ST/STM32_USB_Host_Library/Class/MSC/Src/usbh_msc.c ****               if ((MSC_Handle->unit[MSC_Handle->current_lun].sense.key == SCSI_SENSE_KEY_UNIT_ATTEN
 449:Middlewares/ST/STM32_USB_Host_Library/Class/MSC/Src/usbh_msc.c ****                   (MSC_Handle->unit[MSC_Handle->current_lun].sense.key == SCSI_SENSE_KEY_NOT_READY)
 450:Middlewares/ST/STM32_USB_Host_Library/Class/MSC/Src/usbh_msc.c ****               {
 451:Middlewares/ST/STM32_USB_Host_Library/Class/MSC/Src/usbh_msc.c **** 
 452:Middlewares/ST/STM32_USB_Host_Library/Class/MSC/Src/usbh_msc.c ****                 if ((phost->Timer - MSC_Handle->timer) < 10000U)
 453:Middlewares/ST/STM32_USB_Host_Library/Class/MSC/Src/usbh_msc.c ****                 {
 454:Middlewares/ST/STM32_USB_Host_Library/Class/MSC/Src/usbh_msc.c ****                   MSC_Handle->unit[MSC_Handle->current_lun].state = MSC_TEST_UNIT_READY;
 455:Middlewares/ST/STM32_USB_Host_Library/Class/MSC/Src/usbh_msc.c ****                   break;
 456:Middlewares/ST/STM32_USB_Host_Library/Class/MSC/Src/usbh_msc.c ****                 }
 457:Middlewares/ST/STM32_USB_Host_Library/Class/MSC/Src/usbh_msc.c ****               }
 458:Middlewares/ST/STM32_USB_Host_Library/Class/MSC/Src/usbh_msc.c **** 
 459:Middlewares/ST/STM32_USB_Host_Library/Class/MSC/Src/usbh_msc.c ****               USBH_UsrLog("Sense Key  : %x", MSC_Handle->unit[MSC_Handle->current_lun].sense.key);
 460:Middlewares/ST/STM32_USB_Host_Library/Class/MSC/Src/usbh_msc.c ****               USBH_UsrLog("Additional Sense Code : %x", MSC_Handle->unit[MSC_Handle->current_lun].s
 461:Middlewares/ST/STM32_USB_Host_Library/Class/MSC/Src/usbh_msc.c ****               USBH_UsrLog("Additional Sense Code Qualifier: %x", MSC_Handle->unit[MSC_Handle->curre
 462:Middlewares/ST/STM32_USB_Host_Library/Class/MSC/Src/usbh_msc.c ****               MSC_Handle->unit[MSC_Handle->current_lun].state = MSC_IDLE;
 463:Middlewares/ST/STM32_USB_Host_Library/Class/MSC/Src/usbh_msc.c ****               MSC_Handle->current_lun++;
 464:Middlewares/ST/STM32_USB_Host_Library/Class/MSC/Src/usbh_msc.c ****             }
 465:Middlewares/ST/STM32_USB_Host_Library/Class/MSC/Src/usbh_msc.c ****             if (scsi_status == USBH_FAIL)
 466:Middlewares/ST/STM32_USB_Host_Library/Class/MSC/Src/usbh_msc.c ****             {
 467:Middlewares/ST/STM32_USB_Host_Library/Class/MSC/Src/usbh_msc.c ****               USBH_UsrLog("MSC Device NOT ready");
 468:Middlewares/ST/STM32_USB_Host_Library/Class/MSC/Src/usbh_msc.c ****               MSC_Handle->unit[MSC_Handle->current_lun].state = MSC_UNRECOVERED_ERROR;
 469:Middlewares/ST/STM32_USB_Host_Library/Class/MSC/Src/usbh_msc.c ****             }
 470:Middlewares/ST/STM32_USB_Host_Library/Class/MSC/Src/usbh_msc.c ****             else
 471:Middlewares/ST/STM32_USB_Host_Library/Class/MSC/Src/usbh_msc.c ****             {
 472:Middlewares/ST/STM32_USB_Host_Library/Class/MSC/Src/usbh_msc.c ****               if (scsi_status == USBH_UNRECOVERED_ERROR)
 473:Middlewares/ST/STM32_USB_Host_Library/Class/MSC/Src/usbh_msc.c ****               {
 474:Middlewares/ST/STM32_USB_Host_Library/Class/MSC/Src/usbh_msc.c ****                 MSC_Handle->unit[MSC_Handle->current_lun].state = MSC_IDLE;
 475:Middlewares/ST/STM32_USB_Host_Library/Class/MSC/Src/usbh_msc.c ****                 MSC_Handle->unit[MSC_Handle->current_lun].error = MSC_ERROR;
 476:Middlewares/ST/STM32_USB_Host_Library/Class/MSC/Src/usbh_msc.c ****               }
 477:Middlewares/ST/STM32_USB_Host_Library/Class/MSC/Src/usbh_msc.c ****             }
 478:Middlewares/ST/STM32_USB_Host_Library/Class/MSC/Src/usbh_msc.c ****             break;
 479:Middlewares/ST/STM32_USB_Host_Library/Class/MSC/Src/usbh_msc.c **** 
 480:Middlewares/ST/STM32_USB_Host_Library/Class/MSC/Src/usbh_msc.c ****           case MSC_UNRECOVERED_ERROR:
 481:Middlewares/ST/STM32_USB_Host_Library/Class/MSC/Src/usbh_msc.c ****             MSC_Handle->current_lun++;
 482:Middlewares/ST/STM32_USB_Host_Library/Class/MSC/Src/usbh_msc.c ****             break;
 483:Middlewares/ST/STM32_USB_Host_Library/Class/MSC/Src/usbh_msc.c **** 
 484:Middlewares/ST/STM32_USB_Host_Library/Class/MSC/Src/usbh_msc.c ****           default:
 485:Middlewares/ST/STM32_USB_Host_Library/Class/MSC/Src/usbh_msc.c ****             break;
 486:Middlewares/ST/STM32_USB_Host_Library/Class/MSC/Src/usbh_msc.c ****         }
ARM GAS  /tmp/ccPm0lWZ.s 			page 10


 487:Middlewares/ST/STM32_USB_Host_Library/Class/MSC/Src/usbh_msc.c **** 
 488:Middlewares/ST/STM32_USB_Host_Library/Class/MSC/Src/usbh_msc.c **** #if (USBH_USE_OS == 1U)
 489:Middlewares/ST/STM32_USB_Host_Library/Class/MSC/Src/usbh_msc.c ****         phost->os_msg = (uint32_t)USBH_CLASS_EVENT;
 490:Middlewares/ST/STM32_USB_Host_Library/Class/MSC/Src/usbh_msc.c **** #if (osCMSIS < 0x20000U)
 491:Middlewares/ST/STM32_USB_Host_Library/Class/MSC/Src/usbh_msc.c ****         (void)osMessagePut(phost->os_event, phost->os_msg, 0U);
 492:Middlewares/ST/STM32_USB_Host_Library/Class/MSC/Src/usbh_msc.c **** #else
 493:Middlewares/ST/STM32_USB_Host_Library/Class/MSC/Src/usbh_msc.c ****         (void)osMessageQueuePut(phost->os_event, &phost->os_msg, 0U, NULL);
 494:Middlewares/ST/STM32_USB_Host_Library/Class/MSC/Src/usbh_msc.c **** #endif
 495:Middlewares/ST/STM32_USB_Host_Library/Class/MSC/Src/usbh_msc.c **** #endif
 496:Middlewares/ST/STM32_USB_Host_Library/Class/MSC/Src/usbh_msc.c ****       }
 497:Middlewares/ST/STM32_USB_Host_Library/Class/MSC/Src/usbh_msc.c ****       else
 498:Middlewares/ST/STM32_USB_Host_Library/Class/MSC/Src/usbh_msc.c ****       {
 499:Middlewares/ST/STM32_USB_Host_Library/Class/MSC/Src/usbh_msc.c ****         MSC_Handle->current_lun = 0U;
 500:Middlewares/ST/STM32_USB_Host_Library/Class/MSC/Src/usbh_msc.c ****         MSC_Handle->state = MSC_IDLE;
 501:Middlewares/ST/STM32_USB_Host_Library/Class/MSC/Src/usbh_msc.c **** 
 502:Middlewares/ST/STM32_USB_Host_Library/Class/MSC/Src/usbh_msc.c **** #if (USBH_USE_OS == 1U)
 503:Middlewares/ST/STM32_USB_Host_Library/Class/MSC/Src/usbh_msc.c ****         phost->os_msg = (uint32_t)USBH_CLASS_EVENT;
 504:Middlewares/ST/STM32_USB_Host_Library/Class/MSC/Src/usbh_msc.c **** #if (osCMSIS < 0x20000U)
 505:Middlewares/ST/STM32_USB_Host_Library/Class/MSC/Src/usbh_msc.c ****         (void)osMessagePut(phost->os_event, phost->os_msg, 0U);
 506:Middlewares/ST/STM32_USB_Host_Library/Class/MSC/Src/usbh_msc.c **** #else
 507:Middlewares/ST/STM32_USB_Host_Library/Class/MSC/Src/usbh_msc.c ****         (void)osMessageQueuePut(phost->os_event, &phost->os_msg, 0U, NULL);
 508:Middlewares/ST/STM32_USB_Host_Library/Class/MSC/Src/usbh_msc.c **** #endif
 509:Middlewares/ST/STM32_USB_Host_Library/Class/MSC/Src/usbh_msc.c **** #endif
 510:Middlewares/ST/STM32_USB_Host_Library/Class/MSC/Src/usbh_msc.c ****         phost->pUser(phost, HOST_USER_CLASS_ACTIVE);
 511:Middlewares/ST/STM32_USB_Host_Library/Class/MSC/Src/usbh_msc.c ****       }
 512:Middlewares/ST/STM32_USB_Host_Library/Class/MSC/Src/usbh_msc.c ****       break;
 513:Middlewares/ST/STM32_USB_Host_Library/Class/MSC/Src/usbh_msc.c **** 
 514:Middlewares/ST/STM32_USB_Host_Library/Class/MSC/Src/usbh_msc.c ****     case MSC_IDLE:
 515:Middlewares/ST/STM32_USB_Host_Library/Class/MSC/Src/usbh_msc.c ****       error = USBH_OK;
 516:Middlewares/ST/STM32_USB_Host_Library/Class/MSC/Src/usbh_msc.c ****       break;
 517:Middlewares/ST/STM32_USB_Host_Library/Class/MSC/Src/usbh_msc.c **** 
 518:Middlewares/ST/STM32_USB_Host_Library/Class/MSC/Src/usbh_msc.c ****     default:
 519:Middlewares/ST/STM32_USB_Host_Library/Class/MSC/Src/usbh_msc.c ****       break;
 520:Middlewares/ST/STM32_USB_Host_Library/Class/MSC/Src/usbh_msc.c ****   }
 521:Middlewares/ST/STM32_USB_Host_Library/Class/MSC/Src/usbh_msc.c ****   return error;
 522:Middlewares/ST/STM32_USB_Host_Library/Class/MSC/Src/usbh_msc.c **** }
 523:Middlewares/ST/STM32_USB_Host_Library/Class/MSC/Src/usbh_msc.c **** 
 524:Middlewares/ST/STM32_USB_Host_Library/Class/MSC/Src/usbh_msc.c **** 
 525:Middlewares/ST/STM32_USB_Host_Library/Class/MSC/Src/usbh_msc.c **** /**
 526:Middlewares/ST/STM32_USB_Host_Library/Class/MSC/Src/usbh_msc.c ****   * @brief  USBH_MSC_SOFProcess
 527:Middlewares/ST/STM32_USB_Host_Library/Class/MSC/Src/usbh_msc.c ****   *         The function is for SOF state
 528:Middlewares/ST/STM32_USB_Host_Library/Class/MSC/Src/usbh_msc.c ****   * @param  phost: Host handle
 529:Middlewares/ST/STM32_USB_Host_Library/Class/MSC/Src/usbh_msc.c ****   * @retval USBH Status
 530:Middlewares/ST/STM32_USB_Host_Library/Class/MSC/Src/usbh_msc.c ****   */
 531:Middlewares/ST/STM32_USB_Host_Library/Class/MSC/Src/usbh_msc.c **** static USBH_StatusTypeDef USBH_MSC_SOFProcess(USBH_HandleTypeDef *phost)
 532:Middlewares/ST/STM32_USB_Host_Library/Class/MSC/Src/usbh_msc.c **** {
  29              		.loc 1 532 1 view -0
  30              		.cfi_startproc
  31              		@ args = 0, pretend = 0, frame = 0
  32              		@ frame_needed = 0, uses_anonymous_args = 0
  33              		@ link register save eliminated.
 533:Middlewares/ST/STM32_USB_Host_Library/Class/MSC/Src/usbh_msc.c ****   /* Prevent unused argument(s) compilation warning */
 534:Middlewares/ST/STM32_USB_Host_Library/Class/MSC/Src/usbh_msc.c ****   UNUSED(phost);
  34              		.loc 1 534 3 view .LVU1
 535:Middlewares/ST/STM32_USB_Host_Library/Class/MSC/Src/usbh_msc.c **** 
 536:Middlewares/ST/STM32_USB_Host_Library/Class/MSC/Src/usbh_msc.c ****   return USBH_OK;
  35              		.loc 1 536 3 view .LVU2
ARM GAS  /tmp/ccPm0lWZ.s 			page 11


 537:Middlewares/ST/STM32_USB_Host_Library/Class/MSC/Src/usbh_msc.c **** }
  36              		.loc 1 537 1 is_stmt 0 view .LVU3
  37 0000 0020     		movs	r0, #0
  38              	.LVL1:
  39              		.loc 1 537 1 view .LVU4
  40 0002 7047     		bx	lr
  41              		.cfi_endproc
  42              	.LFE223:
  44              		.section	.text.USBH_MSC_Process,"ax",%progbits
  45              		.align	1
  46              		.syntax unified
  47              		.thumb
  48              		.thumb_func
  50              	USBH_MSC_Process:
  51              	.LVL2:
  52              	.LFB222:
 322:Middlewares/ST/STM32_USB_Host_Library/Class/MSC/Src/usbh_msc.c ****   MSC_HandleTypeDef *MSC_Handle = (MSC_HandleTypeDef *) phost->pActiveClass->pData;
  53              		.loc 1 322 1 is_stmt 1 view -0
  54              		.cfi_startproc
  55              		@ args = 0, pretend = 0, frame = 0
  56              		@ frame_needed = 0, uses_anonymous_args = 0
 322:Middlewares/ST/STM32_USB_Host_Library/Class/MSC/Src/usbh_msc.c ****   MSC_HandleTypeDef *MSC_Handle = (MSC_HandleTypeDef *) phost->pActiveClass->pData;
  57              		.loc 1 322 1 is_stmt 0 view .LVU6
  58 0000 70B5     		push	{r4, r5, r6, lr}
  59              		.cfi_def_cfa_offset 16
  60              		.cfi_offset 4, -16
  61              		.cfi_offset 5, -12
  62              		.cfi_offset 6, -8
  63              		.cfi_offset 14, -4
 323:Middlewares/ST/STM32_USB_Host_Library/Class/MSC/Src/usbh_msc.c ****   USBH_StatusTypeDef error = USBH_BUSY;
  64              		.loc 1 323 3 is_stmt 1 view .LVU7
 323:Middlewares/ST/STM32_USB_Host_Library/Class/MSC/Src/usbh_msc.c ****   USBH_StatusTypeDef error = USBH_BUSY;
  65              		.loc 1 323 62 is_stmt 0 view .LVU8
  66 0002 D0F87C33 		ldr	r3, [r0, #892]
 323:Middlewares/ST/STM32_USB_Host_Library/Class/MSC/Src/usbh_msc.c ****   USBH_StatusTypeDef error = USBH_BUSY;
  67              		.loc 1 323 22 view .LVU9
  68 0006 DE69     		ldr	r6, [r3, #28]
  69              	.LVL3:
 324:Middlewares/ST/STM32_USB_Host_Library/Class/MSC/Src/usbh_msc.c ****   USBH_StatusTypeDef scsi_status = USBH_BUSY;
  70              		.loc 1 324 3 is_stmt 1 view .LVU10
 325:Middlewares/ST/STM32_USB_Host_Library/Class/MSC/Src/usbh_msc.c ****   USBH_StatusTypeDef ready_status = USBH_BUSY;
  71              		.loc 1 325 3 view .LVU11
 326:Middlewares/ST/STM32_USB_Host_Library/Class/MSC/Src/usbh_msc.c **** 
  72              		.loc 1 326 3 view .LVU12
 328:Middlewares/ST/STM32_USB_Host_Library/Class/MSC/Src/usbh_msc.c ****   {
  73              		.loc 1 328 3 view .LVU13
 328:Middlewares/ST/STM32_USB_Host_Library/Class/MSC/Src/usbh_msc.c ****   {
  74              		.loc 1 328 21 is_stmt 0 view .LVU14
  75 0008 337B     		ldrb	r3, [r6, #12]	@ zero_extendqisi2
 328:Middlewares/ST/STM32_USB_Host_Library/Class/MSC/Src/usbh_msc.c ****   {
  76              		.loc 1 328 3 view .LVU15
  77 000a 23B1     		cbz	r3, .L3
  78 000c 012B     		cmp	r3, #1
  79 000e 40F04581 		bne	.L27
 515:Middlewares/ST/STM32_USB_Host_Library/Class/MSC/Src/usbh_msc.c ****       break;
  80              		.loc 1 515 13 view .LVU16
  81 0012 0020     		movs	r0, #0
ARM GAS  /tmp/ccPm0lWZ.s 			page 12


  82              	.LVL4:
  83              	.L4:
 521:Middlewares/ST/STM32_USB_Host_Library/Class/MSC/Src/usbh_msc.c **** }
  84              		.loc 1 521 3 is_stmt 1 view .LVU17
 522:Middlewares/ST/STM32_USB_Host_Library/Class/MSC/Src/usbh_msc.c **** 
  85              		.loc 1 522 1 is_stmt 0 view .LVU18
  86 0014 70BD     		pop	{r4, r5, r6, pc}
  87              	.LVL5:
  88              	.L3:
 522:Middlewares/ST/STM32_USB_Host_Library/Class/MSC/Src/usbh_msc.c **** 
  89              		.loc 1 522 1 view .LVU19
  90 0016 0446     		mov	r4, r0
 332:Middlewares/ST/STM32_USB_Host_Library/Class/MSC/Src/usbh_msc.c ****       {
  91              		.loc 1 332 7 is_stmt 1 view .LVU20
 332:Middlewares/ST/STM32_USB_Host_Library/Class/MSC/Src/usbh_msc.c ****       {
  92              		.loc 1 332 21 is_stmt 0 view .LVU21
  93 0018 B6F8F810 		ldrh	r1, [r6, #248]
 332:Middlewares/ST/STM32_USB_Host_Library/Class/MSC/Src/usbh_msc.c ****       {
  94              		.loc 1 332 47 view .LVU22
  95 001c 3378     		ldrb	r3, [r6]	@ zero_extendqisi2
 332:Middlewares/ST/STM32_USB_Host_Library/Class/MSC/Src/usbh_msc.c ****       {
  96              		.loc 1 332 10 view .LVU23
  97 001e 9942     		cmp	r1, r3
  98 0020 80F03181 		bcs	.L5
 335:Middlewares/ST/STM32_USB_Host_Library/Class/MSC/Src/usbh_msc.c ****         /* Switch MSC REQ state machine */
  99              		.loc 1 335 9 is_stmt 1 view .LVU24
 335:Middlewares/ST/STM32_USB_Host_Library/Class/MSC/Src/usbh_msc.c ****         /* Switch MSC REQ state machine */
 100              		.loc 1 335 57 is_stmt 0 view .LVU25
 101 0024 3423     		movs	r3, #52
 102 0026 03FB0163 		mla	r3, r3, r1, r6
 103 002a 0122     		movs	r2, #1
 104 002c 83F89120 		strb	r2, [r3, #145]
 337:Middlewares/ST/STM32_USB_Host_Library/Class/MSC/Src/usbh_msc.c ****         {
 105              		.loc 1 337 9 is_stmt 1 view .LVU26
 337:Middlewares/ST/STM32_USB_Host_Library/Class/MSC/Src/usbh_msc.c ****         {
 106              		.loc 1 337 58 is_stmt 0 view .LVU27
 107 0030 93F89030 		ldrb	r3, [r3, #144]	@ zero_extendqisi2
 108 0034 082B     		cmp	r3, #8
 109 0036 00F23381 		bhi	.L28
 110 003a DFE813F0 		tbh	[pc, r3, lsl #1]
 111              	.L7:
 112 003e 0900     		.2byte	(.L12-.L7)/2
 113 0040 3101     		.2byte	(.L28-.L7)/2
 114 0042 4400     		.2byte	(.L11-.L7)/2
 115 0044 9E00     		.2byte	(.L10-.L7)/2
 116 0046 1500     		.2byte	(.L9-.L7)/2
 117 0048 D300     		.2byte	(.L8-.L7)/2
 118 004a 3101     		.2byte	(.L28-.L7)/2
 119 004c 3101     		.2byte	(.L28-.L7)/2
 120 004e 1F01     		.2byte	(.L6-.L7)/2
 121              		.p2align 1
 122              	.L12:
 340:Middlewares/ST/STM32_USB_Host_Library/Class/MSC/Src/usbh_msc.c ****             MSC_Handle->unit[MSC_Handle->current_lun].state = MSC_READ_INQUIRY;
 123              		.loc 1 340 13 is_stmt 1 view .LVU28
 340:Middlewares/ST/STM32_USB_Host_Library/Class/MSC/Src/usbh_msc.c ****             MSC_Handle->unit[MSC_Handle->current_lun].state = MSC_READ_INQUIRY;
 124              		.loc 1 340 13 view .LVU29
 340:Middlewares/ST/STM32_USB_Host_Library/Class/MSC/Src/usbh_msc.c ****             MSC_Handle->unit[MSC_Handle->current_lun].state = MSC_READ_INQUIRY;
ARM GAS  /tmp/ccPm0lWZ.s 			page 13


 125              		.loc 1 340 13 view .LVU30
 341:Middlewares/ST/STM32_USB_Host_Library/Class/MSC/Src/usbh_msc.c ****             MSC_Handle->timer = phost->Timer;
 126              		.loc 1 341 13 view .LVU31
 341:Middlewares/ST/STM32_USB_Host_Library/Class/MSC/Src/usbh_msc.c ****             MSC_Handle->timer = phost->Timer;
 127              		.loc 1 341 61 is_stmt 0 view .LVU32
 128 0050 3423     		movs	r3, #52
 129 0052 03FB0163 		mla	r3, r3, r1, r6
 130 0056 0422     		movs	r2, #4
 131 0058 83F89020 		strb	r2, [r3, #144]
 342:Middlewares/ST/STM32_USB_Host_Library/Class/MSC/Src/usbh_msc.c ****             break;
 132              		.loc 1 342 13 is_stmt 1 view .LVU33
 342:Middlewares/ST/STM32_USB_Host_Library/Class/MSC/Src/usbh_msc.c ****             break;
 133              		.loc 1 342 38 is_stmt 0 view .LVU34
 134 005c D0F8C433 		ldr	r3, [r0, #964]
 342:Middlewares/ST/STM32_USB_Host_Library/Class/MSC/Src/usbh_msc.c ****             break;
 135              		.loc 1 342 31 view .LVU35
 136 0060 C6F8FC30 		str	r3, [r6, #252]
 343:Middlewares/ST/STM32_USB_Host_Library/Class/MSC/Src/usbh_msc.c **** 
 137              		.loc 1 343 13 is_stmt 1 view .LVU36
 324:Middlewares/ST/STM32_USB_Host_Library/Class/MSC/Src/usbh_msc.c ****   USBH_StatusTypeDef scsi_status = USBH_BUSY;
 138              		.loc 1 324 22 is_stmt 0 view .LVU37
 139 0064 0120     		movs	r0, #1
 140              	.LVL6:
 343:Middlewares/ST/STM32_USB_Host_Library/Class/MSC/Src/usbh_msc.c **** 
 141              		.loc 1 343 13 view .LVU38
 142 0066 D5E7     		b	.L4
 143              	.LVL7:
 144              	.L9:
 346:Middlewares/ST/STM32_USB_Host_Library/Class/MSC/Src/usbh_msc.c **** 
 145              		.loc 1 346 13 is_stmt 1 view .LVU39
 346:Middlewares/ST/STM32_USB_Host_Library/Class/MSC/Src/usbh_msc.c **** 
 146              		.loc 1 346 27 is_stmt 0 view .LVU40
 147 0068 3422     		movs	r2, #52
 148 006a 01FB02F2 		mul	r2, r1, r2
 149 006e 9832     		adds	r2, r2, #152
 150 0070 3244     		add	r2, r2, r6
 151 0072 0732     		adds	r2, r2, #7
 152 0074 C9B2     		uxtb	r1, r1
 153 0076 FFF7FEFF 		bl	USBH_MSC_SCSI_Inquiry
 154              	.LVL8:
 348:Middlewares/ST/STM32_USB_Host_Library/Class/MSC/Src/usbh_msc.c ****             {
 155              		.loc 1 348 13 is_stmt 1 view .LVU41
 348:Middlewares/ST/STM32_USB_Host_Library/Class/MSC/Src/usbh_msc.c ****             {
 156              		.loc 1 348 16 is_stmt 0 view .LVU42
 157 007a 0346     		mov	r3, r0
 158 007c 38B9     		cbnz	r0, .L13
 350:Middlewares/ST/STM32_USB_Host_Library/Class/MSC/Src/usbh_msc.c ****               USBH_UsrLog("Inquiry Product : %s", MSC_Handle->unit[MSC_Handle->current_lun].inquiry
 159              		.loc 1 350 15 is_stmt 1 view .LVU43
 350:Middlewares/ST/STM32_USB_Host_Library/Class/MSC/Src/usbh_msc.c ****               USBH_UsrLog("Inquiry Product : %s", MSC_Handle->unit[MSC_Handle->current_lun].inquiry
 160              		.loc 1 350 15 view .LVU44
 350:Middlewares/ST/STM32_USB_Host_Library/Class/MSC/Src/usbh_msc.c ****               USBH_UsrLog("Inquiry Product : %s", MSC_Handle->unit[MSC_Handle->current_lun].inquiry
 161              		.loc 1 350 15 view .LVU45
 351:Middlewares/ST/STM32_USB_Host_Library/Class/MSC/Src/usbh_msc.c ****               USBH_UsrLog("Inquiry Version : %s", MSC_Handle->unit[MSC_Handle->current_lun].inquiry
 162              		.loc 1 351 15 view .LVU46
 351:Middlewares/ST/STM32_USB_Host_Library/Class/MSC/Src/usbh_msc.c ****               USBH_UsrLog("Inquiry Version : %s", MSC_Handle->unit[MSC_Handle->current_lun].inquiry
 163              		.loc 1 351 15 view .LVU47
 351:Middlewares/ST/STM32_USB_Host_Library/Class/MSC/Src/usbh_msc.c ****               USBH_UsrLog("Inquiry Version : %s", MSC_Handle->unit[MSC_Handle->current_lun].inquiry
ARM GAS  /tmp/ccPm0lWZ.s 			page 14


 164              		.loc 1 351 15 view .LVU48
 352:Middlewares/ST/STM32_USB_Host_Library/Class/MSC/Src/usbh_msc.c ****               MSC_Handle->unit[MSC_Handle->current_lun].state = MSC_TEST_UNIT_READY;
 165              		.loc 1 352 15 view .LVU49
 352:Middlewares/ST/STM32_USB_Host_Library/Class/MSC/Src/usbh_msc.c ****               MSC_Handle->unit[MSC_Handle->current_lun].state = MSC_TEST_UNIT_READY;
 166              		.loc 1 352 15 view .LVU50
 352:Middlewares/ST/STM32_USB_Host_Library/Class/MSC/Src/usbh_msc.c ****               MSC_Handle->unit[MSC_Handle->current_lun].state = MSC_TEST_UNIT_READY;
 167              		.loc 1 352 15 view .LVU51
 353:Middlewares/ST/STM32_USB_Host_Library/Class/MSC/Src/usbh_msc.c ****             }
 168              		.loc 1 353 15 view .LVU52
 353:Middlewares/ST/STM32_USB_Host_Library/Class/MSC/Src/usbh_msc.c ****             }
 169              		.loc 1 353 42 is_stmt 0 view .LVU53
 170 007e B6F8F820 		ldrh	r2, [r6, #248]
 353:Middlewares/ST/STM32_USB_Host_Library/Class/MSC/Src/usbh_msc.c ****             }
 171              		.loc 1 353 63 view .LVU54
 172 0082 3421     		movs	r1, #52
 173 0084 01FB0262 		mla	r2, r1, r2, r6
 174 0088 0221     		movs	r1, #2
 175 008a 82F89010 		strb	r1, [r2, #144]
 176              	.L13:
 355:Middlewares/ST/STM32_USB_Host_Library/Class/MSC/Src/usbh_msc.c ****             {
 177              		.loc 1 355 13 is_stmt 1 view .LVU55
 355:Middlewares/ST/STM32_USB_Host_Library/Class/MSC/Src/usbh_msc.c ****             {
 178              		.loc 1 355 16 is_stmt 0 view .LVU56
 179 008e 022B     		cmp	r3, #2
 180 0090 03D0     		beq	.L34
 361:Middlewares/ST/STM32_USB_Host_Library/Class/MSC/Src/usbh_msc.c ****               {
 181              		.loc 1 361 15 is_stmt 1 view .LVU57
 361:Middlewares/ST/STM32_USB_Host_Library/Class/MSC/Src/usbh_msc.c ****               {
 182              		.loc 1 361 18 is_stmt 0 view .LVU58
 183 0092 042B     		cmp	r3, #4
 184 0094 0BD0     		beq	.L35
 324:Middlewares/ST/STM32_USB_Host_Library/Class/MSC/Src/usbh_msc.c ****   USBH_StatusTypeDef scsi_status = USBH_BUSY;
 185              		.loc 1 324 22 view .LVU59
 186 0096 0120     		movs	r0, #1
 187              	.LVL9:
 324:Middlewares/ST/STM32_USB_Host_Library/Class/MSC/Src/usbh_msc.c ****   USBH_StatusTypeDef scsi_status = USBH_BUSY;
 188              		.loc 1 324 22 view .LVU60
 189 0098 BCE7     		b	.L4
 190              	.LVL10:
 191              	.L34:
 357:Middlewares/ST/STM32_USB_Host_Library/Class/MSC/Src/usbh_msc.c ****             }
 192              		.loc 1 357 15 is_stmt 1 view .LVU61
 357:Middlewares/ST/STM32_USB_Host_Library/Class/MSC/Src/usbh_msc.c ****             }
 193              		.loc 1 357 42 is_stmt 0 view .LVU62
 194 009a B6F8F830 		ldrh	r3, [r6, #248]
 357:Middlewares/ST/STM32_USB_Host_Library/Class/MSC/Src/usbh_msc.c ****             }
 195              		.loc 1 357 63 view .LVU63
 196 009e 3422     		movs	r2, #52
 197 00a0 02FB0363 		mla	r3, r2, r3, r6
 198 00a4 0522     		movs	r2, #5
 199 00a6 83F89020 		strb	r2, [r3, #144]
 324:Middlewares/ST/STM32_USB_Host_Library/Class/MSC/Src/usbh_msc.c ****   USBH_StatusTypeDef scsi_status = USBH_BUSY;
 200              		.loc 1 324 22 view .LVU64
 201 00aa 0120     		movs	r0, #1
 202              	.LVL11:
 324:Middlewares/ST/STM32_USB_Host_Library/Class/MSC/Src/usbh_msc.c ****   USBH_StatusTypeDef scsi_status = USBH_BUSY;
 203              		.loc 1 324 22 view .LVU65
ARM GAS  /tmp/ccPm0lWZ.s 			page 15


 204 00ac B2E7     		b	.L4
 205              	.LVL12:
 206              	.L35:
 363:Middlewares/ST/STM32_USB_Host_Library/Class/MSC/Src/usbh_msc.c ****                 MSC_Handle->unit[MSC_Handle->current_lun].error = MSC_ERROR;
 207              		.loc 1 363 17 is_stmt 1 view .LVU66
 363:Middlewares/ST/STM32_USB_Host_Library/Class/MSC/Src/usbh_msc.c ****                 MSC_Handle->unit[MSC_Handle->current_lun].error = MSC_ERROR;
 208              		.loc 1 363 44 is_stmt 0 view .LVU67
 209 00ae B6F8F830 		ldrh	r3, [r6, #248]
 363:Middlewares/ST/STM32_USB_Host_Library/Class/MSC/Src/usbh_msc.c ****                 MSC_Handle->unit[MSC_Handle->current_lun].error = MSC_ERROR;
 210              		.loc 1 363 65 view .LVU68
 211 00b2 3422     		movs	r2, #52
 212 00b4 02FB0363 		mla	r3, r2, r3, r6
 213 00b8 0120     		movs	r0, #1
 214              	.LVL13:
 363:Middlewares/ST/STM32_USB_Host_Library/Class/MSC/Src/usbh_msc.c ****                 MSC_Handle->unit[MSC_Handle->current_lun].error = MSC_ERROR;
 215              		.loc 1 363 65 view .LVU69
 216 00ba 83F89000 		strb	r0, [r3, #144]
 364:Middlewares/ST/STM32_USB_Host_Library/Class/MSC/Src/usbh_msc.c ****               }
 217              		.loc 1 364 17 is_stmt 1 view .LVU70
 364:Middlewares/ST/STM32_USB_Host_Library/Class/MSC/Src/usbh_msc.c ****               }
 218              		.loc 1 364 65 is_stmt 0 view .LVU71
 219 00be 0222     		movs	r2, #2
 220 00c0 83F89120 		strb	r2, [r3, #145]
 221 00c4 A6E7     		b	.L4
 222              	.LVL14:
 223              	.L11:
 370:Middlewares/ST/STM32_USB_Host_Library/Class/MSC/Src/usbh_msc.c **** 
 224              		.loc 1 370 13 is_stmt 1 view .LVU72
 370:Middlewares/ST/STM32_USB_Host_Library/Class/MSC/Src/usbh_msc.c **** 
 225              		.loc 1 370 28 is_stmt 0 view .LVU73
 226 00c6 C9B2     		uxtb	r1, r1
 227 00c8 FFF7FEFF 		bl	USBH_MSC_SCSI_TestUnitReady
 228              	.LVL15:
 372:Middlewares/ST/STM32_USB_Host_Library/Class/MSC/Src/usbh_msc.c ****             {
 229              		.loc 1 372 13 is_stmt 1 view .LVU74
 372:Middlewares/ST/STM32_USB_Host_Library/Class/MSC/Src/usbh_msc.c ****             {
 230              		.loc 1 372 16 is_stmt 0 view .LVU75
 231 00cc 0246     		mov	r2, r0
 232 00ce C0B9     		cbnz	r0, .L15
 374:Middlewares/ST/STM32_USB_Host_Library/Class/MSC/Src/usbh_msc.c ****               {
 233              		.loc 1 374 15 is_stmt 1 view .LVU76
 374:Middlewares/ST/STM32_USB_Host_Library/Class/MSC/Src/usbh_msc.c ****               {
 234              		.loc 1 374 46 is_stmt 0 view .LVU77
 235 00d0 B6F8F830 		ldrh	r3, [r6, #248]
 374:Middlewares/ST/STM32_USB_Host_Library/Class/MSC/Src/usbh_msc.c ****               {
 236              		.loc 1 374 60 view .LVU78
 237 00d4 3421     		movs	r1, #52
 238 00d6 01FB0361 		mla	r1, r1, r3, r6
 239 00da 91F89210 		ldrb	r1, [r1, #146]	@ zero_extendqisi2
 374:Middlewares/ST/STM32_USB_Host_Library/Class/MSC/Src/usbh_msc.c ****               {
 240              		.loc 1 374 18 view .LVU79
 241 00de B1B1     		cbz	r1, .L16
 376:Middlewares/ST/STM32_USB_Host_Library/Class/MSC/Src/usbh_msc.c ****                 USBH_UsrLog("MSC Device ready");
 242              		.loc 1 376 17 is_stmt 1 view .LVU80
 376:Middlewares/ST/STM32_USB_Host_Library/Class/MSC/Src/usbh_msc.c ****                 USBH_UsrLog("MSC Device ready");
 243              		.loc 1 376 73 is_stmt 0 view .LVU81
 244 00e0 3421     		movs	r1, #52
ARM GAS  /tmp/ccPm0lWZ.s 			page 16


 245 00e2 01FB0361 		mla	r1, r1, r3, r6
 246 00e6 0120     		movs	r0, #1
 247              	.LVL16:
 376:Middlewares/ST/STM32_USB_Host_Library/Class/MSC/Src/usbh_msc.c ****                 USBH_UsrLog("MSC Device ready");
 248              		.loc 1 376 73 view .LVU82
 249 00e8 81F8C100 		strb	r0, [r1, #193]
 377:Middlewares/ST/STM32_USB_Host_Library/Class/MSC/Src/usbh_msc.c ****               }
 250              		.loc 1 377 17 is_stmt 1 view .LVU83
 377:Middlewares/ST/STM32_USB_Host_Library/Class/MSC/Src/usbh_msc.c ****               }
 251              		.loc 1 377 17 view .LVU84
 377:Middlewares/ST/STM32_USB_Host_Library/Class/MSC/Src/usbh_msc.c ****               }
 252              		.loc 1 377 17 view .LVU85
 253              	.L17:
 383:Middlewares/ST/STM32_USB_Host_Library/Class/MSC/Src/usbh_msc.c ****               MSC_Handle->unit[MSC_Handle->current_lun].error = MSC_OK;
 254              		.loc 1 383 15 view .LVU86
 383:Middlewares/ST/STM32_USB_Host_Library/Class/MSC/Src/usbh_msc.c ****               MSC_Handle->unit[MSC_Handle->current_lun].error = MSC_OK;
 255              		.loc 1 383 63 is_stmt 0 view .LVU87
 256 00ec 3421     		movs	r1, #52
 257 00ee 01FB0363 		mla	r3, r1, r3, r6
 258 00f2 0321     		movs	r1, #3
 259 00f4 83F89010 		strb	r1, [r3, #144]
 384:Middlewares/ST/STM32_USB_Host_Library/Class/MSC/Src/usbh_msc.c ****               MSC_Handle->unit[MSC_Handle->current_lun].prev_ready_state = USBH_OK;
 260              		.loc 1 384 15 is_stmt 1 view .LVU88
 384:Middlewares/ST/STM32_USB_Host_Library/Class/MSC/Src/usbh_msc.c ****               MSC_Handle->unit[MSC_Handle->current_lun].prev_ready_state = USBH_OK;
 261              		.loc 1 384 63 is_stmt 0 view .LVU89
 262 00f8 0021     		movs	r1, #0
 263 00fa 83F89110 		strb	r1, [r3, #145]
 385:Middlewares/ST/STM32_USB_Host_Library/Class/MSC/Src/usbh_msc.c ****             }
 264              		.loc 1 385 15 is_stmt 1 view .LVU90
 385:Middlewares/ST/STM32_USB_Host_Library/Class/MSC/Src/usbh_msc.c ****             }
 265              		.loc 1 385 74 is_stmt 0 view .LVU91
 266 00fe 83F89210 		strb	r1, [r3, #146]
 267              	.L15:
 387:Middlewares/ST/STM32_USB_Host_Library/Class/MSC/Src/usbh_msc.c ****             {
 268              		.loc 1 387 13 is_stmt 1 view .LVU92
 387:Middlewares/ST/STM32_USB_Host_Library/Class/MSC/Src/usbh_msc.c ****             {
 269              		.loc 1 387 16 is_stmt 0 view .LVU93
 270 0102 022A     		cmp	r2, #2
 271 0104 0AD0     		beq	.L36
 405:Middlewares/ST/STM32_USB_Host_Library/Class/MSC/Src/usbh_msc.c ****               {
 272              		.loc 1 405 15 is_stmt 1 view .LVU94
 405:Middlewares/ST/STM32_USB_Host_Library/Class/MSC/Src/usbh_msc.c ****               {
 273              		.loc 1 405 18 is_stmt 0 view .LVU95
 274 0106 042A     		cmp	r2, #4
 275 0108 2BD0     		beq	.L37
 324:Middlewares/ST/STM32_USB_Host_Library/Class/MSC/Src/usbh_msc.c ****   USBH_StatusTypeDef scsi_status = USBH_BUSY;
 276              		.loc 1 324 22 view .LVU96
 277 010a 0120     		movs	r0, #1
 278 010c 82E7     		b	.L4
 279              	.LVL17:
 280              	.L16:
 381:Middlewares/ST/STM32_USB_Host_Library/Class/MSC/Src/usbh_msc.c ****               }
 281              		.loc 1 381 17 is_stmt 1 view .LVU97
 381:Middlewares/ST/STM32_USB_Host_Library/Class/MSC/Src/usbh_msc.c ****               }
 282              		.loc 1 381 73 is_stmt 0 view .LVU98
 283 010e 3421     		movs	r1, #52
 284 0110 01FB0361 		mla	r1, r1, r3, r6
ARM GAS  /tmp/ccPm0lWZ.s 			page 17


 285 0114 0020     		movs	r0, #0
 286              	.LVL18:
 381:Middlewares/ST/STM32_USB_Host_Library/Class/MSC/Src/usbh_msc.c ****               }
 287              		.loc 1 381 73 view .LVU99
 288 0116 81F8C100 		strb	r0, [r1, #193]
 289 011a E7E7     		b	.L17
 290              	.L36:
 390:Middlewares/ST/STM32_USB_Host_Library/Class/MSC/Src/usbh_msc.c ****               {
 291              		.loc 1 390 15 is_stmt 1 view .LVU100
 390:Middlewares/ST/STM32_USB_Host_Library/Class/MSC/Src/usbh_msc.c ****               {
 292              		.loc 1 390 46 is_stmt 0 view .LVU101
 293 011c B6F8F830 		ldrh	r3, [r6, #248]
 390:Middlewares/ST/STM32_USB_Host_Library/Class/MSC/Src/usbh_msc.c ****               {
 294              		.loc 1 390 60 view .LVU102
 295 0120 3422     		movs	r2, #52
 296              	.LVL19:
 390:Middlewares/ST/STM32_USB_Host_Library/Class/MSC/Src/usbh_msc.c ****               {
 297              		.loc 1 390 60 view .LVU103
 298 0122 02FB0362 		mla	r2, r2, r3, r6
 299 0126 92F89220 		ldrb	r2, [r2, #146]	@ zero_extendqisi2
 390:Middlewares/ST/STM32_USB_Host_Library/Class/MSC/Src/usbh_msc.c ****               {
 300              		.loc 1 390 18 view .LVU104
 301 012a 022A     		cmp	r2, #2
 302 012c 12D0     		beq	.L19
 392:Middlewares/ST/STM32_USB_Host_Library/Class/MSC/Src/usbh_msc.c ****                 USBH_UsrLog("MSC Device NOT ready");
 303              		.loc 1 392 17 is_stmt 1 view .LVU105
 392:Middlewares/ST/STM32_USB_Host_Library/Class/MSC/Src/usbh_msc.c ****                 USBH_UsrLog("MSC Device NOT ready");
 304              		.loc 1 392 73 is_stmt 0 view .LVU106
 305 012e 3422     		movs	r2, #52
 306 0130 02FB0362 		mla	r2, r2, r3, r6
 307 0134 0121     		movs	r1, #1
 308 0136 82F8C110 		strb	r1, [r2, #193]
 393:Middlewares/ST/STM32_USB_Host_Library/Class/MSC/Src/usbh_msc.c ****               }
 309              		.loc 1 393 17 is_stmt 1 view .LVU107
 393:Middlewares/ST/STM32_USB_Host_Library/Class/MSC/Src/usbh_msc.c ****               }
 310              		.loc 1 393 17 view .LVU108
 393:Middlewares/ST/STM32_USB_Host_Library/Class/MSC/Src/usbh_msc.c ****               }
 311              		.loc 1 393 17 view .LVU109
 312              	.L20:
 399:Middlewares/ST/STM32_USB_Host_Library/Class/MSC/Src/usbh_msc.c ****               MSC_Handle->unit[MSC_Handle->current_lun].error = MSC_NOT_READY;
 313              		.loc 1 399 15 view .LVU110
 399:Middlewares/ST/STM32_USB_Host_Library/Class/MSC/Src/usbh_msc.c ****               MSC_Handle->unit[MSC_Handle->current_lun].error = MSC_NOT_READY;
 314              		.loc 1 399 63 is_stmt 0 view .LVU111
 315 013a 3422     		movs	r2, #52
 316 013c 02FB0363 		mla	r3, r2, r3, r6
 317 0140 0522     		movs	r2, #5
 318 0142 83F89020 		strb	r2, [r3, #144]
 400:Middlewares/ST/STM32_USB_Host_Library/Class/MSC/Src/usbh_msc.c ****               MSC_Handle->unit[MSC_Handle->current_lun].prev_ready_state = USBH_FAIL;
 319              		.loc 1 400 15 is_stmt 1 view .LVU112
 400:Middlewares/ST/STM32_USB_Host_Library/Class/MSC/Src/usbh_msc.c ****               MSC_Handle->unit[MSC_Handle->current_lun].prev_ready_state = USBH_FAIL;
 320              		.loc 1 400 63 is_stmt 0 view .LVU113
 321 0146 0120     		movs	r0, #1
 322 0148 83F89100 		strb	r0, [r3, #145]
 401:Middlewares/ST/STM32_USB_Host_Library/Class/MSC/Src/usbh_msc.c ****             }
 323              		.loc 1 401 15 is_stmt 1 view .LVU114
 401:Middlewares/ST/STM32_USB_Host_Library/Class/MSC/Src/usbh_msc.c ****             }
 324              		.loc 1 401 74 is_stmt 0 view .LVU115
ARM GAS  /tmp/ccPm0lWZ.s 			page 18


 325 014c 0222     		movs	r2, #2
 326 014e 83F89220 		strb	r2, [r3, #146]
 327 0152 5FE7     		b	.L4
 328              	.L19:
 397:Middlewares/ST/STM32_USB_Host_Library/Class/MSC/Src/usbh_msc.c ****               }
 329              		.loc 1 397 17 is_stmt 1 view .LVU116
 397:Middlewares/ST/STM32_USB_Host_Library/Class/MSC/Src/usbh_msc.c ****               }
 330              		.loc 1 397 73 is_stmt 0 view .LVU117
 331 0154 3422     		movs	r2, #52
 332 0156 02FB0362 		mla	r2, r2, r3, r6
 333 015a 0021     		movs	r1, #0
 334 015c 82F8C110 		strb	r1, [r2, #193]
 335 0160 EBE7     		b	.L20
 336              	.LVL20:
 337              	.L37:
 407:Middlewares/ST/STM32_USB_Host_Library/Class/MSC/Src/usbh_msc.c ****                 MSC_Handle->unit[MSC_Handle->current_lun].error = MSC_ERROR;
 338              		.loc 1 407 17 is_stmt 1 view .LVU118
 407:Middlewares/ST/STM32_USB_Host_Library/Class/MSC/Src/usbh_msc.c ****                 MSC_Handle->unit[MSC_Handle->current_lun].error = MSC_ERROR;
 339              		.loc 1 407 44 is_stmt 0 view .LVU119
 340 0162 B6F8F830 		ldrh	r3, [r6, #248]
 407:Middlewares/ST/STM32_USB_Host_Library/Class/MSC/Src/usbh_msc.c ****                 MSC_Handle->unit[MSC_Handle->current_lun].error = MSC_ERROR;
 341              		.loc 1 407 65 view .LVU120
 342 0166 3422     		movs	r2, #52
 343              	.LVL21:
 407:Middlewares/ST/STM32_USB_Host_Library/Class/MSC/Src/usbh_msc.c ****                 MSC_Handle->unit[MSC_Handle->current_lun].error = MSC_ERROR;
 344              		.loc 1 407 65 view .LVU121
 345 0168 02FB0363 		mla	r3, r2, r3, r6
 346 016c 0120     		movs	r0, #1
 347 016e 83F89000 		strb	r0, [r3, #144]
 408:Middlewares/ST/STM32_USB_Host_Library/Class/MSC/Src/usbh_msc.c ****               }
 348              		.loc 1 408 17 is_stmt 1 view .LVU122
 408:Middlewares/ST/STM32_USB_Host_Library/Class/MSC/Src/usbh_msc.c ****               }
 349              		.loc 1 408 65 is_stmt 0 view .LVU123
 350 0172 0222     		movs	r2, #2
 351 0174 83F89120 		strb	r2, [r3, #145]
 352 0178 4CE7     		b	.L4
 353              	.LVL22:
 354              	.L10:
 414:Middlewares/ST/STM32_USB_Host_Library/Class/MSC/Src/usbh_msc.c **** 
 355              		.loc 1 414 13 is_stmt 1 view .LVU124
 414:Middlewares/ST/STM32_USB_Host_Library/Class/MSC/Src/usbh_msc.c **** 
 356              		.loc 1 414 27 is_stmt 0 view .LVU125
 357 017a 3422     		movs	r2, #52
 358 017c 01FB02F2 		mul	r2, r1, r2
 359 0180 9032     		adds	r2, r2, #144
 360 0182 3244     		add	r2, r2, r6
 361 0184 0432     		adds	r2, r2, #4
 362 0186 C9B2     		uxtb	r1, r1
 363 0188 FFF7FEFF 		bl	USBH_MSC_SCSI_ReadCapacity
 364              	.LVL23:
 416:Middlewares/ST/STM32_USB_Host_Library/Class/MSC/Src/usbh_msc.c ****             {
 365              		.loc 1 416 13 is_stmt 1 view .LVU126
 416:Middlewares/ST/STM32_USB_Host_Library/Class/MSC/Src/usbh_msc.c ****             {
 366              		.loc 1 416 16 is_stmt 0 view .LVU127
 367 018c 70B9     		cbnz	r0, .L21
 418:Middlewares/ST/STM32_USB_Host_Library/Class/MSC/Src/usbh_msc.c ****               {
 368              		.loc 1 418 15 is_stmt 1 view .LVU128
ARM GAS  /tmp/ccPm0lWZ.s 			page 19


 418:Middlewares/ST/STM32_USB_Host_Library/Class/MSC/Src/usbh_msc.c ****               {
 369              		.loc 1 418 46 is_stmt 0 view .LVU129
 370 018e B6F8F830 		ldrh	r3, [r6, #248]
 420:Middlewares/ST/STM32_USB_Host_Library/Class/MSC/Src/usbh_msc.c ****                             (int32_t)(MSC_Handle->unit[MSC_Handle->current_lun].capacity.block_nbr 
 371              		.loc 1 420 17 is_stmt 1 view .LVU130
 420:Middlewares/ST/STM32_USB_Host_Library/Class/MSC/Src/usbh_msc.c ****                             (int32_t)(MSC_Handle->unit[MSC_Handle->current_lun].capacity.block_nbr 
 372              		.loc 1 420 17 view .LVU131
 420:Middlewares/ST/STM32_USB_Host_Library/Class/MSC/Src/usbh_msc.c ****                             (int32_t)(MSC_Handle->unit[MSC_Handle->current_lun].capacity.block_nbr 
 373              		.loc 1 420 17 view .LVU132
 422:Middlewares/ST/STM32_USB_Host_Library/Class/MSC/Src/usbh_msc.c ****                 USBH_UsrLog("Block Size   : %lu", (int32_t)(MSC_Handle->unit[MSC_Handle->current_lu
 374              		.loc 1 422 17 view .LVU133
 422:Middlewares/ST/STM32_USB_Host_Library/Class/MSC/Src/usbh_msc.c ****                 USBH_UsrLog("Block Size   : %lu", (int32_t)(MSC_Handle->unit[MSC_Handle->current_lu
 375              		.loc 1 422 17 view .LVU134
 422:Middlewares/ST/STM32_USB_Host_Library/Class/MSC/Src/usbh_msc.c ****                 USBH_UsrLog("Block Size   : %lu", (int32_t)(MSC_Handle->unit[MSC_Handle->current_lu
 376              		.loc 1 422 17 view .LVU135
 423:Middlewares/ST/STM32_USB_Host_Library/Class/MSC/Src/usbh_msc.c ****               }
 377              		.loc 1 423 17 view .LVU136
 423:Middlewares/ST/STM32_USB_Host_Library/Class/MSC/Src/usbh_msc.c ****               }
 378              		.loc 1 423 17 view .LVU137
 423:Middlewares/ST/STM32_USB_Host_Library/Class/MSC/Src/usbh_msc.c ****               }
 379              		.loc 1 423 17 view .LVU138
 425:Middlewares/ST/STM32_USB_Host_Library/Class/MSC/Src/usbh_msc.c ****               MSC_Handle->unit[MSC_Handle->current_lun].error = MSC_OK;
 380              		.loc 1 425 15 view .LVU139
 425:Middlewares/ST/STM32_USB_Host_Library/Class/MSC/Src/usbh_msc.c ****               MSC_Handle->unit[MSC_Handle->current_lun].error = MSC_OK;
 381              		.loc 1 425 63 is_stmt 0 view .LVU140
 382 0192 3422     		movs	r2, #52
 383 0194 02FB0362 		mla	r2, r2, r3, r6
 384 0198 0120     		movs	r0, #1
 385              	.LVL24:
 425:Middlewares/ST/STM32_USB_Host_Library/Class/MSC/Src/usbh_msc.c ****               MSC_Handle->unit[MSC_Handle->current_lun].error = MSC_OK;
 386              		.loc 1 425 63 view .LVU141
 387 019a 82F89000 		strb	r0, [r2, #144]
 426:Middlewares/ST/STM32_USB_Host_Library/Class/MSC/Src/usbh_msc.c ****               MSC_Handle->current_lun++;
 388              		.loc 1 426 15 is_stmt 1 view .LVU142
 426:Middlewares/ST/STM32_USB_Host_Library/Class/MSC/Src/usbh_msc.c ****               MSC_Handle->current_lun++;
 389              		.loc 1 426 63 is_stmt 0 view .LVU143
 390 019e 0021     		movs	r1, #0
 391 01a0 82F89110 		strb	r1, [r2, #145]
 427:Middlewares/ST/STM32_USB_Host_Library/Class/MSC/Src/usbh_msc.c ****             }
 392              		.loc 1 427 15 is_stmt 1 view .LVU144
 427:Middlewares/ST/STM32_USB_Host_Library/Class/MSC/Src/usbh_msc.c ****             }
 393              		.loc 1 427 38 is_stmt 0 view .LVU145
 394 01a4 0344     		add	r3, r3, r0
 395 01a6 A6F8F830 		strh	r3, [r6, #248]	@ movhi
 396 01aa 33E7     		b	.L4
 397              	.LVL25:
 398              	.L21:
 429:Middlewares/ST/STM32_USB_Host_Library/Class/MSC/Src/usbh_msc.c ****             {
 399              		.loc 1 429 18 is_stmt 1 view .LVU146
 429:Middlewares/ST/STM32_USB_Host_Library/Class/MSC/Src/usbh_msc.c ****             {
 400              		.loc 1 429 21 is_stmt 0 view .LVU147
 401 01ac 0228     		cmp	r0, #2
 402 01ae 03D0     		beq	.L38
 435:Middlewares/ST/STM32_USB_Host_Library/Class/MSC/Src/usbh_msc.c ****               {
 403              		.loc 1 435 15 is_stmt 1 view .LVU148
 435:Middlewares/ST/STM32_USB_Host_Library/Class/MSC/Src/usbh_msc.c ****               {
 404              		.loc 1 435 18 is_stmt 0 view .LVU149
ARM GAS  /tmp/ccPm0lWZ.s 			page 20


 405 01b0 0428     		cmp	r0, #4
 406 01b2 0BD0     		beq	.L39
 324:Middlewares/ST/STM32_USB_Host_Library/Class/MSC/Src/usbh_msc.c ****   USBH_StatusTypeDef scsi_status = USBH_BUSY;
 407              		.loc 1 324 22 view .LVU150
 408 01b4 0120     		movs	r0, #1
 409              	.LVL26:
 324:Middlewares/ST/STM32_USB_Host_Library/Class/MSC/Src/usbh_msc.c ****   USBH_StatusTypeDef scsi_status = USBH_BUSY;
 410              		.loc 1 324 22 view .LVU151
 411 01b6 2DE7     		b	.L4
 412              	.LVL27:
 413              	.L38:
 431:Middlewares/ST/STM32_USB_Host_Library/Class/MSC/Src/usbh_msc.c ****             }
 414              		.loc 1 431 15 is_stmt 1 view .LVU152
 431:Middlewares/ST/STM32_USB_Host_Library/Class/MSC/Src/usbh_msc.c ****             }
 415              		.loc 1 431 42 is_stmt 0 view .LVU153
 416 01b8 B6F8F830 		ldrh	r3, [r6, #248]
 431:Middlewares/ST/STM32_USB_Host_Library/Class/MSC/Src/usbh_msc.c ****             }
 417              		.loc 1 431 63 view .LVU154
 418 01bc 3422     		movs	r2, #52
 419 01be 02FB0363 		mla	r3, r2, r3, r6
 420 01c2 0522     		movs	r2, #5
 421 01c4 83F89020 		strb	r2, [r3, #144]
 324:Middlewares/ST/STM32_USB_Host_Library/Class/MSC/Src/usbh_msc.c ****   USBH_StatusTypeDef scsi_status = USBH_BUSY;
 422              		.loc 1 324 22 view .LVU155
 423 01c8 0120     		movs	r0, #1
 424              	.LVL28:
 324:Middlewares/ST/STM32_USB_Host_Library/Class/MSC/Src/usbh_msc.c ****   USBH_StatusTypeDef scsi_status = USBH_BUSY;
 425              		.loc 1 324 22 view .LVU156
 426 01ca 23E7     		b	.L4
 427              	.LVL29:
 428              	.L39:
 437:Middlewares/ST/STM32_USB_Host_Library/Class/MSC/Src/usbh_msc.c ****                 MSC_Handle->unit[MSC_Handle->current_lun].error = MSC_ERROR;
 429              		.loc 1 437 17 is_stmt 1 view .LVU157
 437:Middlewares/ST/STM32_USB_Host_Library/Class/MSC/Src/usbh_msc.c ****                 MSC_Handle->unit[MSC_Handle->current_lun].error = MSC_ERROR;
 430              		.loc 1 437 44 is_stmt 0 view .LVU158
 431 01cc B6F8F830 		ldrh	r3, [r6, #248]
 437:Middlewares/ST/STM32_USB_Host_Library/Class/MSC/Src/usbh_msc.c ****                 MSC_Handle->unit[MSC_Handle->current_lun].error = MSC_ERROR;
 432              		.loc 1 437 65 view .LVU159
 433 01d0 3422     		movs	r2, #52
 434 01d2 02FB0363 		mla	r3, r2, r3, r6
 435 01d6 0120     		movs	r0, #1
 436              	.LVL30:
 437:Middlewares/ST/STM32_USB_Host_Library/Class/MSC/Src/usbh_msc.c ****                 MSC_Handle->unit[MSC_Handle->current_lun].error = MSC_ERROR;
 437              		.loc 1 437 65 view .LVU160
 438 01d8 83F89000 		strb	r0, [r3, #144]
 438:Middlewares/ST/STM32_USB_Host_Library/Class/MSC/Src/usbh_msc.c ****               }
 439              		.loc 1 438 17 is_stmt 1 view .LVU161
 438:Middlewares/ST/STM32_USB_Host_Library/Class/MSC/Src/usbh_msc.c ****               }
 440              		.loc 1 438 65 is_stmt 0 view .LVU162
 441 01dc 0222     		movs	r2, #2
 442 01de 83F89120 		strb	r2, [r3, #145]
 443 01e2 17E7     		b	.L4
 444              	.LVL31:
 445              	.L8:
 444:Middlewares/ST/STM32_USB_Host_Library/Class/MSC/Src/usbh_msc.c **** 
 446              		.loc 1 444 13 is_stmt 1 view .LVU163
 444:Middlewares/ST/STM32_USB_Host_Library/Class/MSC/Src/usbh_msc.c **** 
ARM GAS  /tmp/ccPm0lWZ.s 			page 21


 447              		.loc 1 444 27 is_stmt 0 view .LVU164
 448 01e4 3422     		movs	r2, #52
 449 01e6 01FB02F2 		mul	r2, r1, r2
 450 01ea 9832     		adds	r2, r2, #152
 451 01ec 3244     		add	r2, r2, r6
 452 01ee 0432     		adds	r2, r2, #4
 453 01f0 C9B2     		uxtb	r1, r1
 454 01f2 FFF7FEFF 		bl	USBH_MSC_SCSI_RequestSense
 455              	.LVL32:
 446:Middlewares/ST/STM32_USB_Host_Library/Class/MSC/Src/usbh_msc.c ****             {
 456              		.loc 1 446 13 is_stmt 1 view .LVU165
 446:Middlewares/ST/STM32_USB_Host_Library/Class/MSC/Src/usbh_msc.c ****             {
 457              		.loc 1 446 16 is_stmt 0 view .LVU166
 458 01f6 0246     		mov	r2, r0
 459 01f8 98B9     		cbnz	r0, .L23
 448:Middlewares/ST/STM32_USB_Host_Library/Class/MSC/Src/usbh_msc.c ****                   (MSC_Handle->unit[MSC_Handle->current_lun].sense.key == SCSI_SENSE_KEY_NOT_READY)
 460              		.loc 1 448 15 is_stmt 1 view .LVU167
 448:Middlewares/ST/STM32_USB_Host_Library/Class/MSC/Src/usbh_msc.c ****                   (MSC_Handle->unit[MSC_Handle->current_lun].sense.key == SCSI_SENSE_KEY_NOT_READY)
 461              		.loc 1 448 47 is_stmt 0 view .LVU168
 462 01fa B6F8F830 		ldrh	r3, [r6, #248]
 448:Middlewares/ST/STM32_USB_Host_Library/Class/MSC/Src/usbh_msc.c ****                   (MSC_Handle->unit[MSC_Handle->current_lun].sense.key == SCSI_SENSE_KEY_NOT_READY)
 463              		.loc 1 448 67 view .LVU169
 464 01fe 3421     		movs	r1, #52
 465 0200 01FB0361 		mla	r1, r1, r3, r6
 466 0204 91F89C10 		ldrb	r1, [r1, #156]	@ zero_extendqisi2
 448:Middlewares/ST/STM32_USB_Host_Library/Class/MSC/Src/usbh_msc.c ****                   (MSC_Handle->unit[MSC_Handle->current_lun].sense.key == SCSI_SENSE_KEY_NOT_READY)
 467              		.loc 1 448 18 view .LVU170
 468 0208 0629     		cmp	r1, #6
 469 020a 10D0     		beq	.L24
 448:Middlewares/ST/STM32_USB_Host_Library/Class/MSC/Src/usbh_msc.c ****                   (MSC_Handle->unit[MSC_Handle->current_lun].sense.key == SCSI_SENSE_KEY_NOT_READY)
 470              		.loc 1 448 106 discriminator 1 view .LVU171
 471 020c 0229     		cmp	r1, #2
 472 020e 0ED0     		beq	.L24
 473              	.LVL33:
 474              	.L25:
 459:Middlewares/ST/STM32_USB_Host_Library/Class/MSC/Src/usbh_msc.c ****               USBH_UsrLog("Additional Sense Code : %x", MSC_Handle->unit[MSC_Handle->current_lun].s
 475              		.loc 1 459 15 is_stmt 1 view .LVU172
 459:Middlewares/ST/STM32_USB_Host_Library/Class/MSC/Src/usbh_msc.c ****               USBH_UsrLog("Additional Sense Code : %x", MSC_Handle->unit[MSC_Handle->current_lun].s
 476              		.loc 1 459 15 view .LVU173
 459:Middlewares/ST/STM32_USB_Host_Library/Class/MSC/Src/usbh_msc.c ****               USBH_UsrLog("Additional Sense Code : %x", MSC_Handle->unit[MSC_Handle->current_lun].s
 477              		.loc 1 459 15 view .LVU174
 460:Middlewares/ST/STM32_USB_Host_Library/Class/MSC/Src/usbh_msc.c ****               USBH_UsrLog("Additional Sense Code Qualifier: %x", MSC_Handle->unit[MSC_Handle->curre
 478              		.loc 1 460 15 view .LVU175
 460:Middlewares/ST/STM32_USB_Host_Library/Class/MSC/Src/usbh_msc.c ****               USBH_UsrLog("Additional Sense Code Qualifier: %x", MSC_Handle->unit[MSC_Handle->curre
 479              		.loc 1 460 15 view .LVU176
 460:Middlewares/ST/STM32_USB_Host_Library/Class/MSC/Src/usbh_msc.c ****               USBH_UsrLog("Additional Sense Code Qualifier: %x", MSC_Handle->unit[MSC_Handle->curre
 480              		.loc 1 460 15 view .LVU177
 461:Middlewares/ST/STM32_USB_Host_Library/Class/MSC/Src/usbh_msc.c ****               MSC_Handle->unit[MSC_Handle->current_lun].state = MSC_IDLE;
 481              		.loc 1 461 15 view .LVU178
 461:Middlewares/ST/STM32_USB_Host_Library/Class/MSC/Src/usbh_msc.c ****               MSC_Handle->unit[MSC_Handle->current_lun].state = MSC_IDLE;
 482              		.loc 1 461 15 view .LVU179
 461:Middlewares/ST/STM32_USB_Host_Library/Class/MSC/Src/usbh_msc.c ****               MSC_Handle->unit[MSC_Handle->current_lun].state = MSC_IDLE;
 483              		.loc 1 461 15 view .LVU180
 462:Middlewares/ST/STM32_USB_Host_Library/Class/MSC/Src/usbh_msc.c ****               MSC_Handle->current_lun++;
 484              		.loc 1 462 15 view .LVU181
 462:Middlewares/ST/STM32_USB_Host_Library/Class/MSC/Src/usbh_msc.c ****               MSC_Handle->current_lun++;
 485              		.loc 1 462 63 is_stmt 0 view .LVU182
ARM GAS  /tmp/ccPm0lWZ.s 			page 22


 486 0210 3421     		movs	r1, #52
 487 0212 01FB0361 		mla	r1, r1, r3, r6
 488 0216 0120     		movs	r0, #1
 489 0218 81F89000 		strb	r0, [r1, #144]
 463:Middlewares/ST/STM32_USB_Host_Library/Class/MSC/Src/usbh_msc.c ****             }
 490              		.loc 1 463 15 is_stmt 1 view .LVU183
 463:Middlewares/ST/STM32_USB_Host_Library/Class/MSC/Src/usbh_msc.c ****             }
 491              		.loc 1 463 38 is_stmt 0 view .LVU184
 492 021c 0344     		add	r3, r3, r0
 493 021e A6F8F830 		strh	r3, [r6, #248]	@ movhi
 494              	.L23:
 465:Middlewares/ST/STM32_USB_Host_Library/Class/MSC/Src/usbh_msc.c ****             {
 495              		.loc 1 465 13 is_stmt 1 view .LVU185
 465:Middlewares/ST/STM32_USB_Host_Library/Class/MSC/Src/usbh_msc.c ****             {
 496              		.loc 1 465 16 is_stmt 0 view .LVU186
 497 0222 022A     		cmp	r2, #2
 498 0224 14D0     		beq	.L40
 472:Middlewares/ST/STM32_USB_Host_Library/Class/MSC/Src/usbh_msc.c ****               {
 499              		.loc 1 472 15 is_stmt 1 view .LVU187
 472:Middlewares/ST/STM32_USB_Host_Library/Class/MSC/Src/usbh_msc.c ****               {
 500              		.loc 1 472 18 is_stmt 0 view .LVU188
 501 0226 042A     		cmp	r2, #4
 502 0228 1CD0     		beq	.L41
 324:Middlewares/ST/STM32_USB_Host_Library/Class/MSC/Src/usbh_msc.c ****   USBH_StatusTypeDef scsi_status = USBH_BUSY;
 503              		.loc 1 324 22 view .LVU189
 504 022a 0120     		movs	r0, #1
 505 022c F2E6     		b	.L4
 506              	.LVL34:
 507              	.L24:
 452:Middlewares/ST/STM32_USB_Host_Library/Class/MSC/Src/usbh_msc.c ****                 {
 508              		.loc 1 452 17 is_stmt 1 view .LVU190
 452:Middlewares/ST/STM32_USB_Host_Library/Class/MSC/Src/usbh_msc.c ****                 {
 509              		.loc 1 452 27 is_stmt 0 view .LVU191
 510 022e D4F8C413 		ldr	r1, [r4, #964]
 452:Middlewares/ST/STM32_USB_Host_Library/Class/MSC/Src/usbh_msc.c ****                 {
 511              		.loc 1 452 47 view .LVU192
 512 0232 D6F8FC00 		ldr	r0, [r6, #252]
 513              	.LVL35:
 452:Middlewares/ST/STM32_USB_Host_Library/Class/MSC/Src/usbh_msc.c ****                 {
 514              		.loc 1 452 35 view .LVU193
 515 0236 091A     		subs	r1, r1, r0
 452:Middlewares/ST/STM32_USB_Host_Library/Class/MSC/Src/usbh_msc.c ****                 {
 516              		.loc 1 452 20 view .LVU194
 517 0238 42F20F70 		movw	r0, #9999
 518 023c 8142     		cmp	r1, r0
 519 023e E7D8     		bhi	.L25
 454:Middlewares/ST/STM32_USB_Host_Library/Class/MSC/Src/usbh_msc.c ****                   break;
 520              		.loc 1 454 19 is_stmt 1 view .LVU195
 454:Middlewares/ST/STM32_USB_Host_Library/Class/MSC/Src/usbh_msc.c ****                   break;
 521              		.loc 1 454 67 is_stmt 0 view .LVU196
 522 0240 3422     		movs	r2, #52
 523              	.LVL36:
 454:Middlewares/ST/STM32_USB_Host_Library/Class/MSC/Src/usbh_msc.c ****                   break;
 524              		.loc 1 454 67 view .LVU197
 525 0242 02FB0363 		mla	r3, r2, r3, r6
 526 0246 0222     		movs	r2, #2
 527 0248 83F89020 		strb	r2, [r3, #144]
ARM GAS  /tmp/ccPm0lWZ.s 			page 23


 455:Middlewares/ST/STM32_USB_Host_Library/Class/MSC/Src/usbh_msc.c ****                 }
 528              		.loc 1 455 19 is_stmt 1 view .LVU198
 324:Middlewares/ST/STM32_USB_Host_Library/Class/MSC/Src/usbh_msc.c ****   USBH_StatusTypeDef scsi_status = USBH_BUSY;
 529              		.loc 1 324 22 is_stmt 0 view .LVU199
 530 024c 0120     		movs	r0, #1
 455:Middlewares/ST/STM32_USB_Host_Library/Class/MSC/Src/usbh_msc.c ****                 }
 531              		.loc 1 455 19 view .LVU200
 532 024e E1E6     		b	.L4
 533              	.LVL37:
 534              	.L40:
 467:Middlewares/ST/STM32_USB_Host_Library/Class/MSC/Src/usbh_msc.c ****               MSC_Handle->unit[MSC_Handle->current_lun].state = MSC_UNRECOVERED_ERROR;
 535              		.loc 1 467 15 is_stmt 1 view .LVU201
 467:Middlewares/ST/STM32_USB_Host_Library/Class/MSC/Src/usbh_msc.c ****               MSC_Handle->unit[MSC_Handle->current_lun].state = MSC_UNRECOVERED_ERROR;
 536              		.loc 1 467 15 view .LVU202
 467:Middlewares/ST/STM32_USB_Host_Library/Class/MSC/Src/usbh_msc.c ****               MSC_Handle->unit[MSC_Handle->current_lun].state = MSC_UNRECOVERED_ERROR;
 537              		.loc 1 467 15 view .LVU203
 468:Middlewares/ST/STM32_USB_Host_Library/Class/MSC/Src/usbh_msc.c ****             }
 538              		.loc 1 468 15 view .LVU204
 468:Middlewares/ST/STM32_USB_Host_Library/Class/MSC/Src/usbh_msc.c ****             }
 539              		.loc 1 468 42 is_stmt 0 view .LVU205
 540 0250 B6F8F830 		ldrh	r3, [r6, #248]
 468:Middlewares/ST/STM32_USB_Host_Library/Class/MSC/Src/usbh_msc.c ****             }
 541              		.loc 1 468 63 view .LVU206
 542 0254 3422     		movs	r2, #52
 543              	.LVL38:
 468:Middlewares/ST/STM32_USB_Host_Library/Class/MSC/Src/usbh_msc.c ****             }
 544              		.loc 1 468 63 view .LVU207
 545 0256 02FB0363 		mla	r3, r2, r3, r6
 546 025a 0822     		movs	r2, #8
 547 025c 83F89020 		strb	r2, [r3, #144]
 324:Middlewares/ST/STM32_USB_Host_Library/Class/MSC/Src/usbh_msc.c ****   USBH_StatusTypeDef scsi_status = USBH_BUSY;
 548              		.loc 1 324 22 view .LVU208
 549 0260 0120     		movs	r0, #1
 550 0262 D7E6     		b	.L4
 551              	.LVL39:
 552              	.L41:
 474:Middlewares/ST/STM32_USB_Host_Library/Class/MSC/Src/usbh_msc.c ****                 MSC_Handle->unit[MSC_Handle->current_lun].error = MSC_ERROR;
 553              		.loc 1 474 17 is_stmt 1 view .LVU209
 474:Middlewares/ST/STM32_USB_Host_Library/Class/MSC/Src/usbh_msc.c ****                 MSC_Handle->unit[MSC_Handle->current_lun].error = MSC_ERROR;
 554              		.loc 1 474 44 is_stmt 0 view .LVU210
 555 0264 B6F8F830 		ldrh	r3, [r6, #248]
 474:Middlewares/ST/STM32_USB_Host_Library/Class/MSC/Src/usbh_msc.c ****                 MSC_Handle->unit[MSC_Handle->current_lun].error = MSC_ERROR;
 556              		.loc 1 474 65 view .LVU211
 557 0268 3422     		movs	r2, #52
 558              	.LVL40:
 474:Middlewares/ST/STM32_USB_Host_Library/Class/MSC/Src/usbh_msc.c ****                 MSC_Handle->unit[MSC_Handle->current_lun].error = MSC_ERROR;
 559              		.loc 1 474 65 view .LVU212
 560 026a 02FB0363 		mla	r3, r2, r3, r6
 561 026e 0120     		movs	r0, #1
 562 0270 83F89000 		strb	r0, [r3, #144]
 475:Middlewares/ST/STM32_USB_Host_Library/Class/MSC/Src/usbh_msc.c ****               }
 563              		.loc 1 475 17 is_stmt 1 view .LVU213
 475:Middlewares/ST/STM32_USB_Host_Library/Class/MSC/Src/usbh_msc.c ****               }
 564              		.loc 1 475 65 is_stmt 0 view .LVU214
 565 0274 0222     		movs	r2, #2
 566 0276 83F89120 		strb	r2, [r3, #145]
 567 027a CBE6     		b	.L4
ARM GAS  /tmp/ccPm0lWZ.s 			page 24


 568              	.LVL41:
 569              	.L6:
 481:Middlewares/ST/STM32_USB_Host_Library/Class/MSC/Src/usbh_msc.c ****             break;
 570              		.loc 1 481 13 is_stmt 1 view .LVU215
 481:Middlewares/ST/STM32_USB_Host_Library/Class/MSC/Src/usbh_msc.c ****             break;
 571              		.loc 1 481 36 is_stmt 0 view .LVU216
 572 027c 0131     		adds	r1, r1, #1
 573 027e A6F8F810 		strh	r1, [r6, #248]	@ movhi
 482:Middlewares/ST/STM32_USB_Host_Library/Class/MSC/Src/usbh_msc.c **** 
 574              		.loc 1 482 13 is_stmt 1 view .LVU217
 324:Middlewares/ST/STM32_USB_Host_Library/Class/MSC/Src/usbh_msc.c ****   USBH_StatusTypeDef scsi_status = USBH_BUSY;
 575              		.loc 1 324 22 is_stmt 0 view .LVU218
 576 0282 0120     		movs	r0, #1
 577              	.LVL42:
 482:Middlewares/ST/STM32_USB_Host_Library/Class/MSC/Src/usbh_msc.c **** 
 578              		.loc 1 482 13 view .LVU219
 579 0284 C6E6     		b	.L4
 580              	.LVL43:
 581              	.L5:
 499:Middlewares/ST/STM32_USB_Host_Library/Class/MSC/Src/usbh_msc.c ****         MSC_Handle->state = MSC_IDLE;
 582              		.loc 1 499 9 is_stmt 1 view .LVU220
 499:Middlewares/ST/STM32_USB_Host_Library/Class/MSC/Src/usbh_msc.c ****         MSC_Handle->state = MSC_IDLE;
 583              		.loc 1 499 33 is_stmt 0 view .LVU221
 584 0286 0023     		movs	r3, #0
 585 0288 A6F8F830 		strh	r3, [r6, #248]	@ movhi
 500:Middlewares/ST/STM32_USB_Host_Library/Class/MSC/Src/usbh_msc.c **** 
 586              		.loc 1 500 9 is_stmt 1 view .LVU222
 500:Middlewares/ST/STM32_USB_Host_Library/Class/MSC/Src/usbh_msc.c **** 
 587              		.loc 1 500 27 is_stmt 0 view .LVU223
 588 028c 0125     		movs	r5, #1
 589 028e 3573     		strb	r5, [r6, #12]
 510:Middlewares/ST/STM32_USB_Host_Library/Class/MSC/Src/usbh_msc.c ****       }
 590              		.loc 1 510 9 is_stmt 1 view .LVU224
 510:Middlewares/ST/STM32_USB_Host_Library/Class/MSC/Src/usbh_msc.c ****       }
 591              		.loc 1 510 14 is_stmt 0 view .LVU225
 592 0290 D0F8D433 		ldr	r3, [r0, #980]
 510:Middlewares/ST/STM32_USB_Host_Library/Class/MSC/Src/usbh_msc.c ****       }
 593              		.loc 1 510 9 view .LVU226
 594 0294 0221     		movs	r1, #2
 595 0296 9847     		blx	r3
 596              	.LVL44:
 324:Middlewares/ST/STM32_USB_Host_Library/Class/MSC/Src/usbh_msc.c ****   USBH_StatusTypeDef scsi_status = USBH_BUSY;
 597              		.loc 1 324 22 view .LVU227
 598 0298 2846     		mov	r0, r5
 599 029a BBE6     		b	.L4
 600              	.LVL45:
 601              	.L27:
 328:Middlewares/ST/STM32_USB_Host_Library/Class/MSC/Src/usbh_msc.c ****   {
 602              		.loc 1 328 3 view .LVU228
 603 029c 0120     		movs	r0, #1
 604              	.LVL46:
 328:Middlewares/ST/STM32_USB_Host_Library/Class/MSC/Src/usbh_msc.c ****   {
 605              		.loc 1 328 3 view .LVU229
 606 029e B9E6     		b	.L4
 607              	.LVL47:
 608              	.L28:
 328:Middlewares/ST/STM32_USB_Host_Library/Class/MSC/Src/usbh_msc.c ****   {
ARM GAS  /tmp/ccPm0lWZ.s 			page 25


 609              		.loc 1 328 3 view .LVU230
 610 02a0 0120     		movs	r0, #1
 611              	.LVL48:
 328:Middlewares/ST/STM32_USB_Host_Library/Class/MSC/Src/usbh_msc.c ****   {
 612              		.loc 1 328 3 view .LVU231
 613 02a2 B7E6     		b	.L4
 614              		.cfi_endproc
 615              	.LFE222:
 617              		.section	.text.USBH_MSC_ClassRequest,"ax",%progbits
 618              		.align	1
 619              		.syntax unified
 620              		.thumb
 621              		.thumb_func
 623              	USBH_MSC_ClassRequest:
 624              	.LVL49:
 625              	.LFB221:
 266:Middlewares/ST/STM32_USB_Host_Library/Class/MSC/Src/usbh_msc.c ****   MSC_HandleTypeDef *MSC_Handle = (MSC_HandleTypeDef *) phost->pActiveClass->pData;
 626              		.loc 1 266 1 is_stmt 1 view -0
 627              		.cfi_startproc
 628              		@ args = 0, pretend = 0, frame = 0
 629              		@ frame_needed = 0, uses_anonymous_args = 0
 266:Middlewares/ST/STM32_USB_Host_Library/Class/MSC/Src/usbh_msc.c ****   MSC_HandleTypeDef *MSC_Handle = (MSC_HandleTypeDef *) phost->pActiveClass->pData;
 630              		.loc 1 266 1 is_stmt 0 view .LVU233
 631 0000 10B5     		push	{r4, lr}
 632              		.cfi_def_cfa_offset 8
 633              		.cfi_offset 4, -8
 634              		.cfi_offset 14, -4
 267:Middlewares/ST/STM32_USB_Host_Library/Class/MSC/Src/usbh_msc.c ****   USBH_StatusTypeDef status = USBH_BUSY;
 635              		.loc 1 267 3 is_stmt 1 view .LVU234
 267:Middlewares/ST/STM32_USB_Host_Library/Class/MSC/Src/usbh_msc.c ****   USBH_StatusTypeDef status = USBH_BUSY;
 636              		.loc 1 267 62 is_stmt 0 view .LVU235
 637 0002 D0F87C33 		ldr	r3, [r0, #892]
 267:Middlewares/ST/STM32_USB_Host_Library/Class/MSC/Src/usbh_msc.c ****   USBH_StatusTypeDef status = USBH_BUSY;
 638              		.loc 1 267 22 view .LVU236
 639 0006 DC69     		ldr	r4, [r3, #28]
 640              	.LVL50:
 268:Middlewares/ST/STM32_USB_Host_Library/Class/MSC/Src/usbh_msc.c ****   uint8_t i;
 641              		.loc 1 268 3 is_stmt 1 view .LVU237
 269:Middlewares/ST/STM32_USB_Host_Library/Class/MSC/Src/usbh_msc.c **** 
 642              		.loc 1 269 3 view .LVU238
 272:Middlewares/ST/STM32_USB_Host_Library/Class/MSC/Src/usbh_msc.c ****   {
 643              		.loc 1 272 3 view .LVU239
 272:Middlewares/ST/STM32_USB_Host_Library/Class/MSC/Src/usbh_msc.c ****   {
 644              		.loc 1 272 21 is_stmt 0 view .LVU240
 645 0008 A37B     		ldrb	r3, [r4, #14]	@ zero_extendqisi2
 272:Middlewares/ST/STM32_USB_Host_Library/Class/MSC/Src/usbh_msc.c ****   {
 646              		.loc 1 272 3 view .LVU241
 647 000a 022B     		cmp	r3, #2
 648 000c 04D0     		beq	.L43
 649 000e 032B     		cmp	r3, #3
 650 0010 25D0     		beq	.L44
 651 0012 0BB1     		cbz	r3, .L43
 652 0014 0120     		movs	r0, #1
 653              	.LVL51:
 654              	.L45:
 312:Middlewares/ST/STM32_USB_Host_Library/Class/MSC/Src/usbh_msc.c **** }
 655              		.loc 1 312 3 is_stmt 1 view .LVU242
ARM GAS  /tmp/ccPm0lWZ.s 			page 26


 313:Middlewares/ST/STM32_USB_Host_Library/Class/MSC/Src/usbh_msc.c **** 
 656              		.loc 1 313 1 is_stmt 0 view .LVU243
 657 0016 10BD     		pop	{r4, pc}
 658              	.LVL52:
 659              	.L43:
 277:Middlewares/ST/STM32_USB_Host_Library/Class/MSC/Src/usbh_msc.c **** 
 660              		.loc 1 277 7 is_stmt 1 view .LVU244
 277:Middlewares/ST/STM32_USB_Host_Library/Class/MSC/Src/usbh_msc.c **** 
 661              		.loc 1 277 16 is_stmt 0 view .LVU245
 662 0018 2146     		mov	r1, r4
 663 001a FFF7FEFF 		bl	USBH_MSC_BOT_REQ_GetMaxLUN
 664              	.LVL53:
 281:Middlewares/ST/STM32_USB_Host_Library/Class/MSC/Src/usbh_msc.c ****       {
 665              		.loc 1 281 7 is_stmt 1 view .LVU246
 281:Middlewares/ST/STM32_USB_Host_Library/Class/MSC/Src/usbh_msc.c ****       {
 666              		.loc 1 281 10 is_stmt 0 view .LVU247
 667 001e 0328     		cmp	r0, #3
 668 0020 02D0     		beq	.L55
 287:Middlewares/ST/STM32_USB_Host_Library/Class/MSC/Src/usbh_msc.c ****       {
 669              		.loc 1 287 7 is_stmt 1 view .LVU248
 287:Middlewares/ST/STM32_USB_Host_Library/Class/MSC/Src/usbh_msc.c ****       {
 670              		.loc 1 287 10 is_stmt 0 view .LVU249
 671 0022 0028     		cmp	r0, #0
 672 0024 F7D1     		bne	.L45
 673 0026 01E0     		b	.L47
 674              	.L55:
 283:Middlewares/ST/STM32_USB_Host_Library/Class/MSC/Src/usbh_msc.c ****         status = USBH_OK;
 675              		.loc 1 283 9 is_stmt 1 view .LVU250
 283:Middlewares/ST/STM32_USB_Host_Library/Class/MSC/Src/usbh_msc.c ****         status = USBH_OK;
 676              		.loc 1 283 29 is_stmt 0 view .LVU251
 677 0028 0020     		movs	r0, #0
 678              	.LVL54:
 283:Middlewares/ST/STM32_USB_Host_Library/Class/MSC/Src/usbh_msc.c ****         status = USBH_OK;
 679              		.loc 1 283 29 view .LVU252
 680 002a 2070     		strb	r0, [r4]
 284:Middlewares/ST/STM32_USB_Host_Library/Class/MSC/Src/usbh_msc.c ****       }
 681              		.loc 1 284 9 is_stmt 1 view .LVU253
 682              	.LVL55:
 287:Middlewares/ST/STM32_USB_Host_Library/Class/MSC/Src/usbh_msc.c ****       {
 683              		.loc 1 287 7 view .LVU254
 684              	.L47:
 289:Middlewares/ST/STM32_USB_Host_Library/Class/MSC/Src/usbh_msc.c ****         USBH_UsrLog("Number of supported LUN: %d", MSC_Handle->max_lun);
 685              		.loc 1 289 9 view .LVU255
 289:Middlewares/ST/STM32_USB_Host_Library/Class/MSC/Src/usbh_msc.c ****         USBH_UsrLog("Number of supported LUN: %d", MSC_Handle->max_lun);
 686              		.loc 1 289 42 is_stmt 0 view .LVU256
 687 002c 2178     		ldrb	r1, [r4]	@ zero_extendqisi2
 289:Middlewares/ST/STM32_USB_Host_Library/Class/MSC/Src/usbh_msc.c ****         USBH_UsrLog("Number of supported LUN: %d", MSC_Handle->max_lun);
 688              		.loc 1 289 29 view .LVU257
 689 002e 0229     		cmp	r1, #2
 690 0030 13D8     		bhi	.L52
 289:Middlewares/ST/STM32_USB_Host_Library/Class/MSC/Src/usbh_msc.c ****         USBH_UsrLog("Number of supported LUN: %d", MSC_Handle->max_lun);
 691              		.loc 1 289 29 discriminator 1 view .LVU258
 692 0032 0131     		adds	r1, r1, #1
 693 0034 C9B2     		uxtb	r1, r1
 694              	.L48:
 289:Middlewares/ST/STM32_USB_Host_Library/Class/MSC/Src/usbh_msc.c ****         USBH_UsrLog("Number of supported LUN: %d", MSC_Handle->max_lun);
 695              		.loc 1 289 29 discriminator 4 view .LVU259
ARM GAS  /tmp/ccPm0lWZ.s 			page 27


 696 0036 2170     		strb	r1, [r4]
 290:Middlewares/ST/STM32_USB_Host_Library/Class/MSC/Src/usbh_msc.c **** 
 697              		.loc 1 290 9 is_stmt 1 view .LVU260
 290:Middlewares/ST/STM32_USB_Host_Library/Class/MSC/Src/usbh_msc.c **** 
 698              		.loc 1 290 9 view .LVU261
 290:Middlewares/ST/STM32_USB_Host_Library/Class/MSC/Src/usbh_msc.c **** 
 699              		.loc 1 290 9 view .LVU262
 292:Middlewares/ST/STM32_USB_Host_Library/Class/MSC/Src/usbh_msc.c ****         {
 700              		.loc 1 292 9 view .LVU263
 701              	.LVL56:
 292:Middlewares/ST/STM32_USB_Host_Library/Class/MSC/Src/usbh_msc.c ****         {
 702              		.loc 1 292 16 is_stmt 0 view .LVU264
 703 0038 0023     		movs	r3, #0
 704              	.LVL57:
 705              	.L49:
 292:Middlewares/ST/STM32_USB_Host_Library/Class/MSC/Src/usbh_msc.c ****         {
 706              		.loc 1 292 24 is_stmt 1 discriminator 1 view .LVU265
 707 003a 8B42     		cmp	r3, r1
 708 003c EBD2     		bcs	.L45
 294:Middlewares/ST/STM32_USB_Host_Library/Class/MSC/Src/usbh_msc.c ****           MSC_Handle->unit[i].state_changed = 0U;
 709              		.loc 1 294 11 view .LVU266
 294:Middlewares/ST/STM32_USB_Host_Library/Class/MSC/Src/usbh_msc.c ****           MSC_Handle->unit[i].state_changed = 0U;
 710              		.loc 1 294 48 is_stmt 0 view .LVU267
 711 003e 3422     		movs	r2, #52
 712 0040 02FB0342 		mla	r2, r2, r3, r4
 713 0044 4FF0020C 		mov	ip, #2
 714 0048 82F892C0 		strb	ip, [r2, #146]
 295:Middlewares/ST/STM32_USB_Host_Library/Class/MSC/Src/usbh_msc.c ****         }
 715              		.loc 1 295 11 is_stmt 1 view .LVU268
 295:Middlewares/ST/STM32_USB_Host_Library/Class/MSC/Src/usbh_msc.c ****         }
 716              		.loc 1 295 45 is_stmt 0 view .LVU269
 717 004c 4FF0000C 		mov	ip, #0
 718 0050 82F8C1C0 		strb	ip, [r2, #193]
 292:Middlewares/ST/STM32_USB_Host_Library/Class/MSC/Src/usbh_msc.c ****         {
 719              		.loc 1 292 48 is_stmt 1 discriminator 3 view .LVU270
 720 0054 0133     		adds	r3, r3, #1
 721              	.LVL58:
 292:Middlewares/ST/STM32_USB_Host_Library/Class/MSC/Src/usbh_msc.c ****         {
 722              		.loc 1 292 48 is_stmt 0 discriminator 3 view .LVU271
 723 0056 DBB2     		uxtb	r3, r3
 724              	.LVL59:
 292:Middlewares/ST/STM32_USB_Host_Library/Class/MSC/Src/usbh_msc.c ****         {
 725              		.loc 1 292 48 discriminator 3 view .LVU272
 726 0058 EFE7     		b	.L49
 727              	.LVL60:
 728              	.L52:
 289:Middlewares/ST/STM32_USB_Host_Library/Class/MSC/Src/usbh_msc.c ****         USBH_UsrLog("Number of supported LUN: %d", MSC_Handle->max_lun);
 729              		.loc 1 289 29 discriminator 2 view .LVU273
 730 005a 0221     		movs	r1, #2
 731 005c EBE7     		b	.L48
 732              	.LVL61:
 733              	.L44:
 302:Middlewares/ST/STM32_USB_Host_Library/Class/MSC/Src/usbh_msc.c ****       {
 734              		.loc 1 302 7 is_stmt 1 view .LVU274
 302:Middlewares/ST/STM32_USB_Host_Library/Class/MSC/Src/usbh_msc.c ****       {
 735              		.loc 1 302 11 is_stmt 0 view .LVU275
 736 005e 0021     		movs	r1, #0
ARM GAS  /tmp/ccPm0lWZ.s 			page 28


 737 0060 FFF7FEFF 		bl	USBH_ClrFeature
 738              	.LVL62:
 302:Middlewares/ST/STM32_USB_Host_Library/Class/MSC/Src/usbh_msc.c ****       {
 739              		.loc 1 302 10 discriminator 1 view .LVU276
 740 0064 18B9     		cbnz	r0, .L53
 304:Middlewares/ST/STM32_USB_Host_Library/Class/MSC/Src/usbh_msc.c ****       }
 741              		.loc 1 304 9 is_stmt 1 view .LVU277
 304:Middlewares/ST/STM32_USB_Host_Library/Class/MSC/Src/usbh_msc.c ****       }
 742              		.loc 1 304 43 is_stmt 0 view .LVU278
 743 0066 E37B     		ldrb	r3, [r4, #15]	@ zero_extendqisi2
 304:Middlewares/ST/STM32_USB_Host_Library/Class/MSC/Src/usbh_msc.c ****       }
 744              		.loc 1 304 31 view .LVU279
 745 0068 A373     		strb	r3, [r4, #14]
 268:Middlewares/ST/STM32_USB_Host_Library/Class/MSC/Src/usbh_msc.c ****   uint8_t i;
 746              		.loc 1 268 22 view .LVU280
 747 006a 0120     		movs	r0, #1
 748 006c D3E7     		b	.L45
 749              	.L53:
 268:Middlewares/ST/STM32_USB_Host_Library/Class/MSC/Src/usbh_msc.c ****   uint8_t i;
 750              		.loc 1 268 22 view .LVU281
 751 006e 0120     		movs	r0, #1
 752 0070 D1E7     		b	.L45
 753              		.cfi_endproc
 754              	.LFE221:
 756              		.section	.text.USBH_MSC_InterfaceDeInit,"ax",%progbits
 757              		.align	1
 758              		.syntax unified
 759              		.thumb
 760              		.thumb_func
 762              	USBH_MSC_InterfaceDeInit:
 763              	.LVL63:
 764              	.LFB220:
 232:Middlewares/ST/STM32_USB_Host_Library/Class/MSC/Src/usbh_msc.c ****   MSC_HandleTypeDef *MSC_Handle = (MSC_HandleTypeDef *) phost->pActiveClass->pData;
 765              		.loc 1 232 1 is_stmt 1 view -0
 766              		.cfi_startproc
 767              		@ args = 0, pretend = 0, frame = 0
 768              		@ frame_needed = 0, uses_anonymous_args = 0
 232:Middlewares/ST/STM32_USB_Host_Library/Class/MSC/Src/usbh_msc.c ****   MSC_HandleTypeDef *MSC_Handle = (MSC_HandleTypeDef *) phost->pActiveClass->pData;
 769              		.loc 1 232 1 is_stmt 0 view .LVU283
 770 0000 38B5     		push	{r3, r4, r5, lr}
 771              		.cfi_def_cfa_offset 16
 772              		.cfi_offset 3, -16
 773              		.cfi_offset 4, -12
 774              		.cfi_offset 5, -8
 775              		.cfi_offset 14, -4
 776 0002 0446     		mov	r4, r0
 233:Middlewares/ST/STM32_USB_Host_Library/Class/MSC/Src/usbh_msc.c **** 
 777              		.loc 1 233 3 is_stmt 1 view .LVU284
 233:Middlewares/ST/STM32_USB_Host_Library/Class/MSC/Src/usbh_msc.c **** 
 778              		.loc 1 233 62 is_stmt 0 view .LVU285
 779 0004 D0F87C33 		ldr	r3, [r0, #892]
 233:Middlewares/ST/STM32_USB_Host_Library/Class/MSC/Src/usbh_msc.c **** 
 780              		.loc 1 233 22 view .LVU286
 781 0008 DD69     		ldr	r5, [r3, #28]
 782              	.LVL64:
 235:Middlewares/ST/STM32_USB_Host_Library/Class/MSC/Src/usbh_msc.c ****   {
 783              		.loc 1 235 3 is_stmt 1 view .LVU287
ARM GAS  /tmp/ccPm0lWZ.s 			page 29


 235:Middlewares/ST/STM32_USB_Host_Library/Class/MSC/Src/usbh_msc.c ****   {
 784              		.loc 1 235 17 is_stmt 0 view .LVU288
 785 000a 6979     		ldrb	r1, [r5, #5]	@ zero_extendqisi2
 235:Middlewares/ST/STM32_USB_Host_Library/Class/MSC/Src/usbh_msc.c ****   {
 786              		.loc 1 235 6 view .LVU289
 787 000c 69B9     		cbnz	r1, .L61
 788              	.LVL65:
 789              	.L57:
 242:Middlewares/ST/STM32_USB_Host_Library/Class/MSC/Src/usbh_msc.c ****   {
 790              		.loc 1 242 3 is_stmt 1 view .LVU290
 242:Middlewares/ST/STM32_USB_Host_Library/Class/MSC/Src/usbh_msc.c ****   {
 791              		.loc 1 242 17 is_stmt 0 view .LVU291
 792 000e 2979     		ldrb	r1, [r5, #4]	@ zero_extendqisi2
 242:Middlewares/ST/STM32_USB_Host_Library/Class/MSC/Src/usbh_msc.c ****   {
 793              		.loc 1 242 6 view .LVU292
 794 0010 A1B9     		cbnz	r1, .L62
 795              	.L58:
 249:Middlewares/ST/STM32_USB_Host_Library/Class/MSC/Src/usbh_msc.c ****   {
 796              		.loc 1 249 3 is_stmt 1 view .LVU293
 249:Middlewares/ST/STM32_USB_Host_Library/Class/MSC/Src/usbh_msc.c ****   {
 797              		.loc 1 249 12 is_stmt 0 view .LVU294
 798 0012 D4F87C33 		ldr	r3, [r4, #892]
 249:Middlewares/ST/STM32_USB_Host_Library/Class/MSC/Src/usbh_msc.c ****   {
 799              		.loc 1 249 26 view .LVU295
 800 0016 D869     		ldr	r0, [r3, #28]
 249:Middlewares/ST/STM32_USB_Host_Library/Class/MSC/Src/usbh_msc.c ****   {
 801              		.loc 1 249 6 view .LVU296
 802 0018 28B1     		cbz	r0, .L59
 251:Middlewares/ST/STM32_USB_Host_Library/Class/MSC/Src/usbh_msc.c ****     phost->pActiveClass->pData = 0U;
 803              		.loc 1 251 5 is_stmt 1 view .LVU297
 804 001a FFF7FEFF 		bl	free
 805              	.LVL66:
 252:Middlewares/ST/STM32_USB_Host_Library/Class/MSC/Src/usbh_msc.c ****   }
 806              		.loc 1 252 5 view .LVU298
 252:Middlewares/ST/STM32_USB_Host_Library/Class/MSC/Src/usbh_msc.c ****   }
 807              		.loc 1 252 10 is_stmt 0 view .LVU299
 808 001e D4F87C33 		ldr	r3, [r4, #892]
 252:Middlewares/ST/STM32_USB_Host_Library/Class/MSC/Src/usbh_msc.c ****   }
 809              		.loc 1 252 32 view .LVU300
 810 0022 0022     		movs	r2, #0
 811 0024 DA61     		str	r2, [r3, #28]
 812              	.L59:
 255:Middlewares/ST/STM32_USB_Host_Library/Class/MSC/Src/usbh_msc.c **** }
 813              		.loc 1 255 3 is_stmt 1 view .LVU301
 256:Middlewares/ST/STM32_USB_Host_Library/Class/MSC/Src/usbh_msc.c **** 
 814              		.loc 1 256 1 is_stmt 0 view .LVU302
 815 0026 0020     		movs	r0, #0
 816 0028 38BD     		pop	{r3, r4, r5, pc}
 817              	.LVL67:
 818              	.L61:
 237:Middlewares/ST/STM32_USB_Host_Library/Class/MSC/Src/usbh_msc.c ****     USBH_FreePipe(phost, MSC_Handle->OutPipe);
 819              		.loc 1 237 5 is_stmt 1 view .LVU303
 820 002a FFF7FEFF 		bl	USBH_ClosePipe
 821              	.LVL68:
 238:Middlewares/ST/STM32_USB_Host_Library/Class/MSC/Src/usbh_msc.c ****     MSC_Handle->OutPipe = 0U;     /* Reset the Channel as Free */
 822              		.loc 1 238 5 view .LVU304
 823 002e 6979     		ldrb	r1, [r5, #5]	@ zero_extendqisi2
ARM GAS  /tmp/ccPm0lWZ.s 			page 30


 824 0030 2046     		mov	r0, r4
 825 0032 FFF7FEFF 		bl	USBH_FreePipe
 826              	.LVL69:
 239:Middlewares/ST/STM32_USB_Host_Library/Class/MSC/Src/usbh_msc.c ****   }
 827              		.loc 1 239 5 view .LVU305
 239:Middlewares/ST/STM32_USB_Host_Library/Class/MSC/Src/usbh_msc.c ****   }
 828              		.loc 1 239 25 is_stmt 0 view .LVU306
 829 0036 0023     		movs	r3, #0
 830 0038 6B71     		strb	r3, [r5, #5]
 831 003a E8E7     		b	.L57
 832              	.L62:
 244:Middlewares/ST/STM32_USB_Host_Library/Class/MSC/Src/usbh_msc.c ****     USBH_FreePipe(phost, MSC_Handle->InPipe);
 833              		.loc 1 244 5 is_stmt 1 view .LVU307
 834 003c 2046     		mov	r0, r4
 835 003e FFF7FEFF 		bl	USBH_ClosePipe
 836              	.LVL70:
 245:Middlewares/ST/STM32_USB_Host_Library/Class/MSC/Src/usbh_msc.c ****     MSC_Handle->InPipe = 0U;     /* Reset the Channel as Free */
 837              		.loc 1 245 5 view .LVU308
 838 0042 2979     		ldrb	r1, [r5, #4]	@ zero_extendqisi2
 839 0044 2046     		mov	r0, r4
 840 0046 FFF7FEFF 		bl	USBH_FreePipe
 841              	.LVL71:
 246:Middlewares/ST/STM32_USB_Host_Library/Class/MSC/Src/usbh_msc.c ****   }
 842              		.loc 1 246 5 view .LVU309
 246:Middlewares/ST/STM32_USB_Host_Library/Class/MSC/Src/usbh_msc.c ****   }
 843              		.loc 1 246 24 is_stmt 0 view .LVU310
 844 004a 0023     		movs	r3, #0
 845 004c 2B71     		strb	r3, [r5, #4]
 846 004e E0E7     		b	.L58
 847              		.cfi_endproc
 848              	.LFE220:
 850              		.section	.text.USBH_MSC_InterfaceInit,"ax",%progbits
 851              		.align	1
 852              		.syntax unified
 853              		.thumb
 854              		.thumb_func
 856              	USBH_MSC_InterfaceInit:
 857              	.LVL72:
 858              	.LFB219:
 148:Middlewares/ST/STM32_USB_Host_Library/Class/MSC/Src/usbh_msc.c ****   USBH_StatusTypeDef status;
 859              		.loc 1 148 1 is_stmt 1 view -0
 860              		.cfi_startproc
 861              		@ args = 0, pretend = 0, frame = 0
 862              		@ frame_needed = 0, uses_anonymous_args = 0
 148:Middlewares/ST/STM32_USB_Host_Library/Class/MSC/Src/usbh_msc.c ****   USBH_StatusTypeDef status;
 863              		.loc 1 148 1 is_stmt 0 view .LVU312
 864 0000 F0B5     		push	{r4, r5, r6, r7, lr}
 865              		.cfi_def_cfa_offset 20
 866              		.cfi_offset 4, -20
 867              		.cfi_offset 5, -16
 868              		.cfi_offset 6, -12
 869              		.cfi_offset 7, -8
 870              		.cfi_offset 14, -4
 871 0002 85B0     		sub	sp, sp, #20
 872              		.cfi_def_cfa_offset 40
 873 0004 0446     		mov	r4, r0
 149:Middlewares/ST/STM32_USB_Host_Library/Class/MSC/Src/usbh_msc.c ****   uint8_t interface;
ARM GAS  /tmp/ccPm0lWZ.s 			page 31


 874              		.loc 1 149 3 is_stmt 1 view .LVU313
 150:Middlewares/ST/STM32_USB_Host_Library/Class/MSC/Src/usbh_msc.c ****   MSC_HandleTypeDef *MSC_Handle;
 875              		.loc 1 150 3 view .LVU314
 151:Middlewares/ST/STM32_USB_Host_Library/Class/MSC/Src/usbh_msc.c **** 
 876              		.loc 1 151 3 view .LVU315
 153:Middlewares/ST/STM32_USB_Host_Library/Class/MSC/Src/usbh_msc.c **** 
 877              		.loc 1 153 3 view .LVU316
 153:Middlewares/ST/STM32_USB_Host_Library/Class/MSC/Src/usbh_msc.c **** 
 878              		.loc 1 153 46 is_stmt 0 view .LVU317
 879 0006 D0F87C13 		ldr	r1, [r0, #892]
 153:Middlewares/ST/STM32_USB_Host_Library/Class/MSC/Src/usbh_msc.c **** 
 880              		.loc 1 153 15 view .LVU318
 881 000a 5023     		movs	r3, #80
 882 000c 0622     		movs	r2, #6
 883 000e 0979     		ldrb	r1, [r1, #4]	@ zero_extendqisi2
 884 0010 FFF7FEFF 		bl	USBH_FindInterface
 885              	.LVL73:
 155:Middlewares/ST/STM32_USB_Host_Library/Class/MSC/Src/usbh_msc.c ****   {
 886              		.loc 1 155 3 is_stmt 1 view .LVU319
 155:Middlewares/ST/STM32_USB_Host_Library/Class/MSC/Src/usbh_msc.c ****   {
 887              		.loc 1 155 6 is_stmt 0 view .LVU320
 888 0014 0128     		cmp	r0, #1
 889 0016 7CD8     		bhi	.L69
 890 0018 0546     		mov	r5, r0
 161:Middlewares/ST/STM32_USB_Host_Library/Class/MSC/Src/usbh_msc.c **** 
 891              		.loc 1 161 3 is_stmt 1 view .LVU321
 161:Middlewares/ST/STM32_USB_Host_Library/Class/MSC/Src/usbh_msc.c **** 
 892              		.loc 1 161 12 is_stmt 0 view .LVU322
 893 001a 0146     		mov	r1, r0
 894 001c 2046     		mov	r0, r4
 895              	.LVL74:
 161:Middlewares/ST/STM32_USB_Host_Library/Class/MSC/Src/usbh_msc.c **** 
 896              		.loc 1 161 12 view .LVU323
 897 001e FFF7FEFF 		bl	USBH_SelectInterface
 898              	.LVL75:
 163:Middlewares/ST/STM32_USB_Host_Library/Class/MSC/Src/usbh_msc.c ****   {
 899              		.loc 1 163 3 is_stmt 1 view .LVU324
 163:Middlewares/ST/STM32_USB_Host_Library/Class/MSC/Src/usbh_msc.c ****   {
 900              		.loc 1 163 6 is_stmt 0 view .LVU325
 901 0022 0746     		mov	r7, r0
 902 0024 0028     		cmp	r0, #0
 903 0026 78D1     		bne	.L70
 168:Middlewares/ST/STM32_USB_Host_Library/Class/MSC/Src/usbh_msc.c ****   MSC_Handle = (MSC_HandleTypeDef *) phost->pActiveClass->pData;
 904              		.loc 1 168 3 is_stmt 1 view .LVU326
 168:Middlewares/ST/STM32_USB_Host_Library/Class/MSC/Src/usbh_msc.c ****   MSC_Handle = (MSC_HandleTypeDef *) phost->pActiveClass->pData;
 905              		.loc 1 168 8 is_stmt 0 view .LVU327
 906 0028 D4F87C63 		ldr	r6, [r4, #892]
 168:Middlewares/ST/STM32_USB_Host_Library/Class/MSC/Src/usbh_msc.c ****   MSC_Handle = (MSC_HandleTypeDef *) phost->pActiveClass->pData;
 907              		.loc 1 168 53 view .LVU328
 908 002c 4FF48070 		mov	r0, #256
 909              	.LVL76:
 168:Middlewares/ST/STM32_USB_Host_Library/Class/MSC/Src/usbh_msc.c ****   MSC_Handle = (MSC_HandleTypeDef *) phost->pActiveClass->pData;
 910              		.loc 1 168 53 view .LVU329
 911 0030 FFF7FEFF 		bl	malloc
 912              	.LVL77:
 168:Middlewares/ST/STM32_USB_Host_Library/Class/MSC/Src/usbh_msc.c ****   MSC_Handle = (MSC_HandleTypeDef *) phost->pActiveClass->pData;
 913              		.loc 1 168 30 discriminator 1 view .LVU330
ARM GAS  /tmp/ccPm0lWZ.s 			page 32


 914 0034 F061     		str	r0, [r6, #28]
 169:Middlewares/ST/STM32_USB_Host_Library/Class/MSC/Src/usbh_msc.c **** 
 915              		.loc 1 169 3 is_stmt 1 view .LVU331
 169:Middlewares/ST/STM32_USB_Host_Library/Class/MSC/Src/usbh_msc.c **** 
 916              		.loc 1 169 43 is_stmt 0 view .LVU332
 917 0036 D4F87C33 		ldr	r3, [r4, #892]
 169:Middlewares/ST/STM32_USB_Host_Library/Class/MSC/Src/usbh_msc.c **** 
 918              		.loc 1 169 14 view .LVU333
 919 003a DE69     		ldr	r6, [r3, #28]
 920              	.LVL78:
 171:Middlewares/ST/STM32_USB_Host_Library/Class/MSC/Src/usbh_msc.c ****   {
 921              		.loc 1 171 3 is_stmt 1 view .LVU334
 171:Middlewares/ST/STM32_USB_Host_Library/Class/MSC/Src/usbh_msc.c ****   {
 922              		.loc 1 171 6 is_stmt 0 view .LVU335
 923 003c 002E     		cmp	r6, #0
 924 003e 6ED0     		beq	.L71
 178:Middlewares/ST/STM32_USB_Host_Library/Class/MSC/Src/usbh_msc.c **** 
 925              		.loc 1 178 3 is_stmt 1 view .LVU336
 926 0040 4FF48072 		mov	r2, #256
 927 0044 0021     		movs	r1, #0
 928 0046 3046     		mov	r0, r6
 929 0048 FFF7FEFF 		bl	memset
 930              	.LVL79:
 180:Middlewares/ST/STM32_USB_Host_Library/Class/MSC/Src/usbh_msc.c ****   {
 931              		.loc 1 180 3 view .LVU337
 180:Middlewares/ST/STM32_USB_Host_Library/Class/MSC/Src/usbh_msc.c ****   {
 932              		.loc 1 180 59 is_stmt 0 view .LVU338
 933 004c 1A23     		movs	r3, #26
 934 004e 03FB0543 		mla	r3, r3, r5, r4
 935 0052 93F84E23 		ldrb	r2, [r3, #846]	@ zero_extendqisi2
 180:Middlewares/ST/STM32_USB_Host_Library/Class/MSC/Src/usbh_msc.c ****   {
 936              		.loc 1 180 7 view .LVU339
 937 0056 93F94E33 		ldrsb	r3, [r3, #846]
 180:Middlewares/ST/STM32_USB_Host_Library/Class/MSC/Src/usbh_msc.c ****   {
 938              		.loc 1 180 6 view .LVU340
 939 005a 002B     		cmp	r3, #0
 940 005c 49DB     		blt	.L73
 187:Middlewares/ST/STM32_USB_Host_Library/Class/MSC/Src/usbh_msc.c ****     MSC_Handle->OutEpSize = phost->device.CfgDesc.Itf_Desc[interface].Ep_Desc[0].wMaxPacketSize;
 941              		.loc 1 187 5 is_stmt 1 view .LVU341
 187:Middlewares/ST/STM32_USB_Host_Library/Class/MSC/Src/usbh_msc.c ****     MSC_Handle->OutEpSize = phost->device.CfgDesc.Itf_Desc[interface].Ep_Desc[0].wMaxPacketSize;
 942              		.loc 1 187 23 is_stmt 0 view .LVU342
 943 005e B271     		strb	r2, [r6, #6]
 188:Middlewares/ST/STM32_USB_Host_Library/Class/MSC/Src/usbh_msc.c ****   }
 944              		.loc 1 188 5 is_stmt 1 view .LVU343
 188:Middlewares/ST/STM32_USB_Host_Library/Class/MSC/Src/usbh_msc.c ****   }
 945              		.loc 1 188 81 is_stmt 0 view .LVU344
 946 0060 1A23     		movs	r3, #26
 947 0062 03FB0543 		mla	r3, r3, r5, r4
 948 0066 B3F85033 		ldrh	r3, [r3, #848]
 188:Middlewares/ST/STM32_USB_Host_Library/Class/MSC/Src/usbh_msc.c ****   }
 949              		.loc 1 188 27 view .LVU345
 950 006a 3381     		strh	r3, [r6, #8]	@ movhi
 951              	.L66:
 191:Middlewares/ST/STM32_USB_Host_Library/Class/MSC/Src/usbh_msc.c ****   {
 952              		.loc 1 191 3 is_stmt 1 view .LVU346
 191:Middlewares/ST/STM32_USB_Host_Library/Class/MSC/Src/usbh_msc.c ****   {
 953              		.loc 1 191 59 is_stmt 0 view .LVU347
ARM GAS  /tmp/ccPm0lWZ.s 			page 33


 954 006c 1A23     		movs	r3, #26
 955 006e 03FB0543 		mla	r3, r3, r5, r4
 956 0072 93F85623 		ldrb	r2, [r3, #854]	@ zero_extendqisi2
 191:Middlewares/ST/STM32_USB_Host_Library/Class/MSC/Src/usbh_msc.c ****   {
 957              		.loc 1 191 7 view .LVU348
 958 0076 93F95633 		ldrsb	r3, [r3, #854]
 191:Middlewares/ST/STM32_USB_Host_Library/Class/MSC/Src/usbh_msc.c ****   {
 959              		.loc 1 191 6 view .LVU349
 960 007a 002B     		cmp	r3, #0
 961 007c 41DB     		blt	.L74
 198:Middlewares/ST/STM32_USB_Host_Library/Class/MSC/Src/usbh_msc.c ****     MSC_Handle->OutEpSize = phost->device.CfgDesc.Itf_Desc[interface].Ep_Desc[1].wMaxPacketSize;
 962              		.loc 1 198 5 is_stmt 1 view .LVU350
 198:Middlewares/ST/STM32_USB_Host_Library/Class/MSC/Src/usbh_msc.c ****     MSC_Handle->OutEpSize = phost->device.CfgDesc.Itf_Desc[interface].Ep_Desc[1].wMaxPacketSize;
 963              		.loc 1 198 23 is_stmt 0 view .LVU351
 964 007e B271     		strb	r2, [r6, #6]
 199:Middlewares/ST/STM32_USB_Host_Library/Class/MSC/Src/usbh_msc.c ****   }
 965              		.loc 1 199 5 is_stmt 1 view .LVU352
 199:Middlewares/ST/STM32_USB_Host_Library/Class/MSC/Src/usbh_msc.c ****   }
 966              		.loc 1 199 81 is_stmt 0 view .LVU353
 967 0080 1A23     		movs	r3, #26
 968 0082 03FB0545 		mla	r5, r3, r5, r4
 969              	.LVL80:
 199:Middlewares/ST/STM32_USB_Host_Library/Class/MSC/Src/usbh_msc.c ****   }
 970              		.loc 1 199 81 view .LVU354
 971 0086 B5F85833 		ldrh	r3, [r5, #856]
 199:Middlewares/ST/STM32_USB_Host_Library/Class/MSC/Src/usbh_msc.c ****   }
 972              		.loc 1 199 27 view .LVU355
 973 008a 3381     		strh	r3, [r6, #8]	@ movhi
 974              	.L68:
 202:Middlewares/ST/STM32_USB_Host_Library/Class/MSC/Src/usbh_msc.c ****   MSC_Handle->error = MSC_OK;
 975              		.loc 1 202 3 is_stmt 1 view .LVU356
 203:Middlewares/ST/STM32_USB_Host_Library/Class/MSC/Src/usbh_msc.c ****   MSC_Handle->req_state = MSC_REQ_IDLE;
 976              		.loc 1 203 3 view .LVU357
 204:Middlewares/ST/STM32_USB_Host_Library/Class/MSC/Src/usbh_msc.c ****   MSC_Handle->OutPipe = USBH_AllocPipe(phost, MSC_Handle->OutEp);
 977              		.loc 1 204 3 view .LVU358
 205:Middlewares/ST/STM32_USB_Host_Library/Class/MSC/Src/usbh_msc.c ****   MSC_Handle->InPipe = USBH_AllocPipe(phost, MSC_Handle->InEp);
 978              		.loc 1 205 3 view .LVU359
 205:Middlewares/ST/STM32_USB_Host_Library/Class/MSC/Src/usbh_msc.c ****   MSC_Handle->InPipe = USBH_AllocPipe(phost, MSC_Handle->InEp);
 979              		.loc 1 205 25 is_stmt 0 view .LVU360
 980 008c B179     		ldrb	r1, [r6, #6]	@ zero_extendqisi2
 981 008e 2046     		mov	r0, r4
 982 0090 FFF7FEFF 		bl	USBH_AllocPipe
 983              	.LVL81:
 205:Middlewares/ST/STM32_USB_Host_Library/Class/MSC/Src/usbh_msc.c ****   MSC_Handle->InPipe = USBH_AllocPipe(phost, MSC_Handle->InEp);
 984              		.loc 1 205 23 discriminator 1 view .LVU361
 985 0094 7071     		strb	r0, [r6, #5]
 206:Middlewares/ST/STM32_USB_Host_Library/Class/MSC/Src/usbh_msc.c **** 
 986              		.loc 1 206 3 is_stmt 1 view .LVU362
 206:Middlewares/ST/STM32_USB_Host_Library/Class/MSC/Src/usbh_msc.c **** 
 987              		.loc 1 206 24 is_stmt 0 view .LVU363
 988 0096 F179     		ldrb	r1, [r6, #7]	@ zero_extendqisi2
 989 0098 2046     		mov	r0, r4
 990 009a FFF7FEFF 		bl	USBH_AllocPipe
 991              	.LVL82:
 206:Middlewares/ST/STM32_USB_Host_Library/Class/MSC/Src/usbh_msc.c **** 
 992              		.loc 1 206 22 discriminator 1 view .LVU364
 993 009e 3071     		strb	r0, [r6, #4]
ARM GAS  /tmp/ccPm0lWZ.s 			page 34


 208:Middlewares/ST/STM32_USB_Host_Library/Class/MSC/Src/usbh_msc.c **** 
 994              		.loc 1 208 3 is_stmt 1 view .LVU365
 995 00a0 2046     		mov	r0, r4
 996 00a2 FFF7FEFF 		bl	USBH_MSC_BOT_Init
 997              	.LVL83:
 211:Middlewares/ST/STM32_USB_Host_Library/Class/MSC/Src/usbh_msc.c ****                 phost->device.address, phost->device.speed,
 998              		.loc 1 211 3 view .LVU366
 999 00a6 B279     		ldrb	r2, [r6, #6]	@ zero_extendqisi2
 1000 00a8 7179     		ldrb	r1, [r6, #5]	@ zero_extendqisi2
 1001 00aa 3389     		ldrh	r3, [r6, #8]
 1002 00ac 0293     		str	r3, [sp, #8]
 1003 00ae 0225     		movs	r5, #2
 1004 00b0 0195     		str	r5, [sp, #4]
 1005 00b2 94F81D33 		ldrb	r3, [r4, #797]	@ zero_extendqisi2
 1006 00b6 0093     		str	r3, [sp]
 1007 00b8 94F81C33 		ldrb	r3, [r4, #796]	@ zero_extendqisi2
 1008 00bc 2046     		mov	r0, r4
 1009 00be FFF7FEFF 		bl	USBH_OpenPipe
 1010              	.LVL84:
 215:Middlewares/ST/STM32_USB_Host_Library/Class/MSC/Src/usbh_msc.c ****                 phost->device.address, phost->device.speed, USB_EP_TYPE_BULK,
 1011              		.loc 1 215 3 view .LVU367
 1012 00c2 F279     		ldrb	r2, [r6, #7]	@ zero_extendqisi2
 1013 00c4 3179     		ldrb	r1, [r6, #4]	@ zero_extendqisi2
 1014 00c6 7389     		ldrh	r3, [r6, #10]
 1015 00c8 0293     		str	r3, [sp, #8]
 1016 00ca 0195     		str	r5, [sp, #4]
 1017 00cc 94F81D33 		ldrb	r3, [r4, #797]	@ zero_extendqisi2
 1018 00d0 0093     		str	r3, [sp]
 1019 00d2 94F81C33 		ldrb	r3, [r4, #796]	@ zero_extendqisi2
 1020 00d6 2046     		mov	r0, r4
 1021 00d8 FFF7FEFF 		bl	USBH_OpenPipe
 1022              	.LVL85:
 219:Middlewares/ST/STM32_USB_Host_Library/Class/MSC/Src/usbh_msc.c ****   USBH_LL_SetToggle(phost, MSC_Handle->OutPipe, 0U);
 1023              		.loc 1 219 3 view .LVU368
 1024 00dc 0022     		movs	r2, #0
 1025 00de 3179     		ldrb	r1, [r6, #4]	@ zero_extendqisi2
 1026 00e0 2046     		mov	r0, r4
 1027 00e2 FFF7FEFF 		bl	USBH_LL_SetToggle
 1028              	.LVL86:
 220:Middlewares/ST/STM32_USB_Host_Library/Class/MSC/Src/usbh_msc.c **** 
 1029              		.loc 1 220 3 view .LVU369
 1030 00e6 0022     		movs	r2, #0
 1031 00e8 7179     		ldrb	r1, [r6, #5]	@ zero_extendqisi2
 1032 00ea 2046     		mov	r0, r4
 1033 00ec FFF7FEFF 		bl	USBH_LL_SetToggle
 1034              	.LVL87:
 222:Middlewares/ST/STM32_USB_Host_Library/Class/MSC/Src/usbh_msc.c **** }
 1035              		.loc 1 222 3 view .LVU370
 222:Middlewares/ST/STM32_USB_Host_Library/Class/MSC/Src/usbh_msc.c **** }
 1036              		.loc 1 222 10 is_stmt 0 view .LVU371
 1037 00f0 10E0     		b	.L64
 1038              	.LVL88:
 1039              	.L73:
 182:Middlewares/ST/STM32_USB_Host_Library/Class/MSC/Src/usbh_msc.c ****     MSC_Handle->InEpSize = phost->device.CfgDesc.Itf_Desc[interface].Ep_Desc[0].wMaxPacketSize;
 1040              		.loc 1 182 5 is_stmt 1 view .LVU372
 182:Middlewares/ST/STM32_USB_Host_Library/Class/MSC/Src/usbh_msc.c ****     MSC_Handle->InEpSize = phost->device.CfgDesc.Itf_Desc[interface].Ep_Desc[0].wMaxPacketSize;
 1041              		.loc 1 182 22 is_stmt 0 view .LVU373
ARM GAS  /tmp/ccPm0lWZ.s 			page 35


 1042 00f2 F271     		strb	r2, [r6, #7]
 183:Middlewares/ST/STM32_USB_Host_Library/Class/MSC/Src/usbh_msc.c ****   }
 1043              		.loc 1 183 5 is_stmt 1 view .LVU374
 183:Middlewares/ST/STM32_USB_Host_Library/Class/MSC/Src/usbh_msc.c ****   }
 1044              		.loc 1 183 80 is_stmt 0 view .LVU375
 1045 00f4 1A23     		movs	r3, #26
 1046 00f6 03FB0543 		mla	r3, r3, r5, r4
 1047 00fa B3F85033 		ldrh	r3, [r3, #848]
 183:Middlewares/ST/STM32_USB_Host_Library/Class/MSC/Src/usbh_msc.c ****   }
 1048              		.loc 1 183 26 view .LVU376
 1049 00fe 7381     		strh	r3, [r6, #10]	@ movhi
 1050 0100 B4E7     		b	.L66
 1051              	.L74:
 193:Middlewares/ST/STM32_USB_Host_Library/Class/MSC/Src/usbh_msc.c ****     MSC_Handle->InEpSize = phost->device.CfgDesc.Itf_Desc[interface].Ep_Desc[1].wMaxPacketSize;
 1052              		.loc 1 193 5 is_stmt 1 view .LVU377
 193:Middlewares/ST/STM32_USB_Host_Library/Class/MSC/Src/usbh_msc.c ****     MSC_Handle->InEpSize = phost->device.CfgDesc.Itf_Desc[interface].Ep_Desc[1].wMaxPacketSize;
 1053              		.loc 1 193 22 is_stmt 0 view .LVU378
 1054 0102 F271     		strb	r2, [r6, #7]
 194:Middlewares/ST/STM32_USB_Host_Library/Class/MSC/Src/usbh_msc.c ****   }
 1055              		.loc 1 194 5 is_stmt 1 view .LVU379
 194:Middlewares/ST/STM32_USB_Host_Library/Class/MSC/Src/usbh_msc.c ****   }
 1056              		.loc 1 194 80 is_stmt 0 view .LVU380
 1057 0104 1A23     		movs	r3, #26
 1058 0106 03FB0543 		mla	r3, r3, r5, r4
 1059 010a B3F85833 		ldrh	r3, [r3, #856]
 194:Middlewares/ST/STM32_USB_Host_Library/Class/MSC/Src/usbh_msc.c ****   }
 1060              		.loc 1 194 26 view .LVU381
 1061 010e 7381     		strh	r3, [r6, #10]	@ movhi
 1062 0110 BCE7     		b	.L68
 1063              	.LVL89:
 1064              	.L69:
 158:Middlewares/ST/STM32_USB_Host_Library/Class/MSC/Src/usbh_msc.c ****   }
 1065              		.loc 1 158 12 view .LVU382
 1066 0112 0227     		movs	r7, #2
 1067              	.LVL90:
 1068              	.L64:
 223:Middlewares/ST/STM32_USB_Host_Library/Class/MSC/Src/usbh_msc.c **** 
 1069              		.loc 1 223 1 view .LVU383
 1070 0114 3846     		mov	r0, r7
 1071 0116 05B0     		add	sp, sp, #20
 1072              		.cfi_remember_state
 1073              		.cfi_def_cfa_offset 20
 1074              		@ sp needed
 1075 0118 F0BD     		pop	{r4, r5, r6, r7, pc}
 1076              	.LVL91:
 1077              	.L70:
 1078              		.cfi_restore_state
 165:Middlewares/ST/STM32_USB_Host_Library/Class/MSC/Src/usbh_msc.c ****   }
 1079              		.loc 1 165 12 view .LVU384
 1080 011a 0227     		movs	r7, #2
 1081 011c FAE7     		b	.L64
 1082              	.LVL92:
 1083              	.L71:
 174:Middlewares/ST/STM32_USB_Host_Library/Class/MSC/Src/usbh_msc.c ****   }
 1084              		.loc 1 174 12 view .LVU385
 1085 011e 0227     		movs	r7, #2
 1086              	.LVL93:
ARM GAS  /tmp/ccPm0lWZ.s 			page 36


 174:Middlewares/ST/STM32_USB_Host_Library/Class/MSC/Src/usbh_msc.c ****   }
 1087              		.loc 1 174 12 view .LVU386
 1088 0120 F8E7     		b	.L64
 1089              		.cfi_endproc
 1090              	.LFE219:
 1092              		.section	.text.USBH_MSC_RdWrProcess,"ax",%progbits
 1093              		.align	1
 1094              		.syntax unified
 1095              		.thumb
 1096              		.thumb_func
 1098              	USBH_MSC_RdWrProcess:
 1099              	.LVL94:
 1100              	.LFB224:
 538:Middlewares/ST/STM32_USB_Host_Library/Class/MSC/Src/usbh_msc.c **** /**
 539:Middlewares/ST/STM32_USB_Host_Library/Class/MSC/Src/usbh_msc.c ****   * @brief  USBH_MSC_RdWrProcess
 540:Middlewares/ST/STM32_USB_Host_Library/Class/MSC/Src/usbh_msc.c ****   *         The function is for managing state machine for MSC I/O Process
 541:Middlewares/ST/STM32_USB_Host_Library/Class/MSC/Src/usbh_msc.c ****   * @param  phost: Host handle
 542:Middlewares/ST/STM32_USB_Host_Library/Class/MSC/Src/usbh_msc.c ****   * @param  lun: logical Unit Number
 543:Middlewares/ST/STM32_USB_Host_Library/Class/MSC/Src/usbh_msc.c ****   * @retval USBH Status
 544:Middlewares/ST/STM32_USB_Host_Library/Class/MSC/Src/usbh_msc.c ****   */
 545:Middlewares/ST/STM32_USB_Host_Library/Class/MSC/Src/usbh_msc.c **** static USBH_StatusTypeDef USBH_MSC_RdWrProcess(USBH_HandleTypeDef *phost, uint8_t lun)
 546:Middlewares/ST/STM32_USB_Host_Library/Class/MSC/Src/usbh_msc.c **** {
 1101              		.loc 1 546 1 is_stmt 1 view -0
 1102              		.cfi_startproc
 1103              		@ args = 0, pretend = 0, frame = 0
 1104              		@ frame_needed = 0, uses_anonymous_args = 0
 1105              		.loc 1 546 1 is_stmt 0 view .LVU388
 1106 0000 30B5     		push	{r4, r5, lr}
 1107              		.cfi_def_cfa_offset 12
 1108              		.cfi_offset 4, -12
 1109              		.cfi_offset 5, -8
 1110              		.cfi_offset 14, -4
 1111 0002 83B0     		sub	sp, sp, #12
 1112              		.cfi_def_cfa_offset 24
 1113 0004 0C46     		mov	r4, r1
 547:Middlewares/ST/STM32_USB_Host_Library/Class/MSC/Src/usbh_msc.c ****   MSC_HandleTypeDef *MSC_Handle = (MSC_HandleTypeDef *) phost->pActiveClass->pData;
 1114              		.loc 1 547 3 is_stmt 1 view .LVU389
 1115              		.loc 1 547 62 is_stmt 0 view .LVU390
 1116 0006 D0F87C33 		ldr	r3, [r0, #892]
 1117              		.loc 1 547 22 view .LVU391
 1118 000a DD69     		ldr	r5, [r3, #28]
 1119              	.LVL95:
 548:Middlewares/ST/STM32_USB_Host_Library/Class/MSC/Src/usbh_msc.c ****   USBH_StatusTypeDef error = USBH_BUSY ;
 1120              		.loc 1 548 3 is_stmt 1 view .LVU392
 549:Middlewares/ST/STM32_USB_Host_Library/Class/MSC/Src/usbh_msc.c ****   USBH_StatusTypeDef scsi_status = USBH_BUSY ;
 1121              		.loc 1 549 3 view .LVU393
 550:Middlewares/ST/STM32_USB_Host_Library/Class/MSC/Src/usbh_msc.c **** 
 551:Middlewares/ST/STM32_USB_Host_Library/Class/MSC/Src/usbh_msc.c ****   /* Switch MSC REQ state machine */
 552:Middlewares/ST/STM32_USB_Host_Library/Class/MSC/Src/usbh_msc.c ****   switch (MSC_Handle->unit[lun].state)
 1122              		.loc 1 552 3 view .LVU394
 1123              		.loc 1 552 32 is_stmt 0 view .LVU395
 1124 000c 3423     		movs	r3, #52
 1125 000e 03FB0153 		mla	r3, r3, r1, r5
 1126 0012 93F89030 		ldrb	r3, [r3, #144]	@ zero_extendqisi2
 1127              		.loc 1 552 3 view .LVU396
 1128 0016 062B     		cmp	r3, #6
 1129 0018 06D0     		beq	.L76
ARM GAS  /tmp/ccPm0lWZ.s 			page 37


 1130 001a 072B     		cmp	r3, #7
 1131 001c 27D0     		beq	.L77
 1132 001e 052B     		cmp	r3, #5
 1133 0020 48D0     		beq	.L78
 1134 0022 0120     		movs	r0, #1
 1135              	.LVL96:
 1136              	.L79:
 553:Middlewares/ST/STM32_USB_Host_Library/Class/MSC/Src/usbh_msc.c ****   {
 554:Middlewares/ST/STM32_USB_Host_Library/Class/MSC/Src/usbh_msc.c **** 
 555:Middlewares/ST/STM32_USB_Host_Library/Class/MSC/Src/usbh_msc.c ****     case MSC_READ:
 556:Middlewares/ST/STM32_USB_Host_Library/Class/MSC/Src/usbh_msc.c ****       scsi_status = USBH_MSC_SCSI_Read(phost, lun, 0U, NULL, 0U);
 557:Middlewares/ST/STM32_USB_Host_Library/Class/MSC/Src/usbh_msc.c **** 
 558:Middlewares/ST/STM32_USB_Host_Library/Class/MSC/Src/usbh_msc.c ****       if (scsi_status == USBH_OK)
 559:Middlewares/ST/STM32_USB_Host_Library/Class/MSC/Src/usbh_msc.c ****       {
 560:Middlewares/ST/STM32_USB_Host_Library/Class/MSC/Src/usbh_msc.c ****         MSC_Handle->unit[lun].state = MSC_IDLE;
 561:Middlewares/ST/STM32_USB_Host_Library/Class/MSC/Src/usbh_msc.c ****         error = USBH_OK;
 562:Middlewares/ST/STM32_USB_Host_Library/Class/MSC/Src/usbh_msc.c ****       }
 563:Middlewares/ST/STM32_USB_Host_Library/Class/MSC/Src/usbh_msc.c ****       else if (scsi_status == USBH_FAIL)
 564:Middlewares/ST/STM32_USB_Host_Library/Class/MSC/Src/usbh_msc.c ****       {
 565:Middlewares/ST/STM32_USB_Host_Library/Class/MSC/Src/usbh_msc.c ****         MSC_Handle->unit[lun].state = MSC_REQUEST_SENSE;
 566:Middlewares/ST/STM32_USB_Host_Library/Class/MSC/Src/usbh_msc.c ****       }
 567:Middlewares/ST/STM32_USB_Host_Library/Class/MSC/Src/usbh_msc.c ****       else
 568:Middlewares/ST/STM32_USB_Host_Library/Class/MSC/Src/usbh_msc.c ****       {
 569:Middlewares/ST/STM32_USB_Host_Library/Class/MSC/Src/usbh_msc.c ****         if (scsi_status == USBH_UNRECOVERED_ERROR)
 570:Middlewares/ST/STM32_USB_Host_Library/Class/MSC/Src/usbh_msc.c ****         {
 571:Middlewares/ST/STM32_USB_Host_Library/Class/MSC/Src/usbh_msc.c ****           MSC_Handle->unit[lun].state = MSC_UNRECOVERED_ERROR;
 572:Middlewares/ST/STM32_USB_Host_Library/Class/MSC/Src/usbh_msc.c ****           error = USBH_FAIL;
 573:Middlewares/ST/STM32_USB_Host_Library/Class/MSC/Src/usbh_msc.c ****         }
 574:Middlewares/ST/STM32_USB_Host_Library/Class/MSC/Src/usbh_msc.c ****       }
 575:Middlewares/ST/STM32_USB_Host_Library/Class/MSC/Src/usbh_msc.c **** 
 576:Middlewares/ST/STM32_USB_Host_Library/Class/MSC/Src/usbh_msc.c **** #if (USBH_USE_OS == 1U)
 577:Middlewares/ST/STM32_USB_Host_Library/Class/MSC/Src/usbh_msc.c ****       phost->os_msg = (uint32_t)USBH_CLASS_EVENT;
 578:Middlewares/ST/STM32_USB_Host_Library/Class/MSC/Src/usbh_msc.c **** #if (osCMSIS < 0x20000U)
 579:Middlewares/ST/STM32_USB_Host_Library/Class/MSC/Src/usbh_msc.c ****       (void)osMessagePut(phost->os_event, phost->os_msg, 0U);
 580:Middlewares/ST/STM32_USB_Host_Library/Class/MSC/Src/usbh_msc.c **** #else
 581:Middlewares/ST/STM32_USB_Host_Library/Class/MSC/Src/usbh_msc.c ****       (void)osMessageQueuePut(phost->os_event, &phost->os_msg, 0U, NULL);
 582:Middlewares/ST/STM32_USB_Host_Library/Class/MSC/Src/usbh_msc.c **** #endif
 583:Middlewares/ST/STM32_USB_Host_Library/Class/MSC/Src/usbh_msc.c **** #endif
 584:Middlewares/ST/STM32_USB_Host_Library/Class/MSC/Src/usbh_msc.c ****       break;
 585:Middlewares/ST/STM32_USB_Host_Library/Class/MSC/Src/usbh_msc.c **** 
 586:Middlewares/ST/STM32_USB_Host_Library/Class/MSC/Src/usbh_msc.c ****     case MSC_WRITE:
 587:Middlewares/ST/STM32_USB_Host_Library/Class/MSC/Src/usbh_msc.c ****       scsi_status = USBH_MSC_SCSI_Write(phost, lun, 0U, NULL, 0U);
 588:Middlewares/ST/STM32_USB_Host_Library/Class/MSC/Src/usbh_msc.c **** 
 589:Middlewares/ST/STM32_USB_Host_Library/Class/MSC/Src/usbh_msc.c ****       if (scsi_status == USBH_OK)
 590:Middlewares/ST/STM32_USB_Host_Library/Class/MSC/Src/usbh_msc.c ****       {
 591:Middlewares/ST/STM32_USB_Host_Library/Class/MSC/Src/usbh_msc.c ****         MSC_Handle->unit[lun].state = MSC_IDLE;
 592:Middlewares/ST/STM32_USB_Host_Library/Class/MSC/Src/usbh_msc.c ****         error = USBH_OK;
 593:Middlewares/ST/STM32_USB_Host_Library/Class/MSC/Src/usbh_msc.c ****       }
 594:Middlewares/ST/STM32_USB_Host_Library/Class/MSC/Src/usbh_msc.c ****       else if (scsi_status == USBH_FAIL)
 595:Middlewares/ST/STM32_USB_Host_Library/Class/MSC/Src/usbh_msc.c ****       {
 596:Middlewares/ST/STM32_USB_Host_Library/Class/MSC/Src/usbh_msc.c ****         MSC_Handle->unit[lun].state = MSC_REQUEST_SENSE;
 597:Middlewares/ST/STM32_USB_Host_Library/Class/MSC/Src/usbh_msc.c ****       }
 598:Middlewares/ST/STM32_USB_Host_Library/Class/MSC/Src/usbh_msc.c ****       else
 599:Middlewares/ST/STM32_USB_Host_Library/Class/MSC/Src/usbh_msc.c ****       {
 600:Middlewares/ST/STM32_USB_Host_Library/Class/MSC/Src/usbh_msc.c ****         if (scsi_status == USBH_UNRECOVERED_ERROR)
 601:Middlewares/ST/STM32_USB_Host_Library/Class/MSC/Src/usbh_msc.c ****         {
 602:Middlewares/ST/STM32_USB_Host_Library/Class/MSC/Src/usbh_msc.c ****           MSC_Handle->unit[lun].state = MSC_UNRECOVERED_ERROR;
ARM GAS  /tmp/ccPm0lWZ.s 			page 38


 603:Middlewares/ST/STM32_USB_Host_Library/Class/MSC/Src/usbh_msc.c ****           error = USBH_FAIL;
 604:Middlewares/ST/STM32_USB_Host_Library/Class/MSC/Src/usbh_msc.c ****         }
 605:Middlewares/ST/STM32_USB_Host_Library/Class/MSC/Src/usbh_msc.c ****       }
 606:Middlewares/ST/STM32_USB_Host_Library/Class/MSC/Src/usbh_msc.c **** 
 607:Middlewares/ST/STM32_USB_Host_Library/Class/MSC/Src/usbh_msc.c **** #if (USBH_USE_OS == 1U)
 608:Middlewares/ST/STM32_USB_Host_Library/Class/MSC/Src/usbh_msc.c ****       phost->os_msg = (uint32_t)USBH_CLASS_EVENT;
 609:Middlewares/ST/STM32_USB_Host_Library/Class/MSC/Src/usbh_msc.c **** #if (osCMSIS < 0x20000U)
 610:Middlewares/ST/STM32_USB_Host_Library/Class/MSC/Src/usbh_msc.c ****       (void)osMessagePut(phost->os_event, phost->os_msg, 0U);
 611:Middlewares/ST/STM32_USB_Host_Library/Class/MSC/Src/usbh_msc.c **** #else
 612:Middlewares/ST/STM32_USB_Host_Library/Class/MSC/Src/usbh_msc.c ****       (void)osMessageQueuePut(phost->os_event, &phost->os_msg, 0U, NULL);
 613:Middlewares/ST/STM32_USB_Host_Library/Class/MSC/Src/usbh_msc.c **** #endif
 614:Middlewares/ST/STM32_USB_Host_Library/Class/MSC/Src/usbh_msc.c **** #endif
 615:Middlewares/ST/STM32_USB_Host_Library/Class/MSC/Src/usbh_msc.c ****       break;
 616:Middlewares/ST/STM32_USB_Host_Library/Class/MSC/Src/usbh_msc.c **** 
 617:Middlewares/ST/STM32_USB_Host_Library/Class/MSC/Src/usbh_msc.c ****     case MSC_REQUEST_SENSE:
 618:Middlewares/ST/STM32_USB_Host_Library/Class/MSC/Src/usbh_msc.c ****       scsi_status = USBH_MSC_SCSI_RequestSense(phost, lun, &MSC_Handle->unit[lun].sense);
 619:Middlewares/ST/STM32_USB_Host_Library/Class/MSC/Src/usbh_msc.c **** 
 620:Middlewares/ST/STM32_USB_Host_Library/Class/MSC/Src/usbh_msc.c ****       if (scsi_status == USBH_OK)
 621:Middlewares/ST/STM32_USB_Host_Library/Class/MSC/Src/usbh_msc.c ****       {
 622:Middlewares/ST/STM32_USB_Host_Library/Class/MSC/Src/usbh_msc.c ****         USBH_UsrLog("Sense Key  : %x", MSC_Handle->unit[lun].sense.key);
 623:Middlewares/ST/STM32_USB_Host_Library/Class/MSC/Src/usbh_msc.c ****         USBH_UsrLog("Additional Sense Code : %x", MSC_Handle->unit[lun].sense.asc);
 624:Middlewares/ST/STM32_USB_Host_Library/Class/MSC/Src/usbh_msc.c ****         USBH_UsrLog("Additional Sense Code Qualifier: %x", MSC_Handle->unit[lun].sense.ascq);
 625:Middlewares/ST/STM32_USB_Host_Library/Class/MSC/Src/usbh_msc.c ****         MSC_Handle->unit[lun].state = MSC_IDLE;
 626:Middlewares/ST/STM32_USB_Host_Library/Class/MSC/Src/usbh_msc.c ****         MSC_Handle->unit[lun].error = MSC_ERROR;
 627:Middlewares/ST/STM32_USB_Host_Library/Class/MSC/Src/usbh_msc.c **** 
 628:Middlewares/ST/STM32_USB_Host_Library/Class/MSC/Src/usbh_msc.c ****         error = USBH_FAIL;
 629:Middlewares/ST/STM32_USB_Host_Library/Class/MSC/Src/usbh_msc.c ****       }
 630:Middlewares/ST/STM32_USB_Host_Library/Class/MSC/Src/usbh_msc.c ****       if (scsi_status == USBH_FAIL)
 631:Middlewares/ST/STM32_USB_Host_Library/Class/MSC/Src/usbh_msc.c ****       {
 632:Middlewares/ST/STM32_USB_Host_Library/Class/MSC/Src/usbh_msc.c ****         USBH_UsrLog("MSC Device NOT ready");
 633:Middlewares/ST/STM32_USB_Host_Library/Class/MSC/Src/usbh_msc.c ****       }
 634:Middlewares/ST/STM32_USB_Host_Library/Class/MSC/Src/usbh_msc.c ****       else
 635:Middlewares/ST/STM32_USB_Host_Library/Class/MSC/Src/usbh_msc.c ****       {
 636:Middlewares/ST/STM32_USB_Host_Library/Class/MSC/Src/usbh_msc.c ****         if (scsi_status == USBH_UNRECOVERED_ERROR)
 637:Middlewares/ST/STM32_USB_Host_Library/Class/MSC/Src/usbh_msc.c ****         {
 638:Middlewares/ST/STM32_USB_Host_Library/Class/MSC/Src/usbh_msc.c ****           MSC_Handle->unit[lun].state = MSC_UNRECOVERED_ERROR;
 639:Middlewares/ST/STM32_USB_Host_Library/Class/MSC/Src/usbh_msc.c ****           error = USBH_FAIL;
 640:Middlewares/ST/STM32_USB_Host_Library/Class/MSC/Src/usbh_msc.c ****         }
 641:Middlewares/ST/STM32_USB_Host_Library/Class/MSC/Src/usbh_msc.c ****       }
 642:Middlewares/ST/STM32_USB_Host_Library/Class/MSC/Src/usbh_msc.c **** 
 643:Middlewares/ST/STM32_USB_Host_Library/Class/MSC/Src/usbh_msc.c **** #if (USBH_USE_OS == 1U)
 644:Middlewares/ST/STM32_USB_Host_Library/Class/MSC/Src/usbh_msc.c ****       phost->os_msg = (uint32_t)USBH_CLASS_EVENT;
 645:Middlewares/ST/STM32_USB_Host_Library/Class/MSC/Src/usbh_msc.c **** #if (osCMSIS < 0x20000U)
 646:Middlewares/ST/STM32_USB_Host_Library/Class/MSC/Src/usbh_msc.c ****       (void)osMessagePut(phost->os_event, phost->os_msg, 0U);
 647:Middlewares/ST/STM32_USB_Host_Library/Class/MSC/Src/usbh_msc.c **** #else
 648:Middlewares/ST/STM32_USB_Host_Library/Class/MSC/Src/usbh_msc.c ****       (void)osMessageQueuePut(phost->os_event, &phost->os_msg, 0U, NULL);
 649:Middlewares/ST/STM32_USB_Host_Library/Class/MSC/Src/usbh_msc.c **** #endif
 650:Middlewares/ST/STM32_USB_Host_Library/Class/MSC/Src/usbh_msc.c **** #endif
 651:Middlewares/ST/STM32_USB_Host_Library/Class/MSC/Src/usbh_msc.c ****       break;
 652:Middlewares/ST/STM32_USB_Host_Library/Class/MSC/Src/usbh_msc.c **** 
 653:Middlewares/ST/STM32_USB_Host_Library/Class/MSC/Src/usbh_msc.c ****     default:
 654:Middlewares/ST/STM32_USB_Host_Library/Class/MSC/Src/usbh_msc.c ****       break;
 655:Middlewares/ST/STM32_USB_Host_Library/Class/MSC/Src/usbh_msc.c **** 
 656:Middlewares/ST/STM32_USB_Host_Library/Class/MSC/Src/usbh_msc.c ****   }
 657:Middlewares/ST/STM32_USB_Host_Library/Class/MSC/Src/usbh_msc.c ****   return error;
 1137              		.loc 1 657 3 is_stmt 1 view .LVU397
 658:Middlewares/ST/STM32_USB_Host_Library/Class/MSC/Src/usbh_msc.c **** }
ARM GAS  /tmp/ccPm0lWZ.s 			page 39


 1138              		.loc 1 658 1 is_stmt 0 view .LVU398
 1139 0024 03B0     		add	sp, sp, #12
 1140              		.cfi_remember_state
 1141              		.cfi_def_cfa_offset 12
 1142              		@ sp needed
 1143 0026 30BD     		pop	{r4, r5, pc}
 1144              	.LVL97:
 1145              	.L76:
 1146              		.cfi_restore_state
 556:Middlewares/ST/STM32_USB_Host_Library/Class/MSC/Src/usbh_msc.c **** 
 1147              		.loc 1 556 7 is_stmt 1 view .LVU399
 556:Middlewares/ST/STM32_USB_Host_Library/Class/MSC/Src/usbh_msc.c **** 
 1148              		.loc 1 556 21 is_stmt 0 view .LVU400
 1149 0028 0022     		movs	r2, #0
 1150 002a 0092     		str	r2, [sp]
 1151 002c 1346     		mov	r3, r2
 1152 002e FFF7FEFF 		bl	USBH_MSC_SCSI_Read
 1153              	.LVL98:
 558:Middlewares/ST/STM32_USB_Host_Library/Class/MSC/Src/usbh_msc.c ****       {
 1154              		.loc 1 558 7 is_stmt 1 view .LVU401
 558:Middlewares/ST/STM32_USB_Host_Library/Class/MSC/Src/usbh_msc.c ****       {
 1155              		.loc 1 558 10 is_stmt 0 view .LVU402
 1156 0032 30B9     		cbnz	r0, .L80
 560:Middlewares/ST/STM32_USB_Host_Library/Class/MSC/Src/usbh_msc.c ****         error = USBH_OK;
 1157              		.loc 1 560 9 is_stmt 1 view .LVU403
 560:Middlewares/ST/STM32_USB_Host_Library/Class/MSC/Src/usbh_msc.c ****         error = USBH_OK;
 1158              		.loc 1 560 37 is_stmt 0 view .LVU404
 1159 0034 3423     		movs	r3, #52
 1160 0036 03FB0453 		mla	r3, r3, r4, r5
 1161 003a 0122     		movs	r2, #1
 1162 003c 83F89020 		strb	r2, [r3, #144]
 561:Middlewares/ST/STM32_USB_Host_Library/Class/MSC/Src/usbh_msc.c ****       }
 1163              		.loc 1 561 9 is_stmt 1 view .LVU405
 1164              	.LVL99:
 561:Middlewares/ST/STM32_USB_Host_Library/Class/MSC/Src/usbh_msc.c ****       }
 1165              		.loc 1 561 9 is_stmt 0 view .LVU406
 1166 0040 F0E7     		b	.L79
 1167              	.LVL100:
 1168              	.L80:
 563:Middlewares/ST/STM32_USB_Host_Library/Class/MSC/Src/usbh_msc.c ****       {
 1169              		.loc 1 563 12 is_stmt 1 view .LVU407
 563:Middlewares/ST/STM32_USB_Host_Library/Class/MSC/Src/usbh_msc.c ****       {
 1170              		.loc 1 563 15 is_stmt 0 view .LVU408
 1171 0042 0228     		cmp	r0, #2
 1172 0044 03D0     		beq	.L89
 569:Middlewares/ST/STM32_USB_Host_Library/Class/MSC/Src/usbh_msc.c ****         {
 1173              		.loc 1 569 9 is_stmt 1 view .LVU409
 569:Middlewares/ST/STM32_USB_Host_Library/Class/MSC/Src/usbh_msc.c ****         {
 1174              		.loc 1 569 12 is_stmt 0 view .LVU410
 1175 0046 0428     		cmp	r0, #4
 1176 0048 09D0     		beq	.L90
 548:Middlewares/ST/STM32_USB_Host_Library/Class/MSC/Src/usbh_msc.c ****   USBH_StatusTypeDef scsi_status = USBH_BUSY ;
 1177              		.loc 1 548 22 view .LVU411
 1178 004a 0120     		movs	r0, #1
 1179              	.LVL101:
 548:Middlewares/ST/STM32_USB_Host_Library/Class/MSC/Src/usbh_msc.c ****   USBH_StatusTypeDef scsi_status = USBH_BUSY ;
 1180              		.loc 1 548 22 view .LVU412
ARM GAS  /tmp/ccPm0lWZ.s 			page 40


 1181 004c EAE7     		b	.L79
 1182              	.LVL102:
 1183              	.L89:
 565:Middlewares/ST/STM32_USB_Host_Library/Class/MSC/Src/usbh_msc.c ****       }
 1184              		.loc 1 565 9 is_stmt 1 view .LVU413
 565:Middlewares/ST/STM32_USB_Host_Library/Class/MSC/Src/usbh_msc.c ****       }
 1185              		.loc 1 565 37 is_stmt 0 view .LVU414
 1186 004e 3423     		movs	r3, #52
 1187 0050 03FB0453 		mla	r3, r3, r4, r5
 1188 0054 0522     		movs	r2, #5
 1189 0056 83F89020 		strb	r2, [r3, #144]
 548:Middlewares/ST/STM32_USB_Host_Library/Class/MSC/Src/usbh_msc.c ****   USBH_StatusTypeDef scsi_status = USBH_BUSY ;
 1190              		.loc 1 548 22 view .LVU415
 1191 005a 0120     		movs	r0, #1
 1192              	.LVL103:
 548:Middlewares/ST/STM32_USB_Host_Library/Class/MSC/Src/usbh_msc.c ****   USBH_StatusTypeDef scsi_status = USBH_BUSY ;
 1193              		.loc 1 548 22 view .LVU416
 1194 005c E2E7     		b	.L79
 1195              	.LVL104:
 1196              	.L90:
 571:Middlewares/ST/STM32_USB_Host_Library/Class/MSC/Src/usbh_msc.c ****           error = USBH_FAIL;
 1197              		.loc 1 571 11 is_stmt 1 view .LVU417
 571:Middlewares/ST/STM32_USB_Host_Library/Class/MSC/Src/usbh_msc.c ****           error = USBH_FAIL;
 1198              		.loc 1 571 39 is_stmt 0 view .LVU418
 1199 005e 3423     		movs	r3, #52
 1200 0060 03FB0453 		mla	r3, r3, r4, r5
 1201 0064 0822     		movs	r2, #8
 1202 0066 83F89020 		strb	r2, [r3, #144]
 572:Middlewares/ST/STM32_USB_Host_Library/Class/MSC/Src/usbh_msc.c ****         }
 1203              		.loc 1 572 11 is_stmt 1 view .LVU419
 1204              	.LVL105:
 572:Middlewares/ST/STM32_USB_Host_Library/Class/MSC/Src/usbh_msc.c ****         }
 1205              		.loc 1 572 17 is_stmt 0 view .LVU420
 1206 006a 0220     		movs	r0, #2
 1207              	.LVL106:
 572:Middlewares/ST/STM32_USB_Host_Library/Class/MSC/Src/usbh_msc.c ****         }
 1208              		.loc 1 572 17 view .LVU421
 1209 006c DAE7     		b	.L79
 1210              	.LVL107:
 1211              	.L77:
 587:Middlewares/ST/STM32_USB_Host_Library/Class/MSC/Src/usbh_msc.c **** 
 1212              		.loc 1 587 7 is_stmt 1 view .LVU422
 587:Middlewares/ST/STM32_USB_Host_Library/Class/MSC/Src/usbh_msc.c **** 
 1213              		.loc 1 587 21 is_stmt 0 view .LVU423
 1214 006e 0022     		movs	r2, #0
 1215 0070 0092     		str	r2, [sp]
 1216 0072 1346     		mov	r3, r2
 1217 0074 FFF7FEFF 		bl	USBH_MSC_SCSI_Write
 1218              	.LVL108:
 589:Middlewares/ST/STM32_USB_Host_Library/Class/MSC/Src/usbh_msc.c ****       {
 1219              		.loc 1 589 7 is_stmt 1 view .LVU424
 589:Middlewares/ST/STM32_USB_Host_Library/Class/MSC/Src/usbh_msc.c ****       {
 1220              		.loc 1 589 10 is_stmt 0 view .LVU425
 1221 0078 30B9     		cbnz	r0, .L82
 591:Middlewares/ST/STM32_USB_Host_Library/Class/MSC/Src/usbh_msc.c ****         error = USBH_OK;
 1222              		.loc 1 591 9 is_stmt 1 view .LVU426
 591:Middlewares/ST/STM32_USB_Host_Library/Class/MSC/Src/usbh_msc.c ****         error = USBH_OK;
ARM GAS  /tmp/ccPm0lWZ.s 			page 41


 1223              		.loc 1 591 37 is_stmt 0 view .LVU427
 1224 007a 3423     		movs	r3, #52
 1225 007c 03FB0453 		mla	r3, r3, r4, r5
 1226 0080 0122     		movs	r2, #1
 1227 0082 83F89020 		strb	r2, [r3, #144]
 592:Middlewares/ST/STM32_USB_Host_Library/Class/MSC/Src/usbh_msc.c ****       }
 1228              		.loc 1 592 9 is_stmt 1 view .LVU428
 1229              	.LVL109:
 592:Middlewares/ST/STM32_USB_Host_Library/Class/MSC/Src/usbh_msc.c ****       }
 1230              		.loc 1 592 9 is_stmt 0 view .LVU429
 1231 0086 CDE7     		b	.L79
 1232              	.LVL110:
 1233              	.L82:
 594:Middlewares/ST/STM32_USB_Host_Library/Class/MSC/Src/usbh_msc.c ****       {
 1234              		.loc 1 594 12 is_stmt 1 view .LVU430
 594:Middlewares/ST/STM32_USB_Host_Library/Class/MSC/Src/usbh_msc.c ****       {
 1235              		.loc 1 594 15 is_stmt 0 view .LVU431
 1236 0088 0228     		cmp	r0, #2
 1237 008a 03D0     		beq	.L91
 600:Middlewares/ST/STM32_USB_Host_Library/Class/MSC/Src/usbh_msc.c ****         {
 1238              		.loc 1 600 9 is_stmt 1 view .LVU432
 600:Middlewares/ST/STM32_USB_Host_Library/Class/MSC/Src/usbh_msc.c ****         {
 1239              		.loc 1 600 12 is_stmt 0 view .LVU433
 1240 008c 0428     		cmp	r0, #4
 1241 008e 09D0     		beq	.L92
 548:Middlewares/ST/STM32_USB_Host_Library/Class/MSC/Src/usbh_msc.c ****   USBH_StatusTypeDef scsi_status = USBH_BUSY ;
 1242              		.loc 1 548 22 view .LVU434
 1243 0090 0120     		movs	r0, #1
 1244              	.LVL111:
 548:Middlewares/ST/STM32_USB_Host_Library/Class/MSC/Src/usbh_msc.c ****   USBH_StatusTypeDef scsi_status = USBH_BUSY ;
 1245              		.loc 1 548 22 view .LVU435
 1246 0092 C7E7     		b	.L79
 1247              	.LVL112:
 1248              	.L91:
 596:Middlewares/ST/STM32_USB_Host_Library/Class/MSC/Src/usbh_msc.c ****       }
 1249              		.loc 1 596 9 is_stmt 1 view .LVU436
 596:Middlewares/ST/STM32_USB_Host_Library/Class/MSC/Src/usbh_msc.c ****       }
 1250              		.loc 1 596 37 is_stmt 0 view .LVU437
 1251 0094 3423     		movs	r3, #52
 1252 0096 03FB0453 		mla	r3, r3, r4, r5
 1253 009a 0522     		movs	r2, #5
 1254 009c 83F89020 		strb	r2, [r3, #144]
 548:Middlewares/ST/STM32_USB_Host_Library/Class/MSC/Src/usbh_msc.c ****   USBH_StatusTypeDef scsi_status = USBH_BUSY ;
 1255              		.loc 1 548 22 view .LVU438
 1256 00a0 0120     		movs	r0, #1
 1257              	.LVL113:
 548:Middlewares/ST/STM32_USB_Host_Library/Class/MSC/Src/usbh_msc.c ****   USBH_StatusTypeDef scsi_status = USBH_BUSY ;
 1258              		.loc 1 548 22 view .LVU439
 1259 00a2 BFE7     		b	.L79
 1260              	.LVL114:
 1261              	.L92:
 602:Middlewares/ST/STM32_USB_Host_Library/Class/MSC/Src/usbh_msc.c ****           error = USBH_FAIL;
 1262              		.loc 1 602 11 is_stmt 1 view .LVU440
 602:Middlewares/ST/STM32_USB_Host_Library/Class/MSC/Src/usbh_msc.c ****           error = USBH_FAIL;
 1263              		.loc 1 602 39 is_stmt 0 view .LVU441
 1264 00a4 3423     		movs	r3, #52
 1265 00a6 03FB0453 		mla	r3, r3, r4, r5
ARM GAS  /tmp/ccPm0lWZ.s 			page 42


 1266 00aa 0822     		movs	r2, #8
 1267 00ac 83F89020 		strb	r2, [r3, #144]
 603:Middlewares/ST/STM32_USB_Host_Library/Class/MSC/Src/usbh_msc.c ****         }
 1268              		.loc 1 603 11 is_stmt 1 view .LVU442
 1269              	.LVL115:
 603:Middlewares/ST/STM32_USB_Host_Library/Class/MSC/Src/usbh_msc.c ****         }
 1270              		.loc 1 603 17 is_stmt 0 view .LVU443
 1271 00b0 0220     		movs	r0, #2
 1272              	.LVL116:
 603:Middlewares/ST/STM32_USB_Host_Library/Class/MSC/Src/usbh_msc.c ****         }
 1273              		.loc 1 603 17 view .LVU444
 1274 00b2 B7E7     		b	.L79
 1275              	.LVL117:
 1276              	.L78:
 618:Middlewares/ST/STM32_USB_Host_Library/Class/MSC/Src/usbh_msc.c **** 
 1277              		.loc 1 618 7 is_stmt 1 view .LVU445
 618:Middlewares/ST/STM32_USB_Host_Library/Class/MSC/Src/usbh_msc.c **** 
 1278              		.loc 1 618 21 is_stmt 0 view .LVU446
 1279 00b4 3422     		movs	r2, #52
 1280 00b6 01FB02F2 		mul	r2, r1, r2
 1281 00ba 9832     		adds	r2, r2, #152
 1282 00bc 2A44     		add	r2, r2, r5
 1283 00be 0432     		adds	r2, r2, #4
 1284 00c0 FFF7FEFF 		bl	USBH_MSC_SCSI_RequestSense
 1285              	.LVL118:
 620:Middlewares/ST/STM32_USB_Host_Library/Class/MSC/Src/usbh_msc.c ****       {
 1286              		.loc 1 620 7 is_stmt 1 view .LVU447
 620:Middlewares/ST/STM32_USB_Host_Library/Class/MSC/Src/usbh_msc.c ****       {
 1287              		.loc 1 620 10 is_stmt 0 view .LVU448
 1288 00c4 0346     		mov	r3, r0
 1289 00c6 A0B9     		cbnz	r0, .L87
 622:Middlewares/ST/STM32_USB_Host_Library/Class/MSC/Src/usbh_msc.c ****         USBH_UsrLog("Additional Sense Code : %x", MSC_Handle->unit[lun].sense.asc);
 1290              		.loc 1 622 9 is_stmt 1 view .LVU449
 622:Middlewares/ST/STM32_USB_Host_Library/Class/MSC/Src/usbh_msc.c ****         USBH_UsrLog("Additional Sense Code : %x", MSC_Handle->unit[lun].sense.asc);
 1291              		.loc 1 622 9 view .LVU450
 622:Middlewares/ST/STM32_USB_Host_Library/Class/MSC/Src/usbh_msc.c ****         USBH_UsrLog("Additional Sense Code : %x", MSC_Handle->unit[lun].sense.asc);
 1292              		.loc 1 622 9 view .LVU451
 623:Middlewares/ST/STM32_USB_Host_Library/Class/MSC/Src/usbh_msc.c ****         USBH_UsrLog("Additional Sense Code Qualifier: %x", MSC_Handle->unit[lun].sense.ascq);
 1293              		.loc 1 623 9 view .LVU452
 623:Middlewares/ST/STM32_USB_Host_Library/Class/MSC/Src/usbh_msc.c ****         USBH_UsrLog("Additional Sense Code Qualifier: %x", MSC_Handle->unit[lun].sense.ascq);
 1294              		.loc 1 623 9 view .LVU453
 623:Middlewares/ST/STM32_USB_Host_Library/Class/MSC/Src/usbh_msc.c ****         USBH_UsrLog("Additional Sense Code Qualifier: %x", MSC_Handle->unit[lun].sense.ascq);
 1295              		.loc 1 623 9 view .LVU454
 624:Middlewares/ST/STM32_USB_Host_Library/Class/MSC/Src/usbh_msc.c ****         MSC_Handle->unit[lun].state = MSC_IDLE;
 1296              		.loc 1 624 9 view .LVU455
 624:Middlewares/ST/STM32_USB_Host_Library/Class/MSC/Src/usbh_msc.c ****         MSC_Handle->unit[lun].state = MSC_IDLE;
 1297              		.loc 1 624 9 view .LVU456
 624:Middlewares/ST/STM32_USB_Host_Library/Class/MSC/Src/usbh_msc.c ****         MSC_Handle->unit[lun].state = MSC_IDLE;
 1298              		.loc 1 624 9 view .LVU457
 625:Middlewares/ST/STM32_USB_Host_Library/Class/MSC/Src/usbh_msc.c ****         MSC_Handle->unit[lun].error = MSC_ERROR;
 1299              		.loc 1 625 9 view .LVU458
 625:Middlewares/ST/STM32_USB_Host_Library/Class/MSC/Src/usbh_msc.c ****         MSC_Handle->unit[lun].error = MSC_ERROR;
 1300              		.loc 1 625 37 is_stmt 0 view .LVU459
 1301 00c8 3422     		movs	r2, #52
 1302 00ca 02FB0452 		mla	r2, r2, r4, r5
 1303 00ce 0121     		movs	r1, #1
 1304 00d0 82F89010 		strb	r1, [r2, #144]
ARM GAS  /tmp/ccPm0lWZ.s 			page 43


 626:Middlewares/ST/STM32_USB_Host_Library/Class/MSC/Src/usbh_msc.c **** 
 1305              		.loc 1 626 9 is_stmt 1 view .LVU460
 626:Middlewares/ST/STM32_USB_Host_Library/Class/MSC/Src/usbh_msc.c **** 
 1306              		.loc 1 626 37 is_stmt 0 view .LVU461
 1307 00d4 0220     		movs	r0, #2
 1308              	.LVL119:
 626:Middlewares/ST/STM32_USB_Host_Library/Class/MSC/Src/usbh_msc.c **** 
 1309              		.loc 1 626 37 view .LVU462
 1310 00d6 82F89100 		strb	r0, [r2, #145]
 628:Middlewares/ST/STM32_USB_Host_Library/Class/MSC/Src/usbh_msc.c ****       }
 1311              		.loc 1 628 9 is_stmt 1 view .LVU463
 1312              	.LVL120:
 1313              	.L84:
 630:Middlewares/ST/STM32_USB_Host_Library/Class/MSC/Src/usbh_msc.c ****       {
 1314              		.loc 1 630 7 view .LVU464
 630:Middlewares/ST/STM32_USB_Host_Library/Class/MSC/Src/usbh_msc.c ****       {
 1315              		.loc 1 630 10 is_stmt 0 view .LVU465
 1316 00da 022B     		cmp	r3, #2
 1317 00dc A2D0     		beq	.L79
 636:Middlewares/ST/STM32_USB_Host_Library/Class/MSC/Src/usbh_msc.c ****         {
 1318              		.loc 1 636 9 is_stmt 1 view .LVU466
 636:Middlewares/ST/STM32_USB_Host_Library/Class/MSC/Src/usbh_msc.c ****         {
 1319              		.loc 1 636 12 is_stmt 0 view .LVU467
 1320 00de 042B     		cmp	r3, #4
 1321 00e0 A0D1     		bne	.L79
 638:Middlewares/ST/STM32_USB_Host_Library/Class/MSC/Src/usbh_msc.c ****           error = USBH_FAIL;
 1322              		.loc 1 638 11 is_stmt 1 view .LVU468
 638:Middlewares/ST/STM32_USB_Host_Library/Class/MSC/Src/usbh_msc.c ****           error = USBH_FAIL;
 1323              		.loc 1 638 39 is_stmt 0 view .LVU469
 1324 00e2 3423     		movs	r3, #52
 1325              	.LVL121:
 638:Middlewares/ST/STM32_USB_Host_Library/Class/MSC/Src/usbh_msc.c ****           error = USBH_FAIL;
 1326              		.loc 1 638 39 view .LVU470
 1327 00e4 03FB0455 		mla	r5, r3, r4, r5
 1328              	.LVL122:
 638:Middlewares/ST/STM32_USB_Host_Library/Class/MSC/Src/usbh_msc.c ****           error = USBH_FAIL;
 1329              		.loc 1 638 39 view .LVU471
 1330 00e8 0823     		movs	r3, #8
 1331 00ea 85F89030 		strb	r3, [r5, #144]
 639:Middlewares/ST/STM32_USB_Host_Library/Class/MSC/Src/usbh_msc.c ****         }
 1332              		.loc 1 639 11 is_stmt 1 view .LVU472
 1333              	.LVL123:
 639:Middlewares/ST/STM32_USB_Host_Library/Class/MSC/Src/usbh_msc.c ****         }
 1334              		.loc 1 639 17 is_stmt 0 view .LVU473
 1335 00ee 0220     		movs	r0, #2
 1336 00f0 98E7     		b	.L79
 1337              	.LVL124:
 1338              	.L87:
 548:Middlewares/ST/STM32_USB_Host_Library/Class/MSC/Src/usbh_msc.c ****   USBH_StatusTypeDef scsi_status = USBH_BUSY ;
 1339              		.loc 1 548 22 view .LVU474
 1340 00f2 0120     		movs	r0, #1
 1341              	.LVL125:
 548:Middlewares/ST/STM32_USB_Host_Library/Class/MSC/Src/usbh_msc.c ****   USBH_StatusTypeDef scsi_status = USBH_BUSY ;
 1342              		.loc 1 548 22 view .LVU475
 1343 00f4 F1E7     		b	.L84
 1344              		.cfi_endproc
 1345              	.LFE224:
ARM GAS  /tmp/ccPm0lWZ.s 			page 44


 1347              		.section	.text.USBH_MSC_IsReady,"ax",%progbits
 1348              		.align	1
 1349              		.global	USBH_MSC_IsReady
 1350              		.syntax unified
 1351              		.thumb
 1352              		.thumb_func
 1354              	USBH_MSC_IsReady:
 1355              	.LVL126:
 1356              	.LFB225:
 659:Middlewares/ST/STM32_USB_Host_Library/Class/MSC/Src/usbh_msc.c **** 
 660:Middlewares/ST/STM32_USB_Host_Library/Class/MSC/Src/usbh_msc.c **** /**
 661:Middlewares/ST/STM32_USB_Host_Library/Class/MSC/Src/usbh_msc.c ****   * @brief  USBH_MSC_IsReady
 662:Middlewares/ST/STM32_USB_Host_Library/Class/MSC/Src/usbh_msc.c ****   *         The function check if the MSC function is ready
 663:Middlewares/ST/STM32_USB_Host_Library/Class/MSC/Src/usbh_msc.c ****   * @param  phost: Host handle
 664:Middlewares/ST/STM32_USB_Host_Library/Class/MSC/Src/usbh_msc.c ****   * @retval USBH Status
 665:Middlewares/ST/STM32_USB_Host_Library/Class/MSC/Src/usbh_msc.c ****   */
 666:Middlewares/ST/STM32_USB_Host_Library/Class/MSC/Src/usbh_msc.c **** uint8_t  USBH_MSC_IsReady(USBH_HandleTypeDef *phost)
 667:Middlewares/ST/STM32_USB_Host_Library/Class/MSC/Src/usbh_msc.c **** {
 1357              		.loc 1 667 1 is_stmt 1 view -0
 1358              		.cfi_startproc
 1359              		@ args = 0, pretend = 0, frame = 0
 1360              		@ frame_needed = 0, uses_anonymous_args = 0
 1361              		@ link register save eliminated.
 668:Middlewares/ST/STM32_USB_Host_Library/Class/MSC/Src/usbh_msc.c ****   MSC_HandleTypeDef *MSC_Handle = (MSC_HandleTypeDef *) phost->pActiveClass->pData;
 1362              		.loc 1 668 3 view .LVU477
 1363              		.loc 1 668 62 is_stmt 0 view .LVU478
 1364 0000 D0F87C33 		ldr	r3, [r0, #892]
 1365              		.loc 1 668 22 view .LVU479
 1366 0004 DA69     		ldr	r2, [r3, #28]
 1367              	.LVL127:
 669:Middlewares/ST/STM32_USB_Host_Library/Class/MSC/Src/usbh_msc.c ****   uint8_t res;
 1368              		.loc 1 669 3 is_stmt 1 view .LVU480
 670:Middlewares/ST/STM32_USB_Host_Library/Class/MSC/Src/usbh_msc.c **** 
 671:Middlewares/ST/STM32_USB_Host_Library/Class/MSC/Src/usbh_msc.c ****   if ((phost->gState == HOST_CLASS) && (MSC_Handle->state == MSC_IDLE))
 1369              		.loc 1 671 3 view .LVU481
 1370              		.loc 1 671 13 is_stmt 0 view .LVU482
 1371 0006 0378     		ldrb	r3, [r0]	@ zero_extendqisi2
 1372 0008 DBB2     		uxtb	r3, r3
 1373              		.loc 1 671 6 view .LVU483
 1374 000a 0B2B     		cmp	r3, #11
 1375 000c 01D0     		beq	.L96
 672:Middlewares/ST/STM32_USB_Host_Library/Class/MSC/Src/usbh_msc.c ****   {
 673:Middlewares/ST/STM32_USB_Host_Library/Class/MSC/Src/usbh_msc.c ****     res = 1U;
 674:Middlewares/ST/STM32_USB_Host_Library/Class/MSC/Src/usbh_msc.c ****   }
 675:Middlewares/ST/STM32_USB_Host_Library/Class/MSC/Src/usbh_msc.c ****   else
 676:Middlewares/ST/STM32_USB_Host_Library/Class/MSC/Src/usbh_msc.c ****   {
 677:Middlewares/ST/STM32_USB_Host_Library/Class/MSC/Src/usbh_msc.c ****     res = 0U;
 1376              		.loc 1 677 9 view .LVU484
 1377 000e 0020     		movs	r0, #0
 1378              	.LVL128:
 1379              	.L94:
 678:Middlewares/ST/STM32_USB_Host_Library/Class/MSC/Src/usbh_msc.c ****   }
 679:Middlewares/ST/STM32_USB_Host_Library/Class/MSC/Src/usbh_msc.c **** 
 680:Middlewares/ST/STM32_USB_Host_Library/Class/MSC/Src/usbh_msc.c ****   return res;
 1380              		.loc 1 680 3 is_stmt 1 view .LVU485
 681:Middlewares/ST/STM32_USB_Host_Library/Class/MSC/Src/usbh_msc.c **** }
 1381              		.loc 1 681 1 is_stmt 0 view .LVU486
ARM GAS  /tmp/ccPm0lWZ.s 			page 45


 1382 0010 7047     		bx	lr
 1383              	.LVL129:
 1384              	.L96:
 671:Middlewares/ST/STM32_USB_Host_Library/Class/MSC/Src/usbh_msc.c ****   {
 1385              		.loc 1 671 51 discriminator 1 view .LVU487
 1386 0012 107B     		ldrb	r0, [r2, #12]	@ zero_extendqisi2
 1387              	.LVL130:
 671:Middlewares/ST/STM32_USB_Host_Library/Class/MSC/Src/usbh_msc.c ****   {
 1388              		.loc 1 671 37 discriminator 1 view .LVU488
 1389 0014 0128     		cmp	r0, #1
 1390 0016 FBD0     		beq	.L94
 677:Middlewares/ST/STM32_USB_Host_Library/Class/MSC/Src/usbh_msc.c ****   }
 1391              		.loc 1 677 9 view .LVU489
 1392 0018 0020     		movs	r0, #0
 1393 001a 7047     		bx	lr
 1394              		.cfi_endproc
 1395              	.LFE225:
 1397              		.section	.text.USBH_MSC_GetMaxLUN,"ax",%progbits
 1398              		.align	1
 1399              		.global	USBH_MSC_GetMaxLUN
 1400              		.syntax unified
 1401              		.thumb
 1402              		.thumb_func
 1404              	USBH_MSC_GetMaxLUN:
 1405              	.LVL131:
 1406              	.LFB226:
 682:Middlewares/ST/STM32_USB_Host_Library/Class/MSC/Src/usbh_msc.c **** 
 683:Middlewares/ST/STM32_USB_Host_Library/Class/MSC/Src/usbh_msc.c **** /**
 684:Middlewares/ST/STM32_USB_Host_Library/Class/MSC/Src/usbh_msc.c ****   * @brief  USBH_MSC_GetMaxLUN
 685:Middlewares/ST/STM32_USB_Host_Library/Class/MSC/Src/usbh_msc.c ****   *         The function return the Max LUN supported
 686:Middlewares/ST/STM32_USB_Host_Library/Class/MSC/Src/usbh_msc.c ****   * @param  phost: Host handle
 687:Middlewares/ST/STM32_USB_Host_Library/Class/MSC/Src/usbh_msc.c ****   * @retval logical Unit Number supported
 688:Middlewares/ST/STM32_USB_Host_Library/Class/MSC/Src/usbh_msc.c ****   */
 689:Middlewares/ST/STM32_USB_Host_Library/Class/MSC/Src/usbh_msc.c **** uint8_t  USBH_MSC_GetMaxLUN(USBH_HandleTypeDef *phost)
 690:Middlewares/ST/STM32_USB_Host_Library/Class/MSC/Src/usbh_msc.c **** {
 1407              		.loc 1 690 1 is_stmt 1 view -0
 1408              		.cfi_startproc
 1409              		@ args = 0, pretend = 0, frame = 0
 1410              		@ frame_needed = 0, uses_anonymous_args = 0
 1411              		@ link register save eliminated.
 691:Middlewares/ST/STM32_USB_Host_Library/Class/MSC/Src/usbh_msc.c ****   MSC_HandleTypeDef *MSC_Handle = (MSC_HandleTypeDef *) phost->pActiveClass->pData;
 1412              		.loc 1 691 3 view .LVU491
 1413              		.loc 1 691 62 is_stmt 0 view .LVU492
 1414 0000 D0F87C33 		ldr	r3, [r0, #892]
 1415              		.loc 1 691 22 view .LVU493
 1416 0004 DA69     		ldr	r2, [r3, #28]
 1417              	.LVL132:
 692:Middlewares/ST/STM32_USB_Host_Library/Class/MSC/Src/usbh_msc.c **** 
 693:Middlewares/ST/STM32_USB_Host_Library/Class/MSC/Src/usbh_msc.c ****   if ((phost->gState == HOST_CLASS) && (MSC_Handle->state == MSC_IDLE))
 1418              		.loc 1 693 3 is_stmt 1 view .LVU494
 1419              		.loc 1 693 13 is_stmt 0 view .LVU495
 1420 0006 0378     		ldrb	r3, [r0]	@ zero_extendqisi2
 1421 0008 DBB2     		uxtb	r3, r3
 1422              		.loc 1 693 6 view .LVU496
 1423 000a 0B2B     		cmp	r3, #11
 1424 000c 01D0     		beq	.L101
 694:Middlewares/ST/STM32_USB_Host_Library/Class/MSC/Src/usbh_msc.c ****   {
ARM GAS  /tmp/ccPm0lWZ.s 			page 46


 695:Middlewares/ST/STM32_USB_Host_Library/Class/MSC/Src/usbh_msc.c ****     return (uint8_t)MSC_Handle->max_lun;
 696:Middlewares/ST/STM32_USB_Host_Library/Class/MSC/Src/usbh_msc.c ****   }
 697:Middlewares/ST/STM32_USB_Host_Library/Class/MSC/Src/usbh_msc.c **** 
 698:Middlewares/ST/STM32_USB_Host_Library/Class/MSC/Src/usbh_msc.c ****   return 0xFFU;
 1425              		.loc 1 698 10 view .LVU497
 1426 000e FF20     		movs	r0, #255
 1427              	.LVL133:
 1428              		.loc 1 698 10 view .LVU498
 1429 0010 7047     		bx	lr
 1430              	.LVL134:
 1431              	.L101:
 693:Middlewares/ST/STM32_USB_Host_Library/Class/MSC/Src/usbh_msc.c ****   {
 1432              		.loc 1 693 51 discriminator 1 view .LVU499
 1433 0012 137B     		ldrb	r3, [r2, #12]	@ zero_extendqisi2
 693:Middlewares/ST/STM32_USB_Host_Library/Class/MSC/Src/usbh_msc.c ****   {
 1434              		.loc 1 693 37 discriminator 1 view .LVU500
 1435 0014 012B     		cmp	r3, #1
 1436 0016 01D0     		beq	.L102
 1437              		.loc 1 698 10 view .LVU501
 1438 0018 FF20     		movs	r0, #255
 1439              	.LVL135:
 699:Middlewares/ST/STM32_USB_Host_Library/Class/MSC/Src/usbh_msc.c **** }
 1440              		.loc 1 699 1 view .LVU502
 1441 001a 7047     		bx	lr
 1442              	.LVL136:
 1443              	.L102:
 695:Middlewares/ST/STM32_USB_Host_Library/Class/MSC/Src/usbh_msc.c ****   }
 1444              		.loc 1 695 5 is_stmt 1 view .LVU503
 695:Middlewares/ST/STM32_USB_Host_Library/Class/MSC/Src/usbh_msc.c ****   }
 1445              		.loc 1 695 12 is_stmt 0 view .LVU504
 1446 001c 1078     		ldrb	r0, [r2]	@ zero_extendqisi2
 1447              	.LVL137:
 695:Middlewares/ST/STM32_USB_Host_Library/Class/MSC/Src/usbh_msc.c ****   }
 1448              		.loc 1 695 12 view .LVU505
 1449 001e 7047     		bx	lr
 1450              		.cfi_endproc
 1451              	.LFE226:
 1453              		.section	.text.USBH_MSC_UnitIsReady,"ax",%progbits
 1454              		.align	1
 1455              		.global	USBH_MSC_UnitIsReady
 1456              		.syntax unified
 1457              		.thumb
 1458              		.thumb_func
 1460              	USBH_MSC_UnitIsReady:
 1461              	.LVL138:
 1462              	.LFB227:
 700:Middlewares/ST/STM32_USB_Host_Library/Class/MSC/Src/usbh_msc.c **** 
 701:Middlewares/ST/STM32_USB_Host_Library/Class/MSC/Src/usbh_msc.c **** /**
 702:Middlewares/ST/STM32_USB_Host_Library/Class/MSC/Src/usbh_msc.c ****   * @brief  USBH_MSC_UnitIsReady
 703:Middlewares/ST/STM32_USB_Host_Library/Class/MSC/Src/usbh_msc.c ****   *         The function check whether a LUN is ready
 704:Middlewares/ST/STM32_USB_Host_Library/Class/MSC/Src/usbh_msc.c ****   * @param  phost: Host handle
 705:Middlewares/ST/STM32_USB_Host_Library/Class/MSC/Src/usbh_msc.c ****   * @param  lun: logical Unit Number
 706:Middlewares/ST/STM32_USB_Host_Library/Class/MSC/Src/usbh_msc.c ****   * @retval Lun status (0: not ready / 1: ready)
 707:Middlewares/ST/STM32_USB_Host_Library/Class/MSC/Src/usbh_msc.c ****   */
 708:Middlewares/ST/STM32_USB_Host_Library/Class/MSC/Src/usbh_msc.c **** uint8_t  USBH_MSC_UnitIsReady(USBH_HandleTypeDef *phost, uint8_t lun)
 709:Middlewares/ST/STM32_USB_Host_Library/Class/MSC/Src/usbh_msc.c **** {
 1463              		.loc 1 709 1 is_stmt 1 view -0
ARM GAS  /tmp/ccPm0lWZ.s 			page 47


 1464              		.cfi_startproc
 1465              		@ args = 0, pretend = 0, frame = 0
 1466              		@ frame_needed = 0, uses_anonymous_args = 0
 1467              		@ link register save eliminated.
 710:Middlewares/ST/STM32_USB_Host_Library/Class/MSC/Src/usbh_msc.c ****   MSC_HandleTypeDef *MSC_Handle = (MSC_HandleTypeDef *) phost->pActiveClass->pData;
 1468              		.loc 1 710 3 view .LVU507
 1469              		.loc 1 710 62 is_stmt 0 view .LVU508
 1470 0000 D0F87C33 		ldr	r3, [r0, #892]
 1471              		.loc 1 710 22 view .LVU509
 1472 0004 DA69     		ldr	r2, [r3, #28]
 1473              	.LVL139:
 711:Middlewares/ST/STM32_USB_Host_Library/Class/MSC/Src/usbh_msc.c ****   uint8_t res;
 1474              		.loc 1 711 3 is_stmt 1 view .LVU510
 712:Middlewares/ST/STM32_USB_Host_Library/Class/MSC/Src/usbh_msc.c **** 
 713:Middlewares/ST/STM32_USB_Host_Library/Class/MSC/Src/usbh_msc.c ****   if ((phost->gState == HOST_CLASS) && (MSC_Handle->unit[lun].error == MSC_OK))
 1475              		.loc 1 713 3 view .LVU511
 1476              		.loc 1 713 13 is_stmt 0 view .LVU512
 1477 0006 0378     		ldrb	r3, [r0]	@ zero_extendqisi2
 1478 0008 DBB2     		uxtb	r3, r3
 1479              		.loc 1 713 6 view .LVU513
 1480 000a 0B2B     		cmp	r3, #11
 1481 000c 01D0     		beq	.L107
 714:Middlewares/ST/STM32_USB_Host_Library/Class/MSC/Src/usbh_msc.c ****   {
 715:Middlewares/ST/STM32_USB_Host_Library/Class/MSC/Src/usbh_msc.c ****     res = 1U;
 716:Middlewares/ST/STM32_USB_Host_Library/Class/MSC/Src/usbh_msc.c ****   }
 717:Middlewares/ST/STM32_USB_Host_Library/Class/MSC/Src/usbh_msc.c ****   else
 718:Middlewares/ST/STM32_USB_Host_Library/Class/MSC/Src/usbh_msc.c ****   {
 719:Middlewares/ST/STM32_USB_Host_Library/Class/MSC/Src/usbh_msc.c ****     res = 0U;
 1482              		.loc 1 719 9 view .LVU514
 1483 000e 0020     		movs	r0, #0
 1484              	.LVL140:
 1485              		.loc 1 719 9 view .LVU515
 1486 0010 7047     		bx	lr
 1487              	.LVL141:
 1488              	.L107:
 713:Middlewares/ST/STM32_USB_Host_Library/Class/MSC/Src/usbh_msc.c ****   {
 1489              		.loc 1 713 62 discriminator 1 view .LVU516
 1490 0012 3423     		movs	r3, #52
 1491 0014 03FB0122 		mla	r2, r3, r1, r2
 1492              	.LVL142:
 713:Middlewares/ST/STM32_USB_Host_Library/Class/MSC/Src/usbh_msc.c ****   {
 1493              		.loc 1 713 62 discriminator 1 view .LVU517
 1494 0018 92F89130 		ldrb	r3, [r2, #145]	@ zero_extendqisi2
 713:Middlewares/ST/STM32_USB_Host_Library/Class/MSC/Src/usbh_msc.c ****   {
 1495              		.loc 1 713 37 discriminator 1 view .LVU518
 1496 001c 0BB1     		cbz	r3, .L106
 1497              		.loc 1 719 9 view .LVU519
 1498 001e 0020     		movs	r0, #0
 1499              	.LVL143:
 1500              		.loc 1 719 9 view .LVU520
 1501 0020 7047     		bx	lr
 1502              	.LVL144:
 1503              	.L106:
 715:Middlewares/ST/STM32_USB_Host_Library/Class/MSC/Src/usbh_msc.c ****   }
 1504              		.loc 1 715 9 view .LVU521
 1505 0022 0120     		movs	r0, #1
 1506              	.LVL145:
ARM GAS  /tmp/ccPm0lWZ.s 			page 48


 720:Middlewares/ST/STM32_USB_Host_Library/Class/MSC/Src/usbh_msc.c ****   }
 721:Middlewares/ST/STM32_USB_Host_Library/Class/MSC/Src/usbh_msc.c **** 
 722:Middlewares/ST/STM32_USB_Host_Library/Class/MSC/Src/usbh_msc.c ****   return res;
 1507              		.loc 1 722 3 is_stmt 1 view .LVU522
 723:Middlewares/ST/STM32_USB_Host_Library/Class/MSC/Src/usbh_msc.c **** }
 1508              		.loc 1 723 1 is_stmt 0 view .LVU523
 1509 0024 7047     		bx	lr
 1510              		.cfi_endproc
 1511              	.LFE227:
 1513              		.section	.text.USBH_MSC_GetLUNInfo,"ax",%progbits
 1514              		.align	1
 1515              		.global	USBH_MSC_GetLUNInfo
 1516              		.syntax unified
 1517              		.thumb
 1518              		.thumb_func
 1520              	USBH_MSC_GetLUNInfo:
 1521              	.LVL146:
 1522              	.LFB228:
 724:Middlewares/ST/STM32_USB_Host_Library/Class/MSC/Src/usbh_msc.c **** 
 725:Middlewares/ST/STM32_USB_Host_Library/Class/MSC/Src/usbh_msc.c **** /**
 726:Middlewares/ST/STM32_USB_Host_Library/Class/MSC/Src/usbh_msc.c ****   * @brief  USBH_MSC_GetLUNInfo
 727:Middlewares/ST/STM32_USB_Host_Library/Class/MSC/Src/usbh_msc.c ****   *         The function return a LUN information
 728:Middlewares/ST/STM32_USB_Host_Library/Class/MSC/Src/usbh_msc.c ****   * @param  phost: Host handle
 729:Middlewares/ST/STM32_USB_Host_Library/Class/MSC/Src/usbh_msc.c ****   * @param  lun: logical Unit Number
 730:Middlewares/ST/STM32_USB_Host_Library/Class/MSC/Src/usbh_msc.c ****   * @retval USBH Status
 731:Middlewares/ST/STM32_USB_Host_Library/Class/MSC/Src/usbh_msc.c ****   */
 732:Middlewares/ST/STM32_USB_Host_Library/Class/MSC/Src/usbh_msc.c **** USBH_StatusTypeDef USBH_MSC_GetLUNInfo(USBH_HandleTypeDef *phost, uint8_t lun, MSC_LUNTypeDef *info
 733:Middlewares/ST/STM32_USB_Host_Library/Class/MSC/Src/usbh_msc.c **** {
 1523              		.loc 1 733 1 is_stmt 1 view -0
 1524              		.cfi_startproc
 1525              		@ args = 0, pretend = 0, frame = 0
 1526              		@ frame_needed = 0, uses_anonymous_args = 0
 734:Middlewares/ST/STM32_USB_Host_Library/Class/MSC/Src/usbh_msc.c ****   MSC_HandleTypeDef *MSC_Handle = (MSC_HandleTypeDef *) phost->pActiveClass->pData;
 1527              		.loc 1 734 3 view .LVU525
 1528              		.loc 1 734 62 is_stmt 0 view .LVU526
 1529 0000 D0F87C33 		ldr	r3, [r0, #892]
 1530              		.loc 1 734 22 view .LVU527
 1531 0004 DB69     		ldr	r3, [r3, #28]
 1532              	.LVL147:
 735:Middlewares/ST/STM32_USB_Host_Library/Class/MSC/Src/usbh_msc.c ****   if (phost->gState == HOST_CLASS)
 1533              		.loc 1 735 3 is_stmt 1 view .LVU528
 1534              		.loc 1 735 12 is_stmt 0 view .LVU529
 1535 0006 0078     		ldrb	r0, [r0]	@ zero_extendqisi2
 1536              	.LVL148:
 1537              		.loc 1 735 12 view .LVU530
 1538 0008 C0B2     		uxtb	r0, r0
 1539              		.loc 1 735 6 view .LVU531
 1540 000a 0B28     		cmp	r0, #11
 1541 000c 01D0     		beq	.L116
 736:Middlewares/ST/STM32_USB_Host_Library/Class/MSC/Src/usbh_msc.c ****   {
 737:Middlewares/ST/STM32_USB_Host_Library/Class/MSC/Src/usbh_msc.c ****     USBH_memcpy(info, &MSC_Handle->unit[lun], sizeof(MSC_LUNTypeDef));
 738:Middlewares/ST/STM32_USB_Host_Library/Class/MSC/Src/usbh_msc.c ****     return USBH_OK;
 739:Middlewares/ST/STM32_USB_Host_Library/Class/MSC/Src/usbh_msc.c ****   }
 740:Middlewares/ST/STM32_USB_Host_Library/Class/MSC/Src/usbh_msc.c ****   else
 741:Middlewares/ST/STM32_USB_Host_Library/Class/MSC/Src/usbh_msc.c ****   {
 742:Middlewares/ST/STM32_USB_Host_Library/Class/MSC/Src/usbh_msc.c ****     return USBH_FAIL;
 1542              		.loc 1 742 12 view .LVU532
ARM GAS  /tmp/ccPm0lWZ.s 			page 49


 1543 000e 0220     		movs	r0, #2
 743:Middlewares/ST/STM32_USB_Host_Library/Class/MSC/Src/usbh_msc.c ****   }
 744:Middlewares/ST/STM32_USB_Host_Library/Class/MSC/Src/usbh_msc.c **** }
 1544              		.loc 1 744 1 view .LVU533
 1545 0010 7047     		bx	lr
 1546              	.L116:
 733:Middlewares/ST/STM32_USB_Host_Library/Class/MSC/Src/usbh_msc.c ****   MSC_HandleTypeDef *MSC_Handle = (MSC_HandleTypeDef *) phost->pActiveClass->pData;
 1547              		.loc 1 733 1 view .LVU534
 1548 0012 10B5     		push	{r4, lr}
 1549              		.cfi_def_cfa_offset 8
 1550              		.cfi_offset 4, -8
 1551              		.cfi_offset 14, -4
 737:Middlewares/ST/STM32_USB_Host_Library/Class/MSC/Src/usbh_msc.c ****     return USBH_OK;
 1552              		.loc 1 737 5 is_stmt 1 view .LVU535
 737:Middlewares/ST/STM32_USB_Host_Library/Class/MSC/Src/usbh_msc.c ****     return USBH_OK;
 1553              		.loc 1 737 23 is_stmt 0 view .LVU536
 1554 0014 3420     		movs	r0, #52
 1555 0016 00FB01F1 		mul	r1, r0, r1
 1556              	.LVL149:
 737:Middlewares/ST/STM32_USB_Host_Library/Class/MSC/Src/usbh_msc.c ****     return USBH_OK;
 1557              		.loc 1 737 23 view .LVU537
 1558 001a 9031     		adds	r1, r1, #144
 1559 001c 0B44     		add	r3, r3, r1
 1560              	.LVL150:
 737:Middlewares/ST/STM32_USB_Host_Library/Class/MSC/Src/usbh_msc.c ****     return USBH_OK;
 1561              		.loc 1 737 5 view .LVU538
 1562 001e 03F13004 		add	r4, r3, #48
 1563              	.LVL151:
 1564              	.L110:
 737:Middlewares/ST/STM32_USB_Host_Library/Class/MSC/Src/usbh_msc.c ****     return USBH_OK;
 1565              		.loc 1 737 5 view .LVU539
 1566 0022 D3F800E0 		ldr	lr, [r3]	@ unaligned
 1567 0026 D3F804C0 		ldr	ip, [r3, #4]	@ unaligned
 1568 002a 9868     		ldr	r0, [r3, #8]	@ unaligned
 1569 002c D968     		ldr	r1, [r3, #12]	@ unaligned
 1570 002e C2F800E0 		str	lr, [r2]	@ unaligned
 1571 0032 C2F804C0 		str	ip, [r2, #4]	@ unaligned
 1572 0036 9060     		str	r0, [r2, #8]	@ unaligned
 1573 0038 D160     		str	r1, [r2, #12]	@ unaligned
 1574 003a 1033     		adds	r3, r3, #16
 1575 003c 1032     		adds	r2, r2, #16
 1576 003e A342     		cmp	r3, r4
 1577 0040 EFD1     		bne	.L110
 1578 0042 1B68     		ldr	r3, [r3]	@ unaligned
 1579 0044 1360     		str	r3, [r2]	@ unaligned
 738:Middlewares/ST/STM32_USB_Host_Library/Class/MSC/Src/usbh_msc.c ****   }
 1580              		.loc 1 738 5 is_stmt 1 view .LVU540
 738:Middlewares/ST/STM32_USB_Host_Library/Class/MSC/Src/usbh_msc.c ****   }
 1581              		.loc 1 738 12 is_stmt 0 view .LVU541
 1582 0046 0020     		movs	r0, #0
 1583              		.loc 1 744 1 view .LVU542
 1584 0048 10BD     		pop	{r4, pc}
 1585              		.cfi_endproc
 1586              	.LFE228:
 1588              		.section	.text.USBH_MSC_Read,"ax",%progbits
 1589              		.align	1
 1590              		.global	USBH_MSC_Read
ARM GAS  /tmp/ccPm0lWZ.s 			page 50


 1591              		.syntax unified
 1592              		.thumb
 1593              		.thumb_func
 1595              	USBH_MSC_Read:
 1596              	.LVL152:
 1597              	.LFB229:
 745:Middlewares/ST/STM32_USB_Host_Library/Class/MSC/Src/usbh_msc.c **** 
 746:Middlewares/ST/STM32_USB_Host_Library/Class/MSC/Src/usbh_msc.c **** /**
 747:Middlewares/ST/STM32_USB_Host_Library/Class/MSC/Src/usbh_msc.c ****   * @brief  USBH_MSC_Read
 748:Middlewares/ST/STM32_USB_Host_Library/Class/MSC/Src/usbh_msc.c ****   *         The function performs a Read operation
 749:Middlewares/ST/STM32_USB_Host_Library/Class/MSC/Src/usbh_msc.c ****   * @param  phost: Host handle
 750:Middlewares/ST/STM32_USB_Host_Library/Class/MSC/Src/usbh_msc.c ****   * @param  lun: logical Unit Number
 751:Middlewares/ST/STM32_USB_Host_Library/Class/MSC/Src/usbh_msc.c ****   * @param  address: sector address
 752:Middlewares/ST/STM32_USB_Host_Library/Class/MSC/Src/usbh_msc.c ****   * @param  pbuf: pointer to data
 753:Middlewares/ST/STM32_USB_Host_Library/Class/MSC/Src/usbh_msc.c ****   * @param  length: number of sector to read
 754:Middlewares/ST/STM32_USB_Host_Library/Class/MSC/Src/usbh_msc.c ****   * @retval USBH Status
 755:Middlewares/ST/STM32_USB_Host_Library/Class/MSC/Src/usbh_msc.c ****   */
 756:Middlewares/ST/STM32_USB_Host_Library/Class/MSC/Src/usbh_msc.c **** USBH_StatusTypeDef USBH_MSC_Read(USBH_HandleTypeDef *phost,
 757:Middlewares/ST/STM32_USB_Host_Library/Class/MSC/Src/usbh_msc.c ****                                  uint8_t lun,
 758:Middlewares/ST/STM32_USB_Host_Library/Class/MSC/Src/usbh_msc.c ****                                  uint32_t address,
 759:Middlewares/ST/STM32_USB_Host_Library/Class/MSC/Src/usbh_msc.c ****                                  uint8_t *pbuf,
 760:Middlewares/ST/STM32_USB_Host_Library/Class/MSC/Src/usbh_msc.c ****                                  uint32_t length)
 761:Middlewares/ST/STM32_USB_Host_Library/Class/MSC/Src/usbh_msc.c **** {
 1598              		.loc 1 761 1 is_stmt 1 view -0
 1599              		.cfi_startproc
 1600              		@ args = 4, pretend = 0, frame = 0
 1601              		@ frame_needed = 0, uses_anonymous_args = 0
 1602              		.loc 1 761 1 is_stmt 0 view .LVU544
 1603 0000 2DE9F041 		push	{r4, r5, r6, r7, r8, lr}
 1604              		.cfi_def_cfa_offset 24
 1605              		.cfi_offset 4, -24
 1606              		.cfi_offset 5, -20
 1607              		.cfi_offset 6, -16
 1608              		.cfi_offset 7, -12
 1609              		.cfi_offset 8, -8
 1610              		.cfi_offset 14, -4
 1611 0004 82B0     		sub	sp, sp, #8
 1612              		.cfi_def_cfa_offset 32
 1613 0006 0D46     		mov	r5, r1
 1614 0008 089E     		ldr	r6, [sp, #32]
 762:Middlewares/ST/STM32_USB_Host_Library/Class/MSC/Src/usbh_msc.c ****   uint32_t timeout;
 1615              		.loc 1 762 3 is_stmt 1 view .LVU545
 763:Middlewares/ST/STM32_USB_Host_Library/Class/MSC/Src/usbh_msc.c ****   MSC_HandleTypeDef *MSC_Handle = (MSC_HandleTypeDef *) phost->pActiveClass->pData;
 1616              		.loc 1 763 3 view .LVU546
 1617              		.loc 1 763 62 is_stmt 0 view .LVU547
 1618 000a D0F87C13 		ldr	r1, [r0, #892]
 1619              	.LVL153:
 1620              		.loc 1 763 22 view .LVU548
 1621 000e CF69     		ldr	r7, [r1, #28]
 1622              	.LVL154:
 764:Middlewares/ST/STM32_USB_Host_Library/Class/MSC/Src/usbh_msc.c **** 
 765:Middlewares/ST/STM32_USB_Host_Library/Class/MSC/Src/usbh_msc.c ****   if ((phost->device.is_connected == 0U) ||
 1623              		.loc 1 765 3 is_stmt 1 view .LVU549
 1624              		.loc 1 765 21 is_stmt 0 view .LVU550
 1625 0010 90F82013 		ldrb	r1, [r0, #800]	@ zero_extendqisi2
 1626              		.loc 1 765 6 view .LVU551
 1627 0014 C9B3     		cbz	r1, .L122
ARM GAS  /tmp/ccPm0lWZ.s 			page 51


 1628 0016 0446     		mov	r4, r0
 766:Middlewares/ST/STM32_USB_Host_Library/Class/MSC/Src/usbh_msc.c ****       (phost->gState != HOST_CLASS) ||
 1629              		.loc 1 766 13 view .LVU552
 1630 0018 0178     		ldrb	r1, [r0]	@ zero_extendqisi2
 1631 001a C9B2     		uxtb	r1, r1
 765:Middlewares/ST/STM32_USB_Host_Library/Class/MSC/Src/usbh_msc.c ****       (phost->gState != HOST_CLASS) ||
 1632              		.loc 1 765 42 discriminator 1 view .LVU553
 1633 001c 0B29     		cmp	r1, #11
 1634 001e 36D1     		bne	.L123
 767:Middlewares/ST/STM32_USB_Host_Library/Class/MSC/Src/usbh_msc.c ****       (MSC_Handle->unit[lun].state != MSC_IDLE))
 1635              		.loc 1 767 29 view .LVU554
 1636 0020 3421     		movs	r1, #52
 1637 0022 01FB0571 		mla	r1, r1, r5, r7
 1638 0026 91F89010 		ldrb	r1, [r1, #144]	@ zero_extendqisi2
 766:Middlewares/ST/STM32_USB_Host_Library/Class/MSC/Src/usbh_msc.c ****       (phost->gState != HOST_CLASS) ||
 1639              		.loc 1 766 37 view .LVU555
 1640 002a 0129     		cmp	r1, #1
 1641 002c 01D0     		beq	.L126
 768:Middlewares/ST/STM32_USB_Host_Library/Class/MSC/Src/usbh_msc.c ****   {
 769:Middlewares/ST/STM32_USB_Host_Library/Class/MSC/Src/usbh_msc.c ****     return  USBH_FAIL;
 1642              		.loc 1 769 13 view .LVU556
 1643 002e 0220     		movs	r0, #2
 1644              	.LVL155:
 1645              		.loc 1 769 13 view .LVU557
 1646 0030 2EE0     		b	.L118
 1647              	.LVL156:
 1648              	.L126:
 770:Middlewares/ST/STM32_USB_Host_Library/Class/MSC/Src/usbh_msc.c ****   }
 771:Middlewares/ST/STM32_USB_Host_Library/Class/MSC/Src/usbh_msc.c **** 
 772:Middlewares/ST/STM32_USB_Host_Library/Class/MSC/Src/usbh_msc.c ****   MSC_Handle->state = MSC_READ;
 1649              		.loc 1 772 3 is_stmt 1 view .LVU558
 1650              		.loc 1 772 21 is_stmt 0 view .LVU559
 1651 0032 0620     		movs	r0, #6
 1652              	.LVL157:
 1653              		.loc 1 772 21 view .LVU560
 1654 0034 3873     		strb	r0, [r7, #12]
 773:Middlewares/ST/STM32_USB_Host_Library/Class/MSC/Src/usbh_msc.c ****   MSC_Handle->unit[lun].state = MSC_READ;
 1655              		.loc 1 773 3 is_stmt 1 view .LVU561
 1656              		.loc 1 773 31 is_stmt 0 view .LVU562
 1657 0036 3421     		movs	r1, #52
 1658 0038 01FB0571 		mla	r1, r1, r5, r7
 1659 003c 81F89000 		strb	r0, [r1, #144]
 774:Middlewares/ST/STM32_USB_Host_Library/Class/MSC/Src/usbh_msc.c ****   MSC_Handle->rw_lun = lun;
 1660              		.loc 1 774 3 is_stmt 1 view .LVU563
 1661              		.loc 1 774 22 is_stmt 0 view .LVU564
 1662 0040 A7F8FA50 		strh	r5, [r7, #250]	@ movhi
 775:Middlewares/ST/STM32_USB_Host_Library/Class/MSC/Src/usbh_msc.c **** 
 776:Middlewares/ST/STM32_USB_Host_Library/Class/MSC/Src/usbh_msc.c ****   USBH_MSC_SCSI_Read(phost, lun, address, pbuf, length);
 1663              		.loc 1 776 3 is_stmt 1 view .LVU565
 1664 0044 0096     		str	r6, [sp]
 1665 0046 2946     		mov	r1, r5
 1666 0048 2046     		mov	r0, r4
 1667 004a FFF7FEFF 		bl	USBH_MSC_SCSI_Read
 1668              	.LVL158:
 777:Middlewares/ST/STM32_USB_Host_Library/Class/MSC/Src/usbh_msc.c **** 
 778:Middlewares/ST/STM32_USB_Host_Library/Class/MSC/Src/usbh_msc.c ****   timeout = phost->Timer;
 1669              		.loc 1 778 3 view .LVU566
ARM GAS  /tmp/ccPm0lWZ.s 			page 52


 1670              		.loc 1 778 11 is_stmt 0 view .LVU567
 1671 004e D4F8C483 		ldr	r8, [r4, #964]
 1672              	.LVL159:
 779:Middlewares/ST/STM32_USB_Host_Library/Class/MSC/Src/usbh_msc.c **** 
 780:Middlewares/ST/STM32_USB_Host_Library/Class/MSC/Src/usbh_msc.c ****   while (USBH_MSC_RdWrProcess(phost, lun) == USBH_BUSY)
 1673              		.loc 1 780 3 is_stmt 1 view .LVU568
 1674              	.L119:
 1675              		.loc 1 780 43 view .LVU569
 1676              		.loc 1 780 10 is_stmt 0 view .LVU570
 1677 0052 2946     		mov	r1, r5
 1678 0054 2046     		mov	r0, r4
 1679 0056 FFF7FEFF 		bl	USBH_MSC_RdWrProcess
 1680              	.LVL160:
 1681              		.loc 1 780 43 discriminator 1 view .LVU571
 1682 005a 0128     		cmp	r0, #1
 1683 005c 11D1     		bne	.L127
 781:Middlewares/ST/STM32_USB_Host_Library/Class/MSC/Src/usbh_msc.c ****   {
 782:Middlewares/ST/STM32_USB_Host_Library/Class/MSC/Src/usbh_msc.c ****     if (((phost->Timer - timeout) > (10000U * length)) || (phost->device.is_connected == 0U))
 1684              		.loc 1 782 5 is_stmt 1 view .LVU572
 1685              		.loc 1 782 16 is_stmt 0 view .LVU573
 1686 005e D4F8C423 		ldr	r2, [r4, #964]
 1687              		.loc 1 782 24 view .LVU574
 1688 0062 A2EB0802 		sub	r2, r2, r8
 1689              		.loc 1 782 45 view .LVU575
 1690 0066 42F21073 		movw	r3, #10000
 1691 006a 06FB03F3 		mul	r3, r6, r3
 1692              		.loc 1 782 8 view .LVU576
 1693 006e 9A42     		cmp	r2, r3
 1694 0070 03D8     		bhi	.L120
 1695              		.loc 1 782 73 discriminator 1 view .LVU577
 1696 0072 94F82033 		ldrb	r3, [r4, #800]	@ zero_extendqisi2
 1697              		.loc 1 782 56 discriminator 1 view .LVU578
 1698 0076 002B     		cmp	r3, #0
 1699 0078 EBD1     		bne	.L119
 1700              	.L120:
 783:Middlewares/ST/STM32_USB_Host_Library/Class/MSC/Src/usbh_msc.c ****     {
 784:Middlewares/ST/STM32_USB_Host_Library/Class/MSC/Src/usbh_msc.c ****       MSC_Handle->state = MSC_IDLE;
 1701              		.loc 1 784 7 is_stmt 1 view .LVU579
 1702              		.loc 1 784 25 is_stmt 0 view .LVU580
 1703 007a 0123     		movs	r3, #1
 1704 007c 3B73     		strb	r3, [r7, #12]
 785:Middlewares/ST/STM32_USB_Host_Library/Class/MSC/Src/usbh_msc.c ****       return USBH_FAIL;
 1705              		.loc 1 785 7 is_stmt 1 view .LVU581
 1706              		.loc 1 785 14 is_stmt 0 view .LVU582
 1707 007e 0220     		movs	r0, #2
 1708 0080 06E0     		b	.L118
 1709              	.L127:
 786:Middlewares/ST/STM32_USB_Host_Library/Class/MSC/Src/usbh_msc.c ****     }
 787:Middlewares/ST/STM32_USB_Host_Library/Class/MSC/Src/usbh_msc.c ****   }
 788:Middlewares/ST/STM32_USB_Host_Library/Class/MSC/Src/usbh_msc.c ****   MSC_Handle->state = MSC_IDLE;
 1710              		.loc 1 788 3 is_stmt 1 view .LVU583
 1711              		.loc 1 788 21 is_stmt 0 view .LVU584
 1712 0082 0123     		movs	r3, #1
 1713 0084 3B73     		strb	r3, [r7, #12]
 789:Middlewares/ST/STM32_USB_Host_Library/Class/MSC/Src/usbh_msc.c **** 
 790:Middlewares/ST/STM32_USB_Host_Library/Class/MSC/Src/usbh_msc.c ****   return USBH_OK;
 1714              		.loc 1 790 3 is_stmt 1 view .LVU585
ARM GAS  /tmp/ccPm0lWZ.s 			page 53


 1715              		.loc 1 790 10 is_stmt 0 view .LVU586
 1716 0086 0020     		movs	r0, #0
 1717 0088 02E0     		b	.L118
 1718              	.LVL161:
 1719              	.L122:
 769:Middlewares/ST/STM32_USB_Host_Library/Class/MSC/Src/usbh_msc.c ****   }
 1720              		.loc 1 769 13 view .LVU587
 1721 008a 0220     		movs	r0, #2
 1722              	.LVL162:
 769:Middlewares/ST/STM32_USB_Host_Library/Class/MSC/Src/usbh_msc.c ****   }
 1723              		.loc 1 769 13 view .LVU588
 1724 008c 00E0     		b	.L118
 1725              	.LVL163:
 1726              	.L123:
 769:Middlewares/ST/STM32_USB_Host_Library/Class/MSC/Src/usbh_msc.c ****   }
 1727              		.loc 1 769 13 view .LVU589
 1728 008e 0220     		movs	r0, #2
 1729              	.LVL164:
 1730              	.L118:
 791:Middlewares/ST/STM32_USB_Host_Library/Class/MSC/Src/usbh_msc.c **** }
 1731              		.loc 1 791 1 view .LVU590
 1732 0090 02B0     		add	sp, sp, #8
 1733              		.cfi_def_cfa_offset 24
 1734              		@ sp needed
 1735 0092 BDE8F081 		pop	{r4, r5, r6, r7, r8, pc}
 1736              		.loc 1 791 1 view .LVU591
 1737              		.cfi_endproc
 1738              	.LFE229:
 1740              		.section	.text.USBH_MSC_Write,"ax",%progbits
 1741              		.align	1
 1742              		.global	USBH_MSC_Write
 1743              		.syntax unified
 1744              		.thumb
 1745              		.thumb_func
 1747              	USBH_MSC_Write:
 1748              	.LVL165:
 1749              	.LFB230:
 792:Middlewares/ST/STM32_USB_Host_Library/Class/MSC/Src/usbh_msc.c **** 
 793:Middlewares/ST/STM32_USB_Host_Library/Class/MSC/Src/usbh_msc.c **** /**
 794:Middlewares/ST/STM32_USB_Host_Library/Class/MSC/Src/usbh_msc.c ****   * @brief  USBH_MSC_Write
 795:Middlewares/ST/STM32_USB_Host_Library/Class/MSC/Src/usbh_msc.c ****   *         The function performs a Write operation
 796:Middlewares/ST/STM32_USB_Host_Library/Class/MSC/Src/usbh_msc.c ****   * @param  phost: Host handle
 797:Middlewares/ST/STM32_USB_Host_Library/Class/MSC/Src/usbh_msc.c ****   * @param  lun: logical Unit Number
 798:Middlewares/ST/STM32_USB_Host_Library/Class/MSC/Src/usbh_msc.c ****   * @param  address: sector address
 799:Middlewares/ST/STM32_USB_Host_Library/Class/MSC/Src/usbh_msc.c ****   * @param  pbuf: pointer to data
 800:Middlewares/ST/STM32_USB_Host_Library/Class/MSC/Src/usbh_msc.c ****   * @param  length: number of sector to write
 801:Middlewares/ST/STM32_USB_Host_Library/Class/MSC/Src/usbh_msc.c ****   * @retval USBH Status
 802:Middlewares/ST/STM32_USB_Host_Library/Class/MSC/Src/usbh_msc.c ****   */
 803:Middlewares/ST/STM32_USB_Host_Library/Class/MSC/Src/usbh_msc.c **** USBH_StatusTypeDef USBH_MSC_Write(USBH_HandleTypeDef *phost,
 804:Middlewares/ST/STM32_USB_Host_Library/Class/MSC/Src/usbh_msc.c ****                                   uint8_t lun,
 805:Middlewares/ST/STM32_USB_Host_Library/Class/MSC/Src/usbh_msc.c ****                                   uint32_t address,
 806:Middlewares/ST/STM32_USB_Host_Library/Class/MSC/Src/usbh_msc.c ****                                   uint8_t *pbuf,
 807:Middlewares/ST/STM32_USB_Host_Library/Class/MSC/Src/usbh_msc.c ****                                   uint32_t length)
 808:Middlewares/ST/STM32_USB_Host_Library/Class/MSC/Src/usbh_msc.c **** {
 1750              		.loc 1 808 1 is_stmt 1 view -0
 1751              		.cfi_startproc
 1752              		@ args = 4, pretend = 0, frame = 0
ARM GAS  /tmp/ccPm0lWZ.s 			page 54


 1753              		@ frame_needed = 0, uses_anonymous_args = 0
 1754              		.loc 1 808 1 is_stmt 0 view .LVU593
 1755 0000 2DE9F041 		push	{r4, r5, r6, r7, r8, lr}
 1756              		.cfi_def_cfa_offset 24
 1757              		.cfi_offset 4, -24
 1758              		.cfi_offset 5, -20
 1759              		.cfi_offset 6, -16
 1760              		.cfi_offset 7, -12
 1761              		.cfi_offset 8, -8
 1762              		.cfi_offset 14, -4
 1763 0004 82B0     		sub	sp, sp, #8
 1764              		.cfi_def_cfa_offset 32
 1765 0006 0D46     		mov	r5, r1
 1766 0008 089E     		ldr	r6, [sp, #32]
 809:Middlewares/ST/STM32_USB_Host_Library/Class/MSC/Src/usbh_msc.c ****   uint32_t timeout;
 1767              		.loc 1 809 3 is_stmt 1 view .LVU594
 810:Middlewares/ST/STM32_USB_Host_Library/Class/MSC/Src/usbh_msc.c ****   MSC_HandleTypeDef *MSC_Handle = (MSC_HandleTypeDef *) phost->pActiveClass->pData;
 1768              		.loc 1 810 3 view .LVU595
 1769              		.loc 1 810 62 is_stmt 0 view .LVU596
 1770 000a D0F87C13 		ldr	r1, [r0, #892]
 1771              	.LVL166:
 1772              		.loc 1 810 22 view .LVU597
 1773 000e CF69     		ldr	r7, [r1, #28]
 1774              	.LVL167:
 811:Middlewares/ST/STM32_USB_Host_Library/Class/MSC/Src/usbh_msc.c **** 
 812:Middlewares/ST/STM32_USB_Host_Library/Class/MSC/Src/usbh_msc.c ****   if ((phost->device.is_connected == 0U) ||
 1775              		.loc 1 812 3 is_stmt 1 view .LVU598
 1776              		.loc 1 812 21 is_stmt 0 view .LVU599
 1777 0010 90F82013 		ldrb	r1, [r0, #800]	@ zero_extendqisi2
 1778              		.loc 1 812 6 view .LVU600
 1779 0014 C9B3     		cbz	r1, .L133
 1780 0016 0446     		mov	r4, r0
 813:Middlewares/ST/STM32_USB_Host_Library/Class/MSC/Src/usbh_msc.c ****       (phost->gState != HOST_CLASS) ||
 1781              		.loc 1 813 13 view .LVU601
 1782 0018 0178     		ldrb	r1, [r0]	@ zero_extendqisi2
 1783 001a C9B2     		uxtb	r1, r1
 812:Middlewares/ST/STM32_USB_Host_Library/Class/MSC/Src/usbh_msc.c ****       (phost->gState != HOST_CLASS) ||
 1784              		.loc 1 812 42 discriminator 1 view .LVU602
 1785 001c 0B29     		cmp	r1, #11
 1786 001e 36D1     		bne	.L134
 814:Middlewares/ST/STM32_USB_Host_Library/Class/MSC/Src/usbh_msc.c ****       (MSC_Handle->unit[lun].state != MSC_IDLE))
 1787              		.loc 1 814 29 view .LVU603
 1788 0020 3421     		movs	r1, #52
 1789 0022 01FB0571 		mla	r1, r1, r5, r7
 1790 0026 91F89010 		ldrb	r1, [r1, #144]	@ zero_extendqisi2
 813:Middlewares/ST/STM32_USB_Host_Library/Class/MSC/Src/usbh_msc.c ****       (phost->gState != HOST_CLASS) ||
 1791              		.loc 1 813 37 view .LVU604
 1792 002a 0129     		cmp	r1, #1
 1793 002c 01D0     		beq	.L137
 815:Middlewares/ST/STM32_USB_Host_Library/Class/MSC/Src/usbh_msc.c ****   {
 816:Middlewares/ST/STM32_USB_Host_Library/Class/MSC/Src/usbh_msc.c ****     return  USBH_FAIL;
 1794              		.loc 1 816 13 view .LVU605
 1795 002e 0220     		movs	r0, #2
 1796              	.LVL168:
 1797              		.loc 1 816 13 view .LVU606
 1798 0030 2EE0     		b	.L129
 1799              	.LVL169:
ARM GAS  /tmp/ccPm0lWZ.s 			page 55


 1800              	.L137:
 817:Middlewares/ST/STM32_USB_Host_Library/Class/MSC/Src/usbh_msc.c ****   }
 818:Middlewares/ST/STM32_USB_Host_Library/Class/MSC/Src/usbh_msc.c **** 
 819:Middlewares/ST/STM32_USB_Host_Library/Class/MSC/Src/usbh_msc.c ****   MSC_Handle->state = MSC_WRITE;
 1801              		.loc 1 819 3 is_stmt 1 view .LVU607
 1802              		.loc 1 819 21 is_stmt 0 view .LVU608
 1803 0032 0720     		movs	r0, #7
 1804              	.LVL170:
 1805              		.loc 1 819 21 view .LVU609
 1806 0034 3873     		strb	r0, [r7, #12]
 820:Middlewares/ST/STM32_USB_Host_Library/Class/MSC/Src/usbh_msc.c ****   MSC_Handle->unit[lun].state = MSC_WRITE;
 1807              		.loc 1 820 3 is_stmt 1 view .LVU610
 1808              		.loc 1 820 31 is_stmt 0 view .LVU611
 1809 0036 3421     		movs	r1, #52
 1810 0038 01FB0571 		mla	r1, r1, r5, r7
 1811 003c 81F89000 		strb	r0, [r1, #144]
 821:Middlewares/ST/STM32_USB_Host_Library/Class/MSC/Src/usbh_msc.c ****   MSC_Handle->rw_lun = lun;
 1812              		.loc 1 821 3 is_stmt 1 view .LVU612
 1813              		.loc 1 821 22 is_stmt 0 view .LVU613
 1814 0040 A7F8FA50 		strh	r5, [r7, #250]	@ movhi
 822:Middlewares/ST/STM32_USB_Host_Library/Class/MSC/Src/usbh_msc.c **** 
 823:Middlewares/ST/STM32_USB_Host_Library/Class/MSC/Src/usbh_msc.c ****   USBH_MSC_SCSI_Write(phost, lun, address, pbuf, length);
 1815              		.loc 1 823 3 is_stmt 1 view .LVU614
 1816 0044 0096     		str	r6, [sp]
 1817 0046 2946     		mov	r1, r5
 1818 0048 2046     		mov	r0, r4
 1819 004a FFF7FEFF 		bl	USBH_MSC_SCSI_Write
 1820              	.LVL171:
 824:Middlewares/ST/STM32_USB_Host_Library/Class/MSC/Src/usbh_msc.c **** 
 825:Middlewares/ST/STM32_USB_Host_Library/Class/MSC/Src/usbh_msc.c ****   timeout = phost->Timer;
 1821              		.loc 1 825 3 view .LVU615
 1822              		.loc 1 825 11 is_stmt 0 view .LVU616
 1823 004e D4F8C483 		ldr	r8, [r4, #964]
 1824              	.LVL172:
 826:Middlewares/ST/STM32_USB_Host_Library/Class/MSC/Src/usbh_msc.c ****   while (USBH_MSC_RdWrProcess(phost, lun) == USBH_BUSY)
 1825              		.loc 1 826 3 is_stmt 1 view .LVU617
 1826              	.L130:
 1827              		.loc 1 826 43 view .LVU618
 1828              		.loc 1 826 10 is_stmt 0 view .LVU619
 1829 0052 2946     		mov	r1, r5
 1830 0054 2046     		mov	r0, r4
 1831 0056 FFF7FEFF 		bl	USBH_MSC_RdWrProcess
 1832              	.LVL173:
 1833              		.loc 1 826 43 discriminator 1 view .LVU620
 1834 005a 0128     		cmp	r0, #1
 1835 005c 11D1     		bne	.L138
 827:Middlewares/ST/STM32_USB_Host_Library/Class/MSC/Src/usbh_msc.c ****   {
 828:Middlewares/ST/STM32_USB_Host_Library/Class/MSC/Src/usbh_msc.c ****     if (((phost->Timer - timeout) > (10000U * length)) || (phost->device.is_connected == 0U))
 1836              		.loc 1 828 5 is_stmt 1 view .LVU621
 1837              		.loc 1 828 16 is_stmt 0 view .LVU622
 1838 005e D4F8C423 		ldr	r2, [r4, #964]
 1839              		.loc 1 828 24 view .LVU623
 1840 0062 A2EB0802 		sub	r2, r2, r8
 1841              		.loc 1 828 45 view .LVU624
 1842 0066 42F21073 		movw	r3, #10000
 1843 006a 06FB03F3 		mul	r3, r6, r3
 1844              		.loc 1 828 8 view .LVU625
ARM GAS  /tmp/ccPm0lWZ.s 			page 56


 1845 006e 9A42     		cmp	r2, r3
 1846 0070 03D8     		bhi	.L131
 1847              		.loc 1 828 73 discriminator 1 view .LVU626
 1848 0072 94F82033 		ldrb	r3, [r4, #800]	@ zero_extendqisi2
 1849              		.loc 1 828 56 discriminator 1 view .LVU627
 1850 0076 002B     		cmp	r3, #0
 1851 0078 EBD1     		bne	.L130
 1852              	.L131:
 829:Middlewares/ST/STM32_USB_Host_Library/Class/MSC/Src/usbh_msc.c ****     {
 830:Middlewares/ST/STM32_USB_Host_Library/Class/MSC/Src/usbh_msc.c ****       MSC_Handle->state = MSC_IDLE;
 1853              		.loc 1 830 7 is_stmt 1 view .LVU628
 1854              		.loc 1 830 25 is_stmt 0 view .LVU629
 1855 007a 0123     		movs	r3, #1
 1856 007c 3B73     		strb	r3, [r7, #12]
 831:Middlewares/ST/STM32_USB_Host_Library/Class/MSC/Src/usbh_msc.c ****       return USBH_FAIL;
 1857              		.loc 1 831 7 is_stmt 1 view .LVU630
 1858              		.loc 1 831 14 is_stmt 0 view .LVU631
 1859 007e 0220     		movs	r0, #2
 1860 0080 06E0     		b	.L129
 1861              	.L138:
 832:Middlewares/ST/STM32_USB_Host_Library/Class/MSC/Src/usbh_msc.c ****     }
 833:Middlewares/ST/STM32_USB_Host_Library/Class/MSC/Src/usbh_msc.c ****   }
 834:Middlewares/ST/STM32_USB_Host_Library/Class/MSC/Src/usbh_msc.c ****   MSC_Handle->state = MSC_IDLE;
 1862              		.loc 1 834 3 is_stmt 1 view .LVU632
 1863              		.loc 1 834 21 is_stmt 0 view .LVU633
 1864 0082 0123     		movs	r3, #1
 1865 0084 3B73     		strb	r3, [r7, #12]
 835:Middlewares/ST/STM32_USB_Host_Library/Class/MSC/Src/usbh_msc.c ****   return USBH_OK;
 1866              		.loc 1 835 3 is_stmt 1 view .LVU634
 1867              		.loc 1 835 10 is_stmt 0 view .LVU635
 1868 0086 0020     		movs	r0, #0
 1869 0088 02E0     		b	.L129
 1870              	.LVL174:
 1871              	.L133:
 816:Middlewares/ST/STM32_USB_Host_Library/Class/MSC/Src/usbh_msc.c ****   }
 1872              		.loc 1 816 13 view .LVU636
 1873 008a 0220     		movs	r0, #2
 1874              	.LVL175:
 816:Middlewares/ST/STM32_USB_Host_Library/Class/MSC/Src/usbh_msc.c ****   }
 1875              		.loc 1 816 13 view .LVU637
 1876 008c 00E0     		b	.L129
 1877              	.LVL176:
 1878              	.L134:
 816:Middlewares/ST/STM32_USB_Host_Library/Class/MSC/Src/usbh_msc.c ****   }
 1879              		.loc 1 816 13 view .LVU638
 1880 008e 0220     		movs	r0, #2
 1881              	.LVL177:
 1882              	.L129:
 836:Middlewares/ST/STM32_USB_Host_Library/Class/MSC/Src/usbh_msc.c **** }
 1883              		.loc 1 836 1 view .LVU639
 1884 0090 02B0     		add	sp, sp, #8
 1885              		.cfi_def_cfa_offset 24
 1886              		@ sp needed
 1887 0092 BDE8F081 		pop	{r4, r5, r6, r7, r8, pc}
 1888              		.loc 1 836 1 view .LVU640
 1889              		.cfi_endproc
 1890              	.LFE230:
ARM GAS  /tmp/ccPm0lWZ.s 			page 57


 1892              		.global	USBH_msc
 1893              		.section	.rodata.str1.4,"aMS",%progbits,1
 1894              		.align	2
 1895              	.LC0:
 1896 0000 4D534300 		.ascii	"MSC\000"
 1897              		.section	.data.USBH_msc,"aw"
 1898              		.align	2
 1901              	USBH_msc:
 1902 0000 00000000 		.word	.LC0
 1903 0004 08       		.byte	8
 1904 0005 000000   		.space	3
 1905 0008 00000000 		.word	USBH_MSC_InterfaceInit
 1906 000c 00000000 		.word	USBH_MSC_InterfaceDeInit
 1907 0010 00000000 		.word	USBH_MSC_ClassRequest
 1908 0014 00000000 		.word	USBH_MSC_Process
 1909 0018 00000000 		.word	USBH_MSC_SOFProcess
 1910 001c 00000000 		.word	0
 1911              		.text
 1912              	.Letext0:
 1913              		.file 2 "/usr/lib/gcc/arm-none-eabi/13.2.1/include/stddef.h"
 1914              		.file 3 "/usr/lib/gcc/arm-none-eabi/13.2.1/include/stdint.h"
 1915              		.file 4 "Middlewares/ST/STM32_USB_Host_Library/Core/Inc/usbh_def.h"
 1916              		.file 5 "Middlewares/ST/STM32_USB_Host_Library/Class/MSC/Inc/usbh_msc_bot.h"
 1917              		.file 6 "Middlewares/ST/STM32_USB_Host_Library/Class/MSC/Inc/usbh_msc_scsi.h"
 1918              		.file 7 "Middlewares/ST/STM32_USB_Host_Library/Class/MSC/Inc/usbh_msc.h"
 1919              		.file 8 "/usr/include/newlib/string.h"
 1920              		.file 9 "Middlewares/ST/STM32_USB_Host_Library/Core/Inc/usbh_core.h"
 1921              		.file 10 "Middlewares/ST/STM32_USB_Host_Library/Core/Inc/usbh_pipes.h"
 1922              		.file 11 "/usr/include/newlib/stdlib.h"
 1923              		.file 12 "Middlewares/ST/STM32_USB_Host_Library/Core/Inc/usbh_ctlreq.h"
 1924              		.file 13 "<built-in>"
ARM GAS  /tmp/ccPm0lWZ.s 			page 58


DEFINED SYMBOLS
                            *ABS*:00000000 usbh_msc.c
     /tmp/ccPm0lWZ.s:21     .text.USBH_MSC_SOFProcess:00000000 $t
     /tmp/ccPm0lWZ.s:26     .text.USBH_MSC_SOFProcess:00000000 USBH_MSC_SOFProcess
     /tmp/ccPm0lWZ.s:45     .text.USBH_MSC_Process:00000000 $t
     /tmp/ccPm0lWZ.s:50     .text.USBH_MSC_Process:00000000 USBH_MSC_Process
     /tmp/ccPm0lWZ.s:112    .text.USBH_MSC_Process:0000003e $d
     /tmp/ccPm0lWZ.s:121    .text.USBH_MSC_Process:00000050 $t
     /tmp/ccPm0lWZ.s:618    .text.USBH_MSC_ClassRequest:00000000 $t
     /tmp/ccPm0lWZ.s:623    .text.USBH_MSC_ClassRequest:00000000 USBH_MSC_ClassRequest
     /tmp/ccPm0lWZ.s:757    .text.USBH_MSC_InterfaceDeInit:00000000 $t
     /tmp/ccPm0lWZ.s:762    .text.USBH_MSC_InterfaceDeInit:00000000 USBH_MSC_InterfaceDeInit
     /tmp/ccPm0lWZ.s:851    .text.USBH_MSC_InterfaceInit:00000000 $t
     /tmp/ccPm0lWZ.s:856    .text.USBH_MSC_InterfaceInit:00000000 USBH_MSC_InterfaceInit
     /tmp/ccPm0lWZ.s:1093   .text.USBH_MSC_RdWrProcess:00000000 $t
     /tmp/ccPm0lWZ.s:1098   .text.USBH_MSC_RdWrProcess:00000000 USBH_MSC_RdWrProcess
     /tmp/ccPm0lWZ.s:1348   .text.USBH_MSC_IsReady:00000000 $t
     /tmp/ccPm0lWZ.s:1354   .text.USBH_MSC_IsReady:00000000 USBH_MSC_IsReady
     /tmp/ccPm0lWZ.s:1398   .text.USBH_MSC_GetMaxLUN:00000000 $t
     /tmp/ccPm0lWZ.s:1404   .text.USBH_MSC_GetMaxLUN:00000000 USBH_MSC_GetMaxLUN
     /tmp/ccPm0lWZ.s:1454   .text.USBH_MSC_UnitIsReady:00000000 $t
     /tmp/ccPm0lWZ.s:1460   .text.USBH_MSC_UnitIsReady:00000000 USBH_MSC_UnitIsReady
     /tmp/ccPm0lWZ.s:1514   .text.USBH_MSC_GetLUNInfo:00000000 $t
     /tmp/ccPm0lWZ.s:1520   .text.USBH_MSC_GetLUNInfo:00000000 USBH_MSC_GetLUNInfo
     /tmp/ccPm0lWZ.s:1589   .text.USBH_MSC_Read:00000000 $t
     /tmp/ccPm0lWZ.s:1595   .text.USBH_MSC_Read:00000000 USBH_MSC_Read
     /tmp/ccPm0lWZ.s:1741   .text.USBH_MSC_Write:00000000 $t
     /tmp/ccPm0lWZ.s:1747   .text.USBH_MSC_Write:00000000 USBH_MSC_Write
     /tmp/ccPm0lWZ.s:1901   .data.USBH_msc:00000000 USBH_msc
     /tmp/ccPm0lWZ.s:1894   .rodata.str1.4:00000000 $d
     /tmp/ccPm0lWZ.s:1898   .data.USBH_msc:00000000 $d
                           .group:00000000 wm4.0.a2c88c0e0e60094af2c84dce921779d2
                           .group:00000000 wm4._newlib_version.h.4.411db44ea2338a62eca2f0777f81481b
                           .group:00000000 wm4.newlib.h.27.c836a31b4651d2e2221512767dba946d
                           .group:00000000 wm4.ieeefp.h.77.5ad60f72ea25fc152400b550ac118212
                           .group:00000000 wm4.features.h.22.4e5514d51694f64cae235f84d9e565a5
                           .group:00000000 wm4.config.h.224.88344135d9de3e7ea139102cd6493448
                           .group:00000000 wm4._ansi.h.31.de524f58584151836e90d8620a16f8e8
                           .group:00000000 wm4.stdio.h.31.7c0e28c411445f3f9c5b11accf882760
                           .group:00000000 wm4._default_types.h.6.959254cf5f09734ea7516c89e8bb21bd
                           .group:00000000 wm4.stddef.h.185.cbb642e1ccd385e8aa504b15cb7fb086
                           .group:00000000 wm4.cdefs.h.49.70fc7af612f78ddcace70fdd90b5623b
                           .group:00000000 wm4.stddef.h.39.6817658cc6bc4c7c8354d2009e4a5777
                           .group:00000000 wm4.stdarg.h.34.3a23a216c0c293b3d2ea2e89281481e6
                           .group:00000000 wm4._types.h.20.dd0d04dca3800a0d2a6129b87f3adbb2
                           .group:00000000 wm4.stddef.h.158.6f8e08a347b1cff664332fa350bfceb3
                           .group:00000000 wm4._types.h.127.3bdfe3ff8ea2d0985b03d9cbe93480e3
                           .group:00000000 wm4.reent.h.18.25503cdc8b7e55dd0d6ea7b3e5af7a03
                           .group:00000000 wm4.lock.h.2.c0958401bd0ce484d507ee19aacab817
                           .group:00000000 wm4.reent.h.78.ffae6115d9409cbff6542f042d93715e
                           .group:00000000 wm4.assert.h.11.db24e541f16414db224bf986d21017e2
                           .group:00000000 wm4.reent.h.460.dc5a3362e34409fa841b38093e890350
                           .group:00000000 wm4.stdio.h.67.0cf8a9c281ab0b348aef5c02e7e48825
                           .group:00000000 wm4.stdio.h.2.4aa87247282eca6c8f36f9de33d8df1a
                           .group:00000000 wm4.stdio.h.87.408e5d973372126daeef099c555b2753
                           .group:00000000 wm4.stdlib.h.13.4ed386f5c1a80d71e72172885d946ef2
                           .group:00000000 wm4.stddef.h.158.eec8bf00b5213f43d095cb984c5f22e3
ARM GAS  /tmp/ccPm0lWZ.s 			page 59


                           .group:00000000 wm4.alloca.h.8.dfc0c703c47ec3e69746825b17d9e66d
                           .group:00000000 wm4.stdlib.h.56.f4862cfbf4363a1db01842d5bdf72c18
                           .group:00000000 wm4.string.h.8.c4b8571ce60dff2817f43fec8b86aecd
                           .group:00000000 wm4.stm32f4xx_hal_conf.h.25.758a9f5dc6450f8647b5af7fe8eb27ed
                           .group:00000000 wm4.stm32f4xx.h.39.163e65267b4f964a08764289722b975f
                           .group:00000000 wm4.stm32f401xc.h.35.52d05665f5a2df9c1992e17eee7d2af5
                           .group:00000000 wm4.stdint.h.29.6d480f4ba0f60596e88234283d42444f
                           .group:00000000 wm4.cmsis_version.h.32.4d5822004c01a829a975260e854b5f8e
                           .group:00000000 wm4.core_cm4.h.66.e4ff136c4a17abc46741866f64f8e729
                           .group:00000000 wm4.cmsis_gcc.h.26.6774fe91202d65f4d5ffcff60e00da34
                           .group:00000000 wm4.core_cm4.h.174.059a5e001a9e729091d1407208e93224
                           .group:00000000 wm4.mpu_armv7.h.32.27b4593cb2f8d3152ca5d97a9d72b321
                           .group:00000000 wm4.stm32f401xc.h.636.9a664cc173dbe5d5f2dac1e758e3577d
                           .group:00000000 wm4.stm32f4xx.h.196.0b21137cf6c6923d8fd1f4d94a3bfdd4
                           .group:00000000 wm4.stm32_hal_legacy.h.23.e2601123cf1b2a3b6d11d949644ddf87
                           .group:00000000 wm4.stm32f4xx_hal_def.h.58.54897f0de68447ab41a176b2bea62238
                           .group:00000000 wm4.stm32f4xx_hal_rcc_ex.h.22.3f3b596cc307dc701c7c99b0fc6c9b58
                           .group:00000000 wm4.stm32f4xx_hal_rcc.h.108.b82c8c670b41d96b2920e2f63661be15
                           .group:00000000 wm4.stm32f4xx_hal_gpio.h.22.e47df9f0f5be4ddc2ed2d14042c5e680
                           .group:00000000 wm4.stm32f4xx_hal_gpio_ex.h.22.5014ee010492a350679453c3b4a59718
                           .group:00000000 wm4.stm32f4xx_hal_gpio.h.255.5b948d47ad1357d6d2213e5e5ca4755c
                           .group:00000000 wm4.stm32f4xx_hal_exti.h.22.1f47767199c5bf749c04088e5c61c9c8
                           .group:00000000 wm4.stm32f4xx_hal_dma.h.22.fffce20ac9119c50557659c75e75ab1c
                           .group:00000000 wm4.stm32f4xx_hal_dma.h.721.a1e57ffbc615f926e6509c5acc65e492
                           .group:00000000 wm4.stm32f4xx_hal_cortex.h.22.e6aa3b847b5388be63c32d1f9e696ef7
                           .group:00000000 wm4.stm32f4xx_ll_adc.h.22.a8e07f8509bbb4868e2c24461c7eee47
                           .group:00000000 wm4.stm32f4xx_hal_adc.h.160.ef18931a059b62efbac7762c6a09e47f
                           .group:00000000 wm4.stm32f4xx_hal_adc_ex.h.22.25ddc09ef7109b33adae2990f50c4304
                           .group:00000000 wm4.stm32f4xx_hal_adc.h.640.733b38c420d3407eb5f8ddd98816c661
                           .group:00000000 wm4.stm32f4xx_hal_flash.h.22.31b301be2655c3eb8583e51c8231544a
                           .group:00000000 wm4.stm32f4xx_hal_flash_ex.h.22.00cb5cb208d28a1f20f3b257a6f51bad
                           .group:00000000 wm4.stm32f4xx_hal_flash.h.363.51efdf0f6c88f683efb89d7cc95cc1be
                           .group:00000000 wm4.stm32f4xx_hal_pwr.h.22.2c27d93ae187efe3a73816f03a329970
                           .group:00000000 wm4.stm32f4xx_hal_pwr_ex.h.22.04eb3957e13ca6e5ed8952d2d168bdc0
                           .group:00000000 wm4.stm32f4xx_hal_pwr.h.337.60b43975c84527a23cb6994b23165a5e
                           .group:00000000 wm4.stm32f4xx_hal_uart.h.22.591b491756a19342b0bf79eea5b33e1b
                           .group:00000000 wm4.stm32f4xx_ll_usb.h.22.3497d8ac31b2bdafc7c2a34d860c4769
                           .group:00000000 wm4.stm32f4xx_hal_hcd.h.111.a51c3bd0d61d2d8cadb372f7c7d9eccb
                           .group:00000000 wm4.stm32f4xx_hal.h.72.a5a58188aa461a0614f1e58e159c7840
                           .group:00000000 wm4.main.h.71.bc0cb02e68a9e5487bd44975fd1506af
                           .group:00000000 wm4.usbh_conf.h.65.151c65329cc7c235ce65de2a3390581e
                           .group:00000000 wm4.usbh_def.h.22.880def0f14ab205d26992d2a2bb1bab8
                           .group:00000000 wm4.usbh_ioreq.h.50.0074542f2717bb439abbb8fd98a9701e
                           .group:00000000 wm4.usbh_ctlreq.h.22.9bfba4b97481aa4223fea2a82ac65e06
                           .group:00000000 wm4.usbh_core.h.55.ae1dc9825935c4c49bf309379b79900a
                           .group:00000000 wm4.usbh_msc_bot.h.22.39bce71efd529949dc3aa2f829731bb1
                           .group:00000000 wm4.usbh_msc_scsi.h.22.08451b08ada808d7ace91ebdd07a6a33
                           .group:00000000 wm4.usbh_msc.h.89.b5971865bf452589c8f1958913d76df6

UNDEFINED SYMBOLS
USBH_MSC_SCSI_Inquiry
USBH_MSC_SCSI_TestUnitReady
USBH_MSC_SCSI_ReadCapacity
USBH_MSC_SCSI_RequestSense
USBH_MSC_BOT_REQ_GetMaxLUN
USBH_ClrFeature
free
ARM GAS  /tmp/ccPm0lWZ.s 			page 60


USBH_ClosePipe
USBH_FreePipe
USBH_FindInterface
USBH_SelectInterface
malloc
memset
USBH_AllocPipe
USBH_MSC_BOT_Init
USBH_OpenPipe
USBH_LL_SetToggle
USBH_MSC_SCSI_Read
USBH_MSC_SCSI_Write
