ARM GAS  /tmp/ccgoRgjz.s 			page 1


   1              		.cpu cortex-m4
   2              		.arch armv7e-m
   3              		.fpu fpv4-sp-d16
   4              		.eabi_attribute 27, 1
   5              		.eabi_attribute 28, 1
   6              		.eabi_attribute 20, 1
   7              		.eabi_attribute 21, 1
   8              		.eabi_attribute 23, 3
   9              		.eabi_attribute 24, 1
  10              		.eabi_attribute 25, 1
  11              		.eabi_attribute 26, 1
  12              		.eabi_attribute 30, 1
  13              		.eabi_attribute 34, 1
  14              		.eabi_attribute 18, 4
  15              		.file	"usbh_conf.c"
  16              		.text
  17              	.Ltext0:
  18              		.cfi_sections	.debug_frame
  19              		.file 1 "USB_HOST/Target/usbh_conf.c"
  20              		.section	.text.HAL_HCD_MspInit,"ax",%progbits
  21              		.align	1
  22              		.global	HAL_HCD_MspInit
  23              		.syntax unified
  24              		.thumb
  25              		.thumb_func
  27              	HAL_HCD_MspInit:
  28              	.LVL0:
  29              	.LFB219:
   1:USB_HOST/Target/usbh_conf.c **** /* USER CODE BEGIN Header */
   2:USB_HOST/Target/usbh_conf.c **** /**
   3:USB_HOST/Target/usbh_conf.c ****   ******************************************************************************
   4:USB_HOST/Target/usbh_conf.c ****   * @file           : Target/usbh_conf.c
   5:USB_HOST/Target/usbh_conf.c ****   * @version        : v1.0_Cube
   6:USB_HOST/Target/usbh_conf.c ****   * @brief          : This file implements the board support package for the USB host library
   7:USB_HOST/Target/usbh_conf.c ****   ******************************************************************************
   8:USB_HOST/Target/usbh_conf.c ****   * @attention
   9:USB_HOST/Target/usbh_conf.c ****   *
  10:USB_HOST/Target/usbh_conf.c ****   * Copyright (c) 2022 STMicroelectronics.
  11:USB_HOST/Target/usbh_conf.c ****   * All rights reserved.
  12:USB_HOST/Target/usbh_conf.c ****   *
  13:USB_HOST/Target/usbh_conf.c ****   * This software is licensed under terms that can be found in the LICENSE file
  14:USB_HOST/Target/usbh_conf.c ****   * in the root directory of this software component.
  15:USB_HOST/Target/usbh_conf.c ****   * If no LICENSE file comes with this software, it is provided AS-IS.
  16:USB_HOST/Target/usbh_conf.c ****   *
  17:USB_HOST/Target/usbh_conf.c ****   ******************************************************************************
  18:USB_HOST/Target/usbh_conf.c ****   */
  19:USB_HOST/Target/usbh_conf.c **** /* USER CODE END Header */
  20:USB_HOST/Target/usbh_conf.c **** 
  21:USB_HOST/Target/usbh_conf.c **** /* Includes ------------------------------------------------------------------*/
  22:USB_HOST/Target/usbh_conf.c **** #include "usbh_core.h"
  23:USB_HOST/Target/usbh_conf.c **** 
  24:USB_HOST/Target/usbh_conf.c **** /* USER CODE BEGIN Includes */
  25:USB_HOST/Target/usbh_conf.c **** 
  26:USB_HOST/Target/usbh_conf.c **** /* USER CODE END Includes */
  27:USB_HOST/Target/usbh_conf.c **** 
  28:USB_HOST/Target/usbh_conf.c **** /* Private typedef -----------------------------------------------------------*/
  29:USB_HOST/Target/usbh_conf.c **** /* Private define ------------------------------------------------------------*/
ARM GAS  /tmp/ccgoRgjz.s 			page 2


  30:USB_HOST/Target/usbh_conf.c **** /* Private macro -------------------------------------------------------------*/
  31:USB_HOST/Target/usbh_conf.c **** 
  32:USB_HOST/Target/usbh_conf.c **** /* USER CODE BEGIN PV */
  33:USB_HOST/Target/usbh_conf.c **** /* Private variables ---------------------------------------------------------*/
  34:USB_HOST/Target/usbh_conf.c **** 
  35:USB_HOST/Target/usbh_conf.c **** /* USER CODE END PV */
  36:USB_HOST/Target/usbh_conf.c **** 
  37:USB_HOST/Target/usbh_conf.c **** HCD_HandleTypeDef hhcd_USB_OTG_FS;
  38:USB_HOST/Target/usbh_conf.c **** void Error_Handler(void);
  39:USB_HOST/Target/usbh_conf.c **** 
  40:USB_HOST/Target/usbh_conf.c **** /* USER CODE BEGIN 0 */
  41:USB_HOST/Target/usbh_conf.c **** 
  42:USB_HOST/Target/usbh_conf.c **** /* USER CODE END 0 */
  43:USB_HOST/Target/usbh_conf.c **** 
  44:USB_HOST/Target/usbh_conf.c **** /* USER CODE BEGIN PFP */
  45:USB_HOST/Target/usbh_conf.c **** /* Private function prototypes -----------------------------------------------*/
  46:USB_HOST/Target/usbh_conf.c **** USBH_StatusTypeDef USBH_Get_USB_Status(HAL_StatusTypeDef hal_status);
  47:USB_HOST/Target/usbh_conf.c **** 
  48:USB_HOST/Target/usbh_conf.c **** /* USER CODE END PFP */
  49:USB_HOST/Target/usbh_conf.c **** 
  50:USB_HOST/Target/usbh_conf.c **** /* Private functions ---------------------------------------------------------*/
  51:USB_HOST/Target/usbh_conf.c **** 
  52:USB_HOST/Target/usbh_conf.c **** /* USER CODE BEGIN 1 */
  53:USB_HOST/Target/usbh_conf.c **** 
  54:USB_HOST/Target/usbh_conf.c **** /* USER CODE END 1 */
  55:USB_HOST/Target/usbh_conf.c **** 
  56:USB_HOST/Target/usbh_conf.c **** /*******************************************************************************
  57:USB_HOST/Target/usbh_conf.c ****                        LL Driver Callbacks (HCD -> USB Host Library)
  58:USB_HOST/Target/usbh_conf.c **** *******************************************************************************/
  59:USB_HOST/Target/usbh_conf.c **** /* MSP Init */
  60:USB_HOST/Target/usbh_conf.c **** 
  61:USB_HOST/Target/usbh_conf.c **** void HAL_HCD_MspInit(HCD_HandleTypeDef* hcdHandle)
  62:USB_HOST/Target/usbh_conf.c **** {
  30              		.loc 1 62 1 view -0
  31              		.cfi_startproc
  32              		@ args = 0, pretend = 0, frame = 32
  33              		@ frame_needed = 0, uses_anonymous_args = 0
  34              		.loc 1 62 1 is_stmt 0 view .LVU1
  35 0000 30B5     		push	{r4, r5, lr}
  36              		.cfi_def_cfa_offset 12
  37              		.cfi_offset 4, -12
  38              		.cfi_offset 5, -8
  39              		.cfi_offset 14, -4
  40 0002 89B0     		sub	sp, sp, #36
  41              		.cfi_def_cfa_offset 48
  63:USB_HOST/Target/usbh_conf.c ****   GPIO_InitTypeDef GPIO_InitStruct = {0};
  42              		.loc 1 63 3 is_stmt 1 view .LVU2
  43              		.loc 1 63 20 is_stmt 0 view .LVU3
  44 0004 0023     		movs	r3, #0
  45 0006 0393     		str	r3, [sp, #12]
  46 0008 0493     		str	r3, [sp, #16]
  47 000a 0593     		str	r3, [sp, #20]
  48 000c 0693     		str	r3, [sp, #24]
  49 000e 0793     		str	r3, [sp, #28]
  64:USB_HOST/Target/usbh_conf.c ****   if(hcdHandle->Instance==USB_OTG_FS)
  50              		.loc 1 64 3 is_stmt 1 view .LVU4
  51              		.loc 1 64 15 is_stmt 0 view .LVU5
ARM GAS  /tmp/ccgoRgjz.s 			page 3


  52 0010 0368     		ldr	r3, [r0]
  53              		.loc 1 64 5 view .LVU6
  54 0012 B3F1A04F 		cmp	r3, #1342177280
  55 0016 01D0     		beq	.L4
  56              	.LVL1:
  57              	.L1:
  65:USB_HOST/Target/usbh_conf.c ****   {
  66:USB_HOST/Target/usbh_conf.c ****   /* USER CODE BEGIN USB_OTG_FS_MspInit 0 */
  67:USB_HOST/Target/usbh_conf.c **** 
  68:USB_HOST/Target/usbh_conf.c ****   /* USER CODE END USB_OTG_FS_MspInit 0 */
  69:USB_HOST/Target/usbh_conf.c **** 
  70:USB_HOST/Target/usbh_conf.c ****     __HAL_RCC_GPIOA_CLK_ENABLE();
  71:USB_HOST/Target/usbh_conf.c ****     /**USB_OTG_FS GPIO Configuration
  72:USB_HOST/Target/usbh_conf.c ****     PA11     ------> USB_OTG_FS_DM
  73:USB_HOST/Target/usbh_conf.c ****     PA12     ------> USB_OTG_FS_DP
  74:USB_HOST/Target/usbh_conf.c ****     */
  75:USB_HOST/Target/usbh_conf.c ****     GPIO_InitStruct.Pin = GPIO_PIN_11|GPIO_PIN_12;
  76:USB_HOST/Target/usbh_conf.c ****     GPIO_InitStruct.Mode = GPIO_MODE_AF_PP;
  77:USB_HOST/Target/usbh_conf.c ****     GPIO_InitStruct.Pull = GPIO_NOPULL;
  78:USB_HOST/Target/usbh_conf.c ****     GPIO_InitStruct.Speed = GPIO_SPEED_FREQ_VERY_HIGH;
  79:USB_HOST/Target/usbh_conf.c ****     GPIO_InitStruct.Alternate = GPIO_AF10_OTG_FS;
  80:USB_HOST/Target/usbh_conf.c ****     HAL_GPIO_Init(GPIOA, &GPIO_InitStruct);
  81:USB_HOST/Target/usbh_conf.c **** 
  82:USB_HOST/Target/usbh_conf.c ****     /* Peripheral clock enable */
  83:USB_HOST/Target/usbh_conf.c ****     __HAL_RCC_USB_OTG_FS_CLK_ENABLE();
  84:USB_HOST/Target/usbh_conf.c **** 
  85:USB_HOST/Target/usbh_conf.c ****     /* Peripheral interrupt init */
  86:USB_HOST/Target/usbh_conf.c ****     HAL_NVIC_SetPriority(OTG_FS_IRQn, 0, 0);
  87:USB_HOST/Target/usbh_conf.c ****     HAL_NVIC_EnableIRQ(OTG_FS_IRQn);
  88:USB_HOST/Target/usbh_conf.c ****   /* USER CODE BEGIN USB_OTG_FS_MspInit 1 */
  89:USB_HOST/Target/usbh_conf.c **** 
  90:USB_HOST/Target/usbh_conf.c ****   /* USER CODE END USB_OTG_FS_MspInit 1 */
  91:USB_HOST/Target/usbh_conf.c ****   }
  92:USB_HOST/Target/usbh_conf.c **** }
  58              		.loc 1 92 1 view .LVU7
  59 0018 09B0     		add	sp, sp, #36
  60              		.cfi_remember_state
  61              		.cfi_def_cfa_offset 12
  62              		@ sp needed
  63 001a 30BD     		pop	{r4, r5, pc}
  64              	.LVL2:
  65              	.L4:
  66              		.cfi_restore_state
  70:USB_HOST/Target/usbh_conf.c ****     /**USB_OTG_FS GPIO Configuration
  67              		.loc 1 70 5 is_stmt 1 view .LVU8
  68              	.LBB2:
  70:USB_HOST/Target/usbh_conf.c ****     /**USB_OTG_FS GPIO Configuration
  69              		.loc 1 70 5 view .LVU9
  70 001c 0025     		movs	r5, #0
  71 001e 0195     		str	r5, [sp, #4]
  70:USB_HOST/Target/usbh_conf.c ****     /**USB_OTG_FS GPIO Configuration
  72              		.loc 1 70 5 view .LVU10
  73 0020 164C     		ldr	r4, .L5
  74 0022 236B     		ldr	r3, [r4, #48]
  75 0024 43F00103 		orr	r3, r3, #1
  76 0028 2363     		str	r3, [r4, #48]
  70:USB_HOST/Target/usbh_conf.c ****     /**USB_OTG_FS GPIO Configuration
ARM GAS  /tmp/ccgoRgjz.s 			page 4


  77              		.loc 1 70 5 view .LVU11
  78 002a 236B     		ldr	r3, [r4, #48]
  79 002c 03F00103 		and	r3, r3, #1
  80 0030 0193     		str	r3, [sp, #4]
  70:USB_HOST/Target/usbh_conf.c ****     /**USB_OTG_FS GPIO Configuration
  81              		.loc 1 70 5 view .LVU12
  82 0032 019B     		ldr	r3, [sp, #4]
  83              	.LBE2:
  70:USB_HOST/Target/usbh_conf.c ****     /**USB_OTG_FS GPIO Configuration
  84              		.loc 1 70 5 view .LVU13
  75:USB_HOST/Target/usbh_conf.c ****     GPIO_InitStruct.Mode = GPIO_MODE_AF_PP;
  85              		.loc 1 75 5 view .LVU14
  75:USB_HOST/Target/usbh_conf.c ****     GPIO_InitStruct.Mode = GPIO_MODE_AF_PP;
  86              		.loc 1 75 25 is_stmt 0 view .LVU15
  87 0034 4FF4C053 		mov	r3, #6144
  88 0038 0393     		str	r3, [sp, #12]
  76:USB_HOST/Target/usbh_conf.c ****     GPIO_InitStruct.Pull = GPIO_NOPULL;
  89              		.loc 1 76 5 is_stmt 1 view .LVU16
  76:USB_HOST/Target/usbh_conf.c ****     GPIO_InitStruct.Pull = GPIO_NOPULL;
  90              		.loc 1 76 26 is_stmt 0 view .LVU17
  91 003a 0223     		movs	r3, #2
  92 003c 0493     		str	r3, [sp, #16]
  77:USB_HOST/Target/usbh_conf.c ****     GPIO_InitStruct.Speed = GPIO_SPEED_FREQ_VERY_HIGH;
  93              		.loc 1 77 5 is_stmt 1 view .LVU18
  78:USB_HOST/Target/usbh_conf.c ****     GPIO_InitStruct.Alternate = GPIO_AF10_OTG_FS;
  94              		.loc 1 78 5 view .LVU19
  78:USB_HOST/Target/usbh_conf.c ****     GPIO_InitStruct.Alternate = GPIO_AF10_OTG_FS;
  95              		.loc 1 78 27 is_stmt 0 view .LVU20
  96 003e 0323     		movs	r3, #3
  97 0040 0693     		str	r3, [sp, #24]
  79:USB_HOST/Target/usbh_conf.c ****     HAL_GPIO_Init(GPIOA, &GPIO_InitStruct);
  98              		.loc 1 79 5 is_stmt 1 view .LVU21
  79:USB_HOST/Target/usbh_conf.c ****     HAL_GPIO_Init(GPIOA, &GPIO_InitStruct);
  99              		.loc 1 79 31 is_stmt 0 view .LVU22
 100 0042 0A23     		movs	r3, #10
 101 0044 0793     		str	r3, [sp, #28]
  80:USB_HOST/Target/usbh_conf.c **** 
 102              		.loc 1 80 5 is_stmt 1 view .LVU23
 103 0046 03A9     		add	r1, sp, #12
 104 0048 0D48     		ldr	r0, .L5+4
 105              	.LVL3:
  80:USB_HOST/Target/usbh_conf.c **** 
 106              		.loc 1 80 5 is_stmt 0 view .LVU24
 107 004a FFF7FEFF 		bl	HAL_GPIO_Init
 108              	.LVL4:
  83:USB_HOST/Target/usbh_conf.c **** 
 109              		.loc 1 83 5 is_stmt 1 view .LVU25
  83:USB_HOST/Target/usbh_conf.c **** 
 110              		.loc 1 83 5 view .LVU26
 111 004e 636B     		ldr	r3, [r4, #52]
 112 0050 43F08003 		orr	r3, r3, #128
 113 0054 6363     		str	r3, [r4, #52]
  83:USB_HOST/Target/usbh_conf.c **** 
 114              		.loc 1 83 5 view .LVU27
 115              	.LBB3:
  83:USB_HOST/Target/usbh_conf.c **** 
 116              		.loc 1 83 5 view .LVU28
ARM GAS  /tmp/ccgoRgjz.s 			page 5


 117 0056 0295     		str	r5, [sp, #8]
  83:USB_HOST/Target/usbh_conf.c **** 
 118              		.loc 1 83 5 view .LVU29
 119 0058 636C     		ldr	r3, [r4, #68]
 120 005a 43F48043 		orr	r3, r3, #16384
 121 005e 6364     		str	r3, [r4, #68]
  83:USB_HOST/Target/usbh_conf.c **** 
 122              		.loc 1 83 5 view .LVU30
 123 0060 636C     		ldr	r3, [r4, #68]
 124 0062 03F48043 		and	r3, r3, #16384
 125 0066 0293     		str	r3, [sp, #8]
  83:USB_HOST/Target/usbh_conf.c **** 
 126              		.loc 1 83 5 view .LVU31
 127 0068 029B     		ldr	r3, [sp, #8]
 128              	.LBE3:
  83:USB_HOST/Target/usbh_conf.c **** 
 129              		.loc 1 83 5 view .LVU32
  83:USB_HOST/Target/usbh_conf.c **** 
 130              		.loc 1 83 5 view .LVU33
  86:USB_HOST/Target/usbh_conf.c ****     HAL_NVIC_EnableIRQ(OTG_FS_IRQn);
 131              		.loc 1 86 5 view .LVU34
 132 006a 2A46     		mov	r2, r5
 133 006c 2946     		mov	r1, r5
 134 006e 4320     		movs	r0, #67
 135 0070 FFF7FEFF 		bl	HAL_NVIC_SetPriority
 136              	.LVL5:
  87:USB_HOST/Target/usbh_conf.c ****   /* USER CODE BEGIN USB_OTG_FS_MspInit 1 */
 137              		.loc 1 87 5 view .LVU35
 138 0074 4320     		movs	r0, #67
 139 0076 FFF7FEFF 		bl	HAL_NVIC_EnableIRQ
 140              	.LVL6:
 141              		.loc 1 92 1 is_stmt 0 view .LVU36
 142 007a CDE7     		b	.L1
 143              	.L6:
 144              		.align	2
 145              	.L5:
 146 007c 00380240 		.word	1073887232
 147 0080 00000240 		.word	1073872896
 148              		.cfi_endproc
 149              	.LFE219:
 151              		.section	.text.HAL_HCD_MspDeInit,"ax",%progbits
 152              		.align	1
 153              		.global	HAL_HCD_MspDeInit
 154              		.syntax unified
 155              		.thumb
 156              		.thumb_func
 158              	HAL_HCD_MspDeInit:
 159              	.LVL7:
 160              	.LFB220:
  93:USB_HOST/Target/usbh_conf.c **** 
  94:USB_HOST/Target/usbh_conf.c **** void HAL_HCD_MspDeInit(HCD_HandleTypeDef* hcdHandle)
  95:USB_HOST/Target/usbh_conf.c **** {
 161              		.loc 1 95 1 is_stmt 1 view -0
 162              		.cfi_startproc
 163              		@ args = 0, pretend = 0, frame = 0
 164              		@ frame_needed = 0, uses_anonymous_args = 0
 165              		.loc 1 95 1 is_stmt 0 view .LVU38
ARM GAS  /tmp/ccgoRgjz.s 			page 6


 166 0000 08B5     		push	{r3, lr}
 167              		.cfi_def_cfa_offset 8
 168              		.cfi_offset 3, -8
 169              		.cfi_offset 14, -4
  96:USB_HOST/Target/usbh_conf.c ****   if(hcdHandle->Instance==USB_OTG_FS)
 170              		.loc 1 96 3 is_stmt 1 view .LVU39
 171              		.loc 1 96 15 is_stmt 0 view .LVU40
 172 0002 0368     		ldr	r3, [r0]
 173              		.loc 1 96 5 view .LVU41
 174 0004 B3F1A04F 		cmp	r3, #1342177280
 175 0008 00D0     		beq	.L10
 176              	.LVL8:
 177              	.L7:
  97:USB_HOST/Target/usbh_conf.c ****   {
  98:USB_HOST/Target/usbh_conf.c ****   /* USER CODE BEGIN USB_OTG_FS_MspDeInit 0 */
  99:USB_HOST/Target/usbh_conf.c **** 
 100:USB_HOST/Target/usbh_conf.c ****   /* USER CODE END USB_OTG_FS_MspDeInit 0 */
 101:USB_HOST/Target/usbh_conf.c ****     /* Peripheral clock disable */
 102:USB_HOST/Target/usbh_conf.c ****     __HAL_RCC_USB_OTG_FS_CLK_DISABLE();
 103:USB_HOST/Target/usbh_conf.c **** 
 104:USB_HOST/Target/usbh_conf.c ****     /**USB_OTG_FS GPIO Configuration
 105:USB_HOST/Target/usbh_conf.c ****     PA11     ------> USB_OTG_FS_DM
 106:USB_HOST/Target/usbh_conf.c ****     PA12     ------> USB_OTG_FS_DP
 107:USB_HOST/Target/usbh_conf.c ****     */
 108:USB_HOST/Target/usbh_conf.c ****     HAL_GPIO_DeInit(GPIOA, GPIO_PIN_11|GPIO_PIN_12);
 109:USB_HOST/Target/usbh_conf.c **** 
 110:USB_HOST/Target/usbh_conf.c ****     /* Peripheral interrupt Deinit*/
 111:USB_HOST/Target/usbh_conf.c ****     HAL_NVIC_DisableIRQ(OTG_FS_IRQn);
 112:USB_HOST/Target/usbh_conf.c **** 
 113:USB_HOST/Target/usbh_conf.c ****   /* USER CODE BEGIN USB_OTG_FS_MspDeInit 1 */
 114:USB_HOST/Target/usbh_conf.c **** 
 115:USB_HOST/Target/usbh_conf.c ****   /* USER CODE END USB_OTG_FS_MspDeInit 1 */
 116:USB_HOST/Target/usbh_conf.c ****   }
 117:USB_HOST/Target/usbh_conf.c **** }
 178              		.loc 1 117 1 view .LVU42
 179 000a 08BD     		pop	{r3, pc}
 180              	.LVL9:
 181              	.L10:
 102:USB_HOST/Target/usbh_conf.c **** 
 182              		.loc 1 102 5 is_stmt 1 view .LVU43
 183 000c 064A     		ldr	r2, .L11
 184 000e 536B     		ldr	r3, [r2, #52]
 185 0010 23F08003 		bic	r3, r3, #128
 186 0014 5363     		str	r3, [r2, #52]
 108:USB_HOST/Target/usbh_conf.c **** 
 187              		.loc 1 108 5 view .LVU44
 188 0016 4FF4C051 		mov	r1, #6144
 189 001a 0448     		ldr	r0, .L11+4
 190              	.LVL10:
 108:USB_HOST/Target/usbh_conf.c **** 
 191              		.loc 1 108 5 is_stmt 0 view .LVU45
 192 001c FFF7FEFF 		bl	HAL_GPIO_DeInit
 193              	.LVL11:
 111:USB_HOST/Target/usbh_conf.c **** 
 194              		.loc 1 111 5 is_stmt 1 view .LVU46
 195 0020 4320     		movs	r0, #67
 196 0022 FFF7FEFF 		bl	HAL_NVIC_DisableIRQ
ARM GAS  /tmp/ccgoRgjz.s 			page 7


 197              	.LVL12:
 198              		.loc 1 117 1 is_stmt 0 view .LVU47
 199 0026 F0E7     		b	.L7
 200              	.L12:
 201              		.align	2
 202              	.L11:
 203 0028 00380240 		.word	1073887232
 204 002c 00000240 		.word	1073872896
 205              		.cfi_endproc
 206              	.LFE220:
 208              		.section	.text.HAL_HCD_SOF_Callback,"ax",%progbits
 209              		.align	1
 210              		.global	HAL_HCD_SOF_Callback
 211              		.syntax unified
 212              		.thumb
 213              		.thumb_func
 215              	HAL_HCD_SOF_Callback:
 216              	.LVL13:
 217              	.LFB221:
 118:USB_HOST/Target/usbh_conf.c **** 
 119:USB_HOST/Target/usbh_conf.c **** /**
 120:USB_HOST/Target/usbh_conf.c ****   * @brief  SOF callback.
 121:USB_HOST/Target/usbh_conf.c ****   * @param  hhcd: HCD handle
 122:USB_HOST/Target/usbh_conf.c ****   * @retval None
 123:USB_HOST/Target/usbh_conf.c ****   */
 124:USB_HOST/Target/usbh_conf.c **** void HAL_HCD_SOF_Callback(HCD_HandleTypeDef *hhcd)
 125:USB_HOST/Target/usbh_conf.c **** {
 218              		.loc 1 125 1 is_stmt 1 view -0
 219              		.cfi_startproc
 220              		@ args = 0, pretend = 0, frame = 0
 221              		@ frame_needed = 0, uses_anonymous_args = 0
 222              		.loc 1 125 1 is_stmt 0 view .LVU49
 223 0000 08B5     		push	{r3, lr}
 224              		.cfi_def_cfa_offset 8
 225              		.cfi_offset 3, -8
 226              		.cfi_offset 14, -4
 126:USB_HOST/Target/usbh_conf.c ****   USBH_LL_IncTimer(hhcd->pData);
 227              		.loc 1 126 3 is_stmt 1 view .LVU50
 228 0002 D0F80003 		ldr	r0, [r0, #768]
 229              	.LVL14:
 230              		.loc 1 126 3 is_stmt 0 view .LVU51
 231 0006 FFF7FEFF 		bl	USBH_LL_IncTimer
 232              	.LVL15:
 127:USB_HOST/Target/usbh_conf.c **** }
 233              		.loc 1 127 1 view .LVU52
 234 000a 08BD     		pop	{r3, pc}
 235              		.cfi_endproc
 236              	.LFE221:
 238              		.section	.text.HAL_HCD_Connect_Callback,"ax",%progbits
 239              		.align	1
 240              		.global	HAL_HCD_Connect_Callback
 241              		.syntax unified
 242              		.thumb
 243              		.thumb_func
 245              	HAL_HCD_Connect_Callback:
 246              	.LVL16:
 247              	.LFB222:
ARM GAS  /tmp/ccgoRgjz.s 			page 8


 128:USB_HOST/Target/usbh_conf.c **** 
 129:USB_HOST/Target/usbh_conf.c **** /**
 130:USB_HOST/Target/usbh_conf.c ****   * @brief  SOF callback.
 131:USB_HOST/Target/usbh_conf.c ****   * @param  hhcd: HCD handle
 132:USB_HOST/Target/usbh_conf.c ****   * @retval None
 133:USB_HOST/Target/usbh_conf.c ****   */
 134:USB_HOST/Target/usbh_conf.c **** void HAL_HCD_Connect_Callback(HCD_HandleTypeDef *hhcd)
 135:USB_HOST/Target/usbh_conf.c **** {
 248              		.loc 1 135 1 is_stmt 1 view -0
 249              		.cfi_startproc
 250              		@ args = 0, pretend = 0, frame = 0
 251              		@ frame_needed = 0, uses_anonymous_args = 0
 252              		.loc 1 135 1 is_stmt 0 view .LVU54
 253 0000 08B5     		push	{r3, lr}
 254              		.cfi_def_cfa_offset 8
 255              		.cfi_offset 3, -8
 256              		.cfi_offset 14, -4
 136:USB_HOST/Target/usbh_conf.c ****   USBH_LL_Connect(hhcd->pData);
 257              		.loc 1 136 3 is_stmt 1 view .LVU55
 258 0002 D0F80003 		ldr	r0, [r0, #768]
 259              	.LVL17:
 260              		.loc 1 136 3 is_stmt 0 view .LVU56
 261 0006 FFF7FEFF 		bl	USBH_LL_Connect
 262              	.LVL18:
 137:USB_HOST/Target/usbh_conf.c **** }
 263              		.loc 1 137 1 view .LVU57
 264 000a 08BD     		pop	{r3, pc}
 265              		.cfi_endproc
 266              	.LFE222:
 268              		.section	.text.HAL_HCD_Disconnect_Callback,"ax",%progbits
 269              		.align	1
 270              		.global	HAL_HCD_Disconnect_Callback
 271              		.syntax unified
 272              		.thumb
 273              		.thumb_func
 275              	HAL_HCD_Disconnect_Callback:
 276              	.LVL19:
 277              	.LFB223:
 138:USB_HOST/Target/usbh_conf.c **** 
 139:USB_HOST/Target/usbh_conf.c **** /**
 140:USB_HOST/Target/usbh_conf.c ****   * @brief  SOF callback.
 141:USB_HOST/Target/usbh_conf.c ****   * @param  hhcd: HCD handle
 142:USB_HOST/Target/usbh_conf.c ****   * @retval None
 143:USB_HOST/Target/usbh_conf.c ****   */
 144:USB_HOST/Target/usbh_conf.c **** void HAL_HCD_Disconnect_Callback(HCD_HandleTypeDef *hhcd)
 145:USB_HOST/Target/usbh_conf.c **** {
 278              		.loc 1 145 1 is_stmt 1 view -0
 279              		.cfi_startproc
 280              		@ args = 0, pretend = 0, frame = 0
 281              		@ frame_needed = 0, uses_anonymous_args = 0
 282              		.loc 1 145 1 is_stmt 0 view .LVU59
 283 0000 08B5     		push	{r3, lr}
 284              		.cfi_def_cfa_offset 8
 285              		.cfi_offset 3, -8
 286              		.cfi_offset 14, -4
 146:USB_HOST/Target/usbh_conf.c ****   USBH_LL_Disconnect(hhcd->pData);
 287              		.loc 1 146 3 is_stmt 1 view .LVU60
ARM GAS  /tmp/ccgoRgjz.s 			page 9


 288 0002 D0F80003 		ldr	r0, [r0, #768]
 289              	.LVL20:
 290              		.loc 1 146 3 is_stmt 0 view .LVU61
 291 0006 FFF7FEFF 		bl	USBH_LL_Disconnect
 292              	.LVL21:
 147:USB_HOST/Target/usbh_conf.c **** }
 293              		.loc 1 147 1 view .LVU62
 294 000a 08BD     		pop	{r3, pc}
 295              		.cfi_endproc
 296              	.LFE223:
 298              		.section	.text.HAL_HCD_HC_NotifyURBChange_Callback,"ax",%progbits
 299              		.align	1
 300              		.global	HAL_HCD_HC_NotifyURBChange_Callback
 301              		.syntax unified
 302              		.thumb
 303              		.thumb_func
 305              	HAL_HCD_HC_NotifyURBChange_Callback:
 306              	.LVL22:
 307              	.LFB224:
 148:USB_HOST/Target/usbh_conf.c **** 
 149:USB_HOST/Target/usbh_conf.c **** /**
 150:USB_HOST/Target/usbh_conf.c ****   * @brief  Notify URB state change callback.
 151:USB_HOST/Target/usbh_conf.c ****   * @param  hhcd: HCD handle
 152:USB_HOST/Target/usbh_conf.c ****   * @param  chnum: channel number
 153:USB_HOST/Target/usbh_conf.c ****   * @param  urb_state: state
 154:USB_HOST/Target/usbh_conf.c ****   * @retval None
 155:USB_HOST/Target/usbh_conf.c ****   */
 156:USB_HOST/Target/usbh_conf.c **** void HAL_HCD_HC_NotifyURBChange_Callback(HCD_HandleTypeDef *hhcd, uint8_t chnum, HCD_URBStateTypeDe
 157:USB_HOST/Target/usbh_conf.c **** {
 308              		.loc 1 157 1 is_stmt 1 view -0
 309              		.cfi_startproc
 310              		@ args = 0, pretend = 0, frame = 0
 311              		@ frame_needed = 0, uses_anonymous_args = 0
 312              		@ link register save eliminated.
 158:USB_HOST/Target/usbh_conf.c ****   /* To be used with OS to sync URB state with the global state machine */
 159:USB_HOST/Target/usbh_conf.c **** #if (USBH_USE_OS == 1)
 160:USB_HOST/Target/usbh_conf.c ****   USBH_LL_NotifyURBChange(hhcd->pData);
 161:USB_HOST/Target/usbh_conf.c **** #endif
 162:USB_HOST/Target/usbh_conf.c **** }
 313              		.loc 1 162 1 view .LVU64
 314 0000 7047     		bx	lr
 315              		.cfi_endproc
 316              	.LFE224:
 318              		.section	.text.HAL_HCD_PortEnabled_Callback,"ax",%progbits
 319              		.align	1
 320              		.global	HAL_HCD_PortEnabled_Callback
 321              		.syntax unified
 322              		.thumb
 323              		.thumb_func
 325              	HAL_HCD_PortEnabled_Callback:
 326              	.LVL23:
 327              	.LFB225:
 163:USB_HOST/Target/usbh_conf.c **** /**
 164:USB_HOST/Target/usbh_conf.c **** * @brief  Port Port Enabled callback.
 165:USB_HOST/Target/usbh_conf.c ****   * @param  hhcd: HCD handle
 166:USB_HOST/Target/usbh_conf.c ****   * @retval None
 167:USB_HOST/Target/usbh_conf.c ****   */
ARM GAS  /tmp/ccgoRgjz.s 			page 10


 168:USB_HOST/Target/usbh_conf.c **** void HAL_HCD_PortEnabled_Callback(HCD_HandleTypeDef *hhcd)
 169:USB_HOST/Target/usbh_conf.c **** {
 328              		.loc 1 169 1 view -0
 329              		.cfi_startproc
 330              		@ args = 0, pretend = 0, frame = 0
 331              		@ frame_needed = 0, uses_anonymous_args = 0
 332              		.loc 1 169 1 is_stmt 0 view .LVU66
 333 0000 08B5     		push	{r3, lr}
 334              		.cfi_def_cfa_offset 8
 335              		.cfi_offset 3, -8
 336              		.cfi_offset 14, -4
 170:USB_HOST/Target/usbh_conf.c ****   USBH_LL_PortEnabled(hhcd->pData);
 337              		.loc 1 170 3 is_stmt 1 view .LVU67
 338 0002 D0F80003 		ldr	r0, [r0, #768]
 339              	.LVL24:
 340              		.loc 1 170 3 is_stmt 0 view .LVU68
 341 0006 FFF7FEFF 		bl	USBH_LL_PortEnabled
 342              	.LVL25:
 171:USB_HOST/Target/usbh_conf.c **** }
 343              		.loc 1 171 1 view .LVU69
 344 000a 08BD     		pop	{r3, pc}
 345              		.cfi_endproc
 346              	.LFE225:
 348              		.section	.text.HAL_HCD_PortDisabled_Callback,"ax",%progbits
 349              		.align	1
 350              		.global	HAL_HCD_PortDisabled_Callback
 351              		.syntax unified
 352              		.thumb
 353              		.thumb_func
 355              	HAL_HCD_PortDisabled_Callback:
 356              	.LVL26:
 357              	.LFB226:
 172:USB_HOST/Target/usbh_conf.c **** 
 173:USB_HOST/Target/usbh_conf.c **** /**
 174:USB_HOST/Target/usbh_conf.c ****   * @brief  Port Port Disabled callback.
 175:USB_HOST/Target/usbh_conf.c ****   * @param  hhcd: HCD handle
 176:USB_HOST/Target/usbh_conf.c ****   * @retval None
 177:USB_HOST/Target/usbh_conf.c ****   */
 178:USB_HOST/Target/usbh_conf.c **** void HAL_HCD_PortDisabled_Callback(HCD_HandleTypeDef *hhcd)
 179:USB_HOST/Target/usbh_conf.c **** {
 358              		.loc 1 179 1 is_stmt 1 view -0
 359              		.cfi_startproc
 360              		@ args = 0, pretend = 0, frame = 0
 361              		@ frame_needed = 0, uses_anonymous_args = 0
 362              		.loc 1 179 1 is_stmt 0 view .LVU71
 363 0000 08B5     		push	{r3, lr}
 364              		.cfi_def_cfa_offset 8
 365              		.cfi_offset 3, -8
 366              		.cfi_offset 14, -4
 180:USB_HOST/Target/usbh_conf.c ****   USBH_LL_PortDisabled(hhcd->pData);
 367              		.loc 1 180 3 is_stmt 1 view .LVU72
 368 0002 D0F80003 		ldr	r0, [r0, #768]
 369              	.LVL27:
 370              		.loc 1 180 3 is_stmt 0 view .LVU73
 371 0006 FFF7FEFF 		bl	USBH_LL_PortDisabled
 372              	.LVL28:
 181:USB_HOST/Target/usbh_conf.c **** }
ARM GAS  /tmp/ccgoRgjz.s 			page 11


 373              		.loc 1 181 1 view .LVU74
 374 000a 08BD     		pop	{r3, pc}
 375              		.cfi_endproc
 376              	.LFE226:
 378              		.section	.text.USBH_LL_Init,"ax",%progbits
 379              		.align	1
 380              		.global	USBH_LL_Init
 381              		.syntax unified
 382              		.thumb
 383              		.thumb_func
 385              	USBH_LL_Init:
 386              	.LVL29:
 387              	.LFB227:
 182:USB_HOST/Target/usbh_conf.c **** 
 183:USB_HOST/Target/usbh_conf.c **** /*******************************************************************************
 184:USB_HOST/Target/usbh_conf.c ****                        LL Driver Interface (USB Host Library --> HCD)
 185:USB_HOST/Target/usbh_conf.c **** *******************************************************************************/
 186:USB_HOST/Target/usbh_conf.c **** 
 187:USB_HOST/Target/usbh_conf.c **** /**
 188:USB_HOST/Target/usbh_conf.c ****   * @brief  Initialize the low level portion of the host driver.
 189:USB_HOST/Target/usbh_conf.c ****   * @param  phost: Host handle
 190:USB_HOST/Target/usbh_conf.c ****   * @retval USBH status
 191:USB_HOST/Target/usbh_conf.c ****   */
 192:USB_HOST/Target/usbh_conf.c **** USBH_StatusTypeDef USBH_LL_Init(USBH_HandleTypeDef *phost)
 193:USB_HOST/Target/usbh_conf.c **** {
 388              		.loc 1 193 1 is_stmt 1 view -0
 389              		.cfi_startproc
 390              		@ args = 0, pretend = 0, frame = 0
 391              		@ frame_needed = 0, uses_anonymous_args = 0
 194:USB_HOST/Target/usbh_conf.c ****   /* Init USB_IP */
 195:USB_HOST/Target/usbh_conf.c ****   if (phost->id == HOST_FS) {
 392              		.loc 1 195 3 view .LVU76
 393              		.loc 1 195 12 is_stmt 0 view .LVU77
 394 0000 90F8CC33 		ldrb	r3, [r0, #972]	@ zero_extendqisi2
 395              		.loc 1 195 6 view .LVU78
 396 0004 012B     		cmp	r3, #1
 397 0006 01D0     		beq	.L31
 196:USB_HOST/Target/usbh_conf.c ****   /* Link the driver to the stack. */
 197:USB_HOST/Target/usbh_conf.c ****   hhcd_USB_OTG_FS.pData = phost;
 198:USB_HOST/Target/usbh_conf.c ****   phost->pData = &hhcd_USB_OTG_FS;
 199:USB_HOST/Target/usbh_conf.c **** 
 200:USB_HOST/Target/usbh_conf.c ****   hhcd_USB_OTG_FS.Instance = USB_OTG_FS;
 201:USB_HOST/Target/usbh_conf.c ****   hhcd_USB_OTG_FS.Init.Host_channels = 8;
 202:USB_HOST/Target/usbh_conf.c ****   hhcd_USB_OTG_FS.Init.speed = HCD_SPEED_FULL;
 203:USB_HOST/Target/usbh_conf.c ****   hhcd_USB_OTG_FS.Init.dma_enable = DISABLE;
 204:USB_HOST/Target/usbh_conf.c ****   hhcd_USB_OTG_FS.Init.phy_itface = HCD_PHY_EMBEDDED;
 205:USB_HOST/Target/usbh_conf.c ****   hhcd_USB_OTG_FS.Init.Sof_enable = DISABLE;
 206:USB_HOST/Target/usbh_conf.c ****   if (HAL_HCD_Init(&hhcd_USB_OTG_FS) != HAL_OK)
 207:USB_HOST/Target/usbh_conf.c ****   {
 208:USB_HOST/Target/usbh_conf.c ****     Error_Handler( );
 209:USB_HOST/Target/usbh_conf.c ****   }
 210:USB_HOST/Target/usbh_conf.c **** 
 211:USB_HOST/Target/usbh_conf.c ****   USBH_LL_SetTimer(phost, HAL_HCD_GetCurrentFrame(&hhcd_USB_OTG_FS));
 212:USB_HOST/Target/usbh_conf.c ****   }
 213:USB_HOST/Target/usbh_conf.c ****   return USBH_OK;
 398              		.loc 1 213 3 is_stmt 1 view .LVU79
 214:USB_HOST/Target/usbh_conf.c **** }
ARM GAS  /tmp/ccgoRgjz.s 			page 12


 399              		.loc 1 214 1 is_stmt 0 view .LVU80
 400 0008 0020     		movs	r0, #0
 401              	.LVL30:
 402              		.loc 1 214 1 view .LVU81
 403 000a 7047     		bx	lr
 404              	.LVL31:
 405              	.L31:
 193:USB_HOST/Target/usbh_conf.c ****   /* Init USB_IP */
 406              		.loc 1 193 1 view .LVU82
 407 000c 10B5     		push	{r4, lr}
 408              		.cfi_def_cfa_offset 8
 409              		.cfi_offset 4, -8
 410              		.cfi_offset 14, -4
 411 000e 0446     		mov	r4, r0
 197:USB_HOST/Target/usbh_conf.c ****   phost->pData = &hhcd_USB_OTG_FS;
 412              		.loc 1 197 3 is_stmt 1 view .LVU83
 197:USB_HOST/Target/usbh_conf.c ****   phost->pData = &hhcd_USB_OTG_FS;
 413              		.loc 1 197 25 is_stmt 0 view .LVU84
 414 0010 0F48     		ldr	r0, .L33
 415              	.LVL32:
 197:USB_HOST/Target/usbh_conf.c ****   phost->pData = &hhcd_USB_OTG_FS;
 416              		.loc 1 197 25 view .LVU85
 417 0012 C0F80043 		str	r4, [r0, #768]
 198:USB_HOST/Target/usbh_conf.c **** 
 418              		.loc 1 198 3 is_stmt 1 view .LVU86
 198:USB_HOST/Target/usbh_conf.c **** 
 419              		.loc 1 198 16 is_stmt 0 view .LVU87
 420 0016 C4F8D003 		str	r0, [r4, #976]
 200:USB_HOST/Target/usbh_conf.c ****   hhcd_USB_OTG_FS.Init.Host_channels = 8;
 421              		.loc 1 200 3 is_stmt 1 view .LVU88
 200:USB_HOST/Target/usbh_conf.c ****   hhcd_USB_OTG_FS.Init.Host_channels = 8;
 422              		.loc 1 200 28 is_stmt 0 view .LVU89
 423 001a 4FF0A043 		mov	r3, #1342177280
 424 001e 0360     		str	r3, [r0]
 201:USB_HOST/Target/usbh_conf.c ****   hhcd_USB_OTG_FS.Init.speed = HCD_SPEED_FULL;
 425              		.loc 1 201 3 is_stmt 1 view .LVU90
 201:USB_HOST/Target/usbh_conf.c ****   hhcd_USB_OTG_FS.Init.speed = HCD_SPEED_FULL;
 426              		.loc 1 201 38 is_stmt 0 view .LVU91
 427 0020 0823     		movs	r3, #8
 428 0022 8360     		str	r3, [r0, #8]
 202:USB_HOST/Target/usbh_conf.c ****   hhcd_USB_OTG_FS.Init.dma_enable = DISABLE;
 429              		.loc 1 202 3 is_stmt 1 view .LVU92
 202:USB_HOST/Target/usbh_conf.c ****   hhcd_USB_OTG_FS.Init.dma_enable = DISABLE;
 430              		.loc 1 202 30 is_stmt 0 view .LVU93
 431 0024 0123     		movs	r3, #1
 432 0026 C360     		str	r3, [r0, #12]
 203:USB_HOST/Target/usbh_conf.c ****   hhcd_USB_OTG_FS.Init.phy_itface = HCD_PHY_EMBEDDED;
 433              		.loc 1 203 3 is_stmt 1 view .LVU94
 203:USB_HOST/Target/usbh_conf.c ****   hhcd_USB_OTG_FS.Init.phy_itface = HCD_PHY_EMBEDDED;
 434              		.loc 1 203 35 is_stmt 0 view .LVU95
 435 0028 0023     		movs	r3, #0
 436 002a 0361     		str	r3, [r0, #16]
 204:USB_HOST/Target/usbh_conf.c ****   hhcd_USB_OTG_FS.Init.Sof_enable = DISABLE;
 437              		.loc 1 204 3 is_stmt 1 view .LVU96
 204:USB_HOST/Target/usbh_conf.c ****   hhcd_USB_OTG_FS.Init.Sof_enable = DISABLE;
 438              		.loc 1 204 35 is_stmt 0 view .LVU97
 439 002c 0222     		movs	r2, #2
ARM GAS  /tmp/ccgoRgjz.s 			page 13


 440 002e 8261     		str	r2, [r0, #24]
 205:USB_HOST/Target/usbh_conf.c ****   if (HAL_HCD_Init(&hhcd_USB_OTG_FS) != HAL_OK)
 441              		.loc 1 205 3 is_stmt 1 view .LVU98
 205:USB_HOST/Target/usbh_conf.c ****   if (HAL_HCD_Init(&hhcd_USB_OTG_FS) != HAL_OK)
 442              		.loc 1 205 35 is_stmt 0 view .LVU99
 443 0030 C361     		str	r3, [r0, #28]
 206:USB_HOST/Target/usbh_conf.c ****   {
 444              		.loc 1 206 3 is_stmt 1 view .LVU100
 206:USB_HOST/Target/usbh_conf.c ****   {
 445              		.loc 1 206 7 is_stmt 0 view .LVU101
 446 0032 FFF7FEFF 		bl	HAL_HCD_Init
 447              	.LVL33:
 206:USB_HOST/Target/usbh_conf.c ****   {
 448              		.loc 1 206 6 discriminator 1 view .LVU102
 449 0036 40B9     		cbnz	r0, .L32
 450              	.L26:
 211:USB_HOST/Target/usbh_conf.c ****   }
 451              		.loc 1 211 3 is_stmt 1 view .LVU103
 452 0038 0548     		ldr	r0, .L33
 453 003a FFF7FEFF 		bl	HAL_HCD_GetCurrentFrame
 454              	.LVL34:
 455 003e 0146     		mov	r1, r0
 211:USB_HOST/Target/usbh_conf.c ****   }
 456              		.loc 1 211 3 is_stmt 0 discriminator 1 view .LVU104
 457 0040 2046     		mov	r0, r4
 458 0042 FFF7FEFF 		bl	USBH_LL_SetTimer
 459              	.LVL35:
 213:USB_HOST/Target/usbh_conf.c **** }
 460              		.loc 1 213 3 is_stmt 1 view .LVU105
 461              		.loc 1 214 1 is_stmt 0 view .LVU106
 462 0046 0020     		movs	r0, #0
 463 0048 10BD     		pop	{r4, pc}
 464              	.LVL36:
 465              	.L32:
 208:USB_HOST/Target/usbh_conf.c ****   }
 466              		.loc 1 208 5 is_stmt 1 view .LVU107
 467 004a FFF7FEFF 		bl	Error_Handler
 468              	.LVL37:
 469 004e F3E7     		b	.L26
 470              	.L34:
 471              		.align	2
 472              	.L33:
 473 0050 00000000 		.word	hhcd_USB_OTG_FS
 474              		.cfi_endproc
 475              	.LFE227:
 477              		.section	.text.USBH_LL_GetSpeed,"ax",%progbits
 478              		.align	1
 479              		.global	USBH_LL_GetSpeed
 480              		.syntax unified
 481              		.thumb
 482              		.thumb_func
 484              	USBH_LL_GetSpeed:
 485              	.LVL38:
 486              	.LFB231:
 215:USB_HOST/Target/usbh_conf.c **** 
 216:USB_HOST/Target/usbh_conf.c **** /**
 217:USB_HOST/Target/usbh_conf.c ****   * @brief  De-Initialize the low level portion of the host driver.
ARM GAS  /tmp/ccgoRgjz.s 			page 14


 218:USB_HOST/Target/usbh_conf.c ****   * @param  phost: Host handle
 219:USB_HOST/Target/usbh_conf.c ****   * @retval USBH status
 220:USB_HOST/Target/usbh_conf.c ****   */
 221:USB_HOST/Target/usbh_conf.c **** USBH_StatusTypeDef USBH_LL_DeInit(USBH_HandleTypeDef *phost)
 222:USB_HOST/Target/usbh_conf.c **** {
 223:USB_HOST/Target/usbh_conf.c ****   HAL_StatusTypeDef hal_status = HAL_OK;
 224:USB_HOST/Target/usbh_conf.c ****   USBH_StatusTypeDef usb_status = USBH_OK;
 225:USB_HOST/Target/usbh_conf.c **** 
 226:USB_HOST/Target/usbh_conf.c ****   hal_status = HAL_HCD_DeInit(phost->pData);
 227:USB_HOST/Target/usbh_conf.c **** 
 228:USB_HOST/Target/usbh_conf.c ****   usb_status = USBH_Get_USB_Status(hal_status);
 229:USB_HOST/Target/usbh_conf.c **** 
 230:USB_HOST/Target/usbh_conf.c ****   return usb_status;
 231:USB_HOST/Target/usbh_conf.c **** }
 232:USB_HOST/Target/usbh_conf.c **** 
 233:USB_HOST/Target/usbh_conf.c **** /**
 234:USB_HOST/Target/usbh_conf.c ****   * @brief  Start the low level portion of the host driver.
 235:USB_HOST/Target/usbh_conf.c ****   * @param  phost: Host handle
 236:USB_HOST/Target/usbh_conf.c ****   * @retval USBH status
 237:USB_HOST/Target/usbh_conf.c ****   */
 238:USB_HOST/Target/usbh_conf.c **** USBH_StatusTypeDef USBH_LL_Start(USBH_HandleTypeDef *phost)
 239:USB_HOST/Target/usbh_conf.c **** {
 240:USB_HOST/Target/usbh_conf.c ****   HAL_StatusTypeDef hal_status = HAL_OK;
 241:USB_HOST/Target/usbh_conf.c ****   USBH_StatusTypeDef usb_status = USBH_OK;
 242:USB_HOST/Target/usbh_conf.c **** 
 243:USB_HOST/Target/usbh_conf.c ****   hal_status = HAL_HCD_Start(phost->pData);
 244:USB_HOST/Target/usbh_conf.c **** 
 245:USB_HOST/Target/usbh_conf.c ****   usb_status = USBH_Get_USB_Status(hal_status);
 246:USB_HOST/Target/usbh_conf.c **** 
 247:USB_HOST/Target/usbh_conf.c ****   return usb_status;
 248:USB_HOST/Target/usbh_conf.c **** }
 249:USB_HOST/Target/usbh_conf.c **** 
 250:USB_HOST/Target/usbh_conf.c **** /**
 251:USB_HOST/Target/usbh_conf.c ****   * @brief  Stop the low level portion of the host driver.
 252:USB_HOST/Target/usbh_conf.c ****   * @param  phost: Host handle
 253:USB_HOST/Target/usbh_conf.c ****   * @retval USBH status
 254:USB_HOST/Target/usbh_conf.c ****   */
 255:USB_HOST/Target/usbh_conf.c **** USBH_StatusTypeDef USBH_LL_Stop(USBH_HandleTypeDef *phost)
 256:USB_HOST/Target/usbh_conf.c **** {
 257:USB_HOST/Target/usbh_conf.c ****   HAL_StatusTypeDef hal_status = HAL_OK;
 258:USB_HOST/Target/usbh_conf.c ****   USBH_StatusTypeDef usb_status = USBH_OK;
 259:USB_HOST/Target/usbh_conf.c **** 
 260:USB_HOST/Target/usbh_conf.c ****   hal_status = HAL_HCD_Stop(phost->pData);
 261:USB_HOST/Target/usbh_conf.c **** 
 262:USB_HOST/Target/usbh_conf.c ****   usb_status = USBH_Get_USB_Status(hal_status);
 263:USB_HOST/Target/usbh_conf.c **** 
 264:USB_HOST/Target/usbh_conf.c ****   return usb_status;
 265:USB_HOST/Target/usbh_conf.c **** }
 266:USB_HOST/Target/usbh_conf.c **** 
 267:USB_HOST/Target/usbh_conf.c **** /**
 268:USB_HOST/Target/usbh_conf.c ****   * @brief  Return the USB host speed from the low level driver.
 269:USB_HOST/Target/usbh_conf.c ****   * @param  phost: Host handle
 270:USB_HOST/Target/usbh_conf.c ****   * @retval USBH speeds
 271:USB_HOST/Target/usbh_conf.c ****   */
 272:USB_HOST/Target/usbh_conf.c **** USBH_SpeedTypeDef USBH_LL_GetSpeed(USBH_HandleTypeDef *phost)
 273:USB_HOST/Target/usbh_conf.c **** {
 487              		.loc 1 273 1 view -0
ARM GAS  /tmp/ccgoRgjz.s 			page 15


 488              		.cfi_startproc
 489              		@ args = 0, pretend = 0, frame = 0
 490              		@ frame_needed = 0, uses_anonymous_args = 0
 491              		.loc 1 273 1 is_stmt 0 view .LVU109
 492 0000 08B5     		push	{r3, lr}
 493              		.cfi_def_cfa_offset 8
 494              		.cfi_offset 3, -8
 495              		.cfi_offset 14, -4
 274:USB_HOST/Target/usbh_conf.c ****   USBH_SpeedTypeDef speed = USBH_SPEED_FULL;
 496              		.loc 1 274 3 is_stmt 1 view .LVU110
 497              	.LVL39:
 275:USB_HOST/Target/usbh_conf.c **** 
 276:USB_HOST/Target/usbh_conf.c ****   switch (HAL_HCD_GetCurrentSpeed(phost->pData))
 498              		.loc 1 276 3 view .LVU111
 499              		.loc 1 276 11 is_stmt 0 view .LVU112
 500 0002 D0F8D003 		ldr	r0, [r0, #976]
 501              	.LVL40:
 502              		.loc 1 276 11 view .LVU113
 503 0006 FFF7FEFF 		bl	HAL_HCD_GetCurrentSpeed
 504              	.LVL41:
 505              		.loc 1 276 3 discriminator 1 view .LVU114
 506 000a 0128     		cmp	r0, #1
 507 000c 04D0     		beq	.L37
 508 000e 0228     		cmp	r0, #2
 509 0010 04D0     		beq	.L38
 510 0012 20B1     		cbz	r0, .L36
 277:USB_HOST/Target/usbh_conf.c ****   {
 278:USB_HOST/Target/usbh_conf.c ****   case 0 :
 279:USB_HOST/Target/usbh_conf.c ****     speed = USBH_SPEED_HIGH;
 280:USB_HOST/Target/usbh_conf.c ****     break;
 281:USB_HOST/Target/usbh_conf.c **** 
 282:USB_HOST/Target/usbh_conf.c ****   case 1 :
 283:USB_HOST/Target/usbh_conf.c ****     speed = USBH_SPEED_FULL;
 284:USB_HOST/Target/usbh_conf.c ****     break;
 285:USB_HOST/Target/usbh_conf.c **** 
 286:USB_HOST/Target/usbh_conf.c ****   case 2 :
 287:USB_HOST/Target/usbh_conf.c ****     speed = USBH_SPEED_LOW;
 288:USB_HOST/Target/usbh_conf.c ****     break;
 289:USB_HOST/Target/usbh_conf.c **** 
 290:USB_HOST/Target/usbh_conf.c ****   default:
 291:USB_HOST/Target/usbh_conf.c ****    speed = USBH_SPEED_FULL;
 511              		.loc 1 291 10 view .LVU115
 512 0014 0120     		movs	r0, #1
 513 0016 02E0     		b	.L36
 514              	.L37:
 283:USB_HOST/Target/usbh_conf.c ****     break;
 515              		.loc 1 283 11 view .LVU116
 516 0018 0120     		movs	r0, #1
 517 001a 00E0     		b	.L36
 518              	.L38:
 287:USB_HOST/Target/usbh_conf.c ****     break;
 519              		.loc 1 287 11 view .LVU117
 520 001c 0220     		movs	r0, #2
 521              	.L36:
 522              	.LVL42:
 292:USB_HOST/Target/usbh_conf.c ****     break;
 293:USB_HOST/Target/usbh_conf.c ****   }
ARM GAS  /tmp/ccgoRgjz.s 			page 16


 294:USB_HOST/Target/usbh_conf.c ****   return  speed;
 523              		.loc 1 294 3 is_stmt 1 view .LVU118
 295:USB_HOST/Target/usbh_conf.c **** }
 524              		.loc 1 295 1 is_stmt 0 view .LVU119
 525 001e 08BD     		pop	{r3, pc}
 526              		.cfi_endproc
 527              	.LFE231:
 529              		.section	.text.USBH_LL_GetLastXferSize,"ax",%progbits
 530              		.align	1
 531              		.global	USBH_LL_GetLastXferSize
 532              		.syntax unified
 533              		.thumb
 534              		.thumb_func
 536              	USBH_LL_GetLastXferSize:
 537              	.LVL43:
 538              	.LFB233:
 296:USB_HOST/Target/usbh_conf.c **** 
 297:USB_HOST/Target/usbh_conf.c **** /**
 298:USB_HOST/Target/usbh_conf.c ****   * @brief  Reset the Host port of the low level driver.
 299:USB_HOST/Target/usbh_conf.c ****   * @param  phost: Host handle
 300:USB_HOST/Target/usbh_conf.c ****   * @retval USBH status
 301:USB_HOST/Target/usbh_conf.c ****   */
 302:USB_HOST/Target/usbh_conf.c **** USBH_StatusTypeDef USBH_LL_ResetPort(USBH_HandleTypeDef *phost)
 303:USB_HOST/Target/usbh_conf.c **** {
 304:USB_HOST/Target/usbh_conf.c ****   HAL_StatusTypeDef hal_status = HAL_OK;
 305:USB_HOST/Target/usbh_conf.c ****   USBH_StatusTypeDef usb_status = USBH_OK;
 306:USB_HOST/Target/usbh_conf.c **** 
 307:USB_HOST/Target/usbh_conf.c ****   hal_status = HAL_HCD_ResetPort(phost->pData);
 308:USB_HOST/Target/usbh_conf.c **** 
 309:USB_HOST/Target/usbh_conf.c ****   usb_status = USBH_Get_USB_Status(hal_status);
 310:USB_HOST/Target/usbh_conf.c **** 
 311:USB_HOST/Target/usbh_conf.c ****   return usb_status;
 312:USB_HOST/Target/usbh_conf.c **** }
 313:USB_HOST/Target/usbh_conf.c **** 
 314:USB_HOST/Target/usbh_conf.c **** /**
 315:USB_HOST/Target/usbh_conf.c ****   * @brief  Return the last transferred packet size.
 316:USB_HOST/Target/usbh_conf.c ****   * @param  phost: Host handle
 317:USB_HOST/Target/usbh_conf.c ****   * @param  pipe: Pipe index
 318:USB_HOST/Target/usbh_conf.c ****   * @retval Packet size
 319:USB_HOST/Target/usbh_conf.c ****   */
 320:USB_HOST/Target/usbh_conf.c **** uint32_t USBH_LL_GetLastXferSize(USBH_HandleTypeDef *phost, uint8_t pipe)
 321:USB_HOST/Target/usbh_conf.c **** {
 539              		.loc 1 321 1 is_stmt 1 view -0
 540              		.cfi_startproc
 541              		@ args = 0, pretend = 0, frame = 0
 542              		@ frame_needed = 0, uses_anonymous_args = 0
 543              		.loc 1 321 1 is_stmt 0 view .LVU121
 544 0000 08B5     		push	{r3, lr}
 545              		.cfi_def_cfa_offset 8
 546              		.cfi_offset 3, -8
 547              		.cfi_offset 14, -4
 322:USB_HOST/Target/usbh_conf.c ****   return HAL_HCD_HC_GetXferCount(phost->pData, pipe);
 548              		.loc 1 322 3 is_stmt 1 view .LVU122
 549              		.loc 1 322 10 is_stmt 0 view .LVU123
 550 0002 D0F8D003 		ldr	r0, [r0, #976]
 551              	.LVL44:
 552              		.loc 1 322 10 view .LVU124
ARM GAS  /tmp/ccgoRgjz.s 			page 17


 553 0006 FFF7FEFF 		bl	HAL_HCD_HC_GetXferCount
 554              	.LVL45:
 323:USB_HOST/Target/usbh_conf.c **** }
 555              		.loc 1 323 1 view .LVU125
 556 000a 08BD     		pop	{r3, pc}
 557              		.cfi_endproc
 558              	.LFE233:
 560              		.section	.text.USBH_LL_GetURBState,"ax",%progbits
 561              		.align	1
 562              		.global	USBH_LL_GetURBState
 563              		.syntax unified
 564              		.thumb
 565              		.thumb_func
 567              	USBH_LL_GetURBState:
 568              	.LVL46:
 569              	.LFB237:
 324:USB_HOST/Target/usbh_conf.c **** 
 325:USB_HOST/Target/usbh_conf.c **** /**
 326:USB_HOST/Target/usbh_conf.c ****   * @brief  Open a pipe of the low level driver.
 327:USB_HOST/Target/usbh_conf.c ****   * @param  phost: Host handle
 328:USB_HOST/Target/usbh_conf.c ****   * @param  pipe_num: Pipe index
 329:USB_HOST/Target/usbh_conf.c ****   * @param  epnum: Endpoint number
 330:USB_HOST/Target/usbh_conf.c ****   * @param  dev_address: Device USB address
 331:USB_HOST/Target/usbh_conf.c ****   * @param  speed: Device Speed
 332:USB_HOST/Target/usbh_conf.c ****   * @param  ep_type: Endpoint type
 333:USB_HOST/Target/usbh_conf.c ****   * @param  mps: Endpoint max packet size
 334:USB_HOST/Target/usbh_conf.c ****   * @retval USBH status
 335:USB_HOST/Target/usbh_conf.c ****   */
 336:USB_HOST/Target/usbh_conf.c **** USBH_StatusTypeDef USBH_LL_OpenPipe(USBH_HandleTypeDef *phost, uint8_t pipe_num, uint8_t epnum,
 337:USB_HOST/Target/usbh_conf.c ****                                     uint8_t dev_address, uint8_t speed, uint8_t ep_type, uint16_t m
 338:USB_HOST/Target/usbh_conf.c **** {
 339:USB_HOST/Target/usbh_conf.c ****   HAL_StatusTypeDef hal_status = HAL_OK;
 340:USB_HOST/Target/usbh_conf.c ****   USBH_StatusTypeDef usb_status = USBH_OK;
 341:USB_HOST/Target/usbh_conf.c **** 
 342:USB_HOST/Target/usbh_conf.c ****   hal_status = HAL_HCD_HC_Init(phost->pData, pipe_num, epnum,
 343:USB_HOST/Target/usbh_conf.c ****                                dev_address, speed, ep_type, mps);
 344:USB_HOST/Target/usbh_conf.c **** 
 345:USB_HOST/Target/usbh_conf.c ****   usb_status = USBH_Get_USB_Status(hal_status);
 346:USB_HOST/Target/usbh_conf.c **** 
 347:USB_HOST/Target/usbh_conf.c ****   return usb_status;
 348:USB_HOST/Target/usbh_conf.c **** }
 349:USB_HOST/Target/usbh_conf.c **** 
 350:USB_HOST/Target/usbh_conf.c **** /**
 351:USB_HOST/Target/usbh_conf.c ****   * @brief  Close a pipe of the low level driver.
 352:USB_HOST/Target/usbh_conf.c ****   * @param  phost: Host handle
 353:USB_HOST/Target/usbh_conf.c ****   * @param  pipe: Pipe index
 354:USB_HOST/Target/usbh_conf.c ****   * @retval USBH status
 355:USB_HOST/Target/usbh_conf.c ****   */
 356:USB_HOST/Target/usbh_conf.c **** USBH_StatusTypeDef USBH_LL_ClosePipe(USBH_HandleTypeDef *phost, uint8_t pipe)
 357:USB_HOST/Target/usbh_conf.c **** {
 358:USB_HOST/Target/usbh_conf.c ****   HAL_StatusTypeDef hal_status = HAL_OK;
 359:USB_HOST/Target/usbh_conf.c ****   USBH_StatusTypeDef usb_status = USBH_OK;
 360:USB_HOST/Target/usbh_conf.c **** 
 361:USB_HOST/Target/usbh_conf.c ****   hal_status = HAL_HCD_HC_Halt(phost->pData, pipe);
 362:USB_HOST/Target/usbh_conf.c **** 
 363:USB_HOST/Target/usbh_conf.c ****   usb_status = USBH_Get_USB_Status(hal_status);
 364:USB_HOST/Target/usbh_conf.c **** 
ARM GAS  /tmp/ccgoRgjz.s 			page 18


 365:USB_HOST/Target/usbh_conf.c ****   return usb_status;
 366:USB_HOST/Target/usbh_conf.c **** }
 367:USB_HOST/Target/usbh_conf.c **** 
 368:USB_HOST/Target/usbh_conf.c **** /**
 369:USB_HOST/Target/usbh_conf.c ****   * @brief  Submit a new URB to the low level driver.
 370:USB_HOST/Target/usbh_conf.c ****   * @param  phost: Host handle
 371:USB_HOST/Target/usbh_conf.c ****   * @param  pipe: Pipe index
 372:USB_HOST/Target/usbh_conf.c ****   *         This parameter can be a value from 1 to 15
 373:USB_HOST/Target/usbh_conf.c ****   * @param  direction : Channel number
 374:USB_HOST/Target/usbh_conf.c ****   *          This parameter can be one of the these values:
 375:USB_HOST/Target/usbh_conf.c ****   *           0 : Output
 376:USB_HOST/Target/usbh_conf.c ****   *           1 : Input
 377:USB_HOST/Target/usbh_conf.c ****   * @param  ep_type : Endpoint Type
 378:USB_HOST/Target/usbh_conf.c ****   *          This parameter can be one of the these values:
 379:USB_HOST/Target/usbh_conf.c ****   *            @arg EP_TYPE_CTRL: Control type
 380:USB_HOST/Target/usbh_conf.c ****   *            @arg EP_TYPE_ISOC: Isochrounous type
 381:USB_HOST/Target/usbh_conf.c ****   *            @arg EP_TYPE_BULK: Bulk type
 382:USB_HOST/Target/usbh_conf.c ****   *            @arg EP_TYPE_INTR: Interrupt type
 383:USB_HOST/Target/usbh_conf.c ****   * @param  token : Endpoint Type
 384:USB_HOST/Target/usbh_conf.c ****   *          This parameter can be one of the these values:
 385:USB_HOST/Target/usbh_conf.c ****   *            @arg 0: PID_SETUP
 386:USB_HOST/Target/usbh_conf.c ****   *            @arg 1: PID_DATA
 387:USB_HOST/Target/usbh_conf.c ****   * @param  pbuff : pointer to URB data
 388:USB_HOST/Target/usbh_conf.c ****   * @param  length : Length of URB data
 389:USB_HOST/Target/usbh_conf.c ****   * @param  do_ping : activate do ping protocol (for high speed only)
 390:USB_HOST/Target/usbh_conf.c ****   *          This parameter can be one of the these values:
 391:USB_HOST/Target/usbh_conf.c ****   *           0 : do ping inactive
 392:USB_HOST/Target/usbh_conf.c ****   *           1 : do ping active
 393:USB_HOST/Target/usbh_conf.c ****   * @retval Status
 394:USB_HOST/Target/usbh_conf.c ****   */
 395:USB_HOST/Target/usbh_conf.c **** USBH_StatusTypeDef USBH_LL_SubmitURB(USBH_HandleTypeDef *phost, uint8_t pipe, uint8_t direction,
 396:USB_HOST/Target/usbh_conf.c ****                                      uint8_t ep_type, uint8_t token, uint8_t *pbuff, uint16_t lengt
 397:USB_HOST/Target/usbh_conf.c ****                                      uint8_t do_ping)
 398:USB_HOST/Target/usbh_conf.c **** {
 399:USB_HOST/Target/usbh_conf.c ****   HAL_StatusTypeDef hal_status = HAL_OK;
 400:USB_HOST/Target/usbh_conf.c ****   USBH_StatusTypeDef usb_status = USBH_OK;
 401:USB_HOST/Target/usbh_conf.c **** 
 402:USB_HOST/Target/usbh_conf.c ****   hal_status = HAL_HCD_HC_SubmitRequest(phost->pData, pipe, direction ,
 403:USB_HOST/Target/usbh_conf.c ****                                         ep_type, token, pbuff, length,
 404:USB_HOST/Target/usbh_conf.c ****                                         do_ping);
 405:USB_HOST/Target/usbh_conf.c ****   usb_status =  USBH_Get_USB_Status(hal_status);
 406:USB_HOST/Target/usbh_conf.c **** 
 407:USB_HOST/Target/usbh_conf.c ****   return usb_status;
 408:USB_HOST/Target/usbh_conf.c **** }
 409:USB_HOST/Target/usbh_conf.c **** 
 410:USB_HOST/Target/usbh_conf.c **** /**
 411:USB_HOST/Target/usbh_conf.c ****   * @brief  Get a URB state from the low level driver.
 412:USB_HOST/Target/usbh_conf.c ****   * @param  phost: Host handle
 413:USB_HOST/Target/usbh_conf.c ****   * @param  pipe: Pipe index
 414:USB_HOST/Target/usbh_conf.c ****   *         This parameter can be a value from 1 to 15
 415:USB_HOST/Target/usbh_conf.c ****   * @retval URB state
 416:USB_HOST/Target/usbh_conf.c ****   *          This parameter can be one of the these values:
 417:USB_HOST/Target/usbh_conf.c ****   *            @arg URB_IDLE
 418:USB_HOST/Target/usbh_conf.c ****   *            @arg URB_DONE
 419:USB_HOST/Target/usbh_conf.c ****   *            @arg URB_NOTREADY
 420:USB_HOST/Target/usbh_conf.c ****   *            @arg URB_NYET
 421:USB_HOST/Target/usbh_conf.c ****   *            @arg URB_ERROR
ARM GAS  /tmp/ccgoRgjz.s 			page 19


 422:USB_HOST/Target/usbh_conf.c ****   *            @arg URB_STALL
 423:USB_HOST/Target/usbh_conf.c ****   */
 424:USB_HOST/Target/usbh_conf.c **** USBH_URBStateTypeDef USBH_LL_GetURBState(USBH_HandleTypeDef *phost, uint8_t pipe)
 425:USB_HOST/Target/usbh_conf.c **** {
 570              		.loc 1 425 1 is_stmt 1 view -0
 571              		.cfi_startproc
 572              		@ args = 0, pretend = 0, frame = 0
 573              		@ frame_needed = 0, uses_anonymous_args = 0
 574              		.loc 1 425 1 is_stmt 0 view .LVU127
 575 0000 08B5     		push	{r3, lr}
 576              		.cfi_def_cfa_offset 8
 577              		.cfi_offset 3, -8
 578              		.cfi_offset 14, -4
 426:USB_HOST/Target/usbh_conf.c ****   return (USBH_URBStateTypeDef)HAL_HCD_HC_GetURBState (phost->pData, pipe);
 579              		.loc 1 426 3 is_stmt 1 view .LVU128
 580              		.loc 1 426 32 is_stmt 0 view .LVU129
 581 0002 D0F8D003 		ldr	r0, [r0, #976]
 582              	.LVL47:
 583              		.loc 1 426 32 view .LVU130
 584 0006 FFF7FEFF 		bl	HAL_HCD_HC_GetURBState
 585              	.LVL48:
 427:USB_HOST/Target/usbh_conf.c **** }
 586              		.loc 1 427 1 view .LVU131
 587 000a 08BD     		pop	{r3, pc}
 588              		.cfi_endproc
 589              	.LFE237:
 591              		.section	.text.USBH_LL_DriverVBUS,"ax",%progbits
 592              		.align	1
 593              		.global	USBH_LL_DriverVBUS
 594              		.syntax unified
 595              		.thumb
 596              		.thumb_func
 598              	USBH_LL_DriverVBUS:
 599              	.LVL49:
 600              	.LFB238:
 428:USB_HOST/Target/usbh_conf.c **** 
 429:USB_HOST/Target/usbh_conf.c **** /**
 430:USB_HOST/Target/usbh_conf.c ****   * @brief  Drive VBUS.
 431:USB_HOST/Target/usbh_conf.c ****   * @param  phost: Host handle
 432:USB_HOST/Target/usbh_conf.c ****   * @param  state : VBUS state
 433:USB_HOST/Target/usbh_conf.c ****   *          This parameter can be one of the these values:
 434:USB_HOST/Target/usbh_conf.c ****   *           0 : VBUS Inactive
 435:USB_HOST/Target/usbh_conf.c ****   *           1 : VBUS Active
 436:USB_HOST/Target/usbh_conf.c ****   * @retval Status
 437:USB_HOST/Target/usbh_conf.c ****   */
 438:USB_HOST/Target/usbh_conf.c **** USBH_StatusTypeDef USBH_LL_DriverVBUS(USBH_HandleTypeDef *phost, uint8_t state)
 439:USB_HOST/Target/usbh_conf.c **** {
 601              		.loc 1 439 1 is_stmt 1 view -0
 602              		.cfi_startproc
 603              		@ args = 0, pretend = 0, frame = 0
 604              		@ frame_needed = 0, uses_anonymous_args = 0
 605              		.loc 1 439 1 is_stmt 0 view .LVU133
 606 0000 08B5     		push	{r3, lr}
 607              		.cfi_def_cfa_offset 8
 608              		.cfi_offset 3, -8
 609              		.cfi_offset 14, -4
 440:USB_HOST/Target/usbh_conf.c **** 
ARM GAS  /tmp/ccgoRgjz.s 			page 20


 441:USB_HOST/Target/usbh_conf.c ****   /* USER CODE BEGIN 0 */
 442:USB_HOST/Target/usbh_conf.c **** 
 443:USB_HOST/Target/usbh_conf.c ****   /* USER CODE END 0*/
 444:USB_HOST/Target/usbh_conf.c **** 
 445:USB_HOST/Target/usbh_conf.c ****   if (phost->id == HOST_FS)
 610              		.loc 1 445 3 is_stmt 1 view .LVU134
 446:USB_HOST/Target/usbh_conf.c ****   {
 447:USB_HOST/Target/usbh_conf.c ****     if (state == 0)
 611              		.loc 1 447 5 view .LVU135
 448:USB_HOST/Target/usbh_conf.c ****     {
 449:USB_HOST/Target/usbh_conf.c ****       /* Drive high Charge pump */
 450:USB_HOST/Target/usbh_conf.c ****       /* ToDo: Add IOE driver control */
 451:USB_HOST/Target/usbh_conf.c ****       /* USER CODE BEGIN DRIVE_HIGH_CHARGE_FOR_FS */
 452:USB_HOST/Target/usbh_conf.c **** 
 453:USB_HOST/Target/usbh_conf.c ****       /* USER CODE END DRIVE_HIGH_CHARGE_FOR_FS */
 454:USB_HOST/Target/usbh_conf.c ****     }
 612              		.loc 1 454 5 view .LVU136
 455:USB_HOST/Target/usbh_conf.c ****     else
 456:USB_HOST/Target/usbh_conf.c ****     {
 457:USB_HOST/Target/usbh_conf.c ****       /* Drive low Charge pump */
 458:USB_HOST/Target/usbh_conf.c ****       /* ToDo: Add IOE driver control */
 459:USB_HOST/Target/usbh_conf.c ****       /* USER CODE BEGIN DRIVE_LOW_CHARGE_FOR_FS */
 460:USB_HOST/Target/usbh_conf.c **** 
 461:USB_HOST/Target/usbh_conf.c ****       /* USER CODE END DRIVE_LOW_CHARGE_FOR_FS */
 462:USB_HOST/Target/usbh_conf.c ****     }
 613              		.loc 1 462 5 view .LVU137
 463:USB_HOST/Target/usbh_conf.c ****   }
 464:USB_HOST/Target/usbh_conf.c ****   HAL_Delay(200);
 614              		.loc 1 464 3 view .LVU138
 615 0002 C820     		movs	r0, #200
 616              	.LVL50:
 617              		.loc 1 464 3 is_stmt 0 view .LVU139
 618 0004 FFF7FEFF 		bl	HAL_Delay
 619              	.LVL51:
 465:USB_HOST/Target/usbh_conf.c ****   return USBH_OK;
 620              		.loc 1 465 3 is_stmt 1 view .LVU140
 466:USB_HOST/Target/usbh_conf.c **** }
 621              		.loc 1 466 1 is_stmt 0 view .LVU141
 622 0008 0020     		movs	r0, #0
 623 000a 08BD     		pop	{r3, pc}
 624              		.cfi_endproc
 625              	.LFE238:
 627              		.section	.text.USBH_LL_SetToggle,"ax",%progbits
 628              		.align	1
 629              		.global	USBH_LL_SetToggle
 630              		.syntax unified
 631              		.thumb
 632              		.thumb_func
 634              	USBH_LL_SetToggle:
 635              	.LVL52:
 636              	.LFB239:
 467:USB_HOST/Target/usbh_conf.c **** 
 468:USB_HOST/Target/usbh_conf.c **** /**
 469:USB_HOST/Target/usbh_conf.c ****   * @brief  Set toggle for a pipe.
 470:USB_HOST/Target/usbh_conf.c ****   * @param  phost: Host handle
 471:USB_HOST/Target/usbh_conf.c ****   * @param  pipe: Pipe index
 472:USB_HOST/Target/usbh_conf.c ****   * @param  toggle: toggle (0/1)
ARM GAS  /tmp/ccgoRgjz.s 			page 21


 473:USB_HOST/Target/usbh_conf.c ****   * @retval Status
 474:USB_HOST/Target/usbh_conf.c ****   */
 475:USB_HOST/Target/usbh_conf.c **** USBH_StatusTypeDef USBH_LL_SetToggle(USBH_HandleTypeDef *phost, uint8_t pipe, uint8_t toggle)
 476:USB_HOST/Target/usbh_conf.c **** {
 637              		.loc 1 476 1 is_stmt 1 view -0
 638              		.cfi_startproc
 639              		@ args = 0, pretend = 0, frame = 0
 640              		@ frame_needed = 0, uses_anonymous_args = 0
 641              		@ link register save eliminated.
 477:USB_HOST/Target/usbh_conf.c ****   HCD_HandleTypeDef *pHandle;
 642              		.loc 1 477 3 view .LVU143
 478:USB_HOST/Target/usbh_conf.c ****   pHandle = phost->pData;
 643              		.loc 1 478 3 view .LVU144
 644              		.loc 1 478 11 is_stmt 0 view .LVU145
 645 0000 D0F8D033 		ldr	r3, [r0, #976]
 646              	.LVL53:
 479:USB_HOST/Target/usbh_conf.c **** 
 480:USB_HOST/Target/usbh_conf.c ****   if(pHandle->hc[pipe].ep_is_in)
 647              		.loc 1 480 3 is_stmt 1 view .LVU146
 648              		.loc 1 480 23 is_stmt 0 view .LVU147
 649 0004 2C20     		movs	r0, #44
 650              	.LVL54:
 651              		.loc 1 480 23 view .LVU148
 652 0006 00FB0130 		mla	r0, r0, r1, r3
 653 000a 90F83B00 		ldrb	r0, [r0, #59]	@ zero_extendqisi2
 654              		.loc 1 480 5 view .LVU149
 655 000e 30B1     		cbz	r0, .L48
 481:USB_HOST/Target/usbh_conf.c ****   {
 482:USB_HOST/Target/usbh_conf.c ****     pHandle->hc[pipe].toggle_in = toggle;
 656              		.loc 1 482 5 is_stmt 1 view .LVU150
 657              		.loc 1 482 33 is_stmt 0 view .LVU151
 658 0010 2C20     		movs	r0, #44
 659 0012 00FB0131 		mla	r1, r0, r1, r3
 660              	.LVL55:
 661              		.loc 1 482 33 view .LVU152
 662 0016 81F85420 		strb	r2, [r1, #84]
 663              	.L49:
 483:USB_HOST/Target/usbh_conf.c ****   }
 484:USB_HOST/Target/usbh_conf.c ****   else
 485:USB_HOST/Target/usbh_conf.c ****   {
 486:USB_HOST/Target/usbh_conf.c ****     pHandle->hc[pipe].toggle_out = toggle;
 487:USB_HOST/Target/usbh_conf.c ****   }
 488:USB_HOST/Target/usbh_conf.c **** 
 489:USB_HOST/Target/usbh_conf.c ****   return USBH_OK;
 664              		.loc 1 489 3 is_stmt 1 view .LVU153
 490:USB_HOST/Target/usbh_conf.c **** }
 665              		.loc 1 490 1 is_stmt 0 view .LVU154
 666 001a 0020     		movs	r0, #0
 667 001c 7047     		bx	lr
 668              	.LVL56:
 669              	.L48:
 486:USB_HOST/Target/usbh_conf.c ****   }
 670              		.loc 1 486 5 is_stmt 1 view .LVU155
 486:USB_HOST/Target/usbh_conf.c ****   }
 671              		.loc 1 486 34 is_stmt 0 view .LVU156
 672 001e 2C20     		movs	r0, #44
 673 0020 00FB0131 		mla	r1, r0, r1, r3
ARM GAS  /tmp/ccgoRgjz.s 			page 22


 674              	.LVL57:
 486:USB_HOST/Target/usbh_conf.c ****   }
 675              		.loc 1 486 34 view .LVU157
 676 0024 81F85520 		strb	r2, [r1, #85]
 677 0028 F7E7     		b	.L49
 678              		.cfi_endproc
 679              	.LFE239:
 681              		.section	.text.USBH_LL_GetToggle,"ax",%progbits
 682              		.align	1
 683              		.global	USBH_LL_GetToggle
 684              		.syntax unified
 685              		.thumb
 686              		.thumb_func
 688              	USBH_LL_GetToggle:
 689              	.LVL58:
 690              	.LFB240:
 491:USB_HOST/Target/usbh_conf.c **** 
 492:USB_HOST/Target/usbh_conf.c **** /**
 493:USB_HOST/Target/usbh_conf.c ****   * @brief  Return the current toggle of a pipe.
 494:USB_HOST/Target/usbh_conf.c ****   * @param  phost: Host handle
 495:USB_HOST/Target/usbh_conf.c ****   * @param  pipe: Pipe index
 496:USB_HOST/Target/usbh_conf.c ****   * @retval toggle (0/1)
 497:USB_HOST/Target/usbh_conf.c ****   */
 498:USB_HOST/Target/usbh_conf.c **** uint8_t USBH_LL_GetToggle(USBH_HandleTypeDef *phost, uint8_t pipe)
 499:USB_HOST/Target/usbh_conf.c **** {
 691              		.loc 1 499 1 is_stmt 1 view -0
 692              		.cfi_startproc
 693              		@ args = 0, pretend = 0, frame = 0
 694              		@ frame_needed = 0, uses_anonymous_args = 0
 695              		@ link register save eliminated.
 500:USB_HOST/Target/usbh_conf.c ****   uint8_t toggle = 0;
 696              		.loc 1 500 3 view .LVU159
 501:USB_HOST/Target/usbh_conf.c ****   HCD_HandleTypeDef *pHandle;
 697              		.loc 1 501 3 view .LVU160
 502:USB_HOST/Target/usbh_conf.c ****   pHandle = phost->pData;
 698              		.loc 1 502 3 view .LVU161
 699              		.loc 1 502 11 is_stmt 0 view .LVU162
 700 0000 D0F8D033 		ldr	r3, [r0, #976]
 701              	.LVL59:
 503:USB_HOST/Target/usbh_conf.c **** 
 504:USB_HOST/Target/usbh_conf.c ****   if(pHandle->hc[pipe].ep_is_in)
 702              		.loc 1 504 3 is_stmt 1 view .LVU163
 703              		.loc 1 504 23 is_stmt 0 view .LVU164
 704 0004 2C22     		movs	r2, #44
 705 0006 02FB0132 		mla	r2, r2, r1, r3
 706 000a 92F83B20 		ldrb	r2, [r2, #59]	@ zero_extendqisi2
 707              		.loc 1 504 5 view .LVU165
 708 000e 2AB1     		cbz	r2, .L51
 505:USB_HOST/Target/usbh_conf.c ****   {
 506:USB_HOST/Target/usbh_conf.c ****     toggle = pHandle->hc[pipe].toggle_in;
 709              		.loc 1 506 5 is_stmt 1 view .LVU166
 710              		.loc 1 506 12 is_stmt 0 view .LVU167
 711 0010 2C22     		movs	r2, #44
 712 0012 02FB0131 		mla	r1, r2, r1, r3
 713              	.LVL60:
 714              		.loc 1 506 12 view .LVU168
 715 0016 91F85400 		ldrb	r0, [r1, #84]	@ zero_extendqisi2
ARM GAS  /tmp/ccgoRgjz.s 			page 23


 716              	.LVL61:
 717              		.loc 1 506 12 view .LVU169
 718 001a 7047     		bx	lr
 719              	.LVL62:
 720              	.L51:
 507:USB_HOST/Target/usbh_conf.c ****   }
 508:USB_HOST/Target/usbh_conf.c ****   else
 509:USB_HOST/Target/usbh_conf.c ****   {
 510:USB_HOST/Target/usbh_conf.c ****     toggle = pHandle->hc[pipe].toggle_out;
 721              		.loc 1 510 5 is_stmt 1 view .LVU170
 722              		.loc 1 510 12 is_stmt 0 view .LVU171
 723 001c 2C22     		movs	r2, #44
 724 001e 02FB0131 		mla	r1, r2, r1, r3
 725              	.LVL63:
 726              		.loc 1 510 12 view .LVU172
 727 0022 91F85500 		ldrb	r0, [r1, #85]	@ zero_extendqisi2
 728              	.LVL64:
 511:USB_HOST/Target/usbh_conf.c ****   }
 512:USB_HOST/Target/usbh_conf.c ****   return toggle;
 729              		.loc 1 512 3 is_stmt 1 view .LVU173
 513:USB_HOST/Target/usbh_conf.c **** }
 730              		.loc 1 513 1 is_stmt 0 view .LVU174
 731 0026 7047     		bx	lr
 732              		.cfi_endproc
 733              	.LFE240:
 735              		.section	.text.USBH_Delay,"ax",%progbits
 736              		.align	1
 737              		.global	USBH_Delay
 738              		.syntax unified
 739              		.thumb
 740              		.thumb_func
 742              	USBH_Delay:
 743              	.LVL65:
 744              	.LFB241:
 514:USB_HOST/Target/usbh_conf.c **** 
 515:USB_HOST/Target/usbh_conf.c **** /**
 516:USB_HOST/Target/usbh_conf.c ****   * @brief  Delay routine for the USB Host Library
 517:USB_HOST/Target/usbh_conf.c ****   * @param  Delay: Delay in ms
 518:USB_HOST/Target/usbh_conf.c ****   * @retval None
 519:USB_HOST/Target/usbh_conf.c ****   */
 520:USB_HOST/Target/usbh_conf.c **** void USBH_Delay(uint32_t Delay)
 521:USB_HOST/Target/usbh_conf.c **** {
 745              		.loc 1 521 1 is_stmt 1 view -0
 746              		.cfi_startproc
 747              		@ args = 0, pretend = 0, frame = 0
 748              		@ frame_needed = 0, uses_anonymous_args = 0
 749              		.loc 1 521 1 is_stmt 0 view .LVU176
 750 0000 08B5     		push	{r3, lr}
 751              		.cfi_def_cfa_offset 8
 752              		.cfi_offset 3, -8
 753              		.cfi_offset 14, -4
 522:USB_HOST/Target/usbh_conf.c ****   HAL_Delay(Delay);
 754              		.loc 1 522 3 is_stmt 1 view .LVU177
 755 0002 FFF7FEFF 		bl	HAL_Delay
 756              	.LVL66:
 523:USB_HOST/Target/usbh_conf.c **** }
 757              		.loc 1 523 1 is_stmt 0 view .LVU178
ARM GAS  /tmp/ccgoRgjz.s 			page 24


 758 0006 08BD     		pop	{r3, pc}
 759              		.cfi_endproc
 760              	.LFE241:
 762              		.section	.text.USBH_Get_USB_Status,"ax",%progbits
 763              		.align	1
 764              		.global	USBH_Get_USB_Status
 765              		.syntax unified
 766              		.thumb
 767              		.thumb_func
 769              	USBH_Get_USB_Status:
 770              	.LVL67:
 771              	.LFB242:
 524:USB_HOST/Target/usbh_conf.c **** 
 525:USB_HOST/Target/usbh_conf.c **** /**
 526:USB_HOST/Target/usbh_conf.c ****   * @brief  Returns the USB status depending on the HAL status:
 527:USB_HOST/Target/usbh_conf.c ****   * @param  hal_status: HAL status
 528:USB_HOST/Target/usbh_conf.c ****   * @retval USB status
 529:USB_HOST/Target/usbh_conf.c ****   */
 530:USB_HOST/Target/usbh_conf.c **** USBH_StatusTypeDef USBH_Get_USB_Status(HAL_StatusTypeDef hal_status)
 531:USB_HOST/Target/usbh_conf.c **** {
 772              		.loc 1 531 1 is_stmt 1 view -0
 773              		.cfi_startproc
 774              		@ args = 0, pretend = 0, frame = 0
 775              		@ frame_needed = 0, uses_anonymous_args = 0
 776              		@ link register save eliminated.
 532:USB_HOST/Target/usbh_conf.c ****   USBH_StatusTypeDef usb_status = USBH_OK;
 777              		.loc 1 532 3 view .LVU180
 533:USB_HOST/Target/usbh_conf.c **** 
 534:USB_HOST/Target/usbh_conf.c ****   switch (hal_status)
 778              		.loc 1 534 3 view .LVU181
 779 0000 0228     		cmp	r0, #2
 780 0002 05D8     		bhi	.L60
 781 0004 DFE800F0 		tbb	[pc, r0]
 782              	.L58:
 783 0008 05       		.byte	(.L56-.L58)/2
 784 0009 04       		.byte	(.L60-.L58)/2
 785 000a 02       		.byte	(.L57-.L58)/2
 786 000b 00       		.p2align 1
 787              	.L57:
 535:USB_HOST/Target/usbh_conf.c ****   {
 536:USB_HOST/Target/usbh_conf.c ****     case HAL_OK :
 537:USB_HOST/Target/usbh_conf.c ****       usb_status = USBH_OK;
 538:USB_HOST/Target/usbh_conf.c ****     break;
 539:USB_HOST/Target/usbh_conf.c ****     case HAL_ERROR :
 540:USB_HOST/Target/usbh_conf.c ****       usb_status = USBH_FAIL;
 541:USB_HOST/Target/usbh_conf.c ****     break;
 542:USB_HOST/Target/usbh_conf.c ****     case HAL_BUSY :
 543:USB_HOST/Target/usbh_conf.c ****       usb_status = USBH_BUSY;
 788              		.loc 1 543 7 view .LVU182
 789              	.LVL68:
 544:USB_HOST/Target/usbh_conf.c ****     break;
 790              		.loc 1 544 5 view .LVU183
 543:USB_HOST/Target/usbh_conf.c ****     break;
 791              		.loc 1 543 18 is_stmt 0 view .LVU184
 792 000c 0120     		movs	r0, #1
 793              	.LVL69:
 794              		.loc 1 544 5 view .LVU185
ARM GAS  /tmp/ccgoRgjz.s 			page 25


 795 000e 7047     		bx	lr
 796              	.LVL70:
 797              	.L60:
 540:USB_HOST/Target/usbh_conf.c ****     break;
 798              		.loc 1 540 18 view .LVU186
 799 0010 0220     		movs	r0, #2
 800              	.LVL71:
 801              	.L56:
 545:USB_HOST/Target/usbh_conf.c ****     case HAL_TIMEOUT :
 546:USB_HOST/Target/usbh_conf.c ****       usb_status = USBH_FAIL;
 547:USB_HOST/Target/usbh_conf.c ****     break;
 548:USB_HOST/Target/usbh_conf.c ****     default :
 549:USB_HOST/Target/usbh_conf.c ****       usb_status = USBH_FAIL;
 550:USB_HOST/Target/usbh_conf.c ****     break;
 551:USB_HOST/Target/usbh_conf.c ****   }
 552:USB_HOST/Target/usbh_conf.c ****   return usb_status;
 802              		.loc 1 552 3 is_stmt 1 view .LVU187
 553:USB_HOST/Target/usbh_conf.c **** }
 803              		.loc 1 553 1 is_stmt 0 view .LVU188
 804 0012 7047     		bx	lr
 805              		.cfi_endproc
 806              	.LFE242:
 808              		.section	.text.USBH_LL_DeInit,"ax",%progbits
 809              		.align	1
 810              		.global	USBH_LL_DeInit
 811              		.syntax unified
 812              		.thumb
 813              		.thumb_func
 815              	USBH_LL_DeInit:
 816              	.LVL72:
 817              	.LFB228:
 222:USB_HOST/Target/usbh_conf.c ****   HAL_StatusTypeDef hal_status = HAL_OK;
 818              		.loc 1 222 1 is_stmt 1 view -0
 819              		.cfi_startproc
 820              		@ args = 0, pretend = 0, frame = 0
 821              		@ frame_needed = 0, uses_anonymous_args = 0
 222:USB_HOST/Target/usbh_conf.c ****   HAL_StatusTypeDef hal_status = HAL_OK;
 822              		.loc 1 222 1 is_stmt 0 view .LVU190
 823 0000 08B5     		push	{r3, lr}
 824              		.cfi_def_cfa_offset 8
 825              		.cfi_offset 3, -8
 826              		.cfi_offset 14, -4
 223:USB_HOST/Target/usbh_conf.c ****   USBH_StatusTypeDef usb_status = USBH_OK;
 827              		.loc 1 223 3 is_stmt 1 view .LVU191
 828              	.LVL73:
 224:USB_HOST/Target/usbh_conf.c **** 
 829              		.loc 1 224 3 view .LVU192
 226:USB_HOST/Target/usbh_conf.c **** 
 830              		.loc 1 226 3 view .LVU193
 226:USB_HOST/Target/usbh_conf.c **** 
 831              		.loc 1 226 16 is_stmt 0 view .LVU194
 832 0002 D0F8D003 		ldr	r0, [r0, #976]
 833              	.LVL74:
 226:USB_HOST/Target/usbh_conf.c **** 
 834              		.loc 1 226 16 view .LVU195
 835 0006 FFF7FEFF 		bl	HAL_HCD_DeInit
 836              	.LVL75:
ARM GAS  /tmp/ccgoRgjz.s 			page 26


 228:USB_HOST/Target/usbh_conf.c **** 
 837              		.loc 1 228 3 is_stmt 1 view .LVU196
 228:USB_HOST/Target/usbh_conf.c **** 
 838              		.loc 1 228 16 is_stmt 0 view .LVU197
 839 000a FFF7FEFF 		bl	USBH_Get_USB_Status
 840              	.LVL76:
 230:USB_HOST/Target/usbh_conf.c **** }
 841              		.loc 1 230 3 is_stmt 1 view .LVU198
 231:USB_HOST/Target/usbh_conf.c **** 
 842              		.loc 1 231 1 is_stmt 0 view .LVU199
 843 000e 08BD     		pop	{r3, pc}
 844              		.cfi_endproc
 845              	.LFE228:
 847              		.section	.text.USBH_LL_Start,"ax",%progbits
 848              		.align	1
 849              		.global	USBH_LL_Start
 850              		.syntax unified
 851              		.thumb
 852              		.thumb_func
 854              	USBH_LL_Start:
 855              	.LVL77:
 856              	.LFB229:
 239:USB_HOST/Target/usbh_conf.c ****   HAL_StatusTypeDef hal_status = HAL_OK;
 857              		.loc 1 239 1 is_stmt 1 view -0
 858              		.cfi_startproc
 859              		@ args = 0, pretend = 0, frame = 0
 860              		@ frame_needed = 0, uses_anonymous_args = 0
 239:USB_HOST/Target/usbh_conf.c ****   HAL_StatusTypeDef hal_status = HAL_OK;
 861              		.loc 1 239 1 is_stmt 0 view .LVU201
 862 0000 08B5     		push	{r3, lr}
 863              		.cfi_def_cfa_offset 8
 864              		.cfi_offset 3, -8
 865              		.cfi_offset 14, -4
 240:USB_HOST/Target/usbh_conf.c ****   USBH_StatusTypeDef usb_status = USBH_OK;
 866              		.loc 1 240 3 is_stmt 1 view .LVU202
 867              	.LVL78:
 241:USB_HOST/Target/usbh_conf.c **** 
 868              		.loc 1 241 3 view .LVU203
 243:USB_HOST/Target/usbh_conf.c **** 
 869              		.loc 1 243 3 view .LVU204
 243:USB_HOST/Target/usbh_conf.c **** 
 870              		.loc 1 243 16 is_stmt 0 view .LVU205
 871 0002 D0F8D003 		ldr	r0, [r0, #976]
 872              	.LVL79:
 243:USB_HOST/Target/usbh_conf.c **** 
 873              		.loc 1 243 16 view .LVU206
 874 0006 FFF7FEFF 		bl	HAL_HCD_Start
 875              	.LVL80:
 245:USB_HOST/Target/usbh_conf.c **** 
 876              		.loc 1 245 3 is_stmt 1 view .LVU207
 245:USB_HOST/Target/usbh_conf.c **** 
 877              		.loc 1 245 16 is_stmt 0 view .LVU208
 878 000a FFF7FEFF 		bl	USBH_Get_USB_Status
 879              	.LVL81:
 247:USB_HOST/Target/usbh_conf.c **** }
 880              		.loc 1 247 3 is_stmt 1 view .LVU209
 248:USB_HOST/Target/usbh_conf.c **** 
ARM GAS  /tmp/ccgoRgjz.s 			page 27


 881              		.loc 1 248 1 is_stmt 0 view .LVU210
 882 000e 08BD     		pop	{r3, pc}
 883              		.cfi_endproc
 884              	.LFE229:
 886              		.section	.text.USBH_LL_Stop,"ax",%progbits
 887              		.align	1
 888              		.global	USBH_LL_Stop
 889              		.syntax unified
 890              		.thumb
 891              		.thumb_func
 893              	USBH_LL_Stop:
 894              	.LVL82:
 895              	.LFB230:
 256:USB_HOST/Target/usbh_conf.c ****   HAL_StatusTypeDef hal_status = HAL_OK;
 896              		.loc 1 256 1 is_stmt 1 view -0
 897              		.cfi_startproc
 898              		@ args = 0, pretend = 0, frame = 0
 899              		@ frame_needed = 0, uses_anonymous_args = 0
 256:USB_HOST/Target/usbh_conf.c ****   HAL_StatusTypeDef hal_status = HAL_OK;
 900              		.loc 1 256 1 is_stmt 0 view .LVU212
 901 0000 08B5     		push	{r3, lr}
 902              		.cfi_def_cfa_offset 8
 903              		.cfi_offset 3, -8
 904              		.cfi_offset 14, -4
 257:USB_HOST/Target/usbh_conf.c ****   USBH_StatusTypeDef usb_status = USBH_OK;
 905              		.loc 1 257 3 is_stmt 1 view .LVU213
 906              	.LVL83:
 258:USB_HOST/Target/usbh_conf.c **** 
 907              		.loc 1 258 3 view .LVU214
 260:USB_HOST/Target/usbh_conf.c **** 
 908              		.loc 1 260 3 view .LVU215
 260:USB_HOST/Target/usbh_conf.c **** 
 909              		.loc 1 260 16 is_stmt 0 view .LVU216
 910 0002 D0F8D003 		ldr	r0, [r0, #976]
 911              	.LVL84:
 260:USB_HOST/Target/usbh_conf.c **** 
 912              		.loc 1 260 16 view .LVU217
 913 0006 FFF7FEFF 		bl	HAL_HCD_Stop
 914              	.LVL85:
 262:USB_HOST/Target/usbh_conf.c **** 
 915              		.loc 1 262 3 is_stmt 1 view .LVU218
 262:USB_HOST/Target/usbh_conf.c **** 
 916              		.loc 1 262 16 is_stmt 0 view .LVU219
 917 000a FFF7FEFF 		bl	USBH_Get_USB_Status
 918              	.LVL86:
 264:USB_HOST/Target/usbh_conf.c **** }
 919              		.loc 1 264 3 is_stmt 1 view .LVU220
 265:USB_HOST/Target/usbh_conf.c **** 
 920              		.loc 1 265 1 is_stmt 0 view .LVU221
 921 000e 08BD     		pop	{r3, pc}
 922              		.cfi_endproc
 923              	.LFE230:
 925              		.section	.text.USBH_LL_ResetPort,"ax",%progbits
 926              		.align	1
 927              		.global	USBH_LL_ResetPort
 928              		.syntax unified
 929              		.thumb
ARM GAS  /tmp/ccgoRgjz.s 			page 28


 930              		.thumb_func
 932              	USBH_LL_ResetPort:
 933              	.LVL87:
 934              	.LFB232:
 303:USB_HOST/Target/usbh_conf.c ****   HAL_StatusTypeDef hal_status = HAL_OK;
 935              		.loc 1 303 1 is_stmt 1 view -0
 936              		.cfi_startproc
 937              		@ args = 0, pretend = 0, frame = 0
 938              		@ frame_needed = 0, uses_anonymous_args = 0
 303:USB_HOST/Target/usbh_conf.c ****   HAL_StatusTypeDef hal_status = HAL_OK;
 939              		.loc 1 303 1 is_stmt 0 view .LVU223
 940 0000 08B5     		push	{r3, lr}
 941              		.cfi_def_cfa_offset 8
 942              		.cfi_offset 3, -8
 943              		.cfi_offset 14, -4
 304:USB_HOST/Target/usbh_conf.c ****   USBH_StatusTypeDef usb_status = USBH_OK;
 944              		.loc 1 304 3 is_stmt 1 view .LVU224
 945              	.LVL88:
 305:USB_HOST/Target/usbh_conf.c **** 
 946              		.loc 1 305 3 view .LVU225
 307:USB_HOST/Target/usbh_conf.c **** 
 947              		.loc 1 307 3 view .LVU226
 307:USB_HOST/Target/usbh_conf.c **** 
 948              		.loc 1 307 16 is_stmt 0 view .LVU227
 949 0002 D0F8D003 		ldr	r0, [r0, #976]
 950              	.LVL89:
 307:USB_HOST/Target/usbh_conf.c **** 
 951              		.loc 1 307 16 view .LVU228
 952 0006 FFF7FEFF 		bl	HAL_HCD_ResetPort
 953              	.LVL90:
 309:USB_HOST/Target/usbh_conf.c **** 
 954              		.loc 1 309 3 is_stmt 1 view .LVU229
 309:USB_HOST/Target/usbh_conf.c **** 
 955              		.loc 1 309 16 is_stmt 0 view .LVU230
 956 000a FFF7FEFF 		bl	USBH_Get_USB_Status
 957              	.LVL91:
 311:USB_HOST/Target/usbh_conf.c **** }
 958              		.loc 1 311 3 is_stmt 1 view .LVU231
 312:USB_HOST/Target/usbh_conf.c **** 
 959              		.loc 1 312 1 is_stmt 0 view .LVU232
 960 000e 08BD     		pop	{r3, pc}
 961              		.cfi_endproc
 962              	.LFE232:
 964              		.section	.text.USBH_LL_OpenPipe,"ax",%progbits
 965              		.align	1
 966              		.global	USBH_LL_OpenPipe
 967              		.syntax unified
 968              		.thumb
 969              		.thumb_func
 971              	USBH_LL_OpenPipe:
 972              	.LVL92:
 973              	.LFB234:
 338:USB_HOST/Target/usbh_conf.c ****   HAL_StatusTypeDef hal_status = HAL_OK;
 974              		.loc 1 338 1 is_stmt 1 view -0
 975              		.cfi_startproc
 976              		@ args = 12, pretend = 0, frame = 0
 977              		@ frame_needed = 0, uses_anonymous_args = 0
ARM GAS  /tmp/ccgoRgjz.s 			page 29


 338:USB_HOST/Target/usbh_conf.c ****   HAL_StatusTypeDef hal_status = HAL_OK;
 978              		.loc 1 338 1 is_stmt 0 view .LVU234
 979 0000 10B5     		push	{r4, lr}
 980              		.cfi_def_cfa_offset 8
 981              		.cfi_offset 4, -8
 982              		.cfi_offset 14, -4
 983 0002 84B0     		sub	sp, sp, #16
 984              		.cfi_def_cfa_offset 24
 339:USB_HOST/Target/usbh_conf.c ****   USBH_StatusTypeDef usb_status = USBH_OK;
 985              		.loc 1 339 3 is_stmt 1 view .LVU235
 986              	.LVL93:
 340:USB_HOST/Target/usbh_conf.c **** 
 987              		.loc 1 340 3 view .LVU236
 342:USB_HOST/Target/usbh_conf.c ****                                dev_address, speed, ep_type, mps);
 988              		.loc 1 342 3 view .LVU237
 342:USB_HOST/Target/usbh_conf.c ****                                dev_address, speed, ep_type, mps);
 989              		.loc 1 342 37 is_stmt 0 view .LVU238
 990 0004 D0F8D003 		ldr	r0, [r0, #976]
 991              	.LVL94:
 342:USB_HOST/Target/usbh_conf.c ****                                dev_address, speed, ep_type, mps);
 992              		.loc 1 342 16 view .LVU239
 993 0008 BDF82040 		ldrh	r4, [sp, #32]
 994 000c 0294     		str	r4, [sp, #8]
 995 000e 9DF81C40 		ldrb	r4, [sp, #28]	@ zero_extendqisi2
 996 0012 0194     		str	r4, [sp, #4]
 997 0014 9DF81840 		ldrb	r4, [sp, #24]	@ zero_extendqisi2
 998 0018 0094     		str	r4, [sp]
 999 001a FFF7FEFF 		bl	HAL_HCD_HC_Init
 1000              	.LVL95:
 345:USB_HOST/Target/usbh_conf.c **** 
 1001              		.loc 1 345 3 is_stmt 1 view .LVU240
 345:USB_HOST/Target/usbh_conf.c **** 
 1002              		.loc 1 345 16 is_stmt 0 view .LVU241
 1003 001e FFF7FEFF 		bl	USBH_Get_USB_Status
 1004              	.LVL96:
 347:USB_HOST/Target/usbh_conf.c **** }
 1005              		.loc 1 347 3 is_stmt 1 view .LVU242
 348:USB_HOST/Target/usbh_conf.c **** 
 1006              		.loc 1 348 1 is_stmt 0 view .LVU243
 1007 0022 04B0     		add	sp, sp, #16
 1008              		.cfi_def_cfa_offset 8
 1009              		@ sp needed
 1010 0024 10BD     		pop	{r4, pc}
 348:USB_HOST/Target/usbh_conf.c **** 
 1011              		.loc 1 348 1 view .LVU244
 1012              		.cfi_endproc
 1013              	.LFE234:
 1015              		.section	.text.USBH_LL_ClosePipe,"ax",%progbits
 1016              		.align	1
 1017              		.global	USBH_LL_ClosePipe
 1018              		.syntax unified
 1019              		.thumb
 1020              		.thumb_func
 1022              	USBH_LL_ClosePipe:
 1023              	.LVL97:
 1024              	.LFB235:
 357:USB_HOST/Target/usbh_conf.c ****   HAL_StatusTypeDef hal_status = HAL_OK;
ARM GAS  /tmp/ccgoRgjz.s 			page 30


 1025              		.loc 1 357 1 is_stmt 1 view -0
 1026              		.cfi_startproc
 1027              		@ args = 0, pretend = 0, frame = 0
 1028              		@ frame_needed = 0, uses_anonymous_args = 0
 357:USB_HOST/Target/usbh_conf.c ****   HAL_StatusTypeDef hal_status = HAL_OK;
 1029              		.loc 1 357 1 is_stmt 0 view .LVU246
 1030 0000 08B5     		push	{r3, lr}
 1031              		.cfi_def_cfa_offset 8
 1032              		.cfi_offset 3, -8
 1033              		.cfi_offset 14, -4
 358:USB_HOST/Target/usbh_conf.c ****   USBH_StatusTypeDef usb_status = USBH_OK;
 1034              		.loc 1 358 3 is_stmt 1 view .LVU247
 1035              	.LVL98:
 359:USB_HOST/Target/usbh_conf.c **** 
 1036              		.loc 1 359 3 view .LVU248
 361:USB_HOST/Target/usbh_conf.c **** 
 1037              		.loc 1 361 3 view .LVU249
 361:USB_HOST/Target/usbh_conf.c **** 
 1038              		.loc 1 361 16 is_stmt 0 view .LVU250
 1039 0002 D0F8D003 		ldr	r0, [r0, #976]
 1040              	.LVL99:
 361:USB_HOST/Target/usbh_conf.c **** 
 1041              		.loc 1 361 16 view .LVU251
 1042 0006 FFF7FEFF 		bl	HAL_HCD_HC_Halt
 1043              	.LVL100:
 363:USB_HOST/Target/usbh_conf.c **** 
 1044              		.loc 1 363 3 is_stmt 1 view .LVU252
 363:USB_HOST/Target/usbh_conf.c **** 
 1045              		.loc 1 363 16 is_stmt 0 view .LVU253
 1046 000a FFF7FEFF 		bl	USBH_Get_USB_Status
 1047              	.LVL101:
 365:USB_HOST/Target/usbh_conf.c **** }
 1048              		.loc 1 365 3 is_stmt 1 view .LVU254
 366:USB_HOST/Target/usbh_conf.c **** 
 1049              		.loc 1 366 1 is_stmt 0 view .LVU255
 1050 000e 08BD     		pop	{r3, pc}
 1051              		.cfi_endproc
 1052              	.LFE235:
 1054              		.section	.text.USBH_LL_SubmitURB,"ax",%progbits
 1055              		.align	1
 1056              		.global	USBH_LL_SubmitURB
 1057              		.syntax unified
 1058              		.thumb
 1059              		.thumb_func
 1061              	USBH_LL_SubmitURB:
 1062              	.LVL102:
 1063              	.LFB236:
 398:USB_HOST/Target/usbh_conf.c ****   HAL_StatusTypeDef hal_status = HAL_OK;
 1064              		.loc 1 398 1 is_stmt 1 view -0
 1065              		.cfi_startproc
 1066              		@ args = 16, pretend = 0, frame = 0
 1067              		@ frame_needed = 0, uses_anonymous_args = 0
 398:USB_HOST/Target/usbh_conf.c ****   HAL_StatusTypeDef hal_status = HAL_OK;
 1068              		.loc 1 398 1 is_stmt 0 view .LVU257
 1069 0000 10B5     		push	{r4, lr}
 1070              		.cfi_def_cfa_offset 8
 1071              		.cfi_offset 4, -8
ARM GAS  /tmp/ccgoRgjz.s 			page 31


 1072              		.cfi_offset 14, -4
 1073 0002 84B0     		sub	sp, sp, #16
 1074              		.cfi_def_cfa_offset 24
 399:USB_HOST/Target/usbh_conf.c ****   USBH_StatusTypeDef usb_status = USBH_OK;
 1075              		.loc 1 399 3 is_stmt 1 view .LVU258
 1076              	.LVL103:
 400:USB_HOST/Target/usbh_conf.c **** 
 1077              		.loc 1 400 3 view .LVU259
 402:USB_HOST/Target/usbh_conf.c ****                                         ep_type, token, pbuff, length,
 1078              		.loc 1 402 3 view .LVU260
 402:USB_HOST/Target/usbh_conf.c ****                                         ep_type, token, pbuff, length,
 1079              		.loc 1 402 46 is_stmt 0 view .LVU261
 1080 0004 D0F8D003 		ldr	r0, [r0, #976]
 1081              	.LVL104:
 402:USB_HOST/Target/usbh_conf.c ****                                         ep_type, token, pbuff, length,
 1082              		.loc 1 402 16 view .LVU262
 1083 0008 9DF82440 		ldrb	r4, [sp, #36]	@ zero_extendqisi2
 1084 000c 0394     		str	r4, [sp, #12]
 1085 000e BDF82040 		ldrh	r4, [sp, #32]
 1086 0012 0294     		str	r4, [sp, #8]
 1087 0014 079C     		ldr	r4, [sp, #28]
 1088 0016 0194     		str	r4, [sp, #4]
 1089 0018 9DF81840 		ldrb	r4, [sp, #24]	@ zero_extendqisi2
 1090 001c 0094     		str	r4, [sp]
 1091 001e FFF7FEFF 		bl	HAL_HCD_HC_SubmitRequest
 1092              	.LVL105:
 405:USB_HOST/Target/usbh_conf.c **** 
 1093              		.loc 1 405 3 is_stmt 1 view .LVU263
 405:USB_HOST/Target/usbh_conf.c **** 
 1094              		.loc 1 405 17 is_stmt 0 view .LVU264
 1095 0022 FFF7FEFF 		bl	USBH_Get_USB_Status
 1096              	.LVL106:
 407:USB_HOST/Target/usbh_conf.c **** }
 1097              		.loc 1 407 3 is_stmt 1 view .LVU265
 408:USB_HOST/Target/usbh_conf.c **** 
 1098              		.loc 1 408 1 is_stmt 0 view .LVU266
 1099 0026 04B0     		add	sp, sp, #16
 1100              		.cfi_def_cfa_offset 8
 1101              		@ sp needed
 1102 0028 10BD     		pop	{r4, pc}
 408:USB_HOST/Target/usbh_conf.c **** 
 1103              		.loc 1 408 1 view .LVU267
 1104              		.cfi_endproc
 1105              	.LFE236:
 1107              		.global	hhcd_USB_OTG_FS
 1108              		.section	.bss.hhcd_USB_OTG_FS,"aw",%nobits
 1109              		.align	2
 1112              	hhcd_USB_OTG_FS:
 1113 0000 00000000 		.space	772
 1113      00000000 
 1113      00000000 
 1113      00000000 
 1113      00000000 
 1114              		.text
 1115              	.Letext0:
 1116              		.file 2 "Drivers/CMSIS/Device/ST/STM32F4xx/Include/stm32f401xc.h"
 1117              		.file 3 "/usr/lib/gcc/arm-none-eabi/13.2.1/include/stdint.h"
ARM GAS  /tmp/ccgoRgjz.s 			page 32


 1118              		.file 4 "Drivers/CMSIS/Device/ST/STM32F4xx/Include/stm32f4xx.h"
 1119              		.file 5 "Drivers/STM32F4xx_HAL_Driver/Inc/stm32f4xx_hal_def.h"
 1120              		.file 6 "Drivers/STM32F4xx_HAL_Driver/Inc/stm32f4xx_hal_gpio.h"
 1121              		.file 7 "Drivers/STM32F4xx_HAL_Driver/Inc/stm32f4xx_ll_usb.h"
 1122              		.file 8 "Drivers/STM32F4xx_HAL_Driver/Inc/stm32f4xx_hal_hcd.h"
 1123              		.file 9 "Middlewares/ST/STM32_USB_Host_Library/Core/Inc/usbh_def.h"
 1124              		.file 10 "Drivers/STM32F4xx_HAL_Driver/Inc/stm32f4xx_hal.h"
 1125              		.file 11 "Middlewares/ST/STM32_USB_Host_Library/Core/Inc/usbh_core.h"
 1126              		.file 12 "Drivers/STM32F4xx_HAL_Driver/Inc/stm32f4xx_hal_cortex.h"
ARM GAS  /tmp/ccgoRgjz.s 			page 33


DEFINED SYMBOLS
                            *ABS*:00000000 usbh_conf.c
     /tmp/ccgoRgjz.s:21     .text.HAL_HCD_MspInit:00000000 $t
     /tmp/ccgoRgjz.s:27     .text.HAL_HCD_MspInit:00000000 HAL_HCD_MspInit
     /tmp/ccgoRgjz.s:146    .text.HAL_HCD_MspInit:0000007c $d
     /tmp/ccgoRgjz.s:152    .text.HAL_HCD_MspDeInit:00000000 $t
     /tmp/ccgoRgjz.s:158    .text.HAL_HCD_MspDeInit:00000000 HAL_HCD_MspDeInit
     /tmp/ccgoRgjz.s:203    .text.HAL_HCD_MspDeInit:00000028 $d
     /tmp/ccgoRgjz.s:209    .text.HAL_HCD_SOF_Callback:00000000 $t
     /tmp/ccgoRgjz.s:215    .text.HAL_HCD_SOF_Callback:00000000 HAL_HCD_SOF_Callback
     /tmp/ccgoRgjz.s:239    .text.HAL_HCD_Connect_Callback:00000000 $t
     /tmp/ccgoRgjz.s:245    .text.HAL_HCD_Connect_Callback:00000000 HAL_HCD_Connect_Callback
     /tmp/ccgoRgjz.s:269    .text.HAL_HCD_Disconnect_Callback:00000000 $t
     /tmp/ccgoRgjz.s:275    .text.HAL_HCD_Disconnect_Callback:00000000 HAL_HCD_Disconnect_Callback
     /tmp/ccgoRgjz.s:299    .text.HAL_HCD_HC_NotifyURBChange_Callback:00000000 $t
     /tmp/ccgoRgjz.s:305    .text.HAL_HCD_HC_NotifyURBChange_Callback:00000000 HAL_HCD_HC_NotifyURBChange_Callback
     /tmp/ccgoRgjz.s:319    .text.HAL_HCD_PortEnabled_Callback:00000000 $t
     /tmp/ccgoRgjz.s:325    .text.HAL_HCD_PortEnabled_Callback:00000000 HAL_HCD_PortEnabled_Callback
     /tmp/ccgoRgjz.s:349    .text.HAL_HCD_PortDisabled_Callback:00000000 $t
     /tmp/ccgoRgjz.s:355    .text.HAL_HCD_PortDisabled_Callback:00000000 HAL_HCD_PortDisabled_Callback
     /tmp/ccgoRgjz.s:379    .text.USBH_LL_Init:00000000 $t
     /tmp/ccgoRgjz.s:385    .text.USBH_LL_Init:00000000 USBH_LL_Init
     /tmp/ccgoRgjz.s:473    .text.USBH_LL_Init:00000050 $d
     /tmp/ccgoRgjz.s:1112   .bss.hhcd_USB_OTG_FS:00000000 hhcd_USB_OTG_FS
     /tmp/ccgoRgjz.s:478    .text.USBH_LL_GetSpeed:00000000 $t
     /tmp/ccgoRgjz.s:484    .text.USBH_LL_GetSpeed:00000000 USBH_LL_GetSpeed
     /tmp/ccgoRgjz.s:530    .text.USBH_LL_GetLastXferSize:00000000 $t
     /tmp/ccgoRgjz.s:536    .text.USBH_LL_GetLastXferSize:00000000 USBH_LL_GetLastXferSize
     /tmp/ccgoRgjz.s:561    .text.USBH_LL_GetURBState:00000000 $t
     /tmp/ccgoRgjz.s:567    .text.USBH_LL_GetURBState:00000000 USBH_LL_GetURBState
     /tmp/ccgoRgjz.s:592    .text.USBH_LL_DriverVBUS:00000000 $t
     /tmp/ccgoRgjz.s:598    .text.USBH_LL_DriverVBUS:00000000 USBH_LL_DriverVBUS
     /tmp/ccgoRgjz.s:628    .text.USBH_LL_SetToggle:00000000 $t
     /tmp/ccgoRgjz.s:634    .text.USBH_LL_SetToggle:00000000 USBH_LL_SetToggle
     /tmp/ccgoRgjz.s:682    .text.USBH_LL_GetToggle:00000000 $t
     /tmp/ccgoRgjz.s:688    .text.USBH_LL_GetToggle:00000000 USBH_LL_GetToggle
     /tmp/ccgoRgjz.s:736    .text.USBH_Delay:00000000 $t
     /tmp/ccgoRgjz.s:742    .text.USBH_Delay:00000000 USBH_Delay
     /tmp/ccgoRgjz.s:763    .text.USBH_Get_USB_Status:00000000 $t
     /tmp/ccgoRgjz.s:769    .text.USBH_Get_USB_Status:00000000 USBH_Get_USB_Status
     /tmp/ccgoRgjz.s:783    .text.USBH_Get_USB_Status:00000008 $d
     /tmp/ccgoRgjz.s:809    .text.USBH_LL_DeInit:00000000 $t
     /tmp/ccgoRgjz.s:815    .text.USBH_LL_DeInit:00000000 USBH_LL_DeInit
     /tmp/ccgoRgjz.s:848    .text.USBH_LL_Start:00000000 $t
     /tmp/ccgoRgjz.s:854    .text.USBH_LL_Start:00000000 USBH_LL_Start
     /tmp/ccgoRgjz.s:887    .text.USBH_LL_Stop:00000000 $t
     /tmp/ccgoRgjz.s:893    .text.USBH_LL_Stop:00000000 USBH_LL_Stop
     /tmp/ccgoRgjz.s:926    .text.USBH_LL_ResetPort:00000000 $t
     /tmp/ccgoRgjz.s:932    .text.USBH_LL_ResetPort:00000000 USBH_LL_ResetPort
     /tmp/ccgoRgjz.s:965    .text.USBH_LL_OpenPipe:00000000 $t
     /tmp/ccgoRgjz.s:971    .text.USBH_LL_OpenPipe:00000000 USBH_LL_OpenPipe
     /tmp/ccgoRgjz.s:1016   .text.USBH_LL_ClosePipe:00000000 $t
     /tmp/ccgoRgjz.s:1022   .text.USBH_LL_ClosePipe:00000000 USBH_LL_ClosePipe
     /tmp/ccgoRgjz.s:1055   .text.USBH_LL_SubmitURB:00000000 $t
     /tmp/ccgoRgjz.s:1061   .text.USBH_LL_SubmitURB:00000000 USBH_LL_SubmitURB
     /tmp/ccgoRgjz.s:1109   .bss.hhcd_USB_OTG_FS:00000000 $d
     /tmp/ccgoRgjz.s:786    .text.USBH_Get_USB_Status:0000000b $d
ARM GAS  /tmp/ccgoRgjz.s 			page 34


     /tmp/ccgoRgjz.s:786    .text.USBH_Get_USB_Status:0000000c $t
                           .group:00000000 wm4.0.a2c88c0e0e60094af2c84dce921779d2
                           .group:00000000 wm4._newlib_version.h.4.411db44ea2338a62eca2f0777f81481b
                           .group:00000000 wm4.newlib.h.27.c836a31b4651d2e2221512767dba946d
                           .group:00000000 wm4.ieeefp.h.77.5ad60f72ea25fc152400b550ac118212
                           .group:00000000 wm4.features.h.22.4e5514d51694f64cae235f84d9e565a5
                           .group:00000000 wm4.config.h.224.88344135d9de3e7ea139102cd6493448
                           .group:00000000 wm4._ansi.h.31.de524f58584151836e90d8620a16f8e8
                           .group:00000000 wm4.stdio.h.31.7c0e28c411445f3f9c5b11accf882760
                           .group:00000000 wm4._default_types.h.6.959254cf5f09734ea7516c89e8bb21bd
                           .group:00000000 wm4.stddef.h.185.cbb642e1ccd385e8aa504b15cb7fb086
                           .group:00000000 wm4.cdefs.h.49.70fc7af612f78ddcace70fdd90b5623b
                           .group:00000000 wm4.stddef.h.39.6817658cc6bc4c7c8354d2009e4a5777
                           .group:00000000 wm4.stdarg.h.34.3a23a216c0c293b3d2ea2e89281481e6
                           .group:00000000 wm4._types.h.20.dd0d04dca3800a0d2a6129b87f3adbb2
                           .group:00000000 wm4.stddef.h.158.6f8e08a347b1cff664332fa350bfceb3
                           .group:00000000 wm4._types.h.127.3bdfe3ff8ea2d0985b03d9cbe93480e3
                           .group:00000000 wm4.reent.h.18.25503cdc8b7e55dd0d6ea7b3e5af7a03
                           .group:00000000 wm4.lock.h.2.c0958401bd0ce484d507ee19aacab817
                           .group:00000000 wm4.reent.h.78.ffae6115d9409cbff6542f042d93715e
                           .group:00000000 wm4.assert.h.11.db24e541f16414db224bf986d21017e2
                           .group:00000000 wm4.reent.h.460.dc5a3362e34409fa841b38093e890350
                           .group:00000000 wm4.stdio.h.67.0cf8a9c281ab0b348aef5c02e7e48825
                           .group:00000000 wm4.stdio.h.2.4aa87247282eca6c8f36f9de33d8df1a
                           .group:00000000 wm4.stdio.h.87.408e5d973372126daeef099c555b2753
                           .group:00000000 wm4.stdlib.h.13.4ed386f5c1a80d71e72172885d946ef2
                           .group:00000000 wm4.stddef.h.158.eec8bf00b5213f43d095cb984c5f22e3
                           .group:00000000 wm4.alloca.h.8.dfc0c703c47ec3e69746825b17d9e66d
                           .group:00000000 wm4.stdlib.h.56.f4862cfbf4363a1db01842d5bdf72c18
                           .group:00000000 wm4.string.h.8.c4b8571ce60dff2817f43fec8b86aecd
                           .group:00000000 wm4.stm32f4xx_hal_conf.h.25.758a9f5dc6450f8647b5af7fe8eb27ed
                           .group:00000000 wm4.stm32f4xx.h.39.163e65267b4f964a08764289722b975f
                           .group:00000000 wm4.stm32f401xc.h.35.52d05665f5a2df9c1992e17eee7d2af5
                           .group:00000000 wm4.stdint.h.29.6d480f4ba0f60596e88234283d42444f
                           .group:00000000 wm4.cmsis_version.h.32.4d5822004c01a829a975260e854b5f8e
                           .group:00000000 wm4.core_cm4.h.66.e4ff136c4a17abc46741866f64f8e729
                           .group:00000000 wm4.cmsis_gcc.h.26.6774fe91202d65f4d5ffcff60e00da34
                           .group:00000000 wm4.core_cm4.h.174.059a5e001a9e729091d1407208e93224
                           .group:00000000 wm4.mpu_armv7.h.32.27b4593cb2f8d3152ca5d97a9d72b321
                           .group:00000000 wm4.stm32f401xc.h.636.9a664cc173dbe5d5f2dac1e758e3577d
                           .group:00000000 wm4.stm32f4xx.h.196.0b21137cf6c6923d8fd1f4d94a3bfdd4
                           .group:00000000 wm4.stm32_hal_legacy.h.23.e2601123cf1b2a3b6d11d949644ddf87
                           .group:00000000 wm4.stm32f4xx_hal_def.h.58.54897f0de68447ab41a176b2bea62238
                           .group:00000000 wm4.stm32f4xx_hal_rcc_ex.h.22.3f3b596cc307dc701c7c99b0fc6c9b58
                           .group:00000000 wm4.stm32f4xx_hal_rcc.h.108.b82c8c670b41d96b2920e2f63661be15
                           .group:00000000 wm4.stm32f4xx_hal_gpio.h.22.e47df9f0f5be4ddc2ed2d14042c5e680
                           .group:00000000 wm4.stm32f4xx_hal_gpio_ex.h.22.5014ee010492a350679453c3b4a59718
                           .group:00000000 wm4.stm32f4xx_hal_gpio.h.255.5b948d47ad1357d6d2213e5e5ca4755c
                           .group:00000000 wm4.stm32f4xx_hal_exti.h.22.1f47767199c5bf749c04088e5c61c9c8
                           .group:00000000 wm4.stm32f4xx_hal_dma.h.22.fffce20ac9119c50557659c75e75ab1c
                           .group:00000000 wm4.stm32f4xx_hal_dma.h.721.a1e57ffbc615f926e6509c5acc65e492
                           .group:00000000 wm4.stm32f4xx_hal_cortex.h.22.e6aa3b847b5388be63c32d1f9e696ef7
                           .group:00000000 wm4.stm32f4xx_ll_adc.h.22.a8e07f8509bbb4868e2c24461c7eee47
                           .group:00000000 wm4.stm32f4xx_hal_adc.h.160.ef18931a059b62efbac7762c6a09e47f
                           .group:00000000 wm4.stm32f4xx_hal_adc_ex.h.22.25ddc09ef7109b33adae2990f50c4304
                           .group:00000000 wm4.stm32f4xx_hal_adc.h.640.733b38c420d3407eb5f8ddd98816c661
                           .group:00000000 wm4.stm32f4xx_hal_flash.h.22.31b301be2655c3eb8583e51c8231544a
ARM GAS  /tmp/ccgoRgjz.s 			page 35


                           .group:00000000 wm4.stm32f4xx_hal_flash_ex.h.22.00cb5cb208d28a1f20f3b257a6f51bad
                           .group:00000000 wm4.stm32f4xx_hal_flash.h.363.51efdf0f6c88f683efb89d7cc95cc1be
                           .group:00000000 wm4.stm32f4xx_hal_pwr.h.22.2c27d93ae187efe3a73816f03a329970
                           .group:00000000 wm4.stm32f4xx_hal_pwr_ex.h.22.04eb3957e13ca6e5ed8952d2d168bdc0
                           .group:00000000 wm4.stm32f4xx_hal_pwr.h.337.60b43975c84527a23cb6994b23165a5e
                           .group:00000000 wm4.stm32f4xx_hal_uart.h.22.591b491756a19342b0bf79eea5b33e1b
                           .group:00000000 wm4.stm32f4xx_ll_usb.h.22.3497d8ac31b2bdafc7c2a34d860c4769
                           .group:00000000 wm4.stm32f4xx_hal_hcd.h.111.a51c3bd0d61d2d8cadb372f7c7d9eccb
                           .group:00000000 wm4.stm32f4xx_hal.h.72.a5a58188aa461a0614f1e58e159c7840
                           .group:00000000 wm4.main.h.71.bc0cb02e68a9e5487bd44975fd1506af
                           .group:00000000 wm4.usbh_conf.h.65.151c65329cc7c235ce65de2a3390581e
                           .group:00000000 wm4.usbh_def.h.22.880def0f14ab205d26992d2a2bb1bab8
                           .group:00000000 wm4.usbh_ioreq.h.50.0074542f2717bb439abbb8fd98a9701e
                           .group:00000000 wm4.usbh_ctlreq.h.22.9bfba4b97481aa4223fea2a82ac65e06
                           .group:00000000 wm4.usbh_core.h.55.ae1dc9825935c4c49bf309379b79900a

UNDEFINED SYMBOLS
HAL_GPIO_Init
HAL_NVIC_SetPriority
HAL_NVIC_EnableIRQ
HAL_GPIO_DeInit
HAL_NVIC_DisableIRQ
USBH_LL_IncTimer
USBH_LL_Connect
USBH_LL_Disconnect
USBH_LL_PortEnabled
USBH_LL_PortDisabled
HAL_HCD_Init
HAL_HCD_GetCurrentFrame
USBH_LL_SetTimer
Error_Handler
HAL_HCD_GetCurrentSpeed
HAL_HCD_HC_GetXferCount
HAL_HCD_HC_GetURBState
HAL_Delay
HAL_HCD_DeInit
HAL_HCD_Start
HAL_HCD_Stop
HAL_HCD_ResetPort
HAL_HCD_HC_Init
HAL_HCD_HC_Halt
HAL_HCD_HC_SubmitRequest
