ARM GAS  /tmp/ccyGUChw.s 			page 1


   1              		.cpu cortex-m4
   2              		.arch armv7e-m
   3              		.fpu fpv4-sp-d16
   4              		.eabi_attribute 27, 1
   5              		.eabi_attribute 28, 1
   6              		.eabi_attribute 20, 1
   7              		.eabi_attribute 21, 1
   8              		.eabi_attribute 23, 3
   9              		.eabi_attribute 24, 1
  10              		.eabi_attribute 25, 1
  11              		.eabi_attribute 26, 1
  12              		.eabi_attribute 30, 1
  13              		.eabi_attribute 34, 1
  14              		.eabi_attribute 18, 4
  15              		.file	"usbh_core.c"
  16              		.text
  17              	.Ltext0:
  18              		.cfi_sections	.debug_frame
  19              		.file 1 "Middlewares/ST/STM32_USB_Host_Library/Core/Src/usbh_core.c"
  20              		.section	.text.DeInitStateMachine,"ax",%progbits
  21              		.align	1
  22              		.syntax unified
  23              		.thumb
  24              		.thumb_func
  26              	DeInitStateMachine:
  27              	.LVL0:
  28              	.LFB221:
   1:Middlewares/ST/STM32_USB_Host_Library/Core/Src/usbh_core.c **** /**
   2:Middlewares/ST/STM32_USB_Host_Library/Core/Src/usbh_core.c ****   ******************************************************************************
   3:Middlewares/ST/STM32_USB_Host_Library/Core/Src/usbh_core.c ****   * @file    usbh_core.c
   4:Middlewares/ST/STM32_USB_Host_Library/Core/Src/usbh_core.c ****   * @author  MCD Application Team
   5:Middlewares/ST/STM32_USB_Host_Library/Core/Src/usbh_core.c ****   * @brief   This file implements the functions for the core state machine process
   6:Middlewares/ST/STM32_USB_Host_Library/Core/Src/usbh_core.c ****   *          the enumeration and the control transfer process
   7:Middlewares/ST/STM32_USB_Host_Library/Core/Src/usbh_core.c ****   ******************************************************************************
   8:Middlewares/ST/STM32_USB_Host_Library/Core/Src/usbh_core.c ****   * @attention
   9:Middlewares/ST/STM32_USB_Host_Library/Core/Src/usbh_core.c ****   *
  10:Middlewares/ST/STM32_USB_Host_Library/Core/Src/usbh_core.c ****   * <h2><center>&copy; Copyright (c) 2015 STMicroelectronics.
  11:Middlewares/ST/STM32_USB_Host_Library/Core/Src/usbh_core.c ****   * All rights reserved.</center></h2>
  12:Middlewares/ST/STM32_USB_Host_Library/Core/Src/usbh_core.c ****   *
  13:Middlewares/ST/STM32_USB_Host_Library/Core/Src/usbh_core.c ****   * This software component is licensed by ST under Ultimate Liberty license
  14:Middlewares/ST/STM32_USB_Host_Library/Core/Src/usbh_core.c ****   * SLA0044, the "License"; You may not use this file except in compliance with
  15:Middlewares/ST/STM32_USB_Host_Library/Core/Src/usbh_core.c ****   * the License. You may obtain a copy of the License at:
  16:Middlewares/ST/STM32_USB_Host_Library/Core/Src/usbh_core.c ****   *                      www.st.com/SLA0044
  17:Middlewares/ST/STM32_USB_Host_Library/Core/Src/usbh_core.c ****   *
  18:Middlewares/ST/STM32_USB_Host_Library/Core/Src/usbh_core.c ****   ******************************************************************************
  19:Middlewares/ST/STM32_USB_Host_Library/Core/Src/usbh_core.c ****   */
  20:Middlewares/ST/STM32_USB_Host_Library/Core/Src/usbh_core.c **** 
  21:Middlewares/ST/STM32_USB_Host_Library/Core/Src/usbh_core.c **** /* Includes ------------------------------------------------------------------*/
  22:Middlewares/ST/STM32_USB_Host_Library/Core/Src/usbh_core.c **** #include "usbh_core.h"
  23:Middlewares/ST/STM32_USB_Host_Library/Core/Src/usbh_core.c **** 
  24:Middlewares/ST/STM32_USB_Host_Library/Core/Src/usbh_core.c **** 
  25:Middlewares/ST/STM32_USB_Host_Library/Core/Src/usbh_core.c **** /** @addtogroup USBH_LIB
  26:Middlewares/ST/STM32_USB_Host_Library/Core/Src/usbh_core.c ****   * @{
  27:Middlewares/ST/STM32_USB_Host_Library/Core/Src/usbh_core.c ****   */
  28:Middlewares/ST/STM32_USB_Host_Library/Core/Src/usbh_core.c **** 
  29:Middlewares/ST/STM32_USB_Host_Library/Core/Src/usbh_core.c **** /** @addtogroup USBH_LIB_CORE
  30:Middlewares/ST/STM32_USB_Host_Library/Core/Src/usbh_core.c ****   * @{
ARM GAS  /tmp/ccyGUChw.s 			page 2


  31:Middlewares/ST/STM32_USB_Host_Library/Core/Src/usbh_core.c ****   */
  32:Middlewares/ST/STM32_USB_Host_Library/Core/Src/usbh_core.c **** 
  33:Middlewares/ST/STM32_USB_Host_Library/Core/Src/usbh_core.c **** /** @defgroup USBH_CORE
  34:Middlewares/ST/STM32_USB_Host_Library/Core/Src/usbh_core.c ****   * @brief This file handles the basic enumeration when a device is connected
  35:Middlewares/ST/STM32_USB_Host_Library/Core/Src/usbh_core.c ****   *          to the host.
  36:Middlewares/ST/STM32_USB_Host_Library/Core/Src/usbh_core.c ****   * @{
  37:Middlewares/ST/STM32_USB_Host_Library/Core/Src/usbh_core.c ****   */
  38:Middlewares/ST/STM32_USB_Host_Library/Core/Src/usbh_core.c **** 
  39:Middlewares/ST/STM32_USB_Host_Library/Core/Src/usbh_core.c **** 
  40:Middlewares/ST/STM32_USB_Host_Library/Core/Src/usbh_core.c **** /** @defgroup USBH_CORE_Private_Defines
  41:Middlewares/ST/STM32_USB_Host_Library/Core/Src/usbh_core.c ****   * @{
  42:Middlewares/ST/STM32_USB_Host_Library/Core/Src/usbh_core.c ****   */
  43:Middlewares/ST/STM32_USB_Host_Library/Core/Src/usbh_core.c **** #define USBH_ADDRESS_DEFAULT                     0x00U
  44:Middlewares/ST/STM32_USB_Host_Library/Core/Src/usbh_core.c **** #define USBH_ADDRESS_ASSIGNED                    0x01U
  45:Middlewares/ST/STM32_USB_Host_Library/Core/Src/usbh_core.c **** #define USBH_MPS_DEFAULT                         0x40U
  46:Middlewares/ST/STM32_USB_Host_Library/Core/Src/usbh_core.c **** /**
  47:Middlewares/ST/STM32_USB_Host_Library/Core/Src/usbh_core.c ****   * @}
  48:Middlewares/ST/STM32_USB_Host_Library/Core/Src/usbh_core.c ****   */
  49:Middlewares/ST/STM32_USB_Host_Library/Core/Src/usbh_core.c **** 
  50:Middlewares/ST/STM32_USB_Host_Library/Core/Src/usbh_core.c **** /** @defgroup USBH_CORE_Private_Macros
  51:Middlewares/ST/STM32_USB_Host_Library/Core/Src/usbh_core.c ****   * @{
  52:Middlewares/ST/STM32_USB_Host_Library/Core/Src/usbh_core.c ****   */
  53:Middlewares/ST/STM32_USB_Host_Library/Core/Src/usbh_core.c **** /**
  54:Middlewares/ST/STM32_USB_Host_Library/Core/Src/usbh_core.c ****   * @}
  55:Middlewares/ST/STM32_USB_Host_Library/Core/Src/usbh_core.c ****   */
  56:Middlewares/ST/STM32_USB_Host_Library/Core/Src/usbh_core.c **** 
  57:Middlewares/ST/STM32_USB_Host_Library/Core/Src/usbh_core.c **** 
  58:Middlewares/ST/STM32_USB_Host_Library/Core/Src/usbh_core.c **** /** @defgroup USBH_CORE_Private_Variables
  59:Middlewares/ST/STM32_USB_Host_Library/Core/Src/usbh_core.c ****   * @{
  60:Middlewares/ST/STM32_USB_Host_Library/Core/Src/usbh_core.c ****   */
  61:Middlewares/ST/STM32_USB_Host_Library/Core/Src/usbh_core.c **** #if (USBH_USE_OS == 1U)
  62:Middlewares/ST/STM32_USB_Host_Library/Core/Src/usbh_core.c **** #if (osCMSIS >= 0x20000U)
  63:Middlewares/ST/STM32_USB_Host_Library/Core/Src/usbh_core.c **** osThreadAttr_t USBH_Thread_Atrr;
  64:Middlewares/ST/STM32_USB_Host_Library/Core/Src/usbh_core.c **** #endif
  65:Middlewares/ST/STM32_USB_Host_Library/Core/Src/usbh_core.c **** #endif
  66:Middlewares/ST/STM32_USB_Host_Library/Core/Src/usbh_core.c **** 
  67:Middlewares/ST/STM32_USB_Host_Library/Core/Src/usbh_core.c **** 
  68:Middlewares/ST/STM32_USB_Host_Library/Core/Src/usbh_core.c **** /**
  69:Middlewares/ST/STM32_USB_Host_Library/Core/Src/usbh_core.c ****   * @}
  70:Middlewares/ST/STM32_USB_Host_Library/Core/Src/usbh_core.c ****   */
  71:Middlewares/ST/STM32_USB_Host_Library/Core/Src/usbh_core.c **** 
  72:Middlewares/ST/STM32_USB_Host_Library/Core/Src/usbh_core.c **** 
  73:Middlewares/ST/STM32_USB_Host_Library/Core/Src/usbh_core.c **** /** @defgroup USBH_CORE_Private_Functions
  74:Middlewares/ST/STM32_USB_Host_Library/Core/Src/usbh_core.c ****   * @{
  75:Middlewares/ST/STM32_USB_Host_Library/Core/Src/usbh_core.c ****   */
  76:Middlewares/ST/STM32_USB_Host_Library/Core/Src/usbh_core.c **** static USBH_StatusTypeDef USBH_HandleEnum(USBH_HandleTypeDef *phost);
  77:Middlewares/ST/STM32_USB_Host_Library/Core/Src/usbh_core.c **** static void USBH_HandleSof(USBH_HandleTypeDef *phost);
  78:Middlewares/ST/STM32_USB_Host_Library/Core/Src/usbh_core.c **** static USBH_StatusTypeDef DeInitStateMachine(USBH_HandleTypeDef *phost);
  79:Middlewares/ST/STM32_USB_Host_Library/Core/Src/usbh_core.c **** 
  80:Middlewares/ST/STM32_USB_Host_Library/Core/Src/usbh_core.c **** #if (USBH_USE_OS == 1U)
  81:Middlewares/ST/STM32_USB_Host_Library/Core/Src/usbh_core.c **** #if (osCMSIS < 0x20000U)
  82:Middlewares/ST/STM32_USB_Host_Library/Core/Src/usbh_core.c **** static void USBH_Process_OS(void const *argument);
  83:Middlewares/ST/STM32_USB_Host_Library/Core/Src/usbh_core.c **** #else
  84:Middlewares/ST/STM32_USB_Host_Library/Core/Src/usbh_core.c **** static void USBH_Process_OS(void *argument);
  85:Middlewares/ST/STM32_USB_Host_Library/Core/Src/usbh_core.c **** #endif
  86:Middlewares/ST/STM32_USB_Host_Library/Core/Src/usbh_core.c **** #endif
  87:Middlewares/ST/STM32_USB_Host_Library/Core/Src/usbh_core.c **** 
ARM GAS  /tmp/ccyGUChw.s 			page 3


  88:Middlewares/ST/STM32_USB_Host_Library/Core/Src/usbh_core.c **** 
  89:Middlewares/ST/STM32_USB_Host_Library/Core/Src/usbh_core.c **** /**
  90:Middlewares/ST/STM32_USB_Host_Library/Core/Src/usbh_core.c ****   * @brief  HCD_Init
  91:Middlewares/ST/STM32_USB_Host_Library/Core/Src/usbh_core.c ****   *         Initialize the HOST Core.
  92:Middlewares/ST/STM32_USB_Host_Library/Core/Src/usbh_core.c ****   * @param  phost: Host Handle
  93:Middlewares/ST/STM32_USB_Host_Library/Core/Src/usbh_core.c ****   * @param  pUsrFunc: User Callback
  94:Middlewares/ST/STM32_USB_Host_Library/Core/Src/usbh_core.c ****   * @retval USBH Status
  95:Middlewares/ST/STM32_USB_Host_Library/Core/Src/usbh_core.c ****   */
  96:Middlewares/ST/STM32_USB_Host_Library/Core/Src/usbh_core.c **** USBH_StatusTypeDef  USBH_Init(USBH_HandleTypeDef *phost,
  97:Middlewares/ST/STM32_USB_Host_Library/Core/Src/usbh_core.c ****                               void (*pUsrFunc)(USBH_HandleTypeDef *phost,
  98:Middlewares/ST/STM32_USB_Host_Library/Core/Src/usbh_core.c ****                               uint8_t id), uint8_t id)
  99:Middlewares/ST/STM32_USB_Host_Library/Core/Src/usbh_core.c **** {
 100:Middlewares/ST/STM32_USB_Host_Library/Core/Src/usbh_core.c ****   /* Check whether the USB Host handle is valid */
 101:Middlewares/ST/STM32_USB_Host_Library/Core/Src/usbh_core.c ****   if (phost == NULL)
 102:Middlewares/ST/STM32_USB_Host_Library/Core/Src/usbh_core.c ****   {
 103:Middlewares/ST/STM32_USB_Host_Library/Core/Src/usbh_core.c ****     USBH_ErrLog("Invalid Host handle");
 104:Middlewares/ST/STM32_USB_Host_Library/Core/Src/usbh_core.c ****     return USBH_FAIL;
 105:Middlewares/ST/STM32_USB_Host_Library/Core/Src/usbh_core.c ****   }
 106:Middlewares/ST/STM32_USB_Host_Library/Core/Src/usbh_core.c **** 
 107:Middlewares/ST/STM32_USB_Host_Library/Core/Src/usbh_core.c ****   /* Set DRiver ID */
 108:Middlewares/ST/STM32_USB_Host_Library/Core/Src/usbh_core.c ****   phost->id = id;
 109:Middlewares/ST/STM32_USB_Host_Library/Core/Src/usbh_core.c **** 
 110:Middlewares/ST/STM32_USB_Host_Library/Core/Src/usbh_core.c ****   /* Unlink class*/
 111:Middlewares/ST/STM32_USB_Host_Library/Core/Src/usbh_core.c ****   phost->pActiveClass = NULL;
 112:Middlewares/ST/STM32_USB_Host_Library/Core/Src/usbh_core.c ****   phost->ClassNumber = 0U;
 113:Middlewares/ST/STM32_USB_Host_Library/Core/Src/usbh_core.c **** 
 114:Middlewares/ST/STM32_USB_Host_Library/Core/Src/usbh_core.c ****   /* Restore default states and prepare EP0 */
 115:Middlewares/ST/STM32_USB_Host_Library/Core/Src/usbh_core.c ****   DeInitStateMachine(phost);
 116:Middlewares/ST/STM32_USB_Host_Library/Core/Src/usbh_core.c **** 
 117:Middlewares/ST/STM32_USB_Host_Library/Core/Src/usbh_core.c ****   /* Restore default Device connection states */
 118:Middlewares/ST/STM32_USB_Host_Library/Core/Src/usbh_core.c ****   phost->device.PortEnabled = 0U;
 119:Middlewares/ST/STM32_USB_Host_Library/Core/Src/usbh_core.c ****   phost->device.is_connected = 0U;
 120:Middlewares/ST/STM32_USB_Host_Library/Core/Src/usbh_core.c ****   phost->device.is_disconnected = 0U;
 121:Middlewares/ST/STM32_USB_Host_Library/Core/Src/usbh_core.c ****   phost->device.is_ReEnumerated = 0U;
 122:Middlewares/ST/STM32_USB_Host_Library/Core/Src/usbh_core.c **** 
 123:Middlewares/ST/STM32_USB_Host_Library/Core/Src/usbh_core.c ****   /* Assign User process */
 124:Middlewares/ST/STM32_USB_Host_Library/Core/Src/usbh_core.c ****   if (pUsrFunc != NULL)
 125:Middlewares/ST/STM32_USB_Host_Library/Core/Src/usbh_core.c ****   {
 126:Middlewares/ST/STM32_USB_Host_Library/Core/Src/usbh_core.c ****     phost->pUser = pUsrFunc;
 127:Middlewares/ST/STM32_USB_Host_Library/Core/Src/usbh_core.c ****   }
 128:Middlewares/ST/STM32_USB_Host_Library/Core/Src/usbh_core.c **** 
 129:Middlewares/ST/STM32_USB_Host_Library/Core/Src/usbh_core.c **** #if (USBH_USE_OS == 1U)
 130:Middlewares/ST/STM32_USB_Host_Library/Core/Src/usbh_core.c **** #if (osCMSIS < 0x20000U)
 131:Middlewares/ST/STM32_USB_Host_Library/Core/Src/usbh_core.c **** 
 132:Middlewares/ST/STM32_USB_Host_Library/Core/Src/usbh_core.c ****   /* Create USB Host Queue */
 133:Middlewares/ST/STM32_USB_Host_Library/Core/Src/usbh_core.c ****   osMessageQDef(USBH_Queue, MSGQUEUE_OBJECTS, uint16_t);
 134:Middlewares/ST/STM32_USB_Host_Library/Core/Src/usbh_core.c ****   phost->os_event = osMessageCreate(osMessageQ(USBH_Queue), NULL);
 135:Middlewares/ST/STM32_USB_Host_Library/Core/Src/usbh_core.c **** 
 136:Middlewares/ST/STM32_USB_Host_Library/Core/Src/usbh_core.c ****   /* Create USB Host Task */
 137:Middlewares/ST/STM32_USB_Host_Library/Core/Src/usbh_core.c **** #if defined (USBH_PROCESS_STACK_SIZE)
 138:Middlewares/ST/STM32_USB_Host_Library/Core/Src/usbh_core.c ****   osThreadDef(USBH_Thread, USBH_Process_OS, USBH_PROCESS_PRIO, 0U, USBH_PROCESS_STACK_SIZE);
 139:Middlewares/ST/STM32_USB_Host_Library/Core/Src/usbh_core.c **** #else
 140:Middlewares/ST/STM32_USB_Host_Library/Core/Src/usbh_core.c ****   osThreadDef(USBH_Thread, USBH_Process_OS, USBH_PROCESS_PRIO, 0U, 8U * configMINIMAL_STACK_SIZE);
 141:Middlewares/ST/STM32_USB_Host_Library/Core/Src/usbh_core.c **** #endif /* defined (USBH_PROCESS_STACK_SIZE) */
 142:Middlewares/ST/STM32_USB_Host_Library/Core/Src/usbh_core.c **** 
 143:Middlewares/ST/STM32_USB_Host_Library/Core/Src/usbh_core.c ****   phost->thread = osThreadCreate(osThread(USBH_Thread), phost);
 144:Middlewares/ST/STM32_USB_Host_Library/Core/Src/usbh_core.c **** 
ARM GAS  /tmp/ccyGUChw.s 			page 4


 145:Middlewares/ST/STM32_USB_Host_Library/Core/Src/usbh_core.c **** #else
 146:Middlewares/ST/STM32_USB_Host_Library/Core/Src/usbh_core.c **** 
 147:Middlewares/ST/STM32_USB_Host_Library/Core/Src/usbh_core.c ****   /* Create USB Host Queue */
 148:Middlewares/ST/STM32_USB_Host_Library/Core/Src/usbh_core.c ****   phost->os_event = osMessageQueueNew(MSGQUEUE_OBJECTS, sizeof(uint32_t), NULL);
 149:Middlewares/ST/STM32_USB_Host_Library/Core/Src/usbh_core.c **** 
 150:Middlewares/ST/STM32_USB_Host_Library/Core/Src/usbh_core.c ****   /* Create USB Host Task */
 151:Middlewares/ST/STM32_USB_Host_Library/Core/Src/usbh_core.c ****   USBH_Thread_Atrr.name = "USBH_Queue";
 152:Middlewares/ST/STM32_USB_Host_Library/Core/Src/usbh_core.c **** 
 153:Middlewares/ST/STM32_USB_Host_Library/Core/Src/usbh_core.c **** #if defined (USBH_PROCESS_STACK_SIZE)
 154:Middlewares/ST/STM32_USB_Host_Library/Core/Src/usbh_core.c ****   USBH_Thread_Atrr.stack_size = USBH_PROCESS_STACK_SIZE;
 155:Middlewares/ST/STM32_USB_Host_Library/Core/Src/usbh_core.c **** #else
 156:Middlewares/ST/STM32_USB_Host_Library/Core/Src/usbh_core.c ****   USBH_Thread_Atrr.stack_size = (8U * configMINIMAL_STACK_SIZE);
 157:Middlewares/ST/STM32_USB_Host_Library/Core/Src/usbh_core.c **** #endif /* defined (USBH_PROCESS_STACK_SIZE) */
 158:Middlewares/ST/STM32_USB_Host_Library/Core/Src/usbh_core.c **** 
 159:Middlewares/ST/STM32_USB_Host_Library/Core/Src/usbh_core.c ****   USBH_Thread_Atrr.priority = USBH_PROCESS_PRIO;
 160:Middlewares/ST/STM32_USB_Host_Library/Core/Src/usbh_core.c ****   phost->thread = osThreadNew(USBH_Process_OS, phost, &USBH_Thread_Atrr);
 161:Middlewares/ST/STM32_USB_Host_Library/Core/Src/usbh_core.c **** 
 162:Middlewares/ST/STM32_USB_Host_Library/Core/Src/usbh_core.c **** #endif /* (osCMSIS < 0x20000U) */
 163:Middlewares/ST/STM32_USB_Host_Library/Core/Src/usbh_core.c **** #endif /* (USBH_USE_OS == 1U) */
 164:Middlewares/ST/STM32_USB_Host_Library/Core/Src/usbh_core.c **** 
 165:Middlewares/ST/STM32_USB_Host_Library/Core/Src/usbh_core.c ****   /* Initialize low level driver */
 166:Middlewares/ST/STM32_USB_Host_Library/Core/Src/usbh_core.c ****   USBH_LL_Init(phost);
 167:Middlewares/ST/STM32_USB_Host_Library/Core/Src/usbh_core.c **** 
 168:Middlewares/ST/STM32_USB_Host_Library/Core/Src/usbh_core.c ****   return USBH_OK;
 169:Middlewares/ST/STM32_USB_Host_Library/Core/Src/usbh_core.c **** }
 170:Middlewares/ST/STM32_USB_Host_Library/Core/Src/usbh_core.c **** 
 171:Middlewares/ST/STM32_USB_Host_Library/Core/Src/usbh_core.c **** 
 172:Middlewares/ST/STM32_USB_Host_Library/Core/Src/usbh_core.c **** /**
 173:Middlewares/ST/STM32_USB_Host_Library/Core/Src/usbh_core.c ****   * @brief  HCD_Init
 174:Middlewares/ST/STM32_USB_Host_Library/Core/Src/usbh_core.c ****   *         De-Initialize the Host portion of the driver.
 175:Middlewares/ST/STM32_USB_Host_Library/Core/Src/usbh_core.c ****   * @param  phost: Host Handle
 176:Middlewares/ST/STM32_USB_Host_Library/Core/Src/usbh_core.c ****   * @retval USBH Status
 177:Middlewares/ST/STM32_USB_Host_Library/Core/Src/usbh_core.c ****   */
 178:Middlewares/ST/STM32_USB_Host_Library/Core/Src/usbh_core.c **** USBH_StatusTypeDef USBH_DeInit(USBH_HandleTypeDef *phost)
 179:Middlewares/ST/STM32_USB_Host_Library/Core/Src/usbh_core.c **** {
 180:Middlewares/ST/STM32_USB_Host_Library/Core/Src/usbh_core.c ****   DeInitStateMachine(phost);
 181:Middlewares/ST/STM32_USB_Host_Library/Core/Src/usbh_core.c **** 
 182:Middlewares/ST/STM32_USB_Host_Library/Core/Src/usbh_core.c ****   /* Restore default Device connection states */
 183:Middlewares/ST/STM32_USB_Host_Library/Core/Src/usbh_core.c ****   phost->device.PortEnabled = 0U;
 184:Middlewares/ST/STM32_USB_Host_Library/Core/Src/usbh_core.c ****   phost->device.is_connected = 0U;
 185:Middlewares/ST/STM32_USB_Host_Library/Core/Src/usbh_core.c ****   phost->device.is_disconnected = 0U;
 186:Middlewares/ST/STM32_USB_Host_Library/Core/Src/usbh_core.c ****   phost->device.is_ReEnumerated = 0U;
 187:Middlewares/ST/STM32_USB_Host_Library/Core/Src/usbh_core.c ****   phost->device.RstCnt = 0U;
 188:Middlewares/ST/STM32_USB_Host_Library/Core/Src/usbh_core.c ****   phost->device.EnumCnt = 0U;
 189:Middlewares/ST/STM32_USB_Host_Library/Core/Src/usbh_core.c **** 
 190:Middlewares/ST/STM32_USB_Host_Library/Core/Src/usbh_core.c ****   if (phost->pData != NULL)
 191:Middlewares/ST/STM32_USB_Host_Library/Core/Src/usbh_core.c ****   {
 192:Middlewares/ST/STM32_USB_Host_Library/Core/Src/usbh_core.c ****     USBH_LL_Stop(phost);
 193:Middlewares/ST/STM32_USB_Host_Library/Core/Src/usbh_core.c ****   }
 194:Middlewares/ST/STM32_USB_Host_Library/Core/Src/usbh_core.c **** 
 195:Middlewares/ST/STM32_USB_Host_Library/Core/Src/usbh_core.c ****   return USBH_OK;
 196:Middlewares/ST/STM32_USB_Host_Library/Core/Src/usbh_core.c **** }
 197:Middlewares/ST/STM32_USB_Host_Library/Core/Src/usbh_core.c **** 
 198:Middlewares/ST/STM32_USB_Host_Library/Core/Src/usbh_core.c **** 
 199:Middlewares/ST/STM32_USB_Host_Library/Core/Src/usbh_core.c **** /**
 200:Middlewares/ST/STM32_USB_Host_Library/Core/Src/usbh_core.c ****   * @brief  DeInitStateMachine
 201:Middlewares/ST/STM32_USB_Host_Library/Core/Src/usbh_core.c ****   *         De-Initialize the Host state machine.
ARM GAS  /tmp/ccyGUChw.s 			page 5


 202:Middlewares/ST/STM32_USB_Host_Library/Core/Src/usbh_core.c ****   * @param  phost: Host Handle
 203:Middlewares/ST/STM32_USB_Host_Library/Core/Src/usbh_core.c ****   * @retval USBH Status
 204:Middlewares/ST/STM32_USB_Host_Library/Core/Src/usbh_core.c ****   */
 205:Middlewares/ST/STM32_USB_Host_Library/Core/Src/usbh_core.c **** static USBH_StatusTypeDef DeInitStateMachine(USBH_HandleTypeDef *phost)
 206:Middlewares/ST/STM32_USB_Host_Library/Core/Src/usbh_core.c **** {
  29              		.loc 1 206 1 view -0
  30              		.cfi_startproc
  31              		@ args = 0, pretend = 0, frame = 0
  32              		@ frame_needed = 0, uses_anonymous_args = 0
  33              		@ link register save eliminated.
  34              		.loc 1 206 1 is_stmt 0 view .LVU1
  35 0000 8446     		mov	ip, r0
 207:Middlewares/ST/STM32_USB_Host_Library/Core/Src/usbh_core.c ****   uint32_t i = 0U;
  36              		.loc 1 207 3 is_stmt 1 view .LVU2
  37              	.LVL1:
 208:Middlewares/ST/STM32_USB_Host_Library/Core/Src/usbh_core.c **** 
 209:Middlewares/ST/STM32_USB_Host_Library/Core/Src/usbh_core.c ****   /* Clear Pipes flags*/
 210:Middlewares/ST/STM32_USB_Host_Library/Core/Src/usbh_core.c ****   for (i = 0U; i < USBH_MAX_PIPES_NBR; i++)
  38              		.loc 1 210 3 view .LVU3
  39              		.loc 1 210 10 is_stmt 0 view .LVU4
  40 0002 0023     		movs	r3, #0
  41              		.loc 1 210 3 view .LVU5
  42 0004 06E0     		b	.L2
  43              	.LVL2:
  44              	.L3:
 211:Middlewares/ST/STM32_USB_Host_Library/Core/Src/usbh_core.c ****   {
 212:Middlewares/ST/STM32_USB_Host_Library/Core/Src/usbh_core.c ****     phost->Pipes[i] = 0U;
  45              		.loc 1 212 5 is_stmt 1 view .LVU6
  46              		.loc 1 212 21 is_stmt 0 view .LVU7
  47 0006 03F1E002 		add	r2, r3, #224
  48 000a 0CEB8202 		add	r2, ip, r2, lsl #2
  49 000e 0021     		movs	r1, #0
  50 0010 5160     		str	r1, [r2, #4]
 210:Middlewares/ST/STM32_USB_Host_Library/Core/Src/usbh_core.c ****   {
  51              		.loc 1 210 41 is_stmt 1 discriminator 3 view .LVU8
  52 0012 0133     		adds	r3, r3, #1
  53              	.LVL3:
  54              	.L2:
 210:Middlewares/ST/STM32_USB_Host_Library/Core/Src/usbh_core.c ****   {
  55              		.loc 1 210 18 discriminator 1 view .LVU9
  56 0014 0E2B     		cmp	r3, #14
  57 0016 F6D9     		bls	.L3
 213:Middlewares/ST/STM32_USB_Host_Library/Core/Src/usbh_core.c ****   }
 214:Middlewares/ST/STM32_USB_Host_Library/Core/Src/usbh_core.c **** 
 215:Middlewares/ST/STM32_USB_Host_Library/Core/Src/usbh_core.c ****   for (i = 0U; i < USBH_MAX_DATA_BUFFER; i++)
  58              		.loc 1 215 10 is_stmt 0 view .LVU10
  59 0018 0023     		movs	r3, #0
  60              	.LVL4:
  61              		.loc 1 215 10 view .LVU11
  62 001a 05E0     		b	.L4
  63              	.LVL5:
  64              	.L5:
 216:Middlewares/ST/STM32_USB_Host_Library/Core/Src/usbh_core.c ****   {
 217:Middlewares/ST/STM32_USB_Host_Library/Core/Src/usbh_core.c ****     phost->device.Data[i] = 0U;
  65              		.loc 1 217 5 is_stmt 1 view .LVU12
  66              		.loc 1 217 27 is_stmt 0 view .LVU13
  67 001c 0CEB0302 		add	r2, ip, r3
ARM GAS  /tmp/ccyGUChw.s 			page 6


  68 0020 0021     		movs	r1, #0
  69 0022 82F81C11 		strb	r1, [r2, #284]
 215:Middlewares/ST/STM32_USB_Host_Library/Core/Src/usbh_core.c ****   {
  70              		.loc 1 215 43 is_stmt 1 discriminator 3 view .LVU14
  71 0026 0133     		adds	r3, r3, #1
  72              	.LVL6:
  73              	.L4:
 215:Middlewares/ST/STM32_USB_Host_Library/Core/Src/usbh_core.c ****   {
  74              		.loc 1 215 18 discriminator 1 view .LVU15
  75 0028 B3F5007F 		cmp	r3, #512
  76 002c F6D3     		bcc	.L5
 218:Middlewares/ST/STM32_USB_Host_Library/Core/Src/usbh_core.c ****   }
 219:Middlewares/ST/STM32_USB_Host_Library/Core/Src/usbh_core.c **** 
 220:Middlewares/ST/STM32_USB_Host_Library/Core/Src/usbh_core.c ****   phost->gState = HOST_IDLE;
  77              		.loc 1 220 3 view .LVU16
  78              		.loc 1 220 17 is_stmt 0 view .LVU17
  79 002e 0020     		movs	r0, #0
  80              	.LVL7:
  81              		.loc 1 220 17 view .LVU18
  82 0030 8CF80000 		strb	r0, [ip]
 221:Middlewares/ST/STM32_USB_Host_Library/Core/Src/usbh_core.c ****   phost->EnumState = ENUM_IDLE;
  83              		.loc 1 221 3 is_stmt 1 view .LVU19
  84              		.loc 1 221 20 is_stmt 0 view .LVU20
  85 0034 8CF80100 		strb	r0, [ip, #1]
 222:Middlewares/ST/STM32_USB_Host_Library/Core/Src/usbh_core.c ****   phost->RequestState = CMD_SEND;
  86              		.loc 1 222 3 is_stmt 1 view .LVU21
  87              		.loc 1 222 23 is_stmt 0 view .LVU22
  88 0038 0123     		movs	r3, #1
  89              	.LVL8:
  90              		.loc 1 222 23 view .LVU23
  91 003a 8CF80230 		strb	r3, [ip, #2]
 223:Middlewares/ST/STM32_USB_Host_Library/Core/Src/usbh_core.c ****   phost->Timer = 0U;
  92              		.loc 1 223 3 is_stmt 1 view .LVU24
  93              		.loc 1 223 16 is_stmt 0 view .LVU25
  94 003e CCF8C403 		str	r0, [ip, #964]
 224:Middlewares/ST/STM32_USB_Host_Library/Core/Src/usbh_core.c **** 
 225:Middlewares/ST/STM32_USB_Host_Library/Core/Src/usbh_core.c ****   phost->Control.state = CTRL_SETUP;
  95              		.loc 1 225 3 is_stmt 1 view .LVU26
  96              		.loc 1 225 24 is_stmt 0 view .LVU27
  97 0042 8CF81830 		strb	r3, [ip, #24]
 226:Middlewares/ST/STM32_USB_Host_Library/Core/Src/usbh_core.c ****   phost->Control.pipe_size = USBH_MPS_DEFAULT;
  98              		.loc 1 226 3 is_stmt 1 view .LVU28
  99              		.loc 1 226 28 is_stmt 0 view .LVU29
 100 0046 4022     		movs	r2, #64
 101 0048 8CF80620 		strb	r2, [ip, #6]
 227:Middlewares/ST/STM32_USB_Host_Library/Core/Src/usbh_core.c ****   phost->Control.errorcount = 0U;
 102              		.loc 1 227 3 is_stmt 1 view .LVU30
 103              		.loc 1 227 29 is_stmt 0 view .LVU31
 104 004c 8CF81900 		strb	r0, [ip, #25]
 228:Middlewares/ST/STM32_USB_Host_Library/Core/Src/usbh_core.c **** 
 229:Middlewares/ST/STM32_USB_Host_Library/Core/Src/usbh_core.c ****   phost->device.address = USBH_ADDRESS_DEFAULT;
 105              		.loc 1 229 3 is_stmt 1 view .LVU32
 106              		.loc 1 229 25 is_stmt 0 view .LVU33
 107 0050 8CF81C03 		strb	r0, [ip, #796]
 230:Middlewares/ST/STM32_USB_Host_Library/Core/Src/usbh_core.c ****   phost->device.speed = USBH_SPEED_FULL;
 108              		.loc 1 230 3 is_stmt 1 view .LVU34
 109              		.loc 1 230 23 is_stmt 0 view .LVU35
ARM GAS  /tmp/ccyGUChw.s 			page 7


 110 0054 8CF81D33 		strb	r3, [ip, #797]
 231:Middlewares/ST/STM32_USB_Host_Library/Core/Src/usbh_core.c ****   phost->device.RstCnt = 0U;
 111              		.loc 1 231 3 is_stmt 1 view .LVU36
 112              		.loc 1 231 24 is_stmt 0 view .LVU37
 113 0058 8CF81F03 		strb	r0, [ip, #799]
 232:Middlewares/ST/STM32_USB_Host_Library/Core/Src/usbh_core.c ****   phost->device.EnumCnt = 0U;
 114              		.loc 1 232 3 is_stmt 1 view .LVU38
 115              		.loc 1 232 25 is_stmt 0 view .LVU39
 116 005c 8CF81E03 		strb	r0, [ip, #798]
 233:Middlewares/ST/STM32_USB_Host_Library/Core/Src/usbh_core.c **** 
 234:Middlewares/ST/STM32_USB_Host_Library/Core/Src/usbh_core.c ****   return USBH_OK;
 117              		.loc 1 234 3 is_stmt 1 view .LVU40
 235:Middlewares/ST/STM32_USB_Host_Library/Core/Src/usbh_core.c **** }
 118              		.loc 1 235 1 is_stmt 0 view .LVU41
 119 0060 7047     		bx	lr
 120              		.cfi_endproc
 121              	.LFE221:
 123              		.section	.text.USBH_HandleSof,"ax",%progbits
 124              		.align	1
 125              		.syntax unified
 126              		.thumb
 127              		.thumb_func
 129              	USBH_HandleSof:
 130              	.LVL9:
 131              	.LFB234:
 236:Middlewares/ST/STM32_USB_Host_Library/Core/Src/usbh_core.c **** 
 237:Middlewares/ST/STM32_USB_Host_Library/Core/Src/usbh_core.c **** 
 238:Middlewares/ST/STM32_USB_Host_Library/Core/Src/usbh_core.c **** /**
 239:Middlewares/ST/STM32_USB_Host_Library/Core/Src/usbh_core.c ****   * @brief  USBH_RegisterClass
 240:Middlewares/ST/STM32_USB_Host_Library/Core/Src/usbh_core.c ****   *         Link class driver to Host Core.
 241:Middlewares/ST/STM32_USB_Host_Library/Core/Src/usbh_core.c ****   * @param  phost : Host Handle
 242:Middlewares/ST/STM32_USB_Host_Library/Core/Src/usbh_core.c ****   * @param  pclass: Class handle
 243:Middlewares/ST/STM32_USB_Host_Library/Core/Src/usbh_core.c ****   * @retval USBH Status
 244:Middlewares/ST/STM32_USB_Host_Library/Core/Src/usbh_core.c ****   */
 245:Middlewares/ST/STM32_USB_Host_Library/Core/Src/usbh_core.c **** USBH_StatusTypeDef USBH_RegisterClass(USBH_HandleTypeDef *phost, USBH_ClassTypeDef *pclass)
 246:Middlewares/ST/STM32_USB_Host_Library/Core/Src/usbh_core.c **** {
 247:Middlewares/ST/STM32_USB_Host_Library/Core/Src/usbh_core.c ****   USBH_StatusTypeDef status = USBH_OK;
 248:Middlewares/ST/STM32_USB_Host_Library/Core/Src/usbh_core.c **** 
 249:Middlewares/ST/STM32_USB_Host_Library/Core/Src/usbh_core.c ****   if (pclass != NULL)
 250:Middlewares/ST/STM32_USB_Host_Library/Core/Src/usbh_core.c ****   {
 251:Middlewares/ST/STM32_USB_Host_Library/Core/Src/usbh_core.c ****     if (phost->ClassNumber < USBH_MAX_NUM_SUPPORTED_CLASS)
 252:Middlewares/ST/STM32_USB_Host_Library/Core/Src/usbh_core.c ****     {
 253:Middlewares/ST/STM32_USB_Host_Library/Core/Src/usbh_core.c ****       /* link the class to the USB Host handle */
 254:Middlewares/ST/STM32_USB_Host_Library/Core/Src/usbh_core.c ****       phost->pClass[phost->ClassNumber++] = pclass;
 255:Middlewares/ST/STM32_USB_Host_Library/Core/Src/usbh_core.c ****       status = USBH_OK;
 256:Middlewares/ST/STM32_USB_Host_Library/Core/Src/usbh_core.c ****     }
 257:Middlewares/ST/STM32_USB_Host_Library/Core/Src/usbh_core.c ****     else
 258:Middlewares/ST/STM32_USB_Host_Library/Core/Src/usbh_core.c ****     {
 259:Middlewares/ST/STM32_USB_Host_Library/Core/Src/usbh_core.c ****       USBH_ErrLog("Max Class Number reached");
 260:Middlewares/ST/STM32_USB_Host_Library/Core/Src/usbh_core.c ****       status = USBH_FAIL;
 261:Middlewares/ST/STM32_USB_Host_Library/Core/Src/usbh_core.c ****     }
 262:Middlewares/ST/STM32_USB_Host_Library/Core/Src/usbh_core.c ****   }
 263:Middlewares/ST/STM32_USB_Host_Library/Core/Src/usbh_core.c ****   else
 264:Middlewares/ST/STM32_USB_Host_Library/Core/Src/usbh_core.c ****   {
 265:Middlewares/ST/STM32_USB_Host_Library/Core/Src/usbh_core.c ****     USBH_ErrLog("Invalid Class handle");
 266:Middlewares/ST/STM32_USB_Host_Library/Core/Src/usbh_core.c ****     status = USBH_FAIL;
 267:Middlewares/ST/STM32_USB_Host_Library/Core/Src/usbh_core.c ****   }
ARM GAS  /tmp/ccyGUChw.s 			page 8


 268:Middlewares/ST/STM32_USB_Host_Library/Core/Src/usbh_core.c **** 
 269:Middlewares/ST/STM32_USB_Host_Library/Core/Src/usbh_core.c ****   return status;
 270:Middlewares/ST/STM32_USB_Host_Library/Core/Src/usbh_core.c **** }
 271:Middlewares/ST/STM32_USB_Host_Library/Core/Src/usbh_core.c **** 
 272:Middlewares/ST/STM32_USB_Host_Library/Core/Src/usbh_core.c **** 
 273:Middlewares/ST/STM32_USB_Host_Library/Core/Src/usbh_core.c **** /**
 274:Middlewares/ST/STM32_USB_Host_Library/Core/Src/usbh_core.c ****   * @brief  USBH_SelectInterface
 275:Middlewares/ST/STM32_USB_Host_Library/Core/Src/usbh_core.c ****   *         Select current interface.
 276:Middlewares/ST/STM32_USB_Host_Library/Core/Src/usbh_core.c ****   * @param  phost: Host Handle
 277:Middlewares/ST/STM32_USB_Host_Library/Core/Src/usbh_core.c ****   * @param  interface: Interface number
 278:Middlewares/ST/STM32_USB_Host_Library/Core/Src/usbh_core.c ****   * @retval USBH Status
 279:Middlewares/ST/STM32_USB_Host_Library/Core/Src/usbh_core.c ****   */
 280:Middlewares/ST/STM32_USB_Host_Library/Core/Src/usbh_core.c **** USBH_StatusTypeDef USBH_SelectInterface(USBH_HandleTypeDef *phost, uint8_t interface)
 281:Middlewares/ST/STM32_USB_Host_Library/Core/Src/usbh_core.c **** {
 282:Middlewares/ST/STM32_USB_Host_Library/Core/Src/usbh_core.c ****   USBH_StatusTypeDef status = USBH_OK;
 283:Middlewares/ST/STM32_USB_Host_Library/Core/Src/usbh_core.c **** 
 284:Middlewares/ST/STM32_USB_Host_Library/Core/Src/usbh_core.c ****   if (interface < phost->device.CfgDesc.bNumInterfaces)
 285:Middlewares/ST/STM32_USB_Host_Library/Core/Src/usbh_core.c ****   {
 286:Middlewares/ST/STM32_USB_Host_Library/Core/Src/usbh_core.c ****     phost->device.current_interface = interface;
 287:Middlewares/ST/STM32_USB_Host_Library/Core/Src/usbh_core.c ****     USBH_UsrLog("Switching to Interface (#%d)", interface);
 288:Middlewares/ST/STM32_USB_Host_Library/Core/Src/usbh_core.c ****     USBH_UsrLog("Class    : %xh", phost->device.CfgDesc.Itf_Desc[interface].bInterfaceClass);
 289:Middlewares/ST/STM32_USB_Host_Library/Core/Src/usbh_core.c ****     USBH_UsrLog("SubClass : %xh", phost->device.CfgDesc.Itf_Desc[interface].bInterfaceSubClass);
 290:Middlewares/ST/STM32_USB_Host_Library/Core/Src/usbh_core.c ****     USBH_UsrLog("Protocol : %xh", phost->device.CfgDesc.Itf_Desc[interface].bInterfaceProtocol);
 291:Middlewares/ST/STM32_USB_Host_Library/Core/Src/usbh_core.c ****   }
 292:Middlewares/ST/STM32_USB_Host_Library/Core/Src/usbh_core.c ****   else
 293:Middlewares/ST/STM32_USB_Host_Library/Core/Src/usbh_core.c ****   {
 294:Middlewares/ST/STM32_USB_Host_Library/Core/Src/usbh_core.c ****     USBH_ErrLog("Cannot Select This Interface.");
 295:Middlewares/ST/STM32_USB_Host_Library/Core/Src/usbh_core.c ****     status = USBH_FAIL;
 296:Middlewares/ST/STM32_USB_Host_Library/Core/Src/usbh_core.c ****   }
 297:Middlewares/ST/STM32_USB_Host_Library/Core/Src/usbh_core.c **** 
 298:Middlewares/ST/STM32_USB_Host_Library/Core/Src/usbh_core.c ****   return status;
 299:Middlewares/ST/STM32_USB_Host_Library/Core/Src/usbh_core.c **** }
 300:Middlewares/ST/STM32_USB_Host_Library/Core/Src/usbh_core.c **** 
 301:Middlewares/ST/STM32_USB_Host_Library/Core/Src/usbh_core.c **** 
 302:Middlewares/ST/STM32_USB_Host_Library/Core/Src/usbh_core.c **** /**
 303:Middlewares/ST/STM32_USB_Host_Library/Core/Src/usbh_core.c ****   * @brief  USBH_GetActiveClass
 304:Middlewares/ST/STM32_USB_Host_Library/Core/Src/usbh_core.c ****   *         Return Device Class.
 305:Middlewares/ST/STM32_USB_Host_Library/Core/Src/usbh_core.c ****   * @param  phost: Host Handle
 306:Middlewares/ST/STM32_USB_Host_Library/Core/Src/usbh_core.c ****   * @param  interface: Interface index
 307:Middlewares/ST/STM32_USB_Host_Library/Core/Src/usbh_core.c ****   * @retval Class Code
 308:Middlewares/ST/STM32_USB_Host_Library/Core/Src/usbh_core.c ****   */
 309:Middlewares/ST/STM32_USB_Host_Library/Core/Src/usbh_core.c **** uint8_t USBH_GetActiveClass(USBH_HandleTypeDef *phost)
 310:Middlewares/ST/STM32_USB_Host_Library/Core/Src/usbh_core.c **** {
 311:Middlewares/ST/STM32_USB_Host_Library/Core/Src/usbh_core.c ****   return (phost->device.CfgDesc.Itf_Desc[0].bInterfaceClass);
 312:Middlewares/ST/STM32_USB_Host_Library/Core/Src/usbh_core.c **** }
 313:Middlewares/ST/STM32_USB_Host_Library/Core/Src/usbh_core.c **** 
 314:Middlewares/ST/STM32_USB_Host_Library/Core/Src/usbh_core.c **** 
 315:Middlewares/ST/STM32_USB_Host_Library/Core/Src/usbh_core.c **** /**
 316:Middlewares/ST/STM32_USB_Host_Library/Core/Src/usbh_core.c ****   * @brief  USBH_FindInterface
 317:Middlewares/ST/STM32_USB_Host_Library/Core/Src/usbh_core.c ****   *         Find the interface index for a specific class.
 318:Middlewares/ST/STM32_USB_Host_Library/Core/Src/usbh_core.c ****   * @param  phost: Host Handle
 319:Middlewares/ST/STM32_USB_Host_Library/Core/Src/usbh_core.c ****   * @param  Class: Class code
 320:Middlewares/ST/STM32_USB_Host_Library/Core/Src/usbh_core.c ****   * @param  SubClass: SubClass code
 321:Middlewares/ST/STM32_USB_Host_Library/Core/Src/usbh_core.c ****   * @param  Protocol: Protocol code
 322:Middlewares/ST/STM32_USB_Host_Library/Core/Src/usbh_core.c ****   * @retval interface index in the configuration structure
 323:Middlewares/ST/STM32_USB_Host_Library/Core/Src/usbh_core.c ****   * @note : (1)interface index 0xFF means interface index not found
 324:Middlewares/ST/STM32_USB_Host_Library/Core/Src/usbh_core.c ****   */
ARM GAS  /tmp/ccyGUChw.s 			page 9


 325:Middlewares/ST/STM32_USB_Host_Library/Core/Src/usbh_core.c **** uint8_t  USBH_FindInterface(USBH_HandleTypeDef *phost, uint8_t Class, uint8_t SubClass, uint8_t Pro
 326:Middlewares/ST/STM32_USB_Host_Library/Core/Src/usbh_core.c **** {
 327:Middlewares/ST/STM32_USB_Host_Library/Core/Src/usbh_core.c ****   USBH_InterfaceDescTypeDef *pif;
 328:Middlewares/ST/STM32_USB_Host_Library/Core/Src/usbh_core.c ****   USBH_CfgDescTypeDef *pcfg;
 329:Middlewares/ST/STM32_USB_Host_Library/Core/Src/usbh_core.c ****   uint8_t if_ix = 0U;
 330:Middlewares/ST/STM32_USB_Host_Library/Core/Src/usbh_core.c **** 
 331:Middlewares/ST/STM32_USB_Host_Library/Core/Src/usbh_core.c ****   pif = (USBH_InterfaceDescTypeDef *)0;
 332:Middlewares/ST/STM32_USB_Host_Library/Core/Src/usbh_core.c ****   pcfg = &phost->device.CfgDesc;
 333:Middlewares/ST/STM32_USB_Host_Library/Core/Src/usbh_core.c **** 
 334:Middlewares/ST/STM32_USB_Host_Library/Core/Src/usbh_core.c ****   while (if_ix < USBH_MAX_NUM_INTERFACES)
 335:Middlewares/ST/STM32_USB_Host_Library/Core/Src/usbh_core.c ****   {
 336:Middlewares/ST/STM32_USB_Host_Library/Core/Src/usbh_core.c ****     pif = &pcfg->Itf_Desc[if_ix];
 337:Middlewares/ST/STM32_USB_Host_Library/Core/Src/usbh_core.c ****     if (((pif->bInterfaceClass == Class) || (Class == 0xFFU)) &&
 338:Middlewares/ST/STM32_USB_Host_Library/Core/Src/usbh_core.c ****         ((pif->bInterfaceSubClass == SubClass) || (SubClass == 0xFFU)) &&
 339:Middlewares/ST/STM32_USB_Host_Library/Core/Src/usbh_core.c ****         ((pif->bInterfaceProtocol == Protocol) || (Protocol == 0xFFU)))
 340:Middlewares/ST/STM32_USB_Host_Library/Core/Src/usbh_core.c ****     {
 341:Middlewares/ST/STM32_USB_Host_Library/Core/Src/usbh_core.c ****       return  if_ix;
 342:Middlewares/ST/STM32_USB_Host_Library/Core/Src/usbh_core.c ****     }
 343:Middlewares/ST/STM32_USB_Host_Library/Core/Src/usbh_core.c ****     if_ix++;
 344:Middlewares/ST/STM32_USB_Host_Library/Core/Src/usbh_core.c ****   }
 345:Middlewares/ST/STM32_USB_Host_Library/Core/Src/usbh_core.c ****   return 0xFFU;
 346:Middlewares/ST/STM32_USB_Host_Library/Core/Src/usbh_core.c **** }
 347:Middlewares/ST/STM32_USB_Host_Library/Core/Src/usbh_core.c **** 
 348:Middlewares/ST/STM32_USB_Host_Library/Core/Src/usbh_core.c **** 
 349:Middlewares/ST/STM32_USB_Host_Library/Core/Src/usbh_core.c **** /**
 350:Middlewares/ST/STM32_USB_Host_Library/Core/Src/usbh_core.c ****   * @brief  USBH_FindInterfaceIndex
 351:Middlewares/ST/STM32_USB_Host_Library/Core/Src/usbh_core.c ****   *         Find the interface index for a specific class interface and alternate setting number.
 352:Middlewares/ST/STM32_USB_Host_Library/Core/Src/usbh_core.c ****   * @param  phost: Host Handle
 353:Middlewares/ST/STM32_USB_Host_Library/Core/Src/usbh_core.c ****   * @param  interface_number: interface number
 354:Middlewares/ST/STM32_USB_Host_Library/Core/Src/usbh_core.c ****   * @param  alt_settings    : alternate setting number
 355:Middlewares/ST/STM32_USB_Host_Library/Core/Src/usbh_core.c ****   * @retval interface index in the configuration structure
 356:Middlewares/ST/STM32_USB_Host_Library/Core/Src/usbh_core.c ****   * @note : (1)interface index 0xFF means interface index not found
 357:Middlewares/ST/STM32_USB_Host_Library/Core/Src/usbh_core.c ****   */
 358:Middlewares/ST/STM32_USB_Host_Library/Core/Src/usbh_core.c **** uint8_t  USBH_FindInterfaceIndex(USBH_HandleTypeDef *phost, uint8_t interface_number, uint8_t alt_s
 359:Middlewares/ST/STM32_USB_Host_Library/Core/Src/usbh_core.c **** {
 360:Middlewares/ST/STM32_USB_Host_Library/Core/Src/usbh_core.c ****   USBH_InterfaceDescTypeDef *pif;
 361:Middlewares/ST/STM32_USB_Host_Library/Core/Src/usbh_core.c ****   USBH_CfgDescTypeDef *pcfg;
 362:Middlewares/ST/STM32_USB_Host_Library/Core/Src/usbh_core.c ****   uint8_t if_ix = 0U;
 363:Middlewares/ST/STM32_USB_Host_Library/Core/Src/usbh_core.c **** 
 364:Middlewares/ST/STM32_USB_Host_Library/Core/Src/usbh_core.c ****   pif = (USBH_InterfaceDescTypeDef *)0;
 365:Middlewares/ST/STM32_USB_Host_Library/Core/Src/usbh_core.c ****   pcfg = &phost->device.CfgDesc;
 366:Middlewares/ST/STM32_USB_Host_Library/Core/Src/usbh_core.c **** 
 367:Middlewares/ST/STM32_USB_Host_Library/Core/Src/usbh_core.c ****   while (if_ix < USBH_MAX_NUM_INTERFACES)
 368:Middlewares/ST/STM32_USB_Host_Library/Core/Src/usbh_core.c ****   {
 369:Middlewares/ST/STM32_USB_Host_Library/Core/Src/usbh_core.c ****     pif = &pcfg->Itf_Desc[if_ix];
 370:Middlewares/ST/STM32_USB_Host_Library/Core/Src/usbh_core.c ****     if ((pif->bInterfaceNumber == interface_number) && (pif->bAlternateSetting == alt_settings))
 371:Middlewares/ST/STM32_USB_Host_Library/Core/Src/usbh_core.c ****     {
 372:Middlewares/ST/STM32_USB_Host_Library/Core/Src/usbh_core.c ****       return  if_ix;
 373:Middlewares/ST/STM32_USB_Host_Library/Core/Src/usbh_core.c ****     }
 374:Middlewares/ST/STM32_USB_Host_Library/Core/Src/usbh_core.c ****     if_ix++;
 375:Middlewares/ST/STM32_USB_Host_Library/Core/Src/usbh_core.c ****   }
 376:Middlewares/ST/STM32_USB_Host_Library/Core/Src/usbh_core.c ****   return 0xFFU;
 377:Middlewares/ST/STM32_USB_Host_Library/Core/Src/usbh_core.c **** }
 378:Middlewares/ST/STM32_USB_Host_Library/Core/Src/usbh_core.c **** 
 379:Middlewares/ST/STM32_USB_Host_Library/Core/Src/usbh_core.c **** 
 380:Middlewares/ST/STM32_USB_Host_Library/Core/Src/usbh_core.c **** /**
 381:Middlewares/ST/STM32_USB_Host_Library/Core/Src/usbh_core.c ****   * @brief  USBH_Start
ARM GAS  /tmp/ccyGUChw.s 			page 10


 382:Middlewares/ST/STM32_USB_Host_Library/Core/Src/usbh_core.c ****   *         Start the USB Host Core.
 383:Middlewares/ST/STM32_USB_Host_Library/Core/Src/usbh_core.c ****   * @param  phost: Host Handle
 384:Middlewares/ST/STM32_USB_Host_Library/Core/Src/usbh_core.c ****   * @retval USBH Status
 385:Middlewares/ST/STM32_USB_Host_Library/Core/Src/usbh_core.c ****   */
 386:Middlewares/ST/STM32_USB_Host_Library/Core/Src/usbh_core.c **** USBH_StatusTypeDef  USBH_Start(USBH_HandleTypeDef *phost)
 387:Middlewares/ST/STM32_USB_Host_Library/Core/Src/usbh_core.c **** {
 388:Middlewares/ST/STM32_USB_Host_Library/Core/Src/usbh_core.c ****   /* Start the low level driver  */
 389:Middlewares/ST/STM32_USB_Host_Library/Core/Src/usbh_core.c ****   USBH_LL_Start(phost);
 390:Middlewares/ST/STM32_USB_Host_Library/Core/Src/usbh_core.c **** 
 391:Middlewares/ST/STM32_USB_Host_Library/Core/Src/usbh_core.c ****   /* Activate VBUS on the port */
 392:Middlewares/ST/STM32_USB_Host_Library/Core/Src/usbh_core.c ****   USBH_LL_DriverVBUS(phost, TRUE);
 393:Middlewares/ST/STM32_USB_Host_Library/Core/Src/usbh_core.c **** 
 394:Middlewares/ST/STM32_USB_Host_Library/Core/Src/usbh_core.c ****   return USBH_OK;
 395:Middlewares/ST/STM32_USB_Host_Library/Core/Src/usbh_core.c **** }
 396:Middlewares/ST/STM32_USB_Host_Library/Core/Src/usbh_core.c **** 
 397:Middlewares/ST/STM32_USB_Host_Library/Core/Src/usbh_core.c **** 
 398:Middlewares/ST/STM32_USB_Host_Library/Core/Src/usbh_core.c **** /**
 399:Middlewares/ST/STM32_USB_Host_Library/Core/Src/usbh_core.c ****   * @brief  USBH_Stop
 400:Middlewares/ST/STM32_USB_Host_Library/Core/Src/usbh_core.c ****   *         Stop the USB Host Core.
 401:Middlewares/ST/STM32_USB_Host_Library/Core/Src/usbh_core.c ****   * @param  phost: Host Handle
 402:Middlewares/ST/STM32_USB_Host_Library/Core/Src/usbh_core.c ****   * @retval USBH Status
 403:Middlewares/ST/STM32_USB_Host_Library/Core/Src/usbh_core.c ****   */
 404:Middlewares/ST/STM32_USB_Host_Library/Core/Src/usbh_core.c **** USBH_StatusTypeDef  USBH_Stop(USBH_HandleTypeDef *phost)
 405:Middlewares/ST/STM32_USB_Host_Library/Core/Src/usbh_core.c **** {
 406:Middlewares/ST/STM32_USB_Host_Library/Core/Src/usbh_core.c ****   /* DeActivate VBUS on the port */
 407:Middlewares/ST/STM32_USB_Host_Library/Core/Src/usbh_core.c ****   USBH_LL_DriverVBUS(phost, FALSE);
 408:Middlewares/ST/STM32_USB_Host_Library/Core/Src/usbh_core.c **** 
 409:Middlewares/ST/STM32_USB_Host_Library/Core/Src/usbh_core.c ****   /* Stop and cleanup the low level driver  */
 410:Middlewares/ST/STM32_USB_Host_Library/Core/Src/usbh_core.c ****   USBH_LL_Stop(phost);
 411:Middlewares/ST/STM32_USB_Host_Library/Core/Src/usbh_core.c **** 
 412:Middlewares/ST/STM32_USB_Host_Library/Core/Src/usbh_core.c ****   /* Free Control Pipes */
 413:Middlewares/ST/STM32_USB_Host_Library/Core/Src/usbh_core.c ****   USBH_FreePipe(phost, phost->Control.pipe_in);
 414:Middlewares/ST/STM32_USB_Host_Library/Core/Src/usbh_core.c ****   USBH_FreePipe(phost, phost->Control.pipe_out);
 415:Middlewares/ST/STM32_USB_Host_Library/Core/Src/usbh_core.c **** 
 416:Middlewares/ST/STM32_USB_Host_Library/Core/Src/usbh_core.c ****   return USBH_OK;
 417:Middlewares/ST/STM32_USB_Host_Library/Core/Src/usbh_core.c **** }
 418:Middlewares/ST/STM32_USB_Host_Library/Core/Src/usbh_core.c **** 
 419:Middlewares/ST/STM32_USB_Host_Library/Core/Src/usbh_core.c **** 
 420:Middlewares/ST/STM32_USB_Host_Library/Core/Src/usbh_core.c **** /**
 421:Middlewares/ST/STM32_USB_Host_Library/Core/Src/usbh_core.c ****   * @brief  HCD_ReEnumerate
 422:Middlewares/ST/STM32_USB_Host_Library/Core/Src/usbh_core.c ****   *         Perform a new Enumeration phase.
 423:Middlewares/ST/STM32_USB_Host_Library/Core/Src/usbh_core.c ****   * @param  phost: Host Handle
 424:Middlewares/ST/STM32_USB_Host_Library/Core/Src/usbh_core.c ****   * @retval USBH Status
 425:Middlewares/ST/STM32_USB_Host_Library/Core/Src/usbh_core.c ****   */
 426:Middlewares/ST/STM32_USB_Host_Library/Core/Src/usbh_core.c **** USBH_StatusTypeDef USBH_ReEnumerate(USBH_HandleTypeDef *phost)
 427:Middlewares/ST/STM32_USB_Host_Library/Core/Src/usbh_core.c **** {
 428:Middlewares/ST/STM32_USB_Host_Library/Core/Src/usbh_core.c ****   if (USBH_IsPortEnabled(phost))
 429:Middlewares/ST/STM32_USB_Host_Library/Core/Src/usbh_core.c ****   {
 430:Middlewares/ST/STM32_USB_Host_Library/Core/Src/usbh_core.c ****     phost->device.is_ReEnumerated = 1U;
 431:Middlewares/ST/STM32_USB_Host_Library/Core/Src/usbh_core.c **** 
 432:Middlewares/ST/STM32_USB_Host_Library/Core/Src/usbh_core.c ****     /* Stop Host */
 433:Middlewares/ST/STM32_USB_Host_Library/Core/Src/usbh_core.c ****     USBH_Stop(phost);
 434:Middlewares/ST/STM32_USB_Host_Library/Core/Src/usbh_core.c **** 
 435:Middlewares/ST/STM32_USB_Host_Library/Core/Src/usbh_core.c ****     phost->device.is_disconnected = 1U;
 436:Middlewares/ST/STM32_USB_Host_Library/Core/Src/usbh_core.c ****   }
 437:Middlewares/ST/STM32_USB_Host_Library/Core/Src/usbh_core.c **** 
 438:Middlewares/ST/STM32_USB_Host_Library/Core/Src/usbh_core.c **** #if (USBH_USE_OS == 1U)
ARM GAS  /tmp/ccyGUChw.s 			page 11


 439:Middlewares/ST/STM32_USB_Host_Library/Core/Src/usbh_core.c ****   phost->os_msg = (uint32_t)USBH_PORT_EVENT;
 440:Middlewares/ST/STM32_USB_Host_Library/Core/Src/usbh_core.c **** #if (osCMSIS < 0x20000U)
 441:Middlewares/ST/STM32_USB_Host_Library/Core/Src/usbh_core.c ****   (void)osMessagePut(phost->os_event, phost->os_msg, 0U);
 442:Middlewares/ST/STM32_USB_Host_Library/Core/Src/usbh_core.c **** #else
 443:Middlewares/ST/STM32_USB_Host_Library/Core/Src/usbh_core.c ****   (void)osMessageQueuePut(phost->os_event, &phost->os_msg, 0U, NULL);
 444:Middlewares/ST/STM32_USB_Host_Library/Core/Src/usbh_core.c **** #endif
 445:Middlewares/ST/STM32_USB_Host_Library/Core/Src/usbh_core.c **** #endif
 446:Middlewares/ST/STM32_USB_Host_Library/Core/Src/usbh_core.c **** 
 447:Middlewares/ST/STM32_USB_Host_Library/Core/Src/usbh_core.c ****   return USBH_OK;
 448:Middlewares/ST/STM32_USB_Host_Library/Core/Src/usbh_core.c **** }
 449:Middlewares/ST/STM32_USB_Host_Library/Core/Src/usbh_core.c **** 
 450:Middlewares/ST/STM32_USB_Host_Library/Core/Src/usbh_core.c **** 
 451:Middlewares/ST/STM32_USB_Host_Library/Core/Src/usbh_core.c **** /**
 452:Middlewares/ST/STM32_USB_Host_Library/Core/Src/usbh_core.c ****   * @brief  USBH_Process
 453:Middlewares/ST/STM32_USB_Host_Library/Core/Src/usbh_core.c ****   *         Background process of the USB Core.
 454:Middlewares/ST/STM32_USB_Host_Library/Core/Src/usbh_core.c ****   * @param  phost: Host Handle
 455:Middlewares/ST/STM32_USB_Host_Library/Core/Src/usbh_core.c ****   * @retval USBH Status
 456:Middlewares/ST/STM32_USB_Host_Library/Core/Src/usbh_core.c ****   */
 457:Middlewares/ST/STM32_USB_Host_Library/Core/Src/usbh_core.c **** USBH_StatusTypeDef  USBH_Process(USBH_HandleTypeDef *phost)
 458:Middlewares/ST/STM32_USB_Host_Library/Core/Src/usbh_core.c **** {
 459:Middlewares/ST/STM32_USB_Host_Library/Core/Src/usbh_core.c ****   __IO USBH_StatusTypeDef status = USBH_FAIL;
 460:Middlewares/ST/STM32_USB_Host_Library/Core/Src/usbh_core.c ****   uint8_t idx = 0U;
 461:Middlewares/ST/STM32_USB_Host_Library/Core/Src/usbh_core.c **** 
 462:Middlewares/ST/STM32_USB_Host_Library/Core/Src/usbh_core.c ****   /* check for Host pending port disconnect event */
 463:Middlewares/ST/STM32_USB_Host_Library/Core/Src/usbh_core.c ****   if (phost->device.is_disconnected == 1U)
 464:Middlewares/ST/STM32_USB_Host_Library/Core/Src/usbh_core.c ****   {
 465:Middlewares/ST/STM32_USB_Host_Library/Core/Src/usbh_core.c ****     phost->gState = HOST_DEV_DISCONNECTED;
 466:Middlewares/ST/STM32_USB_Host_Library/Core/Src/usbh_core.c ****   }
 467:Middlewares/ST/STM32_USB_Host_Library/Core/Src/usbh_core.c **** 
 468:Middlewares/ST/STM32_USB_Host_Library/Core/Src/usbh_core.c ****   switch (phost->gState)
 469:Middlewares/ST/STM32_USB_Host_Library/Core/Src/usbh_core.c ****   {
 470:Middlewares/ST/STM32_USB_Host_Library/Core/Src/usbh_core.c ****     case HOST_IDLE :
 471:Middlewares/ST/STM32_USB_Host_Library/Core/Src/usbh_core.c **** 
 472:Middlewares/ST/STM32_USB_Host_Library/Core/Src/usbh_core.c ****       if (phost->device.is_connected)
 473:Middlewares/ST/STM32_USB_Host_Library/Core/Src/usbh_core.c ****       {
 474:Middlewares/ST/STM32_USB_Host_Library/Core/Src/usbh_core.c ****         USBH_UsrLog("USB Device Connected");
 475:Middlewares/ST/STM32_USB_Host_Library/Core/Src/usbh_core.c **** 
 476:Middlewares/ST/STM32_USB_Host_Library/Core/Src/usbh_core.c ****         /* Wait for 200 ms after connection */
 477:Middlewares/ST/STM32_USB_Host_Library/Core/Src/usbh_core.c ****         phost->gState = HOST_DEV_WAIT_FOR_ATTACHMENT;
 478:Middlewares/ST/STM32_USB_Host_Library/Core/Src/usbh_core.c ****         USBH_Delay(200U);
 479:Middlewares/ST/STM32_USB_Host_Library/Core/Src/usbh_core.c ****         USBH_LL_ResetPort(phost);
 480:Middlewares/ST/STM32_USB_Host_Library/Core/Src/usbh_core.c **** 
 481:Middlewares/ST/STM32_USB_Host_Library/Core/Src/usbh_core.c ****         /* Make sure to start with Default address */
 482:Middlewares/ST/STM32_USB_Host_Library/Core/Src/usbh_core.c ****         phost->device.address = USBH_ADDRESS_DEFAULT;
 483:Middlewares/ST/STM32_USB_Host_Library/Core/Src/usbh_core.c ****         phost->Timeout = 0U;
 484:Middlewares/ST/STM32_USB_Host_Library/Core/Src/usbh_core.c **** 
 485:Middlewares/ST/STM32_USB_Host_Library/Core/Src/usbh_core.c **** #if (USBH_USE_OS == 1U)
 486:Middlewares/ST/STM32_USB_Host_Library/Core/Src/usbh_core.c ****         phost->os_msg = (uint32_t)USBH_PORT_EVENT;
 487:Middlewares/ST/STM32_USB_Host_Library/Core/Src/usbh_core.c **** #if (osCMSIS < 0x20000U)
 488:Middlewares/ST/STM32_USB_Host_Library/Core/Src/usbh_core.c ****         (void)osMessagePut(phost->os_event, phost->os_msg, 0U);
 489:Middlewares/ST/STM32_USB_Host_Library/Core/Src/usbh_core.c **** #else
 490:Middlewares/ST/STM32_USB_Host_Library/Core/Src/usbh_core.c ****         (void)osMessageQueuePut(phost->os_event, &phost->os_msg, 0U, NULL);
 491:Middlewares/ST/STM32_USB_Host_Library/Core/Src/usbh_core.c **** #endif
 492:Middlewares/ST/STM32_USB_Host_Library/Core/Src/usbh_core.c **** #endif
 493:Middlewares/ST/STM32_USB_Host_Library/Core/Src/usbh_core.c ****       }
 494:Middlewares/ST/STM32_USB_Host_Library/Core/Src/usbh_core.c ****       break;
 495:Middlewares/ST/STM32_USB_Host_Library/Core/Src/usbh_core.c **** 
ARM GAS  /tmp/ccyGUChw.s 			page 12


 496:Middlewares/ST/STM32_USB_Host_Library/Core/Src/usbh_core.c ****     case HOST_DEV_WAIT_FOR_ATTACHMENT: /* Wait for Port Enabled */
 497:Middlewares/ST/STM32_USB_Host_Library/Core/Src/usbh_core.c **** 
 498:Middlewares/ST/STM32_USB_Host_Library/Core/Src/usbh_core.c ****       if (phost->device.PortEnabled == 1U)
 499:Middlewares/ST/STM32_USB_Host_Library/Core/Src/usbh_core.c ****       {
 500:Middlewares/ST/STM32_USB_Host_Library/Core/Src/usbh_core.c ****         USBH_UsrLog("USB Device Reset Completed");
 501:Middlewares/ST/STM32_USB_Host_Library/Core/Src/usbh_core.c ****         phost->device.RstCnt = 0U;
 502:Middlewares/ST/STM32_USB_Host_Library/Core/Src/usbh_core.c ****         phost->gState = HOST_DEV_ATTACHED;
 503:Middlewares/ST/STM32_USB_Host_Library/Core/Src/usbh_core.c ****       }
 504:Middlewares/ST/STM32_USB_Host_Library/Core/Src/usbh_core.c ****       else
 505:Middlewares/ST/STM32_USB_Host_Library/Core/Src/usbh_core.c ****       {
 506:Middlewares/ST/STM32_USB_Host_Library/Core/Src/usbh_core.c ****         if (phost->Timeout > USBH_DEV_RESET_TIMEOUT)
 507:Middlewares/ST/STM32_USB_Host_Library/Core/Src/usbh_core.c ****         {
 508:Middlewares/ST/STM32_USB_Host_Library/Core/Src/usbh_core.c ****           phost->device.RstCnt++;
 509:Middlewares/ST/STM32_USB_Host_Library/Core/Src/usbh_core.c ****           if (phost->device.RstCnt > 3U)
 510:Middlewares/ST/STM32_USB_Host_Library/Core/Src/usbh_core.c ****           {
 511:Middlewares/ST/STM32_USB_Host_Library/Core/Src/usbh_core.c ****             /* Buggy Device can't complete reset */
 512:Middlewares/ST/STM32_USB_Host_Library/Core/Src/usbh_core.c ****             USBH_UsrLog("USB Reset Failed, Please unplug the Device.");
 513:Middlewares/ST/STM32_USB_Host_Library/Core/Src/usbh_core.c ****             phost->gState = HOST_ABORT_STATE;
 514:Middlewares/ST/STM32_USB_Host_Library/Core/Src/usbh_core.c ****           }
 515:Middlewares/ST/STM32_USB_Host_Library/Core/Src/usbh_core.c ****           else
 516:Middlewares/ST/STM32_USB_Host_Library/Core/Src/usbh_core.c ****           {
 517:Middlewares/ST/STM32_USB_Host_Library/Core/Src/usbh_core.c ****             phost->gState = HOST_IDLE;
 518:Middlewares/ST/STM32_USB_Host_Library/Core/Src/usbh_core.c ****           }
 519:Middlewares/ST/STM32_USB_Host_Library/Core/Src/usbh_core.c ****         }
 520:Middlewares/ST/STM32_USB_Host_Library/Core/Src/usbh_core.c ****         else
 521:Middlewares/ST/STM32_USB_Host_Library/Core/Src/usbh_core.c ****         {
 522:Middlewares/ST/STM32_USB_Host_Library/Core/Src/usbh_core.c ****           phost->Timeout += 10U;
 523:Middlewares/ST/STM32_USB_Host_Library/Core/Src/usbh_core.c ****           USBH_Delay(10U);
 524:Middlewares/ST/STM32_USB_Host_Library/Core/Src/usbh_core.c ****         }
 525:Middlewares/ST/STM32_USB_Host_Library/Core/Src/usbh_core.c ****       }
 526:Middlewares/ST/STM32_USB_Host_Library/Core/Src/usbh_core.c **** #if (USBH_USE_OS == 1U)
 527:Middlewares/ST/STM32_USB_Host_Library/Core/Src/usbh_core.c ****       phost->os_msg = (uint32_t)USBH_PORT_EVENT;
 528:Middlewares/ST/STM32_USB_Host_Library/Core/Src/usbh_core.c **** #if (osCMSIS < 0x20000U)
 529:Middlewares/ST/STM32_USB_Host_Library/Core/Src/usbh_core.c ****       (void)osMessagePut(phost->os_event, phost->os_msg, 0U);
 530:Middlewares/ST/STM32_USB_Host_Library/Core/Src/usbh_core.c **** #else
 531:Middlewares/ST/STM32_USB_Host_Library/Core/Src/usbh_core.c ****       (void)osMessageQueuePut(phost->os_event, &phost->os_msg, 0U, NULL);
 532:Middlewares/ST/STM32_USB_Host_Library/Core/Src/usbh_core.c **** #endif
 533:Middlewares/ST/STM32_USB_Host_Library/Core/Src/usbh_core.c **** #endif
 534:Middlewares/ST/STM32_USB_Host_Library/Core/Src/usbh_core.c ****       break;
 535:Middlewares/ST/STM32_USB_Host_Library/Core/Src/usbh_core.c **** 
 536:Middlewares/ST/STM32_USB_Host_Library/Core/Src/usbh_core.c ****     case HOST_DEV_ATTACHED :
 537:Middlewares/ST/STM32_USB_Host_Library/Core/Src/usbh_core.c **** 
 538:Middlewares/ST/STM32_USB_Host_Library/Core/Src/usbh_core.c ****       if (phost->pUser != NULL)
 539:Middlewares/ST/STM32_USB_Host_Library/Core/Src/usbh_core.c ****       {
 540:Middlewares/ST/STM32_USB_Host_Library/Core/Src/usbh_core.c ****         phost->pUser(phost, HOST_USER_CONNECTION);
 541:Middlewares/ST/STM32_USB_Host_Library/Core/Src/usbh_core.c ****       }
 542:Middlewares/ST/STM32_USB_Host_Library/Core/Src/usbh_core.c **** 
 543:Middlewares/ST/STM32_USB_Host_Library/Core/Src/usbh_core.c ****       /* Wait for 100 ms after Reset */
 544:Middlewares/ST/STM32_USB_Host_Library/Core/Src/usbh_core.c ****       USBH_Delay(100U);
 545:Middlewares/ST/STM32_USB_Host_Library/Core/Src/usbh_core.c **** 
 546:Middlewares/ST/STM32_USB_Host_Library/Core/Src/usbh_core.c ****       phost->device.speed = USBH_LL_GetSpeed(phost);
 547:Middlewares/ST/STM32_USB_Host_Library/Core/Src/usbh_core.c **** 
 548:Middlewares/ST/STM32_USB_Host_Library/Core/Src/usbh_core.c ****       phost->gState = HOST_ENUMERATION;
 549:Middlewares/ST/STM32_USB_Host_Library/Core/Src/usbh_core.c **** 
 550:Middlewares/ST/STM32_USB_Host_Library/Core/Src/usbh_core.c ****       phost->Control.pipe_out = USBH_AllocPipe(phost, 0x00U);
 551:Middlewares/ST/STM32_USB_Host_Library/Core/Src/usbh_core.c ****       phost->Control.pipe_in  = USBH_AllocPipe(phost, 0x80U);
 552:Middlewares/ST/STM32_USB_Host_Library/Core/Src/usbh_core.c **** 
ARM GAS  /tmp/ccyGUChw.s 			page 13


 553:Middlewares/ST/STM32_USB_Host_Library/Core/Src/usbh_core.c ****       /* Open Control pipes */
 554:Middlewares/ST/STM32_USB_Host_Library/Core/Src/usbh_core.c ****       USBH_OpenPipe(phost, phost->Control.pipe_in, 0x80U,
 555:Middlewares/ST/STM32_USB_Host_Library/Core/Src/usbh_core.c ****                     phost->device.address, phost->device.speed,
 556:Middlewares/ST/STM32_USB_Host_Library/Core/Src/usbh_core.c ****                     USBH_EP_CONTROL, (uint16_t)phost->Control.pipe_size);
 557:Middlewares/ST/STM32_USB_Host_Library/Core/Src/usbh_core.c **** 
 558:Middlewares/ST/STM32_USB_Host_Library/Core/Src/usbh_core.c ****       /* Open Control pipes */
 559:Middlewares/ST/STM32_USB_Host_Library/Core/Src/usbh_core.c ****       USBH_OpenPipe(phost, phost->Control.pipe_out, 0x00U,
 560:Middlewares/ST/STM32_USB_Host_Library/Core/Src/usbh_core.c ****                     phost->device.address, phost->device.speed,
 561:Middlewares/ST/STM32_USB_Host_Library/Core/Src/usbh_core.c ****                     USBH_EP_CONTROL, (uint16_t)phost->Control.pipe_size);
 562:Middlewares/ST/STM32_USB_Host_Library/Core/Src/usbh_core.c **** 
 563:Middlewares/ST/STM32_USB_Host_Library/Core/Src/usbh_core.c **** #if (USBH_USE_OS == 1U)
 564:Middlewares/ST/STM32_USB_Host_Library/Core/Src/usbh_core.c ****       phost->os_msg = (uint32_t)USBH_PORT_EVENT;
 565:Middlewares/ST/STM32_USB_Host_Library/Core/Src/usbh_core.c **** #if (osCMSIS < 0x20000U)
 566:Middlewares/ST/STM32_USB_Host_Library/Core/Src/usbh_core.c ****       (void)osMessagePut(phost->os_event, phost->os_msg, 0U);
 567:Middlewares/ST/STM32_USB_Host_Library/Core/Src/usbh_core.c **** #else
 568:Middlewares/ST/STM32_USB_Host_Library/Core/Src/usbh_core.c ****       (void)osMessageQueuePut(phost->os_event, &phost->os_msg, 0U, NULL);
 569:Middlewares/ST/STM32_USB_Host_Library/Core/Src/usbh_core.c **** #endif
 570:Middlewares/ST/STM32_USB_Host_Library/Core/Src/usbh_core.c **** #endif
 571:Middlewares/ST/STM32_USB_Host_Library/Core/Src/usbh_core.c ****       break;
 572:Middlewares/ST/STM32_USB_Host_Library/Core/Src/usbh_core.c **** 
 573:Middlewares/ST/STM32_USB_Host_Library/Core/Src/usbh_core.c ****     case HOST_ENUMERATION:
 574:Middlewares/ST/STM32_USB_Host_Library/Core/Src/usbh_core.c ****       /* Check for enumeration status */
 575:Middlewares/ST/STM32_USB_Host_Library/Core/Src/usbh_core.c ****       status = USBH_HandleEnum(phost);
 576:Middlewares/ST/STM32_USB_Host_Library/Core/Src/usbh_core.c ****       if (status == USBH_OK)
 577:Middlewares/ST/STM32_USB_Host_Library/Core/Src/usbh_core.c ****       {
 578:Middlewares/ST/STM32_USB_Host_Library/Core/Src/usbh_core.c ****         /* The function shall return USBH_OK when full enumeration is complete */
 579:Middlewares/ST/STM32_USB_Host_Library/Core/Src/usbh_core.c ****         USBH_UsrLog("Enumeration done.");
 580:Middlewares/ST/STM32_USB_Host_Library/Core/Src/usbh_core.c **** 
 581:Middlewares/ST/STM32_USB_Host_Library/Core/Src/usbh_core.c ****         phost->device.current_interface = 0U;
 582:Middlewares/ST/STM32_USB_Host_Library/Core/Src/usbh_core.c **** 
 583:Middlewares/ST/STM32_USB_Host_Library/Core/Src/usbh_core.c ****         if (phost->device.DevDesc.bNumConfigurations == 1U)
 584:Middlewares/ST/STM32_USB_Host_Library/Core/Src/usbh_core.c ****         {
 585:Middlewares/ST/STM32_USB_Host_Library/Core/Src/usbh_core.c ****           USBH_UsrLog("This device has only 1 configuration.");
 586:Middlewares/ST/STM32_USB_Host_Library/Core/Src/usbh_core.c ****           phost->gState = HOST_SET_CONFIGURATION;
 587:Middlewares/ST/STM32_USB_Host_Library/Core/Src/usbh_core.c ****         }
 588:Middlewares/ST/STM32_USB_Host_Library/Core/Src/usbh_core.c ****         else
 589:Middlewares/ST/STM32_USB_Host_Library/Core/Src/usbh_core.c ****         {
 590:Middlewares/ST/STM32_USB_Host_Library/Core/Src/usbh_core.c ****           phost->gState = HOST_INPUT;
 591:Middlewares/ST/STM32_USB_Host_Library/Core/Src/usbh_core.c ****         }
 592:Middlewares/ST/STM32_USB_Host_Library/Core/Src/usbh_core.c **** #if (USBH_USE_OS == 1U)
 593:Middlewares/ST/STM32_USB_Host_Library/Core/Src/usbh_core.c ****         phost->os_msg = (uint32_t)USBH_STATE_CHANGED_EVENT;
 594:Middlewares/ST/STM32_USB_Host_Library/Core/Src/usbh_core.c **** #if (osCMSIS < 0x20000U)
 595:Middlewares/ST/STM32_USB_Host_Library/Core/Src/usbh_core.c ****         (void)osMessagePut(phost->os_event, phost->os_msg, 0U);
 596:Middlewares/ST/STM32_USB_Host_Library/Core/Src/usbh_core.c **** #else
 597:Middlewares/ST/STM32_USB_Host_Library/Core/Src/usbh_core.c ****         (void)osMessageQueuePut(phost->os_event, &phost->os_msg, 0U, NULL);
 598:Middlewares/ST/STM32_USB_Host_Library/Core/Src/usbh_core.c **** #endif
 599:Middlewares/ST/STM32_USB_Host_Library/Core/Src/usbh_core.c **** #endif
 600:Middlewares/ST/STM32_USB_Host_Library/Core/Src/usbh_core.c ****       }
 601:Middlewares/ST/STM32_USB_Host_Library/Core/Src/usbh_core.c ****       break;
 602:Middlewares/ST/STM32_USB_Host_Library/Core/Src/usbh_core.c **** 
 603:Middlewares/ST/STM32_USB_Host_Library/Core/Src/usbh_core.c ****     case HOST_INPUT:
 604:Middlewares/ST/STM32_USB_Host_Library/Core/Src/usbh_core.c ****     {
 605:Middlewares/ST/STM32_USB_Host_Library/Core/Src/usbh_core.c ****       /* user callback for end of device basic enumeration */
 606:Middlewares/ST/STM32_USB_Host_Library/Core/Src/usbh_core.c ****       if (phost->pUser != NULL)
 607:Middlewares/ST/STM32_USB_Host_Library/Core/Src/usbh_core.c ****       {
 608:Middlewares/ST/STM32_USB_Host_Library/Core/Src/usbh_core.c ****         phost->pUser(phost, HOST_USER_SELECT_CONFIGURATION);
 609:Middlewares/ST/STM32_USB_Host_Library/Core/Src/usbh_core.c ****         phost->gState = HOST_SET_CONFIGURATION;
ARM GAS  /tmp/ccyGUChw.s 			page 14


 610:Middlewares/ST/STM32_USB_Host_Library/Core/Src/usbh_core.c **** 
 611:Middlewares/ST/STM32_USB_Host_Library/Core/Src/usbh_core.c **** #if (USBH_USE_OS == 1U)
 612:Middlewares/ST/STM32_USB_Host_Library/Core/Src/usbh_core.c ****         phost->os_msg = (uint32_t)USBH_STATE_CHANGED_EVENT;
 613:Middlewares/ST/STM32_USB_Host_Library/Core/Src/usbh_core.c **** #if (osCMSIS < 0x20000U)
 614:Middlewares/ST/STM32_USB_Host_Library/Core/Src/usbh_core.c ****         (void)osMessagePut(phost->os_event, phost->os_msg, 0U);
 615:Middlewares/ST/STM32_USB_Host_Library/Core/Src/usbh_core.c **** #else
 616:Middlewares/ST/STM32_USB_Host_Library/Core/Src/usbh_core.c ****         (void)osMessageQueuePut(phost->os_event, &phost->os_msg, 0U, NULL);
 617:Middlewares/ST/STM32_USB_Host_Library/Core/Src/usbh_core.c **** #endif
 618:Middlewares/ST/STM32_USB_Host_Library/Core/Src/usbh_core.c **** #endif
 619:Middlewares/ST/STM32_USB_Host_Library/Core/Src/usbh_core.c ****       }
 620:Middlewares/ST/STM32_USB_Host_Library/Core/Src/usbh_core.c ****     }
 621:Middlewares/ST/STM32_USB_Host_Library/Core/Src/usbh_core.c ****     break;
 622:Middlewares/ST/STM32_USB_Host_Library/Core/Src/usbh_core.c **** 
 623:Middlewares/ST/STM32_USB_Host_Library/Core/Src/usbh_core.c ****     case HOST_SET_CONFIGURATION:
 624:Middlewares/ST/STM32_USB_Host_Library/Core/Src/usbh_core.c ****       /* set configuration */
 625:Middlewares/ST/STM32_USB_Host_Library/Core/Src/usbh_core.c ****       if (USBH_SetCfg(phost, (uint16_t)phost->device.CfgDesc.bConfigurationValue) == USBH_OK)
 626:Middlewares/ST/STM32_USB_Host_Library/Core/Src/usbh_core.c ****       {
 627:Middlewares/ST/STM32_USB_Host_Library/Core/Src/usbh_core.c ****         phost->gState = HOST_SET_WAKEUP_FEATURE;
 628:Middlewares/ST/STM32_USB_Host_Library/Core/Src/usbh_core.c ****         USBH_UsrLog("Default configuration set.");
 629:Middlewares/ST/STM32_USB_Host_Library/Core/Src/usbh_core.c ****       }
 630:Middlewares/ST/STM32_USB_Host_Library/Core/Src/usbh_core.c **** 
 631:Middlewares/ST/STM32_USB_Host_Library/Core/Src/usbh_core.c **** #if (USBH_USE_OS == 1U)
 632:Middlewares/ST/STM32_USB_Host_Library/Core/Src/usbh_core.c ****       phost->os_msg = (uint32_t)USBH_PORT_EVENT;
 633:Middlewares/ST/STM32_USB_Host_Library/Core/Src/usbh_core.c **** #if (osCMSIS < 0x20000U)
 634:Middlewares/ST/STM32_USB_Host_Library/Core/Src/usbh_core.c ****       (void)osMessagePut(phost->os_event, phost->os_msg, 0U);
 635:Middlewares/ST/STM32_USB_Host_Library/Core/Src/usbh_core.c **** #else
 636:Middlewares/ST/STM32_USB_Host_Library/Core/Src/usbh_core.c ****       (void)osMessageQueuePut(phost->os_event, &phost->os_msg, 0U, NULL);
 637:Middlewares/ST/STM32_USB_Host_Library/Core/Src/usbh_core.c **** #endif
 638:Middlewares/ST/STM32_USB_Host_Library/Core/Src/usbh_core.c **** #endif
 639:Middlewares/ST/STM32_USB_Host_Library/Core/Src/usbh_core.c ****       break;
 640:Middlewares/ST/STM32_USB_Host_Library/Core/Src/usbh_core.c **** 
 641:Middlewares/ST/STM32_USB_Host_Library/Core/Src/usbh_core.c ****     case  HOST_SET_WAKEUP_FEATURE:
 642:Middlewares/ST/STM32_USB_Host_Library/Core/Src/usbh_core.c **** 
 643:Middlewares/ST/STM32_USB_Host_Library/Core/Src/usbh_core.c ****       if ((phost->device.CfgDesc.bmAttributes) & (1U << 5))
 644:Middlewares/ST/STM32_USB_Host_Library/Core/Src/usbh_core.c ****       {
 645:Middlewares/ST/STM32_USB_Host_Library/Core/Src/usbh_core.c ****         if (USBH_SetFeature(phost, FEATURE_SELECTOR_REMOTEWAKEUP) == USBH_OK)
 646:Middlewares/ST/STM32_USB_Host_Library/Core/Src/usbh_core.c ****         {
 647:Middlewares/ST/STM32_USB_Host_Library/Core/Src/usbh_core.c ****           USBH_UsrLog("Device remote wakeup enabled");
 648:Middlewares/ST/STM32_USB_Host_Library/Core/Src/usbh_core.c ****           phost->gState = HOST_CHECK_CLASS;
 649:Middlewares/ST/STM32_USB_Host_Library/Core/Src/usbh_core.c ****         }
 650:Middlewares/ST/STM32_USB_Host_Library/Core/Src/usbh_core.c ****       }
 651:Middlewares/ST/STM32_USB_Host_Library/Core/Src/usbh_core.c ****       else
 652:Middlewares/ST/STM32_USB_Host_Library/Core/Src/usbh_core.c ****       {
 653:Middlewares/ST/STM32_USB_Host_Library/Core/Src/usbh_core.c ****         phost->gState = HOST_CHECK_CLASS;
 654:Middlewares/ST/STM32_USB_Host_Library/Core/Src/usbh_core.c ****       }
 655:Middlewares/ST/STM32_USB_Host_Library/Core/Src/usbh_core.c **** 
 656:Middlewares/ST/STM32_USB_Host_Library/Core/Src/usbh_core.c **** #if (USBH_USE_OS == 1U)
 657:Middlewares/ST/STM32_USB_Host_Library/Core/Src/usbh_core.c ****       phost->os_msg = (uint32_t)USBH_PORT_EVENT;
 658:Middlewares/ST/STM32_USB_Host_Library/Core/Src/usbh_core.c **** #if (osCMSIS < 0x20000U)
 659:Middlewares/ST/STM32_USB_Host_Library/Core/Src/usbh_core.c ****       (void)osMessagePut(phost->os_event, phost->os_msg, 0U);
 660:Middlewares/ST/STM32_USB_Host_Library/Core/Src/usbh_core.c **** #else
 661:Middlewares/ST/STM32_USB_Host_Library/Core/Src/usbh_core.c ****       (void)osMessageQueuePut(phost->os_event, &phost->os_msg, 0U, NULL);
 662:Middlewares/ST/STM32_USB_Host_Library/Core/Src/usbh_core.c **** #endif
 663:Middlewares/ST/STM32_USB_Host_Library/Core/Src/usbh_core.c **** #endif
 664:Middlewares/ST/STM32_USB_Host_Library/Core/Src/usbh_core.c ****       break;
 665:Middlewares/ST/STM32_USB_Host_Library/Core/Src/usbh_core.c **** 
 666:Middlewares/ST/STM32_USB_Host_Library/Core/Src/usbh_core.c ****     case HOST_CHECK_CLASS:
ARM GAS  /tmp/ccyGUChw.s 			page 15


 667:Middlewares/ST/STM32_USB_Host_Library/Core/Src/usbh_core.c **** 
 668:Middlewares/ST/STM32_USB_Host_Library/Core/Src/usbh_core.c ****       if (phost->ClassNumber == 0U)
 669:Middlewares/ST/STM32_USB_Host_Library/Core/Src/usbh_core.c ****       {
 670:Middlewares/ST/STM32_USB_Host_Library/Core/Src/usbh_core.c ****         USBH_UsrLog("No Class has been registered.");
 671:Middlewares/ST/STM32_USB_Host_Library/Core/Src/usbh_core.c ****       }
 672:Middlewares/ST/STM32_USB_Host_Library/Core/Src/usbh_core.c ****       else
 673:Middlewares/ST/STM32_USB_Host_Library/Core/Src/usbh_core.c ****       {
 674:Middlewares/ST/STM32_USB_Host_Library/Core/Src/usbh_core.c ****         phost->pActiveClass = NULL;
 675:Middlewares/ST/STM32_USB_Host_Library/Core/Src/usbh_core.c **** 
 676:Middlewares/ST/STM32_USB_Host_Library/Core/Src/usbh_core.c ****         for (idx = 0U; idx < USBH_MAX_NUM_SUPPORTED_CLASS; idx++)
 677:Middlewares/ST/STM32_USB_Host_Library/Core/Src/usbh_core.c ****         {
 678:Middlewares/ST/STM32_USB_Host_Library/Core/Src/usbh_core.c ****           if (phost->pClass[idx]->ClassCode == phost->device.CfgDesc.Itf_Desc[0].bInterfaceClass)
 679:Middlewares/ST/STM32_USB_Host_Library/Core/Src/usbh_core.c ****           {
 680:Middlewares/ST/STM32_USB_Host_Library/Core/Src/usbh_core.c ****             phost->pActiveClass = phost->pClass[idx];
 681:Middlewares/ST/STM32_USB_Host_Library/Core/Src/usbh_core.c ****             break;
 682:Middlewares/ST/STM32_USB_Host_Library/Core/Src/usbh_core.c ****           }
 683:Middlewares/ST/STM32_USB_Host_Library/Core/Src/usbh_core.c ****         }
 684:Middlewares/ST/STM32_USB_Host_Library/Core/Src/usbh_core.c **** 
 685:Middlewares/ST/STM32_USB_Host_Library/Core/Src/usbh_core.c ****         if (phost->pActiveClass != NULL)
 686:Middlewares/ST/STM32_USB_Host_Library/Core/Src/usbh_core.c ****         {
 687:Middlewares/ST/STM32_USB_Host_Library/Core/Src/usbh_core.c ****           if (phost->pActiveClass->Init(phost) == USBH_OK)
 688:Middlewares/ST/STM32_USB_Host_Library/Core/Src/usbh_core.c ****           {
 689:Middlewares/ST/STM32_USB_Host_Library/Core/Src/usbh_core.c ****             phost->gState = HOST_CLASS_REQUEST;
 690:Middlewares/ST/STM32_USB_Host_Library/Core/Src/usbh_core.c ****             USBH_UsrLog("%s class started.", phost->pActiveClass->Name);
 691:Middlewares/ST/STM32_USB_Host_Library/Core/Src/usbh_core.c **** 
 692:Middlewares/ST/STM32_USB_Host_Library/Core/Src/usbh_core.c ****             /* Inform user that a class has been activated */
 693:Middlewares/ST/STM32_USB_Host_Library/Core/Src/usbh_core.c ****             phost->pUser(phost, HOST_USER_CLASS_SELECTED);
 694:Middlewares/ST/STM32_USB_Host_Library/Core/Src/usbh_core.c ****           }
 695:Middlewares/ST/STM32_USB_Host_Library/Core/Src/usbh_core.c ****           else
 696:Middlewares/ST/STM32_USB_Host_Library/Core/Src/usbh_core.c ****           {
 697:Middlewares/ST/STM32_USB_Host_Library/Core/Src/usbh_core.c ****             phost->gState = HOST_ABORT_STATE;
 698:Middlewares/ST/STM32_USB_Host_Library/Core/Src/usbh_core.c ****             USBH_UsrLog("Device not supporting %s class.", phost->pActiveClass->Name);
 699:Middlewares/ST/STM32_USB_Host_Library/Core/Src/usbh_core.c ****           }
 700:Middlewares/ST/STM32_USB_Host_Library/Core/Src/usbh_core.c ****         }
 701:Middlewares/ST/STM32_USB_Host_Library/Core/Src/usbh_core.c ****         else
 702:Middlewares/ST/STM32_USB_Host_Library/Core/Src/usbh_core.c ****         {
 703:Middlewares/ST/STM32_USB_Host_Library/Core/Src/usbh_core.c ****           phost->gState = HOST_ABORT_STATE;
 704:Middlewares/ST/STM32_USB_Host_Library/Core/Src/usbh_core.c ****           USBH_UsrLog("No registered class for this device.");
 705:Middlewares/ST/STM32_USB_Host_Library/Core/Src/usbh_core.c ****         }
 706:Middlewares/ST/STM32_USB_Host_Library/Core/Src/usbh_core.c ****       }
 707:Middlewares/ST/STM32_USB_Host_Library/Core/Src/usbh_core.c **** 
 708:Middlewares/ST/STM32_USB_Host_Library/Core/Src/usbh_core.c **** #if (USBH_USE_OS == 1U)
 709:Middlewares/ST/STM32_USB_Host_Library/Core/Src/usbh_core.c ****       phost->os_msg = (uint32_t)USBH_STATE_CHANGED_EVENT;
 710:Middlewares/ST/STM32_USB_Host_Library/Core/Src/usbh_core.c **** #if (osCMSIS < 0x20000U)
 711:Middlewares/ST/STM32_USB_Host_Library/Core/Src/usbh_core.c ****       (void)osMessagePut(phost->os_event, phost->os_msg, 0U);
 712:Middlewares/ST/STM32_USB_Host_Library/Core/Src/usbh_core.c **** #else
 713:Middlewares/ST/STM32_USB_Host_Library/Core/Src/usbh_core.c ****       (void)osMessageQueuePut(phost->os_event, &phost->os_msg, 0U, NULL);
 714:Middlewares/ST/STM32_USB_Host_Library/Core/Src/usbh_core.c **** #endif
 715:Middlewares/ST/STM32_USB_Host_Library/Core/Src/usbh_core.c **** #endif
 716:Middlewares/ST/STM32_USB_Host_Library/Core/Src/usbh_core.c ****       break;
 717:Middlewares/ST/STM32_USB_Host_Library/Core/Src/usbh_core.c **** 
 718:Middlewares/ST/STM32_USB_Host_Library/Core/Src/usbh_core.c ****     case HOST_CLASS_REQUEST:
 719:Middlewares/ST/STM32_USB_Host_Library/Core/Src/usbh_core.c ****       /* process class standard control requests state machine */
 720:Middlewares/ST/STM32_USB_Host_Library/Core/Src/usbh_core.c ****       if (phost->pActiveClass != NULL)
 721:Middlewares/ST/STM32_USB_Host_Library/Core/Src/usbh_core.c ****       {
 722:Middlewares/ST/STM32_USB_Host_Library/Core/Src/usbh_core.c ****         status = phost->pActiveClass->Requests(phost);
 723:Middlewares/ST/STM32_USB_Host_Library/Core/Src/usbh_core.c **** 
ARM GAS  /tmp/ccyGUChw.s 			page 16


 724:Middlewares/ST/STM32_USB_Host_Library/Core/Src/usbh_core.c ****         if (status == USBH_OK)
 725:Middlewares/ST/STM32_USB_Host_Library/Core/Src/usbh_core.c ****         {
 726:Middlewares/ST/STM32_USB_Host_Library/Core/Src/usbh_core.c ****           phost->gState = HOST_CLASS;
 727:Middlewares/ST/STM32_USB_Host_Library/Core/Src/usbh_core.c ****         }
 728:Middlewares/ST/STM32_USB_Host_Library/Core/Src/usbh_core.c ****         else if (status == USBH_FAIL)
 729:Middlewares/ST/STM32_USB_Host_Library/Core/Src/usbh_core.c ****         {
 730:Middlewares/ST/STM32_USB_Host_Library/Core/Src/usbh_core.c ****           phost->gState = HOST_ABORT_STATE;
 731:Middlewares/ST/STM32_USB_Host_Library/Core/Src/usbh_core.c ****           USBH_ErrLog("Device not responding Please Unplug.");
 732:Middlewares/ST/STM32_USB_Host_Library/Core/Src/usbh_core.c ****         }
 733:Middlewares/ST/STM32_USB_Host_Library/Core/Src/usbh_core.c ****         else
 734:Middlewares/ST/STM32_USB_Host_Library/Core/Src/usbh_core.c ****         {
 735:Middlewares/ST/STM32_USB_Host_Library/Core/Src/usbh_core.c ****           /* .. */
 736:Middlewares/ST/STM32_USB_Host_Library/Core/Src/usbh_core.c ****         }
 737:Middlewares/ST/STM32_USB_Host_Library/Core/Src/usbh_core.c ****       }
 738:Middlewares/ST/STM32_USB_Host_Library/Core/Src/usbh_core.c ****       else
 739:Middlewares/ST/STM32_USB_Host_Library/Core/Src/usbh_core.c ****       {
 740:Middlewares/ST/STM32_USB_Host_Library/Core/Src/usbh_core.c ****         phost->gState = HOST_ABORT_STATE;
 741:Middlewares/ST/STM32_USB_Host_Library/Core/Src/usbh_core.c ****         USBH_ErrLog("Invalid Class Driver.");
 742:Middlewares/ST/STM32_USB_Host_Library/Core/Src/usbh_core.c ****       }
 743:Middlewares/ST/STM32_USB_Host_Library/Core/Src/usbh_core.c **** #if (USBH_USE_OS == 1U)
 744:Middlewares/ST/STM32_USB_Host_Library/Core/Src/usbh_core.c ****       phost->os_msg = (uint32_t)USBH_STATE_CHANGED_EVENT;
 745:Middlewares/ST/STM32_USB_Host_Library/Core/Src/usbh_core.c **** #if (osCMSIS < 0x20000U)
 746:Middlewares/ST/STM32_USB_Host_Library/Core/Src/usbh_core.c ****       (void)osMessagePut(phost->os_event, phost->os_msg, 0U);
 747:Middlewares/ST/STM32_USB_Host_Library/Core/Src/usbh_core.c **** #else
 748:Middlewares/ST/STM32_USB_Host_Library/Core/Src/usbh_core.c ****       (void)osMessageQueuePut(phost->os_event, &phost->os_msg, 0U, NULL);
 749:Middlewares/ST/STM32_USB_Host_Library/Core/Src/usbh_core.c **** #endif
 750:Middlewares/ST/STM32_USB_Host_Library/Core/Src/usbh_core.c **** #endif
 751:Middlewares/ST/STM32_USB_Host_Library/Core/Src/usbh_core.c ****       break;
 752:Middlewares/ST/STM32_USB_Host_Library/Core/Src/usbh_core.c **** 
 753:Middlewares/ST/STM32_USB_Host_Library/Core/Src/usbh_core.c ****     case HOST_CLASS:
 754:Middlewares/ST/STM32_USB_Host_Library/Core/Src/usbh_core.c ****       /* process class state machine */
 755:Middlewares/ST/STM32_USB_Host_Library/Core/Src/usbh_core.c ****       if (phost->pActiveClass != NULL)
 756:Middlewares/ST/STM32_USB_Host_Library/Core/Src/usbh_core.c ****       {
 757:Middlewares/ST/STM32_USB_Host_Library/Core/Src/usbh_core.c ****         phost->pActiveClass->BgndProcess(phost);
 758:Middlewares/ST/STM32_USB_Host_Library/Core/Src/usbh_core.c ****       }
 759:Middlewares/ST/STM32_USB_Host_Library/Core/Src/usbh_core.c ****       break;
 760:Middlewares/ST/STM32_USB_Host_Library/Core/Src/usbh_core.c **** 
 761:Middlewares/ST/STM32_USB_Host_Library/Core/Src/usbh_core.c ****     case HOST_DEV_DISCONNECTED :
 762:Middlewares/ST/STM32_USB_Host_Library/Core/Src/usbh_core.c ****       phost->device.is_disconnected = 0U;
 763:Middlewares/ST/STM32_USB_Host_Library/Core/Src/usbh_core.c **** 
 764:Middlewares/ST/STM32_USB_Host_Library/Core/Src/usbh_core.c ****       DeInitStateMachine(phost);
 765:Middlewares/ST/STM32_USB_Host_Library/Core/Src/usbh_core.c **** 
 766:Middlewares/ST/STM32_USB_Host_Library/Core/Src/usbh_core.c ****       /* Re-Initilaize Host for new Enumeration */
 767:Middlewares/ST/STM32_USB_Host_Library/Core/Src/usbh_core.c ****       if (phost->pActiveClass != NULL)
 768:Middlewares/ST/STM32_USB_Host_Library/Core/Src/usbh_core.c ****       {
 769:Middlewares/ST/STM32_USB_Host_Library/Core/Src/usbh_core.c ****         phost->pActiveClass->DeInit(phost);
 770:Middlewares/ST/STM32_USB_Host_Library/Core/Src/usbh_core.c ****         phost->pActiveClass = NULL;
 771:Middlewares/ST/STM32_USB_Host_Library/Core/Src/usbh_core.c ****       }
 772:Middlewares/ST/STM32_USB_Host_Library/Core/Src/usbh_core.c **** 
 773:Middlewares/ST/STM32_USB_Host_Library/Core/Src/usbh_core.c ****       if (phost->pUser != NULL)
 774:Middlewares/ST/STM32_USB_Host_Library/Core/Src/usbh_core.c ****       {
 775:Middlewares/ST/STM32_USB_Host_Library/Core/Src/usbh_core.c ****         phost->pUser(phost, HOST_USER_DISCONNECTION);
 776:Middlewares/ST/STM32_USB_Host_Library/Core/Src/usbh_core.c ****       }
 777:Middlewares/ST/STM32_USB_Host_Library/Core/Src/usbh_core.c ****       USBH_UsrLog("USB Device disconnected");
 778:Middlewares/ST/STM32_USB_Host_Library/Core/Src/usbh_core.c **** 
 779:Middlewares/ST/STM32_USB_Host_Library/Core/Src/usbh_core.c ****       if (phost->device.is_ReEnumerated == 1U)
 780:Middlewares/ST/STM32_USB_Host_Library/Core/Src/usbh_core.c ****       {
ARM GAS  /tmp/ccyGUChw.s 			page 17


 781:Middlewares/ST/STM32_USB_Host_Library/Core/Src/usbh_core.c ****         phost->device.is_ReEnumerated = 0U;
 782:Middlewares/ST/STM32_USB_Host_Library/Core/Src/usbh_core.c **** 
 783:Middlewares/ST/STM32_USB_Host_Library/Core/Src/usbh_core.c ****         /* Start the host and re-enable Vbus */
 784:Middlewares/ST/STM32_USB_Host_Library/Core/Src/usbh_core.c ****         USBH_Start(phost);
 785:Middlewares/ST/STM32_USB_Host_Library/Core/Src/usbh_core.c ****       }
 786:Middlewares/ST/STM32_USB_Host_Library/Core/Src/usbh_core.c ****       else
 787:Middlewares/ST/STM32_USB_Host_Library/Core/Src/usbh_core.c ****       {
 788:Middlewares/ST/STM32_USB_Host_Library/Core/Src/usbh_core.c ****         /* Device Disconnection Completed, start USB Driver */
 789:Middlewares/ST/STM32_USB_Host_Library/Core/Src/usbh_core.c ****         USBH_LL_Start(phost);
 790:Middlewares/ST/STM32_USB_Host_Library/Core/Src/usbh_core.c ****       }
 791:Middlewares/ST/STM32_USB_Host_Library/Core/Src/usbh_core.c **** 
 792:Middlewares/ST/STM32_USB_Host_Library/Core/Src/usbh_core.c **** #if (USBH_USE_OS == 1U)
 793:Middlewares/ST/STM32_USB_Host_Library/Core/Src/usbh_core.c ****       phost->os_msg = (uint32_t)USBH_PORT_EVENT;
 794:Middlewares/ST/STM32_USB_Host_Library/Core/Src/usbh_core.c **** #if (osCMSIS < 0x20000U)
 795:Middlewares/ST/STM32_USB_Host_Library/Core/Src/usbh_core.c ****       (void)osMessagePut(phost->os_event, phost->os_msg, 0U);
 796:Middlewares/ST/STM32_USB_Host_Library/Core/Src/usbh_core.c **** #else
 797:Middlewares/ST/STM32_USB_Host_Library/Core/Src/usbh_core.c ****       (void)osMessageQueuePut(phost->os_event, &phost->os_msg, 0U, NULL);
 798:Middlewares/ST/STM32_USB_Host_Library/Core/Src/usbh_core.c **** #endif
 799:Middlewares/ST/STM32_USB_Host_Library/Core/Src/usbh_core.c **** #endif
 800:Middlewares/ST/STM32_USB_Host_Library/Core/Src/usbh_core.c ****       break;
 801:Middlewares/ST/STM32_USB_Host_Library/Core/Src/usbh_core.c **** 
 802:Middlewares/ST/STM32_USB_Host_Library/Core/Src/usbh_core.c ****     case HOST_ABORT_STATE:
 803:Middlewares/ST/STM32_USB_Host_Library/Core/Src/usbh_core.c ****     default :
 804:Middlewares/ST/STM32_USB_Host_Library/Core/Src/usbh_core.c ****       break;
 805:Middlewares/ST/STM32_USB_Host_Library/Core/Src/usbh_core.c ****   }
 806:Middlewares/ST/STM32_USB_Host_Library/Core/Src/usbh_core.c ****   return USBH_OK;
 807:Middlewares/ST/STM32_USB_Host_Library/Core/Src/usbh_core.c **** }
 808:Middlewares/ST/STM32_USB_Host_Library/Core/Src/usbh_core.c **** 
 809:Middlewares/ST/STM32_USB_Host_Library/Core/Src/usbh_core.c **** 
 810:Middlewares/ST/STM32_USB_Host_Library/Core/Src/usbh_core.c **** /**
 811:Middlewares/ST/STM32_USB_Host_Library/Core/Src/usbh_core.c ****   * @brief  USBH_HandleEnum
 812:Middlewares/ST/STM32_USB_Host_Library/Core/Src/usbh_core.c ****   *         This function includes the complete enumeration process
 813:Middlewares/ST/STM32_USB_Host_Library/Core/Src/usbh_core.c ****   * @param  phost: Host Handle
 814:Middlewares/ST/STM32_USB_Host_Library/Core/Src/usbh_core.c ****   * @retval USBH_Status
 815:Middlewares/ST/STM32_USB_Host_Library/Core/Src/usbh_core.c ****   */
 816:Middlewares/ST/STM32_USB_Host_Library/Core/Src/usbh_core.c **** static USBH_StatusTypeDef USBH_HandleEnum(USBH_HandleTypeDef *phost)
 817:Middlewares/ST/STM32_USB_Host_Library/Core/Src/usbh_core.c **** {
 818:Middlewares/ST/STM32_USB_Host_Library/Core/Src/usbh_core.c ****   USBH_StatusTypeDef Status = USBH_BUSY;
 819:Middlewares/ST/STM32_USB_Host_Library/Core/Src/usbh_core.c ****   USBH_StatusTypeDef ReqStatus = USBH_BUSY;
 820:Middlewares/ST/STM32_USB_Host_Library/Core/Src/usbh_core.c **** 
 821:Middlewares/ST/STM32_USB_Host_Library/Core/Src/usbh_core.c ****   switch (phost->EnumState)
 822:Middlewares/ST/STM32_USB_Host_Library/Core/Src/usbh_core.c ****   {
 823:Middlewares/ST/STM32_USB_Host_Library/Core/Src/usbh_core.c ****     case ENUM_IDLE:
 824:Middlewares/ST/STM32_USB_Host_Library/Core/Src/usbh_core.c ****       /* Get Device Desc for only 1st 8 bytes : To get EP0 MaxPacketSize */
 825:Middlewares/ST/STM32_USB_Host_Library/Core/Src/usbh_core.c ****       ReqStatus = USBH_Get_DevDesc(phost, 8U);
 826:Middlewares/ST/STM32_USB_Host_Library/Core/Src/usbh_core.c ****       if (ReqStatus == USBH_OK)
 827:Middlewares/ST/STM32_USB_Host_Library/Core/Src/usbh_core.c ****       {
 828:Middlewares/ST/STM32_USB_Host_Library/Core/Src/usbh_core.c ****         phost->Control.pipe_size = phost->device.DevDesc.bMaxPacketSize;
 829:Middlewares/ST/STM32_USB_Host_Library/Core/Src/usbh_core.c **** 
 830:Middlewares/ST/STM32_USB_Host_Library/Core/Src/usbh_core.c ****         phost->EnumState = ENUM_GET_FULL_DEV_DESC;
 831:Middlewares/ST/STM32_USB_Host_Library/Core/Src/usbh_core.c **** 
 832:Middlewares/ST/STM32_USB_Host_Library/Core/Src/usbh_core.c ****         /* modify control channels configuration for MaxPacket size */
 833:Middlewares/ST/STM32_USB_Host_Library/Core/Src/usbh_core.c ****         USBH_OpenPipe(phost, phost->Control.pipe_in, 0x80U, phost->device.address,
 834:Middlewares/ST/STM32_USB_Host_Library/Core/Src/usbh_core.c ****                       phost->device.speed, USBH_EP_CONTROL,
 835:Middlewares/ST/STM32_USB_Host_Library/Core/Src/usbh_core.c ****                       (uint16_t)phost->Control.pipe_size);
 836:Middlewares/ST/STM32_USB_Host_Library/Core/Src/usbh_core.c **** 
 837:Middlewares/ST/STM32_USB_Host_Library/Core/Src/usbh_core.c ****         /* Open Control pipes */
ARM GAS  /tmp/ccyGUChw.s 			page 18


 838:Middlewares/ST/STM32_USB_Host_Library/Core/Src/usbh_core.c ****         USBH_OpenPipe(phost, phost->Control.pipe_out, 0x00U, phost->device.address,
 839:Middlewares/ST/STM32_USB_Host_Library/Core/Src/usbh_core.c ****                       phost->device.speed, USBH_EP_CONTROL,
 840:Middlewares/ST/STM32_USB_Host_Library/Core/Src/usbh_core.c ****                       (uint16_t)phost->Control.pipe_size);
 841:Middlewares/ST/STM32_USB_Host_Library/Core/Src/usbh_core.c ****       }
 842:Middlewares/ST/STM32_USB_Host_Library/Core/Src/usbh_core.c ****       else if (ReqStatus == USBH_NOT_SUPPORTED)
 843:Middlewares/ST/STM32_USB_Host_Library/Core/Src/usbh_core.c ****       {
 844:Middlewares/ST/STM32_USB_Host_Library/Core/Src/usbh_core.c ****         USBH_ErrLog("Control error: Get Device Descriptor request failed");
 845:Middlewares/ST/STM32_USB_Host_Library/Core/Src/usbh_core.c ****         phost->device.EnumCnt++;
 846:Middlewares/ST/STM32_USB_Host_Library/Core/Src/usbh_core.c ****         if (phost->device.EnumCnt > 3U)
 847:Middlewares/ST/STM32_USB_Host_Library/Core/Src/usbh_core.c ****         {
 848:Middlewares/ST/STM32_USB_Host_Library/Core/Src/usbh_core.c ****           /* Buggy Device can't complete get device desc request */
 849:Middlewares/ST/STM32_USB_Host_Library/Core/Src/usbh_core.c ****           USBH_UsrLog("Control error, Device not Responding Please unplug the Device.");
 850:Middlewares/ST/STM32_USB_Host_Library/Core/Src/usbh_core.c ****           phost->gState = HOST_ABORT_STATE;
 851:Middlewares/ST/STM32_USB_Host_Library/Core/Src/usbh_core.c ****         }
 852:Middlewares/ST/STM32_USB_Host_Library/Core/Src/usbh_core.c ****         else
 853:Middlewares/ST/STM32_USB_Host_Library/Core/Src/usbh_core.c ****         {
 854:Middlewares/ST/STM32_USB_Host_Library/Core/Src/usbh_core.c ****           /* free control pipes */
 855:Middlewares/ST/STM32_USB_Host_Library/Core/Src/usbh_core.c ****           USBH_FreePipe(phost, phost->Control.pipe_out);
 856:Middlewares/ST/STM32_USB_Host_Library/Core/Src/usbh_core.c ****           USBH_FreePipe(phost, phost->Control.pipe_in);
 857:Middlewares/ST/STM32_USB_Host_Library/Core/Src/usbh_core.c **** 
 858:Middlewares/ST/STM32_USB_Host_Library/Core/Src/usbh_core.c ****           /* Reset the USB Device */
 859:Middlewares/ST/STM32_USB_Host_Library/Core/Src/usbh_core.c ****           phost->gState = HOST_IDLE;
 860:Middlewares/ST/STM32_USB_Host_Library/Core/Src/usbh_core.c ****         }
 861:Middlewares/ST/STM32_USB_Host_Library/Core/Src/usbh_core.c ****       }
 862:Middlewares/ST/STM32_USB_Host_Library/Core/Src/usbh_core.c ****       else
 863:Middlewares/ST/STM32_USB_Host_Library/Core/Src/usbh_core.c ****       {
 864:Middlewares/ST/STM32_USB_Host_Library/Core/Src/usbh_core.c ****         /* .. */
 865:Middlewares/ST/STM32_USB_Host_Library/Core/Src/usbh_core.c ****       }
 866:Middlewares/ST/STM32_USB_Host_Library/Core/Src/usbh_core.c ****       break;
 867:Middlewares/ST/STM32_USB_Host_Library/Core/Src/usbh_core.c **** 
 868:Middlewares/ST/STM32_USB_Host_Library/Core/Src/usbh_core.c ****     case ENUM_GET_FULL_DEV_DESC:
 869:Middlewares/ST/STM32_USB_Host_Library/Core/Src/usbh_core.c ****       /* Get FULL Device Desc  */
 870:Middlewares/ST/STM32_USB_Host_Library/Core/Src/usbh_core.c ****       ReqStatus = USBH_Get_DevDesc(phost, USB_DEVICE_DESC_SIZE);
 871:Middlewares/ST/STM32_USB_Host_Library/Core/Src/usbh_core.c ****       if (ReqStatus == USBH_OK)
 872:Middlewares/ST/STM32_USB_Host_Library/Core/Src/usbh_core.c ****       {
 873:Middlewares/ST/STM32_USB_Host_Library/Core/Src/usbh_core.c ****         USBH_UsrLog("PID: %xh", phost->device.DevDesc.idProduct);
 874:Middlewares/ST/STM32_USB_Host_Library/Core/Src/usbh_core.c ****         USBH_UsrLog("VID: %xh", phost->device.DevDesc.idVendor);
 875:Middlewares/ST/STM32_USB_Host_Library/Core/Src/usbh_core.c **** 
 876:Middlewares/ST/STM32_USB_Host_Library/Core/Src/usbh_core.c ****         phost->EnumState = ENUM_SET_ADDR;
 877:Middlewares/ST/STM32_USB_Host_Library/Core/Src/usbh_core.c ****       }
 878:Middlewares/ST/STM32_USB_Host_Library/Core/Src/usbh_core.c ****       else if (ReqStatus == USBH_NOT_SUPPORTED)
 879:Middlewares/ST/STM32_USB_Host_Library/Core/Src/usbh_core.c ****       {
 880:Middlewares/ST/STM32_USB_Host_Library/Core/Src/usbh_core.c ****         USBH_ErrLog("Control error: Get Full Device Descriptor request failed");
 881:Middlewares/ST/STM32_USB_Host_Library/Core/Src/usbh_core.c ****         phost->device.EnumCnt++;
 882:Middlewares/ST/STM32_USB_Host_Library/Core/Src/usbh_core.c ****         if (phost->device.EnumCnt > 3U)
 883:Middlewares/ST/STM32_USB_Host_Library/Core/Src/usbh_core.c ****         {
 884:Middlewares/ST/STM32_USB_Host_Library/Core/Src/usbh_core.c ****           /* Buggy Device can't complete get device desc request */
 885:Middlewares/ST/STM32_USB_Host_Library/Core/Src/usbh_core.c ****           USBH_UsrLog("Control error, Device not Responding Please unplug the Device.");
 886:Middlewares/ST/STM32_USB_Host_Library/Core/Src/usbh_core.c ****           phost->gState = HOST_ABORT_STATE;
 887:Middlewares/ST/STM32_USB_Host_Library/Core/Src/usbh_core.c ****         }
 888:Middlewares/ST/STM32_USB_Host_Library/Core/Src/usbh_core.c ****         else
 889:Middlewares/ST/STM32_USB_Host_Library/Core/Src/usbh_core.c ****         {
 890:Middlewares/ST/STM32_USB_Host_Library/Core/Src/usbh_core.c ****           /* Free control pipes */
 891:Middlewares/ST/STM32_USB_Host_Library/Core/Src/usbh_core.c ****           USBH_FreePipe(phost, phost->Control.pipe_out);
 892:Middlewares/ST/STM32_USB_Host_Library/Core/Src/usbh_core.c ****           USBH_FreePipe(phost, phost->Control.pipe_in);
 893:Middlewares/ST/STM32_USB_Host_Library/Core/Src/usbh_core.c **** 
 894:Middlewares/ST/STM32_USB_Host_Library/Core/Src/usbh_core.c ****           /* Reset the USB Device */
ARM GAS  /tmp/ccyGUChw.s 			page 19


 895:Middlewares/ST/STM32_USB_Host_Library/Core/Src/usbh_core.c ****           phost->EnumState = ENUM_IDLE;
 896:Middlewares/ST/STM32_USB_Host_Library/Core/Src/usbh_core.c ****           phost->gState = HOST_IDLE;
 897:Middlewares/ST/STM32_USB_Host_Library/Core/Src/usbh_core.c ****         }
 898:Middlewares/ST/STM32_USB_Host_Library/Core/Src/usbh_core.c ****       }
 899:Middlewares/ST/STM32_USB_Host_Library/Core/Src/usbh_core.c ****       else
 900:Middlewares/ST/STM32_USB_Host_Library/Core/Src/usbh_core.c ****       {
 901:Middlewares/ST/STM32_USB_Host_Library/Core/Src/usbh_core.c ****         /* .. */
 902:Middlewares/ST/STM32_USB_Host_Library/Core/Src/usbh_core.c ****       }
 903:Middlewares/ST/STM32_USB_Host_Library/Core/Src/usbh_core.c ****       break;
 904:Middlewares/ST/STM32_USB_Host_Library/Core/Src/usbh_core.c **** 
 905:Middlewares/ST/STM32_USB_Host_Library/Core/Src/usbh_core.c ****     case ENUM_SET_ADDR:
 906:Middlewares/ST/STM32_USB_Host_Library/Core/Src/usbh_core.c ****       /* set address */
 907:Middlewares/ST/STM32_USB_Host_Library/Core/Src/usbh_core.c ****       ReqStatus = USBH_SetAddress(phost, USBH_DEVICE_ADDRESS);
 908:Middlewares/ST/STM32_USB_Host_Library/Core/Src/usbh_core.c ****       if (ReqStatus == USBH_OK)
 909:Middlewares/ST/STM32_USB_Host_Library/Core/Src/usbh_core.c ****       {
 910:Middlewares/ST/STM32_USB_Host_Library/Core/Src/usbh_core.c ****         USBH_Delay(2U);
 911:Middlewares/ST/STM32_USB_Host_Library/Core/Src/usbh_core.c ****         phost->device.address = USBH_DEVICE_ADDRESS;
 912:Middlewares/ST/STM32_USB_Host_Library/Core/Src/usbh_core.c **** 
 913:Middlewares/ST/STM32_USB_Host_Library/Core/Src/usbh_core.c ****         /* user callback for device address assigned */
 914:Middlewares/ST/STM32_USB_Host_Library/Core/Src/usbh_core.c ****         USBH_UsrLog("Address (#%d) assigned.", phost->device.address);
 915:Middlewares/ST/STM32_USB_Host_Library/Core/Src/usbh_core.c ****         phost->EnumState = ENUM_GET_CFG_DESC;
 916:Middlewares/ST/STM32_USB_Host_Library/Core/Src/usbh_core.c **** 
 917:Middlewares/ST/STM32_USB_Host_Library/Core/Src/usbh_core.c ****         /* modify control channels to update device address */
 918:Middlewares/ST/STM32_USB_Host_Library/Core/Src/usbh_core.c ****         USBH_OpenPipe(phost, phost->Control.pipe_in, 0x80U,  phost->device.address,
 919:Middlewares/ST/STM32_USB_Host_Library/Core/Src/usbh_core.c ****                       phost->device.speed, USBH_EP_CONTROL,
 920:Middlewares/ST/STM32_USB_Host_Library/Core/Src/usbh_core.c ****                       (uint16_t)phost->Control.pipe_size);
 921:Middlewares/ST/STM32_USB_Host_Library/Core/Src/usbh_core.c **** 
 922:Middlewares/ST/STM32_USB_Host_Library/Core/Src/usbh_core.c ****         /* Open Control pipes */
 923:Middlewares/ST/STM32_USB_Host_Library/Core/Src/usbh_core.c ****         USBH_OpenPipe(phost, phost->Control.pipe_out, 0x00U, phost->device.address,
 924:Middlewares/ST/STM32_USB_Host_Library/Core/Src/usbh_core.c ****                       phost->device.speed, USBH_EP_CONTROL,
 925:Middlewares/ST/STM32_USB_Host_Library/Core/Src/usbh_core.c ****                       (uint16_t)phost->Control.pipe_size);
 926:Middlewares/ST/STM32_USB_Host_Library/Core/Src/usbh_core.c ****       }
 927:Middlewares/ST/STM32_USB_Host_Library/Core/Src/usbh_core.c ****       else if (ReqStatus == USBH_NOT_SUPPORTED)
 928:Middlewares/ST/STM32_USB_Host_Library/Core/Src/usbh_core.c ****       {
 929:Middlewares/ST/STM32_USB_Host_Library/Core/Src/usbh_core.c ****         USBH_ErrLog("Control error: Device Set Address request failed");
 930:Middlewares/ST/STM32_USB_Host_Library/Core/Src/usbh_core.c **** 
 931:Middlewares/ST/STM32_USB_Host_Library/Core/Src/usbh_core.c ****         /* Buggy Device can't complete get device desc request */
 932:Middlewares/ST/STM32_USB_Host_Library/Core/Src/usbh_core.c ****         USBH_UsrLog("Control error, Device not Responding Please unplug the Device.");
 933:Middlewares/ST/STM32_USB_Host_Library/Core/Src/usbh_core.c ****         phost->gState = HOST_ABORT_STATE;
 934:Middlewares/ST/STM32_USB_Host_Library/Core/Src/usbh_core.c ****         phost->EnumState = ENUM_IDLE;
 935:Middlewares/ST/STM32_USB_Host_Library/Core/Src/usbh_core.c ****       }
 936:Middlewares/ST/STM32_USB_Host_Library/Core/Src/usbh_core.c ****       else
 937:Middlewares/ST/STM32_USB_Host_Library/Core/Src/usbh_core.c ****       {
 938:Middlewares/ST/STM32_USB_Host_Library/Core/Src/usbh_core.c ****         /* .. */
 939:Middlewares/ST/STM32_USB_Host_Library/Core/Src/usbh_core.c ****       }
 940:Middlewares/ST/STM32_USB_Host_Library/Core/Src/usbh_core.c ****       break;
 941:Middlewares/ST/STM32_USB_Host_Library/Core/Src/usbh_core.c **** 
 942:Middlewares/ST/STM32_USB_Host_Library/Core/Src/usbh_core.c ****     case ENUM_GET_CFG_DESC:
 943:Middlewares/ST/STM32_USB_Host_Library/Core/Src/usbh_core.c ****       /* get standard configuration descriptor */
 944:Middlewares/ST/STM32_USB_Host_Library/Core/Src/usbh_core.c ****       ReqStatus = USBH_Get_CfgDesc(phost, USB_CONFIGURATION_DESC_SIZE);
 945:Middlewares/ST/STM32_USB_Host_Library/Core/Src/usbh_core.c ****       if (ReqStatus == USBH_OK)
 946:Middlewares/ST/STM32_USB_Host_Library/Core/Src/usbh_core.c ****       {
 947:Middlewares/ST/STM32_USB_Host_Library/Core/Src/usbh_core.c ****         phost->EnumState = ENUM_GET_FULL_CFG_DESC;
 948:Middlewares/ST/STM32_USB_Host_Library/Core/Src/usbh_core.c ****       }
 949:Middlewares/ST/STM32_USB_Host_Library/Core/Src/usbh_core.c ****       else if (ReqStatus == USBH_NOT_SUPPORTED)
 950:Middlewares/ST/STM32_USB_Host_Library/Core/Src/usbh_core.c ****       {
 951:Middlewares/ST/STM32_USB_Host_Library/Core/Src/usbh_core.c ****         USBH_ErrLog("Control error: Get Device configuration descriptor request failed");
ARM GAS  /tmp/ccyGUChw.s 			page 20


 952:Middlewares/ST/STM32_USB_Host_Library/Core/Src/usbh_core.c ****         phost->device.EnumCnt++;
 953:Middlewares/ST/STM32_USB_Host_Library/Core/Src/usbh_core.c ****         if (phost->device.EnumCnt > 3U)
 954:Middlewares/ST/STM32_USB_Host_Library/Core/Src/usbh_core.c ****         {
 955:Middlewares/ST/STM32_USB_Host_Library/Core/Src/usbh_core.c ****           /* Buggy Device can't complete get device desc request */
 956:Middlewares/ST/STM32_USB_Host_Library/Core/Src/usbh_core.c ****           USBH_UsrLog("Control error, Device not Responding Please unplug the Device.");
 957:Middlewares/ST/STM32_USB_Host_Library/Core/Src/usbh_core.c ****           phost->gState = HOST_ABORT_STATE;
 958:Middlewares/ST/STM32_USB_Host_Library/Core/Src/usbh_core.c ****         }
 959:Middlewares/ST/STM32_USB_Host_Library/Core/Src/usbh_core.c ****         else
 960:Middlewares/ST/STM32_USB_Host_Library/Core/Src/usbh_core.c ****         {
 961:Middlewares/ST/STM32_USB_Host_Library/Core/Src/usbh_core.c ****           /* Free control pipes */
 962:Middlewares/ST/STM32_USB_Host_Library/Core/Src/usbh_core.c ****           USBH_FreePipe(phost, phost->Control.pipe_out);
 963:Middlewares/ST/STM32_USB_Host_Library/Core/Src/usbh_core.c ****           USBH_FreePipe(phost, phost->Control.pipe_in);
 964:Middlewares/ST/STM32_USB_Host_Library/Core/Src/usbh_core.c **** 
 965:Middlewares/ST/STM32_USB_Host_Library/Core/Src/usbh_core.c ****           /* Reset the USB Device */
 966:Middlewares/ST/STM32_USB_Host_Library/Core/Src/usbh_core.c ****           phost->EnumState = ENUM_IDLE;
 967:Middlewares/ST/STM32_USB_Host_Library/Core/Src/usbh_core.c ****           phost->gState = HOST_IDLE;
 968:Middlewares/ST/STM32_USB_Host_Library/Core/Src/usbh_core.c ****         }
 969:Middlewares/ST/STM32_USB_Host_Library/Core/Src/usbh_core.c ****       }
 970:Middlewares/ST/STM32_USB_Host_Library/Core/Src/usbh_core.c ****       else
 971:Middlewares/ST/STM32_USB_Host_Library/Core/Src/usbh_core.c ****       {
 972:Middlewares/ST/STM32_USB_Host_Library/Core/Src/usbh_core.c ****         /* .. */
 973:Middlewares/ST/STM32_USB_Host_Library/Core/Src/usbh_core.c ****       }
 974:Middlewares/ST/STM32_USB_Host_Library/Core/Src/usbh_core.c ****       break;
 975:Middlewares/ST/STM32_USB_Host_Library/Core/Src/usbh_core.c **** 
 976:Middlewares/ST/STM32_USB_Host_Library/Core/Src/usbh_core.c ****     case ENUM_GET_FULL_CFG_DESC:
 977:Middlewares/ST/STM32_USB_Host_Library/Core/Src/usbh_core.c ****       /* get FULL config descriptor (config, interface, endpoints) */
 978:Middlewares/ST/STM32_USB_Host_Library/Core/Src/usbh_core.c ****       ReqStatus = USBH_Get_CfgDesc(phost, phost->device.CfgDesc.wTotalLength);
 979:Middlewares/ST/STM32_USB_Host_Library/Core/Src/usbh_core.c ****       if (ReqStatus == USBH_OK)
 980:Middlewares/ST/STM32_USB_Host_Library/Core/Src/usbh_core.c ****       {
 981:Middlewares/ST/STM32_USB_Host_Library/Core/Src/usbh_core.c ****         phost->EnumState = ENUM_GET_MFC_STRING_DESC;
 982:Middlewares/ST/STM32_USB_Host_Library/Core/Src/usbh_core.c ****       }
 983:Middlewares/ST/STM32_USB_Host_Library/Core/Src/usbh_core.c ****       else if (ReqStatus == USBH_NOT_SUPPORTED)
 984:Middlewares/ST/STM32_USB_Host_Library/Core/Src/usbh_core.c ****       {
 985:Middlewares/ST/STM32_USB_Host_Library/Core/Src/usbh_core.c ****         USBH_ErrLog("Control error: Get Device configuration descriptor request failed");
 986:Middlewares/ST/STM32_USB_Host_Library/Core/Src/usbh_core.c ****         phost->device.EnumCnt++;
 987:Middlewares/ST/STM32_USB_Host_Library/Core/Src/usbh_core.c ****         if (phost->device.EnumCnt > 3U)
 988:Middlewares/ST/STM32_USB_Host_Library/Core/Src/usbh_core.c ****         {
 989:Middlewares/ST/STM32_USB_Host_Library/Core/Src/usbh_core.c ****           /* Buggy Device can't complete get device desc request */
 990:Middlewares/ST/STM32_USB_Host_Library/Core/Src/usbh_core.c ****           USBH_UsrLog("Control error, Device not Responding Please unplug the Device.");
 991:Middlewares/ST/STM32_USB_Host_Library/Core/Src/usbh_core.c ****           phost->gState = HOST_ABORT_STATE;
 992:Middlewares/ST/STM32_USB_Host_Library/Core/Src/usbh_core.c ****         }
 993:Middlewares/ST/STM32_USB_Host_Library/Core/Src/usbh_core.c ****         else
 994:Middlewares/ST/STM32_USB_Host_Library/Core/Src/usbh_core.c ****         {
 995:Middlewares/ST/STM32_USB_Host_Library/Core/Src/usbh_core.c ****           /* Free control pipes */
 996:Middlewares/ST/STM32_USB_Host_Library/Core/Src/usbh_core.c ****           USBH_FreePipe(phost, phost->Control.pipe_out);
 997:Middlewares/ST/STM32_USB_Host_Library/Core/Src/usbh_core.c ****           USBH_FreePipe(phost, phost->Control.pipe_in);
 998:Middlewares/ST/STM32_USB_Host_Library/Core/Src/usbh_core.c **** 
 999:Middlewares/ST/STM32_USB_Host_Library/Core/Src/usbh_core.c ****           /* Reset the USB Device */
1000:Middlewares/ST/STM32_USB_Host_Library/Core/Src/usbh_core.c ****           phost->EnumState = ENUM_IDLE;
1001:Middlewares/ST/STM32_USB_Host_Library/Core/Src/usbh_core.c ****           phost->gState = HOST_IDLE;
1002:Middlewares/ST/STM32_USB_Host_Library/Core/Src/usbh_core.c ****         }
1003:Middlewares/ST/STM32_USB_Host_Library/Core/Src/usbh_core.c ****       }
1004:Middlewares/ST/STM32_USB_Host_Library/Core/Src/usbh_core.c ****       else
1005:Middlewares/ST/STM32_USB_Host_Library/Core/Src/usbh_core.c ****       {
1006:Middlewares/ST/STM32_USB_Host_Library/Core/Src/usbh_core.c ****         /* .. */
1007:Middlewares/ST/STM32_USB_Host_Library/Core/Src/usbh_core.c ****       }
1008:Middlewares/ST/STM32_USB_Host_Library/Core/Src/usbh_core.c ****       break;
ARM GAS  /tmp/ccyGUChw.s 			page 21


1009:Middlewares/ST/STM32_USB_Host_Library/Core/Src/usbh_core.c **** 
1010:Middlewares/ST/STM32_USB_Host_Library/Core/Src/usbh_core.c ****     case ENUM_GET_MFC_STRING_DESC:
1011:Middlewares/ST/STM32_USB_Host_Library/Core/Src/usbh_core.c ****       if (phost->device.DevDesc.iManufacturer != 0U)
1012:Middlewares/ST/STM32_USB_Host_Library/Core/Src/usbh_core.c ****       {
1013:Middlewares/ST/STM32_USB_Host_Library/Core/Src/usbh_core.c ****         /* Check that Manufacturer String is available */
1014:Middlewares/ST/STM32_USB_Host_Library/Core/Src/usbh_core.c ****         ReqStatus = USBH_Get_StringDesc(phost, phost->device.DevDesc.iManufacturer,
1015:Middlewares/ST/STM32_USB_Host_Library/Core/Src/usbh_core.c ****                                         phost->device.Data, 0xFFU);
1016:Middlewares/ST/STM32_USB_Host_Library/Core/Src/usbh_core.c ****         if (ReqStatus == USBH_OK)
1017:Middlewares/ST/STM32_USB_Host_Library/Core/Src/usbh_core.c ****         {
1018:Middlewares/ST/STM32_USB_Host_Library/Core/Src/usbh_core.c ****           /* User callback for Manufacturing string */
1019:Middlewares/ST/STM32_USB_Host_Library/Core/Src/usbh_core.c ****           USBH_UsrLog("Manufacturer : %s", (char *)(void *)phost->device.Data);
1020:Middlewares/ST/STM32_USB_Host_Library/Core/Src/usbh_core.c ****           phost->EnumState = ENUM_GET_PRODUCT_STRING_DESC;
1021:Middlewares/ST/STM32_USB_Host_Library/Core/Src/usbh_core.c **** 
1022:Middlewares/ST/STM32_USB_Host_Library/Core/Src/usbh_core.c **** #if (USBH_USE_OS == 1U)
1023:Middlewares/ST/STM32_USB_Host_Library/Core/Src/usbh_core.c ****           phost->os_msg = (uint32_t)USBH_STATE_CHANGED_EVENT;
1024:Middlewares/ST/STM32_USB_Host_Library/Core/Src/usbh_core.c **** #if (osCMSIS < 0x20000U)
1025:Middlewares/ST/STM32_USB_Host_Library/Core/Src/usbh_core.c ****           (void)osMessagePut(phost->os_event, phost->os_msg, 0U);
1026:Middlewares/ST/STM32_USB_Host_Library/Core/Src/usbh_core.c **** #else
1027:Middlewares/ST/STM32_USB_Host_Library/Core/Src/usbh_core.c ****           (void)osMessageQueuePut(phost->os_event, &phost->os_msg, 0U, NULL);
1028:Middlewares/ST/STM32_USB_Host_Library/Core/Src/usbh_core.c **** #endif
1029:Middlewares/ST/STM32_USB_Host_Library/Core/Src/usbh_core.c **** #endif
1030:Middlewares/ST/STM32_USB_Host_Library/Core/Src/usbh_core.c ****         }
1031:Middlewares/ST/STM32_USB_Host_Library/Core/Src/usbh_core.c ****         else if (ReqStatus == USBH_NOT_SUPPORTED)
1032:Middlewares/ST/STM32_USB_Host_Library/Core/Src/usbh_core.c ****         {
1033:Middlewares/ST/STM32_USB_Host_Library/Core/Src/usbh_core.c ****           USBH_UsrLog("Manufacturer : N/A");
1034:Middlewares/ST/STM32_USB_Host_Library/Core/Src/usbh_core.c ****           phost->EnumState = ENUM_GET_PRODUCT_STRING_DESC;
1035:Middlewares/ST/STM32_USB_Host_Library/Core/Src/usbh_core.c **** 
1036:Middlewares/ST/STM32_USB_Host_Library/Core/Src/usbh_core.c **** #if (USBH_USE_OS == 1U)
1037:Middlewares/ST/STM32_USB_Host_Library/Core/Src/usbh_core.c ****           phost->os_msg = (uint32_t)USBH_STATE_CHANGED_EVENT;
1038:Middlewares/ST/STM32_USB_Host_Library/Core/Src/usbh_core.c **** #if (osCMSIS < 0x20000U)
1039:Middlewares/ST/STM32_USB_Host_Library/Core/Src/usbh_core.c ****           (void)osMessagePut(phost->os_event, phost->os_msg, 0U);
1040:Middlewares/ST/STM32_USB_Host_Library/Core/Src/usbh_core.c **** #else
1041:Middlewares/ST/STM32_USB_Host_Library/Core/Src/usbh_core.c ****           (void)osMessageQueuePut(phost->os_event, &phost->os_msg, 0U, NULL);
1042:Middlewares/ST/STM32_USB_Host_Library/Core/Src/usbh_core.c **** #endif
1043:Middlewares/ST/STM32_USB_Host_Library/Core/Src/usbh_core.c **** #endif
1044:Middlewares/ST/STM32_USB_Host_Library/Core/Src/usbh_core.c ****         }
1045:Middlewares/ST/STM32_USB_Host_Library/Core/Src/usbh_core.c ****         else
1046:Middlewares/ST/STM32_USB_Host_Library/Core/Src/usbh_core.c ****         {
1047:Middlewares/ST/STM32_USB_Host_Library/Core/Src/usbh_core.c ****           /* .. */
1048:Middlewares/ST/STM32_USB_Host_Library/Core/Src/usbh_core.c ****         }
1049:Middlewares/ST/STM32_USB_Host_Library/Core/Src/usbh_core.c ****       }
1050:Middlewares/ST/STM32_USB_Host_Library/Core/Src/usbh_core.c ****       else
1051:Middlewares/ST/STM32_USB_Host_Library/Core/Src/usbh_core.c ****       {
1052:Middlewares/ST/STM32_USB_Host_Library/Core/Src/usbh_core.c ****         USBH_UsrLog("Manufacturer : N/A");
1053:Middlewares/ST/STM32_USB_Host_Library/Core/Src/usbh_core.c ****         phost->EnumState = ENUM_GET_PRODUCT_STRING_DESC;
1054:Middlewares/ST/STM32_USB_Host_Library/Core/Src/usbh_core.c **** 
1055:Middlewares/ST/STM32_USB_Host_Library/Core/Src/usbh_core.c **** #if (USBH_USE_OS == 1U)
1056:Middlewares/ST/STM32_USB_Host_Library/Core/Src/usbh_core.c ****         phost->os_msg = (uint32_t)USBH_STATE_CHANGED_EVENT;
1057:Middlewares/ST/STM32_USB_Host_Library/Core/Src/usbh_core.c **** #if (osCMSIS < 0x20000U)
1058:Middlewares/ST/STM32_USB_Host_Library/Core/Src/usbh_core.c ****         (void)osMessagePut(phost->os_event, phost->os_msg, 0U);
1059:Middlewares/ST/STM32_USB_Host_Library/Core/Src/usbh_core.c **** #else
1060:Middlewares/ST/STM32_USB_Host_Library/Core/Src/usbh_core.c ****         (void)osMessageQueuePut(phost->os_event, &phost->os_msg, 0U, NULL);
1061:Middlewares/ST/STM32_USB_Host_Library/Core/Src/usbh_core.c **** #endif
1062:Middlewares/ST/STM32_USB_Host_Library/Core/Src/usbh_core.c **** #endif
1063:Middlewares/ST/STM32_USB_Host_Library/Core/Src/usbh_core.c ****       }
1064:Middlewares/ST/STM32_USB_Host_Library/Core/Src/usbh_core.c ****       break;
1065:Middlewares/ST/STM32_USB_Host_Library/Core/Src/usbh_core.c **** 
ARM GAS  /tmp/ccyGUChw.s 			page 22


1066:Middlewares/ST/STM32_USB_Host_Library/Core/Src/usbh_core.c ****     case ENUM_GET_PRODUCT_STRING_DESC:
1067:Middlewares/ST/STM32_USB_Host_Library/Core/Src/usbh_core.c ****       if (phost->device.DevDesc.iProduct != 0U)
1068:Middlewares/ST/STM32_USB_Host_Library/Core/Src/usbh_core.c ****       {
1069:Middlewares/ST/STM32_USB_Host_Library/Core/Src/usbh_core.c ****         /* Check that Product string is available */
1070:Middlewares/ST/STM32_USB_Host_Library/Core/Src/usbh_core.c ****         ReqStatus = USBH_Get_StringDesc(phost, phost->device.DevDesc.iProduct,
1071:Middlewares/ST/STM32_USB_Host_Library/Core/Src/usbh_core.c ****                                         phost->device.Data, 0xFFU);
1072:Middlewares/ST/STM32_USB_Host_Library/Core/Src/usbh_core.c ****         if (ReqStatus == USBH_OK)
1073:Middlewares/ST/STM32_USB_Host_Library/Core/Src/usbh_core.c ****         {
1074:Middlewares/ST/STM32_USB_Host_Library/Core/Src/usbh_core.c ****           /* User callback for Product string */
1075:Middlewares/ST/STM32_USB_Host_Library/Core/Src/usbh_core.c ****           USBH_UsrLog("Product : %s", (char *)(void *)phost->device.Data);
1076:Middlewares/ST/STM32_USB_Host_Library/Core/Src/usbh_core.c ****           phost->EnumState = ENUM_GET_SERIALNUM_STRING_DESC;
1077:Middlewares/ST/STM32_USB_Host_Library/Core/Src/usbh_core.c ****         }
1078:Middlewares/ST/STM32_USB_Host_Library/Core/Src/usbh_core.c ****         else if (ReqStatus == USBH_NOT_SUPPORTED)
1079:Middlewares/ST/STM32_USB_Host_Library/Core/Src/usbh_core.c ****         {
1080:Middlewares/ST/STM32_USB_Host_Library/Core/Src/usbh_core.c ****           USBH_UsrLog("Product : N/A");
1081:Middlewares/ST/STM32_USB_Host_Library/Core/Src/usbh_core.c ****           phost->EnumState = ENUM_GET_SERIALNUM_STRING_DESC;
1082:Middlewares/ST/STM32_USB_Host_Library/Core/Src/usbh_core.c **** 
1083:Middlewares/ST/STM32_USB_Host_Library/Core/Src/usbh_core.c **** #if (USBH_USE_OS == 1U)
1084:Middlewares/ST/STM32_USB_Host_Library/Core/Src/usbh_core.c ****           phost->os_msg = (uint32_t)USBH_STATE_CHANGED_EVENT;
1085:Middlewares/ST/STM32_USB_Host_Library/Core/Src/usbh_core.c **** #if (osCMSIS < 0x20000U)
1086:Middlewares/ST/STM32_USB_Host_Library/Core/Src/usbh_core.c ****           (void)osMessagePut(phost->os_event, phost->os_msg, 0U);
1087:Middlewares/ST/STM32_USB_Host_Library/Core/Src/usbh_core.c **** #else
1088:Middlewares/ST/STM32_USB_Host_Library/Core/Src/usbh_core.c ****           (void)osMessageQueuePut(phost->os_event, &phost->os_msg, 0U, NULL);
1089:Middlewares/ST/STM32_USB_Host_Library/Core/Src/usbh_core.c **** #endif
1090:Middlewares/ST/STM32_USB_Host_Library/Core/Src/usbh_core.c **** #endif
1091:Middlewares/ST/STM32_USB_Host_Library/Core/Src/usbh_core.c ****         }
1092:Middlewares/ST/STM32_USB_Host_Library/Core/Src/usbh_core.c ****         else
1093:Middlewares/ST/STM32_USB_Host_Library/Core/Src/usbh_core.c ****         {
1094:Middlewares/ST/STM32_USB_Host_Library/Core/Src/usbh_core.c ****           /* .. */
1095:Middlewares/ST/STM32_USB_Host_Library/Core/Src/usbh_core.c ****         }
1096:Middlewares/ST/STM32_USB_Host_Library/Core/Src/usbh_core.c ****       }
1097:Middlewares/ST/STM32_USB_Host_Library/Core/Src/usbh_core.c ****       else
1098:Middlewares/ST/STM32_USB_Host_Library/Core/Src/usbh_core.c ****       {
1099:Middlewares/ST/STM32_USB_Host_Library/Core/Src/usbh_core.c ****         USBH_UsrLog("Product : N/A");
1100:Middlewares/ST/STM32_USB_Host_Library/Core/Src/usbh_core.c ****         phost->EnumState = ENUM_GET_SERIALNUM_STRING_DESC;
1101:Middlewares/ST/STM32_USB_Host_Library/Core/Src/usbh_core.c **** 
1102:Middlewares/ST/STM32_USB_Host_Library/Core/Src/usbh_core.c **** #if (USBH_USE_OS == 1U)
1103:Middlewares/ST/STM32_USB_Host_Library/Core/Src/usbh_core.c ****         phost->os_msg = (uint32_t)USBH_STATE_CHANGED_EVENT;
1104:Middlewares/ST/STM32_USB_Host_Library/Core/Src/usbh_core.c **** #if (osCMSIS < 0x20000U)
1105:Middlewares/ST/STM32_USB_Host_Library/Core/Src/usbh_core.c ****         (void)osMessagePut(phost->os_event, phost->os_msg, 0U);
1106:Middlewares/ST/STM32_USB_Host_Library/Core/Src/usbh_core.c **** #else
1107:Middlewares/ST/STM32_USB_Host_Library/Core/Src/usbh_core.c ****         (void)osMessageQueuePut(phost->os_event, &phost->os_msg, 0U, NULL);
1108:Middlewares/ST/STM32_USB_Host_Library/Core/Src/usbh_core.c **** #endif
1109:Middlewares/ST/STM32_USB_Host_Library/Core/Src/usbh_core.c **** #endif
1110:Middlewares/ST/STM32_USB_Host_Library/Core/Src/usbh_core.c ****       }
1111:Middlewares/ST/STM32_USB_Host_Library/Core/Src/usbh_core.c ****       break;
1112:Middlewares/ST/STM32_USB_Host_Library/Core/Src/usbh_core.c **** 
1113:Middlewares/ST/STM32_USB_Host_Library/Core/Src/usbh_core.c ****     case ENUM_GET_SERIALNUM_STRING_DESC:
1114:Middlewares/ST/STM32_USB_Host_Library/Core/Src/usbh_core.c ****       if (phost->device.DevDesc.iSerialNumber != 0U)
1115:Middlewares/ST/STM32_USB_Host_Library/Core/Src/usbh_core.c ****       {
1116:Middlewares/ST/STM32_USB_Host_Library/Core/Src/usbh_core.c ****         /* Check that Serial number string is available */
1117:Middlewares/ST/STM32_USB_Host_Library/Core/Src/usbh_core.c ****         ReqStatus = USBH_Get_StringDesc(phost, phost->device.DevDesc.iSerialNumber,
1118:Middlewares/ST/STM32_USB_Host_Library/Core/Src/usbh_core.c ****                                         phost->device.Data, 0xFFU);
1119:Middlewares/ST/STM32_USB_Host_Library/Core/Src/usbh_core.c ****         if (ReqStatus == USBH_OK)
1120:Middlewares/ST/STM32_USB_Host_Library/Core/Src/usbh_core.c ****         {
1121:Middlewares/ST/STM32_USB_Host_Library/Core/Src/usbh_core.c ****           /* User callback for Serial number string */
1122:Middlewares/ST/STM32_USB_Host_Library/Core/Src/usbh_core.c ****           USBH_UsrLog("Serial Number : %s", (char *)(void *)phost->device.Data);
ARM GAS  /tmp/ccyGUChw.s 			page 23


1123:Middlewares/ST/STM32_USB_Host_Library/Core/Src/usbh_core.c ****           Status = USBH_OK;
1124:Middlewares/ST/STM32_USB_Host_Library/Core/Src/usbh_core.c ****         }
1125:Middlewares/ST/STM32_USB_Host_Library/Core/Src/usbh_core.c ****         else if (ReqStatus == USBH_NOT_SUPPORTED)
1126:Middlewares/ST/STM32_USB_Host_Library/Core/Src/usbh_core.c ****         {
1127:Middlewares/ST/STM32_USB_Host_Library/Core/Src/usbh_core.c ****           USBH_UsrLog("Serial Number : N/A");
1128:Middlewares/ST/STM32_USB_Host_Library/Core/Src/usbh_core.c ****           Status = USBH_OK;
1129:Middlewares/ST/STM32_USB_Host_Library/Core/Src/usbh_core.c ****         }
1130:Middlewares/ST/STM32_USB_Host_Library/Core/Src/usbh_core.c ****         else
1131:Middlewares/ST/STM32_USB_Host_Library/Core/Src/usbh_core.c ****         {
1132:Middlewares/ST/STM32_USB_Host_Library/Core/Src/usbh_core.c ****           /* .. */
1133:Middlewares/ST/STM32_USB_Host_Library/Core/Src/usbh_core.c ****         }
1134:Middlewares/ST/STM32_USB_Host_Library/Core/Src/usbh_core.c ****       }
1135:Middlewares/ST/STM32_USB_Host_Library/Core/Src/usbh_core.c ****       else
1136:Middlewares/ST/STM32_USB_Host_Library/Core/Src/usbh_core.c ****       {
1137:Middlewares/ST/STM32_USB_Host_Library/Core/Src/usbh_core.c ****         USBH_UsrLog("Serial Number : N/A");
1138:Middlewares/ST/STM32_USB_Host_Library/Core/Src/usbh_core.c ****         Status = USBH_OK;
1139:Middlewares/ST/STM32_USB_Host_Library/Core/Src/usbh_core.c ****       }
1140:Middlewares/ST/STM32_USB_Host_Library/Core/Src/usbh_core.c ****       break;
1141:Middlewares/ST/STM32_USB_Host_Library/Core/Src/usbh_core.c **** 
1142:Middlewares/ST/STM32_USB_Host_Library/Core/Src/usbh_core.c ****     default:
1143:Middlewares/ST/STM32_USB_Host_Library/Core/Src/usbh_core.c ****       break;
1144:Middlewares/ST/STM32_USB_Host_Library/Core/Src/usbh_core.c ****   }
1145:Middlewares/ST/STM32_USB_Host_Library/Core/Src/usbh_core.c ****   return Status;
1146:Middlewares/ST/STM32_USB_Host_Library/Core/Src/usbh_core.c **** }
1147:Middlewares/ST/STM32_USB_Host_Library/Core/Src/usbh_core.c **** 
1148:Middlewares/ST/STM32_USB_Host_Library/Core/Src/usbh_core.c **** 
1149:Middlewares/ST/STM32_USB_Host_Library/Core/Src/usbh_core.c **** /**
1150:Middlewares/ST/STM32_USB_Host_Library/Core/Src/usbh_core.c ****   * @brief  USBH_LL_SetTimer
1151:Middlewares/ST/STM32_USB_Host_Library/Core/Src/usbh_core.c ****   *         Set the initial Host Timer tick
1152:Middlewares/ST/STM32_USB_Host_Library/Core/Src/usbh_core.c ****   * @param  phost: Host Handle
1153:Middlewares/ST/STM32_USB_Host_Library/Core/Src/usbh_core.c ****   * @retval None
1154:Middlewares/ST/STM32_USB_Host_Library/Core/Src/usbh_core.c ****   */
1155:Middlewares/ST/STM32_USB_Host_Library/Core/Src/usbh_core.c **** void  USBH_LL_SetTimer(USBH_HandleTypeDef *phost, uint32_t time)
1156:Middlewares/ST/STM32_USB_Host_Library/Core/Src/usbh_core.c **** {
1157:Middlewares/ST/STM32_USB_Host_Library/Core/Src/usbh_core.c ****   phost->Timer = time;
1158:Middlewares/ST/STM32_USB_Host_Library/Core/Src/usbh_core.c **** }
1159:Middlewares/ST/STM32_USB_Host_Library/Core/Src/usbh_core.c **** 
1160:Middlewares/ST/STM32_USB_Host_Library/Core/Src/usbh_core.c **** 
1161:Middlewares/ST/STM32_USB_Host_Library/Core/Src/usbh_core.c **** /**
1162:Middlewares/ST/STM32_USB_Host_Library/Core/Src/usbh_core.c ****   * @brief  USBH_LL_IncTimer
1163:Middlewares/ST/STM32_USB_Host_Library/Core/Src/usbh_core.c ****   *         Increment Host Timer tick
1164:Middlewares/ST/STM32_USB_Host_Library/Core/Src/usbh_core.c ****   * @param  phost: Host Handle
1165:Middlewares/ST/STM32_USB_Host_Library/Core/Src/usbh_core.c ****   * @retval None
1166:Middlewares/ST/STM32_USB_Host_Library/Core/Src/usbh_core.c ****   */
1167:Middlewares/ST/STM32_USB_Host_Library/Core/Src/usbh_core.c **** void  USBH_LL_IncTimer(USBH_HandleTypeDef *phost)
1168:Middlewares/ST/STM32_USB_Host_Library/Core/Src/usbh_core.c **** {
1169:Middlewares/ST/STM32_USB_Host_Library/Core/Src/usbh_core.c ****   phost->Timer++;
1170:Middlewares/ST/STM32_USB_Host_Library/Core/Src/usbh_core.c ****   USBH_HandleSof(phost);
1171:Middlewares/ST/STM32_USB_Host_Library/Core/Src/usbh_core.c **** }
1172:Middlewares/ST/STM32_USB_Host_Library/Core/Src/usbh_core.c **** 
1173:Middlewares/ST/STM32_USB_Host_Library/Core/Src/usbh_core.c **** 
1174:Middlewares/ST/STM32_USB_Host_Library/Core/Src/usbh_core.c **** /**
1175:Middlewares/ST/STM32_USB_Host_Library/Core/Src/usbh_core.c ****   * @brief  USBH_HandleSof
1176:Middlewares/ST/STM32_USB_Host_Library/Core/Src/usbh_core.c ****   *         Call SOF process
1177:Middlewares/ST/STM32_USB_Host_Library/Core/Src/usbh_core.c ****   * @param  phost: Host Handle
1178:Middlewares/ST/STM32_USB_Host_Library/Core/Src/usbh_core.c ****   * @retval None
1179:Middlewares/ST/STM32_USB_Host_Library/Core/Src/usbh_core.c ****   */
ARM GAS  /tmp/ccyGUChw.s 			page 24


1180:Middlewares/ST/STM32_USB_Host_Library/Core/Src/usbh_core.c **** static void  USBH_HandleSof(USBH_HandleTypeDef *phost)
1181:Middlewares/ST/STM32_USB_Host_Library/Core/Src/usbh_core.c **** {
 132              		.loc 1 1181 1 is_stmt 1 view -0
 133              		.cfi_startproc
 134              		@ args = 0, pretend = 0, frame = 0
 135              		@ frame_needed = 0, uses_anonymous_args = 0
 136              		.loc 1 1181 1 is_stmt 0 view .LVU43
 137 0000 08B5     		push	{r3, lr}
 138              		.cfi_def_cfa_offset 8
 139              		.cfi_offset 3, -8
 140              		.cfi_offset 14, -4
1182:Middlewares/ST/STM32_USB_Host_Library/Core/Src/usbh_core.c ****   if ((phost->gState == HOST_CLASS) && (phost->pActiveClass != NULL))
 141              		.loc 1 1182 3 is_stmt 1 view .LVU44
 142              		.loc 1 1182 13 is_stmt 0 view .LVU45
 143 0002 0378     		ldrb	r3, [r0]	@ zero_extendqisi2
 144 0004 DBB2     		uxtb	r3, r3
 145              		.loc 1 1182 6 view .LVU46
 146 0006 0B2B     		cmp	r3, #11
 147 0008 00D0     		beq	.L9
 148              	.LVL10:
 149              	.L6:
1183:Middlewares/ST/STM32_USB_Host_Library/Core/Src/usbh_core.c ****   {
1184:Middlewares/ST/STM32_USB_Host_Library/Core/Src/usbh_core.c ****     phost->pActiveClass->SOFProcess(phost);
1185:Middlewares/ST/STM32_USB_Host_Library/Core/Src/usbh_core.c ****   }
1186:Middlewares/ST/STM32_USB_Host_Library/Core/Src/usbh_core.c **** }
 150              		.loc 1 1186 1 view .LVU47
 151 000a 08BD     		pop	{r3, pc}
 152              	.LVL11:
 153              	.L9:
1182:Middlewares/ST/STM32_USB_Host_Library/Core/Src/usbh_core.c ****   if ((phost->gState == HOST_CLASS) && (phost->pActiveClass != NULL))
 154              		.loc 1 1182 46 discriminator 1 view .LVU48
 155 000c D0F87C33 		ldr	r3, [r0, #892]
1182:Middlewares/ST/STM32_USB_Host_Library/Core/Src/usbh_core.c ****   if ((phost->gState == HOST_CLASS) && (phost->pActiveClass != NULL))
 156              		.loc 1 1182 37 discriminator 1 view .LVU49
 157 0010 002B     		cmp	r3, #0
 158 0012 FAD0     		beq	.L6
1184:Middlewares/ST/STM32_USB_Host_Library/Core/Src/usbh_core.c ****   }
 159              		.loc 1 1184 5 is_stmt 1 view .LVU50
1184:Middlewares/ST/STM32_USB_Host_Library/Core/Src/usbh_core.c ****   }
 160              		.loc 1 1184 24 is_stmt 0 view .LVU51
 161 0014 9B69     		ldr	r3, [r3, #24]
1184:Middlewares/ST/STM32_USB_Host_Library/Core/Src/usbh_core.c ****   }
 162              		.loc 1 1184 5 view .LVU52
 163 0016 9847     		blx	r3
 164              	.LVL12:
 165              		.loc 1 1186 1 view .LVU53
 166 0018 F7E7     		b	.L6
 167              		.cfi_endproc
 168              	.LFE234:
 170              		.section	.text.USBH_HandleEnum,"ax",%progbits
 171              		.align	1
 172              		.syntax unified
 173              		.thumb
 174              		.thumb_func
 176              	USBH_HandleEnum:
 177              	.LVL13:
 178              	.LFB231:
ARM GAS  /tmp/ccyGUChw.s 			page 25


 817:Middlewares/ST/STM32_USB_Host_Library/Core/Src/usbh_core.c ****   USBH_StatusTypeDef Status = USBH_BUSY;
 179              		.loc 1 817 1 is_stmt 1 view -0
 180              		.cfi_startproc
 181              		@ args = 0, pretend = 0, frame = 0
 182              		@ frame_needed = 0, uses_anonymous_args = 0
 817:Middlewares/ST/STM32_USB_Host_Library/Core/Src/usbh_core.c ****   USBH_StatusTypeDef Status = USBH_BUSY;
 183              		.loc 1 817 1 is_stmt 0 view .LVU55
 184 0000 70B5     		push	{r4, r5, r6, lr}
 185              		.cfi_def_cfa_offset 16
 186              		.cfi_offset 4, -16
 187              		.cfi_offset 5, -12
 188              		.cfi_offset 6, -8
 189              		.cfi_offset 14, -4
 190 0002 84B0     		sub	sp, sp, #16
 191              		.cfi_def_cfa_offset 32
 192 0004 0446     		mov	r4, r0
 818:Middlewares/ST/STM32_USB_Host_Library/Core/Src/usbh_core.c ****   USBH_StatusTypeDef ReqStatus = USBH_BUSY;
 193              		.loc 1 818 3 is_stmt 1 view .LVU56
 194              	.LVL14:
 819:Middlewares/ST/STM32_USB_Host_Library/Core/Src/usbh_core.c **** 
 195              		.loc 1 819 3 view .LVU57
 821:Middlewares/ST/STM32_USB_Host_Library/Core/Src/usbh_core.c ****   {
 196              		.loc 1 821 3 view .LVU58
 821:Middlewares/ST/STM32_USB_Host_Library/Core/Src/usbh_core.c ****   {
 197              		.loc 1 821 16 is_stmt 0 view .LVU59
 198 0006 4578     		ldrb	r5, [r0, #1]	@ zero_extendqisi2
 821:Middlewares/ST/STM32_USB_Host_Library/Core/Src/usbh_core.c ****   {
 199              		.loc 1 821 3 view .LVU60
 200 0008 072D     		cmp	r5, #7
 201 000a 00F22C81 		bhi	.L34
 202 000e DFE815F0 		tbh	[pc, r5, lsl #1]
 203              	.L13:
 204 0012 0800     		.2byte	(.L20-.L13)/2
 205 0014 4800     		.2byte	(.L19-.L13)/2
 206 0016 6900     		.2byte	(.L18-.L13)/2
 207 0018 9A00     		.2byte	(.L17-.L13)/2
 208 001a BF00     		.2byte	(.L16-.L13)/2
 209 001c E500     		.2byte	(.L15-.L13)/2
 210 001e FE00     		.2byte	(.L14-.L13)/2
 211 0020 1701     		.2byte	(.L12-.L13)/2
 212              		.p2align 1
 213              	.L20:
 825:Middlewares/ST/STM32_USB_Host_Library/Core/Src/usbh_core.c ****       if (ReqStatus == USBH_OK)
 214              		.loc 1 825 7 is_stmt 1 view .LVU61
 825:Middlewares/ST/STM32_USB_Host_Library/Core/Src/usbh_core.c ****       if (ReqStatus == USBH_OK)
 215              		.loc 1 825 19 is_stmt 0 view .LVU62
 216 0022 0821     		movs	r1, #8
 217 0024 FFF7FEFF 		bl	USBH_Get_DevDesc
 218              	.LVL15:
 826:Middlewares/ST/STM32_USB_Host_Library/Core/Src/usbh_core.c ****       {
 219              		.loc 1 826 7 is_stmt 1 view .LVU63
 826:Middlewares/ST/STM32_USB_Host_Library/Core/Src/usbh_core.c ****       {
 220              		.loc 1 826 10 is_stmt 0 view .LVU64
 221 0028 18B1     		cbz	r0, .L43
 842:Middlewares/ST/STM32_USB_Host_Library/Core/Src/usbh_core.c ****       {
 222              		.loc 1 842 12 is_stmt 1 view .LVU65
 842:Middlewares/ST/STM32_USB_Host_Library/Core/Src/usbh_core.c ****       {
ARM GAS  /tmp/ccyGUChw.s 			page 26


 223              		.loc 1 842 15 is_stmt 0 view .LVU66
 224 002a 0328     		cmp	r0, #3
 225 002c 21D0     		beq	.L44
 818:Middlewares/ST/STM32_USB_Host_Library/Core/Src/usbh_core.c ****   USBH_StatusTypeDef ReqStatus = USBH_BUSY;
 226              		.loc 1 818 22 view .LVU67
 227 002e 0125     		movs	r5, #1
 228 0030 09E1     		b	.L11
 229              	.L43:
 828:Middlewares/ST/STM32_USB_Host_Library/Core/Src/usbh_core.c **** 
 230              		.loc 1 828 9 is_stmt 1 view .LVU68
 828:Middlewares/ST/STM32_USB_Host_Library/Core/Src/usbh_core.c **** 
 231              		.loc 1 828 57 is_stmt 0 view .LVU69
 232 0032 94F82D33 		ldrb	r3, [r4, #813]	@ zero_extendqisi2
 828:Middlewares/ST/STM32_USB_Host_Library/Core/Src/usbh_core.c **** 
 233              		.loc 1 828 34 view .LVU70
 234 0036 A371     		strb	r3, [r4, #6]
 830:Middlewares/ST/STM32_USB_Host_Library/Core/Src/usbh_core.c **** 
 235              		.loc 1 830 9 is_stmt 1 view .LVU71
 830:Middlewares/ST/STM32_USB_Host_Library/Core/Src/usbh_core.c **** 
 236              		.loc 1 830 26 is_stmt 0 view .LVU72
 237 0038 0125     		movs	r5, #1
 238 003a 6570     		strb	r5, [r4, #1]
 833:Middlewares/ST/STM32_USB_Host_Library/Core/Src/usbh_core.c ****                       phost->device.speed, USBH_EP_CONTROL,
 239              		.loc 1 833 9 is_stmt 1 view .LVU73
 240 003c 0293     		str	r3, [sp, #8]
 241 003e 0026     		movs	r6, #0
 242 0040 0196     		str	r6, [sp, #4]
 243 0042 94F81D33 		ldrb	r3, [r4, #797]	@ zero_extendqisi2
 244 0046 0093     		str	r3, [sp]
 245 0048 94F81C33 		ldrb	r3, [r4, #796]	@ zero_extendqisi2
 246 004c 8022     		movs	r2, #128
 247 004e 2179     		ldrb	r1, [r4, #4]	@ zero_extendqisi2
 248 0050 2046     		mov	r0, r4
 249              	.LVL16:
 833:Middlewares/ST/STM32_USB_Host_Library/Core/Src/usbh_core.c ****                       phost->device.speed, USBH_EP_CONTROL,
 250              		.loc 1 833 9 is_stmt 0 view .LVU74
 251 0052 FFF7FEFF 		bl	USBH_OpenPipe
 252              	.LVL17:
 838:Middlewares/ST/STM32_USB_Host_Library/Core/Src/usbh_core.c ****                       phost->device.speed, USBH_EP_CONTROL,
 253              		.loc 1 838 9 is_stmt 1 view .LVU75
 840:Middlewares/ST/STM32_USB_Host_Library/Core/Src/usbh_core.c ****       }
 254              		.loc 1 840 47 is_stmt 0 view .LVU76
 255 0056 A379     		ldrb	r3, [r4, #6]	@ zero_extendqisi2
 838:Middlewares/ST/STM32_USB_Host_Library/Core/Src/usbh_core.c ****                       phost->device.speed, USBH_EP_CONTROL,
 256              		.loc 1 838 9 view .LVU77
 257 0058 0293     		str	r3, [sp, #8]
 258 005a 0196     		str	r6, [sp, #4]
 259 005c 94F81D33 		ldrb	r3, [r4, #797]	@ zero_extendqisi2
 260 0060 0093     		str	r3, [sp]
 261 0062 94F81C33 		ldrb	r3, [r4, #796]	@ zero_extendqisi2
 262 0066 3246     		mov	r2, r6
 263 0068 6179     		ldrb	r1, [r4, #5]	@ zero_extendqisi2
 264 006a 2046     		mov	r0, r4
 265 006c FFF7FEFF 		bl	USBH_OpenPipe
 266              	.LVL18:
 267 0070 E9E0     		b	.L11
 268              	.LVL19:
ARM GAS  /tmp/ccyGUChw.s 			page 27


 269              	.L44:
 844:Middlewares/ST/STM32_USB_Host_Library/Core/Src/usbh_core.c ****         phost->device.EnumCnt++;
 270              		.loc 1 844 9 is_stmt 1 view .LVU78
 844:Middlewares/ST/STM32_USB_Host_Library/Core/Src/usbh_core.c ****         phost->device.EnumCnt++;
 271              		.loc 1 844 9 view .LVU79
 844:Middlewares/ST/STM32_USB_Host_Library/Core/Src/usbh_core.c ****         phost->device.EnumCnt++;
 272              		.loc 1 844 9 view .LVU80
 845:Middlewares/ST/STM32_USB_Host_Library/Core/Src/usbh_core.c ****         if (phost->device.EnumCnt > 3U)
 273              		.loc 1 845 9 view .LVU81
 845:Middlewares/ST/STM32_USB_Host_Library/Core/Src/usbh_core.c ****         if (phost->device.EnumCnt > 3U)
 274              		.loc 1 845 22 is_stmt 0 view .LVU82
 275 0072 94F81E33 		ldrb	r3, [r4, #798]	@ zero_extendqisi2
 845:Middlewares/ST/STM32_USB_Host_Library/Core/Src/usbh_core.c ****         if (phost->device.EnumCnt > 3U)
 276              		.loc 1 845 30 view .LVU83
 277 0076 0133     		adds	r3, r3, #1
 278 0078 DBB2     		uxtb	r3, r3
 279 007a 84F81E33 		strb	r3, [r4, #798]
 846:Middlewares/ST/STM32_USB_Host_Library/Core/Src/usbh_core.c ****         {
 280              		.loc 1 846 9 is_stmt 1 view .LVU84
 846:Middlewares/ST/STM32_USB_Host_Library/Core/Src/usbh_core.c ****         {
 281              		.loc 1 846 12 is_stmt 0 view .LVU85
 282 007e 032B     		cmp	r3, #3
 283 0080 03D9     		bls	.L22
 849:Middlewares/ST/STM32_USB_Host_Library/Core/Src/usbh_core.c ****           phost->gState = HOST_ABORT_STATE;
 284              		.loc 1 849 11 is_stmt 1 view .LVU86
 849:Middlewares/ST/STM32_USB_Host_Library/Core/Src/usbh_core.c ****           phost->gState = HOST_ABORT_STATE;
 285              		.loc 1 849 11 view .LVU87
 849:Middlewares/ST/STM32_USB_Host_Library/Core/Src/usbh_core.c ****           phost->gState = HOST_ABORT_STATE;
 286              		.loc 1 849 11 view .LVU88
 850:Middlewares/ST/STM32_USB_Host_Library/Core/Src/usbh_core.c ****         }
 287              		.loc 1 850 11 view .LVU89
 850:Middlewares/ST/STM32_USB_Host_Library/Core/Src/usbh_core.c ****         }
 288              		.loc 1 850 25 is_stmt 0 view .LVU90
 289 0082 0D23     		movs	r3, #13
 290 0084 2370     		strb	r3, [r4]
 818:Middlewares/ST/STM32_USB_Host_Library/Core/Src/usbh_core.c ****   USBH_StatusTypeDef ReqStatus = USBH_BUSY;
 291              		.loc 1 818 22 view .LVU91
 292 0086 0125     		movs	r5, #1
 293 0088 DDE0     		b	.L11
 294              	.L22:
 855:Middlewares/ST/STM32_USB_Host_Library/Core/Src/usbh_core.c ****           USBH_FreePipe(phost, phost->Control.pipe_in);
 295              		.loc 1 855 11 is_stmt 1 view .LVU92
 296 008a 6179     		ldrb	r1, [r4, #5]	@ zero_extendqisi2
 297 008c 2046     		mov	r0, r4
 298              	.LVL20:
 855:Middlewares/ST/STM32_USB_Host_Library/Core/Src/usbh_core.c ****           USBH_FreePipe(phost, phost->Control.pipe_in);
 299              		.loc 1 855 11 is_stmt 0 view .LVU93
 300 008e FFF7FEFF 		bl	USBH_FreePipe
 301              	.LVL21:
 856:Middlewares/ST/STM32_USB_Host_Library/Core/Src/usbh_core.c **** 
 302              		.loc 1 856 11 is_stmt 1 view .LVU94
 303 0092 2179     		ldrb	r1, [r4, #4]	@ zero_extendqisi2
 304 0094 2046     		mov	r0, r4
 305 0096 FFF7FEFF 		bl	USBH_FreePipe
 306              	.LVL22:
 859:Middlewares/ST/STM32_USB_Host_Library/Core/Src/usbh_core.c ****         }
 307              		.loc 1 859 11 view .LVU95
ARM GAS  /tmp/ccyGUChw.s 			page 28


 859:Middlewares/ST/STM32_USB_Host_Library/Core/Src/usbh_core.c ****         }
 308              		.loc 1 859 25 is_stmt 0 view .LVU96
 309 009a 0023     		movs	r3, #0
 310 009c 2370     		strb	r3, [r4]
 818:Middlewares/ST/STM32_USB_Host_Library/Core/Src/usbh_core.c ****   USBH_StatusTypeDef ReqStatus = USBH_BUSY;
 311              		.loc 1 818 22 view .LVU97
 312 009e 0125     		movs	r5, #1
 313 00a0 D1E0     		b	.L11
 314              	.LVL23:
 315              	.L19:
 870:Middlewares/ST/STM32_USB_Host_Library/Core/Src/usbh_core.c ****       if (ReqStatus == USBH_OK)
 316              		.loc 1 870 7 is_stmt 1 view .LVU98
 870:Middlewares/ST/STM32_USB_Host_Library/Core/Src/usbh_core.c ****       if (ReqStatus == USBH_OK)
 317              		.loc 1 870 19 is_stmt 0 view .LVU99
 318 00a2 1221     		movs	r1, #18
 319 00a4 FFF7FEFF 		bl	USBH_Get_DevDesc
 320              	.LVL24:
 871:Middlewares/ST/STM32_USB_Host_Library/Core/Src/usbh_core.c ****       {
 321              		.loc 1 871 7 is_stmt 1 view .LVU100
 871:Middlewares/ST/STM32_USB_Host_Library/Core/Src/usbh_core.c ****       {
 322              		.loc 1 871 10 is_stmt 0 view .LVU101
 323 00a8 10B9     		cbnz	r0, .L23
 873:Middlewares/ST/STM32_USB_Host_Library/Core/Src/usbh_core.c ****         USBH_UsrLog("VID: %xh", phost->device.DevDesc.idVendor);
 324              		.loc 1 873 9 is_stmt 1 view .LVU102
 873:Middlewares/ST/STM32_USB_Host_Library/Core/Src/usbh_core.c ****         USBH_UsrLog("VID: %xh", phost->device.DevDesc.idVendor);
 325              		.loc 1 873 9 view .LVU103
 873:Middlewares/ST/STM32_USB_Host_Library/Core/Src/usbh_core.c ****         USBH_UsrLog("VID: %xh", phost->device.DevDesc.idVendor);
 326              		.loc 1 873 9 view .LVU104
 874:Middlewares/ST/STM32_USB_Host_Library/Core/Src/usbh_core.c **** 
 327              		.loc 1 874 9 view .LVU105
 874:Middlewares/ST/STM32_USB_Host_Library/Core/Src/usbh_core.c **** 
 328              		.loc 1 874 9 view .LVU106
 874:Middlewares/ST/STM32_USB_Host_Library/Core/Src/usbh_core.c **** 
 329              		.loc 1 874 9 view .LVU107
 876:Middlewares/ST/STM32_USB_Host_Library/Core/Src/usbh_core.c ****       }
 330              		.loc 1 876 9 view .LVU108
 876:Middlewares/ST/STM32_USB_Host_Library/Core/Src/usbh_core.c ****       }
 331              		.loc 1 876 26 is_stmt 0 view .LVU109
 332 00aa 0223     		movs	r3, #2
 333 00ac 6370     		strb	r3, [r4, #1]
 334 00ae CAE0     		b	.L11
 335              	.L23:
 878:Middlewares/ST/STM32_USB_Host_Library/Core/Src/usbh_core.c ****       {
 336              		.loc 1 878 12 is_stmt 1 view .LVU110
 878:Middlewares/ST/STM32_USB_Host_Library/Core/Src/usbh_core.c ****       {
 337              		.loc 1 878 15 is_stmt 0 view .LVU111
 338 00b0 0328     		cmp	r0, #3
 339 00b2 40F0C880 		bne	.L11
 880:Middlewares/ST/STM32_USB_Host_Library/Core/Src/usbh_core.c ****         phost->device.EnumCnt++;
 340              		.loc 1 880 9 is_stmt 1 view .LVU112
 880:Middlewares/ST/STM32_USB_Host_Library/Core/Src/usbh_core.c ****         phost->device.EnumCnt++;
 341              		.loc 1 880 9 view .LVU113
 880:Middlewares/ST/STM32_USB_Host_Library/Core/Src/usbh_core.c ****         phost->device.EnumCnt++;
 342              		.loc 1 880 9 view .LVU114
 881:Middlewares/ST/STM32_USB_Host_Library/Core/Src/usbh_core.c ****         if (phost->device.EnumCnt > 3U)
 343              		.loc 1 881 9 view .LVU115
 881:Middlewares/ST/STM32_USB_Host_Library/Core/Src/usbh_core.c ****         if (phost->device.EnumCnt > 3U)
ARM GAS  /tmp/ccyGUChw.s 			page 29


 344              		.loc 1 881 22 is_stmt 0 view .LVU116
 345 00b6 94F81E33 		ldrb	r3, [r4, #798]	@ zero_extendqisi2
 881:Middlewares/ST/STM32_USB_Host_Library/Core/Src/usbh_core.c ****         if (phost->device.EnumCnt > 3U)
 346              		.loc 1 881 30 view .LVU117
 347 00ba 0133     		adds	r3, r3, #1
 348 00bc DBB2     		uxtb	r3, r3
 349 00be 84F81E33 		strb	r3, [r4, #798]
 882:Middlewares/ST/STM32_USB_Host_Library/Core/Src/usbh_core.c ****         {
 350              		.loc 1 882 9 is_stmt 1 view .LVU118
 882:Middlewares/ST/STM32_USB_Host_Library/Core/Src/usbh_core.c ****         {
 351              		.loc 1 882 12 is_stmt 0 view .LVU119
 352 00c2 032B     		cmp	r3, #3
 353 00c4 02D9     		bls	.L24
 885:Middlewares/ST/STM32_USB_Host_Library/Core/Src/usbh_core.c ****           phost->gState = HOST_ABORT_STATE;
 354              		.loc 1 885 11 is_stmt 1 view .LVU120
 885:Middlewares/ST/STM32_USB_Host_Library/Core/Src/usbh_core.c ****           phost->gState = HOST_ABORT_STATE;
 355              		.loc 1 885 11 view .LVU121
 885:Middlewares/ST/STM32_USB_Host_Library/Core/Src/usbh_core.c ****           phost->gState = HOST_ABORT_STATE;
 356              		.loc 1 885 11 view .LVU122
 886:Middlewares/ST/STM32_USB_Host_Library/Core/Src/usbh_core.c ****         }
 357              		.loc 1 886 11 view .LVU123
 886:Middlewares/ST/STM32_USB_Host_Library/Core/Src/usbh_core.c ****         }
 358              		.loc 1 886 25 is_stmt 0 view .LVU124
 359 00c6 0D23     		movs	r3, #13
 360 00c8 2370     		strb	r3, [r4]
 361 00ca BCE0     		b	.L11
 362              	.L24:
 891:Middlewares/ST/STM32_USB_Host_Library/Core/Src/usbh_core.c ****           USBH_FreePipe(phost, phost->Control.pipe_in);
 363              		.loc 1 891 11 is_stmt 1 view .LVU125
 364 00cc 6179     		ldrb	r1, [r4, #5]	@ zero_extendqisi2
 365 00ce 2046     		mov	r0, r4
 366              	.LVL25:
 891:Middlewares/ST/STM32_USB_Host_Library/Core/Src/usbh_core.c ****           USBH_FreePipe(phost, phost->Control.pipe_in);
 367              		.loc 1 891 11 is_stmt 0 view .LVU126
 368 00d0 FFF7FEFF 		bl	USBH_FreePipe
 369              	.LVL26:
 892:Middlewares/ST/STM32_USB_Host_Library/Core/Src/usbh_core.c **** 
 370              		.loc 1 892 11 is_stmt 1 view .LVU127
 371 00d4 2179     		ldrb	r1, [r4, #4]	@ zero_extendqisi2
 372 00d6 2046     		mov	r0, r4
 373 00d8 FFF7FEFF 		bl	USBH_FreePipe
 374              	.LVL27:
 895:Middlewares/ST/STM32_USB_Host_Library/Core/Src/usbh_core.c ****           phost->gState = HOST_IDLE;
 375              		.loc 1 895 11 view .LVU128
 895:Middlewares/ST/STM32_USB_Host_Library/Core/Src/usbh_core.c ****           phost->gState = HOST_IDLE;
 376              		.loc 1 895 28 is_stmt 0 view .LVU129
 377 00dc 0023     		movs	r3, #0
 378 00de 6370     		strb	r3, [r4, #1]
 896:Middlewares/ST/STM32_USB_Host_Library/Core/Src/usbh_core.c ****         }
 379              		.loc 1 896 11 is_stmt 1 view .LVU130
 896:Middlewares/ST/STM32_USB_Host_Library/Core/Src/usbh_core.c ****         }
 380              		.loc 1 896 25 is_stmt 0 view .LVU131
 381 00e0 2370     		strb	r3, [r4]
 382 00e2 B0E0     		b	.L11
 383              	.LVL28:
 384              	.L18:
 907:Middlewares/ST/STM32_USB_Host_Library/Core/Src/usbh_core.c ****       if (ReqStatus == USBH_OK)
ARM GAS  /tmp/ccyGUChw.s 			page 30


 385              		.loc 1 907 7 is_stmt 1 view .LVU132
 907:Middlewares/ST/STM32_USB_Host_Library/Core/Src/usbh_core.c ****       if (ReqStatus == USBH_OK)
 386              		.loc 1 907 19 is_stmt 0 view .LVU133
 387 00e4 0121     		movs	r1, #1
 388 00e6 FFF7FEFF 		bl	USBH_SetAddress
 389              	.LVL29:
 908:Middlewares/ST/STM32_USB_Host_Library/Core/Src/usbh_core.c ****       {
 390              		.loc 1 908 7 is_stmt 1 view .LVU134
 908:Middlewares/ST/STM32_USB_Host_Library/Core/Src/usbh_core.c ****       {
 391              		.loc 1 908 10 is_stmt 0 view .LVU135
 392 00ea 18B1     		cbz	r0, .L45
 927:Middlewares/ST/STM32_USB_Host_Library/Core/Src/usbh_core.c ****       {
 393              		.loc 1 927 12 is_stmt 1 view .LVU136
 927:Middlewares/ST/STM32_USB_Host_Library/Core/Src/usbh_core.c ****       {
 394              		.loc 1 927 15 is_stmt 0 view .LVU137
 395 00ec 0328     		cmp	r0, #3
 396 00ee 24D0     		beq	.L46
 818:Middlewares/ST/STM32_USB_Host_Library/Core/Src/usbh_core.c ****   USBH_StatusTypeDef ReqStatus = USBH_BUSY;
 397              		.loc 1 818 22 view .LVU138
 398 00f0 0125     		movs	r5, #1
 399 00f2 A8E0     		b	.L11
 400              	.L45:
 910:Middlewares/ST/STM32_USB_Host_Library/Core/Src/usbh_core.c ****         phost->device.address = USBH_DEVICE_ADDRESS;
 401              		.loc 1 910 9 is_stmt 1 view .LVU139
 402 00f4 0220     		movs	r0, #2
 403              	.LVL30:
 910:Middlewares/ST/STM32_USB_Host_Library/Core/Src/usbh_core.c ****         phost->device.address = USBH_DEVICE_ADDRESS;
 404              		.loc 1 910 9 is_stmt 0 view .LVU140
 405 00f6 FFF7FEFF 		bl	USBH_Delay
 406              	.LVL31:
 911:Middlewares/ST/STM32_USB_Host_Library/Core/Src/usbh_core.c **** 
 407              		.loc 1 911 9 is_stmt 1 view .LVU141
 911:Middlewares/ST/STM32_USB_Host_Library/Core/Src/usbh_core.c **** 
 408              		.loc 1 911 31 is_stmt 0 view .LVU142
 409 00fa 0125     		movs	r5, #1
 410 00fc 84F81C53 		strb	r5, [r4, #796]
 914:Middlewares/ST/STM32_USB_Host_Library/Core/Src/usbh_core.c ****         phost->EnumState = ENUM_GET_CFG_DESC;
 411              		.loc 1 914 9 is_stmt 1 view .LVU143
 914:Middlewares/ST/STM32_USB_Host_Library/Core/Src/usbh_core.c ****         phost->EnumState = ENUM_GET_CFG_DESC;
 412              		.loc 1 914 9 view .LVU144
 914:Middlewares/ST/STM32_USB_Host_Library/Core/Src/usbh_core.c ****         phost->EnumState = ENUM_GET_CFG_DESC;
 413              		.loc 1 914 9 view .LVU145
 915:Middlewares/ST/STM32_USB_Host_Library/Core/Src/usbh_core.c **** 
 414              		.loc 1 915 9 view .LVU146
 915:Middlewares/ST/STM32_USB_Host_Library/Core/Src/usbh_core.c **** 
 415              		.loc 1 915 26 is_stmt 0 view .LVU147
 416 0100 0323     		movs	r3, #3
 417 0102 6370     		strb	r3, [r4, #1]
 918:Middlewares/ST/STM32_USB_Host_Library/Core/Src/usbh_core.c ****                       phost->device.speed, USBH_EP_CONTROL,
 418              		.loc 1 918 9 is_stmt 1 view .LVU148
 920:Middlewares/ST/STM32_USB_Host_Library/Core/Src/usbh_core.c **** 
 419              		.loc 1 920 47 is_stmt 0 view .LVU149
 420 0104 A379     		ldrb	r3, [r4, #6]	@ zero_extendqisi2
 918:Middlewares/ST/STM32_USB_Host_Library/Core/Src/usbh_core.c ****                       phost->device.speed, USBH_EP_CONTROL,
 421              		.loc 1 918 9 view .LVU150
 422 0106 0293     		str	r3, [sp, #8]
 423 0108 0026     		movs	r6, #0
ARM GAS  /tmp/ccyGUChw.s 			page 31


 424 010a 0196     		str	r6, [sp, #4]
 425 010c 94F81D33 		ldrb	r3, [r4, #797]	@ zero_extendqisi2
 426 0110 0093     		str	r3, [sp]
 427 0112 2B46     		mov	r3, r5
 428 0114 8022     		movs	r2, #128
 429 0116 2179     		ldrb	r1, [r4, #4]	@ zero_extendqisi2
 430 0118 2046     		mov	r0, r4
 431 011a FFF7FEFF 		bl	USBH_OpenPipe
 432              	.LVL32:
 923:Middlewares/ST/STM32_USB_Host_Library/Core/Src/usbh_core.c ****                       phost->device.speed, USBH_EP_CONTROL,
 433              		.loc 1 923 9 is_stmt 1 view .LVU151
 925:Middlewares/ST/STM32_USB_Host_Library/Core/Src/usbh_core.c ****       }
 434              		.loc 1 925 47 is_stmt 0 view .LVU152
 435 011e A379     		ldrb	r3, [r4, #6]	@ zero_extendqisi2
 923:Middlewares/ST/STM32_USB_Host_Library/Core/Src/usbh_core.c ****                       phost->device.speed, USBH_EP_CONTROL,
 436              		.loc 1 923 9 view .LVU153
 437 0120 0293     		str	r3, [sp, #8]
 438 0122 0196     		str	r6, [sp, #4]
 439 0124 94F81D33 		ldrb	r3, [r4, #797]	@ zero_extendqisi2
 440 0128 0093     		str	r3, [sp]
 441 012a 94F81C33 		ldrb	r3, [r4, #796]	@ zero_extendqisi2
 442 012e 3246     		mov	r2, r6
 443 0130 6179     		ldrb	r1, [r4, #5]	@ zero_extendqisi2
 444 0132 2046     		mov	r0, r4
 445 0134 FFF7FEFF 		bl	USBH_OpenPipe
 446              	.LVL33:
 447 0138 85E0     		b	.L11
 448              	.LVL34:
 449              	.L46:
 929:Middlewares/ST/STM32_USB_Host_Library/Core/Src/usbh_core.c **** 
 450              		.loc 1 929 9 is_stmt 1 view .LVU154
 929:Middlewares/ST/STM32_USB_Host_Library/Core/Src/usbh_core.c **** 
 451              		.loc 1 929 9 view .LVU155
 929:Middlewares/ST/STM32_USB_Host_Library/Core/Src/usbh_core.c **** 
 452              		.loc 1 929 9 view .LVU156
 932:Middlewares/ST/STM32_USB_Host_Library/Core/Src/usbh_core.c ****         phost->gState = HOST_ABORT_STATE;
 453              		.loc 1 932 9 view .LVU157
 932:Middlewares/ST/STM32_USB_Host_Library/Core/Src/usbh_core.c ****         phost->gState = HOST_ABORT_STATE;
 454              		.loc 1 932 9 view .LVU158
 932:Middlewares/ST/STM32_USB_Host_Library/Core/Src/usbh_core.c ****         phost->gState = HOST_ABORT_STATE;
 455              		.loc 1 932 9 view .LVU159
 933:Middlewares/ST/STM32_USB_Host_Library/Core/Src/usbh_core.c ****         phost->EnumState = ENUM_IDLE;
 456              		.loc 1 933 9 view .LVU160
 933:Middlewares/ST/STM32_USB_Host_Library/Core/Src/usbh_core.c ****         phost->EnumState = ENUM_IDLE;
 457              		.loc 1 933 23 is_stmt 0 view .LVU161
 458 013a 0D23     		movs	r3, #13
 459 013c 2370     		strb	r3, [r4]
 934:Middlewares/ST/STM32_USB_Host_Library/Core/Src/usbh_core.c ****       }
 460              		.loc 1 934 9 is_stmt 1 view .LVU162
 934:Middlewares/ST/STM32_USB_Host_Library/Core/Src/usbh_core.c ****       }
 461              		.loc 1 934 26 is_stmt 0 view .LVU163
 462 013e 0023     		movs	r3, #0
 463 0140 6370     		strb	r3, [r4, #1]
 818:Middlewares/ST/STM32_USB_Host_Library/Core/Src/usbh_core.c ****   USBH_StatusTypeDef ReqStatus = USBH_BUSY;
 464              		.loc 1 818 22 view .LVU164
 465 0142 0125     		movs	r5, #1
 466 0144 7FE0     		b	.L11
ARM GAS  /tmp/ccyGUChw.s 			page 32


 467              	.LVL35:
 468              	.L17:
 944:Middlewares/ST/STM32_USB_Host_Library/Core/Src/usbh_core.c ****       if (ReqStatus == USBH_OK)
 469              		.loc 1 944 7 is_stmt 1 view .LVU165
 944:Middlewares/ST/STM32_USB_Host_Library/Core/Src/usbh_core.c ****       if (ReqStatus == USBH_OK)
 470              		.loc 1 944 19 is_stmt 0 view .LVU166
 471 0146 0921     		movs	r1, #9
 472 0148 FFF7FEFF 		bl	USBH_Get_CfgDesc
 473              	.LVL36:
 945:Middlewares/ST/STM32_USB_Host_Library/Core/Src/usbh_core.c ****       {
 474              		.loc 1 945 7 is_stmt 1 view .LVU167
 945:Middlewares/ST/STM32_USB_Host_Library/Core/Src/usbh_core.c ****       {
 475              		.loc 1 945 10 is_stmt 0 view .LVU168
 476 014c 18B9     		cbnz	r0, .L26
 947:Middlewares/ST/STM32_USB_Host_Library/Core/Src/usbh_core.c ****       }
 477              		.loc 1 947 9 is_stmt 1 view .LVU169
 947:Middlewares/ST/STM32_USB_Host_Library/Core/Src/usbh_core.c ****       }
 478              		.loc 1 947 26 is_stmt 0 view .LVU170
 479 014e 0423     		movs	r3, #4
 480 0150 6370     		strb	r3, [r4, #1]
 818:Middlewares/ST/STM32_USB_Host_Library/Core/Src/usbh_core.c ****   USBH_StatusTypeDef ReqStatus = USBH_BUSY;
 481              		.loc 1 818 22 view .LVU171
 482 0152 0125     		movs	r5, #1
 483 0154 77E0     		b	.L11
 484              	.L26:
 949:Middlewares/ST/STM32_USB_Host_Library/Core/Src/usbh_core.c ****       {
 485              		.loc 1 949 12 is_stmt 1 view .LVU172
 949:Middlewares/ST/STM32_USB_Host_Library/Core/Src/usbh_core.c ****       {
 486              		.loc 1 949 15 is_stmt 0 view .LVU173
 487 0156 0328     		cmp	r0, #3
 488 0158 01D0     		beq	.L47
 818:Middlewares/ST/STM32_USB_Host_Library/Core/Src/usbh_core.c ****   USBH_StatusTypeDef ReqStatus = USBH_BUSY;
 489              		.loc 1 818 22 view .LVU174
 490 015a 0125     		movs	r5, #1
 491 015c 73E0     		b	.L11
 492              	.L47:
 951:Middlewares/ST/STM32_USB_Host_Library/Core/Src/usbh_core.c ****         phost->device.EnumCnt++;
 493              		.loc 1 951 9 is_stmt 1 view .LVU175
 951:Middlewares/ST/STM32_USB_Host_Library/Core/Src/usbh_core.c ****         phost->device.EnumCnt++;
 494              		.loc 1 951 9 view .LVU176
 951:Middlewares/ST/STM32_USB_Host_Library/Core/Src/usbh_core.c ****         phost->device.EnumCnt++;
 495              		.loc 1 951 9 view .LVU177
 952:Middlewares/ST/STM32_USB_Host_Library/Core/Src/usbh_core.c ****         if (phost->device.EnumCnt > 3U)
 496              		.loc 1 952 9 view .LVU178
 952:Middlewares/ST/STM32_USB_Host_Library/Core/Src/usbh_core.c ****         if (phost->device.EnumCnt > 3U)
 497              		.loc 1 952 22 is_stmt 0 view .LVU179
 498 015e 94F81E33 		ldrb	r3, [r4, #798]	@ zero_extendqisi2
 952:Middlewares/ST/STM32_USB_Host_Library/Core/Src/usbh_core.c ****         if (phost->device.EnumCnt > 3U)
 499              		.loc 1 952 30 view .LVU180
 500 0162 0133     		adds	r3, r3, #1
 501 0164 DBB2     		uxtb	r3, r3
 502 0166 84F81E33 		strb	r3, [r4, #798]
 953:Middlewares/ST/STM32_USB_Host_Library/Core/Src/usbh_core.c ****         {
 503              		.loc 1 953 9 is_stmt 1 view .LVU181
 953:Middlewares/ST/STM32_USB_Host_Library/Core/Src/usbh_core.c ****         {
 504              		.loc 1 953 12 is_stmt 0 view .LVU182
 505 016a 032B     		cmp	r3, #3
ARM GAS  /tmp/ccyGUChw.s 			page 33


 506 016c 03D9     		bls	.L27
 956:Middlewares/ST/STM32_USB_Host_Library/Core/Src/usbh_core.c ****           phost->gState = HOST_ABORT_STATE;
 507              		.loc 1 956 11 is_stmt 1 view .LVU183
 956:Middlewares/ST/STM32_USB_Host_Library/Core/Src/usbh_core.c ****           phost->gState = HOST_ABORT_STATE;
 508              		.loc 1 956 11 view .LVU184
 956:Middlewares/ST/STM32_USB_Host_Library/Core/Src/usbh_core.c ****           phost->gState = HOST_ABORT_STATE;
 509              		.loc 1 956 11 view .LVU185
 957:Middlewares/ST/STM32_USB_Host_Library/Core/Src/usbh_core.c ****         }
 510              		.loc 1 957 11 view .LVU186
 957:Middlewares/ST/STM32_USB_Host_Library/Core/Src/usbh_core.c ****         }
 511              		.loc 1 957 25 is_stmt 0 view .LVU187
 512 016e 0D23     		movs	r3, #13
 513 0170 2370     		strb	r3, [r4]
 818:Middlewares/ST/STM32_USB_Host_Library/Core/Src/usbh_core.c ****   USBH_StatusTypeDef ReqStatus = USBH_BUSY;
 514              		.loc 1 818 22 view .LVU188
 515 0172 0125     		movs	r5, #1
 516 0174 67E0     		b	.L11
 517              	.L27:
 962:Middlewares/ST/STM32_USB_Host_Library/Core/Src/usbh_core.c ****           USBH_FreePipe(phost, phost->Control.pipe_in);
 518              		.loc 1 962 11 is_stmt 1 view .LVU189
 519 0176 6179     		ldrb	r1, [r4, #5]	@ zero_extendqisi2
 520 0178 2046     		mov	r0, r4
 521              	.LVL37:
 962:Middlewares/ST/STM32_USB_Host_Library/Core/Src/usbh_core.c ****           USBH_FreePipe(phost, phost->Control.pipe_in);
 522              		.loc 1 962 11 is_stmt 0 view .LVU190
 523 017a FFF7FEFF 		bl	USBH_FreePipe
 524              	.LVL38:
 963:Middlewares/ST/STM32_USB_Host_Library/Core/Src/usbh_core.c **** 
 525              		.loc 1 963 11 is_stmt 1 view .LVU191
 526 017e 2179     		ldrb	r1, [r4, #4]	@ zero_extendqisi2
 527 0180 2046     		mov	r0, r4
 528 0182 FFF7FEFF 		bl	USBH_FreePipe
 529              	.LVL39:
 966:Middlewares/ST/STM32_USB_Host_Library/Core/Src/usbh_core.c ****           phost->gState = HOST_IDLE;
 530              		.loc 1 966 11 view .LVU192
 966:Middlewares/ST/STM32_USB_Host_Library/Core/Src/usbh_core.c ****           phost->gState = HOST_IDLE;
 531              		.loc 1 966 28 is_stmt 0 view .LVU193
 532 0186 0023     		movs	r3, #0
 533 0188 6370     		strb	r3, [r4, #1]
 967:Middlewares/ST/STM32_USB_Host_Library/Core/Src/usbh_core.c ****         }
 534              		.loc 1 967 11 is_stmt 1 view .LVU194
 967:Middlewares/ST/STM32_USB_Host_Library/Core/Src/usbh_core.c ****         }
 535              		.loc 1 967 25 is_stmt 0 view .LVU195
 536 018a 2370     		strb	r3, [r4]
 818:Middlewares/ST/STM32_USB_Host_Library/Core/Src/usbh_core.c ****   USBH_StatusTypeDef ReqStatus = USBH_BUSY;
 537              		.loc 1 818 22 view .LVU196
 538 018c 0125     		movs	r5, #1
 539 018e 5AE0     		b	.L11
 540              	.LVL40:
 541              	.L16:
 978:Middlewares/ST/STM32_USB_Host_Library/Core/Src/usbh_core.c ****       if (ReqStatus == USBH_OK)
 542              		.loc 1 978 7 is_stmt 1 view .LVU197
 978:Middlewares/ST/STM32_USB_Host_Library/Core/Src/usbh_core.c ****       if (ReqStatus == USBH_OK)
 543              		.loc 1 978 19 is_stmt 0 view .LVU198
 544 0190 B0F83A13 		ldrh	r1, [r0, #826]
 545 0194 FFF7FEFF 		bl	USBH_Get_CfgDesc
 546              	.LVL41:
ARM GAS  /tmp/ccyGUChw.s 			page 34


 979:Middlewares/ST/STM32_USB_Host_Library/Core/Src/usbh_core.c ****       {
 547              		.loc 1 979 7 is_stmt 1 view .LVU199
 979:Middlewares/ST/STM32_USB_Host_Library/Core/Src/usbh_core.c ****       {
 548              		.loc 1 979 10 is_stmt 0 view .LVU200
 549 0198 18B9     		cbnz	r0, .L28
 981:Middlewares/ST/STM32_USB_Host_Library/Core/Src/usbh_core.c ****       }
 550              		.loc 1 981 9 is_stmt 1 view .LVU201
 981:Middlewares/ST/STM32_USB_Host_Library/Core/Src/usbh_core.c ****       }
 551              		.loc 1 981 26 is_stmt 0 view .LVU202
 552 019a 0523     		movs	r3, #5
 553 019c 6370     		strb	r3, [r4, #1]
 818:Middlewares/ST/STM32_USB_Host_Library/Core/Src/usbh_core.c ****   USBH_StatusTypeDef ReqStatus = USBH_BUSY;
 554              		.loc 1 818 22 view .LVU203
 555 019e 0125     		movs	r5, #1
 556 01a0 51E0     		b	.L11
 557              	.L28:
 983:Middlewares/ST/STM32_USB_Host_Library/Core/Src/usbh_core.c ****       {
 558              		.loc 1 983 12 is_stmt 1 view .LVU204
 983:Middlewares/ST/STM32_USB_Host_Library/Core/Src/usbh_core.c ****       {
 559              		.loc 1 983 15 is_stmt 0 view .LVU205
 560 01a2 0328     		cmp	r0, #3
 561 01a4 01D0     		beq	.L48
 818:Middlewares/ST/STM32_USB_Host_Library/Core/Src/usbh_core.c ****   USBH_StatusTypeDef ReqStatus = USBH_BUSY;
 562              		.loc 1 818 22 view .LVU206
 563 01a6 0125     		movs	r5, #1
 564 01a8 4DE0     		b	.L11
 565              	.L48:
 985:Middlewares/ST/STM32_USB_Host_Library/Core/Src/usbh_core.c ****         phost->device.EnumCnt++;
 566              		.loc 1 985 9 is_stmt 1 view .LVU207
 985:Middlewares/ST/STM32_USB_Host_Library/Core/Src/usbh_core.c ****         phost->device.EnumCnt++;
 567              		.loc 1 985 9 view .LVU208
 985:Middlewares/ST/STM32_USB_Host_Library/Core/Src/usbh_core.c ****         phost->device.EnumCnt++;
 568              		.loc 1 985 9 view .LVU209
 986:Middlewares/ST/STM32_USB_Host_Library/Core/Src/usbh_core.c ****         if (phost->device.EnumCnt > 3U)
 569              		.loc 1 986 9 view .LVU210
 986:Middlewares/ST/STM32_USB_Host_Library/Core/Src/usbh_core.c ****         if (phost->device.EnumCnt > 3U)
 570              		.loc 1 986 22 is_stmt 0 view .LVU211
 571 01aa 94F81E33 		ldrb	r3, [r4, #798]	@ zero_extendqisi2
 986:Middlewares/ST/STM32_USB_Host_Library/Core/Src/usbh_core.c ****         if (phost->device.EnumCnt > 3U)
 572              		.loc 1 986 30 view .LVU212
 573 01ae 0133     		adds	r3, r3, #1
 574 01b0 DBB2     		uxtb	r3, r3
 575 01b2 84F81E33 		strb	r3, [r4, #798]
 987:Middlewares/ST/STM32_USB_Host_Library/Core/Src/usbh_core.c ****         {
 576              		.loc 1 987 9 is_stmt 1 view .LVU213
 987:Middlewares/ST/STM32_USB_Host_Library/Core/Src/usbh_core.c ****         {
 577              		.loc 1 987 12 is_stmt 0 view .LVU214
 578 01b6 032B     		cmp	r3, #3
 579 01b8 03D9     		bls	.L29
 990:Middlewares/ST/STM32_USB_Host_Library/Core/Src/usbh_core.c ****           phost->gState = HOST_ABORT_STATE;
 580              		.loc 1 990 11 is_stmt 1 view .LVU215
 990:Middlewares/ST/STM32_USB_Host_Library/Core/Src/usbh_core.c ****           phost->gState = HOST_ABORT_STATE;
 581              		.loc 1 990 11 view .LVU216
 990:Middlewares/ST/STM32_USB_Host_Library/Core/Src/usbh_core.c ****           phost->gState = HOST_ABORT_STATE;
 582              		.loc 1 990 11 view .LVU217
 991:Middlewares/ST/STM32_USB_Host_Library/Core/Src/usbh_core.c ****         }
 583              		.loc 1 991 11 view .LVU218
ARM GAS  /tmp/ccyGUChw.s 			page 35


 991:Middlewares/ST/STM32_USB_Host_Library/Core/Src/usbh_core.c ****         }
 584              		.loc 1 991 25 is_stmt 0 view .LVU219
 585 01ba 0D23     		movs	r3, #13
 586 01bc 2370     		strb	r3, [r4]
 818:Middlewares/ST/STM32_USB_Host_Library/Core/Src/usbh_core.c ****   USBH_StatusTypeDef ReqStatus = USBH_BUSY;
 587              		.loc 1 818 22 view .LVU220
 588 01be 0125     		movs	r5, #1
 589 01c0 41E0     		b	.L11
 590              	.L29:
 996:Middlewares/ST/STM32_USB_Host_Library/Core/Src/usbh_core.c ****           USBH_FreePipe(phost, phost->Control.pipe_in);
 591              		.loc 1 996 11 is_stmt 1 view .LVU221
 592 01c2 6179     		ldrb	r1, [r4, #5]	@ zero_extendqisi2
 593 01c4 2046     		mov	r0, r4
 594              	.LVL42:
 996:Middlewares/ST/STM32_USB_Host_Library/Core/Src/usbh_core.c ****           USBH_FreePipe(phost, phost->Control.pipe_in);
 595              		.loc 1 996 11 is_stmt 0 view .LVU222
 596 01c6 FFF7FEFF 		bl	USBH_FreePipe
 597              	.LVL43:
 997:Middlewares/ST/STM32_USB_Host_Library/Core/Src/usbh_core.c **** 
 598              		.loc 1 997 11 is_stmt 1 view .LVU223
 599 01ca 2179     		ldrb	r1, [r4, #4]	@ zero_extendqisi2
 600 01cc 2046     		mov	r0, r4
 601 01ce FFF7FEFF 		bl	USBH_FreePipe
 602              	.LVL44:
1000:Middlewares/ST/STM32_USB_Host_Library/Core/Src/usbh_core.c ****           phost->gState = HOST_IDLE;
 603              		.loc 1 1000 11 view .LVU224
1000:Middlewares/ST/STM32_USB_Host_Library/Core/Src/usbh_core.c ****           phost->gState = HOST_IDLE;
 604              		.loc 1 1000 28 is_stmt 0 view .LVU225
 605 01d2 0023     		movs	r3, #0
 606 01d4 6370     		strb	r3, [r4, #1]
1001:Middlewares/ST/STM32_USB_Host_Library/Core/Src/usbh_core.c ****         }
 607              		.loc 1 1001 11 is_stmt 1 view .LVU226
1001:Middlewares/ST/STM32_USB_Host_Library/Core/Src/usbh_core.c ****         }
 608              		.loc 1 1001 25 is_stmt 0 view .LVU227
 609 01d6 2370     		strb	r3, [r4]
 818:Middlewares/ST/STM32_USB_Host_Library/Core/Src/usbh_core.c ****   USBH_StatusTypeDef ReqStatus = USBH_BUSY;
 610              		.loc 1 818 22 view .LVU228
 611 01d8 0125     		movs	r5, #1
 612 01da 34E0     		b	.L11
 613              	.LVL45:
 614              	.L15:
1011:Middlewares/ST/STM32_USB_Host_Library/Core/Src/usbh_core.c ****       {
 615              		.loc 1 1011 7 is_stmt 1 view .LVU229
1011:Middlewares/ST/STM32_USB_Host_Library/Core/Src/usbh_core.c ****       {
 616              		.loc 1 1011 32 is_stmt 0 view .LVU230
 617 01dc 90F83413 		ldrb	r1, [r0, #820]	@ zero_extendqisi2
1011:Middlewares/ST/STM32_USB_Host_Library/Core/Src/usbh_core.c ****       {
 618              		.loc 1 1011 10 view .LVU231
 619 01e0 19B9     		cbnz	r1, .L49
1052:Middlewares/ST/STM32_USB_Host_Library/Core/Src/usbh_core.c ****         phost->EnumState = ENUM_GET_PRODUCT_STRING_DESC;
 620              		.loc 1 1052 9 is_stmt 1 view .LVU232
1052:Middlewares/ST/STM32_USB_Host_Library/Core/Src/usbh_core.c ****         phost->EnumState = ENUM_GET_PRODUCT_STRING_DESC;
 621              		.loc 1 1052 9 view .LVU233
1052:Middlewares/ST/STM32_USB_Host_Library/Core/Src/usbh_core.c ****         phost->EnumState = ENUM_GET_PRODUCT_STRING_DESC;
 622              		.loc 1 1052 9 view .LVU234
1053:Middlewares/ST/STM32_USB_Host_Library/Core/Src/usbh_core.c **** 
 623              		.loc 1 1053 9 view .LVU235
ARM GAS  /tmp/ccyGUChw.s 			page 36


1053:Middlewares/ST/STM32_USB_Host_Library/Core/Src/usbh_core.c **** 
 624              		.loc 1 1053 26 is_stmt 0 view .LVU236
 625 01e2 0623     		movs	r3, #6
 626 01e4 4370     		strb	r3, [r0, #1]
 818:Middlewares/ST/STM32_USB_Host_Library/Core/Src/usbh_core.c ****   USBH_StatusTypeDef ReqStatus = USBH_BUSY;
 627              		.loc 1 818 22 view .LVU237
 628 01e6 0125     		movs	r5, #1
 629 01e8 2DE0     		b	.L11
 630              	.L49:
1014:Middlewares/ST/STM32_USB_Host_Library/Core/Src/usbh_core.c ****                                         phost->device.Data, 0xFFU);
 631              		.loc 1 1014 9 is_stmt 1 view .LVU238
1014:Middlewares/ST/STM32_USB_Host_Library/Core/Src/usbh_core.c ****                                         phost->device.Data, 0xFFU);
 632              		.loc 1 1014 21 is_stmt 0 view .LVU239
 633 01ea FF23     		movs	r3, #255
 634 01ec 00F58E72 		add	r2, r0, #284
 635 01f0 FFF7FEFF 		bl	USBH_Get_StringDesc
 636              	.LVL46:
1016:Middlewares/ST/STM32_USB_Host_Library/Core/Src/usbh_core.c ****         {
 637              		.loc 1 1016 9 is_stmt 1 view .LVU240
1016:Middlewares/ST/STM32_USB_Host_Library/Core/Src/usbh_core.c ****         {
 638              		.loc 1 1016 12 is_stmt 0 view .LVU241
 639 01f4 18B9     		cbnz	r0, .L31
1019:Middlewares/ST/STM32_USB_Host_Library/Core/Src/usbh_core.c ****           phost->EnumState = ENUM_GET_PRODUCT_STRING_DESC;
 640              		.loc 1 1019 11 is_stmt 1 view .LVU242
1019:Middlewares/ST/STM32_USB_Host_Library/Core/Src/usbh_core.c ****           phost->EnumState = ENUM_GET_PRODUCT_STRING_DESC;
 641              		.loc 1 1019 11 view .LVU243
1019:Middlewares/ST/STM32_USB_Host_Library/Core/Src/usbh_core.c ****           phost->EnumState = ENUM_GET_PRODUCT_STRING_DESC;
 642              		.loc 1 1019 11 view .LVU244
1020:Middlewares/ST/STM32_USB_Host_Library/Core/Src/usbh_core.c **** 
 643              		.loc 1 1020 11 view .LVU245
1020:Middlewares/ST/STM32_USB_Host_Library/Core/Src/usbh_core.c **** 
 644              		.loc 1 1020 28 is_stmt 0 view .LVU246
 645 01f6 0623     		movs	r3, #6
 646 01f8 6370     		strb	r3, [r4, #1]
 818:Middlewares/ST/STM32_USB_Host_Library/Core/Src/usbh_core.c ****   USBH_StatusTypeDef ReqStatus = USBH_BUSY;
 647              		.loc 1 818 22 view .LVU247
 648 01fa 0125     		movs	r5, #1
 649 01fc 23E0     		b	.L11
 650              	.L31:
1031:Middlewares/ST/STM32_USB_Host_Library/Core/Src/usbh_core.c ****         {
 651              		.loc 1 1031 14 is_stmt 1 view .LVU248
1031:Middlewares/ST/STM32_USB_Host_Library/Core/Src/usbh_core.c ****         {
 652              		.loc 1 1031 17 is_stmt 0 view .LVU249
 653 01fe 0328     		cmp	r0, #3
 654 0200 01D0     		beq	.L50
 818:Middlewares/ST/STM32_USB_Host_Library/Core/Src/usbh_core.c ****   USBH_StatusTypeDef ReqStatus = USBH_BUSY;
 655              		.loc 1 818 22 view .LVU250
 656 0202 0125     		movs	r5, #1
 657 0204 1FE0     		b	.L11
 658              	.L50:
1033:Middlewares/ST/STM32_USB_Host_Library/Core/Src/usbh_core.c ****           phost->EnumState = ENUM_GET_PRODUCT_STRING_DESC;
 659              		.loc 1 1033 11 is_stmt 1 view .LVU251
1033:Middlewares/ST/STM32_USB_Host_Library/Core/Src/usbh_core.c ****           phost->EnumState = ENUM_GET_PRODUCT_STRING_DESC;
 660              		.loc 1 1033 11 view .LVU252
1033:Middlewares/ST/STM32_USB_Host_Library/Core/Src/usbh_core.c ****           phost->EnumState = ENUM_GET_PRODUCT_STRING_DESC;
 661              		.loc 1 1033 11 view .LVU253
1034:Middlewares/ST/STM32_USB_Host_Library/Core/Src/usbh_core.c **** 
ARM GAS  /tmp/ccyGUChw.s 			page 37


 662              		.loc 1 1034 11 view .LVU254
1034:Middlewares/ST/STM32_USB_Host_Library/Core/Src/usbh_core.c **** 
 663              		.loc 1 1034 28 is_stmt 0 view .LVU255
 664 0206 0623     		movs	r3, #6
 665 0208 6370     		strb	r3, [r4, #1]
 818:Middlewares/ST/STM32_USB_Host_Library/Core/Src/usbh_core.c ****   USBH_StatusTypeDef ReqStatus = USBH_BUSY;
 666              		.loc 1 818 22 view .LVU256
 667 020a 0125     		movs	r5, #1
 668 020c 1BE0     		b	.L11
 669              	.LVL47:
 670              	.L14:
1067:Middlewares/ST/STM32_USB_Host_Library/Core/Src/usbh_core.c ****       {
 671              		.loc 1 1067 7 is_stmt 1 view .LVU257
1067:Middlewares/ST/STM32_USB_Host_Library/Core/Src/usbh_core.c ****       {
 672              		.loc 1 1067 32 is_stmt 0 view .LVU258
 673 020e 90F83513 		ldrb	r1, [r0, #821]	@ zero_extendqisi2
1067:Middlewares/ST/STM32_USB_Host_Library/Core/Src/usbh_core.c ****       {
 674              		.loc 1 1067 10 view .LVU259
 675 0212 19B9     		cbnz	r1, .L51
1099:Middlewares/ST/STM32_USB_Host_Library/Core/Src/usbh_core.c ****         phost->EnumState = ENUM_GET_SERIALNUM_STRING_DESC;
 676              		.loc 1 1099 9 is_stmt 1 view .LVU260
1099:Middlewares/ST/STM32_USB_Host_Library/Core/Src/usbh_core.c ****         phost->EnumState = ENUM_GET_SERIALNUM_STRING_DESC;
 677              		.loc 1 1099 9 view .LVU261
1099:Middlewares/ST/STM32_USB_Host_Library/Core/Src/usbh_core.c ****         phost->EnumState = ENUM_GET_SERIALNUM_STRING_DESC;
 678              		.loc 1 1099 9 view .LVU262
1100:Middlewares/ST/STM32_USB_Host_Library/Core/Src/usbh_core.c **** 
 679              		.loc 1 1100 9 view .LVU263
1100:Middlewares/ST/STM32_USB_Host_Library/Core/Src/usbh_core.c **** 
 680              		.loc 1 1100 26 is_stmt 0 view .LVU264
 681 0214 0723     		movs	r3, #7
 682 0216 4370     		strb	r3, [r0, #1]
 818:Middlewares/ST/STM32_USB_Host_Library/Core/Src/usbh_core.c ****   USBH_StatusTypeDef ReqStatus = USBH_BUSY;
 683              		.loc 1 818 22 view .LVU265
 684 0218 0125     		movs	r5, #1
 685 021a 14E0     		b	.L11
 686              	.L51:
1070:Middlewares/ST/STM32_USB_Host_Library/Core/Src/usbh_core.c ****                                         phost->device.Data, 0xFFU);
 687              		.loc 1 1070 9 is_stmt 1 view .LVU266
1070:Middlewares/ST/STM32_USB_Host_Library/Core/Src/usbh_core.c ****                                         phost->device.Data, 0xFFU);
 688              		.loc 1 1070 21 is_stmt 0 view .LVU267
 689 021c FF23     		movs	r3, #255
 690 021e 00F58E72 		add	r2, r0, #284
 691 0222 FFF7FEFF 		bl	USBH_Get_StringDesc
 692              	.LVL48:
1072:Middlewares/ST/STM32_USB_Host_Library/Core/Src/usbh_core.c ****         {
 693              		.loc 1 1072 9 is_stmt 1 view .LVU268
1072:Middlewares/ST/STM32_USB_Host_Library/Core/Src/usbh_core.c ****         {
 694              		.loc 1 1072 12 is_stmt 0 view .LVU269
 695 0226 18B9     		cbnz	r0, .L33
1075:Middlewares/ST/STM32_USB_Host_Library/Core/Src/usbh_core.c ****           phost->EnumState = ENUM_GET_SERIALNUM_STRING_DESC;
 696              		.loc 1 1075 11 is_stmt 1 view .LVU270
1075:Middlewares/ST/STM32_USB_Host_Library/Core/Src/usbh_core.c ****           phost->EnumState = ENUM_GET_SERIALNUM_STRING_DESC;
 697              		.loc 1 1075 11 view .LVU271
1075:Middlewares/ST/STM32_USB_Host_Library/Core/Src/usbh_core.c ****           phost->EnumState = ENUM_GET_SERIALNUM_STRING_DESC;
 698              		.loc 1 1075 11 view .LVU272
1076:Middlewares/ST/STM32_USB_Host_Library/Core/Src/usbh_core.c ****         }
 699              		.loc 1 1076 11 view .LVU273
ARM GAS  /tmp/ccyGUChw.s 			page 38


1076:Middlewares/ST/STM32_USB_Host_Library/Core/Src/usbh_core.c ****         }
 700              		.loc 1 1076 28 is_stmt 0 view .LVU274
 701 0228 0723     		movs	r3, #7
 702 022a 6370     		strb	r3, [r4, #1]
 818:Middlewares/ST/STM32_USB_Host_Library/Core/Src/usbh_core.c ****   USBH_StatusTypeDef ReqStatus = USBH_BUSY;
 703              		.loc 1 818 22 view .LVU275
 704 022c 0125     		movs	r5, #1
 705 022e 0AE0     		b	.L11
 706              	.L33:
1078:Middlewares/ST/STM32_USB_Host_Library/Core/Src/usbh_core.c ****         {
 707              		.loc 1 1078 14 is_stmt 1 view .LVU276
1078:Middlewares/ST/STM32_USB_Host_Library/Core/Src/usbh_core.c ****         {
 708              		.loc 1 1078 17 is_stmt 0 view .LVU277
 709 0230 0328     		cmp	r0, #3
 710 0232 01D0     		beq	.L52
 818:Middlewares/ST/STM32_USB_Host_Library/Core/Src/usbh_core.c ****   USBH_StatusTypeDef ReqStatus = USBH_BUSY;
 711              		.loc 1 818 22 view .LVU278
 712 0234 0125     		movs	r5, #1
 713 0236 06E0     		b	.L11
 714              	.L52:
1080:Middlewares/ST/STM32_USB_Host_Library/Core/Src/usbh_core.c ****           phost->EnumState = ENUM_GET_SERIALNUM_STRING_DESC;
 715              		.loc 1 1080 11 is_stmt 1 view .LVU279
1080:Middlewares/ST/STM32_USB_Host_Library/Core/Src/usbh_core.c ****           phost->EnumState = ENUM_GET_SERIALNUM_STRING_DESC;
 716              		.loc 1 1080 11 view .LVU280
1080:Middlewares/ST/STM32_USB_Host_Library/Core/Src/usbh_core.c ****           phost->EnumState = ENUM_GET_SERIALNUM_STRING_DESC;
 717              		.loc 1 1080 11 view .LVU281
1081:Middlewares/ST/STM32_USB_Host_Library/Core/Src/usbh_core.c **** 
 718              		.loc 1 1081 11 view .LVU282
1081:Middlewares/ST/STM32_USB_Host_Library/Core/Src/usbh_core.c **** 
 719              		.loc 1 1081 28 is_stmt 0 view .LVU283
 720 0238 0723     		movs	r3, #7
 721 023a 6370     		strb	r3, [r4, #1]
 818:Middlewares/ST/STM32_USB_Host_Library/Core/Src/usbh_core.c ****   USBH_StatusTypeDef ReqStatus = USBH_BUSY;
 722              		.loc 1 818 22 view .LVU284
 723 023c 0125     		movs	r5, #1
 724 023e 02E0     		b	.L11
 725              	.LVL49:
 726              	.L12:
1114:Middlewares/ST/STM32_USB_Host_Library/Core/Src/usbh_core.c ****       {
 727              		.loc 1 1114 7 is_stmt 1 view .LVU285
1114:Middlewares/ST/STM32_USB_Host_Library/Core/Src/usbh_core.c ****       {
 728              		.loc 1 1114 32 is_stmt 0 view .LVU286
 729 0240 90F83653 		ldrb	r5, [r0, #822]	@ zero_extendqisi2
1114:Middlewares/ST/STM32_USB_Host_Library/Core/Src/usbh_core.c ****       {
 730              		.loc 1 1114 10 view .LVU287
 731 0244 15B9     		cbnz	r5, .L53
 732              	.LVL50:
 733              	.L11:
1145:Middlewares/ST/STM32_USB_Host_Library/Core/Src/usbh_core.c **** }
 734              		.loc 1 1145 3 is_stmt 1 view .LVU288
1146:Middlewares/ST/STM32_USB_Host_Library/Core/Src/usbh_core.c **** 
 735              		.loc 1 1146 1 is_stmt 0 view .LVU289
 736 0246 2846     		mov	r0, r5
 737 0248 04B0     		add	sp, sp, #16
 738              		.cfi_remember_state
 739              		.cfi_def_cfa_offset 16
 740              		@ sp needed
ARM GAS  /tmp/ccyGUChw.s 			page 39


 741 024a 70BD     		pop	{r4, r5, r6, pc}
 742              	.LVL51:
 743              	.L53:
 744              		.cfi_restore_state
1117:Middlewares/ST/STM32_USB_Host_Library/Core/Src/usbh_core.c ****                                         phost->device.Data, 0xFFU);
 745              		.loc 1 1117 9 is_stmt 1 view .LVU290
1117:Middlewares/ST/STM32_USB_Host_Library/Core/Src/usbh_core.c ****                                         phost->device.Data, 0xFFU);
 746              		.loc 1 1117 21 is_stmt 0 view .LVU291
 747 024c FF23     		movs	r3, #255
 748 024e 00F58E72 		add	r2, r0, #284
 749 0252 2946     		mov	r1, r5
 750 0254 FFF7FEFF 		bl	USBH_Get_StringDesc
 751              	.LVL52:
1119:Middlewares/ST/STM32_USB_Host_Library/Core/Src/usbh_core.c ****         {
 752              		.loc 1 1119 9 is_stmt 1 view .LVU292
1119:Middlewares/ST/STM32_USB_Host_Library/Core/Src/usbh_core.c ****         {
 753              		.loc 1 1119 12 is_stmt 0 view .LVU293
 754 0258 0546     		mov	r5, r0
 755 025a 0028     		cmp	r0, #0
 756 025c F3D0     		beq	.L11
1125:Middlewares/ST/STM32_USB_Host_Library/Core/Src/usbh_core.c ****         {
 757              		.loc 1 1125 14 is_stmt 1 view .LVU294
1125:Middlewares/ST/STM32_USB_Host_Library/Core/Src/usbh_core.c ****         {
 758              		.loc 1 1125 17 is_stmt 0 view .LVU295
 759 025e 0328     		cmp	r0, #3
 760 0260 03D0     		beq	.L41
 818:Middlewares/ST/STM32_USB_Host_Library/Core/Src/usbh_core.c ****   USBH_StatusTypeDef ReqStatus = USBH_BUSY;
 761              		.loc 1 818 22 view .LVU296
 762 0262 0125     		movs	r5, #1
 763 0264 EFE7     		b	.L11
 764              	.LVL53:
 765              	.L34:
 821:Middlewares/ST/STM32_USB_Host_Library/Core/Src/usbh_core.c ****   {
 766              		.loc 1 821 3 view .LVU297
 767 0266 0125     		movs	r5, #1
 768 0268 EDE7     		b	.L11
 769              	.LVL54:
 770              	.L41:
1128:Middlewares/ST/STM32_USB_Host_Library/Core/Src/usbh_core.c ****         }
 771              		.loc 1 1128 18 view .LVU298
 772 026a 0025     		movs	r5, #0
 773 026c EBE7     		b	.L11
 774              		.cfi_endproc
 775              	.LFE231:
 777              		.section	.text.USBH_Init,"ax",%progbits
 778              		.align	1
 779              		.global	USBH_Init
 780              		.syntax unified
 781              		.thumb
 782              		.thumb_func
 784              	USBH_Init:
 785              	.LVL55:
 786              	.LFB219:
  99:Middlewares/ST/STM32_USB_Host_Library/Core/Src/usbh_core.c ****   /* Check whether the USB Host handle is valid */
 787              		.loc 1 99 1 is_stmt 1 view -0
 788              		.cfi_startproc
 789              		@ args = 0, pretend = 0, frame = 0
ARM GAS  /tmp/ccyGUChw.s 			page 40


 790              		@ frame_needed = 0, uses_anonymous_args = 0
 101:Middlewares/ST/STM32_USB_Host_Library/Core/Src/usbh_core.c ****   {
 791              		.loc 1 101 3 view .LVU300
 101:Middlewares/ST/STM32_USB_Host_Library/Core/Src/usbh_core.c ****   {
 792              		.loc 1 101 6 is_stmt 0 view .LVU301
 793 0000 D8B1     		cbz	r0, .L57
  99:Middlewares/ST/STM32_USB_Host_Library/Core/Src/usbh_core.c ****   /* Check whether the USB Host handle is valid */
 794              		.loc 1 99 1 view .LVU302
 795 0002 70B5     		push	{r4, r5, r6, lr}
 796              		.cfi_def_cfa_offset 16
 797              		.cfi_offset 4, -16
 798              		.cfi_offset 5, -12
 799              		.cfi_offset 6, -8
 800              		.cfi_offset 14, -4
 801 0004 0E46     		mov	r6, r1
 802 0006 0446     		mov	r4, r0
 108:Middlewares/ST/STM32_USB_Host_Library/Core/Src/usbh_core.c **** 
 803              		.loc 1 108 3 is_stmt 1 view .LVU303
 108:Middlewares/ST/STM32_USB_Host_Library/Core/Src/usbh_core.c **** 
 804              		.loc 1 108 13 is_stmt 0 view .LVU304
 805 0008 80F8CC23 		strb	r2, [r0, #972]
 111:Middlewares/ST/STM32_USB_Host_Library/Core/Src/usbh_core.c ****   phost->ClassNumber = 0U;
 806              		.loc 1 111 3 is_stmt 1 view .LVU305
 111:Middlewares/ST/STM32_USB_Host_Library/Core/Src/usbh_core.c ****   phost->ClassNumber = 0U;
 807              		.loc 1 111 23 is_stmt 0 view .LVU306
 808 000c 0025     		movs	r5, #0
 809 000e C0F87C53 		str	r5, [r0, #892]
 112:Middlewares/ST/STM32_USB_Host_Library/Core/Src/usbh_core.c **** 
 810              		.loc 1 112 3 is_stmt 1 view .LVU307
 112:Middlewares/ST/STM32_USB_Host_Library/Core/Src/usbh_core.c **** 
 811              		.loc 1 112 22 is_stmt 0 view .LVU308
 812 0012 C0F88053 		str	r5, [r0, #896]
 115:Middlewares/ST/STM32_USB_Host_Library/Core/Src/usbh_core.c **** 
 813              		.loc 1 115 3 is_stmt 1 view .LVU309
 814 0016 FFF7FEFF 		bl	DeInitStateMachine
 815              	.LVL56:
 118:Middlewares/ST/STM32_USB_Host_Library/Core/Src/usbh_core.c ****   phost->device.is_connected = 0U;
 816              		.loc 1 118 3 view .LVU310
 118:Middlewares/ST/STM32_USB_Host_Library/Core/Src/usbh_core.c ****   phost->device.is_connected = 0U;
 817              		.loc 1 118 29 is_stmt 0 view .LVU311
 818 001a 84F82353 		strb	r5, [r4, #803]
 119:Middlewares/ST/STM32_USB_Host_Library/Core/Src/usbh_core.c ****   phost->device.is_disconnected = 0U;
 819              		.loc 1 119 3 is_stmt 1 view .LVU312
 119:Middlewares/ST/STM32_USB_Host_Library/Core/Src/usbh_core.c ****   phost->device.is_disconnected = 0U;
 820              		.loc 1 119 30 is_stmt 0 view .LVU313
 821 001e 84F82053 		strb	r5, [r4, #800]
 120:Middlewares/ST/STM32_USB_Host_Library/Core/Src/usbh_core.c ****   phost->device.is_ReEnumerated = 0U;
 822              		.loc 1 120 3 is_stmt 1 view .LVU314
 120:Middlewares/ST/STM32_USB_Host_Library/Core/Src/usbh_core.c ****   phost->device.is_ReEnumerated = 0U;
 823              		.loc 1 120 33 is_stmt 0 view .LVU315
 824 0022 84F82153 		strb	r5, [r4, #801]
 121:Middlewares/ST/STM32_USB_Host_Library/Core/Src/usbh_core.c **** 
 825              		.loc 1 121 3 is_stmt 1 view .LVU316
 121:Middlewares/ST/STM32_USB_Host_Library/Core/Src/usbh_core.c **** 
 826              		.loc 1 121 33 is_stmt 0 view .LVU317
 827 0026 84F82253 		strb	r5, [r4, #802]
 124:Middlewares/ST/STM32_USB_Host_Library/Core/Src/usbh_core.c ****   {
ARM GAS  /tmp/ccyGUChw.s 			page 41


 828              		.loc 1 124 3 is_stmt 1 view .LVU318
 124:Middlewares/ST/STM32_USB_Host_Library/Core/Src/usbh_core.c ****   {
 829              		.loc 1 124 6 is_stmt 0 view .LVU319
 830 002a 0EB1     		cbz	r6, .L56
 126:Middlewares/ST/STM32_USB_Host_Library/Core/Src/usbh_core.c ****   }
 831              		.loc 1 126 5 is_stmt 1 view .LVU320
 126:Middlewares/ST/STM32_USB_Host_Library/Core/Src/usbh_core.c ****   }
 832              		.loc 1 126 18 is_stmt 0 view .LVU321
 833 002c C4F8D463 		str	r6, [r4, #980]
 834              	.L56:
 166:Middlewares/ST/STM32_USB_Host_Library/Core/Src/usbh_core.c **** 
 835              		.loc 1 166 3 is_stmt 1 view .LVU322
 836 0030 2046     		mov	r0, r4
 837 0032 FFF7FEFF 		bl	USBH_LL_Init
 838              	.LVL57:
 168:Middlewares/ST/STM32_USB_Host_Library/Core/Src/usbh_core.c **** }
 839              		.loc 1 168 3 view .LVU323
 168:Middlewares/ST/STM32_USB_Host_Library/Core/Src/usbh_core.c **** }
 840              		.loc 1 168 10 is_stmt 0 view .LVU324
 841 0036 0020     		movs	r0, #0
 169:Middlewares/ST/STM32_USB_Host_Library/Core/Src/usbh_core.c **** 
 842              		.loc 1 169 1 view .LVU325
 843 0038 70BD     		pop	{r4, r5, r6, pc}
 844              	.LVL58:
 845              	.L57:
 846              		.cfi_def_cfa_offset 0
 847              		.cfi_restore 4
 848              		.cfi_restore 5
 849              		.cfi_restore 6
 850              		.cfi_restore 14
 104:Middlewares/ST/STM32_USB_Host_Library/Core/Src/usbh_core.c ****   }
 851              		.loc 1 104 12 view .LVU326
 852 003a 0220     		movs	r0, #2
 853              	.LVL59:
 169:Middlewares/ST/STM32_USB_Host_Library/Core/Src/usbh_core.c **** 
 854              		.loc 1 169 1 view .LVU327
 855 003c 7047     		bx	lr
 856              		.cfi_endproc
 857              	.LFE219:
 859              		.section	.text.USBH_DeInit,"ax",%progbits
 860              		.align	1
 861              		.global	USBH_DeInit
 862              		.syntax unified
 863              		.thumb
 864              		.thumb_func
 866              	USBH_DeInit:
 867              	.LVL60:
 868              	.LFB220:
 179:Middlewares/ST/STM32_USB_Host_Library/Core/Src/usbh_core.c ****   DeInitStateMachine(phost);
 869              		.loc 1 179 1 is_stmt 1 view -0
 870              		.cfi_startproc
 871              		@ args = 0, pretend = 0, frame = 0
 872              		@ frame_needed = 0, uses_anonymous_args = 0
 179:Middlewares/ST/STM32_USB_Host_Library/Core/Src/usbh_core.c ****   DeInitStateMachine(phost);
 873              		.loc 1 179 1 is_stmt 0 view .LVU329
 874 0000 10B5     		push	{r4, lr}
 875              		.cfi_def_cfa_offset 8
ARM GAS  /tmp/ccyGUChw.s 			page 42


 876              		.cfi_offset 4, -8
 877              		.cfi_offset 14, -4
 878 0002 0446     		mov	r4, r0
 180:Middlewares/ST/STM32_USB_Host_Library/Core/Src/usbh_core.c **** 
 879              		.loc 1 180 3 is_stmt 1 view .LVU330
 880 0004 FFF7FEFF 		bl	DeInitStateMachine
 881              	.LVL61:
 183:Middlewares/ST/STM32_USB_Host_Library/Core/Src/usbh_core.c ****   phost->device.is_connected = 0U;
 882              		.loc 1 183 3 view .LVU331
 183:Middlewares/ST/STM32_USB_Host_Library/Core/Src/usbh_core.c ****   phost->device.is_connected = 0U;
 883              		.loc 1 183 29 is_stmt 0 view .LVU332
 884 0008 0023     		movs	r3, #0
 885 000a 84F82333 		strb	r3, [r4, #803]
 184:Middlewares/ST/STM32_USB_Host_Library/Core/Src/usbh_core.c ****   phost->device.is_disconnected = 0U;
 886              		.loc 1 184 3 is_stmt 1 view .LVU333
 184:Middlewares/ST/STM32_USB_Host_Library/Core/Src/usbh_core.c ****   phost->device.is_disconnected = 0U;
 887              		.loc 1 184 30 is_stmt 0 view .LVU334
 888 000e 84F82033 		strb	r3, [r4, #800]
 185:Middlewares/ST/STM32_USB_Host_Library/Core/Src/usbh_core.c ****   phost->device.is_ReEnumerated = 0U;
 889              		.loc 1 185 3 is_stmt 1 view .LVU335
 185:Middlewares/ST/STM32_USB_Host_Library/Core/Src/usbh_core.c ****   phost->device.is_ReEnumerated = 0U;
 890              		.loc 1 185 33 is_stmt 0 view .LVU336
 891 0012 84F82133 		strb	r3, [r4, #801]
 186:Middlewares/ST/STM32_USB_Host_Library/Core/Src/usbh_core.c ****   phost->device.RstCnt = 0U;
 892              		.loc 1 186 3 is_stmt 1 view .LVU337
 186:Middlewares/ST/STM32_USB_Host_Library/Core/Src/usbh_core.c ****   phost->device.RstCnt = 0U;
 893              		.loc 1 186 33 is_stmt 0 view .LVU338
 894 0016 84F82233 		strb	r3, [r4, #802]
 187:Middlewares/ST/STM32_USB_Host_Library/Core/Src/usbh_core.c ****   phost->device.EnumCnt = 0U;
 895              		.loc 1 187 3 is_stmt 1 view .LVU339
 187:Middlewares/ST/STM32_USB_Host_Library/Core/Src/usbh_core.c ****   phost->device.EnumCnt = 0U;
 896              		.loc 1 187 24 is_stmt 0 view .LVU340
 897 001a 84F81F33 		strb	r3, [r4, #799]
 188:Middlewares/ST/STM32_USB_Host_Library/Core/Src/usbh_core.c **** 
 898              		.loc 1 188 3 is_stmt 1 view .LVU341
 188:Middlewares/ST/STM32_USB_Host_Library/Core/Src/usbh_core.c **** 
 899              		.loc 1 188 25 is_stmt 0 view .LVU342
 900 001e 84F81E33 		strb	r3, [r4, #798]
 190:Middlewares/ST/STM32_USB_Host_Library/Core/Src/usbh_core.c ****   {
 901              		.loc 1 190 3 is_stmt 1 view .LVU343
 190:Middlewares/ST/STM32_USB_Host_Library/Core/Src/usbh_core.c ****   {
 902              		.loc 1 190 12 is_stmt 0 view .LVU344
 903 0022 D4F8D033 		ldr	r3, [r4, #976]
 190:Middlewares/ST/STM32_USB_Host_Library/Core/Src/usbh_core.c ****   {
 904              		.loc 1 190 6 view .LVU345
 905 0026 13B1     		cbz	r3, .L63
 192:Middlewares/ST/STM32_USB_Host_Library/Core/Src/usbh_core.c ****   }
 906              		.loc 1 192 5 is_stmt 1 view .LVU346
 907 0028 2046     		mov	r0, r4
 908 002a FFF7FEFF 		bl	USBH_LL_Stop
 909              	.LVL62:
 910              	.L63:
 195:Middlewares/ST/STM32_USB_Host_Library/Core/Src/usbh_core.c **** }
 911              		.loc 1 195 3 view .LVU347
 196:Middlewares/ST/STM32_USB_Host_Library/Core/Src/usbh_core.c **** 
 912              		.loc 1 196 1 is_stmt 0 view .LVU348
 913 002e 0020     		movs	r0, #0
ARM GAS  /tmp/ccyGUChw.s 			page 43


 914 0030 10BD     		pop	{r4, pc}
 196:Middlewares/ST/STM32_USB_Host_Library/Core/Src/usbh_core.c **** 
 915              		.loc 1 196 1 view .LVU349
 916              		.cfi_endproc
 917              	.LFE220:
 919              		.section	.text.USBH_RegisterClass,"ax",%progbits
 920              		.align	1
 921              		.global	USBH_RegisterClass
 922              		.syntax unified
 923              		.thumb
 924              		.thumb_func
 926              	USBH_RegisterClass:
 927              	.LVL63:
 928              	.LFB222:
 246:Middlewares/ST/STM32_USB_Host_Library/Core/Src/usbh_core.c ****   USBH_StatusTypeDef status = USBH_OK;
 929              		.loc 1 246 1 is_stmt 1 view -0
 930              		.cfi_startproc
 931              		@ args = 0, pretend = 0, frame = 0
 932              		@ frame_needed = 0, uses_anonymous_args = 0
 933              		@ link register save eliminated.
 247:Middlewares/ST/STM32_USB_Host_Library/Core/Src/usbh_core.c **** 
 934              		.loc 1 247 3 view .LVU351
 249:Middlewares/ST/STM32_USB_Host_Library/Core/Src/usbh_core.c ****   {
 935              		.loc 1 249 3 view .LVU352
 249:Middlewares/ST/STM32_USB_Host_Library/Core/Src/usbh_core.c ****   {
 936              		.loc 1 249 6 is_stmt 0 view .LVU353
 937 0000 0A46     		mov	r2, r1
 938 0002 51B1     		cbz	r1, .L67
 251:Middlewares/ST/STM32_USB_Host_Library/Core/Src/usbh_core.c ****     {
 939              		.loc 1 251 5 is_stmt 1 view .LVU354
 251:Middlewares/ST/STM32_USB_Host_Library/Core/Src/usbh_core.c ****     {
 940              		.loc 1 251 14 is_stmt 0 view .LVU355
 941 0004 D0F88033 		ldr	r3, [r0, #896]
 251:Middlewares/ST/STM32_USB_Host_Library/Core/Src/usbh_core.c ****     {
 942              		.loc 1 251 8 view .LVU356
 943 0008 4BB9     		cbnz	r3, .L68
 254:Middlewares/ST/STM32_USB_Host_Library/Core/Src/usbh_core.c ****       status = USBH_OK;
 944              		.loc 1 254 7 is_stmt 1 view .LVU357
 254:Middlewares/ST/STM32_USB_Host_Library/Core/Src/usbh_core.c ****       status = USBH_OK;
 945              		.loc 1 254 39 is_stmt 0 view .LVU358
 946 000a 591C     		adds	r1, r3, #1
 947              	.LVL64:
 254:Middlewares/ST/STM32_USB_Host_Library/Core/Src/usbh_core.c ****       status = USBH_OK;
 948              		.loc 1 254 39 view .LVU359
 949 000c C0F88013 		str	r1, [r0, #896]
 254:Middlewares/ST/STM32_USB_Host_Library/Core/Src/usbh_core.c ****       status = USBH_OK;
 950              		.loc 1 254 43 view .LVU360
 951 0010 DE33     		adds	r3, r3, #222
 952 0012 40F82320 		str	r2, [r0, r3, lsl #2]
 255:Middlewares/ST/STM32_USB_Host_Library/Core/Src/usbh_core.c ****     }
 953              		.loc 1 255 7 is_stmt 1 view .LVU361
 255:Middlewares/ST/STM32_USB_Host_Library/Core/Src/usbh_core.c ****     }
 954              		.loc 1 255 14 is_stmt 0 view .LVU362
 955 0016 0020     		movs	r0, #0
 956              	.LVL65:
 255:Middlewares/ST/STM32_USB_Host_Library/Core/Src/usbh_core.c ****     }
 957              		.loc 1 255 14 view .LVU363
ARM GAS  /tmp/ccyGUChw.s 			page 44


 958 0018 7047     		bx	lr
 959              	.LVL66:
 960              	.L67:
 266:Middlewares/ST/STM32_USB_Host_Library/Core/Src/usbh_core.c ****   }
 961              		.loc 1 266 12 view .LVU364
 962 001a 0220     		movs	r0, #2
 963              	.LVL67:
 266:Middlewares/ST/STM32_USB_Host_Library/Core/Src/usbh_core.c ****   }
 964              		.loc 1 266 12 view .LVU365
 965 001c 7047     		bx	lr
 966              	.LVL68:
 967              	.L68:
 260:Middlewares/ST/STM32_USB_Host_Library/Core/Src/usbh_core.c ****     }
 968              		.loc 1 260 14 view .LVU366
 969 001e 0220     		movs	r0, #2
 970              	.LVL69:
 269:Middlewares/ST/STM32_USB_Host_Library/Core/Src/usbh_core.c **** }
 971              		.loc 1 269 3 is_stmt 1 view .LVU367
 270:Middlewares/ST/STM32_USB_Host_Library/Core/Src/usbh_core.c **** 
 972              		.loc 1 270 1 is_stmt 0 view .LVU368
 973 0020 7047     		bx	lr
 974              		.cfi_endproc
 975              	.LFE222:
 977              		.section	.text.USBH_SelectInterface,"ax",%progbits
 978              		.align	1
 979              		.global	USBH_SelectInterface
 980              		.syntax unified
 981              		.thumb
 982              		.thumb_func
 984              	USBH_SelectInterface:
 985              	.LVL70:
 986              	.LFB223:
 281:Middlewares/ST/STM32_USB_Host_Library/Core/Src/usbh_core.c ****   USBH_StatusTypeDef status = USBH_OK;
 987              		.loc 1 281 1 is_stmt 1 view -0
 988              		.cfi_startproc
 989              		@ args = 0, pretend = 0, frame = 0
 990              		@ frame_needed = 0, uses_anonymous_args = 0
 991              		@ link register save eliminated.
 282:Middlewares/ST/STM32_USB_Host_Library/Core/Src/usbh_core.c **** 
 992              		.loc 1 282 3 view .LVU370
 284:Middlewares/ST/STM32_USB_Host_Library/Core/Src/usbh_core.c ****   {
 993              		.loc 1 284 3 view .LVU371
 284:Middlewares/ST/STM32_USB_Host_Library/Core/Src/usbh_core.c ****   {
 994              		.loc 1 284 40 is_stmt 0 view .LVU372
 995 0000 90F83C33 		ldrb	r3, [r0, #828]	@ zero_extendqisi2
 284:Middlewares/ST/STM32_USB_Host_Library/Core/Src/usbh_core.c ****   {
 996              		.loc 1 284 6 view .LVU373
 997 0004 8B42     		cmp	r3, r1
 998 0006 03D9     		bls	.L71
 286:Middlewares/ST/STM32_USB_Host_Library/Core/Src/usbh_core.c ****     USBH_UsrLog("Switching to Interface (#%d)", interface);
 999              		.loc 1 286 5 is_stmt 1 view .LVU374
 286:Middlewares/ST/STM32_USB_Host_Library/Core/Src/usbh_core.c ****     USBH_UsrLog("Switching to Interface (#%d)", interface);
 1000              		.loc 1 286 37 is_stmt 0 view .LVU375
 1001 0008 80F82413 		strb	r1, [r0, #804]
 287:Middlewares/ST/STM32_USB_Host_Library/Core/Src/usbh_core.c ****     USBH_UsrLog("Class    : %xh", phost->device.CfgDesc.Itf_Desc[interface].bInterfaceClass);
 1002              		.loc 1 287 5 is_stmt 1 view .LVU376
 287:Middlewares/ST/STM32_USB_Host_Library/Core/Src/usbh_core.c ****     USBH_UsrLog("Class    : %xh", phost->device.CfgDesc.Itf_Desc[interface].bInterfaceClass);
ARM GAS  /tmp/ccyGUChw.s 			page 45


 1003              		.loc 1 287 5 view .LVU377
 287:Middlewares/ST/STM32_USB_Host_Library/Core/Src/usbh_core.c ****     USBH_UsrLog("Class    : %xh", phost->device.CfgDesc.Itf_Desc[interface].bInterfaceClass);
 1004              		.loc 1 287 5 view .LVU378
 288:Middlewares/ST/STM32_USB_Host_Library/Core/Src/usbh_core.c ****     USBH_UsrLog("SubClass : %xh", phost->device.CfgDesc.Itf_Desc[interface].bInterfaceSubClass);
 1005              		.loc 1 288 5 view .LVU379
 288:Middlewares/ST/STM32_USB_Host_Library/Core/Src/usbh_core.c ****     USBH_UsrLog("SubClass : %xh", phost->device.CfgDesc.Itf_Desc[interface].bInterfaceSubClass);
 1006              		.loc 1 288 5 view .LVU380
 288:Middlewares/ST/STM32_USB_Host_Library/Core/Src/usbh_core.c ****     USBH_UsrLog("SubClass : %xh", phost->device.CfgDesc.Itf_Desc[interface].bInterfaceSubClass);
 1007              		.loc 1 288 5 view .LVU381
 289:Middlewares/ST/STM32_USB_Host_Library/Core/Src/usbh_core.c ****     USBH_UsrLog("Protocol : %xh", phost->device.CfgDesc.Itf_Desc[interface].bInterfaceProtocol);
 1008              		.loc 1 289 5 view .LVU382
 289:Middlewares/ST/STM32_USB_Host_Library/Core/Src/usbh_core.c ****     USBH_UsrLog("Protocol : %xh", phost->device.CfgDesc.Itf_Desc[interface].bInterfaceProtocol);
 1009              		.loc 1 289 5 view .LVU383
 289:Middlewares/ST/STM32_USB_Host_Library/Core/Src/usbh_core.c ****     USBH_UsrLog("Protocol : %xh", phost->device.CfgDesc.Itf_Desc[interface].bInterfaceProtocol);
 1010              		.loc 1 289 5 view .LVU384
 290:Middlewares/ST/STM32_USB_Host_Library/Core/Src/usbh_core.c ****   }
 1011              		.loc 1 290 5 view .LVU385
 290:Middlewares/ST/STM32_USB_Host_Library/Core/Src/usbh_core.c ****   }
 1012              		.loc 1 290 5 view .LVU386
 290:Middlewares/ST/STM32_USB_Host_Library/Core/Src/usbh_core.c ****   }
 1013              		.loc 1 290 5 view .LVU387
 282:Middlewares/ST/STM32_USB_Host_Library/Core/Src/usbh_core.c **** 
 1014              		.loc 1 282 22 is_stmt 0 view .LVU388
 1015 000c 0020     		movs	r0, #0
 1016              	.LVL71:
 282:Middlewares/ST/STM32_USB_Host_Library/Core/Src/usbh_core.c **** 
 1017              		.loc 1 282 22 view .LVU389
 1018 000e 7047     		bx	lr
 1019              	.LVL72:
 1020              	.L71:
 295:Middlewares/ST/STM32_USB_Host_Library/Core/Src/usbh_core.c ****   }
 1021              		.loc 1 295 12 view .LVU390
 1022 0010 0220     		movs	r0, #2
 1023              	.LVL73:
 298:Middlewares/ST/STM32_USB_Host_Library/Core/Src/usbh_core.c **** }
 1024              		.loc 1 298 3 is_stmt 1 view .LVU391
 299:Middlewares/ST/STM32_USB_Host_Library/Core/Src/usbh_core.c **** 
 1025              		.loc 1 299 1 is_stmt 0 view .LVU392
 1026 0012 7047     		bx	lr
 1027              		.cfi_endproc
 1028              	.LFE223:
 1030              		.section	.text.USBH_GetActiveClass,"ax",%progbits
 1031              		.align	1
 1032              		.global	USBH_GetActiveClass
 1033              		.syntax unified
 1034              		.thumb
 1035              		.thumb_func
 1037              	USBH_GetActiveClass:
 1038              	.LVL74:
 1039              	.LFB224:
 310:Middlewares/ST/STM32_USB_Host_Library/Core/Src/usbh_core.c ****   return (phost->device.CfgDesc.Itf_Desc[0].bInterfaceClass);
 1040              		.loc 1 310 1 is_stmt 1 view -0
 1041              		.cfi_startproc
 1042              		@ args = 0, pretend = 0, frame = 0
 1043              		@ frame_needed = 0, uses_anonymous_args = 0
 1044              		@ link register save eliminated.
 311:Middlewares/ST/STM32_USB_Host_Library/Core/Src/usbh_core.c **** }
ARM GAS  /tmp/ccyGUChw.s 			page 46


 1045              		.loc 1 311 3 view .LVU394
 312:Middlewares/ST/STM32_USB_Host_Library/Core/Src/usbh_core.c **** 
 1046              		.loc 1 312 1 is_stmt 0 view .LVU395
 1047 0000 90F84703 		ldrb	r0, [r0, #839]	@ zero_extendqisi2
 1048              	.LVL75:
 312:Middlewares/ST/STM32_USB_Host_Library/Core/Src/usbh_core.c **** 
 1049              		.loc 1 312 1 view .LVU396
 1050 0004 7047     		bx	lr
 1051              		.cfi_endproc
 1052              	.LFE224:
 1054              		.section	.text.USBH_FindInterface,"ax",%progbits
 1055              		.align	1
 1056              		.global	USBH_FindInterface
 1057              		.syntax unified
 1058              		.thumb
 1059              		.thumb_func
 1061              	USBH_FindInterface:
 1062              	.LVL76:
 1063              	.LFB225:
 326:Middlewares/ST/STM32_USB_Host_Library/Core/Src/usbh_core.c ****   USBH_InterfaceDescTypeDef *pif;
 1064              		.loc 1 326 1 is_stmt 1 view -0
 1065              		.cfi_startproc
 1066              		@ args = 0, pretend = 0, frame = 0
 1067              		@ frame_needed = 0, uses_anonymous_args = 0
 326:Middlewares/ST/STM32_USB_Host_Library/Core/Src/usbh_core.c ****   USBH_InterfaceDescTypeDef *pif;
 1068              		.loc 1 326 1 is_stmt 0 view .LVU398
 1069 0000 10B5     		push	{r4, lr}
 1070              		.cfi_def_cfa_offset 8
 1071              		.cfi_offset 4, -8
 1072              		.cfi_offset 14, -4
 1073 0002 0446     		mov	r4, r0
 327:Middlewares/ST/STM32_USB_Host_Library/Core/Src/usbh_core.c ****   USBH_CfgDescTypeDef *pcfg;
 1074              		.loc 1 327 3 is_stmt 1 view .LVU399
 328:Middlewares/ST/STM32_USB_Host_Library/Core/Src/usbh_core.c ****   uint8_t if_ix = 0U;
 1075              		.loc 1 328 3 view .LVU400
 329:Middlewares/ST/STM32_USB_Host_Library/Core/Src/usbh_core.c **** 
 1076              		.loc 1 329 3 view .LVU401
 1077              	.LVL77:
 331:Middlewares/ST/STM32_USB_Host_Library/Core/Src/usbh_core.c ****   pcfg = &phost->device.CfgDesc;
 1078              		.loc 1 331 3 view .LVU402
 332:Middlewares/ST/STM32_USB_Host_Library/Core/Src/usbh_core.c **** 
 1079              		.loc 1 332 3 view .LVU403
 334:Middlewares/ST/STM32_USB_Host_Library/Core/Src/usbh_core.c ****   {
 1080              		.loc 1 334 3 view .LVU404
 329:Middlewares/ST/STM32_USB_Host_Library/Core/Src/usbh_core.c **** 
 1081              		.loc 1 329 11 is_stmt 0 view .LVU405
 1082 0004 0020     		movs	r0, #0
 1083              	.LVL78:
 334:Middlewares/ST/STM32_USB_Host_Library/Core/Src/usbh_core.c ****   {
 1084              		.loc 1 334 9 view .LVU406
 1085 0006 0BE0     		b	.L74
 1086              	.LVL79:
 1087              	.L77:
 339:Middlewares/ST/STM32_USB_Host_Library/Core/Src/usbh_core.c ****     {
 1088              		.loc 1 339 14 view .LVU407
 1089 0008 4FF01A0C 		mov	ip, #26
 1090 000c 0CFB0E4E 		mla	lr, ip, lr, r4
ARM GAS  /tmp/ccyGUChw.s 			page 47


 1091 0010 9EF849C3 		ldrb	ip, [lr, #841]	@ zero_extendqisi2
 338:Middlewares/ST/STM32_USB_Host_Library/Core/Src/usbh_core.c ****         ((pif->bInterfaceProtocol == Protocol) || (Protocol == 0xFFU)))
 1092              		.loc 1 338 72 discriminator 1 view .LVU408
 1093 0014 9C45     		cmp	ip, r3
 1094 0016 1CD0     		beq	.L78
 339:Middlewares/ST/STM32_USB_Host_Library/Core/Src/usbh_core.c ****     {
 1095              		.loc 1 339 48 view .LVU409
 1096 0018 FF2B     		cmp	r3, #255
 1097 001a 1AD0     		beq	.L78
 1098              	.L76:
 343:Middlewares/ST/STM32_USB_Host_Library/Core/Src/usbh_core.c ****   }
 1099              		.loc 1 343 5 is_stmt 1 view .LVU410
 343:Middlewares/ST/STM32_USB_Host_Library/Core/Src/usbh_core.c ****   }
 1100              		.loc 1 343 10 is_stmt 0 view .LVU411
 1101 001c 0130     		adds	r0, r0, #1
 1102              	.LVL80:
 343:Middlewares/ST/STM32_USB_Host_Library/Core/Src/usbh_core.c ****   }
 1103              		.loc 1 343 10 view .LVU412
 1104 001e C0B2     		uxtb	r0, r0
 1105              	.LVL81:
 1106              	.L74:
 334:Middlewares/ST/STM32_USB_Host_Library/Core/Src/usbh_core.c ****   {
 1107              		.loc 1 334 16 is_stmt 1 view .LVU413
 1108 0020 0128     		cmp	r0, #1
 1109 0022 15D8     		bhi	.L81
 336:Middlewares/ST/STM32_USB_Host_Library/Core/Src/usbh_core.c ****     if (((pif->bInterfaceClass == Class) || (Class == 0xFFU)) &&
 1110              		.loc 1 336 5 view .LVU414
 336:Middlewares/ST/STM32_USB_Host_Library/Core/Src/usbh_core.c ****     if (((pif->bInterfaceClass == Class) || (Class == 0xFFU)) &&
 1111              		.loc 1 336 26 is_stmt 0 view .LVU415
 1112 0024 8646     		mov	lr, r0
 1113              	.LVL82:
 337:Middlewares/ST/STM32_USB_Host_Library/Core/Src/usbh_core.c ****         ((pif->bInterfaceSubClass == SubClass) || (SubClass == 0xFFU)) &&
 1114              		.loc 1 337 5 is_stmt 1 view .LVU416
 337:Middlewares/ST/STM32_USB_Host_Library/Core/Src/usbh_core.c ****         ((pif->bInterfaceSubClass == SubClass) || (SubClass == 0xFFU)) &&
 1115              		.loc 1 337 14 is_stmt 0 view .LVU417
 1116 0026 4FF01A0C 		mov	ip, #26
 1117 002a 0CFB004C 		mla	ip, ip, r0, r4
 1118 002e 9CF847C3 		ldrb	ip, [ip, #839]	@ zero_extendqisi2
 337:Middlewares/ST/STM32_USB_Host_Library/Core/Src/usbh_core.c ****         ((pif->bInterfaceSubClass == SubClass) || (SubClass == 0xFFU)) &&
 1119              		.loc 1 337 8 view .LVU418
 1120 0032 8C45     		cmp	ip, r1
 1121 0034 01D0     		beq	.L75
 337:Middlewares/ST/STM32_USB_Host_Library/Core/Src/usbh_core.c ****         ((pif->bInterfaceSubClass == SubClass) || (SubClass == 0xFFU)) &&
 1122              		.loc 1 337 42 discriminator 2 view .LVU419
 1123 0036 FF29     		cmp	r1, #255
 1124 0038 F0D1     		bne	.L76
 1125              	.L75:
 338:Middlewares/ST/STM32_USB_Host_Library/Core/Src/usbh_core.c ****         ((pif->bInterfaceProtocol == Protocol) || (Protocol == 0xFFU)))
 1126              		.loc 1 338 14 view .LVU420
 1127 003a 4FF01A0C 		mov	ip, #26
 1128 003e 0CFB0E4C 		mla	ip, ip, lr, r4
 1129 0042 9CF848C3 		ldrb	ip, [ip, #840]	@ zero_extendqisi2
 337:Middlewares/ST/STM32_USB_Host_Library/Core/Src/usbh_core.c ****         ((pif->bInterfaceSubClass == SubClass) || (SubClass == 0xFFU)) &&
 1130              		.loc 1 337 63 discriminator 3 view .LVU421
 1131 0046 9445     		cmp	ip, r2
 1132 0048 DED0     		beq	.L77
 338:Middlewares/ST/STM32_USB_Host_Library/Core/Src/usbh_core.c ****         ((pif->bInterfaceProtocol == Protocol) || (Protocol == 0xFFU)))
ARM GAS  /tmp/ccyGUChw.s 			page 48


 1133              		.loc 1 338 48 view .LVU422
 1134 004a FF2A     		cmp	r2, #255
 1135 004c E6D1     		bne	.L76
 1136 004e DBE7     		b	.L77
 1137              	.LVL83:
 1138              	.L81:
 345:Middlewares/ST/STM32_USB_Host_Library/Core/Src/usbh_core.c **** }
 1139              		.loc 1 345 10 view .LVU423
 1140 0050 FF20     		movs	r0, #255
 1141              	.LVL84:
 1142              	.L78:
 346:Middlewares/ST/STM32_USB_Host_Library/Core/Src/usbh_core.c **** 
 1143              		.loc 1 346 1 view .LVU424
 1144 0052 10BD     		pop	{r4, pc}
 346:Middlewares/ST/STM32_USB_Host_Library/Core/Src/usbh_core.c **** 
 1145              		.loc 1 346 1 view .LVU425
 1146              		.cfi_endproc
 1147              	.LFE225:
 1149              		.section	.text.USBH_FindInterfaceIndex,"ax",%progbits
 1150              		.align	1
 1151              		.global	USBH_FindInterfaceIndex
 1152              		.syntax unified
 1153              		.thumb
 1154              		.thumb_func
 1156              	USBH_FindInterfaceIndex:
 1157              	.LVL85:
 1158              	.LFB226:
 359:Middlewares/ST/STM32_USB_Host_Library/Core/Src/usbh_core.c ****   USBH_InterfaceDescTypeDef *pif;
 1159              		.loc 1 359 1 is_stmt 1 view -0
 1160              		.cfi_startproc
 1161              		@ args = 0, pretend = 0, frame = 0
 1162              		@ frame_needed = 0, uses_anonymous_args = 0
 1163              		@ link register save eliminated.
 359:Middlewares/ST/STM32_USB_Host_Library/Core/Src/usbh_core.c ****   USBH_InterfaceDescTypeDef *pif;
 1164              		.loc 1 359 1 is_stmt 0 view .LVU427
 1165 0000 8446     		mov	ip, r0
 360:Middlewares/ST/STM32_USB_Host_Library/Core/Src/usbh_core.c ****   USBH_CfgDescTypeDef *pcfg;
 1166              		.loc 1 360 3 is_stmt 1 view .LVU428
 361:Middlewares/ST/STM32_USB_Host_Library/Core/Src/usbh_core.c ****   uint8_t if_ix = 0U;
 1167              		.loc 1 361 3 view .LVU429
 362:Middlewares/ST/STM32_USB_Host_Library/Core/Src/usbh_core.c **** 
 1168              		.loc 1 362 3 view .LVU430
 1169              	.LVL86:
 364:Middlewares/ST/STM32_USB_Host_Library/Core/Src/usbh_core.c ****   pcfg = &phost->device.CfgDesc;
 1170              		.loc 1 364 3 view .LVU431
 365:Middlewares/ST/STM32_USB_Host_Library/Core/Src/usbh_core.c **** 
 1171              		.loc 1 365 3 view .LVU432
 367:Middlewares/ST/STM32_USB_Host_Library/Core/Src/usbh_core.c ****   {
 1172              		.loc 1 367 3 view .LVU433
 362:Middlewares/ST/STM32_USB_Host_Library/Core/Src/usbh_core.c **** 
 1173              		.loc 1 362 11 is_stmt 0 view .LVU434
 1174 0002 0020     		movs	r0, #0
 1175              	.LVL87:
 367:Middlewares/ST/STM32_USB_Host_Library/Core/Src/usbh_core.c ****   {
 1176              		.loc 1 367 9 view .LVU435
 1177 0004 01E0     		b	.L83
 1178              	.LVL88:
ARM GAS  /tmp/ccyGUChw.s 			page 49


 1179              	.L84:
 374:Middlewares/ST/STM32_USB_Host_Library/Core/Src/usbh_core.c ****   }
 1180              		.loc 1 374 5 is_stmt 1 view .LVU436
 374:Middlewares/ST/STM32_USB_Host_Library/Core/Src/usbh_core.c ****   }
 1181              		.loc 1 374 10 is_stmt 0 view .LVU437
 1182 0006 0130     		adds	r0, r0, #1
 1183              	.LVL89:
 374:Middlewares/ST/STM32_USB_Host_Library/Core/Src/usbh_core.c ****   }
 1184              		.loc 1 374 10 view .LVU438
 1185 0008 C0B2     		uxtb	r0, r0
 1186              	.LVL90:
 1187              	.L83:
 367:Middlewares/ST/STM32_USB_Host_Library/Core/Src/usbh_core.c ****   {
 1188              		.loc 1 367 16 is_stmt 1 view .LVU439
 1189 000a 0128     		cmp	r0, #1
 1190 000c 0ED8     		bhi	.L87
 369:Middlewares/ST/STM32_USB_Host_Library/Core/Src/usbh_core.c ****     if ((pif->bInterfaceNumber == interface_number) && (pif->bAlternateSetting == alt_settings))
 1191              		.loc 1 369 5 view .LVU440
 1192              	.LVL91:
 370:Middlewares/ST/STM32_USB_Host_Library/Core/Src/usbh_core.c ****     {
 1193              		.loc 1 370 5 view .LVU441
 370:Middlewares/ST/STM32_USB_Host_Library/Core/Src/usbh_core.c ****     {
 1194              		.loc 1 370 13 is_stmt 0 view .LVU442
 1195 000e 1A23     		movs	r3, #26
 1196 0010 03FB00C3 		mla	r3, r3, r0, ip
 1197 0014 93F84433 		ldrb	r3, [r3, #836]	@ zero_extendqisi2
 370:Middlewares/ST/STM32_USB_Host_Library/Core/Src/usbh_core.c ****     {
 1198              		.loc 1 370 8 view .LVU443
 1199 0018 8B42     		cmp	r3, r1
 1200 001a F4D1     		bne	.L84
 370:Middlewares/ST/STM32_USB_Host_Library/Core/Src/usbh_core.c ****     {
 1201              		.loc 1 370 60 discriminator 1 view .LVU444
 1202 001c 1A23     		movs	r3, #26
 1203 001e 03FB00C3 		mla	r3, r3, r0, ip
 1204 0022 93F84533 		ldrb	r3, [r3, #837]	@ zero_extendqisi2
 370:Middlewares/ST/STM32_USB_Host_Library/Core/Src/usbh_core.c ****     {
 1205              		.loc 1 370 53 discriminator 1 view .LVU445
 1206 0026 9342     		cmp	r3, r2
 1207 0028 EDD1     		bne	.L84
 1208 002a 00E0     		b	.L85
 1209              	.LVL92:
 1210              	.L87:
 376:Middlewares/ST/STM32_USB_Host_Library/Core/Src/usbh_core.c **** }
 1211              		.loc 1 376 10 view .LVU446
 1212 002c FF20     		movs	r0, #255
 1213              	.LVL93:
 1214              	.L85:
 377:Middlewares/ST/STM32_USB_Host_Library/Core/Src/usbh_core.c **** 
 1215              		.loc 1 377 1 view .LVU447
 1216 002e 7047     		bx	lr
 1217              		.cfi_endproc
 1218              	.LFE226:
 1220              		.section	.text.USBH_Start,"ax",%progbits
 1221              		.align	1
 1222              		.global	USBH_Start
 1223              		.syntax unified
 1224              		.thumb
ARM GAS  /tmp/ccyGUChw.s 			page 50


 1225              		.thumb_func
 1227              	USBH_Start:
 1228              	.LVL94:
 1229              	.LFB227:
 387:Middlewares/ST/STM32_USB_Host_Library/Core/Src/usbh_core.c ****   /* Start the low level driver  */
 1230              		.loc 1 387 1 is_stmt 1 view -0
 1231              		.cfi_startproc
 1232              		@ args = 0, pretend = 0, frame = 0
 1233              		@ frame_needed = 0, uses_anonymous_args = 0
 387:Middlewares/ST/STM32_USB_Host_Library/Core/Src/usbh_core.c ****   /* Start the low level driver  */
 1234              		.loc 1 387 1 is_stmt 0 view .LVU449
 1235 0000 10B5     		push	{r4, lr}
 1236              		.cfi_def_cfa_offset 8
 1237              		.cfi_offset 4, -8
 1238              		.cfi_offset 14, -4
 1239 0002 0446     		mov	r4, r0
 389:Middlewares/ST/STM32_USB_Host_Library/Core/Src/usbh_core.c **** 
 1240              		.loc 1 389 3 is_stmt 1 view .LVU450
 1241 0004 FFF7FEFF 		bl	USBH_LL_Start
 1242              	.LVL95:
 392:Middlewares/ST/STM32_USB_Host_Library/Core/Src/usbh_core.c **** 
 1243              		.loc 1 392 3 view .LVU451
 1244 0008 0121     		movs	r1, #1
 1245 000a 2046     		mov	r0, r4
 1246 000c FFF7FEFF 		bl	USBH_LL_DriverVBUS
 1247              	.LVL96:
 394:Middlewares/ST/STM32_USB_Host_Library/Core/Src/usbh_core.c **** }
 1248              		.loc 1 394 3 view .LVU452
 395:Middlewares/ST/STM32_USB_Host_Library/Core/Src/usbh_core.c **** 
 1249              		.loc 1 395 1 is_stmt 0 view .LVU453
 1250 0010 0020     		movs	r0, #0
 1251 0012 10BD     		pop	{r4, pc}
 395:Middlewares/ST/STM32_USB_Host_Library/Core/Src/usbh_core.c **** 
 1252              		.loc 1 395 1 view .LVU454
 1253              		.cfi_endproc
 1254              	.LFE227:
 1256              		.section	.text.USBH_Stop,"ax",%progbits
 1257              		.align	1
 1258              		.global	USBH_Stop
 1259              		.syntax unified
 1260              		.thumb
 1261              		.thumb_func
 1263              	USBH_Stop:
 1264              	.LVL97:
 1265              	.LFB228:
 405:Middlewares/ST/STM32_USB_Host_Library/Core/Src/usbh_core.c ****   /* DeActivate VBUS on the port */
 1266              		.loc 1 405 1 is_stmt 1 view -0
 1267              		.cfi_startproc
 1268              		@ args = 0, pretend = 0, frame = 0
 1269              		@ frame_needed = 0, uses_anonymous_args = 0
 405:Middlewares/ST/STM32_USB_Host_Library/Core/Src/usbh_core.c ****   /* DeActivate VBUS on the port */
 1270              		.loc 1 405 1 is_stmt 0 view .LVU456
 1271 0000 10B5     		push	{r4, lr}
 1272              		.cfi_def_cfa_offset 8
 1273              		.cfi_offset 4, -8
 1274              		.cfi_offset 14, -4
 1275 0002 0446     		mov	r4, r0
ARM GAS  /tmp/ccyGUChw.s 			page 51


 407:Middlewares/ST/STM32_USB_Host_Library/Core/Src/usbh_core.c **** 
 1276              		.loc 1 407 3 is_stmt 1 view .LVU457
 1277 0004 0021     		movs	r1, #0
 1278 0006 FFF7FEFF 		bl	USBH_LL_DriverVBUS
 1279              	.LVL98:
 410:Middlewares/ST/STM32_USB_Host_Library/Core/Src/usbh_core.c **** 
 1280              		.loc 1 410 3 view .LVU458
 1281 000a 2046     		mov	r0, r4
 1282 000c FFF7FEFF 		bl	USBH_LL_Stop
 1283              	.LVL99:
 413:Middlewares/ST/STM32_USB_Host_Library/Core/Src/usbh_core.c ****   USBH_FreePipe(phost, phost->Control.pipe_out);
 1284              		.loc 1 413 3 view .LVU459
 1285 0010 2179     		ldrb	r1, [r4, #4]	@ zero_extendqisi2
 1286 0012 2046     		mov	r0, r4
 1287 0014 FFF7FEFF 		bl	USBH_FreePipe
 1288              	.LVL100:
 414:Middlewares/ST/STM32_USB_Host_Library/Core/Src/usbh_core.c **** 
 1289              		.loc 1 414 3 view .LVU460
 1290 0018 6179     		ldrb	r1, [r4, #5]	@ zero_extendqisi2
 1291 001a 2046     		mov	r0, r4
 1292 001c FFF7FEFF 		bl	USBH_FreePipe
 1293              	.LVL101:
 416:Middlewares/ST/STM32_USB_Host_Library/Core/Src/usbh_core.c **** }
 1294              		.loc 1 416 3 view .LVU461
 417:Middlewares/ST/STM32_USB_Host_Library/Core/Src/usbh_core.c **** 
 1295              		.loc 1 417 1 is_stmt 0 view .LVU462
 1296 0020 0020     		movs	r0, #0
 1297 0022 10BD     		pop	{r4, pc}
 417:Middlewares/ST/STM32_USB_Host_Library/Core/Src/usbh_core.c **** 
 1298              		.loc 1 417 1 view .LVU463
 1299              		.cfi_endproc
 1300              	.LFE228:
 1302              		.section	.text.USBH_Process,"ax",%progbits
 1303              		.align	1
 1304              		.global	USBH_Process
 1305              		.syntax unified
 1306              		.thumb
 1307              		.thumb_func
 1309              	USBH_Process:
 1310              	.LVL102:
 1311              	.LFB230:
 458:Middlewares/ST/STM32_USB_Host_Library/Core/Src/usbh_core.c ****   __IO USBH_StatusTypeDef status = USBH_FAIL;
 1312              		.loc 1 458 1 is_stmt 1 view -0
 1313              		.cfi_startproc
 1314              		@ args = 0, pretend = 0, frame = 8
 1315              		@ frame_needed = 0, uses_anonymous_args = 0
 458:Middlewares/ST/STM32_USB_Host_Library/Core/Src/usbh_core.c ****   __IO USBH_StatusTypeDef status = USBH_FAIL;
 1316              		.loc 1 458 1 is_stmt 0 view .LVU465
 1317 0000 30B5     		push	{r4, r5, lr}
 1318              		.cfi_def_cfa_offset 12
 1319              		.cfi_offset 4, -12
 1320              		.cfi_offset 5, -8
 1321              		.cfi_offset 14, -4
 1322 0002 87B0     		sub	sp, sp, #28
 1323              		.cfi_def_cfa_offset 40
 1324 0004 0446     		mov	r4, r0
 459:Middlewares/ST/STM32_USB_Host_Library/Core/Src/usbh_core.c ****   uint8_t idx = 0U;
ARM GAS  /tmp/ccyGUChw.s 			page 52


 1325              		.loc 1 459 3 is_stmt 1 view .LVU466
 459:Middlewares/ST/STM32_USB_Host_Library/Core/Src/usbh_core.c ****   uint8_t idx = 0U;
 1326              		.loc 1 459 27 is_stmt 0 view .LVU467
 1327 0006 0223     		movs	r3, #2
 1328 0008 8DF81730 		strb	r3, [sp, #23]
 460:Middlewares/ST/STM32_USB_Host_Library/Core/Src/usbh_core.c **** 
 1329              		.loc 1 460 3 is_stmt 1 view .LVU468
 1330              	.LVL103:
 463:Middlewares/ST/STM32_USB_Host_Library/Core/Src/usbh_core.c ****   {
 1331              		.loc 1 463 3 view .LVU469
 463:Middlewares/ST/STM32_USB_Host_Library/Core/Src/usbh_core.c ****   {
 1332              		.loc 1 463 20 is_stmt 0 view .LVU470
 1333 000c 90F82133 		ldrb	r3, [r0, #801]	@ zero_extendqisi2
 1334 0010 DBB2     		uxtb	r3, r3
 463:Middlewares/ST/STM32_USB_Host_Library/Core/Src/usbh_core.c ****   {
 1335              		.loc 1 463 6 view .LVU471
 1336 0012 012B     		cmp	r3, #1
 1337 0014 11D0     		beq	.L126
 1338              	.L93:
 468:Middlewares/ST/STM32_USB_Host_Library/Core/Src/usbh_core.c ****   {
 1339              		.loc 1 468 3 is_stmt 1 view .LVU472
 468:Middlewares/ST/STM32_USB_Host_Library/Core/Src/usbh_core.c ****   {
 1340              		.loc 1 468 16 is_stmt 0 view .LVU473
 1341 0016 2378     		ldrb	r3, [r4]	@ zero_extendqisi2
 1342 0018 DBB2     		uxtb	r3, r3
 468:Middlewares/ST/STM32_USB_Host_Library/Core/Src/usbh_core.c ****   {
 1343              		.loc 1 468 3 view .LVU474
 1344 001a 0B2B     		cmp	r3, #11
 1345 001c 7BD8     		bhi	.L94
 1346 001e DFE813F0 		tbh	[pc, r3, lsl #1]
 1347              	.L96:
 1348 0022 0F00     		.2byte	(.L106-.L96)/2
 1349 0024 2100     		.2byte	(.L105-.L96)/2
 1350 0026 4500     		.2byte	(.L104-.L96)/2
 1351 0028 0501     		.2byte	(.L103-.L96)/2
 1352 002a 7A00     		.2byte	(.L94-.L96)/2
 1353 002c 7D00     		.2byte	(.L102-.L96)/2
 1354 002e E300     		.2byte	(.L101-.L96)/2
 1355 0030 9200     		.2byte	(.L100-.L96)/2
 1356 0032 9C00     		.2byte	(.L99-.L96)/2
 1357 0034 A600     		.2byte	(.L98-.L96)/2
 1358 0036 B700     		.2byte	(.L97-.L96)/2
 1359 0038 FC00     		.2byte	(.L95-.L96)/2
 1360              		.p2align 1
 1361              	.L126:
 465:Middlewares/ST/STM32_USB_Host_Library/Core/Src/usbh_core.c ****   }
 1362              		.loc 1 465 5 is_stmt 1 view .LVU475
 465:Middlewares/ST/STM32_USB_Host_Library/Core/Src/usbh_core.c ****   }
 1363              		.loc 1 465 19 is_stmt 0 view .LVU476
 1364 003a 0323     		movs	r3, #3
 1365 003c 0370     		strb	r3, [r0]
 1366 003e EAE7     		b	.L93
 1367              	.L106:
 472:Middlewares/ST/STM32_USB_Host_Library/Core/Src/usbh_core.c ****       {
 1368              		.loc 1 472 7 is_stmt 1 view .LVU477
 472:Middlewares/ST/STM32_USB_Host_Library/Core/Src/usbh_core.c ****       {
 1369              		.loc 1 472 24 is_stmt 0 view .LVU478
ARM GAS  /tmp/ccyGUChw.s 			page 53


 1370 0040 94F82033 		ldrb	r3, [r4, #800]	@ zero_extendqisi2
 472:Middlewares/ST/STM32_USB_Host_Library/Core/Src/usbh_core.c ****       {
 1371              		.loc 1 472 10 view .LVU479
 1372 0044 002B     		cmp	r3, #0
 1373 0046 66D0     		beq	.L94
 474:Middlewares/ST/STM32_USB_Host_Library/Core/Src/usbh_core.c **** 
 1374              		.loc 1 474 9 is_stmt 1 view .LVU480
 474:Middlewares/ST/STM32_USB_Host_Library/Core/Src/usbh_core.c **** 
 1375              		.loc 1 474 9 view .LVU481
 474:Middlewares/ST/STM32_USB_Host_Library/Core/Src/usbh_core.c **** 
 1376              		.loc 1 474 9 view .LVU482
 477:Middlewares/ST/STM32_USB_Host_Library/Core/Src/usbh_core.c ****         USBH_Delay(200U);
 1377              		.loc 1 477 9 view .LVU483
 477:Middlewares/ST/STM32_USB_Host_Library/Core/Src/usbh_core.c ****         USBH_Delay(200U);
 1378              		.loc 1 477 23 is_stmt 0 view .LVU484
 1379 0048 0123     		movs	r3, #1
 1380 004a 2370     		strb	r3, [r4]
 478:Middlewares/ST/STM32_USB_Host_Library/Core/Src/usbh_core.c ****         USBH_LL_ResetPort(phost);
 1381              		.loc 1 478 9 is_stmt 1 view .LVU485
 1382 004c C820     		movs	r0, #200
 1383              	.LVL104:
 478:Middlewares/ST/STM32_USB_Host_Library/Core/Src/usbh_core.c ****         USBH_LL_ResetPort(phost);
 1384              		.loc 1 478 9 is_stmt 0 view .LVU486
 1385 004e FFF7FEFF 		bl	USBH_Delay
 1386              	.LVL105:
 479:Middlewares/ST/STM32_USB_Host_Library/Core/Src/usbh_core.c **** 
 1387              		.loc 1 479 9 is_stmt 1 view .LVU487
 1388 0052 2046     		mov	r0, r4
 1389 0054 FFF7FEFF 		bl	USBH_LL_ResetPort
 1390              	.LVL106:
 482:Middlewares/ST/STM32_USB_Host_Library/Core/Src/usbh_core.c ****         phost->Timeout = 0U;
 1391              		.loc 1 482 9 view .LVU488
 482:Middlewares/ST/STM32_USB_Host_Library/Core/Src/usbh_core.c ****         phost->Timeout = 0U;
 1392              		.loc 1 482 31 is_stmt 0 view .LVU489
 1393 0058 0023     		movs	r3, #0
 1394 005a 84F81C33 		strb	r3, [r4, #796]
 483:Middlewares/ST/STM32_USB_Host_Library/Core/Src/usbh_core.c **** 
 1395              		.loc 1 483 9 is_stmt 1 view .LVU490
 483:Middlewares/ST/STM32_USB_Host_Library/Core/Src/usbh_core.c **** 
 1396              		.loc 1 483 24 is_stmt 0 view .LVU491
 1397 005e C4F8C833 		str	r3, [r4, #968]
 1398 0062 58E0     		b	.L94
 1399              	.LVL107:
 1400              	.L105:
 498:Middlewares/ST/STM32_USB_Host_Library/Core/Src/usbh_core.c ****       {
 1401              		.loc 1 498 7 is_stmt 1 view .LVU492
 498:Middlewares/ST/STM32_USB_Host_Library/Core/Src/usbh_core.c ****       {
 1402              		.loc 1 498 24 is_stmt 0 view .LVU493
 1403 0064 94F82333 		ldrb	r3, [r4, #803]	@ zero_extendqisi2
 498:Middlewares/ST/STM32_USB_Host_Library/Core/Src/usbh_core.c ****       {
 1404              		.loc 1 498 10 view .LVU494
 1405 0068 012B     		cmp	r3, #1
 1406 006a 0FD0     		beq	.L127
 506:Middlewares/ST/STM32_USB_Host_Library/Core/Src/usbh_core.c ****         {
 1407              		.loc 1 506 9 is_stmt 1 view .LVU495
 506:Middlewares/ST/STM32_USB_Host_Library/Core/Src/usbh_core.c ****         {
 1408              		.loc 1 506 18 is_stmt 0 view .LVU496
ARM GAS  /tmp/ccyGUChw.s 			page 54


 1409 006c D4F8C833 		ldr	r3, [r4, #968]
 506:Middlewares/ST/STM32_USB_Host_Library/Core/Src/usbh_core.c ****         {
 1410              		.loc 1 506 12 view .LVU497
 1411 0070 B3F57A7F 		cmp	r3, #1000
 1412 0074 13D9     		bls	.L108
 508:Middlewares/ST/STM32_USB_Host_Library/Core/Src/usbh_core.c ****           if (phost->device.RstCnt > 3U)
 1413              		.loc 1 508 11 is_stmt 1 view .LVU498
 508:Middlewares/ST/STM32_USB_Host_Library/Core/Src/usbh_core.c ****           if (phost->device.RstCnt > 3U)
 1414              		.loc 1 508 24 is_stmt 0 view .LVU499
 1415 0076 94F81F33 		ldrb	r3, [r4, #799]	@ zero_extendqisi2
 508:Middlewares/ST/STM32_USB_Host_Library/Core/Src/usbh_core.c ****           if (phost->device.RstCnt > 3U)
 1416              		.loc 1 508 31 view .LVU500
 1417 007a 0133     		adds	r3, r3, #1
 1418 007c DBB2     		uxtb	r3, r3
 1419 007e 84F81F33 		strb	r3, [r4, #799]
 509:Middlewares/ST/STM32_USB_Host_Library/Core/Src/usbh_core.c ****           {
 1420              		.loc 1 509 11 is_stmt 1 view .LVU501
 509:Middlewares/ST/STM32_USB_Host_Library/Core/Src/usbh_core.c ****           {
 1421              		.loc 1 509 14 is_stmt 0 view .LVU502
 1422 0082 032B     		cmp	r3, #3
 1423 0084 08D9     		bls	.L109
 512:Middlewares/ST/STM32_USB_Host_Library/Core/Src/usbh_core.c ****             phost->gState = HOST_ABORT_STATE;
 1424              		.loc 1 512 13 is_stmt 1 view .LVU503
 512:Middlewares/ST/STM32_USB_Host_Library/Core/Src/usbh_core.c ****             phost->gState = HOST_ABORT_STATE;
 1425              		.loc 1 512 13 view .LVU504
 512:Middlewares/ST/STM32_USB_Host_Library/Core/Src/usbh_core.c ****             phost->gState = HOST_ABORT_STATE;
 1426              		.loc 1 512 13 view .LVU505
 513:Middlewares/ST/STM32_USB_Host_Library/Core/Src/usbh_core.c ****           }
 1427              		.loc 1 513 13 view .LVU506
 513:Middlewares/ST/STM32_USB_Host_Library/Core/Src/usbh_core.c ****           }
 1428              		.loc 1 513 27 is_stmt 0 view .LVU507
 1429 0086 0D23     		movs	r3, #13
 1430 0088 2370     		strb	r3, [r4]
 1431 008a 44E0     		b	.L94
 1432              	.L127:
 500:Middlewares/ST/STM32_USB_Host_Library/Core/Src/usbh_core.c ****         phost->device.RstCnt = 0U;
 1433              		.loc 1 500 9 is_stmt 1 view .LVU508
 500:Middlewares/ST/STM32_USB_Host_Library/Core/Src/usbh_core.c ****         phost->device.RstCnt = 0U;
 1434              		.loc 1 500 9 view .LVU509
 500:Middlewares/ST/STM32_USB_Host_Library/Core/Src/usbh_core.c ****         phost->device.RstCnt = 0U;
 1435              		.loc 1 500 9 view .LVU510
 501:Middlewares/ST/STM32_USB_Host_Library/Core/Src/usbh_core.c ****         phost->gState = HOST_DEV_ATTACHED;
 1436              		.loc 1 501 9 view .LVU511
 501:Middlewares/ST/STM32_USB_Host_Library/Core/Src/usbh_core.c ****         phost->gState = HOST_DEV_ATTACHED;
 1437              		.loc 1 501 30 is_stmt 0 view .LVU512
 1438 008c 0023     		movs	r3, #0
 1439 008e 84F81F33 		strb	r3, [r4, #799]
 502:Middlewares/ST/STM32_USB_Host_Library/Core/Src/usbh_core.c ****       }
 1440              		.loc 1 502 9 is_stmt 1 view .LVU513
 502:Middlewares/ST/STM32_USB_Host_Library/Core/Src/usbh_core.c ****       }
 1441              		.loc 1 502 23 is_stmt 0 view .LVU514
 1442 0092 0223     		movs	r3, #2
 1443 0094 2370     		strb	r3, [r4]
 1444 0096 3EE0     		b	.L94
 1445              	.L109:
 517:Middlewares/ST/STM32_USB_Host_Library/Core/Src/usbh_core.c ****           }
 1446              		.loc 1 517 13 is_stmt 1 view .LVU515
ARM GAS  /tmp/ccyGUChw.s 			page 55


 517:Middlewares/ST/STM32_USB_Host_Library/Core/Src/usbh_core.c ****           }
 1447              		.loc 1 517 27 is_stmt 0 view .LVU516
 1448 0098 0023     		movs	r3, #0
 1449 009a 2370     		strb	r3, [r4]
 1450 009c 3BE0     		b	.L94
 1451              	.L108:
 522:Middlewares/ST/STM32_USB_Host_Library/Core/Src/usbh_core.c ****           USBH_Delay(10U);
 1452              		.loc 1 522 11 is_stmt 1 view .LVU517
 522:Middlewares/ST/STM32_USB_Host_Library/Core/Src/usbh_core.c ****           USBH_Delay(10U);
 1453              		.loc 1 522 26 is_stmt 0 view .LVU518
 1454 009e 0A33     		adds	r3, r3, #10
 1455 00a0 C4F8C833 		str	r3, [r4, #968]
 523:Middlewares/ST/STM32_USB_Host_Library/Core/Src/usbh_core.c ****         }
 1456              		.loc 1 523 11 is_stmt 1 view .LVU519
 1457 00a4 0A20     		movs	r0, #10
 1458              	.LVL108:
 523:Middlewares/ST/STM32_USB_Host_Library/Core/Src/usbh_core.c ****         }
 1459              		.loc 1 523 11 is_stmt 0 view .LVU520
 1460 00a6 FFF7FEFF 		bl	USBH_Delay
 1461              	.LVL109:
 1462 00aa 34E0     		b	.L94
 1463              	.LVL110:
 1464              	.L104:
 538:Middlewares/ST/STM32_USB_Host_Library/Core/Src/usbh_core.c ****       {
 1465              		.loc 1 538 7 is_stmt 1 view .LVU521
 538:Middlewares/ST/STM32_USB_Host_Library/Core/Src/usbh_core.c ****       {
 1466              		.loc 1 538 16 is_stmt 0 view .LVU522
 1467 00ac D4F8D433 		ldr	r3, [r4, #980]
 538:Middlewares/ST/STM32_USB_Host_Library/Core/Src/usbh_core.c ****       {
 1468              		.loc 1 538 10 view .LVU523
 1469 00b0 13B1     		cbz	r3, .L110
 540:Middlewares/ST/STM32_USB_Host_Library/Core/Src/usbh_core.c ****       }
 1470              		.loc 1 540 9 is_stmt 1 view .LVU524
 1471 00b2 0421     		movs	r1, #4
 1472 00b4 2046     		mov	r0, r4
 1473              	.LVL111:
 540:Middlewares/ST/STM32_USB_Host_Library/Core/Src/usbh_core.c ****       }
 1474              		.loc 1 540 9 is_stmt 0 view .LVU525
 1475 00b6 9847     		blx	r3
 1476              	.LVL112:
 1477              	.L110:
 544:Middlewares/ST/STM32_USB_Host_Library/Core/Src/usbh_core.c **** 
 1478              		.loc 1 544 7 is_stmt 1 view .LVU526
 1479 00b8 6420     		movs	r0, #100
 1480 00ba FFF7FEFF 		bl	USBH_Delay
 1481              	.LVL113:
 546:Middlewares/ST/STM32_USB_Host_Library/Core/Src/usbh_core.c **** 
 1482              		.loc 1 546 7 view .LVU527
 546:Middlewares/ST/STM32_USB_Host_Library/Core/Src/usbh_core.c **** 
 1483              		.loc 1 546 29 is_stmt 0 view .LVU528
 1484 00be 2046     		mov	r0, r4
 1485 00c0 FFF7FEFF 		bl	USBH_LL_GetSpeed
 1486              	.LVL114:
 546:Middlewares/ST/STM32_USB_Host_Library/Core/Src/usbh_core.c **** 
 1487              		.loc 1 546 27 discriminator 1 view .LVU529
 1488 00c4 84F81D03 		strb	r0, [r4, #797]
 548:Middlewares/ST/STM32_USB_Host_Library/Core/Src/usbh_core.c **** 
ARM GAS  /tmp/ccyGUChw.s 			page 56


 1489              		.loc 1 548 7 is_stmt 1 view .LVU530
 548:Middlewares/ST/STM32_USB_Host_Library/Core/Src/usbh_core.c **** 
 1490              		.loc 1 548 21 is_stmt 0 view .LVU531
 1491 00c8 0523     		movs	r3, #5
 1492 00ca 2370     		strb	r3, [r4]
 550:Middlewares/ST/STM32_USB_Host_Library/Core/Src/usbh_core.c ****       phost->Control.pipe_in  = USBH_AllocPipe(phost, 0x80U);
 1493              		.loc 1 550 7 is_stmt 1 view .LVU532
 550:Middlewares/ST/STM32_USB_Host_Library/Core/Src/usbh_core.c ****       phost->Control.pipe_in  = USBH_AllocPipe(phost, 0x80U);
 1494              		.loc 1 550 33 is_stmt 0 view .LVU533
 1495 00cc 0021     		movs	r1, #0
 1496 00ce 2046     		mov	r0, r4
 1497 00d0 FFF7FEFF 		bl	USBH_AllocPipe
 1498              	.LVL115:
 550:Middlewares/ST/STM32_USB_Host_Library/Core/Src/usbh_core.c ****       phost->Control.pipe_in  = USBH_AllocPipe(phost, 0x80U);
 1499              		.loc 1 550 31 discriminator 1 view .LVU534
 1500 00d4 6071     		strb	r0, [r4, #5]
 551:Middlewares/ST/STM32_USB_Host_Library/Core/Src/usbh_core.c **** 
 1501              		.loc 1 551 7 is_stmt 1 view .LVU535
 551:Middlewares/ST/STM32_USB_Host_Library/Core/Src/usbh_core.c **** 
 1502              		.loc 1 551 33 is_stmt 0 view .LVU536
 1503 00d6 8021     		movs	r1, #128
 1504 00d8 2046     		mov	r0, r4
 1505 00da FFF7FEFF 		bl	USBH_AllocPipe
 1506              	.LVL116:
 1507 00de 0146     		mov	r1, r0
 551:Middlewares/ST/STM32_USB_Host_Library/Core/Src/usbh_core.c **** 
 1508              		.loc 1 551 31 discriminator 1 view .LVU537
 1509 00e0 2071     		strb	r0, [r4, #4]
 554:Middlewares/ST/STM32_USB_Host_Library/Core/Src/usbh_core.c ****                     phost->device.address, phost->device.speed,
 1510              		.loc 1 554 7 is_stmt 1 view .LVU538
 556:Middlewares/ST/STM32_USB_Host_Library/Core/Src/usbh_core.c **** 
 1511              		.loc 1 556 62 is_stmt 0 view .LVU539
 1512 00e2 A379     		ldrb	r3, [r4, #6]	@ zero_extendqisi2
 554:Middlewares/ST/STM32_USB_Host_Library/Core/Src/usbh_core.c ****                     phost->device.address, phost->device.speed,
 1513              		.loc 1 554 7 view .LVU540
 1514 00e4 0293     		str	r3, [sp, #8]
 1515 00e6 0025     		movs	r5, #0
 1516 00e8 0195     		str	r5, [sp, #4]
 1517 00ea 94F81D33 		ldrb	r3, [r4, #797]	@ zero_extendqisi2
 1518 00ee 0093     		str	r3, [sp]
 1519 00f0 94F81C33 		ldrb	r3, [r4, #796]	@ zero_extendqisi2
 1520 00f4 8022     		movs	r2, #128
 1521 00f6 2046     		mov	r0, r4
 1522 00f8 FFF7FEFF 		bl	USBH_OpenPipe
 1523              	.LVL117:
 559:Middlewares/ST/STM32_USB_Host_Library/Core/Src/usbh_core.c ****                     phost->device.address, phost->device.speed,
 1524              		.loc 1 559 7 is_stmt 1 view .LVU541
 561:Middlewares/ST/STM32_USB_Host_Library/Core/Src/usbh_core.c **** 
 1525              		.loc 1 561 62 is_stmt 0 view .LVU542
 1526 00fc A379     		ldrb	r3, [r4, #6]	@ zero_extendqisi2
 559:Middlewares/ST/STM32_USB_Host_Library/Core/Src/usbh_core.c ****                     phost->device.address, phost->device.speed,
 1527              		.loc 1 559 7 view .LVU543
 1528 00fe 0293     		str	r3, [sp, #8]
 1529 0100 0195     		str	r5, [sp, #4]
 1530 0102 94F81D33 		ldrb	r3, [r4, #797]	@ zero_extendqisi2
 1531 0106 0093     		str	r3, [sp]
 1532 0108 94F81C33 		ldrb	r3, [r4, #796]	@ zero_extendqisi2
ARM GAS  /tmp/ccyGUChw.s 			page 57


 1533 010c 2A46     		mov	r2, r5
 1534 010e 6179     		ldrb	r1, [r4, #5]	@ zero_extendqisi2
 1535 0110 2046     		mov	r0, r4
 1536 0112 FFF7FEFF 		bl	USBH_OpenPipe
 1537              	.LVL118:
 571:Middlewares/ST/STM32_USB_Host_Library/Core/Src/usbh_core.c **** 
 1538              		.loc 1 571 7 is_stmt 1 view .LVU544
 1539              	.L94:
 806:Middlewares/ST/STM32_USB_Host_Library/Core/Src/usbh_core.c **** }
 1540              		.loc 1 806 3 view .LVU545
 807:Middlewares/ST/STM32_USB_Host_Library/Core/Src/usbh_core.c **** 
 1541              		.loc 1 807 1 is_stmt 0 view .LVU546
 1542 0116 0020     		movs	r0, #0
 1543 0118 07B0     		add	sp, sp, #28
 1544              		.cfi_remember_state
 1545              		.cfi_def_cfa_offset 12
 1546              		@ sp needed
 1547 011a 30BD     		pop	{r4, r5, pc}
 1548              	.LVL119:
 1549              	.L102:
 1550              		.cfi_restore_state
 575:Middlewares/ST/STM32_USB_Host_Library/Core/Src/usbh_core.c ****       if (status == USBH_OK)
 1551              		.loc 1 575 7 is_stmt 1 view .LVU547
 575:Middlewares/ST/STM32_USB_Host_Library/Core/Src/usbh_core.c ****       if (status == USBH_OK)
 1552              		.loc 1 575 16 is_stmt 0 view .LVU548
 1553 011c 2046     		mov	r0, r4
 1554              	.LVL120:
 575:Middlewares/ST/STM32_USB_Host_Library/Core/Src/usbh_core.c ****       if (status == USBH_OK)
 1555              		.loc 1 575 16 view .LVU549
 1556 011e FFF7FEFF 		bl	USBH_HandleEnum
 1557              	.LVL121:
 575:Middlewares/ST/STM32_USB_Host_Library/Core/Src/usbh_core.c ****       if (status == USBH_OK)
 1558              		.loc 1 575 14 discriminator 1 view .LVU550
 1559 0122 8DF81700 		strb	r0, [sp, #23]
 576:Middlewares/ST/STM32_USB_Host_Library/Core/Src/usbh_core.c ****       {
 1560              		.loc 1 576 7 is_stmt 1 view .LVU551
 576:Middlewares/ST/STM32_USB_Host_Library/Core/Src/usbh_core.c ****       {
 1561              		.loc 1 576 18 is_stmt 0 view .LVU552
 1562 0126 9DF81730 		ldrb	r3, [sp, #23]	@ zero_extendqisi2
 576:Middlewares/ST/STM32_USB_Host_Library/Core/Src/usbh_core.c ****       {
 1563              		.loc 1 576 10 view .LVU553
 1564 012a 002B     		cmp	r3, #0
 1565 012c F3D1     		bne	.L94
 579:Middlewares/ST/STM32_USB_Host_Library/Core/Src/usbh_core.c **** 
 1566              		.loc 1 579 9 is_stmt 1 view .LVU554
 579:Middlewares/ST/STM32_USB_Host_Library/Core/Src/usbh_core.c **** 
 1567              		.loc 1 579 9 view .LVU555
 579:Middlewares/ST/STM32_USB_Host_Library/Core/Src/usbh_core.c **** 
 1568              		.loc 1 579 9 view .LVU556
 581:Middlewares/ST/STM32_USB_Host_Library/Core/Src/usbh_core.c **** 
 1569              		.loc 1 581 9 view .LVU557
 581:Middlewares/ST/STM32_USB_Host_Library/Core/Src/usbh_core.c **** 
 1570              		.loc 1 581 41 is_stmt 0 view .LVU558
 1571 012e 84F82433 		strb	r3, [r4, #804]
 583:Middlewares/ST/STM32_USB_Host_Library/Core/Src/usbh_core.c ****         {
 1572              		.loc 1 583 9 is_stmt 1 view .LVU559
 583:Middlewares/ST/STM32_USB_Host_Library/Core/Src/usbh_core.c ****         {
ARM GAS  /tmp/ccyGUChw.s 			page 58


 1573              		.loc 1 583 34 is_stmt 0 view .LVU560
 1574 0132 94F83733 		ldrb	r3, [r4, #823]	@ zero_extendqisi2
 583:Middlewares/ST/STM32_USB_Host_Library/Core/Src/usbh_core.c ****         {
 1575              		.loc 1 583 12 view .LVU561
 1576 0136 012B     		cmp	r3, #1
 1577 0138 02D0     		beq	.L128
 590:Middlewares/ST/STM32_USB_Host_Library/Core/Src/usbh_core.c ****         }
 1578              		.loc 1 590 11 is_stmt 1 view .LVU562
 590:Middlewares/ST/STM32_USB_Host_Library/Core/Src/usbh_core.c ****         }
 1579              		.loc 1 590 25 is_stmt 0 view .LVU563
 1580 013a 0723     		movs	r3, #7
 1581 013c 2370     		strb	r3, [r4]
 1582 013e EAE7     		b	.L94
 1583              	.L128:
 585:Middlewares/ST/STM32_USB_Host_Library/Core/Src/usbh_core.c ****           phost->gState = HOST_SET_CONFIGURATION;
 1584              		.loc 1 585 11 is_stmt 1 view .LVU564
 585:Middlewares/ST/STM32_USB_Host_Library/Core/Src/usbh_core.c ****           phost->gState = HOST_SET_CONFIGURATION;
 1585              		.loc 1 585 11 view .LVU565
 585:Middlewares/ST/STM32_USB_Host_Library/Core/Src/usbh_core.c ****           phost->gState = HOST_SET_CONFIGURATION;
 1586              		.loc 1 585 11 view .LVU566
 586:Middlewares/ST/STM32_USB_Host_Library/Core/Src/usbh_core.c ****         }
 1587              		.loc 1 586 11 view .LVU567
 586:Middlewares/ST/STM32_USB_Host_Library/Core/Src/usbh_core.c ****         }
 1588              		.loc 1 586 25 is_stmt 0 view .LVU568
 1589 0140 0823     		movs	r3, #8
 1590 0142 2370     		strb	r3, [r4]
 1591 0144 E7E7     		b	.L94
 1592              	.LVL122:
 1593              	.L100:
 606:Middlewares/ST/STM32_USB_Host_Library/Core/Src/usbh_core.c ****       {
 1594              		.loc 1 606 7 is_stmt 1 view .LVU569
 606:Middlewares/ST/STM32_USB_Host_Library/Core/Src/usbh_core.c ****       {
 1595              		.loc 1 606 16 is_stmt 0 view .LVU570
 1596 0146 D4F8D433 		ldr	r3, [r4, #980]
 606:Middlewares/ST/STM32_USB_Host_Library/Core/Src/usbh_core.c ****       {
 1597              		.loc 1 606 10 view .LVU571
 1598 014a 002B     		cmp	r3, #0
 1599 014c E3D0     		beq	.L94
 608:Middlewares/ST/STM32_USB_Host_Library/Core/Src/usbh_core.c ****         phost->gState = HOST_SET_CONFIGURATION;
 1600              		.loc 1 608 9 is_stmt 1 view .LVU572
 1601 014e 0121     		movs	r1, #1
 1602 0150 2046     		mov	r0, r4
 1603              	.LVL123:
 608:Middlewares/ST/STM32_USB_Host_Library/Core/Src/usbh_core.c ****         phost->gState = HOST_SET_CONFIGURATION;
 1604              		.loc 1 608 9 is_stmt 0 view .LVU573
 1605 0152 9847     		blx	r3
 1606              	.LVL124:
 609:Middlewares/ST/STM32_USB_Host_Library/Core/Src/usbh_core.c **** 
 1607              		.loc 1 609 9 is_stmt 1 view .LVU574
 609:Middlewares/ST/STM32_USB_Host_Library/Core/Src/usbh_core.c **** 
 1608              		.loc 1 609 23 is_stmt 0 view .LVU575
 1609 0154 0823     		movs	r3, #8
 1610 0156 2370     		strb	r3, [r4]
 1611 0158 DDE7     		b	.L94
 1612              	.LVL125:
 1613              	.L99:
 625:Middlewares/ST/STM32_USB_Host_Library/Core/Src/usbh_core.c ****       {
ARM GAS  /tmp/ccyGUChw.s 			page 59


 1614              		.loc 1 625 7 is_stmt 1 view .LVU576
 625:Middlewares/ST/STM32_USB_Host_Library/Core/Src/usbh_core.c ****       {
 1615              		.loc 1 625 11 is_stmt 0 view .LVU577
 1616 015a 94F83D13 		ldrb	r1, [r4, #829]	@ zero_extendqisi2
 1617 015e 2046     		mov	r0, r4
 1618              	.LVL126:
 625:Middlewares/ST/STM32_USB_Host_Library/Core/Src/usbh_core.c ****       {
 1619              		.loc 1 625 11 view .LVU578
 1620 0160 FFF7FEFF 		bl	USBH_SetCfg
 1621              	.LVL127:
 625:Middlewares/ST/STM32_USB_Host_Library/Core/Src/usbh_core.c ****       {
 1622              		.loc 1 625 10 discriminator 1 view .LVU579
 1623 0164 0028     		cmp	r0, #0
 1624 0166 D6D1     		bne	.L94
 627:Middlewares/ST/STM32_USB_Host_Library/Core/Src/usbh_core.c ****         USBH_UsrLog("Default configuration set.");
 1625              		.loc 1 627 9 is_stmt 1 view .LVU580
 627:Middlewares/ST/STM32_USB_Host_Library/Core/Src/usbh_core.c ****         USBH_UsrLog("Default configuration set.");
 1626              		.loc 1 627 23 is_stmt 0 view .LVU581
 1627 0168 0923     		movs	r3, #9
 1628 016a 2370     		strb	r3, [r4]
 1629 016c D3E7     		b	.L94
 1630              	.LVL128:
 1631              	.L98:
 643:Middlewares/ST/STM32_USB_Host_Library/Core/Src/usbh_core.c ****       {
 1632              		.loc 1 643 7 is_stmt 1 view .LVU582
 643:Middlewares/ST/STM32_USB_Host_Library/Core/Src/usbh_core.c ****       {
 1633              		.loc 1 643 33 is_stmt 0 view .LVU583
 1634 016e 94F83F33 		ldrb	r3, [r4, #831]	@ zero_extendqisi2
 643:Middlewares/ST/STM32_USB_Host_Library/Core/Src/usbh_core.c ****       {
 1635              		.loc 1 643 10 view .LVU584
 1636 0172 13F0200F 		tst	r3, #32
 1637 0176 02D1     		bne	.L129
 653:Middlewares/ST/STM32_USB_Host_Library/Core/Src/usbh_core.c ****       }
 1638              		.loc 1 653 9 is_stmt 1 view .LVU585
 653:Middlewares/ST/STM32_USB_Host_Library/Core/Src/usbh_core.c ****       }
 1639              		.loc 1 653 23 is_stmt 0 view .LVU586
 1640 0178 0A23     		movs	r3, #10
 1641 017a 2370     		strb	r3, [r4]
 1642 017c CBE7     		b	.L94
 1643              	.L129:
 645:Middlewares/ST/STM32_USB_Host_Library/Core/Src/usbh_core.c ****         {
 1644              		.loc 1 645 9 is_stmt 1 view .LVU587
 645:Middlewares/ST/STM32_USB_Host_Library/Core/Src/usbh_core.c ****         {
 1645              		.loc 1 645 13 is_stmt 0 view .LVU588
 1646 017e 0121     		movs	r1, #1
 1647 0180 2046     		mov	r0, r4
 1648              	.LVL129:
 645:Middlewares/ST/STM32_USB_Host_Library/Core/Src/usbh_core.c ****         {
 1649              		.loc 1 645 13 view .LVU589
 1650 0182 FFF7FEFF 		bl	USBH_SetFeature
 1651              	.LVL130:
 645:Middlewares/ST/STM32_USB_Host_Library/Core/Src/usbh_core.c ****         {
 1652              		.loc 1 645 12 discriminator 1 view .LVU590
 1653 0186 0028     		cmp	r0, #0
 1654 0188 C5D1     		bne	.L94
 647:Middlewares/ST/STM32_USB_Host_Library/Core/Src/usbh_core.c ****           phost->gState = HOST_CHECK_CLASS;
 1655              		.loc 1 647 11 is_stmt 1 view .LVU591
ARM GAS  /tmp/ccyGUChw.s 			page 60


 647:Middlewares/ST/STM32_USB_Host_Library/Core/Src/usbh_core.c ****           phost->gState = HOST_CHECK_CLASS;
 1656              		.loc 1 647 11 view .LVU592
 647:Middlewares/ST/STM32_USB_Host_Library/Core/Src/usbh_core.c ****           phost->gState = HOST_CHECK_CLASS;
 1657              		.loc 1 647 11 view .LVU593
 648:Middlewares/ST/STM32_USB_Host_Library/Core/Src/usbh_core.c ****         }
 1658              		.loc 1 648 11 view .LVU594
 648:Middlewares/ST/STM32_USB_Host_Library/Core/Src/usbh_core.c ****         }
 1659              		.loc 1 648 25 is_stmt 0 view .LVU595
 1660 018a 0A23     		movs	r3, #10
 1661 018c 2370     		strb	r3, [r4]
 1662 018e C2E7     		b	.L94
 1663              	.LVL131:
 1664              	.L97:
 668:Middlewares/ST/STM32_USB_Host_Library/Core/Src/usbh_core.c ****       {
 1665              		.loc 1 668 7 is_stmt 1 view .LVU596
 668:Middlewares/ST/STM32_USB_Host_Library/Core/Src/usbh_core.c ****       {
 1666              		.loc 1 668 16 is_stmt 0 view .LVU597
 1667 0190 D4F88033 		ldr	r3, [r4, #896]
 668:Middlewares/ST/STM32_USB_Host_Library/Core/Src/usbh_core.c ****       {
 1668              		.loc 1 668 10 view .LVU598
 1669 0194 002B     		cmp	r3, #0
 1670 0196 BED0     		beq	.L94
 674:Middlewares/ST/STM32_USB_Host_Library/Core/Src/usbh_core.c **** 
 1671              		.loc 1 674 9 is_stmt 1 view .LVU599
 674:Middlewares/ST/STM32_USB_Host_Library/Core/Src/usbh_core.c **** 
 1672              		.loc 1 674 29 is_stmt 0 view .LVU600
 1673 0198 0023     		movs	r3, #0
 1674 019a C4F87C33 		str	r3, [r4, #892]
 676:Middlewares/ST/STM32_USB_Host_Library/Core/Src/usbh_core.c ****         {
 1675              		.loc 1 676 9 is_stmt 1 view .LVU601
 1676              	.LVL132:
 1677              	.L113:
 676:Middlewares/ST/STM32_USB_Host_Library/Core/Src/usbh_core.c ****         {
 1678              		.loc 1 676 28 discriminator 1 view .LVU602
 1679 019e 73B1     		cbz	r3, .L116
 1680              	.L115:
 685:Middlewares/ST/STM32_USB_Host_Library/Core/Src/usbh_core.c ****         {
 1681              		.loc 1 685 9 view .LVU603
 685:Middlewares/ST/STM32_USB_Host_Library/Core/Src/usbh_core.c ****         {
 1682              		.loc 1 685 18 is_stmt 0 view .LVU604
 1683 01a0 D4F87C33 		ldr	r3, [r4, #892]
 1684              	.LVL133:
 685:Middlewares/ST/STM32_USB_Host_Library/Core/Src/usbh_core.c ****         {
 1685              		.loc 1 685 12 view .LVU605
 1686 01a4 EBB1     		cbz	r3, .L117
 687:Middlewares/ST/STM32_USB_Host_Library/Core/Src/usbh_core.c ****           {
 1687              		.loc 1 687 11 is_stmt 1 view .LVU606
 687:Middlewares/ST/STM32_USB_Host_Library/Core/Src/usbh_core.c ****           {
 1688              		.loc 1 687 34 is_stmt 0 view .LVU607
 1689 01a6 9B68     		ldr	r3, [r3, #8]
 687:Middlewares/ST/STM32_USB_Host_Library/Core/Src/usbh_core.c ****           {
 1690              		.loc 1 687 15 view .LVU608
 1691 01a8 2046     		mov	r0, r4
 1692 01aa 9847     		blx	r3
 1693              	.LVL134:
 687:Middlewares/ST/STM32_USB_Host_Library/Core/Src/usbh_core.c ****           {
 1694              		.loc 1 687 14 discriminator 1 view .LVU609
ARM GAS  /tmp/ccyGUChw.s 			page 61


 1695 01ac B0B9     		cbnz	r0, .L118
 689:Middlewares/ST/STM32_USB_Host_Library/Core/Src/usbh_core.c ****             USBH_UsrLog("%s class started.", phost->pActiveClass->Name);
 1696              		.loc 1 689 13 is_stmt 1 view .LVU610
 689:Middlewares/ST/STM32_USB_Host_Library/Core/Src/usbh_core.c ****             USBH_UsrLog("%s class started.", phost->pActiveClass->Name);
 1697              		.loc 1 689 27 is_stmt 0 view .LVU611
 1698 01ae 0623     		movs	r3, #6
 1699 01b0 2370     		strb	r3, [r4]
 690:Middlewares/ST/STM32_USB_Host_Library/Core/Src/usbh_core.c **** 
 1700              		.loc 1 690 13 is_stmt 1 view .LVU612
 690:Middlewares/ST/STM32_USB_Host_Library/Core/Src/usbh_core.c **** 
 1701              		.loc 1 690 13 view .LVU613
 690:Middlewares/ST/STM32_USB_Host_Library/Core/Src/usbh_core.c **** 
 1702              		.loc 1 690 13 view .LVU614
 693:Middlewares/ST/STM32_USB_Host_Library/Core/Src/usbh_core.c ****           }
 1703              		.loc 1 693 13 view .LVU615
 693:Middlewares/ST/STM32_USB_Host_Library/Core/Src/usbh_core.c ****           }
 1704              		.loc 1 693 18 is_stmt 0 view .LVU616
 1705 01b2 D4F8D433 		ldr	r3, [r4, #980]
 693:Middlewares/ST/STM32_USB_Host_Library/Core/Src/usbh_core.c ****           }
 1706              		.loc 1 693 13 view .LVU617
 1707 01b6 0321     		movs	r1, #3
 1708 01b8 2046     		mov	r0, r4
 1709 01ba 9847     		blx	r3
 1710              	.LVL135:
 1711 01bc ABE7     		b	.L94
 1712              	.LVL136:
 1713              	.L116:
 678:Middlewares/ST/STM32_USB_Host_Library/Core/Src/usbh_core.c ****           {
 1714              		.loc 1 678 11 is_stmt 1 view .LVU618
 678:Middlewares/ST/STM32_USB_Host_Library/Core/Src/usbh_core.c ****           {
 1715              		.loc 1 678 28 is_stmt 0 view .LVU619
 1716 01be 03F1DE02 		add	r2, r3, #222
 1717 01c2 54F82220 		ldr	r2, [r4, r2, lsl #2]
 678:Middlewares/ST/STM32_USB_Host_Library/Core/Src/usbh_core.c ****           {
 1718              		.loc 1 678 33 view .LVU620
 1719 01c6 1079     		ldrb	r0, [r2, #4]	@ zero_extendqisi2
 678:Middlewares/ST/STM32_USB_Host_Library/Core/Src/usbh_core.c ****           {
 1720              		.loc 1 678 81 view .LVU621
 1721 01c8 94F84713 		ldrb	r1, [r4, #839]	@ zero_extendqisi2
 678:Middlewares/ST/STM32_USB_Host_Library/Core/Src/usbh_core.c ****           {
 1722              		.loc 1 678 14 view .LVU622
 1723 01cc 8842     		cmp	r0, r1
 1724 01ce 02D0     		beq	.L130
 676:Middlewares/ST/STM32_USB_Host_Library/Core/Src/usbh_core.c ****         {
 1725              		.loc 1 676 63 is_stmt 1 discriminator 2 view .LVU623
 1726 01d0 0133     		adds	r3, r3, #1
 1727              	.LVL137:
 676:Middlewares/ST/STM32_USB_Host_Library/Core/Src/usbh_core.c ****         {
 1728              		.loc 1 676 63 is_stmt 0 discriminator 2 view .LVU624
 1729 01d2 DBB2     		uxtb	r3, r3
 1730              	.LVL138:
 676:Middlewares/ST/STM32_USB_Host_Library/Core/Src/usbh_core.c ****         {
 1731              		.loc 1 676 63 discriminator 2 view .LVU625
 1732 01d4 E3E7     		b	.L113
 1733              	.L130:
 680:Middlewares/ST/STM32_USB_Host_Library/Core/Src/usbh_core.c ****             break;
 1734              		.loc 1 680 13 is_stmt 1 view .LVU626
ARM GAS  /tmp/ccyGUChw.s 			page 62


 680:Middlewares/ST/STM32_USB_Host_Library/Core/Src/usbh_core.c ****             break;
 1735              		.loc 1 680 33 is_stmt 0 view .LVU627
 1736 01d6 C4F87C23 		str	r2, [r4, #892]
 681:Middlewares/ST/STM32_USB_Host_Library/Core/Src/usbh_core.c ****           }
 1737              		.loc 1 681 13 is_stmt 1 view .LVU628
 1738 01da E1E7     		b	.L115
 1739              	.LVL139:
 1740              	.L118:
 697:Middlewares/ST/STM32_USB_Host_Library/Core/Src/usbh_core.c ****             USBH_UsrLog("Device not supporting %s class.", phost->pActiveClass->Name);
 1741              		.loc 1 697 13 view .LVU629
 697:Middlewares/ST/STM32_USB_Host_Library/Core/Src/usbh_core.c ****             USBH_UsrLog("Device not supporting %s class.", phost->pActiveClass->Name);
 1742              		.loc 1 697 27 is_stmt 0 view .LVU630
 1743 01dc 0D23     		movs	r3, #13
 1744 01de 2370     		strb	r3, [r4]
 1745 01e0 99E7     		b	.L94
 1746              	.L117:
 703:Middlewares/ST/STM32_USB_Host_Library/Core/Src/usbh_core.c ****           USBH_UsrLog("No registered class for this device.");
 1747              		.loc 1 703 11 is_stmt 1 view .LVU631
 703:Middlewares/ST/STM32_USB_Host_Library/Core/Src/usbh_core.c ****           USBH_UsrLog("No registered class for this device.");
 1748              		.loc 1 703 25 is_stmt 0 view .LVU632
 1749 01e2 0D23     		movs	r3, #13
 1750 01e4 2370     		strb	r3, [r4]
 1751 01e6 96E7     		b	.L94
 1752              	.LVL140:
 1753              	.L101:
 720:Middlewares/ST/STM32_USB_Host_Library/Core/Src/usbh_core.c ****       {
 1754              		.loc 1 720 7 is_stmt 1 view .LVU633
 720:Middlewares/ST/STM32_USB_Host_Library/Core/Src/usbh_core.c ****       {
 1755              		.loc 1 720 16 is_stmt 0 view .LVU634
 1756 01e8 D4F87C33 		ldr	r3, [r4, #892]
 720:Middlewares/ST/STM32_USB_Host_Library/Core/Src/usbh_core.c ****       {
 1757              		.loc 1 720 10 view .LVU635
 1758 01ec 93B1     		cbz	r3, .L119
 722:Middlewares/ST/STM32_USB_Host_Library/Core/Src/usbh_core.c **** 
 1759              		.loc 1 722 9 is_stmt 1 view .LVU636
 722:Middlewares/ST/STM32_USB_Host_Library/Core/Src/usbh_core.c **** 
 1760              		.loc 1 722 37 is_stmt 0 view .LVU637
 1761 01ee 1B69     		ldr	r3, [r3, #16]
 722:Middlewares/ST/STM32_USB_Host_Library/Core/Src/usbh_core.c **** 
 1762              		.loc 1 722 18 view .LVU638
 1763 01f0 2046     		mov	r0, r4
 1764              	.LVL141:
 722:Middlewares/ST/STM32_USB_Host_Library/Core/Src/usbh_core.c **** 
 1765              		.loc 1 722 18 view .LVU639
 1766 01f2 9847     		blx	r3
 1767              	.LVL142:
 722:Middlewares/ST/STM32_USB_Host_Library/Core/Src/usbh_core.c **** 
 1768              		.loc 1 722 16 discriminator 1 view .LVU640
 1769 01f4 8DF81700 		strb	r0, [sp, #23]
 724:Middlewares/ST/STM32_USB_Host_Library/Core/Src/usbh_core.c ****         {
 1770              		.loc 1 724 9 is_stmt 1 view .LVU641
 724:Middlewares/ST/STM32_USB_Host_Library/Core/Src/usbh_core.c ****         {
 1771              		.loc 1 724 20 is_stmt 0 view .LVU642
 1772 01f8 9DF81730 		ldrb	r3, [sp, #23]	@ zero_extendqisi2
 724:Middlewares/ST/STM32_USB_Host_Library/Core/Src/usbh_core.c ****         {
 1773              		.loc 1 724 12 view .LVU643
 1774 01fc 13B9     		cbnz	r3, .L120
ARM GAS  /tmp/ccyGUChw.s 			page 63


 726:Middlewares/ST/STM32_USB_Host_Library/Core/Src/usbh_core.c ****         }
 1775              		.loc 1 726 11 is_stmt 1 view .LVU644
 726:Middlewares/ST/STM32_USB_Host_Library/Core/Src/usbh_core.c ****         }
 1776              		.loc 1 726 25 is_stmt 0 view .LVU645
 1777 01fe 0B23     		movs	r3, #11
 1778 0200 2370     		strb	r3, [r4]
 1779 0202 88E7     		b	.L94
 1780              	.L120:
 728:Middlewares/ST/STM32_USB_Host_Library/Core/Src/usbh_core.c ****         {
 1781              		.loc 1 728 14 is_stmt 1 view .LVU646
 728:Middlewares/ST/STM32_USB_Host_Library/Core/Src/usbh_core.c ****         {
 1782              		.loc 1 728 25 is_stmt 0 view .LVU647
 1783 0204 9DF81730 		ldrb	r3, [sp, #23]	@ zero_extendqisi2
 1784 0208 DBB2     		uxtb	r3, r3
 728:Middlewares/ST/STM32_USB_Host_Library/Core/Src/usbh_core.c ****         {
 1785              		.loc 1 728 17 view .LVU648
 1786 020a 022B     		cmp	r3, #2
 1787 020c 83D1     		bne	.L94
 730:Middlewares/ST/STM32_USB_Host_Library/Core/Src/usbh_core.c ****           USBH_ErrLog("Device not responding Please Unplug.");
 1788              		.loc 1 730 11 is_stmt 1 view .LVU649
 730:Middlewares/ST/STM32_USB_Host_Library/Core/Src/usbh_core.c ****           USBH_ErrLog("Device not responding Please Unplug.");
 1789              		.loc 1 730 25 is_stmt 0 view .LVU650
 1790 020e 0D23     		movs	r3, #13
 1791 0210 2370     		strb	r3, [r4]
 731:Middlewares/ST/STM32_USB_Host_Library/Core/Src/usbh_core.c ****         }
 1792              		.loc 1 731 11 is_stmt 1 view .LVU651
 731:Middlewares/ST/STM32_USB_Host_Library/Core/Src/usbh_core.c ****         }
 1793              		.loc 1 731 11 view .LVU652
 731:Middlewares/ST/STM32_USB_Host_Library/Core/Src/usbh_core.c ****         }
 1794              		.loc 1 731 11 view .LVU653
 1795 0212 80E7     		b	.L94
 1796              	.LVL143:
 1797              	.L119:
 740:Middlewares/ST/STM32_USB_Host_Library/Core/Src/usbh_core.c ****         USBH_ErrLog("Invalid Class Driver.");
 1798              		.loc 1 740 9 view .LVU654
 740:Middlewares/ST/STM32_USB_Host_Library/Core/Src/usbh_core.c ****         USBH_ErrLog("Invalid Class Driver.");
 1799              		.loc 1 740 23 is_stmt 0 view .LVU655
 1800 0214 0D23     		movs	r3, #13
 1801 0216 2370     		strb	r3, [r4]
 1802 0218 7DE7     		b	.L94
 1803              	.L95:
 755:Middlewares/ST/STM32_USB_Host_Library/Core/Src/usbh_core.c ****       {
 1804              		.loc 1 755 7 is_stmt 1 view .LVU656
 755:Middlewares/ST/STM32_USB_Host_Library/Core/Src/usbh_core.c ****       {
 1805              		.loc 1 755 16 is_stmt 0 view .LVU657
 1806 021a D4F87C33 		ldr	r3, [r4, #892]
 755:Middlewares/ST/STM32_USB_Host_Library/Core/Src/usbh_core.c ****       {
 1807              		.loc 1 755 10 view .LVU658
 1808 021e 002B     		cmp	r3, #0
 1809 0220 3FF479AF 		beq	.L94
 757:Middlewares/ST/STM32_USB_Host_Library/Core/Src/usbh_core.c ****       }
 1810              		.loc 1 757 9 is_stmt 1 view .LVU659
 757:Middlewares/ST/STM32_USB_Host_Library/Core/Src/usbh_core.c ****       }
 1811              		.loc 1 757 28 is_stmt 0 view .LVU660
 1812 0224 5B69     		ldr	r3, [r3, #20]
 757:Middlewares/ST/STM32_USB_Host_Library/Core/Src/usbh_core.c ****       }
 1813              		.loc 1 757 9 view .LVU661
ARM GAS  /tmp/ccyGUChw.s 			page 64


 1814 0226 2046     		mov	r0, r4
 1815              	.LVL144:
 757:Middlewares/ST/STM32_USB_Host_Library/Core/Src/usbh_core.c ****       }
 1816              		.loc 1 757 9 view .LVU662
 1817 0228 9847     		blx	r3
 1818              	.LVL145:
 1819 022a 74E7     		b	.L94
 1820              	.LVL146:
 1821              	.L103:
 762:Middlewares/ST/STM32_USB_Host_Library/Core/Src/usbh_core.c **** 
 1822              		.loc 1 762 7 is_stmt 1 view .LVU663
 762:Middlewares/ST/STM32_USB_Host_Library/Core/Src/usbh_core.c **** 
 1823              		.loc 1 762 37 is_stmt 0 view .LVU664
 1824 022c 0023     		movs	r3, #0
 1825 022e 84F82133 		strb	r3, [r4, #801]
 764:Middlewares/ST/STM32_USB_Host_Library/Core/Src/usbh_core.c **** 
 1826              		.loc 1 764 7 is_stmt 1 view .LVU665
 1827 0232 2046     		mov	r0, r4
 1828              	.LVL147:
 764:Middlewares/ST/STM32_USB_Host_Library/Core/Src/usbh_core.c **** 
 1829              		.loc 1 764 7 is_stmt 0 view .LVU666
 1830 0234 FFF7FEFF 		bl	DeInitStateMachine
 1831              	.LVL148:
 767:Middlewares/ST/STM32_USB_Host_Library/Core/Src/usbh_core.c ****       {
 1832              		.loc 1 767 7 is_stmt 1 view .LVU667
 767:Middlewares/ST/STM32_USB_Host_Library/Core/Src/usbh_core.c ****       {
 1833              		.loc 1 767 16 is_stmt 0 view .LVU668
 1834 0238 D4F87C33 		ldr	r3, [r4, #892]
 767:Middlewares/ST/STM32_USB_Host_Library/Core/Src/usbh_core.c ****       {
 1835              		.loc 1 767 10 view .LVU669
 1836 023c 2BB1     		cbz	r3, .L121
 769:Middlewares/ST/STM32_USB_Host_Library/Core/Src/usbh_core.c ****         phost->pActiveClass = NULL;
 1837              		.loc 1 769 9 is_stmt 1 view .LVU670
 769:Middlewares/ST/STM32_USB_Host_Library/Core/Src/usbh_core.c ****         phost->pActiveClass = NULL;
 1838              		.loc 1 769 28 is_stmt 0 view .LVU671
 1839 023e DB68     		ldr	r3, [r3, #12]
 769:Middlewares/ST/STM32_USB_Host_Library/Core/Src/usbh_core.c ****         phost->pActiveClass = NULL;
 1840              		.loc 1 769 9 view .LVU672
 1841 0240 2046     		mov	r0, r4
 1842 0242 9847     		blx	r3
 1843              	.LVL149:
 770:Middlewares/ST/STM32_USB_Host_Library/Core/Src/usbh_core.c ****       }
 1844              		.loc 1 770 9 is_stmt 1 view .LVU673
 770:Middlewares/ST/STM32_USB_Host_Library/Core/Src/usbh_core.c ****       }
 1845              		.loc 1 770 29 is_stmt 0 view .LVU674
 1846 0244 0023     		movs	r3, #0
 1847 0246 C4F87C33 		str	r3, [r4, #892]
 1848              	.L121:
 773:Middlewares/ST/STM32_USB_Host_Library/Core/Src/usbh_core.c ****       {
 1849              		.loc 1 773 7 is_stmt 1 view .LVU675
 773:Middlewares/ST/STM32_USB_Host_Library/Core/Src/usbh_core.c ****       {
 1850              		.loc 1 773 16 is_stmt 0 view .LVU676
 1851 024a D4F8D433 		ldr	r3, [r4, #980]
 773:Middlewares/ST/STM32_USB_Host_Library/Core/Src/usbh_core.c ****       {
 1852              		.loc 1 773 10 view .LVU677
 1853 024e 13B1     		cbz	r3, .L122
 775:Middlewares/ST/STM32_USB_Host_Library/Core/Src/usbh_core.c ****       }
ARM GAS  /tmp/ccyGUChw.s 			page 65


 1854              		.loc 1 775 9 is_stmt 1 view .LVU678
 1855 0250 0521     		movs	r1, #5
 1856 0252 2046     		mov	r0, r4
 1857 0254 9847     		blx	r3
 1858              	.LVL150:
 1859              	.L122:
 777:Middlewares/ST/STM32_USB_Host_Library/Core/Src/usbh_core.c **** 
 1860              		.loc 1 777 7 view .LVU679
 777:Middlewares/ST/STM32_USB_Host_Library/Core/Src/usbh_core.c **** 
 1861              		.loc 1 777 7 view .LVU680
 777:Middlewares/ST/STM32_USB_Host_Library/Core/Src/usbh_core.c **** 
 1862              		.loc 1 777 7 view .LVU681
 779:Middlewares/ST/STM32_USB_Host_Library/Core/Src/usbh_core.c ****       {
 1863              		.loc 1 779 7 view .LVU682
 779:Middlewares/ST/STM32_USB_Host_Library/Core/Src/usbh_core.c ****       {
 1864              		.loc 1 779 24 is_stmt 0 view .LVU683
 1865 0256 94F82233 		ldrb	r3, [r4, #802]	@ zero_extendqisi2
 1866 025a DBB2     		uxtb	r3, r3
 779:Middlewares/ST/STM32_USB_Host_Library/Core/Src/usbh_core.c ****       {
 1867              		.loc 1 779 10 view .LVU684
 1868 025c 012B     		cmp	r3, #1
 1869 025e 03D0     		beq	.L131
 789:Middlewares/ST/STM32_USB_Host_Library/Core/Src/usbh_core.c ****       }
 1870              		.loc 1 789 9 is_stmt 1 view .LVU685
 1871 0260 2046     		mov	r0, r4
 1872 0262 FFF7FEFF 		bl	USBH_LL_Start
 1873              	.LVL151:
 1874 0266 56E7     		b	.L94
 1875              	.L131:
 781:Middlewares/ST/STM32_USB_Host_Library/Core/Src/usbh_core.c **** 
 1876              		.loc 1 781 9 view .LVU686
 781:Middlewares/ST/STM32_USB_Host_Library/Core/Src/usbh_core.c **** 
 1877              		.loc 1 781 39 is_stmt 0 view .LVU687
 1878 0268 0023     		movs	r3, #0
 1879 026a 84F82233 		strb	r3, [r4, #802]
 784:Middlewares/ST/STM32_USB_Host_Library/Core/Src/usbh_core.c ****       }
 1880              		.loc 1 784 9 is_stmt 1 view .LVU688
 1881 026e 2046     		mov	r0, r4
 1882 0270 FFF7FEFF 		bl	USBH_Start
 1883              	.LVL152:
 1884 0274 4FE7     		b	.L94
 1885              		.cfi_endproc
 1886              	.LFE230:
 1888              		.section	.text.USBH_LL_SetTimer,"ax",%progbits
 1889              		.align	1
 1890              		.global	USBH_LL_SetTimer
 1891              		.syntax unified
 1892              		.thumb
 1893              		.thumb_func
 1895              	USBH_LL_SetTimer:
 1896              	.LVL153:
 1897              	.LFB232:
1156:Middlewares/ST/STM32_USB_Host_Library/Core/Src/usbh_core.c ****   phost->Timer = time;
 1898              		.loc 1 1156 1 view -0
 1899              		.cfi_startproc
 1900              		@ args = 0, pretend = 0, frame = 0
 1901              		@ frame_needed = 0, uses_anonymous_args = 0
ARM GAS  /tmp/ccyGUChw.s 			page 66


 1902              		@ link register save eliminated.
1157:Middlewares/ST/STM32_USB_Host_Library/Core/Src/usbh_core.c **** }
 1903              		.loc 1 1157 3 view .LVU690
1157:Middlewares/ST/STM32_USB_Host_Library/Core/Src/usbh_core.c **** }
 1904              		.loc 1 1157 16 is_stmt 0 view .LVU691
 1905 0000 C0F8C413 		str	r1, [r0, #964]
1158:Middlewares/ST/STM32_USB_Host_Library/Core/Src/usbh_core.c **** 
 1906              		.loc 1 1158 1 view .LVU692
 1907 0004 7047     		bx	lr
 1908              		.cfi_endproc
 1909              	.LFE232:
 1911              		.section	.text.USBH_LL_IncTimer,"ax",%progbits
 1912              		.align	1
 1913              		.global	USBH_LL_IncTimer
 1914              		.syntax unified
 1915              		.thumb
 1916              		.thumb_func
 1918              	USBH_LL_IncTimer:
 1919              	.LVL154:
 1920              	.LFB233:
1168:Middlewares/ST/STM32_USB_Host_Library/Core/Src/usbh_core.c ****   phost->Timer++;
 1921              		.loc 1 1168 1 is_stmt 1 view -0
 1922              		.cfi_startproc
 1923              		@ args = 0, pretend = 0, frame = 0
 1924              		@ frame_needed = 0, uses_anonymous_args = 0
1168:Middlewares/ST/STM32_USB_Host_Library/Core/Src/usbh_core.c ****   phost->Timer++;
 1925              		.loc 1 1168 1 is_stmt 0 view .LVU694
 1926 0000 08B5     		push	{r3, lr}
 1927              		.cfi_def_cfa_offset 8
 1928              		.cfi_offset 3, -8
 1929              		.cfi_offset 14, -4
1169:Middlewares/ST/STM32_USB_Host_Library/Core/Src/usbh_core.c ****   USBH_HandleSof(phost);
 1930              		.loc 1 1169 3 is_stmt 1 view .LVU695
1169:Middlewares/ST/STM32_USB_Host_Library/Core/Src/usbh_core.c ****   USBH_HandleSof(phost);
 1931              		.loc 1 1169 8 is_stmt 0 view .LVU696
 1932 0002 D0F8C423 		ldr	r2, [r0, #964]
1169:Middlewares/ST/STM32_USB_Host_Library/Core/Src/usbh_core.c ****   USBH_HandleSof(phost);
 1933              		.loc 1 1169 15 view .LVU697
 1934 0006 0132     		adds	r2, r2, #1
 1935 0008 C0F8C423 		str	r2, [r0, #964]
1170:Middlewares/ST/STM32_USB_Host_Library/Core/Src/usbh_core.c **** }
 1936              		.loc 1 1170 3 is_stmt 1 view .LVU698
 1937 000c FFF7FEFF 		bl	USBH_HandleSof
 1938              	.LVL155:
1171:Middlewares/ST/STM32_USB_Host_Library/Core/Src/usbh_core.c **** 
 1939              		.loc 1 1171 1 is_stmt 0 view .LVU699
 1940 0010 08BD     		pop	{r3, pc}
 1941              		.cfi_endproc
 1942              	.LFE233:
 1944              		.section	.text.USBH_LL_PortEnabled,"ax",%progbits
 1945              		.align	1
 1946              		.global	USBH_LL_PortEnabled
 1947              		.syntax unified
 1948              		.thumb
 1949              		.thumb_func
 1951              	USBH_LL_PortEnabled:
 1952              	.LVL156:
ARM GAS  /tmp/ccyGUChw.s 			page 67


 1953              	.LFB235:
1187:Middlewares/ST/STM32_USB_Host_Library/Core/Src/usbh_core.c **** 
1188:Middlewares/ST/STM32_USB_Host_Library/Core/Src/usbh_core.c **** 
1189:Middlewares/ST/STM32_USB_Host_Library/Core/Src/usbh_core.c **** /**
1190:Middlewares/ST/STM32_USB_Host_Library/Core/Src/usbh_core.c ****   * @brief  USBH_PortEnabled
1191:Middlewares/ST/STM32_USB_Host_Library/Core/Src/usbh_core.c ****   *         Port Enabled
1192:Middlewares/ST/STM32_USB_Host_Library/Core/Src/usbh_core.c ****   * @param  phost: Host Handle
1193:Middlewares/ST/STM32_USB_Host_Library/Core/Src/usbh_core.c ****   * @retval None
1194:Middlewares/ST/STM32_USB_Host_Library/Core/Src/usbh_core.c ****   */
1195:Middlewares/ST/STM32_USB_Host_Library/Core/Src/usbh_core.c **** void USBH_LL_PortEnabled(USBH_HandleTypeDef *phost)
1196:Middlewares/ST/STM32_USB_Host_Library/Core/Src/usbh_core.c **** {
 1954              		.loc 1 1196 1 is_stmt 1 view -0
 1955              		.cfi_startproc
 1956              		@ args = 0, pretend = 0, frame = 0
 1957              		@ frame_needed = 0, uses_anonymous_args = 0
 1958              		@ link register save eliminated.
1197:Middlewares/ST/STM32_USB_Host_Library/Core/Src/usbh_core.c ****   phost->device.PortEnabled = 1U;
 1959              		.loc 1 1197 3 view .LVU701
 1960              		.loc 1 1197 29 is_stmt 0 view .LVU702
 1961 0000 0123     		movs	r3, #1
 1962 0002 80F82333 		strb	r3, [r0, #803]
1198:Middlewares/ST/STM32_USB_Host_Library/Core/Src/usbh_core.c **** 
1199:Middlewares/ST/STM32_USB_Host_Library/Core/Src/usbh_core.c **** #if (USBH_USE_OS == 1U)
1200:Middlewares/ST/STM32_USB_Host_Library/Core/Src/usbh_core.c ****   phost->os_msg = (uint32_t)USBH_PORT_EVENT;
1201:Middlewares/ST/STM32_USB_Host_Library/Core/Src/usbh_core.c **** #if (osCMSIS < 0x20000U)
1202:Middlewares/ST/STM32_USB_Host_Library/Core/Src/usbh_core.c ****   (void)osMessagePut(phost->os_event, phost->os_msg, 0U);
1203:Middlewares/ST/STM32_USB_Host_Library/Core/Src/usbh_core.c **** #else
1204:Middlewares/ST/STM32_USB_Host_Library/Core/Src/usbh_core.c ****   (void)osMessageQueuePut(phost->os_event, &phost->os_msg, 0U, NULL);
1205:Middlewares/ST/STM32_USB_Host_Library/Core/Src/usbh_core.c **** #endif
1206:Middlewares/ST/STM32_USB_Host_Library/Core/Src/usbh_core.c **** #endif
1207:Middlewares/ST/STM32_USB_Host_Library/Core/Src/usbh_core.c **** 
1208:Middlewares/ST/STM32_USB_Host_Library/Core/Src/usbh_core.c ****   return;
 1963              		.loc 1 1208 3 is_stmt 1 view .LVU703
1209:Middlewares/ST/STM32_USB_Host_Library/Core/Src/usbh_core.c **** }
 1964              		.loc 1 1209 1 is_stmt 0 view .LVU704
 1965 0006 7047     		bx	lr
 1966              		.cfi_endproc
 1967              	.LFE235:
 1969              		.section	.text.USBH_LL_PortDisabled,"ax",%progbits
 1970              		.align	1
 1971              		.global	USBH_LL_PortDisabled
 1972              		.syntax unified
 1973              		.thumb
 1974              		.thumb_func
 1976              	USBH_LL_PortDisabled:
 1977              	.LVL157:
 1978              	.LFB236:
1210:Middlewares/ST/STM32_USB_Host_Library/Core/Src/usbh_core.c **** 
1211:Middlewares/ST/STM32_USB_Host_Library/Core/Src/usbh_core.c **** 
1212:Middlewares/ST/STM32_USB_Host_Library/Core/Src/usbh_core.c **** /**
1213:Middlewares/ST/STM32_USB_Host_Library/Core/Src/usbh_core.c ****   * @brief  USBH_LL_PortDisabled
1214:Middlewares/ST/STM32_USB_Host_Library/Core/Src/usbh_core.c ****   *         Port Disabled
1215:Middlewares/ST/STM32_USB_Host_Library/Core/Src/usbh_core.c ****   * @param  phost: Host Handle
1216:Middlewares/ST/STM32_USB_Host_Library/Core/Src/usbh_core.c ****   * @retval None
1217:Middlewares/ST/STM32_USB_Host_Library/Core/Src/usbh_core.c ****   */
1218:Middlewares/ST/STM32_USB_Host_Library/Core/Src/usbh_core.c **** void USBH_LL_PortDisabled(USBH_HandleTypeDef *phost)
1219:Middlewares/ST/STM32_USB_Host_Library/Core/Src/usbh_core.c **** {
ARM GAS  /tmp/ccyGUChw.s 			page 68


 1979              		.loc 1 1219 1 is_stmt 1 view -0
 1980              		.cfi_startproc
 1981              		@ args = 0, pretend = 0, frame = 0
 1982              		@ frame_needed = 0, uses_anonymous_args = 0
 1983              		@ link register save eliminated.
1220:Middlewares/ST/STM32_USB_Host_Library/Core/Src/usbh_core.c ****   phost->device.PortEnabled = 0U;
 1984              		.loc 1 1220 3 view .LVU706
 1985              		.loc 1 1220 29 is_stmt 0 view .LVU707
 1986 0000 0023     		movs	r3, #0
 1987 0002 80F82333 		strb	r3, [r0, #803]
1221:Middlewares/ST/STM32_USB_Host_Library/Core/Src/usbh_core.c **** 
1222:Middlewares/ST/STM32_USB_Host_Library/Core/Src/usbh_core.c ****   return;
 1988              		.loc 1 1222 3 is_stmt 1 view .LVU708
1223:Middlewares/ST/STM32_USB_Host_Library/Core/Src/usbh_core.c **** }
 1989              		.loc 1 1223 1 is_stmt 0 view .LVU709
 1990 0006 7047     		bx	lr
 1991              		.cfi_endproc
 1992              	.LFE236:
 1994              		.section	.text.USBH_IsPortEnabled,"ax",%progbits
 1995              		.align	1
 1996              		.global	USBH_IsPortEnabled
 1997              		.syntax unified
 1998              		.thumb
 1999              		.thumb_func
 2001              	USBH_IsPortEnabled:
 2002              	.LVL158:
 2003              	.LFB237:
1224:Middlewares/ST/STM32_USB_Host_Library/Core/Src/usbh_core.c **** 
1225:Middlewares/ST/STM32_USB_Host_Library/Core/Src/usbh_core.c **** 
1226:Middlewares/ST/STM32_USB_Host_Library/Core/Src/usbh_core.c **** /**
1227:Middlewares/ST/STM32_USB_Host_Library/Core/Src/usbh_core.c ****   * @brief  HCD_IsPortEnabled
1228:Middlewares/ST/STM32_USB_Host_Library/Core/Src/usbh_core.c ****   *         Is Port Enabled
1229:Middlewares/ST/STM32_USB_Host_Library/Core/Src/usbh_core.c ****   * @param  phost: Host Handle
1230:Middlewares/ST/STM32_USB_Host_Library/Core/Src/usbh_core.c ****   * @retval None
1231:Middlewares/ST/STM32_USB_Host_Library/Core/Src/usbh_core.c ****   */
1232:Middlewares/ST/STM32_USB_Host_Library/Core/Src/usbh_core.c **** uint8_t USBH_IsPortEnabled(USBH_HandleTypeDef *phost)
1233:Middlewares/ST/STM32_USB_Host_Library/Core/Src/usbh_core.c **** {
 2004              		.loc 1 1233 1 is_stmt 1 view -0
 2005              		.cfi_startproc
 2006              		@ args = 0, pretend = 0, frame = 0
 2007              		@ frame_needed = 0, uses_anonymous_args = 0
 2008              		@ link register save eliminated.
1234:Middlewares/ST/STM32_USB_Host_Library/Core/Src/usbh_core.c ****   return (phost->device.PortEnabled);
 2009              		.loc 1 1234 3 view .LVU711
1235:Middlewares/ST/STM32_USB_Host_Library/Core/Src/usbh_core.c **** }
 2010              		.loc 1 1235 1 is_stmt 0 view .LVU712
 2011 0000 90F82303 		ldrb	r0, [r0, #803]	@ zero_extendqisi2
 2012              	.LVL159:
 2013              		.loc 1 1235 1 view .LVU713
 2014 0004 7047     		bx	lr
 2015              		.cfi_endproc
 2016              	.LFE237:
 2018              		.section	.text.USBH_ReEnumerate,"ax",%progbits
 2019              		.align	1
 2020              		.global	USBH_ReEnumerate
 2021              		.syntax unified
 2022              		.thumb
ARM GAS  /tmp/ccyGUChw.s 			page 69


 2023              		.thumb_func
 2025              	USBH_ReEnumerate:
 2026              	.LVL160:
 2027              	.LFB229:
 427:Middlewares/ST/STM32_USB_Host_Library/Core/Src/usbh_core.c ****   if (USBH_IsPortEnabled(phost))
 2028              		.loc 1 427 1 is_stmt 1 view -0
 2029              		.cfi_startproc
 2030              		@ args = 0, pretend = 0, frame = 0
 2031              		@ frame_needed = 0, uses_anonymous_args = 0
 427:Middlewares/ST/STM32_USB_Host_Library/Core/Src/usbh_core.c ****   if (USBH_IsPortEnabled(phost))
 2032              		.loc 1 427 1 is_stmt 0 view .LVU715
 2033 0000 38B5     		push	{r3, r4, r5, lr}
 2034              		.cfi_def_cfa_offset 16
 2035              		.cfi_offset 3, -16
 2036              		.cfi_offset 4, -12
 2037              		.cfi_offset 5, -8
 2038              		.cfi_offset 14, -4
 2039 0002 0446     		mov	r4, r0
 428:Middlewares/ST/STM32_USB_Host_Library/Core/Src/usbh_core.c ****   {
 2040              		.loc 1 428 3 is_stmt 1 view .LVU716
 428:Middlewares/ST/STM32_USB_Host_Library/Core/Src/usbh_core.c ****   {
 2041              		.loc 1 428 7 is_stmt 0 view .LVU717
 2042 0004 FFF7FEFF 		bl	USBH_IsPortEnabled
 2043              	.LVL161:
 428:Middlewares/ST/STM32_USB_Host_Library/Core/Src/usbh_core.c ****   {
 2044              		.loc 1 428 6 discriminator 1 view .LVU718
 2045 0008 08B9     		cbnz	r0, .L141
 2046              	.L139:
 447:Middlewares/ST/STM32_USB_Host_Library/Core/Src/usbh_core.c **** }
 2047              		.loc 1 447 3 is_stmt 1 view .LVU719
 448:Middlewares/ST/STM32_USB_Host_Library/Core/Src/usbh_core.c **** 
 2048              		.loc 1 448 1 is_stmt 0 view .LVU720
 2049 000a 0020     		movs	r0, #0
 2050 000c 38BD     		pop	{r3, r4, r5, pc}
 2051              	.LVL162:
 2052              	.L141:
 430:Middlewares/ST/STM32_USB_Host_Library/Core/Src/usbh_core.c **** 
 2053              		.loc 1 430 5 is_stmt 1 view .LVU721
 430:Middlewares/ST/STM32_USB_Host_Library/Core/Src/usbh_core.c **** 
 2054              		.loc 1 430 35 is_stmt 0 view .LVU722
 2055 000e 0125     		movs	r5, #1
 2056 0010 84F82253 		strb	r5, [r4, #802]
 433:Middlewares/ST/STM32_USB_Host_Library/Core/Src/usbh_core.c **** 
 2057              		.loc 1 433 5 is_stmt 1 view .LVU723
 2058 0014 2046     		mov	r0, r4
 2059 0016 FFF7FEFF 		bl	USBH_Stop
 2060              	.LVL163:
 435:Middlewares/ST/STM32_USB_Host_Library/Core/Src/usbh_core.c ****   }
 2061              		.loc 1 435 5 view .LVU724
 435:Middlewares/ST/STM32_USB_Host_Library/Core/Src/usbh_core.c ****   }
 2062              		.loc 1 435 35 is_stmt 0 view .LVU725
 2063 001a 84F82153 		strb	r5, [r4, #801]
 2064 001e F4E7     		b	.L139
 2065              		.cfi_endproc
 2066              	.LFE229:
 2068              		.section	.text.USBH_LL_Connect,"ax",%progbits
 2069              		.align	1
ARM GAS  /tmp/ccyGUChw.s 			page 70


 2070              		.global	USBH_LL_Connect
 2071              		.syntax unified
 2072              		.thumb
 2073              		.thumb_func
 2075              	USBH_LL_Connect:
 2076              	.LVL164:
 2077              	.LFB238:
1236:Middlewares/ST/STM32_USB_Host_Library/Core/Src/usbh_core.c **** 
1237:Middlewares/ST/STM32_USB_Host_Library/Core/Src/usbh_core.c **** 
1238:Middlewares/ST/STM32_USB_Host_Library/Core/Src/usbh_core.c **** /**
1239:Middlewares/ST/STM32_USB_Host_Library/Core/Src/usbh_core.c ****   * @brief  USBH_LL_Connect
1240:Middlewares/ST/STM32_USB_Host_Library/Core/Src/usbh_core.c ****   *         Handle USB Host connexion event
1241:Middlewares/ST/STM32_USB_Host_Library/Core/Src/usbh_core.c ****   * @param  phost: Host Handle
1242:Middlewares/ST/STM32_USB_Host_Library/Core/Src/usbh_core.c ****   * @retval USBH_Status
1243:Middlewares/ST/STM32_USB_Host_Library/Core/Src/usbh_core.c ****   */
1244:Middlewares/ST/STM32_USB_Host_Library/Core/Src/usbh_core.c **** USBH_StatusTypeDef  USBH_LL_Connect(USBH_HandleTypeDef *phost)
1245:Middlewares/ST/STM32_USB_Host_Library/Core/Src/usbh_core.c **** {
 2078              		.loc 1 1245 1 is_stmt 1 view -0
 2079              		.cfi_startproc
 2080              		@ args = 0, pretend = 0, frame = 0
 2081              		@ frame_needed = 0, uses_anonymous_args = 0
 2082              		@ link register save eliminated.
 2083              		.loc 1 1245 1 is_stmt 0 view .LVU727
 2084 0000 0346     		mov	r3, r0
1246:Middlewares/ST/STM32_USB_Host_Library/Core/Src/usbh_core.c ****   phost->device.is_connected = 1U;
 2085              		.loc 1 1246 3 is_stmt 1 view .LVU728
 2086              		.loc 1 1246 30 is_stmt 0 view .LVU729
 2087 0002 0122     		movs	r2, #1
 2088 0004 80F82023 		strb	r2, [r0, #800]
1247:Middlewares/ST/STM32_USB_Host_Library/Core/Src/usbh_core.c ****   phost->device.is_disconnected = 0U;
 2089              		.loc 1 1247 3 is_stmt 1 view .LVU730
 2090              		.loc 1 1247 33 is_stmt 0 view .LVU731
 2091 0008 0020     		movs	r0, #0
 2092              	.LVL165:
 2093              		.loc 1 1247 33 view .LVU732
 2094 000a 83F82103 		strb	r0, [r3, #801]
1248:Middlewares/ST/STM32_USB_Host_Library/Core/Src/usbh_core.c ****   phost->device.is_ReEnumerated = 0U;
 2095              		.loc 1 1248 3 is_stmt 1 view .LVU733
 2096              		.loc 1 1248 33 is_stmt 0 view .LVU734
 2097 000e 83F82203 		strb	r0, [r3, #802]
1249:Middlewares/ST/STM32_USB_Host_Library/Core/Src/usbh_core.c **** 
1250:Middlewares/ST/STM32_USB_Host_Library/Core/Src/usbh_core.c **** 
1251:Middlewares/ST/STM32_USB_Host_Library/Core/Src/usbh_core.c **** #if (USBH_USE_OS == 1U)
1252:Middlewares/ST/STM32_USB_Host_Library/Core/Src/usbh_core.c ****   phost->os_msg = (uint32_t)USBH_PORT_EVENT;
1253:Middlewares/ST/STM32_USB_Host_Library/Core/Src/usbh_core.c **** #if (osCMSIS < 0x20000U)
1254:Middlewares/ST/STM32_USB_Host_Library/Core/Src/usbh_core.c ****   (void)osMessagePut(phost->os_event, phost->os_msg, 0U);
1255:Middlewares/ST/STM32_USB_Host_Library/Core/Src/usbh_core.c **** #else
1256:Middlewares/ST/STM32_USB_Host_Library/Core/Src/usbh_core.c ****   (void)osMessageQueuePut(phost->os_event, &phost->os_msg, 0U, NULL);
1257:Middlewares/ST/STM32_USB_Host_Library/Core/Src/usbh_core.c **** #endif
1258:Middlewares/ST/STM32_USB_Host_Library/Core/Src/usbh_core.c **** #endif
1259:Middlewares/ST/STM32_USB_Host_Library/Core/Src/usbh_core.c **** 
1260:Middlewares/ST/STM32_USB_Host_Library/Core/Src/usbh_core.c ****   return USBH_OK;
 2098              		.loc 1 1260 3 is_stmt 1 view .LVU735
1261:Middlewares/ST/STM32_USB_Host_Library/Core/Src/usbh_core.c **** }
 2099              		.loc 1 1261 1 is_stmt 0 view .LVU736
 2100 0012 7047     		bx	lr
 2101              		.cfi_endproc
ARM GAS  /tmp/ccyGUChw.s 			page 71


 2102              	.LFE238:
 2104              		.section	.text.USBH_LL_Disconnect,"ax",%progbits
 2105              		.align	1
 2106              		.global	USBH_LL_Disconnect
 2107              		.syntax unified
 2108              		.thumb
 2109              		.thumb_func
 2111              	USBH_LL_Disconnect:
 2112              	.LVL166:
 2113              	.LFB239:
1262:Middlewares/ST/STM32_USB_Host_Library/Core/Src/usbh_core.c **** 
1263:Middlewares/ST/STM32_USB_Host_Library/Core/Src/usbh_core.c **** 
1264:Middlewares/ST/STM32_USB_Host_Library/Core/Src/usbh_core.c **** /**
1265:Middlewares/ST/STM32_USB_Host_Library/Core/Src/usbh_core.c ****   * @brief  USBH_LL_Disconnect
1266:Middlewares/ST/STM32_USB_Host_Library/Core/Src/usbh_core.c ****   *         Handle USB Host disconnection event
1267:Middlewares/ST/STM32_USB_Host_Library/Core/Src/usbh_core.c ****   * @param  phost: Host Handle
1268:Middlewares/ST/STM32_USB_Host_Library/Core/Src/usbh_core.c ****   * @retval USBH_Status
1269:Middlewares/ST/STM32_USB_Host_Library/Core/Src/usbh_core.c ****   */
1270:Middlewares/ST/STM32_USB_Host_Library/Core/Src/usbh_core.c **** USBH_StatusTypeDef  USBH_LL_Disconnect(USBH_HandleTypeDef *phost)
1271:Middlewares/ST/STM32_USB_Host_Library/Core/Src/usbh_core.c **** {
 2114              		.loc 1 1271 1 is_stmt 1 view -0
 2115              		.cfi_startproc
 2116              		@ args = 0, pretend = 0, frame = 0
 2117              		@ frame_needed = 0, uses_anonymous_args = 0
 2118              		.loc 1 1271 1 is_stmt 0 view .LVU738
 2119 0000 38B5     		push	{r3, r4, r5, lr}
 2120              		.cfi_def_cfa_offset 16
 2121              		.cfi_offset 3, -16
 2122              		.cfi_offset 4, -12
 2123              		.cfi_offset 5, -8
 2124              		.cfi_offset 14, -4
 2125 0002 0446     		mov	r4, r0
1272:Middlewares/ST/STM32_USB_Host_Library/Core/Src/usbh_core.c ****   /* update device connection states */
1273:Middlewares/ST/STM32_USB_Host_Library/Core/Src/usbh_core.c ****   phost->device.is_disconnected = 1U;
 2126              		.loc 1 1273 3 is_stmt 1 view .LVU739
 2127              		.loc 1 1273 33 is_stmt 0 view .LVU740
 2128 0004 0123     		movs	r3, #1
 2129 0006 80F82133 		strb	r3, [r0, #801]
1274:Middlewares/ST/STM32_USB_Host_Library/Core/Src/usbh_core.c ****   phost->device.is_connected = 0U;
 2130              		.loc 1 1274 3 is_stmt 1 view .LVU741
 2131              		.loc 1 1274 30 is_stmt 0 view .LVU742
 2132 000a 0025     		movs	r5, #0
 2133 000c 80F82053 		strb	r5, [r0, #800]
1275:Middlewares/ST/STM32_USB_Host_Library/Core/Src/usbh_core.c ****   phost->device.PortEnabled = 0U;
 2134              		.loc 1 1275 3 is_stmt 1 view .LVU743
 2135              		.loc 1 1275 29 is_stmt 0 view .LVU744
 2136 0010 80F82353 		strb	r5, [r0, #803]
1276:Middlewares/ST/STM32_USB_Host_Library/Core/Src/usbh_core.c **** 
1277:Middlewares/ST/STM32_USB_Host_Library/Core/Src/usbh_core.c ****   /* Stop Host */
1278:Middlewares/ST/STM32_USB_Host_Library/Core/Src/usbh_core.c ****   USBH_LL_Stop(phost);
 2137              		.loc 1 1278 3 is_stmt 1 view .LVU745
 2138 0014 FFF7FEFF 		bl	USBH_LL_Stop
 2139              	.LVL167:
1279:Middlewares/ST/STM32_USB_Host_Library/Core/Src/usbh_core.c **** 
1280:Middlewares/ST/STM32_USB_Host_Library/Core/Src/usbh_core.c ****   /* FRee Control Pipes */
1281:Middlewares/ST/STM32_USB_Host_Library/Core/Src/usbh_core.c ****   USBH_FreePipe(phost, phost->Control.pipe_in);
 2140              		.loc 1 1281 3 view .LVU746
ARM GAS  /tmp/ccyGUChw.s 			page 72


 2141 0018 2179     		ldrb	r1, [r4, #4]	@ zero_extendqisi2
 2142 001a 2046     		mov	r0, r4
 2143 001c FFF7FEFF 		bl	USBH_FreePipe
 2144              	.LVL168:
1282:Middlewares/ST/STM32_USB_Host_Library/Core/Src/usbh_core.c ****   USBH_FreePipe(phost, phost->Control.pipe_out);
 2145              		.loc 1 1282 3 view .LVU747
 2146 0020 6179     		ldrb	r1, [r4, #5]	@ zero_extendqisi2
 2147 0022 2046     		mov	r0, r4
 2148 0024 FFF7FEFF 		bl	USBH_FreePipe
 2149              	.LVL169:
1283:Middlewares/ST/STM32_USB_Host_Library/Core/Src/usbh_core.c **** #if (USBH_USE_OS == 1U)
1284:Middlewares/ST/STM32_USB_Host_Library/Core/Src/usbh_core.c ****   phost->os_msg = (uint32_t)USBH_PORT_EVENT;
1285:Middlewares/ST/STM32_USB_Host_Library/Core/Src/usbh_core.c **** #if (osCMSIS < 0x20000U)
1286:Middlewares/ST/STM32_USB_Host_Library/Core/Src/usbh_core.c ****   (void)osMessagePut(phost->os_event, phost->os_msg, 0U);
1287:Middlewares/ST/STM32_USB_Host_Library/Core/Src/usbh_core.c **** #else
1288:Middlewares/ST/STM32_USB_Host_Library/Core/Src/usbh_core.c ****   (void)osMessageQueuePut(phost->os_event, &phost->os_msg, 0U, NULL);
1289:Middlewares/ST/STM32_USB_Host_Library/Core/Src/usbh_core.c **** #endif
1290:Middlewares/ST/STM32_USB_Host_Library/Core/Src/usbh_core.c **** #endif
1291:Middlewares/ST/STM32_USB_Host_Library/Core/Src/usbh_core.c **** 
1292:Middlewares/ST/STM32_USB_Host_Library/Core/Src/usbh_core.c ****   return USBH_OK;
 2150              		.loc 1 1292 3 view .LVU748
1293:Middlewares/ST/STM32_USB_Host_Library/Core/Src/usbh_core.c **** }
 2151              		.loc 1 1293 1 is_stmt 0 view .LVU749
 2152 0028 2846     		mov	r0, r5
 2153 002a 38BD     		pop	{r3, r4, r5, pc}
 2154              		.loc 1 1293 1 view .LVU750
 2155              		.cfi_endproc
 2156              	.LFE239:
 2158              		.text
 2159              	.Letext0:
 2160              		.file 2 "/usr/lib/gcc/arm-none-eabi/13.2.1/include/stdint.h"
 2161              		.file 3 "Middlewares/ST/STM32_USB_Host_Library/Core/Inc/usbh_def.h"
 2162              		.file 4 "Middlewares/ST/STM32_USB_Host_Library/Core/Inc/usbh_ctlreq.h"
 2163              		.file 5 "Middlewares/ST/STM32_USB_Host_Library/Core/Inc/usbh_pipes.h"
 2164              		.file 6 "Middlewares/ST/STM32_USB_Host_Library/Core/Inc/usbh_core.h"
ARM GAS  /tmp/ccyGUChw.s 			page 73


DEFINED SYMBOLS
                            *ABS*:00000000 usbh_core.c
     /tmp/ccyGUChw.s:21     .text.DeInitStateMachine:00000000 $t
     /tmp/ccyGUChw.s:26     .text.DeInitStateMachine:00000000 DeInitStateMachine
     /tmp/ccyGUChw.s:124    .text.USBH_HandleSof:00000000 $t
     /tmp/ccyGUChw.s:129    .text.USBH_HandleSof:00000000 USBH_HandleSof
     /tmp/ccyGUChw.s:171    .text.USBH_HandleEnum:00000000 $t
     /tmp/ccyGUChw.s:176    .text.USBH_HandleEnum:00000000 USBH_HandleEnum
     /tmp/ccyGUChw.s:204    .text.USBH_HandleEnum:00000012 $d
     /tmp/ccyGUChw.s:212    .text.USBH_HandleEnum:00000022 $t
     /tmp/ccyGUChw.s:778    .text.USBH_Init:00000000 $t
     /tmp/ccyGUChw.s:784    .text.USBH_Init:00000000 USBH_Init
     /tmp/ccyGUChw.s:860    .text.USBH_DeInit:00000000 $t
     /tmp/ccyGUChw.s:866    .text.USBH_DeInit:00000000 USBH_DeInit
     /tmp/ccyGUChw.s:920    .text.USBH_RegisterClass:00000000 $t
     /tmp/ccyGUChw.s:926    .text.USBH_RegisterClass:00000000 USBH_RegisterClass
     /tmp/ccyGUChw.s:978    .text.USBH_SelectInterface:00000000 $t
     /tmp/ccyGUChw.s:984    .text.USBH_SelectInterface:00000000 USBH_SelectInterface
     /tmp/ccyGUChw.s:1031   .text.USBH_GetActiveClass:00000000 $t
     /tmp/ccyGUChw.s:1037   .text.USBH_GetActiveClass:00000000 USBH_GetActiveClass
     /tmp/ccyGUChw.s:1055   .text.USBH_FindInterface:00000000 $t
     /tmp/ccyGUChw.s:1061   .text.USBH_FindInterface:00000000 USBH_FindInterface
     /tmp/ccyGUChw.s:1150   .text.USBH_FindInterfaceIndex:00000000 $t
     /tmp/ccyGUChw.s:1156   .text.USBH_FindInterfaceIndex:00000000 USBH_FindInterfaceIndex
     /tmp/ccyGUChw.s:1221   .text.USBH_Start:00000000 $t
     /tmp/ccyGUChw.s:1227   .text.USBH_Start:00000000 USBH_Start
     /tmp/ccyGUChw.s:1257   .text.USBH_Stop:00000000 $t
     /tmp/ccyGUChw.s:1263   .text.USBH_Stop:00000000 USBH_Stop
     /tmp/ccyGUChw.s:1303   .text.USBH_Process:00000000 $t
     /tmp/ccyGUChw.s:1309   .text.USBH_Process:00000000 USBH_Process
     /tmp/ccyGUChw.s:1348   .text.USBH_Process:00000022 $d
     /tmp/ccyGUChw.s:1360   .text.USBH_Process:0000003a $t
     /tmp/ccyGUChw.s:1889   .text.USBH_LL_SetTimer:00000000 $t
     /tmp/ccyGUChw.s:1895   .text.USBH_LL_SetTimer:00000000 USBH_LL_SetTimer
     /tmp/ccyGUChw.s:1912   .text.USBH_LL_IncTimer:00000000 $t
     /tmp/ccyGUChw.s:1918   .text.USBH_LL_IncTimer:00000000 USBH_LL_IncTimer
     /tmp/ccyGUChw.s:1945   .text.USBH_LL_PortEnabled:00000000 $t
     /tmp/ccyGUChw.s:1951   .text.USBH_LL_PortEnabled:00000000 USBH_LL_PortEnabled
     /tmp/ccyGUChw.s:1970   .text.USBH_LL_PortDisabled:00000000 $t
     /tmp/ccyGUChw.s:1976   .text.USBH_LL_PortDisabled:00000000 USBH_LL_PortDisabled
     /tmp/ccyGUChw.s:1995   .text.USBH_IsPortEnabled:00000000 $t
     /tmp/ccyGUChw.s:2001   .text.USBH_IsPortEnabled:00000000 USBH_IsPortEnabled
     /tmp/ccyGUChw.s:2019   .text.USBH_ReEnumerate:00000000 $t
     /tmp/ccyGUChw.s:2025   .text.USBH_ReEnumerate:00000000 USBH_ReEnumerate
     /tmp/ccyGUChw.s:2069   .text.USBH_LL_Connect:00000000 $t
     /tmp/ccyGUChw.s:2075   .text.USBH_LL_Connect:00000000 USBH_LL_Connect
     /tmp/ccyGUChw.s:2105   .text.USBH_LL_Disconnect:00000000 $t
     /tmp/ccyGUChw.s:2111   .text.USBH_LL_Disconnect:00000000 USBH_LL_Disconnect
                           .group:00000000 wm4.0.a2c88c0e0e60094af2c84dce921779d2
                           .group:00000000 wm4._newlib_version.h.4.411db44ea2338a62eca2f0777f81481b
                           .group:00000000 wm4.newlib.h.27.c836a31b4651d2e2221512767dba946d
                           .group:00000000 wm4.ieeefp.h.77.5ad60f72ea25fc152400b550ac118212
                           .group:00000000 wm4.features.h.22.4e5514d51694f64cae235f84d9e565a5
                           .group:00000000 wm4.config.h.224.88344135d9de3e7ea139102cd6493448
                           .group:00000000 wm4._ansi.h.31.de524f58584151836e90d8620a16f8e8
                           .group:00000000 wm4.stdio.h.31.7c0e28c411445f3f9c5b11accf882760
                           .group:00000000 wm4._default_types.h.6.959254cf5f09734ea7516c89e8bb21bd
ARM GAS  /tmp/ccyGUChw.s 			page 74


                           .group:00000000 wm4.stddef.h.185.cbb642e1ccd385e8aa504b15cb7fb086
                           .group:00000000 wm4.cdefs.h.49.70fc7af612f78ddcace70fdd90b5623b
                           .group:00000000 wm4.stddef.h.39.6817658cc6bc4c7c8354d2009e4a5777
                           .group:00000000 wm4.stdarg.h.34.3a23a216c0c293b3d2ea2e89281481e6
                           .group:00000000 wm4._types.h.20.dd0d04dca3800a0d2a6129b87f3adbb2
                           .group:00000000 wm4.stddef.h.158.6f8e08a347b1cff664332fa350bfceb3
                           .group:00000000 wm4._types.h.127.3bdfe3ff8ea2d0985b03d9cbe93480e3
                           .group:00000000 wm4.reent.h.18.25503cdc8b7e55dd0d6ea7b3e5af7a03
                           .group:00000000 wm4.lock.h.2.c0958401bd0ce484d507ee19aacab817
                           .group:00000000 wm4.reent.h.78.ffae6115d9409cbff6542f042d93715e
                           .group:00000000 wm4.assert.h.11.db24e541f16414db224bf986d21017e2
                           .group:00000000 wm4.reent.h.460.dc5a3362e34409fa841b38093e890350
                           .group:00000000 wm4.stdio.h.67.0cf8a9c281ab0b348aef5c02e7e48825
                           .group:00000000 wm4.stdio.h.2.4aa87247282eca6c8f36f9de33d8df1a
                           .group:00000000 wm4.stdio.h.87.408e5d973372126daeef099c555b2753
                           .group:00000000 wm4.stdlib.h.13.4ed386f5c1a80d71e72172885d946ef2
                           .group:00000000 wm4.stddef.h.158.eec8bf00b5213f43d095cb984c5f22e3
                           .group:00000000 wm4.alloca.h.8.dfc0c703c47ec3e69746825b17d9e66d
                           .group:00000000 wm4.stdlib.h.56.f4862cfbf4363a1db01842d5bdf72c18
                           .group:00000000 wm4.string.h.8.c4b8571ce60dff2817f43fec8b86aecd
                           .group:00000000 wm4.stm32f4xx_hal_conf.h.25.758a9f5dc6450f8647b5af7fe8eb27ed
                           .group:00000000 wm4.stm32f4xx.h.39.163e65267b4f964a08764289722b975f
                           .group:00000000 wm4.stm32f401xc.h.35.52d05665f5a2df9c1992e17eee7d2af5
                           .group:00000000 wm4.stdint.h.29.6d480f4ba0f60596e88234283d42444f
                           .group:00000000 wm4.cmsis_version.h.32.4d5822004c01a829a975260e854b5f8e
                           .group:00000000 wm4.core_cm4.h.66.e4ff136c4a17abc46741866f64f8e729
                           .group:00000000 wm4.cmsis_gcc.h.26.6774fe91202d65f4d5ffcff60e00da34
                           .group:00000000 wm4.core_cm4.h.174.059a5e001a9e729091d1407208e93224
                           .group:00000000 wm4.mpu_armv7.h.32.27b4593cb2f8d3152ca5d97a9d72b321
                           .group:00000000 wm4.stm32f401xc.h.636.9a664cc173dbe5d5f2dac1e758e3577d
                           .group:00000000 wm4.stm32f4xx.h.196.0b21137cf6c6923d8fd1f4d94a3bfdd4
                           .group:00000000 wm4.stm32_hal_legacy.h.23.e2601123cf1b2a3b6d11d949644ddf87
                           .group:00000000 wm4.stm32f4xx_hal_def.h.58.54897f0de68447ab41a176b2bea62238
                           .group:00000000 wm4.stm32f4xx_hal_rcc_ex.h.22.3f3b596cc307dc701c7c99b0fc6c9b58
                           .group:00000000 wm4.stm32f4xx_hal_rcc.h.108.b82c8c670b41d96b2920e2f63661be15
                           .group:00000000 wm4.stm32f4xx_hal_gpio.h.22.e47df9f0f5be4ddc2ed2d14042c5e680
                           .group:00000000 wm4.stm32f4xx_hal_gpio_ex.h.22.5014ee010492a350679453c3b4a59718
                           .group:00000000 wm4.stm32f4xx_hal_gpio.h.255.5b948d47ad1357d6d2213e5e5ca4755c
                           .group:00000000 wm4.stm32f4xx_hal_exti.h.22.1f47767199c5bf749c04088e5c61c9c8
                           .group:00000000 wm4.stm32f4xx_hal_dma.h.22.fffce20ac9119c50557659c75e75ab1c
                           .group:00000000 wm4.stm32f4xx_hal_dma.h.721.a1e57ffbc615f926e6509c5acc65e492
                           .group:00000000 wm4.stm32f4xx_hal_cortex.h.22.e6aa3b847b5388be63c32d1f9e696ef7
                           .group:00000000 wm4.stm32f4xx_ll_adc.h.22.a8e07f8509bbb4868e2c24461c7eee47
                           .group:00000000 wm4.stm32f4xx_hal_adc.h.160.ef18931a059b62efbac7762c6a09e47f
                           .group:00000000 wm4.stm32f4xx_hal_adc_ex.h.22.25ddc09ef7109b33adae2990f50c4304
                           .group:00000000 wm4.stm32f4xx_hal_adc.h.640.733b38c420d3407eb5f8ddd98816c661
                           .group:00000000 wm4.stm32f4xx_hal_flash.h.22.31b301be2655c3eb8583e51c8231544a
                           .group:00000000 wm4.stm32f4xx_hal_flash_ex.h.22.00cb5cb208d28a1f20f3b257a6f51bad
                           .group:00000000 wm4.stm32f4xx_hal_flash.h.363.51efdf0f6c88f683efb89d7cc95cc1be
                           .group:00000000 wm4.stm32f4xx_hal_pwr.h.22.2c27d93ae187efe3a73816f03a329970
                           .group:00000000 wm4.stm32f4xx_hal_pwr_ex.h.22.04eb3957e13ca6e5ed8952d2d168bdc0
                           .group:00000000 wm4.stm32f4xx_hal_pwr.h.337.60b43975c84527a23cb6994b23165a5e
                           .group:00000000 wm4.stm32f4xx_hal_uart.h.22.591b491756a19342b0bf79eea5b33e1b
                           .group:00000000 wm4.stm32f4xx_ll_usb.h.22.3497d8ac31b2bdafc7c2a34d860c4769
                           .group:00000000 wm4.stm32f4xx_hal_hcd.h.111.a51c3bd0d61d2d8cadb372f7c7d9eccb
                           .group:00000000 wm4.stm32f4xx_hal.h.72.a5a58188aa461a0614f1e58e159c7840
                           .group:00000000 wm4.main.h.71.bc0cb02e68a9e5487bd44975fd1506af
ARM GAS  /tmp/ccyGUChw.s 			page 75


                           .group:00000000 wm4.usbh_conf.h.65.151c65329cc7c235ce65de2a3390581e
                           .group:00000000 wm4.usbh_def.h.22.880def0f14ab205d26992d2a2bb1bab8
                           .group:00000000 wm4.usbh_ioreq.h.50.0074542f2717bb439abbb8fd98a9701e
                           .group:00000000 wm4.usbh_ctlreq.h.22.9bfba4b97481aa4223fea2a82ac65e06
                           .group:00000000 wm4.usbh_core.h.55.ae1dc9825935c4c49bf309379b79900a

UNDEFINED SYMBOLS
USBH_Get_DevDesc
USBH_OpenPipe
USBH_FreePipe
USBH_SetAddress
USBH_Delay
USBH_Get_CfgDesc
USBH_Get_StringDesc
USBH_LL_Init
USBH_LL_Stop
USBH_LL_Start
USBH_LL_DriverVBUS
USBH_LL_ResetPort
USBH_LL_GetSpeed
USBH_AllocPipe
USBH_SetCfg
USBH_SetFeature
