ARM GAS  /tmp/ccNwOiU6.s 			page 1


   1              		.cpu cortex-m4
   2              		.arch armv7e-m
   3              		.fpu fpv4-sp-d16
   4              		.eabi_attribute 27, 1
   5              		.eabi_attribute 28, 1
   6              		.eabi_attribute 20, 1
   7              		.eabi_attribute 21, 1
   8              		.eabi_attribute 23, 3
   9              		.eabi_attribute 24, 1
  10              		.eabi_attribute 25, 1
  11              		.eabi_attribute 26, 1
  12              		.eabi_attribute 30, 1
  13              		.eabi_attribute 34, 1
  14              		.eabi_attribute 18, 4
  15              		.file	"usbh_ctlreq.c"
  16              		.text
  17              	.Ltext0:
  18              		.cfi_sections	.debug_frame
  19              		.file 1 "Middlewares/ST/STM32_USB_Host_Library/Core/Src/usbh_ctlreq.c"
  20              		.section	.text.USBH_ParseDevDesc,"ax",%progbits
  21              		.align	1
  22              		.syntax unified
  23              		.thumb
  24              		.thumb_func
  26              	USBH_ParseDevDesc:
  27              	.LVL0:
  28              	.LFB228:
   1:Middlewares/ST/STM32_USB_Host_Library/Core/Src/usbh_ctlreq.c **** /**
   2:Middlewares/ST/STM32_USB_Host_Library/Core/Src/usbh_ctlreq.c ****   ******************************************************************************
   3:Middlewares/ST/STM32_USB_Host_Library/Core/Src/usbh_ctlreq.c ****   * @file    usbh_ctlreq.c
   4:Middlewares/ST/STM32_USB_Host_Library/Core/Src/usbh_ctlreq.c ****   * @author  MCD Application Team
   5:Middlewares/ST/STM32_USB_Host_Library/Core/Src/usbh_ctlreq.c ****   * @brief   This file implements the control requests for device enumeration
   6:Middlewares/ST/STM32_USB_Host_Library/Core/Src/usbh_ctlreq.c ****   ******************************************************************************
   7:Middlewares/ST/STM32_USB_Host_Library/Core/Src/usbh_ctlreq.c ****   * @attention
   8:Middlewares/ST/STM32_USB_Host_Library/Core/Src/usbh_ctlreq.c ****   *
   9:Middlewares/ST/STM32_USB_Host_Library/Core/Src/usbh_ctlreq.c ****   * <h2><center>&copy; Copyright (c) 2015 STMicroelectronics.
  10:Middlewares/ST/STM32_USB_Host_Library/Core/Src/usbh_ctlreq.c ****   * All rights reserved.</center></h2>
  11:Middlewares/ST/STM32_USB_Host_Library/Core/Src/usbh_ctlreq.c ****   *
  12:Middlewares/ST/STM32_USB_Host_Library/Core/Src/usbh_ctlreq.c ****   * This software component is licensed by ST under Ultimate Liberty license
  13:Middlewares/ST/STM32_USB_Host_Library/Core/Src/usbh_ctlreq.c ****   * SLA0044, the "License"; You may not use this file except in compliance with
  14:Middlewares/ST/STM32_USB_Host_Library/Core/Src/usbh_ctlreq.c ****   * the License. You may obtain a copy of the License at:
  15:Middlewares/ST/STM32_USB_Host_Library/Core/Src/usbh_ctlreq.c ****   *                      www.st.com/SLA0044
  16:Middlewares/ST/STM32_USB_Host_Library/Core/Src/usbh_ctlreq.c ****   *
  17:Middlewares/ST/STM32_USB_Host_Library/Core/Src/usbh_ctlreq.c ****   ******************************************************************************
  18:Middlewares/ST/STM32_USB_Host_Library/Core/Src/usbh_ctlreq.c ****   */
  19:Middlewares/ST/STM32_USB_Host_Library/Core/Src/usbh_ctlreq.c **** 
  20:Middlewares/ST/STM32_USB_Host_Library/Core/Src/usbh_ctlreq.c **** /* Includes ------------------------------------------------------------------*/
  21:Middlewares/ST/STM32_USB_Host_Library/Core/Src/usbh_ctlreq.c **** #include "usbh_ctlreq.h"
  22:Middlewares/ST/STM32_USB_Host_Library/Core/Src/usbh_ctlreq.c **** 
  23:Middlewares/ST/STM32_USB_Host_Library/Core/Src/usbh_ctlreq.c **** /** @addtogroup USBH_LIB
  24:Middlewares/ST/STM32_USB_Host_Library/Core/Src/usbh_ctlreq.c **** * @{
  25:Middlewares/ST/STM32_USB_Host_Library/Core/Src/usbh_ctlreq.c **** */
  26:Middlewares/ST/STM32_USB_Host_Library/Core/Src/usbh_ctlreq.c **** 
  27:Middlewares/ST/STM32_USB_Host_Library/Core/Src/usbh_ctlreq.c **** /** @addtogroup USBH_LIB_CORE
  28:Middlewares/ST/STM32_USB_Host_Library/Core/Src/usbh_ctlreq.c **** * @{
  29:Middlewares/ST/STM32_USB_Host_Library/Core/Src/usbh_ctlreq.c **** */
  30:Middlewares/ST/STM32_USB_Host_Library/Core/Src/usbh_ctlreq.c **** 
ARM GAS  /tmp/ccNwOiU6.s 			page 2


  31:Middlewares/ST/STM32_USB_Host_Library/Core/Src/usbh_ctlreq.c **** /** @defgroup USBH_CTLREQ
  32:Middlewares/ST/STM32_USB_Host_Library/Core/Src/usbh_ctlreq.c **** * @brief This file implements the standard requests for device enumeration
  33:Middlewares/ST/STM32_USB_Host_Library/Core/Src/usbh_ctlreq.c **** * @{
  34:Middlewares/ST/STM32_USB_Host_Library/Core/Src/usbh_ctlreq.c **** */
  35:Middlewares/ST/STM32_USB_Host_Library/Core/Src/usbh_ctlreq.c **** 
  36:Middlewares/ST/STM32_USB_Host_Library/Core/Src/usbh_ctlreq.c **** 
  37:Middlewares/ST/STM32_USB_Host_Library/Core/Src/usbh_ctlreq.c **** /** @defgroup USBH_CTLREQ_Private_Defines
  38:Middlewares/ST/STM32_USB_Host_Library/Core/Src/usbh_ctlreq.c **** * @{
  39:Middlewares/ST/STM32_USB_Host_Library/Core/Src/usbh_ctlreq.c **** */
  40:Middlewares/ST/STM32_USB_Host_Library/Core/Src/usbh_ctlreq.c **** /**
  41:Middlewares/ST/STM32_USB_Host_Library/Core/Src/usbh_ctlreq.c **** * @}
  42:Middlewares/ST/STM32_USB_Host_Library/Core/Src/usbh_ctlreq.c **** */
  43:Middlewares/ST/STM32_USB_Host_Library/Core/Src/usbh_ctlreq.c **** 
  44:Middlewares/ST/STM32_USB_Host_Library/Core/Src/usbh_ctlreq.c **** 
  45:Middlewares/ST/STM32_USB_Host_Library/Core/Src/usbh_ctlreq.c **** /** @defgroup USBH_CTLREQ_Private_TypesDefinitions
  46:Middlewares/ST/STM32_USB_Host_Library/Core/Src/usbh_ctlreq.c **** * @{
  47:Middlewares/ST/STM32_USB_Host_Library/Core/Src/usbh_ctlreq.c **** */
  48:Middlewares/ST/STM32_USB_Host_Library/Core/Src/usbh_ctlreq.c **** /**
  49:Middlewares/ST/STM32_USB_Host_Library/Core/Src/usbh_ctlreq.c **** * @}
  50:Middlewares/ST/STM32_USB_Host_Library/Core/Src/usbh_ctlreq.c **** */
  51:Middlewares/ST/STM32_USB_Host_Library/Core/Src/usbh_ctlreq.c **** 
  52:Middlewares/ST/STM32_USB_Host_Library/Core/Src/usbh_ctlreq.c **** 
  53:Middlewares/ST/STM32_USB_Host_Library/Core/Src/usbh_ctlreq.c **** 
  54:Middlewares/ST/STM32_USB_Host_Library/Core/Src/usbh_ctlreq.c **** /** @defgroup USBH_CTLREQ_Private_Macros
  55:Middlewares/ST/STM32_USB_Host_Library/Core/Src/usbh_ctlreq.c **** * @{
  56:Middlewares/ST/STM32_USB_Host_Library/Core/Src/usbh_ctlreq.c **** */
  57:Middlewares/ST/STM32_USB_Host_Library/Core/Src/usbh_ctlreq.c **** /**
  58:Middlewares/ST/STM32_USB_Host_Library/Core/Src/usbh_ctlreq.c **** * @}
  59:Middlewares/ST/STM32_USB_Host_Library/Core/Src/usbh_ctlreq.c **** */
  60:Middlewares/ST/STM32_USB_Host_Library/Core/Src/usbh_ctlreq.c **** 
  61:Middlewares/ST/STM32_USB_Host_Library/Core/Src/usbh_ctlreq.c **** 
  62:Middlewares/ST/STM32_USB_Host_Library/Core/Src/usbh_ctlreq.c **** /** @defgroup USBH_CTLREQ_Private_Variables
  63:Middlewares/ST/STM32_USB_Host_Library/Core/Src/usbh_ctlreq.c **** * @{
  64:Middlewares/ST/STM32_USB_Host_Library/Core/Src/usbh_ctlreq.c **** */
  65:Middlewares/ST/STM32_USB_Host_Library/Core/Src/usbh_ctlreq.c **** /**
  66:Middlewares/ST/STM32_USB_Host_Library/Core/Src/usbh_ctlreq.c **** * @}
  67:Middlewares/ST/STM32_USB_Host_Library/Core/Src/usbh_ctlreq.c **** */
  68:Middlewares/ST/STM32_USB_Host_Library/Core/Src/usbh_ctlreq.c **** 
  69:Middlewares/ST/STM32_USB_Host_Library/Core/Src/usbh_ctlreq.c **** /** @defgroup USBH_CTLREQ_Private_FunctionPrototypes
  70:Middlewares/ST/STM32_USB_Host_Library/Core/Src/usbh_ctlreq.c **** * @{
  71:Middlewares/ST/STM32_USB_Host_Library/Core/Src/usbh_ctlreq.c **** */
  72:Middlewares/ST/STM32_USB_Host_Library/Core/Src/usbh_ctlreq.c **** static USBH_StatusTypeDef USBH_HandleControl(USBH_HandleTypeDef *phost);
  73:Middlewares/ST/STM32_USB_Host_Library/Core/Src/usbh_ctlreq.c **** 
  74:Middlewares/ST/STM32_USB_Host_Library/Core/Src/usbh_ctlreq.c **** static void USBH_ParseDevDesc(USBH_DevDescTypeDef *dev_desc,
  75:Middlewares/ST/STM32_USB_Host_Library/Core/Src/usbh_ctlreq.c ****                               uint8_t *buf, uint16_t length);
  76:Middlewares/ST/STM32_USB_Host_Library/Core/Src/usbh_ctlreq.c **** 
  77:Middlewares/ST/STM32_USB_Host_Library/Core/Src/usbh_ctlreq.c **** static void USBH_ParseCfgDesc(USBH_CfgDescTypeDef *cfg_desc,
  78:Middlewares/ST/STM32_USB_Host_Library/Core/Src/usbh_ctlreq.c ****                               uint8_t *buf, uint16_t length);
  79:Middlewares/ST/STM32_USB_Host_Library/Core/Src/usbh_ctlreq.c **** 
  80:Middlewares/ST/STM32_USB_Host_Library/Core/Src/usbh_ctlreq.c **** static void USBH_ParseEPDesc(USBH_EpDescTypeDef  *ep_descriptor, uint8_t *buf);
  81:Middlewares/ST/STM32_USB_Host_Library/Core/Src/usbh_ctlreq.c **** static void USBH_ParseStringDesc(uint8_t *psrc, uint8_t *pdest, uint16_t length);
  82:Middlewares/ST/STM32_USB_Host_Library/Core/Src/usbh_ctlreq.c **** static void USBH_ParseInterfaceDesc(USBH_InterfaceDescTypeDef  *if_descriptor, uint8_t *buf);
  83:Middlewares/ST/STM32_USB_Host_Library/Core/Src/usbh_ctlreq.c **** 
  84:Middlewares/ST/STM32_USB_Host_Library/Core/Src/usbh_ctlreq.c **** 
  85:Middlewares/ST/STM32_USB_Host_Library/Core/Src/usbh_ctlreq.c **** /**
  86:Middlewares/ST/STM32_USB_Host_Library/Core/Src/usbh_ctlreq.c **** * @}
  87:Middlewares/ST/STM32_USB_Host_Library/Core/Src/usbh_ctlreq.c **** */
ARM GAS  /tmp/ccNwOiU6.s 			page 3


  88:Middlewares/ST/STM32_USB_Host_Library/Core/Src/usbh_ctlreq.c **** 
  89:Middlewares/ST/STM32_USB_Host_Library/Core/Src/usbh_ctlreq.c **** 
  90:Middlewares/ST/STM32_USB_Host_Library/Core/Src/usbh_ctlreq.c **** /** @defgroup USBH_CTLREQ_Private_Functions
  91:Middlewares/ST/STM32_USB_Host_Library/Core/Src/usbh_ctlreq.c **** * @{
  92:Middlewares/ST/STM32_USB_Host_Library/Core/Src/usbh_ctlreq.c **** */
  93:Middlewares/ST/STM32_USB_Host_Library/Core/Src/usbh_ctlreq.c **** 
  94:Middlewares/ST/STM32_USB_Host_Library/Core/Src/usbh_ctlreq.c **** 
  95:Middlewares/ST/STM32_USB_Host_Library/Core/Src/usbh_ctlreq.c **** /**
  96:Middlewares/ST/STM32_USB_Host_Library/Core/Src/usbh_ctlreq.c ****   * @brief  USBH_Get_DevDesc
  97:Middlewares/ST/STM32_USB_Host_Library/Core/Src/usbh_ctlreq.c ****   *         Issue Get Device Descriptor command to the device. Once the response
  98:Middlewares/ST/STM32_USB_Host_Library/Core/Src/usbh_ctlreq.c ****   *         received, it parses the device descriptor and updates the status.
  99:Middlewares/ST/STM32_USB_Host_Library/Core/Src/usbh_ctlreq.c ****   * @param  phost: Host Handle
 100:Middlewares/ST/STM32_USB_Host_Library/Core/Src/usbh_ctlreq.c ****   * @param  length: Length of the descriptor
 101:Middlewares/ST/STM32_USB_Host_Library/Core/Src/usbh_ctlreq.c ****   * @retval USBH Status
 102:Middlewares/ST/STM32_USB_Host_Library/Core/Src/usbh_ctlreq.c ****   */
 103:Middlewares/ST/STM32_USB_Host_Library/Core/Src/usbh_ctlreq.c **** USBH_StatusTypeDef USBH_Get_DevDesc(USBH_HandleTypeDef *phost, uint8_t length)
 104:Middlewares/ST/STM32_USB_Host_Library/Core/Src/usbh_ctlreq.c **** {
 105:Middlewares/ST/STM32_USB_Host_Library/Core/Src/usbh_ctlreq.c ****   USBH_StatusTypeDef status;
 106:Middlewares/ST/STM32_USB_Host_Library/Core/Src/usbh_ctlreq.c **** 
 107:Middlewares/ST/STM32_USB_Host_Library/Core/Src/usbh_ctlreq.c ****   if ((status = USBH_GetDescriptor(phost,
 108:Middlewares/ST/STM32_USB_Host_Library/Core/Src/usbh_ctlreq.c ****                                    USB_REQ_RECIPIENT_DEVICE | USB_REQ_TYPE_STANDARD,
 109:Middlewares/ST/STM32_USB_Host_Library/Core/Src/usbh_ctlreq.c ****                                    USB_DESC_DEVICE, phost->device.Data,
 110:Middlewares/ST/STM32_USB_Host_Library/Core/Src/usbh_ctlreq.c ****                                    (uint16_t)length)) == USBH_OK)
 111:Middlewares/ST/STM32_USB_Host_Library/Core/Src/usbh_ctlreq.c ****   {
 112:Middlewares/ST/STM32_USB_Host_Library/Core/Src/usbh_ctlreq.c ****     /* Commands successfully sent and Response Received */
 113:Middlewares/ST/STM32_USB_Host_Library/Core/Src/usbh_ctlreq.c ****     USBH_ParseDevDesc(&phost->device.DevDesc, phost->device.Data,
 114:Middlewares/ST/STM32_USB_Host_Library/Core/Src/usbh_ctlreq.c ****                       (uint16_t)length);
 115:Middlewares/ST/STM32_USB_Host_Library/Core/Src/usbh_ctlreq.c ****   }
 116:Middlewares/ST/STM32_USB_Host_Library/Core/Src/usbh_ctlreq.c **** 
 117:Middlewares/ST/STM32_USB_Host_Library/Core/Src/usbh_ctlreq.c ****   return status;
 118:Middlewares/ST/STM32_USB_Host_Library/Core/Src/usbh_ctlreq.c **** }
 119:Middlewares/ST/STM32_USB_Host_Library/Core/Src/usbh_ctlreq.c **** 
 120:Middlewares/ST/STM32_USB_Host_Library/Core/Src/usbh_ctlreq.c **** 
 121:Middlewares/ST/STM32_USB_Host_Library/Core/Src/usbh_ctlreq.c **** /**
 122:Middlewares/ST/STM32_USB_Host_Library/Core/Src/usbh_ctlreq.c ****   * @brief  USBH_Get_CfgDesc
 123:Middlewares/ST/STM32_USB_Host_Library/Core/Src/usbh_ctlreq.c ****   *         Issues Configuration Descriptor to the device. Once the response
 124:Middlewares/ST/STM32_USB_Host_Library/Core/Src/usbh_ctlreq.c ****   *         received, it parses the configuration descriptor and updates the
 125:Middlewares/ST/STM32_USB_Host_Library/Core/Src/usbh_ctlreq.c ****   *         status.
 126:Middlewares/ST/STM32_USB_Host_Library/Core/Src/usbh_ctlreq.c ****   * @param  phost: Host Handle
 127:Middlewares/ST/STM32_USB_Host_Library/Core/Src/usbh_ctlreq.c ****   * @param  length: Length of the descriptor
 128:Middlewares/ST/STM32_USB_Host_Library/Core/Src/usbh_ctlreq.c ****   * @retval USBH Status
 129:Middlewares/ST/STM32_USB_Host_Library/Core/Src/usbh_ctlreq.c ****   */
 130:Middlewares/ST/STM32_USB_Host_Library/Core/Src/usbh_ctlreq.c **** USBH_StatusTypeDef USBH_Get_CfgDesc(USBH_HandleTypeDef *phost,
 131:Middlewares/ST/STM32_USB_Host_Library/Core/Src/usbh_ctlreq.c ****                                     uint16_t length)
 132:Middlewares/ST/STM32_USB_Host_Library/Core/Src/usbh_ctlreq.c **** 
 133:Middlewares/ST/STM32_USB_Host_Library/Core/Src/usbh_ctlreq.c **** {
 134:Middlewares/ST/STM32_USB_Host_Library/Core/Src/usbh_ctlreq.c ****   USBH_StatusTypeDef status;
 135:Middlewares/ST/STM32_USB_Host_Library/Core/Src/usbh_ctlreq.c ****   uint8_t *pData = phost->device.CfgDesc_Raw;;
 136:Middlewares/ST/STM32_USB_Host_Library/Core/Src/usbh_ctlreq.c **** 
 137:Middlewares/ST/STM32_USB_Host_Library/Core/Src/usbh_ctlreq.c ****   if ((status = USBH_GetDescriptor(phost, (USB_REQ_RECIPIENT_DEVICE | USB_REQ_TYPE_STANDARD),
 138:Middlewares/ST/STM32_USB_Host_Library/Core/Src/usbh_ctlreq.c ****                                    USB_DESC_CONFIGURATION, pData, length)) == USBH_OK)
 139:Middlewares/ST/STM32_USB_Host_Library/Core/Src/usbh_ctlreq.c ****   {
 140:Middlewares/ST/STM32_USB_Host_Library/Core/Src/usbh_ctlreq.c ****     /* Commands successfully sent and Response Received  */
 141:Middlewares/ST/STM32_USB_Host_Library/Core/Src/usbh_ctlreq.c ****     USBH_ParseCfgDesc(&phost->device.CfgDesc, pData, length);
 142:Middlewares/ST/STM32_USB_Host_Library/Core/Src/usbh_ctlreq.c ****   }
 143:Middlewares/ST/STM32_USB_Host_Library/Core/Src/usbh_ctlreq.c **** 
 144:Middlewares/ST/STM32_USB_Host_Library/Core/Src/usbh_ctlreq.c ****   return status;
ARM GAS  /tmp/ccNwOiU6.s 			page 4


 145:Middlewares/ST/STM32_USB_Host_Library/Core/Src/usbh_ctlreq.c **** }
 146:Middlewares/ST/STM32_USB_Host_Library/Core/Src/usbh_ctlreq.c **** 
 147:Middlewares/ST/STM32_USB_Host_Library/Core/Src/usbh_ctlreq.c **** 
 148:Middlewares/ST/STM32_USB_Host_Library/Core/Src/usbh_ctlreq.c **** /**
 149:Middlewares/ST/STM32_USB_Host_Library/Core/Src/usbh_ctlreq.c ****   * @brief  USBH_Get_StringDesc
 150:Middlewares/ST/STM32_USB_Host_Library/Core/Src/usbh_ctlreq.c ****   *         Issues string Descriptor command to the device. Once the response
 151:Middlewares/ST/STM32_USB_Host_Library/Core/Src/usbh_ctlreq.c ****   *         received, it parses the string descriptor and updates the status.
 152:Middlewares/ST/STM32_USB_Host_Library/Core/Src/usbh_ctlreq.c ****   * @param  phost: Host Handle
 153:Middlewares/ST/STM32_USB_Host_Library/Core/Src/usbh_ctlreq.c ****   * @param  string_index: String index for the descriptor
 154:Middlewares/ST/STM32_USB_Host_Library/Core/Src/usbh_ctlreq.c ****   * @param  buff: Buffer address for the descriptor
 155:Middlewares/ST/STM32_USB_Host_Library/Core/Src/usbh_ctlreq.c ****   * @param  length: Length of the descriptor
 156:Middlewares/ST/STM32_USB_Host_Library/Core/Src/usbh_ctlreq.c ****   * @retval USBH Status
 157:Middlewares/ST/STM32_USB_Host_Library/Core/Src/usbh_ctlreq.c ****   */
 158:Middlewares/ST/STM32_USB_Host_Library/Core/Src/usbh_ctlreq.c **** USBH_StatusTypeDef USBH_Get_StringDesc(USBH_HandleTypeDef *phost,
 159:Middlewares/ST/STM32_USB_Host_Library/Core/Src/usbh_ctlreq.c ****                                        uint8_t string_index, uint8_t *buff,
 160:Middlewares/ST/STM32_USB_Host_Library/Core/Src/usbh_ctlreq.c ****                                        uint16_t length)
 161:Middlewares/ST/STM32_USB_Host_Library/Core/Src/usbh_ctlreq.c **** {
 162:Middlewares/ST/STM32_USB_Host_Library/Core/Src/usbh_ctlreq.c ****   USBH_StatusTypeDef status;
 163:Middlewares/ST/STM32_USB_Host_Library/Core/Src/usbh_ctlreq.c **** 
 164:Middlewares/ST/STM32_USB_Host_Library/Core/Src/usbh_ctlreq.c ****   if ((status = USBH_GetDescriptor(phost,
 165:Middlewares/ST/STM32_USB_Host_Library/Core/Src/usbh_ctlreq.c ****                                    USB_REQ_RECIPIENT_DEVICE | USB_REQ_TYPE_STANDARD,
 166:Middlewares/ST/STM32_USB_Host_Library/Core/Src/usbh_ctlreq.c ****                                    USB_DESC_STRING | string_index,
 167:Middlewares/ST/STM32_USB_Host_Library/Core/Src/usbh_ctlreq.c ****                                    phost->device.Data, length)) == USBH_OK)
 168:Middlewares/ST/STM32_USB_Host_Library/Core/Src/usbh_ctlreq.c ****   {
 169:Middlewares/ST/STM32_USB_Host_Library/Core/Src/usbh_ctlreq.c ****     /* Commands successfully sent and Response Received  */
 170:Middlewares/ST/STM32_USB_Host_Library/Core/Src/usbh_ctlreq.c ****     USBH_ParseStringDesc(phost->device.Data, buff, length);
 171:Middlewares/ST/STM32_USB_Host_Library/Core/Src/usbh_ctlreq.c ****   }
 172:Middlewares/ST/STM32_USB_Host_Library/Core/Src/usbh_ctlreq.c **** 
 173:Middlewares/ST/STM32_USB_Host_Library/Core/Src/usbh_ctlreq.c ****   return status;
 174:Middlewares/ST/STM32_USB_Host_Library/Core/Src/usbh_ctlreq.c **** }
 175:Middlewares/ST/STM32_USB_Host_Library/Core/Src/usbh_ctlreq.c **** 
 176:Middlewares/ST/STM32_USB_Host_Library/Core/Src/usbh_ctlreq.c **** 
 177:Middlewares/ST/STM32_USB_Host_Library/Core/Src/usbh_ctlreq.c **** /**
 178:Middlewares/ST/STM32_USB_Host_Library/Core/Src/usbh_ctlreq.c ****   * @brief  USBH_GetDescriptor
 179:Middlewares/ST/STM32_USB_Host_Library/Core/Src/usbh_ctlreq.c ****   *         Issues Descriptor command to the device. Once the response received,
 180:Middlewares/ST/STM32_USB_Host_Library/Core/Src/usbh_ctlreq.c ****   *         it parses the descriptor and updates the status.
 181:Middlewares/ST/STM32_USB_Host_Library/Core/Src/usbh_ctlreq.c ****   * @param  phost: Host Handle
 182:Middlewares/ST/STM32_USB_Host_Library/Core/Src/usbh_ctlreq.c ****   * @param  req_type: Descriptor type
 183:Middlewares/ST/STM32_USB_Host_Library/Core/Src/usbh_ctlreq.c ****   * @param  value_idx: Value for the GetDescriptr request
 184:Middlewares/ST/STM32_USB_Host_Library/Core/Src/usbh_ctlreq.c ****   * @param  buff: Buffer to store the descriptor
 185:Middlewares/ST/STM32_USB_Host_Library/Core/Src/usbh_ctlreq.c ****   * @param  length: Length of the descriptor
 186:Middlewares/ST/STM32_USB_Host_Library/Core/Src/usbh_ctlreq.c ****   * @retval USBH Status
 187:Middlewares/ST/STM32_USB_Host_Library/Core/Src/usbh_ctlreq.c ****   */
 188:Middlewares/ST/STM32_USB_Host_Library/Core/Src/usbh_ctlreq.c **** USBH_StatusTypeDef USBH_GetDescriptor(USBH_HandleTypeDef *phost,
 189:Middlewares/ST/STM32_USB_Host_Library/Core/Src/usbh_ctlreq.c ****                                       uint8_t  req_type,
 190:Middlewares/ST/STM32_USB_Host_Library/Core/Src/usbh_ctlreq.c ****                                       uint16_t value_idx,
 191:Middlewares/ST/STM32_USB_Host_Library/Core/Src/usbh_ctlreq.c ****                                       uint8_t *buff,
 192:Middlewares/ST/STM32_USB_Host_Library/Core/Src/usbh_ctlreq.c ****                                       uint16_t length)
 193:Middlewares/ST/STM32_USB_Host_Library/Core/Src/usbh_ctlreq.c **** {
 194:Middlewares/ST/STM32_USB_Host_Library/Core/Src/usbh_ctlreq.c ****   if (phost->RequestState == CMD_SEND)
 195:Middlewares/ST/STM32_USB_Host_Library/Core/Src/usbh_ctlreq.c ****   {
 196:Middlewares/ST/STM32_USB_Host_Library/Core/Src/usbh_ctlreq.c ****     phost->Control.setup.b.bmRequestType = USB_D2H | req_type;
 197:Middlewares/ST/STM32_USB_Host_Library/Core/Src/usbh_ctlreq.c ****     phost->Control.setup.b.bRequest = USB_REQ_GET_DESCRIPTOR;
 198:Middlewares/ST/STM32_USB_Host_Library/Core/Src/usbh_ctlreq.c ****     phost->Control.setup.b.wValue.w = value_idx;
 199:Middlewares/ST/STM32_USB_Host_Library/Core/Src/usbh_ctlreq.c **** 
 200:Middlewares/ST/STM32_USB_Host_Library/Core/Src/usbh_ctlreq.c ****     if ((value_idx & 0xff00U) == USB_DESC_STRING)
 201:Middlewares/ST/STM32_USB_Host_Library/Core/Src/usbh_ctlreq.c ****     {
ARM GAS  /tmp/ccNwOiU6.s 			page 5


 202:Middlewares/ST/STM32_USB_Host_Library/Core/Src/usbh_ctlreq.c ****       phost->Control.setup.b.wIndex.w = 0x0409U;
 203:Middlewares/ST/STM32_USB_Host_Library/Core/Src/usbh_ctlreq.c ****     }
 204:Middlewares/ST/STM32_USB_Host_Library/Core/Src/usbh_ctlreq.c ****     else
 205:Middlewares/ST/STM32_USB_Host_Library/Core/Src/usbh_ctlreq.c ****     {
 206:Middlewares/ST/STM32_USB_Host_Library/Core/Src/usbh_ctlreq.c ****       phost->Control.setup.b.wIndex.w = 0U;
 207:Middlewares/ST/STM32_USB_Host_Library/Core/Src/usbh_ctlreq.c ****     }
 208:Middlewares/ST/STM32_USB_Host_Library/Core/Src/usbh_ctlreq.c ****     phost->Control.setup.b.wLength.w = length;
 209:Middlewares/ST/STM32_USB_Host_Library/Core/Src/usbh_ctlreq.c ****   }
 210:Middlewares/ST/STM32_USB_Host_Library/Core/Src/usbh_ctlreq.c **** 
 211:Middlewares/ST/STM32_USB_Host_Library/Core/Src/usbh_ctlreq.c ****   return USBH_CtlReq(phost, buff, length);
 212:Middlewares/ST/STM32_USB_Host_Library/Core/Src/usbh_ctlreq.c **** }
 213:Middlewares/ST/STM32_USB_Host_Library/Core/Src/usbh_ctlreq.c **** 
 214:Middlewares/ST/STM32_USB_Host_Library/Core/Src/usbh_ctlreq.c **** 
 215:Middlewares/ST/STM32_USB_Host_Library/Core/Src/usbh_ctlreq.c **** /**
 216:Middlewares/ST/STM32_USB_Host_Library/Core/Src/usbh_ctlreq.c ****   * @brief  USBH_SetAddress
 217:Middlewares/ST/STM32_USB_Host_Library/Core/Src/usbh_ctlreq.c ****   *         This command sets the address to the connected device
 218:Middlewares/ST/STM32_USB_Host_Library/Core/Src/usbh_ctlreq.c ****   * @param  phost: Host Handle
 219:Middlewares/ST/STM32_USB_Host_Library/Core/Src/usbh_ctlreq.c ****   * @param  DeviceAddress: Device address to assign
 220:Middlewares/ST/STM32_USB_Host_Library/Core/Src/usbh_ctlreq.c ****   * @retval USBH Status
 221:Middlewares/ST/STM32_USB_Host_Library/Core/Src/usbh_ctlreq.c ****   */
 222:Middlewares/ST/STM32_USB_Host_Library/Core/Src/usbh_ctlreq.c **** USBH_StatusTypeDef USBH_SetAddress(USBH_HandleTypeDef *phost,
 223:Middlewares/ST/STM32_USB_Host_Library/Core/Src/usbh_ctlreq.c ****                                    uint8_t DeviceAddress)
 224:Middlewares/ST/STM32_USB_Host_Library/Core/Src/usbh_ctlreq.c **** {
 225:Middlewares/ST/STM32_USB_Host_Library/Core/Src/usbh_ctlreq.c ****   if (phost->RequestState == CMD_SEND)
 226:Middlewares/ST/STM32_USB_Host_Library/Core/Src/usbh_ctlreq.c ****   {
 227:Middlewares/ST/STM32_USB_Host_Library/Core/Src/usbh_ctlreq.c ****     phost->Control.setup.b.bmRequestType = USB_H2D | USB_REQ_RECIPIENT_DEVICE | \
 228:Middlewares/ST/STM32_USB_Host_Library/Core/Src/usbh_ctlreq.c ****                                            USB_REQ_TYPE_STANDARD;
 229:Middlewares/ST/STM32_USB_Host_Library/Core/Src/usbh_ctlreq.c **** 
 230:Middlewares/ST/STM32_USB_Host_Library/Core/Src/usbh_ctlreq.c ****     phost->Control.setup.b.bRequest = USB_REQ_SET_ADDRESS;
 231:Middlewares/ST/STM32_USB_Host_Library/Core/Src/usbh_ctlreq.c **** 
 232:Middlewares/ST/STM32_USB_Host_Library/Core/Src/usbh_ctlreq.c ****     phost->Control.setup.b.wValue.w = (uint16_t)DeviceAddress;
 233:Middlewares/ST/STM32_USB_Host_Library/Core/Src/usbh_ctlreq.c ****     phost->Control.setup.b.wIndex.w = 0U;
 234:Middlewares/ST/STM32_USB_Host_Library/Core/Src/usbh_ctlreq.c ****     phost->Control.setup.b.wLength.w = 0U;
 235:Middlewares/ST/STM32_USB_Host_Library/Core/Src/usbh_ctlreq.c ****   }
 236:Middlewares/ST/STM32_USB_Host_Library/Core/Src/usbh_ctlreq.c **** 
 237:Middlewares/ST/STM32_USB_Host_Library/Core/Src/usbh_ctlreq.c ****   return USBH_CtlReq(phost, 0U, 0U);
 238:Middlewares/ST/STM32_USB_Host_Library/Core/Src/usbh_ctlreq.c **** }
 239:Middlewares/ST/STM32_USB_Host_Library/Core/Src/usbh_ctlreq.c **** 
 240:Middlewares/ST/STM32_USB_Host_Library/Core/Src/usbh_ctlreq.c **** 
 241:Middlewares/ST/STM32_USB_Host_Library/Core/Src/usbh_ctlreq.c **** /**
 242:Middlewares/ST/STM32_USB_Host_Library/Core/Src/usbh_ctlreq.c ****   * @brief  USBH_SetCfg
 243:Middlewares/ST/STM32_USB_Host_Library/Core/Src/usbh_ctlreq.c ****   *         The command sets the configuration value to the connected device
 244:Middlewares/ST/STM32_USB_Host_Library/Core/Src/usbh_ctlreq.c ****   * @param  phost: Host Handle
 245:Middlewares/ST/STM32_USB_Host_Library/Core/Src/usbh_ctlreq.c ****   * @param  cfg_idx: Configuration value
 246:Middlewares/ST/STM32_USB_Host_Library/Core/Src/usbh_ctlreq.c ****   * @retval USBH Status
 247:Middlewares/ST/STM32_USB_Host_Library/Core/Src/usbh_ctlreq.c ****   */
 248:Middlewares/ST/STM32_USB_Host_Library/Core/Src/usbh_ctlreq.c **** USBH_StatusTypeDef USBH_SetCfg(USBH_HandleTypeDef *phost, uint16_t cfg_idx)
 249:Middlewares/ST/STM32_USB_Host_Library/Core/Src/usbh_ctlreq.c **** {
 250:Middlewares/ST/STM32_USB_Host_Library/Core/Src/usbh_ctlreq.c ****   if (phost->RequestState == CMD_SEND)
 251:Middlewares/ST/STM32_USB_Host_Library/Core/Src/usbh_ctlreq.c ****   {
 252:Middlewares/ST/STM32_USB_Host_Library/Core/Src/usbh_ctlreq.c ****     phost->Control.setup.b.bmRequestType = USB_H2D | USB_REQ_RECIPIENT_DEVICE
 253:Middlewares/ST/STM32_USB_Host_Library/Core/Src/usbh_ctlreq.c ****                                            | USB_REQ_TYPE_STANDARD;
 254:Middlewares/ST/STM32_USB_Host_Library/Core/Src/usbh_ctlreq.c **** 
 255:Middlewares/ST/STM32_USB_Host_Library/Core/Src/usbh_ctlreq.c ****     phost->Control.setup.b.bRequest = USB_REQ_SET_CONFIGURATION;
 256:Middlewares/ST/STM32_USB_Host_Library/Core/Src/usbh_ctlreq.c ****     phost->Control.setup.b.wValue.w = cfg_idx;
 257:Middlewares/ST/STM32_USB_Host_Library/Core/Src/usbh_ctlreq.c ****     phost->Control.setup.b.wIndex.w = 0U;
 258:Middlewares/ST/STM32_USB_Host_Library/Core/Src/usbh_ctlreq.c ****     phost->Control.setup.b.wLength.w = 0U;
ARM GAS  /tmp/ccNwOiU6.s 			page 6


 259:Middlewares/ST/STM32_USB_Host_Library/Core/Src/usbh_ctlreq.c ****   }
 260:Middlewares/ST/STM32_USB_Host_Library/Core/Src/usbh_ctlreq.c **** 
 261:Middlewares/ST/STM32_USB_Host_Library/Core/Src/usbh_ctlreq.c ****   return USBH_CtlReq(phost, 0U, 0U);
 262:Middlewares/ST/STM32_USB_Host_Library/Core/Src/usbh_ctlreq.c **** }
 263:Middlewares/ST/STM32_USB_Host_Library/Core/Src/usbh_ctlreq.c **** 
 264:Middlewares/ST/STM32_USB_Host_Library/Core/Src/usbh_ctlreq.c **** 
 265:Middlewares/ST/STM32_USB_Host_Library/Core/Src/usbh_ctlreq.c **** /**
 266:Middlewares/ST/STM32_USB_Host_Library/Core/Src/usbh_ctlreq.c ****   * @brief  USBH_SetInterface
 267:Middlewares/ST/STM32_USB_Host_Library/Core/Src/usbh_ctlreq.c ****   *         The command sets the Interface value to the connected device
 268:Middlewares/ST/STM32_USB_Host_Library/Core/Src/usbh_ctlreq.c ****   * @param  phost: Host Handle
 269:Middlewares/ST/STM32_USB_Host_Library/Core/Src/usbh_ctlreq.c ****   * @param  altSetting: Interface value
 270:Middlewares/ST/STM32_USB_Host_Library/Core/Src/usbh_ctlreq.c ****   * @retval USBH Status
 271:Middlewares/ST/STM32_USB_Host_Library/Core/Src/usbh_ctlreq.c ****   */
 272:Middlewares/ST/STM32_USB_Host_Library/Core/Src/usbh_ctlreq.c **** USBH_StatusTypeDef USBH_SetInterface(USBH_HandleTypeDef *phost, uint8_t ep_num,
 273:Middlewares/ST/STM32_USB_Host_Library/Core/Src/usbh_ctlreq.c ****                                      uint8_t altSetting)
 274:Middlewares/ST/STM32_USB_Host_Library/Core/Src/usbh_ctlreq.c **** {
 275:Middlewares/ST/STM32_USB_Host_Library/Core/Src/usbh_ctlreq.c ****   if (phost->RequestState == CMD_SEND)
 276:Middlewares/ST/STM32_USB_Host_Library/Core/Src/usbh_ctlreq.c ****   {
 277:Middlewares/ST/STM32_USB_Host_Library/Core/Src/usbh_ctlreq.c ****     phost->Control.setup.b.bmRequestType = USB_H2D | USB_REQ_RECIPIENT_INTERFACE
 278:Middlewares/ST/STM32_USB_Host_Library/Core/Src/usbh_ctlreq.c ****                                            | USB_REQ_TYPE_STANDARD;
 279:Middlewares/ST/STM32_USB_Host_Library/Core/Src/usbh_ctlreq.c **** 
 280:Middlewares/ST/STM32_USB_Host_Library/Core/Src/usbh_ctlreq.c ****     phost->Control.setup.b.bRequest = USB_REQ_SET_INTERFACE;
 281:Middlewares/ST/STM32_USB_Host_Library/Core/Src/usbh_ctlreq.c ****     phost->Control.setup.b.wValue.w = altSetting;
 282:Middlewares/ST/STM32_USB_Host_Library/Core/Src/usbh_ctlreq.c ****     phost->Control.setup.b.wIndex.w = ep_num;
 283:Middlewares/ST/STM32_USB_Host_Library/Core/Src/usbh_ctlreq.c ****     phost->Control.setup.b.wLength.w = 0U;
 284:Middlewares/ST/STM32_USB_Host_Library/Core/Src/usbh_ctlreq.c ****   }
 285:Middlewares/ST/STM32_USB_Host_Library/Core/Src/usbh_ctlreq.c **** 
 286:Middlewares/ST/STM32_USB_Host_Library/Core/Src/usbh_ctlreq.c ****   return USBH_CtlReq(phost, 0U, 0U);
 287:Middlewares/ST/STM32_USB_Host_Library/Core/Src/usbh_ctlreq.c **** }
 288:Middlewares/ST/STM32_USB_Host_Library/Core/Src/usbh_ctlreq.c **** 
 289:Middlewares/ST/STM32_USB_Host_Library/Core/Src/usbh_ctlreq.c **** 
 290:Middlewares/ST/STM32_USB_Host_Library/Core/Src/usbh_ctlreq.c **** /**
 291:Middlewares/ST/STM32_USB_Host_Library/Core/Src/usbh_ctlreq.c ****   * @brief  USBH_SetFeature
 292:Middlewares/ST/STM32_USB_Host_Library/Core/Src/usbh_ctlreq.c ****   *         The command sets the device features (remote wakeup feature,..)
 293:Middlewares/ST/STM32_USB_Host_Library/Core/Src/usbh_ctlreq.c ****   * @param  pdev: Selected device
 294:Middlewares/ST/STM32_USB_Host_Library/Core/Src/usbh_ctlreq.c ****   * @param  itf_idx
 295:Middlewares/ST/STM32_USB_Host_Library/Core/Src/usbh_ctlreq.c ****   * @retval Status
 296:Middlewares/ST/STM32_USB_Host_Library/Core/Src/usbh_ctlreq.c **** */
 297:Middlewares/ST/STM32_USB_Host_Library/Core/Src/usbh_ctlreq.c **** USBH_StatusTypeDef USBH_SetFeature(USBH_HandleTypeDef *phost, uint8_t wValue)
 298:Middlewares/ST/STM32_USB_Host_Library/Core/Src/usbh_ctlreq.c **** {
 299:Middlewares/ST/STM32_USB_Host_Library/Core/Src/usbh_ctlreq.c ****   if (phost->RequestState == CMD_SEND)
 300:Middlewares/ST/STM32_USB_Host_Library/Core/Src/usbh_ctlreq.c ****   {
 301:Middlewares/ST/STM32_USB_Host_Library/Core/Src/usbh_ctlreq.c ****     phost->Control.setup.b.bmRequestType = USB_H2D | USB_REQ_RECIPIENT_DEVICE
 302:Middlewares/ST/STM32_USB_Host_Library/Core/Src/usbh_ctlreq.c ****                                            | USB_REQ_TYPE_STANDARD;
 303:Middlewares/ST/STM32_USB_Host_Library/Core/Src/usbh_ctlreq.c **** 
 304:Middlewares/ST/STM32_USB_Host_Library/Core/Src/usbh_ctlreq.c ****     phost->Control.setup.b.bRequest = USB_REQ_SET_FEATURE;
 305:Middlewares/ST/STM32_USB_Host_Library/Core/Src/usbh_ctlreq.c ****     phost->Control.setup.b.wValue.w = wValue;
 306:Middlewares/ST/STM32_USB_Host_Library/Core/Src/usbh_ctlreq.c ****     phost->Control.setup.b.wIndex.w = 0U;
 307:Middlewares/ST/STM32_USB_Host_Library/Core/Src/usbh_ctlreq.c ****     phost->Control.setup.b.wLength.w = 0U;
 308:Middlewares/ST/STM32_USB_Host_Library/Core/Src/usbh_ctlreq.c ****   }
 309:Middlewares/ST/STM32_USB_Host_Library/Core/Src/usbh_ctlreq.c **** 
 310:Middlewares/ST/STM32_USB_Host_Library/Core/Src/usbh_ctlreq.c ****   return USBH_CtlReq(phost, 0U, 0U);
 311:Middlewares/ST/STM32_USB_Host_Library/Core/Src/usbh_ctlreq.c **** }
 312:Middlewares/ST/STM32_USB_Host_Library/Core/Src/usbh_ctlreq.c **** 
 313:Middlewares/ST/STM32_USB_Host_Library/Core/Src/usbh_ctlreq.c **** 
 314:Middlewares/ST/STM32_USB_Host_Library/Core/Src/usbh_ctlreq.c **** /**
 315:Middlewares/ST/STM32_USB_Host_Library/Core/Src/usbh_ctlreq.c ****   * @brief  USBH_ClrFeature
ARM GAS  /tmp/ccNwOiU6.s 			page 7


 316:Middlewares/ST/STM32_USB_Host_Library/Core/Src/usbh_ctlreq.c ****   *         This request is used to clear or disable a specific feature.
 317:Middlewares/ST/STM32_USB_Host_Library/Core/Src/usbh_ctlreq.c ****   * @param  phost: Host Handle
 318:Middlewares/ST/STM32_USB_Host_Library/Core/Src/usbh_ctlreq.c ****   * @param  ep_num: endpoint number
 319:Middlewares/ST/STM32_USB_Host_Library/Core/Src/usbh_ctlreq.c ****   * @param  hc_num: Host channel number
 320:Middlewares/ST/STM32_USB_Host_Library/Core/Src/usbh_ctlreq.c ****   * @retval USBH Status
 321:Middlewares/ST/STM32_USB_Host_Library/Core/Src/usbh_ctlreq.c ****   */
 322:Middlewares/ST/STM32_USB_Host_Library/Core/Src/usbh_ctlreq.c **** USBH_StatusTypeDef USBH_ClrFeature(USBH_HandleTypeDef *phost, uint8_t ep_num)
 323:Middlewares/ST/STM32_USB_Host_Library/Core/Src/usbh_ctlreq.c **** {
 324:Middlewares/ST/STM32_USB_Host_Library/Core/Src/usbh_ctlreq.c ****   if (phost->RequestState == CMD_SEND)
 325:Middlewares/ST/STM32_USB_Host_Library/Core/Src/usbh_ctlreq.c ****   {
 326:Middlewares/ST/STM32_USB_Host_Library/Core/Src/usbh_ctlreq.c ****     phost->Control.setup.b.bmRequestType = USB_H2D | USB_REQ_RECIPIENT_ENDPOINT
 327:Middlewares/ST/STM32_USB_Host_Library/Core/Src/usbh_ctlreq.c ****                                            | USB_REQ_TYPE_STANDARD;
 328:Middlewares/ST/STM32_USB_Host_Library/Core/Src/usbh_ctlreq.c **** 
 329:Middlewares/ST/STM32_USB_Host_Library/Core/Src/usbh_ctlreq.c ****     phost->Control.setup.b.bRequest = USB_REQ_CLEAR_FEATURE;
 330:Middlewares/ST/STM32_USB_Host_Library/Core/Src/usbh_ctlreq.c ****     phost->Control.setup.b.wValue.w = FEATURE_SELECTOR_ENDPOINT;
 331:Middlewares/ST/STM32_USB_Host_Library/Core/Src/usbh_ctlreq.c ****     phost->Control.setup.b.wIndex.w = ep_num;
 332:Middlewares/ST/STM32_USB_Host_Library/Core/Src/usbh_ctlreq.c ****     phost->Control.setup.b.wLength.w = 0U;
 333:Middlewares/ST/STM32_USB_Host_Library/Core/Src/usbh_ctlreq.c ****   }
 334:Middlewares/ST/STM32_USB_Host_Library/Core/Src/usbh_ctlreq.c ****   return USBH_CtlReq(phost, 0U, 0U);
 335:Middlewares/ST/STM32_USB_Host_Library/Core/Src/usbh_ctlreq.c **** }
 336:Middlewares/ST/STM32_USB_Host_Library/Core/Src/usbh_ctlreq.c **** 
 337:Middlewares/ST/STM32_USB_Host_Library/Core/Src/usbh_ctlreq.c **** 
 338:Middlewares/ST/STM32_USB_Host_Library/Core/Src/usbh_ctlreq.c **** /**
 339:Middlewares/ST/STM32_USB_Host_Library/Core/Src/usbh_ctlreq.c ****   * @brief  USBH_ParseDevDesc
 340:Middlewares/ST/STM32_USB_Host_Library/Core/Src/usbh_ctlreq.c ****   *         This function Parses the device descriptor
 341:Middlewares/ST/STM32_USB_Host_Library/Core/Src/usbh_ctlreq.c ****   * @param  dev_desc: device_descriptor destination address
 342:Middlewares/ST/STM32_USB_Host_Library/Core/Src/usbh_ctlreq.c ****   * @param  buf: Buffer where the source descriptor is available
 343:Middlewares/ST/STM32_USB_Host_Library/Core/Src/usbh_ctlreq.c ****   * @param  length: Length of the descriptor
 344:Middlewares/ST/STM32_USB_Host_Library/Core/Src/usbh_ctlreq.c ****   * @retval None
 345:Middlewares/ST/STM32_USB_Host_Library/Core/Src/usbh_ctlreq.c ****   */
 346:Middlewares/ST/STM32_USB_Host_Library/Core/Src/usbh_ctlreq.c **** static void  USBH_ParseDevDesc(USBH_DevDescTypeDef *dev_desc, uint8_t *buf,
 347:Middlewares/ST/STM32_USB_Host_Library/Core/Src/usbh_ctlreq.c ****                                uint16_t length)
 348:Middlewares/ST/STM32_USB_Host_Library/Core/Src/usbh_ctlreq.c **** {
  29              		.loc 1 348 1 view -0
  30              		.cfi_startproc
  31              		@ args = 0, pretend = 0, frame = 0
  32              		@ frame_needed = 0, uses_anonymous_args = 0
  33              		@ link register save eliminated.
 349:Middlewares/ST/STM32_USB_Host_Library/Core/Src/usbh_ctlreq.c ****   dev_desc->bLength            = *(uint8_t *)(buf +  0);
  34              		.loc 1 349 3 view .LVU1
  35              		.loc 1 349 34 is_stmt 0 view .LVU2
  36 0000 0B78     		ldrb	r3, [r1]	@ zero_extendqisi2
  37              		.loc 1 349 32 view .LVU3
  38 0002 0370     		strb	r3, [r0]
 350:Middlewares/ST/STM32_USB_Host_Library/Core/Src/usbh_ctlreq.c ****   dev_desc->bDescriptorType    = *(uint8_t *)(buf +  1);
  39              		.loc 1 350 3 is_stmt 1 view .LVU4
  40              		.loc 1 350 32 is_stmt 0 view .LVU5
  41 0004 4B78     		ldrb	r3, [r1, #1]	@ zero_extendqisi2
  42 0006 4370     		strb	r3, [r0, #1]
 351:Middlewares/ST/STM32_USB_Host_Library/Core/Src/usbh_ctlreq.c ****   dev_desc->bcdUSB             = LE16(buf +  2);
  43              		.loc 1 351 3 is_stmt 1 view .LVU6
  44              		.loc 1 351 34 is_stmt 0 view .LVU7
  45 0008 8B78     		ldrb	r3, [r1, #2]	@ zero_extendqisi2
  46 000a 91F803C0 		ldrb	ip, [r1, #3]	@ zero_extendqisi2
  47 000e 43EA0C23 		orr	r3, r3, ip, lsl #8
  48              		.loc 1 351 32 view .LVU8
  49 0012 4380     		strh	r3, [r0, #2]	@ movhi
ARM GAS  /tmp/ccNwOiU6.s 			page 8


 352:Middlewares/ST/STM32_USB_Host_Library/Core/Src/usbh_ctlreq.c ****   dev_desc->bDeviceClass       = *(uint8_t *)(buf +  4);
  50              		.loc 1 352 3 is_stmt 1 view .LVU9
  51              		.loc 1 352 32 is_stmt 0 view .LVU10
  52 0014 0B79     		ldrb	r3, [r1, #4]	@ zero_extendqisi2
  53 0016 0371     		strb	r3, [r0, #4]
 353:Middlewares/ST/STM32_USB_Host_Library/Core/Src/usbh_ctlreq.c ****   dev_desc->bDeviceSubClass    = *(uint8_t *)(buf +  5);
  54              		.loc 1 353 3 is_stmt 1 view .LVU11
  55              		.loc 1 353 32 is_stmt 0 view .LVU12
  56 0018 4B79     		ldrb	r3, [r1, #5]	@ zero_extendqisi2
  57 001a 4371     		strb	r3, [r0, #5]
 354:Middlewares/ST/STM32_USB_Host_Library/Core/Src/usbh_ctlreq.c ****   dev_desc->bDeviceProtocol    = *(uint8_t *)(buf +  6);
  58              		.loc 1 354 3 is_stmt 1 view .LVU13
  59              		.loc 1 354 32 is_stmt 0 view .LVU14
  60 001c 8B79     		ldrb	r3, [r1, #6]	@ zero_extendqisi2
  61 001e 8371     		strb	r3, [r0, #6]
 355:Middlewares/ST/STM32_USB_Host_Library/Core/Src/usbh_ctlreq.c ****   dev_desc->bMaxPacketSize     = *(uint8_t *)(buf +  7);
  62              		.loc 1 355 3 is_stmt 1 view .LVU15
  63              		.loc 1 355 32 is_stmt 0 view .LVU16
  64 0020 CB79     		ldrb	r3, [r1, #7]	@ zero_extendqisi2
  65 0022 C371     		strb	r3, [r0, #7]
 356:Middlewares/ST/STM32_USB_Host_Library/Core/Src/usbh_ctlreq.c **** 
 357:Middlewares/ST/STM32_USB_Host_Library/Core/Src/usbh_ctlreq.c ****   if (length > 8U)
  66              		.loc 1 357 3 is_stmt 1 view .LVU17
  67              		.loc 1 357 6 is_stmt 0 view .LVU18
  68 0024 082A     		cmp	r2, #8
  69 0026 16D9     		bls	.L1
 358:Middlewares/ST/STM32_USB_Host_Library/Core/Src/usbh_ctlreq.c ****   {
 359:Middlewares/ST/STM32_USB_Host_Library/Core/Src/usbh_ctlreq.c ****     /* For 1st time after device connection, Host may issue only 8 bytes for
 360:Middlewares/ST/STM32_USB_Host_Library/Core/Src/usbh_ctlreq.c ****     Device Descriptor Length  */
 361:Middlewares/ST/STM32_USB_Host_Library/Core/Src/usbh_ctlreq.c ****     dev_desc->idVendor           = LE16(buf +  8);
  70              		.loc 1 361 5 is_stmt 1 view .LVU19
  71              		.loc 1 361 36 is_stmt 0 view .LVU20
  72 0028 0B7A     		ldrb	r3, [r1, #8]	@ zero_extendqisi2
  73 002a 4A7A     		ldrb	r2, [r1, #9]	@ zero_extendqisi2
  74              	.LVL1:
  75              		.loc 1 361 36 view .LVU21
  76 002c 43EA0223 		orr	r3, r3, r2, lsl #8
  77              		.loc 1 361 34 view .LVU22
  78 0030 0381     		strh	r3, [r0, #8]	@ movhi
 362:Middlewares/ST/STM32_USB_Host_Library/Core/Src/usbh_ctlreq.c ****     dev_desc->idProduct          = LE16(buf + 10);
  79              		.loc 1 362 5 is_stmt 1 view .LVU23
  80              		.loc 1 362 36 is_stmt 0 view .LVU24
  81 0032 8B7A     		ldrb	r3, [r1, #10]	@ zero_extendqisi2
  82 0034 CA7A     		ldrb	r2, [r1, #11]	@ zero_extendqisi2
  83 0036 43EA0223 		orr	r3, r3, r2, lsl #8
  84              		.loc 1 362 34 view .LVU25
  85 003a 4381     		strh	r3, [r0, #10]	@ movhi
 363:Middlewares/ST/STM32_USB_Host_Library/Core/Src/usbh_ctlreq.c ****     dev_desc->bcdDevice          = LE16(buf + 12);
  86              		.loc 1 363 5 is_stmt 1 view .LVU26
  87              		.loc 1 363 36 is_stmt 0 view .LVU27
  88 003c 0B7B     		ldrb	r3, [r1, #12]	@ zero_extendqisi2
  89 003e 4A7B     		ldrb	r2, [r1, #13]	@ zero_extendqisi2
  90 0040 43EA0223 		orr	r3, r3, r2, lsl #8
  91              		.loc 1 363 34 view .LVU28
  92 0044 8381     		strh	r3, [r0, #12]	@ movhi
 364:Middlewares/ST/STM32_USB_Host_Library/Core/Src/usbh_ctlreq.c ****     dev_desc->iManufacturer      = *(uint8_t *)(buf + 14);
  93              		.loc 1 364 5 is_stmt 1 view .LVU29
ARM GAS  /tmp/ccNwOiU6.s 			page 9


  94              		.loc 1 364 34 is_stmt 0 view .LVU30
  95 0046 8B7B     		ldrb	r3, [r1, #14]	@ zero_extendqisi2
  96 0048 8373     		strb	r3, [r0, #14]
 365:Middlewares/ST/STM32_USB_Host_Library/Core/Src/usbh_ctlreq.c ****     dev_desc->iProduct           = *(uint8_t *)(buf + 15);
  97              		.loc 1 365 5 is_stmt 1 view .LVU31
  98              		.loc 1 365 34 is_stmt 0 view .LVU32
  99 004a CB7B     		ldrb	r3, [r1, #15]	@ zero_extendqisi2
 100 004c C373     		strb	r3, [r0, #15]
 366:Middlewares/ST/STM32_USB_Host_Library/Core/Src/usbh_ctlreq.c ****     dev_desc->iSerialNumber      = *(uint8_t *)(buf + 16);
 101              		.loc 1 366 5 is_stmt 1 view .LVU33
 102              		.loc 1 366 34 is_stmt 0 view .LVU34
 103 004e 0B7C     		ldrb	r3, [r1, #16]	@ zero_extendqisi2
 104 0050 0374     		strb	r3, [r0, #16]
 367:Middlewares/ST/STM32_USB_Host_Library/Core/Src/usbh_ctlreq.c ****     dev_desc->bNumConfigurations = *(uint8_t *)(buf + 17);
 105              		.loc 1 367 5 is_stmt 1 view .LVU35
 106              		.loc 1 367 34 is_stmt 0 view .LVU36
 107 0052 4B7C     		ldrb	r3, [r1, #17]	@ zero_extendqisi2
 108 0054 4374     		strb	r3, [r0, #17]
 109              	.L1:
 368:Middlewares/ST/STM32_USB_Host_Library/Core/Src/usbh_ctlreq.c ****   }
 369:Middlewares/ST/STM32_USB_Host_Library/Core/Src/usbh_ctlreq.c **** }
 110              		.loc 1 369 1 view .LVU37
 111 0056 7047     		bx	lr
 112              		.cfi_endproc
 113              	.LFE228:
 115              		.section	.text.USBH_ParseInterfaceDesc,"ax",%progbits
 116              		.align	1
 117              		.syntax unified
 118              		.thumb
 119              		.thumb_func
 121              	USBH_ParseInterfaceDesc:
 122              	.LVL2:
 123              	.LFB230:
 370:Middlewares/ST/STM32_USB_Host_Library/Core/Src/usbh_ctlreq.c **** 
 371:Middlewares/ST/STM32_USB_Host_Library/Core/Src/usbh_ctlreq.c **** 
 372:Middlewares/ST/STM32_USB_Host_Library/Core/Src/usbh_ctlreq.c **** /**
 373:Middlewares/ST/STM32_USB_Host_Library/Core/Src/usbh_ctlreq.c ****   * @brief  USBH_ParseCfgDesc
 374:Middlewares/ST/STM32_USB_Host_Library/Core/Src/usbh_ctlreq.c ****   *         This function Parses the configuration descriptor
 375:Middlewares/ST/STM32_USB_Host_Library/Core/Src/usbh_ctlreq.c ****   * @param  cfg_desc: Configuration Descriptor address
 376:Middlewares/ST/STM32_USB_Host_Library/Core/Src/usbh_ctlreq.c ****   * @param  buf: Buffer where the source descriptor is available
 377:Middlewares/ST/STM32_USB_Host_Library/Core/Src/usbh_ctlreq.c ****   * @param  length: Length of the descriptor
 378:Middlewares/ST/STM32_USB_Host_Library/Core/Src/usbh_ctlreq.c ****   * @retval None
 379:Middlewares/ST/STM32_USB_Host_Library/Core/Src/usbh_ctlreq.c ****   */
 380:Middlewares/ST/STM32_USB_Host_Library/Core/Src/usbh_ctlreq.c **** static void USBH_ParseCfgDesc(USBH_CfgDescTypeDef *cfg_desc, uint8_t *buf,
 381:Middlewares/ST/STM32_USB_Host_Library/Core/Src/usbh_ctlreq.c ****                               uint16_t length)
 382:Middlewares/ST/STM32_USB_Host_Library/Core/Src/usbh_ctlreq.c **** {
 383:Middlewares/ST/STM32_USB_Host_Library/Core/Src/usbh_ctlreq.c ****   USBH_InterfaceDescTypeDef    *pif ;
 384:Middlewares/ST/STM32_USB_Host_Library/Core/Src/usbh_ctlreq.c ****   USBH_EpDescTypeDef           *pep;
 385:Middlewares/ST/STM32_USB_Host_Library/Core/Src/usbh_ctlreq.c ****   USBH_DescHeader_t            *pdesc = (USBH_DescHeader_t *)(void *)buf;
 386:Middlewares/ST/STM32_USB_Host_Library/Core/Src/usbh_ctlreq.c ****   uint16_t                     ptr;
 387:Middlewares/ST/STM32_USB_Host_Library/Core/Src/usbh_ctlreq.c ****   uint8_t                      if_ix = 0U;
 388:Middlewares/ST/STM32_USB_Host_Library/Core/Src/usbh_ctlreq.c ****   uint8_t                      ep_ix = 0U;
 389:Middlewares/ST/STM32_USB_Host_Library/Core/Src/usbh_ctlreq.c **** 
 390:Middlewares/ST/STM32_USB_Host_Library/Core/Src/usbh_ctlreq.c ****   pdesc   = (USBH_DescHeader_t *)(void *)buf;
 391:Middlewares/ST/STM32_USB_Host_Library/Core/Src/usbh_ctlreq.c **** 
 392:Middlewares/ST/STM32_USB_Host_Library/Core/Src/usbh_ctlreq.c ****   /* Parse configuration descriptor */
 393:Middlewares/ST/STM32_USB_Host_Library/Core/Src/usbh_ctlreq.c ****   cfg_desc->bLength             = *(uint8_t *)(buf + 0);
ARM GAS  /tmp/ccNwOiU6.s 			page 10


 394:Middlewares/ST/STM32_USB_Host_Library/Core/Src/usbh_ctlreq.c ****   cfg_desc->bDescriptorType     = *(uint8_t *)(buf + 1);
 395:Middlewares/ST/STM32_USB_Host_Library/Core/Src/usbh_ctlreq.c ****   cfg_desc->wTotalLength        = LE16(buf + 2);
 396:Middlewares/ST/STM32_USB_Host_Library/Core/Src/usbh_ctlreq.c ****   cfg_desc->bNumInterfaces      = *(uint8_t *)(buf + 4);
 397:Middlewares/ST/STM32_USB_Host_Library/Core/Src/usbh_ctlreq.c ****   cfg_desc->bConfigurationValue = *(uint8_t *)(buf + 5);
 398:Middlewares/ST/STM32_USB_Host_Library/Core/Src/usbh_ctlreq.c ****   cfg_desc->iConfiguration      = *(uint8_t *)(buf + 6);
 399:Middlewares/ST/STM32_USB_Host_Library/Core/Src/usbh_ctlreq.c ****   cfg_desc->bmAttributes        = *(uint8_t *)(buf + 7);
 400:Middlewares/ST/STM32_USB_Host_Library/Core/Src/usbh_ctlreq.c ****   cfg_desc->bMaxPower           = *(uint8_t *)(buf + 8);
 401:Middlewares/ST/STM32_USB_Host_Library/Core/Src/usbh_ctlreq.c **** 
 402:Middlewares/ST/STM32_USB_Host_Library/Core/Src/usbh_ctlreq.c ****   if (length > USB_CONFIGURATION_DESC_SIZE)
 403:Middlewares/ST/STM32_USB_Host_Library/Core/Src/usbh_ctlreq.c ****   {
 404:Middlewares/ST/STM32_USB_Host_Library/Core/Src/usbh_ctlreq.c ****     ptr = USB_LEN_CFG_DESC;
 405:Middlewares/ST/STM32_USB_Host_Library/Core/Src/usbh_ctlreq.c ****     pif = (USBH_InterfaceDescTypeDef *)0;
 406:Middlewares/ST/STM32_USB_Host_Library/Core/Src/usbh_ctlreq.c **** 
 407:Middlewares/ST/STM32_USB_Host_Library/Core/Src/usbh_ctlreq.c ****     while ((if_ix < USBH_MAX_NUM_INTERFACES) && (ptr < cfg_desc->wTotalLength))
 408:Middlewares/ST/STM32_USB_Host_Library/Core/Src/usbh_ctlreq.c ****     {
 409:Middlewares/ST/STM32_USB_Host_Library/Core/Src/usbh_ctlreq.c ****       pdesc = USBH_GetNextDesc((uint8_t *)(void *)pdesc, &ptr);
 410:Middlewares/ST/STM32_USB_Host_Library/Core/Src/usbh_ctlreq.c ****       if (pdesc->bDescriptorType   == USB_DESC_TYPE_INTERFACE)
 411:Middlewares/ST/STM32_USB_Host_Library/Core/Src/usbh_ctlreq.c ****       {
 412:Middlewares/ST/STM32_USB_Host_Library/Core/Src/usbh_ctlreq.c ****         pif = &cfg_desc->Itf_Desc[if_ix];
 413:Middlewares/ST/STM32_USB_Host_Library/Core/Src/usbh_ctlreq.c ****         USBH_ParseInterfaceDesc(pif, (uint8_t *)(void *)pdesc);
 414:Middlewares/ST/STM32_USB_Host_Library/Core/Src/usbh_ctlreq.c **** 
 415:Middlewares/ST/STM32_USB_Host_Library/Core/Src/usbh_ctlreq.c ****         ep_ix = 0U;
 416:Middlewares/ST/STM32_USB_Host_Library/Core/Src/usbh_ctlreq.c ****         pep = (USBH_EpDescTypeDef *)0;
 417:Middlewares/ST/STM32_USB_Host_Library/Core/Src/usbh_ctlreq.c ****         while ((ep_ix < pif->bNumEndpoints) && (ptr < cfg_desc->wTotalLength))
 418:Middlewares/ST/STM32_USB_Host_Library/Core/Src/usbh_ctlreq.c ****         {
 419:Middlewares/ST/STM32_USB_Host_Library/Core/Src/usbh_ctlreq.c ****           pdesc = USBH_GetNextDesc((uint8_t *)(void *)pdesc, &ptr);
 420:Middlewares/ST/STM32_USB_Host_Library/Core/Src/usbh_ctlreq.c ****           if (pdesc->bDescriptorType   == USB_DESC_TYPE_ENDPOINT)
 421:Middlewares/ST/STM32_USB_Host_Library/Core/Src/usbh_ctlreq.c ****           {
 422:Middlewares/ST/STM32_USB_Host_Library/Core/Src/usbh_ctlreq.c ****             pep = &cfg_desc->Itf_Desc[if_ix].Ep_Desc[ep_ix];
 423:Middlewares/ST/STM32_USB_Host_Library/Core/Src/usbh_ctlreq.c ****             USBH_ParseEPDesc(pep, (uint8_t *)(void *)pdesc);
 424:Middlewares/ST/STM32_USB_Host_Library/Core/Src/usbh_ctlreq.c ****             ep_ix++;
 425:Middlewares/ST/STM32_USB_Host_Library/Core/Src/usbh_ctlreq.c ****           }
 426:Middlewares/ST/STM32_USB_Host_Library/Core/Src/usbh_ctlreq.c ****         }
 427:Middlewares/ST/STM32_USB_Host_Library/Core/Src/usbh_ctlreq.c ****         if_ix++;
 428:Middlewares/ST/STM32_USB_Host_Library/Core/Src/usbh_ctlreq.c ****       }
 429:Middlewares/ST/STM32_USB_Host_Library/Core/Src/usbh_ctlreq.c ****     }
 430:Middlewares/ST/STM32_USB_Host_Library/Core/Src/usbh_ctlreq.c ****   }
 431:Middlewares/ST/STM32_USB_Host_Library/Core/Src/usbh_ctlreq.c **** }
 432:Middlewares/ST/STM32_USB_Host_Library/Core/Src/usbh_ctlreq.c **** 
 433:Middlewares/ST/STM32_USB_Host_Library/Core/Src/usbh_ctlreq.c **** 
 434:Middlewares/ST/STM32_USB_Host_Library/Core/Src/usbh_ctlreq.c **** /**
 435:Middlewares/ST/STM32_USB_Host_Library/Core/Src/usbh_ctlreq.c ****   * @brief  USBH_ParseInterfaceDesc
 436:Middlewares/ST/STM32_USB_Host_Library/Core/Src/usbh_ctlreq.c ****   *         This function Parses the interface descriptor
 437:Middlewares/ST/STM32_USB_Host_Library/Core/Src/usbh_ctlreq.c ****   * @param  if_descriptor : Interface descriptor destination
 438:Middlewares/ST/STM32_USB_Host_Library/Core/Src/usbh_ctlreq.c ****   * @param  buf: Buffer where the descriptor data is available
 439:Middlewares/ST/STM32_USB_Host_Library/Core/Src/usbh_ctlreq.c ****   * @retval None
 440:Middlewares/ST/STM32_USB_Host_Library/Core/Src/usbh_ctlreq.c ****   */
 441:Middlewares/ST/STM32_USB_Host_Library/Core/Src/usbh_ctlreq.c **** static void  USBH_ParseInterfaceDesc(USBH_InterfaceDescTypeDef *if_descriptor,
 442:Middlewares/ST/STM32_USB_Host_Library/Core/Src/usbh_ctlreq.c ****                                      uint8_t *buf)
 443:Middlewares/ST/STM32_USB_Host_Library/Core/Src/usbh_ctlreq.c **** {
 124              		.loc 1 443 1 is_stmt 1 view -0
 125              		.cfi_startproc
 126              		@ args = 0, pretend = 0, frame = 0
 127              		@ frame_needed = 0, uses_anonymous_args = 0
 128              		@ link register save eliminated.
 444:Middlewares/ST/STM32_USB_Host_Library/Core/Src/usbh_ctlreq.c ****   if_descriptor->bLength            = *(uint8_t *)(buf + 0);
 129              		.loc 1 444 3 view .LVU39
ARM GAS  /tmp/ccNwOiU6.s 			page 11


 130              		.loc 1 444 39 is_stmt 0 view .LVU40
 131 0000 0B78     		ldrb	r3, [r1]	@ zero_extendqisi2
 132              		.loc 1 444 37 view .LVU41
 133 0002 0370     		strb	r3, [r0]
 445:Middlewares/ST/STM32_USB_Host_Library/Core/Src/usbh_ctlreq.c ****   if_descriptor->bDescriptorType    = *(uint8_t *)(buf + 1);
 134              		.loc 1 445 3 is_stmt 1 view .LVU42
 135              		.loc 1 445 37 is_stmt 0 view .LVU43
 136 0004 4B78     		ldrb	r3, [r1, #1]	@ zero_extendqisi2
 137 0006 4370     		strb	r3, [r0, #1]
 446:Middlewares/ST/STM32_USB_Host_Library/Core/Src/usbh_ctlreq.c ****   if_descriptor->bInterfaceNumber   = *(uint8_t *)(buf + 2);
 138              		.loc 1 446 3 is_stmt 1 view .LVU44
 139              		.loc 1 446 37 is_stmt 0 view .LVU45
 140 0008 8B78     		ldrb	r3, [r1, #2]	@ zero_extendqisi2
 141 000a 8370     		strb	r3, [r0, #2]
 447:Middlewares/ST/STM32_USB_Host_Library/Core/Src/usbh_ctlreq.c ****   if_descriptor->bAlternateSetting  = *(uint8_t *)(buf + 3);
 142              		.loc 1 447 3 is_stmt 1 view .LVU46
 143              		.loc 1 447 37 is_stmt 0 view .LVU47
 144 000c CB78     		ldrb	r3, [r1, #3]	@ zero_extendqisi2
 145 000e C370     		strb	r3, [r0, #3]
 448:Middlewares/ST/STM32_USB_Host_Library/Core/Src/usbh_ctlreq.c ****   if_descriptor->bNumEndpoints      = *(uint8_t *)(buf + 4);
 146              		.loc 1 448 3 is_stmt 1 view .LVU48
 147              		.loc 1 448 37 is_stmt 0 view .LVU49
 148 0010 0B79     		ldrb	r3, [r1, #4]	@ zero_extendqisi2
 149 0012 0371     		strb	r3, [r0, #4]
 449:Middlewares/ST/STM32_USB_Host_Library/Core/Src/usbh_ctlreq.c ****   if_descriptor->bInterfaceClass    = *(uint8_t *)(buf + 5);
 150              		.loc 1 449 3 is_stmt 1 view .LVU50
 151              		.loc 1 449 37 is_stmt 0 view .LVU51
 152 0014 4B79     		ldrb	r3, [r1, #5]	@ zero_extendqisi2
 153 0016 4371     		strb	r3, [r0, #5]
 450:Middlewares/ST/STM32_USB_Host_Library/Core/Src/usbh_ctlreq.c ****   if_descriptor->bInterfaceSubClass = *(uint8_t *)(buf + 6);
 154              		.loc 1 450 3 is_stmt 1 view .LVU52
 155              		.loc 1 450 37 is_stmt 0 view .LVU53
 156 0018 8B79     		ldrb	r3, [r1, #6]	@ zero_extendqisi2
 157 001a 8371     		strb	r3, [r0, #6]
 451:Middlewares/ST/STM32_USB_Host_Library/Core/Src/usbh_ctlreq.c ****   if_descriptor->bInterfaceProtocol = *(uint8_t *)(buf + 7);
 158              		.loc 1 451 3 is_stmt 1 view .LVU54
 159              		.loc 1 451 37 is_stmt 0 view .LVU55
 160 001c CB79     		ldrb	r3, [r1, #7]	@ zero_extendqisi2
 161 001e C371     		strb	r3, [r0, #7]
 452:Middlewares/ST/STM32_USB_Host_Library/Core/Src/usbh_ctlreq.c ****   if_descriptor->iInterface         = *(uint8_t *)(buf + 8);
 162              		.loc 1 452 3 is_stmt 1 view .LVU56
 163              		.loc 1 452 37 is_stmt 0 view .LVU57
 164 0020 0B7A     		ldrb	r3, [r1, #8]	@ zero_extendqisi2
 165 0022 0372     		strb	r3, [r0, #8]
 453:Middlewares/ST/STM32_USB_Host_Library/Core/Src/usbh_ctlreq.c **** }
 166              		.loc 1 453 1 view .LVU58
 167 0024 7047     		bx	lr
 168              		.cfi_endproc
 169              	.LFE230:
 171              		.section	.text.USBH_ParseEPDesc,"ax",%progbits
 172              		.align	1
 173              		.syntax unified
 174              		.thumb
 175              		.thumb_func
 177              	USBH_ParseEPDesc:
 178              	.LVL3:
 179              	.LFB231:
ARM GAS  /tmp/ccNwOiU6.s 			page 12


 454:Middlewares/ST/STM32_USB_Host_Library/Core/Src/usbh_ctlreq.c **** 
 455:Middlewares/ST/STM32_USB_Host_Library/Core/Src/usbh_ctlreq.c **** 
 456:Middlewares/ST/STM32_USB_Host_Library/Core/Src/usbh_ctlreq.c **** /**
 457:Middlewares/ST/STM32_USB_Host_Library/Core/Src/usbh_ctlreq.c ****   * @brief  USBH_ParseEPDesc
 458:Middlewares/ST/STM32_USB_Host_Library/Core/Src/usbh_ctlreq.c ****   *         This function Parses the endpoint descriptor
 459:Middlewares/ST/STM32_USB_Host_Library/Core/Src/usbh_ctlreq.c ****   * @param  ep_descriptor: Endpoint descriptor destination address
 460:Middlewares/ST/STM32_USB_Host_Library/Core/Src/usbh_ctlreq.c ****   * @param  buf: Buffer where the parsed descriptor stored
 461:Middlewares/ST/STM32_USB_Host_Library/Core/Src/usbh_ctlreq.c ****   * @retval None
 462:Middlewares/ST/STM32_USB_Host_Library/Core/Src/usbh_ctlreq.c ****   */
 463:Middlewares/ST/STM32_USB_Host_Library/Core/Src/usbh_ctlreq.c **** static void  USBH_ParseEPDesc(USBH_EpDescTypeDef  *ep_descriptor,
 464:Middlewares/ST/STM32_USB_Host_Library/Core/Src/usbh_ctlreq.c ****                               uint8_t *buf)
 465:Middlewares/ST/STM32_USB_Host_Library/Core/Src/usbh_ctlreq.c **** {
 180              		.loc 1 465 1 is_stmt 1 view -0
 181              		.cfi_startproc
 182              		@ args = 0, pretend = 0, frame = 0
 183              		@ frame_needed = 0, uses_anonymous_args = 0
 184              		@ link register save eliminated.
 466:Middlewares/ST/STM32_USB_Host_Library/Core/Src/usbh_ctlreq.c ****   ep_descriptor->bLength          = *(uint8_t *)(buf + 0);
 185              		.loc 1 466 3 view .LVU60
 186              		.loc 1 466 37 is_stmt 0 view .LVU61
 187 0000 0B78     		ldrb	r3, [r1]	@ zero_extendqisi2
 188              		.loc 1 466 35 view .LVU62
 189 0002 0370     		strb	r3, [r0]
 467:Middlewares/ST/STM32_USB_Host_Library/Core/Src/usbh_ctlreq.c ****   ep_descriptor->bDescriptorType  = *(uint8_t *)(buf + 1);
 190              		.loc 1 467 3 is_stmt 1 view .LVU63
 191              		.loc 1 467 35 is_stmt 0 view .LVU64
 192 0004 4B78     		ldrb	r3, [r1, #1]	@ zero_extendqisi2
 193 0006 4370     		strb	r3, [r0, #1]
 468:Middlewares/ST/STM32_USB_Host_Library/Core/Src/usbh_ctlreq.c ****   ep_descriptor->bEndpointAddress = *(uint8_t *)(buf + 2);
 194              		.loc 1 468 3 is_stmt 1 view .LVU65
 195              		.loc 1 468 35 is_stmt 0 view .LVU66
 196 0008 8B78     		ldrb	r3, [r1, #2]	@ zero_extendqisi2
 197 000a 8370     		strb	r3, [r0, #2]
 469:Middlewares/ST/STM32_USB_Host_Library/Core/Src/usbh_ctlreq.c ****   ep_descriptor->bmAttributes     = *(uint8_t *)(buf + 3);
 198              		.loc 1 469 3 is_stmt 1 view .LVU67
 199              		.loc 1 469 35 is_stmt 0 view .LVU68
 200 000c CB78     		ldrb	r3, [r1, #3]	@ zero_extendqisi2
 201 000e C370     		strb	r3, [r0, #3]
 470:Middlewares/ST/STM32_USB_Host_Library/Core/Src/usbh_ctlreq.c ****   ep_descriptor->wMaxPacketSize   = LE16(buf + 4);
 202              		.loc 1 470 3 is_stmt 1 view .LVU69
 203              		.loc 1 470 37 is_stmt 0 view .LVU70
 204 0010 0B79     		ldrb	r3, [r1, #4]	@ zero_extendqisi2
 205 0012 4A79     		ldrb	r2, [r1, #5]	@ zero_extendqisi2
 206 0014 43EA0223 		orr	r3, r3, r2, lsl #8
 207              		.loc 1 470 35 view .LVU71
 208 0018 8380     		strh	r3, [r0, #4]	@ movhi
 471:Middlewares/ST/STM32_USB_Host_Library/Core/Src/usbh_ctlreq.c ****   ep_descriptor->bInterval        = *(uint8_t *)(buf + 6);
 209              		.loc 1 471 3 is_stmt 1 view .LVU72
 210              		.loc 1 471 35 is_stmt 0 view .LVU73
 211 001a 8B79     		ldrb	r3, [r1, #6]	@ zero_extendqisi2
 212 001c 8371     		strb	r3, [r0, #6]
 472:Middlewares/ST/STM32_USB_Host_Library/Core/Src/usbh_ctlreq.c **** }
 213              		.loc 1 472 1 view .LVU74
 214 001e 7047     		bx	lr
 215              		.cfi_endproc
 216              	.LFE231:
 218              		.section	.text.USBH_ParseStringDesc,"ax",%progbits
ARM GAS  /tmp/ccNwOiU6.s 			page 13


 219              		.align	1
 220              		.syntax unified
 221              		.thumb
 222              		.thumb_func
 224              	USBH_ParseStringDesc:
 225              	.LVL4:
 226              	.LFB232:
 473:Middlewares/ST/STM32_USB_Host_Library/Core/Src/usbh_ctlreq.c **** 
 474:Middlewares/ST/STM32_USB_Host_Library/Core/Src/usbh_ctlreq.c **** 
 475:Middlewares/ST/STM32_USB_Host_Library/Core/Src/usbh_ctlreq.c **** /**
 476:Middlewares/ST/STM32_USB_Host_Library/Core/Src/usbh_ctlreq.c ****   * @brief  USBH_ParseStringDesc
 477:Middlewares/ST/STM32_USB_Host_Library/Core/Src/usbh_ctlreq.c ****   *         This function Parses the string descriptor
 478:Middlewares/ST/STM32_USB_Host_Library/Core/Src/usbh_ctlreq.c ****   * @param  psrc: Source pointer containing the descriptor data
 479:Middlewares/ST/STM32_USB_Host_Library/Core/Src/usbh_ctlreq.c ****   * @param  pdest: Destination address pointer
 480:Middlewares/ST/STM32_USB_Host_Library/Core/Src/usbh_ctlreq.c ****   * @param  length: Length of the descriptor
 481:Middlewares/ST/STM32_USB_Host_Library/Core/Src/usbh_ctlreq.c ****   * @retval None
 482:Middlewares/ST/STM32_USB_Host_Library/Core/Src/usbh_ctlreq.c ****   */
 483:Middlewares/ST/STM32_USB_Host_Library/Core/Src/usbh_ctlreq.c **** static void USBH_ParseStringDesc(uint8_t *psrc, uint8_t *pdest, uint16_t length)
 484:Middlewares/ST/STM32_USB_Host_Library/Core/Src/usbh_ctlreq.c **** {
 227              		.loc 1 484 1 is_stmt 1 view -0
 228              		.cfi_startproc
 229              		@ args = 0, pretend = 0, frame = 0
 230              		@ frame_needed = 0, uses_anonymous_args = 0
 231              		@ link register save eliminated.
 485:Middlewares/ST/STM32_USB_Host_Library/Core/Src/usbh_ctlreq.c ****   uint16_t strlength;
 232              		.loc 1 485 3 view .LVU76
 486:Middlewares/ST/STM32_USB_Host_Library/Core/Src/usbh_ctlreq.c ****   uint16_t idx;
 233              		.loc 1 486 3 view .LVU77
 487:Middlewares/ST/STM32_USB_Host_Library/Core/Src/usbh_ctlreq.c **** 
 488:Middlewares/ST/STM32_USB_Host_Library/Core/Src/usbh_ctlreq.c ****   /* The UNICODE string descriptor is not NULL-terminated. The string length is
 489:Middlewares/ST/STM32_USB_Host_Library/Core/Src/usbh_ctlreq.c ****   computed by substracting two from the value of the first byte of the descriptor.
 490:Middlewares/ST/STM32_USB_Host_Library/Core/Src/usbh_ctlreq.c ****   */
 491:Middlewares/ST/STM32_USB_Host_Library/Core/Src/usbh_ctlreq.c **** 
 492:Middlewares/ST/STM32_USB_Host_Library/Core/Src/usbh_ctlreq.c ****   /* Check which is lower size, the Size of string or the length of bytes read
 493:Middlewares/ST/STM32_USB_Host_Library/Core/Src/usbh_ctlreq.c ****   from the device */
 494:Middlewares/ST/STM32_USB_Host_Library/Core/Src/usbh_ctlreq.c **** 
 495:Middlewares/ST/STM32_USB_Host_Library/Core/Src/usbh_ctlreq.c ****   if (psrc[1] == USB_DESC_TYPE_STRING)
 234              		.loc 1 495 3 view .LVU78
 235              		.loc 1 495 11 is_stmt 0 view .LVU79
 236 0000 4378     		ldrb	r3, [r0, #1]	@ zero_extendqisi2
 237              		.loc 1 495 6 view .LVU80
 238 0002 032B     		cmp	r3, #3
 239 0004 00D0     		beq	.L9
 240              	.LVL5:
 241              	.L5:
 496:Middlewares/ST/STM32_USB_Host_Library/Core/Src/usbh_ctlreq.c ****   {
 497:Middlewares/ST/STM32_USB_Host_Library/Core/Src/usbh_ctlreq.c ****     /* Make sure the Descriptor is String Type */
 498:Middlewares/ST/STM32_USB_Host_Library/Core/Src/usbh_ctlreq.c **** 
 499:Middlewares/ST/STM32_USB_Host_Library/Core/Src/usbh_ctlreq.c ****     /* psrc[0] contains Size of Descriptor, subtract 2 to get the length of string */
 500:Middlewares/ST/STM32_USB_Host_Library/Core/Src/usbh_ctlreq.c ****     strlength = ((((uint16_t)psrc[0] - 2U) <= length) ? ((uint16_t)psrc[0] - 2U) : length);
 501:Middlewares/ST/STM32_USB_Host_Library/Core/Src/usbh_ctlreq.c **** 
 502:Middlewares/ST/STM32_USB_Host_Library/Core/Src/usbh_ctlreq.c ****     /* Adjust the offset ignoring the String Len and Descriptor type */
 503:Middlewares/ST/STM32_USB_Host_Library/Core/Src/usbh_ctlreq.c ****     psrc += 2U;
 504:Middlewares/ST/STM32_USB_Host_Library/Core/Src/usbh_ctlreq.c **** 
 505:Middlewares/ST/STM32_USB_Host_Library/Core/Src/usbh_ctlreq.c ****     for (idx = 0U; idx < strlength; idx += 2U)
 506:Middlewares/ST/STM32_USB_Host_Library/Core/Src/usbh_ctlreq.c ****     {
 507:Middlewares/ST/STM32_USB_Host_Library/Core/Src/usbh_ctlreq.c ****       /* Copy Only the string and ignore the UNICODE ID, hence add the src */
ARM GAS  /tmp/ccNwOiU6.s 			page 14


 508:Middlewares/ST/STM32_USB_Host_Library/Core/Src/usbh_ctlreq.c ****       *pdest =  psrc[idx];
 509:Middlewares/ST/STM32_USB_Host_Library/Core/Src/usbh_ctlreq.c ****       pdest++;
 510:Middlewares/ST/STM32_USB_Host_Library/Core/Src/usbh_ctlreq.c ****     }
 511:Middlewares/ST/STM32_USB_Host_Library/Core/Src/usbh_ctlreq.c ****     *pdest = 0U; /* mark end of string */
 512:Middlewares/ST/STM32_USB_Host_Library/Core/Src/usbh_ctlreq.c ****   }
 513:Middlewares/ST/STM32_USB_Host_Library/Core/Src/usbh_ctlreq.c **** }
 242              		.loc 1 513 1 view .LVU81
 243 0006 7047     		bx	lr
 244              	.LVL6:
 245              	.L9:
 500:Middlewares/ST/STM32_USB_Host_Library/Core/Src/usbh_ctlreq.c **** 
 246              		.loc 1 500 5 is_stmt 1 view .LVU82
 500:Middlewares/ST/STM32_USB_Host_Library/Core/Src/usbh_ctlreq.c **** 
 247              		.loc 1 500 34 is_stmt 0 view .LVU83
 248 0008 0378     		ldrb	r3, [r0]	@ zero_extendqisi2
 500:Middlewares/ST/STM32_USB_Host_Library/Core/Src/usbh_ctlreq.c **** 
 249              		.loc 1 500 38 view .LVU84
 250 000a 023B     		subs	r3, r3, #2
 500:Middlewares/ST/STM32_USB_Host_Library/Core/Src/usbh_ctlreq.c **** 
 251              		.loc 1 500 82 view .LVU85
 252 000c 9A42     		cmp	r2, r3
 253 000e 28BF     		it	cs
 254 0010 1A46     		movcs	r2, r3
 255              	.LVL7:
 500:Middlewares/ST/STM32_USB_Host_Library/Core/Src/usbh_ctlreq.c **** 
 256              		.loc 1 500 15 view .LVU86
 257 0012 92B2     		uxth	r2, r2
 258              	.LVL8:
 503:Middlewares/ST/STM32_USB_Host_Library/Core/Src/usbh_ctlreq.c **** 
 259              		.loc 1 503 5 is_stmt 1 view .LVU87
 505:Middlewares/ST/STM32_USB_Host_Library/Core/Src/usbh_ctlreq.c ****     {
 260              		.loc 1 505 5 view .LVU88
 505:Middlewares/ST/STM32_USB_Host_Library/Core/Src/usbh_ctlreq.c ****     {
 261              		.loc 1 505 14 is_stmt 0 view .LVU89
 262 0014 0023     		movs	r3, #0
 505:Middlewares/ST/STM32_USB_Host_Library/Core/Src/usbh_ctlreq.c ****     {
 263              		.loc 1 505 5 view .LVU90
 264 0016 07E0     		b	.L7
 265              	.LVL9:
 266              	.L8:
 508:Middlewares/ST/STM32_USB_Host_Library/Core/Src/usbh_ctlreq.c ****       pdest++;
 267              		.loc 1 508 7 is_stmt 1 view .LVU91
 508:Middlewares/ST/STM32_USB_Host_Library/Core/Src/usbh_ctlreq.c ****       pdest++;
 268              		.loc 1 508 21 is_stmt 0 view .LVU92
 269 0018 00EB030C 		add	ip, r0, r3
 270 001c 9CF802C0 		ldrb	ip, [ip, #2]	@ zero_extendqisi2
 508:Middlewares/ST/STM32_USB_Host_Library/Core/Src/usbh_ctlreq.c ****       pdest++;
 271              		.loc 1 508 14 view .LVU93
 272 0020 01F801CB 		strb	ip, [r1], #1
 273              	.LVL10:
 509:Middlewares/ST/STM32_USB_Host_Library/Core/Src/usbh_ctlreq.c ****     }
 274              		.loc 1 509 7 is_stmt 1 view .LVU94
 505:Middlewares/ST/STM32_USB_Host_Library/Core/Src/usbh_ctlreq.c ****     {
 275              		.loc 1 505 41 discriminator 3 view .LVU95
 276 0024 0233     		adds	r3, r3, #2
 277              	.LVL11:
 505:Middlewares/ST/STM32_USB_Host_Library/Core/Src/usbh_ctlreq.c ****     {
ARM GAS  /tmp/ccNwOiU6.s 			page 15


 278              		.loc 1 505 41 is_stmt 0 discriminator 3 view .LVU96
 279 0026 9BB2     		uxth	r3, r3
 280              	.LVL12:
 281              	.L7:
 505:Middlewares/ST/STM32_USB_Host_Library/Core/Src/usbh_ctlreq.c ****     {
 282              		.loc 1 505 24 is_stmt 1 discriminator 1 view .LVU97
 283 0028 9342     		cmp	r3, r2
 284 002a F5D3     		bcc	.L8
 511:Middlewares/ST/STM32_USB_Host_Library/Core/Src/usbh_ctlreq.c ****   }
 285              		.loc 1 511 5 view .LVU98
 511:Middlewares/ST/STM32_USB_Host_Library/Core/Src/usbh_ctlreq.c ****   }
 286              		.loc 1 511 12 is_stmt 0 view .LVU99
 287 002c 0023     		movs	r3, #0
 288              	.LVL13:
 511:Middlewares/ST/STM32_USB_Host_Library/Core/Src/usbh_ctlreq.c ****   }
 289              		.loc 1 511 12 view .LVU100
 290 002e 0B70     		strb	r3, [r1]
 291              		.loc 1 513 1 view .LVU101
 292 0030 E9E7     		b	.L5
 293              		.cfi_endproc
 294              	.LFE232:
 296              		.section	.text.USBH_HandleControl,"ax",%progbits
 297              		.align	1
 298              		.syntax unified
 299              		.thumb
 300              		.thumb_func
 302              	USBH_HandleControl:
 303              	.LVL14:
 304              	.LFB235:
 514:Middlewares/ST/STM32_USB_Host_Library/Core/Src/usbh_ctlreq.c **** 
 515:Middlewares/ST/STM32_USB_Host_Library/Core/Src/usbh_ctlreq.c **** 
 516:Middlewares/ST/STM32_USB_Host_Library/Core/Src/usbh_ctlreq.c **** /**
 517:Middlewares/ST/STM32_USB_Host_Library/Core/Src/usbh_ctlreq.c ****   * @brief  USBH_GetNextDesc
 518:Middlewares/ST/STM32_USB_Host_Library/Core/Src/usbh_ctlreq.c ****   *         This function return the next descriptor header
 519:Middlewares/ST/STM32_USB_Host_Library/Core/Src/usbh_ctlreq.c ****   * @param  buf: Buffer where the cfg descriptor is available
 520:Middlewares/ST/STM32_USB_Host_Library/Core/Src/usbh_ctlreq.c ****   * @param  ptr: data pointer inside the cfg descriptor
 521:Middlewares/ST/STM32_USB_Host_Library/Core/Src/usbh_ctlreq.c ****   * @retval next header
 522:Middlewares/ST/STM32_USB_Host_Library/Core/Src/usbh_ctlreq.c ****   */
 523:Middlewares/ST/STM32_USB_Host_Library/Core/Src/usbh_ctlreq.c **** USBH_DescHeader_t  *USBH_GetNextDesc(uint8_t   *pbuf, uint16_t  *ptr)
 524:Middlewares/ST/STM32_USB_Host_Library/Core/Src/usbh_ctlreq.c **** {
 525:Middlewares/ST/STM32_USB_Host_Library/Core/Src/usbh_ctlreq.c ****   USBH_DescHeader_t  *pnext;
 526:Middlewares/ST/STM32_USB_Host_Library/Core/Src/usbh_ctlreq.c **** 
 527:Middlewares/ST/STM32_USB_Host_Library/Core/Src/usbh_ctlreq.c ****   *ptr += ((USBH_DescHeader_t *)(void *)pbuf)->bLength;
 528:Middlewares/ST/STM32_USB_Host_Library/Core/Src/usbh_ctlreq.c ****   pnext = (USBH_DescHeader_t *)(void *)((uint8_t *)(void *)pbuf + \
 529:Middlewares/ST/STM32_USB_Host_Library/Core/Src/usbh_ctlreq.c ****                                         ((USBH_DescHeader_t *)(void *)pbuf)->bLength);
 530:Middlewares/ST/STM32_USB_Host_Library/Core/Src/usbh_ctlreq.c **** 
 531:Middlewares/ST/STM32_USB_Host_Library/Core/Src/usbh_ctlreq.c ****   return (pnext);
 532:Middlewares/ST/STM32_USB_Host_Library/Core/Src/usbh_ctlreq.c **** }
 533:Middlewares/ST/STM32_USB_Host_Library/Core/Src/usbh_ctlreq.c **** 
 534:Middlewares/ST/STM32_USB_Host_Library/Core/Src/usbh_ctlreq.c **** 
 535:Middlewares/ST/STM32_USB_Host_Library/Core/Src/usbh_ctlreq.c **** /**
 536:Middlewares/ST/STM32_USB_Host_Library/Core/Src/usbh_ctlreq.c ****   * @brief  USBH_CtlReq
 537:Middlewares/ST/STM32_USB_Host_Library/Core/Src/usbh_ctlreq.c ****   *         USBH_CtlReq sends a control request and provide the status after
 538:Middlewares/ST/STM32_USB_Host_Library/Core/Src/usbh_ctlreq.c ****   *            completion of the request
 539:Middlewares/ST/STM32_USB_Host_Library/Core/Src/usbh_ctlreq.c ****   * @param  phost: Host Handle
 540:Middlewares/ST/STM32_USB_Host_Library/Core/Src/usbh_ctlreq.c ****   * @param  req: Setup Request Structure
 541:Middlewares/ST/STM32_USB_Host_Library/Core/Src/usbh_ctlreq.c ****   * @param  buff: data buffer address to store the response
ARM GAS  /tmp/ccNwOiU6.s 			page 16


 542:Middlewares/ST/STM32_USB_Host_Library/Core/Src/usbh_ctlreq.c ****   * @param  length: length of the response
 543:Middlewares/ST/STM32_USB_Host_Library/Core/Src/usbh_ctlreq.c ****   * @retval USBH Status
 544:Middlewares/ST/STM32_USB_Host_Library/Core/Src/usbh_ctlreq.c ****   */
 545:Middlewares/ST/STM32_USB_Host_Library/Core/Src/usbh_ctlreq.c **** USBH_StatusTypeDef USBH_CtlReq(USBH_HandleTypeDef *phost, uint8_t *buff,
 546:Middlewares/ST/STM32_USB_Host_Library/Core/Src/usbh_ctlreq.c ****                                uint16_t length)
 547:Middlewares/ST/STM32_USB_Host_Library/Core/Src/usbh_ctlreq.c **** {
 548:Middlewares/ST/STM32_USB_Host_Library/Core/Src/usbh_ctlreq.c ****   USBH_StatusTypeDef status;
 549:Middlewares/ST/STM32_USB_Host_Library/Core/Src/usbh_ctlreq.c ****   status = USBH_BUSY;
 550:Middlewares/ST/STM32_USB_Host_Library/Core/Src/usbh_ctlreq.c **** 
 551:Middlewares/ST/STM32_USB_Host_Library/Core/Src/usbh_ctlreq.c ****   switch (phost->RequestState)
 552:Middlewares/ST/STM32_USB_Host_Library/Core/Src/usbh_ctlreq.c ****   {
 553:Middlewares/ST/STM32_USB_Host_Library/Core/Src/usbh_ctlreq.c ****     case CMD_SEND:
 554:Middlewares/ST/STM32_USB_Host_Library/Core/Src/usbh_ctlreq.c ****       /* Start a SETUP transfer */
 555:Middlewares/ST/STM32_USB_Host_Library/Core/Src/usbh_ctlreq.c ****       phost->Control.buff = buff;
 556:Middlewares/ST/STM32_USB_Host_Library/Core/Src/usbh_ctlreq.c ****       phost->Control.length = length;
 557:Middlewares/ST/STM32_USB_Host_Library/Core/Src/usbh_ctlreq.c ****       phost->Control.state = CTRL_SETUP;
 558:Middlewares/ST/STM32_USB_Host_Library/Core/Src/usbh_ctlreq.c ****       phost->RequestState = CMD_WAIT;
 559:Middlewares/ST/STM32_USB_Host_Library/Core/Src/usbh_ctlreq.c ****       status = USBH_BUSY;
 560:Middlewares/ST/STM32_USB_Host_Library/Core/Src/usbh_ctlreq.c **** 
 561:Middlewares/ST/STM32_USB_Host_Library/Core/Src/usbh_ctlreq.c **** #if (USBH_USE_OS == 1U)
 562:Middlewares/ST/STM32_USB_Host_Library/Core/Src/usbh_ctlreq.c ****       phost->os_msg = (uint32_t)USBH_CONTROL_EVENT;
 563:Middlewares/ST/STM32_USB_Host_Library/Core/Src/usbh_ctlreq.c **** #if (osCMSIS < 0x20000U)
 564:Middlewares/ST/STM32_USB_Host_Library/Core/Src/usbh_ctlreq.c ****       (void)osMessagePut(phost->os_event, phost->os_msg, 0U);
 565:Middlewares/ST/STM32_USB_Host_Library/Core/Src/usbh_ctlreq.c **** #else
 566:Middlewares/ST/STM32_USB_Host_Library/Core/Src/usbh_ctlreq.c ****       (void)osMessageQueuePut(phost->os_event, &phost->os_msg, 0U, NULL);
 567:Middlewares/ST/STM32_USB_Host_Library/Core/Src/usbh_ctlreq.c **** #endif
 568:Middlewares/ST/STM32_USB_Host_Library/Core/Src/usbh_ctlreq.c **** #endif
 569:Middlewares/ST/STM32_USB_Host_Library/Core/Src/usbh_ctlreq.c ****       break;
 570:Middlewares/ST/STM32_USB_Host_Library/Core/Src/usbh_ctlreq.c **** 
 571:Middlewares/ST/STM32_USB_Host_Library/Core/Src/usbh_ctlreq.c ****     case CMD_WAIT:
 572:Middlewares/ST/STM32_USB_Host_Library/Core/Src/usbh_ctlreq.c ****       status = USBH_HandleControl(phost);
 573:Middlewares/ST/STM32_USB_Host_Library/Core/Src/usbh_ctlreq.c ****       if ((status == USBH_OK) || (status == USBH_NOT_SUPPORTED))
 574:Middlewares/ST/STM32_USB_Host_Library/Core/Src/usbh_ctlreq.c ****       {
 575:Middlewares/ST/STM32_USB_Host_Library/Core/Src/usbh_ctlreq.c ****         /* Transaction completed, move control state to idle */
 576:Middlewares/ST/STM32_USB_Host_Library/Core/Src/usbh_ctlreq.c ****         phost->RequestState = CMD_SEND;
 577:Middlewares/ST/STM32_USB_Host_Library/Core/Src/usbh_ctlreq.c ****         phost->Control.state = CTRL_IDLE;
 578:Middlewares/ST/STM32_USB_Host_Library/Core/Src/usbh_ctlreq.c ****       }
 579:Middlewares/ST/STM32_USB_Host_Library/Core/Src/usbh_ctlreq.c ****       else if (status == USBH_FAIL)
 580:Middlewares/ST/STM32_USB_Host_Library/Core/Src/usbh_ctlreq.c ****       {
 581:Middlewares/ST/STM32_USB_Host_Library/Core/Src/usbh_ctlreq.c ****         /* Failure Mode */
 582:Middlewares/ST/STM32_USB_Host_Library/Core/Src/usbh_ctlreq.c ****         phost->RequestState = CMD_SEND;
 583:Middlewares/ST/STM32_USB_Host_Library/Core/Src/usbh_ctlreq.c ****       }
 584:Middlewares/ST/STM32_USB_Host_Library/Core/Src/usbh_ctlreq.c ****       else
 585:Middlewares/ST/STM32_USB_Host_Library/Core/Src/usbh_ctlreq.c ****       {
 586:Middlewares/ST/STM32_USB_Host_Library/Core/Src/usbh_ctlreq.c ****         /* .. */
 587:Middlewares/ST/STM32_USB_Host_Library/Core/Src/usbh_ctlreq.c ****       }
 588:Middlewares/ST/STM32_USB_Host_Library/Core/Src/usbh_ctlreq.c **** #if (USBH_USE_OS == 1U)
 589:Middlewares/ST/STM32_USB_Host_Library/Core/Src/usbh_ctlreq.c ****       phost->os_msg = (uint32_t)USBH_CONTROL_EVENT;
 590:Middlewares/ST/STM32_USB_Host_Library/Core/Src/usbh_ctlreq.c **** #if (osCMSIS < 0x20000U)
 591:Middlewares/ST/STM32_USB_Host_Library/Core/Src/usbh_ctlreq.c ****       (void)osMessagePut(phost->os_event, phost->os_msg, 0U);
 592:Middlewares/ST/STM32_USB_Host_Library/Core/Src/usbh_ctlreq.c **** #else
 593:Middlewares/ST/STM32_USB_Host_Library/Core/Src/usbh_ctlreq.c ****       (void)osMessageQueuePut(phost->os_event, &phost->os_msg, 0U, NULL);
 594:Middlewares/ST/STM32_USB_Host_Library/Core/Src/usbh_ctlreq.c **** #endif
 595:Middlewares/ST/STM32_USB_Host_Library/Core/Src/usbh_ctlreq.c **** #endif
 596:Middlewares/ST/STM32_USB_Host_Library/Core/Src/usbh_ctlreq.c ****       break;
 597:Middlewares/ST/STM32_USB_Host_Library/Core/Src/usbh_ctlreq.c **** 
 598:Middlewares/ST/STM32_USB_Host_Library/Core/Src/usbh_ctlreq.c ****     default:
ARM GAS  /tmp/ccNwOiU6.s 			page 17


 599:Middlewares/ST/STM32_USB_Host_Library/Core/Src/usbh_ctlreq.c ****       break;
 600:Middlewares/ST/STM32_USB_Host_Library/Core/Src/usbh_ctlreq.c ****   }
 601:Middlewares/ST/STM32_USB_Host_Library/Core/Src/usbh_ctlreq.c ****   return status;
 602:Middlewares/ST/STM32_USB_Host_Library/Core/Src/usbh_ctlreq.c **** }
 603:Middlewares/ST/STM32_USB_Host_Library/Core/Src/usbh_ctlreq.c **** 
 604:Middlewares/ST/STM32_USB_Host_Library/Core/Src/usbh_ctlreq.c **** 
 605:Middlewares/ST/STM32_USB_Host_Library/Core/Src/usbh_ctlreq.c **** /**
 606:Middlewares/ST/STM32_USB_Host_Library/Core/Src/usbh_ctlreq.c ****   * @brief  USBH_HandleControl
 607:Middlewares/ST/STM32_USB_Host_Library/Core/Src/usbh_ctlreq.c ****   *         Handles the USB control transfer state machine
 608:Middlewares/ST/STM32_USB_Host_Library/Core/Src/usbh_ctlreq.c ****   * @param  phost: Host Handle
 609:Middlewares/ST/STM32_USB_Host_Library/Core/Src/usbh_ctlreq.c ****   * @retval USBH Status
 610:Middlewares/ST/STM32_USB_Host_Library/Core/Src/usbh_ctlreq.c ****   */
 611:Middlewares/ST/STM32_USB_Host_Library/Core/Src/usbh_ctlreq.c **** static USBH_StatusTypeDef USBH_HandleControl(USBH_HandleTypeDef *phost)
 612:Middlewares/ST/STM32_USB_Host_Library/Core/Src/usbh_ctlreq.c **** {
 305              		.loc 1 612 1 is_stmt 1 view -0
 306              		.cfi_startproc
 307              		@ args = 0, pretend = 0, frame = 0
 308              		@ frame_needed = 0, uses_anonymous_args = 0
 309              		.loc 1 612 1 is_stmt 0 view .LVU103
 310 0000 30B5     		push	{r4, r5, lr}
 311              		.cfi_def_cfa_offset 12
 312              		.cfi_offset 4, -12
 313              		.cfi_offset 5, -8
 314              		.cfi_offset 14, -4
 315 0002 83B0     		sub	sp, sp, #12
 316              		.cfi_def_cfa_offset 24
 317 0004 0446     		mov	r4, r0
 613:Middlewares/ST/STM32_USB_Host_Library/Core/Src/usbh_ctlreq.c ****   uint8_t direction;
 318              		.loc 1 613 3 is_stmt 1 view .LVU104
 614:Middlewares/ST/STM32_USB_Host_Library/Core/Src/usbh_ctlreq.c ****   USBH_StatusTypeDef status = USBH_BUSY;
 319              		.loc 1 614 3 view .LVU105
 320              	.LVL15:
 615:Middlewares/ST/STM32_USB_Host_Library/Core/Src/usbh_ctlreq.c ****   USBH_URBStateTypeDef URB_Status = USBH_URB_IDLE;
 321              		.loc 1 615 3 view .LVU106
 616:Middlewares/ST/STM32_USB_Host_Library/Core/Src/usbh_ctlreq.c **** 
 617:Middlewares/ST/STM32_USB_Host_Library/Core/Src/usbh_ctlreq.c ****   switch (phost->Control.state)
 322              		.loc 1 617 3 view .LVU107
 323              		.loc 1 617 25 is_stmt 0 view .LVU108
 324 0006 057E     		ldrb	r5, [r0, #24]	@ zero_extendqisi2
 325              		.loc 1 617 3 view .LVU109
 326 0008 6B1E     		subs	r3, r5, #1
 327 000a 0A2B     		cmp	r3, #10
 328 000c 00F2DC80 		bhi	.L41
 329 0010 DFE803F0 		tbb	[pc, r3]
 330              	.L13:
 331 0014 06       		.byte	(.L23-.L13)/2
 332 0015 10       		.byte	(.L22-.L13)/2
 333 0016 35       		.byte	(.L21-.L13)/2
 334 0017 41       		.byte	(.L20-.L13)/2
 335 0018 54       		.byte	(.L19-.L13)/2
 336 0019 61       		.byte	(.L18-.L13)/2
 337 001a 7C       		.byte	(.L17-.L13)/2
 338 001b 88       		.byte	(.L16-.L13)/2
 339 001c 9B       		.byte	(.L15-.L13)/2
 340 001d A8       		.byte	(.L14-.L13)/2
 341 001e BF       		.byte	(.L12-.L13)/2
 342 001f 00       		.p2align 1
ARM GAS  /tmp/ccNwOiU6.s 			page 18


 343              	.L23:
 618:Middlewares/ST/STM32_USB_Host_Library/Core/Src/usbh_ctlreq.c ****   {
 619:Middlewares/ST/STM32_USB_Host_Library/Core/Src/usbh_ctlreq.c ****     case CTRL_SETUP:
 620:Middlewares/ST/STM32_USB_Host_Library/Core/Src/usbh_ctlreq.c ****       /* send a SETUP packet */
 621:Middlewares/ST/STM32_USB_Host_Library/Core/Src/usbh_ctlreq.c ****       USBH_CtlSendSetup(phost, (uint8_t *)(void *)phost->Control.setup.d8,
 344              		.loc 1 621 7 is_stmt 1 view .LVU110
 345 0020 4279     		ldrb	r2, [r0, #5]	@ zero_extendqisi2
 346 0022 00F11001 		add	r1, r0, #16
 347 0026 FFF7FEFF 		bl	USBH_CtlSendSetup
 348              	.LVL16:
 622:Middlewares/ST/STM32_USB_Host_Library/Core/Src/usbh_ctlreq.c ****                         phost->Control.pipe_out);
 623:Middlewares/ST/STM32_USB_Host_Library/Core/Src/usbh_ctlreq.c **** 
 624:Middlewares/ST/STM32_USB_Host_Library/Core/Src/usbh_ctlreq.c ****       phost->Control.state = CTRL_SETUP_WAIT;
 349              		.loc 1 624 7 view .LVU111
 350              		.loc 1 624 28 is_stmt 0 view .LVU112
 351 002a 0223     		movs	r3, #2
 352 002c 2376     		strb	r3, [r4, #24]
 625:Middlewares/ST/STM32_USB_Host_Library/Core/Src/usbh_ctlreq.c ****       break;
 353              		.loc 1 625 7 is_stmt 1 view .LVU113
 354              	.LVL17:
 355              	.L11:
 626:Middlewares/ST/STM32_USB_Host_Library/Core/Src/usbh_ctlreq.c **** 
 627:Middlewares/ST/STM32_USB_Host_Library/Core/Src/usbh_ctlreq.c ****     case CTRL_SETUP_WAIT:
 628:Middlewares/ST/STM32_USB_Host_Library/Core/Src/usbh_ctlreq.c **** 
 629:Middlewares/ST/STM32_USB_Host_Library/Core/Src/usbh_ctlreq.c ****       URB_Status = USBH_LL_GetURBState(phost, phost->Control.pipe_out);
 630:Middlewares/ST/STM32_USB_Host_Library/Core/Src/usbh_ctlreq.c ****       /* case SETUP packet sent successfully */
 631:Middlewares/ST/STM32_USB_Host_Library/Core/Src/usbh_ctlreq.c ****       if (URB_Status == USBH_URB_DONE)
 632:Middlewares/ST/STM32_USB_Host_Library/Core/Src/usbh_ctlreq.c ****       {
 633:Middlewares/ST/STM32_USB_Host_Library/Core/Src/usbh_ctlreq.c ****         direction = (phost->Control.setup.b.bmRequestType & USB_REQ_DIR_MASK);
 634:Middlewares/ST/STM32_USB_Host_Library/Core/Src/usbh_ctlreq.c **** 
 635:Middlewares/ST/STM32_USB_Host_Library/Core/Src/usbh_ctlreq.c ****         /* check if there is a data stage */
 636:Middlewares/ST/STM32_USB_Host_Library/Core/Src/usbh_ctlreq.c ****         if (phost->Control.setup.b.wLength.w != 0U)
 637:Middlewares/ST/STM32_USB_Host_Library/Core/Src/usbh_ctlreq.c ****         {
 638:Middlewares/ST/STM32_USB_Host_Library/Core/Src/usbh_ctlreq.c ****           if (direction == USB_D2H)
 639:Middlewares/ST/STM32_USB_Host_Library/Core/Src/usbh_ctlreq.c ****           {
 640:Middlewares/ST/STM32_USB_Host_Library/Core/Src/usbh_ctlreq.c ****             /* Data Direction is IN */
 641:Middlewares/ST/STM32_USB_Host_Library/Core/Src/usbh_ctlreq.c ****             phost->Control.state = CTRL_DATA_IN;
 642:Middlewares/ST/STM32_USB_Host_Library/Core/Src/usbh_ctlreq.c ****           }
 643:Middlewares/ST/STM32_USB_Host_Library/Core/Src/usbh_ctlreq.c ****           else
 644:Middlewares/ST/STM32_USB_Host_Library/Core/Src/usbh_ctlreq.c ****           {
 645:Middlewares/ST/STM32_USB_Host_Library/Core/Src/usbh_ctlreq.c ****             /* Data Direction is OUT */
 646:Middlewares/ST/STM32_USB_Host_Library/Core/Src/usbh_ctlreq.c ****             phost->Control.state = CTRL_DATA_OUT;
 647:Middlewares/ST/STM32_USB_Host_Library/Core/Src/usbh_ctlreq.c ****           }
 648:Middlewares/ST/STM32_USB_Host_Library/Core/Src/usbh_ctlreq.c ****         }
 649:Middlewares/ST/STM32_USB_Host_Library/Core/Src/usbh_ctlreq.c ****         /* No DATA stage */
 650:Middlewares/ST/STM32_USB_Host_Library/Core/Src/usbh_ctlreq.c ****         else
 651:Middlewares/ST/STM32_USB_Host_Library/Core/Src/usbh_ctlreq.c ****         {
 652:Middlewares/ST/STM32_USB_Host_Library/Core/Src/usbh_ctlreq.c ****           /* If there is No Data Transfer Stage */
 653:Middlewares/ST/STM32_USB_Host_Library/Core/Src/usbh_ctlreq.c ****           if (direction == USB_D2H)
 654:Middlewares/ST/STM32_USB_Host_Library/Core/Src/usbh_ctlreq.c ****           {
 655:Middlewares/ST/STM32_USB_Host_Library/Core/Src/usbh_ctlreq.c ****             /* Data Direction is IN */
 656:Middlewares/ST/STM32_USB_Host_Library/Core/Src/usbh_ctlreq.c ****             phost->Control.state = CTRL_STATUS_OUT;
 657:Middlewares/ST/STM32_USB_Host_Library/Core/Src/usbh_ctlreq.c ****           }
 658:Middlewares/ST/STM32_USB_Host_Library/Core/Src/usbh_ctlreq.c ****           else
 659:Middlewares/ST/STM32_USB_Host_Library/Core/Src/usbh_ctlreq.c ****           {
 660:Middlewares/ST/STM32_USB_Host_Library/Core/Src/usbh_ctlreq.c ****             /* Data Direction is OUT */
 661:Middlewares/ST/STM32_USB_Host_Library/Core/Src/usbh_ctlreq.c ****             phost->Control.state = CTRL_STATUS_IN;
ARM GAS  /tmp/ccNwOiU6.s 			page 19


 662:Middlewares/ST/STM32_USB_Host_Library/Core/Src/usbh_ctlreq.c ****           }
 663:Middlewares/ST/STM32_USB_Host_Library/Core/Src/usbh_ctlreq.c ****         }
 664:Middlewares/ST/STM32_USB_Host_Library/Core/Src/usbh_ctlreq.c **** 
 665:Middlewares/ST/STM32_USB_Host_Library/Core/Src/usbh_ctlreq.c **** #if (USBH_USE_OS == 1U)
 666:Middlewares/ST/STM32_USB_Host_Library/Core/Src/usbh_ctlreq.c ****         phost->os_msg = (uint32_t)USBH_CONTROL_EVENT;
 667:Middlewares/ST/STM32_USB_Host_Library/Core/Src/usbh_ctlreq.c **** #if (osCMSIS < 0x20000U)
 668:Middlewares/ST/STM32_USB_Host_Library/Core/Src/usbh_ctlreq.c ****         (void)osMessagePut(phost->os_event, phost->os_msg, 0U);
 669:Middlewares/ST/STM32_USB_Host_Library/Core/Src/usbh_ctlreq.c **** #else
 670:Middlewares/ST/STM32_USB_Host_Library/Core/Src/usbh_ctlreq.c ****         (void)osMessageQueuePut(phost->os_event, &phost->os_msg, 0U, NULL);
 671:Middlewares/ST/STM32_USB_Host_Library/Core/Src/usbh_ctlreq.c **** #endif
 672:Middlewares/ST/STM32_USB_Host_Library/Core/Src/usbh_ctlreq.c **** #endif
 673:Middlewares/ST/STM32_USB_Host_Library/Core/Src/usbh_ctlreq.c ****       }
 674:Middlewares/ST/STM32_USB_Host_Library/Core/Src/usbh_ctlreq.c ****       else
 675:Middlewares/ST/STM32_USB_Host_Library/Core/Src/usbh_ctlreq.c ****       {
 676:Middlewares/ST/STM32_USB_Host_Library/Core/Src/usbh_ctlreq.c ****         if ((URB_Status == USBH_URB_ERROR) || (URB_Status == USBH_URB_NOTREADY))
 677:Middlewares/ST/STM32_USB_Host_Library/Core/Src/usbh_ctlreq.c ****         {
 678:Middlewares/ST/STM32_USB_Host_Library/Core/Src/usbh_ctlreq.c ****           phost->Control.state = CTRL_ERROR;
 679:Middlewares/ST/STM32_USB_Host_Library/Core/Src/usbh_ctlreq.c **** 
 680:Middlewares/ST/STM32_USB_Host_Library/Core/Src/usbh_ctlreq.c **** #if (USBH_USE_OS == 1U)
 681:Middlewares/ST/STM32_USB_Host_Library/Core/Src/usbh_ctlreq.c ****           phost->os_msg = (uint32_t)USBH_CONTROL_EVENT;
 682:Middlewares/ST/STM32_USB_Host_Library/Core/Src/usbh_ctlreq.c **** #if (osCMSIS < 0x20000U)
 683:Middlewares/ST/STM32_USB_Host_Library/Core/Src/usbh_ctlreq.c ****           (void)osMessagePut(phost->os_event, phost->os_msg, 0U);
 684:Middlewares/ST/STM32_USB_Host_Library/Core/Src/usbh_ctlreq.c **** #else
 685:Middlewares/ST/STM32_USB_Host_Library/Core/Src/usbh_ctlreq.c ****           (void)osMessageQueuePut(phost->os_event, &phost->os_msg, 0U, NULL);
 686:Middlewares/ST/STM32_USB_Host_Library/Core/Src/usbh_ctlreq.c **** #endif
 687:Middlewares/ST/STM32_USB_Host_Library/Core/Src/usbh_ctlreq.c **** #endif
 688:Middlewares/ST/STM32_USB_Host_Library/Core/Src/usbh_ctlreq.c ****         }
 689:Middlewares/ST/STM32_USB_Host_Library/Core/Src/usbh_ctlreq.c ****       }
 690:Middlewares/ST/STM32_USB_Host_Library/Core/Src/usbh_ctlreq.c ****       break;
 691:Middlewares/ST/STM32_USB_Host_Library/Core/Src/usbh_ctlreq.c **** 
 692:Middlewares/ST/STM32_USB_Host_Library/Core/Src/usbh_ctlreq.c ****     case CTRL_DATA_IN:
 693:Middlewares/ST/STM32_USB_Host_Library/Core/Src/usbh_ctlreq.c ****       /* Issue an IN token */
 694:Middlewares/ST/STM32_USB_Host_Library/Core/Src/usbh_ctlreq.c ****       phost->Control.timer = (uint16_t)phost->Timer;
 695:Middlewares/ST/STM32_USB_Host_Library/Core/Src/usbh_ctlreq.c ****       USBH_CtlReceiveData(phost, phost->Control.buff, phost->Control.length,
 696:Middlewares/ST/STM32_USB_Host_Library/Core/Src/usbh_ctlreq.c ****                           phost->Control.pipe_in);
 697:Middlewares/ST/STM32_USB_Host_Library/Core/Src/usbh_ctlreq.c **** 
 698:Middlewares/ST/STM32_USB_Host_Library/Core/Src/usbh_ctlreq.c ****       phost->Control.state = CTRL_DATA_IN_WAIT;
 699:Middlewares/ST/STM32_USB_Host_Library/Core/Src/usbh_ctlreq.c ****       break;
 700:Middlewares/ST/STM32_USB_Host_Library/Core/Src/usbh_ctlreq.c **** 
 701:Middlewares/ST/STM32_USB_Host_Library/Core/Src/usbh_ctlreq.c ****     case CTRL_DATA_IN_WAIT:
 702:Middlewares/ST/STM32_USB_Host_Library/Core/Src/usbh_ctlreq.c **** 
 703:Middlewares/ST/STM32_USB_Host_Library/Core/Src/usbh_ctlreq.c ****       URB_Status = USBH_LL_GetURBState(phost, phost->Control.pipe_in);
 704:Middlewares/ST/STM32_USB_Host_Library/Core/Src/usbh_ctlreq.c **** 
 705:Middlewares/ST/STM32_USB_Host_Library/Core/Src/usbh_ctlreq.c ****       /* check is DATA packet transferred successfully */
 706:Middlewares/ST/STM32_USB_Host_Library/Core/Src/usbh_ctlreq.c ****       if (URB_Status == USBH_URB_DONE)
 707:Middlewares/ST/STM32_USB_Host_Library/Core/Src/usbh_ctlreq.c ****       {
 708:Middlewares/ST/STM32_USB_Host_Library/Core/Src/usbh_ctlreq.c ****         phost->Control.state = CTRL_STATUS_OUT;
 709:Middlewares/ST/STM32_USB_Host_Library/Core/Src/usbh_ctlreq.c **** 
 710:Middlewares/ST/STM32_USB_Host_Library/Core/Src/usbh_ctlreq.c **** #if (USBH_USE_OS == 1U)
 711:Middlewares/ST/STM32_USB_Host_Library/Core/Src/usbh_ctlreq.c ****         phost->os_msg = (uint32_t)USBH_CONTROL_EVENT;
 712:Middlewares/ST/STM32_USB_Host_Library/Core/Src/usbh_ctlreq.c **** #if (osCMSIS < 0x20000U)
 713:Middlewares/ST/STM32_USB_Host_Library/Core/Src/usbh_ctlreq.c ****         (void)osMessagePut(phost->os_event, phost->os_msg, 0U);
 714:Middlewares/ST/STM32_USB_Host_Library/Core/Src/usbh_ctlreq.c **** #else
 715:Middlewares/ST/STM32_USB_Host_Library/Core/Src/usbh_ctlreq.c ****         (void)osMessageQueuePut(phost->os_event, &phost->os_msg, 0U, NULL);
 716:Middlewares/ST/STM32_USB_Host_Library/Core/Src/usbh_ctlreq.c **** #endif
 717:Middlewares/ST/STM32_USB_Host_Library/Core/Src/usbh_ctlreq.c **** #endif
 718:Middlewares/ST/STM32_USB_Host_Library/Core/Src/usbh_ctlreq.c ****       }
ARM GAS  /tmp/ccNwOiU6.s 			page 20


 719:Middlewares/ST/STM32_USB_Host_Library/Core/Src/usbh_ctlreq.c **** 
 720:Middlewares/ST/STM32_USB_Host_Library/Core/Src/usbh_ctlreq.c ****       /* manage error cases*/
 721:Middlewares/ST/STM32_USB_Host_Library/Core/Src/usbh_ctlreq.c ****       if (URB_Status == USBH_URB_STALL)
 722:Middlewares/ST/STM32_USB_Host_Library/Core/Src/usbh_ctlreq.c ****       {
 723:Middlewares/ST/STM32_USB_Host_Library/Core/Src/usbh_ctlreq.c ****         /* In stall case, return to previous machine state*/
 724:Middlewares/ST/STM32_USB_Host_Library/Core/Src/usbh_ctlreq.c ****         status = USBH_NOT_SUPPORTED;
 725:Middlewares/ST/STM32_USB_Host_Library/Core/Src/usbh_ctlreq.c **** 
 726:Middlewares/ST/STM32_USB_Host_Library/Core/Src/usbh_ctlreq.c **** #if (USBH_USE_OS == 1U)
 727:Middlewares/ST/STM32_USB_Host_Library/Core/Src/usbh_ctlreq.c ****         phost->os_msg = (uint32_t)USBH_CONTROL_EVENT;
 728:Middlewares/ST/STM32_USB_Host_Library/Core/Src/usbh_ctlreq.c **** #if (osCMSIS < 0x20000U)
 729:Middlewares/ST/STM32_USB_Host_Library/Core/Src/usbh_ctlreq.c ****         (void)osMessagePut(phost->os_event, phost->os_msg, 0U);
 730:Middlewares/ST/STM32_USB_Host_Library/Core/Src/usbh_ctlreq.c **** #else
 731:Middlewares/ST/STM32_USB_Host_Library/Core/Src/usbh_ctlreq.c ****         (void)osMessageQueuePut(phost->os_event, &phost->os_msg, 0U, NULL);
 732:Middlewares/ST/STM32_USB_Host_Library/Core/Src/usbh_ctlreq.c **** #endif
 733:Middlewares/ST/STM32_USB_Host_Library/Core/Src/usbh_ctlreq.c **** #endif
 734:Middlewares/ST/STM32_USB_Host_Library/Core/Src/usbh_ctlreq.c ****       }
 735:Middlewares/ST/STM32_USB_Host_Library/Core/Src/usbh_ctlreq.c ****       else
 736:Middlewares/ST/STM32_USB_Host_Library/Core/Src/usbh_ctlreq.c ****       {
 737:Middlewares/ST/STM32_USB_Host_Library/Core/Src/usbh_ctlreq.c ****         if (URB_Status == USBH_URB_ERROR)
 738:Middlewares/ST/STM32_USB_Host_Library/Core/Src/usbh_ctlreq.c ****         {
 739:Middlewares/ST/STM32_USB_Host_Library/Core/Src/usbh_ctlreq.c ****           /* Device error */
 740:Middlewares/ST/STM32_USB_Host_Library/Core/Src/usbh_ctlreq.c ****           phost->Control.state = CTRL_ERROR;
 741:Middlewares/ST/STM32_USB_Host_Library/Core/Src/usbh_ctlreq.c **** 
 742:Middlewares/ST/STM32_USB_Host_Library/Core/Src/usbh_ctlreq.c **** #if (USBH_USE_OS == 1U)
 743:Middlewares/ST/STM32_USB_Host_Library/Core/Src/usbh_ctlreq.c ****           phost->os_msg = (uint32_t)USBH_CONTROL_EVENT;
 744:Middlewares/ST/STM32_USB_Host_Library/Core/Src/usbh_ctlreq.c **** #if (osCMSIS < 0x20000U)
 745:Middlewares/ST/STM32_USB_Host_Library/Core/Src/usbh_ctlreq.c ****           (void)osMessagePut(phost->os_event, phost->os_msg, 0U);
 746:Middlewares/ST/STM32_USB_Host_Library/Core/Src/usbh_ctlreq.c **** #else
 747:Middlewares/ST/STM32_USB_Host_Library/Core/Src/usbh_ctlreq.c ****           (void)osMessageQueuePut(phost->os_event, &phost->os_msg, 0U, NULL);
 748:Middlewares/ST/STM32_USB_Host_Library/Core/Src/usbh_ctlreq.c **** #endif
 749:Middlewares/ST/STM32_USB_Host_Library/Core/Src/usbh_ctlreq.c **** #endif
 750:Middlewares/ST/STM32_USB_Host_Library/Core/Src/usbh_ctlreq.c ****         }
 751:Middlewares/ST/STM32_USB_Host_Library/Core/Src/usbh_ctlreq.c ****       }
 752:Middlewares/ST/STM32_USB_Host_Library/Core/Src/usbh_ctlreq.c ****       break;
 753:Middlewares/ST/STM32_USB_Host_Library/Core/Src/usbh_ctlreq.c **** 
 754:Middlewares/ST/STM32_USB_Host_Library/Core/Src/usbh_ctlreq.c ****     case CTRL_DATA_OUT:
 755:Middlewares/ST/STM32_USB_Host_Library/Core/Src/usbh_ctlreq.c **** 
 756:Middlewares/ST/STM32_USB_Host_Library/Core/Src/usbh_ctlreq.c ****       USBH_CtlSendData(phost, phost->Control.buff, phost->Control.length,
 757:Middlewares/ST/STM32_USB_Host_Library/Core/Src/usbh_ctlreq.c ****                        phost->Control.pipe_out, 1U);
 758:Middlewares/ST/STM32_USB_Host_Library/Core/Src/usbh_ctlreq.c **** 
 759:Middlewares/ST/STM32_USB_Host_Library/Core/Src/usbh_ctlreq.c ****       phost->Control.timer = (uint16_t)phost->Timer;
 760:Middlewares/ST/STM32_USB_Host_Library/Core/Src/usbh_ctlreq.c ****       phost->Control.state = CTRL_DATA_OUT_WAIT;
 761:Middlewares/ST/STM32_USB_Host_Library/Core/Src/usbh_ctlreq.c ****       break;
 762:Middlewares/ST/STM32_USB_Host_Library/Core/Src/usbh_ctlreq.c **** 
 763:Middlewares/ST/STM32_USB_Host_Library/Core/Src/usbh_ctlreq.c ****     case CTRL_DATA_OUT_WAIT:
 764:Middlewares/ST/STM32_USB_Host_Library/Core/Src/usbh_ctlreq.c **** 
 765:Middlewares/ST/STM32_USB_Host_Library/Core/Src/usbh_ctlreq.c ****       URB_Status = USBH_LL_GetURBState(phost, phost->Control.pipe_out);
 766:Middlewares/ST/STM32_USB_Host_Library/Core/Src/usbh_ctlreq.c **** 
 767:Middlewares/ST/STM32_USB_Host_Library/Core/Src/usbh_ctlreq.c ****       if (URB_Status == USBH_URB_DONE)
 768:Middlewares/ST/STM32_USB_Host_Library/Core/Src/usbh_ctlreq.c ****       {
 769:Middlewares/ST/STM32_USB_Host_Library/Core/Src/usbh_ctlreq.c ****         /* If the Setup Pkt is sent successful, then change the state */
 770:Middlewares/ST/STM32_USB_Host_Library/Core/Src/usbh_ctlreq.c ****         phost->Control.state = CTRL_STATUS_IN;
 771:Middlewares/ST/STM32_USB_Host_Library/Core/Src/usbh_ctlreq.c **** 
 772:Middlewares/ST/STM32_USB_Host_Library/Core/Src/usbh_ctlreq.c **** #if (USBH_USE_OS == 1U)
 773:Middlewares/ST/STM32_USB_Host_Library/Core/Src/usbh_ctlreq.c ****         phost->os_msg = (uint32_t)USBH_CONTROL_EVENT;
 774:Middlewares/ST/STM32_USB_Host_Library/Core/Src/usbh_ctlreq.c **** #if (osCMSIS < 0x20000U)
 775:Middlewares/ST/STM32_USB_Host_Library/Core/Src/usbh_ctlreq.c ****         (void)osMessagePut(phost->os_event, phost->os_msg, 0U);
ARM GAS  /tmp/ccNwOiU6.s 			page 21


 776:Middlewares/ST/STM32_USB_Host_Library/Core/Src/usbh_ctlreq.c **** #else
 777:Middlewares/ST/STM32_USB_Host_Library/Core/Src/usbh_ctlreq.c ****         (void)osMessageQueuePut(phost->os_event, &phost->os_msg, 0U, NULL);
 778:Middlewares/ST/STM32_USB_Host_Library/Core/Src/usbh_ctlreq.c **** #endif
 779:Middlewares/ST/STM32_USB_Host_Library/Core/Src/usbh_ctlreq.c **** #endif
 780:Middlewares/ST/STM32_USB_Host_Library/Core/Src/usbh_ctlreq.c ****       }
 781:Middlewares/ST/STM32_USB_Host_Library/Core/Src/usbh_ctlreq.c **** 
 782:Middlewares/ST/STM32_USB_Host_Library/Core/Src/usbh_ctlreq.c ****       /* handle error cases */
 783:Middlewares/ST/STM32_USB_Host_Library/Core/Src/usbh_ctlreq.c ****       else if (URB_Status == USBH_URB_STALL)
 784:Middlewares/ST/STM32_USB_Host_Library/Core/Src/usbh_ctlreq.c ****       {
 785:Middlewares/ST/STM32_USB_Host_Library/Core/Src/usbh_ctlreq.c ****         /* In stall case, return to previous machine state*/
 786:Middlewares/ST/STM32_USB_Host_Library/Core/Src/usbh_ctlreq.c ****         phost->Control.state = CTRL_STALLED;
 787:Middlewares/ST/STM32_USB_Host_Library/Core/Src/usbh_ctlreq.c ****         status = USBH_NOT_SUPPORTED;
 788:Middlewares/ST/STM32_USB_Host_Library/Core/Src/usbh_ctlreq.c **** 
 789:Middlewares/ST/STM32_USB_Host_Library/Core/Src/usbh_ctlreq.c **** #if (USBH_USE_OS == 1U)
 790:Middlewares/ST/STM32_USB_Host_Library/Core/Src/usbh_ctlreq.c ****         phost->os_msg = (uint32_t)USBH_CONTROL_EVENT;
 791:Middlewares/ST/STM32_USB_Host_Library/Core/Src/usbh_ctlreq.c **** #if (osCMSIS < 0x20000U)
 792:Middlewares/ST/STM32_USB_Host_Library/Core/Src/usbh_ctlreq.c ****         (void)osMessagePut(phost->os_event, phost->os_msg, 0U);
 793:Middlewares/ST/STM32_USB_Host_Library/Core/Src/usbh_ctlreq.c **** #else
 794:Middlewares/ST/STM32_USB_Host_Library/Core/Src/usbh_ctlreq.c ****         (void)osMessageQueuePut(phost->os_event, &phost->os_msg, 0U, NULL);
 795:Middlewares/ST/STM32_USB_Host_Library/Core/Src/usbh_ctlreq.c **** #endif
 796:Middlewares/ST/STM32_USB_Host_Library/Core/Src/usbh_ctlreq.c **** #endif
 797:Middlewares/ST/STM32_USB_Host_Library/Core/Src/usbh_ctlreq.c ****       }
 798:Middlewares/ST/STM32_USB_Host_Library/Core/Src/usbh_ctlreq.c ****       else if (URB_Status == USBH_URB_NOTREADY)
 799:Middlewares/ST/STM32_USB_Host_Library/Core/Src/usbh_ctlreq.c ****       {
 800:Middlewares/ST/STM32_USB_Host_Library/Core/Src/usbh_ctlreq.c ****         /* Nack received from device */
 801:Middlewares/ST/STM32_USB_Host_Library/Core/Src/usbh_ctlreq.c ****         phost->Control.state = CTRL_DATA_OUT;
 802:Middlewares/ST/STM32_USB_Host_Library/Core/Src/usbh_ctlreq.c **** 
 803:Middlewares/ST/STM32_USB_Host_Library/Core/Src/usbh_ctlreq.c **** #if (USBH_USE_OS == 1U)
 804:Middlewares/ST/STM32_USB_Host_Library/Core/Src/usbh_ctlreq.c ****         phost->os_msg = (uint32_t)USBH_CONTROL_EVENT;
 805:Middlewares/ST/STM32_USB_Host_Library/Core/Src/usbh_ctlreq.c **** #if (osCMSIS < 0x20000U)
 806:Middlewares/ST/STM32_USB_Host_Library/Core/Src/usbh_ctlreq.c ****         (void)osMessagePut(phost->os_event, phost->os_msg, 0U);
 807:Middlewares/ST/STM32_USB_Host_Library/Core/Src/usbh_ctlreq.c **** #else
 808:Middlewares/ST/STM32_USB_Host_Library/Core/Src/usbh_ctlreq.c ****         (void)osMessageQueuePut(phost->os_event, &phost->os_msg, 0U, NULL);
 809:Middlewares/ST/STM32_USB_Host_Library/Core/Src/usbh_ctlreq.c **** #endif
 810:Middlewares/ST/STM32_USB_Host_Library/Core/Src/usbh_ctlreq.c **** #endif
 811:Middlewares/ST/STM32_USB_Host_Library/Core/Src/usbh_ctlreq.c ****       }
 812:Middlewares/ST/STM32_USB_Host_Library/Core/Src/usbh_ctlreq.c ****       else
 813:Middlewares/ST/STM32_USB_Host_Library/Core/Src/usbh_ctlreq.c ****       {
 814:Middlewares/ST/STM32_USB_Host_Library/Core/Src/usbh_ctlreq.c ****         if (URB_Status == USBH_URB_ERROR)
 815:Middlewares/ST/STM32_USB_Host_Library/Core/Src/usbh_ctlreq.c ****         {
 816:Middlewares/ST/STM32_USB_Host_Library/Core/Src/usbh_ctlreq.c ****           /* device error */
 817:Middlewares/ST/STM32_USB_Host_Library/Core/Src/usbh_ctlreq.c ****           phost->Control.state = CTRL_ERROR;
 818:Middlewares/ST/STM32_USB_Host_Library/Core/Src/usbh_ctlreq.c ****           status = USBH_FAIL;
 819:Middlewares/ST/STM32_USB_Host_Library/Core/Src/usbh_ctlreq.c **** 
 820:Middlewares/ST/STM32_USB_Host_Library/Core/Src/usbh_ctlreq.c **** #if (USBH_USE_OS == 1U)
 821:Middlewares/ST/STM32_USB_Host_Library/Core/Src/usbh_ctlreq.c ****           phost->os_msg = (uint32_t)USBH_CONTROL_EVENT;
 822:Middlewares/ST/STM32_USB_Host_Library/Core/Src/usbh_ctlreq.c **** #if (osCMSIS < 0x20000U)
 823:Middlewares/ST/STM32_USB_Host_Library/Core/Src/usbh_ctlreq.c ****           (void)osMessagePut(phost->os_event, phost->os_msg, 0U);
 824:Middlewares/ST/STM32_USB_Host_Library/Core/Src/usbh_ctlreq.c **** #else
 825:Middlewares/ST/STM32_USB_Host_Library/Core/Src/usbh_ctlreq.c ****           (void)osMessageQueuePut(phost->os_event, &phost->os_msg, 0U, NULL);
 826:Middlewares/ST/STM32_USB_Host_Library/Core/Src/usbh_ctlreq.c **** #endif
 827:Middlewares/ST/STM32_USB_Host_Library/Core/Src/usbh_ctlreq.c **** #endif
 828:Middlewares/ST/STM32_USB_Host_Library/Core/Src/usbh_ctlreq.c ****         }
 829:Middlewares/ST/STM32_USB_Host_Library/Core/Src/usbh_ctlreq.c ****       }
 830:Middlewares/ST/STM32_USB_Host_Library/Core/Src/usbh_ctlreq.c ****       break;
 831:Middlewares/ST/STM32_USB_Host_Library/Core/Src/usbh_ctlreq.c **** 
 832:Middlewares/ST/STM32_USB_Host_Library/Core/Src/usbh_ctlreq.c ****     case CTRL_STATUS_IN:
ARM GAS  /tmp/ccNwOiU6.s 			page 22


 833:Middlewares/ST/STM32_USB_Host_Library/Core/Src/usbh_ctlreq.c ****       /* Send 0 bytes out packet */
 834:Middlewares/ST/STM32_USB_Host_Library/Core/Src/usbh_ctlreq.c ****       USBH_CtlReceiveData(phost, 0U, 0U, phost->Control.pipe_in);
 835:Middlewares/ST/STM32_USB_Host_Library/Core/Src/usbh_ctlreq.c **** 
 836:Middlewares/ST/STM32_USB_Host_Library/Core/Src/usbh_ctlreq.c ****       phost->Control.timer = (uint16_t)phost->Timer;
 837:Middlewares/ST/STM32_USB_Host_Library/Core/Src/usbh_ctlreq.c ****       phost->Control.state = CTRL_STATUS_IN_WAIT;
 838:Middlewares/ST/STM32_USB_Host_Library/Core/Src/usbh_ctlreq.c **** 
 839:Middlewares/ST/STM32_USB_Host_Library/Core/Src/usbh_ctlreq.c ****       break;
 840:Middlewares/ST/STM32_USB_Host_Library/Core/Src/usbh_ctlreq.c **** 
 841:Middlewares/ST/STM32_USB_Host_Library/Core/Src/usbh_ctlreq.c ****     case CTRL_STATUS_IN_WAIT:
 842:Middlewares/ST/STM32_USB_Host_Library/Core/Src/usbh_ctlreq.c **** 
 843:Middlewares/ST/STM32_USB_Host_Library/Core/Src/usbh_ctlreq.c ****       URB_Status = USBH_LL_GetURBState(phost, phost->Control.pipe_in);
 844:Middlewares/ST/STM32_USB_Host_Library/Core/Src/usbh_ctlreq.c **** 
 845:Middlewares/ST/STM32_USB_Host_Library/Core/Src/usbh_ctlreq.c ****       if (URB_Status == USBH_URB_DONE)
 846:Middlewares/ST/STM32_USB_Host_Library/Core/Src/usbh_ctlreq.c ****       {
 847:Middlewares/ST/STM32_USB_Host_Library/Core/Src/usbh_ctlreq.c ****         /* Control transfers completed, Exit the State Machine */
 848:Middlewares/ST/STM32_USB_Host_Library/Core/Src/usbh_ctlreq.c ****         phost->Control.state = CTRL_COMPLETE;
 849:Middlewares/ST/STM32_USB_Host_Library/Core/Src/usbh_ctlreq.c ****         status = USBH_OK;
 850:Middlewares/ST/STM32_USB_Host_Library/Core/Src/usbh_ctlreq.c **** 
 851:Middlewares/ST/STM32_USB_Host_Library/Core/Src/usbh_ctlreq.c **** #if (USBH_USE_OS == 1U)
 852:Middlewares/ST/STM32_USB_Host_Library/Core/Src/usbh_ctlreq.c ****         phost->os_msg = (uint32_t)USBH_CONTROL_EVENT;
 853:Middlewares/ST/STM32_USB_Host_Library/Core/Src/usbh_ctlreq.c **** #if (osCMSIS < 0x20000U)
 854:Middlewares/ST/STM32_USB_Host_Library/Core/Src/usbh_ctlreq.c ****         (void)osMessagePut(phost->os_event, phost->os_msg, 0U);
 855:Middlewares/ST/STM32_USB_Host_Library/Core/Src/usbh_ctlreq.c **** #else
 856:Middlewares/ST/STM32_USB_Host_Library/Core/Src/usbh_ctlreq.c ****         (void)osMessageQueuePut(phost->os_event, &phost->os_msg, 0U, NULL);
 857:Middlewares/ST/STM32_USB_Host_Library/Core/Src/usbh_ctlreq.c **** #endif
 858:Middlewares/ST/STM32_USB_Host_Library/Core/Src/usbh_ctlreq.c **** #endif
 859:Middlewares/ST/STM32_USB_Host_Library/Core/Src/usbh_ctlreq.c ****       }
 860:Middlewares/ST/STM32_USB_Host_Library/Core/Src/usbh_ctlreq.c ****       else if (URB_Status == USBH_URB_ERROR)
 861:Middlewares/ST/STM32_USB_Host_Library/Core/Src/usbh_ctlreq.c ****       {
 862:Middlewares/ST/STM32_USB_Host_Library/Core/Src/usbh_ctlreq.c ****         phost->Control.state = CTRL_ERROR;
 863:Middlewares/ST/STM32_USB_Host_Library/Core/Src/usbh_ctlreq.c **** 
 864:Middlewares/ST/STM32_USB_Host_Library/Core/Src/usbh_ctlreq.c **** #if (USBH_USE_OS == 1U)
 865:Middlewares/ST/STM32_USB_Host_Library/Core/Src/usbh_ctlreq.c ****         phost->os_msg = (uint32_t)USBH_CONTROL_EVENT;
 866:Middlewares/ST/STM32_USB_Host_Library/Core/Src/usbh_ctlreq.c **** #if (osCMSIS < 0x20000U)
 867:Middlewares/ST/STM32_USB_Host_Library/Core/Src/usbh_ctlreq.c ****         (void)osMessagePut(phost->os_event, phost->os_msg, 0U);
 868:Middlewares/ST/STM32_USB_Host_Library/Core/Src/usbh_ctlreq.c **** #else
 869:Middlewares/ST/STM32_USB_Host_Library/Core/Src/usbh_ctlreq.c ****         (void)osMessageQueuePut(phost->os_event, &phost->os_msg, 0U, NULL);
 870:Middlewares/ST/STM32_USB_Host_Library/Core/Src/usbh_ctlreq.c **** #endif
 871:Middlewares/ST/STM32_USB_Host_Library/Core/Src/usbh_ctlreq.c **** #endif
 872:Middlewares/ST/STM32_USB_Host_Library/Core/Src/usbh_ctlreq.c ****       }
 873:Middlewares/ST/STM32_USB_Host_Library/Core/Src/usbh_ctlreq.c ****       else
 874:Middlewares/ST/STM32_USB_Host_Library/Core/Src/usbh_ctlreq.c ****       {
 875:Middlewares/ST/STM32_USB_Host_Library/Core/Src/usbh_ctlreq.c ****         if (URB_Status == USBH_URB_STALL)
 876:Middlewares/ST/STM32_USB_Host_Library/Core/Src/usbh_ctlreq.c ****         {
 877:Middlewares/ST/STM32_USB_Host_Library/Core/Src/usbh_ctlreq.c ****           /* Control transfers completed, Exit the State Machine */
 878:Middlewares/ST/STM32_USB_Host_Library/Core/Src/usbh_ctlreq.c ****           status = USBH_NOT_SUPPORTED;
 879:Middlewares/ST/STM32_USB_Host_Library/Core/Src/usbh_ctlreq.c **** 
 880:Middlewares/ST/STM32_USB_Host_Library/Core/Src/usbh_ctlreq.c **** #if (USBH_USE_OS == 1U)
 881:Middlewares/ST/STM32_USB_Host_Library/Core/Src/usbh_ctlreq.c ****           phost->os_msg = (uint32_t)USBH_CONTROL_EVENT;
 882:Middlewares/ST/STM32_USB_Host_Library/Core/Src/usbh_ctlreq.c **** #if (osCMSIS < 0x20000U)
 883:Middlewares/ST/STM32_USB_Host_Library/Core/Src/usbh_ctlreq.c ****           (void)osMessagePut(phost->os_event, phost->os_msg, 0U);
 884:Middlewares/ST/STM32_USB_Host_Library/Core/Src/usbh_ctlreq.c **** #else
 885:Middlewares/ST/STM32_USB_Host_Library/Core/Src/usbh_ctlreq.c ****           (void)osMessageQueuePut(phost->os_event, &phost->os_msg, 0U, NULL);
 886:Middlewares/ST/STM32_USB_Host_Library/Core/Src/usbh_ctlreq.c **** #endif
 887:Middlewares/ST/STM32_USB_Host_Library/Core/Src/usbh_ctlreq.c **** #endif
 888:Middlewares/ST/STM32_USB_Host_Library/Core/Src/usbh_ctlreq.c ****         }
 889:Middlewares/ST/STM32_USB_Host_Library/Core/Src/usbh_ctlreq.c ****       }
ARM GAS  /tmp/ccNwOiU6.s 			page 23


 890:Middlewares/ST/STM32_USB_Host_Library/Core/Src/usbh_ctlreq.c ****       break;
 891:Middlewares/ST/STM32_USB_Host_Library/Core/Src/usbh_ctlreq.c **** 
 892:Middlewares/ST/STM32_USB_Host_Library/Core/Src/usbh_ctlreq.c ****     case CTRL_STATUS_OUT:
 893:Middlewares/ST/STM32_USB_Host_Library/Core/Src/usbh_ctlreq.c ****       USBH_CtlSendData(phost, 0U, 0U, phost->Control.pipe_out, 1U);
 894:Middlewares/ST/STM32_USB_Host_Library/Core/Src/usbh_ctlreq.c **** 
 895:Middlewares/ST/STM32_USB_Host_Library/Core/Src/usbh_ctlreq.c ****       phost->Control.timer = (uint16_t)phost->Timer;
 896:Middlewares/ST/STM32_USB_Host_Library/Core/Src/usbh_ctlreq.c ****       phost->Control.state = CTRL_STATUS_OUT_WAIT;
 897:Middlewares/ST/STM32_USB_Host_Library/Core/Src/usbh_ctlreq.c ****       break;
 898:Middlewares/ST/STM32_USB_Host_Library/Core/Src/usbh_ctlreq.c **** 
 899:Middlewares/ST/STM32_USB_Host_Library/Core/Src/usbh_ctlreq.c ****     case CTRL_STATUS_OUT_WAIT:
 900:Middlewares/ST/STM32_USB_Host_Library/Core/Src/usbh_ctlreq.c ****       URB_Status = USBH_LL_GetURBState(phost, phost->Control.pipe_out);
 901:Middlewares/ST/STM32_USB_Host_Library/Core/Src/usbh_ctlreq.c ****       if (URB_Status == USBH_URB_DONE)
 902:Middlewares/ST/STM32_USB_Host_Library/Core/Src/usbh_ctlreq.c ****       {
 903:Middlewares/ST/STM32_USB_Host_Library/Core/Src/usbh_ctlreq.c ****         status = USBH_OK;
 904:Middlewares/ST/STM32_USB_Host_Library/Core/Src/usbh_ctlreq.c ****         phost->Control.state = CTRL_COMPLETE;
 905:Middlewares/ST/STM32_USB_Host_Library/Core/Src/usbh_ctlreq.c **** 
 906:Middlewares/ST/STM32_USB_Host_Library/Core/Src/usbh_ctlreq.c **** #if (USBH_USE_OS == 1U)
 907:Middlewares/ST/STM32_USB_Host_Library/Core/Src/usbh_ctlreq.c ****         phost->os_msg = (uint32_t)USBH_CONTROL_EVENT;
 908:Middlewares/ST/STM32_USB_Host_Library/Core/Src/usbh_ctlreq.c **** #if (osCMSIS < 0x20000U)
 909:Middlewares/ST/STM32_USB_Host_Library/Core/Src/usbh_ctlreq.c ****         (void)osMessagePut(phost->os_event, phost->os_msg, 0U);
 910:Middlewares/ST/STM32_USB_Host_Library/Core/Src/usbh_ctlreq.c **** #else
 911:Middlewares/ST/STM32_USB_Host_Library/Core/Src/usbh_ctlreq.c ****         (void)osMessageQueuePut(phost->os_event, &phost->os_msg, 0U, NULL);
 912:Middlewares/ST/STM32_USB_Host_Library/Core/Src/usbh_ctlreq.c **** #endif
 913:Middlewares/ST/STM32_USB_Host_Library/Core/Src/usbh_ctlreq.c **** #endif
 914:Middlewares/ST/STM32_USB_Host_Library/Core/Src/usbh_ctlreq.c ****       }
 915:Middlewares/ST/STM32_USB_Host_Library/Core/Src/usbh_ctlreq.c ****       else if (URB_Status == USBH_URB_NOTREADY)
 916:Middlewares/ST/STM32_USB_Host_Library/Core/Src/usbh_ctlreq.c ****       {
 917:Middlewares/ST/STM32_USB_Host_Library/Core/Src/usbh_ctlreq.c ****         phost->Control.state = CTRL_STATUS_OUT;
 918:Middlewares/ST/STM32_USB_Host_Library/Core/Src/usbh_ctlreq.c **** 
 919:Middlewares/ST/STM32_USB_Host_Library/Core/Src/usbh_ctlreq.c **** #if (USBH_USE_OS == 1U)
 920:Middlewares/ST/STM32_USB_Host_Library/Core/Src/usbh_ctlreq.c ****         phost->os_msg = (uint32_t)USBH_CONTROL_EVENT;
 921:Middlewares/ST/STM32_USB_Host_Library/Core/Src/usbh_ctlreq.c **** #if (osCMSIS < 0x20000U)
 922:Middlewares/ST/STM32_USB_Host_Library/Core/Src/usbh_ctlreq.c ****         (void)osMessagePut(phost->os_event, phost->os_msg, 0U);
 923:Middlewares/ST/STM32_USB_Host_Library/Core/Src/usbh_ctlreq.c **** #else
 924:Middlewares/ST/STM32_USB_Host_Library/Core/Src/usbh_ctlreq.c ****         (void)osMessageQueuePut(phost->os_event, &phost->os_msg, 0U, NULL);
 925:Middlewares/ST/STM32_USB_Host_Library/Core/Src/usbh_ctlreq.c **** #endif
 926:Middlewares/ST/STM32_USB_Host_Library/Core/Src/usbh_ctlreq.c **** #endif
 927:Middlewares/ST/STM32_USB_Host_Library/Core/Src/usbh_ctlreq.c ****       }
 928:Middlewares/ST/STM32_USB_Host_Library/Core/Src/usbh_ctlreq.c ****       else
 929:Middlewares/ST/STM32_USB_Host_Library/Core/Src/usbh_ctlreq.c ****       {
 930:Middlewares/ST/STM32_USB_Host_Library/Core/Src/usbh_ctlreq.c ****         if (URB_Status == USBH_URB_ERROR)
 931:Middlewares/ST/STM32_USB_Host_Library/Core/Src/usbh_ctlreq.c ****         {
 932:Middlewares/ST/STM32_USB_Host_Library/Core/Src/usbh_ctlreq.c ****           phost->Control.state = CTRL_ERROR;
 933:Middlewares/ST/STM32_USB_Host_Library/Core/Src/usbh_ctlreq.c **** 
 934:Middlewares/ST/STM32_USB_Host_Library/Core/Src/usbh_ctlreq.c **** #if (USBH_USE_OS == 1U)
 935:Middlewares/ST/STM32_USB_Host_Library/Core/Src/usbh_ctlreq.c ****           phost->os_msg = (uint32_t)USBH_CONTROL_EVENT;
 936:Middlewares/ST/STM32_USB_Host_Library/Core/Src/usbh_ctlreq.c **** #if (osCMSIS < 0x20000U)
 937:Middlewares/ST/STM32_USB_Host_Library/Core/Src/usbh_ctlreq.c ****           (void)osMessagePut(phost->os_event, phost->os_msg, 0U);
 938:Middlewares/ST/STM32_USB_Host_Library/Core/Src/usbh_ctlreq.c **** #else
 939:Middlewares/ST/STM32_USB_Host_Library/Core/Src/usbh_ctlreq.c ****           (void)osMessageQueuePut(phost->os_event, &phost->os_msg, 0U, NULL);
 940:Middlewares/ST/STM32_USB_Host_Library/Core/Src/usbh_ctlreq.c **** #endif
 941:Middlewares/ST/STM32_USB_Host_Library/Core/Src/usbh_ctlreq.c **** #endif
 942:Middlewares/ST/STM32_USB_Host_Library/Core/Src/usbh_ctlreq.c ****         }
 943:Middlewares/ST/STM32_USB_Host_Library/Core/Src/usbh_ctlreq.c ****       }
 944:Middlewares/ST/STM32_USB_Host_Library/Core/Src/usbh_ctlreq.c ****       break;
 945:Middlewares/ST/STM32_USB_Host_Library/Core/Src/usbh_ctlreq.c **** 
 946:Middlewares/ST/STM32_USB_Host_Library/Core/Src/usbh_ctlreq.c ****     case CTRL_ERROR:
ARM GAS  /tmp/ccNwOiU6.s 			page 24


 947:Middlewares/ST/STM32_USB_Host_Library/Core/Src/usbh_ctlreq.c ****       /*
 948:Middlewares/ST/STM32_USB_Host_Library/Core/Src/usbh_ctlreq.c ****       After a halt condition is encountered or an error is detected by the
 949:Middlewares/ST/STM32_USB_Host_Library/Core/Src/usbh_ctlreq.c ****       host, a control endpoint is allowed to recover by accepting the next Setup
 950:Middlewares/ST/STM32_USB_Host_Library/Core/Src/usbh_ctlreq.c ****       PID; i.e., recovery actions via some other pipe are not required for control
 951:Middlewares/ST/STM32_USB_Host_Library/Core/Src/usbh_ctlreq.c ****       endpoints. For the Default Control Pipe, a device reset will ultimately be
 952:Middlewares/ST/STM32_USB_Host_Library/Core/Src/usbh_ctlreq.c ****       required to clear the halt or error condition if the next Setup PID is not
 953:Middlewares/ST/STM32_USB_Host_Library/Core/Src/usbh_ctlreq.c ****       accepted.
 954:Middlewares/ST/STM32_USB_Host_Library/Core/Src/usbh_ctlreq.c ****       */
 955:Middlewares/ST/STM32_USB_Host_Library/Core/Src/usbh_ctlreq.c ****       if (++phost->Control.errorcount <= USBH_MAX_ERROR_COUNT)
 956:Middlewares/ST/STM32_USB_Host_Library/Core/Src/usbh_ctlreq.c ****       {
 957:Middlewares/ST/STM32_USB_Host_Library/Core/Src/usbh_ctlreq.c ****         /* Do the transmission again, starting from SETUP Packet */
 958:Middlewares/ST/STM32_USB_Host_Library/Core/Src/usbh_ctlreq.c ****         phost->Control.state = CTRL_SETUP;
 959:Middlewares/ST/STM32_USB_Host_Library/Core/Src/usbh_ctlreq.c ****         phost->RequestState = CMD_SEND;
 960:Middlewares/ST/STM32_USB_Host_Library/Core/Src/usbh_ctlreq.c ****       }
 961:Middlewares/ST/STM32_USB_Host_Library/Core/Src/usbh_ctlreq.c ****       else
 962:Middlewares/ST/STM32_USB_Host_Library/Core/Src/usbh_ctlreq.c ****       {
 963:Middlewares/ST/STM32_USB_Host_Library/Core/Src/usbh_ctlreq.c ****         phost->pUser(phost, HOST_USER_UNRECOVERED_ERROR);
 964:Middlewares/ST/STM32_USB_Host_Library/Core/Src/usbh_ctlreq.c ****         phost->Control.errorcount = 0U;
 965:Middlewares/ST/STM32_USB_Host_Library/Core/Src/usbh_ctlreq.c ****         USBH_ErrLog("Control error: Device not responding");
 966:Middlewares/ST/STM32_USB_Host_Library/Core/Src/usbh_ctlreq.c **** 
 967:Middlewares/ST/STM32_USB_Host_Library/Core/Src/usbh_ctlreq.c ****         /* Free control pipes */
 968:Middlewares/ST/STM32_USB_Host_Library/Core/Src/usbh_ctlreq.c ****         USBH_FreePipe(phost, phost->Control.pipe_out);
 969:Middlewares/ST/STM32_USB_Host_Library/Core/Src/usbh_ctlreq.c ****         USBH_FreePipe(phost, phost->Control.pipe_in);
 970:Middlewares/ST/STM32_USB_Host_Library/Core/Src/usbh_ctlreq.c **** 
 971:Middlewares/ST/STM32_USB_Host_Library/Core/Src/usbh_ctlreq.c ****         phost->gState = HOST_IDLE;
 972:Middlewares/ST/STM32_USB_Host_Library/Core/Src/usbh_ctlreq.c ****         status = USBH_FAIL;
 973:Middlewares/ST/STM32_USB_Host_Library/Core/Src/usbh_ctlreq.c ****       }
 974:Middlewares/ST/STM32_USB_Host_Library/Core/Src/usbh_ctlreq.c ****       break;
 975:Middlewares/ST/STM32_USB_Host_Library/Core/Src/usbh_ctlreq.c **** 
 976:Middlewares/ST/STM32_USB_Host_Library/Core/Src/usbh_ctlreq.c ****     default:
 977:Middlewares/ST/STM32_USB_Host_Library/Core/Src/usbh_ctlreq.c ****       break;
 978:Middlewares/ST/STM32_USB_Host_Library/Core/Src/usbh_ctlreq.c ****   }
 979:Middlewares/ST/STM32_USB_Host_Library/Core/Src/usbh_ctlreq.c **** 
 980:Middlewares/ST/STM32_USB_Host_Library/Core/Src/usbh_ctlreq.c ****   return status;
 356              		.loc 1 980 3 view .LVU114
 981:Middlewares/ST/STM32_USB_Host_Library/Core/Src/usbh_ctlreq.c **** }
 357              		.loc 1 981 1 is_stmt 0 view .LVU115
 358 002e 2846     		mov	r0, r5
 359 0030 03B0     		add	sp, sp, #12
 360              		.cfi_remember_state
 361              		.cfi_def_cfa_offset 12
 362              		@ sp needed
 363 0032 30BD     		pop	{r4, r5, pc}
 364              	.LVL18:
 365              	.L22:
 366              		.cfi_restore_state
 629:Middlewares/ST/STM32_USB_Host_Library/Core/Src/usbh_ctlreq.c ****       /* case SETUP packet sent successfully */
 367              		.loc 1 629 7 is_stmt 1 view .LVU116
 629:Middlewares/ST/STM32_USB_Host_Library/Core/Src/usbh_ctlreq.c ****       /* case SETUP packet sent successfully */
 368              		.loc 1 629 20 is_stmt 0 view .LVU117
 369 0034 4179     		ldrb	r1, [r0, #5]	@ zero_extendqisi2
 370 0036 FFF7FEFF 		bl	USBH_LL_GetURBState
 371              	.LVL19:
 629:Middlewares/ST/STM32_USB_Host_Library/Core/Src/usbh_ctlreq.c ****       /* case SETUP packet sent successfully */
 372              		.loc 1 629 20 view .LVU118
 373 003a 0546     		mov	r5, r0
 374              	.LVL20:
ARM GAS  /tmp/ccNwOiU6.s 			page 25


 631:Middlewares/ST/STM32_USB_Host_Library/Core/Src/usbh_ctlreq.c ****       {
 375              		.loc 1 631 7 is_stmt 1 view .LVU119
 631:Middlewares/ST/STM32_USB_Host_Library/Core/Src/usbh_ctlreq.c ****       {
 376              		.loc 1 631 10 is_stmt 0 view .LVU120
 377 003c 0128     		cmp	r0, #1
 378 003e 05D0     		beq	.L49
 676:Middlewares/ST/STM32_USB_Host_Library/Core/Src/usbh_ctlreq.c ****         {
 379              		.loc 1 676 9 is_stmt 1 view .LVU121
 676:Middlewares/ST/STM32_USB_Host_Library/Core/Src/usbh_ctlreq.c ****         {
 380              		.loc 1 676 12 is_stmt 0 view .LVU122
 381 0040 0428     		cmp	r0, #4
 382 0042 18D0     		beq	.L28
 676:Middlewares/ST/STM32_USB_Host_Library/Core/Src/usbh_ctlreq.c ****         {
 383              		.loc 1 676 44 discriminator 1 view .LVU123
 384 0044 0228     		cmp	r0, #2
 385 0046 16D0     		beq	.L28
 614:Middlewares/ST/STM32_USB_Host_Library/Core/Src/usbh_ctlreq.c ****   USBH_URBStateTypeDef URB_Status = USBH_URB_IDLE;
 386              		.loc 1 614 22 view .LVU124
 387 0048 0125     		movs	r5, #1
 388 004a F0E7     		b	.L11
 389              	.L49:
 633:Middlewares/ST/STM32_USB_Host_Library/Core/Src/usbh_ctlreq.c **** 
 390              		.loc 1 633 9 is_stmt 1 view .LVU125
 633:Middlewares/ST/STM32_USB_Host_Library/Core/Src/usbh_ctlreq.c **** 
 391              		.loc 1 633 44 is_stmt 0 view .LVU126
 392 004c 237C     		ldrb	r3, [r4, #16]	@ zero_extendqisi2
 393              	.LVL21:
 636:Middlewares/ST/STM32_USB_Host_Library/Core/Src/usbh_ctlreq.c ****         {
 394              		.loc 1 636 9 is_stmt 1 view .LVU127
 636:Middlewares/ST/STM32_USB_Host_Library/Core/Src/usbh_ctlreq.c ****         {
 395              		.loc 1 636 43 is_stmt 0 view .LVU128
 396 004e E28A     		ldrh	r2, [r4, #22]
 636:Middlewares/ST/STM32_USB_Host_Library/Core/Src/usbh_ctlreq.c ****         {
 397              		.loc 1 636 12 view .LVU129
 398 0050 42B1     		cbz	r2, .L25
 638:Middlewares/ST/STM32_USB_Host_Library/Core/Src/usbh_ctlreq.c ****           {
 399              		.loc 1 638 11 is_stmt 1 view .LVU130
 638:Middlewares/ST/STM32_USB_Host_Library/Core/Src/usbh_ctlreq.c ****           {
 400              		.loc 1 638 14 is_stmt 0 view .LVU131
 401 0052 13F0800F 		tst	r3, #128
 402 0056 02D1     		bne	.L50
 646:Middlewares/ST/STM32_USB_Host_Library/Core/Src/usbh_ctlreq.c ****           }
 403              		.loc 1 646 13 is_stmt 1 view .LVU132
 646:Middlewares/ST/STM32_USB_Host_Library/Core/Src/usbh_ctlreq.c ****           }
 404              		.loc 1 646 34 is_stmt 0 view .LVU133
 405 0058 0523     		movs	r3, #5
 406              	.LVL22:
 646:Middlewares/ST/STM32_USB_Host_Library/Core/Src/usbh_ctlreq.c ****           }
 407              		.loc 1 646 34 view .LVU134
 408 005a 2376     		strb	r3, [r4, #24]
 409 005c E7E7     		b	.L11
 410              	.LVL23:
 411              	.L50:
 641:Middlewares/ST/STM32_USB_Host_Library/Core/Src/usbh_ctlreq.c ****           }
 412              		.loc 1 641 13 is_stmt 1 view .LVU135
 641:Middlewares/ST/STM32_USB_Host_Library/Core/Src/usbh_ctlreq.c ****           }
 413              		.loc 1 641 34 is_stmt 0 view .LVU136
ARM GAS  /tmp/ccNwOiU6.s 			page 26


 414 005e 0323     		movs	r3, #3
 415              	.LVL24:
 641:Middlewares/ST/STM32_USB_Host_Library/Core/Src/usbh_ctlreq.c ****           }
 416              		.loc 1 641 34 view .LVU137
 417 0060 2376     		strb	r3, [r4, #24]
 418 0062 E4E7     		b	.L11
 419              	.LVL25:
 420              	.L25:
 653:Middlewares/ST/STM32_USB_Host_Library/Core/Src/usbh_ctlreq.c ****           {
 421              		.loc 1 653 11 is_stmt 1 view .LVU138
 653:Middlewares/ST/STM32_USB_Host_Library/Core/Src/usbh_ctlreq.c ****           {
 422              		.loc 1 653 14 is_stmt 0 view .LVU139
 423 0064 13F0800F 		tst	r3, #128
 424 0068 02D1     		bne	.L51
 661:Middlewares/ST/STM32_USB_Host_Library/Core/Src/usbh_ctlreq.c ****           }
 425              		.loc 1 661 13 is_stmt 1 view .LVU140
 661:Middlewares/ST/STM32_USB_Host_Library/Core/Src/usbh_ctlreq.c ****           }
 426              		.loc 1 661 34 is_stmt 0 view .LVU141
 427 006a 0723     		movs	r3, #7
 428              	.LVL26:
 661:Middlewares/ST/STM32_USB_Host_Library/Core/Src/usbh_ctlreq.c ****           }
 429              		.loc 1 661 34 view .LVU142
 430 006c 2376     		strb	r3, [r4, #24]
 431 006e DEE7     		b	.L11
 432              	.LVL27:
 433              	.L51:
 656:Middlewares/ST/STM32_USB_Host_Library/Core/Src/usbh_ctlreq.c ****           }
 434              		.loc 1 656 13 is_stmt 1 view .LVU143
 656:Middlewares/ST/STM32_USB_Host_Library/Core/Src/usbh_ctlreq.c ****           }
 435              		.loc 1 656 34 is_stmt 0 view .LVU144
 436 0070 0923     		movs	r3, #9
 437              	.LVL28:
 656:Middlewares/ST/STM32_USB_Host_Library/Core/Src/usbh_ctlreq.c ****           }
 438              		.loc 1 656 34 view .LVU145
 439 0072 2376     		strb	r3, [r4, #24]
 440 0074 DBE7     		b	.L11
 441              	.LVL29:
 442              	.L28:
 678:Middlewares/ST/STM32_USB_Host_Library/Core/Src/usbh_ctlreq.c **** 
 443              		.loc 1 678 11 is_stmt 1 view .LVU146
 678:Middlewares/ST/STM32_USB_Host_Library/Core/Src/usbh_ctlreq.c **** 
 444              		.loc 1 678 32 is_stmt 0 view .LVU147
 445 0076 0B23     		movs	r3, #11
 446 0078 2376     		strb	r3, [r4, #24]
 614:Middlewares/ST/STM32_USB_Host_Library/Core/Src/usbh_ctlreq.c ****   USBH_URBStateTypeDef URB_Status = USBH_URB_IDLE;
 447              		.loc 1 614 22 view .LVU148
 448 007a 0125     		movs	r5, #1
 449 007c D7E7     		b	.L11
 450              	.LVL30:
 451              	.L21:
 694:Middlewares/ST/STM32_USB_Host_Library/Core/Src/usbh_ctlreq.c ****       USBH_CtlReceiveData(phost, phost->Control.buff, phost->Control.length,
 452              		.loc 1 694 7 is_stmt 1 view .LVU149
 694:Middlewares/ST/STM32_USB_Host_Library/Core/Src/usbh_ctlreq.c ****       USBH_CtlReceiveData(phost, phost->Control.buff, phost->Control.length,
 453              		.loc 1 694 45 is_stmt 0 view .LVU150
 454 007e D0F8C433 		ldr	r3, [r0, #964]
 694:Middlewares/ST/STM32_USB_Host_Library/Core/Src/usbh_ctlreq.c ****       USBH_CtlReceiveData(phost, phost->Control.buff, phost->Control.length,
 455              		.loc 1 694 28 view .LVU151
ARM GAS  /tmp/ccNwOiU6.s 			page 27


 456 0082 C381     		strh	r3, [r0, #14]	@ movhi
 695:Middlewares/ST/STM32_USB_Host_Library/Core/Src/usbh_ctlreq.c ****                           phost->Control.pipe_in);
 457              		.loc 1 695 7 is_stmt 1 view .LVU152
 458 0084 0379     		ldrb	r3, [r0, #4]	@ zero_extendqisi2
 459 0086 8289     		ldrh	r2, [r0, #12]
 460 0088 8168     		ldr	r1, [r0, #8]
 461 008a FFF7FEFF 		bl	USBH_CtlReceiveData
 462              	.LVL31:
 698:Middlewares/ST/STM32_USB_Host_Library/Core/Src/usbh_ctlreq.c ****       break;
 463              		.loc 1 698 7 view .LVU153
 698:Middlewares/ST/STM32_USB_Host_Library/Core/Src/usbh_ctlreq.c ****       break;
 464              		.loc 1 698 28 is_stmt 0 view .LVU154
 465 008e 0423     		movs	r3, #4
 466 0090 2376     		strb	r3, [r4, #24]
 699:Middlewares/ST/STM32_USB_Host_Library/Core/Src/usbh_ctlreq.c **** 
 467              		.loc 1 699 7 is_stmt 1 view .LVU155
 614:Middlewares/ST/STM32_USB_Host_Library/Core/Src/usbh_ctlreq.c ****   USBH_URBStateTypeDef URB_Status = USBH_URB_IDLE;
 468              		.loc 1 614 22 is_stmt 0 view .LVU156
 469 0092 0125     		movs	r5, #1
 699:Middlewares/ST/STM32_USB_Host_Library/Core/Src/usbh_ctlreq.c **** 
 470              		.loc 1 699 7 view .LVU157
 471 0094 CBE7     		b	.L11
 472              	.LVL32:
 473              	.L20:
 703:Middlewares/ST/STM32_USB_Host_Library/Core/Src/usbh_ctlreq.c **** 
 474              		.loc 1 703 7 is_stmt 1 view .LVU158
 703:Middlewares/ST/STM32_USB_Host_Library/Core/Src/usbh_ctlreq.c **** 
 475              		.loc 1 703 20 is_stmt 0 view .LVU159
 476 0096 0179     		ldrb	r1, [r0, #4]	@ zero_extendqisi2
 477 0098 FFF7FEFF 		bl	USBH_LL_GetURBState
 478              	.LVL33:
 706:Middlewares/ST/STM32_USB_Host_Library/Core/Src/usbh_ctlreq.c ****       {
 479              		.loc 1 706 7 is_stmt 1 view .LVU160
 706:Middlewares/ST/STM32_USB_Host_Library/Core/Src/usbh_ctlreq.c ****       {
 480              		.loc 1 706 10 is_stmt 0 view .LVU161
 481 009c 0128     		cmp	r0, #1
 482 009e 06D0     		beq	.L52
 721:Middlewares/ST/STM32_USB_Host_Library/Core/Src/usbh_ctlreq.c ****       {
 483              		.loc 1 721 7 is_stmt 1 view .LVU162
 721:Middlewares/ST/STM32_USB_Host_Library/Core/Src/usbh_ctlreq.c ****       {
 484              		.loc 1 721 10 is_stmt 0 view .LVU163
 485 00a0 0528     		cmp	r0, #5
 486 00a2 00F09380 		beq	.L43
 487              	.L30:
 737:Middlewares/ST/STM32_USB_Host_Library/Core/Src/usbh_ctlreq.c ****         {
 488              		.loc 1 737 9 is_stmt 1 view .LVU164
 737:Middlewares/ST/STM32_USB_Host_Library/Core/Src/usbh_ctlreq.c ****         {
 489              		.loc 1 737 12 is_stmt 0 view .LVU165
 490 00a6 0428     		cmp	r0, #4
 491 00a8 04D0     		beq	.L53
 614:Middlewares/ST/STM32_USB_Host_Library/Core/Src/usbh_ctlreq.c ****   USBH_URBStateTypeDef URB_Status = USBH_URB_IDLE;
 492              		.loc 1 614 22 view .LVU166
 493 00aa 0125     		movs	r5, #1
 494 00ac BFE7     		b	.L11
 495              	.L52:
 708:Middlewares/ST/STM32_USB_Host_Library/Core/Src/usbh_ctlreq.c **** 
 496              		.loc 1 708 9 is_stmt 1 view .LVU167
ARM GAS  /tmp/ccNwOiU6.s 			page 28


 708:Middlewares/ST/STM32_USB_Host_Library/Core/Src/usbh_ctlreq.c **** 
 497              		.loc 1 708 30 is_stmt 0 view .LVU168
 498 00ae 0923     		movs	r3, #9
 499 00b0 2376     		strb	r3, [r4, #24]
 721:Middlewares/ST/STM32_USB_Host_Library/Core/Src/usbh_ctlreq.c ****       {
 500              		.loc 1 721 7 is_stmt 1 view .LVU169
 501 00b2 F8E7     		b	.L30
 502              	.L53:
 740:Middlewares/ST/STM32_USB_Host_Library/Core/Src/usbh_ctlreq.c **** 
 503              		.loc 1 740 11 view .LVU170
 740:Middlewares/ST/STM32_USB_Host_Library/Core/Src/usbh_ctlreq.c **** 
 504              		.loc 1 740 32 is_stmt 0 view .LVU171
 505 00b4 0B23     		movs	r3, #11
 506 00b6 2376     		strb	r3, [r4, #24]
 614:Middlewares/ST/STM32_USB_Host_Library/Core/Src/usbh_ctlreq.c ****   USBH_URBStateTypeDef URB_Status = USBH_URB_IDLE;
 507              		.loc 1 614 22 view .LVU172
 508 00b8 0125     		movs	r5, #1
 509 00ba B8E7     		b	.L11
 510              	.LVL34:
 511              	.L19:
 756:Middlewares/ST/STM32_USB_Host_Library/Core/Src/usbh_ctlreq.c ****                        phost->Control.pipe_out, 1U);
 512              		.loc 1 756 7 is_stmt 1 view .LVU173
 513 00bc 0125     		movs	r5, #1
 514 00be 0095     		str	r5, [sp]
 515 00c0 4379     		ldrb	r3, [r0, #5]	@ zero_extendqisi2
 516 00c2 8289     		ldrh	r2, [r0, #12]
 517 00c4 8168     		ldr	r1, [r0, #8]
 518 00c6 FFF7FEFF 		bl	USBH_CtlSendData
 519              	.LVL35:
 759:Middlewares/ST/STM32_USB_Host_Library/Core/Src/usbh_ctlreq.c ****       phost->Control.state = CTRL_DATA_OUT_WAIT;
 520              		.loc 1 759 7 view .LVU174
 759:Middlewares/ST/STM32_USB_Host_Library/Core/Src/usbh_ctlreq.c ****       phost->Control.state = CTRL_DATA_OUT_WAIT;
 521              		.loc 1 759 45 is_stmt 0 view .LVU175
 522 00ca D4F8C433 		ldr	r3, [r4, #964]
 759:Middlewares/ST/STM32_USB_Host_Library/Core/Src/usbh_ctlreq.c ****       phost->Control.state = CTRL_DATA_OUT_WAIT;
 523              		.loc 1 759 28 view .LVU176
 524 00ce E381     		strh	r3, [r4, #14]	@ movhi
 760:Middlewares/ST/STM32_USB_Host_Library/Core/Src/usbh_ctlreq.c ****       break;
 525              		.loc 1 760 7 is_stmt 1 view .LVU177
 760:Middlewares/ST/STM32_USB_Host_Library/Core/Src/usbh_ctlreq.c ****       break;
 526              		.loc 1 760 28 is_stmt 0 view .LVU178
 527 00d0 0623     		movs	r3, #6
 528 00d2 2376     		strb	r3, [r4, #24]
 761:Middlewares/ST/STM32_USB_Host_Library/Core/Src/usbh_ctlreq.c **** 
 529              		.loc 1 761 7 is_stmt 1 view .LVU179
 530 00d4 ABE7     		b	.L11
 531              	.LVL36:
 532              	.L18:
 765:Middlewares/ST/STM32_USB_Host_Library/Core/Src/usbh_ctlreq.c **** 
 533              		.loc 1 765 7 view .LVU180
 765:Middlewares/ST/STM32_USB_Host_Library/Core/Src/usbh_ctlreq.c **** 
 534              		.loc 1 765 20 is_stmt 0 view .LVU181
 535 00d6 4179     		ldrb	r1, [r0, #5]	@ zero_extendqisi2
 536 00d8 FFF7FEFF 		bl	USBH_LL_GetURBState
 537              	.LVL37:
 765:Middlewares/ST/STM32_USB_Host_Library/Core/Src/usbh_ctlreq.c **** 
 538              		.loc 1 765 20 view .LVU182
ARM GAS  /tmp/ccNwOiU6.s 			page 29


 539 00dc 0546     		mov	r5, r0
 540              	.LVL38:
 767:Middlewares/ST/STM32_USB_Host_Library/Core/Src/usbh_ctlreq.c ****       {
 541              		.loc 1 767 7 is_stmt 1 view .LVU183
 542 00de 431E     		subs	r3, r0, #1
 543 00e0 042B     		cmp	r3, #4
 544 00e2 75D8     		bhi	.L45
 545 00e4 DFE803F0 		tbb	[pc, r3]
 546              	.L32:
 547 00e8 03       		.byte	(.L35-.L32)/2
 548 00e9 0A       		.byte	(.L34-.L32)/2
 549 00ea 74       		.byte	(.L45-.L32)/2
 550 00eb 0E       		.byte	(.L33-.L32)/2
 551 00ec 06       		.byte	(.L31-.L32)/2
 552 00ed 00       		.p2align 1
 553              	.L35:
 770:Middlewares/ST/STM32_USB_Host_Library/Core/Src/usbh_ctlreq.c **** 
 554              		.loc 1 770 9 view .LVU184
 770:Middlewares/ST/STM32_USB_Host_Library/Core/Src/usbh_ctlreq.c **** 
 555              		.loc 1 770 30 is_stmt 0 view .LVU185
 556 00ee 0723     		movs	r3, #7
 557 00f0 2376     		strb	r3, [r4, #24]
 558 00f2 9CE7     		b	.L11
 559              	.L31:
 786:Middlewares/ST/STM32_USB_Host_Library/Core/Src/usbh_ctlreq.c ****         status = USBH_NOT_SUPPORTED;
 560              		.loc 1 786 9 is_stmt 1 view .LVU186
 786:Middlewares/ST/STM32_USB_Host_Library/Core/Src/usbh_ctlreq.c ****         status = USBH_NOT_SUPPORTED;
 561              		.loc 1 786 30 is_stmt 0 view .LVU187
 562 00f4 0C23     		movs	r3, #12
 563 00f6 2376     		strb	r3, [r4, #24]
 787:Middlewares/ST/STM32_USB_Host_Library/Core/Src/usbh_ctlreq.c **** 
 564              		.loc 1 787 9 is_stmt 1 view .LVU188
 565              	.LVL39:
 787:Middlewares/ST/STM32_USB_Host_Library/Core/Src/usbh_ctlreq.c **** 
 566              		.loc 1 787 16 is_stmt 0 view .LVU189
 567 00f8 0325     		movs	r5, #3
 568 00fa 98E7     		b	.L11
 569              	.LVL40:
 570              	.L34:
 801:Middlewares/ST/STM32_USB_Host_Library/Core/Src/usbh_ctlreq.c **** 
 571              		.loc 1 801 9 is_stmt 1 view .LVU190
 801:Middlewares/ST/STM32_USB_Host_Library/Core/Src/usbh_ctlreq.c **** 
 572              		.loc 1 801 30 is_stmt 0 view .LVU191
 573 00fc 0523     		movs	r3, #5
 574 00fe 2376     		strb	r3, [r4, #24]
 614:Middlewares/ST/STM32_USB_Host_Library/Core/Src/usbh_ctlreq.c ****   USBH_URBStateTypeDef URB_Status = USBH_URB_IDLE;
 575              		.loc 1 614 22 view .LVU192
 576 0100 0125     		movs	r5, #1
 577 0102 94E7     		b	.L11
 578              	.L33:
 817:Middlewares/ST/STM32_USB_Host_Library/Core/Src/usbh_ctlreq.c ****           status = USBH_FAIL;
 579              		.loc 1 817 11 is_stmt 1 view .LVU193
 817:Middlewares/ST/STM32_USB_Host_Library/Core/Src/usbh_ctlreq.c ****           status = USBH_FAIL;
 580              		.loc 1 817 32 is_stmt 0 view .LVU194
 581 0104 0B23     		movs	r3, #11
 582 0106 2376     		strb	r3, [r4, #24]
 818:Middlewares/ST/STM32_USB_Host_Library/Core/Src/usbh_ctlreq.c **** 
ARM GAS  /tmp/ccNwOiU6.s 			page 30


 583              		.loc 1 818 11 is_stmt 1 view .LVU195
 584              	.LVL41:
 818:Middlewares/ST/STM32_USB_Host_Library/Core/Src/usbh_ctlreq.c **** 
 585              		.loc 1 818 18 is_stmt 0 view .LVU196
 586 0108 0225     		movs	r5, #2
 587 010a 90E7     		b	.L11
 588              	.LVL42:
 589              	.L17:
 834:Middlewares/ST/STM32_USB_Host_Library/Core/Src/usbh_ctlreq.c **** 
 590              		.loc 1 834 7 is_stmt 1 view .LVU197
 591 010c 0379     		ldrb	r3, [r0, #4]	@ zero_extendqisi2
 592 010e 0022     		movs	r2, #0
 593 0110 1146     		mov	r1, r2
 594 0112 FFF7FEFF 		bl	USBH_CtlReceiveData
 595              	.LVL43:
 836:Middlewares/ST/STM32_USB_Host_Library/Core/Src/usbh_ctlreq.c ****       phost->Control.state = CTRL_STATUS_IN_WAIT;
 596              		.loc 1 836 7 view .LVU198
 836:Middlewares/ST/STM32_USB_Host_Library/Core/Src/usbh_ctlreq.c ****       phost->Control.state = CTRL_STATUS_IN_WAIT;
 597              		.loc 1 836 45 is_stmt 0 view .LVU199
 598 0116 D4F8C433 		ldr	r3, [r4, #964]
 836:Middlewares/ST/STM32_USB_Host_Library/Core/Src/usbh_ctlreq.c ****       phost->Control.state = CTRL_STATUS_IN_WAIT;
 599              		.loc 1 836 28 view .LVU200
 600 011a E381     		strh	r3, [r4, #14]	@ movhi
 837:Middlewares/ST/STM32_USB_Host_Library/Core/Src/usbh_ctlreq.c **** 
 601              		.loc 1 837 7 is_stmt 1 view .LVU201
 837:Middlewares/ST/STM32_USB_Host_Library/Core/Src/usbh_ctlreq.c **** 
 602              		.loc 1 837 28 is_stmt 0 view .LVU202
 603 011c 0823     		movs	r3, #8
 604 011e 2376     		strb	r3, [r4, #24]
 839:Middlewares/ST/STM32_USB_Host_Library/Core/Src/usbh_ctlreq.c **** 
 605              		.loc 1 839 7 is_stmt 1 view .LVU203
 614:Middlewares/ST/STM32_USB_Host_Library/Core/Src/usbh_ctlreq.c ****   USBH_URBStateTypeDef URB_Status = USBH_URB_IDLE;
 606              		.loc 1 614 22 is_stmt 0 view .LVU204
 607 0120 0125     		movs	r5, #1
 839:Middlewares/ST/STM32_USB_Host_Library/Core/Src/usbh_ctlreq.c **** 
 608              		.loc 1 839 7 view .LVU205
 609 0122 84E7     		b	.L11
 610              	.LVL44:
 611              	.L16:
 843:Middlewares/ST/STM32_USB_Host_Library/Core/Src/usbh_ctlreq.c **** 
 612              		.loc 1 843 7 is_stmt 1 view .LVU206
 843:Middlewares/ST/STM32_USB_Host_Library/Core/Src/usbh_ctlreq.c **** 
 613              		.loc 1 843 20 is_stmt 0 view .LVU207
 614 0124 0179     		ldrb	r1, [r0, #4]	@ zero_extendqisi2
 615 0126 FFF7FEFF 		bl	USBH_LL_GetURBState
 616              	.LVL45:
 845:Middlewares/ST/STM32_USB_Host_Library/Core/Src/usbh_ctlreq.c ****       {
 617              		.loc 1 845 7 is_stmt 1 view .LVU208
 845:Middlewares/ST/STM32_USB_Host_Library/Core/Src/usbh_ctlreq.c ****       {
 618              		.loc 1 845 10 is_stmt 0 view .LVU209
 619 012a 0128     		cmp	r0, #1
 620 012c 05D0     		beq	.L54
 860:Middlewares/ST/STM32_USB_Host_Library/Core/Src/usbh_ctlreq.c ****       {
 621              		.loc 1 860 12 is_stmt 1 view .LVU210
 860:Middlewares/ST/STM32_USB_Host_Library/Core/Src/usbh_ctlreq.c ****       {
 622              		.loc 1 860 15 is_stmt 0 view .LVU211
 623 012e 0428     		cmp	r0, #4
ARM GAS  /tmp/ccNwOiU6.s 			page 31


 624 0130 07D0     		beq	.L55
 875:Middlewares/ST/STM32_USB_Host_Library/Core/Src/usbh_ctlreq.c ****         {
 625              		.loc 1 875 9 is_stmt 1 view .LVU212
 875:Middlewares/ST/STM32_USB_Host_Library/Core/Src/usbh_ctlreq.c ****         {
 626              		.loc 1 875 12 is_stmt 0 view .LVU213
 627 0132 0528     		cmp	r0, #5
 628 0134 4ED0     		beq	.L46
 614:Middlewares/ST/STM32_USB_Host_Library/Core/Src/usbh_ctlreq.c ****   USBH_URBStateTypeDef URB_Status = USBH_URB_IDLE;
 629              		.loc 1 614 22 view .LVU214
 630 0136 0125     		movs	r5, #1
 631 0138 79E7     		b	.L11
 632              	.L54:
 848:Middlewares/ST/STM32_USB_Host_Library/Core/Src/usbh_ctlreq.c ****         status = USBH_OK;
 633              		.loc 1 848 9 is_stmt 1 view .LVU215
 848:Middlewares/ST/STM32_USB_Host_Library/Core/Src/usbh_ctlreq.c ****         status = USBH_OK;
 634              		.loc 1 848 30 is_stmt 0 view .LVU216
 635 013a 0D23     		movs	r3, #13
 636 013c 2376     		strb	r3, [r4, #24]
 849:Middlewares/ST/STM32_USB_Host_Library/Core/Src/usbh_ctlreq.c **** 
 637              		.loc 1 849 9 is_stmt 1 view .LVU217
 638              	.LVL46:
 849:Middlewares/ST/STM32_USB_Host_Library/Core/Src/usbh_ctlreq.c **** 
 639              		.loc 1 849 16 is_stmt 0 view .LVU218
 640 013e 0025     		movs	r5, #0
 641 0140 75E7     		b	.L11
 642              	.LVL47:
 643              	.L55:
 862:Middlewares/ST/STM32_USB_Host_Library/Core/Src/usbh_ctlreq.c **** 
 644              		.loc 1 862 9 is_stmt 1 view .LVU219
 862:Middlewares/ST/STM32_USB_Host_Library/Core/Src/usbh_ctlreq.c **** 
 645              		.loc 1 862 30 is_stmt 0 view .LVU220
 646 0142 0B23     		movs	r3, #11
 647 0144 2376     		strb	r3, [r4, #24]
 614:Middlewares/ST/STM32_USB_Host_Library/Core/Src/usbh_ctlreq.c ****   USBH_URBStateTypeDef URB_Status = USBH_URB_IDLE;
 648              		.loc 1 614 22 view .LVU221
 649 0146 0125     		movs	r5, #1
 650 0148 71E7     		b	.L11
 651              	.LVL48:
 652              	.L15:
 893:Middlewares/ST/STM32_USB_Host_Library/Core/Src/usbh_ctlreq.c **** 
 653              		.loc 1 893 7 is_stmt 1 view .LVU222
 654 014a 0125     		movs	r5, #1
 655 014c 0095     		str	r5, [sp]
 656 014e 4379     		ldrb	r3, [r0, #5]	@ zero_extendqisi2
 657 0150 0022     		movs	r2, #0
 658 0152 1146     		mov	r1, r2
 659 0154 FFF7FEFF 		bl	USBH_CtlSendData
 660              	.LVL49:
 895:Middlewares/ST/STM32_USB_Host_Library/Core/Src/usbh_ctlreq.c ****       phost->Control.state = CTRL_STATUS_OUT_WAIT;
 661              		.loc 1 895 7 view .LVU223
 895:Middlewares/ST/STM32_USB_Host_Library/Core/Src/usbh_ctlreq.c ****       phost->Control.state = CTRL_STATUS_OUT_WAIT;
 662              		.loc 1 895 45 is_stmt 0 view .LVU224
 663 0158 D4F8C433 		ldr	r3, [r4, #964]
 895:Middlewares/ST/STM32_USB_Host_Library/Core/Src/usbh_ctlreq.c ****       phost->Control.state = CTRL_STATUS_OUT_WAIT;
 664              		.loc 1 895 28 view .LVU225
 665 015c E381     		strh	r3, [r4, #14]	@ movhi
 896:Middlewares/ST/STM32_USB_Host_Library/Core/Src/usbh_ctlreq.c ****       break;
ARM GAS  /tmp/ccNwOiU6.s 			page 32


 666              		.loc 1 896 7 is_stmt 1 view .LVU226
 896:Middlewares/ST/STM32_USB_Host_Library/Core/Src/usbh_ctlreq.c ****       break;
 667              		.loc 1 896 28 is_stmt 0 view .LVU227
 668 015e 0A23     		movs	r3, #10
 669 0160 2376     		strb	r3, [r4, #24]
 897:Middlewares/ST/STM32_USB_Host_Library/Core/Src/usbh_ctlreq.c **** 
 670              		.loc 1 897 7 is_stmt 1 view .LVU228
 671 0162 64E7     		b	.L11
 672              	.LVL50:
 673              	.L14:
 900:Middlewares/ST/STM32_USB_Host_Library/Core/Src/usbh_ctlreq.c ****       if (URB_Status == USBH_URB_DONE)
 674              		.loc 1 900 7 view .LVU229
 900:Middlewares/ST/STM32_USB_Host_Library/Core/Src/usbh_ctlreq.c ****       if (URB_Status == USBH_URB_DONE)
 675              		.loc 1 900 20 is_stmt 0 view .LVU230
 676 0164 4179     		ldrb	r1, [r0, #5]	@ zero_extendqisi2
 677 0166 FFF7FEFF 		bl	USBH_LL_GetURBState
 678              	.LVL51:
 901:Middlewares/ST/STM32_USB_Host_Library/Core/Src/usbh_ctlreq.c ****       {
 679              		.loc 1 901 7 is_stmt 1 view .LVU231
 901:Middlewares/ST/STM32_USB_Host_Library/Core/Src/usbh_ctlreq.c ****       {
 680              		.loc 1 901 10 is_stmt 0 view .LVU232
 681 016a 0128     		cmp	r0, #1
 682 016c 05D0     		beq	.L56
 915:Middlewares/ST/STM32_USB_Host_Library/Core/Src/usbh_ctlreq.c ****       {
 683              		.loc 1 915 12 is_stmt 1 view .LVU233
 915:Middlewares/ST/STM32_USB_Host_Library/Core/Src/usbh_ctlreq.c ****       {
 684              		.loc 1 915 15 is_stmt 0 view .LVU234
 685 016e 0228     		cmp	r0, #2
 686 0170 07D0     		beq	.L57
 930:Middlewares/ST/STM32_USB_Host_Library/Core/Src/usbh_ctlreq.c ****         {
 687              		.loc 1 930 9 is_stmt 1 view .LVU235
 930:Middlewares/ST/STM32_USB_Host_Library/Core/Src/usbh_ctlreq.c ****         {
 688              		.loc 1 930 12 is_stmt 0 view .LVU236
 689 0172 0428     		cmp	r0, #4
 690 0174 09D0     		beq	.L58
 614:Middlewares/ST/STM32_USB_Host_Library/Core/Src/usbh_ctlreq.c ****   USBH_URBStateTypeDef URB_Status = USBH_URB_IDLE;
 691              		.loc 1 614 22 view .LVU237
 692 0176 0125     		movs	r5, #1
 693 0178 59E7     		b	.L11
 694              	.L56:
 903:Middlewares/ST/STM32_USB_Host_Library/Core/Src/usbh_ctlreq.c ****         phost->Control.state = CTRL_COMPLETE;
 695              		.loc 1 903 9 is_stmt 1 view .LVU238
 696              	.LVL52:
 904:Middlewares/ST/STM32_USB_Host_Library/Core/Src/usbh_ctlreq.c **** 
 697              		.loc 1 904 9 view .LVU239
 904:Middlewares/ST/STM32_USB_Host_Library/Core/Src/usbh_ctlreq.c **** 
 698              		.loc 1 904 30 is_stmt 0 view .LVU240
 699 017a 0D23     		movs	r3, #13
 700 017c 2376     		strb	r3, [r4, #24]
 903:Middlewares/ST/STM32_USB_Host_Library/Core/Src/usbh_ctlreq.c ****         phost->Control.state = CTRL_COMPLETE;
 701              		.loc 1 903 16 view .LVU241
 702 017e 0025     		movs	r5, #0
 703 0180 55E7     		b	.L11
 704              	.LVL53:
 705              	.L57:
 917:Middlewares/ST/STM32_USB_Host_Library/Core/Src/usbh_ctlreq.c **** 
 706              		.loc 1 917 9 is_stmt 1 view .LVU242
ARM GAS  /tmp/ccNwOiU6.s 			page 33


 917:Middlewares/ST/STM32_USB_Host_Library/Core/Src/usbh_ctlreq.c **** 
 707              		.loc 1 917 30 is_stmt 0 view .LVU243
 708 0182 0923     		movs	r3, #9
 709 0184 2376     		strb	r3, [r4, #24]
 614:Middlewares/ST/STM32_USB_Host_Library/Core/Src/usbh_ctlreq.c ****   USBH_URBStateTypeDef URB_Status = USBH_URB_IDLE;
 710              		.loc 1 614 22 view .LVU244
 711 0186 0125     		movs	r5, #1
 712 0188 51E7     		b	.L11
 713              	.L58:
 932:Middlewares/ST/STM32_USB_Host_Library/Core/Src/usbh_ctlreq.c **** 
 714              		.loc 1 932 11 is_stmt 1 view .LVU245
 932:Middlewares/ST/STM32_USB_Host_Library/Core/Src/usbh_ctlreq.c **** 
 715              		.loc 1 932 32 is_stmt 0 view .LVU246
 716 018a 0B23     		movs	r3, #11
 717 018c 2376     		strb	r3, [r4, #24]
 614:Middlewares/ST/STM32_USB_Host_Library/Core/Src/usbh_ctlreq.c ****   USBH_URBStateTypeDef URB_Status = USBH_URB_IDLE;
 718              		.loc 1 614 22 view .LVU247
 719 018e 0125     		movs	r5, #1
 720 0190 4DE7     		b	.L11
 721              	.LVL54:
 722              	.L12:
 955:Middlewares/ST/STM32_USB_Host_Library/Core/Src/usbh_ctlreq.c ****       {
 723              		.loc 1 955 7 is_stmt 1 view .LVU248
 955:Middlewares/ST/STM32_USB_Host_Library/Core/Src/usbh_ctlreq.c ****       {
 724              		.loc 1 955 27 is_stmt 0 view .LVU249
 725 0192 437E     		ldrb	r3, [r0, #25]	@ zero_extendqisi2
 955:Middlewares/ST/STM32_USB_Host_Library/Core/Src/usbh_ctlreq.c ****       {
 726              		.loc 1 955 11 view .LVU250
 727 0194 0133     		adds	r3, r3, #1
 728 0196 DBB2     		uxtb	r3, r3
 955:Middlewares/ST/STM32_USB_Host_Library/Core/Src/usbh_ctlreq.c ****       {
 729              		.loc 1 955 10 view .LVU251
 730 0198 4376     		strb	r3, [r0, #25]
 731 019a 022B     		cmp	r3, #2
 732 019c 03D8     		bhi	.L40
 958:Middlewares/ST/STM32_USB_Host_Library/Core/Src/usbh_ctlreq.c ****         phost->RequestState = CMD_SEND;
 733              		.loc 1 958 9 is_stmt 1 view .LVU252
 958:Middlewares/ST/STM32_USB_Host_Library/Core/Src/usbh_ctlreq.c ****         phost->RequestState = CMD_SEND;
 734              		.loc 1 958 30 is_stmt 0 view .LVU253
 735 019e 0125     		movs	r5, #1
 736 01a0 0576     		strb	r5, [r0, #24]
 959:Middlewares/ST/STM32_USB_Host_Library/Core/Src/usbh_ctlreq.c ****       }
 737              		.loc 1 959 9 is_stmt 1 view .LVU254
 959:Middlewares/ST/STM32_USB_Host_Library/Core/Src/usbh_ctlreq.c ****       }
 738              		.loc 1 959 29 is_stmt 0 view .LVU255
 739 01a2 8570     		strb	r5, [r0, #2]
 740 01a4 43E7     		b	.L11
 741              	.L40:
 963:Middlewares/ST/STM32_USB_Host_Library/Core/Src/usbh_ctlreq.c ****         phost->Control.errorcount = 0U;
 742              		.loc 1 963 9 is_stmt 1 view .LVU256
 963:Middlewares/ST/STM32_USB_Host_Library/Core/Src/usbh_ctlreq.c ****         phost->Control.errorcount = 0U;
 743              		.loc 1 963 14 is_stmt 0 view .LVU257
 744 01a6 D0F8D433 		ldr	r3, [r0, #980]
 963:Middlewares/ST/STM32_USB_Host_Library/Core/Src/usbh_ctlreq.c ****         phost->Control.errorcount = 0U;
 745              		.loc 1 963 9 view .LVU258
 746 01aa 0621     		movs	r1, #6
 747 01ac 9847     		blx	r3
ARM GAS  /tmp/ccNwOiU6.s 			page 34


 748              	.LVL55:
 964:Middlewares/ST/STM32_USB_Host_Library/Core/Src/usbh_ctlreq.c ****         USBH_ErrLog("Control error: Device not responding");
 749              		.loc 1 964 9 is_stmt 1 view .LVU259
 964:Middlewares/ST/STM32_USB_Host_Library/Core/Src/usbh_ctlreq.c ****         USBH_ErrLog("Control error: Device not responding");
 750              		.loc 1 964 35 is_stmt 0 view .LVU260
 751 01ae 0025     		movs	r5, #0
 752 01b0 6576     		strb	r5, [r4, #25]
 965:Middlewares/ST/STM32_USB_Host_Library/Core/Src/usbh_ctlreq.c **** 
 753              		.loc 1 965 9 is_stmt 1 view .LVU261
 965:Middlewares/ST/STM32_USB_Host_Library/Core/Src/usbh_ctlreq.c **** 
 754              		.loc 1 965 9 view .LVU262
 965:Middlewares/ST/STM32_USB_Host_Library/Core/Src/usbh_ctlreq.c **** 
 755              		.loc 1 965 9 view .LVU263
 968:Middlewares/ST/STM32_USB_Host_Library/Core/Src/usbh_ctlreq.c ****         USBH_FreePipe(phost, phost->Control.pipe_in);
 756              		.loc 1 968 9 view .LVU264
 757 01b2 6179     		ldrb	r1, [r4, #5]	@ zero_extendqisi2
 758 01b4 2046     		mov	r0, r4
 759 01b6 FFF7FEFF 		bl	USBH_FreePipe
 760              	.LVL56:
 969:Middlewares/ST/STM32_USB_Host_Library/Core/Src/usbh_ctlreq.c **** 
 761              		.loc 1 969 9 view .LVU265
 762 01ba 2179     		ldrb	r1, [r4, #4]	@ zero_extendqisi2
 763 01bc 2046     		mov	r0, r4
 764 01be FFF7FEFF 		bl	USBH_FreePipe
 765              	.LVL57:
 971:Middlewares/ST/STM32_USB_Host_Library/Core/Src/usbh_ctlreq.c ****         status = USBH_FAIL;
 766              		.loc 1 971 9 view .LVU266
 971:Middlewares/ST/STM32_USB_Host_Library/Core/Src/usbh_ctlreq.c ****         status = USBH_FAIL;
 767              		.loc 1 971 23 is_stmt 0 view .LVU267
 768 01c2 2570     		strb	r5, [r4]
 972:Middlewares/ST/STM32_USB_Host_Library/Core/Src/usbh_ctlreq.c ****       }
 769              		.loc 1 972 9 is_stmt 1 view .LVU268
 770              	.LVL58:
 972:Middlewares/ST/STM32_USB_Host_Library/Core/Src/usbh_ctlreq.c ****       }
 771              		.loc 1 972 16 is_stmt 0 view .LVU269
 772 01c4 0225     		movs	r5, #2
 773 01c6 32E7     		b	.L11
 774              	.LVL59:
 775              	.L41:
 617:Middlewares/ST/STM32_USB_Host_Library/Core/Src/usbh_ctlreq.c ****   {
 776              		.loc 1 617 3 view .LVU270
 777 01c8 0125     		movs	r5, #1
 778 01ca 30E7     		b	.L11
 779              	.LVL60:
 780              	.L43:
 724:Middlewares/ST/STM32_USB_Host_Library/Core/Src/usbh_ctlreq.c **** 
 781              		.loc 1 724 16 view .LVU271
 782 01cc 0325     		movs	r5, #3
 783 01ce 2EE7     		b	.L11
 784              	.L45:
 765:Middlewares/ST/STM32_USB_Host_Library/Core/Src/usbh_ctlreq.c **** 
 785              		.loc 1 765 20 view .LVU272
 786 01d0 0125     		movs	r5, #1
 787 01d2 2CE7     		b	.L11
 788              	.L46:
 878:Middlewares/ST/STM32_USB_Host_Library/Core/Src/usbh_ctlreq.c **** 
 789              		.loc 1 878 18 view .LVU273
ARM GAS  /tmp/ccNwOiU6.s 			page 35


 790 01d4 0325     		movs	r5, #3
 791 01d6 2AE7     		b	.L11
 792              		.cfi_endproc
 793              	.LFE235:
 795              		.section	.text.USBH_GetNextDesc,"ax",%progbits
 796              		.align	1
 797              		.global	USBH_GetNextDesc
 798              		.syntax unified
 799              		.thumb
 800              		.thumb_func
 802              	USBH_GetNextDesc:
 803              	.LVL61:
 804              	.LFB233:
 524:Middlewares/ST/STM32_USB_Host_Library/Core/Src/usbh_ctlreq.c ****   USBH_DescHeader_t  *pnext;
 805              		.loc 1 524 1 is_stmt 1 view -0
 806              		.cfi_startproc
 807              		@ args = 0, pretend = 0, frame = 0
 808              		@ frame_needed = 0, uses_anonymous_args = 0
 809              		@ link register save eliminated.
 525:Middlewares/ST/STM32_USB_Host_Library/Core/Src/usbh_ctlreq.c **** 
 810              		.loc 1 525 3 view .LVU275
 527:Middlewares/ST/STM32_USB_Host_Library/Core/Src/usbh_ctlreq.c ****   pnext = (USBH_DescHeader_t *)(void *)((uint8_t *)(void *)pbuf + \
 811              		.loc 1 527 3 view .LVU276
 812 0000 0B88     		ldrh	r3, [r1]
 527:Middlewares/ST/STM32_USB_Host_Library/Core/Src/usbh_ctlreq.c ****   pnext = (USBH_DescHeader_t *)(void *)((uint8_t *)(void *)pbuf + \
 813              		.loc 1 527 46 is_stmt 0 view .LVU277
 814 0002 0278     		ldrb	r2, [r0]	@ zero_extendqisi2
 527:Middlewares/ST/STM32_USB_Host_Library/Core/Src/usbh_ctlreq.c ****   pnext = (USBH_DescHeader_t *)(void *)((uint8_t *)(void *)pbuf + \
 815              		.loc 1 527 8 view .LVU278
 816 0004 1344     		add	r3, r3, r2
 817 0006 0B80     		strh	r3, [r1]	@ movhi
 528:Middlewares/ST/STM32_USB_Host_Library/Core/Src/usbh_ctlreq.c ****                                         ((USBH_DescHeader_t *)(void *)pbuf)->bLength);
 818              		.loc 1 528 3 is_stmt 1 view .LVU279
 529:Middlewares/ST/STM32_USB_Host_Library/Core/Src/usbh_ctlreq.c **** 
 819              		.loc 1 529 76 is_stmt 0 view .LVU280
 820 0008 0378     		ldrb	r3, [r0]	@ zero_extendqisi2
 821              	.LVL62:
 531:Middlewares/ST/STM32_USB_Host_Library/Core/Src/usbh_ctlreq.c **** }
 822              		.loc 1 531 3 is_stmt 1 view .LVU281
 532:Middlewares/ST/STM32_USB_Host_Library/Core/Src/usbh_ctlreq.c **** 
 823              		.loc 1 532 1 is_stmt 0 view .LVU282
 824 000a 1844     		add	r0, r0, r3
 825              	.LVL63:
 532:Middlewares/ST/STM32_USB_Host_Library/Core/Src/usbh_ctlreq.c **** 
 826              		.loc 1 532 1 view .LVU283
 827 000c 7047     		bx	lr
 828              		.cfi_endproc
 829              	.LFE233:
 831              		.section	.text.USBH_ParseCfgDesc,"ax",%progbits
 832              		.align	1
 833              		.syntax unified
 834              		.thumb
 835              		.thumb_func
 837              	USBH_ParseCfgDesc:
 838              	.LVL64:
 839              	.LFB229:
 382:Middlewares/ST/STM32_USB_Host_Library/Core/Src/usbh_ctlreq.c ****   USBH_InterfaceDescTypeDef    *pif ;
ARM GAS  /tmp/ccNwOiU6.s 			page 36


 840              		.loc 1 382 1 is_stmt 1 view -0
 841              		.cfi_startproc
 842              		@ args = 0, pretend = 0, frame = 8
 843              		@ frame_needed = 0, uses_anonymous_args = 0
 382:Middlewares/ST/STM32_USB_Host_Library/Core/Src/usbh_ctlreq.c ****   USBH_InterfaceDescTypeDef    *pif ;
 844              		.loc 1 382 1 is_stmt 0 view .LVU285
 845 0000 2DE9F041 		push	{r4, r5, r6, r7, r8, lr}
 846              		.cfi_def_cfa_offset 24
 847              		.cfi_offset 4, -24
 848              		.cfi_offset 5, -20
 849              		.cfi_offset 6, -16
 850              		.cfi_offset 7, -12
 851              		.cfi_offset 8, -8
 852              		.cfi_offset 14, -4
 853 0004 82B0     		sub	sp, sp, #8
 854              		.cfi_def_cfa_offset 32
 855 0006 0C46     		mov	r4, r1
 383:Middlewares/ST/STM32_USB_Host_Library/Core/Src/usbh_ctlreq.c ****   USBH_EpDescTypeDef           *pep;
 856              		.loc 1 383 3 is_stmt 1 view .LVU286
 384:Middlewares/ST/STM32_USB_Host_Library/Core/Src/usbh_ctlreq.c ****   USBH_DescHeader_t            *pdesc = (USBH_DescHeader_t *)(void *)buf;
 857              		.loc 1 384 3 view .LVU287
 385:Middlewares/ST/STM32_USB_Host_Library/Core/Src/usbh_ctlreq.c ****   uint16_t                     ptr;
 858              		.loc 1 385 3 view .LVU288
 859              	.LVL65:
 386:Middlewares/ST/STM32_USB_Host_Library/Core/Src/usbh_ctlreq.c ****   uint8_t                      if_ix = 0U;
 860              		.loc 1 386 3 view .LVU289
 387:Middlewares/ST/STM32_USB_Host_Library/Core/Src/usbh_ctlreq.c ****   uint8_t                      ep_ix = 0U;
 861              		.loc 1 387 3 view .LVU290
 388:Middlewares/ST/STM32_USB_Host_Library/Core/Src/usbh_ctlreq.c **** 
 862              		.loc 1 388 3 view .LVU291
 390:Middlewares/ST/STM32_USB_Host_Library/Core/Src/usbh_ctlreq.c **** 
 863              		.loc 1 390 3 view .LVU292
 393:Middlewares/ST/STM32_USB_Host_Library/Core/Src/usbh_ctlreq.c ****   cfg_desc->bDescriptorType     = *(uint8_t *)(buf + 1);
 864              		.loc 1 393 3 view .LVU293
 393:Middlewares/ST/STM32_USB_Host_Library/Core/Src/usbh_ctlreq.c ****   cfg_desc->bDescriptorType     = *(uint8_t *)(buf + 1);
 865              		.loc 1 393 35 is_stmt 0 view .LVU294
 866 0008 0B78     		ldrb	r3, [r1]	@ zero_extendqisi2
 393:Middlewares/ST/STM32_USB_Host_Library/Core/Src/usbh_ctlreq.c ****   cfg_desc->bDescriptorType     = *(uint8_t *)(buf + 1);
 867              		.loc 1 393 33 view .LVU295
 868 000a 0370     		strb	r3, [r0]
 394:Middlewares/ST/STM32_USB_Host_Library/Core/Src/usbh_ctlreq.c ****   cfg_desc->wTotalLength        = LE16(buf + 2);
 869              		.loc 1 394 3 is_stmt 1 view .LVU296
 394:Middlewares/ST/STM32_USB_Host_Library/Core/Src/usbh_ctlreq.c ****   cfg_desc->wTotalLength        = LE16(buf + 2);
 870              		.loc 1 394 33 is_stmt 0 view .LVU297
 871 000c 4B78     		ldrb	r3, [r1, #1]	@ zero_extendqisi2
 872 000e 4370     		strb	r3, [r0, #1]
 395:Middlewares/ST/STM32_USB_Host_Library/Core/Src/usbh_ctlreq.c ****   cfg_desc->bNumInterfaces      = *(uint8_t *)(buf + 4);
 873              		.loc 1 395 3 is_stmt 1 view .LVU298
 395:Middlewares/ST/STM32_USB_Host_Library/Core/Src/usbh_ctlreq.c ****   cfg_desc->bNumInterfaces      = *(uint8_t *)(buf + 4);
 874              		.loc 1 395 35 is_stmt 0 view .LVU299
 875 0010 8B78     		ldrb	r3, [r1, #2]	@ zero_extendqisi2
 876 0012 C978     		ldrb	r1, [r1, #3]	@ zero_extendqisi2
 877              	.LVL66:
 395:Middlewares/ST/STM32_USB_Host_Library/Core/Src/usbh_ctlreq.c ****   cfg_desc->bNumInterfaces      = *(uint8_t *)(buf + 4);
 878              		.loc 1 395 35 view .LVU300
 879 0014 43EA0123 		orr	r3, r3, r1, lsl #8
 395:Middlewares/ST/STM32_USB_Host_Library/Core/Src/usbh_ctlreq.c ****   cfg_desc->bNumInterfaces      = *(uint8_t *)(buf + 4);
ARM GAS  /tmp/ccNwOiU6.s 			page 37


 880              		.loc 1 395 33 view .LVU301
 881 0018 4380     		strh	r3, [r0, #2]	@ movhi
 396:Middlewares/ST/STM32_USB_Host_Library/Core/Src/usbh_ctlreq.c ****   cfg_desc->bConfigurationValue = *(uint8_t *)(buf + 5);
 882              		.loc 1 396 3 is_stmt 1 view .LVU302
 396:Middlewares/ST/STM32_USB_Host_Library/Core/Src/usbh_ctlreq.c ****   cfg_desc->bConfigurationValue = *(uint8_t *)(buf + 5);
 883              		.loc 1 396 33 is_stmt 0 view .LVU303
 884 001a 2379     		ldrb	r3, [r4, #4]	@ zero_extendqisi2
 885 001c 0371     		strb	r3, [r0, #4]
 397:Middlewares/ST/STM32_USB_Host_Library/Core/Src/usbh_ctlreq.c ****   cfg_desc->iConfiguration      = *(uint8_t *)(buf + 6);
 886              		.loc 1 397 3 is_stmt 1 view .LVU304
 397:Middlewares/ST/STM32_USB_Host_Library/Core/Src/usbh_ctlreq.c ****   cfg_desc->iConfiguration      = *(uint8_t *)(buf + 6);
 887              		.loc 1 397 33 is_stmt 0 view .LVU305
 888 001e 6379     		ldrb	r3, [r4, #5]	@ zero_extendqisi2
 889 0020 4371     		strb	r3, [r0, #5]
 398:Middlewares/ST/STM32_USB_Host_Library/Core/Src/usbh_ctlreq.c ****   cfg_desc->bmAttributes        = *(uint8_t *)(buf + 7);
 890              		.loc 1 398 3 is_stmt 1 view .LVU306
 398:Middlewares/ST/STM32_USB_Host_Library/Core/Src/usbh_ctlreq.c ****   cfg_desc->bmAttributes        = *(uint8_t *)(buf + 7);
 891              		.loc 1 398 33 is_stmt 0 view .LVU307
 892 0022 A379     		ldrb	r3, [r4, #6]	@ zero_extendqisi2
 893 0024 8371     		strb	r3, [r0, #6]
 399:Middlewares/ST/STM32_USB_Host_Library/Core/Src/usbh_ctlreq.c ****   cfg_desc->bMaxPower           = *(uint8_t *)(buf + 8);
 894              		.loc 1 399 3 is_stmt 1 view .LVU308
 399:Middlewares/ST/STM32_USB_Host_Library/Core/Src/usbh_ctlreq.c ****   cfg_desc->bMaxPower           = *(uint8_t *)(buf + 8);
 895              		.loc 1 399 33 is_stmt 0 view .LVU309
 896 0026 E379     		ldrb	r3, [r4, #7]	@ zero_extendqisi2
 897 0028 C371     		strb	r3, [r0, #7]
 400:Middlewares/ST/STM32_USB_Host_Library/Core/Src/usbh_ctlreq.c **** 
 898              		.loc 1 400 3 is_stmt 1 view .LVU310
 400:Middlewares/ST/STM32_USB_Host_Library/Core/Src/usbh_ctlreq.c **** 
 899              		.loc 1 400 33 is_stmt 0 view .LVU311
 900 002a 237A     		ldrb	r3, [r4, #8]	@ zero_extendqisi2
 901 002c 0372     		strb	r3, [r0, #8]
 402:Middlewares/ST/STM32_USB_Host_Library/Core/Src/usbh_ctlreq.c ****   {
 902              		.loc 1 402 3 is_stmt 1 view .LVU312
 402:Middlewares/ST/STM32_USB_Host_Library/Core/Src/usbh_ctlreq.c ****   {
 903              		.loc 1 402 6 is_stmt 0 view .LVU313
 904 002e 092A     		cmp	r2, #9
 905 0030 44D9     		bls	.L60
 906 0032 0546     		mov	r5, r0
 404:Middlewares/ST/STM32_USB_Host_Library/Core/Src/usbh_ctlreq.c ****     pif = (USBH_InterfaceDescTypeDef *)0;
 907              		.loc 1 404 5 is_stmt 1 view .LVU314
 404:Middlewares/ST/STM32_USB_Host_Library/Core/Src/usbh_ctlreq.c ****     pif = (USBH_InterfaceDescTypeDef *)0;
 908              		.loc 1 404 9 is_stmt 0 view .LVU315
 909 0034 0923     		movs	r3, #9
 910 0036 ADF80630 		strh	r3, [sp, #6]	@ movhi
 405:Middlewares/ST/STM32_USB_Host_Library/Core/Src/usbh_ctlreq.c **** 
 911              		.loc 1 405 5 is_stmt 1 view .LVU316
 912              	.LVL67:
 407:Middlewares/ST/STM32_USB_Host_Library/Core/Src/usbh_ctlreq.c ****     {
 913              		.loc 1 407 5 view .LVU317
 387:Middlewares/ST/STM32_USB_Host_Library/Core/Src/usbh_ctlreq.c ****   uint8_t                      ep_ix = 0U;
 914              		.loc 1 387 32 is_stmt 0 view .LVU318
 915 003a 0026     		movs	r6, #0
 916              	.LVL68:
 917              	.L63:
 407:Middlewares/ST/STM32_USB_Host_Library/Core/Src/usbh_ctlreq.c ****     {
 918              		.loc 1 407 46 is_stmt 1 view .LVU319
ARM GAS  /tmp/ccNwOiU6.s 			page 38


 919 003c 012E     		cmp	r6, #1
 920 003e 3DD8     		bhi	.L60
 407:Middlewares/ST/STM32_USB_Host_Library/Core/Src/usbh_ctlreq.c ****     {
 921              		.loc 1 407 64 is_stmt 0 discriminator 1 view .LVU320
 922 0040 6A88     		ldrh	r2, [r5, #2]
 407:Middlewares/ST/STM32_USB_Host_Library/Core/Src/usbh_ctlreq.c ****     {
 923              		.loc 1 407 54 discriminator 1 view .LVU321
 924 0042 BDF80630 		ldrh	r3, [sp, #6]
 407:Middlewares/ST/STM32_USB_Host_Library/Core/Src/usbh_ctlreq.c ****     {
 925              		.loc 1 407 46 discriminator 1 view .LVU322
 926 0046 9A42     		cmp	r2, r3
 927 0048 38D9     		bls	.L60
 409:Middlewares/ST/STM32_USB_Host_Library/Core/Src/usbh_ctlreq.c ****       if (pdesc->bDescriptorType   == USB_DESC_TYPE_INTERFACE)
 928              		.loc 1 409 7 is_stmt 1 view .LVU323
 409:Middlewares/ST/STM32_USB_Host_Library/Core/Src/usbh_ctlreq.c ****       if (pdesc->bDescriptorType   == USB_DESC_TYPE_INTERFACE)
 929              		.loc 1 409 15 is_stmt 0 view .LVU324
 930 004a 0DF10601 		add	r1, sp, #6
 931 004e 2046     		mov	r0, r4
 932 0050 FFF7FEFF 		bl	USBH_GetNextDesc
 933              	.LVL69:
 934 0054 0446     		mov	r4, r0
 935              	.LVL70:
 410:Middlewares/ST/STM32_USB_Host_Library/Core/Src/usbh_ctlreq.c ****       {
 936              		.loc 1 410 7 is_stmt 1 view .LVU325
 410:Middlewares/ST/STM32_USB_Host_Library/Core/Src/usbh_ctlreq.c ****       {
 937              		.loc 1 410 16 is_stmt 0 view .LVU326
 938 0056 4378     		ldrb	r3, [r0, #1]	@ zero_extendqisi2
 410:Middlewares/ST/STM32_USB_Host_Library/Core/Src/usbh_ctlreq.c ****       {
 939              		.loc 1 410 10 view .LVU327
 940 0058 042B     		cmp	r3, #4
 941 005a EFD1     		bne	.L63
 412:Middlewares/ST/STM32_USB_Host_Library/Core/Src/usbh_ctlreq.c ****         USBH_ParseInterfaceDesc(pif, (uint8_t *)(void *)pdesc);
 942              		.loc 1 412 9 is_stmt 1 view .LVU328
 412:Middlewares/ST/STM32_USB_Host_Library/Core/Src/usbh_ctlreq.c ****         USBH_ParseInterfaceDesc(pif, (uint8_t *)(void *)pdesc);
 943              		.loc 1 412 34 is_stmt 0 view .LVU329
 944 005c B046     		mov	r8, r6
 412:Middlewares/ST/STM32_USB_Host_Library/Core/Src/usbh_ctlreq.c ****         USBH_ParseInterfaceDesc(pif, (uint8_t *)(void *)pdesc);
 945              		.loc 1 412 13 view .LVU330
 946 005e 1A20     		movs	r0, #26
 947              	.LVL71:
 412:Middlewares/ST/STM32_USB_Host_Library/Core/Src/usbh_ctlreq.c ****         USBH_ParseInterfaceDesc(pif, (uint8_t *)(void *)pdesc);
 948              		.loc 1 412 13 view .LVU331
 949 0060 06FB00F0 		mul	r0, r6, r0
 950 0064 0830     		adds	r0, r0, #8
 951 0066 2844     		add	r0, r0, r5
 952              	.LVL72:
 413:Middlewares/ST/STM32_USB_Host_Library/Core/Src/usbh_ctlreq.c **** 
 953              		.loc 1 413 9 is_stmt 1 view .LVU332
 954 0068 2146     		mov	r1, r4
 955 006a 0230     		adds	r0, r0, #2
 956              	.LVL73:
 413:Middlewares/ST/STM32_USB_Host_Library/Core/Src/usbh_ctlreq.c **** 
 957              		.loc 1 413 9 is_stmt 0 view .LVU333
 958 006c FFF7FEFF 		bl	USBH_ParseInterfaceDesc
 959              	.LVL74:
 415:Middlewares/ST/STM32_USB_Host_Library/Core/Src/usbh_ctlreq.c ****         pep = (USBH_EpDescTypeDef *)0;
 960              		.loc 1 415 9 is_stmt 1 view .LVU334
ARM GAS  /tmp/ccNwOiU6.s 			page 39


 416:Middlewares/ST/STM32_USB_Host_Library/Core/Src/usbh_ctlreq.c ****         while ((ep_ix < pif->bNumEndpoints) && (ptr < cfg_desc->wTotalLength))
 961              		.loc 1 416 9 view .LVU335
 417:Middlewares/ST/STM32_USB_Host_Library/Core/Src/usbh_ctlreq.c ****         {
 962              		.loc 1 417 9 view .LVU336
 415:Middlewares/ST/STM32_USB_Host_Library/Core/Src/usbh_ctlreq.c ****         pep = (USBH_EpDescTypeDef *)0;
 963              		.loc 1 415 15 is_stmt 0 view .LVU337
 964 0070 0027     		movs	r7, #0
 965              	.LVL75:
 966              	.L64:
 417:Middlewares/ST/STM32_USB_Host_Library/Core/Src/usbh_ctlreq.c ****         {
 967              		.loc 1 417 45 is_stmt 1 view .LVU338
 417:Middlewares/ST/STM32_USB_Host_Library/Core/Src/usbh_ctlreq.c ****         {
 968              		.loc 1 417 28 is_stmt 0 view .LVU339
 969 0072 1A23     		movs	r3, #26
 970              	.LVL76:
 417:Middlewares/ST/STM32_USB_Host_Library/Core/Src/usbh_ctlreq.c ****         {
 971              		.loc 1 417 28 view .LVU340
 972 0074 03FB0853 		mla	r3, r3, r8, r5
 973              	.LVL77:
 417:Middlewares/ST/STM32_USB_Host_Library/Core/Src/usbh_ctlreq.c ****         {
 974              		.loc 1 417 28 view .LVU341
 975 0078 9B7B     		ldrb	r3, [r3, #14]	@ zero_extendqisi2
 417:Middlewares/ST/STM32_USB_Host_Library/Core/Src/usbh_ctlreq.c ****         {
 976              		.loc 1 417 45 view .LVU342
 977 007a BB42     		cmp	r3, r7
 978 007c 1BD9     		bls	.L66
 417:Middlewares/ST/STM32_USB_Host_Library/Core/Src/usbh_ctlreq.c ****         {
 979              		.loc 1 417 63 discriminator 1 view .LVU343
 980 007e 6A88     		ldrh	r2, [r5, #2]
 417:Middlewares/ST/STM32_USB_Host_Library/Core/Src/usbh_ctlreq.c ****         {
 981              		.loc 1 417 53 discriminator 1 view .LVU344
 982 0080 BDF80630 		ldrh	r3, [sp, #6]
 417:Middlewares/ST/STM32_USB_Host_Library/Core/Src/usbh_ctlreq.c ****         {
 983              		.loc 1 417 45 discriminator 1 view .LVU345
 984 0084 9A42     		cmp	r2, r3
 985 0086 16D9     		bls	.L66
 419:Middlewares/ST/STM32_USB_Host_Library/Core/Src/usbh_ctlreq.c ****           if (pdesc->bDescriptorType   == USB_DESC_TYPE_ENDPOINT)
 986              		.loc 1 419 11 is_stmt 1 view .LVU346
 419:Middlewares/ST/STM32_USB_Host_Library/Core/Src/usbh_ctlreq.c ****           if (pdesc->bDescriptorType   == USB_DESC_TYPE_ENDPOINT)
 987              		.loc 1 419 19 is_stmt 0 view .LVU347
 988 0088 0DF10601 		add	r1, sp, #6
 989 008c 2046     		mov	r0, r4
 990 008e FFF7FEFF 		bl	USBH_GetNextDesc
 991              	.LVL78:
 992 0092 0446     		mov	r4, r0
 993              	.LVL79:
 420:Middlewares/ST/STM32_USB_Host_Library/Core/Src/usbh_ctlreq.c ****           {
 994              		.loc 1 420 11 is_stmt 1 view .LVU348
 420:Middlewares/ST/STM32_USB_Host_Library/Core/Src/usbh_ctlreq.c ****           {
 995              		.loc 1 420 20 is_stmt 0 view .LVU349
 996 0094 4378     		ldrb	r3, [r0, #1]	@ zero_extendqisi2
 420:Middlewares/ST/STM32_USB_Host_Library/Core/Src/usbh_ctlreq.c ****           {
 997              		.loc 1 420 14 view .LVU350
 998 0096 052B     		cmp	r3, #5
 999 0098 EBD1     		bne	.L64
 422:Middlewares/ST/STM32_USB_Host_Library/Core/Src/usbh_ctlreq.c ****             USBH_ParseEPDesc(pep, (uint8_t *)(void *)pdesc);
 1000              		.loc 1 422 13 is_stmt 1 view .LVU351
ARM GAS  /tmp/ccNwOiU6.s 			page 40


 422:Middlewares/ST/STM32_USB_Host_Library/Core/Src/usbh_ctlreq.c ****             USBH_ParseEPDesc(pep, (uint8_t *)(void *)pdesc);
 1001              		.loc 1 422 17 is_stmt 0 view .LVU352
 1002 009a 0137     		adds	r7, r7, #1
 1003              	.LVL80:
 422:Middlewares/ST/STM32_USB_Host_Library/Core/Src/usbh_ctlreq.c ****             USBH_ParseEPDesc(pep, (uint8_t *)(void *)pdesc);
 1004              		.loc 1 422 17 view .LVU353
 1005 009c 1A20     		movs	r0, #26
 1006              	.LVL81:
 422:Middlewares/ST/STM32_USB_Host_Library/Core/Src/usbh_ctlreq.c ****             USBH_ParseEPDesc(pep, (uint8_t *)(void *)pdesc);
 1007              		.loc 1 422 17 view .LVU354
 1008 009e 00FB08F0 		mul	r0, r0, r8
 1009              	.LVL82:
 422:Middlewares/ST/STM32_USB_Host_Library/Core/Src/usbh_ctlreq.c ****             USBH_ParseEPDesc(pep, (uint8_t *)(void *)pdesc);
 1010              		.loc 1 422 17 view .LVU355
 1011 00a2 00EBC700 		add	r0, r0, r7, lsl #3
 1012 00a6 0830     		adds	r0, r0, #8
 1013 00a8 2844     		add	r0, r0, r5
 1014              	.LVL83:
 423:Middlewares/ST/STM32_USB_Host_Library/Core/Src/usbh_ctlreq.c ****             ep_ix++;
 1015              		.loc 1 423 13 is_stmt 1 view .LVU356
 1016 00aa 2146     		mov	r1, r4
 1017 00ac 0430     		adds	r0, r0, #4
 1018              	.LVL84:
 423:Middlewares/ST/STM32_USB_Host_Library/Core/Src/usbh_ctlreq.c ****             ep_ix++;
 1019              		.loc 1 423 13 is_stmt 0 view .LVU357
 1020 00ae FFF7FEFF 		bl	USBH_ParseEPDesc
 1021              	.LVL85:
 424:Middlewares/ST/STM32_USB_Host_Library/Core/Src/usbh_ctlreq.c ****           }
 1022              		.loc 1 424 13 is_stmt 1 view .LVU358
 424:Middlewares/ST/STM32_USB_Host_Library/Core/Src/usbh_ctlreq.c ****           }
 1023              		.loc 1 424 18 is_stmt 0 view .LVU359
 1024 00b2 FFB2     		uxtb	r7, r7
 1025              	.LVL86:
 424:Middlewares/ST/STM32_USB_Host_Library/Core/Src/usbh_ctlreq.c ****           }
 1026              		.loc 1 424 18 view .LVU360
 1027 00b4 DDE7     		b	.L64
 1028              	.LVL87:
 1029              	.L66:
 427:Middlewares/ST/STM32_USB_Host_Library/Core/Src/usbh_ctlreq.c ****       }
 1030              		.loc 1 427 9 is_stmt 1 view .LVU361
 427:Middlewares/ST/STM32_USB_Host_Library/Core/Src/usbh_ctlreq.c ****       }
 1031              		.loc 1 427 14 is_stmt 0 view .LVU362
 1032 00b6 0136     		adds	r6, r6, #1
 1033              	.LVL88:
 427:Middlewares/ST/STM32_USB_Host_Library/Core/Src/usbh_ctlreq.c ****       }
 1034              		.loc 1 427 14 view .LVU363
 1035 00b8 F6B2     		uxtb	r6, r6
 1036              	.LVL89:
 427:Middlewares/ST/STM32_USB_Host_Library/Core/Src/usbh_ctlreq.c ****       }
 1037              		.loc 1 427 14 view .LVU364
 1038 00ba BFE7     		b	.L63
 1039              	.LVL90:
 1040              	.L60:
 431:Middlewares/ST/STM32_USB_Host_Library/Core/Src/usbh_ctlreq.c **** 
 1041              		.loc 1 431 1 view .LVU365
 1042 00bc 02B0     		add	sp, sp, #8
 1043              		.cfi_def_cfa_offset 24
ARM GAS  /tmp/ccNwOiU6.s 			page 41


 1044              		@ sp needed
 1045 00be BDE8F081 		pop	{r4, r5, r6, r7, r8, pc}
 431:Middlewares/ST/STM32_USB_Host_Library/Core/Src/usbh_ctlreq.c **** 
 1046              		.loc 1 431 1 view .LVU366
 1047              		.cfi_endproc
 1048              	.LFE229:
 1050              		.section	.text.USBH_CtlReq,"ax",%progbits
 1051              		.align	1
 1052              		.global	USBH_CtlReq
 1053              		.syntax unified
 1054              		.thumb
 1055              		.thumb_func
 1057              	USBH_CtlReq:
 1058              	.LVL91:
 1059              	.LFB234:
 547:Middlewares/ST/STM32_USB_Host_Library/Core/Src/usbh_ctlreq.c ****   USBH_StatusTypeDef status;
 1060              		.loc 1 547 1 is_stmt 1 view -0
 1061              		.cfi_startproc
 1062              		@ args = 0, pretend = 0, frame = 0
 1063              		@ frame_needed = 0, uses_anonymous_args = 0
 547:Middlewares/ST/STM32_USB_Host_Library/Core/Src/usbh_ctlreq.c ****   USBH_StatusTypeDef status;
 1064              		.loc 1 547 1 is_stmt 0 view .LVU368
 1065 0000 10B5     		push	{r4, lr}
 1066              		.cfi_def_cfa_offset 8
 1067              		.cfi_offset 4, -8
 1068              		.cfi_offset 14, -4
 1069 0002 0446     		mov	r4, r0
 548:Middlewares/ST/STM32_USB_Host_Library/Core/Src/usbh_ctlreq.c ****   status = USBH_BUSY;
 1070              		.loc 1 548 3 is_stmt 1 view .LVU369
 549:Middlewares/ST/STM32_USB_Host_Library/Core/Src/usbh_ctlreq.c **** 
 1071              		.loc 1 549 3 view .LVU370
 1072              	.LVL92:
 551:Middlewares/ST/STM32_USB_Host_Library/Core/Src/usbh_ctlreq.c ****   {
 1073              		.loc 1 551 3 view .LVU371
 551:Middlewares/ST/STM32_USB_Host_Library/Core/Src/usbh_ctlreq.c ****   {
 1074              		.loc 1 551 16 is_stmt 0 view .LVU372
 1075 0004 8078     		ldrb	r0, [r0, #2]	@ zero_extendqisi2
 1076              	.LVL93:
 551:Middlewares/ST/STM32_USB_Host_Library/Core/Src/usbh_ctlreq.c ****   {
 1077              		.loc 1 551 3 view .LVU373
 1078 0006 0128     		cmp	r0, #1
 1079 0008 03D0     		beq	.L71
 1080 000a 0228     		cmp	r0, #2
 1081 000c 08D0     		beq	.L72
 1082 000e 0120     		movs	r0, #1
 1083 0010 05E0     		b	.L73
 1084              	.L71:
 555:Middlewares/ST/STM32_USB_Host_Library/Core/Src/usbh_ctlreq.c ****       phost->Control.length = length;
 1085              		.loc 1 555 7 is_stmt 1 view .LVU374
 555:Middlewares/ST/STM32_USB_Host_Library/Core/Src/usbh_ctlreq.c ****       phost->Control.length = length;
 1086              		.loc 1 555 27 is_stmt 0 view .LVU375
 1087 0012 A160     		str	r1, [r4, #8]
 556:Middlewares/ST/STM32_USB_Host_Library/Core/Src/usbh_ctlreq.c ****       phost->Control.state = CTRL_SETUP;
 1088              		.loc 1 556 7 is_stmt 1 view .LVU376
 556:Middlewares/ST/STM32_USB_Host_Library/Core/Src/usbh_ctlreq.c ****       phost->Control.state = CTRL_SETUP;
 1089              		.loc 1 556 29 is_stmt 0 view .LVU377
 1090 0014 A281     		strh	r2, [r4, #12]	@ movhi
ARM GAS  /tmp/ccNwOiU6.s 			page 42


 557:Middlewares/ST/STM32_USB_Host_Library/Core/Src/usbh_ctlreq.c ****       phost->RequestState = CMD_WAIT;
 1091              		.loc 1 557 7 is_stmt 1 view .LVU378
 557:Middlewares/ST/STM32_USB_Host_Library/Core/Src/usbh_ctlreq.c ****       phost->RequestState = CMD_WAIT;
 1092              		.loc 1 557 28 is_stmt 0 view .LVU379
 1093 0016 0123     		movs	r3, #1
 1094 0018 2376     		strb	r3, [r4, #24]
 558:Middlewares/ST/STM32_USB_Host_Library/Core/Src/usbh_ctlreq.c ****       status = USBH_BUSY;
 1095              		.loc 1 558 7 is_stmt 1 view .LVU380
 558:Middlewares/ST/STM32_USB_Host_Library/Core/Src/usbh_ctlreq.c ****       status = USBH_BUSY;
 1096              		.loc 1 558 27 is_stmt 0 view .LVU381
 1097 001a 0223     		movs	r3, #2
 1098 001c A370     		strb	r3, [r4, #2]
 559:Middlewares/ST/STM32_USB_Host_Library/Core/Src/usbh_ctlreq.c **** 
 1099              		.loc 1 559 7 is_stmt 1 view .LVU382
 569:Middlewares/ST/STM32_USB_Host_Library/Core/Src/usbh_ctlreq.c **** 
 1100              		.loc 1 569 7 view .LVU383
 1101              	.LVL94:
 1102              	.L73:
 601:Middlewares/ST/STM32_USB_Host_Library/Core/Src/usbh_ctlreq.c **** }
 1103              		.loc 1 601 3 view .LVU384
 602:Middlewares/ST/STM32_USB_Host_Library/Core/Src/usbh_ctlreq.c **** 
 1104              		.loc 1 602 1 is_stmt 0 view .LVU385
 1105 001e 10BD     		pop	{r4, pc}
 1106              	.LVL95:
 1107              	.L72:
 572:Middlewares/ST/STM32_USB_Host_Library/Core/Src/usbh_ctlreq.c ****       if ((status == USBH_OK) || (status == USBH_NOT_SUPPORTED))
 1108              		.loc 1 572 7 is_stmt 1 view .LVU386
 572:Middlewares/ST/STM32_USB_Host_Library/Core/Src/usbh_ctlreq.c ****       if ((status == USBH_OK) || (status == USBH_NOT_SUPPORTED))
 1109              		.loc 1 572 16 is_stmt 0 view .LVU387
 1110 0020 2046     		mov	r0, r4
 1111 0022 FFF7FEFF 		bl	USBH_HandleControl
 1112              	.LVL96:
 573:Middlewares/ST/STM32_USB_Host_Library/Core/Src/usbh_ctlreq.c ****       {
 1113              		.loc 1 573 7 is_stmt 1 view .LVU388
 573:Middlewares/ST/STM32_USB_Host_Library/Core/Src/usbh_ctlreq.c ****       {
 1114              		.loc 1 573 10 is_stmt 0 view .LVU389
 1115 0026 30B1     		cbz	r0, .L74
 573:Middlewares/ST/STM32_USB_Host_Library/Core/Src/usbh_ctlreq.c ****       {
 1116              		.loc 1 573 31 discriminator 1 view .LVU390
 1117 0028 0328     		cmp	r0, #3
 1118 002a 04D0     		beq	.L74
 579:Middlewares/ST/STM32_USB_Host_Library/Core/Src/usbh_ctlreq.c ****       {
 1119              		.loc 1 579 12 is_stmt 1 view .LVU391
 579:Middlewares/ST/STM32_USB_Host_Library/Core/Src/usbh_ctlreq.c ****       {
 1120              		.loc 1 579 15 is_stmt 0 view .LVU392
 1121 002c 0228     		cmp	r0, #2
 1122 002e F6D1     		bne	.L73
 582:Middlewares/ST/STM32_USB_Host_Library/Core/Src/usbh_ctlreq.c ****       }
 1123              		.loc 1 582 9 is_stmt 1 view .LVU393
 582:Middlewares/ST/STM32_USB_Host_Library/Core/Src/usbh_ctlreq.c ****       }
 1124              		.loc 1 582 29 is_stmt 0 view .LVU394
 1125 0030 0123     		movs	r3, #1
 1126 0032 A370     		strb	r3, [r4, #2]
 1127 0034 F3E7     		b	.L73
 1128              	.L74:
 576:Middlewares/ST/STM32_USB_Host_Library/Core/Src/usbh_ctlreq.c ****         phost->Control.state = CTRL_IDLE;
 1129              		.loc 1 576 9 is_stmt 1 view .LVU395
ARM GAS  /tmp/ccNwOiU6.s 			page 43


 576:Middlewares/ST/STM32_USB_Host_Library/Core/Src/usbh_ctlreq.c ****         phost->Control.state = CTRL_IDLE;
 1130              		.loc 1 576 29 is_stmt 0 view .LVU396
 1131 0036 0123     		movs	r3, #1
 1132 0038 A370     		strb	r3, [r4, #2]
 577:Middlewares/ST/STM32_USB_Host_Library/Core/Src/usbh_ctlreq.c ****       }
 1133              		.loc 1 577 9 is_stmt 1 view .LVU397
 577:Middlewares/ST/STM32_USB_Host_Library/Core/Src/usbh_ctlreq.c ****       }
 1134              		.loc 1 577 30 is_stmt 0 view .LVU398
 1135 003a 0023     		movs	r3, #0
 1136 003c 2376     		strb	r3, [r4, #24]
 1137 003e EEE7     		b	.L73
 1138              		.cfi_endproc
 1139              	.LFE234:
 1141              		.section	.text.USBH_GetDescriptor,"ax",%progbits
 1142              		.align	1
 1143              		.global	USBH_GetDescriptor
 1144              		.syntax unified
 1145              		.thumb
 1146              		.thumb_func
 1148              	USBH_GetDescriptor:
 1149              	.LVL97:
 1150              	.LFB222:
 193:Middlewares/ST/STM32_USB_Host_Library/Core/Src/usbh_ctlreq.c ****   if (phost->RequestState == CMD_SEND)
 1151              		.loc 1 193 1 is_stmt 1 view -0
 1152              		.cfi_startproc
 1153              		@ args = 4, pretend = 0, frame = 0
 1154              		@ frame_needed = 0, uses_anonymous_args = 0
 193:Middlewares/ST/STM32_USB_Host_Library/Core/Src/usbh_ctlreq.c ****   if (phost->RequestState == CMD_SEND)
 1155              		.loc 1 193 1 is_stmt 0 view .LVU400
 1156 0000 08B5     		push	{r3, lr}
 1157              		.cfi_def_cfa_offset 8
 1158              		.cfi_offset 3, -8
 1159              		.cfi_offset 14, -4
 1160 0002 8E46     		mov	lr, r1
 1161 0004 9446     		mov	ip, r2
 1162 0006 1946     		mov	r1, r3
 1163              	.LVL98:
 193:Middlewares/ST/STM32_USB_Host_Library/Core/Src/usbh_ctlreq.c ****   if (phost->RequestState == CMD_SEND)
 1164              		.loc 1 193 1 view .LVU401
 1165 0008 BDF80820 		ldrh	r2, [sp, #8]
 1166              	.LVL99:
 194:Middlewares/ST/STM32_USB_Host_Library/Core/Src/usbh_ctlreq.c ****   {
 1167              		.loc 1 194 3 is_stmt 1 view .LVU402
 194:Middlewares/ST/STM32_USB_Host_Library/Core/Src/usbh_ctlreq.c ****   {
 1168              		.loc 1 194 12 is_stmt 0 view .LVU403
 1169 000c 8378     		ldrb	r3, [r0, #2]	@ zero_extendqisi2
 1170              	.LVL100:
 194:Middlewares/ST/STM32_USB_Host_Library/Core/Src/usbh_ctlreq.c ****   {
 1171              		.loc 1 194 6 view .LVU404
 1172 000e 012B     		cmp	r3, #1
 1173 0010 02D0     		beq	.L82
 1174              	.LVL101:
 1175              	.L78:
 211:Middlewares/ST/STM32_USB_Host_Library/Core/Src/usbh_ctlreq.c **** }
 1176              		.loc 1 211 3 is_stmt 1 view .LVU405
 211:Middlewares/ST/STM32_USB_Host_Library/Core/Src/usbh_ctlreq.c **** }
 1177              		.loc 1 211 10 is_stmt 0 view .LVU406
ARM GAS  /tmp/ccNwOiU6.s 			page 44


 1178 0012 FFF7FEFF 		bl	USBH_CtlReq
 1179              	.LVL102:
 212:Middlewares/ST/STM32_USB_Host_Library/Core/Src/usbh_ctlreq.c **** 
 1180              		.loc 1 212 1 view .LVU407
 1181 0016 08BD     		pop	{r3, pc}
 1182              	.LVL103:
 1183              	.L82:
 196:Middlewares/ST/STM32_USB_Host_Library/Core/Src/usbh_ctlreq.c ****     phost->Control.setup.b.bRequest = USB_REQ_GET_DESCRIPTOR;
 1184              		.loc 1 196 5 is_stmt 1 view .LVU408
 196:Middlewares/ST/STM32_USB_Host_Library/Core/Src/usbh_ctlreq.c ****     phost->Control.setup.b.bRequest = USB_REQ_GET_DESCRIPTOR;
 1185              		.loc 1 196 42 is_stmt 0 view .LVU409
 1186 0018 6EF07F0E 		orn	lr, lr, #127
 1187 001c 80F810E0 		strb	lr, [r0, #16]
 197:Middlewares/ST/STM32_USB_Host_Library/Core/Src/usbh_ctlreq.c ****     phost->Control.setup.b.wValue.w = value_idx;
 1188              		.loc 1 197 5 is_stmt 1 view .LVU410
 197:Middlewares/ST/STM32_USB_Host_Library/Core/Src/usbh_ctlreq.c ****     phost->Control.setup.b.wValue.w = value_idx;
 1189              		.loc 1 197 37 is_stmt 0 view .LVU411
 1190 0020 0623     		movs	r3, #6
 1191 0022 4374     		strb	r3, [r0, #17]
 198:Middlewares/ST/STM32_USB_Host_Library/Core/Src/usbh_ctlreq.c **** 
 1192              		.loc 1 198 5 is_stmt 1 view .LVU412
 198:Middlewares/ST/STM32_USB_Host_Library/Core/Src/usbh_ctlreq.c **** 
 1193              		.loc 1 198 37 is_stmt 0 view .LVU413
 1194 0024 A0F812C0 		strh	ip, [r0, #18]	@ movhi
 200:Middlewares/ST/STM32_USB_Host_Library/Core/Src/usbh_ctlreq.c ****     {
 1195              		.loc 1 200 5 is_stmt 1 view .LVU414
 200:Middlewares/ST/STM32_USB_Host_Library/Core/Src/usbh_ctlreq.c ****     {
 1196              		.loc 1 200 8 is_stmt 0 view .LVU415
 1197 0028 0CF47F4C 		and	ip, ip, #65280
 1198 002c BCF5407F 		cmp	ip, #768
 1199 0030 03D0     		beq	.L83
 206:Middlewares/ST/STM32_USB_Host_Library/Core/Src/usbh_ctlreq.c ****     }
 1200              		.loc 1 206 7 is_stmt 1 view .LVU416
 206:Middlewares/ST/STM32_USB_Host_Library/Core/Src/usbh_ctlreq.c ****     }
 1201              		.loc 1 206 39 is_stmt 0 view .LVU417
 1202 0032 0023     		movs	r3, #0
 1203 0034 8382     		strh	r3, [r0, #20]	@ movhi
 1204              	.L80:
 208:Middlewares/ST/STM32_USB_Host_Library/Core/Src/usbh_ctlreq.c ****   }
 1205              		.loc 1 208 5 is_stmt 1 view .LVU418
 208:Middlewares/ST/STM32_USB_Host_Library/Core/Src/usbh_ctlreq.c ****   }
 1206              		.loc 1 208 38 is_stmt 0 view .LVU419
 1207 0036 C282     		strh	r2, [r0, #22]	@ movhi
 1208 0038 EBE7     		b	.L78
 1209              	.L83:
 202:Middlewares/ST/STM32_USB_Host_Library/Core/Src/usbh_ctlreq.c ****     }
 1210              		.loc 1 202 7 is_stmt 1 view .LVU420
 202:Middlewares/ST/STM32_USB_Host_Library/Core/Src/usbh_ctlreq.c ****     }
 1211              		.loc 1 202 39 is_stmt 0 view .LVU421
 1212 003a 40F20943 		movw	r3, #1033
 1213 003e 8382     		strh	r3, [r0, #20]	@ movhi
 1214 0040 F9E7     		b	.L80
 1215              		.cfi_endproc
 1216              	.LFE222:
 1218              		.section	.text.USBH_Get_DevDesc,"ax",%progbits
 1219              		.align	1
 1220              		.global	USBH_Get_DevDesc
ARM GAS  /tmp/ccNwOiU6.s 			page 45


 1221              		.syntax unified
 1222              		.thumb
 1223              		.thumb_func
 1225              	USBH_Get_DevDesc:
 1226              	.LVL104:
 1227              	.LFB219:
 104:Middlewares/ST/STM32_USB_Host_Library/Core/Src/usbh_ctlreq.c ****   USBH_StatusTypeDef status;
 1228              		.loc 1 104 1 is_stmt 1 view -0
 1229              		.cfi_startproc
 1230              		@ args = 0, pretend = 0, frame = 0
 1231              		@ frame_needed = 0, uses_anonymous_args = 0
 104:Middlewares/ST/STM32_USB_Host_Library/Core/Src/usbh_ctlreq.c ****   USBH_StatusTypeDef status;
 1232              		.loc 1 104 1 is_stmt 0 view .LVU423
 1233 0000 F0B5     		push	{r4, r5, r6, r7, lr}
 1234              		.cfi_def_cfa_offset 20
 1235              		.cfi_offset 4, -20
 1236              		.cfi_offset 5, -16
 1237              		.cfi_offset 6, -12
 1238              		.cfi_offset 7, -8
 1239              		.cfi_offset 14, -4
 1240 0002 83B0     		sub	sp, sp, #12
 1241              		.cfi_def_cfa_offset 32
 1242 0004 0446     		mov	r4, r0
 1243 0006 0D46     		mov	r5, r1
 105:Middlewares/ST/STM32_USB_Host_Library/Core/Src/usbh_ctlreq.c **** 
 1244              		.loc 1 105 3 is_stmt 1 view .LVU424
 107:Middlewares/ST/STM32_USB_Host_Library/Core/Src/usbh_ctlreq.c ****                                    USB_REQ_RECIPIENT_DEVICE | USB_REQ_TYPE_STANDARD,
 1245              		.loc 1 107 3 view .LVU425
 109:Middlewares/ST/STM32_USB_Host_Library/Core/Src/usbh_ctlreq.c ****                                    (uint16_t)length)) == USBH_OK)
 1246              		.loc 1 109 66 is_stmt 0 view .LVU426
 1247 0008 00F58E76 		add	r6, r0, #284
 107:Middlewares/ST/STM32_USB_Host_Library/Core/Src/usbh_ctlreq.c ****                                    USB_REQ_RECIPIENT_DEVICE | USB_REQ_TYPE_STANDARD,
 1248              		.loc 1 107 17 view .LVU427
 1249 000c 0091     		str	r1, [sp]
 1250 000e 3346     		mov	r3, r6
 1251 0010 4FF48072 		mov	r2, #256
 1252 0014 0021     		movs	r1, #0
 1253              	.LVL105:
 107:Middlewares/ST/STM32_USB_Host_Library/Core/Src/usbh_ctlreq.c ****                                    USB_REQ_RECIPIENT_DEVICE | USB_REQ_TYPE_STANDARD,
 1254              		.loc 1 107 17 view .LVU428
 1255 0016 FFF7FEFF 		bl	USBH_GetDescriptor
 1256              	.LVL106:
 107:Middlewares/ST/STM32_USB_Host_Library/Core/Src/usbh_ctlreq.c ****                                    USB_REQ_RECIPIENT_DEVICE | USB_REQ_TYPE_STANDARD,
 1257              		.loc 1 107 6 discriminator 1 view .LVU429
 1258 001a 0746     		mov	r7, r0
 1259 001c 10B1     		cbz	r0, .L87
 1260              	.LVL107:
 1261              	.L85:
 117:Middlewares/ST/STM32_USB_Host_Library/Core/Src/usbh_ctlreq.c **** }
 1262              		.loc 1 117 3 is_stmt 1 view .LVU430
 118:Middlewares/ST/STM32_USB_Host_Library/Core/Src/usbh_ctlreq.c **** 
 1263              		.loc 1 118 1 is_stmt 0 view .LVU431
 1264 001e 3846     		mov	r0, r7
 1265 0020 03B0     		add	sp, sp, #12
 1266              		.cfi_remember_state
 1267              		.cfi_def_cfa_offset 20
 1268              		@ sp needed
ARM GAS  /tmp/ccNwOiU6.s 			page 46


 1269 0022 F0BD     		pop	{r4, r5, r6, r7, pc}
 1270              	.LVL108:
 1271              	.L87:
 1272              		.cfi_restore_state
 113:Middlewares/ST/STM32_USB_Host_Library/Core/Src/usbh_ctlreq.c ****                       (uint16_t)length);
 1273              		.loc 1 113 5 is_stmt 1 view .LVU432
 1274 0024 2A46     		mov	r2, r5
 1275 0026 3146     		mov	r1, r6
 1276 0028 04F22630 		addw	r0, r4, #806
 1277              	.LVL109:
 113:Middlewares/ST/STM32_USB_Host_Library/Core/Src/usbh_ctlreq.c ****                       (uint16_t)length);
 1278              		.loc 1 113 5 is_stmt 0 view .LVU433
 1279 002c FFF7FEFF 		bl	USBH_ParseDevDesc
 1280              	.LVL110:
 1281 0030 F5E7     		b	.L85
 1282              		.cfi_endproc
 1283              	.LFE219:
 1285              		.section	.text.USBH_Get_CfgDesc,"ax",%progbits
 1286              		.align	1
 1287              		.global	USBH_Get_CfgDesc
 1288              		.syntax unified
 1289              		.thumb
 1290              		.thumb_func
 1292              	USBH_Get_CfgDesc:
 1293              	.LVL111:
 1294              	.LFB220:
 133:Middlewares/ST/STM32_USB_Host_Library/Core/Src/usbh_ctlreq.c ****   USBH_StatusTypeDef status;
 1295              		.loc 1 133 1 is_stmt 1 view -0
 1296              		.cfi_startproc
 1297              		@ args = 0, pretend = 0, frame = 0
 1298              		@ frame_needed = 0, uses_anonymous_args = 0
 133:Middlewares/ST/STM32_USB_Host_Library/Core/Src/usbh_ctlreq.c ****   USBH_StatusTypeDef status;
 1299              		.loc 1 133 1 is_stmt 0 view .LVU435
 1300 0000 F0B5     		push	{r4, r5, r6, r7, lr}
 1301              		.cfi_def_cfa_offset 20
 1302              		.cfi_offset 4, -20
 1303              		.cfi_offset 5, -16
 1304              		.cfi_offset 6, -12
 1305              		.cfi_offset 7, -8
 1306              		.cfi_offset 14, -4
 1307 0002 83B0     		sub	sp, sp, #12
 1308              		.cfi_def_cfa_offset 32
 1309 0004 0446     		mov	r4, r0
 1310 0006 0D46     		mov	r5, r1
 134:Middlewares/ST/STM32_USB_Host_Library/Core/Src/usbh_ctlreq.c ****   uint8_t *pData = phost->device.CfgDesc_Raw;;
 1311              		.loc 1 134 3 is_stmt 1 view .LVU436
 135:Middlewares/ST/STM32_USB_Host_Library/Core/Src/usbh_ctlreq.c **** 
 1312              		.loc 1 135 3 view .LVU437
 135:Middlewares/ST/STM32_USB_Host_Library/Core/Src/usbh_ctlreq.c **** 
 1313              		.loc 1 135 12 is_stmt 0 view .LVU438
 1314 0008 00F11C06 		add	r6, r0, #28
 1315              	.LVL112:
 135:Middlewares/ST/STM32_USB_Host_Library/Core/Src/usbh_ctlreq.c **** 
 1316              		.loc 1 135 46 is_stmt 1 view .LVU439
 137:Middlewares/ST/STM32_USB_Host_Library/Core/Src/usbh_ctlreq.c ****                                    USB_DESC_CONFIGURATION, pData, length)) == USBH_OK)
 1317              		.loc 1 137 3 view .LVU440
 137:Middlewares/ST/STM32_USB_Host_Library/Core/Src/usbh_ctlreq.c ****                                    USB_DESC_CONFIGURATION, pData, length)) == USBH_OK)
ARM GAS  /tmp/ccNwOiU6.s 			page 47


 1318              		.loc 1 137 17 is_stmt 0 view .LVU441
 1319 000c 0091     		str	r1, [sp]
 1320 000e 3346     		mov	r3, r6
 1321 0010 4FF40072 		mov	r2, #512
 1322 0014 0021     		movs	r1, #0
 1323              	.LVL113:
 137:Middlewares/ST/STM32_USB_Host_Library/Core/Src/usbh_ctlreq.c ****                                    USB_DESC_CONFIGURATION, pData, length)) == USBH_OK)
 1324              		.loc 1 137 17 view .LVU442
 1325 0016 FFF7FEFF 		bl	USBH_GetDescriptor
 1326              	.LVL114:
 137:Middlewares/ST/STM32_USB_Host_Library/Core/Src/usbh_ctlreq.c ****                                    USB_DESC_CONFIGURATION, pData, length)) == USBH_OK)
 1327              		.loc 1 137 6 discriminator 1 view .LVU443
 1328 001a 0746     		mov	r7, r0
 1329 001c 10B1     		cbz	r0, .L91
 1330              	.LVL115:
 1331              	.L89:
 144:Middlewares/ST/STM32_USB_Host_Library/Core/Src/usbh_ctlreq.c **** }
 1332              		.loc 1 144 3 is_stmt 1 view .LVU444
 145:Middlewares/ST/STM32_USB_Host_Library/Core/Src/usbh_ctlreq.c **** 
 1333              		.loc 1 145 1 is_stmt 0 view .LVU445
 1334 001e 3846     		mov	r0, r7
 1335 0020 03B0     		add	sp, sp, #12
 1336              		.cfi_remember_state
 1337              		.cfi_def_cfa_offset 20
 1338              		@ sp needed
 1339 0022 F0BD     		pop	{r4, r5, r6, r7, pc}
 1340              	.LVL116:
 1341              	.L91:
 1342              		.cfi_restore_state
 141:Middlewares/ST/STM32_USB_Host_Library/Core/Src/usbh_ctlreq.c ****   }
 1343              		.loc 1 141 5 is_stmt 1 view .LVU446
 1344 0024 2A46     		mov	r2, r5
 1345 0026 3146     		mov	r1, r6
 1346 0028 04F54E70 		add	r0, r4, #824
 1347              	.LVL117:
 141:Middlewares/ST/STM32_USB_Host_Library/Core/Src/usbh_ctlreq.c ****   }
 1348              		.loc 1 141 5 is_stmt 0 view .LVU447
 1349 002c FFF7FEFF 		bl	USBH_ParseCfgDesc
 1350              	.LVL118:
 1351 0030 F5E7     		b	.L89
 1352              		.cfi_endproc
 1353              	.LFE220:
 1355              		.section	.text.USBH_Get_StringDesc,"ax",%progbits
 1356              		.align	1
 1357              		.global	USBH_Get_StringDesc
 1358              		.syntax unified
 1359              		.thumb
 1360              		.thumb_func
 1362              	USBH_Get_StringDesc:
 1363              	.LVL119:
 1364              	.LFB221:
 161:Middlewares/ST/STM32_USB_Host_Library/Core/Src/usbh_ctlreq.c ****   USBH_StatusTypeDef status;
 1365              		.loc 1 161 1 is_stmt 1 view -0
 1366              		.cfi_startproc
 1367              		@ args = 0, pretend = 0, frame = 0
 1368              		@ frame_needed = 0, uses_anonymous_args = 0
 161:Middlewares/ST/STM32_USB_Host_Library/Core/Src/usbh_ctlreq.c ****   USBH_StatusTypeDef status;
ARM GAS  /tmp/ccNwOiU6.s 			page 48


 1369              		.loc 1 161 1 is_stmt 0 view .LVU449
 1370 0000 F0B5     		push	{r4, r5, r6, r7, lr}
 1371              		.cfi_def_cfa_offset 20
 1372              		.cfi_offset 4, -20
 1373              		.cfi_offset 5, -16
 1374              		.cfi_offset 6, -12
 1375              		.cfi_offset 7, -8
 1376              		.cfi_offset 14, -4
 1377 0002 83B0     		sub	sp, sp, #12
 1378              		.cfi_def_cfa_offset 32
 1379 0004 1646     		mov	r6, r2
 1380 0006 1D46     		mov	r5, r3
 162:Middlewares/ST/STM32_USB_Host_Library/Core/Src/usbh_ctlreq.c **** 
 1381              		.loc 1 162 3 is_stmt 1 view .LVU450
 164:Middlewares/ST/STM32_USB_Host_Library/Core/Src/usbh_ctlreq.c ****                                    USB_REQ_RECIPIENT_DEVICE | USB_REQ_TYPE_STANDARD,
 1382              		.loc 1 164 3 view .LVU451
 167:Middlewares/ST/STM32_USB_Host_Library/Core/Src/usbh_ctlreq.c ****   {
 1383              		.loc 1 167 49 is_stmt 0 view .LVU452
 1384 0008 00F58E74 		add	r4, r0, #284
 164:Middlewares/ST/STM32_USB_Host_Library/Core/Src/usbh_ctlreq.c ****                                    USB_REQ_RECIPIENT_DEVICE | USB_REQ_TYPE_STANDARD,
 1385              		.loc 1 164 17 view .LVU453
 1386 000c 0093     		str	r3, [sp]
 1387 000e 2346     		mov	r3, r4
 1388              	.LVL120:
 164:Middlewares/ST/STM32_USB_Host_Library/Core/Src/usbh_ctlreq.c ****                                    USB_REQ_RECIPIENT_DEVICE | USB_REQ_TYPE_STANDARD,
 1389              		.loc 1 164 17 view .LVU454
 1390 0010 41F44072 		orr	r2, r1, #768
 1391              	.LVL121:
 164:Middlewares/ST/STM32_USB_Host_Library/Core/Src/usbh_ctlreq.c ****                                    USB_REQ_RECIPIENT_DEVICE | USB_REQ_TYPE_STANDARD,
 1392              		.loc 1 164 17 view .LVU455
 1393 0014 0021     		movs	r1, #0
 1394              	.LVL122:
 164:Middlewares/ST/STM32_USB_Host_Library/Core/Src/usbh_ctlreq.c ****                                    USB_REQ_RECIPIENT_DEVICE | USB_REQ_TYPE_STANDARD,
 1395              		.loc 1 164 17 view .LVU456
 1396 0016 FFF7FEFF 		bl	USBH_GetDescriptor
 1397              	.LVL123:
 164:Middlewares/ST/STM32_USB_Host_Library/Core/Src/usbh_ctlreq.c ****                                    USB_REQ_RECIPIENT_DEVICE | USB_REQ_TYPE_STANDARD,
 1398              		.loc 1 164 6 discriminator 1 view .LVU457
 1399 001a 0746     		mov	r7, r0
 1400 001c 10B1     		cbz	r0, .L95
 1401              	.LVL124:
 1402              	.L93:
 173:Middlewares/ST/STM32_USB_Host_Library/Core/Src/usbh_ctlreq.c **** }
 1403              		.loc 1 173 3 is_stmt 1 view .LVU458
 174:Middlewares/ST/STM32_USB_Host_Library/Core/Src/usbh_ctlreq.c **** 
 1404              		.loc 1 174 1 is_stmt 0 view .LVU459
 1405 001e 3846     		mov	r0, r7
 1406 0020 03B0     		add	sp, sp, #12
 1407              		.cfi_remember_state
 1408              		.cfi_def_cfa_offset 20
 1409              		@ sp needed
 1410 0022 F0BD     		pop	{r4, r5, r6, r7, pc}
 1411              	.LVL125:
 1412              	.L95:
 1413              		.cfi_restore_state
 170:Middlewares/ST/STM32_USB_Host_Library/Core/Src/usbh_ctlreq.c ****   }
 1414              		.loc 1 170 5 is_stmt 1 view .LVU460
ARM GAS  /tmp/ccNwOiU6.s 			page 49


 1415 0024 2A46     		mov	r2, r5
 1416 0026 3146     		mov	r1, r6
 1417 0028 2046     		mov	r0, r4
 1418              	.LVL126:
 170:Middlewares/ST/STM32_USB_Host_Library/Core/Src/usbh_ctlreq.c ****   }
 1419              		.loc 1 170 5 is_stmt 0 view .LVU461
 1420 002a FFF7FEFF 		bl	USBH_ParseStringDesc
 1421              	.LVL127:
 1422 002e F6E7     		b	.L93
 1423              		.cfi_endproc
 1424              	.LFE221:
 1426              		.section	.text.USBH_SetAddress,"ax",%progbits
 1427              		.align	1
 1428              		.global	USBH_SetAddress
 1429              		.syntax unified
 1430              		.thumb
 1431              		.thumb_func
 1433              	USBH_SetAddress:
 1434              	.LVL128:
 1435              	.LFB223:
 224:Middlewares/ST/STM32_USB_Host_Library/Core/Src/usbh_ctlreq.c ****   if (phost->RequestState == CMD_SEND)
 1436              		.loc 1 224 1 is_stmt 1 view -0
 1437              		.cfi_startproc
 1438              		@ args = 0, pretend = 0, frame = 0
 1439              		@ frame_needed = 0, uses_anonymous_args = 0
 224:Middlewares/ST/STM32_USB_Host_Library/Core/Src/usbh_ctlreq.c ****   if (phost->RequestState == CMD_SEND)
 1440              		.loc 1 224 1 is_stmt 0 view .LVU463
 1441 0000 08B5     		push	{r3, lr}
 1442              		.cfi_def_cfa_offset 8
 1443              		.cfi_offset 3, -8
 1444              		.cfi_offset 14, -4
 225:Middlewares/ST/STM32_USB_Host_Library/Core/Src/usbh_ctlreq.c ****   {
 1445              		.loc 1 225 3 is_stmt 1 view .LVU464
 225:Middlewares/ST/STM32_USB_Host_Library/Core/Src/usbh_ctlreq.c ****   {
 1446              		.loc 1 225 12 is_stmt 0 view .LVU465
 1447 0002 8378     		ldrb	r3, [r0, #2]	@ zero_extendqisi2
 225:Middlewares/ST/STM32_USB_Host_Library/Core/Src/usbh_ctlreq.c ****   {
 1448              		.loc 1 225 6 view .LVU466
 1449 0004 012B     		cmp	r3, #1
 1450 0006 04D0     		beq	.L99
 1451              	.L97:
 237:Middlewares/ST/STM32_USB_Host_Library/Core/Src/usbh_ctlreq.c **** }
 1452              		.loc 1 237 3 is_stmt 1 view .LVU467
 237:Middlewares/ST/STM32_USB_Host_Library/Core/Src/usbh_ctlreq.c **** }
 1453              		.loc 1 237 10 is_stmt 0 view .LVU468
 1454 0008 0022     		movs	r2, #0
 1455 000a 1146     		mov	r1, r2
 1456              	.LVL129:
 237:Middlewares/ST/STM32_USB_Host_Library/Core/Src/usbh_ctlreq.c **** }
 1457              		.loc 1 237 10 view .LVU469
 1458 000c FFF7FEFF 		bl	USBH_CtlReq
 1459              	.LVL130:
 238:Middlewares/ST/STM32_USB_Host_Library/Core/Src/usbh_ctlreq.c **** 
 1460              		.loc 1 238 1 view .LVU470
 1461 0010 08BD     		pop	{r3, pc}
 1462              	.LVL131:
 1463              	.L99:
ARM GAS  /tmp/ccNwOiU6.s 			page 50


 227:Middlewares/ST/STM32_USB_Host_Library/Core/Src/usbh_ctlreq.c ****                                            USB_REQ_TYPE_STANDARD;
 1464              		.loc 1 227 5 is_stmt 1 view .LVU471
 227:Middlewares/ST/STM32_USB_Host_Library/Core/Src/usbh_ctlreq.c ****                                            USB_REQ_TYPE_STANDARD;
 1465              		.loc 1 227 42 is_stmt 0 view .LVU472
 1466 0012 0023     		movs	r3, #0
 1467 0014 0374     		strb	r3, [r0, #16]
 230:Middlewares/ST/STM32_USB_Host_Library/Core/Src/usbh_ctlreq.c **** 
 1468              		.loc 1 230 5 is_stmt 1 view .LVU473
 230:Middlewares/ST/STM32_USB_Host_Library/Core/Src/usbh_ctlreq.c **** 
 1469              		.loc 1 230 37 is_stmt 0 view .LVU474
 1470 0016 0522     		movs	r2, #5
 1471 0018 4274     		strb	r2, [r0, #17]
 232:Middlewares/ST/STM32_USB_Host_Library/Core/Src/usbh_ctlreq.c ****     phost->Control.setup.b.wIndex.w = 0U;
 1472              		.loc 1 232 5 is_stmt 1 view .LVU475
 232:Middlewares/ST/STM32_USB_Host_Library/Core/Src/usbh_ctlreq.c ****     phost->Control.setup.b.wIndex.w = 0U;
 1473              		.loc 1 232 37 is_stmt 0 view .LVU476
 1474 001a 4182     		strh	r1, [r0, #18]	@ movhi
 233:Middlewares/ST/STM32_USB_Host_Library/Core/Src/usbh_ctlreq.c ****     phost->Control.setup.b.wLength.w = 0U;
 1475              		.loc 1 233 5 is_stmt 1 view .LVU477
 233:Middlewares/ST/STM32_USB_Host_Library/Core/Src/usbh_ctlreq.c ****     phost->Control.setup.b.wLength.w = 0U;
 1476              		.loc 1 233 37 is_stmt 0 view .LVU478
 1477 001c 8382     		strh	r3, [r0, #20]	@ movhi
 234:Middlewares/ST/STM32_USB_Host_Library/Core/Src/usbh_ctlreq.c ****   }
 1478              		.loc 1 234 5 is_stmt 1 view .LVU479
 234:Middlewares/ST/STM32_USB_Host_Library/Core/Src/usbh_ctlreq.c ****   }
 1479              		.loc 1 234 38 is_stmt 0 view .LVU480
 1480 001e C382     		strh	r3, [r0, #22]	@ movhi
 1481 0020 F2E7     		b	.L97
 1482              		.cfi_endproc
 1483              	.LFE223:
 1485              		.section	.text.USBH_SetCfg,"ax",%progbits
 1486              		.align	1
 1487              		.global	USBH_SetCfg
 1488              		.syntax unified
 1489              		.thumb
 1490              		.thumb_func
 1492              	USBH_SetCfg:
 1493              	.LVL132:
 1494              	.LFB224:
 249:Middlewares/ST/STM32_USB_Host_Library/Core/Src/usbh_ctlreq.c ****   if (phost->RequestState == CMD_SEND)
 1495              		.loc 1 249 1 is_stmt 1 view -0
 1496              		.cfi_startproc
 1497              		@ args = 0, pretend = 0, frame = 0
 1498              		@ frame_needed = 0, uses_anonymous_args = 0
 249:Middlewares/ST/STM32_USB_Host_Library/Core/Src/usbh_ctlreq.c ****   if (phost->RequestState == CMD_SEND)
 1499              		.loc 1 249 1 is_stmt 0 view .LVU482
 1500 0000 08B5     		push	{r3, lr}
 1501              		.cfi_def_cfa_offset 8
 1502              		.cfi_offset 3, -8
 1503              		.cfi_offset 14, -4
 250:Middlewares/ST/STM32_USB_Host_Library/Core/Src/usbh_ctlreq.c ****   {
 1504              		.loc 1 250 3 is_stmt 1 view .LVU483
 250:Middlewares/ST/STM32_USB_Host_Library/Core/Src/usbh_ctlreq.c ****   {
 1505              		.loc 1 250 12 is_stmt 0 view .LVU484
 1506 0002 8378     		ldrb	r3, [r0, #2]	@ zero_extendqisi2
 250:Middlewares/ST/STM32_USB_Host_Library/Core/Src/usbh_ctlreq.c ****   {
 1507              		.loc 1 250 6 view .LVU485
ARM GAS  /tmp/ccNwOiU6.s 			page 51


 1508 0004 012B     		cmp	r3, #1
 1509 0006 04D0     		beq	.L103
 1510              	.L101:
 261:Middlewares/ST/STM32_USB_Host_Library/Core/Src/usbh_ctlreq.c **** }
 1511              		.loc 1 261 3 is_stmt 1 view .LVU486
 261:Middlewares/ST/STM32_USB_Host_Library/Core/Src/usbh_ctlreq.c **** }
 1512              		.loc 1 261 10 is_stmt 0 view .LVU487
 1513 0008 0022     		movs	r2, #0
 1514 000a 1146     		mov	r1, r2
 1515              	.LVL133:
 261:Middlewares/ST/STM32_USB_Host_Library/Core/Src/usbh_ctlreq.c **** }
 1516              		.loc 1 261 10 view .LVU488
 1517 000c FFF7FEFF 		bl	USBH_CtlReq
 1518              	.LVL134:
 262:Middlewares/ST/STM32_USB_Host_Library/Core/Src/usbh_ctlreq.c **** 
 1519              		.loc 1 262 1 view .LVU489
 1520 0010 08BD     		pop	{r3, pc}
 1521              	.LVL135:
 1522              	.L103:
 252:Middlewares/ST/STM32_USB_Host_Library/Core/Src/usbh_ctlreq.c ****                                            | USB_REQ_TYPE_STANDARD;
 1523              		.loc 1 252 5 is_stmt 1 view .LVU490
 252:Middlewares/ST/STM32_USB_Host_Library/Core/Src/usbh_ctlreq.c ****                                            | USB_REQ_TYPE_STANDARD;
 1524              		.loc 1 252 42 is_stmt 0 view .LVU491
 1525 0012 0023     		movs	r3, #0
 1526 0014 0374     		strb	r3, [r0, #16]
 255:Middlewares/ST/STM32_USB_Host_Library/Core/Src/usbh_ctlreq.c ****     phost->Control.setup.b.wValue.w = cfg_idx;
 1527              		.loc 1 255 5 is_stmt 1 view .LVU492
 255:Middlewares/ST/STM32_USB_Host_Library/Core/Src/usbh_ctlreq.c ****     phost->Control.setup.b.wValue.w = cfg_idx;
 1528              		.loc 1 255 37 is_stmt 0 view .LVU493
 1529 0016 0922     		movs	r2, #9
 1530 0018 4274     		strb	r2, [r0, #17]
 256:Middlewares/ST/STM32_USB_Host_Library/Core/Src/usbh_ctlreq.c ****     phost->Control.setup.b.wIndex.w = 0U;
 1531              		.loc 1 256 5 is_stmt 1 view .LVU494
 256:Middlewares/ST/STM32_USB_Host_Library/Core/Src/usbh_ctlreq.c ****     phost->Control.setup.b.wIndex.w = 0U;
 1532              		.loc 1 256 37 is_stmt 0 view .LVU495
 1533 001a 4182     		strh	r1, [r0, #18]	@ movhi
 257:Middlewares/ST/STM32_USB_Host_Library/Core/Src/usbh_ctlreq.c ****     phost->Control.setup.b.wLength.w = 0U;
 1534              		.loc 1 257 5 is_stmt 1 view .LVU496
 257:Middlewares/ST/STM32_USB_Host_Library/Core/Src/usbh_ctlreq.c ****     phost->Control.setup.b.wLength.w = 0U;
 1535              		.loc 1 257 37 is_stmt 0 view .LVU497
 1536 001c 8382     		strh	r3, [r0, #20]	@ movhi
 258:Middlewares/ST/STM32_USB_Host_Library/Core/Src/usbh_ctlreq.c ****   }
 1537              		.loc 1 258 5 is_stmt 1 view .LVU498
 258:Middlewares/ST/STM32_USB_Host_Library/Core/Src/usbh_ctlreq.c ****   }
 1538              		.loc 1 258 38 is_stmt 0 view .LVU499
 1539 001e C382     		strh	r3, [r0, #22]	@ movhi
 1540 0020 F2E7     		b	.L101
 1541              		.cfi_endproc
 1542              	.LFE224:
 1544              		.section	.text.USBH_SetInterface,"ax",%progbits
 1545              		.align	1
 1546              		.global	USBH_SetInterface
 1547              		.syntax unified
 1548              		.thumb
 1549              		.thumb_func
 1551              	USBH_SetInterface:
 1552              	.LVL136:
ARM GAS  /tmp/ccNwOiU6.s 			page 52


 1553              	.LFB225:
 274:Middlewares/ST/STM32_USB_Host_Library/Core/Src/usbh_ctlreq.c ****   if (phost->RequestState == CMD_SEND)
 1554              		.loc 1 274 1 is_stmt 1 view -0
 1555              		.cfi_startproc
 1556              		@ args = 0, pretend = 0, frame = 0
 1557              		@ frame_needed = 0, uses_anonymous_args = 0
 274:Middlewares/ST/STM32_USB_Host_Library/Core/Src/usbh_ctlreq.c ****   if (phost->RequestState == CMD_SEND)
 1558              		.loc 1 274 1 is_stmt 0 view .LVU501
 1559 0000 08B5     		push	{r3, lr}
 1560              		.cfi_def_cfa_offset 8
 1561              		.cfi_offset 3, -8
 1562              		.cfi_offset 14, -4
 275:Middlewares/ST/STM32_USB_Host_Library/Core/Src/usbh_ctlreq.c ****   {
 1563              		.loc 1 275 3 is_stmt 1 view .LVU502
 275:Middlewares/ST/STM32_USB_Host_Library/Core/Src/usbh_ctlreq.c ****   {
 1564              		.loc 1 275 12 is_stmt 0 view .LVU503
 1565 0002 8378     		ldrb	r3, [r0, #2]	@ zero_extendqisi2
 275:Middlewares/ST/STM32_USB_Host_Library/Core/Src/usbh_ctlreq.c ****   {
 1566              		.loc 1 275 6 view .LVU504
 1567 0004 012B     		cmp	r3, #1
 1568 0006 04D0     		beq	.L107
 1569              	.L105:
 286:Middlewares/ST/STM32_USB_Host_Library/Core/Src/usbh_ctlreq.c **** }
 1570              		.loc 1 286 3 is_stmt 1 view .LVU505
 286:Middlewares/ST/STM32_USB_Host_Library/Core/Src/usbh_ctlreq.c **** }
 1571              		.loc 1 286 10 is_stmt 0 view .LVU506
 1572 0008 0022     		movs	r2, #0
 1573              	.LVL137:
 286:Middlewares/ST/STM32_USB_Host_Library/Core/Src/usbh_ctlreq.c **** }
 1574              		.loc 1 286 10 view .LVU507
 1575 000a 1146     		mov	r1, r2
 1576              	.LVL138:
 286:Middlewares/ST/STM32_USB_Host_Library/Core/Src/usbh_ctlreq.c **** }
 1577              		.loc 1 286 10 view .LVU508
 1578 000c FFF7FEFF 		bl	USBH_CtlReq
 1579              	.LVL139:
 287:Middlewares/ST/STM32_USB_Host_Library/Core/Src/usbh_ctlreq.c **** 
 1580              		.loc 1 287 1 view .LVU509
 1581 0010 08BD     		pop	{r3, pc}
 1582              	.LVL140:
 1583              	.L107:
 277:Middlewares/ST/STM32_USB_Host_Library/Core/Src/usbh_ctlreq.c ****                                            | USB_REQ_TYPE_STANDARD;
 1584              		.loc 1 277 5 is_stmt 1 view .LVU510
 277:Middlewares/ST/STM32_USB_Host_Library/Core/Src/usbh_ctlreq.c ****                                            | USB_REQ_TYPE_STANDARD;
 1585              		.loc 1 277 42 is_stmt 0 view .LVU511
 1586 0012 0374     		strb	r3, [r0, #16]
 280:Middlewares/ST/STM32_USB_Host_Library/Core/Src/usbh_ctlreq.c ****     phost->Control.setup.b.wValue.w = altSetting;
 1587              		.loc 1 280 5 is_stmt 1 view .LVU512
 280:Middlewares/ST/STM32_USB_Host_Library/Core/Src/usbh_ctlreq.c ****     phost->Control.setup.b.wValue.w = altSetting;
 1588              		.loc 1 280 37 is_stmt 0 view .LVU513
 1589 0014 0B23     		movs	r3, #11
 1590 0016 4374     		strb	r3, [r0, #17]
 281:Middlewares/ST/STM32_USB_Host_Library/Core/Src/usbh_ctlreq.c ****     phost->Control.setup.b.wIndex.w = ep_num;
 1591              		.loc 1 281 5 is_stmt 1 view .LVU514
 281:Middlewares/ST/STM32_USB_Host_Library/Core/Src/usbh_ctlreq.c ****     phost->Control.setup.b.wIndex.w = ep_num;
 1592              		.loc 1 281 37 is_stmt 0 view .LVU515
 1593 0018 4282     		strh	r2, [r0, #18]	@ movhi
ARM GAS  /tmp/ccNwOiU6.s 			page 53


 282:Middlewares/ST/STM32_USB_Host_Library/Core/Src/usbh_ctlreq.c ****     phost->Control.setup.b.wLength.w = 0U;
 1594              		.loc 1 282 5 is_stmt 1 view .LVU516
 282:Middlewares/ST/STM32_USB_Host_Library/Core/Src/usbh_ctlreq.c ****     phost->Control.setup.b.wLength.w = 0U;
 1595              		.loc 1 282 37 is_stmt 0 view .LVU517
 1596 001a 8182     		strh	r1, [r0, #20]	@ movhi
 283:Middlewares/ST/STM32_USB_Host_Library/Core/Src/usbh_ctlreq.c ****   }
 1597              		.loc 1 283 5 is_stmt 1 view .LVU518
 283:Middlewares/ST/STM32_USB_Host_Library/Core/Src/usbh_ctlreq.c ****   }
 1598              		.loc 1 283 38 is_stmt 0 view .LVU519
 1599 001c 0023     		movs	r3, #0
 1600 001e C382     		strh	r3, [r0, #22]	@ movhi
 1601 0020 F2E7     		b	.L105
 1602              		.cfi_endproc
 1603              	.LFE225:
 1605              		.section	.text.USBH_SetFeature,"ax",%progbits
 1606              		.align	1
 1607              		.global	USBH_SetFeature
 1608              		.syntax unified
 1609              		.thumb
 1610              		.thumb_func
 1612              	USBH_SetFeature:
 1613              	.LVL141:
 1614              	.LFB226:
 298:Middlewares/ST/STM32_USB_Host_Library/Core/Src/usbh_ctlreq.c ****   if (phost->RequestState == CMD_SEND)
 1615              		.loc 1 298 1 is_stmt 1 view -0
 1616              		.cfi_startproc
 1617              		@ args = 0, pretend = 0, frame = 0
 1618              		@ frame_needed = 0, uses_anonymous_args = 0
 298:Middlewares/ST/STM32_USB_Host_Library/Core/Src/usbh_ctlreq.c ****   if (phost->RequestState == CMD_SEND)
 1619              		.loc 1 298 1 is_stmt 0 view .LVU521
 1620 0000 08B5     		push	{r3, lr}
 1621              		.cfi_def_cfa_offset 8
 1622              		.cfi_offset 3, -8
 1623              		.cfi_offset 14, -4
 299:Middlewares/ST/STM32_USB_Host_Library/Core/Src/usbh_ctlreq.c ****   {
 1624              		.loc 1 299 3 is_stmt 1 view .LVU522
 299:Middlewares/ST/STM32_USB_Host_Library/Core/Src/usbh_ctlreq.c ****   {
 1625              		.loc 1 299 12 is_stmt 0 view .LVU523
 1626 0002 8378     		ldrb	r3, [r0, #2]	@ zero_extendqisi2
 299:Middlewares/ST/STM32_USB_Host_Library/Core/Src/usbh_ctlreq.c ****   {
 1627              		.loc 1 299 6 view .LVU524
 1628 0004 012B     		cmp	r3, #1
 1629 0006 04D0     		beq	.L111
 1630              	.L109:
 310:Middlewares/ST/STM32_USB_Host_Library/Core/Src/usbh_ctlreq.c **** }
 1631              		.loc 1 310 3 is_stmt 1 view .LVU525
 310:Middlewares/ST/STM32_USB_Host_Library/Core/Src/usbh_ctlreq.c **** }
 1632              		.loc 1 310 10 is_stmt 0 view .LVU526
 1633 0008 0022     		movs	r2, #0
 1634 000a 1146     		mov	r1, r2
 1635              	.LVL142:
 310:Middlewares/ST/STM32_USB_Host_Library/Core/Src/usbh_ctlreq.c **** }
 1636              		.loc 1 310 10 view .LVU527
 1637 000c FFF7FEFF 		bl	USBH_CtlReq
 1638              	.LVL143:
 311:Middlewares/ST/STM32_USB_Host_Library/Core/Src/usbh_ctlreq.c **** 
 1639              		.loc 1 311 1 view .LVU528
ARM GAS  /tmp/ccNwOiU6.s 			page 54


 1640 0010 08BD     		pop	{r3, pc}
 1641              	.LVL144:
 1642              	.L111:
 301:Middlewares/ST/STM32_USB_Host_Library/Core/Src/usbh_ctlreq.c ****                                            | USB_REQ_TYPE_STANDARD;
 1643              		.loc 1 301 5 is_stmt 1 view .LVU529
 301:Middlewares/ST/STM32_USB_Host_Library/Core/Src/usbh_ctlreq.c ****                                            | USB_REQ_TYPE_STANDARD;
 1644              		.loc 1 301 42 is_stmt 0 view .LVU530
 1645 0012 0023     		movs	r3, #0
 1646 0014 0374     		strb	r3, [r0, #16]
 304:Middlewares/ST/STM32_USB_Host_Library/Core/Src/usbh_ctlreq.c ****     phost->Control.setup.b.wValue.w = wValue;
 1647              		.loc 1 304 5 is_stmt 1 view .LVU531
 304:Middlewares/ST/STM32_USB_Host_Library/Core/Src/usbh_ctlreq.c ****     phost->Control.setup.b.wValue.w = wValue;
 1648              		.loc 1 304 37 is_stmt 0 view .LVU532
 1649 0016 0322     		movs	r2, #3
 1650 0018 4274     		strb	r2, [r0, #17]
 305:Middlewares/ST/STM32_USB_Host_Library/Core/Src/usbh_ctlreq.c ****     phost->Control.setup.b.wIndex.w = 0U;
 1651              		.loc 1 305 5 is_stmt 1 view .LVU533
 305:Middlewares/ST/STM32_USB_Host_Library/Core/Src/usbh_ctlreq.c ****     phost->Control.setup.b.wIndex.w = 0U;
 1652              		.loc 1 305 37 is_stmt 0 view .LVU534
 1653 001a 4182     		strh	r1, [r0, #18]	@ movhi
 306:Middlewares/ST/STM32_USB_Host_Library/Core/Src/usbh_ctlreq.c ****     phost->Control.setup.b.wLength.w = 0U;
 1654              		.loc 1 306 5 is_stmt 1 view .LVU535
 306:Middlewares/ST/STM32_USB_Host_Library/Core/Src/usbh_ctlreq.c ****     phost->Control.setup.b.wLength.w = 0U;
 1655              		.loc 1 306 37 is_stmt 0 view .LVU536
 1656 001c 8382     		strh	r3, [r0, #20]	@ movhi
 307:Middlewares/ST/STM32_USB_Host_Library/Core/Src/usbh_ctlreq.c ****   }
 1657              		.loc 1 307 5 is_stmt 1 view .LVU537
 307:Middlewares/ST/STM32_USB_Host_Library/Core/Src/usbh_ctlreq.c ****   }
 1658              		.loc 1 307 38 is_stmt 0 view .LVU538
 1659 001e C382     		strh	r3, [r0, #22]	@ movhi
 1660 0020 F2E7     		b	.L109
 1661              		.cfi_endproc
 1662              	.LFE226:
 1664              		.section	.text.USBH_ClrFeature,"ax",%progbits
 1665              		.align	1
 1666              		.global	USBH_ClrFeature
 1667              		.syntax unified
 1668              		.thumb
 1669              		.thumb_func
 1671              	USBH_ClrFeature:
 1672              	.LVL145:
 1673              	.LFB227:
 323:Middlewares/ST/STM32_USB_Host_Library/Core/Src/usbh_ctlreq.c ****   if (phost->RequestState == CMD_SEND)
 1674              		.loc 1 323 1 is_stmt 1 view -0
 1675              		.cfi_startproc
 1676              		@ args = 0, pretend = 0, frame = 0
 1677              		@ frame_needed = 0, uses_anonymous_args = 0
 323:Middlewares/ST/STM32_USB_Host_Library/Core/Src/usbh_ctlreq.c ****   if (phost->RequestState == CMD_SEND)
 1678              		.loc 1 323 1 is_stmt 0 view .LVU540
 1679 0000 08B5     		push	{r3, lr}
 1680              		.cfi_def_cfa_offset 8
 1681              		.cfi_offset 3, -8
 1682              		.cfi_offset 14, -4
 324:Middlewares/ST/STM32_USB_Host_Library/Core/Src/usbh_ctlreq.c ****   {
 1683              		.loc 1 324 3 is_stmt 1 view .LVU541
 324:Middlewares/ST/STM32_USB_Host_Library/Core/Src/usbh_ctlreq.c ****   {
 1684              		.loc 1 324 12 is_stmt 0 view .LVU542
ARM GAS  /tmp/ccNwOiU6.s 			page 55


 1685 0002 8378     		ldrb	r3, [r0, #2]	@ zero_extendqisi2
 324:Middlewares/ST/STM32_USB_Host_Library/Core/Src/usbh_ctlreq.c ****   {
 1686              		.loc 1 324 6 view .LVU543
 1687 0004 012B     		cmp	r3, #1
 1688 0006 04D0     		beq	.L115
 1689              	.L113:
 334:Middlewares/ST/STM32_USB_Host_Library/Core/Src/usbh_ctlreq.c **** }
 1690              		.loc 1 334 3 is_stmt 1 view .LVU544
 334:Middlewares/ST/STM32_USB_Host_Library/Core/Src/usbh_ctlreq.c **** }
 1691              		.loc 1 334 10 is_stmt 0 view .LVU545
 1692 0008 0022     		movs	r2, #0
 1693 000a 1146     		mov	r1, r2
 1694              	.LVL146:
 334:Middlewares/ST/STM32_USB_Host_Library/Core/Src/usbh_ctlreq.c **** }
 1695              		.loc 1 334 10 view .LVU546
 1696 000c FFF7FEFF 		bl	USBH_CtlReq
 1697              	.LVL147:
 335:Middlewares/ST/STM32_USB_Host_Library/Core/Src/usbh_ctlreq.c **** 
 1698              		.loc 1 335 1 view .LVU547
 1699 0010 08BD     		pop	{r3, pc}
 1700              	.LVL148:
 1701              	.L115:
 326:Middlewares/ST/STM32_USB_Host_Library/Core/Src/usbh_ctlreq.c ****                                            | USB_REQ_TYPE_STANDARD;
 1702              		.loc 1 326 5 is_stmt 1 view .LVU548
 326:Middlewares/ST/STM32_USB_Host_Library/Core/Src/usbh_ctlreq.c ****                                            | USB_REQ_TYPE_STANDARD;
 1703              		.loc 1 326 42 is_stmt 0 view .LVU549
 1704 0012 0223     		movs	r3, #2
 1705 0014 0374     		strb	r3, [r0, #16]
 329:Middlewares/ST/STM32_USB_Host_Library/Core/Src/usbh_ctlreq.c ****     phost->Control.setup.b.wValue.w = FEATURE_SELECTOR_ENDPOINT;
 1706              		.loc 1 329 5 is_stmt 1 view .LVU550
 329:Middlewares/ST/STM32_USB_Host_Library/Core/Src/usbh_ctlreq.c ****     phost->Control.setup.b.wValue.w = FEATURE_SELECTOR_ENDPOINT;
 1707              		.loc 1 329 37 is_stmt 0 view .LVU551
 1708 0016 0123     		movs	r3, #1
 1709 0018 4374     		strb	r3, [r0, #17]
 330:Middlewares/ST/STM32_USB_Host_Library/Core/Src/usbh_ctlreq.c ****     phost->Control.setup.b.wIndex.w = ep_num;
 1710              		.loc 1 330 5 is_stmt 1 view .LVU552
 330:Middlewares/ST/STM32_USB_Host_Library/Core/Src/usbh_ctlreq.c ****     phost->Control.setup.b.wIndex.w = ep_num;
 1711              		.loc 1 330 37 is_stmt 0 view .LVU553
 1712 001a 0023     		movs	r3, #0
 1713 001c 4382     		strh	r3, [r0, #18]	@ movhi
 331:Middlewares/ST/STM32_USB_Host_Library/Core/Src/usbh_ctlreq.c ****     phost->Control.setup.b.wLength.w = 0U;
 1714              		.loc 1 331 5 is_stmt 1 view .LVU554
 331:Middlewares/ST/STM32_USB_Host_Library/Core/Src/usbh_ctlreq.c ****     phost->Control.setup.b.wLength.w = 0U;
 1715              		.loc 1 331 37 is_stmt 0 view .LVU555
 1716 001e 8182     		strh	r1, [r0, #20]	@ movhi
 332:Middlewares/ST/STM32_USB_Host_Library/Core/Src/usbh_ctlreq.c ****   }
 1717              		.loc 1 332 5 is_stmt 1 view .LVU556
 332:Middlewares/ST/STM32_USB_Host_Library/Core/Src/usbh_ctlreq.c ****   }
 1718              		.loc 1 332 38 is_stmt 0 view .LVU557
 1719 0020 C382     		strh	r3, [r0, #22]	@ movhi
 1720 0022 F1E7     		b	.L113
 1721              		.cfi_endproc
 1722              	.LFE227:
 1724              		.text
 1725              	.Letext0:
 1726              		.file 2 "/usr/lib/gcc/arm-none-eabi/13.2.1/include/stdint.h"
 1727              		.file 3 "Middlewares/ST/STM32_USB_Host_Library/Core/Inc/usbh_def.h"
ARM GAS  /tmp/ccNwOiU6.s 			page 56


 1728              		.file 4 "Middlewares/ST/STM32_USB_Host_Library/Core/Inc/usbh_pipes.h"
 1729              		.file 5 "Middlewares/ST/STM32_USB_Host_Library/Core/Inc/usbh_ioreq.h"
 1730              		.file 6 "Middlewares/ST/STM32_USB_Host_Library/Core/Inc/usbh_core.h"
ARM GAS  /tmp/ccNwOiU6.s 			page 57


DEFINED SYMBOLS
                            *ABS*:00000000 usbh_ctlreq.c
     /tmp/ccNwOiU6.s:21     .text.USBH_ParseDevDesc:00000000 $t
     /tmp/ccNwOiU6.s:26     .text.USBH_ParseDevDesc:00000000 USBH_ParseDevDesc
     /tmp/ccNwOiU6.s:116    .text.USBH_ParseInterfaceDesc:00000000 $t
     /tmp/ccNwOiU6.s:121    .text.USBH_ParseInterfaceDesc:00000000 USBH_ParseInterfaceDesc
     /tmp/ccNwOiU6.s:172    .text.USBH_ParseEPDesc:00000000 $t
     /tmp/ccNwOiU6.s:177    .text.USBH_ParseEPDesc:00000000 USBH_ParseEPDesc
     /tmp/ccNwOiU6.s:219    .text.USBH_ParseStringDesc:00000000 $t
     /tmp/ccNwOiU6.s:224    .text.USBH_ParseStringDesc:00000000 USBH_ParseStringDesc
     /tmp/ccNwOiU6.s:297    .text.USBH_HandleControl:00000000 $t
     /tmp/ccNwOiU6.s:302    .text.USBH_HandleControl:00000000 USBH_HandleControl
     /tmp/ccNwOiU6.s:331    .text.USBH_HandleControl:00000014 $d
     /tmp/ccNwOiU6.s:547    .text.USBH_HandleControl:000000e8 $d
     /tmp/ccNwOiU6.s:796    .text.USBH_GetNextDesc:00000000 $t
     /tmp/ccNwOiU6.s:802    .text.USBH_GetNextDesc:00000000 USBH_GetNextDesc
     /tmp/ccNwOiU6.s:832    .text.USBH_ParseCfgDesc:00000000 $t
     /tmp/ccNwOiU6.s:837    .text.USBH_ParseCfgDesc:00000000 USBH_ParseCfgDesc
     /tmp/ccNwOiU6.s:1051   .text.USBH_CtlReq:00000000 $t
     /tmp/ccNwOiU6.s:1057   .text.USBH_CtlReq:00000000 USBH_CtlReq
     /tmp/ccNwOiU6.s:1142   .text.USBH_GetDescriptor:00000000 $t
     /tmp/ccNwOiU6.s:1148   .text.USBH_GetDescriptor:00000000 USBH_GetDescriptor
     /tmp/ccNwOiU6.s:1219   .text.USBH_Get_DevDesc:00000000 $t
     /tmp/ccNwOiU6.s:1225   .text.USBH_Get_DevDesc:00000000 USBH_Get_DevDesc
     /tmp/ccNwOiU6.s:1286   .text.USBH_Get_CfgDesc:00000000 $t
     /tmp/ccNwOiU6.s:1292   .text.USBH_Get_CfgDesc:00000000 USBH_Get_CfgDesc
     /tmp/ccNwOiU6.s:1356   .text.USBH_Get_StringDesc:00000000 $t
     /tmp/ccNwOiU6.s:1362   .text.USBH_Get_StringDesc:00000000 USBH_Get_StringDesc
     /tmp/ccNwOiU6.s:1427   .text.USBH_SetAddress:00000000 $t
     /tmp/ccNwOiU6.s:1433   .text.USBH_SetAddress:00000000 USBH_SetAddress
     /tmp/ccNwOiU6.s:1486   .text.USBH_SetCfg:00000000 $t
     /tmp/ccNwOiU6.s:1492   .text.USBH_SetCfg:00000000 USBH_SetCfg
     /tmp/ccNwOiU6.s:1545   .text.USBH_SetInterface:00000000 $t
     /tmp/ccNwOiU6.s:1551   .text.USBH_SetInterface:00000000 USBH_SetInterface
     /tmp/ccNwOiU6.s:1606   .text.USBH_SetFeature:00000000 $t
     /tmp/ccNwOiU6.s:1612   .text.USBH_SetFeature:00000000 USBH_SetFeature
     /tmp/ccNwOiU6.s:1665   .text.USBH_ClrFeature:00000000 $t
     /tmp/ccNwOiU6.s:1671   .text.USBH_ClrFeature:00000000 USBH_ClrFeature
     /tmp/ccNwOiU6.s:342    .text.USBH_HandleControl:0000001f $d
     /tmp/ccNwOiU6.s:342    .text.USBH_HandleControl:00000020 $t
     /tmp/ccNwOiU6.s:552    .text.USBH_HandleControl:000000ed $d
     /tmp/ccNwOiU6.s:552    .text.USBH_HandleControl:000000ee $t
                           .group:00000000 wm4.0.a2c88c0e0e60094af2c84dce921779d2
                           .group:00000000 wm4._newlib_version.h.4.411db44ea2338a62eca2f0777f81481b
                           .group:00000000 wm4.newlib.h.27.c836a31b4651d2e2221512767dba946d
                           .group:00000000 wm4.ieeefp.h.77.5ad60f72ea25fc152400b550ac118212
                           .group:00000000 wm4.features.h.22.4e5514d51694f64cae235f84d9e565a5
                           .group:00000000 wm4.config.h.224.88344135d9de3e7ea139102cd6493448
                           .group:00000000 wm4._ansi.h.31.de524f58584151836e90d8620a16f8e8
                           .group:00000000 wm4.stdio.h.31.7c0e28c411445f3f9c5b11accf882760
                           .group:00000000 wm4._default_types.h.6.959254cf5f09734ea7516c89e8bb21bd
                           .group:00000000 wm4.stddef.h.185.cbb642e1ccd385e8aa504b15cb7fb086
                           .group:00000000 wm4.cdefs.h.49.70fc7af612f78ddcace70fdd90b5623b
                           .group:00000000 wm4.stddef.h.39.6817658cc6bc4c7c8354d2009e4a5777
                           .group:00000000 wm4.stdarg.h.34.3a23a216c0c293b3d2ea2e89281481e6
                           .group:00000000 wm4._types.h.20.dd0d04dca3800a0d2a6129b87f3adbb2
                           .group:00000000 wm4.stddef.h.158.6f8e08a347b1cff664332fa350bfceb3
ARM GAS  /tmp/ccNwOiU6.s 			page 58


                           .group:00000000 wm4._types.h.127.3bdfe3ff8ea2d0985b03d9cbe93480e3
                           .group:00000000 wm4.reent.h.18.25503cdc8b7e55dd0d6ea7b3e5af7a03
                           .group:00000000 wm4.lock.h.2.c0958401bd0ce484d507ee19aacab817
                           .group:00000000 wm4.reent.h.78.ffae6115d9409cbff6542f042d93715e
                           .group:00000000 wm4.assert.h.11.db24e541f16414db224bf986d21017e2
                           .group:00000000 wm4.reent.h.460.dc5a3362e34409fa841b38093e890350
                           .group:00000000 wm4.stdio.h.67.0cf8a9c281ab0b348aef5c02e7e48825
                           .group:00000000 wm4.stdio.h.2.4aa87247282eca6c8f36f9de33d8df1a
                           .group:00000000 wm4.stdio.h.87.408e5d973372126daeef099c555b2753
                           .group:00000000 wm4.stdlib.h.13.4ed386f5c1a80d71e72172885d946ef2
                           .group:00000000 wm4.stddef.h.158.eec8bf00b5213f43d095cb984c5f22e3
                           .group:00000000 wm4.alloca.h.8.dfc0c703c47ec3e69746825b17d9e66d
                           .group:00000000 wm4.stdlib.h.56.f4862cfbf4363a1db01842d5bdf72c18
                           .group:00000000 wm4.string.h.8.c4b8571ce60dff2817f43fec8b86aecd
                           .group:00000000 wm4.stm32f4xx_hal_conf.h.25.758a9f5dc6450f8647b5af7fe8eb27ed
                           .group:00000000 wm4.stm32f4xx.h.39.163e65267b4f964a08764289722b975f
                           .group:00000000 wm4.stm32f401xc.h.35.52d05665f5a2df9c1992e17eee7d2af5
                           .group:00000000 wm4.stdint.h.29.6d480f4ba0f60596e88234283d42444f
                           .group:00000000 wm4.cmsis_version.h.32.4d5822004c01a829a975260e854b5f8e
                           .group:00000000 wm4.core_cm4.h.66.e4ff136c4a17abc46741866f64f8e729
                           .group:00000000 wm4.cmsis_gcc.h.26.6774fe91202d65f4d5ffcff60e00da34
                           .group:00000000 wm4.core_cm4.h.174.059a5e001a9e729091d1407208e93224
                           .group:00000000 wm4.mpu_armv7.h.32.27b4593cb2f8d3152ca5d97a9d72b321
                           .group:00000000 wm4.stm32f401xc.h.636.9a664cc173dbe5d5f2dac1e758e3577d
                           .group:00000000 wm4.stm32f4xx.h.196.0b21137cf6c6923d8fd1f4d94a3bfdd4
                           .group:00000000 wm4.stm32_hal_legacy.h.23.e2601123cf1b2a3b6d11d949644ddf87
                           .group:00000000 wm4.stm32f4xx_hal_def.h.58.54897f0de68447ab41a176b2bea62238
                           .group:00000000 wm4.stm32f4xx_hal_rcc_ex.h.22.3f3b596cc307dc701c7c99b0fc6c9b58
                           .group:00000000 wm4.stm32f4xx_hal_rcc.h.108.b82c8c670b41d96b2920e2f63661be15
                           .group:00000000 wm4.stm32f4xx_hal_gpio.h.22.e47df9f0f5be4ddc2ed2d14042c5e680
                           .group:00000000 wm4.stm32f4xx_hal_gpio_ex.h.22.5014ee010492a350679453c3b4a59718
                           .group:00000000 wm4.stm32f4xx_hal_gpio.h.255.5b948d47ad1357d6d2213e5e5ca4755c
                           .group:00000000 wm4.stm32f4xx_hal_exti.h.22.1f47767199c5bf749c04088e5c61c9c8
                           .group:00000000 wm4.stm32f4xx_hal_dma.h.22.fffce20ac9119c50557659c75e75ab1c
                           .group:00000000 wm4.stm32f4xx_hal_dma.h.721.a1e57ffbc615f926e6509c5acc65e492
                           .group:00000000 wm4.stm32f4xx_hal_cortex.h.22.e6aa3b847b5388be63c32d1f9e696ef7
                           .group:00000000 wm4.stm32f4xx_ll_adc.h.22.a8e07f8509bbb4868e2c24461c7eee47
                           .group:00000000 wm4.stm32f4xx_hal_adc.h.160.ef18931a059b62efbac7762c6a09e47f
                           .group:00000000 wm4.stm32f4xx_hal_adc_ex.h.22.25ddc09ef7109b33adae2990f50c4304
                           .group:00000000 wm4.stm32f4xx_hal_adc.h.640.733b38c420d3407eb5f8ddd98816c661
                           .group:00000000 wm4.stm32f4xx_hal_flash.h.22.31b301be2655c3eb8583e51c8231544a
                           .group:00000000 wm4.stm32f4xx_hal_flash_ex.h.22.00cb5cb208d28a1f20f3b257a6f51bad
                           .group:00000000 wm4.stm32f4xx_hal_flash.h.363.51efdf0f6c88f683efb89d7cc95cc1be
                           .group:00000000 wm4.stm32f4xx_hal_pwr.h.22.2c27d93ae187efe3a73816f03a329970
                           .group:00000000 wm4.stm32f4xx_hal_pwr_ex.h.22.04eb3957e13ca6e5ed8952d2d168bdc0
                           .group:00000000 wm4.stm32f4xx_hal_pwr.h.337.60b43975c84527a23cb6994b23165a5e
                           .group:00000000 wm4.stm32f4xx_hal_uart.h.22.591b491756a19342b0bf79eea5b33e1b
                           .group:00000000 wm4.stm32f4xx_ll_usb.h.22.3497d8ac31b2bdafc7c2a34d860c4769
                           .group:00000000 wm4.stm32f4xx_hal_hcd.h.111.a51c3bd0d61d2d8cadb372f7c7d9eccb
                           .group:00000000 wm4.stm32f4xx_hal.h.72.a5a58188aa461a0614f1e58e159c7840
                           .group:00000000 wm4.main.h.71.bc0cb02e68a9e5487bd44975fd1506af
                           .group:00000000 wm4.usbh_conf.h.65.151c65329cc7c235ce65de2a3390581e
                           .group:00000000 wm4.usbh_def.h.22.880def0f14ab205d26992d2a2bb1bab8
                           .group:00000000 wm4.usbh_ioreq.h.50.0074542f2717bb439abbb8fd98a9701e
                           .group:00000000 wm4.usbh_core.h.55.ae1dc9825935c4c49bf309379b79900a
                           .group:00000000 wm4.usbh_ctlreq.h.49.873f6637df6cca1a3a8e3388ccf215e8

ARM GAS  /tmp/ccNwOiU6.s 			page 59


UNDEFINED SYMBOLS
USBH_CtlSendSetup
USBH_LL_GetURBState
USBH_CtlReceiveData
USBH_CtlSendData
USBH_FreePipe
