:020000040800F2
:1000000078BF0020AD020008DD5700084555000804
:10001000D9570008351D0008A78900080000000016
:10002000000000000000000000000000F35700087E
:10003000B51E000800000000F1570008F557000841
:10004000C7020008C7020008C7020008C70200086C
:10005000C7020008C7020008B91E0008C31E000836
:10006000C7020008C7020008CD1E0008C70200082A
:10007000C7020008C7020008C7020008C70200083C
:10008000C7020008C7020008C702000800000000FD
:10009000000000000000000000000000D71E000863
:1000A000C70200083958000811580008C7020008A4
:1000B000C7020008C7020008C7020008C7020008FC
:1000C000C7020008C7020008C7020008C7020008EC
:1000D000C7020008C7020008C702000800000000AD
:1000E000C7020008C7020008C7020008000000009D
:1000F000000000000000000000000000C70200082F
:1001000000000000C7020008C7020008C70200087C
:1001100000000000000000000000000000000000DF
:10012000391D0008C7020008C7020008C7020008FE
:10013000C7020008000000000000000000000000EE
:10014000000000000000000000000000E15700086F
:10015000C7020008C7020008C7020008C70200085B
:10016000C7020008C70200080000000000000000ED
:10017000000000000000000000000000000000007F
:1001800000000000C702000800000000000000009E
:10019000C702000800F002F800F079F80AA090E821
:1001A000000C82448344AAF10107DA4501D100F032
:1001B0006EF8AFF2090EBAE80F0013F0010F18BF86
:1001C000FB1A43F00103184790BA0100B0BA0100CE
:1001D0000A444FF0000C10F8013B13F0070408BF6D
:1001E00010F8014B1D1108BF10F8015B641E05D00B
:1001F00010F8016B641E01F8016BF9D113F0080FC0
:100200001EBF10F8014BAD1C0C1B09D16D1E58BF51
:1002100001F801CBFAD505E014F8016B01F8016B88
:100220006D1EF9D59142D6D37047000000230024FB
:1002300000250026103A28BF78C1FBD8520728BFF6
:1002400030C148BF0B607047662919F06983642983
:1002500000F0A481752900F0A181782900F0DA81ED
:10026000732900F0F086002070471FB519F053FB8A
:100270009DE8030000F012FC00F000FF04000020E5
:10028000002119F0FDF8E0601FBD10B510BD01F0B0
:1002900012F81146FFF7E9FF18F04AFD01F030F8B7
:1002A00003B4FFF7F2FF03BC15F0E9FF09488047EC
:1002B00009480047FEE7FEE7FEE7FEE7FEE7FEE748
:1002C000FEE7FEE7FEE7FEE704480549054A064B60
:1002D00070470000FD57000895010008789700203E
:1002E00078BF002078B7002078B70020704770B53D
:1002F000064600F0B7FB056806F10B0020F0070486
:10030000B4429CBF002070BD2B466A68BAB1106829
:10031000A04210D304F1080188423CBF50685860E5
:1003200007D35168101941601168091B01605860BA
:100330001460101D70BD13465268002AE7D1214693
:10034000284600F097FB0028DED170BD70B504464A
:10035000051F00F087FB0068002C14BF446870BDC7
:10036000002C18BFAC423CBF20466468F8D301683B
:100370000A18AA4218BF456003D12A6805461144ED
:10038000016028684119A1421CBF6C6070BD6168A2
:10039000696021680844286070BD53EA020C00F0CF
:1003A00069802DE9F04B4FF00006002B1FBFB3FA18
:1003B00083F503FA05F424FA05F65E4012BF1643EE
:1003C000B2FA82F502FA05F4C5F120051EBF22FA41
:1003D00005FC44EA0C04203556EA044C4FEA144468
:1003E00018BF641C4FF000084FF00009904271EBF9
:1003F000030C39D3002919BFB1FA81F701FA07F6C6
:10040000B0FA80F700FA07F6C7F120071EBF20FAFE
:1004100007FC46EA0C062037B6FBF4FCA7EB050701
:10042000103F07F01F0BCBF120060CFA0BFB2CFA48
:1004300006F644BFB3460026202FA4BF5E464FF009
:10044000000B5BEA060C08BF4FF0010B19EB0B0920
:10045000ABFB027C48EB0608C01B06FB02CC0BFB87
:1004600003CC71EB0C01C1E70B46024641464846FE
:10047000BDE8F08B13B54FF000004FF00001AFF373
:100480000080BDE81C4070470FB4044910B503AAB2
:10049000029800F0DDFD10BC5DF814FB2800002080
:1004A0000FB41CB5074B06AA7B446946009005981B
:1004B00000F097FD0020694600F0A6FD1CBC5DF829
:1004C00014FB00005D0B00000FB41CB50C0007AA64
:1004D000009001D02044401E074B7B4469460190A8
:1004E000069800F07EFD002C03D06946002000F045
:1004F0008BFD1CBC5DF814FB350B000070B5044689
:1005000085690068C10601D5302600E02026C007B5
:1005100007D070BDD4E9012130469047206A401CC5
:1005200020626D1EF6D570BD70B5044685690078F1
:10053000C00707D170BDD4E9012120209047206A6F
:10054000401C20626D1EF6D570BD70B50C46054688
:10055000012A05D02878800600D5EA69002302E048
:10056000012305E05B1C934202D2E05C0028F9D134
:10057000A869E618C01AA861286A184428622846A3
:10058000FFF7BCFF04E0D5E9012114F8010B904707
:10059000B442F8D32846FFF7C7FF70BD2DE9F041FC
:1005A0000646002410687529314616A510D0AFF311
:1005B0000080002802DA404213A507E031688A076C
:1005C00001D512A502E0490704D511A5012401E0D7
:1005D000AFF3008000210A2206F1240709E0B0FBF6
:1005E000F2FCB0FBF2F302FB1C00303078541846EA
:1005F000491C0028F3D123462A463046BDE8F04185
:1006000000F082BA000000002D0000002B00000066
:100610002000000070B504460D4621461068AFF377
:1006200000802188090502D50F4A7A4402E00E4A6B
:100630007A440E32002104F1240305E000F00F0695
:100640000009965D5E54491C0028F7D120780023EC
:10065000000704D5702D02D009B1022311322046C3
:10066000BDE8704000F050BA56B501002DE9F05FCA
:10067000894604464FF0000ADFF874B1FB44C0F825
:1006800020A02046E1688847002874D0252806D09D
:10069000D4E901219047206A401C2062F1E700263E
:1006A0005F462046E16888472028054607DB312D54
:1006B00005D2781910F8200C08B10643F1E7B0070D
:1006C00001D526F00406C4F81CA00027C4F818A021
:1006D0002A2D09D0284615F0CBFD38B304EB870846
:1006E000303DC8F8185019E059F8041B204604EBB7
:1006F00087029161E1688847012F054618D1E069BA
:10070000002820DA26F020061DE0D8F8180000EBBB
:10071000800005EB40003038C8F818002046E1683A
:100720008847054615F0A4FD0028EED1012F0AD018
:100730002E2D08D12046E16888477F1C0546022FF0
:1007400046F02006C4DBA069002803DA404246F0E8
:100750000106A061F00701D026F010066C2D0BD029
:10076000682D09D04C2D39D06A2D35D0742D35D057
:100770007A2D33D016E038E0E1682F4620468847CE
:10078000B842054609D16C2F26D04FF48060E1684D
:10079000064320468847054604E06C2F1AD04FF4E4
:1007A000807006430DB3A5F14100192802D8203509
:1007B00046F400664A462946204626604E46FFF724
:1007C00043FD80B101280BD0F61D26F0070000F193
:1007D000080956E74020E4E78020D8E70020D6E764
:1007E00006F104094DE7284652E7206ABDE8F09F6C
:1007F0002CB5010010B5431C02E010F8011B71B1CB
:100800008107FAD14FF0013202C88C1A8C4314EAE6
:10081000C211F9D0C01A0A0603D0C01E10BDC01AFA
:1008200010BD0A0401D0801E10BD0902FCD0401E7C
:1008300010BD421E12F8013F002BFBD111F8013B05
:10084000002B02F8013BF9D17047032A40F23080B7
:1008500010F0030C00F0158011F8013BBCF1020F01
:10086000624498BF11F801CB00F8013B38BF11F882
:10087000013BA2F1040298BF00F801CB38BF00F899
:10088000013B11F0030300F02580083AC0F0088016
:1008900051F8043B083A51F804CBA0E80810F5E7FA
:1008A000121D5CBF51F8043B40F8043BAFF30080DD
:1008B000D20724BF11F8013B11F801CB48BF11F852
:1008C000012B24BF00F8013B00F801CB48BF00F822
:1008D000012B704710B5203AC0F00B80B1E81850DA
:1008E000203AA0E81850B1E81850A0E81850BFF41A
:1008F000F5AF5FEA027C24BFB1E81850A0E81850B9
:1009000044BF18C918C0BDE810405FEA827C24BF0C
:1009100051F8043B40F8043B08BF7047D20728BF9A
:1009200031F8023B48BF11F8012B28BF20F8023BE9
:1009300048BF00F8012B704702F0FF0343EA03228F
:1009400042EA024200F002B84FF000020429C0F06F
:10095000128010F0030C00F01B80CCF1040CBCF1F1
:10096000020F18BF00F8012BA8BF20F8022BA1EB43
:100970000C0100F00DB85FEAC17C24BF00F8012B28
:1009800000F8012B48BF00F8012B70474FF0000220
:1009900000B5134694469646203922BFA0E80C5075
:1009A000A0E80C50B1F12001BFF4F7AF090728BF50
:1009B000A0E80C5048BF0CC05DF804EB890028BFCC
:1009C00040F8042B08BF704748BF20F8022B11F0F5
:1009D000804F18BF00F8012B704700004FF0013C1A
:1009E00050F8042B51F8043B9A4221D1A2EB0C039E
:1009F000934313EACC1317D150F8042B51F8043B5E
:100A00009A4215D1A2EB0C03934313EACC130BD1FA
:100A100050F8042B51F8043B9A4209D1A2EB0C0385
:100A2000934313EACC13DBD04FF00000704700BFB4
:100A3000D01A01BAB1FA81F101F0180122FA01F0DD
:100A4000CB40C1F12001DBB2C0B2C01A2CFA01F3D5
:100A5000D11A914311EAC311E6D17047704770472C
:100A600070470000004870471C970020704770478F
:100A70007047704738B504460A4600206946AFF310
:100A80000080002808BF38BD02460099204600F0CB
:100A9000F9FA012038BD012000F006BCF8B5AFF32B
:100AA0000080054600200C46102000BF0646A8190D
:100AB000A0420DD9324669460020AFF300800700FE
:100AC00008BF00F0F1FB0098A04218BF0546C4190A
:100AD000FFF7C8FF05600746F01D20F00700461924
:100AE000284600F00AF8B44208BFF8BDA21B314600
:100AF0003868BDE8F84000F0C5BA00210160C0E9DF
:100B000001107047102070472DE9F0470D469946B7
:100B10009246044600F124080168880604D5E0697D
:100B200021F01001216000E00120A84201DD471BF7
:100B300000E00027A1697A1902EB0900081AA061F8
:100B40002078C00602D42046FFF7D8FC002608E033
:100B5000D4E901211AF806009047206A401C761C4F
:100B600020624E45F4DB2078C0060AD52046FFF708
:100B7000C5FC06E0D4E9012130209047206A401CE2
:100B80002062381EA7F10107F4DC07E0D4E9012157
:100B900018F805009047206A401C2062281EA5F125
:100BA0000105F3DC2046FFF7BFFC2078000602D5E4
:100BB0000220BDE8F0870120FBE770472DE9FF4FD9
:100BC0000C461E464FF0FF378BB0D2E90001DDF82E
:100BD00060800A908A46C1F30A5505B93D46002156
:100BE00008464FF00000BAF1000F00F4400005DAAB
:100BF00000EB80004FF4400101EA50004FEA9059A9
:100C0000B9F1010F00DDB9460A9850EA4A000ED04A
:100C100044F61050A5F2FF3545432F14B8F1000FEC
:100C20001ED07542291E1EDDC9F100021CE0B8F17C
:100C3000010F4FF0000001D0302103E0F24305E046
:100C40002154401CB042FBDB3046002200212154DD
:100C50000B99C1F80880C1E900200FB0BDE8F08F02
:100C6000BD1B6D1CDEE74A4600DA694206A800F0AB
:100C7000A9FA06AB93E8070003AB83E807005046E8
:100C80000A9900F08CFB8DE80700A0F500501F3892
:100C900000900398002D0ADD42F21F014A460844E5
:100CA000002303A90390684600F0F5FD09E0A0F5D4
:100CB00000504A461F38002303A90390684600F0FD
:100CC000FFFD8DE807000004000C03D04FF0FF305B
:100CD000410800E01046B8F1000F03D00022009256
:100CE00015461EE0751E05D400F0E6F93032625557
:100CF0006D1EF9D5B3460122084302D000227F1CA5
:100D000004E02078302801D100227F1E002A0997B4
:100D100084D01DE0112D07DA00F0CEF93032625593
:100D20006D1C50EA0102F5D1084302D00098C8B109
:100D30000EE00021681E05E0235C625C63542254CF
:100D4000401E491C8142F7DBAB46A81B401E0990A0
:100D5000002004F80B000B98099AC0F80880C0E93D
:100D6000002B7AE711264FF0000857E72DE9F04FE6
:100D700088460446D21D22F0070191B0D1E9000156
:100D8000CDE90A0115F040FA02460B98C00F01D0D8
:100D90002D2007E02068810701D52B2002E02021CB
:100DA00001EAC000032A099001D0072A05DB0346A7
:100DB0004146204600F0C6F90BE12078800601D5B7
:100DC000E06900E00620B8F1650F814606D0B8F171
:100DD000660F18D0B8F1670F70D131E00020B9F17B
:100DE000110F009001DB112301E009F101030AAAB0
:100DF00001A90CA8FFF7E2FEDDE90C70002609F15D
:100E00000105834647E001204B4600904FF0004724
:100E10000AAA01A90CA8FFF7D1FEDDE90DB00C99D3
:100E20005D46002610B909F101000D18B9EB050067
:100E300003D4C0F1FF3609F10105A5EB09002BE051
:100E4000B9F1010F01DA4FF001090020B9F1110FDA
:100E50000090484601DD112300E003460AAA01A9DB
:100E60000CA8FFF7ABFEDDE90C704D46002683466B
:100E7000207800070AD4AB4500DA5D4601A8012DB1
:100E800004DD411911F8011C302907D04F4502DA61
:100E900017F1040F04DA012082460FE06D1EEEE721
:100EA000002F02DCED1B3E4403E0781CA84200DD6D
:100EB0007D1CB81B00F1010A4FF0004720780007A5
:100EC00003D4AA4501DB4FF0FF3A0021B7F1004FF0
:100ED0000DF143088DF8431024D002202B23002F5E
:100EE00001DA7F422D230A21021EA0F1010000DC5D
:100EF0005FB197FBF1FC97FBF1F201FB1C7C1746FD
:100F00000CF1300C08F801CDEEE7A8F101000370F8
:100F10002188090501D5452100E06521A0F10108DE
:100F200000F8011C09980FA9A1EB0807FF1D00B1EB
:100F30000120411901EBEA70A1693844081A401EEA
:100F4000A0612078C00602D42046FFF7D7FA09989E
:100F500028B1D4E901219047206A401C2062207802
:100F6000C00622D52046FFF7C9FA1EE0002E04DB9A
:100F7000B34502DD01A8805D00E03020D4E9012105
:100F80009047206A401C2062761CAAF101005FEAAB
:100F9000000A0AD100F072F8C0680168405CD4E928
:100FA00001219047206A401C2062281EA5F10105FE
:100FB000DCDC07E0D4E9012118F8010B9047206A36
:100FC000401C2062381EA7F10107F3DC2046FFF722
:100FD000ABFA032011B041E601694A1C02610878AE
:100FE000704700B58FB0CDE9013100210591054969
:100FF0007944CDE9031011466846FFF737FB0FB07F
:1010000000BD0000E5FFFFFF0A6802F8010B0A605F
:101010007047D1E900239A4202D2531C0B60107032
:10102000704710B5436913B1AFF3008001E0FFF7DB
:101030008CFA012010BD127800F124010A70002200
:101040004A700122EDE711684FF0FF32E9E7000036
:10105000074B70B50D467B44FFF7C3FF0446284697
:1010600016F0A1FE10B14FF0FF3070BD204670BDEC
:101070003175010000487047149700200048704700
:1010800034970020034640688C46002818BF8842E9
:101090003CBF03464068F8D318681844884207D01C
:1010A0000CF1030020F00700001D411A521A0146FE
:1010B000081D0A60FFF74AB930B5B0F10A024FEADD
:1010C000900E71F100034EEA817EB0EB0E0061EBF1
:1010D00091014FEA101E4EEA017E10EB0E0041EB2B
:1010E00011114FEA102E4EEA016E10EB0E0041EB8B
:1010F00011214FEA104E4EEA014E10EB0E0041EB6B
:101100001141401841F100014FEAD00040EA41701E
:101110004FEAD10110EB80054FEA810444EA907454
:1011200044EB01046D1944EB0404521BA3414FF03E
:10113000000348BF0A3200D530BD401C41F1000118
:1011400030BD00002DE9F0411F460446032601682A
:10115000072A01F4006004DB08B116A505E016A516
:1011600003E008B115A500E015A521F010002060EE
:10117000A069C01EA0610FB1401EA0612046FFF70C
:10118000BDF94FB1D4E9012138469047206A401C8F
:101190002062C01C206206E0206AFAE7D4E901213F
:1011A00015F8010B9047761EF8D22046FFF7BCF9E0
:1011B000BDE8F0814E414E006E616E00494E460022
:1011C000696E66002DE9F047814616468AB03548BB
:1011D00078440DC88DE80D0032487844801C03AC7B
:1011E0000DC884E80D0041F69B300844372190FB80
:1011F000F1F290FBF1F5A5F1800501FB12041B3C17
:1012000002D56442012000E00020DFF898A080466B
:101210000027FA44AAF1BE0A0EE0E0070AD03246DF
:10122000684607EB470101230AEB810100F048FB08
:101230008DE8070064107F1C002CEED1194F7F440D
:10124000AE3F19E0E80715D007EB04100DF1180ABE
:1012500090E80E008AE80E00C068F04201D19819AB
:1012600008903246012306A903A800F029FB03AB2E
:1012700083E807006D10641C002DE3D14FF00103DB
:1012800032466946B8F1000F03A802D000F003FB14
:1012900001E000F015FBC9E90001C9F808200AB017
:1012A000BDE8F08768AA010010B500F037F8BDE886
:1012B000104000F02EB87546FFF7DCFEAE46050084
:1012C0006946534620F00700854618B020B5FEF762
:1012D000FBFFBDE820404FF000064FF000074FF045
:1012E00000084FF0000B21F00701AC46ACE8C00944
:1012F000ACE8C009ACE8C009ACE8C0098D4670474D
:1013000010B50446AFF300802046BDE81040FEF75C
:10131000C7BF002801D014F0B2BF704710B5012834
:1013200005D0002103A000F021F8012010BD09A183
:10133000F8E7000053494752544D454D3A204F7548
:1013400074206F662068656170206D656D6F7279BD
:10135000000000003A2048656170206D656D6F7275
:101360007920636F727275707465640070B505469C
:101370000C460A2000E06D1C14F084FF35B128787B
:101380000028F8D102E0641C14F07CFF14B120782E
:101390000028F8D1BDE870400A2014F073BF5FEA5E
:1013A000400C08BF91F0000F4FEA8C234FEAC12296
:1013B00043EA51514FEA1C5018BF00F5F0404FEA84
:1013C000300018BF41F000415FEA6C5C00F02980FA
:1013D000BCF1FF3F08BF40F080407047130C06BFD0
:1013E00012044FF0100C4FF0000C130E04BF120249
:1013F0000CF1080C130F04BF12010CF1040C930F35
:1014000004BF92000CF1020CD30F04BF52000CF188
:10141000010C11464FF00002A0F11F00A0EB0C00E0
:10142000704711F0004F08BF704731F000413FF4A2
:10143000D5AF0B0C06BF09044FF0100C4FF0000C99
:101440000B0E04BF09020CF1080C0B0F04BF0901BD
:101450000CF1040C8B0F04BF89000CF1020CCB0FB4
:1014600004BF49000CF1010CCCF12003A0EB0C00EF
:1014700022FA03F302FA0CF241EA030100F101003F
:10148000704720F07F4C80EA030023F07F47ACEBED
:10149000070303F57C5300F0004003F1FF032DE93F
:1014A00080494FEA154B09B44FEA144325EA0B4E25
:1014B00024EA03480FF2042606EB132749083E7876
:1014C0005FEA320203FB0667C7F5000707FB06F673
:1014D0004FEA54374FEAD64606F1020607FB066C80
:1014E000CCF1005C4FEA1C472CEA074C07FB06F4E2
:1014F0000CFB06F504EB15464FEA961634BF0020A8
:101500004FF000404FEAD13706FB07FC4FEA1C4C76
:101510000CFB0BF7D21B03FB0CF761EB07010CFB79
:101520000EF7B0EB074072EB17420CFB08F734BF25
:10153000A2EB0742B2EB074261EB17414FEA0C44C2
:101540004FEA910706FB07FC4FEA1C4C0CFB0BF71C
:10155000B0EBC74072EB573203FB0CF734BFA2EB82
:10156000C742B2EBC74261EB57310CFB0EF7B0EB51
:10157000C70072EB57720CFB08F734BFA2EBC7022F
:10158000B2EBC70261EB5771039F4FEA816141EAF9
:10159000921104EBCC044FEAD1374FEA826206FB8A
:1015A00007FC42EA90124FEA80604FEA1C4C0CFBA9
:1015B0000BF7D21B03FB0CF761EB07010CFB0EF7DB
:1015C000B0EB074072EB17420CFB08F734BFA2EBFD
:1015D0000742B2EB074261EB17414FEA8C554FEAE5
:1015E000910704EB9C2406FB07FC4FEA1C4C0CFB08
:1015F0000BF7B0EBC74072EB573203FB0CF734BF6D
:10160000A2EBC742B2EBC74261EB57310CFB0EF7BE
:10161000B0EBC70072EB57720CFB08F734BFA2EBBC
:10162000C702B2EBC70261EB577115EB4C254FEACD
:10163000816141EA92114FEA82624FEAD13742EA70
:10164000901206FB07FC44F100044FEA80604FEA69
:101650001C4C0CFB0BF7D21B03FB0CF761EB0701D7
:101660000CFB0EF7B0EB074072EB17420CFB08F7D0
:1016700034BFA2EB0742B2EB074261EB174115EB17
:101680001C154FEA813141EA92414FEA823242EA27
:1016900090424FEA80304FEA0C7644F1000448EA69
:1016A00003434EEA0B484FF0000EB2EB080C71EB0F
:1016B000030724BF624639464EEB0E0E4FF0000B77
:1016C0000018524149414BEB0B0BB2EB080C71EB8C
:1016D00003077BF1000B24BF624639464EEB0E0E2A
:1016E0004FF0000B0018524149414BEB0B0BB2EB92
:1016F000080C71EB03077BF1000B24BF62463946EF
:101700004EEB0E0E51EA020718BF46F0010616EB2B
:101710000E7655F1000254F1000103D5BDE88901B0
:10172000BDE80088BDE88901BDE80048B61952410E
:1017300041EB0101A3F10103704780807F7E7D7C36
:101740007B7A7978777676757473727171706F6E53
:101750006E6D6C6C6B6A6A696868676666656464FE
:10176000636362616160605F5F5E5E5D5D5C5C5B88
:101770005B5A5A59595858575756565555555454F7
:10178000535352525251515050504F4F4F4E4E4D55
:101790004D4D4C4C4C4B4B4B4A4A4A4949494848A1
:1017A00048474747474646464545454444444443E1
:1017B00043434342424242414141002B9C4630D484
:1017C00077002BD01CB54FEA370703B44FF0100059
:1017D0004FF01001BAF1000F06D0BCF1000FDCBFD2
:1017E00040F0080040F008014FF000000FBCBDE8D9
:1017F00010400BF1010BBBF1010F08BF5FEA1707A7
:1018000022BF12F1010211F101014FF0004143F139
:10181000000300F0004043EA00007047F9D3570886
:10182000D0E746EA064613F1400F4FEA16461FDDA1
:1018300013F1200FDFBF16430A46002120335B421D
:10184000BED0C3F1200746EA064602FA07F74FEA80
:10185000164646EA0706C3F1200722FA03F201FA08
:1018600007F721FA03F14FF0000342EA0702A7E766
:1018700046EA020646EA06464FEA164646EA0106E8
:10188000BCBF46EA0646360C4FF000034FF000029C
:101890004FF0000194E72DE9804C9A46934670B4CE
:1018A00091E8380007C831EA400C48BF34EA430CDD
:1018B00003D5FFF7E6FDFFF780FFF0BCBDE8008C25
:1018C0002DE9804C9A46934670B491E8380007C8D9
:1018D00010F0804F08BF13F0804F03D100F005F8DF
:1018E000FFF76BFFF0BCBDE8008C20F07F4780EA7B
:1018F000030023F07F4C07EB0C03A3F57C5300F0AF
:101900000040A3F1FE0392F0000F00F0B38095F0C9
:10191000000F00F077802DE901494FEA11404FEAAE
:10192000144621EA004800FB06FC24EA064708FBAF
:1019300006F607FB08F800FB07F718EB06484CEB28
:10194000164C4FEA124B18EB07484FEA15464CEB82
:10195000174022EA0B4E0BFB06FC25EA06470EFB5E
:1019600006F607FB0EFE0BFB07F71EEB064E4CEBD5
:10197000164C4FF000061EEB074E4CEB174B18EBC6
:101980000B0840F1000018EB0E0B58EB000840F17B
:1019900000008F1A4FF000013CBFC943661B14BF03
:1019A000B5EB040C00213CBFC943F61B4FEA1744BA
:1019B0004EEA8E0E27EA04454FEA1C4704FB0762F5
:1019C0002CEA074C05FB07F70CFB05F604FB0CFCA7
:1019D00016EB074642EB174216EB0C4642EB1C4255
:1019E0001BEB060658EB0202414146EA9E0601D572
:1019F000BDE80189B619524141EB0101A3F1010390
:101A0000BDE801894FEA14454FEA114724EA05462B
:101A100021EA074C05FB07F406FB07F70CFB06F170
:101A200005FB0CFC11EB074144EB17444FEA12474E
:101A300011EB0C4144EB1C4422EA074C05FB07F276
:101A400006FB07F70CFB06F605FB0CFC16EB07463E
:101A500042EB174216EB0C4642EB1C456A1854F158
:101A6000000148BF7047B619524141EB0101A3F193
:101A70000103704795F0000F37D04FEA11424FEA4B
:101A8000144721EA024624EA074C02FB07F106FB51
:101A900007F70CFB06F402FB0CFC14EB074441EBCC
:101AA00017414FEA154714EB0C4441EB1C4125EA62
:101AB000074C02FB07F506FB07F70CFB06F602FBDB
:101AC0000CFC16EB074645EB174516EB0C4645EBB1
:101AD0001C42121951F1000148BF7047B61952411A
:101AE00041EB0101A3F1010370474FEA14454FEAAE
:101AF000114724EA054621EA074C05FB07F106FBDE
:101B000007F70CFB06F24FF0000605FB0CFC12EB8E
:101B1000074241EB174112EB0C4251EB1C4148BF0D
:101B20007047921841EB0101A3F10103704770B5B2
:101B30000546AC6B206C00F0500050BB206C40F4AC
:101B4000007020642068806800F04050E8B9207E72
:101B5000D8B92068C06A00F4700020B1206880689D
:101B600000F4806088B92068406820F02000216877
:101B70004860206C20F480702064206C00F4805059
:101B800018B9206C40F001002064204600F0F6FBFC
:101B90000BE0206C00F0100018B1204600F012FCA1
:101BA00003E0A06BC16C2846884770BD70B5054640
:101BB000AC6B40202064606C40F004006064204600
:101BC00000F000FC70BD70B50446A56B284600F01F
:101BD000D6FB70BD55494A6822F440324A604A68D3
:101BE00043681A434A600268526822F480720368AC
:101BF0005A6002685368026943EA022203685A6025
:101C00000268526822F0407203685A6002685268A3
:101C100083681A4303685A600268926822F400627B
:101C200003689A6002689268C3681A4303689A60FE
:101C30003F4B826A9A4218D00268926822F0706222
:101C400003689A6002689268836A1A4303689A601C
:101C50000268926822F0405203689A6002689268B3
:101C6000C36A1A4303689A600BE00268926822F024
:101C7000706203689A600268926822F040520368BA
:101C80009A600268926822F0020203689A60026811
:101C90009368027E43EA420203689A602022125C43
:101CA000A2B10268526842F4006203685A60026896
:101CB000526822F4604203685A6002685368426ABC
:101CC000521E43EA423203685A6005E002685268D5
:101CD00022F4006203685A600268D26A22F4700239
:101CE0000368DA620268D36A828B521E43EA0252A8
:101CF0000368DA620268926822F4007203689A60EC
:101D00000268936890F8302043EA422203689A60A0
:101D10000268926822F4806203689A60026893689D
:101D2000426943EA822203689A60704700230140B7
:101D30000100000F00BFFEE710B5034800F092FD60
:101D40000EF078FA10BD0000C003002001460878AC
:101D500010381823B0FBF3F20848805CC865032AEA
:101D600005D908686FF30900001D886503E008685D
:101D70006FF309008865886D704700002499010899
:101D8000014600208A6A8B69CBB932B1012A0DD095
:101D9000022A03D0032A10D10EE000BFCB6A03F061
:101DA0008073B3F1807F00D1012007E0CB6AB3F1EB
:101DB000C07F00D1012001E000E000BF34E08B696A
:101DC000B3F5005F1AD132B1012A07D0022A03D03D
:101DD000032A11D10AE000BF01200EE0CB6A03F014
:101DE0008073B3F1807F00D1012006E0CB6AB3F1AC
:101DF000C07F00D1012000E000BF15E032B1012A10
:101E000005D0022A04D0032A0CD103E000BF00BF92
:101E1000012008E0CB6A03F08073B3F1807F00D12A
:101E2000012000E000BF00BF704730B5046824689F
:101E300024F4802405682C60046863608468402C66
:101E400004D10468A2600468E16003E00468A16052
:101E50000468E26030BD0146002200BF05E00023B7
:101E600001F5617040F82230521C0F2AF7D300228E
:101E700004E0002301F58E708354521CB2F5007FFC
:101E8000F7D3002008704870012088700020C1F846
:101E9000C40301230B7640238B7100234B7681F81A
:101EA0001C33012381F81D33002381F81F3381F88F
:101EB0001E3370477047704710B5012001F0BAF823
:101EC00010BD10B5022001F0B5F810BD10B51020FE
:101ED00001F0B0F810BD10B5202001F0ABF8802063
:101EE00001F0A8F810BD72B600BFFEE730B5044699
:101EF0000D4600222946204600F002F830BD0000C1
:101F0000F0B50346012500241148407A01281CDA67
:101F100000200F4E767A0E4FB8553846467A001D8F
:101F200040F82630001F467A083082553E46707AC7
:101F3000461C7E72044604F1300008703A20487056
:101F40002F2088700020C87000252846F0BD0000B2
:101F50007C30002010B5002201B909E0012901D12F
:101F60000A0205E0022901D10A0201E04FF44072A1
:101F70000E4B1B6823F440730C4C236023461B68F4
:101F80001343236023461B6823F0F8032360234692
:101F90001B68022444EAC0042343044C2360234604
:101FA0001B6843F48033236010BD0000103C0240E6
:101FB0001C48006800F40070B0B11A48006820F4B2
:101FC00000701849086000BF0846006840F40060CF
:101FD00008600846006820F40060086000BF0846FA
:101FE000006840F4007008600E48006800F48060EB
:101FF000B0B10C48006820F480600A49086000BF56
:102000000846006840F4805008600846006820F4E4
:102010008050086000BF0846006840F48060086097
:1020200070470000003C0240074A126822F44072E8
:10203000054B1A601A4612681A601A46126842F076
:1020400001021A6001707047103C024010B50D4942
:10205000096821F440710B4C21602146096841F464
:10206000407121602146096841F001012160026050
:1020700000BF00BF00BFBFF36F8F00BF00BF00BF36
:10208000436010BD103C0240084A126822F44072BE
:10209000064B1A601A46126842F480721A601A4699
:1020A000126842F001021A6001807047103C024041
:1020B000084A126822F44072064B1A601A461268E7
:1020C00042F400721A601A46126842F001021A6065
:1020D00001607047103C02402A48006800F0100080
:1020E00040B12948C06940F010002749C86110205C
:1020F000244908602348006800F0200040B12248CD
:10210000C06940F008002049C86120201D490860CE
:102110001C48006800F0400040B11B48C06940F016
:1021200004001949C8614020164908601548006834
:1021300000F0800040B11448C06940F0020012492C
:10214000C86180200F4908600E48006800F4807064
:1021500048B10D48C06940F001000B49C8614FF417
:102160008070084908600748006800F0020040B12C
:102170000548C06940F020000349C86102200149B8
:10218000086070470C3C02406404002070B50446AF
:10219000002500201449C86101F03EF8054609E019
:1021A000601C38B124B101F037F8401BA04201D9BE
:1021B000032070BD0D48006800F480300028EFD186
:1021C0000A48006800F0010010B1012007490860CA
:1021D0000648006800F4F97018B1FFF77DFF012090
:1021E000E7E70020E5E70000640400200C3C024023
:1021F00038B502460020009000BF92F83C0001284C
:1022000001D1022038BD012082F83C0000BF0868DF
:10221000092816D91068C0680C780A3C04EB4405FC
:102220000724AC40A0431468E0600C780A3C04EB3F
:1022300044048868A0401468E46820431468E0609F
:1022400013E0106800690C7804EB44050724AC40E7
:10225000A043146820610C7804EB44048868A04013
:10226000146824692043146820614868072817D23D
:102270001068406B0C79641E04EB84051F24AC408D
:10228000A04314686063088880B20C79641E04EB74
:102290008404A0401468646B20431468606331E0D8
:1022A00048680D2817D21068006B0C79E41F04EB06
:1022B00084051F24AC40A04314682063088880B2C2
:1022C0000C79E41F04EB8404A0401468246B2043C1
:1022D0001468206316E01068C06A0C790D3C04EBAA
:1022E00084051F24AC40A0431468E062088880B2D3
:1022F0000C790D3C04EB8404A0401468E46A20438C
:102300001468E062194B1A4C1068A04206D10868A4
:10231000122803D1586840F480005860144C1068AB
:10232000A0421CD10868102802D00868112816D1D4
:10233000586840F400005860086810280FD10D4814
:1023400000680D4CB0FBF4F000EB80004000009002
:1023500002E00098401E009000980028F9D100BFCC
:10236000002082F83C0000BF00BF4BE70023014083
:10237000002001403C00002040420F0070477047A1
:1023800070B5044600250CB9012070BD206C40F0EA
:10239000020020642068806820F0010021688860C5
:1023A0002068806800F0010028B9204600F040F85D
:1023B00000206064206400BF002084F83C0000BF5F
:1023C0002846E2E77047000070B5044600250CB9C6
:1023D000012070BD1549A06A884200D000BF206C62
:1023E00030B9204600F044F80020606484F83C00D6
:1023F000206C00F0100088B9206C20F4885040F068
:10240000020020642046FFF7E5FB00206064206C9A
:1024100020F0020040F00100206400E0012500BF30
:10242000002084F83C0000BF2846D2E70100000FDE
:1024300010B504460A492068884210D1094800684E
:1024400020F4807007490860B221074800F0CAFCF8
:102450000121064800F0C6FCA06B00F0CBF910BDCE
:1024600000200140443802400000024000040240C5
:1024700010B586B00446142101A8FEF787FA344946
:102480002068884262D100BF002000903148006877
:1024900040F480702F4908600846006800F480709E
:1024A000009000BF00BF00BF0020009029481438F2
:1024B000006840F0010027491439086008460068A8
:1024C00000F00100009000BF00BF00BF002000909E
:1024D0000846006840F0020008600846006800F006
:1024E0000200009000BF00BFB220019003200290C4
:1024F0000020039001A9184800F0AAFD01200190D6
:10250000032002900020039001A9144800F0A0FDD0
:102510001348144908600020486000211148816078
:10252000C1604FF48061016189004161890081616E
:102530000021C1610162416200F0B4FA08B1FFF705
:10254000D2FC00BF0748A063846300BF06B010BD83
:1025500000200140443802400000024000040240D4
:1025600010640240C003002008B50146002000901E
:1025700000BF91F83C00012801D1022008BD0120D4
:1025800081F83C0000BF0868806800F00100A0B935
:102590000868806840F001000B6898603348006864
:1025A000334BB0FBF3F000EB4000009002E00098EA
:1025B000401E009000980028F9D10868806800F05B
:1025C0000100002848D0086C40F20163984340F4B1
:1025D000807008640868406800F4806028B1086C66
:1025E00020F4005040F480500864086C00F48050DF
:1025F000B0F5805F04D1486C20F00600486401E02B
:102600000020486400BF002081F83C0000BF194A48
:102610006FF022000B681860506800F01F0058B976
:102620000868806800F04050F0B90868806840F0A1
:1026300080400B68986017E00F4B0868984213D1F0
:102640000868806800F0405070B90868806840F001
:1026500080400B68986007E0086C40F01000086448
:10266000486C40F001004864002087E73C000020EF
:1026700040420F000023014000200140F8B504460D
:102680000D4616460020009000BF94F83C0001283B
:1026900001D10220F8BD012084F83C0000BF206871
:1026A000806800F00100A0B92068806840F0010057
:1026B00021688860484800684849B0FBF1F000EBA9
:1026C0004000009002E00098401E00900098002812
:1026D000F9D12068806800F48070B0F5807F05D162
:1026E0002068806820F48070216888602068806895
:1026F00000F00100002865D0206C40F201618843A1
:1027000040F4807020642068406800F4806028B144
:10271000206C20F4005040F480502064206C00F4C1
:102720008050B0F5805F04D1606C20F006006064DA
:1027300001E00020606400BF002084F83C0000BF7E
:10274000274F2848A16BC8632748A16B0864274816
:10275000A16BC8646FF0220021680860206840689F
:1027600040F08060216848602068806840F4807094
:1027700021688860226802F14C0133462A46A06B2A
:1027800000F006FA786800F01F0058B920688068E9
:1027900000F04050F0B92068806840F08040216827
:1027A000886017E012492068884213D12068806849
:1027B00000F0405070B92068806840F08040216887
:1027C000886007E0206C40F010002064606C40F0EE
:1027D0000100606400205DE73C00002040420F00E3
:1027E000002301402F1B0008C71B0008AD1B000879
:1027F0000020014070B504460CB9012070BD94F86A
:102800003500022800D1F9E72068006820F00100B7
:1028100021680860002021680860216848602168FC
:1028200088602168C86021680861212021684861AA
:102830002046FFF78BFA05460020E06320646064C1
:10284000A064E064206594F85C103F208840A86094
:102850000020606584F8350000BF84F8340000BFB4
:1028600000BFCBE7F8B50446002000908C48006814
:102870004FF41651B0FBF1F7A56D2E6894F85C107B
:1028800008208840304098B12068006800F00400BB
:1028900070B12068006820F004002168086094F896
:1028A0005C1008208840A860606D40F00100606501
:1028B00094F85C1001208840304068B1206840697D
:1028C00000F0800040B194F85C1001208840A860BE
:1028D000606D40F00200606594F85C100420884050
:1028E000304068B12068006800F0020040B194F800
:1028F0005C1004208840A860606D40F004006065B2
:1029000094F85C1010208840304078B3206800684C
:1029100000F0080050B394F85C1010208840A860C4
:102920002068006800F4802080B12068006800F40E
:10293000002028B9206CC8B12046216C884715E0DA
:10294000A06C98B12046A16C88470FE02068006811
:1029500000F4807028B92068006820F00800216821
:102960000860206C10B12046216C884794F85C10F8
:10297000202088403040002865D02068006800F0A2
:10298000100000285FD094F85C1020208840A860D8
:1029900094F83500052828D12068006820F016003A
:1029A000216808602068406920F080002168486143
:1029B000206C08B9A06C28B12068006820F00800DD
:1029C0002168086094F85C103F208840A8600120CE
:1029D00084F8350000BF002084F8340000BF206D6B
:1029E00010B12046216D8847F8BD2068006800F4CA
:1029F000802080B12068006800F4002028B9606C55
:102A000010B12046616C88471DE0E06BD8B12046CC
:102A1000E16B884717E02068006800F4807068B9AF
:102A20002068006820F0100021680860012084F808
:102A3000350000BF002084F8340000BFE06B10B107
:102A40002046E16B8847606D38B3606D00F001008F
:102A5000F0B1052084F835002068006820F00100FE
:102A60002168086000BF0098401C0090B84200D95F
:102A700005E02068006800F001000028F3D100BFE5
:102A8000012084F8350000BF002084F8340000BF26
:102A9000E06C10B12046E16C884700BFA4E700005D
:102AA0003C0000202DE9F0410446002500F0B4FB75
:102AB000074614B90120BDE8F081606A00B100BF8B
:102AC000022084F8350000BF002084F8340000BFE5
:102AD0002068006820F00100216808600AE000F02A
:102AE0009BFBC01B052805D920206065032084F8C6
:102AF0003500E0E72068006800F001000028EED112
:102B00002068056821480540D4E901010843E168CF
:102B100008432169084361690843A1690843E169E1
:102B20000843216A08430543606A042803D1D4E9B5
:102B30000B0108430543206805602068456925F0BE
:102B40000705606A0543606A04280DD1A06A054341
:102B5000E06A48B12046FFF713F928B140206065CC
:102B6000012084F83500A6E7206845612046FFF77C
:102B7000EDF8064694F85C103F208840B0600020D5
:102B80006065012084F83500002094E73F8010F054
:102B90002DE9F04704460D4616461F464FF0000843
:102BA000D4F8589000BF94F83400012802D10220D4
:102BB000BDE8F087012084F8340000BF94F83500A8
:102BC000012825D1022084F83500002060653B46AD
:102BD000324629462046FFF728F994F85C103F203A
:102BE0008840C9F808002068006840F01600216895
:102BF0000860206C28B12068006840F00800216857
:102C000008602068006840F001002168086006E064
:102C100000BF002084F8340000BF4FF00208404697
:102C2000C6E7000070B5044600F0F6FA06462546F1
:102C3000681C10B104480078054400BF00F0ECFAAD
:102C4000801BA842FAD370BD380000202DE9F04166
:102C500004460E460127002500BF2548007E0128B6
:102C600002D10220BDE8F08101202149087600BF91
:102C70004CF25030FFF78AFA0746002F31D1401E40
:102C80003060206801280FD1207C61680DF0D8F9F0
:102C90004CF25030FFF77AFA07461648006820F0E9
:102CA0000400144908601AE0A56812E0217C284657
:102CB000FFF750F94CF25030FFF768FA07460D481D
:102CC000006820F0FA000B4908600FB1356005E09C
:102CD0006D1CD4E902100844A842E7D800BFFFF7F2
:102CE00067F900BF00200249087600BF3846B9E7FF
:102CF00064040020103C02400148C0697047000095
:102D0000640400200348006840F000400149086066
:102D100000207047103C02402DE9F04106460F4666
:102D200014461D464FF0010800BF1F48007E0128D1
:102D300002D10220BDE8F08101201B49087600BFC6
:102D40004CF25030FFF722FA8046B8F1000F23D141
:102D500026B9E1B23846FFF767F912E0012E04D137
:102D6000A1B23846FFF790F90BE0022E04D12146BC
:102D70003846FFF79DF904E022462B463846FFF718
:102D800065F94CF25030FFF701FA804607480068B9
:102D900020F001000549086000BF002002490876C4
:102DA00000BF4046C6E7000064040020103C02401B
:102DB00000200949096801F0004159B10749064A54
:102DC0000C3A1160064911600349096801F000419D
:102DD00001B1012070470000103C0240230167450B
:102DE000AB89EFCDF0B50C46002500220023002171
:102DF00081E0012606FA01F504EA0502AA4279D12A
:102E00003F4E8F0856F827308E07370F0F26BE40EB
:102E100033403C4EB04201D1002614E03A4EB0425D
:102E200001D101260FE0394EB04201D102260AE05D
:102E3000374EB04201D1032605E0364EB04201D1F3
:102E4000042600E007268F073F0FBE409E4222D196
:102E5000314E36689643304F3E603E1D366896438D
:102E60003F1D3E603E1D366896433F1D3E603E1D41
:102E7000366896433F1D3E608E07370F0F2606FAD1
:102E800007F31F4E8F0856F827609E431C4F4FEAEA
:102E9000910C47F82C6006684FEA410C032707FAAB
:102EA0000CF7BE430660CF0800F1200656F82760F5
:102EB0004F074FEAD76C0F2707FA0CF7BE434FEACC
:102EC000D10C00F1200747F82C60C6684FEA410C8E
:102ED000032707FA0CF7BE43C660466801278F40F8
:102EE000BE43466086684FEA410C032707FA0CF799
:102EF000BE438660491C1029FFF47BAFF0BD000083
:102F0000083801400000024000040240000802406E
:102F1000000C024000100240003C014010B5044685
:102F2000102C35D004DC012C5AD0022C6CD11BE0C3
:102F3000202C41D0802C67D1344800783449087067
:102F400080223449344812F091F930B1012008F060
:102F50003BFA01203149887305E0002008F034FA7B
:102F600000202E4988734FE02D48007828490870CA
:102F700002222849284812F079F918B1012127487E
:102F8000C17302E000212548C17308F0D5FB3BE086
:102F9000244800781E49087010221E491E4812F06D
:102FA00065F918B101211D48017402E000211B4898
:102FB000017408F0C1FB27E01B4800781449087031
:102FC00020221449144812F051F918B10121134874
:102FD000417402E000211148417408F0ADFB13E098
:102FE000124800780A490870012211490A4812F073
:102FF0003DF918B101210948817402E00021074818
:10300000817408F099FB00BF00BF10BDD4010020FF
:10301000400200200000024070000020C831002063
:10302000D8010020DC010020E0010020E4010020A4
:103030000004024010B5044604480068204020B156
:10304000024804602046FFF769FF10BD143C0140B0
:10305000F8B502460B460025002400200021C6E0FA
:10306000012606FA01F51E6806EA0504AC4274D191
:103070001E7906F00306012E04D01E7906F0030621
:10308000022E13D190684F000326BE40B0434F007C
:10309000DE68BE4030439060506801268E40B043E9
:1030A0001E79C6F300168E40304350601E7906F03C
:1030B0000306032E09D0D0684F000326BE40B0435C
:1030C0004F009E68BE403043D0601E7906F0030674
:1030D000022E13D1CF0802F1200656F827004E0722
:1030E000F70E0F26BE40B0434F07FF0E1E69BE40CD
:1030F0003043CF0802F1200646F8270010684F0041
:103100000326BE40B0431E7906F003064F00BE40C2
:10311000304310605E6806F44036002E66D000BF73
:1031200000260096344E366846F48046324F3E60A4
:103130003E46366806F48046009600BF00BF2F4E1C
:103140008F0856F827008E07370F0F26BE40B04372
:103150002B4EB24202D1002615E047E0294EB24282
:1031600001D101260FE0284EB24201D102260AE029
:10317000264EB24201D1032605E0254EB24201D1CE
:10318000042600E007268F073F0FBE4030431B4E4A
:103190008F0846F827001F4E3068A0435E6806F48B
:1031A000803606B120431B4E3060361D3068A04388
:1031B0005E6806F4003606B12043164E361D3060B8
:1031C000361D3068A0435E6806F4801606B12043C1
:1031D000104E08363060361D3068A0435E6806F435
:1031E000001606B120430B4E0C363060491C1029E6
:1031F000FFF436AFF8BD0000443802400838014003
:10320000000002400004024000080240000C02409E
:1032100000100240003C0140014800687047000077
:103220003000002010B50446D4F8000303F0B0F8D5
:1032300010BD10B50446D4F8000303F0B4F810BD77
:1032400010B50446206804F05FFF10BD10B50446B9
:10325000206804F060FF10BD024601EB410000EB66
:10326000C10302F1380000EB830090F8280070479A
:10327000024601EB410000EBC10302F1380000EB14
:1032800083008069704770B504460D46002600BF74
:1032900094F8F802012801D1022070BD012084F8C1
:1032A000F80200BF2946206804F046FF00BF002056
:1032B00084F8F80200BF3046EFE72DE9FE4F0446E0
:1032C0000D4616461F46DDE90D9ADDF8308000BF39
:1032D00094F8F802012802D10220BDE8FE8F0120F7
:1032E00084F8F80200BF002105EB450000EBC502A1
:1032F00004F1380000EB8200417105EB450000EB62
:10330000C50104F1380000F8217005EB450000EB21
:10331000C50104F1380000EB8100A0F808A005EB1E
:10332000450000EBC50104F1380000EB8100457059
:1033300005EB450000EBC50104F1380000EB81000E
:1033400080F8079006F07F0105EB450000EBC50211
:1033500004F1380000EB8200817006F080008028C4
:103360000AD1012105EB450000EBC50204F138004C
:1033700000EB8200C17009E0002105EB450000EB85
:10338000C50204F1380000EB8200C17005EB450076
:1033900000EBC50104F1380000EB810080F80480E7
:1033A0008DE800073B4632462946206804F09CFF22
:1033B000834600BF002084F8F80200BF58468CE71F
:1033C00070472DE9F05F04460D4616461F46DDE9BD
:1033D0000C9BDDE90A8A05EB450000EBC50104F111
:1033E000380000EB8100C67005EB450000EBC5011D
:1033F00004F1380000EB8100C771B8F1000F14D15F
:10340000032105EB450000EBC50204F1380000EB99
:103410008200817205EB450000EBC50104F1380024
:1034200000EB810080F805B009E0022105EB4500C2
:1034300000EBC50204F1380000EB8200817237B165
:10344000012F76D0022F33D0032F73D173E0B8F160
:10345000010F2CD106BBB9F1000F09D1012105EBF9
:10346000450000EBC50204F1380000EB8200417713
:1034700005EB450000EBC50104F1380000EB8100CD
:10348000407F50B9002105EB450000EBC50204F177
:10349000380000EB8200817209E0022105EB450053
:1034A00000EBC50204F1380000EB820081728FE06E
:1034B000FEB905EB450000EBC50104F1380000EB57
:1034C0008100407F50B9002105EB450000EBC502AB
:1034D00004F1380000EB8200817229E0022105EB43
:1034E000450000EBC50204F1380000EB8200817258
:1034F0001EE005EB450000EBC50104F1380000EBD0
:103500008100007F50B9002105EB450000EBC502AA
:1035100004F1380000EB8200817209E0022105EB22
:10352000450000EBC50204F1380000EB8200817217
:103530004EE041E04BE0FEB905EB450000EBC50174
:1035400004F1380000EB8100407F50B9002105EB09
:10355000450000EBC50204F1380000EB82008172E7
:1035600029E0022105EB450000EBC50204F138001B
:1035700000EB820081721EE005EB450000EBC50107
:1035800004F1380000EB8100007F50B9002105EB09
:10359000450000EBC50204F1380000EB82008172A7
:1035A00009E0022105EB450000EBC50204F13800FB
:1035B00000EB820081720BE0002105EB450000EB7F
:1035C000C50204F1380000EB8200817200E000BF08
:1035D00000BF05EB450000EBC50104F1380000EB2E
:1035E0008100C0F80CA005EB450000EBC50104F11B
:1035F000380000EB8100C0F81490002105EB450075
:1036000000EBC50204F1380000EB820080F82810BE
:1036100005EB450000EBC50204F1380000EB820029
:10362000816105EB450000EBC50104F1380000EBBA
:1036300081004570002105EB450000EBC50204F157
:10364000380000EB820080F82910227C05EB45034E
:1036500003EBC50C04F1380303EB8C01206804F084
:103660001DFFBDE8F09F2DE9F04104462768B846EC
:10367000206804F05CFD01287DD1206805F090F8F9
:1036800008B9BDE8F081206805F08AF800F4001060
:10369000B0F5001F03D14FF4001021684861206885
:1036A00005F07EF800F48010B0F5801F03D14FF4D0
:1036B000801021684861206805F072F800F0806091
:1036C000B0F1806F03D14FF08060216848612068BD
:1036D00005F066F800F00200022801D12168486177
:1036E000206805F05DF800F00050B0F1005F16D1E1
:1036F0004FF0005021684861D8F8400400F0010004
:1037000068B91021384604F0E5FC384604F0CAFCDC
:103710000121206805F022F82046FFF78AFD206885
:1037200005F03EF800F08070B0F1807F02D12046B5
:1037300001F0EBFD206805F033F800F008000828E0
:1037400005D1204600F0EEF8082021684861206885
:1037500005F026F8C0F3001080B12068806920F0E1
:10376000100021688861204601F02AFE20688069E7
:1037700040F0100000E030E021688861206805F02A
:103780000FF800F00070B0F1007F26D1206804F03F
:103790007DFE0646002519E005F00F010120884056
:1037A000304090B108F5A06000EB4510006800F4CF
:1037B0000040B0F5004F04D1E9B2204600F051FEC0
:1037C00003E0E9B2204601F0FDF96D1CA068A842B3
:1037D000E2D84FF000702168486100BF51E730B572
:1037E0008BB0044614B901200BB030BD256894F8A5
:1037F000F90228B9002084F8F802204600F02AF8DF
:10380000032084F8F902E86B00F4807008B9002105
:103810002161206804F0F0FB282204F110016846C1
:10382000FDF758F894E80F0004F07AFB01212068B6
:1038300005F009F8282204F110016846FDF74AF85E
:1038400094E80F0004F012FF012084F8F902002030
:10385000CAE7000010B586B00446142101A8FDF7A0
:1038600095F82068B0F1A04F42D100BF0020009031
:103870002048006840F001001E49086008460068C2
:1038800000F00100009000BF00BF4FF4C050019055
:103890000220029000200390032004900A2005904B
:1038A00001A91548FFF7D4FB00BF1248001D0068AE
:1038B00040F080000F49091D086000BF0020009003
:1038C0000C481430006840F480400A491431086004
:1038D0000846006800F48040009000BF00BF00BFB1
:1038E00000221146432000F015F9432000F002F9B0
:1038F00006B010BD303802400000024010B504464A
:10390000D4F8000302F018FE10BD10B50446D4F838
:10391000000302F015FE10BD10B50446206804F047
:1039200074FF10BD10B50446D4F8000302F0ACFDDE
:1039300010BD10B5044600BF94F8F802012801D16B
:10394000022010BD012084F8F80200BF0121206888
:1039500004F07CFB206804F09EFB00BF002084F88C
:10396000F80200BF00BFECE710B5044600BF94F8B2
:10397000F802012801D1022010BD012084F8F802CC
:1039800000BF206804F093FF00BF002084F8F80215
:1039900000BF00BFF0E710B504460CB9012010BD10
:1039A00094F83D0028B9002084F83C00204600F03F
:1039B000ABFC242084F83D002068C06820F400504F
:1039C0002168C860204601F049FF2068006920F4A2
:1039D0009040216808612068406920F02200216839
:1039E00048612068406940F008002168486120680B
:1039F000C06840F400502168C86000202064202086
:103A000084F83D0084F83E000020C8E703480068C1
:103A100003490978084401490860704730000020D4
:103A20003800002010B50D48006840F400700B49C4
:103A300008600846006840F4806008600846006836
:103A400040F480700860032000F0A2F80F2000F01E
:103A500007F800F02BF8002010BD0000003C0240E9
:103A600070B504460E4800784FF47A71B1FBF0F05F
:103A70000C490968B1FBF0F5284600F02BFC08B1B1
:103A8000012070BD102C07D200222146501E00F0EC
:103A900041F80548046001E00120F2E70020F0E76A
:103AA000380000203C0000203400002008B500BF92
:103AB000002000900E48006840F480400C490860E7
:103AC0000846006800F48040009000BF00BF00BFBF
:103AD00000200090081F006840F08050091F086017
:103AE0000846006800F08050009000BF00BF08BD8D
:103AF0004438024001460846002809DB00F01F0355
:103B000001229A4043099B0003F1E023C3F80021FE
:103B100000BF70472DE9F05F80460D46164600272E
:103B200012F08AFB074639462A46334601F0070061
:103B3000C0F1070ABAF1040F02D94FF0040A01E0FC
:103B4000C0F1070AD14600F1040ABAF1070F02D208
:103B50004FF0000A01E0A0F1030AD4464FF0010A39
:103B60000AFA09FAAAF1010A0AEA020A0AFA0CFA9E
:103B70004FF0010B0BFA0CFBABF1010B0BEA030B43
:103B80004AEA0B042146404612F05EFBBDE8F09F76
:103B900000BF00F00702064B19684FF6FF031940FB
:103BA000044B0B4343EA0221014B196000BF7047ED
:103BB0000CED00E00000FA0570B504460D460CB9A6
:103BC000012070BD5848006800F00700A84209D2E3
:103BD00055490D700846006800F00700A84201D062
:103BE0000120EEE7207800F0020002281DD12078A5
:103BF00000F00400042805D14C48006840F4E0506F
:103C00004A490860207800F00800082805D1474894
:103C1000006840F46040454908604448006820F06E
:103C2000F000A168084341490860207800F00100D5
:103C3000A8B36068012807D13C4808380068C0F381
:103C40004040B8B90120BCE76068022802D0606833
:103C5000032807D1354808380068C0F3406048B9E8
:103C60000120AEE7314808380068C0F3400008B9C9
:103C70000120A6E72D48006820F003006168084392
:103C80002A490860FFF7C8FA064609E0FFF7C4FAB8
:103C9000801B41F28831884202D9032091E707E076
:103CA0002248006800F00C006168B0EB810FEDD194
:103CB0001D48006800F00700A84209D91A490D7094
:103CC0000846006800F00700A84201D0012078E70C
:103CD000207800F00400042807D11448006820F47C
:103CE000E050E168084311490860207800F00800BE
:103CF000082808D10D48006820F46040216940EA96
:103D0000C1000A49086000F03FF808490968C1F39A
:103D10000311074A515CC84006490860064800681C
:103D2000FFF79EFE00204CE7003C024008380240AE
:103D30002C9901083C000020340000200148006854
:103D4000704700003C00002000B5FFF7F7FF044972
:103D50000968C1F38221034A515CC84000BD0000DC
:103D6000083802403C99010800B5FFF7E7FF044915
:103D70000968C1F34231034A515CC84000BD0000EC
:103D8000083802403C9901082DE9F047002400253D
:103D90000026A1462548006800F00C0020B1042848
:103DA00005D008283AD105E0DFF8849039E0DFF843
:103DB000849036E01D48001F006800F03F041B4857
:103DC000001F006800F4800078B11A481749091FE5
:103DD0000968C1F38811A0FB017001462246002347
:103DE0003846FCF7DAFA05460EE011480F49091F7C
:103DF0000968C1F38811A0FB017001462246002327
:103E00003846FCF7CAFA05460848001F0068C0F3A8
:103E10000140401C4600B5FBF6F902E0DFF81090C7
:103E200000BF00BF4846BDE8F087000008380240E8
:103E30000024F40040787D01F8B504460CB9012057
:103E4000F8BD207800F00100002874D0F94800681F
:103E500000F00C0004280DD0F648006800F00C00BB
:103E6000082813D1F348001F006800F48000B0F563
:103E7000800F0BD1EF4808380068C0F3404000289D
:103E800059D06068002856D10120D9E700BF60688A
:103E9000B0F5803F08D1E7480838006840F480302A
:103EA000E449083908601EE06068B0F5A02F0DD124
:103EB000E0480838006840F48020DE49083908608E
:103EC0000846006840F4803008600CE0D9480838A3
:103ED000006820F48030D749083908600846006837
:103EE00020F48020086000BF606890B1FFF794F96B
:103EF000054606E0FFF790F9401B642801D903202E
:103F00009EE7CC4808380068C0F340400028F1D054
:103F100011E0FFF781F9054606E0FFF77DF9401B48
:103F2000642801D903208BE7C24808380068C0F331
:103F300040400028F1D1207800F0020002285FD133
:103F4000BC48006800F00C0058B1BA48006800F0A6
:103F50000C0008281CD1B748001F006800F480003E
:103F6000B0B9B44808380068C0F3400020B1E06838
:103F7000012801D0012063E7AE480838006820F02E
:103F8000F800216940EAC100AA490839086037E011
:103F9000E06800B30120A8490860FFF73DF9054635
:103FA00006E0FFF739F9401B022801D9032047E753
:103FB000A04808380068C0F340000028F1D09D48B0
:103FC0000838006820F0F800216940EAC1009949EA
:103FD0000839086014E0002097490860FFF71CF9D1
:103FE000054606E0FFF718F9401B022801D9032017
:103FF00026E7904808380068C0F340000028F1D157
:10400000207800F0080008282CD16069A8B10120B0
:104010008A490860FFF700F9054606E0FFF7FCF85B
:10402000401B022801D903200AE782486C3000684F
:10403000C0F340000028F1D014E000207F49086060
:10404000FFF7EAF8054606E0FFF7E6F8401B02280E
:1040500001D90320F4E677486C300068C0F34000D3
:104060000028F1D1207800F00400042870D1002746
:1040700070483830006800F0805090B900BF0020D0
:1040800000906C483830006840F080506949383101
:1040900008600846006800F08050009000BF00BF34
:1040A00001276748006800F48070B0B96448006870
:1040B00040F4807062490860FFF7AEF8054606E0FC
:1040C000FFF7AAF8401B022801D90320B8E65C4894
:1040D000006800F480700028F2D000BFA0680128BA
:1040E00008D154486830006840F0010051496831F7
:1040F00008601DE0A06805280DD14E4868300068B2
:1041000040F004004B49683108600846006840F000
:10411000010008600CE047486830006820F00100AA
:104120004449683108600846006820F004000860CF
:1041300000BFA068A8B1FFF76FF8054609E0FFF7D8
:104140006BF8401B41F28831884202D9032077E6A0
:1041500026E0384868300068C0F340000028EED000
:1041600013E0FFF759F8054608E0FFF755F8401B44
:1041700041F28831884201D9032061E62D48683038
:104180000068C0F340000028EFD1012F07D1294873
:104190003830006820F0805026493831086000BF70
:1041A000A069002845D02348006800F00C000828CA
:1041B0005DD0A069022845D100201F490866FFF79D
:1041C0002BF8054606E0FFF727F8401B022801D927
:1041D000032035E6174808380068C0F3406000281F
:1041E000F1D1D4E907010843616A40EA8111012253
:1041F000A06AC2EB500041EA00412C20005D41EA78
:1042000000600C49091F086001200B490866FFF790
:1042100003F8054606E0FEF7FFFF401B022801D920
:1042200003200DE6034808380068C0F3406000280A
:10423000F1D049E00838024000004742800E474272
:1042400000700040002021490866FEF7E5FF0546A2
:1042500006E0FEF7E1FF401B022801D90320EFE54D
:104260001B480068C0F340600028F2D12CE0A06930
:10427000012800D1E4E51648001D0668A069012860
:1042800020D006F48001E06981421BD106F03F0195
:10429000206A814216D147F6C0703040616AB0EBA7
:1042A000811F0FD106F440310122A06AC2EB5000F9
:1042B000B1EB004F06D106F070612C20005DB1EB30
:1042C000006F01D00120BBE50020B9E500004742A6
:1042D0000038024070B504462546681EB0F1807F64
:1042E00001D301200FE0681E4FF0E02148610F214B
:1042F0004FF0FF3011F0A8FF00204FF0E02188615F
:1043000007200861002070BD10B586B00446142156
:1043100001A8FCF73BFB1B49206888422FD100BF56
:10432000002000901848006840F01000164908600E
:104330000846006800F01000009000BF00BF00BFFA
:104340000020009010481438006840F002000E4928
:10435000143908600846006800F00200009000BFB1
:1043600000BF402001901220029001200390032002
:1043700004900720059001A90448FEF769FE06B0E5
:1043800010BD00000010014044380240000402400B
:104390002DE9F84F04460E46174699464FF0000A9D
:1043A00094F83D0020285AD106B117B90120BDE884
:1043B000F88F00BF94F83C00012801D10220F6E7F5
:1043C000012084F83C0000BF00202064212084F8F4
:1043D0003D00FEF721FF8246A784E784A068B0F580
:1043E000805F04D1206910B90025B04602E035464F
:1043F0004FF0000800BF002084F83C0000BF1BE025
:104400005346002280212046CDF8009001F03CFB6D
:1044100008B10320CBE745B9B8F80000C0F30800A5
:104420002168486008F1020803E0287821684860A4
:104430006D1CE08C401EE084E08C0028E0D15346E7
:10444000002240212046CDF8009001F01DFB08B16C
:104450000320ACE7202084F83D000020A7E70220DD
:10446000A5E72DE9F04705468846D5F800904E4669
:10447000444606F5A06000EB4410806800F004009C
:10448000042812D1042106F5A06000EB44108160DD
:1044900006F5A06000EB4410C06840F0020106F58C
:1044A000A06000EB4410C160C9E006F5A06000EB1D
:1044B0004410806800F48070B0F5807F22D14FF402
:1044C000807106F5A06000EB44108160072104EBC9
:1044D000440000EBC40205F1380000EB820080F8D4
:1044E000291006F5A06000EB4410C06840F00201FE
:1044F00006F5A06000EB4410C160E1B2286803F04B
:104500001BFE9CE006F5A06000EB4410806800F004
:104510002000202806D1202106F5A06000EB4410E1
:1045200081608CE006F5A06000EB4410806800F02C
:104530000800082827D106F5A06000EB4410C068E9
:1045400040F0020106F5A06000EB4410C1600521B7
:1045500004EB440000EBC40205F1380000EB8200DC
:1045600080F82910102106F5A06000EB441081604E
:10457000082106F5A06000EB44108160E1B22868D4
:1045800003F0DAFD5BE006F5A06000EB4410806804
:1045900000F48060B0F5806F27D106F5A06000EBD5
:1045A0004410C06840F0020106F5A06000EB441022
:1045B000C160082104EB440000EBC40205F138009F
:1045C00000EB820080F82910102106F5A06000EBB6
:1045D00044108160890106F5A06000EB4410816001
:1045E000E1B2286803F0A8FD29E006F5A06000EB21
:1045F0004410806800F08000802820D106F5A0607B
:1046000000EB4410C06840F0020106F5A06000EB2A
:104610004410C160062104EB440000EBC40205F124
:10462000380000EB820080F82910E1B2286803F01E
:1046300083FD802106F5A06000EB4410816006F543
:10464000A06000EB4410806800F40070B0F5007FBB
:1046500017D106F5A06000EB4410C06840F00201DD
:1046600006F5A06000EB4410C160E1B2286803F0D9
:1046700063FD4FF4007106F5A06000EB441081600B
:104680009EE206F5A06000EB4410806800F0010097
:1046900000287DD02869C8B104EB440000EBC401B8
:1046A00005F1380000EB8100016906F5A06000EB20
:1046B00044100069C0F31200091A04EB440000EB37
:1046C000C40205F1380000EB82008161012104EB96
:1046D000440000EBC40205F1380000EB820080F8D2
:1046E0002910002104EB440000EBC40205F138005E
:1046F00000EB82004162012106F5A06000EB44104E
:10470000816004EB440000EBC40105F1380000EBCC
:104710008100C07950B104EB440000EBC40105F105
:10472000380000EB8100C079022816D106F5A060A0
:1047300000EB4410C06840F0020106F5A06000EBF9
:104740004410C160E1B2286803F0F6FC102106F5C0
:10475000A06000EB441081606AE004EB440000EBD1
:10476000C40105F1380000EB8100C079032827D18E
:1047700006F5A06000EB4410006840F0005106F51B
:10478000A06000EB44100160012104EB440000E054
:1047900093E000EBC40205F1380000EB820080F8E2
:1047A000281004EB440000EBC40305F1380000EBD3
:1047B000830090F82820E1B22846FEF701FE37E09A
:1047C00004EB440000EBC40105F1380000EB81006C
:1047D000C07901282CD1012104EB440000EBC40274
:1047E00005F1380000EB820080F8281004EB44004B
:1047F00000EBC40105F1380000EB8100007F80F080
:10480000010104EB440000EBC40205F1380000EBA9
:104810008200017704EB440000EBC40305F138008B
:1048200000EB830090F82820E1B22846FEF7C8FD8F
:10483000286901282CD104EB440000EBC40105F1E8
:10484000380000EB8100016904EB440000EBC40276
:1048500005F1380000EB82000089B1FBF0F000F0B8
:104860000100002813D004EB440000EBC40105F163
:10487000380000EB8100007F80F0010104EB440070
:1048800000EBC40205F1380000EB8200017797E1EC
:1048900004EB440000EBC40105F1380000EB81009B
:1048A000007F80F0010104EB440000EBC40205F13D
:1048B000380000EB8200017782E106F5A06000EB92
:1048C0004410806800F0020002287DD106F5A06047
:1048D00000EB4410C06820F0020106F5A06000EB78
:1048E0004410C16004EB440000EBC40105F1380042
:1048F00000EB810090F8290001280BD1012104EB85
:10490000440000EBC40205F1380000EB820080F89F
:104910002810CFE004EB440000EBC40105F138009F
:1049200000EB810090F8290005280BD1052104EB4C
:10493000440000EBC40205F1380000EB820080F86F
:104940002810B7E004EB440000EBC40105F1380087
:1049500000EB810090F8290006280BD004EB4400FE
:1049600000EBC40105F1380000EB810090F829004C
:1049700008284FD104EB440000EBC40105F13800D6
:1049800000EB8100406A401C04EB440101EBC402CF
:1049900005F1380101EB8201486204EB440000EBB1
:1049A000C40105F1380000EB8100406A022817D9E4
:1049B000002104EB440000EBC40205F1380000EBD9
:1049C00082004162042100E089E004EB440000EB36
:1049D000C40205F1380000EB820080F8281069E07D
:1049E000022104EB440000EBC40205F1380000EBA7
:1049F000820080F8281006F5A06000EB44100768DC
:104A000027F0804747F0004706F5A06000EB441010
:104A100007604FE004EB440000EBC40105F13800EF
:104A200000EB810090F82900032819D1022104EB42
:104A3000440000EBC40205F1380000EB820080F86E
:104A4000281006F5A06000EB4410076827F08047A7
:104A500047F0004706F5A06000EB4410076029E02E
:104A600004EB440000EBC40105F1380000EB8100C9
:104A700090F8290007281DD104EB440000EBC40185
:104A800005F1380000EB8100406A401C04EB440152
:104A900001EBC40205F1380101EB820148620421F7
:104AA00004EB440000EBC40205F1380000EB820087
:104AB00080F82810022106F5A06000EB4410816008
:104AC00004EB440000EBC40305F1380000EB830065
:104AD00090F82820E1B22846FEF772FC70E006F557
:104AE000A06000EB4410806800F01000102867D12F
:104AF00004EB440000EBC40105F1380000EB810039
:104B0000C07903281AD1002104EB440000EBC40251
:104B100005F1380000EB8200416206F5A06000EB71
:104B20004410C06840F0020106F5A06000EB44109C
:104B3000C160E1B2286803F0FFFA3BE004EB4400F7
:104B400000EBC40105F1380000EB8100C07950B1E1
:104B500004EB440000EBC40105F1380000EB8100D8
:104B6000C079022826D1002104EB440000EBC402E6
:104B700005F1380000EB820041622869D0B90321B9
:104B800004EB440000EBC40205F1380000EB8200A6
:104B900080F8291006F5A06000EB4410C06840F0D2
:104BA000020106F5A06000EB4410C160E1B2286884
:104BB00003F0C2FA102106F5A06000EB44108160FA
:104BC000BDE8F0872DE9F04705460F46D5F800907F
:104BD0004E463C4606F5A06000EB4410806800F0AD
:104BE0000400042812D1042106F5A06000EB441053
:104BF000816006F5A06000EB4410C06840F002013F
:104C000006F5A06000EB4410C1607CE306F5A060EF
:104C100000EB4410806800F02000202836D12021CD
:104C200006F5A06000EB4410816004EB440000EB4B
:104C3000C40105F1380000EB810040790128E4D17E
:104C4000002104EB440000EBC40205F1380000EB46
:104C500082004171022104EB440000EBC40205F123
:104C6000380000EB820080F8281006F5A06000EB09
:104C70004410C06840F0020106F5A06000EB44104B
:104C8000C160E1B2286803F057FA3CE306F5A06082
:104C900000EB4410806800F40070B0F5007F17D17D
:104CA00006F5A06000EB4410C06840F0020106F574
:104CB000A06000EB4410C160E1B2286803F03CFA48
:104CC0004FF4007106F5A06000EB441081601AE318
:104CD00006F5A06000EB4410806800F00100E8B326
:104CE000002104EB440000EBC40205F1380000EBA6
:104CF0008200416206F5A06000EB4410806800F07D
:104D0000400040280FD1012104EB440000EBC40215
:104D100005F1380000EB82004171402106F5A060EA
:104D200000EB4410816006F5A06000EB4410C06801
:104D300040F0020106F5A06000EB4410C160E1B252
:104D4000286803F0F9F9012106F5A06000EB441092
:104D5000816004EB440000EBC40200E006E005F1D2
:104D6000380000EB820080F82910CCE206F5A06044
:104D700000EB4410806800F04000402835D1042149
:104D800004EB440000EBC40205F1380000EB8200A4
:104D900080F82910012104EB440000EBC40205F166
:104DA000380000EB82004171002104EB440000EB6D
:104DB000C40205F1380000EB8200416206F5A060F4
:104DC00000EB4410C06840F0020106F5A06000EB63
:104DD0004410C160E1B2286803F0AEF9402106F545
:104DE000A06000EB441081608DE206F5A06000EB4E
:104DF0004410806800F00800082821D1082106F539
:104E0000A06000EB4410816006F5A06000EB441048
:104E1000C06840F0020106F5A06000EB4410C160DC
:104E2000E1B2286803F088F9052104EB440000EBA7
:104E3000C40205F1380000EB820080F8291062E21C
:104E400006F5A06000EB4410806800F01000102808
:104E500049D1002104EB440000EBC40205F1380005
:104E600000EB82004162032104EB440000EBC4022A
:104E700005F1380000EB820080F8291004EB4400B3
:104E800000EBC40105F1380000EB8100407998B9CE
:104E900004EB440000EBC40105F1380000EB810095
:104EA000007948B9012104EB440000EBC40205F18C
:104EB000380000EB8200417106F5A06000EB441061
:104EC000C06840F0020106F5A06000EB4410C1602C
:104ED000E1B2286803F030F9102106F5A06000EB7C
:104EE000441081600FE206F5A06000EB441080687A
:104EF00000F08000802872D12869D8B9062104EB1F
:104F0000440000EBC40205F1380000EB820080F899
:104F1000291006F5A06000EB4410C06840F00201C3
:104F200006F5A06000EB4410C160E1B2286803F010
:104F300003F94CE004EB440000EBC40105F1380038
:104F400000EB8100406A401C04EB440101EBC40209
:104F500005F1380101EB8201486204EB440000EBEB
:104F6000C40105F1380000EB8100406A022823D912
:104F7000002104EB440000EBC40205F1380000EB13
:104F800082004162042104EB440000EBC40205F1FD
:104F9000380000EB820080F8281004EB440000EB9E
:104FA000C40305F1380000EB830090F82820E1B23B
:104FB0002846FEF705FA0AE0022104EB440000EB64
:104FC000C40205F1380000EB820080F8281080212F
:104FD00006F5A06000EB4410816094E1FFE706F560
:104FE000A06000EB4410806800F48060B0F5806F32
:104FF00027D106F5A06000EB4410C06840F0020124
:1050000006F5A06000EB4410C160E1B2286803F02F
:1050100093F8102106F5A06000EB4410816089012F
:1050200006F5A06000EB44108160082104EB440009
:1050300000EBC40205F1380000EB820080F8291073
:1050400061E106F5A06000EB4410806800F002000A
:105050000228C2D106F5A06000EB4410C06820F021
:10506000020106F5A06000EB4410C16004EB4400AF
:1050700000EBC40105F1380000EB810090F8290035
:1050800001287DD1012104EB440000EBC40205F1AD
:10509000380000EB820080F8281004EB440000EB9D
:1050A000C40105F1380000EB8100C07902280AD064
:1050B00004EB440000EBC40105F1380000EB810073
:1050C000C07903285AD1286998B904EB440000EB51
:1050D000C40105F1380000EB8100407F80F0010140
:1050E00004EB440000EBC40205F1380000EB820041
:1050F00041772869012841D104EB440000EBC40149
:1051000005F1380000EB81004069002836D004EB3F
:10511000440000EBC40105F1380000EB8100416957
:1051200004EB440000EBC40205F1380000EB820000
:1051300000890844401E04EB440101EBC40205F160
:10514000380101EB82010989B0FBF1FA0AF0010094
:10515000002813D004EB440000EBC40105F1380033
:1051600000EB8100407F80F0010104EB440000EB84
:10517000C40205F1380000EB82004177AFE0FFE7A1
:1051800004EB440000EBC40105F1380000EB8100A2
:1051900090F8290003280BD1022104EB440000EB16
:1051A000C40205F1380000EB820080F8281096E078
:1051B00004EB440000EBC40105F1380000EB810072
:1051C00090F8290004280BD1022104EB440000EBE5
:1051D000C40205F1380000EB820080F828107EE060
:1051E00004EB440000EBC40105F1380000EB810042
:1051F00090F8290005280BD1052104EB440000EBB1
:10520000C40205F1380000EB820080F8281066E047
:1052100004EB440000EBC40105F1380000EB810011
:1052200090F8290006280BD004EB440000EBC401E1
:1052300005F1380000EB810090F8290008284ED1D4
:1052400004EB440000EBC40105F1380000EB8100E1
:10525000406A401C04EB440101EBC40205F1380133
:1052600001EB8201486204EB440000EBC40105F14C
:10527000380000EB8100406A022815D9002104EBB8
:10528000440000EBC40205F1380000EB82004162EB
:10529000042104EB440000EBC40205F1380000EBEC
:1052A000820080F828101AE0022104EB440000EB91
:1052B000C40205F1380000EB820080F8281006F5E2
:1052C000A06000EB4410D0F8008028F0804848F03F
:1052D000004806F5A06000EB4410C0F800800221F1
:1052E00006F5A06000EB4410816004EB440000EB85
:1052F000C40305F1380000EB830090F82820E1B2E8
:105300002846FEF75DF8BDE8F0877CB504462668C0
:105310003546D5F840040190D5F840040090009837
:1053200020F02E000090019800F0020002280AD11F
:10533000019800F0010010B12046FDF773FF0098BE
:1053400040F002000090019800F0080008282AD1DF
:10535000009840F008000090019800F00400042834
:105360001ED1A06902280FD1019800F4C020B0F529
:10537000802F04D10221206803F0F0F90CE0012114
:10538000206803F0EBF907E0E068012804D14EF64D
:10539000602140F2044041512046FEF7B6FA02E097
:1053A0002046FEF7ABFA019800F02000202803D138
:1053B000009840F0200000900098C5F840047CBDA3
:1053C0002DE9F84F0546D5F800B05F462868D0F8BB
:1053D000208008F00F04C8F343400090C8F30A1679
:1053E0000098022806D003287DD005287CD0072805
:1053F0007BD1A3E0002E79D004EB440000EBC40184
:1054000005F1380000EB8100C06800286ED004EB85
:10541000440000EBC40105F1380000EB8100806915
:10542000811904EB440000EBC40205F1380000EBE5
:1054300082004069814272D8B2B204EB440303EBAC
:10544000C40C05F1380303EB8C03D968286803F01A
:10545000ACF904EB440000EBC40105F1380000EBAB
:105460008100C068811904EB440000EBC40205F11F
:10547000380000EB8200C16004EB440000EBC40183
:1054800005F1380000EB81008069811904EB4400CC
:1054900000EBC40205F1380000EB8200816107F5E2
:1054A000A06000EB44100069C0F3C94A04EB44005B
:1054B00000EBC40105F1380000EB81000089B04227
:1054C00038D1BAF1000F35D007F5A06000EB4410D9
:1054D000D0F8009029F0804949F0004907F5A06014
:1054E00000EB441003E028E025E025E022E0C0F8CE
:1054F000009004EB440000EBC40105F1380000EB20
:105500008100007F80F0010104EB440000EBC40245
:1055100005F1380000EB820001770BE0FFE7042182
:1055200004EB440000EBC40205F1380000EB8200FC
:1055300080F8281003E002E000BF00BF00BF00BFFA
:10554000BDE8F88F024903A0FAF79EFF00BFFEE70F
:105550002AED00E00A206661756C742068616E6453
:105560006C657220202578001FB500200090019006
:10557000029003902E48FCF703FF2E482C49086048
:105580004FF4803048600021294881600121016189
:105590000021017680F82010C16227498162002134
:1055A000C1600521C161002180F8301001214161F5
:1055B000FCF70AFF08B1FCF796FC072000900120D9
:1055C00001900320029069461948FCF711FE08B1CA
:1055D000FCF789FC012000900220019069461448E4
:1055E000FCF706FE08B1FCF77EFC042000900320C7
:1055F000019069460E48FCF7FBFD08B1FCF773FC0F
:10560000052000900420019069460948FCF7F0FD50
:1056100008B1FCF768FC082000900520019069465D
:105620000348FCF7E5FD08B1FCF75DFC1FBD000079
:1056300078030020002001400100000F08B500BFE2
:10564000002000900A48006840F480000849086083
:105650000846006800F48000009000BF0022114658
:105660003820FEF757FA3820FEF744FA08BD00004C
:105670003038024010B503490348FCF737FC0349B2
:10568000087010BD4100002044990108400000202E
:1056900000B587B0142102A8FBF778F900BF0020FD
:1056A00001903748006840F004003549086008461A
:1056B000006800F00400019000BF00BF00200190CE
:1056C0000846006840F0800008600846006800F066
:1056D0008000019000BF00BF0020019008460068D4
:1056E00040F0010008600846006800F001000190E9
:1056F00000BF00BF002001900846006840F0020093
:1057000008600846006800F00200019000BFB22067
:1057100002904FF4441003900020049002A919480D
:10572000FDF796FC012002904FF4441003900020F6
:10573000049002A91448FDF78BFC002211460620B4
:10574000FEF7E8F90620FEF7D5F9002211460720FA
:10575000FEF7E0F90720FEF7CDF9002211460A20F6
:10576000FEF7D8F90A20FEF7C5F9002211461720E6
:10577000FEF7D0F91720FEF7BDF907B000BD000015
:1057800030380240000002400004024010B50122FF
:105790000A490B4800F0C5FD08B1FCF7A4FB094914
:1057A000074802F085FA08B1FCF79DFB044802F0B7
:1057B000E8FA08B1FCF797FB10BD0000B902010838
:1057C000202500205000002010B5024802F00CF9FE
:1057D00010BD00002025002000BFFEE700BFFEE74F
:1057E00010B50248FDF73FFF10BD0000F82800206B
:1057F0007047704710B5FEF709F910BD03480068FF
:1058000040F47000014908607047000088ED00E036
:1058100010B50748006800F0010040B105480CF0E1
:1058200002FA0348006820F001000149086010BD39
:1058300010480140C830002010B50748006800F04B
:10584000010038B103F0DEF80348006820F00100E1
:105850000149086010BD0000104401402DE9F84FD7
:1058600004462068006920F44050E168084321683C
:1058700008612169A068084361690843E169084338
:1058800000902068C06849F20C6188430099084381
:105890002168C8602068406920F44070A16908430D
:1058A0002168486176492068884203D0754920689C
:1058B000884203D1FEF758FA814602E0FEF744FA27
:1058C0008146E069B0F5004F6CD102206168A0FB11
:1058D000015003461920A9FB007001462A463846AC
:1058E000FAF75BFD6421B0FBF1F04FEA001A0220E9
:1058F0006168A0FB01510B461920A9FB00712A46E3
:105900003846FAF74AFD834602206168A0FB015041
:1059100003461920A9FB00712A463846FAF73DFDD7
:105920006421B0FBF1F000EBC00101EB0010ABEB28
:105930008000322101EBC0006421B0FBF1F000F0E7
:10594000F8000AEB400A02206168A0FB0150034600
:105950001920A9FB007001462A463846FAF71DFDBA
:10596000834602206168A0FB015003461920A9FB71
:1059700000712A463846FAF710FD6421B0FBF1F0B9
:1059800000EBC00101EB0010ABEB8000322101EB1A
:10599000C0006421B0FBF1F000F007005044216822
:1059A00088606AE004206168A0FB0150034619206A
:1059B000A9FB007001462A463846FAF7EEFC8246FB
:1059C00004206168A0FB015003461920A9FB007068
:1059D00001462A463846FAF7E0FC6421B0FBF1F0B4
:1059E00000EBC00101EB0010AAEB8000322101EBBB
:1059F00000106421B0FBF1F000F0F00A04206168AF
:105A0000A0FB017003461920A9FB00513A46284625
:105A1000FAF7C3FC6421B0FBF1F00AEB001A042092
:105A20006168A0FB01510B461920A9FB00712A46B1
:105A30003846FAF7B2FC834604206168A0FB0150A7
:105A400003461920A9FB007001462A463846FAF79A
:105A5000A4FC6421B0FBF1F000EBC00101EB0010ED
:105A6000ABEB8000322101EB00106421B0FBF1F0C0
:105A700000F00F00504421688860BDE8F88F0000F6
:105A800000100140001401402DE9F04104460D468C
:105A900017469846069E34E0701C88B32EB1FDF779
:105AA000BBFBA0EB0800B0422BD900BF00BF2168B0
:105AB0000C3151E8001F21F4D07021680C3141E80D
:105AC0000002002AF3D100BF00BF00BF21681431DB
:105AD00051E8001F21F001002168143141E8000263
:105AE000002AF3D100BF202084F83D0084F83E0056
:105AF00000BF002084F83C0000BF0320BDE8F08117
:105B0000FFE7206800682840A84201D1012000E09A
:105B10000020B842C0D00020F0E770B506460D4620
:105B2000304600F029F904464FF6FF70844207D052
:105B300045F4004104F00F0206F5617040F82210B0
:105B4000E0B270BD2DE9FF4107460C4615461E46E2
:105B50000020012102230A468DE8320003903146DD
:105B6000384600F044FD002004B0BDE8F0812DE986
:105B7000FF4104460D4617461E46DDF8288094F87E
:105B80001D0308B14FF00008012002230022314616
:105B90008DE8A101204600F02AFD002004B0BDE8F8
:105BA000F08170B504460D462946204600F0DDFB25
:105BB000002070BD70B504460D46A078012807D1BD
:105BC000022121740121617400216182A582E18298
:105BD00000221146204600F016F870BD2DE9FF4165
:105BE00007460C4615461E460020012103460A467C
:105BF0008DE8320003903146384600F0F8FC002072
:105C000004B0BDE8F0812DE9F04104460E46174688
:105C10000125A078012802D0022819D107E0A6604A
:105C2000A781012121760220A070012511E02046E4
:105C300000F01EF905460DB1032D04D10120A0701E
:105C40000021217603E0022D01D10120A07000E0A7
:105C500000BF00BF2846BDE8F0812DE9FF410446A2
:105C60000D4617461E46DDF8288094F81D0308B13E
:105C70004FF00008012000231A4631468DE8A101AB
:105C8000204600F0B4FC002004B0BDE8F0817FB5F0
:105C900006460C46154600200821CDE900040346BF
:105CA0000246CDE902102946304600F0A0FC002053
:105CB00004B070BD10B504462046FCF7B3FF10BD1C
:105CC000F0B506460C4615460022002106F54E7733
:105CD0001AE002EB820000EBC20C07F10A0000EBB5
:105CE0004C014879A04201D0FF2C0BD18879A84201
:105CF00001D0FF2D06D1C879984201D0FF2B01D1E8
:105D00001046F0BD501CC2B2022AE2D3FF20F8E7D1
:105D100002460B2909D202F5617030F82100C0F368
:105D20000E0302F5617040F82130002070472DE924
:105D3000F04104460E4615461F46DDF81880A0784F
:105D4000012812D146F08001217406216174658218
:105D500005F47F40B0F5407F03D140F20941A182B4
:105D600001E00021A182A4F816804246394620466F
:105D7000FFF749FFBDE8F0810246002100BF0AE0BD
:105D800002F5617030F8210000F4004008B90846BF
:105D90007047481CC1B20B29F2D34FF6FF70F7E7EA
:105DA00010B502460B88147823440B80137898189A
:105DB00010BDF8B504460D4604F11C0633464FF4F9
:105DC0000072002120460095FFF7B1FF071E05D1A4
:105DD0002A46314604F54E7001F02FFD3846F8BDD5
:105DE000F8B504460D4604F58E734FF48072002119
:105DF00020460095FFF79BFF061E06D12A4604F5B4
:105E00008E7104F2263001F085FD3046F8BD2DE993
:105E1000F84304460E4617461D4646F4407204F504
:105E20008E73002120460095FFF781FFB0F1000836
:105E300005D12A46394604F58E7001F0BAFD404678
:105E4000BDE8F8830146002031B1012906D00229BE
:105E500006D0032908D105E0002007E0022005E074
:105E6000012003E0022001E0022000BF00BF7047D4
:105E7000F8B5044601270025207E0C286FD2DFE804
:105E800000F0DD060F323E505E7A869AA8BD627938
:105E900004F110012046FFF7FAFE02212176CEE040
:105EA0006179204600F0E7FA0546012D14D1207CE7
:105EB00000F08006E08A38B1802E02D103212176DD
:105EC00010E0052121760DE0802E02D109212176F6
:105ED00008E00721217605E0042D01D0022D01D133
:105EE0000B212176ABE0D4F8C403E0812379A289A9
:105EF0002046A168FFF772FE042121769FE02179F8
:105F0000204600F0B8FA0546012D01D1092121767D
:105F1000052D01D1032703E0042D01D10B212176AA
:105F20008DE0012000906379A2892046A168FFF7E7
:105F300094FED4F8C403E081062121767FE06179E4
:105F4000204600F098FA0546012D02D1072121765E
:105F500010E0052D04D10C21217603270AE06DE025
:105F6000022D02D10521217604E0042D02D10B215E
:105F70002176022763E02379002211462046FFF7AD
:105F80002DFED4F8C403E0810821217657E0217961
:105F9000204600F070FA0546012D03D10D2121762F
:105FA000002707E0042D02D10B21217602E0052D08
:105FB00000D1032743E001200090637900221146BD
:105FC0002046FFF74AFED4F8C403E0810A21217677
:105FD00035E06179204600F04EFA0546012D03D1E7
:105FE00000270D21217608E0022D02D1092121761A
:105FF00003E0042D01D10B21217620E0607E401CBE
:10600000C1B26176022904D8012121760120A07055
:1060100013E006212046D4F8D4239047002161766E
:1060200000BF00BF61792046FFF772FE217920464C
:10603000FFF76EFE00202070022700E000BF00BFC7
:106040003846F8BDFEB504460126012560780828CB
:1060500074D2DFE800F0044874ABD2FDEFEE082103
:106060002046FFF7BDFE054605BB94F82D13A17130
:1060700001206070A079002294F81D13CDE9001270
:10608000029094F81C3321798022204601F0C0FB55
:10609000A079002294F81D13CDE90012029094F823
:1060A0001C336179204601F0B3FB1BE0032D19D1AD
:1060B00000BF00BF94F81E03401C84F81E0394F830
:1060C0001E03032804D900BF00BF0D20207009E083
:1060D00061792046FFF71CFE21792046FFF718FE64
:1060E000002020700CE112212046FFF779FE0546C2
:1060F00035B900BF00BF00BF00BF022060701CE0C8
:10610000032D1AD100BF00BF94F81E03401C84F871
:106110001E0394F81E03032804D900BF00BF0D20FE
:1061200020700AE061792046FFF7F2FD21792046D0
:10613000FFF7EEFD002060702070E1E0DFE001215C
:10614000204601F0E2FD05462DBB0220FFF7B2FD1F
:10615000012184F81C1300BF00BF03206070A079E8
:10616000002294F81D13CDE90012029094F81C331C
:1061700021798022204601F04BFBA079002294F87F
:106180001D13CDE90012029094F81C33617920466A
:1061900001F03EFB09E0032D07D100BF00BF00BFA7
:1061A00000BF0D20207000206070A9E0092120466A
:1061B000FFF7FFFD054615B9042060701CE0032DB4
:1061C0001AD100BF00BF94F81E03401C84F81E03C0
:1061D00094F81E03032804D900BF00BF0D202070CF
:1061E0000AE061792046FFF793FD21792046FFF709
:1061F0008FFD00206070207082E0B4F83A132046D2
:10620000FFF7D7FD054615B9052060701FE0032D87
:106210001DD100BF00BF94F81E03401C84F81E036C
:1062200094F81E03032807D900BF00BF0D2020707B
:106230000DE049E02AE00BE061792046FFF768FDB8
:1062400021792046FFF764FD00206070207057E040
:1062500094F83403A8B194F83413FF2304F58E7234
:106260002046FFF7D4FD054625B900BF00BF062034
:1062700060700AE0032D08D100BF00BF06206070E7
:1062800003E000BF00BF0620607039E094F83503DA
:10629000A8B194F83513FF2304F58E722046FFF75A
:1062A000B6FD054625B900BF00BF072060700AE0B3
:1062B000032D08D100BF00BF0720607003E000BFBE
:1062C00000BF072060701BE094F8360398B194F883
:1062D0003613FF2304F58E722046FFF798FD05461E
:1062E0001DB900BF00BF002608E0032D06D100BF86
:1062F00000BF002602E000BF00BF002600E000BF94
:1063000000BF3046FEBD10B5044620780B2807D1EB
:10631000D4F87C0320B1D4F87C03816920468847F7
:1063200010BD70B504460D4616461CB900BF00BF2F
:10633000022070BD84F8CC630020C4F87C03C4F84C
:1063400080032046FBF787FD002184F8231384F89F
:10635000201384F8211384F822130DB1C4F8D45308
:10636000204600F09DF80020E3E72DE9F0410446C7
:106370000D46002600272946D4F8D003FCF783FFFA
:1063800006463046FFF75EFD07463846BDE8F08119
:106390000146012281F82023002281F8212381F87F
:1063A00022230020704710B50446012184F82113F0
:1063B000002184F8201384F82313204600F008F904
:1063C00021792046FFF7A4FC61792046FFF7A0FC65
:1063D000002010BD70B504460D4694F8CC0301288A
:1063E00000D100BFC820FCF71DFC002070BD70B5B7
:1063F00004460D462946D4F8D003FCF739FF70BD9A
:1064000070B504460125D4F8D003FCF71FFF20B176
:10641000012804D0022806D103E0002505E001256B
:1064200003E0022501E0012500BF00BF284670BD42
:1064300030B5034600BFD3F8D02301EB410404EB91
:10644000C10502F1380404EB8504E4784CB101EB9A
:10645000410404EBC10502F1380404EB8504207FFC
:1064600008E001EB410404EBC10502F1380404EB40
:106470008504607F30BD70B504460D462946D4F8CA
:10648000D003FCF7E9FE70BD10B50446D4F8C40390
:10649000401CC4F8C4032046FFF735FF10BD0000C0
:1064A00070B5044694F8CC03012820D11148C0F8F7
:1064B0000043C4F8D0034FF0A0400E490860082103
:1064C0000C4881600121C1600021016102218161CC
:1064D0000021C161FDF783F908B1FBF704FD054810
:1064E000FCF7AEFE05462946204600F03CF80020A9
:1064F00070BD0000F82800202DE9FF5F04460D461E
:1065000016461F46DDE90F9ADDF838804FF0000B84
:10651000002003908DE800073B4632462946D4F818
:10652000D003FCF7CAFE83465846FFF78BFC039066
:10653000039804B0BDE8F09F002280F82323704741
:10654000012280F82323704770B5044600250026F9
:10655000D4F8D003FDF7E0F905462846FFF772FCB2
:106560000646304670BDC0F8C413704730B50446C7
:10657000D4F8D03301EB410000EBC10503F1380042
:1065800000EB8500C07848B101EB410000EBC1058C
:1065900003F1380000EB8500027708E001EB4100D1
:1065A00000EBC10503F1380000EB850042770020C5
:1065B00030BD70B5044600250026D4F8D003FDF7A1
:1065C000B8F905462846FFF73DFC0646304670BD43
:1065D00070B5044600250026D4F8D003FDF7C4F9B1
:1065E00005462846FFF72EFC0646304670BD2DE9CD
:1065F000F04F87B004460D4616461F46DDE912AB44
:10660000DDE910890020069005908DE8000F3B46DB
:1066100032462946D4F8D003FCF7D3FE06900698FC
:10662000FFF710FC0590059807B0BDE8F08F2DE945
:10663000F0410446884615460227D4F87C03C66913
:1066400015B1012D0CD105E0F1792046FFF7B2FA22
:10665000074606E0B1792046FFF7ACFA074600E0AE
:1066600000BF00BF3846BDE8F08100000246D2F806
:106670007C03C169054B4B65054B8B65012381F894
:10668000503081F85230002070470000555342438B
:10669000504030202DE9F84F074688464FF0010959
:1066A0000126B2460025D7F87C03C469AB4694F8AE
:1066B00050000C2874D2DFE800F07306153C4774D4
:1066C00081B5C0DFF2F084F86180022184F85010B7
:1066D0000120009063791F2204F154013846FFF72E
:1066E00046FA0AE161793846FFF7C5FE0546012DF5
:1066F00013D1E06D68B194F8600000F0800080284C
:1067000003D1032184F8501012E0052184F85010C1
:106710000EE0072184F850100AE0022D03D1012178
:1067200084F8501004E0052D02D10A2184F850109D
:10673000E3E0237962898C2001593846FFF702FA99
:10674000042184F85010D8E021793846FFF793FEF1
:106750000546012D1ED16189E06D88420AD98C2041
:106760000059618901448C2001516189E06D411A11
:10677000E16501E00021E165E06D38B123796289CE
:106780008C2001593846FFF7DDF908E0072184F82D
:10679000501004E0052D02D1092184F85010ACE01E
:1067A000AAE001200090637922898C2001593846A3
:1067B000FFF7DDF9062184F850109EE06179384634
:1067C000FFF759FE0546012D20D12189E06D884251
:1067D0000AD98C200059218901448C20015121893A
:1067E000E06D411AE16501E00021E165E06D48B12D
:1067F00001200090637922898C2001593846FFF7E7
:10680000B6F90EE0072184F850100AE0022D03D1FA
:10681000052184F8501004E0052D02D10A2184F8E6
:1068200050106AE023790D2204F178013846FFF711
:1068300089F9082184F850105FE021793846FFF784
:106840001AFE0546012D11D1012184F8501084F85B
:106850005210384600F0C6F88246BAF1000F02D155
:106860004FF0000907E04FF0020904E0052D02D1C6
:10687000092184F8501040E0002241463846FFF7D5
:10688000D6FE06461EB9072184F8501004E0042EF7
:1068900002D10B2184F850102FE022E0FFE7012203
:1068A00041463846FFF7C3FE0646A6B96179384629
:1068B000FFF7BEFD8346CBF10100C2B261793846D5
:1068C000FFF754FE217900223846FFF74FFE0921D9
:1068D00084F8501004E0042E02D10B2184F85010EB
:1068E0000BE0384600F01FF88146B9F1000F02D1E5
:1068F000012184F8501000E000BF00BF4846BDE809
:10690000F88F70B504460D46A1212174FE216174F3
:1069100000216182A1820121E182012229462046D3
:10692000FFF771F970BD10B5044621212174FF21D4
:10693000617400216182A182E18200221146204619
:10694000FFF761F910BD2DE9F0410746D7F87C0348
:10695000C4690126A07B20B1022803D003283BD1C3
:1069600032E000BF21463846FFF7CBFF0646032E34
:1069700002D10020207000262EBB2078022801D9E9
:10698000022001E02078401C207000BF00BF0025DD
:1069900016E0022105EB850000EBC50204F1900032
:1069A00000EB82008170002105EB850000EBC50241
:1069B00004F1900000EB820080F83110681CC5B231
:1069C0002078A842E5DC08E000213846FFF7F2F81D
:1069D00008B9E07BA07300E000BF00BF3046BDE80F
:1069E000F081000070B50546D5F87C03C469012626
:1069F00021792846FFF7FBFC0D2801D0022619E07B
:106A00000D49A06F884214D1E16FA06D814211D170
:106A100094F8840008B900260CE094F8840001285A
:106A200001D1012606E094F88400022802D1022652
:106A300000E00226304670BD555342532DE9F04127
:106A400004460D461646D4F87C03C76920780B2807
:106A50000ED105EB850000EBC50207F1900000EBBD
:106A6000820134223046F9F735FF0020BDE8F0817D
:106A70000220FBE770B50546D5F87C03C469607950
:106A800048B161792846FFF78CF861792846FFF70D
:106A90003FF900206071207948B121792846FFF73D
:106AA00080F821792846FFF733F900202071D5F8C6
:106AB0007C03C06940B1D5F87C13C869F9F746FC7E
:106AC0000020D5F87C13C861002070BDFEB50546D6
:106AD000D5F87C030179502306222846FFF7F0F809
:106AE0000646FF2E01D0022E03D300BF00BF0220B6
:106AF000FEBD3146284601F0F4F807460FB10220EA
:106B0000F6E74FF48070F9F7F2FBD5F87C13C86113
:106B1000D5F87C03C4691CB900BF00BF0220E7E7B9
:106B20004FF480712046F9F731FF06EB860000EB49
:106B3000C60105F2423000EB4100007B00F080000E
:106B4000A0B106EB860000EBC60105F2423000EB77
:106B50004100007BE07106EB860000EBC60105F208
:106B6000423000EB4100C089608113E006EB8600F3
:106B700000EBC60105F2423000EB4100007BA07142
:106B800006EB860000EBC60105F2423000EB410047
:106B9000C089208106EB860000EBC60105F2423079
:106BA00000EB4100007D00F08000A0B106EB860004
:106BB00000EBC60105F2423000EB4100007DE071C0
:106BC00006EB860000EBC60105F2423000EB410007
:106BD000C08A608113E006EB860000EBC60105F277
:106BE000423000EB4100007DA07106EB860000EB17
:106BF000C60105F2423000EB4100C08A208100202E
:106C000020736073A073A1792846FEF786FF607138
:106C1000E1792846FEF781FF20712846FFF726FD1F
:106C20002089022295F81D13CDE90012029095F8F3
:106C30001C33A2796179284600F0EAFD60890222BE
:106C400095F81D13CDE90012029095F81C33E279F6
:106C50002179284600F0DCFD217900222846FFF743
:106C600085FC617900222846FFF780FC00203FE781
:106C70002DE9F0410646D6F87C03C4694FF00108BF
:106C800001250127207B10B101287DD149E2B4F80C
:106C9000F8002178884278DA0121B4F8F80000EB96
:106CA000800202EBC00204F1900000EB8200417010
:106CB000B4F8F80000EB800101EBC00104F1900092
:106CC00010F8210009287CD2DFE800F0057B66FD82
:106CD00017FC7B7BFB0000BF00BF0421B4F8F80069
:106CE00000EB800202EBC00204F1900000F82210D9
:106CF000D6F8C403C4F8FC0007E2B4F8F80000EBCF
:106D0000800303EBC00304F1900000EB830000F16B
:106D10000F0294F8F810304600F00FFB054685B9D5
:106D200000BF00BF00BF00BF00BF00BF0221B4F81A
:106D3000F80000EB800202EBC00204F1900000F8C2
:106D40002210022D0BD10521B4F8F80000EB8002CF
:106D500002EBC00204F1900000F822101BE0042DA9
:106D600019D10121B4F8F80000EB800202EBC00257
:106D700004F1900000F822100221B4F8F80000EBB2
:106D8000800202EBC00201E0CEE1BFE104F190001D
:106D900000EB82004170B8E194F8F810304600F042
:106DA0004CFC0746F7BBB4F8F80000EB800101EBA0
:106DB000C00104F1900000EB8100807880B10121D6
:106DC00000E0A1E1B4F8F80000EB800202EBC002A1
:106DD00004F1900000EB820080F8311000BF0CE05D
:106DE0000021B4F8F80000EB800202EBC00204F1CD
:106DF000900000EB820080F831100321B4F8F80015
:106E000000EB800202EBC00204F1900000F82210B7
:106E10000021B4F8F80000EB800202EBC00204F19C
:106E2000900000E00DE000EB82004170B4F8F80043
:106E300000EB800202EBC00204F1900000EB820044
:106E40008170022F50D1B4F8F80000EB800101EB03
:106E5000C00104F1900000EB8100807802280ED080
:106E60000121B4F8F80000EB800202EBC00204F14B
:106E7000900000EB820080F8311000BF0CE0002190
:106E8000B4F8F80000EB800202EBC00204F19000BD
:106E900000EB820080F831100521B4F8F80000EB17
:106EA000800202EBC00204F1900000F822100121E0
:106EB000B4F8F80000EB800202EBC00204F190008D
:106EC00002E01BE196E029E000EB82004170022124
:106ED000B4F8F80000EB800202EBC00204F190006D
:106EE00000EB8200817018E0042F16D10121B4F864
:106EF000F80000EB800202EBC00204F1900000F801
:106F000022100221B4F8F80000EB800202EBC0026C
:106F100004F1900000EB82004170F6E0B4F8F80054
:106F200000EB800303EBC00304F1900000EB83004F
:106F3000021D94F8F810304600F0D2FA054685BBE1
:106F4000B4F8F80000EB800101EBC00104F19000FF
:106F500000EB810090F83100012805D100BF00BF8F
:106F600000BF00BF00BF00BF0121B4F8F80000EB74
:106F7000800202EBC00204F1900000F82210002110
:106F8000B4F8F80000EB800202EBC00204F19000BC
:106F900000EB82004170B4F8F800401CA4F8F8003F
:106FA00027E0FFE7022D0BD10521B4F8F80000EB34
:106FB000800202EBC00204F1900000F8221018E0F9
:106FC000042D16D10121B4F8F80000EB800202EB89
:106FD000C00204F1900000F822100221B4F8F80079
:106FE00000EB800202EBC00204F1900000EB820093
:106FF00041708AE0B4F8F80000EB800303EBC003B3
:1070000004F1900000EB830000F10C0294F8F810FA
:10701000304600F0B9FA0546F5BBB4F8F80000EBCD
:10702000800101EBC00104F1900000EB8100007BC6
:1070300006280CD0B4F8F80000EB800101EBC00189
:1070400004F1900000EB8100007B022814D1D6F8F7
:10705000C403D4F8FC10401A42F2107188420BD2DB
:107060000221B4F8F80000EB800202EBC00204F148
:10707000900000F8221048E000BF00BF00BF00BF32
:1070800000BF00BF0121B4F8F80000EB800202EB62
:10709000C00204F1900000E006E000F82210B4F80D
:1070A000F800401CA4F8F800022D0DD100BF00BF6D
:1070B0000821B4F8F80000EB800202EBC00204F1F2
:1070C000900000F8221018E0042D16D10121B4F828
:1070D000F80000EB800202EBC00204F1900000F81F
:1070E00022100221B4F8F80000EB800202EBC0028B
:1070F00004F1900000EB8200417006E0B4F8F80063
:10710000401CA4F8F80000E000BF09E00020A4F84B
:10711000F8000120207302213046D6F8D42390478E
:1071200003E04FF0000800E000BF00BF4046BDE8AC
:10713000F0812DE9F84380460C46D8F87C03C569F8
:107140000127012604EB840000EBC40105F1900047
:1071500010F82100052860D0062802D007287DD12C
:107160002DE000200346024621460090404600F0F4
:1071700064F9064656B9012104EB840000EBC40211
:1071800005F1900000F82210002717E0022E09D127
:10719000052104EB840000EBC40205F1900000F827
:1071A00022100BE0042E09D1082104EB840000EB2F
:1071B000C40205F1900000F8221002276BE00020C5
:1071C0000346024621460090404600F067FA064614
:1071D00056B9012104EB840000EBC40205F19000D4
:1071E00000F82210002717E0022E09D1052104EB38
:1071F000840000EBC40205F1900000F822100BE0BF
:10720000042E09D1082104EB840000EBC40205F12F
:10721000900000F8221002273DE004EB840000EB10
:10722000C40105F1900000EB810000F10C02214641
:10723000404600F0A9F90646DEB900BF00BF00BF16
:1072400000BF00BF00BF012104EB840000EBC402BB
:1072500005F1900000F82210022100E01AE004EB92
:10726000840000EBC40205F1900000EB8200417045
:107270000227022E01D100BF0BE0042E09D1082104
:1072800004EB840000EBC40205F1900000F822102A
:10729000022700E000BF00BF3846BDE8F8832DE9B3
:1072A000F84F04460E4691469A460A9FD4F87C034E
:1072B000C56994F8200360B120780B2809D106EB4A
:1072C000860000EBC60105F1900010F821000128AE
:1072D00002D00220BDE8F88F06202873062106EBB5
:1072E000860000EBC60205F1900000F82210A5F818
:1072F000FA6053464A4631462046009700F09DF812
:10730000D4F8C4830FE0D4F8C403A0EB080142F220
:1073100010707843814202D894F8200318B90120F4
:1073200028730220D6E731462046FFF702FF0128E6
:10733000E9D0012028730020CCE72DE9F041064672
:107340000F4615464FF00208D6F87C03C46994F83E
:107350005200012802D002286AD12FE02421E165E1
:10736000802184F860100A2184F86210002104F161
:107370000F00C4F86310C4F86710A4F86B10122152
:1073800084F863107807010E84F86410002184F8F3
:10739000651084F86610242184F86710002184F8B1
:1073A0006810012184F85010022184F8521004F171
:1073B00010008C2108514FF001083AE03946304660
:1073C000FFF768F98046B8F1000F30D12221284636
:1073D000F9F7BAFA8C200059007800F01F006870A5
:1073E0008C2000590078401128708C20005940787A
:1073F00000F08000802802D10120A87001E0002068
:10740000A8708C2000598168C5F80310C068C5F8C1
:1074100007008C20005900F11001102205F10C002A
:10742000F9F713FA8C200059006AC5F81D0000E036
:1074300000BF00BF4046BDE8F0812DE9FF41054691
:107440000F461E464FF00208D5F87C03C46994F835
:107450005200012802D002283CD135E0B4F898103F
:107460000A984143E165802184F860100A2184F87C
:107470006210102104F16300F9F766FA282184F8FC
:1074800063109DF80B1084F865109DF80A1084F8BD
:1074900066109DF8091084F867109DF8081084F8AC
:1074A00068109DF8291084F86A109DF8281084F857
:1074B0006B10012184F85010022184F852108C20A6
:1074C00006514FF0010806E039462846FFF7E2F87A
:1074D000804600E000BF00BF404604B0BDE8F08138
:1074E0002DE9F0410646884615460127D6F87C036B
:1074F000C46994F85200012802D002283FD11BE051
:107500000821E165802184F860100A2184F8621066
:10751000102104F16300F9F717FA252184F86310AC
:10752000012184F85010022184F8521004F1100057
:107530008C210851012723E041463046FFF7AAF885
:107540000746DFB98C200059C1788C20005980781B
:1075500041EA00218C200059407841EA00418C200A
:107560000059007841EA006028608C200059C179F8
:107570008C200059807941EA0020A88000E000BFFB
:1075800000BF3846BDE8F0812DE9F04106460F46C0
:1075900015464FF00208D6F87C03C46994F85200EF
:1075A000012802D0022843D12BE00E21E165802181
:1075B00084F860100A2184F86210102104F163003D
:1075C000F9F7C2F9032184F863107807010E84F8F3
:1075D0006410002184F8651084F866100E2184F888
:1075E0006710002184F86810012184F850100221EE
:1075F00084F8521004F110008C2108514FF001085A
:1076000017E039463046FFF745F88046B8F1000FDD
:107610000DD18C200059807800F00F0028708C204C
:107620000059007B68708C200059407BA87000E0F6
:1076300000BF00BF4046BDE8F0812DE9F04105469E
:107640000E460227D5F87C03C46994F8520001283D
:1076500002D002281DD116E00021E16584F86010F7
:107660000A2184F86210102104F16300F9F76CF923
:10767000002184F86310012184F85010022184F85D
:107680005210012706E031462846FFF703F8074667
:1076900000E000BF00BF3846BDE8F0812DE9FF41A2
:1076A00005460F461E464FF00208D5F87C03C46914
:1076B00094F85200012802D002283CD135E0B4F8F9
:1076C00098100A984143E165002184F860100A216E
:1076D00084F86210102104F16300F9F735F92A21CA
:1076E00084F863109DF80B1084F865109DF80A105B
:1076F00084F866109DF8091084F867109DF808104A
:1077000084F868109DF8291084F86A109DF82810F4
:1077100084F86B10012184F85010022184F8521073
:107720008C2006514FF0010806E039462846FEF746
:10773000B1FF804600E000BF00BF404604B0BDE896
:10774000F08101460020704730B50246D2F87C43F4
:10775000E36914780B2C0BD101EB810404EBC10518
:1077600003F1900404EB850464780CB9012000E077
:10777000002030BD2DE9F84F04460E4691469A464A
:107780000A9FD4F87C03C56994F8200360B120787F
:107790000B2809D106EB860000EBC60105F190002D
:1077A00010F82100012802D00220BDE8F88F072040
:1077B0002873072106EB860000EBC60205F1900056
:1077C00000F82210A5F8FA6053464A463146204692
:1077D0000097FFF763FFD4F8C4830FE0D4F8C40325
:1077E000A0EB080142F210707843814202D894F86D
:1077F000200318B9012028730220D6E7314620461D
:10780000FFF797FC0128E9D0012028730020CCE77E
:107810002DE9FE4F04460D4616461F46DDE90D9A3A
:10782000DDF830803B463246294620468DE8000789
:10783000FEF762FE0020BDE8FE8F2DE9F84F0446FA
:107840000E46934635464FF00008C14600BF3078DB
:10785000207070786070B178F07841EA0020608024
:107860003079207170796071B079A071F079E07130
:10787000307A2072BBF1090F4AD909200090002705
:107880003EE069462846FEF78BFA054668780428EC
:1078900036D108EB880000EBC80104F10A0000EBC8
:1078A00041072946384600F071F84FF00009CA46F2
:1078B0001AE069462846FEF773FA054668780528F7
:1078C00012D108EB880000EBC80104F10A0000EBBC
:1078D00041000A3000EBC90A2946504600F046F83C
:1078E00009F1010000F0FF093879484504DD60889E
:1078F000BDF800108842DCDC08F1010000F0FF0850
:10790000B8F1020F04D26088BDF800108842B8DCDC
:10791000BDE8F88F10B50B7803704B7843708C7806
:10792000CB7844EA032343800B7903714B7943718D
:107930008B798371CB79C371082A16D90C7A4B7A6B
:1079400044EA032303818C7ACB7A44EA03234381FC
:107950000C7B4B7B44EA032383818B7B8373CB7B40
:10796000C3730B7C03744B7C437410BD0A780270A4
:107970004A7842708A788270CA78C2700B794A79E4
:1079800043EA022282808A79827170470A78027003
:107990004A7842708A788270CA78C2700A79027115
:1079A0004A7942718A798271CA79C2710A7A0272FD
:1079B000704730B513464578032D14D10578AD1EB8
:1079C0009D4202D80578AD1E00E01D46ACB2801C79
:1079D000002204E0855C0D70491C951CAAB2A242ED
:1079E000F8DB00250D7030BD7FB504460220039002
:1079F000002594F82103012801D10320207020786C
:107A00000E287DD2DFE800F0071B46F57C80FF984A
:107A1000A3AEC0F37CF294F8200378B100BF00BF9E
:107A200001202070C820FEF745F92046FEF78CFDA6
:107A3000002184F81C130020C4F8C80334E194F832
:107A40002303012807D100BF00BF002184F81F13C2
:107A5000022020701DE0D4F8C803B0F57A7F10D959
:107A600094F81F03401C84F81F0394F81F03032895
:107A700004D900BF00BF0D2020700AE00020207054
:107A800007E0D4F8C8030A30C4F8C8030A20FEF798
:107A900011F909E1D4F8D40320B104212046D4F827
:107AA000D42390476420FEF705F92046FEF7A8FC92
:107AB00084F81D030520207000212046FEF72DF8D4
:107AC000607180212046FEF728F82071A0790022FD
:107AD00094F81D13CDE90012029094F81C3321791B
:107AE00080222046FFF794FEA079002294F81D130F
:107AF000CDE90012029094F81C336179204600E031
:107B0000D0E0FFF785FECFE02046FEF79BFA03901A
:107B10009DF80C0078B900BF00BF002184F8241341
:107B200094F83703012804D100BF00BF082020705B
:107B300001E007202070B7E0D4F8D40330B1012170
:107B40002046D4F8D423904708202070ACE094F865
:107B50003D13204600F0EDF818B90920207000BF51
:107B600000BFA1E094F83F0300F0200048B10121DC
:107B7000204600F0F2F830B900BF00BF0A202070A4
:107B800001E00A2020708FE0D4F8800308B900BF1C
:107B900038E00020C4F87C03002511E004F55E7095
:107BA00050F82500017994F84703814206D104F585
:107BB0005E7050F82500C4F87C0303E0681CC5B271
:107BC000002DEBD000BFD4F87C03B8B1D4F87C030F
:107BD00081682046884768B90620207000BF00BF32
:107BE00003212046D4F8D42390470BE05BE026E045
:107BF00009E02DE00D20207000BF03E00D20207073
:107C000000BF00BF50E0D4F87C0398B1D4F87C03E7
:107C100001692046884703909DF80C0010B90B209D
:107C200020700BE09DF80C00022807D10D20207079
:107C300000BF03E00D20207000BF00BF34E0D4F887
:107C40007C0320B1D4F87C034169204688472BE0AF
:107C5000002184F821132046FAF7FDF8D4F87C03BC
:107C600038B1D4F87C03C168204688470020C4F8A6
:107C70007C03D4F8D40320B105212046D4F8D423C2
:107C8000904700BF00BF94F82203012806D10021CD
:107C900084F82213204600F074F802E02046FEF734
:107CA00088FC01E000BF00BF00BF002004B070BD31
:107CB00010B50246002081B1D2F880334BB9D2F81A
:107CC0008043631CC2F8803302F55E7343F82410CE
:107CD00006E000BF00BF022002E000BF00BF02209C
:107CE00010BD0246002092F83C338B4209DD82F839
:107CF000241300BF00BF00BF00BF00BF00BF00BF14
:107D000002E000BF00BF0220704770B504460D4678
:107D1000A078012807D100212174052161746582B2
:107D20000021A182E182002211462046FDF76BFF6F
:107D300070BD70B504460D46A078012807D100211A
:107D400021740921617465820021A182E1820022EF
:107D500011462046FDF757FF70BD70B504460D462D
:107D6000A078012807D10021217403216174658264
:107D70000021A182E182002211462046FDF743FF47
:107D800070BD10B504462046FEF713FC01212046C5
:107D9000FEF720FB002010BD0146002070470000C8
:107DA000F0B58DB005460E461446012736B1012EBA
:107DB00006D0022E10D0032E2CD11AE000272BE083
:107DC0006A4629461648FEF739FE18B90198206020
:107DD000002700E001271FE06A4629461048FEF709
:107DE0002DFE20B9BDF808002060002700E0012723
:107DF00012E06A4629460A48FEF720FE40B9BDF85F
:107E00000800C11700EBD15149122160002700E0A2
:107E1000012701E0042700BF00BF38460DB0F0BDC8
:107E2000202500202DE9F0418EB004460D4617466E
:107E30001E464FF001082B463A462146124800964E
:107E4000FFF72DFA10B94FF0000818E001AA2146FB
:107E50000D48FEF7F3FD9DF81100042804D02828F2
:107E600004D03A2807D100E000BF00BF00BF00BF28
:107E70004FF0030802E04FF0010800BF00BF40468A
:107E80000EB0BDE8F08100002025002070B504464A
:107E9000012521460448FFF757FC08B1002500E002
:107EA0000125284670BD0000202500202DE9F04165
:107EB0008EB004460D4617461E464FF001082B466D
:107EC0003A46214615480096FFF754FC10B94FF08A
:107ED00000081FE001AA21461048FEF7AFFD9DF8FB
:107EE000110004280BD0272804D0282809D03A28CC
:107EF0000CD105E000BF00BF4FF0020809E000BF51
:107F000000BF00BF00BF4FF0030802E04FF00108C0
:107F100000BF00BF40460EB0BDE8F0812025002024
:107F20000FB470B504460A98012817D1A06B20F44D
:107F30008030A063E0681A490840E060E06820F4FF
:107F40004010E0601198012803D1E06840F48010EF
:107F5000E060204600F026F8054612E0E06840F0B8
:107F60004000E060204600F01DF805460E9820B95C
:107F7000A06B40F48030A06303E0A06B20F480305D
:107F8000A0630898012807D1A06840F00600A0600F
:107F9000A06840F02000A060284670BC5DF814FB8B
:107FA000BFFFBDFF08B501460020009000BF00984C
:107FB000401C104A0090904201D9032008BD086976
:107FC00000F000400028F2D000200090086940F046
:107FD0000100086100BF0098401C064A00909042D2
:107FE00001D90320EAE7086900F001000028F2D176
:107FF00000BFE3E7400D03000146886820F0010060
:108000008860002070470000F0B503461C460A4611
:1080100001260D4800EAC64040F00047114604F52D
:10802000A06000EB4110076104F5A06000EB411077
:10803000056825F0804545F0004504F5A06000EB9B
:10804000411005600020F0BD0000F81F08B5024691
:10805000134600200090D3F840040090009820F0D0
:108060002E000090009800F4805030B9012904D10E
:10807000009840F48050C3F84004009800F4805009
:10808000B0F5805F05D121B9009820F48050C3F885
:108090004004002008BD0146886840F00100886067
:1080A0000020704708B501460020009010200861AC
:1080B00000BF0098401C064A0090904201D903205E
:1080C00008BD086900F010001028F2D00020F7E782
:1080D000400D030008B5024600200090202040EA31
:1080E0008110106100BF0098401C064B0090984220
:1080F00001D9032008BD106900F020002028F2D02B
:108100000020F7E7400D030001460A464FF4816066
:10811000805880B2704708B501460A46002000909A
:10812000D2F8400400900098C0F3414008BD0146D9
:10813000486900F001007047F0B503460C461A4646
:108140002146002502F5A06000EB41100068C0F355
:10815000814602F5A06000EB41100068C70F9868E7
:1081600000F02000202802D10FB90020F0BD0EB190
:10817000022E5DD102F5A06000EB4110006840F0D6
:10818000804C02F5A06000EB4110C0F800C0986878
:1081900000F0200000283BD1D86A00F47F00C0BB6B
:1081A00002F5A06000EB4110006820F0004C02F5E1
:1081B000A06000EB4110C0F800C002F5A06000EB29
:1081C0004110006840F0004C02F5A06000EB411047
:1081D000C0F800C002F5A06000EB4110006820F478
:1081E000004C02F5A06000EB4110C0F800C000BFD9
:1081F000681C0546B0F57A7F00D909E002F5A06059
:1082000000EB4110006800F00040B0F1004FEFD0EB
:1082100068E0FFE702F5A06000EB4110006840F065
:10822000004C02F5A06000EB4110C0F800C059E01E
:1082300002F5A06000EB4110006840F0804C02F5B0
:10824000A06000EB4110C0F800C04FF4826080587D
:1082500000F47F00C0BB02F5A06000EB4110006895
:1082600020F0004C02F5A06000EB4110C0F800C007
:1082700002F5A06000EB4110006840F0004C02F5F0
:10828000A06000EB4110C0F800C002F5A06000EB58
:108290004110006820F4004C02F5A06000EB411092
:1082A000C0F800C000BF681C0546B0F57A7F00D951
:1082B00009E002F5A06000EB4110006800F000400A
:1082C000B0F1004FEFD00DE0FFE702F5A06000EB4A
:1082D0004110006840F0004C02F5A06000EB411036
:1082E000C0F800C0002041E72DE9FF4F81B00646ED
:1082F0000C461746DDF83C80002000903546411EB4
:1083000005F5A06000EB44108160B8F1000F09D0C2
:10831000B8F1010F48D0B8F1020F04D0B8F1030F43
:108320005AD129E000BF40F29D4105F5A06000EB65
:108330004410C16007F0800080280CD105F5A060D2
:1083400000EB4410C06840F4807105F5A06000EBBC
:108350004410C1600FE0F06B00F4807058B105F577
:10836000A06000EB4410C06840F0600105F5A0601B
:1083700000EB4410C16032E040F29D6105F5A06061
:1083800000EB4410C16007F0800080280BD105F598
:10839000A06000EB4410C06840F4807105F5A06057
:1083A00000EB4410C1601AE040F2252105F5A06001
:1083B00000EB4410C16007F0800080280BD105F568
:1083C000A06000EB4410C06840F4C07105F5A060E7
:1083D00000EB4410C16002E00120009000BF00BF2C
:1083E0004FF48360405904F00F020121914008438B
:1083F0004FF483614851B06940F00070B06107F0FC
:108400008000802802D14FF4004901E04FF00009BC
:108410003046FFF780FE83460E98022805D1BBF157
:10842000020F02D04FF4003A01E04FF0000A4FF083
:10843000FE51049801EA80504FF4F04101EAC7214F
:1084400008434FF4402101EA884108431099C1F3E1
:108450000A01084340EA090040EA0A0005F5A06164
:1084600001EB44110860B8F1030F0BD105F5A060D2
:1084700000EB4410006840F0005105F5A06000EBEF
:1084800044100160009805B0BDE8F08F01460A462F
:1084900040F21440805880B2704700002DE9FE4F32
:1084A00007460C4691463E4665784FF4807BF86B54
:1084B00000F4807010B3207900BBB9F1010F10D126
:1084C000E07910B1E07902280BD106F5A06000EB4D
:1084D0004510C06820F0700106F5A06000EB451063
:1084E000C160B9F1000F09D16079012806D1617826
:1084F0003846FFF789FD0020BDE8FE8F606978B13E
:10850000218960690844401EB0FBF1F01FFA80F831
:10851000D84507DDD846208900FB08F0206101E03E
:108520004FF00108E07820B1208900FB08F02061BD
:1085300001E0606920612069C0F312004A4901EA44
:10854000C8410843A17A4FF0C04202EA4171084392
:1085500006F5A06101EB45110861B9F1000F05D0E6
:1085600006F5A06000EB4510E16841614FF48160C1
:10857000805900F0010080F00100019006F5A06034
:1085800000EB4510006820F0005106F5A06000EBFC
:108590004510016006F5A06000EB451001680198E8
:1085A00041EA407106F5A06000EB4510016006F558
:1085B000A06000EB451000680290029820F0804017
:1085C0000290E07820B1029840F40040029003E06D
:1085D000029820F400400290029840F0004002907F
:1085E00006F5A06000EB451002990160B9F1000F9B
:1085F00001D0002080E7E07898BB606988B3E0791B
:1086000030B1012813D0022803D003281ED10DE079
:1086100000BF6069C01CC0F38F0AF86A80B2504581
:1086200003D2B86940F02000B86110E000BF606973
:10863000C01CC0F38F0A4FF48260805980B250454D
:1086400003D2B86940F08060B86100E000BF00BFAD
:1086500000200090A08A83B262783846E16800F07A
:1086600080F9002048E700000000F81F0FB470B543
:10867000044625460020C5F8000EA06B40F400100B
:10868000A063A06B20F40020A063A06B20F48020E6
:10869000A063E06B00F4807080B10798012806D1D8
:1086A000D5F8000440F00400C5F800040CE0D5F84B
:1086B000000420F00400C5F8000405E0D5F800042B
:1086C00020F00400C5F8000410212046FFF702FD49
:1086D0002046FFF7E7FC00260DE04FF0FF3105F5DF
:1086E000A06000EB46108160002105F5A06000EB62
:1086F0004610C160761C0698B042EED80020A061FA
:10870000401E6061E06B00F4807040B14FF4007077
:1087100060620D48A0620D48C4F8000106E08020A8
:1087200060620B48A0620B48C4F80001089818B9B1
:10873000A06940F01000A061A06907490843A0614A
:10874000002070BC5DF814FB000200010003E00093
:1087500080006000E0004000080020A310B5024641
:108760000B461146D1F8000420F00300C1F80004C4
:10877000D1F8000403F003042043C1F80004012BE6
:1087800005D14BF6803440F20440445006E0022B01
:1087900004D141F2707440F204404450002010BDF6
:1087A000014648698A69104070472DE9F041044646
:1087B0000D46274628464FEA920C02F0030300219B
:1087C0000AE04FF4805858F80780C0F80080401C39
:1087D000401C401C401C491C6145F2D39BB1002148
:1087E0004FF4805858F8076000BF4FEAC10826FAD6
:1087F00008F880F80080491C401CA3F101081FFA0A
:1088000088F3002BF1D1BDE8F08138B50446254648
:1088100000200090D5F840040090009820F02E0031
:108820000090009840F48070C5F840046420FAF786
:10883000F9F9009820F48070C5F840040A20FAF78E
:10884000F1F9002038BD70B504460E460025E068F9
:1088500020F0C040E060012E10D1E06840F00050F0
:10886000E06000BF0120FAF7DDF96D1C2046FFF73C
:108870005EFC012815D0322DF4D312E07EB9E068F9
:1088800040F08040E06000BF0120FAF7CBF96D1C9A
:108890002046FFF74CFC20B1322DF5D301E001203A
:1088A00070BD322D01D10120FAE70020F8E72DE953
:1088B000F04107463E464FF000083846FFF79CFB64
:1088C00010213846FFF706FC3846FFF7EBFB002483
:1088D00010E006F5A06000EB4410056845F0804507
:1088E00025F0004525F4004506F5A06000EB441096
:1088F0000560641C0F2CECD9002423E006F5A06071
:1089000000EB4410056845F0804545F0004525F42E
:10891000004506F5A06000EB4410056000BF08F1BB
:1089200001008046B0F57A7F00D909E006F5A06025
:1089300000EB4410006800F00040B0F1004FEED0B2
:1089400000BF641C0F2CD9D94FF0FF3140F2144006
:108950008151084678613846FFF79DFB0020BDE84D
:10896000F0812DE9F04304460D461E46DDF81CC09B
:10897000A0462946BCF1000F12D1F01C8708002345
:108980000CE0D1F8009008F5805000EB0230C0F800
:108990000090491C491C491C491C5B1CBB42F0D37C
:1089A0000020BDE8F08300BFFEE7000010B50522FF
:1089B00002490348F9F762FE10BD0000643100204F
:1089C0007803002010B50B480068401E00EB001033
:1089D00009494218002109480CF05DFB0548006870
:1089E000401E00EB001006494218012103480CF01C
:1089F00052FB10BDC001002013A50108A0310020CA
:108A000079A501080E48006842F21071884207D12A
:108A100000200B4908600B480068401C09490860A9
:108A200007480068401D06490860074890ED000AA5
:108A3000DFED060A30EE200A80ED000A70470000E4
:108A4000EC010020E8010020BC01002000004842A9
:108A500010B50021012002F0D5FF10BD10B5012195
:108A6000084602F0CFFF10BD00200C4908600C49F9
:108A7000086001200B49086010200B490860402065
:108A80000A49086080200A490860202009490860D6
:108A90009FED090A094880ED000A7047EC010020AB
:108AA000E8010020D4010020D8010020DC010020D2
:108AB000E0010020E401002000000000BC010020D3
:108AC00010B50F480068401E00EB00100D49421819
:108AD00000210D480CF0DFFA09480068401E00EB49
:108AE00000100A494218012107480CF0D4FA064840
:108AF0000CF0EFFA4FF47A71054809F060F910BDF7
:108B0000C0010020B59F0108A03100201BA0010872
:108B1000C830002070B504463A4920460EF08BFE5E
:108B2000394908700846007888B96420F7F7DFFBF8
:108B30000546224635A12846F7F7B2FC284608F03C
:108B4000ADFF2846F7F702FC2F48007870BD0B22D6
:108B500021463C480EF004FC2B490870084600787A
:108B600098B16420F7F7C3FB0546234626480278F0
:108B700035A12846F7F794FC284608F08FFF2846D1
:108B8000F7F7E4FB20480078E0E76420F7F7AFFB55
:108B90000546224636A12846F7F782FC284608F00B
:108BA0007DFF2846F7F7D2FB00BF26480EF07EFB7C
:108BB000154908700846007888B16420F7F797FBDC
:108BC000054623461048027839A12846F7F768FC85
:108BD000284608F063FF2846F7F7B8FB0FE064204B
:108BE000F7F785FB054622463AA12846F7F758FCD9
:108BF000284608F053FF2846F7F7A8FB00BF0248B5
:108C00000078A3E758020020000000204552524F90
:108C100052212121202A25732A20616C726561640A
:108C20007920657869737473212121210A20757375
:108C300065205570646174655F46696C65200A0A39
:108C400000000000C81400204552524F522121213B
:108C5000204E6F2E20256420696E2063726561743A
:108C6000696E672066696C65202A25732A0A0A00E6
:108C70002A25732A206372656174656420737563A5
:108C80006365737366756C6C790A204E6F77207517
:108C900073652057726974655F46696C6520746FEF
:108CA00020777269746520646174610A00000000B5
:108CB0004552524F52204E6F2E20256420696E205F
:108CC000636C6F73696E672066696C65202A257313
:108CD0002A0A0A0046696C65202A25732A20434C1B
:108CE0004F534544207375636365737366756C6C8D
:108CF000790A0A0070B50546482D71D02BDC0D2D80
:108D00006FD00ADC0D2D6DD2DFE805F0728690A3DE
:108D1000B2C2CEDEEAFAF8F7F600162D79D00DDCF5
:108D2000A5F10E000828EED2DFE810F072019501DF
:108D30005C00B801C501CC015C00D301332D69D0C2
:108D400004DC1F2D67D0292D4CD111E2342D79D0B0
:108D50003D2DF9D16FE2F22D75D01EDC572D73D069
:108D60000EDC522D71D006DC492D6FD04A2D6ED00D
:108D70004D2DE9D184E2532D6AD0542DE4D19AE2ED
:108D8000642D72D004DC5C2D70D0632DDCD1C9E27F
:108D9000F02D6CD0F12DD7D121E340F2EB31681AE0
:108DA0008D4271D014DCB5F57A7F6ED009DCB5F553
:108DB000617F6BD0A5F28630002868D05828C3D1D7
:108DC000ABE3A5F2E93000287AD00128BCD1FDE35D
:108DD000092876D007DC012874D00228B4D1F6E344
:108DE00033E2F2E026E212286DD01328ACD1D3E3AF
:108DF00007F070FE0520FE490860FE48017800205B
:108E000002F0BEFAFC4908800A21FC4808F0FCFE8A
:108E100010E27CE1B3E1A1E107F07CFEF5480178C6
:108E2000012002F0ADFAF4490880F1E707F088FE6E
:108E300007F06AFDEF480178022002F0A1FAEE493E
:108E40000880E5E7BCE1D9E23CE220E20AE210E278
:108E50002AE207F083FE07F057FDE6480178032079
:108E600002F08EFAE4490880D2E78FE231E2A7E20D
:108E700007F08AFE07F048FDDE480178042002F082
:108E80007FFADD490880C3E7F7E3B0E3BEE2C9E259
:108E900007F090FE07F038FDD6480178052002F073
:108EA0006FFAD5490880B3E707F09AFE07F02CFD6A
:108EB000D0480178062002F063FACF490880A7E77E
:108EC000F6E334E3F5E33EE307F0A0FE07F01CFD14
:108ED000C8480178072002F053FAC749088097E78D
:108EE00007F0AAFE07F010FDC2480178082002F042
:108EF00047FAC14908808BE73FE019E00CE0FFE743
:108F000007F0B0FE07F000FDBA480178092002F032
:108F100037FAB94908807BE707F0D2FE07F0F4FC86
:108F2000B44801780A2002F02BFAB34908806FE7B1
:108F300007F0F4FE0020B2490860AE4801780B202B
:108F400002F01EFAAC49088007F0DEFCAA4800884F
:108F5000642802D10020AA490860A74800880C288C
:108F60000AD10120A6490860A6480CF00FF801229A
:108F70000521A4480CF022F84AE700229D48017818
:108F8000A1480CF017FC07F0E9FE00219E480CF008
:108F9000C7FE064607F0B8F9964801780C2002F0A3
:108FA000EFF99549088092480068022805D10846E3
:108FB00000880D2801D1642008808F4800880C2883
:108FC00002D090480BF0ECFF22E78E480BF0F2FF46
:108FD00038B98C480BF0DAFF0122052189480BF0E3
:108FE000EDFF01228348017887480CF0E3FB07F08E
:108FF000CFFE012184480CF093FE064607F084F969
:109000007C4801780D2002F0BBF97B490880FFE61F
:109010007C480BF0CFFF38B97A480BF0B7FF01223C
:10902000052178480BF0CAFF022272480178764881
:109030000CF0C0FB07F0C6FE022173480CF070FE76
:10904000064607F061F96B4801780E2002F098F9A6
:1090500069490880DCE66B480BF0ACFF38B9694819
:109060000BF094FF0122052166480BF0A7FF0322B5
:109070006048017864480CF09DFB07F0BDFE0321B9
:1090800061480CF04DFE064607F03EF9594801785C
:109090000F2002F075F958490880B9E601205B49B4
:1090A000086007F0C3FE53480178262002F068F9F3
:1090B00051490880ACE602204D4908600B204E491A
:1090C0000880FFE305204A4908600B204A490880D0
:1090D000F8E307F0C5FE02204C490860002048492B
:1090E000086044480178102002F04AF9424908809B
:1090F00008460088642802D10020414908603E48A3
:109100000088162802D101203D490860DAE33D4875
:109110000BF050FF38B93B480BF038FF0122052116
:1091200038480BF04BFF04223248017836480CF0E7
:1091300041FB07F0B5FE042133480CF0F1FD064673
:1091400007F0E2F82B480178112002F019F92A49BA
:1091500008802F48006807F049F8B3E303202B4943
:1091600008600A202B490860642023490880A9E38D
:1091700004202649086064201F490880A2E30120DA
:109180002249086002201A4908600120224908602B
:1091900007F0C4FD17480178122002F0F1F81649D3
:1091A000088008460088642802D10020144908601D
:1091B00011480088342802D101201149086081E358
:1091C00010480BF0F7FE38B90E480BF0DFFE012215
:1091D00005210C480BF0F2FE0422064801780A48EB
:1091E0000CF0E8FA07F076FE0421074816E00000CC
:1091F000040200202802002024020020C8300020A1
:1092000008020020A0310020C831002038020020D0
:10921000C4010020300200200C0200200CF080FD70
:10922000064607F071F8F9480178132002F0A8F813
:10923000F749088046E30620F64908600A20F64907
:1092400008606420F24908803CE30720F149086087
:1092500007F05AFEED4801783E2002F091F8EC4903
:1092600008802FE30120ED4908604D20E84908807F
:1092700028E30A20E94908604D20E549088021E3F8
:109280000720E44908606420E14908801AE30820C7
:10929000E049086007F038FEDC4801783F2002F022
:1092A0006FF8DB4908800DE30120DC490860572096
:1092B000D749088006E30A20D84908605720D449D6
:1092C0000880FFE20820D34908606420D049088064
:1092D000F8E20920CF490860D1480BF06BFE38B99D
:1092E000CF480BF053FE01220521CD480BF066FE5E
:1092F0000422C6480178CB480CF05CFA07F01EFE49
:109300000421C8480CF00CFD064606F0FDFFBF48DE
:109310000178252002F034F8BD4908800120C249B7
:109320000860CFE20A20BB490860BD480BF042FE4E
:1093300038B9BB480BF02AFE01220721B8480BF0D0
:109340003DFEB2480178B7480CF00AFB07F010FE6A
:10935000B4480CF001FBB04908600846006806F00C
:1093600055FFAA480178372002F00AF8A84908807A
:10937000A9480068012801DA63200880A64800682F
:109380000A2802DD6320A24908809BE2A4480BF072
:1093900011FE10B1A2480BF003FE07F003FE08F027
:1093A000FFFB0020A1490860A1490860642098499A
:1093B000088000209F49086001209F49086081E2E1
:1093C0009E4808F025FC48B108F036F84FF4FA61E1
:1093D0009A4808F019FCF1208D49088072E29748FC
:1093E00008F016FC48B108F063F84FF4FA619348AE
:1093F00008F00AFCF2208649088063E28F4808F0F2
:1094000007FC10B10020824908805BE208F084F973
:1094100007F07AFA7D480178382001F0B1FF7C49E5
:1094200008804FE20B207B490860012084490860D6
:1094300010208449086040208349086080208349C7
:10944000086020208249086008F07CF90021012092
:1094500002F0D8FA7FA001F089FF002171480CF0DA
:1094600027FC18B17CA001F081FF02E07BA001F095
:109470007DFF0021062002F0C5FA79A001F076FFF9
:10948000012168480CF014FC18B173A001F06EFFC4
:1094900002E072A001F06AFF0021092002F0B2FA96
:1094A00070A001F063FF02215E480CF001FC18B1CE
:1094B00069A001F05BFF02E068A001F057FF002106
:1094C0000C2002F09FFA68A001F050FF03215548DC
:1094D0000CF0EEFB18B160A001F048FF02E05FA0C5
:1094E00001F044FF00210F2002F08CFA5FA001F090
:1094F0003DFF04214B480CF0DBFB18B15CA001F0F0
:1095000035FF02E05BA001F031FF404801783920CF
:1095100001F036FF3E490880D4E108F027F93B48C6
:1095200001783A2001F02CFF39490880CAE108F09F
:10953000D5F907F0E9F9354801783A2001F020FF24
:1095400033490880BEE136480BF034FD38B9344861
:109550000BF01CFD0122052131480BF02FFD0C20E2
:109560002C4908600120304908600422274801780E
:109570002C480CF01FF908F0C7F9042129480CF019
:10958000CFFB064606F0C0FE204801783B2001F0E4
:10959000F7FE1F49088095E121480BF00BFD38B913
:1095A0001F480BF0F3FC012204211D480BF006FDBF
:1095B0000522164801781B480CF0FCF805211948D3
:1095C0000CF0AEFB1749C1F8200201E052E197E030
:1095D00008F0FCF91349D1F8200206F0FFFE0B4811
:1095E00001783C2001F0CCFE094908806AE1FFF7D0
:1095F000E9F9002405480078032844D106F056FE16
:10960000D0BB40F2EB300249088050E02802002035
:109610002402002038020020300200201002002026
:10962000A0310020C831002008020020EC010020F9
:10963000E8010020D0010020CC010020C83000202B
:10964000D4010020D8010020DC010020E00100202E
:10965000E4010020533A30006F2000007820000021
:109660003100000032000000330000003400000030
:109670006F0000007800000000E01BE04FF47B70FA
:109680009549088013E095480078062805D194484C
:10969000B0F900009049088009E09048007801285E
:1096A00005D16A208C49088001208E49086009E1B3
:1096B000D7E04BE006F0FAFD80B98B480068401E09
:1096C00000EB001089494218002189480BF0E3FCA7
:1096D000884A012186480BF0DEFC06E040F2ED30BE
:1096E0007D49088006207D4908707C480078012863
:1096F00005D16A207849088001207A490860E1E0B4
:1097000079480068401E00EB00107B494218002198
:1097100077480BF0C0FC74480068401E7749421837
:10972000012173480BF0B7FC6C480078062804D17F
:109730004FF47B706849088007E06848007801288A
:1097400003D14FF47A7064490880BBE06C4800682C
:109750000D2863D2DFE800F0620728384262414AF0
:109760004B29396253006748006860B16648006859
:1097700008B1012000E000200146052263480AF0FC
:10978000ADFC04460CE06048006808B1012000E030
:10979000002002465E4801785C480AF0BBFA0446A5
:1097A00000205849086039E000BF5748006808B1F8
:1097B000012000E0002001465148008802B25348D1
:1097C0000AF08CFC044629E000BF4D48008801B235
:1097D0004E480AF00DFA044620E000BF48480088D1
:1097E00001B24A4809F0E4FF044617E000BF4448CC
:1097F000008801B245480AF0D5F804460EE0424818
:10980000006808B1012000E0002001463C480088C3
:1098100002B23E480AF062FC044600BF00BF5CB1E1
:1098200031480068401E00EB00103A4942180121FF
:109830002F480BF030FC0AE02B480068401E00EB7C
:10984000001035494218012129480BF024FC4FF43F
:109850007A71324808F0D8F940F2E9301E490880A0
:1098600030E02E4808F0D4F918B140F2EA301A4935
:10987000088027E01C480068401E00EB00102849C3
:10988000421800211A480BF006FC17480068401ED9
:1098900000EB001023494218012115480BF0FBFB97
:1098A0000E480078062805D10D48B0F900000A4995
:1098B000088006E009480078012802D164200649A2
:1098C000088000BF00BF0448B0F90000854201D005
:1098D000012070BD0020FCE72402002028020020A7
:1098E00026020020CC010020C0010020D4A90108DC
:1098F000A0310020C3A9010807AA0108B2A90108E4
:10990000380200200C02002008020020550200202E
:1099100004020020D3AA010806AB0108C8300020C9
:109920006DAA0108A0AA010870B50446FF2540F2FF
:10993000F511601A8C4272D016DC692C70D008DCEC
:10994000A4F16400052839D2DFE800F0293987BE88
:10995000DD006A2C6FD0CA2C6ED0B4F5977F6CD026
:10996000B4F5C97F2AD1C2E1CA2867D00CDC03282C
:1099700070D004DC01286ED00228F3D1FBE104286A
:109980006AD0C928EED165E2A0F22D1000287DD062
:1099900001287CD064287BD06528E3D126E307F03A
:1099A00001FBFD480078062808D10020FB4908800B
:1099B000FB490860FB49086008F0ECF839E308F05F
:1099C000E9F8F94800680D2842D2DFE800F04107C5
:1099D0000B0F1441191E232A38413D006620EF4920
:1099E000088035E0CA20ED49088031E04FF49770D7
:1099F000EA4908802CE04FF4C970E849088027E064
:109A00004FF49770E549088022E040F2BE20E34918
:109A100008801DE040F22230E049088018E082E131
:109A200090E040F28630DD490880FFF717F8DF4804
:109A300001F09CFC0CE0A9E025E13CE12FE24FF4B1
:109A40009770D649088003E0CA20D449088000BF37
:109A500000BFEEE2D0E178E1F3E107F0C3FA0021C4
:109A60000C2001F0CFFFD2A001F080FCCA480078A2
:109A7000062809D10020CA490860CA490860642044
:109A8000C649088008F08CF8CB4802E0E3E145E2E3
:109A90008AE20068012816D1C848006802280FD160
:109AA000C048006818B1C6480BF028FE02E0C44860
:109AB0000CF03AF96A20B949088008F071F802E020
:109AC0006720B6490880B4E207F08CFA00210C2028
:109AD00001F098FFBBA001F049FCAF4800780628D0
:109AE00009D10020AE490860AE4908606420AB4946
:109AF000088008F055F8B0480068022802D16820B4
:109B0000A649088095E207F06DFA00210C2001F0CB
:109B100079FFAEA001F02AFC9F480078062809D101
:109B200000209F4908609F49086064209B49088085
:109B300008F036F8A0480068032802D16920974948
:109B4000088076E207F04EFA00210C2001F05AFF5F
:109B5000A0A001F00BFC90480078062809D1002055
:109B60008F4908608F49086064208C49088008F09C
:109B700017F891480068042807D191480CF0D4F8F0
:109B80006A208649088008F00BF852E207F046FA8E
:109B90008148007801F0C6FF8049088008460088A7
:109BA00001280BD100207E4908607C48B0F90000F4
:109BB0008A4908804FF47A7078490880774800888D
:109BC0006E2804D102207649086007F0E3FF73484D
:109BD000B0F90000FA2804D102207149086007F0AA
:109BE000D9FF6E48B0F90000B0F5AF7F07D1022071
:109BF0006B49086000207A49088007F0CBFF67486E
:109C0000B0F90000B0F5CD7F07D1022064490860AB
:109C100000207349088007F0BDFF6048B0F90000DC
:109C200040F2C621884209D102205D490860002027
:109C30006B4908806B49088007F0ACFF5748B0F9C2
:109C4000000040F22A31884209D1022054490860BC
:109C50000020634908806349088007F09BFF4F4854
:109C6000B0F9000040F2B631884204D102204C49DC
:109C7000086007F08FFF49480088642802D100205F
:109C800047490860D5E107F0ADF900210D2001F04A
:109C9000B9FE55A001F06AFB3F480078062809D1BB
:109CA00000203F4908603F49086064203B49088024
:109CB00007F076FFBDE107F095F900210C2001F0D7
:109CC000A1FE4BA001F052FB4548008806F0A2FD22
:109CD00031480078062809D100203149086031490F
:109CE000086064202D49088007F05AFFA1E107F0C1
:109CF00079F900210C2001F085FE3DA001F036FB32
:109D00003748008806F086FD23480078062809D1E8
:109D10000020234908602349086064201F49088007
:109D200007F03EFF85E11C480078062806D1002098
:109D30001B4908601B49086018490880802D03DA18
:109D40004FF4FB701549088073E11348007806282A
:109D500004D100201249086010490880802D09DDD7
:109D600040F2F7100D49088007F014FF01F058FE8B
:109D7000FEF77AFE5DE107F035F90748007806281E
:109D800008D1002006490860064908600349088098
:109D900007F006FF4DE10000280200202402002009
:109DA000CC0100200C020020380200203AAA010851
:109DB00053303E5331000000C8010020040200204F
:109DC000C831002053303E533200000053303E5320
:109DD0003300000053303E533400000026020020C0
:109DE0002A0200202C020020706173730000000022
:109DF000496E743A0000000007F010F992480178AB
:109E0000292001F0BDFA9149088008460088012800
:109E100004D100208E4908608E4908608B48B0F953
:109E2000000040F2262188420AD18B48006810B910
:109E3000481E8649088002208549086007F0AAFE6E
:109E4000F7E00020824908608249086064207F4969
:109E50000880EEE000BF07F0C9FB00210A2001F0F6
:109E6000D1FD7EA001F082FA7D48008806F0D2FC88
:109E70000021102001F0C6FD7A48008806F0CAFCD7
:109E800071480078062809D100207149086071499D
:109E9000086064206D49088007F082FEC9E007F081
:109EA000A5FB00210A2001F0ADFD6F4800680728DE
:109EB00003D16AA001F05AFA02E06CA001F056FA50
:109EC0006748008806F0A6FC0021102001F09AFDEA
:109ED0006448008806F09EFC65480068012800D1AF
:109EE00000E0002063490968012900D100E0002159
:109EF000084020B107F054FE6A20544908805248B7
:109F00000078062809D100205149086051490860AD
:109F100064204E49088007F043FE8AE007F066FBA4
:109F200000210A2001F06EFD4F480068072803D188
:109F30004AA001F01BFA02E04CA001F017FA4848D1
:109F4000008806F067FC0021102001F05BFD454809
:109F5000008806F05FFC46480068012800D100E058
:109F6000002044490968012900D100E0002108408F
:109F700058B107F015FE6A20344908803E48006851
:109F8000022802D101203C4908602F4800780628A9
:109F900009D100202E4908602E49086064202B4911
:109FA000088007F0FDFD44E007F01CF800210C20BC
:109FB00001F028FDAFF2082001F0D8F9224800781E
:109FC000062809D10020224908602249086064203F
:109FD0001E49088007F0E4FD2848006828B907F00A
:109FE000DFFD40F287301949088022E007F016F8BB
:109FF0001548007801F096FD14490880084600884D
:10A00000012804D1002012490860124908600F4855
:10A01000B0F90000962804D102200D49086007F02D
:10A02000B9FD0A480088642802D100200849086068
:10A0300000BF00BF0548B0F90000844201D00120F4
:10A0400070BD0020FCE70000280200202402002050
:10A05000CC0100200C020020080200203E0000007D
:10A060002A0200202C020020380200203C000000C0
:10A07000FC0100200002002010020020C801002086
:10A0800010B50446FC2C71D030DCA92C6FD018DC44
:10A09000982C6DD00CDC952C6BD004DC6E2C6BD026
:10A0A0006F2C68D1C5E0962C72D0972CF9D11AE1AB
:10A0B000992C6ED09A2C6DD09B2C6CD09C2CF0D10E
:10A0C000F0E1AE2C68D008DCAA2C73D0AB2C72D097
:10A0D000AC2C71D0AD2CE4D1D2E2AF2C6DD0B02C31
:10A0E0006CD0FA2C6BD0FB2CDBD19CE340F2EE2140
:10A0F000601A8C427ED022DC40F22621A4EB0100C3
:10A100008C4278D012DCB4F5E17F75D006DCB4F572
:10A11000AF7F72D0B4F5CD7FC3D1F3E3B4F5EB7F5D
:10A120006CD0A4F225200028BBD1EAE3012866D038
:10A13000022874D0032873D0A028B2D1FDE365288B
:10A140006FD008DC01286DD014286CD03C286BD06F
:10A150006428A6D1F2E3782867D0C8287ED0C92821
:10A160007DD0A0F2F71000289BD1E8E392E3DDE177
:10A17000D6E07EE000E0CAE2FE48006888B9FE480A
:10A180000068012809D140F22520FC490880BEE280
:10A190008CE0E2E0FEE041E196E26F20F7490880C2
:10A1A000F5E7F548006801280AD140F22620F34976
:10A1B0000880ECE7F8E11BE23EE2A9E2CCE2EFE244
:10A1C000EF480178152001F0DBF8EC4908800846DB
:10A1D00000886A2802D10120EA490860E748B0F9FE
:10A1E000000096280ED1E848006802280AD1952080
:10A1F000E24905E0DBE3F3E3ABE36CE3B7E3F0E371
:10A200000880C4E7DD48B0F90000AA280ED1DE4876
:10A21000006802280AD1A920D8490880B7E7FDE3E1
:10A22000FDE3FDE3FDE3FDE3FDE3FDE306F016FFE3
:10A23000ADE706F033FFD2480178342001F0A0F8F2
:10A24000CE490880084600886A2802D10120CD49FD
:10A250000860CA48B0F90000962801E0FBE3FBE380
:10A2600006D1C9480068022802D19520C349088058
:10A270008DE706F033FF0021032001F0C3FBC34A42
:10A28000916DD06A06F0D8F8C1A001F06FF8BC4813
:10A290000178272001F074F8B84908800846008842
:10A2A0006A2802D10120B749086070E706F028FF4C
:10A2B0000021062001F0A6FBB44A916DD06A06F099
:10A2C000BBF8B3A001F052F8AD480178162001F0B8
:10A2D00057F8AA490880084600886A2802D1012058
:10A2E000A849086053E706F039FF0021062001F075
:10A2F00089FBA64AD16D106B06F09EF8A4A001F070
:10A3000035F89F480178172001F03AF89B490880FA
:10A31000084600886A2802D101209A49086036E779
:10A3200006F04EFF0021062001F06CFB974A116EEB
:10A33000506B06F081F896A001F018F8904801786B
:10A34000182001F01DF88D490880084600886A2809
:10A3500002D101208B49086019E706F059FF00215E
:10A36000062001F04FFB894A516E906B06F064F8AD
:10A3700087A000F0FBFF82480178192001F000F867
:10A380007E490880084600886A2802D101207D495C
:10A390000860FCE606F064FF0021062001F032FBB5
:10A3A0007A48016BC06A81420CD27848006B42F255
:10A3B00010710844784908607448C06D401E7749A0
:10A3C000086007E07148006B734908606F48C06D12
:10A3D000724908606D48C06A6F490968091A6B487C
:10A3E000C163806D6D490968091A68488166024633
:10A3F000916ED06B06F020F865A000F0B7FF6048C2
:10A4000001781A2000F0BCFF5C49088008460088EB
:10A410006A2802D101205B490860B8E606F048FFCF
:10A420000021062001F0EEFA5848416B006B814292
:10A430000CD25648406B42F21071084456490860ED
:10A440005248006E401E5549086007E04F48406B77
:10A45000514908604D48006E504908604B48006BF8
:10A460004D490968091A49480164C06D4B4909689A
:10A47000091A4648C1660246D16E106C05F0DCFF31
:10A4800043A000F073FF3E4801781B2000F078FFE6
:10A490003A490880084600886A2802D101203949D3
:10A4A000086074E606F02CFF0021062001F0AAFAED
:10A4B0003648816B406B81420CD23448806B42F24B
:10A4C00010710844344908603048406E401E3349DA
:10A4D000086007E02D48806B2F4908602B48406ECC
:10A4E0002E4908602948406B2B490968091A2748FA
:10A4F0004164006E29490968091A24480167024627
:10A50000116F506C05F098FF25A000F02FFF1C483C
:10A5100001781C2000F034FF1849088008460088A4
:10A520006A2802D101201749086030E606F010FFC2
:10A530000021072001F066FA1448D0ED4D0AB0EE74
:10A54000600A05F0D1FF00210E2001F05BFA15A092
:10A5500000F00CFF0A480178282000F011FF07499D
:10A560000880084600886A2802D101200549086051
:10A570000DE60000080200200C020020240200204A
:10A5800028020020CC01002004020020C831002055
:10A590002073202000000000140200201802002078
:10A5A000207320006D2F730006F0E4FE00210720C9
:10A5B00001F028FAFE48D0ED4D0AB0EE600A05F031
:10A5C00093FF00210E2001F01DFAAFF2280000F0E9
:10A5D000CDFEF84801781D2000F0D2FEF649088033
:10A5E000084600886A2802D10120F4490860CEE5B7
:10A5F00006F0CEFE0021072001F004FAEC48D0ED71
:10A600004E0AB0EE600A05F06FFF00210E2001F047
:10A61000F9F9AFF2700000F0A9FEE64801781E20BB
:10A6200000F0AEFEE4490880084600886A2802D19E
:10A630000120E2490860AAE506F0B6FE00210720E5
:10A6400001F0E0F9DA48D0ED4F0AB0EE600A05F00B
:10A650004BFF00210E2001F0D5F9AFF2B80000F059
:10A6600085FED44801781F2000F08AFED249088078
:10A67000084600886A2802D10120D0490860FFE31B
:10A6800006F09EFE0021072001F0BCF9C848D0ED7D
:10A69000500AB0EE600A05F027FF00210E2001F0FD
:10A6A000B1F9AFF2001000F061FEC248017820203D
:10A6B00000F066FEC0490880084600886A2802D17A
:10A6C0000120BE490860DBE306F086FE002107207A
:10A6D00001F098F9B648D0ED510AB0EE600A05F0E5
:10A6E00003FF00210E2001F08DF9AFF2481000F0B9
:10A6F0003DFEB0480178212000F042FEAE490880BE
:10A70000084600886A2802D10120AC490860B7E3F6
:10A7100006F06EFE0021072001F074F9A448D0ED88
:10A72000520AB0EE600A05F0DFFE00210E2001F0B3
:10A7300069F9AFF2901000F019FE9E4801782220CE
:10A7400000F01EFE9C490880084600886A2802D155
:10A7500001209A49086093E306F056FE0021072085
:10A7600001F050F99248D0ED530AB0EE600A05F0BE
:10A77000BBFE00210E2001F045F9AFF2D81000F029
:10A78000F5FD8C480178232000F0FAFD8A49088005
:10A79000084600886A2802D10120884908606FE3D2
:10A7A0008748006838B987480068022803D1FC2030
:10A7B0008149088064E306F0B9FE0021032001F01E
:10A7C00021F97B4A916DD06A05F036FE7EA000F03B
:10A7D000CDFD784801782F2000F0D2FD7649088021
:10A7E000784800680C2808D10846B0F9000040F20B
:10A7F000E541884201D1704908807248006802280A
:10A8000009D16D48B0F9000040F2E541884202D11B
:10A81000FB2069490880684800886A2802D1012025
:10A82000664908602CE306F08FFE0021042001F049
:10A83000E9F85F48D0ED4D0AB0EE600A05F054FE2D
:10A8400063A000F093FD5B480178302000F098FD94
:10A85000594908805B4800680C2805D10846B0F9C2
:10A860000000FA2800D1088056480068022809D163
:10A870005148B0F9000040F2E541884202D1FA2087
:10A880004D4908804C4800886A2802D101204B4974
:10A890000860F5E206F022FC0021032001F0B2F886
:10A8A000434A916DD06A05F0C7FD4BA000F05EFDF4
:10A8B00044480068022806D13E480178352000F05F
:10A8C0005FFD3D4908803C4800886A2802D101208C
:10A8D0003A490860D4E201F08FFB4048008800B29A
:10A8E00006F0A6F83348007801F070F93249088084
:10A8F000084600886A2802D1012030490860BFE27A
:10A9000000E042E006F02EFE2A4801782A2000F0FE
:10A9100037FD29490880084600886A2802D10120AD
:10A92000264908602448B0F90000B0F5E17F02D163
:10A9300000202A490880204802E0F3E0AEE180E2EE
:10A94000B0F90000B0F5EB7F02D100202349088068
:10A9500096E206F027FE2148008800B206F068F86B
:10A960001448007801F06AF91349088088E206F07B
:10A970001DFE1A48008800B206F00CF80D48007859
:10A9800001F08CF90C4908807AE206F0A7FB00215F
:10A99000032001F037F8064A916DD06A05F04CFDAE
:10A9A0000DA000F0E3FC0348017836201AE0DEE059
:10A9B000C83100202802002024020020CC01002001
:10A9C0000802002038020020207320202000000010
:10A9D000206D2F7300000000207300002A02002069
:10A9E0000CE03AE000F0CCFCFE4908800846008804
:10A9F0006A2802D10120FC49086041E2FB48006856
:10AA000018B940F22520F749088006F08FFD002193
:10AA1000032000F0F7FFF64A916D06E03CE05AE0B3
:10AA200061E1C9E0EFE014E184E1D06A05F004FDE2
:10AA3000AFF26C0000F09AFCEE4801782B2000F099
:10AA40009FFCE8490880084600886A2802D1012056
:10AA5000E549086014E293E1B2E106F075FD0021DA
:10AA6000042000F0CFFFE248D0ED4D0AB0EE600ABE
:10AA700005F03AFDE0A000F079FCDE4801782C20DA
:10AA800000F07EFCD7490880084600886A2802D179
:10AA90000120D5490860F3E106F08CFD0021042077
:10AAA00000F0B0FFD248D0ED870AB0EE600A05F0A2
:10AAB0001BFDD3A000F05AFCCE4801782D2000F0F9
:10AAC0005FFCC8490880084600886A2802D1012036
:10AAD000C5490860D4E106F07BFD0021042000F0A8
:10AAE00091FFC34890ED870AD0ED630A20EE200A5B
:10AAF00080ED4E0AD0ED4E0AB0EE600A05F0F4FC8F
:10AB0000C1A000F033FCBB4801782E2000F038FCD7
:10AB1000B4490880084600886A2802D10120B24959
:10AB20000860ADE106F096FDB2480178312000F0F2
:10AB300027FCAC490880084600886A2802D1012019
:10AB4000A9490860A748B0F9000040F2EE21884208
:10AB500002D10020AE490880A248B0F9000040F2BE
:10AB60000231884202D10020AA49088088E106F01B
:10AB700091FD0021032000F045FFA748A449098862
:10AB800000EB8100D0ED000AB0EE600A05F08EFE09
:10AB9000A2A000F0EBFB00210F2000F033FF9C4847
:10ABA000008805F037FE9E4801689248007801F061
:10ABB000A5F88C49088063E106F082FD002103209E
:10ABC00000F020FF944A843A924B1B8852F82310DD
:10ABD0002C3A904B1B8852F8230005F02DFC8FA0D7
:10ABE00000F0C4FB00210F2000F00CFF8948008812
:10ABF00005F010FE8A4801687E48007801F0B0F840
:10AC0000784908803CE106F071FD0021032000F046
:10AC1000F9FE814858307F49098800EB8100D0ED6A
:10AC2000000AB0EE600A05F041FE7CA000F09EFB39
:10AC300000210F2000F0E6FE7648008805F0EAFDCE
:10AC4000774801686B48007801F0CAF865490880C8
:10AC500016E106F0FFFC67480178402000F090FB09
:10AC600060490880084600886A2802D101205E49B0
:10AC700008605C48B0F9000040F25231884202D1CD
:10AC80000020634908805748B0F9000040F266315F
:10AC9000884202D100205F490880F1E006F0FAFC0A
:10ACA0000021032000F0AEFE5B485949098800EB03
:10ACB0008100D0ED000AB0EE600A05F0F7FD57A064
:10ACC00000F054FB00210F2000F09CFE504800884B
:10ACD00005F0A0FD524801684648007801F0B6F83A
:10ACE00040490880CCE006F0EBFC0021032000F096
:10ACF00089FE494A843A474B1B8852F823102C3A64
:10AD0000444B1B8852F8230005F096FB43A000F04B
:10AD10002DFB00210F2000F075FE3E48008805F055
:10AD200079FD3F4801683348007801F0D7F82D4994
:10AD30000880A5E006F0DAFC0021032000F062FEA6
:10AD4000354858303349098800EB8100D0ED000ABE
:10AD5000B0EE600A05F0AAFD30A000F007FB00216C
:10AD60000F2000F04FFE2B48008805F053FD2C48C3
:10AD700001682048007801F009F91A4908807FE04D
:10AD800006F0D4FB0021032000F03CFE1848D0ED73
:10AD9000630AB0EE600A05F089FDAFF60C0000F022
:10ADA000E5FA14480178322000F0EAFA0D490880EB
:10ADB000084600886A2802D101200B4908605FE03C
:10ADC00006F0C2FB0021042000F01CFE0848D0ED74
:10ADD0004D0AB0EE600A05F087FBAFF20C4000F0C0
:10ADE000C5FA1FE024020020CC0100200802002048
:10ADF000C831002028020020206D2F732020000081
:10AE0000206D2F7332000000206D2F732000000092
:10AE10002A0200202C02002054330020730000007E
:10AE2000100200201B480178332000F0A9FA1A49CB
:10AE30000880084600886A2802D101201749086066
:10AE40001EE006F0DDFD0021042000F0DBFD1448CB
:10AE5000D0ED840AB0EE600A05F046FB11A000F0C8
:10AE600085FA0C4801783D2000F08AFA0A490880EA
:10AE7000084600886A2802D101200849086000BFFE
:10AE800000BF0548B0F90000844201D0012010BD88
:10AE90000020FCE72802002024020020CC01002032
:10AEA000C831002020204A202000000000EB800153
:10AEB00000BF00BF00BF00BF00BF00BF00BF00BF9A
:10AEC00000BF00BF00BF00BF00BF00BF00BF4A1EE1
:10AED000111EEED17047000010B50348828B8169C6
:10AEE00002480AF0C3F910BD700100207000002074
:10AEF00070B504460D46164633462A46214602489A
:10AF00000AF0BDF970BD00007000002070B5054664
:10AF1000002413E00120A040284008B1012000E0F7
:10AF2000002003460E4800EBC40082880C4850F80D
:10AF300034100C480AF0A3F9601CC4B2042CE9DBFD
:10AF4000012211020848FFF7D3FF0A20FFF7AEFFE6
:10AF500000224FF480710448FFF7CAFF70BD000063
:10AF600070010020700000200000024070B504460F
:10AF7000234920460CF05FFC2249087008460078FF
:10AF800088B16420F5F7B3F9054622461EA128468C
:10AF9000F5F786FA284606F081FD2846F5F7D6F93A
:10AFA0001848007870BD20460CF023FD1549087044
:10AFB0000846007878B96420F5F799F905462246E5
:10AFC00019A12846F5F76CFA284606F067FD2846D1
:10AFD000F5F7BCF911E06420F5F789F90546234639
:10AFE000084802781AA12846F5F75AFA284606F0CA
:10AFF00055FD2846F5F7AAF900BF02480078D1E7C9
:10B0000058020020000000204552524F52212121B9
:10B01000202A25732A20646F6573206E6F74206563
:10B0200078697374730A0A002A25732A2068617389
:10B03000206265656E2072656D6F7665642073753C
:10B04000636365737366756C6C790A0A00000000AF
:10B050004552524F52204E6F2E20256420696E209B
:10B0600072656D6F76696E67202A25732A0A0A0059
:10B0700010B501220A4900200CF042F90949087074
:10B080000846007840B908A006F008FDFDF718FD55
:10B0900000200E49087002E00DA006F0FFFC10BD74
:10B0A000410000200000002055534220554E4D4FD6
:10B0B000554E544544207375636365737366756CB0
:10B0C0006C792E2E2E0A0A0A000000001C000020B7
:10B0D0004552524F5221212120696E20554E4D4F2D
:10B0E000554E54494E4720555342200A0A0A000043
:10B0F0002DE9F04104460D46534920460CF09BFBD8
:10B10000524908700846007890B16420F5F7EFF8CE
:10B11000064622464EA13046F5F7C2F9304606F003
:10B12000BDFC3046F5F712F948480078BDE8F081DB
:10B13000322221464E480CF013F944490870084663
:10B14000007898B16420F5F7D2F8074623463F48C7
:10B15000027848A13846F5F7A3F9384606F09EFC78
:10B160003846F5F7F3F839480078DFE76420F5F75B
:10B17000BEF80646224649A13046F5F791F9304619
:10B1800006F08CFC3046F5F7E1F82846F5F732FB7F
:10B1900007464E4B3A46294635480CF0B1FC2B4940
:10B1A00008700846007888B16420F5F7A0F80746D3
:10B1B00023462648027846A13846F5F771F9384605
:10B1C00006F06CFC3846F5F7C1F80FE06420F5F79F
:10B1D0008EF80746224648A13846F5F761F9384609
:10B1E00006F05CFC3846F5F7B1F800BF20480CF0DB
:10B1F0005DF8164908700846007888B16420F5F7B4
:10B2000076F8074623461148027842A13846F5F7FA
:10B2100047F9384606F042FC3846F5F797F80FE054
:10B220006420F5F764F80746224644A13846F5F74E
:10B2300037F9384606F032FC3846F5F787F800BF94
:10B2400000BF0248007871E758020020000000208B
:10B250004552524F52212121202A25732A20646F02
:10B260006573206E6F74206578697374730A0A00C1
:10B27000C81400204552524F52212121204E6F2EDA
:10B2800020256420696E206F70656E696E67206688
:10B29000696C65202A25732A0A0A00004F70656EC2
:10B2A000696E672066696C652D2D3E20202A257306
:10B2B0002A2020546F205550444154452064617425
:10B2C0006120696E2069740A0000000008000020F7
:10B2D0004552524F52212121204E6F2E20256420AD
:10B2E000696E2077726974696E672066696C652083
:10B2F0002A25732A0A0A00002A25732A2055504459
:10B3000041544544207375636365737366756C6C53
:10B31000790A00004552524F52212121204E6F2EB2
:10B3200020256420696E20636C6F73696E672066E8
:10B33000696C65202A25732A0A0A000046696C6533
:10B34000202A25732A20434C4F53454420737563AC
:10B350006365737366756C6C790A0A0000B5024800
:10B3600008F0DDF900BD0000B201002010B5044670
:10B370002146024809F032FE10BD0000A031002035
:10B3800002460020012904D0032906D0062910D145
:10B3900009E00C4B33F9320011E00A4B03EBC20316
:10B3A000B3F902000BE0074B03EBC203B3F904004F
:10B3B00005E0044B03EBC203B3F9060000BF00BF76
:10B3C000704700003AAB010810B50446C748B0F911
:10B3D000001040F2F712881A91427DD00ADC6429ED
:10B3E00011D0CA294CD0B1F5977F76D0B1F5C97F7D
:10B3F00045D1ABE0C72871D0A0F22B1000286ED049
:10B400000128F5D145E1BA48006809280FD1FDF7B8
:10B410002BFB00F005FB0120B64908606520B3490D
:10B4200008800846B0F90000FEF77EFA27E0FDF735
:10B430001BFB0020AF49086000F0F2FAAC4800683E
:10B44000032803D14FF42F70AB4908606520A7494A
:10B4500008800020A9490880A9490880A9490860F6
:10B46000A9490860A949086001230822A849A948F8
:10B4700009F005FF9D48B0F90000FEF755FA32E1EA
:10B480009B480068022819D106F08AFB9A48016897
:10B49000A148C162A14801689F488165A04890ED1C
:10B4A000000ADFEDA00A80EE201A9F4880ED001A06
:10B4B0006A208E49088098480AF0EAFC8C480068A7
:10B4C0000C2814D106F06CFB8B4801689248C162CD
:10B4D00092480168904803E06BE009E078E0ABE057
:10B4E00081656A20814908808B480AF007F9FAE0F3
:10B4F0005CBB8148016888482C30804A128840F83B
:10B50000221086480168844858307C4A128840F8E6
:10B5100022107A480088401C7849088074480068E6
:10B52000062804D10020744908607C4908607348EB
:10B5300000887E490968884207D106F031FB6A20FD
:10B540006A49088074480AF097FACCE064BB6D48F9
:10B550000068012829D1684801686F482C30674A83
:10B56000128840F822106D4801686B485830634AD1
:10B57000128840F8221061480088401C5F4908800A
:10B5800000205D490860654908605C4800880A2819
:10B5900007D106F005FB6A20544908805E480AF08E
:10B5A0006BFA00205749086002E001205549086005
:10B5B00099E0514801685848C162584801685648A6
:10B5C000816506F0EDFA4FF4FC70484908808AE086
:10B5D0008CBB4948016850482C30484A128840F8D2
:10B5E00022104E4801684C485830444A128840F8AE
:10B5F000221042480088401C4049088008460088C4
:10B600004B490968884216D149480068012806D18B
:10B6100002204749086000203949088004E00020E2
:10B62000374908803549088040F2BF202F490880FB
:10B6300001203549086056E054BB2F480168364860
:10B640002C302E4A128840F82210344801683248C3
:10B6500058302A4A128840F8221028480088401C96
:10B6600026490880084600883149096888420FDB6E
:10B670002F480068012802D102202D4908600020CF
:10B680001F4908801D49088040F22330174908806F
:10B6900029E004BB184801681F48DC30174A1288AB
:10B6A00040F822101D4801682248144A128840F8C8
:10B6B000221012480088401C104908800846008863
:10B6C0001B49096888420DD119480068012803D137
:10B6D00002201749086005E001200B4908600E4868
:10B6E0000AF0CAF900BF00BF10BD0000240200200C
:10B6F00038020020C8010020EC0100202A020020AE
:10B700002C020020D0010020FC01002000020020BB
:10B710000004024070000020C8310020E801002031
:10B72000BC01002000007A443C02002030020020CE
:10B7300010020020D032002010B577480068092898
:10B7400018D176480068012813D1754800787549EA
:10B750000968084000280CD0002070490860724831
:10B7600001687248C16272480168704881650AF0D8
:10B770008FFBD0E068480068012854D16848007801
:10B7800068490968084070B101206449086066484A
:10B7900001686648C16266480168644881650020A6
:10B7A00060490860B7E05E4800786249096808406F
:10B7B00070B10220594908605B4801685B48016329
:10B7C0005B4801685948C16500205A490860A2E0F9
:10B7D0005348007858490968084070B103204F4920
:10B7E00008605148016851484163514801684F4819
:10B7F00001660020504908608DE0494800784F49B3
:10B80000096808400028B4D004204449086046482C
:10B810000168464881634648016844484166002003
:10B820004649086077E03C480068072836D144481C
:10B83000B0F9000040F2BF2188426CD1384800784E
:10B84000384909680840002865D0374801683748FA
:10B8500084303C4A128840F8221035480168334849
:10B86000B030384A128840F8221036480088401C10
:10B8700034490880084600883349096888424AD11B
:10B8800001203249086030480068022802D10120B6
:10B890002D49086025480AF0EFF83CE01E48006892
:10B8A000082838D12648B0F9000040F223318842F8
:10B8B00001D1012000E000202449096809B90121D3
:10B8C00000E00021084030B31548007815490968A8
:10B8D000084000B31448016814488430194A12889B
:10B8E00040F82210124801681048B030154A1288FA
:10B8F00040F8221013480088401C1249088008466E
:10B90000008811490968884205D101200F49086063
:10B9100006480AF0B1F810BD38020020C801002026
:10B9200040020020D8010020EC010020C831002096
:10B93000E8010020DC010020E0010020E4010020FB
:10B94000240200202C02002010020020000200200F
:10B950000146054800EB810090ED000ABCEEC00AEC
:10B9600010EE100A70470000783100203EB5054601
:10B97000002410E00020CDE900500290074800EBC1
:10B98000C4008288054850F834100023044809F0A8
:10B990007EFC601CC4B2042CECDB3EBD70010020B8
:10B9A0007000002070B504460D460120FFF7DEFF51
:10B9B00000224FF400711148FFF79AFA012D07D1C8
:10B9C0000022A9020D48FFF793FA0D48047009E020
:10B9D000012291020948FFF78BFA09480078401CC0
:10B9E000074908702011FFF791FA0A20FFF75EFA65
:10B9F0002046FFF78BFA04F0BBFC70BD000002404C
:10BA00006801002070B504460D46601EC1B22A468A
:10BA1000014809F03BFB70BDA031002070470000D9
:10BA20009FED020A024880ED000A70470000000006
:10BA3000BC01002010B5054A0021054809F02BFB88
:10BA4000044A0121024809F026FB10BD509E01085E
:10BA5000A0310020619E010810B50B480068401E0F
:10BA600000EB0010094942180021094809F013FBB6
:10BA700005480068401E00EB0010064942180121ED
:10BA8000034809F008FB10BDC0010020949E010886
:10BA9000A0310020C79E010800200DE0FF2100EB2F
:10BAA00040020D4B03EB82021172002100EB4002B9
:10BAB00003EB82025172401C1428EFD30021074A85
:10BAC0001170002004E00021054A42F82010401CBB
:10BAD0000828F8D370470000780000207400002088
:10BAE000883000202DE9F04104460D460C480778C7
:10BAF000402101EBC401C8B20121FFF753FF00262A
:10BB000006E015F8010B0021FFF74CFF701C86B210
:10BB1000082EF6DB01213846FFF744FFBDE8F0812F
:10BB20006801002001460020012904D0032942D0E9
:10BB3000062944D141E0244A1268012A00D16E202E
:10BB4000214A1268022A00D1FA201F4A1268032AE9
:10BB500001D14FF4AF701C4A1268042A01D14FF48E
:10BB6000CD70194A1268052A01D140F22620164AE2
:10BB70001268062A01D14FF4CD70134A1268072AC1
:10BB800001D140F2C620104A1268082A01D140F2C1
:10BB90002A300D4A1268092A01D140F2B6300A4A09
:10BBA00012680A2A01D14FF4AF70074A12680C2AB2
:10BBB00000D1FA2005E0642003E0012001E06A20C2
:10BBC00000BF00BF7047000038020020014600207F
:10BBD000012904D0032915D0062926D114E0154ADD
:10BBE0001288521E134B1A801A461288124B1B6879
:10BBF0009A4204DD104A1288521E0E4B1A804FF4EE
:10BC0000AF7015E06A2013E00A4A1288521C094BF3
:10BC10001A80094A1268521E1B889A4202DA0022D0
:10BC2000044B1A804FF4AF7002E04FF4AF7000BFC6
:10BC300000BF70472A020020300200200146002089
:10BC4000012904D0032910D006291FD110E0124A7F
:10BC50001288521E104B1A801A4612880A2A01DDD9
:10BC600009221A804FF4E17013E04FF4CD7010E018
:10BC7000094A1288521C084B1A801A461288092A4F
:10BC800001DD00221A804FF4E17002E04FF4E17010
:10BC900000BF00BF704700002A02002001460020BC
:10BCA000012904D0032910D006291FD110E0124A1F
:10BCB0001288521E104B1A801A4612880A2A01DD79
:10BCC00009221A804FF4EB7013E04FF4CD7010E0AE
:10BCD000094A1288521C084B1A801A461288092AEF
:10BCE00001DD00221A804FF4EB7002E04FF4EB709C
:10BCF00000BF00BF704700002A02002010B50246B6
:10BD00000020012A04D0032A10D0062A20D110E0F6
:10BD1000124B1B885B1E114C238023461B888B42D1
:10BD200001DD4B1E238040F2EE2014E040F2C620DD
:10BD300011E00A4B1B885B1C084C23804B1E248897
:10BD4000A34202DA0023054C238040F2EE2002E0F9
:10BD500040F2EE2000BF00BF10BD00002A0200200C
:10BD600030B5024600200A2902D14C1E23B200E061
:10BD70000BB2012A04D0032A14D0062A27D114E0DA
:10BD8000154C2488641E144D2C802C4624888C422B
:10BD900005DD4C1E114D2C8040F2EE2001E040F2FA
:10BDA000EF2017E040F2C62014E00B4C2488641CFE
:10BDB000094D2C804C1E2D88AC4205DA0024074D1D
:10BDC0002C8040F2EE2001E040F2EF2002E040F251
:10BDD000EF2000BF00BF30BD2C0200202A0200204F
:10BDE00030B50346002002220A2900D10A46012B61
:10BDF00004D0032B10D0062B20D110E0124C248845
:10BE0000641E114D2C802C462488944201DD541E62
:10BE10002C8040F2023014E040F2C62011E00A4CBF
:10BE20002488641C084D2C80541E2D88AC4202DAF4
:10BE30000024054D2C8040F2023002E040F2023036
:10BE400000BF00BF30BD00002C02002010B502462C
:10BE50000020012A04D0032A1FD0062A34D11FE073
:10BE60001C4B1B885B1E1B4C238023461B888B426C
:10BE700010DD0A2905D14B1E23804B1E164C238052
:10BE800005E00023134C23800123134C238040F250
:10BE900053301CE040F2523019E040F22A3016E0F4
:10BEA0000C4B1B885B1C0B4C23804B1E2488A3422D
:10BEB00007DA0023074C2380074C238040F25330DD
:10BEC00005E040F2523002E040F2523000BF00BFC5
:10BED00010BD00002A0200202C02002010B50246EE
:10BEE0000020012A04D0032A22D0062A44D122E0CD
:10BEF000244B1B885B1E234C23800A290BD123462D
:10BF00001B888B4204DD4B1E238040F252300EE032
:10BF100040F253300BE01B4B1B88012B05DD002347
:10BF2000194C238040F2523001E040F2533026E0B9
:10BF300040F22A3023E0134B1B885B1C114C2380FA
:10BF40000A290CD14B1E2488A34205DA00230D4C8C
:10BF5000238040F252300EE040F253300BE0094BA8
:10BF60001B88012B05DD0023074C238040F2523053
:10BF700001E040F2533002E040F2533000BF00BF16
:10BF800010BD00002C0200202A02002070B50446DB
:10BF900000200A2902D14A1E4B1E01E00122012382
:10BFA000012C04D0032C0FD0062C1ED10FE0114D14
:10BFB0002D886D1E0F4E358035462D888D4200DD53
:10BFC000338040F2663013E040F22A3010E0094D31
:10BFD0002D886D1C074E358035462D88954201DD34
:10BFE0000025358040F2663002E040F2663000BF46
:10BFF00000BF70BD2C02002010B505F011FA10BD75
:10C00000FF00000000000000000000000000000031
:10C010000000000000000000000000000000000020
:10C020000000000000000000000000000000000010
:10C030000000000000000000000000000000000000
:10C0400000000000000000000000000000000000F0
:10C0500000000000000000000000000000000000E0
:10C0600000000000000000000000000000000000D0
:10C0700000000000000000000000000000000000C0
:10C0800000000000000000000000000000000000B0
:10C0900000000000000000000000000000000000A0
:10C0A0000000000000000000000000000000000090
:10C0B0000000000000000000000000000000000080
:10C0C0000000000000000000000000000000000070
:10C0D0000000000000000000000000000000000060
:10C0E0000000000000000000000000000000000050
:10C0F0000000000000000000000000000000000040
:10C10000000000000000000000000000000000002F
:10C11000000000000000000000000000000000001F
:10C12000000000000000000000000000000000000F
:10C1300000000000000000000000000000000000FF
:10C1400000000000000000000000000000000000EF
:10C1500000000000000000000000000000000000DF
:10C1600000000000000000000000000000000000CF
:10C1700000000000000000000000000000000000BF
:10C1800000000000000000000000000000000000AF
:10C19000000000000000000000000000000000009F
:10C1A000000000000000000000000000000000008F
:10C1B000000000000000000000000000000000007F
:10C1C000000000000000000000000000000000006F
:10C1D000000000000000000000000000000000005F
:10C1E000000000000000000000000000000000004F
:10C1F000000000000000000000000000000000003F
:10C20000000000000000000000000000000000002E
:10C21000000000000000000000000000000000001E
:10C22000000000000000000000000000000000000E
:10C2300000000000000000000000000000000000FE
:10C2400000000000000000000000000000000000EE
:10C2500000000000000000000000000000000000DE
:10C2600000000000000000000000000000000000CE
:10C2700000000000000000000000000000000000BE
:10C2800000000000000000000000000000000000AE
:10C29000000000000000000000000000000000009E
:10C2A000000000000000000000000000000000008E
:10C2B000000000000000000000000000000000007E
:10C2C000000000000000000000000000000000006E
:10C2D000000000000000000000000000000000005E
:10C2E000000000000000000000000000000000004E
:10C2F000000000000000000000000000000000003E
:10C30000000000000000000000000000000000002D
:10C31000000000000000000000000000000000001D
:10C32000000000000000000000000000000000000D
:10C3300000000000000000000000000000000000FD
:10C3400000000000000000000000000000000000ED
:10C3500000000000000000000000000000000000DD
:10C3600000000000000000000000000000000000CD
:10C3700000000000000000000000000000000000BD
:10C3800000000000000000000000000000000000AD
:10C39000000000000000000000000000000000009D
:10C3A000000000000000000000000000000000008D
:10C3B000000000000000000000000000000000007D
:10C3C000000000000000000000000000000000006D
:10C3D000000000000000000000000000000000005D
:10C3E000000000000000000000000000000000004D
:10C3F000000000000000000000000000000000003D
:10C40000000000000000000000000000000000002C
:10C41000000000000000000000000000000000001C
:10C42000000000000000000000000000000000000C
:10C4300000000000000000000000000000000000FC
:10C4400000000000000000000000000000000000EC
:10C4500000000000000000000000000000000000DC
:10C4600000000000000000000000000000000000CC
:10C4700000000000000000000000000000000000BC
:10C4800000000000000000000000000000000000AC
:10C49000000000000000000000000000000000009C
:10C4A000000000000000000000000000000000008C
:10C4B000000000000000000000000000000000007C
:10C4C000000000000000000000000000000000006C
:10C4D000000000000000000000000000000000005C
:10C4E000000000000000000000000000000000004C
:10C4F000000000000000000000000000000000003C
:10C50000000000000000000000000000000000002B
:10C51000000000000000000000000000000000001B
:10C52000000000000000000000000000000000000B
:10C5300000000000000000000000000000000000FB
:10C5400000000000000000000000000000000000EB
:10C5500000000000000000000000000000000000DB
:10C5600000000000000000000000000000000000CB
:10C5700000000000000000000000000000000000BB
:10C5800000000000000000000000000000000000AB
:10C59000000000000000000000000000000000009B
:10C5A000000000000000000000000000000000008B
:10C5B000000000000000000000000000000000007B
:10C5C000000000000000000000000000000000006B
:10C5D000000000000000000000000000000000005B
:10C5E000000000000000000000000000000000004B
:10C5F000000000000000000000000000000000003B
:10C60000000000000000000000000000000000002A
:10C61000000000000000000000000000000000001A
:10C62000000000000000000000000000000000000A
:10C6300000000000000000000000000000000000FA
:10C6400000000000000000000000000000000000EA
:10C6500000000000000000000000000000000000DA
:10C6600000000000000000000000000000000000CA
:10C6700000000000000000000000000000000000BA
:10C6800000000000000000000000000000000000AA
:10C69000000000000000000000000000000000009A
:10C6A000000000000000000000000000000000008A
:10C6B000000000000000000000000000000000007A
:10C6C000000000000000000000000000000000006A
:10C6D000000000000000000000000000000000005A
:10C6E000000000000000000000000000000000004A
:10C6F000000000000000000000000000000000003A
:10C700000000000000000000000000000000000029
:10C710000000000000000000000000000000000019
:10C720000000000000000000000000000000000009
:10C7300000000000000000000000000000000000F9
:10C7400000000000000000000000000000000000E9
:10C7500000000000000000000000000000000000D9
:10C7600000000000000000000000000000000000C9
:10C7700000000000000000000000000000000000B9
:10C7800000000000000000000000000000000000A9
:10C790000000000000000000000000000000000099
:10C7A0000000000000000000000000000000000089
:10C7B0000000000000000000000000000000000079
:10C7C0000000000000000000000000000000000069
:10C7D0000000000000000000000000000000000059
:10C7E0000000000000000000000000000000000049
:10C7F0000000000000000000000000000000000039
:10C800000000000000000000000000000000000028
:10C810000000000000000000000000000000000018
:10C820000000000000000000000000000000000008
:10C8300000000000000000000000000000000000F8
:10C8400000000000000000000000000000000000E8
:10C8500000000000000000000000000000000000D8
:10C8600000000000000000000000000000000000C8
:10C8700000000000000000000000000000000000B8
:10C8800000000000000000000000000000000000A8
:10C890000000000000000000000000000000000098
:10C8A0000000000000000000000000000000000088
:10C8B0000000000000000000000000000000000078
:10C8C0000000000000000000000000000000000068
:10C8D0000000000000000000000000000000000058
:10C8E0000000000000000000000000000000000048
:10C8F0000000000000000000000000000000000038
:10C900000000000000000000000000000000000027
:10C910000000000000000000000000000000000017
:10C920000000000000000000000000000000000007
:10C9300000000000000000000000000000000000F7
:10C9400000000000000000000000000000000000E7
:10C9500000000000000000000000000000000000D7
:10C9600000000000000000000000000000000000C7
:10C9700000000000000000000000000000000000B7
:10C9800000000000000000000000000000000000A7
:10C990000000000000000000000000000000000097
:10C9A0000000000000000000000000000000000087
:10C9B0000000000000000000000000000000000077
:10C9C0000000000000000000000000000000000067
:10C9D0000000000000000000000000000000000057
:10C9E0000000000000000000000000000000000047
:10C9F0000000000000000000000000000000000037
:10CA00000000000000000000000000000000000026
:10CA10000000000000000000000000000000000016
:10CA20000000000000000000000000000000000006
:10CA300000000000000000000000000000000000F6
:10CA400000000000000000000000000000000000E6
:10CA500000000000000000000000000000000000D6
:10CA600000000000000000000000000000000000C6
:10CA700000000000000000000000000000000000B6
:10CA800000000000000000000000000000000000A6
:10CA90000000000000000000000000000000000096
:10CAA0000000000000000000000000000000000086
:10CAB0000000000000000000000000000000000076
:10CAC0000000000000000000000000000000000066
:10CAD0000000000000000000000000000000000056
:10CAE0000000000000000000000000000000000046
:10CAF0000000000000000000000000000000000036
:10CB00000000000000000000000000000000000025
:10CB10000000000000000000000000000000000015
:10CB20000000000000000000000000000000000005
:10CB300000000000000000000000000000000000F5
:10CB400000000000000000000000000000000000E5
:10CB500000000000000000000000000000000000D5
:10CB600000000000000000000000000000000000C5
:10CB700000000000000000000000000000000000B5
:10CB800000000000000000000000000000000000A5
:10CB90000000000000000000000000000000000095
:10CBA0000000000000000000000000000000000085
:10CBB0000000000000000000000000000000000075
:10CBC0000000000000000000000000000000000065
:10CBD0000000000000000000000000000000000055
:10CBE0000000000000000000000000000000000045
:10CBF0000000000000000000000000000000000035
:10CC00000000000000000000000000000000000024
:10CC10000000000000000000000000000000000014
:10CC20000000000000000000000000000000000004
:10CC300000000000000000000000000000000000F4
:10CC400000000000000000000000000000000000E4
:10CC500000000000000000000000000000000000D4
:10CC600000000000000000000000000000000000C4
:10CC700000000000000000000000000000000000B4
:10CC800000000000000000000000000000000000A4
:10CC90000000000000000000000000000000000094
:10CCA0000000000000000000000000000000000084
:10CCB0000000000000000000000000000000000074
:10CCC0000000000000000000000000000000000064
:10CCD0000000000000000000000000000000000054
:10CCE0000000000000000000000000000000000044
:10CCF0000000000000000000000000000000000034
:10CD00000000000000000000000000000000000023
:10CD10000000000000000000000000000000000013
:10CD20000000000000000000000000000000000003
:10CD300000000000000000000000000000000000F3
:10CD400000000000000000000000000000000000E3
:10CD500000000000000000000000000000000000D3
:10CD600000000000000000000000000000000000C3
:10CD700000000000000000000000000000000000B3
:10CD800000000000000000000000000000000000A3
:10CD90000000000000000000000000000000000093
:10CDA0000000000000000000000000000000000083
:10CDB0000000000000000000000000000000000073
:10CDC0000000000000000000000000000000000063
:10CDD0000000000000000000000000000000000053
:10CDE0000000000000000000000000000000000043
:10CDF0000000000000000000000000000000000033
:10CE00000000000000000000000000000000000022
:10CE10000000000000000000000000000000000012
:10CE20000000000000000000000000000000000002
:10CE300000000000000000000000000000000000F2
:10CE400000000000000000000000000000000000E2
:10CE500000000000000000000000000000000000D2
:10CE600000000000000000000000000000000000C2
:10CE700000000000000000000000000000000000B2
:10CE800000000000000000000000000000000000A2
:10CE90000000000000000000000000000000000092
:10CEA0000000000000000000000000000000000082
:10CEB0000000000000000000000000000000000072
:10CEC0000000000000000000000000000000000062
:10CED0000000000000000000000000000000000052
:10CEE0000000000000000000000000000000000042
:10CEF0000000000000000000000000000000000032
:10CF00000000000000000000000000000000000021
:10CF10000000000000000000000000000000000011
:10CF20000000000000000000000000000000000001
:10CF300000000000000000000000000000000000F1
:10CF400000000000000000000000000000000000E1
:10CF500000000000000000000000000000000000D1
:10CF600000000000000000000000000000000000C1
:10CF700000000000000000000000000000000000B1
:10CF800000000000000000000000000000000000A1
:10CF90000000000000000000000000000000000091
:10CFA0000000000000000000000000000000000081
:10CFB0000000000000000000000000000000000071
:10CFC0000000000000000000000000000000000061
:10CFD0000000000000000000000000000000000051
:10CFE0000000000000000000000000000000000041
:10CFF0000000000000000000000000000000000031
:10D000000000000000000000000000000000000020
:10D010000000000000000000000000000000000010
:10D020000000000000000000000000000000000000
:10D0300000000000000000000000000000000000F0
:10D0400000000000000000000000000000000000E0
:10D0500000000000000000000000000000000000D0
:10D0600000000000000000000000000000000000C0
:10D0700000000000000000000000000000000000B0
:10D0800000000000000000000000000000000000A0
:10D090000000000000000000000000000000000090
:10D0A0000000000000000000000000000000000080
:10D0B0000000000000000000000000000000000070
:10D0C0000000000000000000000000000000000060
:10D0D0000000000000000000000000000000000050
:10D0E0000000000000000000000000000000000040
:10D0F0000000000000000000000000000000000030
:10D10000000000000000000000000000000000001F
:10D11000000000000000000000000000000000000F
:10D1200000000000000000000000000000000000FF
:10D1300000000000000000000000000000000000EF
:10D1400000000000000000000000000000000000DF
:10D1500000000000000000000000000000000000CF
:10D1600000000000000000000000000000000000BF
:10D1700000000000000000000000000000000000AF
:10D18000000000000000000000000000000000009F
:10D19000000000000000000000000000000000008F
:10D1A000000000000000000000000000000000007F
:10D1B000000000000000000000000000000000006F
:10D1C000000000000000000000000000000000005F
:10D1D000000000000000000000000000000000004F
:10D1E000000000000000000000000000000000003F
:10D1F000000000000000000000000000000000002F
:10D20000000000000000000000000000000000001E
:10D21000000000000000000000000000000000000E
:10D2200000000000000000000000000000000000FE
:10D2300000000000000000000000000000000000EE
:10D2400000000000000000000000000000000000DE
:10D2500000000000000000000000000000000000CE
:10D2600000000000000000000000000000000000BE
:10D2700000000000000000000000000000000000AE
:10D28000000000000000000000000000000000009E
:10D29000000000000000000000000000000000008E
:10D2A000000000000000000000000000000000007E
:10D2B000000000000000000000000000000000006E
:10D2C000000000000000000000000000000000005E
:10D2D000000000000000000000000000000000004E
:10D2E000000000000000000000000000000000003E
:10D2F000000000000000000000000000000000002E
:10D30000000000000000000000000000000000001D
:10D31000000000000000000000000000000000000D
:10D3200000000000000000000000000000000000FD
:10D3300000000000000000000000000000000000ED
:10D3400000000000000000000000000000000000DD
:10D3500000000000000000000000000000000000CD
:10D3600000000000000000000000000000000000BD
:10D3700000000000000000000000000000000000AD
:10D38000000000000000000000000000000000009D
:10D39000000000000000000000000000000000008D
:10D3A000000000000000000000000000000000007D
:10D3B000000000000000000000000000000000006D
:10D3C000000000000000000000000000000000005D
:10D3D000000000000000000000000000000000004D
:10D3E000000000000000000000000000000000003D
:10D3F000000000000000000000000000000000002D
:10D40000000000000000000000000000000000001C
:10D41000000000000000000000000000000000000C
:10D4200000000000000000000000000000000000FC
:10D4300000000000000000000000000000000000EC
:10D4400000000000000000000000000000000000DC
:10D4500000000000000000000000000000000000CC
:10D4600000000000000000000000000000000000BC
:10D4700000000000000000000000000000000000AC
:10D48000000000000000000000000000000000009C
:10D49000000000000000000000000000000000008C
:10D4A000000000000000000000000000000000007C
:10D4B000000000000000000000000000000000006C
:10D4C000000000000000000000000000000000005C
:10D4D000000000000000000000000000000000004C
:10D4E000000000000000000000000000000000003C
:10D4F000000000000000000000000000000000002C
:10D50000000000000000000000000000000000001B
:10D51000000000000000000000000000000000000B
:10D5200000000000000000000000000000000000FB
:10D5300000000000000000000000000000000000EB
:10D5400000000000000000000000000000000000DB
:10D5500000000000000000000000000000000000CB
:10D5600000000000000000000000000000000000BB
:10D5700000000000000000000000000000000000AB
:10D58000000000000000000000000000000000009B
:10D59000000000000000000000000000000000008B
:10D5A000000000000000000000000000000000007B
:10D5B000000000000000000000000000000000006B
:10D5C000000000000000000000000000000000005B
:10D5D000000000000000000000000000000000004B
:10D5E000000000000000000000000000000000003B
:10D5F000000000000000000000000000000000002B
:10D60000000000000000000000000000000000001A
:10D61000000000000000000000000000000000000A
:10D6200000000000000000000000000000000000FA
:10D6300000000000000000000000000000000000EA
:10D6400000000000000000000000000000000000DA
:10D6500000000000000000000000000000000000CA
:10D6600000000000000000000000000000000000BA
:10D6700000000000000000000000000000000000AA
:10D68000000000000000000000000000000000009A
:10D69000000000000000000000000000000000008A
:10D6A000000000000000000000000000000000007A
:10D6B000000000000000000000000000000000006A
:10D6C000000000000000000000000000000000005A
:10D6D000000000000000000000000000000000004A
:10D6E000000000000000000000000000000000003A
:10D6F000000000000000000000000000000000002A
:10D700000000000000000000000000000000000019
:10D710000000000000000000000000000000000009
:10D7200000000000000000000000000000000000F9
:10D7300000000000000000000000000000000000E9
:10D7400000000000000000000000000000000000D9
:10D7500000000000000000000000000000000000C9
:10D7600000000000000000000000000000000000B9
:10D7700000000000000000000000000000000000A9
:10D780000000000000000000000000000000000099
:10D790000000000000000000000000000000000089
:10D7A0000000000000000000000000000000000079
:10D7B0000000000000000000000000000000000069
:10D7C0000000000000000000000000000000000059
:10D7D0000000000000000000000000000000000049
:10D7E0000000000000000000000000000000000039
:10D7F0000000000000000000000000000000000029
:10D800000000000000000000000000000000000018
:10D810000000000000000000000000000000000008
:10D8200000000000000000000000000000000000F8
:10D8300000000000000000000000000000000000E8
:10D8400000000000000000000000000000000000D8
:10D8500000000000000000000000000000000000C8
:10D8600000000000000000000000000000000000B8
:10D8700000000000000000000000000000000000A8
:10D880000000000000000000000000000000000098
:10D890000000000000000000000000000000000088
:10D8A0000000000000000000000000000000000078
:10D8B0000000000000000000000000000000000068
:10D8C0000000000000000000000000000000000058
:10D8D0000000000000000000000000000000000048
:10D8E0000000000000000000000000000000000038
:10D8F0000000000000000000000000000000000028
:10D900000000000000000000000000000000000017
:10D910000000000000000000000000000000000007
:10D9200000000000000000000000000000000000F7
:10D9300000000000000000000000000000000000E7
:10D9400000000000000000000000000000000000D7
:10D9500000000000000000000000000000000000C7
:10D9600000000000000000000000000000000000B7
:10D9700000000000000000000000000000000000A7
:10D980000000000000000000000000000000000097
:10D990000000000000000000000000000000000087
:10D9A0000000000000000000000000000000000077
:10D9B0000000000000000000000000000000000067
:10D9C0000000000000000000000000000000000057
:10D9D0000000000000000000000000000000000047
:10D9E0000000000000000000000000000000000037
:10D9F0000000000000000000000000000000000027
:10DA00000000000000000000000000000000000016
:10DA10000000000000000000000000000000000006
:10DA200000000000000000000000000000000000F6
:10DA300000000000000000000000000000000000E6
:10DA400000000000000000000000000000000000D6
:10DA500000000000000000000000000000000000C6
:10DA600000000000000000000000000000000000B6
:10DA700000000000000000000000000000000000A6
:10DA80000000000000000000000000000000000096
:10DA90000000000000000000000000000000000086
:10DAA0000000000000000000000000000000000076
:10DAB0000000000000000000000000000000000066
:10DAC0000000000000000000000000000000000056
:10DAD0000000000000000000000000000000000046
:10DAE0000000000000000000000000000000000036
:10DAF0000000000000000000000000000000000026
:10DB00000000000000000000000000000000000015
:10DB10000000000000000000000000000000000005
:10DB200000000000000000000000000000000000F5
:10DB300000000000000000000000000000000000E5
:10DB400000000000000000000000000000000000D5
:10DB500000000000000000000000000000000000C5
:10DB600000000000000000000000000000000000B5
:10DB700000000000000000000000000000000000A5
:10DB80000000000000000000000000000000000095
:10DB90000000000000000000000000000000000085
:10DBA0000000000000000000000000000000000075
:10DBB0000000000000000000000000000000000065
:10DBC0000000000000000000000000000000000055
:10DBD0000000000000000000000000000000000045
:10DBE0000000000000000000000000000000000035
:10DBF0000000000000000000000000000000000025
:10DC00000000000000000000000000000000000014
:10DC10000000000000000000000000000000000004
:10DC200000000000000000000000000000000000F4
:10DC300000000000000000000000000000000000E4
:10DC400000000000000000000000000000000000D4
:10DC500000000000000000000000000000000000C4
:10DC600000000000000000000000000000000000B4
:10DC700000000000000000000000000000000000A4
:10DC80000000000000000000000000000000000094
:10DC90000000000000000000000000000000000084
:10DCA0000000000000000000000000000000000074
:10DCB0000000000000000000000000000000000064
:10DCC0000000000000000000000000000000000054
:10DCD0000000000000000000000000000000000044
:10DCE0000000000000000000000000000000000034
:10DCF0000000000000000000000000000000000024
:10DD00000000000000000000000000000000000013
:10DD10000000000000000000000000000000000003
:10DD200000000000000000000000000000000000F3
:10DD300000000000000000000000000000000000E3
:10DD400000000000000000000000000000000000D3
:10DD500000000000000000000000000000000000C3
:10DD600000000000000000000000000000000000B3
:10DD700000000000000000000000000000000000A3
:10DD80000000000000000000000000000000000093
:10DD90000000000000000000000000000000000083
:10DDA0000000000000000000000000000000000073
:10DDB0000000000000000000000000000000000063
:10DDC0000000000000000000000000000000000053
:10DDD0000000000000000000000000000000000043
:10DDE0000000000000000000000000000000000033
:10DDF0000000000000000000000000000000000023
:10DE00000000000000000000000000000000000012
:10DE10000000000000000000000000000000000002
:10DE200000000000000000000000000000000000F2
:10DE300000000000000000000000000000000000E2
:10DE400000000000000000000000000000000000D2
:10DE500000000000000000000000000000000000C2
:10DE600000000000000000000000000000000000B2
:10DE700000000000000000000000000000000000A2
:10DE80000000000000000000000000000000000092
:10DE90000000000000000000000000000000000082
:10DEA0000000000000000000000000000000000072
:10DEB0000000000000000000000000000000000062
:10DEC0000000000000000000000000000000000052
:10DED0000000000000000000000000000000000042
:10DEE0000000000000000000000000000000000032
:10DEF0000000000000000000000000000000000022
:10DF00000000000000000000000000000000000011
:10DF10000000000000000000000000000000000001
:10DF200000000000000000000000000000000000F1
:10DF300000000000000000000000000000000000E1
:10DF400000000000000000000000000000000000D1
:10DF500000000000000000000000000000000000C1
:10DF600000000000000000000000000000000000B1
:10DF700000000000000000000000000000000000A1
:10DF80000000000000000000000000000000000091
:10DF90000000000000000000000000000000000081
:10DFA0000000000000000000000000000000000071
:10DFB0000000000000000000000000000000000061
:10DFC0000000000000000000000000000000000051
:10DFD0000000000000000000000000000000000041
:10DFE0000000000000000000000000000000000031
:10DFF0000000000000000000000000000000000021
:10E000000000000000000000000000000000000010
:10E010000000000000000000000000000000000000
:10E0200000000000000000000000000000000000F0
:10E0300000000000000000000000000000000000E0
:10E0400000000000000000000000000000000000D0
:10E0500000000000000000000000000000000000C0
:10E0600000000000000000000000000000000000B0
:10E0700000000000000000000000000000000000A0
:10E080000000000000000000000000000000000090
:10E090000000000000000000000000000000000080
:10E0A0000000000000000000000000000000000070
:10E0B0000000000000000000000000000000000060
:10E0C0000000000000000000000000000000000050
:10E0D0000000000000000000000000000000000040
:10E0E0000000000000000000000000000000000030
:10E0F0000000000000000000000000000000000020
:10E10000000000000000000000000000000000000F
:10E1100000000000000000000000000000000000FF
:10E1200000000000000000000000000000000000EF
:10E1300000000000000000000000000000000000DF
:10E1400000000000000000000000000000000000CF
:10E1500000000000000000000000000000000000BF
:10E1600000000000000000000000000000000000AF
:10E17000000000000000000000000000000000009F
:10E18000000000000000000000000000000000008F
:10E19000000000000000000000000000000000007F
:10E1A000000000000000000000000000000000006F
:10E1B000000000000000000000000000000000005F
:10E1C000000000000000000000000000000000004F
:10E1D000000000000000000000000000000000003F
:10E1E000000000000000000000000000000000002F
:10E1F000000000000000000000000000000000001F
:10E20000000000000000000000000000000000000E
:10E2100000000000000000000000000000000000FE
:10E2200000000000000000000000000000000000EE
:10E2300000000000000000000000000000000000DE
:10E2400000000000000000000000000000000000CE
:10E2500000000000000000000000000000000000BE
:10E2600000000000000000000000000000000000AE
:10E27000000000000000000000000000000000009E
:10E28000000000000000000000000000000000008E
:10E29000000000000000000000000000000000007E
:10E2A000000000000000000000000000000000006E
:10E2B000000000000000000000000000000000005E
:10E2C000000000000000000000000000000000004E
:10E2D000000000000000000000000000000000003E
:10E2E000000000000000000000000000000000002E
:10E2F000000000000000000000000000000000001E
:10E30000000000000000000000000000000000000D
:10E3100000000000000000000000000000000000FD
:10E3200000000000000000000000000000000000ED
:10E3300000000000000000000000000000000000DD
:10E3400000000000000000000000000000000000CD
:10E3500000000000000000000000000000000000BD
:10E3600000000000000000000000000000000000AD
:10E37000000000000000000000000000000000009D
:10E38000000000000000000000000000000000008D
:10E39000000000000000000000000000000000007D
:10E3A000000000000000000000000000000000006D
:10E3B000000000000000000000000000000000005D
:10E3C000000000000000000000000000000000004D
:10E3D000000000000000000000000000000000003D
:10E3E000000000000000000000000000000000002D
:10E3F000000000000000000000000000000000001D
:10E40000000000000000000000000000000000000C
:10E4100000000000000000000000000000000000FC
:10E4200000000000000000000000000000000000EC
:10E4300000000000000000000000000000000000DC
:10E4400000000000000000000000000000000000CC
:10E4500000000000000000000000000000000000BC
:10E4600000000000000000000000000000000000AC
:10E47000000000000000000000000000000000009C
:10E48000000000000000000000000000000000008C
:10E49000000000000000000000000000000000007C
:10E4A000000000000000000000000000000000006C
:10E4B000000000000000000000000000000000005C
:10E4C000000000000000000000000000000000004C
:10E4D000000000000000000000000000000000003C
:10E4E000000000000000000000000000000000002C
:10E4F000000000000000000000000000000000001C
:10E50000000000000000000000000000000000000B
:10E5100000000000000000000000000000000000FB
:10E5200000000000000000000000000000000000EB
:10E5300000000000000000000000000000000000DB
:10E5400000000000000000000000000000000000CB
:10E5500000000000000000000000000000000000BB
:10E5600000000000000000000000000000000000AB
:10E57000000000000000000000000000000000009B
:10E58000000000000000000000000000000000008B
:10E59000000000000000000000000000000000007B
:10E5A000000000000000000000000000000000006B
:10E5B000000000000000000000000000000000005B
:10E5C000000000000000000000000000000000004B
:10E5D000000000000000000000000000000000003B
:10E5E000000000000000000000000000000000002B
:10E5F000000000000000000000000000000000001B
:10E60000000000000000000000000000000000000A
:10E6100000000000000000000000000000000000FA
:10E6200000000000000000000000000000000000EA
:10E6300000000000000000000000000000000000DA
:10E6400000000000000000000000000000000000CA
:10E6500000000000000000000000000000000000BA
:10E6600000000000000000000000000000000000AA
:10E67000000000000000000000000000000000009A
:10E68000000000000000000000000000000000008A
:10E69000000000000000000000000000000000007A
:10E6A000000000000000000000000000000000006A
:10E6B000000000000000000000000000000000005A
:10E6C000000000000000000000000000000000004A
:10E6D000000000000000000000000000000000003A
:10E6E000000000000000000000000000000000002A
:10E6F000000000000000000000000000000000001A
:10E700000000000000000000000000000000000009
:10E7100000000000000000000000000000000000F9
:10E7200000000000000000000000000000000000E9
:10E7300000000000000000000000000000000000D9
:10E7400000000000000000000000000000000000C9
:10E7500000000000000000000000000000000000B9
:10E7600000000000000000000000000000000000A9
:10E770000000000000000000000000000000000099
:10E780000000000000000000000000000000000089
:10E790000000000000000000000000000000000079
:10E7A0000000000000000000000000000000000069
:10E7B0000000000000000000000000000000000059
:10E7C0000000000000000000000000000000000049
:10E7D0000000000000000000000000000000000039
:10E7E0000000000000000000000000000000000029
:10E7F0000000000000000000000000000000000019
:10E800000000000000000000000000000000000008
:10E8100000000000000000000000000000000000F8
:10E8200000000000000000000000000000000000E8
:10E8300000000000000000000000000000000000D8
:10E8400000000000000000000000000000000000C8
:10E8500000000000000000000000000000000000B8
:10E8600000000000000000000000000000000000A8
:10E870000000000000000000000000000000000098
:10E880000000000000000000000000000000000088
:10E890000000000000000000000000000000000078
:10E8A0000000000000000000000000000000000068
:10E8B0000000000000000000000000000000000058
:10E8C0000000000000000000000000000000000048
:10E8D0000000000000000000000000000000000038
:10E8E0000000000000000000000000000000000028
:10E8F0000000000000000000000000000000000018
:10E900000000000000000000000000000000000007
:10E9100000000000000000000000000000000000F7
:10E9200000000000000000000000000000000000E7
:10E9300000000000000000000000000000000000D7
:10E9400000000000000000000000000000000000C7
:10E9500000000000000000000000000000000000B7
:10E9600000000000000000000000000000000000A7
:10E970000000000000000000000000000000000097
:10E980000000000000000000000000000000000087
:10E990000000000000000000000000000000000077
:10E9A0000000000000000000000000000000000067
:10E9B0000000000000000000000000000000000057
:10E9C0000000000000000000000000000000000047
:10E9D0000000000000000000000000000000000037
:10E9E0000000000000000000000000000000000027
:10E9F0000000000000000000000000000000000017
:10EA00000000000000000000000000000000000006
:10EA100000000000000000000000000000000000F6
:10EA200000000000000000000000000000000000E6
:10EA300000000000000000000000000000000000D6
:10EA400000000000000000000000000000000000C6
:10EA500000000000000000000000000000000000B6
:10EA600000000000000000000000000000000000A6
:10EA70000000000000000000000000000000000096
:10EA80000000000000000000000000000000000086
:10EA90000000000000000000000000000000000076
:10EAA0000000000000000000000000000000000066
:10EAB0000000000000000000000000000000000056
:10EAC0000000000000000000000000000000000046
:10EAD0000000000000000000000000000000000036
:10EAE0000000000000000000000000000000000026
:10EAF0000000000000000000000000000000000016
:10EB00000000000000000000000000000000000005
:10EB100000000000000000000000000000000000F5
:10EB200000000000000000000000000000000000E5
:10EB300000000000000000000000000000000000D5
:10EB400000000000000000000000000000000000C5
:10EB500000000000000000000000000000000000B5
:10EB600000000000000000000000000000000000A5
:10EB70000000000000000000000000000000000095
:10EB80000000000000000000000000000000000085
:10EB90000000000000000000000000000000000075
:10EBA0000000000000000000000000000000000065
:10EBB0000000000000000000000000000000000055
:10EBC0000000000000000000000000000000000045
:10EBD0000000000000000000000000000000000035
:10EBE0000000000000000000000000000000000025
:10EBF0000000000000000000000000000000000015
:10EC00000000000000000000000000000000000004
:10EC100000000000000000000000000000000000F4
:10EC200000000000000000000000000000000000E4
:10EC300000000000000000000000000000000000D4
:10EC400000000000000000000000000000000000C4
:10EC500000000000000000000000000000000000B4
:10EC600000000000000000000000000000000000A4
:10EC70000000000000000000000000000000000094
:10EC80000000000000000000000000000000000084
:10EC90000000000000000000000000000000000074
:10ECA0000000000000000000000000000000000064
:10ECB0000000000000000000000000000000000054
:10ECC0000000000000000000000000000000000044
:10ECD0000000000000000000000000000000000034
:10ECE0000000000000000000000000000000000024
:10ECF0000000000000000000000000000000000014
:10ED00000000000000000000000000000000000003
:10ED100000000000000000000000000000000000F3
:10ED200000000000000000000000000000000000E3
:10ED300000000000000000000000000000000000D3
:10ED400000000000000000000000000000000000C3
:10ED500000000000000000000000000000000000B3
:10ED600000000000000000000000000000000000A3
:10ED70000000000000000000000000000000000093
:10ED80000000000000000000000000000000000083
:10ED90000000000000000000000000000000000073
:10EDA0000000000000000000000000000000000063
:10EDB0000000000000000000000000000000000053
:10EDC0000000000000000000000000000000000043
:10EDD0000000000000000000000000000000000033
:10EDE0000000000000000000000000000000000023
:10EDF0000000000000000000000000000000000013
:10EE00000000000000000000000000000000000002
:10EE100000000000000000000000000000000000F2
:10EE200000000000000000000000000000000000E2
:10EE300000000000000000000000000000000000D2
:10EE400000000000000000000000000000000000C2
:10EE500000000000000000000000000000000000B2
:10EE600000000000000000000000000000000000A2
:10EE70000000000000000000000000000000000092
:10EE80000000000000000000000000000000000082
:10EE90000000000000000000000000000000000072
:10EEA0000000000000000000000000000000000062
:10EEB0000000000000000000000000000000000052
:10EEC0000000000000000000000000000000000042
:10EED0000000000000000000000000000000000032
:10EEE0000000000000000000000000000000000022
:10EEF0000000000000000000000000000000000012
:10EF00000000000000000000000000000000000001
:10EF100000000000000000000000000000000000F1
:10EF200000000000000000000000000000000000E1
:10EF300000000000000000000000000000000000D1
:10EF400000000000000000000000000000000000C1
:10EF500000000000000000000000000000000000B1
:10EF600000000000000000000000000000000000A1
:10EF70000000000000000000000000000000000091
:10EF80000000000000000000000000000000000081
:10EF90000000000000000000000000000000000071
:10EFA0000000000000000000000000000000000061
:10EFB0000000000000000000000000000000000051
:10EFC0000000000000000000000000000000000041
:10EFD0000000000000000000000000000000000031
:10EFE0000000000000000000000000000000000021
:10EFF0000000000000000000000000000000000011
:10F000000000000000000000000000000000000000
:10F0100000000000000000000000000000000000F0
:10F0200000000000000000000000000000000000E0
:10F0300000000000000000000000000000000000D0
:10F0400000000000000000000000000000000000C0
:10F0500000000000000000000000000000000000B0
:10F0600000000000000000000000000000000000A0
:10F070000000000000000000000000000000000090
:10F080000000000000000000000000000000000080
:10F090000000000000000000000000000000000070
:10F0A0000000000000000000000000000000000060
:10F0B0000000000000000000000000000000000050
:10F0C0000000000000000000000000000000000040
:10F0D0000000000000000000000000000000000030
:10F0E0000000000000000000000000000000000020
:10F0F0000000000000000000000000000000000010
:10F1000000000000000000000000000000000000FF
:10F1100000000000000000000000000000000000EF
:10F1200000000000000000000000000000000000DF
:10F1300000000000000000000000000000000000CF
:10F1400000000000000000000000000000000000BF
:10F1500000000000000000000000000000000000AF
:10F16000000000000000000000000000000000009F
:10F17000000000000000000000000000000000008F
:10F18000000000000000000000000000000000007F
:10F19000000000000000000000000000000000006F
:10F1A000000000000000000000000000000000005F
:10F1B000000000000000000000000000000000004F
:10F1C000000000000000000000000000000000003F
:10F1D000000000000000000000000000000000002F
:10F1E000000000000000000000000000000000001F
:10F1F000000000000000000000000000000000000F
:10F2000000000000000000000000000000000000FE
:10F2100000000000000000000000000000000000EE
:10F2200000000000000000000000000000000000DE
:10F2300000000000000000000000000000000000CE
:10F2400000000000000000000000000000000000BE
:10F2500000000000000000000000000000000000AE
:10F26000000000000000000000000000000000009E
:10F27000000000000000000000000000000000008E
:10F28000000000000000000000000000000000007E
:10F29000000000000000000000000000000000006E
:10F2A000000000000000000000000000000000005E
:10F2B000000000000000000000000000000000004E
:10F2C000000000000000000000000000000000003E
:10F2D000000000000000000000000000000000002E
:10F2E000000000000000000000000000000000001E
:10F2F000000000000000000000000000000000000E
:10F3000000000000000000000000000000000000FD
:10F3100000000000000000000000000000000000ED
:10F3200000000000000000000000000000000000DD
:10F3300000000000000000000000000000000000CD
:10F3400000000000000000000000000000000000BD
:10F3500000000000000000000000000000000000AD
:10F36000000000000000000000000000000000009D
:10F37000000000000000000000000000000000008D
:10F38000000000000000000000000000000000007D
:10F39000000000000000000000000000000000006D
:10F3A000000000000000000000000000000000005D
:10F3B000000000000000000000000000000000004D
:10F3C000000000000000000000000000000000003D
:10F3D000000000000000000000000000000000002D
:10F3E000000000000000000000000000000000001D
:10F3F000000000000000000000000000000000000D
:10F4000000000000000000000000000000000000FC
:10F4100000000000000000000000000000000000EC
:10F4200000000000000000000000000000000000DC
:10F4300000000000000000000000000000000000CC
:10F4400000000000000000000000000000000000BC
:10F4500000000000000000000000000000000000AC
:10F46000000000000000000000000000000000009C
:10F47000000000000000000000000000000000008C
:10F48000000000000000000000000000000000007C
:10F49000000000000000000000000000000000006C
:10F4A000000000000000000000000000000000005C
:10F4B000000000000000000000000000000000004C
:10F4C000000000000000000000000000000000003C
:10F4D000000000000000000000000000000000002C
:10F4E000000000000000000000000000000000001C
:10F4F000000000000000000000000000000000000C
:10F5000000000000000000000000000000000000FB
:10F5100000000000000000000000000000000000EB
:10F5200000000000000000000000000000000000DB
:10F5300000000000000000000000000000000000CB
:10F5400000000000000000000000000000000000BB
:10F5500000000000000000000000000000000000AB
:10F56000000000000000000000000000000000009B
:10F57000000000000000000000000000000000008B
:10F58000000000000000000000000000000000007B
:10F59000000000000000000000000000000000006B
:10F5A000000000000000000000000000000000005B
:10F5B000000000000000000000000000000000004B
:10F5C000000000000000000000000000000000003B
:10F5D000000000000000000000000000000000002B
:10F5E000000000000000000000000000000000001B
:10F5F000000000000000000000000000000000000B
:10F6000000000000000000000000000000000000FA
:10F6100000000000000000000000000000000000EA
:10F6200000000000000000000000000000000000DA
:10F6300000000000000000000000000000000000CA
:10F6400000000000000000000000000000000000BA
:10F6500000000000000000000000000000000000AA
:10F66000000000000000000000000000000000009A
:10F67000000000000000000000000000000000008A
:10F68000000000000000000000000000000000007A
:10F69000000000000000000000000000000000006A
:10F6A000000000000000000000000000000000005A
:10F6B000000000000000000000000000000000004A
:10F6C000000000000000000000000000000000003A
:10F6D000000000000000000000000000000000002A
:10F6E000000000000000000000000000000000001A
:10F6F000000000000000000000000000000000000A
:10F7000000000000000000000000000000000000F9
:10F7100000000000000000000000000000000000E9
:10F7200000000000000000000000000000000000D9
:10F7300000000000000000000000000000000000C9
:10F7400000000000000000000000000000000000B9
:10F7500000000000000000000000000000000000A9
:10F760000000000000000000000000000000000099
:10F770000000000000000000000000000000000089
:10F780000000000000000000000000000000000079
:10F790000000000000000000000000000000000069
:10F7A0000000000000000000000000000000000059
:10F7B0000000000000000000000000000000000049
:10F7C0000000000000000000000000000000000039
:10F7D0000000000000000000000000000000000029
:10F7E0000000000000000000000000000000000019
:10F7F0000000000000000000000000000000000009
:10F8000000000000000000000000000000000000F8
:10F8100000000000000000000000000000000000E8
:10F8200000000000000000000000000000000000D8
:10F8300000000000000000000000000000000000C8
:10F8400000000000000000000000000000000000B8
:10F8500000000000000000000000000000000000A8
:10F860000000000000000000000000000000000098
:10F870000000000000000000000000000000000088
:10F880000000000000000000000000000000000078
:10F890000000000000000000000000000000000068
:10F8A0000000000000000000000000000000000058
:10F8B0000000000000000000000000000000000048
:10F8C0000000000000000000000000000000000038
:10F8D0000000000000000000000000000000000028
:10F8E0000000000000000000000000000000000018
:10F8F0000000000000000000000000000000000008
:10F9000000000000000000000000000000000000F7
:10F9100000000000000000000000000000000000E7
:10F9200000000000000000000000000000000000D7
:10F9300000000000000000000000000000000000C7
:10F9400000000000000000000000000000000000B7
:10F9500000000000000000000000000000000000A7
:10F960000000000000000000000000000000000097
:10F970000000000000000000000000000000000087
:10F980000000000000000000000000000000000077
:10F990000000000000000000000000000000000067
:10F9A0000000000000000000000000000000000057
:10F9B0000000000000000000000000000000000047
:10F9C0000000000000000000000000000000000037
:10F9D0000000000000000000000000000000000027
:10F9E0000000000000000000000000000000000017
:10F9F0000000000000000000000000000000000007
:10FA000000000000000000000000000000000000F6
:10FA100000000000000000000000000000000000E6
:10FA200000000000000000000000000000000000D6
:10FA300000000000000000000000000000000000C6
:10FA400000000000000000000000000000000000B6
:10FA500000000000000000000000000000000000A6
:10FA60000000000000000000000000000000000096
:10FA70000000000000000000000000000000000086
:10FA80000000000000000000000000000000000076
:10FA90000000000000000000000000000000000066
:10FAA0000000000000000000000000000000000056
:10FAB0000000000000000000000000000000000046
:10FAC0000000000000000000000000000000000036
:10FAD0000000000000000000000000000000000026
:10FAE0000000000000000000000000000000000016
:10FAF0000000000000000000000000000000000006
:10FB000000000000000000000000000000000000F5
:10FB100000000000000000000000000000000000E5
:10FB200000000000000000000000000000000000D5
:10FB300000000000000000000000000000000000C5
:10FB400000000000000000000000000000000000B5
:10FB500000000000000000000000000000000000A5
:10FB60000000000000000000000000000000000095
:10FB70000000000000000000000000000000000085
:10FB80000000000000000000000000000000000075
:10FB90000000000000000000000000000000000065
:10FBA0000000000000000000000000000000000055
:10FBB0000000000000000000000000000000000045
:10FBC0000000000000000000000000000000000035
:10FBD0000000000000000000000000000000000025
:10FBE0000000000000000000000000000000000015
:10FBF0000000000000000000000000000000000005
:10FC000000000000000000000000000000000000F4
:10FC100000000000000000000000000000000000E4
:10FC200000000000000000000000000000000000D4
:10FC300000000000000000000000000000000000C4
:10FC400000000000000000000000000000000000B4
:10FC500000000000000000000000000000000000A4
:10FC60000000000000000000000000000000000094
:10FC70000000000000000000000000000000000084
:10FC80000000000000000000000000000000000074
:10FC90000000000000000000000000000000000064
:10FCA0000000000000000000000000000000000054
:10FCB0000000000000000000000000000000000044
:10FCC0000000000000000000000000000000000034
:10FCD0000000000000000000000000000000000024
:10FCE0000000000000000000000000000000000014
:10FCF0000000000000000000000000000000000004
:10FD000000000000000000000000000000000000F3
:10FD100000000000000000000000000000000000E3
:10FD200000000000000000000000000000000000D3
:10FD300000000000000000000000000000000000C3
:10FD400000000000000000000000000000000000B3
:10FD500000000000000000000000000000000000A3
:10FD60000000000000000000000000000000000093
:10FD70000000000000000000000000000000000083
:10FD80000000000000000000000000000000000073
:10FD90000000000000000000000000000000000063
:10FDA0000000000000000000000000000000000053
:10FDB0000000000000000000000000000000000043
:10FDC0000000000000000000000000000000000033
:10FDD0000000000000000000000000000000000023
:10FDE0000000000000000000000000000000000013
:10FDF0000000000000000000000000000000000003
:10FE000000000000000000000000000000000000F2
:10FE100000000000000000000000000000000000E2
:10FE200000000000000000000000000000000000D2
:10FE300000000000000000000000000000000000C2
:10FE400000000000000000000000000000000000B2
:10FE500000000000000000000000000000000000A2
:10FE60000000000000000000000000000000000092
:10FE70000000000000000000000000000000000082
:10FE80000000000000000000000000000000000072
:10FE90000000000000000000000000000000000062
:10FEA0000000000000000000000000000000000052
:10FEB0000000000000000000000000000000000042
:10FEC0000000000000000000000000000000000032
:10FED0000000000000000000000000000000000022
:10FEE0000000000000000000000000000000000012
:10FEF0000000000000000000000000000000000002
:10FF000000000000000000000000000000000000F1
:10FF100000000000000000000000000000000000E1
:10FF200000000000000000000000000000000000D1
:10FF300000000000000000000000000000000000C1
:10FF400000000000000000000000000000000000B1
:10FF500000000000000000000000000000000000A1
:10FF60000000000000000000000000000000000091
:10FF70000000000000000000000000000000000081
:10FF80000000000000000000000000000000000071
:10FF90000000000000000000000000000000000061
:10FFA0000000000000000000000000000000000051
:10FFB0000000000000000000000000000000000041
:10FFC0000000000000000000000000000000000031
:10FFD0000000000000000000000000000000000021
:10FFE0000000000000000000000000000000000011
:10FFF0000000000000000000000000000000000001
:020000040801F1
:10000000014600200D4A1060012904D0032906D0C2
:1000100006290CD107E00120084A106008E0022000
:10002000064A106004E00320044A106000E000BFAC
:1000300000BF0248008800B270470000C0010020E5
:100040000A4A126822F44072084B1A601A46126873
:1000500042F004021A601A4612684FF4803343EAF1
:1000600000231A43014B1A6070470000103C024005
:1000700010B5202211460848F0F75EFCFBF70CFD96
:1000800001210846FBF78EFC4FF4FA60FAF70EFFE9
:1000900000F06EF910BD0000A83000202DE9F041FD
:1000A00005462F464D48006805704C480068401CC6
:1000B0004A4908602E2D72D02D2DFCD0202DFAD06B
:1000C000002483E004EB4400454911F82000A842D5
:1000D0007BD104EB440001EB8000007AFF2866D15D
:1000E00040480078082820D03E48007804EB4401BE
:1000F0003B4A02EB8101087204EB440002EB8000F2
:10010000416838480078FBF7EDFC04EB44003449C3
:1001100001EB80013448334A127840F8221031480C
:100120000078401C2F49087041E000263BE006EBB8
:1001300046002B4901EB8000007AFF2832D006EB05
:10014000460001EB8000407A50BB04EB44020B46B2
:1001500003EB8202516806EB460203EB8202107A3F
:10016000FBF7C0FC06EB46001D4901EB8000007A5E
:1001700004EB44011A4A02EB81010872FF2006EBEE
:10018000460102EB8101087204EB4400114601EBC9
:1001900080001549134A127841F8220005E019E061
:1001A00000E012E0761C142EC1D300BF00BF04EBA8
:1001B00044000B4901EB8000077A012004EB440165
:1001C000074A02EB8101487203E0641C142CFFF41F
:1001D00079AF00BF3846BDE8F08100006C01002017
:1001E00078000020740000208830002010B50446FC
:1001F000E0B20121FBF706FCFF210120FBF70EFC1A
:10020000E0B20121FBF7FEFB10BD00003EB5044645
:1002100001210720FBF7F6FB224604A16846F0F710
:100220003FF96846FBF7A2F83EBD00002530326C6E
:1002300075000000002021E01249D1ED000AB7EE60
:10024000001A71EE600A104901EB800191ED001A6D
:1002500060EE810A0D4951F8201001EE101AB8EE37
:10026000411A0849D1ED001AB0EE600A01EE810A88
:10027000054901EB800181ED000A401C0528DBD314
:1002800070470000AC01002078310020643100206C
:1002900010B50921034801F087FD002002490870CC
:1002A00010BD0000C8300020B001002001480078D7
:1002B000704700001C00002070B505460C46012C5C
:1002C00006D0022C0BD0042C12D0052C14D100E047
:1002D00013E003200A490870FAF7CAFE0DE0022075
:1002E0000749087001F09AFB06A001F051FA04E0FA
:1002F00001200349087000E000BF00BF70BD00008E
:10030000450000202F0000003EB5044601210520D5
:10031000FBF778FB224604A16846F0F7C1F868466F
:10032000FBF724F83EBD00002530346C750000005A
:1003300010B52DED028BB0EE408A094880ED008AA1
:100340000848007840B9084B01220921074801F00C
:1003500043FD012003490870BDEC028B10BD000075
:10036000AC010020B0010020AD890008C830002099
:1003700010B500224FF480611648FAF7B9FD01224A
:1003800051021448FAF7B4FD0020FBF7EFFA0A20F7
:10039000FAF78CFD00BF012211020E48FAF7A8FD02
:1003A0000A20FAF783FDFAF797FD012800D10CE047
:1003B00000224FF480710748FAF79AFD064800685A
:1003C000401C054908606428E5DD00BF00200249A3
:1003D000086010BD000002409001002010B52DED16
:1003E000048B84B0044601210420FBF70BFB20465C
:1003F00009F0B4F941EC190B9FED0B0B53EC102BEA
:1004000009F054F841EC180B53EC182B08A101A883
:10041000F0F746F82C208DF8050001A8FAF7A6FFA2
:1004200004B0BDEC048B10BD0000000000408F4004
:1004300025302E33660000002DE9F04F89B00446C8
:100440000D46642095FBF0F600FB165B0A209BFB33
:10045000F0F700FB17B004904FF47A7094FBF0F8BB
:1004600000FB184002906421029890FBF1F9029879
:1004700001FB190001900A21019890FBF1FA019803
:1004800001FB1A0000900098039006F13000C0B202
:100490008DF8140007F13000C0B28DF815002C2043
:1004A0008DF8160004983030C0B28DF8170008F1AE
:1004B0003000C0B28DF8180009F13000C0B28DF8DC
:1004C00019000AF13000C0B28DF81A0003983030DC
:1004D000C0B28DF81B0000208DF81C0005A8FAF7AB
:1004E00045FF09B0BDE8F08F2DE9F04F2DED048BED
:1004F00087B0B0EE408A9FED460AB4EEC08AF1EEB6
:1005000010FA03DD9FED420AB0EE408AB5EEC08AD4
:10051000F1EE10FA05D2BFEE000A28EE000AB0EEA6
:10052000408A9FED3C0AC8EE000ABDEEE00A10EEDC
:10053000104A6420604300EE100AB8EEC00A78EE5C
:10054000408A2546B2EE040AC8EE800ABDEEE00AF3
:1005500010EE104A04EB8400400000EE100AB8EEE2
:10056000C00A38EEC09A2646BDEEC90A8DED020AD1
:10057000BDEEC80AB8EEC00A78EE409A9FED260A92
:1005800029EE800ABDEEC00A10EE109A642099FB95
:10059000F0F404EBC40000EB0410A9EB800B274639
:1005A0000A209BFBF0F404EB8400ABEB400ACDF88F
:1005B00004A0A046DDF804A005F13000C0B28DF81B
:1005C0000C0006F13000C0B28DF80D0002983030FA
:1005D000C0B28DF80E002C208DF80F0007F130000E
:1005E000C0B28DF8100008F13000C0B28DF81100D3
:1005F0000AF13000C0B28DF8120000208DF813000F
:1006000003A8FAF7B3FE07B0BDEC048BBDE8F08F8A
:1006100000C079440000C84200007A4430B52DED96
:10062000028B85B000210320FBF7ECF9144890ED14
:10063000000ADFED140A80EE201AB0EE418ABCEE0B
:10064000C80A10EE100A84B200EE104AB8EE400A52
:1006500038EE400ADFED0C0A20EE200ABCEEC00A9C
:1006600010EE105A2B46224608A101A8EFF718FFFA
:1006700001A8FAF77BFE05B0BDEC028B30BD00008F
:10068000BC010020002474490050C3472530327556
:100690002C2530356C75000010B502460020104B3B
:1006A00003EB011313440F4C236019B900F18003CD
:1006B000D8B212E0012903D100F1C003D8B20CE096
:1006C000022903D100F19403D8B206E0032903D133
:1006D00000F1D403D8B200E080208318D8B210BD56
:1006E000A83000206C01002010B50020FBF730F985
:1006F00004462146014803F085FE10BDEC3300207E
:1007000010B50120FBF724F904462146014803F007
:1007100079FE10BDB447002010B50220FBF718F990
:1007200004462146014803F06DFE10BD7C5B0020AD
:1007300010B50320FBF70CF904462146014803F0ED
:1007400061FE10BD446F002010B50420FBF700F9D6
:1007500004462146014803F055FE10BD0C830020DD
:1007600000B593B0302107A8F0F710F9142102A8C2
:10077000F0F70CF900BF002001902448006840F019
:100780008050224908600846006800F080500190BF
:1007900000BF00BF002001901D48006820F44040C9
:1007A00040F400401A4908600846006800F44040E0
:1007B000019000BF012007900004089002200D90D6
:1007C00041050E9119210F914FF4A8711091042148
:1007D00011910721129107A8F3F72EFB08B1F1F749
:1007E00082FB0F20029002200390002004904FF41F
:1007F0008050059000200690022102A8F3F7DCF952
:1008000008B1F1F770FB13B000BD000040380240A2
:100810000070004010B504460B2C30D2DFE804F025
:10082000060A0E12161A1E22262A2B0015A0FAF707
:100830009DFD24E014A0FAF799FD20E013A0FAF73B
:1008400095FD1CE012A0FAF791FD18E011A0FAF74F
:100850008DFD14E010A0FAF789FD10E00FA0FAF763
:1008600085FD0CE00EA0FAF781FD08E00DA0FAF777
:100870007DFD04E000BF0CA0FAF778FD00BF00BFCB
:1008800010BD000030000000310000003200000008
:100890003300000034000000350000003600000086
:1008A00037000000380000003900000030B52DEDA1
:1008B000028B85B0B0EE408ABCEEC80A10EE100A7A
:1008C00084B200EE104AB8EE400A38EE400ADFED7E
:1008D0000A0A20EE200ABCEEC00A10EE105A2B467F
:1008E000224606A101A8EFF7DBFD01A8FAF73EFDBD
:1008F00005B0BDEC028B30BD0050C34725303275CA
:100900002C2530356C75000010B50B4805F038F912
:1009100000200A4908600A4908600A4908600A4933
:1009200008600A4908600A4908600A49086001200D
:100930000949086010BD0000C8310020E80100200E
:10094000EC010020F0010020F4010020080200204A
:10095000FC010020000200203002002010B50B48EE
:100960000B4908604FF461404860002108488160ED
:10097000C16001610821416100218161C161F3F71A
:100980000AF808B1F1F7AFFA10BD000000100140FD
:100990002004002070B50446F8F75AF810A0FAF7C2
:1009A000E5FC092C03D10FA0FAF7E0FC07E0601C7E
:1009B00005B22846FFF72EFF0BA0FAF7D7FC0BA0D5
:1009C000FAF7D4FC0A4800EB8400D0ED000AB0EE40
:1009D000600AFFF789FD07A0FAF7C8FC70BD0000A8
:1009E0006600000031300000200000003D000000E3
:1009F0002833002020487A002DE9F04105460E46B4
:100A0000144631462846FFF747FE0746012138467F
:100A1000FAF7C8FF07E014F8010BFFF73FFB804629
:100A20000021FAF7BFFF20780028F4D1BDE8F0815B
:100A300070B50446F8F70CF81EA0FAF797FC1E48AC
:100A4000B0F90000B0F5E17F0ED1092C03D11BA055
:100A5000FAF78CFC1DE0601C05B22846FFF7DAFEB1
:100A600017A0FAF783FC14E016A0FAF77FFC092C14
:100A700003D112A0FAF77AFC07E0601C05B2284601
:100A8000FFF7C8FE0EA0FAF771FC00210620FAF766
:100A9000B9FF0DA0FAF76AFC0C4800EB8400D0ED1A
:100AA000000AB0EE600AFFF701FF09A0FAF75EFC4A
:100AB00070BD0000740000002402002031300000EE
:100AC00020000000302C00003D00000054330020C6
:100AD0002073000010B50B480068401E00EB0010AA
:100AE000094942180021094804F0D5FA0548006870
:100AF000401E00EB0010064942180121034804F093
:100B0000CAFA10BDC0010020FA9E0108A0310020E1
:100B10002D9F010810B507480068401E00EB00102B
:100B2000054942180021054804F0B5FA00F078FCA8
:100B300010BD0000C00100204EA00108A03100201F
:100B400010B5044A0021044804F0A5FA00F068FC3E
:100B500010BD000081A00108A031002010B5074899
:100B60000068401E00EB00100549421800210548AE
:100B700004F091FA00F054FC10BD0000C001002008
:100B800092A00108A031002010B507480068401E5F
:100B900000EB0010054942180021054804F07BFADB
:100BA00000F03EFC10BD0000C0010020C5A00108FF
:100BB000A031002010B507480068401E00EB00106F
:100BC000054942180021054804F065FA00F028FCA8
:100BD00010BD0000C0010020F8A00108A0310020D5
:100BE00010B507480068401E00EB00100549421888
:100BF0000021054804F04FFA00F012FC10BD00007F
:100C0000C00100202BA10108A031002010B5074829
:100C10000068401E00EB00100549421800210548FD
:100C200004F039FA00F0FCFB10BD0000C001002008
:100C30005EA10108A031002010B507480068401EE1
:100C400000EB0010054942180021054804F023FA82
:100C500000F0E6FB10BD0000C001002091A10108DA
:100C6000A031002010B512480068012807D1F7F71D
:100C7000EFFE1048FAF77AFB00F0D2FB16E00C48C2
:100C80000068022807D1F7F7E3FE0B48FAF76EFB7E
:100C900000F0C6FB0AE006480068032806D1F7F713
:100CA000D7FE0648FAF762FB00F0BAFB10BD000061
:100CB000C0010020C4A101085CA8010807A901081F
:100CC00010B512480068012807D1F7F7C1FE104897
:100CD000FAF74CFB00F0A4FB16E00C480068022871
:100CE00007D1F7F7B5FE0B48FAF740FB00F098FB89
:100CF0000AE006480068032806D1F7F7A9FE06486F
:100D0000FAF734FB00F08CFB10BD0000C00100209E
:100D1000D5A101086DA8010818A9010810B50B4854
:100D20000068401E00EB00100949421800210948E4
:100D300004F0B1F905480068401E00EB00100649B8
:100D400042180121034804F0A6F910BDC00100209B
:100D5000E6A10108A031002019A2010810B5084839
:100D60000068401E00EB00100649421800210648AA
:100D700004F091F9054A0121034804F08CF910BDF3
:100D8000C00100204CA20108A0310020939F01085F
:100D900010B508480068401E00EB001006494218D4
:100DA0000021064804F077F9054A0121034804F0C0
:100DB00072F910BDC00100208AA20108A0310020F4
:100DC000939F010810B508480068401E00EB001012
:100DD000064942180021064804F05DF9054A012140
:100DE000034804F058F910BDC0010020BDA201085D
:100DF000A0310020939F010810B508480068401EEC
:100E000000EB0010064942180021064804F043F99F
:100E1000054A0121034804F03EF910BDC00100203D
:100E2000F0A20108A0310020939F010810B50848E6
:100E30000068401E00EB00100649421800210648D9
:100E400004F029F9054A0121034804F024F910BDF2
:100E5000C001002023A30108A031002056A30108EF
:100E600010B50B480068401E00EB001009494218FD
:100E70000021094804F00FF905480068401E00EB06
:100E80000010064942180121034804F004F910BD7E
:100E9000C001002067A30108A031002019A20108A9
:100EA00010B508480068401E00EB001006494218C3
:100EB0000021064804F0EFF8054A0121034804F038
:100EC000EAF810BDC00100209AA30108A03100205B
:100ED000939F010810B508480068401E00EB001001
:100EE000064942180021064804F0D5F8054A0121B8
:100EF000034804F0D0F810BDC0010020CDA30108C4
:100F0000A0310020939F010810B508480068401EDA
:100F100000EB0010064942180021064804F0BBF817
:100F2000054A0121034804F0B6F810BDC0010020B5
:100F300000A40108A031002033A4010810B508481E
:100F40000068401E00EB00100649421800210648C8
:100F500004F0A1F8054A0121034804F09CF810BDF3
:100F6000C001002044A40108A0310020939F010883
:100F700010B508480068401E00EB001006494218F2
:100F80000021064804F087F8054A0121034804F0CF
:100F900082F810BDC001002077A40108A031002014
:100FA000719F010810B50B480068401E00EB00104F
:100FB000094942180021094804F06DF80548006805
:100FC000401E00EB0010064942180121034804F0BE
:100FD00062F810BDC0010020AAA40108A0310020C1
:100FE000DDA4010810B5094A0021094804F053F8AE
:100FF000FFF714FB07480068401E00EB001006498D
:1010000042180121024804F046F810BD10A501085D
:10101000A0310020C0010020DDA4010810B50B485C
:101020000068401E00EB00100949421800210948E1
:1010300004F031F805480068401E00EB0010064936
:1010400042180121034804F026F810BDC001002019
:1010500013A50108A031002046A5010810B50B48D2
:101060000068401E00EB00100949421800210948A1
:1010700004F011F805480068401E00EB0010064916
:1010800042180121034804F006F810BDC0010020F9
:10109000ACA50108A0310020DFA5010810B50B4860
:1010A0000068401E00EB0010094942180021094861
:1010B00003F0F1FF05480068401E00EB00100649F0
:1010C00042180121034803F0E6FF10BDC0010020D3
:1010D000ACA50108A031002012A6010810B5054AF0
:1010E0000021054803F0D7FF044A0121024803F01C
:1010F000D2FF10BD10A50108A0310020609F01089B
:1011000010B512480068012807D1F7F7A1FC104874
:10111000FAF72CF900F084F916E00C480068022870
:1011200007D1F7F795FC0B48FAF720F900F078F9AA
:101130000AE006480068032806D1F7F789FC06484C
:10114000FAF714F900F06CF910BD0000C00100209E
:1011500045A6010888A8010833A9010810B514485C
:101160000068012807D1F7F773FC1248FAF7FEF878
:1011700000F056F916E00E480068022807D1F7F78C
:1011800067FC0D48FAF7F2F800F04AF90AE008485F
:101190000068032806D1F7F75BFC0848FAF7E6F881
:1011A00000F03EF9F7F754FC0248FAF7DFF810BDFB
:1011B000C00100204BA601088EA8010839A901082A
:1011C00010B50F480068012805D1F7F741FC0D481C
:1011D000FAF7CCF812E00A480068022805D1F7F7C0
:1011E00037FC0948FAF7C2F808E005480068032808
:1011F00004D1F7F72DFC0548FAF7B8F810BD000048
:10120000C001002051A6010894A801083FA90108C7
:1012100010B50F480068012805D1F7F719FC0D48F3
:10122000FAF7A4F812E00A480068022805D1F7F797
:101230000FFC0948FAF79AF808E005480068032807
:1012400004D1F7F705FC0548FAF790F810BD000047
:10125000C001002057A601089AA8010845A9010865
:1012600010B50F480068012805D1F7F7F1FB0D48CC
:10127000FAF77CF812E00A480068022805D1F7F76F
:10128000E7FB0948FAF772F808E005480068032808
:1012900004D1F7F7DDFB0548FAF768F810BD000048
:1012A000C00100205DA60108A0A801084BA9010803
:1012B00010B50F480068012805D1F7F7C9FB0D48A4
:1012C000FAF754F812E00A480068022805D1F7F747
:1012D000BFFB0948FAF74AF808E005480068032808
:1012E00004D1F7F7B5FB0548FAF740F810BD000048
:1012F000C001002063A60108A6A8010851A90108A1
:1013000010B50F480068012805D1F7F7A1FB0D487B
:10131000FAF72CF812E00A480068022805D1F7F71E
:1013200097FB0948FAF722F808E005480068032807
:1013300004D1F7F78DFB0548FAF718F810BD000047
:10134000C001002069A60108ACA8010857A901083E
:1013500010B5054A0021054803F09DFE044A01210D
:10136000024803F098FE10BD6FA60108A0310020CE
:10137000829F010810B5044A0021044803F08BFE47
:1013800000F04EF810BD00006FA60108A03100204B
:1013900010B5034A0021034803F07DFE10BD000094
:1013A00076A60108A031002010B5034A00210348A9
:1013B00003F071FE10BD00007DA60108A0310020E1
:1013C00010B5034A0021034803F065FE10BD00007C
:1013D00084A60108A031002010B5034A002103486B
:1013E00003F059FE10BD00008BA60108A0310020BB
:1013F00010B5034A0021034803F04DFE10BD000064
:1014000092A60108A031002010B5034A002103482C
:1014100003F041FE10BD000099A60108A031002094
:1014200010B5034A0121034803F035FE10BD00004A
:10143000829F0108A031002010B5164800680128DD
:101440000AD1F7F705FB1448F9F790FFF7F706FB09
:101450001248F9F78BFF1CE00E48006802280AD1F9
:10146000F7F7F6FA0E48F9F781FFF7F7F7FA0D48A4
:10147000F9F77CFF0DE007480068032809D1F7F76A
:10148000E7FA0948F9F772FFF7F7E8FA0748F9F7BA
:101490006DFF10BDC0010020A0A60108B1A6010883
:1014A000B2A80108C3A801085DA901086EA9010836
:1014B00010B51748006801280AD1F7F7C9FA15488E
:1014C000F9F754FFF7F7CAFA1348F9F74FFF1EE090
:1014D0000F48006802280AD1F7F7BAFA0F48F9F75F
:1014E00045FFF7F7BBFA0E48F9F740FF0FE0084851
:1014F000006803280BD1F7F7ABFAF7F7A9FA094808
:10150000F9F734FFF7F7AAFA0748F9F72FFF10BDEC
:10151000C0010020C2A60108D3A60108D4A8010872
:10152000E5A801087FA9010890A9010810B5044A9F
:101530000021044803F0AFFDFFF772FF10BD00006B
:10154000E4A60108A031002010B5044A0021044897
:1015500003F0A1FDFFF764FF10BD0000E7A601083E
:10156000A031002010B50B480068401E00EB0010B1
:10157000094942180021094803F08DFD054800681B
:10158000401E00EB0010064942180121034803F0F9
:1015900082FD10BDC0010020ACA50108A0310020D3
:1015A000EBA6010810B5FFF73BFF10BD10B5FFF724
:1015B00037FF10BD10B5044A0021044803F06BFD4D
:1015C000FFF72EFF10BD00001EA70108A03100206C
:1015D00010B5044A0021044803F05DFDFFF720FF29
:1015E00010BD000022A70108A031002010B5124A4A
:1015F0000021124803F04FFD00210320FAF702FA00
:10160000FFF70CF800210720FAF7FCF90CA0F9F716
:10161000ADFE00210C20FAF7F5F90AA0F9F7A6FEB5
:101620000A480068401E00EB0010094942180121D9
:10163000024803F030FD10BD10A50108A0310020C4
:10164000205330002053313E00000000C001002034
:10165000DDA4010810B50B480068401E00EB001027
:10166000094942180021094803F015FD05480068A2
:10167000401E00EB0010064942180121034803F008
:101680000AFD10BDC0010020ACA50108A03100205A
:1016900026A7010810B5074A0021074803F0FBFC04
:1016A00000210C20FAF7AEF904A0F9F75FFEFFF76E
:1016B000B7FE10BD10A50108A031002053303E0038
:1016C00010B5074A0021074803F0E5FC00210C2073
:1016D000FAF798F904A0F9F749FEFFF7A1FE10BD4B
:1016E00010A50108A031002053303C0010B5074A76
:1016F0000021074803F0CFFC00210C20FAF782F903
:1017000004A0F9F733FEFFF78BFE10BD10A501080A
:10171000A031002053313E0010B507480068401E3C
:1017200000EB0010054942180021054803F0B3FC06
:10173000FFF776FE10BD0000C001002059A7010888
:10174000A031002010B506480068401E00EB0010D4
:10175000044942180121044803F09DFC10BD00001B
:10176000C00100208CA70108A031002010B5054A57
:101770000021054803F08FFC044A0121024803F0D0
:101780008AFC10BD729E0108A0310020839E0108D2
:10179000F0B595B006461420EEF7A9FD0446324692
:1017A00039A12046EEF77CFE2146684605F0AFFFE2
:1017B000364908700846007800285ED100BF3449D9
:1017C000684606F011F8314908700846007810B9EB
:1017D0002F48807E00B94CE02D48007B00F01000BF
:1017E000002833D02A491A312AA0EFF7F7F800B9B8
:1017F000E5E727491A312AA0EFF7F0F800B9DEE74C
:101800001E20EEF774FD0746214A1A322BA13846F6
:10181000EEF746FE384600F041F93846EEF796FD01
:101820002046EEF7E7FF05466019194A1A3226A14D
:10183000EEF736FE2046FFF7ABFF14490870084666
:10184000007800B115E00020605511E01E20EEF791
:101850004EFD07460E4B1A3322461CA13846EEF7C2
:101860001FFE384600F01AF93846EEF76FFD00BF4C
:10187000A5E700BF684605F02FFD2046EEF766FDA0
:101880000248007815B0F0BD25730000000000206C
:101890005802002053595354454D7E31000000003A
:1018A00053797374656D20566F6C756D6520496E44
:1018B000666F726D6174696F6E0000004469723A00
:1018C0002025730D0A0000002F25730046696C6502
:1018D0003A2025732F25730A0000000010B5074831
:1018E0000068401E00EB0010054942180021054821
:1018F00003F0D1FBFFF794FD10BD0000C0010020F4
:10190000E1A70108A031002010B525480068012892
:1019100014D1F7F79DF82348F9F728FDF7F79EF85B
:101920002148F9F723FD21A0F9F720FD0121092025
:10193000FAF768F81E48F9F719FD30E01848006812
:10194000022814D1F7F784F81A48F9F70FFDF7F7D2
:1019500085F81948F9F70AFD14A0F9F707FD0121E8
:101960000920FAF74FF81548F9F700FD17E00C4881
:101970000068032813D1F7F76BF81148F9F7F6FC64
:10198000F7F76CF80F48F9F7F1FC08A0F9F7EEFC4F
:1019900001210920FAF736F80B48F9F7E7FC10BDEA
:1019A000C001002014A801087FA201082020200007
:1019B00081A20108F6A801087EA801087FA80108F5
:1019C000A1A9010829A901082AA9010810B50848F8
:1019D0000068401E00EB001006494218002106482E
:1019E00003F059FB054A0121034803F054FB10BDE5
:1019F000C001002025A80108A0310020A49F0108F3
:101A000010B5044A0021044803F045FBFFF708FD28
:101A100010BD000058A80108A031002010B5012217
:101A20000A490B4805F06CFC0A4908700846007822
:101A300018B109A000F032F807E00FA000F02EF86E
:101A400000F0B8F801201449087010BD41000020D2
:101A500088040020000000204552524F52212121CD
:101A600020696E206D6F756E74696E6720555342E4
:101A7000202E2E2E0A0A0000555342206D6F756EDF
:101A8000746564207375636365737366756C6C79D4
:101A90002E2E2E0A000000001C00002070B5044607
:101AA0002046EEF7A7FE85B24FF0FF332A462146C7
:101AB0000148F2F76DFC70BD200400200EB5012036
:101AC000F9F754FF00200122CDE9002003469202DD
:101AD0002E4902902E4803F0DAFB00200122CDE9C6
:101AE00000200346520229490290294803F0CFFB07
:101AF00000200122CDE90020034612022349029072
:101B0000234803F0C4FB002001210091034640223A
:101B1000CDE901101D491E4803F0B9FB0022402108
:101B20001A48F9F7E5F94CF25030F9F7BFF90022FD
:101B30004FF480611548F9F7DBF900224FF400718A
:101B40001248F9F7D5F93220F9F7B0F900224FF42D
:101B500080710E48F9F7CCF93220F9F7A7F9012185
:101B60002820F9F71FFF01212820F9F71BFF012189
:101B70002820F9F717FF01210D20F9F713FF0121A4
:101B80000620F9F70FFFFEF773FA0EBD00000240C2
:101B90007000002000B501210020F9F73FFF00BDD3
:101BA000024800680249086070470000E801002010
:101BB000F401002010B50F480068401E00EB001033
:101BC0000D49421800210D4803F065FA09480068E4
:101BD000401E00EB00100A4942180121074803F09B
:101BE0005AFA064803F075FA4FF47A71054800F086
:101BF000E6F810BDC0010020B59F0108A03100200B
:101C0000E89F0108C8300020416002688260704788
:101C10000146D1E9012010440A68904201D2012016
:101C200070470020FCE770B50446002547E005EB4F
:101C3000450104F10C0010F82100B0B305EB45019B
:101C400004F10C0000EB81004088401E81B205EBDE
:101C5000450204F10C0000EB8200418029BB05EB3A
:101C6000450204F10C0101EB82018868804705EB15
:101C7000450104F10C0000EB81004078012815D1EA
:101C800005EB450104F10C0000EB8100818805EBB8
:101C9000450204F10C0000EB82004180012105EBBC
:101CA000450204F10C0000F8221006E0002105EBCB
:101CB000450204F10C0000F82210681CC5B20C2D7E
:101CC000B5DB2068401C206070BD000030B50146C7
:101CD00000201CE0002300EB400401F10C0202F89C
:101CE000243000EB400402EB8402538000EB4004FC
:101CF00001F10C0202EB84029380264B00EB4004BE
:101D000001F10C0202EB84029360421CD0B20C2859
:101D1000E0DB2148006840F480201F4A1060012069
:101D20001E4A10600020121D106004201B4A283239
:101D3000106044F2D210121D106018480C30006878
:101D400040F00100154A0C3210600120134A143291
:101D500010601A20002809DB00F01F0301229A40BE
:101D600043099B0003F1E023C3F8002100BF1A20C0
:101D70000022002804DB13071C0E094B1C5406E04C
:101D800013071D0E074B00F00F04241F1D5500BF45
:101D900030BD0000B71E0008443802400048014032
:101DA00000E400E018ED00E010B50C2906DA00238D
:101DB00001EB410400F10C0202F8243010BD08B51B
:101DC0000268009205E00268009BD21A8A4200D3A2
:101DD00000E0F8E700BF08BD70B50C2925DA002A3D
:101DE00023DD01EB410500F10C0404EB8504628066
:101DF00001EB410500F10C0404EB8504A2800125F0
:101E000001EB410600F10C0404EB8604657001EB64
:101E1000410500F10C0404EB8504A360012501EBEE
:101E2000410600F10C0404F8265070BD70B505465B
:101E30000C4604EB041000EB400006490144064840
:101E40000068401E00EB00100A180121034803F04F
:101E500022F970BD42AD0108C0010020A031002070
:101E600010B586B0044694F90700052831D2DFE8A2
:101E700000F0030C151E27001CA101A8EEF710FBB3
:101E800001A91C4802F024FC24E01BA101A8EEF7E4
:101E900007FB01A91A4802F01BFC1BE019A101A8CD
:101EA000EEF7FEFA01A9194802F012FC12E018A19F
:101EB00001A8EEF7F5FA01A9174802F009FC09E0BC
:101EC00016A101A8EEF7ECFA01A9164802F000FCF1
:101ED00000E000BF00BF00208DF8140001AA00211F
:101EE000114803F0D8F806B010BD000053303D2073
:101EF00000000000EC33002053313D2000000000C2
:101F0000B447002053323D20000000007C5B0020DD
:101F100053333D2000000000446F002053343D2027
:101F2000000000000C830020A031002070B50546A1
:101F30000B460024002008E0134E36F830609E4225
:101F400001D1014603E0461CF0B22B28F4DB012A44
:101F500004D0032A07D0062A0FD109E00A4800EB73
:101F6000C10044880DE0084800EBC100848808E007
:101F7000054800EBC100C48803E0034830F8314055
:101F800000BF00BF204670BD08B5010870B505460A
:101F90000C466CB1012C17D112480068401E00EBB2
:101FA0000010114942180021104803F074F80BE0AA
:101FB0000C480068401E00EB00100D49421800213B
:101FC0000A4803F068F800BF00BF06480068401EDA
:101FD00000EB0010074942180121044803F05BF8A8
:101FE00070BD0000C00100203CB30108A0310020FA
:101FF000D4B401086FB30108F8B504460D460126B4
:10200000002000902E4802F0F8FE9DF8001060F3CA
:10201000000100912B4802F0F0FE9DF8001060F3E3
:1020200041010091284802F0E8FE9DF8001060F39D
:1020300082010091254802F0E0FE9DF8001060F357
:10204000C3010091224802F0D8FE9DF8001060F311
:1020500004110091012D04D0032D17D0062D2BD192
:1020600015E000BFE079401E40B2E071002801DABF
:102070000420E0719DF80000E279012191400840C0
:10208000002800DD0026002EECD116E015E000BF90
:10209000E079401C40B2E071042801DD0020E071CD
:1020A0009DF80000E279012191400840002800DD00
:1020B0000026002EECD100E000BF00BFF8BD0000FC
:1020C000EC330020B44700207C5B0020446F0020EC
:1020D0000C83002001B58EB0FE4804F08BF80D9003
:1020E0000D98082802D11B210E9801800E980088B7
:1020F0002B2881F0A781DFE810F059002B00520057
:102100007E00BD00FC0029014E018D01CC011502AD
:102110003A027902B802E5020A0349038803B503CB
:10212000DA03320471049E04DD04260542058405A9
:10213000C405A405DA05E20508061306D4087806E6
:102140009706A506C306C406020730078007D50810
:10215000E1480068401E00EB0011E04808440246D8
:1021600000210690DE4802F096FFDB480068401E22
:1021700000EB0010DB490844024601210690D848D4
:1021800002F089FF0E98008800B206900146DDE952
:102190000D20FFF7CBFE0E99088001F053B9012105
:1021A0000E98017200210E980180F6E7CA48006877
:1021B000401E00EB0010CC49084402460021069066
:1021C000C74802F068FFC9480D9902F0CFFAC74826
:1021D00002F00EFE014606900E98FFF727FE0E98BD
:1021E000008800B206900146DDE90D20FFF79EFE53
:1021F0000E990880D1E70E98007A38B14FF47A71C1
:10220000BA4802F0E4FA06200D9027E0B44802F044
:10221000D1FE38B9B24802F0B9FE01220621B04819
:1022200002F0CCFEAC480068401E00EB0010B04944
:102230000844024600210690A94802F02CFF012222
:10224000AA480D9902F060F90121A84802F0E0FCCB
:102250000122014606900E9801F02CFA0E98008893
:1022600000B206900146DDE90D20FFF75FFE0E99F2
:10227000088092E70E98007A38B142F20F719B48BD
:1022800002F040F906200D9027E0954802F092FEFA
:1022900038B9934802F07AFE01220621904802F0F4
:1022A0008DFE8D480068401E00EB001091490844E7
:1022B0000246002106908A4802F0EDFE00228B487B
:1022C0000D9902F021F90021884802F0A1FC0022BA
:1022D000014606900E9801F0EDF90E98008800B2C4
:1022E00006900146DDE90D20FFF720FE0E990880DB
:1022F00053E77B4802F05EFE10B1794802F050FED1
:1023000075480068401E00EB00107B4908440246F7
:1023100000210690724802F0BEFE6F480068401E21
:1023200000EB0010754908440246012106906C48F4
:1023300002F0B1FE0E98008800B206900146DDE979
:102340000D20FFF7F3FD0E99088026E7624800682C
:10235000401E00EB00106A49084402460021069026
:102360005F4802F098FE67480D9902F0FFF9654852
:1023700002F03EFD014606900E98FFF757FD0E98BD
:10238000008800B206900146DDE90D20FFF7CEFD82
:102390000E99088001E70E98007A38B14FF47A71EF
:1023A000584802F014FA06200D9027E04C4802F03D
:1023B00001FE38B94A4802F0E9FD012206214848E9
:1023C00002F0FCFD44480068401E00EB0010484944
:1023D0000844024600210690414802F05CFE0122BA
:1023E00048480D9902F090F80121464802F010FC8F
:1023F0000122014606900E9801F05CF90E980088C3
:1024000000B206900146DDE90D20FFF78FFD0E9921
:102410000880C2E60E98007A38B142F20F7139484E
:1024200002F070F806200D9027E02D4802F0C2FD62
:1024300038B92B4802F0AAFD01220621284802F0F3
:10244000BDFD25480068401E00EB001029490844E6
:10245000024600210690224802F01DFE0022294873
:102460000D9902F051F80021264802F0D1FB00221C
:10247000014606900E9801F01DF90E98008800B2F2
:1024800006900146DDE90D20FFF750FD0E9908800A
:1024900083E6134802F08EFD10B1114802F080FD72
:1024A0000D480068401E00EB001013490844024626
:1024B000002106900A4802F0EEFD07480068401E21
:1024C00000EB00100D490844024601210690044823
:1024D0001AE0000094010020C0010020A8AD01080E
:1024E000A0310020DBAD01080EAE0108EC33002066
:1024F00041AE010874AE0108A7AE010893B6010809
:1025000072B00108B447002002F0C5FD0E980088A3
:1025100000B206900146DDE90D20FFF707FD0E9998
:1025200008803AE6FE480068401E00EB0010FD49B6
:102530000844024600210690FB4802F0ACFDFB482F
:102540000D9902F013F9F94802F052FC0146069089
:102550000E98FFF76BFC0E98008800B206900146BB
:10256000DDE90D20FFF7E2FC0E99088015E60E98D4
:10257000007A38B14FF47A71EC4802F028F906205D
:102580000D9027E0E84802F015FD38B9E64802F062
:10259000FDFC01220621E44802F010FDE04800683D
:1025A000401E00EB0010E24908440246002106905C
:1025B000DD4802F070FD0122DC480D9901F0A4FF16
:1025C0000121DA4802F024FB0122014606900E9810
:1025D00001F070F80E98008800B206900146DDE91F
:1025E0000D20FFF7A3FC0E990880D6E50E98007A1F
:1025F00038B142F20F71CD4801F084FF06200D90F2
:1026000027E0C94802F0D6FC38B9C74802F0BEFC42
:1026100001220621C44802F0D1FCC1480068401ED6
:1026200000EB0010C3490844024600210690BE4852
:1026300002F031FD0022BD480D9901F065FF002137
:10264000BA4802F0E5FA0022014606900E9801F021
:1026500031F80E98008800B206900146DDE90D20A1
:10266000FFF764FC0E99088097E5AF4802F0A2FCE2
:1026700010B1AD4802F094FCA9480068401E00EB80
:102680000010AD490844024600210690A64802F019
:1026900002FDA3480068401E00EB0010A749084453
:1026A000024601210690A04802F0F5FC0E98008831
:1026B00000B206900146DDE90D20FFF737FC0E99C8
:1026C00008806AE596480068401E00EB00109C49AF
:1026D0000844024600210690934802F0DCFC994829
:1026E0000D9902F043F8974802F082FB01460690EC
:1026F0000E98FFF79BFB0E98008800B206900146EB
:10270000DDE90D20FFF712FC0E99088045E50E98D3
:10271000007A38B14FF47A718A4802F058F80620EE
:102720000D9027E0804802F045FC38B97E4802F061
:102730002DFC012206217C4802F040FC784800680C
:10274000401E00EB00107A49084402460021069022
:10275000754802F0A0FC01227A480D9901F0D4FEE0
:102760000121784802F054FA0122014606900E98A1
:1027700000F0A0FF0E98008800B206900146DDE947
:102780000D20FFF7D3FB0E99088006E50E98007A1E
:1027900038B142F20F716B4801F0B4FE06200D9083
:1027A00027E0614802F006FC38B95F4802F0EEFB12
:1027B000012206215C4802F001FC59480068401ED5
:1027C00000EB00105B490844024600210690564881
:1027D00002F061FC00225B480D9901F095FE00219A
:1027E000584802F015FA0022014606900E9800F0B3
:1027F00061FF0E98008800B206900146DDE90D20C9
:10280000FFF794FB0E990880C7E4474802F0D2FB1B
:1028100010B1454802F0C4FB41480068401E00EB7F
:102820000010454908440246002106903E4802F047
:1028300032FC3B480068401E00EB00103F49084452
:10284000024601210690384802F025FC0E980088C7
:1028500000B206900146DDE90D20FFF767FB0E99F7
:1028600008809AE42E480068401E00EB00103649AC
:1028700008440246002106902B4802F00CFC334825
:102880000D9901F073FF314802F0B2FA014606904B
:102890000E98FFF7CBFA0E98008800B2069001461A
:1028A000DDE90D20FFF742FB0E99088075E40E98D4
:1028B000007A38B14FF47A71244801F088FF06207D
:1028C0000D9027E0184802F075FB38B9164802F061
:1028D0005DFB01220621144802F070FB10480068DD
:1028E000401E00EB001012490844024600210690E9
:1028F0000D4802F0D0FB012214480D9901F004FEAE
:102900000121124802F084F90122014606900E9836
:1029100000F0D0FE0E98008800B20690014617E045
:10292000C0010020A5B00108A03100207C5B002080
:1029300041AE010874AE0108A7AE010893B60108C4
:10294000D8B00108446F00200BB101080C830020AF
:10295000DDE90D20FFF7EAFA0E9908801DE40E98D4
:10296000007A38B142F20F71FE4801F0CBFD06202B
:102970000D9027E0FC4802F01DFB38B9FA4802F040
:1029800005FB01220621F84802F018FBF748006811
:10299000401E00EB0010F649084402460021069054
:1029A000F14802F078FB0022EE480D9901F0ACFDF1
:1029B0000021EC4802F02CF90022014606900E9806
:1029C00000F078FE0E98008800B206900146DDE91E
:1029D0000D20FFF7ABFA0E9908800BE4E24802F0F5
:1029E000E9FA10B1E04802F0DBFAE0480068401E66
:1029F00000EB0010DF490844024600210690DA4847
:102A000002F049FBD9480068401E00EB0010DA498B
:102A10000844024601210690D34802F03CFB0E9880
:102A2000008800B206900146DDE90D20FFF77EFA2E
:102A30000E9908801DE4CC4802F0BCFA10B1CA48D7
:102A400002F0AEFAC9480068401E00EB0010CB4906
:102A50000844024600210690C34802F01CFBC84A05
:102A60000121C14802F017FB0E98008800B20690C1
:102A70000146DDE90D20FFF759FA0E9908809FED18
:102A8000C10AFDF755FC0E980088172811D1BE48E1
:102A900002F04AF8BD4802F047F8BD4802F044F899
:102AA000BC4802F041F8AF4802F03EF801210E9810
:102AB00081801DE40E98007A18B919210E980180C2
:102AC00016E40E98FFF7CCF9A8480068401E00EB0A
:102AD0000010B1490844024601210690A24802F0C4
:102AE000DAFADDE90D10FFF787FA0D9803280CD10B
:102AF000FDF7CEFB0E98008800B206900146DDE996
:102B00000D20FFF713FA0E9908809F4802F085F810
:102B100078B99E4802F081F858B99D4802F07DF8D6
:102B200038B99C4802F079F818B98E4802F075F867
:102B300008B1012000E0002020B91C210E9801807E
:102B4000FDF7A6FB26E40E98FFF78AF98748006890
:102B5000401E00EB001091490844024601210690F6
:102B6000814802F098FA0E98008800B2069001465B
:102B7000DDE90D20FFF7DAF90E9908800AE40E98D6
:102B8000FFF76EF979480068401E00EB0010844999
:102B90000844024601210690734802F07CFADDE900
:102BA0000D10FFF729FA0D9803280CD1FDF770FBE3
:102BB0000E98008800B206900146DDE90D20FFF76F
:102BC000B5F90E990880704802F027F878B96F4877
:102BD00002F023F858B96E4802F01FF838B96D4872
:102BE00002F01BF818B95F4802F017F808B101208D
:102BF00000E0002020B91C210E980180FDF748FB61
:102C00004FE30E98FFF72CF958480068401E00EB80
:102C1000001064490844024601210690524802F01F
:102C20003AFADDE90D10FFF7E7F90E98008800B2D7
:102C300006900146DDE90D20FFF778F90E9908802E
:102C40002FE30E98FFF70CF948480068401E00EB90
:102C5000001055490844024601210690424802F0FE
:102C60001AFADDE90D10FFF7C7F90E98008800B2D7
:102C700006900146DDE90D20FFF758F90E9908800E
:102C8000E0E3414801F0B6FF404801F0B3FF40489F
:102C900001F0B0FF3F4801F0ADFF324801F0AAFF5C
:102CA000314802F07DF925210E980180CAE39FED9D
:102CB000350AFDF73DFB17210E980180C2E32B4832
:102CC0000068401E00EB001038490844024600210D
:102CD0000690254802F0DFF924480068401E00EB0A
:102CE0000010254908440246012106901E4802F0C2
:102CF000D2F90E98008800B206900146DDE90D2059
:102D0000FFF714F90E9908809CE3FDF7CFFA18B984
:102D100020210E98018002E022210E98018091E38B
:102D2000FDF7C4FAE0B911480068401E00EB00103E
:102D30001F4908440246002106900B4802F0ABF9F7
:102D40000A480068401E1B490844024601210690BB
:102D5000054802F0A0F90D9806282ED100202BE09E
:102D600037E000000C830020A0310020C0010020CB
:102D700074AE0108A7AE010893B601080AB70108AE
:102D800060B601086F12833AEC330020B44700208C
:102D90007C5B0020446F002073AF0108D9AF0108AD
:102DA000A6AF01080CB001083FB00108DAAE010877
:102DB000D7B6010871B601080D900E98008800B2D0
:102DC00006900146DDE90D20FFF7B0F80E99088066
:102DD0000AE00E98008800B20622014606900E987E
:102DE000FFF7A4F80E9908802CE3FE480068401E07
:102DF00000EB0010FC490844024600210690FB4805
:102E000002F049F9FA4A0121F84802F044F9012197
:102E10000E9800F04DFB23210E9801804FF4FA71BB
:102E2000F448FEF7F1FE0DE3F248FEF7F1FE40B183
:102E300000210E9800F03CFB062802D324210E98B6
:102E40000180FFE2E7480068401E00EB0010EA49FD
:102E50000844024600210690E44802F01CF9E74AC3
:102E60000121E24802F017F90E98008800B206909E
:102E70000146DDE90D20FFF759F80E990880E1E2DF
:102E8000E0E2DA4802F096F810B1D84802F088F88B
:102E9000D4480068401E00EB0010D949084402469F
:102EA00000210690D14802F0F6F8D6480D9901F0BD
:102EB0005DFCD44801F09CFF014606900E98FEF799
:102EC000B5FF0D98052802D00D9802280BD10E9859
:102ED000008800B20322014606900E98FFF726F8FC
:102EE0000E9908800AE00E98008800B2069001460C
:102EF000DDE90D20FFF71AF80E990880A2E2B94823
:102F00000068401E00EB0010BF4908440246002143
:102F10000690B64802F0BFF8B2480068401E00EBC9
:102F20000010BA490844024601210690AF4802F059
:102F3000B2F80E98008800B206900146DDE90D2037
:102F4000FEF7F4FF0E9908800E980088262803D11A
:102F50000121AF4802F068FA74E2A44802F02AF8AE
:102F600010B1A24802F01CF8A64801F041FF01464A
:102F700006900E98FFF70AF89A480068401E00EB8A
:102F80000010A4490844024601210690974802F027
:102F900082F80E98008800B206900146DDE90D2007
:102FA000FEF7C4FF0E990880964801F021FFC0B2D9
:102FB00001460690934801F025FF42F20F719148B7
:102FC00001F0A0FA8F4801F005FCBCEEC00A10EE3B
:102FD000100A00EB80004FF6FF7101EA4000024644
:102FE00000210690874801F0EAFB1FED9A0AFDF7E1
:102FF0009FF9844801F098FD24E2824801F0F8FE30
:103000000C907A4801F0D6FF58B9784801F0BEFF1D
:1030100081490C98085C012201460690734801F032
:10302000CDFF784801F0E4FE00EB001000EB40001B
:103030007A4901446B480068401E00EB00100844C8
:10304000024600210690694802F025F80E2300226E
:103050006C480D9901F0E6FB0C98E8B301286FD19C
:10306000684801F0B7FBB5EEC00AF1EE10FA34D2B1
:103070000021644801F09CFB0A2190FBF1F201FB66
:103080001200002106905F4801F092FB0A2190FB9C
:10309000F1F005905B4801F09DFBBCEEC00A10EE1C
:1030A000100A80B20A2190FBF1F201FB1200049099
:1030B000544801F08FFBBCEEC00A10EE100A80B23B
:1030C0000390DDE90501CDE9000155A107A8DDE97F
:1030D0000323EDF7E5F933E033E00021494801F03F
:1030E00067FB0A2190FBF1F201FB12000021069020
:1030F000444801F05DFB0A2190FBF1F00590414846
:1031000001F068FBBCEEC00A10EE100A80B20A2182
:1031100090FBF1F201FB120004903A4801F05AFBD7
:10312000BCEEC00A10EE100A80B20390DDE9050182
:10313000CDE9000141A107A8DDE90323EDF7B0F9CE
:1031400033E000212F4801F033FB0A2190FBF1F21C
:1031500001FB1200002106902A4801F029FB0A21F8
:1031600090FBF1F00590274801F034FBBCEEC00A5B
:1031700010EE100A80B20A2190FBF1F201FB12005E
:103180000490204801F026FBBCEEC00A10EE100AA5
:1031900080B20390DDE90501CDE900012EA107A869
:1031A000DDE90323EDF77CF900BF00BF00208DF8B7
:1031B0002C0007AA01210D4801F06DFF114801F014
:1031C00039FC0C9800EB4000114901EBC00080ED88
:1031D000000A00210B4801F0EBFA00EE100AB8EEED
:1031E000C00A47E0C00100200DAF0108A031002057
:1031F000C6B60108C830002040AF010882B60108F9
:103200000EAE0108EC330020A2B30108D5B30108CB
:10321000E09600206FB301083DB7010808B401082B
:10322000253033642E25303164B0204F4B202530BB
:1032300032642E25303164B0000000002530336444
:103240002E25303164B0204F4B20253033642E259D
:10325000303164B000000000253033642E25303159
:10326000644B204F4B20253033642E253031644B86
:1032700000000000F2EE040A80EE201A0C9800EB29
:103280004000734901EBC00080ED021A0E980088DF
:1032900000B206900146DDE90D20FEF747FE0E99CB
:1032A0000880CFE06B4801F0A3FD00EB001000EBBD
:1032B00040006949014469480068401E00EB001065
:1032C0000844024600210690654801F0E4FE0E2302
:1032D000012260480D9901F0A5FA5E4801F088FDD1
:1032E0000C900C98B0B301286AD10121594801F023
:1032F0005FFA0A2190FBF1F201FB12000121069016
:10330000544801F055FA0A2190FBF1F0059051481C
:1033100001F060FABCEEC00A10EE100A80B20A2179
:1033200090FBF1F201FB120004904A4801F052FABE
:10333000BCEEC00A10EE100A80B20390DDE9050170
:10334000CDE90001AFF20C1107A8DDE90323EDF789
:10335000A7F835E0FFE701213E4801F029FA0A21EC
:1033600090FBF1F201FB120001210690394801F0B7
:103370001FFA0A2190FBF1F00590364801F02AFA75
:10338000BCEEC00A10EE100A80B20A2190FBF1F2E6
:1033900001FB120004902F4801F01CFABCEEC00A99
:1033A00010EE100A80B20390DDE90501CDE90001BD
:1033B000AFF25C1107A8DDE90323EDF771F800BF58
:1033C00000BF00208DF82C0007AA0121244801F03D
:1033D00062FE204801F02EFB0C9800EB40001C49D7
:1033E00001EBC00080ED010A01211A4801F0E0F96B
:1033F00000EE100AB8EEC00AF2EE040A80EE201ABF
:103400000C9800EB4000124901EBC00080ED031A5C
:103410000E98008800B206900146DDE90D20FEF707
:1034200085FD0E9908800E980088262809D10C98F1
:10343000C0B201460690064801F082FF044801F040
:10344000BFFF00BF00BF0E9800880FB000BD000096
:10345000E0960020EC3300206EB40108C00100208B
:10346000A031002010B504460120208004210B4823
:1034700001F034FB05210A4801F030FB0621094820
:1034800001F02CFB0721084801F028FB0821074820
:1034900001F024FB0020207210BD0000EC3300205E
:1034A000B44700207C5B0020446F00200C83002088
:1034B00070B505460C462CB100206B4908600846E3
:1034C000006870BD68480068052876D2DFE800F023
:1034D00003294F769C00654801F08FFC00B9BAE0E3
:1034E0004FF4FA716248FEF78FFB604801F09CFBD5
:1034F00058B160480068401E00EB00105E49421859
:1035000001215E4801F0C7FD0AE05A480068401EEC
:1035100000EB00105A4942180121584801F0BBFD48
:1035200099E0584801F069FC00B994E04FF4FA7151
:103530004F48FEF769FB534801F076FB58B14D4800
:103540000068401E00EB00104F49421801214B4813
:1035500001F0A1FD0AE047480068401E00EB0010A2
:103560004A4942180121454801F095FD73E0484859
:1035700001F043FC00B96EE04FF4FA713C48FEF7ED
:1035800043FB434801F050FB58B13A480068401EE5
:1035900000EB00103F4942180121384801F07BFD43
:1035A0000AE034480068401E00EB00103A49421817
:1035B0000121324801F06FFD4DE04BE0374801F04A
:1035C0001CFC00B947E04FF4FA712948FEF71CFBD8
:1035D000324801F029FB58B126480068401E00EB34
:1035E00000102F4942180121244801F054FD0AE03F
:1035F00020480068401E00EB00102A4942180121B3
:103600001E4801F048FD26E0274801F0F6FB00B90E
:1036100021E04FF4FA711648FEF7F6FA224801F05D
:1036200003FB58B113480068401E00EB00101F490F
:1036300042180121114801F02EFD0AE00D480068F2
:10364000401E00EB00101A49421801210B4801F0FE
:1036500022FD00E000BF00BF03480068401C024993
:103660000860084600682CE74C020020EC3300207C
:10367000C8300020C00100203EB10108A031002068
:103680003DB20108B447002071B1010870B20108D1
:103690007C5B0020A4B10108A3B20108446F0020A4
:1036A000D7B10108D6B201080C8300200AB2010884
:1036B00009B3010870B586B006460C461546012DC3
:1036C00005D1224608A101A8ECF7EAFE04E0224653
:1036D0000AA101A8ECF7E4FE01AA01210C4801F0BF
:1036E000DAFC06B070BD00002020202020253034F8
:1036F00075206D7320204F4B0000000020202020FB
:10370000202530347520732020204F4B000000000E
:10371000A03100200146887800228A70704701217C
:1037200001700179491CC9B20171022903DB012131
:103730004170002101714179491CC9B241711429BC
:1037400003DB01218170002141718179491CC9B2DB
:103750008171C82903DB0121C1700021817170478B
:1037600010B5044600206071A07120712070607057
:10377000A070E0700448FEF7A9FA044B052201216D
:103780000148FEF729FB10BDC83000205DB30008DA
:103790000146C8780022CA707047014608780022A6
:1037A0000A7070470146487800224A70704700004E
:1037B000F0B52DED028BBFB007460D460024C821A1
:1037C00003A8EDF7E3F8681E624931F8100038B934
:1037D000681E31F81000401C82B2681E21F81020CB
:1037E000042D08D1681E5B4931F810205AA13AA86F
:1037F000ECF756FE0FE0062D08D1681E554931F84A
:10380000102059A13AA8ECF74BFE04E000203FB08D
:10381000BDEC028BF0BD002418E0574800EB84009B
:1038200090ED000A10EE101A084606F003F841EC7D
:10383000180B8DED008B621C50A135A8ECF730FE03
:1038400035A903A8ECF7F5FF601C84B20A2CE4DB71
:10385000002408E003A8005D2E2802D12C2003A933
:103860000855601C84B203A8ECF7C4FFA042F1D84D
:103870003AA8F7F77BFB3AA8F5F74CF903A93AA861
:10388000F7F736FC06460EB10020C0E7C82103A8B2
:10389000EDF77CF8042D08D1681E2E4931F8102070
:1038A00038A13AA8ECF7FCFD0CE0062D08D1681E03
:1038B000284931F8102037A13AA8ECF7F1FD01E0D2
:1038C0000020A4E7002419E02B482C3800EB8400EA
:1038D00090ED000A10EE101A084605F0ABFF41EC1F
:1038E000180B8DED008B621C24A135A8ECF7D8FDD8
:1038F00035A903A8ECF79DFF601C84B20A2CE3DB1A
:10390000002408E003A8005D2E2802D12C2003A982
:103910000855601C84B203A8ECF76CFFA042F1D8F4
:103920003AA8F7F723FB3AA8F5F7F4F803A93AA861
:10393000F7F7DEFB06460EB1002068E7681E054972
:1039400031F81000401C82B2681E21F810200120BE
:103950005DE70000DC31002046342D745F253035F2
:10396000752E43535600000046362D745F253035C2
:10397000752E4353560000005433002025643B2528
:10398000660A000046342D665F253035752E435398
:103990005600000046362D665F253035752E4353A0
:1039A00056000000F0B52DED028BD7B007460D464E
:1039B00000244FF4967102A8ECF7E8FF681E7449E2
:1039C00031F8100038B9681E31F81000401C82B27E
:1039D000681E21F81020072D08D1681E6C4931F8A7
:1039E00010206CA152A8ECF75BFD0FE0082D08D168
:1039F000681E674931F810206BA152A8ECF750FD02
:103A000004E0002057B0BDEC028BF0BD002418E0AC
:103A10006A4800EB840090ED000A10EE101A084688
:103A200005F008FF41EC180B8DED008B621C64A1C2
:103A30004DA8ECF735FD4DA902A8ECF7FAFE601C85
:103A400084B20A2CE4DB082D1ED100241AE05B4866
:103A50002C3000EB840090ED000A10EE101A08469E
:103A600005F0E8FE41EC180B8DED008B04F10B0224
:103A700053A14DA8ECF714FD4DA902A8ECF7D9FE0F
:103A8000601C84B20B2CE2DB002408E002A8005D7D
:103A90002E2802D12C2002A90855601C84B202A84D
:103AA000ECF7A8FEA042F1D852A8F7F75FFA52A8A7
:103AB000F5F730F802A952A8F7F71AFB06460EB13F
:103AC00000209FE74FF4967102A8ECF75FFF072DE7
:103AD00008D1681E2E4931F810203BA152A8ECF7FE
:103AE000DFFC0CE0082D08D1681E294931F81020B0
:103AF0003AA152A8ECF7D4FC01E0002082E70024B0
:103B000019E02E48583000EB840090ED000A10EECA
:103B1000101A084605F08EFE41EC180B8DED008B57
:103B2000621C27A14DA8ECF7BBFC4DA902A8ECF73D
:103B300080FE601C84B20A2CE3DB002408E002A8AB
:103B4000005D2E2802D12C2002A90855601C84B2E9
:103B500002A8ECF74FFEA042F1D852A8F7F706FAF8
:103B600052A8F4F7D7FF02A952A8F7F7C1FA064600
:103B70000EB1002046E7681E054931F81000401CD0
:103B800082B2691E024820F8112001203AE70000A5
:103B9000DC31002046372D742D53305F25303575CC
:103BA0002E4353560000000046382D742D53305FCD
:103BB000253035752E435356000000005433002045
:103BC00025643B25660A000046372D742D53315F6E
:103BD000253035752E4353560000000046382D74AD
:103BE0005F53315F253035752E435356000000007A
:103BF000F0B52DED028BBFB007460C460025C8215D
:103C000003A8ECF7C3FE601E364931F8100038B93E
:103C1000601E31F81000401C82B2601E21F8102096
:103C2000032C08D1601E2F4931F810202EA13AA88C
:103C3000ECF736FC0FE00A2C08D1601E294931F858
:103C400010202DA13AA8ECF72BFC04E000203FB097
:103C5000BDEC028BF0BD002518E02B4800EB850081
:103C600090ED000A10EE101A084605F0E3FD41EC55
:103C7000180B8DED008B6A1C24A135A8ECF710FC05
:103C800035A903A8ECF7D5FD681C85B20A2DE4DB45
:103C9000002508E003A8405D2E2802D12C2003A9AE
:103CA0004855681C85B203A8ECF7A4FDA842F1D8DA
:103CB0003AA8F7F75BF93AA8F4F72CFF03A93AA85A
:103CC000F7F716FA06460EB10020C0E7601E054958
:103CD00031F81000401C82B2601E21F81020012033
:103CE000B5E70000DC31002046332D745F25303508
:103CF000752E4353560000004631302D745F253039
:103D000035752E43535600005433002025643B255F
:103D1000660A00002DE9F0412DED028BBCB0804613
:103D20000E4617460024C8216846ECF72FFED448FB
:103D3000808A20B9D248808A401CD1498882D048E4
:103D4000828AD0A137A8ECF7ABFB022E14D1CC4865
:103D500090ED630A10EE101A084605F06BFD41EC79
:103D6000180B53EC182BCBA132A8ECF799FB32A916
:103D70006846ECF75EFD8BE0C14890ED630A10EEFB
:103D8000101A084605F056FD41EC180B53EC182BA1
:103D9000C0A132A8ECF784FB32A96846ECF749FDD4
:103DA000B74890ED640A10EE101A084605F042FD7F
:103DB00041EC180B53EC182BB8A132A8ECF770FBB0
:103DC00032A96846ECF735FDAD4890ED650A10EE76
:103DD000101A084605F02EFD41EC180B53EC182B79
:103DE000B0A132A8ECF75CFB32A96846ECF721FDE4
:103DF000A34890ED660A10EE101A084605F01AFD69
:103E000041EC180B53EC182BA8A132A8ECF748FB97
:103E100032A96846ECF70DFD994890ED670A10EE5F
:103E2000101A084605F006FD41EC180B53EC182B50
:103E3000A0A132A8ECF734FB32A96846ECF7F9FCF4
:103E40008F4890ED680A10EE101A084605F0F2FC53
:103E500041EC180B53EC182B98A132A8ECF720FB7F
:103E600032A96846ECF7E5FC854890ED690A10EE4A
:103E7000101A084605F0DEFC41EC180B53EC182B29
:103E800090A132A8ECF70CFB32A96846ECF7D1FC04
:103E9000002408E01DF804002E2802D12C200DF883
:103EA0000400601C84B26846ECF7A4FCA042F1D880
:103EB00037A8F7F75BF837A8F4F72CFE694637A860
:103EC000F7F716F905462DB100203CB0BDEC028B8A
:103ED000BDE8F0816A48828A7CA137A8ECF7E0FA55
:103EE00037A8F7F743F8002F7DD0C8216846ECF7D4
:103EF0004DFD022E14D1624890ED4D0A10EE101ABD
:103F0000084605F097FC41EC180B53EC182B61A107
:103F100032A8ECF7C5FA32A96846ECF78AFC8DE0C6
:103F2000574890ED4D0A10EE101A084605F082FC35
:103F300041EC180B53EC182B56A132A8ECF7B0FA51
:103F400032A96846ECF775FC4D4890ED4E0A10EE2C
:103F5000101A084605F06EFC41EC180B53EC182BB8
:103F60004EA132A8ECF79CFA32A96846ECF761FC46
:103F7000434890ED4F0A10EE101A084605F05AFC1F
:103F800041EC180B53EC182B46A132A8ECF788FA39
:103F900032A96846ECF74DFC394890ED500A10EE16
:103FA000101A084605F046FC41EC180B53EC182B90
:103FB0003EA132A8ECF774FA32A96846ECF739FC56
:103FC0002F4890ED510A10EE101A084605F032FC09
:103FD00041EC180B53EC182B36A132A8ECF760FA21
:103FE00032A9684600E041E0ECF723FC244890ED5C
:103FF000520A10EE101A084605F01CFC41EC180B92
:1040000053EC182B2DA132A8ECF74AFA32A96846D6
:10401000ECF70FFC1A4890ED530A10EE101A084600
:1040200005F008FC41EC180B53EC182B25A132A825
:10403000ECF736FA32A96846ECF7FBFB002408E0FF
:104040001DF804002E2802D12C200DF80400601C5D
:1040500084B26846ECF7CEFBA042F1D837A8F4F75B
:1040600059FD694637A8F7F743F805460DB100201A
:104070002BE70348808A401C01498882012024E7FD
:10408000C831002046312D745F253035752E4353DD
:1040900056000000302C313B25660A00302C323BA4
:1040A00025660A00302C333B25660A00302C343B51
:1040B00025660A00312C323B25660A00322C333B40
:1040C00025660A00332C343B25660A0046312D56FE
:1040D0006D5F253035752E43535600002DE9F041B4
:1040E0002DED068BC6B080460F4614460025C8212C
:1040F00005A8ECF74BFC601E9E4931F8100038B95A
:10410000601E31F81000401C82B2601E21F81020A1
:10411000002F4CD1022C08D1601E964931F8102096
:1041200095A141A8ECF7BCF910E0052C08D1601E60
:10413000904931F8102094A141A8ECF7B1F905E0BD
:10414000002046B0BDEC068BBDE8F08189481438EC
:1041500090ED630A10EE101A084605F06BFB41EC77
:10416000180B53EC182B8CA137A8ECF799F937A949
:1041700005A8ECF75EFB002508E005A8405D2E28A9
:1041800002D12C2005A94855681C85B205A8ECF77A
:1041900031FBA842F1D841A8F6F7E8FE41A8F4F7B0
:1041A000B9FC05A941A8F6F7A3FF0646D3E0022C07
:1041B00008D1601E6F4931F8102078A141A8ECF7B2
:1041C0006FF91FE0052C08D1601E6A4931F81020F4
:1041D00077A141A8ECF764F914E0092C08D1601E1E
:1041E000644931F8102077A141A8ECF759F909E0AA
:1041F0000C2C07D1601E5F4931F8102076A141A830
:10420000ECF74EF941A8F6F7B1FEC82105A8ECF786
:10421000BDFB022C01D0092C22D15648143890ED58
:104220004D0A10EE101A084605F004FB41EC180B7D
:104230005048143890ED630A10EE101A084605F045
:10424000F9FA41EC190B8DED008B53EC192B68A199
:1042500037A8ECF725F937A905A8ECF7EAFA62E0E8
:10426000052C2FD14348143890ED870A10EE101A10
:10427000084605F0DFFA41EC180B3E48143890ED83
:104280004D0A10EE101A084605F0D4FA41EC190B4D
:104290003848143890ED630A10EE101A084605F0FD
:1042A000C9FA41EC1A0B8DED028B8DED009B53EC9E
:1042B0001A2B51A137A8ECF7F3F837A905A8ECF7AA
:1042C000B8FA30E00C2C2ED12A48143890ED840A2C
:1042D00010EE101A084605F0ADFA41EC180B25480F
:1042E000143890ED4D0A10EE101A084605F0A2FAA7
:1042F00041EC190B1F48143890ED630A10EE101AA8
:10430000084605F097FA41EC1A0B8DED028B8DED06
:10431000009B53EC1A2B38A137A8ECF7C1F837A94A
:1043200005A8ECF786FA002508E005A8405D2E28D0
:1043300002D12C2005A94855681C85B205A8ECF7C8
:1043400059FAA842F1D841A8F4F7E4FB05A941A81D
:10435000F6F7CEFE06460EB10020F2E6601E0549D5
:1043600031F81000401C82B2601E21F8102001209C
:10437000E7E60000DC31002046322D745F25303541
:10438000752E43535600000046352D745F25303599
:10439000752E43535600000025660A0046322D74E0
:1043A0002D566D5F253035752E43535600000000A5
:1043B00046352D742D565F615F253035752E43537C
:1043C0005600000046392D742D566D5F2530357529
:1043D0002E435356000000004631322D742D566D89
:1043E0005F45635F253035752E435356000000004E
:1043F00025663B25660A000025663B25663B25664B
:104400000A0000007CB504460D4641F29C30005B7A
:10441000E189884200DB7CBD41F29C30025B005B9D
:10442000401C83B241F29C30035304F1120020F887
:104430001250E18941F29C30005B401ECDE9000141
:1044400041F29C30005B401E04F1120232F8103041
:1044500041F29A30005D011F2A4609A0ECF714F8DA
:104460004FF49D500553001F005B40F6C411884275
:1044700003DB002141F29C30015300BFCBE7000079
:1044800056616C6F7220416425752020206C65692F
:10449000747572613D257520202053616C766F3DE7
:1044A0002025752020696E64657820257520206E92
:1044B000756D4D61782025750A00000001EE101A17
:1044C000B8EE411ADFED0E1A21EE211AF0EE410A84
:1044D00041F2A832024492ED041A30EEC11A41F2C0
:1044E000A8320244D2ED051A81EE212A41F2A83207
:1044F000024492ED021A32EE011AB0EE410A704700
:104500006740533A418070477CB504460E461546D5
:10451000A01C30F815004FF47A7190FBF1F000B256
:10452000ADF80600A01C30F8150090FBF1F201FB7D
:10453000120000B2ADF80400BDF90400642190FB44
:10454000F1F201FB1200ADF80200BDF902000A21F0
:1045500090FBF1F201FB1200ADF80000BDF9040080
:10456000642190FBF1F000B2ADF80400BDF9020047
:104570000A2190FBF1F000B2ADF80200022E1AD031
:10458000052E04D0092E2AD00C2E54D13DE0607C9B
:10459000401E40B2607494F91100002801DA032033
:1045A000607494F91100C0F10800C1B201224748BB
:1045B00000F004FD40E0607C401C40B2607494F95F
:1045C0001100032801DD0020607494F91100C0F18E
:1045D0000800C1B201223D4800F0F0FC2CE094F943
:1045E00011003DF81000401E00B294F911102DF892
:1045F000110094F911003DF91000002804DA092097
:1046000094F911102DF8110016E094F911003DF8FD
:104610001000401C00B294F911102DF8110094F90B
:1046200011003DF91000092804DD002094F9111053
:104630002DF8110000E000BF00BFBDF806004FF4E8
:104640007A7110FB01F0BDF8041001EBC10202EB1E
:10465000011100EB8100BDF8021001EB810100EBBC
:104660004100BDF80010084481B2A01C20F81510CC
:10467000012D19D130F81510801D30F81500814238
:1046800006DA04F1080030F81510A01C20F8151007
:10469000A01C30F8150040F6C41148434FF47A715D
:1046A00090FBF1F020810FE075B9A01C30F81510D7
:1046B000801D30F81500814206DD04F1080030F855
:1046C0001510A01C20F815107CBD0000A0310020A2
:1046D00070B52DED028B82B004460D469FED1D0A8C
:1046E00010EE106A94F9000020B1012817D00228BA
:1046F0002BD129E04FF49D50015B204600F076F964
:1047000010EE106A304605F095F841EC180B8DED6F
:10471000008B11A20B21E81CEBF7D6FE15E04FF43D
:104720009D50015B2046FFF7C9FE10EE106A30462F
:1047300005F080F841EC180B8DED008B09A20B21E0
:10474000E81CEBF7C1FE00E000BF00BF02B0BDEC0B
:10475000028B70BD0000000025322E32666B506166
:104760000000000025322E3166B06300012341F2C3
:104770009E321354092902D00C2916D10AE002787E
:10478000521E52B2027090F90020002A01DA012272
:1047900002700BE00278521C52B2027090F90020B5
:1047A000022A01DB0022027000E000BF00BF704758
:1047B000024641F2A230104430F91100704710B5A2
:1047C00013B241F2A234044424F8113010BD8180A8
:1047D0007047000000B503469FED110AF0EE402A35
:1047E00093F9000020B101280BD0022813D111E069
:1047F0004FF49D50C15A184600F0F8F8F0EE402AE8
:1048000009E04FF49D50C15A1846FFF757FEF0EEED
:10481000402A00E000BF00BFB0EE620A00BD000009
:10482000000000002DE9F0410446884615461F4669
:1048300041F2A230204430F9156094F911000328A8
:1048400009DD02206074607C381A401EC1B201226A
:10485000654800F0B3FBB8F1020F26D0B8F1050FA0
:1048600006D0B8F1090F3DD0B8F10C0F71D154E06A
:10487000607C401E40B2607494F91100002801DA97
:1048800003206074607C38B9607C381AC1B20122A0
:10489000554800F093FB07E0607C381A401EC1B217
:1048A0000122514800F08AFB54E0607C401C40B279
:1048B000607494F91100032801DD00206074607CAD
:1048C00038B9607C381AC1B20122474800F076FB43
:1048D00007E0607C381A401EC1B20122424800F055
:1048E0006DFB37E094F9110030B1012807D00228A0
:1048F00009D003280FD10AE0701E06B20BE0A6F122
:104900000A0006B207E0A6F1640006B203E0A6F5CD
:104910007A7006B200BF00BF1CE094F9110030B1FC
:10492000012807D0022809D003280FD10AE0701C03
:1049300006B20BE006F10A0006B207E006F16400D9
:1049400006B203E006F57A7006B200BF00BF01E0D0
:10495000FFE700BF00BF41F2A230204420F81560FD
:10496000207801281ED141F2A230204430F91500F0
:1049700040F2DC51884206DD084641F2A231214472
:1049800021F815000EE041F2A230204430F9150064
:1049900010F5FA7F06DA4FF60C6041F2A23121449D
:1049A00021F815002078E0B941F2A230204430F916
:1049B000150040F6C411884206DD084641F2A231D6
:1049C000214421F815000CE041F2A230204430F9D6
:1049D0001500002805DA002041F2A231214421F817
:1049E0001500BDE8F0810000A031002001EE101A92
:1049F000B8EE411ADFED0E1A21EE211AF0EE410A4F
:104A000041F2A832024492ED041A30EEC11A41F28A
:104A1000A8320244D2ED051A81EE212A41F2A832D1
:104A2000024492ED021A32EE011AB0EE410A7047CA
:104A30006740533A4FF49D51095A00EE101AB8EEF0
:104A4000400ADFED020A20EE200A70476740533A21
:104A500010B52DED028B0446207C30B1012805D025
:104A6000022823D0032830D12EE02EE0608810B930
:104A70000020207429E06088401CE080022020741F
:104A8000A08800EE100AB8EE400A9FED121AC1EE9F
:104A9000000A608800EE100AB8EE400A20EE808A14
:104AA000BCEEC80A10EE100AE0810EE0E088401E5D
:104AB00081B2E18039B90320207441F29A30015D5E
:104AC0000548FDF771F900E000BF00BFBDEC028BA7
:104AD00010BD000000007A44C830002070B50446C4
:104AE0000D4641F29A3005550021001D0155642103
:104AF00061810A2020816189A18020896080002154
:104B0000E1800220607494F9000000EB4000054A47
:104B100002EBC001182241F2A8302044EBF7DAFE84
:104B200070BD0000E096002010B5044641F29E30B2
:104B3000005D00B910BD94F9000000EB4000264A6A
:104B400002EBC001182241F2A8302044EBF7C2FE6C
:104B50000120207441F29A30005D001F052831D2F7
:104B6000DFE800F0030C151E2700A28841F29A30FE
:104B7000015D1A4B1A48FDF72FF923E0A28841F294
:104B80009A30015D174B1648FDF726F91AE0A28806
:104B900041F29A30015D144B1148FDF71DF911E007
:104BA000A28841F29A30015D104B0D48FDF714F9CF
:104BB00008E0A28841F29A30015D0D4B0848FDF7EC
:104BC0000BF900BF00BF002141F29C300153204689
:104BD000FFF73EFF00BFADE7E0960020E9060108C1
:104BE000C830002001070108190701083107010832
:104BF0004907010810B50446002141F29E300155D5
:104C0000001F015D0148FDF7CFF810BDC83000203E
:104C10000246901C30F8110070470146C88808B160
:104C2000012070470020FCE72DE9F0472DED028BB5
:104C3000ADF5A25D04464FF000089FED600A10EE4E
:104C4000109A00264FF49E50005B38B94FF49E50E6
:104C5000005B401C81B24FF49E50015341F28831F9
:104C600010A8EBF793FE4FF49E50035B41F29A308D
:104C7000005D021F52A141F22C406844EBF710FC8A
:104C800041F22C406844F6F771F941F29E30005D24
:104C900030B900200DF5A25DBDEC028BBDE8F087B8
:104CA00041F22C406844F3F735FF00256BE094F99E
:104CB000000020B101281AD0022831D12FE004F1E0
:104CC000120030F815102046FFF790FE10EE109AF3
:104CD000484604F0AFFD41EC180B8DED008B2A46E1
:104CE0003CA141F2C8306844EBF7DAFB18E004F16C
:104CF000120030F815102046FFF7E0FB10EE109A76
:104D0000484604F097FD41EC180B8DED008B2A46C8
:104D100034A141F2C8306844EBF7C2FB00E000BFA9
:104D200000BF41F2C8306844EBF764FD1FFA80F819
:104D300006EB080041F28831884209DA06EB0800E8
:104D400086B241F2C831694410A8EBF772FD18E051
:104D500010A941F22C406844F6F7CAF907460FB192
:104D6000002097E7002641F2883110A8EBF70EFEED
:104D700006EB080086B241F2C831694410A8EBF78F
:104D800058FD681C85B241F29C30005BA8428EDC65
:104D900036B110A941F22C406844F6F7A9F907464C
:104DA0000FB1002076E74FF49E50005B401C81B2AB
:104DB0004FF49E50015301206CE7000000000000FA
:104DC0004461646F73414425755F253035752E430A
:104DD0005356000025753B252E32663B6B50610A09
:104DE0000000000025753B252E32663BB0630A00AB
:104DF000014691F9000080B27047014641F29E30B1
:104E0000405C70474AB20270012341F29E32135453
:104E1000142242747047000010B504460748FFF79B
:104E200017FE0748FFF714FE0648FFF711FE064875
:104E3000FFF70EFE0548FFF70BFE10BDEC33002018
:104E4000B44700207C5B0020446F00200C830020CE
:104E500010B50446014801F04DF810BD9401002042
:104E600010B5044604221549154800F0FFF9F8B9B9
:104E700014480068401C134908600A2801D9012021
:104E800000E00020217809B9012100E0002108405C
:104E900090B1002308220949094800F0F0F900BF49
:104EA00004220649064800F0E1F90028F8D003E0A2
:104EB000002004490860207010BD0000000002407E
:104EC000700000202400002010B50446044801F0C2
:104ED000B7F8044800F0E8FA034800F0FAF810BD0B
:104EE0009401002050020020A031002004461DE063
:104EF000F0F76AFC0E48FEF750FC10B12046FFF7B1
:104F0000A7FF0B48FEF74EFC10B12046FFF7A8FFA5
:104F10000748FEF7FFFB10B12046FFF7D5FF044816
:104F2000FEF736FC10B12046FFF776FFE0E7000001
:104F3000B201002010B504460D4800F063F90D4899
:104F4000FEF70EFC0C4801F00DF90C4800F07AF861
:104F50000B4800F081FB012020700A4800F0BCFBE8
:104F6000094800F041FA0021074800F05DFA10BD41
:104F700070000020B201002094010020A031002028
:104F800050020020B1010020E096002010B5044638
:104F900001210D20F6F706FD012084F8250010BD43
:104FA00010B5044601210D20F6F7FCFC002084F822
:104FB000250010BD014691F82500704770B50446E4
:104FC0000D46164631462846FBF766FB84F824005A
:104FD00094F824000121F6F7E5FC70BD2DE9F041BD
:104FE00004460D462846EBF705FCC7B294F82300AB
:104FF0003844C6B2102E00DD102694F823000EE0CF
:1050000015F8011B94F8222002EB0212224414F836
:10501000233FD1542178491C04F82319401CB04285
:10502000EEDB002094F8221001EB011121440874FA
:1050300094F8250020B194F824000121F6F7B2FC81
:10504000BDE8F08110B50446FCF738FD05A200214B
:10505000204600F020F808A20121204600F01BF8AD
:1050600010BD00004D554C544943524F4E4F4D45D5
:1050700054524F200000000020202056455253C3B8
:105080004F20312E302020200000000080F8231017
:1050900080F82220704770B504460D46164605EB91
:1050A0000511081920221121EBF746FC002008E029
:1050B000315C01B907E0315C05EB05122244115463
:1050C000401C1028F4DB002005EB05112144087476
:1050D00070BD10B50446224600210846FBF78CFC43
:1050E00004F1110201210020FBF786FC94F8250051
:1050F00020B194F824000121F6F754FC10BD000003
:105100001EB504460020012100910B460822CDE97E
:1051100001101049204600F0BAF8002000900190DC
:10512000012304220C490290204600F0B0F8002030
:105130000122CDE9002013460822074902902046AB
:1051400000F0A5F8012308220349204600F097F853
:105150001EBD000000040240000002400246B1F5FE
:10516000807F3BD012DC102930D008DC012925D00B
:10517000022925D0042925D008293FD124E020295F
:1051800026D0402926D0802938D125E0B1F5805F8E
:105190002CD009DCB1F5007F22D0B1F5806F21D091
:1051A000B1F5006F2AD11FE0B1F5005F20D0B1F555
:1051B000804F1FD0B1F5004F20D11DE000201FE02F
:1051C00001201DE002201BE0032019E0042017E06D
:1051D000052015E0062013E0072011E008200FE06D
:1051E00009200DE00A200BE00B2009E00C2007E06D
:1051F0000D2005E00E2003E00F2001E0002000BF9D
:1052000000BF704718B5044600BF00200090164844
:10521000006840F00100144908600846006800F08A
:105220000100009000BF00BF002000900846006809
:1052300040F0020008600846006800F0020000909C
:1052400000BF00BF002000900846006840F0040046
:1052500008600846006800F00400009000BF204687
:10526000FFF74EFF18BD00003038024010B503466E
:105270000C6914400CB1012000E0002010BD10B5F5
:10528000012B01D18A6101E014048C6110BD2DE96C
:10529000F04707460C4615461E46DDE9099ADDF83B
:1052A0002080002329463846FFF758FF0346E06870
:1052B0005A00032191408843E060E068590006FAF3
:1052C00001F10843E06020685A00032191408843BF
:1052D00020602068590008FA01F1084320606068E6
:1052E0000121994088436060606809FA03F108432E
:1052F0006060A0685A00032191408843A060A068C4
:1053000059000AFA01F10843A060BDE8F0870000E7
:1053100030B5044613464FF0FF3208E011F8010B98
:105320005040C0B2054D55F8200080EA1222181EE8
:10533000A3F10103F2D1D04330BD000084B70108CE
:1053400001EB410200EBC20292ED000A01EB4102C7
:1053500000EBC20282ED040A01EB410200EBC20243
:1053600092ED010A01EB410200EBC202D2ED000A0C
:1053700030EE600A01EB410200EBC202D2ED030AFB
:1053800001EB410200EBC20292ED021A70EEC10A7B
:1053900080EE201A01EB410200EBC20282ED051AF9
:1053A0007047000070B5044604F13000051B2A4622
:1053B00021460248FFF7ACFF206370BD5402002075
:1053C00070B504462046FFF7EDFF04F13000051BE1
:1053D000A81C83B222460249024800F047F970BD7A
:1053E00000C00008B101002070B50446034D34220E
:1053F00029462046EBF76EFA70BD000000C0000899
:1054000070B5044604F13000051B2A4621460548C4
:10541000FFF77EFF216B884201D1012070BD002083
:10542000FCE700005402002070B504460D462046FB
:10543000FFF7E6FF00B155B39FED150A84ED060AAC
:105440009FED140A84ED070A9FED130A84ED090A03
:10545000B1EE000A84ED080A01212046FFF770FF33
:105460009FED0E0A84ED000A9FED0D0A84ED010AFE
:105470009FED0C0A84ED030A9FED070A84ED020AF2
:1054800000212046FFF75CFF2046FFF799FF70BD23
:105490002779923EC061023F00004C42176B313EBB
:1054A000D43E6D3F9A19704310B504462078082801
:1054B0000BD2DFE800F0040B1526306D65B3F6F76C
:1054C000B9FA0020608001202070A8E06188481CA3
:1054D0006080042903DD02202070FCF747F99EE07C
:1054E000504800F087FE5049087008460078FAF7E7
:1054F00087FD28B1F6F7B0FA032020700020608005
:105500008DE06188481C6080042903DD0420207040
:10551000F0F73CF983E0434800F06CFE4249087024
:1055200042480068401E00EB00104149421800212B
:105530004048FFF7B0FD404A01213E48FFF7ABFD70
:1055400039480078012807D106202070F0F70CF8C0
:105550003A48FDF787FF12E03348007806280ED15D
:10556000052020703648ECF70BFFF0F791F8032088
:105570002D4908703348B0F90000F3F7BBFB4EE04B
:105580002E48FCF7A7FD252801D10420207046E015
:10559000244800F02FFE24490870084600780828A7
:1055A00017D1002028490860284908602849086068
:1055B0002849086023490880FCF7F2FA042020708B
:1055C000FAF766FE1B48FFF7F5FC10B11948FFF724
:1055D000E7FC1D48006828B91A48B0F90000F3F745
:1055E00089FB12E018480068012805D11548B0F978
:1055F0000000F4F799F908E013480068022804D184
:105600001048B0F90000F4F73BFD0E48008808B9D7
:10561000FCF7C6FA0D200449087000E000BF00BF87
:1056200010BD00009401002028020020C0010020CD
:1056300050B70108A03100203FB70108D4960020E0
:105640007803002024020020CC0100203802002032
:105650000C0200202002002010B504460248FDF78D
:1056600001FF0020207010BDD49600202DE9F843E2
:1056700080460D4616461F460024EDF799FB002094
:105680001449086001204860032088600120C86038
:105690000220086169460F48EDF7D8FA18B1EDF716
:1056A0002BFBBDE8F8830EE056F824C062460023C9
:1056B00029460220EDF730FB10B92D1D641C02E0D5
:1056C000EDF71AFBEDE7BC42EEDBEDF71BFB00202C
:1056D000E7E700008C31002010B50446022303A246
:1056E00005492046FFF7C2FF10BD000074657374C2
:1056F000652031320000000000C0000800B50346FC
:10570000294890ED0B0AF8EE400A9FED281A80EE2A
:10571000810AD0ED160AF8EE600A9FED241A00EE19
:10572000810ADFED230A80EE201A80ED631A04213E
:1057300000F0F6FA00EE100AF8EE400A9FED1C1A8F
:1057400080EE810A1848D0ED630A80EE201A80EDC1
:105750004D1A90ED4D0AD0ED630A80EE201A80EDCF
:10576000871A90ED870AF0EE000A20EE200A80EDFD
:10577000870A90ED880AB8EEC00AD0ED4D0A20EEF7
:10578000200AD0ED4D0A20EE200AF0EE000A80EE4D
:10579000201A80ED841A90ED840ADFED050A80EE70
:1057A000201A80ED841A00BDC83100200000C842D4
:1057B00000007A447CB504460E46154634F81500C0
:1057C0004FF47A7190FBF1F000B2ADF8060034F8B6
:1057D000150090FBF1F201FB120000B2ADF80400DD
:1057E000BDF90400642190FBF1F201FB1200ADF859
:1057F0000200BDF902000A2190FBF1F201FB120048
:10580000ADF80000BDF90400642190FBF1F000B296
:10581000ADF80400BDF902000A2190FBF1F000B2DE
:10582000ADF80200022E29D0052E04D0092E48D052
:105830000C2E73D15BE0607B401E40B2607394F924
:105840000D00002801DA03206073607B03280BD170
:10585000052D09D194F90D00C0F10600C1B2012255
:105860003C48FFF7ABFB08E094F90D00C0F10700DE
:10587000C1B201223748FFF7A1FB50E0607B401C1A
:1058800040B2607394F90D00032801DD00206073BD
:10589000607B03280BD1052D09D194F90D00C0F1CF
:1058A0000600C1B201222B48FFF788FB08E094F9FB
:1058B0000D00C0F10700C1B201222648FFF77EFBB0
:1058C0002DE094F90D003DF81000401E00B294F94F
:1058D0000D102DF8110094F90D003DF9100000286D
:1058E00004DA092094F90D102DF8110017E094F94D
:1058F0000D003DF81000401C00B294F90D102DF879
:10590000110094F90D003DF91000092804DD002074
:1059100094F90D102DF8110001E0FFE700BF00BF62
:10592000BDF806004FF47A7110FB01F0BDF80410C9
:1059300001EBC10202EB011100EB8100BDF8021086
:1059400001EB810100EB4100BDF80010084424F890
:1059500015007CBDA03100200146087B7047000087
:1059600038B504460D46207B0A2190FBF1F201FB7D
:105970001200ADF80000207B90FBF1F000B2ADF812
:10598000020094F90D00012801DD00206073022D52
:105990001AD0052D04D0092D2AD00C2D54D13DE06C
:1059A000607B401E40B2607394F90D00002801DA5C
:1059B0000120607394F90D00C0F10700C1B201220B
:1059C0002C48FFF7FBFA40E0607B401C40B260735C
:1059D00094F90D00012801DD0020607394F90D0099
:1059E000C0F10700C1B201222248FFF7E7FA2CE01C
:1059F00094F90D003DF81000401E00B294F90D100E
:105A00002DF8110094F90D003DF91000002804DA7A
:105A1000092094F90D102DF8110016E094F90D00ED
:105A20003DF81000401C00B294F90D102DF8110043
:105A300094F90D003DF91000092804DD002094F9C7
:105A40000D102DF8110000E000BF00BFBDF80000F0
:105A5000BDF8021001EB810100EB41002073207BB7
:105A60000A2802DD0A20207303E0207B08B9012008
:105A7000207338BDA03100200246002074E03C496C
:105A800051F8201000EE101AF8EE400A9FED391A76
:105A900080EE810A36492C3151F8201000EE901A20
:105AA000F8EE600A9FED331A00EE810ADFED320A4C
:105AB00080EE201A314901EB800181ED001A2F4957
:105AC00001EB800191ED000AF7EE000A80EE801AEA
:105AD0002A492C3901EB800181ED001A2449583103
:105AE00051F8201000EE101AF8EE400A9FED211A2E
:105AF00080EE810A1E49843151F8201000EE901A80
:105B0000F8EE600A9FED1B1A00EE810ADFED1A0A1B
:105B100080EE201A1949583101EB800181ED001AFD
:105B20001349B03151F8201000EE101AF8EE400A77
:105B30009FED101A80EE810A1049843951F8201027
:105B400000EE901AF8EE600A9FED0A1A00EE810A44
:105B5000DFED090A80EE201A08492C3101EB8001A3
:105B600081ED001A411CC8B20B2888DB7047000089
:105B7000F43100200000C84200007A445433002071
:105B800070B5054601202873022068734148FFF76D
:105B900007FA002428E09FED400A404800EB84000B
:105BA00080ED000A9FED3C0A3C48583800EB840029
:105BB00080ED000A9FED380A38482C3800EB84004D
:105BC00080ED000A9FED340A34482C3000EB84004D
:105BD00080ED000A9FED300A3048583000EB840019
:105BE00080ED000A601CC4B20B2CD4DB002404E05E
:105BF000002025F81400601CC4B2062CF8DB002439
:105C000005E0012105F10E000155601CC4B2042C11
:105C1000F7DD2348006840F4003021490860012086
:105C2000204908600020091D086001201D49283115
:105C3000086040F63300091D08601A480C300068FF
:105C400040F0010017490C3108600120154914315A
:105C500008601920002809DB00F01F020121914093
:105C60004209920002F1E022C2F8001100BF19209F
:105C70000021002804DB0A07130E0B4A135406E028
:105C80000A07160E094A00F00F031B1FD65400BF67
:105C900070BD0000A031002000000000543300203F
:105CA000443802400044014000E400E018ED00E008
:105CB00070B506460C460025052C27D2DFE804F017
:105CC000030A11181F00802212491348FFF7CEFA69
:105CD00005461CE002220F490F48FFF7C7FA0546A8
:105CE00015E010220B490C48FFF7C0FA05460EE0FC
:105CF000202208490848FFF7B9FA054607E00122C3
:105D000006490548FFF7B2FA054600E000BF00BFAC
:105D1000284670BD000002407000002000040240D0
:105D2000024632F81100704730B5044600233BE0CC
:105D3000534850F8230000EE100AF8EE400A9FED99
:105D4000511A80EE810A4E482C3050F8230000EEA4
:105D5000900AF8EE600A9FED4B1A00EE810ADFED23
:105D60004A0A80EE201A494800EB830080ED001AB1
:105D7000194643482C38FFF7D3FF00EE100AF8EE1F
:105D8000400A9FED411A80EE810A404800EB8300F3
:105D9000D0ED000A80EE201A3C48583800EB830012
:105DA00080ED001A581CC3B2032BC1DD34482C38D7
:105DB00090ED640AD0ED630A30EE600A80ED670A68
:105DC0000121FFF7ADFF054600212D482C38FFF7D4
:105DD000A7FF281A00EE100AF8EEC00A9FED2A1A53
:105DE00080EE810A26482C38D0ED670A80EE201A12
:105DF00080ED511A90ED650AD0ED640A30EE600A2C
:105E000080ED680A0221FFF78BFF054601211C483F
:105E10002C38FFF785FF281A00EE100AF8EEC00AAA
:105E20009FED191A80EE810A15482C38D0ED680ACA
:105E300080EE201A80ED521A90ED660AD0ED650AC8
:105E400030EE600A80ED690A0321FFF769FF05461D
:105E500002210B482C38FFF763FF281A00EE100AC6
:105E6000F8EEC00A9FED081A80EE810A04482C382B
:105E7000D0ED690A80EE201A80ED531A30BD000083
:105E8000F43100200000C84200007A44543300205E
:105E900000B50346144890ED0B0AF8EE400A9FED5A
:105EA000131A80EE810AD0ED160AF8EE600A9FED13
:105EB0000F1A00EE810ADFED0E0A80EE201A80ED47
:105EC000631A0421FFF72CFF00EE100AF8EE400AD7
:105ED0009FED071A80EE810A0348D0ED630A80EE39
:105EE000201A80ED4D1A00BDC83100200000C842C4
:105EF00000007A4410B504464A480078401CC0B2FD
:105F000048490870012801DD0020087045480178E3
:105F1000204600F0EBF800204349087079E0424841
:105F2000007830B101280CD0022812D0032822D1E9
:105F300018E002223D493E48FFF798F93D490880A4
:105F400019E001223C493A48FFF790F939490880A5
:105F500011E04FF4806235493548FFF787F935493C
:105F6000088008E04FF4007230493148FFF77EF9AD
:105F70003049088000BF00BF2E480088D0BB2F48A2
:105F80002949097800EB410026490978405C02283C
:105F900011DA2A482449097800EB4100214909789F
:105FA000405C401C2549204A127801EB42011D4A01
:105FB0001278885428E021481B49097800EB4100F9
:105FC00018490978405C02281ED11C4816490978F6
:105FD00000EB410013490978405C401C1749124A04
:105FE000127801EB42010F4A12788854204600F0E3
:105FF00027F809E0FFE7002110480B4A127800EB70
:106000004200084A1278815407480078401C06492B
:10601000087005480078042881DB204600F08EF8DF
:1060200010BD0000A2010020A601002000040240D3
:1060300070000020A4010020000002409501002013
:1060400028494978032905D10421264A51700121A4
:10605000254A11702349C979032905D10422214910
:10606000CA710921204A11701E494979032905D1B5
:1060700004221C494A7106211B4A11701949C9782A
:10608000032905D104221749CA700321164A117049
:1060900014490978032905D10421124A11700C21F1
:1060A000114A11700F498979032905D104210D4A3C
:1060B000917108210C4A11700A490979032905D107
:1060C0000421084A11710521074A11700549897890
:1060D000032905D10421034A91700221024A11705B
:1060E00070470000950100209E01002070B5064613
:1060F0000C4634B9002380220E490F48FFF7BFF841
:1061000007E0012C05D1002322020A490A48FFF7C3
:10611000B6F800250AE000BF00BF00BF00BF00BF07
:1061200000BF00BF00BF00BF681C85B2B5F57A7F15
:10613000F1DB70BD000402407000002010B5044681
:106140000123802205490648FFF799F801231A0226
:1061500002490348FFF793F810BD00000004024015
:10616000700000203EB5044600200122CDE9002049
:10617000034680221C4902901C48FFF788F8002043
:106180000122CDE900200346120217490290174868
:10619000FFF77DF8002000900190012302221249B0
:1061A00002901248FFF773F8002000900190034618
:1061B00001220F4902900D48FFF769F80020009076
:1061C000019001239A02084902900848FFF75FF8FE
:1061D00000200090019001235A02034902900348D5
:1061E000FFF755F83EBD000000040240700000209B
:1061F000000002400146034A10780D22014B1A703C
:10620000704700009E01002003B4019841000098EF
:1062100050EAC12018BF04204A0D18BF40F0010009
:1062200040F2FF72B2EB515F08BF40F0020001285C
:1062300008BF052002B0704702480068C0F3022082
:10624000704700000CED00E010B5002804DB0A07E1
:10625000130E054A135406E00A07140E034A00F011
:106260000F031B1FD45410BD00E400E018ED00E044
:1062700030380A2801D2012070470020704700BF43
:10628000FEE7000001B54FF6FF73012269460248A0
:10629000EEF77EF808BD0000200400202DE9F0474D
:1062A00004460D4690469946AD1EE808A189B0FB0C
:1062B000F1F0616B00EB010AE808A189B0FBF1F293
:1062C00001FB120605F0070101208840C7B200BF9C
:1062D00051460AF1010A204602F070FD10B101207A
:1062E000BDE8F08700BF00BF04F13C00805D38408E
:1062F00008B1012000E00020484501D10220EFE76D
:1063000004F13C00805D784004F13C018855012097
:10631000E070A8F10100B0F1000800D1E0E77806D4
:10632000000E071EE0D10127701C0646A189884295
:10633000D9D30026CCE7000070B504460D460020F6
:10634000E070401EA0632946204602F037FD08B1E8
:10635000042070BD04F23A2002F044FC4AF65521B4
:10636000884201D00320F4E794F83C00E92807D0E4
:1063700094F83C00EB2817D13E20005D902813D103
:1063800004F1720002F0F1FB20F07F400C498842DA
:1063900001D10020DDE704F18E0002F0E6FB09499F
:1063A000884201D10020D4E70B2207A104F13C0070
:1063B00002F0DCFC08B90120CBE70220C9E70000AD
:1063C0004641540046415433EB769045584641547B
:1063D00020202000024600E0521C107810B11078F6
:1063E0008842F9D11078704730B502460B4600203C
:1063F000044601461CE01A4800EB01100068A8B1F1
:10640000174800EB011000681568A8420FD1144826
:1064100000EB011040689568A84208D1104800EBD5
:1064200001108068156BA84201D103E00124491CCA
:106430000229E0D300BF022906D10CB9022B01D1F9
:10644000002030BD1220FCE733B9054800EB0110F5
:106450008089B0F5807F01D11020F2E70020F0E7BD
:10646000FC2B0020014600200BE0074A02EB001243
:1064700012688A4204D10022034B03EB00131A6016
:10648000401C0228F1D37047FC2B00202DE9FC476B
:10649000064617469846D6F800A0306D051DBAF896
:1064A0000CC06246002338464146E9F776FFCDE945
:1064B0000001BAF80AC062460023E9F76EFF814680
:1064C00000BF10CD14B90020BDE8FC87A14500D263
:1064D00003E0A9EB04092D1DF3E700BF2868484439
:1064E000F2E70246891E106A801E884201D8002009
:1064F00070475389506B01FB0300F9E72DE9F04722
:1065000080460C4604F11A0002F06CFB10B100202A
:10651000BDE8F087207800F03F00401E00EB8001CE
:1065200001EBC0054FF00109002621E01849895D03
:10653000081902F057FB0746B9F1000F11D0FF2DE3
:106540000BD2384601F05AFC824629466D1C38F8B9
:10655000110001F053FC824501D00020D8E7B94674
:1065600005E04FF6FF70874201D00020D0E7761C8F
:106570000D2EDBD3207800F0400038B1B9F1000FC8
:1065800004D038F8150008B10020C1E70120BFE7AA
:10659000D89901082DE9F04704468A462668BAF1E1
:1065A000000F06D1B76917B1306AB84217D8012772
:1065B00015E05146204602F045F88146B9F1020F38
:1065C00002D20120BDE8F08709F1010008B9484670
:1065D000F8E7306A484501D94846F3E7574630782E
:1065E00004284CD101223946304601F096FC05467C
:1065F0000DB1681C08B92846E4E701231A4629466C
:106600003046FFF74BFE8046B8F1020F01D1012062
:10661000D8E7B8F1010F02D14FF0FF30D2E7BAF15D
:10662000000F02D10220E0710AE0E079022807D1D0
:10663000781C854204D0A068381AA0610320E0715C
:10664000E07902284FD00AF10100854207D1E069C4
:1066500010B1E069401C00E00220E06143E0E06925
:1066600008B90120E0612A465146204601F033FC7A
:106670008046B8F1000F36D10120E06133E03D469D
:1066800000BF6D1C306AA84204D80225BD4201D962
:10669000002097E72946204601F0D4FF8146B9F152
:1066A000000F00D10BE0B9F1010F02D009F1010098
:1066B00008B9484686E7BD42E3D1002082E700BF23
:1066C0004FF0FF322946304602F0D6FB8046B8F143
:1066D000000F08D1BAF1000F05D02A4651463046C6
:1066E00002F0CAFB8046B8F1000F0DD1B561D6E9C2
:1066F0000710801E814202D8F069401EF061307997
:1067000040F00100307107E0B8F1010F02D14FF005
:10671000FF3000E001200546284653E72DE9F34FFE
:1067200083B08146049800680190D9F80000D0F841
:1067300010A000200546064600BF3046761C019991
:106740000C5C202C00DA2BE02F2C01D05C2C0AD121
:1067500000E0761C0198805D2F28FAD00198805DBA
:106760005C28F6D01CE0FF2D03D3062005B0BDE861
:10677000F08FE4B20121204601F01AFB04460CB967
:106780000620F3E7802C06DA21466AA0FFF722FEF6
:1067900008B10620EAE728466D1C2AF81040CCE72D
:1067A00000BF0198811904980160202C01DA0420AF
:1067B00000E00020074608E0681E3AF81040202C50
:1067C00002D02E2C00D002E06D1E002DF4D100BFAF
:1067D00000202AF815000DB90620C7E70B2220215A
:1067E00009F1400002F0E1FA002600E0761C3AF8D8
:1067F00016002028FAD03AF816002E28F6D00EB14E
:1068000047F0030700E06D1E25B1681E3AF810003E
:106810002E28F8D14FF00008CDF808804FF0080B73
:1068200000BF3046761C3AF8104004B954E0202CE2
:1068300003D02E2C04D1AE4202D047F00307F0E77C
:106840000298584501D2AE4216D1BBF10B0F02D1CE
:1068500047F0030740E0AE4201D047F00307AE42E5
:1068600000D939E02E46082002904FF00B0B4FEA7A
:1068700088604FEA1068D4E7802C0BDB00212046AB
:1068800001F096FA04461CB1A4F180002C490C5C7E
:1068900047F0020700BF24B121462AA0FFF79AFD66
:1068A00018B15F2447F003070FE0412C04DB5A2C9A
:1068B00002DC48F0020808E0612C06DB7A2C04DCDC
:1068C00048F00108A4F1200084B20298411C029112
:1068D00009F140010C54A4E700BF99F84000E528F5
:1068E00002D1052089F84000BBF1080F03D14FEA1F
:1068F00088604FEA106808F00C000C2803D008F0FC
:106900000300032801D147F0020707F0020058B93D
:1069100008F00300012801D147F0100708F00C002F
:10692000042801D147F008074B2000F80970002027
:106930001CE70000222A3A3C3E3F7C7F000000001A
:10694000589901082B2C3B3D5B5D00002DE9F04779
:1069500004460D4640220021204602F026FA8520FA
:106960002070C02084F8200000274FF001084FF06D
:106970000109402600BFC1223046761C2254002265
:106980003046761C225400BFB9F1000F06D035F80E
:106990001700B0F1000901D0781CC7B2A019494610
:1069A00002F04DFCB01C064600F01F000028EBD1A1
:1069B00008F1010000F0FF0835F817000028DAD1CF
:1069C00084F8237084F80180284602F033FD824663
:1069D000514604F1240002F032FCBDE8F0870000CB
:1069E00010B50246531E1A46022B17D20C4B03EB6E
:1069F00002139989B1F5807F00D10021002901DDC2
:106A00004B1E99B2064B03EB0213998121B9002367
:106A1000034C04EB02142360002000E0022010BDB0
:106A2000FC2B00202DE9F04104460E46D4F80080EE
:106A30000021204600F063FB05465DBB002700BF38
:106A40004046A16B02F0BAF9054605B121E098F87D
:106A50000000042805D1E06B0078012121EAD01064
:106A600009E0E06B0078E52802D0E06B007808B917
:106A7000012000E0002020B1781C0746B04201D17F
:106A800007E000270121204600F0DEF80546002D32
:106A9000D6D000BF042D00D107252846BDE8F081DF
:106AA0002DE9F04F85B0044625680021204600F00E
:106AB00026FB07461FB1384605B0BDE8F08F2878A1
:106AC00004284CD1286902F0B5FC01903EE06969C8
:106AD00001F1240002F086F80199884200D035E0E7
:106AE000686990F8230003904FF0400A002002905C
:106AF0001FE00AF01F0008B90AF1020A696901EBF8
:106B00000A0002F06FF8009001F078F983462A69D4
:106B1000029932F8110001F071F9834500D00BE0C1
:106B20000398401EC0B203900AF1020A0298401C6A
:106B3000029003980028DCD100BF039828B9296986
:106B4000029831F8100000B906E000BF002120468D
:106B500000F011F9071EBAD000BF3846ACE74FF07D
:106B6000FF09CDF810904FF0FF30E06400BF2846D9
:106B7000A16B02F023F9074607B162E0E06B0678EB
:106B80000EB904275DE0E06BC07A00F03F0884F89E
:106B90000680E52E05D008F0080040B1B8F10F0FCF
:106BA00005D04FF0FF094FF0FF30E06442E0B8F14C
:106BB0000F0F22D14B20005D00F04000A0BB06F07B
:106BC000400038B1E06B407B049006F0BF06B14650
:106BD000206BE0644E450CD1E06B417B0498814210
:106BE00007D1E16B2869FFF789FC10B1A9F1010019
:106BF00000E0FF2000F0FF091CE0B9F1000F06D112
:106C0000E06B02F05BFB0499884200D119E04B2055
:106C1000005D00F0010040B90B2204F14001E06B7F
:106C200002F0A4F808B90CE004E04FF0FF094FF0BF
:106C3000FF30E0640021204600F006F80746002FF0
:106C400095D000BF384637E72DE9F047054689461D
:106C50002C68286B00F12007A86B40B1207804282D
:106C600001D1800601E04FF40010B84202D80420A0
:106C7000BDE8F087A089B7FBF0F100FB1170002898
:106C80006DD1A86B401CA863686B38B92089B0EB44
:106C9000571F64D80020A8630420E9E7A089B7FB48
:106CA000F0F06189491E0840002858D12846696BD8
:106CB00001F0C8FC0646012E01D80220D8E7701C5E
:106CC00008B90120D4E7206AB04242D8B9F1000FD8
:106CD00003D10020A8630420CAE72846696BFFF7A8
:106CE00059FC06460EB90720C2E7012E01D1022049
:106CF000BEE7701C08B90120BAE7E87940F004004B
:106D0000E871204602F032FB08B10120B0E7A28909
:106D1000002104F13C0002F048F84FF00008314631
:106D20002046FFF7DEFBA0630CE00120E070204668
:106D300002F01CFB08B101209AE708F10108A06BE2
:106D4000401CA06360894045EFD8A06BA0EB080011
:106D5000A0636E6331462046FFF7C3FBA8632F6331
:106D6000A089B7FBF0F100FB117104F13C0008446D
:106D7000E86300207CE72DE9F05F04468A4604269C
:106D800027684FF0FF09CB4667E03846A16B02F059
:106D900015F8064606B163E0E06B05780DB90426E8
:106DA0005EE0387804280FD100BF852D4ED1206BCE
:106DB000E064204601F03AFF064626B9786900797A
:106DC00000F03F00A0714BE0E06BC07A00F03F089C
:106DD00084F80680E52D0AD02E2D08D028F020005A
:106DE000082801D1012000E00020504502D04FF0DA
:106DF000FF092BE0B8F10F0F1CD105F0400038B1AE
:106E0000E06B90F80DB005F0BF05A946206BE0647B
:106E10004D450BD1E06B407B584507D1E16B38699C
:106E200001F0E6FF10B1A9F1010000E0FF2000F041
:106E3000FF090BE0B9F1000F04D1E06B02F03EFA5C
:106E4000584502D04FF0FF30E06409E000212046B1
:106E5000FFF7FAFE064606B102E0A06B002894D1C7
:106E600000BF0EB10020A0633046BDE8F09F2DE9C1
:106E7000F04F99B0044626684B20005D00F0A0005A
:106E800018B1062019B0BDE8F08F4FF0000B01E0FB
:106E90000BF1010B306930F81B000028F8D1307875
:106EA000042863D10BF10E000F21B0FBF1F000F1CB
:106EB000020949462046FFF7B5FD05460DB12846B3
:106EC000E0E7A9F101002022216B02FB1010E06431
:106ED000A068002844D0E07900F0040000283FD0EA
:106EE0007089B1894843D4E90423801843F1000133
:106EF000C4E90401204600F0D3FF05460DB1284641
:106F0000C0E74FF0FF322046616B00F0E4FF05461A
:106F10000DB12846B6E72146684601F069FE0546F0
:106F20000DB12846AEE7D4E90473716901F1380068
:106F30003A4602F056F9D4E90473716901F1280068
:106F40003A4602F04EF9E07940F00100716981F8AB
:106F50002100684602F079F905460DB1284691E70F
:106F6000D6E90410FFF7F2FC00208BE70C2204F1B5
:106F7000400115A801F00CFF9DF85F0000F0010032
:106F800028B340214B2001554FF0010A0EE0534633
:106F900015A904F14000326901F0FAFA2046FFF722
:106FA0007FFD054605B104E00AF1010ABAF1640F5C
:106FB000EDD300BFBAF1640F01D1072062E7042DC1
:106FC00001D028465EE79DF85F104B2001559DF8E3
:106FD0005F0000F0020030B10BF10C000D21B0FB9E
:106FE000F1F0401C00E00120814649462046FFF7B1
:106FF00019FD054675BBA9F10100B0F1000929D0C2
:10700000206BA0EB4911204600F079F805460DBB36
:1070100004F1400002F052F9149000BF3046A16B19
:1070200001F0CCFE054605B113E009F0FF02E16B6B
:107030003069149B01F0F0FF0120F0700021204620
:10704000FFF702FE054625B9A9F10100B0F10009DC
:10705000E4D100BFC5B93046A16B01F0AFFE0546D3
:1070600095B920220021E06B01F09FFE0B2204F174
:107070004001E06B01F08CFE4B20005D00F0180039
:10708000E16B08730120F0702846FBE62DE9F04122
:1070900004462668276BE06C401C08B9002003E01A
:1070A0002046E16C00F02BF805462DBB00BF3046B2
:1070B000A16B01F083FE054605B119E03078042884
:1070C00006D1E06B007800F07F00E16B087002E011
:1070D000E520E16B08700120F070206BB84200D30E
:1070E00006E000212046FFF7AFFD0546002DDED06B
:1070F00000BF042D00D102252846BDE8F0812DE90E
:10710000F04104460E4625682878042801D18006FF
:1071100001E04FF40010B04202D906F01F0010B198
:107120000220BDE8F0812663A7682FB928780328DC
:1071300002DB2F6B0020E07147B92889B0EB561FA6
:1071400001D80220EDE7286BA0631DE06889A989BA
:1071500000FB01F811E03946204601F073FA0746BA
:10716000781C08B90120DCE7022F02D3286AB84254
:1071700001D80220D5E7A6EB08064645EBD23946F2
:107180002846FFF7AEF9A0636763A06B08B9022039
:10719000C7E7A889B6FBF0F0A16B0844A063A889F3
:1071A000B6FBF0F100FB116105F13C000844E0631F
:1071B0000020B6E770B5044600250848005D58B9C0
:1071C00001200649085501F10802105D0A1D52F818
:1071D0002420116888470546284670BD7C30002071
:1071E0002DE9F04104460D4616460649085D091F83
:1071F00051F8241032460B6929469847074638460D
:10720000BDE8F081843000202DE9F04104460D46B0
:1072100016461F460749085D091F51F824103B46D2
:107220003246D1F808C02946E04780464046BDE8CE
:10723000F08100008430002070B50446044A105DDF
:10724000121F52F82420516888470546284670BD11
:10725000843000202DE9F04104460D4616461F46B5
:107260000749085D091F51F824103B463246D1F802
:107270000CC02946E04780464046BDE8F08100004A
:1072800084300020002100E0491C022905D2064874
:1072900000EB011000680028F6D1022901D001207E
:1072A00070470020FCE70000FC2B002038B50546A5
:1072B000284600F0DFFA044664B96946284602F021
:1072C0007EF8044634B9E86AFFF78AFB04460CB935
:1072D00000202860204638BD38B50446694620465F
:1072E00002F06DF8054645B9E06A18B1E06AFFF7AB
:1072F00077FB05460DB900202060284638BD000008
:10730000F7B582B016460398019001A801F046FB3C
:107310000546002D02DA0B2005B0F0BD0F4850F8ED
:10732000254024B12046FFF79DF8002020700298E8
:1073300010B10020029908700849029841F8250010
:10734000029808B1012E01D00020E5E7002202A931
:1073500003A800F03FFE07463846DDE7480000205E
:107360002DE9F74F98B0044616461CB909201BB00A
:10737000BDE8F08F06F03F06324603A919A800F0D9
:1073800029FE0546002D7DD10398049004A8199983
:1073900001F084F805468DB99DF85B0000F080008F
:1073A00008B106250AE026F0010008B1012000E03E
:1073B0000020014604A8FFF717F8054606F01C0058
:1073C00000287DD06DB1042D08D1FFF75BFF18B107
:1073D00004A8FFF74CFD00E01220054646F0080621
:1073E0000AE09DF8160000F0110008B1072503E03F
:1073F00006F0040000B10825002D71D106F0080048
:1074000000286DD001F01BFA029003980078042840
:1074100067D1039820600399496901F1340001F0B4
:10742000A4FBA0600399496901F1380001F0A9FBB0
:10743000C4E904010398406990F8210000F00200BB
:10744000E0710020E0610399496901F108000299A7
:1074500001F0BBFE00200399496908750399496949
:1074600001F10C00029901F0B0FE00200399496976
:10747000487520200399496908710399496901F108
:10748000340000E010E1002101F09FFE03994969FA
:1074900001F138000022134601F0A3FE0399496967
:1074A00001F128000022134601F09BFE0120039900
:1074B000496981F8210004A801F0C7FE054600E0F3
:1074C00048E0002D57D1A068002854D00022204663
:1074D000A16801F0E1FD0546A068401E039988619E
:1074E00049E0139901F10E00029901F06EFE139923
:1074F00001F11600029901F068FE20201399C8726C
:107500001399039801F01EFB8346002213990398F8
:1075100001F049FE139901F11C00002101F055FE14
:1075200001200399C870BBF1000F24D00398806B31
:1075300002900022594604A801F0AEFD0546D5B9D7
:10754000DDE9021001F03AFC0546ABF101000399B8
:10755000886110E07DB99DF8160000F0100008B1B8
:10756000042508E006F0020028B19DF8160000F09E
:10757000010000B10725BDB906F0080008B146F0CA
:1075800040060398806BA0641398E06426F0010025
:1075900008B1012000E00020014604A801F074FABF
:1075A000E062E06A00B90225002D7DD103980078E1
:1075B000042821D106982062089820F0FF009DF849
:1075C0001710084360621798A0620399496901F196
:1075D000340001F0CAFAA0600399496901F138004A
:1075E00001F0CFFAC4E904010398406990F8210042
:1075F00000F00200E0710CE01399039801F0A2FA88
:10760000A060139901F11C0001F0AFFA0021C4E958
:10761000040100202065039820600398C088A080A2
:1076200084F83060002084F8310060640021A16398
:10763000E1634FF4805204F1540001F0B6FB06F010
:10764000200000285ED00023D4E9040158405940AE
:10765000084357D0D4E90401C4E90E0103984089D6
:107660000399898900FB01F9D4F808A0D4E90478CA
:1076700010E05146204600F0E5FF8246BAF1010FC6
:1076800000D802250AF1010000B90125B7EB09076E
:1076900068F100082DB90020B9EB070170EB080074
:1076A000E7D3C4F840A000E02CE05DBB0398B0F83D
:1076B0000CC06246002338464146E8F76EFE0021C2
:1076C0004A404B401A431DD051460398FEF709FF2C
:1076D000019008B9022515E00398B0F80CC0624685
:1076E000002338464146E8F758FE01990844606493
:1076F000626C03994878012304F15401FFF784FD7B
:1077000000B101250DB10020206028462FE673B599
:1077100082B0064616B9092004B070BD3446002276
:1077200001A903A800F056FC0546002D57D1019889
:1077300020603046039900F0B1FE0546002D4BD184
:107740004B20805D00F0800038BBA07900F0100075
:1077500050B301980078042820D1A06820622069E5
:1077600020F0FF00E17908436062F06CA0620199AB
:10777000496901F1340001F0F8F9A0600199496903
:1077800001F1380001F0FDF9C4E9040101984069F4
:1077900090F8210000F00200E07106E0F16B019822
:1077A00001F0D0F9A06000E00525ADB90198C088CE
:1077B000A08000213046FFF7A2FC054665B9A0680D
:1077C00040B10021304601F05FF9E062E06A18B98B
:1077D000122501E00020E062042D00D105250DB145
:1077E00000202060284697E7F8B506460D46694612
:1077F000304601F0E4FD0446DCB92DB900213046E5
:10780000FFF77DFC044614E000213046FFF7B3FA91
:107810000446042C00D100245CB92946304601F00E
:1078200010F800213046FFF70FFA0446042C00D16F
:1078300000242046F8BD33B595B00D4600226946B8
:1078400015A800F0C7FB04468CB96846159900F0EE
:1078500025FE04465CB99DF84B0000F0800008B19D
:10786000062404E01DB12946684600F0EAFF2046E0
:1078700017B030BD2DE9F04395B0044614A9204659
:1078800001F09DFD0546002D7DD194F8300000F0FB
:107890004000002877D094F8300000F0800090B1CC
:1078A000626C14994878012304F15401FFF7D2FC6B
:1078B00018B1012015B0BDE8F08394F8300000F055
:1078C0007F0084F8300000F0BAFF814614980078F9
:1078D000042860D1204600F0E3FA054635B94FF0A0
:1078E000FF322046216C00F0F6FA0546002D7ED1CD
:1078F0002146684601F07CF90546002D77D11498A1
:107900004069007940F02000149949690871E079D4
:1079100040F001001499496981F82100A168149A86
:10792000526902F1340001F050FCD4E90473149957
:10793000496901F138003A4601F053FCD4E9047377
:107940001499496901F128003A4601F04AFC14995A
:10795000496901F10C00494601F037FC00201499F7
:10796000496948751499496901F11000002101F035
:107970002CFC684601F069FC054625B9149801F015
:10798000ADFC054600E032E094F8300000F0BF00A6
:1079900084F830002BE0A16C149801F00FFA054632
:1079A0002DBBE66CF07A40F02000F0723146A26800
:1079B000206801F0F8FB06F11C00216901F005FCCC
:1079C000494606F1160001F000FC002106F1120004
:1079D00001F035FC01201499C870149801F07EFC68
:1079E000054694F8300000F0BF0084F830002846C7
:1079F00060E731B5B6B0002502220DA936A800F027
:107A0000E9FA04460D982290002C76D122A83699E6
:107A100000F044FD044600BF24B9022122A8FEF76D
:107A2000E3FC0446002C68D19DF8D30000F08000F0
:107A300008B1062405E09DF88E0000F0010000B1B9
:107A40000724002C47D10D9800900D980078042849
:107A500018D10D99496901F1340001F086F8054605
:107A600002900D99496901F1380001F08AF8CDE9D9
:107A700004010D98406990F8210000F002008DF893
:107A8000070004E031990D9801F05CF805469DF877
:107A90008E0000F01000F0B10D980E9010950D982A
:107AA0000078042807D1DDE90401CDE912019DF831
:107AB00007008DF83F0000210EA8FFF720FB0446C9
:107AC0004CB900210EA8FFF756F9044604B9072463
:107AD000042C00D1002484B922A8FFF7D7FA044669
:107AE00034B92DB100222946684601F0D5FA044682
:107AF0001CB90D9801F0F2FB0446204637B030BDAA
:107B00002DE9FF4F87B0044615469B460898039021
:107B10000020CBF8000004A9204601F050FC05909D
:107B2000059818B994F83100059018B105980BB074
:107B3000BDE8F08F94F8300000F0020008B907208B
:107B4000F5E704980078042807D0A06B4019A16BD2
:107B5000884202D2A06BC0F1FF3518E10498B0F85A
:107B60000CC0D4E90E0162460023CDE90001E8F71C
:107B700014FC00214A404B401A436FD10498B0F8DE
:107B80000CC0D4E90E0162460023CDE90001E8F7FC
:107B900004FC04994989491E00EA010ABAF1000F60
:107BA0003AD10023D4E90E1059405840014309D17D
:107BB000D4F80880B8F1000F16D12046FEF7EAFC91
:107BC000804611E0206D50B1D4E90E0102460B460B
:107BD000CDE900012046FEF759FC804604E020462E
:107BE000216CFEF7D7FC8046B8F1000F00D1D1E040
:107BF000B8F1010F03D1022084F8310097E708F1B2
:107C0000010018B9012084F8310090E7C4F84080E1
:107C1000A06808B9C4F8088094F8300000F080002B
:107C200090B1626C04994878012304F15401FFF784
:107C300011FB18B1012084F8310078E794F8300086
:107C400000F07F0084F83000216C0498FEF749FCB6
:107C5000074627B9022084F8310068E752E057440C
:107C600004988089B5FBF0F9B9F1000F32D00AEB26
:107C7000090004994989884203D904984089A0EBF6
:107C80000A09049948784B463A460399FFF7E2FA05
:107C900018B1012084F8310049E7606CC01B4845E9
:107CA00013D2606CC31B0498B0F80CC0039803FB9C
:107CB0000C010498828904F1540001F069F894F8E9
:107CC000300000F07F0084F830000498808900FBC9
:107CD00009F63EE0606CB84213D0D4E90431D4E92F
:107CE0000E20D21A88410CD20499487801233A46D2
:107CF00004F15401FFF788FA18B1012084F831002B
:107D000015E76764A06B04998989B0FBF1F201FB68
:107D10001200049989890E1AAE4200D92E460498A1
:107D2000B0F80CC0D4E90E0162460023CDE9000191
:107D3000E8F733FB04F154001044324602900399F3
:107D400001F026F894F8300040F0800084F830000C
:107D500000BF039830440390D4E90E20921940F1FB
:107D60000000C4E90E20D4E90430D4E90E219A1AA7
:107D7000884102D2D4E90E0101E0D4E90401C4E94A
:107D80000401DBF800003044CBF80000AD1B002DEF
:107D90007FF4E4AE00BF94F8300040F0400084F877
:107DA00030000020C3E601464FF0FF30704700006E
:107DB00010B50246802A01DA10461BE051B1FF2AB5
:107DC00001DD002304E0A2F180030B4C34F81330F2
:107DD00018460FE0002007E0074B33F810309342BD
:107DE00000D103E0431C98B28028F5DB00BF00F10E
:107DF0008003D8B210BD0000029A010830B5B0F57A
:107E0000805F01DA244D00E0244D294600BF31F89F
:107E1000022B0AB1904200DA3CE031F8023B1C121E
:107E2000DBB2D518854230DD092C2CD2DFE804F016
:107E300005090F13171B1F232700851A31F815009A
:107E400021E0851A05F00105451BA8B21BE0A0F151
:107E50001005A8B217E0A0F12005A8B213E0A0F128
:107E60003005A8B20FE0A0F11A05A8B20BE000F1AE
:107E70000805A8B207E0A0F15005A8B203E0A0F5FC
:107E8000E355A8B200BF00BF04E0002CBFD101EB56
:107E90004301BCE700BF30BD029B0108F49C010810
:107EA0002DE9F0410446E079032812D1A568A769BD
:107EB0000BE06A1C2946206800F0DEFF064616B17A
:107EC0003046BDE8F0816D1C7F1E002FF1D10020EF
:107ED000E0710020F5E72DE9F04104460D46174614
:107EE00016E0E369012B03D9E369EB1A9B1C00E060
:107EF0003B461A46E369EB1A591C206800F0BCFFA8
:107F0000064616B13046BDE8F081E069401EE061EA
:107F1000E0690028E5D100BFF5E72DE9FC5F0446E4
:107F20000E469046B61E206A801EB04200D800263B
:107F30003546AA464FF0000B00BFE808A189B0FB08
:107F4000F1F0616B084401460090204600F036FFD6
:107F500018B14FF0FF30BDE8FC9FE808A189B0FBE5
:107F6000F1F201FB1200019005F0070101208840A9
:107F7000C7B200BF00BF04F13C000199405C00EAB9
:107F800007097806070E681C0546216A891E884283
:107F900003D300250027A0890190B9F1000F07D174
:107FA0000BF101008346404505D10AF10200D2E7FA
:107FB000AA464FF0000BB54201D10020CBE7002FBD
:107FC000D9D101270198401C0190A1898842D1D3C1
:107FD000B3E700002DE9F74F8CB000210D98016048
:107FE0000C9800F0DBFC0A900A98002803DA0B20BA
:107FF0000FB0BDE8F08FFE490A9851F820400CB947
:108000000C20F5E70D9804600E9800F0FE000E902D
:10801000207888B16078FFF70FF90990099800F08F
:10802000010048B90E9828B1099800F0040008B181
:108030000A20DDE70020DBE7002020700A9860704E
:108040006078FFF7B7F80990099800F0010008B1CF
:108050000320CDE70E9828B1099800F0040008B17C
:108060000A20C5E7607804F10C020221FFF7B8F896
:1080700008B10120BCE7A089B0F5805F07DCA089CA
:10808000B0F5007F03DBA089411E084008B1012044
:10809000AEE7002631462046FEF74EF98146B9F19B
:1080A000020F03D0B9F1020F2FDA2EE0002514E001
:1080B0004FF4DF7000EB051104F13C0008440B9015
:1080C0000B98007920B10B98083000F04EFD00E0CD
:1080D000002002A941F825006D1C042DE8D30025DD
:1080E00005B16D1E00BF02A850F8256026B13146CB
:1080F0002046FEF721F900E003208146B9F1020F86
:1081000003DB681C05460428EDD3B9F1040F01D147
:1081100001206DE7B9F1020F01DB0D2068E7B9F12D
:10812000010F7AD10B2500E06D1C402D04D204F123
:108130003C00405D0028F7D0402D01D20D2057E7CC
:1081400004F1A40000F04EFDB0F5807F01D00D20B9
:108150004EE794F8A81001208840A189884201D0F8
:108160000D2045E704F1840000F00BFD871941F173
:108170000008391E78F1010001D30D2038E704F121
:10818000900000F0F2FC606294F8AA00A070A07861
:10819000012801D00D202BE794F8A9100120884078
:1081A0006081608908B90D2022E704F1980000F091
:1081B000DCFC82468F498A4501D90D2018E70AF177
:1081C00002002062A66204F1940000F0CEFC30446C
:1081D000606304F18C0000F0C8FC3044E0620021D0
:1081E000608900FB0AF0626B10184941381A78EB7D
:1081F000010001D20D20FBE604F19C0000F0B5FC6B
:1082000020632046216BFEF76CF901460090204662
:1082100000F0D4FD10B10120EAE621E000250FE0D6
:1082200004F13C00405D812809D104F13C0129445E
:1082300001F1140000F099FC022800D103E0203580
:10824000A089A842ECD800BFA089A84201D10D2086
:10825000CEE64FF0FF30E061A0614FF0040901E18C
:1082600004F1470000F0BEFCA189884201D00D2036
:10827000BEE604F1520000F0B5FC8346BBF1000FEE
:1082800004D104F1600000F070FC8346C4F824B00F
:108290004C20005DA070A078012804D0A0780228AE
:1082A00001D00D20A4E6A0780BFB00FB4920005D67
:1082B0006081608918B16089411E084008B10D20B5
:1082C00096E604F14D0000F08DFC2081A089C117D5
:1082D00000EBD1614911228992FBF1F301FB1321DB
:1082E00009B10D2084E604F14F0000F07BFC0890FA
:1082F000089820B904F15C0000F037FC089004F104
:108300004A0000F06FFC0190019808B90D206FE65B
:10831000A089C11700EBD1614911228992FBF1F2CA
:108320000199594411440791DDE90710884201D2AF
:108330000D205DE6DDE90710401A6189B0FBF1FA16
:10834000BAF1000F01D10D2052E64FF003094FF6AC
:10835000F570824501D84FF0020940F6F57082456C
:1083600001D84FF001090AF102002062A6620198CB
:108370003044E062079830446063B9F1030F13D1D1
:1083800004F1660000F02EFC08B10D2030E62089D3
:1083900008B10D202CE604F1680000F0E6FB206334
:1083A000206A8000069016E0208908B90D201FE69B
:1083B000E06A58442063B9F1020F02D1206A4000FC
:1083C00008E094F8200000F00100216A01EB41016F
:1083D00000EB51000690A089401E06990844A1892F
:1083E000B0FBF1F0616A884206D90D2000E600007A
:1083F00048000020FDFFFF7F4FF0FF30E061A061EB
:1084000080202071B9F1030F2CD104F16C0000F031
:10841000E9FB012826D1711C204600F0CFFC08BBE7
:108420000020207104F23A2000F0DCFB4AF65521CE
:10843000884217D104F13C0000F097FB12498842B2
:1084400010D104F5087000F090FB1049884209D162
:1084500004F5097000F089FBE06104F50A7000F092
:1084600084FBA06184F8009009480088401C80B219
:1084700007490880E080074820610748606120467E
:10848000FDF7F0FF0020B3E5525261417272416185
:108490004C0000207C2E00201C2C00202DE9F347EE
:1084A00005462C46266802E00198401C0190019880
:1084B00000782F28F8D0019800785C28F4D00020AC
:1084C000A060E06101980078202808D280214B202C
:1084D000415500212846FEF712FE074652E000BF34
:1084E00001A92846FEF71AF9074607B149E02846D0
:1084F000FEF7D6FA074695F84B803FB1042F04D11A
:1085000000BF08F0040000B905273AE008F00400B5
:1085100000B136E0A07900F0100008B9052730E07E
:10852000307804281DD1A0682062206920F0FF0067
:10853000E17908436062E86CA062716901F134007E
:1085400000F013FBA060706990F8210000F00200B9
:10855000E071716901F1380000F013FBC4E9040116
:108560000EE0B189286BB0FBF1F201FB120106F1BC
:108570003C0001EB00094946304600F0E3FAA060F8
:10858000AEE700BF3846BDE8FC87024670470000F2
:108590002DE9FF4F83B0814690461D460B22484689
:1085A000049900F0F5FB052D18D92F4611E038F895
:1085B00002BB00240BE0584667F35F0007464FEA12
:1085C0006B0B07F4803008B11D484740641C102C29
:1085D000F1D3B8F800000028E9D13D46072400BFD8
:1085E00005F00F0000F1300ABAF1390F03DD0AF18E
:1085F000070000F0FF0A2046641E01A901F800A050
:108600002D09002DECD17E200855002600E0761CB7
:10861000A64203D219F806002028F8D100BF082C82
:1086200004D22046641C01A9085C00E020203146E9
:10863000761C09F80100082EF1D307B0BDE8F08FD1
:10864000211001002DE9FE4F06460D463468022D2B
:1086500002D3206AA84202D84FF00109ECE04FF0A3
:10866000FF392078012806D002283ED003285BD0AD
:1086700004287BD17BE02F4607EB5707A089B7FB87
:10868000F0F0E16A00EB010A5146204600F096FB4B
:1086900000B1D0E038467F1CA189B0FBF1F201FBAC
:1086A000120104F13C0010F80180A089B7FBF0F042
:1086B000E16A00EB010A5146204600F07FFB00B161
:1086C000B9E0A089B7FBF0F100FB117104F13C00A7
:1086D000405C48EA002805F0010010B14FEA18108C
:1086E00001E0C8F30B008146A5E0B4F80CA00AEB4A
:1086F000DA704010B5FBF0F0E16A00EB010B59466F
:10870000204600F05BFB00B195E06800A189B0FB5A
:10871000F1F201FB120104F13C0001EB000A5046AA
:1087200000F060FA814686E0B4F80CA04FEAEA70E7
:108730000AEB90708010B5FBF0F0E16A00EB010BE2
:108740005946204600F03AFB00B174E0A800A18928
:10875000B0FBF1F201FB120104F13C0001EB000A55
:10876000504600F002FA20F0704964E060E0002218
:10877000D6E9041051405040014358D0B068A5EBF1
:10878000000AB4F80CC0D6E90420521E60F10000C3
:10879000CDE9002062460023DDE90001E7F7FDFD99
:1087A0006189B0FBF1F00290F07902280BD10298B8
:1087B000824508D80298824502D16FF0004000E05F
:1087C000681C814637E0F079032805D1B06950452F
:1087D00002D905F101092EE0F079022826D0F069CE
:1087E00010B16FF0004920E0B4F80CB04FEAEB7024
:1087F0000BEB90708010B5FBF0F0E16A0844014685
:108800000190204600F0DAFA00B114E0A800A18936
:10881000B0FBF1F201FB120104F13C0001EB000B93
:10882000584600F0A2F920F0004904E000BF00BF64
:108830004FF0010900BF00BF4846BDE8FE8F002091
:1088400070472DE9F84F05460C46D5F800B00020DA
:10885000A076A86B08B9BDE8F88F9BF80000042843
:1088600005D12146DBF8140000F0BCF8F3E7E86C12
:10887000401C28B30026374614E000210098FFF77B
:1088800097FA0090009808B9002714E000BFFF2F66
:1088900001D300270FE00098C2B238467F1C04F1D4
:1088A0001A010A543046761CDBF8102032F810000A
:1088B00000900028E1D100BF002104F11A00C15549
:1088C00000200646074604F11A0010F807A03CE015
:1088D00038467F1CEA6B12F80080B8F1200F00D1F7
:1088E00033E0B8F1050F01D14FF0E508092F0CD1A5
:1088F000BAF1000F03D12E2104F11A0081552E2266
:108900003046761C04F10D010A5404F10D0000F804
:108910000680BAF1000F16D1B8F1410F0FDBB8F1A4
:108920005A0F0CDCE86B007B092F01D3102100E00B
:108930000821084018B108F1200000F0FF0804F1F8
:108940001A0000F80680761C00BF0B2FC0D3BAF1C6
:10895000000F07D1002104F11A008155E86B007B5C
:1089600000B90026002104F10D008155E86BC07AA2
:108970002073E96B01F11C0000F0F7F80021C4E955
:108980000001E96B01F1160000F0EFF88146A4F850
:108990000A904FEA1940208100BF5CE770B502469B
:1089A0004FF0FF301568DDB1116800E0491C0D780B
:1089B000202D02D30D783A2DF8D10D783A2D0ED115
:1089C000146814F8015BA5F130030A2B06D28C421F
:1089D00004D11BB918464D1C2946156070BD0020F6
:1089E00000BFFBE72DE9F04705460C46002640276F
:1089F000B1461CE007F01F0000B9BF1CE81900F0E9
:108A0000F1F882460021FFF7D3F9804600BFB8F1A4
:108A1000000F01D0FF2E01D300260CE03046761C5B
:108A200004F11A0101F80080BF1C09F1010995F851
:108A300023004845DED800BF2EB93F223046761CC1
:108A400004F11A010A54002104F11A008155002092
:108A5000607328792073207B00F0100010B1002093
:108A6000014603E005F1380000F08BF8C4E900018D
:108A700005F10C0000F0B6F8608105F10E0000F081
:108A8000B1F82081BDE8F08710B502460B46002101
:108A900016E02B4800EB011000681468A0420ED1CC
:108AA000274800EB011040689468A04207D1244891
:108AB00000EB01108068146BA04200D102E0491C59
:108AC0000229E6D300BF022922D1002100E0491C7F
:108AD000022905D21A4800EB011000680028F6D1DF
:108AE000022901D1002010BD154C04EB01141068BF
:108AF0002060134C04EB011490686060104C04EB90
:108B00000114106BA06000200D4C04EB0114A08137
:108B100033B10B4800EB0110808908B10020E2E777
:108B200013B14FF4807004E0054800EB0110808918
:108B3000401C034C04EB0114A081481CD3E7000047
:108B4000FC2B002070B505460C4604F11A0000F01D
:108B500049F806462878032805D104F1140000F0EE
:108B600041F846EA0046304670BD0146C8788A782A
:108B700042EA00204A7842EA00200A7842EA0020CD
:108B8000704770B50246D3790024250245EA136484
:108B9000907940EA0323250245EA1364507940EABC
:108BA0000323250245EA1364107940EA03232502D2
:108BB00045EA1364D07840EA0323200240EA1364B4
:108BC000917841EA0323210241EA1364507840EA94
:108BD0000323250245EA1364117841EA032318466A
:108BE000214670BD014648780A7842EA0020704765
:108BF00070B504460D4628682060286AA06095F884
:108C00002400E071686A20F0FF000021C4E904013B
:108C1000A86AE0642046E16CFEF771FA06461EB9C8
:108C2000204600F003F80646304670BD2DE9F047B7
:108C3000044620684669A16B206800F0BFF805462D
:108C400015B12846BDE8F087E06B0078852801D093
:108C50000220F7E720223046E16B00F099F87078A7
:108C6000401C4FEA4018B8F1600F02D3B8F5187FE6
:108C700001D90220E6E700212046FDF7E5FF054681
:108C80000DB12846DEE7A16B206800F097F8054695
:108C90000DB12846D6E7E06B0078C02801D002204D
:108CA000D0E7202206F12000E16B00F071F896F881
:108CB00023002C300F21B0FBF1F0B8EB401F01D2A4
:108CC0000220BFE7402700BF00212046FDF7BCFF80
:108CD00005460DB12846B5E7A16B206800F06EF897
:108CE00005460DB12846ADE7E06B0078C12801D0FC
:108CF0000220A7E7B7F5187F04D2F0192022E16B14
:108D000000F046F807F1200007464045DCD3B7F5F0
:108D1000187F0AD8304600F070FB8146B01CFFF780
:108D200061FF814501D002208CE700208AE7000026
:108D3000EAF778FEF7F714FDECF79CFCECF77EFC05
:108D4000ECF712FCF7F70AFE0648E9F70DFC07E01E
:108D5000ECF73AFD0448FCF7EDF80348FCF7C6F8D9
:108D6000F6E700007803002020000020F0B503465D
:108D70001D460C46002000BF15F8017B14F801CBFE
:108D8000A7EB0C00561E321E01D00028F4D0F0BD17
:108D900030B503460C463AB100BF14F8015B03F846
:108DA000015B551E2A1EF8D130BD10B5034600BF29
:108DB00003F8011B541E221EFAD110BD70B50446E3
:108DC0000D460026A06BA84210D0204600F0CEFA37
:108DD00006465EB9607801232A4604F13C01FEF79D
:108DE00013FA10B14FF0FF350126A563304670BD70
:108DF0002DE9F04780460C4604F11A00FFF7F2FE19
:108E000010B10020BDE8F087207820F04000401E1F
:108E100000EB800101EBC0054FF00109002619E0CD
:108E20001449895D0819FFF7DDFE0746B9F1000F07
:108E300009D0FF2D01D30020E4E7B94628466D1C78
:108E400028F8107005E04FF6FF70874201D000202F
:108E5000D8E7761C0D2EE3D3207800F0400030B127
:108E6000FF2D01D30020CDE7002028F815000120B8
:108E7000C8E70000D89901082DE9F05F04460D46C7
:108E800016464FF00209022D74D3206AA84271D908
:108E90002078012806D0022859D003287DD0042844
:108EA00011D17BE02F4607EB5707A089B7FBF0F005
:108EB000E16A00EB010A51462046FFF77FFF814639
:108EC000B9F1000F00D0A2E038467F1CA189B0FBA9
:108ED000F1F201FB120104F13C0001EB000805F086
:108EE000010028B1F1B298F8000061F31F1000E012
:108EF000304688F800000120E070A089B7FBF0F050
:108F0000E16A00EB010A51462046FFF757FF814610
:108F1000B9F1000F00D07AE0A089B7FBF0F100FBB7
:108F2000117104F13C0001EB000805F0010010B1E3
:108F3000C6F3071006E098F8000000F0F000C6F352
:108F40000321084388F800000120E0705FE0B4F8D6
:108F50000CA00AEBDA704010B5FBF0F0E16A00EB10
:108F6000010B59462046FFF729FF8146B9F1000F52
:108F700002D04CE04CE010E06800A189B0FBF1F2B7
:108F800001FB120104F13C0001EB000AB1B25046B2
:108F900000F055F90120E07039E000BFB4F80CA0F2
:108FA0004FEAEA700AEB90708010B5FBF0F0E16ACE
:108FB00000EB010B59462046FFF700FF8146B9F14F
:108FC000000F00D023E0207804280FD0A800A1894A
:108FD000B0FBF1F201FB120104F13C0001EB000ACD
:108FE0005046FFF7C2FD66F31B000646A800A189A4
:108FF000B0FBF1F201FB120104F13C0001EB000AAD
:109000003146504600F0E1F80120E07000BF00BF9B
:109010004846BDE8F09F00002DE9F04707460C46A2
:109020001546984684F80D800F20E07200202073CA
:10903000002104F11A0000F002F9681E00EB800123
:1090400001EBC00900200646824600BF4FF6FF70C4
:10905000864204D0484609F1010937F810600D49ED
:1090600011F80A100819314600F0E9F80EB94FF668
:10907000FF760AF1010082460D28E7D34FF6FF7014
:10908000864202D037F8190008B945F0400525702E
:10909000BDE8F087D89901082DE9F05F06460F4634
:1090A00090464FF000093468BA46BB46022F02D3FF
:1090B000206AB84202D80220BDE8F09FB8F1000F44
:1090C00011D02078042802D1F07902280BD04FF07B
:1090D000FF3241462046FFF7CFFE8146B9F1000F2F
:1090E00001D04846E8E700BF39463046FFF7AAFA04
:1090F000054605B93EE0012D01D10220DCE7681CE0
:1091000008B90120D8E7207804280AD0002239467F
:109110002046FFF7B1FE8146B9F1000F01D0484665
:10912000CAE7D4E90710801E814206D2E069401CDC
:10913000E061207940F0010020710BF10100A842AC
:1091400001D1AB4612E0207804280DD1ABEB0A0028
:10915000421C002351462046FDF7A0F88146B9F194
:10916000000F01D04846A7E7AB46AA462F46206A23
:10917000B842B9D800BF2078042812D1B8F1000F46
:1091800002D10020F0710CE0F079032809D1B06819
:10919000404506D8B169B0680844404501D3022073
:1091A000F071002088E770B506460C461546A9B256
:1091B00004F11A0000F043F83078032804D1290C98
:1091C00004F1140000F03BF870BD00F8011B090A1F
:1091D00000F8011B090A00F8011B090A00F8011B2D
:1091E000704730B500F8012B110A41EA03621B0AEF
:1091F00000F8012B110A41EA03621B0A00F8012B57
:10920000110A41EA03621B0A00F8012B110A41EA24
:1092100003621B0A00F8012B110A41EA03621B0AD0
:1092200000F8012B110A41EA03621B0A00F8012B26
:10923000110A41EA03621B0A00F8012B30BD00F855
:10924000011B091200F8011B70472DE9F04104468B
:1092500020684569284600F0D0F880464146A81CA1
:10926000FFF7EDFF6878471C2046E16CFDF747FFEC
:10927000064618E0A16B2068FFF7A0FD064606B180
:1092800013E020222946E06BFFF782FD01202168D0
:10929000C870781E071E00D107E020350021204647
:1092A000FDF7D2FC0646002EE4D000BF0EB1012E21
:1092B00002D13046BDE8F0810220FBE730B501461F
:1092C00000200B2200BF431003EBC01411F8015B18
:1092D0006319D8B2531E1A1EF5D130BD70B50446BD
:1092E000204600F043F80546002D38D120780328A9
:1092F0002ED1207901282BD1A289002104F13C0034
:10930000FFF753FD4AF6552104F23A20FFF797FF85
:10931000144904F13C00FFF758FF134904F50870A5
:10932000FFF753FF04F50970E169FFF74EFF04F5FD
:109330000A70A169FFF749FFA06A401CA06360782A
:10934000012304F13C01A26BFDF784FF0020207192
:10935000607800221146FDF743FF00B10125284641
:1093600070BD000052526141727241612DE9F041BD
:1093700004460027E078F8B1A56B607801232A46FF
:1093800004F13C01FDF766FF08B1012714E000205D
:10939000E070E06A281A616A88420DD2A67809E076
:1093A000606A0544607801232A4604F13C01FDF718
:1093B00051FF761E022EF3D23846BDE8F08170B51B
:1093C00004460D4609268CB1206878B120680078E3
:1093D00060B1A0882168C988884207D1216848788F
:1093E000FDF72AFF00F0010000B900260EB9206841
:1093F00000E000202860304670BD30B50246547849
:10940000641C630100242046214610E0022901D19A
:10941000491C0BE000F0010414B14FF4004400E0DB
:10942000002404EB6004555C2C44A0B2491C994212
:10943000ECD330BD70B5064600241BE02846FEF78D
:10944000DDFC054604F0010010B14FF4004000E0DF
:10945000002000EB6400E9B2084484B204F001008B
:1094600010B14FF4004000E0002000EB640000EB7E
:10947000252084B236F8021B0D1EDFD1204670BDB8
:1094800010B500290AD00878002807D0054878448C
:10949000E7F7A4FA002801D0002010BD0248784464
:1094A00010BD0000EA270000E22700002DE9C041BE
:1094B00030B4DFF8A0C23CEA111418BF3CEA131420
:1094C00000F0EC8081EA03051CEA111444EAD5742B
:1094D00018BF1CEA131500F0C780A4EB05044FF079
:1094E000004545EAC12145EAC32341EA505143EA18
:1094F000525304F17F74994204F500344FEAC020BE
:109500004FEAC22208BF904200F09C804FEA1365E8
:109510000FF24016765D4FEA134506FB05F7C7F1DB
:10952000807706FB07F74FEAD737A7FB0368764239
:10953000C8F58038A7FB06CE38BFA8F1010807FBA5
:1095400008E64FF0000EA6FB028CE6FB03CEDCF132
:10955000000CCEF1004E38BFAEF1010EA6FB0C5848
:109560004FF000074FF00005E6FB0E87A1FB08C691
:10957000A0FB07CE16EB0E0645F10005E1FB0765E3
:1095800015F1E04E7EBFA4F580345FEA46066D41DA
:1095900016F1800745F100054FEA17274FEA0666E6
:1095A00047EA0567A6F1DE46B6F1805F4FEA15256A
:1095B0001FD9384624F0010C05EBC471BCF1FE6FD5
:1095C00001EB0C1102D8F0BCBDE8008124425CBF65
:1095D00001F5801E9EEAC47F02D4F0BCBDE8008184
:1095E000244238D4F0BCA1F1C041BDE8004100F0F4
:1095F0001AB94FEAD22242EA43524FEAD323A7FBD9
:1096000002864FEAD02040EA415007FB03661EEA7B
:109610000E0F4FEAD12105FB026658BFA6EB00569C
:10962000B6EB00564FEA520E4EEAC37E18EB0E0E12
:1096300056EB530EBDD518EB02085E417F1C55F169
:109640000005B6E74FF480154FF000074FF0000615
:109650004FF00008ADE7F0BC4FF0000001F1C04151
:1096600001F00041BDE8008111EA0C1F0CEA13155E
:1096700000D00CE013EA0C1F00F025804FF0000032
:10968000F0BC81EA030101F00041BDE80081F0BCBB
:10969000BDE8004181EA030100F0C5B8F0BCBDE8B7
:1096A000004170B500F071F8097EFC3E00F007B88B
:1096B00081EA03014FF0000001F00041704781EAA8
:1096C000030100F0B0B8F0BCBDE800414FF000006D
:1096D00021497047FFFDFBF9F7F5F4F2F0EEEDEBF1
:1096E000E9E8E6E4E3E1E0DEDDDBDAD8D7D5D4D3A0
:1096F000D1D0CFCDCCCBCAC8C7C6C5C4C2C1C0BFEC
:10970000BEBDBCBBBAB9B8B7B6B5B4B3B2B1B0AFF1
:10971000AEADACABAAA9A8A8A7A6A5A4A3A3A2A1D5
:10972000A09F9F9E9D9C9C9B9A9999989797969590
:1097300095949393929191908F8F8E8E8D8C8C8B2C
:109740008B8A8989888887878685858484838382B4
:10975000828181800000FF070000F87F10F0004246
:1097600048BF4042B0FA80F310FA03F10AD0C3F1C7
:109770001D0303F580634FEA415002EB035202EBF5
:10978000D12170474FF0000070470EF1020E2EF00D
:10979000030E5EF8046B364205D4012A43EB030541
:1097A00015F5001F12D8012841EB010C1CF5001F14
:1097B0000CD80ED14FEAD17C15F5001F0CEB4C0CE8
:1097C0000CF1020C08BF4CEBD37C04E04FF0080C0A
:1097D00001E04FEAD37C0CEB4C0526FA05F606F0C7
:1097E0000706B6F1040C06D20EEB860CBDE87040FD
:1097F0004CF0010C6047DFE80CF0090B02024FF05F
:1098000000414FF00000A1F5002170BD194610463F
:10981000012851EB010418BFD4F5001484BF0020C7
:1098200001F0004170BD0808A0F500114FEA3101B8
:109830007047000043004FEAD30C4FEA3C0C434012
:109840001FBF40070CF1605113F0FE4F70471CF032
:10985000006F03D100200CF0004170470CF0004372
:1098600043EA507010B540EACC0000F00EF800BF9B
:10987000000000924FEA0001FFF7D5BF4FF0004112
:109880004FF00000A1F5002170470EF1020E2EF0FE
:10989000030E5EF8044B244204D44FEA4102B2F1B5
:1098A0007F4F11D84FEA4003B3F17F4F0CD80ED150
:1098B0004FEAD07CB2F17F4F0CEB4C0C0CF1020C58
:1098C00008BF4CEBD17C04E04FF0080C01E04FEAFC
:1098D000D17C0CEB4C0324FA03F404F00704B4F13C
:1098E000040C06D20EEB840CBDE810404CF0010CC9
:1098F0006047DFE80CF0070802024FF00040A0F5D7
:10990000800010BD0846420018BFD2F1807288BFA7
:1099100000F0004010BD4FF04070E1EE100A7047BB
:10992000E7F724BA00061016000610160000000023
:1099300000000000010203040607080900000000FF
:1099400001020304997D00088D7E0008257E000831
:10995000AD7E0008A17D000843554541414141438A
:1099600045454549494941414592924F4F4F5555CB
:10997000594F554F9C4F9E9F41494F55A5A5A6A7AE
:10998000A8A9AAABACADAEAFB0B1B2B3B44141413E
:10999000B8B9BABBBCBDBEBFC0C1C2C3C4C54141DA
:1099A000C8C9CACBCCCDCECFD1D14545454949490F
:1099B00049D9DADBDCDD49DF4FE14F4F4F4FE6E8B5
:1099C000E85555555959EEEFF0F1F2F3F4F5F6F785
:1099D000F8F9FAFBFCFDFEFF01030507090E101262
:1099E0001416181C1E0001000400100040000001A5
:1099F0000002000001000200040008001000200026
:109A00000000C700FC00E900E200E400E000E5001F
:109A1000E700EA00EB00E800EF00EE00EC00C40015
:109A2000C500C900E600C600F400F600F200FB0025
:109A3000F900FF00D600DC00F800A300D800D70032
:109A40009201E100ED00F300FA00F100D100AA005C
:109A5000BA00BF00AE00AC00BD00BC00A100AB006E
:109A6000BB0091259225932502252425C100C20023
:109A7000C000A9006325512557255D25A200A5003A
:109A80001025142534252C251C2500253C25E30014
:109A9000C3005A25542569256625602550256C2567
:109AA000A400F000D000CA00CB00C8003101CD00F6
:109AB000CE00CF0018250C2588258425A600CC00D3
:109AC0008025D300DF00D400D200F500D500B5001A
:109AD000FE00DE00DA00DB00D900FD00DD00AF0093
:109AE000B400AD00B1001720BE00B600A700F7001B
:109AF000B800B000A800B700B900B300B200A025BC
:109B0000A00061001A03E0001703F8000703FF003C
:109B10000100780100013001320106013901100114
:109B20004A012E017901060180014D0043028101A5
:109B300082018201840184018601870187018901F4
:109B40008A018B018B018D018E018F0190019101A2
:109B5000910193019401F6019601970198019801F2
:109B60003D029B019C019D0120029F01A001A001DB
:109B7000A201A201A401A401A601A701A701A901B4
:109B8000AA01AB01AC01AC01AE01AF01AF01B10163
:109B9000B201B301B301B501B501B701B801B80114
:109BA000BA01BB01BC01BC01BE01F701C001C1018A
:109BB000C201C301C401C501C401C701C801C70175
:109BC000CA01CB01CA01CD011001DD0101008E01E6
:109BD000DE011201F3010300F101F401F401F801C7
:109BE0002801220212013A020900652C3B023B02C5
:109BF0003D02662C3F0240024102410246020A0138
:109C00005302400081018601550289018A015802F0
:109C10008F015A0290015C025D025E025F029301B5
:109C200061026202940164026502660267029701A2
:109C300096016A02622C6C026D026E029C01700237
:109C400071029D01730274029F017602770278020D
:109C500079027A027B027C02642C7E027F02A601DA
:109C600081028202A9018402850286028702AE0176
:109C70004402B101B20145028D028E028F029002B0
:109C80009102B7017B030300FD03FE03FF03AC0356
:109C900004008603880389038A03B1031103C20306
:109CA0000200A303A303C4030803CC0303008C0333
:109CB0008E038F03D8031801F2030A00F903F3039C
:109CC000F403F503F603F703F703F903FA03FA03C2
:109CD0003004200350041007600422018A04360176
:109CE000C1040E01CF040100C004D0044401610589
:109CF000260400007D1D0100632C001E9601A01E9D
:109D00005A01001F0806101F0606201F0806301FF4
:109D10000806401F0606511F0700591F521F5B1FF0
:109D2000541F5D1F561F5F1F601F0806701F0E0027
:109D3000BA1FBB1FC81FC91FCA1FCB1FDA1FDB1FDB
:109D4000F81FF91FEA1FEB1FFA1FFB1F801F0806F1
:109D5000901F0806A01F0806B01F0400B81FB91FF7
:109D6000B21FBC1FCC1F0100C31FD01F0206E01F83
:109D70000206E51F0100EC1FF21F0100FC1F4E212F
:109D80000100322170211002842101008321D0249E
:109D90001A05302C2F04602C0201672C0601752C4B
:109DA0000201802C6401002D260841FF1A030000E7
:109DB00000000E10110E040C0D12000E010F110FF9
:109DC000040A000E010F110F0D12000E1111110ED9
:109DD000000204000E11110E00040A000E11110EF3
:109DE000040A000E111F100E0204000E111F100EA7
:109DF0000204000E010F110F0804000E010F110FD5
:109E0000020400040C04040E0204111111130D00CD
:109E10000F101010110E040C0D12000E111F111155
:109E20000D12000E1111110E0204001F101E101F42
:109E30000204000E111F1111000E0E0E1F0E040061
:109E400000040E1F0E0E0E00060909060000000099
:109E5000202A2A2A20434944455045202A2A2A20DC
:109E60000020455132323845202076782E3132207C
:109E70002000204944494F4D412F4C414E47554108
:109E8000474500506F72742020456E6720202045A2
:109E9000737020002A2A2043524F4E4F4D45545292
:109EA0004F202A2A004D554C544946554E4354499B
:109EB0004F4E414C20002A2A2043524F4E4F4D45D1
:109EC00054524F202A2A00204D554C544946554E95
:109ED00043494F4E414C20002020202054494D45FD
:109EE000522020202020202000204D554C5449464F
:109EF000554E4354494F4E414C004553434F4C48F7
:109F00004120412046554E43414F002053454C458A
:109F100043542046554E4354494F4E004553434FFA
:109F20004A4120202046554E43494F4E0066756EEB
:109F300063616F2020202020616A7564610046758E
:109F40006E6374696F6E2020202068656C70004617
:109F5000756E63696F6E20202020617975646100E1
:109F6000202020202020206F6B2020202020202057
:109F7000003C202020202020202020202020206F96
:109F80006B003C2020202020206F6B2020202020F0
:109F9000203E003C202020202020206D6D2020200D
:109FA000206F6B003C20202020202020204B6720A9
:109FB00020206F6B0020202050656E20447269764F
:109FC000652020202000202020466C6173682044FA
:109FD000726976652020002020202050656E447232
:109FE0006976652020200000202020496E7365726C
:109FF000696461202020200000202020496E7365C4
:10A000007274656420202020200020202020496ECA
:10A010007365727461646F202000002020205265F7
:10A020006D6F76696461202020200000202020527E
:10A03000656D6F76656465642020202000202020F7
:10A040002052656D6F746F20202020200000463163
:10A0500020203220612020352073656E7320004659
:10A06000312020203220746F20352073656E7300FC
:10A0700046312020202032206120352073656E7308
:10A080000046322020566D2020312073656E736F9C
:10A090007200463320203130706173732031736554
:10A0A0006E7300463320203130706173732031733A
:10A0B000656E73004633202031307061736F20313C
:10A0C00073656E730046342050656E642F4D48539F
:10A0D000203173656E0046342050656E642F5348FE
:10A0E0004D203173656E0046342050656E642F4DEF
:10A0F0004853203173656E0046352020426F622040
:10A100006520312073656E73004635202020436F33
:10A11000696C20312073656E730046352020426FD4
:10A1200062207920312073656E73004636204D43DE
:10A13000697263756C61723173656E0046362043D7
:10A140002E4D6F74696F6E203173656E0046362038
:10A150004D43697263756C61723173656E00463789
:10A160002043686F712D496E6C203273656E004616
:10A170003720496E652D636F6C6C6973696F6E0073
:10A1800046372043686F712D496E65203273656EC6
:10A190000046382043686F712D456C73203273651B
:10A1A0006E00463820456C732D636F6C6C69736963
:10A1B0006F6E0046382043686F712D456C732032F6
:10A1C00073656E004639205620536F6D20327365DB
:10A1D0006E7341630046313020207420206D616E23
:10A1E00075616C202000494E534552495220444924
:10A1F00053542E3F202000494E5345525420444989
:10A200005354414E43453F00494E534552544152E9
:10A2100020444953542E203F00206E616F2020209F
:10A22000202020202073696D2000206E6F202020C8
:10A230002020202020207965732000206E6F2020B0
:10A240002020202020202020736920006420656EBB
:10A250007472652053302065205331200064202023
:10A260006265747765656E2053302D53310064202C
:10A2700020656E7472652053302079205331003C84
:10A28000006D6D202020206F6B006420656E74725D
:10A290006520533020652053322000642020626501
:10A2A000747765656E2053302D533200642020652D
:10A2B0006E7472652053302079205332006420651B
:10A2C0006E74726520533020652053332000642063
:10A2D000206265747765656E2053302D53330064BA
:10A2E0002020656E7472652053302079205333002E
:10A2F0006420656E747265205330206520533420CD
:10A30000006420206265747765656E2053302D539C
:10A310003400642020656E747265205330207920EB
:10A320005334004E6F2E2064652073656E736F7218
:10A3300065733F004E6F2E2053454E534F525320AE
:10A340003F202020004E6F2E2064652073656E73C1
:10A350006F7265733F0020322020202020202020B3
:10A3600020202020352000494E5345524952204C90
:10A370004152475552413F00494E53455254205790
:10A3800049445448203F202000494E5345525441EF
:10A390005220414E4348555241004C41524755527C
:10A3A0004120444F204F424A2E20004F424A45430D
:10A3B000542057494454482020202000414E43480F
:10A3C0005552412044454C204F424A2E006420659E
:10A3D0006E74726520533020652053310000642074
:10A3E0006265747765656E434F494C2D5330006448
:10A3F00020656E74726520626F6220792053300090
:10A400004E756D2E20496E74657276616C6F732087
:10A41000004E756D622E20496E74657276616C73A4
:10A4200020004E756D2E20496E74657276616C6FDA
:10A4300073200020312020202020202020202020D8
:10A44000313020006420656E747265206D69632E62
:10A45000202020200064206265747765656E206D81
:10A460006963202020006420656E747265206D6928
:10A4700063202020202000496E74657276616C6F25
:10A48000733A203161313000496E74657276616CC7
:10A49000733A2031746F313000496E7465727661A1
:10A4A0006C6F733A203161313000494E4943494560
:10A4B000204558504552494D2E2000535441525486
:10A4C000204558504552494D454E5400494E494348
:10A4D000494152204558504552494D2E00202020D8
:10A4E00020202020202063616E63656C61002020A5
:10A4F000202020202020202063616E63656C0020D6
:10A50000202020202020202063616E63656C610084
:10A51000743D004558502E2046494E414C495A4101
:10A52000444F20004558502E2046494E4953484537
:10A5300044202020004558502E2046494E414C4989
:10A540005A41444F20007665722020726570657410
:10A5500069722020203E0073656520207265706559
:10A560006174202020203E00766572202072657084
:10A57000657469722020203E003C20202020536119
:10A580006C766172202020463F003C202020207302
:10A590006176652020202020463F003C2020206757
:10A5A000756164617220202020463F0020205245C2
:10A5B00053554C5441444F2853292020002020203B
:10A5C000524553554C542853292020202000205216
:10A5D0004553554C5441444F2853292020200020F6
:10A5E000742020202076656C202020736169720021
:10A5F00020742020202076656C20202071756974DD
:10A600000020742020202076656C202073616C6906
:10A610007200207420202020202020202020736120
:10A62000697200207420202020202020202020710A
:10A6300075697400207420202020202020202073A1
:10A64000616C69720074302C313A0074302C323AEB
:10A650000074302C333A0074302C343A0074312CAE
:10A66000323A0074322C333A0074332C343A0056A8
:10A670006D302C313A00566D302C323A00566D3028
:10A680002C333A00566D302C343A00566D312C3252
:10A690003A00566D322C333A00566D332C343A0062
:10A6A0006573636F6C686120612066756E63616FAE
:10A6B0000065207072657373696F6E65206F6B2E15
:10A6C0002E006578697374656D203132207469706D
:10A6D0006F7300202064652066756E636F65732E4E
:10A6E00020202000743D00566D3D00207420202065
:10A6F00066726571202020736169720020742020C9
:10A7000020667265712020207175697400207420A4
:10A71000202066726571202073616C69720061206F
:10A720003D0056663D00743A53302020743A533150
:10A7300020207361697200743A53302020743A53B8
:10A740003120207175697400743A53302020743AB6
:10A7500053312073616C6972004631312074657326
:10A7600074652073656E736F7200463131207365B6
:10A770006E736F722074657374200046313120202F
:10A780007072756562612073656E730020202020F1
:10A7900020202020202020207361697200202020AA
:10A7A0002020202020202020207175697400202086
:10A7B00020202020202020202073616C69720064FA
:10A7C00065746563746F75206120696E7430200054
:10A7D0002020202020202020202020202020202079
:10A7E0000046313220204563205472616E736C2E16
:10A7F000200046313220204563205472616E736C14
:10A800002E200046313220204563205472616E7341
:10A810006C2E2000434F4D5052494D2E20444F2066
:10A820004F424A2E00204D4153534120444F204F68
:10A83000424A2E20200020204F424A4543542020E7
:10A840004D415353202000204D4153412020444589
:10A850004C204F424A2E200045633D00463920538C
:10A8600056203241636F757353656E730046313005
:10A8700020207420206D616E75616C2020003C6D7D
:10A880006D202020206F6B0074302C313A00743022
:10A890002C323A0074302C333A0074302C343A00A5
:10A8A00074312C323A0074322C333A0074332C3425
:10A8B0003A0043686F6F73652066756E6374696FE5
:10A8C0006E2000616E64207072657373206F6B2E52
:10A8D0002E20200074686572652061726520313217
:10A8E0002020202000646966666572656E7420749D
:10A8F000797065732E00204F424A45435420204C06
:10A90000454E47544820004639205653203273653F
:10A910006E7341636F7573004631302020742020C0
:10A920006D616E75616C2020003C6D6D20202020D3
:10A930006F6B0074302C313A0074302C323A007452
:10A94000302C333A0074302C343A0074312C323AC3
:10A950000074322C333A0074332C343A004573635C
:10A960006F6A6120202066756E63696F6E007920C2
:10A9700070726573696F6E65206F6B2E2E20006597
:10A9800078697374656E203132207469706F73005A
:10A9900064652066756E63696F6E65732E20202076
:10A9A00000204C4152474F2044454C204F424A2EF4
:10A9B00020003C202020202020202020202020209B
:10A9C0006F6B003C202020202020202020202020F1
:10A9D00020202000496E73657269722070656E6474
:10A9E0007269766500204E6F20466C617368204462
:10A9F00072697665200053696E20556E69646164E2
:10AA000020666C61736800202020202053616C76E2
:10AA100061722020202020002020202020736176D9
:10AA20006520202020202020002020202067756124
:10AA3000646172202020202020002020202020205F
:10AA400020202063616E63656C610020202020203F
:10AA5000202020202063616E63656C002020202070
:10AA6000202020202063616E63656C610045585092
:10AA70002E2046494E414C495A41444F20004558EA
:10AA8000502E2046494E4953484544202020004539
:10AA900058502E2046494E414C495A41444F2000BF
:10AAA0007265706574697220202020202020463F46
:10AAB00000726570656174202020202020202046CF
:10AAC0003F0072657065746972202020202020206C
:10AAD000463F0053616C766F75206461646F73202C
:10AAE0002020200053617665642064617461202019
:10AAF0002020202000477561726461646F2020204F
:10AB00002020202020004572726F206461646F73E2
:10AB1000202020202020004572726F722064617412
:10AB200061202020202020004572726F722020209A
:10AB30002020202020202020000001000000F00024
:10AB40000000F403110002000100010015000300E1
:10AB5000020002001F00040003000300290005009A
:10AB60000400040033000600050005003D00070056
:10AB70000600060048000800070007005200090010
:10AB8000080008005C000A00090009006300840353
:10AB90000A0064000B000C000B000B000C000D0001
:10ABA0000C000C000D000E000D000D000E000F003B
:10ABB0000E000E000F0064000F0064001500160068
:10ABC0001500150016006400160064003300340000
:10ABD000330033003400640034006400640000007B
:10ABE00064009600AA006A006E009C006E00970048
:10ABF000960096006E009800970097006E009900EE
:10AC0000980098006E009A00990099006E009B00D1
:10AC10009A009A006E009C009B009B006E009600BC
:10AC20009C00B0006E00AB00AA00AA006E00AC0051
:10AC3000AB00AB006E00AD00AC00AC006E00AE002F
:10AC4000AD00AD006E00AF00AE00AE006E00B00013
:10AC5000AF00AF006E00AA00B00064005B005C00B3
:10AC60005B0009005C0064005C001200110013002E
:10AC7000110095006E0095009500A9006E00A900D6
:10AC8000A9002602F9010100F801C201D6016A00FB
:10AC90009A0129026A002702260226026A00280277
:10ACA000270227026A002902280228026A002602D7
:10ACB0002902E5046A00FB00FA00FA006A00E504D4
:10ACC000FB00EE0202036A00C602B7036A00B70384
:10ACD000B603B6036A00B603B70396006F006A00B6
:10ACE0006F00FC006A00FC00FC0025026A002502DF
:10ACF000250263006300640063000A008603F40316
:10AD0000840386038603000086038403FD03010099
:10AD1000F403F403FD03FE03FD03FD03FE036400DF
:10AD2000FE03FB006A00FA00E504490048004A00FF
:10AD300048005300520054005200520366036A0058
:10AD40002A035072657373E36F20202020F0FF20E8
:10AD50004F4B005065737375726520202020F0FF03
:10AD6000204F4B005072657369F36E20202020F055
:10AD7000FF204F4B0054656D70203135302020206E
:10AD8000F0FF204F4B0054656D702031353020208E
:10AD900020F0FF204F4B0054656D7020313530207E
:10ADA0002020F0FF204F4B004D6F646F2064652022
:10ADB0004F70657261E7E36F004D6F646F206465EB
:10ADC000204F70657261E7E36F004D6F646F206420
:10ADD00065204F70657261E7E36F0041717569200E
:10ADE0002043616C202020496E64690041717569BF
:10ADF000202020496E64696361646F72004171753F
:10AE000069202020496E64696361646F7200536534
:10AE10006C6563696F6E65205330202020200053DD
:10AE2000656C656374205330202020202020200092
:10AE300053656C656363696F6E6520533020202015
:10AE40000054656D706F20416D6F7374726167653A
:10AE50006D0053616D706C652054696D6520202014
:10AE60002020005469656D706F204D756573747294
:10AE7000656F200054656D706F20646520456E73AA
:10AE800061696F2000457870657269656E63652041
:10AE900054696D6520005469656D706F206465208C
:10AEA000507275656261005072F378696D6F20535E
:10AEB000656E736F723F20004E6578742053656E27
:10AEC000736F723F20202020005072F378696D6FFD
:10AED0002053656E736F723F200053616C76617210
:10AEE000204461646F733F20202000536176652009
:10AEF000446174613F20202020202000477561724A
:10AF0000646172204461746F733F20200053616C50
:10AF100076616E646F204461646F7320200053611A
:10AF200076696E67204461746120202020200047EC
:10AF300075617264616E646F204461746F73200088
:10AF400072657065746972202020202073616972B7
:10AF50000072657065617420202020202071756961
:10AF60007400726570657469722020202073616CB2
:10AF70006972003C2020202050617573617220208E
:10AF800020203E003C202020205061757365202049
:10AF90002020203E003C202020205061757361203D
:10AFA000202020203E003C20202043616E63656C01
:10AFB00061722020203E003C2020202043616E63EF
:10AFC000656C202020203E003C20202043616E63E1
:10AFD000656C61202020203E0056657220566F6C03
:10AFE0007461722050617261720053656520526510
:10AFF0007475726E202053746F70005665722056FF
:10B000006F6C7665722053746F7000003C202020B6
:10B0100020566F6C746172202020203E003C20205E
:10B02000202052657475726E202020203E003C2046
:10B03000202020566F6C766572202020203E003C38
:10B04000202020436F6E636C75ED646F20203E00FE
:10B050003C202020436F6E636C7564656420203E45
:10B06000003C202020436F6E636C7569646F202064
:10B070003E0053656C6563696F6E65205331202017
:10B0800020200053656C65637420533120202020FC
:10B090002020200053656C656363696F6E652053E3
:10B0A000312020200053656C6563696F6E65205305
:10B0B00032202020200053656C65637420533220B9
:10B0C0002020202020200053656C656363696F6E2B
:10B0D000652053322020200053656C6563696F6ED4
:10B0E00065205333202020200053656C6563742055
:10B0F0005333202020202020200053656C6563639B
:10B10000696F6E652053332020200053656C6563A2
:10B11000696F6E65205334202020200053656C65D4
:10B120006374205334202020202020200053656C9D
:10B13000656363696F6E652053342020200053617E
:10B140006C766F75206461646F73205330200053F8
:10B150006176656420646174612053302020200092
:10B16000477561726461646F205330202020202075
:10B170000053616C766F75206461646F7320533186
:10B18000200053617665642064617461205331202E
:10B19000202000477561726461646F205331202064
:10B1A0002020200053616C766F75206461646F739A
:10B1B00020533220005361766564206461746120FD
:10B1C000533220202000477561726461646F205300
:10B1D0003220202020200053616C766F752064613E
:10B1E000646F73205333200053617665642064617B
:10B1F00074612053332020200047756172646164BC
:10B200006F20533320202020200053616C766F750F
:10B21000206461646F732053342000536176656449
:10B2200020646174612053342020200047756172CE
:10B230006461646F20533420202020200045727206
:10B240006F206461646F73205330202020004572AA
:10B25000726F722064617461205330202020004599
:10B2600072726F7220533020202020202020200076
:10B270004572726F206461646F7320533120202007
:10B28000004572726F722064617461205331202016
:10B2900020004572726F7220533120202020202020
:10B2A0002020004572726F206461646F73205332F6
:10B2B000202020004572726F7220646174612053F7
:10B2C00032202020004572726F72205332202020DD
:10B2D0002020202020004572726F206461646F730B
:10B2E000205333202020004572726F7220646174F5
:10B2F00061205333202020004572726F7220533337
:10B300002020202020202020004572726F206461C0
:10B31000646F73205334202020004572726F7220B6
:10B3200064617461205334202020004572726F7272
:10B33000205334202020202020202000416A7573D3
:10B3400074612054656D7031353020200041717575
:10B3500069202020496E64696361646F72004171E5
:10B360007569202020496E64696361646F720049C9
:10B370006E7369726120533020202020204F4B00D3
:10B3800041717569202020496E64696361646F7240
:10B390000041717569202020496E64696361646FA2
:10B3A0007200205265746F726E6120416A75737409
:10B3B00065200041717569202020496E64696361D0
:10B3C000646F720041717569202020496E64696361
:10B3D00061646F72003C206465206661627269631B
:10B3E0006120204F4B0041717569202020496E6417
:10B3F000696361646F720041717569202020496E34
:10B4000064696361646F72004D656E6F7220507283
:10B41000657373E36F20202000417175692020203F
:10B42000496E64696361646F7200417175692020BF
:10B4300020496E64696361646F72004D656E6F725E
:10B440002054656D70657261747520004171756975
:10B45000202020496E64696361646F7200417175D8
:10B4600069202020496E64696361646F72004D61D8
:10B47000696F72205072657373E36F202020004162
:10B48000717569202020496E64696361646F720080
:10B4900041717569202020496E64696361646F722F
:10B4A000004D61696F722054656D706572617475CD
:10B4B000200041717569202020496E6469636164D0
:10B4C0006F720041717569202020496E6469636163
:10B4D000646F7200416A7573746120507265737392
:10B4E000616F20200041717569202020496E6469D8
:10B4F0006361646F720041717569202020496E6438
:10B50000696361646F7200000100000026000200A0
:10B51000000000000000030003000300030004001B
:10B5200004000400040005000500160005000600E4
:10B5300006000600060007000700070007000800D5
:10B5400008000800080009000900160009000A00A8
:10B550000A000A000A000B000B000B000B000C0095
:10B560000C000C000C000D000D0016000D000E006C
:10B570000E000E000E000F000F000F000F00100055
:10B580001000100010001100110016001100120030
:10B590001200120012001300130013001300140015
:10B5A00014001400140016001E0024001E001F00CA
:10B5B00020001E0020001E0021001E00210022008D
:10B5C000240016002400250016001600170016009F
:10B5D000170017001800170018001A001D001B00A4
:10B5E0001A001A001D001A00190019001B0019008A
:10B5F0001C001C001E001C00260001002700280063
:10B600002800260028002900290028002A002900F7
:10B610002A00290026002A00270001002700260012
:10B62000000000000000000000000000000000001A
:10B63000000000000000000000000000000000000A
:10B6400000000000000000000000000000000000FA
:10B6500000000000000000000000000000000000EA
:10B66000202020202020206F6B2020202020202040
:10B67000003C2020202020202020202020202020CE
:10B6800020003C20202020202020202020202020BE
:10B69000203E006E616F20202020202020202020CE
:10B6A00073696D006E6F2020202020202020202034
:10B6B00020796573006E6F2020202020202020201C
:10B6C00020202073690020202020202020202020FE
:10B6D00020202020202000496E736572697220703E
:10B6E000656E647269766500204E6F20466C6173EA
:10B6F00068204472697665200053696E20556E6932
:10B7000064616420666C61736800494E4943494531
:10B71000204558504552494D2E2000535441525413
:10B72000204558504552494D454E5400494E4943D5
:10B73000494152204558504552494D2E000E0E3C6D
:10B7400020202020202020202020202020203E00FB
:10B75000416E616C6F672020206469676974616C59
:10B7600000416E616C6F67202020646967697461B5
:10B770006C00416E616CF367202020646967697416
:10B78000616C000000000000963007772C610EEE1F
:10B79000BA51099919C46D078FF46A7035A563E928
:10B7A000A395649E3288DB0EA4B8DC791EE9D5E04F
:10B7B00088D9D2972B4CB609BD7CB17E072DB8E74E
:10B7C000911DBF906410B71DF220B06A4871B9F3A3
:10B7D000DE41BE847DD4DA1AEBE4DD6D51B5D4F4DC
:10B7E000C785D38356986C13C0A86B647AF962FD41
:10B7F000ECC9658A4F5C0114D96C0663633D0FFA8E
:10B80000F50D088DC8206E3B5E10694CE44160D593
:10B81000727167A2D1E4033C47D4044BFD850DD27D
:10B820006BB50AA5FAA8B5356C98B242D6C9BBDB90
:10B8300040F9BCACE36CD832755CDF45CF0DD6DC8B
:10B84000593DD1ABAC30D9263A00DE518051D7C832
:10B850001661D0BFB5F4B42123C4B3569995BACFBD
:10B860000FA5BDB89EB802280888055FB2D90CC6DE
:10B8700024E90BB1877C6F2F114C6858AB1D61C157
:10B880003D2D66B69041DC760671DB01BC20D29876
:10B890002A10D5EF8985B1711FB5B606A5E4BF9F03
:10B8A00033D4B8E8A2C9077834F9000F8EA80996F6
:10B8B00018980EE1BB0D6A7F2D3D6D08976C649161
:10B8C000015C63E6F4516B6B62616C1CD83065857A
:10B8D0004E0062F2ED95066C7BA5011BC1F4088257
:10B8E00057C40FF5C6D9B06550E9B712EAB8BE8B98
:10B8F0007C88B9FCDF1DDD62492DDA15F37CD38C21
:10B90000654CD4FB5861B24DCE51B53A7400BCA31E
:10B91000E230BBD441A5DF4AD795D83D6DC4D1A450
:10B92000FBF4D6D36AE96943FCD96E34468867AD27
:10B93000D0B860DA732D0444E51D03335F4C0AAAC6
:10B94000C97C0DDD3C710550AA41022710100BBEC9
:10B9500086200CC925B56857B3856F2009D466B910
:10B960009FE461CE0EF9DE5E98C9D9292298D0B045
:10B97000B4A8D7C7173DB359810DB42E3B5CBDB7F2
:10B98000AD6CBAC02083B8EDB6B3BF9A0CE2B60373
:10B990009AD2B1743947D5EAAF77D29D1526DB0428
:10B9A0008316DC73120B63E3843B64943E6A6D0D73
:10B9B000A85A6A7A0BCF0EE49DFF099327AE000ABE
:10B9C000B19E077D44930FF0D2A3088768F2011E51
:10B9D000FEC206695D5762F7CB67658071366C19E8
:10B9E000E7066B6E761BD4FEE02BD3895A7ADA1009
:10B9F000CC4ADD676FDFB9F9F9EFBE8E43BEB717EA
:10BA0000D58EB060E8A3D6D67E93D1A1C4C2D83873
:10BA100052F2DF4FF167BBD16757BCA6DD06B53FD9
:10BA20004B36B248DA2B0DD84C1B0AAFF64A033618
:10BA3000607A0441C3EF60DF55DF67A8EF8E6E3197
:10BA400079BE69468CB361CB1A8366BCA0D26F25E0
:10BA500036E2685295770CCC03470BBBB91602222D
:10BA60002F260555BE3BBAC5280BBDB2925AB42B42
:10BA7000046AB35CA7FFD7C231CFD0B58B9ED92C57
:10BA80001DAEDE5BB0C2649B26F263EC9CA36A75BC
:10BA90000A936D02A906099C3F360EEB8567077273
:10BAA00013570005824ABF95147AB8E2AE2BB17BDA
:10BAB000381BB60C9B8ED2920DBED5E5B7EFDC7C61
:10BAC00021DFDB0BD4D2D38642E2D4F1F8B3DD68B8
:10BAD0006E83DA1FCD16BE815B26B9F6E177B06FB3
:10BAE0007747B718E65A0888706A0FFFCA3B0666A0
:10BAF0005C0B0111FF9E658F69AE62F8D3FF6B612D
:10BB000045CF6C1678E20AA0EED20DD75483044ECE
:10BB1000C2B30339612667A7F71660D04D4769495C
:10BB2000DB776E3E4A6AD1AEDC5AD6D9660BDF406F
:10BB3000F03BD83753AEBCA9C59EBBDE7FCFB24722
:10BB4000E9FFB5301CF2BDBD8AC2BACA3093B35307
:10BB5000A6A3B4240536D0BA9306D7CD2957DE5410
:10BB6000BF67D9232E7A66B3B84A61C4021B685DE9
:10BB7000942B6F2A37BE0BB4A18E0CC31BDF055A62
:10BB80008DEF022D3031323334353637383941427A
:10BB9000434445464030580030313233343536372F
:10BBA00038396162636465664030780004000008DB
:10BBB0000000000000000002000100001000000072
:10BBC00002400000000000A000000000054000004E
:10BBD000000000C8000000000C4000000000409C75
:10BBE00000000000194000000020BCBE0000000062
:10BBF00034400000BFC91B8E00000004B5400000A7
:10BC0000504BCFD06607E2CF010000006C4100002E
:10BC10003E8251AADFEEA73401000000D9420000A5
:10BC2000DCB5A0E23A301F97FFFFFFFFB4450000EC
:10BC3000FD25A0C8E9A3C14FFFFFFFFFFF3F0000A4
:10BC40000000008000000000FF3F000000000080B6
:10BC5000000000004D53430094BC01080000002088
:10BC600058020000D001000848BD01085802002019
:10BC700020BD00002C0200081C0000004300000052
:10BC8000F8FFFFFF0C0000000E0000000F00000096
:10BC90002E000000013432104201031124F4365406
:10BCA000BC01080813CD6A1B087504134769140802
:10BCB000716C1408437729179132E336B89D010857
:10BCC000FF32F55AC80C32E75AB00C32E15AF00C88
:10BCD00032E05AF80C32E95AE80C42ED4A9E0C3236
:10BCE000F35AD01832E25AC00C2AEA40590C29B251
:10BCF0005AD80C32FA5A083C32C35A180C32D55A68
:10BD0000200C2AC7F0590C32C15A300C32C95A28BB
:10BD10000C32F05A380C29045A400C32B05A480CF4
:10BD2000391941140402405A10085A20085A400890
:10BD300002108069356105140AD7A33D0257080235
:08BD40001319022701000000A5
:040000050800019559
:00000001FF
