:020000040800F2
:1000000048C00020AD020008DD5700084555000833
:10001000D9570008351D0008A78900080000000016
:10002000000000000000000000000000F35700087E
:10003000B51E000800000000F1570008F557000841
:10004000C7020008C7020008C7020008C70200086C
:10005000C7020008C7020008B91E0008C31E000836
:10006000C7020008C7020008CD1E0008C70200082A
:10007000C7020008C7020008C7020008C70200083C
:10008000C7020008C7020008C702000800000000FD
:10009000000000000000000000000000D71E000863
:1000A000C70200083958000811580008C7020008A4
:1000B000C7020008C7020008C7020008C7020008FC
:1000C000C7020008C7020008C7020008C7020008EC
:1000D000C7020008C7020008C702000800000000AD
:1000E000C7020008C7020008C7020008000000009D
:1000F000000000000000000000000000C70200082F
:1001000000000000C7020008C7020008C70200087C
:1001100000000000000000000000000000000000DF
:10012000391D0008C7020008C7020008C7020008FE
:10013000C7020008000000000000000000000000EE
:10014000000000000000000000000000E15700086F
:10015000C7020008C7020008C7020008C70200085B
:10016000C7020008C70200080000000000000000ED
:10017000000000000000000000000000000000007F
:1001800000000000C702000800000000000000009E
:10019000C702000800F002F800F079F80AA090E821
:1001A000000C82448344AAF10107DA4501D100F032
:1001B0006EF8AFF2090EBAE80F0013F0010F18BF86
:1001C000FB1A43F00103184704C7010024C70100CC
:1001D0000A444FF0000C10F8013B13F0070408BF6D
:1001E00010F8014B1D1108BF10F8015B641E05D00B
:1001F00010F8016B641E01F8016BF9D113F0080FC0
:100200001EBF10F8014BAD1C0C1B09D16D1E58BF51
:1002100001F801CBFAD505E014F8016B01F8016B88
:100220006D1EF9D59142D6D37047000000230024FB
:1002300000250026103A28BF78C1FBD8520728BFF6
:1002400030C148BF0B607047662919F06F8664297A
:1002500000F0A481752900F0A181782900F0DA81ED
:10026000732900F0F086002070471FB519F059FE81
:100270009DE8030000F012FC00F000FF04000020E5
:10028000002119F003FCE0601FBD10B510BD01F0A6
:1002900012F81146FFF7E9FF19F050F801F030F8B5
:1002A00003B4FFF7F2FF03BC16F0EFFA09488047EA
:1002B00009480047FEE7FEE7FEE7FEE7FEE7FEE748
:1002C000FEE7FEE7FEE7FEE704480549054A064B60
:1002D00070470000FD57000895010008489800206D
:1002E00048C0002048B8002048B80020704770B5CA
:1002F000064600F0B7FB056806F10B0020F0070486
:10030000B4429CBF002070BD2B466A68BAB1106829
:10031000A04210D304F1080188423CBF50685860E5
:1003200007D35168101941601168091B01605860BA
:100330001460101D70BD13465268002AE7D1214693
:10034000284600F097FB0028DED170BD70B504464A
:10035000051F00F087FB0068002C14BF446870BDC7
:10036000002C18BFAC423CBF20466468F8D301683B
:100370000A18AA4218BF456003D12A6805461144ED
:10038000016028684119A1421CBF6C6070BD6168A2
:10039000696021680844286070BD53EA020C00F0CF
:1003A00069802DE9F04B4FF00006002B1FBFB3FA18
:1003B00083F503FA05F424FA05F65E4012BF1643EE
:1003C000B2FA82F502FA05F4C5F120051EBF22FA41
:1003D00005FC44EA0C04203556EA044C4FEA144468
:1003E00018BF641C4FF000084FF00009904271EBF9
:1003F000030C39D3002919BFB1FA81F701FA07F6C6
:10040000B0FA80F700FA07F6C7F120071EBF20FAFE
:1004100007FC46EA0C062037B6FBF4FCA7EB050701
:10042000103F07F01F0BCBF120060CFA0BFB2CFA48
:1004300006F644BFB3460026202FA4BF5E464FF009
:10044000000B5BEA060C08BF4FF0010B19EB0B0920
:10045000ABFB027C48EB0608C01B06FB02CC0BFB87
:1004600003CC71EB0C01C1E70B46024641464846FE
:10047000BDE8F08B13B54FF000004FF00001AFF373
:100480000080BDE81C4070470FB4044910B503AAB2
:10049000029800F0DDFD10BC5DF814FB2800002080
:1004A0000FB41CB5074B06AA7B446946009005981B
:1004B00000F097FD0020694600F0A6FD1CBC5DF829
:1004C00014FB00005D0B00000FB41CB50C0007AA64
:1004D000009001D02044401E074B7B4469460190A8
:1004E000069800F07EFD002C03D06946002000F045
:1004F0008BFD1CBC5DF814FB350B000070B5044689
:1005000085690068C10601D5302600E02026C007B5
:1005100007D070BDD4E9012130469047206A401CC5
:1005200020626D1EF6D570BD70B5044685690078F1
:10053000C00707D170BDD4E9012120209047206A6F
:10054000401C20626D1EF6D570BD70B50C46054688
:10055000012A05D02878800600D5EA69002302E048
:10056000012305E05B1C934202D2E05C0028F9D134
:10057000A869E618C01AA861286A184428622846A3
:10058000FFF7BCFF04E0D5E9012114F8010B904707
:10059000B442F8D32846FFF7C7FF70BD2DE9F041FC
:1005A0000646002410687529314616A510D0AFF311
:1005B0000080002802DA404213A507E031688A076C
:1005C00001D512A502E0490704D511A5012401E0D7
:1005D000AFF3008000210A2206F1240709E0B0FBF6
:1005E000F2FCB0FBF2F302FB1C00303078541846EA
:1005F000491C0028F3D123462A463046BDE8F04185
:1006000000F082BA000000002D0000002B00000066
:100610002000000070B504460D4621461068AFF377
:1006200000802188090502D50F4A7A4402E00E4A6B
:100630007A440E32002104F1240305E000F00F0695
:100640000009965D5E54491C0028F7D120780023EC
:10065000000704D5702D02D009B1022311322046C3
:10066000BDE8704000F050BACAC101002DE9F05F4A
:10067000894604464FF0000ADFF874B1FB44C0F825
:1006800020A02046E1688847002874D0252806D09D
:10069000D4E901219047206A401C2062F1E700263E
:1006A0005F462046E16888472028054607DB312D54
:1006B00005D2781910F8200C08B10643F1E7B0070D
:1006C00001D526F00406C4F81CA00027C4F818A021
:1006D0002A2D09D0284616F0D1F838B304EB870844
:1006E000303DC8F8185019E059F8041B204604EBB7
:1006F00087029161E1688847012F054618D1E069BA
:10070000002820DA26F020061DE0D8F8180000EBBB
:10071000800005EB40003038C8F818002046E1683A
:100720008847054616F0AAF80028EED1012F0AD016
:100730002E2D08D12046E16888477F1C0546022FF0
:1007400046F02006C4DBA069002803DA404246F0E8
:100750000106A061F00701D026F010066C2D0BD029
:10076000682D09D04C2D39D06A2D35D0742D35D057
:100770007A2D33D016E038E0E1682F4620468847CE
:10078000B842054609D16C2F26D04FF48060E1684D
:10079000064320468847054604E06C2F1AD04FF4E4
:1007A000807006430DB3A5F14100192802D8203509
:1007B00046F400664A462946204626604E46FFF724
:1007C00043FD80B101280BD0F61D26F0070000F193
:1007D000080956E74020E4E78020D8E70020D6E764
:1007E00006F104094DE7284652E7206ABDE8F09F6C
:1007F000A0C1010010B5431C02E010F8011B71B14B
:100800008107FAD14FF0013202C88C1A8C4314EAE6
:10081000C211F9D0C01A0A0603D0C01E10BDC01AFA
:1008200010BD0A0401D0801E10BD0902FCD0401E7C
:1008300010BD421E12F8013F002BFBD111F8013B05
:10084000002B02F8013BF9D17047032A40F23080B7
:1008500010F0030C00F0158011F8013BBCF1020F01
:10086000624498BF11F801CB00F8013B38BF11F882
:10087000013BA2F1040298BF00F801CB38BF00F899
:10088000013B11F0030300F02580083AC0F0088016
:1008900051F8043B083A51F804CBA0E80810F5E7FA
:1008A000121D5CBF51F8043B40F8043BAFF30080DD
:1008B000D20724BF11F8013B11F801CB48BF11F852
:1008C000012B24BF00F8013B00F801CB48BF00F822
:1008D000012B704710B5203AC0F00B80B1E81850DA
:1008E000203AA0E81850B1E81850A0E81850BFF41A
:1008F000F5AF5FEA027C24BFB1E81850A0E81850B9
:1009000044BF18C918C0BDE810405FEA827C24BF0C
:1009100051F8043B40F8043B08BF7047D20728BF9A
:1009200031F8023B48BF11F8012B28BF20F8023BE9
:1009300048BF00F8012B704702F0FF0343EA03228F
:1009400042EA024200F002B84FF000020429C0F06F
:10095000128010F0030C00F01B80CCF1040CBCF1F1
:10096000020F18BF00F8012BA8BF20F8022BA1EB43
:100970000C0100F00DB85FEAC17C24BF00F8012B28
:1009800000F8012B48BF00F8012B70474FF0000220
:1009900000B5134694469646203922BFA0E80C5075
:1009A000A0E80C50B1F12001BFF4F7AF090728BF50
:1009B000A0E80C5048BF0CC05DF804EB890028BFCC
:1009C00040F8042B08BF704748BF20F8022B11F0F5
:1009D000804F18BF00F8012B704700004FF0013C1A
:1009E00050F8042B51F8043B9A4221D1A2EB0C039E
:1009F000934313EACC1317D150F8042B51F8043B5E
:100A00009A4215D1A2EB0C03934313EACC130BD1FA
:100A100050F8042B51F8043B9A4209D1A2EB0C0385
:100A2000934313EACC13DBD04FF00000704700BFB4
:100A3000D01A01BAB1FA81F101F0180122FA01F0DD
:100A4000CB40C1F12001DBB2C0B2C01A2CFA01F3D5
:100A5000D11A914311EAC311E6D17047704770472C
:100A60007047000000487047EC97002070477047BF
:100A70007047704738B504460A4600206946AFF310
:100A80000080002808BF38BD02460099204600F0CB
:100A9000F9FA012038BD012000F006BCF8B5AFF32B
:100AA0000080054600200C46102000BF0646A8190D
:100AB000A0420DD9324669460020AFF300800700FE
:100AC00008BF00F0F1FB0098A04218BF0546C4190A
:100AD000FFF7C8FF05600746F01D20F00700461924
:100AE000284600F00AF8B44208BFF8BDA21B314600
:100AF0003868BDE8F84000F0C5BA00210160C0E9DF
:100B000001107047102070472DE9F0470D469946B7
:100B10009246044600F124080168880604D5E0697D
:100B200021F01001216000E00120A84201DD471BF7
:100B300000E00027A1697A1902EB0900081AA061F8
:100B40002078C00602D42046FFF7D8FC002608E033
:100B5000D4E901211AF806009047206A401C761C4F
:100B600020624E45F4DB2078C0060AD52046FFF708
:100B7000C5FC06E0D4E9012130209047206A401CE2
:100B80002062381EA7F10107F4DC07E0D4E9012157
:100B900018F805009047206A401C2062281EA5F125
:100BA0000105F3DC2046FFF7BFFC2078000602D5E4
:100BB0000220BDE8F0870120FBE770472DE9FF4FD9
:100BC0000C461E464FF0FF378BB0D2E90001DDF82E
:100BD00060800A908A46C1F30A5505B93D46002156
:100BE00008464FF00000BAF1000F00F4400005DAAB
:100BF00000EB80004FF4400101EA50004FEA9059A9
:100C0000B9F1010F00DDB9460A9850EA4A000ED04A
:100C100044F61050A5F2FF3545432F14B8F1000FEC
:100C20001ED07542291E1EDDC9F100021CE0B8F17C
:100C3000010F4FF0000001D0302103E0F24305E046
:100C40002154401CB042FBDB3046002200212154DD
:100C50000B99C1F80880C1E900200FB0BDE8F08F02
:100C6000BD1B6D1CDEE74A4600DA694206A800F0AB
:100C7000A9FA06AB93E8070003AB83E807005046E8
:100C80000A9900F08CFB8DE80700A0F500501F3892
:100C900000900398002D0ADD42F21F014A460844E5
:100CA000002303A90390684600F0F5FD09E0A0F5D4
:100CB00000504A461F38002303A90390684600F0FD
:100CC000FFFD8DE807000004000C03D04FF0FF305B
:100CD000410800E01046B8F1000F03D00022009256
:100CE00015461EE0751E05D400F0E6F93032625557
:100CF0006D1EF9D5B3460122084302D000227F1CA5
:100D000004E02078302801D100227F1E002A0997B4
:100D100084D01DE0112D07DA00F0CEF93032625593
:100D20006D1C50EA0102F5D1084302D00098C8B109
:100D30000EE00021681E05E0235C625C63542254CF
:100D4000401E491C8142F7DBAB46A81B401E0990A0
:100D5000002004F80B000B98099AC0F80880C0E93D
:100D6000002B7AE711264FF0000857E72DE9F04FE6
:100D700088460446D21D22F0070191B0D1E9000156
:100D8000CDE90A0115F046FD02460B98C00F01D0CF
:100D90002D2007E02068810701D52B2002E02021CB
:100DA00001EAC000032A099001D0072A05DB0346A7
:100DB0004146204600F0C6F90BE12078800601D5B7
:100DC000E06900E00620B8F1650F814606D0B8F171
:100DD000660F18D0B8F1670F70D131E00020B9F17B
:100DE000110F009001DB112301E009F101030AAAB0
:100DF00001A90CA8FFF7E2FEDDE90C70002609F15D
:100E00000105834647E001204B4600904FF0004724
:100E10000AAA01A90CA8FFF7D1FEDDE90DB00C99D3
:100E20005D46002610B909F101000D18B9EB050067
:100E300003D4C0F1FF3609F10105A5EB09002BE051
:100E4000B9F1010F01DA4FF001090020B9F1110FDA
:100E50000090484601DD112300E003460AAA01A9DB
:100E60000CA8FFF7ABFEDDE90C704D46002683466B
:100E7000207800070AD4AB4500DA5D4601A8012DB1
:100E800004DD411911F8011C302907D04F4502DA61
:100E900017F1040F04DA012082460FE06D1EEEE721
:100EA000002F02DCED1B3E4403E0781CA84200DD6D
:100EB0007D1CB81B00F1010A4FF0004720780007A5
:100EC00003D4AA4501DB4FF0FF3A0021B7F1004FF0
:100ED0000DF143088DF8431024D002202B23002F5E
:100EE00001DA7F422D230A21021EA0F1010000DC5D
:100EF0005FB197FBF1FC97FBF1F201FB1C7C1746FD
:100F00000CF1300C08F801CDEEE7A8F101000370F8
:100F10002188090501D5452100E06521A0F10108DE
:100F200000F8011C09980FA9A1EB0807FF1D00B1EB
:100F30000120411901EBEA70A1693844081A401EEA
:100F4000A0612078C00602D42046FFF7D7FA09989E
:100F500028B1D4E901219047206A401C2062207802
:100F6000C00622D52046FFF7C9FA1EE0002E04DB9A
:100F7000B34502DD01A8805D00E03020D4E9012105
:100F80009047206A401C2062761CAAF101005FEAAB
:100F9000000A0AD100F072F8C0680168405CD4E928
:100FA00001219047206A401C2062281EA5F10105FE
:100FB000DCDC07E0D4E9012118F8010B9047206A36
:100FC000401C2062381EA7F10107F3DC2046FFF722
:100FD000ABFA032011B041E601694A1C02610878AE
:100FE000704700B58FB0CDE9013100210591054969
:100FF0007944CDE9031011466846FFF737FB0FB07F
:1010000000BD0000E5FFFFFF0A6802F8010B0A605F
:101010007047D1E900239A4202D2531C0B60107032
:10102000704710B5436913B1AFF3008001E0FFF7DB
:101030008CFA012010BD127800F124010A70002200
:101040004A700122EDE711684FF0FF32E9E7000036
:10105000074B70B50D467B44FFF7C3FF0446284697
:1010600017F0A7F910B14FF0FF3070BD204670BDEA
:101070003D7B010000487047E4970020004870471E
:1010800004980020034640688C46002818BF884218
:101090003CBF03464068F8D318681844884207D01C
:1010A0000CF1030020F00700001D411A521A0146FE
:1010B000081D0A60FFF74AB930B5B0F10A024FEADD
:1010C000900E71F100034EEA817EB0EB0E0061EBF1
:1010D00091014FEA101E4EEA017E10EB0E0041EB2B
:1010E00011114FEA102E4EEA016E10EB0E0041EB8B
:1010F00011214FEA104E4EEA014E10EB0E0041EB6B
:101100001141401841F100014FEAD00040EA41701E
:101110004FEAD10110EB80054FEA810444EA907454
:1011200044EB01046D1944EB0404521BA3414FF03E
:10113000000348BF0A3200D530BD401C41F1000118
:1011400030BD00002DE9F0411F460446032601682A
:10115000072A01F4006004DB08B116A505E016A516
:1011600003E008B115A500E015A521F010002060EE
:10117000A069C01EA0610FB1401EA0612046FFF70C
:10118000BDF94FB1D4E9012138469047206A401C8F
:101190002062C01C206206E0206AFAE7D4E901213F
:1011A00015F8010B9047761EF8D22046FFF7BCF9E0
:1011B000BDE8F0814E414E006E616E00494E460022
:1011C000696E66002DE9F047814616468AB03548BB
:1011D00078440DC88DE80D0032487844801C03AC7B
:1011E0000DC884E80D0041F69B300844372190FB80
:1011F000F1F290FBF1F5A5F1800501FB12041B3C17
:1012000002D56442012000E00020DFF898A080466B
:101210000027FA44AAF1BE0A0EE0E0070AD03246DF
:10122000684607EB470101230AEB810100F048FB08
:101230008DE8070064107F1C002CEED1194F7F440D
:10124000AE3F19E0E80715D007EB04100DF1180ABE
:1012500090E80E008AE80E00C068F04201D19819AB
:1012600008903246012306A903A800F029FB03AB2E
:1012700083E807006D10641C002DE3D14FF00103DB
:1012800032466946B8F1000F03A802D000F003FB14
:1012900001E000F015FBC9E90001C9F808200AB017
:1012A000BDE8F087DCB6010010B500F037F8BDE806
:1012B000104000F02EB87546FFF7DCFEAE46050084
:1012C0006946534620F00700854618B020B5FEF762
:1012D000FBFFBDE820404FF000064FF000074FF045
:1012E00000084FF0000B21F00701AC46ACE8C00944
:1012F000ACE8C009ACE8C009ACE8C0098D4670474D
:1013000010B50446AFF300802046BDE81040FEF75C
:10131000C7BF002801D015F0B8BA704710B5012832
:1013200005D0002103A000F021F8012010BD09A183
:10133000F8E7000053494752544D454D3A204F7548
:1013400074206F662068656170206D656D6F7279BD
:10135000000000003A2048656170206D656D6F7275
:101360007920636F727275707465640070B505469C
:101370000C460A2000E06D1C15F08AFA35B1287879
:101380000028F8D102E0641C15F082FA14B120782C
:101390000028F8D1BDE870400A2015F079BA5FEA5C
:1013A000400C08BF91F0000F4FEA8C234FEAC12296
:1013B00043EA51514FEA1C5018BF00F5F0404FEA84
:1013C000300018BF41F000415FEA6C5C00F02980FA
:1013D000BCF1FF3F08BF40F080407047130C06BFD0
:1013E00012044FF0100C4FF0000C130E04BF120249
:1013F0000CF1080C130F04BF12010CF1040C930F35
:1014000004BF92000CF1020CD30F04BF52000CF188
:10141000010C11464FF00002A0F11F00A0EB0C00E0
:10142000704711F0004F08BF704731F000413FF4A2
:10143000D5AF0B0C06BF09044FF0100C4FF0000C99
:101440000B0E04BF09020CF1080C0B0F04BF0901BD
:101450000CF1040C8B0F04BF89000CF1020CCB0FB4
:1014600004BF49000CF1010CCCF12003A0EB0C00EF
:1014700022FA03F302FA0CF241EA030100F101003F
:10148000704720F07F4C80EA030023F07F47ACEBED
:10149000070303F57C5300F0004003F1FF032DE93F
:1014A00080494FEA154B09B44FEA144325EA0B4E25
:1014B00024EA03480FF2042606EB132749083E7876
:1014C0005FEA320203FB0667C7F5000707FB06F673
:1014D0004FEA54374FEAD64606F1020607FB066C80
:1014E000CCF1005C4FEA1C472CEA074C07FB06F4E2
:1014F0000CFB06F504EB15464FEA961634BF0020A8
:101500004FF000404FEAD13706FB07FC4FEA1C4C76
:101510000CFB0BF7D21B03FB0CF761EB07010CFB79
:101520000EF7B0EB074072EB17420CFB08F734BF25
:10153000A2EB0742B2EB074261EB17414FEA0C44C2
:101540004FEA910706FB07FC4FEA1C4C0CFB0BF71C
:10155000B0EBC74072EB573203FB0CF734BFA2EB82
:10156000C742B2EBC74261EB57310CFB0EF7B0EB51
:10157000C70072EB57720CFB08F734BFA2EBC7022F
:10158000B2EBC70261EB5771039F4FEA816141EAF9
:10159000921104EBCC044FEAD1374FEA826206FB8A
:1015A00007FC42EA90124FEA80604FEA1C4C0CFBA9
:1015B0000BF7D21B03FB0CF761EB07010CFB0EF7DB
:1015C000B0EB074072EB17420CFB08F734BFA2EBFD
:1015D0000742B2EB074261EB17414FEA8C554FEAE5
:1015E000910704EB9C2406FB07FC4FEA1C4C0CFB08
:1015F0000BF7B0EBC74072EB573203FB0CF734BF6D
:10160000A2EBC742B2EBC74261EB57310CFB0EF7BE
:10161000B0EBC70072EB57720CFB08F734BFA2EBBC
:10162000C702B2EBC70261EB577115EB4C254FEACD
:10163000816141EA92114FEA82624FEAD13742EA70
:10164000901206FB07FC44F100044FEA80604FEA69
:101650001C4C0CFB0BF7D21B03FB0CF761EB0701D7
:101660000CFB0EF7B0EB074072EB17420CFB08F7D0
:1016700034BFA2EB0742B2EB074261EB174115EB17
:101680001C154FEA813141EA92414FEA823242EA27
:1016900090424FEA80304FEA0C7644F1000448EA69
:1016A00003434EEA0B484FF0000EB2EB080C71EB0F
:1016B000030724BF624639464EEB0E0E4FF0000B77
:1016C0000018524149414BEB0B0BB2EB080C71EB8C
:1016D00003077BF1000B24BF624639464EEB0E0E2A
:1016E0004FF0000B0018524149414BEB0B0BB2EB92
:1016F000080C71EB03077BF1000B24BF62463946EF
:101700004EEB0E0E51EA020718BF46F0010616EB2B
:101710000E7655F1000254F1000103D5BDE88901B0
:10172000BDE80088BDE88901BDE80048B61952410E
:1017300041EB0101A3F10103704780807F7E7D7C36
:101740007B7A7978777676757473727171706F6E53
:101750006E6D6C6C6B6A6A696868676666656464FE
:10176000636362616160605F5F5E5E5D5D5C5C5B88
:101770005B5A5A59595858575756565555555454F7
:10178000535352525251515050504F4F4F4E4E4D55
:101790004D4D4C4C4C4B4B4B4A4A4A4949494848A1
:1017A00048474747474646464545454444444443E1
:1017B00043434342424242414141002B9C4630D484
:1017C00077002BD01CB54FEA370703B44FF0100059
:1017D0004FF01001BAF1000F06D0BCF1000FDCBFD2
:1017E00040F0080040F008014FF000000FBCBDE8D9
:1017F00010400BF1010BBBF1010F08BF5FEA1707A7
:1018000022BF12F1010211F101014FF0004143F139
:10181000000300F0004043EA00007047F9D3570886
:10182000D0E746EA064613F1400F4FEA16461FDDA1
:1018300013F1200FDFBF16430A46002120335B421D
:10184000BED0C3F1200746EA064602FA07F74FEA80
:10185000164646EA0706C3F1200722FA03F201FA08
:1018600007F721FA03F14FF0000342EA0702A7E766
:1018700046EA020646EA06464FEA164646EA0106E8
:10188000BCBF46EA0646360C4FF000034FF000029C
:101890004FF0000194E72DE9804C9A46934670B4CE
:1018A00091E8380007C831EA400C48BF34EA430CDD
:1018B00003D5FFF7E6FDFFF780FFF0BCBDE8008C25
:1018C0002DE9804C9A46934670B491E8380007C8D9
:1018D00010F0804F08BF13F0804F03D100F005F8DF
:1018E000FFF76BFFF0BCBDE8008C20F07F4780EA7B
:1018F000030023F07F4C07EB0C03A3F57C5300F0AF
:101900000040A3F1FE0392F0000F00F0B38095F0C9
:10191000000F00F077802DE901494FEA11404FEAAE
:10192000144621EA004800FB06FC24EA064708FBAF
:1019300006F607FB08F800FB07F718EB06484CEB28
:10194000164C4FEA124B18EB07484FEA15464CEB82
:10195000174022EA0B4E0BFB06FC25EA06470EFB5E
:1019600006F607FB0EFE0BFB07F71EEB064E4CEBD5
:10197000164C4FF000061EEB074E4CEB174B18EBC6
:101980000B0840F1000018EB0E0B58EB000840F17B
:1019900000008F1A4FF000013CBFC943661B14BF03
:1019A000B5EB040C00213CBFC943F61B4FEA1744BA
:1019B0004EEA8E0E27EA04454FEA1C4704FB0762F5
:1019C0002CEA074C05FB07F70CFB05F604FB0CFCA7
:1019D00016EB074642EB174216EB0C4642EB1C4255
:1019E0001BEB060658EB0202414146EA9E0601D572
:1019F000BDE80189B619524141EB0101A3F1010390
:101A0000BDE801894FEA14454FEA114724EA05462B
:101A100021EA074C05FB07F406FB07F70CFB06F170
:101A200005FB0CFC11EB074144EB17444FEA12474E
:101A300011EB0C4144EB1C4422EA074C05FB07F276
:101A400006FB07F70CFB06F605FB0CFC16EB07463E
:101A500042EB174216EB0C4642EB1C456A1854F158
:101A6000000148BF7047B619524141EB0101A3F193
:101A70000103704795F0000F37D04FEA11424FEA4B
:101A8000144721EA024624EA074C02FB07F106FB51
:101A900007F70CFB06F402FB0CFC14EB074441EBCC
:101AA00017414FEA154714EB0C4441EB1C4125EA62
:101AB000074C02FB07F506FB07F70CFB06F602FBDB
:101AC0000CFC16EB074645EB174516EB0C4645EBB1
:101AD0001C42121951F1000148BF7047B61952411A
:101AE00041EB0101A3F1010370474FEA14454FEAAE
:101AF000114724EA054621EA074C05FB07F106FBDE
:101B000007F70CFB06F24FF0000605FB0CFC12EB8E
:101B1000074241EB174112EB0C4251EB1C4148BF0D
:101B20007047921841EB0101A3F10103704770B5B2
:101B30000546AC6B206C00F0500050BB206C40F4AC
:101B4000007020642068806800F04050E8B9207E72
:101B5000D8B92068C06A00F4700020B1206880689D
:101B600000F4806088B92068406820F02000216877
:101B70004860206C20F480702064206C00F4805059
:101B800018B9206C40F001002064204600F0F6FBFC
:101B90000BE0206C00F0100018B1204600F012FCA1
:101BA00003E0A06BC16C2846884770BD70B5054640
:101BB000AC6B40202064606C40F004006064204600
:101BC00000F000FC70BD70B50446A56B284600F01F
:101BD000D6FB70BD55494A6822F440324A604A68D3
:101BE00043681A434A600268526822F480720368AC
:101BF0005A6002685368026943EA022203685A6025
:101C00000268526822F0407203685A6002685268A3
:101C100083681A4303685A600268926822F400627B
:101C200003689A6002689268C3681A4303689A60FE
:101C30003F4B826A9A4218D00268926822F0706222
:101C400003689A6002689268836A1A4303689A601C
:101C50000268926822F0405203689A6002689268B3
:101C6000C36A1A4303689A600BE00268926822F024
:101C7000706203689A600268926822F040520368BA
:101C80009A600268926822F0020203689A60026811
:101C90009368027E43EA420203689A602022125C43
:101CA000A2B10268526842F4006203685A60026896
:101CB000526822F4604203685A6002685368426ABC
:101CC000521E43EA423203685A6005E002685268D5
:101CD00022F4006203685A600268D26A22F4700239
:101CE0000368DA620268D36A828B521E43EA0252A8
:101CF0000368DA620268926822F4007203689A60EC
:101D00000268936890F8302043EA422203689A60A0
:101D10000268926822F4806203689A60026893689D
:101D2000426943EA822203689A60704700230140B7
:101D30000100000F00BFFEE710B5034800F092FD60
:101D40000EF078FA10BD0000C003002001460878AC
:101D500010381823B0FBF3F20848805CC865032AEA
:101D600005D908686FF30900001D886503E008685D
:101D70006FF309008865886D70470000309F010887
:101D8000014600208A6A8B69CBB932B1012A0DD095
:101D9000022A03D0032A10D10EE000BFCB6A03F061
:101DA0008073B3F1807F00D1012007E0CB6AB3F1EB
:101DB000C07F00D1012001E000E000BF34E08B696A
:101DC000B3F5005F1AD132B1012A07D0022A03D03D
:101DD000032A11D10AE000BF01200EE0CB6A03F014
:101DE0008073B3F1807F00D1012006E0CB6AB3F1AC
:101DF000C07F00D1012000E000BF15E032B1012A10
:101E000005D0022A04D0032A0CD103E000BF00BF92
:101E1000012008E0CB6A03F08073B3F1807F00D12A
:101E2000012000E000BF00BF704730B5046824689F
:101E300024F4802405682C60046863608468402C66
:101E400004D10468A2600468E16003E00468A16052
:101E50000468E26030BD0146002200BF05E00023B7
:101E600001F5617040F82230521C0F2AF7D300228E
:101E700004E0002301F58E708354521CB2F5007FFC
:101E8000F7D3002008704870012088700020C1F846
:101E9000C40301230B7640238B7100234B7681F81A
:101EA0001C33012381F81D33002381F81F3381F88F
:101EB0001E3370477047704710B5012001F0BAF823
:101EC00010BD10B5022001F0B5F810BD10B51020FE
:101ED00001F0B0F810BD10B5202001F0ABF8802063
:101EE00001F0A8F810BD72B600BFFEE730B5044699
:101EF0000D4600222946204600F002F830BD0000C1
:101F0000F0B50346012500241148407A01281CDA67
:101F100000200F4E767A0E4FB8553846467A001D8F
:101F200040F82630001F467A083082553E46707AC7
:101F3000461C7E72044604F1300008703A20487056
:101F40002F2088700020C87000252846F0BD0000B2
:101F50007C30002010B5002201B909E0012901D12F
:101F60000A0205E0022901D10A0201E04FF44072A1
:101F70000E4B1B6823F440730C4C236023461B68F4
:101F80001343236023461B6823F0F8032360234692
:101F90001B68022444EAC0042343044C2360234604
:101FA0001B6843F48033236010BD0000103C0240E6
:101FB0001C48006800F40070B0B11A48006820F4B2
:101FC00000701849086000BF0846006840F40060CF
:101FD00008600846006820F40060086000BF0846FA
:101FE000006840F4007008600E48006800F48060EB
:101FF000B0B10C48006820F480600A49086000BF56
:102000000846006840F4805008600846006820F4E4
:102010008050086000BF0846006840F48060086097
:1020200070470000003C0240074A126822F44072E8
:10203000054B1A601A4612681A601A46126842F076
:1020400001021A6001707047103C024010B50D4942
:10205000096821F440710B4C21602146096841F464
:10206000407121602146096841F001012160026050
:1020700000BF00BF00BFBFF36F8F00BF00BF00BF36
:10208000436010BD103C0240084A126822F44072BE
:10209000064B1A601A46126842F480721A601A4699
:1020A000126842F001021A6001807047103C024041
:1020B000084A126822F44072064B1A601A461268E7
:1020C00042F400721A601A46126842F001021A6065
:1020D00001607047103C02402A48006800F0100080
:1020E00040B12948C06940F010002749C86110205C
:1020F000244908602348006800F0200040B12248CD
:10210000C06940F008002049C86120201D490860CE
:102110001C48006800F0400040B11B48C06940F016
:1021200004001949C8614020164908601548006834
:1021300000F0800040B11448C06940F0020012492C
:10214000C86180200F4908600E48006800F4807064
:1021500048B10D48C06940F001000B49C8614FF417
:102160008070084908600748006800F0020040B12C
:102170000548C06940F020000349C86102200149B8
:10218000086070470C3C02406404002070B50446AF
:10219000002500201449C86101F03EF8054609E019
:1021A000601C38B124B101F037F8401BA04201D9BE
:1021B000032070BD0D48006800F480300028EFD186
:1021C0000A48006800F0010010B1012007490860CA
:1021D0000648006800F4F97018B1FFF77DFF012090
:1021E000E7E70020E5E70000640400200C3C024023
:1021F00038B502460020009000BF92F83C0001284C
:1022000001D1022038BD012082F83C0000BF0868DF
:10221000092816D91068C0680C780A3C04EB4405FC
:102220000724AC40A0431468E0600C780A3C04EB3F
:1022300044048868A0401468E46820431468E0609F
:1022400013E0106800690C7804EB44050724AC40E7
:10225000A043146820610C7804EB44048868A04013
:10226000146824692043146820614868072817D23D
:102270001068406B0C79641E04EB84051F24AC408D
:10228000A04314686063088880B20C79641E04EB74
:102290008404A0401468646B20431468606331E0D8
:1022A00048680D2817D21068006B0C79E41F04EB06
:1022B00084051F24AC40A04314682063088880B2C2
:1022C0000C79E41F04EB8404A0401468246B2043C1
:1022D0001468206316E01068C06A0C790D3C04EBAA
:1022E00084051F24AC40A0431468E062088880B2D3
:1022F0000C790D3C04EB8404A0401468E46A20438C
:102300001468E062194B1A4C1068A04206D10868A4
:10231000122803D1586840F480005860144C1068AB
:10232000A0421CD10868102802D00868112816D1D4
:10233000586840F400005860086810280FD10D4814
:1023400000680D4CB0FBF4F000EB80004000009002
:1023500002E00098401E009000980028F9D100BFCC
:10236000002082F83C0000BF00BF4BE70023014083
:10237000002001403C00002040420F0070477047A1
:1023800070B5044600250CB9012070BD206C40F0EA
:10239000020020642068806820F0010021688860C5
:1023A0002068806800F0010028B9204600F040F85D
:1023B00000206064206400BF002084F83C0000BF5F
:1023C0002846E2E77047000070B5044600250CB9C6
:1023D000012070BD1549A06A884200D000BF206C62
:1023E00030B9204600F044F80020606484F83C00D6
:1023F000206C00F0100088B9206C20F4885040F068
:10240000020020642046FFF7E5FB00206064206C9A
:1024100020F0020040F00100206400E0012500BF30
:10242000002084F83C0000BF2846D2E70100000FDE
:1024300010B504460A492068884210D1094800684E
:1024400020F4807007490860B221074800F0CAFCF8
:102450000121064800F0C6FCA06B00F0CBF910BDCE
:1024600000200140443802400000024000040240C5
:1024700010B586B00446142101A8FEF787FA344946
:102480002068884262D100BF002000903148006877
:1024900040F480702F4908600846006800F480709E
:1024A000009000BF00BF00BF0020009029481438F2
:1024B000006840F0010027491439086008460068A8
:1024C00000F00100009000BF00BF00BF002000909E
:1024D0000846006840F0020008600846006800F006
:1024E0000200009000BF00BFB220019003200290C4
:1024F0000020039001A9184800F0AAFD01200190D6
:10250000032002900020039001A9144800F0A0FDD0
:102510001348144908600020486000211148816078
:10252000C1604FF48061016189004161890081616E
:102530000021C1610162416200F0B4FA08B1FFF705
:10254000D2FC00BF0748A063846300BF06B010BD83
:1025500000200140443802400000024000040240D4
:1025600010640240C003002008B50146002000901E
:1025700000BF91F83C00012801D1022008BD0120D4
:1025800081F83C0000BF0868806800F00100A0B935
:102590000868806840F001000B6898603348006864
:1025A000334BB0FBF3F000EB4000009002E00098EA
:1025B000401E009000980028F9D10868806800F05B
:1025C0000100002848D0086C40F20163984340F4B1
:1025D000807008640868406800F4806028B1086C66
:1025E00020F4005040F480500864086C00F48050DF
:1025F000B0F5805F04D1486C20F00600486401E02B
:102600000020486400BF002081F83C0000BF194A48
:102610006FF022000B681860506800F01F0058B976
:102620000868806800F04050F0B90868806840F0A1
:1026300080400B68986017E00F4B0868984213D1F0
:102640000868806800F0405070B90868806840F001
:1026500080400B68986007E0086C40F01000086448
:10266000486C40F001004864002087E73C000020EF
:1026700040420F000023014000200140F8B504460D
:102680000D4616460020009000BF94F83C0001283B
:1026900001D10220F8BD012084F83C0000BF206871
:1026A000806800F00100A0B92068806840F0010057
:1026B00021688860484800684849B0FBF1F000EBA9
:1026C0004000009002E00098401E00900098002812
:1026D000F9D12068806800F48070B0F5807F05D162
:1026E0002068806820F48070216888602068806895
:1026F00000F00100002865D0206C40F201618843A1
:1027000040F4807020642068406800F4806028B144
:10271000206C20F4005040F480502064206C00F4C1
:102720008050B0F5805F04D1606C20F006006064DA
:1027300001E00020606400BF002084F83C0000BF7E
:10274000274F2848A16BC8632748A16B0864274816
:10275000A16BC8646FF0220021680860206840689F
:1027600040F08060216848602068806840F4807094
:1027700021688860226802F14C0133462A46A06B2A
:1027800000F006FA786800F01F0058B920688068E9
:1027900000F04050F0B92068806840F08040216827
:1027A000886017E012492068884213D12068806849
:1027B00000F0405070B92068806840F08040216887
:1027C000886007E0206C40F010002064606C40F0EE
:1027D0000100606400205DE73C00002040420F00E3
:1027E000002301402F1B0008C71B0008AD1B000879
:1027F0000020014070B504460CB9012070BD94F86A
:102800003500022800D1F9E72068006820F00100B7
:1028100021680860002021680860216848602168FC
:1028200088602168C86021680861212021684861AA
:102830002046FFF78BFA05460020E06320646064C1
:10284000A064E064206594F85C103F208840A86094
:102850000020606584F8350000BF84F8340000BFB4
:1028600000BFCBE7F8B50446002000908C48006814
:102870004FF41651B0FBF1F7A56D2E6894F85C107B
:1028800008208840304098B12068006800F00400BB
:1028900070B12068006820F004002168086094F896
:1028A0005C1008208840A860606D40F00100606501
:1028B00094F85C1001208840304068B1206840697D
:1028C00000F0800040B194F85C1001208840A860BE
:1028D000606D40F00200606594F85C100420884050
:1028E000304068B12068006800F0020040B194F800
:1028F0005C1004208840A860606D40F004006065B2
:1029000094F85C1010208840304078B3206800684C
:1029100000F0080050B394F85C1010208840A860C4
:102920002068006800F4802080B12068006800F40E
:10293000002028B9206CC8B12046216C884715E0DA
:10294000A06C98B12046A16C88470FE02068006811
:1029500000F4807028B92068006820F00800216821
:102960000860206C10B12046216C884794F85C10F8
:10297000202088403040002865D02068006800F0A2
:10298000100000285FD094F85C1020208840A860D8
:1029900094F83500052828D12068006820F016003A
:1029A000216808602068406920F080002168486143
:1029B000206C08B9A06C28B12068006820F00800DD
:1029C0002168086094F85C103F208840A8600120CE
:1029D00084F8350000BF002084F8340000BF206D6B
:1029E00010B12046216D8847F8BD2068006800F4CA
:1029F000802080B12068006800F4002028B9606C55
:102A000010B12046616C88471DE0E06BD8B12046CC
:102A1000E16B884717E02068006800F4807068B9AF
:102A20002068006820F0100021680860012084F808
:102A3000350000BF002084F8340000BFE06B10B107
:102A40002046E16B8847606D38B3606D00F001008F
:102A5000F0B1052084F835002068006820F00100FE
:102A60002168086000BF0098401C0090B84200D95F
:102A700005E02068006800F001000028F3D100BFE5
:102A8000012084F8350000BF002084F8340000BF26
:102A9000E06C10B12046E16C884700BFA4E700005D
:102AA0003C0000202DE9F0410446002500F0B4FB75
:102AB000074614B90120BDE8F081606A00B100BF8B
:102AC000022084F8350000BF002084F8340000BFE5
:102AD0002068006820F00100216808600AE000F02A
:102AE0009BFBC01B052805D920206065032084F8C6
:102AF0003500E0E72068006800F001000028EED112
:102B00002068056821480540D4E901010843E168CF
:102B100008432169084361690843A1690843E169E1
:102B20000843216A08430543606A042803D1D4E9B5
:102B30000B0108430543206805602068456925F0BE
:102B40000705606A0543606A04280DD1A06A054341
:102B5000E06A48B12046FFF713F928B140206065CC
:102B6000012084F83500A6E7206845612046FFF77C
:102B7000EDF8064694F85C103F208840B0600020D5
:102B80006065012084F83500002094E73F8010F054
:102B90002DE9F04704460D4616461F464FF0000843
:102BA000D4F8589000BF94F83400012802D10220D4
:102BB000BDE8F087012084F8340000BF94F83500A8
:102BC000012825D1022084F83500002060653B46AD
:102BD000324629462046FFF728F994F85C103F203A
:102BE0008840C9F808002068006840F01600216895
:102BF0000860206C28B12068006840F00800216857
:102C000008602068006840F001002168086006E064
:102C100000BF002084F8340000BF4FF00208404697
:102C2000C6E7000070B5044600F0F6FA06462546F1
:102C3000681C10B104480078054400BF00F0ECFAAD
:102C4000801BA842FAD370BD380000202DE9F04166
:102C500004460E460127002500BF2548007E0128B6
:102C600002D10220BDE8F08101202149087600BF91
:102C70004CF25030FFF78AFA0746002F31D1401E40
:102C80003060206801280FD1207C61680DF0D8F9F0
:102C90004CF25030FFF77AFA07461648006820F0E9
:102CA0000400144908601AE0A56812E0217C284657
:102CB000FFF750F94CF25030FFF768FA07460D481D
:102CC000006820F0FA000B4908600FB1356005E09C
:102CD0006D1CD4E902100844A842E7D800BFFFF7F2
:102CE00067F900BF00200249087600BF3846B9E7FF
:102CF00064040020103C02400148C0697047000095
:102D0000640400200348006840F000400149086066
:102D100000207047103C02402DE9F04106460F4666
:102D200014461D464FF0010800BF1F48007E0128D1
:102D300002D10220BDE8F08101201B49087600BFC6
:102D40004CF25030FFF722FA8046B8F1000F23D141
:102D500026B9E1B23846FFF767F912E0012E04D137
:102D6000A1B23846FFF790F90BE0022E04D12146BC
:102D70003846FFF79DF904E022462B463846FFF718
:102D800065F94CF25030FFF701FA804607480068B9
:102D900020F001000549086000BF002002490876C4
:102DA00000BF4046C6E7000064040020103C02401B
:102DB00000200949096801F0004159B10749064A54
:102DC0000C3A1160064911600349096801F000419D
:102DD00001B1012070470000103C0240230167450B
:102DE000AB89EFCDF0B50C46002500220023002171
:102DF00081E0012606FA01F504EA0502AA4279D12A
:102E00003F4E8F0856F827308E07370F0F26BE40EB
:102E100033403C4EB04201D1002614E03A4EB0425D
:102E200001D101260FE0394EB04201D102260AE05D
:102E3000374EB04201D1032605E0364EB04201D1F3
:102E4000042600E007268F073F0FBE409E4222D196
:102E5000314E36689643304F3E603E1D366896438D
:102E60003F1D3E603E1D366896433F1D3E603E1D41
:102E7000366896433F1D3E608E07370F0F2606FAD1
:102E800007F31F4E8F0856F827609E431C4F4FEAEA
:102E9000910C47F82C6006684FEA410C032707FAAB
:102EA0000CF7BE430660CF0800F1200656F82760F5
:102EB0004F074FEAD76C0F2707FA0CF7BE434FEACC
:102EC000D10C00F1200747F82C60C6684FEA410C8E
:102ED000032707FA0CF7BE43C660466801278F40F8
:102EE000BE43466086684FEA410C032707FA0CF799
:102EF000BE438660491C1029FFF47BAFF0BD000083
:102F0000083801400000024000040240000802406E
:102F1000000C024000100240003C014010B5044685
:102F2000102C35D004DC012C5AD0022C6CD11BE0C3
:102F3000202C41D0802C67D1344800783449087067
:102F400080223449344812F0D7FB30B1012008F018
:102F50003BFA01203149887305E0002008F034FA7B
:102F600000202E4988734FE02D48007828490870CA
:102F700002222849284812F0BFFB18B10121274836
:102F8000C17302E000212548C17308F0D5FB3BE086
:102F9000244800781E49087010221E491E4812F06D
:102FA000ABFB18B101211D48017402E000211B4850
:102FB000017408F0C1FB27E01B4800781449087031
:102FC00020221449144812F097FB18B1012113482C
:102FD000417402E000211148417408F0ADFB13E098
:102FE000124800780A490870012211490A4812F073
:102FF00083FB18B101210948817402E000210748D0
:10300000817408F099FB00BF00BF10BDD4010020FF
:10301000400200200000024070000020C831002063
:10302000D8010020DC010020E0010020E4010020A4
:103030000004024010B5044604480068204020B156
:10304000024804602046FFF769FF10BD143C0140B0
:10305000F8B502460B460025002400200021C6E0FA
:10306000012606FA01F51E6806EA0504AC4274D191
:103070001E7906F00306012E04D01E7906F0030621
:10308000022E13D190684F000326BE40B0434F007C
:10309000DE68BE4030439060506801268E40B043E9
:1030A0001E79C6F300168E40304350601E7906F03C
:1030B0000306032E09D0D0684F000326BE40B0435C
:1030C0004F009E68BE403043D0601E7906F0030674
:1030D000022E13D1CF0802F1200656F827004E0722
:1030E000F70E0F26BE40B0434F07FF0E1E69BE40CD
:1030F0003043CF0802F1200646F8270010684F0041
:103100000326BE40B0431E7906F003064F00BE40C2
:10311000304310605E6806F44036002E66D000BF73
:1031200000260096344E366846F48046324F3E60A4
:103130003E46366806F48046009600BF00BF2F4E1C
:103140008F0856F827008E07370F0F26BE40B04372
:103150002B4EB24202D1002615E047E0294EB24282
:1031600001D101260FE0284EB24201D102260AE029
:10317000264EB24201D1032605E0254EB24201D1CE
:10318000042600E007268F073F0FBE4030431B4E4A
:103190008F0846F827001F4E3068A0435E6806F48B
:1031A000803606B120431B4E3060361D3068A04388
:1031B0005E6806F4003606B12043164E361D3060B8
:1031C000361D3068A0435E6806F4801606B12043C1
:1031D000104E08363060361D3068A0435E6806F435
:1031E000001606B120430B4E0C363060491C1029E6
:1031F000FFF436AFF8BD0000443802400838014003
:10320000000002400004024000080240000C02409E
:1032100000100240003C0140014800687047000077
:103220003000002010B50446D4F8000303F0B0F8D5
:1032300010BD10B50446D4F8000303F0B4F810BD77
:1032400010B50446206804F05FFF10BD10B50446B9
:10325000206804F060FF10BD024601EB410000EB66
:10326000C10302F1380000EB830090F8280070479A
:10327000024601EB410000EBC10302F1380000EB14
:1032800083008069704770B504460D46002600BF74
:1032900094F8F802012801D1022070BD012084F8C1
:1032A000F80200BF2946206804F046FF00BF002056
:1032B00084F8F80200BF3046EFE72DE9FE4F0446E0
:1032C0000D4616461F46DDE90D9ADDF8308000BF39
:1032D00094F8F802012802D10220BDE8FE8F0120F7
:1032E00084F8F80200BF002105EB450000EBC502A1
:1032F00004F1380000EB8200417105EB450000EB62
:10330000C50104F1380000F8217005EB450000EB21
:10331000C50104F1380000EB8100A0F808A005EB1E
:10332000450000EBC50104F1380000EB8100457059
:1033300005EB450000EBC50104F1380000EB81000E
:1033400080F8079006F07F0105EB450000EBC50211
:1033500004F1380000EB8200817006F080008028C4
:103360000AD1012105EB450000EBC50204F138004C
:1033700000EB8200C17009E0002105EB450000EB85
:10338000C50204F1380000EB8200C17005EB450076
:1033900000EBC50104F1380000EB810080F80480E7
:1033A0008DE800073B4632462946206804F09CFF22
:1033B000834600BF002084F8F80200BF58468CE71F
:1033C00070472DE9F05F04460D4616461F46DDE9BD
:1033D0000C9BDDE90A8A05EB450000EBC50104F111
:1033E000380000EB8100C67005EB450000EBC5011D
:1033F00004F1380000EB8100C771B8F1000F14D15F
:10340000032105EB450000EBC50204F1380000EB99
:103410008200817205EB450000EBC50104F1380024
:1034200000EB810080F805B009E0022105EB4500C2
:1034300000EBC50204F1380000EB8200817237B165
:10344000012F76D0022F33D0032F73D173E0B8F160
:10345000010F2CD106BBB9F1000F09D1012105EBF9
:10346000450000EBC50204F1380000EB8200417713
:1034700005EB450000EBC50104F1380000EB8100CD
:10348000407F50B9002105EB450000EBC50204F177
:10349000380000EB8200817209E0022105EB450053
:1034A00000EBC50204F1380000EB820081728FE06E
:1034B000FEB905EB450000EBC50104F1380000EB57
:1034C0008100407F50B9002105EB450000EBC502AB
:1034D00004F1380000EB8200817229E0022105EB43
:1034E000450000EBC50204F1380000EB8200817258
:1034F0001EE005EB450000EBC50104F1380000EBD0
:103500008100007F50B9002105EB450000EBC502AA
:1035100004F1380000EB8200817209E0022105EB22
:10352000450000EBC50204F1380000EB8200817217
:103530004EE041E04BE0FEB905EB450000EBC50174
:1035400004F1380000EB8100407F50B9002105EB09
:10355000450000EBC50204F1380000EB82008172E7
:1035600029E0022105EB450000EBC50204F138001B
:1035700000EB820081721EE005EB450000EBC50107
:1035800004F1380000EB8100007F50B9002105EB09
:10359000450000EBC50204F1380000EB82008172A7
:1035A00009E0022105EB450000EBC50204F13800FB
:1035B00000EB820081720BE0002105EB450000EB7F
:1035C000C50204F1380000EB8200817200E000BF08
:1035D00000BF05EB450000EBC50104F1380000EB2E
:1035E0008100C0F80CA005EB450000EBC50104F11B
:1035F000380000EB8100C0F81490002105EB450075
:1036000000EBC50204F1380000EB820080F82810BE
:1036100005EB450000EBC50204F1380000EB820029
:10362000816105EB450000EBC50104F1380000EBBA
:1036300081004570002105EB450000EBC50204F157
:10364000380000EB820080F82910227C05EB45034E
:1036500003EBC50C04F1380303EB8C01206804F084
:103660001DFFBDE8F09F2DE9F04104462768B846EC
:10367000206804F05CFD01287DD1206805F090F8F9
:1036800008B9BDE8F081206805F08AF800F4001060
:10369000B0F5001F03D14FF4001021684861206885
:1036A00005F07EF800F48010B0F5801F03D14FF4D0
:1036B000801021684861206805F072F800F0806091
:1036C000B0F1806F03D14FF08060216848612068BD
:1036D00005F066F800F00200022801D12168486177
:1036E000206805F05DF800F00050B0F1005F16D1E1
:1036F0004FF0005021684861D8F8400400F0010004
:1037000068B91021384604F0E5FC384604F0CAFCDC
:103710000121206805F022F82046FFF78AFD206885
:1037200005F03EF800F08070B0F1807F02D12046B5
:1037300001F0EBFD206805F033F800F008000828E0
:1037400005D1204600F0EEF8082021684861206885
:1037500005F026F8C0F3001080B12068806920F0E1
:10376000100021688861204601F02AFE20688069E7
:1037700040F0100000E030E021688861206805F02A
:103780000FF800F00070B0F1007F26D1206804F03F
:103790007DFE0646002519E005F00F010120884056
:1037A000304090B108F5A06000EB4510006800F4CF
:1037B0000040B0F5004F04D1E9B2204600F051FEC0
:1037C00003E0E9B2204601F0FDF96D1CA068A842B3
:1037D000E2D84FF000702168486100BF51E730B572
:1037E0008BB0044614B901200BB030BD256894F8A5
:1037F000F90228B9002084F8F802204600F02AF8DF
:10380000032084F8F902E86B00F4807008B9002105
:103810002161206804F0F0FB282204F110016846C1
:10382000FDF758F894E80F0004F07AFB01212068B6
:1038300005F009F8282204F110016846FDF74AF85E
:1038400094E80F0004F012FF012084F8F902002030
:10385000CAE7000010B586B00446142101A8FDF7A0
:1038600095F82068B0F1A04F42D100BF0020009031
:103870002048006840F001001E49086008460068C2
:1038800000F00100009000BF00BF4FF4C050019055
:103890000220029000200390032004900A2005904B
:1038A00001A91548FFF7D4FB00BF1248001D0068AE
:1038B00040F080000F49091D086000BF0020009003
:1038C0000C481430006840F480400A491431086004
:1038D0000846006800F48040009000BF00BF00BFB1
:1038E00000221146432000F015F9432000F002F9B0
:1038F00006B010BD303802400000024010B504464A
:10390000D4F8000302F018FE10BD10B50446D4F838
:10391000000302F015FE10BD10B50446206804F047
:1039200074FF10BD10B50446D4F8000302F0ACFDDE
:1039300010BD10B5044600BF94F8F802012801D16B
:10394000022010BD012084F8F80200BF0121206888
:1039500004F07CFB206804F09EFB00BF002084F88C
:10396000F80200BF00BFECE710B5044600BF94F8B2
:10397000F802012801D1022010BD012084F8F802CC
:1039800000BF206804F093FF00BF002084F8F80215
:1039900000BF00BFF0E710B504460CB9012010BD10
:1039A00094F83D0028B9002084F83C00204600F03F
:1039B000ABFC242084F83D002068C06820F400504F
:1039C0002168C860204601F049FF2068006920F4A2
:1039D0009040216808612068406920F02200216839
:1039E00048612068406940F008002168486120680B
:1039F000C06840F400502168C86000202064202086
:103A000084F83D0084F83E000020C8E703480068C1
:103A100003490978084401490860704730000020D4
:103A20003800002010B50D48006840F400700B49C4
:103A300008600846006840F4806008600846006836
:103A400040F480700860032000F0A2F80F2000F01E
:103A500007F800F02BF8002010BD0000003C0240E9
:103A600070B504460E4800784FF47A71B1FBF0F05F
:103A70000C490968B1FBF0F5284600F02BFC08B1B1
:103A8000012070BD102C07D200222146501E00F0EC
:103A900041F80548046001E00120F2E70020F0E76A
:103AA000380000203C0000203400002008B500BF92
:103AB000002000900E48006840F480400C490860E7
:103AC0000846006800F48040009000BF00BF00BFBF
:103AD00000200090081F006840F08050091F086017
:103AE0000846006800F08050009000BF00BF08BD8D
:103AF0004438024001460846002809DB00F01F0355
:103B000001229A4043099B0003F1E023C3F80021FE
:103B100000BF70472DE9F05F80460D46164600272E
:103B200012F090FE074639462A46334601F0070058
:103B3000C0F1070ABAF1040F02D94FF0040A01E0FC
:103B4000C0F1070AD14600F1040ABAF1070F02D208
:103B50004FF0000A01E0A0F1030AD4464FF0010A39
:103B60000AFA09FAAAF1010A0AEA020A0AFA0CFA9E
:103B70004FF0010B0BFA0CFBABF1010B0BEA030B43
:103B80004AEA0B042146404612F064FEBDE8F09F6D
:103B900000BF00F00702064B19684FF6FF031940FB
:103BA000044B0B4343EA0221014B196000BF7047ED
:103BB0000CED00E00000FA0570B504460D460CB9A6
:103BC000012070BD5848006800F00700A84209D2E3
:103BD00055490D700846006800F00700A84201D062
:103BE0000120EEE7207800F0020002281DD12078A5
:103BF00000F00400042805D14C48006840F4E0506F
:103C00004A490860207800F00800082805D1474894
:103C1000006840F46040454908604448006820F06E
:103C2000F000A168084341490860207800F00100D5
:103C3000A8B36068012807D13C4808380068C0F381
:103C40004040B8B90120BCE76068022802D0606833
:103C5000032807D1354808380068C0F3406048B9E8
:103C60000120AEE7314808380068C0F3400008B9C9
:103C70000120A6E72D48006820F003006168084392
:103C80002A490860FFF7C8FA064609E0FFF7C4FAB8
:103C9000801B41F28831884202D9032091E707E076
:103CA0002248006800F00C006168B0EB810FEDD194
:103CB0001D48006800F00700A84209D91A490D7094
:103CC0000846006800F00700A84201D0012078E70C
:103CD000207800F00400042807D11448006820F47C
:103CE000E050E168084311490860207800F00800BE
:103CF000082808D10D48006820F46040216940EA96
:103D0000C1000A49086000F03FF808490968C1F39A
:103D10000311074A515CC84006490860064800681C
:103D2000FFF79EFE00204CE7003C024008380240AE
:103D3000389F01083C000020340000200148006842
:103D4000704700003C00002000B5FFF7F7FF044972
:103D50000968C1F38221034A515CC84000BD0000DC
:103D600008380240489F010800B5FFF7E7FF044903
:103D70000968C1F34231034A515CC84000BD0000EC
:103D800008380240489F01082DE9F047002400252B
:103D90000026A1462548006800F00C0020B1042848
:103DA00005D008283AD105E0DFF8849039E0DFF843
:103DB000849036E01D48001F006800F03F041B4857
:103DC000001F006800F4800078B11A481749091FE5
:103DD0000968C1F38811A0FB017001462246002347
:103DE0003846FCF7DAFA05460EE011480F49091F7C
:103DF0000968C1F38811A0FB017001462246002327
:103E00003846FCF7CAFA05460848001F0068C0F3A8
:103E10000140401C4600B5FBF6F902E0DFF81090C7
:103E200000BF00BF4846BDE8F087000008380240E8
:103E30000024F40040787D01F8B504460CB9012057
:103E4000F8BD207800F00100002874D0F94800681F
:103E500000F00C0004280DD0F648006800F00C00BB
:103E6000082813D1F348001F006800F48000B0F563
:103E7000800F0BD1EF4808380068C0F3404000289D
:103E800059D06068002856D10120D9E700BF60688A
:103E9000B0F5803F08D1E7480838006840F480302A
:103EA000E449083908601EE06068B0F5A02F0DD124
:103EB000E0480838006840F48020DE49083908608E
:103EC0000846006840F4803008600CE0D9480838A3
:103ED000006820F48030D749083908600846006837
:103EE00020F48020086000BF606890B1FFF794F96B
:103EF000054606E0FFF790F9401B642801D903202E
:103F00009EE7CC4808380068C0F340400028F1D054
:103F100011E0FFF781F9054606E0FFF77DF9401B48
:103F2000642801D903208BE7C24808380068C0F331
:103F300040400028F1D1207800F0020002285FD133
:103F4000BC48006800F00C0058B1BA48006800F0A6
:103F50000C0008281CD1B748001F006800F480003E
:103F6000B0B9B44808380068C0F3400020B1E06838
:103F7000012801D0012063E7AE480838006820F02E
:103F8000F800216940EAC100AA490839086037E011
:103F9000E06800B30120A8490860FFF73DF9054635
:103FA00006E0FFF739F9401B022801D9032047E753
:103FB000A04808380068C0F340000028F1D09D48B0
:103FC0000838006820F0F800216940EAC1009949EA
:103FD0000839086014E0002097490860FFF71CF9D1
:103FE000054606E0FFF718F9401B022801D9032017
:103FF00026E7904808380068C0F340000028F1D157
:10400000207800F0080008282CD16069A8B10120B0
:104010008A490860FFF700F9054606E0FFF7FCF85B
:10402000401B022801D903200AE782486C3000684F
:10403000C0F340000028F1D014E000207F49086060
:10404000FFF7EAF8054606E0FFF7E6F8401B02280E
:1040500001D90320F4E677486C300068C0F34000D3
:104060000028F1D1207800F00400042870D1002746
:1040700070483830006800F0805090B900BF0020D0
:1040800000906C483830006840F080506949383101
:1040900008600846006800F08050009000BF00BF34
:1040A00001276748006800F48070B0B96448006870
:1040B00040F4807062490860FFF7AEF8054606E0FC
:1040C000FFF7AAF8401B022801D90320B8E65C4894
:1040D000006800F480700028F2D000BFA0680128BA
:1040E00008D154486830006840F0010051496831F7
:1040F00008601DE0A06805280DD14E4868300068B2
:1041000040F004004B49683108600846006840F000
:10411000010008600CE047486830006820F00100AA
:104120004449683108600846006820F004000860CF
:1041300000BFA068A8B1FFF76FF8054609E0FFF7D8
:104140006BF8401B41F28831884202D9032077E6A0
:1041500026E0384868300068C0F340000028EED000
:1041600013E0FFF759F8054608E0FFF755F8401B44
:1041700041F28831884201D9032061E62D48683038
:104180000068C0F340000028EFD1012F07D1294873
:104190003830006820F0805026493831086000BF70
:1041A000A069002845D02348006800F00C000828CA
:1041B0005DD0A069022845D100201F490866FFF79D
:1041C0002BF8054606E0FFF727F8401B022801D927
:1041D000032035E6174808380068C0F3406000281F
:1041E000F1D1D4E907010843616A40EA8111012253
:1041F000A06AC2EB500041EA00412C20005D41EA78
:1042000000600C49091F086001200B490866FFF790
:1042100003F8054606E0FEF7FFFF401B022801D920
:1042200003200DE6034808380068C0F3406000280A
:10423000F1D049E00838024000004742800E474272
:1042400000700040002021490866FEF7E5FF0546A2
:1042500006E0FEF7E1FF401B022801D90320EFE54D
:104260001B480068C0F340600028F2D12CE0A06930
:10427000012800D1E4E51648001D0668A069012860
:1042800020D006F48001E06981421BD106F03F0195
:10429000206A814216D147F6C0703040616AB0EBA7
:1042A000811F0FD106F440310122A06AC2EB5000F9
:1042B000B1EB004F06D106F070612C20005DB1EB30
:1042C000006F01D00120BBE50020B9E500004742A6
:1042D0000038024070B504462546681EB0F1807F64
:1042E00001D301200FE0681E4FF0E02148610F214B
:1042F0004FF0FF3012F0AEFA00204FF0E02188615D
:1043000007200861002070BD10B586B00446142156
:1043100001A8FCF73BFB1B49206888422FD100BF56
:10432000002000901848006840F01000164908600E
:104330000846006800F01000009000BF00BF00BFFA
:104340000020009010481438006840F002000E4928
:10435000143908600846006800F00200009000BFB1
:1043600000BF402001901220029001200390032002
:1043700004900720059001A90448FEF769FE06B0E5
:1043800010BD00000010014044380240000402400B
:104390002DE9F84F04460E46174699464FF0000A9D
:1043A00094F83D0020285AD106B117B90120BDE884
:1043B000F88F00BF94F83C00012801D10220F6E7F5
:1043C000012084F83C0000BF00202064212084F8F4
:1043D0003D00FEF721FF8246A784E784A068B0F580
:1043E000805F04D1206910B90025B04602E035464F
:1043F0004FF0000800BF002084F83C0000BF1BE025
:104400005346002280212046CDF8009001F03CFB6D
:1044100008B10320CBE745B9B8F80000C0F30800A5
:104420002168486008F1020803E0287821684860A4
:104430006D1CE08C401EE084E08C0028E0D15346E7
:10444000002240212046CDF8009001F01DFB08B16C
:104450000320ACE7202084F83D000020A7E70220DD
:10446000A5E72DE9F04705468846D5F800904E4669
:10447000444606F5A06000EB4410806800F004009C
:10448000042812D1042106F5A06000EB44108160DD
:1044900006F5A06000EB4410C06840F0020106F58C
:1044A000A06000EB4410C160C9E006F5A06000EB1D
:1044B0004410806800F48070B0F5807F22D14FF402
:1044C000807106F5A06000EB44108160072104EBC9
:1044D000440000EBC40205F1380000EB820080F8D4
:1044E000291006F5A06000EB4410C06840F00201FE
:1044F00006F5A06000EB4410C160E1B2286803F04B
:104500001BFE9CE006F5A06000EB4410806800F004
:104510002000202806D1202106F5A06000EB4410E1
:1045200081608CE006F5A06000EB4410806800F02C
:104530000800082827D106F5A06000EB4410C068E9
:1045400040F0020106F5A06000EB4410C1600521B7
:1045500004EB440000EBC40205F1380000EB8200DC
:1045600080F82910102106F5A06000EB441081604E
:10457000082106F5A06000EB44108160E1B22868D4
:1045800003F0DAFD5BE006F5A06000EB4410806804
:1045900000F48060B0F5806F27D106F5A06000EBD5
:1045A0004410C06840F0020106F5A06000EB441022
:1045B000C160082104EB440000EBC40205F138009F
:1045C00000EB820080F82910102106F5A06000EBB6
:1045D00044108160890106F5A06000EB4410816001
:1045E000E1B2286803F0A8FD29E006F5A06000EB21
:1045F0004410806800F08000802820D106F5A0607B
:1046000000EB4410C06840F0020106F5A06000EB2A
:104610004410C160062104EB440000EBC40205F124
:10462000380000EB820080F82910E1B2286803F01E
:1046300083FD802106F5A06000EB4410816006F543
:10464000A06000EB4410806800F40070B0F5007FBB
:1046500017D106F5A06000EB4410C06840F00201DD
:1046600006F5A06000EB4410C160E1B2286803F0D9
:1046700063FD4FF4007106F5A06000EB441081600B
:104680009EE206F5A06000EB4410806800F0010097
:1046900000287DD02869C8B104EB440000EBC401B8
:1046A00005F1380000EB8100016906F5A06000EB20
:1046B00044100069C0F31200091A04EB440000EB37
:1046C000C40205F1380000EB82008161012104EB96
:1046D000440000EBC40205F1380000EB820080F8D2
:1046E0002910002104EB440000EBC40205F138005E
:1046F00000EB82004162012106F5A06000EB44104E
:10470000816004EB440000EBC40105F1380000EBCC
:104710008100C07950B104EB440000EBC40105F105
:10472000380000EB8100C079022816D106F5A060A0
:1047300000EB4410C06840F0020106F5A06000EBF9
:104740004410C160E1B2286803F0F6FC102106F5C0
:10475000A06000EB441081606AE004EB440000EBD1
:10476000C40105F1380000EB8100C079032827D18E
:1047700006F5A06000EB4410006840F0005106F51B
:10478000A06000EB44100160012104EB440000E054
:1047900093E000EBC40205F1380000EB820080F8E2
:1047A000281004EB440000EBC40305F1380000EBD3
:1047B000830090F82820E1B22846FEF701FE37E09A
:1047C00004EB440000EBC40105F1380000EB81006C
:1047D000C07901282CD1012104EB440000EBC40274
:1047E00005F1380000EB820080F8281004EB44004B
:1047F00000EBC40105F1380000EB8100007F80F080
:10480000010104EB440000EBC40205F1380000EBA9
:104810008200017704EB440000EBC40305F138008B
:1048200000EB830090F82820E1B22846FEF7C8FD8F
:10483000286901282CD104EB440000EBC40105F1E8
:10484000380000EB8100016904EB440000EBC40276
:1048500005F1380000EB82000089B1FBF0F000F0B8
:104860000100002813D004EB440000EBC40105F163
:10487000380000EB8100007F80F0010104EB440070
:1048800000EBC40205F1380000EB8200017797E1EC
:1048900004EB440000EBC40105F1380000EB81009B
:1048A000007F80F0010104EB440000EBC40205F13D
:1048B000380000EB8200017782E106F5A06000EB92
:1048C0004410806800F0020002287DD106F5A06047
:1048D00000EB4410C06820F0020106F5A06000EB78
:1048E0004410C16004EB440000EBC40105F1380042
:1048F00000EB810090F8290001280BD1012104EB85
:10490000440000EBC40205F1380000EB820080F89F
:104910002810CFE004EB440000EBC40105F138009F
:1049200000EB810090F8290005280BD1052104EB4C
:10493000440000EBC40205F1380000EB820080F86F
:104940002810B7E004EB440000EBC40105F1380087
:1049500000EB810090F8290006280BD004EB4400FE
:1049600000EBC40105F1380000EB810090F829004C
:1049700008284FD104EB440000EBC40105F13800D6
:1049800000EB8100406A401C04EB440101EBC402CF
:1049900005F1380101EB8201486204EB440000EBB1
:1049A000C40105F1380000EB8100406A022817D9E4
:1049B000002104EB440000EBC40205F1380000EBD9
:1049C00082004162042100E089E004EB440000EB36
:1049D000C40205F1380000EB820080F8281069E07D
:1049E000022104EB440000EBC40205F1380000EBA7
:1049F000820080F8281006F5A06000EB44100768DC
:104A000027F0804747F0004706F5A06000EB441010
:104A100007604FE004EB440000EBC40105F13800EF
:104A200000EB810090F82900032819D1022104EB42
:104A3000440000EBC40205F1380000EB820080F86E
:104A4000281006F5A06000EB4410076827F08047A7
:104A500047F0004706F5A06000EB4410076029E02E
:104A600004EB440000EBC40105F1380000EB8100C9
:104A700090F8290007281DD104EB440000EBC40185
:104A800005F1380000EB8100406A401C04EB440152
:104A900001EBC40205F1380101EB820148620421F7
:104AA00004EB440000EBC40205F1380000EB820087
:104AB00080F82810022106F5A06000EB4410816008
:104AC00004EB440000EBC40305F1380000EB830065
:104AD00090F82820E1B22846FEF772FC70E006F557
:104AE000A06000EB4410806800F01000102867D12F
:104AF00004EB440000EBC40105F1380000EB810039
:104B0000C07903281AD1002104EB440000EBC40251
:104B100005F1380000EB8200416206F5A06000EB71
:104B20004410C06840F0020106F5A06000EB44109C
:104B3000C160E1B2286803F0FFFA3BE004EB4400F7
:104B400000EBC40105F1380000EB8100C07950B1E1
:104B500004EB440000EBC40105F1380000EB8100D8
:104B6000C079022826D1002104EB440000EBC402E6
:104B700005F1380000EB820041622869D0B90321B9
:104B800004EB440000EBC40205F1380000EB8200A6
:104B900080F8291006F5A06000EB4410C06840F0D2
:104BA000020106F5A06000EB4410C160E1B2286884
:104BB00003F0C2FA102106F5A06000EB44108160FA
:104BC000BDE8F0872DE9F04705460F46D5F800907F
:104BD0004E463C4606F5A06000EB4410806800F0AD
:104BE0000400042812D1042106F5A06000EB441053
:104BF000816006F5A06000EB4410C06840F002013F
:104C000006F5A06000EB4410C1607CE306F5A060EF
:104C100000EB4410806800F02000202836D12021CD
:104C200006F5A06000EB4410816004EB440000EB4B
:104C3000C40105F1380000EB810040790128E4D17E
:104C4000002104EB440000EBC40205F1380000EB46
:104C500082004171022104EB440000EBC40205F123
:104C6000380000EB820080F8281006F5A06000EB09
:104C70004410C06840F0020106F5A06000EB44104B
:104C8000C160E1B2286803F057FA3CE306F5A06082
:104C900000EB4410806800F40070B0F5007F17D17D
:104CA00006F5A06000EB4410C06840F0020106F574
:104CB000A06000EB4410C160E1B2286803F03CFA48
:104CC0004FF4007106F5A06000EB441081601AE318
:104CD00006F5A06000EB4410806800F00100E8B326
:104CE000002104EB440000EBC40205F1380000EBA6
:104CF0008200416206F5A06000EB4410806800F07D
:104D0000400040280FD1012104EB440000EBC40215
:104D100005F1380000EB82004171402106F5A060EA
:104D200000EB4410816006F5A06000EB4410C06801
:104D300040F0020106F5A06000EB4410C160E1B252
:104D4000286803F0F9F9012106F5A06000EB441092
:104D5000816004EB440000EBC40200E006E005F1D2
:104D6000380000EB820080F82910CCE206F5A06044
:104D700000EB4410806800F04000402835D1042149
:104D800004EB440000EBC40205F1380000EB8200A4
:104D900080F82910012104EB440000EBC40205F166
:104DA000380000EB82004171002104EB440000EB6D
:104DB000C40205F1380000EB8200416206F5A060F4
:104DC00000EB4410C06840F0020106F5A06000EB63
:104DD0004410C160E1B2286803F0AEF9402106F545
:104DE000A06000EB441081608DE206F5A06000EB4E
:104DF0004410806800F00800082821D1082106F539
:104E0000A06000EB4410816006F5A06000EB441048
:104E1000C06840F0020106F5A06000EB4410C160DC
:104E2000E1B2286803F088F9052104EB440000EBA7
:104E3000C40205F1380000EB820080F8291062E21C
:104E400006F5A06000EB4410806800F01000102808
:104E500049D1002104EB440000EBC40205F1380005
:104E600000EB82004162032104EB440000EBC4022A
:104E700005F1380000EB820080F8291004EB4400B3
:104E800000EBC40105F1380000EB8100407998B9CE
:104E900004EB440000EBC40105F1380000EB810095
:104EA000007948B9012104EB440000EBC40205F18C
:104EB000380000EB8200417106F5A06000EB441061
:104EC000C06840F0020106F5A06000EB4410C1602C
:104ED000E1B2286803F030F9102106F5A06000EB7C
:104EE000441081600FE206F5A06000EB441080687A
:104EF00000F08000802872D12869D8B9062104EB1F
:104F0000440000EBC40205F1380000EB820080F899
:104F1000291006F5A06000EB4410C06840F00201C3
:104F200006F5A06000EB4410C160E1B2286803F010
:104F300003F94CE004EB440000EBC40105F1380038
:104F400000EB8100406A401C04EB440101EBC40209
:104F500005F1380101EB8201486204EB440000EBEB
:104F6000C40105F1380000EB8100406A022823D912
:104F7000002104EB440000EBC40205F1380000EB13
:104F800082004162042104EB440000EBC40205F1FD
:104F9000380000EB820080F8281004EB440000EB9E
:104FA000C40305F1380000EB830090F82820E1B23B
:104FB0002846FEF705FA0AE0022104EB440000EB64
:104FC000C40205F1380000EB820080F8281080212F
:104FD00006F5A06000EB4410816094E1FFE706F560
:104FE000A06000EB4410806800F48060B0F5806F32
:104FF00027D106F5A06000EB4410C06840F0020124
:1050000006F5A06000EB4410C160E1B2286803F02F
:1050100093F8102106F5A06000EB4410816089012F
:1050200006F5A06000EB44108160082104EB440009
:1050300000EBC40205F1380000EB820080F8291073
:1050400061E106F5A06000EB4410806800F002000A
:105050000228C2D106F5A06000EB4410C06820F021
:10506000020106F5A06000EB4410C16004EB4400AF
:1050700000EBC40105F1380000EB810090F8290035
:1050800001287DD1012104EB440000EBC40205F1AD
:10509000380000EB820080F8281004EB440000EB9D
:1050A000C40105F1380000EB8100C07902280AD064
:1050B00004EB440000EBC40105F1380000EB810073
:1050C000C07903285AD1286998B904EB440000EB51
:1050D000C40105F1380000EB8100407F80F0010140
:1050E00004EB440000EBC40205F1380000EB820041
:1050F00041772869012841D104EB440000EBC40149
:1051000005F1380000EB81004069002836D004EB3F
:10511000440000EBC40105F1380000EB8100416957
:1051200004EB440000EBC40205F1380000EB820000
:1051300000890844401E04EB440101EBC40205F160
:10514000380101EB82010989B0FBF1FA0AF0010094
:10515000002813D004EB440000EBC40105F1380033
:1051600000EB8100407F80F0010104EB440000EB84
:10517000C40205F1380000EB82004177AFE0FFE7A1
:1051800004EB440000EBC40105F1380000EB8100A2
:1051900090F8290003280BD1022104EB440000EB16
:1051A000C40205F1380000EB820080F8281096E078
:1051B00004EB440000EBC40105F1380000EB810072
:1051C00090F8290004280BD1022104EB440000EBE5
:1051D000C40205F1380000EB820080F828107EE060
:1051E00004EB440000EBC40105F1380000EB810042
:1051F00090F8290005280BD1052104EB440000EBB1
:10520000C40205F1380000EB820080F8281066E047
:1052100004EB440000EBC40105F1380000EB810011
:1052200090F8290006280BD004EB440000EBC401E1
:1052300005F1380000EB810090F8290008284ED1D4
:1052400004EB440000EBC40105F1380000EB8100E1
:10525000406A401C04EB440101EBC40205F1380133
:1052600001EB8201486204EB440000EBC40105F14C
:10527000380000EB8100406A022815D9002104EBB8
:10528000440000EBC40205F1380000EB82004162EB
:10529000042104EB440000EBC40205F1380000EBEC
:1052A000820080F828101AE0022104EB440000EB91
:1052B000C40205F1380000EB820080F8281006F5E2
:1052C000A06000EB4410D0F8008028F0804848F03F
:1052D000004806F5A06000EB4410C0F800800221F1
:1052E00006F5A06000EB4410816004EB440000EB85
:1052F000C40305F1380000EB830090F82820E1B2E8
:105300002846FEF75DF8BDE8F0877CB504462668C0
:105310003546D5F840040190D5F840040090009837
:1053200020F02E000090019800F0020002280AD11F
:10533000019800F0010010B12046FDF773FF0098BE
:1053400040F002000090019800F0080008282AD1DF
:10535000009840F008000090019800F00400042834
:105360001ED1A06902280FD1019800F4C020B0F529
:10537000802F04D10221206803F0F0F90CE0012114
:10538000206803F0EBF907E0E068012804D14EF64D
:10539000602140F2044041512046FEF7B6FA02E097
:1053A0002046FEF7ABFA019800F02000202803D138
:1053B000009840F0200000900098C5F840047CBDA3
:1053C0002DE9F84F0546D5F800B05F462868D0F8BB
:1053D000208008F00F04C8F343400090C8F30A1679
:1053E0000098022806D003287DD005287CD0072805
:1053F0007BD1A3E0002E79D004EB440000EBC40184
:1054000005F1380000EB8100C06800286ED004EB85
:10541000440000EBC40105F1380000EB8100806915
:10542000811904EB440000EBC40205F1380000EBE5
:1054300082004069814272D8B2B204EB440303EBAC
:10544000C40C05F1380303EB8C03D968286803F01A
:10545000ACF904EB440000EBC40105F1380000EBAB
:105460008100C068811904EB440000EBC40205F11F
:10547000380000EB8200C16004EB440000EBC40183
:1054800005F1380000EB81008069811904EB4400CC
:1054900000EBC40205F1380000EB8200816107F5E2
:1054A000A06000EB44100069C0F3C94A04EB44005B
:1054B00000EBC40105F1380000EB81000089B04227
:1054C00038D1BAF1000F35D007F5A06000EB4410D9
:1054D000D0F8009029F0804949F0004907F5A06014
:1054E00000EB441003E028E025E025E022E0C0F8CE
:1054F000009004EB440000EBC40105F1380000EB20
:105500008100007F80F0010104EB440000EBC40245
:1055100005F1380000EB820001770BE0FFE7042182
:1055200004EB440000EBC40205F1380000EB8200FC
:1055300080F8281003E002E000BF00BF00BF00BFFA
:10554000BDE8F88F024903A0FAF79EFF00BFFEE70F
:105550002AED00E00A206661756C742068616E6453
:105560006C657220202578001FB500200090019006
:10557000029003902E48FCF703FF2E482C49086048
:105580004FF4803048600021294881600121016189
:105590000021017680F82010C16227498162002134
:1055A000C1600521C161002180F8301001214161F5
:1055B000FCF70AFF08B1FCF796FC072000900120D9
:1055C00001900320029069461948FCF711FE08B1CA
:1055D000FCF789FC012000900220019069461448E4
:1055E000FCF706FE08B1FCF77EFC042000900320C7
:1055F000019069460E48FCF7FBFD08B1FCF773FC0F
:10560000052000900420019069460948FCF7F0FD50
:1056100008B1FCF768FC082000900520019069465D
:105620000348FCF7E5FD08B1FCF75DFC1FBD000079
:1056300078030020002001400100000F08B500BFE2
:10564000002000900A48006840F480000849086083
:105650000846006800F48000009000BF0022114658
:105660003820FEF757FA3820FEF744FA08BD00004C
:105670003038024010B503490348FCF737FC0349B2
:10568000087010BD41000020509F0108400000201C
:1056900000B587B0142102A8FBF778F900BF0020FD
:1056A00001903748006840F004003549086008461A
:1056B000006800F00400019000BF00BF00200190CE
:1056C0000846006840F0800008600846006800F066
:1056D0008000019000BF00BF0020019008460068D4
:1056E00040F0010008600846006800F001000190E9
:1056F00000BF00BF002001900846006840F0020093
:1057000008600846006800F00200019000BFB22067
:1057100002904FF4441003900020049002A919480D
:10572000FDF796FC012002904FF4441003900020F6
:10573000049002A91448FDF78BFC002211460620B4
:10574000FEF7E8F90620FEF7D5F9002211460720FA
:10575000FEF7E0F90720FEF7CDF9002211460A20F6
:10576000FEF7D8F90A20FEF7C5F9002211461720E6
:10577000FEF7D0F91720FEF7BDF907B000BD000015
:1057800030380240000002400004024010B50122FF
:105790000A490B4800F0C5FD08B1FCF7A4FB094914
:1057A000074802F085FA08B1FCF79DFB044802F0B7
:1057B000E8FA08B1FCF797FB10BD0000B902010838
:1057C000202500205000002010B5024802F00CF9FE
:1057D00010BD00002025002000BFFEE700BFFEE74F
:1057E00010B50248FDF73FFF10BD0000F82800206B
:1057F0007047704710B5FEF709F910BD03480068FF
:1058000040F47000014908607047000088ED00E036
:1058100010B50748006800F0010040B105480CF0E1
:1058200002FA0348006820F001000149086010BD39
:1058300010480140C830002010B50748006800F04B
:10584000010038B103F0DEF80348006820F00100E1
:105850000149086010BD0000104401402DE9F84FD7
:1058600004462068006920F44050E168084321683C
:1058700008612169A068084361690843E169084338
:1058800000902068C06849F20C6188430099084381
:105890002168C8602068406920F44070A16908430D
:1058A0002168486176492068884203D0754920689C
:1058B000884203D1FEF758FA814602E0FEF744FA27
:1058C0008146E069B0F5004F6CD102206168A0FB11
:1058D000015003461920A9FB007001462A463846AC
:1058E000FAF75BFD6421B0FBF1F04FEA001A0220E9
:1058F0006168A0FB01510B461920A9FB00712A46E3
:105900003846FAF74AFD834602206168A0FB015041
:1059100003461920A9FB00712A463846FAF73DFDD7
:105920006421B0FBF1F000EBC00101EB0010ABEB28
:105930008000322101EBC0006421B0FBF1F000F0E7
:10594000F8000AEB400A02206168A0FB0150034600
:105950001920A9FB007001462A463846FAF71DFDBA
:10596000834602206168A0FB015003461920A9FB71
:1059700000712A463846FAF710FD6421B0FBF1F0B9
:1059800000EBC00101EB0010ABEB8000322101EB1A
:10599000C0006421B0FBF1F000F007005044216822
:1059A00088606AE004206168A0FB0150034619206A
:1059B000A9FB007001462A463846FAF7EEFC8246FB
:1059C00004206168A0FB015003461920A9FB007068
:1059D00001462A463846FAF7E0FC6421B0FBF1F0B4
:1059E00000EBC00101EB0010AAEB8000322101EBBB
:1059F00000106421B0FBF1F000F0F00A04206168AF
:105A0000A0FB017003461920A9FB00513A46284625
:105A1000FAF7C3FC6421B0FBF1F00AEB001A042092
:105A20006168A0FB01510B461920A9FB00712A46B1
:105A30003846FAF7B2FC834604206168A0FB0150A7
:105A400003461920A9FB007001462A463846FAF79A
:105A5000A4FC6421B0FBF1F000EBC00101EB0010ED
:105A6000ABEB8000322101EB00106421B0FBF1F0C0
:105A700000F00F00504421688860BDE8F88F0000F6
:105A800000100140001401402DE9F04104460D468C
:105A900017469846069E34E0701C88B32EB1FDF779
:105AA000BBFBA0EB0800B0422BD900BF00BF2168B0
:105AB0000C3151E8001F21F4D07021680C3141E80D
:105AC0000002002AF3D100BF00BF00BF21681431DB
:105AD00051E8001F21F001002168143141E8000263
:105AE000002AF3D100BF202084F83D0084F83E0056
:105AF00000BF002084F83C0000BF0320BDE8F08117
:105B0000FFE7206800682840A84201D1012000E09A
:105B10000020B842C0D00020F0E770B506460D4620
:105B2000304600F029F904464FF6FF70844207D052
:105B300045F4004104F00F0206F5617040F82210B0
:105B4000E0B270BD2DE9FF4107460C4615461E46E2
:105B50000020012102230A468DE8320003903146DD
:105B6000384600F044FD002004B0BDE8F0812DE986
:105B7000FF4104460D4617461E46DDF8288094F87E
:105B80001D0308B14FF00008012002230022314616
:105B90008DE8A101204600F02AFD002004B0BDE8F8
:105BA000F08170B504460D462946204600F0DDFB25
:105BB000002070BD70B504460D46A078012807D1BD
:105BC000022121740121617400216182A582E18298
:105BD00000221146204600F016F870BD2DE9FF4165
:105BE00007460C4615461E460020012103460A467C
:105BF0008DE8320003903146384600F0F8FC002072
:105C000004B0BDE8F0812DE9F04104460E46174688
:105C10000125A078012802D0022819D107E0A6604A
:105C2000A781012121760220A070012511E02046E4
:105C300000F01EF905460DB1032D04D10120A0701E
:105C40000021217603E0022D01D10120A07000E0A7
:105C500000BF00BF2846BDE8F0812DE9FF410446A2
:105C60000D4617461E46DDF8288094F81D0308B13E
:105C70004FF00008012000231A4631468DE8A101AB
:105C8000204600F0B4FC002004B0BDE8F0817FB5F0
:105C900006460C46154600200821CDE900040346BF
:105CA0000246CDE902102946304600F0A0FC002053
:105CB00004B070BD10B504462046FCF7B3FF10BD1C
:105CC000F0B506460C4615460022002106F54E7733
:105CD0001AE002EB820000EBC20C07F10A0000EBB5
:105CE0004C014879A04201D0FF2C0BD18879A84201
:105CF00001D0FF2D06D1C879984201D0FF2B01D1E8
:105D00001046F0BD501CC2B2022AE2D3FF20F8E7D1
:105D100002460B2909D202F5617030F82100C0F368
:105D20000E0302F5617040F82130002070472DE924
:105D3000F04104460E4615461F46DDF81880A0784F
:105D4000012812D146F08001217406216174658218
:105D500005F47F40B0F5407F03D140F20941A182B4
:105D600001E00021A182A4F816804246394620466F
:105D7000FFF749FFBDE8F0810246002100BF0AE0BD
:105D800002F5617030F8210000F4004008B90846BF
:105D90007047481CC1B20B29F2D34FF6FF70F7E7EA
:105DA00010B502460B88147823440B80137898189A
:105DB00010BDF8B504460D4604F11C0633464FF4F9
:105DC0000072002120460095FFF7B1FF071E05D1A4
:105DD0002A46314604F54E7001F02FFD3846F8BDD5
:105DE000F8B504460D4604F58E734FF48072002119
:105DF00020460095FFF79BFF061E06D12A4604F5B4
:105E00008E7104F2263001F085FD3046F8BD2DE993
:105E1000F84304460E4617461D4646F4407204F504
:105E20008E73002120460095FFF781FFB0F1000836
:105E300005D12A46394604F58E7001F0BAFD404678
:105E4000BDE8F8830146002031B1012906D00229BE
:105E500006D0032908D105E0002007E0022005E074
:105E6000012003E0022001E0022000BF00BF7047D4
:105E7000F8B5044601270025207E0C286FD2DFE804
:105E800000F0DD060F323E505E7A869AA8BD627938
:105E900004F110012046FFF7FAFE02212176CEE040
:105EA0006179204600F0E7FA0546012D14D1207CE7
:105EB00000F08006E08A38B1802E02D103212176DD
:105EC00010E0052121760DE0802E02D109212176F6
:105ED00008E00721217605E0042D01D0022D01D133
:105EE0000B212176ABE0D4F8C403E0812379A289A9
:105EF0002046A168FFF772FE042121769FE02179F8
:105F0000204600F0B8FA0546012D01D1092121767D
:105F1000052D01D1032703E0042D01D10B212176AA
:105F20008DE0012000906379A2892046A168FFF7E7
:105F300094FED4F8C403E081062121767FE06179E4
:105F4000204600F098FA0546012D02D1072121765E
:105F500010E0052D04D10C21217603270AE06DE025
:105F6000022D02D10521217604E0042D02D10B215E
:105F70002176022763E02379002211462046FFF7AD
:105F80002DFED4F8C403E0810821217657E0217961
:105F9000204600F070FA0546012D03D10D2121762F
:105FA000002707E0042D02D10B21217602E0052D08
:105FB00000D1032743E001200090637900221146BD
:105FC0002046FFF74AFED4F8C403E0810A21217677
:105FD00035E06179204600F04EFA0546012D03D1E7
:105FE00000270D21217608E0022D02D1092121761A
:105FF00003E0042D01D10B21217620E0607E401CBE
:10600000C1B26176022904D8012121760120A07055
:1060100013E006212046D4F8D4239047002161766E
:1060200000BF00BF61792046FFF772FE217920464C
:10603000FFF76EFE00202070022700E000BF00BFC7
:106040003846F8BDFEB504460126012560780828CB
:1060500074D2DFE800F0044874ABD2FDEFEE082103
:106060002046FFF7BDFE054605BB94F82D13A17130
:1060700001206070A079002294F81D13CDE9001270
:10608000029094F81C3321798022204601F0C0FB55
:10609000A079002294F81D13CDE90012029094F823
:1060A0001C336179204601F0B3FB1BE0032D19D1AD
:1060B00000BF00BF94F81E03401C84F81E0394F830
:1060C0001E03032804D900BF00BF0D20207009E083
:1060D00061792046FFF71CFE21792046FFF718FE64
:1060E000002020700CE112212046FFF779FE0546C2
:1060F00035B900BF00BF00BF00BF022060701CE0C8
:10610000032D1AD100BF00BF94F81E03401C84F871
:106110001E0394F81E03032804D900BF00BF0D20FE
:1061200020700AE061792046FFF7F2FD21792046D0
:10613000FFF7EEFD002060702070E1E0DFE001215C
:10614000204601F0E2FD05462DBB0220FFF7B2FD1F
:10615000012184F81C1300BF00BF03206070A079E8
:10616000002294F81D13CDE90012029094F81C331C
:1061700021798022204601F04BFBA079002294F87F
:106180001D13CDE90012029094F81C33617920466A
:1061900001F03EFB09E0032D07D100BF00BF00BFA7
:1061A00000BF0D20207000206070A9E0092120466A
:1061B000FFF7FFFD054615B9042060701CE0032DB4
:1061C0001AD100BF00BF94F81E03401C84F81E03C0
:1061D00094F81E03032804D900BF00BF0D202070CF
:1061E0000AE061792046FFF793FD21792046FFF709
:1061F0008FFD00206070207082E0B4F83A132046D2
:10620000FFF7D7FD054615B9052060701FE0032D87
:106210001DD100BF00BF94F81E03401C84F81E036C
:1062200094F81E03032807D900BF00BF0D2020707B
:106230000DE049E02AE00BE061792046FFF768FDB8
:1062400021792046FFF764FD00206070207057E040
:1062500094F83403A8B194F83413FF2304F58E7234
:106260002046FFF7D4FD054625B900BF00BF062034
:1062700060700AE0032D08D100BF00BF06206070E7
:1062800003E000BF00BF0620607039E094F83503DA
:10629000A8B194F83513FF2304F58E722046FFF75A
:1062A000B6FD054625B900BF00BF072060700AE0B3
:1062B000032D08D100BF00BF0720607003E000BFBE
:1062C00000BF072060701BE094F8360398B194F883
:1062D0003613FF2304F58E722046FFF798FD05461E
:1062E0001DB900BF00BF002608E0032D06D100BF86
:1062F00000BF002602E000BF00BF002600E000BF94
:1063000000BF3046FEBD10B5044620780B2807D1EB
:10631000D4F87C0320B1D4F87C03816920468847F7
:1063200010BD70B504460D4616461CB900BF00BF2F
:10633000022070BD84F8CC630020C4F87C03C4F84C
:1063400080032046FBF787FD002184F8231384F89F
:10635000201384F8211384F822130DB1C4F8D45308
:10636000204600F09DF80020E3E72DE9F0410446C7
:106370000D46002600272946D4F8D003FCF783FFFA
:1063800006463046FFF75EFD07463846BDE8F08119
:106390000146012281F82023002281F8212381F87F
:1063A00022230020704710B50446012184F82113F0
:1063B000002184F8201384F82313204600F008F904
:1063C00021792046FFF7A4FC61792046FFF7A0FC65
:1063D000002010BD70B504460D4694F8CC0301288A
:1063E00000D100BFC820FCF71DFC002070BD70B5B7
:1063F00004460D462946D4F8D003FCF739FF70BD9A
:1064000070B504460125D4F8D003FCF71FFF20B176
:10641000012804D0022806D103E0002505E001256B
:1064200003E0022501E0012500BF00BF284670BD42
:1064300030B5034600BFD3F8D02301EB410404EB91
:10644000C10502F1380404EB8504E4784CB101EB9A
:10645000410404EBC10502F1380404EB8504207FFC
:1064600008E001EB410404EBC10502F1380404EB40
:106470008504607F30BD70B504460D462946D4F8CA
:10648000D003FCF7E9FE70BD10B50446D4F8C40390
:10649000401CC4F8C4032046FFF735FF10BD0000C0
:1064A00070B5044694F8CC03012820D11148C0F8F7
:1064B0000043C4F8D0034FF0A0400E490860082103
:1064C0000C4881600121C1600021016102218161CC
:1064D0000021C161FDF783F908B1FBF704FD054810
:1064E000FCF7AEFE05462946204600F03CF80020A9
:1064F00070BD0000F82800202DE9FF5F04460D461E
:1065000016461F46DDE90F9ADDF838804FF0000B84
:10651000002003908DE800073B4632462946D4F818
:10652000D003FCF7CAFE83465846FFF78BFC039066
:10653000039804B0BDE8F09F002280F82323704741
:10654000012280F82323704770B5044600250026F9
:10655000D4F8D003FDF7E0F905462846FFF772FCB2
:106560000646304670BDC0F8C413704730B50446C7
:10657000D4F8D03301EB410000EBC10503F1380042
:1065800000EB8500C07848B101EB410000EBC1058C
:1065900003F1380000EB8500027708E001EB4100D1
:1065A00000EBC10503F1380000EB850042770020C5
:1065B00030BD70B5044600250026D4F8D003FDF7A1
:1065C000B8F905462846FFF73DFC0646304670BD43
:1065D00070B5044600250026D4F8D003FDF7C4F9B1
:1065E00005462846FFF72EFC0646304670BD2DE9CD
:1065F000F04F87B004460D4616461F46DDE912AB44
:10660000DDE910890020069005908DE8000F3B46DB
:1066100032462946D4F8D003FCF7D3FE06900698FC
:10662000FFF710FC0590059807B0BDE8F08F2DE945
:10663000F0410446884615460227D4F87C03C66913
:1066400015B1012D0CD105E0F1792046FFF7B2FA22
:10665000074606E0B1792046FFF7ACFA074600E0AE
:1066600000BF00BF3846BDE8F08100000246D2F806
:106670007C03C169054B4B65054B8B65012381F894
:10668000503081F85230002070470000555342438B
:10669000504030202DE9F84F074688464FF0010959
:1066A0000126B2460025D7F87C03C469AB4694F8AE
:1066B00050000C2874D2DFE800F07306153C4774D4
:1066C00081B5C0DFF2F084F86180022184F85010B7
:1066D0000120009063791F2204F154013846FFF72E
:1066E00046FA0AE161793846FFF7C5FE0546012DF5
:1066F00013D1E06D68B194F8600000F0800080284C
:1067000003D1032184F8501012E0052184F85010C1
:106710000EE0072184F850100AE0022D03D1012178
:1067200084F8501004E0052D02D10A2184F850109D
:10673000E3E0237962898C2001593846FFF702FA99
:10674000042184F85010D8E021793846FFF793FEF1
:106750000546012D1ED16189E06D88420AD98C2041
:106760000059618901448C2001516189E06D411A11
:10677000E16501E00021E165E06D38B123796289CE
:106780008C2001593846FFF7DDF908E0072184F82D
:10679000501004E0052D02D1092184F85010ACE01E
:1067A000AAE001200090637922898C2001593846A3
:1067B000FFF7DDF9062184F850109EE06179384634
:1067C000FFF759FE0546012D20D12189E06D884251
:1067D0000AD98C200059218901448C20015121893A
:1067E000E06D411AE16501E00021E165E06D48B12D
:1067F00001200090637922898C2001593846FFF7E7
:10680000B6F90EE0072184F850100AE0022D03D1FA
:10681000052184F8501004E0052D02D10A2184F8E6
:1068200050106AE023790D2204F178013846FFF711
:1068300089F9082184F850105FE021793846FFF784
:106840001AFE0546012D11D1012184F8501084F85B
:106850005210384600F0C6F88246BAF1000F02D155
:106860004FF0000907E04FF0020904E0052D02D1C6
:10687000092184F8501040E0002241463846FFF7D5
:10688000D6FE06461EB9072184F8501004E0042EF7
:1068900002D10B2184F850102FE022E0FFE7012203
:1068A00041463846FFF7C3FE0646A6B96179384629
:1068B000FFF7BEFD8346CBF10100C2B261793846D5
:1068C000FFF754FE217900223846FFF74FFE0921D9
:1068D00084F8501004E0042E02D10B2184F85010EB
:1068E0000BE0384600F01FF88146B9F1000F02D1E5
:1068F000012184F8501000E000BF00BF4846BDE809
:10690000F88F70B504460D46A1212174FE216174F3
:1069100000216182A1820121E182012229462046D3
:10692000FFF771F970BD10B5044621212174FF21D4
:10693000617400216182A182E18200221146204619
:10694000FFF761F910BD2DE9F0410746D7F87C0348
:10695000C4690126A07B20B1022803D003283BD1C3
:1069600032E000BF21463846FFF7CBFF0646032E34
:1069700002D10020207000262EBB2078022801D9E9
:10698000022001E02078401C207000BF00BF0025DD
:1069900016E0022105EB850000EBC50204F1900032
:1069A00000EB82008170002105EB850000EBC50241
:1069B00004F1900000EB820080F83110681CC5B231
:1069C0002078A842E5DC08E000213846FFF7F2F81D
:1069D00008B9E07BA07300E000BF00BF3046BDE80F
:1069E000F081000070B50546D5F87C03C469012626
:1069F00021792846FFF7FBFC0D2801D0022619E07B
:106A00000D49A06F884214D1E16FA06D814211D170
:106A100094F8840008B900260CE094F8840001285A
:106A200001D1012606E094F88400022802D1022652
:106A300000E00226304670BD555342532DE9F04127
:106A400004460D461646D4F87C03C76920780B2807
:106A50000ED105EB850000EBC50207F1900000EBBD
:106A6000820134223046F9F735FF0020BDE8F0817D
:106A70000220FBE770B50546D5F87C03C469607950
:106A800048B161792846FFF78CF861792846FFF70D
:106A90003FF900206071207948B121792846FFF73D
:106AA00080F821792846FFF733F900202071D5F8C6
:106AB0007C03C06940B1D5F87C13C869F9F746FC7E
:106AC0000020D5F87C13C861002070BDFEB50546D6
:106AD000D5F87C030179502306222846FFF7F0F809
:106AE0000646FF2E01D0022E03D300BF00BF0220B6
:106AF000FEBD3146284601F0F4F807460FB10220EA
:106B0000F6E74FF48070F9F7F2FBD5F87C13C86113
:106B1000D5F87C03C4691CB900BF00BF0220E7E7B9
:106B20004FF480712046F9F731FF06EB860000EB49
:106B3000C60105F2423000EB4100007B00F080000E
:106B4000A0B106EB860000EBC60105F2423000EB77
:106B50004100007BE07106EB860000EBC60105F208
:106B6000423000EB4100C089608113E006EB8600F3
:106B700000EBC60105F2423000EB4100007BA07142
:106B800006EB860000EBC60105F2423000EB410047
:106B9000C089208106EB860000EBC60105F2423079
:106BA00000EB4100007D00F08000A0B106EB860004
:106BB00000EBC60105F2423000EB4100007DE071C0
:106BC00006EB860000EBC60105F2423000EB410007
:106BD000C08A608113E006EB860000EBC60105F277
:106BE000423000EB4100007DA07106EB860000EB17
:106BF000C60105F2423000EB4100C08A208100202E
:106C000020736073A073A1792846FEF786FF607138
:106C1000E1792846FEF781FF20712846FFF726FD1F
:106C20002089022295F81D13CDE90012029095F8F3
:106C30001C33A2796179284600F0EAFD60890222BE
:106C400095F81D13CDE90012029095F81C33E279F6
:106C50002179284600F0DCFD217900222846FFF743
:106C600085FC617900222846FFF780FC00203FE781
:106C70002DE9F0410646D6F87C03C4694FF00108BF
:106C800001250127207B10B101287DD149E2B4F80C
:106C9000F8002178884278DA0121B4F8F80000EB96
:106CA000800202EBC00204F1900000EB8200417010
:106CB000B4F8F80000EB800101EBC00104F1900092
:106CC00010F8210009287CD2DFE800F0057B66FD82
:106CD00017FC7B7BFB0000BF00BF0421B4F8F80069
:106CE00000EB800202EBC00204F1900000F82210D9
:106CF000D6F8C403C4F8FC0007E2B4F8F80000EBCF
:106D0000800303EBC00304F1900000EB830000F16B
:106D10000F0294F8F810304600F00FFB054685B9D5
:106D200000BF00BF00BF00BF00BF00BF0221B4F81A
:106D3000F80000EB800202EBC00204F1900000F8C2
:106D40002210022D0BD10521B4F8F80000EB8002CF
:106D500002EBC00204F1900000F822101BE0042DA9
:106D600019D10121B4F8F80000EB800202EBC00257
:106D700004F1900000F822100221B4F8F80000EBB2
:106D8000800202EBC00201E0CEE1BFE104F190001D
:106D900000EB82004170B8E194F8F810304600F042
:106DA0004CFC0746F7BBB4F8F80000EB800101EBA0
:106DB000C00104F1900000EB8100807880B10121D6
:106DC00000E0A1E1B4F8F80000EB800202EBC002A1
:106DD00004F1900000EB820080F8311000BF0CE05D
:106DE0000021B4F8F80000EB800202EBC00204F1CD
:106DF000900000EB820080F831100321B4F8F80015
:106E000000EB800202EBC00204F1900000F82210B7
:106E10000021B4F8F80000EB800202EBC00204F19C
:106E2000900000E00DE000EB82004170B4F8F80043
:106E300000EB800202EBC00204F1900000EB820044
:106E40008170022F50D1B4F8F80000EB800101EB03
:106E5000C00104F1900000EB8100807802280ED080
:106E60000121B4F8F80000EB800202EBC00204F14B
:106E7000900000EB820080F8311000BF0CE0002190
:106E8000B4F8F80000EB800202EBC00204F19000BD
:106E900000EB820080F831100521B4F8F80000EB17
:106EA000800202EBC00204F1900000F822100121E0
:106EB000B4F8F80000EB800202EBC00204F190008D
:106EC00002E01BE196E029E000EB82004170022124
:106ED000B4F8F80000EB800202EBC00204F190006D
:106EE00000EB8200817018E0042F16D10121B4F864
:106EF000F80000EB800202EBC00204F1900000F801
:106F000022100221B4F8F80000EB800202EBC0026C
:106F100004F1900000EB82004170F6E0B4F8F80054
:106F200000EB800303EBC00304F1900000EB83004F
:106F3000021D94F8F810304600F0D2FA054685BBE1
:106F4000B4F8F80000EB800101EBC00104F19000FF
:106F500000EB810090F83100012805D100BF00BF8F
:106F600000BF00BF00BF00BF0121B4F8F80000EB74
:106F7000800202EBC00204F1900000F82210002110
:106F8000B4F8F80000EB800202EBC00204F19000BC
:106F900000EB82004170B4F8F800401CA4F8F8003F
:106FA00027E0FFE7022D0BD10521B4F8F80000EB34
:106FB000800202EBC00204F1900000F8221018E0F9
:106FC000042D16D10121B4F8F80000EB800202EB89
:106FD000C00204F1900000F822100221B4F8F80079
:106FE00000EB800202EBC00204F1900000EB820093
:106FF00041708AE0B4F8F80000EB800303EBC003B3
:1070000004F1900000EB830000F10C0294F8F810FA
:10701000304600F0B9FA0546F5BBB4F8F80000EBCD
:10702000800101EBC00104F1900000EB8100007BC6
:1070300006280CD0B4F8F80000EB800101EBC00189
:1070400004F1900000EB8100007B022814D1D6F8F7
:10705000C403D4F8FC10401A42F2107188420BD2DB
:107060000221B4F8F80000EB800202EBC00204F148
:10707000900000F8221048E000BF00BF00BF00BF32
:1070800000BF00BF0121B4F8F80000EB800202EB62
:10709000C00204F1900000E006E000F82210B4F80D
:1070A000F800401CA4F8F800022D0DD100BF00BF6D
:1070B0000821B4F8F80000EB800202EBC00204F1F2
:1070C000900000F8221018E0042D16D10121B4F828
:1070D000F80000EB800202EBC00204F1900000F81F
:1070E00022100221B4F8F80000EB800202EBC0028B
:1070F00004F1900000EB8200417006E0B4F8F80063
:10710000401CA4F8F80000E000BF09E00020A4F84B
:10711000F8000120207302213046D6F8D42390478E
:1071200003E04FF0000800E000BF00BF4046BDE8AC
:10713000F0812DE9F84380460C46D8F87C03C569F8
:107140000127012604EB840000EBC40105F1900047
:1071500010F82100052860D0062802D007287DD12C
:107160002DE000200346024621460090404600F0F4
:1071700064F9064656B9012104EB840000EBC40211
:1071800005F1900000F82210002717E0022E09D127
:10719000052104EB840000EBC40205F1900000F827
:1071A00022100BE0042E09D1082104EB840000EB2F
:1071B000C40205F1900000F8221002276BE00020C5
:1071C0000346024621460090404600F067FA064614
:1071D00056B9012104EB840000EBC40205F19000D4
:1071E00000F82210002717E0022E09D1052104EB38
:1071F000840000EBC40205F1900000F822100BE0BF
:10720000042E09D1082104EB840000EBC40205F12F
:10721000900000F8221002273DE004EB840000EB10
:10722000C40105F1900000EB810000F10C02214641
:10723000404600F0A9F90646DEB900BF00BF00BF16
:1072400000BF00BF00BF012104EB840000EBC402BB
:1072500005F1900000F82210022100E01AE004EB92
:10726000840000EBC40205F1900000EB8200417045
:107270000227022E01D100BF0BE0042E09D1082104
:1072800004EB840000EBC40205F1900000F822102A
:10729000022700E000BF00BF3846BDE8F8832DE9B3
:1072A000F84F04460E4691469A460A9FD4F87C034E
:1072B000C56994F8200360B120780B2809D106EB4A
:1072C000860000EBC60105F1900010F821000128AE
:1072D00002D00220BDE8F88F06202873062106EBB5
:1072E000860000EBC60205F1900000F82210A5F818
:1072F000FA6053464A4631462046009700F09DF812
:10730000D4F8C4830FE0D4F8C403A0EB080142F220
:1073100010707843814202D894F8200318B90120F4
:1073200028730220D6E731462046FFF702FF0128E6
:10733000E9D0012028730020CCE72DE9F041064672
:107340000F4615464FF00208D6F87C03C46994F83E
:107350005200012802D002286AD12FE02421E165E1
:10736000802184F860100A2184F86210002104F161
:107370000F00C4F86310C4F86710A4F86B10122152
:1073800084F863107807010E84F86410002184F8F3
:10739000651084F86610242184F86710002184F8B1
:1073A0006810012184F85010022184F8521004F171
:1073B00010008C2108514FF001083AE03946304660
:1073C000FFF768F98046B8F1000F30D12221284636
:1073D000F9F7BAFA8C200059007800F01F006870A5
:1073E0008C2000590078401128708C20005940787A
:1073F00000F08000802802D10120A87001E0002068
:10740000A8708C2000598168C5F80310C068C5F8C1
:1074100007008C20005900F11001102205F10C002A
:10742000F9F713FA8C200059006AC5F81D0000E036
:1074300000BF00BF4046BDE8F0812DE9FF41054691
:107440000F461E464FF00208D5F87C03C46994F835
:107450005200012802D002283CD135E0B4F898103F
:107460000A984143E165802184F860100A2184F87C
:107470006210102104F16300F9F766FA282184F8FC
:1074800063109DF80B1084F865109DF80A1084F8BD
:1074900066109DF8091084F867109DF8081084F8AC
:1074A00068109DF8291084F86A109DF8281084F857
:1074B0006B10012184F85010022184F852108C20A6
:1074C00006514FF0010806E039462846FFF7E2F87A
:1074D000804600E000BF00BF404604B0BDE8F08138
:1074E0002DE9F0410646884615460127D6F87C036B
:1074F000C46994F85200012802D002283FD11BE051
:107500000821E165802184F860100A2184F8621066
:10751000102104F16300F9F717FA252184F86310AC
:10752000012184F85010022184F8521004F1100057
:107530008C210851012723E041463046FFF7AAF885
:107540000746DFB98C200059C1788C20005980781B
:1075500041EA00218C200059407841EA00418C200A
:107560000059007841EA006028608C200059C179F8
:107570008C200059807941EA0020A88000E000BFFB
:1075800000BF3846BDE8F0812DE9F04106460F46C0
:1075900015464FF00208D6F87C03C46994F85200EF
:1075A000012802D0022843D12BE00E21E165802181
:1075B00084F860100A2184F86210102104F163003D
:1075C000F9F7C2F9032184F863107807010E84F8F3
:1075D0006410002184F8651084F866100E2184F888
:1075E0006710002184F86810012184F850100221EE
:1075F00084F8521004F110008C2108514FF001085A
:1076000017E039463046FFF745F88046B8F1000FDD
:107610000DD18C200059807800F00F0028708C204C
:107620000059007B68708C200059407BA87000E0F6
:1076300000BF00BF4046BDE8F0812DE9F04105469E
:107640000E460227D5F87C03C46994F8520001283D
:1076500002D002281DD116E00021E16584F86010F7
:107660000A2184F86210102104F16300F9F76CF923
:10767000002184F86310012184F85010022184F85D
:107680005210012706E031462846FFF703F8074667
:1076900000E000BF00BF3846BDE8F0812DE9FF41A2
:1076A00005460F461E464FF00208D5F87C03C46914
:1076B00094F85200012802D002283CD135E0B4F8F9
:1076C00098100A984143E165002184F860100A216E
:1076D00084F86210102104F16300F9F735F92A21CA
:1076E00084F863109DF80B1084F865109DF80A105B
:1076F00084F866109DF8091084F867109DF808104A
:1077000084F868109DF8291084F86A109DF82810F4
:1077100084F86B10012184F85010022184F8521073
:107720008C2006514FF0010806E039462846FEF746
:10773000B1FF804600E000BF00BF404604B0BDE896
:10774000F08101460020704730B50246D2F87C43F4
:10775000E36914780B2C0BD101EB810404EBC10518
:1077600003F1900404EB850464780CB9012000E077
:10777000002030BD2DE9F84F04460E4691469A464A
:107780000A9FD4F87C03C56994F8200360B120787F
:107790000B2809D106EB860000EBC60105F190002D
:1077A00010F82100012802D00220BDE8F88F072040
:1077B0002873072106EB860000EBC60205F1900056
:1077C00000F82210A5F8FA6053464A463146204692
:1077D0000097FFF763FFD4F8C4830FE0D4F8C40325
:1077E000A0EB080142F210707843814202D894F86D
:1077F000200318B9012028730220D6E7314620461D
:10780000FFF797FC0128E9D0012028730020CCE77E
:107810002DE9FE4F04460D4616461F46DDE90D9A3A
:10782000DDF830803B463246294620468DE8000789
:10783000FEF762FE0020BDE8FE8F2DE9F84F0446FA
:107840000E46934635464FF00008C14600BF3078DB
:10785000207070786070B178F07841EA0020608024
:107860003079207170796071B079A071F079E07130
:10787000307A2072BBF1090F4AD909200090002705
:107880003EE069462846FEF78BFA054668780428EC
:1078900036D108EB880000EBC80104F10A0000EBC8
:1078A00041072946384600F071F84FF00009CA46F2
:1078B0001AE069462846FEF773FA054668780528F7
:1078C00012D108EB880000EBC80104F10A0000EBBC
:1078D00041000A3000EBC90A2946504600F046F83C
:1078E00009F1010000F0FF093879484504DD60889E
:1078F000BDF800108842DCDC08F1010000F0FF0850
:10790000B8F1020F04D26088BDF800108842B8DCDC
:10791000BDE8F88F10B50B7803704B7843708C7806
:10792000CB7844EA032343800B7903714B7943718D
:107930008B798371CB79C371082A16D90C7A4B7A6B
:1079400044EA032303818C7ACB7A44EA03234381FC
:107950000C7B4B7B44EA032383818B7B8373CB7B40
:10796000C3730B7C03744B7C437410BD0A780270A4
:107970004A7842708A788270CA78C2700B794A79E4
:1079800043EA022282808A79827170470A78027003
:107990004A7842708A788270CA78C2700A79027115
:1079A0004A7942718A798271CA79C2710A7A0272FD
:1079B000704730B513464578032D14D10578AD1EB8
:1079C0009D4202D80578AD1E00E01D46ACB2801C79
:1079D000002204E0855C0D70491C951CAAB2A242ED
:1079E000F8DB00250D7030BD7FB504460220039002
:1079F000002594F82103012801D10320207020786C
:107A00000E287DD2DFE800F0071B46F57C80FF984A
:107A1000A3AEC0F37CF294F8200378B100BF00BF9E
:107A200001202070C820FEF745F92046FEF78CFDA6
:107A3000002184F81C130020C4F8C80334E194F832
:107A40002303012807D100BF00BF002184F81F13C2
:107A5000022020701DE0D4F8C803B0F57A7F10D959
:107A600094F81F03401C84F81F0394F81F03032895
:107A700004D900BF00BF0D2020700AE00020207054
:107A800007E0D4F8C8030A30C4F8C8030A20FEF798
:107A900011F909E1D4F8D40320B104212046D4F827
:107AA000D42390476420FEF705F92046FEF7A8FC92
:107AB00084F81D030520207000212046FEF72DF8D4
:107AC000607180212046FEF728F82071A0790022FD
:107AD00094F81D13CDE90012029094F81C3321791B
:107AE00080222046FFF794FEA079002294F81D130F
:107AF000CDE90012029094F81C336179204600E031
:107B0000D0E0FFF785FECFE02046FEF79BFA03901A
:107B10009DF80C0078B900BF00BF002184F8241341
:107B200094F83703012804D100BF00BF082020705B
:107B300001E007202070B7E0D4F8D40330B1012170
:107B40002046D4F8D423904708202070ACE094F865
:107B50003D13204600F0EDF818B90920207000BF51
:107B600000BFA1E094F83F0300F0200048B10121DC
:107B7000204600F0F2F830B900BF00BF0A202070A4
:107B800001E00A2020708FE0D4F8800308B900BF1C
:107B900038E00020C4F87C03002511E004F55E7095
:107BA00050F82500017994F84703814206D104F585
:107BB0005E7050F82500C4F87C0303E0681CC5B271
:107BC000002DEBD000BFD4F87C03B8B1D4F87C030F
:107BD00081682046884768B90620207000BF00BF32
:107BE00003212046D4F8D42390470BE05BE026E045
:107BF00009E02DE00D20207000BF03E00D20207073
:107C000000BF00BF50E0D4F87C0398B1D4F87C03E7
:107C100001692046884703909DF80C0010B90B209D
:107C200020700BE09DF80C00022807D10D20207079
:107C300000BF03E00D20207000BF00BF34E0D4F887
:107C40007C0320B1D4F87C034169204688472BE0AF
:107C5000002184F821132046FAF7FDF8D4F87C03BC
:107C600038B1D4F87C03C168204688470020C4F8A6
:107C70007C03D4F8D40320B105212046D4F8D423C2
:107C8000904700BF00BF94F82203012806D10021CD
:107C900084F82213204600F074F802E02046FEF734
:107CA00088FC01E000BF00BF00BF002004B070BD31
:107CB00010B50246002081B1D2F880334BB9D2F81A
:107CC0008043631CC2F8803302F55E7343F82410CE
:107CD00006E000BF00BF022002E000BF00BF02209C
:107CE00010BD0246002092F83C338B4209DD82F839
:107CF000241300BF00BF00BF00BF00BF00BF00BF14
:107D000002E000BF00BF0220704770B504460D4678
:107D1000A078012807D100212174052161746582B2
:107D20000021A182E182002211462046FDF76BFF6F
:107D300070BD70B504460D46A078012807D100211A
:107D400021740921617465820021A182E1820022EF
:107D500011462046FDF757FF70BD70B504460D462D
:107D6000A078012807D10021217403216174658264
:107D70000021A182E182002211462046FDF743FF47
:107D800070BD10B504462046FEF713FC01212046C5
:107D9000FEF720FB002010BD0146002070470000C8
:107DA000F0B58DB005460E461446012736B1012EBA
:107DB00006D0022E10D0032E2CD11AE000272BE083
:107DC0006A4629461648FEF739FE18B90198206020
:107DD000002700E001271FE06A4629461048FEF709
:107DE0002DFE20B9BDF808002060002700E0012723
:107DF00012E06A4629460A48FEF720FE40B9BDF85F
:107E00000800C11700EBD15149122160002700E0A2
:107E1000012701E0042700BF00BF38460DB0F0BDC8
:107E2000202500202DE9F0418EB004460D4617466E
:107E30001E464FF001082B463A462146124800964E
:107E4000FFF72DFA10B94FF0000818E001AA2146FB
:107E50000D48FEF7F3FD9DF81100042804D02828F2
:107E600004D03A2807D100E000BF00BF00BF00BF28
:107E70004FF0030802E04FF0010800BF00BF40468A
:107E80000EB0BDE8F08100002025002070B504464A
:107E9000012521460448FFF757FC08B1002500E002
:107EA0000125284670BD0000202500202DE9F04165
:107EB0008EB004460D4617461E464FF001082B466D
:107EC0003A46214615480096FFF754FC10B94FF08A
:107ED00000081FE001AA21461048FEF7AFFD9DF8FB
:107EE000110004280BD0272804D0282809D03A28CC
:107EF0000CD105E000BF00BF4FF0020809E000BF51
:107F000000BF00BF00BF4FF0030802E04FF00108C0
:107F100000BF00BF40460EB0BDE8F0812025002024
:107F20000FB470B504460A98012817D1A06B20F44D
:107F30008030A063E0681A490840E060E06820F4FF
:107F40004010E0601198012803D1E06840F48010EF
:107F5000E060204600F026F8054612E0E06840F0B8
:107F60004000E060204600F01DF805460E9820B95C
:107F7000A06B40F48030A06303E0A06B20F480305D
:107F8000A0630898012807D1A06840F00600A0600F
:107F9000A06840F02000A060284670BC5DF814FB8B
:107FA000BFFFBDFF08B501460020009000BF00984C
:107FB000401C104A0090904201D9032008BD086976
:107FC00000F000400028F2D000200090086940F046
:107FD0000100086100BF0098401C064A00909042D2
:107FE00001D90320EAE7086900F001000028F2D176
:107FF00000BFE3E7400D03000146886820F0010060
:108000008860002070470000F0B503461C460A4611
:1080100001260D4800EAC64040F00047114604F52D
:10802000A06000EB4110076104F5A06000EB411077
:10803000056825F0804545F0004504F5A06000EB9B
:10804000411005600020F0BD0000F81F08B5024691
:10805000134600200090D3F840040090009820F0D0
:108060002E000090009800F4805030B9012904D10E
:10807000009840F48050C3F84004009800F4805009
:10808000B0F5805F05D121B9009820F48050C3F885
:108090004004002008BD0146886840F00100886067
:1080A0000020704708B501460020009010200861AC
:1080B00000BF0098401C064A0090904201D903205E
:1080C00008BD086900F010001028F2D00020F7E782
:1080D000400D030008B5024600200090202040EA31
:1080E0008110106100BF0098401C064B0090984220
:1080F00001D9032008BD106900F020002028F2D02B
:108100000020F7E7400D030001460A464FF4816066
:10811000805880B2704708B501460A46002000909A
:10812000D2F8400400900098C0F3414008BD0146D9
:10813000486900F001007047F0B503460C461A4646
:108140002146002502F5A06000EB41100068C0F355
:10815000814602F5A06000EB41100068C70F9868E7
:1081600000F02000202802D10FB90020F0BD0EB190
:10817000022E5DD102F5A06000EB4110006840F0D6
:10818000804C02F5A06000EB4110C0F800C0986878
:1081900000F0200000283BD1D86A00F47F00C0BB6B
:1081A00002F5A06000EB4110006820F0004C02F5E1
:1081B000A06000EB4110C0F800C002F5A06000EB29
:1081C0004110006840F0004C02F5A06000EB411047
:1081D000C0F800C002F5A06000EB4110006820F478
:1081E000004C02F5A06000EB4110C0F800C000BFD9
:1081F000681C0546B0F57A7F00D909E002F5A06059
:1082000000EB4110006800F00040B0F1004FEFD0EB
:1082100068E0FFE702F5A06000EB4110006840F065
:10822000004C02F5A06000EB4110C0F800C059E01E
:1082300002F5A06000EB4110006840F0804C02F5B0
:10824000A06000EB4110C0F800C04FF4826080587D
:1082500000F47F00C0BB02F5A06000EB4110006895
:1082600020F0004C02F5A06000EB4110C0F800C007
:1082700002F5A06000EB4110006840F0004C02F5F0
:10828000A06000EB4110C0F800C002F5A06000EB58
:108290004110006820F4004C02F5A06000EB411092
:1082A000C0F800C000BF681C0546B0F57A7F00D951
:1082B00009E002F5A06000EB4110006800F000400A
:1082C000B0F1004FEFD00DE0FFE702F5A06000EB4A
:1082D0004110006840F0004C02F5A06000EB411036
:1082E000C0F800C0002041E72DE9FF4F81B00646ED
:1082F0000C461746DDF83C80002000903546411EB4
:1083000005F5A06000EB44108160B8F1000F09D0C2
:10831000B8F1010F48D0B8F1020F04D0B8F1030F43
:108320005AD129E000BF40F29D4105F5A06000EB65
:108330004410C16007F0800080280CD105F5A060D2
:1083400000EB4410C06840F4807105F5A06000EBBC
:108350004410C1600FE0F06B00F4807058B105F577
:10836000A06000EB4410C06840F0600105F5A0601B
:1083700000EB4410C16032E040F29D6105F5A06061
:1083800000EB4410C16007F0800080280BD105F598
:10839000A06000EB4410C06840F4807105F5A06057
:1083A00000EB4410C1601AE040F2252105F5A06001
:1083B00000EB4410C16007F0800080280BD105F568
:1083C000A06000EB4410C06840F4C07105F5A060E7
:1083D00000EB4410C16002E00120009000BF00BF2C
:1083E0004FF48360405904F00F020121914008438B
:1083F0004FF483614851B06940F00070B06107F0FC
:108400008000802802D14FF4004901E04FF00009BC
:108410003046FFF780FE83460E98022805D1BBF157
:10842000020F02D04FF4003A01E04FF0000A4FF083
:10843000FE51049801EA80504FF4F04101EAC7214F
:1084400008434FF4402101EA884108431099C1F3E1
:108450000A01084340EA090040EA0A0005F5A06164
:1084600001EB44110860B8F1030F0BD105F5A060D2
:1084700000EB4410006840F0005105F5A06000EBEF
:1084800044100160009805B0BDE8F08F01460A462F
:1084900040F21440805880B2704700002DE9FE4F32
:1084A00007460C4691463E4665784FF4807BF86B54
:1084B00000F4807010B3207900BBB9F1010F10D126
:1084C000E07910B1E07902280BD106F5A06000EB4D
:1084D0004510C06820F0700106F5A06000EB451063
:1084E000C160B9F1000F09D16079012806D1617826
:1084F0003846FFF789FD0020BDE8FE8F606978B13E
:10850000218960690844401EB0FBF1F01FFA80F831
:10851000D84507DDD846208900FB08F0206101E03E
:108520004FF00108E07820B1208900FB08F02061BD
:1085300001E0606920612069C0F312004A4901EA44
:10854000C8410843A17A4FF0C04202EA4171084392
:1085500006F5A06101EB45110861B9F1000F05D0E6
:1085600006F5A06000EB4510E16841614FF48160C1
:10857000805900F0010080F00100019006F5A06034
:1085800000EB4510006820F0005106F5A06000EBFC
:108590004510016006F5A06000EB451001680198E8
:1085A00041EA407106F5A06000EB4510016006F558
:1085B000A06000EB451000680290029820F0804017
:1085C0000290E07820B1029840F40040029003E06D
:1085D000029820F400400290029840F0004002907F
:1085E00006F5A06000EB451002990160B9F1000F9B
:1085F00001D0002080E7E07898BB606988B3E0791B
:1086000030B1012813D0022803D003281ED10DE079
:1086100000BF6069C01CC0F38F0AF86A80B2504581
:1086200003D2B86940F02000B86110E000BF606973
:10863000C01CC0F38F0A4FF48260805980B250454D
:1086400003D2B86940F08060B86100E000BF00BFAD
:1086500000200090A08A83B262783846E16800F07A
:1086600080F9002048E700000000F81F0FB470B543
:10867000044625460020C5F8000EA06B40F400100B
:10868000A063A06B20F40020A063A06B20F48020E6
:10869000A063E06B00F4807080B10798012806D1D8
:1086A000D5F8000440F00400C5F800040CE0D5F84B
:1086B000000420F00400C5F8000405E0D5F800042B
:1086C00020F00400C5F8000410212046FFF702FD49
:1086D0002046FFF7E7FC00260DE04FF0FF3105F5DF
:1086E000A06000EB46108160002105F5A06000EB62
:1086F0004610C160761C0698B042EED80020A061FA
:10870000401E6061E06B00F4807040B14FF4007077
:1087100060620D48A0620D48C4F8000106E08020A8
:1087200060620B48A0620B48C4F80001089818B9B1
:10873000A06940F01000A061A06907490843A0614A
:10874000002070BC5DF814FB000200010003E00093
:1087500080006000E0004000080020A310B5024641
:108760000B461146D1F8000420F00300C1F80004C4
:10877000D1F8000403F003042043C1F80004012BE6
:1087800005D14BF6803440F20440445006E0022B01
:1087900004D141F2707440F204404450002010BDF6
:1087A000014648698A69104070472DE9F041044646
:1087B0000D46274628464FEA920C02F0030300219B
:1087C0000AE04FF4805858F80780C0F80080401C39
:1087D000401C401C401C491C6145F2D39BB1002148
:1087E0004FF4805858F8076000BF4FEAC10826FAD6
:1087F00008F880F80080491C401CA3F101081FFA0A
:1088000088F3002BF1D1BDE8F08138B50446254648
:1088100000200090D5F840040090009820F02E0031
:108820000090009840F48070C5F840046420FAF786
:10883000F9F9009820F48070C5F840040A20FAF78E
:10884000F1F9002038BD70B504460E460025E068F9
:1088500020F0C040E060012E10D1E06840F00050F0
:10886000E06000BF0120FAF7DDF96D1C2046FFF73C
:108870005EFC012815D0322DF4D312E07EB9E068F9
:1088800040F08040E06000BF0120FAF7CBF96D1C9A
:108890002046FFF74CFC20B1322DF5D301E001203A
:1088A00070BD322D01D10120FAE70020F8E72DE953
:1088B000F04107463E464FF000083846FFF79CFB64
:1088C00010213846FFF706FC3846FFF7EBFB002483
:1088D00010E006F5A06000EB4410056845F0804507
:1088E00025F0004525F4004506F5A06000EB441096
:1088F0000560641C0F2CECD9002423E006F5A06071
:1089000000EB4410056845F0804545F0004525F42E
:10891000004506F5A06000EB4410056000BF08F1BB
:1089200001008046B0F57A7F00D909E006F5A06025
:1089300000EB4410006800F00040B0F1004FEED0B2
:1089400000BF641C0F2CD9D94FF0FF3140F2144006
:108950008151084678613846FFF79DFB0020BDE84D
:10896000F0812DE9F04304460D461E46DDF81CC09B
:10897000A0462946BCF1000F12D1F01C8708002345
:108980000CE0D1F8009008F5805000EB0230C0F800
:108990000090491C491C491C491C5B1CBB42F0D37C
:1089A0000020BDE8F08300BFFEE7000010B50522FF
:1089B00002490348F9F762FE10BD0000643100204F
:1089C0007803002010B50B480068401E00EB001033
:1089D00009494218002109480CF0A3FD0548006828
:1089E000401E00EB001006494218012103480CF01C
:1089F00098FD10BDC00100201FAB0108A031002070
:108A000085AB01080E48006842F21071884207D118
:108A100000200B4908600B480068401C09490860A9
:108A200007480068401D06490860074890ED000AA5
:108A3000DFED060A30EE200A80ED000A70470000E4
:108A4000EC010020E8010020BC01002000004842A9
:108A500010B50021012002F0D5FF10BD10B5012195
:108A6000084602F0CFFF10BD00200C4908600C49F9
:108A7000086001200B49086010200B490860402065
:108A80000A49086080200A490860202009490860D6
:108A90009FED090A094880ED000A7047EC010020AB
:108AA000E8010020D4010020D8010020DC010020D2
:108AB000E0010020E401002000000000BC010020D3
:108AC00010B50F480068401E00EB00100D49421819
:108AD00000210D480CF025FD09480068401E00EB00
:108AE00000100A494218012107480CF01AFD0648F7
:108AF0000CF035FD4FF47A71054809F060F910BDAE
:108B0000C0010020C1A50108A031002027A601084E
:108B1000C830002070B504463A4920460FF091F95C
:108B2000394908700846007888B96420F7F7DFFBF8
:108B30000546224635A12846F7F7B2FC284608F03C
:108B4000ADFF2846F7F702FC2F48007870BD0B22D6
:108B500021463C480EF00AFF2B4908700846007871
:108B600098B16420F7F7C3FB0546234626480278F0
:108B700035A12846F7F794FC284608F08FFF2846D1
:108B8000F7F7E4FB20480078E0E76420F7F7AFFB55
:108B90000546224636A12846F7F782FC284608F00B
:108BA0007DFF2846F7F7D2FB00BF26480EF084FE73
:108BB000154908700846007888B16420F7F797FBDC
:108BC000054623461048027839A12846F7F768FC85
:108BD000284608F063FF2846F7F7B8FB0FE064204B
:108BE000F7F785FB054622463AA12846F7F758FCD9
:108BF000284608F053FF2846F7F7A8FB00BF0248B5
:108C00000078A3E758020020000000204552524F90
:108C100052212121202A25732A20616C726561640A
:108C20007920657869737473212121210A20757375
:108C300065205570646174655F46696C65200A0A39
:108C400000000000C81400204552524F522121213B
:108C5000204E6F2E20256420696E2063726561743A
:108C6000696E672066696C65202A25732A0A0A00E6
:108C70002A25732A206372656174656420737563A5
:108C80006365737366756C6C790A204E6F77207517
:108C900073652057726974655F46696C6520746FEF
:108CA00020777269746520646174610A00000000B5
:108CB0004552524F52204E6F2E20256420696E205F
:108CC000636C6F73696E672066696C65202A257313
:108CD0002A0A0A0046696C65202A25732A20434C1B
:108CE0004F534544207375636365737366756C6C8D
:108CF000790A0A0070B50546482D71D02BDC0D2D80
:108D00006FD00ADC0D2D6DD2DFE805F0728690A3DE
:108D1000B2C2CEDEEAFAF8F7F600162D79D00DDCF5
:108D2000A5F10E000828EED2DFE810F072019501DF
:108D30005C00B801C501CC015C00D301332D69D0C2
:108D400004DC1F2D67D0292D4CD111E2342D79D0B0
:108D50003D2DF9D16FE2F22D75D01EDC572D73D069
:108D60000EDC522D71D006DC492D6FD04A2D6ED00D
:108D70004D2DE9D184E2532D6AD0542DE4D19AE2ED
:108D8000642D72D004DC5C2D70D0632DDCD1C9E27F
:108D9000F02D6CD0F12DD7D121E340F2EB31681AE0
:108DA0008D4271D014DCB5F57A7F6ED009DCB5F553
:108DB000617F6BD0A5F28630002868D05828C3D1D7
:108DC000ABE3A5F2E93000287AD00128BCD1FDE35D
:108DD000092876D007DC012874D00228B4D1F6E344
:108DE00033E2F2E026E212286DD01328ACD1D3E3AF
:108DF00007F070FE0520FE490860FE48017800205B
:108E000002F0BEFAFC4908800A21FC4808F0FCFE8A
:108E100010E27CE1B3E1A1E107F07CFEF5480178C6
:108E2000012002F0ADFAF4490880F1E707F088FE6E
:108E300007F06AFDEF480178022002F0A1FAEE493E
:108E40000880E5E7BCE1D9E23CE220E20AE210E278
:108E50002AE207F083FE07F057FDE6480178032079
:108E600002F08EFAE4490880D2E78FE231E2A7E20D
:108E700007F08AFE07F048FDDE480178042002F082
:108E80007FFADD490880C3E7F7E3B0E3BEE2C9E259
:108E900007F090FE07F038FDD6480178052002F073
:108EA0006FFAD5490880B3E707F09AFE07F02CFD6A
:108EB000D0480178062002F063FACF490880A7E77E
:108EC000F6E334E3F5E33EE307F0A0FE07F01CFD14
:108ED000C8480178072002F053FAC749088097E78D
:108EE00007F0AAFE07F010FDC2480178082002F042
:108EF00047FAC14908808BE73FE019E00CE0FFE743
:108F000007F0B0FE07F000FDBA480178092002F032
:108F100037FAB94908807BE707F0D2FE07F0F4FC86
:108F2000B44801780A2002F02BFAB34908806FE7B1
:108F300007F0F4FE0020B2490860AE4801780B202B
:108F400002F01EFAAC49088007F0DEFCAA4800884F
:108F5000642802D10020AA490860A74800880C288C
:108F60000AD10120A6490860A6480CF055FA012252
:108F70000521A4480CF068FA4AE700229D480178D0
:108F8000A1480CF021FF07F0E9FE00219E480DF0FA
:108F9000D1F9064607F0B8F9964801780C2002F09E
:108FA000EFF99549088092480068022805D10846E3
:108FB00000880D2801D1642008808F4800880C2883
:108FC00002D090480CF032FA22E78E480CF038FAC2
:108FD00038B98C480CF020FA0122052189480CF0A0
:108FE00033FA01228348017887480CF0EDFE07F040
:108FF000CFFE012184480DF09DF9064607F084F963
:109000007C4801780D2002F0BBF97B490880FFE61F
:109010007C480CF015FA38B97A480CF0FDF90122B9
:10902000052178480CF010FA02227248017876483F
:109030000CF0CAFE07F0C6FE022173480DF07AF963
:10904000064607F061F96B4801780E2002F098F9A6
:1090500069490880DCE66B480CF0F2F938B96948D8
:109060000CF0DAF90122052166480CF0EDF9032233
:109070006048017864480CF0A7FE07F0BDFE0321AC
:1090800061480DF057F9064607F03EF95948017856
:109090000F2002F075F958490880B9E601205B49B4
:1090A000086007F0C3FE53480178262002F068F9F3
:1090B00051490880ACE602204D4908600B204E491A
:1090C0000880FFE305204A4908600B204A490880D0
:1090D000F8E307F0C5FE02204C490860002048492B
:1090E000086044480178102002F04AF9424908809B
:1090F00008460088642802D10020414908603E48A3
:109100000088162802D101203D490860DAE33D4875
:109110000CF096F938B93B480CF07EF90122052194
:1091200038480CF091F904223248017836480CF0A6
:109130004BFE07F0B5FE042133480DF0FBF8064660
:1091400007F0E2F82B480178112002F019F92A49BA
:1091500008802F48006807F049F8B3E303202B4943
:1091600008600A202B490860642023490880A9E38D
:1091700004202649086064201F490880A2E30120DA
:109180002249086002201A4908600120224908602B
:1091900007F0C4FD17480178122002F0F1F81649D3
:1091A000088008460088642802D10020144908601D
:1091B00011480088342802D101201149086081E358
:1091C00010480CF03DF938B90E480CF025F9012291
:1091D00005210C480CF038F90422064801780A48A9
:1091E0000CF0F2FD07F076FE0421074816E00000BF
:1091F000040200202802002024020020C8300020A1
:1092000008020020A0310020C831002038020020D0
:10921000C4010020300200200C0200200DF08AF86A
:10922000064607F071F8F9480178132002F0A8F813
:10923000F749088046E30620F64908600A20F64907
:1092400008606420F24908803CE30720F149086087
:1092500007F05AFEED4801783E2002F091F8EC4903
:1092600008802FE30120ED4908604D20E84908807F
:1092700028E30A20E94908604D20E549088021E3F8
:109280000720E44908606420E14908801AE30820C7
:10929000E049086007F038FEDC4801783F2002F022
:1092A0006FF8DB4908800DE30120DC490860572096
:1092B000D749088006E30A20D84908605720D449D6
:1092C0000880FFE20820D34908606420D049088064
:1092D000F8E20920CF490860D1480CF0B1F838B95C
:1092E000CF480CF099F801220521CD480CF0ACF8DC
:1092F0000422C6480178CB480CF066FD07F01EFE3C
:109300000421C8480DF016F8064606F0FDFFBF48D8
:109310000178252002F034F8BD4908800120C249B7
:109320000860CFE20A20BB490860BD480CF088F80D
:1093300038B9BB480CF070F801220721B8480CF08E
:1093400083F8B2480178B7480CF014FE07F010FE1D
:10935000B4480CF00BFEB04908600846006806F0FF
:1093600055FFAA480178372002F00AF8A84908807A
:10937000A9480068012801DA63200880A64800682F
:109380000A2802DD6320A24908809BE2A4480CF071
:1093900057F810B1A2480CF049F807F003FE08F0A6
:1093A000FFFB0020A1490860A1490860642098499A
:1093B000088000209F49086001209F49086081E2E1
:1093C0009E4808F025FC48B108F036F84FF4FA61E1
:1093D0009A4808F019FCF1208D49088072E29748FC
:1093E00008F016FC48B108F063F84FF4FA619348AE
:1093F00008F00AFCF2208649088063E28F4808F0F2
:1094000007FC10B10020824908805BE208F084F973
:1094100007F07AFA7D480178382001F0B1FF7C49E5
:1094200008804FE20B207B490860012084490860D6
:1094300010208449086040208349086080208349C7
:10944000086020208249086008F07CF90021012092
:1094500002F0D8FA7FA001F089FF002171480CF0DA
:1094600031FF18B17CA001F081FF02E07BA001F088
:109470007DFF0021062002F0C5FA79A001F076FFF9
:10948000012168480CF01EFF18B173A001F06EFFB7
:1094900002E072A001F06AFF0021092002F0B2FA96
:1094A00070A001F063FF02215E480CF00BFF18B1C1
:1094B00069A001F05BFF02E068A001F057FF002106
:1094C0000C2002F09FFA68A001F050FF03215548DC
:1094D0000CF0F8FE18B160A001F048FF02E05FA0B8
:1094E00001F044FF00210F2002F08CFA5FA001F090
:1094F0003DFF04214B480CF0E5FE18B15CA001F0E3
:1095000035FF02E05BA001F031FF404801783920CF
:1095100001F036FF3E490880D4E108F027F93B48C6
:1095200001783A2001F02CFF39490880CAE108F09F
:10953000D5F907F0E9F9354801783A2001F020FF24
:1095400033490880BEE136480BF07AFF38B9344819
:109550000BF062FF0122052131480BF075FF0C2052
:109560002C4908600120304908600422274801780E
:109570002C480CF029FC08F0C7F9042129480CF00C
:10958000D9FE064606F0C0FE204801783B2001F0D7
:10959000F7FE1F49088095E121480BF051FF38B9CB
:1095A0001F480BF039FF012204211D480BF04CFF2E
:1095B0000522164801781B480CF006FC05211948C5
:1095C0000CF0B8FE1749C1F8200201E052E197E023
:1095D00008F0FCF91349D1F8200206F0FFFE0B4811
:1095E00001783C2001F0CCFE094908806AE1FFF7D0
:1095F000E9F9002405480078032844D106F056FE16
:10960000D0BB40F2EB300249088050E02802002035
:109610002402002038020020300200201002002026
:10962000A0310020C831002008020020EC010020F9
:10963000E8010020D0010020CC010020C83000202B
:10964000D4010020D8010020DC010020E00100202E
:10965000E4010020533A30006F2000007820000021
:109660003100000032000000330000003400000030
:109670006F0000007800000000E01BE04FF47B70FA
:109680009549088013E095480078062805D194484C
:10969000B0F900009049088009E09048007801285E
:1096A00005D16A208C49088001208E49086009E1B3
:1096B000D7E04BE006F0FAFD80B98B480068401E09
:1096C00000EB001089494218002189480BF029FF5E
:1096D000884A012186480BF024FF06E040F2ED3075
:1096E0007D49088006207D4908707C480078012863
:1096F00005D16A207849088001207A490860E1E0B4
:1097000079480068401E00EB00107B494218002198
:1097100077480BF006FF74480068401E77494218EE
:10972000012173480BF0FDFE6C480078062804D137
:109730004FF47B706849088007E06848007801288A
:1097400003D14FF47A7064490880BBE06C4800682C
:109750000D2863D2DFE800F0620728384262414AF0
:109760004B29396253006748006860B16648006859
:1097700008B1012000E000200146052263480AF0FC
:10978000DDFC04460CE06048006808B1012000E000
:10979000002002465E4801785C480AF0EBFA044675
:1097A00000205849086039E000BF5748006808B1F8
:1097B000012000E0002001465148008802B25348D1
:1097C0000AF0BCFC044629E000BF4D48008801B205
:1097D0004E480AF03DFA044620E000BF48480088A1
:1097E00001B24A480AF014F8044617E000BF4448A2
:1097F000008801B245480AF005F904460EE04248E7
:10980000006808B1012000E0002001463C480088C3
:1098100002B23E480AF092FC044600BF00BF5CB1B1
:1098200031480068401E00EB00103A4942180121FF
:109830002F480BF076FE0AE02B480068401E00EB34
:10984000001035494218012129480BF06AFE4FF4F7
:109850007A71324808F0D8F940F2E9301E490880A0
:1098600030E02E4808F0D4F918B140F2EA301A4935
:10987000088027E01C480068401E00EB00102849C3
:10988000421800211A480BF04CFE17480068401E91
:1098900000EB001023494218012115480BF041FE4E
:1098A0000E480078062805D10D48B0F900000A4995
:1098B000088006E009480078012802D164200649A2
:1098C000088000BF00BF0448B0F90000854201D005
:1098D000012070BD0020FCE72402002028020020A7
:1098E00026020020CC010020C0010020E0AF0108CA
:1098F000A0310020CFAF010813B00108BEAF0108AE
:10990000380200200C02002008020020550200202E
:1099100004020020DFB0010812B10108C8300020A5
:1099200079B00108ACB0010870B50446FF2540F2DB
:10993000F511601A8C4272D016DC692C70D008DCEC
:10994000A4F16400052839D2DFE800F0293987BE88
:10995000DD006A2C6FD0CA2C6ED0B4F5977F6CD026
:10996000B4F5C97F2AD1C2E1CA2867D00CDC03282C
:1099700070D004DC01286ED00228F3D1FBE104286A
:109980006AD0C928EED165E2A0F22D1000287DD062
:1099900001287CD064287BD06528E3D126E307F03A
:1099A00001FBFD480078062808D10020FB4908800B
:1099B000FB490860FB49086008F0ECF839E308F05F
:1099C000E9F8F94800680D2842D2DFE800F04107C5
:1099D0000B0F1441191E232A38413D006620EF4920
:1099E000088035E0CA20ED49088031E04FF49770D7
:1099F000EA4908802CE04FF4C970E849088027E064
:109A00004FF49770E549088022E040F2BE20E34918
:109A100008801DE040F22230E049088018E082E131
:109A200090E040F28630DD490880FFF717F8DF4804
:109A300001F09CFC0CE0A9E025E13CE12FE24FF4B1
:109A40009770D649088003E0CA20D449088000BF37
:109A500000BFEEE2D0E178E1F3E107F0C3FA0021C4
:109A60000C2001F0CFFFD2A001F080FCCA480078A2
:109A7000062809D10020CA490860CA490860642044
:109A8000C649088008F08CF8CB4802E0E3E145E2E3
:109A90008AE20068012816D1C848006802280FD160
:109AA000C048006818B1C6480CF032F902E0C4485A
:109AB0000CF044FC6A20B949088008F071F802E013
:109AC0006720B6490880B4E207F08CFA00210C2028
:109AD00001F098FFBBA001F049FCAF4800780628D0
:109AE00009D10020AE490860AE4908606420AB4946
:109AF000088008F055F8B0480068022802D16820B4
:109B0000A649088095E207F06DFA00210C2001F0CB
:109B100079FFAEA001F02AFC9F480078062809D101
:109B200000209F4908609F49086064209B49088085
:109B300008F036F8A0480068032802D16920974948
:109B4000088076E207F04EFA00210C2001F05AFF5F
:109B5000A0A001F00BFC90480078062809D1002055
:109B60008F4908608F49086064208C49088008F09C
:109B700017F891480068042807D191480CF0DEFBE3
:109B80006A208649088008F00BF852E207F046FA8E
:109B90008148007801F0C6FF8049088008460088A7
:109BA00001280BD100207E4908607C48B0F90000F4
:109BB0008A4908804FF47A7078490880774800888D
:109BC0006E2804D102207649086007F0E3FF73484D
:109BD000B0F90000FA2804D102207149086007F0AA
:109BE000D9FF6E48B0F90000B0F5AF7F07D1022071
:109BF0006B49086000207A49088007F0CBFF67486E
:109C0000B0F90000B0F5CD7F07D1022064490860AB
:109C100000207349088007F0BDFF6048B0F90000DC
:109C200040F2C621884209D102205D490860002027
:109C30006B4908806B49088007F0ACFF5748B0F9C2
:109C4000000040F22A31884209D1022054490860BC
:109C50000020634908806349088007F09BFF4F4854
:109C6000B0F9000040F2B631884204D102204C49DC
:109C7000086007F08FFF49480088642802D100205F
:109C800047490860D5E107F0ADF900210D2001F04A
:109C9000B9FE55A001F06AFB3F480078062809D1BB
:109CA00000203F4908603F49086064203B49088024
:109CB00007F076FFBDE107F095F900210C2001F0D7
:109CC000A1FE4BA001F052FB4548008806F0A2FD22
:109CD00031480078062809D100203149086031490F
:109CE000086064202D49088007F05AFFA1E107F0C1
:109CF00079F900210C2001F085FE3DA001F036FB32
:109D00003748008806F086FD23480078062809D1E8
:109D10000020234908602349086064201F49088007
:109D200007F03EFF85E11C480078062806D1002098
:109D30001B4908601B49086018490880802D03DA18
:109D40004FF4FB701549088073E11348007806282A
:109D500004D100201249086010490880802D09DDD7
:109D600040F2F7100D49088007F014FF01F058FE8B
:109D7000FEF77AFE5DE107F035F90748007806281E
:109D800008D1002006490860064908600349088098
:109D900007F006FF4DE10000280200202402002009
:109DA000CC0100200C0200203802002046B001083F
:109DB00053303E5331000000C8010020040200204F
:109DC000C831002053303E533200000053303E5320
:109DD0003300000053303E533400000026020020C0
:109DE0002A0200202C020020706173730000000022
:109DF000496E743A0000000007F010F992480178AB
:109E0000292001F0BDFA9149088008460088012800
:109E100004D100208E4908608E4908608B48B0F953
:109E2000000040F2262188420AD18B48006810B910
:109E3000481E8649088002208549086007F0AAFE6E
:109E4000F7E00020824908608249086064207F4969
:109E50000880EEE000BF07F0C9FB00210A2001F0F6
:109E6000D1FD7EA001F082FA7D48008806F0D2FC88
:109E70000021102001F0C6FD7A48008806F0CAFCD7
:109E800071480078062809D100207149086071499D
:109E9000086064206D49088007F082FEC9E007F081
:109EA000A5FB00210A2001F0ADFD6F4800680728DE
:109EB00003D16AA001F05AFA02E06CA001F056FA50
:109EC0006748008806F0A6FC0021102001F09AFDEA
:109ED0006448008806F09EFC65480068012800D1AF
:109EE00000E0002063490968012900D100E0002159
:109EF000084020B107F054FE6A20544908805248B7
:109F00000078062809D100205149086051490860AD
:109F100064204E49088007F043FE8AE007F066FBA4
:109F200000210A2001F06EFD4F480068072803D188
:109F30004AA001F01BFA02E04CA001F017FA4848D1
:109F4000008806F067FC0021102001F05BFD454809
:109F5000008806F05FFC46480068012800D100E058
:109F6000002044490968012900D100E0002108408F
:109F700058B107F015FE6A20344908803E48006851
:109F8000022802D101203C4908602F4800780628A9
:109F900009D100202E4908602E49086064202B4911
:109FA000088007F0FDFD44E007F01CF800210C20BC
:109FB00001F028FDAFF2082001F0D8F9224800781E
:109FC000062809D10020224908602249086064203F
:109FD0001E49088007F0E4FD2848006828B907F00A
:109FE000DFFD40F287301949088022E007F016F8BB
:109FF0001548007801F096FD14490880084600884D
:10A00000012804D1002012490860124908600F4855
:10A01000B0F90000962804D102200D49086007F02D
:10A02000B9FD0A480088642802D100200849086068
:10A0300000BF00BF0548B0F90000844201D00120F4
:10A0400070BD0020FCE70000280200202402002050
:10A05000CC0100200C020020080200203E0000007D
:10A060002A0200202C020020380200203C000000C0
:10A07000FC0100200002002010020020C801002086
:10A0800010B50446FC2C71D030DCA92C6FD018DC44
:10A09000982C6DD00CDC952C6BD004DC6E2C6BD026
:10A0A0006F2C68D1C5E0962C72D0972CF9D11AE1AB
:10A0B000992C6ED09A2C6DD09B2C6CD09C2CF0D10E
:10A0C000F0E1AE2C68D008DCAA2C73D0AB2C72D097
:10A0D000AC2C71D0AD2CE4D1D2E2AF2C6DD0B02C31
:10A0E0006CD0FA2C6BD0FB2CDBD19CE340F2EE2140
:10A0F000601A8C427ED022DC40F22621A4EB0100C3
:10A100008C4278D012DCB4F5E17F75D006DCB4F572
:10A11000AF7F72D0B4F5CD7FC3D1F3E3B4F5EB7F5D
:10A120006CD0A4F225200028BBD1EAE3012866D038
:10A13000022874D0032873D0A028B2D1FDE365288B
:10A140006FD008DC01286DD014286CD03C286BD06F
:10A150006428A6D1F2E3782867D0C8287ED0C92821
:10A160007DD0A0F2F71000289BD1E8E392E3DDE177
:10A17000D6E07EE000E0CAE2FE48006888B9FE480A
:10A180000068012809D140F22520FC490880BEE280
:10A190008CE0E2E0FEE041E196E26F20F7490880C2
:10A1A000F5E7F548006801280AD140F22620F34976
:10A1B0000880ECE7F8E11BE23EE2A9E2CCE2EFE244
:10A1C000EF480178152001F0DBF8EC4908800846DB
:10A1D00000886A2802D10120EA490860E748B0F9FE
:10A1E000000096280ED1E848006802280AD1952080
:10A1F000E24905E0DBE3F3E3ABE36CE3B7E3F0E371
:10A200000880C4E7DD48B0F90000AA280ED1DE4876
:10A21000006802280AD1A920D8490880B7E7FDE3E1
:10A22000FDE3FDE3FDE3FDE3FDE3FDE306F016FFE3
:10A23000ADE706F033FFD2480178342001F0A0F8F2
:10A24000CE490880084600886A2802D10120CD49FD
:10A250000860CA48B0F90000962801E0FBE3FBE380
:10A2600006D1C9480068022802D19520C349088058
:10A270008DE706F033FF0021032001F0C3FBC34A42
:10A28000916DD06A06F0D8F8C1A001F06FF8BC4813
:10A290000178272001F074F8B84908800846008842
:10A2A0006A2802D10120B749086070E706F028FF4C
:10A2B0000021062001F0A6FBB44A916DD06A06F099
:10A2C000BBF8B3A001F052F8AD480178162001F0B8
:10A2D00057F8AA490880084600886A2802D1012058
:10A2E000A849086053E706F039FF0021062001F075
:10A2F00089FBA64AD16D106B06F09EF8A4A001F070
:10A3000035F89F480178172001F03AF89B490880FA
:10A31000084600886A2802D101209A49086036E779
:10A3200006F04EFF0021062001F06CFB974A116EEB
:10A33000506B06F081F896A001F018F8904801786B
:10A34000182001F01DF88D490880084600886A2809
:10A3500002D101208B49086019E706F059FF00215E
:10A36000062001F04FFB894A516E906B06F064F8AD
:10A3700087A000F0FBFF82480178192001F000F867
:10A380007E490880084600886A2802D101207D495C
:10A390000860FCE606F064FF0021062001F032FBB5
:10A3A0007A48016BC06A81420CD27848006B42F255
:10A3B00010710844784908607448C06D401E7749A0
:10A3C000086007E07148006B734908606F48C06D12
:10A3D000724908606D48C06A6F490968091A6B487C
:10A3E000C163806D6D490968091A68488166024633
:10A3F000916ED06B06F020F865A000F0B7FF6048C2
:10A4000001781A2000F0BCFF5C49088008460088EB
:10A410006A2802D101205B490860B8E606F048FFCF
:10A420000021062001F0EEFA5848416B006B814292
:10A430000CD25648406B42F21071084456490860ED
:10A440005248006E401E5549086007E04F48406B77
:10A45000514908604D48006E504908604B48006BF8
:10A460004D490968091A49480164C06D4B4909689A
:10A47000091A4648C1660246D16E106C05F0DCFF31
:10A4800043A000F073FF3E4801781B2000F078FFE6
:10A490003A490880084600886A2802D101203949D3
:10A4A000086074E606F02CFF0021062001F0AAFAED
:10A4B0003648816B406B81420CD23448806B42F24B
:10A4C00010710844344908603048406E401E3349DA
:10A4D000086007E02D48806B2F4908602B48406ECC
:10A4E0002E4908602948406B2B490968091A2748FA
:10A4F0004164006E29490968091A24480167024627
:10A50000116F506C05F098FF25A000F02FFF1C483C
:10A5100001781C2000F034FF1849088008460088A4
:10A520006A2802D101201749086030E606F010FFC2
:10A530000021072001F066FA1448D0ED4D0AB0EE74
:10A54000600A05F0D1FF00210E2001F05BFA15A092
:10A5500000F00CFF0A480178282000F011FF07499D
:10A560000880084600886A2802D101200549086051
:10A570000DE60000080200200C020020240200204A
:10A5800028020020CC01002004020020C831002055
:10A590002073202000000000140200201802002078
:10A5A000207320006D2F730006F0E4FE00210720C9
:10A5B00001F028FAFE48D0ED4D0AB0EE600A05F031
:10A5C00093FF00210E2001F01DFAAFF2280000F0E9
:10A5D000CDFEF84801781D2000F0D2FEF649088033
:10A5E000084600886A2802D10120F4490860CEE5B7
:10A5F00006F0CEFE0021072001F004FAEC48D0ED71
:10A600004E0AB0EE600A05F06FFF00210E2001F047
:10A61000F9F9AFF2700000F0A9FEE64801781E20BB
:10A6200000F0AEFEE4490880084600886A2802D19E
:10A630000120E2490860AAE506F0B6FE00210720E5
:10A6400001F0E0F9DA48D0ED4F0AB0EE600A05F00B
:10A650004BFF00210E2001F0D5F9AFF2B80000F059
:10A6600085FED44801781F2000F08AFED249088078
:10A67000084600886A2802D10120D0490860FFE31B
:10A6800006F09EFE0021072001F0BCF9C848D0ED7D
:10A69000500AB0EE600A05F027FF00210E2001F0FD
:10A6A000B1F9AFF2001000F061FEC248017820203D
:10A6B00000F066FEC0490880084600886A2802D17A
:10A6C0000120BE490860DBE306F086FE002107207A
:10A6D00001F098F9B648D0ED510AB0EE600A05F0E5
:10A6E00003FF00210E2001F08DF9AFF2481000F0B9
:10A6F0003DFEB0480178212000F042FEAE490880BE
:10A70000084600886A2802D10120AC490860B7E3F6
:10A7100006F06EFE0021072001F074F9A448D0ED88
:10A72000520AB0EE600A05F0DFFE00210E2001F0B3
:10A7300069F9AFF2901000F019FE9E4801782220CE
:10A7400000F01EFE9C490880084600886A2802D155
:10A7500001209A49086093E306F056FE0021072085
:10A7600001F050F99248D0ED530AB0EE600A05F0BE
:10A77000BBFE00210E2001F045F9AFF2D81000F029
:10A78000F5FD8C480178232000F0FAFD8A49088005
:10A79000084600886A2802D10120884908606FE3D2
:10A7A0008748006838B987480068022803D1FC2030
:10A7B0008149088064E306F0B9FE0021032001F01E
:10A7C00021F97B4A916DD06A05F036FE7EA000F03B
:10A7D000CDFD784801782F2000F0D2FD7649088021
:10A7E000784800680C2808D10846B0F9000040F20B
:10A7F000E541884201D1704908807248006802280A
:10A8000009D16D48B0F9000040F2E541884202D11B
:10A81000FB2069490880684800886A2802D1012025
:10A82000664908602CE306F08FFE0021042001F049
:10A83000E9F85F48D0ED4D0AB0EE600A05F054FE2D
:10A8400063A000F093FD5B480178302000F098FD94
:10A85000594908805B4800680C2805D10846B0F9C2
:10A860000000FA2800D1088056480068022809D163
:10A870005148B0F9000040F2E541884202D1FA2087
:10A880004D4908804C4800886A2802D101204B4974
:10A890000860F5E206F022FC0021032001F0B2F886
:10A8A000434A916DD06A05F0C7FD4BA000F05EFDF4
:10A8B00044480068022806D13E480178352000F05F
:10A8C0005FFD3D4908803C4800886A2802D101208C
:10A8D0003A490860D4E201F08FFB4048008800B29A
:10A8E00006F0A6F83348007801F070F93249088084
:10A8F000084600886A2802D1012030490860BFE27A
:10A9000000E042E006F02EFE2A4801782A2000F0FE
:10A9100037FD29490880084600886A2802D10120AD
:10A92000264908602448B0F90000B0F5E17F02D163
:10A9300000202A490880204802E0F3E0AEE180E2EE
:10A94000B0F90000B0F5EB7F02D100202349088068
:10A9500096E206F027FE2148008800B206F068F86B
:10A960001448007801F06AF91349088088E206F07B
:10A970001DFE1A48008800B206F00CF80D48007859
:10A9800001F08CF90C4908807AE206F0A7FB00215F
:10A99000032001F037F8064A916DD06A05F04CFDAE
:10A9A0000DA000F0E3FC0348017836201AE0DEE059
:10A9B000C83100202802002024020020CC01002001
:10A9C0000802002038020020207320202000000010
:10A9D000206D2F7300000000207300002A02002069
:10A9E0000CE03AE000F0CCFCFE4908800846008804
:10A9F0006A2802D10120FC49086041E2FB48006856
:10AA000018B940F22520F749088006F08FFD002193
:10AA1000032000F0F7FFF64A916D06E03CE05AE0B3
:10AA200061E1C9E0EFE014E184E1D06A05F004FDE2
:10AA3000AFF26C0000F09AFCEE4801782B2000F099
:10AA40009FFCE8490880084600886A2802D1012056
:10AA5000E549086014E293E1B2E106F075FD0021DA
:10AA6000042000F0CFFFE248D0ED4D0AB0EE600ABE
:10AA700005F03AFDE0A000F079FCDE4801782C20DA
:10AA800000F07EFCD7490880084600886A2802D179
:10AA90000120D5490860F3E106F08CFD0021042077
:10AAA00000F0B0FFD248D0ED870AB0EE600A05F0A2
:10AAB0001BFDD3A000F05AFCCE4801782D2000F0F9
:10AAC0005FFCC8490880084600886A2802D1012036
:10AAD000C5490860D4E106F07BFD0021042000F0A8
:10AAE00091FFC34890ED870AD0ED630A20EE200A5B
:10AAF00080ED4E0AD0ED4E0AB0EE600A05F0F4FC8F
:10AB0000C1A000F033FCBB4801782E2000F038FCD7
:10AB1000B4490880084600886A2802D10120B24959
:10AB20000860ADE106F096FDB2480178312000F0F2
:10AB300027FCAC490880084600886A2802D1012019
:10AB4000A9490860A748B0F9000040F2EE21884208
:10AB500002D10020AE490880A248B0F9000040F2BE
:10AB60000231884202D10020AA49088088E106F01B
:10AB700091FD0021032000F045FFA748A449098862
:10AB800000EB8100D0ED000AB0EE600A05F08EFE09
:10AB9000A2A000F0EBFB00210F2000F033FF9C4847
:10ABA000008805F037FE9E4801689248007801F061
:10ABB000A5F88C49088063E106F082FD002103209E
:10ABC00000F020FF944A843A924B1B8852F82310DD
:10ABD0002C3A904B1B8852F8230005F02DFC8FA0D7
:10ABE00000F0C4FB00210F2000F00CFF8948008812
:10ABF00005F010FE8A4801687E48007801F0B0F840
:10AC0000784908803CE106F071FD0021032000F046
:10AC1000F9FE814858307F49098800EB8100D0ED6A
:10AC2000000AB0EE600A05F041FE7CA000F09EFB39
:10AC300000210F2000F0E6FE7648008805F0EAFDCE
:10AC4000774801686B48007801F0CAF865490880C8
:10AC500016E106F0FFFC67480178402000F090FB09
:10AC600060490880084600886A2802D101205E49B0
:10AC700008605C48B0F9000040F25231884202D1CD
:10AC80000020634908805748B0F9000040F266315F
:10AC9000884202D100205F490880F1E006F0FAFC0A
:10ACA0000021032000F0AEFE5B485949098800EB03
:10ACB0008100D0ED000AB0EE600A05F0F7FD57A064
:10ACC00000F054FB00210F2000F09CFE504800884B
:10ACD00005F0A0FD524801684648007801F0B6F83A
:10ACE00040490880CCE006F0EBFC0021032000F096
:10ACF00089FE494A843A474B1B8852F823102C3A64
:10AD0000444B1B8852F8230005F096FB43A000F04B
:10AD10002DFB00210F2000F075FE3E48008805F055
:10AD200079FD3F4801683348007801F0D7F82D4994
:10AD30000880A5E006F0DAFC0021032000F062FEA6
:10AD4000354858303349098800EB8100D0ED000ABE
:10AD5000B0EE600A05F0AAFD30A000F007FB00216C
:10AD60000F2000F04FFE2B48008805F053FD2C48C3
:10AD700001682048007801F009F91A4908807FE04D
:10AD800006F0D4FB0021032000F03CFE1848D0ED73
:10AD9000630AB0EE600A05F089FDAFF60C0000F022
:10ADA000E5FA14480178322000F0EAFA0D490880EB
:10ADB000084600886A2802D101200B4908605FE03C
:10ADC00006F0C2FB0021042000F01CFE0848D0ED74
:10ADD0004D0AB0EE600A05F087FBAFF20C4000F0C0
:10ADE000C5FA1FE024020020CC0100200802002048
:10ADF000C831002028020020206D2F732020000081
:10AE0000206D2F7332000000206D2F732000000092
:10AE10002A0200202C02002054330020730000007E
:10AE2000100200201B480178332000F0A9FA1A49CB
:10AE30000880084600886A2802D101201749086066
:10AE40001EE006F0DDFD0021042000F0DBFD1448CB
:10AE5000D0ED840AB0EE600A05F046FB11A000F0C8
:10AE600085FA0C4801783D2000F08AFA0A490880EA
:10AE7000084600886A2802D101200849086000BFFE
:10AE800000BF0548B0F90000844201D0012010BD88
:10AE90000020FCE72802002024020020CC01002032
:10AEA000C831002020204A202000000000EB800153
:10AEB00000BF00BF00BF00BF00BF00BF00BF00BF9A
:10AEC00000BF00BF00BF00BF00BF00BF00BF4A1EE1
:10AED000111EEED17047000010B50348828B8169C6
:10AEE00002480AF009FC10BD70010020700000202B
:10AEF00070B504460D46164633462A46214602489A
:10AF00000AF003FC70BD00007000002070B505461B
:10AF1000002413E00120A040284008B1012000E0F7
:10AF2000002003460E4800EBC40082880C4850F80D
:10AF300034100C480AF0E9FB601CC4B2042CE9DBB5
:10AF4000012211020848FFF7D3FF0A20FFF7AEFFE6
:10AF500000224FF480710448FFF7CAFF70BD000063
:10AF600070010020700000200000024070B504460F
:10AF7000234920460CF065FF2249087008460078F6
:10AF800088B16420F5F7B3F9054622461EA128468C
:10AF9000F5F786FA284606F081FD2846F5F7D6F93A
:10AFA0001848007870BD20460DF029F81549087042
:10AFB0000846007878B96420F5F799F905462246E5
:10AFC00019A12846F5F76CFA284606F067FD2846D1
:10AFD000F5F7BCF911E06420F5F789F90546234639
:10AFE000084802781AA12846F5F75AFA284606F0CA
:10AFF00055FD2846F5F7AAF900BF02480078D1E7C9
:10B0000058020020000000204552524F52212121B9
:10B01000202A25732A20646F6573206E6F74206563
:10B0200078697374730A0A002A25732A2068617389
:10B03000206265656E2072656D6F7665642073753C
:10B04000636365737366756C6C790A0A00000000AF
:10B050004552524F52204E6F2E20256420696E209B
:10B0600072656D6F76696E67202A25732A0A0A0059
:10B0700010B501220A4900200CF048FC094908706B
:10B080000846007840B908A006F008FDFDF718FD55
:10B0900000200E49087002E00DA006F0FFFC10BD74
:10B0A000410000200000002055534220554E4D4FD6
:10B0B000554E544544207375636365737366756CB0
:10B0C0006C792E2E2E0A0A0A000000001C000020B7
:10B0D0004552524F5221212120696E20554E4D4F2D
:10B0E000554E54494E4720555342200A0A0A000043
:10B0F0002DE9F04104460D46534920460CF0A1FECF
:10B10000524908700846007890B16420F5F7EFF8CE
:10B11000064622464EA13046F5F7C2F9304606F003
:10B12000BDFC3046F5F712F948480078BDE8F081DB
:10B13000322221464E480CF019FC4449087008465A
:10B14000007898B16420F5F7D2F8074623463F48C7
:10B15000027848A13846F5F7A3F9384606F09EFC78
:10B160003846F5F7F3F839480078DFE76420F5F75B
:10B17000BEF80646224649A13046F5F791F9304619
:10B1800006F08CFC3046F5F7E1F82846F5F732FB7F
:10B1900007464E4B3A46294635480CF0B7FF2B4937
:10B1A00008700846007888B16420F5F7A0F80746D3
:10B1B00023462648027846A13846F5F771F9384605
:10B1C00006F06CFC3846F5F7C1F80FE06420F5F79F
:10B1D0008EF80746224648A13846F5F761F9384609
:10B1E00006F05CFC3846F5F7B1F800BF20480CF0DB
:10B1F00063FB164908700846007888B16420F5F7AB
:10B2000076F8074623461148027842A13846F5F7FA
:10B2100047F9384606F042FC3846F5F797F80FE054
:10B220006420F5F764F80746224644A13846F5F74E
:10B2300037F9384606F032FC3846F5F787F800BF94
:10B2400000BF0248007871E758020020000000208B
:10B250004552524F52212121202A25732A20646F02
:10B260006573206E6F74206578697374730A0A00C1
:10B27000C81400204552524F52212121204E6F2EDA
:10B2800020256420696E206F70656E696E67206688
:10B29000696C65202A25732A0A0A00004F70656EC2
:10B2A000696E672066696C652D2D3E20202A257306
:10B2B0002A2020546F205550444154452064617425
:10B2C0006120696E2069740A0000000008000020F7
:10B2D0004552524F52212121204E6F2E20256420AD
:10B2E000696E2077726974696E672066696C652083
:10B2F0002A25732A0A0A00002A25732A2055504459
:10B3000041544544207375636365737366756C6C53
:10B31000790A00004552524F52212121204E6F2EB2
:10B3200020256420696E20636C6F73696E672066E8
:10B33000696C65202A25732A0A0A000046696C6533
:10B34000202A25732A20434C4F53454420737563AC
:10B350006365737366756C6C790A0A0000B5024800
:10B3600008F00DFA00BD0000B201002010B504463F
:10B37000214602480AF078F810BD0000A0310020F4
:10B3800002460020012904D0032906D0062910D145
:10B3900009E00C4B33F9320011E00A4B03EBC20316
:10B3A000B3F902000BE0074B03EBC203B3F904004F
:10B3B00005E0044B03EBC203B3F9060000BF00BF76
:10B3C0007047000046B1010810B50446C748B0F9FF
:10B3D000001040F2F712881A91427DD00ADC6429ED
:10B3E00011D0CA294CD0B1F5977F76D0B1F5C97F7D
:10B3F00045D1ABE0C72871D0A0F22B1000286ED049
:10B400000128F5D145E1BA48006809280FD1FDF7B8
:10B410002BFB00F005FB0120B64908606520B3490D
:10B4200008800846B0F90000FEF77EFA27E0FDF735
:10B430001BFB0020AF49086000F0F2FAAC4800683E
:10B44000032803D14FF42F70AB4908606520A7494A
:10B4500008800020A9490880A9490880A9490860F6
:10B46000A9490860A949086001230822A849A948F8
:10B470000AF04BF99D48B0F90000FEF755FA32E1A9
:10B480009B480068022819D106F08AFB9A48016897
:10B49000A148C162A14801689F488165A04890ED1C
:10B4A000000ADFEDA00A80EE201A9F4880ED001A06
:10B4B0006A208E49088098480AF0F4FF8C4800689A
:10B4C0000C2814D106F06CFB8B4801689248C162CD
:10B4D00092480168904803E06BE009E078E0ABE057
:10B4E00081656A20814908808B480AF011FCFAE0E6
:10B4F0005CBB8148016888482C30804A128840F83B
:10B50000221086480168844858307C4A128840F8E6
:10B5100022107A480088401C7849088074480068E6
:10B52000062804D10020744908607C4908607348EB
:10B5300000887E490968884207D106F031FB6A20FD
:10B540006A49088074480AF0A1FDCCE064BB6D48EC
:10B550000068012829D1684801686F482C30674A83
:10B56000128840F822106D4801686B485830634AD1
:10B57000128840F8221061480088401C5F4908800A
:10B5800000205D490860654908605C4800880A2819
:10B5900007D106F005FB6A20544908805E480AF08E
:10B5A00075FD00205749086002E0012055490860F8
:10B5B00099E0514801685848C162584801685648A6
:10B5C000816506F0EDFA4FF4FC70484908808AE086
:10B5D0008CBB4948016850482C30484A128840F8D2
:10B5E00022104E4801684C485830444A128840F8AE
:10B5F000221042480088401C4049088008460088C4
:10B600004B490968884216D149480068012806D18B
:10B6100002204749086000203949088004E00020E2
:10B62000374908803549088040F2BF202F490880FB
:10B6300001203549086056E054BB2F480168364860
:10B640002C302E4A128840F82210344801683248C3
:10B6500058302A4A128840F8221028480088401C96
:10B6600026490880084600883149096888420FDB6E
:10B670002F480068012802D102202D4908600020CF
:10B680001F4908801D49088040F22330174908806F
:10B6900029E004BB184801681F48DC30174A1288AB
:10B6A00040F822101D4801682248144A128840F8C8
:10B6B000221012480088401C104908800846008863
:10B6C0001B49096888420DD119480068012803D137
:10B6D00002201749086005E001200B4908600E4868
:10B6E0000AF0D4FC00BF00BF10BD000024020020FF
:10B6F00038020020C8010020EC0100202A020020AE
:10B700002C020020D0010020FC01002000020020BB
:10B710000004024070000020C8310020E801002031
:10B72000BC01002000007A443C02002030020020CE
:10B7300010020020D032002010B577480068092898
:10B7400018D176480068012813D1754800787549EA
:10B750000968084000280CD0002070490860724831
:10B7600001687248C16272480168704881650AF0D8
:10B7700099FED0E068480068012854D168480078F4
:10B7800068490968084070B101206449086066484A
:10B7900001686648C16266480168644881650020A6
:10B7A00060490860B7E05E4800786249096808406F
:10B7B00070B10220594908605B4801685B48016329
:10B7C0005B4801685948C16500205A490860A2E0F9
:10B7D0005348007858490968084070B103204F4920
:10B7E00008605148016851484163514801684F4819
:10B7F00001660020504908608DE0494800784F49B3
:10B80000096808400028B4D004204449086046482C
:10B810000168464881634648016844484166002003
:10B820004649086077E03C480068072836D144481C
:10B83000B0F9000040F2BF2188426CD1384800784E
:10B84000384909680840002865D0374801683748FA
:10B8500084303C4A128840F8221035480168334849
:10B86000B030384A128840F8221036480088401C10
:10B8700034490880084600883349096888424AD11B
:10B8800001203249086030480068022802D10120B6
:10B890002D49086025480AF0F9FB3CE01E48006885
:10B8A000082838D12648B0F9000040F223318842F8
:10B8B00001D1012000E000202449096809B90121D3
:10B8C00000E00021084030B31548007815490968A8
:10B8D000084000B31448016814488430194A12889B
:10B8E00040F82210124801681048B030154A1288FA
:10B8F00040F8221013480088401C1249088008466E
:10B90000008811490968884205D101200F49086063
:10B9100006480AF0BBFB10BD38020020C801002019
:10B9200040020020D8010020EC010020C831002096
:10B93000E8010020DC010020E0010020E4010020FB
:10B94000240200202C02002010020020000200200F
:10B950000146054800EB810090ED000ABCEEC00AEC
:10B9600010EE100A70470000783100203EB5054601
:10B97000002410E00020CDE900500290074800EBC1
:10B98000C4008288054850F834100023044809F0A8
:10B99000C4FE601CC4B2042CECDB3EBD7001002070
:10B9A0007000002070B504460D460120FFF7DEFF51
:10B9B00000224FF400711148FFF79AFA012D07D1C8
:10B9C0000022A9020D48FFF793FA0D48047009E020
:10B9D000012291020948FFF78BFA09480078401CC0
:10B9E000074908702011FFF791FA0A20FFF75EFA65
:10B9F0002046FFF78BFA04F0BBFC70BD000002404C
:10BA00006801002070B504460D46601EC1B22A468A
:10BA1000014809F081FD70BDA03100207047000091
:10BA20009FED020A024880ED000A70470000000006
:10BA3000BC01002010B5054A0021054809F071FD40
:10BA4000044A0121024809F06CFD10BD5CA4010804
:10BA5000A03100206DA4010810B50B480068401EFD
:10BA600000EB0010094942180021094809F059FD6E
:10BA700005480068401E00EB0010064942180121ED
:10BA8000034809F04EFD10BDC0010020A0A401082C
:10BA9000A0310020D3A4010800200DE0FF2100EB1D
:10BAA00040020D4B03EB82021172002100EB4002B9
:10BAB00003EB82025172401C1428EFD30021074A85
:10BAC0001170002004E00021054A42F82010401CBB
:10BAD0000828F8D370470000780000207400002088
:10BAE000883000202DE9F04104460D460C480778C7
:10BAF000402101EBC401C8B20121FFF753FF00262A
:10BB000006E015F8010B0021FFF74CFF701C86B210
:10BB1000082EF6DB01213846FFF744FFBDE8F0812F
:10BB20006801002001460020012904D0032942D0E9
:10BB3000062944D141E0244A1268012A00D16E202E
:10BB4000214A1268022A00D1FA201F4A1268032AE9
:10BB500001D14FF4AF701C4A1268042A01D14FF48E
:10BB6000CD70194A1268052A01D140F22620164AE2
:10BB70001268062A01D14FF4CD70134A1268072AC1
:10BB800001D140F2C620104A1268082A01D140F2C1
:10BB90002A300D4A1268092A01D140F2B6300A4A09
:10BBA00012680A2A01D14FF4AF70074A12680C2AB2
:10BBB00000D1FA2005E0642003E0012001E06A20C2
:10BBC00000BF00BF7047000038020020014600207F
:10BBD000012904D0032915D0062926D114E0154ADD
:10BBE0001288521E134B1A801A461288124B1B6879
:10BBF0009A4204DD104A1288521E0E4B1A804FF4EE
:10BC0000AF7015E06A2013E00A4A1288521C094BF3
:10BC10001A80094A1268521E1B889A4202DA0022D0
:10BC2000044B1A804FF4AF7002E04FF4AF7000BFC6
:10BC300000BF70472A020020300200200146002089
:10BC4000012904D0032910D006291FD110E0124A7F
:10BC50001288521E104B1A801A4612880A2A01DDD9
:10BC600009221A804FF4E17013E04FF4CD7010E018
:10BC7000094A1288521C084B1A801A461288092A4F
:10BC800001DD00221A804FF4E17002E04FF4E17010
:10BC900000BF00BF704700002A02002001460020BC
:10BCA000012904D0032910D006291FD110E0124A1F
:10BCB0001288521E104B1A801A4612880A2A01DD79
:10BCC00009221A804FF4EB7013E04FF4CD7010E0AE
:10BCD000094A1288521C084B1A801A461288092AEF
:10BCE00001DD00221A804FF4EB7002E04FF4EB709C
:10BCF00000BF00BF704700002A02002010B50246B6
:10BD00000020012A04D0032A10D0062A20D110E0F6
:10BD1000124B1B885B1E114C238023461B888B42D1
:10BD200001DD4B1E238040F2EE2014E040F2C620DD
:10BD300011E00A4B1B885B1C084C23804B1E248897
:10BD4000A34202DA0023054C238040F2EE2002E0F9
:10BD500040F2EE2000BF00BF10BD00002A0200200C
:10BD600030B5024600200A2902D14C1E23B200E061
:10BD70000BB2012A04D0032A14D0062A27D114E0DA
:10BD8000154C2488641E144D2C802C4624888C422B
:10BD900005DD4C1E114D2C8040F2EE2001E040F2FA
:10BDA000EF2017E040F2C62014E00B4C2488641CFE
:10BDB000094D2C804C1E2D88AC4205DA0024074D1D
:10BDC0002C8040F2EE2001E040F2EF2002E040F251
:10BDD000EF2000BF00BF30BD2C0200202A0200204F
:10BDE00030B50346002002220A2900D10A46012B61
:10BDF00004D0032B10D0062B20D110E0124C248845
:10BE0000641E114D2C802C462488944201DD541E62
:10BE10002C8040F2023014E040F2C62011E00A4CBF
:10BE20002488641C084D2C80541E2D88AC4202DAF4
:10BE30000024054D2C8040F2023002E040F2023036
:10BE400000BF00BF30BD00002C02002010B502462C
:10BE50000020012A04D0032A1FD0062A34D11FE073
:10BE60001C4B1B885B1E1B4C238023461B888B426C
:10BE700010DD0A2905D14B1E23804B1E164C238052
:10BE800005E00023134C23800123134C238040F250
:10BE900053301CE040F2523019E040F22A3016E0F4
:10BEA0000C4B1B885B1C0B4C23804B1E2488A3422D
:10BEB00007DA0023074C2380074C238040F25330DD
:10BEC00005E040F2523002E040F2523000BF00BFC5
:10BED00010BD00002A0200202C02002010B50246EE
:10BEE0000020012A04D0032A22D0062A44D122E0CD
:10BEF000244B1B885B1E234C23800A290BD123462D
:10BF00001B888B4204DD4B1E238040F252300EE032
:10BF100040F253300BE01B4B1B88012B05DD002347
:10BF2000194C238040F2523001E040F2533026E0B9
:10BF300040F22A3023E0134B1B885B1C114C2380FA
:10BF40000A290CD14B1E2488A34205DA00230D4C8C
:10BF5000238040F252300EE040F253300BE0094BA8
:10BF60001B88012B05DD0023074C238040F2523053
:10BF700001E040F2533002E040F2533000BF00BF16
:10BF800010BD00002C0200202A02002070B50446DB
:10BF900000200A2902D14A1E4B1E01E00122012382
:10BFA000012C04D0032C0FD0062C1ED10FE0114D14
:10BFB0002D886D1E0F4E358035462D888D4200DD53
:10BFC000338040F2663013E040F22A3010E0094D31
:10BFD0002D886D1C074E358035462D88954201DD34
:10BFE0000025358040F2663002E040F2663000BF46
:10BFF00000BF70BD2C02002010B505F011FA10BD75
:10C00000FF00000000000000000000000000000031
:10C010000000000000000000000000000000000020
:10C020000000000000000000000000000000000010
:10C030000000000000000000000000000000000000
:10C0400000000000000000000000000000000000F0
:10C0500000000000000000000000000000000000E0
:10C0600000000000000000000000000000000000D0
:10C0700000000000000000000000000000000000C0
:10C0800000000000000000000000000000000000B0
:10C0900000000000000000000000000000000000A0
:10C0A0000000000000000000000000000000000090
:10C0B0000000000000000000000000000000000080
:10C0C0000000000000000000000000000000000070
:10C0D0000000000000000000000000000000000060
:10C0E0000000000000000000000000000000000050
:10C0F0000000000000000000000000000000000040
:10C10000000000000000000000000000000000002F
:10C11000000000000000000000000000000000001F
:10C12000000000000000000000000000000000000F
:10C1300000000000000000000000000000000000FF
:10C1400000000000000000000000000000000000EF
:10C1500000000000000000000000000000000000DF
:10C1600000000000000000000000000000000000CF
:10C1700000000000000000000000000000000000BF
:10C1800000000000000000000000000000000000AF
:10C19000000000000000000000000000000000009F
:10C1A000000000000000000000000000000000008F
:10C1B000000000000000000000000000000000007F
:10C1C000000000000000000000000000000000006F
:10C1D000000000000000000000000000000000005F
:10C1E000000000000000000000000000000000004F
:10C1F000000000000000000000000000000000003F
:10C20000000000000000000000000000000000002E
:10C21000000000000000000000000000000000001E
:10C22000000000000000000000000000000000000E
:10C2300000000000000000000000000000000000FE
:10C2400000000000000000000000000000000000EE
:10C2500000000000000000000000000000000000DE
:10C2600000000000000000000000000000000000CE
:10C2700000000000000000000000000000000000BE
:10C2800000000000000000000000000000000000AE
:10C29000000000000000000000000000000000009E
:10C2A000000000000000000000000000000000008E
:10C2B000000000000000000000000000000000007E
:10C2C000000000000000000000000000000000006E
:10C2D000000000000000000000000000000000005E
:10C2E000000000000000000000000000000000004E
:10C2F000000000000000000000000000000000003E
:10C30000000000000000000000000000000000002D
:10C31000000000000000000000000000000000001D
:10C32000000000000000000000000000000000000D
:10C3300000000000000000000000000000000000FD
:10C3400000000000000000000000000000000000ED
:10C3500000000000000000000000000000000000DD
:10C3600000000000000000000000000000000000CD
:10C3700000000000000000000000000000000000BD
:10C3800000000000000000000000000000000000AD
:10C39000000000000000000000000000000000009D
:10C3A000000000000000000000000000000000008D
:10C3B000000000000000000000000000000000007D
:10C3C000000000000000000000000000000000006D
:10C3D000000000000000000000000000000000005D
:10C3E000000000000000000000000000000000004D
:10C3F000000000000000000000000000000000003D
:10C40000000000000000000000000000000000002C
:10C41000000000000000000000000000000000001C
:10C42000000000000000000000000000000000000C
:10C4300000000000000000000000000000000000FC
:10C4400000000000000000000000000000000000EC
:10C4500000000000000000000000000000000000DC
:10C4600000000000000000000000000000000000CC
:10C4700000000000000000000000000000000000BC
:10C4800000000000000000000000000000000000AC
:10C49000000000000000000000000000000000009C
:10C4A000000000000000000000000000000000008C
:10C4B000000000000000000000000000000000007C
:10C4C000000000000000000000000000000000006C
:10C4D000000000000000000000000000000000005C
:10C4E000000000000000000000000000000000004C
:10C4F000000000000000000000000000000000003C
:10C50000000000000000000000000000000000002B
:10C51000000000000000000000000000000000001B
:10C52000000000000000000000000000000000000B
:10C5300000000000000000000000000000000000FB
:10C5400000000000000000000000000000000000EB
:10C5500000000000000000000000000000000000DB
:10C5600000000000000000000000000000000000CB
:10C5700000000000000000000000000000000000BB
:10C5800000000000000000000000000000000000AB
:10C59000000000000000000000000000000000009B
:10C5A000000000000000000000000000000000008B
:10C5B000000000000000000000000000000000007B
:10C5C000000000000000000000000000000000006B
:10C5D000000000000000000000000000000000005B
:10C5E000000000000000000000000000000000004B
:10C5F000000000000000000000000000000000003B
:10C60000000000000000000000000000000000002A
:10C61000000000000000000000000000000000001A
:10C62000000000000000000000000000000000000A
:10C6300000000000000000000000000000000000FA
:10C6400000000000000000000000000000000000EA
:10C6500000000000000000000000000000000000DA
:10C6600000000000000000000000000000000000CA
:10C6700000000000000000000000000000000000BA
:10C6800000000000000000000000000000000000AA
:10C69000000000000000000000000000000000009A
:10C6A000000000000000000000000000000000008A
:10C6B000000000000000000000000000000000007A
:10C6C000000000000000000000000000000000006A
:10C6D000000000000000000000000000000000005A
:10C6E000000000000000000000000000000000004A
:10C6F000000000000000000000000000000000003A
:10C700000000000000000000000000000000000029
:10C710000000000000000000000000000000000019
:10C720000000000000000000000000000000000009
:10C7300000000000000000000000000000000000F9
:10C7400000000000000000000000000000000000E9
:10C7500000000000000000000000000000000000D9
:10C7600000000000000000000000000000000000C9
:10C7700000000000000000000000000000000000B9
:10C7800000000000000000000000000000000000A9
:10C790000000000000000000000000000000000099
:10C7A0000000000000000000000000000000000089
:10C7B0000000000000000000000000000000000079
:10C7C0000000000000000000000000000000000069
:10C7D0000000000000000000000000000000000059
:10C7E0000000000000000000000000000000000049
:10C7F0000000000000000000000000000000000039
:10C800000000000000000000000000000000000028
:10C810000000000000000000000000000000000018
:10C820000000000000000000000000000000000008
:10C8300000000000000000000000000000000000F8
:10C8400000000000000000000000000000000000E8
:10C8500000000000000000000000000000000000D8
:10C8600000000000000000000000000000000000C8
:10C8700000000000000000000000000000000000B8
:10C8800000000000000000000000000000000000A8
:10C890000000000000000000000000000000000098
:10C8A0000000000000000000000000000000000088
:10C8B0000000000000000000000000000000000078
:10C8C0000000000000000000000000000000000068
:10C8D0000000000000000000000000000000000058
:10C8E0000000000000000000000000000000000048
:10C8F0000000000000000000000000000000000038
:10C900000000000000000000000000000000000027
:10C910000000000000000000000000000000000017
:10C920000000000000000000000000000000000007
:10C9300000000000000000000000000000000000F7
:10C9400000000000000000000000000000000000E7
:10C9500000000000000000000000000000000000D7
:10C9600000000000000000000000000000000000C7
:10C9700000000000000000000000000000000000B7
:10C9800000000000000000000000000000000000A7
:10C990000000000000000000000000000000000097
:10C9A0000000000000000000000000000000000087
:10C9B0000000000000000000000000000000000077
:10C9C0000000000000000000000000000000000067
:10C9D0000000000000000000000000000000000057
:10C9E0000000000000000000000000000000000047
:10C9F0000000000000000000000000000000000037
:10CA00000000000000000000000000000000000026
:10CA10000000000000000000000000000000000016
:10CA20000000000000000000000000000000000006
:10CA300000000000000000000000000000000000F6
:10CA400000000000000000000000000000000000E6
:10CA500000000000000000000000000000000000D6
:10CA600000000000000000000000000000000000C6
:10CA700000000000000000000000000000000000B6
:10CA800000000000000000000000000000000000A6
:10CA90000000000000000000000000000000000096
:10CAA0000000000000000000000000000000000086
:10CAB0000000000000000000000000000000000076
:10CAC0000000000000000000000000000000000066
:10CAD0000000000000000000000000000000000056
:10CAE0000000000000000000000000000000000046
:10CAF0000000000000000000000000000000000036
:10CB00000000000000000000000000000000000025
:10CB10000000000000000000000000000000000015
:10CB20000000000000000000000000000000000005
:10CB300000000000000000000000000000000000F5
:10CB400000000000000000000000000000000000E5
:10CB500000000000000000000000000000000000D5
:10CB600000000000000000000000000000000000C5
:10CB700000000000000000000000000000000000B5
:10CB800000000000000000000000000000000000A5
:10CB90000000000000000000000000000000000095
:10CBA0000000000000000000000000000000000085
:10CBB0000000000000000000000000000000000075
:10CBC0000000000000000000000000000000000065
:10CBD0000000000000000000000000000000000055
:10CBE0000000000000000000000000000000000045
:10CBF0000000000000000000000000000000000035
:10CC00000000000000000000000000000000000024
:10CC10000000000000000000000000000000000014
:10CC20000000000000000000000000000000000004
:10CC300000000000000000000000000000000000F4
:10CC400000000000000000000000000000000000E4
:10CC500000000000000000000000000000000000D4
:10CC600000000000000000000000000000000000C4
:10CC700000000000000000000000000000000000B4
:10CC800000000000000000000000000000000000A4
:10CC90000000000000000000000000000000000094
:10CCA0000000000000000000000000000000000084
:10CCB0000000000000000000000000000000000074
:10CCC0000000000000000000000000000000000064
:10CCD0000000000000000000000000000000000054
:10CCE0000000000000000000000000000000000044
:10CCF0000000000000000000000000000000000034
:10CD00000000000000000000000000000000000023
:10CD10000000000000000000000000000000000013
:10CD20000000000000000000000000000000000003
:10CD300000000000000000000000000000000000F3
:10CD400000000000000000000000000000000000E3
:10CD500000000000000000000000000000000000D3
:10CD600000000000000000000000000000000000C3
:10CD700000000000000000000000000000000000B3
:10CD800000000000000000000000000000000000A3
:10CD90000000000000000000000000000000000093
:10CDA0000000000000000000000000000000000083
:10CDB0000000000000000000000000000000000073
:10CDC0000000000000000000000000000000000063
:10CDD0000000000000000000000000000000000053
:10CDE0000000000000000000000000000000000043
:10CDF0000000000000000000000000000000000033
:10CE00000000000000000000000000000000000022
:10CE10000000000000000000000000000000000012
:10CE20000000000000000000000000000000000002
:10CE300000000000000000000000000000000000F2
:10CE400000000000000000000000000000000000E2
:10CE500000000000000000000000000000000000D2
:10CE600000000000000000000000000000000000C2
:10CE700000000000000000000000000000000000B2
:10CE800000000000000000000000000000000000A2
:10CE90000000000000000000000000000000000092
:10CEA0000000000000000000000000000000000082
:10CEB0000000000000000000000000000000000072
:10CEC0000000000000000000000000000000000062
:10CED0000000000000000000000000000000000052
:10CEE0000000000000000000000000000000000042
:10CEF0000000000000000000000000000000000032
:10CF00000000000000000000000000000000000021
:10CF10000000000000000000000000000000000011
:10CF20000000000000000000000000000000000001
:10CF300000000000000000000000000000000000F1
:10CF400000000000000000000000000000000000E1
:10CF500000000000000000000000000000000000D1
:10CF600000000000000000000000000000000000C1
:10CF700000000000000000000000000000000000B1
:10CF800000000000000000000000000000000000A1
:10CF90000000000000000000000000000000000091
:10CFA0000000000000000000000000000000000081
:10CFB0000000000000000000000000000000000071
:10CFC0000000000000000000000000000000000061
:10CFD0000000000000000000000000000000000051
:10CFE0000000000000000000000000000000000041
:10CFF0000000000000000000000000000000000031
:10D000000000000000000000000000000000000020
:10D010000000000000000000000000000000000010
:10D020000000000000000000000000000000000000
:10D0300000000000000000000000000000000000F0
:10D0400000000000000000000000000000000000E0
:10D0500000000000000000000000000000000000D0
:10D0600000000000000000000000000000000000C0
:10D0700000000000000000000000000000000000B0
:10D0800000000000000000000000000000000000A0
:10D090000000000000000000000000000000000090
:10D0A0000000000000000000000000000000000080
:10D0B0000000000000000000000000000000000070
:10D0C0000000000000000000000000000000000060
:10D0D0000000000000000000000000000000000050
:10D0E0000000000000000000000000000000000040
:10D0F0000000000000000000000000000000000030
:10D10000000000000000000000000000000000001F
:10D11000000000000000000000000000000000000F
:10D1200000000000000000000000000000000000FF
:10D1300000000000000000000000000000000000EF
:10D1400000000000000000000000000000000000DF
:10D1500000000000000000000000000000000000CF
:10D1600000000000000000000000000000000000BF
:10D1700000000000000000000000000000000000AF
:10D18000000000000000000000000000000000009F
:10D19000000000000000000000000000000000008F
:10D1A000000000000000000000000000000000007F
:10D1B000000000000000000000000000000000006F
:10D1C000000000000000000000000000000000005F
:10D1D000000000000000000000000000000000004F
:10D1E000000000000000000000000000000000003F
:10D1F000000000000000000000000000000000002F
:10D20000000000000000000000000000000000001E
:10D21000000000000000000000000000000000000E
:10D2200000000000000000000000000000000000FE
:10D2300000000000000000000000000000000000EE
:10D2400000000000000000000000000000000000DE
:10D2500000000000000000000000000000000000CE
:10D2600000000000000000000000000000000000BE
:10D2700000000000000000000000000000000000AE
:10D28000000000000000000000000000000000009E
:10D29000000000000000000000000000000000008E
:10D2A000000000000000000000000000000000007E
:10D2B000000000000000000000000000000000006E
:10D2C000000000000000000000000000000000005E
:10D2D000000000000000000000000000000000004E
:10D2E000000000000000000000000000000000003E
:10D2F000000000000000000000000000000000002E
:10D30000000000000000000000000000000000001D
:10D31000000000000000000000000000000000000D
:10D3200000000000000000000000000000000000FD
:10D3300000000000000000000000000000000000ED
:10D3400000000000000000000000000000000000DD
:10D3500000000000000000000000000000000000CD
:10D3600000000000000000000000000000000000BD
:10D3700000000000000000000000000000000000AD
:10D38000000000000000000000000000000000009D
:10D39000000000000000000000000000000000008D
:10D3A000000000000000000000000000000000007D
:10D3B000000000000000000000000000000000006D
:10D3C000000000000000000000000000000000005D
:10D3D000000000000000000000000000000000004D
:10D3E000000000000000000000000000000000003D
:10D3F000000000000000000000000000000000002D
:10D40000000000000000000000000000000000001C
:10D41000000000000000000000000000000000000C
:10D4200000000000000000000000000000000000FC
:10D4300000000000000000000000000000000000EC
:10D4400000000000000000000000000000000000DC
:10D4500000000000000000000000000000000000CC
:10D4600000000000000000000000000000000000BC
:10D4700000000000000000000000000000000000AC
:10D48000000000000000000000000000000000009C
:10D49000000000000000000000000000000000008C
:10D4A000000000000000000000000000000000007C
:10D4B000000000000000000000000000000000006C
:10D4C000000000000000000000000000000000005C
:10D4D000000000000000000000000000000000004C
:10D4E000000000000000000000000000000000003C
:10D4F000000000000000000000000000000000002C
:10D50000000000000000000000000000000000001B
:10D51000000000000000000000000000000000000B
:10D5200000000000000000000000000000000000FB
:10D5300000000000000000000000000000000000EB
:10D5400000000000000000000000000000000000DB
:10D5500000000000000000000000000000000000CB
:10D5600000000000000000000000000000000000BB
:10D5700000000000000000000000000000000000AB
:10D58000000000000000000000000000000000009B
:10D59000000000000000000000000000000000008B
:10D5A000000000000000000000000000000000007B
:10D5B000000000000000000000000000000000006B
:10D5C000000000000000000000000000000000005B
:10D5D000000000000000000000000000000000004B
:10D5E000000000000000000000000000000000003B
:10D5F000000000000000000000000000000000002B
:10D60000000000000000000000000000000000001A
:10D61000000000000000000000000000000000000A
:10D6200000000000000000000000000000000000FA
:10D6300000000000000000000000000000000000EA
:10D6400000000000000000000000000000000000DA
:10D6500000000000000000000000000000000000CA
:10D6600000000000000000000000000000000000BA
:10D6700000000000000000000000000000000000AA
:10D68000000000000000000000000000000000009A
:10D69000000000000000000000000000000000008A
:10D6A000000000000000000000000000000000007A
:10D6B000000000000000000000000000000000006A
:10D6C000000000000000000000000000000000005A
:10D6D000000000000000000000000000000000004A
:10D6E000000000000000000000000000000000003A
:10D6F000000000000000000000000000000000002A
:10D700000000000000000000000000000000000019
:10D710000000000000000000000000000000000009
:10D7200000000000000000000000000000000000F9
:10D7300000000000000000000000000000000000E9
:10D7400000000000000000000000000000000000D9
:10D7500000000000000000000000000000000000C9
:10D7600000000000000000000000000000000000B9
:10D7700000000000000000000000000000000000A9
:10D780000000000000000000000000000000000099
:10D790000000000000000000000000000000000089
:10D7A0000000000000000000000000000000000079
:10D7B0000000000000000000000000000000000069
:10D7C0000000000000000000000000000000000059
:10D7D0000000000000000000000000000000000049
:10D7E0000000000000000000000000000000000039
:10D7F0000000000000000000000000000000000029
:10D800000000000000000000000000000000000018
:10D810000000000000000000000000000000000008
:10D8200000000000000000000000000000000000F8
:10D8300000000000000000000000000000000000E8
:10D8400000000000000000000000000000000000D8
:10D8500000000000000000000000000000000000C8
:10D8600000000000000000000000000000000000B8
:10D8700000000000000000000000000000000000A8
:10D880000000000000000000000000000000000098
:10D890000000000000000000000000000000000088
:10D8A0000000000000000000000000000000000078
:10D8B0000000000000000000000000000000000068
:10D8C0000000000000000000000000000000000058
:10D8D0000000000000000000000000000000000048
:10D8E0000000000000000000000000000000000038
:10D8F0000000000000000000000000000000000028
:10D900000000000000000000000000000000000017
:10D910000000000000000000000000000000000007
:10D9200000000000000000000000000000000000F7
:10D9300000000000000000000000000000000000E7
:10D9400000000000000000000000000000000000D7
:10D9500000000000000000000000000000000000C7
:10D9600000000000000000000000000000000000B7
:10D9700000000000000000000000000000000000A7
:10D980000000000000000000000000000000000097
:10D990000000000000000000000000000000000087
:10D9A0000000000000000000000000000000000077
:10D9B0000000000000000000000000000000000067
:10D9C0000000000000000000000000000000000057
:10D9D0000000000000000000000000000000000047
:10D9E0000000000000000000000000000000000037
:10D9F0000000000000000000000000000000000027
:10DA00000000000000000000000000000000000016
:10DA10000000000000000000000000000000000006
:10DA200000000000000000000000000000000000F6
:10DA300000000000000000000000000000000000E6
:10DA400000000000000000000000000000000000D6
:10DA500000000000000000000000000000000000C6
:10DA600000000000000000000000000000000000B6
:10DA700000000000000000000000000000000000A6
:10DA80000000000000000000000000000000000096
:10DA90000000000000000000000000000000000086
:10DAA0000000000000000000000000000000000076
:10DAB0000000000000000000000000000000000066
:10DAC0000000000000000000000000000000000056
:10DAD0000000000000000000000000000000000046
:10DAE0000000000000000000000000000000000036
:10DAF0000000000000000000000000000000000026
:10DB00000000000000000000000000000000000015
:10DB10000000000000000000000000000000000005
:10DB200000000000000000000000000000000000F5
:10DB300000000000000000000000000000000000E5
:10DB400000000000000000000000000000000000D5
:10DB500000000000000000000000000000000000C5
:10DB600000000000000000000000000000000000B5
:10DB700000000000000000000000000000000000A5
:10DB80000000000000000000000000000000000095
:10DB90000000000000000000000000000000000085
:10DBA0000000000000000000000000000000000075
:10DBB0000000000000000000000000000000000065
:10DBC0000000000000000000000000000000000055
:10DBD0000000000000000000000000000000000045
:10DBE0000000000000000000000000000000000035
:10DBF0000000000000000000000000000000000025
:10DC00000000000000000000000000000000000014
:10DC10000000000000000000000000000000000004
:10DC200000000000000000000000000000000000F4
:10DC300000000000000000000000000000000000E4
:10DC400000000000000000000000000000000000D4
:10DC500000000000000000000000000000000000C4
:10DC600000000000000000000000000000000000B4
:10DC700000000000000000000000000000000000A4
:10DC80000000000000000000000000000000000094
:10DC90000000000000000000000000000000000084
:10DCA0000000000000000000000000000000000074
:10DCB0000000000000000000000000000000000064
:10DCC0000000000000000000000000000000000054
:10DCD0000000000000000000000000000000000044
:10DCE0000000000000000000000000000000000034
:10DCF0000000000000000000000000000000000024
:10DD00000000000000000000000000000000000013
:10DD10000000000000000000000000000000000003
:10DD200000000000000000000000000000000000F3
:10DD300000000000000000000000000000000000E3
:10DD400000000000000000000000000000000000D3
:10DD500000000000000000000000000000000000C3
:10DD600000000000000000000000000000000000B3
:10DD700000000000000000000000000000000000A3
:10DD80000000000000000000000000000000000093
:10DD90000000000000000000000000000000000083
:10DDA0000000000000000000000000000000000073
:10DDB0000000000000000000000000000000000063
:10DDC0000000000000000000000000000000000053
:10DDD0000000000000000000000000000000000043
:10DDE0000000000000000000000000000000000033
:10DDF0000000000000000000000000000000000023
:10DE00000000000000000000000000000000000012
:10DE10000000000000000000000000000000000002
:10DE200000000000000000000000000000000000F2
:10DE300000000000000000000000000000000000E2
:10DE400000000000000000000000000000000000D2
:10DE500000000000000000000000000000000000C2
:10DE600000000000000000000000000000000000B2
:10DE700000000000000000000000000000000000A2
:10DE80000000000000000000000000000000000092
:10DE90000000000000000000000000000000000082
:10DEA0000000000000000000000000000000000072
:10DEB0000000000000000000000000000000000062
:10DEC0000000000000000000000000000000000052
:10DED0000000000000000000000000000000000042
:10DEE0000000000000000000000000000000000032
:10DEF0000000000000000000000000000000000022
:10DF00000000000000000000000000000000000011
:10DF10000000000000000000000000000000000001
:10DF200000000000000000000000000000000000F1
:10DF300000000000000000000000000000000000E1
:10DF400000000000000000000000000000000000D1
:10DF500000000000000000000000000000000000C1
:10DF600000000000000000000000000000000000B1
:10DF700000000000000000000000000000000000A1
:10DF80000000000000000000000000000000000091
:10DF90000000000000000000000000000000000081
:10DFA0000000000000000000000000000000000071
:10DFB0000000000000000000000000000000000061
:10DFC0000000000000000000000000000000000051
:10DFD0000000000000000000000000000000000041
:10DFE0000000000000000000000000000000000031
:10DFF0000000000000000000000000000000000021
:10E000000000000000000000000000000000000010
:10E010000000000000000000000000000000000000
:10E0200000000000000000000000000000000000F0
:10E0300000000000000000000000000000000000E0
:10E0400000000000000000000000000000000000D0
:10E0500000000000000000000000000000000000C0
:10E0600000000000000000000000000000000000B0
:10E0700000000000000000000000000000000000A0
:10E080000000000000000000000000000000000090
:10E090000000000000000000000000000000000080
:10E0A0000000000000000000000000000000000070
:10E0B0000000000000000000000000000000000060
:10E0C0000000000000000000000000000000000050
:10E0D0000000000000000000000000000000000040
:10E0E0000000000000000000000000000000000030
:10E0F0000000000000000000000000000000000020
:10E10000000000000000000000000000000000000F
:10E1100000000000000000000000000000000000FF
:10E1200000000000000000000000000000000000EF
:10E1300000000000000000000000000000000000DF
:10E1400000000000000000000000000000000000CF
:10E1500000000000000000000000000000000000BF
:10E1600000000000000000000000000000000000AF
:10E17000000000000000000000000000000000009F
:10E18000000000000000000000000000000000008F
:10E19000000000000000000000000000000000007F
:10E1A000000000000000000000000000000000006F
:10E1B000000000000000000000000000000000005F
:10E1C000000000000000000000000000000000004F
:10E1D000000000000000000000000000000000003F
:10E1E000000000000000000000000000000000002F
:10E1F000000000000000000000000000000000001F
:10E20000000000000000000000000000000000000E
:10E2100000000000000000000000000000000000FE
:10E2200000000000000000000000000000000000EE
:10E2300000000000000000000000000000000000DE
:10E2400000000000000000000000000000000000CE
:10E2500000000000000000000000000000000000BE
:10E2600000000000000000000000000000000000AE
:10E27000000000000000000000000000000000009E
:10E28000000000000000000000000000000000008E
:10E29000000000000000000000000000000000007E
:10E2A000000000000000000000000000000000006E
:10E2B000000000000000000000000000000000005E
:10E2C000000000000000000000000000000000004E
:10E2D000000000000000000000000000000000003E
:10E2E000000000000000000000000000000000002E
:10E2F000000000000000000000000000000000001E
:10E30000000000000000000000000000000000000D
:10E3100000000000000000000000000000000000FD
:10E3200000000000000000000000000000000000ED
:10E3300000000000000000000000000000000000DD
:10E3400000000000000000000000000000000000CD
:10E3500000000000000000000000000000000000BD
:10E3600000000000000000000000000000000000AD
:10E37000000000000000000000000000000000009D
:10E38000000000000000000000000000000000008D
:10E39000000000000000000000000000000000007D
:10E3A000000000000000000000000000000000006D
:10E3B000000000000000000000000000000000005D
:10E3C000000000000000000000000000000000004D
:10E3D000000000000000000000000000000000003D
:10E3E000000000000000000000000000000000002D
:10E3F000000000000000000000000000000000001D
:10E40000000000000000000000000000000000000C
:10E4100000000000000000000000000000000000FC
:10E4200000000000000000000000000000000000EC
:10E4300000000000000000000000000000000000DC
:10E4400000000000000000000000000000000000CC
:10E4500000000000000000000000000000000000BC
:10E4600000000000000000000000000000000000AC
:10E47000000000000000000000000000000000009C
:10E48000000000000000000000000000000000008C
:10E49000000000000000000000000000000000007C
:10E4A000000000000000000000000000000000006C
:10E4B000000000000000000000000000000000005C
:10E4C000000000000000000000000000000000004C
:10E4D000000000000000000000000000000000003C
:10E4E000000000000000000000000000000000002C
:10E4F000000000000000000000000000000000001C
:10E50000000000000000000000000000000000000B
:10E5100000000000000000000000000000000000FB
:10E5200000000000000000000000000000000000EB
:10E5300000000000000000000000000000000000DB
:10E5400000000000000000000000000000000000CB
:10E5500000000000000000000000000000000000BB
:10E5600000000000000000000000000000000000AB
:10E57000000000000000000000000000000000009B
:10E58000000000000000000000000000000000008B
:10E59000000000000000000000000000000000007B
:10E5A000000000000000000000000000000000006B
:10E5B000000000000000000000000000000000005B
:10E5C000000000000000000000000000000000004B
:10E5D000000000000000000000000000000000003B
:10E5E000000000000000000000000000000000002B
:10E5F000000000000000000000000000000000001B
:10E60000000000000000000000000000000000000A
:10E6100000000000000000000000000000000000FA
:10E6200000000000000000000000000000000000EA
:10E6300000000000000000000000000000000000DA
:10E6400000000000000000000000000000000000CA
:10E6500000000000000000000000000000000000BA
:10E6600000000000000000000000000000000000AA
:10E67000000000000000000000000000000000009A
:10E68000000000000000000000000000000000008A
:10E69000000000000000000000000000000000007A
:10E6A000000000000000000000000000000000006A
:10E6B000000000000000000000000000000000005A
:10E6C000000000000000000000000000000000004A
:10E6D000000000000000000000000000000000003A
:10E6E000000000000000000000000000000000002A
:10E6F000000000000000000000000000000000001A
:10E700000000000000000000000000000000000009
:10E7100000000000000000000000000000000000F9
:10E7200000000000000000000000000000000000E9
:10E7300000000000000000000000000000000000D9
:10E7400000000000000000000000000000000000C9
:10E7500000000000000000000000000000000000B9
:10E7600000000000000000000000000000000000A9
:10E770000000000000000000000000000000000099
:10E780000000000000000000000000000000000089
:10E790000000000000000000000000000000000079
:10E7A0000000000000000000000000000000000069
:10E7B0000000000000000000000000000000000059
:10E7C0000000000000000000000000000000000049
:10E7D0000000000000000000000000000000000039
:10E7E0000000000000000000000000000000000029
:10E7F0000000000000000000000000000000000019
:10E800000000000000000000000000000000000008
:10E8100000000000000000000000000000000000F8
:10E8200000000000000000000000000000000000E8
:10E8300000000000000000000000000000000000D8
:10E8400000000000000000000000000000000000C8
:10E8500000000000000000000000000000000000B8
:10E8600000000000000000000000000000000000A8
:10E870000000000000000000000000000000000098
:10E880000000000000000000000000000000000088
:10E890000000000000000000000000000000000078
:10E8A0000000000000000000000000000000000068
:10E8B0000000000000000000000000000000000058
:10E8C0000000000000000000000000000000000048
:10E8D0000000000000000000000000000000000038
:10E8E0000000000000000000000000000000000028
:10E8F0000000000000000000000000000000000018
:10E900000000000000000000000000000000000007
:10E9100000000000000000000000000000000000F7
:10E9200000000000000000000000000000000000E7
:10E9300000000000000000000000000000000000D7
:10E9400000000000000000000000000000000000C7
:10E9500000000000000000000000000000000000B7
:10E9600000000000000000000000000000000000A7
:10E970000000000000000000000000000000000097
:10E980000000000000000000000000000000000087
:10E990000000000000000000000000000000000077
:10E9A0000000000000000000000000000000000067
:10E9B0000000000000000000000000000000000057
:10E9C0000000000000000000000000000000000047
:10E9D0000000000000000000000000000000000037
:10E9E0000000000000000000000000000000000027
:10E9F0000000000000000000000000000000000017
:10EA00000000000000000000000000000000000006
:10EA100000000000000000000000000000000000F6
:10EA200000000000000000000000000000000000E6
:10EA300000000000000000000000000000000000D6
:10EA400000000000000000000000000000000000C6
:10EA500000000000000000000000000000000000B6
:10EA600000000000000000000000000000000000A6
:10EA70000000000000000000000000000000000096
:10EA80000000000000000000000000000000000086
:10EA90000000000000000000000000000000000076
:10EAA0000000000000000000000000000000000066
:10EAB0000000000000000000000000000000000056
:10EAC0000000000000000000000000000000000046
:10EAD0000000000000000000000000000000000036
:10EAE0000000000000000000000000000000000026
:10EAF0000000000000000000000000000000000016
:10EB00000000000000000000000000000000000005
:10EB100000000000000000000000000000000000F5
:10EB200000000000000000000000000000000000E5
:10EB300000000000000000000000000000000000D5
:10EB400000000000000000000000000000000000C5
:10EB500000000000000000000000000000000000B5
:10EB600000000000000000000000000000000000A5
:10EB70000000000000000000000000000000000095
:10EB80000000000000000000000000000000000085
:10EB90000000000000000000000000000000000075
:10EBA0000000000000000000000000000000000065
:10EBB0000000000000000000000000000000000055
:10EBC0000000000000000000000000000000000045
:10EBD0000000000000000000000000000000000035
:10EBE0000000000000000000000000000000000025
:10EBF0000000000000000000000000000000000015
:10EC00000000000000000000000000000000000004
:10EC100000000000000000000000000000000000F4
:10EC200000000000000000000000000000000000E4
:10EC300000000000000000000000000000000000D4
:10EC400000000000000000000000000000000000C4
:10EC500000000000000000000000000000000000B4
:10EC600000000000000000000000000000000000A4
:10EC70000000000000000000000000000000000094
:10EC80000000000000000000000000000000000084
:10EC90000000000000000000000000000000000074
:10ECA0000000000000000000000000000000000064
:10ECB0000000000000000000000000000000000054
:10ECC0000000000000000000000000000000000044
:10ECD0000000000000000000000000000000000034
:10ECE0000000000000000000000000000000000024
:10ECF0000000000000000000000000000000000014
:10ED00000000000000000000000000000000000003
:10ED100000000000000000000000000000000000F3
:10ED200000000000000000000000000000000000E3
:10ED300000000000000000000000000000000000D3
:10ED400000000000000000000000000000000000C3
:10ED500000000000000000000000000000000000B3
:10ED600000000000000000000000000000000000A3
:10ED70000000000000000000000000000000000093
:10ED80000000000000000000000000000000000083
:10ED90000000000000000000000000000000000073
:10EDA0000000000000000000000000000000000063
:10EDB0000000000000000000000000000000000053
:10EDC0000000000000000000000000000000000043
:10EDD0000000000000000000000000000000000033
:10EDE0000000000000000000000000000000000023
:10EDF0000000000000000000000000000000000013
:10EE00000000000000000000000000000000000002
:10EE100000000000000000000000000000000000F2
:10EE200000000000000000000000000000000000E2
:10EE300000000000000000000000000000000000D2
:10EE400000000000000000000000000000000000C2
:10EE500000000000000000000000000000000000B2
:10EE600000000000000000000000000000000000A2
:10EE70000000000000000000000000000000000092
:10EE80000000000000000000000000000000000082
:10EE90000000000000000000000000000000000072
:10EEA0000000000000000000000000000000000062
:10EEB0000000000000000000000000000000000052
:10EEC0000000000000000000000000000000000042
:10EED0000000000000000000000000000000000032
:10EEE0000000000000000000000000000000000022
:10EEF0000000000000000000000000000000000012
:10EF00000000000000000000000000000000000001
:10EF100000000000000000000000000000000000F1
:10EF200000000000000000000000000000000000E1
:10EF300000000000000000000000000000000000D1
:10EF400000000000000000000000000000000000C1
:10EF500000000000000000000000000000000000B1
:10EF600000000000000000000000000000000000A1
:10EF70000000000000000000000000000000000091
:10EF80000000000000000000000000000000000081
:10EF90000000000000000000000000000000000071
:10EFA0000000000000000000000000000000000061
:10EFB0000000000000000000000000000000000051
:10EFC0000000000000000000000000000000000041
:10EFD0000000000000000000000000000000000031
:10EFE0000000000000000000000000000000000021
:10EFF0000000000000000000000000000000000011
:10F000000000000000000000000000000000000000
:10F0100000000000000000000000000000000000F0
:10F0200000000000000000000000000000000000E0
:10F0300000000000000000000000000000000000D0
:10F0400000000000000000000000000000000000C0
:10F0500000000000000000000000000000000000B0
:10F0600000000000000000000000000000000000A0
:10F070000000000000000000000000000000000090
:10F080000000000000000000000000000000000080
:10F090000000000000000000000000000000000070
:10F0A0000000000000000000000000000000000060
:10F0B0000000000000000000000000000000000050
:10F0C0000000000000000000000000000000000040
:10F0D0000000000000000000000000000000000030
:10F0E0000000000000000000000000000000000020
:10F0F0000000000000000000000000000000000010
:10F1000000000000000000000000000000000000FF
:10F1100000000000000000000000000000000000EF
:10F1200000000000000000000000000000000000DF
:10F1300000000000000000000000000000000000CF
:10F1400000000000000000000000000000000000BF
:10F1500000000000000000000000000000000000AF
:10F16000000000000000000000000000000000009F
:10F17000000000000000000000000000000000008F
:10F18000000000000000000000000000000000007F
:10F19000000000000000000000000000000000006F
:10F1A000000000000000000000000000000000005F
:10F1B000000000000000000000000000000000004F
:10F1C000000000000000000000000000000000003F
:10F1D000000000000000000000000000000000002F
:10F1E000000000000000000000000000000000001F
:10F1F000000000000000000000000000000000000F
:10F2000000000000000000000000000000000000FE
:10F2100000000000000000000000000000000000EE
:10F2200000000000000000000000000000000000DE
:10F2300000000000000000000000000000000000CE
:10F2400000000000000000000000000000000000BE
:10F2500000000000000000000000000000000000AE
:10F26000000000000000000000000000000000009E
:10F27000000000000000000000000000000000008E
:10F28000000000000000000000000000000000007E
:10F29000000000000000000000000000000000006E
:10F2A000000000000000000000000000000000005E
:10F2B000000000000000000000000000000000004E
:10F2C000000000000000000000000000000000003E
:10F2D000000000000000000000000000000000002E
:10F2E000000000000000000000000000000000001E
:10F2F000000000000000000000000000000000000E
:10F3000000000000000000000000000000000000FD
:10F3100000000000000000000000000000000000ED
:10F3200000000000000000000000000000000000DD
:10F3300000000000000000000000000000000000CD
:10F3400000000000000000000000000000000000BD
:10F3500000000000000000000000000000000000AD
:10F36000000000000000000000000000000000009D
:10F37000000000000000000000000000000000008D
:10F38000000000000000000000000000000000007D
:10F39000000000000000000000000000000000006D
:10F3A000000000000000000000000000000000005D
:10F3B000000000000000000000000000000000004D
:10F3C000000000000000000000000000000000003D
:10F3D000000000000000000000000000000000002D
:10F3E000000000000000000000000000000000001D
:10F3F000000000000000000000000000000000000D
:10F4000000000000000000000000000000000000FC
:10F4100000000000000000000000000000000000EC
:10F4200000000000000000000000000000000000DC
:10F4300000000000000000000000000000000000CC
:10F4400000000000000000000000000000000000BC
:10F4500000000000000000000000000000000000AC
:10F46000000000000000000000000000000000009C
:10F47000000000000000000000000000000000008C
:10F48000000000000000000000000000000000007C
:10F49000000000000000000000000000000000006C
:10F4A000000000000000000000000000000000005C
:10F4B000000000000000000000000000000000004C
:10F4C000000000000000000000000000000000003C
:10F4D000000000000000000000000000000000002C
:10F4E000000000000000000000000000000000001C
:10F4F000000000000000000000000000000000000C
:10F5000000000000000000000000000000000000FB
:10F5100000000000000000000000000000000000EB
:10F5200000000000000000000000000000000000DB
:10F5300000000000000000000000000000000000CB
:10F5400000000000000000000000000000000000BB
:10F5500000000000000000000000000000000000AB
:10F56000000000000000000000000000000000009B
:10F57000000000000000000000000000000000008B
:10F58000000000000000000000000000000000007B
:10F59000000000000000000000000000000000006B
:10F5A000000000000000000000000000000000005B
:10F5B000000000000000000000000000000000004B
:10F5C000000000000000000000000000000000003B
:10F5D000000000000000000000000000000000002B
:10F5E000000000000000000000000000000000001B
:10F5F000000000000000000000000000000000000B
:10F6000000000000000000000000000000000000FA
:10F6100000000000000000000000000000000000EA
:10F6200000000000000000000000000000000000DA
:10F6300000000000000000000000000000000000CA
:10F6400000000000000000000000000000000000BA
:10F6500000000000000000000000000000000000AA
:10F66000000000000000000000000000000000009A
:10F67000000000000000000000000000000000008A
:10F68000000000000000000000000000000000007A
:10F69000000000000000000000000000000000006A
:10F6A000000000000000000000000000000000005A
:10F6B000000000000000000000000000000000004A
:10F6C000000000000000000000000000000000003A
:10F6D000000000000000000000000000000000002A
:10F6E000000000000000000000000000000000001A
:10F6F000000000000000000000000000000000000A
:10F7000000000000000000000000000000000000F9
:10F7100000000000000000000000000000000000E9
:10F7200000000000000000000000000000000000D9
:10F7300000000000000000000000000000000000C9
:10F7400000000000000000000000000000000000B9
:10F7500000000000000000000000000000000000A9
:10F760000000000000000000000000000000000099
:10F770000000000000000000000000000000000089
:10F780000000000000000000000000000000000079
:10F790000000000000000000000000000000000069
:10F7A0000000000000000000000000000000000059
:10F7B0000000000000000000000000000000000049
:10F7C0000000000000000000000000000000000039
:10F7D0000000000000000000000000000000000029
:10F7E0000000000000000000000000000000000019
:10F7F0000000000000000000000000000000000009
:10F8000000000000000000000000000000000000F8
:10F8100000000000000000000000000000000000E8
:10F8200000000000000000000000000000000000D8
:10F8300000000000000000000000000000000000C8
:10F8400000000000000000000000000000000000B8
:10F8500000000000000000000000000000000000A8
:10F860000000000000000000000000000000000098
:10F870000000000000000000000000000000000088
:10F880000000000000000000000000000000000078
:10F890000000000000000000000000000000000068
:10F8A0000000000000000000000000000000000058
:10F8B0000000000000000000000000000000000048
:10F8C0000000000000000000000000000000000038
:10F8D0000000000000000000000000000000000028
:10F8E0000000000000000000000000000000000018
:10F8F0000000000000000000000000000000000008
:10F9000000000000000000000000000000000000F7
:10F9100000000000000000000000000000000000E7
:10F9200000000000000000000000000000000000D7
:10F9300000000000000000000000000000000000C7
:10F9400000000000000000000000000000000000B7
:10F9500000000000000000000000000000000000A7
:10F960000000000000000000000000000000000097
:10F970000000000000000000000000000000000087
:10F980000000000000000000000000000000000077
:10F990000000000000000000000000000000000067
:10F9A0000000000000000000000000000000000057
:10F9B0000000000000000000000000000000000047
:10F9C0000000000000000000000000000000000037
:10F9D0000000000000000000000000000000000027
:10F9E0000000000000000000000000000000000017
:10F9F0000000000000000000000000000000000007
:10FA000000000000000000000000000000000000F6
:10FA100000000000000000000000000000000000E6
:10FA200000000000000000000000000000000000D6
:10FA300000000000000000000000000000000000C6
:10FA400000000000000000000000000000000000B6
:10FA500000000000000000000000000000000000A6
:10FA60000000000000000000000000000000000096
:10FA70000000000000000000000000000000000086
:10FA80000000000000000000000000000000000076
:10FA90000000000000000000000000000000000066
:10FAA0000000000000000000000000000000000056
:10FAB0000000000000000000000000000000000046
:10FAC0000000000000000000000000000000000036
:10FAD0000000000000000000000000000000000026
:10FAE0000000000000000000000000000000000016
:10FAF0000000000000000000000000000000000006
:10FB000000000000000000000000000000000000F5
:10FB100000000000000000000000000000000000E5
:10FB200000000000000000000000000000000000D5
:10FB300000000000000000000000000000000000C5
:10FB400000000000000000000000000000000000B5
:10FB500000000000000000000000000000000000A5
:10FB60000000000000000000000000000000000095
:10FB70000000000000000000000000000000000085
:10FB80000000000000000000000000000000000075
:10FB90000000000000000000000000000000000065
:10FBA0000000000000000000000000000000000055
:10FBB0000000000000000000000000000000000045
:10FBC0000000000000000000000000000000000035
:10FBD0000000000000000000000000000000000025
:10FBE0000000000000000000000000000000000015
:10FBF0000000000000000000000000000000000005
:10FC000000000000000000000000000000000000F4
:10FC100000000000000000000000000000000000E4
:10FC200000000000000000000000000000000000D4
:10FC300000000000000000000000000000000000C4
:10FC400000000000000000000000000000000000B4
:10FC500000000000000000000000000000000000A4
:10FC60000000000000000000000000000000000094
:10FC70000000000000000000000000000000000084
:10FC80000000000000000000000000000000000074
:10FC90000000000000000000000000000000000064
:10FCA0000000000000000000000000000000000054
:10FCB0000000000000000000000000000000000044
:10FCC0000000000000000000000000000000000034
:10FCD0000000000000000000000000000000000024
:10FCE0000000000000000000000000000000000014
:10FCF0000000000000000000000000000000000004
:10FD000000000000000000000000000000000000F3
:10FD100000000000000000000000000000000000E3
:10FD200000000000000000000000000000000000D3
:10FD300000000000000000000000000000000000C3
:10FD400000000000000000000000000000000000B3
:10FD500000000000000000000000000000000000A3
:10FD60000000000000000000000000000000000093
:10FD70000000000000000000000000000000000083
:10FD80000000000000000000000000000000000073
:10FD90000000000000000000000000000000000063
:10FDA0000000000000000000000000000000000053
:10FDB0000000000000000000000000000000000043
:10FDC0000000000000000000000000000000000033
:10FDD0000000000000000000000000000000000023
:10FDE0000000000000000000000000000000000013
:10FDF0000000000000000000000000000000000003
:10FE000000000000000000000000000000000000F2
:10FE100000000000000000000000000000000000E2
:10FE200000000000000000000000000000000000D2
:10FE300000000000000000000000000000000000C2
:10FE400000000000000000000000000000000000B2
:10FE500000000000000000000000000000000000A2
:10FE60000000000000000000000000000000000092
:10FE70000000000000000000000000000000000082
:10FE80000000000000000000000000000000000072
:10FE90000000000000000000000000000000000062
:10FEA0000000000000000000000000000000000052
:10FEB0000000000000000000000000000000000042
:10FEC0000000000000000000000000000000000032
:10FED0000000000000000000000000000000000022
:10FEE0000000000000000000000000000000000012
:10FEF0000000000000000000000000000000000002
:10FF000000000000000000000000000000000000F1
:10FF100000000000000000000000000000000000E1
:10FF200000000000000000000000000000000000D1
:10FF300000000000000000000000000000000000C1
:10FF400000000000000000000000000000000000B1
:10FF500000000000000000000000000000000000A1
:10FF60000000000000000000000000000000000091
:10FF70000000000000000000000000000000000081
:10FF80000000000000000000000000000000000071
:10FF90000000000000000000000000000000000061
:10FFA0000000000000000000000000000000000051
:10FFB0000000000000000000000000000000000041
:10FFC0000000000000000000000000000000000031
:10FFD0000000000000000000000000000000000021
:10FFE0000000000000000000000000000000000011
:10FFF0000000000000000000000000000000000001
:020000040801F1
:10000000014600200D4A1060012904D0032906D0C2
:1000100006290CD107E00120084A106008E0022000
:10002000064A106004E00320044A106000E000BFAC
:1000300000BF0248008800B270470000C0010020E5
:100040000A4A126822F44072084B1A601A46126873
:1000500042F004021A601A4612684FF4803343EAF1
:1000600000231A43014B1A6070470000103C024005
:1000700010B5202211460848F0F75EFCFBF70CFD96
:1000800001210846FBF78EFC4FF4FA60FAF70EFFE9
:1000900000F06EF910BD0000A83000202DE9F041FD
:1000A00005462F464D48006805704C480068401CC6
:1000B0004A4908602E2D72D02D2DFCD0202DFAD06B
:1000C000002483E004EB4400454911F82000A842D5
:1000D0007BD104EB440001EB8000007AFF2866D15D
:1000E00040480078082820D03E48007804EB4401BE
:1000F0003B4A02EB8101087204EB440002EB8000F2
:10010000416838480078FBF7EDFC04EB44003449C3
:1001100001EB80013448334A127840F8221031480C
:100120000078401C2F49087041E000263BE006EBB8
:1001300046002B4901EB8000007AFF2832D006EB05
:10014000460001EB8000407A50BB04EB44020B46B2
:1001500003EB8202516806EB460203EB8202107A3F
:10016000FBF7C0FC06EB46001D4901EB8000007A5E
:1001700004EB44011A4A02EB81010872FF2006EBEE
:10018000460102EB8101087204EB4400114601EBC9
:1001900080001549134A127841F8220005E019E061
:1001A00000E012E0761C142EC1D300BF00BF04EBA8
:1001B00044000B4901EB8000077A012004EB440165
:1001C000074A02EB8101487203E0641C142CFFF41F
:1001D00079AF00BF3846BDE8F08100006C01002017
:1001E00078000020740000208830002010B50446FC
:1001F000E0B20121FBF706FCFF210120FBF70EFC1A
:10020000E0B20121FBF7FEFB10BD00003EB5044645
:1002100001210720FBF7F6FB224604A16846F0F710
:100220003FF96846FBF7A2F83EBD00002530326C6E
:1002300075000000002021E01249D1ED000AB7EE60
:10024000001A71EE600A104901EB800191ED001A6D
:1002500060EE810A0D4951F8201001EE101AB8EE37
:10026000411A0849D1ED001AB0EE600A01EE810A88
:10027000054901EB800181ED000A401C0528DBD314
:1002800070470000AC01002078310020643100206C
:1002900010B50921034801F087FD002002490870CC
:1002A00010BD0000C8300020B001002001480078D7
:1002B000704700001C00002070B505460C46012C5C
:1002C00006D0022C0BD0042C12D0052C14D100E047
:1002D00013E003200A490870FAF7CAFE0DE0022075
:1002E0000749087001F09AFB06A001F051FA04E0FA
:1002F00001200349087000E000BF00BF70BD00008E
:10030000450000202F0000003EB5044601210520D5
:10031000FBF778FB224604A16846F0F7C1F868466F
:10032000FBF724F83EBD00002530346C750000005A
:1003300010B52DED028BB0EE408A094880ED008AA1
:100340000848007840B9084B01220921074801F00C
:1003500043FD012003490870BDEC028B10BD000075
:10036000AC010020B0010020AD890008C830002099
:1003700010B500224FF480611648FAF7B9FD01224A
:1003800051021448FAF7B4FD0020FBF7EFFA0A20F7
:10039000FAF78CFD00BF012211020E48FAF7A8FD02
:1003A0000A20FAF783FDFAF797FD012800D10CE047
:1003B00000224FF480710748FAF79AFD064800685A
:1003C000401C054908606428E5DD00BF00200249A3
:1003D000086010BD000002409001002010B52DED16
:1003E000048B84B0044601210420FBF70BFB20465C
:1003F00009F0BAFC41EC190B9FED0B0B53EC102BE1
:1004000009F05AFB41EC180B53EC182B08A101A87A
:10041000F0F746F82C208DF8050001A8FAF7A6FFA2
:1004200004B0BDEC048B10BD0000000000408F4004
:1004300025302E33660000002DE9F04F89B00446C8
:100440000D46642095FBF0F600FB165B0A209BFB33
:10045000F0F700FB17B004904FF47A7094FBF0F8BB
:1004600000FB184002906421029890FBF1F9029879
:1004700001FB190001900A21019890FBF1FA019803
:1004800001FB1A0000900098039006F13000C0B202
:100490008DF8140007F13000C0B28DF815002C2043
:1004A0008DF8160004983030C0B28DF8170008F1AE
:1004B0003000C0B28DF8180009F13000C0B28DF8DC
:1004C00019000AF13000C0B28DF81A0003983030DC
:1004D000C0B28DF81B0000208DF81C0005A8FAF7AB
:1004E00045FF09B0BDE8F08F2DE9F04F2DED048BED
:1004F00087B0B0EE408A9FED460AB4EEC08AF1EEB6
:1005000010FA03DD9FED420AB0EE408AB5EEC08AD4
:10051000F1EE10FA05D2BFEE000A28EE000AB0EEA6
:10052000408A9FED3C0AC8EE000ABDEEE00A10EEDC
:10053000104A6420604300EE100AB8EEC00A78EE5C
:10054000408A2546B2EE040AC8EE800ABDEEE00AF3
:1005500010EE104A04EB8400400000EE100AB8EEE2
:10056000C00A38EEC09A2646BDEEC90A8DED020AD1
:10057000BDEEC80AB8EEC00A78EE409A9FED260A92
:1005800029EE800ABDEEC00A10EE109A642099FB95
:10059000F0F404EBC40000EB0410A9EB800B274639
:1005A0000A209BFBF0F404EB8400ABEB400ACDF88F
:1005B00004A0A046DDF804A005F13000C0B28DF81B
:1005C0000C0006F13000C0B28DF80D0002983030FA
:1005D000C0B28DF80E002C208DF80F0007F130000E
:1005E000C0B28DF8100008F13000C0B28DF81100D3
:1005F0000AF13000C0B28DF8120000208DF813000F
:1006000003A8FAF7B3FE07B0BDEC048BBDE8F08F8A
:1006100000C079440000C84200007A4430B52DED96
:10062000028B85B000210320FBF7ECF9144890ED14
:10063000000ADFED140A80EE201AB0EE418ABCEE0B
:10064000C80A10EE100A84B200EE104AB8EE400A52
:1006500038EE400ADFED0C0A20EE200ABCEEC00A9C
:1006600010EE105A2B46224608A101A8EFF718FFFA
:1006700001A8FAF77BFE05B0BDEC028B30BD00008F
:10068000BC010020002474490050C3472530327556
:100690002C2530356C75000010B502460020104B3B
:1006A00003EB011313440F4C236019B900F18003CD
:1006B000D8B212E0012903D100F1C003D8B20CE096
:1006C000022903D100F19403D8B206E0032903D133
:1006D00000F1D403D8B200E080208318D8B210BD56
:1006E000A83000206C01002010B50020FBF730F985
:1006F00004462146014803F0B5FE10BDEC3300204E
:1007000010B50120FBF724F904462146014803F007
:10071000A9FE10BDB447002010B50220FBF718F960
:1007200004462146014803F09DFE10BD7C5B00207D
:1007300010B50320FBF70CF904462146014803F0ED
:1007400091FE10BD446F002010B50420FBF700F9A6
:1007500004462146014803F085FE10BD0C830020AD
:1007600000B593B0302107A8F0F710F9142102A8C2
:10077000F0F70CF900BF002001902448006840F019
:100780008050224908600846006800F080500190BF
:1007900000BF00BF002001901D48006820F44040C9
:1007A00040F400401A4908600846006800F44040E0
:1007B000019000BF012007900004089002200D90D6
:1007C00041050E9119210F914FF4A8711091042148
:1007D00011910721129107A8F3F72EFB08B1F1F749
:1007E00082FB0F20029002200390002004904FF41F
:1007F0008050059000200690022102A8F3F7DCF952
:1008000008B1F1F770FB13B000BD000040380240A2
:100810000070004010B504460B2C30D2DFE804F025
:10082000060A0E12161A1E22262A2B0015A0FAF707
:100830009DFD24E014A0FAF799FD20E013A0FAF73B
:1008400095FD1CE012A0FAF791FD18E011A0FAF74F
:100850008DFD14E010A0FAF789FD10E00FA0FAF763
:1008600085FD0CE00EA0FAF781FD08E00DA0FAF777
:100870007DFD04E000BF0CA0FAF778FD00BF00BFCB
:1008800010BD000030000000310000003200000008
:100890003300000034000000350000003600000086
:1008A00037000000380000003900000030B52DEDA1
:1008B000028B85B0B0EE408ABCEEC80A10EE100A7A
:1008C00084B200EE104AB8EE400A38EE400ADFED7E
:1008D0000A0A20EE200ABCEEC00A10EE105A2B467F
:1008E000224606A101A8EFF7DBFD01A8FAF73EFDBD
:1008F00005B0BDEC028B30BD0050C34725303275CA
:100900002C2530356C75000010B50B4805F042FC05
:1009100000200A4908600A4908600A4908600A4933
:1009200008600A4908600A4908600A49086001200D
:100930000949086010BD0000C8310020E80100200E
:10094000EC010020F0010020F4010020080200204A
:10095000FC010020000200203002002010B50B48EE
:100960000B4908604FF461404860002108488160ED
:10097000C16001610821416100218161C161F3F71A
:100980000AF808B1F1F7AFFA10BD000000100140FD
:100990002004002070B50446F8F75AF810A0FAF7C2
:1009A000E5FC092C03D10FA0FAF7E0FC07E0601C7E
:1009B00005B22846FFF72EFF0BA0FAF7D7FC0BA0D5
:1009C000FAF7D4FC0A4800EB8400D0ED000AB0EE40
:1009D000600AFFF789FD07A0FAF7C8FC70BD0000A8
:1009E0006600000031300000200000003D000000E3
:1009F0002833002020487A002DE9F04105460E46B4
:100A0000144631462846FFF747FE0746012138467F
:100A1000FAF7C8FF07E014F8010BFFF73FFB804629
:100A20000021FAF7BFFF20780028F4D1BDE8F0815B
:100A300070B50446F8F70CF81EA0FAF797FC1E48AC
:100A4000B0F90000B0F5E17F0ED1092C03D11BA055
:100A5000FAF78CFC1DE0601C05B22846FFF7DAFEB1
:100A600017A0FAF783FC14E016A0FAF77FFC092C14
:100A700003D112A0FAF77AFC07E0601C05B2284601
:100A8000FFF7C8FE0EA0FAF771FC00210620FAF766
:100A9000B9FF0DA0FAF76AFC0C4800EB8400D0ED1A
:100AA000000AB0EE600AFFF701FF09A0FAF75EFC4A
:100AB00070BD0000740000002402002031300000EE
:100AC00020000000302C00003D00000054330020C6
:100AD0002073000010B50B480068401E00EB0010AA
:100AE000094942180021094804F01BFD0548006827
:100AF000401E00EB0010064942180121034804F093
:100B000010FD10BDC001002006A50108A031002085
:100B100039A5010810B507480068401E00EB001019
:100B2000054942180021054804F0FBFC00F078FC60
:100B300010BD0000C00100205AA60108A03100200D
:100B400010B5044A0021044804F0EBFC00F068FCF6
:100B500010BD00008DA60108A031002010B5074887
:100B60000068401E00EB00100549421800210548AE
:100B700004F0D7FC00F054FC10BD0000C0010020C0
:100B80009EA60108A031002010B507480068401E4D
:100B900000EB0010054942180021054804F0C1FC93
:100BA00000F03EFC10BD0000C0010020D1A60108ED
:100BB000A031002010B507480068401E00EB00106F
:100BC000054942180021054804F0ABFC00F028FC60
:100BD00010BD0000C001002004A70108A0310020C2
:100BE00010B507480068401E00EB00100549421888
:100BF0000021054804F095FC00F012FC10BD000037
:100C0000C001002037A70108A031002010B5074817
:100C10000068401E00EB00100549421800210548FD
:100C200004F07FFC00F0FCFB10BD0000C0010020C0
:100C30006AA70108A031002010B507480068401ECF
:100C400000EB0010054942180021054804F069FC3A
:100C500000F0E6FB10BD0000C00100209DA70108C8
:100C6000A031002010B512480068012807D1F7F71D
:100C7000EFFE1048FAF77AFB00F0D2FB16E00C48C2
:100C80000068022807D1F7F7E3FE0B48FAF76EFB7E
:100C900000F0C6FB0AE006480068032806D1F7F713
:100CA000D7FE0648FAF762FB00F0BAFB10BD000061
:100CB000C0010020D0A7010868AE010813AF0108E9
:100CC00010B512480068012807D1F7F7C1FE104897
:100CD000FAF74CFB00F0A4FB16E00C480068022871
:100CE00007D1F7F7B5FE0B48FAF740FB00F098FB89
:100CF0000AE006480068032806D1F7F7A9FE06486F
:100D0000FAF734FB00F08CFB10BD0000C00100209E
:100D1000E1A7010879AE010824AF010810B50B481E
:100D20000068401E00EB00100949421800210948E4
:100D300004F0F7FB05480068401E00EB0010064970
:100D400042180121034804F0ECFB10BDC001002053
:100D5000F2A70108A031002025A8010810B5084815
:100D60000068401E00EB00100649421800210648AA
:100D700004F0D7FB054A0121034804F0D2FB10BD63
:100D8000C001002058A80108A03100209FA501083B
:100D900010B508480068401E00EB001006494218D4
:100DA0000021064804F0BDFB054A0121034804F078
:100DB000B8FB10BDC001002096A80108A03100209A
:100DC0009FA5010810B508480068401E00EB001000
:100DD000064942180021064804F0A3FB054A0121F8
:100DE000034804F09EFB10BDC0010020C9A8010803
:100DF000A03100209FA5010810B508480068401EDA
:100E000000EB0010064942180021064804F089FB57
:100E1000054A0121034804F084FB10BDC0010020F5
:100E2000FCA80108A03100209FA5010810B50848C2
:100E30000068401E00EB00100649421800210648D9
:100E400004F06FFB054A0121034804F06AFB10BD62
:100E5000C00100202FA90108A031002062A90108CB
:100E600010B50B480068401E00EB001009494218FD
:100E70000021094804F055FB05480068401E00EBBE
:100E80000010064942180121034804F04AFB10BD36
:100E9000C001002073A90108A031002025A8010885
:100EA00010B508480068401E00EB001006494218C3
:100EB0000021064804F035FB054A0121034804F0EF
:100EC00030FB10BDC0010020A6A90108A031002000
:100ED0009FA5010810B508480068401E00EB0010EF
:100EE000064942180021064804F01BFB054A01216F
:100EF000034804F016FB10BDC0010020D9A9010869
:100F0000A03100209FA5010810B508480068401EC8
:100F100000EB0010064942180021064804F001FBCE
:100F2000054A0121034804F0FCFA10BDC00100206D
:100F30000CAA0108A03100203FAA010810B50848FA
:100F40000068401E00EB00100649421800210648C8
:100F500004F0E7FA054A0121034804F0E2FA10BD63
:100F6000C001002050AA0108A03100209FA501085F
:100F700010B508480068401E00EB001006494218F2
:100F80000021064804F0CDFA054A0121034804F087
:100F9000C8FA10BDC001002083AA0108A0310020BA
:100FA0007DA5010810B50B480068401E00EB00103D
:100FB000094942180021094804F0B3FA05480068BD
:100FC000401E00EB0010064942180121034804F0BE
:100FD000A8FA10BDC0010020B6AA0108A031002067
:100FE000E9AA010810B5094A0021094804F099FA54
:100FF000FFF714FB07480068401E00EB001006498D
:1010000042180121024804F08CFA10BD1CAB010803
:10101000A0310020C0010020E9AA010810B50B484A
:101020000068401E00EB00100949421800210948E1
:1010300004F077FA05480068401E00EB00100649EE
:1010400042180121034804F06CFA10BDC0010020D1
:101050001FAB0108A031002052AB010810B50B48AE
:101060000068401E00EB00100949421800210948A1
:1010700004F057FA05480068401E00EB00100649CE
:1010800042180121034804F04CFA10BDC0010020B1
:10109000B8AB0108A0310020EBAB010810B50B483C
:1010A0000068401E00EB0010094942180021094861
:1010B00004F037FA05480068401E00EB00100649AE
:1010C00042180121034804F02CFA10BDC001002091
:1010D000B8AB0108A03100201EAC010810B5054ACC
:1010E0000021054804F01DFA044A0121024804F0D9
:1010F00018FA10BD1CAB0108A03100206CA5010836
:1011000010B512480068012807D1F7F7A1FC104874
:10111000FAF72CF900F084F916E00C480068022870
:1011200007D1F7F795FC0B48FAF720F900F078F9AA
:101130000AE006480068032806D1F7F789FC06484C
:10114000FAF714F900F06CF910BD0000C00100209E
:1011500051AC010894AE01083FAF010810B5144826
:101160000068012807D1F7F773FC1248FAF7FEF878
:1011700000F056F916E00E480068022807D1F7F78C
:1011800067FC0D48FAF7F2F800F04AF90AE008485F
:101190000068032806D1F7F75BFC0848FAF7E6F881
:1011A00000F03EF9F7F754FC0248FAF7DFF810BDFB
:1011B000C001002057AC01089AAE010845AF0108F4
:1011C00010B50F480068012805D1F7F741FC0D481C
:1011D000FAF7CCF812E00A480068022805D1F7F7C0
:1011E00037FC0948FAF7C2F808E005480068032808
:1011F00004D1F7F72DFC0548FAF7B8F810BD000048
:10120000C00100205DAC0108A0AE01084BAF010891
:1012100010B50F480068012805D1F7F719FC0D48F3
:10122000FAF7A4F812E00A480068022805D1F7F797
:101230000FFC0948FAF79AF808E005480068032807
:1012400004D1F7F705FC0548FAF790F810BD000047
:10125000C001002063AC0108A6AE010851AF01082F
:1012600010B50F480068012805D1F7F7F1FB0D48CC
:10127000FAF77CF812E00A480068022805D1F7F76F
:10128000E7FB0948FAF772F808E005480068032808
:1012900004D1F7F7DDFB0548FAF768F810BD000048
:1012A000C001002069AC0108ACAE010857AF0108CD
:1012B00010B50F480068012805D1F7F7C9FB0D48A4
:1012C000FAF754F812E00A480068022805D1F7F747
:1012D000BFFB0948FAF74AF808E005480068032808
:1012E00004D1F7F7B5FB0548FAF740F810BD000048
:1012F000C00100206FAC0108B2AE01085DAF01086B
:1013000010B50F480068012805D1F7F7A1FB0D487B
:10131000FAF72CF812E00A480068022805D1F7F71E
:1013200097FB0948FAF722F808E005480068032807
:1013300004D1F7F78DFB0548FAF718F810BD000047
:10134000C001002075AC0108B8AE010863AF010808
:1013500010B5054A0021054804F0E3F8044A0121CC
:10136000024804F0DEF810BD7BAC0108A03100207B
:101370008EA5010810B5044A0021044804F0D1F8F4
:1013800000F04EF810BD00007BAC0108A031002039
:1013900010B5034A0021034804F0C3F810BD000053
:1013A00082AC0108A031002010B5034A0021034897
:1013B00004F0B7F810BD000089AC0108A03100208E
:1013C00010B5034A0021034804F0ABF810BD00003B
:1013D00090AC0108A031002010B5034A0021034859
:1013E00004F09FF810BD000097AC0108A031002068
:1013F00010B5034A0021034804F093F810BD000023
:101400009EAC0108A031002010B5034A002103481A
:1014100004F087F810BD0000A5AC0108A031002041
:1014200010B5034A0121034804F07BF810BD000009
:101430008EA50108A031002010B5164800680128CB
:101440000AD1F7F705FB1448F9F790FFF7F706FB09
:101450001248F9F78BFF1CE00E48006802280AD1F9
:10146000F7F7F6FA0E48F9F781FFF7F7F7FA0D48A4
:10147000F9F77CFF0DE007480068032809D1F7F76A
:10148000E7FA0948F9F772FFF7F7E8FA0748F9F7BA
:101490006DFF10BDC0010020ACAC0108BDAC01085F
:1014A000BEAE0108CFAE010869AF01087AAF0108EE
:1014B00010B51748006801280AD1F7F7C9FA15488E
:1014C000F9F754FFF7F7CAFA1348F9F74FFF1EE090
:1014D0000F48006802280AD1F7F7BAFA0F48F9F75F
:1014E00045FFF7F7BBFA0E48F9F740FF0FE0084851
:1014F000006803280BD1F7F7ABFAF7F7A9FA094808
:10150000F9F734FFF7F7AAFA0748F9F72FFF10BDEC
:10151000C0010020CEAC0108DFAC0108E0AE01083C
:10152000F1AE01088BAF01089CAF010810B5044A69
:101530000021044803F0F5FFFFF772FF10BD000023
:10154000F0AC0108A031002010B5044A0021044885
:1015500003F0E7FFFFF764FF10BD0000F3AC0108E4
:10156000A031002010B50B480068401E00EB0010B1
:10157000094942180021094803F0D3FF05480068D3
:10158000401E00EB0010064942180121034803F0F9
:10159000C8FF10BDC0010020B8AB0108A031002079
:1015A000F7AC010810B5FFF73BFF10BD10B5FFF712
:1015B00037FF10BD10B5044A0021044803F0B1FF05
:1015C000FFF72EFF10BD00002AAD0108A03100205A
:1015D00010B5044A0021044803F0A3FFFFF720FFE1
:1015E00010BD00002EAD0108A031002010B5124A38
:1015F0000021124803F095FF00210320FAF702FAB8
:10160000FFF70CF800210720FAF7FCF90CA0F9F716
:10161000ADFE00210C20FAF7F5F90AA0F9F7A6FEB5
:101620000A480068401E00EB0010094942180121D9
:10163000024803F076FF10BD1CAB0108A03100206A
:10164000205330002053313E00000000C001002034
:10165000E9AA010810B50B480068401E00EB001015
:10166000094942180021094803F05BFF054800685A
:10167000401E00EB0010064942180121034803F008
:1016800050FF10BDC0010020B8AB0108A031002000
:1016900032AD010810B5074A0021074803F041FFA9
:1016A00000210C20FAF7AEF904A0F9F75FFEFFF76E
:1016B000B7FE10BD1CAB0108A031002053303E0026
:1016C00010B5074A0021074803F02BFF00210C202A
:1016D000FAF798F904A0F9F749FEFFF7A1FE10BD4B
:1016E0001CAB0108A031002053303C0010B5074A64
:1016F0000021074803F015FF00210C20FAF782F9BA
:1017000004A0F9F733FEFFF78BFE10BD1CAB0108F8
:10171000A031002053313E0010B507480068401E3C
:1017200000EB0010054942180021054803F0F9FEBE
:10173000FFF776FE10BD0000C001002065AD010876
:10174000A031002010B506480068401E00EB0010D4
:10175000044942180121044803F0E3FE10BD0000D3
:10176000C001002098AD0108A031002010B5054A45
:101770000021054803F0D5FE044A0121024803F088
:10178000D0FE10BD7EA40108A03100208FA4010866
:10179000F0B595B006461420EEF7A9FD0446324692
:1017A00039A12046EEF77CFE2146684606F0B5FAE0
:1017B000364908700846007800285ED100BF3449D9
:1017C000684606F017FB314908700846007810B9E2
:1017D0002F48807E00B94CE02D48007B00F01000BF
:1017E000002833D02A491A312AA0EFF7F7F800B9B8
:1017F000E5E727491A312AA0EFF7F0F800B9DEE74C
:101800001E20EEF774FD0746214A1A322BA13846F6
:10181000EEF746FE384600F041F93846EEF796FD01
:101820002046EEF7E7FF05466019194A1A3226A14D
:10183000EEF736FE2046FFF7ABFF14490870084666
:10184000007800B115E00020605511E01E20EEF791
:101850004EFD07460E4B1A3322461CA13846EEF7C2
:101860001FFE384600F01AF93846EEF76FFD00BF4C
:10187000A5E700BF684606F035F82046EEF766FD9E
:101880000248007815B0F0BD25730000000000206C
:101890005802002053595354454D7E31000000003A
:1018A00053797374656D20566F6C756D6520496E44
:1018B000666F726D6174696F6E0000004469723A00
:1018C0002025730D0A0000002F25730046696C6502
:1018D0003A2025732F25730A0000000010B5074831
:1018E0000068401E00EB0010054942180021054821
:1018F00003F017FEFFF794FD10BD0000C0010020AB
:10190000EDAD0108A031002010B525480068012880
:1019100014D1F7F79DF82348F9F728FDF7F79EF85B
:101920002148F9F723FD21A0F9F720FD0121092025
:10193000FAF768F81E48F9F719FD30E01848006812
:10194000022814D1F7F784F81A48F9F70FFDF7F7D2
:1019500085F81948F9F70AFD14A0F9F707FD0121E8
:101960000920FAF74FF81548F9F700FD17E00C4881
:101970000068032813D1F7F76BF81148F9F7F6FC64
:10198000F7F76CF80F48F9F7F1FC08A0F9F7EEFC4F
:1019900001210920FAF736F80B48F9F7E7FC10BDEA
:1019A000C001002020AE01088BA8010820202000E3
:1019B0008DA8010802AF01088AAE01088BAE0108AC
:1019C000ADAF010835AF010836AF010810B50848C2
:1019D0000068401E00EB001006494218002106482E
:1019E00003F09FFD054A0121034803F09AFD10BD55
:1019F000C001002031AE0108A0310020B0A50108CF
:101A000010B5044A0021044803F08BFDFFF708FDE0
:101A100010BD000064AE0108A031002010B5012205
:101A20000A490B4805F072FF0A4908700846007819
:101A300018B109A000F032F807E00FA000F02EF86E
:101A400000F0B8F801201449087010BD41000020D2
:101A500088040020000000204552524F52212121CD
:101A600020696E206D6F756E74696E6720555342E4
:101A7000202E2E2E0A0A0000555342206D6F756EDF
:101A8000746564207375636365737366756C6C79D4
:101A90002E2E2E0A000000001C00002070B5044607
:101AA0002046EEF7A7FE85B24FF0FF332A462146C7
:101AB0000148F2F76DFC70BD200400200EB5012036
:101AC000F9F754FF00200122CDE9002003469202DD
:101AD0002E4902902E4803F020FE00200122CDE97D
:101AE00000200346520229490290294803F015FEBE
:101AF00000200122CDE90020034612022349029072
:101B0000234803F00AFE00200121009103464022F1
:101B1000CDE901101D491E4803F0FFFD00224021C0
:101B20001A48F9F7E5F94CF25030F9F7BFF90022FD
:101B30004FF480611548F9F7DBF900224FF400718A
:101B40001248F9F7D5F93220F9F7B0F900224FF42D
:101B500080710E48F9F7CCF93220F9F7A7F9012185
:101B60002820F9F71FFF01212820F9F71BFF012189
:101B70002820F9F717FF01210D20F9F713FF0121A4
:101B80000620F9F70FFFFEF773FA0EBD00000240C2
:101B90007000002000B501210020F9F73FFF00BDD3
:101BA000024800680249086070470000E801002010
:101BB000F401002010B50F480068401E00EB001033
:101BC0000D49421800210D4803F0ABFC094800689C
:101BD000401E00EB00100A4942180121074803F09B
:101BE000A0FC064803F0BBFC4FF47A71054800F0F6
:101BF000E6F810BDC0010020C1A50108A0310020F9
:101C0000F4A50108C8300020416002688260704776
:101C10000146D1E9012010440A68904201D2012016
:101C200070470020FCE770B50446002547E005EB4F
:101C3000450104F10C0010F82100B0B305EB45019B
:101C400004F10C0000EB81004088401E81B205EBDE
:101C5000450204F10C0000EB8200418029BB05EB3A
:101C6000450204F10C0101EB82018868804705EB15
:101C7000450104F10C0000EB81004078012815D1EA
:101C800005EB450104F10C0000EB8100818805EBB8
:101C9000450204F10C0000EB82004180012105EBBC
:101CA000450204F10C0000F8221006E0002105EBCB
:101CB000450204F10C0000F82210681CC5B20C2D7E
:101CC000B5DB2068401C206070BD000030B50146C7
:101CD00000201CE0002300EB400401F10C0202F89C
:101CE000243000EB400402EB8402538000EB4004FC
:101CF00001F10C0202EB84029380264B00EB4004BE
:101D000001F10C0202EB84029360421CD0B20C2859
:101D1000E0DB2148006840F480201F4A1060012069
:101D20001E4A10600020121D106004201B4A283239
:101D3000106044F2D210121D106018480C30006878
:101D400040F00100154A0C3210600120134A143291
:101D500010601A20002809DB00F01F0301229A40BE
:101D600043099B0003F1E023C3F8002100BF1A20C0
:101D70000022002804DB13071C0E094B1C5406E04C
:101D800013071D0E074B00F00F04241F1D5500BF45
:101D900030BD0000B71E0008443802400048014032
:101DA00000E400E018ED00E010B50C2906DA00238D
:101DB00001EB410400F10C0202F8243010BD08B51B
:101DC0000268009205E00268009BD21A8A4200D3A2
:101DD00000E0F8E700BF08BD70B50C2925DA002A3D
:101DE00023DD01EB410500F10C0404EB8504628066
:101DF00001EB410500F10C0404EB8504A2800125F0
:101E000001EB410600F10C0404EB8604657001EB64
:101E1000410500F10C0404EB8504A360012501EBEE
:101E2000410600F10C0404F8265070BD2DE9FC4178
:101E300004460D4616460B2D1DD2DFE805F01D06A3
:101E4000344B627990A7BED5EC003146754802F05C
:101E50006BFD8046734802F078FDBDEEC00A10EEBF
:101E6000100A07B2B020032342463946CDE90004E8
:101E7000204601F0D5FBCFE031466A4802F054FD20
:101E80008046684802F061FDBDEEC00A10EE100AFF
:101E900007B26B20032342463946CDE900042046B1
:101EA00001F0BEFBB8E031465E4802F03DFD8046E1
:101EB0005C4802F04AFDBDEEC00A10EE100A07B2FF
:101EC0004E20022342463946CDE90004204601F067
:101ED000A7FBA1E03146534802F026FD8046514859
:101EE00002F033FDBDEEC00A10EE100A07B26D20FD
:101EF000032342463946CDE90004204601F090FB19
:101F00008AE03146474802F00FFD8046454802F01E
:101F10001CFDBDEEC00A10EE100A07B24C200323D0
:101F200042463946CDE90004204601F079FB73E0D2
:101F300031463C4802F0F8FC80463A4802F005FD84
:101F4000BDEEC00A10EE100A07B256200223424628
:101F50003946CDE90004204601F062FB5CE03146E1
:101F6000304802F0E1FC80462E4802F0EEFCBDEE67
:101F7000C00A10EE100A07B26D200323424639460C
:101F8000CDE90004204601F04BFB45E031462548F1
:101F900002F0CAFC8046234802F0D7FCBDEEC00A1E
:101FA00010EE100A07B26D20022342463946CDE9F1
:101FB0000004204601F034FB2EE03146194802F0BF
:101FC000B3FC8046174802F0C0FCBDEEC00A10EE1C
:101FD000100A07B24720022342463946CDE90004E1
:101FE000204601F01DFB17E031460E4802F09CFC34
:101FF00080460C4802F0A9FCBDEEC00A10EE100AA3
:1020000007B24C20022342463946CDE9000420465F
:1020100001F006FB00E000BF00BF00202074BDE817
:10202000FC810000EC33002070B505460C4604EB43
:10203000041000EB40000649014406480068401EB9
:1020400000EB00100A180121034803F06AFA70BD82
:10205000E2B80108C0010020A031002010B50446FC
:1020600094F91900052831D2DFE800F0030C151EA1
:1020700027001BA12046EEF713FA21461A4802F06A
:1020800057FB24E019A12046EEF70AFA2146194829
:1020900002F04EFB1BE018A12046EEF701FA2146A4
:1020A000174802F045FB12E016A12046EEF7F8F9BA
:1020B0002146164802F03CFB09E015A12046EEF748
:1020C000EFF92146144802F033FB00E000BF00BFE7
:1020D0000020207422460021104803F022FA10BD8F
:1020E00053303D2000000000EC33002053313D20F0
:1020F00000000000B447002053323D2000000000E3
:102100007C5B002053333D2000000000446F002022
:1021100053343D20000000000C830020A03100203B
:1021200070B505460B460024002008E0134E36F833
:1021300030609E4201D1014603E0461CF0B22B28DC
:10214000F4DB012A04D0032A07D0062A0FD109E0C4
:102150000A4800EBC10044880DE0084800EBC100CC
:10216000848808E0054800EBC100C48803E0034808
:1021700030F8314000BF00BF204670BD74C1010877
:10218000F8B504460D460126002000902E4803F0C5
:102190007AF89DF8001060F3000100912B4803F0DD
:1021A00072F89DF8001060F341010091284803F097
:1021B0006AF89DF8001060F382010091254803F051
:1021C00062F89DF8001060F3C3010091224803F00B
:1021D0005AF89DF8001060F304110091012D04D00D
:1021E000032D17D0062D2BD115E000BF607E401EB9
:1021F00040B26076002801DA042060769DF8000085
:10220000627E012191400840002800DD0026002E5A
:10221000ECD116E015E000BF607E401C40B2607655
:10222000042801DD002060769DF80000627E012117
:1022300091400840002800DD0026002EECD100E08F
:1022400000BF00BFF8BD0000EC330020B447002001
:102250007C5B0020446F00200C83002001B584B01B
:10226000FE4804F0CDFA03900398082802D11B2100
:10227000049841820498408A2B2881F05380DFE83B
:1022800010F059002B0052007E00BD00FC00290117
:102290004E018D01CC0115023A027902B802E50225
:1022A0000A0349038803B503DA03320471049E0468
:1022B000DD04260542058405C405A405DA05E2050A
:1022C00008061306770678069706A506C306C40611
:1022D000020730078D07F007E1480068401E00EB59
:1022E0000010E0490844024600210190DE4803F056
:1022F00018F9DB480068401E00EB0010DB49084479
:10230000024601210190D84803F00BF90498408A55
:1023100000B201900146DDE90320FFF701FF0499B7
:10232000488200F0FFBF01210498817600210498C3
:102330004182F6E7CA480068401E00EB0010CC4915
:102340000844024600210190C74803F0EAF8C94852
:10235000039902F0C7FAC74802F090FF01460190C6
:102360000498FFF761FE0498408A00B2019001468C
:10237000DDE90320FFF7D4FE04994882D1E70498F1
:10238000807E38B14FF47A71BA4802F0DCFA062048
:10239000039027E0B44803F053F838B9B24803F08B
:1023A0003BF801220621B04803F04EF8AC48006823
:1023B000401E00EB0010B049084402460021019085
:1023C000A94803F0AEF80122AA48039902F0CCF81C
:1023D0000121A84802F0BCFD0122014601900498A9
:1023E00001F0F0F80498408A00B201900146DDE95E
:1023F0000320FFF795FE0499488292E70498807EB7
:1024000038B142F20F719B4802F0ACF806200390FD
:1024100027E0954803F014F838B9934802F0FCFF20
:1024200001220621904803F00FF88D480068401EF5
:1024300000EB0011914808440246002101908A48AF
:1024400003F06FF800228B48039902F08DF8002109
:10245000884802F07DFD002201460190049801F0B9
:10246000B1F80498408A00B201900146DDE90320EA
:10247000FFF756FE0499488253E77B4802F0E0FFDD
:1024800010B1794802F0D2FF75480068401E00EB99
:1024900000107B490844024600210190724803F075
:1024A00040F86F480068401E00EB00107549084472
:1024B0000246012101906C4803F033F80498408AE9
:1024C00000B201900146DDE90320FFF729FE0499DF
:1024D000488226E762480068401E00EB00106A4907
:1024E00008440246002101905F4803F01AF867484B
:1024F000039902F0F7F9654802F0C0FE0146019029
:102500000498FFF791FD0498408A00B201900146BB
:10251000DDE90320FFF704FE0499488201E70498EF
:10252000807E38B14FF47A71584802F00CFA0620D8
:10253000039027E04C4802F083FF38B94A4802F084
:102540006BFF01220621484802F07EFF44480068E4
:10255000401E00EB0010484908440246002101904B
:10256000414802F0DEFF01224848039901F0FCFFD8
:102570000121464802F0ECFC01220146019004983A
:1025800001F020F80498408A00B201900146DDE98C
:102590000320FFF7C5FD04994882C2E60498807EB7
:1025A00038B142F20F71394801F0DCFF0620039088
:1025B00027E02D4802F044FF38B92B4802F02CFFE9
:1025C00001220621284802F03FFF25480068401EEE
:1025D00000EB0010294908440246002101902248DE
:1025E00002F09FFF00222948039901F0BDFF00215E
:1025F000264802F0ADFC002201460190049800F04C
:10260000E1FF0498408A00B201900146DDE9032011
:10261000FFF786FD0499488283E6134802F010FF15
:1026200010B1114802F002FF0D480068401E00EB97
:102630000010134908440246002101900A4802F0A4
:1026400070FF07480068401E00EB00100D49084469
:1026500002460121019004481AE000009401002084
:10266000C00100204EB30108A031002081B3010851
:10267000B4B30108EC330020E7B301081AB4010831
:102680004DB40108FFC2010818B60108B447002084
:1026900002F047FF0498408A00B201900146DDE94C
:1026A0000320FFF73DFD049948823AE6FE480068A2
:1026B000401E00EB0010FD49084402460021019035
:1026C000FB4802F02EFFFB48039902F00BF9F94892
:1026D00002F0D4FD014601900498FFF7A5FC049890
:1026E000408A00B201900146DDE90320FFF718FDA2
:1026F0000499488215E60498807E38B14FF47A71C7
:10270000EC4802F020F90620039027E0E84802F0A8
:1027100097FE38B9E64802F07FFE01220621E44820
:1027200002F092FEE0480068401E00EB0010E24913
:102730000844024600210190DD4802F0F2FE012229
:10274000DC48039901F010FF0121DA4802F000FC97
:10275000012201460190049800F034FF0498408A59
:1027600000B201900146DDE90320FFF7D9FC04998E
:102770004882D6E50498807E38B142F20F71CD4888
:1027800001F0F0FE0620039027E0C94802F058FE51
:1027900038B9C74802F040FE01220621C44802F0C1
:1027A00053FEC1480068401E00EB0010C3490844B6
:1027B000024600210190BE4802F0B3FE0022BD484F
:1027C000039901F0D1FE0021BA4802F0C1FB0022BA
:1027D00001460190049800F0F5FE0498408A00B28A
:1027E00001900146DDE90320FFF79AFC0499488235
:1027F00097E5AF4802F024FE10B1AD4802F016FE96
:10280000A9480068401E00EB0010AD49084402468C
:1028100000210190A64802F084FEA3480068401EF3
:1028200000EB0010A7490844024601210190A0488E
:1028300002F077FE0498408A00B201900146DDE97B
:102840000320FFF76DFC049948826AE5964800680A
:10285000401E00EB00109C490844024600210190F4
:10286000934802F05EFE9948039902F03BF89748BE
:1028700002F004FD014601900498FFF7D5FB04988F
:10288000408A00B201900146DDE90320FFF748FCD1
:102890000499488245E50498807E38B14FF47A71F6
:1028A0008A4802F050F80620039027E0804802F0A2
:1028B000C7FD38B97E4802F0AFFD012206217C48F1
:1028C00002F0C2FD78480068401E00EB00107A4913
:1028D0000844024600210190754802F022FE0122C0
:1028E0007A48039901F040FE0121784802F030FB5C
:1028F000012201460190049800F064FE0498408A89
:1029000000B201900146DDE90320FFF709FC0499BC
:10291000488206E50498807E38B142F20F716B4818
:1029200001F020FE0620039027E0614802F088FDB8
:1029300038B95F4802F070FD012206215C4802F0C0
:1029400083FD59480068401E00EB00105B490844B5
:10295000024600210190564802F0E3FD00225B4848
:10296000039901F001FE0021584802F0F1FA00221B
:1029700001460190049800F025FE0498408A00B2B8
:1029800001900146DDE90320FFF7CAFB0499488264
:10299000C7E4474802F054FD10B1454802F046FD37
:1029A00041480068401E00EB0010454908440246BB
:1029B000002101903E4802F0B4FD3B480068401EF3
:1029C00000EB00103F4908440246012101903848BD
:1029D00002F0A7FD0498408A00B201900146DDE9AB
:1029E0000320FFF79DFB049948829AE42E48006873
:1029F000401E00EB001036490844024600210190B9
:102A00002B4802F08EFD3348039901F06BFF3148EB
:102A100002F034FC014601900498FFF705FB04988E
:102A2000408A00B201900146DDE90320FFF778FB00
:102A30000499488275E40498807E38B14FF47A7125
:102A4000244801F080FF0620039027E0184802F098
:102A5000F7FC38B9164802F0DFFC012206211448C1
:102A600002F0F2FC10480068401E00EB0010124912
:102A700008440246002101900D4802F052FD012257
:102A80001448039901F070FD0121124802F060FA28
:102A9000012201460190049800F094FD0498408AB8
:102AA00000B20190014617E0C00100204BB60108BA
:102AB000A03100207C5B0020E7B301081AB40108B4
:102AC0004DB40108FFC201087EB60108446F002022
:102AD000B1B601080C830020DDE90320FFF720FBDD
:102AE000049948821DE40498807E38B142F20F7147
:102AF000FE4801F037FD0620039027E0FC4802F075
:102B00009FFC38B9FA4802F087FC01220621F848F8
:102B100002F09AFCF7480068401E00EB0010F649EE
:102B20000844024600210190F14802F0FAFC00221C
:102B3000EE48039901F018FD0021EC4802F008FA74
:102B4000002201460190049800F03CFD0498408A60
:102B500000B201900146DDE90320FFF7E1FA049994
:102B60004882DFE3E24802F06BFC10B1E04802F07B
:102B70005DFCE0480068401E00EB0010DF4908449F
:102B8000024600210190DA4802F0CBFCD9480068E7
:102B9000401E00EB0010DA49084402460121019072
:102BA000D34802F0BEFC0498408A00B2019001466E
:102BB000DDE90320FFF7B4FA04994882B2E3CC4878
:102BC00002F03EFC10B1CA4802F030FCC94800686F
:102BD000401E00EB0010CB49084402460021019042
:102BE000C34802F09EFCC84A0121C14802F099FC8A
:102BF0000498408A00B201900146DDE90320FFF706
:102C00008FFA049948829FEDC10AFDF791FB049861
:102C1000408A172811D1BE4802F026F9BD4802F0BB
:102C200023F9BD4802F020F9BC4802F01DF9AF4875
:102C300002F01AF901210498C18273E30498807E9E
:102C400018B91921049841826CE30498FFF706FA39
:102C5000A8480068401E00EB0010B1490844024635
:102C600001210190A24802F05CFCDDE90310FFF7AE
:102C700087FA039803280CD1FDF70AFB0498408AD1
:102C800000B201900146DDE90320FFF749FA0499FB
:102C900048829F4802F061F978B99E4802F05DF9D8
:102CA00058B99D4802F059F938B99C4802F055F9D5
:102CB00018B98E4802F051F908B1012000E0002057
:102CC00020B91C2104984182FDF7E2FA2AE3049816
:102CD000FFF7C4F987480068401E00EB00109149D7
:102CE0000844024601210190814802F01AFC049830
:102CF000408A00B201900146DDE90320FFF710FA97
:102D0000049948820EE30498FFF7A8F9794800680F
:102D1000401E00EB00108449084402460121019046
:102D2000734802F0FEFBDDE90310FFF729FA039870
:102D300003280CD1FDF7ACFA0498408A00B2019048
:102D40000146DDE90320FFF7EBF90499488270485A
:102D500002F003F978B96F4802F0FFF858B96E48ED
:102D600002F0FBF838B96D4802F0F7F818B95F487F
:102D700002F0F3F808B1012000E0002020B91C2186
:102D800004984182FDF784FACCE20498FFF766F9D3
:102D900058480068401E00EB001064490844024691
:102DA00001210190524802F0BCFBDDE90310FFF75E
:102DB000E7F90498408A00B201900146DDE903205A
:102DC000FFF7AEF904994882ACE20498FFF746F9A0
:102DD00048480068401E00EB001055490844024670
:102DE00001210190424802F09CFBDDE90310FFF74E
:102DF000C7F90498408A00B201900146DDE903203A
:102E0000FFF78EF9049948828CE2414802F092F86B
:102E1000404802F08FF8404802F08CF83F4802F03A
:102E200089F8324802F086F8314802F0FFFA25218D
:102E30000498418276E29FED350AFDF779FA172171
:102E4000049841826EE22B480068401E00EB00109F
:102E500038490844024600210190254802F061FBF0
:102E600024480068401E00EB001025490844024633
:102E7000012101901E4802F054FB0498408A00B2E0
:102E800001900146DDE90320FFF74AF904994882E1
:102E900048E2FDF70BFA18B920210498418202E0BC
:102EA0002221049841823DE2FDF700FAE0B9114881
:102EB0000068401E00EB00101F4908440246002134
:102EC00001900B4802F02DFB0A480068401E1B4988
:102ED0000844024601210190054802F022FB0398B4
:102EE00006282ED100202BE037E000000C830020C4
:102EF000A0310020C00100201AB401084DB401081F
:102F0000FFC2010876C30108CCC201086F12833AE0
:102F1000EC330020B44700207C5B0020446F00208D
:102F200019B501087FB501084CB50108B2B5010813
:102F3000E5B5010880B4010843C30108DDC20108FA
:102F400003900498408A00B201900146DDE9032015
:102F5000FFF7E6F8049948820AE00498408A00B234
:102F60000622014601900498FFF7DAF80499488296
:102F7000D8E1EF480068401E00EB0010ED4908441E
:102F8000024600210190EC4802F0CBFAEB4A012105
:102F9000E94802F0C6FA0121049800F011FA232151
:102FA000049841824FF4FA71E548FEF72DFEB9E12D
:102FB000E348FEF72DFE40B10021049800F000FA2E
:102FC000062802D3242104984182ABE1D848006846
:102FD000401E00EB0010DB4908440246002101902E
:102FE000D54802F09EFAD84A0121D34802F099FA56
:102FF0000498408A00B201900146DDE90320FFF702
:103000008FF8049948828DE18CE1CB4802F018FAE0
:1030100010B1C94802F00AFAC5480068401E00EB2A
:103020000010CA490844024600210190C24802F03B
:1030300078FAC748039901F055FCC54802F01EF91B
:10304000014601900498FEF7EFFF0398052802D08F
:10305000039802280BD10498408A00B2032201464B
:1030600001900498FFF75CF8049948820AE00498FC
:10307000408A00B201900146DDE90320FFF750F8D5
:10308000049948824EE1AA480068401E00EB0010F7
:10309000B0490844024600210190A74802F041FAD5
:1030A000A3480068401E00EB0010AB4908440246EC
:1030B00001210190A04802F034FA0498408A00B23D
:1030C00001900146DDE90320FFF72AF804994882C0
:1030D0000498408A262803D10121A04802F0ECFB85
:1030E00020E1954802F0ACF910B1934802F09EF946
:1030F000974802F0C3F800EB001000EB400098493D
:1031000001448B480068401E00EB00100844024652
:1031100000210190884802F004FA85480068401EAA
:1031200000EB00108F4908440246012101908248BB
:1031300002F0F7F90498408A00B201900146DDE9F7
:103140000320FEF7EDFF04994882814802F096F8CB
:10315000C0B2014601907E4802F09AF842F20F7127
:103160007B4801F0FFF97A4801F0EFFBBCEEC00AA2
:1031700010EE100A00EB80004FF6FF7101EA4000EC
:10318000024600210190724801F0D5FB1FEDA10A13
:10319000FDF7CEF86E4801F067FEC3E06C4802F020
:1031A0006DF80290644802F04BF958B9624802F099
:1031B00033F96D490298085C0122014601905E488E
:1031C00002F042F9624802F059F800EB001000EBFF
:1031D00040006649014456480068401E00EB00105C
:1031E0000844024600210190534802F09AF9002257
:1031F0005748039901F0B6FB002202990498FEF7A4
:1032000015FE01214C48049A02F08BF9504801F058
:10321000B1FD029800EB4000504901EBC00080ED89
:10322000000A00214A4801F07FFB00EE100AB8EEC8
:10323000C00AF2EE040A80EE201A029800EB400069
:10324000464901EBC00080ED021A0498408A00B2A2
:1032500001900146DDE90320FEF762FF04994882F0
:1032600060E03B4802F00AF800EB001000EB400081
:103270003F4901442E480068401E00EB00100844FE
:103280000246002101902C4802F04BF901223048FF
:10329000039901F067FB2E4801F0F0FF0290012234
:1032A00002990498FEF7C2FD01212348049A02F016
:1032B00038F9274801F05EFD029800EB40012748ED
:1032C00000EBC10080ED010A0121214801F02CFB37
:1032D00000EE100AB8EEC00AF2EE040A80EE201AE0
:1032E000029800EB40001D4901EBC00080ED031A7D
:1032F0000498408A00B201900146DDE90320FEF700
:103300000FFF049948820498408A262809D1029820
:10331000C0B201460190114802F058FA0F4802F07D
:1033200097FA00BF00BF0498408A05B000BD0000B6
:10333000C0010020B3B40108A031002032C301084D
:10334000C8300020E6B40108EEC20108B4B3010899
:10335000EC3300200DC1010840C10108F0960020A7
:10336000E0BA0108DAC00108A9C30108DEBC0108FF
:10337000DCBE010810B504460120608204210B4820
:1033800001F04CFD05210A4801F048FD06210948DD
:1033900001F044FD0721084801F040FD08210748DD
:1033A00001F03CFD0020A07610BD0000EC330020B1
:1033B000B44700207C5B0020446F00200C83002079
:1033C00070B505460C462CB100206B4908600846D4
:1033D000006870BD68480068052876D2DFE800F014
:1033E00003294F769C00654801F04DFF00B9BAE013
:1033F0004FF4FA716248FEF707FC604801F0B4FD33
:1034000058B160480068401E00EB00105E49421849
:1034100001215E4802F085F80AE05A480068401E23
:1034200000EB00105A4942180121584802F079F87F
:1034300099E0584801F027FF00B994E04FF4FA7181
:103440004F48FEF7E1FB534801F08EFD58B14D485F
:103450000068401E00EB00104F49421801214B4804
:1034600002F05FF80AE047480068401E00EB0010D9
:103470004A4942180121454802F053F873E0484890
:1034800001F001FF00B96EE04FF4FA713C48FEF71D
:10349000BBFB434801F068FD58B13A480068401E44
:1034A00000EB00103F4942180121384802F039F87A
:1034B0000AE034480068401E00EB00103A49421808
:1034C0000121324802F02DF84DE04BE0374801F081
:1034D000DAFE00B947E04FF4FA712948FEF794FB91
:1034E000324801F041FD58B126480068401E00EB0B
:1034F00000102F4942180121244802F012F80AE076
:1035000020480068401E00EB00102A4942180121A3
:103510001E4802F006F826E0274801F0B4FE00B984
:1035200021E04FF4FA711648FEF76EFB224801F0D5
:103530001BFD58B113480068401E00EB00101F49E6
:1035400042180121114801F0ECFF0AE00D48006823
:10355000401E00EB00101A49421801210B4801F0EF
:10356000E0FF00E000BF00BF03480068401C0249C4
:103570000860084600682CE74C020020EC3300206D
:10358000C8300020C0010020E4B60108A0310020AE
:10359000E3B70108B447002017B7010816B80108BF
:1035A0007C5B00204AB7010849B80108446F00203D
:1035B0007DB701087CB801080C830020B0B7010872
:1035C000AFB8010870B504460D461646012E05D168
:1035D0002A4608A12046ECF763FF04E02A460AA128
:1035E0002046ECF75DFF224601210C4801F099FFCF
:1035F00070BD0000202020202025303475206D7300
:1036000020204F4B000000002020202020253034B7
:103610007520732020204F4B00000000A0310020B7
:103620002DE9FF5F83460D4616461F46DDE90E84F1
:10363000202211212046EDF77FF94F20E0714B2029
:103640002072002D10DA68420A2190FBF1F00FFA87
:1036500080F90A2095FBF0F100FB115040420FFA6F
:1036600080FA2D20207009E00A2095FBF0F00FFA77
:1036700080F90A2095FBF0F100FB115A4A463AA165
:1036800002A8ECF70DFF524639A16846ECF708FF97
:10369000032F0ED19DF8080060709DF80900A070FE
:1036A0009DF80A00E0702E2020719DF800006071E6
:1036B0000CE09DF8080060709DF80900A0702E20B5
:1036C000E0709DF80000207184F80580002E14DA67
:1036D00070420A2190FBF1F00FFA80F9704290FBE2
:1036E000F1F201FB12000FFA80FA032F02D12D2014
:1036F00060720CE02D20A07209E00A2096FBF0F029
:103700000FFA80F90A2096FBF0F100FB116A4A4695
:1037100015A102A8ECF7C4FE524615A16846ECF7C5
:10372000BFFE032F10D19DF80800A0729DF809007C
:10373000E0729DF80A0020732E2060739DF800004F
:10374000A07384F80F800CE09DF80900E0729DF8EA
:103750000A0020732E2060739DF80000A07384F887
:103760000F80BDE8FF9F000025303364000000009B
:10377000253164000146887800228A707047012153
:1037800001700179491CC9B20171022903DB0121D1
:103790004170002101714179491CC9B2417114295C
:1037A00003DB01218170002141718179491CC9B27B
:1037B0008171C82903DB0121C1700021817170472B
:1037C00010B5044600206071A071207120706070F7
:1037D000A070E0700448FEF779FA044B052201213D
:1037E0000148FEF7F9FA10BDC83000205DB30008AB
:1037F0000146C8780022CA70704701460878002246
:103800000A7070470146487800224A7070470000ED
:10381000F0B52DED028BBFB007460D460024C82140
:1038200003A8EDF7B3F8681E624931F8100038B903
:10383000681E31F81000401C82B2681E21F810206A
:10384000042D08D1681E5B4931F810205AA13AA80E
:10385000ECF726FE0FE0062D08D1681E554931F819
:10386000102059A13AA8ECF71BFE04E000203FB05D
:10387000BDEC028BF0BD002418E0574800EB84003B
:1038800090ED000A10EE101A084606F0D9FA41EC45
:10389000180B8DED008B621C50A135A8ECF700FED3
:1038A00035A903A8ECF7C5FF601C84B20A2CE4DB41
:1038B000002408E003A8005D2E2802D12C2003A9D3
:1038C0000855601C84B203A8ECF794FFA042F1D81D
:1038D0003AA8F7F74BFB3AA8F5F71CF903A93AA861
:1038E000F7F706FC06460EB10020C0E7C82103A882
:1038F000EDF74CF8042D08D1681E2E4931F8102040
:1039000038A13AA8ECF7CCFD0CE0062D08D1681ED2
:10391000284931F8102037A13AA8ECF7C1FD01E0A1
:103920000020A4E7002419E02B482C3800EB840089
:1039300090ED000A10EE101A084606F081FA41ECEC
:10394000180B8DED008B621C24A135A8ECF7A8FDA7
:1039500035A903A8ECF76DFF601C84B20A2CE3DBE9
:10396000002408E003A8005D2E2802D12C2003A922
:103970000855601C84B203A8ECF73CFFA042F1D8C4
:103980003AA8F7F7F3FA3AA8F5F7C4F803A93AA862
:10399000F7F7AEFB06460EB1002068E7681E054942
:1039A00031F81000401C82B2681E21F8102001205E
:1039B0005DE70000DC31002046342D745F25303592
:1039C000752E43535600000046362D745F25303562
:1039D000752E4353560000005433002025643B25C8
:1039E000660A000046342D665F253035752E435338
:1039F0005600000046362D665F253035752E435340
:103A000056000000F0B52DED028BD7B007460D46ED
:103A100000244FF4967102A8ECF7B8FF681E7449B1
:103A200031F8100038B9681E31F81000401C82B21D
:103A3000681E21F81020072D08D1681E6C4931F846
:103A400010206CA152A8ECF72BFD0FE0082D08D137
:103A5000681E674931F810206BA152A8ECF720FDD1
:103A600004E0002057B0BDEC028BF0BD002418E04C
:103A70006A4800EB840090ED000A10EE101A084628
:103A800006F0DEF941EC180B8DED008B621C64A191
:103A90004DA8ECF705FD4DA902A8ECF7CAFE601C85
:103AA00084B20A2CE4DB082D1ED100241AE05B4806
:103AB0002C3000EB840090ED000A10EE101A08463E
:103AC00006F0BEF941EC180B8DED008B04F10B02F2
:103AD00053A14DA8ECF7E4FC4DA902A8ECF7A9FE10
:103AE000601C84B20B2CE2DB002408E002A8005D1D
:103AF0002E2802D12C2002A90855601C84B202A8ED
:103B0000ECF778FEA042F1D852A8F7F72FFA52A8A6
:103B1000F5F700F802A952A8F7F7EAFA06460EB13F
:103B200000209FE74FF4967102A8ECF72FFF072DB6
:103B300008D1681E2E4931F810203BA152A8ECF79D
:103B4000AFFC0CE0082D08D1681E294931F810207F
:103B50003AA152A8ECF7A4FC01E0002082E700247F
:103B600019E02E48583000EB840090ED000A10EE6A
:103B7000101A084606F064F941EC180B8DED008B25
:103B8000621C27A14DA8ECF78BFC4DA902A8ECF70D
:103B900050FE601C84B20A2CE3DB002408E002A87B
:103BA000005D2E2802D12C2002A90855601C84B289
:103BB00002A8ECF71FFEA042F1D852A8F7F7D6F9F9
:103BC00052A8F4F7A7FF02A952A8F7F791FA064600
:103BD0000EB1002046E7681E054931F81000401C70
:103BE00082B2691E024820F8112001203AE7000045
:103BF000DC31002046372D742D53305F253035756C
:103C00002E4353560000000046382D742D53305F6C
:103C1000253035752E4353560000000054330020E4
:103C200025643B25660A000046372D742D53315F0D
:103C3000253035752E4353560000000046382D744C
:103C40005F53315F253035752E4353560000000019
:103C5000F0B52DED028BBFB007460C460025C821FC
:103C600003A8ECF793FE601E364931F8100038B90E
:103C7000601E31F81000401C82B2601E21F8102036
:103C8000032C08D1601E2F4931F810202EA13AA82C
:103C9000ECF706FC0FE00A2C08D1601E294931F828
:103CA00010202DA13AA8ECF7FBFB04E000203FB068
:103CB000BDEC028BF0BD002518E02B4800EB850021
:103CC00090ED000A10EE101A084606F0B9F841EC23
:103CD000180B8DED008B6A1C24A135A8ECF7E0FBD6
:103CE00035A903A8ECF7A5FD681C85B20A2DE4DB15
:103CF000002508E003A8405D2E2802D12C2003A94E
:103D00004855681C85B203A8ECF774FDA842F1D8A9
:103D10003AA8F7F72BF93AA8F4F7FCFE03A93AA85A
:103D2000F7F7E6F906460EB10020C0E7601E054928
:103D300031F81000401C82B2601E21F810200120D2
:103D4000B5E70000DC31002046332D745F253035A7
:103D5000752E4353560000004631302D745F2530D8
:103D600035752E43535600005433002025643B25FF
:103D7000660A00002DE9F0412DED028BBCB08046B3
:103D80000E4617460024C8216846ECF7FFFDD448CC
:103D9000808A20B9D248808A401CD1498882D04884
:103DA000828AD0A137A8ECF77BFB022E14D1CC4835
:103DB00090ED630A10EE101A084606F041F841EC47
:103DC000180B53EC182BCBA132A8ECF769FB32A9E6
:103DD0006846ECF72EFD8BE0C14890ED630A10EECB
:103DE000101A084606F02CF841EC180B53EC182B6F
:103DF000C0A132A8ECF754FB32A96846ECF719FDD4
:103E0000B74890ED640A10EE101A084606F018F84C
:103E100041EC180B53EC182BB8A132A8ECF740FB7F
:103E200032A96846ECF705FDAD4890ED650A10EE45
:103E3000101A084606F004F841EC180B53EC182B46
:103E4000B0A132A8ECF72CFB32A96846ECF7F1FCE4
:103E5000A34890ED660A10EE101A084605F0F0FF30
:103E600041EC180B53EC182BA8A132A8ECF718FB67
:103E700032A96846ECF7DDFC994890ED670A10EE30
:103E8000101A084605F0DCFF41EC180B53EC182B18
:103E9000A0A132A8ECF704FB32A96846ECF7C9FCF4
:103EA0008F4890ED680A10EE101A084605F0C8FF1A
:103EB00041EC180B53EC182B98A132A8ECF7F0FA50
:103EC00032A96846ECF7B5FC854890ED690A10EE1A
:103ED000101A084605F0B4FF41EC180B53EC182BF0
:103EE00090A132A8ECF7DCFA32A96846ECF7A1FC05
:103EF000002408E01DF804002E2802D12C200DF823
:103F00000400601C84B26846ECF774FCA042F1D84F
:103F100037A8F7F72BF837A8F4F7FCFD694637A860
:103F2000F7F7E6F805462DB100203CB0BDEC028B5A
:103F3000BDE8F0816A48828A7CA137A8ECF7B0FA24
:103F400037A8F7F713F8002F7DD0C8216846ECF7A3
:103F50001DFD022E14D1624890ED4D0A10EE101A8C
:103F6000084605F06DFF41EC180B53EC182B61A1CE
:103F700032A8ECF795FA32A96846ECF75AFC8DE0C6
:103F8000574890ED4D0A10EE101A084605F058FFFC
:103F900041EC180B53EC182B56A132A8ECF780FA21
:103FA00032A96846ECF745FC4D4890ED4E0A10EEFC
:103FB000101A084605F044FF41EC180B53EC182B7F
:103FC0004EA132A8ECF76CFA32A96846ECF731FC46
:103FD000434890ED4F0A10EE101A084605F030FFE6
:103FE00041EC180B53EC182B46A132A8ECF758FA09
:103FF00032A96846ECF71DFC394890ED500A10EEE6
:10400000101A084605F01CFF41EC180B53EC182B56
:104010003EA132A8ECF744FA32A96846ECF709FC55
:104020002F4890ED510A10EE101A084605F008FFCF
:1040300041EC180B53EC182B36A132A8ECF730FAF0
:1040400032A9684600E041E0ECF7F3FB244890ED2C
:10405000520A10EE101A084605F0F2FE41EC180B59
:1040600053EC182B2DA132A8ECF71AFA32A96846A6
:10407000ECF7DFFB1A4890ED530A10EE101A0846D1
:1040800005F0DEFE41EC180B53EC182B25A132A8ED
:10409000ECF706FA32A96846ECF7CBFB002408E0FF
:1040A0001DF804002E2802D12C200DF80400601CFD
:1040B00084B26846ECF79EFBA042F1D837A8F4F72B
:1040C00029FD694637A8F7F713F805460DB100201A
:1040D0002BE70348808A401C01498882012024E79D
:1040E000C831002046312D745F253035752E43537D
:1040F00056000000302C313B25660A00302C323B44
:1041000025660A00302C333B25660A00302C343BF0
:1041100025660A00312C323B25660A00322C333BDF
:1041200025660A00332C343B25660A0046312D569D
:104130006D5F253035752E43535600002DE9F04153
:104140002DED068BC6B080460F4614460025C821CB
:1041500005A8ECF71BFC601E9E4931F8100038B929
:10416000601E31F81000401C82B2601E21F8102041
:10417000002F4CD1022C08D1601E964931F8102036
:1041800095A141A8ECF78CF910E0052C08D1601E30
:10419000904931F8102094A141A8ECF781F905E08D
:1041A000002046B0BDEC068BBDE8F081894814388C
:1041B00090ED630A10EE101A084605F041FE41EC3E
:1041C000180B53EC182B8CA137A8ECF769F937A919
:1041D00005A8ECF72EFB002508E005A8405D2E2879
:1041E00002D12C2005A94855681C85B205A8ECF71A
:1041F00001FBA842F1D841A8F6F7B8FE41A8F4F7B0
:1042000089FC05A941A8F6F773FF0646D3E0022C06
:1042100008D1601E6F4931F8102078A141A8ECF751
:104220003FF91FE0052C08D1601E6A4931F81020C3
:1042300077A141A8ECF734F914E0092C08D1601EED
:10424000644931F8102077A141A8ECF729F909E079
:104250000C2C07D1601E5F4931F8102076A141A8CF
:10426000ECF71EF941A8F6F781FEC82105A8ECF786
:104270008DFB022C01D0092C22D15648143890ED28
:104280004D0A10EE101A084605F0DAFD41EC180B45
:104290005048143890ED630A10EE101A084605F0E5
:1042A000CFFD41EC190B8DED008B53EC192B68A160
:1042B00037A8ECF7F5F837A905A8ECF7BAFA62E0E9
:1042C000052C2FD14348143890ED870A10EE101AB0
:1042D000084605F0B5FD41EC180B3E48143890ED4A
:1042E0004D0A10EE101A084605F0AAFD41EC190B14
:1042F0003848143890ED630A10EE101A084605F09D
:104300009FFD41EC1A0B8DED028B8DED009B53EC64
:104310001A2B51A137A8ECF7C3F837A905A8ECF779
:1043200088FA30E00C2C2ED12A48143890ED840AFB
:1043300010EE101A084605F083FD41EC180B2548D5
:10434000143890ED4D0A10EE101A084605F078FD6D
:1043500041EC190B1F48143890ED630A10EE101A47
:10436000084605F06DFD41EC1A0B8DED028B8DEDCD
:10437000009B53EC1A2B38A137A8ECF791F837A91A
:1043800005A8ECF756FA002508E005A8405D2E28A0
:1043900002D12C2005A94855681C85B205A8ECF768
:1043A00029FAA842F1D841A8F4F7B4FB05A941A81D
:1043B000F6F79EFE06460EB10020F2E6601E0549A5
:1043C00031F81000401C82B2601E21F8102001203C
:1043D000E7E60000DC31002046322D745F253035E1
:1043E000752E43535600000046352D745F25303539
:1043F000752E43535600000025660A0046322D7480
:104400002D566D5F253035752E4353560000000044
:1044100046352D742D565F615F253035752E43531B
:104420005600000046392D742D566D5F25303575C8
:104430002E435356000000004631322D742D566D28
:104440005F45635F253035752E43535600000000ED
:1044500025663B25660A000025663B25663B2566EA
:104460000A0000007CB504460D4641F29C30005B1A
:10447000E189884200DB7CBD41F29C30025B005B3D
:10448000401C83B241F29C30035304F1120020F827
:104490001250E18941F29C30005B401ECDE90001E1
:1044A00041F29C30005B401E04F1120232F81030E1
:1044B00041F29A30005D011F2A4609A0EBF7E4FFA4
:1044C0004FF49D500553001F005B40F6C411884215
:1044D00003DB002141F29C30015300BFCBE7000019
:1044E00056616C6F7220416425752020206C6569CF
:1044F000747572613D257520202053616C766F3D87
:104500002025752020696E64657820257520206E31
:10451000756D4D61782025750A00000001EE101AB6
:10452000B8EE411ADFED0E1A21EE211AF0EE410A23
:1045300041F2A832024492ED041A30EEC11A41F25F
:10454000A8320244D2ED051A81EE212A41F2A832A6
:10455000024492ED021A32EE011AB0EE410A70479F
:104560006740533A418070477CB504460E46154675
:10457000A01C30F815004FF47A7190FBF1F000B2F6
:10458000ADF80600A01C30F8150090FBF1F201FB1D
:10459000120000B2ADF80400BDF90400642190FBE4
:1045A000F1F201FB1200ADF80200BDF902000A2190
:1045B00090FBF1F201FB1200ADF80000BDF9040020
:1045C000642190FBF1F000B2ADF80400BDF90200E7
:1045D0000A2190FBF1F000B2ADF80200022E1AD0D1
:1045E000052E04D0092E2AD00C2E54D13DE0607C3B
:1045F000401E40B2607494F91100002801DA0320D3
:10460000607494F91100C0F10800C1B2012247485A
:1046100000F01AFF40E0607C401C40B2607494F9E6
:104620001100032801DD0020607494F91100C0F12D
:104630000800C1B201223D4800F006FF2CE094F9C9
:1046400011003DF81000401E00B294F911102DF831
:10465000110094F911003DF91000002804DA092036
:1046600094F911102DF8110016E094F911003DF89D
:104670001000401C00B294F911102DF8110094F9AB
:1046800011003DF91000092804DD002094F91110F3
:104690002DF8110000E000BF00BFBDF806004FF488
:1046A0007A7110FB01F0BDF8041001EBC10202EBBE
:1046B000011100EB8100BDF8021001EB810100EB5C
:1046C0004100BDF80010084481B2A01C20F815106C
:1046D000012D19D130F81510801D30F815008142D8
:1046E00006DA04F1080030F81510A01C20F81510A7
:1046F000A01C30F8150040F6C41148434FF47A71FD
:1047000090FBF1F020810FE075B9A01C30F8151076
:10471000801D30F81500814206DD04F1080030F8F4
:104720001510A01C20F815107CBD0000A031002041
:1047300070B52DED028B82B006460C469FED530AF4
:1047400010EE105A4FF49D50815B304600F0EEFAA7
:1047500010EE105A96F900000B2813D2DFE800F093
:1047600006132835424F5C6976839000284605F091
:1047700067FB41EC180B8DED008B45A20C21E01C72
:10478000EBF7A2FE7DE04FF49D50815B3046FFF7D2
:10479000C5FE10EE105A284605F052FB41EC180BEE
:1047A0008DED008B3DA20C21E01CEBF78DFE68E047
:1047B000284605F045FB41EC180B8DED008B39A226
:1047C0000C21E01CEBF780FE5BE0284605F038FB8F
:1047D00041EC180B8DED008B34A20C21E01CEBF7A3
:1047E00073FE4EE0284605F02BFB41EC180B8DEDD7
:1047F000008B31A20C21E01CEBF766FE41E028465D
:1048000005F01EFB41EC180B8DED008B2CA20C214A
:10481000E01CEBF759FE34E0284605F011FB41ECB3
:10482000180B8DED008B28A20C21E01CEBF74CFE41
:1048300027E0284605F004FB41EC180B8DED008BBA
:1048400021A20C21E01CEBF73FFE1AE0284605F000
:10485000F7FA41EC180B8DED008B1DA20C21E01C2A
:10486000EBF732FE0DE0284605F0EAFA41EC180BB2
:104870008DED008B18A20C21E01CEBF725FE00E06B
:1048800000BF00BF02B0BDEC028B70BD0000000095
:1048900025322E32666B50610000000025322E3129
:1048A00066B06300252E32664E000000252E32666B
:1048B0006D6D48324F202000252E32664C757800F1
:1048C000252E326656000000252E32666D4100000E
:1048D000252E326647000000252E32664C2F6D696A
:1048E0006E000000012341F29E321354092902D0C8
:1048F0000C2916D10AE00278521E52B2027090F9C9
:104900000020002A01DA092202700BE00278521C12
:1049100052B2027090F900200A2A01DB00220270D4
:1049200000E000BF00BF7047024641F2A2301044D1
:1049300030F91100704710B513B241F2A2340444AB
:1049400024F8113010BD8180704700B503464FF444
:104950009D50C15A184600F0E9F9F0EE402AB0EE39
:10496000620A00BD2DE9F04704468946154641F22A
:10497000A230204430F9156094F900000A2816D2BC
:10498000DFE800F006051007090F080D110E00BF43
:1049900000BF00BF00BF03274FF00E0809E000BFB3
:1049A00000BF00BF00BF02274FF00E0801E0032741
:1049B00000BF00BF94F91100B8420BDD781E40B271
:1049C0006074607CA8EB0000401EC1B20122D64892
:1049D00000F03AFDB9F1020F28D0B9F1050F06D069
:1049E000B9F1090F41D0B9F10C0F75D158E0607CD5
:1049F000401E40B2607494F91100002801DA78B2C8
:104A00006074607C40B9607CA8EB0000C1B20122F8
:104A1000C54800F019FD08E0607CA8EB0000401ECE
:104A2000C1B20122C04800F00FFD56E0607C401C7E
:104A300040B2607494F91100B84201DD0020607446
:104A4000607C40B9607CA8EB0000C1B20122B6488E
:104A500000F0FAFC08E0607CA8EB0000401EC1B248
:104A60000122B14800F0F0FC37E094F9110030B1B8
:104A7000012807D0022809D003280FD10AE0701EB0
:104A800006B20BE0A6F10A0006B207E0A6F1640048
:104A900006B203E0A6F57A7006B200BF00BF1CE0C4
:104AA00094F9110030B1012807D0022809D0032859
:104AB00010D10BE0701C06B20CE006F10A0006B241
:104AC00008E006F1640006B204E005E006F57A703D
:104AD00006B200BF00BF00E000BF00BF41F2A2303D
:104AE000204420F8156094F900000B2826D2DFE856
:104AF00000F0260644607E7F9DBDDBFBF90041F29D
:104B0000A230204430F9150040F2DC51884206DD25
:104B1000084641F2A231214421F815000EE041F28D
:104B2000A230204430F9150010F5FA7F06DA4FF66E
:104B30000C6041F2A231214421F81500F1E041F26C
:104B4000A230204430F9150040F6C411884206DD39
:104B5000084641F2A231214421F815000CE041F24F
:104B6000A230204430F91500002805DA002041F277
:104B7000A231214421F81500D3E041F2A2302044B3
:104B800030F91500642806DD642041F2A231214489
:104B900021F815000CE041F2A230204430F9150054
:104BA000002805DA002041F2A231214421F8150045
:104BB000B7E041F2A230204430F9150040F6C411AC
:104BC000884206DD084641F2A231214421F8150051
:104BD0000CE041F2A230204430F91500002805DA3B
:104BE000002041F2A231214421F8150099E098E01B
:104BF00041F2A230204430F91500C82806DDC82053
:104C000041F2A231214421F815000EE041F2A23018
:104C1000204430F9150010F1C80F06DA6FF0C70014
:104C200041F2A231214421F815007AE041F2A2308C
:104C3000204430F91500B0F5FA6F07DD4FF4FA6043
:104C400041F2A231214421F815000EE041F2A230D8
:104C5000204430F9150010F5FA6F06DA4FF63000EF
:104C600041F2A231214421F815005AE041F2A2306C
:104C7000204430F91500C82806DDC82041F2A231D1
:104C8000214421F815000EE041F2A230204430F911
:104C9000150010F1C80F06DA6FF0C70041F2A2311B
:104CA000214421F815003CE041F2A230204430F9C3
:104CB0001500642806DD642041F2A231214421F868
:104CC00015000EE041F2A230204430F9150010F139
:104CD000640F06DA6FF0630041F2A231214421F83B
:104CE00015001EE01CE0FFE741F2A230204430F93D
:104CF00015003C2806DD3C2041F2A231214421F878
:104D000015000CE041F2A230204430F915000328D0
:104D100005DA032041F2A231214421F8150000E018
:104D200000BF00BFBDE8F087A031002001EE101ADF
:104D3000B8EE411ADFED0E1A21EE211AF0EE410A0B
:104D400041F2A832024492ED041A30EEC11A41F247
:104D5000A8320244D2ED051A81EE212A41F2A8328E
:104D6000024492ED021A32EE011AB0EE410A704787
:104D70006740533A4FF49D51095A00EE101AB8EEAD
:104D8000400ADFED020A20EE200A70476740533ADE
:104D900010B52DED028B0446207C30B1012805D0E2
:104DA000022823D0032830D12EE02EE0608810B9ED
:104DB0000020207429E06088401CE08002202074DC
:104DC000A08800EE100AB8EE400A9FED121AC1EE5C
:104DD000000A608800EE100AB8EE400A20EE808AD1
:104DE000BCEEC80A10EE100AE0810EE0E088401E1A
:104DF00081B2E18039B90320207441F29A30015D1B
:104E00000548FCF7D1FF00E000BF00BFBDEC028BFE
:104E100010BD000000007A44C830002070B5044680
:104E20000D4641F29A3005550021001D01556421BF
:104E300061810A2020816189A18020896080002110
:104E4000E1800220607494F9000000EB4000054A04
:104E500002EBC001182241F2A8302044EBF73AFDE2
:104E600070BD0000F096002010B5044641F29E305F
:104E7000005D00B910BD94F9000000EB4000264A27
:104E800002EBC001182241F2A8302044EBF722FDCA
:104E90000120207441F29A30005D001F052831D2B4
:104EA000DFE800F0030C151E2700A28841F29A30BB
:104EB000015D1A4B1A48FCF78FFF23E0A28841F2EC
:104EC0009A30015D174B1648FCF786FF1AE0A2885E
:104ED00041F29A30015D144B1148FCF77DFF11E05F
:104EE000A28841F29A30015D104B0D48FCF774FF27
:104EF00008E0A28841F29A30015D0D4B0848FCF7AA
:104F00006BFF00BF00BF002141F29C3001532046DF
:104F1000FFF73EFF00BFADE7F0960020E90601086D
:104F2000C8300020010701081907010831070108EE
:104F30004907010810B50446002141F29E30015591
:104F4000001F015D0148FCF72FFF10BDC830002095
:104F50000246901C30F8110070470146C88808B11D
:104F6000012070470020FCE72DE9F0472DED028B72
:104F7000ADF5A25D04464FF000099FED9B0A10EECF
:104F8000105A00264FF49E50005B38B94FF49E50E3
:104F9000005B401C81B24FF49E50015341F28831B6
:104FA00010A8EBF7F3FC4FF49E50035B41F29A30EC
:104FB000005D021F8DA141F22C406844EBF770FAAE
:104FC00041F22C406844F5F7D1FF41F29E30005D7C
:104FD00030B900200DF5A25DBDEC028BBDE8F08775
:104FE00041F22C406844F3F795FD4FF00008E0E0F3
:104FF00004F1120030F818102046FFF797FE10EE6B
:10500000105A94F900000B2815D2DFE800F00615BD
:1050100024334251606F7E8D9C00284604F010FFBF
:1050200041EC180B8DED008B424675A141F2C83062
:105030006844EBF735FA87E0284604F001FF41ECBD
:10504000180B8DED008B424671A141F2C8306844C7
:10505000EBF726FA78E0284604F0F2FE41EC180B54
:105060008DED008B42466DA141F2C8306844EBF7EC
:1050700017FA69E0284604F0E3FE41EC180B8DEDC9
:10508000008B424668A141F2C8306844EBF708FA49
:105090005AE0284604F0D4FE41EC180B8DED008B4D
:1050A000424665A141F2C8306844EBF7F9F94BE09C
:1050B000284604F0C5FE41EC180B8DED008B4246EE
:1050C00061A141F2C8306844EBF7EAF93CE02846B8
:1050D00004F0B6FE41EC180B8DED008B42465DA14D
:1050E00041F2C8306844EBF7DBF92DE0284604F0C4
:1050F000A7FE41EC180B8DED008B424655A141F205
:10510000C8306844EBF7CCF91EE0284604F098FE5E
:1051100041EC180B8DED008B424651A141F2C83095
:105120006844EBF7BDF90FE0284604F089FE41EC36
:10513000180B8DED008B42464CA141F2C8306844FB
:10514000EBF7AEF900E000BF00BF41F2C8306844A1
:10515000EBF750FB1FFA80F906EB090041F28831AA
:10516000884209DA06EB090086B241F2C831694487
:1051700010A8EBF75EFB18E010A941F22C40684440
:10518000F5F7B6FF07460FB1002023E7002641F2EE
:10519000883110A8EBF7FAFB06EB090086B241F262
:1051A000C831694410A8EBF744FB08F101001FFA6D
:1051B00080F841F29C30005B40453FF719AF36B1B3
:1051C00010A941F22C406844F5F792FF07460FB151
:1051D0000020FFE64FF49E50005B401C81B24FF46C
:1051E0009E5001530120F5E6000000004461646F09
:1051F00073414425755F253035752E4353560000A5
:1052000025753B252E32663B6B50610A000000007D
:1052100025753B252E32663BB0630A0025753B257C
:105220002E32663B4E0A000025753B252E32663B2A
:105230006D6D48324F0A000025753B252E32663BC6
:105240004C75780A0000000025753B252E32663B20
:10525000560A000025753B252E32663B6D410A003B
:1052600025753B252E32663B470A000025753B25F8
:105270002E32663B4C2F6D696E0A0000014691F993
:10528000000080B27047014641F29E30405C70479A
:105290004AB20270012341F29E3213541422427426
:1052A0007047000010B504460748FFF771FD074836
:1052B000FFF76EFD0648FFF76BFD0648FFF768FD38
:1052C0000548FFF765FD10BDEC330020B447002012
:1052D0007C5B0020446F00200C83002010B5044646
:1052E000014801F011F910BD9401002010B50446E9
:1052F00004221549154800F0FFF9F8B91448006870
:10530000401C134908600A2801D9012000E0002050
:10531000217809B9012100E00021084090B1002363
:1053200008220949094800F0F0F900BF04220649A3
:10533000064800F0E1F90028F8D003E00020044915
:105340000860207010BD00000000024070000020C6
:105350002400002010B50446044801F079F90448FF
:1053600000F0ACFB034800F0FAF810BD94010020F7
:1053700050020020A031002004461DE0F0F724FA7E
:105380000E48FEF73AFA10B12046FFF7A7FF0B4888
:10539000FEF738FA10B12046FFF7A8FF0748FEF7DE
:1053A000E9F910B12046FFF7D5FF0448FEF720FACF
:1053B00010B12046FFF776FFE0E70000B2010020C1
:1053C00010B504460D4800F063F90D48FEF7F8F9F2
:1053D0000C4801F0CFF90C4800F07AF80B4800F0C7
:1053E00045FC012020700A4800F080FC094800F0CC
:1053F00043FA0021074800F05FFA10BD700000205A
:10540000B201002094010020A031002050020020B1
:10541000B1010020F096002010B5044601210D20B6
:10542000F6F7C0FA012084F8250010BD10B5044637
:1054300001210D20F6F7B6FA002084F8250010BDF2
:10544000014691F82500704770B504460D46164692
:1054500031462846FBF720F984F8240094F824000C
:105460000121F6F79FFA70BD2DE9F04104460D4683
:105470002846EBF7BFF9C7B294F823003844C6B208
:10548000102E00DD102694F823000EE015F8011B05
:1054900094F8222002EB0212224414F8233FD15444
:1054A0002178491C04F82319401CB042EEDB00208F
:1054B00094F8221001EB01112144087494F825009E
:1054C00020B194F824000121F6F76CFABDE8F081D0
:1054D00010B50446FCF7F2FA05A20021204600F0C0
:1054E00020F808A20121204600F01BF810BD0000A2
:1054F0004D554C544943524F4E4F4D4554524F20F9
:105500000000000020202056455253C34F20312E6A
:10551000302020200000000080F8231080F8222096
:10552000704770B504460D46164605EB051108197F
:1055300020221121EBF700FA002008E0315C01B9CC
:1055400007E0315C05EB051222441154401C102881
:10555000F4DB002005EB05112144087470BD10B583
:105560000446224600210846FBF746FA04F11102E0
:1055700001210020FBF740FA94F8250020B194F8AF
:1055800024000121F6F70EFA10BD00001EB50446F6
:105590000020012100910B460822CDE9011010499D
:1055A000204600F0BAF80020009001900123042268
:1055B0000C490290204600F0B0F800200122CDE90D
:1055C00000201346082207490290204600F0A5F863
:1055D000012308220349204600F097F81EBD000071
:1055E00000040240000002400246B1F5807F3BD03B
:1055F00012DC102930D008DC012925D0022925D061
:10560000042925D008293FD124E0202926D040298B
:1056100026D0802938D125E0B1F5805F2CD009DC77
:10562000B1F5007F22D0B1F5806F21D0B1F5006FC8
:105630002AD11FE0B1F5005F20D0B1F5804F1FD017
:10564000B1F5004F20D11DE000201FE001201DE03A
:1056500002201BE0032019E0042017E0052015E0DC
:10566000062013E0072011E008200FE009200DE0DC
:105670000A200BE00B2009E00C2007E00D2005E0DC
:105680000E2003E00F2001E0002000BF00BF7047A4
:1056900018B5044600BF002000901648006840F08E
:1056A0000100144908600846006800F001000090FD
:1056B00000BF00BF002000900846006840F00200D4
:1056C00008600846006800F00200009000BF00BFBC
:1056D000002000900846006840F00400086008467A
:1056E000006800F00400009000BF2046FFF74EFF66
:1056F00018BD00003038024010B503460C69144054
:105700000CB1012000E0002010BD10B5012B01D12B
:105710008A6101E014048C6110BD2DE9F047074651
:105720000C4615461E46DDE9099ADDF82080002367
:1057300029463846FFF758FF0346E0685A00032120
:1057400091408843E060E068590006FA01F108439F
:10575000E06020685A00032191408843206020685F
:10576000590008FA01F1084320606068012199405E
:1057700088436060606809FA03F108436060A068CC
:105780005A00032191408843A060A06859000AFA9A
:1057900001F10843A060BDE8F087000030B5044681
:1057A00013464FF0FF3208E011F8010B5040C0B231
:1057B000054D55F8200080EA1222181EA3F10103BE
:1057C000F2D1D04330BD0000F8C3010801EB410223
:1057D00000EBC20292ED000A01EB410200EBC202B3
:1057E00082ED040A01EB410200EBC20292ED010AD4
:1057F00001EB410200EBC202D2ED000A30EE600A7A
:1058000001EB410200EBC202D2ED030A01EB4102BF
:1058100000EBC20292ED021A70EEC10A80EE201A6D
:1058200001EB410200EBC20282ED051A7047000055
:1058300070B5044604F1F000051B2A4621460348D2
:10584000FFF7ACFFC4F8F00070BD00005402002068
:1058500070B504462046FFF7EBFF04F1F000051B8E
:10586000A81C83B222460249024800F009FA70BD22
:1058700000C00008B101002070B50446034DF422B9
:1058800029462046EBF726F870BD000000C000084E
:1058900070B5044604F1F000051B2A462146054870
:1058A000FFF77CFFD4F8F010884201D1012070BDD1
:1058B0000020FCE75402002070B504460D46204647
:1058C000FFF7E6FF08B1002D7ED09FED670A84ED5B
:1058D000060A9FED660A84ED070A9FED650A84EDCE
:1058E000090AB1EE000A84ED080A01212046FFF7FB
:1058F0006DFF9FED600A84ED000A9FED5F0A84ED65
:10590000010A9FED5E0A84ED030A9FED590A84EDBA
:10591000020A00212046FFF759FF9FED590A84ED46
:105920000C0A9FED580A84ED0D0A9FED570A84ED8D
:105930000F0A9FED530A84ED0E0A02212046FFF75D
:1059400045FF9FED520A84ED120A9FED510A84ED46
:10595000130A9FED500A84ED150A9FED4F0A84ED5E
:10596000140A03212046FFF731FF9FED420A84ED20
:10597000180A9FED410A84ED190A9FED400A84ED53
:105980001B0A9FED3B0A84ED1A0A04212046FFF70B
:105990001DFF9FED420A84ED1E0A9FED410A84ED32
:1059A0001F0AB2EE040A84ED210ABAEE040A84ED5D
:1059B000200A05212046FFF709FF9FED2E0A84EDFE
:1059C000240A9FED2D0A00E04CE084ED250A9FEDAE
:1059D0002B0A84ED270A9FED260A84ED260A06216C
:1059E0002046FFF7F3FE9FED230A84ED2A0A9FED80
:1059F000220A84ED2B0A9FED210A84ED2D0A9FEDEA
:105A00001C0A84ED2C0A07212046FFF7DFFE9FEDDC
:105A1000250A84ED300A9FED240A84ED310AB1EEA7
:105A20000C0A84ED330A9FED210A84ED320A082125
:105A30002046FFF7CBFE9FED1E0A84ED360A9FED50
:105A40001D0A84ED370AB1EE020A84ED390A9FED92
:105A50001A0A84ED380A09212046FFF7B7FE2046CE
:105A6000FFF7F6FE70BD00002779923EC061023F4D
:105A700000004C42176B313ED43E6D3F9A19704383
:105A8000000000002392883FCDCC1C416FC1633DD4
:105A90005C253C3F000035439A9939417742743E7A
:105AA000A1DF463F59CCF83EF2BA483FCDCCCC3EC0
:105AB000F1B4E83D39C8B63ECDCCCC3F10B5044674
:105AC000207808280BD2DFE800F0040B1526306D93
:105AD00065B3F5F7AFFF0020608001202070A8E0DB
:105AE0006188481C6080042903DD02202070FBF7D8
:105AF0003DFE9EE0504800F083FE50490870084685
:105B00000078FAF77DFA28B1F5F7A6FF0320207098
:105B1000002060808DE06188481C6080042903DDDE
:105B200004202070EFF732FE83E0434800F068FE67
:105B30004249087042480068401E00EB001041498D
:105B4000421800214048FFF7ECFC404A01213E4842
:105B5000FFF7E7FC39480078012807D106202070BC
:105B6000EFF702FD3A48FDF705FC12E033480078F4
:105B700006280ED1052020703648ECF701FCEFF71F
:105B800087FD03202D4908703348B0F90000F3F772
:105B9000B1F84EE02E48FCF761FB252801D1042026
:105BA000207046E0244800F02BFE24490870084687
:105BB0000078082817D10020284908602849086083
:105BC000284908602849086023490880FBF7E8FF56
:105BD00004202070FAF75CFB1B48FFF731FC10B182
:105BE0001948FFF723FC1D48006828B91A48B0F986
:105BF0000000F3F77FF812E018480068012805D18B
:105C00001548B0F90000F3F78FFE08E0134800686C
:105C1000022804D11048B0F90000F4F731FA0E4818
:105C2000008808B9FBF7BCFF0D200449087000E0AC
:105C300000BF00BF10BD000094010020280200201A
:105C4000C0010020C4C30108A0310020B3C3010873
:105C5000D49600207803002024020020CC010020EC
:105C6000380200200C0200202002002010B504465B
:105C70000248FDF77FFB0020207010BDD496002065
:105C80002DE9F84380460D4616461F460024EDF7E1
:105C90008FF80020144908600120486003208860C4
:105CA0000120C8600220086169460F48ECF7CEFF6A
:105CB00018B1EDF721F8BDE8F8830EE056F824C0DE
:105CC0006246002329460220EDF726F810B92D1D63
:105CD000641C02E0EDF710F8EDE7BC42EEDBEDF7F7
:105CE00011F80020E7E700008C31002010B50446D1
:105CF000022303A205492046FFF7C2FF10BD0000A2
:105D000074657374652031320000000000C0000823
:105D100000B50346294890ED0B0AF8EE400A9FEDC6
:105D2000281A80EE810AD0ED160AF8EE600A9FED7F
:105D3000241A00EE810ADFED230A80EE201A80ED9E
:105D4000631A042100F0F6FA00EE100AF8EE400A99
:105D50009FED1C1A80EE810A1848D0ED630A80EE90
:105D6000201A80ED4D1A90ED4D0AD0ED630A80EEB9
:105D7000201A80ED871A90ED870AF0EE000A20EED7
:105D8000200A80ED870A90ED880AB8EEC00AD0EDAF
:105D90004D0A20EE200AD0ED4D0A20EE200AF0EE4A
:105DA000000A80EE201A80ED841A90ED840ADFED5F
:105DB000050A80EE201A80ED841A00BDC83100204B
:105DC0000000C84200007A447CB504460E461546E1
:105DD00034F815004FF47A7190FBF1F000B2ADF891
:105DE000060034F8150090FBF1F201FB120000B23E
:105DF000ADF80400BDF90400642190FBF1F201FB51
:105E00001200ADF80200BDF902000A2190FBF1F288
:105E100001FB1200ADF80000BDF90400642190FB05
:105E2000F1F000B2ADF80400BDF902000A2190FBC8
:105E3000F1F000B2ADF80200022E29D0052E04D0F8
:105E4000092E48D00C2E73D15BE0607B401E40B21F
:105E5000607394F90D00002801DA03206073607B01
:105E600003280BD1052D09D194F90D00C0F10600CE
:105E7000C1B201223C48FFF7E7FA08E094F90D00AF
:105E8000C0F10700C1B201223748FFF7DDFA50E048
:105E9000607B401C40B2607394F90D00032801DD63
:105EA00000206073607B03280BD1052D09D194F984
:105EB0000D00C0F10600C1B201222B48FFF7C4FA61
:105EC00008E094F90D00C0F10700C1B20122264894
:105ED000FFF7BAFA2DE094F90D003DF81000401ECE
:105EE00000B294F90D102DF8110094F90D003DF950
:105EF0001000002804DA092094F90D102DF8110083
:105F000017E094F90D003DF81000401C00B294F920
:105F10000D102DF8110094F90D003DF9100009281D
:105F200004DD002094F90D102DF8110001E0FFE7C9
:105F300000BF00BFBDF806004FF47A7110FB01F0FE
:105F4000BDF8041001EBC10202EB011100EB81006E
:105F5000BDF8021001EB810100EB4100BDF800101B
:105F6000084424F815007CBDA03100200146087BC0
:105F70007047000038B504460D46207B0A2190FB8F
:105F8000F1F201FB1200ADF80000207B90FBF1F074
:105F900000B2ADF8020094F90D00012801DD0020E7
:105FA0006073022D1AD0052D04D0092D2AD00C2D96
:105FB00054D13DE0607B401E40B2607394F90D0007
:105FC000002801DA0120607394F90D00C0F1070088
:105FD000C1B201222C48FFF737FA40E0607B401C39
:105FE00040B2607394F90D00012801DD0020607358
:105FF00094F90D00C0F10700C1B201222248FFF759
:1060000023FA2CE094F90D003DF81000401E00B278
:1060100094F90D102DF8110094F90D003DF91000C0
:10602000002804DA092094F90D102DF8110016E06B
:1060300094F90D003DF81000401C00B294F90D10C9
:106040002DF8110094F90D003DF91000092804DD28
:10605000002094F90D102DF8110000E000BF00BFE2
:10606000BDF80000BDF8021001EB810100EB41001A
:106070002073207B0A2802DD0A20207303E0207BA6
:1060800008B90120207338BDA0310020024600204D
:1060900074E03C4951F8201000EE101AF8EE400A66
:1060A0009FED391A80EE810A36492C3151F82010C3
:1060B00000EE901AF8EE600A9FED331A00EE810AA6
:1060C000DFED320A80EE201A314901EB800181EDCB
:1060D000001A2F4901EB800191ED000AF7EE000A4A
:1060E00080EE801A2A492C3901EB800181ED001ADB
:1060F0002449583151F8201000EE101AF8EE400AE9
:106100009FED211A80EE810A1E49843151F820103A
:1061100000EE901AF8EE600A9FED1B1A00EE810A5D
:10612000DFED1A0A80EE201A1949583101EB80017F
:1061300081ED001A1349B03151F8201000EE101A09
:10614000F8EE400A9FED101A80EE810A104984395A
:1061500051F8201000EE901AF8EE600A9FED0A1A2E
:1061600000EE810ADFED090A80EE201A08492C3181
:1061700001EB800181ED001A411CC8B20B2888DBBD
:1061800070470000F43100200000C84200007A444B
:106190005433002070B5054601202873022068732F
:1061A0004148FFF743F9002428E09FED400A4048AA
:1061B00000EB840080ED000A9FED3C0A3C48583813
:1061C00000EB840080ED000A9FED380A38482C3837
:1061D00000EB840080ED000A9FED340A34482C3037
:1061E00000EB840080ED000A9FED300A3048583003
:1061F00000EB840080ED000A601CC4B20B2CD4DBE1
:10620000002404E0002025F81400601CC4B2062C11
:10621000F8DB002405E0012105F10E000155601CAA
:10622000C4B2042CF7DD2348006840F40030214953
:1062300008600120204908600020091D0860012035
:106240001D492831086040F63300091D08601A48CE
:106250000C30006840F0010017490C310860012043
:106260001549143108601920002809DB00F01F02CD
:10627000012191404209920002F1E022C2F800118E
:1062800000BF19200021002804DB0A07130E0B4A67
:10629000135406E00A07160E094A00F00F031B1FED
:1062A000D65400BF70BD0000A031002000000000E7
:1062B00054330020443802400044014000E400E030
:1062C00018ED00E070B506460C460025052C27D2D7
:1062D000DFE804F0030A11181F0080221249134856
:1062E000FFF70AFA05461CE002220F490F48FFF7A4
:1062F00003FA054615E010220B490C48FFF7FCF99C
:1063000005460EE0202208490848FFF7F5F9054642
:1063100007E0012206490548FFF7EEF9054600E0CF
:1063200000BF00BF284670BD000002407000002082
:1063300000040240024632F81100704730B50446AE
:1063400000233BE0534850F8230000EE100AF8EE1B
:10635000400A9FED511A80EE810A4E482C3050F8C9
:10636000230000EE900AF8EE600A9FED4B1A00EE53
:10637000810ADFED4A0A80EE201A494800EB8300CB
:1063800080ED001A194643482C38FFF7D3FF00EE82
:10639000100AF8EE400A9FED411A80EE810A40484B
:1063A00000EB8300D0ED000A80EE201A3C485838FC
:1063B00000EB830080ED001A581CC3B2032BC1DD33
:1063C00034482C3890ED640AD0ED630A30EE600A50
:1063D00080ED670A0121FFF7ADFF054600212D483A
:1063E0002C38FFF7A7FF281A00EE100AF8EEC00AB3
:1063F0009FED2A1A80EE810A26482C38D0ED670AD4
:1064000080EE201A80ED511A90ED650AD0ED640AF5
:1064100030EE600A80ED680A0221FFF78BFF054627
:1064200001211C482C38FFF785FF281A00EE100ABE
:10643000F8EEC00A9FED191A80EE810A15482C3833
:10644000D0ED680A80EE201A80ED521A90ED660AAF
:10645000D0ED650A30EE600A80ED690A0321FFF78E
:1064600069FF054602210B482C38FFF763FF281A05
:1064700000EE100AF8EEC00A9FED081A80EE810ABD
:1064800004482C38D0ED690A80EE201A80ED531AAA
:1064900030BD0000F43100200000C84200007A4402
:1064A0005433002000B50346144890ED0B0AF8EE73
:1064B000400A9FED131A80EE810AD0ED160AF8EE1D
:1064C000600A9FED0F1A00EE810ADFED0E0A80EEE2
:1064D000201A80ED631A0421FFF72CFF00EE100A4A
:1064E000F8EE400A9FED071A80EE810A0348D0EDCE
:1064F000630A80EE201A80ED4D1A00BDC8310020DD
:106500000000C84200007A4410B504464A480078AA
:10651000401CC0B248490870012801DD0020087005
:1065200045480178204600F0E9F80020434908700A
:1065300079E04248007830B101280CD0022812D00E
:10654000032822D118E002223D493E48FFF7D4F843
:106550003D49088019E0042239493A48FFF7CCF850
:106560003949088011E04FF4806235493548FFF71A
:10657000C3F83549088008E04FF4007230493148CB
:10658000FFF7BAF83049088000BF00BF2E480088E6
:10659000D0BB2E482949097800EB410026490978EB
:1065A000405C022811DA29482449097800EB4100AF
:1065B00021490978405C401C2449204A127801EBAB
:1065C00042011D4A1278885428E020481B49097866
:1065D00000EB410018490978405C02281ED11B4895
:1065E0001649097800EB410013490978405C401CCA
:1065F0001649124A127801EB42010F4A1278885468
:10660000204600F025F809E0FFE700210F480B4A7B
:10661000127800EB4200084A12788154074800784B
:10662000401C0649087005480078042881DB204694
:1066300000F08CF810BD0000A2010020A60100208F
:106640000004024070000020A401002095010020F9
:1066500028494978032905D10421264A517001218E
:10666000254A11702349C979032905D104222149FA
:10667000CA710921204A11701E494979032905D19F
:1066800004221C494A7106211B4A11701949C97814
:10669000032905D104221749CA700321164A117033
:1066A00014490978032905D10421124A11700C21DB
:1066B000114A11700F498979032905D104210D4A26
:1066C000917108210C4A11700A490979032905D1F1
:1066D0000421084A11710521074A1170054989787A
:1066E000032905D10421034A91700221024A117045
:1066F00070470000950100209E01002070B50646FD
:106700000C4634B9002380220E490F48FEF7FDFFE6
:1067100007E0012C05D1002322020A490A48FEF7AE
:10672000F4FF00250AE000BF00BF00BF00BF00BFAC
:1067300000BF00BF00BF00BF681C85B2B5F57A7FFF
:10674000F1DB70BD000402407000002010B504466B
:106750000123802205490648FEF7D7FF01231A02CC
:1067600002490348FEF7D1FF10BD000000040240BB
:10677000700000203EB5044600200122CDE9002033
:10678000034680221C4902901C48FEF7C6FF0020E9
:106790000122CDE900200346120217490290174852
:1067A000FEF7BBFF00200090019001230222124956
:1067B00002901248FEF7B1FF0020009001900346BE
:1067C00004220D4902900D48FEF7A7FF002000901B
:1067D000019001239A02084902900848FEF79DFFA4
:1067E00000200090019001235A02034902900348BF
:1067F000FEF793FF3EBD0000000402407000002041
:106800000146034A10780D22014B1A7070470000B0
:106810009E01002003B401984100009850EAC12075
:1068200018BF04204A0D18BF40F0010040F2FF726B
:10683000B2EB515F08BF40F00200012808BF0520FD
:1068400002B0704702480068C0F3022070470000A1
:106850000CED00E010B5002804DB0A07130E054A12
:10686000135406E00A07140E034A00F00F031B1F1F
:10687000D45410BD00E400E018ED00E030380A28E0
:1068800001D2012070470020704700BFFEE70000E2
:1068900001B54FF6FF73012269460248EDF778FD16
:1068A00008BD0000200400202DE9F04704460D46F5
:1068B00090469946AD1EE808A189B0FBF1F0616BE6
:1068C00000EB010AE808A189B0FBF1F201FB120616
:1068D00005F0070101208840C7B200BF51460AF108
:1068E000010A204602F070FD10B10120BDE8F087DA
:1068F00000BF00BF04F13C00805D384008B10120BA
:1069000000E00020484501D10220EFE704F13C00FF
:10691000805D784004F13C0188550120E070A8F1C9
:106920000100B0F1000800D1E0E77806000E071E74
:10693000E0D10127701C0646A1898842D9D30026E0
:10694000CCE7000070B504460D460020E070401E04
:10695000A0632946204602F037FD08B1042070BD2F
:1069600004F23A2002F044FC4AF65521884201D054
:106970000320F4E794F83C00E92807D094F83C00A1
:10698000EB2817D13E20005D902813D104F172004E
:1069900002F0F1FB20F07F400C49884201D1002039
:1069A000DDE704F18E0002F0E6FB0949884201D1DF
:1069B0000020D4E70B2207A104F13C0002F0DCFC2C
:1069C00008B90120CBE70220C9E700004641540086
:1069D00046415433EB7690455846415420202000E0
:1069E000024600E0521C107810B110788842F9D1AC
:1069F0001078704730B502460B4600200446014629
:106A00001CE01A4800EB01100068A8B1174800EB21
:106A1000011000681568A8420FD1144800EB01105E
:106A200040689568A84208D1104800EB01108068C2
:106A3000156BA84201D103E00124491C0229E0D3CF
:106A400000BF022906D10CB9022B01D1002030BDB4
:106A50001220FCE733B9054800EB01108089B0F53E
:106A6000807F01D11020F2E70020F0E7FC2B00200E
:106A7000014600200BE0074A02EB001212688A422E
:106A800004D10022034B03EB00131A60401C0228C0
:106A9000F1D37047FC2B00202DE9FC470646174632
:106AA0009846D6F800A0306D051DBAF80CC06246B5
:106AB000002338464146E9F770FCCDE90001BAF8F9
:106AC0000AC062460023E9F768FC814600BF10CD8A
:106AD00014B90020BDE8FC87A14500D203E0A9EB72
:106AE00004092D1DF3E700BF28684844F2E7024679
:106AF000891E106A801E884201D800207047538981
:106B0000506B01FB0300F9E72DE9F04780460C4686
:106B100004F11A0002F06CFB10B10020BDE8F08710
:106B2000207800F03F00401E00EB800101EBC00523
:106B30004FF00109002621E01849895D081902F08B
:106B400057FB0746B9F1000F11D0FF2D0BD2384685
:106B500001F05AFC824629466D1C38F8110001F0FC
:106B600053FC824501D00020D8E7B94605E04FF636
:106B7000FF70874201D00020D0E7761C0D2EDBD3BA
:106B8000207800F0400038B1B9F1000F04D038F897
:106B9000150008B10020C1E70120BFE7E49F01080C
:106BA0002DE9F04704468A462668BAF1000F06D15F
:106BB000B76917B1306AB84217D8012715E05146B6
:106BC000204602F045F88146B9F1020F02D20120B9
:106BD000BDE8F08709F1010008B94846F8E7306AD6
:106BE000484501D94846F3E75746307804284CD148
:106BF00001223946304601F096FC05460DB1681C6D
:106C000008B92846E4E701231A4629463046FFF72B
:106C10004BFE8046B8F1020F01D10120D8E7B8F150
:106C2000010F02D14FF0FF30D2E7BAF1000F02D1CD
:106C30000220E0710AE0E079022807D1781C854241
:106C400004D0A068381AA0610320E071E07902281E
:106C50004FD00AF10100854207D1E06910B1E06927
:106C6000401C00E00220E06143E0E06908B9012037
:106C7000E0612A465146204601F033FC8046B8F1D7
:106C8000000F36D10120E06133E03D4600BF6D1CAE
:106C9000306AA84204D80225BD4201D9002097E7F6
:106CA0002946204601F0D4FF8146B9F1000F00D1FA
:106CB0000BE0B9F1010F02D009F1010008B9484613
:106CC00086E7BD42E3D1002082E700BF4FF0FF32EC
:106CD0002946304602F0D6FB8046B8F1000F08D1B5
:106CE000BAF1000F05D02A465146304602F0CAFBE1
:106CF0008046B8F1000F0DD1B561D6E90710801EAE
:106D0000814202D8F069401EF061307940F0010004
:106D1000307107E0B8F1010F02D14FF0FF3000E011
:106D200001200546284653E72DE9F34F83B08146FD
:106D3000049800680190D9F80000D0F810A0002055
:106D40000546064600BF3046761C01990C5C202C97
:106D500000DA2BE02F2C01D05C2C0AD100E0761C4D
:106D60000198805D2F28FAD00198805D5C28F6D0CC
:106D70001CE0FF2D03D3062005B0BDE8F08FE4B280
:106D80000121204601F01AFB04460CB90620F3E766
:106D9000802C06DA21466AA0FFF722FE08B1062001
:106DA000EAE728466D1C2AF81040CCE700BF01989E
:106DB000811904980160202C01DA042000E00020F1
:106DC000074608E0681E3AF81040202C02D02E2C0E
:106DD00000D002E06D1E002DF4D100BF00202AF883
:106DE00015000DB90620C7E70B22202109F140004C
:106DF00002F0E1FA002600E0761C3AF8160020289E
:106E0000FAD03AF816002E28F6D00EB147F0030754
:106E100000E06D1E25B1681E3AF810002E28F8D14A
:106E20004FF00008CDF808804FF0080B00BF304647
:106E3000761C3AF8104004B954E0202C03D02E2CD4
:106E400004D1AE4202D047F00307F0E7029858455C
:106E500001D2AE4216D1BBF10B0F02D147F00307AE
:106E600040E0AE4201D047F00307AE4200D939E01E
:106E70002E46082002904FF00B0B4FEA88604FEA35
:106E80001068D4E7802C0BDB0021204601F096FA35
:106E900004461CB1A4F180002C490C5C47F00207A9
:106EA00000BF24B121462AA0FFF79AFD18B15F2444
:106EB00047F003070FE0412C04DB5A2C02DC48F0BA
:106EC000020808E0612C06DB7A2C04DC48F001089B
:106ED000A4F1200084B20298411C029109F1400102
:106EE0000C54A4E700BF99F84000E52802D1052022
:106EF00089F84000BBF1080F03D14FEA88604FEAE0
:106F0000106808F00C000C2803D008F003000328D8
:106F100001D147F0020707F0020058B908F003005A
:106F2000012801D147F0100708F00C00042801D116
:106F300047F008074B2000F8097000201CE700000C
:106F4000222A3A3C3E3F7C7F00000000649F0108FB
:106F50002B2C3B3D5B5D00002DE9F04704460D46C0
:106F600040220021204602F026FA85202070C02011
:106F700084F8200000274FF001084FF00109402657
:106F800000BFC1223046761C225400223046761CB7
:106F9000225400BFB9F1000F06D035F81700B0F148
:106FA000000901D0781CC7B2A019494602F04DFC77
:106FB000B01C064600F01F000028EBD108F10100CC
:106FC00000F0FF0835F817000028DAD184F82370A4
:106FD00084F80180284602F033FD8246514604F1D0
:106FE000240002F032FCBDE8F087000010B5024634
:106FF000531E1A46022B17D20C4B03EB021399892E
:10700000B1F5807F00D10021002901DD4B1E99B22E
:10701000064B03EB0213998121B90023034C04EBC7
:1070200002142360002000E0022010BDFC2B002091
:107030002DE9F04104460E46D4F800800021204698
:1070400000F063FB05465DBB002700BF4046A16B17
:1070500002F0BAF9054605B121E098F800000428CD
:1070600005D1E06B0078012121EAD01009E0E06B46
:107070000078E52802D0E06B007808B9012000E034
:10708000002020B1781C0746B04201D107E000275C
:107090000121204600F0DEF80546002DD6D000BFC5
:1070A000042D00D107252846BDE8F0812DE9F04FD9
:1070B00085B0044625680021204600F026FB0746DF
:1070C0001FB1384605B0BDE8F08F287804284CD1B0
:1070D000286902F0B5FC01903EE0696901F12400E5
:1070E00002F086F80199884200D035E0686990F88E
:1070F000230003904FF0400A002002901FE00AF0A6
:107100001F0008B90AF1020A696901EB0A0002F0DE
:107110006FF8009001F078F983462A69029932F8F5
:10712000110001F071F9834500D00BE00398401E77
:10713000C0B203900AF1020A0298401C0290039820
:107140000028DCD100BF039828B92969029831F8DA
:10715000100000B906E000BF0021204600F011F940
:10716000071EBAD000BF3846ACE74FF0FF09CDF894
:1071700010904FF0FF30E06400BF2846A16B02F092
:1071800023F9074607B162E0E06B06780EB90427E1
:107190005DE0E06BC07A00F03F0884F80680E52EE1
:1071A00005D008F0080040B1B8F10F0F05D04FF03E
:1071B000FF094FF0FF30E06442E0B8F10F0F22D139
:1071C0004B20005D00F04000A0BB06F0400038B14D
:1071D000E06B407B049006F0BF06B146206BE06494
:1071E0004E450CD1E06B417B0498814207D1E16BA5
:1071F0002869FFF789FC10B1A9F1010000E0FF2028
:1072000000F0FF091CE0B9F1000F06D1E06B02F0BD
:107210005BFB0499884200D119E04B20005D00F02F
:10722000010040B90B2204F14001E06B02F0A4F828
:1072300008B90CE004E04FF0FF094FF0FF30E064C4
:107240000021204600F006F80746002F95D000BF29
:10725000384637E72DE9F047054689462C68286B04
:1072600000F12007A86B40B12078042801D18006E6
:1072700001E04FF40010B84202D80420BDE8F087C6
:10728000A089B7FBF0F100FB117000286DD1A86B4D
:10729000401CA863686B38B92089B0EB571F64D8CD
:1072A0000020A8630420E9E7A089B7FBF0F061891A
:1072B000491E0840002858D12846696B01F0C8FCD7
:1072C0000646012E01D80220D8E7701C08B901201B
:1072D000D4E7206AB04242D8B9F1000F03D10020B0
:1072E000A8630420CAE72846696BFFF759FC0646E5
:1072F0000EB90720C2E7012E01D10220BEE7701CA3
:1073000008B90120BAE7E87940F00400E8712046A6
:1073100002F032FB08B10120B0E7A289002104F19C
:107320003C0002F048F84FF0000831462046FFF7D5
:10733000DEFBA0630CE00120E070204602F01CFBA5
:1073400008B101209AE708F10108A06B401CA06376
:1073500060894045EFD8A06BA0EB0800A0636E6386
:1073600031462046FFF7C3FBA8632F63A089B7FB14
:10737000F0F100FB117104F13C000844E8630020C7
:107380007CE72DE9F05F04468A46042627684FF023
:10739000FF09CB4667E03846A16B02F015F80646B8
:1073A00006B163E0E06B05780DB904265EE038783D
:1073B00004280FD100BF852D4ED1206BE0642046FC
:1073C00001F03AFF064626B97869007900F03F00DF
:1073D000A0714BE0E06BC07A00F03F0884F80680B3
:1073E000E52D0AD02E2D08D028F02000082801D144
:1073F000012000E00020504502D04FF0FF092BE0B3
:10740000B8F10F0F1CD105F0400038B1E06B90F8D7
:107410000DB005F0BF05A946206BE0644D450BD1CA
:10742000E06B407B584507D1E16B386901F0E6FF1E
:1074300010B1A9F1010000E0FF2000F0FF090BE00E
:10744000B9F1000F04D1E06B02F03EFA584502D0CA
:107450004FF0FF30E06409E000212046FFF7FAFE1C
:10746000064606B102E0A06B002894D100BF0EB121
:107470000020A0633046BDE8F09F2DE9F04F99B0A1
:10748000044626684B20005D00F0A00018B10620DD
:1074900019B0BDE8F08F4FF0000B01E00BF1010BCC
:1074A000306930F81B000028F8D13078042863D107
:1074B0000BF10E000F21B0FBF1F000F1020949467B
:1074C0002046FFF7B5FD05460DB12846E0E7A9F1D6
:1074D00001002022216B02FB1010E064A06800284C
:1074E00044D0E07900F0040000283FD07089B189D1
:1074F0004843D4E90423801843F10001C4E904019E
:10750000204600F0D3FF05460DB12846C0E74FF0F6
:10751000FF322046616B00F0E4FF05460DB12846BE
:10752000B6E72146684601F069FE05460DB12846DA
:10753000AEE7D4E90473716901F138003A4602F00C
:1075400056F9D4E90473716901F128003A4602F052
:107550004EF9E07940F00100716981F82100684638
:1075600002F079F905460DB1284691E7D6E90410F5
:10757000FFF7F2FC00208BE70C2204F1400115A874
:1075800001F00CFF9DF85F0000F0010028B34021DE
:107590004B2001554FF0010A0EE0534615A904F1A6
:1075A0004000326901F0FAFA2046FFF77FFD0546F8
:1075B00005B104E00AF1010ABAF1640FEDD300BF8E
:1075C000BAF1640F01D1072062E7042D01D02846EB
:1075D0005EE79DF85F104B2001559DF85F0000F0BD
:1075E000020030B10BF10C000D21B0FBF1F0401C9A
:1075F00000E00120814649462046FFF719FD054677
:1076000075BBA9F10100B0F1000929D0206BA0EBF6
:107610004911204600F079F805460DBB04F1400001
:1076200002F052F9149000BF3046A16B01F0CCFE7D
:10763000054605B113E009F0FF02E16B3069149BC8
:1076400001F0F0FF0120F07000212046FFF702FE5C
:10765000054625B9A9F10100B0F10009E4D100BF48
:10766000C5B93046A16B01F0AFFE054695B92022A1
:107670000021E06B01F09FFE0B2204F14001E06B62
:1076800001F08CFE4B20005D00F01800E16B0873E8
:107690000120F0702846FBE62DE9F04104462668FB
:1076A000276BE06C401C08B9002003E02046E16C29
:1076B00000F02BF805462DBB00BF3046A16B01F052
:1076C00083FE054605B119E03078042806D1E06B49
:1076D000007800F07F00E16B087002E0E520E16BCC
:1076E00008700120F070206BB84200D306E0002142
:1076F0002046FFF7AFFD0546002DDED000BF042D6C
:1077000000D102252846BDE8F0812DE9F04104466C
:107710000E4625682878042801D1800601E04FF440
:107720000010B04202D906F01F0010B10220BDE8DF
:10773000F0812663A7682FB92878032802DB2F6B16
:107740000020E07147B92889B0EB561F01D802200C
:10775000EDE7286BA0631DE06889A98900FB01F8AB
:1077600011E03946204601F073FA0746781C08B943
:107770000120DCE7022F02D3286AB84201D8022098
:10778000D5E7A6EB08064645EBD239462846FFF773
:10779000AEF9A0636763A06B08B90220C7E7A889A8
:1077A000B6FBF0F0A16B0844A063A889B6FBF0F12A
:1077B00000FB116105F13C000844E0630020B6E7DE
:1077C00070B5044600250848005D58B901200649F7
:1077D000085501F10802105D0A1D52F824201168B5
:1077E00088470546284670BD7C3000202DE9F041D1
:1077F00004460D4616460649085D091F51F8241037
:1078000032460B692946984707463846BDE8F0815D
:10781000843000202DE9F04104460D4616461F46EF
:107820000749085D091F51F824103B463246D1F83C
:1078300008C02946E04780464046BDE8F081000088
:107840008430002070B50446044A105D121F52F8BF
:107850002420516888470546284670BD84300020A2
:107860002DE9F04104460D4616461F460749085DBE
:10787000091F51F824103B463246D1F80CC0294666
:10788000E04780464046BDE8F0810000843000209B
:10789000002100E0491C022905D2064800EB011036
:1078A00000680028F6D1022901D00120704700208D
:1078B000FCE70000FC2B002038B50546284600F008
:1078C000DFFA044664B96946284602F07EF80446A9
:1078D00034B9E86AFFF78AFB04460CB90020286037
:1078E000204638BD38B504466946204602F06DF89A
:1078F000054645B9E06A18B1E06AFFF777FB05462F
:107900000DB900202060284638BD0000F7B582B0D0
:1079100016460398019001A801F046FB0546002D8C
:1079200002DA0B2005B0F0BD0F4850F8254024B115
:107930002046FFF79DF800202070029810B100202B
:10794000029908700849029841F82500029808B188
:10795000012E01D00020E5E7002202A903A800F0D3
:107960003FFE07463846DDE7480000202DE9F74F87
:1079700098B0044616461CB909201BB0BDE8F08F2C
:1079800006F03F06324603A919A800F029FE054675
:10799000002D7DD10398049004A8199901F084F872
:1079A00005468DB99DF85B0000F0800008B1062502
:1079B0000AE026F0010008B1012000E000200146A5
:1079C00004A8FFF717F8054606F01C0000287DD034
:1079D0006DB1042D08D1FFF75BFF18B104A8FFF7C4
:1079E0004CFD00E01220054646F008060AE09DF82E
:1079F000160000F0110008B1072503E006F00400AE
:107A000000B10825002D71D106F0080000286DD0C6
:107A100001F01BFA029003980078042867D10398BC
:107A200020600399496901F1340001F0A4FBA060D2
:107A30000399496901F1380001F0A9FBC4E9040187
:107A40000398406990F8210000F00200E0710020E6
:107A5000E0610399496901F10800029901F0BBFE58
:107A600000200399496908750399496901F10C00DF
:107A7000029901F0B0FE0020039949694875202061
:107A80000399496908710399496901F1340000E0DB
:107A900010E1002101F09FFE0399496901F13800CE
:107AA0000022134601F0A3FE0399496901F1280061
:107AB0000022134601F09BFE01200399496981F8D9
:107AC000210004A801F0C7FE054600E048E0002DB3
:107AD00057D1A068002854D000222046A16801F0A8
:107AE000E1FD0546A068401E0399886149E01399AD
:107AF00001F10E00029901F06EFE139901F11600DA
:107B0000029901F068FE20201399C8721399039816
:107B100001F01EFB834600221399039801F049FEF1
:107B2000139901F11C00002101F055FE0120039979
:107B3000C870BBF1000F24D00398806B0290002224
:107B4000594604A801F0AEFD0546D5B9DDE902109D
:107B500001F03AFC0546ABF101000399886110E0A1
:107B60007DB99DF8160000F0100008B1042508E06A
:107B700006F0020028B19DF8160000F0010000B1E7
:107B80000725BDB906F0080008B146F04006039885
:107B9000806BA0641398E06426F0010008B1012016
:107BA00000E00020014604A801F074FAE062E06AF7
:107BB00000B90225002D7DD103980078042821D139
:107BC00006982062089820F0FF009DF817100843DF
:107BD00060621798A0620399496901F1340001F0CD
:107BE000CAFAA0600399496901F1380001F0CFFA9F
:107BF000C4E904010398406990F8210000F00200F4
:107C0000E0710CE01399039801F0A2FAA0601399B7
:107C100001F11C0001F0AFFA0021C4E904010020C9
:107C20002065039820600398C088A08084F83060A5
:107C3000002084F8310060640021A163E1634FF407
:107C4000805204F1540001F0B6FB06F02000002839
:107C50005ED00023D4E9040158405940084357D06E
:107C6000D4E90401C4E90E01039840890399898984
:107C700000FB01F9D4F808A0D4E9047810E05146DB
:107C8000204600F0E5FF8246BAF1010F00D8022538
:107C90000AF1010000B90125B7EB090768F10008F6
:107CA0002DB90020B9EB070170EB0800E7D3C4F849
:107CB00040A000E02CE05DBB0398B0F80CC0624629
:107CC000002338464146E8F768FB00214A404B4014
:107CD0001A431DD051460398FEF709FF019008B9D9
:107CE000022515E00398B0F80CC062460023384620
:107CF0004146E8F752FB019908446064626C0399BD
:107D00004878012304F15401FFF784FD00B10125F7
:107D10000DB10020206028462FE673B582B00646DC
:107D200016B9092004B070BD3446002201A903A889
:107D300000F056FC0546002D57D1019820603046D2
:107D4000039900F0B1FE0546002D4BD14B20805D1C
:107D500000F0800038BBA07900F0100050B301980B
:107D60000078042820D1A0682062206920F0FF005C
:107D7000E17908436062F06CA0620199496901F100
:107D8000340001F0F8F9A0600199496901F1380067
:107D900001F0FDF9C4E904010198406990F821005F
:107DA00000F00200E07106E0F16B019801F0D0F9FB
:107DB000A06000E00525ADB90198C088A080002131
:107DC0003046FFF7A2FC054665B9A06840B1002126
:107DD000304601F05FF9E062E06A18B9122501E06F
:107DE0000020E062042D00D105250DB100202060A7
:107DF000284697E7F8B506460D466946304601F035
:107E0000E4FD0446DCB92DB900213046FFF77DFCC6
:107E1000044614E000213046FFF7B3FA0446042C70
:107E200000D100245CB92946304601F010F8002149
:107E30003046FFF70FFA0446042C00D100242046F8
:107E4000F8BD33B595B00D460022694615A800F07F
:107E5000C7FB04468CB96846159900F025FE044618
:107E60005CB99DF84B0000F0800008B1062404E0E6
:107E70001DB12946684600F0EAFF204617B030BD24
:107E80002DE9F04395B0044614A9204601F09DFD6C
:107E90000546002D7DD194F8300000F04000002808
:107EA00077D094F8300000F0800090B1626C1499A3
:107EB0004878012304F15401FFF7D2FC18B10120E6
:107EC00015B0BDE8F08394F8300000F07F0084F82E
:107ED000300000F0BAFF814614980078042860D181
:107EE000204600F0E3FA054635B94FF0FF32204650
:107EF000216C00F0F6FA0546002D7ED12146684639
:107F000001F07CF90546002D77D11498406900797D
:107F100040F02000149949690871E07940F00100AF
:107F20001499496981F82100A168149A526902F1F3
:107F3000340001F050FCD4E904731499496901F14B
:107F400038003A4601F053FCD4E9047314994969A6
:107F500001F128003A4601F04AFC1499496901F1FF
:107F60000C00494601F037FC002014994969487516
:107F70001499496901F11000002101F02CFC6846B8
:107F800001F069FC054625B9149801F0ADFC0546E1
:107F900000E032E094F8300000F0BF0084F83000D8
:107FA0002BE0A16C149801F00FFA05462DBBE66C8E
:107FB000F07A40F02000F0723146A268206801F0AB
:107FC000F8FB06F11C00216901F005FC494606F1A9
:107FD000160001F000FC002106F1120001F035FC52
:107FE00001201499C870149801F07EFC054694F89D
:107FF000300000F0BF0084F83000284660E731B55B
:10800000B6B0002502220DA936A800F0E9FA044610
:108010000D982290002C76D122A8369900F044FDCC
:10802000044600BF24B9022122A8FEF7E3FC04465F
:10803000002C68D19DF8D30000F0800008B1062420
:1080400005E09DF88E0000F0010000B10724002C2F
:1080500047D10D9800900D980078042818D10D99FB
:10806000496901F1340001F086F8054602900D9946
:10807000496901F1380001F08AF8CDE904010D9851
:10808000406990F8210000F002008DF8070004E03C
:1080900031990D9801F05CF805469DF88E0000F0CE
:1080A0001000F0B10D980E9010950D9800780428EE
:1080B00007D1DDE90401CDE912019DF807008DF833
:1080C0003F0000210EA8FFF720FB04464CB9002119
:1080D0000EA8FFF756F9044604B90724042C00D172
:1080E000002484B922A8FFF7D7FA044634B92DB189
:1080F00000222946684601F0D5FA04461CB90D98BD
:1081000001F0F2FB0446204637B030BD2DE9FF4FA9
:1081100087B0044615469B46089803900020CBF88C
:10812000000004A9204601F050FC0590059818B9FC
:1081300094F83100059018B105980BB0BDE8F08FA8
:1081400094F8300000F0020008B90720F5E7049821
:108150000078042807D0A06B4019A16B884202D296
:10816000A06BC0F1FF3518E10498B0F80CC0D4E959
:108170000E0162460023CDE90001E8F70EF9002167
:108180004A404B401A436FD10498B0F80CC0D4E970
:108190000E0162460023CDE90001E8F7FEF80499DC
:1081A0004989491E00EA010ABAF1000F3AD10023B9
:1081B000D4E90E1059405840014309D1D4F8088041
:1081C000B8F1000F16D12046FEF7EAFC804611E018
:1081D000206D50B1D4E90E0102460B46CDE90001F5
:1081E0002046FEF759FC804604E02046216CFEF74D
:1081F000D7FC8046B8F1000F00D1D1E0B8F1010FF3
:1082000003D1022084F8310097E708F1010018B982
:10821000012084F8310090E7C4F84080A06808B9D4
:10822000C4F8088094F8300000F0800090B1626CCF
:1082300004994878012304F15401FFF711FB18B1A8
:10824000012084F8310078E794F8300000F07F00D6
:1082500084F83000216C0498FEF749FC074627B9E2
:10826000022084F8310068E752E05744049880897E
:10827000B5FBF0F9B9F1000F32D00AEB090004990F
:108280004989884203D904984089A0EB0A090499D6
:1082900048784B463A460399FFF7E2FA18B10120B5
:1082A00084F8310049E7606CC01B484513D2606C0C
:1082B000C31B0498B0F80CC0039803FB0C0104988E
:1082C000828904F1540001F069F894F8300000F05C
:1082D0007F0084F830000498808900FB09F63EE0B6
:1082E000606CB84213D0D4E90431D4E90E20D21A1C
:1082F00088410CD20499487801233A4604F154018C
:10830000FFF788FA18B1012084F8310015E7676497
:10831000A06B04998989B0FBF1F201FB120004996A
:1083200089890E1AAE4200D92E460498B0F80CC0C6
:10833000D4E90E0162460023CDE90001E8F72DF8EB
:1083400004F15400104432460290039901F026F8DB
:1083500094F8300040F0800084F8300000BF0398AB
:1083600030440390D4E90E20921940F10000C4E992
:108370000E20D4E90430D4E90E219A1A884102D2A1
:10838000D4E90E0101E0D4E90401C4E90401DBF8F9
:1083900000003044CBF80000AD1B002D7FF4E4AEAC
:1083A00000BF94F8300040F0400084F83000002016
:1083B000C3E601464FF0FF307047000010B502469B
:1083C000802A01DA10461BE051B1FF2A01DD0023AB
:1083D00004E0A2F180030B4C34F8133018460FE090
:1083E000002007E0074B33F81030934200D103E040
:1083F000431C98B28028F5DB00BF00F18003D8B29F
:1084000010BD00000EA0010830B5B0F5805F01DAA4
:10841000244D00E0244D294600BF31F8022B0AB15B
:10842000904200DA3CE031F8023B1C12DBB2D51876
:10843000854230DD092C2CD2DFE804F005090F134A
:10844000171B1F232700851A31F8150021E0851A14
:1084500005F00105451BA8B21BE0A0F11005A8B26C
:1084600017E0A0F12005A8B213E0A0F13005A8B2F2
:108470000FE0A0F11A05A8B20BE000F10805A8B2C0
:1084800007E0A0F15005A8B203E0A0F5E355A8B2BB
:1084900000BF00BF04E0002CBFD101EB4301BCE7EB
:1084A00000BF30BD0EA1010800A301082DE9F04175
:1084B0000446E079032812D1A568A7690BE06A1C7D
:1084C0002946206800F0DEFF064616B13046BDE8BA
:1084D000F0816D1C7F1E002FF1D10020E071002083
:1084E000F5E72DE9F04104460D46174616E0E3692D
:1084F000012B03D9E369EB1A9B1C00E03B461A46AB
:10850000E369EB1A591C206800F0BCFF064616B15F
:108510003046BDE8F081E069401EE061E069002876
:10852000E5D100BFF5E72DE9FC5F04460E46904615
:10853000B61E206A801EB04200D800263546AA46E4
:108540004FF0000B00BFE808A189B0FBF1F0616BB0
:10855000084401460090204600F036FF18B14FF065
:10856000FF30BDE8FC9FE808A189B0FBF1F201FBF8
:108570001200019005F0070101208840C7B200BF3A
:1085800000BF04F13C000199405C00EA070978064D
:10859000070E681C0546216A891E884203D3002500
:1085A0000027A0890190B9F1000F07D10BF101005C
:1085B0008346404505D10AF10200D2E7AA464FF0B2
:1085C000000BB54201D10020CBE7002FD9D1012704
:1085D0000198401C0190A1898842D1D3B3E70000E3
:1085E0002DE9F74F8CB000210D9801600C9800F038
:1085F000DBFC0A900A98002803DA0B200FB0BDE8D4
:10860000F08FFE490A9851F820400CB90C20F5E78C
:108610000D9804600E9800F0FE000E90207888B14E
:108620006078FFF70FF90990099800F0010048B948
:108630000E9828B1099800F0040008B10A20DDE77F
:108640000020DBE7002020700A9860706078FFF758
:10865000B7F80990099800F0010008B10320CDE7B0
:108660000E9828B1099800F0040008B10A20C5E767
:10867000607804F10C020221FFF7B8F808B101207C
:10868000BCE7A089B0F5805F07DCA089B0F5007F6A
:1086900003DBA089411E084008B10120AEE7002697
:1086A00031462046FEF74EF98146B9F1020F03D05C
:1086B000B9F1020F2FDA2EE0002514E04FF4DF703D
:1086C00000EB051104F13C0008440B900B98007975
:1086D00020B10B98083000F04EFD00E0002002A908
:1086E00041F825006D1C042DE8D3002505B16D1E51
:1086F00000BF02A850F8256026B131462046FEF79B
:1087000021F900E003208146B9F1020F03DB681C68
:1087100005460428EDD3B9F1040F01D101206DE71E
:10872000B9F1020F01DB0D2068E7B9F1010F7AD131
:108730000B2500E06D1C402D04D204F13C00405D8F
:108740000028F7D0402D01D20D2057E704F1A400F6
:1087500000F04EFDB0F5807F01D00D204EE794F87B
:10876000A81001208840A189884201D00D2045E74A
:1087700004F1840000F00BFD871941F10008391E57
:1087800078F1010001D30D2038E704F1900000F0EA
:10879000F2FC606294F8AA00A070A078012801D0D1
:1087A0000D202BE794F8A910012088406081608992
:1087B00008B90D2022E704F1980000F0DCFC8246A5
:1087C0008F498A4501D90D2018E70AF1020020627D
:1087D000A66204F1940000F0CEFC3044606304F122
:1087E0008C0000F0C8FC3044E0620021608900FB8E
:1087F0000AF0626B10184941381A78EB010001D277
:108800000D20FBE604F19C0000F0B5FC206320463F
:10881000216BFEF76CF901460090204600F0D4FD74
:1088200010B10120EAE621E000250FE004F13C0050
:10883000405D812809D104F13C01294401F1140073
:1088400000F099FC022800D103E02035A089A8425D
:10885000ECD800BFA089A84201D10D20CEE64FF090
:10886000FF30E061A0614FF0040901E104F147002D
:1088700000F0BEFCA189884201D00D20BEE604F1C3
:10888000520000F0B5FC8346BBF1000F04D104F1A7
:10889000600000F070FC8346C4F824B04C20005DFA
:1088A000A070A078012804D0A078022801D00D2063
:1088B000A4E6A0780BFB00FB4920005D6081608985
:1088C00018B16089411E084008B10D2096E604F1F8
:1088D0004D0000F08DFC2081A089C11700EBD16113
:1088E0004911228992FBF1F301FB132109B10D20FB
:1088F00084E604F14F0000F07BFC0890089820B952
:1089000004F15C0000F037FC089004F14A0000F02C
:108910006FFC0190019808B90D206FE6A089C1177E
:1089200000EBD1614911228992FBF1F2019959447E
:1089300011440791DDE90710884201D20D205DE660
:10894000DDE90710401A6189B0FBF1FABAF1000FB6
:1089500001D10D2052E64FF003094FF6F570824524
:1089600001D84FF0020940F6F570824501D84FF06A
:1089700001090AF102002062A66201983044E06217
:10898000079830446063B9F1030F13D104F1660016
:1089900000F02EFC08B10D2030E6208908B10D2032
:1089A0002CE604F1680000F0E6FB2063206A8000FA
:1089B000069016E0208908B90D201FE6E06A5844A9
:1089C0002063B9F1020F02D1206A400008E094F858
:1089D000200000F00100216A01EB410100EB510091
:1089E0000690A089401E06990844A189B0FBF1F0C9
:1089F000616A884206D90D2000E600004800002088
:108A0000FDFFFF7F4FF0FF30E061A061802020710B
:108A1000B9F1030F2CD104F16C0000F0E9FB01283F
:108A200026D1711C204600F0CFFC08BB002020712D
:108A300004F23A2000F0DCFB4AF65521884217D1B7
:108A400004F13C0000F097FB1249884210D104F574
:108A5000087000F090FB1049884209D104F50970B4
:108A600000F089FBE06104F50A7000F084FBA0616E
:108A700084F8009009480088401C80B207490880AB
:108A8000E08007482061074860612046FDF7F0FF5D
:108A90000020B3E552526141727241614C000020E6
:108AA0007C2E00201C2C00202DE9F34705462C4687
:108AB000266802E00198401C0190019800782F2858
:108AC000F8D0019800785C28F4D00020A060E06124
:108AD00001980078202808D280214B2041550021A0
:108AE0002846FEF712FE074652E000BF01A92846BD
:108AF000FEF71AF9074607B149E02846FEF7D6FA0D
:108B0000074695F84B803FB1042F04D100BF08F011
:108B1000040000B905273AE008F0040000B136E08F
:108B2000A07900F0100008B9052730E0307804285B
:108B30001DD1A0682062206920F0FF00E179084380
:108B40006062E86CA062716901F1340000F013FB0F
:108B5000A060706990F8210000F00200E071716976
:108B600001F1380000F013FBC4E904010EE0B18903
:108B7000286BB0FBF1F201FB120106F13C0001EBA6
:108B800000094946304600F0E3FAA060AEE700BFB6
:108B90003846BDE8FC870246704700002DE9FF4FCC
:108BA00083B0814690461D460B224846049900F04A
:108BB000F5FB052D18D92F4611E038F802BB00242B
:108BC0000BE0584667F35F0007464FEA6B0B07F46C
:108BD000803008B11D484740641C102CF1D3B8F810
:108BE00000000028E9D13D46072400BF05F00F0032
:108BF00000F1300ABAF1390F03DD0AF1070000F085
:108C0000FF0A2046641E01A901F800A02D09002DCD
:108C1000ECD17E200855002600E0761CA64203D247
:108C200019F806002028F8D100BF082C04D22046ED
:108C3000641C01A9085C00E020203146761C09F87C
:108C40000100082EF1D307B0BDE8F08F211001001C
:108C50002DE9FE4F06460D463468022D02D3206AE8
:108C6000A84202D84FF00109ECE04FF0FF3920781C
:108C7000012806D002283ED003285BD004287BD1EF
:108C80007BE02F4607EB5707A089B7FBF0F0E16ABE
:108C900000EB010A5146204600F096FB00B1D0E0FF
:108CA00038467F1CA189B0FBF1F201FB120104F1EF
:108CB0003C0010F80180A089B7FBF0F0E16A00EBFE
:108CC000010A5146204600F07FFB00B1B9E0A089BF
:108CD000B7FBF0F100FB117104F13C00405C48EA85
:108CE000002805F0010010B14FEA181001E0C8F3A8
:108CF0000B008146A5E0B4F80CA00AEBDA70401036
:108D0000B5FBF0F0E16A00EB010B5946204600F09C
:108D10005BFB00B195E06800A189B0FBF1F201FBBB
:108D2000120104F13C0001EB000A504600F060FA29
:108D3000814686E0B4F80CA04FEAEA700AEB907026
:108D40008010B5FBF0F0E16A00EB010B59462046BC
:108D500000F03AFB00B174E0A800A189B0FBF1F289
:108D600001FB120104F13C0001EB000A504600F047
:108D700002FA20F0704964E060E00022D6E90410B5
:108D800051405040014358D0B068A5EB000AB4F8F8
:108D90000CC0D6E90420521E60F10000CDE900208D
:108DA00062460023DDE90001E7F7F7FA6189B0FBCD
:108DB000F1F00290F07902280BD10298824508D890
:108DC0000298824502D16FF0004000E0681C8146A5
:108DD00037E0F079032805D1B069504502D905F193
:108DE00001092EE0F079022826D0F06910B16FF069
:108DF000004920E0B4F80CB04FEAEB700BEB907038
:108E00008010B5FBF0F0E16A08440146019020466D
:108E100000F0DAFA00B114E0A800A189B0FBF1F289
:108E200001FB120104F13C0001EB000B584600F07D
:108E3000A2F920F0004904E000BF00BF4FF0010993
:108E400000BF00BF4846BDE8FE8F002070472DE9F7
:108E5000F84F05460C46D5F800B00020A076A86B68
:108E600008B9BDE8F88F9BF80000042805D1214619
:108E7000DBF8140000F0BCF8F3E7E86C401C28B302
:108E80000026374614E000210098FFF797FA00907B
:108E9000009808B9002714E000BFFF2F01D3002776
:108EA0000FE00098C2B238467F1C04F11A010A5440
:108EB0003046761CDBF8102032F8100000900028B5
:108EC000E1D100BF002104F11A00C155002006467F
:108ED000074604F11A0010F807A03CE038467F1C52
:108EE000EA6B12F80080B8F1200F00D133E0B8F13E
:108EF000050F01D14FF0E508092F0CD1BAF1000F91
:108F000003D12E2104F11A0081552E223046761C01
:108F100004F10D010A5404F10D0000F80680BAF1C5
:108F2000000F16D1B8F1410F0FDBB8F15A0F0CDC6E
:108F3000E86B007B092F01D3102100E008210840D5
:108F400018B108F1200000F0FF0804F11A0000F841
:108F50000680761C00BF0B2FC0D3BAF1000F07D1DB
:108F6000002104F11A008155E86B007B00B900264E
:108F7000002104F10D008155E86BC07A2073E96B84
:108F800001F11C0000F0F7F80021C4E90001E96BD1
:108F900001F1160000F0EFF88146A4F80A904FEABC
:108FA0001940208100BF5CE770B502464FF0FF30EA
:108FB0001568DDB1116800E0491C0D78202D02D341
:108FC0000D783A2DF8D10D783A2D0ED1146814F899
:108FD000015BA5F130030A2B06D28C4204D11BB9E8
:108FE00018464D1C2946156070BD002000BFFBE7E8
:108FF0002DE9F04705460C4600264027B1461CE007
:1090000007F01F0000B9BF1CE81900F0F1F8824614
:109010000021FFF7D3F9804600BFB8F1000F01D05F
:10902000FF2E01D300260CE03046761C04F11A0115
:1090300001F80080BF1C09F1010995F8230048459B
:10904000DED800BF2EB93F223046761C04F11A014B
:109050000A54002104F11A00815500206073287918
:109060002073207B00F0100010B10020014603E0C7
:1090700005F1380000F08BF8C4E9000105F10C009F
:1090800000F0B6F8608105F10E0000F0B1F8208123
:10909000BDE8F08710B502460B46002116E02B48CC
:1090A00000EB011000681468A0420ED1274800EBC5
:1090B000011040689468A04207D1244800EB0110D9
:1090C0008068146BA04200D102E0491C0229E6D35B
:1090D00000BF022922D1002100E0491C022905D24B
:1090E0001A4800EB011000680028F6D1022901D1CE
:1090F000002010BD154C04EB011410682060134CC7
:1091000004EB011490686060104C04EB0114106BC8
:10911000A06000200D4C04EB0114A08133B10B487A
:1091200000EB0110808908B10020E2E713B14FF491
:10913000807004E0054800EB01108089401C034C5E
:1091400004EB0114A081481CD3E70000FC2B002095
:1091500070B505460C4604F11A0000F049F80646C1
:109160002878032805D104F1140000F041F846EAFC
:109170000046304670BD0146C8788A7842EA002031
:109180004A7842EA00200A7842EA0020704770B527
:109190000246D3790024250245EA1364907940EA17
:1091A0000323250245EA1364507940EA032325028C
:1091B00045EA1364107940EA0323250245EA136463
:1091C000D07840EA0323200240EA1364917841EA10
:1091D0000323210241EA1364507840EA0323250265
:1091E00045EA1364117841EA03231846214670BD0D
:1091F000014648780A7842EA0020704770B5044674
:109200000D4628682060286AA06095F82400E07167
:10921000686A20F0FF000021C4E90401A86AE06444
:109220002046E16CFEF771FA06461EB9204600F0B2
:1092300003F80646304670BD2DE9F0470446206825
:109240004669A16B206800F0BFF8054615B12846B5
:10925000BDE8F087E06B0078852801D00220F7E7B1
:1092600020223046E16B00F099F87078401C4FEAFC
:109270004018B8F1600F02D3B8F5187F01D9022069
:10928000E6E700212046FDF7E5FF05460DB128463B
:10929000DEE7A16B206800F097F805460DB128467F
:1092A000D6E7E06B0078C02801D00220D0E720226A
:1092B00006F12000E16B00F071F896F823002C30E5
:1092C0000F21B0FBF1F0B8EB401F01D20220BFE745
:1092D000402700BF00212046FDF7BCFF05460DB129
:1092E0002846B5E7A16B206800F06EF805460DB181
:1092F0002846ADE7E06B0078C12801D00220A7E73F
:10930000B7F5187F04D2F0192022E16B00F046F87F
:1093100007F1200007464045DCD3B7F5187F0AD88F
:10932000304600F070FB8146B01CFFF761FF8145BD
:1093300001D002208CE700208AE70000EAF772FBE8
:10934000F7F70EFAECF796F9ECF778F9ECF70CF979
:10935000F7F704FB0648E9F707F907E0ECF734FAFA
:109360000448FCF72DF80348FCF706F8F6E7000080
:109370007803002020000020F0B503461D460C466F
:10938000002000BF15F8017B14F801CBA7EB0C00FF
:10939000561E321E01D00028F4D0F0BD30B5034671
:1093A0000C463AB100BF14F8015B03F8015B551E8F
:1093B0002A1EF8D130BD10B5034600BF03F8011BCB
:1093C000541E221EFAD110BD70B504460D4600266B
:1093D000A06BA84210D0204600F0CEFA06465EB937
:1093E000607801232A4604F13C01FEF713FA10B11C
:1093F0004FF0FF350126A563304670BD2DE9F047DB
:1094000080460C4604F11A00FFF7F2FE10B100206E
:10941000BDE8F087207820F04000401E00EB80017E
:1094200001EBC0054FF00109002619E01449895DE0
:109430000819FFF7DDFE0746B9F1000F09D0FF2D2F
:1094400001D30020E4E7B94628466D1C28F81070C7
:1094500005E04FF6FF70874201D00020D8E7761C68
:109460000D2EE3D3207800F0400030B1FF2D01D362
:109470000020CDE7002028F815000120C8E70000F3
:10948000E49F01082DE9F05F04460D4616464FF0B3
:109490000209022D74D3206AA84271D920780128CC
:1094A00006D0022859D003287DD0042811D17BE0B2
:1094B0002F4607EB5707A089B7FBF0F0E16A00EBF6
:1094C000010A51462046FFF77FFF8146B9F1000FA0
:1094D00000D0A2E038467F1CA189B0FBF1F201FB6D
:1094E000120104F13C0001EB000805F0010028B175
:1094F000F1B298F8000061F31F1000E0304688F8E0
:1095000000000120E070A089B7FBF0F0E16A00EBF9
:10951000010A51462046FFF757FF8146B9F1000F77
:1095200000D07AE0A089B7FBF0F100FB117104F1E3
:109530003C0001EB000805F0010010B1C6F3071074
:1095400006E098F8000000F0F000C6F3032108439D
:1095500088F800000120E0705FE0B4F80CA00AEB8E
:10956000DA704010B5FBF0F0E16A00EB010B5946F0
:109570002046FFF729FF8146B9F1000F02D04CE0E9
:109580004CE010E06800A189B0FBF1F201FB120190
:1095900004F13C0001EB000AB1B2504600F055F96D
:1095A0000120E07039E000BFB4F80CA04FEAEA7087
:1095B0000AEB90708010B5FBF0F0E16A00EB010B54
:1095C00059462046FFF700FF8146B9F1000F00D051
:1095D00023E0207804280FD0A800A189B0FBF1F285
:1095E00001FB120104F13C0001EB000A5046FFF7B9
:1095F000C2FD66F31B000646A800A189B0FBF1F28C
:1096000001FB120104F13C0001EB000A3146504617
:1096100000F0E1F80120E07000BF00BF4846BDE85F
:10962000F09F00002DE9F04707460C461546984686
:1096300084F80D800F20E07200202073002104F1D7
:109640001A0000F002F9681E00EB800101EBC0096E
:1096500000200646824600BF4FF6FF70864204D0C7
:10966000484609F1010937F810600D4911F80A1050
:109670000819314600F0E9F80EB94FF6FF760AF105
:10968000010082460D28E7D34FF6FF70864202D0D4
:1096900037F8190008B945F040052570BDE8F08796
:1096A000E49F01082DE9F05F06460F4690464FF013
:1096B00000093468BA46BB46022F02D3206AB8427A
:1096C00002D80220BDE8F09FB8F1000F11D0207839
:1096D000042802D1F07902280BD04FF0FF32414626
:1096E0002046FFF7CFFE8146B9F1000F01D0484672
:1096F000E8E700BF39463046FFF7AAFA054605B944
:109700003EE0012D01D10220DCE7681C08B90120F0
:10971000D8E7207804280AD0002239462046FFF7EF
:10972000B1FE8146B9F1000F01D04846CAE7D4E93D
:109730000710801E814206D2E069401CE06120795A
:1097400040F0010020710BF10100A84201D1AB46AD
:1097500012E0207804280DD1ABEB0A00421C002354
:1097600051462046FDF7A0F88146B9F1000F01D01F
:109770004846A7E7AB46AA462F46206AB842B9D862
:1097800000BF2078042812D1B8F1000F02D10020C8
:10979000F0710CE0F079032809D1B068404506D893
:1097A000B169B0680844404501D30220F07100203F
:1097B00088E770B506460C461546A9B204F11A00B2
:1097C00000F043F83078032804D1290C04F1140088
:1097D00000F03BF870BD00F8011B090A00F8011BFE
:1097E000090A00F8011B090A00F8011B704730B58F
:1097F00000F8012B110A41EA03621B0A00F8012B51
:10980000110A41EA03621B0A00F8012B110A41EA1E
:1098100003621B0A00F8012B110A41EA03621B0ACA
:1098200000F8012B110A41EA03621B0A00F8012B20
:10983000110A41EA03621B0A00F8012B110A41EAEE
:1098400003621B0A00F8012B30BD00F8011B09124E
:1098500000F8011B70472DE9F04104462068456976
:10986000284600F0D0F880464146A81CFFF7EDFFDF
:109870006878471C2046E16CFDF747FF064618E074
:10988000A16B2068FFF7A0FD064606B113E0202279
:109890002946E06BFFF782FD01202168C870781E21
:1098A000071E00D107E0203500212046FDF7D2FC3D
:1098B0000646002EE4D000BF0EB1012E02D1304684
:1098C000BDE8F0810220FBE730B5014600200B2205
:1098D00000BF431003EBC01411F8015B6319D8B249
:1098E000531E1A1EF5D130BD70B50446204600F057
:1098F00043F80546002D38D1207803282ED1207951
:1099000001282BD1A289002104F13C00FFF753FD6F
:109910004AF6552104F23A20FFF797FF144904F163
:109920003C00FFF758FF134904F50870FFF753FF99
:1099300004F50970E169FFF74EFF04F50A70A169AB
:10994000FFF749FFA06A401CA0636078012304F17F
:109950003C01A26BFDF784FF00202071607800229B
:109960001146FDF743FF00B10125284670BD0000F8
:1099700052526141727241612DE9F0410446002763
:10998000E078F8B1A56B607801232A4604F13C0128
:10999000FDF766FF08B1012714E00020E070E06ADF
:1099A000281A616A88420DD2A67809E0606A0544E7
:1099B000607801232A4604F13C01FDF751FF761E31
:1099C000022EF3D23846BDE8F08170B504460D464C
:1099D00009268CB1206878B12068007860B1A08831
:1099E0002168C988884207D121684878FDF72AFF95
:1099F00000F0010000B900260EB9206800E0002048
:109A00002860304670BD30B502465478641C63014E
:109A100000242046214610E0022901D1491C0BE018
:109A200000F0010414B14FF4004400E0002404EB02
:109A30006004555C2C44A0B2491C9942ECD330BD63
:109A400070B5064600241BE02846FEF7DDFC0546FF
:109A500004F0010010B14FF4004000E0002000EBE2
:109A60006400E9B2084484B204F0010010B14FF47C
:109A7000004000E0002000EB640000EB252084B2F1
:109A800036F8021B0D1EDFD1204670BD10B500292F
:109A90000AD00878002807D005487844E6F79EFFEA
:109AA000002801D0002010BD0248784410BD0000FD
:109AB000522E00004A2E00002DE9C04130B4DFF8DC
:109AC000A0C23CEA111418BF3CEA131400F0EC8069
:109AD00081EA03051CEA111444EAD57418BF1CEA94
:109AE000131500F0C780A4EB05044FF0004545EACC
:109AF000C12145EAC32341EA505143EA525304F1DC
:109B00007F74994204F500344FEAC0204FEAC22224
:109B100008BF904200F09C804FEA13650FF2401698
:109B2000765D4FEA134506FB05F7C7F1807706FB24
:109B300007F74FEAD737A7FB03687642C8F58038A6
:109B4000A7FB06CE38BFA8F1010807FB08E64FF0D7
:109B5000000EA6FB028CE6FB03CEDCF1000CCEF17E
:109B6000004E38BFAEF1010EA6FB0C584FF00007B7
:109B70004FF00005E6FB0E87A1FB08C6A0FB07CE51
:109B800016EB0E0645F10005E1FB076515F1E04E09
:109B90007EBFA4F580345FEA46066D4116F180076A
:109BA00045F100054FEA17274FEA066647EA0567C1
:109BB000A6F1DE46B6F1805F4FEA15251FD938467B
:109BC00024F0010C05EBC471BCF1FE6F01EB0C112C
:109BD00002D8F0BCBDE8008124425CBF01F5801EC4
:109BE0009EEAC47F02D4F0BCBDE80081244238D490
:109BF000F0BCA1F1C041BDE8004100F01AB94FEA44
:109C0000D22242EA43524FEAD323A7FB02864FEA0D
:109C1000D02040EA415007FB03661EEA0E0F4FEAD0
:109C2000D12105FB026658BFA6EB0056B6EB0056E5
:109C30004FEA520E4EEAC37E18EB0E0E56EB530E51
:109C4000BDD518EB02085E417F1C55F10005B6E753
:109C50004FF480154FF000074FF000064FF000085A
:109C6000ADE7F0BC4FF0000001F1C04101F0004150
:109C7000BDE8008111EA0C1F0CEA131500D00CE0BE
:109C800013EA0C1F00F025804FF00000F0BC81EAC1
:109C9000030101F00041BDE80081F0BCBDE80041D6
:109CA00081EA030100F0C5B8F0BCBDE8004170B521
:109CB00000F071F8097EFC3E00F007B881EA03016C
:109CC0004FF0000001F00041704781EA030100F00D
:109CD000B0B8F0BCBDE800414FF00000214970472A
:109CE000FFFDFBF9F7F5F4F2F0EEEDEBE9E8E6E461
:109CF000E3E1E0DEDDDBDAD8D7D5D4D3D1D0CFCDE8
:109D0000CCCBCAC8C7C6C5C4C2C1C0BFBEBDBCBB20
:109D1000BAB9B8B7B6B5B4B3B2B1B0AFAEADACAB1B
:109D2000AAA9A8A8A7A6A5A4A3A3A2A1A09F9F9EF5
:109D30009D9C9C9B9A9999989797969595949393A7
:109D4000929191908F8F8E8E8D8C8C8B8B8A89893E
:109D500088888787868585848483838282818180C1
:109D60000000FF070000F87F10F0004248BF4042AB
:109D7000B0FA80F310FA03F10AD0C3F11D0303F522
:109D800080634FEA415002EB035202EBD12170474E
:109D90004FF0000070470EF1020E2EF0030E5EF839
:109DA000046B364205D4012A43EB030515F5001F69
:109DB00012D8012841EB010C1CF5001F0CD80ED164
:109DC0004FEAD17C15F5001F0CEB4C0C0CF1020C8A
:109DD00008BF4CEBD37C04E04FF0080C01E04FEAE5
:109DE000D37C0CEB4C0526FA05F606F00706B6F117
:109DF000040C06D20EEB860CBDE870404CF0010C52
:109E00006047DFE80CF0090B02024FF000414FF011
:109E10000000A1F5002170BD19461046012851EB44
:109E2000010418BFD4F5001484BF002001F00041E4
:109E300070BD0808A0F500114FEA3101704700001D
:109E400043004FEAD30C4FEA3C0C43401FBF40078E
:109E50000CF1605113F0FE4F70471CF0006F03D1FE
:109E600000200CF0004170470CF0004343EA5070B2
:109E700010B540EACC0000F00EF800BF00000092E0
:109E80004FEA0001FFF7D5BF4FF000414FF000004F
:109E9000A1F5002170470EF1020E2EF0030E5EF8C0
:109EA000044B244204D44FEA4102B2F17F4F11D84F
:109EB0004FEA4003B3F17F4F0CD80ED14FEAD07C6C
:109EC000B2F17F4F0CEB4C0C0CF1020C08BF4CEBC9
:109ED000D17C04E04FF0080C01E04FEAD17C0CEBA0
:109EE0004C0324FA03F404F00704B4F1040C06D282
:109EF0000EEB840CBDE810404CF0010C6047DFE82D
:109F00000CF0070802024FF00040A0F5800010BDE1
:109F10000846420018BFD2F1807288BF00F00040AE
:109F200010BD4FF04070E1EE100A7047E6F71EBF1B
:109F300000061016000610160000000000000000C9
:109F400001020304060708090000000001020304DF
:109F5000997D00088D7E0008257E0008AD7E0008F2
:109F6000A17D00084355454141414143454545498F
:109F7000494941414592924F4F4F5555594F554F81
:109F80009C4F9E9F41494F55A5A5A6A7A8A9AAAB3E
:109F9000ACADAEAFB0B1B2B3B4414141B8B9BABBE8
:109FA000BCBDBEBFC0C1C2C3C4C54141C8C9CACB84
:109FB000CCCDCECFD1D145454549494949D9DADB48
:109FC000DCDD49DF4FE14F4F4F4FE6E8E85555558F
:109FD0005959EEEFF0F1F2F3F4F5F6F7F8F9FAFB70
:109FE000FCFDFEFF01030507090E10121416181CD4
:109FF0001E000100040010004000000100020000EB
:10A000000100020004000800100020000000C7004A
:10A01000FC00E900E200E400E000E500E700EA00FF
:10A02000EB00E800EF00EE00EC00C400C500C90042
:10A03000E600C600F400F600F200FB00F900FF00A5
:10A04000D600DC00F800A300D800D7009201E100A0
:10A05000ED00F300FA00F100D100AA00BA00BF0041
:10A06000AE00AC00BD00BC00A100AB00BB00912560
:10A070009225932502252425C100C200C000A90015
:10A080006325512557255D25A200A500102514251F
:10A0900034252C251C2500253C25E300C3005A252A
:10A0A000542569256625602550256C25A400F000FF
:10A0B000D000CA00CB00C8003101CD00CE00CF00D7
:10A0C00018250C2588258425A600CC008025D300E2
:10A0D000DF00D400D200F500D500B500FE00DE00A0
:10A0E000DA00DB00D900FD00DD00AF00B400AD00F8
:10A0F000B1001720BE00B600A700F700B800B000FE
:10A10000A800B700B900B300B200A025A00061000C
:10A110001A03E0001703F8000703FF0001007801AD
:10A120000001300132010601390110014A012E01FE
:10A130007901060180014D00430281018201820103
:10A140008401840186018701870189018A018B01CD
:10A150008B018D018E018F0190019101910193017D
:10A160009401F60196019701980198013D029B0127
:10A170009C019D0120029F01A001A001A201A2015A
:10A18000A401A401A601A701A701A901AA01AB018D
:10A19000AC01AC01AE01AF01AF01B101B201B3013D
:10A1A000B301B501B501B701B801B801BA01BB01EE
:10A1B000BC01BC01BE01F701C001C101C201C30164
:10A1C000C401C501C401C701C801C701CA01CB014F
:10A1D000CA01CD011001DD0101008E01DE01120175
:10A1E000F3010300F101F401F401F8012801220256
:10A1F00012013A020900652C3B023B023D02662C2B
:10A200003F0240024102410246020A01530240005D
:10A2100081018601550289018A0158028F015A0283
:10A2200090015C025D025E025F02930161026202C4
:10A2300094016402650266026702970196016A0250
:10A24000622C6C026D026E029C01700271029D0113
:10A25000730274029F0176027702780279027A0211
:10A260007B027C02642C7E027F02A60181028202B4
:10A27000A9018402850286028702AE014402B1016F
:10A28000B20145028D028E028F0290029102B70147
:10A290007B030300FD03FE03FF03AC0304008603FE
:10A2A000880389038A03B1031103C2030200A303D5
:10A2B000A303C4030803CC0303008C038E038F03A2
:10A2C000D8031801F2030A00F903F303F403F503BA
:10A2D000F603F703F703F903FA03FA033004200344
:10A2E00050041007600422018A043601C1040E01E3
:10A2F000CF040100C004D00444016105260400001D
:10A300007D1D0100632C001E9601A01E5A01001F36
:10A310000806101F0606201F0806301F0806401FEB
:10A320000606511F0700591F521F5B1F541F5D1F58
:10A33000561F5F1F601F0806701F0E00BA1FBB1F4D
:10A34000C81FC91FCA1FCB1FDA1FDB1FF81FF91F49
:10A35000EA1FEB1FFA1FFB1F801F0806901F08064D
:10A36000A01F0806B01F0400B81FB91FB21FBC1FF2
:10A37000CC1F0100C31FD01F0206E01F0206E51F0D
:10A380000100EC1FF21F0100FC1F4E2101003221D1
:10A3900070211002842101008321D0241A05302C61
:10A3A0002F04602C0201672C0601752C0201802C01
:10A3B0006401002D260841FF1A03000000000E1062
:10A3C000110E040C0D12000E010F110F040A000EE5
:10A3D000010F110F0D12000E1111110E00020400D9
:10A3E0000E11110E00040A000E11110E040A000EC7
:10A3F000111F100E0204000E111F100E0204000E99
:10A40000010F110F0804000E010F110F02040004C8
:10A410000C04040E0204111111130D000F10101082
:10A42000110E040C0D12000E111F11110D12000E51
:10A430001111110E0204001F101E101F0204000E45
:10A44000111F1111000E0E0E1F0E040000040E1F2E
:10A450000E0E0E000609090600000000202A2A2A16
:10A4600020434944455045202A2A2A2000204551AE
:10A4700032323845202076792E31202000002049C4
:10A4800044494F4D412F4C414E475541474500509F
:10A490006F72742020456E67202020457370200065
:10A4A0002A2A2043524F4E4F4D4554524F202A2ABC
:10A4B000004D554C544946554E4354494F4E414C1E
:10A4C00020002A2A2043524F4E4F4D4554524F20D0
:10A4D0002A2A00204D554C544946554E43494F4E6B
:10A4E000414C20002020202054494D45522020205E
:10A4F0002020202000204D554C544946554E4354B1
:10A50000494F4E414C004553434F4C484120412058
:10A5100046554E43414F002053454C454354204639
:10A52000554E4354494F4E004553434F4A41202016
:10A530002046554E43494F4E0066756E63616F204D
:10A5400020202020616A7564610046756E6374691D
:10A550006F6E2020202068656C700046756E636900
:10A560006F6E2020202061797564610020202020FA
:10A570002020206F6B20202020202020003C202045
:10A5800020202020202020202020206F6B003C2035
:10A5900020202020206F6B2020202020203E003C07
:10A5A000202020202020206D6D202020206F6B0097
:10A5B0003C20202020202020204B672020206F6B73
:10A5C0000020202050656E2044726976652020208E
:10A5D0002000202020466C617368204472697665F3
:10A5E0002020002020202050656E4472697665206E
:10A5F00020200000202020496E736572696461206C
:10A600002020200000202020496E7365727465644C
:10A6100020202020200020202020496E73657274A5
:10A6200061646F2020000020202052656D6F7669E4
:10A63000646120202020000020202052656D6F766C
:10A640006564656420202020002020202052656D54
:10A650006F746F20202020200000463120203220FF
:10A66000612020352073656E732000463120202044
:10A670003220746F20352073656E730046312020C0
:10A68000202032206120352073656E730046322011
:10A6900020566D2020312073656E736F7200463333
:10A6A0002020313070617373203173656E73004602
:10A6B000332020313070617373203173656E730005
:10A6C0004633202031307061736F203173656E73B3
:10A6D0000046342050656E642F4D48532031736519
:10A6E0006E0046342050656E642F53484D20317300
:10A6F000656E0046342050656E642F4D48532031FE
:10A7000073656E0046352020426F6220652031203F
:10A7100073656E73004635202020436F696C2031CD
:10A720002073656E730046352020426F62207920C9
:10A73000312073656E73004636204D436972637530
:10A740006C61723173656E00463620432E4D6F7416
:10A75000696F6E203173656E004636204D43697215
:10A7600063756C61723173656E0046372043686FA4
:10A77000712D496E6C203273656E00463720496E2C
:10A78000652D636F6C6C6973696F6E00463720438B
:10A79000686F712D496E65203273656E00463820F2
:10A7A00043686F712D456C73203273656E004638B7
:10A7B00020456C732D636F6C6C6973696F6E004616
:10A7C000382043686F712D456C73203273656E00BD
:10A7D0004639205620536F6D203273656E73416386
:10A7E0000046313020207420206D616E75616C2030
:10A7F0002000494E534552495220444953542E3F5C
:10A80000202000494E534552542044495354414E50
:10A8100043453F00494E5345525441522044495309
:10A82000542E203F00206E616F2020202020202009
:10A830002073696D2000206E6F20202020202020B2
:10A8400020207965732000206E6F2020202020209A
:10A8500020202020736920006420656E74726520BA
:10A8600053302065205331200064202062657477C6
:10A8700065656E2053302D533100642020656E7461
:10A8800072652053302079205331003C006D6D20DB
:10A890002020206F6B006420656E74726520533039
:10A8A000206520533220006420206265747765653E
:10A8B0006E2053302D533200642020656E74726513
:10A8C0002053302079205332006420656E74726505
:10A8D00020533020652053332000642020626574AB
:10A8E0007765656E2053302D533300642020656EEC
:10A8F0007472652053302079205333006420656ED4
:10A900007472652053302065205334200064202069
:10A910006265747765656E2053302D533400642072
:10A9200020656E7472652053302079205334004EB8
:10A930006F2E2064652073656E736F7265733F00C0
:10A940004E6F2E2053454E534F5253203F20202010
:10A95000004E6F2E2064652073656E736F72657391
:10A960003F002032202020202020202020202020D6
:10A97000352000494E5345524952204C41524755CB
:10A9800052413F00494E5345525420574944544880
:10A99000203F202000494E53455254415220414E01
:10A9A0004348555241004C41524755524120444F73
:10A9B000204F424A2E20004F424A454354205749D7
:10A9C0004454482020202000414E43485552412005
:10A9D00044454C204F424A2E006420656E747265D7
:10A9E0002053302065205331000064206265747765
:10A9F00065656E434F494C2D5330006420656E747D
:10AA0000726520626F622079205330004E756D2E82
:10AA100020496E74657276616C6F7320004E756D9F
:10AA2000622E20496E74657276616C7320004E75DB
:10AA30006D2E20496E74657276616C6F73200020F4
:10AA400031202020202020202020202031302000F4
:10AA50006420656E747265206D69632E202020204D
:10AA60000064206265747765656E206D69632020DF
:10AA700020006420656E747265206D69632020205B
:10AA8000202000496E74657276616C6F733A2031D4
:10AA900061313000496E74657276616C733A2031B1
:10AAA000746F313000496E74657276616C6F733A01
:10AAB000203161313000494E4943494520455850C5
:10AAC0004552494D2E200053544152542045585070
:10AAD0004552494D454E5400494E49434941522043
:10AAE0004558504552494D2E00202020202020203E
:10AAF000202063616E63656C61002020202020208F
:10AB00002020202063616E63656C002020202020BF
:10AB10002020202063616E63656C6100743D0045F8
:10AB200058502E2046494E414C495A41444F20002E
:10AB30004558502E2046494E495348454420202030
:10AB4000004558502E2046494E414C495A41444FE9
:10AB5000200076657220207265706574697220200D
:10AB6000203E007365652020726570656174202049
:10AB700020203E00766572202072657065746972CF
:10AB80002020203E003C2020202053616C76617202
:10AB9000202020463F003C20202020736176652045
:10ABA00020202020463F003C202020677561646102
:10ABB0007220202020463F002020524553554C54FF
:10ABC00041444F285329202000202020524553552E
:10ABD0004C54285329202020200020524553554C06
:10ABE0005441444F28532920202000207420202045
:10ABF0002076656C2020207361697200207420200B
:10AC0000202076656C2020207175697400207420E6
:10AC100020202076656C202073616C69720020749E
:10AC20002020202020202020202073616972002015
:10AC3000742020202020202020202071756974009D
:10AC4000207420202020202020202073616C697235
:10AC50000074302C313A0074302C323A0074302CAD
:10AC6000333A0074302C343A0074312C323A007488
:10AC7000322C333A0074332C343A00566D302C3178
:10AC80003A00566D302C323A00566D302C333A0073
:10AC9000566D302C343A00566D312C323A00566DD8
:10ACA000322C333A00566D332C343A006573636F9F
:10ACB0006C686120612066756E63616F006520704D
:10ACC00072657373696F6E65206F6B2E2E006578E9
:10ACD000697374656D203132207469706F73002060
:10ACE0002064652066756E636F65732E20202000DA
:10ACF000743D00566D3D0020742020206672657101
:10AD00002020207361697200207420202066726503
:10AD100071202020717569740020742020206672D3
:10AD20006571202073616C69720061203D00566678
:10AD30003D00743A53302020743A5331202073611F
:10AD4000697200743A53302020743A5331202071D4
:10AD500075697400743A53302020743A533120736B
:10AD6000616C6972004631312074657374652073BB
:10AD7000656E736F72004631312073656E736F724A
:10AD8000207465737420004631312020707275651F
:10AD900062612073656E7300202020202020202017
:10ADA0002020202073616972002020202020202094
:10ADB0002020202020717569740020202020202070
:10ADC000202020202073616C6972006465746563C3
:10ADD000746F75206120696E74302000202020205F
:10ADE000202020202020202020202020004631323A
:10ADF00020204563205472616E736C2E2000463112
:10AE00003220204563205472616E736C2E20004600
:10AE1000313220204563205472616E736C2E200005
:10AE2000434F4D5052494D2E20444F204F424A2E01
:10AE300000204D4153534120444F204F424A2E2081
:10AE4000200020204F424A45435420204D41535377
:10AE5000202000204D415341202044454C204F42AA
:10AE60004A2E200045633D0046392053562032418A
:10AE7000636F757353656E73004631302020742004
:10AE8000206D616E75616C2020003C6D6D2020206E
:10AE9000206F6B0074302C313A0074302C323A0041
:10AEA00074302C333A0074302C343A0074312C3224
:10AEB0003A0074322C333A0074332C343A0043682D
:10AEC0006F6F73652066756E6374696F6E200061C5
:10AED0006E64207072657373206F6B2E2E202000BD
:10AEE00074686572652061726520313220202020EF
:10AEF00000646966666572656E7420747970657346
:10AF00002E00204F424A45435420204C454E475482
:10AF10004820004639205653203273656E734163D2
:10AF20006F75730046313020207420206D616E757E
:10AF3000616C2020003C6D6D202020206F6B007420
:10AF4000302C313A0074302C323A0074302C333AC1
:10AF50000074302C343A0074312C323A0074322CA4
:10AF6000333A0074332C343A004573636F6A6120BE
:10AF7000202066756E63696F6E007920707265734C
:10AF8000696F6E65206F6B2E2E2000657869737473
:10AF9000656E203132207469706F730064652066BD
:10AFA000756E63696F6E65732E20202000204C4102
:10AFB00052474F2044454C204F424A2E20003C200F
:10AFC0002020202020202020202020206F6B003CEB
:10AFD0002020202020202020202020202020200091
:10AFE000496E73657269722070656E647269766508
:10AFF00000204E6F20466C6173682044726976654C
:10B00000200053696E20556E6964616420666C612E
:10B01000736800202020202053616C76617220200C
:10B020002020200020202020207361766520202011
:10B03000202020200020202020677561646172207C
:10B0400020202020200020202020202020202063DD
:10B05000616E63656C61002020202020202020206C
:10B060002063616E63656C0020202020202020205A
:10B070002063616E63656C61004558502E2046491F
:10B080004E414C495A41444F20004558502E2046CD
:10B09000494E4953484544202020004558502E2011
:10B0A00046494E414C495A41444F200072657065F3
:10B0B00074697220202020202020463F0072657095
:10B0C0006561742020202020202020463F007265EA
:10B0D000706574697220202020202020463F005394
:10B0E000616C766F75206461646F7320202020008E
:10B0F00053617665642064617461202020202020E3
:10B1000000477561726461646F2020202020202038
:10B1100020004572726F206461646F7320202020CC
:10B120002020004572726F722064617461202020BB
:10B13000202020004572726F7220202020202020C5
:10B1400020202020000001000000F0000000F40397
:10B1500011000200010001001500030002000200BE
:10B160001F00040003000300290005000400040080
:10B1700033000600050005003D000700060006003C
:10B1800048000800070007005200090008000800F6
:10B190005C000A0009000900630084030A006400DF
:10B1A0000B000C000B000B000C000D000C000C0041
:10B1B0000D000E000D000D000E000F000E000E0021
:10B1C0000F0064000F006400150016001500150044
:10B1D00016006400160064003300340033003300AE
:10B1E00034006400340064006400000064009600D1
:10B1F000AA006A006E009C006E0097009600960000
:10B200006E009800970097006E00990098009800D3
:10B210006E009A00990099006E009B009A009A00B7
:10B220006E009C009B009B006E0096009C00B0008E
:10B230006E00AB00AA00AA006E00AC00AB00AB0031
:10B240006E00AD00AC00AC006E00AE00AD00AD0015
:10B250006E00AF00AE00AE006E00B000AF00AF00F9
:10B260006E00AA00B00064005B005C005B00090097
:10B270005C0064005C0012001100130011009500D6
:10B280006E0095009500A9006E00A900A900260295
:10B29000F9010100F801C201D6016A009A012902F0
:10B2A0006A002702260226026A00280227022702D5
:10B2B0006A002902280228026A0026022902E504FF
:10B2C0006A00FB00FA00FA006A00E504FB00EE02E7
:10B2D00002036A00C602B7036A00B703B603B603E7
:10B2E0006A00B603B70396006F006A006F00FC00A7
:10B2F0006A00FC00FC0025026A00250225026300AA
:10B300006300640063000A008603F4038403860379
:10B310008603000086038403FD030100F403F403A5
:10B32000FD03FE03FD03FD03FE036400FE03FB00BB
:10B330006A00FA00E504490048004A00480053004A
:10B34000520054005200520366036A002A034D6FF4
:10B35000646F206465204F70657261E7E36F004F92
:10B360007065726174696F6E206D6F646520200076
:10B370006D6F646F206465206F7065726163696FC3
:10B380000041717569202043616C202020496E6462
:10B39000690041717569202043616C202020496E4D
:10B3A00064690041717569202043616C2020204947
:10B3B0006E64690053656C6563696F6E6520533018
:10B3C000202020200053656C6563742053302020BA
:10B3D00020202020200053656C656363696F6E65D3
:10B3E0002053302020200054656D706F20416D6F18
:10B3F0007374726167656D0053616D706C65205484
:10B40000696D652020202020005469656D706F20D3
:10B410004D7565737472656F200054656D706F2093
:10B42000646520456E7361696F20004578706572B0
:10B4300069656E63652054696D6520005469656DAA
:10B44000706F20646520507275656261005072F300
:10B4500078696D6F2053656E736F723F20004E6583
:10B4600078742053656E736F723F20202020005047
:10B4700072F378696D6F2053656E736F723F2000B1
:10B4800053616C766172204461646F733F202020A9
:10B49000005361766520446174613F2020202020A4
:10B4A000200047756172646172204461746F733F5C
:10B4B00020200053616C76616E646F204461646F7C
:10B4C00073202000536176696E67204461746120A7
:10B4D00020202020004775617264616E646F2044F3
:10B4E00061746F732000726570657469722020202A
:10B4F000202073616972007265706561742020207C
:10B5000020202071756974007265706574697220FD
:10B5100020202073616C6972003C20202020506143
:10B5200075736172202020203E003C202020205096
:10B530006175736520202020203E003C20202020C3
:10B54000506175736120202020203E003C20202087
:10B5500043616E63656C61722020203E003C2020B8
:10B56000202043616E63656C202020203E003C203B
:10B57000202043616E63656C61202020203E0056D0
:10B58000657220566F6C7461722050617261720036
:10B590005365652052657475726E202053746F7008
:10B5A0000056657220566F6C7665722053746F700A
:10B5B00000003C20202020566F6C746172202020F7
:10B5C000203E003C2020202052657475726E2020A1
:10B5D00020203E003C20202020566F6C7665722093
:10B5E0002020203E003C202020436F6E636C75EDD0
:10B5F000646F20203E003C202020436F6E636C75FA
:10B6000064656420203E003C202020436F6E636C04
:10B610007569646F20203E0053656C6563696F6EC9
:10B6200065205331202020200053656C6563742011
:10B630005331202020202020200053656C65636357
:10B64000696F6E652053312020200053656C65635F
:10B65000696F6E65205332202020200053656C6591
:10B660006374205332202020202020200053656C5A
:10B67000656363696F6E6520533220202000536537
:10B680006C6563696F6E6520533320202020005362
:10B69000656C656374205333202020202020200017
:10B6A00053656C656363696F6E652053332020209A
:10B6B0000053656C6563696F6E65205334202020EC
:10B6C000200053656C6563742053342020202020B3
:10B6D00020200053656C656363696F6E6520533489
:10B6E0002020200053616C766F75206461646F7355
:10B6F00020533020005361766564206461746120BA
:10B70000533020202000477561726461646F2053BC
:10B710003020202020200053616C766F75206461FA
:10B72000646F732053312000536176656420646137
:10B730007461205331202020004775617264616478
:10B740006F20533120202020200053616C766F75CC
:10B75000206461646F732053322000536176656406
:10B76000206461746120533220202000477561728B
:10B770006461646F20533220202020200053616CCC
:10B78000766F75206461646F7320533320005361BA
:10B790007665642064617461205333202020004763
:10B7A0007561726461646F20533320202020200073
:10B7B00053616C766F75206461646F73205334201D
:10B7C00000536176656420646174612053342020E5
:10B7D0002000477561726461646F2053342020201B
:10B7E0002020004572726F206461646F73205330B3
:10B7F000202020004572726F7220646174612053B2
:10B8000030202020004572726F722053302020209B
:10B810002020202020004572726F206461646F73C5
:10B82000205331202020004572726F7220646174B1
:10B8300061205331202020004572726F72205331F5
:10B840002020202020202020004572726F2064617B
:10B85000646F73205332202020004572726F722073
:10B8600064617461205332202020004572726F722F
:10B870002053322020202020202020004572726F8B
:10B88000206461646F73205333202020004572725E
:10B890006F72206461746120533320202000457250
:10B8A000726F72205333202020202020202000455A
:10B8B00072726F206461646F732053342020200003
:10B8C0004572726F722064617461205334202020AD
:10B8D000004572726F7220533420202020202020D7
:10B8E00020005072657373E36F20202020F0FF204A
:10B8F0004F4B005065737375726520202020F0FF58
:10B90000204F4B005072657369F36E20202020F0A9
:10B91000FF204F4B0054656D7020313530202020C2
:10B92000F0FF204F4B0054656D70203135302020E2
:10B9300020F0FF204F4B0054656D702031353020D2
:10B940002020F0FF204F4B00466F72E7612031301E
:10B950004E2020F0FF204F4B00466F726365203170
:10B96000304E2020F0FF204F4B00467565727A6103
:10B970002031304E20F0FF204F4B0050726544695B
:10B98000663235302020F0FF204F4B00446966506E
:10B9900072653235302020F0FF204F4B0050726529
:10B9A0004469663235302020F0FF204F4B004C7543
:10B9B0006D696E6F7369646120F0FF204F4B004228
:10B9C00072696768742020202020F0FF204F4B0010
:10B9D0004272696C6C6F2020202020F0FF204F4BBA
:10B9E0000054656E73E36F2032305620F0FF204F15
:10B9F0004B00566F6C7432305620202020F0FF2010
:10BA00004F4B0054656E7332305620202020F0FFDB
:10BA1000204F4B00436F72723230306D412020F066
:10BA2000FF204F4B00437572723230306D41202041
:10BA3000F0FF204F4B00436F72723230306D412067
:10BA400020F0FF204F4B00436F727232306D412067
:10BA50002020F0FF204F4B004375727232306D4151
:10BA6000202020F0FF204F4B00436F727232306D68
:10BA700041202020F0FF204F4B004D61676EE9749C
:10BA800069636F2020F0FF204F4B004D61676E65AA
:10BA9000746963202020F0FF204F4B004D61676EDA
:10BAA000E97469636F2020F0FF204F4B00466C75EE
:10BAB000786F202020202020F0FF204F4B00466C84
:10BAC0006F7720202020202020F0FF204F4B0046C1
:10BAD0006C756A6F202020202020F0FF204F4B0043
:10BAE000416A75737461205072657373616F2020B1
:10BAF0000041646A75737420707265737375726542
:10BB00002000416A75737461205072657373696FA8
:10BB10006E2000416A757374612054656D70313513
:10BB20003020200041646A757374202054656D7064
:10BB30003135302000416A757374612054656D7031
:10BB4000313530202000416A7573746120466F7270
:10BB5000E7612031304E0041646A757374202046DD
:10BB60006F72636520202000416A757374612046FE
:10BB70007565727A6161202000416A757374612075
:10BB80005072654469663235300041646A20205045
:10BB90007265737375726520446900416A757374C8
:10BBA000612050726544696620202000416A7573E7
:10BBB000204C756D696E6F73696461640041646ADD
:10BBC00020204272696768746E6573732000416A51
:10BBD00075737461204272696C6C6F202020004183
:10BBE0006A75732054656E73E36F203230562000FF
:10BBF00041646A2020566F6C742032305620202019
:10BC000000416A75732054656E7369F36E2032309B
:10BC10005600416A757374612049203230306D419D
:10BC200020200041646A7573742049203230306DE1
:10BC300041202000416A7573746120492032303000
:10BC40006D41202000416A757374612049203230B3
:10BC50006D412020200041646A75737420492032B0
:10BC6000306D4120202000416A75737461204920A5
:10BC700032306D4120202000416A75732043616D90
:10BC8000706F204D616720200041646A75737420D5
:10BC90004D6167204669656C6400416A7573746123
:10BCA0002043616D706F204D616700416A75737448
:10BCB0006120466C75786F202020200041646A75F1
:10BCC00073742020466C6F772020202000416A7515
:10BCD00073746120466C756A6F20202020004D65CA
:10BCE0006E6F72205072657373E36F202020004CDA
:10BCF0006F776572207072657373757265202000AE
:10BD00005072657369F36E206DE1732062616A6140
:10BD1000004D656E6F722054656D7065726174754B
:10BD200020004C6F7765722054656D706572617488
:10BD300075200054656D702E206DE1732062616A7C
:10BD4000612020004D656E6F7220466F72E76120A2
:10BD500031304E20004C6F77657220466F726365FC
:10BD6000202020202000467565727A61206DE173E5
:10BD70002062616A6120004D656E6F7220507265AD
:10BD80007373E36F204469004C6F776572205072C3
:10BD90006573737572652044005072657373203249
:10BDA0003530202062616A6120004D656E6F72201F
:10BDB0004C756D696E6F73696461004C6F77657265
:10BDC000204272696768746E657373004272696CB1
:10BDD0006C6F206D61732062616A6F20004D656E2B
:10BDE0006F722054656E73E36F20323056004C6FD3
:10BDF00077657220566F6C742032305620200054C4
:10BE0000656E7369F36E203230562062616A61009C
:10BE10004D656E6F722049203230306D41202020F8
:10BE2000004C6F7765722049203230306D41202000
:10BE3000200049203230306D41206DE17320626175
:10BE40006A61004D656E6F7220492032306D41206D
:10BE5000202020004C6F77657220492032306D41E0
:10BE60002020202000492032306D41206DE17320D8
:10BE700062616A6120004D656E6F722043616D7072
:10BE80006F204D616720004C6F776572204D6167B0
:10BE9000204669656C64200043616D706F204D61C0
:10BEA000672062616A6F2020004D656E6F722046C8
:10BEB0006C75786F2020202020004C6F77657220F1
:10BEC000466C6F7720202020202000466C756A6F1A
:10BED000206DE1732062616A6F2020004D61696FFF
:10BEE00072205072657373E36F20202000477265E3
:10BEF000617465722070726573737572650050723B
:10BF0000657369F36E206DE17320616C7461004D9F
:10BF100061696F722054656D70657261747520007F
:10BF2000477265617465722054656D7065726174E5
:10BF30000054656D702E206DE17320616C7461207A
:10BF400020004D61696F7220466F72E761203130C9
:10BF50004E20004772656174657220466F7263659A
:10BF60002020200054656D702E206DE17320616CDF
:10BF700074612020004D61696F7220507265737387
:10BF8000E36F2044690047726561746572205072E6
:10BF900065737320446900507265737320323530C5
:10BFA0002020616C746120004D61696F72204C75B6
:10BFB0006D696E6F73696461004772656174657263
:10BFC000204272696768742020004272696C6C6F4D
:10BFD000206D617320616C746120004D61696F7226
:10BFE0002054656E73E36F203230560047726561EE
:10BFF00074657220566F6C74203230560054656E32
:10C000007369F36E2032305620616C7461004D61AB
:10C01000696F722049203230306D41202020004766
:10C020007265617465722049203230306D412000A4
:10C0300049203230306D41206DE17320616C7461B4
:10C04000004D61696F7220492032306D41202020FF
:10C0500020004772656174657220492032306D415D
:10C06000202000492032306D41206DE17320616C49
:10C07000746120004D61696F722043616D706F20A3
:10C080004D6167200047726561746572204D61677C
:10C090006E657469630043616D706F204D61672048
:10C0A000616C746F2020004D61696F7220466C7561
:10C0B000786F20202020200047726561746572200F
:10C0C000466C6F772020202000466C756A6F206DCB
:10C0D000E17320616C746F202000496E7369726196
:10C0E00020533020202020204F4B004171756920C3
:10C0F0002020496E64696361646F720041717569E3
:10C10000202020496E64696361646F720043616C32
:10C1100069622E2050616472E36F20202000537406
:10C12000616E646172642063616C69622E200043F9
:10C13000616C69622E20457374E16E646172200047
:10C140003C202020202020202020202020204F4B79
:10C15000003C202020202020202020202020204FB4
:10C160004B003C20202020202020202020202020A8
:10C170004F4B0000010000002600020000000000FC
:10C180000000030003000300030004000400040097
:10C190000400050005001600050006000600060064
:10C1A0000600070007000700070008000800080055
:10C1B000080009000900160009000A000A000A0028
:10C1C0000A000B000B000B000B000C000C000C0015
:10C1D0000C000D000D0016000D000E000E000E00EC
:10C1E0000E000F000F000F000F00100010001000D5
:10C1F00010001100110016001100120012001200B0
:10C200001200130013001300130014001400140094
:10C21000140016001E0024001E001F0020001E0037
:10C2200020001E0021001E00210022002400160014
:10C23000240025001600160017001600170017002E
:10C240001800170018001A001D001B001A001A0021
:10C250001D001A00190019001B0019001C001C0009
:10C260001E001C00260001002700280028002600D0
:10C2700028002900290028002A0029002A00290076
:10C2800026002A00270001002700260000000000E9
:10C29000000000000000000000000000000000009E
:10C2A000000000000000000000000000000000008E
:10C2B000000000000000000000000000000000007E
:10C2C00000000000000000000000000020202020EE
:10C2D0002020206F6B20202020202020003C2020C8
:10C2E00020202020202020202020202020003C2052
:10C2F000202020202020202020202020203E006EF2
:10C30000616F2020202020202020202073696D00D4
:10C310006E6F20202020202020202020207965738F
:10C32000006E6F202020202020202020202020733D
:10C3300069002020202020202020202020202020D4
:10C34000202000496E73657269722070656E647298
:10C3500069766500204E6F20466C617368204472D8
:10C36000697665200053696E20556E6964616420AA
:10C37000666C61736800494E4943494520455850F1
:10C380004552494D2E200053544152542045585097
:10C390004552494D454E5400494E4943494152206A
:10C3A0004558504552494D2E000E0E000000000029
:10C3B0000000003C202020202020202020202020C1
:10C3C00020203E00416E616C6F6720202064696709
:10C3D0006974616C00416E616C6F67202020646934
:10C3E000676974616C00416E616CF36720202064A2
:10C3F00069676974616C000000000000963007777F
:10C400002C610EEEBA51099919C46D078FF46A7048
:10C4100035A563E9A395649E3288DB0EA4B8DC7968
:10C420001EE9D5E088D9D2972B4CB609BD7CB17EE8
:10C43000072DB8E7911DBF906410B71DF220B06AB8
:10C440004871B9F3DE41BE847DD4DA1AEBE4DD6DC8
:10C4500051B5D4F4C785D38356986C13C0A86B64C8
:10C460007AF962FDECC9658A4F5C0114D96C0663E8
:10C47000633D0FFAF50D088DC8206E3B5E10694CC8
:10C48000E44160D5727167A2D1E4033C47D4044B08
:10C49000FD850DD26BB50AA5FAA8B5356C98B242E8
:10C4A000D6C9BBDB40F9BCACE36CD832755CDF4568
:10C4B000CF0DD6DC593DD1ABAC30D9263A00DE5198
:10C4C0008051D7C81661D0BFB5F4B42123C4B35688
:10C4D0009995BACF0FA5BDB89EB802280888055F08
:10C4E000B2D90CC624E90BB1877C6F2F114C685868
:10C4F000AB1D61C13D2D66B69041DC760671DB0156
:10C50000BC20D2982A10D5EF8985B1711FB5B60627
:10C51000A5E4BF9F33D4B8E8A2C9077834F9000F67
:10C520008EA8099618980EE1BB0D6A7F2D3D6D0807
:10C53000976C6491015C63E6F4516B6B62616C1CF7
:10C54000D83065854E0062F2ED95066C7BA5011B27
:10C55000C1F4088257C40FF5C6D9B06550E9B712C7
:10C56000EAB8BE8B7C88B9FCDF1DDD62492DDA1587
:10C57000F37CD38C654CD4FB5861B24DCE51B53AA7
:10C580007400BCA3E230BBD441A5DF4AD795D83DA7
:10C590006DC4D1A4FBF4D6D36AE96943FCD96E34E7
:10C5A000468867ADD0B860DA732D0444E51D0333C7
:10C5B0005F4C0AAAC97C0DDD3C710550AA410227D7
:10C5C00010100BBE86200CC925B56857B3856F20A7
:10C5D00009D466B99FE461CE0EF9DE5E98C9D92907
:10C5E0002298D0B0B4A8D7C7173DB359810DB42E47
:10C5F0003B5CBDB7AD6CBAC02083B8EDB6B3BF9A93
:10C600000CE2B6039AD2B1743947D5EAAF77D29D1E
:10C610001526DB048316DC73120B63E3843B6494FE
:10C620003E6A6D0DA85A6A7A0BCF0EE49DFF0993FE
:10C6300027AE000AB19E077D44930FF0D2A308876E
:10C6400068F2011EFEC206695D5762F7CB6765801E
:10C6500071366C19E7066B6E761BD4FEE02BD3891E
:10C660005A7ADA10CC4ADD676FDFB9F9F9EFBE8E7E
:10C6700043BEB717D58EB060E8A3D6D67E93D1A1BE
:10C68000C4C2D83852F2DF4FF167BBD16757BCA69E
:10C69000DD06B53F4B36B248DA2B0DD84C1B0AAF3E
:10C6A000F64A0336607A0441C3EF60DF55DF67A8BE
:10C6B000EF8E6E3179BE69468CB361CB1A8366BC4E
:10C6C000A0D26F2536E2685295770CCC03470BBB9E
:10C6D000B91602222F260555BE3BBAC5280BBDB29E
:10C6E000925AB42B046AB35CA7FFD7C231CFD0B53E
:10C6F0008B9ED92C1DAEDE5BB0C2649B26F263EC30
:10C700009CA36A750A936D02A906099C3F360EEB3D
:10C710008567077213570005824ABF95147AB8E2FD
:10C72000AE2BB17B381BB60C9B8ED2920DBED5E5DD
:10C73000B7EFDC7C21DFDB0BD4D2D38642E2D4F12D
:10C74000F8B3DD686E83DA1FCD16BE815B26B9F6BD
:10C75000E177B06F7747B718E65A0888706A0FFF1D
:10C76000CA3B06665C0B0111FF9E658F69AE62F8DD
:10C77000D3FF6B6145CF6C1678E20AA0EED20DD7DD
:10C780005483044EC2B30339612667A7F71660D0FD
:10C790004D476949DB776E3E4A6AD1AEDC5AD6D93D
:10C7A000660BDF40F03BD83753AEBCA9C59EBBDE5D
:10C7B0007FCFB247E9FFB5301CF2BDBD8AC2BACA0D
:10C7C0003093B353A6A3B4240536D0BA9306D7CD7D
:10C7D0002957DE54BF67D9232E7A66B3B84A61C49D
:10C7E000021B685D942B6F2A37BE0BB4A18E0CC35D
:10C7F0001BDF055A8DEF022D303132333435363799
:10C800003839414243444546403058003031323394
:10C810003435363738396162636465664030780094
:10C8200004000008000000000000000200010000F9
:10C830001000000002400000000000A00000000006
:10C8400005400000000000C8000000000C4000008F
:10C850000000409C00000000194000000020BCBE09
:10C860000000000034400000BFC91B8E000000041F
:10C87000B5400000504BCFD06607E2CF010000006A
:10C880006C4100003E8251AADFEEA7340100000097
:10C89000D9420000DCB5A0E23A301F97FFFFFFFF4E
:10C8A000B4450000FD25A0C8E9A3C14FFFFFFFFF6D
:10C8B000FF3F00000000008000000000FF3F00007C
:10C8C00000000080000000004D53430008C901082B
:10C8D0000000002058020000D0010008BCC9010877
:10C8E00058020020F0BD00002C0200081C000000CF
:10C8F00043000000F8FFFFFF0C0000000E000000E6
:10C900000F0000002E00000001343210420103111C
:10C9100024F436C8C801080813CD6A1B087504132F
:10C9200047691408716C1408437729179132E3366C
:10C93000C4A30108FF32F55AD40C32E75ABC0C32BA
:10C94000E15AFC0C32E04B04A40C32E95AF41832E0
:10C95000ED5A0C1832F35ADC1832E25ACC0C32EA97
:10C960005AEC0C29B25AE40C32FA5A143C2AC3CFBE
:10C97000590C32D55A2C0C32C75A1C0C32C15A3CB5
:10C980000C32C95A340C32F05A440C29045A4C0C5B
:10C9900032B05A540C391941140402405A10085A42
:10C9A00020085A400802108069356105140AD7A38F
:0CC9B0003D025708021319022701000085
:040000050800019559
:00000001FF
