:020000040800F2
:1000000078BF0020AD020008DD5700084555000804
:10001000D9570008351D0008A78900080000000016
:10002000000000000000000000000000F35700087E
:10003000B51E000800000000F1570008F557000841
:10004000C7020008C7020008C7020008C70200086C
:10005000C7020008C7020008B91E0008C31E000836
:10006000C7020008C7020008CD1E0008C70200082A
:10007000C7020008C7020008C7020008C70200083C
:10008000C7020008C7020008C702000800000000FD
:10009000000000000000000000000000D71E000863
:1000A000C70200083958000811580008C7020008A4
:1000B000C7020008C7020008C7020008C7020008FC
:1000C000C7020008C7020008C7020008C7020008EC
:1000D000C7020008C7020008C702000800000000AD
:1000E000C7020008C7020008C7020008000000009D
:1000F000000000000000000000000000C70200082F
:1001000000000000C7020008C7020008C70200087C
:1001100000000000000000000000000000000000DF
:10012000391D0008C7020008C7020008C7020008FE
:10013000C7020008000000000000000000000000EE
:10014000000000000000000000000000E15700086F
:10015000C7020008C7020008C7020008C70200085B
:10016000C7020008C70200080000000000000000ED
:10017000000000000000000000000000000000007F
:1001800000000000C702000800000000000000009E
:10019000C702000800F002F800F079F80AA090E821
:1001A000000C82448344AAF10107DA4501D100F032
:1001B0006EF8AFF2090EBAE80F0013F0010F18BF86
:1001C000FB1A43F001031847B8BA0100D8BA01007E
:1001D0000A444FF0000C10F8013B13F0070408BF6D
:1001E00010F8014B1D1108BF10F8015B641E05D00B
:1001F00010F8016B641E01F8016BF9D113F0080FC0
:100200001EBF10F8014BAD1C0C1B09D16D1E58BF51
:1002100001F801CBFAD505E014F8016B01F8016B88
:100220006D1EF9D59142D6D37047000000230024FB
:1002300000250026103A28BF78C1FBD8520728BFF6
:1002400030C148BF0B607047662919F08F8364295D
:1002500000F0A481752900F0A181782900F0DA81ED
:10026000732900F0F086002070471FB519F079FB64
:100270009DE8030000F012FC00F000FF04000020E5
:10028000002119F023F9E0601FBD10B510BD01F089
:1002900012F81146FFF7E9FF18F070FD01F030F891
:1002A00003B4FFF7F2FF03BC16F00FF809488047CC
:1002B00009480047FEE7FEE7FEE7FEE7FEE7FEE748
:1002C000FEE7FEE7FEE7FEE704480549054A064B60
:1002D00070470000FD57000895010008789700203E
:1002E00078BF002078B7002078B70020704770B53D
:1002F000064600F0B7FB056806F10B0020F0070486
:10030000B4429CBF002070BD2B466A68BAB1106829
:10031000A04210D304F1080188423CBF50685860E5
:1003200007D35168101941601168091B01605860BA
:100330001460101D70BD13465268002AE7D1214693
:10034000284600F097FB0028DED170BD70B504464A
:10035000051F00F087FB0068002C14BF446870BDC7
:10036000002C18BFAC423CBF20466468F8D301683B
:100370000A18AA4218BF456003D12A6805461144ED
:10038000016028684119A1421CBF6C6070BD6168A2
:10039000696021680844286070BD53EA020C00F0CF
:1003A00069802DE9F04B4FF00006002B1FBFB3FA18
:1003B00083F503FA05F424FA05F65E4012BF1643EE
:1003C000B2FA82F502FA05F4C5F120051EBF22FA41
:1003D00005FC44EA0C04203556EA044C4FEA144468
:1003E00018BF641C4FF000084FF00009904271EBF9
:1003F000030C39D3002919BFB1FA81F701FA07F6C6
:10040000B0FA80F700FA07F6C7F120071EBF20FAFE
:1004100007FC46EA0C062037B6FBF4FCA7EB050701
:10042000103F07F01F0BCBF120060CFA0BFB2CFA48
:1004300006F644BFB3460026202FA4BF5E464FF009
:10044000000B5BEA060C08BF4FF0010B19EB0B0920
:10045000ABFB027C48EB0608C01B06FB02CC0BFB87
:1004600003CC71EB0C01C1E70B46024641464846FE
:10047000BDE8F08B13B54FF000004FF00001AFF373
:100480000080BDE81C4070470FB4044910B503AAB2
:10049000029800F0DDFD10BC5DF814FB2800002080
:1004A0000FB41CB5074B06AA7B446946009005981B
:1004B00000F097FD0020694600F0A6FD1CBC5DF829
:1004C00014FB00005D0B00000FB41CB50C0007AA64
:1004D000009001D02044401E074B7B4469460190A8
:1004E000069800F07EFD002C03D06946002000F045
:1004F0008BFD1CBC5DF814FB350B000070B5044689
:1005000085690068C10601D5302600E02026C007B5
:1005100007D070BDD4E9012130469047206A401CC5
:1005200020626D1EF6D570BD70B5044685690078F1
:10053000C00707D170BDD4E9012120209047206A6F
:10054000401C20626D1EF6D570BD70B50C46054688
:10055000012A05D02878800600D5EA69002302E048
:10056000012305E05B1C934202D2E05C0028F9D134
:10057000A869E618C01AA861286A184428622846A3
:10058000FFF7BCFF04E0D5E9012114F8010B904707
:10059000B442F8D32846FFF7C7FF70BD2DE9F041FC
:1005A0000646002410687529314616A510D0AFF311
:1005B0000080002802DA404213A507E031688A076C
:1005C00001D512A502E0490704D511A5012401E0D7
:1005D000AFF3008000210A2206F1240709E0B0FBF6
:1005E000F2FCB0FBF2F302FB1C00303078541846EA
:1005F000491C0028F3D123462A463046BDE8F04185
:1006000000F082BA000000002D0000002B00000066
:100610002000000070B504460D4621461068AFF377
:1006200000802188090502D50F4A7A4402E00E4A6B
:100630007A440E32002104F1240305E000F00F0695
:100640000009965D5E54491C0028F7D120780023EC
:10065000000704D5702D02D009B1022311322046C3
:10066000BDE8704000F050BA7EB501002DE9F05FA2
:10067000894604464FF0000ADFF874B1FB44C0F825
:1006800020A02046E1688847002874D0252806D09D
:10069000D4E901219047206A401C2062F1E700263E
:1006A0005F462046E16888472028054607DB312D54
:1006B00005D2781910F8200C08B10643F1E7B0070D
:1006C00001D526F00406C4F81CA00027C4F818A021
:1006D0002A2D09D0284615F0F1FD38B304EB870820
:1006E000303DC8F8185019E059F8041B204604EBB7
:1006F00087029161E1688847012F054618D1E069BA
:10070000002820DA26F020061DE0D8F8180000EBBB
:10071000800005EB40003038C8F818002046E1683A
:100720008847054615F0CAFD0028EED1012F0AD0F2
:100730002E2D08D12046E16888477F1C0546022FF0
:1007400046F02006C4DBA069002803DA404246F0E8
:100750000106A061F00701D026F010066C2D0BD029
:10076000682D09D04C2D39D06A2D35D0742D35D057
:100770007A2D33D016E038E0E1682F4620468847CE
:10078000B842054609D16C2F26D04FF48060E1684D
:10079000064320468847054604E06C2F1AD04FF4E4
:1007A000807006430DB3A5F14100192802D8203509
:1007B00046F400664A462946204626604E46FFF724
:1007C00043FD80B101280BD0F61D26F0070000F193
:1007D000080956E74020E4E78020D8E70020D6E764
:1007E00006F104094DE7284652E7206ABDE8F09F6C
:1007F00054B5010010B5431C02E010F8011B71B1A3
:100800008107FAD14FF0013202C88C1A8C4314EAE6
:10081000C211F9D0C01A0A0603D0C01E10BDC01AFA
:1008200010BD0A0401D0801E10BD0902FCD0401E7C
:1008300010BD421E12F8013F002BFBD111F8013B05
:10084000002B02F8013BF9D17047032A40F23080B7
:1008500010F0030C00F0158011F8013BBCF1020F01
:10086000624498BF11F801CB00F8013B38BF11F882
:10087000013BA2F1040298BF00F801CB38BF00F899
:10088000013B11F0030300F02580083AC0F0088016
:1008900051F8043B083A51F804CBA0E80810F5E7FA
:1008A000121D5CBF51F8043B40F8043BAFF30080DD
:1008B000D20724BF11F8013B11F801CB48BF11F852
:1008C000012B24BF00F8013B00F801CB48BF00F822
:1008D000012B704710B5203AC0F00B80B1E81850DA
:1008E000203AA0E81850B1E81850A0E81850BFF41A
:1008F000F5AF5FEA027C24BFB1E81850A0E81850B9
:1009000044BF18C918C0BDE810405FEA827C24BF0C
:1009100051F8043B40F8043B08BF7047D20728BF9A
:1009200031F8023B48BF11F8012B28BF20F8023BE9
:1009300048BF00F8012B704702F0FF0343EA03228F
:1009400042EA024200F002B84FF000020429C0F06F
:10095000128010F0030C00F01B80CCF1040CBCF1F1
:10096000020F18BF00F8012BA8BF20F8022BA1EB43
:100970000C0100F00DB85FEAC17C24BF00F8012B28
:1009800000F8012B48BF00F8012B70474FF0000220
:1009900000B5134694469646203922BFA0E80C5075
:1009A000A0E80C50B1F12001BFF4F7AF090728BF50
:1009B000A0E80C5048BF0CC05DF804EB890028BFCC
:1009C00040F8042B08BF704748BF20F8022B11F0F5
:1009D000804F18BF00F8012B704700004FF0013C1A
:1009E00050F8042B51F8043B9A4221D1A2EB0C039E
:1009F000934313EACC1317D150F8042B51F8043B5E
:100A00009A4215D1A2EB0C03934313EACC130BD1FA
:100A100050F8042B51F8043B9A4209D1A2EB0C0385
:100A2000934313EACC13DBD04FF00000704700BFB4
:100A3000D01A01BAB1FA81F101F0180122FA01F0DD
:100A4000CB40C1F12001DBB2C0B2C01A2CFA01F3D5
:100A5000D11A914311EAC311E6D17047704770472C
:100A600070470000004870471C970020704770478F
:100A70007047704738B504460A4600206946AFF310
:100A80000080002808BF38BD02460099204600F0CB
:100A9000F9FA012038BD012000F006BCF8B5AFF32B
:100AA0000080054600200C46102000BF0646A8190D
:100AB000A0420DD9324669460020AFF300800700FE
:100AC00008BF00F0F1FB0098A04218BF0546C4190A
:100AD000FFF7C8FF05600746F01D20F00700461924
:100AE000284600F00AF8B44208BFF8BDA21B314600
:100AF0003868BDE8F84000F0C5BA00210160C0E9DF
:100B000001107047102070472DE9F0470D469946B7
:100B10009246044600F124080168880604D5E0697D
:100B200021F01001216000E00120A84201DD471BF7
:100B300000E00027A1697A1902EB0900081AA061F8
:100B40002078C00602D42046FFF7D8FC002608E033
:100B5000D4E901211AF806009047206A401C761C4F
:100B600020624E45F4DB2078C0060AD52046FFF708
:100B7000C5FC06E0D4E9012130209047206A401CE2
:100B80002062381EA7F10107F4DC07E0D4E9012157
:100B900018F805009047206A401C2062281EA5F125
:100BA0000105F3DC2046FFF7BFFC2078000602D5E4
:100BB0000220BDE8F0870120FBE770472DE9FF4FD9
:100BC0000C461E464FF0FF378BB0D2E90001DDF82E
:100BD00060800A908A46C1F30A5505B93D46002156
:100BE00008464FF00000BAF1000F00F4400005DAAB
:100BF00000EB80004FF4400101EA50004FEA9059A9
:100C0000B9F1010F00DDB9460A9850EA4A000ED04A
:100C100044F61050A5F2FF3545432F14B8F1000FEC
:100C20001ED07542291E1EDDC9F100021CE0B8F17C
:100C3000010F4FF0000001D0302103E0F24305E046
:100C40002154401CB042FBDB3046002200212154DD
:100C50000B99C1F80880C1E900200FB0BDE8F08F02
:100C6000BD1B6D1CDEE74A4600DA694206A800F0AB
:100C7000A9FA06AB93E8070003AB83E807005046E8
:100C80000A9900F08CFB8DE80700A0F500501F3892
:100C900000900398002D0ADD42F21F014A460844E5
:100CA000002303A90390684600F0F5FD09E0A0F5D4
:100CB00000504A461F38002303A90390684600F0FD
:100CC000FFFD8DE807000004000C03D04FF0FF305B
:100CD000410800E01046B8F1000F03D00022009256
:100CE00015461EE0751E05D400F0E6F93032625557
:100CF0006D1EF9D5B3460122084302D000227F1CA5
:100D000004E02078302801D100227F1E002A0997B4
:100D100084D01DE0112D07DA00F0CEF93032625593
:100D20006D1C50EA0102F5D1084302D00098C8B109
:100D30000EE00021681E05E0235C625C63542254CF
:100D4000401E491C8142F7DBAB46A81B401E0990A0
:100D5000002004F80B000B98099AC0F80880C0E93D
:100D6000002B7AE711264FF0000857E72DE9F04FE6
:100D700088460446D21D22F0070191B0D1E9000156
:100D8000CDE90A0115F066FA02460B98C00F01D0B2
:100D90002D2007E02068810701D52B2002E02021CB
:100DA00001EAC000032A099001D0072A05DB0346A7
:100DB0004146204600F0C6F90BE12078800601D5B7
:100DC000E06900E00620B8F1650F814606D0B8F171
:100DD000660F18D0B8F1670F70D131E00020B9F17B
:100DE000110F009001DB112301E009F101030AAAB0
:100DF00001A90CA8FFF7E2FEDDE90C70002609F15D
:100E00000105834647E001204B4600904FF0004724
:100E10000AAA01A90CA8FFF7D1FEDDE90DB00C99D3
:100E20005D46002610B909F101000D18B9EB050067
:100E300003D4C0F1FF3609F10105A5EB09002BE051
:100E4000B9F1010F01DA4FF001090020B9F1110FDA
:100E50000090484601DD112300E003460AAA01A9DB
:100E60000CA8FFF7ABFEDDE90C704D46002683466B
:100E7000207800070AD4AB4500DA5D4601A8012DB1
:100E800004DD411911F8011C302907D04F4502DA61
:100E900017F1040F04DA012082460FE06D1EEEE721
:100EA000002F02DCED1B3E4403E0781CA84200DD6D
:100EB0007D1CB81B00F1010A4FF0004720780007A5
:100EC00003D4AA4501DB4FF0FF3A0021B7F1004FF0
:100ED0000DF143088DF8431024D002202B23002F5E
:100EE00001DA7F422D230A21021EA0F1010000DC5D
:100EF0005FB197FBF1FC97FBF1F201FB1C7C1746FD
:100F00000CF1300C08F801CDEEE7A8F101000370F8
:100F10002188090501D5452100E06521A0F10108DE
:100F200000F8011C09980FA9A1EB0807FF1D00B1EB
:100F30000120411901EBEA70A1693844081A401EEA
:100F4000A0612078C00602D42046FFF7D7FA09989E
:100F500028B1D4E901219047206A401C2062207802
:100F6000C00622D52046FFF7C9FA1EE0002E04DB9A
:100F7000B34502DD01A8805D00E03020D4E9012105
:100F80009047206A401C2062761CAAF101005FEAAB
:100F9000000A0AD100F072F8C0680168405CD4E928
:100FA00001219047206A401C2062281EA5F10105FE
:100FB000DCDC07E0D4E9012118F8010B9047206A36
:100FC000401C2062381EA7F10107F3DC2046FFF722
:100FD000ABFA032011B041E601694A1C02610878AE
:100FE000704700B58FB0CDE9013100210591054969
:100FF0007944CDE9031011466846FFF737FB0FB07F
:1010000000BD0000E5FFFFFF0A6802F8010B0A605F
:101010007047D1E900239A4202D2531C0B60107032
:10102000704710B5436913B1AFF3008001E0FFF7DB
:101030008CFA012010BD127800F124010A70002200
:101040004A700122EDE711684FF0FF32E9E7000036
:10105000074B70B50D467B44FFF7C3FF0446284697
:1010600016F0C7FE10B14FF0FF3070BD204670BDC6
:101070007D750100004870471497002000487047B4
:1010800034970020034640688C46002818BF8842E9
:101090003CBF03464068F8D318681844884207D01C
:1010A0000CF1030020F00700001D411A521A0146FE
:1010B000081D0A60FFF74AB930B5B0F10A024FEADD
:1010C000900E71F100034EEA817EB0EB0E0061EBF1
:1010D00091014FEA101E4EEA017E10EB0E0041EB2B
:1010E00011114FEA102E4EEA016E10EB0E0041EB8B
:1010F00011214FEA104E4EEA014E10EB0E0041EB6B
:101100001141401841F100014FEAD00040EA41701E
:101110004FEAD10110EB80054FEA810444EA907454
:1011200044EB01046D1944EB0404521BA3414FF03E
:10113000000348BF0A3200D530BD401C41F1000118
:1011400030BD00002DE9F0411F460446032601682A
:10115000072A01F4006004DB08B116A505E016A516
:1011600003E008B115A500E015A521F010002060EE
:10117000A069C01EA0610FB1401EA0612046FFF70C
:10118000BDF94FB1D4E9012138469047206A401C8F
:101190002062C01C206206E0206AFAE7D4E901213F
:1011A00015F8010B9047761EF8D22046FFF7BCF9E0
:1011B000BDE8F0814E414E006E616E00494E460022
:1011C000696E66002DE9F047814616468AB03548BB
:1011D00078440DC88DE80D0032487844801C03AC7B
:1011E0000DC884E80D0041F69B300844372190FB80
:1011F000F1F290FBF1F5A5F1800501FB12041B3C17
:1012000002D56442012000E00020DFF898A080466B
:101210000027FA44AAF1BE0A0EE0E0070AD03246DF
:10122000684607EB470101230AEB810100F048FB08
:101230008DE8070064107F1C002CEED1194F7F440D
:10124000AE3F19E0E80715D007EB04100DF1180ABE
:1012500090E80E008AE80E00C068F04201D19819AB
:1012600008903246012306A903A800F029FB03AB2E
:1012700083E807006D10641C002DE3D14FF00103DB
:1012800032466946B8F1000F03A802D000F003FB14
:1012900001E000F015FBC9E90001C9F808200AB017
:1012A000BDE8F08790AA010010B500F037F8BDE85E
:1012B000104000F02EB87546FFF7DCFEAE46050084
:1012C0006946534620F00700854618B020B5FEF762
:1012D000FBFFBDE820404FF000064FF000074FF045
:1012E00000084FF0000B21F00701AC46ACE8C00944
:1012F000ACE8C009ACE8C009ACE8C0098D4670474D
:1013000010B50446AFF300802046BDE81040FEF75C
:10131000C7BF002801D014F0D8BF704710B501280E
:1013200005D0002103A000F021F8012010BD09A183
:10133000F8E7000053494752544D454D3A204F7548
:1013400074206F662068656170206D656D6F7279BD
:10135000000000003A2048656170206D656D6F7275
:101360007920636F727275707465640070B505469C
:101370000C460A2000E06D1C14F0AAFF35B1287855
:101380000028F8D102E0641C14F0A2FF14B1207808
:101390000028F8D1BDE870400A2014F099BF5FEA38
:1013A000400C08BF91F0000F4FEA8C234FEAC12296
:1013B00043EA51514FEA1C5018BF00F5F0404FEA84
:1013C000300018BF41F000415FEA6C5C00F02980FA
:1013D000BCF1FF3F08BF40F080407047130C06BFD0
:1013E00012044FF0100C4FF0000C130E04BF120249
:1013F0000CF1080C130F04BF12010CF1040C930F35
:1014000004BF92000CF1020CD30F04BF52000CF188
:10141000010C11464FF00002A0F11F00A0EB0C00E0
:10142000704711F0004F08BF704731F000413FF4A2
:10143000D5AF0B0C06BF09044FF0100C4FF0000C99
:101440000B0E04BF09020CF1080C0B0F04BF0901BD
:101450000CF1040C8B0F04BF89000CF1020CCB0FB4
:1014600004BF49000CF1010CCCF12003A0EB0C00EF
:1014700022FA03F302FA0CF241EA030100F101003F
:10148000704720F07F4C80EA030023F07F47ACEBED
:10149000070303F57C5300F0004003F1FF032DE93F
:1014A00080494FEA154B09B44FEA144325EA0B4E25
:1014B00024EA03480FF2042606EB132749083E7876
:1014C0005FEA320203FB0667C7F5000707FB06F673
:1014D0004FEA54374FEAD64606F1020607FB066C80
:1014E000CCF1005C4FEA1C472CEA074C07FB06F4E2
:1014F0000CFB06F504EB15464FEA961634BF0020A8
:101500004FF000404FEAD13706FB07FC4FEA1C4C76
:101510000CFB0BF7D21B03FB0CF761EB07010CFB79
:101520000EF7B0EB074072EB17420CFB08F734BF25
:10153000A2EB0742B2EB074261EB17414FEA0C44C2
:101540004FEA910706FB07FC4FEA1C4C0CFB0BF71C
:10155000B0EBC74072EB573203FB0CF734BFA2EB82
:10156000C742B2EBC74261EB57310CFB0EF7B0EB51
:10157000C70072EB57720CFB08F734BFA2EBC7022F
:10158000B2EBC70261EB5771039F4FEA816141EAF9
:10159000921104EBCC044FEAD1374FEA826206FB8A
:1015A00007FC42EA90124FEA80604FEA1C4C0CFBA9
:1015B0000BF7D21B03FB0CF761EB07010CFB0EF7DB
:1015C000B0EB074072EB17420CFB08F734BFA2EBFD
:1015D0000742B2EB074261EB17414FEA8C554FEAE5
:1015E000910704EB9C2406FB07FC4FEA1C4C0CFB08
:1015F0000BF7B0EBC74072EB573203FB0CF734BF6D
:10160000A2EBC742B2EBC74261EB57310CFB0EF7BE
:10161000B0EBC70072EB57720CFB08F734BFA2EBBC
:10162000C702B2EBC70261EB577115EB4C254FEACD
:10163000816141EA92114FEA82624FEAD13742EA70
:10164000901206FB07FC44F100044FEA80604FEA69
:101650001C4C0CFB0BF7D21B03FB0CF761EB0701D7
:101660000CFB0EF7B0EB074072EB17420CFB08F7D0
:1016700034BFA2EB0742B2EB074261EB174115EB17
:101680001C154FEA813141EA92414FEA823242EA27
:1016900090424FEA80304FEA0C7644F1000448EA69
:1016A00003434EEA0B484FF0000EB2EB080C71EB0F
:1016B000030724BF624639464EEB0E0E4FF0000B77
:1016C0000018524149414BEB0B0BB2EB080C71EB8C
:1016D00003077BF1000B24BF624639464EEB0E0E2A
:1016E0004FF0000B0018524149414BEB0B0BB2EB92
:1016F000080C71EB03077BF1000B24BF62463946EF
:101700004EEB0E0E51EA020718BF46F0010616EB2B
:101710000E7655F1000254F1000103D5BDE88901B0
:10172000BDE80088BDE88901BDE80048B61952410E
:1017300041EB0101A3F10103704780807F7E7D7C36
:101740007B7A7978777676757473727171706F6E53
:101750006E6D6C6C6B6A6A696868676666656464FE
:10176000636362616160605F5F5E5E5D5D5C5C5B88
:101770005B5A5A59595858575756565555555454F7
:10178000535352525251515050504F4F4F4E4E4D55
:101790004D4D4C4C4C4B4B4B4A4A4A4949494848A1
:1017A00048474747474646464545454444444443E1
:1017B00043434342424242414141002B9C4630D484
:1017C00077002BD01CB54FEA370703B44FF0100059
:1017D0004FF01001BAF1000F06D0BCF1000FDCBFD2
:1017E00040F0080040F008014FF000000FBCBDE8D9
:1017F00010400BF1010BBBF1010F08BF5FEA1707A7
:1018000022BF12F1010211F101014FF0004143F139
:10181000000300F0004043EA00007047F9D3570886
:10182000D0E746EA064613F1400F4FEA16461FDDA1
:1018300013F1200FDFBF16430A46002120335B421D
:10184000BED0C3F1200746EA064602FA07F74FEA80
:10185000164646EA0706C3F1200722FA03F201FA08
:1018600007F721FA03F14FF0000342EA0702A7E766
:1018700046EA020646EA06464FEA164646EA0106E8
:10188000BCBF46EA0646360C4FF000034FF000029C
:101890004FF0000194E72DE9804C9A46934670B4CE
:1018A00091E8380007C831EA400C48BF34EA430CDD
:1018B00003D5FFF7E6FDFFF780FFF0BCBDE8008C25
:1018C0002DE9804C9A46934670B491E8380007C8D9
:1018D00010F0804F08BF13F0804F03D100F005F8DF
:1018E000FFF76BFFF0BCBDE8008C20F07F4780EA7B
:1018F000030023F07F4C07EB0C03A3F57C5300F0AF
:101900000040A3F1FE0392F0000F00F0B38095F0C9
:10191000000F00F077802DE901494FEA11404FEAAE
:10192000144621EA004800FB06FC24EA064708FBAF
:1019300006F607FB08F800FB07F718EB06484CEB28
:10194000164C4FEA124B18EB07484FEA15464CEB82
:10195000174022EA0B4E0BFB06FC25EA06470EFB5E
:1019600006F607FB0EFE0BFB07F71EEB064E4CEBD5
:10197000164C4FF000061EEB074E4CEB174B18EBC6
:101980000B0840F1000018EB0E0B58EB000840F17B
:1019900000008F1A4FF000013CBFC943661B14BF03
:1019A000B5EB040C00213CBFC943F61B4FEA1744BA
:1019B0004EEA8E0E27EA04454FEA1C4704FB0762F5
:1019C0002CEA074C05FB07F70CFB05F604FB0CFCA7
:1019D00016EB074642EB174216EB0C4642EB1C4255
:1019E0001BEB060658EB0202414146EA9E0601D572
:1019F000BDE80189B619524141EB0101A3F1010390
:101A0000BDE801894FEA14454FEA114724EA05462B
:101A100021EA074C05FB07F406FB07F70CFB06F170
:101A200005FB0CFC11EB074144EB17444FEA12474E
:101A300011EB0C4144EB1C4422EA074C05FB07F276
:101A400006FB07F70CFB06F605FB0CFC16EB07463E
:101A500042EB174216EB0C4642EB1C456A1854F158
:101A6000000148BF7047B619524141EB0101A3F193
:101A70000103704795F0000F37D04FEA11424FEA4B
:101A8000144721EA024624EA074C02FB07F106FB51
:101A900007F70CFB06F402FB0CFC14EB074441EBCC
:101AA00017414FEA154714EB0C4441EB1C4125EA62
:101AB000074C02FB07F506FB07F70CFB06F602FBDB
:101AC0000CFC16EB074645EB174516EB0C4645EBB1
:101AD0001C42121951F1000148BF7047B61952411A
:101AE00041EB0101A3F1010370474FEA14454FEAAE
:101AF000114724EA054621EA074C05FB07F106FBDE
:101B000007F70CFB06F24FF0000605FB0CFC12EB8E
:101B1000074241EB174112EB0C4251EB1C4148BF0D
:101B20007047921841EB0101A3F10103704770B5B2
:101B30000546AC6B206C00F0500050BB206C40F4AC
:101B4000007020642068806800F04050E8B9207E72
:101B5000D8B92068C06A00F4700020B1206880689D
:101B600000F4806088B92068406820F02000216877
:101B70004860206C20F480702064206C00F4805059
:101B800018B9206C40F001002064204600F0F6FBFC
:101B90000BE0206C00F0100018B1204600F012FCA1
:101BA00003E0A06BC16C2846884770BD70B5054640
:101BB000AC6B40202064606C40F004006064204600
:101BC00000F000FC70BD70B50446A56B284600F01F
:101BD000D6FB70BD55494A6822F440324A604A68D3
:101BE00043681A434A600268526822F480720368AC
:101BF0005A6002685368026943EA022203685A6025
:101C00000268526822F0407203685A6002685268A3
:101C100083681A4303685A600268926822F400627B
:101C200003689A6002689268C3681A4303689A60FE
:101C30003F4B826A9A4218D00268926822F0706222
:101C400003689A6002689268836A1A4303689A601C
:101C50000268926822F0405203689A6002689268B3
:101C6000C36A1A4303689A600BE00268926822F024
:101C7000706203689A600268926822F040520368BA
:101C80009A600268926822F0020203689A60026811
:101C90009368027E43EA420203689A602022125C43
:101CA000A2B10268526842F4006203685A60026896
:101CB000526822F4604203685A6002685368426ABC
:101CC000521E43EA423203685A6005E002685268D5
:101CD00022F4006203685A600268D26A22F4700239
:101CE0000368DA620268D36A828B521E43EA0252A8
:101CF0000368DA620268926822F4007203689A60EC
:101D00000268936890F8302043EA422203689A60A0
:101D10000268926822F4806203689A60026893689D
:101D2000426943EA822203689A60704700230140B7
:101D30000100000F00BFFEE710B5034800F092FD60
:101D40000EF078FA10BD0000C003002001460878AC
:101D500010381823B0FBF3F20848805CC865032AEA
:101D600005D908686FF30900001D886503E008685D
:101D70006FF309008865886D70470000709901084D
:101D8000014600208A6A8B69CBB932B1012A0DD095
:101D9000022A03D0032A10D10EE000BFCB6A03F061
:101DA0008073B3F1807F00D1012007E0CB6AB3F1EB
:101DB000C07F00D1012001E000E000BF34E08B696A
:101DC000B3F5005F1AD132B1012A07D0022A03D03D
:101DD000032A11D10AE000BF01200EE0CB6A03F014
:101DE0008073B3F1807F00D1012006E0CB6AB3F1AC
:101DF000C07F00D1012000E000BF15E032B1012A10
:101E000005D0022A04D0032A0CD103E000BF00BF92
:101E1000012008E0CB6A03F08073B3F1807F00D12A
:101E2000012000E000BF00BF704730B5046824689F
:101E300024F4802405682C60046863608468402C66
:101E400004D10468A2600468E16003E00468A16052
:101E50000468E26030BD0146002200BF05E00023B7
:101E600001F5617040F82230521C0F2AF7D300228E
:101E700004E0002301F58E708354521CB2F5007FFC
:101E8000F7D3002008704870012088700020C1F846
:101E9000C40301230B7640238B7100234B7681F81A
:101EA0001C33012381F81D33002381F81F3381F88F
:101EB0001E3370477047704710B5012001F0BAF823
:101EC00010BD10B5022001F0B5F810BD10B51020FE
:101ED00001F0B0F810BD10B5202001F0ABF8802063
:101EE00001F0A8F810BD72B600BFFEE730B5044699
:101EF0000D4600222946204600F002F830BD0000C1
:101F0000F0B50346012500241148407A01281CDA67
:101F100000200F4E767A0E4FB8553846467A001D8F
:101F200040F82630001F467A083082553E46707AC7
:101F3000461C7E72044604F1300008703A20487056
:101F40002F2088700020C87000252846F0BD0000B2
:101F50007C30002010B5002201B909E0012901D12F
:101F60000A0205E0022901D10A0201E04FF44072A1
:101F70000E4B1B6823F440730C4C236023461B68F4
:101F80001343236023461B6823F0F8032360234692
:101F90001B68022444EAC0042343044C2360234604
:101FA0001B6843F48033236010BD0000103C0240E6
:101FB0001C48006800F40070B0B11A48006820F4B2
:101FC00000701849086000BF0846006840F40060CF
:101FD00008600846006820F40060086000BF0846FA
:101FE000006840F4007008600E48006800F48060EB
:101FF000B0B10C48006820F480600A49086000BF56
:102000000846006840F4805008600846006820F4E4
:102010008050086000BF0846006840F48060086097
:1020200070470000003C0240074A126822F44072E8
:10203000054B1A601A4612681A601A46126842F076
:1020400001021A6001707047103C024010B50D4942
:10205000096821F440710B4C21602146096841F464
:10206000407121602146096841F001012160026050
:1020700000BF00BF00BFBFF36F8F00BF00BF00BF36
:10208000436010BD103C0240084A126822F44072BE
:10209000064B1A601A46126842F480721A601A4699
:1020A000126842F001021A6001807047103C024041
:1020B000084A126822F44072064B1A601A461268E7
:1020C00042F400721A601A46126842F001021A6065
:1020D00001607047103C02402A48006800F0100080
:1020E00040B12948C06940F010002749C86110205C
:1020F000244908602348006800F0200040B12248CD
:10210000C06940F008002049C86120201D490860CE
:102110001C48006800F0400040B11B48C06940F016
:1021200004001949C8614020164908601548006834
:1021300000F0800040B11448C06940F0020012492C
:10214000C86180200F4908600E48006800F4807064
:1021500048B10D48C06940F001000B49C8614FF417
:102160008070084908600748006800F0020040B12C
:102170000548C06940F020000349C86102200149B8
:10218000086070470C3C02406404002070B50446AF
:10219000002500201449C86101F03EF8054609E019
:1021A000601C38B124B101F037F8401BA04201D9BE
:1021B000032070BD0D48006800F480300028EFD186
:1021C0000A48006800F0010010B1012007490860CA
:1021D0000648006800F4F97018B1FFF77DFF012090
:1021E000E7E70020E5E70000640400200C3C024023
:1021F00038B502460020009000BF92F83C0001284C
:1022000001D1022038BD012082F83C0000BF0868DF
:10221000092816D91068C0680C780A3C04EB4405FC
:102220000724AC40A0431468E0600C780A3C04EB3F
:1022300044048868A0401468E46820431468E0609F
:1022400013E0106800690C7804EB44050724AC40E7
:10225000A043146820610C7804EB44048868A04013
:10226000146824692043146820614868072817D23D
:102270001068406B0C79641E04EB84051F24AC408D
:10228000A04314686063088880B20C79641E04EB74
:102290008404A0401468646B20431468606331E0D8
:1022A00048680D2817D21068006B0C79E41F04EB06
:1022B00084051F24AC40A04314682063088880B2C2
:1022C0000C79E41F04EB8404A0401468246B2043C1
:1022D0001468206316E01068C06A0C790D3C04EBAA
:1022E00084051F24AC40A0431468E062088880B2D3
:1022F0000C790D3C04EB8404A0401468E46A20438C
:102300001468E062194B1A4C1068A04206D10868A4
:10231000122803D1586840F480005860144C1068AB
:10232000A0421CD10868102802D00868112816D1D4
:10233000586840F400005860086810280FD10D4814
:1023400000680D4CB0FBF4F000EB80004000009002
:1023500002E00098401E009000980028F9D100BFCC
:10236000002082F83C0000BF00BF4BE70023014083
:10237000002001403C00002040420F0070477047A1
:1023800070B5044600250CB9012070BD206C40F0EA
:10239000020020642068806820F0010021688860C5
:1023A0002068806800F0010028B9204600F040F85D
:1023B00000206064206400BF002084F83C0000BF5F
:1023C0002846E2E77047000070B5044600250CB9C6
:1023D000012070BD1549A06A884200D000BF206C62
:1023E00030B9204600F044F80020606484F83C00D6
:1023F000206C00F0100088B9206C20F4885040F068
:10240000020020642046FFF7E5FB00206064206C9A
:1024100020F0020040F00100206400E0012500BF30
:10242000002084F83C0000BF2846D2E70100000FDE
:1024300010B504460A492068884210D1094800684E
:1024400020F4807007490860B221074800F0CAFCF8
:102450000121064800F0C6FCA06B00F0CBF910BDCE
:1024600000200140443802400000024000040240C5
:1024700010B586B00446142101A8FEF787FA344946
:102480002068884262D100BF002000903148006877
:1024900040F480702F4908600846006800F480709E
:1024A000009000BF00BF00BF0020009029481438F2
:1024B000006840F0010027491439086008460068A8
:1024C00000F00100009000BF00BF00BF002000909E
:1024D0000846006840F0020008600846006800F006
:1024E0000200009000BF00BFB220019003200290C4
:1024F0000020039001A9184800F0AAFD01200190D6
:10250000032002900020039001A9144800F0A0FDD0
:102510001348144908600020486000211148816078
:10252000C1604FF48061016189004161890081616E
:102530000021C1610162416200F0B4FA08B1FFF705
:10254000D2FC00BF0748A063846300BF06B010BD83
:1025500000200140443802400000024000040240D4
:1025600010640240C003002008B50146002000901E
:1025700000BF91F83C00012801D1022008BD0120D4
:1025800081F83C0000BF0868806800F00100A0B935
:102590000868806840F001000B6898603348006864
:1025A000334BB0FBF3F000EB4000009002E00098EA
:1025B000401E009000980028F9D10868806800F05B
:1025C0000100002848D0086C40F20163984340F4B1
:1025D000807008640868406800F4806028B1086C66
:1025E00020F4005040F480500864086C00F48050DF
:1025F000B0F5805F04D1486C20F00600486401E02B
:102600000020486400BF002081F83C0000BF194A48
:102610006FF022000B681860506800F01F0058B976
:102620000868806800F04050F0B90868806840F0A1
:1026300080400B68986017E00F4B0868984213D1F0
:102640000868806800F0405070B90868806840F001
:1026500080400B68986007E0086C40F01000086448
:10266000486C40F001004864002087E73C000020EF
:1026700040420F000023014000200140F8B504460D
:102680000D4616460020009000BF94F83C0001283B
:1026900001D10220F8BD012084F83C0000BF206871
:1026A000806800F00100A0B92068806840F0010057
:1026B00021688860484800684849B0FBF1F000EBA9
:1026C0004000009002E00098401E00900098002812
:1026D000F9D12068806800F48070B0F5807F05D162
:1026E0002068806820F48070216888602068806895
:1026F00000F00100002865D0206C40F201618843A1
:1027000040F4807020642068406800F4806028B144
:10271000206C20F4005040F480502064206C00F4C1
:102720008050B0F5805F04D1606C20F006006064DA
:1027300001E00020606400BF002084F83C0000BF7E
:10274000274F2848A16BC8632748A16B0864274816
:10275000A16BC8646FF0220021680860206840689F
:1027600040F08060216848602068806840F4807094
:1027700021688860226802F14C0133462A46A06B2A
:1027800000F006FA786800F01F0058B920688068E9
:1027900000F04050F0B92068806840F08040216827
:1027A000886017E012492068884213D12068806849
:1027B00000F0405070B92068806840F08040216887
:1027C000886007E0206C40F010002064606C40F0EE
:1027D0000100606400205DE73C00002040420F00E3
:1027E000002301402F1B0008C71B0008AD1B000879
:1027F0000020014070B504460CB9012070BD94F86A
:102800003500022800D1F9E72068006820F00100B7
:1028100021680860002021680860216848602168FC
:1028200088602168C86021680861212021684861AA
:102830002046FFF78BFA05460020E06320646064C1
:10284000A064E064206594F85C103F208840A86094
:102850000020606584F8350000BF84F8340000BFB4
:1028600000BFCBE7F8B50446002000908C48006814
:102870004FF41651B0FBF1F7A56D2E6894F85C107B
:1028800008208840304098B12068006800F00400BB
:1028900070B12068006820F004002168086094F896
:1028A0005C1008208840A860606D40F00100606501
:1028B00094F85C1001208840304068B1206840697D
:1028C00000F0800040B194F85C1001208840A860BE
:1028D000606D40F00200606594F85C100420884050
:1028E000304068B12068006800F0020040B194F800
:1028F0005C1004208840A860606D40F004006065B2
:1029000094F85C1010208840304078B3206800684C
:1029100000F0080050B394F85C1010208840A860C4
:102920002068006800F4802080B12068006800F40E
:10293000002028B9206CC8B12046216C884715E0DA
:10294000A06C98B12046A16C88470FE02068006811
:1029500000F4807028B92068006820F00800216821
:102960000860206C10B12046216C884794F85C10F8
:10297000202088403040002865D02068006800F0A2
:10298000100000285FD094F85C1020208840A860D8
:1029900094F83500052828D12068006820F016003A
:1029A000216808602068406920F080002168486143
:1029B000206C08B9A06C28B12068006820F00800DD
:1029C0002168086094F85C103F208840A8600120CE
:1029D00084F8350000BF002084F8340000BF206D6B
:1029E00010B12046216D8847F8BD2068006800F4CA
:1029F000802080B12068006800F4002028B9606C55
:102A000010B12046616C88471DE0E06BD8B12046CC
:102A1000E16B884717E02068006800F4807068B9AF
:102A20002068006820F0100021680860012084F808
:102A3000350000BF002084F8340000BFE06B10B107
:102A40002046E16B8847606D38B3606D00F001008F
:102A5000F0B1052084F835002068006820F00100FE
:102A60002168086000BF0098401C0090B84200D95F
:102A700005E02068006800F001000028F3D100BFE5
:102A8000012084F8350000BF002084F8340000BF26
:102A9000E06C10B12046E16C884700BFA4E700005D
:102AA0003C0000202DE9F0410446002500F0B4FB75
:102AB000074614B90120BDE8F081606A00B100BF8B
:102AC000022084F8350000BF002084F8340000BFE5
:102AD0002068006820F00100216808600AE000F02A
:102AE0009BFBC01B052805D920206065032084F8C6
:102AF0003500E0E72068006800F001000028EED112
:102B00002068056821480540D4E901010843E168CF
:102B100008432169084361690843A1690843E169E1
:102B20000843216A08430543606A042803D1D4E9B5
:102B30000B0108430543206805602068456925F0BE
:102B40000705606A0543606A04280DD1A06A054341
:102B5000E06A48B12046FFF713F928B140206065CC
:102B6000012084F83500A6E7206845612046FFF77C
:102B7000EDF8064694F85C103F208840B0600020D5
:102B80006065012084F83500002094E73F8010F054
:102B90002DE9F04704460D4616461F464FF0000843
:102BA000D4F8589000BF94F83400012802D10220D4
:102BB000BDE8F087012084F8340000BF94F83500A8
:102BC000012825D1022084F83500002060653B46AD
:102BD000324629462046FFF728F994F85C103F203A
:102BE0008840C9F808002068006840F01600216895
:102BF0000860206C28B12068006840F00800216857
:102C000008602068006840F001002168086006E064
:102C100000BF002084F8340000BF4FF00208404697
:102C2000C6E7000070B5044600F0F6FA06462546F1
:102C3000681C10B104480078054400BF00F0ECFAAD
:102C4000801BA842FAD370BD380000202DE9F04166
:102C500004460E460127002500BF2548007E0128B6
:102C600002D10220BDE8F08101202149087600BF91
:102C70004CF25030FFF78AFA0746002F31D1401E40
:102C80003060206801280FD1207C61680DF0D8F9F0
:102C90004CF25030FFF77AFA07461648006820F0E9
:102CA0000400144908601AE0A56812E0217C284657
:102CB000FFF750F94CF25030FFF768FA07460D481D
:102CC000006820F0FA000B4908600FB1356005E09C
:102CD0006D1CD4E902100844A842E7D800BFFFF7F2
:102CE00067F900BF00200249087600BF3846B9E7FF
:102CF00064040020103C02400148C0697047000095
:102D0000640400200348006840F000400149086066
:102D100000207047103C02402DE9F04106460F4666
:102D200014461D464FF0010800BF1F48007E0128D1
:102D300002D10220BDE8F08101201B49087600BFC6
:102D40004CF25030FFF722FA8046B8F1000F23D141
:102D500026B9E1B23846FFF767F912E0012E04D137
:102D6000A1B23846FFF790F90BE0022E04D12146BC
:102D70003846FFF79DF904E022462B463846FFF718
:102D800065F94CF25030FFF701FA804607480068B9
:102D900020F001000549086000BF002002490876C4
:102DA00000BF4046C6E7000064040020103C02401B
:102DB00000200949096801F0004159B10749064A54
:102DC0000C3A1160064911600349096801F000419D
:102DD00001B1012070470000103C0240230167450B
:102DE000AB89EFCDF0B50C46002500220023002171
:102DF00081E0012606FA01F504EA0502AA4279D12A
:102E00003F4E8F0856F827308E07370F0F26BE40EB
:102E100033403C4EB04201D1002614E03A4EB0425D
:102E200001D101260FE0394EB04201D102260AE05D
:102E3000374EB04201D1032605E0364EB04201D1F3
:102E4000042600E007268F073F0FBE409E4222D196
:102E5000314E36689643304F3E603E1D366896438D
:102E60003F1D3E603E1D366896433F1D3E603E1D41
:102E7000366896433F1D3E608E07370F0F2606FAD1
:102E800007F31F4E8F0856F827609E431C4F4FEAEA
:102E9000910C47F82C6006684FEA410C032707FAAB
:102EA0000CF7BE430660CF0800F1200656F82760F5
:102EB0004F074FEAD76C0F2707FA0CF7BE434FEACC
:102EC000D10C00F1200747F82C60C6684FEA410C8E
:102ED000032707FA0CF7BE43C660466801278F40F8
:102EE000BE43466086684FEA410C032707FA0CF799
:102EF000BE438660491C1029FFF47BAFF0BD000083
:102F0000083801400000024000040240000802406E
:102F1000000C024000100240003C014010B5044685
:102F2000102C35D004DC012C5AD0022C6CD11BE0C3
:102F3000202C41D0802C67D1344800783449087067
:102F400080223449344812F0B7F930B1012008F03A
:102F500039FA01203149887305E0002008F032FA7F
:102F600000202E4988734FE02D48007828490870CA
:102F700002222849284812F09FF918B10121274858
:102F8000C17302E000212548C17308F0D3FB3BE088
:102F9000244800781E49087010221E491E4812F06D
:102FA0008BF918B101211D48017402E000211B4872
:102FB000017408F0BFFB27E01B4800781449087033
:102FC00020221449144812F077F918B1012113484E
:102FD000417402E000211148417408F0ABFB13E09A
:102FE000124800780A490870012211490A4812F073
:102FF00063F918B101210948817402E000210748F2
:10300000817408F097FB00BF00BF10BDD401002001
:10301000400200200000024070000020C831002063
:10302000D8010020DC010020E0010020E4010020A4
:103030000004024010B5044604480068204020B156
:10304000024804602046FFF769FF10BD143C0140B0
:10305000F8B502460B460025002400200021C6E0FA
:10306000012606FA01F51E6806EA0504AC4274D191
:103070001E7906F00306012E04D01E7906F0030621
:10308000022E13D190684F000326BE40B0434F007C
:10309000DE68BE4030439060506801268E40B043E9
:1030A0001E79C6F300168E40304350601E7906F03C
:1030B0000306032E09D0D0684F000326BE40B0435C
:1030C0004F009E68BE403043D0601E7906F0030674
:1030D000022E13D1CF0802F1200656F827004E0722
:1030E000F70E0F26BE40B0434F07FF0E1E69BE40CD
:1030F0003043CF0802F1200646F8270010684F0041
:103100000326BE40B0431E7906F003064F00BE40C2
:10311000304310605E6806F44036002E66D000BF73
:1031200000260096344E366846F48046324F3E60A4
:103130003E46366806F48046009600BF00BF2F4E1C
:103140008F0856F827008E07370F0F26BE40B04372
:103150002B4EB24202D1002615E047E0294EB24282
:1031600001D101260FE0284EB24201D102260AE029
:10317000264EB24201D1032605E0254EB24201D1CE
:10318000042600E007268F073F0FBE4030431B4E4A
:103190008F0846F827001F4E3068A0435E6806F48B
:1031A000803606B120431B4E3060361D3068A04388
:1031B0005E6806F4003606B12043164E361D3060B8
:1031C000361D3068A0435E6806F4801606B12043C1
:1031D000104E08363060361D3068A0435E6806F435
:1031E000001606B120430B4E0C363060491C1029E6
:1031F000FFF436AFF8BD0000443802400838014003
:10320000000002400004024000080240000C02409E
:1032100000100240003C0140014800687047000077
:103220003000002010B50446D4F8000303F0B0F8D5
:1032300010BD10B50446D4F8000303F0B4F810BD77
:1032400010B50446206804F05FFF10BD10B50446B9
:10325000206804F060FF10BD024601EB410000EB66
:10326000C10302F1380000EB830090F8280070479A
:10327000024601EB410000EBC10302F1380000EB14
:1032800083008069704770B504460D46002600BF74
:1032900094F8F802012801D1022070BD012084F8C1
:1032A000F80200BF2946206804F046FF00BF002056
:1032B00084F8F80200BF3046EFE72DE9FE4F0446E0
:1032C0000D4616461F46DDE90D9ADDF8308000BF39
:1032D00094F8F802012802D10220BDE8FE8F0120F7
:1032E00084F8F80200BF002105EB450000EBC502A1
:1032F00004F1380000EB8200417105EB450000EB62
:10330000C50104F1380000F8217005EB450000EB21
:10331000C50104F1380000EB8100A0F808A005EB1E
:10332000450000EBC50104F1380000EB8100457059
:1033300005EB450000EBC50104F1380000EB81000E
:1033400080F8079006F07F0105EB450000EBC50211
:1033500004F1380000EB8200817006F080008028C4
:103360000AD1012105EB450000EBC50204F138004C
:1033700000EB8200C17009E0002105EB450000EB85
:10338000C50204F1380000EB8200C17005EB450076
:1033900000EBC50104F1380000EB810080F80480E7
:1033A0008DE800073B4632462946206804F09CFF22
:1033B000834600BF002084F8F80200BF58468CE71F
:1033C00070472DE9F05F04460D4616461F46DDE9BD
:1033D0000C9BDDE90A8A05EB450000EBC50104F111
:1033E000380000EB8100C67005EB450000EBC5011D
:1033F00004F1380000EB8100C771B8F1000F14D15F
:10340000032105EB450000EBC50204F1380000EB99
:103410008200817205EB450000EBC50104F1380024
:1034200000EB810080F805B009E0022105EB4500C2
:1034300000EBC50204F1380000EB8200817237B165
:10344000012F76D0022F33D0032F73D173E0B8F160
:10345000010F2CD106BBB9F1000F09D1012105EBF9
:10346000450000EBC50204F1380000EB8200417713
:1034700005EB450000EBC50104F1380000EB8100CD
:10348000407F50B9002105EB450000EBC50204F177
:10349000380000EB8200817209E0022105EB450053
:1034A00000EBC50204F1380000EB820081728FE06E
:1034B000FEB905EB450000EBC50104F1380000EB57
:1034C0008100407F50B9002105EB450000EBC502AB
:1034D00004F1380000EB8200817229E0022105EB43
:1034E000450000EBC50204F1380000EB8200817258
:1034F0001EE005EB450000EBC50104F1380000EBD0
:103500008100007F50B9002105EB450000EBC502AA
:1035100004F1380000EB8200817209E0022105EB22
:10352000450000EBC50204F1380000EB8200817217
:103530004EE041E04BE0FEB905EB450000EBC50174
:1035400004F1380000EB8100407F50B9002105EB09
:10355000450000EBC50204F1380000EB82008172E7
:1035600029E0022105EB450000EBC50204F138001B
:1035700000EB820081721EE005EB450000EBC50107
:1035800004F1380000EB8100007F50B9002105EB09
:10359000450000EBC50204F1380000EB82008172A7
:1035A00009E0022105EB450000EBC50204F13800FB
:1035B00000EB820081720BE0002105EB450000EB7F
:1035C000C50204F1380000EB8200817200E000BF08
:1035D00000BF05EB450000EBC50104F1380000EB2E
:1035E0008100C0F80CA005EB450000EBC50104F11B
:1035F000380000EB8100C0F81490002105EB450075
:1036000000EBC50204F1380000EB820080F82810BE
:1036100005EB450000EBC50204F1380000EB820029
:10362000816105EB450000EBC50104F1380000EBBA
:1036300081004570002105EB450000EBC50204F157
:10364000380000EB820080F82910227C05EB45034E
:1036500003EBC50C04F1380303EB8C01206804F084
:103660001DFFBDE8F09F2DE9F04104462768B846EC
:10367000206804F05CFD01287DD1206805F090F8F9
:1036800008B9BDE8F081206805F08AF800F4001060
:10369000B0F5001F03D14FF4001021684861206885
:1036A00005F07EF800F48010B0F5801F03D14FF4D0
:1036B000801021684861206805F072F800F0806091
:1036C000B0F1806F03D14FF08060216848612068BD
:1036D00005F066F800F00200022801D12168486177
:1036E000206805F05DF800F00050B0F1005F16D1E1
:1036F0004FF0005021684861D8F8400400F0010004
:1037000068B91021384604F0E5FC384604F0CAFCDC
:103710000121206805F022F82046FFF78AFD206885
:1037200005F03EF800F08070B0F1807F02D12046B5
:1037300001F0EBFD206805F033F800F008000828E0
:1037400005D1204600F0EEF8082021684861206885
:1037500005F026F8C0F3001080B12068806920F0E1
:10376000100021688861204601F02AFE20688069E7
:1037700040F0100000E030E021688861206805F02A
:103780000FF800F00070B0F1007F26D1206804F03F
:103790007DFE0646002519E005F00F010120884056
:1037A000304090B108F5A06000EB4510006800F4CF
:1037B0000040B0F5004F04D1E9B2204600F051FEC0
:1037C00003E0E9B2204601F0FDF96D1CA068A842B3
:1037D000E2D84FF000702168486100BF51E730B572
:1037E0008BB0044614B901200BB030BD256894F8A5
:1037F000F90228B9002084F8F802204600F02AF8DF
:10380000032084F8F902E86B00F4807008B9002105
:103810002161206804F0F0FB282204F110016846C1
:10382000FDF758F894E80F0004F07AFB01212068B6
:1038300005F009F8282204F110016846FDF74AF85E
:1038400094E80F0004F012FF012084F8F902002030
:10385000CAE7000010B586B00446142101A8FDF7A0
:1038600095F82068B0F1A04F42D100BF0020009031
:103870002048006840F001001E49086008460068C2
:1038800000F00100009000BF00BF4FF4C050019055
:103890000220029000200390032004900A2005904B
:1038A00001A91548FFF7D4FB00BF1248001D0068AE
:1038B00040F080000F49091D086000BF0020009003
:1038C0000C481430006840F480400A491431086004
:1038D0000846006800F48040009000BF00BF00BFB1
:1038E00000221146432000F015F9432000F002F9B0
:1038F00006B010BD303802400000024010B504464A
:10390000D4F8000302F018FE10BD10B50446D4F838
:10391000000302F015FE10BD10B50446206804F047
:1039200074FF10BD10B50446D4F8000302F0ACFDDE
:1039300010BD10B5044600BF94F8F802012801D16B
:10394000022010BD012084F8F80200BF0121206888
:1039500004F07CFB206804F09EFB00BF002084F88C
:10396000F80200BF00BFECE710B5044600BF94F8B2
:10397000F802012801D1022010BD012084F8F802CC
:1039800000BF206804F093FF00BF002084F8F80215
:1039900000BF00BFF0E710B504460CB9012010BD10
:1039A00094F83D0028B9002084F83C00204600F03F
:1039B000ABFC242084F83D002068C06820F400504F
:1039C0002168C860204601F049FF2068006920F4A2
:1039D0009040216808612068406920F02200216839
:1039E00048612068406940F008002168486120680B
:1039F000C06840F400502168C86000202064202086
:103A000084F83D0084F83E000020C8E703480068C1
:103A100003490978084401490860704730000020D4
:103A20003800002010B50D48006840F400700B49C4
:103A300008600846006840F4806008600846006836
:103A400040F480700860032000F0A2F80F2000F01E
:103A500007F800F02BF8002010BD0000003C0240E9
:103A600070B504460E4800784FF47A71B1FBF0F05F
:103A70000C490968B1FBF0F5284600F02BFC08B1B1
:103A8000012070BD102C07D200222146501E00F0EC
:103A900041F80548046001E00120F2E70020F0E76A
:103AA000380000203C0000203400002008B500BF92
:103AB000002000900E48006840F480400C490860E7
:103AC0000846006800F48040009000BF00BF00BFBF
:103AD00000200090081F006840F08050091F086017
:103AE0000846006800F08050009000BF00BF08BD8D
:103AF0004438024001460846002809DB00F01F0355
:103B000001229A4043099B0003F1E023C3F80021FE
:103B100000BF70472DE9F05F80460D46164600272E
:103B200012F0B0FB074639462A46334601F007003B
:103B3000C0F1070ABAF1040F02D94FF0040A01E0FC
:103B4000C0F1070AD14600F1040ABAF1070F02D208
:103B50004FF0000A01E0A0F1030AD4464FF0010A39
:103B60000AFA09FAAAF1010A0AEA020A0AFA0CFA9E
:103B70004FF0010B0BFA0CFBABF1010B0BEA030B43
:103B80004AEA0B042146404612F084FBBDE8F09F50
:103B900000BF00F00702064B19684FF6FF031940FB
:103BA000044B0B4343EA0221014B196000BF7047ED
:103BB0000CED00E00000FA0570B504460D460CB9A6
:103BC000012070BD5848006800F00700A84209D2E3
:103BD00055490D700846006800F00700A84201D062
:103BE0000120EEE7207800F0020002281DD12078A5
:103BF00000F00400042805D14C48006840F4E0506F
:103C00004A490860207800F00800082805D1474894
:103C1000006840F46040454908604448006820F06E
:103C2000F000A168084341490860207800F00100D5
:103C3000A8B36068012807D13C4808380068C0F381
:103C40004040B8B90120BCE76068022802D0606833
:103C5000032807D1354808380068C0F3406048B9E8
:103C60000120AEE7314808380068C0F3400008B9C9
:103C70000120A6E72D48006820F003006168084392
:103C80002A490860FFF7C8FA064609E0FFF7C4FAB8
:103C9000801B41F28831884202D9032091E707E076
:103CA0002248006800F00C006168B0EB810FEDD194
:103CB0001D48006800F00700A84209D91A490D7094
:103CC0000846006800F00700A84201D0012078E70C
:103CD000207800F00400042807D11448006820F47C
:103CE000E050E168084311490860207800F00800BE
:103CF000082808D10D48006820F46040216940EA96
:103D0000C1000A49086000F03FF808490968C1F39A
:103D10000311074A515CC84006490860064800681C
:103D2000FFF79EFE00204CE7003C024008380240AE
:103D3000789901083C000020340000200148006808
:103D4000704700003C00002000B5FFF7F7FF044972
:103D50000968C1F38221034A515CC84000BD0000DC
:103D6000083802408899010800B5FFF7E7FF0449C9
:103D70000968C1F34231034A515CC84000BD0000EC
:103D800008380240889901082DE9F04700240025F1
:103D90000026A1462548006800F00C0020B1042848
:103DA00005D008283AD105E0DFF8849039E0DFF843
:103DB000849036E01D48001F006800F03F041B4857
:103DC000001F006800F4800078B11A481749091FE5
:103DD0000968C1F38811A0FB017001462246002347
:103DE0003846FCF7DAFA05460EE011480F49091F7C
:103DF0000968C1F38811A0FB017001462246002327
:103E00003846FCF7CAFA05460848001F0068C0F3A8
:103E10000140401C4600B5FBF6F902E0DFF81090C7
:103E200000BF00BF4846BDE8F087000008380240E8
:103E30000024F40040787D01F8B504460CB9012057
:103E4000F8BD207800F00100002874D0F94800681F
:103E500000F00C0004280DD0F648006800F00C00BB
:103E6000082813D1F348001F006800F48000B0F563
:103E7000800F0BD1EF4808380068C0F3404000289D
:103E800059D06068002856D10120D9E700BF60688A
:103E9000B0F5803F08D1E7480838006840F480302A
:103EA000E449083908601EE06068B0F5A02F0DD124
:103EB000E0480838006840F48020DE49083908608E
:103EC0000846006840F4803008600CE0D9480838A3
:103ED000006820F48030D749083908600846006837
:103EE00020F48020086000BF606890B1FFF794F96B
:103EF000054606E0FFF790F9401B642801D903202E
:103F00009EE7CC4808380068C0F340400028F1D054
:103F100011E0FFF781F9054606E0FFF77DF9401B48
:103F2000642801D903208BE7C24808380068C0F331
:103F300040400028F1D1207800F0020002285FD133
:103F4000BC48006800F00C0058B1BA48006800F0A6
:103F50000C0008281CD1B748001F006800F480003E
:103F6000B0B9B44808380068C0F3400020B1E06838
:103F7000012801D0012063E7AE480838006820F02E
:103F8000F800216940EAC100AA490839086037E011
:103F9000E06800B30120A8490860FFF73DF9054635
:103FA00006E0FFF739F9401B022801D9032047E753
:103FB000A04808380068C0F340000028F1D09D48B0
:103FC0000838006820F0F800216940EAC1009949EA
:103FD0000839086014E0002097490860FFF71CF9D1
:103FE000054606E0FFF718F9401B022801D9032017
:103FF00026E7904808380068C0F340000028F1D157
:10400000207800F0080008282CD16069A8B10120B0
:104010008A490860FFF700F9054606E0FFF7FCF85B
:10402000401B022801D903200AE782486C3000684F
:10403000C0F340000028F1D014E000207F49086060
:10404000FFF7EAF8054606E0FFF7E6F8401B02280E
:1040500001D90320F4E677486C300068C0F34000D3
:104060000028F1D1207800F00400042870D1002746
:1040700070483830006800F0805090B900BF0020D0
:1040800000906C483830006840F080506949383101
:1040900008600846006800F08050009000BF00BF34
:1040A00001276748006800F48070B0B96448006870
:1040B00040F4807062490860FFF7AEF8054606E0FC
:1040C000FFF7AAF8401B022801D90320B8E65C4894
:1040D000006800F480700028F2D000BFA0680128BA
:1040E00008D154486830006840F0010051496831F7
:1040F00008601DE0A06805280DD14E4868300068B2
:1041000040F004004B49683108600846006840F000
:10411000010008600CE047486830006820F00100AA
:104120004449683108600846006820F004000860CF
:1041300000BFA068A8B1FFF76FF8054609E0FFF7D8
:104140006BF8401B41F28831884202D9032077E6A0
:1041500026E0384868300068C0F340000028EED000
:1041600013E0FFF759F8054608E0FFF755F8401B44
:1041700041F28831884201D9032061E62D48683038
:104180000068C0F340000028EFD1012F07D1294873
:104190003830006820F0805026493831086000BF70
:1041A000A069002845D02348006800F00C000828CA
:1041B0005DD0A069022845D100201F490866FFF79D
:1041C0002BF8054606E0FFF727F8401B022801D927
:1041D000032035E6174808380068C0F3406000281F
:1041E000F1D1D4E907010843616A40EA8111012253
:1041F000A06AC2EB500041EA00412C20005D41EA78
:1042000000600C49091F086001200B490866FFF790
:1042100003F8054606E0FEF7FFFF401B022801D920
:1042200003200DE6034808380068C0F3406000280A
:10423000F1D049E00838024000004742800E474272
:1042400000700040002021490866FEF7E5FF0546A2
:1042500006E0FEF7E1FF401B022801D90320EFE54D
:104260001B480068C0F340600028F2D12CE0A06930
:10427000012800D1E4E51648001D0668A069012860
:1042800020D006F48001E06981421BD106F03F0195
:10429000206A814216D147F6C0703040616AB0EBA7
:1042A000811F0FD106F440310122A06AC2EB5000F9
:1042B000B1EB004F06D106F070612C20005DB1EB30
:1042C000006F01D00120BBE50020B9E500004742A6
:1042D0000038024070B504462546681EB0F1807F64
:1042E00001D301200FE0681E4FF0E02148610F214B
:1042F0004FF0FF3011F0CEFF00204FF0E021886139
:1043000007200861002070BD10B586B00446142156
:1043100001A8FCF73BFB1B49206888422FD100BF56
:10432000002000901848006840F01000164908600E
:104330000846006800F01000009000BF00BF00BFFA
:104340000020009010481438006840F002000E4928
:10435000143908600846006800F00200009000BFB1
:1043600000BF402001901220029001200390032002
:1043700004900720059001A90448FEF769FE06B0E5
:1043800010BD00000010014044380240000402400B
:104390002DE9F84F04460E46174699464FF0000A9D
:1043A00094F83D0020285AD106B117B90120BDE884
:1043B000F88F00BF94F83C00012801D10220F6E7F5
:1043C000012084F83C0000BF00202064212084F8F4
:1043D0003D00FEF721FF8246A784E784A068B0F580
:1043E000805F04D1206910B90025B04602E035464F
:1043F0004FF0000800BF002084F83C0000BF1BE025
:104400005346002280212046CDF8009001F03CFB6D
:1044100008B10320CBE745B9B8F80000C0F30800A5
:104420002168486008F1020803E0287821684860A4
:104430006D1CE08C401EE084E08C0028E0D15346E7
:10444000002240212046CDF8009001F01DFB08B16C
:104450000320ACE7202084F83D000020A7E70220DD
:10446000A5E72DE9F04705468846D5F800904E4669
:10447000444606F5A06000EB4410806800F004009C
:10448000042812D1042106F5A06000EB44108160DD
:1044900006F5A06000EB4410C06840F0020106F58C
:1044A000A06000EB4410C160C9E006F5A06000EB1D
:1044B0004410806800F48070B0F5807F22D14FF402
:1044C000807106F5A06000EB44108160072104EBC9
:1044D000440000EBC40205F1380000EB820080F8D4
:1044E000291006F5A06000EB4410C06840F00201FE
:1044F00006F5A06000EB4410C160E1B2286803F04B
:104500001BFE9CE006F5A06000EB4410806800F004
:104510002000202806D1202106F5A06000EB4410E1
:1045200081608CE006F5A06000EB4410806800F02C
:104530000800082827D106F5A06000EB4410C068E9
:1045400040F0020106F5A06000EB4410C1600521B7
:1045500004EB440000EBC40205F1380000EB8200DC
:1045600080F82910102106F5A06000EB441081604E
:10457000082106F5A06000EB44108160E1B22868D4
:1045800003F0DAFD5BE006F5A06000EB4410806804
:1045900000F48060B0F5806F27D106F5A06000EBD5
:1045A0004410C06840F0020106F5A06000EB441022
:1045B000C160082104EB440000EBC40205F138009F
:1045C00000EB820080F82910102106F5A06000EBB6
:1045D00044108160890106F5A06000EB4410816001
:1045E000E1B2286803F0A8FD29E006F5A06000EB21
:1045F0004410806800F08000802820D106F5A0607B
:1046000000EB4410C06840F0020106F5A06000EB2A
:104610004410C160062104EB440000EBC40205F124
:10462000380000EB820080F82910E1B2286803F01E
:1046300083FD802106F5A06000EB4410816006F543
:10464000A06000EB4410806800F40070B0F5007FBB
:1046500017D106F5A06000EB4410C06840F00201DD
:1046600006F5A06000EB4410C160E1B2286803F0D9
:1046700063FD4FF4007106F5A06000EB441081600B
:104680009EE206F5A06000EB4410806800F0010097
:1046900000287DD02869C8B104EB440000EBC401B8
:1046A00005F1380000EB8100016906F5A06000EB20
:1046B00044100069C0F31200091A04EB440000EB37
:1046C000C40205F1380000EB82008161012104EB96
:1046D000440000EBC40205F1380000EB820080F8D2
:1046E0002910002104EB440000EBC40205F138005E
:1046F00000EB82004162012106F5A06000EB44104E
:10470000816004EB440000EBC40105F1380000EBCC
:104710008100C07950B104EB440000EBC40105F105
:10472000380000EB8100C079022816D106F5A060A0
:1047300000EB4410C06840F0020106F5A06000EBF9
:104740004410C160E1B2286803F0F6FC102106F5C0
:10475000A06000EB441081606AE004EB440000EBD1
:10476000C40105F1380000EB8100C079032827D18E
:1047700006F5A06000EB4410006840F0005106F51B
:10478000A06000EB44100160012104EB440000E054
:1047900093E000EBC40205F1380000EB820080F8E2
:1047A000281004EB440000EBC40305F1380000EBD3
:1047B000830090F82820E1B22846FEF701FE37E09A
:1047C00004EB440000EBC40105F1380000EB81006C
:1047D000C07901282CD1012104EB440000EBC40274
:1047E00005F1380000EB820080F8281004EB44004B
:1047F00000EBC40105F1380000EB8100007F80F080
:10480000010104EB440000EBC40205F1380000EBA9
:104810008200017704EB440000EBC40305F138008B
:1048200000EB830090F82820E1B22846FEF7C8FD8F
:10483000286901282CD104EB440000EBC40105F1E8
:10484000380000EB8100016904EB440000EBC40276
:1048500005F1380000EB82000089B1FBF0F000F0B8
:104860000100002813D004EB440000EBC40105F163
:10487000380000EB8100007F80F0010104EB440070
:1048800000EBC40205F1380000EB8200017797E1EC
:1048900004EB440000EBC40105F1380000EB81009B
:1048A000007F80F0010104EB440000EBC40205F13D
:1048B000380000EB8200017782E106F5A06000EB92
:1048C0004410806800F0020002287DD106F5A06047
:1048D00000EB4410C06820F0020106F5A06000EB78
:1048E0004410C16004EB440000EBC40105F1380042
:1048F00000EB810090F8290001280BD1012104EB85
:10490000440000EBC40205F1380000EB820080F89F
:104910002810CFE004EB440000EBC40105F138009F
:1049200000EB810090F8290005280BD1052104EB4C
:10493000440000EBC40205F1380000EB820080F86F
:104940002810B7E004EB440000EBC40105F1380087
:1049500000EB810090F8290006280BD004EB4400FE
:1049600000EBC40105F1380000EB810090F829004C
:1049700008284FD104EB440000EBC40105F13800D6
:1049800000EB8100406A401C04EB440101EBC402CF
:1049900005F1380101EB8201486204EB440000EBB1
:1049A000C40105F1380000EB8100406A022817D9E4
:1049B000002104EB440000EBC40205F1380000EBD9
:1049C00082004162042100E089E004EB440000EB36
:1049D000C40205F1380000EB820080F8281069E07D
:1049E000022104EB440000EBC40205F1380000EBA7
:1049F000820080F8281006F5A06000EB44100768DC
:104A000027F0804747F0004706F5A06000EB441010
:104A100007604FE004EB440000EBC40105F13800EF
:104A200000EB810090F82900032819D1022104EB42
:104A3000440000EBC40205F1380000EB820080F86E
:104A4000281006F5A06000EB4410076827F08047A7
:104A500047F0004706F5A06000EB4410076029E02E
:104A600004EB440000EBC40105F1380000EB8100C9
:104A700090F8290007281DD104EB440000EBC40185
:104A800005F1380000EB8100406A401C04EB440152
:104A900001EBC40205F1380101EB820148620421F7
:104AA00004EB440000EBC40205F1380000EB820087
:104AB00080F82810022106F5A06000EB4410816008
:104AC00004EB440000EBC40305F1380000EB830065
:104AD00090F82820E1B22846FEF772FC70E006F557
:104AE000A06000EB4410806800F01000102867D12F
:104AF00004EB440000EBC40105F1380000EB810039
:104B0000C07903281AD1002104EB440000EBC40251
:104B100005F1380000EB8200416206F5A06000EB71
:104B20004410C06840F0020106F5A06000EB44109C
:104B3000C160E1B2286803F0FFFA3BE004EB4400F7
:104B400000EBC40105F1380000EB8100C07950B1E1
:104B500004EB440000EBC40105F1380000EB8100D8
:104B6000C079022826D1002104EB440000EBC402E6
:104B700005F1380000EB820041622869D0B90321B9
:104B800004EB440000EBC40205F1380000EB8200A6
:104B900080F8291006F5A06000EB4410C06840F0D2
:104BA000020106F5A06000EB4410C160E1B2286884
:104BB00003F0C2FA102106F5A06000EB44108160FA
:104BC000BDE8F0872DE9F04705460F46D5F800907F
:104BD0004E463C4606F5A06000EB4410806800F0AD
:104BE0000400042812D1042106F5A06000EB441053
:104BF000816006F5A06000EB4410C06840F002013F
:104C000006F5A06000EB4410C1607CE306F5A060EF
:104C100000EB4410806800F02000202836D12021CD
:104C200006F5A06000EB4410816004EB440000EB4B
:104C3000C40105F1380000EB810040790128E4D17E
:104C4000002104EB440000EBC40205F1380000EB46
:104C500082004171022104EB440000EBC40205F123
:104C6000380000EB820080F8281006F5A06000EB09
:104C70004410C06840F0020106F5A06000EB44104B
:104C8000C160E1B2286803F057FA3CE306F5A06082
:104C900000EB4410806800F40070B0F5007F17D17D
:104CA00006F5A06000EB4410C06840F0020106F574
:104CB000A06000EB4410C160E1B2286803F03CFA48
:104CC0004FF4007106F5A06000EB441081601AE318
:104CD00006F5A06000EB4410806800F00100E8B326
:104CE000002104EB440000EBC40205F1380000EBA6
:104CF0008200416206F5A06000EB4410806800F07D
:104D0000400040280FD1012104EB440000EBC40215
:104D100005F1380000EB82004171402106F5A060EA
:104D200000EB4410816006F5A06000EB4410C06801
:104D300040F0020106F5A06000EB4410C160E1B252
:104D4000286803F0F9F9012106F5A06000EB441092
:104D5000816004EB440000EBC40200E006E005F1D2
:104D6000380000EB820080F82910CCE206F5A06044
:104D700000EB4410806800F04000402835D1042149
:104D800004EB440000EBC40205F1380000EB8200A4
:104D900080F82910012104EB440000EBC40205F166
:104DA000380000EB82004171002104EB440000EB6D
:104DB000C40205F1380000EB8200416206F5A060F4
:104DC00000EB4410C06840F0020106F5A06000EB63
:104DD0004410C160E1B2286803F0AEF9402106F545
:104DE000A06000EB441081608DE206F5A06000EB4E
:104DF0004410806800F00800082821D1082106F539
:104E0000A06000EB4410816006F5A06000EB441048
:104E1000C06840F0020106F5A06000EB4410C160DC
:104E2000E1B2286803F088F9052104EB440000EBA7
:104E3000C40205F1380000EB820080F8291062E21C
:104E400006F5A06000EB4410806800F01000102808
:104E500049D1002104EB440000EBC40205F1380005
:104E600000EB82004162032104EB440000EBC4022A
:104E700005F1380000EB820080F8291004EB4400B3
:104E800000EBC40105F1380000EB8100407998B9CE
:104E900004EB440000EBC40105F1380000EB810095
:104EA000007948B9012104EB440000EBC40205F18C
:104EB000380000EB8200417106F5A06000EB441061
:104EC000C06840F0020106F5A06000EB4410C1602C
:104ED000E1B2286803F030F9102106F5A06000EB7C
:104EE000441081600FE206F5A06000EB441080687A
:104EF00000F08000802872D12869D8B9062104EB1F
:104F0000440000EBC40205F1380000EB820080F899
:104F1000291006F5A06000EB4410C06840F00201C3
:104F200006F5A06000EB4410C160E1B2286803F010
:104F300003F94CE004EB440000EBC40105F1380038
:104F400000EB8100406A401C04EB440101EBC40209
:104F500005F1380101EB8201486204EB440000EBEB
:104F6000C40105F1380000EB8100406A022823D912
:104F7000002104EB440000EBC40205F1380000EB13
:104F800082004162042104EB440000EBC40205F1FD
:104F9000380000EB820080F8281004EB440000EB9E
:104FA000C40305F1380000EB830090F82820E1B23B
:104FB0002846FEF705FA0AE0022104EB440000EB64
:104FC000C40205F1380000EB820080F8281080212F
:104FD00006F5A06000EB4410816094E1FFE706F560
:104FE000A06000EB4410806800F48060B0F5806F32
:104FF00027D106F5A06000EB4410C06840F0020124
:1050000006F5A06000EB4410C160E1B2286803F02F
:1050100093F8102106F5A06000EB4410816089012F
:1050200006F5A06000EB44108160082104EB440009
:1050300000EBC40205F1380000EB820080F8291073
:1050400061E106F5A06000EB4410806800F002000A
:105050000228C2D106F5A06000EB4410C06820F021
:10506000020106F5A06000EB4410C16004EB4400AF
:1050700000EBC40105F1380000EB810090F8290035
:1050800001287DD1012104EB440000EBC40205F1AD
:10509000380000EB820080F8281004EB440000EB9D
:1050A000C40105F1380000EB8100C07902280AD064
:1050B00004EB440000EBC40105F1380000EB810073
:1050C000C07903285AD1286998B904EB440000EB51
:1050D000C40105F1380000EB8100407F80F0010140
:1050E00004EB440000EBC40205F1380000EB820041
:1050F00041772869012841D104EB440000EBC40149
:1051000005F1380000EB81004069002836D004EB3F
:10511000440000EBC40105F1380000EB8100416957
:1051200004EB440000EBC40205F1380000EB820000
:1051300000890844401E04EB440101EBC40205F160
:10514000380101EB82010989B0FBF1FA0AF0010094
:10515000002813D004EB440000EBC40105F1380033
:1051600000EB8100407F80F0010104EB440000EB84
:10517000C40205F1380000EB82004177AFE0FFE7A1
:1051800004EB440000EBC40105F1380000EB8100A2
:1051900090F8290003280BD1022104EB440000EB16
:1051A000C40205F1380000EB820080F8281096E078
:1051B00004EB440000EBC40105F1380000EB810072
:1051C00090F8290004280BD1022104EB440000EBE5
:1051D000C40205F1380000EB820080F828107EE060
:1051E00004EB440000EBC40105F1380000EB810042
:1051F00090F8290005280BD1052104EB440000EBB1
:10520000C40205F1380000EB820080F8281066E047
:1052100004EB440000EBC40105F1380000EB810011
:1052200090F8290006280BD004EB440000EBC401E1
:1052300005F1380000EB810090F8290008284ED1D4
:1052400004EB440000EBC40105F1380000EB8100E1
:10525000406A401C04EB440101EBC40205F1380133
:1052600001EB8201486204EB440000EBC40105F14C
:10527000380000EB8100406A022815D9002104EBB8
:10528000440000EBC40205F1380000EB82004162EB
:10529000042104EB440000EBC40205F1380000EBEC
:1052A000820080F828101AE0022104EB440000EB91
:1052B000C40205F1380000EB820080F8281006F5E2
:1052C000A06000EB4410D0F8008028F0804848F03F
:1052D000004806F5A06000EB4410C0F800800221F1
:1052E00006F5A06000EB4410816004EB440000EB85
:1052F000C40305F1380000EB830090F82820E1B2E8
:105300002846FEF75DF8BDE8F0877CB504462668C0
:105310003546D5F840040190D5F840040090009837
:1053200020F02E000090019800F0020002280AD11F
:10533000019800F0010010B12046FDF773FF0098BE
:1053400040F002000090019800F0080008282AD1DF
:10535000009840F008000090019800F00400042834
:105360001ED1A06902280FD1019800F4C020B0F529
:10537000802F04D10221206803F0F0F90CE0012114
:10538000206803F0EBF907E0E068012804D14EF64D
:10539000602140F2044041512046FEF7B6FA02E097
:1053A0002046FEF7ABFA019800F02000202803D138
:1053B000009840F0200000900098C5F840047CBDA3
:1053C0002DE9F84F0546D5F800B05F462868D0F8BB
:1053D000208008F00F04C8F343400090C8F30A1679
:1053E0000098022806D003287DD005287CD0072805
:1053F0007BD1A3E0002E79D004EB440000EBC40184
:1054000005F1380000EB8100C06800286ED004EB85
:10541000440000EBC40105F1380000EB8100806915
:10542000811904EB440000EBC40205F1380000EBE5
:1054300082004069814272D8B2B204EB440303EBAC
:10544000C40C05F1380303EB8C03D968286803F01A
:10545000ACF904EB440000EBC40105F1380000EBAB
:105460008100C068811904EB440000EBC40205F11F
:10547000380000EB8200C16004EB440000EBC40183
:1054800005F1380000EB81008069811904EB4400CC
:1054900000EBC40205F1380000EB8200816107F5E2
:1054A000A06000EB44100069C0F3C94A04EB44005B
:1054B00000EBC40105F1380000EB81000089B04227
:1054C00038D1BAF1000F35D007F5A06000EB4410D9
:1054D000D0F8009029F0804949F0004907F5A06014
:1054E00000EB441003E028E025E025E022E0C0F8CE
:1054F000009004EB440000EBC40105F1380000EB20
:105500008100007F80F0010104EB440000EBC40245
:1055100005F1380000EB820001770BE0FFE7042182
:1055200004EB440000EBC40205F1380000EB8200FC
:1055300080F8281003E002E000BF00BF00BF00BFFA
:10554000BDE8F88F024903A0FAF79EFF00BFFEE70F
:105550002AED00E00A206661756C742068616E6453
:105560006C657220202578001FB500200090019006
:10557000029003902E48FCF703FF2E482C49086048
:105580004FF4803048600021294881600121016189
:105590000021017680F82010C16227498162002134
:1055A000C1600521C161002180F8301001214161F5
:1055B000FCF70AFF08B1FCF796FC072000900120D9
:1055C00001900320029069461948FCF711FE08B1CA
:1055D000FCF789FC012000900220019069461448E4
:1055E000FCF706FE08B1FCF77EFC042000900320C7
:1055F000019069460E48FCF7FBFD08B1FCF773FC0F
:10560000052000900420019069460948FCF7F0FD50
:1056100008B1FCF768FC082000900520019069465D
:105620000348FCF7E5FD08B1FCF75DFC1FBD000079
:1056300078030020002001400100000F08B500BFE2
:10564000002000900A48006840F480000849086083
:105650000846006800F48000009000BF0022114658
:105660003820FEF757FA3820FEF744FA08BD00004C
:105670003038024010B503490348FCF737FC0349B2
:10568000087010BD410000209099010840000020E2
:1056900000B587B0142102A8FBF778F900BF0020FD
:1056A00001903748006840F004003549086008461A
:1056B000006800F00400019000BF00BF00200190CE
:1056C0000846006840F0800008600846006800F066
:1056D0008000019000BF00BF0020019008460068D4
:1056E00040F0010008600846006800F001000190E9
:1056F00000BF00BF002001900846006840F0020093
:1057000008600846006800F00200019000BFB22067
:1057100002904FF4441003900020049002A919480D
:10572000FDF796FC012002904FF4441003900020F6
:10573000049002A91448FDF78BFC002211460620B4
:10574000FEF7E8F90620FEF7D5F9002211460720FA
:10575000FEF7E0F90720FEF7CDF9002211460A20F6
:10576000FEF7D8F90A20FEF7C5F9002211461720E6
:10577000FEF7D0F91720FEF7BDF907B000BD000015
:1057800030380240000002400004024010B50122FF
:105790000A490B4800F0C5FD08B1FCF7A4FB094914
:1057A000074802F085FA08B1FCF79DFB044802F0B7
:1057B000E8FA08B1FCF797FB10BD0000AD02010844
:1057C000202500205000002010B5024802F00CF9FE
:1057D00010BD00002025002000BFFEE700BFFEE74F
:1057E00010B50248FDF73FFF10BD0000F82800206B
:1057F0007047704710B5FEF709F910BD03480068FF
:1058000040F47000014908607047000088ED00E036
:1058100010B50748006800F0010040B105480CF0E1
:1058200000FA0348006820F001000149086010BD3B
:1058300010480140C830002010B50748006800F04B
:10584000010038B103F0DEF80348006820F00100E1
:105850000149086010BD0000104401402DE9F84FD7
:1058600004462068006920F44050E168084321683C
:1058700008612169A068084361690843E169084338
:1058800000902068C06849F20C6188430099084381
:105890002168C8602068406920F44070A16908430D
:1058A0002168486176492068884203D0754920689C
:1058B000884203D1FEF758FA814602E0FEF744FA27
:1058C0008146E069B0F5004F6CD102206168A0FB11
:1058D000015003461920A9FB007001462A463846AC
:1058E000FAF75BFD6421B0FBF1F04FEA001A0220E9
:1058F0006168A0FB01510B461920A9FB00712A46E3
:105900003846FAF74AFD834602206168A0FB015041
:1059100003461920A9FB00712A463846FAF73DFDD7
:105920006421B0FBF1F000EBC00101EB0010ABEB28
:105930008000322101EBC0006421B0FBF1F000F0E7
:10594000F8000AEB400A02206168A0FB0150034600
:105950001920A9FB007001462A463846FAF71DFDBA
:10596000834602206168A0FB015003461920A9FB71
:1059700000712A463846FAF710FD6421B0FBF1F0B9
:1059800000EBC00101EB0010ABEB8000322101EB1A
:10599000C0006421B0FBF1F000F007005044216822
:1059A00088606AE004206168A0FB0150034619206A
:1059B000A9FB007001462A463846FAF7EEFC8246FB
:1059C00004206168A0FB015003461920A9FB007068
:1059D00001462A463846FAF7E0FC6421B0FBF1F0B4
:1059E00000EBC00101EB0010AAEB8000322101EBBB
:1059F00000106421B0FBF1F000F0F00A04206168AF
:105A0000A0FB017003461920A9FB00513A46284625
:105A1000FAF7C3FC6421B0FBF1F00AEB001A042092
:105A20006168A0FB01510B461920A9FB00712A46B1
:105A30003846FAF7B2FC834604206168A0FB0150A7
:105A400003461920A9FB007001462A463846FAF79A
:105A5000A4FC6421B0FBF1F000EBC00101EB0010ED
:105A6000ABEB8000322101EB00106421B0FBF1F0C0
:105A700000F00F00504421688860BDE8F88F0000F6
:105A800000100140001401402DE9F04104460D468C
:105A900017469846069E34E0701C88B32EB1FDF779
:105AA000BBFBA0EB0800B0422BD900BF00BF2168B0
:105AB0000C3151E8001F21F4D07021680C3141E80D
:105AC0000002002AF3D100BF00BF00BF21681431DB
:105AD00051E8001F21F001002168143141E8000263
:105AE000002AF3D100BF202084F83D0084F83E0056
:105AF00000BF002084F83C0000BF0320BDE8F08117
:105B0000FFE7206800682840A84201D1012000E09A
:105B10000020B842C0D00020F0E770B506460D4620
:105B2000304600F029F904464FF6FF70844207D052
:105B300045F4004104F00F0206F5617040F82210B0
:105B4000E0B270BD2DE9FF4107460C4615461E46E2
:105B50000020012102230A468DE8320003903146DD
:105B6000384600F044FD002004B0BDE8F0812DE986
:105B7000FF4104460D4617461E46DDF8288094F87E
:105B80001D0308B14FF00008012002230022314616
:105B90008DE8A101204600F02AFD002004B0BDE8F8
:105BA000F08170B504460D462946204600F0DDFB25
:105BB000002070BD70B504460D46A078012807D1BD
:105BC000022121740121617400216182A582E18298
:105BD00000221146204600F016F870BD2DE9FF4165
:105BE00007460C4615461E460020012103460A467C
:105BF0008DE8320003903146384600F0F8FC002072
:105C000004B0BDE8F0812DE9F04104460E46174688
:105C10000125A078012802D0022819D107E0A6604A
:105C2000A781012121760220A070012511E02046E4
:105C300000F01EF905460DB1032D04D10120A0701E
:105C40000021217603E0022D01D10120A07000E0A7
:105C500000BF00BF2846BDE8F0812DE9FF410446A2
:105C60000D4617461E46DDF8288094F81D0308B13E
:105C70004FF00008012000231A4631468DE8A101AB
:105C8000204600F0B4FC002004B0BDE8F0817FB5F0
:105C900006460C46154600200821CDE900040346BF
:105CA0000246CDE902102946304600F0A0FC002053
:105CB00004B070BD10B504462046FCF7B3FF10BD1C
:105CC000F0B506460C4615460022002106F54E7733
:105CD0001AE002EB820000EBC20C07F10A0000EBB5
:105CE0004C014879A04201D0FF2C0BD18879A84201
:105CF00001D0FF2D06D1C879984201D0FF2B01D1E8
:105D00001046F0BD501CC2B2022AE2D3FF20F8E7D1
:105D100002460B2909D202F5617030F82100C0F368
:105D20000E0302F5617040F82130002070472DE924
:105D3000F04104460E4615461F46DDF81880A0784F
:105D4000012812D146F08001217406216174658218
:105D500005F47F40B0F5407F03D140F20941A182B4
:105D600001E00021A182A4F816804246394620466F
:105D7000FFF749FFBDE8F0810246002100BF0AE0BD
:105D800002F5617030F8210000F4004008B90846BF
:105D90007047481CC1B20B29F2D34FF6FF70F7E7EA
:105DA00010B502460B88147823440B80137898189A
:105DB00010BDF8B504460D4604F11C0633464FF4F9
:105DC0000072002120460095FFF7B1FF071E05D1A4
:105DD0002A46314604F54E7001F02FFD3846F8BDD5
:105DE000F8B504460D4604F58E734FF48072002119
:105DF00020460095FFF79BFF061E06D12A4604F5B4
:105E00008E7104F2263001F085FD3046F8BD2DE993
:105E1000F84304460E4617461D4646F4407204F504
:105E20008E73002120460095FFF781FFB0F1000836
:105E300005D12A46394604F58E7001F0BAFD404678
:105E4000BDE8F8830146002031B1012906D00229BE
:105E500006D0032908D105E0002007E0022005E074
:105E6000012003E0022001E0022000BF00BF7047D4
:105E7000F8B5044601270025207E0C286FD2DFE804
:105E800000F0DD060F323E505E7A869AA8BD627938
:105E900004F110012046FFF7FAFE02212176CEE040
:105EA0006179204600F0E7FA0546012D14D1207CE7
:105EB00000F08006E08A38B1802E02D103212176DD
:105EC00010E0052121760DE0802E02D109212176F6
:105ED00008E00721217605E0042D01D0022D01D133
:105EE0000B212176ABE0D4F8C403E0812379A289A9
:105EF0002046A168FFF772FE042121769FE02179F8
:105F0000204600F0B8FA0546012D01D1092121767D
:105F1000052D01D1032703E0042D01D10B212176AA
:105F20008DE0012000906379A2892046A168FFF7E7
:105F300094FED4F8C403E081062121767FE06179E4
:105F4000204600F098FA0546012D02D1072121765E
:105F500010E0052D04D10C21217603270AE06DE025
:105F6000022D02D10521217604E0042D02D10B215E
:105F70002176022763E02379002211462046FFF7AD
:105F80002DFED4F8C403E0810821217657E0217961
:105F9000204600F070FA0546012D03D10D2121762F
:105FA000002707E0042D02D10B21217602E0052D08
:105FB00000D1032743E001200090637900221146BD
:105FC0002046FFF74AFED4F8C403E0810A21217677
:105FD00035E06179204600F04EFA0546012D03D1E7
:105FE00000270D21217608E0022D02D1092121761A
:105FF00003E0042D01D10B21217620E0607E401CBE
:10600000C1B26176022904D8012121760120A07055
:1060100013E006212046D4F8D4239047002161766E
:1060200000BF00BF61792046FFF772FE217920464C
:10603000FFF76EFE00202070022700E000BF00BFC7
:106040003846F8BDFEB504460126012560780828CB
:1060500074D2DFE800F0044874ABD2FDEFEE082103
:106060002046FFF7BDFE054605BB94F82D13A17130
:1060700001206070A079002294F81D13CDE9001270
:10608000029094F81C3321798022204601F0C0FB55
:10609000A079002294F81D13CDE90012029094F823
:1060A0001C336179204601F0B3FB1BE0032D19D1AD
:1060B00000BF00BF94F81E03401C84F81E0394F830
:1060C0001E03032804D900BF00BF0D20207009E083
:1060D00061792046FFF71CFE21792046FFF718FE64
:1060E000002020700CE112212046FFF779FE0546C2
:1060F00035B900BF00BF00BF00BF022060701CE0C8
:10610000032D1AD100BF00BF94F81E03401C84F871
:106110001E0394F81E03032804D900BF00BF0D20FE
:1061200020700AE061792046FFF7F2FD21792046D0
:10613000FFF7EEFD002060702070E1E0DFE001215C
:10614000204601F0E2FD05462DBB0220FFF7B2FD1F
:10615000012184F81C1300BF00BF03206070A079E8
:10616000002294F81D13CDE90012029094F81C331C
:1061700021798022204601F04BFBA079002294F87F
:106180001D13CDE90012029094F81C33617920466A
:1061900001F03EFB09E0032D07D100BF00BF00BFA7
:1061A00000BF0D20207000206070A9E0092120466A
:1061B000FFF7FFFD054615B9042060701CE0032DB4
:1061C0001AD100BF00BF94F81E03401C84F81E03C0
:1061D00094F81E03032804D900BF00BF0D202070CF
:1061E0000AE061792046FFF793FD21792046FFF709
:1061F0008FFD00206070207082E0B4F83A132046D2
:10620000FFF7D7FD054615B9052060701FE0032D87
:106210001DD100BF00BF94F81E03401C84F81E036C
:1062200094F81E03032807D900BF00BF0D2020707B
:106230000DE049E02AE00BE061792046FFF768FDB8
:1062400021792046FFF764FD00206070207057E040
:1062500094F83403A8B194F83413FF2304F58E7234
:106260002046FFF7D4FD054625B900BF00BF062034
:1062700060700AE0032D08D100BF00BF06206070E7
:1062800003E000BF00BF0620607039E094F83503DA
:10629000A8B194F83513FF2304F58E722046FFF75A
:1062A000B6FD054625B900BF00BF072060700AE0B3
:1062B000032D08D100BF00BF0720607003E000BFBE
:1062C00000BF072060701BE094F8360398B194F883
:1062D0003613FF2304F58E722046FFF798FD05461E
:1062E0001DB900BF00BF002608E0032D06D100BF86
:1062F00000BF002602E000BF00BF002600E000BF94
:1063000000BF3046FEBD10B5044620780B2807D1EB
:10631000D4F87C0320B1D4F87C03816920468847F7
:1063200010BD70B504460D4616461CB900BF00BF2F
:10633000022070BD84F8CC630020C4F87C03C4F84C
:1063400080032046FBF787FD002184F8231384F89F
:10635000201384F8211384F822130DB1C4F8D45308
:10636000204600F09DF80020E3E72DE9F0410446C7
:106370000D46002600272946D4F8D003FCF783FFFA
:1063800006463046FFF75EFD07463846BDE8F08119
:106390000146012281F82023002281F8212381F87F
:1063A00022230020704710B50446012184F82113F0
:1063B000002184F8201384F82313204600F008F904
:1063C00021792046FFF7A4FC61792046FFF7A0FC65
:1063D000002010BD70B504460D4694F8CC0301288A
:1063E00000D100BFC820FCF71DFC002070BD70B5B7
:1063F00004460D462946D4F8D003FCF739FF70BD9A
:1064000070B504460125D4F8D003FCF71FFF20B176
:10641000012804D0022806D103E0002505E001256B
:1064200003E0022501E0012500BF00BF284670BD42
:1064300030B5034600BFD3F8D02301EB410404EB91
:10644000C10502F1380404EB8504E4784CB101EB9A
:10645000410404EBC10502F1380404EB8504207FFC
:1064600008E001EB410404EBC10502F1380404EB40
:106470008504607F30BD70B504460D462946D4F8CA
:10648000D003FCF7E9FE70BD10B50446D4F8C40390
:10649000401CC4F8C4032046FFF735FF10BD0000C0
:1064A00070B5044694F8CC03012820D11148C0F8F7
:1064B0000043C4F8D0034FF0A0400E490860082103
:1064C0000C4881600121C1600021016102218161CC
:1064D0000021C161FDF783F908B1FBF704FD054810
:1064E000FCF7AEFE05462946204600F03CF80020A9
:1064F00070BD0000F82800202DE9FF5F04460D461E
:1065000016461F46DDE90F9ADDF838804FF0000B84
:10651000002003908DE800073B4632462946D4F818
:10652000D003FCF7CAFE83465846FFF78BFC039066
:10653000039804B0BDE8F09F002280F82323704741
:10654000012280F82323704770B5044600250026F9
:10655000D4F8D003FDF7E0F905462846FFF772FCB2
:106560000646304670BDC0F8C413704730B50446C7
:10657000D4F8D03301EB410000EBC10503F1380042
:1065800000EB8500C07848B101EB410000EBC1058C
:1065900003F1380000EB8500027708E001EB4100D1
:1065A00000EBC10503F1380000EB850042770020C5
:1065B00030BD70B5044600250026D4F8D003FDF7A1
:1065C000B8F905462846FFF73DFC0646304670BD43
:1065D00070B5044600250026D4F8D003FDF7C4F9B1
:1065E00005462846FFF72EFC0646304670BD2DE9CD
:1065F000F04F87B004460D4616461F46DDE912AB44
:10660000DDE910890020069005908DE8000F3B46DB
:1066100032462946D4F8D003FCF7D3FE06900698FC
:10662000FFF710FC0590059807B0BDE8F08F2DE945
:10663000F0410446884615460227D4F87C03C66913
:1066400015B1012D0CD105E0F1792046FFF7B2FA22
:10665000074606E0B1792046FFF7ACFA074600E0AE
:1066600000BF00BF3846BDE8F08100000246D2F806
:106670007C03C169054B4B65054B8B65012381F894
:10668000503081F85230002070470000555342438B
:10669000504030202DE9F84F074688464FF0010959
:1066A0000126B2460025D7F87C03C469AB4694F8AE
:1066B00050000C2874D2DFE800F07306153C4774D4
:1066C00081B5C0DFF2F084F86180022184F85010B7
:1066D0000120009063791F2204F154013846FFF72E
:1066E00046FA0AE161793846FFF7C5FE0546012DF5
:1066F00013D1E06D68B194F8600000F0800080284C
:1067000003D1032184F8501012E0052184F85010C1
:106710000EE0072184F850100AE0022D03D1012178
:1067200084F8501004E0052D02D10A2184F850109D
:10673000E3E0237962898C2001593846FFF702FA99
:10674000042184F85010D8E021793846FFF793FEF1
:106750000546012D1ED16189E06D88420AD98C2041
:106760000059618901448C2001516189E06D411A11
:10677000E16501E00021E165E06D38B123796289CE
:106780008C2001593846FFF7DDF908E0072184F82D
:10679000501004E0052D02D1092184F85010ACE01E
:1067A000AAE001200090637922898C2001593846A3
:1067B000FFF7DDF9062184F850109EE06179384634
:1067C000FFF759FE0546012D20D12189E06D884251
:1067D0000AD98C200059218901448C20015121893A
:1067E000E06D411AE16501E00021E165E06D48B12D
:1067F00001200090637922898C2001593846FFF7E7
:10680000B6F90EE0072184F850100AE0022D03D1FA
:10681000052184F8501004E0052D02D10A2184F8E6
:1068200050106AE023790D2204F178013846FFF711
:1068300089F9082184F850105FE021793846FFF784
:106840001AFE0546012D11D1012184F8501084F85B
:106850005210384600F0C6F88246BAF1000F02D155
:106860004FF0000907E04FF0020904E0052D02D1C6
:10687000092184F8501040E0002241463846FFF7D5
:10688000D6FE06461EB9072184F8501004E0042EF7
:1068900002D10B2184F850102FE022E0FFE7012203
:1068A00041463846FFF7C3FE0646A6B96179384629
:1068B000FFF7BEFD8346CBF10100C2B261793846D5
:1068C000FFF754FE217900223846FFF74FFE0921D9
:1068D00084F8501004E0042E02D10B2184F85010EB
:1068E0000BE0384600F01FF88146B9F1000F02D1E5
:1068F000012184F8501000E000BF00BF4846BDE809
:10690000F88F70B504460D46A1212174FE216174F3
:1069100000216182A1820121E182012229462046D3
:10692000FFF771F970BD10B5044621212174FF21D4
:10693000617400216182A182E18200221146204619
:10694000FFF761F910BD2DE9F0410746D7F87C0348
:10695000C4690126A07B20B1022803D003283BD1C3
:1069600032E000BF21463846FFF7CBFF0646032E34
:1069700002D10020207000262EBB2078022801D9E9
:10698000022001E02078401C207000BF00BF0025DD
:1069900016E0022105EB850000EBC50204F1900032
:1069A00000EB82008170002105EB850000EBC50241
:1069B00004F1900000EB820080F83110681CC5B231
:1069C0002078A842E5DC08E000213846FFF7F2F81D
:1069D00008B9E07BA07300E000BF00BF3046BDE80F
:1069E000F081000070B50546D5F87C03C469012626
:1069F00021792846FFF7FBFC0D2801D0022619E07B
:106A00000D49A06F884214D1E16FA06D814211D170
:106A100094F8840008B900260CE094F8840001285A
:106A200001D1012606E094F88400022802D1022652
:106A300000E00226304670BD555342532DE9F04127
:106A400004460D461646D4F87C03C76920780B2807
:106A50000ED105EB850000EBC50207F1900000EBBD
:106A6000820134223046F9F735FF0020BDE8F0817D
:106A70000220FBE770B50546D5F87C03C469607950
:106A800048B161792846FFF78CF861792846FFF70D
:106A90003FF900206071207948B121792846FFF73D
:106AA00080F821792846FFF733F900202071D5F8C6
:106AB0007C03C06940B1D5F87C13C869F9F746FC7E
:106AC0000020D5F87C13C861002070BDFEB50546D6
:106AD000D5F87C030179502306222846FFF7F0F809
:106AE0000646FF2E01D0022E03D300BF00BF0220B6
:106AF000FEBD3146284601F0F4F807460FB10220EA
:106B0000F6E74FF48070F9F7F2FBD5F87C13C86113
:106B1000D5F87C03C4691CB900BF00BF0220E7E7B9
:106B20004FF480712046F9F731FF06EB860000EB49
:106B3000C60105F2423000EB4100007B00F080000E
:106B4000A0B106EB860000EBC60105F2423000EB77
:106B50004100007BE07106EB860000EBC60105F208
:106B6000423000EB4100C089608113E006EB8600F3
:106B700000EBC60105F2423000EB4100007BA07142
:106B800006EB860000EBC60105F2423000EB410047
:106B9000C089208106EB860000EBC60105F2423079
:106BA00000EB4100007D00F08000A0B106EB860004
:106BB00000EBC60105F2423000EB4100007DE071C0
:106BC00006EB860000EBC60105F2423000EB410007
:106BD000C08A608113E006EB860000EBC60105F277
:106BE000423000EB4100007DA07106EB860000EB17
:106BF000C60105F2423000EB4100C08A208100202E
:106C000020736073A073A1792846FEF786FF607138
:106C1000E1792846FEF781FF20712846FFF726FD1F
:106C20002089022295F81D13CDE90012029095F8F3
:106C30001C33A2796179284600F0EAFD60890222BE
:106C400095F81D13CDE90012029095F81C33E279F6
:106C50002179284600F0DCFD217900222846FFF743
:106C600085FC617900222846FFF780FC00203FE781
:106C70002DE9F0410646D6F87C03C4694FF00108BF
:106C800001250127207B10B101287DD149E2B4F80C
:106C9000F8002178884278DA0121B4F8F80000EB96
:106CA000800202EBC00204F1900000EB8200417010
:106CB000B4F8F80000EB800101EBC00104F1900092
:106CC00010F8210009287CD2DFE800F0057B66FD82
:106CD00017FC7B7BFB0000BF00BF0421B4F8F80069
:106CE00000EB800202EBC00204F1900000F82210D9
:106CF000D6F8C403C4F8FC0007E2B4F8F80000EBCF
:106D0000800303EBC00304F1900000EB830000F16B
:106D10000F0294F8F810304600F00FFB054685B9D5
:106D200000BF00BF00BF00BF00BF00BF0221B4F81A
:106D3000F80000EB800202EBC00204F1900000F8C2
:106D40002210022D0BD10521B4F8F80000EB8002CF
:106D500002EBC00204F1900000F822101BE0042DA9
:106D600019D10121B4F8F80000EB800202EBC00257
:106D700004F1900000F822100221B4F8F80000EBB2
:106D8000800202EBC00201E0CEE1BFE104F190001D
:106D900000EB82004170B8E194F8F810304600F042
:106DA0004CFC0746F7BBB4F8F80000EB800101EBA0
:106DB000C00104F1900000EB8100807880B10121D6
:106DC00000E0A1E1B4F8F80000EB800202EBC002A1
:106DD00004F1900000EB820080F8311000BF0CE05D
:106DE0000021B4F8F80000EB800202EBC00204F1CD
:106DF000900000EB820080F831100321B4F8F80015
:106E000000EB800202EBC00204F1900000F82210B7
:106E10000021B4F8F80000EB800202EBC00204F19C
:106E2000900000E00DE000EB82004170B4F8F80043
:106E300000EB800202EBC00204F1900000EB820044
:106E40008170022F50D1B4F8F80000EB800101EB03
:106E5000C00104F1900000EB8100807802280ED080
:106E60000121B4F8F80000EB800202EBC00204F14B
:106E7000900000EB820080F8311000BF0CE0002190
:106E8000B4F8F80000EB800202EBC00204F19000BD
:106E900000EB820080F831100521B4F8F80000EB17
:106EA000800202EBC00204F1900000F822100121E0
:106EB000B4F8F80000EB800202EBC00204F190008D
:106EC00002E01BE196E029E000EB82004170022124
:106ED000B4F8F80000EB800202EBC00204F190006D
:106EE00000EB8200817018E0042F16D10121B4F864
:106EF000F80000EB800202EBC00204F1900000F801
:106F000022100221B4F8F80000EB800202EBC0026C
:106F100004F1900000EB82004170F6E0B4F8F80054
:106F200000EB800303EBC00304F1900000EB83004F
:106F3000021D94F8F810304600F0D2FA054685BBE1
:106F4000B4F8F80000EB800101EBC00104F19000FF
:106F500000EB810090F83100012805D100BF00BF8F
:106F600000BF00BF00BF00BF0121B4F8F80000EB74
:106F7000800202EBC00204F1900000F82210002110
:106F8000B4F8F80000EB800202EBC00204F19000BC
:106F900000EB82004170B4F8F800401CA4F8F8003F
:106FA00027E0FFE7022D0BD10521B4F8F80000EB34
:106FB000800202EBC00204F1900000F8221018E0F9
:106FC000042D16D10121B4F8F80000EB800202EB89
:106FD000C00204F1900000F822100221B4F8F80079
:106FE00000EB800202EBC00204F1900000EB820093
:106FF00041708AE0B4F8F80000EB800303EBC003B3
:1070000004F1900000EB830000F10C0294F8F810FA
:10701000304600F0B9FA0546F5BBB4F8F80000EBCD
:10702000800101EBC00104F1900000EB8100007BC6
:1070300006280CD0B4F8F80000EB800101EBC00189
:1070400004F1900000EB8100007B022814D1D6F8F7
:10705000C403D4F8FC10401A42F2107188420BD2DB
:107060000221B4F8F80000EB800202EBC00204F148
:10707000900000F8221048E000BF00BF00BF00BF32
:1070800000BF00BF0121B4F8F80000EB800202EB62
:10709000C00204F1900000E006E000F82210B4F80D
:1070A000F800401CA4F8F800022D0DD100BF00BF6D
:1070B0000821B4F8F80000EB800202EBC00204F1F2
:1070C000900000F8221018E0042D16D10121B4F828
:1070D000F80000EB800202EBC00204F1900000F81F
:1070E00022100221B4F8F80000EB800202EBC0028B
:1070F00004F1900000EB8200417006E0B4F8F80063
:10710000401CA4F8F80000E000BF09E00020A4F84B
:10711000F8000120207302213046D6F8D42390478E
:1071200003E04FF0000800E000BF00BF4046BDE8AC
:10713000F0812DE9F84380460C46D8F87C03C569F8
:107140000127012604EB840000EBC40105F1900047
:1071500010F82100052860D0062802D007287DD12C
:107160002DE000200346024621460090404600F0F4
:1071700064F9064656B9012104EB840000EBC40211
:1071800005F1900000F82210002717E0022E09D127
:10719000052104EB840000EBC40205F1900000F827
:1071A00022100BE0042E09D1082104EB840000EB2F
:1071B000C40205F1900000F8221002276BE00020C5
:1071C0000346024621460090404600F067FA064614
:1071D00056B9012104EB840000EBC40205F19000D4
:1071E00000F82210002717E0022E09D1052104EB38
:1071F000840000EBC40205F1900000F822100BE0BF
:10720000042E09D1082104EB840000EBC40205F12F
:10721000900000F8221002273DE004EB840000EB10
:10722000C40105F1900000EB810000F10C02214641
:10723000404600F0A9F90646DEB900BF00BF00BF16
:1072400000BF00BF00BF012104EB840000EBC402BB
:1072500005F1900000F82210022100E01AE004EB92
:10726000840000EBC40205F1900000EB8200417045
:107270000227022E01D100BF0BE0042E09D1082104
:1072800004EB840000EBC40205F1900000F822102A
:10729000022700E000BF00BF3846BDE8F8832DE9B3
:1072A000F84F04460E4691469A460A9FD4F87C034E
:1072B000C56994F8200360B120780B2809D106EB4A
:1072C000860000EBC60105F1900010F821000128AE
:1072D00002D00220BDE8F88F06202873062106EBB5
:1072E000860000EBC60205F1900000F82210A5F818
:1072F000FA6053464A4631462046009700F09DF812
:10730000D4F8C4830FE0D4F8C403A0EB080142F220
:1073100010707843814202D894F8200318B90120F4
:1073200028730220D6E731462046FFF702FF0128E6
:10733000E9D0012028730020CCE72DE9F041064672
:107340000F4615464FF00208D6F87C03C46994F83E
:107350005200012802D002286AD12FE02421E165E1
:10736000802184F860100A2184F86210002104F161
:107370000F00C4F86310C4F86710A4F86B10122152
:1073800084F863107807010E84F86410002184F8F3
:10739000651084F86610242184F86710002184F8B1
:1073A0006810012184F85010022184F8521004F171
:1073B00010008C2108514FF001083AE03946304660
:1073C000FFF768F98046B8F1000F30D12221284636
:1073D000F9F7BAFA8C200059007800F01F006870A5
:1073E0008C2000590078401128708C20005940787A
:1073F00000F08000802802D10120A87001E0002068
:10740000A8708C2000598168C5F80310C068C5F8C1
:1074100007008C20005900F11001102205F10C002A
:10742000F9F713FA8C200059006AC5F81D0000E036
:1074300000BF00BF4046BDE8F0812DE9FF41054691
:107440000F461E464FF00208D5F87C03C46994F835
:107450005200012802D002283CD135E0B4F898103F
:107460000A984143E165802184F860100A2184F87C
:107470006210102104F16300F9F766FA282184F8FC
:1074800063109DF80B1084F865109DF80A1084F8BD
:1074900066109DF8091084F867109DF8081084F8AC
:1074A00068109DF8291084F86A109DF8281084F857
:1074B0006B10012184F85010022184F852108C20A6
:1074C00006514FF0010806E039462846FFF7E2F87A
:1074D000804600E000BF00BF404604B0BDE8F08138
:1074E0002DE9F0410646884615460127D6F87C036B
:1074F000C46994F85200012802D002283FD11BE051
:107500000821E165802184F860100A2184F8621066
:10751000102104F16300F9F717FA252184F86310AC
:10752000012184F85010022184F8521004F1100057
:107530008C210851012723E041463046FFF7AAF885
:107540000746DFB98C200059C1788C20005980781B
:1075500041EA00218C200059407841EA00418C200A
:107560000059007841EA006028608C200059C179F8
:107570008C200059807941EA0020A88000E000BFFB
:1075800000BF3846BDE8F0812DE9F04106460F46C0
:1075900015464FF00208D6F87C03C46994F85200EF
:1075A000012802D0022843D12BE00E21E165802181
:1075B00084F860100A2184F86210102104F163003D
:1075C000F9F7C2F9032184F863107807010E84F8F3
:1075D0006410002184F8651084F866100E2184F888
:1075E0006710002184F86810012184F850100221EE
:1075F00084F8521004F110008C2108514FF001085A
:1076000017E039463046FFF745F88046B8F1000FDD
:107610000DD18C200059807800F00F0028708C204C
:107620000059007B68708C200059407BA87000E0F6
:1076300000BF00BF4046BDE8F0812DE9F04105469E
:107640000E460227D5F87C03C46994F8520001283D
:1076500002D002281DD116E00021E16584F86010F7
:107660000A2184F86210102104F16300F9F76CF923
:10767000002184F86310012184F85010022184F85D
:107680005210012706E031462846FFF703F8074667
:1076900000E000BF00BF3846BDE8F0812DE9FF41A2
:1076A00005460F461E464FF00208D5F87C03C46914
:1076B00094F85200012802D002283CD135E0B4F8F9
:1076C00098100A984143E165002184F860100A216E
:1076D00084F86210102104F16300F9F735F92A21CA
:1076E00084F863109DF80B1084F865109DF80A105B
:1076F00084F866109DF8091084F867109DF808104A
:1077000084F868109DF8291084F86A109DF82810F4
:1077100084F86B10012184F85010022184F8521073
:107720008C2006514FF0010806E039462846FEF746
:10773000B1FF804600E000BF00BF404604B0BDE896
:10774000F08101460020704730B50246D2F87C43F4
:10775000E36914780B2C0BD101EB810404EBC10518
:1077600003F1900404EB850464780CB9012000E077
:10777000002030BD2DE9F84F04460E4691469A464A
:107780000A9FD4F87C03C56994F8200360B120787F
:107790000B2809D106EB860000EBC60105F190002D
:1077A00010F82100012802D00220BDE8F88F072040
:1077B0002873072106EB860000EBC60205F1900056
:1077C00000F82210A5F8FA6053464A463146204692
:1077D0000097FFF763FFD4F8C4830FE0D4F8C40325
:1077E000A0EB080142F210707843814202D894F86D
:1077F000200318B9012028730220D6E7314620461D
:10780000FFF797FC0128E9D0012028730020CCE77E
:107810002DE9FE4F04460D4616461F46DDE90D9A3A
:10782000DDF830803B463246294620468DE8000789
:10783000FEF762FE0020BDE8FE8F2DE9F84F0446FA
:107840000E46934635464FF00008C14600BF3078DB
:10785000207070786070B178F07841EA0020608024
:107860003079207170796071B079A071F079E07130
:10787000307A2072BBF1090F4AD909200090002705
:107880003EE069462846FEF78BFA054668780428EC
:1078900036D108EB880000EBC80104F10A0000EBC8
:1078A00041072946384600F071F84FF00009CA46F2
:1078B0001AE069462846FEF773FA054668780528F7
:1078C00012D108EB880000EBC80104F10A0000EBBC
:1078D00041000A3000EBC90A2946504600F046F83C
:1078E00009F1010000F0FF093879484504DD60889E
:1078F000BDF800108842DCDC08F1010000F0FF0850
:10790000B8F1020F04D26088BDF800108842B8DCDC
:10791000BDE8F88F10B50B7803704B7843708C7806
:10792000CB7844EA032343800B7903714B7943718D
:107930008B798371CB79C371082A16D90C7A4B7A6B
:1079400044EA032303818C7ACB7A44EA03234381FC
:107950000C7B4B7B44EA032383818B7B8373CB7B40
:10796000C3730B7C03744B7C437410BD0A780270A4
:107970004A7842708A788270CA78C2700B794A79E4
:1079800043EA022282808A79827170470A78027003
:107990004A7842708A788270CA78C2700A79027115
:1079A0004A7942718A798271CA79C2710A7A0272FD
:1079B000704730B513464578032D14D10578AD1EB8
:1079C0009D4202D80578AD1E00E01D46ACB2801C79
:1079D000002204E0855C0D70491C951CAAB2A242ED
:1079E000F8DB00250D7030BD7FB504460220039002
:1079F000002594F82103012801D10320207020786C
:107A00000E287DD2DFE800F0071B46F57C80FF984A
:107A1000A3AEC0F37CF294F8200378B100BF00BF9E
:107A200001202070C820FEF745F92046FEF78CFDA6
:107A3000002184F81C130020C4F8C80334E194F832
:107A40002303012807D100BF00BF002184F81F13C2
:107A5000022020701DE0D4F8C803B0F57A7F10D959
:107A600094F81F03401C84F81F0394F81F03032895
:107A700004D900BF00BF0D2020700AE00020207054
:107A800007E0D4F8C8030A30C4F8C8030A20FEF798
:107A900011F909E1D4F8D40320B104212046D4F827
:107AA000D42390476420FEF705F92046FEF7A8FC92
:107AB00084F81D030520207000212046FEF72DF8D4
:107AC000607180212046FEF728F82071A0790022FD
:107AD00094F81D13CDE90012029094F81C3321791B
:107AE00080222046FFF794FEA079002294F81D130F
:107AF000CDE90012029094F81C336179204600E031
:107B0000D0E0FFF785FECFE02046FEF79BFA03901A
:107B10009DF80C0078B900BF00BF002184F8241341
:107B200094F83703012804D100BF00BF082020705B
:107B300001E007202070B7E0D4F8D40330B1012170
:107B40002046D4F8D423904708202070ACE094F865
:107B50003D13204600F0EDF818B90920207000BF51
:107B600000BFA1E094F83F0300F0200048B10121DC
:107B7000204600F0F2F830B900BF00BF0A202070A4
:107B800001E00A2020708FE0D4F8800308B900BF1C
:107B900038E00020C4F87C03002511E004F55E7095
:107BA00050F82500017994F84703814206D104F585
:107BB0005E7050F82500C4F87C0303E0681CC5B271
:107BC000002DEBD000BFD4F87C03B8B1D4F87C030F
:107BD00081682046884768B90620207000BF00BF32
:107BE00003212046D4F8D42390470BE05BE026E045
:107BF00009E02DE00D20207000BF03E00D20207073
:107C000000BF00BF50E0D4F87C0398B1D4F87C03E7
:107C100001692046884703909DF80C0010B90B209D
:107C200020700BE09DF80C00022807D10D20207079
:107C300000BF03E00D20207000BF00BF34E0D4F887
:107C40007C0320B1D4F87C034169204688472BE0AF
:107C5000002184F821132046FAF7FDF8D4F87C03BC
:107C600038B1D4F87C03C168204688470020C4F8A6
:107C70007C03D4F8D40320B105212046D4F8D423C2
:107C8000904700BF00BF94F82203012806D10021CD
:107C900084F82213204600F074F802E02046FEF734
:107CA00088FC01E000BF00BF00BF002004B070BD31
:107CB00010B50246002081B1D2F880334BB9D2F81A
:107CC0008043631CC2F8803302F55E7343F82410CE
:107CD00006E000BF00BF022002E000BF00BF02209C
:107CE00010BD0246002092F83C338B4209DD82F839
:107CF000241300BF00BF00BF00BF00BF00BF00BF14
:107D000002E000BF00BF0220704770B504460D4678
:107D1000A078012807D100212174052161746582B2
:107D20000021A182E182002211462046FDF76BFF6F
:107D300070BD70B504460D46A078012807D100211A
:107D400021740921617465820021A182E1820022EF
:107D500011462046FDF757FF70BD70B504460D462D
:107D6000A078012807D10021217403216174658264
:107D70000021A182E182002211462046FDF743FF47
:107D800070BD10B504462046FEF713FC01212046C5
:107D9000FEF720FB002010BD0146002070470000C8
:107DA000F0B58DB005460E461446012736B1012EBA
:107DB00006D0022E10D0032E2CD11AE000272BE083
:107DC0006A4629461648FEF739FE18B90198206020
:107DD000002700E001271FE06A4629461048FEF709
:107DE0002DFE20B9BDF808002060002700E0012723
:107DF00012E06A4629460A48FEF720FE40B9BDF85F
:107E00000800C11700EBD15149122160002700E0A2
:107E1000012701E0042700BF00BF38460DB0F0BDC8
:107E2000202500202DE9F0418EB004460D4617466E
:107E30001E464FF001082B463A462146124800964E
:107E4000FFF72DFA10B94FF0000818E001AA2146FB
:107E50000D48FEF7F3FD9DF81100042804D02828F2
:107E600004D03A2807D100E000BF00BF00BF00BF28
:107E70004FF0030802E04FF0010800BF00BF40468A
:107E80000EB0BDE8F08100002025002070B504464A
:107E9000012521460448FFF757FC08B1002500E002
:107EA0000125284670BD0000202500202DE9F04165
:107EB0008EB004460D4617461E464FF001082B466D
:107EC0003A46214615480096FFF754FC10B94FF08A
:107ED00000081FE001AA21461048FEF7AFFD9DF8FB
:107EE000110004280BD0272804D0282809D03A28CC
:107EF0000CD105E000BF00BF4FF0020809E000BF51
:107F000000BF00BF00BF4FF0030802E04FF00108C0
:107F100000BF00BF40460EB0BDE8F0812025002024
:107F20000FB470B504460A98012817D1A06B20F44D
:107F30008030A063E0681A490840E060E06820F4FF
:107F40004010E0601198012803D1E06840F48010EF
:107F5000E060204600F026F8054612E0E06840F0B8
:107F60004000E060204600F01DF805460E9820B95C
:107F7000A06B40F48030A06303E0A06B20F480305D
:107F8000A0630898012807D1A06840F00600A0600F
:107F9000A06840F02000A060284670BC5DF814FB8B
:107FA000BFFFBDFF08B501460020009000BF00984C
:107FB000401C104A0090904201D9032008BD086976
:107FC00000F000400028F2D000200090086940F046
:107FD0000100086100BF0098401C064A00909042D2
:107FE00001D90320EAE7086900F001000028F2D176
:107FF00000BFE3E7400D03000146886820F0010060
:108000008860002070470000F0B503461C460A4611
:1080100001260D4800EAC64040F00047114604F52D
:10802000A06000EB4110076104F5A06000EB411077
:10803000056825F0804545F0004504F5A06000EB9B
:10804000411005600020F0BD0000F81F08B5024691
:10805000134600200090D3F840040090009820F0D0
:108060002E000090009800F4805030B9012904D10E
:10807000009840F48050C3F84004009800F4805009
:10808000B0F5805F05D121B9009820F48050C3F885
:108090004004002008BD0146886840F00100886067
:1080A0000020704708B501460020009010200861AC
:1080B00000BF0098401C064A0090904201D903205E
:1080C00008BD086900F010001028F2D00020F7E782
:1080D000400D030008B5024600200090202040EA31
:1080E0008110106100BF0098401C064B0090984220
:1080F00001D9032008BD106900F020002028F2D02B
:108100000020F7E7400D030001460A464FF4816066
:10811000805880B2704708B501460A46002000909A
:10812000D2F8400400900098C0F3414008BD0146D9
:10813000486900F001007047F0B503460C461A4646
:108140002146002502F5A06000EB41100068C0F355
:10815000814602F5A06000EB41100068C70F9868E7
:1081600000F02000202802D10FB90020F0BD0EB190
:10817000022E5DD102F5A06000EB4110006840F0D6
:10818000804C02F5A06000EB4110C0F800C0986878
:1081900000F0200000283BD1D86A00F47F00C0BB6B
:1081A00002F5A06000EB4110006820F0004C02F5E1
:1081B000A06000EB4110C0F800C002F5A06000EB29
:1081C0004110006840F0004C02F5A06000EB411047
:1081D000C0F800C002F5A06000EB4110006820F478
:1081E000004C02F5A06000EB4110C0F800C000BFD9
:1081F000681C0546B0F57A7F00D909E002F5A06059
:1082000000EB4110006800F00040B0F1004FEFD0EB
:1082100068E0FFE702F5A06000EB4110006840F065
:10822000004C02F5A06000EB4110C0F800C059E01E
:1082300002F5A06000EB4110006840F0804C02F5B0
:10824000A06000EB4110C0F800C04FF4826080587D
:1082500000F47F00C0BB02F5A06000EB4110006895
:1082600020F0004C02F5A06000EB4110C0F800C007
:1082700002F5A06000EB4110006840F0004C02F5F0
:10828000A06000EB4110C0F800C002F5A06000EB58
:108290004110006820F4004C02F5A06000EB411092
:1082A000C0F800C000BF681C0546B0F57A7F00D951
:1082B00009E002F5A06000EB4110006800F000400A
:1082C000B0F1004FEFD00DE0FFE702F5A06000EB4A
:1082D0004110006840F0004C02F5A06000EB411036
:1082E000C0F800C0002041E72DE9FF4F81B00646ED
:1082F0000C461746DDF83C80002000903546411EB4
:1083000005F5A06000EB44108160B8F1000F09D0C2
:10831000B8F1010F48D0B8F1020F04D0B8F1030F43
:108320005AD129E000BF40F29D4105F5A06000EB65
:108330004410C16007F0800080280CD105F5A060D2
:1083400000EB4410C06840F4807105F5A06000EBBC
:108350004410C1600FE0F06B00F4807058B105F577
:10836000A06000EB4410C06840F0600105F5A0601B
:1083700000EB4410C16032E040F29D6105F5A06061
:1083800000EB4410C16007F0800080280BD105F598
:10839000A06000EB4410C06840F4807105F5A06057
:1083A00000EB4410C1601AE040F2252105F5A06001
:1083B00000EB4410C16007F0800080280BD105F568
:1083C000A06000EB4410C06840F4C07105F5A060E7
:1083D00000EB4410C16002E00120009000BF00BF2C
:1083E0004FF48360405904F00F020121914008438B
:1083F0004FF483614851B06940F00070B06107F0FC
:108400008000802802D14FF4004901E04FF00009BC
:108410003046FFF780FE83460E98022805D1BBF157
:10842000020F02D04FF4003A01E04FF0000A4FF083
:10843000FE51049801EA80504FF4F04101EAC7214F
:1084400008434FF4402101EA884108431099C1F3E1
:108450000A01084340EA090040EA0A0005F5A06164
:1084600001EB44110860B8F1030F0BD105F5A060D2
:1084700000EB4410006840F0005105F5A06000EBEF
:1084800044100160009805B0BDE8F08F01460A462F
:1084900040F21440805880B2704700002DE9FE4F32
:1084A00007460C4691463E4665784FF4807BF86B54
:1084B00000F4807010B3207900BBB9F1010F10D126
:1084C000E07910B1E07902280BD106F5A06000EB4D
:1084D0004510C06820F0700106F5A06000EB451063
:1084E000C160B9F1000F09D16079012806D1617826
:1084F0003846FFF789FD0020BDE8FE8F606978B13E
:10850000218960690844401EB0FBF1F01FFA80F831
:10851000D84507DDD846208900FB08F0206101E03E
:108520004FF00108E07820B1208900FB08F02061BD
:1085300001E0606920612069C0F312004A4901EA44
:10854000C8410843A17A4FF0C04202EA4171084392
:1085500006F5A06101EB45110861B9F1000F05D0E6
:1085600006F5A06000EB4510E16841614FF48160C1
:10857000805900F0010080F00100019006F5A06034
:1085800000EB4510006820F0005106F5A06000EBFC
:108590004510016006F5A06000EB451001680198E8
:1085A00041EA407106F5A06000EB4510016006F558
:1085B000A06000EB451000680290029820F0804017
:1085C0000290E07820B1029840F40040029003E06D
:1085D000029820F400400290029840F0004002907F
:1085E00006F5A06000EB451002990160B9F1000F9B
:1085F00001D0002080E7E07898BB606988B3E0791B
:1086000030B1012813D0022803D003281ED10DE079
:1086100000BF6069C01CC0F38F0AF86A80B2504581
:1086200003D2B86940F02000B86110E000BF606973
:10863000C01CC0F38F0A4FF48260805980B250454D
:1086400003D2B86940F08060B86100E000BF00BFAD
:1086500000200090A08A83B262783846E16800F07A
:1086600080F9002048E700000000F81F0FB470B543
:10867000044625460020C5F8000EA06B40F400100B
:10868000A063A06B20F40020A063A06B20F48020E6
:10869000A063E06B00F4807080B10798012806D1D8
:1086A000D5F8000440F00400C5F800040CE0D5F84B
:1086B000000420F00400C5F8000405E0D5F800042B
:1086C00020F00400C5F8000410212046FFF702FD49
:1086D0002046FFF7E7FC00260DE04FF0FF3105F5DF
:1086E000A06000EB46108160002105F5A06000EB62
:1086F0004610C160761C0698B042EED80020A061FA
:10870000401E6061E06B00F4807040B14FF4007077
:1087100060620D48A0620D48C4F8000106E08020A8
:1087200060620B48A0620B48C4F80001089818B9B1
:10873000A06940F01000A061A06907490843A0614A
:10874000002070BC5DF814FB000200010003E00093
:1087500080006000E0004000080020A310B5024641
:108760000B461146D1F8000420F00300C1F80004C4
:10877000D1F8000403F003042043C1F80004012BE6
:1087800005D14BF6803440F20440445006E0022B01
:1087900004D141F2707440F204404450002010BDF6
:1087A000014648698A69104070472DE9F041044646
:1087B0000D46274628464FEA920C02F0030300219B
:1087C0000AE04FF4805858F80780C0F80080401C39
:1087D000401C401C401C491C6145F2D39BB1002148
:1087E0004FF4805858F8076000BF4FEAC10826FAD6
:1087F00008F880F80080491C401CA3F101081FFA0A
:1088000088F3002BF1D1BDE8F08138B50446254648
:1088100000200090D5F840040090009820F02E0031
:108820000090009840F48070C5F840046420FAF786
:10883000F9F9009820F48070C5F840040A20FAF78E
:10884000F1F9002038BD70B504460E460025E068F9
:1088500020F0C040E060012E10D1E06840F00050F0
:10886000E06000BF0120FAF7DDF96D1C2046FFF73C
:108870005EFC012815D0322DF4D312E07EB9E068F9
:1088800040F08040E06000BF0120FAF7CBF96D1C9A
:108890002046FFF74CFC20B1322DF5D301E001203A
:1088A00070BD322D01D10120FAE70020F8E72DE953
:1088B000F04107463E464FF000083846FFF79CFB64
:1088C00010213846FFF706FC3846FFF7EBFB002483
:1088D00010E006F5A06000EB4410056845F0804507
:1088E00025F0004525F4004506F5A06000EB441096
:1088F0000560641C0F2CECD9002423E006F5A06071
:1089000000EB4410056845F0804545F0004525F42E
:10891000004506F5A06000EB4410056000BF08F1BB
:1089200001008046B0F57A7F00D909E006F5A06025
:1089300000EB4410006800F00040B0F1004FEED0B2
:1089400000BF641C0F2CD9D94FF0FF3140F2144006
:108950008151084678613846FFF79DFB0020BDE84D
:10896000F0812DE9F04304460D461E46DDF81CC09B
:10897000A0462946BCF1000F12D1F01C8708002345
:108980000CE0D1F8009008F5805000EB0230C0F800
:108990000090491C491C491C491C5B1CBB42F0D37C
:1089A0000020BDE8F08300BFFEE7000010B50522FF
:1089B00002490348F9F762FE10BD0000643100204F
:1089C0007803002010B50B480068401E00EB001033
:1089D00009494218002109480CF083FB054800684A
:1089E000401E00EB001006494218012103480CF01C
:1089F00078FB10BDC00100205FA50108A031002058
:108A0000C5A501080E48006842F21071884207D1DE
:108A100000200B4908600B480068401C09490860A9
:108A200007480068401D06490860074890ED000AA5
:108A3000DFED060A30EE200A80ED000A70470000E4
:108A4000EC010020E8010020BC01002000004842A9
:108A500010B50021012002F0D3FF10BD10B5012197
:108A6000084602F0CDFF10BD00200C4908600C49FB
:108A7000086001200B49086010200B490860402065
:108A80000A49086080200A490860202009490860D6
:108A90009FED090A094880ED000A7047EC010020AB
:108AA000E8010020D4010020D8010020DC010020D2
:108AB000E0010020E401002000000000BC010020D3
:108AC00010B50F480068401E00EB00100D49421819
:108AD00000210D480CF005FB09480068401E00EB22
:108AE00000100A494218012107480CF0FAFA06481A
:108AF0000CF015FB4FF47A71054809F05EF910BDD2
:108B0000C001002001A00108A031002067A00108D9
:108B1000C830002070B504463A4920460EF0B1FE38
:108B2000394908700846007888B96420F7F7DFFBF8
:108B30000546224635A12846F7F7B2FC284608F03C
:108B4000ABFF2846F7F702FC2F48007870BD0B22D8
:108B500021463C480EF02AFC2B4908700846007854
:108B600098B16420F7F7C3FB0546234626480278F0
:108B700035A12846F7F794FC284608F08DFF2846D3
:108B8000F7F7E4FB20480078E0E76420F7F7AFFB55
:108B90000546224636A12846F7F782FC284608F00B
:108BA0007BFF2846F7F7D2FB00BF26480EF0A4FB58
:108BB000154908700846007888B16420F7F797FBDC
:108BC000054623461048027839A12846F7F768FC85
:108BD000284608F061FF2846F7F7B8FB0FE064204D
:108BE000F7F785FB054622463AA12846F7F758FCD9
:108BF000284608F051FF2846F7F7A8FB00BF0248B7
:108C00000078A3E758020020000000204552524F90
:108C100052212121202A25732A20616C726561640A
:108C20007920657869737473212121210A20757375
:108C300065205570646174655F46696C65200A0A39
:108C400000000000C81400204552524F522121213B
:108C5000204E6F2E20256420696E2063726561743A
:108C6000696E672066696C65202A25732A0A0A00E6
:108C70002A25732A206372656174656420737563A5
:108C80006365737366756C6C790A204E6F77207517
:108C900073652057726974655F46696C6520746FEF
:108CA00020777269746520646174610A00000000B5
:108CB0004552524F52204E6F2E20256420696E205F
:108CC000636C6F73696E672066696C65202A257313
:108CD0002A0A0A0046696C65202A25732A20434C1B
:108CE0004F534544207375636365737366756C6C8D
:108CF000790A0A0070B50546482D71D02BDC0D2D80
:108D00006FD00ADC0D2D6DD2DFE805F0728690A3DE
:108D1000B2C2CEDEEAFAF8F7F600162D79D00DDCF5
:108D2000A5F10E000828EED2DFE810F072019501DF
:108D30005C00B801C501CC015C00D301332D69D0C2
:108D400004DC1F2D67D0292D4CD111E2342D79D0B0
:108D50003D2DF9D16FE2F22D75D01EDC572D73D069
:108D60000EDC522D71D006DC492D6FD04A2D6ED00D
:108D70004D2DE9D184E2532D6AD0542DE4D19AE2ED
:108D8000642D72D004DC5C2D70D0632DDCD1C9E27F
:108D9000F02D6CD0F12DD7D121E340F2EB31681AE0
:108DA0008D4271D014DCB5F57A7F6ED009DCB5F553
:108DB000617F6BD0A5F28630002868D05828C3D1D7
:108DC000ABE3A5F2E93000287AD00128BCD1FDE35D
:108DD000092876D007DC012874D00228B4D1F6E344
:108DE00033E2F2E026E212286DD01328ACD1D3E3AF
:108DF00007F06AFE0520FE490860FE480178002061
:108E000002F0BCFAFC4908800A21FC4808F0FAFE8E
:108E100010E27CE1B3E1A1E107F076FEF5480178CC
:108E2000012002F0ABFAF4490880F1E707F082FE76
:108E300007F064FDEF480178022002F09FFAEE4946
:108E40000880E5E7BCE1D9E23CE220E20AE210E278
:108E50002AE207F07DFE07F051FDE6480178032085
:108E600002F08CFAE4490880D2E78FE231E2A7E20F
:108E700007F084FE07F042FDDE480178042002F08E
:108E80007DFADD490880C3E7F7E3B0E3BEE2C9E25B
:108E900007F08AFE07F032FDD6480178052002F07F
:108EA0006DFAD5490880B3E707F094FE07F026FD78
:108EB000D0480178062002F061FACF490880A7E780
:108EC000F6E334E3F5E33EE307F09AFE07F016FD20
:108ED000C8480178072002F051FAC749088097E78F
:108EE00007F0A4FE07F00AFDC2480178082002F04E
:108EF00045FAC14908808BE73FE019E00CE0FFE745
:108F000007F0AAFE07F0FAFCBA480178092002F03F
:108F100035FAB94908807BE707F0CCFE07F0EEFC94
:108F2000B44801780A2002F029FAB34908806FE7B3
:108F300007F0EEFE0020B2490860AE4801780B2031
:108F400002F01CFAAC49088007F0D8FCAA48008857
:108F5000642802D10020AA490860A74800880C288C
:108F60000AD10120A6490860A6480CF035F8012274
:108F70000521A4480CF048F84AE700229D480178F2
:108F8000A1480CF03DFC07F0E3FE00219E480CF0E8
:108F9000EDFE064607F0B2F9964801780C2002F083
:108FA000EDF99549088092480068022805D10846E5
:108FB00000880D2801D1642008808F4800880C2883
:108FC00002D090480CF012F822E78E480CF018F806
:108FD00038B98C480CF000F80122052189480CF0C2
:108FE00013F801228348017887480CF009FC07F048
:108FF000C9FE012184480CF0B9FE064607F07EF94F
:109000007C4801780D2002F0B9F97B490880FFE621
:109010007C480BF0F5FF38B97A480BF0DDFF0122F0
:10902000052178480BF0F0FF02227248017876485B
:109030000CF0E6FB07F0C0FE022173480CF096FE30
:10904000064607F05BF96B4801780E2002F096F9AE
:1090500069490880DCE66B480BF0D2FF38B96948F3
:109060000BF0BAFF0122052166480BF0CDFF032269
:109070006048017864480CF0C3FB07F0B7FE032199
:1090800061480CF073FE064607F038F9594801783C
:109090000F2002F073F958490880B9E601205B49B6
:1090A000086007F0BDFE53480178262002F066F9FB
:1090B00051490880ACE602204D4908600B204E491A
:1090C0000880FFE305204A4908600B204A490880D0
:1090D000F8E307F0BFFE02204C4908600020484931
:1090E000086044480178102002F048F9424908809D
:1090F00008460088642802D10020414908603E48A3
:109100000088162802D101203D490860DAE33D4875
:109110000BF076FF38B93B480BF05EFF01220521CA
:1091200038480BF071FF04223248017836480CF0C1
:1091300067FB07F0AFFE042133480CF017FE06462C
:1091400007F0DCF82B480178112002F017F92A49C2
:1091500008802F48006807F049F8B3E303202B4943
:1091600008600A202B490860642023490880A9E38D
:1091700004202649086064201F490880A2E30120DA
:109180002249086002201A4908600120224908602B
:1091900007F0BEFD17480178122002F0EFF81649DB
:1091A000088008460088642802D10020144908601D
:1091B00011480088342802D101201149086081E358
:1091C00010480BF01DFF38B90E480BF005FF0122C7
:1091D00005210C480BF018FF0422064801780A48C4
:1091E0000CF00EFB07F070FE0421074816E00000AB
:1091F000040200202802002024020020C8300020A1
:1092000008020020A0310020C831002038020020D0
:10921000C4010020300200200C0200200CF0A6FD4A
:10922000064607F06BF8F9480178132002F0A6F81B
:10923000F749088046E30620F64908600A20F64907
:1092400008606420F24908803CE30720F149086087
:1092500007F054FEED4801783E2002F08FF8EC490B
:1092600008802FE30120ED4908604D20E84908807F
:1092700028E30A20E94908604D20E549088021E3F8
:109280000720E44908606420E14908801AE30820C7
:10929000E049086007F032FEDC4801783F2002F028
:1092A0006DF8DB4908800DE30120DC490860572098
:1092B000D749088006E30A20D84908605720D449D6
:1092C0000880FFE20820D34908606420D049088064
:1092D000F8E20920CF490860D1480BF091FE38B977
:1092E000CF480BF079FE01220521CD480BF08CFE12
:1092F0000422C6480178CB480CF082FA07F018FE29
:109300000421C8480CF032FD064606F0F7FFBF48BE
:109310000178252002F032F8BD4908800120C249B9
:109320000860CFE20A20BB490860BD480BF068FE28
:1093300038B9BB480BF050FE01220721B8480BF0AA
:1093400063FEB2480178B7480CF030FB07F00AFE24
:10935000B4480CF027FBB04908600846006806F0E6
:1093600055FFAA480178372002F008F8A84908807C
:10937000A9480068012801DA63200880A64800682F
:109380000A2802DD6320A24908809BE2A4480BF072
:1093900037FE10B1A2480BF029FE07F0FDFD08F0E2
:1093A000FDFB0020A1490860A1490860642098499C
:1093B000088000209F49086001209F49086081E2E1
:1093C0009E4808F023FC48B108F030F84FF4FA61E9
:1093D0009A4808F017FCF1208D49088072E29748FE
:1093E00008F014FC48B108F05DF84FF4FA619348B6
:1093F00008F008FCF2208649088063E28F4808F0F4
:1094000005FC10B10020824908805BE208F082F977
:1094100007F074FA7D480178382001F0AFFF7C49ED
:1094200008804FE20B207B490860012084490860D6
:1094300010208449086040208349086080208349C7
:10944000086020208249086008F07AF90021012094
:1094500002F0D6FA7FA001F087FF002171480CF0DE
:109460004DFC18B17CA001F07FFF02E07BA001F071
:109470007BFF0021062002F0C3FA79A001F074FFFF
:10948000012168480CF03AFC18B173A001F06CFFA0
:1094900002E072A001F068FF0021092002F0B0FA9A
:1094A00070A001F061FF02215E480CF027FC18B1AA
:1094B00069A001F059FF02E068A001F055FF00210A
:1094C0000C2002F09DFA68A001F04EFF03215548E0
:1094D0000CF014FC18B160A001F046FF02E05FA0A0
:1094E00001F042FF00210F2002F08AFA5FA001F094
:1094F0003BFF04214B480CF001FC18B15CA001F0CB
:1095000033FF02E05BA001F02FFF404801783920D3
:1095100001F034FF3E490880D4E108F025F93B48CA
:1095200001783A2001F02AFF39490880CAE108F0A1
:10953000D3F907F0E3F9354801783A2001F01EFF2E
:1095400033490880BEE136480BF05AFD38B934483B
:109550000BF042FD0122052131480BF055FD0C2096
:109560002C4908600120304908600422274801780E
:109570002C480CF045F908F0C5F9042129480CF0F5
:10958000F5FB064606F0BAFE204801783B2001F0C4
:10959000F5FE1F49088095E121480BF031FD38B9EF
:1095A0001F480BF019FD012204211D480BF02CFD72
:1095B0000522164801781B480CF022F905211948AC
:1095C0000CF0D4FB1749C1F8200201E052E197E00A
:1095D00008F0FAF91349D1F8200206F0F9FE0B4819
:1095E00001783C2001F0CAFE094908806AE1FFF7D2
:1095F000E9F9002405480078032844D102F0FAFC78
:10960000D0BB40F2EB300249088050E02802002035
:109610002402002038020020300200201002002026
:10962000A0310020C831002008020020EC010020F9
:10963000E8010020D0010020CC010020C83000202B
:10964000D4010020D8010020DC010020E00100202E
:10965000E4010020533A30006F2000007820000021
:109660003100000032000000330000003400000030
:109670006F0000007800000000E01BE04FF47B70FA
:109680009549088013E095480078062805D194484C
:10969000B0F900009049088009E09048007801285E
:1096A00005D16A208C49088001208E49086009E1B3
:1096B000D7E04BE002F09EFC80B98B480068401E6A
:1096C00000EB001089494218002189480BF009FD80
:1096D000884A012186480BF004FD06E040F2ED3097
:1096E0007D49088006207D4908707C480078012863
:1096F00005D16A207849088001207A490860E1E0B4
:1097000079480068401E00EB00107849421800219B
:1097100077480BF0E6FC74480068401E7649421812
:10972000012173480BF0DDFC6C480078062804D159
:109730004FF47B706849088007E06848007801288A
:1097400003D14FF47A7064490880BBE06B4800682D
:109750000D2863D2DFE800F0620728384262414AF0
:109760004B29396253006648006860B1654800685B
:1097700008B1012000E000200146052262480AF0FD
:10978000D3FC04460CE05F48006808B1012000E00B
:10979000002002465D4801785B480AF0E1FA044681
:1097A00000205749086039E000BF5648006808B1FA
:1097B000012000E0002001465048008802B25248D3
:1097C0000AF0B2FC044629E000BF4C48008801B210
:1097D0004D480AF033FA044620E000BF47480088AD
:1097E00001B249480AF00AF8044617E000BF4348AE
:1097F000008801B244480AF0FBF804460EE04148F4
:10980000006808B1012000E0002001463B480088C4
:1098100002B23D480AF088FC044600BF00BF5CB1BC
:1098200031480068401E00EB001039494218012100
:109830002F480BF056FC0AE02B480068401E00EB56
:10984000001034494218012129480BF04AFC4FF41A
:109850007A71314808F0D6F940F2E9301E490880A3
:1098600030E02D4808F0D2F918B140F2EA301A4938
:10987000088027E01C480068401E00EB00102749C4
:10988000421800211A480BF02CFC17480068401EB3
:1098900000EB001022494218012115480BF021FC71
:1098A0000E480078062805D10D48B0F900000A4995
:1098B000088006E009480078012802D164200649A2
:1098C000088000BF00BF0448B0F90000854201D005
:1098D000012070BD0020FCE72402002028020020A7
:1098E00026020020CC010020C001002020AA01088F
:1098F000A03100200FAA0108FEA9010838020020AB
:109900000C02002008020020550200200402002062
:10991000ECAA01081FAB0108C830002086AA010884
:10992000B9AA010870B50446FF2540F2F511601A86
:109930008C4272D016DC692C70D008DCA4F1640073
:10994000052839D2DFE800F0293987BEDD006A2C0E
:109950006FD0CA2C6ED0B4F5977F6CD0B4F5C97FA8
:109960002AD1C2E1CA2867D00CDC032870D004DCFD
:1099700001286ED00228F3D1FBE104286AD0C9285F
:10998000EED165E2A0F22D1000287DD001287CD018
:1099900064287BD06528E3D126E307F0FDFAFD4873
:1099A0000078062808D10020FB490880FB490860A0
:1099B000FB49086008F0ECF839E308F0E9F8F948E9
:1099C00000680D2842D2DFE800F041070B0F144178
:1099D000191E232A38413D006620EF49088035E0F2
:1099E000CA20ED49088031E04FF49770EA490880B9
:1099F0002CE04FF4C970E849088027E04FF49770D5
:109A0000E549088022E040F2BE20E34908801DE0DD
:109A100040F22230E049088018E082E190E040F214
:109A20008630DD490880FFF719F8DF4801F09CFC1B
:109A30000CE0A9E025E13CE12FE24FF49770D64914
:109A4000088003E0CA20D449088000BF00BFEEE2CE
:109A5000D0E178E1F3E107F0BFFA00210C2001F03A
:109A6000CFFFD2A001F080FCCA480078062809D1B7
:109A70000020CA490860CA4908606420C6490880B5
:109A800008F08CF8CB4802E0E3E145E28AE20068A6
:109A9000012816D1C848006802280FD1C0480068C4
:109AA00018B1C6480BF050FE02E0C4480CF062F951
:109AB0006A20B949088008F071F802E06720B649C9
:109AC0000880B4E207F088FA00210C2001F098FF2A
:109AD000BBA001F049FCAF480078062809D100205E
:109AE000AE490860AE4908606420AB49088008F0C0
:109AF00055F8B0480068022802D16820A6490880BD
:109B000095E207F069FA00210C2001F079FFAEA080
:109B100001F02AFC9F480078062809D100209F49BF
:109B200008609F49086064209B49088008F036F867
:109B3000A0480068032802D169209749088076E28E
:109B400007F04AFA00210C2001F05AFFA0A001F012
:109B50000BFC90480078062809D100208F49086046
:109B60008F49086064208C49088008F017F89148F4
:109B70000068042807D191480CF0FCF86A20864957
:109B8000088008F00BF852E207F042FA81480078AA
:109B900001F0C6FF804908800846008801280BD1E3
:109BA00000207E4908607C48B0F900008A4908809E
:109BB0004FF47A7078490880774800886E2804D17D
:109BC00002207649086007F0E3FF7348B0F900000F
:109BD000FA2804D102207149086007F0D9FF6E48C5
:109BE000B0F90000B0F5AF7F07D102206B490860E3
:109BF00000207A49088007F0CBFF6748B0F90000E1
:109C0000B0F5CD7F07D10220644908600020734978
:109C1000088007F0BDFF6048B0F9000040F2C6219F
:109C2000884209D102205D49086000206B49088004
:109C30006B49088007F0ACFF5748B0F9000040F2CC
:109C40002A31884209D10220544908600020634922
:109C500008806349088007F09BFF4F48B0F9000077
:109C600040F2B631884204D102204C49086007F026
:109C70008FFF49480088642802D1002047490860C6
:109C8000D5E107F0A9F900210D2001F0B9FE55A09A
:109C900001F06AFB3F480078062809D100203F49BF
:109CA00008603F49086064203B49088007F076FF60
:109CB000BDE107F091F900210C2001F0A1FE4BA0BD
:109CC00001F052FB4548008806F09EFD31480078BF
:109CD000062809D100203149086031490860642014
:109CE0002D49088007F05AFFA1E107F075F900211E
:109CF0000C2001F085FE3DA001F036FB37480088BE
:109D000006F082FD23480078062809D10020234967
:109D100008602349086064201F49088007F03EFF5F
:109D200085E11C480078062806D100201B49086000
:109D30001B49086018490880802D03DA4FF4FB7036
:109D40001549088073E113480078062804D10020E3
:109D50001249086010490880802D09DD40F2F71093
:109D60000D49088007F014FF01F058FEFEF77CFE55
:109D70005DE107F031F907480078062808D1002096
:109D800006490860064908600349088007F006FF95
:109D90004DE100002802002024020020CC01002018
:109DA0000C0200203802002053AA010853303E5311
:109DB00031000000C801002004020020C83100204A
:109DC00053303E533200000053303E533300000006
:109DD00053303E5334000000260200202A020020A7
:109DE0002C0200207061737300000000496E743A09
:109DF0000000000007F00CF992480178292001F0DA
:109E0000BDFA9149088008460088012804D1002045
:109E10008E4908608E4908608B48B0F9000040F216
:109E2000262188420AD18B48006810B9481E86490D
:109E3000088002208549086007F0AAFEF7E00020AC
:109E4000824908608249086064207F490880EEE00A
:109E500000BF07F0C9FB00210A2001F0D1FD7EA060
:109E600001F082FA7D48008806F0CEFC0021102027
:109E700001F0C6FD7A48008806F0C6FC71480078FB
:109E8000062809D1002071490860714908606420E2
:109E90006D49088007F082FEC9E007F0A5FB0021AC
:109EA0000A2001F0ADFD6F480068072803D16AA0C1
:109EB00001F05AFA02E06CA001F056FA67480088F7
:109EC00006F0A2FC0021102001F09AFD64480088F1
:109ED00006F09AFC65480068012800D100E00020E7
:109EE00063490968012900D100E00021084020B140
:109EF00007F054FE6A20544908805248007806282A
:109F000009D10020514908605149086064204E4938
:109F1000088007F043FE8AE007F066FB00210A2074
:109F200001F06EFD4F480068072803D14AA001F0F8
:109F30001BFA02E04CA001F017FA4848008806F02E
:109F400063FC0021102001F05BFD4548008806F00D
:109F50005BFC46480068012800D100E0002044492D
:109F60000968012900D100E00021084058B107F03C
:109F700015FE6A20344908803E480068022802D154
:109F800001203C4908602F480078062809D10020AC
:109F90002E4908602E49086064202B49088007F08C
:109FA000FDFD44E007F018F800210C2001F028FD29
:109FB000AFF2082001F0D8F922480078062809D12C
:109FC0000020224908602249086064201E49088058
:109FD00007F0E4FD2848006828B907F0DFFD40F2EB
:109FE00087301949088022E007F012F815480078F8
:109FF00001F096FD1449088008460088012804D124
:10A00000002012490860124908600F48B0F90000AA
:10A01000962804D102200D49086007F0B9FD0A48CE
:10A020000088642802D100200849086000BF00BFF2
:10A030000548B0F90000844201D0012070BD002025
:10A04000FCE700002802002024020020CC010020B0
:10A050000C020020080200203E0000002A0200201E
:10A060002C020020380200203C000000FC010020EF
:10A070000002002010020020C801002010B5044694
:10A08000FC2C71D030DCA92C6FD018DC982C6DD052
:10A090000CDC952C6BD004DC6E2C6BD06F2C68D153
:10A0A000C5E0962C72D0972CF9D11AE1992C6ED07C
:10A0B0009A2C6DD09B2C6CD09C2CF0D1F0E1AE2C66
:10A0C00068D008DCAA2C73D0AB2C72D0AC2C71D029
:10A0D000AD2CE4D1D2E2AF2C6DD0B02C6CD0FA2CE8
:10A0E0006BD0FB2CDBD19CE340F2EE21601A8C425A
:10A0F0007ED022DC40F22621A4EB01008C4278D0F5
:10A1000012DCB4F5E17F75D006DCB4F5AF7F72D018
:10A11000B4F5CD7FC3D1F3E3B4F5EB7F6CD0A4F2FB
:10A1200025200028BBD1EAE3012866D0022874D09C
:10A13000032873D0A028B2D1FDE365286FD008DCD6
:10A1400001286DD014286CD03C286BD06428A6D18F
:10A15000F2E3782867D0C8287ED0C9287DD0A0F245
:10A16000F71000289BD1E8E392E3DDE1D6E07EE042
:10A1700000E0CAE2FE48006888B9FE48006801288D
:10A1800009D140F22520FC490880BEE28CE0E2E0E3
:10A19000FEE041E196E26F20F7490880F5E7F548D7
:10A1A000006801280AD140F22620F3490880ECE734
:10A1B000F8E11BE23EE2A9E2CCE2EFE2EF480178EF
:10A1C000152001F0DBF8EC490880084600886A2871
:10A1D00002D10120EA490860E748B0F9000096285A
:10A1E0000ED1E848006802280AD19520E24905E02E
:10A1F000DBE3F3E3ABE36CE3B7E3F0E30880C4E74E
:10A20000DD48B0F90000AA280ED1DE480068022817
:10A210000AD1A920D8490880B7E7FDE3FDE3FDE3B3
:10A22000FDE3FDE3FDE3FDE306F012FFADE706F01D
:10A230002FFFD2480178342001F0A0F8CE490880E1
:10A24000084600886A2802D10120CD490860CA4822
:10A25000B0F90000962801E0FBE3FBE306D1C94812
:10A260000068022802D19520C34908808DE706F0D6
:10A270002FFF0021032001F0C3FBC34A916DD06A78
:10A2800006F0D4F8C1A001F06FF8BC48017827208F
:10A2900001F074F8B8490880084600886A2802D19D
:10A2A0000120B749086070E706F024FF002106206E
:10A2B00001F0A6FBB44A916DD06A06F0B7F8B3A0DE
:10A2C00001F052F8AD480178162001F057F8AA497C
:10A2D0000880084600886A2802D10120A849086041
:10A2E00053E706F035FF0021062001F089FBA64A5E
:10A2F000D16D106B06F09AF8A4A001F035F89F48D4
:10A300000178172001F03AF89B4908800846008838
:10A310006A2802D101209A49086036E706F04AFF10
:10A320000021062001F06CFB974A116E506B06F07D
:10A330007DF896A001F018F890480178182001F0F7
:10A340001DF88D490880084600886A2802D101203E
:10A350008B49086019E706F055FF0021062001F03F
:10A360004FFB894A516E906B06F060F887A000F0B1
:10A37000FBFF82480178192001F000F87E4908802F
:10A38000084600886A2802D101207D490860FCE661
:10A3900006F060FF0021062001F032FB7A48016BD5
:10A3A000C06A81420CD27848006B42F210710844B6
:10A3B000784908607448C06D401E7749086007E01E
:10A3C0007148006B734908606F48C06D724908603E
:10A3D0006D48C06A6F490968091A6B48C163806D8E
:10A3E0006D490968091A684881660246916ED06B0A
:10A3F00006F01CF865A000F0B7FF604801781A204D
:10A4000000F0BCFF5C490880084600886A2802D139
:10A4100001205B490860B8E606F044FF00210620F1
:10A4200001F0EEFA5848416B006B81420CD256485D
:10A43000406B42F210710844564908605248006E61
:10A44000401E5549086007E04F48406B514908607D
:10A450004D48006E504908604B48006B4D490968F3
:10A46000091A49480164C06D4B490968091A4648F0
:10A47000C1660246D16E106C05F0D8FF43A000F013
:10A4800073FF3E4801781B2000F078FF3A490880AE
:10A49000084600886A2802D101203949086074E61C
:10A4A00006F028FF0021062001F0AAFA3648816B49
:10A4B000406B81420CD23448806B42F210710844E8
:10A4C000344908603048406E401E3349086007E058
:10A4D0002D48806B2F4908602B48406E2E4908603C
:10A4E0002948406B2B490968091A27484164006EC6
:10A4F00029490968091A244801670246116F506CFE
:10A5000005F094FF25A000F02FFF1C4801781C20C7
:10A5100000F034FF18490880084600886A2802D1F4
:10A5200001201749086030E606F00CFF00210720E3
:10A5300001F066FA1448D0ED4D0AB0EE600A05F05D
:10A54000CDFF00210E2001F05BFA15A000F00CFFFA
:10A550000A480178282000F011FF074908800846C2
:10A5600000886A2802D10120054908600DE6000034
:10A57000080200200C0200202402002028020020F3
:10A58000CC01002004020020C831002020732020CC
:10A590000000000014020020180200202073200098
:10A5A0006D2F730006F0E0FE0021072001F028FA6D
:10A5B000FE48D0ED4D0AB0EE600A05F08FFF002195
:10A5C0000E2001F01DFAAFF2280000F0CDFEF84891
:10A5D00001781D2000F0D2FEF64908800846008868
:10A5E0006A2802D10120F4490860CEE506F0CAFECF
:10A5F0000021072001F004FAEC48D0ED4E0AB0EE3D
:10A60000600A05F06BFF00210E2001F0F9F9AFF2AE
:10A61000700000F0A9FEE64801781E2000F0AEFEB2
:10A62000E4490880084600886A2802D10120E249EE
:10A630000860AAE506F0B2FE0021072001F0E0F96B
:10A64000DA48D0ED4F0AB0EE600A05F047FF00216E
:10A650000E2001F0D5F9AFF2B80000F085FED44825
:10A6600001781F2000F08AFED24908800846008841
:10A670006A2802D10120D0490860FFE306F09AFE63
:10A680000021072001F0BCF9C848D0ED500AB0EE17
:10A69000600A05F023FF00210E2001F0B1F9AFF2AE
:10A6A000001000F061FEC2480178202000F066FE34
:10A6B000C0490880084600886A2802D10120BE49A6
:10A6C0000860DBE306F082FE0021072001F098F924
:10A6D000B648D0ED510AB0EE600A05F0FFFE002149
:10A6E0000E2001F08DF9AFF2481000F03DFEB048A9
:10A6F0000178212000F042FEAE490880084600881B
:10A700006A2802D10120AC490860B7E306F06AFE6E
:10A710000021072001F074F9A448D0ED520AB0EEF0
:10A72000600A05F0DBFE00210E2001F069F9AFF2AE
:10A73000901000F019FE9E480178222000F01EFEC5
:10A740009C490880084600886A2802D101209A495D
:10A75000086093E306F052FE0021072001F050F953
:10A760009248D0ED530AB0EE600A05F0B7FE002122
:10A770000E2001F045F9AFF2D81000F0F5FD8C483D
:10A780000178232000F0FAFD8A49088008460088F5
:10A790006A2802D10120884908606FE38748006871
:10A7A00038B987480068022803D1FC208149088015
:10A7B00064E306F0B5FE0021032001F021F97B4A95
:10A7C000916DD06A05F032FE7EA000F0CDFD784894
:10A7D00001782F2000F0D2FD764908807848006883
:10A7E0000C2808D10846B0F9000040F2E541884243
:10A7F00001D17049088072480068022809D16D486B
:10A80000B0F9000040F2E541884202D1FB206949DD
:10A810000880684800886A2802D1012066490860DB
:10A820002CE306F08BFE0021042001F0E9F85F48DC
:10A83000D0ED4D0AB0EE600A05F050FE63A000F0C6
:10A8400093FD5B480178302000F098FD594908805D
:10A850005B4800680C2805D10846B0F90000FA28CA
:10A8600000D1088056480068022809D15148B0F943
:10A87000000040F2E541884202D1FA204D490880AB
:10A880004C4800886A2802D101204B490860F5E253
:10A8900006F01EFC0021032001F0B2F8434A916D3E
:10A8A000D06A05F0C3FD4BA000F05EFD444800688F
:10A8B000022806D13E480178352000F05FFD3D4971
:10A8C00008803C4800886A2802D101203A49086083
:10A8D000D4E206F041FE4048008800B206F0A2F83B
:10A8E0003348007801F070F9324908800846008842
:10A8F0006A2802D1012030490860BFE200E042E04E
:10A9000006F02EFE2A4801782A2000F037FD29495A
:10A910000880084600886A2802D10120264908607C
:10A920002448B0F90000B0F5E17F02D100202A49A7
:10A930000880204802E0F3E0AEE180E2B0F90000D8
:10A94000B0F5EB7F02D100202349088096E206F0A3
:10A9500027FE2148008800B206F064F81448007809
:10A9600001F06AF91349088088E206F01DFE1A48D2
:10A97000008800B206F008F80D48007801F08CF964
:10A980000C4908807AE206F0A3FB0021032001F0C5
:10A9900037F8064A916DD06A05F048FD0DA000F029
:10A9A000E3FC0348017836201AE0DEE0C8310020DD
:10A9B0002802002024020020CC01002008020020F0
:10A9C000380200202073202020000000206D2F730B
:10A9D00000000000207300002A0200200CE03AE092
:10A9E00000F0CCFCFE490880084600886A2802D1A5
:10A9F0000120FC49086041E2FB48006818B940F2B8
:10AA00002520F749088006F08BFD0021032000F087
:10AA1000F7FFF64A916D06E03CE05AE061E1C9E0DB
:10AA2000EFE014E184E1D06A05F000FDAFF26C00C4
:10AA300000F09AFCEE4801782B2000F09FFCE849DA
:10AA40000880084600886A2802D10120E54908608C
:10AA500014E293E1B2E106F071FD0021042000F060
:10AA6000CFFFE248D0ED4D0AB0EE600A05F036FDAA
:10AA7000E0A000F079FCDE4801782C2000F07EFC9C
:10AA8000D7490880084600886A2802D10120D549A4
:10AA90000860F3E106F08CFD0021042000F0B0FF17
:10AAA000D248D0ED870AB0EE600A05F017FDD3A0BA
:10AAB00000F05AFCCE4801782D2000F05FFCC84918
:10AAC0000880084600886A2802D10120C54908602C
:10AAD000D4E106F07BFD0021042000F091FFC34883
:10AAE00090ED870AD0ED630A20EE200A80ED4E0A31
:10AAF000D0ED4E0AB0EE600A05F0F0FCC1A000F007
:10AB000033FCBB4801782E2000F038FCB4490880A3
:10AB1000084600886A2802D10120B2490860ADE1E8
:10AB200006F096FDB2480178312000F027FCAC49D0
:10AB30000880084600886A2802D10120A9490860D7
:10AB4000A748B0F9000040F2EE21884202D100206F
:10AB5000AE490880A248B0F9000040F202318842B4
:10AB600002D10020AA49088088E106F091FD002169
:10AB7000032000F045FFA748A449098800EB8100A5
:10AB8000D0ED000AB0EE600A05F08AFEA2A000F047
:10AB9000EBFB00210F2000F033FF9C48008805F0FC
:10ABA00033FE9E4801689248007801F0A5F88C4970
:10ABB000088063E106F082FD0021032000F020FF01
:10ABC000944A843A924B1B8852F823102C3A904BAB
:10ABD0001B8852F8230005F029FC8FA000F0C4FB6D
:10ABE00000210F2000F00CFF8948008805F00CFEC2
:10ABF0008A4801687E48007801F0B0F878490880FA
:10AC00003CE106F071FD0021032000F0F9FE8148CF
:10AC100058307F49098800EB8100D0ED000AB0EE82
:10AC2000600A05F03DFE7CA000F09EFB00210F2095
:10AC300000F0E6FE7648008805F0E6FD77480168FA
:10AC40006B48007801F0CAF86549088016E106F003
:10AC5000FFFC67480178402000F090FB60490880C5
:10AC6000084600886A2802D101205E4908605C48D5
:10AC7000B0F9000040F25231884202D1002063490D
:10AC800008805748B0F9000040F26631884202D18E
:10AC900000205F490880F1E006F0FAFC0021032063
:10ACA00000F0AEFE5B485949098800EB8100D0ED09
:10ACB000000AB0EE600A05F0F3FD57A000F054FB67
:10ACC00000210F2000F09CFE5048008805F09CFDFC
:10ACD000524801684648007801F0B6F840490880BB
:10ACE000CCE006F0EBFC0021032000F089FE494A8D
:10ACF000843A474B1B8852F823102C3A444B1B884C
:10AD000052F8230005F092FB43A000F02DFB002138
:10AD10000F2000F075FE3E48008805F075FD3F48A5
:10AD200001683348007801F0D7F82D490880A5E084
:10AD300006F0DAFC0021032000F062FE35485830AE
:10AD40003349098800EB8100D0ED000AB0EE600ABB
:10AD500005F0A6FD30A000F007FB00210F2000F059
:10AD60004FFE2B48008805F04FFD2C480168204815
:10AD7000007801F009F91A4908807FE006F0D0FB5D
:10AD80000021032000F03CFE1848D0ED630AB0EE2D
:10AD9000600A05F085FDAFF60C0000F0E5FA1448F6
:10ADA0000178322000F0EAFA0D4908800846008850
:10ADB0006A2802D101200B4908605FE006F0BEFB63
:10ADC0000021042000F01CFE0848D0ED4D0AB0EE32
:10ADD000600A05F083FBAFF20C4000F0C5FA1FE0FB
:10ADE00024020020CC01002008020020C8310020ED
:10ADF00028020020206D2F7320200000206D2F736B
:10AE000032000000206D2F73200000002A02002075
:10AE10002C02002054330020730000001002002098
:10AE20001B480178332000F0A9FA1A490880084627
:10AE300000886A2802D10120174908601EE006F048
:10AE4000DDFD0021042000F0DBFD1448D0ED840A74
:10AE5000B0EE600A05F042FB11A000F085FA0C4844
:10AE600001783D2000F08AFA0A49088008460088E7
:10AE70006A2802D101200849086000BF00BF0548C8
:10AE8000B0F90000844201D0012010BD0020FCE791
:10AE90002802002024020020CC010020C83100201C
:10AEA00020204A202000000000EB800100BF00BFEE
:10AEB00000BF00BF00BF00BF00BF00BF00BF00BF9A
:10AEC00000BF00BF00BF00BF00BF4A1E111EEED171
:10AED0007047000010B50348828B816902480AF070
:10AEE000EBF910BD700100207000002070B5044621
:10AEF0000D46164633462A46214602480AF0E5F931
:10AF000070BD00007000002070B50546002413E0FD
:10AF10000120A040284008B1012000E000200346A5
:10AF20000E4800EBC40082880C4850F834100C48DE
:10AF30000AF0CBF9601CC4B2042CE9DB0122110237
:10AF40000848FFF7D3FF0A20FFF7AEFF00224FF4B7
:10AF500080710448FFF7CAFF70BD00007001002037
:10AF6000700000200000024070B5044623492046CE
:10AF70000CF087FC224908700846007888B16420EC
:10AF8000F5F7B5F9054622461EA12846F5F788FAD9
:10AF9000284606F081FD2846F5F7D8F918480078CC
:10AFA00070BD20460CF04BFD15490870084600782E
:10AFB00078B96420F5F79BF90546224619A1284681
:10AFC000F5F76EFA284606F067FD2846F5F7BEF954
:10AFD00011E06420F5F78BF905462346084802780E
:10AFE0001AA12846F5F75CFA284606F055FD2846D2
:10AFF000F5F7ACF900BF02480078D1E7580200200D
:10B00000000000204552524F52212121202A257351
:10B010002A20646F6573206E6F742065786973747D
:10B02000730A0A002A25732A206861732062656505
:10B030006E2072656D6F76656420737563636573EA
:10B040007366756C6C790A0A000000004552524F15
:10B0500052204E6F2E20256420696E2072656D6F20
:10B0600076696E67202A25732A0A0A0010B5012224
:10B070000A4900200CF06AF909490870084600786E
:10B0800040B908A006F008FDFDF71AFD00200E49A2
:10B09000087002E00DA006F0FFFC10BD410000208A
:10B0A0000000002055534220554E4D4F554E5445FB
:10B0B00044207375636365737366756C6C792E2EAB
:10B0C0002E0A0A0A000000001C0000204552524FC0
:10B0D0005221212120696E20554E4D4F554E544925
:10B0E0004E4720555342200A0A0A00002DE9F0413C
:10B0F00004460D46534920460CF0C3FB52490870E4
:10B100000846007890B16420F5F7F1F8064622462B
:10B110004EA13046F5F7C4F9304606F0BDFC304686
:10B12000F5F714F948480078BDE8F081322221464D
:10B130004E480CF03BF9444908700846007898B135
:10B140006420F5F7D4F8074623463F48027848A123
:10B150003846F5F7A5F9384606F09EFC3846F5F76F
:10B16000F5F839480078DFE76420F5F7C0F80646BF
:10B17000224649A13046F5F793F9304606F08CFC9B
:10B180003046F5F7E3F82846F5F734FB07464E4B13
:10B190003A46294635480CF0D9FC2B490870084638
:10B1A000007888B16420F5F7A2F8074623462648C0
:10B1B000027846A13846F5F773F9384606F06CFC7C
:10B1C0003846F5F7C3F80FE06420F5F790F8074626
:10B1D000224648A13846F5F763F9384606F05CFC8C
:10B1E0003846F5F7B3F800BF20480CF085F816494B
:10B1F00008700846007888B16420F5F778F80746AB
:10B2000023461148027842A13846F5F749F93846F5
:10B2100006F042FC3846F5F799F80FE06420F5F7A0
:10B2200066F80746224644A13846F5F739F938460C
:10B2300006F032FC3846F5F789F800BF00BF024837
:10B24000007871E758020020000000204552524F5C
:10B2500052212121202A25732A20646F6573206ED4
:10B260006F74206578697374730A0A00C81400202B
:10B270004552524F52212121204E6F2E202564200D
:10B28000696E206F70656E696E672066696C6520F7
:10B290002A25732A0A0A00004F70656E696E6720BE
:10B2A00066696C652D2D3E20202A25732A202054A6
:10B2B0006F20555044415445206461746120696E8B
:10B2C0002069740A00000000080000204552524F17
:10B2D00052212121204E6F2E20256420696E207777
:10B2E000726974696E672066696C65202A25732A05
:10B2F0000A0A00002A25732A205550444154454427
:10B30000207375636365737366756C6C790A0000EE
:10B310004552524F52212121204E6F2E202564206C
:10B32000696E20636C6F73696E672066696C652057
:10B330002A25732A0A0A000046696C65202A2573AB
:10B340002A20434C4F5345442073756363657373E0
:10B3500066756C6C790A0A0000B5024808F005FAB7
:10B3600000BD0000B201002010B50446214602488D
:10B3700009F05AFE10BD0000A03100200246002056
:10B38000012904D0032906D0062910D109E00C4B6D
:10B3900033F9320011E00A4B03EBC203B3F90200A8
:10B3A0000BE0074B03EBC203B3F9040005E0044BC9
:10B3B00003EBC203B3F9060000BF00BF70470000F3
:10B3C00052AB010810B50446C748B0F9001040F26E
:10B3D000F712881A91427DD00ADC642911D0CA295B
:10B3E0004CD0B1F5977F76D0B1F5C97F45D1ABE0B0
:10B3F000C72871D0A0F22B1000286ED00128F5D1FB
:10B4000045E1BA48006809280FD1FDF72DFB00F08F
:10B4100005FB0120B64908606520B349088008464D
:10B42000B0F90000FEF77EFA27E0FDF71DFB0020D3
:10B43000AF49086000F0F2FAAC480068032803D175
:10B440004FF42F70AB4908606520A74908800020A1
:10B45000A9490880A9490880A9490860A949086044
:10B46000A949086001230822A849A94809F02DFF2D
:10B470009D48B0F90000FEF755FA32E19B4800689C
:10B48000022819D106F08AFB9A480168A148C162D6
:10B49000A14801689F488165A04890ED000ADFED52
:10B4A000A00A80EE201A9F4880ED001A6A208E497B
:10B4B000088098480AF012FD8C4800680C2814D1C6
:10B4C00006F06CFB8B4801689248C16292480168A3
:10B4D000904803E06BE009E078E0ABE081656A202A
:10B4E000814908808B480AF02FF9FAE05CBB81485B
:10B4F000016888482C30804A128840F8221086481B
:10B500000168844858307C4A128840F822107A48F2
:10B510000088401C7849088074480068062804D1D7
:10B520000020744908607C490860734800887E499F
:10B530000968884207D106F031FB6A206A49088011
:10B5400074480AF0BFFACCE064BB6D48006801287B
:10B5500029D1684801686F482C30674A128840F842
:10B5600022106D4801686B485830634A128840F8D1
:10B57000221061480088401C5F49088000205D4916
:10B580000860654908605C4800880A2807D106F011
:10B5900005FB6A20544908805E480AF093FA0020AF
:10B5A0005749086002E001205549086099E0514878
:10B5B00001685848C162584801685648816506F0DC
:10B5C000EDFA4FF4FC70484908808AE08CBB49488A
:10B5D000016850482C30484A128840F822104E48E2
:10B5E00001684C485830444A128840F822104248BA
:10B5F0000088401C40490880084600884B4909687B
:10B60000884216D149480068012806D102204749DE
:10B61000086000203949088004E00020374908808C
:10B620003549088040F2BF202F4908800120354964
:10B63000086056E054BB2F48016836482C302E4A2B
:10B64000128840F8221034480168324858302A4A9B
:10B65000128840F8221028480088401C264908809B
:10B66000084600883149096888420FDB2F48006886
:10B67000012802D102202D49086000201F490880BE
:10B680001D49088040F223301749088029E004BB97
:10B69000184801681F48DC30174A128840F8221009
:10B6A0001D4801682248144A128840F822101248A6
:10B6B0000088401C10490880084600881B4909681A
:10B6C00088420DD119480068012803D1022017498A
:10B6D000086005E001200B4908600E480AF0F2F905
:10B6E00000BF00BF10BD000024020020380200206F
:10B6F000C8010020EC0100202A0200202C020020BA
:10B70000D0010020FC0100200002002000040240C3
:10B7100070000020C8310020E8010020BC0100209A
:10B7200000007A443C020020300200201002002079
:10B73000D032002010B577480068092818D1764823
:10B740000068012813D175480078754909680840D8
:10B7500000280CD0002070490860724801687248C7
:10B76000C16272480168704881650AF0B7FBD0E099
:10B7700068480068012854D1684800786849096819
:10B78000084070B101206449086066480168664855
:10B79000C1626648016864488165002060490860AC
:10B7A000B7E05E48007862490968084070B102203D
:10B7B000594908605B4801685B4801635B48016860
:10B7C0005948C16500205A490860A2E053480078F2
:10B7D00058490968084070B103204F490860514832
:10B7E000016851484163514801684F480166002093
:10B7F000504908608DE0494800784F490968084081
:10B800000028B4D0042044490860464801684648EE
:10B810008163464801684448416600204649086003
:10B8200077E03C480068072836D14448B0F900006A
:10B8300040F2BF2188426CD1384800783849096805
:10B840000840002865D037480168374884303C4AB2
:10B85000128840F82210354801683348B030384A21
:10B86000128840F8221036480088401C344908806D
:10B87000084600883349096888424AD10120324984
:10B88000086030480068022802D101202D49086074
:10B8900025480AF017F93CE01E480068082838D10E
:10B8A0002648B0F9000040F22331884201D101203E
:10B8B00000E000202449096809B9012100E00021C5
:10B8C000084030B31548007815490968084000B3AE
:10B8D0001448016814488430194A128840F822102C
:10B8E000124801681048B030154A128840F82210FA
:10B8F00013480088401C12490880084600881149F6
:10B900000968884205D101200F49086006480AF0FD
:10B91000D9F810BD38020020C801002040020020E4
:10B92000D8010020EC010020C8310020E8010020EF
:10B93000DC010020E0010020E401002024020020BE
:10B940002C020020100200200002002001460548C1
:10B9500000EB810090ED000ABCEEC00A10EE100A68
:10B9600070470000783100203EB50546002410E005
:10B970000020CDE900500290074800EBC400828807
:10B98000054850F834100023044809F0A6FC601C58
:10B99000C4B2042CECDB3EBD70010020700000201E
:10B9A00070B504460D460120FFF7DEFF00224FF47C
:10B9B00000711148FFF79AFA012D07D10022A90260
:10B9C0000D48FFF793FA0D48047009E00122910237
:10B9D0000948FFF78BFA09480078401C07490870AE
:10B9E0002011FFF791FA0A20FFF75EFA2046FFF7D1
:10B9F0008BFA04F0B7FC70BD000002406801002023
:10BA000070B504460D46601EC1B22A46014809F0D1
:10BA100063FB70BDA0310020704700009FED020A5B
:10BA2000024880ED000A704700000000BC010020C1
:10BA300010B5054A0021054809F053FB044A0121CD
:10BA4000024809F04EFB10BD9C9E0108A031002069
:10BA5000AD9E010810B50B480068401E00EB0010B9
:10BA6000094942180021094809F03BFB05480068D4
:10BA7000401E00EB0010064942180121034809F05E
:10BA800030FB10BDC0010020E09E0108A031002065
:10BA9000139F010800200DE0FF2100EB40020D4B39
:10BAA00003EB82021172002100EB400203EB8202E1
:10BAB0005172401C1428EFD30021074A1170002056
:10BAC00004E00021054A42F82010401C0828F8D361
:10BAD00070470000780000207400002088300020AB
:10BAE0002DE9F04104460D460C480778402101EB52
:10BAF000C401C8B20121FFF753FF002606E015F884
:10BB0000010B0021FFF74CFF701C86B2082EF6DBFC
:10BB100001213846FFF744FFBDE8F08168010020AD
:10BB200001460020012904D0032942D0062944D12E
:10BB300041E0244A1268012A00D16E20214A12688D
:10BB4000022A00D1FA201F4A1268032A01D14FF4B9
:10BB5000AF701C4A1268042A01D14FF4CD70194A03
:10BB60001268052A01D140F22620164A1268062AD8
:10BB700001D14FF4CD70134A1268072A01D140F267
:10BB8000C620104A1268082A01D140F22A300D4A14
:10BB90001268092A01D140F2B6300A4A12680A2A0C
:10BBA00001D14FF4AF70074A12680C2A00D1FA2075
:10BBB00005E0642003E0012001E06A2000BF00BF2F
:10BBC000704700003802002001460020012904D0FF
:10BBD000032915D0062926D114E0154A1288521ED1
:10BBE000134B1A801A461288124B1B689A4204DDC6
:10BBF000104A1288521E0E4B1A804FF4AF7015E097
:10BC00006A2013E00A4A1288521C094B1A80094A1A
:10BC10001268521E1B889A4202DA0022044B1A80D4
:10BC20004FF4AF7002E04FF4AF7000BF00BF704739
:10BC30002A0200203002002001460020012904D001
:10BC4000032910D006291FD110E0124A1288521E73
:10BC5000104B1A801A4612880A2A01DD09221A801E
:10BC60004FF4E17013E04FF4CD7010E0094A1288F0
:10BC7000521C084B1A801A461288092A01DD00223C
:10BC80001A804FF4E17002E04FF4E17000BF00BF92
:10BC9000704700002A02002001460020012904D03C
:10BCA000032910D006291FD110E0124A1288521E13
:10BCB000104B1A801A4612880A2A01DD09221A80BE
:10BCC0004FF4EB7013E04FF4CD7010E0094A128886
:10BCD000521C084B1A801A461288092A01DD0022DC
:10BCE0001A804FF4EB7002E04FF4EB7000BF00BF1E
:10BCF000704700002A02002010B502460020012AE9
:10BD000004D0032A10D0062A20D110E0124B1B8841
:10BD10005B1E114C238023461B888B4201DD4B1E8A
:10BD2000238040F2EE2014E040F2C62011E00A4BDE
:10BD30001B885B1C084C23804B1E2488A34202DA1C
:10BD40000023054C238040F2EE2002E040F2EE207A
:10BD500000BF00BF10BD00002A02002030B502461F
:10BD600000200A2902D14C1E23B200E00BB2012AA6
:10BD700004D0032A14D0062A27D114E0154C2488B5
:10BD8000641E144D2C802C4624888C4205DD4C1EEC
:10BD9000114D2C8040F2EE2001E040F2EF2017E040
:10BDA00040F2C62014E00B4C2488641C094D2C8002
:10BDB0004C1E2D88AC4205DA0024074D2C8040F241
:10BDC000EE2001E040F2EF2002E040F2EF2000BF61
:10BDD00000BF30BD2C0200202A02002030B50346EF
:10BDE000002002220A2900D10A46012B04D0032B8D
:10BDF00010D0062B20D110E0124C2488641E114D67
:10BE00002C802C462488944201DD541E2C8040F264
:10BE1000023014E040F2C62011E00A4C2488641C71
:10BE2000084D2C80541E2D88AC4202DA0024054DAA
:10BE30002C8040F2023002E040F2023000BF00BF2E
:10BE400030BD00002C02002010B502460020012A5F
:10BE500004D0032A1FD0062A34D11FE01C4B1B88B4
:10BE60005B1E1B4C238023461B888B4210DD0A2956
:10BE700005D14B1E23804B1E164C238005E000236A
:10BE8000134C23800123134C238040F253301CE0D9
:10BE900040F2523019E040F22A3016E00C4B1B8879
:10BEA0005B1C0B4C23804B1E2488A34207DA002323
:10BEB000074C2380074C238040F2533005E040F2CA
:10BEC000523002E040F2523000BF00BF10BD00000F
:10BED0002A0200202C02002010B502460020012A70
:10BEE00004D0032A22D0062A44D122E0244B1B8806
:10BEF0005B1E234C23800A290BD123461B888B42CF
:10BF000004DD4B1E238040F252300EE040F25330ED
:10BF10000BE01B4B1B88012B05DD0023194C2380F4
:10BF200040F2523001E040F2533026E040F22A3035
:10BF300023E0134B1B885B1C114C23800A290CD176
:10BF40004B1E2488A34205DA00230D4C238040F2C7
:10BF500052300EE040F253300BE0094B1B88012BAE
:10BF600005DD0023074C238040F2523001E040F20F
:10BF7000533002E040F2533000BF00BF10BD00005C
:10BF80002C0200202A02002070B5044600200A2955
:10BF900002D14A1E4B1E01E001220123012C04D0D4
:10BFA000032C0FD0062C1ED10FE0114D2D886D1ED5
:10BFB0000F4E358035462D888D4200DD338040F2AE
:10BFC000663013E040F22A3010E0094D2D886D1CD8
:10BFD000074E358035462D88954201DD0025358098
:10BFE00040F2663002E040F2663000BF00BF70BD34
:10BFF0002C02002001480078704700001C0000203F
:10C00000FF00000000000000000000000000000031
:10C010000000000000000000000000000000000020
:10C020000000000000000000000000000000000010
:10C030000000000000000000000000000000000000
:10C0400000000000000000000000000000000000F0
:10C0500000000000000000000000000000000000E0
:10C0600000000000000000000000000000000000D0
:10C0700000000000000000000000000000000000C0
:10C0800000000000000000000000000000000000B0
:10C0900000000000000000000000000000000000A0
:10C0A0000000000000000000000000000000000090
:10C0B0000000000000000000000000000000000080
:10C0C0000000000000000000000000000000000070
:10C0D0000000000000000000000000000000000060
:10C0E0000000000000000000000000000000000050
:10C0F0000000000000000000000000000000000040
:10C10000000000000000000000000000000000002F
:10C11000000000000000000000000000000000001F
:10C12000000000000000000000000000000000000F
:10C1300000000000000000000000000000000000FF
:10C1400000000000000000000000000000000000EF
:10C1500000000000000000000000000000000000DF
:10C1600000000000000000000000000000000000CF
:10C1700000000000000000000000000000000000BF
:10C1800000000000000000000000000000000000AF
:10C19000000000000000000000000000000000009F
:10C1A000000000000000000000000000000000008F
:10C1B000000000000000000000000000000000007F
:10C1C000000000000000000000000000000000006F
:10C1D000000000000000000000000000000000005F
:10C1E000000000000000000000000000000000004F
:10C1F000000000000000000000000000000000003F
:10C20000000000000000000000000000000000002E
:10C21000000000000000000000000000000000001E
:10C22000000000000000000000000000000000000E
:10C2300000000000000000000000000000000000FE
:10C2400000000000000000000000000000000000EE
:10C2500000000000000000000000000000000000DE
:10C2600000000000000000000000000000000000CE
:10C2700000000000000000000000000000000000BE
:10C2800000000000000000000000000000000000AE
:10C29000000000000000000000000000000000009E
:10C2A000000000000000000000000000000000008E
:10C2B000000000000000000000000000000000007E
:10C2C000000000000000000000000000000000006E
:10C2D000000000000000000000000000000000005E
:10C2E000000000000000000000000000000000004E
:10C2F000000000000000000000000000000000003E
:10C30000000000000000000000000000000000002D
:10C31000000000000000000000000000000000001D
:10C32000000000000000000000000000000000000D
:10C3300000000000000000000000000000000000FD
:10C3400000000000000000000000000000000000ED
:10C3500000000000000000000000000000000000DD
:10C3600000000000000000000000000000000000CD
:10C3700000000000000000000000000000000000BD
:10C3800000000000000000000000000000000000AD
:10C39000000000000000000000000000000000009D
:10C3A000000000000000000000000000000000008D
:10C3B000000000000000000000000000000000007D
:10C3C000000000000000000000000000000000006D
:10C3D000000000000000000000000000000000005D
:10C3E000000000000000000000000000000000004D
:10C3F000000000000000000000000000000000003D
:10C40000000000000000000000000000000000002C
:10C41000000000000000000000000000000000001C
:10C42000000000000000000000000000000000000C
:10C4300000000000000000000000000000000000FC
:10C4400000000000000000000000000000000000EC
:10C4500000000000000000000000000000000000DC
:10C4600000000000000000000000000000000000CC
:10C4700000000000000000000000000000000000BC
:10C4800000000000000000000000000000000000AC
:10C49000000000000000000000000000000000009C
:10C4A000000000000000000000000000000000008C
:10C4B000000000000000000000000000000000007C
:10C4C000000000000000000000000000000000006C
:10C4D000000000000000000000000000000000005C
:10C4E000000000000000000000000000000000004C
:10C4F000000000000000000000000000000000003C
:10C50000000000000000000000000000000000002B
:10C51000000000000000000000000000000000001B
:10C52000000000000000000000000000000000000B
:10C5300000000000000000000000000000000000FB
:10C5400000000000000000000000000000000000EB
:10C5500000000000000000000000000000000000DB
:10C5600000000000000000000000000000000000CB
:10C5700000000000000000000000000000000000BB
:10C5800000000000000000000000000000000000AB
:10C59000000000000000000000000000000000009B
:10C5A000000000000000000000000000000000008B
:10C5B000000000000000000000000000000000007B
:10C5C000000000000000000000000000000000006B
:10C5D000000000000000000000000000000000005B
:10C5E000000000000000000000000000000000004B
:10C5F000000000000000000000000000000000003B
:10C60000000000000000000000000000000000002A
:10C61000000000000000000000000000000000001A
:10C62000000000000000000000000000000000000A
:10C6300000000000000000000000000000000000FA
:10C6400000000000000000000000000000000000EA
:10C6500000000000000000000000000000000000DA
:10C6600000000000000000000000000000000000CA
:10C6700000000000000000000000000000000000BA
:10C6800000000000000000000000000000000000AA
:10C69000000000000000000000000000000000009A
:10C6A000000000000000000000000000000000008A
:10C6B000000000000000000000000000000000007A
:10C6C000000000000000000000000000000000006A
:10C6D000000000000000000000000000000000005A
:10C6E000000000000000000000000000000000004A
:10C6F000000000000000000000000000000000003A
:10C700000000000000000000000000000000000029
:10C710000000000000000000000000000000000019
:10C720000000000000000000000000000000000009
:10C7300000000000000000000000000000000000F9
:10C7400000000000000000000000000000000000E9
:10C7500000000000000000000000000000000000D9
:10C7600000000000000000000000000000000000C9
:10C7700000000000000000000000000000000000B9
:10C7800000000000000000000000000000000000A9
:10C790000000000000000000000000000000000099
:10C7A0000000000000000000000000000000000089
:10C7B0000000000000000000000000000000000079
:10C7C0000000000000000000000000000000000069
:10C7D0000000000000000000000000000000000059
:10C7E0000000000000000000000000000000000049
:10C7F0000000000000000000000000000000000039
:10C800000000000000000000000000000000000028
:10C810000000000000000000000000000000000018
:10C820000000000000000000000000000000000008
:10C8300000000000000000000000000000000000F8
:10C8400000000000000000000000000000000000E8
:10C8500000000000000000000000000000000000D8
:10C8600000000000000000000000000000000000C8
:10C8700000000000000000000000000000000000B8
:10C8800000000000000000000000000000000000A8
:10C890000000000000000000000000000000000098
:10C8A0000000000000000000000000000000000088
:10C8B0000000000000000000000000000000000078
:10C8C0000000000000000000000000000000000068
:10C8D0000000000000000000000000000000000058
:10C8E0000000000000000000000000000000000048
:10C8F0000000000000000000000000000000000038
:10C900000000000000000000000000000000000027
:10C910000000000000000000000000000000000017
:10C920000000000000000000000000000000000007
:10C9300000000000000000000000000000000000F7
:10C9400000000000000000000000000000000000E7
:10C9500000000000000000000000000000000000D7
:10C9600000000000000000000000000000000000C7
:10C9700000000000000000000000000000000000B7
:10C9800000000000000000000000000000000000A7
:10C990000000000000000000000000000000000097
:10C9A0000000000000000000000000000000000087
:10C9B0000000000000000000000000000000000077
:10C9C0000000000000000000000000000000000067
:10C9D0000000000000000000000000000000000057
:10C9E0000000000000000000000000000000000047
:10C9F0000000000000000000000000000000000037
:10CA00000000000000000000000000000000000026
:10CA10000000000000000000000000000000000016
:10CA20000000000000000000000000000000000006
:10CA300000000000000000000000000000000000F6
:10CA400000000000000000000000000000000000E6
:10CA500000000000000000000000000000000000D6
:10CA600000000000000000000000000000000000C6
:10CA700000000000000000000000000000000000B6
:10CA800000000000000000000000000000000000A6
:10CA90000000000000000000000000000000000096
:10CAA0000000000000000000000000000000000086
:10CAB0000000000000000000000000000000000076
:10CAC0000000000000000000000000000000000066
:10CAD0000000000000000000000000000000000056
:10CAE0000000000000000000000000000000000046
:10CAF0000000000000000000000000000000000036
:10CB00000000000000000000000000000000000025
:10CB10000000000000000000000000000000000015
:10CB20000000000000000000000000000000000005
:10CB300000000000000000000000000000000000F5
:10CB400000000000000000000000000000000000E5
:10CB500000000000000000000000000000000000D5
:10CB600000000000000000000000000000000000C5
:10CB700000000000000000000000000000000000B5
:10CB800000000000000000000000000000000000A5
:10CB90000000000000000000000000000000000095
:10CBA0000000000000000000000000000000000085
:10CBB0000000000000000000000000000000000075
:10CBC0000000000000000000000000000000000065
:10CBD0000000000000000000000000000000000055
:10CBE0000000000000000000000000000000000045
:10CBF0000000000000000000000000000000000035
:10CC00000000000000000000000000000000000024
:10CC10000000000000000000000000000000000014
:10CC20000000000000000000000000000000000004
:10CC300000000000000000000000000000000000F4
:10CC400000000000000000000000000000000000E4
:10CC500000000000000000000000000000000000D4
:10CC600000000000000000000000000000000000C4
:10CC700000000000000000000000000000000000B4
:10CC800000000000000000000000000000000000A4
:10CC90000000000000000000000000000000000094
:10CCA0000000000000000000000000000000000084
:10CCB0000000000000000000000000000000000074
:10CCC0000000000000000000000000000000000064
:10CCD0000000000000000000000000000000000054
:10CCE0000000000000000000000000000000000044
:10CCF0000000000000000000000000000000000034
:10CD00000000000000000000000000000000000023
:10CD10000000000000000000000000000000000013
:10CD20000000000000000000000000000000000003
:10CD300000000000000000000000000000000000F3
:10CD400000000000000000000000000000000000E3
:10CD500000000000000000000000000000000000D3
:10CD600000000000000000000000000000000000C3
:10CD700000000000000000000000000000000000B3
:10CD800000000000000000000000000000000000A3
:10CD90000000000000000000000000000000000093
:10CDA0000000000000000000000000000000000083
:10CDB0000000000000000000000000000000000073
:10CDC0000000000000000000000000000000000063
:10CDD0000000000000000000000000000000000053
:10CDE0000000000000000000000000000000000043
:10CDF0000000000000000000000000000000000033
:10CE00000000000000000000000000000000000022
:10CE10000000000000000000000000000000000012
:10CE20000000000000000000000000000000000002
:10CE300000000000000000000000000000000000F2
:10CE400000000000000000000000000000000000E2
:10CE500000000000000000000000000000000000D2
:10CE600000000000000000000000000000000000C2
:10CE700000000000000000000000000000000000B2
:10CE800000000000000000000000000000000000A2
:10CE90000000000000000000000000000000000092
:10CEA0000000000000000000000000000000000082
:10CEB0000000000000000000000000000000000072
:10CEC0000000000000000000000000000000000062
:10CED0000000000000000000000000000000000052
:10CEE0000000000000000000000000000000000042
:10CEF0000000000000000000000000000000000032
:10CF00000000000000000000000000000000000021
:10CF10000000000000000000000000000000000011
:10CF20000000000000000000000000000000000001
:10CF300000000000000000000000000000000000F1
:10CF400000000000000000000000000000000000E1
:10CF500000000000000000000000000000000000D1
:10CF600000000000000000000000000000000000C1
:10CF700000000000000000000000000000000000B1
:10CF800000000000000000000000000000000000A1
:10CF90000000000000000000000000000000000091
:10CFA0000000000000000000000000000000000081
:10CFB0000000000000000000000000000000000071
:10CFC0000000000000000000000000000000000061
:10CFD0000000000000000000000000000000000051
:10CFE0000000000000000000000000000000000041
:10CFF0000000000000000000000000000000000031
:10D000000000000000000000000000000000000020
:10D010000000000000000000000000000000000010
:10D020000000000000000000000000000000000000
:10D0300000000000000000000000000000000000F0
:10D0400000000000000000000000000000000000E0
:10D0500000000000000000000000000000000000D0
:10D0600000000000000000000000000000000000C0
:10D0700000000000000000000000000000000000B0
:10D0800000000000000000000000000000000000A0
:10D090000000000000000000000000000000000090
:10D0A0000000000000000000000000000000000080
:10D0B0000000000000000000000000000000000070
:10D0C0000000000000000000000000000000000060
:10D0D0000000000000000000000000000000000050
:10D0E0000000000000000000000000000000000040
:10D0F0000000000000000000000000000000000030
:10D10000000000000000000000000000000000001F
:10D11000000000000000000000000000000000000F
:10D1200000000000000000000000000000000000FF
:10D1300000000000000000000000000000000000EF
:10D1400000000000000000000000000000000000DF
:10D1500000000000000000000000000000000000CF
:10D1600000000000000000000000000000000000BF
:10D1700000000000000000000000000000000000AF
:10D18000000000000000000000000000000000009F
:10D19000000000000000000000000000000000008F
:10D1A000000000000000000000000000000000007F
:10D1B000000000000000000000000000000000006F
:10D1C000000000000000000000000000000000005F
:10D1D000000000000000000000000000000000004F
:10D1E000000000000000000000000000000000003F
:10D1F000000000000000000000000000000000002F
:10D20000000000000000000000000000000000001E
:10D21000000000000000000000000000000000000E
:10D2200000000000000000000000000000000000FE
:10D2300000000000000000000000000000000000EE
:10D2400000000000000000000000000000000000DE
:10D2500000000000000000000000000000000000CE
:10D2600000000000000000000000000000000000BE
:10D2700000000000000000000000000000000000AE
:10D28000000000000000000000000000000000009E
:10D29000000000000000000000000000000000008E
:10D2A000000000000000000000000000000000007E
:10D2B000000000000000000000000000000000006E
:10D2C000000000000000000000000000000000005E
:10D2D000000000000000000000000000000000004E
:10D2E000000000000000000000000000000000003E
:10D2F000000000000000000000000000000000002E
:10D30000000000000000000000000000000000001D
:10D31000000000000000000000000000000000000D
:10D3200000000000000000000000000000000000FD
:10D3300000000000000000000000000000000000ED
:10D3400000000000000000000000000000000000DD
:10D3500000000000000000000000000000000000CD
:10D3600000000000000000000000000000000000BD
:10D3700000000000000000000000000000000000AD
:10D38000000000000000000000000000000000009D
:10D39000000000000000000000000000000000008D
:10D3A000000000000000000000000000000000007D
:10D3B000000000000000000000000000000000006D
:10D3C000000000000000000000000000000000005D
:10D3D000000000000000000000000000000000004D
:10D3E000000000000000000000000000000000003D
:10D3F000000000000000000000000000000000002D
:10D40000000000000000000000000000000000001C
:10D41000000000000000000000000000000000000C
:10D4200000000000000000000000000000000000FC
:10D4300000000000000000000000000000000000EC
:10D4400000000000000000000000000000000000DC
:10D4500000000000000000000000000000000000CC
:10D4600000000000000000000000000000000000BC
:10D4700000000000000000000000000000000000AC
:10D48000000000000000000000000000000000009C
:10D49000000000000000000000000000000000008C
:10D4A000000000000000000000000000000000007C
:10D4B000000000000000000000000000000000006C
:10D4C000000000000000000000000000000000005C
:10D4D000000000000000000000000000000000004C
:10D4E000000000000000000000000000000000003C
:10D4F000000000000000000000000000000000002C
:10D50000000000000000000000000000000000001B
:10D51000000000000000000000000000000000000B
:10D5200000000000000000000000000000000000FB
:10D5300000000000000000000000000000000000EB
:10D5400000000000000000000000000000000000DB
:10D5500000000000000000000000000000000000CB
:10D5600000000000000000000000000000000000BB
:10D5700000000000000000000000000000000000AB
:10D58000000000000000000000000000000000009B
:10D59000000000000000000000000000000000008B
:10D5A000000000000000000000000000000000007B
:10D5B000000000000000000000000000000000006B
:10D5C000000000000000000000000000000000005B
:10D5D000000000000000000000000000000000004B
:10D5E000000000000000000000000000000000003B
:10D5F000000000000000000000000000000000002B
:10D60000000000000000000000000000000000001A
:10D61000000000000000000000000000000000000A
:10D6200000000000000000000000000000000000FA
:10D6300000000000000000000000000000000000EA
:10D6400000000000000000000000000000000000DA
:10D6500000000000000000000000000000000000CA
:10D6600000000000000000000000000000000000BA
:10D6700000000000000000000000000000000000AA
:10D68000000000000000000000000000000000009A
:10D69000000000000000000000000000000000008A
:10D6A000000000000000000000000000000000007A
:10D6B000000000000000000000000000000000006A
:10D6C000000000000000000000000000000000005A
:10D6D000000000000000000000000000000000004A
:10D6E000000000000000000000000000000000003A
:10D6F000000000000000000000000000000000002A
:10D700000000000000000000000000000000000019
:10D710000000000000000000000000000000000009
:10D7200000000000000000000000000000000000F9
:10D7300000000000000000000000000000000000E9
:10D7400000000000000000000000000000000000D9
:10D7500000000000000000000000000000000000C9
:10D7600000000000000000000000000000000000B9
:10D7700000000000000000000000000000000000A9
:10D780000000000000000000000000000000000099
:10D790000000000000000000000000000000000089
:10D7A0000000000000000000000000000000000079
:10D7B0000000000000000000000000000000000069
:10D7C0000000000000000000000000000000000059
:10D7D0000000000000000000000000000000000049
:10D7E0000000000000000000000000000000000039
:10D7F0000000000000000000000000000000000029
:10D800000000000000000000000000000000000018
:10D810000000000000000000000000000000000008
:10D8200000000000000000000000000000000000F8
:10D8300000000000000000000000000000000000E8
:10D8400000000000000000000000000000000000D8
:10D8500000000000000000000000000000000000C8
:10D8600000000000000000000000000000000000B8
:10D8700000000000000000000000000000000000A8
:10D880000000000000000000000000000000000098
:10D890000000000000000000000000000000000088
:10D8A0000000000000000000000000000000000078
:10D8B0000000000000000000000000000000000068
:10D8C0000000000000000000000000000000000058
:10D8D0000000000000000000000000000000000048
:10D8E0000000000000000000000000000000000038
:10D8F0000000000000000000000000000000000028
:10D900000000000000000000000000000000000017
:10D910000000000000000000000000000000000007
:10D9200000000000000000000000000000000000F7
:10D9300000000000000000000000000000000000E7
:10D9400000000000000000000000000000000000D7
:10D9500000000000000000000000000000000000C7
:10D9600000000000000000000000000000000000B7
:10D9700000000000000000000000000000000000A7
:10D980000000000000000000000000000000000097
:10D990000000000000000000000000000000000087
:10D9A0000000000000000000000000000000000077
:10D9B0000000000000000000000000000000000067
:10D9C0000000000000000000000000000000000057
:10D9D0000000000000000000000000000000000047
:10D9E0000000000000000000000000000000000037
:10D9F0000000000000000000000000000000000027
:10DA00000000000000000000000000000000000016
:10DA10000000000000000000000000000000000006
:10DA200000000000000000000000000000000000F6
:10DA300000000000000000000000000000000000E6
:10DA400000000000000000000000000000000000D6
:10DA500000000000000000000000000000000000C6
:10DA600000000000000000000000000000000000B6
:10DA700000000000000000000000000000000000A6
:10DA80000000000000000000000000000000000096
:10DA90000000000000000000000000000000000086
:10DAA0000000000000000000000000000000000076
:10DAB0000000000000000000000000000000000066
:10DAC0000000000000000000000000000000000056
:10DAD0000000000000000000000000000000000046
:10DAE0000000000000000000000000000000000036
:10DAF0000000000000000000000000000000000026
:10DB00000000000000000000000000000000000015
:10DB10000000000000000000000000000000000005
:10DB200000000000000000000000000000000000F5
:10DB300000000000000000000000000000000000E5
:10DB400000000000000000000000000000000000D5
:10DB500000000000000000000000000000000000C5
:10DB600000000000000000000000000000000000B5
:10DB700000000000000000000000000000000000A5
:10DB80000000000000000000000000000000000095
:10DB90000000000000000000000000000000000085
:10DBA0000000000000000000000000000000000075
:10DBB0000000000000000000000000000000000065
:10DBC0000000000000000000000000000000000055
:10DBD0000000000000000000000000000000000045
:10DBE0000000000000000000000000000000000035
:10DBF0000000000000000000000000000000000025
:10DC00000000000000000000000000000000000014
:10DC10000000000000000000000000000000000004
:10DC200000000000000000000000000000000000F4
:10DC300000000000000000000000000000000000E4
:10DC400000000000000000000000000000000000D4
:10DC500000000000000000000000000000000000C4
:10DC600000000000000000000000000000000000B4
:10DC700000000000000000000000000000000000A4
:10DC80000000000000000000000000000000000094
:10DC90000000000000000000000000000000000084
:10DCA0000000000000000000000000000000000074
:10DCB0000000000000000000000000000000000064
:10DCC0000000000000000000000000000000000054
:10DCD0000000000000000000000000000000000044
:10DCE0000000000000000000000000000000000034
:10DCF0000000000000000000000000000000000024
:10DD00000000000000000000000000000000000013
:10DD10000000000000000000000000000000000003
:10DD200000000000000000000000000000000000F3
:10DD300000000000000000000000000000000000E3
:10DD400000000000000000000000000000000000D3
:10DD500000000000000000000000000000000000C3
:10DD600000000000000000000000000000000000B3
:10DD700000000000000000000000000000000000A3
:10DD80000000000000000000000000000000000093
:10DD90000000000000000000000000000000000083
:10DDA0000000000000000000000000000000000073
:10DDB0000000000000000000000000000000000063
:10DDC0000000000000000000000000000000000053
:10DDD0000000000000000000000000000000000043
:10DDE0000000000000000000000000000000000033
:10DDF0000000000000000000000000000000000023
:10DE00000000000000000000000000000000000012
:10DE10000000000000000000000000000000000002
:10DE200000000000000000000000000000000000F2
:10DE300000000000000000000000000000000000E2
:10DE400000000000000000000000000000000000D2
:10DE500000000000000000000000000000000000C2
:10DE600000000000000000000000000000000000B2
:10DE700000000000000000000000000000000000A2
:10DE80000000000000000000000000000000000092
:10DE90000000000000000000000000000000000082
:10DEA0000000000000000000000000000000000072
:10DEB0000000000000000000000000000000000062
:10DEC0000000000000000000000000000000000052
:10DED0000000000000000000000000000000000042
:10DEE0000000000000000000000000000000000032
:10DEF0000000000000000000000000000000000022
:10DF00000000000000000000000000000000000011
:10DF10000000000000000000000000000000000001
:10DF200000000000000000000000000000000000F1
:10DF300000000000000000000000000000000000E1
:10DF400000000000000000000000000000000000D1
:10DF500000000000000000000000000000000000C1
:10DF600000000000000000000000000000000000B1
:10DF700000000000000000000000000000000000A1
:10DF80000000000000000000000000000000000091
:10DF90000000000000000000000000000000000081
:10DFA0000000000000000000000000000000000071
:10DFB0000000000000000000000000000000000061
:10DFC0000000000000000000000000000000000051
:10DFD0000000000000000000000000000000000041
:10DFE0000000000000000000000000000000000031
:10DFF0000000000000000000000000000000000021
:10E000000000000000000000000000000000000010
:10E010000000000000000000000000000000000000
:10E0200000000000000000000000000000000000F0
:10E0300000000000000000000000000000000000E0
:10E0400000000000000000000000000000000000D0
:10E0500000000000000000000000000000000000C0
:10E0600000000000000000000000000000000000B0
:10E0700000000000000000000000000000000000A0
:10E080000000000000000000000000000000000090
:10E090000000000000000000000000000000000080
:10E0A0000000000000000000000000000000000070
:10E0B0000000000000000000000000000000000060
:10E0C0000000000000000000000000000000000050
:10E0D0000000000000000000000000000000000040
:10E0E0000000000000000000000000000000000030
:10E0F0000000000000000000000000000000000020
:10E10000000000000000000000000000000000000F
:10E1100000000000000000000000000000000000FF
:10E1200000000000000000000000000000000000EF
:10E1300000000000000000000000000000000000DF
:10E1400000000000000000000000000000000000CF
:10E1500000000000000000000000000000000000BF
:10E1600000000000000000000000000000000000AF
:10E17000000000000000000000000000000000009F
:10E18000000000000000000000000000000000008F
:10E19000000000000000000000000000000000007F
:10E1A000000000000000000000000000000000006F
:10E1B000000000000000000000000000000000005F
:10E1C000000000000000000000000000000000004F
:10E1D000000000000000000000000000000000003F
:10E1E000000000000000000000000000000000002F
:10E1F000000000000000000000000000000000001F
:10E20000000000000000000000000000000000000E
:10E2100000000000000000000000000000000000FE
:10E2200000000000000000000000000000000000EE
:10E2300000000000000000000000000000000000DE
:10E2400000000000000000000000000000000000CE
:10E2500000000000000000000000000000000000BE
:10E2600000000000000000000000000000000000AE
:10E27000000000000000000000000000000000009E
:10E28000000000000000000000000000000000008E
:10E29000000000000000000000000000000000007E
:10E2A000000000000000000000000000000000006E
:10E2B000000000000000000000000000000000005E
:10E2C000000000000000000000000000000000004E
:10E2D000000000000000000000000000000000003E
:10E2E000000000000000000000000000000000002E
:10E2F000000000000000000000000000000000001E
:10E30000000000000000000000000000000000000D
:10E3100000000000000000000000000000000000FD
:10E3200000000000000000000000000000000000ED
:10E3300000000000000000000000000000000000DD
:10E3400000000000000000000000000000000000CD
:10E3500000000000000000000000000000000000BD
:10E3600000000000000000000000000000000000AD
:10E37000000000000000000000000000000000009D
:10E38000000000000000000000000000000000008D
:10E39000000000000000000000000000000000007D
:10E3A000000000000000000000000000000000006D
:10E3B000000000000000000000000000000000005D
:10E3C000000000000000000000000000000000004D
:10E3D000000000000000000000000000000000003D
:10E3E000000000000000000000000000000000002D
:10E3F000000000000000000000000000000000001D
:10E40000000000000000000000000000000000000C
:10E4100000000000000000000000000000000000FC
:10E4200000000000000000000000000000000000EC
:10E4300000000000000000000000000000000000DC
:10E4400000000000000000000000000000000000CC
:10E4500000000000000000000000000000000000BC
:10E4600000000000000000000000000000000000AC
:10E47000000000000000000000000000000000009C
:10E48000000000000000000000000000000000008C
:10E49000000000000000000000000000000000007C
:10E4A000000000000000000000000000000000006C
:10E4B000000000000000000000000000000000005C
:10E4C000000000000000000000000000000000004C
:10E4D000000000000000000000000000000000003C
:10E4E000000000000000000000000000000000002C
:10E4F000000000000000000000000000000000001C
:10E50000000000000000000000000000000000000B
:10E5100000000000000000000000000000000000FB
:10E5200000000000000000000000000000000000EB
:10E5300000000000000000000000000000000000DB
:10E5400000000000000000000000000000000000CB
:10E5500000000000000000000000000000000000BB
:10E5600000000000000000000000000000000000AB
:10E57000000000000000000000000000000000009B
:10E58000000000000000000000000000000000008B
:10E59000000000000000000000000000000000007B
:10E5A000000000000000000000000000000000006B
:10E5B000000000000000000000000000000000005B
:10E5C000000000000000000000000000000000004B
:10E5D000000000000000000000000000000000003B
:10E5E000000000000000000000000000000000002B
:10E5F000000000000000000000000000000000001B
:10E60000000000000000000000000000000000000A
:10E6100000000000000000000000000000000000FA
:10E6200000000000000000000000000000000000EA
:10E6300000000000000000000000000000000000DA
:10E6400000000000000000000000000000000000CA
:10E6500000000000000000000000000000000000BA
:10E6600000000000000000000000000000000000AA
:10E67000000000000000000000000000000000009A
:10E68000000000000000000000000000000000008A
:10E69000000000000000000000000000000000007A
:10E6A000000000000000000000000000000000006A
:10E6B000000000000000000000000000000000005A
:10E6C000000000000000000000000000000000004A
:10E6D000000000000000000000000000000000003A
:10E6E000000000000000000000000000000000002A
:10E6F000000000000000000000000000000000001A
:10E700000000000000000000000000000000000009
:10E7100000000000000000000000000000000000F9
:10E7200000000000000000000000000000000000E9
:10E7300000000000000000000000000000000000D9
:10E7400000000000000000000000000000000000C9
:10E7500000000000000000000000000000000000B9
:10E7600000000000000000000000000000000000A9
:10E770000000000000000000000000000000000099
:10E780000000000000000000000000000000000089
:10E790000000000000000000000000000000000079
:10E7A0000000000000000000000000000000000069
:10E7B0000000000000000000000000000000000059
:10E7C0000000000000000000000000000000000049
:10E7D0000000000000000000000000000000000039
:10E7E0000000000000000000000000000000000029
:10E7F0000000000000000000000000000000000019
:10E800000000000000000000000000000000000008
:10E8100000000000000000000000000000000000F8
:10E8200000000000000000000000000000000000E8
:10E8300000000000000000000000000000000000D8
:10E8400000000000000000000000000000000000C8
:10E8500000000000000000000000000000000000B8
:10E8600000000000000000000000000000000000A8
:10E870000000000000000000000000000000000098
:10E880000000000000000000000000000000000088
:10E890000000000000000000000000000000000078
:10E8A0000000000000000000000000000000000068
:10E8B0000000000000000000000000000000000058
:10E8C0000000000000000000000000000000000048
:10E8D0000000000000000000000000000000000038
:10E8E0000000000000000000000000000000000028
:10E8F0000000000000000000000000000000000018
:10E900000000000000000000000000000000000007
:10E9100000000000000000000000000000000000F7
:10E9200000000000000000000000000000000000E7
:10E9300000000000000000000000000000000000D7
:10E9400000000000000000000000000000000000C7
:10E9500000000000000000000000000000000000B7
:10E9600000000000000000000000000000000000A7
:10E970000000000000000000000000000000000097
:10E980000000000000000000000000000000000087
:10E990000000000000000000000000000000000077
:10E9A0000000000000000000000000000000000067
:10E9B0000000000000000000000000000000000057
:10E9C0000000000000000000000000000000000047
:10E9D0000000000000000000000000000000000037
:10E9E0000000000000000000000000000000000027
:10E9F0000000000000000000000000000000000017
:10EA00000000000000000000000000000000000006
:10EA100000000000000000000000000000000000F6
:10EA200000000000000000000000000000000000E6
:10EA300000000000000000000000000000000000D6
:10EA400000000000000000000000000000000000C6
:10EA500000000000000000000000000000000000B6
:10EA600000000000000000000000000000000000A6
:10EA70000000000000000000000000000000000096
:10EA80000000000000000000000000000000000086
:10EA90000000000000000000000000000000000076
:10EAA0000000000000000000000000000000000066
:10EAB0000000000000000000000000000000000056
:10EAC0000000000000000000000000000000000046
:10EAD0000000000000000000000000000000000036
:10EAE0000000000000000000000000000000000026
:10EAF0000000000000000000000000000000000016
:10EB00000000000000000000000000000000000005
:10EB100000000000000000000000000000000000F5
:10EB200000000000000000000000000000000000E5
:10EB300000000000000000000000000000000000D5
:10EB400000000000000000000000000000000000C5
:10EB500000000000000000000000000000000000B5
:10EB600000000000000000000000000000000000A5
:10EB70000000000000000000000000000000000095
:10EB80000000000000000000000000000000000085
:10EB90000000000000000000000000000000000075
:10EBA0000000000000000000000000000000000065
:10EBB0000000000000000000000000000000000055
:10EBC0000000000000000000000000000000000045
:10EBD0000000000000000000000000000000000035
:10EBE0000000000000000000000000000000000025
:10EBF0000000000000000000000000000000000015
:10EC00000000000000000000000000000000000004
:10EC100000000000000000000000000000000000F4
:10EC200000000000000000000000000000000000E4
:10EC300000000000000000000000000000000000D4
:10EC400000000000000000000000000000000000C4
:10EC500000000000000000000000000000000000B4
:10EC600000000000000000000000000000000000A4
:10EC70000000000000000000000000000000000094
:10EC80000000000000000000000000000000000084
:10EC90000000000000000000000000000000000074
:10ECA0000000000000000000000000000000000064
:10ECB0000000000000000000000000000000000054
:10ECC0000000000000000000000000000000000044
:10ECD0000000000000000000000000000000000034
:10ECE0000000000000000000000000000000000024
:10ECF0000000000000000000000000000000000014
:10ED00000000000000000000000000000000000003
:10ED100000000000000000000000000000000000F3
:10ED200000000000000000000000000000000000E3
:10ED300000000000000000000000000000000000D3
:10ED400000000000000000000000000000000000C3
:10ED500000000000000000000000000000000000B3
:10ED600000000000000000000000000000000000A3
:10ED70000000000000000000000000000000000093
:10ED80000000000000000000000000000000000083
:10ED90000000000000000000000000000000000073
:10EDA0000000000000000000000000000000000063
:10EDB0000000000000000000000000000000000053
:10EDC0000000000000000000000000000000000043
:10EDD0000000000000000000000000000000000033
:10EDE0000000000000000000000000000000000023
:10EDF0000000000000000000000000000000000013
:10EE00000000000000000000000000000000000002
:10EE100000000000000000000000000000000000F2
:10EE200000000000000000000000000000000000E2
:10EE300000000000000000000000000000000000D2
:10EE400000000000000000000000000000000000C2
:10EE500000000000000000000000000000000000B2
:10EE600000000000000000000000000000000000A2
:10EE70000000000000000000000000000000000092
:10EE80000000000000000000000000000000000082
:10EE90000000000000000000000000000000000072
:10EEA0000000000000000000000000000000000062
:10EEB0000000000000000000000000000000000052
:10EEC0000000000000000000000000000000000042
:10EED0000000000000000000000000000000000032
:10EEE0000000000000000000000000000000000022
:10EEF0000000000000000000000000000000000012
:10EF00000000000000000000000000000000000001
:10EF100000000000000000000000000000000000F1
:10EF200000000000000000000000000000000000E1
:10EF300000000000000000000000000000000000D1
:10EF400000000000000000000000000000000000C1
:10EF500000000000000000000000000000000000B1
:10EF600000000000000000000000000000000000A1
:10EF70000000000000000000000000000000000091
:10EF80000000000000000000000000000000000081
:10EF90000000000000000000000000000000000071
:10EFA0000000000000000000000000000000000061
:10EFB0000000000000000000000000000000000051
:10EFC0000000000000000000000000000000000041
:10EFD0000000000000000000000000000000000031
:10EFE0000000000000000000000000000000000021
:10EFF0000000000000000000000000000000000011
:10F000000000000000000000000000000000000000
:10F0100000000000000000000000000000000000F0
:10F0200000000000000000000000000000000000E0
:10F0300000000000000000000000000000000000D0
:10F0400000000000000000000000000000000000C0
:10F0500000000000000000000000000000000000B0
:10F0600000000000000000000000000000000000A0
:10F070000000000000000000000000000000000090
:10F080000000000000000000000000000000000080
:10F090000000000000000000000000000000000070
:10F0A0000000000000000000000000000000000060
:10F0B0000000000000000000000000000000000050
:10F0C0000000000000000000000000000000000040
:10F0D0000000000000000000000000000000000030
:10F0E0000000000000000000000000000000000020
:10F0F0000000000000000000000000000000000010
:10F1000000000000000000000000000000000000FF
:10F1100000000000000000000000000000000000EF
:10F1200000000000000000000000000000000000DF
:10F1300000000000000000000000000000000000CF
:10F1400000000000000000000000000000000000BF
:10F1500000000000000000000000000000000000AF
:10F16000000000000000000000000000000000009F
:10F17000000000000000000000000000000000008F
:10F18000000000000000000000000000000000007F
:10F19000000000000000000000000000000000006F
:10F1A000000000000000000000000000000000005F
:10F1B000000000000000000000000000000000004F
:10F1C000000000000000000000000000000000003F
:10F1D000000000000000000000000000000000002F
:10F1E000000000000000000000000000000000001F
:10F1F000000000000000000000000000000000000F
:10F2000000000000000000000000000000000000FE
:10F2100000000000000000000000000000000000EE
:10F2200000000000000000000000000000000000DE
:10F2300000000000000000000000000000000000CE
:10F2400000000000000000000000000000000000BE
:10F2500000000000000000000000000000000000AE
:10F26000000000000000000000000000000000009E
:10F27000000000000000000000000000000000008E
:10F28000000000000000000000000000000000007E
:10F29000000000000000000000000000000000006E
:10F2A000000000000000000000000000000000005E
:10F2B000000000000000000000000000000000004E
:10F2C000000000000000000000000000000000003E
:10F2D000000000000000000000000000000000002E
:10F2E000000000000000000000000000000000001E
:10F2F000000000000000000000000000000000000E
:10F3000000000000000000000000000000000000FD
:10F3100000000000000000000000000000000000ED
:10F3200000000000000000000000000000000000DD
:10F3300000000000000000000000000000000000CD
:10F3400000000000000000000000000000000000BD
:10F3500000000000000000000000000000000000AD
:10F36000000000000000000000000000000000009D
:10F37000000000000000000000000000000000008D
:10F38000000000000000000000000000000000007D
:10F39000000000000000000000000000000000006D
:10F3A000000000000000000000000000000000005D
:10F3B000000000000000000000000000000000004D
:10F3C000000000000000000000000000000000003D
:10F3D000000000000000000000000000000000002D
:10F3E000000000000000000000000000000000001D
:10F3F000000000000000000000000000000000000D
:10F4000000000000000000000000000000000000FC
:10F4100000000000000000000000000000000000EC
:10F4200000000000000000000000000000000000DC
:10F4300000000000000000000000000000000000CC
:10F4400000000000000000000000000000000000BC
:10F4500000000000000000000000000000000000AC
:10F46000000000000000000000000000000000009C
:10F47000000000000000000000000000000000008C
:10F48000000000000000000000000000000000007C
:10F49000000000000000000000000000000000006C
:10F4A000000000000000000000000000000000005C
:10F4B000000000000000000000000000000000004C
:10F4C000000000000000000000000000000000003C
:10F4D000000000000000000000000000000000002C
:10F4E000000000000000000000000000000000001C
:10F4F000000000000000000000000000000000000C
:10F5000000000000000000000000000000000000FB
:10F5100000000000000000000000000000000000EB
:10F5200000000000000000000000000000000000DB
:10F5300000000000000000000000000000000000CB
:10F5400000000000000000000000000000000000BB
:10F5500000000000000000000000000000000000AB
:10F56000000000000000000000000000000000009B
:10F57000000000000000000000000000000000008B
:10F58000000000000000000000000000000000007B
:10F59000000000000000000000000000000000006B
:10F5A000000000000000000000000000000000005B
:10F5B000000000000000000000000000000000004B
:10F5C000000000000000000000000000000000003B
:10F5D000000000000000000000000000000000002B
:10F5E000000000000000000000000000000000001B
:10F5F000000000000000000000000000000000000B
:10F6000000000000000000000000000000000000FA
:10F6100000000000000000000000000000000000EA
:10F6200000000000000000000000000000000000DA
:10F6300000000000000000000000000000000000CA
:10F6400000000000000000000000000000000000BA
:10F6500000000000000000000000000000000000AA
:10F66000000000000000000000000000000000009A
:10F67000000000000000000000000000000000008A
:10F68000000000000000000000000000000000007A
:10F69000000000000000000000000000000000006A
:10F6A000000000000000000000000000000000005A
:10F6B000000000000000000000000000000000004A
:10F6C000000000000000000000000000000000003A
:10F6D000000000000000000000000000000000002A
:10F6E000000000000000000000000000000000001A
:10F6F000000000000000000000000000000000000A
:10F7000000000000000000000000000000000000F9
:10F7100000000000000000000000000000000000E9
:10F7200000000000000000000000000000000000D9
:10F7300000000000000000000000000000000000C9
:10F7400000000000000000000000000000000000B9
:10F7500000000000000000000000000000000000A9
:10F760000000000000000000000000000000000099
:10F770000000000000000000000000000000000089
:10F780000000000000000000000000000000000079
:10F790000000000000000000000000000000000069
:10F7A0000000000000000000000000000000000059
:10F7B0000000000000000000000000000000000049
:10F7C0000000000000000000000000000000000039
:10F7D0000000000000000000000000000000000029
:10F7E0000000000000000000000000000000000019
:10F7F0000000000000000000000000000000000009
:10F8000000000000000000000000000000000000F8
:10F8100000000000000000000000000000000000E8
:10F8200000000000000000000000000000000000D8
:10F8300000000000000000000000000000000000C8
:10F8400000000000000000000000000000000000B8
:10F8500000000000000000000000000000000000A8
:10F860000000000000000000000000000000000098
:10F870000000000000000000000000000000000088
:10F880000000000000000000000000000000000078
:10F890000000000000000000000000000000000068
:10F8A0000000000000000000000000000000000058
:10F8B0000000000000000000000000000000000048
:10F8C0000000000000000000000000000000000038
:10F8D0000000000000000000000000000000000028
:10F8E0000000000000000000000000000000000018
:10F8F0000000000000000000000000000000000008
:10F9000000000000000000000000000000000000F7
:10F9100000000000000000000000000000000000E7
:10F9200000000000000000000000000000000000D7
:10F9300000000000000000000000000000000000C7
:10F9400000000000000000000000000000000000B7
:10F9500000000000000000000000000000000000A7
:10F960000000000000000000000000000000000097
:10F970000000000000000000000000000000000087
:10F980000000000000000000000000000000000077
:10F990000000000000000000000000000000000067
:10F9A0000000000000000000000000000000000057
:10F9B0000000000000000000000000000000000047
:10F9C0000000000000000000000000000000000037
:10F9D0000000000000000000000000000000000027
:10F9E0000000000000000000000000000000000017
:10F9F0000000000000000000000000000000000007
:10FA000000000000000000000000000000000000F6
:10FA100000000000000000000000000000000000E6
:10FA200000000000000000000000000000000000D6
:10FA300000000000000000000000000000000000C6
:10FA400000000000000000000000000000000000B6
:10FA500000000000000000000000000000000000A6
:10FA60000000000000000000000000000000000096
:10FA70000000000000000000000000000000000086
:10FA80000000000000000000000000000000000076
:10FA90000000000000000000000000000000000066
:10FAA0000000000000000000000000000000000056
:10FAB0000000000000000000000000000000000046
:10FAC0000000000000000000000000000000000036
:10FAD0000000000000000000000000000000000026
:10FAE0000000000000000000000000000000000016
:10FAF0000000000000000000000000000000000006
:10FB000000000000000000000000000000000000F5
:10FB100000000000000000000000000000000000E5
:10FB200000000000000000000000000000000000D5
:10FB300000000000000000000000000000000000C5
:10FB400000000000000000000000000000000000B5
:10FB500000000000000000000000000000000000A5
:10FB60000000000000000000000000000000000095
:10FB70000000000000000000000000000000000085
:10FB80000000000000000000000000000000000075
:10FB90000000000000000000000000000000000065
:10FBA0000000000000000000000000000000000055
:10FBB0000000000000000000000000000000000045
:10FBC0000000000000000000000000000000000035
:10FBD0000000000000000000000000000000000025
:10FBE0000000000000000000000000000000000015
:10FBF0000000000000000000000000000000000005
:10FC000000000000000000000000000000000000F4
:10FC100000000000000000000000000000000000E4
:10FC200000000000000000000000000000000000D4
:10FC300000000000000000000000000000000000C4
:10FC400000000000000000000000000000000000B4
:10FC500000000000000000000000000000000000A4
:10FC60000000000000000000000000000000000094
:10FC70000000000000000000000000000000000084
:10FC80000000000000000000000000000000000074
:10FC90000000000000000000000000000000000064
:10FCA0000000000000000000000000000000000054
:10FCB0000000000000000000000000000000000044
:10FCC0000000000000000000000000000000000034
:10FCD0000000000000000000000000000000000024
:10FCE0000000000000000000000000000000000014
:10FCF0000000000000000000000000000000000004
:10FD000000000000000000000000000000000000F3
:10FD100000000000000000000000000000000000E3
:10FD200000000000000000000000000000000000D3
:10FD300000000000000000000000000000000000C3
:10FD400000000000000000000000000000000000B3
:10FD500000000000000000000000000000000000A3
:10FD60000000000000000000000000000000000093
:10FD70000000000000000000000000000000000083
:10FD80000000000000000000000000000000000073
:10FD90000000000000000000000000000000000063
:10FDA0000000000000000000000000000000000053
:10FDB0000000000000000000000000000000000043
:10FDC0000000000000000000000000000000000033
:10FDD0000000000000000000000000000000000023
:10FDE0000000000000000000000000000000000013
:10FDF0000000000000000000000000000000000003
:10FE000000000000000000000000000000000000F2
:10FE100000000000000000000000000000000000E2
:10FE200000000000000000000000000000000000D2
:10FE300000000000000000000000000000000000C2
:10FE400000000000000000000000000000000000B2
:10FE500000000000000000000000000000000000A2
:10FE60000000000000000000000000000000000092
:10FE70000000000000000000000000000000000082
:10FE80000000000000000000000000000000000072
:10FE90000000000000000000000000000000000062
:10FEA0000000000000000000000000000000000052
:10FEB0000000000000000000000000000000000042
:10FEC0000000000000000000000000000000000032
:10FED0000000000000000000000000000000000022
:10FEE0000000000000000000000000000000000012
:10FEF0000000000000000000000000000000000002
:10FF000000000000000000000000000000000000F1
:10FF100000000000000000000000000000000000E1
:10FF200000000000000000000000000000000000D1
:10FF300000000000000000000000000000000000C1
:10FF400000000000000000000000000000000000B1
:10FF500000000000000000000000000000000000A1
:10FF60000000000000000000000000000000000091
:10FF70000000000000000000000000000000000081
:10FF80000000000000000000000000000000000071
:10FF90000000000000000000000000000000000061
:10FFA0000000000000000000000000000000000051
:10FFB0000000000000000000000000000000000041
:10FFC0000000000000000000000000000000000031
:10FFD0000000000000000000000000000000000021
:10FFE0000000000000000000000000000000000011
:10FFF0000000000000000000000000000000000001
:020000040801F1
:10000000014600200D4A1060012904D0032906D0C2
:1000100006290CD107E00120084A106008E0022000
:10002000064A106004E00320044A106000E000BFAC
:1000300000BF0248008800B270470000C0010020E5
:100040000A4A126822F44072084B1A601A46126873
:1000500042F004021A601A4612684FF4803343EAF1
:1000600000231A43014B1A6070470000103C024005
:1000700010B5202211460848F0F75EFCFBF70AFD98
:1000800001210846FBF78CFC4FF4FA60FAF70CFFED
:1000900000F068F910BD0000A83000202DE9F04103
:1000A00005462F464D48006805704C480068401CC6
:1000B0004A4908602E2D72D02D2DFCD0202DFAD06B
:1000C000002483E004EB4400454911F82000A842D5
:1000D0007BD104EB440001EB8000007AFF2866D15D
:1000E00040480078082820D03E48007804EB4401BE
:1000F0003B4A02EB8101087204EB440002EB8000F2
:10010000416838480078FBF7EBFC04EB44003449C5
:1001100001EB80013448334A127840F8221031480C
:100120000078401C2F49087041E000263BE006EBB8
:1001300046002B4901EB8000007AFF2832D006EB05
:10014000460001EB8000407A50BB04EB44020B46B2
:1001500003EB8202516806EB460203EB8202107A3F
:10016000FBF7BEFC06EB46001D4901EB8000007A60
:1001700004EB44011A4A02EB81010872FF2006EBEE
:10018000460102EB8101087204EB4400114601EBC9
:1001900080001549134A127841F8220005E019E061
:1001A00000E012E0761C142EC1D300BF00BF04EBA8
:1001B00044000B4901EB8000077A012004EB440165
:1001C000074A02EB8101487203E0641C142CFFF41F
:1001D00079AF00BF3846BDE8F08100006C01002017
:1001E00078000020740000208830002010B50446FC
:1001F000E0B20121FBF704FCFF210120FBF70CFC1E
:10020000E0B20121FBF7FCFB10BD00003EB5044647
:1002100001210720FBF7F4FB224604A16846F0F712
:100220003FF96846FBF7A0F83EBD00002530326C70
:1002300075000000002021E01249D1ED000AB7EE60
:10024000001A71EE600A104901EB800191ED001A6D
:1002500060EE810A0D4951F8201001EE101AB8EE37
:10026000411A0849D1ED001AB0EE600A01EE810A88
:10027000054901EB800181ED000A401C0528DBD314
:1002800070470000AC01002078310020643100206C
:1002900010B50921034801F085FD002002490870CE
:1002A00010BD0000C8300020B001002070B5054628
:1002B0000C46012C06D0022C0BD0042C12D0052C9D
:1002C00014D100E013E003200A490870FAF7CEFECB
:1002D0000DE002200749087001F09EFB06A001F026
:1002E00055FA04E001200349087000E000BF00BF98
:1002F00070BD0000450000202F0000003EB5044600
:1003000001210520FBF77CFB224604A16846F0F79B
:10031000C7F86846FBF728F83EBD00002530346C6E
:100320007500000010B52DED028BB0EE408A094833
:1003300080ED008A0848007840B9084B0122092165
:10034000074801F047FD012003490870BDEC028B0E
:1003500010BD0000AC010020B0010020AD890008F4
:10036000C830002010B500224FF480611648FAF71B
:10037000BDFD012251021448FAF7B8FD0020FBF739
:10038000F3FA0A20FAF790FD00BF012211020E488D
:10039000FAF7ACFD0A20FAF787FDFAF79BFD012872
:1003A00000D10CE000224FF480710748FAF79EFD5F
:1003B00006480068401C054908606428E5DD00BF68
:1003C00000200249086010BD00000240900100209A
:1003D00010B52DED048B84B0044601210420FBF7F9
:1003E0000FFB204609F0E0F941EC190B9FED0B0BD8
:1003F00053EC102B09F080F841EC180B53EC182B40
:1004000008A101A8F0F74CF82C208DF8050001A8F0
:10041000FAF7AAFF04B0BDEC048B10BD0000000089
:1004200000408F4025302E33660000002DE9F04F4C
:1004300089B004460D46642095FBF0F600FB165B80
:100440000A209BFBF0F700FB17B004904FF47A7082
:1004500094FBF0F800FB184002906421029890FB96
:10046000F1F9029801FB190001900A21019890FB13
:10047000F1FA019801FB1A0000900098039006F130
:100480003000C0B28DF8140007F13000C0B28DF812
:1004900015002C208DF8160004983030C0B28DF86D
:1004A000170008F13000C0B28DF8180009F13000D3
:1004B000C0B28DF819000AF13000C0B28DF81A00F0
:1004C00003983030C0B28DF81B0000208DF81C005E
:1004D00005A8FAF749FF09B0BDE8F08F2DE9F04F04
:1004E0002DED048B87B0B0EE408A9FED460AB4EE46
:1004F000C08AF1EE10FA03DD9FED420AB0EE408AA9
:10050000B5EEC08AF1EE10FA05D2BFEE000A28EE71
:10051000000AB0EE408A9FED3C0AC8EE000ABDEE2C
:10052000E00A10EE104A6420604300EE100AB8EEB4
:10053000C00A78EE408A2546B2EE040AC8EE800A68
:10054000BDEEE00A10EE104A04EB8400400000EE1D
:10055000100AB8EEC00A38EEC09A2646BDEEC90AA7
:100560008DED020ABDEEC80AB8EEC00A78EE409AD8
:100570009FED260A29EE800ABDEEC00A10EE109A01
:10058000642099FBF0F404EBC40000EB0410A9EB29
:10059000800B27460A209BFBF0F404EB8400ABEBB6
:1005A000400ACDF804A0A046DDF804A005F1300013
:1005B000C0B28DF80C0006F13000C0B28DF80D000D
:1005C00002983030C0B28DF80E002C208DF80F004C
:1005D00007F13000C0B28DF8100008F13000C0B251
:1005E0008DF811000AF13000C0B28DF81200002021
:1005F0008DF8130003A8FAF7B7FE07B0BDEC048B23
:10060000BDE8F08F00C079440000C84200007A4481
:1006100030B52DED028B85B000210320FBF7F0F9FA
:10062000144890ED000ADFED140A80EE201AB0EEB7
:10063000418ABCEEC80A10EE100A84B200EE104ADD
:10064000B8EE400A38EE400ADFED0C0A20EE200A30
:10065000BCEEC00A10EE105A2B46224608A101A893
:10066000EFF71EFF01A8FAF77FFE05B0BDEC028B85
:1006700030BD0000BC010020002474490050C34775
:10068000253032752C2530356C75000010B50246CA
:100690000020104B03EB011313440F4C236019B9D6
:1006A00000F18003D8B212E0012903D100F1C003A8
:1006B000D8B20CE0022903D100F19403D8B206E0CD
:1006C000032903D100F1D403D8B200E080208318BD
:1006D000D8B210BDA83000206C01002010B5002059
:1006E000FBF734F904462146014803F0B1FE10BD82
:1006F000EC33002010B50120FBF728F90446214611
:10070000014803F0A5FE10BDB447002010B502203B
:10071000FBF71CF904462146014803F099FE10BD81
:100720007C5B002010B50320FBF710F9044621463E
:10073000014803F08DFE10BD446F002010B5042069
:10074000FBF704F904462146014803F081FE10BD81
:100750000C83002000B593B0302107A8F0F716F9FC
:10076000142102A8F0F712F900BF002001902448DC
:10077000006840F08050224908600846006800F098
:100780008050019000BF00BF002001901D4800680C
:1007900020F4404040F400401A49086008460068D0
:1007A00000F44040019000BF012007900004089031
:1007B00002200D9041050E9119210F914FF4A8715F
:1007C0001091042111910721129107A8F3F734FB2E
:1007D00008B1F1F788FB0F2002900220039000205F
:1007E00004904FF48050059000200690022102A84A
:1007F000F3F7E2F908B1F1F776FB13B000BD0000A2
:10080000403802400070004010B504460B2C30D236
:10081000DFE804F0060A0E12161A1E22262A2B0002
:1008200015A0FAF7A1FD24E014A0FAF79DFD20E041
:1008300013A0FAF799FD1CE012A0FAF795FD18E055
:1008400011A0FAF791FD14E010A0FAF78DFD10E069
:100850000FA0FAF789FD0CE00EA0FAF785FD08E07D
:100860000DA0FAF781FD04E000BF0CA0FAF77CFDB3
:1008700000BF00BF10BD00003000000031000000CC
:10088000320000003300000034000000350000009A
:10089000360000003700000038000000390000007A
:1008A00030B52DED028B85B0B0EE408ABCEEC80AA3
:1008B00010EE100A84B200EE104AB8EE400A38EE8C
:1008C000400ADFED0A0A20EE200ABCEEC00A10EE54
:1008D000105A2B46224606A101A8EFF7E1FD01A818
:1008E000FAF742FD05B0BDEC028B30BD0050C347A6
:1008F000253032752C2530356C75000010B50B484D
:1009000005F064F900200A4908600A4908600A49AC
:1009100008600A4908600A4908600A4908600A49EB
:10092000086001200949086010BD0000C83100209E
:10093000E8010020EC010020F0010020F40100207B
:1009400008020020FC0100200002002030020020EC
:1009500010B50B480B4908604FF461404860002116
:1009600008488160C1600161082141610021816105
:10097000C161F3F710F808B1F1F7B5FA10BD000046
:10098000001001402004002070B50446F8F760F81C
:1009900010A0FAF7E9FC092C03D10FA0FAF7E4FC48
:1009A00007E0601C05B22846FFF72EFF0BA0FAF700
:1009B000DBFC0BA0FAF7D8FC0A4800EB8400D0ED72
:1009C000000AB0EE600AFFF789FD07A0FAF7CCFC39
:1009D00070BD000066000000313000002000000003
:1009E0003D0000002833002020487A002DE9F04126
:1009F00005460E46144631462846FFF747FE074691
:100A000001213846FAF7CCFF07E014F8010BFFF795
:100A100045FB80460021FAF7C3FF20780028F4D177
:100A2000BDE8F08170B50446F8F712F81EA0FAF799
:100A30009BFC1E48B0F90000B0F5E17F0ED1092CF7
:100A400003D11BA0FAF790FC1DE0601C05B22846FC
:100A5000FFF7DAFE17A0FAF787FC14E016A0FAF702
:100A600083FC092C03D112A0FAF77EFC07E0601C7E
:100A700005B22846FFF7C8FE0EA0FAF775FC002164
:100A80000620FAF7BDFF0DA0FAF76EFC0C4800EB4C
:100A90008400D0ED000AB0EE600AFFF701FF09A064
:100AA000FAF762FC70BD0000740000002402002010
:100AB0003130000020000000302C00003D0000001C
:100AC000543300202073000010B50B480068401E0E
:100AD00000EB0010094942180021094804F001FB0D
:100AE00005480068401E00EB00100649421801212D
:100AF000034804F0F6FA10BDC0010020469F01082B
:100B0000A0310020799F010810B507480068401EF9
:100B100000EB0010054942180021054804F0E1FAF5
:100B200000F078FC10BD0000C00100209AA0010870
:100B3000A031002010B5044A0021044804F0D1FA85
:100B400000F068FC10BD0000CDA00108A03100201D
:100B500010B507480068401E00EB00100549421818
:100B60000021054804F0BDFA00F054FC10BD00005F
:100B7000C0010020DEA00108A031002010B5074808
:100B80000068401E00EB001005494218002105488E
:100B900004F0A7FA00F03EFC10BD0000C0010020E8
:100BA00011A10108A031002010B507480068401EBF
:100BB00000EB0010054942180021054804F091FAA5
:100BC00000F028FC10BD0000C001002044A1010875
:100BD000A031002010B507480068401E00EB00104F
:100BE000054942180021054804F07BFA00F012FC88
:100BF00010BD0000C001002077A10108A031002035
:100C000010B507480068401E00EB00100549421867
:100C10000021054804F065FA00F0FCFB10BD00005F
:100C2000C0010020AAA10108A031002010B507488A
:100C30000068401E00EB00100549421800210548DD
:100C400004F04FFA00F0E6FB10BD0000C0010020E8
:100C5000DDA10108A031002010B51248006801286C
:100C600007D1F7F7F5FE1048FAF77EFB00F0D2FB4C
:100C700016E00C480068022807D1F7F7E9FE0B4898
:100C8000FAF772FB00F0C6FB0AE00648006803288A
:100C900006D1F7F7DDFE0648FAF766FB00F0BAFB6F
:100CA00010BD0000C001002010A20108A8A8010882
:100CB00053A9010810B512480068012807D1F7F7B9
:100CC000C7FE1048FAF750FB00F0A4FB16E00C48F2
:100CD0000068022807D1F7F7BBFE0B48FAF744FB80
:100CE00000F098FB0AE006480068032806D1F7F7F1
:100CF000AFFE0648FAF738FB00F08CFB10BD000091
:100D0000C001002021A20108B9A8010864A90108B6
:100D100010B50B480068401E00EB0010094942184E
:100D20000021094804F0DDF905480068401E00EB89
:100D30000010064942180121034804F0D2F910BD01
:100D4000C001002032A20108A031002065A20108E4
:100D500010B508480068401E00EB00100649421814
:100D60000021064804F0BDF9054A0121034804F0BA
:100D7000B8F910BDC001002098A20108A0310020E0
:100D8000DF9F010810B508480068401E00EB001006
:100D9000064942180021064804F0A3F9054A01213A
:100DA000034804F09EF910BDC0010020D6A201083E
:100DB000A0310020DF9F010810B508480068401EE0
:100DC00000EB0010064942180021064804F089F99A
:100DD000054A0121034804F084F910BDC001002038
:100DE00009A30108A0310020DF9F010810B50848C1
:100DF0000068401E00EB001006494218002106481A
:100E000004F06FF9054A0121034804F06AF910BDA6
:100E1000C00100203CA30108A0310020DF9F010891
:100E200010B508480068401E00EB00100649421843
:100E30000021064804F055F9054A0121034804F051
:100E400050F910BDC00100206FA30108A03100209F
:100E5000A2A3010810B50B480068401E00EB00106B
:100E6000094942180021094804F03BF90548006887
:100E7000401E00EB0010064942180121034804F00F
:100E800030F910BDC0010020B3A30108A03100203B
:100E900065A2010810B508480068401E00EB00106C
:100EA000064942180021064804F01BF9054A0121B1
:100EB000034804F016F910BDC0010020E6A30108A4
:100EC000A0310020DF9F010810B508480068401ECF
:100ED00000EB0010064942180021064804F001F911
:100EE000054A0121034804F0FCF810BDC0010020B0
:100EF00019A40108A0310020DF9F010810B508489F
:100F00000068401E00EB0010064942180021064808
:100F100004F0E7F8054A0121034804F0E2F810BDA7
:100F2000C00100204CA40108A03100207FA40108CA
:100F300010B508480068401E00EB00100649421832
:100F40000021064804F0CDF8054A0121034804F0C9
:100F5000C8F810BDC001002090A40108A0310020F5
:100F6000DF9F010810B508480068401E00EB001024
:100F7000064942180021064804F0B3F8054A012149
:100F8000034804F0AEF810BDC0010020C3A401085E
:100F9000A0310020BD9F010810B50B480068401E1D
:100FA00000EB0010094942180021094804F099F8A3
:100FB00005480068401E00EB001006494218012158
:100FC000034804F08EF810BDC0010020F6A401080B
:100FD000A031002029A5010810B5094A00210948BF
:100FE00004F07FF8FFF714FB07480068401E00EB91
:100FF0000010064942180121024804F072F810BDA1
:101000005CA50108A0310020C001002029A501082D
:1010100010B50B480068401E00EB0010094942184B
:101020000021094804F05DF805480068401E00EB07
:101030000010064942180121034804F052F810BD7F
:10104000C00100205FA50108A031002092A5010881
:1010500010B50B480068401E00EB0010094942180B
:101060000021094804F03DF805480068401E00EBE7
:101070000010064942180121034804F032F810BD5F
:10108000C0010020F8A50108A03100202BA601080E
:1010900010B50B480068401E00EB001009494218CB
:1010A0000021094804F01DF805480068401E00EBC7
:1010B0000010064942180121034804F012F810BD3F
:1010C000C0010020F8A50108A03100205EA601089B
:1010D00010B5054A0021054804F003F8044A01212F
:1010E000024803F0FEFF10BD5CA50108A0310020FE
:1010F000AC9F010810B512480068012807D1F7F726
:10110000A7FC1048FAF730F900F084F916E00C4813
:101110000068022807D1F7F79BFC0B48FAF724F97F
:1011200000F078F90AE006480068032806D1F7F7CE
:101130008FFC0648FAF718F900F06CF910BD0000B2
:10114000C001002091A60108D4A801087FA90108C8
:1011500010B514480068012807D1F7F779FC124848
:10116000FAF702F900F056F916E00E480068022876
:1011700007D1F7F76DFC0D48FAF7F6F800F04AF9D9
:101180000AE008480068032806D1F7F761FC084820
:10119000FAF7EAF800F03EF9F7F75AFC0248FAF7D6
:1011A000E3F810BDC001002097A60108DAA80108E5
:1011B00085A9010810B50F480068012805D1F7F787
:1011C00047FC0D48FAF7D0F812E00A4800680228F8
:1011D00005D1F7F73DFC0948FAF7C6F808E00548DD
:1011E0000068032804D1F7F733FC0548FAF7BCF888
:1011F00010BD0000C00100209DA60108E0A8010864
:101200008BA9010810B50F480068012805D1F7F730
:101210001FFC0D48FAF7A8F812E00A4800680228F7
:1012200005D1F7F715FC0948FAF79EF808E00548DC
:101230000068032804D1F7F70BFC0548FAF794F887
:1012400010BD0000C0010020A3A60108E6A8010807
:1012500091A9010810B50F480068012805D1F7F7DA
:10126000F7FB0D48FAF780F812E00A4800680228F8
:1012700005D1F7F7EDFB0948FAF776F808E00548DD
:101280000068032804D1F7F7E3FB0548FAF76CF888
:1012900010BD0000C0010020A9A60108ECA80108AB
:1012A00097A9010810B50F480068012805D1F7F784
:1012B000CFFB0D48FAF758F812E00A4800680228F8
:1012C00005D1F7F7C5FB0948FAF74EF808E00548DD
:1012D0000068032804D1F7F7BBFB0548FAF744F888
:1012E00010BD0000C0010020AFA60108F2A801084F
:1012F0009DA9010810B50F480068012805D1F7F72E
:10130000A7FB0D48FAF730F812E00A4800680228F7
:1013100005D1F7F79DFB0948FAF726F808E00548DC
:101320000068032804D1F7F793FB0548FAF71CF887
:1013300010BD0000C0010020B5A60108F8A80108F2
:10134000A3A9010810B5054A0021054803F0C9FE0C
:10135000044A0121024803F0C4FE10BDBBA60108E7
:10136000A0310020CE9F010810B5044A0021044896
:1013700003F0B7FE00F04EF810BD0000BBA6010858
:10138000A031002010B5034A0021034803F0A9FE54
:1013900010BD0000C2A60108A031002010B5034A0C
:1013A0000021034803F09DFE10BD0000C9A60108FE
:1013B000A031002010B5034A0021034803F091FE3C
:1013C00010BD0000D0A60108A031002010B5034ACE
:1013D0000021034803F085FE10BD0000D7A60108D8
:1013E000A031002010B5034A0021034803F079FE24
:1013F00010BD0000DEA60108A031002010B5034A90
:101400000021034803F06DFE10BD0000E5A60108B1
:10141000A031002010B5034A0121034803F061FE0A
:1014200010BD0000CE9F0108A031002010B5164865
:10143000006801280AD1F7F70BFB1448F9F794FF6D
:10144000F7F70CFB1248F9F78FFF1CE00E48006815
:1014500002280AD1F7F7FCFA0E48F9F785FFF7F7EB
:10146000FDFA0D48F9F780FF0DE0074800680328F2
:1014700009D1F7F7EDFA0948F9F776FFF7F7EEFA31
:101480000748F9F771FF10BDC0010020ECA6010864
:10149000FDA60108FEA801080FA90108A9A90108D5
:1014A000BAA9010810B51748006801280AD1F7F752
:1014B000CFFA1548F9F758FFF7F7D0FA1348F9F7BC
:1014C00053FF1EE00F48006802280AD1F7F7C0FA60
:1014D0000F48F9F749FFF7F7C1FA0E48F9F744FF4B
:1014E0000FE00848006803280BD1F7F7B1FAF7F7C7
:1014F000AFFA0948F9F738FFF7F7B0FA0748F9F7F4
:1015000033FF10BDC00100200EA701081FA701086E
:1015100020A9010831A90108CBA90108DCA901080B
:1015200010B5044A0021044803F0DBFDFFF772FF09
:1015300010BD000030A70108A031002010B5044AFA
:101540000021044803F0CDFDFFF764FF10BD00004B
:1015500033A70108A031002010B5FFF75BFF10BDD5
:1015600010B50B480068401E00EB001009494218F6
:101570000021094803F0B5FD05480068401E00EB56
:101580000010064942180121034803F0AAFD10BDCE
:10159000C0010020F8A50108A031002037A70108EC
:1015A00010B5FFF737FF10BD10B5FFF733FF10BDC3
:1015B00010B5044A0021044803F093FDFFF72AFF09
:1015C00010BD00006AA70108A031002010B5044A30
:1015D0000021044803F085FDFFF71CFF10BD00004B
:1015E0006EA70108A031002010B5124A0021124850
:1015F00003F077FD00210320FAF702FAFFF708F85D
:1016000000210720FAF7FCF90CA0F9F7ADFE002144
:101610000C20FAF7F5F90AA0F9F7A6FE0A480068C7
:10162000401E00EB0010094942180121024803F056
:1016300058FD10BD5CA50108A031002020533000EA
:101640002053313E00000000C001002029A5010800
:1016500010B50B480068401E00EB00100949421805
:101660000021094803F03DFD05480068401E00EBDD
:101670000010064942180121034803F032FD10BD55
:10168000C0010020F8A50108A031002072A70108C0
:1016900010B5074A0021074803F023FD00210C2064
:1016A000FAF7AEF904A0F9F75FFEFFF7B3FE10BD3D
:1016B0005CA50108A031002053303E0010B5074A58
:1016C0000021074803F00DFD00210C20FAF798F9DE
:1016D00004A0F9F749FEFFF79DFE10BD5CA50108C7
:1016E000A031002053303C0010B5074A00210748C4
:1016F00003F0F7FC00210C20FAF782F904A0F9F7B7
:1017000033FEFFF787FE10BD5CA50108A031002065
:1017100053313E0010B507480068401E00EB001032
:10172000054942180021054803F0DBFCFFF772FE73
:1017300010BD0000C0010020A5A70108A0310020B5
:1017400010B506480068401E00EB0010044942181E
:101750000121044803F0C5FC10BD0000C0010020B9
:10176000D8A70108A031002010B5054A002105487E
:1017700003F0B7FC044A0121024803F0B2FC10BD9B
:10178000BE9E0108A0310020CF9E0108F0B595B0A3
:1017900006461420EEF7ABFD0446324639A120463A
:1017A000EEF77EFE2146684605F0D7FF3649087001
:1017B0000846007800285ED100BF3449684606F02C
:1017C00039F8314908700846007810B92F48807EF2
:1017D00000B94CE02D48007B00F01000002833D009
:1017E0002A491A312AA0EFF7F9F800B9E5E72749A5
:1017F0001A312AA0EFF7F2F800B9DEE71E20EEF763
:1018000076FD0746214A1A322BA13846EEF748FEEC
:10181000384600F041F93846EEF798FD2046EEF7DD
:10182000E9FF05466019194A1A3226A1EEF738FE7B
:101830002046FFF7ABFF144908700846007800B156
:1018400015E00020605511E01E20EEF750FD074620
:101850000E4B1A3322461CA13846EEF721FE3846BD
:1018600000F01AF93846EEF771FD00BFA5E700BF9A
:10187000684605F057FD2046EEF768FD02480078FF
:1018800015B0F0BD257300000000002058020020B4
:1018900053595354454D7E31000000005379737401
:1018A000656D20566F6C756D6520496E666F726D43
:1018B0006174696F6E0000004469723A2025730DEF
:1018C0000A0000002F25730046696C653A202573D5
:1018D0002F25730A0000000010B507480068401E5D
:1018E00000EB0010054942180021054803F0F9FB00
:1018F000FFF790FD10BD0000C00100202DA80108D9
:10190000A031002010B525480068012814D1F7F750
:101910009FF82348F9F728FDF7F7A0F82148F9F7D1
:1019200023FD21A0F9F720FD01210920FAF768F82D
:101930001E48F9F719FD30E018480068022814D154
:10194000F7F786F81A48F9F70FFDF7F787F81948FF
:10195000F9F70AFD14A0F9F707FD01210920FAF7AC
:101960004FF81548F9F700FD17E00C480068032808
:1019700013D1F7F76DF81148F9F7F6FCF7F76EF8A1
:101980000F48F9F7F1FC08A0F9F7EEFC0121092056
:10199000FAF736F80B48F9F7E7FC10BDC001002054
:1019A00060A80108CBA2010820202000CDA20108D8
:1019B00042A90108CAA80108CBA80108EDA901089D
:1019C00075A9010876A9010810B508480068401EED
:1019D00000EB0010064942180021064803F081FB85
:1019E000054A0121034803F07CFB10BDC001002023
:1019F00071A80108A0310020F09F010810B5044A29
:101A00000021044803F06DFBFFF704FD10BD00004A
:101A1000A4A80108A031002010B501220A490B48F2
:101A200005F094FC0A4908700846007818B109A02E
:101A300000F032F807E00FA000F02EF800F0B8F840
:101A400001201449087010BD4100002088040020C6
:101A5000000000204552524F5221212120696E2062
:101A60006D6F756E74696E6720555342202E2E2E51
:101A70000A0A0000555342206D6F756E746564202C
:101A80007375636365737366756C6C792E2E2E0A9D
:101A9000000000001C00002070B504462046EEF750
:101AA000A9FE85B24FF0FF332A4621460148F2F7DE
:101AB0006FFC70BD200400200EB50120F9F754FF23
:101AC00000200122CDE90020034692022E49029017
:101AD0002E4803F002FC00200122CDE9002003463D
:101AE000520229490290294803F0F7FB0020012205
:101AF000CDE900200346120223490290234803F057
:101B0000ECFB00200121009103464022CDE90110A9
:101B10001D491E4803F0E1FB002240211A48F9F755
:101B2000E5F94CF25030F9F7BFF900224FF480612B
:101B30001548F9F7DBF900224FF400711248F9F764
:101B4000D5F93220F9F7B0F900224FF480710E4830
:101B5000F9F7CCF93220F9F7A7F901212820F9F794
:101B60001FFF01212820F9F71BFF01212820F9F789
:101B700017FF01210D20F9F713FF01210620F9F7C6
:101B80000FFFFEF775FA0EBD000002407000002046
:101B900000B501210020F9F73FFF00BD02480068B1
:101BA0000249086070470000E8010020F4010020AD
:101BB00010B50F480068401E00EB00100D49421898
:101BC00000210D4803F08DFA09480068401E00EB23
:101BD00000100A4942180121074803F082FA06481A
:101BE00003F09DFA4FF47A71054800F0E6F810BD55
:101BF000C001002001A00108A031002034A001088C
:101C0000C830002041600268826070470146D1E917
:101C1000012010440A68904201D201207047002040
:101C2000FCE770B50446002547E005EB450104F1EB
:101C30000C0010F82100B0B305EB450104F10C00D5
:101C400000EB81004088401E81B205EB450204F1A3
:101C50000C0000EB8200418029BB05EB450204F13A
:101C60000C0101EB82018868804705EB450104F116
:101C70000C0000EB81004078012815D105EB4501EF
:101C800004F10C0000EB8100818805EB450204F1B2
:101C90000C0000EB82004180012105EB450204F1BC
:101CA0000C0000F8221006E0002105EB450204F1CB
:101CB0000C0000F82210681CC5B20C2DB5DB2068A2
:101CC000401C206070BD000030B5014600201CE0C3
:101CD000002300EB400401F10C0202F8243000EB79
:101CE000400402EB8402538000EB400401F10C023B
:101CF00002EB84029380264B00EB400401F10C02BE
:101D000002EB84029360421CD0B20C28E0DB214835
:101D1000006840F480201F4A106001201E4A1060B5
:101D20000020121D106004201B4A2832106044F26B
:101D3000D210121D106018480C30006840F00100ED
:101D4000154A0C3210600120134A143210601A2018
:101D5000002809DB00F01F0301229A4043099B0081
:101D600003F1E023C3F8002100BF1A20002200285D
:101D700004DB13071C0E094B1C5406E013071D0E51
:101D8000074B00F00F04241F1D5500BF30BD00009D
:101D9000B71E0008443802400048014000E400E05B
:101DA00018ED00E010B50C2906DA002301EB410420
:101DB00000F10C0202F8243010BD08B50268009250
:101DC00005E00268009BD21A8A4200D300E0F8E7DF
:101DD00000BF08BD70B50C2925DA002A23DD01EB10
:101DE000410500F10C0404EB8504628001EB410520
:101DF00000F10C0404EB8504A280012501EB4106EF
:101E000000F10C0404EB8604657001EB410500F160
:101E10000C0404EB8504A360012501EB410600F1ED
:101E20000C0404F8265070BD70B505460C4604EB52
:101E3000041000EB40000649014406480068401EBB
:101E400000EB00100A180121034803F04AF970BDA5
:101E50005AAD0108C0010020A031002010B586B0A5
:101E6000044694F90700052831D2DFE800F0030C9E
:101E7000151E27001CA101A8EEF712FB01A91C48A2
:101E800002F04CFC24E01BA101A8EEF709FB01A91C
:101E90001A4802F043FC1BE019A101A8EEF700FB71
:101EA00001A9194802F03AFC12E018A101A8EEF7C6
:101EB000F7FA01A9174802F031FC09E016A101A8C0
:101EC000EEF7EEFA01A9164802F028FC00E000BF88
:101ED00000BF00208DF8140001AA0021114803F072
:101EE00000F906B010BD000053303D200000000096
:101EF000EC33002053313D2000000000B4470020A7
:101F000053323D20000000007C5B002053333D2015
:101F100000000000446F002053343D20000000000A
:101F20000C830020A031002070B505460B4600242C
:101F3000002008E0134E36F830609E4201D1014681
:101F400003E0461CF0B22B28F4DB012A04D0032A5C
:101F500007D0062A0FD109E00A4800EBC1004488E7
:101F60000DE0084800EBC100848808E0054800EB5C
:101F7000C100C48803E0034830F8314000BF00BF0F
:101F8000204670BD20B5010870B505460C466CB101
:101F9000012C17D112480068401E00EB00101149B7
:101FA00042180021104803F09CF80BE00C48006830
:101FB000401E00EB00100D49421800210A4803F0B2
:101FC00090F800BF00BF06480068401E00EB0010FC
:101FD000074942180121044803F083F870BD00004E
:101FE000C001002054B30108A0310020ECB4010866
:101FF00087B30108F8B504460D460126002000907D
:102000002E4802F020FF9DF8001060F300010091BF
:102010002B4802F018FF9DF8001060F34101009179
:10202000284802F010FF9DF8001060F38201009133
:10203000254802F008FF9DF8001060F3C3010091ED
:10204000224802F000FF9DF8001060F30411009197
:10205000012D04D0032D17D0062D2BD115E000BF84
:10206000E079401E40B2E071002801DA0420E071FE
:102070009DF80000E279012191400840002800DD30
:102080000026002EECD116E015E000BFE079401CE0
:1020900040B2E071042801DD0020E0719DF80000ED
:1020A000E279012191400840002800DD0026002E41
:1020B000ECD100E000BF00BFF8BD0000EC33002011
:1020C000B44700207C5B0020446F00200C8300207C
:1020D00001B58EB0FE4804F0B3F80D900D980828B5
:1020E00002D11B210E9801800E9800882B2881F0C8
:1020F000C181DFE810F059002B0052007E00BD00C6
:10210000FC0029014E018D01CC0115023A02790231
:10211000B802E5020A0349038803B503DA0332046F
:1021200071049E04DD04260542058405C405A4054A
:10213000DA05E2050806130678069C06BB06C90602
:10214000E706E80626075407A407F008E1480068F8
:10215000401E00EB0010E0490844024600210690B2
:10216000DE4802F0BEFFDB480068401E00EB0010B6
:10217000DB490844024601210690D84802F0B1FF2D
:102180000E98008800B206900146DDE90D20FFF7A9
:10219000CBFE0E99088001F06DB901210E980172F5
:1021A00000210E980180F6E7CA480068401E00EB47
:1021B0000010CC490844024600210690C74802F0AE
:1021C00090FFC9480D9902F0F7FAC74802F036FEB1
:1021D000014606900E98FFF727FE0E98008800B281
:1021E00006900146DDE90D20FFF79EFE0E9908805E
:1021F000D1E70E98007A38B14FF47A71BA4802F0FC
:102200000CFB06200D9027E0B44802F0F9FE38B927
:10221000B24802F0E1FE01220621B04802F0F4FECD
:10222000AC480068401E00EB0010B049084402466C
:1022300000210690A94802F054FF0122AA480D99F6
:1022400002F088F90121A84802F008FD01220146A8
:1022500006900E9801F054FA0E98008800B206908D
:102260000146DDE90D20FFF75FFE0E99088092E739
:102270000E98007A38B142F20F719B4802F068F96B
:1022800006200D9027E0954802F0BAFE38B9934831
:1022900002F0A2FE01220621904802F0B5FE8D4810
:1022A0000068401E00EB00109149084402460021DE
:1022B00006908A4802F015FF00228B480D9902F023
:1022C00049F90021884802F0C9FC00220146069025
:1022D0000E9801F015FA0E98008800B2069001469B
:1022E000DDE90D20FFF720FE0E99088053E77B48BB
:1022F00002F086FE10B1794802F078FE7548006859
:10230000401E00EB00107B49084402460021069065
:10231000724802F0E6FE6F480068401E00EB0010B5
:10232000754908440246012106906C4802F0D9FE26
:102330000E98008800B206900146DDE90D20FFF7F7
:10234000F3FD0E99088026E762480068401E00EB06
:1023500000106A4908440246002106905F4802F0D6
:10236000C0FE67480D9902F027FA654802F066FD45
:10237000014606900E98FFF757FD0E98008800B2B0
:1023800006900146DDE90D20FFF7CEFD0E9908808D
:1023900001E70E98007A38B14FF47A71584802F08C
:1023A0003CFA06200D9027E04C4802F029FE38B98F
:1023B0004A4802F011FE01220621484802F024FE9C
:1023C00044480068401E00EB00104849084402469B
:1023D00000210690414802F084FE012248480D99F0
:1023E00002F0B8F80121464802F038FC012201460B
:1023F00006900E9801F084F90E98008800B20690BD
:102400000146DDE90D20FFF78FFD0E990880C2E639
:102410000E98007A38B142F20F71394802F098F8FC
:1024200006200D9027E02D4802F0EAFD38B92B4830
:1024300002F0D2FD01220621284802F0E5FD2548E0
:102440000068401E00EB00102949084402460021A4
:102450000690224802F045FE002229480D9902F01C
:1024600079F80021264802F0F9FB00220146069087
:102470000E9801F045F90E98008800B206900146CA
:10248000DDE90D20FFF750FD0E99088083E6134823
:1024900002F0B6FD10B1114802F0A8FD0D48006829
:1024A000401E00EB0010134908440246002106902C
:1024B0000A4802F016FE07480068401E00EB0010B4
:1024C0000D49084402460121069004481AE0000024
:1024D00094010020C0010020C0AD0108A0310020FF
:1024E000F3AD010826AE0108EC33002059AE010817
:1024F0008CAE0108BFAE0108BCB601088AB0010865
:10250000B447002002F0EDFD0E98008800B206905E
:102510000146DDE90D20FFF707FD0E9908803AE638
:10252000FE480068401E00EB0010FD4908440246CA
:1025300000210690FB4802F0D4FDFB480D9902F003
:102540003BF9F94802F07AFC014606900E98FFF735
:102550006BFC0E98008800B206900146DDE90D2064
:10256000FFF7E2FC0E99088015E60E98007A38B164
:102570004FF47A71EC4802F050F906200D9027E0F4
:10258000E84802F03DFD38B9E64802F025FD012299
:102590000621E44802F038FDE0480068401E00EBE8
:1025A0000010E2490844024600210690DD4802F08E
:1025B00098FD0122DC480D9901F0CCFF0121DA4899
:1025C00002F04CFB0122014606900E9801F098F8AB
:1025D0000E98008800B206900146DDE90D20FFF755
:1025E000A3FC0E990880D6E50E98007A38B142F225
:1025F0000F71CD4801F0ACFF06200D9027E0C948CF
:1026000002F0FEFC38B9C74802F0E6FC01220621C0
:10261000C44802F0F9FCC1480068401E00EB0010FD
:10262000C3490844024600210690BE4802F059FD05
:102630000022BD480D9901F08DFF0021BA4802F03B
:102640000DFB0022014606900E9801F059F80E98F5
:10265000008800B206900146DDE90D20FFF764FC1A
:102660000E99088097E5AF4802F0CAFC10B1AD485A
:1026700002F0BCFCA9480068401E00EB0010AD4908
:102680000844024600210690A64802F02AFDA3480D
:102690000068401E00EB0010A749084402460121D3
:1026A0000690A04802F01DFD0E98008800B206902A
:1026B0000146DDE90D20FFF737FC0E9908806AE539
:1026C00096480068401E00EB00109C4908440246F2
:1026D00000210690934802F004FD99480D9902F0FC
:1026E0006BF8974802F0AAFB014606900E98FFF798
:1026F0009BFB0E98008800B206900146DDE90D2094
:10270000FFF712FC0E99088045E50E98007A38B163
:102710004FF47A718A4802F080F806200D9027E085
:10272000804802F06DFC38B97E4802F055FC012269
:1027300006217C4802F068FC78480068401E00EBE7
:1027400000107A490844024600210690754802F0BC
:10275000C8FC01227A480D9901F0FCFE012178485D
:1027600002F07CFA0122014606900E9800F0C8FFA4
:102770000E98008800B206900146DDE90D20FFF7B3
:10278000D3FB0E99088006E50E98007A38B142F224
:102790000F716B4801F0DCFE06200D9027E06148C8
:1027A00002F02EFC38B95F4802F016FC0122062127
:1027B0005C4802F029FC59480068401E00EB0010FC
:1027C0005B490844024600210690564802F089FC05
:1027D00000225B480D9901F0BDFE0021584802F02F
:1027E0003DFA0022014606900E9800F089FF0E98EF
:1027F000008800B206900146DDE90D20FFF794FB4A
:102800000E990880C7E4474802F0FAFB10B145482A
:1028100002F0ECFB41480068401E00EB0010454907
:1028200008440246002106903E4802F05AFC3B480C
:102830000068401E00EB00103F4908440246012199
:102840000690384802F04DFC0E98008800B20690C1
:102850000146DDE90D20FFF767FB0E9908809AE439
:102860002E480068401E00EB00103649084402461E
:10287000002106902B4802F034FC33480D9901F0FA
:102880009BFF314802F0DAFA014606900E98FFF7F6
:10289000CBFA0E98008800B206900146DDE90D20C3
:1028A000FFF742FB0E99088075E40E98007A38B164
:1028B0004FF47A71244801F0B0FF06200D9027E014
:1028C000184802F09DFB38B9164802F085FB01223A
:1028D0000621144802F098FB10480068401E00EBE7
:1028E0000010124908440246002106900D4802F0EB
:1028F000F8FB012214480D9901F02CFE0121124829
:1029000002F0ACF90122014606900E9800F0F8FEA4
:102910000E98008800B20690014617E0C001002022
:10292000BDB00108A03100207C5B002059AE010839
:102930008CAE0108BFAE0108BCB60108F0B00108BA
:10294000446F002023B101080C830020DDE90D2035
:10295000FFF7EAFA0E9908801DE40E98007A38B164
:1029600042F20F71FE4801F0F3FD06200D9027E0C2
:10297000FC4802F045FB38B9FA4802F02DFB012271
:102980000621F84802F040FBF7480068401E00EBC3
:102990000010F6490844024600210690F14802F072
:1029A000A0FB0022EE480D9901F0D4FD0021EC4877
:1029B00002F054F90022014606900E9800F0A0FEA5
:1029C0000E98008800B206900146DDE90D20FFF761
:1029D000ABFA0E9908800BE4E24802F011FB10B14B
:1029E000E04802F003FBE0480068401E00EB0010E6
:1029F000DF490844024600210690DA4802F071FBE4
:102A0000D9480068401E00EB0010DA49084402462D
:102A100001210690D34802F064FB0E98008800B2B2
:102A200006900146DDE90D20FFF77EFA0E99088039
:102A30001DE4CC4802F0E4FA10B1CA4802F0D6FA1C
:102A4000C9480068401E00EB0010CB49084402460C
:102A500000210690C34802F044FBC84A0121C14846
:102A600002F03FFB0E98008800B206900146DDE9B7
:102A70000D20FFF759FA0E9908809FEDC10AFDF766
:102A800051FC0E980088172811D1BE4802F072F848
:102A9000BD4802F06FF8BD4802F06CF8BC4802F087
:102AA00069F8AF4802F066F801210E9881801DE4B4
:102AB0000E98007A18B919210E98018016E40E9824
:102AC000FFF7CCF9A8480068401E00EB0010B149A0
:102AD0000844024601210690A24802F002FBDDE90B
:102AE0000D10FFF787FA0D9803280CD1FDF7D0FBE6
:102AF0000E98008800B206900146DDE90D20FFF730
:102B000013FA0E9908809F4802F0ADF878B99E48F4
:102B100002F0A9F858B99D4802F0A5F838B99C48C8
:102B200002F0A1F818B98E4802F09DF808B1012012
:102B300000E0002020B91C210E980180FDF7A8FBC1
:102B400026E40E98FFF78AF987480068401E00EBDC
:102B5000001091490844024601210690814802F084
:102B6000C0FA0E98008800B206900146DDE90D20FB
:102B7000FFF7DAF90E9908800AE40E98FFF76EF96C
:102B800079480068401E00EB001084490844024662
:102B900001210690734802F0A4FADDE90D10FFF759
:102BA00029FA0D9803280CD1FDF772FB0E980088C6
:102BB00000B206900146DDE90D20FFF7B5F90E9948
:102BC0000880704802F04FF878B96F4802F04BF86F
:102BD00058B96E4802F047F838B96D4802F043F82A
:102BE00018B95F4802F03FF808B1012000E000206A
:102BF00020B91C210E980180FDF74AFB1EE20E98B9
:102C0000FFF72CF958480068401E00EB001064499B
:102C10000844024601210690524802F062FADDE9BA
:102C20000D10FFF7E7F90E98008800B206900146F4
:102C3000DDE90D20FFF778F90E990880FEE10E9886
:102C4000FFF70CF948480068401E00EB001055499A
:102C50000844024601210690424802F042FADDE9AA
:102C60000D10FFF7C7F90E98008800B206900146D4
:102C7000DDE90D20FFF758F90E990880FAE3414885
:102C800001F0DEFF404801F0DBFF404801F0D8FFD3
:102C90003F4801F0D5FF324801F0D2FF314802F041
:102CA000A5F925210E980180E4E39FED350AFDF793
:102CB00039FB17210E980180DCE32B480068401E89
:102CC00000EB0010384908440246002106902548D0
:102CD00002F007FA24480068401E00EB0010254966
:102CE00008440246012106901E4802F0FAF90E98A7
:102CF000008800B206900146DDE90D20FFF714F9C7
:102D00000E990880B6E3F9F775F918B920210E98E5
:102D1000018002E022210E980180ABE3F9F76AF905
:102D2000E0B911480068401E00EB00101F4908443C
:102D30000246002106900B4802F0D3F90A480068C9
:102D4000401E1B490844024601210690054802F036
:102D5000C8F90D9806282ED100202BE037E000009E
:102D60000C830020A0310020C00100208CAE01089F
:102D7000BFAE0108BCB6010833B7010878B6010838
:102D80006F12833AEC330020B44700207C5B0020B4
:102D9000446F00208BAF0108F1AF0108BEAF0108FE
:102DA00024B0010857B00108F2AE010800B70108CD
:102DB0009AB601080D900E98008800B20690014660
:102DC000DDE90D20FFF7B0F80E9908800AE00E98B3
:102DD000008800B20622014606900E98FFF7A4F87C
:102DE0000E99088046E3FE480068401E00EB001084
:102DF000FC490844024600210690FB4802F071F9A4
:102E0000F7480068401EF94908440246012106902F
:102E1000F54802F066F90E98008800B20690014667
:102E2000DDE90D20FFF780F80E99088022E3EC48D9
:102E30000068401E00EB0010ED49084402460021E6
:102E40000690E94802F04DF9EA4A0121E64802F00D
:102E500048F901210E9800F051FB23210E980180C2
:102E60004FF4FA71E448FEF7CDFE03E3E248FEF7C3
:102E7000CDFE40B100210E9800F040FB062802D3A1
:102E800024210E980180F5E2D5480068401E00EB31
:102E90000010DA490844024600210690D24802F0A8
:102EA00020F9D74A0121D04802F01BF90E9800887A
:102EB00000B206900146DDE90D20FFF735F80E99C6
:102EC0000880D7E2D6E2C84802F09AF810B1C648A6
:102ED00002F08CF8C2480068401E00EB0010C9499F
:102EE0000844024600210690BF4802F0FAF8C6489E
:102EF0000D9901F061FCC44801F0A0FF0146069065
:102F00000E98FEF791FF0D98052802D00D98022823
:102F10000BD10E98008800B20322014606900E984D
:102F2000FFF702F80E9908800AE00E98008800B2B8
:102F300006900146DDE90D20FEF7F6FF0E990880A8
:102F400098E2A7480068401E00EB0010AF49084413
:102F5000024600210690A44802F0C3F8A048006889
:102F6000401E00EB0010AA490844024601210690C9
:102F70009D4802F0B6F80E98008800B2069001460F
:102F8000DDE90D20FEF7D0FF0E9908800E9800882D
:102F9000262803D101219F4802F06CFA6AE2924888
:102FA00002F02EF810B1904802F020F8964801F097
:102FB00045FF014606900E98FEF7E6FF8848006838
:102FC000401E00EB0010944908440246012106907F
:102FD000854802F086F80E98008800B206900146F7
:102FE000DDE90D20FEF7A0FF0E990880864801F06C
:102FF00025FFC0B201460690834801F029FF42F246
:103000000F71814801F0A4FA7F4801F009FCBCEE81
:10301000C00A10EE100A00EB80004FF6FF7101EAC3
:103020004000024600210690774801F0EEFB1FEDBC
:10303000AC0AFDF777F9744801F09CFD1AE272487A
:1030400001F0FCFE0C90684801F0DAFF58B96648C0
:1030500001F0C2FF71490C98085C012201460690FC
:10306000614801F0D1FF684801F0E8FE00EB001074
:1030700000EB40006A49014459480068401E00EBDB
:1030800000100844024600210690574802F029F833
:103090000E2300225C480D9901F0EAFB0C98E8B37E
:1030A00001286FD1584801F0BBFBB5EEC00AF1EE24
:1030B00010FA34D20021544801F0A0FB0A2190FB01
:1030C000F1F201FB1200002106904F4801F096FB3F
:1030D0000A2190FBF1F005904B4801F0A1FBBCEEFA
:1030E000C00A10EE100A80B20A2190FBF1F201FB37
:1030F00012000490444801F093FBBCEEC00A10EEAD
:10310000100A80B20390DDE90501CDE9000145A177
:1031100007A8DDE90323EDF7C3F933E033E000212D
:10312000394801F06BFB0A2190FBF1F201FB120020
:1031300000210690344801F061FB0A2190FBF1F078
:103140000590314801F06CFBBCEEC00A10EE100A8D
:1031500080B20A2190FBF1F201FB120004902A4890
:1031600001F05EFBBCEEC00A10EE100A80B20390C4
:10317000DDE90501CDE9000131A107A8DDE903235F
:10318000EDF78EF973E000211F4801F037FB0A21AB
:1031900090FBF1F201FB1200002106901A4801F0A9
:1031A0002DFB0A2190FBF1F00590174801F038FB48
:1031B000BCEEC00A10EE100A80B20A2190FBF1F2B8
:1031C00001FB12000490104801F02AFBBCEEC00A7B
:1031D00010EE100A80B20390DDE905013EE0000028
:1031E000C001002000B70108A031002089B6010805
:1031F00025AF0108EFB60108C830002058AF01081C
:10320000ABB6010826AE0108EC330020BAB30108C2
:10321000EDB30108E096002087B3010866B7010806
:1032200020B40108253033642E25303164B0204F9E
:103230004B20253032642E25303164B00000000070
:10324000253033642E25303164B0204F4B2025309B
:1032500033642E25303164B000000000CDE9000158
:1032600087A107A8DDE90323EDF71AF900BF00BF26
:1032700000208DF82C0007AA0121884801F031FFB9
:10328000874801F0FDFB0C9800EB4000854901EBFD
:10329000C00080ED000A0021814801F0AFFA00EE85
:1032A000100AB8EEC00AF2EE040A80EE201A0C985A
:1032B00000EB40007B4901EBC00080ED021A0E9844
:1032C000008800B206900146DDE90D20FEF72CFED5
:1032D0000E990880CEE0724801F0B0FD00EB0010BE
:1032E00000EB40007049014470480068401E00EB4C
:1032F00000100844024600210690684801F0F1FEE3
:103300000E23012266480D9901F0B2FA644801F0DB
:1033100095FD0C900C98B0B3012869D1012160484B
:1033200001F06CFA0A2190FBF1F201FB120001217D
:1033300006905B4801F062FA0A2190FBF1F00590DB
:10334000574801F06DFABCEEC00A10EE100A80B2C8
:103350000A2190FBF1F201FB12000490504801F0A9
:103360005FFABCEEC00A10EE100A80B20390DDE9ED
:103370000501CDE90001AFF2381107A8DDE903230B
:10338000EDF78EF834E0FFE70121454801F036FA09
:103390000A2190FBF1F201FB120001210690404846
:1033A00001F02CFA0A2190FBF1F005903C4801F065
:1033B00037FABCEEC00A10EE100A80B20A2190FB68
:1033C000F1F201FB12000490354801F029FABCEE3D
:1033D000C00A10EE100A80B20390DDE90501CDE9C4
:1033E000000127A107A8DDE90323EDF759F800BF85
:1033F00000BF00208DF82C0007AA0121274801F00A
:1034000070FE274801F03CFB0C9800EB400025497A
:1034100001EBC00080ED010A0121214801F0EEF925
:1034200000EE100AB8EEC00AF2EE040A80EE201A8E
:103430000C9800EB40011B4800EBC10080ED031A23
:103440000E98008800B206900146DDE90D20FEF7D7
:103450006BFD0E9908800E980088262809D10C98DB
:10346000C0B2014606900F4801F090FF0D4801F0F0
:10347000CDFF00BF00BF0E9800880FB000BD000058
:10348000253033642E253031644B204F4B202530BE
:1034900033642E253031644B00000000A031002041
:1034A000EC330020E096002086B40108C001002023
:1034B00010B504460120208004210B4801F034FBA4
:1034C00005210A4801F030FB0621094801F02CFBD8
:1034D0000721084801F028FB0821074801F024FBD8
:1034E0000020207210BD0000EC330020B447002003
:1034F0007C5B0020446F00200C83002070B50546E3
:103500000C462CB100206B4908600846006870BD6D
:1035100068480068052876D2DFE800F003294F7676
:103520009C00654801F08FFC00B9BAE04FF4FA71D5
:103530006248FEF767FB604801F09CFB58B16048A9
:103540000068401E00EB00105E49421801215E48F1
:1035500001F0C7FD0AE05A480068401E00EB001069
:103560005A4942180121584801F0BBFD99E05848DA
:1035700001F069FC00B994E04FF4FA714F48FEF78E
:1035800041FB534801F076FB58B14D480068401E9E
:1035900000EB00104F49421801214B4801F0A1FDFA
:1035A0000AE047480068401E00EB00104A494218F4
:1035B0000121454801F095FD73E0484801F043FCC6
:1035C00000B96EE04FF4FA713C48FEF71BFB43482C
:1035D00001F050FB58B13A480068401E00EB001063
:1035E0003F4942180121384801F07BFD0AE0344888
:1035F0000068401E00EB00103A4942180121324891
:1036000001F06FFD4DE04BE0374801F01CFC00B9C4
:1036100047E04FF4FA712948FEF7F4FA324801F016
:1036200029FB58B126480068401E00EB00102F49C6
:1036300042180121244801F054FD0AE020480068A6
:10364000401E00EB00102A49421801211E4801F0DB
:1036500048FD26E0274801F0F6FB00B921E04FF4D1
:10366000FA711648FEF7CEFA224801F003FB58B172
:1036700013480068401E00EB00101F49421801214A
:10368000114801F02EFD0AE00D480068401E00EBD5
:1036900000101A49421801210B4801F022FD00E0F8
:1036A00000BF00BF03480068401C0249086008468C
:1036B00000682CE74C020020EC330020C8300020CA
:1036C000C001002056B10108A031002055B2010808
:1036D000B447002089B1010888B201087C5B002052
:1036E000BCB10108BBB20108446F0020EFB1010872
:1036F000EEB201080C83002022B2010821B30108B8
:1037000070B586B006460C461546012D05D12246F9
:1037100008A101A8ECF7C4FE04E022460AA101A812
:10372000ECF7BEFE01AA01210C4801F0DAFC06B05C
:1037300070BD0000202020202025303475206D73BE
:1037400020204F4B00000000202020202025303476
:103750007520732020204F4B00000000A031002076
:103760000146887800228A70704701210170017932
:10377000491CC9B20171022903DB012141700021FA
:1037800001714179491CC9B24171142903DB01213E
:103790008170002141718179491CC9B28171C829A8
:1037A00003DB0121C17000218171704710B504460F
:1037B00000206071A071207120706070A070E070B6
:1037C0000448FEF781FA044B052201210148FEF767
:1037D00001FB10BDC830002059B300080146C8786D
:1037E0000022CA7070470146087800220A707047AC
:1037F0000146487800224A7070470000F0B52DED70
:10380000028BBFB007460D460024C82103A8EDF780
:10381000BDF8681E624931F8100038B9681E31F8E9
:103820001000401C82B2681E21F81020042D08D11F
:10383000681E5B4931F810205AA13AA8ECF730FE17
:103840000FE0062D08D1681E554931F8102059A106
:103850003AA8ECF725FE04E000203FB0BDEC028B57
:10386000F0BD002418E0574800EB840090ED000AFA
:1038700010EE101A084606F003F841EC180B8DED17
:10388000008B621C50A135A8ECF70AFE35A903A8ED
:10389000ECF7CFFF601C84B20A2CE4DB002408E0C4
:1038A00003A8005D2E2802D12C2003A90855601C16
:1038B00084B203A8ECF79EFFA042F1D83AA8F7F72C
:1038C00053FB3AA8F5F726F903A93AA8F7F70EFC37
:1038D00006460EB10020C0E7C82103A8EDF756F850
:1038E000042D08D1681E2E4931F8102038A13AA8BD
:1038F000ECF7D6FD0CE0062D08D1681E284931F8FA
:10390000102037A13AA8ECF7CBFD01E00020A4E796
:10391000002419E02B482C3800EB840090ED000ABD
:1039200010EE101A084605F0ABFF41EC180B8DEDB8
:10393000008B621C24A135A8ECF7B2FD35A903A8C1
:10394000ECF777FF601C84B20A2CE3DB002408E06C
:1039500003A8005D2E2802D12C2003A90855601C65
:1039600084B203A8ECF746FFA042F1D83AA8F7F7D3
:10397000FBFA3AA8F5F7CEF803A93AA8F7F7B6FB91
:1039800006460EB1002068E7681E054931F81000B0
:10399000401C82B2681E21F8102001205DE7000063
:1039A000DC31002046342D745F253035752E4353AD
:1039B0005600000046362D745F253035752E435372
:1039C000560000005433002025643B25660A0000A1
:1039D00046342D665F253035752E43535600000062
:1039E00046362D665F253035752E43535600000050
:1039F000F0B52DED028BD7B007460D4600244FF4ED
:103A0000967102A8ECF7C2FF681E744931F81000E5
:103A100038B9681E31F81000401C82B2681E21F8C7
:103A20001020072D08D1681E6C4931F810206CA1B8
:103A300052A8ECF735FD0FE0082D08D1681E674944
:103A400031F810206BA152A8ECF72AFD04E0002009
:103A500057B0BDEC028BF0BD002418E06A4800EBC3
:103A6000840090ED000A10EE101A084605F008FFD9
:103A700041EC180B8DED008B621C64A14DA8ECF796
:103A80000FFD4DA902A8ECF7D4FE601C84B20A2CED
:103A9000E4DB082D1ED100241AE05B482C3000EB3B
:103AA000840090ED000A10EE101A084605F0E8FEBA
:103AB00041EC180B8DED008B04F10B0253A14DA8C6
:103AC000ECF7EEFC4DA902A8ECF7B3FE601C84B243
:103AD0000B2CE2DB002408E002A8005D2E2802D1B6
:103AE0002C2002A90855601C84B202A8ECF782FEC3
:103AF000A042F1D852A8F7F737FA52A8F5F70AF81A
:103B000002A952A8F7F7F2FA06460EB100209FE785
:103B10004FF4967102A8ECF739FF072D08D1681E03
:103B20002E4931F810203BA152A8ECF7B9FC0CE06B
:103B3000082D08D1681E294931F810203AA152A851
:103B4000ECF7AEFC01E0002082E7002419E02E48EB
:103B5000583000EB840090ED000A10EE101A084671
:103B600005F08EFE41EC180B8DED008B621C27A139
:103B70004DA8ECF795FC4DA902A8ECF75AFE601C85
:103B800084B20A2CE3DB002408E002A8005D2E28A2
:103B900002D12C2002A90855601C84B202A8ECF7BF
:103BA00029FEA042F1D852A8F7F7DEF952A8F4F79F
:103BB000B1FF02A952A8F7F799FA06460EB1002004
:103BC00046E7681E054931F81000401C82B2691EA4
:103BD000024820F8112001203AE70000DC310020E3
:103BE00046372D742D53305F253035752E4353568F
:103BF0000000000046382D742D53305F2530357598
:103C00002E435356000000005433002025643B250A
:103C1000660A000046372D742D53315F2530357507
:103C20002E4353560000000046382D745F53315F19
:103C3000253035752E43535600000000F0B52DEDAC
:103C4000028BBFB007460C460025C82103A8ECF73D
:103C50009DFE601E364931F8100038B9601E31F8FB
:103C60001000401C82B2601E21F81020032C08D1E5
:103C7000601E2F4931F810202EA13AA8ECF710FC55
:103C80000FE00A2C08D1601E294931F810202DA11F
:103C90003AA8ECF705FC04E000203FB0BDEC028B35
:103CA000F0BD002518E02B4800EB850090ED000AE0
:103CB00010EE101A084605F0E3FD41EC180B8DEDEF
:103CC000008B6A1C24A135A8ECF7EAFB35A903A8F0
:103CD000ECF7AFFD681C85B20A2DE4DB002508E097
:103CE00003A8405D2E2802D12C2003A94855681C4A
:103CF00085B203A8ECF77EFDA842F1D83AA8F7F701
:103D000033F93AA8F4F706FF03A93AA8F7F7EEF952
:103D100006460EB10020C0E7601E054931F81000CC
:103D2000401C82B2601E21F810200120B5E700007F
:103D3000DC31002046332D745F253035752E43531A
:103D4000560000004631302D745F253035752E4306
:103D5000535600005433002025643B25660A0000BA
:103D60002DE9F0412DED028BBCB080460E46174682
:103D70000024C8216846ECF709FED448808A20B99F
:103D8000D248808A401CD1498882D048828AD0A1FA
:103D900037A8ECF785FB022E14D1CC4890ED630ACE
:103DA00010EE101A084605F06BFD41EC180B53ECB1
:103DB000182BCBA132A8ECF773FB32A96846ECF7BD
:103DC00038FD8BE0C14890ED630A10EE101A0846EA
:103DD00005F056FD41EC180B53EC182BC0A132A88E
:103DE000ECF75EFB32A96846ECF723FDB74890ED8F
:103DF000640A10EE101A084605F042FD41EC180B5B
:103E000053EC182BB8A132A8ECF74AFB32A968464C
:103E1000ECF70FFDAD4890ED650A10EE101A08465C
:103E200005F02EFD41EC180B53EC182BB0A132A875
:103E3000ECF736FB32A96846ECF7FBFCA34890EDA3
:103E4000660A10EE101A084605F01AFD41EC180B30
:103E500053EC182BA8A132A8ECF722FB32A9684634
:103E6000ECF7E7FC994890ED670A10EE101A084647
:103E700005F006FD41EC180B53EC182BA0A132A85D
:103E8000ECF70EFB32A96846ECF7D3FC8F4890EDB7
:103E9000680A10EE101A084605F0F2FC41EC180B07
:103EA00053EC182B98A132A8ECF7FAFA32A968461D
:103EB000ECF7BFFC854890ED690A10EE101A084631
:103EC00005F0DEFC41EC180B53EC182B90A132A846
:103ED000ECF7E6FA32A96846ECF7ABFC002408E000
:103EE0001DF804002E2802D12C200DF80400601CBF
:103EF00084B26846ECF77EFCA042F1D837A8F7F709
:103F000033F837A8F4F706FE694637A8F7F7EEF856
:103F100005462DB100203CB0BDEC028BBDE8F08120
:103F20006A48828A7CA137A8ECF7BAFA37A8F7F773
:103F30001BF8002F7DD0C8216846ECF727FD022E24
:103F400014D1624890ED4D0A10EE101A084605F0A3
:103F500097FC41EC180B53EC182B61A132A8ECF73D
:103F60009FFA32A96846ECF764FC8DE0574890ED63
:103F70004D0A10EE101A084605F082FC41EC180BB1
:103F800053EC182B56A132A8ECF78AFA32A96846EE
:103F9000ECF74FFC4D4890ED4E0A10EE101A084613
:103FA00005F06EFC41EC180B53EC182B4EA132A817
:103FB000ECF776FA32A96846ECF73BFC434890ED03
:103FC0004F0A10EE101A084605F05AFC41EC180B87
:103FD00053EC182B46A132A8ECF762FA32A96846D6
:103FE000ECF727FC394890ED500A10EE101A0846FD
:103FF00005F046FC41EC180B53EC182B3EA132A8FF
:10400000ECF74EFA32A96846ECF713FC2F4890ED16
:10401000510A10EE101A084605F032FC41EC180B5C
:1040200053EC182B36A132A8ECF73AFA32A96846BD
:1040300000E041E0ECF7FDFB244890ED520A10EE61
:10404000101A084605F01CFC41EC180B53EC182B19
:104050002DA132A8ECF724FA32A96846ECF7E9FB67
:104060001A4890ED530A10EE101A084605F008FCA5
:1040700041EC180B53EC182B25A132A8ECF710FAE1
:1040800032A96846ECF7D5FB002408E01DF80400CF
:104090002E2802D12C200DF80400601C84B2684642
:1040A000ECF7A8FBA042F1D837A8F4F733FD694636
:1040B00037A8F7F71BF805460DB100202BE703489A
:1040C000808A401C01498882012024E7C8310020F1
:1040D00046312D745F253035752E43535600000050
:1040E000302C313B25660A00302C323B25660A0015
:1040F000302C333B25660A00302C343B25660A0001
:10410000312C323B25660A00322C333B25660A00EF
:10411000332C343B25660A0046312D566D5F253021
:1041200035752E43535600002DE9F0412DED068BD9
:10413000C6B080460F4614460025C82105A8ECF7F6
:1041400025FC601E9E4931F8100038B9601E31F818
:104150001000401C82B2601E21F81020002F4CD1AC
:10416000022C08D1601E964931F8102095A141A873
:10417000ECF796F910E0052C08D1601E904931F853
:10418000102094A141A8ECF78BF905E0002046B07F
:10419000BDEC068BBDE8F0818948143890ED630AC8
:1041A00010EE101A084605F06BFB41EC180B53ECAF
:1041B000182B8CA137A8ECF773F937A905A8ECF7F1
:1041C00038FB002508E005A8405D2E2802D12C20F0
:1041D00005A94855681C85B205A8ECF70BFBA84259
:1041E000F1D841A8F6F7C0FE41A8F4F793FC05A961
:1041F00041A8F6F77BFF0646D3E0022C08D1601EEB
:104200006F4931F8102078A141A8ECF749F91FE077
:10421000052C08D1601E6A4931F8102077A141A809
:10422000ECF73EF914E0092C08D1601E644931F81E
:10423000102077A141A8ECF733F909E00C2C07D145
:10424000601E5F4931F8102076A141A8ECF728F9EB
:1042500041A8F6F789FEC82105A8ECF797FB022CC8
:1042600001D0092C22D15648143890ED4D0A10EE99
:10427000101A084605F004FB41EC180B504814389E
:1042800090ED630A10EE101A084605F0F9FA41ECB9
:10429000190B8DED008B53EC192B68A137A8ECF7A7
:1042A000FFF837A905A8ECF7C4FA62E0052C2FD176
:1042B0004348143890ED870A10EE101A084605F0AE
:1042C000DFFA41EC180B3E48143890ED4D0A10EE21
:1042D000101A084605F0D4FA41EC190B3848143886
:1042E00090ED630A10EE101A084605F0C9FA41EC89
:1042F0001A0B8DED028B8DED009B53EC1A2B51A107
:1043000037A8ECF7CDF837A905A8ECF792FA30E01A
:104310000C2C2ED12A48143890ED840A10EE101A75
:10432000084605F0ADFA41EC180B2548143890ED1D
:104330004D0A10EE101A084605F0A2FA41EC190BCE
:104340001F48143890ED630A10EE101A084605F065
:1043500097FA41EC1A0B8DED028B8DED009B53EC1F
:104360001A2B38A137A8ECF79BF837A905A8ECF76A
:1043700060FA002508E005A8405D2E2802D12C2017
:1043800005A94855681C85B205A8ECF733FAA84280
:10439000F1D841A8F4F7BEFB05A941A8F6F7A6FE9F
:1043A00006460EB10020F2E6601E054931F8100005
:1043B000401C82B2601E21F810200120E7E60000B8
:1043C000DC31002046322D745F253035752E435385
:1043D0005600000046352D745F253035752E435349
:1043E0005600000025660A0046322D742D566D5F7A
:1043F000253035752E4353560000000046352D7488
:104400002D565F615F253035752E435356000000F1
:1044100046392D742D566D5F253035752E43535614
:10442000000000004631322D742D566D5F45635FEC
:10443000253035752E4353560000000025663B2578
:10444000660A000025663B25663B25660A000000DB
:104450007CB504460D4641F29C30005BE189884200
:1044600000DB7CBD41F29C30025B005B401C83B2F0
:1044700041F29C30035304F1120020F81250E189FC
:1044800041F29C30005B401ECDE9000141F29C30BE
:10449000005B401E04F1120232F8103041F29A30F3
:1044A000005D011F2A4609A0EBF7EEFF4FF49D5077
:1044B0000553001F005B40F6C411884203DB002156
:1044C00041F29C30015300BFCBE7000056616C6F96
:1044D0007220416425752020206C656974757261B5
:1044E0003D257520202053616C766F3D2025752079
:1044F00020696E64657820257520206E756D4D618C
:10450000782025750A00000001EE101AB8EE411A55
:10451000DFED0E1A21EE211AF0EE410A41F2A83227
:10452000024492ED041A30EEC11A41F2A83202445C
:10453000D2ED051A81EE212A41F2A832024492ED11
:10454000021A32EE011AB0EE410A70476740533A40
:10455000418070477CB504460E461546A01C30F8D5
:1045600015004FF47A7190FBF1F000B2ADF806003F
:10457000A01C30F8150090FBF1F201FB120000B214
:10458000ADF80400BDF90400642190FBF1F201FBD9
:104590001200ADF80200BDF902000A2190FBF1F211
:1045A00001FB1200ADF80000BDF90400642190FB8E
:1045B000F1F000B2ADF80400BDF902000A2190FB51
:1045C000F1F000B2ADF80200022E1AD0052E04D090
:1045D000092E2AD00C2E54D13DE0607C401E40B202
:1045E000607494F91100002801DA0320607494F9D2
:1045F0001100C0F10800C1B20122474800F004FDDB
:1046000040E0607C401C40B2607494F911000328C3
:1046100001DD0020607494F91100C0F10800C1B2FE
:1046200001223D4800F0F0FC2CE094F911003DF827
:104630001000401E00B294F911102DF8110094F9E9
:1046400011003DF91000002804DA092094F9111036
:104650002DF8110016E094F911003DF81000401CEF
:1046600000B294F911102DF8110094F911003DF9E0
:104670001000092804DD002094F911102DF8110014
:1046800000E000BF00BFBDF806004FF47A7110FBD8
:1046900001F0BDF8041001EBC10202EB011100EBC7
:1046A0008100BDF8021001EB810100EB4100BDF873
:1046B0000010084481B2A01C20F81510012D19D15A
:1046C00030F81510801D30F81500814206DA04F12B
:1046D000080030F81510A01C20F81510A01C30F8A8
:1046E000150040F6C41148434FF47A7190FBF1F085
:1046F00020810FE075B9A01C30F81510801D30F82E
:104700001500814206DD04F1080030F81510A01CE8
:1047100020F815107CBD0000A031002070B52DEDF3
:10472000028B82B004460D469FED1D0A10EE106A02
:1047300094F9000020B1012817D002282BD129E0DC
:104740004FF49D50015B204600F076F910EE106AA0
:10475000304605F095F841EC180B8DED008B11A259
:104760000B21E81CEBF7B0FE15E04FF49D50015B08
:104770002046FFF7C9FE10EE106A304605F080F8BB
:1047800041EC180B8DED008B09A20B21E81CEBF717
:104790009BFE00E000BF00BF02B0BDEC028B70BD0D
:1047A0000000000025322E32666B506100000000D0
:1047B00025322E3166B06300012341F29E3213543C
:1047C000092902D00C2916D10AE00278521E52B2F1
:1047D000027090F90020002A01DA012202700BE039
:1047E0000278521C52B2027090F90020022A01DBBA
:1047F0000022027000E000BF00BF7047024641F295
:10480000A230104430F91100704710B513B241F2D4
:10481000A234044424F8113010BD81807047000098
:1048200000B503469FED110AF0EE402A93F900000F
:1048300020B101280BD0022813D111E04FF49D5074
:10484000C15A184600F0F8F8F0EE402A09E04FF49B
:104850009D50C15A1846FFF757FEF0EE402A00E07F
:1048600000BF00BFB0EE620A00BD00000000000003
:104870002DE9F0410446884615461F4641F2A23014
:10488000204430F9156094F91100032809DD022055
:104890006074607C381A401EC1B20122654800F085
:1048A000B3FBB8F1020F26D0B8F1050F06D0B8F16E
:1048B000090F3DD0B8F10C0F71D154E0607C401E5F
:1048C00040B2607494F91100002801DA032060748A
:1048D000607C38B9607C381AC1B20122554800F0BA
:1048E00093FB07E0607C381A401EC1B20122514898
:1048F00000F08AFB54E0607C401C40B2607494F984
:104900001100032801DD00206074607C38B9607CF0
:10491000381AC1B20122474800F076FB07E0607CFC
:10492000381A401EC1B20122424800F06DFB37E048
:1049300094F9110030B1012807D0022809D00328CA
:104940000FD10AE0701E06B20BE0A6F10A0006B213
:1049500007E0A6F1640006B203E0A6F57A7006B29D
:1049600000BF00BF1CE094F9110030B1012807D04E
:10497000022809D003280FD10AE0701C06B20BE010
:1049800006F10A0006B207E006F1640006B203E091
:1049900006F57A7006B200BF00BF01E0FFE700BF76
:1049A00000BF41F2A230204420F815602078012891
:1049B0001ED141F2A230204430F9150040F2DC5102
:1049C000884206DD084641F2A231214421F8150053
:1049D0000EE041F2A230204430F9150010F5FA7FC4
:1049E00006DA4FF60C6041F2A231214421F815009D
:1049F0002078E0B941F2A230204430F9150040F6A9
:104A0000C411884206DD084641F2A231214421F852
:104A100015000CE041F2A230204430F915000028C6
:104A200005DA002041F2A231214421F81500BDE849
:104A3000F0810000A031002001EE101AB8EE411AFA
:104A4000DFED0E1A21EE211AF0EE410A41F2A832F2
:104A5000024492ED041A30EEC11A41F2A832024427
:104A6000D2ED051A81EE212A41F2A832024492EDDC
:104A7000021A32EE011AB0EE410A70476740533A0B
:104A80004FF49D51095A00EE101AB8EE400ADFEDBE
:104A9000020A20EE200A70476740533A10B52DED08
:104AA000028B0446207C30B1012805D0022823D097
:104AB000032830D12EE02EE0608810B90020207449
:104AC00029E06088401CE08002202074A08800EE6D
:104AD000100AB8EE400A9FED121AC1EE000A608873
:104AE00000EE100AB8EE400A20EE808ABCEEC80A3A
:104AF00010EE100AE0810EE0E088401E81B2E180F5
:104B000039B90320207441F29A30015D0548FDF760
:104B100049F900E000BF00BFBDEC028B10BD0000F2
:104B200000007A44C830002070B504460D4641F2BA
:104B30009A3005550021001D0155642161810A202C
:104B400020816189A180208960800021E18002208C
:104B5000607494F9000000EB4000054A02EBC001CC
:104B6000182241F2A8302044EBF7B4FE70BD0000DB
:104B7000E096002010B5044641F29E30005D00B979
:104B800010BD94F9000000EB4000264A02EBC00182
:104B9000182241F2A8302044EBF79CFE012020743B
:104BA00041F29A30005D001F052831D2DFE800F0A5
:104BB000030C151E2700A28841F29A30015D1A4BA2
:104BC0001A48FDF707F923E0A28841F29A30015D07
:104BD000174B1648FDF7FEF81AE0A28841F29A300A
:104BE000015D144B1148FDF7F5F811E0A28841F280
:104BF0009A30015D104B0D48FDF7ECF808E0A288F3
:104C000041F29A30015D0D4B0848FDF7E3F800BF13
:104C100000BF002141F29C3001532046FFF73EFFC8
:104C200000BFADE7E0960020DD060108C830002097
:104C3000F50601080D070108250701083D070108D1
:104C400010B50446002141F29E300155001F015D60
:104C50000148FDF7A7F810BDC83000200246901C9F
:104C600030F8110070470146C88808B1012070472C
:104C70000020FCE72DE9F0472DED028BADF5A25D9C
:104C800004464FF000089FED600A10EE109A0026CF
:104C90004FF49E50005B38B94FF49E50005B401CAF
:104CA00081B24FF49E50015341F2883110A8EBF7C6
:104CB0006DFE4FF49E50035B41F29A30005D021F7F
:104CC00052A141F22C406844EBF7EAFB41F22C4040
:104CD0006844F6F749F941F29E30005D30B9002092
:104CE0000DF5A25DBDEC028BBDE8F08741F22C40D2
:104CF0006844F3F70FFF00256BE094F9000020B142
:104D000001281AD0022831D12FE004F1120030F826
:104D100015102046FFF790FE10EE109A484604F05A
:104D2000AFFD41EC180B8DED008B2A463CA141F202
:104D3000C8306844EBF7B4FB18E004F1120030F817
:104D400015102046FFF7E0FB10EE109A484604F0DD
:104D500097FD41EC180B8DED008B2A4634A141F2F2
:104D6000C8306844EBF79CFB00E000BF00BF41F295
:104D7000C8306844EBF73EFD1FFA80F806EB0800E8
:104D800041F28831884209DA06EB080086B241F226
:104D9000C831694410A8EBF74CFD18E010A941F2A6
:104DA0002C406844F6F7A2F907460FB1002097E7B8
:104DB000002641F2883110A8EBF7E8FD06EB080069
:104DC00086B241F2C831694410A8EBF732FD681C85
:104DD00085B241F29C30005BA8428EDC36B110A94E
:104DE00041F22C406844F6F781F907460FB10020E4
:104DF00076E74FF49E50005B401C81B24FF49E500A
:104E0000015301206CE70000000000004461646F62
:104E100073414425755F253035752E435356000088
:104E200025753B252E32663B6B50610A0000000061
:104E300025753B252E32663BB0630A00014691F989
:104E4000000080B27047014641F29E30405C7047DE
:104E50004AB20270012341F29E321354142242746A
:104E60007047000010B504460748FFF717FE0748D3
:104E7000FFF714FE0648FFF711FE0648FFF70EFE87
:104E80000548FFF70BFE10BDEC330020B4470020AF
:104E90007C5B0020446F00200C83002010B504468A
:104EA000014801F04DF810BD9401002010B50446F2
:104EB00004221549154800F0FFF9F8B914480068B4
:104EC000401C134908600A2801D9012000E0002095
:104ED000217809B9012100E00021084090B10023A8
:104EE00008220949094800F0F0F900BF04220649E8
:104EF000064800F0E1F90028F8D003E0002004495A
:104F00000860207010BD000000000240700000200A
:104F10002400002010B50446044801F0B7F8044806
:104F200000F0E8FA034800F0FAF810BD9401002000
:104F300050020020A031002004461DE0F0F744FCA0
:104F40000E48FEF750FC10B12046FFF7A7FF0B48B4
:104F5000FEF74EFC10B12046FFF7A8FF0748FEF70A
:104F6000FFFB10B12046FFF7D5FF0448FEF736FCE3
:104F700010B12046FFF776FFE0E70000B201002005
:104F800010B504460D4800F063F90D48FEF70EFC1D
:104F90000C4801F00DF90C4800F07AF80B4800F0CD
:104FA00081FB012020700A4800F0BCFB094800F09A
:104FB00041FA0021074800F05DFA10BD70000020A2
:104FC000B201002094010020A031002050020020F6
:104FD000B1010020E096002010B5044601210D200B
:104FE000F6F7DEFC012084F8250010BD10B504465C
:104FF00001210D20F6F7D4FC002084F8250010BD17
:10500000014691F82500704770B504460D461646D6
:1050100031462846FBF73AFB84F8240094F8240034
:105020000121F6F7BDFC70BD2DE9F04104460D46A7
:105030002846EBF7DFFBC7B294F823003844C6B22A
:10504000102E00DD102694F823000EE015F8011B49
:1050500094F8222002EB0212224414F8233FD15488
:105060002178491C04F82319401CB042EEDB0020D3
:1050700094F8221001EB01112144087494F82500E2
:1050800020B194F824000121F6F78AFCBDE8F081F4
:1050900010B50446FCF710FD05A20021204600F0E3
:1050A00020F808A20121204600F01BF810BD0000E6
:1050B0004D554C544943524F4E4F4D4554524F203D
:1050C0000000000020202056455253C34F20312EAF
:1050D000302020200000000080F8231080F82220DB
:1050E000704770B504460D46164605EB05110819C4
:1050F00020221121EBF720FC002008E0315C01B9EF
:1051000007E0315C05EB051222441154401C1028C5
:10511000F4DB002005EB05112144087470BD10B5C7
:105120000446224600210846FBF760FC04F1110208
:1051300001210020FBF75AFC94F8250020B194F8D7
:1051400024000121F6F72CFC10BD00001EB504461A
:105150000020012100910B460822CDE901101049E1
:10516000204600F0BAF800200090019001230422AC
:105170000C490290204600F0B0F800200122CDE951
:1051800000201346082207490290204600F0A5F8A7
:10519000012308220349204600F097F81EBD0000B5
:1051A00000040240000002400246B1F5807F3BD07F
:1051B00012DC102930D008DC012925D0022925D0A5
:1051C000042925D008293FD124E0202926D04029D0
:1051D00026D0802938D125E0B1F5805F2CD009DCBC
:1051E000B1F5007F22D0B1F5806F21D0B1F5006F0D
:1051F0002AD11FE0B1F5005F20D0B1F5804F1FD05C
:10520000B1F5004F20D11DE000201FE001201DE07E
:1052100002201BE0032019E0042017E0052015E020
:10522000062013E0072011E008200FE009200DE020
:105230000A200BE00B2009E00C2007E00D2005E020
:105240000E2003E00F2001E0002000BF00BF7047E8
:1052500018B5044600BF002000901648006840F0D2
:105260000100144908600846006800F00100009041
:1052700000BF00BF002000900846006840F0020018
:1052800008600846006800F00200009000BF00BF00
:10529000002000900846006840F0040008600846BE
:1052A000006800F00400009000BF2046FFF74EFFAA
:1052B00018BD00003038024010B503460C69144098
:1052C0000CB1012000E0002010BD10B5012B01D170
:1052D0008A6101E014048C6110BD2DE9F047074696
:1052E0000C4615461E46DDE9099ADDF820800023AC
:1052F00029463846FFF758FF0346E0685A00032165
:1053000091408843E060E068590006FA01F10843E3
:10531000E06020685A0003219140884320602068A3
:10532000590008FA01F108432060606801219940A2
:1053300088436060606809FA03F108436060A06810
:105340005A00032191408843A060A06859000AFADE
:1053500001F10843A060BDE8F087000030B50446C5
:1053600013464FF0FF3208E011F8010B5040C0B275
:10537000054D55F8200080EA1222181EA3F1010302
:10538000F2D1D04330BD0000ACB7010801EB4102BF
:1053900000EBC20292ED000A01EB410200EBC202F7
:1053A00082ED040A01EB410200EBC20292ED010A18
:1053B00001EB410200EBC202D2ED000A30EE600ABE
:1053C00001EB410200EBC202D2ED030A01EB410204
:1053D00000EBC20292ED021A70EEC10A80EE201AB2
:1053E00001EB410200EBC20282ED051A704700009A
:1053F00070B5044604F13000051B2A4621460248D8
:10540000FFF7ACFF206370BD5402002070B5044666
:105410002046FFF7EDFF04F13000051BA81C83B206
:1054200022460249024800F047F970BD00C000085A
:10543000B101002070B50446034D342229462046B0
:10544000EBF748FA70BD000000C0000870B50446D4
:1054500004F13000051B2A4621460548FFF77EFF70
:10546000216B884201D1012070BD0020FCE70000C3
:105470005402002070B504460D462046FFF7E6FFB3
:1054800000B155B39FED150A84ED060A9FED140A8D
:1054900084ED070A9FED130A84ED090AB1EE000AB4
:1054A00084ED080A01212046FFF770FF9FED0E0AE8
:1054B00084ED000A9FED0D0A84ED010A9FED0C0AB0
:1054C00084ED030A9FED070A84ED020A00212046BD
:1054D000FFF75CFF2046FFF799FF70BD2779923EEA
:1054E000C061023F00004C42176B313ED43E6D3F1D
:1054F0009A19704310B50446207808280BD2DFE8CB
:1055000000F0040B1526306D65B3F6F791FA002014
:10551000608001202070A8E06188481C6080042918
:1055200003DD02202070FCF71FF99EE0504800F0D8
:1055300087FE5049087008460078FAF761FD28B1E7
:10554000F6F788FA03202070002060808DE06188E3
:10555000481C6080042903DD04202070F0F716F950
:1055600083E0434800F06CFE4249087042480068FE
:10557000401E00EB00104149421800214048FFF74F
:10558000B0FD404A01213E48FFF7ABFD39480078A5
:10559000012807D106202070EFF7E6FF3A48FDF713
:1055A00087FF12E03348007806280ED105202070CE
:1055B0003648ECF7E5FEF0F76BF803202D4908704C
:1055C0003348B0F90000F3F795FB4EE02E48FCF7A6
:1055D0007FFD252801D10420207046E0244800F0FA
:1055E0002FFE2449087008460078082817D10020AB
:1055F0002849086028490860284908602849086047
:1056000023490880FCF7CAFA04202070FAF740FE0C
:105610001B48FFF7F5FC10B11948FFF7E7FC1D48E0
:10562000006828B91A48B0F90000F3F763FB12E0EC
:1056300018480068012805D11548B0F90000F4F7B2
:1056400071F908E013480068022804D11048B0F945
:105650000000F4F713FD0E48008808B9FCF79EFA25
:105660000D200449087000E000BF00BF10BD00001D
:105670009401002028020020C001002079B7010811
:10568000A031002068B70108D496002078030020DC
:1056900024020020CC010020380200200C0200204F
:1056A0002002002010B504460248FDF701FF00204B
:1056B000207010BDD49600202DE9F84380460D4699
:1056C00016461F460024EDF773FB002014490860BE
:1056D00001204860032088600120C8600220086122
:1056E00069460F48EDF7B2FA18B1EDF705FBBDE8D2
:1056F000F8830EE056F824C06246002329460220B3
:10570000EDF70AFB10B92D1D641C02E0EDF7F4FA69
:10571000EDE7BC42EEDBEDF7F5FA0020E7E700002D
:105720008C31002010B50446022303A2054920460F
:10573000FFF7C2FF10BD000074657374652031323D
:105740000000000000C0000800B50346294890EDA5
:105750000B0AF8EE400A9FED281A80EE810AD0ED80
:10576000160AF8EE600A9FED241A00EE810ADFEDBA
:10577000230A80EE201A80ED631A042100F0F6FA65
:1057800000EE100AF8EE400A9FED1C1A80EE810A26
:105790001848D0ED630A80EE201A80ED4D1A90ED86
:1057A0004D0AD0ED630A80EE201A80ED871A90ED45
:1057B000870AF0EE000A20EE200A80ED870A90EDBD
:1057C000880AB8EEC00AD0ED4D0A20EE200AD0EDCE
:1057D0004D0A20EE200AF0EE000A80EE201A80ED3D
:1057E000841A90ED840ADFED050A80EE201A80ED20
:1057F000841A00BDC83100200000C84200007A446D
:105800007CB504460E46154634F815004FF47A71FF
:1058100090FBF1F000B2ADF8060034F8150090FBF3
:10582000F1F201FB120000B2ADF80400BDF9040072
:10583000642190FBF1F201FB1200ADF80200BDF90A
:1058400002000A2190FBF1F201FB1200ADF800000A
:10585000BDF90400642190FBF1F000B2ADF8040042
:10586000BDF902000A2190FBF1F000B2ADF8020090
:10587000022E29D0052E04D0092E48D00C2E73D12B
:105880005BE0607B401E40B2607394F90D0000281D
:1058900001DA03206073607B03280BD1052D09D149
:1058A00094F90D00C0F10600C1B201223C48FFF797
:1058B000ABFB08E094F90D00C0F10700C1B2012272
:1058C0003748FFF7A1FB50E0607B401C40B260739B
:1058D00094F90D00032801DD00206073607B03282C
:1058E0000BD1052D09D194F90D00C0F10600C1B20C
:1058F00001222B48FFF788FB08E094F90D00C0F166
:105900000700C1B201222648FFF77EFB2DE094F983
:105910000D003DF81000401E00B294F90D102DF856
:10592000110094F90D003DF91000002804DA092057
:1059300094F90D102DF8110017E094F90D003DF8C1
:105940001000401C00B294F90D102DF8110094F9CC
:105950000D003DF91000092804DD002094F90D1018
:105960002DF8110001E0FFE700BF00BFBDF8060001
:105970004FF47A7110FB01F0BDF8041001EBC10285
:1059800002EB011100EB8100BDF8021001EB810177
:1059900000EB4100BDF80010084424F815007CBD60
:1059A000A03100200146087B7047000038B504464E
:1059B0000D46207B0A2190FBF1F201FB1200ADF8AD
:1059C0000000207B90FBF1F000B2ADF8020094F9EA
:1059D0000D00012801DD00206073022D1AD0052D75
:1059E00004D0092D2AD00C2D54D13DE0607B401EFF
:1059F00040B2607394F90D00002801DA0120607351
:105A000094F90D00C0F10700C1B201222C48FFF744
:105A1000FBFA40E0607B401C40B2607394F90D00DB
:105A2000012801DD0020607394F90D00C0F107002A
:105A3000C1B201222248FFF7E7FA2CE094F90D00E9
:105A40003DF81000401E00B294F90D102DF8110021
:105A500094F90D003DF91000002804DA092094F9AA
:105A60000D102DF8110016E094F90D003DF810000E
:105A7000401C00B294F90D102DF8110094F90D009E
:105A80003DF91000092804DD002094F90D102DF8CF
:105A9000110000E000BF00BFBDF80000BDF802101B
:105AA00001EB810100EB41002073207B0A2802DD1D
:105AB0000A20207303E0207B08B90120207338BD41
:105AC000A03100200246002074E03C4951F820102B
:105AD00000EE101AF8EE400A9FED391A80EE810AA6
:105AE00036492C3151F8201000EE901AF8EE600A79
:105AF0009FED331A00EE810ADFED320A80EE201AA4
:105B0000314901EB800181ED001A2F4901EB800141
:105B100091ED000AF7EE000A80EE801A2A492C392E
:105B200001EB800181ED001A2449583151F8201011
:105B300000EE101AF8EE400A9FED211A80EE810A5D
:105B40001E49843151F8201000EE901AF8EE600AD8
:105B50009FED1B1A00EE810ADFED1A0A80EE201A73
:105B60001949583101EB800181ED001A1349B03118
:105B700051F8201000EE101AF8EE400A9FED101AAE
:105B800080EE810A1049843951F8201000EE901AF5
:105B9000F8EE600A9FED0A1A00EE810ADFED090AAD
:105BA00080EE201A08492C3101EB800181ED001AAA
:105BB000411CC8B20B2888DB70470000F43100207C
:105BC0000000C84200007A445433002070B50546F6
:105BD00001202873022068734148FFF707FA002468
:105BE00028E09FED400A404800EB840080ED000A69
:105BF0009FED3C0A3C48583800EB840080ED000AD9
:105C00009FED380A38482C3800EB840080ED000AFC
:105C10009FED340A34482C3000EB840080ED000AFC
:105C20009FED300A3048583000EB840080ED000AC8
:105C3000601CC4B20B2CD4DB002404E0002025F847
:105C40001400601CC4B2062CF8DB002405E001211E
:105C500005F10E000155601CC4B2042CF7DD234889
:105C6000006840F4003021490860012020490860A4
:105C70000020091D086001201D492831086040F6F8
:105C80003300091D08601A480C30006840F001001C
:105C900017490C310860012015491431086019209A
:105CA000002809DB00F01F02012191404209920007
:105CB00002F1E022C2F8001100BF192000210028E3
:105CC00004DB0A07130E0B4A135406E00A07160EEC
:105CD000094A00F00F031B1FD65400BF70BD00001F
:105CE000A03100200000000054330020443802405E
:105CF0000044014000E400E018ED00E070B5064605
:105D00000C460025052C27D2DFE804F0030A111801
:105D10001F00802212491348FFF7CEFA05461CE007
:105D200002220F490F48FFF7C7FA054615E0102277
:105D30000B490C48FFF7C0FA05460EE0202208493F
:105D40000848FFF7B9FA054607E001220649054869
:105D5000FFF7B2FA054600E000BF00BF284670BD5D
:105D6000000002407000002000040240024632F8A9
:105D70001100704730B5044600233BE0534850F80B
:105D8000230000EE100AF8EE400A9FED511A80EE53
:105D9000810A4E482C3050F8230000EE900AF8EEAD
:105DA000600A9FED4B1A00EE810ADFED4A0A80EE91
:105DB000201A494800EB830080ED001A1946434839
:105DC0002C38FFF7D3FF00EE100AF8EE400A9FEDE3
:105DD000411A80EE810A404800EB8300D0ED000AB2
:105DE00080EE201A3C48583800EB830080ED001A02
:105DF000581CC3B2032BC1DD34482C3890ED640A23
:105E0000D0ED630A30EE600A80ED670A0121FFF7EA
:105E1000ADFF054600212D482C38FFF7A7FF281AB3
:105E200000EE100AF8EEC00A9FED2A1A80EE810AF1
:105E300026482C38D0ED670A80EE201A80ED511AE2
:105E400090ED650AD0ED640A30EE600A80ED680AD4
:105E50000221FFF78BFF054601211C482C38FFF774
:105E600085FF281A00EE100AF8EEC00A9FED191AF5
:105E700080EE810A15482C38D0ED680A80EE201A91
:105E800080ED521A90ED660AD0ED650A30EE600A98
:105E900080ED690A0321FFF769FF054602210B48DF
:105EA0002C38FFF763FF281A00EE100AF8EEC00A3C
:105EB0009FED081A80EE810A04482C38D0ED690A5B
:105EC00080EE201A80ED531A30BD0000F43100201E
:105ED0000000C84200007A445433002000B5034655
:105EE000144890ED0B0AF8EE400A9FED131A80EE6D
:105EF000810AD0ED160AF8EE600A9FED0F1A00EE47
:105F0000810ADFED0E0A80EE201A80ED631A04216B
:105F1000FFF72CFF00EE100AF8EE400A9FED071A7B
:105F200080EE810A0348D0ED630A80EE201A80EDEE
:105F30004D1A00BDC83100200000C84200007A445C
:105F400010B504464A480078401CC0B24849087061
:105F5000012801DD0020087045480178204600F046
:105F6000EBF800204349087079E04248007830B1EE
:105F700001280CD0022812D0032822D118E00222D6
:105F80003D493E48FFF798F93D49088019E0012254
:105F90003C493A48FFF790F93949088011E04FF43D
:105FA000806235493548FFF787F93549088008E0B0
:105FB0004FF4007230493148FFF77EF930490880CC
:105FC00000BF00BF2E480088D0BB2F482949097860
:105FD00000EB410026490978405C022811DA2A4882
:105FE0002449097800EB410021490978405C401CB4
:105FF0002549204A127801EB42011D4A1278885443
:1060000028E021481B49097800EB4100184909782C
:10601000405C02281ED11C481649097800EB41005B
:1060200013490978405C401C1749124A127801EB69
:1060300042010F4A12788854204600F027F809E000
:10604000FFE7002110480B4A127800EB4200084A93
:106050001278815407480078401C064908700548AA
:106060000078042881DB204600F08EF810BD000087
:10607000A2010020A60100200004024070000020C0
:10608000A401002000000240950100202849497821
:10609000032905D10421264A51700121254A117096
:1060A0002349C979032905D104222149CA7109214B
:1060B000204A11701E494979032905D104221C493F
:1060C0004A7106211B4A11701949C978032905D163
:1060D00004221749CA700321164A1170144909781D
:1060E000032905D10421124A11700C21114A1170A3
:1060F0000F498979032905D104210D4A917108219D
:106100000C4A11700A490979032905D10421084A6A
:1061100011710521074A117005498978032905D1B4
:106120000421034A91700221024A11707047000055
:10613000950100209E01002070B506460C4634B93A
:10614000002380220E490F48FFF7BFF807E0012C1B
:1061500005D1002322020A490A48FFF7B6F80025B4
:106160000AE000BF00BF00BF00BF00BF00BF00BF0C
:1061700000BF00BF681C85B2B5F57A7FF1DB70BD4A
:10618000000402407000002010B504460123802264
:1061900005490648FFF799F801231A020249034806
:1061A000FFF793F810BD00000004024070000020CB
:1061B0003EB5044600200122CDE90020034680229E
:1061C0001C4902901C48FFF788F800200122CDE905
:1061D000002003461202174902901748FFF77DF886
:1061E00000200090019001230222124902901248DF
:1061F000FFF773F8002000900190034601220F4939
:1062000002900D48FFF769F80020009001900123EB
:106210009A02084902900848FFF75FF800200090B2
:10622000019001235A02034902900348FFF755F8F1
:106230003EBD00000004024070000020000002404B
:106240000146034A10780D22014B1A707047000076
:106250009E01002003B401984100009850EAC1203B
:1062600018BF04204A0D18BF40F0010040F2FF7231
:10627000B2EB515F08BF40F00200012808BF0520C3
:1062800002B0704702480068C0F302207047000067
:106290000CED00E010B5002804DB0A07130E054AD8
:1062A000135406E00A07140E034A00F00F031B1FE5
:1062B000D45410BD00E400E018ED00E030380A28A6
:1062C00001D2012070470020704700BFFEE70000A8
:1062D00001B54FF6FF73012269460248EEF758F800
:1062E00008BD0000200400202DE9F04704460D46BB
:1062F00090469946AD1EE808A189B0FBF1F0616BAC
:1063000000EB010AE808A189B0FBF1F201FB1206DB
:1063100005F0070101208840C7B200BF51460AF1CD
:10632000010A204602F070FD10B10120BDE8F0879F
:1063300000BF00BF04F13C00805D384008B101207F
:1063400000E00020484501D10220EFE704F13C00C5
:10635000805D784004F13C0188550120E070A8F18F
:106360000100B0F1000800D1E0E77806000E071E3A
:10637000E0D10127701C0646A1898842D9D30026A6
:10638000CCE7000070B504460D460020E070401ECA
:10639000A0632946204602F037FD08B1042070BDF5
:1063A00004F23A2002F044FC4AF65521884201D01A
:1063B0000320F4E794F83C00E92807D094F83C0067
:1063C000EB2817D13E20005D902813D104F1720014
:1063D00002F0F1FB20F07F400C49884201D10020FF
:1063E000DDE704F18E0002F0E6FB0949884201D1A5
:1063F0000020D4E70B2207A104F13C0002F0DCFCF2
:1064000008B90120CBE70220C9E70000464154004B
:1064100046415433EB7690455846415420202000A5
:10642000024600E0521C107810B110788842F9D171
:106430001078704730B502460B46002004460146EE
:106440001CE01A4800EB01100068A8B1174800EBE7
:10645000011000681568A8420FD1144800EB011024
:1064600040689568A84208D1104800EB0110806888
:10647000156BA84201D103E00124491C0229E0D395
:1064800000BF022906D10CB9022B01D1002030BD7A
:106490001220FCE733B9054800EB01108089B0F504
:1064A000807F01D11020F2E70020F0E7FC2B0020D4
:1064B000014600200BE0074A02EB001212688A42F4
:1064C00004D10022034B03EB00131A60401C022886
:1064D000F1D37047FC2B00202DE9FC4706461746F8
:1064E0009846D6F800A0306D051DBAF80CC062467B
:1064F000002338464146E9F750FFCDE90001BAF8DC
:106500000AC062460023E9F748FF814600BF10CD6C
:1065100014B90020BDE8FC87A14500D203E0A9EB37
:1065200004092D1DF3E700BF28684844F2E702463E
:10653000891E106A801E884201D800207047538946
:10654000506B01FB0300F9E72DE9F04780460C464C
:1065500004F11A0002F06CFB10B10020BDE8F087D6
:10656000207800F03F00401E00EB800101EBC005E9
:106570004FF00109002621E01849895D081902F051
:1065800057FB0746B9F1000F11D0FF2D0BD238464B
:1065900001F05AFC824629466D1C38F8110001F0C2
:1065A00053FC824501D00020D8E7B94605E04FF6FC
:1065B000FF70874201D00020D0E7761C0D2EDBD380
:1065C000207800F0400038B1B9F1000F04D038F85D
:1065D000150008B10020C1E70120BFE7249A010897
:1065E0002DE9F04704468A462668BAF1000F06D125
:1065F000B76917B1306AB84217D8012715E051467C
:10660000204602F045F88146B9F1020F02D201207E
:10661000BDE8F08709F1010008B94846F8E7306A9B
:10662000484501D94846F3E75746307804284CD10D
:1066300001223946304601F096FC05460DB1681C32
:1066400008B92846E4E701231A4629463046FFF7F1
:106650004BFE8046B8F1020F01D10120D8E7B8F116
:10666000010F02D14FF0FF30D2E7BAF1000F02D193
:106670000220E0710AE0E079022807D1781C854207
:1066800004D0A068381AA0610320E071E0790228E4
:106690004FD00AF10100854207D1E06910B1E069ED
:1066A000401C00E00220E06143E0E06908B90120FD
:1066B000E0612A465146204601F033FC8046B8F19D
:1066C000000F36D10120E06133E03D4600BF6D1C74
:1066D000306AA84204D80225BD4201D9002097E7BC
:1066E0002946204601F0D4FF8146B9F1000F00D1C0
:1066F0000BE0B9F1010F02D009F1010008B94846D9
:1067000086E7BD42E3D1002082E700BF4FF0FF32B1
:106710002946304602F0D6FB8046B8F1000F08D17A
:10672000BAF1000F05D02A465146304602F0CAFBA6
:106730008046B8F1000F0DD1B561D6E90710801E73
:10674000814202D8F069401EF061307940F00100CA
:10675000307107E0B8F1010F02D14FF0FF3000E0D7
:1067600001200546284653E72DE9F34F83B08146C3
:10677000049800680190D9F80000D0F810A000201B
:106780000546064600BF3046761C01990C5C202C5D
:1067900000DA2BE02F2C01D05C2C0AD100E0761C13
:1067A0000198805D2F28FAD00198805D5C28F6D092
:1067B0001CE0FF2D03D3062005B0BDE8F08FE4B246
:1067C0000121204601F01AFB04460CB90620F3E72C
:1067D000802C06DA21466AA0FFF722FE08B10620C7
:1067E000EAE728466D1C2AF81040CCE700BF019864
:1067F000811904980160202C01DA042000E00020B7
:10680000074608E0681E3AF81040202C02D02E2CD3
:1068100000D002E06D1E002DF4D100BF00202AF848
:1068200015000DB90620C7E70B22202109F1400011
:1068300002F0E1FA002600E0761C3AF81600202863
:10684000FAD03AF816002E28F6D00EB147F003071A
:1068500000E06D1E25B1681E3AF810002E28F8D110
:106860004FF00008CDF808804FF0080B00BF30460D
:10687000761C3AF8104004B954E0202C03D02E2C9A
:1068800004D1AE4202D047F00307F0E70298584522
:1068900001D2AE4216D1BBF10B0F02D147F0030774
:1068A00040E0AE4201D047F00307AE4200D939E0E4
:1068B0002E46082002904FF00B0B4FEA88604FEAFB
:1068C0001068D4E7802C0BDB0021204601F096FAFB
:1068D00004461CB1A4F180002C490C5C47F002076F
:1068E00000BF24B121462AA0FFF79AFD18B15F240A
:1068F00047F003070FE0412C04DB5A2C02DC48F080
:10690000020808E0612C06DB7A2C04DC48F0010860
:10691000A4F1200084B20298411C029109F14001C7
:106920000C54A4E700BF99F84000E52802D10520E7
:1069300089F84000BBF1080F03D14FEA88604FEAA5
:10694000106808F00C000C2803D008F0030003289E
:1069500001D147F0020707F0020058B908F0030020
:10696000012801D147F0100708F00C00042801D1DC
:1069700047F008074B2000F8097000201CE70000D2
:10698000222A3A3C3E3F7C7F00000000A499010887
:106990002B2C3B3D5B5D00002DE9F04704460D4686
:1069A00040220021204602F026FA85202070C020D7
:1069B00084F8200000274FF001084FF0010940261D
:1069C00000BFC1223046761C225400223046761C7D
:1069D000225400BFB9F1000F06D035F81700B0F10E
:1069E000000901D0781CC7B2A019494602F04DFC3D
:1069F000B01C064600F01F000028EBD108F1010092
:106A000000F0FF0835F817000028DAD184F8237069
:106A100084F80180284602F033FD8246514604F195
:106A2000240002F032FCBDE8F087000010B50246F9
:106A3000531E1A46022B17D20C4B03EB02139989F3
:106A4000B1F5807F00D10021002901DD4B1E99B2F4
:106A5000064B03EB0213998121B90023034C04EB8D
:106A600002142360002000E0022010BDFC2B002057
:106A70002DE9F04104460E46D4F80080002120465E
:106A800000F063FB05465DBB002700BF4046A16BDD
:106A900002F0BAF9054605B121E098F80000042893
:106AA00005D1E06B0078012121EAD01009E0E06B0C
:106AB0000078E52802D0E06B007808B9012000E0FA
:106AC000002020B1781C0746B04201D107E0002722
:106AD0000121204600F0DEF80546002DD6D000BF8B
:106AE000042D00D107252846BDE8F0812DE9F04F9F
:106AF00085B0044625680021204600F026FB0746A5
:106B00001FB1384605B0BDE8F08F287804284CD175
:106B1000286902F0B5FC01903EE0696901F12400AA
:106B200002F086F80199884200D035E0686990F853
:106B3000230003904FF0400A002002901FE00AF06B
:106B40001F0008B90AF1020A696901EB0A0002F0A4
:106B50006FF8009001F078F983462A69029932F8BB
:106B6000110001F071F9834500D00BE00398401E3D
:106B7000C0B203900AF1020A0298401C02900398E6
:106B80000028DCD100BF039828B92969029831F8A0
:106B9000100000B906E000BF0021204600F011F906
:106BA000071EBAD000BF3846ACE74FF0FF09CDF85A
:106BB00010904FF0FF30E06400BF2846A16B02F058
:106BC00023F9074607B162E0E06B06780EB90427A7
:106BD0005DE0E06BC07A00F03F0884F80680E52EA7
:106BE00005D008F0080040B1B8F10F0F05D04FF004
:106BF000FF094FF0FF30E06442E0B8F10F0F22D1FF
:106C00004B20005D00F04000A0BB06F0400038B112
:106C1000E06B407B049006F0BF06B146206BE06459
:106C20004E450CD1E06B417B0498814207D1E16B6A
:106C30002869FFF789FC10B1A9F1010000E0FF20ED
:106C400000F0FF091CE0B9F1000F06D1E06B02F083
:106C50005BFB0499884200D119E04B20005D00F0F5
:106C6000010040B90B2204F14001E06B02F0A4F8EE
:106C700008B90CE004E04FF0FF094FF0FF30E0648A
:106C80000021204600F006F80746002F95D000BFEF
:106C9000384637E72DE9F047054689462C68286BCA
:106CA00000F12007A86B40B12078042801D18006AC
:106CB00001E04FF40010B84202D80420BDE8F0878C
:106CC000A089B7FBF0F100FB117000286DD1A86B13
:106CD000401CA863686B38B92089B0EB571F64D893
:106CE0000020A8630420E9E7A089B7FBF0F06189E0
:106CF000491E0840002858D12846696B01F0C8FC9D
:106D00000646012E01D80220D8E7701C08B90120E0
:106D1000D4E7206AB04242D8B9F1000F03D1002075
:106D2000A8630420CAE72846696BFFF759FC0646AA
:106D30000EB90720C2E7012E01D10220BEE7701C68
:106D400008B90120BAE7E87940F00400E87120466C
:106D500002F032FB08B10120B0E7A289002104F162
:106D60003C0002F048F84FF0000831462046FFF79B
:106D7000DEFBA0630CE00120E070204602F01CFB6B
:106D800008B101209AE708F10108A06B401CA0633C
:106D900060894045EFD8A06BA0EB0800A0636E634C
:106DA00031462046FFF7C3FBA8632F63A089B7FBDA
:106DB000F0F100FB117104F13C000844E86300208D
:106DC0007CE72DE9F05F04468A46042627684FF0E9
:106DD000FF09CB4667E03846A16B02F015F806467E
:106DE00006B163E0E06B05780DB904265EE0387803
:106DF00004280FD100BF852D4ED1206BE0642046C2
:106E000001F03AFF064626B97869007900F03F00A4
:106E1000A0714BE0E06BC07A00F03F0884F8068078
:106E2000E52D0AD02E2D08D028F02000082801D109
:106E3000012000E00020504502D04FF0FF092BE078
:106E4000B8F10F0F1CD105F0400038B1E06B90F89D
:106E50000DB005F0BF05A946206BE0644D450BD190
:106E6000E06B407B584507D1E16B386901F0E6FFE4
:106E700010B1A9F1010000E0FF2000F0FF090BE0D4
:106E8000B9F1000F04D1E06B02F03EFA584502D090
:106E90004FF0FF30E06409E000212046FFF7FAFEE2
:106EA000064606B102E0A06B002894D100BF0EB1E7
:106EB0000020A0633046BDE8F09F2DE9F04F99B067
:106EC000044626684B20005D00F0A00018B10620A3
:106ED00019B0BDE8F08F4FF0000B01E00BF1010B92
:106EE000306930F81B000028F8D13078042863D1CD
:106EF0000BF10E000F21B0FBF1F000F10209494641
:106F00002046FFF7B5FD05460DB12846E0E7A9F19B
:106F100001002022216B02FB1010E064A068002811
:106F200044D0E07900F0040000283FD07089B18996
:106F30004843D4E90423801843F10001C4E9040163
:106F4000204600F0D3FF05460DB12846C0E74FF0BC
:106F5000FF322046616B00F0E4FF05460DB1284684
:106F6000B6E72146684601F069FE05460DB12846A0
:106F7000AEE7D4E90473716901F138003A4602F0D2
:106F800056F9D4E90473716901F128003A4602F018
:106F90004EF9E07940F00100716981F821006846FE
:106FA00002F079F905460DB1284691E7D6E90410BB
:106FB000FFF7F2FC00208BE70C2204F1400115A83A
:106FC00001F00CFF9DF85F0000F0010028B34021A4
:106FD0004B2001554FF0010A0EE0534615A904F16C
:106FE0004000326901F0FAFA2046FFF77FFD0546BE
:106FF00005B104E00AF1010ABAF1640FEDD300BF54
:10700000BAF1640F01D1072062E7042D01D02846B0
:107010005EE79DF85F104B2001559DF85F0000F082
:10702000020030B10BF10C000D21B0FBF1F0401C5F
:1070300000E00120814649462046FFF719FD05463C
:1070400075BBA9F10100B0F1000929D0206BA0EBBC
:107050004911204600F079F805460DBB04F14000C7
:1070600002F052F9149000BF3046A16B01F0CCFE43
:10707000054605B113E009F0FF02E16B3069149B8E
:1070800001F0F0FF0120F07000212046FFF702FE22
:10709000054625B9A9F10100B0F10009E4D100BF0E
:1070A000C5B93046A16B01F0AFFE054695B9202267
:1070B0000021E06B01F09FFE0B2204F14001E06B28
:1070C00001F08CFE4B20005D00F01800E16B0873AE
:1070D0000120F0702846FBE62DE9F04104462668C1
:1070E000276BE06C401C08B9002003E02046E16CEF
:1070F00000F02BF805462DBB00BF3046A16B01F018
:1071000083FE054605B119E03078042806D1E06B0E
:10711000007800F07F00E16B087002E0E520E16B91
:1071200008700120F070206BB84200D306E0002107
:107130002046FFF7AFFD0546002DDED000BF042D31
:1071400000D102252846BDE8F0812DE9F041044632
:107150000E4625682878042801D1800601E04FF406
:107160000010B04202D906F01F0010B10220BDE8A5
:10717000F0812663A7682FB92878032802DB2F6BDC
:107180000020E07147B92889B0EB561F01D80220D2
:10719000EDE7286BA0631DE06889A98900FB01F871
:1071A00011E03946204601F073FA0746781C08B909
:1071B0000120DCE7022F02D3286AB84201D802205E
:1071C000D5E7A6EB08064645EBD239462846FFF739
:1071D000AEF9A0636763A06B08B90220C7E7A8896E
:1071E000B6FBF0F0A16B0844A063A889B6FBF0F1F0
:1071F00000FB116105F13C000844E0630020B6E7A4
:1072000070B5044600250848005D58B901200649BC
:10721000085501F10802105D0A1D52F8242011687A
:1072200088470546284670BD7C3000202DE9F04196
:1072300004460D4616460649085D091F51F82410FC
:1072400032460B692946984707463846BDE8F08123
:10725000843000202DE9F04104460D4616461F46B5
:107260000749085D091F51F824103B463246D1F802
:1072700008C02946E04780464046BDE8F08100004E
:107280008430002070B50446044A105D121F52F885
:107290002420516888470546284670BD8430002068
:1072A0002DE9F04104460D4616461F460749085D84
:1072B000091F51F824103B463246D1F80CC029462C
:1072C000E04780464046BDE8F08100008430002061
:1072D000002100E0491C022905D2064800EB0110FC
:1072E00000680028F6D1022901D001207047002053
:1072F000FCE70000FC2B002038B50546284600F0CE
:10730000DFFA044664B96946284602F07EF804466E
:1073100034B9E86AFFF78AFB04460CB900202860FC
:10732000204638BD38B504466946204602F06DF85F
:10733000054645B9E06A18B1E06AFFF777FB0546F4
:107340000DB900202060284638BD0000F7B582B096
:1073500016460398019001A801F046FB0546002D52
:1073600002DA0B2005B0F0BD0F4850F8254024B1DB
:107370002046FFF79DF800202070029810B10020F1
:10738000029908700849029841F82500029808B14E
:10739000012E01D00020E5E7002202A903A800F099
:1073A0003FFE07463846DDE7480000202DE9F74F4D
:1073B00098B0044616461CB909201BB0BDE8F08FF2
:1073C00006F03F06324603A919A800F029FE05463B
:1073D000002D7DD10398049004A8199901F084F838
:1073E00005468DB99DF85B0000F0800008B10625C8
:1073F0000AE026F0010008B1012000E0002001466B
:1074000004A8FFF717F8054606F01C0000287DD0F9
:107410006DB1042D08D1FFF75BFF18B104A8FFF789
:107420004CFD00E01220054646F008060AE09DF8F3
:10743000160000F0110008B1072503E006F0040073
:1074400000B10825002D71D106F0080000286DD08C
:1074500001F01BFA029003980078042867D1039882
:1074600020600399496901F1340001F0A4FBA06098
:107470000399496901F1380001F0A9FBC4E904014D
:107480000398406990F8210000F00200E0710020AC
:10749000E0610399496901F10800029901F0BBFE1E
:1074A00000200399496908750399496901F10C00A5
:1074B000029901F0B0FE0020039949694875202027
:1074C0000399496908710399496901F1340000E0A1
:1074D00010E1002101F09FFE0399496901F1380094
:1074E0000022134601F0A3FE0399496901F1280027
:1074F0000022134601F09BFE01200399496981F89F
:10750000210004A801F0C7FE054600E048E0002D78
:1075100057D1A068002854D000222046A16801F06D
:10752000E1FD0546A068401E0399886149E0139972
:1075300001F10E00029901F06EFE139901F116009F
:10754000029901F068FE20201399C87213990398DC
:1075500001F01EFB834600221399039801F049FEB7
:10756000139901F11C00002101F055FE012003993F
:10757000C870BBF1000F24D00398806B02900022EA
:10758000594604A801F0AEFD0546D5B9DDE9021063
:1075900001F03AFC0546ABF101000399886110E067
:1075A0007DB99DF8160000F0100008B1042508E030
:1075B00006F0020028B19DF8160000F0010000B1AD
:1075C0000725BDB906F0080008B146F0400603984B
:1075D000806BA0641398E06426F0010008B10120DC
:1075E00000E00020014604A801F074FAE062E06ABD
:1075F00000B90225002D7DD103980078042821D1FF
:1076000006982062089820F0FF009DF817100843A4
:1076100060621798A0620399496901F1340001F092
:10762000CAFAA0600399496901F1380001F0CFFA64
:10763000C4E904010398406990F8210000F00200B9
:10764000E0710CE01399039801F0A2FAA06013997D
:1076500001F11C0001F0AFFA0021C4E9040100208F
:107660002065039820600398C088A08084F830606B
:10767000002084F8310060640021A163E1634FF4CD
:10768000805204F1540001F0B6FB06F020000028FF
:107690005ED00023D4E9040158405940084357D034
:1076A000D4E90401C4E90E0103984089039989894A
:1076B00000FB01F9D4F808A0D4E9047810E05146A1
:1076C000204600F0E5FF8246BAF1010F00D80225FE
:1076D0000AF1010000B90125B7EB090768F10008BC
:1076E0002DB90020B9EB070170EB0800E7D3C4F80F
:1076F00040A000E02CE05DBB0398B0F80CC06246EF
:10770000002338464146E8F748FE00214A404B40F6
:107710001A431DD051460398FEF709FF019008B99E
:10772000022515E00398B0F80CC0624600233846E5
:107730004146E8F732FE019908446064626C03999F
:107740004878012304F15401FFF784FD00B10125BD
:107750000DB10020206028462FE673B582B00646A2
:1077600016B9092004B070BD3446002201A903A84F
:1077700000F056FC0546002D57D101982060304698
:10778000039900F0B1FE0546002D4BD14B20805DE2
:1077900000F0800038BBA07900F0100050B30198D1
:1077A0000078042820D1A0682062206920F0FF0022
:1077B000E17908436062F06CA0620199496901F1C6
:1077C000340001F0F8F9A0600199496901F138002D
:1077D00001F0FDF9C4E904010198406990F8210025
:1077E00000F00200E07106E0F16B019801F0D0F9C1
:1077F000A06000E00525ADB90198C088A0800021F7
:107800003046FFF7A2FC054665B9A06840B10021EB
:10781000304601F05FF9E062E06A18B9122501E034
:107820000020E062042D00D105250DB1002020606C
:10783000284697E7F8B506460D466946304601F0FA
:10784000E4FD0446DCB92DB900213046FFF77DFC8C
:10785000044614E000213046FFF7B3FA0446042C36
:1078600000D100245CB92946304601F010F800210F
:107870003046FFF70FFA0446042C00D100242046BE
:10788000F8BD33B595B00D460022694615A800F045
:10789000C7FB04468CB96846159900F025FE0446DE
:1078A0005CB99DF84B0000F0800008B1062404E0AC
:1078B0001DB12946684600F0EAFF204617B030BDEA
:1078C0002DE9F04395B0044614A9204601F09DFD32
:1078D0000546002D7DD194F8300000F040000028CE
:1078E00077D094F8300000F0800090B1626C149969
:1078F0004878012304F15401FFF7D2FC18B10120AC
:1079000015B0BDE8F08394F8300000F07F0084F8F3
:10791000300000F0BAFF814614980078042860D146
:10792000204600F0E3FA054635B94FF0FF32204615
:10793000216C00F0F6FA0546002D7ED121466846FE
:1079400001F07CF90546002D77D114984069007943
:1079500040F02000149949690871E07940F0010075
:107960001499496981F82100A168149A526902F1B9
:10797000340001F050FCD4E904731499496901F111
:1079800038003A4601F053FCD4E90473149949696C
:1079900001F128003A4601F04AFC1499496901F1C5
:1079A0000C00494601F037FC0020149949694875DC
:1079B0001499496901F11000002101F02CFC68467E
:1079C00001F069FC054625B9149801F0ADFC0546A7
:1079D00000E032E094F8300000F0BF0084F830009E
:1079E0002BE0A16C149801F00FFA05462DBBE66C54
:1079F000F07A40F02000F0723146A268206801F071
:107A0000F8FB06F11C00216901F005FC494606F16E
:107A1000160001F000FC002106F1120001F035FC17
:107A200001201499C870149801F07EFC054694F862
:107A3000300000F0BF0084F83000284660E731B520
:107A4000B6B0002502220DA936A800F0E9FA0446D6
:107A50000D982290002C76D122A8369900F044FD92
:107A6000044600BF24B9022122A8FEF7E3FC044625
:107A7000002C68D19DF8D30000F0800008B10624E6
:107A800005E09DF88E0000F0010000B10724002CF5
:107A900047D10D9800900D980078042818D10D99C1
:107AA000496901F1340001F086F8054602900D990C
:107AB000496901F1380001F08AF8CDE904010D9817
:107AC000406990F8210000F002008DF8070004E002
:107AD00031990D9801F05CF805469DF88E0000F094
:107AE0001000F0B10D980E9010950D9800780428B4
:107AF00007D1DDE90401CDE912019DF807008DF8F9
:107B00003F0000210EA8FFF720FB04464CB90021DE
:107B10000EA8FFF756F9044604B90724042C00D137
:107B2000002484B922A8FFF7D7FA044634B92DB14E
:107B300000222946684601F0D5FA04461CB90D9882
:107B400001F0F2FB0446204637B030BD2DE9FF4F6F
:107B500087B0044615469B46089803900020CBF852
:107B6000000004A9204601F050FC0590059818B9C2
:107B700094F83100059018B105980BB0BDE8F08F6E
:107B800094F8300000F0020008B90720F5E70498E7
:107B90000078042807D0A06B4019A16B884202D25C
:107BA000A06BC0F1FF3518E10498B0F80CC0D4E91F
:107BB0000E0162460023CDE90001E8F7EEFB00214B
:107BC0004A404B401A436FD10498B0F80CC0D4E936
:107BD0000E0162460023CDE90001E8F7DEFB0499BF
:107BE0004989491E00EA010ABAF1000F3AD100237F
:107BF000D4E90E1059405840014309D1D4F8088007
:107C0000B8F1000F16D12046FEF7EAFC804611E0DD
:107C1000206D50B1D4E90E0102460B46CDE90001BA
:107C20002046FEF759FC804604E02046216CFEF712
:107C3000D7FC8046B8F1000F00D1D1E0B8F1010FB8
:107C400003D1022084F8310097E708F1010018B948
:107C5000012084F8310090E7C4F84080A06808B99A
:107C6000C4F8088094F8300000F0800090B1626C95
:107C700004994878012304F15401FFF711FB18B16E
:107C8000012084F8310078E794F8300000F07F009C
:107C900084F83000216C0498FEF749FC074627B9A8
:107CA000022084F8310068E752E057440498808944
:107CB000B5FBF0F9B9F1000F32D00AEB09000499D5
:107CC0004989884203D904984089A0EB0A0904999C
:107CD00048784B463A460399FFF7E2FA18B101207B
:107CE00084F8310049E7606CC01B484513D2606CD2
:107CF000C31B0498B0F80CC0039803FB0C01049854
:107D0000828904F1540001F069F894F8300000F021
:107D10007F0084F830000498808900FB09F63EE07B
:107D2000606CB84213D0D4E90431D4E90E20D21AE1
:107D300088410CD20499487801233A4604F1540151
:107D4000FFF788FA18B1012084F8310015E767645D
:107D5000A06B04998989B0FBF1F201FB1200049930
:107D600089890E1AAE4200D92E460498B0F80CC08C
:107D7000D4E90E0162460023CDE90001E8F70DFBCE
:107D800004F15400104432460290039901F026F8A1
:107D900094F8300040F0800084F8300000BF039871
:107DA00030440390D4E90E20921940F10000C4E958
:107DB0000E20D4E90430D4E90E219A1A884102D267
:107DC000D4E90E0101E0D4E90401C4E90401DBF8BF
:107DD00000003044CBF80000AD1B002D7FF4E4AE72
:107DE00000BF94F8300040F0400084F830000020DC
:107DF000C3E601464FF0FF307047000010B5024661
:107E0000802A01DA10461BE051B1FF2A01DD002370
:107E100004E0A2F180030B4C34F8133018460FE055
:107E2000002007E0074B33F81030934200D103E005
:107E3000431C98B28028F5DB00BF00F18003D8B264
:107E400010BD00004E9A010830B5B0F5805F01DA30
:107E5000244D00E0244D294600BF31F8022B0AB121
:107E6000904200DA3CE031F8023B1C12DBB2D5183C
:107E7000854230DD092C2CD2DFE804F005090F1310
:107E8000171B1F232700851A31F8150021E0851ADA
:107E900005F00105451BA8B21BE0A0F11005A8B232
:107EA00017E0A0F12005A8B213E0A0F13005A8B2B8
:107EB0000FE0A0F11A05A8B20BE000F10805A8B286
:107EC00007E0A0F15005A8B203E0A0F5E355A8B281
:107ED00000BF00BF04E0002CBFD101EB4301BCE7B1
:107EE00000BF30BD4E9B0108409D01082DE9F041C7
:107EF0000446E079032812D1A568A7690BE06A1C43
:107F00002946206800F0DEFF064616B13046BDE87F
:107F1000F0816D1C7F1E002FF1D10020E071002048
:107F2000F5E72DE9F04104460D46174616E0E369F2
:107F3000012B03D9E369EB1A9B1C00E03B461A4670
:107F4000E369EB1A591C206800F0BCFF064616B125
:107F50003046BDE8F081E069401EE061E06900283C
:107F6000E5D100BFF5E72DE9FC5F04460E469046DB
:107F7000B61E206A801EB04200D800263546AA46AA
:107F80004FF0000B00BFE808A189B0FBF1F0616B76
:107F9000084401460090204600F036FF18B14FF02B
:107FA000FF30BDE8FC9FE808A189B0FBF1F201FBBE
:107FB0001200019005F0070101208840C7B200BF00
:107FC00000BF04F13C000199405C00EA0709780613
:107FD000070E681C0546216A891E884203D30025C6
:107FE0000027A0890190B9F1000F07D10BF1010022
:107FF0008346404505D10AF10200D2E7AA464FF078
:10800000000BB54201D10020CBE7002FD9D10127C9
:108010000198401C0190A1898842D1D3B3E70000A8
:108020002DE9F74F8CB000210D9801600C9800F0FD
:10803000DBFC0A900A98002803DA0B200FB0BDE899
:10804000F08FFE490A9851F820400CB90C20F5E752
:108050000D9804600E9800F0FE000E90207888B114
:108060006078FFF70FF90990099800F0010048B90E
:108070000E9828B1099800F0040008B10A20DDE745
:108080000020DBE7002020700A9860706078FFF71E
:10809000B7F80990099800F0010008B10320CDE776
:1080A0000E9828B1099800F0040008B10A20C5E72D
:1080B000607804F10C020221FFF7B8F808B1012042
:1080C000BCE7A089B0F5805F07DCA089B0F5007F30
:1080D00003DBA089411E084008B10120AEE700265D
:1080E00031462046FEF74EF98146B9F1020F03D022
:1080F000B9F1020F2FDA2EE0002514E04FF4DF7003
:1081000000EB051104F13C0008440B900B9800793A
:1081100020B10B98083000F04EFD00E0002002A9CD
:1081200041F825006D1C042DE8D3002505B16D1E16
:1081300000BF02A850F8256026B131462046FEF760
:1081400021F900E003208146B9F1020F03DB681C2E
:1081500005460428EDD3B9F1040F01D101206DE7E4
:10816000B9F1020F01DB0D2068E7B9F1010F7AD1F7
:108170000B2500E06D1C402D04D204F13C00405D55
:108180000028F7D0402D01D20D2057E704F1A400BC
:1081900000F04EFDB0F5807F01D00D204EE794F841
:1081A000A81001208840A189884201D00D2045E710
:1081B00004F1840000F00BFD871941F10008391E1D
:1081C00078F1010001D30D2038E704F1900000F0B0
:1081D000F2FC606294F8AA00A070A078012801D097
:1081E0000D202BE794F8A910012088406081608958
:1081F00008B90D2022E704F1980000F0DCFC82466B
:108200008F498A4501D90D2018E70AF10200206242
:10821000A66204F1940000F0CEFC3044606304F1E7
:108220008C0000F0C8FC3044E0620021608900FB53
:108230000AF0626B10184941381A78EB010001D23C
:108240000D20FBE604F19C0000F0B5FC2063204605
:10825000216BFEF76CF901460090204600F0D4FD3A
:1082600010B10120EAE621E000250FE004F13C0016
:10827000405D812809D104F13C01294401F1140039
:1082800000F099FC022800D103E02035A089A84223
:10829000ECD800BFA089A84201D10D20CEE64FF056
:1082A000FF30E061A0614FF0040901E104F14700F3
:1082B00000F0BEFCA189884201D00D20BEE604F189
:1082C000520000F0B5FC8346BBF1000F04D104F16D
:1082D000600000F070FC8346C4F824B04C20005DC0
:1082E000A070A078012804D0A078022801D00D2029
:1082F000A4E6A0780BFB00FB4920005D608160894B
:1083000018B16089411E084008B10D2096E604F1BD
:108310004D0000F08DFC2081A089C11700EBD161D8
:108320004911228992FBF1F301FB132109B10D20C0
:1083300084E604F14F0000F07BFC0890089820B917
:1083400004F15C0000F037FC089004F14A0000F0F2
:108350006FFC0190019808B90D206FE6A089C11744
:1083600000EBD1614911228992FBF1F20199594444
:1083700011440791DDE90710884201D20D205DE626
:10838000DDE90710401A6189B0FBF1FABAF1000F7C
:1083900001D10D2052E64FF003094FF6F5708245EA
:1083A00001D84FF0020940F6F570824501D84FF030
:1083B00001090AF102002062A66201983044E062DD
:1083C000079830446063B9F1030F13D104F16600DC
:1083D00000F02EFC08B10D2030E6208908B10D20F8
:1083E0002CE604F1680000F0E6FB2063206A8000C0
:1083F000069016E0208908B90D201FE6E06A58446F
:108400002063B9F1020F02D1206A400008E094F81D
:10841000200000F00100216A01EB410100EB510056
:108420000690A089401E06990844A189B0FBF1F08E
:10843000616A884206D90D2000E60000480000204D
:10844000FDFFFF7F4FF0FF30E061A06180202071D1
:10845000B9F1030F2CD104F16C0000F0E9FB012805
:1084600026D1711C204600F0CFFC08BB00202071F3
:1084700004F23A2000F0DCFB4AF65521884217D17D
:1084800004F13C0000F097FB1249884210D104F53A
:10849000087000F090FB1049884209D104F509707A
:1084A00000F089FBE06104F50A7000F084FBA06134
:1084B00084F8009009480088401C80B20749088071
:1084C000E08007482061074860612046FDF7F0FF23
:1084D0000020B3E552526141727241614C000020AC
:1084E0007C2E00201C2C00202DE9F34705462C464D
:1084F000266802E00198401C0190019800782F281E
:10850000F8D0019800785C28F4D00020A060E061E9
:1085100001980078202808D280214B204155002165
:108520002846FEF712FE074652E000BF01A9284682
:10853000FEF71AF9074607B149E02846FEF7D6FAD2
:10854000074695F84B803FB1042F04D100BF08F0D7
:10855000040000B905273AE008F0040000B136E055
:10856000A07900F0100008B9052730E03078042821
:108570001DD1A0682062206920F0FF00E179084346
:108580006062E86CA062716901F1340000F013FBD5
:10859000A060706990F8210000F00200E07171693C
:1085A00001F1380000F013FBC4E904010EE0B189C9
:1085B000286BB0FBF1F201FB120106F13C0001EB6C
:1085C00000094946304600F0E3FAA060AEE700BF7C
:1085D0003846BDE8FC870246704700002DE9FF4F92
:1085E00083B0814690461D460B224846049900F010
:1085F000F5FB052D18D92F4611E038F802BB0024F1
:108600000BE0584667F35F0007464FEA6B0B07F431
:10861000803008B11D484740641C102CF1D3B8F8D5
:1086200000000028E9D13D46072400BF05F00F00F7
:1086300000F1300ABAF1390F03DD0AF1070000F04A
:10864000FF0A2046641E01A901F800A02D09002D93
:10865000ECD17E200855002600E0761CA64203D20D
:1086600019F806002028F8D100BF082C04D22046B3
:10867000641C01A9085C00E020203146761C09F842
:108680000100082EF1D307B0BDE8F08F21100100E2
:108690002DE9FE4F06460D463468022D02D3206AAE
:1086A000A84202D84FF00109ECE04FF0FF392078E2
:1086B000012806D002283ED003285BD004287BD1B5
:1086C0007BE02F4607EB5707A089B7FBF0F0E16A84
:1086D00000EB010A5146204600F096FB00B1D0E0C5
:1086E00038467F1CA189B0FBF1F201FB120104F1B5
:1086F0003C0010F80180A089B7FBF0F0E16A00EBC4
:10870000010A5146204600F07FFB00B1B9E0A08984
:10871000B7FBF0F100FB117104F13C00405C48EA4A
:10872000002805F0010010B14FEA181001E0C8F36D
:108730000B008146A5E0B4F80CA00AEBDA704010FB
:10874000B5FBF0F0E16A00EB010B5946204600F062
:108750005BFB00B195E06800A189B0FBF1F201FB81
:10876000120104F13C0001EB000A504600F060FAEF
:10877000814686E0B4F80CA04FEAEA700AEB9070EC
:108780008010B5FBF0F0E16A00EB010B5946204682
:1087900000F03AFB00B174E0A800A189B0FBF1F24F
:1087A00001FB120104F13C0001EB000A504600F00D
:1087B00002FA20F0704964E060E00022D6E904107B
:1087C00051405040014358D0B068A5EB000AB4F8BE
:1087D0000CC0D6E90420521E60F10000CDE9002053
:1087E00062460023DDE90001E7F7D7FD6189B0FBB0
:1087F000F1F00290F07902280BD10298824508D856
:108800000298824502D16FF0004000E0681C81466A
:1088100037E0F079032805D1B069504502D905F158
:1088200001092EE0F079022826D0F06910B16FF02E
:10883000004920E0B4F80CB04FEAEB700BEB9070FD
:108840008010B5FBF0F0E16A084401460190204633
:1088500000F0DAFA00B114E0A800A189B0FBF1F24F
:1088600001FB120104F13C0001EB000B584600F043
:10887000A2F920F0004904E000BF00BF4FF0010959
:1088800000BF00BF4846BDE8FE8F002070472DE9BD
:10889000F84F05460C46D5F800B00020A076A86B2E
:1088A00008B9BDE8F88F9BF80000042805D12146DF
:1088B000DBF8140000F0BCF8F3E7E86C401C28B3C8
:1088C0000026374614E000210098FFF797FA009041
:1088D000009808B9002714E000BFFF2F01D300273C
:1088E0000FE00098C2B238467F1C04F11A010A5406
:1088F0003046761CDBF8102032F81000009000287B
:10890000E1D100BF002104F11A00C1550020064644
:10891000074604F11A0010F807A03CE038467F1C17
:10892000EA6B12F80080B8F1200F00D133E0B8F103
:10893000050F01D14FF0E508092F0CD1BAF1000F56
:1089400003D12E2104F11A0081552E223046761CC7
:1089500004F10D010A5404F10D0000F80680BAF18B
:10896000000F16D1B8F1410F0FDBB8F15A0F0CDC34
:10897000E86B007B092F01D3102100E0082108409B
:1089800018B108F1200000F0FF0804F11A0000F807
:108990000680761C00BF0B2FC0D3BAF1000F07D1A1
:1089A000002104F11A008155E86B007B00B9002614
:1089B000002104F10D008155E86BC07A2073E96B4A
:1089C00001F11C0000F0F7F80021C4E90001E96B97
:1089D00001F1160000F0EFF88146A4F80A904FEA82
:1089E0001940208100BF5CE770B502464FF0FF30B0
:1089F0001568DDB1116800E0491C0D78202D02D307
:108A00000D783A2DF8D10D783A2D0ED1146814F85E
:108A1000015BA5F130030A2B06D28C4204D11BB9AD
:108A200018464D1C2946156070BD002000BFFBE7AD
:108A30002DE9F04705460C4600264027B1461CE0CC
:108A400007F01F0000B9BF1CE81900F0F1F88246DA
:108A50000021FFF7D3F9804600BFB8F1000F01D025
:108A6000FF2E01D300260CE03046761C04F11A01DB
:108A700001F80080BF1C09F1010995F82300484561
:108A8000DED800BF2EB93F223046761C04F11A0111
:108A90000A54002104F11A008155002060732879DE
:108AA0002073207B00F0100010B10020014603E08D
:108AB00005F1380000F08BF8C4E9000105F10C0065
:108AC00000F0B6F8608105F10E0000F0B1F82081E9
:108AD000BDE8F08710B502460B46002116E02B4892
:108AE00000EB011000681468A0420ED1274800EB8B
:108AF000011040689468A04207D1244800EB01109F
:108B00008068146BA04200D102E0491C0229E6D320
:108B100000BF022922D1002100E0491C022905D210
:108B20001A4800EB011000680028F6D1022901D193
:108B3000002010BD154C04EB011410682060134C8C
:108B400004EB011490686060104C04EB0114106B8E
:108B5000A06000200D4C04EB0114A08133B10B4840
:108B600000EB0110808908B10020E2E713B14FF457
:108B7000807004E0054800EB01108089401C034C24
:108B800004EB0114A081481CD3E70000FC2B00205B
:108B900070B505460C4604F11A0000F049F8064687
:108BA0002878032805D104F1140000F041F846EAC2
:108BB0000046304670BD0146C8788A7842EA0020F7
:108BC0004A7842EA00200A7842EA0020704770B5ED
:108BD0000246D3790024250245EA1364907940EADD
:108BE0000323250245EA1364507940EA0323250252
:108BF00045EA1364107940EA0323250245EA136429
:108C0000D07840EA0323200240EA1364917841EAD5
:108C10000323210241EA1364507840EA032325022A
:108C200045EA1364117841EA03231846214670BDD2
:108C3000014648780A7842EA0020704770B5044639
:108C40000D4628682060286AA06095F82400E0712D
:108C5000686A20F0FF000021C4E90401A86AE0640A
:108C60002046E16CFEF771FA06461EB9204600F078
:108C700003F80646304670BD2DE9F04704462068EB
:108C80004669A16B206800F0BFF8054615B128467B
:108C9000BDE8F087E06B0078852801D00220F7E777
:108CA00020223046E16B00F099F87078401C4FEAC2
:108CB0004018B8F1600F02D3B8F5187F01D902202F
:108CC000E6E700212046FDF7E5FF05460DB1284601
:108CD000DEE7A16B206800F097F805460DB1284645
:108CE000D6E7E06B0078C02801D00220D0E7202230
:108CF00006F12000E16B00F071F896F823002C30AB
:108D00000F21B0FBF1F0B8EB401F01D20220BFE70A
:108D1000402700BF00212046FDF7BCFF05460DB1EE
:108D20002846B5E7A16B206800F06EF805460DB146
:108D30002846ADE7E06B0078C12801D00220A7E704
:108D4000B7F5187F04D2F0192022E16B00F046F845
:108D500007F1200007464045DCD3B7F5187F0AD855
:108D6000304600F070FB8146B01CFFF761FF814583
:108D700001D002208CE700208AE70000EAF752FECB
:108D8000F7F7E8FCECF776FCECF758FCECF7ECFBBB
:108D9000F7F7DEFD0648E9F7E7FB07E0ECF714FD1F
:108DA0000448FCF7EDF80348FCF7C6F8F6E70000C6
:108DB0007803002020000020F0B503461D460C4635
:108DC000002000BF15F8017B14F801CBA7EB0C00C5
:108DD000561E321E01D00028F4D0F0BD30B5034637
:108DE0000C463AB100BF14F8015B03F8015B551E55
:108DF0002A1EF8D130BD10B5034600BF03F8011B91
:108E0000541E221EFAD110BD70B504460D46002630
:108E1000A06BA84210D0204600F0CEFA06465EB9FC
:108E2000607801232A4604F13C01FEF713FA10B1E1
:108E30004FF0FF350126A563304670BD2DE9F047A0
:108E400080460C4604F11A00FFF7F2FE10B1002034
:108E5000BDE8F087207820F04000401E00EB800144
:108E600001EBC0054FF00109002619E01449895DA6
:108E70000819FFF7DDFE0746B9F1000F09D0FF2DF5
:108E800001D30020E4E7B94628466D1C28F810708D
:108E900005E04FF6FF70874201D00020D8E7761C2E
:108EA0000D2EE3D3207800F0400030B1FF2D01D328
:108EB0000020CDE7002028F815000120C8E70000B9
:108EC000249A01082DE9F05F04460D4616464FF03E
:108ED0000209022D74D3206AA84271D92078012892
:108EE00006D0022859D003287DD0042811D17BE078
:108EF0002F4607EB5707A089B7FBF0F0E16A00EBBC
:108F0000010A51462046FFF77FFF8146B9F1000F65
:108F100000D0A2E038467F1CA189B0FBF1F201FB32
:108F2000120104F13C0001EB000805F0010028B13A
:108F3000F1B298F8000061F31F1000E0304688F8A5
:108F400000000120E070A089B7FBF0F0E16A00EBBF
:108F5000010A51462046FFF757FF8146B9F1000F3D
:108F600000D07AE0A089B7FBF0F100FB117104F1A9
:108F70003C0001EB000805F0010010B1C6F307103A
:108F800006E098F8000000F0F000C6F30321084363
:108F900088F800000120E0705FE0B4F80CA00AEB54
:108FA000DA704010B5FBF0F0E16A00EB010B5946B6
:108FB0002046FFF729FF8146B9F1000F02D04CE0AF
:108FC0004CE010E06800A189B0FBF1F201FB120156
:108FD00004F13C0001EB000AB1B2504600F055F933
:108FE0000120E07039E000BFB4F80CA04FEAEA704D
:108FF0000AEB90708010B5FBF0F0E16A00EB010B1A
:1090000059462046FFF700FF8146B9F1000F00D016
:1090100023E0207804280FD0A800A189B0FBF1F24A
:1090200001FB120104F13C0001EB000A5046FFF77E
:10903000C2FD66F31B000646A800A189B0FBF1F251
:1090400001FB120104F13C0001EB000A31465046DD
:1090500000F0E1F80120E07000BF00BF4846BDE825
:10906000F09F00002DE9F04707460C46154698464C
:1090700084F80D800F20E07200202073002104F19D
:109080001A0000F002F9681E00EB800101EBC00934
:1090900000200646824600BF4FF6FF70864204D08D
:1090A000484609F1010937F810600D4911F80A1016
:1090B0000819314600F0E9F80EB94FF6FF760AF1CB
:1090C000010082460D28E7D34FF6FF70864202D09A
:1090D00037F8190008B945F040052570BDE8F0875C
:1090E000249A01082DE9F05F06460F4690464FF09E
:1090F00000093468BA46BB46022F02D3206AB84240
:1091000002D80220BDE8F09FB8F1000F11D02078FE
:10911000042802D1F07902280BD04FF0FF324146EB
:109120002046FFF7CFFE8146B9F1000F01D0484637
:10913000E8E700BF39463046FFF7AAFA054605B909
:109140003EE0012D01D10220DCE7681C08B90120B6
:10915000D8E7207804280AD0002239462046FFF7B5
:10916000B1FE8146B9F1000F01D04846CAE7D4E903
:109170000710801E814206D2E069401CE061207920
:1091800040F0010020710BF10100A84201D1AB4673
:1091900012E0207804280DD1ABEB0A00421C00231A
:1091A00051462046FDF7A0F88146B9F1000F01D0E5
:1091B0004846A7E7AB46AA462F46206AB842B9D828
:1091C00000BF2078042812D1B8F1000F02D100208E
:1091D000F0710CE0F079032809D1B068404506D859
:1091E000B169B0680844404501D30220F071002005
:1091F00088E770B506460C461546A9B204F11A0078
:1092000000F043F83078032804D1290C04F114004D
:1092100000F03BF870BD00F8011B090A00F8011BC3
:10922000090A00F8011B090A00F8011B704730B554
:1092300000F8012B110A41EA03621B0A00F8012B16
:10924000110A41EA03621B0A00F8012B110A41EAE4
:1092500003621B0A00F8012B110A41EA03621B0A90
:1092600000F8012B110A41EA03621B0A00F8012BE6
:10927000110A41EA03621B0A00F8012B110A41EAB4
:1092800003621B0A00F8012B30BD00F8011B091214
:1092900000F8011B70472DE9F0410446206845693C
:1092A000284600F0D0F880464146A81CFFF7EDFFA5
:1092B0006878471C2046E16CFDF747FF064618E03A
:1092C000A16B2068FFF7A0FD064606B113E020223F
:1092D0002946E06BFFF782FD01202168C870781EE7
:1092E000071E00D107E0203500212046FDF7D2FC03
:1092F0000646002EE4D000BF0EB1012E02D130464A
:10930000BDE8F0810220FBE730B5014600200B22CA
:1093100000BF431003EBC01411F8015B6319D8B20E
:10932000531E1A1EF5D130BD70B50446204600F01C
:1093300043F80546002D38D1207803282ED1207916
:1093400001282BD1A289002104F13C00FFF753FD35
:109350004AF6552104F23A20FFF797FF144904F129
:109360003C00FFF758FF134904F50870FFF753FF5F
:1093700004F50970E169FFF74EFF04F50A70A16971
:10938000FFF749FFA06A401CA0636078012304F145
:109390003C01A26BFDF784FF002020716078002261
:1093A0001146FDF743FF00B10125284670BD0000BE
:1093B00052526141727241612DE9F0410446002729
:1093C000E078F8B1A56B607801232A4604F13C01EE
:1093D000FDF766FF08B1012714E00020E070E06AA5
:1093E000281A616A88420DD2A67809E0606A0544AD
:1093F000607801232A4604F13C01FDF751FF761EF7
:10940000022EF3D23846BDE8F08170B504460D4611
:1094100009268CB1206878B12068007860B1A088F6
:109420002168C988884207D121684878FDF72AFF5A
:1094300000F0010000B900260EB9206800E000200D
:109440002860304670BD30B502465478641C630114
:1094500000242046214610E0022901D1491C0BE0DE
:1094600000F0010414B14FF4004400E0002404EBC8
:109470006004555C2C44A0B2491C9942ECD330BD29
:1094800070B5064600241BE02846FEF7DDFC0546C5
:1094900004F0010010B14FF4004000E0002000EBA8
:1094A0006400E9B2084484B204F0010010B14FF442
:1094B000004000E0002000EB640000EB252084B2B7
:1094C00036F8021B0D1EDFD1204670BD10B50029F5
:1094D0000AD00878002807D005487844E7F77EFAD4
:1094E000002801D0002010BD0248784410BD0000C3
:1094F000C6270000BE2700002DE9C04130B4DFF8C8
:10950000A0C23CEA111418BF3CEA131400F0EC802E
:1095100081EA03051CEA111444EAD57418BF1CEA59
:10952000131500F0C780A4EB05044FF0004545EA91
:10953000C12145EAC32341EA505143EA525304F1A1
:109540007F74994204F500344FEAC0204FEAC222EA
:1095500008BF904200F09C804FEA13650FF240165E
:10956000765D4FEA134506FB05F7C7F1807706FBEA
:1095700007F74FEAD737A7FB03687642C8F580386C
:10958000A7FB06CE38BFA8F1010807FB08E64FF09D
:10959000000EA6FB028CE6FB03CEDCF1000CCEF144
:1095A000004E38BFAEF1010EA6FB0C584FF000077D
:1095B0004FF00005E6FB0E87A1FB08C6A0FB07CE17
:1095C00016EB0E0645F10005E1FB076515F1E04ECF
:1095D0007EBFA4F580345FEA46066D4116F1800730
:1095E00045F100054FEA17274FEA066647EA056787
:1095F000A6F1DE46B6F1805F4FEA15251FD9384641
:1096000024F0010C05EBC471BCF1FE6F01EB0C11F1
:1096100002D8F0BCBDE8008124425CBF01F5801E89
:109620009EEAC47F02D4F0BCBDE80081244238D455
:10963000F0BCA1F1C041BDE8004100F01AB94FEA09
:10964000D22242EA43524FEAD323A7FB02864FEAD3
:10965000D02040EA415007FB03661EEA0E0F4FEA96
:10966000D12105FB026658BFA6EB0056B6EB0056AB
:109670004FEA520E4EEAC37E18EB0E0E56EB530E17
:10968000BDD518EB02085E417F1C55F10005B6E719
:109690004FF480154FF000074FF000064FF0000820
:1096A000ADE7F0BC4FF0000001F1C04101F0004116
:1096B000BDE8008111EA0C1F0CEA131500D00CE084
:1096C00013EA0C1F00F025804FF00000F0BC81EA87
:1096D000030101F00041BDE80081F0BCBDE800419C
:1096E00081EA030100F0C5B8F0BCBDE8004170B5E7
:1096F00000F071F8097EFC3E00F007B881EA030132
:109700004FF0000001F00041704781EA030100F0D2
:10971000B0B8F0BCBDE800414FF0000021497047EF
:10972000FFFDFBF9F7F5F4F2F0EEEDEBE9E8E6E426
:10973000E3E1E0DEDDDBDAD8D7D5D4D3D1D0CFCDAD
:10974000CCCBCAC8C7C6C5C4C2C1C0BFBEBDBCBBE6
:10975000BAB9B8B7B6B5B4B3B2B1B0AFAEADACABE1
:10976000AAA9A8A8A7A6A5A4A3A3A2A1A09F9F9EBB
:109770009D9C9C9B9A99999897979695959493936D
:10978000929191908F8F8E8E8D8C8C8B8B8A898904
:109790008888878786858584848383828281818087
:1097A0000000FF070000F87F10F0004248BF404271
:1097B000B0FA80F310FA03F10AD0C3F11D0303F5E8
:1097C00080634FEA415002EB035202EBD121704714
:1097D0004FF0000070470EF1020E2EF0030E5EF8FF
:1097E000046B364205D4012A43EB030515F5001F2F
:1097F00012D8012841EB010C1CF5001F0CD80ED12A
:109800004FEAD17C15F5001F0CEB4C0C0CF1020C4F
:1098100008BF4CEBD37C04E04FF0080C01E04FEAAA
:10982000D37C0CEB4C0526FA05F606F00706B6F1DC
:10983000040C06D20EEB860CBDE870404CF0010C17
:109840006047DFE80CF0090B02024FF000414FF0D7
:109850000000A1F5002170BD19461046012851EB0A
:10986000010418BFD4F5001484BF002001F00041AA
:1098700070BD0808A0F500114FEA310170470000E3
:1098800043004FEAD30C4FEA3C0C43401FBF400754
:109890000CF1605113F0FE4F70471CF0006F03D1C4
:1098A00000200CF0004170470CF0004343EA507078
:1098B00010B540EACC0000F00EF800BF00000092A6
:1098C0004FEA0001FFF7D5BF4FF000414FF0000015
:1098D000A1F5002170470EF1020E2EF0030E5EF886
:1098E000044B244204D44FEA4102B2F17F4F11D815
:1098F0004FEA4003B3F17F4F0CD80ED14FEAD07C32
:10990000B2F17F4F0CEB4C0C0CF1020C08BF4CEB8E
:10991000D17C04E04FF0080C01E04FEAD17C0CEB65
:109920004C0324FA03F404F00704B4F1040C06D247
:109930000EEB840CBDE810404CF0010C6047DFE8F2
:109940000CF0070802024FF00040A0F5800010BDA7
:109950000846420018BFD2F1807288BF00F0004074
:1099600010BD4FF04070E1EE100A7047E7F7FEB906
:10997000000610160006101600000000000000008F
:1099800001020304060708090000000001020304A5
:10999000997D00088D7E0008257E0008AD7E0008B8
:1099A000A17D000843554541414141434545454955
:1099B000494941414592924F4F4F5555594F554F47
:1099C0009C4F9E9F41494F55A5A5A6A7A8A9AAAB04
:1099D000ACADAEAFB0B1B2B3B4414141B8B9BABBAE
:1099E000BCBDBEBFC0C1C2C3C4C54141C8C9CACB4A
:1099F000CCCDCECFD1D145454549494949D9DADB0E
:109A0000DCDD49DF4FE14F4F4F4FE6E8E855555554
:109A10005959EEEFF0F1F2F3F4F5F6F7F8F9FAFB35
:109A2000FCFDFEFF01030507090E10121416181C99
:109A30001E000100040010004000000100020000B0
:109A40000100020004000800100020000000C70010
:109A5000FC00E900E200E400E000E500E700EA00C5
:109A6000EB00E800EF00EE00EC00C400C500C90008
:109A7000E600C600F400F600F200FB00F900FF006B
:109A8000D600DC00F800A300D800D7009201E10066
:109A9000ED00F300FA00F100D100AA00BA00BF0007
:109AA000AE00AC00BD00BC00A100AB00BB00912526
:109AB0009225932502252425C100C200C000A900DB
:109AC0006325512557255D25A200A50010251425E5
:109AD00034252C251C2500253C25E300C3005A25F0
:109AE000542569256625602550256C25A400F000C5
:109AF000D000CA00CB00C8003101CD00CE00CF009D
:109B000018250C2588258425A600CC008025D300A7
:109B1000DF00D400D200F500D500B500FE00DE0065
:109B2000DA00DB00D900FD00DD00AF00B400AD00BD
:109B3000B1001720BE00B600A700F700B800B000C3
:109B4000A800B700B900B300B200A025A0006100D2
:109B50001A03E0001703F8000703FF000100780173
:109B60000001300132010601390110014A012E01C4
:109B70007901060180014D004302810182018201C9
:109B80008401840186018701870189018A018B0193
:109B90008B018D018E018F01900191019101930143
:109BA0009401F60196019701980198013D029B01ED
:109BB0009C019D0120029F01A001A001A201A20120
:109BC000A401A401A601A701A701A901AA01AB0153
:109BD000AC01AC01AE01AF01AF01B101B201B30103
:109BE000B301B501B501B701B801B801BA01BB01B4
:109BF000BC01BC01BE01F701C001C101C201C3012A
:109C0000C401C501C401C701C801C701CA01CB0114
:109C1000CA01CD011001DD0101008E01DE0112013A
:109C2000F3010300F101F401F401F801280122021B
:109C300012013A020900652C3B023B023D02662CF0
:109C40003F0240024102410246020A015302400023
:109C500081018601550289018A0158028F015A0249
:109C600090015C025D025E025F029301610262028A
:109C700094016402650266026702970196016A0216
:109C8000622C6C026D026E029C01700271029D01D9
:109C9000730274029F0176027702780279027A02D7
:109CA0007B027C02642C7E027F02A601810282027A
:109CB000A9018402850286028702AE014402B10135
:109CC000B20145028D028E028F0290029102B7010D
:109CD0007B030300FD03FE03FF03AC0304008603C4
:109CE000880389038A03B1031103C2030200A3039B
:109CF000A303C4030803CC0303008C038E038F0368
:109D0000D8031801F2030A00F903F303F403F5037F
:109D1000F603F703F703F903FA03FA033004200309
:109D200050041007600422018A043601C1040E01A8
:109D3000CF040100C004D0044401610526040000E2
:109D40007D1D0100632C001E9601A01E5A01001FFC
:109D50000806101F0606201F0806301F0806401FB1
:109D60000606511F0700591F521F5B1F541F5D1F1E
:109D7000561F5F1F601F0806701F0E00BA1FBB1F13
:109D8000C81FC91FCA1FCB1FDA1FDB1FF81FF91F0F
:109D9000EA1FEB1FFA1FFB1F801F0806901F080613
:109DA000A01F0806B01F0400B81FB91FB21FBC1FB8
:109DB000CC1F0100C31FD01F0206E01F0206E51FD3
:109DC0000100EC1FF21F0100FC1F4E210100322197
:109DD00070211002842101008321D0241A05302C27
:109DE0002F04602C0201672C0601752C0201802CC7
:109DF0006401002D260841FF1A03000000000E1028
:109E0000110E040C0D12000E010F110F040A000EAA
:109E1000010F110F0D12000E1111110E000204009E
:109E20000E11110E00040A000E11110E040A000E8C
:109E3000111F100E0204000E111F100E0204000E5E
:109E4000010F110F0804000E010F110F020400048E
:109E50000C04040E0204111111130D000F10101048
:109E6000110E040C0D12000E111F11110D12000E17
:109E70001111110E0204001F101E101F0204000E0B
:109E8000111F1111000E0E0E1F0E040000040E1FF4
:109E90000E0E0E000609090600000000202A2A2ADC
:109EA00020434944455045202A2A2A200020455174
:109EB00032323845202076782E313120200020495A
:109EC00044494F4D412F4C414E4755414745005065
:109ED0006F72742020456E6720202045737020002B
:109EE0002A2A2043524F4E4F4D4554524F202A2A82
:109EF000004D554C544946554E4354494F4E414CE4
:109F000020002A2A2043524F4E4F4D4554524F2095
:109F10002A2A00204D554C544946554E43494F4E30
:109F2000414C20002020202054494D455220202023
:109F30002020202000204D554C544946554E435476
:109F4000494F4E414C004553434F4C48412041201E
:109F500046554E43414F002053454C4543542046FF
:109F6000554E4354494F4E004553434F4A412020DC
:109F70002046554E43494F4E0066756E63616F2013
:109F800020202020616A7564610046756E637469E3
:109F90006F6E2020202068656C700046756E6369C6
:109FA0006F6E2020202061797564610020202020C0
:109FB0002020206F6B20202020202020003C20200B
:109FC00020202020202020202020206F6B003C20FB
:109FD00020202020206F6B2020202020203E003CCD
:109FE000202020202020206D6D202020206F6B005D
:109FF0003C20202020202020204B672020206F6B39
:10A000000020202050656E20447269766520202053
:10A010002000202020466C617368204472697665B8
:10A020002020002020202050656E44726976652033
:10A0300020200000202020496E7365726964612031
:10A040002020200000202020496E73657274656412
:10A0500020202020200020202020496E736572746B
:10A0600061646F2020000020202052656D6F7669AA
:10A07000646120202020000020202052656D6F7632
:10A080006564656420202020002020202052656D1A
:10A090006F746F20202020200000463120203220C5
:10A0A000612020352073656E73200046312020200A
:10A0B0003220746F20352073656E73004631202086
:10A0C000202032206120352073656E7300463220D7
:10A0D00020566D2020312073656E736F72004633F9
:10A0E0002020313070617373203173656E730046C8
:10A0F000332020313070617373203173656E7300CB
:10A100004633202031307061736F203173656E7378
:10A110000046342050656E642F4D485320317365DE
:10A120006E0046342050656E642F53484D203173C5
:10A13000656E0046342050656E642F4D48532031C3
:10A1400073656E0046352020426F62206520312005
:10A1500073656E73004635202020436F696C203193
:10A160002073656E730046352020426F622079208F
:10A17000312073656E73004636204D4369726375F6
:10A180006C61723173656E00463620432E4D6F74DC
:10A19000696F6E203173656E004636204D436972DB
:10A1A00063756C61723173656E0046372043686F6A
:10A1B000712D496E6C203273656E00463720496EF2
:10A1C000652D636F6C6C6973696F6E004637204351
:10A1D000686F712D496E65203273656E00463820B8
:10A1E00043686F712D456C73203273656E0046387D
:10A1F00020456C732D636F6C6C6973696F6E0046DC
:10A20000382043686F712D456C73203273656E0082
:10A210004639205620536F6D203273656E7341634B
:10A220000046313020207420206D616E75616C20F5
:10A230002000494E534552495220444953542E3F21
:10A24000202000494E534552542044495354414E16
:10A2500043453F00494E53455254415220444953CF
:10A26000542E203F00206E616F20202020202020CF
:10A270002073696D2000206E6F2020202020202078
:10A2800020207965732000206E6F20202020202060
:10A2900020202020736920006420656E7472652080
:10A2A000533020652053312000642020626574778C
:10A2B00065656E2053302D533100642020656E7427
:10A2C00072652053302079205331003C006D6D20A1
:10A2D0002020206F6B006420656E747265205330FF
:10A2E0002065205332200064202062657477656504
:10A2F0006E2053302D533200642020656E747265D9
:10A300002053302079205332006420656E747265CA
:10A310002053302065205333200064202062657470
:10A320007765656E2053302D533300642020656EB1
:10A330007472652053302079205333006420656E99
:10A34000747265205330206520533420006420202F
:10A350006265747765656E2053302D533400642038
:10A3600020656E7472652053302079205334004E7E
:10A370006F2E2064652073656E736F7265733F0086
:10A380004E6F2E2053454E534F5253203F202020D6
:10A39000004E6F2E2064652073656E736F72657357
:10A3A0003F0020322020202020202020202020209C
:10A3B000352000494E5345524952204C4152475591
:10A3C00052413F00494E5345525420574944544846
:10A3D000203F202000494E53455254415220414EC7
:10A3E0004348555241004C41524755524120444F39
:10A3F000204F424A2E20004F424A4543542057499D
:10A400004454482020202000414E434855524120CA
:10A4100044454C204F424A2E006420656E7472659C
:10A42000205330206520533100006420626574772A
:10A4300065656E434F494C2D5330006420656E7442
:10A44000726520626F622079205330004E756D2E48
:10A4500020496E74657276616C6F7320004E756D65
:10A46000622E20496E74657276616C7320004E75A1
:10A470006D2E20496E74657276616C6F73200020BA
:10A4800031202020202020202020202031302000BA
:10A490006420656E747265206D69632E2020202013
:10A4A0000064206265747765656E206D69632020A5
:10A4B00020006420656E747265206D696320202021
:10A4C000202000496E74657276616C6F733A20319A
:10A4D00061313000496E74657276616C733A203177
:10A4E000746F313000496E74657276616C6F733AC7
:10A4F000203161313000494E49434945204558508B
:10A500004552494D2E200053544152542045585035
:10A510004552494D454E5400494E49434941522008
:10A520004558504552494D2E002020202020202003
:10A53000202063616E63656C610020202020202054
:10A540002020202063616E63656C00202020202085
:10A550002020202063616E63656C6100743D0045BE
:10A5600058502E2046494E414C495A41444F2000F4
:10A570004558502E2046494E4953484544202020F6
:10A58000004558502E2046494E414C495A41444FAF
:10A5900020007665722020726570657469722020D3
:10A5A000203E00736565202072657065617420200F
:10A5B00020203E0076657220207265706574697295
:10A5C0002020203E003C2020202053616C766172C8
:10A5D000202020463F003C2020202073617665200B
:10A5E00020202020463F003C2020206775616461C8
:10A5F0007220202020463F002020524553554C54C5
:10A6000041444F28532920200020202052455355F3
:10A610004C54285329202020200020524553554CCB
:10A620005441444F2853292020200020742020200A
:10A630002076656C202020736169720020742020D0
:10A64000202076656C2020207175697400207420AC
:10A6500020202076656C202073616C697200207464
:10A6600020202020202020202020736169720020DB
:10A670007420202020202020202020717569740063
:10A68000207420202020202020202073616C6972FB
:10A690000074302C313A0074302C323A0074302C73
:10A6A000333A0074302C343A0074312C323A00744E
:10A6B000322C333A0074332C343A00566D302C313E
:10A6C0003A00566D302C323A00566D302C333A0039
:10A6D000566D302C343A00566D312C323A00566D9E
:10A6E000322C333A00566D332C343A006573636F65
:10A6F0006C686120612066756E63616F0065207013
:10A7000072657373696F6E65206F6B2E2E006578AE
:10A71000697374656D203132207469706F73002025
:10A720002064652066756E636F65732E202020009F
:10A73000743D00566D3D00207420202066726571C6
:10A7400020202073616972002074202020667265C9
:10A750007120202071756974002074202020667299
:10A760006571202073616C69720061203D0056663E
:10A770003D00743A53302020743A533120207361E5
:10A78000697200743A53302020743A53312020719A
:10A7900075697400743A53302020743A5331207331
:10A7A000616C697200463131207465737465207381
:10A7B000656E736F72004631312073656E736F7210
:10A7C00020746573742000463131202070727565E5
:10A7D00062612073656E73002020202020202020DD
:10A7E000202020207361697200202020202020205A
:10A7F0002020202020717569740020202020202036
:10A80000202020202073616C697200646574656388
:10A81000746F75206120696E743020002020202024
:10A8200020202020202020202020202000463132FF
:10A8300020204563205472616E736C2E20004631D7
:10A840003220204563205472616E736C2E200046C6
:10A85000313220204563205472616E736C2E2000CB
:10A86000434F4D5052494D2E20444F204F424A2EC7
:10A8700000204D4153534120444F204F424A2E2047
:10A88000200020204F424A45435420204D4153533D
:10A89000202000204D415341202044454C204F4270
:10A8A0004A2E200045633D00463920535620324150
:10A8B000636F757353656E730046313020207420CA
:10A8C000206D616E75616C2020003C6D6D20202034
:10A8D000206F6B0074302C313A0074302C323A0007
:10A8E00074302C333A0074302C343A0074312C32EA
:10A8F0003A0074322C333A0074332C343A004368F3
:10A900006F6F73652066756E6374696F6E2000618A
:10A910006E64207072657373206F6B2E2E20200082
:10A9200074686572652061726520313220202020B4
:10A9300000646966666572656E742074797065730B
:10A940002E00204F424A45435420204C454E475448
:10A950004820004639205653203273656E73416398
:10A960006F75730046313020207420206D616E7544
:10A97000616C2020003C6D6D202020206F6B0074E6
:10A98000302C313A0074302C323A0074302C333A87
:10A990000074302C343A0074312C323A0074322C6A
:10A9A000333A0074332C343A004573636F6A612084
:10A9B000202066756E63696F6E0079207072657312
:10A9C000696F6E65206F6B2E2E2000657869737439
:10A9D000656E203132207469706F73006465206683
:10A9E000756E63696F6E65732E20202000204C41C8
:10A9F00052474F2044454C204F424A2E20003C20D5
:10AA00002020202020202020202020206F6B003CB0
:10AA10002020202020202020202020202020200056
:10AA2000496E73657269722070656E6472697665CD
:10AA300000204E6F20466C61736820447269766511
:10AA4000200053696E20556E6964616420666C61F4
:10AA500073680020202020202020202063616E6366
:10AA6000656C6100202020202020202020206361B0
:10AA70006E63656C00202020202020202020636150
:10AA80006E63656C61004558502E2046494E414C1E
:10AA9000495A41444F20004558502E2046494E49BE
:10AAA00053484544202020004558502E2046494E0A
:10AAB000414C495A41444F20007265706574697277
:10AAC00020202020202020463F00726570656174A0
:10AAD0002020202020202020463F007265706574D1
:10AAE000697220202020202020463F0053616C7690
:10AAF0006F75206461646F7320202020005361769D
:10AB00006564206461746120202020202000477546
:10AB100061726461646F2020202020202020004585
:10AB200072726F206461646F7320202020202000E7
:10AB30004572726F72206461746120202020202091
:10AB4000004572726F7220202020202020202020BB
:10AB5000200001000000F0000000F40311000200DA
:10AB60000100010015000300020002001F000400A4
:10AB70000300030029000500040004003300060060
:10AB8000050005003D00070006000600480008001B
:10AB90000700070052000900080008005C000A00D6
:10ABA00009000900630084030A0064000B000C0024
:10ABB0000B000B000C000D000C000C000D000E0033
:10ABC0000D000D000E000F000E000E000F006400BF
:10ABD0000F00640015001600150015001600640033
:10ABE0001600640033003400330033003400640086
:10ABF000340064006400000064009600AA006A004B
:10AC00006E009C006E009700960096006E00980003
:10AC1000970097006E009900980098006E009A00C7
:10AC2000990099006E009B009A009A006E009C00AB
:10AC30009B009B006E0096009C00B0006E00AB0075
:10AC4000AA00AA006E00AC00AB00AB006E00AD0025
:10AC5000AC00AC006E00AE00AD00AD006E00AF0009
:10AC6000AE00AE006E00B000AF00AF006E00AA00F4
:10AC7000B00064005B005C005B0009005C006400E5
:10AC80005C00120011001300110095006E00950089
:10AC90009500A9006E00A900A9002602F901010093
:10ACA000F801C201D6016A009A0129026A0027024E
:10ACB000260226026A002802270227026A002902C9
:10ACC000280228026A0026022902E5046A00FB0025
:10ACD000FA00FA006A00E504FB00EE0202036A00D3
:10ACE000C602B7036A00B703B603B6036A00B60329
:10ACF000B70396006F006A006F00FC006A00FC005A
:10AD0000FC0025026A00250225026300630064003E
:10AD100063000A008603F4038403860386030000AD
:10AD200086038403FD030100F403F403FD03FE0323
:10AD3000FD03FD03FE036400FE03FB006A00FA004E
:10AD4000E504490048004A004800530052005400FE
:10AD50005200520366036A002A035072657373E35C
:10AD60006F20202020F0FF204F4B0050657373753B
:10AD7000726520202020F0FF204F4B005072657339
:10AD800069F36E20202020F0FF204F4B0054656DAA
:10AD90007020313530202020F0FF204F4B005465CB
:10ADA0006D7020313530202020F0FF204F4B0054B3
:10ADB000656D7020313530202020F0FF204F4B0092
:10ADC0004D6F646F206465204F70657261E7E36FBB
:10ADD000004D6F646F206465204F70657261E7E31A
:10ADE0006F004D6F646F206465204F70657261E77E
:10ADF000E36F0041717569202043616C2020204978
:10AE00006E64690041717569202020496E64696330
:10AE100061646F720041717569202020496E646918
:10AE20006361646F720053656C6563696F6E652062
:10AE30005330202020200053656C6563742053300C
:10AE4000202020202020200053656C656363696FFB
:10AE50006E652053302020200054656D706F2041B6
:10AE60006D6F7374726167656D0053616D706C65B1
:10AE70002054696D652020202020005469656D7084
:10AE80006F204D7565737472656F200054656D7029
:10AE90006F20646520456E7361696F20004578708E
:10AEA000657269656E63652054696D65200054693B
:10AEB000656D706F20646520507275656261005029
:10AEC00072F378696D6F2053656E736F723F200067
:10AED0004E6578742053656E736F723F202020207A
:10AEE000005072F378696D6F2053656E736F723F17
:10AEF000200053616C766172204461646F733F205F
:10AF00002020005361766520446174613F20202039
:10AF10002020200047756172646172204461746F63
:10AF2000733F20200053616C76616E646F20446132
:10AF3000646F73202000536176696E6720446174EA
:10AF4000612020202020004775617264616E646F6B
:10AF5000204461746F73200072657065746972209B
:10AF60002020202073616972007265706561742011
:10AF700020202020207175697400726570657469E5
:10AF8000722020202073616C6972003C20202020F8
:10AF9000506175736172202020203E003C202020EB
:10AFA00020506175736520202020203E003C202029
:10AFB0002020506175736120202020203E003C201D
:10AFC000202043616E63656C61722020203E003C4E
:10AFD0002020202043616E63656C202020203E00ED
:10AFE0003C20202043616E63656C61202020203E60
:10AFF0000056657220566F6C7461722050617261E8
:10B0000072005365652052657475726E202053740A
:10B010006F700056657220566F6C7665722053749F
:10B020006F7000003C20202020566F6C74617220ED
:10B030002020203E003C2020202052657475726E36
:10B04000202020203E003C20202020566F6C76657A
:10B0500072202020203E003C202020436F6E636C35
:10B0600075ED646F20203E003C202020436F6E630E
:10B070006C7564656420203E003C202020436F6E88
:10B08000636C7569646F20203E0053656C6563696D
:10B090006F6E65205331202020200053656C65635E
:10B0A00074205331202020202020200053656C651F
:10B0B0006363696F6E652053312020200053656CF7
:10B0C0006563696F6E652053322020202000536530
:10B0D0006C656374205332202020202020200053F0
:10B0E000656C656363696F6E6520533220202000B4
:10B0F00053656C6563696F6E652053332020202093
:10B100000053656C65637420533320202020202079
:10B11000200053656C656363696F6E65205333204F
:10B1200020200053656C6563696F6E652053342081
:10B130002020200053656C65637420533420202048
:10B14000202020200053656C656363696F6E652065
:10B1500053342020200053616C766F752064616445
:10B160006F732053302000536176656420646174EE
:10B170006120533020202000477561726461646F44
:10B1800020533020202020200053616C766F7520E2
:10B190006461646F732053312000536176656420CD
:10B1A000646174612053312020200047756172640E
:10B1B00061646F20533120202020200053616C7681
:10B1C0006F75206461646F73205332200053617681
:10B1D000656420646174612053322020200047752B
:10B1E00061726461646F205332202020202000535C
:10B1F000616C766F75206461646F73205333200037
:10B20000536176656420646174612053332020208B
:10B2100000477561726461646F20533320202020E1
:10B22000200053616C766F75206461646F732053E6
:10B230003420005361766564206461746120533466
:10B2400020202000477561726461646F20533420B0
:10B2500020202020004572726F206461646F73208B
:10B260005330202020004572726F72206461746137
:10B27000205330202020004572726F7220533020FE
:10B2800020202020202020004572726F20646164FD
:10B290006F73205331202020004572726F7220643A
:10B2A000617461205331202020004572726F72203A
:10B2B00053312020202020202020004572726F2052
:10B2C0006461646F73205332202020004572726FD6
:10B2D0007220646174612053322020200045727214
:10B2E0006F72205332202020202020202000457221
:10B2F000726F206461646F732053332020200045F7
:10B3000072726F72206461746120533320202000B8
:10B310004572726F7220533320202020202020207D
:10B32000004572726F206461646F73205334202073
:10B3300020004572726F7220646174612053342062
:10B340002020004572726F7220533420202020206C
:10B3500020202000416A757374612054656D70313E
:10B36000353020200041717569202020496E6469C4
:10B370006361646F720041717569202020496E64B9
:10B38000696361646F7200496E7369726120533042
:10B3900020202020204F4B0041717569202020493A
:10B3A0006E64696361646F72004171756920202069
:10B3B000496E64696361646F7200205265746F72D4
:10B3C0006E6120416A757374652000417175692052
:10B3D0002020496E64696361646F72004171756910
:10B3E000202020496E64696361646F72003C2064B0
:10B3F00065206661627269636120204F4B00417174
:10B400007569202020496E64696361646F72004130
:10B41000717569202020496E64696361646F7200F0
:10B420004D656E6F72205072657373E36F2020203C
:10B430000041717569202020496E64696361646F01
:10B44000720041717569202020496E6469636164EE
:10B450006F72004D656E6F722054656D706572611C
:10B460007475200041717569202020496E646963FC
:10B4700061646F720041717569202020496E6469B2
:10B480006361646F72004D61696F72205072657301
:10B4900073E36F2020200041717569202020496EE0
:10B4A00064696361646F720041717569202020498D
:10B4B0006E64696361646F72004D61696F722054DC
:10B4C000656D706572617475200041717569202029
:10B4D00020496E64696361646F720041717569200F
:10B4E0002020496E64696361646F7200416A7573FC
:10B4F0007461205072657373616F20200041717513
:10B5000069202020496E64696361646F7200417133
:10B510007569202020496E64696361646F72000060
:10B5200001000000260002000000000000000300EF
:10B5300003000300030004000400040004000500ED
:10B5400005001600050006000600060006000700BC
:10B5500007000700070008000800080008000900AD
:10B560000900160009000A000A000A000A000B0080
:10B570000B000B000B000C000C000C000C000D006D
:10B580000D0016000D000E000E000E000E000F0044
:10B590000F000F000F00100010001000100011002D
:10B5A0001100160011001200120012001200130008
:10B5B00013001300130014001400140014001600EC
:10B5C0001E0024001E001F0020001E00200021007D
:10B5D00021001E0021002200240016002400250066
:10B5E00016001600170016001700170018001700A5
:10B5F00018001A001D001B001A001A001D001A0076
:10B60000190019001B0019001C001C001E001C0062
:10B610002600010027002800280026002800290015
:10B62000290028002A0029002A00290026002A00D3
:10B630002700010027002600000000000000000095
:10B6400000000000000000000000000000000000FA
:10B6500000000000000000000000000000000000EA
:10B6600000000000000000000000000000000000DA
:10B670000000000000000000202020202020206F7B
:10B680006B20202020202020003C20202020202073
:10B69000202020202020206F6B003C202020202014
:10B6A00020202020202020202020003C202020209E
:10B6B000202020202020202020203E006E616F20AE
:10B6C00020202020202020202073696D006E6F2014
:10B6D00020202020202020202020796573006E6FFC
:10B6E00020202020202020202020202073690020DE
:10B6F000202020202020202020202020202020006A
:10B70000496E73657269722070656E6472697665E0
:10B7100000204E6F20466C61736820447269766524
:10B72000200053696E20556E6964616420666C6107
:10B73000736800494E494349452045585045524990
:10B740004D2E2000535441525420455850455249E3
:10B750004D454E5400494E494349415220455850A9
:10B760004552494D2E000E0E3C2020202020202046
:10B77000202020202020203E00416E616C6F672039
:10B7800020206469676974616C00416E616C6F6749
:10B790002020206469676974616C00416E616CF3FC
:10B7A000672020206469676974616C0000000000F4
:10B7B000963007772C610EEEBA51099919C46D07BE
:10B7C0008FF46A7035A563E9A395649E3288DB0E19
:10B7D000A4B8DC791EE9D5E088D9D2972B4CB609FC
:10B7E000BD7CB17E072DB8E7911DBF906410B71DD9
:10B7F000F220B06A4871B9F3DE41BE847DD4DA1A12
:10B80000EBE4DD6D51B5D4F4C785D38356986C1342
:10B81000C0A86B647AF962FDECC9658A4F5C0114BB
:10B82000D96C0663633D0FFAF50D088DC8206E3B99
:10B830005E10694CE44160D5727167A2D1E4033CAB
:10B8400047D4044BFD850DD26BB50AA5FAA8B535D2
:10B850006C98B242D6C9BBDB40F9BCACE36CD832C1
:10B86000755CDF45CF0DD6DC593DD1ABAC30D92668
:10B870003A00DE518051D7C81661D0BFB5F4B4216B
:10B8800023C4B3569995BACF0FA5BDB89EB8022868
:10B890000888055FB2D90CC624E90BB1877C6F2FED
:10B8A000114C6858AB1D61C13D2D66B69041DC76E8
:10B8B0000671DB01BC20D2982A10D5EF8985B171C1
:10B8C0001FB5B606A5E4BF9F33D4B8E8A2C9077870
:10B8D00034F9000F8EA8099618980EE1BB0D6A7F07
:10B8E0002D3D6D08976C6491015C63E6F4516B6BC0
:10B8F00062616C1CD83065854E0062F2ED95066C75
:10B900007BA5011BC1F4088257C40FF5C6D9B065E9
:10B9100050E9B712EAB8BE8B7C88B9FCDF1DDD6246
:10B92000492DDA15F37CD38C654CD4FB5861B24DAC
:10B93000CE51B53A7400BCA3E230BBD441A5DF4A76
:10B94000D795D83D6DC4D1A4FBF4D6D36AE9694339
:10B95000FCD96E34468867ADD0B860DA732D0444E4
:10B96000E51D03335F4C0AAAC97C0DDD3C7105500F
:10B97000AA41022710100BBE86200CC925B56857B6
:10B98000B3856F2009D466B99FE461CE0EF9DE5EFF
:10B9900098C9D9292298D0B0B4A8D7C7173DB359B0
:10B9A000810DB42E3B5CBDB7AD6CBAC02083B8ED41
:10B9B000B6B3BF9A0CE2B6039AD2B1743947D5EA4E
:10B9C000AF77D29D1526DB048316DC73120B63E37D
:10B9D000843B64943E6A6D0DA85A6A7A0BCF0EE4DC
:10B9E0009DFF099327AE000AB19E077D44930FF097
:10B9F000D2A3088768F2011EFEC206695D5762F78E
:10BA0000CB67658071366C19E7066B6E761BD4FECA
:10BA1000E02BD3895A7ADA10CC4ADD676FDFB9F9A7
:10BA2000F9EFBE8E43BEB717D58EB060E8A3D6D669
:10BA30007E93D1A1C4C2D83852F2DF4FF167BBD197
:10BA40006757BCA6DD06B53F4B36B248DA2B0DD89A
:10BA50004C1B0AAFF64A0336607A0441C3EF60DF3D
:10BA600055DF67A8EF8E6E3179BE69468CB361CB26
:10BA70001A8366BCA0D26F2536E2685295770CCC4B
:10BA800003470BBBB91602222F260555BE3BBAC58C
:10BA9000280BBDB2925AB42B046AB35CA7FFD7C27D
:10BAA00031CFD0B58B9ED92C1DAEDE5BB0C2649B6E
:10BAB00026F263EC9CA36A750A936D02A906099CA1
:10BAC0003F360EEB8567077213570005824ABF9514
:10BAD000147AB8E2AE2BB17B381BB60C9B8ED29297
:10BAE0000DBED5E5B7EFDC7C21DFDB0BD4D2D386EE
:10BAF00042E2D4F1F8B3DD686E83DA1FCD16BE8161
:10BB00005B26B9F6E177B06F7747B718E65A088831
:10BB1000706A0FFFCA3B06665C0B0111FF9E658FC2
:10BB200069AE62F8D3FF6B6145CF6C1678E20AA06C
:10BB3000EED20DD75483044EC2B30339612667A7F2
:10BB4000F71660D04D476949DB776E3E4A6AD1AE41
:10BB5000DC5AD6D9660BDF40F03BD83753AEBCA9D0
:10BB6000C59EBBDE7FCFB247E9FFB5301CF2BDBD3D
:10BB70008AC2BACA3093B353A6A3B4240536D0BA46
:10BB80009306D7CD2957DE54BF67D9232E7A66B3E3
:10BB9000B84A61C4021B685D942B6F2A37BE0BB490
:10BBA000A18E0CC31BDF055A8DEF022D30313233CD
:10BBB00034353637383941424344454640305800E1
:10BBC0003031323334353637383961626364656613
:10BBD000403078000400000800000000000000026F
:10BBE000000100001000000002400000000000A062
:10BBF0000000000005400000000000C80000000038
:10BC00000C4000000000409C0000000019400000B3
:10BC10000020BCBE0000000034400000BFC91B8EE5
:10BC200000000004B5400000504BCFD06607E2CFC3
:10BC3000010000006C4100003E8251AADFEEA734F3
:10BC400001000000D9420000DCB5A0E23A301F97A5
:10BC5000FFFFFFFFB4450000FD25A0C8E9A3C14FC9
:10BC6000FFFFFFFFFF3F000000000080000000001A
:10BC7000FF3F000000000080000000004D53430023
:10BC8000BCBC01080000002058020000D0010008E0
:10BC900070BD01085802002020BD00002C020008E1
:10BCA0001C00000043000000F8FFFFFF0C00000034
:10BCB0000E0000000F0000002E00000001343210C2
:10BCC0004201031124F4367CBC01080813CD6A1B21
:10BCD0000875041347691408716C14084377291711
:10BCE0009132E336049E0108FF32F55A140C32E714
:10BCF0004BFC9D0C32E15A3C1832E05A440C32E9BC
:10BD00005A340C32ED5A4C0C32F35A1C0C32E25AB3
:10BD10000C0C32EA5A2C0C29B25A240C32FA5A541E
:10BD20000C32C35A640C32D55A6C0C32C75A5C0CB4
:10BD30002AC1E0590C32C95A740C32F05A840C29C9
:10BD4000045A8C0C32B05A940C3919411404024034
:10BD50005A10085A20085A400802108069356105B7
:10BD6000140AD7A33D025708021319022701000045
:040000050800019559
:00000001FF
