:020000040000FA
:1000000002EF64F03AEF00F0056ED8CF06F0E0CFD3
:1000100007F00001E9CF0DF0EACF08F0E1CF09F0D9
:10002000E2CF0AF0D9CF0BF0DACF0CF0F3CF14F017
:10003000F4CF15F0FACF16F000C00FF001C010F0A9
:1000400002C011F003C012F004C013F09DA02CEF09
:1000500000F09EB042EF12F0F2A832EF00F0F2B2E0
:10006000DDEF10F0F2A638EF00F0F2B0E0EF0FF0A5
:1000700002EF00F00FC000F010C001F011C002F05C
:1000800012C003F013C004F00E8E0DC0E9FF08C0CB
:10009000EAFF09C0E1FF0AC0E2FF0BC0D9FF0CC0B4
:1000A000DAFF14C0F3FF15C0F4FF16C0FAFF0550C5
:1000B00007C0E0FF06C0D8FF1000F2CF0EF0F29E9E
:1000C000F76AD40FF66E000EF7220900F5500EBE47
:1000D000F28E1200280C0106F2CF0EF0F29EF76AA3
:1000E000F20FF66E000EF7220900F5500EBEF28EEA
:1000F0001200202A2A2A20434944455045202A2A12
:100100002A200000F2CF0EF0F29EF76A1E0FF66E64
:10011000010EF7220900F5500EBEF28E12002045A6
:100120005132323845202076312E312020200000F7
:10013000F2CF0EF0F29EF76A4A0FF66E010EF7222A
:100140000900F5500EBEF28E1200204944494F4D71
:10015000412F4C414E47554147450000F2CF0EF02C
:10016000F29EF76A760FF66E010EF7220900F5503F
:100170000EBEF28E1200506F72742020456E672002
:100180002020457370200000F2CF0EF0F29EF76A37
:10019000A20FF66E010EF7220900F5500EBEF28E88
:1001A00012002A2A2043524F4E4F4D4554524F20A1
:1001B0002A2A0000F2CF0EF0F29EF76ACE0FF66EFA
:1001C000010EF7220900F5500EBEF28E1200204DEE
:1001D000554C544946554E43494F4E414C20000022
:1001E000F2CF0EF0F29EF76AFA0FF66E010EF722CA
:1001F0000900F5500EBEF28E12004553434F4C4895
:100200004120412046554E43414F0000F2CF0EF0B1
:10021000F29EF76A260FF66E020EF7220900F550DD
:100220000EBEF28E120066756E63616F2020202074
:1002300020616A7564610000F2CF0EF0F29EF76AE9
:10024000520FF66E020EF7220900F5500EBEF28E26
:100250001200463120203220612020352073656E47
:1002600073200000F2CF0EF0F29EF76A7E0FF66E5A
:10027000020EF7220900F5500EBEF28E1200202069
:10028000202020206F6B2020202020200000F2CF93
:100290000EF0F29EF76AA80FF66E020EF722090022
:1002A000F5500EBEF28E120046322020566D2020F0
:1002B000312073656E736F720000F2CF0EF0F29E04
:1002C000F76AD40FF66E020EF7220900F5500EBE43
:1002D000F28E12004633202031307061737320316A
:1002E00073656E730000F2CF0EF0F29EF76A000F96
:1002F000F66E030EF7220900F5500EBEF28E1200C4
:1003000046342050656E642F4D4853203173656E1E
:100310000000F2CF0EF0F29EF76A2C0FF66E030E7D
:10032000F7220900F5500EBEF28E1200463520204D
:10033000426F62206520312073656E730000F2CF3A
:100340000EF0F29EF76A580FF66E030EF7220900C0
:10035000F5500EBEF28E12004636204D4369726390
:10036000756C61723173656E0000F2CF0EF0F29E13
:10037000F76A840FF66E030EF7220900F5500EBEE1
:10038000F28E120046372043686F712D496E6C2043
:100390003273656E0000F2CF0EF0F29EF76AB00F76
:1003A000F66E030EF7220900F5500EBEF28E120013
:1003B00046382043686F712D456C73203273656E2B
:1003C0000000F2CF0EF0F29EF76ADC0FF66E030E1D
:1003D000F7220900F5500EBEF28E12004639205663
:1003E00020536F6D203273656E7341630000F2CF4E
:1003F0000EF0F29EF76A080FF66E040EF72209005F
:10040000F5500EBEF28E12004631302020742020AE
:100410006D616E75616C20200000F2CF0EF0F29ECF
:10042000F76A340FF66E040EF7220900F5500EBE7F
:10043000F28E1200494E53455249522044495354BA
:100440002E3F20200000F2CF0EF0F29EF76A600FE0
:10045000F66E040EF7220900F5500EBEF28E120061
:10046000206E616F202020202020202073696D20C5
:100470000000F2CF0EF0F29EF76A8C0FF66E040EBB
:10048000F7220900F5500EBEF28E12006420656E50
:100490007472652053302065205331200000F2CF64
:1004A0000EF0F29EF76AB80FF66E040EF7220900FE
:1004B000F5500EBEF28E12006D6D202020206F6B65
:1004C0000000F2CF0EF0F29EF76ADC0FF66E040E1B
:1004D000F7220900F5500EBEF28E1200206B672045
:1004E00020206F6B0000F2CF0EF0F29EF76A000F33
:1004F000F66E050EF7220900F5500EBEF28E1200C0
:100500006420656E7472652053302065205332205C
:100510000000F2CF0EF0F29EF76A2C0FF66E050E79
:10052000F7220900F5500EBEF28E12006420656EAF
:100530007472652053302065205333200000F2CFC1
:100540000EF0F29EF76A580FF66E050EF7220900BC
:10055000F5500EBEF28E12006420656E7472652036
:1005600053302065205334200000F2CF0EF0F29E6D
:10057000F76A840FF66E050EF7220900F5500EBEDD
:10058000F28E12004E6F2E2064652073656E736FBD
:100590007265733F0000F2CF0EF0F29EF76AB00F63
:1005A000F66E050EF7220900F5500EBEF28E12000F
:1005B0002032202020202020202020202020352014
:1005C0000000F2CF0EF0F29EF76ADC0FF66E050E19
:1005D000F7220900F5500EBEF28E1200494E534527
:1005E000524952204C4152475552413F0000F2CFF0
:1005F0000EF0F29EF76A080FF66E060EF72209005B
:10060000F5500EBEF28E12004C4152475552412019
:10061000444F204F424A2E200000F2CF0EF0F29EAF
:10062000F76A340FF66E060EF7220900F5500EBE7B
:10063000F28E12006420656E74726520533020655E
:10064000205331000000F2CF0EF0F29EF76A600FE7
:10065000F66E060EF7220900F5500EBEF28E12005D
:100660006420656E747265206D69632E20202020E1
:100670000000F2CF0EF0F29EF76A8C0FF66E060EB7
:10068000F7220900F5500EBEF28E1200496E746515
:100690007276616C6F733A20316131300000F2CFB5
:1006A0000EF0F29EF76AB80FF66E060EF7220900FA
:1006B000F5500EBEF28E120020202020206F6B20FD
:1006C00000000000000000000000F2CF0EF0F29EDB
:1006D000F76AE40FF66E060EF7220900F5500EBE1B
:1006E000F28E1200494E4943494520455850455223
:1006F000494D2E200000F2CF0EF0F29EF76A100F47
:10070000F66E070EF7220900F5500EBEF28E1200AB
:1007100020202020202020202063616E63656C61F2
:100720000000F2CF0EF0F29EF76A3C0FF66E070E55
:10073000F7220900F5500EBEF28E1200743D000043
:10074000F2CF0EF0F29EF76A5A0FF66E070EF722FE
:100750000900F5500EBEF28E12004558502E20466C
:10076000494E414C495A41444F200000F2CF0EF00F
:10077000F29EF76A860FF66E070EF7220900F55013
:100780000EBEF28E1200766572202072657065745E
:1007900069722020463F0000F2CF0EF0F29EF76A09
:1007A000B20FF66E070EF7220900F5500EBEF28E5C
:1007B00012002020524553554C5441444F28532990
:1007C00020200000F2CF0EF0F29EF76ADE0FF66EE8
:1007D000070EF7220900F5500EBEF28E12002074AB
:1007E0002020202076656C20202073616972000033
:1007F000F2CF0EF0F29EF76A0A0FF66E080EF7229D
:100800000900F5500EBEF28E120020742020202028
:10081000202020202020736169720000F2CF0EF0AA
:10082000F29EF76A360FF66E080EF7220900F550B1
:100830000EBEF28E120074302C313A00F2CF0EF060
:10084000F29EF76A560FF66E080EF7220900F55071
:100850000EBEF28E120074302C323A00F2CF0EF03F
:10086000F29EF76A760FF66E080EF7220900F55031
:100870000EBEF28E120074302C333A00F2CF0EF01E
:10088000F29EF76A960FF66E080EF7220900F550F1
:100890000EBEF28E120074302C343A00F2CF0EF0FD
:1008A000F29EF76AB60FF66E080EF7220900F550B1
:1008B0000EBEF28E120074312C323A00F2CF0EF0DE
:1008C000F29EF76AD60FF66E080EF7220900F55071
:1008D0000EBEF28E120074322C333A00F2CF0EF0BC
:1008E000F29EF76AF60FF66E080EF7220900F55031
:1008F0000EBEF28E120074332C343A00F2CF0EF09A
:10090000F29EF76A160FF66E090EF7220900F550EF
:100910000EBEF28E1200566D302C313A0000F2CF2E
:100920000EF0F29EF76A380FF66E090EF7220900F4
:10093000F5500EBEF28E1200566D302C323A000089
:10094000F2CF0EF0F29EF76A5A0FF66E090EF722FA
:100950000900F5500EBEF28E1200566D302C333A5F
:100960000000F2CF0EF0F29EF76A7C0FF66E090ED1
:10097000F7220900F5500EBEF28E1200566D302C93
:10098000343A0000F2CF0EF0F29EF76A9E0FF66E38
:10099000090EF7220900F5500EBEF28E1200566DB8
:1009A000312C323A0000F2CF0EF0F29EF76AC00FFF
:1009B000F66E090EF7220900F5500EBEF28E1200F7
:1009C000566D322C333A0000F2CF0EF0F29EF76AE9
:1009D000E20FF66E090EF7220900F5500EBEF28EF8
:1009E0001200566D332C343A0000F2CF0EF0F29E16
:1009F000F76A040FF66E0A0EF7220900F5500EBED4
:100A0000F28E12006573636F6C68612061206675F9
:100A10006E63616F0000F2CF0EF0F29EF76A300F46
:100A2000F66E0A0EF7220900F5500EBEF28E120085
:100A300065207072657373696F6E65206F6B2E2E03
:100A40000000F2CF0EF0F29EF76A5C0FF66E0A0E0F
:100A5000F7220900F5500EBEF28E12006578697318
:100A600074656D203132207469706F730000F2CFAD
:100A70000EF0F29EF76A880FF66E0A0EF722090052
:100A8000F5500EBEF28E1200202064652066756E51
:100A9000636F65732E2020200000F2CF0EF0F29ECF
:100AA000F76AB40FF66E0A0EF7220900F5500EBE73
:100AB000F28E1200566D3D00F2CF0EF0F29EF76AF4
:100AC000D20FF66E0A0EF7220900F5500EBEF28E16
:100AD000120020742020206672657120202073612E
:100AE00069720000F2CF0EF0F29EF76AFE0FF66E0A
:100AF0000A0EF7220900F5500EBEF28E1200612098
:100B00003D00F2CF0EF0F29EF76A1C0FF66E0B0E50
:100B1000F7220900F5500EBEF28E120056663D0017
:100B2000F2CF0EF0F29EF76A3A0FF66E0B0EF72236
:100B30000900F5500EBEF28E1200743A5330202098
:100B4000743A53312020736169720000F2CF0EF0C5
:100B5000F29EF76A660FF66E0B0EF7220900F5504B
:100B60000EBEF28E1200463131207465737465201A
:100B700073656E736F720000F2CF0EF0F29EF76A2B
:100B8000920FF66E0B0EF7220900F5500EBEF28E94
:100B900012002020202020202020202020207361EF
:100BA00069720000F2CF0EF0F29EF76ABE0FF66E89
:100BB0000B0EF7220900F5500EBEF28E12004631E0
:100BC0003220204563205472616E736C2E20000029
:100BD000F2CF0EF0F29EF76AEA0FF66E0B0EF722D6
:100BE0000900F5500EBEF28E1200434F4D5052498F
:100BF0004D2E20444F204F424A2E0000F2CF0EF0DF
:100C0000F29EF76A160FF66E0C0EF7220900F550E9
:100C10000EBEF28E1200204D4153534120444F200E
:100C20004F424A2E20200000F2CF0EF0F29EF76ACB
:100C3000420FF66E0C0EF7220900F5500EBEF28E32
:100C4000120045633D00F2CF0EF0F29EF76A600F8E
:100C5000F66E0C0EF7220900F5500EBEF28E120051
:100C60004D554C544946554E4354494F4E414C20E6
:100C70000000F2CF0EF0F29EF76A8C0FF66E0C0EAB
:100C8000F7220900F5500EBEF28E1200202020201F
:100C900054494D4552202020202020200000F2CF32
:100CA0000EF0F29EF76AB80FF66E0C0EF7220900EE
:100CB000F5500EBEF28E12002053454C4543542091
:100CC00046554E4354494F4E0000F2CF0EF0F29E6F
:100CD000F76AE40FF66E0C0EF7220900F5500EBE0F
:100CE000F28E120046756E6374696F6E20202020AC
:100CF00068656C700000F2CF0EF0F29EF76A100F7C
:100D0000F66E0D0EF7220900F5500EBEF28E12009F
:100D100046312020203220746F20352073656E7399
:100D20000000F2CF0EF0F29EF76A3C0FF66E0D0E49
:100D3000F7220900F5500EBEF28E12004634205004
:100D4000656E642F53484D203173656E0000F2CFFD
:100D50000EF0F29EF76A680FF66E0D0EF72209008C
:100D6000F5500EBEF28E12004635202020436F69EA
:100D70006C20312073656E730000F2CF0EF0F29E8E
:100D8000F76A940FF66E0D0EF7220900F5500EBEAD
:100D9000F28E1200463620432E4D6F74696F6E201E
:100DA0003173656E0000F2CF0EF0F29EF76AC00F4D
:100DB000F66E0D0EF7220900F5500EBEF28E1200EF
:100DC000463720496E652D636F6C6C6973696F6E71
:100DD0000000F2CF0EF0F29EF76AEC0FF66E0D0EE9
:100DE000F7220900F5500EBEF28E1200463820455B
:100DF0006C732D636F6C6C6973696F6E0000F2CF5A
:100E00000EF0F29EF76A180FF66E0E0EF72209002A
:100E1000F5500EBEF28E1200463920535620324154
:100E2000636F757353656E730000F2CF0EF0F29E20
:100E3000F76A440FF66E0E0EF7220900F5500EBE4B
:100E4000F28E1200494E53455254204449535441A6
:100E50004E43453F0000F2CF0EF0F29EF76A700F4E
:100E6000F66E0E0EF7220900F5500EBEF28E12003D
:100E7000206E6F20202020202020202079657320E4
:100E80000000F2CF0EF0F29EF76A9C0FF66E0E0E87
:100E9000F7220900F5500EBEF28E12006420206287
:100EA00065747765656E2053302D53310000F2CFA5
:100EB0000EF0F29EF76AC80FF66E0E0EF7220900CA
:100EC000F5500EBEF28E12006420206265747765C4
:100ED000656E2053302D53320000F2CF0EF0F29E9B
:100EE000F76AF40FF66E0E0EF7220900F5500EBEEB
:100EF000F28E12006420206265747765656E20535F
:100F0000302D53330000F2CF0EF0F29EF76A200F1F
:100F1000F66E0F0EF7220900F5500EBEF28E12008B
:100F20006420206265747765656E2053302D5334DC
:100F30000000F2CF0EF0F29EF76A4C0FF66E0F0E25
:100F4000F7220900F5500EBEF28E12004E6F2E20D1
:100F500053454E534F5253203F2020200000F2CFE4
:100F60000EF0F29EF76A780FF66E0F0EF722090068
:100F7000F5500EBEF28E1200494E53455254205782
:100F800049445448203F20200000F2CF0EF0F29E4A
:100F9000F76AA40FF66E0F0EF7220900F5500EBE89
:100FA000F28E12004F424A45435420574944544858
:100FB000202020200000F2CF0EF0F29EF76AD00F22
:100FC000F66E0F0EF7220900F5500EBEF28E1200DB
:100FD00064206265747765656E434F494C2D5330CC
:100FE0000000F2CF0EF0F29EF76AFC0FF66E0F0EC5
:100FF000F7220900F5500EBEF28E120064206265E1
:10100000747765656E206D69632020200000F2CF43
:101010000EF0F29EF76A280FF66E100EF722090006
:10102000F5500EBEF28E1200496E74657276616CD8
:10103000733A2031746F31300000F2CF0EF0F29E1F
:10104000F76A540FF66E100EF7220900F5500EBE27
:10105000F28E120053544152542045585045524983
:101060004D454E540000F2CF0EF0F29EF76A800F0D
:10107000F66E100EF7220900F5500EBEF28E120029
:101080002020202020202020202063616E63656CBA
:101090000000F2CF0EF0F29EF76AAC0FF66E100E63
:1010A000F7220900F5500EBEF28E12004558502E60
:1010B0002046494E49534845442020200000F2CFA5
:1010C0000EF0F29EF76AD80FF66E100EF7220900A6
:1010D000F5500EBEF28E12007365652020726570A9
:1010E000656174202020463F0000F2CF0EF0F29E92
:1010F000F76A040FF66E110EF7220900F5500EBEC6
:10110000F28E1200202020524553554C542853296A
:10111000202020200000F2CF0EF0F29EF76A300F60
:10112000F66E110EF7220900F5500EBEF28E120077
:1011300020742020202076656C2020207175697431
:101140000000F2CF0EF0F29EF76A5C0FF66E110E01
:10115000F7220900F5500EBEF28E120020742020F6
:101160002020202020202020717569740000F2CFFB
:101170000EF0F29EF76A880FF66E110EF722090044
:10118000F5500EBEF28E120043686F6F73652066D5
:10119000756E6374696F6E200000F2CF0EF0F29EE0
:1011A000F76AB40FF66E110EF7220900F5500EBE65
:1011B000F28E1200616E64207072657373206F6B23
:1011C0002E2E20200000F2CF0EF0F29EF76AE00FE4
:1011D000F66E110EF7220900F5500EBEF28E1200C7
:1011E000746865726520617265203132202020208C
:1011F0000000F2CF0EF0F29EF76A0C0FF66E120EA0
:10120000F7220900F5500EBEF28E12006469666680
:101210006572656E742074797065732E0000F2CF6C
:101220000EF0F29EF76A380FF66E120EF7220900E2
:10123000F5500EBEF28E12002074202020667265DA
:1012400071202020717569740000F2CF0EF0F29EBB
:10125000F76A640FF66E120EF7220900F5500EBE03
:10126000F28E1200743A53302020743A5331202009
:10127000717569740000F2CF0EF0F29EF76A900F5C
:10128000F66E120EF7220900F5500EBEF28E120015
:101290004631312073656E736F72207465737420EC
:1012A0000000F2CF0EF0F29EF76ABC0FF66E120E3F
:1012B000F7220900F5500EBEF28E120020202020E9
:1012C0002020202020202020717569740000F2CF9A
:1012D0000EF0F29EF76AE80FF66E120EF722090082
:1012E000F5500EBEF28E1200204F424A4543542064
:1012F000204C454E475448200000F2CF0EF0F29E9D
:10130000F76A140FF66E130EF7220900F5500EBEA1
:10131000F28E120020204F424A45435420204D4176
:10132000535320200000F2CF0EF0F29EF76A400FD8
:10133000F66E130EF7220900F5500EBEF28E120063
:10134000204D554C544946554E4354494F4E414CFF
:101350000000F2CF0EF0F29EF76A6C0FF66E130EDD
:10136000F7220900F5500EBEF28E12004553434F8E
:101370004A4120202046554E43494F4E0000F2CFAF
:101380000EF0F29EF76A980FF66E130EF722090020
:10139000F5500EBEF28E120046756E63696F6E20B8
:1013A00020202061797564610000F2CF0EF0F29E7A
:1013B000F76AC40FF66E130EF7220900F5500EBE41
:1013C000F28E12004631202020203220612035206C
:1013D00073656E730000F2CF0EF0F29EF76AF00FA5
:1013E000F66E130EF7220900F5500EBEF28E1200B3
:1013F0004633202031307061736F203173656E7316
:101400000000F2CF0EF0F29EF76A1C0FF66E140E7B
:10141000F7220900F5500EBEF28E1200463520204C
:10142000426F62207920312073656E730000F2CF25
:101430000EF0F29EF76A480FF66E140EF7220900BE
:10144000F5500EBEF28E120046372043686F712DA4
:10145000496E65203273656E0000F2CF0EF0F29E89
:10146000F76A740FF66E140EF7220900F5500EBEDF
:10147000F28E12004639205653203273656E734146
:10148000636F75730000F2CF0EF0F29EF76AA00F43
:10149000F66E140EF7220900F5500EBEF28E120001
:1014A000494E53455254415220444953542E203FF3
:1014B0000000F2CF0EF0F29EF76ACC0FF66E140E1B
:1014C000F7220900F5500EBEF28E1200206E6F203A
:1014D0002020202020202020207369200000F2CF2F
:1014E0000EF0F29EF76AF80FF66E140EF72209005E
:1014F000F5500EBEF28E1200642020656E74726587
:1015000020533020792053310000F2CF0EF0F29EAC
:10151000F76A240FF66E150EF7220900F5500EBE7D
:10152000F28E1200642020656E74726520533020A4
:10153000792053320000F2CF0EF0F29EF76A500F7E
:10154000F66E150EF7220900F5500EBEF28E12004F
:10155000642020656E7472652053302079205333E7
:101560000000F2CF0EF0F29EF76A7C0FF66E150EB9
:10157000F7220900F5500EBEF28E1200642020659D
:101580006E74726520533020792053340000F2CFFE
:101590000EF0F29EF76AA80FF66E150EF7220900FC
:1015A000F5500EBEF28E1200494E53455254415230
:1015B00020414E43485552410000F2CF0EF0F29EBA
:1015C000F76AD40FF66E150EF7220900F5500EBE1D
:1015D000F28E1200414E43485552412044454C2062
:1015E0004F424A2E0000F2CF0EF0F29EF76A000F33
:1015F000F66E160EF7220900F5500EBEF28E12009E
:101600006420656E74726520626F622079205330A9
:101610000000F2CF0EF0F29EF76A2C0FF66E160E57
:10162000F7220900F5500EBEF28E12006420656E9E
:10163000747265206D696320202020200000F2CFA5
:101640000EF0F29EF76A580FF66E160EF72209009A
:10165000F5500EBEF28E1200494E494349415220C8
:101660004558504552494D2E0000F2CF0EF0F29EE3
:10167000F76A840FF66E160EF7220900F5500EBEBB
:10168000F28E120020524553554C5441444F28537A
:10169000292020200000F2CF0EF0F29EF76AB00F52
:1016A000F66E160EF7220900F5500EBEF28E1200ED
:1016B00020742020202076656C202073616C697274
:1016C0000000F2CF0EF0F29EF76ADC0FF66E160EF7
:1016D000F7220900F5500EBEF28E12002074202071
:1016E0002020202020202073616C69720000F2CF3E
:1016F0000EF0F29EF76A080FF66E170EF722090039
:10170000F5500EBEF28E12004573636F6A612020A1
:101710002066756E63696F6E0000F2CF0EF0F29E68
:10172000F76A340FF66E170EF7220900F5500EBE59
:10173000F28E1200792070726573696F6E65206F8A
:101740006B2E2E200000F2CF0EF0F29EF76A600F93
:10175000F66E170EF7220900F5500EBEF28E12003B
:101760006578697374656E203132207469706F73A7
:101770000000F2CF0EF0F29EF76A8C0FF66E170E95
:10178000F7220900F5500EBEF28E12006465206645
:10179000756E63696F6E65732E2020200000F2CF96
:1017A0000EF0F29EF76AB80FF66E170EF7220900D8
:1017B000F5500EBEF28E1200207420202066726555
:1017C00071202073616C69720000F2CF0EF0F29EFE
:1017D000F76AE40FF66E170EF7220900F5500EBEF9
:1017E000F28E1200743A53302020743A5331207331
:1017F000616C69720000F2CF0EF0F29EF76A100F72
:10180000F66E180EF7220900F5500EBEF28E120089
:1018100046313120207072756562612073656E7388
:101820000000F2CF0EF0F29EF76A3C0FF66E180E33
:10183000F7220900F5500EBEF28E12002020202063
:101840002020202020202073616C69720000F2CFDC
:101850000EF0F29EF76A680FF66E180EF722090076
:10186000F5500EBEF28E1200204C4152474F2044DC
:10187000454C204F424A2E200000F2CF0EF0F29E3F
:10188000F76A940FF66E180EF7220900F5500EBE97
:10189000F28E1200204D415341202044454C204FF0
:1018A000424A2E200000F2CF0EF0F29EF76AC00FDF
:1018B000F66E180EF7220900F5500EBEF28E1200D9
:1018C00020202000F2CF0EF0F29EF76ADE0FF66EB7
:1018D000180EF7220900F5500EBEF28E12002020DD
:1018E000202020200000F2CF0EF0F29EF76A000FB9
:1018F000F66E190EF7220900F5500EBEF28E120098
:101900002000F2CF0EF0F29EF76A1C0FF66E190E51
:10191000F7220900F5500EBEF28E120020200000C2
:10192000F2CF0EF0F29EF76A3A0FF66E190EF7221A
:101930000900F5500EBEF28E120020533000F2CF97
:101940000EF0F29EF76A580FF66E190EF722090094
:10195000F5500EBEF28E12002053313E0000F2CF41
:101960000EF0F29EF76A780FF66E190EF722090054
:10197000F5500EBEF28E120053303E00F2CF0EF044
:10198000F29EF76A960FF66E190EF7220900F550CF
:101990000EBEF28E120053303C00F2CF0EF0F29EDB
:1019A000F76AB40FF66E190EF7220900F5500EBE55
:1019B000F28E120053313E00F2CF0EF0F29ED00FA5
:1019C000F66E190EF7220900F5500EBEF28E1200C7
:1019D00001000000F0000000F4031100020001000B
:1019E000010015000300020002001F0004000300B4
:1019F0000300290005000400040033000600050070
:101A000005003D000700060006004700080007002B
:101A1000070051000900080008005C000A000900E6
:101A20000900630084030A0064000B000C000B0033
:101A30000B000C000D000C000C000D000E000D0042
:101A40000D000E000F000E000E000F0064000F00CE
:101A5000640015001600150015001600640016003D
:101A60006400330034003300330034006400340079
:101A700064006400000064009600AA006A006E0022
:101A80009C006E009700960096006E0098009700EC
:101A900097006E009900980098006E009A009900D7
:101AA00099006E009B009A009A006E009C009B00BB
:101AB0009B006E0096009C00B0006E00AB00AA0078
:101AC000AA006E00AC00AB00AB006E00AD00AC0035
:101AD000AC006E00AE00AD00AD006E00AF00AE0019
:101AE000AE006E00B000AF00AF006E00AA00B00004
:101AF00064005B005C005B0009005C0064005C004B
:101B0000120011001300110095006E009500950061
:101B1000A9006E00A900A9002602F9010100F80140
:101B2000C201D6016A009A0129026A002702260230
:101B300026026A002802270227026A0029022802D8
:101B400028026A0026022902E5046A00FB00FA0066
:101B5000FA006A00E504FB00EE0202036A00C60216
:101B6000B7036A00B703B603B6036A00B603B70348
:101B700096006F006A006F00FC006A00FC00FC0029
:101B800025026A00250225026300630064006300E9
:101B90000A008603F4038403860386030000860399
:101BA0008403FD030100F403F403FD03FE03FD03BE
:101BB000FD03FE036400FE03FB006A00FA00E50477
:101BC000F2CF0EF0F29EF76ADA0FF66E1B0EF722D6
:101BD0000900F5500EBEF28E1200533A3000F2CFDB
:101BE0000EF0F29EF76AF80FF66E1B0EF722090050
:101BF000F5500EBEF28E12006F200000F2CF0EF0F4
:101C0000F29EF76A160FF66E1C0EF7220900F550C9
:101C10000EBEF28E120078200000F2CF0EF0F29E7F
:101C2000F76A340FF66E1C0EF7220900F5500EBE4F
:101C3000F28E12003100F2CF0EF0F29EF76A500FD2
:101C4000F66E1C0EF7220900F5500EBEF28E120041
:101C50003200F2CF0EF0F29EF76A6C0FF66E1C0E99
:101C6000F7220900F5500EBEF28E12003300F2CFBB
:101C70000EF0F29EF76A880FF66E1C0EF72209002E
:101C8000F5500EBEF28E12003400F2CF0EF0F29E2E
:101C9000F76AA40FF66E1C0EF7220900F5500EBE6F
:101CA000F28E12006F00F2CF0EF0F29EF76AC00FB4
:101CB000F66E1C0EF7220900F5500EBEF28E1200D1
:101CC0007800F2CF0EF0F29EF76ADC0FF66E1C0E73
:101CD000F7220900F5500EBEF28E120053303E532B
:101CE0003100F2CF0EF0F29EF76AFC0FF66E1C0E7A
:101CF000F7220900F5500EBEF28E120053303E530B
:101D00003200F2CF0EF0F29EF76A1C0FF66E1D0E37
:101D1000F7220900F5500EBEF28E120053303E53EA
:101D20003300F2CF0EF0F29EF76A3C0FF66E1D0EF6
:101D3000F7220900F5500EBEF28E120053303E53CA
:101D40003400F2CF0EF0F29EF76A5C0FF66E1D0EB5
:101D5000F7220900F5500EBEF28E12007061737307
:101D60000000F2CF0EF0F29EF76A7C0FF66E1D0EA9
:101D7000F7220900F5500EBEF28E1200496E743A39
:101D80000000F2CF0EF0F29EF76A9C0FF66E1D0E69
:101D9000F7220900F5500EBEF28E12003E00F2CF7F
:101DA0000EF0F29EF76AB80FF66E1D0EF7220900CC
:101DB000F5500EBEF28E12003C00F2CF0EF0F29EF5
:101DC000F76AD40FF66E1D0EF7220900F5500EBE0D
:101DD000F28E12007400F2CF0EF0F29EF76AF00F4E
:101DE000F66E1D0EF7220900F5500EBEF28E12009F
:101DF00031300000F2CF0EF0F29EF76A0E0FF66E51
:101E00001E0EF7220900F5500EBEF28E1200302C85
:101E10000000F2CF0EF0F29EF76A2C0FF66E1E0E47
:101E2000F7220900F5500EBEF28E12003D00F2CFEF
:101E30000EF0F29EF76A480FF66E1E0EF7220900AA
:101E4000F5500EBEF28E120020730000F2CF0EF09D
:101E5000F29EF76A660FF66E1E0EF7220900F55025
:101E60000EBEF28E12006600F2CF0EF0F29EF76AFE
:101E7000820FF66E1E0EF7220900F5500EBEF28E8E
:101E8000120020487A00F2CF0EF0F29EF76AA00FFF
:101E9000F66E1E0EF7220900F5500EBEF28E1200ED
:101EA000207320200000F2CF0EF0F29EF76AC00FE0
:101EB000F66E1E0EF7220900F5500EBEF28E1200CD
:101EC00020732000F2CF0EF0F29EF76ADE0FF66E5E
:101ED0001E0EF7220900F5500EBEF28E12006D2F75
:101EE0007300F2CF0EF0F29EF76AFC0FF66E1E0E34
:101EF000F7220900F5500EBEF28E1200207320204A
:101F00002000F2CF0EF0F29EF76A1C0FF66E1F0E45
:101F1000F7220900F5500EBEF28E1200206D2F73CD
:101F20000000F2CF0EF0F29EF76A3C0FF66E1F0E25
:101F3000F7220900F5500EBEF28E1200206D2F73AD
:101F400020200000F2CF0EF0F29EF76A5E0FF66ED0
:101F50001F0EF7220900F5500EBEF28E1200206D02
:101F60002F733200F2CF0EF0F29EF76A7E0FF66EFC
:101F70001F0EF7220900F5500EBEF28E1200206DE2
:101F80002F732000F2CF0EF0F29EF76A9E0FF66ECE
:101F90001F0EF7220900F5500EBEF28E12007300DC
:101FA000F2CF0EF0F29EF76ABA0FF66E1F0EF7220E
:101FB0000900F5500EBEF28E120020204A202000AB
:101FC00081CF58F01950090817E1392C14D0585016
:101FD0003D1411E0396A48C05CF047C05BF046C070
:101FE0005AF045C059F044C088F043C087F042C061
:101FF00086F041C085F0A1D0192C5CD058503D141A
:1020000014E0010E396E48C05CF047C05BF046C07A
:102010005AF045C059F044C088F043C087F042C030
:1020200086F041C085F03D6A44D058503E1414E01B
:10203000020E396E48C060F047C05FF046C05EF0E7
:1020400045C05DF044C08CF043C08BF042C08AF0C4
:1020500041C089F03E6A2DD058503F1414E0030E61
:10206000396E48C064F047C063F046C062F045C0B6
:1020700061F044C090F043C08FF042C08EF041C088
:102080008DF03F6A16D05850401413E0040E396E9C
:1020900048C068F047C067F046C066F045C065F0CC
:1020A00044C094F043C093F042C092F041C091F01C
:1020B000406A43D01950070802E0000E01D0010E1B
:1020C0000101CE6F1950080802E0000E01D0010E88
:1020D000CE1132E02650BF082FE1275002082CE134
:1020E00058503D1429E02A50040DF350036AB10FF3
:1020F000E96E000E0320EA6E45C0EFFF46C0ECFF1C
:1021000047C0ECFF48C0ECFF2A50040DF350036AAF
:10211000DD0FE96E000E0320EA6E41C0EFFF42C002
:10212000ECFF43C0ECFF44C0ECFF2A2A2A500A0807
:1021300003E1F296010E546E0001F290F2903AEF34
:1021400000F0850ECD6EFF0ECF6E040ECE6E9D801C
:10215000486A476A466A456A446A436A426A416A0B
:10216000010E3C6E100E3D6E400E3E6E800E3F6EB8
:10217000200E406EF292000C206A1F6A1E6A1D6AD1
:102180001C6A1A6A1B6A000CFF0E936EF296F29894
:10219000000C48C04CF047C04BF046C04AF045C068
:1021A00049F044C050F043C04FF042C04EF041C02F
:1021B0004DF09D90CD6AE8DF000C81CFCEF1265026
:1021C000640821E127521FE11950090808E1B9DF2D
:1021D000D3DF010E396E276A650E266E14D0B1DF8B
:1021E000396ACADF1950030806E1486A476A020ED5
:1021F000466EBC0E456E276A650E266E296A2A6AEF
:102200003B6A536A546A195002081CE1F19CF2922D
:102210002650CA0817E1275215E1BBDF48C05CF021
:1022200047C05BF046C05AF045C059F044C088F042
:1022300043C087F042C086F041C085F0276A6A0E2D
:10224000266EF19C19500C081CE1F19CF29226506C
:10225000CA0817E1275215E19CDF48C05CF047C06F
:102260005BF046C05AF045C059F044C088F043C006
:1022700087F042C086F041C085F0276A6A0E266E5C
:10228000F19C26502E0838E1272C36D02950040D19
:10229000F350036A590FE96E000E0320EA6E45C041
:1022A000EFFF46C0ECFF47C0ECFF48C0ECFF2950F1
:1022B000040DF350036A850FE96E000E0320EA6EE9
:1022C00041C0EFFF42C0ECFF43C0ECFF44C0ECFF55
:1022D000292A1950060808E1486A476A466A456A89
:1022E000446A436A426A416A2B50295C05E14CDF2B
:1022F00050DF276A6A0E266E265092083BE1272C93
:1023000039D03B2C35D02950040DF350036A590FB6
:10231000E96E000E0320EA6E45C0EFFF46C0ECFFF9
:1023200047C0ECFF48C0ECFF2950040DF350036A8E
:10233000850FE96E000E0320EA6E41C0EFFF42C038
:10234000ECFF43C0ECFF44C0ECFF292A486A476A0F
:10235000466A456A446A436A426A416A29500A08E1
:1023600005E112DF16DF276A6A0E266E3B6A02D08D
:10237000010E3B6E2650F70818E1272C16D048C0F6
:102380005CF047C05BF046C05AF045C059F044C00D
:1023900088F043C087F042C086F041C085F0F9DE86
:1023A000010E276EF80E266EC2902650BE0835E14B
:1023B0002750020832E12950040DF350036A590FE7
:1023C000E96E000E0320EA6E45C0EFFF46C0ECFF49
:1023D00047C0ECFF48C0ECFF2950040DF350036ADE
:1023E000850FE96E000E0320EA6E41C0EFFF42C088
:1023F000ECFF43C0ECFF44C0ECFF292A29500A0837
:102400000CE12A6A296A020E276EBF0E266E195049
:10241000070803E1F298010E536E2650BF082FE122
:10242000275002082CE11950080829E12950040D11
:10243000F350036A090FE96E010E0320EA6E45C0EE
:10244000EFFF46C0ECFF47C0ECFF48C0ECFF29504F
:10245000040DF350036A350FE96E010E0320EA6E96
:1024600041C0EFFF42C0ECFF43C0ECFF44C0ECFFB3
:10247000292A29500A0803E1F298010E536EF292BC
:102480003AEF00F0FF0ECF6E040ECE6E45501008EE
:1024900011E1465027080EE147520CE148520AE18B
:1024A000486A476A466A456A010E4126000E422282
:1024B00043224422050E4526000E4622472248228A
:1024C000050E1A261A500A081FE11A6A1B2A1B5009
:1024D0000A081AE11B6A1C2A1C500A0815E11C6A2A
:1024E0001D2A1D500A0810E11D6A1E2A1E500A08E6
:1024F0000BE11E6A1F2A1F500A0806E11F6A202AE4
:1025000020500A0801E1206A9E903AEF00F0000096
:102510000000000C0101C539F00B006E0F0E831492
:102520000010836E0001F3DF8380F1DF8390000CE5
:10253000F00E956E8384EBDF8380E9DF83380F0B29
:102540000101C56F83900001E2DF8380E0DF833803
:102550000F0B0101C46F8390000E956EC539006E9C
:10256000F00E00160050C411016E0001000C8392A1
:10257000DFDF01C0C4F1010101AE02D00001F8D7D4
:10258000C2A18392C2B183820001C1DF8394BFDF05
:1025900083900101C339C46F0F0EC417C4C1C5F1C4
:1025A0000001B8DF0101C3510F0BC46FC56F0001FB
:1025B000B1DF000C000E956E8392839483901D0E04
:1025C000006E002EFED700D0010E01017E6F7E51FD
:1025D00003080CE3030EC56F00019CDF1D0E006EA7
:1025E000002EFED700D001017E2BF1D7020EC56F61
:1025F000000190DF01017E6B7E51030813E3036A43
:102600007E51F2CF7FF1F29E00015DEC00F00101FE
:102610007FBFF28E806FC26BC36F0001A8DF010124
:102620007E2BEAD700014CEF64F00101932D01D01D
:1026300003D0400E946F01D0946B010E925D9427ED
:1026400094518009956FC26BC36F000190DF000C3D
:10265000010E0101926F936F0001E7DF000C010E84
:102660000101C26FC1C1C3F1000181DF000C010E85
:102670000101926F020E936F0001D7DF000CE8DFBB
:1026800001017E6B7E5100016CEC00F0000908E056
:1026900001017E2BC16F0001E2DF0101F3D70001D0
:1026A000E6DF01017E6B7E51000182EC00F0000943
:1026B00007E001017E2BC16F0001D1DF0101F3D7DB
:1026C000000154EF64F0010EEA6E830EE96EEF50E4
:1026D0000EE0070E016E006A002EFED7012EFBD71A
:1026E000C70E006E002EFED70000EF2EF2D7000CB2
:1026F000AFDF0101826B8251000198EC00F000090C
:1027000008E00101822BC16F0001A9DF0101F3D7AD
:102710000001ADDF0101826B82510001AEEC00F0DF
:10272000000907E00101822BC16F000198DF010160
:10273000F3D70001000CF00E946E00D000D000D052
:10274000010E826E00D000D000D082CF7FF1FF0E4C
:10275000946E01017F51110803E1310E016E86D0A4
:102760007F51210803E1340E016E80D07F51410872
:1027700003E1370E016E7AD07F51810803E12A0E02
:10278000016E74D0F00E946E00D000D000D0020E16
:10279000826E00D000D000D082CF7FF1FF0E946E09
:1027A0007F51120803E1320E016E60D07F51220882
:1027B00003E1350E016E5AD07F51420803E1380E15
:1027C000016E54D07F51820803E1300E016E4ED06D
:1027D000F00E946E00D000D000D0040E826E00D0B7
:1027E00000D000D082CF7FF1FF0E946E7F5114088D
:1027F00003E1330E016E3AD07F51240803E1360E17
:10280000016E34D07F51440803E1390E016E2ED0A1
:102810007F51840803E1230E016E28D0F00E946EE0
:1028200000D000D000D0080E826E00D000D000D0C2
:1028300082CF7FF1FF0E946E7F51180803E1410EA5
:10284000016E14D07F51280803E1420E016E0ED0B4
:102850007F51480803E1430E016E08D07F5188087C
:1028600003E1440E016E02D0260E016E00013AEF24
:1028700014F061D701C07EF101017E51260815E0F8
:102880007E51245C0EE1252C07D0010E236E900EA4
:10289000226E256A260E286E2250D8B42306220600
:1028A00003D0236A190E226E03D0236A190E226EFA
:1028B000225206E1235204E17EC128F0010E256E6A
:1028C0007EC124F00001000C01017E51310A00019B
:1028D00005E0030A0AE0010A0FE015D0010E216E9F
:1028E000000E016E026E14D013D0020E216E000E87
:1028F000016E026E0DD00CD0030E216E000E016E23
:10290000026E06D005D0010E016E000E026E00D0E0
:102910006AEF64F0212C23D09BDE01017E6B7E5197
:102920000001C4EC00F0000908E001017E2BC16F3A
:10293000000195DE0101F3D7000199DE01017E6BF4
:102940007E510001DAEC00F0000908E001017E2B65
:10295000C16F000184DE0101F3D700014AD021508C
:10296000020823E175DE01017E6B7E51000123EC3C
:1029700006F0000908E001017E2BC16F00016FDE47
:102980000101F3D7000173DE01017E6B7E5100016E
:1029900039EC06F0000908E001017E2BC16F00014F
:1029A0005EDE0101F3D7000124D02150030821E1AC
:1029B0004FDE01017E6B7E510001C4EC00F0000986
:1029C00008E001017E2BC16F000149DE0101F3D750
:1029D00000014DDE01017E6B7E51000193EC09F098
:1029E000000907E001017E2BC16F000138DE010103
:1029F000F3D7000175EF64F0212C23D029DE01010B
:102A0000826B82510001F0EC00F0000908E0010146
:102A1000822BC16F000123DE0101F3D7000127DE05
:102A20000101826B8251000106EC01F0000908E00F
:102A30000101822BC16F000112DE0101F3D70001F9
:102A40004AD02150020823E103DE0101826B82514A
:102A500000014FEC06F0000908E00101822BC16F74
:102A60000001FDDD0101F3D7000101DE0101826BF0
:102A70008251000165EC06F0000908E00101822B9B
:102A8000C16F0001ECDD0101F3D7000124D021501A
:102A9000030821E1DDDD0101826B82510001A9EC17
:102AA00009F0000908E00101822BC16F0001D7DDA8
:102AB0000101F3D70001DBDD0101826B82510001CE
:102AC000BFEC09F0000907E00101822BC16F000192
:102AD000C6DD0101F3D70001000C2D6A2C6A2F6AB4
:102AE0002E6A316A306A336A326A356A346A446AF5
:102AF000436A426A416A486A476A466A456A4C6A5A
:102B00004B6A4A6A496A506A4F6A4E6A4D6A566A07
:102B1000536A546A010E2B6E000C0101C26B010E48
:102B2000C36F000124DD000C01018451310A000152
:102B300005E0030A26E0010A4BE071D0010182356D
:102B4000856F8335866F8537863785378637F80EEC
:102B5000851786C103F08551F2CF87F1F29E86C1B9
:102B6000F7FF0001DCEC0CF00900F5CF03F00101E8
:102B700087BFF28E016E03C002F075D00001CDDF79
:102B800072D001018235856F8335866F8537863730
:102B900085378637F80E8517020E8525016E000EE3
:102BA0008621036E0150F2CF87F1F29E03C0F7FF3A
:102BB0000001DCEC0CF00900F5CF03F0010187BF48
:102BC000F28E016E03C002F04ED00001A6DF4BD0A2
:102BD00001018235856F8335866F85378637853766
:102BE0008637F80E8517040E8525016E000E8621A6
:102BF000036E0150F2CF87F1F29E03C0F7FF000190
:102C0000DCEC0CF00900F5CF03F0010187BFF28E78
:102C1000016E03C002F027D000017FDF24D0010144
:102C20008235856F8335866F85378637853786375A
:102C3000F80E8517060E8525016E000E8621036E9F
:102C40000150F2CF87F1F29E03C0F7FF0001DCECE8
:102C50000CF00900F5CF03F0010187BFF28E016E81
:102C600003C002F000D00001000C212C1CD0FFDCBE
:102C70003C0E0101C16F0001F2DC0101826B825147
:102C8000000132EC01F0000908E00101822BC16F64
:102C90000001E5DC0101F3D700013E0E0101C16F27
:102CA0000001DDDC3DD0215002081CE1E0DC3C0EDF
:102CB0000101C16F0001D3DC0101826B825100016F
:102CC00032EC01F0000908E00101822BC16F000124
:102CD000C6DC0101F3D700013E0E0101C16F000106
:102CE000BEDC1ED0215003081BE1C1DC3C0E0101FB
:102CF000C16F0001B4DC0101826B8251000132EC32
:102D000001F0000908E00101822BC16F0001A7DC7E
:102D10000101F3D700013E0E0101C16F00019FDCEC
:102D2000000C212C13D094DC0101826B8251000134
:102D30001CEC01F0000908E00101822BC16F0001C9
:102D40008EDC0101F3D7000190DF2BD02150020867
:102D500013E17EDC0101826B825100017BEC06F005
:102D6000000908E00101822BC16F000178DC01013C
:102D7000F3D700017ADF15D02150030812E168DC97
:102D80000101826B82510001D5EC09F0000908E0D5
:102D90000101822BC16F000162DC0101F3D7000148
:102DA00064DF39EF2BF0212C13D052DC0101826B50
:102DB0008251000147EC01F0000908E00101822B7B
:102DC000C16F00014CDC0101F3D700014EDF2BD0B5
:102DD0002150020813E13CDC0101826B82510001A9
:102DE00047EC01F0000908E00101822BC16F0001EE
:102DF00036DC0101F3D7000138DF15D0215003087C
:102E000012E126DC0101826B8251000147EC01F0E6
:102E1000000908E00101822BC16F000120DC0101E3
:102E2000F3D7000122DF4DEF2BF0212C13D010DC63
:102E30000101826B825100015DEC01F0000908E0A4
:102E40000101822BC16F00010ADC0101F3D70001EF
:102E50000CDF2FD02150020815E128EC13F00101FE
:102E6000826B825100015DEC01F0000909E0010173
:102E7000822BC16F00012FEC13F00101F2D700018A
:102E8000F4DE17D02150030814E128EC13F00101FF
:102E9000826B82510001EBEC09F0000909E00101AD
:102EA000822BC16F00012FEC13F00101F2D700015A
:102EB000DCDE61EF2BF0212C15D028EC13F00101A2
:102EC000826B8251000173EC01F0000909E00101FD
:102ED000822BC16F00012FEC13F00101F2D700012A
:102EE000C4DE2FD02150020815E128EC13F00101B7
:102EF000826B8251000191EC06F0000909E00101AA
:102F0000822BC16F00012FEC13F00101F2D70001F9
:102F1000ACDE17D02150030814E128EC13F00101B6
:102F2000826B8251000173EC01F0000909E001019C
:102F3000822BC16F00012FEC13F00101F2D70001C9
:102F400094DE75EF2BF0212C15D028EC13F0010145
:102F5000826B8251000189EC01F0000909E0010156
:102F6000822BC16F00012FEC13F00101F2D7000199
:102F70007CDE2FD02150020815E128EC13F001016E
:102F8000826B82510001A7EC06F0000909E0010103
:102F9000822BC16F00012FEC13F00101F2D7000169
:102FA00064DE17D02150030814E128EC13F001016E
:102FB000826B8251000101EC0AF0000909E0010175
:102FC000822BC16F00012FEC13F00101F2D7000139
:102FD0004CDE89EF2BF0212C15D028EC13F00101E9
:102FE000826B825100019FEC01F0000909E00101B0
:102FF000822BC16F00012FEC13F00101F2D7000109
:1030000034DE2FD02150020815E128EC13F0010125
:10301000826B82510001BDEC06F0000909E001015C
:10302000822BC16F00012FEC13F00101F2D70001D8
:103030001CDE17D02150030814E128EC13F0010125
:10304000826B825100019FEC01F0000909E001014F
:10305000822BC16F00012FEC13F00101F2D70001A8
:1030600004DE9DEF2BF0212C15D028EC13F001018C
:10307000826B82510001B5EC01F0000909E0010109
:10308000822BC16F00012FEC13F00101F2D7000178
:10309000ECDD2FD02150020815E128EC13F00101DE
:1030A000826B82510001D3EC06F0000909E00101B6
:1030B000822BC16F00012FEC13F00101F2D7000148
:1030C000D4DD17D02150030814E128EC13F00101DE
:1030D000826B8251000117EC0AF0000909E001013E
:1030E000822BC16F00012FEC13F00101F2D7000118
:1030F000BCDDB1EF2BF0212C15D028EC13F0010131
:10310000826B82510001CBEC01F0000909E0010162
:10311000822BC16F00012FEC13F00101F2D70001E7
:10312000A4DD2FD02150020815E128EC13F0010195
:10313000826B82510001E9EC06F0000909E001010F
:10314000822BC16F00012FEC13F00101F2D70001B7
:103150008CDD17D02150030814E128EC13F0010195
:10316000826B82510001CBEC01F0000909E0010102
:10317000822BC16F00012FEC13F00101F2D7000187
:1031800074DDC5EF2BF0212C15D028EC13F00101D4
:10319000826B82510001E1EC01F0000909E00101BC
:1031A000822BC16F00012FEC13F00101F2D7000157
:1031B0005CDD2FD02150020815E128EC13F001014D
:1031C000826B82510001FFEC06F0000909E0010169
:1031D000822BC16F00012FEC13F00101F2D7000127
:1031E00044DD17D02150030814E128EC13F001014D
:1031F000826B825100012DEC0AF0000909E0010107
:10320000822BC16F00012FEC13F00101F2D70001F6
:103210002CDDD9EF2BF0212C15D028EC13F0010177
:10322000826B82510001F7EC01F0000909E0010115
:10323000822BC16F00012FEC13F00101F2D70001C6
:1032400014DD2FD02150020815E128EC13F0010104
:10325000826B82510001F7EC01F0000909E00101E5
:10326000822BC16F00012FEC13F00101F2D7000196
:10327000FCDC17D02150030814E128EC13F0010105
:10328000826B82510001F7EC01F0000909E00101B5
:10329000822BC16F00012FEC13F00101F2D7000166
:1032A000E4DCEDEF2BF0212C27D028EC13F001010A
:1032B000826B825100010DEC02F0000909E001016E
:1032C000822BC16F00012FEC13F00101F2D7000136
:1032D00037EC13F00101826B8251000123EC02F004
:1032E000000909E00101822BC16F00012FEC13F0EE
:1032F0000101F2D7000152D02150020827E128EC49
:1033000013F00101826B8251000115EC07F00009F6
:1033100009E00101822BC16F00012FEC13F00101C4
:10332000F2D7000137EC13F00101826B82510001EA
:103330002BEC07F0000909E00101822BC16F0001AD
:103340002FEC13F00101F2D7000128D0215003081F
:1033500025E128EC13F00101826B8251000143EC5E
:103360000AF0000909E00101822BC16F00012FEC76
:1033700013F00101F2D7000137EC13F00101826B69
:103380008251000159EC0AF0000908E00101822B8A
:10339000C16F00012FEC13F00101F2D70001000C06
:1033A00082C192F1020E0101936F000115EC13F03E
:1033B000010E0101C26FFF0EC36F0001B7EC12F0E6
:1033C00082C192F1020E0101936F000115EC13F01E
:1033D000000C016A026A006A036A0101955102E168
:1033E000945118E0100E966FD890923793370036AC
:1033F00003369551035C02E19451005C07E394515C
:10340000005ED8A003069551035ED88001360236CF
:10341000962FEAD70001000C010192519403F3CFDB
:1034200001F0F4CF00F09503F3500026935194037C
:10343000F3500020026E0001000C0101C051F60F94
:1034400055E20A0F000178EF1AF0300E0101C16F4A
:1034500000012FEC13F0010149D0310E0101C16FC1
:1034600000012FEC13F0010141D0320E0101C16FB8
:1034700000012FEC13F0010139D0330E0101C16FAF
:1034800000012FEC13F0010131D0340E0101C16FA6
:1034900000012FEC13F0010129D0350E0101C16F9D
:1034A00000012FEC13F0010121D0360E0101C16F94
:1034B00000012FEC13F0010119D0370E0101C16F8B
:1034C00000012FEC13F0010111D0380E0101C16F82
:1034D00000012FEC13F0010109D0390E0101C16F79
:1034E00000012FEC13F0010101D001010001000CDB
:1034F000F2CF0EF0F29EE824150FF66E350EF76E41
:10350000D8B0F72A0A00F550FA6E0800F5500EBE42
:10351000F28EF96E4A345A346A347A348A349A34E0
:10352000AA34BA34CA34DA3483C193F182C192F135
:10353000030E0101956FE80E946F00014ADF02C08F
:1035400085F101C084F1030E0101936FE80E926FC3
:1035500085C195F184C194F100015EDF0150010144
:10356000825D8C6F025083598D6F8DC193F18CC138
:1035700092F1956B640E946F00012BDF02C087F10E
:1035800001C086F10101936B640E926F87C195F1C2
:1035900086C194F1000140DF015001018C5D8E6F06
:1035A00002508D598F6F8FC193F18EC192F1956B3F
:1035B0000A0E946F00010DDF02C089F101C088F18D
:1035C0000101936B0A0E926F89C195F188C194F144
:1035D000000122DF015001018E5D906F02508F5972
:1035E000916F91C18BF190C18AF1050E926F020E1D
:1035F000936F000115EC13F084C1C0F11EDF86C18A
:10360000C0F11BDF88C1C0F118DF8AC1C0F115DF2E
:10361000000C212C46D028EC13F00101826B825162
:10362000000139EC02F0000909E00101822BC16FB1
:1036300000012FEC13F00101F2D7000137EC13F079
:103640003C0E0101C16F00012FEC13F00101826BF0
:103650008251000153EC0CF0000909E00101822BBA
:10366000C16F00012FEC13F00101F2D70001090E28
:103670000101926F020E936F000115EC13F001012E
:10368000826B825100014FEC02F0000909E0010158
:10369000822BC16F00012FEC13F00101F2D7000162
:1036A00090D02150020846E128EC13F00101826B12
:1036B0008251000141EC07F0000909E00101822B71
:1036C000C16F00012FEC13F00101F2D7000137ECBC
:1036D00013F03C0E0101C16F00012FEC13F001014A
:1036E000826B8251000153EC0CF0000909E00101EA
:1036F000822BC16F00012FEC13F00101F2D7000102
:10370000090E0101926F020E936F000115EC13F088
:103710000101826B825100014FEC02F0000909E0C7
:103720000101822BC16F00012FEC13F00101F2D7D0
:10373000000147D02150030844E128EC13F00101B7
:10374000826B825100016FEC0AF0000909E001016F
:10375000822BC16F00012FEC13F00101F2D70001A1
:1037600037EC13F03C0E0101C16F00012FEC13F098
:103770000101826B8251000153EC0CF0000909E059
:103780000101822BC16F00012FEC13F00101F2D770
:103790000001090E0101926F020E936F000115ECFA
:1037A00013F00101826B825100014FEC02F000091D
:1037B00008E00101822BC16F00012FEC13F0010121
:1037C000F2D7000136EF2CF001018251410A0001CD
:1037D00003E0750A05E008D0FF0E016E08D007D09F
:1037E000010E016E04D003D0000E016E00D0000C5B
:1037F0008CC192F18DC193F115EC13F098EC12F09D
:1038000001C090F1010101AE02D00001F7D783821F
:10381000000198EC12F001C08EF1839201018E51EB
:10382000300A000113E0010A14E0030A16E0010A5D
:1038300018E0070A1AE0010A1CE0030A1EE0010A68
:1038400020E00F0A22E0010A24E027D001018F6B5B
:1038500026D0010E01018F6F22D0020E01018F6F61
:103860001ED0030E01018F6F1AD0040E01018F6F5D
:1038700016D0050E01018F6F12D0060E01018F6F59
:103880000ED0070E01018F6F0AD0080E01018F6F55
:1038900006D0090E01018F6F02D001018F6B8FC11D
:1038A00001F00001000C83C18CF1020E01018D6F4B
:1038B00000019EDF01C085F183C192F1020E01017A
:1038C000936F000115EC13F0010182518525846F7F
:1038D00084BF05D08451090802E2856B08D084BFFB
:1038E00001D003D0090E856F02D084C185F185C156
:1038F000C0F10001A2DD83C192F1020E0101936FBC
:10390000000115EC13F0000C050E01018C6F020E86
:103910008D6F00016DDF0101836B01C082F1060E26
:103920008C6F020E8D6F000163DF0101856B01C09A
:1039300084F1070E8C6F020E8D6F000159DF0101BB
:10394000876B01C086F1080E8C6F020E8D6F00012F
:103950004FDF0101896B01C088F183C193F182C1FE
:1039600092F1030E956FE80E946F000155DD02C0D1
:103970008BF101C08AF185C193F184C192F10101FB
:10398000956B640E946F000147DD015001018A2799
:1039900002508B2387C193F186C192F1956B0A0E79
:1039A000946F000139DD015001018A2702508B23F9
:1039B00088518A2789518B238AC101F08BC102F07B
:1039C0000001000C01018251350A000103E0030AE5
:1039D00005E008D0FF0E016E08D007D0010E016E81
:1039E00004D003D0000E016E00D0000C0101825102
:1039F0008325846F8451080803E2050E826F08D086
:103A00008451040803E3080E826F02D084C182F15E
:103A100082C192F1020E936F000115EC13F00101C7
:103A200082C101F00001000C212C46D028EC13F0DB
:103A30000101826B8251000173EC02F0000909E080
:103A40000101822BC16F00012FEC13F00101F2D7AD
:103A5000000137EC13F03C0E0101C16F00012FECA7
:103A600013F00101826B8251000153EC0CF000094C
:103A700009E00101822BC16F00012FEC13F001015D
:103A8000F2D70001090E0101926F020E936F00013F
:103A900015EC13F00101826B825100014FEC02F032
:103AA000000909E00101822BC16F00012FEC13F026
:103AB0000101F2D7000190D02150020846E128EC24
:103AC00013F00101826B8251000157EC07F00009ED
:103AD00009E00101822BC16F00012FEC13F00101FD
:103AE000F2D7000137EC13F03C0E0101C16F000169
:103AF0002FEC13F00101826B8251000153EC0CF0AA
:103B0000000909E00101822BC16F00012FEC13F0C5
:103B10000101F2D70001090E0101926F020E936FAD
:103B2000000115EC13F00101826B825100014FEC92
:103B300002F0000909E00101822BC16F00012FECA6
:103B400013F00101F2D7000147D02150030844E1EE
:103B500028EC13F00101826B8251000185EC0AF020
:103B6000000909E00101822BC16F00012FEC13F065
:103B70000101F2D7000137EC13F03C0E0101C16FD7
:103B800000012FEC13F00101826B8251000153EC14
:103B90000CF0000909E00101822BC16F00012FEC3C
:103BA00013F00101F2D70001090E0101926F020E1C
:103BB000936F000115EC13F00101826B825100013B
:103BC0004FEC02F0000908E00101822BC16F0001F7
:103BD0002FEC13F00101F2D700018AEF2CF0212C19
:103BE00046D028EC13F00101826B8251000189EC70
:103BF00002F0000909E00101822BC16F00012FECE6
:103C000013F00101F2D7000137EC13F03C0E010173
:103C1000C16F00012FEC13F00101826B8251000192
:103C200053EC0CF0000909E00101822BC16F000187
:103C30002FEC13F00101F2D70001090E0101926F80
:103C4000020E936F000115EC13F00101826B82519B
:103C500000014FEC02F0000909E00101822BC16F65
:103C600000012FEC13F00101F2D7000190D0215098
:103C7000020846E128EC13F00101826B8251000139
:103C80006DEC07F0000909E00101822BC16F000112
:103C90002FEC13F00101F2D7000137EC13F03C0ECA
:103CA0000101C16F00012FEC13F00101826B825101
:103CB000000153EC0CF0000909E00101822BC16FF7
:103CC00000012FEC13F00101F2D70001090E0101F0
:103CD000926F020E936F000115EC13F00101826BDD
:103CE000825100014FEC02F0000909E00101822B32
:103CF000C16F00012FEC13F00101F2D7000147D092
:103D00002150030844E128EC13F00101826B825139
:103D100000019BEC0AF0000909E00101822BC16F50
:103D200000012FEC13F00101F2D7000137EC13F082
:103D30003C0E0101C16F00012FEC13F00101826BF9
:103D40008251000153EC0CF0000909E00101822BC3
:103D5000C16F00012FEC13F00101F2D70001090E31
:103D60000101926F020E936F000115EC13F0010137
:103D7000826B825100014FEC02F0000908E0010162
:103D8000822BC16F00012FEC13F00101F2D700016B
:103D9000D3EF2CF0212C46D028EC13F00101826BDC
:103DA000825100019FEC02F0000909E00101822B21
:103DB000C16F00012FEC13F00101F2D7000137ECC5
:103DC00013F03C0E0101C16F00012FEC13F0010153
:103DD000826B8251000153EC0CF0000909E00101F3
:103DE000822BC16F00012FEC13F00101F2D700010B
:103DF000090E0101926F020E936F000115EC13F092
:103E00000101826B825100014FEC02F0000909E0D0
:103E10000101822BC16F00012FEC13F00101F2D7D9
:103E2000000190D02150020846E128EC13F0010176
:103E3000826B8251000183EC07F0000909E0010167
:103E4000822BC16F00012FEC13F00101F2D70001AA
:103E500037EC13F03C0E0101C16F00012FEC13F0A1
:103E60000101826B8251000153EC0CF0000909E062
:103E70000101822BC16F00012FEC13F00101F2D779
:103E80000001090E0101926F020E936F000115EC03
:103E900013F00101826B825100014FEC02F0000926
:103EA00009E00101822BC16F00012FEC13F0010129
:103EB000F2D7000147D02150030844E128EC13F069
:103EC0000101826B82510001B1EC0AF0000909E0A6
:103ED0000101822BC16F00012FEC13F00101F2D719
:103EE000000137EC13F03C0E0101C16F00012FEC13
:103EF00013F00101826B8251000153EC0CF00009B8
:103F000009E00101822BC16F00012FEC13F00101C8
:103F1000F2D70001090E0101926F020E936F0001AA
:103F200015EC13F00101826B825100014FEC02F09D
:103F3000000908E00101822BC16F00012FEC13F092
:103F40000101F2D700011CEF2DF0212C27D028EC25
:103F500013F00101826B82510001B5EC02F00009FF
:103F600009E00101822BC16F00012FEC13F0010168
:103F7000F2D7000137EC13F00101826B825100018E
:103F8000CBEC02F0000909E00101822BC16F0001B6
:103F90002FEC13F00101F2D7000152D0215002089A
:103FA00027E128EC13F00101826B8251000199ECAA
:103FB00007F0000909E00101822BC16F00012FEC1D
:103FC00013F00101F2D7000137EC13F00101826B0D
:103FD00082510001CBEC02F0000909E00101822BC3
:103FE000C16F00012FEC13F00101F2D7000128D0BE
:103FF0002150030825E128EC13F00101826B825166
:104000000001B5EC02F0000909E00101822BC16F4B
:1040100000012FEC13F00101F2D7000137EC13F08F
:104020000101826B82510001CBEC02F0000908E033
:104030000101822BC16F00012FEC13F00101F2D7B7
:10404000000154EF2DF0212C27D028EC13F00101B2
:10405000826B82510001E1EC02F0000909E00101EC
:10406000822BC16F00012FEC13F00101F2D7000188
:1040700037EC13F00101826B8251000123EC02F056
:10408000000909E00101822BC16F00012FEC13F040
:104090000101F2D7000152D02150020827E128EC9B
:1040A00013F00101826B82510001AFEC07F00009AF
:1040B00009E00101822BC16F00012FEC13F0010117
:1040C000F2D7000137EC13F00101826B825100013D
:1040D0002BEC07F0000909E00101822BC16F000100
:1040E0002FEC13F00101F2D7000128D02150030872
:1040F00025E128EC13F00101826B82510001C7EC2D
:104100000AF0000909E00101822BC16F00012FECC8
:1041100013F00101F2D7000137EC13F00101826BBB
:104120008251000159EC0AF0000908E00101822BDC
:10413000C16F00012FEC13F00101F2D7000176EFFF
:104140002DF0212C46D028EC13F00101826B825116
:104150000001F7EC02F0000909E00101822BC16FB8
:1041600000012FEC13F00101F2D7000137EC13F03E
:104170003C0E0101C16F00012FEC13F00101826BB5
:104180008251000153EC0CF0000909E00101822B7F
:10419000C16F00012FEC13F00101F2D70001090EED
:1041A0000101926F020E936F000115EC13F00101F3
:1041B000826B825100014FEC02F0000909E001011D
:1041C000822BC16F00012FEC13F00101F2D7000127
:1041D00090D02150020846E128EC13F00101826BD7
:1041E00082510001C5EC07F0000909E00101822BB2
:1041F000C16F00012FEC13F00101F2D7000137EC81
:1042000013F03C0E0101C16F00012FEC13F001010E
:10421000826B8251000153EC0CF0000909E00101AE
:10422000822BC16F00012FEC13F00101F2D70001C6
:10423000090E0101926F020E936F000115EC13F04D
:104240000101826B825100014FEC02F0000909E08C
:104250000101822BC16F00012FEC13F00101F2D795
:10426000000147D02150030844E128EC13F001017C
:10427000826B82510001DDEC0AF0000909E00101C6
:10428000822BC16F00012FEC13F00101F2D7000166
:1042900037EC13F03C0E0101C16F00012FEC13F05D
:1042A0000101826B8251000153EC0CF0000909E01E
:1042B0000101822BC16F00012FEC13F00101F2D735
:1042C0000001090E0101926F020E936F000115ECBF
:1042D00013F00101826B825100014FEC02F00009E2
:1042E00008E00101822BC16F00012FEC13F00101E6
:1042F000F2D70001ABEF2DF0212C46D028EC13F0C3
:104300000101826B825100010DEC03F0000909E00C
:104310000101822BC16F00012FEC13F00101F2D7D4
:10432000000137EC13F03C0E0101C16F00012FECCE
:1043300013F00101826B8251000153EC0CF0000973
:1043400009E00101822BC16F00012FEC13F0010184
:10435000F2D70001090E0101926F020E936F000166
:1043600015EC13F00101826B825100014FEC02F059
:10437000000909E00101822BC16F00012FEC13F04D
:104380000101F2D7000190D02150020846E128EC4B
:1043900013F00101826B82510001DBEC07F0000990
:1043A00009E00101822BC16F00012FEC13F0010124
:1043B000F2D7000137EC13F03C0E0101C16F000190
:1043C0002FEC13F00101826B8251000153EC0CF0D1
:1043D000000909E00101822BC16F00012FEC13F0ED
:1043E0000101F2D70001090E0101926F020E936FD5
:1043F000000115EC13F00101826B825100014FECBA
:1044000002F0000909E00101822BC16F00012FECCD
:1044100013F00101F2D7000147D02150030844E115
:1044200028EC13F00101826B82510001F3EC0AF0D9
:10443000000909E00101822BC16F00012FEC13F08C
:104440000101F2D7000137EC13F03C0E0101C16FFE
:1044500000012FEC13F00101826B8251000153EC3B
:104460000CF0000909E00101822BC16F00012FEC63
:1044700013F00101F2D70001090E0101926F020E43
:10448000936F000115EC13F00101826B8251000162
:104490004FEC02F0000908E00101822BC16F00011E
:1044A0002FEC13F00101F2D700012DEF2EF0212C9B
:1044B00046D028EC13F00101826B8251000123ECFD
:1044C00003F0000909E00101822BC16F00012FEC0C
:1044D00013F00101F2D7000137EC13F03C0E01019B
:1044E000C16F00012FEC13F00101826B82510001BA
:1044F00053EC0CF0000909E00101822BC16F0001AF
:104500002FEC13F00101F2D70001090E0101926FA7
:10451000020E936F000115EC13F00101826B8251C2
:1045200000014FEC02F0000909E00101822BC16F8C
:1045300000012FEC13F00101F2D7000190D02150BF
:10454000020846E128EC13F00101826B8251000160
:10455000F1EC07F0000909E00101822BC16F0001B5
:104560002FEC13F00101F2D7000137EC13F03C0EF1
:104570000101C16F00012FEC13F00101826B825128
:10458000000153EC0CF0000909E00101822BC16F1E
:1045900000012FEC13F00101F2D70001090E010117
:1045A000926F020E936F000115EC13F00101826B04
:1045B000825100014FEC02F0000909E00101822B59
:1045C000C16F00012FEC13F00101F2D7000147D0B9
:1045D0002150030844E128EC13F00101826B825161
:1045E000000109EC0BF0000909E00101822BC16F09
:1045F00000012FEC13F00101F2D7000137EC13F0AA
:104600003C0E0101C16F00012FEC13F00101826B20
:104610008251000153EC0CF0000909E00101822BEA
:10462000C16F00012FEC13F00101F2D70001090E58
:104630000101926F020E936F000115EC13F001015E
:10464000826B825100014FEC02F0000908E0010189
:10465000822BC16F00012FEC13F00101F2D7000192
:104660008EEF2EF0070E0101926F020E936F000184
:1046700015EC13F083C193F182C192F10101956BA6
:104680000A0E946F0001E9EC19F002C085F101C037
:1046900084F10101936B0A0E926F85C195F184C17B
:1046A00094F100010CEC1AF001500101825D866F5B
:1046B00002508359876F84C1C0F100011DEC1AF0CC
:1046C00086C1C0F11DEC1AF0D7EF2EF0212C40D09E
:1046D00028EC13F00101826B8251000139EC03F0E8
:1046E000000909E00101822BC16F00012FEC13F0DA
:1046F0000101F2D7000137EC13F00101826B825106
:10470000000162EC0CF0000909E00101822BC16F8D
:1047100000012FEC13F00101F2D70001090E010195
:10472000926F020E936F000115EC13F00101826B82
:10473000825100014FEC03F0000909E00101822BD6
:10474000C16F00012FEC13F00101F2D7000184D0FA
:104750002150020840E128EC13F00101826B8251E4
:10476000000107EC08F0000909E00101822BC16F8C
:1047700000012FEC13F00101F2D7000137EC13F028
:104780000101826B8251000162EC0CF0000909E02A
:104790000101822BC16F00012FEC13F00101F2D750
:1047A0000001090E0101926F020E936F000115ECDA
:1047B00013F00101826B825100014FEC03F00009FC
:1047C00009E00101822BC16F00012FEC13F0010100
:1047D000F2D7000141D0215003083EE128EC13F04C
:1047E0000101826B8251000139EC03F0000909E0FC
:1047F0000101822BC16F00012FEC13F00101F2D7F0
:10480000000137EC13F00101826B8251000162EC70
:104810000CF0000909E00101822BC16F00012FECAF
:1048200013F00101F2D70001090E0101926F020E8F
:10483000936F000115EC13F00101826B82510001AE
:104840004FEC03F0000908E00101822BC16F000169
:104850002FEC13F00101F2D70001D9EF2EF0070E73
:1048600001018C6F020E8D6F0001F8EC1BF001014D
:10487000836B01C082F1080E8C6F020E8D6F0001F8
:10488000F8EC1BF00101856B01C084F183C193F149
:1048900082C192F1956B0A0E946F00010CEC1AF034
:1048A00002C087F101C086F101018451862785513C
:1048B000872386C101F087C102F00001E7EF2EF0E7
:1048C000010182518325846F8451080803E2070E99
:1048D000826F08D08451060803E3080E826F02D06D
:1048E00084C182F182C192F1020E936F000115EC36
:1048F00013F0010182C101F00001F9EF2EF0212C2B
:1049000027D028EC13F00101826B8251000165EC85
:1049100003F0000909E00101822BC16F00012FECB7
:1049200013F00101F2D7000137EC13F00101826BA3
:10493000825100017BEC03F0000909E00101822BA8
:10494000C16F00012FEC13F00101F2D7000152D02A
:104950002150020827E128EC13F00101826B8251FB
:1049600000011DEC08F0000909E00101822BC16F74
:1049700000012FEC13F00101F2D7000137EC13F026
:104980000101826B8251000133EC08F0000909E05B
:104990000101822BC16F00012FEC13F00101F2D74E
:1049A000000128D02150030825E128EC13F0010173
:1049B000826B825100011FEC0BF0000909E001013C
:1049C000822BC16F00012FEC13F00101F2D700011F
:1049D00037EC13F00101826B825100017BEC03F094
:1049E000000908E00101822BC16F00012FEC13F0D8
:1049F0000101F2D700011BEF2FF0FF0E936EF29230
:104A0000F286F288F18C000C212C65D028EC13F092
:104A10000101826B82510001F5EC04F0000909E00C
:104A20000101822BC16F00012FEC13F00101F2D7BD
:104A3000000137EC13F00101826B825100010BEC95
:104A400005F0000909E00101822BC16F00012FEC84
:104A500013F00101F2D70001080E0101826FFA0E76
:104A6000836F000163EC13F00101822FF8D700017E
:104A700028EC13F00101826B8251000121EC05F05A
:104A8000000909E00101822BC16F00012FEC13F036
:104A90000101F2D7000137EC13F00101826B825162
:104AA000000137EC05F0000909E00101822BC16F1C
:104AB00000012FEC13F00101F2D70001080E0101F3
:104AC000826FFA0E836F000163EC13F00101822FF5
:104AD000F8D7CFD000012150020865E128EC13F08F
:104AE0000101826B82510001B7EC08F0000909E076
:104AF0000101822BC16F00012FEC13F00101F2D7ED
:104B0000000137EC13F00101826B82510001CDEC02
:104B100008F0000909E00101822BC16F00012FECB0
:104B200013F00101F2D70001080E0101826FFA0EA5
:104B3000836F000163EC13F00101822FF8D70001AD
:104B400028EC13F00101826B82510001E3EC08F0C4
:104B5000000909E00101822BC16F00012FEC13F065
:104B60000101F2D7000137EC13F00101826B825191
:104B70000001F9EC08F0000909E00101822BC16F86
:104B800000012FEC13F00101F2D70001080E010122
:104B9000826FFA0E836F000163EC13F00101822F24
:104BA000F8D767D000012150030863E128EC13F027
:104BB0000101826B8251000177EC0BF0000909E0E2
:104BC0000101822BC16F00012FEC13F00101F2D71C
:104BD000000137EC13F00101826B825100018DEC72
:104BE0000BF0000909E00101822BC16F00012FECDD
:104BF00013F00101F2D70001080E0101826FFA0ED5
:104C0000836F000163EC13F00101822FF8D70001DC
:104C100028EC13F00101826B82510001A3EC0BF030
:104C2000000909E00101822BC16F00012FEC13F094
:104C30000101F2D7000137EC13F00101826B8251C0
:104C40000001B9EC0BF0000909E00101822BC16FF2
:104C500000012FEC13F00101F2D70001080E010151
:104C6000826FFA0E836F000163EC13F00101822F53
:104C7000F8D7000143EF2FF0212C16D028EC13F0C9
:104C80000101826B82510001A6EC05F0000909E0E8
:104C90000101822BC16F00012FEC13F00101F2D74B
:104CA000000135EC16F031D02150020816E128EC55
:104CB00013F00101826B825100013BEC09F0000905
:104CC00009E00101822BC16F00012FEC13F00101FB
:104CD000F2D7000135EC16F018D02150030815E189
:104CE00028EC13F00101826B82510001FBEC0BF008
:104CF000000909E00101822BC16F00012FEC13F0C4
:104D00000101F2D7000135EC16F049EF2FF0212C0C
:104D100014D037EC13F00101826B82510001BCEC1E
:104D200005F0000909E00101822BC16F00012FECA1
:104D300013F00101F2D700012CD02150020814E138
:104D400037EC13F00101826B8251000151EC09F044
:104D5000000909E00101822BC16F00012FEC13F063
:104D60000101F2D7000115D02150030812E137EC00
:104D700013F00101826B8251000111EC0CF000096B
:104D800008E00101822BC16F00012FEC13F001013B
:104D9000F2D700016AEF2FF0212C16D028EC13F087
:104DA0000101826B82510001D2EC05F0000909E09B
:104DB0000101822BC16F00012FEC13F00101F2D72A
:104DC000000135EC16F031D02150020816E128EC34
:104DD00013F00101826B82510001D2EC05F0000951
:104DE00009E00101822BC16F00012FEC13F00101DA
:104DF000F2D7000135EC16F018D02150030815E168
:104E000028EC13F00101826B82510001D2EC05F015
:104E1000000909E00101822BC16F00012FEC13F0A2
:104E20000101F2D7000135EC16F0C8EF30F0212C6B
:104E300046D028EC13F00101826B82510001E8ECAE
:104E400005F0000909E00101822BC16F00012FEC80
:104E500013F00101F2D7000137EC13F03C0E010111
:104E6000C16F00012FEC13F00101826B8251000130
:104E700053EC0CF0000909E00101822BC16F000125
:104E80002FEC13F00101F2D70001090E0101926F1E
:104E9000020E936F000115EC13F00101826B825139
:104EA00000014FEC02F0000909E00101822BC16F03
:104EB00000012FEC13F00101F2D7000190D0215036
:104EC000020846E128EC13F00101826B82510001D7
:104ED00067EC09F0000909E00101822BC16F0001B4
:104EE0002FEC13F00101F2D7000137EC13F03C0E68
:104EF0000101C16F00012FEC13F00101826B82519F
:104F0000000153EC0CF0000909E00101822BC16F94
:104F100000012FEC13F00101F2D70001090E01018D
:104F2000926F020E936F000115EC13F00101826B7A
:104F3000825100014FEC02F0000909E00101822BCF
:104F4000C16F00012FEC13F00101F2D7000147D02F
:104F50002150030844E128EC13F00101826B8251D7
:104F6000000127EC0CF0000909E00101822BC16F60
:104F700000012FEC13F00101F2D7000137EC13F020
:104F80003C0E0101C16F00012FEC13F00101826B97
:104F90008251000153EC0CF0000909E00101822B61
:104FA000C16F00012FEC13F00101F2D70001090ECF
:104FB0000101926F020E936F000115EC13F00101D5
:104FC000826B825100014FEC02F0000908E0010100
:104FD000822BC16F00012FEC13F00101F2D7000109
:104FE000F2EF30F083C193F182C192F1030E01011F
:104FF000956FE80E946F0001E9EC19F002C085F19D
:1050000001C084F1030E0101936FE80E926F85C118
:1050100095F184C194F100010CEC1AF001500101EA
:10502000825D8C6F025083598D6F8DC193F18CC15D
:1050300092F1956B640E946F0001E9EC19F002C0D7
:1050400087F101C086F10101936B640E926F87C1F5
:1050500095F186C194F100010CEC1AF001500101A8
:105060008C5D8E6F02508D598F6F8FC193F18EC101
:1050700092F1956B0A0E946F0001E9EC19F002C0F1
:1050800089F101C088F10101936B0A0E926F89C109
:1050900095F188C194F100010CEC1AF00150010166
:1050A0008E5D906F02508F59916F91C18BF190C1BD
:1050B0008AF1060E926F020E936F000115EC13F049
:1050C00086C1C0F11DEC1AF088C1C0F11DEC1AF0C8
:1050D0008AC1C0F11DEC1AF0040E0101926F020E9C
:1050E000936F000115EC13F084C1C0F11DEC1AF0B0
:1050F0003CEF31F0212C43D028EC13F00101826BFE
:1051000082510001FEEC05F0000909E00101822B4B
:10511000C16F00012FEC13F00101F2D7000137EC51
:1051200013F03C0E0101C16F00012FEC13F0090ECA
:105130000101926F020E936F000115EC13F0010153
:10514000826B8251000161EC02F0000909E001016B
:10515000822BC16F00012FEC13F00101F2D7000187
:10516000050E0101926F020E936F000115EC13F012
:105170002C0E0101C16F00012FEC13F08BD02150D8
:10518000020843E128EC13F00101826B8251000117
:105190007DEC09F0000909E00101822BC16F0001DB
:1051A0002FEC13F00101F2D7000137EC13F03C0EA5
:1051B0000101C16F00012FEC13F0090E0101926F84
:1051C000020E936F000115EC13F00101826B825106
:1051D000000161EC02F0000909E00101822BC16FBE
:1051E00000012FEC13F00101F2D70001050E0101BF
:1051F000926F020E936F000115EC13F02C0E01015B
:10520000C16F00012FEC13F045D02150030842E19B
:1052100028EC13F00101826B825100013DEC0CF08F
:10522000000909E00101822BC16F00012FEC13F08E
:105230000101F2D7000137EC13F03C0E0101C16F00
:1052400000012FEC13F0090E0101926F020E936F13
:10525000000115EC13F00101826B8251000161EC39
:1052600002F0000909E00101822BC16F00012FEC5F
:1052700013F00101F2D70001050E0101926F020E39
:10528000936F000115EC13F02C0E0101C16F0001AA
:105290002FEC13F03EEF31F0040E01018C6F020E83
:1052A0008D6F0001F8EC1BF00101836B01C082F1EE
:1052B000060E8C6F020E8D6F0001F8EC1BF00101E1
:1052C000856B01C084F1070E8C6F020E8D6F00019B
:1052D000F8EC1BF00101876B01C086F1080E8C6FA2
:1052E000020E8D6F0001F8EC1BF00101896B01C00B
:1052F00088F183C193F182C192F1030E956FE80E9C
:10530000946F00010CEC1AF002C08BF101C08AF11D
:1053100085C193F184C192F10101956B640E946F84
:1053200000010CEC1AF0015001018A2702508B2376
:1053300087C193F186C192F1956B0A0E946F0001BB
:105340000CEC1AF0015001018A2702508B2388517E
:105350008A2789518B238AC101F08BC102F0000199
:105360004CEF31F0010182518325846F845105088F
:1053700008E18251040803E1060E846F02D0040E96
:10538000846F8451080803E2040E826F08D08451B0
:10539000030803E3080E826F02D084C182F182C148
:1053A00092F1020E936F000115EC13F0010182C11E
:1053B00001F0000160EF31F001017EC100F07F518A
:1053C000036E05E100520001D8B43ED10101035043
:1053D00006E1010E005C0001D8B449D1010103507F
:1053E00006E1020E005C0001D8B455D10101035062
:1053F00006E1030E005C0001D8B461D10101035045
:1054000006E1040E005C0001D8B46DD10101035027
:1054100006E1050E005C0001D8B479D1010103500A
:1054200006E1060E005C0001D8B485D101010350ED
:1054300006E1070E005C0001D8B491D101010350D0
:1054400006E1080E005C0001D8B49DD101010350B3
:1054500006E1090E005C0001D8B4A9D10101035096
:1054600006E10A0E005C0001D8B4B5D10101035079
:1054700006E10B0E005C0001D8B4C1D1010103505C
:1054800006E10C0E005C0001D8B4DBD10101035031
:1054900006E10D0E005C0001D8B427D201010350D3
:1054A00006E10E0E005C0001D8B468D20101035081
:1054B00006E10F0E005C0001D8B4A9D2010103502F
:1054C00006E1110E005C0001D8B4EAD201010350DC
:1054D00006E1120E005C0001D8B4F6D201010350BF
:1054E00006E1130E005C0001D8B4F6D201010350AE
:1054F00006E1150E005C0001D8B4F6D2010103509C
:1055000006E1160E005C0001D8B410D3010103506F
:1055100006E11F0E005C0001D8B455D30101035011
:1055200006E1290E005C0001D8B457D301010350F5
:1055300006E1330E005C0001D8B456D301010350DC
:1055400006E1340E005C0001D8B472D301010350AF
:1055500007E13D0E005C0001D8B460EF2EF00101C0
:10556000035007E1470E005C0001D8B469EF2EF04C
:105570000101035007E1510E005C0001D8B470EF47
:105580002EF00101035007E15C0E005C0001D8B46D
:1055900077EF2EF00101035007E1630E005C00017C
:1055A000D8B4C1EF2EF00101035007E1640E005C96
:1055B0000001D8B419EF2FF00101035007E1F00EFC
:1055C000005C0001D8B441EF2FF00101030E035C31
:1055D00007E1840E005C0001D8B447EF2FF0010111
:1055E000030E035C07E1860E005C0001D8B45AEF9D
:1055F0002FF00101030E035C07E1DE0E005C0001E9
:10560000D8B4B5EF30F00101030E035C07E1F40EEE
:10561000005C0001D8B4C6EF30F00101030E035C5A
:1056200007E1FD0E005C0001D8B4D9EF30F00101B4
:10563000030E035C07E1FE0E005C0001D8B429EF05
:1056400031F0010175EF31F0FCEC14F0050E556EF0
:105650000101836B826B28C084F1000194EC15F08A
:1056600002C027F001C026F0010175EF31F091EF83
:1056700016F06DEC15F00101836B010E826F28C0EE
:1056800084F1000194EC15F002C027F001C026F06F
:10569000010175EF31F0D3EF16F06DEC15F001015B
:1056A000836B020E826F28C084F1000194EC15F028
:1056B00002C027F001C026F0010175EF31F015EFAF
:1056C00017F06DEC15F00101836B030E826F28C09B
:1056D00084F1000194EC15F002C027F001C026F01F
:1056E000010175EF31F05BEF17F06DEC15F0010182
:1056F000836B040E826F28C084F1000194EC15F0D6
:1057000002C027F001C026F0010175EF31F0A3EFD0
:1057100017F06DEC15F00101836B050E826F28C048
:1057200084F1000194EC15F002C027F001C026F0CE
:10573000010175EF31F0EBEF17F06DEC15F00101A1
:10574000836B060E826F28C084F1000194EC15F083
:1057500002C027F001C026F0010175EF31F033EFF0
:1057600018F06DEC15F00101836B070E826F28C0F5
:1057700084F1000194EC15F002C027F001C026F07E
:10578000010175EF31F07BEF18F06DEC15F00101C0
:10579000836B080E826F28C084F1000194EC15F031
:1057A00002C027F001C026F0010175EF31F0C3EF10
:1057B00018F06DEC15F00101836B090E826F28C0A3
:1057C00084F1000194EC15F002C027F001C026F02E
:1057D000010175EF31F00BEF19F06DEC15F00101DF
:1057E000836B0A0E826F28C084F1000194EC15F0DF
:1057F00002C027F001C026F0010175EF31F053EC33
:1058000019F0566A6DEC15F00101836B0B0E826F77
:1058100028C084F1000194EC15F002C027F001C00B
:1058200026F02650640803E1275201E1566A26500B
:105830000C0804E1275202E1010E566E010175EFDA
:1058400031F0525060080AE2FF0A03E15150A80803
:1058500005E238C082F1D0EC19F01AD02DC083F1E6
:105860002CC082F194EC1AF009EF1BF028C082F1F1
:10587000E4EC1BF001C081F181C182F138C083F1F9
:1058800053EC1CF084EC1CF002C02DF001C02CF095
:10589000640E5126000E522228C082F1E2EC1CF068
:1058A00001C080F138C082F180C183F1F6EC1CF0B8
:1058B00001C038F00101836B0C0E826F28C084F1A7
:1058C000000194EC15F002C027F001C026F05550FD
:1058D000020808E126500D0805E1275203E1276A76
:1058E000640E266E010175EF31F0525060080AE235
:1058F000FF0A03E15150A80805E238C082F1D0EC5C
:1059000019F01AD02FC083F12EC082F194EC1AF056
:1059100014EF1DF028C082F1E4EC1BF001C081F10E
:1059200081C182F138C083F153EC1CF084EC1CF08F
:1059300002C02FF001C02EF0640E5126000E52223C
:1059400028C082F1E2EC1CF001C080F138C082F185
:1059500080C183F1F6EC1CF001C038F00101836BCB
:105960000D0E826F28C084F1000194EC15F002C086
:1059700027F001C026F0010175EF31F052506008A8
:105980000AE2FF0A03E15150A80805E238C082F19B
:10599000D0EC19F01AD031C083F130C082F194EC10
:1059A0001AF0EFEF1DF028C082F1E4EC1BF001C00B
:1059B00081F181C182F138C083F153EC1CF084EC99
:1059C0001CF002C031F001C030F0640E5126000E10
:1059D000522228C082F1E2EC1CF001C080F138C0F4
:1059E00082F180C183F1F6EC1CF001C038F00101B6
:1059F000836B0E0E826F28C084F1000194EC15F0C9
:105A000002C027F001C026F0010175EF31F05250BD
:105A100060080AE2FF0A03E15150A80805E238C015
:105A200082F1D0EC19F01AD033C083F132C082F188
:105A300094EC1AF0CAEF1EF028C082F1E4EC1BF0DF
:105A400001C081F181C182F138C083F153EC1CF0B7
:105A500084EC1CF002C033F001C032F0640E512619
:105A6000000E522228C082F1E2EC1CF001C080F14D
:105A700038C082F180C183F1F6EC1CF001C038F02F
:105A80000101836B0F0E826F28C084F1000194EC3A
:105A900015F002C027F001C026F0010175EF31F0CA
:105AA000010E196EA5EF1FF00101836B260E826FA8
:105AB00028C084F1000194EC15F002C027F001C069
:105AC00026F0010175EF31F0020E556E276A0B0EBC
:105AD000266E010175EF31F0050E556E276A0B0E2B
:105AE000266E010175EF31F023EF20F0020E196EE2
:105AF000566A0101836B100E826F28C084F1000189
:105B000094EC15F002C027F001C026F0265064087E
:105B100003E1275201E1566A2650160804E1275294
:105B200002E1010E566E010175EF31F0525060082E
:105B30000AE2FF0A03E15150A80805E238C082F1E9
:105B4000D0EC19F01AD035C083F134C082F194EC56
:105B50001AF0A1EF20F028C082F1E4EC1BF001C0A4
:105B600081F181C182F138C083F153EC1CF084ECE7
:105B70001CF002C035F001C034F0640E5126000E56
:105B8000522228C082F1E2EC1CF001C080F138C042
:105B900082F180C183F1F6EC1CF001C038F0010104
:105BA000836B110E826F28C084F1000194EC15F014
:105BB00002C027F001C026F038C082F1D0EC19F005
:105BC000010175EF31F0030E196E0A0E2B6E276A74
:105BD000640E266E010175EF31F0040E196E276A0E
:105BE000640E266E010181D3010E196E020E556EF0
:105BF000010E576E53EC19F00101836B120E826F88
:105C000028C084F1000194EC15F002C027F001C017
:105C100026F02650640803E1275201E1566A265017
:105C2000340804E1275202E1010E566E01015DD3F2
:105C3000525060080AE2FF0A03E15150A80805E249
:105C400038C082F1D0EC19F01AD035C083F134C0DD
:105C500082F194EC1AF07CEF21F028C082F1E4ECA0
:105C60001BF001C081F181C182F138C083F153EC96
:105C70001CF084EC1CF002C035F001C034F0640E5E
:105C80005126000E522228C082F1E2EC1CF001C025
:105C900080F138C082F180C183F1F6EC1CF001C0C4
:105CA00038F00101836B130E826F28C084F100016C
:105CB00094EC15F002C027F001C026F0010115D3C5
:105CC000060E196E0A0E2B6E276A640E266E0101EF
:105CD0000CD3070E196E276A640E266E010105D3D8
:105CE000080E196E276A640E266E0101FED2090E97
:105CF000196E525060080AE2FF0A03E15150A808E9
:105D000005E238C082F1D0EC19F01AD035C083F129
:105D100034C082F194EC1AF057EF22F028C082F1DF
:105D2000E4EC1BF001C081F181C182F138C083F144
:105D300053EC1CF084EC1CF002C035F001C034F0D0
:105D4000640E5126000E522228C082F1E2EC1CF0B3
:105D500001C080F138C082F180C183F1F6EC1CF003
:105D600001C038F00101836B250E826F28C084F1D9
:105D7000000194EC15F002C027F001C026F00101EB
:105D8000B4D20A0E196E525060080AE2FF0A03E10B
:105D90005150A80805E238C082F1D0EC19F019D0B2
:105DA0000101836B2BC082F1000132EF23F066EF1B
:105DB00023F028C082F1E4EC1BF001C081F181C125
:105DC00082F138C083F153EC1CF02FEF24F001C0B6
:105DD0002BF0640E5126000E522228C082F1E2EC14
:105DE0001CF001C080F138C082F180C183F160EF06
:105DF00024F001C038F00101836B370E826F28C098
:105E000084F1000194EC15F002C027F001C026F0E7
:105E10002B5203E1276A630E266E2B500A0803E219
:105E2000276A630E266E38C082F1D0EC19F00101AA
:105E30005CD27FEF24F0186AF2BE188EF29EC9EC95
:105E400010F018BEF28E486A476A466A456A446A8C
:105E5000436A426A416A276A640E266E3B6A010EF3
:105E60003A6E020E0101826FC80E836F000163EC6F
:105E700013F00101822FF8D70001FDEC24F001019D
:105E800034D204EF25F0276A266A01012ED23CEFB6
:105E900026F06DEC15F00101836B380E826F28C07F
:105EA00084F1000194EC15F002C027F001C026F047
:105EB00001011BD20B0E196E010E3C6E100E3D6ED1
:105EC000400E3E6E800E3F6E200E406EFF0E936EB3
:105ED00087EF26F081CF58F0010E0101926F936F8A
:105EE000000115EC13F00101826B82510001E0EC1E
:105EF0000DF0000909E00101822BC16F00012FECB8
:105F000013F00101F2D7000158503C1412E00101D6
:105F1000826B82510001EFEC0DF0000909E00101F4
:105F2000822BC16F00012FEC13F00101F2D70001A9
:105F300011D00101826B82510001FEEC0DF00009CD
:105F400009E00101822BC16F00012FEC13F0010168
:105F5000F2D70001060E0101926F010E936F00014E
:105F600015EC13F00101826B825100010DEC0EF073
:105F7000000909E00101822BC16F00012FEC13F031
:105F80000101F2D7000158503D1412E00101826B6B
:105F900082510001EFEC0DF0000909E00101822BB4
:105FA000C16F00012FEC13F00101F2D7000111D0F5
:105FB0000101826B82510001FEEC0DF0000909E045
:105FC0000101822BC16F00012FEC13F00101F2D708
:105FD0000001090E0101926F010E936F000115EC93
:105FE00013F00101826B825100011BEC0EF00009DD
:105FF00009E00101822BC16F00012FEC13F00101B8
:10600000F2D7000158503E1412E00101826B825118
:106010000001EFEC0DF0000909E00101822BC16FD6
:1060200000012FEC13F00101F2D7000111D00101A2
:10603000826B82510001FEEC0DF0000909E00101C4
:10604000822BC16F00012FEC13F00101F2D7000188
:106050000C0E0101926F010E936F000115EC13F00D
:106060000101826B8251000129EC0EF0000909E068
:106070000101822BC16F00012FEC13F00101F2D757
:10608000000158503F1412E00101826B825100015F
:10609000EFEC0DF0000909E00101822BC16F000156
:1060A0002FEC13F00101F2D7000111D00101826B36
:1060B00082510001FEEC0DF0000909E00101822B84
:1060C000C16F00012FEC13F00101F2D700010F0E98
:1060D0000101926F010E936F000115EC13F00101A5
:1060E000826B8251000137EC0EF0000909E00101DA
:1060F000822BC16F00012FEC13F00101F2D70001D8
:106100005850401412E00101826B8251000145ECAD
:106110000EF0000909E00101822BC16F00012FEC94
:1061200013F00101F2D7000111D00101826B8251FD
:10613000000153EC0EF0000909E00101822BC16F50
:1061400000012FEC13F00101F2D700010101836B74
:10615000390E826F28C084F1000194EC15F002C062
:1061600027F001C026F00101C0D078EC13F0010146
:10617000836B3A0E826F28C084F1000194EC15F015
:1061800002C027F001C026F00101AFD0CCEF26F00D
:106190006DEC15F00101836B3A0E826F28C084F11B
:1061A000000194EC15F002C027F001C026F00101B7
:1061B0009CD00C0E196E010E566E525060080AE209
:1061C000FF0A03E15150A80805E238C082F1D0EC83
:1061D00019F01AD035C083F134C082F194EC1AF072
:1061E00017EF27F028C082F1E4EC1BF001C081F129
:1061F00081C182F138C083F153EC1CF084EC1CF0B7
:1062000002C035F001C034F0640E5126000E522257
:1062100028C082F1E2EC1CF001C080F138C082F1AC
:1062200080C183F1F6EC1CF001C038F00101836BF2
:106230003B0E826F28C084F1000194EC15F002C07F
:1062400027F001C026F038C082F1D0EC19F001012E
:106250004CD0525060080AE2FF0A03E15150A808EE
:1062600005E238C082F1D0EC19F01AD037C083F1C2
:1062700036C082F1F2EF27F07AEF28F028C082F1E1
:10628000E4EC1BF001C081F181C182F138C083F1DF
:1062900053EC1CF04CEF29F002C037F001C036F08F
:1062A000640E5126000E522228C082F1E2EC1CF04E
:1062B00001C080F138C082F180C183F1B2EF29F0D2
:1062C00001C038F00101836B3C0E826F28C084F15D
:1062D000000194EC15F002C027F001C026F038C090
:1062E00082F1D0EC19F0010100D00001A9EF64F0B7
:1062F000030E0101926F010E936F000115EC13F074
:1063000020C0C0F11DEC1AF01FC0C0F11DEC1AF046
:106310002C0E0101C16F00012FEC13F01EC0C0F163
:106320001DEC1AF01DC0C0F11DEC1AF01CC0C0F12C
:106330001DEC1AF01BC0C0F11DEC1AF01AC0C0F120
:106340001DEC1AF0000C212C28D028EC13F00101D0
:10635000816B8151000191EC03F0000909E001011A
:10636000812BC16F00012FEC13F00101F2D7000166
:10637000BFDF37EC13F00101816B815100017BEC31
:1063800003F0000909E00101812BC16F00012FEC2E
:1063900013F00101F2D7000154D02150020828E186
:1063A00028EC13F00101816B8151000191EC03F0A5
:1063B000000909E00101812BC16F00012FEC13F0EE
:1063C0000101F2D7000194DF37EC13F00101816B7A
:1063D0008151000133EC08F0000909E00101812B33
:1063E000C16F00012FEC13F00101F2D7000129D099
:1063F0002150030826E128EC13F00101816B815143
:10640000000191EC03F0000909E00101812BC16F4B
:1064100000012FEC13F00101F2D7000169DF37EC26
:1064200013F00101816B815100017BEC03F0000945
:1064300008E00101812BC16F00012FEC13F0010175
:10644000F2D70001000C212C27D028EC13F0010119
:10645000816B81510001A0EC03F0000909E001010A
:10646000812BC16F00012FEC13F00101F2D7000165
:1064700037EC13F00101816B81510001B6EC03F0A0
:10648000000909E00101812BC16F00012FEC13F01D
:106490000101F2D7000152D02150020827E128EC77
:1064A00013F00101816B8151000149EC08F00009F2
:1064B00009E00101812BC16F00012FEC13F00101F4
:1064C000F2D7000137EC13F00101816B815100011B
:1064D0005FEC08F0000909E00101812BC16F0001A8
:1064E0002FEC13F00101F2D7000128D0215003084E
:1064F00025E128EC13F00101816B81510001A0EC32
:1065000003F0000909E00101812BC16F00012FECAC
:1065100013F00101F2D7000137EC13F00101816B98
:1065200081510001B6EC03F0000908E00101812B64
:10653000C16F00012FEC13F00101F2D70001000C34
:1065400001018151310A000107E0030AD8B45CD08F
:10655000010AD8B45FD064D0192C05D06E0E016E3C
:10656000000E026E62D01950020805E1FA0E016EAB
:10657000000E026E5AD01950030805E15E0E016E3E
:10658000010E026E52D01950040805E19A0E016EF8
:10659000010E026E4AD01950050805E1260E016E63
:1065A000020E026E42D01950060805E19A0E016EE5
:1065B000010E026E3AD01950070805E1C60E016EB1
:1065C000020E026E32D01950080805E1C60E016EA7
:1065D000020E026E2AD01950090805E1B60E016EAE
:1065E000030E026E22D019500A0805E15E0E016EFC
:1065F000010E026E1AD019500C0805E1FA0E016E58
:10660000000E026E12D011D0640E016E000E026EEA
:106610000CD00BD0010E016E000E026E06D005D01C
:106620006A0E016E000E026E00D0000C212C63D0A9
:1066300028EC13F00101816B8151000191EC03F012
:10664000000909E00101812BC16F00012FEC13F05B
:106650000101F2D7000120C0C0F11DEC1AF01FC0EB
:10666000C0F11DEC1AF02C0E0101C16F00012FECDE
:1066700013F01EC0C0F11DEC1AF00101816B8151B5
:10668000000190EC0CF0000909E00101812BC16FC1
:1066900000012FEC13F00101F2D700010C0E0101F3
:1066A000926F010E936F000115EC13F00101816BE5
:1066B000815100019FEC0CF0000909E00101812BE0
:1066C000C16F00012FEC13F00101F2D7000137EC8C
:1066D00013F00101816B815100017BEC03F0000993
:1066E00009E00101812BC16F00012FEC13F00101C2
:1066F000F2D70001CAD02150020863E128EC13F060
:106700000101816B8151000191EC03F0000909E066
:106710000101812BC16F00012FEC13F00101F2D7B1
:10672000000120C0C0F11DEC1AF01FC0C0F11DEC2B
:106730001AF02C0E0101C16F00012FEC13F01EC0E6
:10674000C0F11DEC1AF00101816B8151000190EC48
:106750000CF0000909E00101812BC16F00012FEC51
:1067600013F00101F2D700010C0E0101926F010E2E
:10677000936F000115EC13F00101816B8151000151
:106780009FEC0CF0000909E00101812BC16F0001B1
:106790002FEC13F00101F2D7000137EC13F00101E7
:1067A000816B8151000133EC08F0000909E001011F
:1067B000812BC16F00012FEC13F00101F2D7000112
:1067C00064D02150030861E128EC13F00101816BD2
:1067D0008151000191EC03F0000909E00101812BD6
:1067E000C16F00012FEC13F00101F2D7000120C0AE
:1067F000C0F11DEC1AF01FC0C0F11DEC1AF02C0EF8
:106800000101C16F00012FEC13F01EC0C0F11DEC9F
:106810001AF00101816B8151000190EC0CF000092C
:1068200009E00101812BC16F00012FEC13F0010180
:10683000F2D700010C0E0101926F010E936F00015F
:1068400015EC13F00101816B815100019FEC0CF0FC
:10685000000909E00101812BC16F00012FEC13F049
:106860000101F2D7000137EC13F00101816B815176
:1068700000017BEC03F0000908E00101812BC16FEE
:1068800000012FEC13F00101F2D70001000CFF0E04
:106890000101806F7EC100F07F51036E06E1640E3E
:1068A000005C0001D8B49FD00101035006E1650EE1
:1068B000005C0001D8B4A3D00101035006E1660ECC
:1068C000005C0001D8B4E9D00101035006E1670E75
:1068D000005C0001D8B421D10101035006E1680E2B
:1068E000005C0001D8B44BD10101035006E1690EF0
:1068F000005C0001D8B476D10101035006E16A0EB4
:10690000005C0001D8B4A9D10101035006E1CA0E10
:10691000005C0001D8B4F4D10101010E035C06E172
:106920002E0E005C0001D8B418D20101010E035CE8
:1069300006E1920E005C0001D8B440D20101010EC4
:10694000035C06E1F50E005C0001D8B468D20101D9
:10695000010E035C06E1F60E005C0001D8B47BD2A8
:106960000101010E035C06E1F70E005C0001D8B4E2
:1069700096D20101010E035C06E1F80E005C0001F5
:10698000D8B4A0D20101010E035C06E1F90E005C4F
:106990000001D8B4BED20101020E035C06E1BE0EB6
:1069A000005C0001D8B4BCD20101020E035C06E118
:1069B000BF0E005C0001D8B4F0D20101030E035CED
:1069C00006E1860E005C0001D8B459D30101030E24
:1069D000035C07E1870E005C0001D8B45FEF38F07C
:1069E000010180EF38F02850330806E1276A266A53
:1069F0003A6A576A8DEC15F0010180EF38F08DECA2
:106A000015F0010E195CF40F46E20C0F83EF38F01D
:106A1000276A660E266E3FD0276ACA0E266E3BD0C6
:106A2000010E276E2E0E266E36D0010E276E920EA8
:106A3000266E31D0010E276E2E0E266E2CD0020E41
:106A4000276EBE0E266E27D0020E276EBE0E266E55
:106A500022D0030E276E860E266E37EC13F001014E
:106A6000816B815100017BEC03F0000909E0010119
:106A7000812BC16F00012FEC13F00101F2D700014F
:106A8000F29809D0010E276E2E0E266E04D0276ACA
:106A9000CA0E266E00D0010133D355DC0C0E010165
:106AA000926F010E936F000115EC13F00101816BE1
:106AB0008151000161EC0EF0000909E00101812B18
:106AC000C16F00012FEC13F00101F2D70001285033
:106AD00033080DE13A6A576A276A640E266E186A0F
:106AE000F2BE188EF29EC9EC10F018BEF28E392C50
:106AF00012D0555002080CE1276A6A0E266E186AF9
:106B0000F2BE188EF29EC9EC10F018BEF28E03D0C1
:106B1000276A670E266E0101F3D215DC0C0E010107
:106B2000926F010E936F000115EC13F00101816B60
:106B30008151000171EC0EF0000909E00101812B87
:106B4000C16F00012FEC13F00101F2D700012850B2
:106B500033080DE13A6A576A276A640E266E186A8E
:106B6000F2BE188EF29EC9EC10F018BEF28E3950AB
:106B7000020803E1276A680E266E0101C1D2A3EC68
:106B800031F00C0E0101926F010E936F000115ECB4
:106B900013F00101816B8151000181EC0EF00009BD
:106BA00009E00101812BC16F00012FEC13F00101FD
:106BB000F2D70001285033080DE13A6A576A276A74
:106BC000640E266E186AF2BE188EF29EC9EC10F0A2
:106BD00018BEF28E3950030803E1276A690E266E4B
:106BE00001018ED2A3EC31F00C0E0101926F010E67
:106BF000936F000115EC13F00101816B81510001CD
:106C000091EC0EF0000909E00101812BC16F000138
:106C10002FEC13F00101F2D70001285033080DE1E9
:106C20003A6A576A276A640E266E186AF2BE188E90
:106C3000F29EC9EC10F018BEF28E395004080BE138
:106C4000276A6A0E266E186AF2BE188EF29EC9EC8A
:106C500010F018BEF28E010153D223EC32F028C09E
:106C600081F16EDC02C027F001C026F0262C04D092
:106C7000275202E13A6A576A26506E0806E1275207
:106C800004E1020E3A6E8DEC15F02650FA0806E18A
:106C9000275204E1020E3A6E8DEC15F026505E0884
:106CA00007E1272C05D0020E3A6E296A8DEC15F00B
:106CB00026509A0807E1272C05D0020E3A6E296A61
:106CC0008DEC15F02650C60809E12750020806E1B0
:106CD000020E3A6E296A2A6A8DEC15F02650B60823
:106CE00007E12750030804E1020E3A6E8DEC15F01F
:106CF0002650640803E1275201E13A6A010100D2FB
:106D0000A3EC31F00D0E0101926F010E936F0001A3
:106D100015EC13F00101816B81510001A1EC0EF023
:106D2000000909E00101812BC16F00012FEC13F074
:106D30000101F2D70001285033080DE13A6A576A81
:106D4000276A640E266E186AF2BE188EF29EC9EC8F
:106D500010F018BEF28E0101D3D1A3EC31F00C0E6D
:106D60000101926F010E936F000115EC13F0010108
:106D7000816B81510001B1EC0EF0000909E00101C5
:106D8000812BC16F00012FEC13F00101F2D700013C
:106D900029C0C0F11DEC1AF0285033080DE13A6A01
:106DA000576A276A640E266E186AF2BE188EF29E23
:106DB000C9EC10F018BEF28E0101A2D1A3EC31F0A3
:106DC0000C0E0101926F010E936F000115EC13F090
:106DD0000101816B81510001B1EC0EF0000909E065
:106DE0000101812BC16F00012FEC13F00101F2D7DB
:106DF000000129C0C0F11DEC1AF0285033080DE144
:106E00003A6A576A276A640E266E186AF2BE188EAE
:106E1000F29EC9EC10F018BEF28E010171D1C2824F
:106E2000C2B2FED7C4CF80F101012850330805E17A
:106E30003A6A576A276A266AC29080517F080AE335
:106E4000010E276EF60E266E0A0E836F000163ECAC
:106E500013F0010155D1C282C2B2FED7C4CF80F176
:106E600001012850330803E13A6A276A266A8051F3
:106E7000800814E2010E276EF70E266E040E836F53
:106E8000000163EC13F08DEC15F0BCEC10F0A1ECFC
:106E900010F0FDEC24F0C00EF212010131D1A3EC90
:106EA00031F0285033080CE13A6A576A276A266A9B
:106EB000186AF2BE188EF29EC9EC10F018BEF28E5F
:106EC00001011ED123EC32F00101836B290E826F88
:106ED00028C084F1000194EC15F002C027F001C035
:106EE00026F0262C04D0275202E13A6A576A26502F
:106EF00026080DE1275002080AE1565204E1020E6D
:106F0000276E250E266E020E3A6E8DEC15F00101ED
:106F1000F7D03A6A576A276A640E266E0101F0D0EC
:106F200016EC33F00A0E0101926F010E936F00010F
:106F300015EC13F00101816B81510001C1EC0EF0E1
:106F4000000909E00101812BC16F00012FEC13F052
:106F50000101F2D7000129C0C0F11DEC1AF0100E9A
:106F60000101926F010E936F000115EC13F02AC01E
:106F7000C0F11DEC1AF0285033080DE13A6A576A47
:106F8000276A640E266E186AF2BE188EF29EC9EC4D
:106F900010F018BEF28E0101B3D016EC33F00A0ED9
:106FA0000101926F010E936F000115EC13F019505F
:106FB000070812E10101816B81510001C1EC0EF063
:106FC000000909E00101812BC16F00012FEC13F0D2
:106FD0000101F2D7000111D00101816B8151000143
:106FE000CFEC0EF0000909E00101812BC16F000117
:106FF0002FEC13F00101F2D7000129C0C0F11DEC04
:107000001AF0100E0101926F010E936F000115EC42
:1070100013F02AC0C0F11DEC1AF0532C01D002D09D
:10702000000E01D0010E0101816F542C01D002D05D
:10703000000E01D0010E81150FE00001C4EC10F02C
:10704000186AF2BE188EF29EC9EC10F018BEF28ECD
:10705000276A6A0E266E0101285033080FE13A6A4A
:10706000576A276A640E266E186AF2BE188EF29E60
:107070000001C9EC10F018BEF28E010141D0285079
:1070800033080DE13A6A576A276A640E266E186A59
:10709000F2BE188EF29EC9EC10F018BEF28E395274
:1070A0000CE1186AF2BE188EF29EC9EC10F018BE00
:1070B000F28E030E276E870E266E010121D023EC7F
:1070C00032F028C081F1A0EC32F002C027F001C0FC
:1070D00026F0262C04D0275202E13A6A576A26503D
:1070E000960806E1275204E1020E3A6E8DEC15F087
:1070F0002650640803E1275201E13A6A010100D0F9
:107100000001B2EF64F0F2CF0EF0F29EE8242B0FF4
:10711000F66E710EF76ED8B0F72A0A00F550FA6EC7
:107120000800F5500EBEF28EF96E106A186A206AD9
:107130002A6A966A346A3E6A486A526A846A966A19
:107140008E6A212C27D028EC13F00101806B80512E
:107150000001CCEC03F0000909E00101802BC16FB4
:1071600000012FEC13F00101F2D7000137EC13F00E
:107170000101806B80510001E2EC03F0000909E09D
:107180000101802BC16F00012FEC13F00101F2D738
:10719000000152D02150020827E128EC13F0010130
:1071A000806B8051000175EC08F0000909E00101D5
:1071B000802BC16F00012FEC13F00101F2D7000109
:1071C00037EC13F00101806B805100018BEC08F06B
:1071D000000909E00101802BC16F00012FEC13F0C1
:1071E0000101F2D7000128D02150030825E128EC45
:1071F00013F00101806B8051000135EC0BF00009A8
:1072000009E00101802BC16F00012FEC13F0010197
:10721000F2D7000137EC13F00101806B80510001BF
:107220004BEC0BF0000908E00101802BC16F00015D
:107230002FEC13F00101F2D70101FFEF63F0212CD5
:1072400027D028EC13F00101806B80510001CCECB9
:1072500003F0000909E00101802BC16F00012FEC50
:1072600013F00101F2D7000137EC13F00101806B3C
:1072700080510001F8EC03F0000909E00101802BC6
:10728000C16F00012FEC13F00101F2D7000152D0C1
:107290002150020827E128EC13F00101806B805196
:1072A000000175EC08F0000909E00101802BC16FB5
:1072B00000012FEC13F00101F2D7000137EC13F0BD
:1072C0000101806B80510001A1EC08F0000909E088
:1072D0000101802BC16F00012FEC13F00101F2D7E7
:1072E000000128D02150030825E128EC13F001010A
:1072F000806B8051000135EC0BF0000909E00101C1
:10730000802BC16F00012FEC13F00101F2D70001B7
:1073100037EC13F00101806B8051000161EC0BF040
:10732000000908E00101802BC16F00012FEC13F070
:107330000101F2D7000106EF4FF0212C49D028ECD3
:1073400013F00101806B8051000191EC03F0000902
:1073500009E00101802BC16F00012FEC13F0010146
:10736000F2D7000137EC13F00101806B805100016E
:1073700073EC0CF0000909E00101802BC16F0001E2
:107380002FEC13F00101F2D700010101806B805155
:10739000000132EC01F0000909E00101802BC16F0E
:1073A00000012FEC13F00101F2D700010101806B05
:1073B0008051000173EC0CF0000909E00101802B01
:1073C000C16F00012FEC13F00101F2D7000196D03C
:1073D0002150020849E128EC13F00101806B805133
:1073E000000191EC03F0000909E00101802BC16F5D
:1073F00000012FEC13F00101F2D7000137EC13F07C
:107400000101806B8051000173EC0CF0000909E070
:107410000101802BC16F00012FEC13F00101F2D7A5
:1074200000010101806B8051000132EC01F0000984
:1074300009E00101802BC16F00012FEC13F0010165
:10744000F2D700010101806B8051000173EC0CF058
:10745000000909E00101802BC16F00012FEC13F03E
:107460000101F2D700014AD02150030847E128EC7E
:1074700013F00101806B8051000191EC03F00009D1
:1074800009E00101802BC16F00012FEC13F0010115
:10749000F2D7000137EC13F00101806B805100013D
:1074A00073EC0CF0000909E00101802BC16F0001B1
:1074B0002FEC13F00101F2D700010101806B805124
:1074C000000132EC01F0000909E00101802BC16FDD
:1074D00000012FEC13F00101F2D700010101806BD4
:1074E0008051000173EC0CF0000908E00101802BD1
:1074F000C16F00012FEC13F00101F2D70001000C65
:10750000006A016A026A036A0101C86BC96BCA6B2F
:10751000CB6BC751C611C511C4112CE0200ECC6F26
:10752000D890C037C137C237C337C837C937CA3711
:10753000CB37C751CB5D08E1C651CA5D05E1C551E6
:10754000C95D02E1C451C85D0FE3C451C85FC551B4
:10755000D8A0C53DC95FC651D8A0C63DCA5FC751B6
:10756000D8A0C73DCB5FD88000360136023603363F
:10757000CC2FD6D7010EEA6EC80EE96E0001000CC2
:107580000101C86BC96B010ECA6FDA6AD96ACD6F87
:10759000C00ECC6F010EEA6EC40EE96ECDC1E2FFE3
:1075A000CCC1E1FFCAC1CBF1D890E550EE02F35057
:1075B000C823F450C923CB2FF7D7C8C1DEFFC9C1F8
:1075C000C8F1C96BD8B0C92BCC2BD8B4CD2BCA2BE2
:1075D000CA510508DFE10001000C93C1C3F192C15B
:1075E000C2F191C1C1F190C1C0F10101C76BC66B7D
:1075F000C56B640EC46F000183DF03C097F102C046
:1076000096F101C095F100C094F10101C36BC26B0A
:10761000C16B640EC06F97C1C7F196C1C6F195C129
:10762000C5F194C1C4F10001ABDF00500101905DD0
:10763000B06F01509159B16F02509259B26F03501F
:107640009359B36FB3C1C3F1B2C1C2F1B1C1C1F1BA
:10765000B0C1C0F1C76BC66BC56B0A0EC46F000129
:107660004FDF03C09BF102C09AF101C099F100C045
:1076700098F10101C36BC26BC16B0A0EC06F9BC155
:10768000C7F19AC1C6F199C1C5F198C1C4F1000111
:1076900077DF00500101B05D9C6F0150B1599D6FC3
:1076A0000250B2599E6F0350B3599F6F8FC1C3F1FF
:1076B0008EC1C2F18DC1C1F18CC1C0F1C76BC66B67
:1076C000030EC56FE80EC46F00011ADF03C0A3F1FB
:1076D00002C0A2F101C0A1F100C0A0F10101C36B81
:1076E000C26B030EC16FE80EC06FA3C1C7F1A2C188
:1076F000C6F1A1C1C5F1A0C1C4F1000141DF005034
:1077000001018C5DB46F01508D59B56F02508E59D7
:10771000B66F03508F59B76FB7C1C3F1B6C1C2F18D
:10772000B5C1C1F1B4C1C0F1C76BC66BC56B640E06
:10773000C46F0001E5DE03C0A7F102C0A6F101C0DD
:10774000A5F100C0A4F10101C36BC26BC16B640E53
:10775000C06FA7C1C7F1A6C1C6F1A5C1C5F1A4C13B
:10776000C4F100010DDF00500101B45DB86F01509C
:10777000B559B96F0250B659BA6F0350B759BB6FBC
:10778000BBC1C3F1BAC1C2F1B9C1C1F1B8C1C0F145
:10779000C76BC66BC56B0A0EC46F0001B1DE03C0B8
:1077A000ABF102C0AAF101C0A9F100C0A8F101012A
:1077B000C36BC26BC16B0A0EC06FABC1C7F1AAC16C
:1077C000C6F1A9C1C5F1A8C1C4F10001D9DE0050BC
:1077D0000101B85DBC6F0150B959BD6F0250BA5973
:1077E000BE6F0350BB59BF6FBFC1AFF1BEC1AEF199
:1077F000BDC1ADF1BCC1ACF194C1C0F100011DEC43
:107800001AF098C1C0F11DEC1AF02C0E0101C16FE5
:1078100000012FEC13F09CC1C0F11DEC1AF0A0C1C7
:10782000C0F11DEC1AF0A4C1C0F11DEC1AF0A8C102
:10783000C0F11DEC1AF0ACC1C0F11DEC1AF0000C47
:10784000212C16D028EC13F00101806B805100012F
:107850000EEC04F0000909E00101802BC16F00016A
:107860002FEC13F00101F2D7000135EC16F031D006
:107870002150020816E128EC13F00101806B8051C1
:1078800000010EEC04F0000909E00101802BC16F3A
:1078900000012FEC13F00101F2D7000135EC16F0D6
:1078A00018D02150030815E128EC13F00101806B7A
:1078B000805100010EEC04F0000909E00101802B69
:1078C000C16F00012FEC13F00101F2D7000135EC7C
:1078D00016F06EEF4FF0212C16D028EC13F00101BA
:1078E000806B805100011EEC04F0000909E00101E9
:1078F000802BC16F00012FEC13F00101F2D70001C2
:1079000035EC16F031D02150020816E128EC13F0C6
:107910000101806B805100011EEC04F0000909E0B8
:107920000101802BC16F00012FEC13F00101F2D790
:10793000000135EC16F018D02150030815E128ECB1
:1079400013F00101806B805100011EEC04F000096E
:1079500009E00101802BC16F00012FEC13F0010140
:10796000F2D7000135EC16F028EC13F00101806B22
:10797000805100011EEC04F0000908E00101802B99
:10798000C16F00012FEC13F00101F2D70001B2EF3B
:107990004FF0212C14D028EC13F00101806B8051A2
:1079A00000012EEC04F0000909E00101802BC16FF9
:1079B00000012FEC13F00101F2D700012CD021506F
:1079C000020814E128EC13F00101806B80510001E2
:1079D0002EEC04F0000909E00101802BC16F0001C9
:1079E0002FEC13F00101F2D7000115D0215003084C
:1079F00012E128EC13F00101806B805100012EECA4
:107A000004F0000908E00101802BC16F00012FEC98
:107A100013F00101F2D70001F6EF4FF0212C14D042
:107A200028EC13F00101806B805100013EEC04F062
:107A3000000909E00101802BC16F00012FEC13F058
:107A40000101F2D700012CD02150020814E128ECEA
:107A500013F00101806B805100013EEC04F000093D
:107A600009E00101802BC16F00012FEC13F001012F
:107A7000F2D7000115D02150030812E128EC13F0D1
:107A80000101806B805100013EEC04F0000908E028
:107A90000101802BC16F00012FEC13F00101F2D71F
:107AA00000013AEF50F0212C14D028EC13F0010122
:107AB000806B805100014EEC04F0000909E00101E7
:107AC000802BC16F00012FEC13F00101F2D70001F0
:107AD0002CD02150020814E128EC13F00101806B36
:107AE000805100014EEC04F0000909E00101802BF7
:107AF000C16F00012FEC13F00101F2D7000115D086
:107B00002150030812E128EC13F00101806B805131
:107B100000014EEC04F0000908E00101802BC16F68
:107B200000012FEC13F00101F2D700017EEF50F0BD
:107B3000212C14D028EC13F00101806B805100013E
:107B40005EEC04F0000909E00101802BC16F000127
:107B50002FEC13F00101F2D700012CD021500208C4
:107B600014E128EC13F00101806B805100015EEC00
:107B700004F0000909E00101802BC16F00012FEC26
:107B800013F00101F2D7000115D02150030812E1D2
:107B900028EC13F00101806B805100015EEC04F0D1
:107BA000000908E00101802BC16F00012FEC13F0E8
:107BB0000101F2D7000126EF51F0212C14D028EC5E
:107BC00013F00101806B805100016EEC04F000099C
:107BD00009E00101802BC16F00012FEC13F00101BE
:107BE000F2D700012CD02150020814E128EC13F048
:107BF0000101806B805100016EEC04F0000909E086
:107C00000101802BC16F00012FEC13F00101F2D7AD
:107C1000000115D02150030812E128EC13F00101F6
:107C2000806B805100016EEC04F0000908E0010156
:107C3000802BC16F00012FEC13F00101F2D700017E
:107C4000CEEF51F0212C38D028EC13F00101806BDD
:107C5000805100017EEC04F0000909E00101802B55
:107C6000C16F00012FEC13F00101F2D7000137ECD6
:107C700013F00101806B8051000132EC01F000092A
:107C800009E00101802BC16F00012FEC13F001010D
:107C9000F2D700010101806B8051000181EC0CF0F2
:107CA000000909E00101802BC16F00012FEC13F0E6
:107CB0000101F2D7000174D02150020838E128EC0C
:107CC00013F00101806B805100017EEC04F000098B
:107CD00009E00101802BC16F00012FEC13F00101BD
:107CE000F2D7000137EC13F00101806B80510001E5
:107CF00032EC01F0000909E00101802BC16F0001A5
:107D00002FEC13F00101F2D700010101806B8051CB
:107D1000000181EC0CF0000909E00101802BC16F2A
:107D200000012FEC13F00101F2D7000139D02150EE
:107D3000030836E128EC13F00101806B805100014B
:107D40007EEC04F0000909E00101802BC16F000105
:107D50002FEC13F00101F2D7000137EC13F0010111
:107D6000806B8051000132EC01F0000909E0010153
:107D7000802BC16F00012FEC13F00101F2D700013D
:107D80000101806B8051000181EC0CF0000908E0DA
:107D90000101802BC16F00012FEC13F00101F2D71C
:107DA000000176EF52F0B60E006E036A026A016AB5
:107DB0000101AA51AB11AC11AD1102E1006A0DD065
:107DC000D89001BE09D0AA37AB37AC37AD370336F0
:107DD00002360136002EF4D7019E0001000C01018D
:107DE000AA51D8B4A5D0B66FAE51D8B4A1D0B65F61
:107DF00005E37F0EB627D8B09BD006D0810EB65FC4
:107E0000D8A096D0D8B494D0B6C100F0016A026A66
:107E1000036AB56BABC1B4F1B48FACC1B3F1ADC102
:107E2000B2F1190EB66FB151B25F0DE2010EB35F40
:107E30000AE2B45F08E2B55F06E2B52BB42BB32BC0
:107E4000B151B22728D0B051B35F12E2010EB45F36
:107E50000FE2B55F0DE2B52BB42BB051B327B15192
:107E6000B22719E3B32B17E1B42B15E1B52B13D0CF
:107E7000AF518009B45F0EE2010EB55F0BE2B52B86
:107E8000AF518009B427B051B327E9E3B42BE7E140
:107E9000B52BE5D70380B62F01D00BD0D890B237E1
:107EA000B337B437B537D890033602360136B73713
:107EB000BAD7B7A106D0D890013202320332B73315
:107EC00002D0000635E0B7BF1ED0D890B237B33726
:107ED000B437B537B151B25F07E2010EB35F04E2C8
:107EE000B45F02E2B55F1AE3B051B35F05E2010E81
:107EF000B45F02E2B55F12E3AF518009B45F03E201
:107F0000010EB55F0BE3032A09E1022A07E1012A0A
:107F100005E1002A0DE0013202320332ABC1B6F1B5
:107F2000AF51B61BB6AF02D0018E06D0019E04D071
:107F3000006A016A026A036A0001000C0101AA5189
:107F4000D8B471D0006EAE51D8B46DD0002604E321
:107F5000810E002668E204D07F0E005E64E363E0D9
:107F6000ABC1B2F1AF51B21BAB8FAF8FAD51B1030B
:107F7000F4CFB4F1AC51B003F4CF03F0F3CFB3F1CD
:107F8000B103F350B427F450B323000E0322AD51D4
:107F9000B003F350B427F450B323000E026A032257
:107FA0000222AB51B103F350B327F4500322000E69
:107FB0000222AB51B003F3500326F4500222000E0C
:107FC000016A0122AD51AF03F350B327F4500322ED
:107FD000000E02220122AC51AF03F3500326F450ED
:107FE0000222000E0122AB51AF03F3500226F450DF
:107FF0000122002A01BE05D0B3370336023601360E
:108000000006000EB3AF0AD0032A0222012201505B
:1080100005E1025003E1035001E1002AB2BF018EE5
:10802000B2AF019E04D0006A016A026A036A0001CD
:10803000000C800ED8A202D00101AF1B0101B46B6D
:10804000B56BABC1B3F1AF51B31BAA51D8B4DFD0FC
:10805000B26F006EAE51D8B4E3D0B25FD8B483D063
:108060003EE3AFC1B8F1B88FB0C1B7F1B1C1B6F15D
:10807000B56BD890B833B733B633B533B22FF8D722
:10808000B3AF03D0B481E0D0B491B291B489010E02
:10809000EA6EAD0EE96EEBD0B499B3BF0AD0B2A1CF
:1080A00013D0B833B733B633B533002AD8B4C7D0FA
:1080B0000BD0B8BF0CD0D890B537B637B737B83774
:1080C0000006D8B4BCD0F5D7B48D6DD0B49DABC18B
:1080D000B3F1ABAF02D0B88FABD0B89FA9D0AEC1CF
:1080E000B2F1AEC100F0AA51B25FABC1B8F1B88F26
:1080F000ACC1B7F1ADC1B6F1B56BD890B833B733F9
:10810000B633B533B22FF8D7B3AF03D0B4839CD016
:10811000B493B291B48B010EEA6EB10EE96EA7D0A2
:10812000B49BB3BF0AD0B2A113D0B833B733B633C0
:10813000B533002AD8B483D00BD0B8BF0CD0D890B8
:10814000B537B637B737B8370006D8B478D0F5D7D3
:10815000B48F29D0B49FAFC1B3F1AFAF02D0B88F05
:1081600067D0B89F65D0AFC1B8F1B88FB0C1B7F1D3
:10817000B1C1B6F1B3AF04D0B89FB48565D0B495A2
:10818000B56BB291010EEA6EAD0EE96E70D0B3BF61
:108190001CD0ABC1B3F1B2A106D0B833B733B633FC
:1081A000B533002A4CE0B5AF0BD0B62B09E1B72BA5
:1081B00007E1B82B05E1B833B733B633002A3FE007
:1081C000B4BD84D7B4BFC6D71CD0800EB81BB8AF1F
:1081D00004D03AD0AFC1B3F10AD0ABC1B3F1B853B8
:1081E00006E1B75304E1B65302E1006A21D0B8BFFB
:1081F00008D0D890B537B637B737B837002EF7D78D
:108200001ED0B3AF02D0B88F13D0B89F11D0AEC17B
:1082100000F0AFC1B8F1B0C1B7F1B1C1B6F108D04B
:10822000AAC100F0ABC1B8F1ACC1B7F1ADC1B6F1B4
:10823000B8C101F0B7C102F0B6C103F034D0006A92
:10824000016A026A036A2FD0B56BB61FB71FB81F49
:10825000B51FB52B05E1B62B03E1B72B01E1B82B18
:10826000B4B112D7B4B354D7B4B589D7B3D7EF509C
:10827000B62705E3B72B03E1B82BD8B4B281ED5292
:10828000EF50B72703E3B82BD8B4B281ED52EF50CB
:10829000EFBE01D0800AB827D8B0B281B4B9FCD6FD
:1082A000B4BB3ED774D70001000C8E0E006E81C1A6
:1082B00001F080C102F0036A015209E102C001F03D
:1082C000026A080E005E015202E1006A08D0D890EE
:1082D00001BE04D0023601360006F9D7019E000C1B
:1082E000ABC1B2F10101AF51B21BB2AF05D0D8940E
:1082F000D890ABBFD8802FD0ABC1B2F1AEC1B3F133
:10830000AA51B35F06E0B2AF26D0D850010AD86EAA
:1083100022D0AFC1B3F1AB51B35F06E0B2AF1BD017
:10832000D850010AD86E17D0B0C1B3F1AC51B35FC9
:1083300006E0B2AF10D0D850010AD86E0CD0B1C14F
:10834000B3F1AD51B35F06E0B2AF05D0D850010A2A
:10835000D86E01D0D8900001FFEF41F08E0E006E74
:108360000101AA51005EABC102F0ACC101F0028E66
:10837000005209E0D890025202E1015204E00232B8
:108380000132002EF7D7ABAF05D0011E021E012A25
:10839000D8B4022A0001000C0101AA51B608AA6F44
:1083A000036AABC1AEF1AB8FD890AB33AC33AD3316
:1083B0000332023201320032AA2FF6D7AEAF0BD011
:1083C000001E011E021E031E002AD8B4012AD8B4C2
:1083D000022AD8B4032A0001000C0101AD6BC00EC3
:1083E000AC6F790EAB6F880EAA6F87C1B1F186C1F1
:1083F000B0F185C1AFF184C1AEF1000171D708E3DE
:108400000101876BC00E866F790E856F880E846FB1
:1084100087C1ADF186C1ACF185C1ABF184C1AAF1D0
:108420000101B16BB06B480EAF6F850EAE6F0001EE
:10843000D6DC03C0ADF102C0ACF101C0ABF100C0AD
:10844000AAF18CDF0101A96BA86BA76B01C0A6F193
:10845000C36BC26BC16B640EC06FA9C1C7F1A8C169
:10846000C6F1A7C1C5F1A6C1C4F10001C0EC3AF044
:1084700003C0ADF102C0ACF101C0ABF100C0AAF184
:1084800092DCD88287C1ADF186C1ACF185C1ABF178
:1084900084C1AAF103C0B1F102C0B0F101C0AFF1D3
:1084A00000C0AEF1C6DD03C091F102C090F101C081
:1084B0008FF100C08EF1A6C188F191C1ADF190C1DC
:1084C000ACF18FC1ABF18EC1AAF10101B16BB06B00
:1084D000200EAF6F820EAE6F000181DC03C0ADF1E4
:1084E00002C0ACF101C0ABF100C0AAF137DF01015D
:1084F000A96BA86BA76B01C0A6F1C36BC26BC16B64
:108500000A0EC06FA9C1C7F1A8C1C6F1A7C1C5F1C4
:10851000A6C1C4F10001C0EC3AF003C0ADF102C045
:10852000ACF101C0ABF100C0AAF13DDCD88291C131
:10853000ADF190C1ACF18FC1ABF18EC1AAF103C016
:10854000B1F102C0B0F101C0AFF100C0AEF171DD18
:1085500003C095F102C094F101C093F100C092F103
:10856000A6C189F195C1ADF194C1ACF193C1ABF154
:1085700092C1AAF1F3DE01C08AF187C1ADF186C1D3
:10858000ACF185C1ABF184C1AAF106DF03C0ADF146
:1085900002C0ACF101C0ABF100C0AAF104DCD8828A
:1085A00087C1ADF186C1ACF185C1ABF184C1AAF13F
:1085B00003C0B1F102C0B0F101C0AFF100C0AEF133
:1085C00038DD03C099F102C098F101C097F100C0F5
:1085D00096F199C1ADF198C1ACF197C1ABF196C1DB
:1085E000AAF10101B16BB06B7A0EAF6F880EAE6F5E
:1085F0000001A4DC03C0ADF102C0ACF101C0ABF1DD
:1086000000C0AAF1C9DE03C09DF102C09CF101C007
:108610009BF100C09AF19DC1C3F19CC1C2F19BC105
:10862000C1F19AC1C0F10101C76BC66BC56B640E85
:10863000C46F000180EC3AF00101A96BA86BA76B35
:1086400000C0A6F1A9C1C3F1A8C1C2F1A7C1C1F17F
:10865000A6C1C0F1C76BC66BC56B640EC46F0001C9
:10866000C0EC3AF0005001019A5D9E6F01509B5999
:108670009F6F02509C59A06F03509D59A16FA6C1D6
:108680008BF1A1C1C3F1A0C1C2F19FC1C1F19EC1D3
:10869000C0F1C76BC66BC56B0A0EC46F000180ECDE
:1086A0003AF00101A96BA86BA76B00C0A6F1A9C1A4
:1086B000C3F1A8C1C2F1A7C1C1F1A6C1C0F1C76B86
:1086C000C66BC56B0A0EC46F0001C0EC3AF00050D7
:1086D00001019E5DA26F01509F59A36F0250A059E6
:1086E000A46F0350A159A56FA6C18CF1A2C18DF151
:1086F00088C1C0F100011DEC1AF089C1C0F11DEC68
:108700001AF08AC1C0F11DEC1AF02C0E0101C16FE4
:1087100000012FEC13F08BC1C0F11DEC1AF08CC1DD
:10872000C0F11DEC1AF08DC1C0F11DEC1AF0000C67
:10873000212C16D028EC13F00101806B8051000130
:108740007EEC04F0000909E00101802BC16F0001FB
:108750002FEC13F00101F2D7000135EC16F031D007
:108760002150020816E128EC13F00101806B8051C2
:1087700000017EEC04F0000909E00101802BC16FCB
:1087800000012FEC13F00101F2D7000135EC16F0D7
:1087900018D02150030815E128EC13F00101806B7B
:1087A000805100017EEC04F0000909E00101802BFA
:1087B000C16F00012FEC13F00101F2D7000135EC7D
:1087C00016F055EF53F0212C14D028EC13F00101D2
:1087D000806B805100018FEC04F0000909E0010179
:1087E000802BC16F00012FEC13F00101F2D70001C3
:1087F0002CD02150020814E128EC13F00101806B09
:10880000805100018FEC04F0000909E00101802B88
:10881000C16F00012FEC13F00101F2D7000115D058
:108820002150030812E128EC13F00101806B805104
:1088300000018FEC04F0000908E00101802BC16FFA
:1088400000012FEC13F00101F2D7000134EF54F0D6
:10885000212C14D028EC13F00101806B8051000111
:10886000A0EC04F0000909E00101802BC16F0001B8
:108870002FEC13F00101F2D700012CD02150020897
:1088800014E128EC13F00101806B80510001A0EC91
:1088900004F0000909E00101802BC16F00012FECF9
:1088A00013F00101F2D7000115D02150030812E1A5
:1088B00028EC13F00101806B80510001A0EC04F062
:1088C000000908E00101802BC16F00012FEC13F0BB
:1088D0000101F2D7000113EF55F0212C14D028EC40
:1088E00013F00101806B80510001B1EC04F000092C
:1088F00009E00101802BC16F00012FEC13F0010191
:10890000F2D700012CD02150020814E128EC13F01A
:108910000101806B80510001B1EC04F0000909E015
:108920000101802BC16F00012FEC13F00101F2D780
:10893000000115D02150030812E128EC13F00101C9
:10894000806B80510001B1EC04F0000908E00101E6
:10895000802BC16F00012FEC13F00101F2D7000151
:10896000F2EF55F0212C14D028EC13F00101806BAC
:1089700080510001C2EC04F0000909E00101802BE4
:10898000C16F00012FEC13F00101F2D700012CD0D0
:108990002150020814E128EC13F00101806B805192
:1089A0000001C2EC04F0000909E00101802BC16F55
:1089B00000012FEC13F00101F2D7000115D0215076
:1089C000030812E128EC13F00101806B80510001D3
:1089D000C2EC04F0000908E00101802BC16F000126
:1089E0002FEC13F00101F2D70001D1EF56F0212C4A
:1089F00014D028EC13F00101806B80510001D3ECFE
:108A000004F0000909E00101802BC16F00012FEC87
:108A100013F00101F2D700012CD02150020814E11B
:108A200028EC13F00101806B80510001D3EC04F0BD
:108A3000000909E00101802BC16F00012FEC13F048
:108A40000101F2D7000115D02150030812E128ECF2
:108A500013F00101806B80510001D3EC04F0000998
:108A600008E00101802BC16F00012FEC13F0010120
:108A7000F2D700011BEF58F0212C14D028EC13F092
:108A80000101806B80510001E4EC04F0000909E071
:108A90000101802BC16F00012FEC13F00101F2D70F
:108AA00000012CD02150020814E128EC13F0010140
:108AB000806B80510001E4EC04F0000909E0010141
:108AC000802BC16F00012FEC13F00101F2D70001E0
:108AD00015D02150030812E128EC13F00101806B3E
:108AE00080510001E4EC04F0000908E00101802B52
:108AF000C16F00012FEC13F00101F2D7000165EF07
:108B000059F0212C16D028EC13F00101806B805114
:108B1000000191EC03F0000909E00101802BC16F15
:108B200000012FEC13F00101F2D7000135EC16F033
:108B300031D02150020816E128EC13F00101806BBE
:108B40008051000191EC03F0000909E00101802B44
:108B5000C16F00012FEC13F00101F2D7000135ECD9
:108B600016F018D02150030815E128EC13F001018C
:108B7000806B8051000191EC03F0000909E00101D4
:108B8000802BC16F00012FEC13F00101F2D700011F
:108B900035EC16F0000C212C16D028EC13F0010156
:108BA000806B805100014DEC05F0000909E00101E6
:108BB000802BC16F00012FEC13F00101F2D70001EF
:108BC00035EC16F031D02150020816E128EC13F0F4
:108BD0000101806B805100014DEC05F0000909E0B6
:108BE0000101802BC16F00012FEC13F00101F2D7BE
:108BF000000135EC16F018D02150030815E128ECDF
:108C000013F00101806B805100014DEC05F000096B
:108C100009E00101802BC16F00012FEC13F001016D
:108C2000F2D7000135EC16F0000C35EC16F04DEFE4
:108C30005CF028EC13F00101846B84510001DDEC41
:108C40000EF0000909E00101842BC16F00012FEC37
:108C500013F00101F2D700012650C20837E1272C9A
:108C600035D001018051090814E1815312E1846B70
:108C700084510001EBEC0EF0000909E00101842BA6
:108C8000C16F00012FEC13F00101F2D700011DD0DC
:108C90000101010E8025826F000E8121836F82C148
:108CA000C0F100011DEC1AF00101846B8451000138
:108CB00073EC0CF0000909E00101842BC16F000185
:108CC0002FEC13F00101F2D700014DD00101846BAC
:108CD00084510001FAEC0EF0000909E00101842B37
:108CE000C16F00012FEC13F00101F2D70001010167
:108CF0008051090814E1815312E1846B8451000111
:108D0000EBEC0EF0000909E00101842BC16F0001BA
:108D10002FEC13F00101F2D700011DD00101010E6B
:108D20008025826F000E8121836F82C1C0F1000116
:108D30001DEC1AF00101846B8451000173EC0CF0FE
:108D4000000909E00101842BC16F00012FEC13F031
:108D50000101F2D70001060E0101926F010E936F1F
:108D6000000115EC13F00101846B8451000109EC42
:108D70000FF0000909E00101842BC16F00012FEC05
:108D800013F00101F2D7000101018035026E813537
:108D9000036E02360336FC0E02160250590FE96EBE
:108DA000000E0320EA6EEFCF84F1ECCF85F1ECCF1B
:108DB00086F1ECCF87F18035026E8135036E023685
:108DC0000336FC0E02160250850FE96E000E0320DA
:108DD000EA6EEFCF88F1ECCF89F1ECCF8AF1ECCFDE
:108DE0008BF187C18FF186C18EF185C18DF184C170
:108DF0008CF18BC193F18AC192F189C191F188C143
:108E000090F10001EDEC3AF00101846B8451000116
:108E100017EC0FF0000908E00101842BC16F00017D
:108E20002FEC13F00101F2D70001000C0101805179
:108E3000310A000105E0030A12E0010A18E026D019
:108E4000290629502B5C03E2010E2B5C296E5E0E75
:108E5000016E010E026E1FD08DEC15F01CD06A0E53
:108E6000016E000E026E17D08DEC15F014D0292A79
:108E7000010E2B5C295C02E001E3296A5E0E016EA3
:108E8000010E026E08D08DEC15F005D05E0E016E5D
:108E9000010E026E00D058EF5CF0212C27D028EC98
:108EA00013F00101806B80510001CCEC03F000094C
:108EB00009E00101802BC16F00012FEC13F00101CB
:108EC000F2D7000137EC13F00101806B80510001F3
:108ED0005CEC05F0000909E00101802BC16F000185
:108EE0002FEC13F00101F2D7000152D021500208FB
:108EF00027E128EC13F00101806B8051000175EC33
:108F000008F0000909E00101802BC16F00012FEC7E
:108F100013F00101F2D7000137EC13F00101806B6F
:108F2000805100010FEC09F0000909E00101802BDC
:108F3000C16F00012FEC13F00101F2D7000128D01E
:108F40002150030825E128EC13F00101806B8051CA
:108F5000000135EC0BF0000909E00101802BC16F25
:108F600000012FEC13F00101F2D7000137EC13F0F0
:108F70000101806B80510001CFEC0BF0000908E08B
:108F80000101802BC16F00012FEC13F00101F2D71A
:108F9000000168EF5CF035EC16F08DEF5CF001013C
:108FA0008051310A000105E0030A11E0010A17E0CF
:108FB00023D0290629500A0802E2090E296EC20EA2
:108FC000016E010E026E1DD08DEC15F01AD09A0EB6
:108FD000016E010E026E15D08DEC15F012D0292A0B
:108FE0002950090801E2296AC20E016E010E026EC3
:108FF00008D08DEC15F005D0C20E016E010E026E88
:1090000000D098EF5CF035EC16F0A1EF5CF028ECA6
:1090100013F00101846B8451000126EC0FF000096C
:1090200009E00101842BC16F00012FEC13F0010155
:10903000F2D7000101018051090814E1815312E1C6
:10904000846B84510001EBEC0EF0000909E0010192
:10905000842BC16F00012FEC13F00101F2D7000146
:109060001DD00101010E8025826F000E8121836FCA
:1090700082C1C0F100011DEC1AF00101846B845122
:10908000000173EC0CF0000909E00101842BC16FB1
:1090900000012FEC13F00101F2D70001010180352E
:1090A000026E8135036E02360336FC0E0216025044
:1090B000590FE96E000E0320EA6EEFCF00F0ECCFFF
:1090C00001F0ECCF02F0ECCF03F003C0ADF102C031
:1090D000ACF101C0ABF100C0AAF10001D3EC3EF04D
:1090E00000C084F101C085F102C086F103C087F1A0
:1090F00003C0ADF102C0ACF101C0ABF100C0AAF1F8
:109100000101B16BB06B480EAF6F850EAE6F000101
:10911000EFEC3EF003C06CF102C06BF101C06AF1EC
:1091200000C069F101018035026E8135036E02369F
:109130000336FC0E02160250850FE96E000E032066
:10914000EA6EEFCF00F0ECCF01F0ECCF02F0ECCF05
:1091500003F003C0ADF102C0ACF101C0ABF100C03F
:10916000AAF10001D3EC3EF000C084F101C085F10A
:1091700002C086F103C087F103C0ADF102C0ACF1BB
:1091800001C0ABF100C0AAF10101B16BB06B480E98
:10919000AF6F850EAE6F00019EEC3FF003C070F123
:1091A00002C06FF101C06EF100C06DF1D89270C1C4
:1091B000ADF16FC1ACF16EC1ABF16DC1AAF16CC183
:1091C000B1F16BC1B0F16AC1AFF169C1AEF119EC97
:1091D00040F003C070F102C06FF101C06EF100C039
:1091E0006DF10101AD6BAC6BAB6B7F0EAA6F70C103
:1091F000B1F16FC1B0F16EC1AFF16DC1AEF100015F
:10920000EFEC3EF003C064F102C063F101C062F113
:1092100000C061F164C1ADF163C1ACF162C1ABF1F9
:1092200061C1AAF10101B16BB06B7A0EAF6F880E0C
:10923000AE6F00019EEC3FF003C064F102C063F129
:1092400001C062F100C061F10101846B8451000131
:1092500009EC0FF0000909E00101842BC16F000146
:109260002FEC13F00101F2D7000164C187F163C153
:1092700086F162C185F161C184F1EDEC41F001013B
:10928000846B8451000134EC0FF0000908E0010107
:10929000842BC16F00012FEC13F00101F2D7000104
:1092A000A8EF5CF001018051310A000105E0030ADA
:1092B00011E0010A15E021D0290629500A0802E22E
:1092C000090E296ED60E016E010E026E1BD08DECBA
:1092D00015F018D09A0E016E010E026E13D012D046
:1092E000292A2950090801E2296AD60E016E010EC9
:1092F000026E08D08DEC15F005D0D60E016E010E71
:10930000026E00D0ACEF5CF0212C16D028EC13F0EC
:109310000101806B8051000172EC05F0000909E049
:109320000101802BC16F00012FEC13F00101F2D776
:10933000000135EC16F031D02150020816E128EC7E
:1093400013F00101806B8051000172EC05F00009FF
:1093500009E00101802BC16F00012FEC13F0010126
:10936000F2D7000135EC16F018D02150030815E1B2
:1093700028EC13F00101806B8051000172EC05F0C4
:10938000000909E00101802BC16F00012FEC13F0EF
:109390000101F2D7000135EC16F01AEF5EF0212C36
:1093A00016D028EC13F00101806B8051000181EC94
:1093B00005F0000909E00101802BC16F00012FECCD
:1093C00013F00101F2D7000135EC16F031D0215035
:1093D000020816E128EC13F00101806B80510001B6
:1093E00081EC05F0000909E00101802BC16F00014B
:1093F0002FEC13F00101F2D7000135EC16F018D074
:109400002150030815E128EC13F00101806B805115
:10941000000181EC05F0000909E00101802BC16F1A
:1094200000012FEC13F00101F2D7000135EC16F02A
:1094300025EF5FF0212C27D028EC13F00101806B81
:1094400080510001CCEC03F0000909E00101802B00
:10945000C16F00012FEC13F00101F2D7000137ECCE
:1094600013F00101806B8051000190EC05F00009C0
:1094700009E00101802BC16F00012FEC13F0010105
:10948000F2D7000152D02150020827E128EC13F056
:109490000101806B8051000175EC08F0000909E0C2
:1094A0000101802BC16F00012FEC13F00101F2D7F5
:1094B000000137EC13F00101806B8051000125ECB5
:1094C00009F0000909E00101802BC16F00012FECB8
:1094D00013F00101F2D7000128D02150030825E143
:1094E00028EC13F00101806B8051000135EC0BF08A
:1094F000000909E00101802BC16F00012FEC13F07E
:109500000101F2D7000137EC13F00101806B8051AB
:109510000001E5EC0BF0000908E00101802BC16FB0
:1095200000012FEC13F00101F2D7000148EF60F0C9
:10953000212C2FD028EC13F00101806B8051000109
:1095400091EC03F0000909E00101802BC16F0001DB
:109550002FEC13F00101F2D700010C0E0101926F04
:10956000010E936F000115EC13F00101806B805127
:109570000001AFEC0CF0000909E00101802BC16F84
:1095800000012FEC13F00101F2D7000135EC16F0C9
:1095900063D0215002082FE128EC13F00101806B09
:1095A0008051000191EC03F0000909E00101802BDA
:1095B000C16F00012FEC13F00101F2D700010C0E76
:1095C0000101926F010E936F000115EC13F0010180
:1095D000806B80510001AFEC0CF0000909E0010143
:1095E000802BC16F00012FEC13F00101F2D70001B5
:1095F00035EC16F031D0215003082EE128EC13F0A1
:109600000101806B8051000191EC03F0000909E039
:109610000101802BC16F00012FEC13F00101F2D783
:1096200000010C0E0101926F010E936F000115EC09
:1096300013F00101806B80510001AFEC0CF00009C8
:1096400009E00101802BC16F00012FEC13F0010133
:10965000F2D7000135EC16F06EEF60F00101805199
:10966000310A000105E0030A1CE0010A22E038D0BB
:10967000290629500A080DE2090E296E195008081A
:1096800008E1090E2A6EEF0E016E020E026E2DD059
:109690002CD0EE0E016E020E026E27D08DEC15F06E
:1096A00024D0C60E016E020E026E1FD08DEC15F096
:1096B0001CD0292A295009080BE2296A19500808E8
:1096C00007E12A6AEF0E016E020E026E0ED00DD077
:1096D000EE0E016E020E026E08D08DEC15F005D074
:1096E000EE0E016E020E026E00D0CBEF60F0212C68
:1096F0002FD028EC13F00101806B8051000191EC18
:1097000003F0000909E00101802BC16F00012FEC7B
:1097100013F00101F2D700010C0E0101926F010E4E
:10972000936F000115EC13F00101806B8051000173
:10973000BEEC0CF0000909E00101802BC16F0001B3
:109740002FEC13F00101F2D7000135EC16F063D0D5
:10975000215002082FE128EC13F00101806B8051A9
:10976000000191EC03F0000909E00101802BC16FB9
:1097700000012FEC13F00101F2D700010C0E0101E2
:10978000926F010E936F000115EC13F00101806BD5
:1097900080510001BEEC0CF0000909E00101802BB2
:1097A000C16F00012FEC13F00101F2D7000135EC7D
:1097B00016F031D0215003082EE128EC13F00101FE
:1097C000806B8051000191EC03F0000909E0010178
:1097D000802BC16F00012FEC13F00101F2D70001C3
:1097E0000C0E0101926F010E936F000115EC13F046
:1097F0000101806B80510001BEEC0CF0000909E012
:109800000101802BC16F00012FEC13F00101F2D791
:10981000000135EC16F0D3EF60F001018051310A00
:10982000000105E0030A15E0010A19E029D02A0623
:109830002A500A0808E2090E296EEE0E016E020E89
:10984000026E23D022D0EF0E016E020E026E1DD0EA
:109850001CD0C60E016E020E026E17D016D02A2A38
:109860002A50090807E2296AEE0E016E020E026E06
:109870000CD00BD0EF0E016E020E026E06D005D09A
:10988000EF0E016E020E026E00D030EF61F0212C5F
:109890002FD028EC13F00101806B8051000191EC76
:1098A00003F0000909E00101802BC16F00012FECDA
:1098B00013F00101F2D700010C0E0101926F010EAD
:1098C000936F000115EC13F00101806B80510001D2
:1098D000CDEC0CF0000909E00101802BC16F000103
:1098E0002FEC13F00101F2D7000135EC16F063D034
:1098F000215002082FE128EC13F00101806B805108
:10990000000191EC03F0000909E00101802BC16F17
:1099100000012FEC13F00101F2D700010C0E010140
:10992000926F010E936F000115EC13F00101806B33
:1099300080510001CDEC0CF0000909E00101802B01
:10994000C16F00012FEC13F00101F2D7000135ECDB
:1099500016F031D0215003082EE128EC13F001015C
:10996000806B8051000191EC03F0000909E00101D6
:10997000802BC16F00012FEC13F00101F2D7000121
:109980000C0E0101926F010E936F000115EC13F0A4
:109990000101806B80510001CDEC0CF0000909E061
:1099A0000101802BC16F00012FEC13F00101F2D7F0
:1099B000000135EC16F038EF61F001018051310AF9
:1099C000000105E0030A0FE0010A13E01DD02A069A
:1099D0002A500A0802E2090E2A6E020E016E030ED8
:1099E000026E17D016D0C60E016E020E026E11D096
:1099F00010D02A2A2A50090801E22A6A020E016EB2
:109A0000030E026E06D005D0020E016E030E026E2A
:109A100000D095EF61F0212C16D028EC13F0010155
:109A2000806B8051000114EC06F0000909E001018F
:109A3000802BC16F00012FEC13F00101F2D7000160
:109A400035EC16F031D02150020816E128EC13F065
:109A50000101806B8051000114EC06F0000909E05F
:109A60000101802BC16F00012FEC13F00101F2D72F
:109A7000000135EC16F018D02150030815E128EC50
:109A800013F00101806B8051000114EC06F0000915
:109A900009E00101802BC16F00012FEC13F00101DF
:109AA000F2D7000135EC16F0B6EF62F001017EC18D
:109AB00000F07F51036E06E16E0E005C0001D8B429
:109AC00050D10101035006E16F0E005C0001D8B4D3
:109AD0009BD10101035006E1950E005C0001D8B452
:109AE000B7D10101035006E1960E005C0001D8B425
:109AF000F3D10101035006E1970E005C0001D8B4D8
:109B00002FD20101035006E1980E005C0001D8B489
:109B10006BD20101035006E1990E005C0001D8B43C
:109B2000A7D20101035006E19A0E005C0001D8B4EF
:109B3000E3D20101035007E19B0E005C0001D8B4A1
:109B400024EF51F00101035007E19C0E005C00017D
:109B5000D8B4CCEF51F00101035007E1A90E005C2D
:109B60000001D8B474EF52F00101035007E1AA0ECE
:109B7000005C0001D8B453EF53F00101035007E13A
:109B8000AB0E005C0001D8B432EF54F00101035079
:109B900007E1AC0E005C0001D8B411EF55F00101F3
:109BA000035007E1AD0E005C0001D8B4F0EF55F0B2
:109BB0000101035007E1AE0E005C0001D8B4CFEF05
:109BC00056F00101035007E1AF0E005C0001D8B46C
:109BD00019EF58F00101035007E1B00E005C0001DD
:109BE000D8B463EF59F00101035007E1FA0E005CAD
:109BF0000001D8B4ADEF5AF00101035007E1FB0EAC
:109C0000005C0001D8B416EF5BF00101035007E1DE
:109C1000FC0E005C0001D8B404EF5CF00101010E01
:109C2000035C07E15E0E005C0001D8B44BEF5CF012
:109C30000101010E035C07E19A0E005C0001D8B43B
:109C400066EF5CF00101010E035C07E1C20E005CEF
:109C50000001D8B48BEF5CF00101010E035C07E159
:109C6000D60E005C0001D8B49FEF5CF00101020E3B
:109C7000035C07E1250E005C0001D8B4B3EF5CF093
:109C80000101020E035C07E1260E005C0001D8B45E
:109C9000F7EF5CF00101020E035C07E1270E005CA8
:109CA0000001D8B441EF5DF00101020E035C07E151
:109CB000280E005C0001D8B418EF5EF00101020E1E
:109CC000035C07E1290E005C0001D8B423EF5FF0CC
:109CD0000101020E035C07E1C60E005C0001D8B46E
:109CE00046EF60F00101020E035C07E1EE0E005C3E
:109CF0000001D8B46CEF60F00101020E035C07E1D3
:109D0000EF0E005C0001D8B4D1EF60F00101030E4A
:109D1000035C07E1020E005C0001D8B436EF61F08D
:109D20000101030E035C07E1B60E005C0001D8B42C
:109D30009BEF61F00101030E035C07E1B70E005CCD
:109D40000001D8B4DEEF61F00101040E035C07E10D
:109D5000E50E005C0001D8B4B4EF62F00101FFEF42
:109D600063F0565213E1572C09D0020E276E250ED0
:109D7000266E0101FFEF63F007D00001276A6F0E26
:109D8000266E0101FFEF63F00AD00001572C08D0C6
:109D9000020E276E260E266E0101FFEF63F0000112
:109DA0000101836B150E826F28C084F1000194ECD1
:109DB00015F002C027F001C026F026506A0804E121
:109DC000275202E1010E3A6E265096080CE1275206
:109DD0000AE15550020807E1276A950E266E010137
:109DE000FFEF63F000012650AA080CE127520AE1B8
:109DF0005550020807E1276AA90E266E0101FFEF00
:109E000063F00001A1EF38F01FEF39F00101836B1F
:109E1000340E826F28C084F1000194EC15F002C06A
:109E200027F001C026F026506A0804E1275202E11B
:109E3000010E3A6E2650960808E1275206E1555069
:109E4000020803E1276A950E266E0101FFEF63F019
:109E50009DEC39F0030E0101926F010E936F00012A
:109E600015EC13F05CC08FF15BC08EF15AC08DF120
:109E700059C08CF188C093F187C092F186C091F1EE
:109E800085C090F1EDEC3AF00101806B805100014A
:109E900043EC0FF0000909E00101802BC16F0001C4
:109EA0002FEC13F00101F2D700010101836B270EA3
:109EB000826F28C084F1000194EC15F002C027F0F5
:109EC00001C026F026506A0804E1275202E1010E83
:109ED0003A6E0101FFEF63F020EF3CF0060E010146
:109EE000926F010E936F000115EC13F05CC08FF1BF
:109EF0005BC08EF15AC08DF159C08CF188C093F1CE
:109F000087C092F186C091F185C090F1EDEC3AF0F6
:109F10000101806B8051000143EC0FF0000909E062
:109F20000101802BC16F00012FEC13F00101F2D76A
:109F300000010101836B160E826F28C084F10001BD
:109F400094EC15F002C027F001C026F026506A08F4
:109F500004E1275202E1010E3A6E0101FFEF63F0C6
:109F60006BEF3CF0060E0101926F010E936F000142
:109F700015EC13F060C08FF15FC08EF15EC08DF103
:109F80005DC08CF18CC093F18BC092F18AC091F1CD
:109F900089C090F1EDEC3AF00101806B8051000135
:109FA00043EC0FF0000909E00101802BC16F0001B3
:109FB0002FEC13F00101F2D700010101836B170EA2
:109FC000826F28C084F1000194EC15F002C027F0E4
:109FD00001C026F026506A0804E1275202E1010E72
:109FE0003A6E0101FFEF63F0C9EF3CF0060E01018C
:109FF000926F010E936F000115EC13F064C08FF1A6
:10A0000063C08EF162C08DF161C08CF190C093F19C
:10A010008FC092F18EC091F18DC090F1EDEC3AF0CD
:10A020000101806B8051000143EC0FF0000909E051
:10A030000101802BC16F00012FEC13F00101F2D759
:10A0400000010101836B180E826F28C084F10001AA
:10A0500094EC15F002C027F001C026F026506A08E3
:10A0600004E1275202E1010E3A6E0101FFEF63F0B5
:10A070000EEF3DF0060E0101926F010E936F00018D
:10A0800015EC13F068C08FF167C08EF166C08DF1DA
:10A0900065C08CF194C093F193C092F192C091F19C
:10A0A00091C090F1EDEC3AF00101806B805100011C
:10A0B00043EC0FF0000909E00101802BC16F0001A2
:10A0C0002FEC13F00101F2D700010101836B190E8F
:10A0D000826F28C084F1000194EC15F002C027F0D3
:10A0E00001C026F026506A0804E1275202E1010E61
:10A0F0003A6E0101FFEF63F053EF3DF0060E0101F0
:10A10000926F010E936F000115EC13F060505C5CD0
:10A110002FE30BE15F505B5C2BE307E15E505A5C81
:10A1200027E303E159505D5C23E2100E5D24010139
:10A13000756F270E5E20766F000E5F20776F000E22
:10A140006020786F010E0001895D0101796F000EBA
:10A1500000018A5901017A6F000E00018B5901013B
:10A160007B6F000E00018C5901017C6F12D0000141
:10A1700060C078F15FC077F15EC076F15DC075F1C7
:10A180008CC07CF18BC07BF18AC07AF189C079F1F7
:10A1900001015950755D696E5A5076596A6E5B506F
:10A1A00077596B6E5C5078596C6E000185510101D6
:10A1B000795D0001956F865101017A590001966F12
:10A1C000875101017B590001976F885101017C592A
:10A1D0000001986F6CC08FF16BC08EF16AC08DF179
:10A1E00069C08CF198C093F197C092F196C091F13B
:10A1F00095C090F1EDEC3AF00101806B80510001C7
:10A2000043EC0FF0000909E00101802BC16F000150
:10A210002FEC13F00101F2D700010101836B1A0E3C
:10A22000826F28C084F1000194EC15F002C027F081
:10A2300001C026F026506A0804E1275202E1010E0F
:10A240003A6E0101FFEF63F098EF3DF0060E010159
:10A25000926F010E936F000115EC13F06450605C77
:10A260002FE30BE163505F5C2BE307E162505E5C20
:10A2700027E303E15D50615C23E2100E61240101DC
:10A28000756F270E6220766F000E6320776F000EC9
:10A290006420786F010E00018D5D0101796F000E61
:10A2A00000018E5901017A6F000E00018F590101E2
:10A2B0007B6F000E0001905901017C6F12D00001EC
:10A2C00064C078F163C077F162C076F161C075F166
:10A2D00090C07CF18FC07BF18EC07AF18DC079F196
:10A2E00001015D50755D6D6E5E5076596E6E5F500A
:10A2F00077596F6E60507859706E00018951010175
:10A30000795D0001996F8A5101017A5900019A6FB4
:10A310008B5101017B5900019B6F8C5101017C59CC
:10A3200000019C6F70C08FF16FC08EF16EC08DF117
:10A330006DC08CF19CC093F19BC092F19AC091F1D9
:10A3400099C090F1EDEC3AF00101806B8051000171
:10A3500043EC0FF0000909E00101802BC16F0001FF
:10A360002FEC13F00101F2D700010101836B1B0EEA
:10A37000826F28C084F1000194EC15F002C027F030
:10A3800001C026F026506A0804E1275202E1010EBE
:10A390003A6E0101FFEF63F0DDEF3DF0060E0101C3
:10A3A000926F010E936F000115EC13F06850645C1E
:10A3B0002FE30BE16750635C2BE307E16650625CBF
:10A3C00027E303E16150655C23E2100E652401017F
:10A3D000756F270E6620766F000E6720776F000E70
:10A3E0006820786F010E0001915D0101796F000E08
:10A3F0000001925901017A6F000E00019359010189
:10A400007B6F000E0001945901017C6F12D0000196
:10A4100068C078F167C077F166C076F165C075F104
:10A4200094C07CF193C07BF192C07AF191C079F134
:10A4300001016150755D716E62507659726E6350A4
:10A440007759736E64507859746E00018D51010113
:10A45000795D00019D6F8E5101017A5900019E6F57
:10A460008F5101017B5900019F6F905101017C596F
:10A470000001A06F74C08FF173C08EF172C08DF1B6
:10A4800071C08CF1A0C093F19FC092F19EC091F178
:10A490009DC090F1EDEC3AF00101806B805100011C
:10A4A00053EC0FF0000909E00101802BC16F00019E
:10A4B0002FEC13F00101F2D700010101836B1C0E98
:10A4C000826F28C084F1000194EC15F002C027F0DF
:10A4D00001C026F026506A0804E1275202E1010E6D
:10A4E0003A6E0101FFEF63F022EF3EF0070E01012B
:10A4F000926F010E936F000115EC13F05CC0ADF18B
:10A500005BC0ACF15AC0ABF159C0AAF1D3EC3EF03C
:10A5100000C080F101C081F102C082F103C083F16B
:10A5200003C0ADF102C0ACF101C0ABF100C0AAF1B3
:10A530000101B16BB06B480EAF6F850EAE6F0001BD
:10A54000EFEC3EF003C06CF102C06BF101C06AF1A8
:10A5500000C069F188C0ADF187C0ACF186C0ABF135
:10A5600085C0AAF1D3EC3EF000C080F101C081F1BA
:10A5700002C082F103C083F103C0ADF102C0ACF1AF
:10A5800001C0ABF100C0AAF10101B16BB06B480E84
:10A59000AF6F850EAE6F00019EEC3FF003C070F10F
:10A5A00002C06FF101C06EF100C06DF1D89270C1B0
:10A5B000ADF16FC1ACF16EC1ABF16DC1AAF16CC16F
:10A5C000B1F16BC1B0F16AC1AFF169C1AEF119EC83
:10A5D00040F003C070F102C06FF101C06EF100C025
:10A5E0006DF12DC081F12CC080F155EC41F000C01F
:10A5F00080F101C081F102C082F103C083F103C088
:10A60000ADF102C0ACF101C0ABF100C0AAF170C164
:10A61000B1F16FC1B0F16EC1AFF16DC1AEF1EFEC50
:10A620003EF003C064F102C063F101C062F100C0FA
:10A6300061F164C187F163C186F162C185F161C1D5
:10A6400084F1EDEC41F00E0E0101926F010E936F5B
:10A65000000115EC13F00101806B8051000162ECE8
:10A660000FF0000909E00101802BC16F00012FEC00
:10A6700013F00101F2D700010101836B280E826FF4
:10A6800028C084F1000194EC15F002C027F001C04D
:10A6900026F026506A0804E1275202E1010E3A6EC4
:10A6A0000101FFEF63F098EF43F0070E0101926F95
:10A6B000010E936F000115EC13F05CC0ADF15BC0AF
:10A6C000ACF15AC0ABF159C0AAF1D3EC3EF000C0D6
:10A6D00080F101C081F102C082F103C083F103C0A7
:10A6E000ADF102C0ACF101C0ABF100C0AAF10101B3
:10A6F000B16BB06B480EAF6F850EAE6F0001EFEC23
:10A700003EF003C06CF102C06BF101C06AF100C001
:10A7100069F188C0ADF187C0ACF186C0ABF185C0EE
:10A72000AAF1D3EC3EF000C080F101C081F102C07B
:10A7300082F103C083F103C0ADF102C0ACF101C0EE
:10A74000ABF100C0AAF10101B16BB06B480EAF6F65
:10A75000850EAE6F00019EEC3FF003C070F102C0A9
:10A760006FF101C06EF100C06DF1D89270C1ADF112
:10A770006FC1ACF16EC1ABF16DC1AAF16CC1B1F1A9
:10A780006BC1B0F16AC1AFF169C1AEF119EC40F033
:10A7900003C070F102C06FF101C06EF100C06DF135
:10A7A0002DC081F12CC080F155EC41F000C080F14A
:10A7B00001C081F102C082F103C083F103C0ADF199
:10A7C00002C0ACF101C0ABF100C0AAF170C1B1F19F
:10A7D0006FC1B0F16EC1AFF16DC1AEF1EFEC3EF003
:10A7E00003C064F102C063F101C062F100C061F115
:10A7F00064C187F163C186F162C185F161C184F1F1
:10A80000EDEC41F00E0E0101926F010E936F00010D
:10A8100015EC13F00101806B8051000162EC0FF028
:10A82000000909E00101802BC16F00012FEC13F03A
:10A830000101F2D700010101836B1D0E826F28C058
:10A8400084F1000194EC15F002C027F001C026F05D
:10A8500026506A0804E1275202E1010E3A6E010116
:10A86000FFEF63F0E3EF43F0070E0101926F010E7B
:10A87000936F000115EC13F060C0ADF15FC0ACF157
:10A880005EC0ABF15DC0AAF1D3EC3EF000C080F138
:10A8900001C081F102C082F103C083F103C0ADF1B8
:10A8A00002C0ACF101C0ABF100C0AAF10101B16B73
:10A8B000B06B480EAF6F850EAE6F0001EFEC3EF04F
:10A8C00003C06CF102C06BF101C06AF100C069F114
:10A8D0008CC0ADF18BC0ACF18AC0ABF189C0AAF1DC
:10A8E000D3EC3EF000C080F101C081F102C082F1E2
:10A8F00003C083F103C0ADF102C0ACF101C0ABF104
:10A9000000C0AAF10101B16BB06B480EAF6F850EAC
:10A91000AE6F00019EEC3FF003C070F102C06FF11A
:10A9200001C06EF100C06DF1D89270C1ADF16FC180
:10A93000ACF16EC1ABF16DC1AAF16CC1B1F16BC1EB
:10A94000B0F16AC1AFF169C1AEF119EC40F003C0DA
:10A9500070F102C06FF101C06EF100C06DF12FC047
:10A9600081F12EC080F155EC41F000C080F101C0B2
:10A9700081F102C082F103C083F103C0ADF102C0D6
:10A98000ACF101C0ABF100C0AAF170C1B1F16FC16F
:10A99000B0F16EC1AFF16DC1AEF1EFEC3EF003C0AE
:10A9A00064F102C063F101C062F100C061F164C1F1
:10A9B00087F163C186F162C185F161C184F1EDEC7B
:10A9C00041F00E0E0101926F010E936F000115EC24
:10A9D00013F00101806B8051000162EC0FF000095F
:10A9E00009E00101802BC16F00012FEC13F0010180
:10A9F000F2D700010101836B1E0E826F28C084F123
:10AA0000000194EC15F002C027F001C026F026509A
:10AA10006A0804E1275202E1010E3A6E0101FFEFDC
:10AA200063F028EF44F0070E0101926F010E936F5F
:10AA3000000115EC13F064C0ADF163C0ACF162C06D
:10AA4000ABF161C0AAF1D3EC3EF000C080F101C0CF
:10AA500081F102C082F103C083F103C0ADF102C0F5
:10AA6000ACF101C0ABF100C0AAF10101B16BB06B58
:10AA7000480EAF6F850EAE6F0001EFEC3EF003C0E5
:10AA80006CF102C06BF101C06AF100C069F190C0C5
:10AA9000ADF18FC0ACF18EC0ABF18DC0AAF1D3EC9B
:10AAA0003EF000C080F101C081F102C082F103C01C
:10AAB00083F103C0ADF102C0ACF101C0ABF100C045
:10AAC000AAF10101B16BB06B480EAF6F850EAE6F8E
:10AAD00000019EEC3FF003C070F102C06FF101C0B5
:10AAE0006EF100C06DF1D89270C1ADF16FC1ACF1E3
:10AAF0006EC1ABF16DC1AAF16CC1B1F16BC1B0F126
:10AB00006AC1AFF169C1AEF119EC40F003C070F158
:10AB100002C06FF101C06EF100C06DF131C081F172
:10AB200030C080F155EC41F000C080F101C081F1EE
:10AB300002C082F103C083F103C0ADF102C0ACF1E9
:10AB400001C0ABF100C0AAF170C1B1F16FC1B0F1A9
:10AB50006EC1AFF16DC1AEF1EFEC3EF003C064F138
:10AB600002C063F101C062F100C061F164C187F10C
:10AB700063C186F162C185F161C184F1EDEC41F000
:10AB80000E0E0101926F010E936F000115EC13F090
:10AB90000101806B8051000162EC0FF0000909E0B7
:10ABA0000101802BC16F00012FEC13F00101F2D7DE
:10ABB00000010101836B1F0E826F28C084F1000128
:10ABC00094EC15F002C027F001C026F026506A0868
:10ABD00004E1275202E1010E3A6E0101FFEF63F03A
:10ABE0006DEF44F0070E0101926F010E936F0001AB
:10ABF00015EC13F068C0ADF167C0ACF166C0ABF105
:10AC000065C0AAF1D3EC3EF000C080F101C081F133
:10AC100002C082F103C083F103C0ADF102C0ACF108
:10AC200001C0ABF100C0AAF10101B16BB06B480EDD
:10AC3000AF6F850EAE6F0001EFEC3EF003C06CF11C
:10AC400002C06BF101C06AF100C069F194C0ADF1BE
:10AC500093C0ACF192C0ABF191C0AAF1D3EC3EF03D
:10AC600000C080F101C081F102C082F103C083F114
:10AC700003C0ADF102C0ACF101C0ABF100C0AAF15C
:10AC80000101B16BB06B480EAF6F850EAE6F000166
:10AC90009EEC3FF003C070F102C06FF101C06EF195
:10ACA00000C06DF1D89270C1ADF16FC1ACF16EC151
:10ACB000ABF16DC1AAF16CC1B1F16BC1B0F16AC168
:10ACC000AFF169C1AEF119EC40F003C070F102C000
:10ACD0006FF101C06EF100C06DF133C081F132C07F
:10ACE00080F155EC41F000C080F101C081F102C05B
:10ACF00082F103C083F103C0ADF102C0ACF101C029
:10AD0000ABF100C0AAF170C1B1F16FC1B0F16EC179
:10AD1000AFF16DC1AEF1EFEC3EF003C064F102C0E3
:10AD200063F101C062F100C061F164C187F163C1E8
:10AD300086F162C185F161C184F1EDEC41F00E0E46
:10AD40000101926F010E936F000115EC13F00101E8
:10AD5000806B8051000162EC0FF0000909E00101F5
:10AD6000802BC16F00012FEC13F00101F2D700011D
:10AD70000101836B200E826F28C084F1000194ECE6
:10AD800015F002C027F001C026F026506A0804E141
:10AD9000275202E1010E3A6E0101FFEF63F0B2EFBC
:10ADA00044F0070E0101926F010E936F000115EC44
:10ADB00013F060505C5C2FE30BE15F505B5C2BE3B6
:10ADC00007E15E505A5C27E303E159505D5C23E2E2
:10ADD000100E5D240101756F270E5E20766F000E48
:10ADE0005F20776F000E6020786F010E0001895D93
:10ADF0000101796F000E00018A5901017A6F000E7E
:10AE000000018B5901017B6F000E00018C5901017B
:10AE10007C6F12D0000160C078F15FC077F15EC036
:10AE200076F15DC075F18CC07CF18BC07BF18AC07E
:10AE30007AF189C079F101015950755D696E5A50F6
:10AE400076596A6E5B5077596B6E5C5078596C6EB0
:10AE5000000185510101795D0001956F8651010165
:10AE60007A590001966F875101017B590001976F54
:10AE7000885101017C590001986F6CC0ADF16BC025
:10AE8000ACF16AC0ABF169C0AAF1D3EC3EF000C0EE
:10AE900080F101C081F102C082F103C083F103C0DF
:10AEA000ADF102C0ACF101C0ABF100C0AAF10101EB
:10AEB000B16BB06B480EAF6F850EAE6F0001EFEC5B
:10AEC0003EF003C06CF102C06BF101C06AF100C03A
:10AED00069F198C0ADF197C0ACF196C0ABF195C0E7
:10AEE000AAF1D3EC3EF000C080F101C081F102C0B4
:10AEF00082F103C083F103C0ADF102C0ACF101C027
:10AF0000ABF100C0AAF10101B16BB06B480EAF6F9D
:10AF1000850EAE6F00019EEC3FF003C070F102C0E1
:10AF20006FF101C06EF100C06DF1D89270C1ADF14A
:10AF30006FC1ACF16EC1ABF16DC1AAF16CC1B1F1E1
:10AF40006BC1B0F16AC1AFF169C1AEF119EC40F06B
:10AF500003C070F102C06FF101C06EF100C06DF16D
:10AF60002C502E5C006E2D502F58036E00C080F1C7
:10AF70000101816F000155EC41F000C080F101C07A
:10AF800081F102C082F103C083F103C0ADF102C0C0
:10AF9000ACF101C0ABF100C0AAF170C1B1F16FC159
:10AFA000B0F16EC1AFF16DC1AEF1EFEC3EF003C098
:10AFB00064F102C063F101C062F100C061F164C1DB
:10AFC00087F163C186F162C185F161C184F1EDEC65
:10AFD00041F00E0E0101926F010E936F000115EC0E
:10AFE00013F00101806B8051000162EC0FF0000949
:10AFF00009E00101802BC16F00012FEC13F001016A
:10B00000F2D700010101836B210E826F28C084F109
:10B01000000194EC15F002C027F001C026F0265084
:10B020006A0804E1275202E1010E3A6E0101FFEFC6
:10B0300063F0F7EF44F0070E0101926F010E936F7A
:10B04000000115EC13F06450605C2FE30BE16350DA
:10B050005F5C2BE307E162505E5C27E303E15D5038
:10B06000615C23E2100E61240101756F270E6220DE
:10B07000766F000E6320776F000E6420786F010EEC
:10B0800000018D5D0101796F000E00018E590101F3
:10B090007A6F000E00018F5901017B6F000E0001D5
:10B0A000905901017C6F12D0000164C078F163C037
:10B0B00077F162C076F161C075F190C07CF18FC00C
:10B0C0007BF18EC07AF18DC079F101015D50755D23
:10B0D0006D6E5E5076596E6E5F5077596F6E605030
:10B0E0007859706E000189510101795D0001996FF5
:10B0F0008A5101017A5900019A6F8B5101017B59E4
:10B1000000019B6F8C5101017C5900019C6F70C044
:10B11000ADF16FC0ACF16EC0ABF16DC0AAF1D3EC74
:10B120003EF000C080F101C081F102C082F103C095
:10B1300083F103C0ADF102C0ACF101C0ABF100C0BE
:10B14000AAF10101B16BB06B480EAF6F850EAE6F07
:10B150000001EFEC3EF003C06CF102C06BF101C0E6
:10B160006AF100C069F19CC0ADF19BC0ACF19AC01E
:10B17000ABF199C0AAF1D3EC3EF000C080F101C060
:10B1800081F102C082F103C083F103C0ADF102C0BE
:10B19000ACF101C0ABF100C0AAF10101B16BB06B21
:10B1A000480EAF6F850EAE6F00019EEC3FF003C0FE
:10B1B00070F102C06FF101C06EF100C06DF1D89264
:10B1C00070C1ADF16FC1ACF16EC1ABF16DC1AAF14F
:10B1D0006CC1B1F16BC1B0F16AC1AFF169C1AEF13F
:10B1E00019EC40F003C070F102C06FF101C06EF1C4
:10B1F00000C06DF12E50305C006E2F503158036E40
:10B2000000C080F10101816F000155EC41F000C0E8
:10B2100080F101C081F102C082F103C083F103C05B
:10B22000ADF102C0ACF101C0ABF100C0AAF170C138
:10B23000B1F16FC1B0F16EC1AFF16DC1AEF1EFEC24
:10B240003EF003C064F102C063F101C062F100C0CE
:10B2500061F164C187F163C186F162C185F161C1A9
:10B2600084F1EDEC41F00E0E0101926F010E936F2F
:10B27000000115EC13F00101806B8051000162ECBC
:10B280000FF0000909E00101802BC16F00012FECD4
:10B2900013F00101F2D700010101836B220E826FCE
:10B2A00028C084F1000194EC15F002C027F001C021
:10B2B00026F026506A0804E1275202E1010E3A6E98
:10B2C0000101FFEF63F03CEF45F0070E0101926FC3
:10B2D000010E936F000115EC13F06850645C2FE3CE
:10B2E0000BE16750635C2BE307E16650625C27E388
:10B2F00003E16150655C23E2100E65240101756F66
:10B30000270E6620766F000E6720776F000E68208C
:10B31000786F010E0001915D0101796F000E00014F
:10B32000925901017A6F000E0001935901017B6F60
:10B33000000E0001945901017C6F12D0000168C019
:10B3400078F167C077F166C076F165C075F194C099
:10B350007CF193C07BF192C07AF191C079F1010147
:10B360006150755D716E62507659726E6350775997
:10B37000736E64507859746E00018D510101795DCE
:10B3800000019D6F8E5101017A5900019E6F8F510E
:10B3900001017B5900019F6F905101017C5900010F
:10B3A000A06F74C0ADF173C0ACF172C0ABF171C0ED
:10B3B000AAF1D3EC3EF000C080F101C081F102C0DF
:10B3C00082F103C083F103C0ADF102C0ACF101C052
:10B3D000ABF100C0AAF10101B16BB06B480EAF6FC9
:10B3E000850EAE6F0001EFEC3EF003C06CF102C0C1
:10B3F0006BF101C06AF100C069F1A0C0ADF19FC05E
:10B40000ACF19EC0ABF19DC0AAF1D3EC3EF000C000
:10B4100080F101C081F102C082F103C083F103C059
:10B42000ADF102C0ACF101C0ABF100C0AAF1010165
:10B43000B16BB06B480EAF6F850EAE6F00019EEC26
:10B440003FF003C070F102C06FF101C06EF100C0A7
:10B450006DF1D89270C1ADF16FC1ACF16EC1ABF1BD
:10B460006DC1AAF16CC1B1F16BC1B0F16AC1AFF1AC
:10B4700069C1AEF119EC40F003C070F102C06FF188
:10B4800001C06EF100C06DF13050325C006E315081
:10B490003358036E00C080F10101816F000155EC4B
:10B4A00041F000C080F101C081F102C082F103C00F
:10B4B00083F103C0ADF102C0ACF101C0ABF100C03B
:10B4C000AAF170C1B1F16FC1B0F16EC1AFF16DC140
:10B4D000AEF1EFEC3EF003C064F102C063F101C0D5
:10B4E00062F100C061F164C187F163C186F162C19C
:10B4F00085F161C184F1EDEC41F00E0E0101926F16
:10B50000010E936F000115EC13F00101806B805167
:10B51000000162EC0FF0000909E00101802BC16F0E
:10B5200000012FEC13F00101F2D700010101836B40
:10B53000230E826F28C084F1000194EC15F002C044
:10B5400027F001C026F026506A0804E1275202E1E4
:10B55000010E3A6E0101FFEF63F056520AE11950F5
:10B56000020807E1276AFC0E266E0101FFEF63F077
:10B57000000181EC45F0030E0101926F010E936F03
:10B58000000115EC13F05CC08FF15BC08EF15AC066
:10B590008DF159C08CF188C093F187C092F186C0BB
:10B5A00091F185C090F1EDEC3AF00101806B805192
:10B5B000000171EC0FF0000909E00101802BC16F5F
:10B5C00000012FEC13F00101F2D700010101836BA0
:10B5D0002F0E826F28C084F1000194EC15F002C098
:10B5E00027F001C026F019500C080AE12650E508A2
:10B5F00007E12750040804E1040E276EE50E266ECD
:10B600001950020809E12650E50806E12750040810
:10B6100003E1276AFB0E266E26506A0804E12752D2
:10B6200002E1010E3A6E0101FFEF63F0CBEC45F051
:10B63000040E0101926F010E936F000115EC13F0DF
:10B640005CC0ADF15BC0ACF15AC0ABF159C0AAF11E
:10B65000D3EC3EF000C080F101C081F102C082F164
:10B6600003C083F103C0ADF102C0ACF101C0ABF186
:10B6700000C0AAF10101B16BB06B480EAF6F850E2F
:10B68000AE6F0001EFEC3EF003C06CF102C06BF155
:10B6900001C06AF100C069F188C0ADF187C0ACF1AA
:10B6A00086C0ABF185C0AAF1D3EC3EF000C080F1BA
:10B6B00001C081F102C082F103C083F103C0ADF18A
:10B6C00002C0ACF101C0ABF100C0AAF10101B16B45
:10B6D000B06B480EAF6F850EAE6F00019EEC3FF071
:10B6E00003C070F102C06FF101C06EF100C06DF1D6
:10B6F000D89270C1ADF16FC1ACF16EC1ABF16DC14B
:10B70000AAF16CC1B1F16BC1B0F16AC1AFF169C10D
:10B71000AEF119EC40F003C070F102C06FF101C04E
:10B720006EF100C06DF135C081F134C080F155EC8F
:10B7300041F000C080F101C081F102C082F103C07C
:10B7400083F103C0ADF102C0ACF101C0ABF100C0A8
:10B75000AAF170C1B1F16FC1B0F16EC1AFF16DC1AD
:10B76000AEF1EFEC3EF003C064F102C063F101C042
:10B7700062F100C061F164C187F163C186F162C109
:10B7800085F161C184F1EDEC41F00101806B8051E4
:10B79000000181EC0FF0000909E00101802BC16F6D
:10B7A00000012FEC13F00101F2D700010101836BBE
:10B7B000300E826F28C084F1000194EC15F002C0B5
:10B7C00027F001C026F019500C0808E12650FA08AD
:10B7D00005E1275203E1276AFA0E266E1950020886
:10B7E00009E12650E50806E12750040803E1276A2D
:10B7F000FA0E266E26506A0804E1275202E1010E75
:10B800003A6E0101FFEF63F09DEC39F0030E010188
:10B81000926F010E936F000115EC13F05CC08FF175
:10B820005BC08EF15AC08DF159C08CF188C093F184
:10B8300087C092F186C091F185C090F1EDEC3AF0AD
:10B840000101806B8051000117EC0FF0000909E045
:10B850000101802BC16F00012FEC13F00101F2D721
:10B860000001195002080DE10101836B350E826F52
:10B8700028C084F1000194EC15F002C027F001C04B
:10B8800026F026506A0804E1275202E1010E3A6EC2
:10B890000101FFEF63F015EF46F00101816B29C054
:10B8A00080F1000119EC46F028C080F116EF47F056
:10B8B00002C027F001C026F026506A0804E1275292
:10B8C00002E1010E3A6E0101FFEF63F04DEF47F028
:10B8D0000101836B2A0E826F28C084F1000194EC71
:10B8E00015F002C027F001C026F026506A0804E1D6
:10B8F000275202E1010E3A6E2650C20803E1272CBE
:10B9000001D0296A2650D60803E1272C01D0296AE4
:10B910000101FFEF63F0CBEF47F00101816B29C01C
:10B9200080F1000119EC46F028C080F1CFEF47F01C
:10B9300002C027F001C026F00101FFEF63F003EF22
:10B9400048F00101816B29C080F1000107EF48F048
:10B9500028C080F152EF49F002C027F001C026F064
:10B960000101FFEF63F09DEC39F0030E0101926FCE
:10B97000010E936F000115EC13F05CC08FF15BC0FA
:10B980008EF15AC08DF159C08CF188C093F187C0F7
:10B9900092F186C091F185C090F1EDEC3AF0010191
:10B9A000806B8051000117EC0FF0000909E00101E4
:10B9B000802BC16F00012FEC13F00101F2D70001C1
:10B9C0000101836B360E826F28C084F1000194EC74
:10B9D00015F002C027F001C026F026506A0804E1E5
:10B9E000275202E1010E3A6E0101FFEF63F0565259
:10B9F00004E1020E276E250E266E81EC45F0030E43
:10BA00000101926F010E936F000115EC13F05CC001
:10BA10008FF15BC08EF15AC08DF159C08CF188C096
:10BA200093F187C092F186C091F185C090F1EDEC61
:10BA30003AF00101806B8051000171EC0FF00009B8
:10BA400009E00101802BC16F00012FEC13F001010F
:10BA5000F2D700010101836B2B0E826F28C084F1A5
:10BA6000000194EC15F002C027F001C026F026502A
:10BA70006A0804E1275202E1010E3A6E0101FFEF6C
:10BA800063F0CBEC45F0040E0101926F010E936F51
:10BA9000000115EC13F05CC0ADF15BC0ACF15AC015
:10BAA000ABF159C0AAF1D3EC3EF000C080F101C067
:10BAB00081F102C082F103C083F103C0ADF102C085
:10BAC000ACF101C0ABF100C0AAF10101B16BB06BE8
:10BAD000480EAF6F850EAE6F0001EFEC3EF003C075
:10BAE0006CF102C06BF101C06AF100C069F188C05D
:10BAF000ADF187C0ACF186C0ABF185C0AAF1D3EC43
:10BB00003EF000C080F101C081F102C082F103C0AB
:10BB100083F103C0ADF102C0ACF101C0ABF100C0D4
:10BB2000AAF10101B16BB06B480EAF6F850EAE6F1D
:10BB300000019EEC3FF003C070F102C06FF101C044
:10BB40006EF100C06DF1D89270C1ADF16FC1ACF172
:10BB50006EC1ABF16DC1AAF16CC1B1F16BC1B0F1B5
:10BB60006AC1AFF169C1AEF119EC40F003C070F1E8
:10BB700002C06FF101C06EF100C06DF135C081F1FE
:10BB800034C080F155EC41F000C080F101C081F17A
:10BB900002C082F103C083F103C0ADF102C0ACF179
:10BBA00001C0ABF100C0AAF170C1B1F16FC1B0F139
:10BBB0006EC1AFF16DC1AEF1EFEC3EF003C064F1C8
:10BBC00002C063F101C062F100C061F164C187F19C
:10BBD00063C186F162C185F161C184F1EDEC41F090
:10BBE0000101806B8051000191EC0FF0000909E028
:10BBF0000101802BC16F00012FEC13F00101F2D77E
:10BC000000010101836B2C0E826F28C084F10001BA
:10BC100094EC15F002C027F001C026F026506A0807
:10BC200004E1275202E1010E3A6E0101FFEF63F0D9
:10BC300084EF49F0040E0101926F010E936F000131
:10BC400015EC13F05CC0ADF15BC0ACF15AC0ABF1C8
:10BC500059C0AAF1D3EC3EF000C080F101C081F1DF
:10BC600002C082F103C083F103C0ADF102C0ACF1A8
:10BC700001C0ABF100C0AAF10101B16BB06B480E7D
:10BC8000AF6F850EAE6F0001EFEC3EF003C06CF1BC
:10BC900002C06BF101C06AF100C069F188C0ADF16A
:10BCA00087C0ACF186C0ABF185C0AAF1D3EC3EF001
:10BCB00000C080F101C081F102C082F103C083F1B4
:10BCC00003C0ADF102C0ACF101C0ABF100C0AAF1FC
:10BCD0000101B16BB06B480EAF6F850EAE6F000106
:10BCE0009EEC3FF003C070F102C06FF101C06EF135
:10BCF00000C06DF1D89270C1ADF16FC1ACF16EC1F1
:10BD0000ABF16DC1AAF16CC1B1F16BC1B0F16AC107
:10BD1000AFF169C1AEF119EC40F003C070F102C09F
:10BD20006FF101C06EF100C06DF170C1ADF16FC176
:10BD3000ACF16EC1ABF16DC1AAF170C1B1F16FC1CF
:10BD4000B0F16EC1AFF16DC1AEF19EEC3FF003C03A
:10BD500070F102C06FF101C06EF100C06DF135C02D
:10BD600081F134C080F155EC41F000C080F101C098
:10BD700081F102C082F103C083F103C0ADF102C0C2
:10BD8000ACF101C0ABF100C0AAF170C1B1F16FC15B
:10BD9000B0F16EC1AFF16DC1AEF1EFEC3EF003C09A
:10BDA00074F102C073F101C072F100C071F174C18D
:10BDB000ADF173C1ACF172C1ABF171C1AAF1010176
:10BDC000B16BB06B7A0EAF6F890EAE6F00019EEC57
:10BDD0003FF003C074F102C073F101C072F100C002
:10BDE00071F174C187F173C186F172C185F171C1BE
:10BDF00084F1EDEC41F00101806B80510001A2EC77
:10BE00000FF0000909E00101802BC16F00012FEC48
:10BE100013F00101F2D700010101836B2D0E826F37
:10BE200028C084F1000194EC15F002C027F001C095
:10BE300026F026506A0804E1275202E1010E3A6E0C
:10BE40000101FFEF63F0CFEF49F0040E0101926FA3
:10BE5000010E936F000115EC13F05CC0ADF15BC0F7
:10BE6000ACF15AC0ABF159C0AAF1D3EC3EF000C01E
:10BE700080F101C081F102C082F103C083F103C0EF
:10BE8000ADF102C0ACF101C0ABF100C0AAF10101FB
:10BE9000B16BB06B480EAF6F850EAE6F0001EFEC6B
:10BEA0003EF003C06CF102C06BF101C06AF100C04A
:10BEB00069F188C0ADF187C0ACF186C0ABF185C037
:10BEC000AAF1D3EC3EF000C080F101C081F102C0C4
:10BED00082F103C083F103C0ADF102C0ACF101C037
:10BEE000ABF100C0AAF10101B16BB06B480EAF6FAE
:10BEF000850EAE6F00019EEC3FF003C070F102C0F2
:10BF00006FF101C06EF100C06DF1D89270C1ADF15A
:10BF10006FC1ACF16EC1ABF16DC1AAF16CC1B1F1F1
:10BF20006BC1B0F16AC1AFF169C1AEF119EC40F07B
:10BF300003C070F102C06FF101C06EF100C06DF17D
:10BF400070C16CF16FC16BF16EC16AF16DC169F1C5
:10BF500070C1ADF16FC1ACF16EC1ABF16DC1AAF1B1
:10BF600070C1B1F16FC1B0F16EC1AFF16DC1AEF191
:10BF70009EEC3FF003C070F102C06FF101C06EF1A2
:10BF800000C06DF135C081F134C080F155EC41F055
:10BF90000101AD6BAC6BAB6B800EAA6F03C0B1F14E
:10BFA00002C0B0F101C0AFF100C0AEF100019EECE3
:10BFB0003FF000C080F101C081F102C082F103C0F6
:10BFC00083F103C0ADF102C0ACF101C0ABF100C020
:10BFD000AAF170C1B1F16FC1B0F16EC1AFF16DC125
:10BFE000AEF1EFEC3EF003C074F102C073F101C09A
:10BFF00072F100C071F174C1ADF173C1ACF172C1E5
:10C00000ABF171C1AAF16CC1B1F16BC1B0F16AC100
:10C01000AFF169C1AEF19EEC3FF003C064F102C024
:10C0200063F101C062F100C061F164C187F163C1D5
:10C0300086F162C185F161C184F1EDEC41F001014D
:10C04000806B80510001B2EC0FF0000909E00101A2
:10C05000802BC16F00012FEC13F00101F2D700011A
:10C060000101836B2E0E826F28C084F1000194ECD5
:10C0700015F002C027F001C026F026506A0804E13E
:10C08000275202E1010E3A6E0101B9D31AEF4AF0CC
:10C090000101836B310E826F28C084F1000194ECA2
:10C0A00015F002C027F001C026F026506A0804E10E
:10C0B000275202E1010E3A6E2650EE0804E12750A5
:10C0C000020801E1296A2650020804E1275003080A
:10C0D00001E12A6A010193D398EF4AF0030E0101AE
:10C0E000926F010E936F000115EC13F02950040DAF
:10C0F000F350036A590FE96E000E0320EA6EEFCF8A
:10C1000080F1ECCF81F1ECCF82F1ECCF83F12950BB
:10C11000040DF350036A850FE96E000E0320EA6EEA
:10C12000EFCF84F1ECCF85F1ECCF86F1ECCF87F146
:10C1300083C18FF182C18EF181C18DF180C18CF1FB
:10C1400087C193F186C192F185C191F184C190F1CB
:10C15000EDEC3AF00101806B80510001C2EC0FF070
:10C16000000909E00101802BC16F00012FEC13F0E1
:10C170000101F2D700010F0E0101926F010E936FC2
:10C18000000115EC13F029C0C0F11DEC1AF028C015
:10C1900080F12EEF4BF002C027F001C026F0010124
:10C1A0002ED377EF4BF0030E0101926F010E936FC8
:10C1B000000115EC13F02A50040DF350036A090F27
:10C1C000E96E010E0320EA6EEFCF80F1ECCF81F132
:10C1D000ECCF82F1ECCF83F12A50040DF350036AC7
:10C1E000350FE96E010E0320EA6EEFCF84F1ECCF3C
:10C1F00085F1ECCF86F1ECCF87F183C18FF182C15D
:10C200008EF181C18DF180C18CF187C193F186C11E
:10C2100092F185C191F184C190F1EDEC3AF0010108
:10C22000806B80510001C2EC0FF0000909E00101B0
:10C23000802BC16F00012FEC13F00101F2D7000138
:10C240000F0E0101926F010E936F000115EC13F0B8
:10C250002AC0C0F11DEC1AF028C080F10DEF4CF09F
:10C2600002C027F001C026F00101C9D247EF4CF00F
:10C27000030E0101926F010E936F000115EC13F094
:10C280002A50040DF350036AB10FE96E000E03202B
:10C29000EA6EEFCF80F1ECCF81F1ECCF82F1ECCF01
:10C2A00083F12A50040DF350036ADD0FE96E000E8E
:10C2B0000320EA6EEFCF84F1ECCF85F1ECCF86F16D
:10C2C000ECCF87F183C18FF182C18EF181C18DF1F5
:10C2D00080C18CF187C193F186C192F185C191F142
:10C2E00084C190F1EDEC3AF00101806B80510001C6
:10C2F000C2EC0FF0000909E00101802BC16F0001C1
:10C300002FEC13F00101F2D700010F0E0101926F23
:10C31000010E936F000115EC13F02AC0C0F11DEC63
:10C320001AF028C080F1DDEF4CF002C027F001C008
:10C3300026F0010164D281EC45F0030E0101926FF9
:10C34000010E936F000115EC13F05CC08FF15BC020
:10C350008EF15AC08DF159C08CF188C093F187C01D
:10C3600092F186C091F185C090F1EDEC3AF00101B7
:10C37000806B8051000143EC0FF0000909E00101DE
:10C38000802BC16F00012FEC13F00101F2D70001E7
:10C390000101836B320E826F28C084F1000194EC9E
:10C3A00015F002C027F001C026F026506A0804E10B
:10C3B000275202E1010E3A6E010121D2CBEC45F089
:10C3C000040E0101926F010E936F000115EC13F042
:10C3D0005CC0ADF15BC0ACF15AC0ABF159C0AAF181
:10C3E000D3EC3EF000C080F101C081F102C082F1C7
:10C3F00003C083F103C0ADF102C0ACF101C0ABF1E9
:10C4000000C0AAF10101B16BB06B480EAF6F850E91
:10C41000AE6F0001EFEC3EF003C06CF102C06BF1B7
:10C4200001C06AF100C069F188C0ADF187C0ACF10C
:10C4300086C0ABF185C0AAF1D3EC3EF000C080F11C
:10C4400001C081F102C082F103C083F103C0ADF1EC
:10C4500002C0ACF101C0ABF100C0AAF10101B16BA7
:10C46000B06B480EAF6F850EAE6F00019EEC3FF0D3
:10C4700003C070F102C06FF101C06EF100C06DF138
:10C48000D89270C1ADF16FC1ACF16EC1ABF16DC1AD
:10C49000AAF16CC1B1F16BC1B0F16AC1AFF169C170
:10C4A000AEF119EC40F003C070F102C06FF101C0B1
:10C4B0006EF100C06DF135C081F134C080F155ECF2
:10C4C00041F000C080F101C081F102C082F103C0DF
:10C4D00083F103C0ADF102C0ACF101C0ABF100C00B
:10C4E000AAF170C1B1F16FC1B0F16EC1AFF16DC110
:10C4F000AEF1EFEC3EF003C064F102C063F101C0A5
:10C5000062F100C061F164C187F163C186F162C16B
:10C5100085F161C184F1EDEC41F00101806B805146
:10C52000000181EC0FF0000909E00101802BC16FCF
:10C5300000012FEC13F00101F2D700010101836B20
:10C54000330E826F28C084F1000194EC15F002C014
:10C5500027F001C026F026506A0804E1275202E1C4
:10C56000010E3A6E01014BD10BEF4DF0040E0101AB
:10C57000926F010E936F000115EC13F05CC0ADF1EA
:10C580005BC0ACF15AC0ABF159C0AAF1D3EC3EF09C
:10C5900000C080F101C081F102C082F103C083F1CB
:10C5A00003C0ADF102C0ACF101C0ABF100C0AAF113
:10C5B0000101B16BB06B480EAF6F850EAE6F00011D
:10C5C000EFEC3EF003C06CF102C06BF101C06AF108
:10C5D00000C069F188C0ADF187C0ACF186C0ABF195
:10C5E00085C0AAF1D3EC3EF000C080F101C081F11A
:10C5F00002C082F103C083F103C0ADF102C0ACF10F
:10C6000001C0ABF100C0AAF10101B16BB06B480EE3
:10C61000AF6F850EAE6F00019EEC3FF003C070F16E
:10C6200002C06FF101C06EF100C06DF1D89270C10F
:10C63000ADF16FC1ACF16EC1ABF16DC1AAF16CC1CE
:10C64000B1F16BC1B0F16AC1AFF169C1AEF119ECE2
:10C6500040F003C070F102C06FF101C06EF100C084
:10C660006DF135C081F134C080F155EC41F000C06E
:10C6700080F101C081F102C082F103C083F103C0E7
:10C68000ADF102C0ACF101C0ABF100C0AAF170C1C4
:10C69000B1F16FC1B0F16EC1AFF16DC1AEF1EFECB0
:10C6A0003EF003C064F102C063F101C062F100C05A
:10C6B00061F137C081F136C080F155EC41F000C026
:10C6C00080F101C081F102C082F103C083F103C097
:10C6D000ADF102C0ACF101C0ABF100C0AAF164C180
:10C6E000B1F163C1B0F162C1AFF161C1AEF19EECD5
:10C6F0003FF000C084F101C085F102C086F103C0A3
:10C7000087F103C0ADF102C0ACF101C0ABF100C0D4
:10C71000AAF164C1B1F163C1B0F162C1AFF161C10D
:10C72000AEF19EEC3FF000C088F101C089F102C07B
:10C730008AF103C08BF103C0ADF102C0ACF101C0BE
:10C74000ABF100C0AAF10101B16BB06BAF6B800E11
:10C75000AE6F0001EFEC3EF003C068F102C067F17C
:10C7600001C066F100C065F168C1ADF167C1ACF10F
:10C7700066C1ABF165C1AAF10101B16BB06B7A0E74
:10C78000AF6F880EAE6F0001EFEC3EF003C068F1B2
:10C7900002C067F101C066F100C065F168C187F1B0
:10C7A00067C186F166C185F165C184F1EDEC41F0A8
:10C7B0000101806B80510001D0EC0FF0000909E00D
:10C7C0000101802BC16F00012FEC13F00101F2D7A2
:10C7D00000010101836B3D0E826F28C084F10001CE
:10C7E00094EC15F002C027F001C026F026506A082C
:10C7F00004E1275202E1010E3A6E010100D000016E
:10C80000BCEF64F0F86AD09E0D8EEA6AE96AC15006
:10C81000C00B0F09C16E070EB46E196A190E226E95
:10C82000236A256A266A276A296A2A6A010E2B6EFC
:10C830002C6A2D6A2E6A2F6A306A316A326A336A2C
:10C84000346A356A366A376A080E386E536A546A33
:10C85000566A576A586A0101656B666B676B686B4D
:10C86000C00EF212C150C00B0F09C16EC290969853
:10C87000C69A949A94889496010EC66E000EC76E5E
:10C88000880ED56E850ECD6ECD6A000ECA6E000E76
:10C89000CB6E0001DAEF12F001017D81256A3A6A60
:10C8A000576A00013FEF13F0080E01017E6FFA0E88
:10C8B000836F000163EC13F001017E2FF8D77DA197
:10C8C00011D0000178EC13F039EC14F028C07EF19F
:10C8D00064EF14F001B003D001017D9102D0010199
:10C8E0007D81EDD700018AEF14F0080E01017E6F03
:10C8F000FA0E836F000163EC13F001017E2FF8D76D
:10C90000256A7D810001FCEC14F0276A266A320E4C
:10C91000286E01017DA13ED0000139EC14F02850B1
:10C9200042080FE13A6A576A256A276A266A186A36
:10C93000F2BE188EF29EC9EC10F018BEF28E6DECAD
:10C9400015F03A5207E127C07FF126C07EF1DCEFF7
:10C9500029F012D03A2C07D027C07FF126C07EF1F3
:10C9600047EF34F009D03A50020806E127C07FF1C2
:10C9700026C07EF156EF4DF026520AE1275208E11B
:10C98000186AF2BE188EF29EC9EC10F018BEF28E34
:06C99000C0D70101030005
:020000040030CA
:0E00000000021F1E0083810000000FE00F4071
:00000001FF
;PIC18F4620
