CCS PCH C Compiler, Version 4.030, 37982               24-jan-14 09:29

               Filename: main.lst

               ROM used: 51606 bytes (79%)
                         Largest free fragment is 13930
               RAM used: 383 (10%) at main() level
                         465 (12%) worst case
               Stack:    11 worst case (8 in main + 3 for interrupts)

*
00000:  GOTO   C804
*
00008:  MOVWF  05
0000A:  MOVFF  FD8,06
0000E:  MOVFF  FE0,07
00012:  MOVLB  0
00014:  MOVFF  FE9,0D
00018:  MOVFF  FEA,08
0001C:  MOVFF  FE1,09
00020:  MOVFF  FE2,0A
00024:  MOVFF  FD9,0B
00028:  MOVFF  FDA,0C
0002C:  MOVFF  FF3,14
00030:  MOVFF  FF4,15
00034:  MOVFF  FFA,16
00038:  MOVFF  00,0F
0003C:  MOVFF  01,10
00040:  MOVFF  02,11
00044:  MOVFF  03,12
00048:  MOVFF  04,13
0004C:  BTFSS  F9D.0
0004E:  GOTO   0058
00052:  BTFSC  F9E.0
00054:  GOTO   2484
00058:  BTFSS  FF2.4
0005A:  GOTO   0064
0005E:  BTFSC  FF2.1
00060:  GOTO   21BA
00064:  BTFSS  FF2.3
00066:  GOTO   0070
0006A:  BTFSC  FF2.0
0006C:  GOTO   1FC0
00070:  GOTO   0004
00074:  MOVFF  0F,00
00078:  MOVFF  10,01
0007C:  MOVFF  11,02
00080:  MOVFF  12,03
00084:  MOVFF  13,04
00088:  BSF    0E.7
0008A:  MOVFF  0D,FE9
0008E:  MOVFF  08,FEA
00092:  MOVFF  09,FE1
00096:  MOVFF  0A,FE2
0009A:  MOVFF  0B,FD9
0009E:  MOVFF  0C,FDA
000A2:  MOVFF  14,FF3
000A6:  MOVFF  15,FF4
000AA:  MOVFF  16,FFA
000AE:  MOVF   05,W
000B0:  MOVFF  07,FE0
000B4:  MOVFF  06,FD8
000B8:  RETFIE 0
.................... /* 
.................... ////////////////////////////////////////////////////////////////////////// 
.................... CRONOMETRO MULTIFUNCIONAL - EQ228E -  
....................  
.................... Versão do software: 1.0 
.................... 10/02/2012 
.................... Versão do software: 1.1 
.................... 03/08/2012 
.................... Incluido a funcao F12 - energia cinetica 
.................... 07/10/2013 
.................... Alterado mensagens (MSG.h) conforme descricao abaixo: 
.................... ->“F1   2ou5 sens” deve ser alterada para “F1   2 a 5 sens”  
.................... ->“F1  2 or 5 sens”  deve ser alterada para “F1   2 to 5 sens” 
.................... ->“F1   2 o 5 sens”   deve ser alterada para “F1   2 a 5 sens”  
.................... Fabio - 07/10/2013 
....................  
....................  
.................... Autor: Pablo A. Spiller 
.................... Co-Autor : Fabio de A. Bairros 
....................  
.................... ////////////////////////////////////////////////////////////////////////// 
.................... */ 
.................... #include <18F4620.h> 
.................... //////// Standard Header file for the PIC18F4620 device //////////////// 
.................... #device PIC18F4620 
.................... #list 
....................  
....................  
.................... #use delay(clock=20000000) 
....................  
.................... //#fuses HS 
....................  
.................... #FUSES NOWDT                    //No Watch Dog Timer 
.................... #FUSES HS                       //20MHz 
.................... #FUSES NOPUT                    //No Power Up Timer 
....................                   //Code protected from reads 
....................  
.................... #FUSES NOWRT, NODEBUG 
.................... #FUSES PROTECT, NOLVP 
.................... #FUSES CPB, CPD	//Colocado para protecao do codigo 
.................... 				//Fabio Bairros - 21/01/2010 
....................  
.................... int Func=0;		//Definida a variavel neste momento 
.................... 				//Fabio Bairros - 22/01/2014 
....................  
.................... #include "lcd.h" 
.................... /////////////////////////////////////////////////////////////////////////// 
.................... ////                             LCD.H                                 //// 
.................... ////                 Driver para modulo LCD ITM1602                    //// 
.................... ////         Define funções para inicializar, movimentar,              //// 
.................... ////                escrever e ler caracteres.						   ////	 
.................... ///////////////////////////////////////////////////////////////////////////   
.................... /* 
.................... ************* Pinagem**************** 
....................       PIC  LCD 
.................... //     D0  enable 
.................... //     D1  rs 
.................... //     D2  rw 
.................... //     D4  D4 
.................... //     D5  D5 
.................... //     D6  D6 
.................... //     D7  D7 
.................... // 
.................... //   LCD pins D0-D3 are not used and PIC D3 is not used. 
....................  
....................  
.................... ************* instruções de baixo nível ********************* 
....................  
.................... BYTE lcd_read_byte()  
....................  
.................... void lcd_send_nibble( BYTE n )  
....................  
.................... void lcd_send_byte( BYTE address, BYTE n ) 
....................  
....................  
....................  
....................  
.................... ************* Funções de alto nível **************** 
....................  
.................... void lcd_init()   	deve ser chamada antes de qualquer outra função.. uma unica vez 
....................  
.................... void lcd_escreve(c)  	escreve no display o caracter ou string 
.................... 				       utilizada para envio de uma linha de mensagens ao display 
....................  
.................... void lcd_escreve_digito(i)  	escreve no display o caracter do numero inteiro 
.................... 				       		utilizado para atualizar o tempo cronometrado, digito por digito 
....................  
.................... void lcd_posicaoxy(x,y) define a posição de escrita  (x coluna, y linha) 
.................... 					   lcd_pocisaoxy(1,1)     movimenta para o canto superior esquerdo 
....................  
.................... char lcd_getc(x,y)   lê do display o caracter na posição definida em x,y  
....................  
.................... void lcd_limpa() 	 limpa LCD 
....................  
.................... void lcd_linha2()	 posiciona na linha 2           
....................  
.................... void lcd_linha1()	 posiciona na linha 1           
....................  
....................  
.................... //outras funcoes utilizadas.... 
.................... delay_cycles(x)        clock 20MHz -> 4*1/20M= 0.0000002 -> 5ciclos/us 
....................  
.................... */ 
....................  
....................  
.................... #use delay(clock=24000000) 
*
026C6:  MOVLW  01
026C8:  MOVWF  FEA
026CA:  MOVLW  83
026CC:  MOVWF  FE9
026CE:  MOVF   FEF,W
026D0:  BZ    26EE
026D2:  MOVLW  07
026D4:  MOVWF  01
026D6:  CLRF   00
026D8:  DECFSZ 00,F
026DA:  BRA    26D8
026DC:  DECFSZ 01,F
026DE:  BRA    26D6
026E0:  MOVLW  C7
026E2:  MOVWF  00
026E4:  DECFSZ 00,F
026E6:  BRA    26E4
026E8:  NOP   
026EA:  DECFSZ FEF,F
026EC:  BRA    26D2
026EE:  RETLW  00
....................  
.................... // Caso LCD na porta B 
.................... // #define use_portb_lcd TRUE 
....................  
.................... struct lcd_pin_map {                 // This structure is overlayed 
....................            BOOLEAN enable;           // on to an I/O port to gain 
....................            BOOLEAN rs;               // access to the LCD pins. 
....................            BOOLEAN rw;               // The bits are allocated from 
....................            BOOLEAN unused;           // low order up.  ENABLE will 
....................            int     data : 4;         // be pin B0. 
....................         } lcd; 
....................  
.................... #locate lcd = 0xf83 
.................... #define set_tris_lcd(x) set_tris_d(x) 
....................  
....................  
.................... #define lcd_type 2           // 0=5x7, 1=5x10, 2=2 lines 
.................... #define lcd_line_two 0x40    // LCD RAM address for the second line 
....................  
....................  
.................... BYTE const LCD_INIT_STRING[4] = {0x20 | (lcd_type << 2), 0xc, 1, 6}; 
....................                              // These bytes need to be sent to the LCD 
....................                              // to start it up. 
.................... 						//  [1] 0xc -> 1 1 0 0 
.................... 							 //        | | |  |-> blink off 
.................... 							 //        | | |-> cursor off 
.................... 							 //        | |-> display on 
.................... 							 //        |-> sempre 1 
.................... 						//   [2] 1 -> display clear 
.................... 						//   [3] 6 -> 1 1 0 
.................... 							 //       | | |-> desloca p/ direita 
.................... 							 //       | |-> incrementa uma posição  
.................... 							 // 	  |->sempre 1 
....................                              // The following are used for setting 
....................                              // the I/O port direction register. 
....................  
....................  
.................... struct lcd_pin_map const LCD_WRITE = {0,0,0,0,0}; // For write mode all pins are out 
.................... struct lcd_pin_map const LCD_READ = {0,0,0,0,15}; // For read mode data pins are in 
....................  
.................... void nop(){ 
....................  
.................... 	#asm 
.................... 		NOP 
*
0250E:  NOP   
.................... 		NOP 
02510:  NOP   
.................... 	#endasm 
.................... } 
02512:  RETLW  00
....................  
.................... ///////////////////// instruções de baixo nível 
.................... BYTE lcd_read_byte()  
.................... { 
....................       BYTE low,high; 
....................       set_tris_lcd(LCD_READ); 
*
02530:  MOVLW  F0
02532:  MOVWF  F95
....................       lcd.rw = 1; 
02534:  BSF    F83.2
.................... 	  nop(); 
02536:  RCALL  250E
.................... 	  //delay_cycles(1); 
....................       lcd.enable = 1; 
02538:  BSF    F83.0
....................       nop(); 
0253A:  RCALL  250E
.................... 	  //delay_cycles(1); 
....................       high = lcd.data; 
0253C:  SWAPF  F83,W
0253E:  ANDLW  0F
02540:  MOVLB  1
02542:  MOVWF  xC5
....................       lcd.enable = 0; 
02544:  BCF    F83.0
....................       nop(); 
02546:  MOVLB  0
02548:  RCALL  250E
.................... 	  //delay_cycles(1); 
....................       lcd.enable = 1; 
0254A:  BSF    F83.0
....................       nop(); 
0254C:  RCALL  250E
.................... 	  //delay_cycles(1); 
....................       low = lcd.data; 
0254E:  SWAPF  F83,W
02550:  ANDLW  0F
02552:  MOVLB  1
02554:  MOVWF  xC4
....................       lcd.enable = 0; 
02556:  BCF    F83.0
....................       set_tris_lcd(LCD_WRITE); 
02558:  MOVLW  00
0255A:  MOVWF  F95
....................       return( (high<<4) | low); 
0255C:  SWAPF  xC5,W
0255E:  MOVWF  00
02560:  MOVLW  F0
02562:  ANDWF  00,F
02564:  MOVF   00,W
02566:  IORWF  xC4,W
02568:  MOVWF  01
.................... } 
0256A:  MOVLB  0
0256C:  RETLW  00
....................  
.................... void lcd_send_nibble( BYTE n )  
.................... { 
....................       lcd.data = n; 
*
02514:  MOVLB  1
02516:  SWAPF  xC5,W
02518:  ANDLW  F0
0251A:  MOVWF  00
0251C:  MOVLW  0F
0251E:  ANDWF  F83,W
02520:  IORWF  00,W
02522:  MOVWF  F83
....................       nop(); 
02524:  MOVLB  0
02526:  RCALL  250E
.................... 	  //delay_cycles(1); 
....................       lcd.enable = 1; 
02528:  BSF    F83.0
....................       nop(); 
0252A:  RCALL  250E
.................... 	  //delay_cycles(1); 
....................       lcd.enable = 0; 
0252C:  BCF    F83.0
.................... } 
0252E:  RETLW  00
....................  
.................... void lcd_send_byte( BYTE address, BYTE n ) 
....................  { 
....................  
....................       lcd.rs = 0; 
*
0256E:  BCF    F83.1
....................       //****** para Debug ****** comente a linha abaixo 
.................... 	  while ( bit_test(lcd_read_byte(),7) ) ; 
02570:  RCALL  2530
02572:  MOVFF  01,1C4
02576:  MOVLB  1
02578:  BTFSS  01.7
0257A:  BRA    2580
0257C:  MOVLB  0
0257E:  BRA    2570
....................       lcd.rs = address; 
02580:  BTFSS  xC2.0
02582:  BCF    F83.1
02584:  BTFSC  xC2.0
02586:  BSF    F83.1
....................       nop(); 
02588:  MOVLB  0
0258A:  RCALL  250E
.................... 	  //delay_cycles(1); 
....................       lcd.rw = 0; 
0258C:  BCF    F83.2
....................       nop(); 
0258E:  RCALL  250E
.................... 	  //delay_cycles(1); 
....................       lcd.enable = 0; 
02590:  BCF    F83.0
....................       lcd_send_nibble(n >> 4); 
02592:  MOVLB  1
02594:  SWAPF  xC3,W
02596:  MOVWF  xC4
02598:  MOVLW  0F
0259A:  ANDWF  xC4,F
0259C:  MOVFF  1C4,1C5
025A0:  MOVLB  0
025A2:  RCALL  2514
....................       lcd_send_nibble(n & 0xf); 
025A4:  MOVLB  1
025A6:  MOVF   xC3,W
025A8:  ANDLW  0F
025AA:  MOVWF  xC4
025AC:  MOVWF  xC5
025AE:  MOVLB  0
025B0:  RCALL  2514
.................... } 
025B2:  RETLW  00
....................  
....................  
....................  
.................... /////////////////////////////FUNÇÕES////////////////////////////// 
....................  
....................  
.................... ////////////// inicializa LCD ////////////////////////// 
.................... void lcd_init() 
....................  { 
....................     BYTE i; 
....................     set_tris_lcd(LCD_WRITE); 
025B4:  MOVLW  00
025B6:  MOVWF  F95
....................     lcd.rs = 0; 
025B8:  BCF    F83.1
....................     lcd.rw = 0; 
025BA:  BCF    F83.2
....................     lcd.enable = 0; 
025BC:  BCF    F83.0
....................     delay_us(15); 
025BE:  MOVLW  1D
025C0:  MOVWF  00
025C2:  DECFSZ 00,F
025C4:  BRA    25C2
025C6:  BRA    25C8
....................     for(i=1;i<=3;++i) { 
025C8:  MOVLW  01
025CA:  MOVLB  1
025CC:  MOVWF  x7E
025CE:  MOVF   x7E,W
025D0:  SUBLW  03
025D2:  BNC   25EC
....................        lcd_send_nibble(3); 
025D4:  MOVLW  03
025D6:  MOVWF  xC5
025D8:  MOVLB  0
025DA:  RCALL  2514
....................        delay_us(15); 
025DC:  MOVLW  1D
025DE:  MOVWF  00
025E0:  DECFSZ 00,F
025E2:  BRA    25E0
025E4:  BRA    25E6
....................     } 
025E6:  MOVLB  1
025E8:  INCF   x7E,F
025EA:  BRA    25CE
....................     lcd_send_nibble(2); 
025EC:  MOVLW  02
025EE:  MOVWF  xC5
025F0:  MOVLB  0
025F2:  RCALL  2514
....................     for(i=0;i<=3;++i) 
025F4:  MOVLB  1
025F6:  CLRF   x7E
025F8:  MOVF   x7E,W
025FA:  SUBLW  03
025FC:  BNC   2624
....................        lcd_send_byte(0,LCD_INIT_STRING[i]); 
025FE:  CLRF   03
02600:  MOVF   x7E,W
02602:  MOVFF  FF2,17F
02606:  BCF    FF2.7
02608:  MOVLB  0
0260A:  CALL   00BA
0260E:  MOVLB  1
02610:  BTFSC  x7F.7
02612:  BSF    FF2.7
02614:  MOVWF  x80
02616:  CLRF   xC2
02618:  MOVWF  xC3
0261A:  MOVLB  0
0261C:  RCALL  256E
0261E:  MOVLB  1
02620:  INCF   x7E,F
02622:  BRA    25F8
.................... } 
02624:  MOVLB  0
02626:  GOTO   C898 (RETURN)
....................  
....................  
.................... /////////////// posiciona cursor ////////////////////// 
.................... void lcd_posicaoxy( BYTE x, BYTE y) 
....................  { 
....................    BYTE address; 
....................  
....................    if(y!=1) 
0262A:  MOVLB  1
0262C:  DECFSZ x93,W
0262E:  BRA    2632
02630:  BRA    2638
....................      address=lcd_line_two; 
02632:  MOVLW  40
02634:  MOVWF  x94
....................    else 
02636:  BRA    263A
....................      address=0; 
02638:  CLRF   x94
....................    address+=x-1; 
0263A:  MOVLW  01
0263C:  SUBWF  x92,W
0263E:  ADDWF  x94,F
....................    lcd_send_byte(0,0x80|address); 
02640:  MOVF   x94,W
02642:  IORLW  80
02644:  MOVWF  x95
02646:  CLRF   xC2
02648:  MOVWF  xC3
0264A:  MOVLB  0
0264C:  RCALL  256E
.................... } 
0264E:  RETLW  00
....................  
....................  
.................... char lcd_getc( BYTE x, BYTE y)  
.................... { 
....................    char value; 
....................  
....................     lcd_posicaoxy(x,y); 
....................     while ( bit_test(lcd_read_byte(),7) ); // wait until busy flag is low 
....................     lcd.rs=1; 
....................     value = lcd_read_byte(); 
....................     lcd.rs=0; 
....................     return(value); 
.................... } 
....................  
.................... int lcd_getdigito( BYTE x, BYTE y)  
.................... { 
....................    char value; 
.................... 	int digito; 
....................  
....................     lcd_posicaoxy(x,y); 
*
037F0:  MOVFF  18C,192
037F4:  MOVFF  18D,193
037F8:  CALL   262A
....................     while ( bit_test(lcd_read_byte(),7) ); // wait until busy flag is low 
037FC:  CALL   2530
03800:  MOVFF  01,190
03804:  MOVLB  1
03806:  BTFSS  01.7
03808:  BRA    380E
0380A:  MOVLB  0
0380C:  BRA    37FC
....................     lcd.rs=1; 
0380E:  BSF    F83.1
....................     value = lcd_read_byte(); 
03810:  MOVLB  0
03812:  CALL   2530
03816:  MOVFF  01,18E
....................     lcd.rs=0; 
0381A:  BCF    F83.1
....................  
.................... 	switch (value) { 
0381C:  MOVLB  1
0381E:  MOVF   x8E,W
03820:  XORLW  30
03822:  MOVLB  0
03824:  BZ    384C
03826:  XORLW  01
03828:  BZ    3852
0382A:  XORLW  03
0382C:  BZ    385A
0382E:  XORLW  01
03830:  BZ    3862
03832:  XORLW  07
03834:  BZ    386A
03836:  XORLW  01
03838:  BZ    3872
0383A:  XORLW  03
0383C:  BZ    387A
0383E:  XORLW  01
03840:  BZ    3882
03842:  XORLW  0F
03844:  BZ    388A
03846:  XORLW  01
03848:  BZ    3892
0384A:  BRA    389A
....................  
.................... 	    case '0': 
.................... 			digito=0; 
0384C:  MOVLB  1
0384E:  CLRF   x8F
.................... 			break; 
03850:  BRA    389E
.................... 	 
.................... 	    case '1': 
.................... 			digito=1; 
03852:  MOVLW  01
03854:  MOVLB  1
03856:  MOVWF  x8F
.................... 			break; 
03858:  BRA    389E
....................  
.................... 	    case '2': 
.................... 			digito=2; 
0385A:  MOVLW  02
0385C:  MOVLB  1
0385E:  MOVWF  x8F
.................... 			break; 
03860:  BRA    389E
....................  
.................... 	    case '3': 
.................... 			digito=3; 
03862:  MOVLW  03
03864:  MOVLB  1
03866:  MOVWF  x8F
.................... 			break; 
03868:  BRA    389E
.................... 	    case '4': 
.................... 			digito=4; 
0386A:  MOVLW  04
0386C:  MOVLB  1
0386E:  MOVWF  x8F
.................... 			break; 
03870:  BRA    389E
.................... 	    case '5': 
.................... 			digito=5; 
03872:  MOVLW  05
03874:  MOVLB  1
03876:  MOVWF  x8F
.................... 			break; 
03878:  BRA    389E
.................... 	    case '6': 
.................... 			digito=6; 
0387A:  MOVLW  06
0387C:  MOVLB  1
0387E:  MOVWF  x8F
.................... 			break; 
03880:  BRA    389E
.................... 	    case '7': 
.................... 			digito=7; 
03882:  MOVLW  07
03884:  MOVLB  1
03886:  MOVWF  x8F
.................... 			break; 
03888:  BRA    389E
.................... 	    case '8': 
.................... 			digito=8; 
0388A:  MOVLW  08
0388C:  MOVLB  1
0388E:  MOVWF  x8F
.................... 			break; 
03890:  BRA    389E
.................... 	    case '9': 
.................... 			digito=9; 
03892:  MOVLW  09
03894:  MOVLB  1
03896:  MOVWF  x8F
.................... 			break; 
03898:  BRA    389E
.................... 		default:digito=0; 
0389A:  MOVLB  1
0389C:  CLRF   x8F
....................  
.................... 	} 
....................  
....................     return(digito); 
0389E:  MOVFF  18F,01
.................... } 
038A2:  MOVLB  0
038A4:  RETLW  00
.................... /////////// esreve uma linha ////////////////// 
.................... void lcd_escreve( char c)  
.................... { 
....................    lcd_send_byte(1,c); 
*
0265E:  MOVLW  01
02660:  MOVLB  1
02662:  MOVWF  xC2
02664:  MOVFF  1C1,1C3
02668:  MOVLB  0
0266A:  RCALL  256E
.................... } 
0266C:  RETLW  00
....................  
.................... ///////////limpa LCD/////////////////// 
.................... void lcd_limpa()            
.................... { 
....................    lcd_send_byte(0,1); 
*
02B1A:  MOVLB  1
02B1C:  CLRF   xC2
02B1E:  MOVLW  01
02B20:  MOVWF  xC3
02B22:  MOVLB  0
02B24:  RCALL  256E
....................      
.................... } 
02B26:  RETLW  00
....................  
.................... /////////// posiciona na linha 2/////////////////// 
.................... void lcd_linha2()           
.................... { 
....................    lcd_posicaoxy(1,2); 
*
0266E:  MOVLW  01
02670:  MOVLB  1
02672:  MOVWF  x92
02674:  MOVLW  02
02676:  MOVWF  x93
02678:  MOVLB  0
0267A:  RCALL  262A
.................... } 
0267C:  RETLW  00
....................  
.................... /////////// posiciona na linha 1/////////////////// 
.................... void lcd_linha1()           
.................... { 
....................    lcd_posicaoxy(1,1); 
*
02650:  MOVLW  01
02652:  MOVLB  1
02654:  MOVWF  x92
02656:  MOVWF  x93
02658:  MOVLB  0
0265A:  RCALL  262A
.................... } 
0265C:  RETLW  00
....................  
.................... /////////// escreve um dígito de tempo /////////////////// 
.................... void lcd_escreve_digito(int digito)           
.................... { 
....................  
.................... 	switch (digito) { 
*
0343A:  MOVLB  1
0343C:  MOVF   xC0,W
0343E:  ADDLW  F6
03440:  BC    34EC
03442:  ADDLW  0A
03444:  MOVLB  0
03446:  GOTO   34F0
....................  
.................... 	    case 0: 
.................... 			lcd_escreve('0'); 
0344A:  MOVLW  30
0344C:  MOVLB  1
0344E:  MOVWF  xC1
03450:  MOVLB  0
03452:  CALL   265E
.................... 			break; 
03456:  MOVLB  1
03458:  BRA    34EC
.................... 	 
.................... 	    case 1: 
.................... 			lcd_escreve('1'); 
0345A:  MOVLW  31
0345C:  MOVLB  1
0345E:  MOVWF  xC1
03460:  MOVLB  0
03462:  CALL   265E
.................... 			break; 
03466:  MOVLB  1
03468:  BRA    34EC
.................... 	 
.................... 	    case 2: 
.................... 			lcd_escreve('2'); 
0346A:  MOVLW  32
0346C:  MOVLB  1
0346E:  MOVWF  xC1
03470:  MOVLB  0
03472:  CALL   265E
.................... 			break; 
03476:  MOVLB  1
03478:  BRA    34EC
.................... 	 
.................... 	    case 3: 
.................... 			lcd_escreve('3'); 
0347A:  MOVLW  33
0347C:  MOVLB  1
0347E:  MOVWF  xC1
03480:  MOVLB  0
03482:  CALL   265E
.................... 			break; 
03486:  MOVLB  1
03488:  BRA    34EC
.................... 	 
.................... 	    case 4: 
.................... 			lcd_escreve('4'); 
0348A:  MOVLW  34
0348C:  MOVLB  1
0348E:  MOVWF  xC1
03490:  MOVLB  0
03492:  CALL   265E
.................... 			break; 
03496:  MOVLB  1
03498:  BRA    34EC
.................... 	 
.................... 	    case 5: 
.................... 			lcd_escreve('5'); 
0349A:  MOVLW  35
0349C:  MOVLB  1
0349E:  MOVWF  xC1
034A0:  MOVLB  0
034A2:  CALL   265E
.................... 			break; 
034A6:  MOVLB  1
034A8:  BRA    34EC
.................... 	 
.................... 	    case 6: 
.................... 			lcd_escreve('6'); 
034AA:  MOVLW  36
034AC:  MOVLB  1
034AE:  MOVWF  xC1
034B0:  MOVLB  0
034B2:  CALL   265E
.................... 			break; 
034B6:  MOVLB  1
034B8:  BRA    34EC
.................... 	 
.................... 	    case 7: 
.................... 			lcd_escreve('7'); 
034BA:  MOVLW  37
034BC:  MOVLB  1
034BE:  MOVWF  xC1
034C0:  MOVLB  0
034C2:  CALL   265E
.................... 			break; 
034C6:  MOVLB  1
034C8:  BRA    34EC
.................... 	 
.................... 	    case 8: 
.................... 			lcd_escreve('8'); 
034CA:  MOVLW  38
034CC:  MOVLB  1
034CE:  MOVWF  xC1
034D0:  MOVLB  0
034D2:  CALL   265E
.................... 			break; 
034D6:  MOVLB  1
034D8:  BRA    34EC
.................... 	 
.................... 	    case 9: 
.................... 			lcd_escreve('9'); 
034DA:  MOVLW  39
034DC:  MOVLB  1
034DE:  MOVWF  xC1
034E0:  MOVLB  0
034E2:  CALL   265E
.................... 			break; 
034E6:  MOVLB  1
034E8:  BRA    34EC
034EA:  MOVLB  1
.................... 	} 
....................  
.................... } 
034EC:  MOVLB  0
034EE:  RETLW  00
....................  
.................... long lcd_getDistancia() 
.................... { 
....................  
.................... 	long k, c, d, u; 
.................... 	long dist; 
....................  
.................... 	k=lcd_getdigito( 5, 2); 
*
03908:  MOVLW  05
0390A:  MOVLB  1
0390C:  MOVWF  x8C
0390E:  MOVLW  02
03910:  MOVWF  x8D
03912:  MOVLB  0
03914:  RCALL  37F0
03916:  MOVLB  1
03918:  CLRF   x83
0391A:  MOVFF  01,182
.................... 	c=lcd_getdigito( 6, 2); 
0391E:  MOVLW  06
03920:  MOVWF  x8C
03922:  MOVLW  02
03924:  MOVWF  x8D
03926:  MOVLB  0
03928:  RCALL  37F0
0392A:  MOVLB  1
0392C:  CLRF   x85
0392E:  MOVFF  01,184
.................... 	d=lcd_getdigito( 7, 2); 
03932:  MOVLW  07
03934:  MOVWF  x8C
03936:  MOVLW  02
03938:  MOVWF  x8D
0393A:  MOVLB  0
0393C:  RCALL  37F0
0393E:  MOVLB  1
03940:  CLRF   x87
03942:  MOVFF  01,186
.................... 	u=lcd_getdigito( 8, 2); 
03946:  MOVLW  08
03948:  MOVWF  x8C
0394A:  MOVLW  02
0394C:  MOVWF  x8D
0394E:  MOVLB  0
03950:  RCALL  37F0
03952:  MOVLB  1
03954:  CLRF   x89
03956:  MOVFF  01,188
.................... 	 
....................  
.................... 	dist=(long)(k*1000); 
0395A:  MOVFF  183,193
0395E:  MOVFF  182,192
03962:  MOVLW  03
03964:  MOVWF  x95
03966:  MOVLW  E8
03968:  MOVWF  x94
0396A:  MOVLB  0
0396C:  RCALL  3418
0396E:  MOVFF  02,18B
03972:  MOVFF  01,18A
.................... 	dist=dist+(long)(c*100); 
03976:  MOVFF  185,193
0397A:  MOVFF  184,192
0397E:  MOVLB  1
03980:  CLRF   x95
03982:  MOVLW  64
03984:  MOVWF  x94
03986:  MOVLB  0
03988:  RCALL  3418
0398A:  MOVF   01,W
0398C:  MOVLB  1
0398E:  ADDWF  x8A,F
03990:  MOVF   02,W
03992:  ADDWFC x8B,F
.................... 	dist=dist+(long)(d*10); 
03994:  MOVFF  187,193
03998:  MOVFF  186,192
0399C:  CLRF   x95
0399E:  MOVLW  0A
039A0:  MOVWF  x94
039A2:  MOVLB  0
039A4:  RCALL  3418
039A6:  MOVF   01,W
039A8:  MOVLB  1
039AA:  ADDWF  x8A,F
039AC:  MOVF   02,W
039AE:  ADDWFC x8B,F
.................... 	dist=dist+(long)u; 
039B0:  MOVF   x88,W
039B2:  ADDWF  x8A,F
039B4:  MOVF   x89,W
039B6:  ADDWFC x8B,F
.................... 	return(dist); 
039B8:  MOVFF  18A,01
039BC:  MOVFF  18B,02
.................... } 
039C0:  MOVLB  0
039C2:  RETLW  00
....................  
.................... //########################################################################### 
.................... //########################################################################### 
.................... //Funcao especifica para receber o valor de massa - F12 - Energia cinetica 
.................... long lcd_getMassa() 
.................... { 
....................  
.................... 	long k, c, d, u; 
.................... 	long massa; 
....................  
.................... 	k=lcd_getdigito( 4, 2);//O primeiro valor he o que fica a esquerda da virgula 
*
05298:  MOVLW  04
0529A:  MOVLB  1
0529C:  MOVWF  x8C
0529E:  MOVLW  02
052A0:  MOVWF  x8D
052A2:  MOVLB  0
052A4:  CALL   37F0
052A8:  MOVLB  1
052AA:  CLRF   x83
052AC:  MOVFF  01,182
.................... 	c=lcd_getdigito( 6, 2); 
052B0:  MOVLW  06
052B2:  MOVWF  x8C
052B4:  MOVLW  02
052B6:  MOVWF  x8D
052B8:  MOVLB  0
052BA:  CALL   37F0
052BE:  MOVLB  1
052C0:  CLRF   x85
052C2:  MOVFF  01,184
.................... 	d=lcd_getdigito( 7, 2); 
052C6:  MOVLW  07
052C8:  MOVWF  x8C
052CA:  MOVLW  02
052CC:  MOVWF  x8D
052CE:  MOVLB  0
052D0:  CALL   37F0
052D4:  MOVLB  1
052D6:  CLRF   x87
052D8:  MOVFF  01,186
.................... 	u=lcd_getdigito( 8, 2); 
052DC:  MOVLW  08
052DE:  MOVWF  x8C
052E0:  MOVLW  02
052E2:  MOVWF  x8D
052E4:  MOVLB  0
052E6:  CALL   37F0
052EA:  MOVLB  1
052EC:  CLRF   x89
052EE:  MOVFF  01,188
....................  
....................  
.................... 	//Composicao do valor final 
.................... 	massa=(long)(k*1000); 
052F2:  MOVFF  183,193
052F6:  MOVFF  182,192
052FA:  MOVLW  03
052FC:  MOVWF  x95
052FE:  MOVLW  E8
05300:  MOVWF  x94
05302:  MOVLB  0
05304:  CALL   3418
05308:  MOVFF  02,18B
0530C:  MOVFF  01,18A
.................... 	massa=massa+(long)(c*100); 
05310:  MOVFF  185,193
05314:  MOVFF  184,192
05318:  MOVLB  1
0531A:  CLRF   x95
0531C:  MOVLW  64
0531E:  MOVWF  x94
05320:  MOVLB  0
05322:  CALL   3418
05326:  MOVF   01,W
05328:  MOVLB  1
0532A:  ADDWF  x8A,F
0532C:  MOVF   02,W
0532E:  ADDWFC x8B,F
.................... 	massa=massa+(long)(d*10); 
05330:  MOVFF  187,193
05334:  MOVFF  186,192
05338:  CLRF   x95
0533A:  MOVLW  0A
0533C:  MOVWF  x94
0533E:  MOVLB  0
05340:  CALL   3418
05344:  MOVF   01,W
05346:  MOVLB  1
05348:  ADDWF  x8A,F
0534A:  MOVF   02,W
0534C:  ADDWFC x8B,F
.................... 	massa=massa+(long)u; 
0534E:  MOVF   x88,W
05350:  ADDWF  x8A,F
05352:  MOVF   x89,W
05354:  ADDWFC x8B,F
....................  
.................... 	return(massa); 
05356:  MOVFF  18A,01
0535A:  MOVFF  18B,02
.................... } 
0535E:  MOVLB  0
05360:  GOTO   6298 (RETURN)
.................... //########################################################################### 
.................... //########################################################################### 
....................  
.................... void lcd_escreve_Dist(long dist){ 
.................... 	 
.................... 	long k, c,d,u; 
.................... 	long  dist_c; 
.................... 	long dist_d, dist_u; 
....................  
.................... 	k=(dist/1000); 
*
03528:  MOVFF  183,193
0352C:  MOVFF  182,192
03530:  MOVLW  03
03532:  MOVLB  1
03534:  MOVWF  x95
03536:  MOVLW  E8
03538:  MOVWF  x94
0353A:  MOVLB  0
0353C:  RCALL  33D2
0353E:  MOVFF  02,185
03542:  MOVFF  01,184
.................... 	dist_c=dist-(1000*k); 
03546:  MOVLW  03
03548:  MOVLB  1
0354A:  MOVWF  x93
0354C:  MOVLW  E8
0354E:  MOVWF  x92
03550:  MOVFF  185,195
03554:  MOVFF  184,194
03558:  MOVLB  0
0355A:  RCALL  3418
0355C:  MOVF   01,W
0355E:  MOVLB  1
03560:  SUBWF  x82,W
03562:  MOVWF  x8C
03564:  MOVF   02,W
03566:  SUBWFB x83,W
03568:  MOVWF  x8D
.................... 	c=(dist_c/100); 
0356A:  MOVFF  18D,193
0356E:  MOVFF  18C,192
03572:  CLRF   x95
03574:  MOVLW  64
03576:  MOVWF  x94
03578:  MOVLB  0
0357A:  RCALL  33D2
0357C:  MOVFF  02,187
03580:  MOVFF  01,186
.................... 	dist_d=dist_c-(100*c); 
03584:  MOVLB  1
03586:  CLRF   x93
03588:  MOVLW  64
0358A:  MOVWF  x92
0358C:  MOVFF  187,195
03590:  MOVFF  186,194
03594:  MOVLB  0
03596:  RCALL  3418
03598:  MOVF   01,W
0359A:  MOVLB  1
0359C:  SUBWF  x8C,W
0359E:  MOVWF  x8E
035A0:  MOVF   02,W
035A2:  SUBWFB x8D,W
035A4:  MOVWF  x8F
.................... 	d=(dist_d/10); 
035A6:  MOVFF  18F,193
035AA:  MOVFF  18E,192
035AE:  CLRF   x95
035B0:  MOVLW  0A
035B2:  MOVWF  x94
035B4:  MOVLB  0
035B6:  RCALL  33D2
035B8:  MOVFF  02,189
035BC:  MOVFF  01,188
.................... 	dist_u=dist_d-(10*d); 
035C0:  MOVLB  1
035C2:  CLRF   x93
035C4:  MOVLW  0A
035C6:  MOVWF  x92
035C8:  MOVFF  189,195
035CC:  MOVFF  188,194
035D0:  MOVLB  0
035D2:  RCALL  3418
035D4:  MOVF   01,W
035D6:  MOVLB  1
035D8:  SUBWF  x8E,W
035DA:  MOVWF  x90
035DC:  MOVF   02,W
035DE:  SUBWFB x8F,W
035E0:  MOVWF  x91
.................... 	u=dist_u; 
035E2:  MOVFF  191,18B
035E6:  MOVFF  190,18A
....................  
.................... 	lcd_posicaoxy(5,2); 
035EA:  MOVLW  05
035EC:  MOVWF  x92
035EE:  MOVLW  02
035F0:  MOVWF  x93
035F2:  MOVLB  0
035F4:  CALL   262A
.................... 	lcd_escreve_digito((int)k); 
035F8:  MOVFF  184,1C0
035FC:  RCALL  343A
.................... 	lcd_escreve_digito((int)c); 
035FE:  MOVFF  186,1C0
03602:  RCALL  343A
.................... 	lcd_escreve_digito((int)d); 
03604:  MOVFF  188,1C0
03608:  RCALL  343A
.................... 	lcd_escreve_digito((int)u); 
0360A:  MOVFF  18A,1C0
0360E:  RCALL  343A
....................  
.................... /* 
.................... 	if(FUNC==12)//Tentativa de diferenciar 
.................... 	{ 
.................... 		lcd_posicaoxy(4,2); 
.................... 		lcd_escreve_digito((int)k); 
.................... 		lcd_posicaoxy(6,2); 
.................... 		lcd_escreve_digito((int)c); 
.................... 		lcd_escreve_digito((int)d); 
.................... 		lcd_escreve_digito((int)u); 
.................... 	} 
.................... 	else 
.................... 	{ 
.................... 		lcd_posicaoxy(5,2); 
.................... 		lcd_escreve_digito((int)k); 
.................... 		lcd_escreve_digito((int)c); 
.................... 		lcd_escreve_digito((int)d); 
.................... 		lcd_escreve_digito((int)u); 
.................... 	} 
.................... */ 
.................... } 
03610:  RETLW  00
....................  
.................... //########################################################################### 
.................... //########################################################################### 
.................... void lcd_escreve_Massa(long massa) 
.................... { 
.................... 	 
.................... 	long k, c, d, u; 
.................... 	long massa_c; 
.................... 	long massa_d, massa_u; 
....................  
.................... 	k = (massa/1000); 
*
04FE4:  MOVFF  183,193
04FE8:  MOVFF  182,192
04FEC:  MOVLW  03
04FEE:  MOVLB  1
04FF0:  MOVWF  x95
04FF2:  MOVLW  E8
04FF4:  MOVWF  x94
04FF6:  MOVLB  0
04FF8:  CALL   33D2
04FFC:  MOVFF  02,185
05000:  MOVFF  01,184
.................... 	massa_c = massa - (1000 * k); 
05004:  MOVLW  03
05006:  MOVLB  1
05008:  MOVWF  x93
0500A:  MOVLW  E8
0500C:  MOVWF  x92
0500E:  MOVFF  185,195
05012:  MOVFF  184,194
05016:  MOVLB  0
05018:  CALL   3418
0501C:  MOVF   01,W
0501E:  MOVLB  1
05020:  SUBWF  x82,W
05022:  MOVWF  x8C
05024:  MOVF   02,W
05026:  SUBWFB x83,W
05028:  MOVWF  x8D
.................... 	c = (massa_c / 100); 
0502A:  MOVFF  18D,193
0502E:  MOVFF  18C,192
05032:  CLRF   x95
05034:  MOVLW  64
05036:  MOVWF  x94
05038:  MOVLB  0
0503A:  CALL   33D2
0503E:  MOVFF  02,187
05042:  MOVFF  01,186
.................... 	massa_d = massa_c - (100 * c); 
05046:  MOVLB  1
05048:  CLRF   x93
0504A:  MOVLW  64
0504C:  MOVWF  x92
0504E:  MOVFF  187,195
05052:  MOVFF  186,194
05056:  MOVLB  0
05058:  CALL   3418
0505C:  MOVF   01,W
0505E:  MOVLB  1
05060:  SUBWF  x8C,W
05062:  MOVWF  x8E
05064:  MOVF   02,W
05066:  SUBWFB x8D,W
05068:  MOVWF  x8F
.................... 	d = (massa_d / 10); 
0506A:  MOVFF  18F,193
0506E:  MOVFF  18E,192
05072:  CLRF   x95
05074:  MOVLW  0A
05076:  MOVWF  x94
05078:  MOVLB  0
0507A:  CALL   33D2
0507E:  MOVFF  02,189
05082:  MOVFF  01,188
.................... 	massa_u = massa_d - (10 * d); 
05086:  MOVLB  1
05088:  CLRF   x93
0508A:  MOVLW  0A
0508C:  MOVWF  x92
0508E:  MOVFF  189,195
05092:  MOVFF  188,194
05096:  MOVLB  0
05098:  CALL   3418
0509C:  MOVF   01,W
0509E:  MOVLB  1
050A0:  SUBWF  x8E,W
050A2:  MOVWF  x90
050A4:  MOVF   02,W
050A6:  SUBWFB x8F,W
050A8:  MOVWF  x91
.................... 	u = massa_u; 
050AA:  MOVFF  191,18B
050AE:  MOVFF  190,18A
....................  
.................... 	 
.................... 	lcd_posicaoxy(6,2); 
050B2:  MOVLW  06
050B4:  MOVWF  x92
050B6:  MOVLW  02
050B8:  MOVWF  x93
050BA:  MOVLB  0
050BC:  CALL   262A
.................... 	lcd_escreve_digito((int)c); 
050C0:  MOVFF  186,1C0
050C4:  CALL   343A
.................... 	lcd_escreve_digito((int)d); 
050C8:  MOVFF  188,1C0
050CC:  CALL   343A
.................... 	lcd_escreve_digito((int)u); 
050D0:  MOVFF  18A,1C0
050D4:  CALL   343A
....................  
.................... 	lcd_posicaoxy(4,2);//A posicao do digito (ou valor antes da virgula) possui um posicao diferenciada 
050D8:  MOVLW  04
050DA:  MOVLB  1
050DC:  MOVWF  x92
050DE:  MOVLW  02
050E0:  MOVWF  x93
050E2:  MOVLB  0
050E4:  CALL   262A
.................... 	lcd_escreve_digito((int)k); 
050E8:  MOVFF  184,1C0
050EC:  CALL   343A
....................  
.................... } 
050F0:  GOTO   6278 (RETURN)
.................... //########################################################################### 
.................... //########################################################################### 
....................  
.................... long lcd_getInt(){ 
....................  
.................... 	long d, u; 
.................... 	long Interv; 
.................... 	 
.................... 	d=lcd_getdigito( 7, 2); 
*
0485E:  MOVLW  07
04860:  MOVLB  1
04862:  MOVWF  x8C
04864:  MOVLW  02
04866:  MOVWF  x8D
04868:  MOVLB  0
0486A:  CALL   37F0
0486E:  MOVLB  1
04870:  CLRF   x83
04872:  MOVFF  01,182
.................... 	u=lcd_getdigito( 8, 2); 
04876:  MOVLW  08
04878:  MOVWF  x8C
0487A:  MOVLW  02
0487C:  MOVWF  x8D
0487E:  MOVLB  0
04880:  CALL   37F0
04884:  MOVLB  1
04886:  CLRF   x85
04888:  MOVFF  01,184
.................... 	 
.................... 	Interv=(long)(d*10); 
0488C:  MOVFF  183,193
04890:  MOVFF  182,192
04894:  CLRF   x95
04896:  MOVLW  0A
04898:  MOVWF  x94
0489A:  MOVLB  0
0489C:  CALL   3418
048A0:  MOVFF  02,187
048A4:  MOVFF  01,186
.................... 	Interv=Interv+(long)u; 
048A8:  MOVLB  1
048AA:  MOVF   x84,W
048AC:  ADDWF  x86,F
048AE:  MOVF   x85,W
048B0:  ADDWFC x87,F
.................... 	return(Interv); 
048B2:  MOVFF  186,01
048B6:  MOVFF  187,02
.................... } 
048BA:  MOVLB  0
048BC:  GOTO   5DCE (RETURN)
.................... void lcd_escreve_Int(long interv){ 		//valores entre 1-> 99 
.................... 	 
.................... 	long d, u; 
....................  
.................... 	lcd_posicaoxy(7,2); 
*
04664:  MOVLW  07
04666:  MOVLB  1
04668:  MOVWF  x92
0466A:  MOVLW  02
0466C:  MOVWF  x93
0466E:  MOVLB  0
04670:  CALL   262A
.................... 	d=(interv/10); 
04674:  MOVFF  183,193
04678:  MOVFF  182,192
0467C:  MOVLB  1
0467E:  CLRF   x95
04680:  MOVLW  0A
04682:  MOVWF  x94
04684:  MOVLB  0
04686:  CALL   33D2
0468A:  MOVFF  02,185
0468E:  MOVFF  01,184
.................... 	u=interv-(10*d); 
04692:  MOVLB  1
04694:  CLRF   x93
04696:  MOVLW  0A
04698:  MOVWF  x92
0469A:  MOVFF  185,195
0469E:  MOVFF  184,194
046A2:  MOVLB  0
046A4:  CALL   3418
046A8:  MOVF   01,W
046AA:  MOVLB  1
046AC:  SUBWF  x82,W
046AE:  MOVWF  x86
046B0:  MOVF   02,W
046B2:  SUBWFB x83,W
046B4:  MOVWF  x87
.................... 	lcd_escreve_digito((int)d); 
046B6:  MOVFF  184,1C0
046BA:  MOVLB  0
046BC:  CALL   343A
.................... 	lcd_escreve_digito((int)u); 
046C0:  MOVFF  186,1C0
046C4:  CALL   343A
....................  
.................... } 
046C8:  GOTO   5DAE (RETURN)
.................... /* 
.................... void lcd_escreve_tempo(long tempo){ 
.................... 	 
.................... 	int dk, k, c,d,u; 
.................... 	long temp_k, temp_c; 
.................... 	int temp_d, temp_u; 
....................  
.................... 	dk=(int)(tempo/10000); 
.................... 	temp_k=tempo-(10000*dk); 
.................... 	k=(int)(temp_k/1000); 
.................... 	temp_c=temp_k-(1000*k); 
.................... 	c=(int)(temp_c/100); 
.................... 	temp_d=temp_c-(100*c); 
.................... 	d=(int)(temp_d/10); 
.................... 	temp_u=temp_d-(10*d); 
.................... 	u=(int)temp_u; 
.................... 	 
.................... 	lcd_escreve_digito(dk); 
.................... 	lcd_escreve_digito(k); 
.................... 	lcd_escreve(','); 
.................... 	lcd_escreve_digito(c); 
.................... 	lcd_escreve_digito(d); 
.................... 	lcd_escreve_digito(u); 
....................  
.................... } 
.................... void lcd_escreve_tempo(double tempo){ 
.................... 	 
.................... 	int dk, k, c,d,u,ud,uc; 
.................... 	double temp_k, temp_c; 
.................... 	long temp_d, temp_u; 
.................... 	int temp_ud, temp_uc; 
....................  
.................... 	dk=(int)(tempo/1000000); 
.................... 	temp_k=tempo-(1000000*dk); 
.................... 	k=(int)(temp_k/100000); 
.................... 	temp_c=temp_k-(100000*k); 
.................... 	c=(int)(temp_c/10000); 
.................... 	temp_d=temp_c-(10000*c); 
.................... 	d=(int)(temp_d/1000); 
.................... 	temp_u=temp_d-(1000*d); 
.................... 	u=(int)(temp_u/100); 
.................... 	temp_ud=temp_u-(100*u); 
.................... 	ud=(int)(temp_ud/10); 
.................... 	temp_uc=temp_ud-(10*ud); 
.................... 	uc=(int)temp_uc; 
.................... 	 
....................  
.................... 	lcd_escreve_digito(dk); 
.................... 	lcd_escreve_digito(k); 
.................... 	lcd_escreve(','); 
.................... 	lcd_escreve_digito(c); 
.................... 	lcd_escreve_digito(d); 
.................... 	lcd_escreve_digito(u); 
.................... 	lcd_escreve_digito(ud); 
.................... 	lcd_escreve_digito(uc); 
....................  
.................... }*/ 
.................... void lcd_escreve_tempo(int32 tempo, int32 tempo2){ 
.................... 	 
.................... 	int32 dk, k, c,d,u,ud,uc; 
.................... 	int32 temp_k; 
.................... 	int32 temp_u; 
.................... 	int32 temp_ud, temp_uc; 
....................  
.................... 	dk=(int32)(tempo2/100); 
*
075DA:  MOVFF  193,1C3
075DE:  MOVFF  192,1C2
075E2:  MOVFF  191,1C1
075E6:  MOVFF  190,1C0
075EA:  MOVLB  1
075EC:  CLRF   xC7
075EE:  CLRF   xC6
075F0:  CLRF   xC5
075F2:  MOVLW  64
075F4:  MOVWF  xC4
075F6:  MOVLB  0
075F8:  RCALL  7500
075FA:  MOVFF  03,197
075FE:  MOVFF  02,196
07602:  MOVFF  01,195
07606:  MOVFF  00,194
.................... 	temp_k=tempo2-(100*dk); 
0760A:  MOVLB  1
0760C:  CLRF   xC3
0760E:  CLRF   xC2
07610:  CLRF   xC1
07612:  MOVLW  64
07614:  MOVWF  xC0
07616:  MOVFF  197,1C7
0761A:  MOVFF  196,1C6
0761E:  MOVFF  195,1C5
07622:  MOVFF  194,1C4
07626:  MOVLB  0
07628:  RCALL  7580
0762A:  MOVF   00,W
0762C:  MOVLB  1
0762E:  SUBWF  x90,W
07630:  MOVWF  xB0
07632:  MOVF   01,W
07634:  SUBWFB x91,W
07636:  MOVWF  xB1
07638:  MOVF   02,W
0763A:  SUBWFB x92,W
0763C:  MOVWF  xB2
0763E:  MOVF   03,W
07640:  SUBWFB x93,W
07642:  MOVWF  xB3
.................... 	k=(int32)(temp_k/10); 
07644:  MOVFF  1B3,1C3
07648:  MOVFF  1B2,1C2
0764C:  MOVFF  1B1,1C1
07650:  MOVFF  1B0,1C0
07654:  CLRF   xC7
07656:  CLRF   xC6
07658:  CLRF   xC5
0765A:  MOVLW  0A
0765C:  MOVWF  xC4
0765E:  MOVLB  0
07660:  RCALL  7500
07662:  MOVFF  03,19B
07666:  MOVFF  02,19A
0766A:  MOVFF  01,199
0766E:  MOVFF  00,198
.................... 	c=(int32)temp_k-(10*k); 
07672:  MOVLB  1
07674:  CLRF   xC3
07676:  CLRF   xC2
07678:  CLRF   xC1
0767A:  MOVLW  0A
0767C:  MOVWF  xC0
0767E:  MOVFF  19B,1C7
07682:  MOVFF  19A,1C6
07686:  MOVFF  199,1C5
0768A:  MOVFF  198,1C4
0768E:  MOVLB  0
07690:  RCALL  7580
07692:  MOVF   00,W
07694:  MOVLB  1
07696:  SUBWF  xB0,W
07698:  MOVWF  x9C
0769A:  MOVF   01,W
0769C:  SUBWFB xB1,W
0769E:  MOVWF  x9D
076A0:  MOVF   02,W
076A2:  SUBWFB xB2,W
076A4:  MOVWF  x9E
076A6:  MOVF   03,W
076A8:  SUBWFB xB3,W
076AA:  MOVWF  x9F
.................... 	 
.................... 	d=(int32)(tempo/1000); 
076AC:  MOVFF  18F,1C3
076B0:  MOVFF  18E,1C2
076B4:  MOVFF  18D,1C1
076B8:  MOVFF  18C,1C0
076BC:  CLRF   xC7
076BE:  CLRF   xC6
076C0:  MOVLW  03
076C2:  MOVWF  xC5
076C4:  MOVLW  E8
076C6:  MOVWF  xC4
076C8:  MOVLB  0
076CA:  RCALL  7500
076CC:  MOVFF  03,1A3
076D0:  MOVFF  02,1A2
076D4:  MOVFF  01,1A1
076D8:  MOVFF  00,1A0
.................... 	temp_u=tempo-(1000*d); 
076DC:  MOVLB  1
076DE:  CLRF   xC3
076E0:  CLRF   xC2
076E2:  MOVLW  03
076E4:  MOVWF  xC1
076E6:  MOVLW  E8
076E8:  MOVWF  xC0
076EA:  MOVFF  1A3,1C7
076EE:  MOVFF  1A2,1C6
076F2:  MOVFF  1A1,1C5
076F6:  MOVFF  1A0,1C4
076FA:  MOVLB  0
076FC:  RCALL  7580
076FE:  MOVF   00,W
07700:  MOVLB  1
07702:  SUBWF  x8C,W
07704:  MOVWF  xB4
07706:  MOVF   01,W
07708:  SUBWFB x8D,W
0770A:  MOVWF  xB5
0770C:  MOVF   02,W
0770E:  SUBWFB x8E,W
07710:  MOVWF  xB6
07712:  MOVF   03,W
07714:  SUBWFB x8F,W
07716:  MOVWF  xB7
.................... 	u=(int32)(temp_u/100); 
07718:  MOVFF  1B7,1C3
0771C:  MOVFF  1B6,1C2
07720:  MOVFF  1B5,1C1
07724:  MOVFF  1B4,1C0
07728:  CLRF   xC7
0772A:  CLRF   xC6
0772C:  CLRF   xC5
0772E:  MOVLW  64
07730:  MOVWF  xC4
07732:  MOVLB  0
07734:  RCALL  7500
07736:  MOVFF  03,1A7
0773A:  MOVFF  02,1A6
0773E:  MOVFF  01,1A5
07742:  MOVFF  00,1A4
.................... 	temp_ud=temp_u-(100*u); 
07746:  MOVLB  1
07748:  CLRF   xC3
0774A:  CLRF   xC2
0774C:  CLRF   xC1
0774E:  MOVLW  64
07750:  MOVWF  xC0
07752:  MOVFF  1A7,1C7
07756:  MOVFF  1A6,1C6
0775A:  MOVFF  1A5,1C5
0775E:  MOVFF  1A4,1C4
07762:  MOVLB  0
07764:  RCALL  7580
07766:  MOVF   00,W
07768:  MOVLB  1
0776A:  SUBWF  xB4,W
0776C:  MOVWF  xB8
0776E:  MOVF   01,W
07770:  SUBWFB xB5,W
07772:  MOVWF  xB9
07774:  MOVF   02,W
07776:  SUBWFB xB6,W
07778:  MOVWF  xBA
0777A:  MOVF   03,W
0777C:  SUBWFB xB7,W
0777E:  MOVWF  xBB
.................... 	ud=(int32)(temp_ud/10); 
07780:  MOVFF  1BB,1C3
07784:  MOVFF  1BA,1C2
07788:  MOVFF  1B9,1C1
0778C:  MOVFF  1B8,1C0
07790:  CLRF   xC7
07792:  CLRF   xC6
07794:  CLRF   xC5
07796:  MOVLW  0A
07798:  MOVWF  xC4
0779A:  MOVLB  0
0779C:  RCALL  7500
0779E:  MOVFF  03,1AB
077A2:  MOVFF  02,1AA
077A6:  MOVFF  01,1A9
077AA:  MOVFF  00,1A8
.................... 	temp_uc=temp_ud-(10*ud); 
077AE:  MOVLB  1
077B0:  CLRF   xC3
077B2:  CLRF   xC2
077B4:  CLRF   xC1
077B6:  MOVLW  0A
077B8:  MOVWF  xC0
077BA:  MOVFF  1AB,1C7
077BE:  MOVFF  1AA,1C6
077C2:  MOVFF  1A9,1C5
077C6:  MOVFF  1A8,1C4
077CA:  MOVLB  0
077CC:  RCALL  7580
077CE:  MOVF   00,W
077D0:  MOVLB  1
077D2:  SUBWF  xB8,W
077D4:  MOVWF  xBC
077D6:  MOVF   01,W
077D8:  SUBWFB xB9,W
077DA:  MOVWF  xBD
077DC:  MOVF   02,W
077DE:  SUBWFB xBA,W
077E0:  MOVWF  xBE
077E2:  MOVF   03,W
077E4:  SUBWFB xBB,W
077E6:  MOVWF  xBF
.................... 	uc=(int32)temp_uc; 
077E8:  MOVFF  1BF,1AF
077EC:  MOVFF  1BE,1AE
077F0:  MOVFF  1BD,1AD
077F4:  MOVFF  1BC,1AC
.................... 	 
....................  
.................... 	lcd_escreve_digito(dk); 
077F8:  MOVFF  194,1C0
077FC:  MOVLB  0
077FE:  CALL   343A
.................... 	lcd_escreve_digito(k); 
07802:  MOVFF  198,1C0
07806:  CALL   343A
.................... 	lcd_escreve(','); 
0780A:  MOVLW  2C
0780C:  MOVLB  1
0780E:  MOVWF  xC1
07810:  MOVLB  0
07812:  CALL   265E
.................... 	lcd_escreve_digito(c); 
07816:  MOVFF  19C,1C0
0781A:  CALL   343A
.................... 	lcd_escreve_digito(d); 
0781E:  MOVFF  1A0,1C0
07822:  CALL   343A
.................... 	lcd_escreve_digito(u); 
07826:  MOVFF  1A4,1C0
0782A:  CALL   343A
.................... 	lcd_escreve_digito(ud); 
0782E:  MOVFF  1A8,1C0
07832:  CALL   343A
.................... 	lcd_escreve_digito(uc); 
07836:  MOVFF  1AC,1C0
0783A:  CALL   343A
....................  
.................... } 
0783E:  RETLW  00
.................... void lcd_escreve_veloc(float veloc){ 
.................... 	 
.................... 	int c, d, u, dc, cc, m; 
.................... 	float temp_d, temp_u; 
.................... 	float temp_dc; 
.................... 	int32 temp_dcI, temp_cc, temp_m; 
.................... 	int32 aux; 
....................  
.................... 	if(veloc>999){ 
*
083DA:  MOVLB  1
083DC:  CLRF   xAD
083DE:  MOVLW  C0
083E0:  MOVWF  xAC
083E2:  MOVLW  79
083E4:  MOVWF  xAB
083E6:  MOVLW  88
083E8:  MOVWF  xAA
083EA:  MOVFF  187,1B1
083EE:  MOVFF  186,1B0
083F2:  MOVFF  185,1AF
083F6:  MOVFF  184,1AE
083FA:  MOVLB  0
083FC:  BRA    82E0
083FE:  BNC   8410
.................... 		veloc=999; 
08400:  MOVLB  1
08402:  CLRF   x87
08404:  MOVLW  C0
08406:  MOVWF  x86
08408:  MOVLW  79
0840A:  MOVWF  x85
0840C:  MOVLW  88
0840E:  MOVWF  x84
.................... 	} 
.................... 	aux=(int)(veloc/100); 
08410:  MOVFF  187,1AD
08414:  MOVFF  186,1AC
08418:  MOVFF  185,1AB
0841C:  MOVFF  184,1AA
08420:  MOVLB  1
08422:  CLRF   xB1
08424:  CLRF   xB0
08426:  MOVLW  48
08428:  MOVWF  xAF
0842A:  MOVLW  85
0842C:  MOVWF  xAE
0842E:  MOVLB  0
08430:  RCALL  7DDE
08432:  MOVFF  03,1AD
08436:  MOVFF  02,1AC
0843A:  MOVFF  01,1AB
0843E:  MOVFF  00,1AA
08442:  RCALL  835C
08444:  MOVLB  1
08446:  CLRF   xA9
08448:  CLRF   xA8
0844A:  CLRF   xA7
0844C:  MOVFF  01,1A6
.................... 	temp_d=(float)veloc-(100*aux); 
08450:  CLRF   xC3
08452:  CLRF   xC2
08454:  CLRF   xC1
08456:  MOVLW  64
08458:  MOVWF  xC0
0845A:  MOVFF  1A9,1C7
0845E:  MOVFF  1A8,1C6
08462:  MOVFF  1A7,1C5
08466:  MOVFF  1A6,1C4
0846A:  MOVLB  0
0846C:  CALL   7580
08470:  MOVFF  03,1AD
08474:  MOVFF  02,1AC
08478:  MOVFF  01,1AB
0847C:  MOVFF  00,1AA
08480:  RCALL  7DA6
08482:  BSF    FD8.1
08484:  MOVFF  187,1AD
08488:  MOVFF  186,1AC
0848C:  MOVFF  185,1AB
08490:  MOVFF  184,1AA
08494:  MOVFF  03,1B1
08498:  MOVFF  02,1B0
0849C:  MOVFF  01,1AF
084A0:  MOVFF  00,1AE
084A4:  RCALL  8032
084A6:  MOVFF  03,191
084AA:  MOVFF  02,190
084AE:  MOVFF  01,18F
084B2:  MOVFF  00,18E
.................... 	c=(int)(aux); 
084B6:  MOVFF  1A6,188
....................  
.................... 	aux=(int)(temp_d/10); 
084BA:  MOVFF  191,1AD
084BE:  MOVFF  190,1AC
084C2:  MOVFF  18F,1AB
084C6:  MOVFF  18E,1AA
084CA:  MOVLB  1
084CC:  CLRF   xB1
084CE:  CLRF   xB0
084D0:  MOVLW  20
084D2:  MOVWF  xAF
084D4:  MOVLW  82
084D6:  MOVWF  xAE
084D8:  MOVLB  0
084DA:  RCALL  7DDE
084DC:  MOVFF  03,1AD
084E0:  MOVFF  02,1AC
084E4:  MOVFF  01,1AB
084E8:  MOVFF  00,1AA
084EC:  RCALL  835C
084EE:  MOVLB  1
084F0:  CLRF   xA9
084F2:  CLRF   xA8
084F4:  CLRF   xA7
084F6:  MOVFF  01,1A6
.................... 	temp_u=(float)temp_d-(10*aux); 
084FA:  CLRF   xC3
084FC:  CLRF   xC2
084FE:  CLRF   xC1
08500:  MOVLW  0A
08502:  MOVWF  xC0
08504:  MOVFF  1A9,1C7
08508:  MOVFF  1A8,1C6
0850C:  MOVFF  1A7,1C5
08510:  MOVFF  1A6,1C4
08514:  MOVLB  0
08516:  CALL   7580
0851A:  MOVFF  03,1AD
0851E:  MOVFF  02,1AC
08522:  MOVFF  01,1AB
08526:  MOVFF  00,1AA
0852A:  RCALL  7DA6
0852C:  BSF    FD8.1
0852E:  MOVFF  191,1AD
08532:  MOVFF  190,1AC
08536:  MOVFF  18F,1AB
0853A:  MOVFF  18E,1AA
0853E:  MOVFF  03,1B1
08542:  MOVFF  02,1B0
08546:  MOVFF  01,1AF
0854A:  MOVFF  00,1AE
0854E:  RCALL  8032
08550:  MOVFF  03,195
08554:  MOVFF  02,194
08558:  MOVFF  01,193
0855C:  MOVFF  00,192
.................... 	d=(int)(aux); 
08560:  MOVFF  1A6,189
.................... 	u=(int)(temp_u); 
08564:  MOVFF  195,1AD
08568:  MOVFF  194,1AC
0856C:  MOVFF  193,1AB
08570:  MOVFF  192,1AA
08574:  RCALL  835C
08576:  MOVFF  01,18A
....................  
.................... 	temp_dc=(float)veloc-(int32)(veloc); 
0857A:  MOVFF  187,1AD
0857E:  MOVFF  186,1AC
08582:  MOVFF  185,1AB
08586:  MOVFF  184,1AA
0858A:  RCALL  8398
0858C:  MOVFF  03,1AD
08590:  MOVFF  02,1AC
08594:  MOVFF  01,1AB
08598:  MOVFF  00,1AA
0859C:  RCALL  7DA6
0859E:  BSF    FD8.1
085A0:  MOVFF  187,1AD
085A4:  MOVFF  186,1AC
085A8:  MOVFF  185,1AB
085AC:  MOVFF  184,1AA
085B0:  MOVFF  03,1B1
085B4:  MOVFF  02,1B0
085B8:  MOVFF  01,1AF
085BC:  MOVFF  00,1AE
085C0:  RCALL  8032
085C2:  MOVFF  03,199
085C6:  MOVFF  02,198
085CA:  MOVFF  01,197
085CE:  MOVFF  00,196
.................... 	temp_dcI=(int32)(temp_dc*1000); 
085D2:  MOVFF  199,1AD
085D6:  MOVFF  198,1AC
085DA:  MOVFF  197,1AB
085DE:  MOVFF  196,1AA
085E2:  MOVLB  1
085E4:  CLRF   xB1
085E6:  CLRF   xB0
085E8:  MOVLW  7A
085EA:  MOVWF  xAF
085EC:  MOVLW  88
085EE:  MOVWF  xAE
085F0:  MOVLB  0
085F2:  RCALL  7F3C
085F4:  MOVFF  03,1AD
085F8:  MOVFF  02,1AC
085FC:  MOVFF  01,1AB
08600:  MOVFF  00,1AA
08604:  RCALL  8398
08606:  MOVFF  03,19D
0860A:  MOVFF  02,19C
0860E:  MOVFF  01,19B
08612:  MOVFF  00,19A
.................... 	aux=(int)(temp_dcI/100); 
08616:  MOVFF  19D,1C3
0861A:  MOVFF  19C,1C2
0861E:  MOVFF  19B,1C1
08622:  MOVFF  19A,1C0
08626:  MOVLB  1
08628:  CLRF   xC7
0862A:  CLRF   xC6
0862C:  CLRF   xC5
0862E:  MOVLW  64
08630:  MOVWF  xC4
08632:  MOVLB  0
08634:  CALL   7500
08638:  MOVLB  1
0863A:  CLRF   xA9
0863C:  CLRF   xA8
0863E:  CLRF   xA7
08640:  MOVFF  00,1A6
.................... 	temp_cc=(int32)temp_dcI-(aux*100); 
08644:  MOVFF  1A9,1C3
08648:  MOVFF  1A8,1C2
0864C:  MOVFF  1A7,1C1
08650:  MOVFF  1A6,1C0
08654:  CLRF   xC7
08656:  CLRF   xC6
08658:  CLRF   xC5
0865A:  MOVLW  64
0865C:  MOVWF  xC4
0865E:  MOVLB  0
08660:  CALL   7580
08664:  MOVF   00,W
08666:  MOVLB  1
08668:  SUBWF  x9A,W
0866A:  MOVWF  x9E
0866C:  MOVF   01,W
0866E:  SUBWFB x9B,W
08670:  MOVWF  x9F
08672:  MOVF   02,W
08674:  SUBWFB x9C,W
08676:  MOVWF  xA0
08678:  MOVF   03,W
0867A:  SUBWFB x9D,W
0867C:  MOVWF  xA1
.................... 	dc=(int)(aux); 
0867E:  MOVFF  1A6,18B
....................  
.................... 	aux=(int)(temp_cc/10); 
08682:  MOVFF  1A1,1C3
08686:  MOVFF  1A0,1C2
0868A:  MOVFF  19F,1C1
0868E:  MOVFF  19E,1C0
08692:  CLRF   xC7
08694:  CLRF   xC6
08696:  CLRF   xC5
08698:  MOVLW  0A
0869A:  MOVWF  xC4
0869C:  MOVLB  0
0869E:  CALL   7500
086A2:  MOVLB  1
086A4:  CLRF   xA9
086A6:  CLRF   xA8
086A8:  CLRF   xA7
086AA:  MOVFF  00,1A6
.................... 	temp_m=(int32)temp_cc-(aux*10); 
086AE:  MOVFF  1A9,1C3
086B2:  MOVFF  1A8,1C2
086B6:  MOVFF  1A7,1C1
086BA:  MOVFF  1A6,1C0
086BE:  CLRF   xC7
086C0:  CLRF   xC6
086C2:  CLRF   xC5
086C4:  MOVLW  0A
086C6:  MOVWF  xC4
086C8:  MOVLB  0
086CA:  CALL   7580
086CE:  MOVF   00,W
086D0:  MOVLB  1
086D2:  SUBWF  x9E,W
086D4:  MOVWF  xA2
086D6:  MOVF   01,W
086D8:  SUBWFB x9F,W
086DA:  MOVWF  xA3
086DC:  MOVF   02,W
086DE:  SUBWFB xA0,W
086E0:  MOVWF  xA4
086E2:  MOVF   03,W
086E4:  SUBWFB xA1,W
086E6:  MOVWF  xA5
.................... 	cc=(int)aux; 
086E8:  MOVFF  1A6,18C
.................... 	m=(int)temp_m; 
086EC:  MOVFF  1A2,18D
.................... 	 
....................  
.................... 	lcd_escreve_digito(c); 
086F0:  MOVFF  188,1C0
086F4:  MOVLB  0
086F6:  CALL   343A
.................... 	lcd_escreve_digito(d); 
086FA:  MOVFF  189,1C0
086FE:  CALL   343A
.................... 	lcd_escreve_digito(u); 
08702:  MOVFF  18A,1C0
08706:  CALL   343A
.................... 	lcd_escreve(','); 
0870A:  MOVLW  2C
0870C:  MOVLB  1
0870E:  MOVWF  xC1
08710:  MOVLB  0
08712:  CALL   265E
.................... 	lcd_escreve_digito(dc); 
08716:  MOVFF  18B,1C0
0871A:  CALL   343A
.................... 	lcd_escreve_digito(cc); 
0871E:  MOVFF  18C,1C0
08722:  CALL   343A
.................... 	lcd_escreve_digito(m); 
08726:  MOVFF  18D,1C0
0872A:  CALL   343A
....................  
....................  
.................... } 
0872E:  RETLW  00
.................... int lcd_desloca_H(int posCursor, int _setaH){ 
....................  
.................... 	int tempSeta; 
....................  
.................... 	tempSeta=_setaH+posCursor; 
*
039EC:  MOVLB  1
039EE:  MOVF   x82,W
039F0:  ADDWF  x83,W
039F2:  MOVWF  x84
.................... 	if(tempSeta>8){ 
039F4:  MOVF   x84,W
039F6:  SUBLW  08
039F8:  BC    3A00
.................... 		posCursor=5; 
039FA:  MOVLW  05
039FC:  MOVWF  x82
.................... 	}else if (tempSeta<5){ 
039FE:  BRA    3A10
03A00:  MOVF   x84,W
03A02:  SUBLW  04
03A04:  BNC   3A0C
.................... 		posCursor=8; 
03A06:  MOVLW  08
03A08:  MOVWF  x82
.................... 	}else{ 
03A0A:  BRA    3A10
.................... 		posCursor=tempSeta; 
03A0C:  MOVFF  184,182
.................... 	} 
.................... 	lcd_posicaoxy(posCursor,2); 
03A10:  MOVFF  182,192
03A14:  MOVLW  02
03A16:  MOVWF  x93
03A18:  MOVLB  0
03A1A:  CALL   262A
....................  
.................... 	return(posCursor); 
03A1E:  MOVLB  1
03A20:  MOVFF  182,01
....................  
.................... } 
03A24:  MOVLB  0
03A26:  RETLW  00
.................... int lcd_desloca_H2(int posCursor, int _setaH){ 
....................  
.................... 	int tempSeta; 
....................  
.................... 	tempSeta=_setaH+posCursor; 
*
048C0:  MOVLB  1
048C2:  MOVF   x82,W
048C4:  ADDWF  x83,W
048C6:  MOVWF  x84
.................... 	if(tempSeta>8){ 
048C8:  MOVF   x84,W
048CA:  SUBLW  08
048CC:  BC    48D4
.................... 		posCursor=7; 
048CE:  MOVLW  07
048D0:  MOVWF  x82
.................... 	}else if (tempSeta<7){ 
048D2:  BRA    48E4
048D4:  MOVF   x84,W
048D6:  SUBLW  06
048D8:  BNC   48E0
.................... 		posCursor=8; 
048DA:  MOVLW  08
048DC:  MOVWF  x82
.................... 	}else{ 
048DE:  BRA    48E4
.................... 		posCursor=tempSeta; 
048E0:  MOVFF  184,182
.................... 	} 
.................... 	lcd_posicaoxy(posCursor,2); 
048E4:  MOVFF  182,192
048E8:  MOVLW  02
048EA:  MOVWF  x93
048EC:  MOVLB  0
048EE:  CALL   262A
....................  
.................... 	return(posCursor); 
048F2:  MOVLB  1
048F4:  MOVFF  182,01
....................  
.................... } 
048F8:  MOVLB  0
048FA:  GOTO   5DF2 (RETURN)
....................  
.................... //########################################################################### 
.................... //########################################################################### 
.................... // 
.................... int lcd_desloca_H_massa(int posCursor, int _setaH) 
.................... { 
....................  
.................... 	int tempSeta; 
....................  
.................... 	tempSeta = _setaH + posCursor; 
*
05364:  MOVLB  1
05366:  MOVF   x82,W
05368:  ADDWF  x83,W
0536A:  MOVWF  x84
....................  
.................... 	if(tempSeta == 5) 
0536C:  MOVF   x84,W
0536E:  SUBLW  05
05370:  BNZ   5382
.................... 	{ 
.................... 		if(posCursor == 4) 
05372:  MOVF   x82,W
05374:  SUBLW  04
05376:  BNZ   537E
.................... 		{ 
.................... 			tempSeta = 6;//Pula para posicao 6 para nao ficar na virgula 
05378:  MOVLW  06
0537A:  MOVWF  x84
.................... 						//Sentido esquerda-direita 
.................... 		} 
.................... 		else 
0537C:  BRA    5382
.................... 		{ 
.................... 			tempSeta = 4;//Pula virgula 
0537E:  MOVLW  04
05380:  MOVWF  x84
.................... 						//Sentido direta-esquerda 
.................... 		} 
.................... 	} 
....................  
.................... 	if(tempSeta > 8) 
05382:  MOVF   x84,W
05384:  SUBLW  08
05386:  BC    538E
.................... 	{ 
.................... 		posCursor = 4; 
05388:  MOVLW  04
0538A:  MOVWF  x82
....................  
.................... 	}else if (tempSeta < 4) 
0538C:  BRA    539E
0538E:  MOVF   x84,W
05390:  SUBLW  03
05392:  BNC   539A
.................... 	{ 
.................... 		posCursor = 8; 
05394:  MOVLW  08
05396:  MOVWF  x82
....................  
.................... 	}else 
05398:  BRA    539E
.................... 	{ 
.................... 		posCursor = tempSeta; 
0539A:  MOVFF  184,182
.................... 	} 
....................  
.................... 	//lcd_posicaoxy(1,2); 
.................... 	//lcd_escreve_digito(posCursor);		//altera o digito 
....................  
.................... 	lcd_posicaoxy(posCursor, 2); 
0539E:  MOVFF  182,192
053A2:  MOVLW  02
053A4:  MOVWF  x93
053A6:  MOVLB  0
053A8:  CALL   262A
....................  
.................... 	return(posCursor); 
053AC:  MOVLB  1
053AE:  MOVFF  182,01
....................  
.................... } 
053B2:  MOVLB  0
053B4:  GOTO   62C0 (RETURN)
.................... //########################################################################### 
.................... //########################################################################### 
.................... void lcd_atualiza_Dist(unsigned int _setaV, int posCursor) 
.................... { 
....................  
.................... 	signed int tempSeta; 
.................... 	char digito; 
.................... 	 
.................... 	digito = lcd_getdigito(posCursor, 2); 
*
038A6:  MOVFF  183,18C
038AA:  MOVLW  02
038AC:  MOVLB  1
038AE:  MOVWF  x8D
038B0:  MOVLB  0
038B2:  RCALL  37F0
038B4:  MOVFF  01,185
.................... 	lcd_posicaoxy(posCursor, 2); 
038B8:  MOVFF  183,192
038BC:  MOVLW  02
038BE:  MOVLB  1
038C0:  MOVWF  x93
038C2:  MOVLB  0
038C4:  CALL   262A
....................  
.................... 	tempSeta = digito + _setaV; 
038C8:  MOVLB  1
038CA:  MOVF   x82,W
038CC:  ADDWF  x85,W
038CE:  MOVWF  x84
....................  
.................... 	if(tempSeta > 9) 
038D0:  BTFSC  x84.7
038D2:  BRA    38DE
038D4:  MOVF   x84,W
038D6:  SUBLW  09
038D8:  BC    38DE
.................... 	{ 
.................... 		digito = 0; 
038DA:  CLRF   x85
....................  
.................... 	}else if (tempSeta < 0) 
038DC:  BRA    38EE
038DE:  BTFSC  x84.7
038E0:  BRA    38E4
038E2:  BRA    38EA
.................... 	{ 
.................... 		digito = 9; 
038E4:  MOVLW  09
038E6:  MOVWF  x85
....................  
.................... 	}else 
038E8:  BRA    38EE
.................... 	{ 
.................... 		digito = tempSeta; 
038EA:  MOVFF  184,185
.................... 	} 
.................... 	 
.................... 	lcd_escreve_digito(digito);		//altera o digito 
038EE:  MOVFF  185,1C0
038F2:  MOVLB  0
038F4:  RCALL  343A
.................... 	lcd_posicaoxy(posCursor,2); 
038F6:  MOVFF  183,192
038FA:  MOVLW  02
038FC:  MOVLB  1
038FE:  MOVWF  x93
03900:  MOVLB  0
03902:  CALL   262A
....................  
.................... 	 
.................... } 
03906:  RETLW  00
.................... //########################################################################### 
.................... //########################################################################### 
.................... void lcd_atualiza_Massa(unsigned int _setaV, int posCursor) 
.................... { 
....................  
.................... 	signed int tempSeta; 
.................... 	char digito; 
.................... 		 
.................... 	digito = lcd_getdigito(posCursor, 2); 
....................  
.................... 	lcd_posicaoxy(posCursor, 2);					 
....................  
.................... 	tempSeta = digito + _setaV; 
....................  
.................... 	if(tempSeta > 9) 
.................... 	{ 
.................... 		digito = 0; 
....................  
.................... 	}else if (tempSeta < 0) 
.................... 	{ 
.................... 		digito = 9; 
.................... 	}else 
.................... 	{ 
.................... 		digito = tempSeta; 
.................... 	} 
.................... 	 
.................... 	lcd_escreve_digito(digito);		//altera o digito			 
.................... 	lcd_posicaoxy(posCursor, 2);					 
.................... } 
....................  
.................... //########################################################################### 
.................... //########################################################################### 
.................... void lcd_cursorBlack(int _posCursor) 
.................... { 
....................  
.................... 	lcd_posicaoxy(_posCursor,2); 
*
033A0:  MOVFF  182,192
033A4:  MOVLW  02
033A6:  MOVLB  1
033A8:  MOVWF  x93
033AA:  MOVLB  0
033AC:  CALL   262A
.................... 	lcd_send_byte(1,0xFF); 
033B0:  MOVLW  01
033B2:  MOVLB  1
033B4:  MOVWF  xC2
033B6:  MOVLW  FF
033B8:  MOVWF  xC3
033BA:  MOVLB  0
033BC:  CALL   256E
.................... 	lcd_posicaoxy(_posCursor,2); 
033C0:  MOVFF  182,192
033C4:  MOVLW  02
033C6:  MOVLB  1
033C8:  MOVWF  x93
033CA:  MOVLB  0
033CC:  CALL   262A
.................... } 
033D0:  RETLW  00
....................  
.................... //########################################################################### 
.................... //########################################################################### 
....................  
.................... #include "msg.h" 
.................... int centmili; 
.................... int decmili; 
.................... int mili; 
.................... int centi; 
.................... int deci; 
.................... int sec; 
.................... int decisec; 
....................  
....................  
.................... int IDIOMA;							// define o idioma 1-Port   2-Eng   3-Spa 
....................  
....................  
.................... // Mensagens Gerais 
....................  CONST CHAR MSG1[17]   = {" *** CIDEPE *** "}; 
....................  CONST CHAR MSG2[17]   = {" EQ228E  v1.1   "}; 
....................  
.................... // tela L 
....................  CONST CHAR MSGL_0[17] = {" IDIOMA/LANGUAGE"}; 
....................  CONST CHAR MSGL_1[17] = {"Port  Eng   Esp "}; 
....................  
....................  
....................  
.................... 						    
....................  CONST CHAR MSG3[17]   = {"** CRONOMETRO **"}; 
....................  CONST CHAR MSG4[17]   = {" MULTIFUNCIONAL "}; 
....................  
.................... // tela 0 
....................  CONST CHAR MSG0_1[17] = {"ESCOLHA A FUNCAO"}; 
....................  CONST CHAR MSG0_2[17] = {"funcao     ajuda"}; 
.................... 						     //1         //240	 
....................  
.................... // tela 1 
....................  //CONST CHAR MSG1_1[17] = {"F1  2 ou 5 sens "};Sai conforme alteracao 07/10/2013 
.................... CONST CHAR MSG1_1[17] = {"F1  2 a  5 sens "};	//Incluido conforme alteracao 07/10/2013 
.................... CONST CHAR MSG1_2[15] = {"      ok      "}; 
....................  //CONST CHAR MSG1_2a = (char)0x7F; - o caracter da seta nao 
.................... //aparece no modelo de display fdcc 
.................... CONST CHAR MSG1_2a = (char)0x3c; 
....................  //CONST CHAR MSG1_2b = (char)0x7E; 
.................... //CONST CHAR MSG1_2a = (char)0x7F; - o caracter da seta nao 
.................... //aparece no modelo de display fdcc 
.................... CONST CHAR MSG1_2b = (char)0x3e; 
.................... //CONST CHAR MSG2_2[17] = {" <-     ok      ->"}; 
.................... 							//8 	1010  	2 
.................... // tela 2 
....................  CONST CHAR MSG2_1[17] = {"F2  Vm  1 sensor"}; 
.................... //CONST CHAR MSG2_2[17] = {" <-   ok      ->"}; 
.................... 							//1		21  	3 
.................... // tela 3 
....................  CONST CHAR MSG3_1[17] = {"F3  10pass 1sens"}; 
.................... //CONST CHAR MSG2_2[17] = {" <-   ok      ->"}; 
.................... 							//2	   200     4 
.................... // tela 4 
....................  CONST CHAR MSG4_1[17] = {"F4 Pend/MHS 1sen"}; 
.................... //CONST CHAR MSG2_2[17] = {" <-   ok      ->"}; 
.................... 							//3		41  	5 
.................... // tela 5 
....................  CONST CHAR MSG5_1[17] = {"F5  Bob e 1 sens"}; 
.................... //CONST CHAR MSG2_2[17] = {" <-   ok      ->"}; 
.................... 							//4		51  	6 
.................... // tela 6 
....................  CONST CHAR MSG6_1[17] = {"F6 MCircular1sen"}; 
.................... //CONST CHAR MSG2_2[17] = {" <-   ok      ->"}; 
.................... 							//5		61  	7 
.................... // tela 7 
....................  CONST CHAR MSG7_1[17] = {"F7 Choq-Inl 2sen"}; 
.................... //CONST CHAR MSG2_2[17] = {" <-   ok      ->"}; 
.................... 						   //6		71  	8 
.................... // tela 8 
....................  CONST CHAR MSG8_1[17] = {"F8 Choq-Els 2sen"}; 
.................... //CONST CHAR MSG2_2[17] = {" <-   ok      ->"}; 
.................... 							//7		81  	9 
.................... // tela 9 
....................  CONST CHAR MSG9_1[17] = {"F9 V Som 2sensAc"}; 
.................... //CONST CHAR MSG2_2[17] = {" <-   ok      ->"}; 
.................... 							//8		91  	10 
.................... // tela 10 
....................  CONST CHAR MSG10_1[17] = {"F10  t  manual  "}; 
.................... //CONST CHAR MSG2_2[17] = {" <-   ok      ->"}; 
.................... 							//9		99 	1 
.................... // tela 11 
....................  CONST CHAR MSG11_1[17] = {"INSERIR DIST.?  "}; 
....................  CONST CHAR MSG11_2[17] = {" nao        sim "}; 
.................... 							//100		//12 
....................  
.................... // tela 12 
....................  CONST CHAR MSG12_1[17] = {"d entre S0 e S1 "}; 
.................... // CONST CHAR MSG12_2 = (char)0x7F;   
.................... CONST CHAR MSG12_2 = (char)0x3c; 
.................... CONST CHAR MSG12_2a[9] =  {"mm    ok"}; 
.................... 						 //11 			//13 
.................... CONST CHAR MSG12_2b[9] =  {" kg   ok"}; //Mensagem padrao unidade de massa 
....................  
.................... // tela 13 
....................  CONST CHAR MSG13_1[17] = {"d entre S0 e S2 "}; 
.................... 						 //12 			//14						 
.................... // tela 14 
....................  CONST CHAR MSG14_1[17] = {"d entre S0 e S3 "}; 
.................... 						 //13 			//15 
.................... // tela 15 
....................  CONST CHAR MSG15_1[17] = {"d entre S0 e S4 "}; 
.................... 						 //14 			//100 
....................  
.................... // tela 17 
.................... CONST CHAR MSG17_1[17]= {"No. de sensores?"}; 
.................... CONST CHAR MSG17_2[17]= {" 2            5 "}; 
.................... 						 //18	  	 	 19 
.................... // tela 21 
....................  CONST CHAR MSG21_1[17] = {"INSERIR LARGURA?"}; 
.................... //CONST CHAR MSG11_2[17] = {" nao        sim "}; 
.................... 							//100		//22 
.................... // tela 22 
....................  CONST CHAR MSG22_1[17] = {"LARGURA DO OBJ. "}; 
.................... //CONST CHAR MSG12_2 = (char)0x7F;   
.................... //CONST CHAR MSG12_2a[17] =   {"       mm    ok"}; 
.................... 							 //21 			//100 
....................  
.................... // tela 52 
.................... CONST CHAR MSG52_1[17] = {"d entre S0 e S1"}; 
.................... //22/06/2012:Troca de "BOB" por "S0" 
.................... //Cl034 que aciona a bobina he conectado a S0 
....................  
.................... // tela 92 
.................... CONST CHAR MSG92_1[17] = {"d entre mic.    "}; 
....................  
.................... // tela 99 
.................... CONST CHAR MSG99_1[17]= {"Intervalos: 1a10"}; 
.................... CONST CHAR MSG99_2[17]= {"     ok "}; 
.................... 							  //100 
....................  
.................... // tela 100 
.................... CONST CHAR MSG100_1[17]= {"INICIE EXPERIM. "}; 
.................... CONST CHAR MSG100_2[17]= {"         cancela"}; 
.................... 									   //0 
....................  
....................  
.................... // tela 102 a 105 
.................... CONST CHAR MSG102_1[3]= {"t="}; 
.................... //CONST CHAR MSG100_2[17]= {"         cancela"}; 
....................  
.................... // tela 106 
.................... CONST CHAR MSG106_1[17]= {"EXP. FINALIZADO "}; 
.................... CONST CHAR MSG106_2[17]= {"ver  repetir  F?"}; 
.................... 						 //110	  100	  1 
....................  
.................... // tela 110 
.................... CONST CHAR MSG110_1[17]= {"  RESULTADO(S)  "}; 
.................... CONST CHAR MSG110_2[17]= {" t    vel   sair"}; 
.................... 						 //150	  170	 106 
....................  
.................... CONST CHAR MSG111_2[17]= {" t          sair"}; 
.................... 						//150	     	 106 
.................... // tela 150 
....................  CONST CHAR MSG150_1[6] = {"t0,1:"};	//tempos[0] tempos2[0] 
.................... // tela 151 
....................  CONST CHAR MSG151_1[6] = {"t0,2:"};	//tempos[1] tempos2[1] 
.................... // tela 152 
....................  CONST CHAR MSG152_1[6] = {"t0,3:"};	//tempos[2] tempos2[2] 
.................... // tela 153 
....................  CONST CHAR MSG153_1[6] = {"t0,4:"};	//tempos[3] tempos2[3] 
.................... // tela 154 
....................  CONST CHAR MSG154_1[6] = {"t1,2:"};	//tempos[4] tempos2[4] 
.................... // tela 155 
....................  CONST CHAR MSG155_1[6] = {"t2,3:"};	//tempos[5] tempos2[5] 
.................... // tela 156 
....................  CONST CHAR MSG156_1[6] = {"t3,4:"};	//tempos[6] tempos2[6] 
.................... // tela 170 
....................  CONST CHAR MSG170_1[7] = {"Vm0,1:"}; 
.................... // tela 171 
....................  CONST CHAR MSG171_1[7] = {"Vm0,2:"}; 
.................... // tela 172 
....................  CONST CHAR MSG172_1[7] = {"Vm0,3:"}; 
.................... // tela 173 
....................  CONST CHAR MSG173_1[7] = {"Vm0,4:"}; 
.................... // tela 174 
....................  CONST CHAR MSG174_1[7] = {"Vm1,2:"}; 
.................... // tela 175 
....................  CONST CHAR MSG175_1[7] = {"Vm2,3:"}; 
.................... // tela 176 
....................  CONST CHAR MSG176_1[7] = {"Vm3,4:"}; 
....................  
....................    
....................  
.................... //CONST CHAR MSG1_2[17] = {" <-     ok    ->"}; 
.................... 							//155 	106  	1 
....................  
.................... // tela 203 
.................... //CONST CHAR MSG106_1[17]= {"EXP. FINALIZADO "}; 
.................... //CONST CHAR MSG106_2[17]= {"ver   novo    F?"}; 
.................... 						 //150	  107	  1 
....................  
....................  
.................... //tela 240 
.................... CONST CHAR MSG240_1[17] = {"escolha a funcao"}; 
.................... CONST CHAR MSG240_2[17]= {"e pressione ok.."}; 
.................... CONST CHAR MSG240_3[17]= {"existem 12 tipos"}; 
.................... CONST CHAR MSG240_4[17]= {"  de funcoes.   "}; 
....................  
....................  
.................... // tela 250 
....................  CONST CHAR MSG250_1[3] = {"t="}; 
....................  
.................... // tela 251 
....................  CONST CHAR MSG251_1[4] = {"Vm="}; 
....................  
....................  
.................... // tela 350   
.................... // CONST CHAR MSG350_1[4] = {"t0,"}; 
....................  
.................... // tela 410 
.................... //CONST CHAR MSG110_1[17]= {"   resultados   "}; 
.................... CONST CHAR MSG410_2[17]= {" t   freq   sair"}; 
.................... 						 //450	  470	 106 
....................  
....................  
.................... // tela 550 
.................... // CONST CHAR MSG550_1[17] = {"t="}; 
.................... // tela 551 
.................... // CONST CHAR MSG251_1[17] = {"Vm="}; 
.................... // CONST CHAR MSG251_2[17] = {"m/s "}; 
.................... // tela 552 
....................  CONST CHAR MSG552_1[4] = {"a ="}; 
.................... // tela 553 
....................  CONST CHAR MSG553_1[4] = {"Vf="}; 
....................  
.................... // tela 710 
.................... //CONST CHAR MSG110_1[17]= {"   resultados   "}; 
.................... CONST CHAR MSG710_2[17]= {"t:S0  t:S1  sair"}; 
.................... 						 //750	  770	 106 
....................  
.................... // tela 900 
.................... CONST CHAR MSG900_1[17] = {"F11 teste sensor"}; 
.................... //CONST CHAR MSG2_2[17] = {" <-   ok      ->"}; 
.................... 							//10  900     1 
....................  
.................... // tela 902 
.................... //CONST CHAR MSG902_1[17] = {"S:0  1  2  3  4 "}; 
.................... CONST CHAR MSG902_2[17] = {"            sair"}; 
.................... 										//0 
....................  
....................  
.................... CONST CHAR MSGDEBUG_1[17] = {"detectou a int0 "}; 
.................... CONST CHAR MSGDEBUG_2[17] = {"                "}; 
....................  
.................... // tela 1012 
....................  CONST CHAR MSG1012_1[17] = {"F12  Ec Transl. "}; 
.................... //CONST CHAR MSG2_2[17] = {" <-   ok      ->"}; 
.................... 							//900 1021  	1 
....................  
.................... // tela 1021 
....................  CONST CHAR MSG1021_1[17] = {"COMPRIM. DO OBJ."}; 
.................... //CONST CHAR MSG12_2 = (char)0x7F;   
.................... //CONST CHAR MSG12_2a[17] =   {"       mm    ok"}; 
.................... 							 //1012 			//1022 
....................  
.................... // tela 1022 
....................  CONST CHAR MSG1022_1[17] = {" MASSA DO OBJ.  "}; 
.................... //CONST CHAR MSG12_2 = (char)0x7F;   
.................... //CONST CHAR MSG12_2a[17] =   {"       kg   ok"}; 
.................... 							 //1021 			//100 
....................  
.................... // tela 1253 
....................  CONST CHAR MSG1253_1[4] = {"Ec="}; 
....................  
.................... ////////////////////////////////////////////////////////// 
.................... ///   INGLES 
.................... ///////////////////////////////////////////////////////// 
.................... // Mensagens Gerais 
....................  CONST CHAR IMSG1[17]   = {" *** CIDEPE *** "}; 
....................  CONST CHAR IMSG2[17]   = {" EQ228E  v1.1   "}; 
....................  CONST CHAR IMSG3[17]   = {"MULTIFUNCTIONAL "}; 
....................  CONST CHAR IMSG4[17]   = {"    TIMER       "}; 
....................  
.................... // tela 0 
....................  CONST CHAR IMSG0_1[17] = {" SELECT FUNCTION"}; 
....................  CONST CHAR IMSG0_2[17] = {"Function    help"}; 
.................... 						     //1         //240	 
....................  
.................... // tela 1 
....................  
....................  //CONST CHAR IMSG1_1[17] = {"F1   2 or 5 sens"};Sai conforme alteracao 07/10/2013 
.................... CONST CHAR IMSG1_1[17] = {"F1   2 to 5 sens"};//Incluido conforme alteracao 07/10/2013 
....................  CONST CHAR IMSG1_2[15] = {"      ok      "}; 
....................  
.................... // CONST CHAR IMSG1_2a = (char)0x7F; 
....................  //CONST CHAR IMSG1_2b = (char)0x7E; 
....................  
....................  //CONST CHAR MSG1_2a = (char)0x7F; - o caracter da seta nao 
.................... //aparece no modelo de display fdcc 
.................... CONST CHAR IMSG1_2a = (char)0x3c; 
....................  //CONST CHAR MSG1_2b = (char)0x7E; 
.................... //CONST CHAR MSG1_2a = (char)0x7F; - o caracter da seta nao 
.................... //aparece no modelo de display fdcc 
.................... CONST CHAR IMSG1_2b = (char)0x3e; 
....................  
....................  
.................... //CONST CHAR MSG2_2[17] = {" <-     ok      ->"}; 
.................... 							//8 	1010  	2 
.................... // tela 2 
....................  CONST CHAR IMSG2_1[17] = {"F2  Vm  1 sensor"}; 
.................... //CONST CHAR MSG2_2[17] = {" <-   ok      ->"}; 
.................... 							//1		21  	3 
.................... // tela 3 
....................  CONST CHAR IMSG3_1[17] = {"F3  10pass 1sens"}; 
.................... //CONST CHAR MSG2_2[17] = {" <-   ok      ->"}; 
.................... 							//2	   200     4 
.................... // tela 4 
....................  CONST CHAR IMSG4_1[17] = {"F4 Pend/SHM 1sen"}; 
.................... //CONST CHAR MSG2_2[17] = {" <-   ok      ->"}; 
.................... 							//3		41  	5 
.................... // tela 5 
....................  CONST CHAR IMSG5_1[17] = {"F5   Coil 1 sens"}; 
.................... //CONST CHAR MSG2_2[17] = {" <-   ok      ->"}; 
.................... 							//4		51  	6 
.................... // tela 6 
....................  CONST CHAR IMSG6_1[17] = {"F6 C.Motion 1sen"}; 
.................... //CONST CHAR MSG2_2[17] = {" <-   ok      ->"}; 
.................... 							//5		61  	7 
.................... // tela 7 
....................  CONST CHAR IMSG7_1[17] = {"F7 Ine-collision"}; 
.................... //CONST CHAR MSG2_2[17] = {" <-   ok      ->"}; 
.................... 						   //6		71  	8 
.................... // tela 8 
....................  CONST CHAR IMSG8_1[17] = {"F8 Els-collision"}; 
.................... //CONST CHAR MSG2_2[17] = {" <-   ok      ->"}; 
.................... 							//7		81  	9 
.................... // tela 9 
....................  CONST CHAR IMSG9_1[17] = {"F9 SV 2AcousSens"}; 
.................... //CONST CHAR MSG2_2[17] = {" <-   ok      ->"}; 
.................... 							//8		91  	10 
.................... // tela 10 
....................  CONST CHAR IMSG10_1[17] = {"F10  t  manual  "}; 
.................... //CONST CHAR MSG2_2[17] = {" <-   ok      ->"}; 
.................... 							//9		99 	1 
.................... // tela 11 
....................  CONST CHAR IMSG11_1[17] = {"INSERT DISTANCE?"}; 
....................  CONST CHAR IMSG11_2[17] = {" no         yes "}; 
.................... 							//100		//12 
....................  
.................... // tela 12 
....................  CONST CHAR IMSG12_1[17] = {"d  between S0-S1"}; 
.................... // CONST CHAR IMSG12_2 = (char)0x7F;   
.................... CONST CHAR IMSG12_2 = (char)0x3c; 
.................... CONST CHAR IMSG12_2a[9] =  {"mm    ok"}; 
.................... 						 //11 			//13 
....................  
.................... // tela 13 
....................  CONST CHAR IMSG13_1[17] = {"d  between S0-S2"}; 
.................... 						 //12 			//14						 
.................... // tela 14 
....................  CONST CHAR IMSG14_1[17] = {"d  between S0-S3"}; 
.................... 						 //13 			//15 
.................... // tela 15 
....................  CONST CHAR IMSG15_1[17] = {"d  between S0-S4"}; 
.................... 						 //14 			//100 
....................  
.................... // tela 17 
.................... CONST CHAR IMSG17_1[17]= {"No. SENSORS ?   "}; 
.................... CONST CHAR IMSG17_2[17]= {" 2            5 "}; 
.................... 						 //18	  	 	 19 
.................... // tela 21 
....................  CONST CHAR IMSG21_1[17] = {"INSERT WIDTH ?  "}; 
.................... //CONST CHAR IMSG11_2[17] = {" nao        sim "}; 
.................... 							//100		//22 
.................... // tela 22 
....................  CONST CHAR IMSG22_1[17] = {"OBJECT WIDTH    "}; 
.................... //CONST CHAR IMSG12_2 = (char)0x7F;   
.................... //CONST CHAR IMSG12_2a[17] =   {"       mm    ok"}; 
.................... 							 //21 			//100 
....................  
.................... // tela 52 
.................... CONST CHAR IMSG52_1[17] = {"d betweenCOIL-S0"}; 
....................  
.................... // tela 92 
.................... CONST CHAR IMSG92_1[17] = {"d between mic   "}; 
....................  
.................... // tela 99 
.................... CONST CHAR IMSG99_1[17]= {"Intervals: 1to10"}; 
.................... CONST CHAR IMSG99_2[17]= {"     ok "}; 
.................... 							  //100 
....................  
.................... // tela 100 
.................... CONST CHAR IMSG100_1[17]= {"START EXPERIMENT"}; 
.................... CONST CHAR IMSG100_2[17]= {"          cancel"}; 
.................... 									   //0 
....................  
....................  
.................... // tela 102 a 105 
.................... CONST CHAR IMSG102_1[3]= {"t="}; 
.................... //CONST CHAR IMSG100_2[17]= {"         cancela"}; 
....................  
.................... // tela 106 
.................... CONST CHAR IMSG106_1[17]= {"EXP. FINISHED   "}; 
.................... CONST CHAR IMSG106_2[17]= {"see  repeat   F?"}; 
.................... 						 //110	  100	  1 
....................  
.................... // tela 110 
.................... CONST CHAR IMSG110_1[17]= {"   RESULT(S)    "}; 
.................... CONST CHAR IMSG110_2[17]= {" t    vel   quit"}; 
.................... 						 //150	  170	 106 
....................  
.................... CONST CHAR IMSG111_2[17]= {" t          quit"}; 
.................... 						//150	     	 106 
.................... // tela 150 
....................  CONST CHAR IMSG150_1[6] = {"t0,1:"};	//tempos[0] tempos2[0] 
.................... // tela 151 
....................  CONST CHAR IMSG151_1[6] = {"t0,2:"};	//tempos[1] tempos2[1] 
.................... // tela 152 
....................  CONST CHAR IMSG152_1[6] = {"t0,3:"};	//tempos[2] tempos2[2] 
.................... // tela 153 
....................  CONST CHAR IMSG153_1[6] = {"t0,4:"};	//tempos[3] tempos2[3] 
.................... // tela 154 
....................  CONST CHAR IMSG154_1[6] = {"t1,2:"};	//tempos[4] tempos2[4] 
.................... // tela 155 
....................  CONST CHAR IMSG155_1[6] = {"t2,3:"};	//tempos[5] tempos2[5] 
.................... // tela 156 
....................  CONST CHAR IMSG156_1[6] = {"t3,4:"};	//tempos[6] tempos2[6] 
.................... // tela 170 
....................  CONST CHAR IMSG170_1[7] = {"Vm0,1:"}; 
.................... // tela 171 
....................  CONST CHAR IMSG171_1[7] = {"Vm0,2:"}; 
.................... // tela 172 
....................  CONST CHAR IMSG172_1[7] = {"Vm0,3:"}; 
.................... // tela 173 
....................  CONST CHAR IMSG173_1[7] = {"Vm0,4:"}; 
.................... // tela 174 
....................  CONST CHAR IMSG174_1[7] = {"Vm1,2:"}; 
.................... // tela 175 
....................  CONST CHAR IMSG175_1[7] = {"Vm2,3:"}; 
.................... // tela 176 
....................  CONST CHAR IMSG176_1[7] = {"Vm3,4:"}; 
....................  
....................    
....................  
.................... //CONST CHAR IMSG1_2[17] = {" <-     ok    ->"}; 
.................... 							//155 	106  	1 
....................  
.................... // tela 203 
.................... //CONST CHAR IMSG106_1[17]= {"EXP. FINALIZADO "}; 
.................... //CONST CHAR IMSG106_2[17]= {"ver   novo    F?"}; 
.................... 						 //150	  107	  1 
....................  
....................  
.................... //tela 240 
.................... CONST CHAR IMSG240_1[17] = {"Choose function "}; 
.................... CONST CHAR IMSG240_2[17]= {"and press ok..  "}; 
.................... CONST CHAR IMSG240_3[17]= {"there are 12    "}; 
.................... CONST CHAR IMSG240_4[17]= {"different types."}; 
....................  
....................  
.................... // tela 250 
....................  CONST CHAR IMSG250_1[3] = {"t="}; 
....................  
.................... // tela 251 
....................  CONST CHAR IMSG251_1[4] = {"Vm="}; 
....................  
....................  
.................... // tela 350   
.................... // CONST CHAR IMSG350_1[4] = {"t0,"}; 
....................  
.................... // tela 410 
.................... //CONST CHAR IMSG110_1[17]= {"   resultados   "}; 
.................... CONST CHAR IMSG410_2[17]= {" t   freq   quit"}; 
.................... 						 //450	  470	 106 
....................  
....................  
.................... // tela 550 
.................... // CONST CHAR MSG550_1[17] = {"t="}; 
.................... // tela 551 
.................... // CONST CHAR MSG251_1[17] = {"Vm="}; 
.................... // CONST CHAR MSG251_2[17] = {"m/s "}; 
.................... // tela 552 
....................  CONST CHAR IMSG552_1[4] = {"a ="}; 
.................... // tela 553 
....................  CONST CHAR IMSG553_1[4] = {"Vf="}; 
....................  
.................... // tela 710 
.................... //CONST CHAR IMSG110_1[17]= {"   resultados   "}; 
.................... CONST CHAR IMSG710_2[17]= {"t:S0  t:S1  quit"}; 
.................... 						 //750	  770	 106 
....................  
.................... // tela 900 
.................... CONST CHAR IMSG900_1[17] = {"F11 sensor test "}; 
.................... //CONST CHAR IMSG2_2[17] = {" <-   ok      ->"}; 
.................... 							//10  900     1 
....................  
.................... // tela 902 
.................... //CONST CHAR IMSG902_1[17] = {"S:0  1  2  3  4 "}; 
.................... CONST CHAR IMSG902_2[17] = {"            quit"}; 
.................... 										//0 
....................  
.................... // tela 1012 
....................  CONST CHAR IMSG1012_1[17] = {"F12  Ec Transl. "}; 
.................... //CONST CHAR MSG2_2[17] = {" <-   ok      ->"}; 
.................... 							//900 1021  	1 
....................  
.................... // tela 1021 
....................  CONST CHAR IMSG1021_1[17] = {" OBJECT  LENGTH "}; 
.................... //CONST CHAR MSG12_2 = (char)0x7F;   
.................... //CONST CHAR MSG12_2a[17] =   {"       mm    ok"}; 
.................... 							 //1012 			//1022 
....................  
.................... // tela 1022 
....................  CONST CHAR IMSG1022_1[17] = {"  OBJECT  MASS  "}; 
.................... //CONST CHAR MSG12_2 = (char)0x7F;   
.................... //CONST CHAR MSG12_2b[17] =   {"       g    ok"}; 
.................... 							 //1021 			//100 
....................  
.................... // tela 1253 
....................  CONST CHAR IMSG1253_1[4] = {"Ec="}; 
....................  
....................  
....................  
.................... ///////////////////////////////////////////////////////// 
.................... ///   ESPANHOL 
.................... ///////////////////////////////////////////////////////// 
.................... // Mensagens Gerais 
....................  
....................  CONST CHAR SMSG3[17]   = {"** CRONOMETRO **"}; 
....................  CONST CHAR SMSG4[17]   = {" MULTIFUNCTIONAL"}; 
....................  
.................... // tela 0 
....................  CONST CHAR SMSG0_1[17] = {"ESCOJA   FUNCION"}; 
....................  CONST CHAR SMSG0_2[17] = {"Funcion    ayuda"}; 
.................... 						     //1         //240	 
....................  
.................... // tela 1 
....................   
....................  //CONST CHAR SMSG1_1[17] = {"F1    2 o 5 sens"};Sai conforme alteracao 07/10/2013 
.................... CONST CHAR SMSG1_1[17] = {"F1    2 a 5 sens"};//Incluido conforme alteracao 07/10/2013 
....................  CONST CHAR SMSG1_2[15] = {"      ok      "}; 
....................  
.................... // CONST CHAR SMSG1_2a = (char)0x7F; 
....................  //CONST CHAR SMSG1_2b = (char)0x7E; 
....................  
.................... //CONST CHAR MSG1_2a = (char)0x7F; - o caracter da seta nao 
.................... //aparece no modelo de display fdcc 
.................... CONST CHAR SMSG1_2a = (char)0x3c; 
....................  //CONST CHAR MSG1_2b = (char)0x7E; 
.................... //CONST CHAR MSG1_2a = (char)0x7F; - o caracter da seta nao 
.................... //aparece no modelo de display fdcc 
.................... CONST CHAR SMSG1_2b = (char)0x3e; 
....................  
.................... //CONST CHAR MSG2_2[17] = {" <-     ok      ->"}; 
.................... 							//8 	1010  	2 
.................... // tela 2 
....................  CONST CHAR SMSG2_1[17] = {"F2  Vm  1 sensor"}; 
.................... //CONST CHAR MSG2_2[17] = {" <-   ok      ->"}; 
.................... 							//1		21  	3 
.................... // tela 3 
....................  CONST CHAR SMSG3_1[17] = {"F3  10paso 1sens"}; 
.................... //CONST CHAR MSG2_2[17] = {" <-   ok      ->"}; 
.................... 							//2	   200     4 
.................... // tela 4 
....................  CONST CHAR SMSG4_1[17] = {"F4 Pend/MHS 1sen"}; 
.................... //CONST CHAR MSG2_2[17] = {" <-   ok      ->"}; 
.................... 							//3		41  	5 
.................... // tela 5 
....................  CONST CHAR SMSG5_1[17] = {"F5  Bob y 1 sens"}; 
.................... //CONST CHAR MSG2_2[17] = {" <-   ok      ->"}; 
.................... 							//4		51  	6 
.................... // tela 6 
....................  CONST CHAR SMSG6_1[17] = {"F6 MCircular1sen"}; 
.................... //CONST CHAR MSG2_2[17] = {" <-   ok      ->"}; 
.................... 							//5		61  	7 
.................... // tela 7 
....................  CONST CHAR SMSG7_1[17] = {"F7 Choq-Ine 2sen"}; 
.................... //CONST CHAR MSG2_2[17] = {" <-   ok      ->"}; 
.................... 						   //6		71  	8 
.................... // tela 8 
....................  CONST CHAR SMSG8_1[17] = {"F8 Choq-Els 2sen"}; 
.................... //CONST CHAR MSG2_2[17] = {" <-   ok      ->"}; 
.................... 							//7		81  	9 
.................... // tela 9 
....................  CONST CHAR SMSG9_1[17] = {"F9 VS 2sensAcous"}; 
.................... //CONST CHAR MSG2_2[17] = {" <-   ok      ->"}; 
.................... 							//8		91  	10 
.................... // tela 10 
....................  CONST CHAR SMSG10_1[17] = {"F10  t  manual  "}; 
.................... //CONST CHAR MSG2_2[17] = {" <-   ok      ->"}; 
.................... 							//9		99 	1 
.................... // tela 11 
....................  CONST CHAR SMSG11_1[17] = {"INSERTAR DIST. ?"}; 
....................  CONST CHAR SMSG11_2[17] = {" no          si "}; 
.................... 							//100		//12 
....................  
.................... // tela 12 
....................  CONST CHAR SMSG12_1[17] = {"d  entre S0 y S1"}; 
.................... // CONST CHAR SMSG12_2 = (char)0x7F;   
.................... CONST CHAR SMSG12_2 = (char)0x3c; 
.................... CONST CHAR SMSG12_2a[9] =  {"mm    ok"}; 
.................... 						 //11 			//13 
....................  
.................... // tela 13 
....................  CONST CHAR SMSG13_1[17] = {"d  entre S0 y S2"}; 
.................... 						 //12 			//14						 
.................... // tela 14 
....................  CONST CHAR SMSG14_1[17] = {"d  entre S0 y S3"}; 
.................... 						 //13 			//15 
.................... // tela 15 
....................  CONST CHAR SMSG15_1[17] = {"d  entre S0 y S4"}; 
.................... 						 //14 			//100 
....................  
.................... // tela 17 
.................... CONST CHAR SMSG17_1[17]= {"No. de sensores?"}; 
.................... CONST CHAR SMSG17_2[17]= {" 2            5 "}; 
.................... 						 //18	  	 	 19 
.................... // tela 21 
....................  CONST CHAR SMSG21_1[17] = {"INSERTAR ANCHURA"}; 
.................... //CONST CHAR IMSG11_2[17] = {" nao        sim "}; 
.................... 							//100		//22 
.................... // tela 22 
....................  CONST CHAR SMSG22_1[17] = {"ANCHURA DEL OBJ."}; 
.................... //CONST CHAR IMSG12_2 = (char)0x7F;   
.................... //CONST CHAR IMSG12_2a[17] =   {"       mm    ok"}; 
.................... 							 //21 			//100 
....................  
.................... // tela 52 
.................... CONST CHAR SMSG52_1[17] = {"d entre bob y S0"}; 
....................  
.................... // tela 92 
.................... CONST CHAR SMSG92_1[17] = {"d entre mic     "}; 
....................  
.................... // tela 99 
.................... CONST CHAR SMSG99_1[17]= {"Intervalos: 1a10"}; 
.................... CONST CHAR SMSG99_2[17]= {"     ok "}; 
.................... 							  //100 
....................  
.................... // tela 100 
.................... CONST CHAR SMSG100_1[17]= {"INICIAR EXPERIM."}; 
.................... CONST CHAR SMSG100_2[17]= {"         cancela"}; 
.................... 									   //0 
....................  
....................  
.................... // tela 102 a 105 
.................... CONST CHAR SMSG102_1[3]= {"t="}; 
.................... //CONST CHAR IMSG100_2[17]= {"         cancela"}; 
....................  
.................... // tela 106 
.................... CONST CHAR SMSG106_1[17]= {"EXP. FINALIZADO "}; 
.................... CONST CHAR SMSG106_2[17]= {"ver  repetir  F?"}; 
.................... 						 //110	  100	  1 
....................  
.................... // tela 110 
.................... CONST CHAR SMSG110_1[17]= {" RESULTADO(S)   "}; 
.................... CONST CHAR SMSG110_2[17]= {" t    vel  salir"}; 
.................... 						 //150	  170	 106 
....................  
.................... CONST CHAR SMSG111_2[17]= {" t         salir"}; 
.................... 						//150	     	 106 
.................... // tela 150 
....................  CONST CHAR SMSG150_1[6] = {"t0,1:"};	//tempos[0] tempos2[0] 
.................... // tela 151 
....................  CONST CHAR SMSG151_1[6] = {"t0,2:"};	//tempos[1] tempos2[1] 
.................... // tela 152 
....................  CONST CHAR SMSG152_1[6] = {"t0,3:"};	//tempos[2] tempos2[2] 
.................... // tela 153 
....................  CONST CHAR SMSG153_1[6] = {"t0,4:"};	//tempos[3] tempos2[3] 
.................... // tela 154 
....................  CONST CHAR SMSG154_1[6] = {"t1,2:"};	//tempos[4] tempos2[4] 
.................... // tela 155 
....................  CONST CHAR SMSG155_1[6] = {"t2,3:"};	//tempos[5] tempos2[5] 
.................... // tela 156 
....................  CONST CHAR SMSG156_1[6] = {"t3,4:"};	//tempos[6] tempos2[6] 
.................... // tela 170 
....................  CONST CHAR SMSG170_1[7] = {"Vm0,1:"}; 
.................... // tela 171 
....................  CONST CHAR SMSG171_1[7] = {"Vm0,2:"}; 
.................... // tela 172 
....................  CONST CHAR SMSG172_1[7] = {"Vm0,3:"}; 
.................... // tela 173 
....................  CONST CHAR SMSG173_1[7] = {"Vm0,4:"}; 
.................... // tela 174 
....................  CONST CHAR SMSG174_1[7] = {"Vm1,2:"}; 
.................... // tela 175 
....................  CONST CHAR SMSG175_1[7] = {"Vm2,3:"}; 
.................... // tela 176 
....................  CONST CHAR SMSG176_1[7] = {"Vm3,4:"}; 
....................  
....................    
....................  
.................... //CONST CHAR IMSG1_2[17] = {" <-     ok    ->"}; 
.................... 							//155 	106  	1 
....................  
.................... // tela 203 
.................... //CONST CHAR IMSG106_1[17]= {"EXP. FINALIZADO "}; 
.................... //CONST CHAR IMSG106_2[17]= {"ver   novo    F?"}; 
.................... 						 //150	  107	  1 
....................  
....................  
.................... //tela 240 
.................... CONST CHAR SMSG240_1[17] = {"Escoja   funcion"}; 
.................... CONST CHAR SMSG240_2[17]= {"y presione ok.. "}; 
.................... CONST CHAR SMSG240_3[17]= {"existen 12 tipos"}; 
.................... CONST CHAR SMSG240_4[17]= {"de funciones.   "}; 
....................  
....................  
.................... // tela 250 
....................  CONST CHAR SMSG250_1[3] = {"t="}; 
....................  
.................... // tela 251 
....................  CONST CHAR SMSG251_1[4] = {"Vm="}; 
....................  
....................  
.................... // tela 350   
.................... // CONST CHAR IMSG350_1[4] = {"t0,"}; 
....................  
.................... // tela 410 
.................... //CONST CHAR IMSG110_1[17]= {"   resultados   "}; 
.................... CONST CHAR SMSG410_2[17]= {" t   freq  salir"}; 
.................... 						 //450	  470	 106 
....................  
....................  
.................... // tela 550 
.................... // CONST CHAR MSG550_1[17] = {"t="}; 
.................... // tela 551 
.................... // CONST CHAR MSG251_1[17] = {"Vm="}; 
.................... // CONST CHAR MSG251_2[17] = {"m/s "}; 
.................... // tela 552 
....................  CONST CHAR SMSG552_1[4] = {"a ="}; 
.................... // tela 553 
....................  CONST CHAR SMSG553_1[4] = {"Vf="}; 
....................  
.................... // tela 710 
.................... //CONST CHAR IMSG110_1[17]= {"   resultados   "}; 
.................... CONST CHAR SMSG710_2[17]= {"t:S0  t:S1 salir"}; 
.................... 						 //750	  770	 106 
....................  
.................... // tela 900 
.................... CONST CHAR SMSG900_1[17] = {"F11  prueba sens"}; 
.................... //CONST CHAR IMSG2_2[17] = {" <-   ok      ->"}; 
.................... 							//10  900     1 
....................  
.................... // tela 902 
.................... //CONST CHAR IMSG902_1[17] = {"S:0  1  2  3  4 "}; 
.................... CONST CHAR SMSG902_2[17] = {"           salir"}; 
.................... 										//0 
....................  
....................  
.................... // tela 1012 
....................  CONST CHAR SMSG1012_1[17] = {"F12  Ec Transl. "}; 
.................... //CONST CHAR MSG2_2[17] = {" <-   ok      ->"}; 
.................... 							//900 1021  	1 
....................  
.................... // tela 1021 
....................  CONST CHAR SMSG1021_1[17] = {" LARGO DEL OBJ. "}; 
.................... //CONST CHAR MSG12_2 = (char)0x7F;   
.................... //CONST CHAR MSG12_2a[17] =   {"       mm    ok"}; 
.................... 							 //1012 			//1022 
....................  
.................... // tela 1022 
....................  CONST CHAR SMSG1022_1[17] = {" MASA  DEL OBJ. "}; 
.................... //CONST CHAR MSG12_2 = (char)0x7F;   
.................... //CONST CHAR MSG12_2b[17] =   {"       g    ok"}; 
.................... 							 //1021 			//100 
....................  
.................... // tela 1253 
....................  CONST CHAR SMSG1253_1[4] = {"Ec="}; 
....................  
....................  
....................  
.................... void msg_atualizaTimer(){ 
....................  
.................... 		lcd_posicaoxy(3,1); 
*
062F0:  MOVLW  03
062F2:  MOVLB  1
062F4:  MOVWF  x92
062F6:  MOVLW  01
062F8:  MOVWF  x93
062FA:  MOVLB  0
062FC:  CALL   262A
....................    		 
.................... 		lcd_escreve_digito(decisec); 
06300:  MOVFF  20,1C0
06304:  CALL   343A
.................... 		lcd_escreve_digito(sec); 
06308:  MOVFF  1F,1C0
0630C:  CALL   343A
.................... 		lcd_escreve(','); 
06310:  MOVLW  2C
06312:  MOVLB  1
06314:  MOVWF  xC1
06316:  MOVLB  0
06318:  CALL   265E
.................... 		lcd_escreve_digito(deci); 
0631C:  MOVFF  1E,1C0
06320:  CALL   343A
.................... 		lcd_escreve_digito(centi); 
06324:  MOVFF  1D,1C0
06328:  CALL   343A
.................... 		lcd_escreve_digito(mili); 
0632C:  MOVFF  1C,1C0
06330:  CALL   343A
.................... 		lcd_escreve_digito(decmili); 
06334:  MOVFF  1B,1C0
06338:  CALL   343A
.................... 		lcd_escreve_digito(centmili); 
0633C:  MOVFF  1A,1C0
06340:  CALL   343A
.................... } 
06344:  RETLW  00
....................  
.................... void msg_zeraTimer(){ 
....................  
.................... 	decisec=0; 
*
02178:  CLRF   20
.................... 	sec=0; 
0217A:  CLRF   1F
.................... 	deci=0; 
0217C:  CLRF   1E
.................... 	centi=0; 
0217E:  CLRF   1D
.................... 	mili=0; 
02180:  CLRF   1C
.................... 	centmili=0; 
02182:  CLRF   1A
.................... 	decmili=0; 
02184:  CLRF   1B
.................... } 
02186:  RETLW  00
....................  
.................... // TELAS DE MENSAGENS 
....................  
....................  
.................... //***** TELAS INICIAIS********* 
.................... void telaInicial_1() 
.................... { 
.................... 	lcd_linha1(); 
*
0267E:  RCALL  2650
.................... 	lcd_escreve(MSG1); 
02680:  MOVLB  1
02682:  CLRF   x7E
02684:  MOVF   x7E,W
02686:  MOVLB  0
02688:  CALL   00D8
0268C:  IORLW  00
0268E:  BZ    26A0
02690:  MOVLB  1
02692:  INCF   x7E,F
02694:  MOVWF  xC1
02696:  MOVLB  0
02698:  RCALL  265E
0269A:  MOVLB  1
0269C:  BRA    2684
0269E:  MOVLB  0
.................... 	lcd_linha2(); 
026A0:  RCALL  266E
.................... 	lcd_escreve(MSG2); 
026A2:  MOVLB  1
026A4:  CLRF   x7E
026A6:  MOVF   x7E,W
026A8:  MOVLB  0
026AA:  CALL   0104
026AE:  IORLW  00
026B0:  BZ    26C0
026B2:  MOVLB  1
026B4:  INCF   x7E,F
026B6:  MOVWF  xC1
026B8:  MOVLB  0
026BA:  RCALL  265E
026BC:  MOVLB  1
026BE:  BRA    26A6
026C0:  MOVLB  0
.................... 	 
.................... } 
026C2:  GOTO   C8A8 (RETURN)
....................  
.................... void telaInicial_2() 
.................... { 
.................... 	 
.................... 	if (IDIOMA==1){ 
*
02914:  DECFSZ 21,W
02916:  BRA    295E
.................... 		lcd_linha1(); 
02918:  RCALL  2650
.................... 		lcd_escreve(MSG3); 
0291A:  MOVLB  1
0291C:  CLRF   x7E
0291E:  MOVF   x7E,W
02920:  MOVLB  0
02922:  CALL   0188
02926:  IORLW  00
02928:  BZ    293A
0292A:  MOVLB  1
0292C:  INCF   x7E,F
0292E:  MOVWF  xC1
02930:  MOVLB  0
02932:  RCALL  265E
02934:  MOVLB  1
02936:  BRA    291E
02938:  MOVLB  0
.................... 		lcd_linha2(); 
0293A:  RCALL  266E
.................... 		lcd_escreve(MSG4); 
0293C:  MOVLB  1
0293E:  CLRF   x7E
02940:  MOVF   x7E,W
02942:  MOVLB  0
02944:  CALL   01B4
02948:  IORLW  00
0294A:  BZ    295C
0294C:  MOVLB  1
0294E:  INCF   x7E,F
02950:  MOVWF  xC1
02952:  MOVLB  0
02954:  RCALL  265E
02956:  MOVLB  1
02958:  BRA    2940
0295A:  MOVLB  0
.................... 	}else if(IDIOMA==2){ 
0295C:  BRA    29F2
0295E:  MOVF   21,W
02960:  SUBLW  02
02962:  BNZ   29AA
.................... 		lcd_linha1(); 
02964:  RCALL  2650
.................... 		lcd_escreve(IMSG3); 
02966:  MOVLB  1
02968:  CLRF   x7E
0296A:  MOVF   x7E,W
0296C:  MOVLB  0
0296E:  CALL   0C46
02972:  IORLW  00
02974:  BZ    2986
02976:  MOVLB  1
02978:  INCF   x7E,F
0297A:  MOVWF  xC1
0297C:  MOVLB  0
0297E:  RCALL  265E
02980:  MOVLB  1
02982:  BRA    296A
02984:  MOVLB  0
.................... 		lcd_linha2(); 
02986:  RCALL  266E
.................... 		lcd_escreve(IMSG4); 
02988:  MOVLB  1
0298A:  CLRF   x7E
0298C:  MOVF   x7E,W
0298E:  MOVLB  0
02990:  CALL   0C72
02994:  IORLW  00
02996:  BZ    29A8
02998:  MOVLB  1
0299A:  INCF   x7E,F
0299C:  MOVWF  xC1
0299E:  MOVLB  0
029A0:  RCALL  265E
029A2:  MOVLB  1
029A4:  BRA    298C
029A6:  MOVLB  0
.................... 	}else if(IDIOMA==3){ 
029A8:  BRA    29F2
029AA:  MOVF   21,W
029AC:  SUBLW  03
029AE:  BNZ   29F2
.................... 		lcd_linha1(); 
029B0:  RCALL  2650
.................... 		lcd_escreve(SMSG3); 
029B2:  MOVLB  1
029B4:  CLRF   x7E
029B6:  MOVF   x7E,W
029B8:  MOVLB  0
029BA:  CALL   0188
029BE:  IORLW  00
029C0:  BZ    29D2
029C2:  MOVLB  1
029C4:  INCF   x7E,F
029C6:  MOVWF  xC1
029C8:  MOVLB  0
029CA:  RCALL  265E
029CC:  MOVLB  1
029CE:  BRA    29B6
029D0:  MOVLB  0
.................... 		lcd_linha2(); 
029D2:  RCALL  266E
.................... 		lcd_escreve(SMSG4); 
029D4:  MOVLB  1
029D6:  CLRF   x7E
029D8:  MOVF   x7E,W
029DA:  MOVLB  0
029DC:  CALL   1326
029E0:  IORLW  00
029E2:  BZ    29F2
029E4:  MOVLB  1
029E6:  INCF   x7E,F
029E8:  MOVWF  xC1
029EA:  MOVLB  0
029EC:  RCALL  265E
029EE:  MOVLB  1
029F0:  BRA    29D8
029F2:  MOVLB  0
.................... 	} 
.................... } 
029F4:  GOTO   C8EA (RETURN)
....................  
....................  
.................... //********************************************** 
.................... // ********** TELAS DE ESTADOS ***************** 
....................  
....................  
.................... void tela0() 
.................... { 
.................... 	 
.................... 	if (IDIOMA==1){ 
029F8:  DECFSZ 21,W
029FA:  BRA    2A42
.................... 		lcd_linha1(); 
029FC:  RCALL  2650
.................... 		lcd_escreve(MSG0_1); 
029FE:  MOVLB  1
02A00:  CLRF   x82
02A02:  MOVF   x82,W
02A04:  MOVLB  0
02A06:  CALL   01E0
02A0A:  IORLW  00
02A0C:  BZ    2A1E
02A0E:  MOVLB  1
02A10:  INCF   x82,F
02A12:  MOVWF  xC1
02A14:  MOVLB  0
02A16:  RCALL  265E
02A18:  MOVLB  1
02A1A:  BRA    2A02
02A1C:  MOVLB  0
.................... 		lcd_linha2(); 
02A1E:  RCALL  266E
.................... 		lcd_escreve(MSG0_2); 
02A20:  MOVLB  1
02A22:  CLRF   x82
02A24:  MOVF   x82,W
02A26:  MOVLB  0
02A28:  CALL   020C
02A2C:  IORLW  00
02A2E:  BZ    2A40
02A30:  MOVLB  1
02A32:  INCF   x82,F
02A34:  MOVWF  xC1
02A36:  MOVLB  0
02A38:  RCALL  265E
02A3A:  MOVLB  1
02A3C:  BRA    2A24
02A3E:  MOVLB  0
.................... 	}else if(IDIOMA==2){ 
02A40:  BRA    2AD6
02A42:  MOVF   21,W
02A44:  SUBLW  02
02A46:  BNZ   2A8E
.................... 		lcd_linha1(); 
02A48:  RCALL  2650
.................... 		lcd_escreve(IMSG0_1); 
02A4A:  MOVLB  1
02A4C:  CLRF   x82
02A4E:  MOVF   x82,W
02A50:  MOVLB  0
02A52:  CALL   0C9E
02A56:  IORLW  00
02A58:  BZ    2A6A
02A5A:  MOVLB  1
02A5C:  INCF   x82,F
02A5E:  MOVWF  xC1
02A60:  MOVLB  0
02A62:  RCALL  265E
02A64:  MOVLB  1
02A66:  BRA    2A4E
02A68:  MOVLB  0
.................... 		lcd_linha2(); 
02A6A:  RCALL  266E
.................... 		lcd_escreve(IMSG0_2); 
02A6C:  MOVLB  1
02A6E:  CLRF   x82
02A70:  MOVF   x82,W
02A72:  MOVLB  0
02A74:  CALL   0CCA
02A78:  IORLW  00
02A7A:  BZ    2A8C
02A7C:  MOVLB  1
02A7E:  INCF   x82,F
02A80:  MOVWF  xC1
02A82:  MOVLB  0
02A84:  RCALL  265E
02A86:  MOVLB  1
02A88:  BRA    2A70
02A8A:  MOVLB  0
.................... 	}else if(IDIOMA==3){ 
02A8C:  BRA    2AD6
02A8E:  MOVF   21,W
02A90:  SUBLW  03
02A92:  BNZ   2AD6
.................... 		lcd_linha1(); 
02A94:  RCALL  2650
.................... 		lcd_escreve(SMSG0_1); 
02A96:  MOVLB  1
02A98:  CLRF   x82
02A9A:  MOVF   x82,W
02A9C:  MOVLB  0
02A9E:  CALL   1352
02AA2:  IORLW  00
02AA4:  BZ    2AB6
02AA6:  MOVLB  1
02AA8:  INCF   x82,F
02AAA:  MOVWF  xC1
02AAC:  MOVLB  0
02AAE:  RCALL  265E
02AB0:  MOVLB  1
02AB2:  BRA    2A9A
02AB4:  MOVLB  0
.................... 		lcd_linha2(); 
02AB6:  RCALL  266E
.................... 		lcd_escreve(SMSG0_2); 
02AB8:  MOVLB  1
02ABA:  CLRF   x82
02ABC:  MOVF   x82,W
02ABE:  MOVLB  0
02AC0:  CALL   137E
02AC4:  IORLW  00
02AC6:  BZ    2AD6
02AC8:  MOVLB  1
02ACA:  INCF   x82,F
02ACC:  MOVWF  xC1
02ACE:  MOVLB  0
02AD0:  RCALL  265E
02AD2:  MOVLB  1
02AD4:  BRA    2ABC
02AD6:  MOVLB  0
.................... 	} 
.................... } 
02AD8:  RETLW  00
....................  
.................... void tela1_2() 
.................... { 
.................... 	 
.................... 	if (IDIOMA==1){ 
*
02C6A:  DECFSZ 21,W
02C6C:  BRA    2CA6
.................... 		lcd_linha2(); 
02C6E:  RCALL  266E
.................... 		lcd_escreve(MSG1_2a); 
02C70:  MOVLW  3C
02C72:  MOVLB  1
02C74:  MOVWF  xC1
02C76:  MOVLB  0
02C78:  RCALL  265E
.................... 		lcd_escreve(MSG1_2); 
02C7A:  MOVLB  1
02C7C:  CLRF   x82
02C7E:  MOVF   x82,W
02C80:  MOVLB  0
02C82:  CALL   0264
02C86:  IORLW  00
02C88:  BZ    2C9A
02C8A:  MOVLB  1
02C8C:  INCF   x82,F
02C8E:  MOVWF  xC1
02C90:  MOVLB  0
02C92:  RCALL  265E
02C94:  MOVLB  1
02C96:  BRA    2C7E
02C98:  MOVLB  0
.................... 		lcd_escreve(MSG1_2b); 
02C9A:  MOVLW  3E
02C9C:  MOVLB  1
02C9E:  MOVWF  xC1
02CA0:  MOVLB  0
02CA2:  RCALL  265E
.................... 	}else if(IDIOMA==2){ 
02CA4:  BRA    2D20
02CA6:  MOVF   21,W
02CA8:  SUBLW  02
02CAA:  BNZ   2CE4
.................... 		lcd_linha2(); 
02CAC:  RCALL  266E
.................... 		lcd_escreve(IMSG1_2a); 
02CAE:  MOVLW  3C
02CB0:  MOVLB  1
02CB2:  MOVWF  xC1
02CB4:  MOVLB  0
02CB6:  RCALL  265E
.................... 		lcd_escreve(IMSG1_2); 
02CB8:  MOVLB  1
02CBA:  CLRF   x82
02CBC:  MOVF   x82,W
02CBE:  MOVLB  0
02CC0:  CALL   0264
02CC4:  IORLW  00
02CC6:  BZ    2CD8
02CC8:  MOVLB  1
02CCA:  INCF   x82,F
02CCC:  MOVWF  xC1
02CCE:  MOVLB  0
02CD0:  RCALL  265E
02CD2:  MOVLB  1
02CD4:  BRA    2CBC
02CD6:  MOVLB  0
.................... 		lcd_escreve(IMSG1_2b); 
02CD8:  MOVLW  3E
02CDA:  MOVLB  1
02CDC:  MOVWF  xC1
02CDE:  MOVLB  0
02CE0:  RCALL  265E
.................... 	}else if(IDIOMA==3){ 
02CE2:  BRA    2D20
02CE4:  MOVF   21,W
02CE6:  SUBLW  03
02CE8:  BNZ   2D20
.................... 		lcd_linha2(); 
02CEA:  RCALL  266E
.................... 		lcd_escreve(SMSG1_2a); 
02CEC:  MOVLW  3C
02CEE:  MOVLB  1
02CF0:  MOVWF  xC1
02CF2:  MOVLB  0
02CF4:  RCALL  265E
.................... 		lcd_escreve(SMSG1_2); 
02CF6:  MOVLB  1
02CF8:  CLRF   x82
02CFA:  MOVF   x82,W
02CFC:  MOVLB  0
02CFE:  CALL   0264
02D02:  IORLW  00
02D04:  BZ    2D16
02D06:  MOVLB  1
02D08:  INCF   x82,F
02D0A:  MOVWF  xC1
02D0C:  MOVLB  0
02D0E:  RCALL  265E
02D10:  MOVLB  1
02D12:  BRA    2CFA
02D14:  MOVLB  0
.................... 		lcd_escreve(SMSG1_2b); 
02D16:  MOVLW  3E
02D18:  MOVLB  1
02D1A:  MOVWF  xC1
02D1C:  MOVLB  0
02D1E:  RCALL  265E
.................... 	} 
.................... } 
02D20:  RETLW  00
....................  
.................... void tela1() 
.................... { 
.................... 	if (IDIOMA==1){ 
02D22:  DECFSZ 21,W
02D24:  BRA    2D4C
.................... 		lcd_linha1(); 
02D26:  RCALL  2650
.................... 		lcd_escreve(MSG1_1); 
02D28:  MOVLB  1
02D2A:  CLRF   x82
02D2C:  MOVF   x82,W
02D2E:  MOVLB  0
02D30:  CALL   0238
02D34:  IORLW  00
02D36:  BZ    2D48
02D38:  MOVLB  1
02D3A:  INCF   x82,F
02D3C:  MOVWF  xC1
02D3E:  MOVLB  0
02D40:  RCALL  265E
02D42:  MOVLB  1
02D44:  BRA    2D2C
02D46:  MOVLB  0
.................... 		tela1_2(); 
02D48:  RCALL  2C6A
.................... 	}else if(IDIOMA==2){ 
02D4A:  BRA    2DA2
02D4C:  MOVF   21,W
02D4E:  SUBLW  02
02D50:  BNZ   2D78
.................... 		lcd_linha1(); 
02D52:  RCALL  2650
.................... 		lcd_escreve(IMSG1_1); 
02D54:  MOVLB  1
02D56:  CLRF   x82
02D58:  MOVF   x82,W
02D5A:  MOVLB  0
02D5C:  CALL   0CF6
02D60:  IORLW  00
02D62:  BZ    2D74
02D64:  MOVLB  1
02D66:  INCF   x82,F
02D68:  MOVWF  xC1
02D6A:  MOVLB  0
02D6C:  RCALL  265E
02D6E:  MOVLB  1
02D70:  BRA    2D58
02D72:  MOVLB  0
.................... 		tela1_2(); 
02D74:  RCALL  2C6A
.................... 	}else if(IDIOMA==3){ 
02D76:  BRA    2DA2
02D78:  MOVF   21,W
02D7A:  SUBLW  03
02D7C:  BNZ   2DA2
.................... 		lcd_linha1(); 
02D7E:  RCALL  2650
.................... 		lcd_escreve(SMSG1_1); 
02D80:  MOVLB  1
02D82:  CLRF   x82
02D84:  MOVF   x82,W
02D86:  MOVLB  0
02D88:  CALL   13AA
02D8C:  IORLW  00
02D8E:  BZ    2DA0
02D90:  MOVLB  1
02D92:  INCF   x82,F
02D94:  MOVWF  xC1
02D96:  MOVLB  0
02D98:  RCALL  265E
02D9A:  MOVLB  1
02D9C:  BRA    2D84
02D9E:  MOVLB  0
.................... 		tela1_2(); 
02DA0:  RCALL  2C6A
.................... 	} 
.................... } 
02DA2:  GOTO   5672 (RETURN)
....................  
....................  
.................... void tela2() 
.................... { 
.................... 	if (IDIOMA==1){ 
02DA6:  DECFSZ 21,W
02DA8:  BRA    2DD0
.................... 		lcd_linha1(); 
02DAA:  RCALL  2650
.................... 		lcd_escreve(MSG2_1); 
02DAC:  MOVLB  1
02DAE:  CLRF   x82
02DB0:  MOVF   x82,W
02DB2:  MOVLB  0
02DB4:  CALL   028E
02DB8:  IORLW  00
02DBA:  BZ    2DCC
02DBC:  MOVLB  1
02DBE:  INCF   x82,F
02DC0:  MOVWF  xC1
02DC2:  MOVLB  0
02DC4:  RCALL  265E
02DC6:  MOVLB  1
02DC8:  BRA    2DB0
02DCA:  MOVLB  0
.................... 		tela1_2(); 
02DCC:  RCALL  2C6A
.................... 	}else if(IDIOMA==2){ 
02DCE:  BRA    2E26
02DD0:  MOVF   21,W
02DD2:  SUBLW  02
02DD4:  BNZ   2DFC
.................... 		lcd_linha1(); 
02DD6:  RCALL  2650
.................... 		lcd_escreve(IMSG2_1); 
02DD8:  MOVLB  1
02DDA:  CLRF   x82
02DDC:  MOVF   x82,W
02DDE:  MOVLB  0
02DE0:  CALL   028E
02DE4:  IORLW  00
02DE6:  BZ    2DF8
02DE8:  MOVLB  1
02DEA:  INCF   x82,F
02DEC:  MOVWF  xC1
02DEE:  MOVLB  0
02DF0:  RCALL  265E
02DF2:  MOVLB  1
02DF4:  BRA    2DDC
02DF6:  MOVLB  0
.................... 		tela1_2(); 
02DF8:  RCALL  2C6A
.................... 	}else if(IDIOMA==3){ 
02DFA:  BRA    2E26
02DFC:  MOVF   21,W
02DFE:  SUBLW  03
02E00:  BNZ   2E26
.................... 		lcd_linha1(); 
02E02:  RCALL  2650
.................... 		lcd_escreve(SMSG2_1); 
02E04:  MOVLB  1
02E06:  CLRF   x82
02E08:  MOVF   x82,W
02E0A:  MOVLB  0
02E0C:  CALL   028E
02E10:  IORLW  00
02E12:  BZ    2E24
02E14:  MOVLB  1
02E16:  INCF   x82,F
02E18:  MOVWF  xC1
02E1A:  MOVLB  0
02E1C:  RCALL  265E
02E1E:  MOVLB  1
02E20:  BRA    2E08
02E22:  MOVLB  0
.................... 		tela1_2(); 
02E24:  RCALL  2C6A
.................... 	}	 
.................... } 
02E26:  GOTO   569A (RETURN)
.................... void tela3() 
.................... { 
.................... 	if (IDIOMA==1){ 
02E2A:  DECFSZ 21,W
02E2C:  BRA    2E54
.................... 		lcd_linha1(); 
02E2E:  RCALL  2650
.................... 		lcd_escreve(MSG3_1); 
02E30:  MOVLB  1
02E32:  CLRF   x82
02E34:  MOVF   x82,W
02E36:  MOVLB  0
02E38:  CALL   02BA
02E3C:  IORLW  00
02E3E:  BZ    2E50
02E40:  MOVLB  1
02E42:  INCF   x82,F
02E44:  MOVWF  xC1
02E46:  MOVLB  0
02E48:  RCALL  265E
02E4A:  MOVLB  1
02E4C:  BRA    2E34
02E4E:  MOVLB  0
.................... 		tela1_2(); 
02E50:  RCALL  2C6A
.................... 	}else if(IDIOMA==2){ 
02E52:  BRA    2EB2
02E54:  MOVF   21,W
02E56:  SUBLW  02
02E58:  BNZ   2E84
.................... 		lcd_linha1(); 
02E5A:  CALL   2650
.................... 		lcd_escreve(IMSG3_1); 
02E5E:  MOVLB  1
02E60:  CLRF   x82
02E62:  MOVF   x82,W
02E64:  MOVLB  0
02E66:  CALL   02BA
02E6A:  IORLW  00
02E6C:  BZ    2E80
02E6E:  MOVLB  1
02E70:  INCF   x82,F
02E72:  MOVWF  xC1
02E74:  MOVLB  0
02E76:  CALL   265E
02E7A:  MOVLB  1
02E7C:  BRA    2E62
02E7E:  MOVLB  0
.................... 		tela1_2(); 
02E80:  RCALL  2C6A
.................... 	}else if(IDIOMA==3){ 
02E82:  BRA    2EB2
02E84:  MOVF   21,W
02E86:  SUBLW  03
02E88:  BNZ   2EB2
.................... 		lcd_linha1(); 
02E8A:  CALL   2650
.................... 		lcd_escreve(SMSG3_1); 
02E8E:  MOVLB  1
02E90:  CLRF   x82
02E92:  MOVF   x82,W
02E94:  MOVLB  0
02E96:  CALL   13D6
02E9A:  IORLW  00
02E9C:  BZ    2EB0
02E9E:  MOVLB  1
02EA0:  INCF   x82,F
02EA2:  MOVWF  xC1
02EA4:  MOVLB  0
02EA6:  CALL   265E
02EAA:  MOVLB  1
02EAC:  BRA    2E92
02EAE:  MOVLB  0
.................... 		tela1_2(); 
02EB0:  RCALL  2C6A
.................... 	}	 
.................... } 
02EB2:  GOTO   56C2 (RETURN)
....................  
.................... void tela4() 
.................... { 
.................... 	if (IDIOMA==1){ 
02EB6:  DECFSZ 21,W
02EB8:  BRA    2EE4
.................... 		lcd_linha1(); 
02EBA:  CALL   2650
.................... 		lcd_escreve(MSG4_1); 
02EBE:  MOVLB  1
02EC0:  CLRF   x82
02EC2:  MOVF   x82,W
02EC4:  MOVLB  0
02EC6:  CALL   02E6
02ECA:  IORLW  00
02ECC:  BZ    2EE0
02ECE:  MOVLB  1
02ED0:  INCF   x82,F
02ED2:  MOVWF  xC1
02ED4:  MOVLB  0
02ED6:  CALL   265E
02EDA:  MOVLB  1
02EDC:  BRA    2EC2
02EDE:  MOVLB  0
.................... 		tela1_2(); 
02EE0:  RCALL  2C6A
.................... 	}else if(IDIOMA==2){ 
02EE2:  BRA    2F42
02EE4:  MOVF   21,W
02EE6:  SUBLW  02
02EE8:  BNZ   2F14
.................... 		lcd_linha1(); 
02EEA:  CALL   2650
.................... 		lcd_escreve(IMSG4_1); 
02EEE:  MOVLB  1
02EF0:  CLRF   x82
02EF2:  MOVF   x82,W
02EF4:  MOVLB  0
02EF6:  CALL   0D22
02EFA:  IORLW  00
02EFC:  BZ    2F10
02EFE:  MOVLB  1
02F00:  INCF   x82,F
02F02:  MOVWF  xC1
02F04:  MOVLB  0
02F06:  CALL   265E
02F0A:  MOVLB  1
02F0C:  BRA    2EF2
02F0E:  MOVLB  0
.................... 		tela1_2(); 
02F10:  RCALL  2C6A
.................... 	}else if(IDIOMA==3){ 
02F12:  BRA    2F42
02F14:  MOVF   21,W
02F16:  SUBLW  03
02F18:  BNZ   2F42
.................... 		lcd_linha1(); 
02F1A:  CALL   2650
.................... 		lcd_escreve(SMSG4_1); 
02F1E:  MOVLB  1
02F20:  CLRF   x82
02F22:  MOVF   x82,W
02F24:  MOVLB  0
02F26:  CALL   02E6
02F2A:  IORLW  00
02F2C:  BZ    2F40
02F2E:  MOVLB  1
02F30:  INCF   x82,F
02F32:  MOVWF  xC1
02F34:  MOVLB  0
02F36:  CALL   265E
02F3A:  MOVLB  1
02F3C:  BRA    2F22
02F3E:  MOVLB  0
.................... 		tela1_2(); 
02F40:  RCALL  2C6A
.................... 	}	 
.................... 	} 
02F42:  GOTO   56EA (RETURN)
.................... void tela5() 
.................... { 
.................... 	if (IDIOMA==1){ 
02F46:  DECFSZ 21,W
02F48:  BRA    2F74
.................... 		lcd_linha1(); 
02F4A:  CALL   2650
.................... 		lcd_escreve(MSG5_1); 
02F4E:  MOVLB  1
02F50:  CLRF   x82
02F52:  MOVF   x82,W
02F54:  MOVLB  0
02F56:  CALL   0312
02F5A:  IORLW  00
02F5C:  BZ    2F70
02F5E:  MOVLB  1
02F60:  INCF   x82,F
02F62:  MOVWF  xC1
02F64:  MOVLB  0
02F66:  CALL   265E
02F6A:  MOVLB  1
02F6C:  BRA    2F52
02F6E:  MOVLB  0
.................... 		tela1_2(); 
02F70:  RCALL  2C6A
.................... 	}else if(IDIOMA==2){ 
02F72:  BRA    2FD2
02F74:  MOVF   21,W
02F76:  SUBLW  02
02F78:  BNZ   2FA4
.................... 		lcd_linha1(); 
02F7A:  CALL   2650
.................... 		lcd_escreve(IMSG5_1); 
02F7E:  MOVLB  1
02F80:  CLRF   x82
02F82:  MOVF   x82,W
02F84:  MOVLB  0
02F86:  CALL   0D4E
02F8A:  IORLW  00
02F8C:  BZ    2FA0
02F8E:  MOVLB  1
02F90:  INCF   x82,F
02F92:  MOVWF  xC1
02F94:  MOVLB  0
02F96:  CALL   265E
02F9A:  MOVLB  1
02F9C:  BRA    2F82
02F9E:  MOVLB  0
.................... 		tela1_2(); 
02FA0:  RCALL  2C6A
.................... 	}else if(IDIOMA==3){ 
02FA2:  BRA    2FD2
02FA4:  MOVF   21,W
02FA6:  SUBLW  03
02FA8:  BNZ   2FD2
.................... 		lcd_linha1(); 
02FAA:  CALL   2650
.................... 		lcd_escreve(SMSG5_1); 
02FAE:  MOVLB  1
02FB0:  CLRF   x82
02FB2:  MOVF   x82,W
02FB4:  MOVLB  0
02FB6:  CALL   1402
02FBA:  IORLW  00
02FBC:  BZ    2FD0
02FBE:  MOVLB  1
02FC0:  INCF   x82,F
02FC2:  MOVWF  xC1
02FC4:  MOVLB  0
02FC6:  CALL   265E
02FCA:  MOVLB  1
02FCC:  BRA    2FB2
02FCE:  MOVLB  0
.................... 		tela1_2(); 
02FD0:  RCALL  2C6A
.................... 	}	 
.................... 	} 
02FD2:  GOTO   5712 (RETURN)
.................... void tela6() 
.................... { 
.................... 	 
.................... 	if (IDIOMA==1){ 
02FD6:  DECFSZ 21,W
02FD8:  BRA    3004
.................... 		lcd_linha1(); 
02FDA:  CALL   2650
.................... 		lcd_escreve(MSG6_1); 
02FDE:  MOVLB  1
02FE0:  CLRF   x82
02FE2:  MOVF   x82,W
02FE4:  MOVLB  0
02FE6:  CALL   033E
02FEA:  IORLW  00
02FEC:  BZ    3000
02FEE:  MOVLB  1
02FF0:  INCF   x82,F
02FF2:  MOVWF  xC1
02FF4:  MOVLB  0
02FF6:  CALL   265E
02FFA:  MOVLB  1
02FFC:  BRA    2FE2
02FFE:  MOVLB  0
.................... 		tela1_2(); 
03000:  RCALL  2C6A
.................... 	}else if(IDIOMA==2){ 
03002:  BRA    3062
03004:  MOVF   21,W
03006:  SUBLW  02
03008:  BNZ   3034
.................... 		lcd_linha1(); 
0300A:  CALL   2650
.................... 		lcd_escreve(IMSG6_1); 
0300E:  MOVLB  1
03010:  CLRF   x82
03012:  MOVF   x82,W
03014:  MOVLB  0
03016:  CALL   0D7A
0301A:  IORLW  00
0301C:  BZ    3030
0301E:  MOVLB  1
03020:  INCF   x82,F
03022:  MOVWF  xC1
03024:  MOVLB  0
03026:  CALL   265E
0302A:  MOVLB  1
0302C:  BRA    3012
0302E:  MOVLB  0
.................... 		tela1_2(); 
03030:  RCALL  2C6A
.................... 	}else if(IDIOMA==3){ 
03032:  BRA    3062
03034:  MOVF   21,W
03036:  SUBLW  03
03038:  BNZ   3062
.................... 		lcd_linha1(); 
0303A:  CALL   2650
.................... 		lcd_escreve(SMSG6_1); 
0303E:  MOVLB  1
03040:  CLRF   x82
03042:  MOVF   x82,W
03044:  MOVLB  0
03046:  CALL   033E
0304A:  IORLW  00
0304C:  BZ    3060
0304E:  MOVLB  1
03050:  INCF   x82,F
03052:  MOVWF  xC1
03054:  MOVLB  0
03056:  CALL   265E
0305A:  MOVLB  1
0305C:  BRA    3042
0305E:  MOVLB  0
.................... 		tela1_2(); 
03060:  RCALL  2C6A
.................... 	}	 
.................... 	} 
03062:  GOTO   573A (RETURN)
.................... void tela7() 
.................... { 
.................... 	if (IDIOMA==1){ 
03066:  DECFSZ 21,W
03068:  BRA    3094
.................... 		lcd_linha1(); 
0306A:  CALL   2650
.................... 		lcd_escreve(MSG7_1); 
0306E:  MOVLB  1
03070:  CLRF   x82
03072:  MOVF   x82,W
03074:  MOVLB  0
03076:  CALL   036A
0307A:  IORLW  00
0307C:  BZ    3090
0307E:  MOVLB  1
03080:  INCF   x82,F
03082:  MOVWF  xC1
03084:  MOVLB  0
03086:  CALL   265E
0308A:  MOVLB  1
0308C:  BRA    3072
0308E:  MOVLB  0
.................... 		tela1_2(); 
03090:  RCALL  2C6A
.................... 	}else if(IDIOMA==2){ 
03092:  BRA    30F2
03094:  MOVF   21,W
03096:  SUBLW  02
03098:  BNZ   30C4
.................... 		lcd_linha1(); 
0309A:  CALL   2650
.................... 		lcd_escreve(IMSG7_1); 
0309E:  MOVLB  1
030A0:  CLRF   x82
030A2:  MOVF   x82,W
030A4:  MOVLB  0
030A6:  CALL   0DA6
030AA:  IORLW  00
030AC:  BZ    30C0
030AE:  MOVLB  1
030B0:  INCF   x82,F
030B2:  MOVWF  xC1
030B4:  MOVLB  0
030B6:  CALL   265E
030BA:  MOVLB  1
030BC:  BRA    30A2
030BE:  MOVLB  0
.................... 		tela1_2(); 
030C0:  RCALL  2C6A
.................... 	}else if(IDIOMA==3){ 
030C2:  BRA    30F2
030C4:  MOVF   21,W
030C6:  SUBLW  03
030C8:  BNZ   30F2
.................... 		lcd_linha1(); 
030CA:  CALL   2650
.................... 		lcd_escreve(SMSG7_1); 
030CE:  MOVLB  1
030D0:  CLRF   x82
030D2:  MOVF   x82,W
030D4:  MOVLB  0
030D6:  CALL   142E
030DA:  IORLW  00
030DC:  BZ    30F0
030DE:  MOVLB  1
030E0:  INCF   x82,F
030E2:  MOVWF  xC1
030E4:  MOVLB  0
030E6:  CALL   265E
030EA:  MOVLB  1
030EC:  BRA    30D2
030EE:  MOVLB  0
.................... 		tela1_2(); 
030F0:  RCALL  2C6A
.................... 	}	 
.................... 	} 
030F2:  GOTO   5762 (RETURN)
.................... void tela8() 
.................... { 
.................... 	if (IDIOMA==1){ 
030F6:  DECFSZ 21,W
030F8:  BRA    3124
.................... 		lcd_linha1(); 
030FA:  CALL   2650
.................... 		lcd_escreve(MSG8_1); 
030FE:  MOVLB  1
03100:  CLRF   x82
03102:  MOVF   x82,W
03104:  MOVLB  0
03106:  CALL   0396
0310A:  IORLW  00
0310C:  BZ    3120
0310E:  MOVLB  1
03110:  INCF   x82,F
03112:  MOVWF  xC1
03114:  MOVLB  0
03116:  CALL   265E
0311A:  MOVLB  1
0311C:  BRA    3102
0311E:  MOVLB  0
.................... 		tela1_2(); 
03120:  RCALL  2C6A
.................... 	}else if(IDIOMA==2){ 
03122:  BRA    3182
03124:  MOVF   21,W
03126:  SUBLW  02
03128:  BNZ   3154
.................... 		lcd_linha1(); 
0312A:  CALL   2650
.................... 		lcd_escreve(IMSG8_1); 
0312E:  MOVLB  1
03130:  CLRF   x82
03132:  MOVF   x82,W
03134:  MOVLB  0
03136:  CALL   0DD2
0313A:  IORLW  00
0313C:  BZ    3150
0313E:  MOVLB  1
03140:  INCF   x82,F
03142:  MOVWF  xC1
03144:  MOVLB  0
03146:  CALL   265E
0314A:  MOVLB  1
0314C:  BRA    3132
0314E:  MOVLB  0
.................... 		tela1_2(); 
03150:  RCALL  2C6A
.................... 	}else if(IDIOMA==3){ 
03152:  BRA    3182
03154:  MOVF   21,W
03156:  SUBLW  03
03158:  BNZ   3182
.................... 		lcd_linha1(); 
0315A:  CALL   2650
.................... 		lcd_escreve(SMSG8_1); 
0315E:  MOVLB  1
03160:  CLRF   x82
03162:  MOVF   x82,W
03164:  MOVLB  0
03166:  CALL   0396
0316A:  IORLW  00
0316C:  BZ    3180
0316E:  MOVLB  1
03170:  INCF   x82,F
03172:  MOVWF  xC1
03174:  MOVLB  0
03176:  CALL   265E
0317A:  MOVLB  1
0317C:  BRA    3162
0317E:  MOVLB  0
.................... 		tela1_2(); 
03180:  RCALL  2C6A
.................... 	}	 
.................... 	} 
03182:  GOTO   578A (RETURN)
.................... void tela9() 
.................... { 
.................... 	if (IDIOMA==1){ 
03186:  DECFSZ 21,W
03188:  BRA    31B4
.................... 		lcd_linha1(); 
0318A:  CALL   2650
.................... 		lcd_escreve(MSG9_1); 
0318E:  MOVLB  1
03190:  CLRF   x82
03192:  MOVF   x82,W
03194:  MOVLB  0
03196:  CALL   03C2
0319A:  IORLW  00
0319C:  BZ    31B0
0319E:  MOVLB  1
031A0:  INCF   x82,F
031A2:  MOVWF  xC1
031A4:  MOVLB  0
031A6:  CALL   265E
031AA:  MOVLB  1
031AC:  BRA    3192
031AE:  MOVLB  0
.................... 		tela1_2(); 
031B0:  RCALL  2C6A
.................... 	}else if(IDIOMA==2){ 
031B2:  BRA    3212
031B4:  MOVF   21,W
031B6:  SUBLW  02
031B8:  BNZ   31E4
.................... 		lcd_linha1(); 
031BA:  CALL   2650
.................... 		lcd_escreve(IMSG9_1); 
031BE:  MOVLB  1
031C0:  CLRF   x82
031C2:  MOVF   x82,W
031C4:  MOVLB  0
031C6:  CALL   0DFE
031CA:  IORLW  00
031CC:  BZ    31E0
031CE:  MOVLB  1
031D0:  INCF   x82,F
031D2:  MOVWF  xC1
031D4:  MOVLB  0
031D6:  CALL   265E
031DA:  MOVLB  1
031DC:  BRA    31C2
031DE:  MOVLB  0
.................... 		tela1_2(); 
031E0:  RCALL  2C6A
.................... 	}else if(IDIOMA==3){ 
031E2:  BRA    3212
031E4:  MOVF   21,W
031E6:  SUBLW  03
031E8:  BNZ   3212
.................... 		lcd_linha1(); 
031EA:  CALL   2650
.................... 		lcd_escreve(SMSG9_1); 
031EE:  MOVLB  1
031F0:  CLRF   x82
031F2:  MOVF   x82,W
031F4:  MOVLB  0
031F6:  CALL   145A
031FA:  IORLW  00
031FC:  BZ    3210
031FE:  MOVLB  1
03200:  INCF   x82,F
03202:  MOVWF  xC1
03204:  MOVLB  0
03206:  CALL   265E
0320A:  MOVLB  1
0320C:  BRA    31F2
0320E:  MOVLB  0
.................... 		tela1_2(); 
03210:  RCALL  2C6A
.................... 	}	 
....................  
.................... } 
03212:  GOTO   57B2 (RETURN)
.................... void tela10() 
.................... { 
.................... 	if (IDIOMA==1){ 
03216:  DECFSZ 21,W
03218:  BRA    3244
.................... 		lcd_linha1(); 
0321A:  CALL   2650
.................... 		lcd_escreve(MSG10_1); 
0321E:  MOVLB  1
03220:  CLRF   x82
03222:  MOVF   x82,W
03224:  MOVLB  0
03226:  CALL   03EE
0322A:  IORLW  00
0322C:  BZ    3240
0322E:  MOVLB  1
03230:  INCF   x82,F
03232:  MOVWF  xC1
03234:  MOVLB  0
03236:  CALL   265E
0323A:  MOVLB  1
0323C:  BRA    3222
0323E:  MOVLB  0
.................... 		tela1_2(); 
03240:  RCALL  2C6A
.................... 	}else if(IDIOMA==2){ 
03242:  BRA    32A2
03244:  MOVF   21,W
03246:  SUBLW  02
03248:  BNZ   3274
.................... 		lcd_linha1(); 
0324A:  CALL   2650
.................... 		lcd_escreve(IMSG10_1); 
0324E:  MOVLB  1
03250:  CLRF   x82
03252:  MOVF   x82,W
03254:  MOVLB  0
03256:  CALL   03EE
0325A:  IORLW  00
0325C:  BZ    3270
0325E:  MOVLB  1
03260:  INCF   x82,F
03262:  MOVWF  xC1
03264:  MOVLB  0
03266:  CALL   265E
0326A:  MOVLB  1
0326C:  BRA    3252
0326E:  MOVLB  0
.................... 		tela1_2(); 
03270:  RCALL  2C6A
.................... 	}else if(IDIOMA==3){ 
03272:  BRA    32A2
03274:  MOVF   21,W
03276:  SUBLW  03
03278:  BNZ   32A2
.................... 		lcd_linha1(); 
0327A:  CALL   2650
.................... 		lcd_escreve(SMSG10_1); 
0327E:  MOVLB  1
03280:  CLRF   x82
03282:  MOVF   x82,W
03284:  MOVLB  0
03286:  CALL   03EE
0328A:  IORLW  00
0328C:  BZ    32A0
0328E:  MOVLB  1
03290:  INCF   x82,F
03292:  MOVWF  xC1
03294:  MOVLB  0
03296:  CALL   265E
0329A:  MOVLB  1
0329C:  BRA    3282
0329E:  MOVLB  0
.................... 		tela1_2(); 
032A0:  RCALL  2C6A
.................... 	}	 
.................... } 
032A2:  GOTO   57DA (RETURN)
.................... void tela11() 
.................... { 
.................... 	if (IDIOMA==1){ 
032A6:  DECFSZ 21,W
032A8:  BRA    32F8
.................... 		lcd_linha1(); 
032AA:  CALL   2650
.................... 		lcd_escreve(MSG11_1); 
032AE:  MOVLB  1
032B0:  CLRF   x82
032B2:  MOVF   x82,W
032B4:  MOVLB  0
032B6:  CALL   041A
032BA:  IORLW  00
032BC:  BZ    32D0
032BE:  MOVLB  1
032C0:  INCF   x82,F
032C2:  MOVWF  xC1
032C4:  MOVLB  0
032C6:  CALL   265E
032CA:  MOVLB  1
032CC:  BRA    32B2
032CE:  MOVLB  0
.................... 		lcd_linha2(); 
032D0:  CALL   266E
.................... 		lcd_escreve(MSG11_2); 
032D4:  MOVLB  1
032D6:  CLRF   x82
032D8:  MOVF   x82,W
032DA:  MOVLB  0
032DC:  CALL   0446
032E0:  IORLW  00
032E2:  BZ    32F6
032E4:  MOVLB  1
032E6:  INCF   x82,F
032E8:  MOVWF  xC1
032EA:  MOVLB  0
032EC:  CALL   265E
032F0:  MOVLB  1
032F2:  BRA    32D8
032F4:  MOVLB  0
.................... 	}else if(IDIOMA==2){ 
032F6:  BRA    339C
032F8:  MOVF   21,W
032FA:  SUBLW  02
032FC:  BNZ   334C
.................... 		lcd_linha1(); 
032FE:  CALL   2650
.................... 		lcd_escreve(IMSG11_1); 
03302:  MOVLB  1
03304:  CLRF   x82
03306:  MOVF   x82,W
03308:  MOVLB  0
0330A:  CALL   0E2A
0330E:  IORLW  00
03310:  BZ    3324
03312:  MOVLB  1
03314:  INCF   x82,F
03316:  MOVWF  xC1
03318:  MOVLB  0
0331A:  CALL   265E
0331E:  MOVLB  1
03320:  BRA    3306
03322:  MOVLB  0
.................... 		lcd_linha2(); 
03324:  CALL   266E
.................... 		lcd_escreve(IMSG11_2); 
03328:  MOVLB  1
0332A:  CLRF   x82
0332C:  MOVF   x82,W
0332E:  MOVLB  0
03330:  CALL   0E56
03334:  IORLW  00
03336:  BZ    334A
03338:  MOVLB  1
0333A:  INCF   x82,F
0333C:  MOVWF  xC1
0333E:  MOVLB  0
03340:  CALL   265E
03344:  MOVLB  1
03346:  BRA    332C
03348:  MOVLB  0
.................... 	}else if(IDIOMA==3){ 
0334A:  BRA    339C
0334C:  MOVF   21,W
0334E:  SUBLW  03
03350:  BNZ   339C
.................... 		lcd_linha1(); 
03352:  CALL   2650
.................... 		lcd_escreve(SMSG11_1); 
03356:  MOVLB  1
03358:  CLRF   x82
0335A:  MOVF   x82,W
0335C:  MOVLB  0
0335E:  CALL   1486
03362:  IORLW  00
03364:  BZ    3378
03366:  MOVLB  1
03368:  INCF   x82,F
0336A:  MOVWF  xC1
0336C:  MOVLB  0
0336E:  CALL   265E
03372:  MOVLB  1
03374:  BRA    335A
03376:  MOVLB  0
.................... 		lcd_linha2(); 
03378:  CALL   266E
.................... 		lcd_escreve(SMSG11_2); 
0337C:  MOVLB  1
0337E:  CLRF   x82
03380:  MOVF   x82,W
03382:  MOVLB  0
03384:  CALL   14B2
03388:  IORLW  00
0338A:  BZ    339C
0338C:  MOVLB  1
0338E:  INCF   x82,F
03390:  MOVWF  xC1
03392:  MOVLB  0
03394:  CALL   265E
03398:  MOVLB  1
0339A:  BRA    3380
0339C:  MOVLB  0
.................... 	}	 
....................  
.................... 	 
.................... } 
0339E:  RETLW  00
....................  
.................... void tela12() 
.................... { 
.................... 	if (IDIOMA==1){ 
*
03612:  DECFSZ 21,W
03614:  BRA    36A2
.................... 		lcd_linha1(); 
03616:  CALL   2650
.................... 		lcd_escreve(MSG12_1); 
0361A:  MOVLB  1
0361C:  CLRF   x82
0361E:  MOVF   x82,W
03620:  MOVLB  0
03622:  CALL   0472
03626:  IORLW  00
03628:  BZ    363C
0362A:  MOVLB  1
0362C:  INCF   x82,F
0362E:  MOVWF  xC1
03630:  MOVLB  0
03632:  CALL   265E
03636:  MOVLB  1
03638:  BRA    361E
0363A:  MOVLB  0
.................... 		lcd_linha2(); 
0363C:  CALL   266E
.................... 		lcd_escreve(MSG12_2); 
03640:  MOVLW  3C
03642:  MOVLB  1
03644:  MOVWF  xC1
03646:  MOVLB  0
03648:  CALL   265E
.................... 		lcd_escreve("   "); 
0364C:  MOVLB  1
0364E:  CLRF   x82
03650:  MOVF   x82,W
03652:  MOVLB  0
03654:  CALL   18A6
03658:  IORLW  00
0365A:  BZ    366E
0365C:  MOVLB  1
0365E:  INCF   x82,F
03660:  MOVWF  xC1
03662:  MOVLB  0
03664:  CALL   265E
03668:  MOVLB  1
0366A:  BRA    3650
0366C:  MOVLB  0
.................... 		lcd_posicaoxy(9,2); 
0366E:  MOVLW  09
03670:  MOVLB  1
03672:  MOVWF  x92
03674:  MOVLW  02
03676:  MOVWF  x93
03678:  MOVLB  0
0367A:  CALL   262A
.................... 		lcd_escreve(MSG12_2a); 
0367E:  MOVLB  1
03680:  CLRF   x82
03682:  MOVF   x82,W
03684:  MOVLB  0
03686:  CALL   049E
0368A:  IORLW  00
0368C:  BZ    36A0
0368E:  MOVLB  1
03690:  INCF   x82,F
03692:  MOVWF  xC1
03694:  MOVLB  0
03696:  CALL   265E
0369A:  MOVLB  1
0369C:  BRA    3682
0369E:  MOVLB  0
.................... 	}else if(IDIOMA==2){ 
036A0:  BRA    37C2
036A2:  MOVF   21,W
036A4:  SUBLW  02
036A6:  BNZ   3734
.................... 		lcd_linha1(); 
036A8:  CALL   2650
.................... 		lcd_escreve(IMSG12_1); 
036AC:  MOVLB  1
036AE:  CLRF   x82
036B0:  MOVF   x82,W
036B2:  MOVLB  0
036B4:  CALL   0E82
036B8:  IORLW  00
036BA:  BZ    36CE
036BC:  MOVLB  1
036BE:  INCF   x82,F
036C0:  MOVWF  xC1
036C2:  MOVLB  0
036C4:  CALL   265E
036C8:  MOVLB  1
036CA:  BRA    36B0
036CC:  MOVLB  0
.................... 		lcd_linha2(); 
036CE:  CALL   266E
.................... 		lcd_escreve(IMSG12_2); 
036D2:  MOVLW  3C
036D4:  MOVLB  1
036D6:  MOVWF  xC1
036D8:  MOVLB  0
036DA:  CALL   265E
.................... 		lcd_escreve("   "); 
036DE:  MOVLB  1
036E0:  CLRF   x82
036E2:  MOVF   x82,W
036E4:  MOVLB  0
036E6:  CALL   18A6
036EA:  IORLW  00
036EC:  BZ    3700
036EE:  MOVLB  1
036F0:  INCF   x82,F
036F2:  MOVWF  xC1
036F4:  MOVLB  0
036F6:  CALL   265E
036FA:  MOVLB  1
036FC:  BRA    36E2
036FE:  MOVLB  0
.................... 		lcd_posicaoxy(9,2); 
03700:  MOVLW  09
03702:  MOVLB  1
03704:  MOVWF  x92
03706:  MOVLW  02
03708:  MOVWF  x93
0370A:  MOVLB  0
0370C:  CALL   262A
.................... 		lcd_escreve(IMSG12_2a); 
03710:  MOVLB  1
03712:  CLRF   x82
03714:  MOVF   x82,W
03716:  MOVLB  0
03718:  CALL   049E
0371C:  IORLW  00
0371E:  BZ    3732
03720:  MOVLB  1
03722:  INCF   x82,F
03724:  MOVWF  xC1
03726:  MOVLB  0
03728:  CALL   265E
0372C:  MOVLB  1
0372E:  BRA    3714
03730:  MOVLB  0
.................... 	}else if(IDIOMA==3){ 
03732:  BRA    37C2
03734:  MOVF   21,W
03736:  SUBLW  03
03738:  BNZ   37C2
.................... 		lcd_linha1(); 
0373A:  CALL   2650
.................... 		lcd_escreve(SMSG12_1); 
0373E:  MOVLB  1
03740:  CLRF   x82
03742:  MOVF   x82,W
03744:  MOVLB  0
03746:  CALL   14DE
0374A:  IORLW  00
0374C:  BZ    3760
0374E:  MOVLB  1
03750:  INCF   x82,F
03752:  MOVWF  xC1
03754:  MOVLB  0
03756:  CALL   265E
0375A:  MOVLB  1
0375C:  BRA    3742
0375E:  MOVLB  0
.................... 		lcd_linha2(); 
03760:  CALL   266E
.................... 		lcd_escreve(SMSG12_2); 
03764:  MOVLW  3C
03766:  MOVLB  1
03768:  MOVWF  xC1
0376A:  MOVLB  0
0376C:  CALL   265E
.................... 		lcd_escreve("   "); 
03770:  MOVLB  1
03772:  CLRF   x82
03774:  MOVF   x82,W
03776:  MOVLB  0
03778:  CALL   18A6
0377C:  IORLW  00
0377E:  BZ    3792
03780:  MOVLB  1
03782:  INCF   x82,F
03784:  MOVWF  xC1
03786:  MOVLB  0
03788:  CALL   265E
0378C:  MOVLB  1
0378E:  BRA    3774
03790:  MOVLB  0
.................... 		lcd_posicaoxy(9,2); 
03792:  MOVLW  09
03794:  MOVLB  1
03796:  MOVWF  x92
03798:  MOVLW  02
0379A:  MOVWF  x93
0379C:  MOVLB  0
0379E:  CALL   262A
.................... 		lcd_escreve(SMSG12_2a); 
037A2:  MOVLB  1
037A4:  CLRF   x82
037A6:  MOVF   x82,W
037A8:  MOVLB  0
037AA:  CALL   049E
037AE:  IORLW  00
037B0:  BZ    37C2
037B2:  MOVLB  1
037B4:  INCF   x82,F
037B6:  MOVWF  xC1
037B8:  MOVLB  0
037BA:  CALL   265E
037BE:  MOVLB  1
037C0:  BRA    37A6
037C2:  MOVLB  0
.................... 	}	 
.................... } 
037C4:  GOTO   586C (RETURN)
....................  
.................... void tela13() 
.................... { 
.................... 	if (IDIOMA==1){ 
*
03A28:  DECFSZ 21,W
03A2A:  BRA    3AB8
.................... 		lcd_linha1(); 
03A2C:  CALL   2650
.................... 		lcd_escreve(MSG13_1); 
03A30:  MOVLB  1
03A32:  CLRF   x82
03A34:  MOVF   x82,W
03A36:  MOVLB  0
03A38:  CALL   04E6
03A3C:  IORLW  00
03A3E:  BZ    3A52
03A40:  MOVLB  1
03A42:  INCF   x82,F
03A44:  MOVWF  xC1
03A46:  MOVLB  0
03A48:  CALL   265E
03A4C:  MOVLB  1
03A4E:  BRA    3A34
03A50:  MOVLB  0
.................... 		lcd_linha2(); 
03A52:  CALL   266E
.................... 		lcd_escreve(MSG12_2); 
03A56:  MOVLW  3C
03A58:  MOVLB  1
03A5A:  MOVWF  xC1
03A5C:  MOVLB  0
03A5E:  CALL   265E
.................... 		lcd_escreve("   "); 
03A62:  MOVLB  1
03A64:  CLRF   x82
03A66:  MOVF   x82,W
03A68:  MOVLB  0
03A6A:  CALL   18A6
03A6E:  IORLW  00
03A70:  BZ    3A84
03A72:  MOVLB  1
03A74:  INCF   x82,F
03A76:  MOVWF  xC1
03A78:  MOVLB  0
03A7A:  CALL   265E
03A7E:  MOVLB  1
03A80:  BRA    3A66
03A82:  MOVLB  0
.................... 		lcd_posicaoxy(9,2); 
03A84:  MOVLW  09
03A86:  MOVLB  1
03A88:  MOVWF  x92
03A8A:  MOVLW  02
03A8C:  MOVWF  x93
03A8E:  MOVLB  0
03A90:  CALL   262A
.................... 		lcd_escreve(MSG12_2a); 
03A94:  MOVLB  1
03A96:  CLRF   x82
03A98:  MOVF   x82,W
03A9A:  MOVLB  0
03A9C:  CALL   049E
03AA0:  IORLW  00
03AA2:  BZ    3AB6
03AA4:  MOVLB  1
03AA6:  INCF   x82,F
03AA8:  MOVWF  xC1
03AAA:  MOVLB  0
03AAC:  CALL   265E
03AB0:  MOVLB  1
03AB2:  BRA    3A98
03AB4:  MOVLB  0
.................... 	}else if(IDIOMA==2){ 
03AB6:  BRA    3BD8
03AB8:  MOVF   21,W
03ABA:  SUBLW  02
03ABC:  BNZ   3B4A
.................... 		lcd_linha1(); 
03ABE:  CALL   2650
.................... 		lcd_escreve(IMSG13_1); 
03AC2:  MOVLB  1
03AC4:  CLRF   x82
03AC6:  MOVF   x82,W
03AC8:  MOVLB  0
03ACA:  CALL   0EAE
03ACE:  IORLW  00
03AD0:  BZ    3AE4
03AD2:  MOVLB  1
03AD4:  INCF   x82,F
03AD6:  MOVWF  xC1
03AD8:  MOVLB  0
03ADA:  CALL   265E
03ADE:  MOVLB  1
03AE0:  BRA    3AC6
03AE2:  MOVLB  0
.................... 		lcd_linha2(); 
03AE4:  CALL   266E
.................... 		lcd_escreve(IMSG12_2); 
03AE8:  MOVLW  3C
03AEA:  MOVLB  1
03AEC:  MOVWF  xC1
03AEE:  MOVLB  0
03AF0:  CALL   265E
.................... 		lcd_escreve("   "); 
03AF4:  MOVLB  1
03AF6:  CLRF   x82
03AF8:  MOVF   x82,W
03AFA:  MOVLB  0
03AFC:  CALL   18A6
03B00:  IORLW  00
03B02:  BZ    3B16
03B04:  MOVLB  1
03B06:  INCF   x82,F
03B08:  MOVWF  xC1
03B0A:  MOVLB  0
03B0C:  CALL   265E
03B10:  MOVLB  1
03B12:  BRA    3AF8
03B14:  MOVLB  0
.................... 		lcd_posicaoxy(9,2); 
03B16:  MOVLW  09
03B18:  MOVLB  1
03B1A:  MOVWF  x92
03B1C:  MOVLW  02
03B1E:  MOVWF  x93
03B20:  MOVLB  0
03B22:  CALL   262A
.................... 		lcd_escreve(IMSG12_2a); 
03B26:  MOVLB  1
03B28:  CLRF   x82
03B2A:  MOVF   x82,W
03B2C:  MOVLB  0
03B2E:  CALL   049E
03B32:  IORLW  00
03B34:  BZ    3B48
03B36:  MOVLB  1
03B38:  INCF   x82,F
03B3A:  MOVWF  xC1
03B3C:  MOVLB  0
03B3E:  CALL   265E
03B42:  MOVLB  1
03B44:  BRA    3B2A
03B46:  MOVLB  0
.................... 	}else if(IDIOMA==3){ 
03B48:  BRA    3BD8
03B4A:  MOVF   21,W
03B4C:  SUBLW  03
03B4E:  BNZ   3BD8
.................... 		lcd_linha1(); 
03B50:  CALL   2650
.................... 		lcd_escreve(SMSG13_1); 
03B54:  MOVLB  1
03B56:  CLRF   x82
03B58:  MOVF   x82,W
03B5A:  MOVLB  0
03B5C:  CALL   150A
03B60:  IORLW  00
03B62:  BZ    3B76
03B64:  MOVLB  1
03B66:  INCF   x82,F
03B68:  MOVWF  xC1
03B6A:  MOVLB  0
03B6C:  CALL   265E
03B70:  MOVLB  1
03B72:  BRA    3B58
03B74:  MOVLB  0
.................... 		lcd_linha2(); 
03B76:  CALL   266E
.................... 		lcd_escreve(SMSG12_2); 
03B7A:  MOVLW  3C
03B7C:  MOVLB  1
03B7E:  MOVWF  xC1
03B80:  MOVLB  0
03B82:  CALL   265E
.................... 		lcd_escreve("   "); 
03B86:  MOVLB  1
03B88:  CLRF   x82
03B8A:  MOVF   x82,W
03B8C:  MOVLB  0
03B8E:  CALL   18A6
03B92:  IORLW  00
03B94:  BZ    3BA8
03B96:  MOVLB  1
03B98:  INCF   x82,F
03B9A:  MOVWF  xC1
03B9C:  MOVLB  0
03B9E:  CALL   265E
03BA2:  MOVLB  1
03BA4:  BRA    3B8A
03BA6:  MOVLB  0
.................... 		lcd_posicaoxy(9,2); 
03BA8:  MOVLW  09
03BAA:  MOVLB  1
03BAC:  MOVWF  x92
03BAE:  MOVLW  02
03BB0:  MOVWF  x93
03BB2:  MOVLB  0
03BB4:  CALL   262A
.................... 		lcd_escreve(SMSG12_2a); 
03BB8:  MOVLB  1
03BBA:  CLRF   x82
03BBC:  MOVF   x82,W
03BBE:  MOVLB  0
03BC0:  CALL   049E
03BC4:  IORLW  00
03BC6:  BZ    3BD8
03BC8:  MOVLB  1
03BCA:  INCF   x82,F
03BCC:  MOVWF  xC1
03BCE:  MOVLB  0
03BD0:  CALL   265E
03BD4:  MOVLB  1
03BD6:  BRA    3BBC
03BD8:  MOVLB  0
.................... 	} 
.................... } 
03BDA:  GOTO   5914 (RETURN)
....................  
.................... void tela14() 
.................... { 
.................... 	if (IDIOMA==1){ 
03BDE:  DECFSZ 21,W
03BE0:  BRA    3C6E
.................... 		lcd_linha1(); 
03BE2:  CALL   2650
.................... 		lcd_escreve(MSG14_1); 
03BE6:  MOVLB  1
03BE8:  CLRF   x82
03BEA:  MOVF   x82,W
03BEC:  MOVLB  0
03BEE:  CALL   0512
03BF2:  IORLW  00
03BF4:  BZ    3C08
03BF6:  MOVLB  1
03BF8:  INCF   x82,F
03BFA:  MOVWF  xC1
03BFC:  MOVLB  0
03BFE:  CALL   265E
03C02:  MOVLB  1
03C04:  BRA    3BEA
03C06:  MOVLB  0
.................... 		lcd_linha2(); 
03C08:  CALL   266E
.................... 		lcd_escreve(MSG12_2); 
03C0C:  MOVLW  3C
03C0E:  MOVLB  1
03C10:  MOVWF  xC1
03C12:  MOVLB  0
03C14:  CALL   265E
.................... 		lcd_escreve("   "); 
03C18:  MOVLB  1
03C1A:  CLRF   x82
03C1C:  MOVF   x82,W
03C1E:  MOVLB  0
03C20:  CALL   18A6
03C24:  IORLW  00
03C26:  BZ    3C3A
03C28:  MOVLB  1
03C2A:  INCF   x82,F
03C2C:  MOVWF  xC1
03C2E:  MOVLB  0
03C30:  CALL   265E
03C34:  MOVLB  1
03C36:  BRA    3C1C
03C38:  MOVLB  0
.................... 		lcd_posicaoxy(9,2); 
03C3A:  MOVLW  09
03C3C:  MOVLB  1
03C3E:  MOVWF  x92
03C40:  MOVLW  02
03C42:  MOVWF  x93
03C44:  MOVLB  0
03C46:  CALL   262A
.................... 		lcd_escreve(MSG12_2a); 
03C4A:  MOVLB  1
03C4C:  CLRF   x82
03C4E:  MOVF   x82,W
03C50:  MOVLB  0
03C52:  CALL   049E
03C56:  IORLW  00
03C58:  BZ    3C6C
03C5A:  MOVLB  1
03C5C:  INCF   x82,F
03C5E:  MOVWF  xC1
03C60:  MOVLB  0
03C62:  CALL   265E
03C66:  MOVLB  1
03C68:  BRA    3C4E
03C6A:  MOVLB  0
.................... 	}else if(IDIOMA==2){ 
03C6C:  BRA    3D8E
03C6E:  MOVF   21,W
03C70:  SUBLW  02
03C72:  BNZ   3D00
.................... 		lcd_linha1(); 
03C74:  CALL   2650
.................... 		lcd_escreve(IMSG14_1); 
03C78:  MOVLB  1
03C7A:  CLRF   x82
03C7C:  MOVF   x82,W
03C7E:  MOVLB  0
03C80:  CALL   0EDA
03C84:  IORLW  00
03C86:  BZ    3C9A
03C88:  MOVLB  1
03C8A:  INCF   x82,F
03C8C:  MOVWF  xC1
03C8E:  MOVLB  0
03C90:  CALL   265E
03C94:  MOVLB  1
03C96:  BRA    3C7C
03C98:  MOVLB  0
.................... 		lcd_linha2(); 
03C9A:  CALL   266E
.................... 		lcd_escreve(IMSG12_2); 
03C9E:  MOVLW  3C
03CA0:  MOVLB  1
03CA2:  MOVWF  xC1
03CA4:  MOVLB  0
03CA6:  CALL   265E
.................... 		lcd_escreve("   "); 
03CAA:  MOVLB  1
03CAC:  CLRF   x82
03CAE:  MOVF   x82,W
03CB0:  MOVLB  0
03CB2:  CALL   18A6
03CB6:  IORLW  00
03CB8:  BZ    3CCC
03CBA:  MOVLB  1
03CBC:  INCF   x82,F
03CBE:  MOVWF  xC1
03CC0:  MOVLB  0
03CC2:  CALL   265E
03CC6:  MOVLB  1
03CC8:  BRA    3CAE
03CCA:  MOVLB  0
.................... 		lcd_posicaoxy(9,2); 
03CCC:  MOVLW  09
03CCE:  MOVLB  1
03CD0:  MOVWF  x92
03CD2:  MOVLW  02
03CD4:  MOVWF  x93
03CD6:  MOVLB  0
03CD8:  CALL   262A
.................... 		lcd_escreve(IMSG12_2a); 
03CDC:  MOVLB  1
03CDE:  CLRF   x82
03CE0:  MOVF   x82,W
03CE2:  MOVLB  0
03CE4:  CALL   049E
03CE8:  IORLW  00
03CEA:  BZ    3CFE
03CEC:  MOVLB  1
03CEE:  INCF   x82,F
03CF0:  MOVWF  xC1
03CF2:  MOVLB  0
03CF4:  CALL   265E
03CF8:  MOVLB  1
03CFA:  BRA    3CE0
03CFC:  MOVLB  0
.................... 	}else if(IDIOMA==3){ 
03CFE:  BRA    3D8E
03D00:  MOVF   21,W
03D02:  SUBLW  03
03D04:  BNZ   3D8E
.................... 		lcd_linha1(); 
03D06:  CALL   2650
.................... 		lcd_escreve(SMSG14_1); 
03D0A:  MOVLB  1
03D0C:  CLRF   x82
03D0E:  MOVF   x82,W
03D10:  MOVLB  0
03D12:  CALL   1536
03D16:  IORLW  00
03D18:  BZ    3D2C
03D1A:  MOVLB  1
03D1C:  INCF   x82,F
03D1E:  MOVWF  xC1
03D20:  MOVLB  0
03D22:  CALL   265E
03D26:  MOVLB  1
03D28:  BRA    3D0E
03D2A:  MOVLB  0
.................... 		lcd_linha2(); 
03D2C:  CALL   266E
.................... 		lcd_escreve(SMSG12_2); 
03D30:  MOVLW  3C
03D32:  MOVLB  1
03D34:  MOVWF  xC1
03D36:  MOVLB  0
03D38:  CALL   265E
.................... 		lcd_escreve("   "); 
03D3C:  MOVLB  1
03D3E:  CLRF   x82
03D40:  MOVF   x82,W
03D42:  MOVLB  0
03D44:  CALL   18A6
03D48:  IORLW  00
03D4A:  BZ    3D5E
03D4C:  MOVLB  1
03D4E:  INCF   x82,F
03D50:  MOVWF  xC1
03D52:  MOVLB  0
03D54:  CALL   265E
03D58:  MOVLB  1
03D5A:  BRA    3D40
03D5C:  MOVLB  0
.................... 		lcd_posicaoxy(9,2); 
03D5E:  MOVLW  09
03D60:  MOVLB  1
03D62:  MOVWF  x92
03D64:  MOVLW  02
03D66:  MOVWF  x93
03D68:  MOVLB  0
03D6A:  CALL   262A
.................... 		lcd_escreve(SMSG12_2a); 
03D6E:  MOVLB  1
03D70:  CLRF   x82
03D72:  MOVF   x82,W
03D74:  MOVLB  0
03D76:  CALL   049E
03D7A:  IORLW  00
03D7C:  BZ    3D8E
03D7E:  MOVLB  1
03D80:  INCF   x82,F
03D82:  MOVWF  xC1
03D84:  MOVLB  0
03D86:  CALL   265E
03D8A:  MOVLB  1
03D8C:  BRA    3D72
03D8E:  MOVLB  0
.................... 	} 
.................... } 
03D90:  GOTO   59A6 (RETURN)
....................  
.................... void tela15() 
.................... { 
.................... 	if (IDIOMA==1){ 
03D94:  DECFSZ 21,W
03D96:  BRA    3E24
.................... 		lcd_linha1(); 
03D98:  CALL   2650
.................... 		lcd_escreve(MSG15_1); 
03D9C:  MOVLB  1
03D9E:  CLRF   x82
03DA0:  MOVF   x82,W
03DA2:  MOVLB  0
03DA4:  CALL   053E
03DA8:  IORLW  00
03DAA:  BZ    3DBE
03DAC:  MOVLB  1
03DAE:  INCF   x82,F
03DB0:  MOVWF  xC1
03DB2:  MOVLB  0
03DB4:  CALL   265E
03DB8:  MOVLB  1
03DBA:  BRA    3DA0
03DBC:  MOVLB  0
.................... 		lcd_linha2(); 
03DBE:  CALL   266E
.................... 		lcd_escreve(MSG12_2); 
03DC2:  MOVLW  3C
03DC4:  MOVLB  1
03DC6:  MOVWF  xC1
03DC8:  MOVLB  0
03DCA:  CALL   265E
.................... 		lcd_escreve("   "); 
03DCE:  MOVLB  1
03DD0:  CLRF   x82
03DD2:  MOVF   x82,W
03DD4:  MOVLB  0
03DD6:  CALL   18A6
03DDA:  IORLW  00
03DDC:  BZ    3DF0
03DDE:  MOVLB  1
03DE0:  INCF   x82,F
03DE2:  MOVWF  xC1
03DE4:  MOVLB  0
03DE6:  CALL   265E
03DEA:  MOVLB  1
03DEC:  BRA    3DD2
03DEE:  MOVLB  0
.................... 		lcd_posicaoxy(9,2); 
03DF0:  MOVLW  09
03DF2:  MOVLB  1
03DF4:  MOVWF  x92
03DF6:  MOVLW  02
03DF8:  MOVWF  x93
03DFA:  MOVLB  0
03DFC:  CALL   262A
.................... 		lcd_escreve(MSG12_2a); 
03E00:  MOVLB  1
03E02:  CLRF   x82
03E04:  MOVF   x82,W
03E06:  MOVLB  0
03E08:  CALL   049E
03E0C:  IORLW  00
03E0E:  BZ    3E22
03E10:  MOVLB  1
03E12:  INCF   x82,F
03E14:  MOVWF  xC1
03E16:  MOVLB  0
03E18:  CALL   265E
03E1C:  MOVLB  1
03E1E:  BRA    3E04
03E20:  MOVLB  0
.................... 	}else if(IDIOMA==2){ 
03E22:  BRA    3F44
03E24:  MOVF   21,W
03E26:  SUBLW  02
03E28:  BNZ   3EB6
.................... 		lcd_linha1(); 
03E2A:  CALL   2650
.................... 		lcd_escreve(IMSG15_1); 
03E2E:  MOVLB  1
03E30:  CLRF   x82
03E32:  MOVF   x82,W
03E34:  MOVLB  0
03E36:  CALL   0F06
03E3A:  IORLW  00
03E3C:  BZ    3E50
03E3E:  MOVLB  1
03E40:  INCF   x82,F
03E42:  MOVWF  xC1
03E44:  MOVLB  0
03E46:  CALL   265E
03E4A:  MOVLB  1
03E4C:  BRA    3E32
03E4E:  MOVLB  0
.................... 		lcd_linha2(); 
03E50:  CALL   266E
.................... 		lcd_escreve(IMSG12_2); 
03E54:  MOVLW  3C
03E56:  MOVLB  1
03E58:  MOVWF  xC1
03E5A:  MOVLB  0
03E5C:  CALL   265E
.................... 		lcd_escreve("   "); 
03E60:  MOVLB  1
03E62:  CLRF   x82
03E64:  MOVF   x82,W
03E66:  MOVLB  0
03E68:  CALL   18A6
03E6C:  IORLW  00
03E6E:  BZ    3E82
03E70:  MOVLB  1
03E72:  INCF   x82,F
03E74:  MOVWF  xC1
03E76:  MOVLB  0
03E78:  CALL   265E
03E7C:  MOVLB  1
03E7E:  BRA    3E64
03E80:  MOVLB  0
.................... 		lcd_posicaoxy(9,2); 
03E82:  MOVLW  09
03E84:  MOVLB  1
03E86:  MOVWF  x92
03E88:  MOVLW  02
03E8A:  MOVWF  x93
03E8C:  MOVLB  0
03E8E:  CALL   262A
.................... 		lcd_escreve(IMSG12_2a); 
03E92:  MOVLB  1
03E94:  CLRF   x82
03E96:  MOVF   x82,W
03E98:  MOVLB  0
03E9A:  CALL   049E
03E9E:  IORLW  00
03EA0:  BZ    3EB4
03EA2:  MOVLB  1
03EA4:  INCF   x82,F
03EA6:  MOVWF  xC1
03EA8:  MOVLB  0
03EAA:  CALL   265E
03EAE:  MOVLB  1
03EB0:  BRA    3E96
03EB2:  MOVLB  0
.................... 	}else if(IDIOMA==3){ 
03EB4:  BRA    3F44
03EB6:  MOVF   21,W
03EB8:  SUBLW  03
03EBA:  BNZ   3F44
.................... 		lcd_linha1(); 
03EBC:  CALL   2650
.................... 		lcd_escreve(SMSG15_1); 
03EC0:  MOVLB  1
03EC2:  CLRF   x82
03EC4:  MOVF   x82,W
03EC6:  MOVLB  0
03EC8:  CALL   1562
03ECC:  IORLW  00
03ECE:  BZ    3EE2
03ED0:  MOVLB  1
03ED2:  INCF   x82,F
03ED4:  MOVWF  xC1
03ED6:  MOVLB  0
03ED8:  CALL   265E
03EDC:  MOVLB  1
03EDE:  BRA    3EC4
03EE0:  MOVLB  0
.................... 		lcd_linha2(); 
03EE2:  CALL   266E
.................... 		lcd_escreve(SMSG12_2); 
03EE6:  MOVLW  3C
03EE8:  MOVLB  1
03EEA:  MOVWF  xC1
03EEC:  MOVLB  0
03EEE:  CALL   265E
.................... 		lcd_escreve("   "); 
03EF2:  MOVLB  1
03EF4:  CLRF   x82
03EF6:  MOVF   x82,W
03EF8:  MOVLB  0
03EFA:  CALL   18A6
03EFE:  IORLW  00
03F00:  BZ    3F14
03F02:  MOVLB  1
03F04:  INCF   x82,F
03F06:  MOVWF  xC1
03F08:  MOVLB  0
03F0A:  CALL   265E
03F0E:  MOVLB  1
03F10:  BRA    3EF6
03F12:  MOVLB  0
.................... 		lcd_posicaoxy(9,2); 
03F14:  MOVLW  09
03F16:  MOVLB  1
03F18:  MOVWF  x92
03F1A:  MOVLW  02
03F1C:  MOVWF  x93
03F1E:  MOVLB  0
03F20:  CALL   262A
.................... 		lcd_escreve(SMSG12_2a); 
03F24:  MOVLB  1
03F26:  CLRF   x82
03F28:  MOVF   x82,W
03F2A:  MOVLB  0
03F2C:  CALL   049E
03F30:  IORLW  00
03F32:  BZ    3F44
03F34:  MOVLB  1
03F36:  INCF   x82,F
03F38:  MOVWF  xC1
03F3A:  MOVLB  0
03F3C:  CALL   265E
03F40:  MOVLB  1
03F42:  BRA    3F28
03F44:  MOVLB  0
.................... 	} 
.................... } 
03F46:  GOTO   5A38 (RETURN)
.................... void tela17() 
.................... { 
.................... 	if (IDIOMA==1){ 
03F4A:  DECFSZ 21,W
03F4C:  BRA    3F9C
.................... 		lcd_linha1(); 
03F4E:  CALL   2650
.................... 		lcd_escreve(MSG17_1); 
03F52:  MOVLB  1
03F54:  CLRF   x82
03F56:  MOVF   x82,W
03F58:  MOVLB  0
03F5A:  CALL   056A
03F5E:  IORLW  00
03F60:  BZ    3F74
03F62:  MOVLB  1
03F64:  INCF   x82,F
03F66:  MOVWF  xC1
03F68:  MOVLB  0
03F6A:  CALL   265E
03F6E:  MOVLB  1
03F70:  BRA    3F56
03F72:  MOVLB  0
.................... 		lcd_linha2(); 
03F74:  CALL   266E
.................... 		lcd_escreve(MSG17_2); 
03F78:  MOVLB  1
03F7A:  CLRF   x82
03F7C:  MOVF   x82,W
03F7E:  MOVLB  0
03F80:  CALL   0596
03F84:  IORLW  00
03F86:  BZ    3F9A
03F88:  MOVLB  1
03F8A:  INCF   x82,F
03F8C:  MOVWF  xC1
03F8E:  MOVLB  0
03F90:  CALL   265E
03F94:  MOVLB  1
03F96:  BRA    3F7C
03F98:  MOVLB  0
.................... 	}else if(IDIOMA==2){ 
03F9A:  BRA    4040
03F9C:  MOVF   21,W
03F9E:  SUBLW  02
03FA0:  BNZ   3FF0
.................... 		lcd_linha1(); 
03FA2:  CALL   2650
.................... 		lcd_escreve(IMSG17_1); 
03FA6:  MOVLB  1
03FA8:  CLRF   x82
03FAA:  MOVF   x82,W
03FAC:  MOVLB  0
03FAE:  CALL   0F32
03FB2:  IORLW  00
03FB4:  BZ    3FC8
03FB6:  MOVLB  1
03FB8:  INCF   x82,F
03FBA:  MOVWF  xC1
03FBC:  MOVLB  0
03FBE:  CALL   265E
03FC2:  MOVLB  1
03FC4:  BRA    3FAA
03FC6:  MOVLB  0
.................... 		lcd_linha2(); 
03FC8:  CALL   266E
.................... 		lcd_escreve(IMSG17_2); 
03FCC:  MOVLB  1
03FCE:  CLRF   x82
03FD0:  MOVF   x82,W
03FD2:  MOVLB  0
03FD4:  CALL   0596
03FD8:  IORLW  00
03FDA:  BZ    3FEE
03FDC:  MOVLB  1
03FDE:  INCF   x82,F
03FE0:  MOVWF  xC1
03FE2:  MOVLB  0
03FE4:  CALL   265E
03FE8:  MOVLB  1
03FEA:  BRA    3FD0
03FEC:  MOVLB  0
.................... 	}else if(IDIOMA==3){ 
03FEE:  BRA    4040
03FF0:  MOVF   21,W
03FF2:  SUBLW  03
03FF4:  BNZ   4040
.................... 		lcd_linha1(); 
03FF6:  CALL   2650
.................... 		lcd_escreve(SMSG17_1); 
03FFA:  MOVLB  1
03FFC:  CLRF   x82
03FFE:  MOVF   x82,W
04000:  MOVLB  0
04002:  CALL   056A
04006:  IORLW  00
04008:  BZ    401C
0400A:  MOVLB  1
0400C:  INCF   x82,F
0400E:  MOVWF  xC1
04010:  MOVLB  0
04012:  CALL   265E
04016:  MOVLB  1
04018:  BRA    3FFE
0401A:  MOVLB  0
.................... 		lcd_linha2(); 
0401C:  CALL   266E
.................... 		lcd_escreve(SMSG17_2); 
04020:  MOVLB  1
04022:  CLRF   x82
04024:  MOVF   x82,W
04026:  MOVLB  0
04028:  CALL   0596
0402C:  IORLW  00
0402E:  BZ    4040
04030:  MOVLB  1
04032:  INCF   x82,F
04034:  MOVWF  xC1
04036:  MOVLB  0
04038:  CALL   265E
0403C:  MOVLB  1
0403E:  BRA    4024
04040:  MOVLB  0
.................... 	} 
.................... } 
04042:  GOTO   5AA8 (RETURN)
....................  
....................  
....................  
.................... void tela21() 
.................... { 
.................... 	if (IDIOMA==1){ 
04046:  DECFSZ 21,W
04048:  BRA    4098
.................... 		lcd_linha1(); 
0404A:  CALL   2650
.................... 		lcd_escreve(MSG21_1); 
0404E:  MOVLB  1
04050:  CLRF   x82
04052:  MOVF   x82,W
04054:  MOVLB  0
04056:  CALL   05C2
0405A:  IORLW  00
0405C:  BZ    4070
0405E:  MOVLB  1
04060:  INCF   x82,F
04062:  MOVWF  xC1
04064:  MOVLB  0
04066:  CALL   265E
0406A:  MOVLB  1
0406C:  BRA    4052
0406E:  MOVLB  0
.................... 		lcd_linha2(); 
04070:  CALL   266E
.................... 		lcd_escreve(MSG11_2); 
04074:  MOVLB  1
04076:  CLRF   x82
04078:  MOVF   x82,W
0407A:  MOVLB  0
0407C:  CALL   0446
04080:  IORLW  00
04082:  BZ    4096
04084:  MOVLB  1
04086:  INCF   x82,F
04088:  MOVWF  xC1
0408A:  MOVLB  0
0408C:  CALL   265E
04090:  MOVLB  1
04092:  BRA    4078
04094:  MOVLB  0
.................... 	}else if(IDIOMA==2){ 
04096:  BRA    413C
04098:  MOVF   21,W
0409A:  SUBLW  02
0409C:  BNZ   40EC
.................... 		lcd_linha1(); 
0409E:  CALL   2650
.................... 		lcd_escreve(IMSG21_1); 
040A2:  MOVLB  1
040A4:  CLRF   x82
040A6:  MOVF   x82,W
040A8:  MOVLB  0
040AA:  CALL   0F5E
040AE:  IORLW  00
040B0:  BZ    40C4
040B2:  MOVLB  1
040B4:  INCF   x82,F
040B6:  MOVWF  xC1
040B8:  MOVLB  0
040BA:  CALL   265E
040BE:  MOVLB  1
040C0:  BRA    40A6
040C2:  MOVLB  0
.................... 		lcd_linha2(); 
040C4:  CALL   266E
.................... 		lcd_escreve(IMSG11_2); 
040C8:  MOVLB  1
040CA:  CLRF   x82
040CC:  MOVF   x82,W
040CE:  MOVLB  0
040D0:  CALL   0E56
040D4:  IORLW  00
040D6:  BZ    40EA
040D8:  MOVLB  1
040DA:  INCF   x82,F
040DC:  MOVWF  xC1
040DE:  MOVLB  0
040E0:  CALL   265E
040E4:  MOVLB  1
040E6:  BRA    40CC
040E8:  MOVLB  0
.................... 	}else if(IDIOMA==3){ 
040EA:  BRA    413C
040EC:  MOVF   21,W
040EE:  SUBLW  03
040F0:  BNZ   413C
.................... 		lcd_linha1(); 
040F2:  CALL   2650
.................... 		lcd_escreve(SMSG21_1); 
040F6:  MOVLB  1
040F8:  CLRF   x82
040FA:  MOVF   x82,W
040FC:  MOVLB  0
040FE:  CALL   158E
04102:  IORLW  00
04104:  BZ    4118
04106:  MOVLB  1
04108:  INCF   x82,F
0410A:  MOVWF  xC1
0410C:  MOVLB  0
0410E:  CALL   265E
04112:  MOVLB  1
04114:  BRA    40FA
04116:  MOVLB  0
.................... 		lcd_linha2(); 
04118:  CALL   266E
.................... 		lcd_escreve(SMSG11_2); 
0411C:  MOVLB  1
0411E:  CLRF   x82
04120:  MOVF   x82,W
04122:  MOVLB  0
04124:  CALL   14B2
04128:  IORLW  00
0412A:  BZ    413C
0412C:  MOVLB  1
0412E:  INCF   x82,F
04130:  MOVWF  xC1
04132:  MOVLB  0
04134:  CALL   265E
04138:  MOVLB  1
0413A:  BRA    4120
0413C:  MOVLB  0
.................... 	} 
.................... 	 
.................... } 
0413E:  GOTO   5AEC (RETURN)
....................  
.................... void tela22() 
.................... { 
.................... 	if (IDIOMA==1){ 
04142:  DECFSZ 21,W
04144:  BRA    41D2
.................... 		lcd_linha1(); 
04146:  CALL   2650
.................... 		lcd_escreve(MSG22_1); 
0414A:  MOVLB  1
0414C:  CLRF   x82
0414E:  MOVF   x82,W
04150:  MOVLB  0
04152:  CALL   05EE
04156:  IORLW  00
04158:  BZ    416C
0415A:  MOVLB  1
0415C:  INCF   x82,F
0415E:  MOVWF  xC1
04160:  MOVLB  0
04162:  CALL   265E
04166:  MOVLB  1
04168:  BRA    414E
0416A:  MOVLB  0
.................... 		lcd_linha2(); 
0416C:  CALL   266E
.................... 		lcd_escreve(MSG12_2); 
04170:  MOVLW  3C
04172:  MOVLB  1
04174:  MOVWF  xC1
04176:  MOVLB  0
04178:  CALL   265E
.................... 		lcd_escreve("   "); 
0417C:  MOVLB  1
0417E:  CLRF   x82
04180:  MOVF   x82,W
04182:  MOVLB  0
04184:  CALL   18A6
04188:  IORLW  00
0418A:  BZ    419E
0418C:  MOVLB  1
0418E:  INCF   x82,F
04190:  MOVWF  xC1
04192:  MOVLB  0
04194:  CALL   265E
04198:  MOVLB  1
0419A:  BRA    4180
0419C:  MOVLB  0
.................... 		lcd_posicaoxy(9,2); 
0419E:  MOVLW  09
041A0:  MOVLB  1
041A2:  MOVWF  x92
041A4:  MOVLW  02
041A6:  MOVWF  x93
041A8:  MOVLB  0
041AA:  CALL   262A
.................... 		lcd_escreve(MSG12_2a); 
041AE:  MOVLB  1
041B0:  CLRF   x82
041B2:  MOVF   x82,W
041B4:  MOVLB  0
041B6:  CALL   049E
041BA:  IORLW  00
041BC:  BZ    41D0
041BE:  MOVLB  1
041C0:  INCF   x82,F
041C2:  MOVWF  xC1
041C4:  MOVLB  0
041C6:  CALL   265E
041CA:  MOVLB  1
041CC:  BRA    41B2
041CE:  MOVLB  0
.................... 	}else if(IDIOMA==2){ 
041D0:  BRA    42F2
041D2:  MOVF   21,W
041D4:  SUBLW  02
041D6:  BNZ   4264
.................... 		lcd_linha1(); 
041D8:  CALL   2650
.................... 		lcd_escreve(IMSG22_1); 
041DC:  MOVLB  1
041DE:  CLRF   x82
041E0:  MOVF   x82,W
041E2:  MOVLB  0
041E4:  CALL   0F8A
041E8:  IORLW  00
041EA:  BZ    41FE
041EC:  MOVLB  1
041EE:  INCF   x82,F
041F0:  MOVWF  xC1
041F2:  MOVLB  0
041F4:  CALL   265E
041F8:  MOVLB  1
041FA:  BRA    41E0
041FC:  MOVLB  0
.................... 		lcd_linha2(); 
041FE:  CALL   266E
.................... 		lcd_escreve(IMSG12_2); 
04202:  MOVLW  3C
04204:  MOVLB  1
04206:  MOVWF  xC1
04208:  MOVLB  0
0420A:  CALL   265E
.................... 		lcd_escreve("   "); 
0420E:  MOVLB  1
04210:  CLRF   x82
04212:  MOVF   x82,W
04214:  MOVLB  0
04216:  CALL   18A6
0421A:  IORLW  00
0421C:  BZ    4230
0421E:  MOVLB  1
04220:  INCF   x82,F
04222:  MOVWF  xC1
04224:  MOVLB  0
04226:  CALL   265E
0422A:  MOVLB  1
0422C:  BRA    4212
0422E:  MOVLB  0
.................... 		lcd_posicaoxy(9,2); 
04230:  MOVLW  09
04232:  MOVLB  1
04234:  MOVWF  x92
04236:  MOVLW  02
04238:  MOVWF  x93
0423A:  MOVLB  0
0423C:  CALL   262A
.................... 		lcd_escreve(IMSG12_2a); 
04240:  MOVLB  1
04242:  CLRF   x82
04244:  MOVF   x82,W
04246:  MOVLB  0
04248:  CALL   049E
0424C:  IORLW  00
0424E:  BZ    4262
04250:  MOVLB  1
04252:  INCF   x82,F
04254:  MOVWF  xC1
04256:  MOVLB  0
04258:  CALL   265E
0425C:  MOVLB  1
0425E:  BRA    4244
04260:  MOVLB  0
.................... 	}else if(IDIOMA==3){ 
04262:  BRA    42F2
04264:  MOVF   21,W
04266:  SUBLW  03
04268:  BNZ   42F2
.................... 		lcd_linha1(); 
0426A:  CALL   2650
.................... 		lcd_escreve(SMSG22_1); 
0426E:  MOVLB  1
04270:  CLRF   x82
04272:  MOVF   x82,W
04274:  MOVLB  0
04276:  CALL   15BA
0427A:  IORLW  00
0427C:  BZ    4290
0427E:  MOVLB  1
04280:  INCF   x82,F
04282:  MOVWF  xC1
04284:  MOVLB  0
04286:  CALL   265E
0428A:  MOVLB  1
0428C:  BRA    4272
0428E:  MOVLB  0
.................... 		lcd_linha2(); 
04290:  CALL   266E
.................... 		lcd_escreve(SMSG12_2); 
04294:  MOVLW  3C
04296:  MOVLB  1
04298:  MOVWF  xC1
0429A:  MOVLB  0
0429C:  CALL   265E
.................... 		lcd_escreve("   "); 
042A0:  MOVLB  1
042A2:  CLRF   x82
042A4:  MOVF   x82,W
042A6:  MOVLB  0
042A8:  CALL   18A6
042AC:  IORLW  00
042AE:  BZ    42C2
042B0:  MOVLB  1
042B2:  INCF   x82,F
042B4:  MOVWF  xC1
042B6:  MOVLB  0
042B8:  CALL   265E
042BC:  MOVLB  1
042BE:  BRA    42A4
042C0:  MOVLB  0
.................... 		lcd_posicaoxy(9,2); 
042C2:  MOVLW  09
042C4:  MOVLB  1
042C6:  MOVWF  x92
042C8:  MOVLW  02
042CA:  MOVWF  x93
042CC:  MOVLB  0
042CE:  CALL   262A
.................... 		lcd_escreve(SMSG12_2a); 
042D2:  MOVLB  1
042D4:  CLRF   x82
042D6:  MOVF   x82,W
042D8:  MOVLB  0
042DA:  CALL   049E
042DE:  IORLW  00
042E0:  BZ    42F2
042E2:  MOVLB  1
042E4:  INCF   x82,F
042E6:  MOVWF  xC1
042E8:  MOVLB  0
042EA:  CALL   265E
042EE:  MOVLB  1
042F0:  BRA    42D6
042F2:  MOVLB  0
.................... 	} 
....................  
.................... } 
042F4:  GOTO   5B56 (RETURN)
....................  
....................  
.................... void tela52() 
.................... { 
.................... 	if (IDIOMA==1){ 
042F8:  DECFSZ 21,W
042FA:  BRA    4388
.................... 		lcd_linha1(); 
042FC:  CALL   2650
.................... 		lcd_escreve(MSG52_1); 
04300:  MOVLB  1
04302:  CLRF   x82
04304:  MOVF   x82,W
04306:  MOVLB  0
04308:  CALL   061A
0430C:  IORLW  00
0430E:  BZ    4322
04310:  MOVLB  1
04312:  INCF   x82,F
04314:  MOVWF  xC1
04316:  MOVLB  0
04318:  CALL   265E
0431C:  MOVLB  1
0431E:  BRA    4304
04320:  MOVLB  0
.................... 		lcd_linha2(); 
04322:  CALL   266E
.................... 		lcd_escreve(MSG12_2); 
04326:  MOVLW  3C
04328:  MOVLB  1
0432A:  MOVWF  xC1
0432C:  MOVLB  0
0432E:  CALL   265E
.................... 		lcd_escreve("   "); 
04332:  MOVLB  1
04334:  CLRF   x82
04336:  MOVF   x82,W
04338:  MOVLB  0
0433A:  CALL   18A6
0433E:  IORLW  00
04340:  BZ    4354
04342:  MOVLB  1
04344:  INCF   x82,F
04346:  MOVWF  xC1
04348:  MOVLB  0
0434A:  CALL   265E
0434E:  MOVLB  1
04350:  BRA    4336
04352:  MOVLB  0
.................... 		lcd_posicaoxy(9,2); 
04354:  MOVLW  09
04356:  MOVLB  1
04358:  MOVWF  x92
0435A:  MOVLW  02
0435C:  MOVWF  x93
0435E:  MOVLB  0
04360:  CALL   262A
.................... 		lcd_escreve(MSG12_2a); 
04364:  MOVLB  1
04366:  CLRF   x82
04368:  MOVF   x82,W
0436A:  MOVLB  0
0436C:  CALL   049E
04370:  IORLW  00
04372:  BZ    4386
04374:  MOVLB  1
04376:  INCF   x82,F
04378:  MOVWF  xC1
0437A:  MOVLB  0
0437C:  CALL   265E
04380:  MOVLB  1
04382:  BRA    4368
04384:  MOVLB  0
.................... 	}else if(IDIOMA==2){ 
04386:  BRA    44A8
04388:  MOVF   21,W
0438A:  SUBLW  02
0438C:  BNZ   441A
.................... 		lcd_linha1(); 
0438E:  CALL   2650
.................... 		lcd_escreve(IMSG52_1); 
04392:  MOVLB  1
04394:  CLRF   x82
04396:  MOVF   x82,W
04398:  MOVLB  0
0439A:  CALL   0FB6
0439E:  IORLW  00
043A0:  BZ    43B4
043A2:  MOVLB  1
043A4:  INCF   x82,F
043A6:  MOVWF  xC1
043A8:  MOVLB  0
043AA:  CALL   265E
043AE:  MOVLB  1
043B0:  BRA    4396
043B2:  MOVLB  0
.................... 		lcd_linha2(); 
043B4:  CALL   266E
.................... 		lcd_escreve(IMSG12_2); 
043B8:  MOVLW  3C
043BA:  MOVLB  1
043BC:  MOVWF  xC1
043BE:  MOVLB  0
043C0:  CALL   265E
.................... 		lcd_escreve("   "); 
043C4:  MOVLB  1
043C6:  CLRF   x82
043C8:  MOVF   x82,W
043CA:  MOVLB  0
043CC:  CALL   18A6
043D0:  IORLW  00
043D2:  BZ    43E6
043D4:  MOVLB  1
043D6:  INCF   x82,F
043D8:  MOVWF  xC1
043DA:  MOVLB  0
043DC:  CALL   265E
043E0:  MOVLB  1
043E2:  BRA    43C8
043E4:  MOVLB  0
.................... 		lcd_posicaoxy(9,2); 
043E6:  MOVLW  09
043E8:  MOVLB  1
043EA:  MOVWF  x92
043EC:  MOVLW  02
043EE:  MOVWF  x93
043F0:  MOVLB  0
043F2:  CALL   262A
.................... 		lcd_escreve(IMSG12_2a); 
043F6:  MOVLB  1
043F8:  CLRF   x82
043FA:  MOVF   x82,W
043FC:  MOVLB  0
043FE:  CALL   049E
04402:  IORLW  00
04404:  BZ    4418
04406:  MOVLB  1
04408:  INCF   x82,F
0440A:  MOVWF  xC1
0440C:  MOVLB  0
0440E:  CALL   265E
04412:  MOVLB  1
04414:  BRA    43FA
04416:  MOVLB  0
.................... 	}else if(IDIOMA==3){ 
04418:  BRA    44A8
0441A:  MOVF   21,W
0441C:  SUBLW  03
0441E:  BNZ   44A8
.................... 		lcd_linha1(); 
04420:  CALL   2650
.................... 		lcd_escreve(SMSG52_1); 
04424:  MOVLB  1
04426:  CLRF   x82
04428:  MOVF   x82,W
0442A:  MOVLB  0
0442C:  CALL   15E6
04430:  IORLW  00
04432:  BZ    4446
04434:  MOVLB  1
04436:  INCF   x82,F
04438:  MOVWF  xC1
0443A:  MOVLB  0
0443C:  CALL   265E
04440:  MOVLB  1
04442:  BRA    4428
04444:  MOVLB  0
.................... 		lcd_linha2(); 
04446:  CALL   266E
.................... 		lcd_escreve(SMSG12_2); 
0444A:  MOVLW  3C
0444C:  MOVLB  1
0444E:  MOVWF  xC1
04450:  MOVLB  0
04452:  CALL   265E
.................... 		lcd_escreve("   "); 
04456:  MOVLB  1
04458:  CLRF   x82
0445A:  MOVF   x82,W
0445C:  MOVLB  0
0445E:  CALL   18A6
04462:  IORLW  00
04464:  BZ    4478
04466:  MOVLB  1
04468:  INCF   x82,F
0446A:  MOVWF  xC1
0446C:  MOVLB  0
0446E:  CALL   265E
04472:  MOVLB  1
04474:  BRA    445A
04476:  MOVLB  0
.................... 		lcd_posicaoxy(9,2); 
04478:  MOVLW  09
0447A:  MOVLB  1
0447C:  MOVWF  x92
0447E:  MOVLW  02
04480:  MOVWF  x93
04482:  MOVLB  0
04484:  CALL   262A
.................... 		lcd_escreve(SMSG12_2a); 
04488:  MOVLB  1
0448A:  CLRF   x82
0448C:  MOVF   x82,W
0448E:  MOVLB  0
04490:  CALL   049E
04494:  IORLW  00
04496:  BZ    44A8
04498:  MOVLB  1
0449A:  INCF   x82,F
0449C:  MOVWF  xC1
0449E:  MOVLB  0
044A0:  CALL   265E
044A4:  MOVLB  1
044A6:  BRA    448C
044A8:  MOVLB  0
.................... 	} 
....................  
....................  
.................... } 
044AA:  GOTO   5C5A (RETURN)
....................  
.................... void tela92() 
.................... { 
.................... 	if (IDIOMA==1){ 
044AE:  DECFSZ 21,W
044B0:  BRA    453E
.................... 		lcd_linha1(); 
044B2:  CALL   2650
.................... 		lcd_escreve(MSG92_1); 
044B6:  MOVLB  1
044B8:  CLRF   x82
044BA:  MOVF   x82,W
044BC:  MOVLB  0
044BE:  CALL   0646
044C2:  IORLW  00
044C4:  BZ    44D8
044C6:  MOVLB  1
044C8:  INCF   x82,F
044CA:  MOVWF  xC1
044CC:  MOVLB  0
044CE:  CALL   265E
044D2:  MOVLB  1
044D4:  BRA    44BA
044D6:  MOVLB  0
.................... 		lcd_linha2(); 
044D8:  CALL   266E
.................... 		lcd_escreve(MSG12_2); 
044DC:  MOVLW  3C
044DE:  MOVLB  1
044E0:  MOVWF  xC1
044E2:  MOVLB  0
044E4:  CALL   265E
.................... 		lcd_escreve("   "); 
044E8:  MOVLB  1
044EA:  CLRF   x82
044EC:  MOVF   x82,W
044EE:  MOVLB  0
044F0:  CALL   18A6
044F4:  IORLW  00
044F6:  BZ    450A
044F8:  MOVLB  1
044FA:  INCF   x82,F
044FC:  MOVWF  xC1
044FE:  MOVLB  0
04500:  CALL   265E
04504:  MOVLB  1
04506:  BRA    44EC
04508:  MOVLB  0
.................... 		lcd_posicaoxy(9,2); 
0450A:  MOVLW  09
0450C:  MOVLB  1
0450E:  MOVWF  x92
04510:  MOVLW  02
04512:  MOVWF  x93
04514:  MOVLB  0
04516:  CALL   262A
.................... 		lcd_escreve(MSG12_2a); 
0451A:  MOVLB  1
0451C:  CLRF   x82
0451E:  MOVF   x82,W
04520:  MOVLB  0
04522:  CALL   049E
04526:  IORLW  00
04528:  BZ    453C
0452A:  MOVLB  1
0452C:  INCF   x82,F
0452E:  MOVWF  xC1
04530:  MOVLB  0
04532:  CALL   265E
04536:  MOVLB  1
04538:  BRA    451E
0453A:  MOVLB  0
.................... 	}else if(IDIOMA==2){ 
0453C:  BRA    465E
0453E:  MOVF   21,W
04540:  SUBLW  02
04542:  BNZ   45D0
.................... 		lcd_linha1(); 
04544:  CALL   2650
.................... 		lcd_escreve(IMSG92_1); 
04548:  MOVLB  1
0454A:  CLRF   x82
0454C:  MOVF   x82,W
0454E:  MOVLB  0
04550:  CALL   0FE2
04554:  IORLW  00
04556:  BZ    456A
04558:  MOVLB  1
0455A:  INCF   x82,F
0455C:  MOVWF  xC1
0455E:  MOVLB  0
04560:  CALL   265E
04564:  MOVLB  1
04566:  BRA    454C
04568:  MOVLB  0
.................... 		lcd_linha2(); 
0456A:  CALL   266E
.................... 		lcd_escreve(IMSG12_2); 
0456E:  MOVLW  3C
04570:  MOVLB  1
04572:  MOVWF  xC1
04574:  MOVLB  0
04576:  CALL   265E
.................... 		lcd_escreve("   "); 
0457A:  MOVLB  1
0457C:  CLRF   x82
0457E:  MOVF   x82,W
04580:  MOVLB  0
04582:  CALL   18A6
04586:  IORLW  00
04588:  BZ    459C
0458A:  MOVLB  1
0458C:  INCF   x82,F
0458E:  MOVWF  xC1
04590:  MOVLB  0
04592:  CALL   265E
04596:  MOVLB  1
04598:  BRA    457E
0459A:  MOVLB  0
.................... 		lcd_posicaoxy(9,2); 
0459C:  MOVLW  09
0459E:  MOVLB  1
045A0:  MOVWF  x92
045A2:  MOVLW  02
045A4:  MOVWF  x93
045A6:  MOVLB  0
045A8:  CALL   262A
.................... 		lcd_escreve(IMSG12_2a); 
045AC:  MOVLB  1
045AE:  CLRF   x82
045B0:  MOVF   x82,W
045B2:  MOVLB  0
045B4:  CALL   049E
045B8:  IORLW  00
045BA:  BZ    45CE
045BC:  MOVLB  1
045BE:  INCF   x82,F
045C0:  MOVWF  xC1
045C2:  MOVLB  0
045C4:  CALL   265E
045C8:  MOVLB  1
045CA:  BRA    45B0
045CC:  MOVLB  0
.................... 	}else if(IDIOMA==3){ 
045CE:  BRA    465E
045D0:  MOVF   21,W
045D2:  SUBLW  03
045D4:  BNZ   465E
.................... 		lcd_linha1(); 
045D6:  CALL   2650
.................... 		lcd_escreve(SMSG92_1); 
045DA:  MOVLB  1
045DC:  CLRF   x82
045DE:  MOVF   x82,W
045E0:  MOVLB  0
045E2:  CALL   1612
045E6:  IORLW  00
045E8:  BZ    45FC
045EA:  MOVLB  1
045EC:  INCF   x82,F
045EE:  MOVWF  xC1
045F0:  MOVLB  0
045F2:  CALL   265E
045F6:  MOVLB  1
045F8:  BRA    45DE
045FA:  MOVLB  0
.................... 		lcd_linha2(); 
045FC:  CALL   266E
.................... 		lcd_escreve(SMSG12_2); 
04600:  MOVLW  3C
04602:  MOVLB  1
04604:  MOVWF  xC1
04606:  MOVLB  0
04608:  CALL   265E
.................... 		lcd_escreve("   "); 
0460C:  MOVLB  1
0460E:  CLRF   x82
04610:  MOVF   x82,W
04612:  MOVLB  0
04614:  CALL   18A6
04618:  IORLW  00
0461A:  BZ    462E
0461C:  MOVLB  1
0461E:  INCF   x82,F
04620:  MOVWF  xC1
04622:  MOVLB  0
04624:  CALL   265E
04628:  MOVLB  1
0462A:  BRA    4610
0462C:  MOVLB  0
.................... 		lcd_posicaoxy(9,2); 
0462E:  MOVLW  09
04630:  MOVLB  1
04632:  MOVWF  x92
04634:  MOVLW  02
04636:  MOVWF  x93
04638:  MOVLB  0
0463A:  CALL   262A
.................... 		lcd_escreve(SMSG12_2a); 
0463E:  MOVLB  1
04640:  CLRF   x82
04642:  MOVF   x82,W
04644:  MOVLB  0
04646:  CALL   049E
0464A:  IORLW  00
0464C:  BZ    465E
0464E:  MOVLB  1
04650:  INCF   x82,F
04652:  MOVWF  xC1
04654:  MOVLB  0
04656:  CALL   265E
0465A:  MOVLB  1
0465C:  BRA    4642
0465E:  MOVLB  0
.................... 	} 
....................  
.................... } 
04660:  GOTO   5D1C (RETURN)
.................... void tela99() 
.................... { 
.................... 	if (IDIOMA==1){ 
*
046CC:  DECFSZ 21,W
046CE:  BRA    4750
.................... 		lcd_linha1(); 
046D0:  CALL   2650
.................... 		lcd_escreve(MSG99_1); 
046D4:  MOVLB  1
046D6:  CLRF   x82
046D8:  MOVF   x82,W
046DA:  MOVLB  0
046DC:  CALL   0672
046E0:  IORLW  00
046E2:  BZ    46F6
046E4:  MOVLB  1
046E6:  INCF   x82,F
046E8:  MOVWF  xC1
046EA:  MOVLB  0
046EC:  CALL   265E
046F0:  MOVLB  1
046F2:  BRA    46D8
046F4:  MOVLB  0
.................... 		lcd_linha2(); 
046F6:  CALL   266E
.................... 		lcd_escreve("      "); 
046FA:  MOVLB  1
046FC:  CLRF   x82
046FE:  MOVF   x82,W
04700:  MOVLB  0
04702:  CALL   18C4
04706:  IORLW  00
04708:  BZ    471C
0470A:  MOVLB  1
0470C:  INCF   x82,F
0470E:  MOVWF  xC1
04710:  MOVLB  0
04712:  CALL   265E
04716:  MOVLB  1
04718:  BRA    46FE
0471A:  MOVLB  0
.................... 		lcd_posicaoxy(9,2); 
0471C:  MOVLW  09
0471E:  MOVLB  1
04720:  MOVWF  x92
04722:  MOVLW  02
04724:  MOVWF  x93
04726:  MOVLB  0
04728:  CALL   262A
.................... 		lcd_escreve(MSG99_2); 
0472C:  MOVLB  1
0472E:  CLRF   x82
04730:  MOVF   x82,W
04732:  MOVLB  0
04734:  CALL   069E
04738:  IORLW  00
0473A:  BZ    474E
0473C:  MOVLB  1
0473E:  INCF   x82,F
04740:  MOVWF  xC1
04742:  MOVLB  0
04744:  CALL   265E
04748:  MOVLB  1
0474A:  BRA    4730
0474C:  MOVLB  0
.................... 	}else if(IDIOMA==2){ 
0474E:  BRA    4858
04750:  MOVF   21,W
04752:  SUBLW  02
04754:  BNZ   47D6
.................... 		lcd_linha1(); 
04756:  CALL   2650
.................... 		lcd_escreve(IMSG99_1); 
0475A:  MOVLB  1
0475C:  CLRF   x82
0475E:  MOVF   x82,W
04760:  MOVLB  0
04762:  CALL   100E
04766:  IORLW  00
04768:  BZ    477C
0476A:  MOVLB  1
0476C:  INCF   x82,F
0476E:  MOVWF  xC1
04770:  MOVLB  0
04772:  CALL   265E
04776:  MOVLB  1
04778:  BRA    475E
0477A:  MOVLB  0
.................... 		lcd_linha2(); 
0477C:  CALL   266E
.................... 		lcd_escreve("      "); 
04780:  MOVLB  1
04782:  CLRF   x82
04784:  MOVF   x82,W
04786:  MOVLB  0
04788:  CALL   18C4
0478C:  IORLW  00
0478E:  BZ    47A2
04790:  MOVLB  1
04792:  INCF   x82,F
04794:  MOVWF  xC1
04796:  MOVLB  0
04798:  CALL   265E
0479C:  MOVLB  1
0479E:  BRA    4784
047A0:  MOVLB  0
.................... 		lcd_posicaoxy(9,2); 
047A2:  MOVLW  09
047A4:  MOVLB  1
047A6:  MOVWF  x92
047A8:  MOVLW  02
047AA:  MOVWF  x93
047AC:  MOVLB  0
047AE:  CALL   262A
.................... 		lcd_escreve(IMSG99_2); 
047B2:  MOVLB  1
047B4:  CLRF   x82
047B6:  MOVF   x82,W
047B8:  MOVLB  0
047BA:  CALL   069E
047BE:  IORLW  00
047C0:  BZ    47D4
047C2:  MOVLB  1
047C4:  INCF   x82,F
047C6:  MOVWF  xC1
047C8:  MOVLB  0
047CA:  CALL   265E
047CE:  MOVLB  1
047D0:  BRA    47B6
047D2:  MOVLB  0
.................... 	}else if(IDIOMA==3){ 
047D4:  BRA    4858
047D6:  MOVF   21,W
047D8:  SUBLW  03
047DA:  BNZ   4858
.................... 		lcd_linha1(); 
047DC:  CALL   2650
.................... 		lcd_escreve(SMSG99_1); 
047E0:  MOVLB  1
047E2:  CLRF   x82
047E4:  MOVF   x82,W
047E6:  MOVLB  0
047E8:  CALL   0672
047EC:  IORLW  00
047EE:  BZ    4802
047F0:  MOVLB  1
047F2:  INCF   x82,F
047F4:  MOVWF  xC1
047F6:  MOVLB  0
047F8:  CALL   265E
047FC:  MOVLB  1
047FE:  BRA    47E4
04800:  MOVLB  0
.................... 		lcd_linha2(); 
04802:  CALL   266E
.................... 		lcd_escreve("      "); 
04806:  MOVLB  1
04808:  CLRF   x82
0480A:  MOVF   x82,W
0480C:  MOVLB  0
0480E:  CALL   18C4
04812:  IORLW  00
04814:  BZ    4828
04816:  MOVLB  1
04818:  INCF   x82,F
0481A:  MOVWF  xC1
0481C:  MOVLB  0
0481E:  CALL   265E
04822:  MOVLB  1
04824:  BRA    480A
04826:  MOVLB  0
.................... 		lcd_posicaoxy(9,2); 
04828:  MOVLW  09
0482A:  MOVLB  1
0482C:  MOVWF  x92
0482E:  MOVLW  02
04830:  MOVWF  x93
04832:  MOVLB  0
04834:  CALL   262A
.................... 		lcd_escreve(SMSG99_2); 
04838:  MOVLB  1
0483A:  CLRF   x82
0483C:  MOVF   x82,W
0483E:  MOVLB  0
04840:  CALL   069E
04844:  IORLW  00
04846:  BZ    4858
04848:  MOVLB  1
0484A:  INCF   x82,F
0484C:  MOVWF  xC1
0484E:  MOVLB  0
04850:  CALL   265E
04854:  MOVLB  1
04856:  BRA    483C
04858:  MOVLB  0
.................... 	} 
.................... 	 
.................... } 
0485A:  GOTO   5DB2 (RETURN)
.................... void tela100() 
.................... { 
.................... 	if (IDIOMA==1){ 
*
048FE:  DECFSZ 21,W
04900:  BRA    4950
.................... 		lcd_linha1(); 
04902:  CALL   2650
.................... 		lcd_escreve(MSG100_1); 
04906:  MOVLB  1
04908:  CLRF   x82
0490A:  MOVF   x82,W
0490C:  MOVLB  0
0490E:  CALL   06CA
04912:  IORLW  00
04914:  BZ    4928
04916:  MOVLB  1
04918:  INCF   x82,F
0491A:  MOVWF  xC1
0491C:  MOVLB  0
0491E:  CALL   265E
04922:  MOVLB  1
04924:  BRA    490A
04926:  MOVLB  0
.................... 		lcd_linha2(); 
04928:  CALL   266E
.................... 		lcd_escreve(MSG100_2); 
0492C:  MOVLB  1
0492E:  CLRF   x82
04930:  MOVF   x82,W
04932:  MOVLB  0
04934:  CALL   06F6
04938:  IORLW  00
0493A:  BZ    494E
0493C:  MOVLB  1
0493E:  INCF   x82,F
04940:  MOVWF  xC1
04942:  MOVLB  0
04944:  CALL   265E
04948:  MOVLB  1
0494A:  BRA    4930
0494C:  MOVLB  0
.................... 	}else if(IDIOMA==2){ 
0494E:  BRA    49F4
04950:  MOVF   21,W
04952:  SUBLW  02
04954:  BNZ   49A4
.................... 		lcd_linha1(); 
04956:  CALL   2650
.................... 		lcd_escreve(IMSG100_1); 
0495A:  MOVLB  1
0495C:  CLRF   x82
0495E:  MOVF   x82,W
04960:  MOVLB  0
04962:  CALL   103A
04966:  IORLW  00
04968:  BZ    497C
0496A:  MOVLB  1
0496C:  INCF   x82,F
0496E:  MOVWF  xC1
04970:  MOVLB  0
04972:  CALL   265E
04976:  MOVLB  1
04978:  BRA    495E
0497A:  MOVLB  0
.................... 		lcd_linha2(); 
0497C:  CALL   266E
.................... 		lcd_escreve(IMSG100_2); 
04980:  MOVLB  1
04982:  CLRF   x82
04984:  MOVF   x82,W
04986:  MOVLB  0
04988:  CALL   1066
0498C:  IORLW  00
0498E:  BZ    49A2
04990:  MOVLB  1
04992:  INCF   x82,F
04994:  MOVWF  xC1
04996:  MOVLB  0
04998:  CALL   265E
0499C:  MOVLB  1
0499E:  BRA    4984
049A0:  MOVLB  0
.................... 	}else if(IDIOMA==3){ 
049A2:  BRA    49F4
049A4:  MOVF   21,W
049A6:  SUBLW  03
049A8:  BNZ   49F4
.................... 		lcd_linha1(); 
049AA:  CALL   2650
.................... 		lcd_escreve(SMSG100_1); 
049AE:  MOVLB  1
049B0:  CLRF   x82
049B2:  MOVF   x82,W
049B4:  MOVLB  0
049B6:  CALL   163E
049BA:  IORLW  00
049BC:  BZ    49D0
049BE:  MOVLB  1
049C0:  INCF   x82,F
049C2:  MOVWF  xC1
049C4:  MOVLB  0
049C6:  CALL   265E
049CA:  MOVLB  1
049CC:  BRA    49B2
049CE:  MOVLB  0
.................... 		lcd_linha2(); 
049D0:  CALL   266E
.................... 		lcd_escreve(SMSG100_2); 
049D4:  MOVLB  1
049D6:  CLRF   x82
049D8:  MOVF   x82,W
049DA:  MOVLB  0
049DC:  CALL   06F6
049E0:  IORLW  00
049E2:  BZ    49F4
049E4:  MOVLB  1
049E6:  INCF   x82,F
049E8:  MOVWF  xC1
049EA:  MOVLB  0
049EC:  CALL   265E
049F0:  MOVLB  1
049F2:  BRA    49D8
049F4:  MOVLB  0
.................... 	} 
.................... 	 
.................... } 
049F6:  GOTO   5E36 (RETURN)
....................  
....................  
.................... void tela102() 
.................... { 
.................... 	if (IDIOMA==1){ 
*
06346:  DECFSZ 21,W
06348:  BRA    639A
.................... 		lcd_linha1(); 
0634A:  CALL   2650
.................... 		lcd_escreve(MSG102_1); 
0634E:  MOVLB  1
06350:  CLRF   x81
06352:  MOVF   x81,W
06354:  MOVLB  0
06356:  CALL   0722
0635A:  IORLW  00
0635C:  BZ    6370
0635E:  MOVLB  1
06360:  INCF   x81,F
06362:  MOVWF  xC1
06364:  MOVLB  0
06366:  CALL   265E
0636A:  MOVLB  1
0636C:  BRA    6352
0636E:  MOVLB  0
.................... 		msg_atualizaTimer(); 
06370:  RCALL  62F0
.................... 		lcd_linha2(); 
06372:  CALL   266E
.................... 		lcd_escreve(MSG100_2); 
06376:  MOVLB  1
06378:  CLRF   x81
0637A:  MOVF   x81,W
0637C:  MOVLB  0
0637E:  CALL   06F6
06382:  IORLW  00
06384:  BZ    6398
06386:  MOVLB  1
06388:  INCF   x81,F
0638A:  MOVWF  xC1
0638C:  MOVLB  0
0638E:  CALL   265E
06392:  MOVLB  1
06394:  BRA    637A
06396:  MOVLB  0
.................... 	}else if(IDIOMA==2){ 
06398:  BRA    6442
0639A:  MOVF   21,W
0639C:  SUBLW  02
0639E:  BNZ   63F0
.................... 		lcd_linha1(); 
063A0:  CALL   2650
.................... 		lcd_escreve(IMSG102_1); 
063A4:  MOVLB  1
063A6:  CLRF   x81
063A8:  MOVF   x81,W
063AA:  MOVLB  0
063AC:  CALL   0722
063B0:  IORLW  00
063B2:  BZ    63C6
063B4:  MOVLB  1
063B6:  INCF   x81,F
063B8:  MOVWF  xC1
063BA:  MOVLB  0
063BC:  CALL   265E
063C0:  MOVLB  1
063C2:  BRA    63A8
063C4:  MOVLB  0
.................... 		msg_atualizaTimer(); 
063C6:  RCALL  62F0
.................... 		lcd_linha2(); 
063C8:  CALL   266E
.................... 		lcd_escreve(IMSG100_2); 
063CC:  MOVLB  1
063CE:  CLRF   x81
063D0:  MOVF   x81,W
063D2:  MOVLB  0
063D4:  CALL   1066
063D8:  IORLW  00
063DA:  BZ    63EE
063DC:  MOVLB  1
063DE:  INCF   x81,F
063E0:  MOVWF  xC1
063E2:  MOVLB  0
063E4:  CALL   265E
063E8:  MOVLB  1
063EA:  BRA    63D0
063EC:  MOVLB  0
.................... 	}else if(IDIOMA==3){ 
063EE:  BRA    6442
063F0:  MOVF   21,W
063F2:  SUBLW  03
063F4:  BNZ   6442
.................... 		lcd_linha1(); 
063F6:  CALL   2650
.................... 		lcd_escreve(SMSG102_1); 
063FA:  MOVLB  1
063FC:  CLRF   x81
063FE:  MOVF   x81,W
06400:  MOVLB  0
06402:  CALL   0722
06406:  IORLW  00
06408:  BZ    641C
0640A:  MOVLB  1
0640C:  INCF   x81,F
0640E:  MOVWF  xC1
06410:  MOVLB  0
06412:  CALL   265E
06416:  MOVLB  1
06418:  BRA    63FE
0641A:  MOVLB  0
.................... 		msg_atualizaTimer(); 
0641C:  RCALL  62F0
.................... 		lcd_linha2(); 
0641E:  CALL   266E
.................... 		lcd_escreve(SMSG100_2); 
06422:  MOVLB  1
06424:  CLRF   x81
06426:  MOVF   x81,W
06428:  MOVLB  0
0642A:  CALL   06F6
0642E:  IORLW  00
06430:  BZ    6442
06432:  MOVLB  1
06434:  INCF   x81,F
06436:  MOVWF  xC1
06438:  MOVLB  0
0643A:  CALL   265E
0643E:  MOVLB  1
06440:  BRA    6426
06442:  MOVLB  0
.................... 	} 
.................... 	 
.................... } 
06444:  RETLW  00
....................  
.................... void tela106() 
.................... { 
.................... 	if (IDIOMA==1){ 
06446:  DECFSZ 21,W
06448:  BRA    6498
.................... 		lcd_linha1(); 
0644A:  CALL   2650
.................... 		lcd_escreve(MSG106_1); 
0644E:  MOVLB  1
06450:  CLRF   x81
06452:  MOVF   x81,W
06454:  MOVLB  0
06456:  CALL   0740
0645A:  IORLW  00
0645C:  BZ    6470
0645E:  MOVLB  1
06460:  INCF   x81,F
06462:  MOVWF  xC1
06464:  MOVLB  0
06466:  CALL   265E
0646A:  MOVLB  1
0646C:  BRA    6452
0646E:  MOVLB  0
.................... 		lcd_linha2(); 
06470:  CALL   266E
.................... 		lcd_escreve(MSG106_2); 
06474:  MOVLB  1
06476:  CLRF   x81
06478:  MOVF   x81,W
0647A:  MOVLB  0
0647C:  CALL   076C
06480:  IORLW  00
06482:  BZ    6496
06484:  MOVLB  1
06486:  INCF   x81,F
06488:  MOVWF  xC1
0648A:  MOVLB  0
0648C:  CALL   265E
06490:  MOVLB  1
06492:  BRA    6478
06494:  MOVLB  0
.................... 	}else if(IDIOMA==2){ 
06496:  BRA    653C
06498:  MOVF   21,W
0649A:  SUBLW  02
0649C:  BNZ   64EC
.................... 		lcd_linha1(); 
0649E:  CALL   2650
.................... 		lcd_escreve(IMSG106_1); 
064A2:  MOVLB  1
064A4:  CLRF   x81
064A6:  MOVF   x81,W
064A8:  MOVLB  0
064AA:  CALL   1092
064AE:  IORLW  00
064B0:  BZ    64C4
064B2:  MOVLB  1
064B4:  INCF   x81,F
064B6:  MOVWF  xC1
064B8:  MOVLB  0
064BA:  CALL   265E
064BE:  MOVLB  1
064C0:  BRA    64A6
064C2:  MOVLB  0
.................... 		lcd_linha2(); 
064C4:  CALL   266E
.................... 		lcd_escreve(IMSG106_2); 
064C8:  MOVLB  1
064CA:  CLRF   x81
064CC:  MOVF   x81,W
064CE:  MOVLB  0
064D0:  CALL   10BE
064D4:  IORLW  00
064D6:  BZ    64EA
064D8:  MOVLB  1
064DA:  INCF   x81,F
064DC:  MOVWF  xC1
064DE:  MOVLB  0
064E0:  CALL   265E
064E4:  MOVLB  1
064E6:  BRA    64CC
064E8:  MOVLB  0
.................... 	}else if(IDIOMA==3){ 
064EA:  BRA    653C
064EC:  MOVF   21,W
064EE:  SUBLW  03
064F0:  BNZ   653C
.................... 		lcd_linha1(); 
064F2:  CALL   2650
.................... 		lcd_escreve(SMSG106_1); 
064F6:  MOVLB  1
064F8:  CLRF   x81
064FA:  MOVF   x81,W
064FC:  MOVLB  0
064FE:  CALL   0740
06502:  IORLW  00
06504:  BZ    6518
06506:  MOVLB  1
06508:  INCF   x81,F
0650A:  MOVWF  xC1
0650C:  MOVLB  0
0650E:  CALL   265E
06512:  MOVLB  1
06514:  BRA    64FA
06516:  MOVLB  0
.................... 		lcd_linha2(); 
06518:  CALL   266E
.................... 		lcd_escreve(SMSG106_2); 
0651C:  MOVLB  1
0651E:  CLRF   x81
06520:  MOVF   x81,W
06522:  MOVLB  0
06524:  CALL   076C
06528:  IORLW  00
0652A:  BZ    653C
0652C:  MOVLB  1
0652E:  INCF   x81,F
06530:  MOVWF  xC1
06532:  MOVLB  0
06534:  CALL   265E
06538:  MOVLB  1
0653A:  BRA    6520
0653C:  MOVLB  0
.................... 	} 
....................  
.................... } 
0653E:  RETLW  00
....................  
.................... void tela110() 
.................... { 
.................... 	if (IDIOMA==1){ 
*
07142:  DECFSZ 21,W
07144:  BRA    7194
.................... 		lcd_linha1(); 
07146:  CALL   2650
.................... 		lcd_escreve(MSG110_1); 
0714A:  MOVLB  1
0714C:  CLRF   x80
0714E:  MOVF   x80,W
07150:  MOVLB  0
07152:  CALL   0798
07156:  IORLW  00
07158:  BZ    716C
0715A:  MOVLB  1
0715C:  INCF   x80,F
0715E:  MOVWF  xC1
07160:  MOVLB  0
07162:  CALL   265E
07166:  MOVLB  1
07168:  BRA    714E
0716A:  MOVLB  0
.................... 		lcd_linha2(); 
0716C:  CALL   266E
.................... 		lcd_escreve(MSG110_2); 
07170:  MOVLB  1
07172:  CLRF   x80
07174:  MOVF   x80,W
07176:  MOVLB  0
07178:  CALL   07C4
0717C:  IORLW  00
0717E:  BZ    7192
07180:  MOVLB  1
07182:  INCF   x80,F
07184:  MOVWF  xC1
07186:  MOVLB  0
07188:  CALL   265E
0718C:  MOVLB  1
0718E:  BRA    7174
07190:  MOVLB  0
.................... 	}else if(IDIOMA==2){ 
07192:  BRA    7238
07194:  MOVF   21,W
07196:  SUBLW  02
07198:  BNZ   71E8
.................... 		lcd_linha1(); 
0719A:  CALL   2650
.................... 		lcd_escreve(IMSG110_1); 
0719E:  MOVLB  1
071A0:  CLRF   x80
071A2:  MOVF   x80,W
071A4:  MOVLB  0
071A6:  CALL   10EA
071AA:  IORLW  00
071AC:  BZ    71C0
071AE:  MOVLB  1
071B0:  INCF   x80,F
071B2:  MOVWF  xC1
071B4:  MOVLB  0
071B6:  CALL   265E
071BA:  MOVLB  1
071BC:  BRA    71A2
071BE:  MOVLB  0
.................... 		lcd_linha2(); 
071C0:  CALL   266E
.................... 		lcd_escreve(IMSG110_2); 
071C4:  MOVLB  1
071C6:  CLRF   x80
071C8:  MOVF   x80,W
071CA:  MOVLB  0
071CC:  CALL   1116
071D0:  IORLW  00
071D2:  BZ    71E6
071D4:  MOVLB  1
071D6:  INCF   x80,F
071D8:  MOVWF  xC1
071DA:  MOVLB  0
071DC:  CALL   265E
071E0:  MOVLB  1
071E2:  BRA    71C8
071E4:  MOVLB  0
.................... 	}else if(IDIOMA==3){ 
071E6:  BRA    7238
071E8:  MOVF   21,W
071EA:  SUBLW  03
071EC:  BNZ   7238
.................... 		lcd_linha1(); 
071EE:  CALL   2650
.................... 		lcd_escreve(SMSG110_1); 
071F2:  MOVLB  1
071F4:  CLRF   x80
071F6:  MOVF   x80,W
071F8:  MOVLB  0
071FA:  CALL   166A
071FE:  IORLW  00
07200:  BZ    7214
07202:  MOVLB  1
07204:  INCF   x80,F
07206:  MOVWF  xC1
07208:  MOVLB  0
0720A:  CALL   265E
0720E:  MOVLB  1
07210:  BRA    71F6
07212:  MOVLB  0
.................... 		lcd_linha2(); 
07214:  CALL   266E
.................... 		lcd_escreve(SMSG110_2); 
07218:  MOVLB  1
0721A:  CLRF   x80
0721C:  MOVF   x80,W
0721E:  MOVLB  0
07220:  CALL   1696
07224:  IORLW  00
07226:  BZ    7238
07228:  MOVLB  1
0722A:  INCF   x80,F
0722C:  MOVWF  xC1
0722E:  MOVLB  0
07230:  CALL   265E
07234:  MOVLB  1
07236:  BRA    721C
07238:  MOVLB  1
.................... 	} 
.................... } 
0723A:  GOTO   C7FE (RETURN)
....................  
.................... void tela111() 
.................... { 
.................... 	if (IDIOMA==1){ 
0723E:  DECFSZ 21,W
07240:  BRA    7290
.................... 		lcd_linha1(); 
07242:  CALL   2650
.................... 		lcd_escreve(MSG110_1); 
07246:  MOVLB  1
07248:  CLRF   x80
0724A:  MOVF   x80,W
0724C:  MOVLB  0
0724E:  CALL   0798
07252:  IORLW  00
07254:  BZ    7268
07256:  MOVLB  1
07258:  INCF   x80,F
0725A:  MOVWF  xC1
0725C:  MOVLB  0
0725E:  CALL   265E
07262:  MOVLB  1
07264:  BRA    724A
07266:  MOVLB  0
.................... 		lcd_linha2(); 
07268:  CALL   266E
.................... 		lcd_escreve(MSG111_2); 
0726C:  MOVLB  1
0726E:  CLRF   x80
07270:  MOVF   x80,W
07272:  MOVLB  0
07274:  CALL   07F0
07278:  IORLW  00
0727A:  BZ    728E
0727C:  MOVLB  1
0727E:  INCF   x80,F
07280:  MOVWF  xC1
07282:  MOVLB  0
07284:  CALL   265E
07288:  MOVLB  1
0728A:  BRA    7270
0728C:  MOVLB  0
.................... 	}else if(IDIOMA==2){ 
0728E:  BRA    7334
07290:  MOVF   21,W
07292:  SUBLW  02
07294:  BNZ   72E4
.................... 		lcd_linha1(); 
07296:  CALL   2650
.................... 		lcd_escreve(IMSG110_1); 
0729A:  MOVLB  1
0729C:  CLRF   x80
0729E:  MOVF   x80,W
072A0:  MOVLB  0
072A2:  CALL   10EA
072A6:  IORLW  00
072A8:  BZ    72BC
072AA:  MOVLB  1
072AC:  INCF   x80,F
072AE:  MOVWF  xC1
072B0:  MOVLB  0
072B2:  CALL   265E
072B6:  MOVLB  1
072B8:  BRA    729E
072BA:  MOVLB  0
.................... 		lcd_linha2(); 
072BC:  CALL   266E
.................... 		lcd_escreve(IMSG111_2); 
072C0:  MOVLB  1
072C2:  CLRF   x80
072C4:  MOVF   x80,W
072C6:  MOVLB  0
072C8:  CALL   1142
072CC:  IORLW  00
072CE:  BZ    72E2
072D0:  MOVLB  1
072D2:  INCF   x80,F
072D4:  MOVWF  xC1
072D6:  MOVLB  0
072D8:  CALL   265E
072DC:  MOVLB  1
072DE:  BRA    72C4
072E0:  MOVLB  0
.................... 	}else if(IDIOMA==3){ 
072E2:  BRA    7334
072E4:  MOVF   21,W
072E6:  SUBLW  03
072E8:  BNZ   7334
.................... 		lcd_linha1(); 
072EA:  CALL   2650
.................... 		lcd_escreve(SMSG110_1); 
072EE:  MOVLB  1
072F0:  CLRF   x80
072F2:  MOVF   x80,W
072F4:  MOVLB  0
072F6:  CALL   166A
072FA:  IORLW  00
072FC:  BZ    7310
072FE:  MOVLB  1
07300:  INCF   x80,F
07302:  MOVWF  xC1
07304:  MOVLB  0
07306:  CALL   265E
0730A:  MOVLB  1
0730C:  BRA    72F2
0730E:  MOVLB  0
.................... 		lcd_linha2(); 
07310:  CALL   266E
.................... 		lcd_escreve(SMSG111_2); 
07314:  MOVLB  1
07316:  CLRF   x80
07318:  MOVF   x80,W
0731A:  MOVLB  0
0731C:  CALL   16C2
07320:  IORLW  00
07322:  BZ    7334
07324:  MOVLB  1
07326:  INCF   x80,F
07328:  MOVWF  xC1
0732A:  MOVLB  0
0732C:  CALL   265E
07330:  MOVLB  1
07332:  BRA    7318
07334:  MOVLB  0
.................... 	} 
.................... } 
07336:  GOTO   9E0C (RETURN)
.................... // mostra tempos 
....................  
.................... void tela149() 
.................... { 
.................... 	if (IDIOMA==1){ 
0733A:  DECFSZ 21,W
0733C:  BRA    73D0
.................... 		lcd_linha1(); 
0733E:  CALL   2650
.................... 		lcd_escreve(MSG102_1); 
07342:  MOVLB  1
07344:  CLRF   x80
07346:  MOVF   x80,W
07348:  MOVLB  0
0734A:  CALL   0722
0734E:  IORLW  00
07350:  BZ    7364
07352:  MOVLB  1
07354:  INCF   x80,F
07356:  MOVWF  xC1
07358:  MOVLB  0
0735A:  CALL   265E
0735E:  MOVLB  1
07360:  BRA    7346
07362:  MOVLB  0
.................... 		lcd_linha2(); 
07364:  CALL   266E
.................... 		lcd_escreve(" "); 
07368:  MOVLB  1
0736A:  CLRF   x80
0736C:  MOVF   x80,W
0736E:  MOVLB  0
07370:  CALL   18E6
07374:  IORLW  00
07376:  BZ    738A
07378:  MOVLB  1
0737A:  INCF   x80,F
0737C:  MOVWF  xC1
0737E:  MOVLB  0
07380:  CALL   265E
07384:  MOVLB  1
07386:  BRA    736C
07388:  MOVLB  0
.................... 		lcd_escreve(MSG1_2); 
0738A:  MOVLB  1
0738C:  CLRF   x80
0738E:  MOVF   x80,W
07390:  MOVLB  0
07392:  CALL   0264
07396:  IORLW  00
07398:  BZ    73AC
0739A:  MOVLB  1
0739C:  INCF   x80,F
0739E:  MOVWF  xC1
073A0:  MOVLB  0
073A2:  CALL   265E
073A6:  MOVLB  1
073A8:  BRA    738E
073AA:  MOVLB  0
.................... 		lcd_escreve(" "); 
073AC:  MOVLB  1
073AE:  CLRF   x80
073B0:  MOVF   x80,W
073B2:  MOVLB  0
073B4:  CALL   18E6
073B8:  IORLW  00
073BA:  BZ    73CE
073BC:  MOVLB  1
073BE:  INCF   x80,F
073C0:  MOVWF  xC1
073C2:  MOVLB  0
073C4:  CALL   265E
073C8:  MOVLB  1
073CA:  BRA    73B0
073CC:  MOVLB  0
.................... 	}else if(IDIOMA==2){ 
073CE:  BRA    74FC
073D0:  MOVF   21,W
073D2:  SUBLW  02
073D4:  BNZ   7468
.................... 		lcd_linha1(); 
073D6:  CALL   2650
.................... 		lcd_escreve(IMSG102_1); 
073DA:  MOVLB  1
073DC:  CLRF   x80
073DE:  MOVF   x80,W
073E0:  MOVLB  0
073E2:  CALL   0722
073E6:  IORLW  00
073E8:  BZ    73FC
073EA:  MOVLB  1
073EC:  INCF   x80,F
073EE:  MOVWF  xC1
073F0:  MOVLB  0
073F2:  CALL   265E
073F6:  MOVLB  1
073F8:  BRA    73DE
073FA:  MOVLB  0
.................... 		lcd_linha2(); 
073FC:  CALL   266E
.................... 		lcd_escreve(" "); 
07400:  MOVLB  1
07402:  CLRF   x80
07404:  MOVF   x80,W
07406:  MOVLB  0
07408:  CALL   18E6
0740C:  IORLW  00
0740E:  BZ    7422
07410:  MOVLB  1
07412:  INCF   x80,F
07414:  MOVWF  xC1
07416:  MOVLB  0
07418:  CALL   265E
0741C:  MOVLB  1
0741E:  BRA    7404
07420:  MOVLB  0
.................... 		lcd_escreve(IMSG1_2); 
07422:  MOVLB  1
07424:  CLRF   x80
07426:  MOVF   x80,W
07428:  MOVLB  0
0742A:  CALL   0264
0742E:  IORLW  00
07430:  BZ    7444
07432:  MOVLB  1
07434:  INCF   x80,F
07436:  MOVWF  xC1
07438:  MOVLB  0
0743A:  CALL   265E
0743E:  MOVLB  1
07440:  BRA    7426
07442:  MOVLB  0
.................... 		lcd_escreve(" "); 
07444:  MOVLB  1
07446:  CLRF   x80
07448:  MOVF   x80,W
0744A:  MOVLB  0
0744C:  CALL   18E6
07450:  IORLW  00
07452:  BZ    7466
07454:  MOVLB  1
07456:  INCF   x80,F
07458:  MOVWF  xC1
0745A:  MOVLB  0
0745C:  CALL   265E
07460:  MOVLB  1
07462:  BRA    7448
07464:  MOVLB  0
.................... 	}else if(IDIOMA==3){ 
07466:  BRA    74FC
07468:  MOVF   21,W
0746A:  SUBLW  03
0746C:  BNZ   74FC
.................... 		lcd_linha1(); 
0746E:  CALL   2650
.................... 		lcd_escreve(SMSG102_1); 
07472:  MOVLB  1
07474:  CLRF   x80
07476:  MOVF   x80,W
07478:  MOVLB  0
0747A:  CALL   0722
0747E:  IORLW  00
07480:  BZ    7494
07482:  MOVLB  1
07484:  INCF   x80,F
07486:  MOVWF  xC1
07488:  MOVLB  0
0748A:  CALL   265E
0748E:  MOVLB  1
07490:  BRA    7476
07492:  MOVLB  0
.................... 		lcd_linha2(); 
07494:  CALL   266E
.................... 		lcd_escreve(" "); 
07498:  MOVLB  1
0749A:  CLRF   x80
0749C:  MOVF   x80,W
0749E:  MOVLB  0
074A0:  CALL   18E6
074A4:  IORLW  00
074A6:  BZ    74BA
074A8:  MOVLB  1
074AA:  INCF   x80,F
074AC:  MOVWF  xC1
074AE:  MOVLB  0
074B0:  CALL   265E
074B4:  MOVLB  1
074B6:  BRA    749C
074B8:  MOVLB  0
.................... 		lcd_escreve(SMSG1_2); 
074BA:  MOVLB  1
074BC:  CLRF   x80
074BE:  MOVF   x80,W
074C0:  MOVLB  0
074C2:  CALL   0264
074C6:  IORLW  00
074C8:  BZ    74DC
074CA:  MOVLB  1
074CC:  INCF   x80,F
074CE:  MOVWF  xC1
074D0:  MOVLB  0
074D2:  CALL   265E
074D6:  MOVLB  1
074D8:  BRA    74BE
074DA:  MOVLB  0
.................... 		lcd_escreve(" "); 
074DC:  MOVLB  1
074DE:  CLRF   x80
074E0:  MOVF   x80,W
074E2:  MOVLB  0
074E4:  CALL   18E6
074E8:  IORLW  00
074EA:  BZ    74FC
074EC:  MOVLB  1
074EE:  INCF   x80,F
074F0:  MOVWF  xC1
074F2:  MOVLB  0
074F4:  CALL   265E
074F8:  MOVLB  1
074FA:  BRA    74E0
074FC:  MOVLB  0
.................... 	} 
.................... } 
074FE:  RETLW  00
....................  
....................  
.................... void tela150() 
.................... { 
.................... 	if (IDIOMA==1){ 
*
07840:  DECFSZ 21,W
07842:  BRA    7870
.................... 		lcd_linha1(); 
07844:  CALL   2650
.................... 		lcd_escreve(MSG150_1); 
07848:  MOVLB  1
0784A:  CLRF   x80
0784C:  MOVF   x80,W
0784E:  MOVLB  0
07850:  CALL   081C
07854:  IORLW  00
07856:  BZ    786A
07858:  MOVLB  1
0785A:  INCF   x80,F
0785C:  MOVWF  xC1
0785E:  MOVLB  0
07860:  CALL   265E
07864:  MOVLB  1
07866:  BRA    784C
07868:  MOVLB  0
.................... 		tela1_2(); 
0786A:  CALL   2C6A
.................... 	}else if(IDIOMA==2){ 
0786E:  BRA    78D2
07870:  MOVF   21,W
07872:  SUBLW  02
07874:  BNZ   78A2
.................... 		lcd_linha1(); 
07876:  CALL   2650
.................... 		lcd_escreve(IMSG150_1); 
0787A:  MOVLB  1
0787C:  CLRF   x80
0787E:  MOVF   x80,W
07880:  MOVLB  0
07882:  CALL   081C
07886:  IORLW  00
07888:  BZ    789C
0788A:  MOVLB  1
0788C:  INCF   x80,F
0788E:  MOVWF  xC1
07890:  MOVLB  0
07892:  CALL   265E
07896:  MOVLB  1
07898:  BRA    787E
0789A:  MOVLB  0
.................... 		tela1_2(); 
0789C:  CALL   2C6A
.................... 	}else if(IDIOMA==3){ 
078A0:  BRA    78D2
078A2:  MOVF   21,W
078A4:  SUBLW  03
078A6:  BNZ   78D2
.................... 		lcd_linha1(); 
078A8:  CALL   2650
.................... 		lcd_escreve(SMSG150_1); 
078AC:  MOVLB  1
078AE:  CLRF   x80
078B0:  MOVF   x80,W
078B2:  MOVLB  0
078B4:  CALL   081C
078B8:  IORLW  00
078BA:  BZ    78CE
078BC:  MOVLB  1
078BE:  INCF   x80,F
078C0:  MOVWF  xC1
078C2:  MOVLB  0
078C4:  CALL   265E
078C8:  MOVLB  1
078CA:  BRA    78B0
078CC:  MOVLB  0
.................... 		tela1_2(); 
078CE:  CALL   2C6A
.................... 	} 
.................... } 
078D2:  GOTO   9EDC (RETURN)
.................... void tela151() 
.................... { 
.................... 	if (IDIOMA==1){ 
078D6:  DECFSZ 21,W
078D8:  BRA    7906
.................... 		lcd_linha1(); 
078DA:  CALL   2650
.................... 		lcd_escreve(MSG151_1); 
078DE:  MOVLB  1
078E0:  CLRF   x80
078E2:  MOVF   x80,W
078E4:  MOVLB  0
078E6:  CALL   083C
078EA:  IORLW  00
078EC:  BZ    7900
078EE:  MOVLB  1
078F0:  INCF   x80,F
078F2:  MOVWF  xC1
078F4:  MOVLB  0
078F6:  CALL   265E
078FA:  MOVLB  1
078FC:  BRA    78E2
078FE:  MOVLB  0
.................... 		tela1_2(); 
07900:  CALL   2C6A
.................... 	}else if(IDIOMA==2){ 
07904:  BRA    7968
07906:  MOVF   21,W
07908:  SUBLW  02
0790A:  BNZ   7938
.................... 		lcd_linha1(); 
0790C:  CALL   2650
.................... 		lcd_escreve(IMSG151_1); 
07910:  MOVLB  1
07912:  CLRF   x80
07914:  MOVF   x80,W
07916:  MOVLB  0
07918:  CALL   083C
0791C:  IORLW  00
0791E:  BZ    7932
07920:  MOVLB  1
07922:  INCF   x80,F
07924:  MOVWF  xC1
07926:  MOVLB  0
07928:  CALL   265E
0792C:  MOVLB  1
0792E:  BRA    7914
07930:  MOVLB  0
.................... 		tela1_2(); 
07932:  CALL   2C6A
.................... 	}else if(IDIOMA==3){ 
07936:  BRA    7968
07938:  MOVF   21,W
0793A:  SUBLW  03
0793C:  BNZ   7968
.................... 		lcd_linha1(); 
0793E:  CALL   2650
.................... 		lcd_escreve(SMSG151_1); 
07942:  MOVLB  1
07944:  CLRF   x80
07946:  MOVF   x80,W
07948:  MOVLB  0
0794A:  CALL   083C
0794E:  IORLW  00
07950:  BZ    7964
07952:  MOVLB  1
07954:  INCF   x80,F
07956:  MOVWF  xC1
07958:  MOVLB  0
0795A:  CALL   265E
0795E:  MOVLB  1
07960:  BRA    7946
07962:  MOVLB  0
.................... 		tela1_2(); 
07964:  CALL   2C6A
.................... 	} 
.................... 	lcd_linha1(); 
07968:  CALL   2650
.................... 	lcd_escreve(MSG151_1); 
0796C:  MOVLB  1
0796E:  CLRF   x80
07970:  MOVF   x80,W
07972:  MOVLB  0
07974:  CALL   083C
07978:  IORLW  00
0797A:  BZ    798C
0797C:  MOVLB  1
0797E:  INCF   x80,F
07980:  MOVWF  xC1
07982:  MOVLB  0
07984:  CALL   265E
07988:  MOVLB  1
0798A:  BRA    7970
0798C:  MOVLB  0
.................... } 
0798E:  GOTO   9F64 (RETURN)
.................... void tela152() 
.................... { 
.................... 	if (IDIOMA==1){ 
07992:  DECFSZ 21,W
07994:  BRA    79BE
.................... 		lcd_linha1(); 
07996:  CALL   2650
.................... 		lcd_escreve(MSG152_1); 
0799A:  MOVLB  1
0799C:  CLRF   x80
0799E:  MOVF   x80,W
079A0:  MOVLB  0
079A2:  CALL   085C
079A6:  IORLW  00
079A8:  BZ    79BC
079AA:  MOVLB  1
079AC:  INCF   x80,F
079AE:  MOVWF  xC1
079B0:  MOVLB  0
079B2:  CALL   265E
079B6:  MOVLB  1
079B8:  BRA    799E
079BA:  MOVLB  0
.................... 	}else if(IDIOMA==2){ 
079BC:  BRA    7A16
079BE:  MOVF   21,W
079C0:  SUBLW  02
079C2:  BNZ   79EC
.................... 		lcd_linha1(); 
079C4:  CALL   2650
.................... 		lcd_escreve(IMSG152_1); 
079C8:  MOVLB  1
079CA:  CLRF   x80
079CC:  MOVF   x80,W
079CE:  MOVLB  0
079D0:  CALL   085C
079D4:  IORLW  00
079D6:  BZ    79EA
079D8:  MOVLB  1
079DA:  INCF   x80,F
079DC:  MOVWF  xC1
079DE:  MOVLB  0
079E0:  CALL   265E
079E4:  MOVLB  1
079E6:  BRA    79CC
079E8:  MOVLB  0
.................... 	}else if(IDIOMA==3){ 
079EA:  BRA    7A16
079EC:  MOVF   21,W
079EE:  SUBLW  03
079F0:  BNZ   7A16
.................... 		lcd_linha1(); 
079F2:  CALL   2650
.................... 		lcd_escreve(SMSG152_1); 
079F6:  MOVLB  1
079F8:  CLRF   x80
079FA:  MOVF   x80,W
079FC:  MOVLB  0
079FE:  CALL   085C
07A02:  IORLW  00
07A04:  BZ    7A16
07A06:  MOVLB  1
07A08:  INCF   x80,F
07A0A:  MOVWF  xC1
07A0C:  MOVLB  0
07A0E:  CALL   265E
07A12:  MOVLB  1
07A14:  BRA    79FA
07A16:  MOVLB  0
.................... 	} 
.................... } 
07A18:  GOTO   9FEC (RETURN)
.................... void tela153() 
.................... { 
.................... 	if (IDIOMA==1){ 
07A1C:  DECFSZ 21,W
07A1E:  BRA    7A48
.................... 		lcd_linha1(); 
07A20:  CALL   2650
.................... 		lcd_escreve(MSG153_1); 
07A24:  MOVLB  1
07A26:  CLRF   x80
07A28:  MOVF   x80,W
07A2A:  MOVLB  0
07A2C:  CALL   087C
07A30:  IORLW  00
07A32:  BZ    7A46
07A34:  MOVLB  1
07A36:  INCF   x80,F
07A38:  MOVWF  xC1
07A3A:  MOVLB  0
07A3C:  CALL   265E
07A40:  MOVLB  1
07A42:  BRA    7A28
07A44:  MOVLB  0
.................... 	}else if(IDIOMA==2){ 
07A46:  BRA    7AA0
07A48:  MOVF   21,W
07A4A:  SUBLW  02
07A4C:  BNZ   7A76
.................... 		lcd_linha1(); 
07A4E:  CALL   2650
.................... 		lcd_escreve(IMSG153_1); 
07A52:  MOVLB  1
07A54:  CLRF   x80
07A56:  MOVF   x80,W
07A58:  MOVLB  0
07A5A:  CALL   087C
07A5E:  IORLW  00
07A60:  BZ    7A74
07A62:  MOVLB  1
07A64:  INCF   x80,F
07A66:  MOVWF  xC1
07A68:  MOVLB  0
07A6A:  CALL   265E
07A6E:  MOVLB  1
07A70:  BRA    7A56
07A72:  MOVLB  0
.................... 	}else if(IDIOMA==3){ 
07A74:  BRA    7AA0
07A76:  MOVF   21,W
07A78:  SUBLW  03
07A7A:  BNZ   7AA0
.................... 		lcd_linha1(); 
07A7C:  CALL   2650
.................... 		lcd_escreve(SMSG153_1); 
07A80:  MOVLB  1
07A82:  CLRF   x80
07A84:  MOVF   x80,W
07A86:  MOVLB  0
07A88:  CALL   087C
07A8C:  IORLW  00
07A8E:  BZ    7AA0
07A90:  MOVLB  1
07A92:  INCF   x80,F
07A94:  MOVWF  xC1
07A96:  MOVLB  0
07A98:  CALL   265E
07A9C:  MOVLB  1
07A9E:  BRA    7A84
07AA0:  MOVLB  0
.................... 	} 
.................... } 
07AA2:  GOTO   A074 (RETURN)
.................... void tela154() 
.................... { 
.................... 	if (IDIOMA==1){ 
07AA6:  DECFSZ 21,W
07AA8:  BRA    7AD2
.................... 		lcd_linha1(); 
07AAA:  CALL   2650
.................... 		lcd_escreve(MSG154_1); 
07AAE:  MOVLB  1
07AB0:  CLRF   x80
07AB2:  MOVF   x80,W
07AB4:  MOVLB  0
07AB6:  CALL   089C
07ABA:  IORLW  00
07ABC:  BZ    7AD0
07ABE:  MOVLB  1
07AC0:  INCF   x80,F
07AC2:  MOVWF  xC1
07AC4:  MOVLB  0
07AC6:  CALL   265E
07ACA:  MOVLB  1
07ACC:  BRA    7AB2
07ACE:  MOVLB  0
.................... 	}else if(IDIOMA==2){ 
07AD0:  BRA    7B2A
07AD2:  MOVF   21,W
07AD4:  SUBLW  02
07AD6:  BNZ   7B00
.................... 		lcd_linha1(); 
07AD8:  CALL   2650
.................... 		lcd_escreve(IMSG154_1); 
07ADC:  MOVLB  1
07ADE:  CLRF   x80
07AE0:  MOVF   x80,W
07AE2:  MOVLB  0
07AE4:  CALL   089C
07AE8:  IORLW  00
07AEA:  BZ    7AFE
07AEC:  MOVLB  1
07AEE:  INCF   x80,F
07AF0:  MOVWF  xC1
07AF2:  MOVLB  0
07AF4:  CALL   265E
07AF8:  MOVLB  1
07AFA:  BRA    7AE0
07AFC:  MOVLB  0
.................... 	}else if(IDIOMA==3){ 
07AFE:  BRA    7B2A
07B00:  MOVF   21,W
07B02:  SUBLW  03
07B04:  BNZ   7B2A
.................... 		lcd_linha1(); 
07B06:  CALL   2650
.................... 		lcd_escreve(SMSG154_1); 
07B0A:  MOVLB  1
07B0C:  CLRF   x80
07B0E:  MOVF   x80,W
07B10:  MOVLB  0
07B12:  CALL   089C
07B16:  IORLW  00
07B18:  BZ    7B2A
07B1A:  MOVLB  1
07B1C:  INCF   x80,F
07B1E:  MOVWF  xC1
07B20:  MOVLB  0
07B22:  CALL   265E
07B26:  MOVLB  1
07B28:  BRA    7B0E
07B2A:  MOVLB  0
.................... 	} 
.................... } 
07B2C:  GOTO   A0FC (RETURN)
.................... void tela155() 
.................... { 
.................... 	if (IDIOMA==1){ 
07B30:  DECFSZ 21,W
07B32:  BRA    7B5C
.................... 		lcd_linha1(); 
07B34:  CALL   2650
.................... 		lcd_escreve(MSG155_1); 
07B38:  MOVLB  1
07B3A:  CLRF   x80
07B3C:  MOVF   x80,W
07B3E:  MOVLB  0
07B40:  CALL   08BC
07B44:  IORLW  00
07B46:  BZ    7B5A
07B48:  MOVLB  1
07B4A:  INCF   x80,F
07B4C:  MOVWF  xC1
07B4E:  MOVLB  0
07B50:  CALL   265E
07B54:  MOVLB  1
07B56:  BRA    7B3C
07B58:  MOVLB  0
.................... 	}else if(IDIOMA==2){ 
07B5A:  BRA    7BB4
07B5C:  MOVF   21,W
07B5E:  SUBLW  02
07B60:  BNZ   7B8A
.................... 		lcd_linha1(); 
07B62:  CALL   2650
.................... 		lcd_escreve(IMSG155_1); 
07B66:  MOVLB  1
07B68:  CLRF   x80
07B6A:  MOVF   x80,W
07B6C:  MOVLB  0
07B6E:  CALL   08BC
07B72:  IORLW  00
07B74:  BZ    7B88
07B76:  MOVLB  1
07B78:  INCF   x80,F
07B7A:  MOVWF  xC1
07B7C:  MOVLB  0
07B7E:  CALL   265E
07B82:  MOVLB  1
07B84:  BRA    7B6A
07B86:  MOVLB  0
.................... 	}else if(IDIOMA==3){ 
07B88:  BRA    7BB4
07B8A:  MOVF   21,W
07B8C:  SUBLW  03
07B8E:  BNZ   7BB4
.................... 		lcd_linha1(); 
07B90:  CALL   2650
.................... 		lcd_escreve(SMSG155_1); 
07B94:  MOVLB  1
07B96:  CLRF   x80
07B98:  MOVF   x80,W
07B9A:  MOVLB  0
07B9C:  CALL   08BC
07BA0:  IORLW  00
07BA2:  BZ    7BB4
07BA4:  MOVLB  1
07BA6:  INCF   x80,F
07BA8:  MOVWF  xC1
07BAA:  MOVLB  0
07BAC:  CALL   265E
07BB0:  MOVLB  1
07BB2:  BRA    7B98
07BB4:  MOVLB  0
.................... 	} 
.................... } 
07BB6:  GOTO   A24C (RETURN)
.................... void tela156() 
.................... { 
.................... 	if (IDIOMA==1){ 
07BBA:  DECFSZ 21,W
07BBC:  BRA    7BE6
.................... 		lcd_linha1(); 
07BBE:  CALL   2650
.................... 		lcd_escreve(MSG156_1); 
07BC2:  MOVLB  1
07BC4:  CLRF   x80
07BC6:  MOVF   x80,W
07BC8:  MOVLB  0
07BCA:  CALL   08DC
07BCE:  IORLW  00
07BD0:  BZ    7BE4
07BD2:  MOVLB  1
07BD4:  INCF   x80,F
07BD6:  MOVWF  xC1
07BD8:  MOVLB  0
07BDA:  CALL   265E
07BDE:  MOVLB  1
07BE0:  BRA    7BC6
07BE2:  MOVLB  0
.................... 	}else if(IDIOMA==2){ 
07BE4:  BRA    7C3E
07BE6:  MOVF   21,W
07BE8:  SUBLW  02
07BEA:  BNZ   7C14
.................... 		lcd_linha1(); 
07BEC:  CALL   2650
.................... 		lcd_escreve(IMSG156_1); 
07BF0:  MOVLB  1
07BF2:  CLRF   x80
07BF4:  MOVF   x80,W
07BF6:  MOVLB  0
07BF8:  CALL   08DC
07BFC:  IORLW  00
07BFE:  BZ    7C12
07C00:  MOVLB  1
07C02:  INCF   x80,F
07C04:  MOVWF  xC1
07C06:  MOVLB  0
07C08:  CALL   265E
07C0C:  MOVLB  1
07C0E:  BRA    7BF4
07C10:  MOVLB  0
.................... 	}else if(IDIOMA==3){ 
07C12:  BRA    7C3E
07C14:  MOVF   21,W
07C16:  SUBLW  03
07C18:  BNZ   7C3E
.................... 		lcd_linha1(); 
07C1A:  CALL   2650
.................... 		lcd_escreve(SMSG156_1); 
07C1E:  MOVLB  1
07C20:  CLRF   x80
07C22:  MOVF   x80,W
07C24:  MOVLB  0
07C26:  CALL   08DC
07C2A:  IORLW  00
07C2C:  BZ    7C3E
07C2E:  MOVLB  1
07C30:  INCF   x80,F
07C32:  MOVWF  xC1
07C34:  MOVLB  0
07C36:  CALL   265E
07C3A:  MOVLB  1
07C3C:  BRA    7C22
07C3E:  MOVLB  0
.................... 	} 
.................... } 
07C40:  GOTO   A39C (RETURN)
....................  
....................  
.................... // mostra velocidades 
.................... void tela169() 
.................... { 
.................... 	if (IDIOMA==1){ 
07C44:  DECFSZ 21,W
07C46:  BRA    7CB8
.................... 		lcd_linha1(); 
07C48:  CALL   2650
.................... 		lcd_escreve(MSG170_1); 
07C4C:  MOVLB  1
07C4E:  CLRF   x80
07C50:  MOVF   x80,W
07C52:  MOVLB  0
07C54:  CALL   08FC
07C58:  IORLW  00
07C5A:  BZ    7C6E
07C5C:  MOVLB  1
07C5E:  INCF   x80,F
07C60:  MOVWF  xC1
07C62:  MOVLB  0
07C64:  CALL   265E
07C68:  MOVLB  1
07C6A:  BRA    7C50
07C6C:  MOVLB  0
.................... 		lcd_linha2(); 
07C6E:  CALL   266E
.................... 		lcd_escreve(MSG1_2); 
07C72:  MOVLB  1
07C74:  CLRF   x80
07C76:  MOVF   x80,W
07C78:  MOVLB  0
07C7A:  CALL   0264
07C7E:  IORLW  00
07C80:  BZ    7C94
07C82:  MOVLB  1
07C84:  INCF   x80,F
07C86:  MOVWF  xC1
07C88:  MOVLB  0
07C8A:  CALL   265E
07C8E:  MOVLB  1
07C90:  BRA    7C76
07C92:  MOVLB  0
.................... 		lcd_escreve("  "); 
07C94:  MOVLB  1
07C96:  CLRF   x80
07C98:  MOVF   x80,W
07C9A:  MOVLB  0
07C9C:  CALL   1902
07CA0:  IORLW  00
07CA2:  BZ    7CB6
07CA4:  MOVLB  1
07CA6:  INCF   x80,F
07CA8:  MOVWF  xC1
07CAA:  MOVLB  0
07CAC:  CALL   265E
07CB0:  MOVLB  1
07CB2:  BRA    7C98
07CB4:  MOVLB  0
.................... 	}else if(IDIOMA==2){ 
07CB6:  BRA    7DA0
07CB8:  MOVF   21,W
07CBA:  SUBLW  02
07CBC:  BNZ   7D2E
.................... 		lcd_linha1(); 
07CBE:  CALL   2650
.................... 		lcd_escreve(IMSG170_1); 
07CC2:  MOVLB  1
07CC4:  CLRF   x80
07CC6:  MOVF   x80,W
07CC8:  MOVLB  0
07CCA:  CALL   08FC
07CCE:  IORLW  00
07CD0:  BZ    7CE4
07CD2:  MOVLB  1
07CD4:  INCF   x80,F
07CD6:  MOVWF  xC1
07CD8:  MOVLB  0
07CDA:  CALL   265E
07CDE:  MOVLB  1
07CE0:  BRA    7CC6
07CE2:  MOVLB  0
.................... 		lcd_linha2(); 
07CE4:  CALL   266E
.................... 		lcd_escreve(IMSG1_2); 
07CE8:  MOVLB  1
07CEA:  CLRF   x80
07CEC:  MOVF   x80,W
07CEE:  MOVLB  0
07CF0:  CALL   0264
07CF4:  IORLW  00
07CF6:  BZ    7D0A
07CF8:  MOVLB  1
07CFA:  INCF   x80,F
07CFC:  MOVWF  xC1
07CFE:  MOVLB  0
07D00:  CALL   265E
07D04:  MOVLB  1
07D06:  BRA    7CEC
07D08:  MOVLB  0
.................... 		lcd_escreve("  "); 
07D0A:  MOVLB  1
07D0C:  CLRF   x80
07D0E:  MOVF   x80,W
07D10:  MOVLB  0
07D12:  CALL   1902
07D16:  IORLW  00
07D18:  BZ    7D2C
07D1A:  MOVLB  1
07D1C:  INCF   x80,F
07D1E:  MOVWF  xC1
07D20:  MOVLB  0
07D22:  CALL   265E
07D26:  MOVLB  1
07D28:  BRA    7D0E
07D2A:  MOVLB  0
.................... 	}else if(IDIOMA==3){ 
07D2C:  BRA    7DA0
07D2E:  MOVF   21,W
07D30:  SUBLW  03
07D32:  BNZ   7DA0
.................... 		lcd_linha1(); 
07D34:  CALL   2650
.................... 		lcd_escreve(SMSG170_1); 
07D38:  MOVLB  1
07D3A:  CLRF   x80
07D3C:  MOVF   x80,W
07D3E:  MOVLB  0
07D40:  CALL   08FC
07D44:  IORLW  00
07D46:  BZ    7D5A
07D48:  MOVLB  1
07D4A:  INCF   x80,F
07D4C:  MOVWF  xC1
07D4E:  MOVLB  0
07D50:  CALL   265E
07D54:  MOVLB  1
07D56:  BRA    7D3C
07D58:  MOVLB  0
.................... 		lcd_linha2(); 
07D5A:  CALL   266E
.................... 		lcd_escreve(SMSG1_2); 
07D5E:  MOVLB  1
07D60:  CLRF   x80
07D62:  MOVF   x80,W
07D64:  MOVLB  0
07D66:  CALL   0264
07D6A:  IORLW  00
07D6C:  BZ    7D80
07D6E:  MOVLB  1
07D70:  INCF   x80,F
07D72:  MOVWF  xC1
07D74:  MOVLB  0
07D76:  CALL   265E
07D7A:  MOVLB  1
07D7C:  BRA    7D62
07D7E:  MOVLB  0
.................... 		lcd_escreve("  "); 
07D80:  MOVLB  1
07D82:  CLRF   x80
07D84:  MOVF   x80,W
07D86:  MOVLB  0
07D88:  CALL   1902
07D8C:  IORLW  00
07D8E:  BZ    7DA0
07D90:  MOVLB  1
07D92:  INCF   x80,F
07D94:  MOVWF  xC1
07D96:  MOVLB  0
07D98:  CALL   265E
07D9C:  MOVLB  1
07D9E:  BRA    7D84
07DA0:  MOVLB  0
.................... 	} 
.................... } 
07DA2:  GOTO   A4EC (RETURN)
.................... void tela170() 
.................... { 
.................... 	if (IDIOMA==1){ 
*
08730:  DECFSZ 21,W
08732:  BRA    8760
.................... 		lcd_linha1(); 
08734:  CALL   2650
.................... 		lcd_escreve(MSG170_1); 
08738:  MOVLB  1
0873A:  CLRF   x80
0873C:  MOVF   x80,W
0873E:  MOVLB  0
08740:  CALL   08FC
08744:  IORLW  00
08746:  BZ    875A
08748:  MOVLB  1
0874A:  INCF   x80,F
0874C:  MOVWF  xC1
0874E:  MOVLB  0
08750:  CALL   265E
08754:  MOVLB  1
08756:  BRA    873C
08758:  MOVLB  0
.................... 		tela1_2(); 
0875A:  CALL   2C6A
.................... 	}else if(IDIOMA==2){ 
0875E:  BRA    87C2
08760:  MOVF   21,W
08762:  SUBLW  02
08764:  BNZ   8792
.................... 		lcd_linha1(); 
08766:  CALL   2650
.................... 		lcd_escreve(IMSG170_1); 
0876A:  MOVLB  1
0876C:  CLRF   x80
0876E:  MOVF   x80,W
08770:  MOVLB  0
08772:  CALL   08FC
08776:  IORLW  00
08778:  BZ    878C
0877A:  MOVLB  1
0877C:  INCF   x80,F
0877E:  MOVWF  xC1
08780:  MOVLB  0
08782:  CALL   265E
08786:  MOVLB  1
08788:  BRA    876E
0878A:  MOVLB  0
.................... 		tela1_2(); 
0878C:  CALL   2C6A
.................... 	}else if(IDIOMA==3){ 
08790:  BRA    87C2
08792:  MOVF   21,W
08794:  SUBLW  03
08796:  BNZ   87C2
.................... 		lcd_linha1(); 
08798:  CALL   2650
.................... 		lcd_escreve(SMSG170_1); 
0879C:  MOVLB  1
0879E:  CLRF   x80
087A0:  MOVF   x80,W
087A2:  MOVLB  0
087A4:  CALL   08FC
087A8:  IORLW  00
087AA:  BZ    87BE
087AC:  MOVLB  1
087AE:  INCF   x80,F
087B0:  MOVWF  xC1
087B2:  MOVLB  0
087B4:  CALL   265E
087B8:  MOVLB  1
087BA:  BRA    87A0
087BC:  MOVLB  0
.................... 		tela1_2(); 
087BE:  CALL   2C6A
.................... 	} 
.................... } 
087C2:  GOTO   A6AA (RETURN)
.................... void tela171() 
.................... { 
.................... 	if (IDIOMA==1){ 
087C6:  DECFSZ 21,W
087C8:  BRA    87F2
.................... 		lcd_linha1(); 
087CA:  CALL   2650
.................... 		lcd_escreve(MSG171_1); 
087CE:  MOVLB  1
087D0:  CLRF   x80
087D2:  MOVF   x80,W
087D4:  MOVLB  0
087D6:  CALL   091E
087DA:  IORLW  00
087DC:  BZ    87F0
087DE:  MOVLB  1
087E0:  INCF   x80,F
087E2:  MOVWF  xC1
087E4:  MOVLB  0
087E6:  CALL   265E
087EA:  MOVLB  1
087EC:  BRA    87D2
087EE:  MOVLB  0
.................... 	}else if(IDIOMA==2){ 
087F0:  BRA    884A
087F2:  MOVF   21,W
087F4:  SUBLW  02
087F6:  BNZ   8820
.................... 		lcd_linha1(); 
087F8:  CALL   2650
.................... 		lcd_escreve(IMSG171_1); 
087FC:  MOVLB  1
087FE:  CLRF   x80
08800:  MOVF   x80,W
08802:  MOVLB  0
08804:  CALL   091E
08808:  IORLW  00
0880A:  BZ    881E
0880C:  MOVLB  1
0880E:  INCF   x80,F
08810:  MOVWF  xC1
08812:  MOVLB  0
08814:  CALL   265E
08818:  MOVLB  1
0881A:  BRA    8800
0881C:  MOVLB  0
.................... 	}else if(IDIOMA==3){ 
0881E:  BRA    884A
08820:  MOVF   21,W
08822:  SUBLW  03
08824:  BNZ   884A
.................... 		lcd_linha1(); 
08826:  CALL   2650
.................... 		lcd_escreve(SMSG171_1); 
0882A:  MOVLB  1
0882C:  CLRF   x80
0882E:  MOVF   x80,W
08830:  MOVLB  0
08832:  CALL   091E
08836:  IORLW  00
08838:  BZ    884A
0883A:  MOVLB  1
0883C:  INCF   x80,F
0883E:  MOVWF  xC1
08840:  MOVLB  0
08842:  CALL   265E
08846:  MOVLB  1
08848:  BRA    882E
0884A:  MOVLB  0
.................... 	} 
....................  
.................... } 
0884C:  GOTO   A868 (RETURN)
.................... void tela172() 
.................... { 
.................... 	if (IDIOMA==1){ 
08850:  DECFSZ 21,W
08852:  BRA    887C
.................... 		lcd_linha1(); 
08854:  CALL   2650
.................... 		lcd_escreve(MSG172_1); 
08858:  MOVLB  1
0885A:  CLRF   x80
0885C:  MOVF   x80,W
0885E:  MOVLB  0
08860:  CALL   0940
08864:  IORLW  00
08866:  BZ    887A
08868:  MOVLB  1
0886A:  INCF   x80,F
0886C:  MOVWF  xC1
0886E:  MOVLB  0
08870:  CALL   265E
08874:  MOVLB  1
08876:  BRA    885C
08878:  MOVLB  0
.................... 	}else if(IDIOMA==2){ 
0887A:  BRA    88D4
0887C:  MOVF   21,W
0887E:  SUBLW  02
08880:  BNZ   88AA
.................... 		lcd_linha1(); 
08882:  CALL   2650
.................... 		lcd_escreve(IMSG172_1); 
08886:  MOVLB  1
08888:  CLRF   x80
0888A:  MOVF   x80,W
0888C:  MOVLB  0
0888E:  CALL   0940
08892:  IORLW  00
08894:  BZ    88A8
08896:  MOVLB  1
08898:  INCF   x80,F
0889A:  MOVWF  xC1
0889C:  MOVLB  0
0889E:  CALL   265E
088A2:  MOVLB  1
088A4:  BRA    888A
088A6:  MOVLB  0
.................... 	}else if(IDIOMA==3){ 
088A8:  BRA    88D4
088AA:  MOVF   21,W
088AC:  SUBLW  03
088AE:  BNZ   88D4
.................... 		lcd_linha1(); 
088B0:  CALL   2650
.................... 		lcd_escreve(SMSG172_1); 
088B4:  MOVLB  1
088B6:  CLRF   x80
088B8:  MOVF   x80,W
088BA:  MOVLB  0
088BC:  CALL   0940
088C0:  IORLW  00
088C2:  BZ    88D4
088C4:  MOVLB  1
088C6:  INCF   x80,F
088C8:  MOVWF  xC1
088CA:  MOVLB  0
088CC:  CALL   265E
088D0:  MOVLB  1
088D2:  BRA    88B8
088D4:  MOVLB  0
.................... 	} 
....................  
.................... } 
088D6:  GOTO   AA26 (RETURN)
.................... void tela173() 
.................... { 
.................... 	if (IDIOMA==1){ 
088DA:  DECFSZ 21,W
088DC:  BRA    8906
.................... 		lcd_linha1(); 
088DE:  CALL   2650
.................... 		lcd_escreve(MSG173_1); 
088E2:  MOVLB  1
088E4:  CLRF   x80
088E6:  MOVF   x80,W
088E8:  MOVLB  0
088EA:  CALL   0962
088EE:  IORLW  00
088F0:  BZ    8904
088F2:  MOVLB  1
088F4:  INCF   x80,F
088F6:  MOVWF  xC1
088F8:  MOVLB  0
088FA:  CALL   265E
088FE:  MOVLB  1
08900:  BRA    88E6
08902:  MOVLB  0
.................... 	}else if(IDIOMA==2){ 
08904:  BRA    895E
08906:  MOVF   21,W
08908:  SUBLW  02
0890A:  BNZ   8934
.................... 		lcd_linha1(); 
0890C:  CALL   2650
.................... 		lcd_escreve(IMSG173_1); 
08910:  MOVLB  1
08912:  CLRF   x80
08914:  MOVF   x80,W
08916:  MOVLB  0
08918:  CALL   0962
0891C:  IORLW  00
0891E:  BZ    8932
08920:  MOVLB  1
08922:  INCF   x80,F
08924:  MOVWF  xC1
08926:  MOVLB  0
08928:  CALL   265E
0892C:  MOVLB  1
0892E:  BRA    8914
08930:  MOVLB  0
.................... 	}else if(IDIOMA==3){ 
08932:  BRA    895E
08934:  MOVF   21,W
08936:  SUBLW  03
08938:  BNZ   895E
.................... 		lcd_linha1(); 
0893A:  CALL   2650
.................... 		lcd_escreve(SMSG173_1); 
0893E:  MOVLB  1
08940:  CLRF   x80
08942:  MOVF   x80,W
08944:  MOVLB  0
08946:  CALL   0962
0894A:  IORLW  00
0894C:  BZ    895E
0894E:  MOVLB  1
08950:  INCF   x80,F
08952:  MOVWF  xC1
08954:  MOVLB  0
08956:  CALL   265E
0895A:  MOVLB  1
0895C:  BRA    8942
0895E:  MOVLB  0
.................... 	} 
.................... } 
08960:  GOTO   ABE4 (RETURN)
.................... void tela174() 
.................... { 
.................... 	if (IDIOMA==1){ 
08964:  DECFSZ 21,W
08966:  BRA    8990
.................... 		lcd_linha1(); 
08968:  CALL   2650
.................... 		lcd_escreve(MSG174_1); 
0896C:  MOVLB  1
0896E:  CLRF   x80
08970:  MOVF   x80,W
08972:  MOVLB  0
08974:  CALL   0984
08978:  IORLW  00
0897A:  BZ    898E
0897C:  MOVLB  1
0897E:  INCF   x80,F
08980:  MOVWF  xC1
08982:  MOVLB  0
08984:  CALL   265E
08988:  MOVLB  1
0898A:  BRA    8970
0898C:  MOVLB  0
.................... 	}else if(IDIOMA==2){ 
0898E:  BRA    89E8
08990:  MOVF   21,W
08992:  SUBLW  02
08994:  BNZ   89BE
.................... 		lcd_linha1(); 
08996:  CALL   2650
.................... 		lcd_escreve(IMSG174_1); 
0899A:  MOVLB  1
0899C:  CLRF   x80
0899E:  MOVF   x80,W
089A0:  MOVLB  0
089A2:  CALL   0984
089A6:  IORLW  00
089A8:  BZ    89BC
089AA:  MOVLB  1
089AC:  INCF   x80,F
089AE:  MOVWF  xC1
089B0:  MOVLB  0
089B2:  CALL   265E
089B6:  MOVLB  1
089B8:  BRA    899E
089BA:  MOVLB  0
.................... 	}else if(IDIOMA==3){ 
089BC:  BRA    89E8
089BE:  MOVF   21,W
089C0:  SUBLW  03
089C2:  BNZ   89E8
.................... 		lcd_linha1(); 
089C4:  CALL   2650
.................... 		lcd_escreve(SMSG174_1); 
089C8:  MOVLB  1
089CA:  CLRF   x80
089CC:  MOVF   x80,W
089CE:  MOVLB  0
089D0:  CALL   0984
089D4:  IORLW  00
089D6:  BZ    89E8
089D8:  MOVLB  1
089DA:  INCF   x80,F
089DC:  MOVWF  xC1
089DE:  MOVLB  0
089E0:  CALL   265E
089E4:  MOVLB  1
089E6:  BRA    89CC
089E8:  MOVLB  0
.................... 	} 
.................... } 
089EA:  GOTO   ADA2 (RETURN)
.................... void tela175() 
.................... { 
.................... 	if (IDIOMA==1){ 
089EE:  DECFSZ 21,W
089F0:  BRA    8A1A
.................... 		lcd_linha1(); 
089F2:  CALL   2650
.................... 		lcd_escreve(MSG175_1); 
089F6:  MOVLB  1
089F8:  CLRF   x80
089FA:  MOVF   x80,W
089FC:  MOVLB  0
089FE:  CALL   09A6
08A02:  IORLW  00
08A04:  BZ    8A18
08A06:  MOVLB  1
08A08:  INCF   x80,F
08A0A:  MOVWF  xC1
08A0C:  MOVLB  0
08A0E:  CALL   265E
08A12:  MOVLB  1
08A14:  BRA    89FA
08A16:  MOVLB  0
.................... 	}else if(IDIOMA==2){ 
08A18:  BRA    8A72
08A1A:  MOVF   21,W
08A1C:  SUBLW  02
08A1E:  BNZ   8A48
.................... 		lcd_linha1(); 
08A20:  CALL   2650
.................... 		lcd_escreve(IMSG175_1); 
08A24:  MOVLB  1
08A26:  CLRF   x80
08A28:  MOVF   x80,W
08A2A:  MOVLB  0
08A2C:  CALL   09A6
08A30:  IORLW  00
08A32:  BZ    8A46
08A34:  MOVLB  1
08A36:  INCF   x80,F
08A38:  MOVWF  xC1
08A3A:  MOVLB  0
08A3C:  CALL   265E
08A40:  MOVLB  1
08A42:  BRA    8A28
08A44:  MOVLB  0
.................... 	}else if(IDIOMA==3){ 
08A46:  BRA    8A72
08A48:  MOVF   21,W
08A4A:  SUBLW  03
08A4C:  BNZ   8A72
.................... 		lcd_linha1(); 
08A4E:  CALL   2650
.................... 		lcd_escreve(SMSG175_1); 
08A52:  MOVLB  1
08A54:  CLRF   x80
08A56:  MOVF   x80,W
08A58:  MOVLB  0
08A5A:  CALL   09A6
08A5E:  IORLW  00
08A60:  BZ    8A72
08A62:  MOVLB  1
08A64:  INCF   x80,F
08A66:  MOVWF  xC1
08A68:  MOVLB  0
08A6A:  CALL   265E
08A6E:  MOVLB  1
08A70:  BRA    8A56
08A72:  MOVLB  0
.................... 	} 
.................... } 
08A74:  GOTO   B036 (RETURN)
.................... void tela176() 
.................... { 
.................... 	if (IDIOMA==1){ 
08A78:  DECFSZ 21,W
08A7A:  BRA    8AA4
.................... 		lcd_linha1(); 
08A7C:  CALL   2650
.................... 		lcd_escreve(MSG176_1); 
08A80:  MOVLB  1
08A82:  CLRF   x80
08A84:  MOVF   x80,W
08A86:  MOVLB  0
08A88:  CALL   09C8
08A8C:  IORLW  00
08A8E:  BZ    8AA2
08A90:  MOVLB  1
08A92:  INCF   x80,F
08A94:  MOVWF  xC1
08A96:  MOVLB  0
08A98:  CALL   265E
08A9C:  MOVLB  1
08A9E:  BRA    8A84
08AA0:  MOVLB  0
.................... 	}else if(IDIOMA==2){ 
08AA2:  BRA    8AFC
08AA4:  MOVF   21,W
08AA6:  SUBLW  02
08AA8:  BNZ   8AD2
.................... 		lcd_linha1(); 
08AAA:  CALL   2650
.................... 		lcd_escreve(IMSG176_1); 
08AAE:  MOVLB  1
08AB0:  CLRF   x80
08AB2:  MOVF   x80,W
08AB4:  MOVLB  0
08AB6:  CALL   09C8
08ABA:  IORLW  00
08ABC:  BZ    8AD0
08ABE:  MOVLB  1
08AC0:  INCF   x80,F
08AC2:  MOVWF  xC1
08AC4:  MOVLB  0
08AC6:  CALL   265E
08ACA:  MOVLB  1
08ACC:  BRA    8AB2
08ACE:  MOVLB  0
.................... 	}else if(IDIOMA==3){ 
08AD0:  BRA    8AFC
08AD2:  MOVF   21,W
08AD4:  SUBLW  03
08AD6:  BNZ   8AFC
.................... 		lcd_linha1(); 
08AD8:  CALL   2650
.................... 		lcd_escreve(SMSG176_1); 
08ADC:  MOVLB  1
08ADE:  CLRF   x80
08AE0:  MOVF   x80,W
08AE2:  MOVLB  0
08AE4:  CALL   09C8
08AE8:  IORLW  00
08AEA:  BZ    8AFC
08AEC:  MOVLB  1
08AEE:  INCF   x80,F
08AF0:  MOVWF  xC1
08AF2:  MOVLB  0
08AF4:  CALL   265E
08AF8:  MOVLB  1
08AFA:  BRA    8AE0
08AFC:  MOVLB  0
.................... 	} 
.................... } 
08AFE:  GOTO   B2CA (RETURN)
....................  
....................  
....................  
.................... void tela240() 
.................... { 
.................... 	if (IDIOMA==1){ 
*
04A08:  DECFSZ 21,W
04A0A:  BRA    4AD6
.................... 		lcd_linha1(); 
04A0C:  CALL   2650
.................... 		lcd_escreve(MSG240_1); 
04A10:  MOVLB  1
04A12:  CLRF   x82
04A14:  MOVF   x82,W
04A16:  MOVLB  0
04A18:  CALL   09EA
04A1C:  IORLW  00
04A1E:  BZ    4A32
04A20:  MOVLB  1
04A22:  INCF   x82,F
04A24:  MOVWF  xC1
04A26:  MOVLB  0
04A28:  CALL   265E
04A2C:  MOVLB  1
04A2E:  BRA    4A14
04A30:  MOVLB  0
.................... 		lcd_linha2(); 
04A32:  CALL   266E
.................... 		lcd_escreve(MSG240_2); 
04A36:  MOVLB  1
04A38:  CLRF   x82
04A3A:  MOVF   x82,W
04A3C:  MOVLB  0
04A3E:  CALL   0A16
04A42:  IORLW  00
04A44:  BZ    4A58
04A46:  MOVLB  1
04A48:  INCF   x82,F
04A4A:  MOVWF  xC1
04A4C:  MOVLB  0
04A4E:  CALL   265E
04A52:  MOVLB  1
04A54:  BRA    4A3A
04A56:  MOVLB  0
.................... 		delay_ms(2000); 
04A58:  MOVLW  08
04A5A:  MOVLB  1
04A5C:  MOVWF  x82
04A5E:  MOVLW  FA
04A60:  MOVWF  x83
04A62:  MOVLB  0
04A64:  CALL   26C6
04A68:  MOVLB  1
04A6A:  DECFSZ x82,F
04A6C:  BRA    4A5E
.................... 		lcd_linha1(); 
04A6E:  MOVLB  0
04A70:  CALL   2650
.................... 		lcd_escreve(MSG240_3); 
04A74:  MOVLB  1
04A76:  CLRF   x82
04A78:  MOVF   x82,W
04A7A:  MOVLB  0
04A7C:  CALL   0A42
04A80:  IORLW  00
04A82:  BZ    4A96
04A84:  MOVLB  1
04A86:  INCF   x82,F
04A88:  MOVWF  xC1
04A8A:  MOVLB  0
04A8C:  CALL   265E
04A90:  MOVLB  1
04A92:  BRA    4A78
04A94:  MOVLB  0
.................... 		lcd_linha2(); 
04A96:  CALL   266E
.................... 		lcd_escreve(MSG240_4); 
04A9A:  MOVLB  1
04A9C:  CLRF   x82
04A9E:  MOVF   x82,W
04AA0:  MOVLB  0
04AA2:  CALL   0A6E
04AA6:  IORLW  00
04AA8:  BZ    4ABC
04AAA:  MOVLB  1
04AAC:  INCF   x82,F
04AAE:  MOVWF  xC1
04AB0:  MOVLB  0
04AB2:  CALL   265E
04AB6:  MOVLB  1
04AB8:  BRA    4A9E
04ABA:  MOVLB  0
.................... 		delay_ms(2000); 
04ABC:  MOVLW  08
04ABE:  MOVLB  1
04AC0:  MOVWF  x82
04AC2:  MOVLW  FA
04AC4:  MOVWF  x83
04AC6:  MOVLB  0
04AC8:  CALL   26C6
04ACC:  MOVLB  1
04ACE:  DECFSZ x82,F
04AD0:  BRA    4AC2
.................... 	}else if(IDIOMA==2){ 
04AD2:  BRA    4C72
04AD4:  MOVLB  0
04AD6:  MOVF   21,W
04AD8:  SUBLW  02
04ADA:  BNZ   4BA6
.................... 		lcd_linha1(); 
04ADC:  CALL   2650
.................... 		lcd_escreve(IMSG240_1); 
04AE0:  MOVLB  1
04AE2:  CLRF   x82
04AE4:  MOVF   x82,W
04AE6:  MOVLB  0
04AE8:  CALL   116E
04AEC:  IORLW  00
04AEE:  BZ    4B02
04AF0:  MOVLB  1
04AF2:  INCF   x82,F
04AF4:  MOVWF  xC1
04AF6:  MOVLB  0
04AF8:  CALL   265E
04AFC:  MOVLB  1
04AFE:  BRA    4AE4
04B00:  MOVLB  0
.................... 		lcd_linha2(); 
04B02:  CALL   266E
.................... 		lcd_escreve(IMSG240_2); 
04B06:  MOVLB  1
04B08:  CLRF   x82
04B0A:  MOVF   x82,W
04B0C:  MOVLB  0
04B0E:  CALL   119A
04B12:  IORLW  00
04B14:  BZ    4B28
04B16:  MOVLB  1
04B18:  INCF   x82,F
04B1A:  MOVWF  xC1
04B1C:  MOVLB  0
04B1E:  CALL   265E
04B22:  MOVLB  1
04B24:  BRA    4B0A
04B26:  MOVLB  0
.................... 		delay_ms(2000); 
04B28:  MOVLW  08
04B2A:  MOVLB  1
04B2C:  MOVWF  x82
04B2E:  MOVLW  FA
04B30:  MOVWF  x83
04B32:  MOVLB  0
04B34:  CALL   26C6
04B38:  MOVLB  1
04B3A:  DECFSZ x82,F
04B3C:  BRA    4B2E
.................... 		lcd_linha1(); 
04B3E:  MOVLB  0
04B40:  CALL   2650
.................... 		lcd_escreve(IMSG240_3); 
04B44:  MOVLB  1
04B46:  CLRF   x82
04B48:  MOVF   x82,W
04B4A:  MOVLB  0
04B4C:  CALL   11C6
04B50:  IORLW  00
04B52:  BZ    4B66
04B54:  MOVLB  1
04B56:  INCF   x82,F
04B58:  MOVWF  xC1
04B5A:  MOVLB  0
04B5C:  CALL   265E
04B60:  MOVLB  1
04B62:  BRA    4B48
04B64:  MOVLB  0
.................... 		lcd_linha2(); 
04B66:  CALL   266E
.................... 		lcd_escreve(IMSG240_4); 
04B6A:  MOVLB  1
04B6C:  CLRF   x82
04B6E:  MOVF   x82,W
04B70:  MOVLB  0
04B72:  CALL   11F2
04B76:  IORLW  00
04B78:  BZ    4B8C
04B7A:  MOVLB  1
04B7C:  INCF   x82,F
04B7E:  MOVWF  xC1
04B80:  MOVLB  0
04B82:  CALL   265E
04B86:  MOVLB  1
04B88:  BRA    4B6E
04B8A:  MOVLB  0
.................... 		delay_ms(2000); 
04B8C:  MOVLW  08
04B8E:  MOVLB  1
04B90:  MOVWF  x82
04B92:  MOVLW  FA
04B94:  MOVWF  x83
04B96:  MOVLB  0
04B98:  CALL   26C6
04B9C:  MOVLB  1
04B9E:  DECFSZ x82,F
04BA0:  BRA    4B92
.................... 	}else if(IDIOMA==3){ 
04BA2:  BRA    4C72
04BA4:  MOVLB  0
04BA6:  MOVF   21,W
04BA8:  SUBLW  03
04BAA:  BNZ   4C72
.................... 		lcd_linha1(); 
04BAC:  CALL   2650
.................... 		lcd_escreve(SMSG240_1); 
04BB0:  MOVLB  1
04BB2:  CLRF   x82
04BB4:  MOVF   x82,W
04BB6:  MOVLB  0
04BB8:  CALL   16EE
04BBC:  IORLW  00
04BBE:  BZ    4BD2
04BC0:  MOVLB  1
04BC2:  INCF   x82,F
04BC4:  MOVWF  xC1
04BC6:  MOVLB  0
04BC8:  CALL   265E
04BCC:  MOVLB  1
04BCE:  BRA    4BB4
04BD0:  MOVLB  0
.................... 		lcd_linha2(); 
04BD2:  CALL   266E
.................... 		lcd_escreve(SMSG240_2); 
04BD6:  MOVLB  1
04BD8:  CLRF   x82
04BDA:  MOVF   x82,W
04BDC:  MOVLB  0
04BDE:  CALL   171A
04BE2:  IORLW  00
04BE4:  BZ    4BF8
04BE6:  MOVLB  1
04BE8:  INCF   x82,F
04BEA:  MOVWF  xC1
04BEC:  MOVLB  0
04BEE:  CALL   265E
04BF2:  MOVLB  1
04BF4:  BRA    4BDA
04BF6:  MOVLB  0
.................... 		delay_ms(2000); 
04BF8:  MOVLW  08
04BFA:  MOVLB  1
04BFC:  MOVWF  x82
04BFE:  MOVLW  FA
04C00:  MOVWF  x83
04C02:  MOVLB  0
04C04:  CALL   26C6
04C08:  MOVLB  1
04C0A:  DECFSZ x82,F
04C0C:  BRA    4BFE
.................... 		lcd_linha1(); 
04C0E:  MOVLB  0
04C10:  CALL   2650
.................... 		lcd_escreve(SMSG240_3); 
04C14:  MOVLB  1
04C16:  CLRF   x82
04C18:  MOVF   x82,W
04C1A:  MOVLB  0
04C1C:  CALL   1746
04C20:  IORLW  00
04C22:  BZ    4C36
04C24:  MOVLB  1
04C26:  INCF   x82,F
04C28:  MOVWF  xC1
04C2A:  MOVLB  0
04C2C:  CALL   265E
04C30:  MOVLB  1
04C32:  BRA    4C18
04C34:  MOVLB  0
.................... 		lcd_linha2(); 
04C36:  CALL   266E
.................... 		lcd_escreve(SMSG240_4); 
04C3A:  MOVLB  1
04C3C:  CLRF   x82
04C3E:  MOVF   x82,W
04C40:  MOVLB  0
04C42:  CALL   1772
04C46:  IORLW  00
04C48:  BZ    4C5C
04C4A:  MOVLB  1
04C4C:  INCF   x82,F
04C4E:  MOVWF  xC1
04C50:  MOVLB  0
04C52:  CALL   265E
04C56:  MOVLB  1
04C58:  BRA    4C3E
04C5A:  MOVLB  0
.................... 		delay_ms(2000); 
04C5C:  MOVLW  08
04C5E:  MOVLB  1
04C60:  MOVWF  x82
04C62:  MOVLW  FA
04C64:  MOVWF  x83
04C66:  MOVLB  0
04C68:  CALL   26C6
04C6C:  MOVLB  1
04C6E:  DECFSZ x82,F
04C70:  BRA    4C62
04C72:  MOVLB  0
.................... 	} 
.................... } 
04C74:  GOTO   5E86 (RETURN)
....................  
.................... void tela250() 
.................... { 
.................... 	if (IDIOMA==1){ 
*
08B02:  DECFSZ 21,W
08B04:  BRA    8B32
.................... 		lcd_linha1(); 
08B06:  CALL   2650
.................... 		lcd_escreve(MSG250_1); 
08B0A:  MOVLB  1
08B0C:  CLRF   x80
08B0E:  MOVF   x80,W
08B10:  MOVLB  0
08B12:  CALL   0722
08B16:  IORLW  00
08B18:  BZ    8B2C
08B1A:  MOVLB  1
08B1C:  INCF   x80,F
08B1E:  MOVWF  xC1
08B20:  MOVLB  0
08B22:  CALL   265E
08B26:  MOVLB  1
08B28:  BRA    8B0E
08B2A:  MOVLB  0
.................... 		tela1_2(); 
08B2C:  CALL   2C6A
.................... 	}else if(IDIOMA==2){ 
08B30:  BRA    8B94
08B32:  MOVF   21,W
08B34:  SUBLW  02
08B36:  BNZ   8B64
.................... 		lcd_linha1(); 
08B38:  CALL   2650
.................... 		lcd_escreve(IMSG250_1); 
08B3C:  MOVLB  1
08B3E:  CLRF   x80
08B40:  MOVF   x80,W
08B42:  MOVLB  0
08B44:  CALL   0722
08B48:  IORLW  00
08B4A:  BZ    8B5E
08B4C:  MOVLB  1
08B4E:  INCF   x80,F
08B50:  MOVWF  xC1
08B52:  MOVLB  0
08B54:  CALL   265E
08B58:  MOVLB  1
08B5A:  BRA    8B40
08B5C:  MOVLB  0
.................... 		tela1_2(); 
08B5E:  CALL   2C6A
.................... 	}else if(IDIOMA==3){ 
08B62:  BRA    8B94
08B64:  MOVF   21,W
08B66:  SUBLW  03
08B68:  BNZ   8B94
.................... 		lcd_linha1(); 
08B6A:  CALL   2650
.................... 		lcd_escreve(SMSG250_1); 
08B6E:  MOVLB  1
08B70:  CLRF   x80
08B72:  MOVF   x80,W
08B74:  MOVLB  0
08B76:  CALL   0722
08B7A:  IORLW  00
08B7C:  BZ    8B90
08B7E:  MOVLB  1
08B80:  INCF   x80,F
08B82:  MOVWF  xC1
08B84:  MOVLB  0
08B86:  CALL   265E
08B8A:  MOVLB  1
08B8C:  BRA    8B72
08B8E:  MOVLB  0
.................... 		tela1_2(); 
08B90:  CALL   2C6A
.................... 	} 
.................... } 
08B94:  RETLW  00
.................... void tela251() 
.................... { 
.................... 	if (IDIOMA==1){ 
08B96:  DECFSZ 21,W
08B98:  BRA    8BC6
.................... 		lcd_linha1(); 
08B9A:  CALL   2650
.................... 		lcd_escreve(MSG251_1); 
08B9E:  MOVLB  1
08BA0:  CLRF   x80
08BA2:  MOVF   x80,W
08BA4:  MOVLB  0
08BA6:  CALL   0A9A
08BAA:  IORLW  00
08BAC:  BZ    8BC0
08BAE:  MOVLB  1
08BB0:  INCF   x80,F
08BB2:  MOVWF  xC1
08BB4:  MOVLB  0
08BB6:  CALL   265E
08BBA:  MOVLB  1
08BBC:  BRA    8BA2
08BBE:  MOVLB  0
.................... 		tela1_2(); 
08BC0:  CALL   2C6A
.................... 	}else if(IDIOMA==2){ 
08BC4:  BRA    8C28
08BC6:  MOVF   21,W
08BC8:  SUBLW  02
08BCA:  BNZ   8BF8
.................... 		lcd_linha1(); 
08BCC:  CALL   2650
.................... 		lcd_escreve(IMSG251_1); 
08BD0:  MOVLB  1
08BD2:  CLRF   x80
08BD4:  MOVF   x80,W
08BD6:  MOVLB  0
08BD8:  CALL   0A9A
08BDC:  IORLW  00
08BDE:  BZ    8BF2
08BE0:  MOVLB  1
08BE2:  INCF   x80,F
08BE4:  MOVWF  xC1
08BE6:  MOVLB  0
08BE8:  CALL   265E
08BEC:  MOVLB  1
08BEE:  BRA    8BD4
08BF0:  MOVLB  0
.................... 		tela1_2(); 
08BF2:  CALL   2C6A
.................... 	}else if(IDIOMA==3){ 
08BF6:  BRA    8C28
08BF8:  MOVF   21,W
08BFA:  SUBLW  03
08BFC:  BNZ   8C28
.................... 		lcd_linha1(); 
08BFE:  CALL   2650
.................... 		lcd_escreve(SMSG251_1); 
08C02:  MOVLB  1
08C04:  CLRF   x80
08C06:  MOVF   x80,W
08C08:  MOVLB  0
08C0A:  CALL   0A9A
08C0E:  IORLW  00
08C10:  BZ    8C24
08C12:  MOVLB  1
08C14:  INCF   x80,F
08C16:  MOVWF  xC1
08C18:  MOVLB  0
08C1A:  CALL   265E
08C1E:  MOVLB  1
08C20:  BRA    8C06
08C22:  MOVLB  0
.................... 		tela1_2(); 
08C24:  CALL   2C6A
.................... 	} 
.................... } 
08C28:  RETLW  00
....................  
.................... void tela350() 
.................... { 
.................... 	tela1_2(); 
08C2A:  CALL   2C6A
.................... } 
08C2E:  GOTO   B89A (RETURN)
....................  
.................... void tela410() 
.................... { 
.................... 	if (IDIOMA==1){ 
*
08E9A:  DECFSZ 21,W
08E9C:  BRA    8EEC
.................... 		lcd_linha1(); 
08E9E:  CALL   2650
.................... 		lcd_escreve(MSG110_1); 
08EA2:  MOVLB  1
08EA4:  CLRF   x80
08EA6:  MOVF   x80,W
08EA8:  MOVLB  0
08EAA:  CALL   0798
08EAE:  IORLW  00
08EB0:  BZ    8EC4
08EB2:  MOVLB  1
08EB4:  INCF   x80,F
08EB6:  MOVWF  xC1
08EB8:  MOVLB  0
08EBA:  CALL   265E
08EBE:  MOVLB  1
08EC0:  BRA    8EA6
08EC2:  MOVLB  0
.................... 		lcd_linha2(); 
08EC4:  CALL   266E
.................... 		lcd_escreve(MSG410_2); 
08EC8:  MOVLB  1
08ECA:  CLRF   x80
08ECC:  MOVF   x80,W
08ECE:  MOVLB  0
08ED0:  CALL   0AB8
08ED4:  IORLW  00
08ED6:  BZ    8EEA
08ED8:  MOVLB  1
08EDA:  INCF   x80,F
08EDC:  MOVWF  xC1
08EDE:  MOVLB  0
08EE0:  CALL   265E
08EE4:  MOVLB  1
08EE6:  BRA    8ECC
08EE8:  MOVLB  0
.................... 	}else if(IDIOMA==2){ 
08EEA:  BRA    8F90
08EEC:  MOVF   21,W
08EEE:  SUBLW  02
08EF0:  BNZ   8F40
.................... 		lcd_linha1(); 
08EF2:  CALL   2650
.................... 		lcd_escreve(IMSG110_1); 
08EF6:  MOVLB  1
08EF8:  CLRF   x80
08EFA:  MOVF   x80,W
08EFC:  MOVLB  0
08EFE:  CALL   10EA
08F02:  IORLW  00
08F04:  BZ    8F18
08F06:  MOVLB  1
08F08:  INCF   x80,F
08F0A:  MOVWF  xC1
08F0C:  MOVLB  0
08F0E:  CALL   265E
08F12:  MOVLB  1
08F14:  BRA    8EFA
08F16:  MOVLB  0
.................... 		lcd_linha2(); 
08F18:  CALL   266E
.................... 		lcd_escreve(IMSG410_2); 
08F1C:  MOVLB  1
08F1E:  CLRF   x80
08F20:  MOVF   x80,W
08F22:  MOVLB  0
08F24:  CALL   121E
08F28:  IORLW  00
08F2A:  BZ    8F3E
08F2C:  MOVLB  1
08F2E:  INCF   x80,F
08F30:  MOVWF  xC1
08F32:  MOVLB  0
08F34:  CALL   265E
08F38:  MOVLB  1
08F3A:  BRA    8F20
08F3C:  MOVLB  0
.................... 	}else if(IDIOMA==3){ 
08F3E:  BRA    8F90
08F40:  MOVF   21,W
08F42:  SUBLW  03
08F44:  BNZ   8F90
.................... 		lcd_linha1(); 
08F46:  CALL   2650
.................... 		lcd_escreve(SMSG110_1); 
08F4A:  MOVLB  1
08F4C:  CLRF   x80
08F4E:  MOVF   x80,W
08F50:  MOVLB  0
08F52:  CALL   166A
08F56:  IORLW  00
08F58:  BZ    8F6C
08F5A:  MOVLB  1
08F5C:  INCF   x80,F
08F5E:  MOVWF  xC1
08F60:  MOVLB  0
08F62:  CALL   265E
08F66:  MOVLB  1
08F68:  BRA    8F4E
08F6A:  MOVLB  0
.................... 		lcd_linha2(); 
08F6C:  CALL   266E
.................... 		lcd_escreve(SMSG410_2); 
08F70:  MOVLB  1
08F72:  CLRF   x80
08F74:  MOVF   x80,W
08F76:  MOVLB  0
08F78:  CALL   179E
08F7C:  IORLW  00
08F7E:  BZ    8F90
08F80:  MOVLB  1
08F82:  INCF   x80,F
08F84:  MOVWF  xC1
08F86:  MOVLB  0
08F88:  CALL   265E
08F8C:  MOVLB  1
08F8E:  BRA    8F74
08F90:  MOVLB  0
.................... 	} 
.................... } 
08F92:  GOTO   B8D0 (RETURN)
.................... void tela450() 
.................... { 
.................... 	tela1_2(); 
08F96:  CALL   2C6A
.................... } 
08F9A:  GOTO   B91A (RETURN)
.................... void tela470() 
.................... { 
.................... 	tela1_2(); 
*
09006:  CALL   2C6A
.................... } 
0900A:  GOTO   B942 (RETURN)
.................... /* mesma tela250 
.................... void tela550() 
.................... { 
.................... 	lcd_linha1(); 
.................... 	lcd_escreve(MSG550_1); 
.................... 	lcd_linha2(); 
.................... 	lcd_escreve(MSG1_2a); 
.................... 	lcd_escreve(MSG1_2); 
.................... 	lcd_escreve(MSG1_2b); 
.................... } mesma 251 
.................... void tela551() 
.................... { 
.................... 	lcd_linha1(); 
.................... 	lcd_escreve(MSG551_1); 
.................... 	lcd_linha2(); 
.................... 	lcd_escreve(MSG1_2a); 
.................... 	lcd_escreve(MSG1_2); 
.................... 	lcd_escreve(MSG1_2b); 
.................... }*/ 
.................... void tela552() 
.................... { 
.................... 	if (IDIOMA==1){ 
*
09308:  DECFSZ 21,W
0930A:  BRA    9338
.................... 		lcd_linha1(); 
0930C:  CALL   2650
.................... 		lcd_escreve(MSG552_1); 
09310:  MOVLB  1
09312:  CLRF   x80
09314:  MOVF   x80,W
09316:  MOVLB  0
09318:  CALL   0AE4
0931C:  IORLW  00
0931E:  BZ    9332
09320:  MOVLB  1
09322:  INCF   x80,F
09324:  MOVWF  xC1
09326:  MOVLB  0
09328:  CALL   265E
0932C:  MOVLB  1
0932E:  BRA    9314
09330:  MOVLB  0
.................... 		tela1_2(); 
09332:  CALL   2C6A
.................... 	}else if(IDIOMA==2){ 
09336:  BRA    939A
09338:  MOVF   21,W
0933A:  SUBLW  02
0933C:  BNZ   936A
.................... 		lcd_linha1(); 
0933E:  CALL   2650
.................... 		lcd_escreve(IMSG552_1); 
09342:  MOVLB  1
09344:  CLRF   x80
09346:  MOVF   x80,W
09348:  MOVLB  0
0934A:  CALL   0AE4
0934E:  IORLW  00
09350:  BZ    9364
09352:  MOVLB  1
09354:  INCF   x80,F
09356:  MOVWF  xC1
09358:  MOVLB  0
0935A:  CALL   265E
0935E:  MOVLB  1
09360:  BRA    9346
09362:  MOVLB  0
.................... 		tela1_2(); 
09364:  CALL   2C6A
.................... 	}else if(IDIOMA==3){ 
09368:  BRA    939A
0936A:  MOVF   21,W
0936C:  SUBLW  03
0936E:  BNZ   939A
.................... 		lcd_linha1(); 
09370:  CALL   2650
.................... 		lcd_escreve(SMSG552_1); 
09374:  MOVLB  1
09376:  CLRF   x80
09378:  MOVF   x80,W
0937A:  MOVLB  0
0937C:  CALL   0AE4
09380:  IORLW  00
09382:  BZ    9396
09384:  MOVLB  1
09386:  INCF   x80,F
09388:  MOVWF  xC1
0938A:  MOVLB  0
0938C:  CALL   265E
09390:  MOVLB  1
09392:  BRA    9378
09394:  MOVLB  0
.................... 		tela1_2(); 
09396:  CALL   2C6A
.................... 	} 
.................... } 
0939A:  GOTO   BC34 (RETURN)
.................... void tela553() 
.................... { 
.................... 	if (IDIOMA==1){ 
0939E:  DECFSZ 21,W
093A0:  BRA    93CE
.................... 		lcd_linha1(); 
093A2:  CALL   2650
.................... 		lcd_escreve(MSG553_1); 
093A6:  MOVLB  1
093A8:  CLRF   x80
093AA:  MOVF   x80,W
093AC:  MOVLB  0
093AE:  CALL   0B02
093B2:  IORLW  00
093B4:  BZ    93C8
093B6:  MOVLB  1
093B8:  INCF   x80,F
093BA:  MOVWF  xC1
093BC:  MOVLB  0
093BE:  CALL   265E
093C2:  MOVLB  1
093C4:  BRA    93AA
093C6:  MOVLB  0
.................... 		tela1_2(); 
093C8:  CALL   2C6A
.................... 	}else if(IDIOMA==2){ 
093CC:  BRA    9430
093CE:  MOVF   21,W
093D0:  SUBLW  02
093D2:  BNZ   9400
.................... 		lcd_linha1(); 
093D4:  CALL   2650
.................... 		lcd_escreve(IMSG553_1); 
093D8:  MOVLB  1
093DA:  CLRF   x80
093DC:  MOVF   x80,W
093DE:  MOVLB  0
093E0:  CALL   0B02
093E4:  IORLW  00
093E6:  BZ    93FA
093E8:  MOVLB  1
093EA:  INCF   x80,F
093EC:  MOVWF  xC1
093EE:  MOVLB  0
093F0:  CALL   265E
093F4:  MOVLB  1
093F6:  BRA    93DC
093F8:  MOVLB  0
.................... 		tela1_2(); 
093FA:  CALL   2C6A
.................... 	}else if(IDIOMA==3){ 
093FE:  BRA    9430
09400:  MOVF   21,W
09402:  SUBLW  03
09404:  BNZ   9430
.................... 		lcd_linha1(); 
09406:  CALL   2650
.................... 		lcd_escreve(SMSG553_1); 
0940A:  MOVLB  1
0940C:  CLRF   x80
0940E:  MOVF   x80,W
09410:  MOVLB  0
09412:  CALL   0B02
09416:  IORLW  00
09418:  BZ    942C
0941A:  MOVLB  1
0941C:  INCF   x80,F
0941E:  MOVWF  xC1
09420:  MOVLB  0
09422:  CALL   265E
09426:  MOVLB  1
09428:  BRA    940E
0942A:  MOVLB  0
.................... 		tela1_2(); 
0942C:  CALL   2C6A
.................... 	} 
.................... } 
09430:  GOTO   BE4A (RETURN)
.................... void tela702() 
.................... { 
.................... 	if (IDIOMA==1){ 
*
0662C:  DECFSZ 21,W
0662E:  BRA    66F6
.................... 		lcd_linha1(); 
06630:  CALL   2650
.................... 		lcd_escreve(MSG102_1); 
06634:  MOVLB  1
06636:  CLRF   x81
06638:  MOVF   x81,W
0663A:  MOVLB  0
0663C:  CALL   0722
06640:  IORLW  00
06642:  BZ    6656
06644:  MOVLB  1
06646:  INCF   x81,F
06648:  MOVWF  xC1
0664A:  MOVLB  0
0664C:  CALL   265E
06650:  MOVLB  1
06652:  BRA    6638
06654:  MOVLB  0
.................... 	//  msg_atualizaTimer(); 
.................... 		lcd_escreve_digito(decisec); 
06656:  MOVFF  20,1C0
0665A:  CALL   343A
.................... 		lcd_escreve_digito(sec); 
0665E:  MOVFF  1F,1C0
06662:  CALL   343A
.................... 		lcd_escreve(','); 
06666:  MOVLW  2C
06668:  MOVLB  1
0666A:  MOVWF  xC1
0666C:  MOVLB  0
0666E:  CALL   265E
.................... 		lcd_escreve_digito(deci); 
06672:  MOVFF  1E,1C0
06676:  CALL   343A
.................... 		lcd_escreve(" S0");  
0667A:  MOVLB  1
0667C:  CLRF   x81
0667E:  MOVF   x81,W
06680:  MOVLB  0
06682:  CALL   1920
06686:  IORLW  00
06688:  BZ    669C
0668A:  MOVLB  1
0668C:  INCF   x81,F
0668E:  MOVWF  xC1
06690:  MOVLB  0
06692:  CALL   265E
06696:  MOVLB  1
06698:  BRA    667E
0669A:  MOVLB  0
.................... 		lcd_posicaoxy(12,1); 
0669C:  MOVLW  0C
0669E:  MOVLB  1
066A0:  MOVWF  x92
066A2:  MOVLW  01
066A4:  MOVWF  x93
066A6:  MOVLB  0
066A8:  CALL   262A
.................... 		lcd_escreve(" S1>");  
066AC:  MOVLB  1
066AE:  CLRF   x81
066B0:  MOVF   x81,W
066B2:  MOVLB  0
066B4:  CALL   193E
066B8:  IORLW  00
066BA:  BZ    66CE
066BC:  MOVLB  1
066BE:  INCF   x81,F
066C0:  MOVWF  xC1
066C2:  MOVLB  0
066C4:  CALL   265E
066C8:  MOVLB  1
066CA:  BRA    66B0
066CC:  MOVLB  0
.................... 		lcd_linha2(); 
066CE:  CALL   266E
.................... 		lcd_escreve(MSG100_2); 
066D2:  MOVLB  1
066D4:  CLRF   x81
066D6:  MOVF   x81,W
066D8:  MOVLB  0
066DA:  CALL   06F6
066DE:  IORLW  00
066E0:  BZ    66F4
066E2:  MOVLB  1
066E4:  INCF   x81,F
066E6:  MOVWF  xC1
066E8:  MOVLB  0
066EA:  CALL   265E
066EE:  MOVLB  1
066F0:  BRA    66D6
066F2:  MOVLB  0
.................... 	}else if(IDIOMA==2){ 
066F4:  BRA    688A
066F6:  MOVF   21,W
066F8:  SUBLW  02
066FA:  BNZ   67C2
.................... 		lcd_linha1(); 
066FC:  CALL   2650
.................... 		lcd_escreve(IMSG102_1); 
06700:  MOVLB  1
06702:  CLRF   x81
06704:  MOVF   x81,W
06706:  MOVLB  0
06708:  CALL   0722
0670C:  IORLW  00
0670E:  BZ    6722
06710:  MOVLB  1
06712:  INCF   x81,F
06714:  MOVWF  xC1
06716:  MOVLB  0
06718:  CALL   265E
0671C:  MOVLB  1
0671E:  BRA    6704
06720:  MOVLB  0
.................... 	//  msg_atualizaTimer(); 
.................... 		lcd_escreve_digito(decisec); 
06722:  MOVFF  20,1C0
06726:  CALL   343A
.................... 		lcd_escreve_digito(sec); 
0672A:  MOVFF  1F,1C0
0672E:  CALL   343A
.................... 		lcd_escreve(','); 
06732:  MOVLW  2C
06734:  MOVLB  1
06736:  MOVWF  xC1
06738:  MOVLB  0
0673A:  CALL   265E
.................... 		lcd_escreve_digito(deci); 
0673E:  MOVFF  1E,1C0
06742:  CALL   343A
.................... 		lcd_escreve(" S0");  
06746:  MOVLB  1
06748:  CLRF   x81
0674A:  MOVF   x81,W
0674C:  MOVLB  0
0674E:  CALL   1920
06752:  IORLW  00
06754:  BZ    6768
06756:  MOVLB  1
06758:  INCF   x81,F
0675A:  MOVWF  xC1
0675C:  MOVLB  0
0675E:  CALL   265E
06762:  MOVLB  1
06764:  BRA    674A
06766:  MOVLB  0
.................... 		lcd_posicaoxy(12,1); 
06768:  MOVLW  0C
0676A:  MOVLB  1
0676C:  MOVWF  x92
0676E:  MOVLW  01
06770:  MOVWF  x93
06772:  MOVLB  0
06774:  CALL   262A
.................... 		lcd_escreve(" S1>");  
06778:  MOVLB  1
0677A:  CLRF   x81
0677C:  MOVF   x81,W
0677E:  MOVLB  0
06780:  CALL   193E
06784:  IORLW  00
06786:  BZ    679A
06788:  MOVLB  1
0678A:  INCF   x81,F
0678C:  MOVWF  xC1
0678E:  MOVLB  0
06790:  CALL   265E
06794:  MOVLB  1
06796:  BRA    677C
06798:  MOVLB  0
.................... 		lcd_linha2(); 
0679A:  CALL   266E
.................... 		lcd_escreve(IMSG100_2); 
0679E:  MOVLB  1
067A0:  CLRF   x81
067A2:  MOVF   x81,W
067A4:  MOVLB  0
067A6:  CALL   1066
067AA:  IORLW  00
067AC:  BZ    67C0
067AE:  MOVLB  1
067B0:  INCF   x81,F
067B2:  MOVWF  xC1
067B4:  MOVLB  0
067B6:  CALL   265E
067BA:  MOVLB  1
067BC:  BRA    67A2
067BE:  MOVLB  0
.................... 	}else if(IDIOMA==3){ 
067C0:  BRA    688A
067C2:  MOVF   21,W
067C4:  SUBLW  03
067C6:  BNZ   688A
.................... 		lcd_linha1(); 
067C8:  CALL   2650
.................... 		lcd_escreve(SMSG102_1); 
067CC:  MOVLB  1
067CE:  CLRF   x81
067D0:  MOVF   x81,W
067D2:  MOVLB  0
067D4:  CALL   0722
067D8:  IORLW  00
067DA:  BZ    67EE
067DC:  MOVLB  1
067DE:  INCF   x81,F
067E0:  MOVWF  xC1
067E2:  MOVLB  0
067E4:  CALL   265E
067E8:  MOVLB  1
067EA:  BRA    67D0
067EC:  MOVLB  0
.................... 	//  msg_atualizaTimer(); 
.................... 		lcd_escreve_digito(decisec); 
067EE:  MOVFF  20,1C0
067F2:  CALL   343A
.................... 		lcd_escreve_digito(sec); 
067F6:  MOVFF  1F,1C0
067FA:  CALL   343A
.................... 		lcd_escreve(','); 
067FE:  MOVLW  2C
06800:  MOVLB  1
06802:  MOVWF  xC1
06804:  MOVLB  0
06806:  CALL   265E
.................... 		lcd_escreve_digito(deci); 
0680A:  MOVFF  1E,1C0
0680E:  CALL   343A
.................... 		lcd_escreve(" S0");  
06812:  MOVLB  1
06814:  CLRF   x81
06816:  MOVF   x81,W
06818:  MOVLB  0
0681A:  CALL   1920
0681E:  IORLW  00
06820:  BZ    6834
06822:  MOVLB  1
06824:  INCF   x81,F
06826:  MOVWF  xC1
06828:  MOVLB  0
0682A:  CALL   265E
0682E:  MOVLB  1
06830:  BRA    6816
06832:  MOVLB  0
.................... 		lcd_posicaoxy(12,1); 
06834:  MOVLW  0C
06836:  MOVLB  1
06838:  MOVWF  x92
0683A:  MOVLW  01
0683C:  MOVWF  x93
0683E:  MOVLB  0
06840:  CALL   262A
.................... 		lcd_escreve(" S1>");  
06844:  MOVLB  1
06846:  CLRF   x81
06848:  MOVF   x81,W
0684A:  MOVLB  0
0684C:  CALL   193E
06850:  IORLW  00
06852:  BZ    6866
06854:  MOVLB  1
06856:  INCF   x81,F
06858:  MOVWF  xC1
0685A:  MOVLB  0
0685C:  CALL   265E
06860:  MOVLB  1
06862:  BRA    6848
06864:  MOVLB  0
.................... 		lcd_linha2(); 
06866:  CALL   266E
.................... 		lcd_escreve(SMSG100_2); 
0686A:  MOVLB  1
0686C:  CLRF   x81
0686E:  MOVF   x81,W
06870:  MOVLB  0
06872:  CALL   06F6
06876:  IORLW  00
06878:  BZ    688A
0687A:  MOVLB  1
0687C:  INCF   x81,F
0687E:  MOVWF  xC1
06880:  MOVLB  0
06882:  CALL   265E
06886:  MOVLB  1
06888:  BRA    686E
0688A:  MOVLB  0
.................... 	} 
.................... } 
0688C:  RETLW  00
.................... void tela710() 
.................... { 
.................... 	if (IDIOMA==1){ 
*
09434:  DECFSZ 21,W
09436:  BRA    9486
.................... 		lcd_linha1(); 
09438:  CALL   2650
.................... 		lcd_escreve(MSG110_1); 
0943C:  MOVLB  1
0943E:  CLRF   x80
09440:  MOVF   x80,W
09442:  MOVLB  0
09444:  CALL   0798
09448:  IORLW  00
0944A:  BZ    945E
0944C:  MOVLB  1
0944E:  INCF   x80,F
09450:  MOVWF  xC1
09452:  MOVLB  0
09454:  CALL   265E
09458:  MOVLB  1
0945A:  BRA    9440
0945C:  MOVLB  0
.................... 		lcd_linha2(); 
0945E:  CALL   266E
.................... 		lcd_escreve(MSG710_2); 
09462:  MOVLB  1
09464:  CLRF   x80
09466:  MOVF   x80,W
09468:  MOVLB  0
0946A:  CALL   0B20
0946E:  IORLW  00
09470:  BZ    9484
09472:  MOVLB  1
09474:  INCF   x80,F
09476:  MOVWF  xC1
09478:  MOVLB  0
0947A:  CALL   265E
0947E:  MOVLB  1
09480:  BRA    9466
09482:  MOVLB  0
.................... 	}else if(IDIOMA==2){ 
09484:  BRA    952A
09486:  MOVF   21,W
09488:  SUBLW  02
0948A:  BNZ   94DA
.................... 		lcd_linha1(); 
0948C:  CALL   2650
.................... 		lcd_escreve(IMSG110_1); 
09490:  MOVLB  1
09492:  CLRF   x80
09494:  MOVF   x80,W
09496:  MOVLB  0
09498:  CALL   10EA
0949C:  IORLW  00
0949E:  BZ    94B2
094A0:  MOVLB  1
094A2:  INCF   x80,F
094A4:  MOVWF  xC1
094A6:  MOVLB  0
094A8:  CALL   265E
094AC:  MOVLB  1
094AE:  BRA    9494
094B0:  MOVLB  0
.................... 		lcd_linha2(); 
094B2:  CALL   266E
.................... 		lcd_escreve(IMSG710_2); 
094B6:  MOVLB  1
094B8:  CLRF   x80
094BA:  MOVF   x80,W
094BC:  MOVLB  0
094BE:  CALL   124A
094C2:  IORLW  00
094C4:  BZ    94D8
094C6:  MOVLB  1
094C8:  INCF   x80,F
094CA:  MOVWF  xC1
094CC:  MOVLB  0
094CE:  CALL   265E
094D2:  MOVLB  1
094D4:  BRA    94BA
094D6:  MOVLB  0
.................... 	}else if(IDIOMA==3){ 
094D8:  BRA    952A
094DA:  MOVF   21,W
094DC:  SUBLW  03
094DE:  BNZ   952A
.................... 		lcd_linha1(); 
094E0:  CALL   2650
.................... 		lcd_escreve(SMSG110_1); 
094E4:  MOVLB  1
094E6:  CLRF   x80
094E8:  MOVF   x80,W
094EA:  MOVLB  0
094EC:  CALL   166A
094F0:  IORLW  00
094F2:  BZ    9506
094F4:  MOVLB  1
094F6:  INCF   x80,F
094F8:  MOVWF  xC1
094FA:  MOVLB  0
094FC:  CALL   265E
09500:  MOVLB  1
09502:  BRA    94E8
09504:  MOVLB  0
.................... 		lcd_linha2(); 
09506:  CALL   266E
.................... 		lcd_escreve(SMSG710_2); 
0950A:  MOVLB  1
0950C:  CLRF   x80
0950E:  MOVF   x80,W
09510:  MOVLB  0
09512:  CALL   17CA
09516:  IORLW  00
09518:  BZ    952A
0951A:  MOVLB  1
0951C:  INCF   x80,F
0951E:  MOVWF  xC1
09520:  MOVLB  0
09522:  CALL   265E
09526:  MOVLB  1
09528:  BRA    950E
0952A:  MOVLB  0
.................... 	} 
.................... } 
0952C:  GOTO   C090 (RETURN)
.................... void tela750() 
.................... { 
.................... 	if (IDIOMA==1){ 
09530:  DECFSZ 21,W
09532:  BRA    9592
.................... 		lcd_linha1(); 
09534:  CALL   2650
.................... 		lcd_escreve(MSG102_1); 
09538:  MOVLB  1
0953A:  CLRF   x80
0953C:  MOVF   x80,W
0953E:  MOVLB  0
09540:  CALL   0722
09544:  IORLW  00
09546:  BZ    955A
09548:  MOVLB  1
0954A:  INCF   x80,F
0954C:  MOVWF  xC1
0954E:  MOVLB  0
09550:  CALL   265E
09554:  MOVLB  1
09556:  BRA    953C
09558:  MOVLB  0
.................... 		//lcd_posicaoxy(11,1); 
.................... 		lcd_posicaoxy(12,1);//Deixado um espaco 
0955A:  MOVLW  0C
0955C:  MOVLB  1
0955E:  MOVWF  x92
09560:  MOVLW  01
09562:  MOVWF  x93
09564:  MOVLB  0
09566:  CALL   262A
.................... 							//entre [unidade] e a proxima 
.................... 							//mensagem 
.................... 		//lcd_escreve(" S0>");//Comando anterior 
.................... 		lcd_escreve("S0>"); 
0956A:  MOVLB  1
0956C:  CLRF   x80
0956E:  MOVF   x80,W
09570:  MOVLB  0
09572:  CALL   195E
09576:  IORLW  00
09578:  BZ    958C
0957A:  MOVLB  1
0957C:  INCF   x80,F
0957E:  MOVWF  xC1
09580:  MOVLB  0
09582:  CALL   265E
09586:  MOVLB  1
09588:  BRA    956E
0958A:  MOVLB  0
.................... 		tela1_2(); 
0958C:  CALL   2C6A
.................... 	}else if(IDIOMA==2){ 
09590:  BRA    9658
09592:  MOVF   21,W
09594:  SUBLW  02
09596:  BNZ   95F6
.................... 		lcd_linha1(); 
09598:  CALL   2650
.................... 		lcd_escreve(IMSG102_1); 
0959C:  MOVLB  1
0959E:  CLRF   x80
095A0:  MOVF   x80,W
095A2:  MOVLB  0
095A4:  CALL   0722
095A8:  IORLW  00
095AA:  BZ    95BE
095AC:  MOVLB  1
095AE:  INCF   x80,F
095B0:  MOVWF  xC1
095B2:  MOVLB  0
095B4:  CALL   265E
095B8:  MOVLB  1
095BA:  BRA    95A0
095BC:  MOVLB  0
.................... 		//lcd_posicaoxy(11,1); 
.................... 		lcd_posicaoxy(12,1);//Deixado um espaco 
095BE:  MOVLW  0C
095C0:  MOVLB  1
095C2:  MOVWF  x92
095C4:  MOVLW  01
095C6:  MOVWF  x93
095C8:  MOVLB  0
095CA:  CALL   262A
.................... 							//entre [unidade] e a proxima 
.................... 							//mensagem 
.................... 		//lcd_escreve(" S0>"); 
.................... 		lcd_escreve("S0>"); 
095CE:  MOVLB  1
095D0:  CLRF   x80
095D2:  MOVF   x80,W
095D4:  MOVLB  0
095D6:  CALL   195E
095DA:  IORLW  00
095DC:  BZ    95F0
095DE:  MOVLB  1
095E0:  INCF   x80,F
095E2:  MOVWF  xC1
095E4:  MOVLB  0
095E6:  CALL   265E
095EA:  MOVLB  1
095EC:  BRA    95D2
095EE:  MOVLB  0
.................... 		tela1_2(); 
095F0:  CALL   2C6A
.................... 	}else if(IDIOMA==3){ 
095F4:  BRA    9658
095F6:  MOVF   21,W
095F8:  SUBLW  03
095FA:  BNZ   9658
.................... 		lcd_linha1(); 
095FC:  CALL   2650
.................... 		lcd_escreve(SMSG102_1); 
09600:  MOVLB  1
09602:  CLRF   x80
09604:  MOVF   x80,W
09606:  MOVLB  0
09608:  CALL   0722
0960C:  IORLW  00
0960E:  BZ    9622
09610:  MOVLB  1
09612:  INCF   x80,F
09614:  MOVWF  xC1
09616:  MOVLB  0
09618:  CALL   265E
0961C:  MOVLB  1
0961E:  BRA    9604
09620:  MOVLB  0
.................... 		//lcd_posicaoxy(11,1); 
.................... 		lcd_posicaoxy(12,1);//Deixado um espaco 
09622:  MOVLW  0C
09624:  MOVLB  1
09626:  MOVWF  x92
09628:  MOVLW  01
0962A:  MOVWF  x93
0962C:  MOVLB  0
0962E:  CALL   262A
.................... 							//entre [unidade] e a proxima 
.................... 							//mensagem 
.................... 		//lcd_escreve(" S0>"); 
.................... 		lcd_escreve("S0>"); 
09632:  MOVLB  1
09634:  CLRF   x80
09636:  MOVF   x80,W
09638:  MOVLB  0
0963A:  CALL   195E
0963E:  IORLW  00
09640:  BZ    9654
09642:  MOVLB  1
09644:  INCF   x80,F
09646:  MOVWF  xC1
09648:  MOVLB  0
0964A:  CALL   265E
0964E:  MOVLB  1
09650:  BRA    9636
09652:  MOVLB  0
.................... 		tela1_2(); 
09654:  CALL   2C6A
.................... 	} 
.................... } 
09658:  GOTO   C0DC (RETURN)
.................... void tela751() 
.................... { 
.................... 	if (IDIOMA==1){ 
*
096EE:  DECFSZ 21,W
096F0:  BRA    9750
.................... 		lcd_linha1(); 
096F2:  CALL   2650
.................... 		lcd_escreve(MSG102_1); 
096F6:  MOVLB  1
096F8:  CLRF   x80
096FA:  MOVF   x80,W
096FC:  MOVLB  0
096FE:  CALL   0722
09702:  IORLW  00
09704:  BZ    9718
09706:  MOVLB  1
09708:  INCF   x80,F
0970A:  MOVWF  xC1
0970C:  MOVLB  0
0970E:  CALL   265E
09712:  MOVLB  1
09714:  BRA    96FA
09716:  MOVLB  0
.................... 		//lcd_posicaoxy(11,1); 
.................... 		lcd_posicaoxy(12,1);//Deixado um espaco 
09718:  MOVLW  0C
0971A:  MOVLB  1
0971C:  MOVWF  x92
0971E:  MOVLW  01
09720:  MOVWF  x93
09722:  MOVLB  0
09724:  CALL   262A
.................... 							//entre [unidade] e a proxima 
.................... 							//mensagem 
.................... 		//lcd_escreve(" S0<"); 
.................... 		lcd_escreve("S0<"); 
09728:  MOVLB  1
0972A:  CLRF   x80
0972C:  MOVF   x80,W
0972E:  MOVLB  0
09730:  CALL   197C
09734:  IORLW  00
09736:  BZ    974A
09738:  MOVLB  1
0973A:  INCF   x80,F
0973C:  MOVWF  xC1
0973E:  MOVLB  0
09740:  CALL   265E
09744:  MOVLB  1
09746:  BRA    972C
09748:  MOVLB  0
.................... 		tela1_2(); 
0974A:  CALL   2C6A
.................... 	}else if(IDIOMA==2){ 
0974E:  BRA    9816
09750:  MOVF   21,W
09752:  SUBLW  02
09754:  BNZ   97B4
.................... 		lcd_linha1(); 
09756:  CALL   2650
.................... 		lcd_escreve(IMSG102_1); 
0975A:  MOVLB  1
0975C:  CLRF   x80
0975E:  MOVF   x80,W
09760:  MOVLB  0
09762:  CALL   0722
09766:  IORLW  00
09768:  BZ    977C
0976A:  MOVLB  1
0976C:  INCF   x80,F
0976E:  MOVWF  xC1
09770:  MOVLB  0
09772:  CALL   265E
09776:  MOVLB  1
09778:  BRA    975E
0977A:  MOVLB  0
.................... 		//lcd_posicaoxy(11,1); 
.................... 		lcd_posicaoxy(12,1);//Deixado um espaco 
0977C:  MOVLW  0C
0977E:  MOVLB  1
09780:  MOVWF  x92
09782:  MOVLW  01
09784:  MOVWF  x93
09786:  MOVLB  0
09788:  CALL   262A
.................... 							//entre [unidade] e a proxima 
.................... 							//mensagem 
.................... 		//lcd_escreve(" S0<"); 
.................... 		lcd_escreve("S0<"); 
0978C:  MOVLB  1
0978E:  CLRF   x80
09790:  MOVF   x80,W
09792:  MOVLB  0
09794:  CALL   197C
09798:  IORLW  00
0979A:  BZ    97AE
0979C:  MOVLB  1
0979E:  INCF   x80,F
097A0:  MOVWF  xC1
097A2:  MOVLB  0
097A4:  CALL   265E
097A8:  MOVLB  1
097AA:  BRA    9790
097AC:  MOVLB  0
.................... 		tela1_2(); 
097AE:  CALL   2C6A
.................... 	}else if(IDIOMA==3){ 
097B2:  BRA    9816
097B4:  MOVF   21,W
097B6:  SUBLW  03
097B8:  BNZ   9816
.................... 		lcd_linha1(); 
097BA:  CALL   2650
.................... 		lcd_escreve(SMSG102_1); 
097BE:  MOVLB  1
097C0:  CLRF   x80
097C2:  MOVF   x80,W
097C4:  MOVLB  0
097C6:  CALL   0722
097CA:  IORLW  00
097CC:  BZ    97E0
097CE:  MOVLB  1
097D0:  INCF   x80,F
097D2:  MOVWF  xC1
097D4:  MOVLB  0
097D6:  CALL   265E
097DA:  MOVLB  1
097DC:  BRA    97C2
097DE:  MOVLB  0
.................... 		//lcd_posicaoxy(11,1); 
.................... 		lcd_posicaoxy(12,1);//Deixado um espaco 
097E0:  MOVLW  0C
097E2:  MOVLB  1
097E4:  MOVWF  x92
097E6:  MOVLW  01
097E8:  MOVWF  x93
097EA:  MOVLB  0
097EC:  CALL   262A
.................... 							//entre [unidade] e a proxima 
.................... 							//mensagem 
.................... 		//lcd_escreve(" S0<"); 
.................... 		lcd_escreve("S0<"); 
097F0:  MOVLB  1
097F2:  CLRF   x80
097F4:  MOVF   x80,W
097F6:  MOVLB  0
097F8:  CALL   197C
097FC:  IORLW  00
097FE:  BZ    9812
09800:  MOVLB  1
09802:  INCF   x80,F
09804:  MOVWF  xC1
09806:  MOVLB  0
09808:  CALL   265E
0980C:  MOVLB  1
0980E:  BRA    97F4
09810:  MOVLB  0
.................... 		tela1_2(); 
09812:  CALL   2C6A
.................... 	} 
.................... } 
09816:  GOTO   C1A6 (RETURN)
.................... void tela770() 
.................... { 
.................... 	if (IDIOMA==1){ 
*
0988E:  DECFSZ 21,W
09890:  BRA    98F0
.................... 		lcd_linha1(); 
09892:  CALL   2650
.................... 		lcd_escreve(MSG102_1); 
09896:  MOVLB  1
09898:  CLRF   x80
0989A:  MOVF   x80,W
0989C:  MOVLB  0
0989E:  CALL   0722
098A2:  IORLW  00
098A4:  BZ    98B8
098A6:  MOVLB  1
098A8:  INCF   x80,F
098AA:  MOVWF  xC1
098AC:  MOVLB  0
098AE:  CALL   265E
098B2:  MOVLB  1
098B4:  BRA    989A
098B6:  MOVLB  0
.................... 		//lcd_posicaoxy(11,1);//Altera identica a feita na 
.................... 							//tela 750 
.................... 		lcd_posicaoxy(12,1); 
098B8:  MOVLW  0C
098BA:  MOVLB  1
098BC:  MOVWF  x92
098BE:  MOVLW  01
098C0:  MOVWF  x93
098C2:  MOVLB  0
098C4:  CALL   262A
.................... 		//lcd_escreve(" S1>"); 
.................... 		lcd_escreve("S1>"); 
098C8:  MOVLB  1
098CA:  CLRF   x80
098CC:  MOVF   x80,W
098CE:  MOVLB  0
098D0:  CALL   199A
098D4:  IORLW  00
098D6:  BZ    98EA
098D8:  MOVLB  1
098DA:  INCF   x80,F
098DC:  MOVWF  xC1
098DE:  MOVLB  0
098E0:  CALL   265E
098E4:  MOVLB  1
098E6:  BRA    98CC
098E8:  MOVLB  0
.................... 		tela1_2(); 
098EA:  CALL   2C6A
.................... 	}else if(IDIOMA==2){ 
098EE:  BRA    99B6
098F0:  MOVF   21,W
098F2:  SUBLW  02
098F4:  BNZ   9954
.................... 		lcd_linha1(); 
098F6:  CALL   2650
.................... 		lcd_escreve(IMSG102_1); 
098FA:  MOVLB  1
098FC:  CLRF   x80
098FE:  MOVF   x80,W
09900:  MOVLB  0
09902:  CALL   0722
09906:  IORLW  00
09908:  BZ    991C
0990A:  MOVLB  1
0990C:  INCF   x80,F
0990E:  MOVWF  xC1
09910:  MOVLB  0
09912:  CALL   265E
09916:  MOVLB  1
09918:  BRA    98FE
0991A:  MOVLB  0
.................... 		//lcd_posicaoxy(11,1);//Altera identica a feita na 
.................... 							//tela 750 
.................... 		lcd_posicaoxy(12,1); 
0991C:  MOVLW  0C
0991E:  MOVLB  1
09920:  MOVWF  x92
09922:  MOVLW  01
09924:  MOVWF  x93
09926:  MOVLB  0
09928:  CALL   262A
.................... 		//lcd_escreve(" S1>"); 
.................... 		lcd_escreve("S1>"); 
0992C:  MOVLB  1
0992E:  CLRF   x80
09930:  MOVF   x80,W
09932:  MOVLB  0
09934:  CALL   199A
09938:  IORLW  00
0993A:  BZ    994E
0993C:  MOVLB  1
0993E:  INCF   x80,F
09940:  MOVWF  xC1
09942:  MOVLB  0
09944:  CALL   265E
09948:  MOVLB  1
0994A:  BRA    9930
0994C:  MOVLB  0
.................... 		tela1_2(); 
0994E:  CALL   2C6A
.................... 	}else if(IDIOMA==3){ 
09952:  BRA    99B6
09954:  MOVF   21,W
09956:  SUBLW  03
09958:  BNZ   99B6
.................... 		lcd_linha1(); 
0995A:  CALL   2650
.................... 		lcd_escreve(SMSG102_1); 
0995E:  MOVLB  1
09960:  CLRF   x80
09962:  MOVF   x80,W
09964:  MOVLB  0
09966:  CALL   0722
0996A:  IORLW  00
0996C:  BZ    9980
0996E:  MOVLB  1
09970:  INCF   x80,F
09972:  MOVWF  xC1
09974:  MOVLB  0
09976:  CALL   265E
0997A:  MOVLB  1
0997C:  BRA    9962
0997E:  MOVLB  0
.................... 		//lcd_posicaoxy(11,1);//Altera identica a feita na 
.................... 							//tela 750 
.................... 		lcd_posicaoxy(12,1); 
09980:  MOVLW  0C
09982:  MOVLB  1
09984:  MOVWF  x92
09986:  MOVLW  01
09988:  MOVWF  x93
0998A:  MOVLB  0
0998C:  CALL   262A
.................... 		//lcd_escreve(" S1>"); 
.................... 		lcd_escreve("S1>"); 
09990:  MOVLB  1
09992:  CLRF   x80
09994:  MOVF   x80,W
09996:  MOVLB  0
09998:  CALL   199A
0999C:  IORLW  00
0999E:  BZ    99B2
099A0:  MOVLB  1
099A2:  INCF   x80,F
099A4:  MOVWF  xC1
099A6:  MOVLB  0
099A8:  CALL   265E
099AC:  MOVLB  1
099AE:  BRA    9994
099B0:  MOVLB  0
.................... 		tela1_2(); 
099B2:  CALL   2C6A
.................... 	} 
.................... } 
099B6:  GOTO   C270 (RETURN)
.................... void tela900() 
.................... { 
.................... 	if (IDIOMA==1){ 
*
04C78:  DECFSZ 21,W
04C7A:  BRA    4CA8
.................... 		lcd_linha1(); 
04C7C:  CALL   2650
.................... 		lcd_escreve(MSG900_1); 
04C80:  MOVLB  1
04C82:  CLRF   x82
04C84:  MOVF   x82,W
04C86:  MOVLB  0
04C88:  CALL   0B4C
04C8C:  IORLW  00
04C8E:  BZ    4CA2
04C90:  MOVLB  1
04C92:  INCF   x82,F
04C94:  MOVWF  xC1
04C96:  MOVLB  0
04C98:  CALL   265E
04C9C:  MOVLB  1
04C9E:  BRA    4C84
04CA0:  MOVLB  0
.................... 		tela1_2(); 
04CA2:  CALL   2C6A
.................... 	}else if(IDIOMA==2){ 
04CA6:  BRA    4D0A
04CA8:  MOVF   21,W
04CAA:  SUBLW  02
04CAC:  BNZ   4CDA
.................... 		lcd_linha1(); 
04CAE:  CALL   2650
.................... 		lcd_escreve(IMSG900_1); 
04CB2:  MOVLB  1
04CB4:  CLRF   x82
04CB6:  MOVF   x82,W
04CB8:  MOVLB  0
04CBA:  CALL   1276
04CBE:  IORLW  00
04CC0:  BZ    4CD4
04CC2:  MOVLB  1
04CC4:  INCF   x82,F
04CC6:  MOVWF  xC1
04CC8:  MOVLB  0
04CCA:  CALL   265E
04CCE:  MOVLB  1
04CD0:  BRA    4CB6
04CD2:  MOVLB  0
.................... 		tela1_2(); 
04CD4:  CALL   2C6A
.................... 	}else if(IDIOMA==3){ 
04CD8:  BRA    4D0A
04CDA:  MOVF   21,W
04CDC:  SUBLW  03
04CDE:  BNZ   4D0A
.................... 		lcd_linha1(); 
04CE0:  CALL   2650
.................... 		lcd_escreve(SMSG900_1); 
04CE4:  MOVLB  1
04CE6:  CLRF   x82
04CE8:  MOVF   x82,W
04CEA:  MOVLB  0
04CEC:  CALL   17F6
04CF0:  IORLW  00
04CF2:  BZ    4D06
04CF4:  MOVLB  1
04CF6:  INCF   x82,F
04CF8:  MOVWF  xC1
04CFA:  MOVLB  0
04CFC:  CALL   265E
04D00:  MOVLB  1
04D02:  BRA    4CE8
04D04:  MOVLB  0
.................... 		tela1_2(); 
04D06:  CALL   2C6A
.................... 	} 
.................... } 
04D0A:  GOTO   5E92 (RETURN)
.................... void tela902() 
.................... { 
.................... 	if (IDIOMA==1){ 
04D0E:  DECFSZ 21,W
04D10:  BRA    4D3A
.................... 		lcd_linha2(); 
04D12:  CALL   266E
.................... 		lcd_escreve(MSG902_2); 
04D16:  MOVLB  1
04D18:  CLRF   x82
04D1A:  MOVF   x82,W
04D1C:  MOVLB  0
04D1E:  CALL   0B78
04D22:  IORLW  00
04D24:  BZ    4D38
04D26:  MOVLB  1
04D28:  INCF   x82,F
04D2A:  MOVWF  xC1
04D2C:  MOVLB  0
04D2E:  CALL   265E
04D32:  MOVLB  1
04D34:  BRA    4D1A
04D36:  MOVLB  0
.................... 	}else if(IDIOMA==2){ 
04D38:  BRA    4D92
04D3A:  MOVF   21,W
04D3C:  SUBLW  02
04D3E:  BNZ   4D68
.................... 		lcd_linha2(); 
04D40:  CALL   266E
.................... 		lcd_escreve(IMSG902_2); 
04D44:  MOVLB  1
04D46:  CLRF   x82
04D48:  MOVF   x82,W
04D4A:  MOVLB  0
04D4C:  CALL   12A2
04D50:  IORLW  00
04D52:  BZ    4D66
04D54:  MOVLB  1
04D56:  INCF   x82,F
04D58:  MOVWF  xC1
04D5A:  MOVLB  0
04D5C:  CALL   265E
04D60:  MOVLB  1
04D62:  BRA    4D48
04D64:  MOVLB  0
.................... 	}else if(IDIOMA==3){ 
04D66:  BRA    4D92
04D68:  MOVF   21,W
04D6A:  SUBLW  03
04D6C:  BNZ   4D92
.................... 		lcd_linha2(); 
04D6E:  CALL   266E
.................... 		lcd_escreve(SMSG902_2); 
04D72:  MOVLB  1
04D74:  CLRF   x82
04D76:  MOVF   x82,W
04D78:  MOVLB  0
04D7A:  CALL   1822
04D7E:  IORLW  00
04D80:  BZ    4D92
04D82:  MOVLB  1
04D84:  INCF   x82,F
04D86:  MOVWF  xC1
04D88:  MOVLB  0
04D8A:  CALL   265E
04D8E:  MOVLB  1
04D90:  BRA    4D76
04D92:  MOVLB  0
.................... 	} 
.................... 	 
.................... } 
04D94:  GOTO   5ED4 (RETURN)
....................  
.................... void tela990() 
.................... { 
.................... 	lcd_linha1(); 
*
026F0:  RCALL  2650
.................... 	lcd_escreve(MSGL_0); 
026F2:  MOVLB  1
026F4:  CLRF   x82
026F6:  MOVF   x82,W
026F8:  MOVLB  0
026FA:  CALL   0130
026FE:  IORLW  00
02700:  BZ    2712
02702:  MOVLB  1
02704:  INCF   x82,F
02706:  MOVWF  xC1
02708:  MOVLB  0
0270A:  RCALL  265E
0270C:  MOVLB  1
0270E:  BRA    26F6
02710:  MOVLB  0
.................... 	lcd_linha2(); 
02712:  RCALL  266E
.................... 	lcd_escreve(MSGL_1); 
02714:  MOVLB  1
02716:  CLRF   x82
02718:  MOVF   x82,W
0271A:  MOVLB  0
0271C:  CALL   015C
02720:  IORLW  00
02722:  BZ    2732
02724:  MOVLB  1
02726:  INCF   x82,F
02728:  MOVWF  xC1
0272A:  MOVLB  0
0272C:  RCALL  265E
0272E:  MOVLB  1
02730:  BRA    2718
02732:  MOVLB  0
.................... 		 
.................... } 
02734:  RETLW  00
....................  
.................... void tela1012() 
.................... { 
.................... 	if (IDIOMA==1){ 
*
04D98:  DECFSZ 21,W
04D9A:  BRA    4DC8
.................... 		lcd_linha1(); 
04D9C:  CALL   2650
.................... 		lcd_escreve(MSG1012_1); 
04DA0:  MOVLB  1
04DA2:  CLRF   x82
04DA4:  MOVF   x82,W
04DA6:  MOVLB  0
04DA8:  CALL   0BA4
04DAC:  IORLW  00
04DAE:  BZ    4DC2
04DB0:  MOVLB  1
04DB2:  INCF   x82,F
04DB4:  MOVWF  xC1
04DB6:  MOVLB  0
04DB8:  CALL   265E
04DBC:  MOVLB  1
04DBE:  BRA    4DA4
04DC0:  MOVLB  0
.................... 		tela1_2(); 
04DC2:  CALL   2C6A
.................... 	}else if(IDIOMA==2){ 
04DC6:  BRA    4E2A
04DC8:  MOVF   21,W
04DCA:  SUBLW  02
04DCC:  BNZ   4DFA
.................... 		lcd_linha1(); 
04DCE:  CALL   2650
.................... 		lcd_escreve(IMSG1012_1); 
04DD2:  MOVLB  1
04DD4:  CLRF   x82
04DD6:  MOVF   x82,W
04DD8:  MOVLB  0
04DDA:  CALL   0BA4
04DDE:  IORLW  00
04DE0:  BZ    4DF4
04DE2:  MOVLB  1
04DE4:  INCF   x82,F
04DE6:  MOVWF  xC1
04DE8:  MOVLB  0
04DEA:  CALL   265E
04DEE:  MOVLB  1
04DF0:  BRA    4DD6
04DF2:  MOVLB  0
.................... 		tela1_2(); 
04DF4:  CALL   2C6A
.................... 	}else if(IDIOMA==3){ 
04DF8:  BRA    4E2A
04DFA:  MOVF   21,W
04DFC:  SUBLW  03
04DFE:  BNZ   4E2A
.................... 		lcd_linha1(); 
04E00:  CALL   2650
.................... 		lcd_escreve(SMSG1012_1); 
04E04:  MOVLB  1
04E06:  CLRF   x82
04E08:  MOVF   x82,W
04E0A:  MOVLB  0
04E0C:  CALL   0BA4
04E10:  IORLW  00
04E12:  BZ    4E26
04E14:  MOVLB  1
04E16:  INCF   x82,F
04E18:  MOVWF  xC1
04E1A:  MOVLB  0
04E1C:  CALL   265E
04E20:  MOVLB  1
04E22:  BRA    4E08
04E24:  MOVLB  0
.................... 		tela1_2(); 
04E26:  CALL   2C6A
.................... 	}	 
.................... } 
04E2A:  GOTO   6190 (RETURN)
....................  
.................... void tela1021() 
.................... { 
.................... 	if (IDIOMA==1){ 
04E2E:  DECFSZ 21,W
04E30:  BRA    4EBE
.................... 		lcd_linha1(); 
04E32:  CALL   2650
.................... 		lcd_escreve(MSG1021_1); 
04E36:  MOVLB  1
04E38:  CLRF   x82
04E3A:  MOVF   x82,W
04E3C:  MOVLB  0
04E3E:  CALL   0BD0
04E42:  IORLW  00
04E44:  BZ    4E58
04E46:  MOVLB  1
04E48:  INCF   x82,F
04E4A:  MOVWF  xC1
04E4C:  MOVLB  0
04E4E:  CALL   265E
04E52:  MOVLB  1
04E54:  BRA    4E3A
04E56:  MOVLB  0
.................... 		lcd_linha2(); 
04E58:  CALL   266E
.................... 		lcd_escreve(MSG12_2); 
04E5C:  MOVLW  3C
04E5E:  MOVLB  1
04E60:  MOVWF  xC1
04E62:  MOVLB  0
04E64:  CALL   265E
.................... 		lcd_escreve("   "); 
04E68:  MOVLB  1
04E6A:  CLRF   x82
04E6C:  MOVF   x82,W
04E6E:  MOVLB  0
04E70:  CALL   18A6
04E74:  IORLW  00
04E76:  BZ    4E8A
04E78:  MOVLB  1
04E7A:  INCF   x82,F
04E7C:  MOVWF  xC1
04E7E:  MOVLB  0
04E80:  CALL   265E
04E84:  MOVLB  1
04E86:  BRA    4E6C
04E88:  MOVLB  0
.................... 		lcd_posicaoxy(9,2); 
04E8A:  MOVLW  09
04E8C:  MOVLB  1
04E8E:  MOVWF  x92
04E90:  MOVLW  02
04E92:  MOVWF  x93
04E94:  MOVLB  0
04E96:  CALL   262A
.................... 		lcd_escreve(MSG12_2a); 
04E9A:  MOVLB  1
04E9C:  CLRF   x82
04E9E:  MOVF   x82,W
04EA0:  MOVLB  0
04EA2:  CALL   049E
04EA6:  IORLW  00
04EA8:  BZ    4EBC
04EAA:  MOVLB  1
04EAC:  INCF   x82,F
04EAE:  MOVWF  xC1
04EB0:  MOVLB  0
04EB2:  CALL   265E
04EB6:  MOVLB  1
04EB8:  BRA    4E9E
04EBA:  MOVLB  0
.................... 	}else if(IDIOMA==2){ 
04EBC:  BRA    4FDE
04EBE:  MOVF   21,W
04EC0:  SUBLW  02
04EC2:  BNZ   4F50
.................... 		lcd_linha1(); 
04EC4:  CALL   2650
.................... 		lcd_escreve(IMSG1021_1); 
04EC8:  MOVLB  1
04ECA:  CLRF   x82
04ECC:  MOVF   x82,W
04ECE:  MOVLB  0
04ED0:  CALL   12CE
04ED4:  IORLW  00
04ED6:  BZ    4EEA
04ED8:  MOVLB  1
04EDA:  INCF   x82,F
04EDC:  MOVWF  xC1
04EDE:  MOVLB  0
04EE0:  CALL   265E
04EE4:  MOVLB  1
04EE6:  BRA    4ECC
04EE8:  MOVLB  0
.................... 		lcd_linha2(); 
04EEA:  CALL   266E
.................... 		lcd_escreve(IMSG12_2); 
04EEE:  MOVLW  3C
04EF0:  MOVLB  1
04EF2:  MOVWF  xC1
04EF4:  MOVLB  0
04EF6:  CALL   265E
.................... 		lcd_escreve("   "); 
04EFA:  MOVLB  1
04EFC:  CLRF   x82
04EFE:  MOVF   x82,W
04F00:  MOVLB  0
04F02:  CALL   18A6
04F06:  IORLW  00
04F08:  BZ    4F1C
04F0A:  MOVLB  1
04F0C:  INCF   x82,F
04F0E:  MOVWF  xC1
04F10:  MOVLB  0
04F12:  CALL   265E
04F16:  MOVLB  1
04F18:  BRA    4EFE
04F1A:  MOVLB  0
.................... 		lcd_posicaoxy(9,2); 
04F1C:  MOVLW  09
04F1E:  MOVLB  1
04F20:  MOVWF  x92
04F22:  MOVLW  02
04F24:  MOVWF  x93
04F26:  MOVLB  0
04F28:  CALL   262A
.................... 		lcd_escreve(IMSG12_2a); 
04F2C:  MOVLB  1
04F2E:  CLRF   x82
04F30:  MOVF   x82,W
04F32:  MOVLB  0
04F34:  CALL   049E
04F38:  IORLW  00
04F3A:  BZ    4F4E
04F3C:  MOVLB  1
04F3E:  INCF   x82,F
04F40:  MOVWF  xC1
04F42:  MOVLB  0
04F44:  CALL   265E
04F48:  MOVLB  1
04F4A:  BRA    4F30
04F4C:  MOVLB  0
.................... 	}else if(IDIOMA==3){ 
04F4E:  BRA    4FDE
04F50:  MOVF   21,W
04F52:  SUBLW  03
04F54:  BNZ   4FDE
.................... 		lcd_linha1(); 
04F56:  CALL   2650
.................... 		lcd_escreve(SMSG1021_1); 
04F5A:  MOVLB  1
04F5C:  CLRF   x82
04F5E:  MOVF   x82,W
04F60:  MOVLB  0
04F62:  CALL   184E
04F66:  IORLW  00
04F68:  BZ    4F7C
04F6A:  MOVLB  1
04F6C:  INCF   x82,F
04F6E:  MOVWF  xC1
04F70:  MOVLB  0
04F72:  CALL   265E
04F76:  MOVLB  1
04F78:  BRA    4F5E
04F7A:  MOVLB  0
.................... 		lcd_linha2(); 
04F7C:  CALL   266E
.................... 		lcd_escreve(SMSG12_2); 
04F80:  MOVLW  3C
04F82:  MOVLB  1
04F84:  MOVWF  xC1
04F86:  MOVLB  0
04F88:  CALL   265E
.................... 		lcd_escreve("   "); 
04F8C:  MOVLB  1
04F8E:  CLRF   x82
04F90:  MOVF   x82,W
04F92:  MOVLB  0
04F94:  CALL   18A6
04F98:  IORLW  00
04F9A:  BZ    4FAE
04F9C:  MOVLB  1
04F9E:  INCF   x82,F
04FA0:  MOVWF  xC1
04FA2:  MOVLB  0
04FA4:  CALL   265E
04FA8:  MOVLB  1
04FAA:  BRA    4F90
04FAC:  MOVLB  0
.................... 		lcd_posicaoxy(9,2); 
04FAE:  MOVLW  09
04FB0:  MOVLB  1
04FB2:  MOVWF  x92
04FB4:  MOVLW  02
04FB6:  MOVWF  x93
04FB8:  MOVLB  0
04FBA:  CALL   262A
.................... 		lcd_escreve(SMSG12_2a); 
04FBE:  MOVLB  1
04FC0:  CLRF   x82
04FC2:  MOVF   x82,W
04FC4:  MOVLB  0
04FC6:  CALL   049E
04FCA:  IORLW  00
04FCC:  BZ    4FDE
04FCE:  MOVLB  1
04FD0:  INCF   x82,F
04FD2:  MOVWF  xC1
04FD4:  MOVLB  0
04FD6:  CALL   265E
04FDA:  MOVLB  1
04FDC:  BRA    4FC2
04FDE:  MOVLB  0
.................... 	} 
....................  
.................... } 
04FE0:  GOTO   61E4 (RETURN)
....................  
.................... void tela1022() 
.................... { 
.................... 	if (IDIOMA==1){ 
*
050F4:  DECFSZ 21,W
050F6:  BRA    517E
.................... 		lcd_linha1(); 
050F8:  CALL   2650
.................... 		lcd_escreve(MSG1022_1); 
050FC:  MOVLB  1
050FE:  CLRF   x82
05100:  MOVF   x82,W
05102:  MOVLB  0
05104:  CALL   0BFC
05108:  IORLW  00
0510A:  BZ    511E
0510C:  MOVLB  1
0510E:  INCF   x82,F
05110:  MOVWF  xC1
05112:  MOVLB  0
05114:  CALL   265E
05118:  MOVLB  1
0511A:  BRA    5100
0511C:  MOVLB  0
.................... 		lcd_linha2(); 
0511E:  CALL   266E
.................... 		lcd_escreve(MSG12_2); 
05122:  MOVLW  3C
05124:  MOVLB  1
05126:  MOVWF  xC1
05128:  MOVLB  0
0512A:  CALL   265E
.................... 		//lcd_escreve("   "); 
.................... 		lcd_posicaoxy(9,2); 
0512E:  MOVLW  09
05130:  MOVLB  1
05132:  MOVWF  x92
05134:  MOVLW  02
05136:  MOVWF  x93
05138:  MOVLB  0
0513A:  CALL   262A
.................... 		lcd_escreve(MSG12_2b);	// Tela padrao para unidade de massa 
0513E:  MOVLB  1
05140:  CLRF   x82
05142:  MOVF   x82,W
05144:  MOVLB  0
05146:  CALL   04C2
0514A:  IORLW  00
0514C:  BZ    5160
0514E:  MOVLB  1
05150:  INCF   x82,F
05152:  MOVWF  xC1
05154:  MOVLB  0
05156:  CALL   265E
0515A:  MOVLB  1
0515C:  BRA    5142
0515E:  MOVLB  0
.................... 		lcd_posicaoxy(5,2); 
05160:  MOVLW  05
05162:  MOVLB  1
05164:  MOVWF  x92
05166:  MOVLW  02
05168:  MOVWF  x93
0516A:  MOVLB  0
0516C:  CALL   262A
.................... 		lcd_escreve(',');		//Posciona a virgula 
05170:  MOVLW  2C
05172:  MOVLB  1
05174:  MOVWF  xC1
05176:  MOVLB  0
05178:  CALL   265E
.................... 	}else if(IDIOMA==2){ 
0517C:  BRA    5294
0517E:  MOVF   21,W
05180:  SUBLW  02
05182:  BNZ   520A
.................... 		lcd_linha1(); 
05184:  CALL   2650
.................... 		lcd_escreve(IMSG1022_1); 
05188:  MOVLB  1
0518A:  CLRF   x82
0518C:  MOVF   x82,W
0518E:  MOVLB  0
05190:  CALL   12FA
05194:  IORLW  00
05196:  BZ    51AA
05198:  MOVLB  1
0519A:  INCF   x82,F
0519C:  MOVWF  xC1
0519E:  MOVLB  0
051A0:  CALL   265E
051A4:  MOVLB  1
051A6:  BRA    518C
051A8:  MOVLB  0
.................... 		lcd_linha2(); 
051AA:  CALL   266E
.................... 		lcd_escreve(IMSG12_2); 
051AE:  MOVLW  3C
051B0:  MOVLB  1
051B2:  MOVWF  xC1
051B4:  MOVLB  0
051B6:  CALL   265E
.................... 		//lcd_escreve("   "); 
.................... 		lcd_posicaoxy(9,2); 
051BA:  MOVLW  09
051BC:  MOVLB  1
051BE:  MOVWF  x92
051C0:  MOVLW  02
051C2:  MOVWF  x93
051C4:  MOVLB  0
051C6:  CALL   262A
.................... 		lcd_escreve(MSG12_2b); 
051CA:  MOVLB  1
051CC:  CLRF   x82
051CE:  MOVF   x82,W
051D0:  MOVLB  0
051D2:  CALL   04C2
051D6:  IORLW  00
051D8:  BZ    51EC
051DA:  MOVLB  1
051DC:  INCF   x82,F
051DE:  MOVWF  xC1
051E0:  MOVLB  0
051E2:  CALL   265E
051E6:  MOVLB  1
051E8:  BRA    51CE
051EA:  MOVLB  0
.................... 		lcd_posicaoxy(5,2); 
051EC:  MOVLW  05
051EE:  MOVLB  1
051F0:  MOVWF  x92
051F2:  MOVLW  02
051F4:  MOVWF  x93
051F6:  MOVLB  0
051F8:  CALL   262A
.................... 		lcd_escreve(',');		//Posciona a virgula 
051FC:  MOVLW  2C
051FE:  MOVLB  1
05200:  MOVWF  xC1
05202:  MOVLB  0
05204:  CALL   265E
.................... 	}else if(IDIOMA==3){ 
05208:  BRA    5294
0520A:  MOVF   21,W
0520C:  SUBLW  03
0520E:  BNZ   5294
.................... 		lcd_linha1(); 
05210:  CALL   2650
.................... 		lcd_escreve(SMSG1022_1); 
05214:  MOVLB  1
05216:  CLRF   x82
05218:  MOVF   x82,W
0521A:  MOVLB  0
0521C:  CALL   187A
05220:  IORLW  00
05222:  BZ    5236
05224:  MOVLB  1
05226:  INCF   x82,F
05228:  MOVWF  xC1
0522A:  MOVLB  0
0522C:  CALL   265E
05230:  MOVLB  1
05232:  BRA    5218
05234:  MOVLB  0
.................... 		lcd_linha2(); 
05236:  CALL   266E
.................... 		lcd_escreve(SMSG12_2); 
0523A:  MOVLW  3C
0523C:  MOVLB  1
0523E:  MOVWF  xC1
05240:  MOVLB  0
05242:  CALL   265E
.................... 		//lcd_escreve("   "); 
.................... 		lcd_posicaoxy(9,2); 
05246:  MOVLW  09
05248:  MOVLB  1
0524A:  MOVWF  x92
0524C:  MOVLW  02
0524E:  MOVWF  x93
05250:  MOVLB  0
05252:  CALL   262A
.................... 		lcd_escreve(MSG12_2b); 
05256:  MOVLB  1
05258:  CLRF   x82
0525A:  MOVF   x82,W
0525C:  MOVLB  0
0525E:  CALL   04C2
05262:  IORLW  00
05264:  BZ    5278
05266:  MOVLB  1
05268:  INCF   x82,F
0526A:  MOVWF  xC1
0526C:  MOVLB  0
0526E:  CALL   265E
05272:  MOVLB  1
05274:  BRA    525A
05276:  MOVLB  0
.................... 		lcd_posicaoxy(5,2); 
05278:  MOVLW  05
0527A:  MOVLB  1
0527C:  MOVWF  x92
0527E:  MOVLW  02
05280:  MOVWF  x93
05282:  MOVLB  0
05284:  CALL   262A
.................... 		lcd_escreve(',');		//Posciona a virgula 
05288:  MOVLW  2C
0528A:  MOVLB  1
0528C:  MOVWF  xC1
0528E:  MOVLB  0
05290:  CALL   265E
.................... 	} 
.................... } 
05294:  GOTO   627C (RETURN)
....................  
.................... void tela1253() 
.................... { 
.................... 	if (IDIOMA==1){ 
*
09A16:  DECFSZ 21,W
09A18:  BRA    9A46
.................... 		lcd_linha1(); 
09A1A:  CALL   2650
.................... 		lcd_escreve(MSG1253_1); 
09A1E:  MOVLB  1
09A20:  CLRF   x80
09A22:  MOVF   x80,W
09A24:  MOVLB  0
09A26:  CALL   0C28
09A2A:  IORLW  00
09A2C:  BZ    9A40
09A2E:  MOVLB  1
09A30:  INCF   x80,F
09A32:  MOVWF  xC1
09A34:  MOVLB  0
09A36:  CALL   265E
09A3A:  MOVLB  1
09A3C:  BRA    9A22
09A3E:  MOVLB  0
.................... 		tela1_2(); 
09A40:  CALL   2C6A
.................... 	}else if(IDIOMA==2){ 
09A44:  BRA    9AA8
09A46:  MOVF   21,W
09A48:  SUBLW  02
09A4A:  BNZ   9A78
.................... 		lcd_linha1(); 
09A4C:  CALL   2650
.................... 		lcd_escreve(IMSG1253_1); 
09A50:  MOVLB  1
09A52:  CLRF   x80
09A54:  MOVF   x80,W
09A56:  MOVLB  0
09A58:  CALL   0C28
09A5C:  IORLW  00
09A5E:  BZ    9A72
09A60:  MOVLB  1
09A62:  INCF   x80,F
09A64:  MOVWF  xC1
09A66:  MOVLB  0
09A68:  CALL   265E
09A6C:  MOVLB  1
09A6E:  BRA    9A54
09A70:  MOVLB  0
.................... 		tela1_2(); 
09A72:  CALL   2C6A
.................... 	}else if(IDIOMA==3){ 
09A76:  BRA    9AA8
09A78:  MOVF   21,W
09A7A:  SUBLW  03
09A7C:  BNZ   9AA8
.................... 		lcd_linha1(); 
09A7E:  CALL   2650
.................... 		lcd_escreve(SMSG1253_1); 
09A82:  MOVLB  1
09A84:  CLRF   x80
09A86:  MOVF   x80,W
09A88:  MOVLB  0
09A8A:  CALL   0C28
09A8E:  IORLW  00
09A90:  BZ    9AA4
09A92:  MOVLB  1
09A94:  INCF   x80,F
09A96:  MOVWF  xC1
09A98:  MOVLB  0
09A9A:  CALL   265E
09A9E:  MOVLB  1
09AA0:  BRA    9A86
09AA2:  MOVLB  0
.................... 		tela1_2(); 
09AA4:  CALL   2C6A
.................... 	} 
.................... } 
09AA8:  GOTO   C56C (RETURN)
....................  
....................  
....................  
.................... void telaDebug() 
.................... { 
.................... 	 
.................... 	lcd_linha1(); 
.................... 	lcd_escreve(MSGDEBUG_1); 
.................... 	lcd_linha2(); 
.................... 	lcd_escreve(MSGDEBUG_2); 
.................... 	 
.................... } 
....................  
....................  
.................... #include "estados.h" 
.................... //                         esq  meio  dir , estado 
.................... // estados layout: 
.................... int16 const ESTADOS[62][4] = {{1,0,240,0},			//0 
.................... 	                         {1012,17,2,1},			//1 
.................... 	                         {1,21, 3, 2},			//2 
.................... 	                         {2, 31, 4, 3}, 
.................... 	                         {3, 41, 5, 4}, 
.................... 							 {4, 51, 6, 5}, 
.................... 	                         {5, 61, 7, 6}, 
.................... 							 {6, 71, 8, 7}, 
.................... 	                         {7, 81, 9, 8}, 
.................... 							 {8, 92, 10, 9}, 
.................... 	                         {9, 99, 900, 10},			//10 
.................... 							 {100, 11, 12, 11}, 
.................... 	                         {11, 12, 13, 12}, 
.................... 							 {12, 13, 14, 13}, 
.................... 							 {13, 14, 15, 14}, 
.................... 	                         {14, 15, 100, 15},		 
.................... 							 {100, 21,22,21},				//16			 
.................... 	                         {21,22,100,22},			 
.................... 	                         {100,51, 52, 51},			 
.................... 	                         {51, 52, 100, 52},			 
.................... 	                         {100, 100, 0, 100},			//20 
.................... 							 {150, 170, 106, 110}, 
.................... 	                         {156, 110, 151, 150}, 
.................... 							 {150, 110, 152, 151}, 
.................... 							 {151, 110, 153, 152}, 
.................... 	                         {152, 110, 154, 153},			//25 
.................... 							 {153, 110, 155, 154},			 
.................... 	                         {154, 110, 156, 155},			 
.................... 	                         {155, 110, 150, 156},			 
.................... 	                         {176, 110, 171, 170}, 
.................... 							 {170, 110, 172, 171},			//30 
.................... 							 {171, 110, 173, 172}, 
.................... 	                         {172, 110, 174, 173}, 
.................... 							 {173, 110, 175, 174},		 
.................... 	                         {174, 110, 176, 175},			 
.................... 	                         {175, 110, 170, 176},			//35							  
.................... 	                         {100,91, 92, 91},			 
.................... 	                         {9, 92, 100, 92}, 
.................... 							 {18, 17, 19, 17}, 
.................... 							 {149, 110, 149, 149}, 
.................... 							 {169, 110, 169, 169},			//40 
.................... 							 {550, 505, 1, 504}, 
.................... 							 {450, 470, 106, 410}, 
.................... 							{553, 106, 551, 550}, 
.................... 							{550, 106, 552, 551}, 
.................... 							{551, 106, 553, 552},			//45 
.................... 							{552, 106, 550, 553}, 
.................... 							{1253, 106, 251, 250}, 
.................... 							{250, 106, 1253, 251},			//48 
.................... 							{750, 770, 106, 710}, 
.................... 							{951, 106, 951, 950},			//50 
.................... 							{950, 106, 950, 951}, 
.................... 							{150, 111, 106, 111}, 
.................... 							{252, 106, 252, 252}, 
.................... 							{549, 106, 549, 549}, 
.................... 							{99, 99, 100, 99},				//55 
.................... 							{10, 902, 1012, 900},			//funcao 12 - 56 
.................... 							{902, 902, 0, 902},					//57 
.................... 							{900, 1021, 1, 1012},				//58 
.................... 							{1012, 1021, 1022, 1021},			//59 
.................... 							{1021, 1022, 100, 1022},			//60 
.................... 							{251, 106, 250, 1253},				//61 
.................... 						 
.................... }; 
....................  
....................  
....................  
....................  
....................  
....................  
....................  
.................... #include "kbd2.h" 
.................... /////////////////////////////////////////////////////////////////////////// 
.................... ////                             KBD2.h                                //// 
.................... ////                 Driver para modulo teclado 16 teclas (4x4)        //// 
.................... ////         Define funções para identificar tecla pressionada e 	   //// 
.................... ////                configurações do teclado.						   ////	 
.................... ///////////////////////////////////////////////////////////////////////////   
.................... /* 
.................... ************* Pinagem**************** 
....................       PIC  teclado 
.................... //     RC0	C0 
.................... //     RC1	C1 
.................... //     RC2	C2 
.................... //     RC3	C3  	 
.................... //     RC4	L0 
.................... //     RC5	L1 
.................... //     RC6  L2 
.................... //	   RC7	L3	 
....................  
.................... //   C0-C3 sao utilizados como coluna da matriz 
.................... //	e sao ativados por software para detectar qual linha foi pressionada 
.................... //   L0-L3 sao utilizados como linhas da matriz 
.................... //	e por serem configurados como entrada, serao ativados quando pressionada 
.................... //	alguma tecla 
....................  
....................  
.................... *****************    ATENCAO !   ******************** 
.................... *  utiliza TIMER0 para gerar a varredura do teclado * 
.................... ***************************************************** 
....................  
....................  
.................... ************* instruções de baixo nível ********************* 
....................  
.................... char kbd_getc( ) 		utilizada para identificar a tecla na matriz 
.................... 					a matriz constante KEYS define as teclas 
....................  
....................  
.................... void kbd_init()			configura o teclado e inicializa 
....................  
....................  
.................... ************* Funções de alto nível **************** 
....................  
.................... void kbd_habilita()		habilita a interrupcao que le o teclado 
....................  
.................... void kbd_desabilita()	desabilita a interrupcao que le o teclado 
....................  
....................  
....................          
....................  
....................  
.................... */ 
.................... // Keypad layout: 
.................... char const KEYS[4][4] = {{'1','2','3','A'}, 
....................                          {'4','5','6','B'}, 
....................                          {'7','8','9','C'}, 
....................                          {'*','0','#','D'}}; 
....................  
....................  
.................... #define KBD_DEBOUNCE_FACTOR 25 		//  para validar a tecla pressionada 
.................... #define TEMPO_TECLA_REPETIDA 400		// 1 segundo para tecla repetida (400) 
....................  
.................... int16 temp_debounce=KBD_DEBOUNCE_FACTOR; 
.................... char temp_tecla_anterior; 
.................... int flagTeclado=0; 
.................... int16 flagEstado=0; 
.................... char tecla_valida;			// armazena tecla valida... apos debounce 
.................... int  passag=0; 
.................... int  passag2=0; 
.................... //int Func=0; 
....................  
.................... int numInt=1;							// numero intervalos 1->10 
....................  
.................... /* 
....................  
....................     ---------------------------             ^ 
....................    |                           |            | (4)    
....................    |                           |  (5) <-          -> (6) 
....................    |                           |            | 
....................     ---------------------------             v (A) 
....................       ----      ----       ---- 
....................       L_FUNC    M_FUNC    R_FUNC   
....................         (1)       (2)       (3)              
....................         
....................  
.................... */ 
....................  
.................... #define L_FUNC 	'1' 
.................... #define M_FUNC 	'2' 
.................... #define R_FUNC 	'3' 
.................... #define DESCE	'A'  
.................... #define SOBE	'4'  
.................... #define DIR		'6'  
.................... #define ESQ		'5' 
.................... #define RESET	'B'  
....................  
.................... #define use_portc_kbd TRUE 
.................... #byte kbd = 0xF82 
....................  
.................... #define set_tris_kbd(x) set_tris_c(x) 
....................  
....................  
.................... #define COL0 (1 << 0) 
.................... #define COL1 (1 << 1) 
.................... #define COL2 (1 << 2) 
.................... #define COL3 (1 << 3) 
....................  
.................... #define LINHAS	 0xF0 
.................... #define ALL_PINS 0xFF 
....................  
....................  
....................  
.................... void kbd_init(){ 
.................... 	setup_timer_0 (RTCC_INTERNAL|RTCC_DIV_64 | RTCC_8_BIT); // clock interno, pre-escala 64x,  
.................... 	set_timer0(100); 
.................... 	enable_interrupts(INT_RTCC);									//  
....................     //enable_interrupts(GLOBAL); 
.................... 	 
.................... } 
....................  
.................... void kbd_habilita() { 
.................... 	set_timer0(100); 
.................... 	enable_interrupts(INT_RTCC);									//  
....................     //enable_interrupts(GLOBAL); 
.................... } 
....................  
.................... void kbd_desabilita() { 
.................... 	disable_interrupts(INT_RTCC);									//  
.................... } 
....................  
.................... char kbd_getc( ) { 
....................     
....................  
....................    BYTE kchar; 
....................    
....................  
.................... /// teste coluna 0 
.................... 	set_tris_kbd(LINHAS); 		// coloca como entrada as linhas e saídas as colunas 
*
02736:  MOVLW  F0
02738:  MOVWF  F94
.................... 	delay_us(1); 
0273A:  BRA    273C
0273C:  BRA    273E
0273E:  BRA    2740
....................     kbd=COL0;					// ativa coluna0 
02740:  MOVLW  01
02742:  MOVWF  F82
.................... 	delay_us(1); 
02744:  BRA    2746
02746:  BRA    2748
02748:  BRA    274A
.................... 	kchar=kbd; 
0274A:  MOVFF  F82,17F
.................... 	set_tris_kbd(ALL_PINS); 
0274E:  MOVLW  FF
02750:  MOVWF  F94
.................... 	if(kchar==0x11) 
02752:  MOVLB  1
02754:  MOVF   x7F,W
02756:  SUBLW  11
02758:  BNZ   2760
.................... 		return(KEYS[0][0]); 	//return('1'); 
0275A:  MOVLW  31
0275C:  MOVWF  01
0275E:  BRA    286C
.................... 	if(kchar==0x21) 
02760:  MOVF   x7F,W
02762:  SUBLW  21
02764:  BNZ   276C
.................... 		return(KEYS[1][0]); 	//return('4'); 
02766:  MOVLW  34
02768:  MOVWF  01
0276A:  BRA    286C
.................... 	if(kchar==0x41) 
0276C:  MOVF   x7F,W
0276E:  SUBLW  41
02770:  BNZ   2778
.................... 		return(KEYS[2][0]);		//return('7'); 
02772:  MOVLW  37
02774:  MOVWF  01
02776:  BRA    286C
.................... 	if(kchar==0x81) 
02778:  MOVF   x7F,W
0277A:  SUBLW  81
0277C:  BNZ   2784
.................... 		return(KEYS[3][0]);		//return('*'); 
0277E:  MOVLW  2A
02780:  MOVWF  01
02782:  BRA    286C
....................  
.................... /// testa coluna 1 
.................... 	set_tris_kbd(LINHAS); 
02784:  MOVLW  F0
02786:  MOVWF  F94
.................... 	delay_us(1); 
02788:  BRA    278A
0278A:  BRA    278C
0278C:  BRA    278E
.................... 	kbd=COL1;					// ativa coluna1 
0278E:  MOVLW  02
02790:  MOVWF  F82
.................... 	delay_us(1); 
02792:  BRA    2794
02794:  BRA    2796
02796:  BRA    2798
....................     kchar=kbd; 
02798:  MOVFF  F82,17F
.................... 	set_tris_kbd(ALL_PINS); 
0279C:  MOVLW  FF
0279E:  MOVWF  F94
.................... 	if(kchar==0x12) 
027A0:  MOVF   x7F,W
027A2:  SUBLW  12
027A4:  BNZ   27AC
.................... 		return(KEYS[0][1]);		//return('2'); 
027A6:  MOVLW  32
027A8:  MOVWF  01
027AA:  BRA    286C
.................... 	if(kchar==0x22) 
027AC:  MOVF   x7F,W
027AE:  SUBLW  22
027B0:  BNZ   27B8
.................... 		return(KEYS[1][1]);		//return('5'); 
027B2:  MOVLW  35
027B4:  MOVWF  01
027B6:  BRA    286C
.................... 	if(kchar==0x42) 
027B8:  MOVF   x7F,W
027BA:  SUBLW  42
027BC:  BNZ   27C4
.................... 		return(KEYS[2][1]);		//return('8'); 
027BE:  MOVLW  38
027C0:  MOVWF  01
027C2:  BRA    286C
.................... 	if(kchar==0x82) 
027C4:  MOVF   x7F,W
027C6:  SUBLW  82
027C8:  BNZ   27D0
.................... 		return(KEYS[3][1]);		//return('0'); 
027CA:  MOVLW  30
027CC:  MOVWF  01
027CE:  BRA    286C
....................  
.................... /// testa coluna 2 
.................... 	set_tris_kbd(LINHAS); 
027D0:  MOVLW  F0
027D2:  MOVWF  F94
.................... 	delay_us(1); 
027D4:  BRA    27D6
027D6:  BRA    27D8
027D8:  BRA    27DA
.................... 	kbd=COL2;					// ativa coluna2 
027DA:  MOVLW  04
027DC:  MOVWF  F82
.................... 	delay_us(1); 
027DE:  BRA    27E0
027E0:  BRA    27E2
027E2:  BRA    27E4
....................     kchar=kbd; 
027E4:  MOVFF  F82,17F
.................... 	set_tris_kbd(ALL_PINS); 
027E8:  MOVLW  FF
027EA:  MOVWF  F94
.................... 	if(kchar==0x14) 
027EC:  MOVF   x7F,W
027EE:  SUBLW  14
027F0:  BNZ   27F8
.................... 		return(KEYS[0][2]);		//return('3'); 
027F2:  MOVLW  33
027F4:  MOVWF  01
027F6:  BRA    286C
.................... 	if(kchar==0x24) 
027F8:  MOVF   x7F,W
027FA:  SUBLW  24
027FC:  BNZ   2804
.................... 		return(KEYS[1][2]);		//return('6'); 
027FE:  MOVLW  36
02800:  MOVWF  01
02802:  BRA    286C
.................... 	if(kchar==0x44) 
02804:  MOVF   x7F,W
02806:  SUBLW  44
02808:  BNZ   2810
.................... 		return(KEYS[2][2]);		//return('9'); 
0280A:  MOVLW  39
0280C:  MOVWF  01
0280E:  BRA    286C
.................... 	if(kchar==0x84) 
02810:  MOVF   x7F,W
02812:  SUBLW  84
02814:  BNZ   281C
.................... 		return(KEYS[3][2]);		//return('#'); 
02816:  MOVLW  23
02818:  MOVWF  01
0281A:  BRA    286C
....................  
.................... /// testa coluna 3 
.................... 	set_tris_kbd(LINHAS); 
0281C:  MOVLW  F0
0281E:  MOVWF  F94
.................... 	delay_us(1); 
02820:  BRA    2822
02822:  BRA    2824
02824:  BRA    2826
.................... 	kbd=COL3;					// ativa coluna3 
02826:  MOVLW  08
02828:  MOVWF  F82
.................... 	delay_us(1); 
0282A:  BRA    282C
0282C:  BRA    282E
0282E:  BRA    2830
....................     kchar=kbd; 
02830:  MOVFF  F82,17F
.................... 	set_tris_kbd(ALL_PINS); 
02834:  MOVLW  FF
02836:  MOVWF  F94
.................... 	if(kchar==0x18) 
02838:  MOVF   x7F,W
0283A:  SUBLW  18
0283C:  BNZ   2844
.................... 		return(KEYS[0][3]);		//return('A'); 
0283E:  MOVLW  41
02840:  MOVWF  01
02842:  BRA    286C
.................... 	if(kchar==0x28) 
02844:  MOVF   x7F,W
02846:  SUBLW  28
02848:  BNZ   2850
.................... 		return(KEYS[1][3]);		//return('B'); 
0284A:  MOVLW  42
0284C:  MOVWF  01
0284E:  BRA    286C
.................... 	if(kchar==0x48) 
02850:  MOVF   x7F,W
02852:  SUBLW  48
02854:  BNZ   285C
.................... 		return(KEYS[2][3]);		//return('C'); 
02856:  MOVLW  43
02858:  MOVWF  01
0285A:  BRA    286C
.................... 	if(kchar==0x88) 
0285C:  MOVF   x7F,W
0285E:  SUBLW  88
02860:  BNZ   2868
.................... 		return(KEYS[3][3]);		//return('D'); 
02862:  MOVLW  44
02864:  MOVWF  01
02866:  BRA    286C
.................... /// se tecla nao precionada	 
.................... /// envia uma palavra de teste 
....................  
.................... 	return('&'); 
02868:  MOVLW  26
0286A:  MOVWF  01
....................  
.................... } 
0286C:  MOVLB  0
0286E:  GOTO   2874 (RETURN)
....................  
....................  
.................... //// teclado 
.................... void verificaTeclado(){ 
....................  
.................... 	char tecla;					// armazena tecla pressionada 
....................  
.................... 	 
.................... 	tecla=kbd_getc();			// verifica tecla                               
02872:  BRA    2736
02874:  MOVFF  01,17E
....................  
.................... 	if(tecla!='&') {           //tecla pressionada ou ruido 
02878:  MOVLB  1
0287A:  MOVF   x7E,W
0287C:  SUBLW  26
0287E:  BZ    28AA
.................... 						 
.................... 		if(temp_tecla_anterior==tecla){ 
02880:  MOVF   x7E,W
02882:  SUBWF  24,W
02884:  BNZ   28A2
.................... 			if (flagTeclado==1){ 
02886:  DECFSZ 25,W
02888:  BRA    2898
.................... 				temp_debounce=TEMPO_TECLA_REPETIDA; 
0288A:  MOVLW  01
0288C:  MOVWF  23
0288E:  MOVLW  90
02890:  MOVWF  22
.................... 				flagTeclado=0;	 
02892:  CLRF   25
.................... 				tecla_valida='&'; 
02894:  MOVLW  26
02896:  MOVWF  28
.................... 			} 
.................... 			temp_debounce--; 
02898:  MOVF   22,W
0289A:  BTFSC  FD8.2
0289C:  DECF   23,F
0289E:  DECF   22,F
.................... 			 
.................... 		}else{ 
028A0:  BRA    28A8
.................... 			temp_debounce=KBD_DEBOUNCE_FACTOR;	//reseta contador debounce 
028A2:  CLRF   23
028A4:  MOVLW  19
028A6:  MOVWF  22
....................  
.................... 		} 
.................... 	}else{						// nenhuma tecla pressionada 
028A8:  BRA    28B0
.................... 		temp_debounce=KBD_DEBOUNCE_FACTOR;		//reseta contador debounce 
028AA:  CLRF   23
028AC:  MOVLW  19
028AE:  MOVWF  22
.................... 	}	 
....................  
.................... 	if(temp_debounce==0){			//atualiza tecla valida 
028B0:  MOVF   22,F
028B2:  BNZ   28C0
028B4:  MOVF   23,F
028B6:  BNZ   28C0
.................... 		tecla_valida=tecla; 
028B8:  MOVFF  17E,28
.................... 		flagTeclado=1; 
028BC:  MOVLW  01
028BE:  MOVWF  25
.................... 	} 
.................... 	 
....................  
.................... 	temp_tecla_anterior=tecla; 
028C0:  MOVFF  17E,24
....................  
.................... } 
028C4:  MOVLB  0
028C6:  RETLW  00
....................  
.................... /////////////////////////////// 
.................... // função para os estados de 0 a 200 
....................  
.................... int16 selecEstado(int16 estado, int _teclado){ 
....................  
.................... 	switch (_teclado) { 
*
02B28:  MOVLB  1
02B2A:  MOVF   x84,W
02B2C:  XORLW  31
02B2E:  MOVLB  0
02B30:  BZ    2B3C
02B32:  XORLW  03
02B34:  BZ    2B82
02B36:  XORLW  01
02B38:  BZ    2BD0
02B3A:  BRA    2C1E
....................  
.................... 	    case L_FUNC:return(ESTADOS[estado][0]);			 
02B3C:  MOVLB  1
02B3E:  RLCF   x82,W
02B40:  MOVWF  x85
02B42:  RLCF   x83,W
02B44:  MOVWF  x86
02B46:  RLCF   x85,F
02B48:  RLCF   x86,F
02B4A:  RLCF   x85,F
02B4C:  RLCF   x86,F
02B4E:  MOVLW  F8
02B50:  ANDWF  x85,F
02B52:  MOVFF  186,03
02B56:  MOVF   x85,W
02B58:  MOVFF  FF2,187
02B5C:  BCF    FF2.7
02B5E:  MOVFF  186,FF7
02B62:  MOVLB  0
02B64:  CALL   19B8
02B68:  TBLRD*+
02B6A:  MOVFF  FF5,03
02B6E:  MOVLB  1
02B70:  BTFSC  x87.7
02B72:  BSF    FF2.7
02B74:  MOVWF  01
02B76:  MOVFF  03,02
02B7A:  BRA    2C66
.................... 			lcd_limpa(); 
02B7C:  MOVLB  0
02B7E:  RCALL  2B1A
.................... 			break; 
02B80:  BRA    2C66
.................... 		 
.................... 		case M_FUNC:return(ESTADOS[estado][1]);			 
02B82:  MOVLB  1
02B84:  RLCF   x82,W
02B86:  MOVWF  x85
02B88:  RLCF   x83,W
02B8A:  MOVWF  x86
02B8C:  RLCF   x85,F
02B8E:  RLCF   x86,F
02B90:  RLCF   x85,F
02B92:  RLCF   x86,F
02B94:  MOVLW  F8
02B96:  ANDWF  x85,F
02B98:  MOVLW  02
02B9A:  ADDWF  x85,W
02B9C:  MOVWF  01
02B9E:  MOVLW  00
02BA0:  ADDWFC x86,W
02BA2:  MOVWF  03
02BA4:  MOVF   01,W
02BA6:  MOVFF  FF2,187
02BAA:  BCF    FF2.7
02BAC:  MOVFF  03,FF7
02BB0:  MOVLB  0
02BB2:  CALL   19B8
02BB6:  TBLRD*+
02BB8:  MOVFF  FF5,03
02BBC:  MOVLB  1
02BBE:  BTFSC  x87.7
02BC0:  BSF    FF2.7
02BC2:  MOVWF  01
02BC4:  MOVFF  03,02
02BC8:  BRA    2C66
.................... 			lcd_limpa(); 
02BCA:  MOVLB  0
02BCC:  RCALL  2B1A
.................... 			break; 
02BCE:  BRA    2C66
.................... 		 
.................... 		case R_FUNC:return(ESTADOS[estado][2]); 
02BD0:  MOVLB  1
02BD2:  RLCF   x82,W
02BD4:  MOVWF  x85
02BD6:  RLCF   x83,W
02BD8:  MOVWF  x86
02BDA:  RLCF   x85,F
02BDC:  RLCF   x86,F
02BDE:  RLCF   x85,F
02BE0:  RLCF   x86,F
02BE2:  MOVLW  F8
02BE4:  ANDWF  x85,F
02BE6:  MOVLW  04
02BE8:  ADDWF  x85,W
02BEA:  MOVWF  01
02BEC:  MOVLW  00
02BEE:  ADDWFC x86,W
02BF0:  MOVWF  03
02BF2:  MOVF   01,W
02BF4:  MOVFF  FF2,187
02BF8:  BCF    FF2.7
02BFA:  MOVFF  03,FF7
02BFE:  MOVLB  0
02C00:  CALL   19B8
02C04:  TBLRD*+
02C06:  MOVFF  FF5,03
02C0A:  MOVLB  1
02C0C:  BTFSC  x87.7
02C0E:  BSF    FF2.7
02C10:  MOVWF  01
02C12:  MOVFF  03,02
02C16:  BRA    2C66
.................... 			lcd_limpa(); 
02C18:  MOVLB  0
02C1A:  RCALL  2B1A
.................... 			break; 
02C1C:  BRA    2C66
.................... 		 
.................... 		default:return(ESTADOS[estado][3]); 
02C1E:  MOVLB  1
02C20:  RLCF   x82,W
02C22:  MOVWF  x85
02C24:  RLCF   x83,W
02C26:  MOVWF  x86
02C28:  RLCF   x85,F
02C2A:  RLCF   x86,F
02C2C:  RLCF   x85,F
02C2E:  RLCF   x86,F
02C30:  MOVLW  F8
02C32:  ANDWF  x85,F
02C34:  MOVLW  06
02C36:  ADDWF  x85,W
02C38:  MOVWF  01
02C3A:  MOVLW  00
02C3C:  ADDWFC x86,W
02C3E:  MOVWF  03
02C40:  MOVF   01,W
02C42:  MOVFF  FF2,187
02C46:  BCF    FF2.7
02C48:  MOVFF  03,FF7
02C4C:  MOVLB  0
02C4E:  CALL   19B8
02C52:  TBLRD*+
02C54:  MOVFF  FF5,03
02C58:  MOVLB  1
02C5A:  BTFSC  x87.7
02C5C:  BSF    FF2.7
02C5E:  MOVWF  01
02C60:  MOVFF  03,02
02C64:  BRA    2C66
02C66:  MOVLB  0
.................... 	} 
.................... } 
02C68:  RETLW  00
....................  
.................... /////////////////////////////////////// 
....................  
....................  
.................... /// verifica a tecla e retorna o proxima sequencia 
....................  
.................... int16 selecEstado106(char _teclado){ 
....................  
.................... 	switch (_teclado) { 
*
06540:  MOVLB  1
06542:  MOVF   x81,W
06544:  XORLW  31
06546:  MOVLB  0
06548:  BZ    6558
0654A:  XORLW  03
0654C:  BTFSC  FD8.2
0654E:  BRA    6608
06550:  XORLW  01
06552:  BTFSC  FD8.2
06554:  BRA    6614
06556:  BRA    6620
.................... 		case L_FUNC: 
.................... 			if (Func==1){ 
06558:  DECFSZ 19,W
0655A:  BRA    6566
.................... 				return(110); 
0655C:  MOVLW  6E
0655E:  MOVWF  01
06560:  MOVLW  00
06562:  MOVWF  02
06564:  BRA    662A
.................... 			} 
.................... 			if (Func==2){ 
06566:  MOVF   19,W
06568:  SUBLW  02
0656A:  BNZ   6576
.................... 				return(250); 
0656C:  MOVLW  FA
0656E:  MOVWF  01
06570:  MOVLW  00
06572:  MOVWF  02
06574:  BRA    662A
.................... 			} 
.................... 			if (Func==3){ 
06576:  MOVF   19,W
06578:  SUBLW  03
0657A:  BNZ   6586
.................... 				return(350); 
0657C:  MOVLW  5E
0657E:  MOVWF  01
06580:  MOVLW  01
06582:  MOVWF  02
06584:  BRA    662A
.................... 			} 
.................... 	    	if (Func==4){ 
06586:  MOVF   19,W
06588:  SUBLW  04
0658A:  BNZ   6596
.................... 				return(410); 
0658C:  MOVLW  9A
0658E:  MOVWF  01
06590:  MOVLW  01
06592:  MOVWF  02
06594:  BRA    662A
.................... 			} 
.................... 			if (Func==5){ 
06596:  MOVF   19,W
06598:  SUBLW  05
0659A:  BNZ   65A6
.................... 				return(550); 
0659C:  MOVLW  26
0659E:  MOVWF  01
065A0:  MOVLW  02
065A2:  MOVWF  02
065A4:  BRA    662A
.................... 			} 
.................... 			if (Func==6){ 
065A6:  MOVF   19,W
065A8:  SUBLW  06
065AA:  BNZ   65B6
.................... 				return(410); 
065AC:  MOVLW  9A
065AE:  MOVWF  01
065B0:  MOVLW  01
065B2:  MOVWF  02
065B4:  BRA    662A
.................... 			} 
.................... 			if (Func==7){ 
065B6:  MOVF   19,W
065B8:  SUBLW  07
065BA:  BNZ   65C6
.................... 				return(710); 
065BC:  MOVLW  C6
065BE:  MOVWF  01
065C0:  MOVLW  02
065C2:  MOVWF  02
065C4:  BRA    662A
.................... 			} 
.................... 			if (Func==8){ 
065C6:  MOVF   19,W
065C8:  SUBLW  08
065CA:  BNZ   65D6
.................... 				return(710); 
065CC:  MOVLW  C6
065CE:  MOVWF  01
065D0:  MOVLW  02
065D2:  MOVWF  02
065D4:  BRA    662A
.................... 			} 
.................... 			if (Func==9){ 
065D6:  MOVF   19,W
065D8:  SUBLW  09
065DA:  BNZ   65E6
.................... 				return(950); 
065DC:  MOVLW  B6
065DE:  MOVWF  01
065E0:  MOVLW  03
065E2:  MOVWF  02
065E4:  BRA    662A
.................... 			} 
.................... 			if (Func==10) 
065E6:  MOVF   19,W
065E8:  SUBLW  0A
065EA:  BNZ   65F6
.................... 			{ 
.................... 				return(350); 
065EC:  MOVLW  5E
065EE:  MOVWF  01
065F0:  MOVLW  01
065F2:  MOVWF  02
065F4:  BRA    662A
.................... 			} 
.................... 			if (Func==12) 
065F6:  MOVF   19,W
065F8:  SUBLW  0C
065FA:  BNZ   6606
.................... 			{ 
.................... 				return(250); 
065FC:  MOVLW  FA
065FE:  MOVWF  01
06600:  MOVLW  00
06602:  MOVWF  02
06604:  BRA    662A
.................... 			} 
.................... 			break;	     
06606:  BRA    662A
....................  
.................... 		case M_FUNC:return(100);			 
06608:  MOVLW  64
0660A:  MOVWF  01
0660C:  MOVLW  00
0660E:  MOVWF  02
06610:  BRA    662A
.................... 			break; 
06612:  BRA    662A
....................  
.................... 		case R_FUNC: 
.................... 			return(1); 
06614:  MOVLW  01
06616:  MOVWF  01
06618:  MOVLW  00
0661A:  MOVWF  02
0661C:  BRA    662A
.................... 			 
.................... 			break; 
0661E:  BRA    662A
.................... 		 
.................... 		default:return(106); 
06620:  MOVLW  6A
06622:  MOVWF  01
06624:  MOVLW  00
06626:  MOVWF  02
06628:  BRA    662A
.................... 	} 
.................... } 
0662A:  RETLW  00
....................  
....................  
.................... int16 selecEstado350(char _teclado){ 
....................  
.................... 	switch (_teclado) { 
*
08E2C:  MOVLB  1
08E2E:  MOVF   x80,W
08E30:  XORLW  31
08E32:  MOVLB  0
08E34:  BZ    8E40
08E36:  XORLW  03
08E38:  BZ    8E5E
08E3A:  XORLW  01
08E3C:  BZ    8E6E
08E3E:  BRA    8E8C
.................... 		case L_FUNC: 
.................... 			passag--; 
08E40:  DECF   29,F
.................... 			if(passag>numInt){ 
08E42:  MOVF   29,W
08E44:  SUBWF  2B,W
08E46:  BC    8E4E
.................... 				passag=numInt-1; 
08E48:  MOVLW  01
08E4A:  SUBWF  2B,W
08E4C:  MOVWF  29
.................... 			} 
.................... 			return(350); 
08E4E:  MOVLW  5E
08E50:  MOVWF  01
08E52:  MOVLW  01
08E54:  MOVWF  02
08E56:  BRA    8E96
.................... 			lcd_limpa(); 
08E58:  CALL   2B1A
.................... 			break; 
08E5C:  BRA    8E96
.................... 	     
.................... 		case M_FUNC:return(106);			 
08E5E:  MOVLW  6A
08E60:  MOVWF  01
08E62:  MOVLW  00
08E64:  MOVWF  02
08E66:  BRA    8E96
.................... 			lcd_limpa(); 
08E68:  CALL   2B1A
.................... 			break; 
08E6C:  BRA    8E96
.................... 		 
.................... 		 
.................... 		case R_FUNC: 
.................... 			passag++; 
08E6E:  INCF   29,F
.................... 			if(passag>numInt-1){ 
08E70:  MOVLW  01
08E72:  SUBWF  2B,W
08E74:  SUBWF  29,W
08E76:  BZ    8E7C
08E78:  BNC   8E7C
.................... 				passag=0; 
08E7A:  CLRF   29
.................... 			} 
.................... 			return(350); 
08E7C:  MOVLW  5E
08E7E:  MOVWF  01
08E80:  MOVLW  01
08E82:  MOVWF  02
08E84:  BRA    8E96
.................... 			lcd_limpa(); 
08E86:  CALL   2B1A
.................... 			break; 
08E8A:  BRA    8E96
.................... 		 
.................... 		default:return(350); 
08E8C:  MOVLW  5E
08E8E:  MOVWF  01
08E90:  MOVLW  01
08E92:  MOVWF  02
08E94:  BRA    8E96
.................... 	} 
.................... } 
08E96:  GOTO   B8B0 (RETURN)
....................  
.................... int16 selecEstado450(char _teclado){ 
....................  
.................... 	switch (_teclado) { 
*
08F9E:  MOVLB  1
08FA0:  MOVF   x80,W
08FA2:  XORLW  31
08FA4:  MOVLB  0
08FA6:  BZ    8FB2
08FA8:  XORLW  03
08FAA:  BZ    8FCE
08FAC:  XORLW  01
08FAE:  BZ    8FDE
08FB0:  BRA    8FF8
.................... 		case L_FUNC: 
.................... 			passag--; 
08FB2:  DECF   29,F
.................... 			if(passag>10){ 
08FB4:  MOVF   29,W
08FB6:  SUBLW  0A
08FB8:  BC    8FBE
.................... 				passag=9; 
08FBA:  MOVLW  09
08FBC:  MOVWF  29
.................... 			} 
.................... 			return(450); 
08FBE:  MOVLW  C2
08FC0:  MOVWF  01
08FC2:  MOVLW  01
08FC4:  MOVWF  02
08FC6:  BRA    9002
.................... 			lcd_limpa(); 
08FC8:  CALL   2B1A
.................... 			break; 
08FCC:  BRA    9002
.................... 	     
.................... 		case M_FUNC: 
.................... 			return(410);			 
08FCE:  MOVLW  9A
08FD0:  MOVWF  01
08FD2:  MOVLW  01
08FD4:  MOVWF  02
08FD6:  BRA    9002
.................... 			lcd_limpa(); 
08FD8:  CALL   2B1A
.................... 			break; 
08FDC:  BRA    9002
.................... 		 
.................... 		 
.................... 		case R_FUNC: 
.................... 			passag++; 
08FDE:  INCF   29,F
.................... 			if(passag>9){ 
08FE0:  MOVF   29,W
08FE2:  SUBLW  09
08FE4:  BC    8FE8
.................... 				passag=0; 
08FE6:  CLRF   29
.................... 			} 
.................... 			return(450); 
08FE8:  MOVLW  C2
08FEA:  MOVWF  01
08FEC:  MOVLW  01
08FEE:  MOVWF  02
08FF0:  BRA    9002
.................... 			lcd_limpa(); 
08FF2:  CALL   2B1A
.................... 			break; 
08FF6:  BRA    9002
.................... 		 
.................... 		default:return(450); 
08FF8:  MOVLW  C2
08FFA:  MOVWF  01
08FFC:  MOVLW  01
08FFE:  MOVWF  02
09000:  BRA    9002
.................... 	} 
.................... } 
09002:  GOTO   B930 (RETURN)
....................  
.................... int16 selecEstado470(char _teclado){ 
....................  
.................... 	switch (_teclado) { 
*
092A4:  MOVLB  1
092A6:  MOVF   x80,W
092A8:  XORLW  31
092AA:  MOVLB  0
092AC:  BZ    92B8
092AE:  XORLW  03
092B0:  BZ    92D4
092B2:  XORLW  01
092B4:  BZ    92E0
092B6:  BRA    92FA
.................... 		case L_FUNC: 
.................... 			passag--; 
092B8:  DECF   29,F
.................... 			if(passag>10){ 
092BA:  MOVF   29,W
092BC:  SUBLW  0A
092BE:  BC    92C4
.................... 				passag=9; 
092C0:  MOVLW  09
092C2:  MOVWF  29
.................... 			} 
.................... 			return(470); 
092C4:  MOVLW  D6
092C6:  MOVWF  01
092C8:  MOVLW  01
092CA:  MOVWF  02
092CC:  BRA    9304
.................... 			lcd_limpa(); 
092CE:  CALL   2B1A
.................... 			break; 
092D2:  BRA    9304
.................... 	     
.................... 		case M_FUNC:return(410);			 
092D4:  MOVLW  9A
092D6:  MOVWF  01
092D8:  MOVLW  01
092DA:  MOVWF  02
092DC:  BRA    9304
.................... 			break; 
092DE:  BRA    9304
.................... 		 
.................... 		 
.................... 		case R_FUNC: 
.................... 			passag++; 
092E0:  INCF   29,F
.................... 			if(passag>9){ 
092E2:  MOVF   29,W
092E4:  SUBLW  09
092E6:  BC    92EA
.................... 				passag=0; 
092E8:  CLRF   29
.................... 			} 
.................... 			return(470); 
092EA:  MOVLW  D6
092EC:  MOVWF  01
092EE:  MOVLW  01
092F0:  MOVWF  02
092F2:  BRA    9304
.................... 			lcd_limpa(); 
092F4:  CALL   2B1A
.................... 			break; 
092F8:  BRA    9304
.................... 		 
.................... 		default:return(470); 
092FA:  MOVLW  D6
092FC:  MOVWF  01
092FE:  MOVLW  01
09300:  MOVWF  02
09302:  BRA    9304
.................... 	} 
.................... } 
09304:  GOTO   B958 (RETURN)
....................  
....................  
.................... int16 selecEstado750(char _teclado){ 
....................  
.................... 	switch (_teclado) { 
*
0965C:  MOVLB  1
0965E:  MOVF   x80,W
09660:  XORLW  31
09662:  MOVLB  0
09664:  BZ    9670
09666:  XORLW  03
09668:  BZ    96A2
0966A:  XORLW  01
0966C:  BZ    96B2
0966E:  BRA    96E0
.................... 		case L_FUNC: 
.................... 			passag--; 
09670:  DECF   29,F
.................... 			if(passag>10){ 
09672:  MOVF   29,W
09674:  SUBLW  0A
09676:  BC    9692
.................... 				passag=9; 
09678:  MOVLW  09
0967A:  MOVWF  29
.................... 				if (Func==8){ 
0967C:  MOVF   19,W
0967E:  SUBLW  08
09680:  BNZ   9692
.................... 					passag2=9; 
09682:  MOVLW  09
09684:  MOVWF  2A
.................... 					return(751); 
09686:  MOVLW  EF
09688:  MOVWF  01
0968A:  MOVLW  02
0968C:  MOVWF  02
0968E:  BRA    96EA
.................... 					break; 
09690:  BRA    96EA
.................... 				} 
.................... 			} 
.................... 			return(750); 
09692:  MOVLW  EE
09694:  MOVWF  01
09696:  MOVLW  02
09698:  MOVWF  02
0969A:  BRA    96EA
.................... 			lcd_limpa(); 
0969C:  CALL   2B1A
.................... 			break; 
096A0:  BRA    96EA
.................... 	     
.................... 		case M_FUNC:return(710);			 
096A2:  MOVLW  C6
096A4:  MOVWF  01
096A6:  MOVLW  02
096A8:  MOVWF  02
096AA:  BRA    96EA
.................... 			lcd_limpa(); 
096AC:  CALL   2B1A
.................... 			break; 
096B0:  BRA    96EA
.................... 		 
.................... 		 
.................... 		case R_FUNC: 
.................... 			passag++; 
096B2:  INCF   29,F
.................... 			if(passag>9){ 
096B4:  MOVF   29,W
096B6:  SUBLW  09
096B8:  BC    96D0
.................... 				passag=0; 
096BA:  CLRF   29
.................... 				if (Func==8){ 
096BC:  MOVF   19,W
096BE:  SUBLW  08
096C0:  BNZ   96D0
.................... 					passag2=0; 
096C2:  CLRF   2A
.................... 					return(751); 
096C4:  MOVLW  EF
096C6:  MOVWF  01
096C8:  MOVLW  02
096CA:  MOVWF  02
096CC:  BRA    96EA
.................... 					break; 
096CE:  BRA    96EA
.................... 				} 
.................... 				 
.................... 			} 
.................... 			return(750); 
096D0:  MOVLW  EE
096D2:  MOVWF  01
096D4:  MOVLW  02
096D6:  MOVWF  02
096D8:  BRA    96EA
.................... 			lcd_limpa(); 
096DA:  CALL   2B1A
.................... 			break; 
096DE:  BRA    96EA
.................... 		 
.................... 		default:return(750); 
096E0:  MOVLW  EE
096E2:  MOVWF  01
096E4:  MOVLW  02
096E6:  MOVWF  02
096E8:  BRA    96EA
.................... 	} 
.................... } 
096EA:  GOTO   C196 (RETURN)
....................  
.................... int16 selecEstado751(char _teclado){ 
....................  
.................... 	switch (_teclado) { 
*
0981A:  MOVLB  1
0981C:  MOVF   x80,W
0981E:  XORLW  31
09820:  MOVLB  0
09822:  BZ    982E
09824:  XORLW  03
09826:  BZ    9852
09828:  XORLW  01
0982A:  BZ    985E
0982C:  BRA    9880
.................... 		case L_FUNC: 
.................... 			passag2--; 
0982E:  DECF   2A,F
.................... 			if(passag2>10){ 
09830:  MOVF   2A,W
09832:  SUBLW  0A
09834:  BC    9846
.................... 				passag=9; 
09836:  MOVLW  09
09838:  MOVWF  29
.................... 				return(750); 
0983A:  MOVLW  EE
0983C:  MOVWF  01
0983E:  MOVLW  02
09840:  MOVWF  02
09842:  BRA    988A
.................... 				break; 
09844:  BRA    988A
.................... 			} 
.................... 			return(751); 
09846:  MOVLW  EF
09848:  MOVWF  01
0984A:  MOVLW  02
0984C:  MOVWF  02
0984E:  BRA    988A
.................... 			 
.................... 			break; 
09850:  BRA    988A
.................... 	     
.................... 		case M_FUNC:return(710);			 
09852:  MOVLW  C6
09854:  MOVWF  01
09856:  MOVLW  02
09858:  MOVWF  02
0985A:  BRA    988A
.................... 			break; 
0985C:  BRA    988A
.................... 		 
.................... 		 
.................... 		case R_FUNC: 
.................... 			passag2++; 
0985E:  INCF   2A,F
.................... 			if(passag2>9){ 
09860:  MOVF   2A,W
09862:  SUBLW  09
09864:  BC    9874
.................... 				passag=0; 
09866:  CLRF   29
.................... 				return(750); 
09868:  MOVLW  EE
0986A:  MOVWF  01
0986C:  MOVLW  02
0986E:  MOVWF  02
09870:  BRA    988A
.................... 				break; 
09872:  BRA    988A
.................... 			} 
.................... 			return(751); 
09874:  MOVLW  EF
09876:  MOVWF  01
09878:  MOVLW  02
0987A:  MOVWF  02
0987C:  BRA    988A
.................... 			break; 
0987E:  BRA    988A
.................... 		 
.................... 		default:return(751); 
09880:  MOVLW  EF
09882:  MOVWF  01
09884:  MOVLW  02
09886:  MOVWF  02
09888:  BRA    988A
.................... 	} 
.................... } 
0988A:  GOTO   C260 (RETURN)
.................... int16 selecEstado770(char _teclado){ 
....................  
.................... 	switch (_teclado) { 
*
099BA:  MOVLB  1
099BC:  MOVF   x80,W
099BE:  XORLW  31
099C0:  MOVLB  0
099C2:  BZ    99CE
099C4:  XORLW  03
099C6:  BZ    99E6
099C8:  XORLW  01
099CA:  BZ    99F2
099CC:  BRA    9A08
.................... 		case L_FUNC: 
.................... 			passag2--; 
099CE:  DECF   2A,F
.................... 			if(passag2>10){ 
099D0:  MOVF   2A,W
099D2:  SUBLW  0A
099D4:  BC    99DA
.................... 				passag2=9; 
099D6:  MOVLW  09
099D8:  MOVWF  2A
.................... 				 
.................... 			} 
.................... 			return(770); 
099DA:  MOVLW  02
099DC:  MOVWF  01
099DE:  MOVLW  03
099E0:  MOVWF  02
099E2:  BRA    9A12
.................... 			 
.................... 			break; 
099E4:  BRA    9A12
.................... 	     
.................... 		case M_FUNC:return(710);			 
099E6:  MOVLW  C6
099E8:  MOVWF  01
099EA:  MOVLW  02
099EC:  MOVWF  02
099EE:  BRA    9A12
.................... 			break; 
099F0:  BRA    9A12
.................... 		 
.................... 		 
....................  
.................... 		case R_FUNC: 
.................... 			passag2++; 
099F2:  INCF   2A,F
.................... 			if(passag2>9){ 
099F4:  MOVF   2A,W
099F6:  SUBLW  09
099F8:  BC    99FC
.................... 				passag2=0; 
099FA:  CLRF   2A
....................  
.................... 			} 
.................... 			return(770); 
099FC:  MOVLW  02
099FE:  MOVWF  01
09A00:  MOVLW  03
09A02:  MOVWF  02
09A04:  BRA    9A12
.................... 			break; 
09A06:  BRA    9A12
.................... 		 
.................... 		default:return(770); 
09A08:  MOVLW  02
09A0A:  MOVWF  01
09A0C:  MOVLW  03
09A0E:  MOVWF  02
09A10:  BRA    9A12
.................... 	} 
.................... } 
09A12:  GOTO   C32A (RETURN)
.................... int16 selecEstado990(char _teclado){ 
....................  
.................... 	switch (_teclado) { 
*
028C8:  MOVLB  1
028CA:  MOVF   x7E,W
028CC:  XORLW  31
028CE:  MOVLB  0
028D0:  BZ    28DC
028D2:  XORLW  03
028D4:  BZ    28EA
028D6:  XORLW  01
028D8:  BZ    28F8
028DA:  BRA    2906
.................... 		case L_FUNC: 
.................... 			IDIOMA=1; //portugues 
028DC:  MOVLW  01
028DE:  MOVWF  21
.................... 			return(0); 
028E0:  MOVLW  00
028E2:  MOVWF  01
028E4:  MOVWF  02
028E6:  BRA    2910
.................... 			break; 
028E8:  BRA    2910
.................... 	     
.................... 		case M_FUNC: 
.................... 			IDIOMA=2; //Ingles 
028EA:  MOVLW  02
028EC:  MOVWF  21
.................... 			return(0); 
028EE:  MOVLW  00
028F0:  MOVWF  01
028F2:  MOVWF  02
028F4:  BRA    2910
.................... 			break; 
028F6:  BRA    2910
.................... 		 
.................... 		case R_FUNC: 
.................... 			IDIOMA=3; //Espanhol 
028F8:  MOVLW  03
028FA:  MOVWF  21
.................... 			return(0); 
028FC:  MOVLW  00
028FE:  MOVWF  01
02900:  MOVWF  02
02902:  BRA    2910
.................... 			break; 
02904:  BRA    2910
....................  
.................... 		default:return(1); 
02906:  MOVLW  01
02908:  MOVWF  01
0290A:  MOVLW  00
0290C:  MOVWF  02
0290E:  BRA    2910
.................... 	} 
.................... } 
02910:  GOTO   C8D4 (RETURN)
.................... int verificaSetaV(char _teclado){ 
....................  
.................... 		switch (_teclado) { 
*
037C8:  MOVLB  1
037CA:  MOVF   x82,W
037CC:  XORLW  41
037CE:  MOVLB  0
037D0:  BZ    37D8
037D2:  XORLW  75
037D4:  BZ    37E0
037D6:  BRA    37E8
....................  
.................... 	    case DESCE: 
.................... 			return(-1);		 
037D8:  MOVLW  FF
037DA:  MOVWF  01
037DC:  BRA    37EE
.................... 			break; 
037DE:  BRA    37EE
.................... 		 
.................... 		case SOBE: 
.................... 			return(1); 
037E0:  MOVLW  01
037E2:  MOVWF  01
037E4:  BRA    37EE
.................... 			break; 
037E6:  BRA    37EE
.................... 		default:return(0); 
037E8:  MOVLW  00
037EA:  MOVWF  01
037EC:  BRA    37EE
.................... 	 
.................... 	} 
.................... } 
037EE:  RETLW  00
....................  
.................... int verificaSetaH(char _teclado){ 
....................  
.................... 		switch (_teclado) { 
*
039C4:  MOVLB  1
039C6:  MOVF   x82,W
039C8:  XORLW  35
039CA:  MOVLB  0
039CC:  BZ    39D4
039CE:  XORLW  03
039D0:  BZ    39DC
039D2:  BRA    39E4
....................  
.................... 	    case ESQ: 
.................... 			return(-1);			 
039D4:  MOVLW  FF
039D6:  MOVWF  01
039D8:  BRA    39EA
.................... 			break; 
039DA:  BRA    39EA
.................... 		 
.................... 		case DIR: 
.................... 			return(1); 
039DC:  MOVLW  01
039DE:  MOVWF  01
039E0:  BRA    39EA
.................... 			break; 
039E2:  BRA    39EA
.................... 	 
.................... 		default:return(0); 
039E4:  MOVLW  00
039E6:  MOVWF  01
039E8:  BRA    39EA
.................... 		 
.................... 	 
.................... 	} 
.................... } 
039EA:  RETLW  00
....................  
.................... #include "sensores.h" 
.................... /* 
.................... // Configura as portas e as interrupcoes dos sensores e bobina 
.................... // funcoes de identificacao de sensores 
....................  
.................... void sensores_init()		inicializa os sensores S0-S4 
.................... 	 
.................... void bobina_init()			inicializa a bobina e sensor S4 
....................  
.................... */ 
....................  
.................... #define INTCON 0xff2 
....................  
.................... void sensores_init(){ 
.................... 	 
.................... 	set_tris_b(0xFF); 
*
049FA:  MOVLW  FF
049FC:  MOVWF  F93
.................... 	bit_clear(*INTCON,1); 
049FE:  BCF    FF2.1
.................... 	//bit_clear(*INTCON,7); 
.................... 	//bit_clear(*INTCON,6); 
.................... 	enable_interrupts(INT_RB); 
04A00:  BSF    FF2.3
.................... 	enable_interrupts(INT_EXT); 
04A02:  BSF    FF2.4
.................... 	ext_int_edge(0,L_TO_H);  
04A04:  BSF    FF1.6
.................... } 
04A06:  RETLW  00
....................  
.................... void sensores_desab(){ 
.................... 	 
.................... 	set_tris_b(0xFF); 
*
02188:  MOVLW  FF
0218A:  MOVWF  F93
.................... 	disable_interrupts(INT_RB); 
0218C:  BCF    FF2.3
.................... 	disable_interrupts(INT_EXT); 
0218E:  BCF    FF2.4
.................... 	//ext_int_edge(0,H_TO_L);  
.................... } 
02190:  RETLW  00
....................  
.................... #include "Modo0.h" 
.................... long distS1=0; 
.................... long distS2=0; 
.................... long distS3=0; 
.................... long distS4=0; 
.................... long Larg=0; 
.................... long massa=0; 
.................... //long energia=0; 
.................... int posCursor=8; 
.................... int sensor; 
.................... int Modo;		 
.................... int despresa; 
.................... int sensor0; 
.................... int sensor1; 
.................... int sensor2; 
.................... int sensor3; 
.................... int sensor4; 
.................... unsigned int32 timeCounter2;		// a cada 10000 timeCounter incrementa 
.................... unsigned int32 timeCounter; 
.................... unsigned int32 tempoTotal; 
.................... unsigned int32 tempoTotal2; 
.................... unsigned int16 black; 
.................... int flagFimS0=0;						// flag 1 quando encerra os choques 
.................... int flagFimS1=0;						// flag 1 quando encerra os choques 
.................... int numSensores;						// 2 ou 5 
.................... int flagMostraVel=0;						//flag  1->mostra vel   0->mostra somente tempos 
.................... int flag_funcao_5 = 0;					//Flag usado para indicar a funcao 5 
....................  
.................... #define CURSOR_INC 100				// tempo pisca-pisca: 50 longo - 300 curto 
.................... #define CURSOR_BLACK 25000			// tempo com cursor black: 20000 longo - 40000 curto 
....................  
.................... #define PORTB 0xf81 
.................... static int portab; 
....................  
....................  
.................... void startTimer(){ 
.................... 	setup_timer_1(T1_INTERNAL | T1_DIV_BY_1 ); 
*
02142:  MOVLW  85
02144:  MOVWF  FCD
.................... 	set_timer1(65284); 
02146:  MOVLW  FF
02148:  MOVWF  FCF
0214A:  MOVLW  04
0214C:  MOVWF  FCE
.................... 	enable_interrupts(INT_TIMER1); 
0214E:  BSF    F9D.0
.................... 	timeCounter=0; 
02150:  CLRF   48
02152:  CLRF   47
02154:  CLRF   46
02156:  CLRF   45
.................... 	timeCounter2=0; 
02158:  CLRF   44
0215A:  CLRF   43
0215C:  CLRF   42
0215E:  CLRF   41
.................... 	sensor0=1; 
02160:  MOVLW  01
02162:  MOVWF  3C
.................... 	sensor1=16; 
02164:  MOVLW  10
02166:  MOVWF  3D
.................... 	sensor2=64; 
02168:  MOVLW  40
0216A:  MOVWF  3E
.................... 	sensor3=128; 
0216C:  MOVLW  80
0216E:  MOVWF  3F
.................... 	sensor4=32; 
02170:  MOVLW  20
02172:  MOVWF  40
.................... 	bit_clear(*INTCON,1);		 
02174:  BCF    FF2.1
.................... 	 
....................  
.................... } 
02176:  RETLW  00
....................  
.................... void stopTimer(){ 
.................... 	tempoTotal=timeCounter; 
*
02192:  MOVFF  48,4C
02196:  MOVFF  47,4B
0219A:  MOVFF  46,4A
0219E:  MOVFF  45,49
.................... 	tempoTotal2=timeCounter2; 
021A2:  MOVFF  44,50
021A6:  MOVFF  43,4F
021AA:  MOVFF  42,4E
021AE:  MOVFF  41,4D
.................... 	disable_interrupts(INT_TIMER1); 
021B2:  BCF    F9D.0
.................... 	setup_timer_1(T1_DISABLED); 
021B4:  CLRF   FCD
.................... 	sensores_desab(); 
021B6:  RCALL  2188
.................... } 
021B8:  RETLW  00
....................  
.................... void modo0_zera_valores(){ 
....................  
.................... 	distS1=0; 
*
02ADA:  CLRF   2D
02ADC:  CLRF   2C
.................... 	distS2=0; 
02ADE:  CLRF   2F
02AE0:  CLRF   2E
.................... 	distS3=0; 
02AE2:  CLRF   31
02AE4:  CLRF   30
.................... 	distS4=0; 
02AE6:  CLRF   33
02AE8:  CLRF   32
.................... 	Larg=0; 
02AEA:  CLRF   35
02AEC:  CLRF   34
.................... 	timeCounter2=0;		 
02AEE:  CLRF   44
02AF0:  CLRF   43
02AF2:  CLRF   42
02AF4:  CLRF   41
.................... 	timeCounter=0; 
02AF6:  CLRF   48
02AF8:  CLRF   47
02AFA:  CLRF   46
02AFC:  CLRF   45
.................... 	tempoTotal=0; 
02AFE:  CLRF   4C
02B00:  CLRF   4B
02B02:  CLRF   4A
02B04:  CLRF   49
.................... 	tempoTotal2=0; 
02B06:  CLRF   50
02B08:  CLRF   4F
02B0A:  CLRF   4E
02B0C:  CLRF   4D
.................... 	flagMostraVel=0; 
02B0E:  CLRF   56
.................... 	flagFimS0=0; 
02B10:  CLRF   53
.................... 	flagFimS1=0; 
02B12:  CLRF   54
.................... 	numInt=1; 
02B14:  MOVLW  01
02B16:  MOVWF  2B
....................  
....................  
....................  
.................... } 
02B18:  RETLW  00
....................  
....................  
.................... void EstadoModo0(int16 _flagEstado){ 
....................  
.................... 		int setaH, setaV; 
.................... 		 
.................... 				 
.................... 	switch (_flagEstado) { 
*
053B8:  MOVLB  1
053BA:  MOVFF  17E,00
053BE:  MOVF   x7F,W
053C0:  MOVWF  03
053C2:  BNZ   53CE
053C4:  MOVF   00,F
053C6:  MOVLB  0
053C8:  BTFSC  FD8.2
053CA:  BRA    5648
053CC:  MOVLB  1
053CE:  MOVF   03,W
053D0:  BNZ   53DE
053D2:  MOVLW  01
053D4:  SUBWF  00,W
053D6:  MOVLB  0
053D8:  BTFSC  FD8.2
053DA:  BRA    566E
053DC:  MOVLB  1
053DE:  MOVF   03,W
053E0:  BNZ   53EE
053E2:  MOVLW  02
053E4:  SUBWF  00,W
053E6:  MOVLB  0
053E8:  BTFSC  FD8.2
053EA:  BRA    5696
053EC:  MOVLB  1
053EE:  MOVF   03,W
053F0:  BNZ   53FE
053F2:  MOVLW  03
053F4:  SUBWF  00,W
053F6:  MOVLB  0
053F8:  BTFSC  FD8.2
053FA:  BRA    56BE
053FC:  MOVLB  1
053FE:  MOVF   03,W
05400:  BNZ   540E
05402:  MOVLW  04
05404:  SUBWF  00,W
05406:  MOVLB  0
05408:  BTFSC  FD8.2
0540A:  BRA    56E6
0540C:  MOVLB  1
0540E:  MOVF   03,W
05410:  BNZ   541E
05412:  MOVLW  05
05414:  SUBWF  00,W
05416:  MOVLB  0
05418:  BTFSC  FD8.2
0541A:  BRA    570E
0541C:  MOVLB  1
0541E:  MOVF   03,W
05420:  BNZ   542E
05422:  MOVLW  06
05424:  SUBWF  00,W
05426:  MOVLB  0
05428:  BTFSC  FD8.2
0542A:  BRA    5736
0542C:  MOVLB  1
0542E:  MOVF   03,W
05430:  BNZ   543E
05432:  MOVLW  07
05434:  SUBWF  00,W
05436:  MOVLB  0
05438:  BTFSC  FD8.2
0543A:  BRA    575E
0543C:  MOVLB  1
0543E:  MOVF   03,W
05440:  BNZ   544E
05442:  MOVLW  08
05444:  SUBWF  00,W
05446:  MOVLB  0
05448:  BTFSC  FD8.2
0544A:  BRA    5786
0544C:  MOVLB  1
0544E:  MOVF   03,W
05450:  BNZ   545E
05452:  MOVLW  09
05454:  SUBWF  00,W
05456:  MOVLB  0
05458:  BTFSC  FD8.2
0545A:  BRA    57AE
0545C:  MOVLB  1
0545E:  MOVF   03,W
05460:  BNZ   546E
05462:  MOVLW  0A
05464:  SUBWF  00,W
05466:  MOVLB  0
05468:  BTFSC  FD8.2
0546A:  BRA    57D6
0546C:  MOVLB  1
0546E:  MOVF   03,W
05470:  BNZ   547E
05472:  MOVLW  0B
05474:  SUBWF  00,W
05476:  MOVLB  0
05478:  BTFSC  FD8.2
0547A:  BRA    57FE
0547C:  MOVLB  1
0547E:  MOVF   03,W
05480:  BNZ   548E
05482:  MOVLW  0C
05484:  SUBWF  00,W
05486:  MOVLB  0
05488:  BTFSC  FD8.2
0548A:  BRA    5842
0548C:  MOVLB  1
0548E:  MOVF   03,W
05490:  BNZ   549E
05492:  MOVLW  0D
05494:  SUBWF  00,W
05496:  MOVLB  0
05498:  BTFSC  FD8.2
0549A:  BRA    58EA
0549C:  MOVLB  1
0549E:  MOVF   03,W
054A0:  BNZ   54AE
054A2:  MOVLW  0E
054A4:  SUBWF  00,W
054A6:  MOVLB  0
054A8:  BTFSC  FD8.2
054AA:  BRA    597C
054AC:  MOVLB  1
054AE:  MOVF   03,W
054B0:  BNZ   54BE
054B2:  MOVLW  0F
054B4:  SUBWF  00,W
054B6:  MOVLB  0
054B8:  BTFSC  FD8.2
054BA:  BRA    5A0E
054BC:  MOVLB  1
054BE:  MOVF   03,W
054C0:  BNZ   54CE
054C2:  MOVLW  11
054C4:  SUBWF  00,W
054C6:  MOVLB  0
054C8:  BTFSC  FD8.2
054CA:  BRA    5AA0
054CC:  MOVLB  1
054CE:  MOVF   03,W
054D0:  BNZ   54DE
054D2:  MOVLW  12
054D4:  SUBWF  00,W
054D6:  MOVLB  0
054D8:  BTFSC  FD8.2
054DA:  BRA    5AC8
054DC:  MOVLB  1
054DE:  MOVF   03,W
054E0:  BNZ   54EE
054E2:  MOVLW  13
054E4:  SUBWF  00,W
054E6:  MOVLB  0
054E8:  BTFSC  FD8.2
054EA:  BRA    5AD8
054EC:  MOVLB  1
054EE:  MOVF   03,W
054F0:  BNZ   54FE
054F2:  MOVLW  15
054F4:  SUBWF  00,W
054F6:  MOVLB  0
054F8:  BTFSC  FD8.2
054FA:  BRA    5AE8
054FC:  MOVLB  1
054FE:  MOVF   03,W
05500:  BNZ   550E
05502:  MOVLW  16
05504:  SUBWF  00,W
05506:  MOVLB  0
05508:  BTFSC  FD8.2
0550A:  BRA    5B2C
0550C:  MOVLB  1
0550E:  MOVF   03,W
05510:  BNZ   551E
05512:  MOVLW  1F
05514:  SUBWF  00,W
05516:  MOVLB  0
05518:  BTFSC  FD8.2
0551A:  BRA    5BC6
0551C:  MOVLB  1
0551E:  MOVF   03,W
05520:  BNZ   552E
05522:  MOVLW  29
05524:  SUBWF  00,W
05526:  MOVLB  0
05528:  BTFSC  FD8.2
0552A:  BRA    5BDA
0552C:  MOVLB  1
0552E:  MOVF   03,W
05530:  BNZ   553E
05532:  MOVLW  33
05534:  SUBWF  00,W
05536:  MOVLB  0
05538:  BTFSC  FD8.2
0553A:  BRA    5BE8
0553C:  MOVLB  1
0553E:  MOVF   03,W
05540:  BNZ   554E
05542:  MOVLW  34
05544:  SUBWF  00,W
05546:  MOVLB  0
05548:  BTFSC  FD8.2
0554A:  BRA    5C30
0554C:  MOVLB  1
0554E:  MOVF   03,W
05550:  BNZ   5560
05552:  MOVLW  3D
05554:  SUBWF  00,W
05556:  MOVLB  0
05558:  BTFSC  FD8.2
0555A:  GOTO   5CC0
0555E:  MOVLB  1
05560:  MOVF   03,W
05562:  BNZ   5572
05564:  MOVLW  47
05566:  SUBWF  00,W
05568:  MOVLB  0
0556A:  BTFSC  FD8.2
0556C:  GOTO   5CD2
05570:  MOVLB  1
05572:  MOVF   03,W
05574:  BNZ   5584
05576:  MOVLW  51
05578:  SUBWF  00,W
0557A:  MOVLB  0
0557C:  BTFSC  FD8.2
0557E:  GOTO   5CE0
05582:  MOVLB  1
05584:  MOVF   03,W
05586:  BNZ   5596
05588:  MOVLW  5C
0558A:  SUBWF  00,W
0558C:  MOVLB  0
0558E:  BTFSC  FD8.2
05590:  GOTO   5CEE
05594:  MOVLB  1
05596:  MOVF   03,W
05598:  BNZ   55A8
0559A:  MOVLW  63
0559C:  SUBWF  00,W
0559E:  MOVLB  0
055A0:  BTFSC  FD8.2
055A2:  GOTO   5D82
055A6:  MOVLB  1
055A8:  MOVF   03,W
055AA:  BNZ   55BA
055AC:  MOVLW  64
055AE:  SUBWF  00,W
055B0:  MOVLB  0
055B2:  BTFSC  FD8.2
055B4:  GOTO   5E32
055B8:  MOVLB  1
055BA:  MOVF   03,W
055BC:  BNZ   55CC
055BE:  MOVLW  F0
055C0:  SUBWF  00,W
055C2:  MOVLB  0
055C4:  BTFSC  FD8.2
055C6:  GOTO   5E82
055CA:  MOVLB  1
055CC:  MOVLW  03
055CE:  SUBWF  03,W
055D0:  BNZ   55E0
055D2:  MOVLW  84
055D4:  SUBWF  00,W
055D6:  MOVLB  0
055D8:  BTFSC  FD8.2
055DA:  GOTO   5E8E
055DE:  MOVLB  1
055E0:  MOVLW  03
055E2:  SUBWF  03,W
055E4:  BNZ   55F4
055E6:  MOVLW  86
055E8:  SUBWF  00,W
055EA:  MOVLB  0
055EC:  BTFSC  FD8.2
055EE:  GOTO   5EB4
055F2:  MOVLB  1
055F4:  MOVLW  03
055F6:  SUBWF  03,W
055F8:  BNZ   5608
055FA:  MOVLW  DE
055FC:  SUBWF  00,W
055FE:  MOVLB  0
05600:  BTFSC  FD8.2
05602:  GOTO   616A
05606:  MOVLB  1
05608:  MOVLW  03
0560A:  SUBWF  03,W
0560C:  BNZ   561C
0560E:  MOVLW  F4
05610:  SUBWF  00,W
05612:  MOVLB  0
05614:  BTFSC  FD8.2
05616:  GOTO   618C
0561A:  MOVLB  1
0561C:  MOVLW  03
0561E:  SUBWF  03,W
05620:  BNZ   5630
05622:  MOVLW  FD
05624:  SUBWF  00,W
05626:  MOVLB  0
05628:  BTFSC  FD8.2
0562A:  GOTO   61B2
0562E:  MOVLB  1
05630:  MOVLW  03
05632:  SUBWF  03,W
05634:  BNZ   5644
05636:  MOVLW  FE
05638:  SUBWF  00,W
0563A:  MOVLB  0
0563C:  BTFSC  FD8.2
0563E:  GOTO   6252
05642:  MOVLB  1
05644:  GOTO   62EA
.................... 			    case 0: 
.................... 					tela0(); 
05648:  CALL   29F8
.................... 					numSensores=5; 
0564C:  MOVLW  05
0564E:  MOVWF  55
.................... 					flagEstado=selecEstado(0,tecla_valida);	// verifica tecla "funcao" ou "ajuda" 
05650:  MOVLB  1
05652:  CLRF   x83
05654:  CLRF   x82
05656:  MOVFF  28,184
0565A:  MOVLB  0
0565C:  CALL   2B28
05660:  MOVFF  02,27
05664:  MOVFF  01,26
.................... 					break; 
05668:  MOVLB  1
0566A:  GOTO   62EA
.................... 			 
.................... 			    case 1: 
.................... 					tela1(); 
0566E:  GOTO   2D22
.................... 					modo0_zera_valores(); 
05672:  CALL   2ADA
.................... 					flagEstado=selecEstado(1,tecla_valida);	// verifica tecla "funcao" ou "ajuda" 
05676:  MOVLB  1
05678:  CLRF   x83
0567A:  MOVLW  01
0567C:  MOVWF  x82
0567E:  MOVFF  28,184
05682:  MOVLB  0
05684:  CALL   2B28
05688:  MOVFF  02,27
0568C:  MOVFF  01,26
.................... 					break; 
05690:  MOVLB  1
05692:  GOTO   62EA
.................... 				 
.................... 				case 2: 
.................... 					tela2(); 
05696:  GOTO   2DA6
.................... 					modo0_zera_valores(); 
0569A:  CALL   2ADA
.................... 					flagEstado=selecEstado(2,tecla_valida);	// verifica tecla "ok" ou "prox" 
0569E:  MOVLB  1
056A0:  CLRF   x83
056A2:  MOVLW  02
056A4:  MOVWF  x82
056A6:  MOVFF  28,184
056AA:  MOVLB  0
056AC:  CALL   2B28
056B0:  MOVFF  02,27
056B4:  MOVFF  01,26
.................... 					break; 
056B8:  MOVLB  1
056BA:  GOTO   62EA
....................  
.................... 				case 3: 
.................... 					tela3(); 
056BE:  GOTO   2E2A
.................... 					modo0_zera_valores(); 
056C2:  CALL   2ADA
.................... 					flagEstado=selecEstado(3,tecla_valida);	// verifica tecla "ok" ou "prox" 
056C6:  MOVLB  1
056C8:  CLRF   x83
056CA:  MOVLW  03
056CC:  MOVWF  x82
056CE:  MOVFF  28,184
056D2:  MOVLB  0
056D4:  CALL   2B28
056D8:  MOVFF  02,27
056DC:  MOVFF  01,26
.................... 					break; 
056E0:  MOVLB  1
056E2:  GOTO   62EA
....................  
.................... 				case 4: 
.................... 					tela4(); 
056E6:  GOTO   2EB6
.................... 					modo0_zera_valores(); 
056EA:  CALL   2ADA
.................... 					flagEstado=selecEstado(4,tecla_valida);	// verifica tecla "ok" ou "prox" 
056EE:  MOVLB  1
056F0:  CLRF   x83
056F2:  MOVLW  04
056F4:  MOVWF  x82
056F6:  MOVFF  28,184
056FA:  MOVLB  0
056FC:  CALL   2B28
05700:  MOVFF  02,27
05704:  MOVFF  01,26
.................... 					break; 
05708:  MOVLB  1
0570A:  GOTO   62EA
....................  
.................... 				case 5: 
.................... 					tela5(); 
0570E:  GOTO   2F46
.................... 					modo0_zera_valores(); 
05712:  CALL   2ADA
.................... 					flagEstado=selecEstado(5,tecla_valida);	// verifica tecla "ok" ou "prox" 
05716:  MOVLB  1
05718:  CLRF   x83
0571A:  MOVLW  05
0571C:  MOVWF  x82
0571E:  MOVFF  28,184
05722:  MOVLB  0
05724:  CALL   2B28
05728:  MOVFF  02,27
0572C:  MOVFF  01,26
.................... 					break; 
05730:  MOVLB  1
05732:  GOTO   62EA
....................  
.................... 				case 6: 
.................... 					tela6(); 
05736:  GOTO   2FD6
.................... 					modo0_zera_valores(); 
0573A:  CALL   2ADA
.................... 					flagEstado=selecEstado(6,tecla_valida);	// verifica tecla "ok" ou "prox" 
0573E:  MOVLB  1
05740:  CLRF   x83
05742:  MOVLW  06
05744:  MOVWF  x82
05746:  MOVFF  28,184
0574A:  MOVLB  0
0574C:  CALL   2B28
05750:  MOVFF  02,27
05754:  MOVFF  01,26
.................... 					break; 
05758:  MOVLB  1
0575A:  GOTO   62EA
....................  
.................... 				case 7: 
.................... 					tela7(); 
0575E:  GOTO   3066
.................... 					modo0_zera_valores(); 
05762:  CALL   2ADA
.................... 					flagEstado=selecEstado(7,tecla_valida);	// verifica tecla "ok" ou "prox" 
05766:  MOVLB  1
05768:  CLRF   x83
0576A:  MOVLW  07
0576C:  MOVWF  x82
0576E:  MOVFF  28,184
05772:  MOVLB  0
05774:  CALL   2B28
05778:  MOVFF  02,27
0577C:  MOVFF  01,26
.................... 					break; 
05780:  MOVLB  1
05782:  GOTO   62EA
....................  
.................... 				case 8: 
.................... 					tela8(); 
05786:  GOTO   30F6
.................... 					modo0_zera_valores(); 
0578A:  CALL   2ADA
.................... 					flagEstado=selecEstado(8,tecla_valida);	// verifica tecla "ok" ou "prox" 
0578E:  MOVLB  1
05790:  CLRF   x83
05792:  MOVLW  08
05794:  MOVWF  x82
05796:  MOVFF  28,184
0579A:  MOVLB  0
0579C:  CALL   2B28
057A0:  MOVFF  02,27
057A4:  MOVFF  01,26
.................... 					break; 
057A8:  MOVLB  1
057AA:  GOTO   62EA
....................  
.................... 				case 9: 
.................... 					tela9(); 
057AE:  GOTO   3186
.................... 					modo0_zera_valores(); 
057B2:  CALL   2ADA
.................... 					flagEstado=selecEstado(9,tecla_valida);	// verifica tecla "ok" ou "prox" 
057B6:  MOVLB  1
057B8:  CLRF   x83
057BA:  MOVLW  09
057BC:  MOVWF  x82
057BE:  MOVFF  28,184
057C2:  MOVLB  0
057C4:  CALL   2B28
057C8:  MOVFF  02,27
057CC:  MOVFF  01,26
.................... 					break; 
057D0:  MOVLB  1
057D2:  GOTO   62EA
.................... 				 
.................... 				case 10: 
.................... 					tela10(); 
057D6:  GOTO   3216
.................... 					modo0_zera_valores(); 
057DA:  CALL   2ADA
.................... 					flagEstado=selecEstado(10,tecla_valida);	// verifica tecla "ok" ou "prox" 
057DE:  MOVLB  1
057E0:  CLRF   x83
057E2:  MOVLW  0A
057E4:  MOVWF  x82
057E6:  MOVFF  28,184
057EA:  MOVLB  0
057EC:  CALL   2B28
057F0:  MOVFF  02,27
057F4:  MOVFF  01,26
.................... 					break; 
057F8:  MOVLB  1
057FA:  GOTO   62EA
....................  
.................... 				 
.................... 				case 11: 
.................... 					tela11(); 
057FE:  CALL   32A6
.................... 					flagMostraVel=0; 
05802:  CLRF   56
.................... 					modo0_zera_valores(); 
05804:  CALL   2ADA
.................... 					flagEstado=selecEstado(11,tecla_valida);	 
05808:  MOVLB  1
0580A:  CLRF   x83
0580C:  MOVLW  0B
0580E:  MOVWF  x82
05810:  MOVFF  28,184
05814:  MOVLB  0
05816:  CALL   2B28
0581A:  MOVFF  02,27
0581E:  MOVFF  01,26
.................... 					if (flagEstado==100){ 
05822:  MOVF   26,W
05824:  SUBLW  64
05826:  BNZ   582E
05828:  MOVF   27,F
0582A:  BNZ   582E
.................... 						flagMostraVel=0; 
0582C:  CLRF   56
.................... 					}	 
.................... 					if (flagEstado==12){ 
0582E:  MOVF   26,W
05830:  SUBLW  0C
05832:  BNZ   583C
05834:  MOVF   27,F
05836:  BNZ   583C
.................... 						flagMostraVel=1; 
05838:  MOVLW  01
0583A:  MOVWF  56
.................... 					}	 
....................  
.................... 					break; 
0583C:  MOVLB  1
0583E:  GOTO   62EA
....................  
.................... 				case 12: 
.................... 					if (black>CURSOR_BLACK){ 
05842:  MOVF   52,W
05844:  SUBLW  60
05846:  BC    585C
05848:  XORLW  FF
0584A:  BNZ   5852
0584C:  MOVF   51,W
0584E:  SUBLW  A8
05850:  BC    585C
.................... 						lcd_cursorBlack(posCursor); 
05852:  MOVFF  38,182
05856:  CALL   33A0
.................... 					}else{ 
0585A:  BRA    5890
.................... 						lcd_escreve_Dist(distS1); 
0585C:  MOVFF  2D,183
05860:  MOVFF  2C,182
05864:  CALL   3528
.................... 						tela12(); 
05868:  GOTO   3612
.................... 						//atualiza distancia 
.................... 						setaV=verificaSetaV(tecla_valida); 
0586C:  MOVFF  28,182
05870:  CALL   37C8
05874:  MOVFF  01,181
.................... 						lcd_atualiza_Dist(setaV,posCursor); 
05878:  MOVFF  181,182
0587C:  MOVFF  38,183
05880:  CALL   38A6
.................... 						distS1=lcd_getDistancia();		//armazena na variavel o valor escrito na tela 
05884:  CALL   3908
05888:  MOVFF  02,2D
0588C:  MOVFF  01,2C
.................... 					} 
.................... 					black=black+CURSOR_INC; 
05890:  MOVLW  64
05892:  ADDWF  51,F
05894:  MOVLW  00
05896:  ADDWFC 52,F
.................... 					 
.................... 			//posicao do cursor  
.................... 					setaH=verificaSetaH(tecla_valida); 
05898:  MOVFF  28,182
0589C:  CALL   39C4
058A0:  MOVFF  01,180
.................... 					posCursor=lcd_desloca_H(posCursor,setaH); 
058A4:  MOVFF  38,182
058A8:  MOVFF  180,183
058AC:  CALL   39EC
058B0:  MOVFF  01,38
.................... 					flagEstado=selecEstado(12,tecla_valida);	// verifica tecla "ok" ou "prox" 
058B4:  MOVLB  1
058B6:  CLRF   x83
058B8:  MOVLW  0C
058BA:  MOVWF  x82
058BC:  MOVFF  28,184
058C0:  MOVLB  0
058C2:  CALL   2B28
058C6:  MOVFF  02,27
058CA:  MOVFF  01,26
.................... 					if(numSensores==2){ 
058CE:  MOVF   55,W
058D0:  SUBLW  02
058D2:  BNZ   58E4
.................... 						if(flagEstado==13){ 
058D4:  MOVF   26,W
058D6:  SUBLW  0D
058D8:  BNZ   58E4
058DA:  MOVF   27,F
058DC:  BNZ   58E4
.................... 							flagEstado=100; 
058DE:  CLRF   27
058E0:  MOVLW  64
058E2:  MOVWF  26
.................... 						} 
.................... 					} 
.................... 					break; 
058E4:  MOVLB  1
058E6:  GOTO   62EA
....................  
.................... 				case 13: 
.................... 					if (black>CURSOR_BLACK){ 
058EA:  MOVF   52,W
058EC:  SUBLW  60
058EE:  BC    5904
058F0:  XORLW  FF
058F2:  BNZ   58FA
058F4:  MOVF   51,W
058F6:  SUBLW  A8
058F8:  BC    5904
.................... 						lcd_cursorBlack(posCursor); 
058FA:  MOVFF  38,182
058FE:  CALL   33A0
.................... 					}else{ 
05902:  BRA    5938
.................... 						lcd_escreve_Dist(distS2); 
05904:  MOVFF  2F,183
05908:  MOVFF  2E,182
0590C:  CALL   3528
.................... 						tela13(); 
05910:  GOTO   3A28
.................... 						//atualiza distancia 
.................... 						setaV=verificaSetaV(tecla_valida); 
05914:  MOVFF  28,182
05918:  CALL   37C8
0591C:  MOVFF  01,181
.................... 						lcd_atualiza_Dist(setaV,posCursor); 
05920:  MOVFF  181,182
05924:  MOVFF  38,183
05928:  CALL   38A6
.................... 						distS2=lcd_getDistancia();		//armazena na variavel o valor escrito na tela 
0592C:  CALL   3908
05930:  MOVFF  02,2F
05934:  MOVFF  01,2E
.................... 					} 
.................... 					black=black+CURSOR_INC; 
05938:  MOVLW  64
0593A:  ADDWF  51,F
0593C:  MOVLW  00
0593E:  ADDWFC 52,F
.................... 					 
.................... 			//posicao do cursor  
.................... 					setaH=verificaSetaH(tecla_valida); 
05940:  MOVFF  28,182
05944:  CALL   39C4
05948:  MOVFF  01,180
.................... 					posCursor=lcd_desloca_H(posCursor,setaH); 
0594C:  MOVFF  38,182
05950:  MOVFF  180,183
05954:  CALL   39EC
05958:  MOVFF  01,38
.................... 					flagEstado=selecEstado(13,tecla_valida);	// verifica tecla "ok" ou "prox" 
0595C:  MOVLB  1
0595E:  CLRF   x83
05960:  MOVLW  0D
05962:  MOVWF  x82
05964:  MOVFF  28,184
05968:  MOVLB  0
0596A:  CALL   2B28
0596E:  MOVFF  02,27
05972:  MOVFF  01,26
.................... 					break; 
05976:  MOVLB  1
05978:  GOTO   62EA
....................  
.................... 				case 14: 
.................... 					if (black>CURSOR_BLACK){ 
0597C:  MOVF   52,W
0597E:  SUBLW  60
05980:  BC    5996
05982:  XORLW  FF
05984:  BNZ   598C
05986:  MOVF   51,W
05988:  SUBLW  A8
0598A:  BC    5996
.................... 						lcd_cursorBlack(posCursor); 
0598C:  MOVFF  38,182
05990:  CALL   33A0
.................... 					}else{ 
05994:  BRA    59CA
.................... 						lcd_escreve_Dist(distS3); 
05996:  MOVFF  31,183
0599A:  MOVFF  30,182
0599E:  CALL   3528
.................... 						tela14(); 
059A2:  GOTO   3BDE
.................... 						//atualiza distancia 
.................... 						setaV=verificaSetaV(tecla_valida); 
059A6:  MOVFF  28,182
059AA:  CALL   37C8
059AE:  MOVFF  01,181
.................... 						lcd_atualiza_Dist(setaV,posCursor); 
059B2:  MOVFF  181,182
059B6:  MOVFF  38,183
059BA:  CALL   38A6
.................... 						distS3=lcd_getDistancia();		//armazena na variavel o valor escrito na tela 
059BE:  CALL   3908
059C2:  MOVFF  02,31
059C6:  MOVFF  01,30
.................... 					} 
.................... 					black=black+CURSOR_INC; 
059CA:  MOVLW  64
059CC:  ADDWF  51,F
059CE:  MOVLW  00
059D0:  ADDWFC 52,F
.................... 					 
.................... 			//posicao do cursor  
.................... 					setaH=verificaSetaH(tecla_valida); 
059D2:  MOVFF  28,182
059D6:  CALL   39C4
059DA:  MOVFF  01,180
.................... 					posCursor=lcd_desloca_H(posCursor,setaH); 
059DE:  MOVFF  38,182
059E2:  MOVFF  180,183
059E6:  CALL   39EC
059EA:  MOVFF  01,38
.................... 					flagEstado=selecEstado(14,tecla_valida);	// verifica tecla "ok" ou "prox" 
059EE:  MOVLB  1
059F0:  CLRF   x83
059F2:  MOVLW  0E
059F4:  MOVWF  x82
059F6:  MOVFF  28,184
059FA:  MOVLB  0
059FC:  CALL   2B28
05A00:  MOVFF  02,27
05A04:  MOVFF  01,26
.................... 					break; 
05A08:  MOVLB  1
05A0A:  GOTO   62EA
....................  
.................... 				case 15: 
.................... 					if (black>CURSOR_BLACK){ 
05A0E:  MOVF   52,W
05A10:  SUBLW  60
05A12:  BC    5A28
05A14:  XORLW  FF
05A16:  BNZ   5A1E
05A18:  MOVF   51,W
05A1A:  SUBLW  A8
05A1C:  BC    5A28
.................... 						lcd_cursorBlack(posCursor); 
05A1E:  MOVFF  38,182
05A22:  CALL   33A0
.................... 					}else{ 
05A26:  BRA    5A5C
.................... 						lcd_escreve_Dist(distS4); 
05A28:  MOVFF  33,183
05A2C:  MOVFF  32,182
05A30:  CALL   3528
.................... 						tela15(); 
05A34:  GOTO   3D94
.................... 						//atualiza distancia 
.................... 						setaV=verificaSetaV(tecla_valida); 
05A38:  MOVFF  28,182
05A3C:  CALL   37C8
05A40:  MOVFF  01,181
.................... 						lcd_atualiza_Dist(setaV,posCursor); 
05A44:  MOVFF  181,182
05A48:  MOVFF  38,183
05A4C:  CALL   38A6
.................... 						distS4=lcd_getDistancia();		//armazena na variavel o valor escrito na tela 
05A50:  CALL   3908
05A54:  MOVFF  02,33
05A58:  MOVFF  01,32
.................... 					} 
.................... 					black=black+CURSOR_INC; 
05A5C:  MOVLW  64
05A5E:  ADDWF  51,F
05A60:  MOVLW  00
05A62:  ADDWFC 52,F
.................... 					 
.................... 			//posicao do cursor  
.................... 					setaH=verificaSetaH(tecla_valida); 
05A64:  MOVFF  28,182
05A68:  CALL   39C4
05A6C:  MOVFF  01,180
.................... 					posCursor=lcd_desloca_H(posCursor,setaH); 
05A70:  MOVFF  38,182
05A74:  MOVFF  180,183
05A78:  CALL   39EC
05A7C:  MOVFF  01,38
.................... 					flagEstado=selecEstado(15,tecla_valida);	// verifica tecla "ok" ou "prox" 
05A80:  MOVLB  1
05A82:  CLRF   x83
05A84:  MOVLW  0F
05A86:  MOVWF  x82
05A88:  MOVFF  28,184
05A8C:  MOVLB  0
05A8E:  CALL   2B28
05A92:  MOVFF  02,27
05A96:  MOVFF  01,26
.................... 					break; 
05A9A:  MOVLB  1
05A9C:  GOTO   62EA
.................... 			 
.................... 				case 17: 
.................... 					Func=1; 
05AA0:  MOVLW  01
05AA2:  MOVWF  19
.................... 					tela17(); 
05AA4:  GOTO   3F4A
.................... 					flagEstado=selecEstado(38,tecla_valida);	 
05AA8:  MOVLB  1
05AAA:  CLRF   x83
05AAC:  MOVLW  26
05AAE:  MOVWF  x82
05AB0:  MOVFF  28,184
05AB4:  MOVLB  0
05AB6:  CALL   2B28
05ABA:  MOVFF  02,27
05ABE:  MOVFF  01,26
.................... 					break; 
05AC2:  MOVLB  1
05AC4:  GOTO   62EA
....................  
.................... 				case 18: 
.................... 					numSensores=2; 
05AC8:  MOVLW  02
05ACA:  MOVWF  55
.................... 					flagEstado=11; 
05ACC:  CLRF   27
05ACE:  MOVLW  0B
05AD0:  MOVWF  26
.................... 					break; 
05AD2:  MOVLB  1
05AD4:  GOTO   62EA
....................  
.................... 				case 19: 
.................... 					numSensores=5; 
05AD8:  MOVLW  05
05ADA:  MOVWF  55
.................... 					flagEstado=11; 
05ADC:  CLRF   27
05ADE:  MOVLW  0B
05AE0:  MOVWF  26
.................... 					break; 
05AE2:  MOVLB  1
05AE4:  GOTO   62EA
....................  
.................... 				case 21: 
.................... 					tela21();								//Tela dentro da funcao 2 
05AE8:  GOTO   4046
.................... 					Func=2; 
05AEC:  MOVLW  02
05AEE:  MOVWF  19
.................... 					flagMostraVel=0; 
05AF0:  CLRF   56
.................... 					flagEstado=selecEstado(16,tecla_valida);	 
05AF2:  MOVLB  1
05AF4:  CLRF   x83
05AF6:  MOVLW  10
05AF8:  MOVWF  x82
05AFA:  MOVFF  28,184
05AFE:  MOVLB  0
05B00:  CALL   2B28
05B04:  MOVFF  02,27
05B08:  MOVFF  01,26
.................... 					if (flagEstado==100)			//Escolhe nao informar a largura 
05B0C:  MOVF   26,W
05B0E:  SUBLW  64
05B10:  BNZ   5B18
05B12:  MOVF   27,F
05B14:  BNZ   5B18
.................... 					{ 
.................... 						flagMostraVel=0; 
05B16:  CLRF   56
.................... 					}	 
.................... 					if (flagEstado==22)				//Escolhe informar a largura 
05B18:  MOVF   26,W
05B1A:  SUBLW  16
05B1C:  BNZ   5B26
05B1E:  MOVF   27,F
05B20:  BNZ   5B26
.................... 					{ 
.................... 						flagMostraVel=1; 
05B22:  MOVLW  01
05B24:  MOVWF  56
.................... 					}	 
.................... 					break; 
05B26:  MOVLB  1
05B28:  GOTO   62EA
....................  
.................... 				case 22: 
.................... 				 
.................... 					if (black>CURSOR_BLACK){ 
05B2C:  MOVF   52,W
05B2E:  SUBLW  60
05B30:  BC    5B46
05B32:  XORLW  FF
05B34:  BNZ   5B3C
05B36:  MOVF   51,W
05B38:  SUBLW  A8
05B3A:  BC    5B46
.................... 						lcd_cursorBlack(posCursor); 
05B3C:  MOVFF  38,182
05B40:  CALL   33A0
.................... 					}else{ 
05B44:  BRA    5B7A
.................... 						lcd_escreve_Dist(Larg); 
05B46:  MOVFF  35,183
05B4A:  MOVFF  34,182
05B4E:  CALL   3528
.................... 						tela22(); 
05B52:  GOTO   4142
.................... 						//atualiza distancia 
.................... 						setaV=verificaSetaV(tecla_valida); 
05B56:  MOVFF  28,182
05B5A:  CALL   37C8
05B5E:  MOVFF  01,181
.................... 						lcd_atualiza_Dist(setaV,posCursor); 
05B62:  MOVFF  181,182
05B66:  MOVFF  38,183
05B6A:  CALL   38A6
.................... 						Larg=lcd_getDistancia();		//armazena na variavel o valor escrito na tela 
05B6E:  CALL   3908
05B72:  MOVFF  02,35
05B76:  MOVFF  01,34
.................... 					} 
.................... 					black=black+CURSOR_INC; 
05B7A:  MOVLW  64
05B7C:  ADDWF  51,F
05B7E:  MOVLW  00
05B80:  ADDWFC 52,F
.................... 					 
.................... 					//posicao do cursor  
.................... 					setaH=verificaSetaH(tecla_valida); 
05B82:  MOVFF  28,182
05B86:  CALL   39C4
05B8A:  MOVFF  01,180
.................... 					posCursor=lcd_desloca_H(posCursor,setaH); 
05B8E:  MOVFF  38,182
05B92:  MOVFF  180,183
05B96:  CALL   39EC
05B9A:  MOVFF  01,38
.................... 					flagEstado=selecEstado(17,tecla_valida);	// verifica tecla "ok" ou "prox" 
05B9E:  MOVLB  1
05BA0:  CLRF   x83
05BA2:  MOVLW  11
05BA4:  MOVWF  x82
05BA6:  MOVFF  28,184
05BAA:  MOVLB  0
05BAC:  CALL   2B28
05BB0:  MOVFF  02,27
05BB4:  MOVFF  01,26
.................... 					lcd_cursorBlack(posCursor); 
05BB8:  MOVFF  38,182
05BBC:  CALL   33A0
.................... 					break; 
05BC0:  MOVLB  1
05BC2:  GOTO   62EA
....................  
.................... 				case 31: 
.................... 					Func=3; 
05BC6:  MOVLW  03
05BC8:  MOVWF  19
.................... 					numInt=10; 
05BCA:  MOVLW  0A
05BCC:  MOVWF  2B
.................... 					flagEstado=100; 
05BCE:  CLRF   27
05BD0:  MOVLW  64
05BD2:  MOVWF  26
.................... 					break; 
05BD4:  MOVLB  1
05BD6:  GOTO   62EA
.................... 				case 41: 
.................... 					Func=4; 
05BDA:  MOVLW  04
05BDC:  MOVWF  19
.................... 					flagEstado=100; 
05BDE:  CLRF   27
05BE0:  MOVLW  64
05BE2:  MOVWF  26
.................... 					break; 
05BE4:  MOVLB  1
05BE6:  BRA    62EA
.................... 				case 51: 
.................... 					//Func=5; 
.................... 					Func=1; 
05BE8:  MOVLW  01
05BEA:  MOVWF  19
.................... 					numSensores=2; 
05BEC:  MOVLW  02
05BEE:  MOVWF  55
.................... 					flag_funcao_5 = 1;						//Indica que a funcao 
05BF0:  MOVLW  01
05BF2:  MOVWF  57
.................... 															//escolhida foi 5 
.................... 															//utiliza rotinas da funcao 
.................... 															//1 
.................... 					tela11(); 
05BF4:  CALL   32A6
.................... 					flagEstado=selecEstado(18,tecla_valida);	 
05BF8:  MOVLB  1
05BFA:  CLRF   x83
05BFC:  MOVLW  12
05BFE:  MOVWF  x82
05C00:  MOVFF  28,184
05C04:  MOVLB  0
05C06:  CALL   2B28
05C0A:  MOVFF  02,27
05C0E:  MOVFF  01,26
.................... 					if (flagEstado==100) 
05C12:  MOVF   26,W
05C14:  SUBLW  64
05C16:  BNZ   5C1E
05C18:  MOVF   27,F
05C1A:  BNZ   5C1E
.................... 					{ 
.................... 						flagMostraVel=0; 
05C1C:  CLRF   56
.................... 					}	 
.................... 					if (flagEstado==52) 
05C1E:  MOVF   26,W
05C20:  SUBLW  34
05C22:  BNZ   5C2C
05C24:  MOVF   27,F
05C26:  BNZ   5C2C
.................... 					{ 
.................... 						flagMostraVel=1; 
05C28:  MOVLW  01
05C2A:  MOVWF  56
.................... 					}	 
.................... 					break; 
05C2C:  MOVLB  1
05C2E:  BRA    62EA
.................... 				case 52: 
.................... 					if (black>CURSOR_BLACK){ 
05C30:  MOVF   52,W
05C32:  SUBLW  60
05C34:  BC    5C4A
05C36:  XORLW  FF
05C38:  BNZ   5C40
05C3A:  MOVF   51,W
05C3C:  SUBLW  A8
05C3E:  BC    5C4A
.................... 						lcd_cursorBlack(posCursor); 
05C40:  MOVFF  38,182
05C44:  CALL   33A0
.................... 					}else{ 
05C48:  BRA    5C7E
.................... 						lcd_escreve_Dist(Larg); 
05C4A:  MOVFF  35,183
05C4E:  MOVFF  34,182
05C52:  CALL   3528
.................... 						tela52(); 
05C56:  GOTO   42F8
.................... 						//atualiza distancia 
.................... 						setaV=verificaSetaV(tecla_valida); 
05C5A:  MOVFF  28,182
05C5E:  CALL   37C8
05C62:  MOVFF  01,181
.................... 						lcd_atualiza_Dist(setaV,posCursor); 
05C66:  MOVFF  181,182
05C6A:  MOVFF  38,183
05C6E:  CALL   38A6
.................... 						Larg=lcd_getDistancia();		//armazena na variavel o valor escrito na tela 
05C72:  CALL   3908
05C76:  MOVFF  02,35
05C7A:  MOVFF  01,34
.................... 					} 
.................... 					black=black+CURSOR_INC; 
05C7E:  MOVLW  64
05C80:  ADDWF  51,F
05C82:  MOVLW  00
05C84:  ADDWFC 52,F
.................... 					 
.................... 			//posicao do cursor  
.................... 					setaH=verificaSetaH(tecla_valida); 
05C86:  MOVFF  28,182
05C8A:  CALL   39C4
05C8E:  MOVFF  01,180
.................... 					posCursor=lcd_desloca_H(posCursor,setaH); 
05C92:  MOVFF  38,182
05C96:  MOVFF  180,183
05C9A:  CALL   39EC
05C9E:  MOVFF  01,38
.................... 					flagEstado=selecEstado(19,tecla_valida);	// verifica tecla "ok" ou "prox" 
05CA2:  MOVLB  1
05CA4:  CLRF   x83
05CA6:  MOVLW  13
05CA8:  MOVWF  x82
05CAA:  MOVFF  28,184
05CAE:  MOVLB  0
05CB0:  CALL   2B28
05CB4:  MOVFF  02,27
05CB8:  MOVFF  01,26
.................... 					break; 
05CBC:  MOVLB  1
05CBE:  BRA    62EA
....................  
....................  
.................... 				case 61: 
.................... 					Func=6; 
05CC0:  MOVLW  06
05CC2:  MOVWF  19
.................... 					numInt=10; 
05CC4:  MOVLW  0A
05CC6:  MOVWF  2B
.................... 					flagEstado=100; 
05CC8:  CLRF   27
05CCA:  MOVLW  64
05CCC:  MOVWF  26
.................... 					break; 
05CCE:  MOVLB  1
05CD0:  BRA    62EA
.................... 				case 71: 
.................... 					Func=7; 
05CD2:  MOVLW  07
05CD4:  MOVWF  19
.................... 					flagEstado=100; 
05CD6:  CLRF   27
05CD8:  MOVLW  64
05CDA:  MOVWF  26
.................... 					break; 
05CDC:  MOVLB  1
05CDE:  BRA    62EA
.................... 				case 81: 
.................... 					Func=8; 
05CE0:  MOVLW  08
05CE2:  MOVWF  19
.................... 					flagEstado=100; 
05CE4:  CLRF   27
05CE6:  MOVLW  64
05CE8:  MOVWF  26
.................... 					break; 
05CEA:  MOVLB  1
05CEC:  BRA    62EA
.................... 				case 92: 
.................... 					Func=9; 
05CEE:  MOVLW  09
05CF0:  MOVWF  19
.................... 					if (black>CURSOR_BLACK){ 
05CF2:  MOVF   52,W
05CF4:  SUBLW  60
05CF6:  BC    5D0C
05CF8:  XORLW  FF
05CFA:  BNZ   5D02
05CFC:  MOVF   51,W
05CFE:  SUBLW  A8
05D00:  BC    5D0C
.................... 						lcd_cursorBlack(posCursor); 
05D02:  MOVFF  38,182
05D06:  CALL   33A0
.................... 					}else{ 
05D0A:  BRA    5D40
.................... 						lcd_escreve_Dist(Larg); 
05D0C:  MOVFF  35,183
05D10:  MOVFF  34,182
05D14:  CALL   3528
.................... 						tela92(); 
05D18:  GOTO   44AE
.................... 						//atualiza distancia 
.................... 						setaV=verificaSetaV(tecla_valida); 
05D1C:  MOVFF  28,182
05D20:  CALL   37C8
05D24:  MOVFF  01,181
.................... 						lcd_atualiza_Dist(setaV,posCursor); 
05D28:  MOVFF  181,182
05D2C:  MOVFF  38,183
05D30:  CALL   38A6
.................... 						Larg=lcd_getDistancia();		//armazena na variavel o valor escrito na tela 
05D34:  CALL   3908
05D38:  MOVFF  02,35
05D3C:  MOVFF  01,34
.................... 					} 
.................... 					black=black+CURSOR_INC; 
05D40:  MOVLW  64
05D42:  ADDWF  51,F
05D44:  MOVLW  00
05D46:  ADDWFC 52,F
.................... 					 
.................... 			//posicao do cursor  
.................... 					setaH=verificaSetaH(tecla_valida); 
05D48:  MOVFF  28,182
05D4C:  CALL   39C4
05D50:  MOVFF  01,180
.................... 					posCursor=lcd_desloca_H(posCursor,setaH); 
05D54:  MOVFF  38,182
05D58:  MOVFF  180,183
05D5C:  CALL   39EC
05D60:  MOVFF  01,38
.................... 					flagEstado=selecEstado(37,tecla_valida);	// verifica tecla "ok" ou "prox" 
05D64:  MOVLB  1
05D66:  CLRF   x83
05D68:  MOVLW  25
05D6A:  MOVWF  x82
05D6C:  MOVFF  28,184
05D70:  MOVLB  0
05D72:  CALL   2B28
05D76:  MOVFF  02,27
05D7A:  MOVFF  01,26
.................... 					break; 
05D7E:  MOVLB  1
05D80:  BRA    62EA
....................  
.................... 				case 99: 
.................... 					Func=10; 
05D82:  MOVLW  0A
05D84:  MOVWF  19
.................... 					if (black>CURSOR_BLACK){ 
05D86:  MOVF   52,W
05D88:  SUBLW  60
05D8A:  BC    5DA0
05D8C:  XORLW  FF
05D8E:  BNZ   5D96
05D90:  MOVF   51,W
05D92:  SUBLW  A8
05D94:  BC    5DA0
.................... 						lcd_cursorBlack(posCursor); 
05D96:  MOVFF  38,182
05D9A:  CALL   33A0
.................... 					}else{ 
05D9E:  BRA    5DD2
.................... 						lcd_escreve_Int(numInt); 
05DA0:  MOVLB  1
05DA2:  CLRF   x83
05DA4:  MOVFF  2B,182
05DA8:  MOVLB  0
05DAA:  GOTO   4664
.................... 						tela99(); 
05DAE:  GOTO   46CC
.................... 					//atualiza numero sensores 
.................... 						setaV=verificaSetaV(tecla_valida); 
05DB2:  MOVFF  28,182
05DB6:  CALL   37C8
05DBA:  MOVFF  01,181
.................... 						lcd_atualiza_Dist(setaV,posCursor); 
05DBE:  MOVFF  181,182
05DC2:  MOVFF  38,183
05DC6:  CALL   38A6
.................... 						numInt=lcd_getInt();		//armazena na variavel o valor escrito na tela 
05DCA:  GOTO   485E
05DCE:  MOVFF  01,2B
.................... 					} 
.................... 					black=black+CURSOR_INC; 
05DD2:  MOVLW  64
05DD4:  ADDWF  51,F
05DD6:  MOVLW  00
05DD8:  ADDWFC 52,F
.................... 					 
.................... 					//posicao do cursor  
.................... 					setaH=verificaSetaH(tecla_valida); 
05DDA:  MOVFF  28,182
05DDE:  CALL   39C4
05DE2:  MOVFF  01,180
.................... 					posCursor=lcd_desloca_H2(posCursor,setaH); 
05DE6:  MOVFF  38,182
05DEA:  MOVFF  180,183
05DEE:  GOTO   48C0
05DF2:  MOVFF  01,38
.................... 					flagEstado=selecEstado(55,tecla_valida);	// verifica tecla "ok" ou "prox" 
05DF6:  MOVLB  1
05DF8:  CLRF   x83
05DFA:  MOVLW  37
05DFC:  MOVWF  x82
05DFE:  MOVFF  28,184
05E02:  MOVLB  0
05E04:  CALL   2B28
05E08:  MOVFF  02,27
05E0C:  MOVFF  01,26
.................... 					if (numInt<1){ 
05E10:  MOVF   2B,F
05E12:  BNZ   5E1A
.................... 						flagEstado=99; 
05E14:  CLRF   27
05E16:  MOVLW  63
05E18:  MOVWF  26
.................... 					} 
.................... 					if (numInt>10){ 
05E1A:  MOVF   2B,W
05E1C:  SUBLW  0A
05E1E:  BC    5E26
.................... 						flagEstado=99; 
05E20:  CLRF   27
05E22:  MOVLW  63
05E24:  MOVWF  26
.................... 					} 
.................... 					 
.................... 					lcd_cursorBlack(posCursor); 
05E26:  MOVFF  38,182
05E2A:  CALL   33A0
.................... 					break; 
05E2E:  MOVLB  1
05E30:  BRA    62EA
....................  
.................... 					 
.................... 				case 100: 
.................... 					tela100(); 
05E32:  GOTO   48FE
05E36:  CLRF   18
05E38:  BTFSC  FF2.7
05E3A:  BSF    18.7
05E3C:  BCF    FF2.7
.................... 					//flagEstado=selecEstado100(tecla_valida); 
.................... 					// Inicializa sensores 
.................... 					stopTimer(); 
05E3E:  CALL   2192
05E42:  BTFSC  18.7
05E44:  BSF    FF2.7
.................... 					timeCounter=0; 
05E46:  CLRF   48
05E48:  CLRF   47
05E4A:  CLRF   46
05E4C:  CLRF   45
.................... 					timeCounter2=0; 
05E4E:  CLRF   44
05E50:  CLRF   43
05E52:  CLRF   42
05E54:  CLRF   41
.................... 					flagEstado=100; 
05E56:  CLRF   27
05E58:  MOVLW  64
05E5A:  MOVWF  26
.................... 					despresa=0; 
05E5C:  CLRF   3B
.................... 					Modo=1;	 
05E5E:  MOVLW  01
05E60:  MOVWF  3A
.................... 					delay_ms(400); 
05E62:  MOVLW  02
05E64:  MOVLB  1
05E66:  MOVWF  x82
05E68:  MOVLW  C8
05E6A:  MOVWF  x83
05E6C:  MOVLB  0
05E6E:  CALL   26C6
05E72:  MOVLB  1
05E74:  DECFSZ x82,F
05E76:  BRA    5E68
.................... 					sensores_init();	// habilita interrupcoes dos sensores  
05E78:  MOVLB  0
05E7A:  CALL   49FA
.................... 					break; 
05E7E:  MOVLB  1
05E80:  BRA    62EA
.................... 	 
.................... 			 
.................... 				case 240: 
.................... 					tela240(); 
05E82:  GOTO   4A08
.................... 					flagEstado=0;	// mostra help e volta para o inicio 
05E86:  CLRF   27
05E88:  CLRF   26
.................... 					break; 
05E8A:  MOVLB  1
05E8C:  BRA    62EA
.................... 			 
.................... 				case 900: 
.................... 					tela900(); 
05E8E:  GOTO   4C78
.................... 					modo0_zera_valores(); 
05E92:  CALL   2ADA
.................... 					flagEstado=selecEstado(56,tecla_valida);	// verifica tecla "ok" ou "prox" 
05E96:  MOVLB  1
05E98:  CLRF   x83
05E9A:  MOVLW  38
05E9C:  MOVWF  x82
05E9E:  MOVFF  28,184
05EA2:  MOVLB  0
05EA4:  CALL   2B28
05EA8:  MOVFF  02,27
05EAC:  MOVFF  01,26
.................... 					break; 
05EB0:  MOVLB  1
05EB2:  BRA    62EA
.................... 				case 902: 
.................... 					Func=11; 
05EB4:  MOVLW  0B
05EB6:  MOVWF  19
.................... 					sensor0=1; 
05EB8:  MOVLW  01
05EBA:  MOVWF  3C
.................... 					sensor1=16; 
05EBC:  MOVLW  10
05EBE:  MOVWF  3D
.................... 					sensor2=64; 
05EC0:  MOVLW  40
05EC2:  MOVWF  3E
.................... 					sensor3=128; 
05EC4:  MOVLW  80
05EC6:  MOVWF  3F
.................... 					sensor4=32; 
05EC8:  MOVLW  20
05ECA:  MOVWF  40
.................... 					set_tris_b(0xFF); 
05ECC:  MOVLW  FF
05ECE:  MOVWF  F93
.................... 					tela902(); 
05ED0:  GOTO   4D0E
.................... 					portab=*PORTB; 
05ED4:  MOVFF  F81,58
.................... 					lcd_posicaoxy(1,1); 
05ED8:  MOVLW  01
05EDA:  MOVLB  1
05EDC:  MOVWF  x92
05EDE:  MOVWF  x93
05EE0:  MOVLB  0
05EE2:  CALL   262A
.................... 					lcd_escreve("S:0"); 
05EE6:  MOVLB  1
05EE8:  CLRF   x82
05EEA:  MOVF   x82,W
05EEC:  MOVLB  0
05EEE:  CALL   1BC0
05EF2:  IORLW  00
05EF4:  BZ    5F08
05EF6:  MOVLB  1
05EF8:  INCF   x82,F
05EFA:  MOVWF  xC1
05EFC:  MOVLB  0
05EFE:  CALL   265E
05F02:  MOVLB  1
05F04:  BRA    5EEA
05F06:  MOVLB  0
.................... 					if(portab&sensor0){ 
05F08:  MOVF   58,W
05F0A:  ANDWF  3C,W
05F0C:  BZ    5F32
.................... 						lcd_escreve("o "); 
05F0E:  MOVLB  1
05F10:  CLRF   x82
05F12:  MOVF   x82,W
05F14:  MOVLB  0
05F16:  CALL   1BDE
05F1A:  IORLW  00
05F1C:  BZ    5F30
05F1E:  MOVLB  1
05F20:  INCF   x82,F
05F22:  MOVWF  xC1
05F24:  MOVLB  0
05F26:  CALL   265E
05F2A:  MOVLB  1
05F2C:  BRA    5F12
05F2E:  MOVLB  0
.................... 					}else{ 
05F30:  BRA    5F54
.................... 						lcd_escreve("x "); 
05F32:  MOVLB  1
05F34:  CLRF   x82
05F36:  MOVF   x82,W
05F38:  MOVLB  0
05F3A:  CALL   1BFC
05F3E:  IORLW  00
05F40:  BZ    5F54
05F42:  MOVLB  1
05F44:  INCF   x82,F
05F46:  MOVWF  xC1
05F48:  MOVLB  0
05F4A:  CALL   265E
05F4E:  MOVLB  1
05F50:  BRA    5F36
05F52:  MOVLB  0
.................... 					} 
.................... 					lcd_posicaoxy(6,1); 
05F54:  MOVLW  06
05F56:  MOVLB  1
05F58:  MOVWF  x92
05F5A:  MOVLW  01
05F5C:  MOVWF  x93
05F5E:  MOVLB  0
05F60:  CALL   262A
.................... 					lcd_escreve("1"); 
05F64:  MOVLB  1
05F66:  CLRF   x82
05F68:  MOVF   x82,W
05F6A:  MOVLB  0
05F6C:  CALL   1C1A
05F70:  IORLW  00
05F72:  BZ    5F86
05F74:  MOVLB  1
05F76:  INCF   x82,F
05F78:  MOVWF  xC1
05F7A:  MOVLB  0
05F7C:  CALL   265E
05F80:  MOVLB  1
05F82:  BRA    5F68
05F84:  MOVLB  0
.................... 					if(portab&sensor1){ 
05F86:  MOVF   58,W
05F88:  ANDWF  3D,W
05F8A:  BZ    5FB0
.................... 						lcd_escreve("o "); 
05F8C:  MOVLB  1
05F8E:  CLRF   x82
05F90:  MOVF   x82,W
05F92:  MOVLB  0
05F94:  CALL   1BDE
05F98:  IORLW  00
05F9A:  BZ    5FAE
05F9C:  MOVLB  1
05F9E:  INCF   x82,F
05FA0:  MOVWF  xC1
05FA2:  MOVLB  0
05FA4:  CALL   265E
05FA8:  MOVLB  1
05FAA:  BRA    5F90
05FAC:  MOVLB  0
.................... 					}else{ 
05FAE:  BRA    5FD2
.................... 						lcd_escreve("x "); 
05FB0:  MOVLB  1
05FB2:  CLRF   x82
05FB4:  MOVF   x82,W
05FB6:  MOVLB  0
05FB8:  CALL   1BFC
05FBC:  IORLW  00
05FBE:  BZ    5FD2
05FC0:  MOVLB  1
05FC2:  INCF   x82,F
05FC4:  MOVWF  xC1
05FC6:  MOVLB  0
05FC8:  CALL   265E
05FCC:  MOVLB  1
05FCE:  BRA    5FB4
05FD0:  MOVLB  0
.................... 					} 
.................... 					lcd_posicaoxy(9,1); 
05FD2:  MOVLW  09
05FD4:  MOVLB  1
05FD6:  MOVWF  x92
05FD8:  MOVLW  01
05FDA:  MOVWF  x93
05FDC:  MOVLB  0
05FDE:  CALL   262A
.................... 					lcd_escreve("2"); 
05FE2:  MOVLB  1
05FE4:  CLRF   x82
05FE6:  MOVF   x82,W
05FE8:  MOVLB  0
05FEA:  CALL   1C36
05FEE:  IORLW  00
05FF0:  BZ    6004
05FF2:  MOVLB  1
05FF4:  INCF   x82,F
05FF6:  MOVWF  xC1
05FF8:  MOVLB  0
05FFA:  CALL   265E
05FFE:  MOVLB  1
06000:  BRA    5FE6
06002:  MOVLB  0
.................... 					if(portab&sensor2){ 
06004:  MOVF   58,W
06006:  ANDWF  3E,W
06008:  BZ    602E
.................... 						lcd_escreve("o "); 
0600A:  MOVLB  1
0600C:  CLRF   x82
0600E:  MOVF   x82,W
06010:  MOVLB  0
06012:  CALL   1BDE
06016:  IORLW  00
06018:  BZ    602C
0601A:  MOVLB  1
0601C:  INCF   x82,F
0601E:  MOVWF  xC1
06020:  MOVLB  0
06022:  CALL   265E
06026:  MOVLB  1
06028:  BRA    600E
0602A:  MOVLB  0
.................... 					}else{ 
0602C:  BRA    6050
.................... 						lcd_escreve("x "); 
0602E:  MOVLB  1
06030:  CLRF   x82
06032:  MOVF   x82,W
06034:  MOVLB  0
06036:  CALL   1BFC
0603A:  IORLW  00
0603C:  BZ    6050
0603E:  MOVLB  1
06040:  INCF   x82,F
06042:  MOVWF  xC1
06044:  MOVLB  0
06046:  CALL   265E
0604A:  MOVLB  1
0604C:  BRA    6032
0604E:  MOVLB  0
.................... 					} 
.................... 					lcd_posicaoxy(12,1); 
06050:  MOVLW  0C
06052:  MOVLB  1
06054:  MOVWF  x92
06056:  MOVLW  01
06058:  MOVWF  x93
0605A:  MOVLB  0
0605C:  CALL   262A
.................... 					lcd_escreve("3"); 
06060:  MOVLB  1
06062:  CLRF   x82
06064:  MOVF   x82,W
06066:  MOVLB  0
06068:  CALL   1C52
0606C:  IORLW  00
0606E:  BZ    6082
06070:  MOVLB  1
06072:  INCF   x82,F
06074:  MOVWF  xC1
06076:  MOVLB  0
06078:  CALL   265E
0607C:  MOVLB  1
0607E:  BRA    6064
06080:  MOVLB  0
.................... 					if(portab&sensor3){ 
06082:  MOVF   58,W
06084:  ANDWF  3F,W
06086:  BZ    60AC
.................... 						lcd_escreve("o "); 
06088:  MOVLB  1
0608A:  CLRF   x82
0608C:  MOVF   x82,W
0608E:  MOVLB  0
06090:  CALL   1BDE
06094:  IORLW  00
06096:  BZ    60AA
06098:  MOVLB  1
0609A:  INCF   x82,F
0609C:  MOVWF  xC1
0609E:  MOVLB  0
060A0:  CALL   265E
060A4:  MOVLB  1
060A6:  BRA    608C
060A8:  MOVLB  0
.................... 					}else{ 
060AA:  BRA    60CE
.................... 						lcd_escreve("x "); 
060AC:  MOVLB  1
060AE:  CLRF   x82
060B0:  MOVF   x82,W
060B2:  MOVLB  0
060B4:  CALL   1BFC
060B8:  IORLW  00
060BA:  BZ    60CE
060BC:  MOVLB  1
060BE:  INCF   x82,F
060C0:  MOVWF  xC1
060C2:  MOVLB  0
060C4:  CALL   265E
060C8:  MOVLB  1
060CA:  BRA    60B0
060CC:  MOVLB  0
.................... 					} 
.................... 					lcd_posicaoxy(15,1); 
060CE:  MOVLW  0F
060D0:  MOVLB  1
060D2:  MOVWF  x92
060D4:  MOVLW  01
060D6:  MOVWF  x93
060D8:  MOVLB  0
060DA:  CALL   262A
.................... 					lcd_escreve("4"); 
060DE:  MOVLB  1
060E0:  CLRF   x82
060E2:  MOVF   x82,W
060E4:  MOVLB  0
060E6:  CALL   1C6E
060EA:  IORLW  00
060EC:  BZ    6100
060EE:  MOVLB  1
060F0:  INCF   x82,F
060F2:  MOVWF  xC1
060F4:  MOVLB  0
060F6:  CALL   265E
060FA:  MOVLB  1
060FC:  BRA    60E2
060FE:  MOVLB  0
.................... 					if(portab&sensor4){ 
06100:  MOVF   58,W
06102:  ANDWF  40,W
06104:  BZ    612A
.................... 						lcd_escreve("o"); 
06106:  MOVLB  1
06108:  CLRF   x82
0610A:  MOVF   x82,W
0610C:  MOVLB  0
0610E:  CALL   1C8A
06112:  IORLW  00
06114:  BZ    6128
06116:  MOVLB  1
06118:  INCF   x82,F
0611A:  MOVWF  xC1
0611C:  MOVLB  0
0611E:  CALL   265E
06122:  MOVLB  1
06124:  BRA    610A
06126:  MOVLB  0
.................... 					}else{ 
06128:  BRA    614C
.................... 						lcd_escreve("x"); 
0612A:  MOVLB  1
0612C:  CLRF   x82
0612E:  MOVF   x82,W
06130:  MOVLB  0
06132:  CALL   1CA6
06136:  IORLW  00
06138:  BZ    614C
0613A:  MOVLB  1
0613C:  INCF   x82,F
0613E:  MOVWF  xC1
06140:  MOVLB  0
06142:  CALL   265E
06146:  MOVLB  1
06148:  BRA    612E
0614A:  MOVLB  0
.................... 					} 
.................... 					flagEstado=selecEstado(57,tecla_valida);	// verifica tecla "ok" ou "prox" 
0614C:  MOVLB  1
0614E:  CLRF   x83
06150:  MOVLW  39
06152:  MOVWF  x82
06154:  MOVFF  28,184
06158:  MOVLB  0
0615A:  CALL   2B28
0615E:  MOVFF  02,27
06162:  MOVFF  01,26
.................... 					break; 
06166:  MOVLB  1
06168:  BRA    62EA
.................... 				case 990: 
.................... 					tela990(); 
0616A:  CALL   26F0
.................... 					flagEstado=selecEstado(58,tecla_valida);	// verifica tecla "funcao" ou "ajuda" 
0616E:  MOVLB  1
06170:  CLRF   x83
06172:  MOVLW  3A
06174:  MOVWF  x82
06176:  MOVFF  28,184
0617A:  MOVLB  0
0617C:  CALL   2B28
06180:  MOVFF  02,27
06184:  MOVFF  01,26
.................... 					break; 
06188:  MOVLB  1
0618A:  BRA    62EA
.................... 				case 1012: 
.................... 					tela1012(); 
0618C:  GOTO   4D98
.................... 					modo0_zera_valores(); 
06190:  CALL   2ADA
.................... 					flagEstado=selecEstado(58,tecla_valida);	// verifica tecla "ok" ou "prox" 
06194:  MOVLB  1
06196:  CLRF   x83
06198:  MOVLW  3A
0619A:  MOVWF  x82
0619C:  MOVFF  28,184
061A0:  MOVLB  0
061A2:  CALL   2B28
061A6:  MOVFF  02,27
061AA:  MOVFF  01,26
.................... 					break; 
061AE:  MOVLB  1
061B0:  BRA    62EA
....................  
.................... 				case 1021: 
.................... 							Func=12; 
061B2:  MOVLW  0C
061B4:  MOVWF  19
.................... 							flagMostraVel = 1; 
061B6:  MOVLW  01
061B8:  MOVWF  56
.................... 							if(black > CURSOR_BLACK) 
061BA:  MOVF   52,W
061BC:  SUBLW  60
061BE:  BC    61D4
061C0:  XORLW  FF
061C2:  BNZ   61CA
061C4:  MOVF   51,W
061C6:  SUBLW  A8
061C8:  BC    61D4
.................... 							{ 
.................... 								lcd_cursorBlack(posCursor); 
061CA:  MOVFF  38,182
061CE:  CALL   33A0
.................... 							} 
.................... 							else 
061D2:  BRA    6208
.................... 							{ 
.................... 								lcd_escreve_Dist(Larg); 
061D4:  MOVFF  35,183
061D8:  MOVFF  34,182
061DC:  CALL   3528
.................... 								tela1021(); 
061E0:  GOTO   4E2E
.................... 								//atualiza distancia 
.................... 								setaV = verificaSetaV(tecla_valida); 
061E4:  MOVFF  28,182
061E8:  CALL   37C8
061EC:  MOVFF  01,181
.................... 								lcd_atualiza_Dist(setaV,posCursor); 
061F0:  MOVFF  181,182
061F4:  MOVFF  38,183
061F8:  CALL   38A6
.................... 								Larg = lcd_getDistancia();		//armazena na variavel o valor escrito na tela 
061FC:  CALL   3908
06200:  MOVFF  02,35
06204:  MOVFF  01,34
.................... 							} 
.................... 							black = black + CURSOR_INC; 
06208:  MOVLW  64
0620A:  ADDWF  51,F
0620C:  MOVLW  00
0620E:  ADDWFC 52,F
.................... 					 
.................... 							//posicao do cursor  
.................... 							setaH = verificaSetaH(tecla_valida); 
06210:  MOVFF  28,182
06214:  CALL   39C4
06218:  MOVFF  01,180
.................... 							posCursor = lcd_desloca_H(posCursor,setaH); 
0621C:  MOVFF  38,182
06220:  MOVFF  180,183
06224:  CALL   39EC
06228:  MOVFF  01,38
.................... 					 
.................... 							flagEstado=selecEstado(59,tecla_valida);	// verifica tecla "ok" ou "prox" 
0622C:  MOVLB  1
0622E:  CLRF   x83
06230:  MOVLW  3B
06232:  MOVWF  x82
06234:  MOVFF  28,184
06238:  MOVLB  0
0623A:  CALL   2B28
0623E:  MOVFF  02,27
06242:  MOVFF  01,26
.................... 							lcd_cursorBlack(posCursor); 
06246:  MOVFF  38,182
0624A:  CALL   33A0
.................... 							break; 
0624E:  MOVLB  1
06250:  BRA    62EA
....................  
.................... 				case 1022: 
.................... 							if (black > CURSOR_BLACK) 
06252:  MOVF   52,W
06254:  SUBLW  60
06256:  BC    626C
06258:  XORLW  FF
0625A:  BNZ   6262
0625C:  MOVF   51,W
0625E:  SUBLW  A8
06260:  BC    626C
.................... 							{ 
.................... 								lcd_cursorBlack(posCursor); 
06262:  MOVFF  38,182
06266:  CALL   33A0
.................... 							} 
.................... 							else 
0626A:  BRA    62A0
.................... 							{ 
.................... 								//lcd_escreve_Dist(massa); 
.................... 								lcd_escreve_Massa(massa); 
0626C:  MOVFF  37,183
06270:  MOVFF  36,182
06274:  GOTO   4FE4
.................... 								tela1022(); 
06278:  GOTO   50F4
.................... 								//atualiza massa 
.................... 								setaV = verificaSetaV(tecla_valida); 
0627C:  MOVFF  28,182
06280:  CALL   37C8
06284:  MOVFF  01,181
.................... 								lcd_atualiza_Dist(setaV, posCursor); 
06288:  MOVFF  181,182
0628C:  MOVFF  38,183
06290:  CALL   38A6
....................  
.................... 								//massa=lcd_getDistancia();		//armazena na variavel o valor escrito na tela 
.................... 								massa = lcd_getMassa(); 
06294:  GOTO   5298
06298:  MOVFF  02,37
0629C:  MOVFF  01,36
.................... 							} 
.................... 							black = black + CURSOR_INC; 
062A0:  MOVLW  64
062A2:  ADDWF  51,F
062A4:  MOVLW  00
062A6:  ADDWFC 52,F
.................... 					 
.................... 							//posicao do cursor  
.................... 							setaH = verificaSetaH(tecla_valida); 
062A8:  MOVFF  28,182
062AC:  CALL   39C4
062B0:  MOVFF  01,180
.................... 							//posCursor=lcd_desloca_H(posCursor,setaH); 
.................... 							posCursor = lcd_desloca_H_massa(posCursor,setaH); 
062B4:  MOVFF  38,182
062B8:  MOVFF  180,183
062BC:  GOTO   5364
062C0:  MOVFF  01,38
.................... 							flagEstado = selecEstado(60,tecla_valida);	// verifica tecla "ok" ou "prox" 
062C4:  MOVLB  1
062C6:  CLRF   x83
062C8:  MOVLW  3C
062CA:  MOVWF  x82
062CC:  MOVFF  28,184
062D0:  MOVLB  0
062D2:  CALL   2B28
062D6:  MOVFF  02,27
062DA:  MOVFF  01,26
.................... 							lcd_cursorBlack(posCursor); 
062DE:  MOVFF  38,182
062E2:  CALL   33A0
.................... 							break; 
062E6:  MOVLB  1
062E8:  BRA    62EA
....................  
.................... 			} 
....................  
.................... } 
062EA:  MOVLB  0
062EC:  GOTO   C952 (RETURN)
....................  
.................... #include "Modo1.h" 
....................  
.................... void EstadoModo1(int16 _flagEstado){ 
.................... 	int value=255;					//leitura do AD 
*
0688E:  MOVLW  FF
06890:  MOVLB  1
06892:  MOVWF  x80
.................... 				 
.................... 	switch (_flagEstado) { 
06894:  MOVFF  17E,00
06898:  MOVF   x7F,W
0689A:  MOVWF  03
0689C:  BNZ   68AA
0689E:  MOVLW  64
068A0:  SUBWF  00,W
068A2:  MOVLB  0
068A4:  BTFSC  FD8.2
068A6:  BRA    69E6
068A8:  MOVLB  1
068AA:  MOVF   03,W
068AC:  BNZ   68BA
068AE:  MOVLW  65
068B0:  SUBWF  00,W
068B2:  MOVLB  0
068B4:  BTFSC  FD8.2
068B6:  BRA    69FE
068B8:  MOVLB  1
068BA:  MOVF   03,W
068BC:  BNZ   68CA
068BE:  MOVLW  66
068C0:  SUBWF  00,W
068C2:  MOVLB  0
068C4:  BTFSC  FD8.2
068C6:  BRA    6A9A
068C8:  MOVLB  1
068CA:  MOVF   03,W
068CC:  BNZ   68DA
068CE:  MOVLW  67
068D0:  SUBWF  00,W
068D2:  MOVLB  0
068D4:  BTFSC  FD8.2
068D6:  BRA    6B1A
068D8:  MOVLB  1
068DA:  MOVF   03,W
068DC:  BNZ   68EA
068DE:  MOVLW  68
068E0:  SUBWF  00,W
068E2:  MOVLB  0
068E4:  BTFSC  FD8.2
068E6:  BRA    6B7E
068E8:  MOVLB  1
068EA:  MOVF   03,W
068EC:  BNZ   68FA
068EE:  MOVLW  69
068F0:  SUBWF  00,W
068F2:  MOVLB  0
068F4:  BTFSC  FD8.2
068F6:  BRA    6BE4
068F8:  MOVLB  1
068FA:  MOVF   03,W
068FC:  BNZ   690A
068FE:  MOVLW  6A
06900:  SUBWF  00,W
06902:  MOVLB  0
06904:  BTFSC  FD8.2
06906:  BRA    6C5A
06908:  MOVLB  1
0690A:  MOVF   03,W
0690C:  BNZ   691A
0690E:  MOVLW  CA
06910:  SUBWF  00,W
06912:  MOVLB  0
06914:  BTFSC  FD8.2
06916:  BRA    6D00
06918:  MOVLB  1
0691A:  MOVLW  01
0691C:  SUBWF  03,W
0691E:  BNZ   692C
06920:  MOVLW  2E
06922:  SUBWF  00,W
06924:  MOVLB  0
06926:  BTFSC  FD8.2
06928:  BRA    6D5A
0692A:  MOVLB  1
0692C:  MOVLW  01
0692E:  SUBWF  03,W
06930:  BNZ   693E
06932:  MOVLW  92
06934:  SUBWF  00,W
06936:  MOVLB  0
06938:  BTFSC  FD8.2
0693A:  BRA    6DBC
0693C:  MOVLB  1
0693E:  MOVLW  01
06940:  SUBWF  03,W
06942:  BNZ   6950
06944:  MOVLW  F5
06946:  SUBWF  00,W
06948:  MOVLB  0
0694A:  BTFSC  FD8.2
0694C:  BRA    6E1E
0694E:  MOVLB  1
06950:  MOVLW  01
06952:  SUBWF  03,W
06954:  BNZ   6962
06956:  MOVLW  F6
06958:  SUBWF  00,W
0695A:  MOVLB  0
0695C:  BTFSC  FD8.2
0695E:  BRA    6E56
06960:  MOVLB  1
06962:  MOVLW  01
06964:  SUBWF  03,W
06966:  BNZ   6974
06968:  MOVLW  F7
0696A:  SUBWF  00,W
0696C:  MOVLB  0
0696E:  BTFSC  FD8.2
06970:  BRA    6E9E
06972:  MOVLB  1
06974:  MOVLW  01
06976:  SUBWF  03,W
06978:  BNZ   6986
0697A:  MOVLW  F8
0697C:  SUBWF  00,W
0697E:  MOVLB  0
06980:  BTFSC  FD8.2
06982:  BRA    6EC4
06984:  MOVLB  1
06986:  MOVLW  01
06988:  SUBWF  03,W
0698A:  BNZ   6998
0698C:  MOVLW  F9
0698E:  SUBWF  00,W
06990:  MOVLB  0
06992:  BTFSC  FD8.2
06994:  BRA    6F12
06996:  MOVLB  1
06998:  MOVLW  02
0699A:  SUBWF  03,W
0699C:  BNZ   69AA
0699E:  MOVLW  BE
069A0:  SUBWF  00,W
069A2:  MOVLB  0
069A4:  BTFSC  FD8.2
069A6:  BRA    6F20
069A8:  MOVLB  1
069AA:  MOVLW  02
069AC:  SUBWF  03,W
069AE:  BNZ   69BC
069B0:  MOVLW  BF
069B2:  SUBWF  00,W
069B4:  MOVLB  0
069B6:  BTFSC  FD8.2
069B8:  BRA    6F9A
069BA:  MOVLB  1
069BC:  MOVLW  03
069BE:  SUBWF  03,W
069C0:  BNZ   69CE
069C2:  MOVLW  86
069C4:  SUBWF  00,W
069C6:  MOVLB  0
069C8:  BTFSC  FD8.2
069CA:  BRA    707E
069CC:  MOVLB  1
069CE:  MOVLW  03
069D0:  SUBWF  03,W
069D2:  BNZ   69E2
069D4:  MOVLW  87
069D6:  SUBWF  00,W
069D8:  MOVLB  0
069DA:  BTFSC  FD8.2
069DC:  GOTO   70BE
069E0:  MOVLB  1
069E2:  GOTO   7100
.................... 	   
.................... 		case 100: 
.................... 		 
.................... 			if (tecla_valida==R_FUNC) 
069E6:  MOVF   28,W
069E8:  SUBLW  33
069EA:  BNZ   69F8
.................... 			{ 
.................... 				flagEstado=0; 
069EC:  CLRF   27
069EE:  CLRF   26
.................... 				Modo=0; 
069F0:  CLRF   3A
.................... 				flag_funcao_5 = 0; 
069F2:  CLRF   57
.................... 				lcd_limpa(); 
069F4:  CALL   2B1A
.................... 			} 
.................... 			//if (Func==5){ 
.................... 			//	timeCounter=0; 
.................... 			//	timeCounter2=0; 
.................... 			//	flagEstado=501; 
.................... 			//	sensores_desab(); 
.................... 				//setup_adc_ports( ALL_ANALOG ); 
.................... 				//setup_adc(ADC_CLOCK_INTERNAL ); 
.................... 				//set_adc_channel( 5 ); 
.................... 			//}	 
.................... 			break; 
069F8:  MOVLB  1
069FA:  GOTO   7100
.................... 		case 101: 
.................... 			lcd_limpa(); 
069FE:  CALL   2B1A
.................... 			switch (Func){ 
06A02:  MOVLW  01
06A04:  SUBWF  19,W
06A06:  ADDLW  F4
06A08:  BC    6A96
06A0A:  ADDLW  0C
06A0C:  GOTO   7106
.................... 				case 1: 
.................... 					flagEstado=102;	 
06A10:  CLRF   27
06A12:  MOVLW  66
06A14:  MOVWF  26
.................... 					break; 
06A16:  BRA    6A96
.................... 				case 2: 
.................... 					flagEstado=202;	 
06A18:  CLRF   27
06A1A:  MOVLW  CA
06A1C:  MOVWF  26
.................... 					break; 
06A1E:  BRA    6A96
.................... 				case 3: 
.................... 					flagEstado=302; 
06A20:  MOVLW  01
06A22:  MOVWF  27
06A24:  MOVLW  2E
06A26:  MOVWF  26
.................... 					break;	 
06A28:  BRA    6A96
.................... 				case 4: 
.................... 					flagEstado=402; 
06A2A:  MOVLW  01
06A2C:  MOVWF  27
06A2E:  MOVLW  92
06A30:  MOVWF  26
.................... 					break;	 
06A32:  BRA    6A96
.................... 				//case 5: 
.................... 				//	flagEstado=502; 
.................... 				//	break;	 
.................... 				case 6: 
.................... 					flagEstado=302; 
06A34:  MOVLW  01
06A36:  MOVWF  27
06A38:  MOVLW  2E
06A3A:  MOVWF  26
.................... 					break;	 
06A3C:  BRA    6A96
.................... 				case 7: 
.................... 					flagEstado=702; 
06A3E:  MOVLW  02
06A40:  MOVWF  27
06A42:  MOVLW  BE
06A44:  MOVWF  26
.................... 					break;	 
06A46:  BRA    6A96
.................... 				case 8: 
.................... 					flagEstado=702; 
06A48:  MOVLW  02
06A4A:  MOVWF  27
06A4C:  MOVLW  BE
06A4E:  MOVWF  26
.................... 					break;	 
06A50:  BRA    6A96
.................... 				case 9: 
.................... 					flagEstado=902; 
06A52:  MOVLW  03
06A54:  MOVWF  27
06A56:  MOVLW  86
06A58:  MOVWF  26
.................... 					lcd_linha2(); 
06A5A:  CALL   266E
.................... 					lcd_escreve(MSG100_2); 
06A5E:  MOVLB  1
06A60:  CLRF   x81
06A62:  MOVF   x81,W
06A64:  MOVLB  0
06A66:  CALL   06F6
06A6A:  IORLW  00
06A6C:  BZ    6A80
06A6E:  MOVLB  1
06A70:  INCF   x81,F
06A72:  MOVWF  xC1
06A74:  MOVLB  0
06A76:  CALL   265E
06A7A:  MOVLB  1
06A7C:  BRA    6A62
06A7E:  MOVLB  0
.................... 					disable_interrupts(INT_EXT); 
06A80:  BCF    FF2.4
.................... 					break;	 
06A82:  BRA    6A96
.................... 				case 10: 
.................... 					flagEstado=302; 
06A84:  MOVLW  01
06A86:  MOVWF  27
06A88:  MOVLW  2E
06A8A:  MOVWF  26
.................... 					break; 
06A8C:  BRA    6A96
.................... 				case 12: 
.................... 					flagEstado=202;	 
06A8E:  CLRF   27
06A90:  MOVLW  CA
06A92:  MOVWF  26
.................... 					break; 
06A94:  BRA    6A96
.................... 			} 
.................... 				 
.................... 			break; 
06A96:  MOVLB  1
06A98:  BRA    7100
.................... 			 
.................... 		case 102: 
.................... 			tela102(); 
06A9A:  RCALL  6346
.................... 			lcd_posicaoxy(12,1); 
06A9C:  MOVLW  0C
06A9E:  MOVLB  1
06AA0:  MOVWF  x92
06AA2:  MOVLW  01
06AA4:  MOVWF  x93
06AA6:  MOVLB  0
06AA8:  CALL   262A
.................... 			lcd_escreve("S0>S1"); 
06AAC:  MOVLB  1
06AAE:  CLRF   x81
06AB0:  MOVF   x81,W
06AB2:  MOVLB  0
06AB4:  CALL   1CC2
06AB8:  IORLW  00
06ABA:  BZ    6ACE
06ABC:  MOVLB  1
06ABE:  INCF   x81,F
06AC0:  MOVWF  xC1
06AC2:  MOVLB  0
06AC4:  CALL   265E
06AC8:  MOVLB  1
06ACA:  BRA    6AB0
06ACC:  MOVLB  0
.................... 			if (tecla_valida==R_FUNC) 
06ACE:  MOVF   28,W
06AD0:  SUBLW  33
06AD2:  BNZ   6AEE
.................... 			{ 
.................... 				Modo=0; 
06AD4:  CLRF   3A
.................... 				flag_funcao_5 = 0; 
06AD6:  CLRF   57
.................... 				flagEstado=100; 
06AD8:  CLRF   27
06ADA:  MOVLW  64
06ADC:  MOVWF  26
06ADE:  CLRF   18
06AE0:  BTFSC  FF2.7
06AE2:  BSF    18.7
06AE4:  BCF    FF2.7
.................... 				stopTimer(); 
06AE6:  CALL   2192
06AEA:  BTFSC  18.7
06AEC:  BSF    FF2.7
.................... 			} 
.................... 			if (sensor==1) 
06AEE:  DECFSZ 39,W
06AF0:  BRA    6B16
.................... 			{ 
.................... 				if (numSensores==2) 
06AF2:  MOVF   55,W
06AF4:  SUBLW  02
06AF6:  BNZ   6B10
.................... 				{ 
.................... 					flagEstado=106; 
06AF8:  CLRF   27
06AFA:  MOVLW  6A
06AFC:  MOVWF  26
06AFE:  CLRF   18
06B00:  BTFSC  FF2.7
06B02:  BSF    18.7
06B04:  BCF    FF2.7
.................... 					stopTimer(); 
06B06:  CALL   2192
06B0A:  BTFSC  18.7
06B0C:  BSF    FF2.7
.................... 				} 
.................... 				else 
06B0E:  BRA    6B16
.................... 				{ 
.................... 					flagEstado=103; 
06B10:  CLRF   27
06B12:  MOVLW  67
06B14:  MOVWF  26
.................... 				} 
.................... 			} 
.................... 			break; 
06B16:  MOVLB  1
06B18:  BRA    7100
....................  
.................... 	    case 103: 
.................... 			tela102(); 
06B1A:  RCALL  6346
.................... 			lcd_posicaoxy(12,1); 
06B1C:  MOVLW  0C
06B1E:  MOVLB  1
06B20:  MOVWF  x92
06B22:  MOVLW  01
06B24:  MOVWF  x93
06B26:  MOVLB  0
06B28:  CALL   262A
.................... 			lcd_escreve("S0>S2"); 
06B2C:  MOVLB  1
06B2E:  CLRF   x81
06B30:  MOVF   x81,W
06B32:  MOVLB  0
06B34:  CALL   1CE2
06B38:  IORLW  00
06B3A:  BZ    6B4E
06B3C:  MOVLB  1
06B3E:  INCF   x81,F
06B40:  MOVWF  xC1
06B42:  MOVLB  0
06B44:  CALL   265E
06B48:  MOVLB  1
06B4A:  BRA    6B30
06B4C:  MOVLB  0
.................... 			if (tecla_valida==R_FUNC) 
06B4E:  MOVF   28,W
06B50:  SUBLW  33
06B52:  BNZ   6B6E
.................... 			{ 
.................... 				Modo=0; 
06B54:  CLRF   3A
.................... 				flag_funcao_5 = 0; 
06B56:  CLRF   57
.................... 				flagEstado=100; 
06B58:  CLRF   27
06B5A:  MOVLW  64
06B5C:  MOVWF  26
06B5E:  CLRF   18
06B60:  BTFSC  FF2.7
06B62:  BSF    18.7
06B64:  BCF    FF2.7
.................... 				stopTimer(); 
06B66:  CALL   2192
06B6A:  BTFSC  18.7
06B6C:  BSF    FF2.7
.................... 			} 
.................... 			if (sensor==2) 
06B6E:  MOVF   39,W
06B70:  SUBLW  02
06B72:  BNZ   6B7A
.................... 			{ 
.................... 					flagEstado=104; 
06B74:  CLRF   27
06B76:  MOVLW  68
06B78:  MOVWF  26
.................... 			} 
.................... 			break; 
06B7A:  MOVLB  1
06B7C:  BRA    7100
....................  
.................... 	    case 104: 
.................... 			tela102(); 
06B7E:  CALL   6346
.................... 			lcd_posicaoxy(12,1); 
06B82:  MOVLW  0C
06B84:  MOVLB  1
06B86:  MOVWF  x92
06B88:  MOVLW  01
06B8A:  MOVWF  x93
06B8C:  MOVLB  0
06B8E:  CALL   262A
.................... 			lcd_escreve("S0>S3"); 
06B92:  MOVLB  1
06B94:  CLRF   x81
06B96:  MOVF   x81,W
06B98:  MOVLB  0
06B9A:  CALL   1D02
06B9E:  IORLW  00
06BA0:  BZ    6BB4
06BA2:  MOVLB  1
06BA4:  INCF   x81,F
06BA6:  MOVWF  xC1
06BA8:  MOVLB  0
06BAA:  CALL   265E
06BAE:  MOVLB  1
06BB0:  BRA    6B96
06BB2:  MOVLB  0
.................... 			if (tecla_valida==R_FUNC) 
06BB4:  MOVF   28,W
06BB6:  SUBLW  33
06BB8:  BNZ   6BD4
.................... 			{ 
.................... 				Modo=0; 
06BBA:  CLRF   3A
.................... 				flag_funcao_5 = 0; 
06BBC:  CLRF   57
.................... 				flagEstado=100; 
06BBE:  CLRF   27
06BC0:  MOVLW  64
06BC2:  MOVWF  26
06BC4:  CLRF   18
06BC6:  BTFSC  FF2.7
06BC8:  BSF    18.7
06BCA:  BCF    FF2.7
.................... 				stopTimer(); 
06BCC:  CALL   2192
06BD0:  BTFSC  18.7
06BD2:  BSF    FF2.7
.................... 			} 
.................... 			 
.................... 			if (sensor==3){ 
06BD4:  MOVF   39,W
06BD6:  SUBLW  03
06BD8:  BNZ   6BE0
.................... 				flagEstado=105; 
06BDA:  CLRF   27
06BDC:  MOVLW  69
06BDE:  MOVWF  26
.................... 			} 
.................... 			break; 
06BE0:  MOVLB  1
06BE2:  BRA    7100
....................  
.................... 	    case 105: 
.................... 			tela102(); 
06BE4:  CALL   6346
.................... 			lcd_posicaoxy(12,1); 
06BE8:  MOVLW  0C
06BEA:  MOVLB  1
06BEC:  MOVWF  x92
06BEE:  MOVLW  01
06BF0:  MOVWF  x93
06BF2:  MOVLB  0
06BF4:  CALL   262A
.................... 			lcd_escreve("S0>S4"); 
06BF8:  MOVLB  1
06BFA:  CLRF   x81
06BFC:  MOVF   x81,W
06BFE:  MOVLB  0
06C00:  CALL   1D22
06C04:  IORLW  00
06C06:  BZ    6C1A
06C08:  MOVLB  1
06C0A:  INCF   x81,F
06C0C:  MOVWF  xC1
06C0E:  MOVLB  0
06C10:  CALL   265E
06C14:  MOVLB  1
06C16:  BRA    6BFC
06C18:  MOVLB  0
.................... 			if (tecla_valida==R_FUNC){ 
06C1A:  MOVF   28,W
06C1C:  SUBLW  33
06C1E:  BNZ   6C3A
.................... 				Modo=0; 
06C20:  CLRF   3A
.................... 				flag_funcao_5 = 0; 
06C22:  CLRF   57
.................... 				flagEstado=100; 
06C24:  CLRF   27
06C26:  MOVLW  64
06C28:  MOVWF  26
06C2A:  CLRF   18
06C2C:  BTFSC  FF2.7
06C2E:  BSF    18.7
06C30:  BCF    FF2.7
.................... 				stopTimer(); 
06C32:  CALL   2192
06C36:  BTFSC  18.7
06C38:  BSF    FF2.7
.................... 			} 
.................... 			if (sensor==4){ 
06C3A:  MOVF   39,W
06C3C:  SUBLW  04
06C3E:  BNZ   6C56
.................... 				flagEstado=106; 
06C40:  CLRF   27
06C42:  MOVLW  6A
06C44:  MOVWF  26
06C46:  CLRF   18
06C48:  BTFSC  FF2.7
06C4A:  BSF    18.7
06C4C:  BCF    FF2.7
.................... 				stopTimer(); 
06C4E:  CALL   2192
06C52:  BTFSC  18.7
06C54:  BSF    FF2.7
.................... 			} 
.................... 			break; 
06C56:  MOVLB  1
06C58:  BRA    7100
....................  
.................... 	    case 106: 
.................... 			tela106(); 
06C5A:  CALL   6446
.................... 			flagEstado=selecEstado106(tecla_valida); 
06C5E:  MOVFF  28,181
06C62:  RCALL  6540
06C64:  MOVFF  02,27
06C68:  MOVFF  01,26
.................... 			if (flagEstado==1) 
06C6C:  DECFSZ 26,W
06C6E:  BRA    6C78
06C70:  MOVF   27,F
06C72:  BNZ   6C78
.................... 			{ 
.................... 				Modo=0; 
06C74:  CLRF   3A
.................... 				flag_funcao_5 = 0; 
06C76:  CLRF   57
.................... 			} 
.................... 			if (flagEstado==110) 
06C78:  MOVF   26,W
06C7A:  SUBLW  6E
06C7C:  BNZ   6C8A
06C7E:  MOVF   27,F
06C80:  BNZ   6C8A
.................... 			{ 
.................... 				Modo=2; 
06C82:  MOVLW  02
06C84:  MOVWF  3A
.................... 				lcd_limpa(); 
06C86:  CALL   2B1A
.................... 			} 
.................... 			if (flagEstado==250) 
06C8A:  MOVF   26,W
06C8C:  SUBLW  FA
06C8E:  BNZ   6C9C
06C90:  MOVF   27,F
06C92:  BNZ   6C9C
.................... 			{ 
.................... 				Modo=2; 
06C94:  MOVLW  02
06C96:  MOVWF  3A
.................... 				lcd_limpa(); 
06C98:  CALL   2B1A
.................... 			} 
.................... 			if (flagEstado==350) 
06C9C:  MOVF   26,W
06C9E:  SUBLW  5E
06CA0:  BNZ   6CB0
06CA2:  DECFSZ 27,W
06CA4:  BRA    6CB0
.................... 			{ 
.................... 				Modo=2; 
06CA6:  MOVLW  02
06CA8:  MOVWF  3A
.................... 				passag=0; 
06CAA:  CLRF   29
.................... 				lcd_limpa(); 
06CAC:  CALL   2B1A
.................... 			} 
.................... 			if (flagEstado==410) 
06CB0:  MOVF   26,W
06CB2:  SUBLW  9A
06CB4:  BNZ   6CC4
06CB6:  DECFSZ 27,W
06CB8:  BRA    6CC4
.................... 			{ 
.................... 				Modo=2; 
06CBA:  MOVLW  02
06CBC:  MOVWF  3A
.................... 				passag=0; 
06CBE:  CLRF   29
.................... 				lcd_limpa(); 
06CC0:  CALL   2B1A
.................... 			} 
.................... 			if (flagEstado==710) 
06CC4:  MOVF   26,W
06CC6:  SUBLW  C6
06CC8:  BNZ   6CDC
06CCA:  MOVF   27,W
06CCC:  SUBLW  02
06CCE:  BNZ   6CDC
.................... 			{ 
.................... 				Modo=2; 
06CD0:  MOVLW  02
06CD2:  MOVWF  3A
.................... 				passag=0; 
06CD4:  CLRF   29
.................... 				passag2=0; 
06CD6:  CLRF   2A
.................... 				lcd_limpa(); 
06CD8:  CALL   2B1A
.................... 			} 
.................... 			if (flagEstado==950) 
06CDC:  MOVF   26,W
06CDE:  SUBLW  B6
06CE0:  BNZ   6CF0
06CE2:  MOVF   27,W
06CE4:  SUBLW  03
06CE6:  BNZ   6CF0
.................... 			{ 
.................... 				Modo=2; 
06CE8:  MOVLW  02
06CEA:  MOVWF  3A
.................... 				lcd_limpa(); 
06CEC:  CALL   2B1A
.................... 			} 
.................... 			if (flagEstado==100) 
06CF0:  MOVF   26,W
06CF2:  SUBLW  64
06CF4:  BNZ   6CFC
06CF6:  MOVF   27,F
06CF8:  BNZ   6CFC
.................... 			{ 
.................... 				Modo=0; 
06CFA:  CLRF   3A
.................... 				//flag_funcao_5 = 0; 
.................... 			} 
.................... 			break; 
06CFC:  MOVLB  1
06CFE:  BRA    7100
.................... 	 
.................... 		case 202: 
.................... 			tela102(); 
06D00:  CALL   6346
.................... 			lcd_posicaoxy(13,1); 
06D04:  MOVLW  0D
06D06:  MOVLB  1
06D08:  MOVWF  x92
06D0A:  MOVLW  01
06D0C:  MOVWF  x93
06D0E:  MOVLB  0
06D10:  CALL   262A
.................... 			lcd_escreve("pass"); 
06D14:  MOVLB  1
06D16:  CLRF   x81
06D18:  MOVF   x81,W
06D1A:  MOVLB  0
06D1C:  CALL   1D42
06D20:  IORLW  00
06D22:  BZ    6D36
06D24:  MOVLB  1
06D26:  INCF   x81,F
06D28:  MOVWF  xC1
06D2A:  MOVLB  0
06D2C:  CALL   265E
06D30:  MOVLB  1
06D32:  BRA    6D18
06D34:  MOVLB  0
.................... 			if (tecla_valida==R_FUNC) 
06D36:  MOVF   28,W
06D38:  SUBLW  33
06D3A:  BNZ   6D56
.................... 			{ 
.................... 				Modo=0; 
06D3C:  CLRF   3A
.................... 				flag_funcao_5 = 0; 
06D3E:  CLRF   57
.................... 				flagEstado=100; 
06D40:  CLRF   27
06D42:  MOVLW  64
06D44:  MOVWF  26
06D46:  CLRF   18
06D48:  BTFSC  FF2.7
06D4A:  BSF    18.7
06D4C:  BCF    FF2.7
.................... 				stopTimer(); 
06D4E:  CALL   2192
06D52:  BTFSC  18.7
06D54:  BSF    FF2.7
.................... 			} 
.................... 			break; 
06D56:  MOVLB  1
06D58:  BRA    7100
.................... 		 
.................... 		case 302: 
.................... 			tela102(); 
06D5A:  CALL   6346
.................... 			lcd_posicaoxy(12,1); 
06D5E:  MOVLW  0C
06D60:  MOVLB  1
06D62:  MOVWF  x92
06D64:  MOVLW  01
06D66:  MOVWF  x93
06D68:  MOVLB  0
06D6A:  CALL   262A
.................... 			lcd_escreve("Int:");  
06D6E:  MOVLB  1
06D70:  CLRF   x81
06D72:  MOVF   x81,W
06D74:  MOVLB  0
06D76:  CALL   1D62
06D7A:  IORLW  00
06D7C:  BZ    6D90
06D7E:  MOVLB  1
06D80:  INCF   x81,F
06D82:  MOVWF  xC1
06D84:  MOVLB  0
06D86:  CALL   265E
06D8A:  MOVLB  1
06D8C:  BRA    6D72
06D8E:  MOVLB  0
.................... 			lcd_escreve_digito(passag); 
06D90:  MOVFF  29,1C0
06D94:  CALL   343A
.................... 			if (tecla_valida==R_FUNC) 
06D98:  MOVF   28,W
06D9A:  SUBLW  33
06D9C:  BNZ   6DB8
.................... 			{ 
.................... 				Modo=0; 
06D9E:  CLRF   3A
.................... 				flag_funcao_5 = 0; 
06DA0:  CLRF   57
.................... 				flagEstado=100; 
06DA2:  CLRF   27
06DA4:  MOVLW  64
06DA6:  MOVWF  26
06DA8:  CLRF   18
06DAA:  BTFSC  FF2.7
06DAC:  BSF    18.7
06DAE:  BCF    FF2.7
.................... 				stopTimer(); 
06DB0:  CALL   2192
06DB4:  BTFSC  18.7
06DB6:  BSF    FF2.7
.................... 			} 
.................... 			break; 
06DB8:  MOVLB  1
06DBA:  BRA    7100
.................... 		 
.................... 		case 402: 
.................... 			tela102(); 
06DBC:  CALL   6346
.................... 			lcd_posicaoxy(12,1); 
06DC0:  MOVLW  0C
06DC2:  MOVLB  1
06DC4:  MOVWF  x92
06DC6:  MOVLW  01
06DC8:  MOVWF  x93
06DCA:  MOVLB  0
06DCC:  CALL   262A
.................... 			lcd_escreve("Int:");  
06DD0:  MOVLB  1
06DD2:  CLRF   x81
06DD4:  MOVF   x81,W
06DD6:  MOVLB  0
06DD8:  CALL   1D62
06DDC:  IORLW  00
06DDE:  BZ    6DF2
06DE0:  MOVLB  1
06DE2:  INCF   x81,F
06DE4:  MOVWF  xC1
06DE6:  MOVLB  0
06DE8:  CALL   265E
06DEC:  MOVLB  1
06DEE:  BRA    6DD4
06DF0:  MOVLB  0
.................... 			lcd_escreve_digito(passag); 
06DF2:  MOVFF  29,1C0
06DF6:  CALL   343A
.................... 			if (tecla_valida==R_FUNC) 
06DFA:  MOVF   28,W
06DFC:  SUBLW  33
06DFE:  BNZ   6E1A
.................... 			{ 
.................... 				Modo=0; 
06E00:  CLRF   3A
.................... 				flag_funcao_5 = 0; 
06E02:  CLRF   57
.................... 				flagEstado=100; 
06E04:  CLRF   27
06E06:  MOVLW  64
06E08:  MOVWF  26
06E0A:  CLRF   18
06E0C:  BTFSC  FF2.7
06E0E:  BSF    18.7
06E10:  BCF    FF2.7
.................... 				stopTimer(); 
06E12:  CALL   2192
06E16:  BTFSC  18.7
06E18:  BSF    FF2.7
.................... 			} 
.................... 			break; 
06E1A:  MOVLB  1
06E1C:  BRA    7100
.................... 		 
.................... 		case 501: 
....................  
.................... 			value = read_adc(); 
06E1E:  BSF    FC2.1
06E20:  BTFSC  FC2.1
06E22:  BRA    6E20
06E24:  MOVFF  FC4,180
06E28:  MOVLB  1
.................... 			if (tecla_valida==R_FUNC){ 
06E2A:  MOVF   28,W
06E2C:  SUBLW  33
06E2E:  BNZ   6E3A
.................... 				Modo=0; 
06E30:  CLRF   3A
.................... 				flag_funcao_5 = 0; 
06E32:  CLRF   57
.................... 				flagEstado=0; 
06E34:  CLRF   27
06E36:  CLRF   26
.................... 				setup_adc( ADC_OFF ); 
06E38:  BCF    FC2.0
.................... 			} 
.................... 			if (value<128) 
06E3A:  MOVF   x80,W
06E3C:  SUBLW  7F
06E3E:  BNC   6E54
.................... 			{ 
.................... 				flagEstado=502; 
06E40:  MOVLW  01
06E42:  MOVWF  27
06E44:  MOVLW  F6
06E46:  MOVWF  26
.................... 				delay_ms(10); 
06E48:  MOVLW  0A
06E4A:  MOVWF  x83
06E4C:  MOVLB  0
06E4E:  CALL   26C6
06E52:  MOVLB  1
.................... 			} 
.................... 			break; 
06E54:  BRA    7100
.................... 		case 502: 
.................... 			value = read_adc(); 
06E56:  BSF    FC2.1
06E58:  BTFSC  FC2.1
06E5A:  BRA    6E58
06E5C:  MOVFF  FC4,180
06E60:  MOVLB  1
.................... 			if (tecla_valida==R_FUNC){ 
06E62:  MOVF   28,W
06E64:  SUBLW  33
06E66:  BNZ   6E6E
.................... 				Modo=0; 
06E68:  CLRF   3A
.................... 				flagEstado=0; 
06E6A:  CLRF   27
06E6C:  CLRF   26
.................... 				//setup_adc( ADC_OFF ); 
.................... 			} 
.................... 			if (value>128){ 
06E6E:  MOVF   x80,W
06E70:  SUBLW  80
06E72:  BC    6E9C
.................... 				flagEstado=503; 
06E74:  MOVLW  01
06E76:  MOVWF  27
06E78:  MOVLW  F7
06E7A:  MOVWF  26
.................... 				delay_ms(4);		//envenenado:: retardo devido a imantacao da bobina 
06E7C:  MOVLW  04
06E7E:  MOVWF  x83
06E80:  MOVLB  0
06E82:  CALL   26C6
.................... 				lcd_limpa(); 
06E86:  CALL   2B1A
.................... 				msg_zeraTimer(); 
06E8A:  CALL   2178
.................... 				startTimer(); 
06E8E:  CALL   2142
.................... 				//setup_adc( ADC_OFF ); 
.................... 				//setup_adc_ports(NO_ANALOGS); 
.................... 				sensores_init(); 
06E92:  CALL   49FA
.................... 				enable_interrupts(GLOBAL); 
06E96:  MOVLW  C0
06E98:  IORWF  FF2,F
06E9A:  MOVLB  1
....................  
.................... 			} 
.................... 			break; 
06E9C:  BRA    7100
.................... 		case 503: 
.................... 			tela102(); 
06E9E:  CALL   6346
.................... 			if (tecla_valida==R_FUNC){ 
06EA2:  MOVF   28,W
06EA4:  SUBLW  33
06EA6:  BNZ   6EC0
.................... 				Modo=0; 
06EA8:  CLRF   3A
.................... 				flag_funcao_5 = 0; 
06EAA:  CLRF   57
.................... 				flagEstado=0; 
06EAC:  CLRF   27
06EAE:  CLRF   26
06EB0:  CLRF   18
06EB2:  BTFSC  FF2.7
06EB4:  BSF    18.7
06EB6:  BCF    FF2.7
.................... 				stopTimer(); 
06EB8:  CALL   2192
06EBC:  BTFSC  18.7
06EBE:  BSF    FF2.7
.................... 				//setup_adc( ADC_OFF ); 
.................... 			} 
.................... 			break; 
06EC0:  MOVLB  1
06EC2:  BRA    7100
.................... 		 case 504: 
.................... 			tela106(); 
06EC4:  CALL   6446
.................... 			flagEstado=selecEstado(41,tecla_valida); 
06EC8:  MOVLB  1
06ECA:  CLRF   x83
06ECC:  MOVLW  29
06ECE:  MOVWF  x82
06ED0:  MOVFF  28,184
06ED4:  MOVLB  0
06ED6:  CALL   2B28
06EDA:  MOVFF  02,27
06EDE:  MOVFF  01,26
.................... 			if (flagEstado==1) 
06EE2:  DECFSZ 26,W
06EE4:  BRA    6EEE
06EE6:  MOVF   27,F
06EE8:  BNZ   6EEE
.................... 			{ 
.................... 				Modo=0; 
06EEA:  CLRF   3A
.................... 				flag_funcao_5 = 0; 
06EEC:  CLRF   57
.................... 			} 
.................... 			if (flagEstado==550){ 
06EEE:  MOVF   26,W
06EF0:  SUBLW  26
06EF2:  BNZ   6F0E
06EF4:  MOVF   27,W
06EF6:  SUBLW  02
06EF8:  BNZ   6F0E
.................... 				if (flagMostraVel==0) 
06EFA:  MOVF   56,F
06EFC:  BNZ   6F06
.................... 				{ 
.................... 					flagEstado=549; 
06EFE:  MOVLW  02
06F00:  MOVWF  27
06F02:  MOVLW  25
06F04:  MOVWF  26
.................... 				} 
.................... 				Modo=2; 
06F06:  MOVLW  02
06F08:  MOVWF  3A
.................... 				lcd_limpa(); 
06F0A:  CALL   2B1A
.................... 			} 
.................... 			break; 
06F0E:  MOVLB  1
06F10:  BRA    7100
.................... 	 
.................... 		case 505: 
.................... 			Modo=0; 
06F12:  CLRF   3A
.................... 			flag_funcao_5 = 0; 
06F14:  CLRF   57
.................... 			flagEstado=100; 
06F16:  CLRF   27
06F18:  MOVLW  64
06F1A:  MOVWF  26
.................... 			//setup_adc( ADC_OFF ); 
.................... 			break; 
06F1C:  MOVLB  1
06F1E:  BRA    7100
.................... 		case 702: 
.................... 			tela702(); 
06F20:  CALL   662C
.................... 			lcd_posicaoxy(10,1); 
06F24:  MOVLW  0A
06F26:  MOVLB  1
06F28:  MOVWF  x92
06F2A:  MOVLW  01
06F2C:  MOVWF  x93
06F2E:  MOVLB  0
06F30:  CALL   262A
.................... 			lcd_escreve(">");  
06F34:  MOVLB  1
06F36:  CLRF   x81
06F38:  MOVF   x81,W
06F3A:  MOVLB  0
06F3C:  CALL   1D82
06F40:  IORLW  00
06F42:  BZ    6F56
06F44:  MOVLB  1
06F46:  INCF   x81,F
06F48:  MOVWF  xC1
06F4A:  MOVLB  0
06F4C:  CALL   265E
06F50:  MOVLB  1
06F52:  BRA    6F38
06F54:  MOVLB  0
.................... 			lcd_escreve_digito(passag); 
06F56:  MOVFF  29,1C0
06F5A:  CALL   343A
.................... 			lcd_posicaoxy(16,1); 
06F5E:  MOVLW  10
06F60:  MOVLB  1
06F62:  MOVWF  x92
06F64:  MOVLW  01
06F66:  MOVWF  x93
06F68:  MOVLB  0
06F6A:  CALL   262A
.................... 			lcd_escreve_digito(passag2); 
06F6E:  MOVFF  2A,1C0
06F72:  CALL   343A
.................... 			 
.................... 			if (tecla_valida==R_FUNC){ 
06F76:  MOVF   28,W
06F78:  SUBLW  33
06F7A:  BNZ   6F96
.................... 				Modo=0; 
06F7C:  CLRF   3A
.................... 				flag_funcao_5 = 0; 
06F7E:  CLRF   57
.................... 				flagEstado=100; 
06F80:  CLRF   27
06F82:  MOVLW  64
06F84:  MOVWF  26
06F86:  CLRF   18
06F88:  BTFSC  FF2.7
06F8A:  BSF    18.7
06F8C:  BCF    FF2.7
.................... 				stopTimer(); 
06F8E:  CALL   2192
06F92:  BTFSC  18.7
06F94:  BSF    FF2.7
.................... 			} 
.................... 			break; 
06F96:  MOVLB  1
06F98:  BRA    7100
.................... 		case 703: 
.................... 			tela702(); 
06F9A:  CALL   662C
.................... 			lcd_posicaoxy(10,1); 
06F9E:  MOVLW  0A
06FA0:  MOVLB  1
06FA2:  MOVWF  x92
06FA4:  MOVLW  01
06FA6:  MOVWF  x93
06FA8:  MOVLB  0
06FAA:  CALL   262A
.................... 			if (Func==7){ 
06FAE:  MOVF   19,W
06FB0:  SUBLW  07
06FB2:  BNZ   6FD8
.................... 				lcd_escreve(">"); 
06FB4:  MOVLB  1
06FB6:  CLRF   x81
06FB8:  MOVF   x81,W
06FBA:  MOVLB  0
06FBC:  CALL   1D82
06FC0:  IORLW  00
06FC2:  BZ    6FD6
06FC4:  MOVLB  1
06FC6:  INCF   x81,F
06FC8:  MOVWF  xC1
06FCA:  MOVLB  0
06FCC:  CALL   265E
06FD0:  MOVLB  1
06FD2:  BRA    6FB8
06FD4:  MOVLB  0
.................... 			}else{ 
06FD6:  BRA    6FFA
.................... 				lcd_escreve("<"); 
06FD8:  MOVLB  1
06FDA:  CLRF   x81
06FDC:  MOVF   x81,W
06FDE:  MOVLB  0
06FE0:  CALL   1D9E
06FE4:  IORLW  00
06FE6:  BZ    6FFA
06FE8:  MOVLB  1
06FEA:  INCF   x81,F
06FEC:  MOVWF  xC1
06FEE:  MOVLB  0
06FF0:  CALL   265E
06FF4:  MOVLB  1
06FF6:  BRA    6FDC
06FF8:  MOVLB  0
.................... 			} 
.................... 			lcd_escreve_digito(passag); 
06FFA:  MOVFF  29,1C0
06FFE:  CALL   343A
.................... 			lcd_posicaoxy(16,1); 
07002:  MOVLW  10
07004:  MOVLB  1
07006:  MOVWF  x92
07008:  MOVLW  01
0700A:  MOVWF  x93
0700C:  MOVLB  0
0700E:  CALL   262A
.................... 			lcd_escreve_digito(passag2); 
07012:  MOVFF  2A,1C0
07016:  CALL   343A
.................... 			if((flagFimS0==1) & (flagFimS1==1)){ 
0701A:  DECFSZ 53,W
0701C:  BRA    7020
0701E:  BRA    7024
07020:  MOVLW  00
07022:  BRA    7026
07024:  MOVLW  01
07026:  MOVLB  1
07028:  MOVWF  x81
0702A:  DECFSZ 54,W
0702C:  BRA    7030
0702E:  BRA    7034
07030:  MOVLW  00
07032:  BRA    7036
07034:  MOVLW  01
07036:  ANDWF  x81,W
07038:  BZ    7058
.................... 				sensores_desab(); 
0703A:  MOVLB  0
0703C:  CALL   2188
07040:  CLRF   18
07042:  BTFSC  FF2.7
07044:  BSF    18.7
07046:  BCF    FF2.7
.................... 				stopTimer(); 
07048:  CALL   2192
0704C:  BTFSC  18.7
0704E:  BSF    FF2.7
.................... 				flagEstado=106; 
07050:  CLRF   27
07052:  MOVLW  6A
07054:  MOVWF  26
07056:  MOVLB  1
.................... 			} 
.................... 			if (tecla_valida==R_FUNC){ 
07058:  MOVF   28,W
0705A:  SUBLW  33
0705C:  BNZ   707C
.................... 				Modo=0; 
0705E:  CLRF   3A
.................... 				flag_funcao_5 = 0; 
07060:  CLRF   57
.................... 				flagEstado=100; 
07062:  CLRF   27
07064:  MOVLW  64
07066:  MOVWF  26
07068:  CLRF   18
0706A:  BTFSC  FF2.7
0706C:  BSF    18.7
0706E:  BCF    FF2.7
.................... 				stopTimer(); 
07070:  MOVLB  0
07072:  CALL   2192
07076:  BTFSC  18.7
07078:  BSF    FF2.7
0707A:  MOVLB  1
.................... 			} 
.................... 			break; 
0707C:  BRA    7100
.................... 		case 902: 
.................... 			//tela102(); 
.................... 			//lcd_posicaoxy(12,1); 
.................... 			//lcd_escreve("S0>S1"); 
.................... 			if (tecla_valida==R_FUNC){ 
0707E:  MOVF   28,W
07080:  SUBLW  33
07082:  BNZ   709E
.................... 				Modo=0; 
07084:  CLRF   3A
.................... 				flag_funcao_5 = 0; 
07086:  CLRF   57
.................... 				flagEstado=100; 
07088:  CLRF   27
0708A:  MOVLW  64
0708C:  MOVWF  26
0708E:  CLRF   18
07090:  BTFSC  FF2.7
07092:  BSF    18.7
07094:  BCF    FF2.7
.................... 				stopTimer(); 
07096:  CALL   2192
0709A:  BTFSC  18.7
0709C:  BSF    FF2.7
.................... 			} 
.................... 			if (sensor==0){ 
0709E:  MOVF   39,F
070A0:  BNZ   70BA
070A2:  CLRF   18
070A4:  BTFSC  FF2.7
070A6:  BSF    18.7
070A8:  BCF    FF2.7
.................... 				stopTimer(); 
070AA:  CALL   2192
070AE:  BTFSC  18.7
070B0:  BSF    FF2.7
.................... 				flagEstado=903; 
070B2:  MOVLW  03
070B4:  MOVWF  27
070B6:  MOVLW  87
070B8:  MOVWF  26
.................... 			} 
.................... 			break; 
070BA:  MOVLB  1
070BC:  BRA    7100
....................  
.................... 	    case 903: 
.................... 			tela106(); 
070BE:  CALL   6446
.................... 			flagEstado=selecEstado106(tecla_valida); 
070C2:  MOVFF  28,181
070C6:  CALL   6540
070CA:  MOVFF  02,27
070CE:  MOVFF  01,26
.................... 			if (flagEstado==1){ 
070D2:  DECFSZ 26,W
070D4:  BRA    70DE
070D6:  MOVF   27,F
070D8:  BNZ   70DE
.................... 				Modo=0; 
070DA:  CLRF   3A
.................... 				flag_funcao_5 = 0; 
070DC:  CLRF   57
.................... 			} 
.................... 			if (flagEstado==150){ 
070DE:  MOVF   26,W
070E0:  SUBLW  96
070E2:  BNZ   70F0
070E4:  MOVF   27,F
070E6:  BNZ   70F0
.................... 				Modo=2; 
070E8:  MOVLW  02
070EA:  MOVWF  3A
.................... 				lcd_limpa(); 
070EC:  CALL   2B1A
.................... 			} 
.................... 			if (flagEstado==100){ 
070F0:  MOVF   26,W
070F2:  SUBLW  64
070F4:  BNZ   70FC
070F6:  MOVF   27,F
070F8:  BNZ   70FC
.................... 				Modo=0; 
070FA:  CLRF   3A
.................... 			} 
.................... 			break; 
070FC:  MOVLB  1
070FE:  BRA    7100
.................... 	} 
.................... } 
07100:  MOVLB  0
07102:  GOTO   C964 (RETURN)
....................  
.................... #include "Modo2.h" 
....................  
.................... unsigned int32 tempos[11]; 
.................... unsigned int32 tempos2[11]; 
....................  
.................... unsigned int32 S1tempos[11]; 
.................... unsigned int32 S1tempos2[11]; 
....................  
.................... unsigned int32 S0vtempos[11]; 
.................... unsigned int32 S0vtempos2[11]; 
....................  
.................... float velocidade; 
....................  
.................... float energia =0; 
....................  
.................... float tempo; 
.................... float tempo2; 
.................... float acel; 
....................  
.................... unsigned int32 aux_tempo; 
.................... unsigned int32 aux_tempo2; 
....................  
....................  
.................... void modo2_escreveTempo_1(int16 passagem){ 
.................... 			int16 temp; 
.................... 			lcd_linha1(); 
*
08C32:  CALL   2650
.................... 			lcd_escreve("t"); 
08C36:  MOVLB  1
08C38:  CLRF   x84
08C3A:  MOVF   x84,W
08C3C:  MOVLB  0
08C3E:  CALL   1DBA
08C42:  IORLW  00
08C44:  BZ    8C58
08C46:  MOVLB  1
08C48:  INCF   x84,F
08C4A:  MOVWF  xC1
08C4C:  MOVLB  0
08C4E:  CALL   265E
08C52:  MOVLB  1
08C54:  BRA    8C3A
08C56:  MOVLB  0
.................... 			if (flagEstado==450){ 
08C58:  MOVF   26,W
08C5A:  SUBLW  C2
08C5C:  BNZ   8CCC
08C5E:  DECFSZ 27,W
08C60:  BRA    8CCC
.................... 				if (passagem==9){ 
08C62:  MOVLB  1
08C64:  MOVF   x80,W
08C66:  SUBLW  09
08C68:  BNZ   8C92
08C6A:  MOVF   x81,F
08C6C:  BNZ   8C92
.................... 					lcd_escreve("10"); 
08C6E:  CLRF   x84
08C70:  MOVF   x84,W
08C72:  MOVLB  0
08C74:  CALL   1DD6
08C78:  IORLW  00
08C7A:  BZ    8C8E
08C7C:  MOVLB  1
08C7E:  INCF   x84,F
08C80:  MOVWF  xC1
08C82:  MOVLB  0
08C84:  CALL   265E
08C88:  MOVLB  1
08C8A:  BRA    8C70
08C8C:  MOVLB  0
.................... 				}else{ 
08C8E:  BRA    8CCA
08C90:  MOVLB  1
.................... 					temp=passagem+1; 
08C92:  MOVLW  01
08C94:  ADDWF  x80,W
08C96:  MOVWF  x82
08C98:  MOVLW  00
08C9A:  ADDWFC x81,W
08C9C:  MOVWF  x83
.................... 					lcd_escreve_digito(temp); 
08C9E:  MOVFF  182,1C0
08CA2:  MOVLB  0
08CA4:  CALL   343A
.................... 					lcd_escreve(" "); 
08CA8:  MOVLB  1
08CAA:  CLRF   x84
08CAC:  MOVF   x84,W
08CAE:  MOVLB  0
08CB0:  CALL   18E6
08CB4:  IORLW  00
08CB6:  BZ    8CCA
08CB8:  MOVLB  1
08CBA:  INCF   x84,F
08CBC:  MOVWF  xC1
08CBE:  MOVLB  0
08CC0:  CALL   265E
08CC4:  MOVLB  1
08CC6:  BRA    8CAC
08CC8:  MOVLB  0
.................... 				} 
.................... 			}else{ 
08CCA:  BRA    8D66
.................... 				lcd_escreve("0,"); 
08CCC:  MOVLB  1
08CCE:  CLRF   x84
08CD0:  MOVF   x84,W
08CD2:  MOVLB  0
08CD4:  CALL   1DF4
08CD8:  IORLW  00
08CDA:  BZ    8CEE
08CDC:  MOVLB  1
08CDE:  INCF   x84,F
08CE0:  MOVWF  xC1
08CE2:  MOVLB  0
08CE4:  CALL   265E
08CE8:  MOVLB  1
08CEA:  BRA    8CD0
08CEC:  MOVLB  0
.................... 				if (passagem==9){ 
08CEE:  MOVLB  1
08CF0:  MOVF   x80,W
08CF2:  SUBLW  09
08CF4:  BNZ   8D1E
08CF6:  MOVF   x81,F
08CF8:  BNZ   8D1E
.................... 					lcd_escreve("10"); 
08CFA:  CLRF   x84
08CFC:  MOVF   x84,W
08CFE:  MOVLB  0
08D00:  CALL   1DD6
08D04:  IORLW  00
08D06:  BZ    8D1A
08D08:  MOVLB  1
08D0A:  INCF   x84,F
08D0C:  MOVWF  xC1
08D0E:  MOVLB  0
08D10:  CALL   265E
08D14:  MOVLB  1
08D16:  BRA    8CFC
08D18:  MOVLB  0
.................... 				}else{ 
08D1A:  BRA    8D56
08D1C:  MOVLB  1
.................... 					temp=passagem+1; 
08D1E:  MOVLW  01
08D20:  ADDWF  x80,W
08D22:  MOVWF  x82
08D24:  MOVLW  00
08D26:  ADDWFC x81,W
08D28:  MOVWF  x83
.................... 					lcd_escreve_digito(temp); 
08D2A:  MOVFF  182,1C0
08D2E:  MOVLB  0
08D30:  CALL   343A
.................... 					lcd_escreve(" "); 
08D34:  MOVLB  1
08D36:  CLRF   x84
08D38:  MOVF   x84,W
08D3A:  MOVLB  0
08D3C:  CALL   18E6
08D40:  IORLW  00
08D42:  BZ    8D56
08D44:  MOVLB  1
08D46:  INCF   x84,F
08D48:  MOVWF  xC1
08D4A:  MOVLB  0
08D4C:  CALL   265E
08D50:  MOVLB  1
08D52:  BRA    8D38
08D54:  MOVLB  0
.................... 				} 
.................... 				lcd_posicaoxy(6,1); 
08D56:  MOVLW  06
08D58:  MOVLB  1
08D5A:  MOVWF  x92
08D5C:  MOVLW  01
08D5E:  MOVWF  x93
08D60:  MOVLB  0
08D62:  CALL   262A
.................... 			} 
.................... 			lcd_escreve("="); 
08D66:  MOVLB  1
08D68:  CLRF   x84
08D6A:  MOVF   x84,W
08D6C:  MOVLB  0
08D6E:  CALL   1E12
08D72:  IORLW  00
08D74:  BZ    8D88
08D76:  MOVLB  1
08D78:  INCF   x84,F
08D7A:  MOVWF  xC1
08D7C:  MOVLB  0
08D7E:  CALL   265E
08D82:  MOVLB  1
08D84:  BRA    8D6A
08D86:  MOVLB  0
.................... 			lcd_escreve_tempo(tempos[passagem],tempos2[passagem]); 
08D88:  MOVLB  1
08D8A:  RLCF   x80,W
08D8C:  MOVWF  02
08D8E:  RLCF   x81,W
08D90:  MOVWF  03
08D92:  RLCF   02,F
08D94:  RLCF   03,F
08D96:  MOVLW  FC
08D98:  ANDWF  02,F
08D9A:  MOVF   02,W
08D9C:  ADDLW  59
08D9E:  MOVWF  FE9
08DA0:  MOVLW  00
08DA2:  ADDWFC 03,W
08DA4:  MOVWF  FEA
08DA6:  MOVFF  FEF,184
08DAA:  MOVFF  FEC,185
08DAE:  MOVFF  FEC,186
08DB2:  MOVFF  FEC,187
08DB6:  RLCF   x80,W
08DB8:  MOVWF  02
08DBA:  RLCF   x81,W
08DBC:  MOVWF  03
08DBE:  RLCF   02,F
08DC0:  RLCF   03,F
08DC2:  MOVLW  FC
08DC4:  ANDWF  02,F
08DC6:  MOVF   02,W
08DC8:  ADDLW  85
08DCA:  MOVWF  FE9
08DCC:  MOVLW  00
08DCE:  ADDWFC 03,W
08DD0:  MOVWF  FEA
08DD2:  MOVFF  FEF,188
08DD6:  MOVFF  FEC,189
08DDA:  MOVFF  FEC,18A
08DDE:  MOVFF  FEC,18B
08DE2:  MOVFF  187,18F
08DE6:  MOVFF  186,18E
08DEA:  MOVFF  185,18D
08DEE:  MOVFF  184,18C
08DF2:  MOVFF  18B,193
08DF6:  MOVFF  18A,192
08DFA:  MOVFF  189,191
08DFE:  MOVFF  188,190
08E02:  MOVLB  0
08E04:  CALL   75DA
.................... 			lcd_escreve(" s"); 
08E08:  MOVLB  1
08E0A:  CLRF   x84
08E0C:  MOVF   x84,W
08E0E:  MOVLB  0
08E10:  CALL   1E2E
08E14:  IORLW  00
08E16:  BZ    8E28
08E18:  MOVLB  1
08E1A:  INCF   x84,F
08E1C:  MOVWF  xC1
08E1E:  MOVLB  0
08E20:  CALL   265E
08E24:  MOVLB  1
08E26:  BRA    8E0C
08E28:  MOVLB  0
.................... } 
08E2A:  RETLW  00
....................  
....................  
.................... void modo2_escreveFreq_1(int16 passagem){ 
.................... 			int16 temp; 
.................... 			lcd_linha1(); 
*
0900E:  CALL   2650
.................... 			lcd_escreve("f"); 
09012:  MOVLB  1
09014:  CLRF   x84
09016:  MOVF   x84,W
09018:  MOVLB  0
0901A:  CALL   1E4C
0901E:  IORLW  00
09020:  BZ    9034
09022:  MOVLB  1
09024:  INCF   x84,F
09026:  MOVWF  xC1
09028:  MOVLB  0
0902A:  CALL   265E
0902E:  MOVLB  1
09030:  BRA    9016
09032:  MOVLB  0
.................... 			if (passagem==9){ 
09034:  MOVLB  1
09036:  MOVF   x80,W
09038:  SUBLW  09
0903A:  BNZ   9064
0903C:  MOVF   x81,F
0903E:  BNZ   9064
.................... 				lcd_escreve("10"); 
09040:  CLRF   x84
09042:  MOVF   x84,W
09044:  MOVLB  0
09046:  CALL   1DD6
0904A:  IORLW  00
0904C:  BZ    9060
0904E:  MOVLB  1
09050:  INCF   x84,F
09052:  MOVWF  xC1
09054:  MOVLB  0
09056:  CALL   265E
0905A:  MOVLB  1
0905C:  BRA    9042
0905E:  MOVLB  0
.................... 			 
.................... 			}else{ 
09060:  BRA    909C
09062:  MOVLB  1
.................... 				temp=passagem+1; 
09064:  MOVLW  01
09066:  ADDWF  x80,W
09068:  MOVWF  x82
0906A:  MOVLW  00
0906C:  ADDWFC x81,W
0906E:  MOVWF  x83
.................... 				lcd_escreve_digito(temp); 
09070:  MOVFF  182,1C0
09074:  MOVLB  0
09076:  CALL   343A
.................... 				lcd_escreve(" "); 
0907A:  MOVLB  1
0907C:  CLRF   x84
0907E:  MOVF   x84,W
09080:  MOVLB  0
09082:  CALL   18E6
09086:  IORLW  00
09088:  BZ    909C
0908A:  MOVLB  1
0908C:  INCF   x84,F
0908E:  MOVWF  xC1
09090:  MOVLB  0
09092:  CALL   265E
09096:  MOVLB  1
09098:  BRA    907E
0909A:  MOVLB  0
.................... 			} 
.................... 			tempo=(float)tempos[passagem]/100; 
0909C:  MOVLB  1
0909E:  RLCF   x80,W
090A0:  MOVWF  02
090A2:  RLCF   x81,W
090A4:  MOVWF  03
090A6:  RLCF   02,F
090A8:  RLCF   03,F
090AA:  MOVLW  FC
090AC:  ANDWF  02,F
090AE:  MOVF   02,W
090B0:  ADDLW  59
090B2:  MOVWF  FE9
090B4:  MOVLW  00
090B6:  ADDWFC 03,W
090B8:  MOVWF  FEA
090BA:  MOVFF  FEF,00
090BE:  MOVFF  FEC,01
090C2:  MOVFF  FEC,02
090C6:  MOVFF  FEC,03
090CA:  MOVFF  03,1AD
090CE:  MOVFF  02,1AC
090D2:  MOVFF  01,1AB
090D6:  MOVFF  00,1AA
090DA:  MOVLB  0
090DC:  CALL   7DA6
090E0:  MOVFF  00,184
090E4:  MOVFF  01,185
090E8:  MOVFF  02,186
090EC:  MOVFF  03,187
090F0:  MOVFF  03,1AD
090F4:  MOVFF  02,1AC
090F8:  MOVFF  01,1AB
090FC:  MOVFF  00,1AA
09100:  MOVLB  1
09102:  CLRF   xB1
09104:  CLRF   xB0
09106:  MOVLW  48
09108:  MOVWF  xAF
0910A:  MOVLW  85
0910C:  MOVWF  xAE
0910E:  MOVLB  0
09110:  CALL   7DDE
09114:  MOVFF  03,16C
09118:  MOVFF  02,16B
0911C:  MOVFF  01,16A
09120:  MOVFF  00,169
.................... 			tempo2=(float)tempos2[passagem]*100; 
09124:  MOVLB  1
09126:  RLCF   x80,W
09128:  MOVWF  02
0912A:  RLCF   x81,W
0912C:  MOVWF  03
0912E:  RLCF   02,F
09130:  RLCF   03,F
09132:  MOVLW  FC
09134:  ANDWF  02,F
09136:  MOVF   02,W
09138:  ADDLW  85
0913A:  MOVWF  FE9
0913C:  MOVLW  00
0913E:  ADDWFC 03,W
09140:  MOVWF  FEA
09142:  MOVFF  FEF,00
09146:  MOVFF  FEC,01
0914A:  MOVFF  FEC,02
0914E:  MOVFF  FEC,03
09152:  MOVFF  03,1AD
09156:  MOVFF  02,1AC
0915A:  MOVFF  01,1AB
0915E:  MOVFF  00,1AA
09162:  MOVLB  0
09164:  CALL   7DA6
09168:  MOVFF  00,184
0916C:  MOVFF  01,185
09170:  MOVFF  02,186
09174:  MOVFF  03,187
09178:  MOVFF  03,1AD
0917C:  MOVFF  02,1AC
09180:  MOVFF  01,1AB
09184:  MOVFF  00,1AA
09188:  MOVLB  1
0918A:  CLRF   xB1
0918C:  CLRF   xB0
0918E:  MOVLW  48
09190:  MOVWF  xAF
09192:  MOVLW  85
09194:  MOVWF  xAE
09196:  MOVLB  0
09198:  CALL   7F3C
0919C:  MOVFF  03,170
091A0:  MOVFF  02,16F
091A4:  MOVFF  01,16E
091A8:  MOVFF  00,16D
.................... 			tempo2=(float)tempo2+tempo; 
091AC:  BCF    FD8.1
091AE:  MOVFF  170,1AD
091B2:  MOVFF  16F,1AC
091B6:  MOVFF  16E,1AB
091BA:  MOVFF  16D,1AA
091BE:  MOVFF  16C,1B1
091C2:  MOVFF  16B,1B0
091C6:  MOVFF  16A,1AF
091CA:  MOVFF  169,1AE
091CE:  CALL   8032
091D2:  MOVFF  03,170
091D6:  MOVFF  02,16F
091DA:  MOVFF  01,16E
091DE:  MOVFF  00,16D
.................... 			velocidade=(float)1/tempo2; 
091E2:  MOVLB  1
091E4:  CLRF   xAD
091E6:  CLRF   xAC
091E8:  CLRF   xAB
091EA:  MOVLW  7F
091EC:  MOVWF  xAA
091EE:  MOVFF  170,1B1
091F2:  MOVFF  16F,1B0
091F6:  MOVFF  16E,1AF
091FA:  MOVFF  16D,1AE
091FE:  MOVLB  0
09200:  CALL   7DDE
09204:  MOVFF  03,164
09208:  MOVFF  02,163
0920C:  MOVFF  01,162
09210:  MOVFF  00,161
.................... 			velocidade=(float)velocidade*1000; 
09214:  MOVFF  164,1AD
09218:  MOVFF  163,1AC
0921C:  MOVFF  162,1AB
09220:  MOVFF  161,1AA
09224:  MOVLB  1
09226:  CLRF   xB1
09228:  CLRF   xB0
0922A:  MOVLW  7A
0922C:  MOVWF  xAF
0922E:  MOVLW  88
09230:  MOVWF  xAE
09232:  MOVLB  0
09234:  CALL   7F3C
09238:  MOVFF  03,164
0923C:  MOVFF  02,163
09240:  MOVFF  01,162
09244:  MOVFF  00,161
.................... 			lcd_escreve("="); 
09248:  MOVLB  1
0924A:  CLRF   x84
0924C:  MOVF   x84,W
0924E:  MOVLB  0
09250:  CALL   1E12
09254:  IORLW  00
09256:  BZ    926A
09258:  MOVLB  1
0925A:  INCF   x84,F
0925C:  MOVWF  xC1
0925E:  MOVLB  0
09260:  CALL   265E
09264:  MOVLB  1
09266:  BRA    924C
09268:  MOVLB  0
.................... 			lcd_escreve_veloc(velocidade); 
0926A:  MOVFF  164,187
0926E:  MOVFF  163,186
09272:  MOVFF  162,185
09276:  MOVFF  161,184
0927A:  CALL   83DA
.................... 			lcd_escreve(" Hz"); 
0927E:  MOVLB  1
09280:  CLRF   x84
09282:  MOVF   x84,W
09284:  MOVLB  0
09286:  CALL   1E68
0928A:  IORLW  00
0928C:  BZ    929E
0928E:  MOVLB  1
09290:  INCF   x84,F
09292:  MOVWF  xC1
09294:  MOVLB  0
09296:  CALL   265E
0929A:  MOVLB  1
0929C:  BRA    9282
0929E:  MOVLB  0
.................... } 
092A0:  GOTO   B950 (RETURN)
....................  
....................  
....................  
.................... void EstadoModo2(int16 _flagEstado){ 
....................  
....................  
.................... 	switch (_flagEstado) { 
*
09AAC:  MOVLB  1
09AAE:  MOVFF  17E,00
09AB2:  MOVF   x7F,W
09AB4:  MOVWF  03
09AB6:  BNZ   9AC4
09AB8:  MOVLW  6E
09ABA:  SUBWF  00,W
09ABC:  MOVLB  0
09ABE:  BTFSC  FD8.2
09AC0:  BRA    9D62
09AC2:  MOVLB  1
09AC4:  MOVF   03,W
09AC6:  BNZ   9AD4
09AC8:  MOVLW  6F
09ACA:  SUBWF  00,W
09ACC:  MOVLB  0
09ACE:  BTFSC  FD8.2
09AD0:  BRA    9E08
09AD2:  MOVLB  1
09AD4:  MOVF   03,W
09AD6:  BNZ   9AE4
09AD8:  MOVLW  95
09ADA:  SUBWF  00,W
09ADC:  MOVLB  0
09ADE:  BTFSC  FD8.2
09AE0:  BRA    9E50
09AE2:  MOVLB  1
09AE4:  MOVF   03,W
09AE6:  BNZ   9AF4
09AE8:  MOVLW  96
09AEA:  SUBWF  00,W
09AEC:  MOVLB  0
09AEE:  BTFSC  FD8.2
09AF0:  BRA    9ED8
09AF2:  MOVLB  1
09AF4:  MOVF   03,W
09AF6:  BNZ   9B04
09AF8:  MOVLW  97
09AFA:  SUBWF  00,W
09AFC:  MOVLB  0
09AFE:  BTFSC  FD8.2
09B00:  BRA    9F60
09B02:  MOVLB  1
09B04:  MOVF   03,W
09B06:  BNZ   9B14
09B08:  MOVLW  98
09B0A:  SUBWF  00,W
09B0C:  MOVLB  0
09B0E:  BTFSC  FD8.2
09B10:  BRA    9FE8
09B12:  MOVLB  1
09B14:  MOVF   03,W
09B16:  BNZ   9B24
09B18:  MOVLW  99
09B1A:  SUBWF  00,W
09B1C:  MOVLB  0
09B1E:  BTFSC  FD8.2
09B20:  BRA    A070
09B22:  MOVLB  1
09B24:  MOVF   03,W
09B26:  BNZ   9B34
09B28:  MOVLW  9A
09B2A:  SUBWF  00,W
09B2C:  MOVLB  0
09B2E:  BTFSC  FD8.2
09B30:  BRA    A0F8
09B32:  MOVLB  1
09B34:  MOVF   03,W
09B36:  BNZ   9B46
09B38:  MOVLW  9B
09B3A:  SUBWF  00,W
09B3C:  MOVLB  0
09B3E:  BTFSC  FD8.2
09B40:  GOTO   A248
09B44:  MOVLB  1
09B46:  MOVF   03,W
09B48:  BNZ   9B58
09B4A:  MOVLW  9C
09B4C:  SUBWF  00,W
09B4E:  MOVLB  0
09B50:  BTFSC  FD8.2
09B52:  GOTO   A398
09B56:  MOVLB  1
09B58:  MOVF   03,W
09B5A:  BNZ   9B6A
09B5C:  MOVLW  A9
09B5E:  SUBWF  00,W
09B60:  MOVLB  0
09B62:  BTFSC  FD8.2
09B64:  GOTO   A4E8
09B68:  MOVLB  1
09B6A:  MOVF   03,W
09B6C:  BNZ   9B7C
09B6E:  MOVLW  AA
09B70:  SUBWF  00,W
09B72:  MOVLB  0
09B74:  BTFSC  FD8.2
09B76:  GOTO   A6A6
09B7A:  MOVLB  1
09B7C:  MOVF   03,W
09B7E:  BNZ   9B8E
09B80:  MOVLW  AB
09B82:  SUBWF  00,W
09B84:  MOVLB  0
09B86:  BTFSC  FD8.2
09B88:  GOTO   A864
09B8C:  MOVLB  1
09B8E:  MOVF   03,W
09B90:  BNZ   9BA0
09B92:  MOVLW  AC
09B94:  SUBWF  00,W
09B96:  MOVLB  0
09B98:  BTFSC  FD8.2
09B9A:  GOTO   AA22
09B9E:  MOVLB  1
09BA0:  MOVF   03,W
09BA2:  BNZ   9BB2
09BA4:  MOVLW  AD
09BA6:  SUBWF  00,W
09BA8:  MOVLB  0
09BAA:  BTFSC  FD8.2
09BAC:  GOTO   ABE0
09BB0:  MOVLB  1
09BB2:  MOVF   03,W
09BB4:  BNZ   9BC4
09BB6:  MOVLW  AE
09BB8:  SUBWF  00,W
09BBA:  MOVLB  0
09BBC:  BTFSC  FD8.2
09BBE:  GOTO   AD9E
09BC2:  MOVLB  1
09BC4:  MOVF   03,W
09BC6:  BNZ   9BD6
09BC8:  MOVLW  AF
09BCA:  SUBWF  00,W
09BCC:  MOVLB  0
09BCE:  BTFSC  FD8.2
09BD0:  GOTO   B032
09BD4:  MOVLB  1
09BD6:  MOVF   03,W
09BD8:  BNZ   9BE8
09BDA:  MOVLW  B0
09BDC:  SUBWF  00,W
09BDE:  MOVLB  0
09BE0:  BTFSC  FD8.2
09BE2:  GOTO   B2C6
09BE6:  MOVLB  1
09BE8:  MOVF   03,W
09BEA:  BNZ   9BFA
09BEC:  MOVLW  FA
09BEE:  SUBWF  00,W
09BF0:  MOVLB  0
09BF2:  BTFSC  FD8.2
09BF4:  GOTO   B55A
09BF8:  MOVLB  1
09BFA:  MOVF   03,W
09BFC:  BNZ   9C0C
09BFE:  MOVLW  FB
09C00:  SUBWF  00,W
09C02:  MOVLB  0
09C04:  BTFSC  FD8.2
09C06:  GOTO   B62C
09C0A:  MOVLB  1
09C0C:  MOVF   03,W
09C0E:  BNZ   9C1E
09C10:  MOVLW  FC
09C12:  SUBWF  00,W
09C14:  MOVLB  0
09C16:  BTFSC  FD8.2
09C18:  GOTO   B808
09C1C:  MOVLB  1
09C1E:  MOVLW  01
09C20:  SUBWF  03,W
09C22:  BNZ   9C32
09C24:  MOVLW  5E
09C26:  SUBWF  00,W
09C28:  MOVLB  0
09C2A:  BTFSC  FD8.2
09C2C:  GOTO   B896
09C30:  MOVLB  1
09C32:  MOVLW  01
09C34:  SUBWF  03,W
09C36:  BNZ   9C46
09C38:  MOVLW  9A
09C3A:  SUBWF  00,W
09C3C:  MOVLB  0
09C3E:  BTFSC  FD8.2
09C40:  GOTO   B8CC
09C44:  MOVLB  1
09C46:  MOVLW  01
09C48:  SUBWF  03,W
09C4A:  BNZ   9C5A
09C4C:  MOVLW  C2
09C4E:  SUBWF  00,W
09C50:  MOVLB  0
09C52:  BTFSC  FD8.2
09C54:  GOTO   B916
09C58:  MOVLB  1
09C5A:  MOVLW  01
09C5C:  SUBWF  03,W
09C5E:  BNZ   9C6E
09C60:  MOVLW  D6
09C62:  SUBWF  00,W
09C64:  MOVLB  0
09C66:  BTFSC  FD8.2
09C68:  GOTO   B93E
09C6C:  MOVLB  1
09C6E:  MOVLW  02
09C70:  SUBWF  03,W
09C72:  BNZ   9C82
09C74:  MOVLW  25
09C76:  SUBWF  00,W
09C78:  MOVLB  0
09C7A:  BTFSC  FD8.2
09C7C:  GOTO   B966
09C80:  MOVLB  1
09C82:  MOVLW  02
09C84:  SUBWF  03,W
09C86:  BNZ   9C96
09C88:  MOVLW  26
09C8A:  SUBWF  00,W
09C8C:  MOVLB  0
09C8E:  BTFSC  FD8.2
09C90:  GOTO   B9EE
09C94:  MOVLB  1
09C96:  MOVLW  02
09C98:  SUBWF  03,W
09C9A:  BNZ   9CAA
09C9C:  MOVLW  27
09C9E:  SUBWF  00,W
09CA0:  MOVLB  0
09CA2:  BTFSC  FD8.2
09CA4:  GOTO   BA82
09CA8:  MOVLB  1
09CAA:  MOVLW  02
09CAC:  SUBWF  03,W
09CAE:  BNZ   9CBE
09CB0:  MOVLW  28
09CB2:  SUBWF  00,W
09CB4:  MOVLB  0
09CB6:  BTFSC  FD8.2
09CB8:  GOTO   BC30
09CBC:  MOVLB  1
09CBE:  MOVLW  02
09CC0:  SUBWF  03,W
09CC2:  BNZ   9CD2
09CC4:  MOVLW  29
09CC6:  SUBWF  00,W
09CC8:  MOVLB  0
09CCA:  BTFSC  FD8.2
09CCC:  GOTO   BE46
09CD0:  MOVLB  1
09CD2:  MOVLW  02
09CD4:  SUBWF  03,W
09CD6:  BNZ   9CE6
09CD8:  MOVLW  C6
09CDA:  SUBWF  00,W
09CDC:  MOVLB  0
09CDE:  BTFSC  FD8.2
09CE0:  GOTO   C08C
09CE4:  MOVLB  1
09CE6:  MOVLW  02
09CE8:  SUBWF  03,W
09CEA:  BNZ   9CFA
09CEC:  MOVLW  EE
09CEE:  SUBWF  00,W
09CF0:  MOVLB  0
09CF2:  BTFSC  FD8.2
09CF4:  GOTO   C0D8
09CF8:  MOVLB  1
09CFA:  MOVLW  02
09CFC:  SUBWF  03,W
09CFE:  BNZ   9D0E
09D00:  MOVLW  EF
09D02:  SUBWF  00,W
09D04:  MOVLB  0
09D06:  BTFSC  FD8.2
09D08:  GOTO   C1A2
09D0C:  MOVLB  1
09D0E:  MOVLW  03
09D10:  SUBWF  03,W
09D12:  BNZ   9D22
09D14:  MOVLW  02
09D16:  SUBWF  00,W
09D18:  MOVLB  0
09D1A:  BTFSC  FD8.2
09D1C:  GOTO   C26C
09D20:  MOVLB  1
09D22:  MOVLW  03
09D24:  SUBWF  03,W
09D26:  BNZ   9D36
09D28:  MOVLW  B6
09D2A:  SUBWF  00,W
09D2C:  MOVLB  0
09D2E:  BTFSC  FD8.2
09D30:  GOTO   C336
09D34:  MOVLB  1
09D36:  MOVLW  03
09D38:  SUBWF  03,W
09D3A:  BNZ   9D4A
09D3C:  MOVLW  B7
09D3E:  SUBWF  00,W
09D40:  MOVLB  0
09D42:  BTFSC  FD8.2
09D44:  GOTO   C3BC
09D48:  MOVLB  1
09D4A:  MOVLW  04
09D4C:  SUBWF  03,W
09D4E:  BNZ   9D5E
09D50:  MOVLW  E5
09D52:  SUBWF  00,W
09D54:  MOVLB  0
09D56:  BTFSC  FD8.2
09D58:  GOTO   C568
09D5C:  MOVLB  1
09D5E:  GOTO   C7FE
....................  
.................... 		case 110: 
.................... 			if(flagMostraVel==0) 
09D62:  MOVF   56,F
09D64:  BNZ   9D8C
.................... 			{ 
.................... 				if(flag_funcao_5 == 1) 
09D66:  DECFSZ 57,W
09D68:  BRA    9D7C
.................... 				{ 
.................... 					flagEstado = 549; 
09D6A:  MOVLW  02
09D6C:  MOVWF  27
09D6E:  MOVLW  25
09D70:  MOVWF  26
.................... 					break; 
09D72:  MOVLB  1
09D74:  GOTO   C7FE
.................... 				} 
.................... 				else 
09D78:  BRA    9D88
09D7A:  MOVLB  0
.................... 				{ 
.................... 					flagEstado=111; 
09D7C:  CLRF   27
09D7E:  MOVLW  6F
09D80:  MOVWF  26
.................... 					break; 
09D82:  MOVLB  1
09D84:  GOTO   C7FE
.................... 				} 
.................... 				//break;	 
.................... 			} 
.................... 			else 
09D88:  BRA    9D9E
09D8A:  MOVLB  0
.................... 			{ 
.................... 				if(flag_funcao_5 == 1) 
09D8C:  DECFSZ 57,W
09D8E:  BRA    9DA0
.................... 				{ 
.................... 					flagEstado = 550; 
09D90:  MOVLW  02
09D92:  MOVWF  27
09D94:  MOVLW  26
09D96:  MOVWF  26
.................... 					break; 
09D98:  MOVLB  1
09D9A:  GOTO   C7FE
09D9E:  MOVLB  0
.................... 				} 
.................... 				 
.................... 			} 
.................... 			flagEstado=selecEstado(21,tecla_valida); 
09DA0:  MOVLB  1
09DA2:  CLRF   x83
09DA4:  MOVLW  15
09DA6:  MOVWF  x82
09DA8:  MOVFF  28,184
09DAC:  MOVLB  0
09DAE:  CALL   2B28
09DB2:  MOVFF  02,27
09DB6:  MOVFF  01,26
.................... 			if (flagEstado==106) 
09DBA:  MOVF   26,W
09DBC:  SUBLW  6A
09DBE:  BNZ   9DC8
09DC0:  MOVF   27,F
09DC2:  BNZ   9DC8
.................... 			{ 
.................... 				Modo=1; 
09DC4:  MOVLW  01
09DC6:  MOVWF  3A
.................... 			} 
.................... 			if (flagEstado==150) 
09DC8:  MOVF   26,W
09DCA:  SUBLW  96
09DCC:  BNZ   9DE6
09DCE:  MOVF   27,F
09DD0:  BNZ   9DE6
.................... 			{ 
.................... 				if (numSensores==2) 
09DD2:  MOVF   55,W
09DD4:  SUBLW  02
09DD6:  BNZ   9DE6
.................... 				{ 
.................... 					flagEstado=149; 
09DD8:  CLRF   27
09DDA:  MOVLW  95
09DDC:  MOVWF  26
.................... 					break; 
09DDE:  MOVLB  1
09DE0:  GOTO   C7FE
09DE4:  MOVLB  0
.................... 				} 
.................... 			} 
.................... 			if (flagEstado==170) 
09DE6:  MOVF   26,W
09DE8:  SUBLW  AA
09DEA:  BNZ   9E04
09DEC:  MOVF   27,F
09DEE:  BNZ   9E04
.................... 			{ 
.................... 				if (numSensores==2) 
09DF0:  MOVF   55,W
09DF2:  SUBLW  02
09DF4:  BNZ   9E04
.................... 				{ 
.................... 					flagEstado=169; 
09DF6:  CLRF   27
09DF8:  MOVLW  A9
09DFA:  MOVWF  26
.................... 					break; 
09DFC:  MOVLB  1
09DFE:  GOTO   C7FE
09E02:  MOVLB  0
.................... 				} 
.................... 			} 
.................... 			tela110(); 
09E04:  GOTO   7142
.................... 			break;	       
.................... 		case 111: 
.................... 			tela111(); 
09E08:  GOTO   723E
.................... 			flagEstado=selecEstado(52,tecla_valida); 
09E0C:  MOVLB  1
09E0E:  CLRF   x83
09E10:  MOVLW  34
09E12:  MOVWF  x82
09E14:  MOVFF  28,184
09E18:  MOVLB  0
09E1A:  CALL   2B28
09E1E:  MOVFF  02,27
09E22:  MOVFF  01,26
.................... 			if (flagEstado==106) 
09E26:  MOVF   26,W
09E28:  SUBLW  6A
09E2A:  BNZ   9E34
09E2C:  MOVF   27,F
09E2E:  BNZ   9E34
.................... 			{ 
.................... 				Modo=1; 
09E30:  MOVLW  01
09E32:  MOVWF  3A
.................... 			} 
.................... 			if (flagEstado==150) 
09E34:  MOVF   26,W
09E36:  SUBLW  96
09E38:  BNZ   9E4A
09E3A:  MOVF   27,F
09E3C:  BNZ   9E4A
.................... 			{ 
.................... 				if (numSensores==2) 
09E3E:  MOVF   55,W
09E40:  SUBLW  02
09E42:  BNZ   9E4A
.................... 				{ 
.................... 					flagEstado=149; 
09E44:  CLRF   27
09E46:  MOVLW  95
09E48:  MOVWF  26
.................... 				} 
.................... 			} 
.................... 			break;	       
09E4A:  MOVLB  1
09E4C:  GOTO   C7FE
.................... 		 
.................... 		case 149: 
.................... 			tela149(); 
09E50:  CALL   733A
.................... 			lcd_posicaoxy(3,1); 
09E54:  MOVLW  03
09E56:  MOVLB  1
09E58:  MOVWF  x92
09E5A:  MOVLW  01
09E5C:  MOVWF  x93
09E5E:  MOVLB  0
09E60:  CALL   262A
.................... 			lcd_escreve_tempo(tempos[0],tempos2[0]); 
09E64:  MOVFF  5C,18F
09E68:  MOVFF  5B,18E
09E6C:  MOVFF  5A,18D
09E70:  MOVFF  59,18C
09E74:  MOVFF  88,193
09E78:  MOVFF  87,192
09E7C:  MOVFF  86,191
09E80:  MOVFF  85,190
09E84:  CALL   75DA
.................... 			lcd_escreve(" s  "); 
09E88:  MOVLB  1
09E8A:  CLRF   x80
09E8C:  MOVF   x80,W
09E8E:  MOVLB  0
09E90:  CALL   1E86
09E94:  IORLW  00
09E96:  BZ    9EAA
09E98:  MOVLB  1
09E9A:  INCF   x80,F
09E9C:  MOVWF  xC1
09E9E:  MOVLB  0
09EA0:  CALL   265E
09EA4:  MOVLB  1
09EA6:  BRA    9E8C
09EA8:  MOVLB  0
.................... 			flagEstado=selecEstado(39,tecla_valida); 
09EAA:  MOVLB  1
09EAC:  CLRF   x83
09EAE:  MOVLW  27
09EB0:  MOVWF  x82
09EB2:  MOVFF  28,184
09EB6:  MOVLB  0
09EB8:  CALL   2B28
09EBC:  MOVFF  02,27
09EC0:  MOVFF  01,26
.................... 			if(flagEstado==106){ 
09EC4:  MOVF   26,W
09EC6:  SUBLW  6A
09EC8:  BNZ   9ED2
09ECA:  MOVF   27,F
09ECC:  BNZ   9ED2
.................... 				Modo=1; 
09ECE:  MOVLW  01
09ED0:  MOVWF  3A
.................... 			} 
.................... 			break; 
09ED2:  MOVLB  1
09ED4:  GOTO   C7FE
....................  
.................... 		case 150: 
.................... 			tela150(); 
09ED8:  GOTO   7840
.................... 			lcd_posicaoxy(6,1); 
09EDC:  MOVLW  06
09EDE:  MOVLB  1
09EE0:  MOVWF  x92
09EE2:  MOVLW  01
09EE4:  MOVWF  x93
09EE6:  MOVLB  0
09EE8:  CALL   262A
.................... 			lcd_escreve_tempo(tempos[0],tempos2[0]); 
09EEC:  MOVFF  5C,18F
09EF0:  MOVFF  5B,18E
09EF4:  MOVFF  5A,18D
09EF8:  MOVFF  59,18C
09EFC:  MOVFF  88,193
09F00:  MOVFF  87,192
09F04:  MOVFF  86,191
09F08:  MOVFF  85,190
09F0C:  CALL   75DA
.................... 			lcd_escreve(" s  "); 
09F10:  MOVLB  1
09F12:  CLRF   x80
09F14:  MOVF   x80,W
09F16:  MOVLB  0
09F18:  CALL   1E86
09F1C:  IORLW  00
09F1E:  BZ    9F32
09F20:  MOVLB  1
09F22:  INCF   x80,F
09F24:  MOVWF  xC1
09F26:  MOVLB  0
09F28:  CALL   265E
09F2C:  MOVLB  1
09F2E:  BRA    9F14
09F30:  MOVLB  0
.................... 			flagEstado=selecEstado(22,tecla_valida); 
09F32:  MOVLB  1
09F34:  CLRF   x83
09F36:  MOVLW  16
09F38:  MOVWF  x82
09F3A:  MOVFF  28,184
09F3E:  MOVLB  0
09F40:  CALL   2B28
09F44:  MOVFF  02,27
09F48:  MOVFF  01,26
.................... 			if(flagEstado==106){ 
09F4C:  MOVF   26,W
09F4E:  SUBLW  6A
09F50:  BNZ   9F5A
09F52:  MOVF   27,F
09F54:  BNZ   9F5A
.................... 				Modo=1; 
09F56:  MOVLW  01
09F58:  MOVWF  3A
.................... 			} 
.................... 			break; 
09F5A:  MOVLB  1
09F5C:  GOTO   C7FE
....................  
.................... 		case 151: 
.................... 			tela151(); 
09F60:  GOTO   78D6
.................... 			lcd_posicaoxy(6,1); 
09F64:  MOVLW  06
09F66:  MOVLB  1
09F68:  MOVWF  x92
09F6A:  MOVLW  01
09F6C:  MOVWF  x93
09F6E:  MOVLB  0
09F70:  CALL   262A
.................... 			lcd_escreve_tempo(tempos[1],tempos2[1]); 
09F74:  MOVFF  60,18F
09F78:  MOVFF  5F,18E
09F7C:  MOVFF  5E,18D
09F80:  MOVFF  5D,18C
09F84:  MOVFF  8C,193
09F88:  MOVFF  8B,192
09F8C:  MOVFF  8A,191
09F90:  MOVFF  89,190
09F94:  CALL   75DA
.................... 			lcd_escreve(" s  "); 
09F98:  MOVLB  1
09F9A:  CLRF   x80
09F9C:  MOVF   x80,W
09F9E:  MOVLB  0
09FA0:  CALL   1E86
09FA4:  IORLW  00
09FA6:  BZ    9FBA
09FA8:  MOVLB  1
09FAA:  INCF   x80,F
09FAC:  MOVWF  xC1
09FAE:  MOVLB  0
09FB0:  CALL   265E
09FB4:  MOVLB  1
09FB6:  BRA    9F9C
09FB8:  MOVLB  0
.................... 			flagEstado=selecEstado(23,tecla_valida); 
09FBA:  MOVLB  1
09FBC:  CLRF   x83
09FBE:  MOVLW  17
09FC0:  MOVWF  x82
09FC2:  MOVFF  28,184
09FC6:  MOVLB  0
09FC8:  CALL   2B28
09FCC:  MOVFF  02,27
09FD0:  MOVFF  01,26
.................... 			if(flagEstado==106){ 
09FD4:  MOVF   26,W
09FD6:  SUBLW  6A
09FD8:  BNZ   9FE2
09FDA:  MOVF   27,F
09FDC:  BNZ   9FE2
.................... 				Modo=1; 
09FDE:  MOVLW  01
09FE0:  MOVWF  3A
.................... 			} 
.................... 			break; 
09FE2:  MOVLB  1
09FE4:  GOTO   C7FE
....................  
.................... 		case 152: 
.................... 			tela152(); 
09FE8:  GOTO   7992
.................... 			lcd_posicaoxy(6,1); 
09FEC:  MOVLW  06
09FEE:  MOVLB  1
09FF0:  MOVWF  x92
09FF2:  MOVLW  01
09FF4:  MOVWF  x93
09FF6:  MOVLB  0
09FF8:  CALL   262A
.................... 			lcd_escreve_tempo(tempos[2],tempos2[2]); 
09FFC:  MOVFF  64,18F
0A000:  MOVFF  63,18E
0A004:  MOVFF  62,18D
0A008:  MOVFF  61,18C
0A00C:  MOVFF  90,193
0A010:  MOVFF  8F,192
0A014:  MOVFF  8E,191
0A018:  MOVFF  8D,190
0A01C:  CALL   75DA
.................... 			lcd_escreve(" s  "); 
0A020:  MOVLB  1
0A022:  CLRF   x80
0A024:  MOVF   x80,W
0A026:  MOVLB  0
0A028:  CALL   1E86
0A02C:  IORLW  00
0A02E:  BZ    A042
0A030:  MOVLB  1
0A032:  INCF   x80,F
0A034:  MOVWF  xC1
0A036:  MOVLB  0
0A038:  CALL   265E
0A03C:  MOVLB  1
0A03E:  BRA    A024
0A040:  MOVLB  0
.................... 			flagEstado=selecEstado(24,tecla_valida); 
0A042:  MOVLB  1
0A044:  CLRF   x83
0A046:  MOVLW  18
0A048:  MOVWF  x82
0A04A:  MOVFF  28,184
0A04E:  MOVLB  0
0A050:  CALL   2B28
0A054:  MOVFF  02,27
0A058:  MOVFF  01,26
.................... 			if(flagEstado==106){ 
0A05C:  MOVF   26,W
0A05E:  SUBLW  6A
0A060:  BNZ   A06A
0A062:  MOVF   27,F
0A064:  BNZ   A06A
.................... 				Modo=1; 
0A066:  MOVLW  01
0A068:  MOVWF  3A
.................... 			} 
.................... 			break; 
0A06A:  MOVLB  1
0A06C:  GOTO   C7FE
....................  
.................... 		case 153: 
.................... 			tela153(); 
0A070:  GOTO   7A1C
.................... 			lcd_posicaoxy(6,1); 
0A074:  MOVLW  06
0A076:  MOVLB  1
0A078:  MOVWF  x92
0A07A:  MOVLW  01
0A07C:  MOVWF  x93
0A07E:  MOVLB  0
0A080:  CALL   262A
.................... 			lcd_escreve_tempo(tempos[3],tempos2[3]); 
0A084:  MOVFF  68,18F
0A088:  MOVFF  67,18E
0A08C:  MOVFF  66,18D
0A090:  MOVFF  65,18C
0A094:  MOVFF  94,193
0A098:  MOVFF  93,192
0A09C:  MOVFF  92,191
0A0A0:  MOVFF  91,190
0A0A4:  CALL   75DA
.................... 			lcd_escreve(" s  "); 
0A0A8:  MOVLB  1
0A0AA:  CLRF   x80
0A0AC:  MOVF   x80,W
0A0AE:  MOVLB  0
0A0B0:  CALL   1E86
0A0B4:  IORLW  00
0A0B6:  BZ    A0CA
0A0B8:  MOVLB  1
0A0BA:  INCF   x80,F
0A0BC:  MOVWF  xC1
0A0BE:  MOVLB  0
0A0C0:  CALL   265E
0A0C4:  MOVLB  1
0A0C6:  BRA    A0AC
0A0C8:  MOVLB  0
.................... 			flagEstado=selecEstado(25,tecla_valida); 
0A0CA:  MOVLB  1
0A0CC:  CLRF   x83
0A0CE:  MOVLW  19
0A0D0:  MOVWF  x82
0A0D2:  MOVFF  28,184
0A0D6:  MOVLB  0
0A0D8:  CALL   2B28
0A0DC:  MOVFF  02,27
0A0E0:  MOVFF  01,26
.................... 			if(flagEstado==106){ 
0A0E4:  MOVF   26,W
0A0E6:  SUBLW  6A
0A0E8:  BNZ   A0F2
0A0EA:  MOVF   27,F
0A0EC:  BNZ   A0F2
.................... 				Modo=1; 
0A0EE:  MOVLW  01
0A0F0:  MOVWF  3A
.................... 			} 
.................... 			break; 
0A0F2:  MOVLB  1
0A0F4:  GOTO   C7FE
....................  
.................... 		case 154:		// t1,2: 
.................... 			tela154(); 
0A0F8:  GOTO   7AA6
.................... 			lcd_posicaoxy(6,1); 
0A0FC:  MOVLW  06
0A0FE:  MOVLB  1
0A100:  MOVWF  x92
0A102:  MOVLW  01
0A104:  MOVWF  x93
0A106:  MOVLB  0
0A108:  CALL   262A
.................... 			if (tempos[1]<tempos[0]){ 
0A10C:  MOVF   60,W
0A10E:  SUBWF  5C,W
0A110:  BNC   A170
0A112:  BNZ   A12A
0A114:  MOVF   5F,W
0A116:  SUBWF  5B,W
0A118:  BNC   A170
0A11A:  BNZ   A12A
0A11C:  MOVF   5E,W
0A11E:  SUBWF  5A,W
0A120:  BNC   A170
0A122:  BNZ   A12A
0A124:  MOVF   59,W
0A126:  SUBWF  5D,W
0A128:  BC    A170
.................... 				aux_tempo=tempos[1]+10000; 
0A12A:  MOVLW  10
0A12C:  ADDWF  5D,W
0A12E:  MOVLB  1
0A130:  MOVWF  x75
0A132:  MOVLW  27
0A134:  ADDWFC 5E,W
0A136:  MOVWF  x76
0A138:  MOVLW  00
0A13A:  ADDWFC 5F,W
0A13C:  MOVWF  x77
0A13E:  MOVLW  00
0A140:  ADDWFC 60,W
0A142:  MOVWF  x78
.................... 				aux_tempo2=tempos2[1]-1; 
0A144:  MOVLW  01
0A146:  MOVLB  0
0A148:  SUBWF  x89,W
0A14A:  MOVLB  1
0A14C:  MOVWF  x79
0A14E:  MOVLW  00
0A150:  MOVLB  0
0A152:  SUBWFB x8A,W
0A154:  MOVLB  1
0A156:  MOVWF  x7A
0A158:  MOVLW  00
0A15A:  MOVLB  0
0A15C:  SUBWFB x8B,W
0A15E:  MOVLB  1
0A160:  MOVWF  x7B
0A162:  MOVLW  00
0A164:  MOVLB  0
0A166:  SUBWFB x8C,W
0A168:  MOVLB  1
0A16A:  MOVWF  x7C
.................... 			}else{ 
0A16C:  BRA    A192
0A16E:  MOVLB  0
.................... 				aux_tempo=tempos[1]; 
0A170:  MOVFF  60,178
0A174:  MOVFF  5F,177
0A178:  MOVFF  5E,176
0A17C:  MOVFF  5D,175
.................... 				aux_tempo2=tempos2[1]; 
0A180:  MOVFF  8C,17C
0A184:  MOVFF  8B,17B
0A188:  MOVFF  8A,17A
0A18C:  MOVFF  89,179
0A190:  MOVLB  1
.................... 			} 
.................... 			tempos[4]=aux_tempo-tempos[0]; 
0A192:  MOVF   59,W
0A194:  SUBWF  x75,W
0A196:  MOVWF  69
0A198:  MOVF   5A,W
0A19A:  SUBWFB x76,W
0A19C:  MOVWF  6A
0A19E:  MOVF   5B,W
0A1A0:  SUBWFB x77,W
0A1A2:  MOVWF  6B
0A1A4:  MOVF   5C,W
0A1A6:  SUBWFB x78,W
0A1A8:  MOVWF  6C
.................... 			tempos2[4]=aux_tempo2-tempos2[0]; 
0A1AA:  MOVLB  0
0A1AC:  MOVF   x85,W
0A1AE:  MOVLB  1
0A1B0:  SUBWF  x79,W
0A1B2:  MOVLB  0
0A1B4:  MOVWF  x95
0A1B6:  MOVF   x86,W
0A1B8:  MOVLB  1
0A1BA:  SUBWFB x7A,W
0A1BC:  MOVLB  0
0A1BE:  MOVWF  x96
0A1C0:  MOVF   x87,W
0A1C2:  MOVLB  1
0A1C4:  SUBWFB x7B,W
0A1C6:  MOVLB  0
0A1C8:  MOVWF  x97
0A1CA:  MOVF   x88,W
0A1CC:  MOVLB  1
0A1CE:  SUBWFB x7C,W
0A1D0:  MOVLB  0
0A1D2:  MOVWF  x98
.................... 			lcd_escreve_tempo(tempos[4],tempos2[4]); 
0A1D4:  MOVFF  6C,18F
0A1D8:  MOVFF  6B,18E
0A1DC:  MOVFF  6A,18D
0A1E0:  MOVFF  69,18C
0A1E4:  MOVFF  98,193
0A1E8:  MOVFF  97,192
0A1EC:  MOVFF  96,191
0A1F0:  MOVFF  95,190
0A1F4:  CALL   75DA
.................... 			lcd_escreve(" s  "); 
0A1F8:  MOVLB  1
0A1FA:  CLRF   x80
0A1FC:  MOVF   x80,W
0A1FE:  MOVLB  0
0A200:  CALL   1E86
0A204:  IORLW  00
0A206:  BZ    A21A
0A208:  MOVLB  1
0A20A:  INCF   x80,F
0A20C:  MOVWF  xC1
0A20E:  MOVLB  0
0A210:  CALL   265E
0A214:  MOVLB  1
0A216:  BRA    A1FC
0A218:  MOVLB  0
.................... 			flagEstado=selecEstado(26,tecla_valida); 
0A21A:  MOVLB  1
0A21C:  CLRF   x83
0A21E:  MOVLW  1A
0A220:  MOVWF  x82
0A222:  MOVFF  28,184
0A226:  MOVLB  0
0A228:  CALL   2B28
0A22C:  MOVFF  02,27
0A230:  MOVFF  01,26
.................... 			if(flagEstado==106){ 
0A234:  MOVF   26,W
0A236:  SUBLW  6A
0A238:  BNZ   A242
0A23A:  MOVF   27,F
0A23C:  BNZ   A242
.................... 				Modo=1; 
0A23E:  MOVLW  01
0A240:  MOVWF  3A
.................... 			} 
.................... 			break; 
0A242:  MOVLB  1
0A244:  GOTO   C7FE
.................... 		case 155:		// t2,3: 
.................... 			tela155(); 
0A248:  GOTO   7B30
.................... 			lcd_posicaoxy(6,1); 
0A24C:  MOVLW  06
0A24E:  MOVLB  1
0A250:  MOVWF  x92
0A252:  MOVLW  01
0A254:  MOVWF  x93
0A256:  MOVLB  0
0A258:  CALL   262A
.................... 			if (tempos[2]<tempos[1]){ 
0A25C:  MOVF   64,W
0A25E:  SUBWF  60,W
0A260:  BNC   A2C0
0A262:  BNZ   A27A
0A264:  MOVF   63,W
0A266:  SUBWF  5F,W
0A268:  BNC   A2C0
0A26A:  BNZ   A27A
0A26C:  MOVF   62,W
0A26E:  SUBWF  5E,W
0A270:  BNC   A2C0
0A272:  BNZ   A27A
0A274:  MOVF   5D,W
0A276:  SUBWF  61,W
0A278:  BC    A2C0
.................... 				aux_tempo=tempos[2]+10000; 
0A27A:  MOVLW  10
0A27C:  ADDWF  61,W
0A27E:  MOVLB  1
0A280:  MOVWF  x75
0A282:  MOVLW  27
0A284:  ADDWFC 62,W
0A286:  MOVWF  x76
0A288:  MOVLW  00
0A28A:  ADDWFC 63,W
0A28C:  MOVWF  x77
0A28E:  MOVLW  00
0A290:  ADDWFC 64,W
0A292:  MOVWF  x78
.................... 				aux_tempo2=tempos2[2]-1; 
0A294:  MOVLW  01
0A296:  MOVLB  0
0A298:  SUBWF  x8D,W
0A29A:  MOVLB  1
0A29C:  MOVWF  x79
0A29E:  MOVLW  00
0A2A0:  MOVLB  0
0A2A2:  SUBWFB x8E,W
0A2A4:  MOVLB  1
0A2A6:  MOVWF  x7A
0A2A8:  MOVLW  00
0A2AA:  MOVLB  0
0A2AC:  SUBWFB x8F,W
0A2AE:  MOVLB  1
0A2B0:  MOVWF  x7B
0A2B2:  MOVLW  00
0A2B4:  MOVLB  0
0A2B6:  SUBWFB x90,W
0A2B8:  MOVLB  1
0A2BA:  MOVWF  x7C
.................... 			}else{ 
0A2BC:  BRA    A2E2
0A2BE:  MOVLB  0
.................... 				aux_tempo=tempos[2]; 
0A2C0:  MOVFF  64,178
0A2C4:  MOVFF  63,177
0A2C8:  MOVFF  62,176
0A2CC:  MOVFF  61,175
.................... 				aux_tempo2=tempos2[2]; 
0A2D0:  MOVFF  90,17C
0A2D4:  MOVFF  8F,17B
0A2D8:  MOVFF  8E,17A
0A2DC:  MOVFF  8D,179
0A2E0:  MOVLB  1
.................... 			} 
.................... 			tempos[5]=aux_tempo-tempos[1]; 
0A2E2:  MOVF   5D,W
0A2E4:  SUBWF  x75,W
0A2E6:  MOVWF  6D
0A2E8:  MOVF   5E,W
0A2EA:  SUBWFB x76,W
0A2EC:  MOVWF  6E
0A2EE:  MOVF   5F,W
0A2F0:  SUBWFB x77,W
0A2F2:  MOVWF  6F
0A2F4:  MOVF   60,W
0A2F6:  SUBWFB x78,W
0A2F8:  MOVWF  70
.................... 			tempos2[5]=aux_tempo2-tempos2[1]; 
0A2FA:  MOVLB  0
0A2FC:  MOVF   x89,W
0A2FE:  MOVLB  1
0A300:  SUBWF  x79,W
0A302:  MOVLB  0
0A304:  MOVWF  x99
0A306:  MOVF   x8A,W
0A308:  MOVLB  1
0A30A:  SUBWFB x7A,W
0A30C:  MOVLB  0
0A30E:  MOVWF  x9A
0A310:  MOVF   x8B,W
0A312:  MOVLB  1
0A314:  SUBWFB x7B,W
0A316:  MOVLB  0
0A318:  MOVWF  x9B
0A31A:  MOVF   x8C,W
0A31C:  MOVLB  1
0A31E:  SUBWFB x7C,W
0A320:  MOVLB  0
0A322:  MOVWF  x9C
.................... 			lcd_escreve_tempo(tempos[5],tempos2[5]); 
0A324:  MOVFF  70,18F
0A328:  MOVFF  6F,18E
0A32C:  MOVFF  6E,18D
0A330:  MOVFF  6D,18C
0A334:  MOVFF  9C,193
0A338:  MOVFF  9B,192
0A33C:  MOVFF  9A,191
0A340:  MOVFF  99,190
0A344:  CALL   75DA
.................... 			lcd_escreve(" s  "); 
0A348:  MOVLB  1
0A34A:  CLRF   x80
0A34C:  MOVF   x80,W
0A34E:  MOVLB  0
0A350:  CALL   1E86
0A354:  IORLW  00
0A356:  BZ    A36A
0A358:  MOVLB  1
0A35A:  INCF   x80,F
0A35C:  MOVWF  xC1
0A35E:  MOVLB  0
0A360:  CALL   265E
0A364:  MOVLB  1
0A366:  BRA    A34C
0A368:  MOVLB  0
.................... 			flagEstado=selecEstado(27,tecla_valida); 
0A36A:  MOVLB  1
0A36C:  CLRF   x83
0A36E:  MOVLW  1B
0A370:  MOVWF  x82
0A372:  MOVFF  28,184
0A376:  MOVLB  0
0A378:  CALL   2B28
0A37C:  MOVFF  02,27
0A380:  MOVFF  01,26
.................... 			if(flagEstado==106){ 
0A384:  MOVF   26,W
0A386:  SUBLW  6A
0A388:  BNZ   A392
0A38A:  MOVF   27,F
0A38C:  BNZ   A392
.................... 				Modo=1; 
0A38E:  MOVLW  01
0A390:  MOVWF  3A
.................... 			} 
.................... 			break; 
0A392:  MOVLB  1
0A394:  GOTO   C7FE
.................... 		case 156:		// t3,4: 
.................... 			tela156(); 
0A398:  GOTO   7BBA
.................... 			lcd_posicaoxy(6,1); 
0A39C:  MOVLW  06
0A39E:  MOVLB  1
0A3A0:  MOVWF  x92
0A3A2:  MOVLW  01
0A3A4:  MOVWF  x93
0A3A6:  MOVLB  0
0A3A8:  CALL   262A
.................... 			if (tempos[3]<tempos[2]){ 
0A3AC:  MOVF   68,W
0A3AE:  SUBWF  64,W
0A3B0:  BNC   A410
0A3B2:  BNZ   A3CA
0A3B4:  MOVF   67,W
0A3B6:  SUBWF  63,W
0A3B8:  BNC   A410
0A3BA:  BNZ   A3CA
0A3BC:  MOVF   66,W
0A3BE:  SUBWF  62,W
0A3C0:  BNC   A410
0A3C2:  BNZ   A3CA
0A3C4:  MOVF   61,W
0A3C6:  SUBWF  65,W
0A3C8:  BC    A410
.................... 				aux_tempo=tempos[3]+10000; 
0A3CA:  MOVLW  10
0A3CC:  ADDWF  65,W
0A3CE:  MOVLB  1
0A3D0:  MOVWF  x75
0A3D2:  MOVLW  27
0A3D4:  ADDWFC 66,W
0A3D6:  MOVWF  x76
0A3D8:  MOVLW  00
0A3DA:  ADDWFC 67,W
0A3DC:  MOVWF  x77
0A3DE:  MOVLW  00
0A3E0:  ADDWFC 68,W
0A3E2:  MOVWF  x78
.................... 				aux_tempo2=tempos2[3]-1; 
0A3E4:  MOVLW  01
0A3E6:  MOVLB  0
0A3E8:  SUBWF  x91,W
0A3EA:  MOVLB  1
0A3EC:  MOVWF  x79
0A3EE:  MOVLW  00
0A3F0:  MOVLB  0
0A3F2:  SUBWFB x92,W
0A3F4:  MOVLB  1
0A3F6:  MOVWF  x7A
0A3F8:  MOVLW  00
0A3FA:  MOVLB  0
0A3FC:  SUBWFB x93,W
0A3FE:  MOVLB  1
0A400:  MOVWF  x7B
0A402:  MOVLW  00
0A404:  MOVLB  0
0A406:  SUBWFB x94,W
0A408:  MOVLB  1
0A40A:  MOVWF  x7C
.................... 			}else{ 
0A40C:  BRA    A432
0A40E:  MOVLB  0
.................... 				aux_tempo=tempos[3]; 
0A410:  MOVFF  68,178
0A414:  MOVFF  67,177
0A418:  MOVFF  66,176
0A41C:  MOVFF  65,175
.................... 				aux_tempo2=tempos2[3]; 
0A420:  MOVFF  94,17C
0A424:  MOVFF  93,17B
0A428:  MOVFF  92,17A
0A42C:  MOVFF  91,179
0A430:  MOVLB  1
.................... 			} 
.................... 			tempos[6]=aux_tempo-tempos[2]; 
0A432:  MOVF   61,W
0A434:  SUBWF  x75,W
0A436:  MOVWF  71
0A438:  MOVF   62,W
0A43A:  SUBWFB x76,W
0A43C:  MOVWF  72
0A43E:  MOVF   63,W
0A440:  SUBWFB x77,W
0A442:  MOVWF  73
0A444:  MOVF   64,W
0A446:  SUBWFB x78,W
0A448:  MOVWF  74
.................... 			tempos2[6]=aux_tempo2-tempos2[2]; 
0A44A:  MOVLB  0
0A44C:  MOVF   x8D,W
0A44E:  MOVLB  1
0A450:  SUBWF  x79,W
0A452:  MOVLB  0
0A454:  MOVWF  x9D
0A456:  MOVF   x8E,W
0A458:  MOVLB  1
0A45A:  SUBWFB x7A,W
0A45C:  MOVLB  0
0A45E:  MOVWF  x9E
0A460:  MOVF   x8F,W
0A462:  MOVLB  1
0A464:  SUBWFB x7B,W
0A466:  MOVLB  0
0A468:  MOVWF  x9F
0A46A:  MOVF   x90,W
0A46C:  MOVLB  1
0A46E:  SUBWFB x7C,W
0A470:  MOVLB  0
0A472:  MOVWF  xA0
.................... 			lcd_escreve_tempo(tempos[6],tempos2[6]); 
0A474:  MOVFF  74,18F
0A478:  MOVFF  73,18E
0A47C:  MOVFF  72,18D
0A480:  MOVFF  71,18C
0A484:  MOVFF  A0,193
0A488:  MOVFF  9F,192
0A48C:  MOVFF  9E,191
0A490:  MOVFF  9D,190
0A494:  CALL   75DA
.................... 			lcd_escreve(" s "); 
0A498:  MOVLB  1
0A49A:  CLRF   x80
0A49C:  MOVF   x80,W
0A49E:  MOVLB  0
0A4A0:  CALL   1EA6
0A4A4:  IORLW  00
0A4A6:  BZ    A4BA
0A4A8:  MOVLB  1
0A4AA:  INCF   x80,F
0A4AC:  MOVWF  xC1
0A4AE:  MOVLB  0
0A4B0:  CALL   265E
0A4B4:  MOVLB  1
0A4B6:  BRA    A49C
0A4B8:  MOVLB  0
.................... 			flagEstado=selecEstado(28,tecla_valida); 
0A4BA:  MOVLB  1
0A4BC:  CLRF   x83
0A4BE:  MOVLW  1C
0A4C0:  MOVWF  x82
0A4C2:  MOVFF  28,184
0A4C6:  MOVLB  0
0A4C8:  CALL   2B28
0A4CC:  MOVFF  02,27
0A4D0:  MOVFF  01,26
.................... 			if(flagEstado==106){ 
0A4D4:  MOVF   26,W
0A4D6:  SUBLW  6A
0A4D8:  BNZ   A4E2
0A4DA:  MOVF   27,F
0A4DC:  BNZ   A4E2
.................... 				Modo=1; 
0A4DE:  MOVLW  01
0A4E0:  MOVWF  3A
.................... 			} 
.................... 			break; 
0A4E2:  MOVLB  1
0A4E4:  GOTO   C7FE
.................... 		case 169: 
.................... 			tela169(); 
0A4E8:  GOTO   7C44
.................... 			lcd_posicaoxy(7,1); 
0A4EC:  MOVLW  07
0A4EE:  MOVLB  1
0A4F0:  MOVWF  x92
0A4F2:  MOVLW  01
0A4F4:  MOVWF  x93
0A4F6:  MOVLB  0
0A4F8:  CALL   262A
.................... 			tempo=(float)tempos[0]/100; 
0A4FC:  MOVFF  5C,1AD
0A500:  MOVFF  5B,1AC
0A504:  MOVFF  5A,1AB
0A508:  MOVFF  59,1AA
0A50C:  CALL   7DA6
0A510:  MOVFF  00,180
0A514:  MOVFF  01,181
0A518:  MOVFF  02,182
0A51C:  MOVFF  03,183
0A520:  MOVFF  03,1AD
0A524:  MOVFF  02,1AC
0A528:  MOVFF  01,1AB
0A52C:  MOVFF  00,1AA
0A530:  MOVLB  1
0A532:  CLRF   xB1
0A534:  CLRF   xB0
0A536:  MOVLW  48
0A538:  MOVWF  xAF
0A53A:  MOVLW  85
0A53C:  MOVWF  xAE
0A53E:  MOVLB  0
0A540:  CALL   7DDE
0A544:  MOVFF  03,16C
0A548:  MOVFF  02,16B
0A54C:  MOVFF  01,16A
0A550:  MOVFF  00,169
.................... 			tempo2=(float)tempos2[0]*100; 
0A554:  MOVFF  88,1AD
0A558:  MOVFF  87,1AC
0A55C:  MOVFF  86,1AB
0A560:  MOVFF  85,1AA
0A564:  CALL   7DA6
0A568:  MOVFF  00,180
0A56C:  MOVFF  01,181
0A570:  MOVFF  02,182
0A574:  MOVFF  03,183
0A578:  MOVFF  03,1AD
0A57C:  MOVFF  02,1AC
0A580:  MOVFF  01,1AB
0A584:  MOVFF  00,1AA
0A588:  MOVLB  1
0A58A:  CLRF   xB1
0A58C:  CLRF   xB0
0A58E:  MOVLW  48
0A590:  MOVWF  xAF
0A592:  MOVLW  85
0A594:  MOVWF  xAE
0A596:  MOVLB  0
0A598:  CALL   7F3C
0A59C:  MOVFF  03,170
0A5A0:  MOVFF  02,16F
0A5A4:  MOVFF  01,16E
0A5A8:  MOVFF  00,16D
.................... 			tempo2=(float)tempo2+tempo; 
0A5AC:  BCF    FD8.1
0A5AE:  MOVFF  170,1AD
0A5B2:  MOVFF  16F,1AC
0A5B6:  MOVFF  16E,1AB
0A5BA:  MOVFF  16D,1AA
0A5BE:  MOVFF  16C,1B1
0A5C2:  MOVFF  16B,1B0
0A5C6:  MOVFF  16A,1AF
0A5CA:  MOVFF  169,1AE
0A5CE:  CALL   8032
0A5D2:  MOVFF  03,170
0A5D6:  MOVFF  02,16F
0A5DA:  MOVFF  01,16E
0A5DE:  MOVFF  00,16D
.................... 			velocidade=(float)distS1/tempo2; 
0A5E2:  MOVFF  2D,181
0A5E6:  MOVFF  2C,180
0A5EA:  CALL   82AA
0A5EE:  MOVFF  00,180
0A5F2:  MOVFF  01,181
0A5F6:  MOVFF  02,182
0A5FA:  MOVFF  03,183
0A5FE:  MOVFF  03,1AD
0A602:  MOVFF  02,1AC
0A606:  MOVFF  01,1AB
0A60A:  MOVFF  00,1AA
0A60E:  MOVFF  170,1B1
0A612:  MOVFF  16F,1B0
0A616:  MOVFF  16E,1AF
0A61A:  MOVFF  16D,1AE
0A61E:  CALL   7DDE
0A622:  MOVFF  03,164
0A626:  MOVFF  02,163
0A62A:  MOVFF  01,162
0A62E:  MOVFF  00,161
.................... 			lcd_escreve_veloc(velocidade); 
0A632:  MOVFF  164,187
0A636:  MOVFF  163,186
0A63A:  MOVFF  162,185
0A63E:  MOVFF  161,184
0A642:  CALL   83DA
.................... 			lcd_posicaoxy(14,1); 
0A646:  MOVLW  0E
0A648:  MOVLB  1
0A64A:  MOVWF  x92
0A64C:  MOVLW  01
0A64E:  MOVWF  x93
0A650:  MOVLB  0
0A652:  CALL   262A
.................... 			lcd_escreve("m/s"); 
0A656:  MOVLB  1
0A658:  CLRF   x80
0A65A:  MOVF   x80,W
0A65C:  MOVLB  0
0A65E:  CALL   1EC4
0A662:  IORLW  00
0A664:  BZ    A678
0A666:  MOVLB  1
0A668:  INCF   x80,F
0A66A:  MOVWF  xC1
0A66C:  MOVLB  0
0A66E:  CALL   265E
0A672:  MOVLB  1
0A674:  BRA    A65A
0A676:  MOVLB  0
.................... 			flagEstado=selecEstado(40,tecla_valida); 
0A678:  MOVLB  1
0A67A:  CLRF   x83
0A67C:  MOVLW  28
0A67E:  MOVWF  x82
0A680:  MOVFF  28,184
0A684:  MOVLB  0
0A686:  CALL   2B28
0A68A:  MOVFF  02,27
0A68E:  MOVFF  01,26
.................... 			if(flagEstado==106){ 
0A692:  MOVF   26,W
0A694:  SUBLW  6A
0A696:  BNZ   A6A0
0A698:  MOVF   27,F
0A69A:  BNZ   A6A0
.................... 				Modo=1; 
0A69C:  MOVLW  01
0A69E:  MOVWF  3A
.................... 			} 
.................... 			break; 
0A6A0:  MOVLB  1
0A6A2:  GOTO   C7FE
.................... 		case 170: 
.................... 			tela170(); 
0A6A6:  GOTO   8730
.................... 			lcd_posicaoxy(7,1); 
0A6AA:  MOVLW  07
0A6AC:  MOVLB  1
0A6AE:  MOVWF  x92
0A6B0:  MOVLW  01
0A6B2:  MOVWF  x93
0A6B4:  MOVLB  0
0A6B6:  CALL   262A
.................... 			tempo=(float)tempos[0]/100; 
0A6BA:  MOVFF  5C,1AD
0A6BE:  MOVFF  5B,1AC
0A6C2:  MOVFF  5A,1AB
0A6C6:  MOVFF  59,1AA
0A6CA:  CALL   7DA6
0A6CE:  MOVFF  00,180
0A6D2:  MOVFF  01,181
0A6D6:  MOVFF  02,182
0A6DA:  MOVFF  03,183
0A6DE:  MOVFF  03,1AD
0A6E2:  MOVFF  02,1AC
0A6E6:  MOVFF  01,1AB
0A6EA:  MOVFF  00,1AA
0A6EE:  MOVLB  1
0A6F0:  CLRF   xB1
0A6F2:  CLRF   xB0
0A6F4:  MOVLW  48
0A6F6:  MOVWF  xAF
0A6F8:  MOVLW  85
0A6FA:  MOVWF  xAE
0A6FC:  MOVLB  0
0A6FE:  CALL   7DDE
0A702:  MOVFF  03,16C
0A706:  MOVFF  02,16B
0A70A:  MOVFF  01,16A
0A70E:  MOVFF  00,169
.................... 			tempo2=(float)tempos2[0]*100; 
0A712:  MOVFF  88,1AD
0A716:  MOVFF  87,1AC
0A71A:  MOVFF  86,1AB
0A71E:  MOVFF  85,1AA
0A722:  CALL   7DA6
0A726:  MOVFF  00,180
0A72A:  MOVFF  01,181
0A72E:  MOVFF  02,182
0A732:  MOVFF  03,183
0A736:  MOVFF  03,1AD
0A73A:  MOVFF  02,1AC
0A73E:  MOVFF  01,1AB
0A742:  MOVFF  00,1AA
0A746:  MOVLB  1
0A748:  CLRF   xB1
0A74A:  CLRF   xB0
0A74C:  MOVLW  48
0A74E:  MOVWF  xAF
0A750:  MOVLW  85
0A752:  MOVWF  xAE
0A754:  MOVLB  0
0A756:  CALL   7F3C
0A75A:  MOVFF  03,170
0A75E:  MOVFF  02,16F
0A762:  MOVFF  01,16E
0A766:  MOVFF  00,16D
.................... 			tempo2=(float)tempo2+tempo; 
0A76A:  BCF    FD8.1
0A76C:  MOVFF  170,1AD
0A770:  MOVFF  16F,1AC
0A774:  MOVFF  16E,1AB
0A778:  MOVFF  16D,1AA
0A77C:  MOVFF  16C,1B1
0A780:  MOVFF  16B,1B0
0A784:  MOVFF  16A,1AF
0A788:  MOVFF  169,1AE
0A78C:  CALL   8032
0A790:  MOVFF  03,170
0A794:  MOVFF  02,16F
0A798:  MOVFF  01,16E
0A79C:  MOVFF  00,16D
.................... 			velocidade=(float)distS1/tempo2; 
0A7A0:  MOVFF  2D,181
0A7A4:  MOVFF  2C,180
0A7A8:  CALL   82AA
0A7AC:  MOVFF  00,180
0A7B0:  MOVFF  01,181
0A7B4:  MOVFF  02,182
0A7B8:  MOVFF  03,183
0A7BC:  MOVFF  03,1AD
0A7C0:  MOVFF  02,1AC
0A7C4:  MOVFF  01,1AB
0A7C8:  MOVFF  00,1AA
0A7CC:  MOVFF  170,1B1
0A7D0:  MOVFF  16F,1B0
0A7D4:  MOVFF  16E,1AF
0A7D8:  MOVFF  16D,1AE
0A7DC:  CALL   7DDE
0A7E0:  MOVFF  03,164
0A7E4:  MOVFF  02,163
0A7E8:  MOVFF  01,162
0A7EC:  MOVFF  00,161
.................... 			lcd_escreve_veloc(velocidade); 
0A7F0:  MOVFF  164,187
0A7F4:  MOVFF  163,186
0A7F8:  MOVFF  162,185
0A7FC:  MOVFF  161,184
0A800:  CALL   83DA
.................... 			lcd_posicaoxy(14,1); 
0A804:  MOVLW  0E
0A806:  MOVLB  1
0A808:  MOVWF  x92
0A80A:  MOVLW  01
0A80C:  MOVWF  x93
0A80E:  MOVLB  0
0A810:  CALL   262A
.................... 			lcd_escreve("m/s"); 
0A814:  MOVLB  1
0A816:  CLRF   x80
0A818:  MOVF   x80,W
0A81A:  MOVLB  0
0A81C:  CALL   1EC4
0A820:  IORLW  00
0A822:  BZ    A836
0A824:  MOVLB  1
0A826:  INCF   x80,F
0A828:  MOVWF  xC1
0A82A:  MOVLB  0
0A82C:  CALL   265E
0A830:  MOVLB  1
0A832:  BRA    A818
0A834:  MOVLB  0
.................... 			flagEstado=selecEstado(29,tecla_valida); 
0A836:  MOVLB  1
0A838:  CLRF   x83
0A83A:  MOVLW  1D
0A83C:  MOVWF  x82
0A83E:  MOVFF  28,184
0A842:  MOVLB  0
0A844:  CALL   2B28
0A848:  MOVFF  02,27
0A84C:  MOVFF  01,26
.................... 			if(flagEstado==106){ 
0A850:  MOVF   26,W
0A852:  SUBLW  6A
0A854:  BNZ   A85E
0A856:  MOVF   27,F
0A858:  BNZ   A85E
.................... 				Modo=1; 
0A85A:  MOVLW  01
0A85C:  MOVWF  3A
.................... 			} 
.................... 			break; 
0A85E:  MOVLB  1
0A860:  GOTO   C7FE
....................  
.................... 		case 171: 
.................... 			tela171(); 
0A864:  GOTO   87C6
.................... 			lcd_posicaoxy(7,1); 
0A868:  MOVLW  07
0A86A:  MOVLB  1
0A86C:  MOVWF  x92
0A86E:  MOVLW  01
0A870:  MOVWF  x93
0A872:  MOVLB  0
0A874:  CALL   262A
.................... 			tempo=(float)tempos[1]/100; 
0A878:  MOVFF  60,1AD
0A87C:  MOVFF  5F,1AC
0A880:  MOVFF  5E,1AB
0A884:  MOVFF  5D,1AA
0A888:  CALL   7DA6
0A88C:  MOVFF  00,180
0A890:  MOVFF  01,181
0A894:  MOVFF  02,182
0A898:  MOVFF  03,183
0A89C:  MOVFF  03,1AD
0A8A0:  MOVFF  02,1AC
0A8A4:  MOVFF  01,1AB
0A8A8:  MOVFF  00,1AA
0A8AC:  MOVLB  1
0A8AE:  CLRF   xB1
0A8B0:  CLRF   xB0
0A8B2:  MOVLW  48
0A8B4:  MOVWF  xAF
0A8B6:  MOVLW  85
0A8B8:  MOVWF  xAE
0A8BA:  MOVLB  0
0A8BC:  CALL   7DDE
0A8C0:  MOVFF  03,16C
0A8C4:  MOVFF  02,16B
0A8C8:  MOVFF  01,16A
0A8CC:  MOVFF  00,169
.................... 			tempo2=(float)tempos2[1]*100; 
0A8D0:  MOVFF  8C,1AD
0A8D4:  MOVFF  8B,1AC
0A8D8:  MOVFF  8A,1AB
0A8DC:  MOVFF  89,1AA
0A8E0:  CALL   7DA6
0A8E4:  MOVFF  00,180
0A8E8:  MOVFF  01,181
0A8EC:  MOVFF  02,182
0A8F0:  MOVFF  03,183
0A8F4:  MOVFF  03,1AD
0A8F8:  MOVFF  02,1AC
0A8FC:  MOVFF  01,1AB
0A900:  MOVFF  00,1AA
0A904:  MOVLB  1
0A906:  CLRF   xB1
0A908:  CLRF   xB0
0A90A:  MOVLW  48
0A90C:  MOVWF  xAF
0A90E:  MOVLW  85
0A910:  MOVWF  xAE
0A912:  MOVLB  0
0A914:  CALL   7F3C
0A918:  MOVFF  03,170
0A91C:  MOVFF  02,16F
0A920:  MOVFF  01,16E
0A924:  MOVFF  00,16D
.................... 			tempo2=(float)tempo2+tempo; 
0A928:  BCF    FD8.1
0A92A:  MOVFF  170,1AD
0A92E:  MOVFF  16F,1AC
0A932:  MOVFF  16E,1AB
0A936:  MOVFF  16D,1AA
0A93A:  MOVFF  16C,1B1
0A93E:  MOVFF  16B,1B0
0A942:  MOVFF  16A,1AF
0A946:  MOVFF  169,1AE
0A94A:  CALL   8032
0A94E:  MOVFF  03,170
0A952:  MOVFF  02,16F
0A956:  MOVFF  01,16E
0A95A:  MOVFF  00,16D
.................... 			velocidade=(float)distS2/tempo2; 
0A95E:  MOVFF  2F,181
0A962:  MOVFF  2E,180
0A966:  CALL   82AA
0A96A:  MOVFF  00,180
0A96E:  MOVFF  01,181
0A972:  MOVFF  02,182
0A976:  MOVFF  03,183
0A97A:  MOVFF  03,1AD
0A97E:  MOVFF  02,1AC
0A982:  MOVFF  01,1AB
0A986:  MOVFF  00,1AA
0A98A:  MOVFF  170,1B1
0A98E:  MOVFF  16F,1B0
0A992:  MOVFF  16E,1AF
0A996:  MOVFF  16D,1AE
0A99A:  CALL   7DDE
0A99E:  MOVFF  03,164
0A9A2:  MOVFF  02,163
0A9A6:  MOVFF  01,162
0A9AA:  MOVFF  00,161
.................... 			lcd_escreve_veloc(velocidade); 
0A9AE:  MOVFF  164,187
0A9B2:  MOVFF  163,186
0A9B6:  MOVFF  162,185
0A9BA:  MOVFF  161,184
0A9BE:  CALL   83DA
.................... 			lcd_posicaoxy(14,1); 
0A9C2:  MOVLW  0E
0A9C4:  MOVLB  1
0A9C6:  MOVWF  x92
0A9C8:  MOVLW  01
0A9CA:  MOVWF  x93
0A9CC:  MOVLB  0
0A9CE:  CALL   262A
.................... 			lcd_escreve("m/s"); 
0A9D2:  MOVLB  1
0A9D4:  CLRF   x80
0A9D6:  MOVF   x80,W
0A9D8:  MOVLB  0
0A9DA:  CALL   1EC4
0A9DE:  IORLW  00
0A9E0:  BZ    A9F4
0A9E2:  MOVLB  1
0A9E4:  INCF   x80,F
0A9E6:  MOVWF  xC1
0A9E8:  MOVLB  0
0A9EA:  CALL   265E
0A9EE:  MOVLB  1
0A9F0:  BRA    A9D6
0A9F2:  MOVLB  0
.................... 			flagEstado=selecEstado(30,tecla_valida); 
0A9F4:  MOVLB  1
0A9F6:  CLRF   x83
0A9F8:  MOVLW  1E
0A9FA:  MOVWF  x82
0A9FC:  MOVFF  28,184
0AA00:  MOVLB  0
0AA02:  CALL   2B28
0AA06:  MOVFF  02,27
0AA0A:  MOVFF  01,26
.................... 			if(flagEstado==106){ 
0AA0E:  MOVF   26,W
0AA10:  SUBLW  6A
0AA12:  BNZ   AA1C
0AA14:  MOVF   27,F
0AA16:  BNZ   AA1C
.................... 				Modo=1; 
0AA18:  MOVLW  01
0AA1A:  MOVWF  3A
.................... 			} 
.................... 			break; 
0AA1C:  MOVLB  1
0AA1E:  GOTO   C7FE
....................  
.................... 		case 172: 
.................... 			tela172(); 
0AA22:  GOTO   8850
.................... 			lcd_posicaoxy(7,1); 
0AA26:  MOVLW  07
0AA28:  MOVLB  1
0AA2A:  MOVWF  x92
0AA2C:  MOVLW  01
0AA2E:  MOVWF  x93
0AA30:  MOVLB  0
0AA32:  CALL   262A
.................... 			tempo=(float)tempos[2]/100; 
0AA36:  MOVFF  64,1AD
0AA3A:  MOVFF  63,1AC
0AA3E:  MOVFF  62,1AB
0AA42:  MOVFF  61,1AA
0AA46:  CALL   7DA6
0AA4A:  MOVFF  00,180
0AA4E:  MOVFF  01,181
0AA52:  MOVFF  02,182
0AA56:  MOVFF  03,183
0AA5A:  MOVFF  03,1AD
0AA5E:  MOVFF  02,1AC
0AA62:  MOVFF  01,1AB
0AA66:  MOVFF  00,1AA
0AA6A:  MOVLB  1
0AA6C:  CLRF   xB1
0AA6E:  CLRF   xB0
0AA70:  MOVLW  48
0AA72:  MOVWF  xAF
0AA74:  MOVLW  85
0AA76:  MOVWF  xAE
0AA78:  MOVLB  0
0AA7A:  CALL   7DDE
0AA7E:  MOVFF  03,16C
0AA82:  MOVFF  02,16B
0AA86:  MOVFF  01,16A
0AA8A:  MOVFF  00,169
.................... 			tempo2=(float)tempos2[2]*100; 
0AA8E:  MOVFF  90,1AD
0AA92:  MOVFF  8F,1AC
0AA96:  MOVFF  8E,1AB
0AA9A:  MOVFF  8D,1AA
0AA9E:  CALL   7DA6
0AAA2:  MOVFF  00,180
0AAA6:  MOVFF  01,181
0AAAA:  MOVFF  02,182
0AAAE:  MOVFF  03,183
0AAB2:  MOVFF  03,1AD
0AAB6:  MOVFF  02,1AC
0AABA:  MOVFF  01,1AB
0AABE:  MOVFF  00,1AA
0AAC2:  MOVLB  1
0AAC4:  CLRF   xB1
0AAC6:  CLRF   xB0
0AAC8:  MOVLW  48
0AACA:  MOVWF  xAF
0AACC:  MOVLW  85
0AACE:  MOVWF  xAE
0AAD0:  MOVLB  0
0AAD2:  CALL   7F3C
0AAD6:  MOVFF  03,170
0AADA:  MOVFF  02,16F
0AADE:  MOVFF  01,16E
0AAE2:  MOVFF  00,16D
.................... 			tempo2=(float)tempo2+tempo; 
0AAE6:  BCF    FD8.1
0AAE8:  MOVFF  170,1AD
0AAEC:  MOVFF  16F,1AC
0AAF0:  MOVFF  16E,1AB
0AAF4:  MOVFF  16D,1AA
0AAF8:  MOVFF  16C,1B1
0AAFC:  MOVFF  16B,1B0
0AB00:  MOVFF  16A,1AF
0AB04:  MOVFF  169,1AE
0AB08:  CALL   8032
0AB0C:  MOVFF  03,170
0AB10:  MOVFF  02,16F
0AB14:  MOVFF  01,16E
0AB18:  MOVFF  00,16D
.................... 			velocidade=(float)distS3/tempo2; 
0AB1C:  MOVFF  31,181
0AB20:  MOVFF  30,180
0AB24:  CALL   82AA
0AB28:  MOVFF  00,180
0AB2C:  MOVFF  01,181
0AB30:  MOVFF  02,182
0AB34:  MOVFF  03,183
0AB38:  MOVFF  03,1AD
0AB3C:  MOVFF  02,1AC
0AB40:  MOVFF  01,1AB
0AB44:  MOVFF  00,1AA
0AB48:  MOVFF  170,1B1
0AB4C:  MOVFF  16F,1B0
0AB50:  MOVFF  16E,1AF
0AB54:  MOVFF  16D,1AE
0AB58:  CALL   7DDE
0AB5C:  MOVFF  03,164
0AB60:  MOVFF  02,163
0AB64:  MOVFF  01,162
0AB68:  MOVFF  00,161
.................... 			lcd_escreve_veloc(velocidade); 
0AB6C:  MOVFF  164,187
0AB70:  MOVFF  163,186
0AB74:  MOVFF  162,185
0AB78:  MOVFF  161,184
0AB7C:  CALL   83DA
.................... 			lcd_posicaoxy(14,1); 
0AB80:  MOVLW  0E
0AB82:  MOVLB  1
0AB84:  MOVWF  x92
0AB86:  MOVLW  01
0AB88:  MOVWF  x93
0AB8A:  MOVLB  0
0AB8C:  CALL   262A
.................... 			lcd_escreve("m/s"); 
0AB90:  MOVLB  1
0AB92:  CLRF   x80
0AB94:  MOVF   x80,W
0AB96:  MOVLB  0
0AB98:  CALL   1EC4
0AB9C:  IORLW  00
0AB9E:  BZ    ABB2
0ABA0:  MOVLB  1
0ABA2:  INCF   x80,F
0ABA4:  MOVWF  xC1
0ABA6:  MOVLB  0
0ABA8:  CALL   265E
0ABAC:  MOVLB  1
0ABAE:  BRA    AB94
0ABB0:  MOVLB  0
.................... 			flagEstado=selecEstado(31,tecla_valida); 
0ABB2:  MOVLB  1
0ABB4:  CLRF   x83
0ABB6:  MOVLW  1F
0ABB8:  MOVWF  x82
0ABBA:  MOVFF  28,184
0ABBE:  MOVLB  0
0ABC0:  CALL   2B28
0ABC4:  MOVFF  02,27
0ABC8:  MOVFF  01,26
.................... 			if(flagEstado==106){ 
0ABCC:  MOVF   26,W
0ABCE:  SUBLW  6A
0ABD0:  BNZ   ABDA
0ABD2:  MOVF   27,F
0ABD4:  BNZ   ABDA
.................... 				Modo=1; 
0ABD6:  MOVLW  01
0ABD8:  MOVWF  3A
.................... 			} 
.................... 			break; 
0ABDA:  MOVLB  1
0ABDC:  GOTO   C7FE
....................  
.................... 		case 173: 
.................... 			tela173(); 
0ABE0:  GOTO   88DA
.................... 			lcd_posicaoxy(7,1); 
0ABE4:  MOVLW  07
0ABE6:  MOVLB  1
0ABE8:  MOVWF  x92
0ABEA:  MOVLW  01
0ABEC:  MOVWF  x93
0ABEE:  MOVLB  0
0ABF0:  CALL   262A
.................... 			tempo=(float)tempos[3]/100; 
0ABF4:  MOVFF  68,1AD
0ABF8:  MOVFF  67,1AC
0ABFC:  MOVFF  66,1AB
0AC00:  MOVFF  65,1AA
0AC04:  CALL   7DA6
0AC08:  MOVFF  00,180
0AC0C:  MOVFF  01,181
0AC10:  MOVFF  02,182
0AC14:  MOVFF  03,183
0AC18:  MOVFF  03,1AD
0AC1C:  MOVFF  02,1AC
0AC20:  MOVFF  01,1AB
0AC24:  MOVFF  00,1AA
0AC28:  MOVLB  1
0AC2A:  CLRF   xB1
0AC2C:  CLRF   xB0
0AC2E:  MOVLW  48
0AC30:  MOVWF  xAF
0AC32:  MOVLW  85
0AC34:  MOVWF  xAE
0AC36:  MOVLB  0
0AC38:  CALL   7DDE
0AC3C:  MOVFF  03,16C
0AC40:  MOVFF  02,16B
0AC44:  MOVFF  01,16A
0AC48:  MOVFF  00,169
.................... 			tempo2=(float)tempos2[3]*100; 
0AC4C:  MOVFF  94,1AD
0AC50:  MOVFF  93,1AC
0AC54:  MOVFF  92,1AB
0AC58:  MOVFF  91,1AA
0AC5C:  CALL   7DA6
0AC60:  MOVFF  00,180
0AC64:  MOVFF  01,181
0AC68:  MOVFF  02,182
0AC6C:  MOVFF  03,183
0AC70:  MOVFF  03,1AD
0AC74:  MOVFF  02,1AC
0AC78:  MOVFF  01,1AB
0AC7C:  MOVFF  00,1AA
0AC80:  MOVLB  1
0AC82:  CLRF   xB1
0AC84:  CLRF   xB0
0AC86:  MOVLW  48
0AC88:  MOVWF  xAF
0AC8A:  MOVLW  85
0AC8C:  MOVWF  xAE
0AC8E:  MOVLB  0
0AC90:  CALL   7F3C
0AC94:  MOVFF  03,170
0AC98:  MOVFF  02,16F
0AC9C:  MOVFF  01,16E
0ACA0:  MOVFF  00,16D
.................... 			tempo2=(float)tempo2+tempo; 
0ACA4:  BCF    FD8.1
0ACA6:  MOVFF  170,1AD
0ACAA:  MOVFF  16F,1AC
0ACAE:  MOVFF  16E,1AB
0ACB2:  MOVFF  16D,1AA
0ACB6:  MOVFF  16C,1B1
0ACBA:  MOVFF  16B,1B0
0ACBE:  MOVFF  16A,1AF
0ACC2:  MOVFF  169,1AE
0ACC6:  CALL   8032
0ACCA:  MOVFF  03,170
0ACCE:  MOVFF  02,16F
0ACD2:  MOVFF  01,16E
0ACD6:  MOVFF  00,16D
.................... 			velocidade=(float)distS4/tempo2; 
0ACDA:  MOVFF  33,181
0ACDE:  MOVFF  32,180
0ACE2:  CALL   82AA
0ACE6:  MOVFF  00,180
0ACEA:  MOVFF  01,181
0ACEE:  MOVFF  02,182
0ACF2:  MOVFF  03,183
0ACF6:  MOVFF  03,1AD
0ACFA:  MOVFF  02,1AC
0ACFE:  MOVFF  01,1AB
0AD02:  MOVFF  00,1AA
0AD06:  MOVFF  170,1B1
0AD0A:  MOVFF  16F,1B0
0AD0E:  MOVFF  16E,1AF
0AD12:  MOVFF  16D,1AE
0AD16:  CALL   7DDE
0AD1A:  MOVFF  03,164
0AD1E:  MOVFF  02,163
0AD22:  MOVFF  01,162
0AD26:  MOVFF  00,161
.................... 			lcd_escreve_veloc(velocidade); 
0AD2A:  MOVFF  164,187
0AD2E:  MOVFF  163,186
0AD32:  MOVFF  162,185
0AD36:  MOVFF  161,184
0AD3A:  CALL   83DA
.................... 			lcd_posicaoxy(14,1); 
0AD3E:  MOVLW  0E
0AD40:  MOVLB  1
0AD42:  MOVWF  x92
0AD44:  MOVLW  01
0AD46:  MOVWF  x93
0AD48:  MOVLB  0
0AD4A:  CALL   262A
.................... 			lcd_escreve("m/s"); 
0AD4E:  MOVLB  1
0AD50:  CLRF   x80
0AD52:  MOVF   x80,W
0AD54:  MOVLB  0
0AD56:  CALL   1EC4
0AD5A:  IORLW  00
0AD5C:  BZ    AD70
0AD5E:  MOVLB  1
0AD60:  INCF   x80,F
0AD62:  MOVWF  xC1
0AD64:  MOVLB  0
0AD66:  CALL   265E
0AD6A:  MOVLB  1
0AD6C:  BRA    AD52
0AD6E:  MOVLB  0
.................... 			flagEstado=selecEstado(32,tecla_valida); 
0AD70:  MOVLB  1
0AD72:  CLRF   x83
0AD74:  MOVLW  20
0AD76:  MOVWF  x82
0AD78:  MOVFF  28,184
0AD7C:  MOVLB  0
0AD7E:  CALL   2B28
0AD82:  MOVFF  02,27
0AD86:  MOVFF  01,26
.................... 			if(flagEstado==106){ 
0AD8A:  MOVF   26,W
0AD8C:  SUBLW  6A
0AD8E:  BNZ   AD98
0AD90:  MOVF   27,F
0AD92:  BNZ   AD98
.................... 				Modo=1; 
0AD94:  MOVLW  01
0AD96:  MOVWF  3A
.................... 			} 
.................... 			break; 
0AD98:  MOVLB  1
0AD9A:  GOTO   C7FE
....................  
.................... 		case 174:		// t1,2: 
.................... 			tela174(); 
0AD9E:  GOTO   8964
.................... 			lcd_posicaoxy(7,1); 
0ADA2:  MOVLW  07
0ADA4:  MOVLB  1
0ADA6:  MOVWF  x92
0ADA8:  MOVLW  01
0ADAA:  MOVWF  x93
0ADAC:  MOVLB  0
0ADAE:  CALL   262A
.................... 			if (tempos[1]<tempos[0]){ 
0ADB2:  MOVF   60,W
0ADB4:  SUBWF  5C,W
0ADB6:  BNC   AE16
0ADB8:  BNZ   ADD0
0ADBA:  MOVF   5F,W
0ADBC:  SUBWF  5B,W
0ADBE:  BNC   AE16
0ADC0:  BNZ   ADD0
0ADC2:  MOVF   5E,W
0ADC4:  SUBWF  5A,W
0ADC6:  BNC   AE16
0ADC8:  BNZ   ADD0
0ADCA:  MOVF   59,W
0ADCC:  SUBWF  5D,W
0ADCE:  BC    AE16
.................... 				aux_tempo=tempos[1]+10000; 
0ADD0:  MOVLW  10
0ADD2:  ADDWF  5D,W
0ADD4:  MOVLB  1
0ADD6:  MOVWF  x75
0ADD8:  MOVLW  27
0ADDA:  ADDWFC 5E,W
0ADDC:  MOVWF  x76
0ADDE:  MOVLW  00
0ADE0:  ADDWFC 5F,W
0ADE2:  MOVWF  x77
0ADE4:  MOVLW  00
0ADE6:  ADDWFC 60,W
0ADE8:  MOVWF  x78
.................... 				aux_tempo2=tempos2[1]-1; 
0ADEA:  MOVLW  01
0ADEC:  MOVLB  0
0ADEE:  SUBWF  x89,W
0ADF0:  MOVLB  1
0ADF2:  MOVWF  x79
0ADF4:  MOVLW  00
0ADF6:  MOVLB  0
0ADF8:  SUBWFB x8A,W
0ADFA:  MOVLB  1
0ADFC:  MOVWF  x7A
0ADFE:  MOVLW  00
0AE00:  MOVLB  0
0AE02:  SUBWFB x8B,W
0AE04:  MOVLB  1
0AE06:  MOVWF  x7B
0AE08:  MOVLW  00
0AE0A:  MOVLB  0
0AE0C:  SUBWFB x8C,W
0AE0E:  MOVLB  1
0AE10:  MOVWF  x7C
.................... 			}else{ 
0AE12:  BRA    AE38
0AE14:  MOVLB  0
.................... 				aux_tempo=tempos[1]; 
0AE16:  MOVFF  60,178
0AE1A:  MOVFF  5F,177
0AE1E:  MOVFF  5E,176
0AE22:  MOVFF  5D,175
.................... 				aux_tempo2=tempos2[1]; 
0AE26:  MOVFF  8C,17C
0AE2A:  MOVFF  8B,17B
0AE2E:  MOVFF  8A,17A
0AE32:  MOVFF  89,179
0AE36:  MOVLB  1
.................... 			} 
.................... 			tempos[4]=aux_tempo-tempos[0]; 
0AE38:  MOVF   59,W
0AE3A:  SUBWF  x75,W
0AE3C:  MOVWF  69
0AE3E:  MOVF   5A,W
0AE40:  SUBWFB x76,W
0AE42:  MOVWF  6A
0AE44:  MOVF   5B,W
0AE46:  SUBWFB x77,W
0AE48:  MOVWF  6B
0AE4A:  MOVF   5C,W
0AE4C:  SUBWFB x78,W
0AE4E:  MOVWF  6C
.................... 			tempos2[4]=aux_tempo2-tempos2[0]; 
0AE50:  MOVLB  0
0AE52:  MOVF   x85,W
0AE54:  MOVLB  1
0AE56:  SUBWF  x79,W
0AE58:  MOVLB  0
0AE5A:  MOVWF  x95
0AE5C:  MOVF   x86,W
0AE5E:  MOVLB  1
0AE60:  SUBWFB x7A,W
0AE62:  MOVLB  0
0AE64:  MOVWF  x96
0AE66:  MOVF   x87,W
0AE68:  MOVLB  1
0AE6A:  SUBWFB x7B,W
0AE6C:  MOVLB  0
0AE6E:  MOVWF  x97
0AE70:  MOVF   x88,W
0AE72:  MOVLB  1
0AE74:  SUBWFB x7C,W
0AE76:  MOVLB  0
0AE78:  MOVWF  x98
.................... 			tempo=(float)tempos[4]/100; 
0AE7A:  MOVFF  6C,1AD
0AE7E:  MOVFF  6B,1AC
0AE82:  MOVFF  6A,1AB
0AE86:  MOVFF  69,1AA
0AE8A:  CALL   7DA6
0AE8E:  MOVFF  00,180
0AE92:  MOVFF  01,181
0AE96:  MOVFF  02,182
0AE9A:  MOVFF  03,183
0AE9E:  MOVFF  03,1AD
0AEA2:  MOVFF  02,1AC
0AEA6:  MOVFF  01,1AB
0AEAA:  MOVFF  00,1AA
0AEAE:  MOVLB  1
0AEB0:  CLRF   xB1
0AEB2:  CLRF   xB0
0AEB4:  MOVLW  48
0AEB6:  MOVWF  xAF
0AEB8:  MOVLW  85
0AEBA:  MOVWF  xAE
0AEBC:  MOVLB  0
0AEBE:  CALL   7DDE
0AEC2:  MOVFF  03,16C
0AEC6:  MOVFF  02,16B
0AECA:  MOVFF  01,16A
0AECE:  MOVFF  00,169
.................... 			tempo2=(float)tempos2[4]*100; 
0AED2:  MOVFF  98,1AD
0AED6:  MOVFF  97,1AC
0AEDA:  MOVFF  96,1AB
0AEDE:  MOVFF  95,1AA
0AEE2:  CALL   7DA6
0AEE6:  MOVFF  00,180
0AEEA:  MOVFF  01,181
0AEEE:  MOVFF  02,182
0AEF2:  MOVFF  03,183
0AEF6:  MOVFF  03,1AD
0AEFA:  MOVFF  02,1AC
0AEFE:  MOVFF  01,1AB
0AF02:  MOVFF  00,1AA
0AF06:  MOVLB  1
0AF08:  CLRF   xB1
0AF0A:  CLRF   xB0
0AF0C:  MOVLW  48
0AF0E:  MOVWF  xAF
0AF10:  MOVLW  85
0AF12:  MOVWF  xAE
0AF14:  MOVLB  0
0AF16:  CALL   7F3C
0AF1A:  MOVFF  03,170
0AF1E:  MOVFF  02,16F
0AF22:  MOVFF  01,16E
0AF26:  MOVFF  00,16D
.................... 			tempo2=(float)tempo2+tempo; 
0AF2A:  BCF    FD8.1
0AF2C:  MOVFF  170,1AD
0AF30:  MOVFF  16F,1AC
0AF34:  MOVFF  16E,1AB
0AF38:  MOVFF  16D,1AA
0AF3C:  MOVFF  16C,1B1
0AF40:  MOVFF  16B,1B0
0AF44:  MOVFF  16A,1AF
0AF48:  MOVFF  169,1AE
0AF4C:  CALL   8032
0AF50:  MOVFF  03,170
0AF54:  MOVFF  02,16F
0AF58:  MOVFF  01,16E
0AF5C:  MOVFF  00,16D
.................... 			velocidade=(float)(distS2-distS1)/tempo2; 
0AF60:  MOVF   2C,W
0AF62:  SUBWF  2E,W
0AF64:  MOVWF  00
0AF66:  MOVF   2D,W
0AF68:  SUBWFB 2F,W
0AF6A:  MOVWF  03
0AF6C:  MOVFF  00,180
0AF70:  MOVLB  1
0AF72:  MOVWF  x81
0AF74:  MOVLB  0
0AF76:  CALL   82AA
0AF7A:  MOVFF  00,180
0AF7E:  MOVFF  01,181
0AF82:  MOVFF  02,182
0AF86:  MOVFF  03,183
0AF8A:  MOVFF  03,1AD
0AF8E:  MOVFF  02,1AC
0AF92:  MOVFF  01,1AB
0AF96:  MOVFF  00,1AA
0AF9A:  MOVFF  170,1B1
0AF9E:  MOVFF  16F,1B0
0AFA2:  MOVFF  16E,1AF
0AFA6:  MOVFF  16D,1AE
0AFAA:  CALL   7DDE
0AFAE:  MOVFF  03,164
0AFB2:  MOVFF  02,163
0AFB6:  MOVFF  01,162
0AFBA:  MOVFF  00,161
.................... 			lcd_escreve_veloc(velocidade); 
0AFBE:  MOVFF  164,187
0AFC2:  MOVFF  163,186
0AFC6:  MOVFF  162,185
0AFCA:  MOVFF  161,184
0AFCE:  CALL   83DA
.................... 			lcd_posicaoxy(14,1); 
0AFD2:  MOVLW  0E
0AFD4:  MOVLB  1
0AFD6:  MOVWF  x92
0AFD8:  MOVLW  01
0AFDA:  MOVWF  x93
0AFDC:  MOVLB  0
0AFDE:  CALL   262A
.................... 			lcd_escreve("m/s"); 
0AFE2:  MOVLB  1
0AFE4:  CLRF   x80
0AFE6:  MOVF   x80,W
0AFE8:  MOVLB  0
0AFEA:  CALL   1EC4
0AFEE:  IORLW  00
0AFF0:  BZ    B004
0AFF2:  MOVLB  1
0AFF4:  INCF   x80,F
0AFF6:  MOVWF  xC1
0AFF8:  MOVLB  0
0AFFA:  CALL   265E
0AFFE:  MOVLB  1
0B000:  BRA    AFE6
0B002:  MOVLB  0
.................... 			flagEstado=selecEstado(33,tecla_valida); 
0B004:  MOVLB  1
0B006:  CLRF   x83
0B008:  MOVLW  21
0B00A:  MOVWF  x82
0B00C:  MOVFF  28,184
0B010:  MOVLB  0
0B012:  CALL   2B28
0B016:  MOVFF  02,27
0B01A:  MOVFF  01,26
.................... 			if(flagEstado==106){ 
0B01E:  MOVF   26,W
0B020:  SUBLW  6A
0B022:  BNZ   B02C
0B024:  MOVF   27,F
0B026:  BNZ   B02C
.................... 				Modo=1; 
0B028:  MOVLW  01
0B02A:  MOVWF  3A
.................... 			} 
.................... 			break; 
0B02C:  MOVLB  1
0B02E:  GOTO   C7FE
.................... 		case 175:		// t2,3: 
.................... 			tela175(); 
0B032:  GOTO   89EE
.................... 			lcd_posicaoxy(7,1); 
0B036:  MOVLW  07
0B038:  MOVLB  1
0B03A:  MOVWF  x92
0B03C:  MOVLW  01
0B03E:  MOVWF  x93
0B040:  MOVLB  0
0B042:  CALL   262A
.................... 			if (tempos[2]<tempos[1]){ 
0B046:  MOVF   64,W
0B048:  SUBWF  60,W
0B04A:  BNC   B0AA
0B04C:  BNZ   B064
0B04E:  MOVF   63,W
0B050:  SUBWF  5F,W
0B052:  BNC   B0AA
0B054:  BNZ   B064
0B056:  MOVF   62,W
0B058:  SUBWF  5E,W
0B05A:  BNC   B0AA
0B05C:  BNZ   B064
0B05E:  MOVF   5D,W
0B060:  SUBWF  61,W
0B062:  BC    B0AA
.................... 				aux_tempo=tempos[2]+10000; 
0B064:  MOVLW  10
0B066:  ADDWF  61,W
0B068:  MOVLB  1
0B06A:  MOVWF  x75
0B06C:  MOVLW  27
0B06E:  ADDWFC 62,W
0B070:  MOVWF  x76
0B072:  MOVLW  00
0B074:  ADDWFC 63,W
0B076:  MOVWF  x77
0B078:  MOVLW  00
0B07A:  ADDWFC 64,W
0B07C:  MOVWF  x78
.................... 				aux_tempo2=tempos2[2]-1; 
0B07E:  MOVLW  01
0B080:  MOVLB  0
0B082:  SUBWF  x8D,W
0B084:  MOVLB  1
0B086:  MOVWF  x79
0B088:  MOVLW  00
0B08A:  MOVLB  0
0B08C:  SUBWFB x8E,W
0B08E:  MOVLB  1
0B090:  MOVWF  x7A
0B092:  MOVLW  00
0B094:  MOVLB  0
0B096:  SUBWFB x8F,W
0B098:  MOVLB  1
0B09A:  MOVWF  x7B
0B09C:  MOVLW  00
0B09E:  MOVLB  0
0B0A0:  SUBWFB x90,W
0B0A2:  MOVLB  1
0B0A4:  MOVWF  x7C
.................... 			}else{ 
0B0A6:  BRA    B0CC
0B0A8:  MOVLB  0
.................... 				aux_tempo=tempos[2]; 
0B0AA:  MOVFF  64,178
0B0AE:  MOVFF  63,177
0B0B2:  MOVFF  62,176
0B0B6:  MOVFF  61,175
.................... 				aux_tempo2=tempos2[2]; 
0B0BA:  MOVFF  90,17C
0B0BE:  MOVFF  8F,17B
0B0C2:  MOVFF  8E,17A
0B0C6:  MOVFF  8D,179
0B0CA:  MOVLB  1
.................... 			} 
.................... 			tempos[5]=aux_tempo-tempos[1]; 
0B0CC:  MOVF   5D,W
0B0CE:  SUBWF  x75,W
0B0D0:  MOVWF  6D
0B0D2:  MOVF   5E,W
0B0D4:  SUBWFB x76,W
0B0D6:  MOVWF  6E
0B0D8:  MOVF   5F,W
0B0DA:  SUBWFB x77,W
0B0DC:  MOVWF  6F
0B0DE:  MOVF   60,W
0B0E0:  SUBWFB x78,W
0B0E2:  MOVWF  70
.................... 			tempos2[5]=aux_tempo2-tempos2[1]; 
0B0E4:  MOVLB  0
0B0E6:  MOVF   x89,W
0B0E8:  MOVLB  1
0B0EA:  SUBWF  x79,W
0B0EC:  MOVLB  0
0B0EE:  MOVWF  x99
0B0F0:  MOVF   x8A,W
0B0F2:  MOVLB  1
0B0F4:  SUBWFB x7A,W
0B0F6:  MOVLB  0
0B0F8:  MOVWF  x9A
0B0FA:  MOVF   x8B,W
0B0FC:  MOVLB  1
0B0FE:  SUBWFB x7B,W
0B100:  MOVLB  0
0B102:  MOVWF  x9B
0B104:  MOVF   x8C,W
0B106:  MOVLB  1
0B108:  SUBWFB x7C,W
0B10A:  MOVLB  0
0B10C:  MOVWF  x9C
.................... 			 
.................... 			tempo=(float)tempos[5]/100; 
0B10E:  MOVFF  70,1AD
0B112:  MOVFF  6F,1AC
0B116:  MOVFF  6E,1AB
0B11A:  MOVFF  6D,1AA
0B11E:  CALL   7DA6
0B122:  MOVFF  00,180
0B126:  MOVFF  01,181
0B12A:  MOVFF  02,182
0B12E:  MOVFF  03,183
0B132:  MOVFF  03,1AD
0B136:  MOVFF  02,1AC
0B13A:  MOVFF  01,1AB
0B13E:  MOVFF  00,1AA
0B142:  MOVLB  1
0B144:  CLRF   xB1
0B146:  CLRF   xB0
0B148:  MOVLW  48
0B14A:  MOVWF  xAF
0B14C:  MOVLW  85
0B14E:  MOVWF  xAE
0B150:  MOVLB  0
0B152:  CALL   7DDE
0B156:  MOVFF  03,16C
0B15A:  MOVFF  02,16B
0B15E:  MOVFF  01,16A
0B162:  MOVFF  00,169
.................... 			tempo2=(float)tempos2[5]*100; 
0B166:  MOVFF  9C,1AD
0B16A:  MOVFF  9B,1AC
0B16E:  MOVFF  9A,1AB
0B172:  MOVFF  99,1AA
0B176:  CALL   7DA6
0B17A:  MOVFF  00,180
0B17E:  MOVFF  01,181
0B182:  MOVFF  02,182
0B186:  MOVFF  03,183
0B18A:  MOVFF  03,1AD
0B18E:  MOVFF  02,1AC
0B192:  MOVFF  01,1AB
0B196:  MOVFF  00,1AA
0B19A:  MOVLB  1
0B19C:  CLRF   xB1
0B19E:  CLRF   xB0
0B1A0:  MOVLW  48
0B1A2:  MOVWF  xAF
0B1A4:  MOVLW  85
0B1A6:  MOVWF  xAE
0B1A8:  MOVLB  0
0B1AA:  CALL   7F3C
0B1AE:  MOVFF  03,170
0B1B2:  MOVFF  02,16F
0B1B6:  MOVFF  01,16E
0B1BA:  MOVFF  00,16D
.................... 			tempo2=(float)tempo2+tempo; 
0B1BE:  BCF    FD8.1
0B1C0:  MOVFF  170,1AD
0B1C4:  MOVFF  16F,1AC
0B1C8:  MOVFF  16E,1AB
0B1CC:  MOVFF  16D,1AA
0B1D0:  MOVFF  16C,1B1
0B1D4:  MOVFF  16B,1B0
0B1D8:  MOVFF  16A,1AF
0B1DC:  MOVFF  169,1AE
0B1E0:  CALL   8032
0B1E4:  MOVFF  03,170
0B1E8:  MOVFF  02,16F
0B1EC:  MOVFF  01,16E
0B1F0:  MOVFF  00,16D
.................... 			velocidade=(float)(distS3-distS2)/tempo2; 
0B1F4:  MOVF   2E,W
0B1F6:  SUBWF  30,W
0B1F8:  MOVWF  00
0B1FA:  MOVF   2F,W
0B1FC:  SUBWFB 31,W
0B1FE:  MOVWF  03
0B200:  MOVFF  00,180
0B204:  MOVLB  1
0B206:  MOVWF  x81
0B208:  MOVLB  0
0B20A:  CALL   82AA
0B20E:  MOVFF  00,180
0B212:  MOVFF  01,181
0B216:  MOVFF  02,182
0B21A:  MOVFF  03,183
0B21E:  MOVFF  03,1AD
0B222:  MOVFF  02,1AC
0B226:  MOVFF  01,1AB
0B22A:  MOVFF  00,1AA
0B22E:  MOVFF  170,1B1
0B232:  MOVFF  16F,1B0
0B236:  MOVFF  16E,1AF
0B23A:  MOVFF  16D,1AE
0B23E:  CALL   7DDE
0B242:  MOVFF  03,164
0B246:  MOVFF  02,163
0B24A:  MOVFF  01,162
0B24E:  MOVFF  00,161
.................... 			lcd_escreve_veloc(velocidade); 
0B252:  MOVFF  164,187
0B256:  MOVFF  163,186
0B25A:  MOVFF  162,185
0B25E:  MOVFF  161,184
0B262:  CALL   83DA
.................... 			lcd_posicaoxy(14,1); 
0B266:  MOVLW  0E
0B268:  MOVLB  1
0B26A:  MOVWF  x92
0B26C:  MOVLW  01
0B26E:  MOVWF  x93
0B270:  MOVLB  0
0B272:  CALL   262A
.................... 			lcd_escreve("m/s"); 
0B276:  MOVLB  1
0B278:  CLRF   x80
0B27A:  MOVF   x80,W
0B27C:  MOVLB  0
0B27E:  CALL   1EC4
0B282:  IORLW  00
0B284:  BZ    B298
0B286:  MOVLB  1
0B288:  INCF   x80,F
0B28A:  MOVWF  xC1
0B28C:  MOVLB  0
0B28E:  CALL   265E
0B292:  MOVLB  1
0B294:  BRA    B27A
0B296:  MOVLB  0
.................... 			flagEstado=selecEstado(34,tecla_valida); 
0B298:  MOVLB  1
0B29A:  CLRF   x83
0B29C:  MOVLW  22
0B29E:  MOVWF  x82
0B2A0:  MOVFF  28,184
0B2A4:  MOVLB  0
0B2A6:  CALL   2B28
0B2AA:  MOVFF  02,27
0B2AE:  MOVFF  01,26
.................... 			if(flagEstado==106){ 
0B2B2:  MOVF   26,W
0B2B4:  SUBLW  6A
0B2B6:  BNZ   B2C0
0B2B8:  MOVF   27,F
0B2BA:  BNZ   B2C0
.................... 				Modo=1; 
0B2BC:  MOVLW  01
0B2BE:  MOVWF  3A
.................... 			} 
.................... 			break; 
0B2C0:  MOVLB  1
0B2C2:  GOTO   C7FE
.................... 		case 176:		// t3,4: 
.................... 			tela176(); 
0B2C6:  GOTO   8A78
.................... 			lcd_posicaoxy(7,1); 
0B2CA:  MOVLW  07
0B2CC:  MOVLB  1
0B2CE:  MOVWF  x92
0B2D0:  MOVLW  01
0B2D2:  MOVWF  x93
0B2D4:  MOVLB  0
0B2D6:  CALL   262A
.................... 			if (tempos[3]<tempos[2]){ 
0B2DA:  MOVF   68,W
0B2DC:  SUBWF  64,W
0B2DE:  BNC   B33E
0B2E0:  BNZ   B2F8
0B2E2:  MOVF   67,W
0B2E4:  SUBWF  63,W
0B2E6:  BNC   B33E
0B2E8:  BNZ   B2F8
0B2EA:  MOVF   66,W
0B2EC:  SUBWF  62,W
0B2EE:  BNC   B33E
0B2F0:  BNZ   B2F8
0B2F2:  MOVF   61,W
0B2F4:  SUBWF  65,W
0B2F6:  BC    B33E
.................... 				aux_tempo=tempos[3]+10000; 
0B2F8:  MOVLW  10
0B2FA:  ADDWF  65,W
0B2FC:  MOVLB  1
0B2FE:  MOVWF  x75
0B300:  MOVLW  27
0B302:  ADDWFC 66,W
0B304:  MOVWF  x76
0B306:  MOVLW  00
0B308:  ADDWFC 67,W
0B30A:  MOVWF  x77
0B30C:  MOVLW  00
0B30E:  ADDWFC 68,W
0B310:  MOVWF  x78
.................... 				aux_tempo2=tempos2[3]-1; 
0B312:  MOVLW  01
0B314:  MOVLB  0
0B316:  SUBWF  x91,W
0B318:  MOVLB  1
0B31A:  MOVWF  x79
0B31C:  MOVLW  00
0B31E:  MOVLB  0
0B320:  SUBWFB x92,W
0B322:  MOVLB  1
0B324:  MOVWF  x7A
0B326:  MOVLW  00
0B328:  MOVLB  0
0B32A:  SUBWFB x93,W
0B32C:  MOVLB  1
0B32E:  MOVWF  x7B
0B330:  MOVLW  00
0B332:  MOVLB  0
0B334:  SUBWFB x94,W
0B336:  MOVLB  1
0B338:  MOVWF  x7C
.................... 			}else{ 
0B33A:  BRA    B360
0B33C:  MOVLB  0
.................... 				aux_tempo=tempos[3]; 
0B33E:  MOVFF  68,178
0B342:  MOVFF  67,177
0B346:  MOVFF  66,176
0B34A:  MOVFF  65,175
.................... 				aux_tempo2=tempos2[3]; 
0B34E:  MOVFF  94,17C
0B352:  MOVFF  93,17B
0B356:  MOVFF  92,17A
0B35A:  MOVFF  91,179
0B35E:  MOVLB  1
.................... 			} 
.................... 			tempos[6]=aux_tempo-tempos[2]; 
0B360:  MOVF   61,W
0B362:  SUBWF  x75,W
0B364:  MOVWF  71
0B366:  MOVF   62,W
0B368:  SUBWFB x76,W
0B36A:  MOVWF  72
0B36C:  MOVF   63,W
0B36E:  SUBWFB x77,W
0B370:  MOVWF  73
0B372:  MOVF   64,W
0B374:  SUBWFB x78,W
0B376:  MOVWF  74
.................... 			tempos2[6]=aux_tempo2-tempos2[2]; 
0B378:  MOVLB  0
0B37A:  MOVF   x8D,W
0B37C:  MOVLB  1
0B37E:  SUBWF  x79,W
0B380:  MOVLB  0
0B382:  MOVWF  x9D
0B384:  MOVF   x8E,W
0B386:  MOVLB  1
0B388:  SUBWFB x7A,W
0B38A:  MOVLB  0
0B38C:  MOVWF  x9E
0B38E:  MOVF   x8F,W
0B390:  MOVLB  1
0B392:  SUBWFB x7B,W
0B394:  MOVLB  0
0B396:  MOVWF  x9F
0B398:  MOVF   x90,W
0B39A:  MOVLB  1
0B39C:  SUBWFB x7C,W
0B39E:  MOVLB  0
0B3A0:  MOVWF  xA0
.................... 			tempo=(float)tempos[6]/100; 
0B3A2:  MOVFF  74,1AD
0B3A6:  MOVFF  73,1AC
0B3AA:  MOVFF  72,1AB
0B3AE:  MOVFF  71,1AA
0B3B2:  CALL   7DA6
0B3B6:  MOVFF  00,180
0B3BA:  MOVFF  01,181
0B3BE:  MOVFF  02,182
0B3C2:  MOVFF  03,183
0B3C6:  MOVFF  03,1AD
0B3CA:  MOVFF  02,1AC
0B3CE:  MOVFF  01,1AB
0B3D2:  MOVFF  00,1AA
0B3D6:  MOVLB  1
0B3D8:  CLRF   xB1
0B3DA:  CLRF   xB0
0B3DC:  MOVLW  48
0B3DE:  MOVWF  xAF
0B3E0:  MOVLW  85
0B3E2:  MOVWF  xAE
0B3E4:  MOVLB  0
0B3E6:  CALL   7DDE
0B3EA:  MOVFF  03,16C
0B3EE:  MOVFF  02,16B
0B3F2:  MOVFF  01,16A
0B3F6:  MOVFF  00,169
.................... 			tempo2=(float)tempos2[6]*100; 
0B3FA:  MOVFF  A0,1AD
0B3FE:  MOVFF  9F,1AC
0B402:  MOVFF  9E,1AB
0B406:  MOVFF  9D,1AA
0B40A:  CALL   7DA6
0B40E:  MOVFF  00,180
0B412:  MOVFF  01,181
0B416:  MOVFF  02,182
0B41A:  MOVFF  03,183
0B41E:  MOVFF  03,1AD
0B422:  MOVFF  02,1AC
0B426:  MOVFF  01,1AB
0B42A:  MOVFF  00,1AA
0B42E:  MOVLB  1
0B430:  CLRF   xB1
0B432:  CLRF   xB0
0B434:  MOVLW  48
0B436:  MOVWF  xAF
0B438:  MOVLW  85
0B43A:  MOVWF  xAE
0B43C:  MOVLB  0
0B43E:  CALL   7F3C
0B442:  MOVFF  03,170
0B446:  MOVFF  02,16F
0B44A:  MOVFF  01,16E
0B44E:  MOVFF  00,16D
.................... 			tempo2=(float)tempo2+tempo; 
0B452:  BCF    FD8.1
0B454:  MOVFF  170,1AD
0B458:  MOVFF  16F,1AC
0B45C:  MOVFF  16E,1AB
0B460:  MOVFF  16D,1AA
0B464:  MOVFF  16C,1B1
0B468:  MOVFF  16B,1B0
0B46C:  MOVFF  16A,1AF
0B470:  MOVFF  169,1AE
0B474:  CALL   8032
0B478:  MOVFF  03,170
0B47C:  MOVFF  02,16F
0B480:  MOVFF  01,16E
0B484:  MOVFF  00,16D
.................... 			velocidade=(float)(distS4-distS3)/tempo2; 
0B488:  MOVF   30,W
0B48A:  SUBWF  32,W
0B48C:  MOVWF  00
0B48E:  MOVF   31,W
0B490:  SUBWFB 33,W
0B492:  MOVWF  03
0B494:  MOVFF  00,180
0B498:  MOVLB  1
0B49A:  MOVWF  x81
0B49C:  MOVLB  0
0B49E:  CALL   82AA
0B4A2:  MOVFF  00,180
0B4A6:  MOVFF  01,181
0B4AA:  MOVFF  02,182
0B4AE:  MOVFF  03,183
0B4B2:  MOVFF  03,1AD
0B4B6:  MOVFF  02,1AC
0B4BA:  MOVFF  01,1AB
0B4BE:  MOVFF  00,1AA
0B4C2:  MOVFF  170,1B1
0B4C6:  MOVFF  16F,1B0
0B4CA:  MOVFF  16E,1AF
0B4CE:  MOVFF  16D,1AE
0B4D2:  CALL   7DDE
0B4D6:  MOVFF  03,164
0B4DA:  MOVFF  02,163
0B4DE:  MOVFF  01,162
0B4E2:  MOVFF  00,161
.................... 			lcd_escreve_veloc(velocidade); 
0B4E6:  MOVFF  164,187
0B4EA:  MOVFF  163,186
0B4EE:  MOVFF  162,185
0B4F2:  MOVFF  161,184
0B4F6:  CALL   83DA
.................... 			lcd_posicaoxy(14,1); 
0B4FA:  MOVLW  0E
0B4FC:  MOVLB  1
0B4FE:  MOVWF  x92
0B500:  MOVLW  01
0B502:  MOVWF  x93
0B504:  MOVLB  0
0B506:  CALL   262A
.................... 			lcd_escreve("m/s"); 
0B50A:  MOVLB  1
0B50C:  CLRF   x80
0B50E:  MOVF   x80,W
0B510:  MOVLB  0
0B512:  CALL   1EC4
0B516:  IORLW  00
0B518:  BZ    B52C
0B51A:  MOVLB  1
0B51C:  INCF   x80,F
0B51E:  MOVWF  xC1
0B520:  MOVLB  0
0B522:  CALL   265E
0B526:  MOVLB  1
0B528:  BRA    B50E
0B52A:  MOVLB  0
.................... 			flagEstado=selecEstado(35,tecla_valida); 
0B52C:  MOVLB  1
0B52E:  CLRF   x83
0B530:  MOVLW  23
0B532:  MOVWF  x82
0B534:  MOVFF  28,184
0B538:  MOVLB  0
0B53A:  CALL   2B28
0B53E:  MOVFF  02,27
0B542:  MOVFF  01,26
.................... 			if(flagEstado==106){ 
0B546:  MOVF   26,W
0B548:  SUBLW  6A
0B54A:  BNZ   B554
0B54C:  MOVF   27,F
0B54E:  BNZ   B554
.................... 				Modo=1; 
0B550:  MOVLW  01
0B552:  MOVWF  3A
.................... 			} 
.................... 			break; 
0B554:  MOVLB  1
0B556:  GOTO   C7FE
....................  
....................  
.................... 		case 250: 
.................... 			if(flagMostraVel==0) 
0B55A:  MOVF   56,F
0B55C:  BNZ   B572
.................... 			{ 
.................... 				if(Func==2) 
0B55E:  MOVF   19,W
0B560:  SUBLW  02
0B562:  BNZ   B572
.................... 				{ 
.................... 					flagEstado=252; 
0B564:  CLRF   27
0B566:  MOVLW  FC
0B568:  MOVWF  26
.................... 					break;	 
0B56A:  MOVLB  1
0B56C:  GOTO   C7FE
0B570:  MOVLB  0
.................... 				} 
.................... 			} 
.................... 			tela250(); 
0B572:  CALL   8B02
.................... 			lcd_posicaoxy(3,1); 
0B576:  MOVLW  03
0B578:  MOVLB  1
0B57A:  MOVWF  x92
0B57C:  MOVLW  01
0B57E:  MOVWF  x93
0B580:  MOVLB  0
0B582:  CALL   262A
.................... 			lcd_escreve_tempo(tempos[0],tempos2[0]); 
0B586:  MOVFF  5C,18F
0B58A:  MOVFF  5B,18E
0B58E:  MOVFF  5A,18D
0B592:  MOVFF  59,18C
0B596:  MOVFF  88,193
0B59A:  MOVFF  87,192
0B59E:  MOVFF  86,191
0B5A2:  MOVFF  85,190
0B5A6:  CALL   75DA
.................... 			lcd_escreve(" s   "); 
0B5AA:  MOVLB  1
0B5AC:  CLRF   x80
0B5AE:  MOVF   x80,W
0B5B0:  MOVLB  0
0B5B2:  CALL   1EE2
0B5B6:  IORLW  00
0B5B8:  BZ    B5CC
0B5BA:  MOVLB  1
0B5BC:  INCF   x80,F
0B5BE:  MOVWF  xC1
0B5C0:  MOVLB  0
0B5C2:  CALL   265E
0B5C6:  MOVLB  1
0B5C8:  BRA    B5AE
0B5CA:  MOVLB  0
.................... 			flagEstado=selecEstado(47,tecla_valida); 
0B5CC:  MOVLB  1
0B5CE:  CLRF   x83
0B5D0:  MOVLW  2F
0B5D2:  MOVWF  x82
0B5D4:  MOVFF  28,184
0B5D8:  MOVLB  0
0B5DA:  CALL   2B28
0B5DE:  MOVFF  02,27
0B5E2:  MOVFF  01,26
.................... 			if(Func==12) 
0B5E6:  MOVF   19,W
0B5E8:  SUBLW  0C
0B5EA:  BNZ   B600
.................... 			{ 
.................... 				if(flagEstado == 1253)		//Se a funcao he 12 o proximo estado deve 
0B5EC:  MOVF   26,W
0B5EE:  SUBLW  E5
0B5F0:  BNZ   B600
0B5F2:  MOVF   27,W
0B5F4:  SUBLW  04
0B5F6:  BNZ   B600
.................... 											//o que mostra a energia 
.................... 				{ 
.................... 					flagEstado = 1253; 
0B5F8:  MOVLW  04
0B5FA:  MOVWF  27
0B5FC:  MOVLW  E5
0B5FE:  MOVWF  26
.................... 				} 
.................... 			} 
.................... 			if(Func==2) 
0B600:  MOVF   19,W
0B602:  SUBLW  02
0B604:  BNZ   B618
.................... 			{ 
.................... 				if(flagEstado == 1253)		//Se a funcao he 2 o proximo estado deve 
0B606:  MOVF   26,W
0B608:  SUBLW  E5
0B60A:  BNZ   B618
0B60C:  MOVF   27,W
0B60E:  SUBLW  04
0B610:  BNZ   B618
.................... 											//o que mostra a vm 
.................... 				{ 
.................... 					flagEstado = 251; 
0B612:  CLRF   27
0B614:  MOVLW  FB
0B616:  MOVWF  26
.................... 				} 
.................... 			} 
.................... 			if(flagEstado==106) 
0B618:  MOVF   26,W
0B61A:  SUBLW  6A
0B61C:  BNZ   B626
0B61E:  MOVF   27,F
0B620:  BNZ   B626
.................... 			{ 
.................... 				Modo=1; 
0B622:  MOVLW  01
0B624:  MOVWF  3A
.................... 			} 
.................... 			break; 
0B626:  MOVLB  1
0B628:  GOTO   C7FE
.................... 		case 251: 
.................... 			tela251(); 
0B62C:  CALL   8B96
.................... 			lcd_posicaoxy(4,1); 
0B630:  MOVLW  04
0B632:  MOVLB  1
0B634:  MOVWF  x92
0B636:  MOVLW  01
0B638:  MOVWF  x93
0B63A:  MOVLB  0
0B63C:  CALL   262A
.................... 			tempo=(float)tempos[0]/100; 
0B640:  MOVFF  5C,1AD
0B644:  MOVFF  5B,1AC
0B648:  MOVFF  5A,1AB
0B64C:  MOVFF  59,1AA
0B650:  CALL   7DA6
0B654:  MOVFF  00,180
0B658:  MOVFF  01,181
0B65C:  MOVFF  02,182
0B660:  MOVFF  03,183
0B664:  MOVFF  03,1AD
0B668:  MOVFF  02,1AC
0B66C:  MOVFF  01,1AB
0B670:  MOVFF  00,1AA
0B674:  MOVLB  1
0B676:  CLRF   xB1
0B678:  CLRF   xB0
0B67A:  MOVLW  48
0B67C:  MOVWF  xAF
0B67E:  MOVLW  85
0B680:  MOVWF  xAE
0B682:  MOVLB  0
0B684:  CALL   7DDE
0B688:  MOVFF  03,16C
0B68C:  MOVFF  02,16B
0B690:  MOVFF  01,16A
0B694:  MOVFF  00,169
.................... 			tempo2=(float)tempos2[0]*100; 
0B698:  MOVFF  88,1AD
0B69C:  MOVFF  87,1AC
0B6A0:  MOVFF  86,1AB
0B6A4:  MOVFF  85,1AA
0B6A8:  CALL   7DA6
0B6AC:  MOVFF  00,180
0B6B0:  MOVFF  01,181
0B6B4:  MOVFF  02,182
0B6B8:  MOVFF  03,183
0B6BC:  MOVFF  03,1AD
0B6C0:  MOVFF  02,1AC
0B6C4:  MOVFF  01,1AB
0B6C8:  MOVFF  00,1AA
0B6CC:  MOVLB  1
0B6CE:  CLRF   xB1
0B6D0:  CLRF   xB0
0B6D2:  MOVLW  48
0B6D4:  MOVWF  xAF
0B6D6:  MOVLW  85
0B6D8:  MOVWF  xAE
0B6DA:  MOVLB  0
0B6DC:  CALL   7F3C
0B6E0:  MOVFF  03,170
0B6E4:  MOVFF  02,16F
0B6E8:  MOVFF  01,16E
0B6EC:  MOVFF  00,16D
.................... 			tempo2=(float)tempo2+tempo; 
0B6F0:  BCF    FD8.1
0B6F2:  MOVFF  170,1AD
0B6F6:  MOVFF  16F,1AC
0B6FA:  MOVFF  16E,1AB
0B6FE:  MOVFF  16D,1AA
0B702:  MOVFF  16C,1B1
0B706:  MOVFF  16B,1B0
0B70A:  MOVFF  16A,1AF
0B70E:  MOVFF  169,1AE
0B712:  CALL   8032
0B716:  MOVFF  03,170
0B71A:  MOVFF  02,16F
0B71E:  MOVFF  01,16E
0B722:  MOVFF  00,16D
.................... 			velocidade=(float)Larg/tempo2; 
0B726:  MOVFF  35,181
0B72A:  MOVFF  34,180
0B72E:  CALL   82AA
0B732:  MOVFF  00,180
0B736:  MOVFF  01,181
0B73A:  MOVFF  02,182
0B73E:  MOVFF  03,183
0B742:  MOVFF  03,1AD
0B746:  MOVFF  02,1AC
0B74A:  MOVFF  01,1AB
0B74E:  MOVFF  00,1AA
0B752:  MOVFF  170,1B1
0B756:  MOVFF  16F,1B0
0B75A:  MOVFF  16E,1AF
0B75E:  MOVFF  16D,1AE
0B762:  CALL   7DDE
0B766:  MOVFF  03,164
0B76A:  MOVFF  02,163
0B76E:  MOVFF  01,162
0B772:  MOVFF  00,161
.................... 			lcd_escreve_veloc(velocidade); 
0B776:  MOVFF  164,187
0B77A:  MOVFF  163,186
0B77E:  MOVFF  162,185
0B782:  MOVFF  161,184
0B786:  CALL   83DA
.................... 			lcd_escreve(" m/s"); 
0B78A:  MOVLB  1
0B78C:  CLRF   x80
0B78E:  MOVF   x80,W
0B790:  MOVLB  0
0B792:  CALL   1F02
0B796:  IORLW  00
0B798:  BZ    B7AC
0B79A:  MOVLB  1
0B79C:  INCF   x80,F
0B79E:  MOVWF  xC1
0B7A0:  MOVLB  0
0B7A2:  CALL   265E
0B7A6:  MOVLB  1
0B7A8:  BRA    B78E
0B7AA:  MOVLB  0
.................... 			flagEstado=selecEstado(48,tecla_valida); 
0B7AC:  MOVLB  1
0B7AE:  CLRF   x83
0B7B0:  MOVLW  30
0B7B2:  MOVWF  x82
0B7B4:  MOVFF  28,184
0B7B8:  MOVLB  0
0B7BA:  CALL   2B28
0B7BE:  MOVFF  02,27
0B7C2:  MOVFF  01,26
.................... 			if(Func==12) 
0B7C6:  MOVF   19,W
0B7C8:  SUBLW  0C
0B7CA:  BNZ   B7DC
.................... 			{ 
.................... 				if(flagEstado == 250)		//Se a funcao he 12 o proximo estado deve 
0B7CC:  MOVF   26,W
0B7CE:  SUBLW  FA
0B7D0:  BNZ   B7DC
0B7D2:  MOVF   27,F
0B7D4:  BNZ   B7DC
.................... 											//o que mostra a energia 
.................... 				{ 
.................... 					flagEstado = 250; 
0B7D6:  CLRF   27
0B7D8:  MOVLW  FA
0B7DA:  MOVWF  26
.................... 				} 
.................... 			} 
.................... 			if(Func==2) 
0B7DC:  MOVF   19,W
0B7DE:  SUBLW  02
0B7E0:  BNZ   B7F4
.................... 			{ 
.................... 				if(flagEstado == 1253)		//Se a funcao he 2 o proximo estado deve 
0B7E2:  MOVF   26,W
0B7E4:  SUBLW  E5
0B7E6:  BNZ   B7F4
0B7E8:  MOVF   27,W
0B7EA:  SUBLW  04
0B7EC:  BNZ   B7F4
.................... 											//o que mostra a vm 
.................... 				{ 
.................... 					flagEstado = 250; 
0B7EE:  CLRF   27
0B7F0:  MOVLW  FA
0B7F2:  MOVWF  26
.................... 				} 
.................... 			} 
.................... 			if(flagEstado==106) 
0B7F4:  MOVF   26,W
0B7F6:  SUBLW  6A
0B7F8:  BNZ   B802
0B7FA:  MOVF   27,F
0B7FC:  BNZ   B802
.................... 			{ 
.................... 				Modo=1; 
0B7FE:  MOVLW  01
0B800:  MOVWF  3A
.................... 			} 
.................... 			break; 
0B802:  MOVLB  1
0B804:  GOTO   C7FE
....................  
.................... 		case 252: 
.................... 			tela149(); 
0B808:  CALL   733A
.................... 			lcd_posicaoxy(3,1); 
0B80C:  MOVLW  03
0B80E:  MOVLB  1
0B810:  MOVWF  x92
0B812:  MOVLW  01
0B814:  MOVWF  x93
0B816:  MOVLB  0
0B818:  CALL   262A
.................... 			lcd_escreve_tempo(tempos[0],tempos2[0]); 
0B81C:  MOVFF  5C,18F
0B820:  MOVFF  5B,18E
0B824:  MOVFF  5A,18D
0B828:  MOVFF  59,18C
0B82C:  MOVFF  88,193
0B830:  MOVFF  87,192
0B834:  MOVFF  86,191
0B838:  MOVFF  85,190
0B83C:  CALL   75DA
.................... 			lcd_escreve(" s"); 
0B840:  MOVLB  1
0B842:  CLRF   x80
0B844:  MOVF   x80,W
0B846:  MOVLB  0
0B848:  CALL   1E2E
0B84C:  IORLW  00
0B84E:  BZ    B862
0B850:  MOVLB  1
0B852:  INCF   x80,F
0B854:  MOVWF  xC1
0B856:  MOVLB  0
0B858:  CALL   265E
0B85C:  MOVLB  1
0B85E:  BRA    B844
0B860:  MOVLB  0
.................... 			if(Func==2) 
0B862:  MOVF   19,W
0B864:  SUBLW  02
0B866:  BNZ   B882
.................... 			{ 
.................... 				flagEstado=selecEstado(53,tecla_valida); 
0B868:  MOVLB  1
0B86A:  CLRF   x83
0B86C:  MOVLW  35
0B86E:  MOVWF  x82
0B870:  MOVFF  28,184
0B874:  MOVLB  0
0B876:  CALL   2B28
0B87A:  MOVFF  02,27
0B87E:  MOVFF  01,26
.................... 			} 
.................... 			if(flagEstado==106) 
0B882:  MOVF   26,W
0B884:  SUBLW  6A
0B886:  BNZ   B890
0B888:  MOVF   27,F
0B88A:  BNZ   B890
.................... 			{ 
.................... 				Modo=1; 
0B88C:  MOVLW  01
0B88E:  MOVWF  3A
.................... 			} 
.................... 			break; 
0B890:  MOVLB  1
0B892:  GOTO   C7FE
....................  
....................  
.................... 		case 350: 
.................... 			tela350(); 
0B896:  GOTO   8C2A
.................... 			modo2_escreveTempo_1(passag); 
0B89A:  MOVLB  1
0B89C:  CLRF   x81
0B89E:  MOVFF  29,180
0B8A2:  MOVLB  0
0B8A4:  CALL   8C32
.................... 			flagEstado=selecEstado350(tecla_valida); 
0B8A8:  MOVFF  28,180
0B8AC:  GOTO   8E2C
0B8B0:  MOVFF  02,27
0B8B4:  MOVFF  01,26
.................... 			if(flagEstado==106){ 
0B8B8:  MOVF   26,W
0B8BA:  SUBLW  6A
0B8BC:  BNZ   B8C6
0B8BE:  MOVF   27,F
0B8C0:  BNZ   B8C6
.................... 				Modo=1; 
0B8C2:  MOVLW  01
0B8C4:  MOVWF  3A
.................... 			} 
.................... 			break; 
0B8C6:  MOVLB  1
0B8C8:  GOTO   C7FE
....................  
.................... 		case 410: 
.................... 			tela410(); 
0B8CC:  GOTO   8E9A
.................... 			flagEstado=selecEstado(42,tecla_valida); 
0B8D0:  MOVLB  1
0B8D2:  CLRF   x83
0B8D4:  MOVLW  2A
0B8D6:  MOVWF  x82
0B8D8:  MOVFF  28,184
0B8DC:  MOVLB  0
0B8DE:  CALL   2B28
0B8E2:  MOVFF  02,27
0B8E6:  MOVFF  01,26
.................... 			if (flagEstado==106){ 
0B8EA:  MOVF   26,W
0B8EC:  SUBLW  6A
0B8EE:  BNZ   B8F8
0B8F0:  MOVF   27,F
0B8F2:  BNZ   B8F8
.................... 				Modo=1; 
0B8F4:  MOVLW  01
0B8F6:  MOVWF  3A
.................... 			} 
.................... 			if (flagEstado==450){ 
0B8F8:  MOVF   26,W
0B8FA:  SUBLW  C2
0B8FC:  BNZ   B904
0B8FE:  DECFSZ 27,W
0B900:  BRA    B904
.................... 				passag=0; 
0B902:  CLRF   29
.................... 			} 
.................... 			if (flagEstado==470){ 
0B904:  MOVF   26,W
0B906:  SUBLW  D6
0B908:  BNZ   B910
0B90A:  DECFSZ 27,W
0B90C:  BRA    B910
.................... 				passag=0; 
0B90E:  CLRF   29
.................... 			} 
.................... 			break;	       
0B910:  MOVLB  1
0B912:  GOTO   C7FE
....................   
.................... 		case 450: 
.................... 			tela450(); 
0B916:  GOTO   8F96
.................... 			modo2_escreveTempo_1(passag);					 
0B91A:  MOVLB  1
0B91C:  CLRF   x81
0B91E:  MOVFF  29,180
0B922:  MOVLB  0
0B924:  CALL   8C32
.................... 		 	flagEstado=selecEstado450(tecla_valida); 
0B928:  MOVFF  28,180
0B92C:  GOTO   8F9E
0B930:  MOVFF  02,27
0B934:  MOVFF  01,26
.................... 			break; 
0B938:  MOVLB  1
0B93A:  GOTO   C7FE
.................... 		 
.................... 		case 470: 
.................... 			tela470(); 
0B93E:  GOTO   9006
.................... 			modo2_escreveFreq_1(passag);					 
0B942:  MOVLB  1
0B944:  CLRF   x81
0B946:  MOVFF  29,180
0B94A:  MOVLB  0
0B94C:  GOTO   900E
.................... 			flagEstado=selecEstado470(tecla_valida); 
0B950:  MOVFF  28,180
0B954:  GOTO   92A4
0B958:  MOVFF  02,27
0B95C:  MOVFF  01,26
.................... 			break; 
0B960:  MOVLB  1
0B962:  GOTO   C7FE
.................... 		 
.................... 		case 549: 
.................... 			tela149(); 
0B966:  CALL   733A
.................... 			lcd_posicaoxy(3,1); 
0B96A:  MOVLW  03
0B96C:  MOVLB  1
0B96E:  MOVWF  x92
0B970:  MOVLW  01
0B972:  MOVWF  x93
0B974:  MOVLB  0
0B976:  CALL   262A
.................... 			lcd_escreve_tempo(tempos[0],tempos2[0]); 
0B97A:  MOVFF  5C,18F
0B97E:  MOVFF  5B,18E
0B982:  MOVFF  5A,18D
0B986:  MOVFF  59,18C
0B98A:  MOVFF  88,193
0B98E:  MOVFF  87,192
0B992:  MOVFF  86,191
0B996:  MOVFF  85,190
0B99A:  CALL   75DA
.................... 			lcd_escreve(" s"); 
0B99E:  MOVLB  1
0B9A0:  CLRF   x80
0B9A2:  MOVF   x80,W
0B9A4:  MOVLB  0
0B9A6:  CALL   1E2E
0B9AA:  IORLW  00
0B9AC:  BZ    B9C0
0B9AE:  MOVLB  1
0B9B0:  INCF   x80,F
0B9B2:  MOVWF  xC1
0B9B4:  MOVLB  0
0B9B6:  CALL   265E
0B9BA:  MOVLB  1
0B9BC:  BRA    B9A2
0B9BE:  MOVLB  0
.................... 			flagEstado=selecEstado(54,tecla_valida); 
0B9C0:  MOVLB  1
0B9C2:  CLRF   x83
0B9C4:  MOVLW  36
0B9C6:  MOVWF  x82
0B9C8:  MOVFF  28,184
0B9CC:  MOVLB  0
0B9CE:  CALL   2B28
0B9D2:  MOVFF  02,27
0B9D6:  MOVFF  01,26
.................... 			if(flagEstado==106) 
0B9DA:  MOVF   26,W
0B9DC:  SUBLW  6A
0B9DE:  BNZ   B9E8
0B9E0:  MOVF   27,F
0B9E2:  BNZ   B9E8
.................... 			{ 
.................... 				Modo=1; 
0B9E4:  MOVLW  01
0B9E6:  MOVWF  3A
.................... 			} 
.................... 			break; 
0B9E8:  MOVLB  1
0B9EA:  GOTO   C7FE
....................  
.................... 		case 550: 
.................... 			if (flagMostraVel==0){ 
0B9EE:  MOVF   56,F
0B9F0:  BNZ   B9FA
.................... 				flagEstado=549; 
0B9F2:  MOVLW  02
0B9F4:  MOVWF  27
0B9F6:  MOVLW  25
0B9F8:  MOVWF  26
.................... 			} 
.................... 			tela250(); 
0B9FA:  CALL   8B02
.................... 			lcd_posicaoxy(3,1); 
0B9FE:  MOVLW  03
0BA00:  MOVLB  1
0BA02:  MOVWF  x92
0BA04:  MOVLW  01
0BA06:  MOVWF  x93
0BA08:  MOVLB  0
0BA0A:  CALL   262A
.................... 			lcd_escreve_tempo(tempos[0],tempos2[0]); 
0BA0E:  MOVFF  5C,18F
0BA12:  MOVFF  5B,18E
0BA16:  MOVFF  5A,18D
0BA1A:  MOVFF  59,18C
0BA1E:  MOVFF  88,193
0BA22:  MOVFF  87,192
0BA26:  MOVFF  86,191
0BA2A:  MOVFF  85,190
0BA2E:  CALL   75DA
.................... 			lcd_escreve(" s   "); 
0BA32:  MOVLB  1
0BA34:  CLRF   x80
0BA36:  MOVF   x80,W
0BA38:  MOVLB  0
0BA3A:  CALL   1EE2
0BA3E:  IORLW  00
0BA40:  BZ    BA54
0BA42:  MOVLB  1
0BA44:  INCF   x80,F
0BA46:  MOVWF  xC1
0BA48:  MOVLB  0
0BA4A:  CALL   265E
0BA4E:  MOVLB  1
0BA50:  BRA    BA36
0BA52:  MOVLB  0
.................... 			flagEstado=selecEstado(43,tecla_valida); 
0BA54:  MOVLB  1
0BA56:  CLRF   x83
0BA58:  MOVLW  2B
0BA5A:  MOVWF  x82
0BA5C:  MOVFF  28,184
0BA60:  MOVLB  0
0BA62:  CALL   2B28
0BA66:  MOVFF  02,27
0BA6A:  MOVFF  01,26
.................... 			if(flagEstado==106){ 
0BA6E:  MOVF   26,W
0BA70:  SUBLW  6A
0BA72:  BNZ   BA7C
0BA74:  MOVF   27,F
0BA76:  BNZ   BA7C
.................... 				Modo=1; 
0BA78:  MOVLW  01
0BA7A:  MOVWF  3A
.................... 			} 
.................... 			break; 
0BA7C:  MOVLB  1
0BA7E:  GOTO   C7FE
.................... 		case 551: 
.................... 			tela251(); 
0BA82:  CALL   8B96
.................... 			lcd_posicaoxy(4,1); 
0BA86:  MOVLW  04
0BA88:  MOVLB  1
0BA8A:  MOVWF  x92
0BA8C:  MOVLW  01
0BA8E:  MOVWF  x93
0BA90:  MOVLB  0
0BA92:  CALL   262A
.................... 			tempo=(float)tempos[0]/100; 
0BA96:  MOVFF  5C,1AD
0BA9A:  MOVFF  5B,1AC
0BA9E:  MOVFF  5A,1AB
0BAA2:  MOVFF  59,1AA
0BAA6:  CALL   7DA6
0BAAA:  MOVFF  00,180
0BAAE:  MOVFF  01,181
0BAB2:  MOVFF  02,182
0BAB6:  MOVFF  03,183
0BABA:  MOVFF  03,1AD
0BABE:  MOVFF  02,1AC
0BAC2:  MOVFF  01,1AB
0BAC6:  MOVFF  00,1AA
0BACA:  MOVLB  1
0BACC:  CLRF   xB1
0BACE:  CLRF   xB0
0BAD0:  MOVLW  48
0BAD2:  MOVWF  xAF
0BAD4:  MOVLW  85
0BAD6:  MOVWF  xAE
0BAD8:  MOVLB  0
0BADA:  CALL   7DDE
0BADE:  MOVFF  03,16C
0BAE2:  MOVFF  02,16B
0BAE6:  MOVFF  01,16A
0BAEA:  MOVFF  00,169
.................... 			tempo2=(float)tempos2[0]*100; 
0BAEE:  MOVFF  88,1AD
0BAF2:  MOVFF  87,1AC
0BAF6:  MOVFF  86,1AB
0BAFA:  MOVFF  85,1AA
0BAFE:  CALL   7DA6
0BB02:  MOVFF  00,180
0BB06:  MOVFF  01,181
0BB0A:  MOVFF  02,182
0BB0E:  MOVFF  03,183
0BB12:  MOVFF  03,1AD
0BB16:  MOVFF  02,1AC
0BB1A:  MOVFF  01,1AB
0BB1E:  MOVFF  00,1AA
0BB22:  MOVLB  1
0BB24:  CLRF   xB1
0BB26:  CLRF   xB0
0BB28:  MOVLW  48
0BB2A:  MOVWF  xAF
0BB2C:  MOVLW  85
0BB2E:  MOVWF  xAE
0BB30:  MOVLB  0
0BB32:  CALL   7F3C
0BB36:  MOVFF  03,170
0BB3A:  MOVFF  02,16F
0BB3E:  MOVFF  01,16E
0BB42:  MOVFF  00,16D
.................... 			tempo2=(float)tempo2+tempo; 
0BB46:  BCF    FD8.1
0BB48:  MOVFF  170,1AD
0BB4C:  MOVFF  16F,1AC
0BB50:  MOVFF  16E,1AB
0BB54:  MOVFF  16D,1AA
0BB58:  MOVFF  16C,1B1
0BB5C:  MOVFF  16B,1B0
0BB60:  MOVFF  16A,1AF
0BB64:  MOVFF  169,1AE
0BB68:  CALL   8032
0BB6C:  MOVFF  03,170
0BB70:  MOVFF  02,16F
0BB74:  MOVFF  01,16E
0BB78:  MOVFF  00,16D
.................... 			velocidade=(float)Larg/tempo2; 
0BB7C:  MOVFF  35,181
0BB80:  MOVFF  34,180
0BB84:  CALL   82AA
0BB88:  MOVFF  00,180
0BB8C:  MOVFF  01,181
0BB90:  MOVFF  02,182
0BB94:  MOVFF  03,183
0BB98:  MOVFF  03,1AD
0BB9C:  MOVFF  02,1AC
0BBA0:  MOVFF  01,1AB
0BBA4:  MOVFF  00,1AA
0BBA8:  MOVFF  170,1B1
0BBAC:  MOVFF  16F,1B0
0BBB0:  MOVFF  16E,1AF
0BBB4:  MOVFF  16D,1AE
0BBB8:  CALL   7DDE
0BBBC:  MOVFF  03,164
0BBC0:  MOVFF  02,163
0BBC4:  MOVFF  01,162
0BBC8:  MOVFF  00,161
.................... 			lcd_escreve_veloc(velocidade); 
0BBCC:  MOVFF  164,187
0BBD0:  MOVFF  163,186
0BBD4:  MOVFF  162,185
0BBD8:  MOVFF  161,184
0BBDC:  CALL   83DA
.................... 			lcd_escreve(" m/s  "); 
0BBE0:  MOVLB  1
0BBE2:  CLRF   x80
0BBE4:  MOVF   x80,W
0BBE6:  MOVLB  0
0BBE8:  CALL   1F22
0BBEC:  IORLW  00
0BBEE:  BZ    BC02
0BBF0:  MOVLB  1
0BBF2:  INCF   x80,F
0BBF4:  MOVWF  xC1
0BBF6:  MOVLB  0
0BBF8:  CALL   265E
0BBFC:  MOVLB  1
0BBFE:  BRA    BBE4
0BC00:  MOVLB  0
.................... 			flagEstado=selecEstado(44,tecla_valida); 
0BC02:  MOVLB  1
0BC04:  CLRF   x83
0BC06:  MOVLW  2C
0BC08:  MOVWF  x82
0BC0A:  MOVFF  28,184
0BC0E:  MOVLB  0
0BC10:  CALL   2B28
0BC14:  MOVFF  02,27
0BC18:  MOVFF  01,26
.................... 			//lcd_limpa(); 
.................... 			if(flagEstado==106){ 
0BC1C:  MOVF   26,W
0BC1E:  SUBLW  6A
0BC20:  BNZ   BC2A
0BC22:  MOVF   27,F
0BC24:  BNZ   BC2A
.................... 				Modo=1; 
0BC26:  MOVLW  01
0BC28:  MOVWF  3A
.................... 			} 
.................... 			break; 
0BC2A:  MOVLB  1
0BC2C:  GOTO   C7FE
.................... 		case 552: 
.................... 			tela552(); 
0BC30:  GOTO   9308
.................... 			lcd_posicaoxy(4,1); 
0BC34:  MOVLW  04
0BC36:  MOVLB  1
0BC38:  MOVWF  x92
0BC3A:  MOVLW  01
0BC3C:  MOVWF  x93
0BC3E:  MOVLB  0
0BC40:  CALL   262A
.................... 			tempo=(float)tempos[0]/100; 
0BC44:  MOVFF  5C,1AD
0BC48:  MOVFF  5B,1AC
0BC4C:  MOVFF  5A,1AB
0BC50:  MOVFF  59,1AA
0BC54:  CALL   7DA6
0BC58:  MOVFF  00,180
0BC5C:  MOVFF  01,181
0BC60:  MOVFF  02,182
0BC64:  MOVFF  03,183
0BC68:  MOVFF  03,1AD
0BC6C:  MOVFF  02,1AC
0BC70:  MOVFF  01,1AB
0BC74:  MOVFF  00,1AA
0BC78:  MOVLB  1
0BC7A:  CLRF   xB1
0BC7C:  CLRF   xB0
0BC7E:  MOVLW  48
0BC80:  MOVWF  xAF
0BC82:  MOVLW  85
0BC84:  MOVWF  xAE
0BC86:  MOVLB  0
0BC88:  CALL   7DDE
0BC8C:  MOVFF  03,16C
0BC90:  MOVFF  02,16B
0BC94:  MOVFF  01,16A
0BC98:  MOVFF  00,169
.................... 			tempo2=(float)tempos2[0]*100; 
0BC9C:  MOVFF  88,1AD
0BCA0:  MOVFF  87,1AC
0BCA4:  MOVFF  86,1AB
0BCA8:  MOVFF  85,1AA
0BCAC:  CALL   7DA6
0BCB0:  MOVFF  00,180
0BCB4:  MOVFF  01,181
0BCB8:  MOVFF  02,182
0BCBC:  MOVFF  03,183
0BCC0:  MOVFF  03,1AD
0BCC4:  MOVFF  02,1AC
0BCC8:  MOVFF  01,1AB
0BCCC:  MOVFF  00,1AA
0BCD0:  MOVLB  1
0BCD2:  CLRF   xB1
0BCD4:  CLRF   xB0
0BCD6:  MOVLW  48
0BCD8:  MOVWF  xAF
0BCDA:  MOVLW  85
0BCDC:  MOVWF  xAE
0BCDE:  MOVLB  0
0BCE0:  CALL   7F3C
0BCE4:  MOVFF  03,170
0BCE8:  MOVFF  02,16F
0BCEC:  MOVFF  01,16E
0BCF0:  MOVFF  00,16D
.................... 			tempo2=(float)tempo2+tempo; 
0BCF4:  BCF    FD8.1
0BCF6:  MOVFF  170,1AD
0BCFA:  MOVFF  16F,1AC
0BCFE:  MOVFF  16E,1AB
0BD02:  MOVFF  16D,1AA
0BD06:  MOVFF  16C,1B1
0BD0A:  MOVFF  16B,1B0
0BD0E:  MOVFF  16A,1AF
0BD12:  MOVFF  169,1AE
0BD16:  CALL   8032
0BD1A:  MOVFF  03,170
0BD1E:  MOVFF  02,16F
0BD22:  MOVFF  01,16E
0BD26:  MOVFF  00,16D
.................... 			tempo2=(float)tempo2*tempo2; //tempo quadrado 
0BD2A:  MOVFF  170,1AD
0BD2E:  MOVFF  16F,1AC
0BD32:  MOVFF  16E,1AB
0BD36:  MOVFF  16D,1AA
0BD3A:  MOVFF  170,1B1
0BD3E:  MOVFF  16F,1B0
0BD42:  MOVFF  16E,1AF
0BD46:  MOVFF  16D,1AE
0BD4A:  CALL   7F3C
0BD4E:  MOVFF  03,170
0BD52:  MOVFF  02,16F
0BD56:  MOVFF  01,16E
0BD5A:  MOVFF  00,16D
.................... 			acel=(float)Larg/tempo2;		//acel=2*x/t2 
0BD5E:  MOVFF  35,181
0BD62:  MOVFF  34,180
0BD66:  CALL   82AA
0BD6A:  MOVFF  00,180
0BD6E:  MOVFF  01,181
0BD72:  MOVFF  02,182
0BD76:  MOVFF  03,183
0BD7A:  MOVFF  03,1AD
0BD7E:  MOVFF  02,1AC
0BD82:  MOVFF  01,1AB
0BD86:  MOVFF  00,1AA
0BD8A:  MOVFF  170,1B1
0BD8E:  MOVFF  16F,1B0
0BD92:  MOVFF  16E,1AF
0BD96:  MOVFF  16D,1AE
0BD9A:  CALL   7DDE
0BD9E:  MOVFF  03,174
0BDA2:  MOVFF  02,173
0BDA6:  MOVFF  01,172
0BDAA:  MOVFF  00,171
.................... 			acel=(float)acel*2000;		 
0BDAE:  MOVFF  174,1AD
0BDB2:  MOVFF  173,1AC
0BDB6:  MOVFF  172,1AB
0BDBA:  MOVFF  171,1AA
0BDBE:  MOVLB  1
0BDC0:  CLRF   xB1
0BDC2:  CLRF   xB0
0BDC4:  MOVLW  7A
0BDC6:  MOVWF  xAF
0BDC8:  MOVLW  89
0BDCA:  MOVWF  xAE
0BDCC:  MOVLB  0
0BDCE:  CALL   7F3C
0BDD2:  MOVFF  03,174
0BDD6:  MOVFF  02,173
0BDDA:  MOVFF  01,172
0BDDE:  MOVFF  00,171
.................... 			lcd_escreve_veloc(acel); 
0BDE2:  MOVFF  174,187
0BDE6:  MOVFF  173,186
0BDEA:  MOVFF  172,185
0BDEE:  MOVFF  171,184
0BDF2:  CALL   83DA
.................... 			lcd_escreve(" m/s2"); 
0BDF6:  MOVLB  1
0BDF8:  CLRF   x80
0BDFA:  MOVF   x80,W
0BDFC:  MOVLB  0
0BDFE:  CALL   1F44
0BE02:  IORLW  00
0BE04:  BZ    BE18
0BE06:  MOVLB  1
0BE08:  INCF   x80,F
0BE0A:  MOVWF  xC1
0BE0C:  MOVLB  0
0BE0E:  CALL   265E
0BE12:  MOVLB  1
0BE14:  BRA    BDFA
0BE16:  MOVLB  0
.................... 			flagEstado=selecEstado(45,tecla_valida); 
0BE18:  MOVLB  1
0BE1A:  CLRF   x83
0BE1C:  MOVLW  2D
0BE1E:  MOVWF  x82
0BE20:  MOVFF  28,184
0BE24:  MOVLB  0
0BE26:  CALL   2B28
0BE2A:  MOVFF  02,27
0BE2E:  MOVFF  01,26
.................... 			if(flagEstado==106){ 
0BE32:  MOVF   26,W
0BE34:  SUBLW  6A
0BE36:  BNZ   BE40
0BE38:  MOVF   27,F
0BE3A:  BNZ   BE40
.................... 				Modo=1; 
0BE3C:  MOVLW  01
0BE3E:  MOVWF  3A
.................... 			} 
.................... 			break; 
0BE40:  MOVLB  1
0BE42:  GOTO   C7FE
.................... 		case 553: 
.................... 			tela553(); 
0BE46:  GOTO   939E
.................... 			lcd_posicaoxy(4,1); 
0BE4A:  MOVLW  04
0BE4C:  MOVLB  1
0BE4E:  MOVWF  x92
0BE50:  MOVLW  01
0BE52:  MOVWF  x93
0BE54:  MOVLB  0
0BE56:  CALL   262A
.................... 			tempo=(float)tempos[0]/100; 
0BE5A:  MOVFF  5C,1AD
0BE5E:  MOVFF  5B,1AC
0BE62:  MOVFF  5A,1AB
0BE66:  MOVFF  59,1AA
0BE6A:  CALL   7DA6
0BE6E:  MOVFF  00,180
0BE72:  MOVFF  01,181
0BE76:  MOVFF  02,182
0BE7A:  MOVFF  03,183
0BE7E:  MOVFF  03,1AD
0BE82:  MOVFF  02,1AC
0BE86:  MOVFF  01,1AB
0BE8A:  MOVFF  00,1AA
0BE8E:  MOVLB  1
0BE90:  CLRF   xB1
0BE92:  CLRF   xB0
0BE94:  MOVLW  48
0BE96:  MOVWF  xAF
0BE98:  MOVLW  85
0BE9A:  MOVWF  xAE
0BE9C:  MOVLB  0
0BE9E:  CALL   7DDE
0BEA2:  MOVFF  03,16C
0BEA6:  MOVFF  02,16B
0BEAA:  MOVFF  01,16A
0BEAE:  MOVFF  00,169
.................... 			tempo2=(float)tempos2[0]*100; 
0BEB2:  MOVFF  88,1AD
0BEB6:  MOVFF  87,1AC
0BEBA:  MOVFF  86,1AB
0BEBE:  MOVFF  85,1AA
0BEC2:  CALL   7DA6
0BEC6:  MOVFF  00,180
0BECA:  MOVFF  01,181
0BECE:  MOVFF  02,182
0BED2:  MOVFF  03,183
0BED6:  MOVFF  03,1AD
0BEDA:  MOVFF  02,1AC
0BEDE:  MOVFF  01,1AB
0BEE2:  MOVFF  00,1AA
0BEE6:  MOVLB  1
0BEE8:  CLRF   xB1
0BEEA:  CLRF   xB0
0BEEC:  MOVLW  48
0BEEE:  MOVWF  xAF
0BEF0:  MOVLW  85
0BEF2:  MOVWF  xAE
0BEF4:  MOVLB  0
0BEF6:  CALL   7F3C
0BEFA:  MOVFF  03,170
0BEFE:  MOVFF  02,16F
0BF02:  MOVFF  01,16E
0BF06:  MOVFF  00,16D
.................... 			tempo2=(float)tempo2+tempo; 
0BF0A:  BCF    FD8.1
0BF0C:  MOVFF  170,1AD
0BF10:  MOVFF  16F,1AC
0BF14:  MOVFF  16E,1AB
0BF18:  MOVFF  16D,1AA
0BF1C:  MOVFF  16C,1B1
0BF20:  MOVFF  16B,1B0
0BF24:  MOVFF  16A,1AF
0BF28:  MOVFF  169,1AE
0BF2C:  CALL   8032
0BF30:  MOVFF  03,170
0BF34:  MOVFF  02,16F
0BF38:  MOVFF  01,16E
0BF3C:  MOVFF  00,16D
.................... 			tempo=(float)tempo2; 		 // tempo 
0BF40:  MOVFF  170,16C
0BF44:  MOVFF  16F,16B
0BF48:  MOVFF  16E,16A
0BF4C:  MOVFF  16D,169
.................... 			tempo2=(float)tempo2*tempo2; //tempo quadrado 
0BF50:  MOVFF  170,1AD
0BF54:  MOVFF  16F,1AC
0BF58:  MOVFF  16E,1AB
0BF5C:  MOVFF  16D,1AA
0BF60:  MOVFF  170,1B1
0BF64:  MOVFF  16F,1B0
0BF68:  MOVFF  16E,1AF
0BF6C:  MOVFF  16D,1AE
0BF70:  CALL   7F3C
0BF74:  MOVFF  03,170
0BF78:  MOVFF  02,16F
0BF7C:  MOVFF  01,16E
0BF80:  MOVFF  00,16D
.................... 			acel=(float)2*Larg/tempo2; 
0BF84:  MOVFF  35,181
0BF88:  MOVFF  34,180
0BF8C:  CALL   82AA
0BF90:  MOVLB  1
0BF92:  CLRF   xAD
0BF94:  CLRF   xAC
0BF96:  CLRF   xAB
0BF98:  MOVLW  80
0BF9A:  MOVWF  xAA
0BF9C:  MOVFF  03,1B1
0BFA0:  MOVFF  02,1B0
0BFA4:  MOVFF  01,1AF
0BFA8:  MOVFF  00,1AE
0BFAC:  MOVLB  0
0BFAE:  CALL   7F3C
0BFB2:  MOVFF  00,180
0BFB6:  MOVFF  01,181
0BFBA:  MOVFF  02,182
0BFBE:  MOVFF  03,183
0BFC2:  MOVFF  03,1AD
0BFC6:  MOVFF  02,1AC
0BFCA:  MOVFF  01,1AB
0BFCE:  MOVFF  00,1AA
0BFD2:  MOVFF  170,1B1
0BFD6:  MOVFF  16F,1B0
0BFDA:  MOVFF  16E,1AF
0BFDE:  MOVFF  16D,1AE
0BFE2:  CALL   7DDE
0BFE6:  MOVFF  03,174
0BFEA:  MOVFF  02,173
0BFEE:  MOVFF  01,172
0BFF2:  MOVFF  00,171
.................... 			velocidade=(float)acel*tempo;	//velocidade final = a*t 
0BFF6:  MOVFF  174,1AD
0BFFA:  MOVFF  173,1AC
0BFFE:  MOVFF  172,1AB
0C002:  MOVFF  171,1AA
0C006:  MOVFF  16C,1B1
0C00A:  MOVFF  16B,1B0
0C00E:  MOVFF  16A,1AF
0C012:  MOVFF  169,1AE
0C016:  CALL   7F3C
0C01A:  MOVFF  03,164
0C01E:  MOVFF  02,163
0C022:  MOVFF  01,162
0C026:  MOVFF  00,161
.................... 			lcd_escreve_veloc(velocidade);	 
0C02A:  MOVFF  164,187
0C02E:  MOVFF  163,186
0C032:  MOVFF  162,185
0C036:  MOVFF  161,184
0C03A:  CALL   83DA
.................... 			lcd_escreve(" m/s "); 
0C03E:  MOVLB  1
0C040:  CLRF   x80
0C042:  MOVF   x80,W
0C044:  MOVLB  0
0C046:  CALL   1F64
0C04A:  IORLW  00
0C04C:  BZ    C060
0C04E:  MOVLB  1
0C050:  INCF   x80,F
0C052:  MOVWF  xC1
0C054:  MOVLB  0
0C056:  CALL   265E
0C05A:  MOVLB  1
0C05C:  BRA    C042
0C05E:  MOVLB  0
.................... 			flagEstado=selecEstado(46,tecla_valida); 
0C060:  MOVLB  1
0C062:  CLRF   x83
0C064:  MOVLW  2E
0C066:  MOVWF  x82
0C068:  MOVFF  28,184
0C06C:  MOVLB  0
0C06E:  CALL   2B28
0C072:  MOVFF  02,27
0C076:  MOVFF  01,26
.................... 			if(flagEstado==106){ 
0C07A:  MOVF   26,W
0C07C:  SUBLW  6A
0C07E:  BNZ   C088
0C080:  MOVF   27,F
0C082:  BNZ   C088
.................... 				Modo=1; 
0C084:  MOVLW  01
0C086:  MOVWF  3A
.................... 			} 
.................... 			break; 
0C088:  MOVLB  1
0C08A:  BRA    C7FE
.................... 		case 710: 
.................... 			tela710(); 
0C08C:  GOTO   9434
.................... 			flagEstado=selecEstado(49,tecla_valida); 
0C090:  MOVLB  1
0C092:  CLRF   x83
0C094:  MOVLW  31
0C096:  MOVWF  x82
0C098:  MOVFF  28,184
0C09C:  MOVLB  0
0C09E:  CALL   2B28
0C0A2:  MOVFF  02,27
0C0A6:  MOVFF  01,26
.................... 			if (flagEstado==106){ 
0C0AA:  MOVF   26,W
0C0AC:  SUBLW  6A
0C0AE:  BNZ   C0B8
0C0B0:  MOVF   27,F
0C0B2:  BNZ   C0B8
.................... 				Modo=1; 
0C0B4:  MOVLW  01
0C0B6:  MOVWF  3A
.................... 			} 
.................... 			if (flagEstado==750){ 
0C0B8:  MOVF   26,W
0C0BA:  SUBLW  EE
0C0BC:  BNZ   C0C6
0C0BE:  MOVF   27,W
0C0C0:  SUBLW  02
0C0C2:  BNZ   C0C6
.................... 				passag=0; 
0C0C4:  CLRF   29
.................... 				 
.................... 			} 
.................... 			if (flagEstado==770){ 
0C0C6:  MOVF   26,W
0C0C8:  SUBLW  02
0C0CA:  BNZ   C0D4
0C0CC:  MOVF   27,W
0C0CE:  SUBLW  03
0C0D0:  BNZ   C0D4
.................... 				passag2=0; 
0C0D2:  CLRF   2A
.................... 				 
.................... 			} 
.................... 			break;	       
0C0D4:  MOVLB  1
0C0D6:  BRA    C7FE
....................   
.................... 		case 750: 
.................... 			tela750(); 
0C0D8:  GOTO   9530
.................... 			lcd_posicaoxy(3,1); 
0C0DC:  MOVLW  03
0C0DE:  MOVLB  1
0C0E0:  MOVWF  x92
0C0E2:  MOVLW  01
0C0E4:  MOVWF  x93
0C0E6:  MOVLB  0
0C0E8:  CALL   262A
.................... 			lcd_escreve_tempo(tempos[passag],tempos2[passag]); 
0C0EC:  MOVF   29,W
0C0EE:  MULLW  04
0C0F0:  MOVF   FF3,W
0C0F2:  CLRF   03
0C0F4:  ADDLW  59
0C0F6:  MOVWF  FE9
0C0F8:  MOVLW  00
0C0FA:  ADDWFC 03,W
0C0FC:  MOVWF  FEA
0C0FE:  MOVFF  FEF,180
0C102:  MOVFF  FEC,181
0C106:  MOVFF  FEC,182
0C10A:  MOVFF  FEC,183
0C10E:  MOVF   29,W
0C110:  MULLW  04
0C112:  MOVF   FF3,W
0C114:  CLRF   03
0C116:  ADDLW  85
0C118:  MOVWF  FE9
0C11A:  MOVLW  00
0C11C:  ADDWFC 03,W
0C11E:  MOVWF  FEA
0C120:  MOVFF  FEF,184
0C124:  MOVFF  FEC,185
0C128:  MOVFF  FEC,186
0C12C:  MOVFF  FEC,187
0C130:  MOVFF  183,18F
0C134:  MOVFF  182,18E
0C138:  MOVFF  181,18D
0C13C:  MOVFF  180,18C
0C140:  MOVFF  187,193
0C144:  MOVFF  186,192
0C148:  MOVFF  185,191
0C14C:  MOVFF  184,190
0C150:  CALL   75DA
.................... 			lcd_escreve("s"); 
0C154:  MOVLB  1
0C156:  CLRF   x80
0C158:  MOVF   x80,W
0C15A:  MOVLB  0
0C15C:  CALL   1F84
0C160:  IORLW  00
0C162:  BZ    C176
0C164:  MOVLB  1
0C166:  INCF   x80,F
0C168:  MOVWF  xC1
0C16A:  MOVLB  0
0C16C:  CALL   265E
0C170:  MOVLB  1
0C172:  BRA    C158
0C174:  MOVLB  0
.................... 			lcd_posicaoxy(15,1); 
0C176:  MOVLW  0F
0C178:  MOVLB  1
0C17A:  MOVWF  x92
0C17C:  MOVLW  01
0C17E:  MOVWF  x93
0C180:  MOVLB  0
0C182:  CALL   262A
.................... 			lcd_escreve_digito(passag); 
0C186:  MOVFF  29,1C0
0C18A:  CALL   343A
.................... 			flagEstado=selecEstado750(tecla_valida); 
0C18E:  MOVFF  28,180
0C192:  GOTO   965C
0C196:  MOVFF  02,27
0C19A:  MOVFF  01,26
.................... 			break; 
0C19E:  MOVLB  1
0C1A0:  BRA    C7FE
.................... 		case 751: 
.................... 			tela751(); 
0C1A2:  GOTO   96EE
.................... 			lcd_posicaoxy(3,1); 
0C1A6:  MOVLW  03
0C1A8:  MOVLB  1
0C1AA:  MOVWF  x92
0C1AC:  MOVLW  01
0C1AE:  MOVWF  x93
0C1B0:  MOVLB  0
0C1B2:  CALL   262A
.................... 			lcd_escreve_tempo(S0vtempos[passag2],S0vtempos2[passag2]); 
0C1B6:  MOVF   2A,W
0C1B8:  MULLW  04
0C1BA:  MOVF   FF3,W
0C1BC:  CLRF   03
0C1BE:  ADDLW  09
0C1C0:  MOVWF  FE9
0C1C2:  MOVLW  01
0C1C4:  ADDWFC 03,W
0C1C6:  MOVWF  FEA
0C1C8:  MOVFF  FEF,180
0C1CC:  MOVFF  FEC,181
0C1D0:  MOVFF  FEC,182
0C1D4:  MOVFF  FEC,183
0C1D8:  MOVF   2A,W
0C1DA:  MULLW  04
0C1DC:  MOVF   FF3,W
0C1DE:  CLRF   03
0C1E0:  ADDLW  35
0C1E2:  MOVWF  FE9
0C1E4:  MOVLW  01
0C1E6:  ADDWFC 03,W
0C1E8:  MOVWF  FEA
0C1EA:  MOVFF  FEF,184
0C1EE:  MOVFF  FEC,185
0C1F2:  MOVFF  FEC,186
0C1F6:  MOVFF  FEC,187
0C1FA:  MOVFF  183,18F
0C1FE:  MOVFF  182,18E
0C202:  MOVFF  181,18D
0C206:  MOVFF  180,18C
0C20A:  MOVFF  187,193
0C20E:  MOVFF  186,192
0C212:  MOVFF  185,191
0C216:  MOVFF  184,190
0C21A:  CALL   75DA
.................... 			lcd_escreve("s"); 
0C21E:  MOVLB  1
0C220:  CLRF   x80
0C222:  MOVF   x80,W
0C224:  MOVLB  0
0C226:  CALL   1F84
0C22A:  IORLW  00
0C22C:  BZ    C240
0C22E:  MOVLB  1
0C230:  INCF   x80,F
0C232:  MOVWF  xC1
0C234:  MOVLB  0
0C236:  CALL   265E
0C23A:  MOVLB  1
0C23C:  BRA    C222
0C23E:  MOVLB  0
.................... 			lcd_posicaoxy(15,1); 
0C240:  MOVLW  0F
0C242:  MOVLB  1
0C244:  MOVWF  x92
0C246:  MOVLW  01
0C248:  MOVWF  x93
0C24A:  MOVLB  0
0C24C:  CALL   262A
.................... 			lcd_escreve_digito(passag2);				 
0C250:  MOVFF  2A,1C0
0C254:  CALL   343A
.................... 			flagEstado=selecEstado751(tecla_valida); 
0C258:  MOVFF  28,180
0C25C:  GOTO   981A
0C260:  MOVFF  02,27
0C264:  MOVFF  01,26
.................... 			break; 
0C268:  MOVLB  1
0C26A:  BRA    C7FE
.................... 		case 770: 
.................... 			tela770(); 
0C26C:  GOTO   988E
.................... 			lcd_posicaoxy(3,1); 
0C270:  MOVLW  03
0C272:  MOVLB  1
0C274:  MOVWF  x92
0C276:  MOVLW  01
0C278:  MOVWF  x93
0C27A:  MOVLB  0
0C27C:  CALL   262A
.................... 			lcd_escreve_tempo(S1tempos[passag2],S1tempos2[passag2]); 
0C280:  MOVF   2A,W
0C282:  MULLW  04
0C284:  MOVF   FF3,W
0C286:  CLRF   03
0C288:  ADDLW  B1
0C28A:  MOVWF  FE9
0C28C:  MOVLW  00
0C28E:  ADDWFC 03,W
0C290:  MOVWF  FEA
0C292:  MOVFF  FEF,180
0C296:  MOVFF  FEC,181
0C29A:  MOVFF  FEC,182
0C29E:  MOVFF  FEC,183
0C2A2:  MOVF   2A,W
0C2A4:  MULLW  04
0C2A6:  MOVF   FF3,W
0C2A8:  CLRF   03
0C2AA:  ADDLW  DD
0C2AC:  MOVWF  FE9
0C2AE:  MOVLW  00
0C2B0:  ADDWFC 03,W
0C2B2:  MOVWF  FEA
0C2B4:  MOVFF  FEF,184
0C2B8:  MOVFF  FEC,185
0C2BC:  MOVFF  FEC,186
0C2C0:  MOVFF  FEC,187
0C2C4:  MOVFF  183,18F
0C2C8:  MOVFF  182,18E
0C2CC:  MOVFF  181,18D
0C2D0:  MOVFF  180,18C
0C2D4:  MOVFF  187,193
0C2D8:  MOVFF  186,192
0C2DC:  MOVFF  185,191
0C2E0:  MOVFF  184,190
0C2E4:  CALL   75DA
.................... 			lcd_escreve("s"); 
0C2E8:  MOVLB  1
0C2EA:  CLRF   x80
0C2EC:  MOVF   x80,W
0C2EE:  MOVLB  0
0C2F0:  CALL   1F84
0C2F4:  IORLW  00
0C2F6:  BZ    C30A
0C2F8:  MOVLB  1
0C2FA:  INCF   x80,F
0C2FC:  MOVWF  xC1
0C2FE:  MOVLB  0
0C300:  CALL   265E
0C304:  MOVLB  1
0C306:  BRA    C2EC
0C308:  MOVLB  0
.................... 			lcd_posicaoxy(15,1); 
0C30A:  MOVLW  0F
0C30C:  MOVLB  1
0C30E:  MOVWF  x92
0C310:  MOVLW  01
0C312:  MOVWF  x93
0C314:  MOVLB  0
0C316:  CALL   262A
.................... 			lcd_escreve_digito(passag2);				 
0C31A:  MOVFF  2A,1C0
0C31E:  CALL   343A
.................... 			flagEstado=selecEstado770(tecla_valida); 
0C322:  MOVFF  28,180
0C326:  GOTO   99BA
0C32A:  MOVFF  02,27
0C32E:  MOVFF  01,26
.................... 			break; 
0C332:  MOVLB  1
0C334:  BRA    C7FE
.................... 		case 950: 
.................... 			tela250(); 
0C336:  CALL   8B02
.................... 			lcd_posicaoxy(3,1); 
0C33A:  MOVLW  03
0C33C:  MOVLB  1
0C33E:  MOVWF  x92
0C340:  MOVLW  01
0C342:  MOVWF  x93
0C344:  MOVLB  0
0C346:  CALL   262A
.................... 			lcd_escreve_tempo(tempos[0],tempos2[0]); 
0C34A:  MOVFF  5C,18F
0C34E:  MOVFF  5B,18E
0C352:  MOVFF  5A,18D
0C356:  MOVFF  59,18C
0C35A:  MOVFF  88,193
0C35E:  MOVFF  87,192
0C362:  MOVFF  86,191
0C366:  MOVFF  85,190
0C36A:  CALL   75DA
.................... 			lcd_escreve(" s  "); 
0C36E:  MOVLB  1
0C370:  CLRF   x80
0C372:  MOVF   x80,W
0C374:  MOVLB  0
0C376:  CALL   1E86
0C37A:  IORLW  00
0C37C:  BZ    C390
0C37E:  MOVLB  1
0C380:  INCF   x80,F
0C382:  MOVWF  xC1
0C384:  MOVLB  0
0C386:  CALL   265E
0C38A:  MOVLB  1
0C38C:  BRA    C372
0C38E:  MOVLB  0
.................... 			flagEstado=selecEstado(50,tecla_valida); 
0C390:  MOVLB  1
0C392:  CLRF   x83
0C394:  MOVLW  32
0C396:  MOVWF  x82
0C398:  MOVFF  28,184
0C39C:  MOVLB  0
0C39E:  CALL   2B28
0C3A2:  MOVFF  02,27
0C3A6:  MOVFF  01,26
.................... 			if(flagEstado==106){ 
0C3AA:  MOVF   26,W
0C3AC:  SUBLW  6A
0C3AE:  BNZ   C3B8
0C3B0:  MOVF   27,F
0C3B2:  BNZ   C3B8
.................... 				Modo=1; 
0C3B4:  MOVLW  01
0C3B6:  MOVWF  3A
.................... 			} 
.................... 			break; 
0C3B8:  MOVLB  1
0C3BA:  BRA    C7FE
.................... 		case 951: 
.................... 			tela251(); 
0C3BC:  CALL   8B96
.................... 			lcd_posicaoxy(4,1); 
0C3C0:  MOVLW  04
0C3C2:  MOVLB  1
0C3C4:  MOVWF  x92
0C3C6:  MOVLW  01
0C3C8:  MOVWF  x93
0C3CA:  MOVLB  0
0C3CC:  CALL   262A
.................... 			tempo=(float)tempos[0]/100; 
0C3D0:  MOVFF  5C,1AD
0C3D4:  MOVFF  5B,1AC
0C3D8:  MOVFF  5A,1AB
0C3DC:  MOVFF  59,1AA
0C3E0:  CALL   7DA6
0C3E4:  MOVFF  00,180
0C3E8:  MOVFF  01,181
0C3EC:  MOVFF  02,182
0C3F0:  MOVFF  03,183
0C3F4:  MOVFF  03,1AD
0C3F8:  MOVFF  02,1AC
0C3FC:  MOVFF  01,1AB
0C400:  MOVFF  00,1AA
0C404:  MOVLB  1
0C406:  CLRF   xB1
0C408:  CLRF   xB0
0C40A:  MOVLW  48
0C40C:  MOVWF  xAF
0C40E:  MOVLW  85
0C410:  MOVWF  xAE
0C412:  MOVLB  0
0C414:  CALL   7DDE
0C418:  MOVFF  03,16C
0C41C:  MOVFF  02,16B
0C420:  MOVFF  01,16A
0C424:  MOVFF  00,169
.................... 			tempo2=(float)tempos2[0]*100; 
0C428:  MOVFF  88,1AD
0C42C:  MOVFF  87,1AC
0C430:  MOVFF  86,1AB
0C434:  MOVFF  85,1AA
0C438:  CALL   7DA6
0C43C:  MOVFF  00,180
0C440:  MOVFF  01,181
0C444:  MOVFF  02,182
0C448:  MOVFF  03,183
0C44C:  MOVFF  03,1AD
0C450:  MOVFF  02,1AC
0C454:  MOVFF  01,1AB
0C458:  MOVFF  00,1AA
0C45C:  MOVLB  1
0C45E:  CLRF   xB1
0C460:  CLRF   xB0
0C462:  MOVLW  48
0C464:  MOVWF  xAF
0C466:  MOVLW  85
0C468:  MOVWF  xAE
0C46A:  MOVLB  0
0C46C:  CALL   7F3C
0C470:  MOVFF  03,170
0C474:  MOVFF  02,16F
0C478:  MOVFF  01,16E
0C47C:  MOVFF  00,16D
.................... 			tempo2=(float)tempo2+tempo; 
0C480:  BCF    FD8.1
0C482:  MOVFF  170,1AD
0C486:  MOVFF  16F,1AC
0C48A:  MOVFF  16E,1AB
0C48E:  MOVFF  16D,1AA
0C492:  MOVFF  16C,1B1
0C496:  MOVFF  16B,1B0
0C49A:  MOVFF  16A,1AF
0C49E:  MOVFF  169,1AE
0C4A2:  CALL   8032
0C4A6:  MOVFF  03,170
0C4AA:  MOVFF  02,16F
0C4AE:  MOVFF  01,16E
0C4B2:  MOVFF  00,16D
.................... 			velocidade=(float)Larg/tempo2; 
0C4B6:  MOVFF  35,181
0C4BA:  MOVFF  34,180
0C4BE:  CALL   82AA
0C4C2:  MOVFF  00,180
0C4C6:  MOVFF  01,181
0C4CA:  MOVFF  02,182
0C4CE:  MOVFF  03,183
0C4D2:  MOVFF  03,1AD
0C4D6:  MOVFF  02,1AC
0C4DA:  MOVFF  01,1AB
0C4DE:  MOVFF  00,1AA
0C4E2:  MOVFF  170,1B1
0C4E6:  MOVFF  16F,1B0
0C4EA:  MOVFF  16E,1AF
0C4EE:  MOVFF  16D,1AE
0C4F2:  CALL   7DDE
0C4F6:  MOVFF  03,164
0C4FA:  MOVFF  02,163
0C4FE:  MOVFF  01,162
0C502:  MOVFF  00,161
.................... 			lcd_escreve_veloc(velocidade); 
0C506:  MOVFF  164,187
0C50A:  MOVFF  163,186
0C50E:  MOVFF  162,185
0C512:  MOVFF  161,184
0C516:  CALL   83DA
.................... 			lcd_escreve(" m/s"); 
0C51A:  MOVLB  1
0C51C:  CLRF   x80
0C51E:  MOVF   x80,W
0C520:  MOVLB  0
0C522:  CALL   1F02
0C526:  IORLW  00
0C528:  BZ    C53C
0C52A:  MOVLB  1
0C52C:  INCF   x80,F
0C52E:  MOVWF  xC1
0C530:  MOVLB  0
0C532:  CALL   265E
0C536:  MOVLB  1
0C538:  BRA    C51E
0C53A:  MOVLB  0
.................... 			flagEstado=selecEstado(51,tecla_valida); 
0C53C:  MOVLB  1
0C53E:  CLRF   x83
0C540:  MOVLW  33
0C542:  MOVWF  x82
0C544:  MOVFF  28,184
0C548:  MOVLB  0
0C54A:  CALL   2B28
0C54E:  MOVFF  02,27
0C552:  MOVFF  01,26
.................... 			if(flagEstado==106){ 
0C556:  MOVF   26,W
0C558:  SUBLW  6A
0C55A:  BNZ   C564
0C55C:  MOVF   27,F
0C55E:  BNZ   C564
.................... 				Modo=1; 
0C560:  MOVLW  01
0C562:  MOVWF  3A
.................... 			} 
.................... 			break; 
0C564:  MOVLB  1
0C566:  BRA    C7FE
.................... 		case 1253: 
.................... 			tela1253(); 
0C568:  GOTO   9A16
.................... 			lcd_posicaoxy(4,1); 
0C56C:  MOVLW  04
0C56E:  MOVLB  1
0C570:  MOVWF  x92
0C572:  MOVLW  01
0C574:  MOVWF  x93
0C576:  MOVLB  0
0C578:  CALL   262A
.................... 			tempo=(float)tempos[0]/100; 
0C57C:  MOVFF  5C,1AD
0C580:  MOVFF  5B,1AC
0C584:  MOVFF  5A,1AB
0C588:  MOVFF  59,1AA
0C58C:  CALL   7DA6
0C590:  MOVFF  00,180
0C594:  MOVFF  01,181
0C598:  MOVFF  02,182
0C59C:  MOVFF  03,183
0C5A0:  MOVFF  03,1AD
0C5A4:  MOVFF  02,1AC
0C5A8:  MOVFF  01,1AB
0C5AC:  MOVFF  00,1AA
0C5B0:  MOVLB  1
0C5B2:  CLRF   xB1
0C5B4:  CLRF   xB0
0C5B6:  MOVLW  48
0C5B8:  MOVWF  xAF
0C5BA:  MOVLW  85
0C5BC:  MOVWF  xAE
0C5BE:  MOVLB  0
0C5C0:  CALL   7DDE
0C5C4:  MOVFF  03,16C
0C5C8:  MOVFF  02,16B
0C5CC:  MOVFF  01,16A
0C5D0:  MOVFF  00,169
.................... 			tempo2=(float)tempos2[0]*100; 
0C5D4:  MOVFF  88,1AD
0C5D8:  MOVFF  87,1AC
0C5DC:  MOVFF  86,1AB
0C5E0:  MOVFF  85,1AA
0C5E4:  CALL   7DA6
0C5E8:  MOVFF  00,180
0C5EC:  MOVFF  01,181
0C5F0:  MOVFF  02,182
0C5F4:  MOVFF  03,183
0C5F8:  MOVFF  03,1AD
0C5FC:  MOVFF  02,1AC
0C600:  MOVFF  01,1AB
0C604:  MOVFF  00,1AA
0C608:  MOVLB  1
0C60A:  CLRF   xB1
0C60C:  CLRF   xB0
0C60E:  MOVLW  48
0C610:  MOVWF  xAF
0C612:  MOVLW  85
0C614:  MOVWF  xAE
0C616:  MOVLB  0
0C618:  CALL   7F3C
0C61C:  MOVFF  03,170
0C620:  MOVFF  02,16F
0C624:  MOVFF  01,16E
0C628:  MOVFF  00,16D
.................... 			tempo2=(float)tempo2+tempo; 
0C62C:  BCF    FD8.1
0C62E:  MOVFF  170,1AD
0C632:  MOVFF  16F,1AC
0C636:  MOVFF  16E,1AB
0C63A:  MOVFF  16D,1AA
0C63E:  MOVFF  16C,1B1
0C642:  MOVFF  16B,1B0
0C646:  MOVFF  16A,1AF
0C64A:  MOVFF  169,1AE
0C64E:  CALL   8032
0C652:  MOVFF  03,170
0C656:  MOVFF  02,16F
0C65A:  MOVFF  01,16E
0C65E:  MOVFF  00,16D
.................... 			velocidade=(float)Larg/tempo2; 
0C662:  MOVFF  35,181
0C666:  MOVFF  34,180
0C66A:  CALL   82AA
0C66E:  MOVFF  00,180
0C672:  MOVFF  01,181
0C676:  MOVFF  02,182
0C67A:  MOVFF  03,183
0C67E:  MOVFF  03,1AD
0C682:  MOVFF  02,1AC
0C686:  MOVFF  01,1AB
0C68A:  MOVFF  00,1AA
0C68E:  MOVFF  170,1B1
0C692:  MOVFF  16F,1B0
0C696:  MOVFF  16E,1AF
0C69A:  MOVFF  16D,1AE
0C69E:  CALL   7DDE
0C6A2:  MOVFF  03,164
0C6A6:  MOVFF  02,163
0C6AA:  MOVFF  01,162
0C6AE:  MOVFF  00,161
.................... //			massa = (float)massa/1000; 
.................... 			energia=(float)massa*velocidade*velocidade/2; 
0C6B2:  MOVFF  37,181
0C6B6:  MOVFF  36,180
0C6BA:  CALL   82AA
0C6BE:  MOVFF  00,180
0C6C2:  MOVFF  01,181
0C6C6:  MOVFF  02,182
0C6CA:  MOVFF  03,183
0C6CE:  MOVFF  03,1AD
0C6D2:  MOVFF  02,1AC
0C6D6:  MOVFF  01,1AB
0C6DA:  MOVFF  00,1AA
0C6DE:  MOVFF  164,1B1
0C6E2:  MOVFF  163,1B0
0C6E6:  MOVFF  162,1AF
0C6EA:  MOVFF  161,1AE
0C6EE:  CALL   7F3C
0C6F2:  MOVFF  00,184
0C6F6:  MOVFF  01,185
0C6FA:  MOVFF  02,186
0C6FE:  MOVFF  03,187
0C702:  MOVFF  03,1AD
0C706:  MOVFF  02,1AC
0C70A:  MOVFF  01,1AB
0C70E:  MOVFF  00,1AA
0C712:  MOVFF  164,1B1
0C716:  MOVFF  163,1B0
0C71A:  MOVFF  162,1AF
0C71E:  MOVFF  161,1AE
0C722:  CALL   7F3C
0C726:  MOVFF  00,188
0C72A:  MOVFF  01,189
0C72E:  MOVFF  02,18A
0C732:  MOVFF  03,18B
0C736:  MOVFF  03,1AD
0C73A:  MOVFF  02,1AC
0C73E:  MOVFF  01,1AB
0C742:  MOVFF  00,1AA
0C746:  MOVLB  1
0C748:  CLRF   xB1
0C74A:  CLRF   xB0
0C74C:  CLRF   xAF
0C74E:  MOVLW  80
0C750:  MOVWF  xAE
0C752:  MOVLB  0
0C754:  CALL   7DDE
0C758:  MOVFF  03,168
0C75C:  MOVFF  02,167
0C760:  MOVFF  01,166
0C764:  MOVFF  00,165
.................... 			energia = energia / 1000;					//Divide por 1000 
0C768:  MOVFF  168,1AD
0C76C:  MOVFF  167,1AC
0C770:  MOVFF  166,1AB
0C774:  MOVFF  165,1AA
0C778:  MOVLB  1
0C77A:  CLRF   xB1
0C77C:  CLRF   xB0
0C77E:  MOVLW  7A
0C780:  MOVWF  xAF
0C782:  MOVLW  88
0C784:  MOVWF  xAE
0C786:  MOVLB  0
0C788:  CALL   7DDE
0C78C:  MOVFF  03,168
0C790:  MOVFF  02,167
0C794:  MOVFF  01,166
0C798:  MOVFF  00,165
.................... 														//para adequar a massa 
.................... 														//em kg 
.................... 			lcd_escreve_veloc(energia); 
0C79C:  MOVFF  168,187
0C7A0:  MOVFF  167,186
0C7A4:  MOVFF  166,185
0C7A8:  MOVFF  165,184
0C7AC:  CALL   83DA
.................... 			lcd_escreve("  J  "); 
0C7B0:  MOVLB  1
0C7B2:  CLRF   x80
0C7B4:  MOVF   x80,W
0C7B6:  MOVLB  0
0C7B8:  CALL   1FA0
0C7BC:  IORLW  00
0C7BE:  BZ    C7D2
0C7C0:  MOVLB  1
0C7C2:  INCF   x80,F
0C7C4:  MOVWF  xC1
0C7C6:  MOVLB  0
0C7C8:  CALL   265E
0C7CC:  MOVLB  1
0C7CE:  BRA    C7B4
0C7D0:  MOVLB  0
.................... 			flagEstado=selecEstado(61,tecla_valida); 
0C7D2:  MOVLB  1
0C7D4:  CLRF   x83
0C7D6:  MOVLW  3D
0C7D8:  MOVWF  x82
0C7DA:  MOVFF  28,184
0C7DE:  MOVLB  0
0C7E0:  CALL   2B28
0C7E4:  MOVFF  02,27
0C7E8:  MOVFF  01,26
.................... 			if(flagEstado==106) 
0C7EC:  MOVF   26,W
0C7EE:  SUBLW  6A
0C7F0:  BNZ   C7FA
0C7F2:  MOVF   27,F
0C7F4:  BNZ   C7FA
.................... 			{ 
.................... 				Modo=1; 
0C7F6:  MOVLW  01
0C7F8:  MOVWF  3A
.................... 			} 
.................... 			break; 
0C7FA:  MOVLB  1
0C7FC:  BRA    C7FE
....................  
.................... 	 
.................... 	} 
.................... } 
0C7FE:  MOVLB  0
0C800:  GOTO   C978 (RETURN)
....................  
....................  
....................  
....................  
.................... #define LCD_ENABLE_PIN PIN_D0 
.................... #define LCD_RS_PIN PIN_D1 
.................... #define LCD_RW_PIN PIN_D2 
....................  
....................  
....................  
....................  
.................... //caso ocorram outras interrupcoes 
.................... #int_default 
.................... void isr_default(){ 
....................  
.................... } 
....................  
.................... ///////////////////////  SENSORES ///////////////////////// 
.................... // interrupcao pela portaB <B4-B7> 
.................... // B4-B7 -> sensores S1 a S4 
.................... // interrupcao gerada pela acao de um sensor  
.................... // armazena valor da porta do teclado e zera flag 
....................  
*
00004:  GOTO   0074
.................... #INT_RB 
.................... void int_sensores(){ 
....................  
.................... //	int portab; 
.................... 	portab=*PORTB; 
*
01FC0:  MOVFF  F81,58
.................... 	if(Func==9){ 
01FC4:  MOVF   19,W
01FC6:  SUBLW  09
01FC8:  BNZ   1FF8
.................... 		if(sensor==1){ 
01FCA:  DECFSZ 39,W
01FCC:  BRA    1FF6
.................... 			if(portab&sensor1){ 
01FCE:  MOVF   58,W
01FD0:  ANDWF  3D,W
01FD2:  BZ    1FF6
.................... 				sensor=0; 
01FD4:  CLRF   39
.................... 				tempos[0]=timeCounter; 
01FD6:  MOVFF  48,5C
01FDA:  MOVFF  47,5B
01FDE:  MOVFF  46,5A
01FE2:  MOVFF  45,59
.................... 				tempos2[0]=timeCounter2; 
01FE6:  MOVFF  44,88
01FEA:  MOVFF  43,87
01FEE:  MOVFF  42,86
01FF2:  MOVFF  41,85
.................... 				 
.................... 			} 
.................... 	} 
.................... 	}else if(Func==1){ 
01FF6:  BRA    213A
01FF8:  DECFSZ 19,W
01FFA:  BRA    20B4
.................... 		if(portab&sensor1){ 
01FFC:  MOVF   58,W
01FFE:  ANDWF  3D,W
02000:  BZ    202A
.................... 			sensor=1; 
02002:  MOVLW  01
02004:  MOVWF  39
.................... 			tempos[0]=timeCounter; 
02006:  MOVFF  48,5C
0200A:  MOVFF  47,5B
0200E:  MOVFF  46,5A
02012:  MOVFF  45,59
.................... 			tempos2[0]=timeCounter2; 
02016:  MOVFF  44,88
0201A:  MOVFF  43,87
0201E:  MOVFF  42,86
02022:  MOVFF  41,85
.................... 			sensor1=0; 
02026:  CLRF   3D
.................... 		}else if(portab&sensor2){ 
02028:  BRA    20B2
0202A:  MOVF   58,W
0202C:  ANDWF  3E,W
0202E:  BZ    2058
.................... 			sensor=2; 
02030:  MOVLW  02
02032:  MOVWF  39
.................... 			tempos[1]=timeCounter; 
02034:  MOVFF  48,60
02038:  MOVFF  47,5F
0203C:  MOVFF  46,5E
02040:  MOVFF  45,5D
.................... 			tempos2[1]=timeCounter2; 
02044:  MOVFF  44,8C
02048:  MOVFF  43,8B
0204C:  MOVFF  42,8A
02050:  MOVFF  41,89
.................... 			sensor2=0; 
02054:  CLRF   3E
.................... 		}else if(portab&sensor3){ 
02056:  BRA    20B2
02058:  MOVF   58,W
0205A:  ANDWF  3F,W
0205C:  BZ    2086
.................... 			sensor=3; 
0205E:  MOVLW  03
02060:  MOVWF  39
.................... 			tempos[2]=timeCounter; 
02062:  MOVFF  48,64
02066:  MOVFF  47,63
0206A:  MOVFF  46,62
0206E:  MOVFF  45,61
.................... 			tempos2[2]=timeCounter2; 
02072:  MOVFF  44,90
02076:  MOVFF  43,8F
0207A:  MOVFF  42,8E
0207E:  MOVFF  41,8D
.................... 			sensor3=0; 
02082:  CLRF   3F
.................... 		}else if(portab&sensor4){ 
02084:  BRA    20B2
02086:  MOVF   58,W
02088:  ANDWF  40,W
0208A:  BZ    20B2
.................... 			sensor=4; 
0208C:  MOVLW  04
0208E:  MOVWF  39
.................... 			tempos[3]=timeCounter; 
02090:  MOVFF  48,68
02094:  MOVFF  47,67
02098:  MOVFF  46,66
0209C:  MOVFF  45,65
.................... 			tempos2[3]=timeCounter2; 
020A0:  MOVFF  44,94
020A4:  MOVFF  43,93
020A8:  MOVFF  42,92
020AC:  MOVFF  41,91
.................... 			sensor4=0; 
020B0:  CLRF   40
.................... 		} 
.................... 	}else if((Func==7)|(Func==8)){ 
020B2:  BRA    213A
020B4:  MOVF   19,W
020B6:  SUBLW  07
020B8:  BZ    20BE
020BA:  MOVLW  00
020BC:  BRA    20C0
020BE:  MOVLW  01
020C0:  MOVLB  1
020C2:  MOVWF  xCE
020C4:  MOVF   19,W
020C6:  SUBLW  08
020C8:  BZ    20CE
020CA:  MOVLW  00
020CC:  BRA    20D0
020CE:  MOVLW  01
020D0:  IORWF  xCE,W
020D2:  BZ    2138
.................... 		if(flagEstado==703){ 
020D4:  MOVF   26,W
020D6:  SUBLW  BF
020D8:  BNZ   2138
020DA:  MOVF   27,W
020DC:  SUBLW  02
020DE:  BNZ   2138
.................... 			if(portab&sensor1){	 
020E0:  MOVF   58,W
020E2:  ANDWF  3D,W
020E4:  BZ    2138
.................... 				S1tempos[passag2]=(int32)timeCounter; 
020E6:  MOVF   2A,W
020E8:  MULLW  04
020EA:  MOVF   FF3,W
020EC:  CLRF   03
020EE:  ADDLW  B1
020F0:  MOVWF  FE9
020F2:  MOVLW  00
020F4:  ADDWFC 03,W
020F6:  MOVWF  FEA
020F8:  MOVFF  45,FEF
020FC:  MOVFF  46,FEC
02100:  MOVFF  47,FEC
02104:  MOVFF  48,FEC
.................... 				S1tempos2[passag2]=timeCounter2; 
02108:  MOVF   2A,W
0210A:  MULLW  04
0210C:  MOVF   FF3,W
0210E:  CLRF   03
02110:  ADDLW  DD
02112:  MOVWF  FE9
02114:  MOVLW  00
02116:  ADDWFC 03,W
02118:  MOVWF  FEA
0211A:  MOVFF  41,FEF
0211E:  MOVFF  42,FEC
02122:  MOVFF  43,FEC
02126:  MOVFF  44,FEC
.................... 				passag2++; 
0212A:  INCF   2A,F
.................... 				if (passag2==10){ 
0212C:  MOVF   2A,W
0212E:  SUBLW  0A
02130:  BNZ   2138
.................... 					disable_interrupts(INT_RB); 
02132:  BCF    FF2.3
.................... 					flagFimS1=1; 
02134:  MOVLW  01
02136:  MOVWF  54
02138:  MOVLB  0
.................... 					//flagEstado=106;	 
.................... 				} 
.................... 			} 
.................... 		} 
.................... 	} 
.................... 	bit_clear(*INTCON,0);			//clear_interrupt(INT_RB); 
0213A:  BCF    FF2.0
....................  
.................... } 
....................  
.................... // interrupcao pela INT externa <RB0>   
.................... // B0 -> sensores S0 ou Bobina 
.................... // interrupcao gerada pela acao de um sensor  
.................... // armazena valor da porta do teclado e zera flag 
0213C:  BCF    FF2.0
0213E:  GOTO   0074
.................... #INT_EXT 
.................... void int_sensorS0(){ 
....................  
.................... 	int portab; 
.................... 	 
.................... 	portab=*PORTB; 
*
021BA:  MOVFF  F81,1CE
.................... 	 
.................... 	if (flagEstado==100){ 
021BE:  MOVF   26,W
021C0:  SUBLW  64
021C2:  BNZ   2206
021C4:  MOVF   27,F
021C6:  BNZ   2206
.................... 		if(Func==9){ 
021C8:  MOVF   19,W
021CA:  SUBLW  09
021CC:  BNZ   21DE
.................... 			startTimer(); 
021CE:  RCALL  2142
.................... 			msg_zeraTimer(); 
021D0:  RCALL  2178
.................... 			sensor=1; 
021D2:  MOVLW  01
021D4:  MOVWF  39
.................... 			flagEstado=101;	 
021D6:  CLRF   27
021D8:  MOVLW  65
021DA:  MOVWF  26
.................... 			 
.................... 		//timeCounter=0;										// cronometragem 
.................... 			 
.................... 		}else{ 
021DC:  BRA    2206
.................... 			startTimer(); 
021DE:  RCALL  2142
.................... 			sensor=0; 
021E0:  CLRF   39
.................... 			msg_zeraTimer(); 
021E2:  RCALL  2178
.................... 			if(Func==3){  
021E4:  MOVF   19,W
021E6:  SUBLW  03
021E8:  BNZ   21F6
.................... 				timeCounter=700; 
021EA:  CLRF   48
021EC:  CLRF   47
021EE:  MOVLW  02
021F0:  MOVWF  46
021F2:  MOVLW  BC
021F4:  MOVWF  45
.................... 			} 
.................... 			flagEstado=101;	 
021F6:  CLRF   27
021F8:  MOVLW  65
021FA:  MOVWF  26
.................... 			passag=0; 
021FC:  CLRF   29
.................... 			passag2=0; 
021FE:  CLRF   2A
.................... 			despresa=0; 
02200:  CLRF   3B
.................... 			flagFimS0=0; 
02202:  CLRF   53
.................... 			flagFimS1=0; 
02204:  CLRF   54
.................... 		} 
.................... 	} 
.................... 	if (Func==2) 
02206:  MOVF   19,W
02208:  SUBLW  02
0220A:  BNZ   2244
.................... 		{ 
.................... 		ext_int_edge(0,H_TO_L);  
0220C:  BCF    FF1.6
.................... 		bit_clear(*INTCON,1);	 
0220E:  BCF    FF2.1
.................... 	 
.................... 		//borda de descida do sensor em F2 
.................... 		if (flagEstado==202) 
02210:  MOVF   26,W
02212:  SUBLW  CA
02214:  BNZ   2244
02216:  MOVF   27,F
02218:  BNZ   2244
.................... 		{ 
.................... 				stopTimer(); 
0221A:  RCALL  2192
.................... 				tempos[0]=timeCounter; 
0221C:  MOVFF  48,5C
02220:  MOVFF  47,5B
02224:  MOVFF  46,5A
02228:  MOVFF  45,59
.................... 				tempos2[0]=timeCounter2; 
0222C:  MOVFF  44,88
02230:  MOVFF  43,87
02234:  MOVFF  42,86
02238:  MOVFF  41,85
....................  
.................... 				flagEstado=106;	 
0223C:  CLRF   27
0223E:  MOVLW  6A
02240:  MOVWF  26
.................... 				ext_int_edge(0,H_TO_L); 
02242:  BCF    FF1.6
.................... 				 
.................... 		} 
.................... 		 
.................... 	} 
....................  
.................... 	if (Func==12) 
02244:  MOVF   19,W
02246:  SUBLW  0C
02248:  BNZ   2282
.................... 	{ 
.................... 		ext_int_edge(0,H_TO_L);  
0224A:  BCF    FF1.6
.................... 		bit_clear(*INTCON,1);	 
0224C:  BCF    FF2.1
.................... 	 
.................... 		//borda de descida do sensor em F12 
.................... 		if (flagEstado==202) 
0224E:  MOVF   26,W
02250:  SUBLW  CA
02252:  BNZ   2282
02254:  MOVF   27,F
02256:  BNZ   2282
.................... 		{ 
.................... 				stopTimer(); 
02258:  RCALL  2192
.................... 				tempos[0]=timeCounter; 
0225A:  MOVFF  48,5C
0225E:  MOVFF  47,5B
02262:  MOVFF  46,5A
02266:  MOVFF  45,59
.................... 				tempos2[0]=timeCounter2; 
0226A:  MOVFF  44,88
0226E:  MOVFF  43,87
02272:  MOVFF  42,86
02276:  MOVFF  41,85
....................  
.................... 				flagEstado=106;	 
0227A:  CLRF   27
0227C:  MOVLW  6A
0227E:  MOVWF  26
.................... 				ext_int_edge(0,H_TO_L); 
02280:  BCF    FF1.6
.................... 				 
.................... 		} 
.................... 	}	 
....................  
....................  
....................  
.................... 		if(flagEstado==302){ 
02282:  MOVF   26,W
02284:  SUBLW  2E
02286:  BNZ   22F8
02288:  DECFSZ 27,W
0228A:  BRA    22F8
.................... 				 
.................... 			tempos[passag]=(int32)timeCounter; 
0228C:  MOVF   29,W
0228E:  MULLW  04
02290:  MOVF   FF3,W
02292:  CLRF   03
02294:  ADDLW  59
02296:  MOVWF  FE9
02298:  MOVLW  00
0229A:  ADDWFC 03,W
0229C:  MOVWF  FEA
0229E:  MOVFF  45,FEF
022A2:  MOVFF  46,FEC
022A6:  MOVFF  47,FEC
022AA:  MOVFF  48,FEC
.................... 			tempos2[passag]=timeCounter2; 
022AE:  MOVF   29,W
022B0:  MULLW  04
022B2:  MOVF   FF3,W
022B4:  CLRF   03
022B6:  ADDLW  85
022B8:  MOVWF  FE9
022BA:  MOVLW  00
022BC:  ADDWFC 03,W
022BE:  MOVWF  FEA
022C0:  MOVFF  41,FEF
022C4:  MOVFF  42,FEC
022C8:  MOVFF  43,FEC
022CC:  MOVFF  44,FEC
.................... 			passag++; 
022D0:  INCF   29,F
.................... 			if(Func==6){ 
022D2:  MOVF   19,W
022D4:  SUBLW  06
022D6:  BNZ   22E8
.................... 				timeCounter=0; 
022D8:  CLRF   48
022DA:  CLRF   47
022DC:  CLRF   46
022DE:  CLRF   45
.................... 				timeCounter2=0; 
022E0:  CLRF   44
022E2:  CLRF   43
022E4:  CLRF   42
022E6:  CLRF   41
.................... 			} 
.................... 			if (passag==numInt){ 
022E8:  MOVF   2B,W
022EA:  SUBWF  29,W
022EC:  BNZ   22F8
.................... 				sensores_desab(); 
022EE:  RCALL  2188
.................... 				stopTimer(); 
022F0:  RCALL  2192
.................... 				flagEstado=106;	 
022F2:  CLRF   27
022F4:  MOVLW  6A
022F6:  MOVWF  26
.................... 			} 
.................... 		} 
.................... 			 
.................... 		if(flagEstado==402){ 
022F8:  MOVF   26,W
022FA:  SUBLW  92
022FC:  BNZ   2374
022FE:  DECFSZ 27,W
02300:  BRA    2374
.................... 			if (despresa==1){ 
02302:  DECFSZ 3B,W
02304:  BRA    2370
.................... 				tempos[passag]=(int32)timeCounter; 
02306:  MOVF   29,W
02308:  MULLW  04
0230A:  MOVF   FF3,W
0230C:  CLRF   03
0230E:  ADDLW  59
02310:  MOVWF  FE9
02312:  MOVLW  00
02314:  ADDWFC 03,W
02316:  MOVWF  FEA
02318:  MOVFF  45,FEF
0231C:  MOVFF  46,FEC
02320:  MOVFF  47,FEC
02324:  MOVFF  48,FEC
.................... 				tempos2[passag]=timeCounter2; 
02328:  MOVF   29,W
0232A:  MULLW  04
0232C:  MOVF   FF3,W
0232E:  CLRF   03
02330:  ADDLW  85
02332:  MOVWF  FE9
02334:  MOVLW  00
02336:  ADDWFC 03,W
02338:  MOVWF  FEA
0233A:  MOVFF  41,FEF
0233E:  MOVFF  42,FEC
02342:  MOVFF  43,FEC
02346:  MOVFF  44,FEC
.................... 				passag++; 
0234A:  INCF   29,F
.................... 				timeCounter=0; 
0234C:  CLRF   48
0234E:  CLRF   47
02350:  CLRF   46
02352:  CLRF   45
.................... 				timeCounter2=0; 
02354:  CLRF   44
02356:  CLRF   43
02358:  CLRF   42
0235A:  CLRF   41
.................... 				if (passag==10){ 
0235C:  MOVF   29,W
0235E:  SUBLW  0A
02360:  BNZ   236C
.................... 					sensores_desab(); 
02362:  RCALL  2188
.................... 					stopTimer(); 
02364:  RCALL  2192
.................... 					flagEstado=106;	 
02366:  CLRF   27
02368:  MOVLW  6A
0236A:  MOVWF  26
.................... 				} 
.................... 				despresa=0; 
0236C:  CLRF   3B
.................... 			}else{ 
0236E:  BRA    2374
.................... 				despresa=1; 
02370:  MOVLW  01
02372:  MOVWF  3B
.................... 			} 
.................... 		} 
.................... 		 
.................... 		if (flagEstado==503){ 
02374:  MOVF   26,W
02376:  SUBLW  F7
02378:  BNZ   23AA
0237A:  DECFSZ 27,W
0237C:  BRA    23AA
.................... 			tempos[0]=timeCounter; 
0237E:  MOVFF  48,5C
02382:  MOVFF  47,5B
02386:  MOVFF  46,5A
0238A:  MOVFF  45,59
.................... 			tempos2[0]=timeCounter2; 
0238E:  MOVFF  44,88
02392:  MOVFF  43,87
02396:  MOVFF  42,86
0239A:  MOVFF  41,85
.................... 			stopTimer(); 
0239E:  RCALL  2192
.................... 			//Modo=2; 
.................... 			flagEstado=504; 
023A0:  MOVLW  01
023A2:  MOVWF  27
023A4:  MOVLW  F8
023A6:  MOVWF  26
.................... 			setup_adc( ADC_OFF ); 
023A8:  BCF    FC2.0
.................... 				 
.................... 		} 
.................... 	 
.................... 		if(flagEstado==702){ 
023AA:  MOVF   26,W
023AC:  SUBLW  BE
023AE:  BNZ   241A
023B0:  MOVF   27,W
023B2:  SUBLW  02
023B4:  BNZ   241A
.................... 				 
.................... 					tempos[passag]=(int32)timeCounter; 
023B6:  MOVF   29,W
023B8:  MULLW  04
023BA:  MOVF   FF3,W
023BC:  CLRF   03
023BE:  ADDLW  59
023C0:  MOVWF  FE9
023C2:  MOVLW  00
023C4:  ADDWFC 03,W
023C6:  MOVWF  FEA
023C8:  MOVFF  45,FEF
023CC:  MOVFF  46,FEC
023D0:  MOVFF  47,FEC
023D4:  MOVFF  48,FEC
.................... 					tempos2[passag]=timeCounter2; 
023D8:  MOVF   29,W
023DA:  MULLW  04
023DC:  MOVF   FF3,W
023DE:  CLRF   03
023E0:  ADDLW  85
023E2:  MOVWF  FE9
023E4:  MOVLW  00
023E6:  ADDWFC 03,W
023E8:  MOVWF  FEA
023EA:  MOVFF  41,FEF
023EE:  MOVFF  42,FEC
023F2:  MOVFF  43,FEC
023F6:  MOVFF  44,FEC
.................... 					passag++; 
023FA:  INCF   29,F
.................... 					if (passag==10){ 
023FC:  MOVF   29,W
023FE:  SUBLW  0A
02400:  BNZ   241A
.................... 						passag2=0; 
02402:  CLRF   2A
.................... 						passag=0; 
02404:  CLRF   29
.................... 						flagEstado=703;	 
02406:  MOVLW  02
02408:  MOVWF  27
0240A:  MOVLW  BF
0240C:  MOVWF  26
.................... 						if(Func==7){ 
0240E:  MOVF   19,W
02410:  SUBLW  07
02412:  BNZ   241A
.................... 							disable_interrupts(INT_EXT); 
02414:  BCF    FF2.4
.................... 							flagFimS0=1; 
02416:  MOVLW  01
02418:  MOVWF  53
.................... 						} 
.................... 					} 
.................... 			 
.................... 		} 
.................... 		if(flagEstado==703){ 
0241A:  MOVF   26,W
0241C:  SUBLW  BF
0241E:  BNZ   247E
02420:  MOVF   27,W
02422:  SUBLW  02
02424:  BNZ   247E
.................... 				if(Func==8){ 
02426:  MOVF   19,W
02428:  SUBLW  08
0242A:  BNZ   247E
.................... 						S0vtempos[passag]=(int32)timeCounter; 
0242C:  MOVF   29,W
0242E:  MULLW  04
02430:  MOVF   FF3,W
02432:  CLRF   03
02434:  ADDLW  09
02436:  MOVWF  FE9
02438:  MOVLW  01
0243A:  ADDWFC 03,W
0243C:  MOVWF  FEA
0243E:  MOVFF  45,FEF
02442:  MOVFF  46,FEC
02446:  MOVFF  47,FEC
0244A:  MOVFF  48,FEC
.................... 						S0vtempos2[passag]=timeCounter2; 
0244E:  MOVF   29,W
02450:  MULLW  04
02452:  MOVF   FF3,W
02454:  CLRF   03
02456:  ADDLW  35
02458:  MOVWF  FE9
0245A:  MOVLW  01
0245C:  ADDWFC 03,W
0245E:  MOVWF  FEA
02460:  MOVFF  41,FEF
02464:  MOVFF  42,FEC
02468:  MOVFF  43,FEC
0246C:  MOVFF  44,FEC
.................... 						passag++; 
02470:  INCF   29,F
.................... 						if (passag==10){ 
02472:  MOVF   29,W
02474:  SUBLW  0A
02476:  BNZ   247E
.................... 							 
.................... 							disable_interrupts(INT_EXT); 
02478:  BCF    FF2.4
.................... 							flagFimS0=1; 
0247A:  MOVLW  01
0247C:  MOVWF  53
.................... 						} 
.................... 				}			 
.................... 		} 
.................... 	 
.................... } 
....................  
.................... /////////////////////////////////////////////////////////////// 
.................... //             TIMER 1 
.................... //	cronometragem de eventos dos sensores 
.................... // incrementa timeCounter a cada 1ms 
....................  
0247E:  BCF    FF2.1
02480:  GOTO   0074
.................... #int_timer1                      
.................... void clock1_isr() {				 
.................... 	 
.................... 	 
.................... 	set_timer1(65284);		/// 50us	 
02484:  MOVLW  FF
02486:  MOVWF  FCF
02488:  MOVLW  04
0248A:  MOVWF  FCE
.................... 	//set_timer1(65000); 
.................... 	if(timeCounter==10000) 
0248C:  MOVF   45,W
0248E:  SUBLW  10
02490:  BNZ   24B4
02492:  MOVF   46,W
02494:  SUBLW  27
02496:  BNZ   24B4
02498:  MOVF   47,F
0249A:  BNZ   24B4
0249C:  MOVF   48,F
0249E:  BNZ   24B4
.................... 	{ 
.................... 		timeCounter=0; 
024A0:  CLRF   48
024A2:  CLRF   47
024A4:  CLRF   46
024A6:  CLRF   45
.................... 		timeCounter2=timeCounter2+1; 
024A8:  MOVLW  01
024AA:  ADDWF  41,F
024AC:  MOVLW  00
024AE:  ADDWFC 42,F
024B0:  ADDWFC 43,F
024B2:  ADDWFC 44,F
.................... 	} 
.................... 	timeCounter=timeCounter+5; 
024B4:  MOVLW  05
024B6:  ADDWF  45,F
024B8:  MOVLW  00
024BA:  ADDWFC 46,F
024BC:  ADDWFC 47,F
024BE:  ADDWFC 48,F
.................... 	centmili=centmili+5; 
024C0:  MOVLW  05
024C2:  ADDWF  1A,F
.................... 	 
.................... 	if (centmili==10) 
024C4:  MOVF   1A,W
024C6:  SUBLW  0A
024C8:  BNZ   2508
.................... 	{ 
.................... 		centmili=0; 
024CA:  CLRF   1A
.................... 		decmili++; 
024CC:  INCF   1B,F
.................... 		if (decmili==10) 
024CE:  MOVF   1B,W
024D0:  SUBLW  0A
024D2:  BNZ   2508
.................... 		{ 
.................... 			decmili=0; 
024D4:  CLRF   1B
.................... 			mili++; 
024D6:  INCF   1C,F
.................... 			if (mili==10) 
024D8:  MOVF   1C,W
024DA:  SUBLW  0A
024DC:  BNZ   2508
.................... 			{ 
.................... 				mili=0; 
024DE:  CLRF   1C
.................... 				centi++; 
024E0:  INCF   1D,F
.................... 				if (centi==10) 
024E2:  MOVF   1D,W
024E4:  SUBLW  0A
024E6:  BNZ   2508
.................... 				{ 
.................... 					centi=0; 
024E8:  CLRF   1D
.................... 					deci++; 
024EA:  INCF   1E,F
.................... 					 
.................... 					if (deci==10) 
024EC:  MOVF   1E,W
024EE:  SUBLW  0A
024F0:  BNZ   2508
.................... 					{ 
.................... 						deci=0; 
024F2:  CLRF   1E
.................... 						sec++; 
024F4:  INCF   1F,F
.................... 						if (sec==10) 
024F6:  MOVF   1F,W
024F8:  SUBLW  0A
024FA:  BNZ   2508
.................... 						{ 
.................... 							sec=0; 
024FC:  CLRF   1F
.................... 							decisec++; 
024FE:  INCF   20,F
.................... 							//Adicionado teste para a variavel decisec 
.................... 							//zerar apos chegar a 10 
.................... 							//Fabio Bairros - 22/01/2014 
.................... 							if(decisec == 10) 
02500:  MOVF   20,W
02502:  SUBLW  0A
02504:  BNZ   2508
.................... 							{ 
.................... 								decisec = 0; 
02506:  CLRF   20
.................... 							} 
.................... 						} 
.................... 					} 
.................... 				} 
.................... 			} 
.................... 		} 
.................... 	} 
.................... } 
....................  
....................  
.................... //----------------------------------FIM INTERRUPCAO----------------------------------- 
....................  
....................  
....................  
....................  
02508:  BCF    F9E.0
0250A:  GOTO   0074
.................... void main() 
.................... { 
*
0C804:  CLRF   FF8
0C806:  BCF    FD0.7
0C808:  BSF    0D.7
0C80A:  CLRF   FEA
0C80C:  CLRF   FE9
0C80E:  MOVF   FC1,W
0C810:  ANDLW  C0
0C812:  IORLW  0F
0C814:  MOVWF  FC1
0C816:  MOVLW  07
0C818:  MOVWF  FB4
0C81A:  CLRF   19
0C81C:  MOVLW  19
0C81E:  MOVWF  22
0C820:  CLRF   23
0C822:  CLRF   25
0C824:  CLRF   26
0C826:  CLRF   27
0C828:  CLRF   29
0C82A:  CLRF   2A
0C82C:  MOVLW  01
0C82E:  MOVWF  2B
0C830:  CLRF   2C
0C832:  CLRF   2D
0C834:  CLRF   2E
0C836:  CLRF   2F
0C838:  CLRF   30
0C83A:  CLRF   31
0C83C:  CLRF   32
0C83E:  CLRF   33
0C840:  CLRF   34
0C842:  CLRF   35
0C844:  CLRF   36
0C846:  CLRF   37
0C848:  MOVLW  08
0C84A:  MOVWF  38
0C84C:  CLRF   53
0C84E:  CLRF   54
0C850:  CLRF   56
0C852:  CLRF   57
0C854:  CLRF   58
0C856:  MOVLB  1
0C858:  CLRF   x65
0C85A:  CLRF   x66
0C85C:  CLRF   x67
0C85E:  CLRF   x68
....................    int1 loop; 
....................    
....................  
.................... 	enable_interrupts(GLOBAL); 
0C860:  MOVLW  C0
0C862:  IORWF  FF2,F
.................... 	setup_adc_ports(NO_ANALOGS); 
0C864:  MOVF   FC1,W
0C866:  ANDLW  C0
0C868:  IORLW  0F
0C86A:  MOVWF  FC1
.................... 	setup_adc(ADC_OFF); 
0C86C:  BCF    FC2.0
.................... 	setup_psp(PSP_DISABLED); 
0C86E:  BCF    F96.4
.................... 	setup_spi(SPI_SS_DISABLED); 
0C870:  BCF    FC6.5
0C872:  BCF    F94.5
0C874:  BSF    F94.4
0C876:  BCF    F94.3
0C878:  MOVLW  01
0C87A:  MOVWF  FC6
0C87C:  MOVLW  00
0C87E:  MOVWF  FC7
.................... 	setup_timer_0(RTCC_INTERNAL|RTCC_DIV_1); 
0C880:  MOVLW  88
0C882:  MOVWF  FD5
....................   
.................... 	setup_timer_1(T1_INTERNAL | T1_DIV_BY_1 ); 
0C884:  MOVLW  85
0C886:  MOVWF  FCD
....................  	setup_timer_1(T1_DISABLED); 
0C888:  CLRF   FCD
.................... 	//setup_timer_2( T2_DIV_BY_16, 0xFF, 16); 
.................... 	setup_timer_2(T2_DISABLED,0,1); 
0C88A:  MOVLW  00
0C88C:  MOVWF  FCA
0C88E:  MOVLW  00
0C890:  MOVWF  FCB
....................  
.................... // INICIALIZA LCD 
....................    lcd_init(); 
0C892:  MOVLB  0
0C894:  GOTO   25B4
.................... 	 
.................... 	 
.................... // TELAS INICIAIS  comentadas devido ao tamanho do software 
.................... 	loop=1; 
0C898:  MOVLB  1
0C89A:  BSF    x7D.0
....................      
.................... // INICIALIZA TECLADO     
....................    flagTeclado=0; 
0C89C:  CLRF   25
.................... 	 
.................... 	Modo=0;			// inicial 
0C89E:  CLRF   3A
.................... 	flag_funcao_5 = 0; 
0C8A0:  CLRF   57
....................  
.................... 	telaInicial_1(); 
0C8A2:  MOVLB  0
0C8A4:  GOTO   267E
.................... 	delay_ms(2000); 
0C8A8:  MOVLW  08
0C8AA:  MOVLB  1
0C8AC:  MOVWF  x7E
0C8AE:  MOVLW  FA
0C8B0:  MOVWF  x83
0C8B2:  MOVLB  0
0C8B4:  CALL   26C6
0C8B8:  MOVLB  1
0C8BA:  DECFSZ x7E,F
0C8BC:  BRA    C8AE
.................... 	while (loop){ 
0C8BE:  BTFSS  x7D.0
0C8C0:  BRA    C8E4
.................... 		tela990(); 
0C8C2:  MOVLB  0
0C8C4:  CALL   26F0
.................... 		verificaTeclado(); 
0C8C8:  CALL   2872
.................... 		loop=selecEstado990(tecla_valida); 
0C8CC:  MOVFF  28,17E
0C8D0:  GOTO   28C8
0C8D4:  BTFSC  01.0
0C8D6:  BRA    C8DE
0C8D8:  MOVLB  1
0C8DA:  BCF    x7D.0
0C8DC:  BRA    C8E2
0C8DE:  MOVLB  1
0C8E0:  BSF    x7D.0
.................... 	} 
0C8E2:  BRA    C8BE
.................... 	 
.................... 	telaInicial_2(); 
0C8E4:  MOVLB  0
0C8E6:  GOTO   2914
.................... 	delay_ms(2000); 
0C8EA:  MOVLW  08
0C8EC:  MOVLB  1
0C8EE:  MOVWF  x7E
0C8F0:  MOVLW  FA
0C8F2:  MOVWF  x83
0C8F4:  MOVLB  0
0C8F6:  CALL   26C6
0C8FA:  MOVLB  1
0C8FC:  DECFSZ x7E,F
0C8FE:  BRA    C8F0
....................  
.................... 	flagTeclado=0; 
0C900:  CLRF   25
.................... 	loop=1; 
0C902:  BSF    x7D.0
.................... 	tela0(); 
0C904:  MOVLB  0
0C906:  CALL   29F8
....................     flagEstado=0; 
0C90A:  CLRF   27
0C90C:  CLRF   26
.................... 	tecla_valida='2'; 
0C90E:  MOVLW  32
0C910:  MOVWF  28
.................... 	while (loop){ 
0C912:  MOVLB  1
0C914:  BTFSS  x7D.0
0C916:  BRA    C994
.................... 		 
.................... 		verificaTeclado(); 
0C918:  MOVLB  0
0C91A:  CALL   2872
.................... 		if(tecla_valida=='B'){ 
0C91E:  MOVF   28,W
0C920:  SUBLW  42
0C922:  BNZ   C942
.................... 			Modo=0; 
0C924:  CLRF   3A
.................... 			flag_funcao_5 = 0; 
0C926:  CLRF   57
.................... 			flagTeclado=0; 
0C928:  CLRF   25
.................... 			flagEstado=0; 
0C92A:  CLRF   27
0C92C:  CLRF   26
0C92E:  CLRF   18
0C930:  BTFSC  FF2.7
0C932:  BSF    18.7
0C934:  BCF    FF2.7
.................... 			stopTimer(); 
0C936:  CALL   2192
0C93A:  BTFSC  18.7
0C93C:  BSF    FF2.7
.................... 			modo0_zera_valores(); 
0C93E:  CALL   2ADA
.................... 		} 
.................... 		if (Modo==0){ 
0C942:  MOVF   3A,F
0C944:  BNZ   C954
.................... 			EstadoModo0(flagEstado); 
0C946:  MOVFF  27,17F
0C94A:  MOVFF  26,17E
0C94E:  GOTO   53B8
.................... 		}else if(Modo==1){ 
0C952:  BRA    C978
0C954:  DECFSZ 3A,W
0C956:  BRA    C966
.................... 			EstadoModo1(flagEstado); 
0C958:  MOVFF  27,17F
0C95C:  MOVFF  26,17E
0C960:  GOTO   688E
.................... 		}else if(Modo==2){ 
0C964:  BRA    C978
0C966:  MOVF   3A,W
0C968:  SUBLW  02
0C96A:  BNZ   C978
.................... 			EstadoModo2(flagEstado); 
0C96C:  MOVFF  27,17F
0C970:  MOVFF  26,17E
0C974:  GOTO   9AAC
.................... 		} 
....................  
.................... 		if(flagEstado==0){ 
0C978:  MOVF   26,F
0C97A:  BNZ   C990
0C97C:  MOVF   27,F
0C97E:  BNZ   C990
0C980:  CLRF   18
0C982:  BTFSC  FF2.7
0C984:  BSF    18.7
0C986:  BCF    FF2.7
.................... 			stopTimer(); 
0C988:  CALL   2192
0C98C:  BTFSC  18.7
0C98E:  BSF    FF2.7
.................... 		} 
....................  
.................... 	} 
0C990:  BRA    C912
0C992:  MOVLB  1
.................... } 
0C994:  SLEEP 

Configuration Fuses:
   Word  1: 0200   HS NOIESO NOFCMEN RESERVED
   Word  2: 1E1F   BROWNOUT NOWDT BORV21 NOPUT WDT32768
   Word  3: 8300   CCP2C1 PBADEN NOLPT1OSC MCLR RESERVED
   Word  4: 0081   STVREN NODEBUG NOLVP NOXINST RESERVED
   Word  5: 0000   PROTECT CPD CPB
   Word  6: E00F   NOWRT NOWRTD NOWRTC NOWRTB
   Word  7: 400F   NOEBTR NOEBTRB
